0.00000E+0,0.00000E+0,1.20000E-2,2.40000E-2,3.60000E-2,4.80000E-2,6.00000E-2,7.20000E-2,8.40000E-2,9.60000E-2,1.08000E-1,1.20000E-1,1.32000E-1,1.44000E-1,1.56000E-1,1.68000E-1,1.80000E-1,1.92000E-1,2.04000E-1,2.16000E-1,2.28000E-1,2.40000E-1,2.52000E-1,2.64000E-1,2.76000E-1,2.88000E-1,3.00000E-1,3.12000E-1,3.24000E-1,3.36000E-1,3.48000E-1,3.60000E-1,3.72000E-1,3.84000E-1,3.96000E-1,4.08000E-1,4.20000E-1,4.32000E-1,4.44000E-1,4.56000E-1,4.68000E-1,4.80000E-1,4.92000E-1,5.04000E-1,5.16000E-1,5.28000E-1,5.40000E-1,5.52000E-1,5.64000E-1,5.76000E-1,5.88000E-1,6.00000E-1,6.12000E-1,6.24000E-1,6.36000E-1,6.48000E-1,6.60000E-1,6.72000E-1,6.84000E-1,6.96000E-1,7.08000E-1,7.20000E-1,7.32000E-1,7.44000E-1,7.56000E-1,7.68000E-1,7.80000E-1,7.92000E-1,8.04000E-1,8.16000E-1,8.28000E-1,8.40000E-1,8.52000E-1,8.64000E-1,8.76000E-1,8.88000E-1,9.00000E-1,9.12000E-1,9.24000E-1,9.36000E-1,9.48000E-1,9.60000E-1,9.72000E-1,9.84000E-1,9.96000E-1,1.03100E+0,1.06600E+0,1.10100E+0,1.13600E+0,1.17100E+0,1.20600E+0,1.24100E+0,1.27600E+0,1.31100E+0,1.34600E+0,1.38100E+0,1.41600E+0,1.45100E+0,1.48600E+0,1.52100E+0,1.55600E+0,1.59100E+0,1.62600E+0,1.66100E+0,1.69600E+0,1.73100E+0,1.76600E+0,1.80100E+0,1.83600E+0,1.87100E+0,1.90600E+0,1.94100E+0,1.97600E+0,2.01100E+0,2.04600E+0,2.08100E+0,2.11600E+0,2.15100E+0,2.18600E+0,2.22100E+0,2.25600E+0,2.29100E+0,2.32600E+0,2.36100E+0,2.39600E+0,2.43100E+0,2.46600E+0,2.50100E+0,2.53600E+0,2.57100E+0,2.60600E+0,2.64100E+0,2.67600E+0,2.71100E+0,2.74600E+0,2.78100E+0,2.81600E+0,2.85100E+0,2.88600E+0,2.92100E+0,2.95600E+0,2.99100E+0,3.09100E+0,3.19100E+0,3.29100E+0,3.39100E+0,3.49100E+0,3.59100E+0,3.69100E+0,3.79100E+0,3.89100E+0,3.99100E+0,4.09100E+0,4.19100E+0,4.29100E+0,4.39100E+0,4.49100E+0,4.59100E+0,4.69100E+0,4.79100E+0,4.89100E+0,4.99100E+0,5.49100E+0,5.99100E+0,6.49100E+0,6.99100E+0,7.49100E+0,7.99100E+0
7.45800E+2,1.00133E-3,6.17634E-2,2.79467E-2,-1.15224E-1,4.50281E-2,3.58665E-2,1.68298E-1,3.70943E-2,-1.59684E-1,-4.86336E-2,9.56220E-3,6.22345E-2,-8.02123E-2,1.55510E-1,-2.00550E-1,-1.21648E-1,7.28725E-2,2.48184E-1,3.02559E-3,-7.50212E-2,-5.87914E-2,-3.03906E-1,-7.89428E-2,-6.67330E-2,-1.48569E-1,-1.02693E-1,-1.32485E-1,-1.05161E-1,4.53629E-2,-1.18908E-1,-4.84881E-2,-1.60445E-2,3.49751E-2,5.54605E-2,4.77293E-2,5.77363E-2,-6.43885E-2,-1.95349E-3,8.01208E-2,2.44200E-1,7.11740E-2,-4.63917E-2,1.31003E-1,8.89107E-2,9.19066E-2,2.71958E-2,-2.67119E-2,-3.82064E-3,1.01718E-1,4.50344E-2,1.62925E-1,1.39140E-1,1.04824E-1,1.20500E-2,3.14033E-1,3.82459E-2,3.91602E-1,1.46333E-1,5.94543E-2,9.22088E-2,1.91016E-1,1.41228E-1,-1.23592E-2,5.46082E-2,3.61650E-2,1.61001E-1,-1.06144E-2,-2.04231E-1,-8.94791E-2,1.02328E-1,-3.48276E-2,-1.45132E-1,-5.29405E-3,2.00773E-2,6.63049E-2,3.25172E-2,-7.64418E-2,-7.01055E-2,9.80319E-2,-6.32086E-2,-6.46731E-2,-1.49937E-1,-7.86651E-3,-1.99758E-1,8.91547E-2,1.75786E-1,3.79168E-2,1.18092E-1,6.44645E-2,2.47452E-1,1.50734E-1,2.20559E-1,2.05115E-1,1.39162E-1,-1.54452E-2,1.15586E-1,-1.04796E-1,5.41835E-2,-9.86262E-2,2.03030E-1,2.43079E-1,7.40660E-2,4.13479E-1,2.69777E-1,3.99513E-2,2.59806E-1,1.69332E-1,2.84714E-1,3.18566E-1,2.52218E-1,1.95345E-1,2.71737E-1,2.42778E-1,1.95899E-1,3.22229E-1,1.64545E-1,2.69958E-1,2.93162E-1,2.64494E-1,2.45092E-1,1.32497E-1,2.23490E-1,8.20252E-2,1.79732E-1,9.65013E-2,2.55813E-1,1.51978E-1,2.73965E-1,2.19214E-1,3.32664E-1,2.84042E-1,2.92935E-1,2.74468E-2,6.14123E-2,2.44356E-1,2.54194E-1,1.71160E-1,2.31967E-1,4.08239E-1,1.11863E-1,2.72022E-1,3.37093E-1,4.31178E-1,2.89379E-1,1.25581E-1,3.44848E-2,1.74148E-1,3.36685E-1,2.35189E-1,1.25930E-1,2.93774E-1,1.26188E-1,3.48430E-1,1.66423E-1,1.43183E-1,1.14344E-1,9.48899E-2,3.05090E-2,1.14824E-1,3.22325E-1,2.85741E-1,2.74896E-1,8.83194E-2,3.72029E-1,2.01637E-1,2.38919E-1,3.28902E-1
7.49184E+2,4.53848E-2,-1.35752E-1,2.76776E-1,1.25834E-1,-3.69491E-2,-4.56537E-1,-1.35753E-1,1.41704E-1,1.48069E-1,1.52061E-1,-3.74447E-1,3.65622E-2,1.72468E-1,6.39699E-2,-2.33902E-2,1.52275E-1,-9.40456E-2,-3.15351E-1,3.11920E-2,5.36329E-2,2.37588E-1,1.88153E-1,1.09406E-1,-1.78482E-2,1.63190E-1,3.06808E-1,-3.81782E-2,-9.28654E-2,8.17023E-2,4.29391E-1,1.18147E-1,-2.32555E-1,1.98543E-1,-6.01674E-2,-1.17184E-1,-3.38387E-1,1.00085E-1,-3.84008E-1,-8.84075E-2,-5.13314E-1,-2.36165E-1,-3.47169E-1,-1.92396E-1,-3.84573E-1,-1.21609E-1,1.45913E-1,-6.63277E-2,-3.72689E-1,6.45176E-2,-1.47657E-1,-2.06470E-1,-2.00633E-1,-2.03448E-1,-9.21504E-2,-1.23032E-1,-1.87772E-1,-4.66631E-1,5.84667E-2,1.28511E-1,-3.14225E-1,-8.72883E-2,-1.10223E-1,-1.64311E-1,-1.20998E-1,2.62301E-3,-2.85639E-1,-2.59062E-1,2.03728E-1,-5.36897E-2,2.45840E-1,-6.79127E-2,3.60950E-2,-7.88927E-2,-1.58368E-1,-7.27811E-2,1.41016E-1,8.58846E-2,-2.46264E-1,-1.71274E-1,-1.06498E-1,-1.99517E-1,9.27076E-2,1.28022E-1,-9.26208E-2,-4.19220E-1,-5.97327E-2,-3.12478E-1,-2.27482E-1,-2.17812E-1,-3.66868E-1,-3.57367E-1,-1.49674E-1,-2.89292E-1,-2.04058E-1,-2.08890E-2,-1.22054E-1,-1.40621E-1,-3.42448E-1,-2.78243E-2,-2.22643E-1,-1.45998E-1,-4.37239E-1,-3.14381E-1,-3.08273E-1,-2.12270E-1,-5.56393E-1,-2.16216E-1,-6.34232E-1,-3.68550E-1,-2.72536E-1,-4.02311E-1,-2.75819E-1,-3.62559E-1,-2.77649E-1,-5.52661E-1,-1.79474E-1,-4.87498E-1,-2.69521E-1,-1.90881E-1,-3.84414E-1,-4.16726E-1,-3.41838E-1,-3.18397E-1,-1.50929E-1,-6.23797E-2,-2.34716E-1,-3.60274E-1,-2.39228E-1,-5.42849E-1,-5.59646E-1,-4.68435E-1,-5.05336E-1,-1.22449E-1,-2.77119E-1,-2.86419E-1,-2.57413E-1,-5.19545E-1,-4.73302E-1,-7.26324E-1,-9.29035E-2,-3.21004E-1,-4.34533E-1,-4.55598E-1,-6.08104E-1,-2.86997E-1,-2.75559E-1,-2.76310E-1,-5.46794E-1,-4.38943E-1,-2.89000E-1,-5.17228E-1,-3.19983E-1,-3.01816E-1,-5.63555E-1,-3.43809E-1,-2.91954E-1,-3.19064E-1,-4.13556E-1,-5.06874E-1,-3.17857E-1,-3.36479E-1,-2.47760E-1,-2.66180E-1,-2.18553E-1,-2.58200E-1,-3.00816E-1,-4.86360E-1
7.52569E+2,-7.66032E-2,-8.83033E-2,-1.39642E-1,4.59622E-2,-1.49802E-2,3.18205E-2,2.19479E-2,6.29185E-2,4.37747E-1,6.98480E-2,-6.14644E-2,-8.37834E-2,-6.36633E-2,-2.02125E-1,6.03208E-2,9.62725E-2,1.69824E-2,-2.25289E-1,9.00826E-2,1.71443E-1,1.37360E-1,-1.45420E-2,2.53206E-1,-4.58954E-2,6.52788E-3,1.30145E-1,-4.01751E-2,9.61885E-3,9.03800E-2,1.46072E-1,1.01544E-1,-1.65570E-1,4.28731E-2,-1.16600E-1,-3.35959E-2,-2.44762E-1,-7.48400E-2,-8.02043E-2,5.77964E-2,-2.85844E-2,-2.07041E-1,-3.30512E-1,-2.98558E-1,-2.52840E-3,-1.07802E-1,-7.32160E-2,-1.90423E-1,-3.52841E-1,-9.32881E-2,7.22110E-3,-1.70862E-1,-1.82496E-1,-1.12252E-1,2.85522E-2,-3.34452E-1,-1.52433E-2,-3.19712E-1,-1.86012E-1,-1.43528E-1,-1.51308E-1,-1.74049E-1,-1.72285E-1,-5.98981E-2,-9.06638E-2,-8.26119E-3,-2.21242E-1,-5.05013E-2,3.11915E-1,1.76722E-2,2.69958E-2,2.20724E-2,1.65942E-1,-5.78755E-2,-3.40244E-2,-1.36868E-1,-2.93495E-2,-2.22875E-2,-1.93047E-1,4.94414E-2,-1.83612E-2,1.12946E-1,6.20994E-2,1.83860E-2,9.63304E-2,-1.47020E-1,-1.64023E-1,2.63133E-2,-2.66238E-1,-1.83035E-1,-4.34880E-1,-1.27918E-1,-8.58488E-2,-2.28421E-1,5.25043E-3,1.45013E-2,-1.46278E-1,5.26988E-2,-1.92399E-1,-1.00310E-1,-2.40705E-1,-2.17480E-1,-3.95356E-1,-3.93263E-1,-2.42755E-1,-1.63298E-1,-3.35431E-1,-3.01196E-1,-3.26960E-1,-1.48468E-1,-2.18175E-1,-3.44942E-1,-2.54633E-1,-3.77776E-1,-1.97137E-1,-2.58188E-1,-1.32223E-1,-1.63594E-1,-3.03333E-1,-2.02896E-1,-4.06703E-1,-2.39020E-1,-2.04304E-1,-3.50258E-1,-2.90665E-1,8.67867E-2,-2.41617E-1,1.88536E-2,-4.36791E-1,-3.78245E-1,-2.10206E-1,-4.54326E-1,-4.20451E-1,-3.16759E-1,-7.86510E-2,-8.18957E-2,-2.26083E-1,-4.42259E-1,-2.01452E-1,-4.25865E-1,-3.35939E-1,-2.52935E-1,-2.12460E-1,-1.95622E-1,-4.49633E-1,-3.22218E-1,-2.54114E-1,-1.80341E-1,-4.67957E-1,-3.87820E-1,-5.70818E-2,-2.91707E-1,-3.31400E-1,-3.42665E-1,-5.22268E-1,-2.97158E-1,-2.98600E-1,-2.14676E-1,-1.78523E-1,-6.54899E-1,-3.53937E-1,-1.45864E-1,-2.64554E-1,-1.14962E-1,-2.14452E-1,-3.73120E-1,-3.25600E-1,-4.50789E-1
7.55955E+2,-6.59247E-2,-7.39309E-2,-1.91764E-2,-1.02132E-2,3.06166E-2,-2.52739E-2,-4.12427E-2,3.22990E-2,1.00159E-1,1.24645E-1,4.33630E-2,3.69610E-3,-9.82868E-2,4.10232E-3,-4.83236E-3,4.13219E-2,-5.99513E-2,-7.61706E-2,2.88027E-2,8.99267E-2,1.74293E-2,-2.19077E-2,7.75649E-2,7.12743E-2,1.36308E-2,1.07196E-1,4.30119E-2,4.46077E-2,1.76532E-2,1.80903E-1,4.44635E-2,1.71100E-2,-4.77393E-2,-1.44302E-1,4.67082E-2,-3.42630E-2,-1.69045E-2,-3.78860E-2,-3.19577E-2,-6.99497E-2,-9.01845E-2,-7.72438E-2,-9.72651E-2,-1.91936E-2,-4.17851E-2,-1.84391E-2,2.98478E-2,-5.61335E-2,-7.52375E-2,1.96140E-2,-1.18347E-1,-1.58230E-1,-9.93116E-2,-1.22121E-2,-2.94974E-3,-6.43152E-2,-1.07080E-1,-6.04118E-2,3.91828E-2,-4.85091E-2,-5.15970E-2,-5.08176E-2,-5.31507E-2,-1.70385E-2,2.83585E-2,-6.04073E-2,-4.84760E-2,5.84763E-2,7.30435E-2,-1.18309E-2,2.59644E-2,9.12768E-2,9.77279E-2,-3.09514E-2,-1.09649E-2,6.73277E-2,-2.37367E-2,-2.59204E-2,3.66729E-3,-4.01055E-3,4.98421E-2,-1.54455E-2,8.22976E-4,6.30334E-2,-9.78429E-2,-3.12996E-2,-1.21078E-1,8.22446E-3,-1.02522E-1,1.15557E-2,-4.27214E-3,-1.18902E-1,-7.26330E-2,-1.81225E-2,-1.08227E-2,9.89848E-3,-4.10320E-2,2.14089E-2,-9.44711E-2,-9.82476E-2,-1.74541E-1,-5.51225E-2,-1.62887E-1,-1.25169E-1,-4.90759E-2,-1.14655E-1,-1.42318E-1,-5.26847E-2,-1.21152E-1,-6.93057E-2,-1.05895E-1,-1.62916E-1,-1.50190E-1,-7.86531E-2,-1.06535E-1,-1.31853E-2,-7.08579E-2,-1.23066E-1,-1.60869E-1,-1.36229E-1,-7.02293E-2,-1.18481E-1,-9.57960E-2,-4.32218E-2,-8.61590E-3,-1.19621E-1,-7.17407E-2,-6.38342E-2,-2.03241E-1,-1.43346E-1,-9.04646E-2,-9.44476E-2,1.00463E-3,-8.11864E-2,-8.06625E-2,-1.72979E-1,-1.59823E-1,-2.75678E-2,-8.09256E-2,-1.54694E-1,-8.80220E-2,-2.25986E-2,-1.40612E-1,-9.58340E-2,-9.39527E-2,-4.48964E-3,-1.95174E-2,-1.18701E-1,-5.68706E-2,-1.03148E-1,3.90789E-2,-4.78319E-2,1.20344E-2,-1.13375E-1,-2.63082E-2,-1.26194E-1,-8.99952E-2,5.73743E-3,-1.37327E-1,-6.68874E-2,-1.34182E-1,-3.54948E-2,-2.85298E-2,-1.40248E-2,-7.74024E-2,-1.17065E-1,-1.00542E-1
7.59341E+2,-3.02256E-2,5.11667E-3,3.35866E-2,-5.35301E-3,-1.47977E-2,1.14743E-2,1.65176E-2,-3.01403E-2,7.74229E-2,1.86285E-2,-4.66303E-2,-6.08021E-2,5.84556E-2,1.77612E-3,-3.50294E-2,-3.72095E-2,3.24617E-2,4.21340E-3,3.58149E-2,6.34256E-2,7.11134E-2,6.12796E-2,3.16752E-2,2.03596E-2,4.85266E-2,6.30463E-2,8.06026E-2,2.50476E-2,6.01830E-2,7.14269E-2,9.60332E-3,-3.27055E-2,1.86297E-2,-8.34156E-2,-2.88213E-2,3.49276E-2,-5.58634E-2,5.39533E-3,4.51487E-2,-4.42385E-2,-2.58385E-2,-1.08599E-2,-2.16692E-2,-2.29163E-2,-4.86755E-2,3.96648E-3,-3.07412E-2,-6.34977E-2,-1.08971E-2,-1.02843E-2,-6.11757E-2,-3.17589E-2,-3.21693E-2,-3.89652E-2,-6.20619E-2,2.08801E-2,-9.11881E-2,-2.94899E-2,2.39345E-2,-8.15062E-2,-5.51861E-2,-5.09400E-2,1.16728E-2,3.75434E-2,-5.60373E-3,-4.00082E-3,-1.92269E-2,-4.32165E-2,1.81563E-3,5.52074E-2,5.65959E-2,9.83310E-2,-4.54388E-2,-1.22995E-2,7.30513E-3,1.92684E-2,4.60204E-2,5.24081E-2,4.35718E-2,8.00630E-3,-1.49038E-2,8.12302E-2,2.03992E-2,1.66395E-2,-3.62173E-2,-4.05024E-2,-3.93616E-2,-6.89435E-2,-8.66594E-2,-3.19006E-2,-4.82025E-2,6.06605E-2,-3.90571E-2,-2.97493E-2,-3.97044E-2,-2.19825E-2,-5.34048E-3,1.12467E-2,-9.75286E-3,-6.96334E-2,-1.25327E-1,-7.00823E-3,-1.45234E-2,-1.03327E-2,-5.47447E-2,-1.85921E-2,9.33906E-3,-9.10863E-2,-1.01527E-1,-7.13851E-2,-1.13646E-1,-1.22621E-2,-1.14913E-1,-2.18486E-2,1.89908E-2,-8.46369E-2,-6.58413E-2,-1.17623E-1,-4.17519E-2,-9.04858E-2,-5.31430E-2,-8.46366E-2,-9.44876E-2,1.98322E-3,1.05005E-2,-1.94171E-1,-1.63016E-2,-7.09377E-2,-8.60468E-2,-4.22148E-2,-7.01389E-2,-1.28849E-2,-2.51461E-2,-1.04166E-1,-6.17863E-2,-8.83121E-2,-6.50482E-2,-7.89497E-3,-7.56110E-2,1.28546E-2,-5.36639E-2,1.78966E-2,-8.36838E-2,-2.80360E-2,-4.22919E-2,-1.35703E-2,-3.82518E-2,-1.06973E-1,-2.26608E-2,-3.72692E-2,-3.48039E-2,-9.43908E-2,-7.40295E-3,-3.46806E-2,-5.23715E-2,-4.67872E-2,-3.71115E-2,3.16111E-2,-7.31155E-2,-6.69006E-4,-8.10273E-2,-2.03454E-2,1.99866E-2,2.31255E-3,4.77003E-2,-7.58603E-2,-2.82044E-2
7.62729E+2,5.08619E-2,-6.45453E-2,-8.62992E-2,-4.08949E-2,-1.20158E-1,1.61635E-2,3.36688E-2,-1.39995E-2,1.06513E-1,7.33576E-2,4.45012E-2,-3.65200E-2,3.46419E-2,-3.72928E-2,4.00024E-2,1.23304E-2,6.38423E-3,-2.32716E-2,5.89582E-2,3.77814E-2,2.60050E-2,6.10820E-2,1.38542E-1,1.41313E-1,1.49538E-1,1.13117E-1,7.75849E-2,4.11009E-2,6.44116E-2,7.13628E-2,1.17496E-1,1.50507E-2,-8.18296E-3,5.23535E-2,2.03884E-2,5.36784E-3,-1.70035E-2,-4.34757E-2,5.63986E-2,-1.43718E-2,-4.51192E-2,5.15480E-3,-1.26603E-1,-1.09501E-2,7.41016E-2,-3.55777E-2,2.27501E-2,7.02689E-2,3.60695E-2,5.95063E-2,-7.80363E-3,-2.09563E-2,-6.96346E-2,-2.20181E-2,-4.99426E-2,1.66361E-2,-7.61570E-2,-7.77944E-3,2.91120E-2,-7.64578E-2,-7.69845E-2,-5.09784E-2,-6.52903E-3,-1.96966E-2,-2.15873E-2,-3.36813E-2,-1.66018E-2,3.12705E-2,6.41935E-3,3.95511E-2,1.49107E-1,7.87852E-2,3.27780E-2,2.09949E-2,3.18044E-2,5.06637E-2,1.81994E-2,4.36602E-2,-5.64725E-3,-1.79655E-4,-3.26784E-2,8.19921E-2,-2.28851E-2,-3.11780E-3,-9.97178E-2,-3.59378E-2,-6.87731E-2,-7.26267E-2,-8.18210E-2,-8.15476E-2,-4.80539E-2,-2.60285E-2,-5.61095E-3,-2.69650E-2,-2.02701E-2,5.17328E-2,-1.99231E-3,-1.66074E-2,4.51023E-2,-2.08932E-2,-2.56269E-3,-3.86338E-2,-5.14816E-2,-1.11698E-1,4.40823E-2,-9.04817E-2,-6.14118E-2,-1.33777E-1,3.18203E-2,-2.02238E-2,-6.78773E-2,-8.32304E-2,-5.53949E-3,-2.01640E-2,-6.36683E-3,-1.75236E-2,-9.04822E-2,-1.17340E-1,-5.46378E-2,-7.64449E-2,-7.37553E-2,-8.78528E-2,-3.60643E-2,-3.16208E-3,-6.60036E-2,-6.17618E-2,7.07052E-3,-6.73662E-2,-1.07768E-1,-5.28043E-2,-2.92699E-2,-6.81771E-2,-9.44680E-2,2.49243E-2,-5.63990E-2,-3.85294E-2,-3.25422E-2,-3.65783E-2,-8.17002E-2,-8.32475E-3,-2.86833E-2,-5.08217E-2,-3.80195E-2,-2.00585E-2,-5.91875E-2,4.80581E-2,-8.83060E-2,-1.93405E-2,-8.03504E-2,-2.89498E-3,1.24314E-2,7.00562E-2,-3.94696E-2,-8.85208E-2,1.53320E-2,-6.54556E-3,1.20355E-2,3.79625E-2,-1.23716E-1,3.19147E-2,-9.81971E-2,1.74882E-2,-2.86487E-2,-1.75585E-2,-9.22720E-2,-8.75717E-2,-2.11899E-2
7.66116E+2,-1.66235E-1,3.49658E-1,-2.31182E-1,-1.57958E-1,-2.59559E-1,1.50734E-2,-4.81903E-1,2.29718E-2,3.37375E-1,5.70824E-1,6.90755E-1,-3.90285E-1,-5.85400E-1,-1.95193E-1,4.81057E-1,2.78357E-1,3.03090E-1,-1.75585E-3,-9.95476E-2,3.00421E-2,4.89422E-2,6.68748E-1,1.78207E-1,2.11726E-1,-1.68699E-1,8.36139E-1,3.54283E-1,8.35204E-1,-2.17939E-1,5.66238E-1,5.43068E-2,-3.53001E-1,4.71863E-1,-2.11364E-1,-3.82985E-1,-5.44708E-1,-5.25813E-1,-1.72415E-1,-6.85260E-2,-6.86619E-1,-8.75858E-1,-4.64563E-1,-4.23892E-1,-3.17346E-1,2.10240E-1,8.82176E-2,1.50894E-1,-3.42510E-1,-1.27553E-1,2.45605E-1,-1.23125E-1,-4.67317E-2,-1.48080E-1,-2.74365E-1,-7.55378E-1,1.26028E-2,-5.59513E-1,-5.75467E-1,1.10333E-1,-4.03545E-1,-3.29230E-1,6.56201E-2,-4.35348E-2,1.84884E-1,1.28365E-1,2.43643E-1,-3.27231E-1,3.11760E-1,7.84601E-1,3.71103E-1,2.72852E-1,5.34796E-1,-2.54263E-1,-1.09162E-1,2.19062E-1,4.91675E-1,2.57982E-1,5.72737E-2,-8.49257E-3,5.22600E-1,-3.86658E-1,-4.73281E-1,5.89990E-1,3.30341E-2,-3.66811E-2,-3.47926E-1,-7.14906E-2,-6.14575E-1,-2.76156E-1,-4.10905E-1,-1.98996E-1,-1.20704E-1,7.11593E-3,4.96119E-2,4.19767E-1,2.87772E-1,2.93125E-1,-3.23110E-2,5.79872E-3,-2.67145E-1,-5.25264E-1,6.37108E-2,-3.10398E-1,-8.42437E-1,1.59646E-1,-6.48553E-1,-1.36488E-1,-2.95175E-1,-3.34909E-1,-4.63112E-1,-4.21382E-1,-7.79650E-1,1.62615E-3,-3.49910E-1,-4.72798E-1,-3.39807E-2,-1.79142E-1,-2.03402E-1,-3.19836E-1,-5.44429E-1,-3.95760E-1,-4.83452E-1,-2.88161E-2,-2.79898E-1,-4.58936E-2,-4.06526E-1,-1.06998E-2,8.42534E-2,-1.17793E+0,-6.23728E-1,-6.18721E-1,-9.67432E-1,1.52210E-1,-2.10790E-2,-6.73146E-1,3.21924E-2,-6.74257E-1,-1.61609E-1,-6.82906E-1,-2.90910E-3,-1.03190E+0,-2.19937E-1,-3.13410E-1,-4.47612E-1,-2.64746E-1,1.42276E-1,-1.21431E-2,-4.98402E-1,-1.91875E-1,3.75047E-1,-2.32464E-1,-1.74001E-1,-4.07266E-1,-5.94383E-1,-4.91399E-1,-1.34811E-1,-8.69553E-2,-3.59430E-1,-7.11029E-1,1.17962E-1,-1.64414E-1,-1.06072E+0,-5.30051E-2,-7.69155E-1,7.02540E-2,-8.72101E-1,-2.18401E-1
7.69505E+2,-9.96057E-3,-6.76810E-2,4.01913E-3,-5.40858E-3,-3.27488E-2,1.16554E-2,6.67519E-2,3.60541E-2,1.37535E-1,1.38318E-2,6.79300E-2,-8.76974E-2,2.13137E-2,-8.79855E-2,-6.76092E-2,-4.13445E-2,3.17274E-2,-1.71191E-2,6.94127E-2,-4.97435E-2,3.43471E-2,2.25498E-2,-3.29119E-2,1.53429E-2,9.93812E-3,-1.89478E-2,-1.37569E-3,-6.13704E-3,5.48702E-2,7.59518E-2,6.21586E-2,-3.31463E-2,-1.22601E-2,-7.74783E-4,3.73463E-2,-2.84890E-2,-2.48931E-2,1.06653E-1,-7.59378E-2,-1.12567E-1,-1.74559E-2,2.65093E-2,-7.58697E-2,-7.45231E-2,-1.84043E-2,-4.73859E-2,9.26816E-3,-3.06576E-3,-5.41559E-2,-3.54018E-2,6.88233E-2,-7.68608E-2,2.83955E-2,-1.88934E-2,-4.48821E-2,7.72825E-3,-1.17534E-1,5.17128E-2,-6.67649E-3,-2.54573E-2,-8.57268E-2,-2.25150E-2,-2.45077E-2,7.51053E-3,5.18120E-2,-1.53211E-2,-3.31497E-2,-2.05808E-2,4.82717E-2,3.00813E-2,-1.89585E-2,4.95979E-2,-1.23653E-2,1.45482E-2,9.24191E-3,7.70810E-2,6.06987E-2,-3.46187E-2,-1.19147E-1,-4.62543E-2,4.11273E-2,7.45305E-2,-1.44867E-2,1.53502E-3,-5.42019E-2,-7.69931E-2,-4.39853E-3,-3.15465E-2,-8.35693E-3,-7.07137E-2,-4.93056E-2,1.44834E-3,4.99222E-2,-3.49940E-2,1.93490E-2,3.24045E-3,-4.78951E-2,-6.91491E-2,4.73300E-3,-6.59739E-3,-3.55836E-2,-3.31753E-3,-1.14433E-1,-2.65569E-2,-8.95664E-3,-9.06950E-2,-4.26679E-2,-4.30573E-2,-2.16677E-3,8.03228E-3,-3.34452E-2,-1.10821E-1,-5.95646E-2,-6.89992E-2,-3.70272E-2,-4.39204E-2,-9.54941E-2,3.74007E-2,-4.99231E-2,3.30508E-3,-6.46668E-2,-4.87647E-2,-1.83881E-2,2.26155E-2,2.45731E-2,2.94229E-2,3.79917E-2,3.61251E-2,-9.07707E-3,-8.13792E-2,-4.67055E-2,-1.02651E-1,-3.10642E-2,4.93316E-2,3.14300E-2,-8.73751E-3,-1.42469E-2,1.70857E-2,-8.63044E-2,-9.14397E-2,-1.42586E-2,-1.98447E-2,-6.04378E-2,1.02577E-2,1.07621E-2,5.93821E-2,-7.07262E-2,-7.22861E-3,-6.27773E-2,9.92557E-3,1.01706E-1,7.26748E-3,1.98086E-2,-8.11126E-2,-4.92318E-2,1.80042E-2,-4.58464E-2,5.88118E-2,-6.30342E-2,-9.34538E-3,-3.43842E-2,-3.21738E-2,2.94974E-3,-2.94366E-2,-4.88007E-2,5.15635E-3,-6.44975E-2
7.72894E+2,4.63254E-2,1.63646E-2,-5.19143E-2,-6.12393E-3,-3.84773E-2,-1.15445E-2,-1.42491E-1,8.01602E-2,1.95241E-1,7.52228E-2,-4.43048E-2,-6.91601E-2,2.20810E-2,-3.37884E-2,-3.75907E-2,3.47161E-2,4.83249E-2,4.46243E-2,7.21982E-2,1.13197E-1,-3.08114E-3,1.51485E-1,6.44527E-2,1.13390E-1,1.09510E-1,1.15795E-1,5.78574E-2,1.41697E-1,2.37581E-2,1.09685E-1,1.00731E-1,4.69498E-3,6.99668E-2,6.75144E-2,3.27313E-2,-1.15646E-1,5.53192E-2,7.92994E-3,-2.60958E-2,-4.06489E-2,3.89228E-2,-6.98689E-2,-1.11766E-1,-3.03775E-2,-3.35718E-2,8.86237E-2,6.60922E-3,-5.22479E-2,-1.03203E-2,-1.95924E-3,1.08885E-1,-8.44218E-2,-5.79532E-2,5.63688E-2,-5.75806E-2,-7.13441E-2,-1.16726E-1,9.77766E-3,3.50288E-2,-1.39646E-2,-1.66521E-1,3.12446E-2,-5.42651E-3,-2.60991E-2,2.81531E-2,1.57958E-2,9.02297E-3,1.19277E-1,4.78278E-2,1.15664E-1,3.82375E-2,1.57347E-1,1.49940E-3,7.67139E-2,6.36475E-2,6.12975E-2,1.57394E-1,-1.93265E-2,-2.56554E-2,1.38059E-1,5.12387E-2,7.83784E-2,6.39290E-2,3.49385E-2,2.40228E-4,-5.17319E-2,-3.29897E-2,3.52679E-2,1.09960E-2,8.34302E-3,3.54321E-2,-9.43435E-3,7.12796E-2,-7.53354E-2,3.79187E-3,3.93563E-2,-3.43966E-2,1.50263E-2,1.00289E-1,-1.59359E-2,-7.22540E-2,-1.33986E-2,-3.18810E-2,-5.75835E-2,4.71750E-4,-8.74033E-2,-6.04293E-2,-4.03205E-2,-1.14819E-3,3.61663E-2,-6.83844E-2,4.43789E-4,-3.78950E-2,2.80908E-2,-4.64614E-2,-1.06576E-2,-2.79093E-2,-1.92421E-2,-6.65310E-2,-4.00462E-2,-2.80431E-2,-2.35306E-2,-8.92282E-3,1.67744E-2,7.43553E-2,5.07505E-2,-8.66847E-2,-2.16405E-2,-7.24659E-2,-3.57562E-2,-5.91911E-2,-1.26235E-1,-1.38371E-2,-5.99354E-2,-8.34058E-3,8.37086E-4,-3.87938E-2,-8.75714E-2,-2.15183E-3,1.19917E-2,-6.77183E-2,6.94482E-2,-7.24781E-2,-1.29360E-1,-7.06313E-2,5.79200E-2,3.63598E-2,-2.56330E-2,-8.46695E-3,5.23475E-2,6.84609E-2,1.39918E-1,8.32135E-2,-2.98802E-2,4.46293E-2,-2.55255E-2,-5.87563E-2,6.66218E-2,-9.69378E-2,-7.03513E-2,-8.16777E-2,-1.11061E-2,-6.97034E-2,-1.25534E-1,-3.80217E-2,-5.35698E-2,-1.13315E-1
7.76284E+2,-4.94634E-2,-2.73210E-2,5.94746E-2,-4.87388E-2,7.84188E-3,1.87144E-2,8.89324E-2,2.77633E-2,-4.45622E-3,9.01096E-3,-2.43725E-2,-3.30260E-2,-3.73620E-2,5.76868E-3,7.23352E-3,8.86219E-3,-3.81343E-2,6.56972E-2,3.43171E-2,4.57608E-2,4.85020E-2,-4.52571E-2,4.08751E-2,-1.07449E-2,4.01019E-2,8.05841E-2,5.74764E-2,1.53135E-3,2.00651E-2,4.55562E-2,6.58556E-2,6.18025E-2,-1.69404E-2,-3.66476E-2,-3.51821E-3,4.33081E-2,7.61148E-2,-5.89135E-3,-9.97193E-3,1.49814E-2,1.54833E-2,-5.25921E-2,-1.13156E-2,2.12788E-2,-6.15955E-2,9.91453E-3,1.38117E-2,1.14408E-2,3.63913E-2,2.02922E-2,-2.53643E-2,-3.32005E-2,2.40271E-2,3.37455E-2,1.78464E-2,6.58005E-2,-1.40110E-2,3.42617E-2,5.48752E-2,4.70877E-2,-1.31634E-2,3.94714E-2,4.53980E-2,1.58051E-2,2.71773E-2,2.41201E-2,9.84122E-2,-1.99243E-2,-5.33532E-3,-5.20778E-2,-1.42179E-2,4.45485E-2,3.04564E-2,2.31812E-2,1.88629E-2,-1.63667E-2,-7.84603E-4,2.01276E-2,-2.19597E-2,-2.37288E-2,-6.01479E-2,3.45807E-2,-4.14058E-2,5.82359E-2,9.84455E-3,-8.17267E-3,-1.17970E-2,1.15944E-2,-3.88314E-2,-5.62267E-2,5.01413E-2,-4.62724E-3,-1.90405E-3,6.16812E-3,-5.06279E-3,2.71115E-2,3.73936E-2,-1.41897E-2,-1.18517E-2,-3.72133E-2,1.47629E-2,-5.54326E-2,-3.05467E-2,-7.58826E-2,3.89322E-2,2.82521E-2,-5.07941E-2,3.56867E-2,-1.13268E-2,4.20907E-2,7.76276E-2,5.33419E-4,-2.81789E-2,3.07065E-2,-3.95954E-2,-4.44640E-3,9.22800E-3,8.26342E-3,4.33765E-3,3.00251E-2,4.76252E-2,2.33351E-2,5.11072E-3,3.82387E-3,3.00345E-2,1.77900E-2,7.06386E-2,-3.35704E-2,-1.63030E-2,4.82536E-3,-1.32103E-2,-2.42345E-2,3.93223E-2,-9.51368E-3,-3.92895E-2,-5.16061E-3,1.62229E-2,4.99623E-2,-4.07331E-3,3.97080E-2,-3.50648E-2,1.76702E-3,-4.63033E-2,3.95079E-2,-6.40473E-2,3.80596E-3,4.39630E-2,2.69089E-2,8.40292E-2,5.67548E-2,3.33871E-2,9.99896E-2,-2.40103E-2,8.71894E-2,-8.86279E-3,-2.65585E-2,3.38269E-2,2.63572E-2,2.53646E-2,8.61144E-3,5.84432E-3,6.87747E-2,2.49889E-2,1.20023E-2,-4.25543E-2,-6.48949E-2,3.13157E-2
7.79674E+2,-8.74594E-3,-9.03127E-2,1.54253E-2,2.82547E-2,1.15419E-2,-2.14738E-2,4.88286E-2,4.73359E-2,-2.08934E-2,2.42517E-2,3.86439E-2,-4.01400E-2,-4.71085E-2,-4.30245E-2,5.74168E-2,-3.75576E-2,3.16221E-2,-4.58413E-2,2.03331E-2,2.83240E-2,-1.71942E-2,2.43071E-2,-5.27671E-3,2.64299E-2,4.13512E-2,-4.03615E-2,1.41214E-2,5.90389E-2,-1.45892E-2,7.54738E-2,7.87181E-2,-4.16468E-2,1.66844E-2,5.18281E-2,2.06051E-2,-1.37280E-2,-3.44462E-2,-4.78424E-2,-1.62178E-2,-1.34192E-2,-5.58992E-2,-3.66260E-2,-4.85466E-2,2.87401E-2,-4.41476E-2,5.97424E-2,-6.57256E-3,-4.11339E-2,-3.00132E-2,-5.03688E-2,5.83794E-2,3.60294E-2,4.92151E-2,4.01887E-2,-6.37622E-3,1.88501E-2,-9.83187E-2,-2.89622E-2,-2.20362E-2,-2.87898E-2,-1.89395E-2,-4.89594E-2,-2.85807E-2,1.33455E-2,4.56821E-2,-4.12406E-2,1.63639E-2,4.28084E-2,3.92238E-2,4.40127E-3,1.88567E-2,7.88682E-2,5.73946E-2,-5.45114E-2,5.60058E-2,-2.66572E-2,4.29090E-2,-4.23349E-2,4.77394E-2,-6.28507E-3,-4.12361E-2,4.53351E-2,4.42824E-2,2.41421E-2,-2.05659E-2,-3.70635E-2,4.85658E-2,-7.95603E-3,-4.45071E-2,-8.38251E-2,2.74260E-2,2.84032E-2,1.37189E-2,-5.01917E-2,1.81200E-2,-5.14170E-2,-9.94831E-3,-2.75368E-3,3.93542E-2,-2.10325E-2,-2.12033E-2,-2.58562E-2,-7.19972E-3,4.48467E-2,-3.00488E-2,-2.86647E-2,-1.53868E-3,-4.95118E-2,9.67484E-3,-7.60319E-2,-1.72876E-2,6.16296E-2,-3.32748E-2,3.56618E-2,-3.21961E-3,-4.76054E-2,2.06872E-2,-2.99692E-2,-3.70149E-2,-2.92494E-2,-8.08513E-2,-5.68700E-2,-2.51061E-2,-2.38492E-2,2.56903E-2,-1.47099E-2,-3.37623E-2,-4.46975E-2,-4.54426E-2,-4.33335E-2,-1.73250E-2,-4.77523E-2,5.21546E-2,6.52444E-2,-2.55927E-2,-1.63154E-3,-5.96818E-2,1.83388E-2,-1.05106E-1,-5.13743E-2,1.12268E-3,-4.96530E-2,-2.03255E-2,-2.88317E-2,-3.64377E-2,3.00015E-2,5.21165E-2,2.26866E-2,3.82279E-2,-6.91609E-3,-7.01892E-3,1.62294E-2,3.68346E-2,2.10241E-3,2.44812E-2,3.89335E-2,1.41329E-4,-1.59074E-2,-8.08515E-3,1.85045E-2,-4.52148E-2,-3.26108E-2,3.74927E-2,5.28880E-3,3.36696E-2,-6.39670E-2,-3.33383E-2
7.83066E+2,-7.81172E-2,-2.47431E-3,-2.56085E-1,6.94747E-2,4.67886E-2,7.62343E-2,2.23894E-1,-8.64064E-2,-6.99085E-2,3.16413E-2,-1.85073E-1,1.35408E-1,5.24329E-2,-2.98473E-2,7.20385E-2,-1.31296E-1,4.53832E-2,-6.92685E-2,4.02731E-2,1.92030E-1,-9.05901E-2,1.19214E-1,-1.29883E-1,-2.23731E-2,-9.82195E-2,-2.24299E-1,-8.85147E-2,-1.53902E-2,-1.71594E-1,-1.10105E-1,-4.47507E-2,1.21689E-1,1.85030E-1,2.07531E-1,1.48418E-1,3.64488E-1,1.51608E-1,6.38973E-2,1.38340E-1,2.43516E-1,2.36607E-1,4.91719E-2,7.07150E-2,2.23978E-1,7.49819E-2,2.48572E-1,6.50833E-2,2.82606E-1,-1.55424E-2,-5.98093E-2,5.65706E-2,1.90743E-1,2.01486E-1,2.23325E-2,2.13679E-1,1.06073E-1,2.95523E-1,1.04264E-2,7.77336E-2,2.04137E-1,2.63469E-1,1.37309E-1,3.13014E-1,-2.74232E-2,1.83703E-1,6.90360E-2,1.67494E-1,-3.88135E-2,-7.31651E-2,-1.06004E-2,-5.54725E-2,-3.66061E-2,-2.43120E-2,-4.38917E-2,1.81622E-1,6.34537E-2,-1.49814E-1,9.31069E-2,1.11890E-1,-1.12786E-1,1.50206E-1,7.87247E-3,-9.36930E-2,9.74826E-3,2.71826E-1,2.58675E-1,7.44585E-2,1.97714E-1,1.82808E-1,2.40062E-1,1.25279E-1,2.12174E-1,-4.44218E-2,1.13494E-1,-3.83278E-2,6.06800E-2,-2.75048E-2,4.75759E-2,1.50108E-1,4.16018E-3,3.77323E-1,-1.09484E-1,1.37000E-1,2.01140E-1,1.96152E-2,2.34108E-1,5.95955E-2,1.75993E-1,2.01490E-1,-8.12429E-3,2.07691E-1,4.76818E-2,6.61054E-2,9.90350E-2,2.04299E-1,2.80750E-2,1.19626E-1,2.25043E-1,1.33166E-1,1.35442E-1,-7.59978E-3,8.26867E-2,-4.65191E-2,1.22415E-1,2.38163E-2,1.95195E-1,-6.66715E-2,2.13503E-1,1.84190E-1,1.61673E-1,2.03583E-1,1.87839E-1,1.79262E-2,1.67883E-1,2.51651E-1,1.60496E-1,7.11759E-2,9.19879E-2,2.63863E-1,1.77747E-1,2.23250E-2,1.50837E-1,2.11366E-1,8.75060E-2,1.59086E-1,-2.89423E-2,1.01282E-1,3.80384E-1,1.47735E-1,6.07890E-3,-2.12309E-2,-2.67619E-2,3.35263E-2,1.45440E-1,1.80110E-1,1.87254E-1,1.06422E-1,1.65013E-1,1.59083E-1,2.23091E-1,1.69630E-1,5.34220E-2,-2.68695E-2,4.31815E-1,1.70175E-1,3.37531E-1,2.16006E-1
7.86458E+2,-3.06439E-2,-3.37837E-2,3.15883E-2,-6.82014E-2,-1.07104E-2,-4.24575E-2,-5.55868E-2,-1.44012E-2,9.93123E-2,1.39515E-2,2.67810E-2,-1.86250E-3,2.72411E-2,-1.74055E-2,7.61786E-2,2.75021E-2,-2.33867E-2,-7.95510E-2,-5.16775E-4,1.15255E-2,7.23608E-2,9.58134E-2,6.74211E-2,7.44026E-4,2.59692E-3,1.26121E-1,5.18926E-2,1.89124E-2,-5.06467E-3,1.73848E-1,1.90270E-2,-8.28563E-2,-3.03321E-2,-4.16954E-2,-2.29492E-2,-8.77863E-2,-3.94267E-3,-8.84807E-2,-1.00002E-2,1.63705E-2,-4.82316E-3,8.71171E-2,-3.96285E-2,5.20738E-2,-2.66536E-2,-1.14675E-2,-1.38434E-2,-8.52387E-2,-4.74745E-2,-3.85685E-2,6.06773E-2,-2.56119E-3,-1.11603E-2,-5.12743E-2,-4.45384E-2,9.93132E-3,-1.08689E-1,-5.49415E-2,3.29650E-2,-2.00859E-2,-9.45068E-2,-8.73722E-3,-1.91599E-2,6.38452E-2,5.28090E-2,-1.24223E-2,-1.41830E-2,8.07664E-2,4.65441E-3,-3.58476E-3,4.80140E-2,6.85131E-3,-3.84033E-2,1.20805E-2,-1.27015E-2,9.58724E-3,-1.44671E-2,-1.32184E-2,5.45071E-3,2.26423E-2,-3.31740E-2,5.40763E-2,1.53823E-2,-3.16777E-2,-1.38774E-1,2.30723E-2,-1.06799E-2,-3.54254E-2,-7.76534E-2,-1.32814E-1,-2.80119E-2,-6.11147E-2,-2.42042E-2,-1.37447E-2,3.54992E-2,-6.31444E-2,2.65457E-2,4.40493E-3,-5.96539E-2,-1.08485E-1,-3.87792E-2,-6.55680E-2,-7.20822E-2,-3.10736E-2,2.46421E-2,-7.31595E-2,-5.26249E-2,-1.28495E-1,-1.43577E-2,-2.70638E-2,-1.05003E-1,-1.05697E-1,-1.12086E-1,3.46827E-2,-4.79092E-2,-7.05844E-3,-5.76846E-3,-4.60418E-2,-8.84992E-2,-3.91220E-2,-8.16962E-2,-5.53150E-2,-1.00715E-1,3.86322E-2,1.41764E-2,-8.85368E-2,-1.31820E-1,-5.74553E-2,-9.57934E-2,9.05437E-3,-5.25661E-2,-1.32908E-2,3.00377E-2,-3.76222E-2,-3.07479E-2,-4.46940E-2,-9.24733E-2,-2.69389E-2,-8.30665E-2,-5.05049E-2,-9.18498E-2,3.32821E-2,-3.94013E-2,-1.15945E-1,-5.88819E-2,4.47823E-3,-5.06136E-2,-4.71723E-2,-6.16314E-2,9.55051E-3,-1.58816E-2,-2.93022E-2,1.14919E-3,-6.62083E-2,-3.33655E-2,-1.64792E-2,-5.25691E-2,-6.90907E-2,-8.86994E-2,-5.89195E-2,-8.38071E-2,-2.89012E-2,-2.42798E-2,-5.18762E-2,-3.80276E-2,2.13128E-2,-4.53470E-2
7.89850E+2,-5.31814E-2,-4.38840E-3,-1.32193E-3,-9.42529E-2,5.30494E-2,4.54136E-2,-4.13661E-2,5.39393E-2,1.31688E-1,6.23032E-2,-6.05914E-2,-3.27541E-2,8.49758E-2,-5.60202E-2,-8.74933E-2,4.52974E-2,-2.36866E-3,1.05081E-2,4.54862E-2,1.11933E-1,5.88685E-2,6.79980E-2,2.67918E-2,1.65341E-1,6.67694E-2,1.67516E-1,5.76312E-2,1.60364E-1,1.81055E-1,1.76697E-1,1.50975E-1,-1.31239E-1,-2.70784E-2,-3.07840E-2,-1.54582E-2,-1.43582E-1,1.64228E-2,-1.61097E-2,8.94924E-2,-3.36297E-2,-8.28551E-2,2.83606E-2,-1.21056E-1,-7.06437E-3,2.24647E-2,1.84332E-3,1.82478E-2,-1.29880E-1,-2.96042E-2,-8.14083E-2,4.87318E-2,-2.01669E-2,-2.94472E-2,-2.30513E-2,4.80708E-3,-3.33600E-3,-4.22328E-2,-7.46010E-2,5.67614E-2,-3.86743E-2,-1.04147E-1,-3.50628E-2,2.00141E-2,2.24453E-2,-1.74263E-2,3.13360E-2,1.62958E-2,1.70808E-1,6.08885E-2,7.93841E-2,2.10069E-2,1.61658E-1,2.11424E-1,1.23507E-1,9.90415E-2,1.46756E-1,7.00010E-3,-3.19358E-2,2.23995E-2,3.49436E-2,2.63140E-4,5.38732E-2,1.09595E-1,1.18984E-1,-1.04929E-2,6.35211E-2,-6.54984E-2,-5.87272E-2,-1.52168E-2,-6.01769E-2,-8.79589E-2,6.45589E-2,-7.14850E-2,-6.95870E-2,4.08941E-3,9.25446E-2,-9.21371E-2,-5.51159E-2,5.55074E-2,-2.53134E-2,4.61277E-2,-5.60101E-2,-2.21509E-2,-3.97966E-2,6.18846E-2,-1.44425E-1,5.85332E-2,-1.20197E-2,5.52925E-2,-2.75587E-2,-1.24226E-1,-1.40417E-2,-7.28845E-2,-1.32635E-3,-8.40150E-2,6.50568E-3,-1.00706E-1,1.59937E-2,-7.56492E-2,-4.87641E-2,-8.05195E-2,-9.12304E-2,2.85130E-2,1.42301E-2,1.72235E-1,-2.84735E-2,1.61931E-2,-3.82437E-2,-7.98908E-3,-1.11558E-2,-6.26357E-2,-1.54367E-1,2.93451E-2,4.43575E-2,4.81912E-2,-3.41286E-2,-5.55686E-2,2.12550E-2,-2.50253E-1,3.72909E-2,-1.73630E-2,-1.14772E-1,4.67209E-3,-4.37371E-2,-8.89578E-2,1.61410E-1,2.12190E-2,-3.80680E-2,2.80504E-2,8.04444E-2,1.24416E-1,-6.13985E-2,-3.07105E-3,-6.30874E-2,-4.89738E-2,6.85988E-2,-3.26619E-3,8.07265E-2,-8.09916E-3,-7.31052E-2,-7.87825E-2,-3.76220E-2,-8.37874E-2,-5.08482E-2,-9.26531E-2,-9.05788E-2,-5.54893E-2
7.93244E+2,2.45037E-2,-7.88606E-3,-5.95226E-2,-2.71575E-3,1.39749E-2,1.62282E-2,-2.43553E-2,7.99567E-2,2.05900E-2,-4.01299E-2,-1.71751E-2,3.52146E-3,-2.91247E-2,-2.11864E-2,4.33208E-2,5.25586E-3,1.20021E-4,-2.30913E-2,-1.68060E-2,8.31857E-2,1.40916E-1,2.95836E-2,3.15690E-2,1.15077E-2,3.56876E-2,1.36458E-2,9.30020E-2,8.56278E-2,4.55317E-2,7.95251E-2,1.46278E-2,6.70323E-2,1.02983E-2,-1.33748E-2,1.21698E-2,-1.78004E-2,3.46481E-3,-3.69168E-2,3.15266E-2,4.24094E-2,2.50589E-2,-3.55675E-2,5.85131E-4,6.20451E-2,2.27200E-2,1.77442E-2,5.32936E-3,5.81567E-2,3.59317E-2,3.22683E-2,1.04901E-1,1.46592E-3,-3.34250E-2,-1.40377E-2,-2.50389E-2,2.86042E-3,4.77597E-2,5.54078E-2,4.36283E-2,2.76764E-2,1.45757E-2,3.47678E-2,-6.85827E-2,-3.52850E-2,4.83298E-2,5.08810E-2,-3.96218E-2,7.29251E-2,5.59177E-2,-3.89107E-3,-1.47861E-2,9.26006E-2,-2.42370E-2,5.76545E-2,-5.44258E-2,3.96147E-4,8.38316E-2,6.29378E-2,4.10007E-2,-2.42190E-2,-1.88701E-2,2.09876E-2,3.08017E-3,-2.06063E-3,1.11823E-2,2.41791E-2,-3.11874E-2,6.10803E-2,3.39017E-2,2.96189E-3,1.90771E-2,3.92828E-2,2.72934E-2,2.22018E-2,6.18037E-3,2.56343E-2,-3.80024E-2,-4.09116E-2,-3.57691E-2,3.06697E-3,3.70832E-2,2.19178E-2,3.19380E-2,5.08543E-3,3.15132E-2,-5.09699E-3,4.56955E-2,-6.22865E-2,1.68523E-2,-2.40588E-2,-1.10463E-2,5.51628E-2,4.73646E-2,5.46318E-2,-3.91298E-2,2.78766E-2,4.22107E-2,-9.54223E-2,-2.36576E-2,-3.76013E-2,3.74726E-2,-2.08893E-3,-3.43279E-2,3.35277E-2,2.69668E-2,6.42972E-2,3.45228E-2,4.39359E-2,3.90268E-2,-2.04860E-2,-1.08428E-2,5.82066E-2,-4.87406E-2,1.48134E-1,-4.95913E-2,4.44232E-2,-4.23230E-2,3.50256E-2,-4.29521E-2,-2.74980E-2,1.37573E-2,6.38707E-2,-6.42737E-2,3.20281E-2,4.17674E-3,-1.31814E-2,3.14806E-2,8.53827E-2,-2.24655E-2,8.37269E-2,2.53338E-2,-5.25289E-2,1.66876E-2,6.45444E-2,-6.97661E-3,3.74326E-3,-1.28777E-3,8.97655E-2,3.48276E-2,2.99321E-2,5.53136E-2,3.09593E-2,-2.04405E-2,3.20312E-2,4.73580E-2,-1.79230E-2,4.91565E-2
7.96638E+2,1.88144E-1,-1.82409E-1,4.27062E-2,6.48392E-2,2.87303E-1,1.32739E-1,5.64818E-3,-4.20135E-2,-4.46381E-1,-8.79194E-2,6.21529E-2,-8.55868E-4,-1.04801E-1,4.50737E-2,3.57742E-2,-3.91670E-1,-2.00008E-2,1.11405E-1,-1.46503E-1,8.10709E-2,-2.35847E-1,-2.15600E-1,-7.06480E-2,-2.27263E-1,-1.91688E-1,-3.24337E-1,-3.56498E-1,-2.67301E-1,1.31049E-1,-3.33021E-1,-3.08485E-1,2.44545E-1,-1.97042E-1,5.62492E-2,6.18931E-3,2.62707E-1,1.64971E-2,1.93714E-4,-2.20050E-1,3.36113E-1,2.65261E-1,2.28549E-1,7.59270E-2,1.41238E-1,2.00350E-1,1.03010E-1,1.91166E-1,1.92895E-1,-1.45303E-1,1.59009E-1,-6.75599E-2,6.04444E-2,4.86238E-1,1.93021E-1,8.64715E-2,-2.34062E-1,1.81606E-2,1.90848E-1,-3.38788E-2,3.49834E-1,-2.86874E-3,2.25832E-1,-6.94854E-2,2.74708E-2,-2.41631E-1,4.85516E-2,3.16538E-1,-2.41635E-1,-1.37445E-1,1.26357E-2,-3.24795E-1,-2.99383E-1,-2.40265E-2,4.54802E-2,9.57638E-2,-1.65616E-1,-4.09132E-1,-3.11068E-1,6.98846E-2,-1.66492E-1,-1.03080E-1,-1.76941E-1,1.45610E-1,-2.79706E-2,-1.10934E-1,-1.25412E-2,-2.11339E-1,1.63572E-1,1.35397E-1,1.91987E-1,6.08763E-2,4.82715E-2,1.47318E-1,1.31831E-1,-7.31662E-2,-1.38621E-1,-1.72793E-1,-1.85513E-1,-1.75037E-1,3.10386E-1,8.94433E-2,1.71747E-1,2.89157E-1,2.18963E-1,1.30804E-1,3.99020E-1,2.46631E-1,1.53708E-1,2.58395E-1,1.73466E-1,1.50512E-1,5.48745E-1,2.63242E-1,1.77394E-1,3.21304E-2,2.01229E-1,-6.92197E-2,1.11608E-1,4.13260E-1,9.45117E-3,2.11357E-1,-3.08361E-2,3.21344E-1,-1.42865E-1,8.08648E-4,-8.81330E-2,-8.98762E-2,8.89766E-2,5.37197E-1,1.86437E-1,1.36722E-1,2.95193E-1,3.48103E-1,-2.63389E-1,-2.17116E-2,2.85747E-1,4.60049E-1,-6.71029E-2,2.75450E-1,3.26177E-1,7.93206E-2,2.98859E-2,6.14383E-2,2.19202E-1,6.02010E-2,-2.39017E-1,7.77523E-3,1.25943E-1,-7.46127E-2,-3.48721E-2,-1.38246E-1,-3.79923E-1,1.29924E-1,3.55738E-1,1.68865E-1,5.09683E-1,-1.62756E-2,-1.43194E-1,2.79867E-1,-2.20696E-1,2.25538E-2,2.29061E-1,-1.21706E-1,2.84472E-1,1.43460E-1,2.87408E-1,5.01748E-1
8.00032E+2,-3.24257E-3,-2.09139E-2,3.93149E-2,-3.83136E-2,3.94756E-2,-1.35404E-2,5.07811E-2,2.37363E-2,-2.03612E-2,-1.84224E-3,-4.65544E-2,9.89664E-3,1.51756E-2,-2.53016E-2,-8.31029E-3,3.41049E-2,-5.53347E-2,3.09380E-2,-2.10383E-2,3.78261E-2,6.10984E-2,7.23375E-2,4.71945E-2,4.54527E-2,1.42514E-3,5.46305E-2,1.07990E-2,-2.33801E-2,5.98344E-2,4.42343E-2,-1.21993E-2,-2.36051E-2,1.44505E-2,-2.89644E-2,-5.43543E-2,-1.68282E-2,7.79468E-3,-9.67358E-4,3.86589E-2,1.29343E-2,1.00472E-2,1.33846E-2,-1.94463E-2,-4.34370E-2,-5.15218E-2,-5.20404E-2,5.58315E-2,-2.84919E-2,-1.19300E-3,-2.68702E-2,3.04818E-2,3.98736E-4,7.96763E-2,-2.53899E-2,-6.55755E-2,6.18004E-2,-3.73152E-2,-9.61129E-2,-2.45549E-2,-4.56879E-2,-7.34809E-2,3.65896E-2,9.61367E-3,8.85648E-3,1.28955E-2,3.55566E-2,2.06275E-2,6.28966E-2,7.65213E-2,2.33300E-2,5.31216E-4,3.84709E-2,-3.46402E-3,1.33071E-2,-1.60055E-2,1.76262E-2,6.89467E-2,-3.25996E-2,-1.78523E-2,4.82359E-2,5.02958E-2,2.16148E-3,-2.56095E-2,-2.48015E-2,-4.74733E-2,2.35084E-3,-5.82073E-2,-6.58436E-3,-3.08841E-2,-9.62889E-2,-5.42250E-3,-4.58835E-3,-5.75474E-2,2.13687E-2,3.95890E-2,3.59091E-2,-1.78408E-2,-3.18714E-3,-2.09642E-2,-2.16876E-2,-3.68751E-2,-3.42096E-2,-3.81824E-2,2.20595E-2,-8.97707E-2,-3.70462E-3,-8.55784E-3,4.14943E-2,1.30125E-2,-4.95434E-2,2.36296E-2,4.72476E-2,-4.45282E-2,-2.46747E-2,-1.77505E-2,4.34927E-3,-1.84682E-3,-4.49193E-2,-8.02560E-2,-7.07622E-3,-5.00304E-2,-3.11304E-2,1.37571E-2,-2.07299E-2,1.19951E-2,-3.78664E-2,6.97360E-2,-2.67797E-2,-2.27436E-2,3.23983E-2,-7.80602E-2,-2.76398E-2,-1.79514E-2,-2.15610E-2,1.30859E-2,-2.95929E-2,-4.59061E-2,1.89758E-2,-6.21981E-2,2.24198E-2,-2.62773E-2,4.88875E-2,3.85798E-2,-1.93615E-2,5.93329E-3,2.08285E-2,2.13565E-2,-3.96804E-2,-2.89370E-2,5.08040E-2,2.63424E-2,1.89996E-3,-1.82021E-2,2.27756E-2,-1.94902E-2,-7.68486E-2,2.65910E-2,5.83991E-3,-8.64974E-2,5.78941E-3,-1.40573E-2,-9.98620E-3,2.42673E-2,-4.64879E-2,-9.18326E-3,-5.55999E-2,-3.38022E-2
8.03428E+2,5.08937E-1,4.72663E-1,-1.16780E+0,-1.78527E-1,8.19509E-1,1.55437E+0,2.37615E-1,-3.01028E-1,-1.71363E+0,-2.72950E-1,-3.76188E-1,1.39363E-1,5.96251E-1,7.25844E-2,-3.91164E-1,8.88197E-1,6.85083E-3,1.16491E+0,9.42927E-2,9.37261E-1,-1.10421E+0,-2.45000E-1,-2.72998E-1,1.38292E-2,-1.44667E+0,-1.57501E+0,-5.05335E-1,-5.81156E-1,1.55417E-1,-1.10208E+0,-1.39757E+0,9.01357E-1,-2.72423E-1,2.94712E-2,8.91237E-1,1.09493E+0,-6.24050E-1,1.29299E+0,8.89907E-1,2.85186E+0,2.65297E-1,1.32461E+0,1.26227E+0,1.14921E+0,1.41535E+0,5.76552E-1,1.22637E+0,1.90225E+0,-7.21987E-2,-5.19826E-1,-9.16648E-1,6.62341E-1,1.30853E-1,4.00090E-1,1.74678E+0,9.85229E-1,1.43912E+0,6.55367E-1,1.28615E+0,1.25984E+0,6.52481E-1,1.06247E+0,7.60320E-1,1.51224E+0,5.69754E-1,-1.63905E-1,-1.76955E-1,-4.20154E-1,1.06474E+0,-1.52430E+0,-7.62676E-1,-1.51442E-1,9.57635E-2,4.58516E-1,-3.06720E-1,-3.47192E-1,-4.33379E-1,5.14245E-1,1.18185E+0,-2.11004E-1,-7.57207E-1,4.27432E-1,-1.60435E+0,7.23499E-1,1.06142E+0,6.03969E-1,2.09320E+0,2.30636E-1,2.30514E+0,1.94402E+0,1.49002E+0,2.60474E-1,1.52316E+0,9.84954E-1,5.27589E-1,-9.75804E-2,7.88701E-1,9.68881E-1,2.37191E-1,1.28263E+0,1.11877E+0,1.68907E+0,1.20940E+0,8.50532E-1,6.88919E-1,2.56455E+0,5.23932E-1,2.60687E+0,3.63466E-2,9.00302E-1,7.79399E-1,1.72021E+0,1.81392E+0,1.81263E+0,4.97771E-1,5.58038E-1,1.48023E+0,1.04547E+0,1.23790E+0,4.08161E-1,1.22586E+0,1.73558E+0,-2.76287E-1,1.11157E+0,-3.01014E-1,1.91807E+0,1.51673E+0,1.82720E+0,1.55998E+0,1.09096E+0,2.50625E+0,1.57688E+0,2.05126E-1,1.17231E+0,8.14385E-1,1.36727E+0,1.40070E+0,1.80700E+0,1.57288E+0,2.02247E+0,8.64558E-1,-1.66577E-1,2.65953E+0,1.69949E+0,1.51938E+0,-5.76477E-1,4.78463E-1,1.02801E+0,2.05266E+0,-1.23310E+0,3.69247E-1,1.59107E+0,9.08506E-1,1.91333E+0,-4.65063E-1,9.93901E-1,2.12054E+0,2.74689E-1,1.17049E+0,1.06588E+0,2.50471E-1,2.19281E+0,-5.72197E-1,1.02096E+0,1.09507E+0,1.55760E+0,1.98501E+0
8.06824E+2,-1.43658E-1,-3.14594E-2,5.87183E-2,-5.95602E-2,8.31257E-2,-8.09524E-2,-6.25346E-2,5.84072E-2,1.16108E-1,1.93374E-1,8.30108E-2,-1.42891E-1,-2.86078E-3,-1.13856E-1,4.50286E-2,1.79714E-1,1.89040E-2,-7.45698E-2,1.45641E-1,2.36566E-1,1.49163E-1,1.55808E-1,2.89263E-2,7.54280E-2,3.18284E-1,1.96040E-1,9.35101E-2,1.03759E-1,1.34874E-1,2.98097E-1,7.56404E-2,6.07066E-2,3.15031E-2,-1.53116E-1,5.83678E-4,-1.19858E-1,-1.05309E-1,-1.31624E-1,3.39263E-2,8.88385E-2,-1.58732E-1,-1.04841E-1,-1.61464E-1,3.17755E-2,-1.95630E-1,1.64560E-1,-1.52922E-3,-3.60513E-2,5.67925E-2,-1.99910E-2,8.03727E-2,3.73095E-2,7.00510E-2,-1.45136E-1,-2.25670E-1,6.07043E-2,-2.04612E-1,-9.40491E-2,-4.46959E-4,-1.83670E-1,-8.80347E-2,-2.09964E-2,6.29382E-2,1.11500E-2,-7.06312E-2,-7.88361E-2,-7.87731E-3,1.11211E-1,1.07761E-1,7.77954E-2,4.72294E-2,1.46710E-1,-2.63661E-2,1.30834E-2,-4.92960E-2,1.66982E-1,1.91129E-1,1.57707E-1,5.59075E-2,1.47925E-1,1.07386E-1,8.66538E-2,1.07229E-1,1.81500E-2,-1.35227E-1,-3.19714E-1,-6.67766E-2,-1.17927E-1,-4.79232E-2,-1.06365E-1,1.96131E-2,8.34231E-2,-8.17882E-2,4.03853E-2,2.49376E-2,7.58997E-2,8.07951E-2,-5.13151E-2,-3.01897E-2,-4.07762E-2,-9.28914E-2,-1.94728E-2,-3.53169E-2,-1.28055E-1,7.84482E-2,-1.29591E-1,-1.32620E-1,-4.31687E-2,6.39497E-3,-2.95205E-2,-1.76465E-1,-1.89670E-1,-4.31565E-2,-1.44592E-1,-7.97279E-2,-4.29272E-2,-1.97806E-1,-3.35821E-1,-1.29276E-1,-1.82789E-1,2.70064E-3,-1.70784E-2,3.25747E-2,7.10400E-2,3.15313E-2,-1.38875E-1,-5.51209E-2,-1.02622E-2,-2.14210E-1,-1.01891E-1,-1.99527E-1,-1.29957E-1,1.94826E-2,5.54130E-2,-5.75561E-2,8.89932E-2,-8.01436E-2,-6.08144E-2,-1.41678E-1,-1.99510E-1,-1.39605E-1,-2.19940E-1,-1.78937E-1,-1.69416E-1,-2.59340E-2,8.91336E-2,4.37303E-3,-1.46658E-1,-9.67761E-2,-2.04029E-1,-2.08735E-2,8.06476E-2,-2.17472E-1,-9.68604E-2,8.81463E-3,-9.35095E-3,7.26710E-2,-9.07095E-2,-7.24707E-2,-8.80133E-2,-1.09523E-1,-6.38062E-2,-2.54206E-2,-3.78491E-2,-1.74847E-1,-2.41226E-1,-1.17540E-1
8.10220E+2,-2.77172E-2,-6.29197E-2,1.16745E-2,2.87450E-2,4.23313E-2,1.97416E-2,-6.26202E-2,2.91996E-2,6.29841E-2,2.89133E-2,-2.52418E-2,2.76248E-2,2.25991E-5,-2.57625E-2,-4.69755E-2,-1.94619E-3,-9.66796E-2,-4.54398E-2,1.16021E-2,-1.80236E-2,-4.63613E-2,6.25477E-2,-1.77142E-2,6.49565E-2,6.68092E-2,7.16253E-2,7.19841E-2,4.88069E-2,5.58775E-2,4.39028E-2,8.05235E-2,-3.40652E-2,5.38983E-3,-3.52195E-2,6.64100E-2,-4.02657E-2,-3.45967E-3,-2.32566E-2,3.70264E-2,-6.24101E-2,1.61785E-2,2.12405E-2,-7.51714E-2,-9.94880E-2,-4.72899E-2,-6.96291E-2,1.69417E-2,-1.07309E-1,-3.96998E-4,7.69010E-2,7.99352E-2,1.41084E-2,6.40379E-2,2.27679E-2,-8.83006E-2,9.58763E-3,-8.31957E-2,4.83850E-2,-4.73330E-2,-3.33525E-2,-4.99988E-4,-8.42414E-2,-9.61049E-2,2.52284E-3,-2.30386E-2,-3.27166E-2,-9.20102E-3,5.15689E-2,5.99425E-2,6.65500E-2,-1.18943E-2,1.27253E-2,-3.34760E-2,9.46386E-3,-8.92356E-2,1.98882E-2,4.95361E-2,-8.00116E-2,7.31067E-3,-4.93631E-3,6.63645E-3,4.28767E-2,7.15592E-2,-7.04829E-2,7.33054E-3,-1.83242E-2,1.23009E-2,-3.64069E-2,-7.49875E-2,-2.84302E-3,-2.89831E-2,-4.96230E-2,-3.94777E-2,-1.41822E-2,1.15063E-1,-7.49431E-3,-2.04989E-2,-8.83365E-2,-9.85171E-2,-2.15115E-2,-1.42383E-1,-3.19876E-2,-6.02396E-2,-9.20860E-2,-1.96528E-3,-7.25246E-2,2.13710E-2,-4.95889E-3,-7.37808E-3,-9.93638E-2,-7.85569E-2,-1.21541E-2,-7.91323E-2,-5.67775E-2,-4.93516E-2,-9.01630E-2,-9.13869E-3,-4.08160E-2,-5.84998E-2,-5.35548E-2,6.90832E-3,-4.89400E-2,-3.53028E-2,-3.70616E-2,3.24704E-2,-1.20675E-2,-2.52395E-2,6.98202E-2,-6.40537E-2,-7.66965E-2,-8.43976E-2,6.25149E-3,-1.36178E-2,1.73693E-2,-1.03954E-1,-6.93400E-2,-4.45029E-2,-1.11644E-2,-1.13727E-1,1.01806E-3,-3.64343E-3,1.13965E-1,-4.39811E-2,-5.00066E-2,-1.06635E-1,-8.61410E-2,-1.37641E-2,-6.20619E-3,-2.48610E-2,-4.45290E-2,-6.51953E-2,-8.54256E-2,-5.86390E-2,-2.09384E-2,-5.52075E-2,-8.15165E-2,1.45704E-2,8.69876E-2,-1.28414E-1,-6.75525E-2,-1.11891E-1,-1.65595E-1,3.91968E-2,-2.37491E-2,-1.31088E-1,-2.61596E-2,-1.24397E-1
8.13618E+2,-1.86485E-2,-2.10569E-2,-8.06463E-3,-3.89120E-2,2.14601E-2,2.71404E-2,-3.42929E-2,4.18775E-2,3.52832E-2,9.23232E-4,-9.70207E-3,-3.61082E-2,5.34650E-2,-2.19334E-2,8.56898E-3,-7.44863E-3,1.28901E-3,6.28688E-2,-8.99019E-3,1.21165E-2,4.73952E-2,3.79851E-2,-1.44068E-2,-6.22637E-3,3.09289E-2,1.27021E-2,2.15138E-2,7.58056E-3,1.13714E-2,4.88946E-2,2.80571E-3,3.73336E-2,-5.05117E-2,8.92106E-3,-7.79813E-2,5.35753E-2,-8.37807E-3,2.52356E-2,1.26392E-2,-5.98999E-2,3.91016E-2,-5.80649E-3,3.28984E-2,2.60324E-2,5.40005E-3,-1.74135E-2,4.84433E-3,-1.04105E-2,1.16724E-1,8.25927E-2,-1.24757E-2,-1.38464E-2,-1.73245E-2,-6.31026E-3,-1.26947E-2,-1.28896E-2,-3.66047E-2,1.49924E-2,2.27054E-2,1.83078E-2,1.31909E-3,1.06500E-2,2.16451E-2,-4.41880E-2,3.83697E-2,-4.40263E-3,-1.35459E-2,1.23431E-3,-2.76020E-2,9.83368E-2,2.05876E-3,3.06515E-3,-1.74397E-2,3.50981E-2,3.68696E-2,3.17442E-2,-1.12477E-2,-3.28251E-3,4.14311E-2,5.95495E-3,-3.12843E-2,-1.31505E-2,-3.83705E-2,-7.20301E-4,1.86694E-2,6.77811E-3,-3.07041E-2,1.64727E-2,1.20903E-2,4.55742E-4,-6.94085E-3,-1.09294E-3,1.50988E-2,-5.39983E-2,4.19211E-2,1.82746E-2,2.50624E-2,1.01830E-2,7.54147E-2,-2.19439E-2,-3.48589E-2,9.77240E-2,1.53687E-2,1.28204E-2,1.30619E-3,1.31323E-2,-1.21540E-2,6.03957E-2,1.22553E-2,-2.10124E-2,2.06361E-2,7.30316E-2,1.40183E-3,-9.64595E-3,4.24254E-2,3.43353E-3,1.57795E-2,-3.48197E-2,-3.32220E-3,9.02102E-3,-4.70825E-2,-1.13611E-3,-7.94139E-3,1.39172E-2,1.10978E-2,-2.15046E-2,-6.04359E-2,2.13673E-2,-2.11980E-4,-2.09560E-2,4.01756E-2,9.78933E-3,-8.18934E-4,-1.27666E-2,2.85051E-2,-1.14513E-2,-3.51687E-2,2.81704E-2,5.79833E-2,-5.73468E-3,5.46653E-2,3.94604E-2,2.54387E-2,-1.96072E-3,-2.29283E-2,2.18283E-2,-1.95843E-2,1.25593E-2,-2.78275E-3,9.56809E-2,4.06836E-2,5.70911E-2,9.21379E-3,-1.15781E-3,5.14057E-2,-2.96133E-2,4.85441E-2,6.97765E-2,-4.73942E-2,3.62086E-2,-1.62387E-3,4.01610E-2,-8.25536E-3,-1.66023E-2,4.80784E-2,3.13199E-2,6.24371E-2
8.17016E+2,-1.50452E-1,2.08033E-1,3.06301E-2,-2.63716E-1,3.70342E-2,2.78329E-1,3.40852E-1,-9.91018E-2,-4.48115E-1,-1.98106E-1,2.24402E-1,-2.14400E-1,5.84060E-2,8.21134E-2,1.14092E-1,-1.58820E-1,-4.51745E-2,-1.08780E-2,-1.60312E-2,-2.40036E-1,9.64527E-2,-2.12705E-1,-1.82454E-1,-1.28461E-1,-1.72124E-1,-2.79281E-1,-2.77232E-1,9.32419E-2,-1.31039E-1,-1.39542E-1,-2.61409E-1,6.43193E-2,3.44815E-2,5.86514E-2,5.29491E-2,2.60593E-1,-1.34189E-1,8.22789E-3,3.34689E-1,3.82710E-2,2.84056E-1,-9.01403E-2,9.98884E-2,4.01600E-1,-9.66117E-2,9.56760E-2,-1.59088E-1,2.81763E-1,3.54305E-2,-3.28918E-1,4.48019E-1,2.73292E-1,7.56298E-2,1.25126E-1,2.46885E-1,1.90389E-1,1.67494E-1,5.76896E-2,-6.93557E-2,4.12718E-1,1.92255E-1,9.37851E-2,1.83792E-1,1.09526E-1,-7.97942E-2,2.15312E-1,2.99810E-1,-2.70293E-1,-1.02990E-1,-5.38208E-2,4.42151E-2,-2.81602E-1,-2.20319E-1,3.34580E-1,-1.54377E-1,-1.50444E-1,-9.27888E-2,1.09264E-1,-3.55146E-2,-1.82972E-1,-8.96348E-2,-2.00492E-1,-2.08971E-1,9.77440E-2,1.84355E-1,-4.01419E-2,-2.40501E-1,8.11078E-2,5.38828E-1,1.42784E-1,-8.80284E-2,1.73807E-1,2.09299E-1,3.25037E-2,3.21193E-2,-1.46824E-1,2.24339E-2,2.93608E-2,8.20883E-2,-1.05209E-1,2.15164E-1,-1.07134E-1,1.36463E-1,2.00355E-1,1.39409E-1,2.12380E-1,2.43571E-1,-1.21510E-2,-5.06947E-2,6.23721E-2,1.90628E-1,1.22844E-1,1.51632E-1,2.40654E-1,2.86155E-1,1.98607E-1,2.55711E-1,-7.92813E-3,2.53386E-1,1.69259E-1,1.41571E-1,2.03257E-1,2.72393E-1,1.95979E-1,1.58677E-1,2.53359E-1,5.96202E-3,1.75790E-1,3.70759E-1,4.33067E-1,1.95556E-1,5.19925E-1,4.22139E-1,1.50102E-1,-1.01894E-1,2.65524E-1,-4.94251E-3,2.81204E-1,3.25129E-1,2.40823E-1,1.24816E-1,9.07067E-2,2.46051E-1,3.24299E-1,6.58701E-3,1.79520E-2,2.83580E-1,3.09844E-1,1.19996E-1,-8.59239E-2,1.61445E-1,-2.05637E-1,1.51404E-1,2.33748E-1,8.01757E-2,-3.63371E-1,3.12479E-1,6.83412E-2,3.33223E-1,8.18612E-2,2.35033E-1,9.34968E-2,-1.16299E-1,7.17826E-2,2.42657E-1,1.64686E-1,1.36011E-1
8.20415E+2,-1.38974E-3,-2.07923E-2,-3.20279E-2,-4.26692E-2,-1.49844E-2,-1.07698E-2,-1.01930E-2,1.94456E-2,8.73942E-2,7.38489E-2,2.89265E-3,-2.73652E-2,9.24162E-3,-7.92701E-2,4.66386E-2,-1.91772E-2,3.75375E-2,-1.28855E-2,4.17136E-2,-5.00453E-2,3.29171E-2,7.76104E-2,6.02702E-2,7.84209E-2,7.84747E-2,9.47617E-2,9.52720E-2,-6.98126E-3,-6.33614E-3,7.57495E-2,1.25827E-1,-7.48788E-2,3.49171E-2,4.55686E-2,-9.25448E-3,-2.17689E-3,-7.42118E-2,-9.37069E-2,-3.01024E-2,-3.45576E-3,-3.06246E-2,-4.01350E-2,-5.69549E-2,-6.00018E-2,-6.06611E-2,-6.41800E-2,2.03305E-2,-1.06837E-1,1.59572E-2,-5.04466E-2,-6.20913E-2,-3.59961E-2,6.44711E-2,-9.07365E-2,-3.18767E-2,7.25769E-2,-3.54158E-2,-2.61260E-2,1.52029E-2,-5.85226E-2,2.17090E-3,-9.99448E-2,3.75619E-2,-6.77663E-2,-8.40453E-2,-4.00670E-2,7.41263E-3,1.72586E-2,3.87022E-2,-2.15211E-2,8.24207E-3,4.22741E-2,3.33291E-2,-1.70137E-2,3.59231E-2,2.45934E-2,-2.75300E-2,4.59351E-2,9.83582E-3,-1.10313E-2,2.03179E-2,3.83635E-2,-2.68082E-2,-1.24517E-2,-2.75632E-2,-3.87747E-2,2.09108E-4,-2.03307E-2,-2.93811E-2,-5.63947E-2,-8.13446E-2,-1.41809E-2,-3.37384E-2,-6.13701E-2,8.15938E-3,1.47513E-2,-2.07026E-2,-6.63147E-2,1.91273E-2,-5.27680E-2,-6.14781E-2,-3.43914E-2,-5.62756E-2,-5.27669E-2,7.86595E-3,-6.66248E-2,-9.35527E-2,-1.03724E-1,-1.42480E-4,-7.26596E-2,-4.24450E-2,-3.59690E-2,6.57360E-3,-3.82943E-2,-5.76616E-2,2.24681E-2,-2.20900E-2,-7.82787E-2,-1.12563E-1,-1.02038E-1,1.24637E-2,-5.92189E-2,-2.29846E-2,-1.13690E-2,8.83469E-3,-3.05239E-2,-4.57067E-2,-1.84885E-2,-2.95748E-2,-2.63516E-2,-3.38414E-2,-4.21898E-2,-2.30627E-2,-3.52085E-2,-1.04587E-1,-9.33880E-2,-3.57199E-3,-4.68041E-2,-5.53436E-2,-4.78552E-2,-8.87701E-2,-6.66430E-2,-1.09943E-1,-9.24007E-2,1.42019E-3,2.32095E-2,-6.90618E-2,-6.15467E-2,-1.22995E-2,7.14904E-2,-1.10626E-1,-3.54952E-2,-8.42704E-2,2.33461E-2,-3.18034E-2,-3.26862E-2,5.97297E-3,2.10428E-2,-9.71046E-2,-4.83984E-2,-5.87922E-2,-6.55911E-4,-4.92911E-2,-5.42489E-2,-9.82069E-2,-5.26113E-2,-1.58182E-2
8.23814E+2,8.02080E-2,-4.47677E-1,5.16036E-2,-4.47357E-2,-2.35060E-2,1.16661E-1,-1.66915E-1,1.06763E-1,6.88365E-1,7.13219E-2,2.17221E-1,-5.13263E-2,-2.83861E-1,-2.13539E-1,-1.00584E-1,-1.34393E-1,3.50626E-2,-1.37195E-1,2.11761E-1,3.50470E-1,2.09073E-1,3.20429E-1,3.25090E-1,-7.41280E-2,3.46306E-1,5.85619E-1,1.46084E-1,2.49809E-1,-2.56389E-2,4.99689E-1,3.41770E-1,-1.47021E-1,8.46960E-2,1.38918E-1,9.32605E-2,-1.59132E-1,-7.39377E-2,-3.13108E-1,-2.71340E-1,-3.48221E-1,9.36105E-2,-8.06915E-2,-1.94332E-1,-4.11085E-1,-1.71089E-1,-1.44929E-1,-2.47372E-1,-2.83720E-1,5.59610E-3,9.17246E-3,-2.33192E-1,-2.12010E-1,-3.95742E-1,9.50561E-2,-1.60845E-1,-1.42277E-1,-4.60276E-1,-9.01695E-2,-3.39592E-1,-4.89147E-1,-5.80331E-1,-3.86870E-1,2.59283E-2,3.52620E-2,-1.54565E-1,-2.84653E-1,-1.35378E-1,1.77806E-1,1.41045E-1,-5.65899E-4,9.92670E-2,2.26392E-1,7.43368E-3,-6.31793E-1,1.98231E-1,5.86531E-1,1.86904E-1,-2.72620E-1,-1.82728E-1,7.49192E-2,1.30922E-1,3.05564E-2,-2.37696E-2,-4.12171E-2,-5.40970E-1,-1.68192E-1,-1.41449E-1,-3.98905E-1,-3.94280E-1,-2.59435E-1,-2.02884E-1,-1.54510E-1,-4.39502E-2,-1.89976E-1,2.71163E-1,-1.94021E-1,9.92342E-2,-3.67861E-1,8.33613E-2,-3.15259E-1,-3.49420E-1,-1.90815E-1,-1.51539E-1,-3.72793E-1,-5.33799E-1,-5.22233E-1,-1.42849E-1,-5.78795E-1,-4.96981E-1,-3.13315E-1,-5.89226E-1,-8.48716E-1,-6.31948E-2,-2.88273E-1,-3.44927E-1,-1.94122E-1,-3.04577E-1,-3.01075E-1,-4.36952E-1,-5.23139E-1,-5.48622E-1,-6.48553E-1,-3.50978E-2,8.46097E-3,-1.10108E-1,-5.52421E-1,-3.36252E-1,-1.75582E-1,-5.21937E-1,-2.64830E-1,-6.61066E-1,-6.13081E-1,1.60624E-2,-3.34717E-1,-3.11473E-1,-1.60964E-1,-3.98752E-1,-2.01983E-1,-1.44110E-1,1.98393E-1,-1.22229E-1,-1.26511E-1,-1.97230E-1,-2.04290E-1,-3.75569E-1,-3.77527E-1,-2.22172E-1,-5.13915E-1,-3.67339E-1,-1.34569E-1,-4.70078E-1,-3.82335E-1,-1.71361E-1,-6.24007E-1,-2.15734E-1,-6.61923E-1,-1.72360E-1,-3.12253E-1,-4.41797E-1,-3.52028E-1,-8.20489E-1,-4.43714E-1,-6.44332E-1,-3.70299E-1,-1.26422E-1,-2.83839E-1,-5.66342E-1
8.27214E+2,4.65078E-2,-7.22968E-2,1.19625E-1,8.22605E-3,-2.81538E-1,-1.58285E-1,-1.31809E-1,2.02346E-1,3.31088E-1,1.99513E-1,-8.04636E-2,7.16436E-2,-8.52474E-2,-3.47490E-1,1.78178E-1,-1.01981E-1,-6.56075E-3,-2.45543E-1,-7.98166E-2,9.35979E-2,8.02246E-2,-7.90827E-3,6.32463E-2,9.96701E-2,2.68833E-2,2.30393E-1,1.82507E-1,1.75242E-1,-1.10783E-1,1.89965E-1,-9.87008E-2,-1.00974E-1,-3.92791E-2,-2.34468E-1,-1.63814E-1,-1.82258E-1,-1.44574E-1,-2.28214E-1,-1.07792E-2,-1.36760E-1,-2.08149E-1,-9.04681E-2,-4.53619E-1,-2.84699E-1,-1.93049E-1,-1.76142E-1,-4.32747E-1,-2.92293E-1,-1.59791E-1,-2.42735E-1,-9.92238E-2,-2.22458E-1,-8.97692E-2,1.24444E-1,-3.56037E-1,-2.47799E-1,-2.53233E-1,-4.84067E-2,-1.50974E-1,-4.42275E-1,-1.39605E-1,-1.36880E-1,-1.94556E-1,-7.11702E-2,-8.33573E-2,-2.11176E-2,-1.87795E-2,7.13671E-2,1.47622E-1,3.77004E-1,-6.57328E-2,5.24447E-1,9.38652E-2,-9.76203E-2,6.62396E-2,6.03823E-2,7.01474E-2,-1.64422E-2,-2.68230E-1,-7.96087E-2,-1.82856E-1,3.79825E-2,1.14421E-1,7.97290E-2,-4.14542E-2,-2.30143E-1,-8.49127E-2,-7.27948E-2,-2.35084E-1,-2.73488E-1,-1.37906E-1,-6.93310E-2,-1.87150E-3,-1.36170E-1,-4.60737E-2,-1.66016E-1,-3.00939E-2,4.14708E-2,-6.74381E-2,-2.40949E-1,-3.67675E-1,-6.84173E-2,-1.19950E-1,-3.84771E-1,-1.34627E-1,-2.67048E-1,-1.37155E-1,-2.10835E-1,-9.43625E-2,-1.26220E-1,-4.74111E-1,-3.86083E-1,-2.47576E-1,-3.22835E-1,-2.44822E-1,-2.04667E-1,-7.60652E-2,-2.37365E-1,-2.52156E-1,-2.17925E-1,-1.47716E-1,-4.19463E-1,-2.45068E-1,-1.70361E-1,-1.14362E-1,-2.90837E-1,-3.39463E-1,-2.99221E-1,-4.14642E-1,-6.53571E-1,-2.49072E-1,-2.05033E-1,2.70999E-2,-1.51928E-1,-1.57150E-1,-1.91999E-1,-3.58571E-1,-1.57774E-1,-1.11475E-1,-1.49915E-1,-3.22597E-1,-8.39931E-2,-2.36490E-1,-1.74827E-1,-1.37778E-1,-7.96983E-2,-1.06087E-1,-2.88024E-1,-1.81945E-1,-5.13865E-2,-1.52090E-1,4.46097E-2,3.34443E-2,-1.75424E-1,-1.03966E-1,-2.81906E-4,-2.00385E-1,-3.17591E-1,-2.64981E-1,-6.21317E-2,-3.82936E-1,-1.62977E-1,-1.48496E-1,-3.68549E-1,-1.34415E-1,-4.35062E-1,-3.74814E-1
8.30615E+2,2.56072E-3,-1.51573E-1,1.09360E-1,-1.86587E-2,-4.40115E-2,-5.19936E-2,-5.18761E-2,5.71582E-2,2.00263E-1,-1.02748E-2,-6.18760E-2,8.96385E-3,-4.36175E-2,6.19701E-2,-6.39487E-3,1.25317E-1,8.47122E-3,-4.29423E-2,-4.82500E-2,2.65483E-2,1.08725E-2,-1.10709E-2,1.34190E-1,-5.08751E-3,-3.61896E-2,2.88727E-1,1.81912E-1,1.81457E-1,4.43112E-2,1.87774E-1,6.62242E-2,-5.44130E-2,1.03527E-2,-2.51825E-2,6.17094E-2,-8.95261E-2,1.16921E-2,-1.43125E-1,-2.53783E-1,-1.45684E-1,-8.91677E-2,-2.95547E-2,-4.97354E-2,1.41281E-2,2.06224E-3,-4.35624E-2,-6.89221E-2,-1.48159E-1,-5.67144E-2,-3.68185E-2,8.46391E-2,-1.00698E-1,-3.05275E-2,2.75216E-2,-2.67076E-1,-3.58640E-2,-1.41194E-1,-6.46893E-2,-7.22803E-2,-1.97895E-1,-2.44477E-2,-9.71768E-2,-1.41322E-1,-1.33669E-1,-3.03840E-2,-2.91368E-1,-4.52499E-2,2.35198E-1,8.95324E-2,2.85433E-4,1.79602E-1,1.86429E-1,-1.22113E-2,6.13731E-2,4.59224E-2,1.13805E-1,-4.24171E-2,-1.29275E-1,-1.04969E-1,1.43989E-1,-4.95896E-2,4.58528E-2,-9.41813E-3,-8.23011E-2,-1.90761E-1,-1.44101E-1,8.11491E-2,-8.45790E-2,-2.75280E-1,-1.77231E-1,-5.11587E-2,-2.45019E-2,-2.74058E-2,1.58666E-3,-1.04633E-2,-7.99072E-3,3.46767E-2,-4.52941E-3,-6.98373E-2,-6.08854E-3,-2.70065E-1,-1.67909E-2,-1.13007E-1,-9.39943E-2,-1.60793E-1,-3.57054E-1,-2.05969E-1,-1.34257E-1,-1.33618E-1,-1.77082E-1,-1.28129E-1,-1.72558E-1,-1.91477E-1,-1.36960E-1,-1.37932E-1,9.72986E-2,-1.00543E-1,-2.44596E-1,-2.20958E-1,-1.83273E-1,-1.85075E-1,-1.01929E-1,-1.19270E-1,3.92339E-2,-3.60660E-2,-5.89448E-2,-7.82515E-3,-4.37464E-2,-1.15296E-1,-1.93083E-1,-1.55895E-1,-3.06193E-1,-1.82012E-1,-2.97152E-2,-8.71079E-2,-1.99969E-1,-9.30276E-2,-4.89597E-2,-2.06542E-1,-2.61398E-2,-1.38851E-1,-1.09289E-1,-2.05520E-1,-2.59048E-1,-7.03293E-2,1.04389E-1,-2.10320E-1,-2.41002E-1,-1.66617E-1,-2.12398E-1,-2.14162E-1,5.57994E-2,-9.38710E-2,-3.86000E-1,-1.76082E-1,-1.02770E-1,-5.51058E-3,-1.75904E-2,-1.51304E-1,-1.46947E-1,-2.33787E-1,-1.90190E-1,-4.07301E-2,-2.28846E-1,-6.24066E-2,-2.34807E-1,-1.94810E-1
8.34017E+2,-2.75275E-2,-2.56864E-2,-8.95443E-3,2.70835E-2,3.11115E-3,5.65841E-2,8.75259E-3,-5.23822E-3,-5.10394E-2,1.92263E-2,-1.96725E-2,-2.19659E-2,2.97580E-2,3.08865E-3,1.24802E-2,1.16977E-1,-3.95315E-3,6.85979E-3,1.25213E-1,-4.82078E-2,1.65887E-2,2.30799E-2,3.82663E-2,1.11344E-2,4.04484E-2,5.61287E-2,1.04499E-1,5.64595E-2,-2.74117E-2,6.34480E-2,-6.62744E-2,8.61171E-2,3.23647E-2,1.11932E-1,-2.90365E-2,1.05752E-1,6.08394E-2,-5.37733E-3,4.96896E-2,4.00012E-2,7.98414E-2,3.09423E-2,5.78343E-2,1.39350E-2,1.15615E-1,-2.10787E-3,4.46690E-2,-3.95844E-2,-9.26319E-3,1.07977E-1,3.94752E-2,1.42623E-1,3.83985E-2,1.12603E-1,5.11792E-2,2.29392E-2,1.21041E-1,-1.77823E-2,2.01575E-2,-1.93615E-2,2.76588E-2,-4.55545E-3,7.19030E-2,-5.27769E-2,7.99118E-3,8.09762E-2,7.79956E-3,-3.45371E-2,-1.64094E-2,5.15201E-2,7.63856E-2,-6.49675E-3,1.01304E-1,-2.42562E-2,8.69990E-3,3.07193E-2,8.33899E-2,9.55500E-2,4.94055E-2,-1.26342E-2,2.87867E-2,6.64400E-4,5.21659E-2,-3.70467E-2,1.01566E-1,7.05847E-2,6.73746E-3,-3.67620E-2,6.71123E-2,6.40864E-2,6.89833E-2,2.92880E-2,7.34062E-2,2.49386E-2,1.42311E-1,1.16002E-2,1.53888E-2,4.34753E-2,7.28928E-2,1.00309E-1,-1.95912E-2,4.18518E-2,9.97260E-2,2.02194E-2,7.80081E-2,5.04438E-2,-6.59568E-3,7.51017E-2,8.95654E-2,5.11684E-2,7.05055E-2,-2.65779E-2,7.21018E-2,8.13386E-2,5.90954E-2,1.06912E-1,7.01052E-2,-3.38745E-3,4.93888E-2,4.80613E-2,1.37980E-1,9.66102E-2,4.52497E-2,1.32323E-2,1.31451E-1,1.33332E-1,3.19045E-2,1.00813E-1,3.91774E-2,9.09549E-2,-3.90079E-3,7.25303E-2,8.92578E-2,2.70150E-2,7.08622E-2,5.29643E-3,7.45572E-2,3.71591E-2,8.35656E-3,1.10593E-1,6.91867E-2,9.21893E-2,1.96206E-2,1.15400E-2,-1.03191E-2,2.19816E-3,3.75346E-2,8.67470E-2,1.29979E-1,4.36135E-2,-6.75226E-3,5.08630E-2,1.29874E-1,9.62677E-2,1.10337E-1,-2.04179E-2,5.74798E-2,1.05812E-1,3.66543E-2,9.61315E-2,9.17341E-2,5.87145E-2,-3.95523E-2,-2.72978E-2,8.34581E-2,5.97303E-2,2.42664E-2
8.37419E+2,-2.93979E-2,6.70398E-3,1.08559E-1,-4.78927E-2,1.35778E-2,-8.42843E-3,1.44792E-2,2.70651E-2,4.43431E-2,7.13575E-2,-5.58077E-2,-2.58318E-2,2.19119E-2,-1.25496E-1,-1.51437E-2,-3.01283E-2,4.46033E-2,3.44696E-4,2.12478E-2,4.88061E-2,2.58088E-2,-7.67958E-3,1.83327E-2,9.16641E-2,2.82614E-2,1.44159E-1,3.80997E-2,3.48585E-2,-2.23949E-2,1.15163E-1,8.16919E-2,3.83396E-2,3.40855E-2,3.14159E-2,4.86729E-2,5.95655E-2,2.45268E-2,-2.33292E-3,6.72881E-2,-1.77629E-2,1.62861E-3,-4.92987E-3,3.91611E-2,8.24306E-3,7.01977E-2,3.92486E-2,1.99387E-2,-1.57079E-2,4.39124E-2,4.54004E-2,2.90749E-2,2.74441E-3,3.11494E-2,1.49524E-2,2.54495E-2,1.38793E-2,-3.63274E-2,-4.78414E-2,5.71709E-2,-3.00462E-2,-2.54348E-2,4.87333E-2,2.81717E-2,-2.85026E-2,-3.71387E-2,1.96874E-2,-8.61980E-4,1.42636E-2,-2.55695E-3,1.11324E-2,-2.22226E-2,1.31160E-1,-2.04932E-2,5.79094E-2,7.16282E-2,7.38697E-2,3.48213E-2,1.06786E-3,4.78413E-2,2.84520E-2,3.73308E-2,7.53883E-2,7.78726E-2,4.73952E-2,-1.42521E-2,-5.92028E-2,1.84366E-4,4.80527E-4,-4.14062E-2,-4.66817E-2,-2.73601E-2,1.62594E-2,-7.43301E-2,1.13961E-3,3.10017E-3,-4.27051E-2,3.45446E-2,3.74464E-2,2.31445E-2,-1.66831E-2,4.71226E-2,3.44890E-2,7.31360E-2,-7.86706E-2,-8.67358E-3,4.67319E-2,-6.75844E-2,-3.54771E-2,1.54191E-2,-1.95971E-2,-3.12886E-2,1.86642E-2,-2.59237E-2,1.20875E-2,-1.31281E-2,5.91146E-2,9.82301E-2,-5.26752E-2,-3.00278E-2,1.08547E-2,1.22938E-2,-8.71690E-3,3.98157E-2,-1.36222E-2,-3.07838E-2,3.26922E-2,6.01896E-3,8.31224E-3,-3.64814E-2,1.85260E-2,2.30801E-2,8.59041E-2,4.96728E-2,4.29077E-2,5.15041E-3,2.22230E-2,-1.40185E-2,-3.47975E-3,7.30624E-3,2.10026E-2,9.04640E-2,3.46916E-2,-1.09761E-2,3.31131E-2,-3.94965E-2,5.98712E-2,-4.48234E-2,-4.66847E-2,-4.83256E-2,-3.65786E-2,7.88518E-2,2.80821E-2,1.95958E-2,-3.37545E-2,8.20566E-3,-2.82037E-2,3.02959E-2,4.87666E-2,-1.34002E-2,-6.35629E-3,-5.68569E-3,-2.31903E-2,-1.84116E-3,1.00275E-2,-1.54486E-3,-4.65430E-2,-4.54562E-2
8.40822E+2,4.02060E-1,2.53974E-1,-4.35893E-2,2.04035E-1,5.13434E-1,-6.53650E-1,-1.04730E-1,-1.89328E-1,-1.49142E+0,-3.37007E-1,-6.93550E-1,1.06552E+0,1.36220E-1,4.77467E-1,4.60559E-1,-1.44282E-1,-2.73474E-1,-4.25842E-1,-3.51899E-1,-7.11245E-1,-1.22812E+0,-1.66056E-1,-6.30924E-1,-6.41536E-1,-1.11576E+0,-6.43529E-1,-1.34574E+0,-1.76713E-1,1.41847E-2,-1.30176E+0,-2.21232E-1,5.44641E-1,-6.26913E-1,3.97145E-1,3.44030E-1,1.14323E+0,-3.73890E-1,-2.57876E-1,-4.63166E-2,2.36481E-1,1.01790E+0,3.91537E-1,2.60363E-1,1.94537E-1,4.79496E-1,1.74423E-1,1.20982E-1,1.52125E+0,2.93003E-1,7.19630E-1,-9.66190E-2,2.89769E-1,8.82839E-1,5.86520E-1,7.53586E-1,-2.08314E-1,1.29542E+0,1.03195E-1,5.80500E-1,1.03470E+0,1.47504E-1,2.08082E-1,7.76402E-2,1.09937E+0,3.38678E-1,-1.70885E-1,4.49374E-1,-1.06167E+0,-6.19330E-1,-1.15851E+0,-6.96792E-2,-1.21112E+0,-4.80338E-2,4.28890E-1,3.19549E-1,-6.48976E-1,-1.32514E+0,-2.37891E-2,1.83198E-1,-2.55794E-1,-1.23521E-1,-7.26659E-1,-1.12004E-1,-1.72332E-1,-7.60413E-2,4.58046E-2,3.26250E-1,6.49574E-1,7.91700E-1,2.97735E-1,8.82451E-2,-4.63165E-2,3.63488E-2,-2.69044E-1,9.84449E-2,-2.32718E-2,-4.05758E-1,1.98253E-1,5.00015E-1,-9.44238E-2,1.22913E+0,8.66287E-2,4.33846E-1,7.53251E-1,1.78130E-1,5.57397E-1,3.55123E-1,1.33253E+0,-1.47076E-1,2.44401E-1,6.75922E-1,8.52265E-1,5.11872E-1,5.39455E-1,5.95490E-1,9.14409E-1,3.78816E-1,1.21029E+0,1.15686E+0,3.43535E-1,3.34874E-1,7.71033E-1,4.66014E-1,1.59380E-3,-7.03602E-2,3.78757E-1,-4.67792E-1,4.87661E-1,8.13394E-1,7.99116E-1,1.22010E+0,1.11847E+0,3.00097E-1,-2.58045E-1,1.01619E+0,4.26716E-1,2.94238E-1,5.78458E-1,2.90827E-1,1.68064E+0,1.49365E+0,3.00304E-2,6.15378E-1,1.51845E-1,7.56831E-1,1.03957E-1,-1.96626E-1,1.38930E+0,2.23177E-1,7.05299E-1,-1.53677E-1,7.87531E-1,-7.99769E-1,1.06457E+0,1.12432E+0,5.96029E-1,1.52573E-1,4.15676E-1,8.09038E-1,8.80040E-1,1.27864E+0,4.09603E-1,3.31296E-1,9.56024E-1,5.90270E-3,5.84354E-1,-2.10093E-1
8.44226E+2,1.15235E-1,-8.48506E-2,-3.05602E-2,2.75473E-2,-6.16968E-2,-4.01253E-2,-8.60917E-2,-1.19673E-2,3.85082E-2,-2.39272E-3,2.18353E-3,7.10080E-2,1.59416E-2,8.12829E-3,3.91327E-2,4.90601E-2,1.31822E-2,1.98820E-2,7.88300E-2,-7.85745E-2,8.49322E-2,1.15285E-1,-2.72251E-3,-2.13203E-2,-1.84270E-2,-4.70887E-2,1.48543E-1,-6.41809E-2,3.26983E-3,3.14833E-2,-2.75761E-2,3.79554E-2,5.05611E-2,4.60267E-3,4.64377E-2,1.06175E-1,-2.39224E-2,3.70502E-2,-2.32214E-2,-2.77120E-2,7.76222E-2,3.18111E-2,3.14892E-2,1.17767E-1,-2.87384E-2,-4.82948E-2,-7.32773E-3,1.10757E-1,-4.75623E-2,2.41265E-2,6.90735E-2,8.52682E-2,4.90601E-2,1.38344E-2,3.41915E-2,1.57239E-1,1.23206E-1,7.91806E-2,7.38401E-2,3.93526E-2,4.11474E-2,-4.31567E-3,-1.06292E-1,-2.96414E-2,-6.36903E-2,2.62928E-2,1.45568E-1,3.78167E-3,-1.32880E-2,2.88952E-2,7.45618E-2,-4.62145E-2,-2.35197E-2,7.60569E-2,7.00248E-3,5.71016E-3,-2.05430E-2,-3.20658E-2,7.24361E-2,1.52544E-2,7.83634E-3,3.95901E-3,2.23433E-2,-4.95591E-2,-1.01553E-2,-1.99488E-2,6.36870E-2,1.09027E-2,6.78161E-2,6.06984E-2,7.11344E-2,5.12919E-2,-1.08146E-1,2.44861E-2,4.28227E-2,-1.27241E-2,-6.05633E-2,-2.60724E-2,-2.38393E-2,2.83462E-2,1.14819E-1,9.63155E-2,1.29222E-1,1.94879E-2,4.38598E-3,5.94304E-2,1.09765E-1,9.95764E-2,8.21108E-2,6.82104E-3,8.05687E-2,1.18414E-1,1.23268E-1,-1.08841E-2,1.58186E-2,-5.35662E-3,4.78409E-2,-5.25604E-2,3.76837E-2,-4.07352E-2,4.97593E-2,8.07364E-2,-5.57811E-2,-2.02512E-2,2.16292E-4,-1.76393E-2,-4.24032E-2,4.10552E-2,1.12494E-1,7.15894E-2,1.26422E-1,9.55623E-2,-6.04443E-3,-6.81272E-2,-2.23878E-2,5.26668E-2,3.16271E-2,9.46231E-3,1.28507E-1,1.11885E-1,3.38255E-2,-3.49231E-3,1.69299E-2,-7.83287E-2,1.12212E-2,2.10100E-2,-1.16690E-2,-1.29091E-2,6.28558E-2,-5.51568E-2,4.10398E-2,1.85170E-2,3.10323E-2,1.09514E-1,7.15322E-2,2.03790E-2,3.16690E-2,5.97468E-2,1.40863E-1,5.54500E-2,1.75602E-1,4.11749E-2,1.89488E-2,7.89068E-3,-2.28449E-2,9.01416E-2,7.69331E-2
8.47630E+2,3.68072E-2,1.50246E-1,-5.67558E-2,2.97295E-2,-1.40643E-2,-8.59188E-2,-4.19996E-2,1.32357E-1,-4.77888E-2,-1.37167E-1,3.37188E-2,3.61016E-2,-5.07397E-2,4.05600E-2,-2.50865E-2,-2.77923E-2,2.31048E-1,8.34945E-3,-7.94399E-2,9.37251E-2,-1.35692E-1,1.86915E-1,1.77323E-1,1.90401E-2,-1.69606E-1,-1.07447E-1,-3.01937E-1,-8.18884E-2,3.18649E-2,-7.84896E-2,-1.33440E-1,4.34929E-2,-4.56370E-2,-1.16881E-1,-2.68317E-2,-2.88438E-2,-1.00111E-1,1.05560E-1,3.86552E-2,8.45589E-3,2.79461E-1,2.22693E-1,7.00188E-2,-1.44940E-1,-7.36719E-3,-9.55575E-3,1.54531E-1,3.01295E-1,-2.08739E-2,-2.89278E-2,-3.33422E-2,4.60177E-2,9.64295E-2,-5.21134E-2,1.60460E-1,-1.42247E-1,1.45959E-1,2.00298E-1,-1.42002E-2,2.08431E-1,3.61994E-2,1.17171E-1,-8.19971E-2,1.71814E-2,-1.30944E-2,1.04520E-1,5.63913E-2,-2.16539E-2,-6.24286E-3,3.85597E-2,-7.35630E-2,-4.39189E-2,-2.47518E-1,-1.16435E-1,-4.08295E-2,-9.70350E-2,-4.84518E-2,-1.01477E-1,-7.29407E-4,3.50307E-2,-7.96688E-2,-1.88791E-2,-7.74993E-2,-8.90413E-2,-1.61271E-1,-5.18271E-2,-1.79917E-1,-8.62404E-2,5.72590E-2,-6.30341E-3,2.73123E-2,4.90644E-3,1.54750E-1,-6.71627E-2,-5.07094E-2,1.16576E-1,1.10364E-2,-6.56046E-3,1.36148E-1,5.81478E-2,2.11635E-1,1.27886E-1,1.71015E-1,1.38138E-1,-9.61390E-2,7.35016E-2,3.42644E-2,1.05798E-1,4.51033E-2,-3.55017E-3,6.54436E-2,3.62259E-2,7.57847E-3,-1.01678E-1,1.18850E-1,-1.61344E-1,4.53137E-2,2.45602E-1,1.51585E-1,1.02562E-1,-1.42558E-1,2.41018E-1,-2.78098E-2,-1.48016E-1,-5.81057E-2,1.19413E-1,1.45280E-2,1.04012E-1,2.14186E-1,8.11726E-2,1.83945E-1,3.10126E-2,-5.07347E-2,3.15777E-2,9.10541E-2,3.34560E-2,1.63059E-1,1.51443E-1,1.89014E-1,8.39976E-2,2.42679E-1,-1.11213E-1,8.41757E-3,-4.42090E-2,5.98140E-2,-1.29832E-1,8.23353E-2,1.71252E-1,2.33337E-1,5.12123E-2,4.93164E-2,9.00745E-2,1.60181E-2,3.95212E-3,-1.07748E-1,4.52953E-3,1.94132E-2,1.63469E-2,1.01818E-1,1.33929E-2,1.71762E-1,-9.63610E-3,1.63488E-1,1.72372E-1,-5.03008E-2,4.92933E-2,1.77117E-1
8.51035E+2,8.41963E-2,-1.22734E-1,3.06036E-2,1.97067E-2,-4.58687E-2,-2.41554E-2,2.56529E-2,6.38200E-2,1.07156E-1,8.84661E-2,-4.90005E-2,-3.81371E-2,2.47239E-2,-9.62639E-2,-6.81650E-2,3.71951E-3,-7.61002E-2,-7.14742E-2,9.54546E-2,2.06090E-2,6.91971E-2,1.83498E-2,4.14282E-2,1.06258E-1,5.46059E-2,4.04735E-2,7.03131E-2,4.46371E-2,5.53877E-2,5.48521E-2,5.89517E-2,-4.84057E-2,-1.14521E-3,7.48674E-2,-2.72283E-2,-5.65990E-2,1.76024E-2,-1.03845E-2,-3.39761E-2,-9.56708E-2,-1.17810E-1,-1.44262E-2,-3.80049E-2,-1.05677E-2,-1.76282E-2,4.31233E-2,-1.29541E-4,-3.53311E-2,2.77486E-2,7.65047E-3,-2.05201E-2,1.88530E-2,-4.89181E-2,-4.78854E-2,-7.83875E-2,4.53642E-2,-1.37709E-1,-5.10179E-2,2.43528E-2,-9.79087E-2,2.25835E-2,2.17695E-2,-4.36572E-2,1.10600E-2,-4.69711E-2,-9.30397E-3,1.87235E-2,9.93812E-2,2.51569E-2,5.91688E-2,7.55912E-3,1.91096E-1,-1.78841E-2,-4.03503E-3,1.22655E-1,-1.45295E-2,2.14682E-2,2.89793E-2,3.15291E-2,1.96048E-2,7.77814E-4,1.05805E-1,1.81021E-2,4.53391E-2,-6.47255E-2,-7.53801E-2,-3.80190E-2,-2.31007E-2,-3.91308E-2,-3.88034E-2,-2.84227E-2,-1.25811E-2,-2.67706E-2,-2.97088E-2,-3.60814E-3,-3.61007E-2,-1.30279E-2,1.22518E-2,1.79308E-2,-3.58507E-2,-9.40643E-2,-5.53596E-2,-1.16498E-1,-8.38936E-2,3.80625E-2,-9.83666E-2,-1.20465E-2,-9.08643E-2,-3.25792E-2,-5.95839E-2,-1.82151E-1,-1.39491E-1,-7.86222E-2,-1.28961E-2,-4.47740E-2,3.94572E-2,-4.34270E-2,-1.71036E-1,-6.97772E-2,-1.16653E-1,-5.07877E-2,-8.63009E-2,-2.39464E-2,1.29695E-2,5.29624E-2,-5.60858E-2,-5.25254E-2,-3.83199E-2,-8.15912E-2,-1.19379E-1,-1.41701E-2,-8.57205E-2,1.12404E-1,-1.33196E-2,-7.52815E-2,2.41801E-3,-3.52108E-2,-8.26527E-2,-7.08029E-2,-4.16079E-2,-7.64561E-2,8.90799E-3,-6.92494E-2,-1.42768E-1,-1.50665E-2,-2.41558E-2,-7.37633E-2,-6.83068E-2,-7.92653E-2,4.26475E-2,5.06683E-2,-2.29844E-2,-4.37832E-2,-1.13118E-1,-1.56565E-2,1.17371E-2,-4.81382E-4,-6.63458E-2,-1.52559E-1,-2.73508E-2,-6.85412E-2,-2.45275E-1,3.60953E-2,-4.79958E-2,-1.10294E-1,-1.31686E-1,-5.44793E-2
8.54441E+2,1.19655E-2,-1.26965E-2,-3.14690E-2,1.02602E-2,2.93051E-2,1.32698E-2,-1.11618E-1,2.44912E-2,2.45445E-2,-2.24676E-2,7.36769E-2,1.69206E-3,-6.67664E-2,7.61277E-3,4.81993E-2,9.04051E-2,-4.62511E-2,1.79823E-2,-8.29808E-2,-9.46058E-2,1.80440E-2,4.34318E-2,-1.98445E-2,4.31215E-2,-1.92296E-2,5.43962E-2,-3.66769E-2,-7.92036E-3,3.56995E-2,-2.02838E-2,6.31800E-2,7.64656E-2,1.20391E-1,-6.72301E-2,-7.89971E-3,3.26619E-2,-9.83818E-3,7.24145E-2,5.31756E-2,1.53703E-2,3.38344E-2,3.68745E-2,7.63589E-2,2.78083E-2,4.12617E-2,1.93115E-2,1.84498E-2,7.06065E-2,-2.07418E-2,-5.31319E-2,4.65627E-2,1.38769E-1,1.10035E-1,-6.59765E-2,1.20293E-1,1.61145E-1,6.30739E-2,4.28307E-2,3.27474E-2,1.35175E-2,6.21989E-2,-9.50697E-4,2.85444E-2,-6.45175E-2,-3.58419E-2,-2.51992E-2,9.04077E-2,4.63353E-2,-1.27707E-2,2.50496E-2,1.88674E-2,-3.75399E-2,-2.39293E-2,7.32183E-2,2.76323E-2,2.96890E-2,5.88834E-2,-7.25030E-4,5.09752E-2,-2.52911E-2,-1.01672E-2,-3.74581E-2,2.64860E-2,6.19370E-2,6.08271E-2,1.57196E-1,-2.13123E-2,-1.46998E-2,9.24601E-2,4.70731E-2,5.08067E-2,6.56364E-2,-4.18958E-3,9.48680E-3,-9.68330E-3,-7.25649E-4,-4.84923E-2,1.32667E-1,3.96437E-2,8.66335E-3,1.74102E-3,1.07216E-1,3.37467E-2,1.01091E-1,1.85115E-2,1.17128E-1,-3.04741E-2,4.50110E-2,6.95761E-2,-4.99547E-2,7.99628E-2,7.64838E-2,1.84601E-2,1.24134E-1,6.58826E-2,1.21601E-2,4.40299E-2,2.19846E-2,1.47608E-1,6.25378E-2,4.68737E-2,-1.06511E-2,7.94153E-3,-1.20191E-1,-3.57824E-3,8.92969E-2,5.82446E-2,6.65326E-2,5.82812E-2,4.33987E-2,5.37488E-2,3.38179E-2,8.37343E-2,4.83149E-2,6.18131E-2,1.45326E-1,-6.01427E-3,5.74915E-2,6.30082E-2,3.21982E-3,7.35728E-2,8.14738E-2,1.42663E-1,2.19586E-2,1.43330E-2,-8.51523E-3,-1.03417E-2,4.70356E-2,-1.43852E-1,1.23610E-2,6.74078E-2,1.15059E-1,4.49502E-2,1.00434E-1,1.42539E-1,9.28817E-2,-1.72415E-3,1.93265E-1,5.22474E-2,1.09251E-4,1.25524E-1,1.12676E-1,1.83468E-2,4.44571E-2,-3.00138E-2,1.59552E-4,4.41262E-2
8.57847E+2,-4.43890E-1,2.63646E-1,1.84609E-1,-2.89941E-1,-6.42891E-2,1.91031E-1,-3.28938E-2,1.11251E-1,-4.54345E-1,-8.66695E-2,5.80165E-2,-2.86891E-2,-2.54344E-1,5.44610E-1,3.01897E-1,-3.89801E-3,3.27392E-1,7.37859E-1,-9.38481E-2,-4.23906E-1,6.79737E-1,-1.99699E-1,-4.42503E-2,-1.26774E-1,6.92448E-1,-1.58701E-1,-2.15374E-1,-6.42538E-1,1.99593E-1,-6.07288E-2,-8.97007E-2,6.55578E-3,-2.42527E-2,1.86577E-1,-1.33306E-1,2.84129E-1,1.30537E-2,1.82377E-1,2.67417E-1,3.99544E-1,2.45643E-1,4.89817E-1,4.51857E-2,7.39933E-2,2.73035E-2,-5.02305E-1,1.33074E-1,9.96836E-1,1.24430E-1,4.75206E-1,1.05287E-1,2.19614E-1,-1.57476E-1,6.94063E-2,6.19100E-1,2.18433E-1,7.41044E-1,1.96005E-1,-3.85524E-1,5.29814E-1,3.84656E-1,5.96091E-3,2.78137E-1,-1.52991E-1,7.33114E-2,2.44738E-1,-3.01747E-2,4.07228E-1,2.37684E-1,-1.02308E-1,2.82213E-1,-4.51029E-1,2.54630E-1,4.22062E-1,2.72076E-1,-2.10448E-2,-1.51128E-1,5.40163E-1,6.76339E-2,1.97451E-1,3.35505E-1,1.48739E-1,-2.71296E-1,5.09299E-2,3.64519E-1,6.30303E-1,2.41732E-1,9.17013E-2,5.19269E-1,2.30229E-1,2.88016E-1,1.57049E-1,1.45722E-1,2.29318E-1,2.18010E-1,-2.30122E-2,-1.91476E-1,3.95448E-1,1.90229E-1,6.36674E-1,2.78211E-1,3.77008E-1,6.33483E-2,8.37072E-1,1.02261E-1,8.61817E-1,-1.64546E-1,5.47150E-1,4.39081E-1,-1.49643E-1,3.36928E-1,-2.07699E-1,3.29454E-1,1.14206E-1,-1.23447E-1,4.99285E-1,4.02904E-1,7.53429E-1,7.11138E-1,7.30753E-1,5.08836E-1,4.97369E-1,4.35434E-1,9.78755E-3,4.73065E-1,4.13196E-1,4.20816E-1,3.48473E-1,8.22499E-1,7.67221E-1,5.80241E-1,7.68907E-1,4.32927E-1,5.47622E-2,-7.16319E-2,1.12489E+0,2.97252E-1,7.70234E-2,1.09601E+0,7.25790E-1,8.93396E-1,8.48371E-1,3.73412E-1,1.19598E+0,2.95881E-1,5.68963E-1,3.64307E-1,6.55679E-1,5.98719E-1,4.17539E-1,1.77680E-1,8.68295E-1,4.18673E-1,5.04745E-1,1.00532E+0,2.78464E-1,3.34714E-1,-7.68680E-2,1.13166E+0,3.87794E-1,7.81105E-1,6.56751E-1,2.35908E-1,4.99967E-1,9.13248E-1,5.78040E-1,-4.87942E-2
8.61254E+2,4.38132E-2,-1.01446E-3,-9.81999E-2,4.78761E-2,-1.52057E-3,6.00207E-2,-2.50010E-2,5.56607E-2,8.35236E-2,-2.25230E-2,3.99299E-2,-8.69612E-2,-2.05691E-3,-1.68660E-2,-7.66812E-2,2.45808E-2,2.56668E-2,-7.81630E-2,1.68213E-2,1.85586E-2,7.24507E-2,2.72471E-2,7.98021E-2,4.52892E-2,9.42767E-2,1.94362E-1,1.11625E-1,8.86584E-2,-6.14071E-2,1.16378E-1,5.55853E-2,-9.57480E-4,5.76145E-2,-8.98850E-3,-1.68053E-2,-6.66278E-2,2.64948E-2,3.88726E-3,-3.15414E-2,-7.28384E-2,-4.64845E-2,-2.11455E-3,4.13423E-2,7.16043E-3,-1.01066E-1,7.72596E-3,3.24295E-2,-1.13881E-1,3.78060E-2,-2.40708E-2,-2.23726E-2,2.75347E-2,-2.24474E-2,-1.07572E-2,-6.01709E-2,1.86966E-2,-1.09790E-1,-1.05301E-2,-4.75230E-2,-1.03857E-2,-5.28726E-2,-6.55633E-2,-5.81470E-2,-4.63820E-2,-3.48783E-2,-2.23986E-2,2.21112E-3,7.91338E-2,1.43791E-1,1.57406E-2,1.57061E-2,8.08593E-2,-1.66275E-2,-4.94029E-2,4.51547E-2,-3.17954E-2,2.60435E-3,-1.95137E-3,7.71799E-3,1.39506E-2,4.28995E-2,6.93276E-2,5.01516E-2,-5.71200E-2,-1.24717E-1,3.67697E-2,-5.92475E-2,-2.11091E-2,-2.84121E-2,-5.91832E-2,-3.63508E-2,2.46951E-2,-3.14268E-2,-1.86602E-2,-8.66308E-3,4.82050E-2,-1.77180E-3,3.30270E-3,4.80242E-2,-2.28056E-2,1.50510E-2,-1.55055E-2,-6.83393E-2,-4.76107E-2,2.47070E-2,-4.68526E-2,8.42206E-3,-7.86543E-2,-8.55447E-2,-6.28802E-2,-1.05576E-1,-3.54791E-2,-6.33947E-2,-1.74087E-2,-7.84343E-2,-2.32554E-2,-1.29578E-1,-1.28240E-1,-1.49868E-1,-6.86136E-2,-4.24032E-2,-1.15122E-1,-2.81158E-2,-5.76819E-2,-4.04918E-2,-4.65573E-2,-5.55244E-3,-4.97378E-3,-6.99073E-2,-1.03103E-1,-4.00185E-2,-1.68949E-1,-7.44948E-2,1.34664E-2,-1.02979E-1,-1.01951E-1,-1.09931E-1,-3.63784E-3,-8.98919E-2,-1.21835E-1,-6.61179E-2,-9.21782E-2,-7.27245E-2,-7.48197E-2,-9.71734E-2,-2.37012E-2,-1.26217E-1,-5.38476E-2,-1.09732E-1,-1.50756E-2,1.97898E-2,-1.68091E-1,-5.59154E-2,-1.05671E-1,-6.45949E-2,-8.55148E-2,-8.55358E-2,4.13400E-2,-1.19289E-1,-4.18186E-2,-6.51296E-2,2.48125E-2,3.17416E-3,-7.12741E-2,-1.26161E-1,-8.29959E-2,-7.42216E-2
8.64662E+2,4.75836E-2,2.34643E-2,-1.49811E-2,5.77963E-2,9.96632E-4,3.74813E-2,-3.57853E-2,-5.40085E-2,6.07311E-2,5.69280E-2,-1.21414E-1,8.53641E-2,1.54409E-2,-7.81688E-2,-8.14284E-2,-2.99382E-2,-1.56859E-1,-2.22869E-1,-1.13295E-2,5.32995E-2,7.47778E-2,-3.97917E-2,-1.56012E-2,3.42920E-3,1.54459E-2,2.90616E-1,1.89493E-1,8.08636E-2,-8.20061E-2,1.12210E-1,4.30190E-2,-1.25847E-1,8.75025E-2,-3.36289E-2,-5.88698E-2,-1.14434E-1,1.01874E-1,-7.03609E-2,-8.58712E-2,-1.50429E-1,-2.12437E-1,-1.39893E-2,-1.13862E-1,-1.00885E-1,-4.13332E-2,-3.08786E-2,-8.20298E-2,-2.37180E-1,4.15772E-2,-3.39274E-2,-4.06550E-2,-1.82421E-1,-7.35188E-2,-1.28649E-1,-3.59006E-2,-1.62915E-1,-1.76497E-1,-1.35930E-1,-5.35957E-2,-7.92559E-2,-6.39054E-2,-1.48889E-1,-2.48584E-2,1.07262E-1,-1.27353E-1,-6.59081E-2,5.87734E-3,2.33658E-1,5.98305E-2,5.47712E-2,-1.63476E-2,3.16223E-2,7.04805E-2,-1.65463E-1,4.22072E-2,5.74026E-2,-2.78853E-2,-1.41656E-2,-1.46518E-1,4.27284E-2,8.76547E-2,7.24534E-2,2.07633E-2,-1.51441E-1,-1.87853E-1,-2.87496E-2,-2.07861E-1,-9.51183E-2,-1.82482E-1,-7.76436E-2,-1.00958E-1,-1.40040E-1,-1.67620E-1,-1.10083E-1,-1.39728E-1,-3.86725E-2,-2.15577E-2,-1.09577E-1,6.61442E-2,-1.02901E-1,-2.97266E-1,-1.17548E-1,-2.15731E-1,-6.99130E-2,-2.95563E-2,-1.28705E-1,-1.00507E-1,-2.22206E-1,-1.78448E-1,-2.00598E-1,-2.36360E-1,-2.48535E-1,-2.59017E-1,-1.25966E-1,-1.33154E-1,-1.02590E-1,-1.98032E-1,-1.76288E-1,-2.60868E-1,-2.05779E-1,-2.00546E-1,-2.33617E-1,-4.29432E-2,-2.01495E-1,-9.63799E-2,-1.66254E-1,-1.69935E-1,-1.85650E-1,-3.10220E-1,-2.64692E-1,-3.41603E-1,-3.62589E-1,-2.31060E-1,-5.65254E-2,-2.04202E-1,-1.81603E-1,-1.84036E-1,-2.06106E-1,-3.19363E-1,-2.56820E-1,-1.40846E-1,-1.20774E-1,-3.01808E-1,-1.11803E-1,-1.60274E-1,-1.67856E-1,-2.26825E-1,-2.87852E-1,-3.24424E-1,-1.88458E-1,-2.50311E-1,-1.58342E-1,-2.64529E-1,-3.03155E-1,-2.91880E-1,-1.74509E-1,-3.60238E-1,-6.10251E-2,-3.53294E-1,-3.07541E-1,-3.21495E-1,-1.70141E-1,-3.39697E-2,-2.56284E-1,-6.38673E-2,-1.90153E-1,-5.85033E-2
8.68070E+2,-7.07997E-3,8.43923E-2,2.09090E-1,-1.10318E-1,4.13214E-2,-3.13324E-1,6.30787E-1,1.27848E-1,-5.98842E-1,-1.41752E-1,-2.80831E-2,2.13292E-1,4.00039E-1,-3.98309E-1,-1.09061E-1,-4.03145E-2,-1.05265E-1,2.81981E-1,8.97210E-2,-1.44654E-1,-1.00308E-1,-3.06653E-1,1.75655E-1,-4.48719E-1,-3.05343E-1,5.38936E-1,-7.12855E-1,-1.05501E-2,2.31916E-1,-5.60274E-2,1.31788E-1,3.99900E-1,-4.25253E-1,-1.72974E-1,1.78424E-1,2.40991E-1,-5.28095E-1,1.56555E-2,3.09905E-1,3.07747E-1,7.15261E-1,-2.72029E-1,3.47598E-1,2.37690E-1,-1.58262E-1,1.56803E-1,-2.61120E-2,1.11393E-1,-2.17389E-2,7.73349E-2,3.43077E-1,-2.79747E-1,1.26128E-1,3.01974E-1,4.51908E-1,2.07081E-1,2.11291E-1,3.36521E-1,-2.19549E-1,8.24546E-1,1.95719E-1,2.50455E-1,8.08946E-2,-3.49546E-1,1.62364E-1,-2.23072E-1,-1.36971E-1,-3.88275E-2,-1.67606E-1,7.46049E-2,3.35235E-1,-3.19153E-1,-1.47014E-1,-5.34000E-2,3.52762E-1,-3.57396E-1,-4.55504E-1,8.38740E-2,-3.96466E-1,9.37048E-2,1.79392E-1,-7.42777E-2,6.75370E-2,-9.75800E-2,-3.49112E-1,2.52358E-1,-2.63258E-1,-2.58327E-1,-4.71726E-2,8.92508E-2,1.89119E-1,5.10416E-1,3.53018E-1,2.87977E-1,-1.14773E-1,6.06530E-1,-1.57581E-1,1.45751E-1,1.82710E-1,6.98368E-1,4.67050E-1,6.63572E-1,5.86573E-1,3.05266E-1,1.24242E-1,5.61880E-1,1.90881E-1,6.36771E-1,6.60574E-1,3.37170E-2,1.64821E-1,-2.38774E-1,3.20124E-3,4.15839E-1,1.56498E-1,6.50280E-1,3.58109E-1,3.37067E-1,3.71443E-1,2.31413E-1,-2.38335E-1,-1.10558E-2,4.35387E-2,4.52899E-1,2.48665E-1,5.57178E-1,2.56998E-2,7.79071E-1,6.96841E-1,8.06643E-1,3.31351E-1,7.61103E-1,7.08064E-1,2.33435E-1,6.51563E-1,4.38974E-1,3.31424E-1,5.98658E-1,3.74801E-1,-4.49033E-2,4.26299E-1,-6.63065E-2,4.05424E-1,4.89845E-1,2.78832E-1,4.85229E-1,3.61869E-1,2.91624E-1,5.33317E-1,5.04206E-1,3.46971E-1,4.77560E-1,2.62652E-1,5.92095E-1,3.49871E-1,4.55125E-1,8.22914E-1,7.59741E-1,6.64718E-1,1.89003E-1,7.08749E-1,6.73094E-1,-8.92039E-2,3.68911E-2,1.98705E-1,2.79643E-1,3.14538E-1
8.71479E+2,5.81888E-2,-7.85430E-2,-1.52372E-2,3.48121E-2,-4.32992E-2,-1.23184E-2,8.40453E-3,7.44897E-3,9.56329E-2,2.83673E-2,1.32492E-2,4.50404E-2,-3.64757E-2,-1.04271E-1,-1.00018E-3,-2.07244E-3,-1.09221E-1,-8.74450E-2,4.61790E-2,-6.47747E-2,9.92015E-2,7.33623E-2,5.49314E-2,1.51876E-1,1.26192E-1,1.07814E-1,1.03570E-1,9.17105E-2,1.18249E-1,8.62499E-2,8.70251E-2,6.07657E-2,1.79457E-1,-1.89368E-2,-2.88720E-2,-7.93274E-2,7.33337E-2,-5.21403E-2,-7.77057E-3,-4.63608E-2,3.17550E-2,-2.67712E-2,1.55091E-2,-3.29030E-2,9.71019E-3,7.40349E-2,-1.17028E-3,-1.08512E-1,6.06883E-2,1.46820E-4,4.22376E-2,-1.14624E-1,5.02969E-2,-8.05027E-2,-9.13396E-2,-3.83961E-2,-1.60482E-1,-3.38131E-2,-9.84303E-2,-2.87196E-2,7.16390E-2,-5.54641E-2,1.91268E-2,1.57311E-2,-6.09609E-2,-3.38179E-2,8.98610E-2,8.81061E-2,1.01861E-1,3.28996E-2,-4.50312E-3,1.45771E-1,4.43620E-2,-6.72267E-2,-3.05943E-2,9.23111E-2,6.86350E-3,1.56247E-2,-6.00719E-2,-4.89050E-3,-5.59017E-2,4.05169E-2,3.23137E-2,-2.21627E-2,-5.89369E-2,3.12920E-2,-9.33638E-2,-3.87224E-2,-1.43363E-2,3.36446E-2,1.93498E-2,-1.68214E-2,-1.84457E-1,-8.68569E-2,-8.60370E-2,9.15683E-3,1.28892E-2,-6.23404E-3,1.28984E-2,-2.73513E-2,-1.08110E-1,-1.58393E-1,-6.84889E-2,-2.60931E-2,-6.85369E-2,-7.80811E-2,-1.39408E-1,-2.09286E-1,-9.49065E-2,-9.37378E-2,-1.15579E-1,-6.33413E-2,-7.27864E-2,-1.68943E-1,-5.37264E-2,-1.74888E-2,-6.95568E-2,-1.25013E-1,-1.74003E-1,-1.41626E-1,1.22040E-2,-1.44585E-1,-1.96969E-2,-1.09050E-2,-5.23674E-2,-1.33822E-1,-1.26081E-2,-1.12515E-1,-2.13557E-1,-2.16094E-1,-2.30759E-1,-2.79139E-1,-1.86734E-1,-8.96148E-2,-1.18480E-1,-1.54760E-1,-1.33111E-1,-1.67456E-1,-1.97725E-1,-1.54643E-1,-1.01700E-1,-1.75644E-1,-2.73703E-1,-2.38377E-1,-1.44111E-1,-6.70169E-2,-2.49302E-1,-1.27659E-1,-2.34442E-1,-1.84291E-1,-2.17183E-1,-1.74038E-1,-1.81815E-1,-2.02180E-1,-2.14905E-1,-1.96995E-1,-1.96280E-1,-4.17212E-2,-2.20123E-1,-1.00823E-1,-3.14539E-1,-1.60799E-1,-6.91946E-2,-1.30471E-1,3.20783E-2,-2.34641E-2,-6.27032E-2
8.74889E+2,-9.98082E-2,-4.51158E-2,-1.01337E-1,1.79064E-2,-8.28076E-3,1.07140E-1,1.42952E-1,2.56235E-2,2.30683E-2,2.45926E-2,4.28643E-2,-4.44851E-2,-8.79775E-2,-2.84505E-2,3.13083E-2,-3.27004E-3,-5.06739E-2,-4.37814E-2,-2.82318E-2,-4.96844E-2,1.84769E-1,3.39796E-2,5.03385E-2,-8.14268E-3,6.57583E-2,4.11512E-1,2.78534E-1,3.31235E-1,-7.29295E-2,5.48331E-5,1.42771E-1,8.25878E-2,-7.02013E-2,-6.49916E-2,-3.58648E-2,-1.24070E-2,1.28898E-1,-1.48416E-1,-4.58972E-2,-1.13923E-2,3.54761E-2,7.54313E-3,-1.15457E-1,-9.79988E-2,-3.15101E-2,7.13464E-2,4.79723E-3,-1.30760E-1,6.67168E-3,-4.28175E-2,-6.81126E-2,2.56945E-3,-6.33842E-2,-8.76390E-3,-3.81421E-2,-1.37134E-2,-1.52550E-1,-2.98313E-1,-6.92701E-2,-4.29069E-2,-5.57652E-2,-7.54516E-2,1.19200E-2,1.08488E-1,-8.47307E-2,5.72993E-2,3.01865E-3,1.69354E-1,4.92339E-2,9.30849E-2,-7.21356E-2,1.02156E-1,-1.35983E-1,-1.48202E-1,1.39561E-2,2.60045E-2,5.36696E-2,1.82785E-2,6.35055E-3,6.80057E-3,9.27649E-2,4.21686E-2,9.15867E-2,-1.36591E-1,8.52901E-3,5.24068E-2,-3.73719E-2,-1.09079E-2,-1.32560E-1,-5.63005E-2,-3.51130E-2,1.17208E-1,-2.89746E-2,-8.37413E-2,-4.13640E-2,-7.21823E-2,5.35537E-2,-1.39711E-2,1.10595E-1,-3.72548E-2,-1.33448E-1,9.23643E-2,4.88851E-2,-2.08261E-1,-7.98589E-3,-1.44420E-1,-4.01360E-2,-3.29820E-2,-5.76733E-2,-1.36183E-1,-1.29058E-1,-7.78851E-2,-1.08185E-1,-1.07555E-1,-1.13210E-2,-1.63378E-1,-7.50378E-2,-1.45424E-1,-2.00086E-1,-7.06768E-2,-5.33793E-2,-1.62199E-1,4.96781E-2,6.30736E-2,-1.81705E-1,-1.18781E-1,-1.15587E-1,-1.33962E-1,-7.84055E-2,-1.41362E-1,-1.97017E-1,-1.28323E-1,-1.51665E-1,-1.95649E-1,-2.86265E-2,-9.79632E-2,-1.53290E-1,-9.67163E-2,-1.03946E-1,-6.73187E-2,-1.21346E-1,-8.51347E-2,-7.24114E-2,-1.95994E-1,-1.39557E-1,-1.66100E-1,-1.53138E-1,3.03860E-2,-6.93504E-2,-1.11719E-1,-8.61183E-2,-1.06087E-1,-2.79764E-2,-8.43985E-3,-1.20856E-1,-1.15006E-1,-1.61411E-1,9.97363E-2,-2.03226E-1,5.18323E-2,-1.21862E-1,-3.28461E-2,-1.07198E-2,-1.43883E-1,-1.34405E-2,-3.74831E-2,-1.21685E-2
8.78300E+2,-5.15351E-2,-8.90480E-3,-8.67709E-2,7.24817E-2,3.22482E-2,2.90113E-2,2.71687E-2,2.02271E-2,1.67863E-1,5.70244E-2,2.23840E-2,1.63799E-2,-1.32284E-1,-1.08950E-1,-5.63437E-2,5.40276E-3,-1.72395E-1,-1.62594E-1,2.53023E-2,-2.75008E-2,1.68758E-1,3.88345E-2,3.03172E-2,8.04224E-3,-8.06841E-3,1.87073E-1,2.55938E-1,2.39130E-1,-7.71823E-2,1.03773E-1,7.57257E-2,7.21737E-2,7.64700E-2,2.15448E-3,6.67491E-3,-1.49797E-1,4.12366E-2,-4.95064E-3,-9.91422E-2,-1.56714E-1,-5.85546E-2,-1.78199E-2,-4.48008E-2,-8.44655E-2,-2.98199E-2,1.61618E-2,2.85062E-2,-1.73707E-1,4.31477E-2,5.39925E-2,-8.98783E-2,-1.27689E-1,-7.07830E-2,-1.47454E-1,-1.42034E-1,-1.03506E-1,-9.58685E-2,-7.88265E-2,-1.03179E-1,5.33588E-3,-2.38628E-2,-4.54473E-2,5.37052E-2,2.44383E-2,-1.47302E-1,-9.33015E-2,-1.00982E-3,1.44401E-1,1.44456E-1,8.77507E-2,1.51282E-3,9.55399E-2,9.52308E-3,-8.57971E-2,9.74729E-3,1.28605E-1,7.36926E-2,-2.95052E-2,-7.89783E-2,1.68390E-2,6.36835E-3,5.65125E-2,-2.45516E-2,-3.43477E-2,-1.38055E-1,-2.50491E-2,-1.27643E-1,-6.79966E-2,-2.03713E-2,-4.50655E-2,-1.31454E-1,-8.09003E-2,-1.38177E-1,-1.24179E-1,-4.54347E-3,-4.64455E-2,5.17519E-2,1.02997E-2,5.91342E-2,-7.55537E-2,-1.59548E-1,-1.37384E-1,-1.25365E-1,-9.43493E-2,-5.70789E-2,-8.76844E-2,-1.04860E-1,-1.44708E-1,-1.03421E-1,-6.58428E-2,-2.56062E-1,-2.02854E-1,-1.30146E-1,-1.46550E-1,-1.44626E-1,-1.13131E-1,-1.28027E-1,-1.18194E-1,-1.53220E-1,-9.39740E-2,-2.11238E-1,-2.09605E-1,-4.00518E-2,-2.01933E-1,-1.28027E-1,-2.53988E-1,-1.81798E-1,-1.36489E-1,-2.59563E-1,-3.02738E-1,-2.57082E-1,-3.71350E-1,-1.42849E-1,-9.94737E-2,-1.29054E-1,-1.46485E-1,-2.13063E-1,-1.90950E-1,-2.57499E-1,-2.09852E-1,-2.24484E-1,-2.29894E-1,-2.10437E-1,-2.38483E-1,-1.93069E-1,-9.57296E-2,-2.04810E-1,-1.80510E-1,-3.23037E-1,-2.41151E-1,-1.60343E-1,-2.11243E-1,-2.37221E-1,-2.45986E-1,-2.46737E-1,-1.16532E-1,-2.98603E-1,-9.29187E-2,-3.10970E-1,-2.59849E-1,-3.13789E-1,-2.56233E-1,-8.20391E-2,-1.68581E-1,-5.21874E-2,-1.13634E-1,-1.22477E-1
8.81711E+2,-7.07647E-2,-1.35674E-1,8.93035E-2,1.74356E-1,5.28516E-2,1.20417E-1,9.68144E-2,-1.14667E-1,1.12765E-1,-8.57979E-2,1.51967E-1,8.10785E-2,-1.69579E-1,-1.99166E-1,-1.03904E-1,-1.05987E-1,-2.44826E-1,-2.02427E-1,-3.91989E-2,2.10668E-1,1.10771E-1,-1.49065E-1,1.92835E-1,1.59343E-1,3.41068E-1,1.73750E-1,4.02682E-1,3.78165E-2,-2.84431E-1,3.71269E-1,2.41416E-1,-3.33409E-2,1.89974E-1,2.71058E-1,2.62865E-1,4.47442E-2,2.65037E-1,-2.85318E-1,5.28510E-1,4.85197E-2,3.17583E-2,2.89893E-2,-1.18843E-1,1.37148E-1,-2.05462E-3,-2.44732E-3,2.04821E-1,-6.80544E-2,1.96654E-1,1.63037E-2,7.42136E-2,-2.59081E-1,3.46026E-3,1.00833E-1,-1.92322E-1,-2.23221E-1,1.32283E-1,-1.21524E-1,-7.64268E-2,2.20719E-2,2.52807E-2,2.71387E-2,8.62117E-2,-2.17906E-2,-9.84592E-2,6.29778E-2,2.47897E-3,-1.28867E-1,-5.18694E-3,-2.77444E-2,-1.18623E-1,4.25418E-1,1.63898E-1,-1.15298E-1,4.16839E-1,1.97692E-1,1.27298E-1,1.12799E-1,-5.71900E-3,3.78728E-2,5.57160E-2,3.02032E-1,2.11058E-1,-2.61416E-1,-2.45048E-1,-3.23227E-2,-1.02521E-1,1.25339E-1,-2.87166E-1,-1.82390E-1,3.19069E-2,8.64329E-2,-1.02376E-1,1.53640E-1,-4.18563E-1,-1.10830E-1,-4.02350E-2,-1.45822E-1,2.60177E-1,8.45965E-2,-2.31707E-1,-3.87862E-1,-1.82028E-1,5.79049E-2,-3.96357E-2,-3.45662E-1,-8.65957E-2,-4.20181E-1,-5.16503E-2,-9.84100E-2,-1.43433E-1,-3.32899E-1,-3.66454E-1,-3.97565E-1,-2.17185E-1,-2.05054E-1,-5.74703E-2,8.00461E-2,6.85302E-2,-2.07740E-1,1.31546E-2,-1.73499E-1,-7.47985E-2,-7.82718E-2,2.92023E-2,-4.86306E-1,-1.64472E-1,-4.21488E-1,-2.74732E-1,-3.47224E-1,-3.33599E-1,-4.15644E-1,-1.89416E-1,-3.09756E-1,-1.62742E-1,-4.35920E-1,-1.96057E-1,-3.70879E-1,-2.29621E-1,-4.82699E-1,-2.87719E-1,-4.42184E-1,-3.84028E-1,-3.36686E-1,-5.00363E-1,-1.77431E-1,-2.43189E-1,-4.54052E-1,-4.10518E-1,-2.03570E-1,-3.83344E-1,-2.34379E-1,-2.36290E-1,-4.55800E-1,1.24836E-1,-1.53252E-1,-2.15858E-1,-3.30294E-1,-3.07338E-1,-2.64893E-1,-3.58273E-1,-5.15568E-1,-3.57619E-1,-3.05406E-1,-2.81239E-1,-5.28865E-1,8.30361E-2
8.85123E+2,4.25738E-2,-2.23310E-1,6.07289E-2,3.09186E-2,2.02307E-4,1.88549E-1,-3.87166E-2,6.14839E-2,2.39481E-1,-1.21563E-1,1.71899E-2,4.40862E-2,-2.34662E-1,-6.33611E-3,-6.06259E-2,-7.94519E-2,-2.09126E-1,-2.11339E-1,7.24911E-2,8.64822E-2,1.77022E-1,3.27782E-1,-4.19528E-3,2.06722E-2,1.24950E-1,3.55946E-1,3.51269E-1,2.90294E-1,-2.33896E-1,-5.95886E-2,5.05304E-3,-5.63215E-2,-4.70866E-2,-6.74875E-2,-1.52376E-1,-2.25661E-1,1.25222E-1,-1.08202E-1,-1.70467E-1,-1.81187E-1,-5.44810E-2,-6.07704E-2,-2.81573E-1,-1.00019E-1,-5.13827E-3,-1.43501E-1,1.48288E-2,-1.23142E-1,-1.84256E-1,-1.70567E-1,-9.59177E-2,-8.87980E-2,-7.79681E-2,-1.66146E-1,-2.79905E-1,-1.51437E-1,-1.69058E-1,-1.32093E-1,-2.35067E-1,-1.41222E-1,-8.89155E-2,-1.81679E-1,-1.16457E-1,1.15791E-2,-3.54445E-1,-8.35685E-2,2.89055E-2,1.84066E-1,-2.91493E-2,3.00642E-1,6.94669E-2,1.28843E-1,-1.96366E-1,-1.50270E-1,-1.01728E-1,7.66728E-2,4.47560E-2,-3.83643E-2,-5.07283E-2,5.90818E-2,-2.15534E-2,2.38427E-2,-9.65112E-3,-1.59295E-1,-1.21950E-1,7.20142E-3,-8.86679E-2,-1.63916E-3,-5.29684E-2,-2.38168E-1,-4.66275E-2,2.40215E-2,-2.86734E-1,-1.16555E-1,-1.61077E-2,-1.31592E-1,-5.35760E-2,-4.57609E-2,1.63749E-1,-2.19145E-1,-1.63503E-1,-6.99023E-2,-2.20020E-1,4.02008E-2,1.34280E-2,-1.95726E-1,-6.61345E-2,-1.77223E-1,-1.71448E-1,-1.12692E-1,-9.76269E-2,-1.93383E-1,-2.64294E-1,-9.99196E-2,-1.23908E-1,-2.84150E-1,-6.52753E-3,-2.10175E-1,-2.27798E-1,-1.72127E-1,-1.85010E-1,-2.00285E-1,-1.27482E-1,-2.04138E-1,4.33338E-2,-2.41383E-1,1.07353E-2,-1.77880E-1,-3.58570E-1,-2.64099E-1,-4.07209E-1,-2.53824E-1,-2.22012E-1,-1.19789E-1,-1.50298E-1,-3.14852E-1,-3.49130E-1,-8.81238E-2,-2.03799E-1,-2.36111E-1,-3.07259E-1,-1.86388E-1,-3.23258E-1,-2.03966E-1,-2.03180E-1,-1.97264E-1,-1.49695E-1,-2.68369E-1,-1.68188E-1,6.41455E-4,-1.51698E-1,-1.66350E-1,-2.30809E-1,-8.57494E-2,-8.72036E-2,-1.53859E-1,-2.93070E-1,7.36419E-2,-3.25389E-1,-1.80798E-1,-3.70121E-1,-3.08621E-1,-5.12466E-2,-8.03464E-2,-6.35360E-2,-6.39505E-2,-1.16494E-1
8.88536E+2,-1.77966E-1,-1.91934E-1,7.61487E-4,1.21210E-2,1.73973E-1,9.83589E-2,2.22928E-1,-1.26669E-2,1.87135E-1,1.03559E-2,-1.46731E-1,1.29448E-2,-3.23760E-4,-7.53627E-2,-1.13594E-1,2.89417E-2,-1.28465E-1,-1.97716E-1,1.17921E-1,7.53405E-2,2.48817E-1,1.02866E-1,-3.70460E-2,8.73268E-3,8.51338E-2,3.80750E-1,3.20228E-1,2.70019E-1,-2.81863E-1,8.54674E-2,5.38734E-3,-9.81537E-2,-1.59809E-1,-2.56090E-1,4.61663E-2,-8.17463E-2,-8.78996E-2,-6.07965E-2,-2.13294E-1,-2.75087E-1,-1.81571E-1,-1.07682E-1,-4.00483E-1,-1.20576E-1,-7.46556E-2,1.88398E-1,-8.64499E-3,-2.28117E-1,-2.85342E-1,-5.64810E-2,2.97667E-2,-8.65698E-2,-2.36312E-1,-2.07922E-1,-3.17281E-1,-1.50316E-1,-3.15930E-1,-2.22371E-1,-9.39636E-2,-9.15776E-2,1.13026E-1,-3.98236E-2,-2.75597E-2,-5.72165E-2,-1.44655E-1,9.17219E-2,3.49879E-2,2.57580E-1,8.82679E-2,3.25443E-1,-1.75043E-1,9.83413E-2,-6.66041E-2,-4.31300E-1,-7.71046E-2,1.71548E-1,6.57413E-2,-3.03805E-1,-1.10559E-1,4.53171E-2,5.90763E-2,1.56653E-1,-5.50630E-2,-6.08041E-2,-5.40488E-2,-1.31967E-1,-6.52517E-2,-4.05437E-2,-1.70992E-1,-3.78264E-1,-2.07673E-1,4.84396E-2,-2.38124E-1,-1.41088E-1,-1.73387E-1,-1.80535E-1,-2.02081E-2,2.16948E-2,1.71343E-1,-1.30827E-1,-1.99176E-1,-4.62434E-1,-1.26020E-2,-1.09931E-1,-9.02917E-2,-1.74336E-1,4.07524E-2,-3.19199E-1,-8.61080E-2,-1.21751E-3,-3.27298E-1,-1.48998E-1,-1.23974E-1,-2.17025E-1,-2.98527E-1,-2.75637E-1,-9.58869E-2,-3.36005E-1,-3.58623E-1,-2.10590E-1,-3.00267E-1,-3.19447E-1,-2.06594E-1,-2.80190E-1,-2.63344E-1,-3.26995E-1,-1.96877E-1,-2.07320E-1,-3.24559E-1,-2.09656E-1,-4.33088E-1,-5.12527E-1,-2.26707E-1,-1.89904E-1,-1.58654E-1,-4.87260E-1,-2.35593E-1,-1.43773E-1,-3.91500E-1,-5.12326E-1,-2.29186E-1,-1.43798E-1,-2.14766E-1,-2.67953E-1,-1.93714E-1,-1.92216E-1,-1.56220E-1,-2.27162E-2,-3.69108E-1,-2.69138E-1,-1.42213E-1,-2.01464E-1,-3.60669E-1,-2.44498E-1,-2.67022E-1,-9.99671E-2,-1.81267E-1,-2.59751E-2,-3.29596E-1,-1.80728E-1,-4.90018E-1,-2.31379E-1,-1.49643E-1,-1.45258E-2,-5.64932E-2,-2.23455E-1,-2.34978E-1
8.91949E+2,3.09009E-2,-3.51476E-2,-8.04603E-3,3.84796E-2,-2.69242E-2,9.64975E-2,4.64870E-2,5.31314E-3,8.43302E-2,-6.66398E-3,-7.35683E-3,-8.52851E-3,-7.90091E-2,-5.46426E-2,-7.56894E-2,3.48251E-3,-1.16677E-1,-5.40372E-2,-2.62092E-2,-3.74042E-2,9.40797E-2,-3.41505E-2,-2.72270E-2,-3.02882E-2,5.32496E-2,2.29042E-1,1.98658E-1,1.51456E-1,-1.12671E-1,9.74714E-2,3.98245E-2,-8.53256E-2,9.50195E-2,-3.36547E-2,-1.18505E-1,-1.43095E-1,-1.33916E-2,-4.96025E-2,-6.66967E-2,-9.04032E-2,-6.99193E-2,-8.40570E-2,-1.57335E-1,-1.35697E-1,-7.97070E-2,-6.82182E-2,8.84183E-4,-9.87253E-2,-3.30570E-2,-1.04696E-3,-3.94613E-2,-5.19005E-2,-1.14662E-1,-1.83764E-1,-5.16962E-2,-1.89353E-1,-1.66809E-1,-1.17391E-1,-6.76716E-2,-1.43938E-1,1.74105E-2,-8.86710E-2,-2.01554E-2,9.80112E-2,-1.31038E-1,-7.44790E-2,7.65209E-3,7.24428E-2,1.17247E-1,3.89453E-2,-7.85957E-2,3.97709E-2,-2.34104E-2,-1.27553E-1,6.02520E-2,4.32500E-2,6.52846E-2,-4.88972E-2,-7.45022E-2,-6.38912E-2,-1.57587E-2,-2.56511E-2,-9.04412E-3,-2.09051E-2,-1.66737E-1,-6.40476E-2,-2.01850E-1,-7.39521E-2,-1.18693E-1,-1.04000E-1,-8.55940E-2,-5.58421E-2,-2.13932E-1,-1.28353E-1,-2.93813E-2,-8.80537E-2,-4.84371E-2,-5.20885E-2,4.19439E-2,-1.33924E-1,-2.28739E-1,-1.77123E-1,-9.88461E-2,-1.16602E-1,-1.01533E-1,-1.80016E-1,-7.28669E-2,-1.87475E-1,-1.55942E-1,-1.49046E-1,-2.26855E-1,-1.61522E-1,-1.48893E-1,-6.33681E-2,-1.47405E-1,-1.16810E-1,-1.34920E-1,-2.54704E-1,-2.83579E-1,-1.72495E-1,-1.64592E-1,-2.55139E-1,-1.73714E-1,-1.75092E-1,-1.38509E-1,-3.53389E-1,-2.19945E-1,-1.58088E-1,-2.07300E-1,-2.35565E-1,-3.19261E-1,-2.61328E-1,-2.06167E-1,-1.61731E-1,-2.20200E-1,-2.61747E-1,-1.80021E-1,-1.70133E-1,-1.87459E-1,-2.64508E-1,-2.26191E-1,-2.50373E-1,-2.30609E-1,-2.00373E-1,-1.56337E-1,-1.96196E-1,-2.36714E-1,-1.78466E-1,-2.18640E-1,-1.60948E-1,-1.43356E-1,-2.36091E-1,-2.02527E-1,-3.19136E-1,-2.20423E-1,-1.24414E-1,-2.40661E-1,-1.35545E-1,-3.14361E-1,-2.07948E-1,-2.46440E-1,-2.61235E-1,-1.66263E-1,-2.17025E-1,-4.86884E-2,-1.70658E-1,-1.91964E-1
8.95363E+2,2.94367E-2,3.15510E-2,-5.48092E-2,9.64040E-2,-8.65840E-2,8.66758E-2,6.29118E-2,-6.43453E-2,1.04608E-1,1.74706E-2,9.29403E-2,-2.96853E-2,-1.52300E-1,-9.74770E-3,-1.24526E-1,-9.05761E-2,-1.89551E-1,-9.47824E-2,3.41278E-2,-6.61812E-2,2.08377E-1,-3.36554E-2,5.67021E-2,1.54383E-2,6.52911E-2,2.30206E-1,1.05189E-1,2.30939E-1,-1.28321E-1,1.82562E-1,1.25608E-2,-9.19771E-2,-5.07848E-2,-7.13087E-2,-1.42443E-1,-1.52877E-1,5.44233E-2,-8.86814E-2,-2.16604E-1,-2.41869E-1,-1.56887E-1,-9.95913E-2,-2.45765E-1,-1.60122E-1,-1.83775E-1,-1.51124E-1,-1.14473E-1,-2.74873E-1,-7.03300E-2,-1.14586E-1,-5.24451E-2,-1.98995E-1,-2.41016E-2,-1.84241E-1,-2.01181E-1,-1.85202E-1,-2.19688E-1,-1.58143E-1,-1.67497E-1,-1.30396E-1,-1.39557E-2,-6.83946E-2,-1.36372E-1,1.95372E-2,-2.13089E-1,-1.20413E-1,-7.22597E-2,1.46452E-1,-3.17852E-2,6.55139E-2,-1.95004E-1,4.79164E-2,-1.04094E-1,-2.13806E-1,-9.01061E-2,5.91044E-2,-3.63857E-2,-1.01303E-1,-7.64903E-2,-1.03056E-1,-1.47999E-1,-8.98669E-2,-3.89438E-2,-1.01386E-1,-2.26607E-1,-1.20553E-1,-1.39661E-1,-1.16188E-1,-7.90541E-2,-8.64950E-2,-4.69424E-2,3.18422E-3,-1.13689E-1,-2.37967E-1,-5.98226E-2,-8.00349E-2,-5.82802E-2,-6.89270E-2,5.20307E-2,-2.13627E-1,-3.38513E-1,-2.10744E-1,-1.08780E-1,-1.91992E-1,-7.59678E-2,-2.15285E-1,-1.68059E-1,-1.70950E-1,-2.05500E-1,-1.52720E-1,-2.40589E-1,-2.52014E-1,-2.30889E-1,-1.75723E-1,-1.80352E-1,-2.11625E-1,-2.68029E-1,-2.82784E-1,-3.11804E-1,-4.55111E-2,-3.28273E-1,-2.41318E-1,-4.63636E-3,-2.12905E-1,-2.51333E-1,-2.91913E-1,-2.37658E-1,-2.83263E-1,-3.07594E-1,-2.19568E-1,-3.53726E-1,-3.64988E-1,-1.51766E-1,-2.54227E-1,-2.22579E-1,-2.50442E-1,-3.17229E-1,-2.46851E-1,-2.34891E-1,-2.94167E-1,-4.18956E-1,-1.48685E-1,-3.52419E-1,-3.32446E-1,-2.54803E-1,-2.95839E-1,-2.25346E-1,-2.68840E-1,-2.93420E-1,-2.21356E-1,-1.96785E-1,-2.70590E-1,-2.68017E-1,-2.24163E-1,-3.19228E-1,-1.92698E-1,-2.95398E-1,5.26028E-3,-2.37138E-1,-1.76501E-1,-3.19753E-1,-3.30410E-1,-1.75237E-1,-2.25897E-1,-1.11013E-1,-1.18279E-1,-2.40295E-1
8.98777E+2,4.03676E-1,-1.16107E+0,2.27033E-1,6.09655E-1,-8.00339E-1,9.12793E-1,-5.32814E-1,-2.11316E-1,7.92241E-1,1.71426E-1,-1.87479E-1,-3.43504E-1,-3.25263E-1,2.92985E-1,1.51977E-1,-1.70329E+0,-9.97549E-1,-1.71031E-1,-5.19761E-1,6.07741E-1,3.17357E-1,3.91486E-2,-4.67481E-1,-9.20992E-1,3.18158E-1,1.81590E+0,1.17899E+0,-2.34684E-1,-2.08654E-1,-6.78072E-1,-3.60577E-1,-3.51237E-1,-3.54153E-2,-1.08559E+0,-1.29036E+0,-8.07831E-1,-1.18054E+0,-1.30193E+0,-9.01072E-1,-5.12768E-1,-6.51058E-1,-3.60919E-1,-1.11017E+0,-6.94148E-1,-8.23556E-1,-6.62510E-1,-4.48460E-1,-8.96157E-1,-5.60337E-1,-3.36275E-1,-4.65734E-1,1.57670E-1,1.12159E-1,-8.48557E-1,-1.03132E+0,-7.43174E-1,-3.77759E-1,-1.44648E+0,-2.27769E-1,-7.05939E-1,3.88727E-1,-5.52196E-1,8.01878E-3,1.49936E-1,1.59302E-1,-5.78557E-1,-1.77934E-1,3.82913E-1,6.22608E-1,6.01264E-1,-4.77030E-1,-8.47003E-1,-5.90363E-1,-1.02705E+0,-9.97178E-1,6.21522E-1,1.05323E-1,-8.32406E-1,-1.84800E-1,-8.27297E-1,-1.26112E-1,-5.93102E-1,-1.14786E-1,-4.41873E-1,-6.22962E-1,-8.26976E-1,-8.29370E-1,4.24320E-2,-4.67059E-1,-8.10194E-1,-6.85388E-1,-5.89100E-1,-3.60469E-1,-1.15110E+0,6.45869E-1,-9.56637E-1,-5.02258E-1,-4.40476E-1,1.39990E-1,-7.49819E-1,-1.13942E+0,2.91999E-1,-3.43768E-1,-6.01957E-1,-1.33734E+0,-3.56608E-1,-6.45615E-1,-1.09340E+0,-1.26902E+0,-1.26275E+0,-6.69917E-1,-2.36168E-1,-9.48133E-1,-2.82647E-1,-5.19888E-1,-2.09600E-1,-5.92897E-1,9.29495E-2,-1.05985E+0,-1.47242E-1,4.87198E-2,-5.91763E-1,2.52058E-1,-5.48131E-1,-4.44561E-1,-4.25403E-1,1.25153E+0,-1.12150E+0,-1.21241E+0,1.84236E-1,-4.46854E-1,-4.03207E-1,-8.89193E-1,-7.63651E-1,1.39125E-1,7.69336E-2,-1.18333E+0,-1.03512E+0,-4.89581E-1,-9.26347E-1,-6.16657E-1,-2.82606E-1,-8.34116E-1,-5.86639E-1,-4.47177E-1,-4.10576E-1,-2.55569E-1,-2.45130E-1,-1.19349E+0,-2.39447E-1,-8.88158E-1,5.88588E-1,-7.95630E-2,-6.92920E-2,-1.36815E+0,-9.07392E-1,-1.18087E-1,1.67832E-1,-4.36470E-1,-1.94602E+0,-3.28881E-1,-1.39394E+0,-5.58082E-1,-8.01272E-1,-6.07670E-2,5.34176E-1,-4.56352E-1
9.02193E+2,6.32500E-2,-9.97318E-2,-1.89984E-2,-2.62004E-2,-9.20285E-2,8.22034E-2,2.67456E-1,6.35114E-2,6.65173E-2,1.84997E-1,-7.79002E-2,-3.99796E-2,-1.56656E-1,-1.66275E-1,-5.01654E-2,1.44002E-1,-1.13919E-1,-3.34408E-1,7.96165E-3,3.57922E-2,4.46724E-1,2.65919E-2,3.56630E-2,-1.86608E-1,4.65234E-2,6.68355E-1,2.04976E-1,2.65251E-1,-1.83023E-1,2.45662E-2,-8.63821E-2,-3.19806E-1,-2.00918E-1,-2.37452E-1,-4.21398E-1,-3.93182E-1,-1.82945E-1,-3.88921E-1,-2.10756E-1,-3.70683E-1,-4.57542E-1,-2.27314E-1,-4.03922E-1,-1.61004E-1,-2.24906E-1,-2.76574E-1,-2.71104E-1,-3.40181E-1,-3.96687E-1,-3.60628E-1,-3.27135E-1,-3.43363E-1,-2.22788E-1,-4.68146E-1,-3.46687E-1,-4.85784E-1,-6.17605E-1,-6.33694E-1,-3.22380E-1,-1.12530E-1,-3.88852E-1,-3.44986E-1,-1.45965E-1,5.46276E-2,-7.25469E-1,-3.38980E-1,-2.47691E-1,-1.29551E-1,1.34768E-1,-4.96203E-2,-4.26146E-1,-1.25119E-1,-2.67121E-1,-5.02340E-1,-1.03487E-1,1.40891E-1,-1.59482E-1,-1.20949E-1,-4.56104E-1,-4.18454E-2,-6.62761E-2,-2.84751E-1,-2.81464E-1,-2.64356E-1,-3.84036E-1,-2.60777E-1,-2.96791E-1,-3.21460E-1,-3.92460E-1,-3.51234E-1,-2.90376E-1,-9.09549E-2,-5.36287E-1,-3.79357E-1,-1.23687E-1,-3.44988E-1,-4.03402E-1,-1.01772E-1,2.90120E-2,-3.42127E-1,-4.12907E-1,-2.66023E-1,-1.07880E-1,-4.60819E-1,-5.05393E-1,-3.00438E-1,-2.38792E-1,-4.93136E-1,-4.06995E-1,-1.23447E-1,-1.65224E-1,-4.00367E-1,-6.07639E-1,-3.29257E-1,-2.72557E-1,-3.29933E-1,-3.26623E-1,-6.04886E-1,-5.18761E-1,-4.75214E-1,-3.98758E-1,-5.81901E-1,-3.10380E-1,-3.41568E-1,-2.51245E-1,-3.38587E-1,-4.42277E-1,-4.62491E-1,-3.85910E-1,-4.33064E-1,-5.45774E-1,-5.32447E-1,-4.99740E-1,-3.09626E-1,-3.96199E-1,-4.78054E-1,-6.89445E-1,-4.24938E-1,-4.13318E-1,-5.92011E-1,-5.33051E-1,-3.37609E-1,-4.01021E-1,-5.15526E-1,-5.79692E-1,-3.40872E-1,-5.67535E-1,-4.30914E-1,-4.50474E-1,-3.36707E-1,-5.31980E-1,-5.40065E-1,-4.30957E-1,-1.78845E-1,-6.48958E-1,-6.13364E-1,-4.67510E-1,2.73329E-1,-6.15312E-1,-3.72463E-1,-4.81937E-1,-4.49272E-1,-9.27512E-2,-2.76266E-1,-4.03588E-2,-1.30933E-1,-5.31338E-1
9.05609E+2,-5.76938E-3,3.59973E-2,-7.61280E-2,6.83563E-2,1.85605E-2,9.13292E-2,-2.49139E-2,1.04672E-2,1.16264E-1,-7.31414E-2,1.90009E-2,-1.52962E-2,-6.69640E-2,-1.23011E-1,2.52486E-2,-2.24078E-2,-5.51130E-2,-1.71582E-1,8.85447E-3,1.41537E-2,9.58650E-2,5.15881E-3,7.43250E-2,-2.86568E-2,6.12971E-2,5.93945E-2,5.89585E-2,1.00330E-1,-1.17706E-1,1.99681E-2,1.94311E-2,-1.75832E-1,7.97280E-3,-1.17294E-1,-1.03938E-1,-2.07892E-1,4.50684E-2,-1.13903E-1,-1.46069E-1,-1.52418E-1,-1.89677E-2,-9.19071E-2,-2.01700E-1,-1.54540E-1,-8.96354E-2,-8.76264E-2,-8.60878E-2,-2.37129E-1,-2.38700E-2,-3.54089E-2,-1.07434E-1,-1.80948E-1,-1.14808E-1,-3.31006E-2,-2.14890E-1,-2.02691E-1,-1.10475E-1,-1.89076E-1,-1.03949E-1,-1.96041E-1,-1.06031E-1,-1.34153E-1,-4.86608E-2,-1.33427E-2,-1.52365E-1,-8.04592E-2,-5.89403E-2,4.34424E-2,-7.15453E-3,-5.95601E-2,-8.20943E-2,9.77150E-3,-4.44734E-2,-1.09289E-1,-5.56567E-2,-1.98657E-2,-3.81935E-2,-7.82528E-2,-1.25056E-1,-8.32512E-2,-7.96346E-2,-5.92214E-2,-4.58879E-2,-2.08726E-2,-2.78630E-1,-1.01801E-1,-1.90245E-1,-8.58626E-2,-1.07361E-1,-2.56071E-1,-7.67382E-2,-1.81972E-1,-1.56991E-1,-2.17113E-1,-9.62860E-2,-1.02770E-1,-1.11135E-1,-7.20884E-2,-8.14993E-2,-2.10048E-1,-1.61617E-1,-2.98367E-1,-1.62344E-1,-1.11069E-1,-1.04667E-1,-2.54777E-1,-1.20401E-1,-1.94223E-1,-1.85886E-1,-2.00233E-1,-2.65043E-1,-2.03495E-1,-2.95098E-1,-2.17812E-1,-1.58071E-1,-1.42082E-1,-2.41607E-1,-2.68057E-1,-2.81347E-1,-2.31588E-1,-2.92784E-1,-2.62207E-1,-2.27140E-1,-1.79678E-1,-2.28480E-1,-2.28889E-1,-2.09540E-1,-2.98956E-1,-2.87812E-1,-2.47377E-1,-3.46300E-1,-3.45706E-1,-2.85010E-1,-2.14027E-1,-2.42905E-1,-3.71657E-1,-3.30592E-1,-2.37946E-1,-2.75655E-1,-3.78081E-1,-3.15280E-1,-2.38892E-1,-3.49581E-1,-3.42211E-1,-3.02349E-1,-1.82780E-1,-2.58935E-1,-2.78987E-1,-2.95391E-1,-1.87913E-1,-2.43681E-1,-2.36023E-1,-2.33497E-1,-2.47078E-1,-2.42138E-1,-1.88438E-1,-1.77568E-1,-1.14363E-1,-3.61531E-1,-2.38648E-1,-3.28496E-1,-2.93398E-1,-1.47891E-1,-2.96289E-1,-2.56543E-1,-2.97327E-1,-2.16652E-1
9.09026E+2,-4.83677E-2,-7.20492E-2,6.48244E-3,-1.20459E-3,9.03789E-4,5.27234E-2,2.85887E-3,1.58473E-2,1.08837E-2,-5.20801E-3,-1.44900E-2,6.35223E-3,2.47919E-2,-9.40163E-3,2.98775E-2,4.34128E-4,-2.69936E-2,-3.27566E-2,3.54090E-2,-3.08009E-2,3.51749E-2,-3.03652E-2,8.53911E-2,8.05718E-2,1.03516E-1,-8.41465E-3,-4.69225E-2,8.53463E-2,1.69277E-1,6.57010E-2,6.67630E-2,8.06608E-2,9.49356E-2,1.21826E-1,7.24733E-2,7.09503E-2,7.97772E-2,6.99718E-2,1.27779E-1,5.96295E-2,6.19042E-2,2.60909E-2,9.42395E-2,9.58704E-2,6.14801E-2,-9.62907E-3,1.24835E-1,7.69892E-2,8.40008E-2,9.32183E-2,1.06921E-1,1.80575E-2,7.42071E-3,1.29754E-1,2.45361E-2,7.81818E-2,2.52353E-2,2.25588E-2,1.27010E-2,4.65905E-2,8.74146E-3,3.60587E-2,8.62759E-2,4.31057E-2,1.08238E-1,1.10800E-1,4.33321E-2,6.03532E-2,1.29978E-1,3.55763E-2,4.67072E-2,4.12894E-2,3.43087E-2,1.33124E-2,5.48999E-2,9.36827E-2,6.15890E-2,1.14435E-1,-1.84423E-2,6.80857E-2,1.16171E-2,3.22402E-2,2.38588E-2,-4.89434E-3,3.21783E-2,5.31449E-2,4.65186E-2,9.33391E-2,5.36129E-2,9.53809E-2,9.55264E-2,-1.32913E-2,1.79601E-2,-5.94748E-2,7.98903E-2,1.02210E-1,5.40398E-2,1.73438E-3,4.07838E-2,4.04584E-2,5.64558E-2,4.38747E-2,7.35023E-2,7.64598E-2,7.16103E-2,1.29525E-1,-1.54552E-1,-4.43512E-2,1.85625E-2,-5.18347E-2,-1.80718E-2,1.70582E-2,-1.17068E-1,2.49887E-2,-3.72889E-3,-3.71651E-2,-7.94552E-2,1.09864E-2,8.41271E-2,2.09861E-2,7.91660E-2,-3.64023E-2,-1.44760E-3,8.22414E-2,2.68620E-2,3.84280E-2,1.09089E-1,-1.21046E-2,-4.03705E-4,-6.91774E-2,-8.97224E-2,-6.14288E-2,6.29399E-3,2.34279E-2,2.35619E-2,-8.89234E-3,7.53977E-2,-3.85582E-2,-1.30720E-2,-6.71233E-2,-1.40131E-2,2.02603E-2,-6.43423E-2,-6.77724E-2,-4.27663E-2,2.36278E-2,4.43087E-2,1.95424E-2,-2.96046E-2,9.96279E-3,-1.20386E-1,-1.23039E-2,-8.73085E-2,9.99049E-3,-4.30331E-2,-1.97182E-2,3.31954E-2,-8.47984E-2,-1.21881E-1,-2.62400E-2,5.42183E-3,5.04777E-2,-6.36899E-3,-9.78085E-3,-1.69065E-2,2.67219E-2,-1.07135E-1
9.12443E+2,6.17467E-2,-4.46547E-2,-7.10004E-2,-1.45129E-3,-2.37679E-2,1.95898E-2,8.25120E-2,-1.87744E-2,8.48178E-2,3.78310E-2,1.24848E-2,-2.95166E-2,-1.55063E-2,-8.73465E-2,-6.96403E-3,-1.13561E-1,-1.02999E-1,-1.10508E-1,1.77720E-3,-6.55675E-2,8.99046E-2,-2.18937E-2,-2.52877E-2,-6.61428E-2,1.81990E-3,2.19178E-3,-7.46045E-2,-2.25768E-2,-1.92202E-1,-2.74067E-2,-6.14544E-2,-2.85123E-1,-7.39621E-2,-2.65412E-1,-2.30401E-1,-2.27937E-1,-2.18906E-1,-2.29093E-1,-2.44220E-1,-4.32388E-1,-1.09714E-1,-1.52745E-1,-3.73726E-1,-3.62761E-1,-2.32749E-1,-2.24806E-1,-2.88591E-1,-3.62351E-1,-3.17722E-1,-2.20350E-1,-2.33654E-1,-1.97533E-1,-2.26343E-1,-2.78022E-1,-3.15935E-1,-2.41729E-1,-3.05755E-1,-3.48027E-1,-2.74669E-1,-3.98013E-1,-2.22272E-1,-2.77964E-1,-1.83165E-1,-1.51113E-1,-3.39231E-1,-1.22464E-1,-2.12705E-1,-4.96273E-2,-6.01532E-2,-1.59911E-1,-3.09790E-1,-1.75109E-1,-3.86889E-2,-3.85945E-1,-2.63354E-1,-1.47470E-1,-1.97759E-1,-2.80427E-1,-2.01897E-1,-2.84816E-1,-1.48461E-1,-9.65003E-2,-1.46591E-1,-2.37964E-1,-3.39883E-1,-3.94751E-1,-3.01073E-1,-2.53455E-1,-2.74728E-1,-4.63538E-1,-2.23258E-1,-3.59706E-1,-3.30787E-1,-4.96989E-1,-2.74488E-1,-2.27917E-1,-2.24472E-1,-2.42269E-1,-1.61105E-1,-5.11817E-1,-3.96392E-1,-5.63425E-1,-3.09955E-1,-2.40691E-1,-3.51695E-1,-3.06798E-1,-2.22666E-1,-4.76513E-1,-4.88162E-1,-2.66702E-1,-4.56225E-1,-4.58995E-1,-6.00551E-1,-4.04278E-1,-3.16248E-1,-3.20052E-1,-4.73627E-1,-3.41338E-1,-5.24331E-1,-3.31196E-1,-3.33347E-1,-4.85492E-1,-3.25475E-1,-3.07340E-1,-3.67523E-1,-5.09332E-1,-4.75781E-1,-3.62790E-1,-5.61264E-1,-5.07978E-1,-6.28986E-1,-5.69847E-1,-5.53455E-1,-4.21244E-1,-5.19140E-1,-5.41709E-1,-5.28340E-1,-4.52861E-1,-6.23079E-1,-7.79532E-1,-4.95953E-1,-5.49658E-1,-6.78360E-1,-5.76039E-1,-3.98015E-1,-5.19218E-1,-3.79244E-1,-5.26326E-1,-4.51546E-1,-5.14312E-1,-4.38029E-1,-6.34148E-1,-5.74784E-1,-6.00315E-1,-4.69574E-1,-3.87443E-1,-3.25010E-1,-1.82147E-1,-4.95633E-1,-3.17292E-1,-5.51246E-1,-5.76403E-1,-3.54155E-1,-4.58895E-1,-3.97823E-1,-4.90823E-1,-3.67262E-1
9.15861E+2,3.80955E-2,-1.98392E-2,-1.37542E-2,7.53990E-3,3.45587E-3,2.88560E-2,-7.71785E-3,6.25561E-2,7.08453E-2,3.37551E-2,-9.27858E-3,-5.03088E-2,-3.94400E-2,-7.17165E-2,-3.30487E-2,-4.07362E-2,-6.74456E-3,-8.77532E-2,6.69368E-2,-4.47418E-2,5.25820E-2,4.97462E-2,3.65857E-2,6.73326E-3,-1.16027E-2,-1.73934E-2,5.22477E-2,-5.43415E-4,-5.70359E-2,4.24012E-2,7.47249E-2,-4.60503E-2,-4.22276E-2,2.74137E-3,-5.13659E-2,-1.11848E-1,2.37605E-2,-1.67919E-2,-7.61821E-2,-5.59717E-2,-6.57752E-2,6.74182E-2,-1.31849E-1,-2.06153E-3,-7.34993E-2,4.19943E-2,1.21485E-2,-9.21926E-2,5.52488E-2,-3.84637E-2,1.66287E-2,-9.22722E-3,-6.80847E-2,-8.58018E-2,-1.10607E-1,-6.43543E-2,2.48560E-2,7.32401E-3,-5.23363E-2,-4.31637E-2,-2.99086E-2,-2.39531E-2,2.00186E-2,-7.37551E-2,-6.02571E-2,-8.77107E-2,-9.63029E-2,-3.37911E-2,2.22425E-2,-1.57668E-2,-4.35551E-2,-2.42442E-2,-4.07338E-3,-1.36590E-1,-7.20206E-3,3.49068E-3,-8.38206E-4,-9.63654E-2,-4.25877E-2,-5.65546E-2,-5.85717E-2,-4.80284E-2,-1.49941E-2,-3.03873E-3,-1.56479E-1,-5.52032E-2,-8.07910E-2,-1.63124E-1,-8.37452E-2,-1.82788E-1,1.37024E-2,-6.81016E-2,-1.94698E-1,-1.73810E-1,-2.04930E-1,-5.01149E-2,-7.71471E-2,-1.08712E-1,-4.46009E-2,-1.55593E-1,-2.20755E-1,-2.12703E-1,-1.51839E-1,-7.87640E-2,-1.15471E-1,-1.37678E-1,-1.02506E-1,-1.72335E-1,-1.52645E-1,-1.28927E-1,-1.85087E-1,-1.95165E-1,-2.09679E-1,-1.76103E-1,-1.10356E-1,-1.76499E-1,-1.37727E-1,-1.51341E-1,-2.21076E-1,-8.67380E-2,-9.96331E-2,-2.61900E-1,-1.19133E-1,-1.67500E-1,-1.87838E-1,-2.35473E-1,-2.45284E-1,-2.15135E-1,-1.29190E-1,-2.06562E-1,-2.91104E-1,-3.10571E-1,-2.54568E-1,-1.22501E-1,-2.35816E-1,-2.65546E-1,-2.76248E-1,-1.92839E-1,-2.38487E-1,-3.50749E-1,-2.95596E-1,-2.34927E-1,-2.93289E-1,-2.51375E-1,-2.07305E-1,-3.40386E-1,-2.38001E-1,-1.22980E-1,-1.69676E-1,-2.06954E-1,-1.68333E-1,-1.85469E-1,-2.16159E-1,-2.93949E-1,-3.46473E-1,-1.80309E-1,-7.36168E-2,-8.75826E-2,-2.55572E-1,-1.13071E-1,-2.77987E-1,-2.14867E-1,-9.74708E-2,-2.84289E-1,-1.50756E-1,-1.61850E-1,-1.35546E-1
9.19280E+2,2.07661E-1,-1.61473E-1,-3.16644E-2,-5.07668E-2,-1.16738E-1,8.34103E-2,1.85501E-1,-1.48868E-1,3.12442E-2,2.33623E-1,4.27443E-1,1.15876E-1,-1.85051E-1,-6.23455E-1,3.32588E-2,-1.28177E+0,-2.46701E-1,-9.65129E-1,1.43064E-2,2.76862E-1,6.52762E-2,-4.06568E-1,-3.14764E-1,-6.07014E-2,6.52537E-2,-4.24217E-1,-4.55096E-1,-4.85133E-1,-2.16827E+0,-6.25727E-1,-1.92275E+0,-7.65340E-1,-9.09892E-1,-2.58016E+0,-2.56763E+0,-2.12214E+0,-1.16977E+0,-1.44858E+0,-1.90431E+0,-2.26138E+0,-2.28991E+0,-1.28068E+0,-2.67187E+0,-2.22919E+0,-2.33168E+0,-1.09599E+0,-1.93370E+0,-1.95795E+0,-1.60214E+0,-4.07136E-1,-2.37776E+0,-1.05665E+0,-1.83414E+0,-1.26229E+0,-1.24715E+0,-2.19733E+0,-1.49990E+0,-2.92263E+0,-1.20039E+0,-2.24306E+0,-1.63590E+0,-1.94697E+0,-1.52152E+0,-1.45573E+0,-2.36317E+0,-2.29713E+0,-2.43557E+0,-6.66973E-1,-6.21362E-1,-1.39260E+0,-1.18045E+0,-1.18243E+0,-1.11164E+0,-2.85770E+0,-1.85285E+0,-8.83127E-1,-1.16219E+0,-1.93056E+0,-9.50867E-1,-2.02842E+0,-2.22234E+0,-3.09508E-1,-1.20369E+0,-1.35017E+0,-2.64928E+0,-2.41847E+0,-1.77643E+0,-1.39836E+0,-1.99158E+0,-3.04186E+0,-1.71131E+0,-1.26098E+0,-2.26467E+0,-2.20897E+0,-2.25445E+0,-8.43870E-1,-1.51479E+0,-1.82824E+0,-6.81161E-1,-3.54490E+0,-2.89164E+0,-3.11451E+0,-2.00126E+0,-5.39489E-1,-2.11489E+0,-2.72692E+0,-1.72019E+0,-2.66587E+0,-2.38611E+0,-2.25428E+0,-3.19077E+0,-2.56805E+0,-3.68242E+0,-2.29836E+0,-2.77355E+0,-2.13969E+0,-2.41973E+0,-2.55385E+0,-3.57685E+0,-1.78792E+0,-2.72590E+0,-3.46090E+0,-1.39621E+0,-2.18781E+0,-2.45436E+0,-3.71522E+0,-1.97138E+0,-2.44763E+0,-2.38973E+0,-3.36123E+0,-3.48734E+0,-4.29953E+0,-3.66970E+0,-3.38491E+0,-3.82853E+0,-3.52068E+0,-4.31344E+0,-4.07134E+0,-3.17914E+0,-5.12495E+0,-4.43628E+0,-3.58155E+0,-3.83952E+0,-2.38359E+0,-4.26007E+0,-4.05121E+0,-4.01926E+0,-3.15663E+0,-4.31552E+0,-2.73237E+0,-2.49649E+0,-4.24269E+0,-4.53367E+0,-4.23077E+0,-3.44799E+0,-3.00591E+0,-2.07516E+0,-2.05460E+0,-3.15938E+0,-2.59314E+0,-3.11862E+0,-2.93325E+0,-2.48768E+0,-3.21233E+0,-2.97583E+0,-2.96760E+0,-2.45680E+0
9.22699E+2,-3.43536E-2,-2.86618E-2,5.87424E-2,-1.90232E-2,5.39147E-3,-2.37849E-2,-3.71846E-2,-4.41262E-2,1.25959E-2,2.78446E-2,2.57642E-2,5.04896E-2,-5.12087E-3,-1.00287E-3,1.24298E-2,3.95375E-2,4.81756E-2,9.10999E-2,8.57292E-2,4.71560E-2,4.55784E-2,5.72448E-2,4.02627E-2,9.37461E-2,1.01781E-1,7.40639E-2,1.68703E-1,1.14825E-1,1.86895E-1,7.43219E-2,1.16056E-1,1.23827E-1,1.87811E-1,2.00773E-1,2.83783E-1,2.45660E-1,1.55796E-1,1.53515E-1,2.49920E-1,2.22414E-1,1.91137E-1,1.60446E-1,1.80562E-1,1.68311E-1,2.00005E-1,7.46731E-2,2.12578E-1,1.58238E-1,1.73616E-1,1.38167E-1,1.67151E-1,1.23686E-1,2.50330E-1,7.24322E-2,9.18496E-2,9.54997E-2,1.46043E-1,2.30876E-1,1.58618E-1,2.10231E-1,2.02440E-1,1.84173E-1,1.45532E-1,9.76310E-2,2.40154E-1,1.44894E-1,1.48213E-1,1.12076E-1,4.21562E-2,1.21539E-1,1.42311E-1,1.44005E-1,1.73556E-1,2.63981E-1,1.65504E-1,1.54683E-1,1.45017E-1,1.58428E-1,1.61092E-1,2.59521E-1,1.60540E-1,1.41021E-1,1.35396E-1,1.47098E-1,3.17363E-1,2.38676E-1,2.19891E-1,1.36013E-1,1.93424E-1,2.84474E-1,1.50941E-1,1.39832E-1,2.22838E-1,2.50667E-1,1.86625E-1,2.06062E-1,2.26484E-1,1.83101E-1,1.68355E-1,2.36545E-1,2.93429E-1,3.83381E-1,1.45280E-1,1.18187E-1,2.02001E-1,3.23588E-1,5.12206E-2,3.00685E-1,1.81710E-1,2.48607E-1,3.04466E-1,2.43406E-1,2.46347E-1,1.85923E-1,2.03877E-1,2.13880E-1,2.24590E-1,2.81027E-1,2.61169E-1,1.63583E-1,2.17110E-1,3.27348E-1,1.55375E-1,2.25425E-1,2.06125E-1,2.76305E-1,2.32506E-1,1.89533E-1,2.13076E-1,2.49176E-1,3.37977E-1,2.41005E-1,3.40182E-1,2.65779E-1,3.50600E-1,2.67367E-1,3.36224E-1,3.15189E-1,3.21003E-1,4.75989E-1,2.82359E-1,3.42333E-1,3.33142E-1,3.15569E-1,3.22511E-1,3.62047E-1,2.86435E-1,3.63109E-1,3.15814E-1,2.85356E-1,2.24363E-1,2.95571E-1,2.91688E-1,3.03027E-1,3.34938E-1,1.44258E-1,1.23096E-1,7.31079E-2,2.36169E-1,1.48460E-1,2.04006E-1,1.87949E-1,1.26019E-1,2.31548E-1,1.72887E-1,2.25860E-1,1.55873E-1
9.26119E+2,-6.72244E-2,5.74352E-2,5.24684E-2,4.45307E-3,-6.16842E-3,-9.11981E-2,-2.50018E-2,-4.23071E-2,4.97968E-2,3.02273E-2,1.77150E-3,1.00713E-2,2.73225E-2,-3.56890E-2,3.40428E-2,-1.20797E-1,6.78582E-2,1.05089E-1,3.18590E-2,6.78498E-2,7.50041E-2,9.09410E-2,-4.17975E-2,-4.50501E-2,6.04920E-2,-4.80310E-3,2.32038E-2,8.35724E-2,-2.86231E-2,7.35521E-2,1.33035E-1,2.28414E-2,-8.16655E-4,5.31061E-2,-1.11248E-1,5.21105E-2,8.29471E-2,1.17756E-1,9.56617E-2,3.73408E-2,8.79997E-2,-7.42376E-2,-4.94694E-2,-3.23966E-2,4.39351E-2,-5.71098E-2,1.00418E-1,5.45156E-2,-9.66724E-3,1.10075E-1,4.71286E-2,1.06370E-1,6.26467E-2,-3.58242E-2,-2.19064E-3,-2.03049E-1,-4.89724E-2,9.19508E-2,4.39987E-2,2.68526E-2,1.19334E-1,-1.90850E-2,6.00974E-2,5.09707E-2,3.27865E-2,1.23650E-2,1.37403E-2,5.66853E-2,2.10361E-2,-1.23001E-1,3.50234E-2,8.61598E-2,9.92274E-2,8.16213E-2,1.18870E-1,4.76858E-2,-2.57267E-1,3.13444E-2,1.04185E-1,6.48022E-2,1.11546E-1,4.28948E-2,-1.09986E-2,-4.47592E-2,-1.42961E-1,-1.13712E-1,-3.98504E-2,-6.81632E-2,-3.76318E-2,3.87336E-2,-6.46366E-2,-4.66968E-2,-1.23713E-1,-9.38391E-2,-7.27837E-2,6.19879E-2,6.20398E-2,-7.02260E-3,-5.45714E-2,-2.84895E-1,-2.36980E-1,-4.13386E-2,1.61508E-2,3.49247E-2,6.98095E-2,-3.12954E-2,-5.60892E-2,-2.33149E-1,-5.09322E-2,-1.99389E-1,-5.42745E-2,-1.79589E-2,-2.90269E-1,-1.56648E-1,-6.16647E-2,4.92274E-2,-1.43394E-1,-3.19186E-1,-4.84707E-1,-8.24428E-3,-1.60483E-1,-1.93347E-1,-2.42546E-1,1.41689E-2,-1.58858E-1,-1.11250E-1,-2.02292E-1,-2.33356E-1,-2.49705E-1,-4.23593E-1,-3.80263E-1,-3.98103E-1,-1.00862E-1,-1.42930E-1,-3.70544E-1,-3.27510E-1,-3.70575E-1,-6.63007E-1,-3.82296E-1,-5.94371E-1,-3.50117E-1,-1.42087E-1,-6.17316E-1,-1.73246E-1,-6.56893E-1,-2.06574E-1,-4.52361E-1,-2.57847E-1,-3.58623E-1,-1.69081E-2,-2.34940E-1,-4.86259E-1,-4.87487E-1,-6.50729E-1,-4.16057E-1,-1.24526E-1,6.29761E-2,-5.02481E-2,-3.10348E-1,-1.96887E-1,-2.00015E-1,-2.35644E-1,6.71292E-2,-9.65149E-2,1.74667E-2,-2.09907E-1,-4.82596E-2
9.29540E+2,-7.05902E-3,-1.79015E-2,1.39364E-2,-9.07402E-4,-1.40127E-2,1.82560E-2,1.21504E-3,-7.67417E-3,-1.54041E-2,1.80594E-3,-4.21322E-3,-6.41696E-3,9.86849E-3,1.50452E-2,1.34620E-2,-4.20390E-3,2.12190E-2,1.78996E-2,-9.98535E-3,2.39813E-2,-7.47287E-3,1.54361E-2,3.20472E-2,3.82358E-2,3.58065E-2,2.31670E-2,4.36078E-2,4.82323E-2,6.75813E-2,6.73751E-2,7.45258E-2,4.14680E-2,7.86756E-2,6.57027E-2,6.43560E-2,8.48730E-2,9.01754E-2,8.54875E-2,9.10328E-2,5.61841E-2,4.46183E-2,5.94413E-2,1.01819E-1,5.35748E-2,6.95004E-2,5.39094E-2,6.83837E-2,7.38848E-2,5.93419E-2,5.95143E-2,4.48929E-2,3.85332E-2,6.10079E-2,5.22391E-2,5.35240E-2,7.56064E-2,9.23073E-2,5.63566E-2,5.21849E-2,7.76490E-2,7.27057E-2,5.03962E-2,3.13074E-2,3.43716E-2,4.62565E-2,6.73419E-2,5.33957E-2,5.31896E-2,3.70617E-2,6.65619E-2,4.50600E-2,6.22390E-2,7.98680E-2,1.03254E-1,6.81892E-2,6.62415E-2,5.21814E-2,8.64224E-2,4.79107E-2,6.25644E-2,5.82103E-2,5.23496E-2,6.81876E-2,5.47497E-2,1.18286E-1,4.84938E-2,4.20416E-2,5.45235E-2,5.99736E-2,5.19448E-2,6.18398E-2,6.79834E-2,7.07935E-2,1.03853E-1,1.72122E-2,5.77408E-2,5.46703E-2,7.50018E-2,9.11170E-2,7.67679E-2,1.26765E-1,1.20534E-1,7.83937E-2,3.31555E-2,4.10479E-2,8.20720E-2,4.16081E-2,8.92138E-2,4.50526E-2,1.00922E-1,8.75381E-2,5.43027E-2,1.15984E-1,7.12646E-2,4.83464E-2,6.87790E-2,6.42094E-2,1.25375E-1,1.16475E-1,3.95847E-2,1.01822E-1,1.04605E-1,1.02717E-1,5.41957E-2,7.85013E-2,1.06031E-1,4.58954E-2,9.60993E-2,9.95136E-2,1.72734E-1,1.57270E-1,1.25660E-1,8.58515E-2,1.43684E-1,1.74660E-1,1.42052E-1,1.52401E-1,1.27017E-1,1.15967E-1,2.73676E-1,1.47247E-1,1.63380E-1,1.70114E-1,1.40705E-1,1.67131E-1,1.54317E-1,1.63189E-1,1.66245E-1,1.03876E-1,1.12769E-1,1.27612E-1,1.50461E-1,1.44686E-1,1.63118E-1,1.86531E-1,9.05358E-2,7.20765E-2,2.34880E-2,2.98216E-2,4.57914E-2,2.27350E-2,6.24615E-2,3.79547E-2,6.14043E-2,9.48473E-2,6.88198E-2,1.90551E-2
9.32962E+2,-2.12752E-3,-1.50994E-4,-1.33527E-3,4.00132E-3,-1.64044E-2,4.37438E-3,8.21157E-4,-3.86306E-3,6.31274E-3,4.23196E-3,-3.54129E-3,-4.42380E-4,1.40656E-3,2.96599E-3,3.75080E-3,9.47828E-3,1.05582E-3,1.22434E-3,1.73791E-2,5.60699E-3,4.94834E-2,1.19893E-2,1.87176E-2,4.30946E-2,4.36455E-2,1.85279E-2,5.50976E-2,4.45728E-2,6.57691E-2,6.05376E-2,5.38791E-2,4.99871E-2,4.97354E-2,7.41726E-2,5.64645E-2,7.57320E-2,5.98590E-2,6.48541E-2,6.12525E-2,5.96660E-2,4.56649E-2,6.10028E-2,6.44886E-2,6.38199E-2,7.84519E-2,5.29683E-2,5.17923E-2,7.67977E-2,5.59292E-2,5.33100E-2,5.76423E-2,4.71885E-2,6.12559E-2,5.12626E-2,5.03476E-2,7.41044E-2,5.19666E-2,4.82261E-2,5.35913E-2,3.76782E-2,5.15354E-2,4.20588E-2,4.29302E-2,2.92901E-2,4.05160E-2,4.65776E-2,4.55463E-2,3.78106E-2,3.83492E-2,2.74554E-2,2.68906E-2,5.28313E-2,4.19405E-2,5.95268E-2,4.42200E-2,5.79000E-2,5.17057E-2,6.25682E-2,4.98918E-2,4.59568E-2,4.95958E-2,3.37431E-2,4.25798E-2,3.66204E-2,5.57459E-2,5.59322E-2,4.43562E-2,5.67988E-2,5.16928E-2,8.60371E-2,3.46860E-2,3.87556E-2,4.73890E-2,5.38969E-2,3.33327E-2,3.41097E-2,1.61999E-2,2.87886E-2,2.80304E-2,5.34908E-2,6.61842E-2,6.27206E-2,3.34842E-2,2.16150E-2,4.50577E-2,5.20517E-2,2.16682E-2,2.63927E-2,4.41650E-2,2.94573E-2,9.24497E-2,2.82765E-2,3.13277E-2,7.09195E-2,3.94688E-2,4.91772E-2,6.11557E-2,9.65126E-2,1.73967E-1,2.54939E-2,2.89851E-2,7.64229E-2,2.12439E-2,3.31560E-2,8.14040E-2,7.75812E-2,4.35602E-2,6.85867E-2,5.75868E-2,1.29416E-1,1.37401E-1,1.14767E-1,8.96023E-2,8.77034E-2,9.66837E-2,9.91120E-2,1.79193E-1,5.82580E-2,9.72242E-2,2.89137E-1,7.88596E-2,1.35658E-1,3.28059E-1,1.54096E-1,1.61394E-1,9.76504E-2,7.58892E-2,1.01154E-1,1.22776E-1,1.06326E-1,8.04644E-2,8.46074E-2,3.23339E-1,2.05031E-1,1.74678E-1,5.49902E-2,2.24697E-2,1.82178E-2,9.21799E-3,3.59482E-2,2.16385E-2,1.68812E-2,2.69167E-2,8.26567E-2,4.88127E-2,1.19182E-1,5.39156E-2
9.36384E+2,-4.34225E-3,-1.16385E-2,4.74460E-3,7.83594E-3,6.53937E-4,-9.45497E-3,-1.69129E-3,8.11762E-3,1.02621E-2,-7.23662E-3,-9.26102E-3,2.69784E-3,1.66180E-3,1.78848E-3,5.86231E-3,1.32365E-2,2.99067E-3,1.16011E-2,2.08869E-2,1.39956E-2,2.02781E-2,2.36738E-2,3.68355E-2,2.74958E-2,2.35161E-2,3.11142E-2,3.95475E-2,3.35308E-2,4.17316E-2,4.15830E-2,5.70602E-2,5.12674E-2,5.16736E-2,5.75851E-2,5.03237E-2,5.30079E-2,5.42173E-2,5.48674E-2,5.99159E-2,4.40905E-2,4.27026E-2,3.05664E-2,5.78167E-2,5.45075E-2,4.63909E-2,6.86192E-2,5.46469E-2,4.44108E-2,5.32021E-2,4.93510E-2,3.98609E-2,4.65893E-2,4.78196E-2,4.99485E-2,3.59243E-2,5.08446E-2,4.70942E-2,4.12359E-2,4.06214E-2,2.61772E-2,3.56360E-2,4.57695E-2,4.88197E-2,4.80552E-2,4.54439E-2,3.33168E-2,4.36656E-2,3.80424E-2,3.79732E-2,3.34738E-2,3.54813E-2,3.22163E-2,3.95999E-2,4.41833E-2,3.18846E-2,4.48130E-2,4.05578E-2,4.39970E-2,4.05176E-2,3.73318E-2,3.61727E-2,3.52557E-2,3.86439E-2,3.39324E-2,4.99259E-2,4.90447E-2,4.89025E-2,3.14126E-2,4.34448E-2,5.16278E-2,3.22619E-2,3.07574E-2,5.07389E-2,4.91564E-2,2.37606E-2,1.64246E-2,3.74966E-2,2.93928E-2,2.33363E-2,3.19748E-2,2.77283E-2,3.82923E-2,2.94212E-2,2.97406E-2,1.27792E-2,2.46934E-2,1.96887E-2,2.36393E-2,2.74623E-2,2.43167E-2,3.45510E-2,2.15778E-2,7.03819E-2,3.15779E-2,3.08316E-2,2.48457E-2,3.96331E-2,4.72198E-2,4.48221E-2,3.03999E-2,3.25369E-2,5.45326E-2,3.71863E-2,2.37022E-2,3.25631E-2,3.12055E-2,3.04355E-2,3.64580E-2,3.43591E-2,5.01004E-2,3.20200E-2,5.70702E-2,3.27331E-2,2.58443E-2,7.00909E-2,5.34009E-2,5.60413E-2,5.70676E-2,2.61955E-2,8.37883E-2,3.82634E-2,5.72393E-2,9.03326E-2,6.13540E-2,8.48164E-2,5.03362E-2,5.64136E-2,5.74278E-2,3.00197E-2,2.25904E-2,3.11483E-2,9.38285E-2,4.34379E-2,4.90715E-2,4.44181E-2,3.47229E-2,1.17079E-2,1.03415E-2,1.24721E-2,2.05701E-2,1.74568E-2,1.46207E-2,1.76412E-2,3.71455E-2,3.57854E-2,2.01694E-2,4.46026E-3
9.39807E+2,-5.49776E-3,3.44758E-3,-3.73471E-3,-7.91947E-4,-4.59718E-3,-5.87890E-3,5.88029E-3,6.37843E-3,9.19164E-3,1.73653E-3,1.86432E-3,5.47211E-3,-1.63823E-3,-1.16218E-2,-2.10337E-4,1.28445E-2,2.14137E-3,5.89029E-3,1.69615E-2,1.12539E-2,2.03104E-2,1.52613E-2,3.55371E-2,3.59688E-2,3.69740E-2,3.05775E-2,4.52566E-2,2.92156E-2,4.16099E-2,4.11151E-2,3.96019E-2,4.81668E-2,5.42010E-2,4.88010E-2,4.99117E-2,4.55404E-2,4.70494E-2,4.34387E-2,5.07852E-2,5.11936E-2,5.00505E-2,4.18174E-2,5.43216E-2,5.83721E-2,5.04817E-2,5.05407E-2,4.77460E-2,4.43448E-2,4.70369E-2,5.07365E-2,4.18159E-2,3.71324E-2,4.03713E-2,3.92699E-2,3.88371E-2,3.44468E-2,4.68732E-2,3.83781E-2,4.63646E-2,4.08807E-2,3.77416E-2,4.07750E-2,3.37020E-2,4.22136E-2,3.77386E-2,2.78522E-2,3.06629E-2,3.13473E-2,3.66952E-2,3.81730E-2,3.60611E-2,3.46711E-2,3.84395E-2,3.98940E-2,3.77253E-2,3.30891E-2,3.56863E-2,4.08412E-2,4.23155E-2,3.88463E-2,2.49265E-2,2.97082E-2,3.96228E-2,3.35238E-2,3.69236E-2,3.30511E-2,3.70581E-2,3.60914E-2,3.06661E-2,2.63273E-2,2.32315E-2,2.21385E-2,3.68256E-2,2.67879E-2,2.23827E-2,3.07933E-2,3.27069E-2,2.44813E-2,1.67605E-2,3.07480E-2,2.77953E-2,1.59209E-2,2.76500E-2,1.36065E-2,1.95074E-2,2.79254E-2,2.10780E-2,1.41202E-2,2.58402E-2,2.05457E-2,3.08097E-2,1.37265E-2,3.10892E-2,1.12479E-2,1.71110E-2,2.61604E-2,1.50412E-2,3.06808E-2,4.72590E-2,9.80380E-3,6.66511E-3,2.38450E-2,1.05379E-2,4.66567E-2,1.77503E-2,3.00713E-2,2.15575E-2,1.78407E-2,1.73027E-2,2.25081E-2,3.71596E-2,4.04885E-2,2.84232E-2,2.37346E-2,3.43006E-2,2.39082E-2,2.80742E-2,2.47175E-2,1.58145E-2,3.49104E-2,2.41222E-2,3.54635E-2,3.49908E-2,2.18474E-2,3.34424E-2,4.29109E-2,3.04075E-2,2.72308E-2,6.72272E-3,2.08639E-2,2.09496E-2,1.92357E-2,2.24581E-2,2.60177E-2,3.67587E-2,2.10698E-2,8.14489E-3,5.33145E-3,1.55168E-2,5.34502E-3,6.61252E-3,9.89879E-3,1.62975E-3,1.69896E-2,2.47217E-2,1.34639E-2,-2.95878E-3
9.43231E+2,1.23777E-3,1.04527E-4,1.88214E-3,-6.09904E-3,-6.00069E-3,-4.59664E-3,2.45576E-3,3.71497E-3,3.78003E-3,-5.04396E-3,4.43060E-3,2.77248E-3,-2.28048E-3,-2.96216E-3,6.60469E-3,1.12746E-3,6.40120E-3,6.46244E-3,1.34712E-2,1.48460E-2,2.13888E-2,2.27077E-2,2.57949E-2,3.30952E-2,3.30639E-2,3.49817E-2,3.66431E-2,3.92965E-2,4.12700E-2,3.87537E-2,4.65305E-2,4.93602E-2,4.49111E-2,4.36461E-2,4.65621E-2,4.47029E-2,4.90175E-2,4.53653E-2,4.64556E-2,4.79314E-2,4.28319E-2,3.98647E-2,4.70980E-2,3.87394E-2,3.60522E-2,4.22826E-2,4.26284E-2,4.21332E-2,4.77861E-2,4.59834E-2,3.56873E-2,3.72852E-2,3.57096E-2,4.14672E-2,3.89884E-2,3.87837E-2,3.95827E-2,4.23647E-2,3.77365E-2,3.82689E-2,3.49561E-2,3.53572E-2,3.75756E-2,4.41652E-2,3.49871E-2,2.94799E-2,2.93867E-2,3.06134E-2,3.31057E-2,3.44029E-2,3.88037E-2,3.52227E-2,3.77634E-2,3.63095E-2,4.03278E-2,4.11417E-2,3.60005E-2,3.55814E-2,3.44007E-2,3.54629E-2,3.15511E-2,2.88186E-2,3.60050E-2,3.21035E-2,3.40924E-2,3.51043E-2,3.16879E-2,2.58992E-2,3.25632E-2,3.10240E-2,2.53409E-2,1.96719E-2,2.80410E-2,2.37812E-2,2.86848E-2,2.88942E-2,2.35177E-2,2.01984E-2,1.74503E-2,2.00838E-2,1.79643E-2,2.70471E-2,1.36044E-2,2.29395E-2,2.30856E-2,2.57681E-2,1.73499E-2,1.73211E-2,1.74361E-2,1.63763E-2,1.51753E-2,1.98833E-2,2.34370E-2,1.30663E-2,2.17847E-2,1.06217E-2,1.64655E-2,1.76522E-2,2.29296E-2,6.65239E-3,1.40799E-2,2.09919E-2,1.02746E-2,1.88929E-2,7.84555E-3,1.54087E-2,1.90703E-2,1.25847E-2,8.41062E-3,1.30950E-2,2.66567E-2,2.20341E-2,2.39738E-2,1.31869E-2,1.88189E-2,2.13323E-2,9.26533E-3,1.64469E-2,2.64121E-2,3.61239E-2,9.77744E-3,2.59344E-2,3.15414E-2,2.44675E-2,2.03698E-2,2.47392E-2,1.35167E-2,6.75532E-3,1.04711E-2,1.04677E-2,1.20330E-2,1.08714E-2,1.83527E-2,1.59513E-2,1.50993E-2,6.06488E-3,7.91678E-3,-2.17037E-3,6.66252E-3,2.32985E-3,-5.23801E-3,-1.08832E-3,1.09089E-2,1.10889E-2,1.25478E-2,9.11690E-3,5.84045E-3
9.46655E+2,-4.19328E-5,-1.51834E-3,3.18228E-3,3.75268E-3,-2.04462E-3,-4.30847E-3,-2.85415E-3,-3.61153E-3,3.32707E-3,2.50158E-3,1.86356E-3,4.00423E-4,-3.93773E-4,1.78001E-4,-4.32779E-4,1.86368E-3,4.75832E-3,6.17565E-3,7.56874E-3,1.25778E-2,1.62471E-2,1.95980E-2,2.43513E-2,2.72750E-2,3.34775E-2,3.16088E-2,3.69312E-2,3.06450E-2,4.09832E-2,3.44906E-2,4.19403E-2,3.42055E-2,4.18544E-2,4.31320E-2,4.11688E-2,5.00932E-2,4.35250E-2,4.16030E-2,3.89967E-2,4.61180E-2,4.53347E-2,3.89453E-2,4.17673E-2,4.13382E-2,3.62064E-2,3.93776E-2,4.20711E-2,3.49131E-2,3.65217E-2,3.65386E-2,3.53366E-2,3.58281E-2,3.65828E-2,3.71842E-2,4.02192E-2,3.49082E-2,3.84977E-2,3.16423E-2,3.98615E-2,3.24098E-2,3.17091E-2,3.30001E-2,3.23436E-2,3.47179E-2,2.92241E-2,3.13852E-2,3.43156E-2,3.27311E-2,2.59175E-2,3.28862E-2,2.41969E-2,3.41213E-2,3.28622E-2,3.80682E-2,3.64919E-2,3.25138E-2,2.18057E-2,2.82140E-2,3.15485E-2,3.25136E-2,3.20023E-2,2.54519E-2,3.20518E-2,2.34355E-2,2.92713E-2,2.76138E-2,2.50040E-2,2.95767E-2,2.52062E-2,2.93425E-2,2.54707E-2,2.12902E-2,2.20318E-2,1.40587E-2,1.50277E-2,2.42846E-2,1.35347E-2,2.06876E-2,1.77806E-2,1.90814E-2,1.92238E-2,2.71871E-2,1.45515E-2,1.44144E-2,1.80688E-2,2.06997E-2,9.62736E-3,1.88474E-2,1.40862E-2,1.66241E-2,1.78137E-2,2.00300E-2,2.65658E-2,1.26492E-2,1.25333E-2,1.11149E-2,1.24770E-2,1.53906E-2,1.62810E-2,7.68980E-3,1.46174E-2,1.48697E-2,1.02514E-2,1.66160E-2,1.51663E-2,3.77190E-3,1.51555E-2,2.33775E-2,6.42956E-3,1.46449E-2,1.90275E-2,9.60051E-3,1.28308E-2,1.11336E-2,1.07342E-2,1.29993E-2,2.24376E-2,1.27942E-2,8.39077E-3,1.76123E-2,7.76603E-3,1.84674E-2,1.62542E-2,1.35616E-2,1.29992E-2,1.51157E-2,8.78259E-3,9.74433E-3,3.98577E-3,5.75257E-3,1.39762E-2,5.52069E-3,2.33545E-3,7.59924E-3,1.26547E-2,3.78992E-3,7.51131E-3,-1.50157E-3,4.67336E-5,-3.98819E-3,4.40332E-3,7.38948E-5,-1.79668E-3,6.96349E-3,-2.80171E-3,1.25511E-2,-1.45040E-3
9.50080E+2,-2.16570E-3,-1.73210E-3,5.55298E-4,-1.92037E-3,1.36363E-3,-3.20288E-3,3.81917E-3,4.12062E-4,1.01564E-3,2.13678E-3,2.91152E-3,2.11377E-3,-3.19449E-3,-2.63689E-3,5.24559E-4,3.85728E-3,6.87399E-3,9.86961E-3,1.23039E-2,1.25162E-2,1.44543E-2,1.93925E-2,2.56498E-2,2.60948E-2,3.04381E-2,2.94890E-2,3.55860E-2,3.89626E-2,4.22159E-2,4.14540E-2,3.85403E-2,4.13758E-2,3.83226E-2,4.26489E-2,4.14372E-2,4.52769E-2,4.78714E-2,4.47534E-2,4.49049E-2,4.22062E-2,4.40889E-2,4.02543E-2,4.77334E-2,3.69901E-2,4.23234E-2,3.95788E-2,4.09820E-2,4.33387E-2,3.92548E-2,3.71424E-2,3.99884E-2,3.88540E-2,4.17946E-2,3.86953E-2,4.23382E-2,3.37488E-2,3.85414E-2,3.76604E-2,3.28985E-2,3.59814E-2,3.20564E-2,3.41403E-2,3.35629E-2,3.32714E-2,2.82612E-2,3.09502E-2,3.18797E-2,3.46858E-2,3.04665E-2,3.53110E-2,2.94699E-2,3.58029E-2,3.10927E-2,3.34586E-2,4.05293E-2,3.66028E-2,2.98503E-2,2.89174E-2,2.86338E-2,3.22621E-2,3.09719E-2,2.82017E-2,3.19411E-2,2.63455E-2,2.58063E-2,2.83932E-2,2.36139E-2,2.78903E-2,2.54374E-2,2.32596E-2,2.68410E-2,2.28225E-2,2.28325E-2,2.07877E-2,2.19601E-2,1.82283E-2,1.94392E-2,1.69045E-2,1.51296E-2,1.67010E-2,1.59971E-2,1.69180E-2,1.54813E-2,1.93753E-2,1.28147E-2,1.21241E-2,1.56161E-2,1.40843E-2,1.22235E-2,1.48224E-2,1.54033E-2,1.11031E-2,1.12066E-2,8.85374E-3,8.91307E-3,1.50067E-2,1.11436E-2,1.23693E-2,1.56523E-2,6.58561E-3,6.14421E-3,7.89268E-3,5.79979E-3,1.25561E-2,1.43634E-2,8.68393E-3,1.43824E-2,4.17602E-3,1.09575E-2,5.40034E-3,1.01446E-2,1.40711E-2,8.21068E-3,3.60588E-3,5.00024E-3,1.40651E-2,1.16462E-2,3.80678E-3,8.58470E-3,6.15901E-3,1.92132E-2,8.57552E-3,1.08619E-2,9.10796E-3,7.11612E-3,1.46382E-2,1.26728E-2,-3.21070E-3,4.74973E-3,2.69821E-3,2.21145E-4,5.47589E-3,9.17290E-3,2.93345E-3,1.56507E-2,2.37362E-3,2.40906E-3,6.57130E-4,3.40699E-3,-1.85307E-3,2.45226E-3,1.85642E-4,-9.21878E-3,6.71412E-4,1.34215E-3,1.41396E-3,-2.19823E-3
9.53505E+2,-2.13725E-4,2.21405E-3,-1.98635E-6,1.60385E-5,-1.27610E-3,2.60569E-3,-2.17667E-3,6.20235E-4,1.56843E-3,-2.06476E-3,2.26871E-4,-9.71322E-4,-2.06493E-3,2.39920E-3,-8.81021E-4,4.20798E-3,6.87745E-3,1.00034E-2,1.35323E-2,1.63578E-2,2.15761E-2,2.09180E-2,2.68400E-2,3.20919E-2,3.34864E-2,2.85861E-2,3.43487E-2,3.88955E-2,4.03478E-2,4.14453E-2,4.09372E-2,4.43235E-2,4.54201E-2,4.36098E-2,4.16658E-2,4.01319E-2,4.54960E-2,4.47239E-2,4.67340E-2,4.50247E-2,4.10442E-2,4.18603E-2,4.22169E-2,4.31194E-2,4.07293E-2,4.54957E-2,4.01624E-2,4.12385E-2,4.12190E-2,3.91459E-2,3.95152E-2,4.15062E-2,4.13084E-2,4.19178E-2,3.84014E-2,4.11672E-2,3.75512E-2,3.66970E-2,3.56725E-2,3.77430E-2,2.91636E-2,3.43707E-2,3.34688E-2,3.50341E-2,3.21913E-2,3.56767E-2,3.23501E-2,3.48453E-2,3.38848E-2,3.53038E-2,2.88246E-2,3.60600E-2,3.17812E-2,3.52382E-2,2.87315E-2,3.42326E-2,3.07386E-2,3.18354E-2,3.25774E-2,3.29698E-2,3.36572E-2,2.60910E-2,2.85677E-2,3.28797E-2,2.98042E-2,3.24079E-2,2.20990E-2,2.83860E-2,2.61347E-2,2.45178E-2,2.43887E-2,2.70474E-2,2.59167E-2,1.94667E-2,2.07724E-2,1.92717E-2,1.98620E-2,1.79718E-2,1.35831E-2,2.07305E-2,2.18155E-2,1.93251E-2,1.73726E-2,1.33049E-2,1.31165E-2,1.54328E-2,1.28623E-2,1.23603E-2,1.14436E-2,1.17763E-2,1.29920E-2,9.27992E-3,1.01357E-2,8.10203E-3,8.38665E-3,1.30823E-2,9.49964E-3,1.09774E-2,5.45517E-3,8.95892E-3,9.29913E-3,9.79373E-3,5.13248E-3,1.15882E-2,9.36692E-3,5.61671E-3,1.52020E-3,9.01536E-3,7.26429E-3,8.32249E-3,5.06739E-3,5.93520E-3,4.93339E-3,2.71045E-3,5.97637E-3,6.14932E-3,5.94866E-3,4.67480E-3,-4.48543E-4,1.02308E-2,-9.52464E-4,2.94374E-3,2.04433E-3,2.41904E-4,4.35327E-3,8.36566E-3,4.91903E-3,-1.15774E-3,6.83713E-4,2.03958E-3,-8.41869E-4,-3.50441E-4,1.43790E-3,4.02629E-3,3.74517E-3,2.16468E-3,-2.16027E-3,1.45339E-3,-3.28369E-4,-2.93615E-3,-5.80341E-4,5.39052E-4,-2.49468E-3,3.73406E-3,-3.97127E-3,5.81629E-4,-5.26121E-3
9.56932E+2,-1.78032E-3,-1.18894E-3,-1.73620E-4,-5.60188E-4,-5.40764E-5,9.55121E-4,-1.94405E-4,2.14533E-5,-7.27678E-4,4.82747E-4,-5.48528E-4,-1.17659E-3,8.45250E-5,1.98779E-3,2.87271E-3,4.13960E-3,5.98621E-3,6.81702E-3,1.32065E-2,1.48064E-2,1.61548E-2,2.13829E-2,2.70377E-2,3.04029E-2,3.04068E-2,2.88809E-2,3.33025E-2,3.92108E-2,4.15540E-2,3.68574E-2,4.04350E-2,4.02190E-2,4.52456E-2,4.09563E-2,4.45076E-2,4.14846E-2,4.26305E-2,4.32734E-2,4.36458E-2,4.39944E-2,4.41324E-2,3.98920E-2,4.54149E-2,3.99643E-2,3.91548E-2,4.18996E-2,3.83823E-2,4.09341E-2,3.85870E-2,3.89607E-2,3.91605E-2,3.77462E-2,3.73659E-2,3.81986E-2,3.85824E-2,3.88498E-2,3.62464E-2,3.75865E-2,3.43562E-2,3.94799E-2,3.18251E-2,3.14624E-2,3.41175E-2,3.29143E-2,2.84796E-2,3.03194E-2,3.40382E-2,3.44160E-2,2.86195E-2,3.20604E-2,3.03292E-2,3.52812E-2,3.18385E-2,3.51906E-2,3.10150E-2,3.22923E-2,2.97070E-2,3.22307E-2,3.06909E-2,2.99526E-2,3.19295E-2,2.97941E-2,3.31977E-2,2.82425E-2,2.95392E-2,3.03053E-2,2.27932E-2,3.11965E-2,2.51422E-2,2.44874E-2,2.25715E-2,2.49597E-2,1.88096E-2,2.01378E-2,1.99231E-2,2.26014E-2,1.75709E-2,1.82628E-2,1.52995E-2,1.81516E-2,1.39246E-2,1.48704E-2,1.38138E-2,1.11407E-2,1.13858E-2,1.08001E-2,8.71130E-3,1.15774E-2,1.16857E-2,9.36039E-3,8.52061E-3,1.16335E-2,9.56487E-3,7.56513E-3,6.99710E-3,1.31800E-2,7.09683E-3,1.16443E-2,6.10102E-3,7.31255E-3,8.29368E-3,8.04995E-3,5.50134E-3,2.31679E-3,4.90443E-3,3.41517E-3,1.52544E-3,4.93870E-3,4.39717E-3,6.52442E-3,3.09175E-3,3.22234E-3,-1.21398E-4,-1.42976E-3,4.16498E-3,5.97174E-3,9.47067E-4,3.30058E-3,4.90277E-3,1.09081E-2,2.77324E-3,2.27237E-3,-7.68577E-4,1.95480E-4,4.20256E-3,1.63934E-3,5.45037E-5,-2.64275E-4,-5.05264E-3,-1.78442E-3,-1.81690E-4,-2.31821E-3,-2.97145E-4,1.83225E-3,3.57774E-3,6.81545E-4,-4.92013E-5,-3.20053E-3,-1.97823E-3,-3.34079E-3,-3.67757E-3,-3.30628E-3,-3.61335E-3,-5.83710E-3,-5.35817E-3,-2.85497E-3,-4.58091E-3
9.60359E+2,-2.27001E-4,-1.75007E-3,-1.45226E-3,-4.05710E-4,5.33142E-4,1.16874E-3,2.97767E-4,-1.11417E-4,6.25017E-4,-7.21476E-4,-1.82817E-3,-1.52752E-4,1.17912E-3,-2.93514E-4,3.13858E-3,3.38871E-3,3.57992E-3,7.70059E-3,1.24689E-2,1.53829E-2,1.84729E-2,2.23488E-2,2.60917E-2,2.72213E-2,3.19318E-2,3.02708E-2,3.63062E-2,3.91804E-2,4.20946E-2,3.76117E-2,4.10128E-2,4.13516E-2,4.21191E-2,4.44366E-2,4.32872E-2,4.36746E-2,4.50568E-2,4.37828E-2,4.36345E-2,4.64506E-2,4.10097E-2,4.08358E-2,4.03269E-2,4.00335E-2,3.83497E-2,4.41057E-2,4.00644E-2,3.89875E-2,3.95439E-2,4.09899E-2,3.93341E-2,3.77179E-2,3.78891E-2,3.88239E-2,3.85035E-2,3.82620E-2,3.47621E-2,3.53645E-2,3.52102E-2,3.65396E-2,3.17680E-2,3.05733E-2,3.26278E-2,3.61314E-2,2.87362E-2,2.91025E-2,3.23553E-2,3.32440E-2,2.96132E-2,3.08131E-2,3.00746E-2,3.39168E-2,3.10102E-2,3.45504E-2,3.05697E-2,3.10683E-2,2.91980E-2,3.16515E-2,2.73282E-2,3.01995E-2,2.93613E-2,2.57816E-2,2.88168E-2,2.90731E-2,2.92273E-2,3.09700E-2,2.63477E-2,2.77306E-2,2.68294E-2,2.52179E-2,2.27928E-2,2.52847E-2,2.33733E-2,2.15190E-2,2.01531E-2,1.80329E-2,1.78111E-2,1.69854E-2,1.79295E-2,1.77109E-2,1.56218E-2,1.60356E-2,1.48563E-2,1.26786E-2,1.14001E-2,1.12034E-2,1.00985E-2,9.39773E-3,1.23009E-2,1.05809E-2,1.11628E-2,9.37313E-3,9.91983E-3,1.11822E-2,8.96208E-3,9.00534E-3,5.92250E-3,9.19082E-3,8.86932E-3,5.45701E-3,4.23571E-3,5.24475E-3,2.97382E-3,5.15282E-3,4.12223E-3,2.59470E-3,2.00624E-3,4.87664E-3,-8.27340E-4,3.61526E-3,-6.20380E-4,4.08668E-3,3.15351E-3,1.83873E-3,5.57335E-3,9.61671E-4,-9.37229E-6,2.26935E-3,-3.27273E-3,-1.05961E-3,9.21365E-4,1.26559E-3,-4.15195E-3,1.19161E-3,-1.31287E-3,4.33966E-3,-1.65005E-3,-1.86996E-3,-4.06143E-3,6.01552E-4,-9.34152E-4,-1.73872E-3,1.11929E-4,-7.38878E-4,-3.81490E-4,1.37832E-3,-1.51553E-3,2.86950E-4,2.24330E-4,-2.39122E-3,-1.44513E-3,-8.60642E-4,-5.97907E-3,1.07937E-3,1.92350E-4,-1.89140E-3,-4.92515E-3
9.63787E+2,-2.65359E-3,-5.43505E-4,-4.48997E-4,-2.90183E-4,-8.76034E-4,-1.27282E-3,-1.20449E-5,3.37530E-4,-8.99443E-4,3.91148E-4,1.98167E-3,2.83900E-4,1.14754E-3,1.14236E-3,1.71246E-3,2.65200E-3,5.25560E-3,5.41880E-3,1.18270E-2,1.27574E-2,1.66253E-2,1.95472E-2,2.53950E-2,2.84734E-2,3.21085E-2,3.07568E-2,3.45782E-2,3.65381E-2,4.04716E-2,3.79795E-2,3.91379E-2,3.91552E-2,4.22906E-2,4.22779E-2,4.08823E-2,4.18525E-2,4.44281E-2,4.17592E-2,4.09870E-2,4.21523E-2,4.14584E-2,4.06325E-2,4.35810E-2,4.08904E-2,3.95159E-2,3.83950E-2,3.88170E-2,4.08251E-2,3.71461E-2,3.67961E-2,3.61301E-2,3.82492E-2,3.72064E-2,3.75329E-2,3.44768E-2,3.54535E-2,3.40604E-2,3.56796E-2,3.40345E-2,3.53161E-2,3.20694E-2,3.16127E-2,3.29871E-2,3.30428E-2,2.67000E-2,3.00653E-2,3.23715E-2,3.28270E-2,2.93662E-2,3.25326E-2,2.60747E-2,3.21002E-2,2.84228E-2,3.37536E-2,3.13980E-2,3.00851E-2,3.02982E-2,2.95418E-2,3.05428E-2,3.03159E-2,2.78081E-2,2.83724E-2,2.94942E-2,2.92883E-2,2.78520E-2,2.82183E-2,2.43173E-2,2.48125E-2,2.44109E-2,2.39850E-2,2.14035E-2,2.22806E-2,2.06637E-2,2.10671E-2,2.09174E-2,1.90772E-2,1.72058E-2,1.62824E-2,1.50340E-2,1.53362E-2,1.23116E-2,1.40049E-2,1.24910E-2,1.14149E-2,1.05192E-2,9.53255E-3,1.16269E-2,9.89704E-3,1.05321E-2,9.76307E-3,7.79243E-3,6.48474E-3,8.57850E-3,6.05624E-3,7.74193E-3,8.54648E-3,5.51047E-3,7.41429E-3,9.61684E-3,3.80923E-3,4.58234E-3,4.98870E-3,1.88576E-3,3.29836E-3,2.73910E-3,4.34711E-4,2.29556E-3,3.62268E-3,3.31843E-3,1.24579E-3,1.84146E-4,4.99148E-4,-8.43213E-4,1.75953E-3,1.08853E-3,-6.64432E-4,2.10751E-3,-2.60979E-3,-3.54041E-3,-2.61360E-3,-1.97964E-3,1.82167E-3,2.92121E-4,-2.93044E-4,-3.03803E-3,-1.36778E-3,-3.21339E-3,-2.92118E-3,-7.51555E-4,-5.95317E-4,-3.51670E-3,-3.52209E-3,-4.05139E-3,-5.26339E-3,-3.87466E-3,-2.59153E-3,-4.90632E-3,-6.11847E-4,-2.69675E-3,-1.19936E-3,-4.92604E-3,-3.85393E-3,-4.93084E-3,-3.33820E-3,-4.59627E-3,-1.57040E-3,-4.76729E-3
9.67215E+2,-5.46011E-4,-3.81097E-4,-8.12566E-4,-1.37705E-3,1.68080E-3,-9.33880E-4,-1.07716E-3,-5.99258E-4,1.93339E-4,-3.04603E-4,-3.84466E-4,1.11465E-3,2.55065E-4,1.42391E-3,1.74832E-3,4.05661E-3,5.99912E-3,7.76000E-3,1.16224E-2,1.37016E-2,1.82242E-2,2.04413E-2,2.65935E-2,2.80787E-2,3.33959E-2,3.08623E-2,3.52100E-2,3.92554E-2,4.08333E-2,3.93459E-2,4.27227E-2,4.36333E-2,4.27304E-2,4.28532E-2,4.14517E-2,4.34987E-2,4.34795E-2,4.34937E-2,4.45615E-2,4.32835E-2,4.21442E-2,4.06933E-2,4.23447E-2,3.92012E-2,4.15996E-2,4.13744E-2,4.10736E-2,4.20959E-2,3.92723E-2,3.93358E-2,3.82722E-2,4.00603E-2,3.98929E-2,4.13204E-2,3.64965E-2,3.65289E-2,3.60196E-2,3.84524E-2,3.60168E-2,3.59233E-2,3.24507E-2,3.15003E-2,3.50183E-2,3.66642E-2,2.73907E-2,3.17547E-2,3.29070E-2,3.34929E-2,3.06175E-2,3.40483E-2,2.94751E-2,3.45616E-2,3.14479E-2,3.44091E-2,3.34919E-2,3.05118E-2,2.95232E-2,3.15947E-2,3.12601E-2,2.97386E-2,3.13959E-2,2.97737E-2,3.06395E-2,2.93234E-2,2.76972E-2,2.82754E-2,2.68472E-2,2.89945E-2,2.67190E-2,2.62642E-2,2.32743E-2,2.19355E-2,2.22949E-2,1.94097E-2,2.01265E-2,2.04498E-2,1.85102E-2,1.74376E-2,1.54234E-2,1.78540E-2,1.56977E-2,1.47155E-2,1.39134E-2,1.36186E-2,1.19670E-2,1.06100E-2,1.03111E-2,1.08156E-2,9.56229E-3,8.75117E-3,9.61006E-3,1.09908E-2,8.41439E-3,9.54333E-3,8.59762E-3,8.56026E-3,6.03050E-3,7.02525E-3,6.19715E-3,3.68393E-3,3.59678E-3,3.69661E-3,2.83199E-3,3.22283E-3,2.38636E-3,2.57268E-3,2.28622E-3,4.18566E-3,4.38815E-3,1.03138E-3,9.99037E-4,2.74199E-3,-1.14088E-3,2.40824E-3,6.24593E-4,-9.99459E-4,6.51655E-4,-1.21301E-3,6.93592E-4,-2.46769E-3,-7.63625E-4,-2.29974E-3,-3.24162E-3,-7.19447E-4,-1.64397E-3,-1.27469E-3,-4.67877E-3,-3.89763E-3,-2.70150E-3,-2.24926E-3,-3.54890E-3,-1.69447E-3,-3.41546E-3,-2.38371E-3,-3.79147E-3,-8.48166E-4,-5.60459E-3,-4.88863E-3,-1.89654E-3,-3.12745E-3,-1.79878E-3,-2.00582E-3,-2.28359E-3,-3.97524E-3,-2.69968E-3,-4.54569E-3,-2.14366E-3
9.70644E+2,-1.92904E-3,-6.85674E-4,-1.07675E-3,-9.28551E-4,-8.76794E-4,-1.06336E-3,3.68078E-4,-6.46780E-4,-2.01188E-4,-2.64129E-4,7.50883E-4,1.46150E-3,1.10308E-3,1.95607E-3,2.03265E-3,4.30178E-3,6.37632E-3,7.86457E-3,1.11090E-2,1.34781E-2,1.82580E-2,2.28002E-2,2.60014E-2,2.80904E-2,3.27607E-2,2.99072E-2,3.61413E-2,3.81584E-2,4.12898E-2,3.78566E-2,4.13003E-2,4.17436E-2,4.41150E-2,4.35661E-2,4.25010E-2,4.32639E-2,4.36909E-2,4.05324E-2,4.30788E-2,4.39931E-2,4.15938E-2,4.19292E-2,4.25351E-2,3.94738E-2,3.90001E-2,4.02437E-2,4.11632E-2,3.95334E-2,3.87377E-2,3.99608E-2,3.83754E-2,3.93367E-2,3.85539E-2,4.06694E-2,3.71521E-2,3.87741E-2,3.58809E-2,3.78885E-2,3.50240E-2,3.50806E-2,3.42157E-2,3.22434E-2,3.51896E-2,3.65670E-2,2.86429E-2,3.00472E-2,3.30897E-2,3.38410E-2,3.11390E-2,3.43583E-2,2.66123E-2,3.40950E-2,3.13917E-2,3.43162E-2,3.25960E-2,3.19049E-2,2.94840E-2,3.02826E-2,2.98270E-2,2.84092E-2,3.14002E-2,2.90475E-2,2.92017E-2,2.92940E-2,2.71457E-2,2.75320E-2,2.65258E-2,2.74414E-2,2.66004E-2,2.49861E-2,2.51517E-2,2.29516E-2,2.14658E-2,2.05892E-2,2.08152E-2,1.97283E-2,1.74395E-2,1.60010E-2,1.46808E-2,1.46136E-2,1.53648E-2,1.46259E-2,1.28603E-2,1.37274E-2,1.34655E-2,1.13787E-2,1.21260E-2,1.10476E-2,1.03595E-2,9.77337E-3,8.78709E-3,7.69099E-3,9.99113E-3,8.73161E-3,7.89449E-3,6.34124E-3,5.04605E-3,6.99836E-3,5.62420E-3,4.18271E-3,5.53089E-3,2.71530E-3,2.97128E-3,2.86115E-3,3.58090E-4,3.83790E-3,4.04975E-3,1.26013E-4,1.42711E-3,7.63268E-4,-8.70323E-4,-2.64433E-3,-5.98756E-4,1.53714E-3,-1.72187E-3,-1.34654E-3,-2.29274E-4,-7.13209E-4,9.17625E-4,-1.69195E-3,-4.15299E-4,-2.86454E-3,-1.73357E-3,-4.64641E-3,-3.37337E-3,-3.66441E-3,-3.70970E-3,-3.72004E-3,-1.84785E-3,-4.14590E-3,-4.33362E-3,-3.24800E-3,-2.41831E-3,-4.26552E-3,-4.10584E-3,-1.59844E-3,-3.23157E-3,-5.67538E-3,-4.04813E-3,-2.71586E-3,-4.64441E-3,-3.74566E-3,-2.93517E-3,-6.71772E-3,-6.26682E-3,-2.83462E-3,-3.44321E-3
9.74074E+2,-1.87912E-4,-3.76754E-4,-8.51785E-4,-4.46182E-5,-7.60880E-4,-5.15828E-4,1.52038E-4,3.49628E-4,-1.16887E-3,-1.02750E-3,3.38784E-4,-2.32919E-4,4.19521E-4,2.11109E-3,1.79601E-3,3.32444E-3,5.96920E-3,7.83254E-3,1.17635E-2,1.34968E-2,1.75657E-2,2.14320E-2,2.52954E-2,2.88441E-2,3.36545E-2,3.00975E-2,3.61553E-2,3.96304E-2,4.10574E-2,3.92313E-2,4.06090E-2,4.05249E-2,4.31049E-2,4.29859E-2,4.11825E-2,4.24421E-2,4.26773E-2,4.26944E-2,4.36056E-2,4.25839E-2,4.30552E-2,4.26111E-2,4.22821E-2,3.83886E-2,3.95395E-2,4.10498E-2,3.82623E-2,3.88361E-2,3.89153E-2,3.78125E-2,3.72641E-2,4.00215E-2,3.85096E-2,3.81209E-2,3.80627E-2,3.65581E-2,3.66488E-2,3.72043E-2,3.51223E-2,3.68529E-2,3.20357E-2,3.28029E-2,3.53230E-2,3.57553E-2,2.77119E-2,3.16706E-2,3.24807E-2,3.50935E-2,2.94277E-2,3.37939E-2,2.91685E-2,3.38681E-2,3.10466E-2,3.25142E-2,3.23967E-2,3.03288E-2,3.00911E-2,3.02473E-2,2.92911E-2,2.92586E-2,2.98312E-2,2.86381E-2,2.97645E-2,2.97710E-2,2.62316E-2,2.66935E-2,2.62477E-2,2.58755E-2,2.56361E-2,2.33325E-2,2.39894E-2,2.18856E-2,1.96559E-2,2.03014E-2,2.06943E-2,1.80613E-2,1.72116E-2,1.65160E-2,1.62512E-2,1.64464E-2,1.41180E-2,1.49038E-2,1.29082E-2,1.22275E-2,1.23533E-2,1.02703E-2,9.27406E-3,1.00165E-2,1.08345E-2,9.43642E-3,8.26864E-3,9.62776E-3,7.65066E-3,8.14390E-3,7.61712E-3,5.82311E-3,5.82314E-3,7.35161E-3,6.42329E-3,3.73610E-3,5.97065E-3,4.87644E-3,3.57586E-3,3.45152E-3,2.26596E-3,1.03765E-3,1.80582E-3,1.12882E-3,1.75789E-5,3.84260E-4,-7.99062E-4,1.26065E-4,4.22900E-4,7.37294E-4,-5.52478E-4,7.17173E-4,-8.99789E-4,-2.70134E-3,-2.59229E-4,-1.35709E-3,-1.88102E-3,-1.89955E-3,-3.23293E-3,-2.04560E-3,-4.92943E-3,-3.00943E-3,-3.42746E-3,-2.91151E-3,-3.44086E-3,-3.58502E-3,-5.18786E-3,-6.22619E-3,-4.82283E-3,-3.47421E-3,-3.97194E-3,-5.21651E-3,-5.39944E-3,-3.36462E-3,-2.91156E-3,-4.99561E-3,-3.50909E-3,-2.89167E-3,-3.56430E-3,-5.04565E-3,-4.14964E-3,-5.74080E-3,-5.94161E-3
9.77505E+2,-2.64103E-4,-3.94233E-4,-3.10272E-4,-8.21415E-4,-1.42008E-3,-2.06994E-4,-3.45231E-4,-4.59497E-4,2.14061E-4,-2.07303E-4,1.00950E-3,4.29657E-5,-1.82651E-4,1.02206E-3,2.32319E-3,2.91805E-3,5.65779E-3,7.72422E-3,1.21952E-2,1.43509E-2,1.83606E-2,2.11992E-2,2.63256E-2,2.86050E-2,3.30806E-2,3.04141E-2,3.54000E-2,3.77970E-2,4.09690E-2,3.92433E-2,4.19092E-2,4.09910E-2,4.35710E-2,4.21306E-2,4.19720E-2,4.32789E-2,4.36667E-2,4.20203E-2,4.42737E-2,4.25785E-2,4.22920E-2,4.21676E-2,4.13731E-2,3.96856E-2,4.11466E-2,4.14006E-2,3.91023E-2,4.08297E-2,3.98150E-2,3.95343E-2,3.79133E-2,4.01117E-2,3.88655E-2,3.99764E-2,3.72825E-2,3.78262E-2,3.63237E-2,3.77849E-2,3.68253E-2,3.62078E-2,3.29490E-2,3.25988E-2,3.41434E-2,3.60099E-2,2.79522E-2,3.19725E-2,3.31281E-2,3.39692E-2,3.02721E-2,3.26070E-2,2.80666E-2,3.47697E-2,3.05217E-2,3.20586E-2,3.28001E-2,3.18475E-2,2.99656E-2,3.01621E-2,3.06457E-2,3.03590E-2,3.09908E-2,2.92432E-2,2.90083E-2,3.01030E-2,2.83418E-2,2.72138E-2,2.54972E-2,2.68287E-2,2.58598E-2,2.38314E-2,2.40363E-2,2.34715E-2,1.99335E-2,1.92546E-2,1.98507E-2,1.95752E-2,1.74215E-2,1.75612E-2,1.58086E-2,1.63613E-2,1.47605E-2,1.45847E-2,1.34856E-2,1.24607E-2,1.27526E-2,1.08232E-2,1.23695E-2,1.05802E-2,1.16066E-2,9.83578E-3,8.65817E-3,8.25852E-3,8.63633E-3,8.16663E-3,7.42034E-3,7.87692E-3,5.99091E-3,6.00868E-3,4.64594E-3,4.74957E-3,3.91236E-3,4.05435E-3,3.79333E-3,2.77576E-3,3.35523E-3,1.31578E-3,3.13982E-4,1.54194E-3,1.96738E-3,5.09346E-4,-1.55188E-4,6.28257E-4,-4.07706E-4,-9.63247E-4,8.43997E-4,2.47265E-4,-1.12374E-3,-1.71447E-3,-5.55134E-4,-2.13200E-3,-1.33500E-3,-2.54234E-3,-2.71661E-3,-2.53585E-3,-4.15311E-3,-4.93853E-3,-3.71902E-3,-4.29356E-3,-4.26710E-3,-4.11667E-3,-3.33062E-3,-3.96057E-3,-4.07278E-3,-5.68959E-3,-4.24653E-3,-4.12617E-3,-3.72647E-3,-3.86989E-3,-3.88688E-3,-4.19862E-3,-4.18235E-3,-4.27107E-3,-4.44201E-3,-5.83367E-3,-3.81367E-3,-5.82209E-3,-4.27130E-3
9.80936E+2,-1.37175E-3,-1.29098E-4,-1.01003E-3,-6.66690E-4,-9.34942E-5,2.89915E-4,-8.00232E-4,-4.14319E-4,-8.50240E-4,8.37960E-5,-3.18006E-4,6.03817E-4,8.86650E-4,1.08514E-3,2.70454E-3,3.37177E-3,5.10460E-3,6.56264E-3,1.14525E-2,1.39923E-2,1.84686E-2,2.16378E-2,2.56650E-2,2.87787E-2,3.35489E-2,3.03998E-2,3.54956E-2,3.85285E-2,4.14826E-2,3.88307E-2,4.17722E-2,4.19914E-2,4.33163E-2,4.31266E-2,4.26884E-2,4.31400E-2,4.34788E-2,4.24230E-2,4.36618E-2,4.39733E-2,4.40042E-2,4.31669E-2,4.35311E-2,4.05452E-2,4.03059E-2,4.06754E-2,3.95775E-2,4.07050E-2,3.92303E-2,4.05230E-2,3.83249E-2,3.98781E-2,3.89363E-2,4.04266E-2,3.78513E-2,3.81014E-2,3.72135E-2,3.80050E-2,3.61282E-2,3.63867E-2,3.22952E-2,3.19390E-2,3.51635E-2,3.57423E-2,2.76720E-2,3.21240E-2,3.31118E-2,3.46674E-2,2.88659E-2,3.43576E-2,2.72400E-2,3.38934E-2,3.12578E-2,3.30817E-2,3.20788E-2,3.17949E-2,2.97963E-2,3.01299E-2,3.01690E-2,2.98625E-2,3.04265E-2,2.97420E-2,2.93335E-2,2.88277E-2,2.86974E-2,2.79873E-2,2.47890E-2,2.70167E-2,2.64587E-2,2.40848E-2,2.34897E-2,2.29425E-2,2.15804E-2,2.04884E-2,2.02212E-2,2.00831E-2,1.69786E-2,1.66612E-2,1.63169E-2,1.68164E-2,1.33518E-2,1.33704E-2,1.30012E-2,1.25393E-2,1.18741E-2,1.06911E-2,1.16195E-2,9.96446E-3,1.05777E-2,1.02271E-2,9.45430E-3,8.35964E-3,8.52229E-3,8.63143E-3,7.46503E-3,6.31277E-3,4.83711E-3,5.38359E-3,5.47794E-3,4.92592E-3,4.69020E-3,3.80307E-3,3.01382E-3,2.23199E-3,2.66644E-3,1.87421E-3,1.70160E-3,1.96360E-3,7.32498E-4,1.46524E-3,-4.03062E-4,-4.28340E-5,-7.16719E-4,-1.96350E-4,-8.27074E-4,-1.72125E-3,-2.00037E-3,-3.04663E-3,-2.23514E-3,-1.56155E-3,-3.33099E-3,-2.41106E-3,-2.54538E-3,-4.07284E-3,-4.28220E-3,-4.08294E-3,-5.73630E-3,-4.23869E-3,-5.00746E-3,-4.49506E-3,-4.10153E-3,-4.15930E-3,-4.44064E-3,-4.73277E-3,-4.07843E-3,-5.06473E-3,-2.58455E-3,-3.83473E-3,-2.96393E-3,-3.58310E-3,-3.82468E-3,-4.67684E-3,-3.96739E-3,-4.85413E-3,-4.66781E-3,-4.73440E-3,-4.72753E-3
9.84368E+2,-6.27085E-4,1.33357E-4,-3.69982E-4,-3.37193E-4,-7.13859E-4,5.35501E-5,3.16092E-5,-9.50512E-4,-3.79392E-4,-2.70344E-4,-2.11008E-4,2.92532E-4,3.91320E-4,6.53007E-4,2.30400E-3,3.08185E-3,4.89436E-3,6.55746E-3,1.14437E-2,1.31946E-2,1.80004E-2,2.13162E-2,2.62325E-2,2.79109E-2,3.29893E-2,2.98917E-2,3.53878E-2,3.87424E-2,4.06670E-2,3.96085E-2,4.25446E-2,4.18862E-2,4.31943E-2,4.33298E-2,4.10659E-2,4.36472E-2,4.31370E-2,4.31767E-2,4.38193E-2,4.27175E-2,4.35729E-2,4.23016E-2,4.20168E-2,3.92562E-2,4.09100E-2,4.07961E-2,4.01099E-2,3.99717E-2,3.90873E-2,4.01304E-2,3.83155E-2,3.93983E-2,3.95344E-2,3.95438E-2,3.81315E-2,3.67044E-2,3.68816E-2,3.74553E-2,3.63214E-2,3.66089E-2,3.30258E-2,3.34415E-2,3.43590E-2,3.58262E-2,2.79880E-2,3.18832E-2,3.25110E-2,3.46710E-2,3.04775E-2,3.43658E-2,2.87726E-2,3.40601E-2,3.09750E-2,3.22934E-2,3.19444E-2,3.18238E-2,2.92251E-2,3.00148E-2,2.86607E-2,2.94788E-2,3.01205E-2,2.92009E-2,2.85856E-2,2.91978E-2,2.83359E-2,2.80941E-2,2.64469E-2,2.71205E-2,2.62890E-2,2.41979E-2,2.46631E-2,2.23418E-2,2.06349E-2,1.98875E-2,2.04437E-2,1.98264E-2,1.75958E-2,1.73897E-2,1.60780E-2,1.61251E-2,1.32628E-2,1.37149E-2,1.33635E-2,1.24463E-2,1.19203E-2,1.09007E-2,1.07258E-2,9.45277E-3,1.02022E-2,1.00778E-2,9.55227E-3,9.20551E-3,7.67226E-3,8.25584E-3,8.22470E-3,7.02131E-3,4.18692E-3,5.23726E-3,5.71097E-3,5.13373E-3,5.19925E-3,3.36307E-3,3.28582E-3,2.54473E-3,1.91486E-3,-2.26796E-4,1.64706E-3,1.45830E-3,1.46354E-3,1.54458E-3,-9.95992E-4,-3.86863E-4,-7.94433E-4,-1.53775E-3,-3.35332E-4,-2.35915E-3,-1.84341E-3,-2.40627E-3,-3.06603E-3,-1.17758E-3,-2.40019E-3,-3.82816E-3,-3.60537E-3,-4.80023E-3,-4.32951E-3,-4.91337E-3,-5.70284E-3,-6.55818E-3,-3.92435E-3,-4.35210E-3,-4.72978E-3,-4.61833E-3,-4.54223E-3,-5.27264E-3,-4.06998E-3,-5.35526E-3,-4.12192E-3,-4.32397E-3,-4.10608E-3,-4.36215E-3,-4.96004E-3,-3.69427E-3,-5.77221E-3,-4.10268E-3,-5.06857E-3,-5.55595E-3,-4.86871E-3
9.87800E+2,-7.80890E-4,-8.50823E-4,2.34247E-6,-3.53990E-4,-3.19003E-4,-1.19930E-4,-3.46106E-4,2.78929E-4,-2.70574E-4,-6.32163E-4,-4.69266E-4,1.11526E-4,5.37033E-4,8.91061E-4,2.32185E-3,2.83739E-3,5.56965E-3,7.10663E-3,1.05105E-2,1.46460E-2,1.84626E-2,2.10978E-2,2.57058E-2,2.83029E-2,3.30901E-2,3.07807E-2,3.46108E-2,3.83578E-2,4.05002E-2,3.95728E-2,4.22715E-2,4.23935E-2,4.34769E-2,4.29132E-2,4.28203E-2,4.35427E-2,4.36821E-2,4.40475E-2,4.48058E-2,4.37262E-2,4.35350E-2,4.28495E-2,4.28348E-2,4.07794E-2,4.05008E-2,4.22157E-2,4.08471E-2,4.03474E-2,3.95334E-2,4.06935E-2,3.90472E-2,4.03971E-2,3.96425E-2,4.11337E-2,3.83169E-2,3.79107E-2,3.79436E-2,3.84659E-2,3.66318E-2,3.70895E-2,3.40991E-2,3.25950E-2,3.47191E-2,3.61590E-2,2.83255E-2,3.24210E-2,3.36263E-2,3.49834E-2,3.04310E-2,3.39737E-2,2.85516E-2,3.41845E-2,3.16622E-2,3.32606E-2,3.29333E-2,3.19798E-2,3.03858E-2,2.99504E-2,2.95374E-2,2.99992E-2,3.04083E-2,2.99068E-2,2.92264E-2,2.95534E-2,2.77508E-2,2.88311E-2,2.56547E-2,2.69183E-2,2.56957E-2,2.49266E-2,2.47483E-2,2.34386E-2,2.14260E-2,2.02808E-2,2.06949E-2,1.99976E-2,1.84106E-2,1.70777E-2,1.58605E-2,1.58792E-2,1.36475E-2,1.37967E-2,1.41654E-2,1.30295E-2,1.24365E-2,1.07943E-2,1.13920E-2,9.36383E-3,1.08514E-2,9.64182E-3,8.81594E-3,9.07871E-3,8.17451E-3,8.71927E-3,7.42357E-3,7.04980E-3,5.46270E-3,5.17336E-3,5.13180E-3,4.69129E-3,4.50630E-3,3.24310E-3,2.67621E-3,2.76090E-3,1.91000E-3,8.58065E-4,6.52858E-4,1.31925E-3,1.11103E-3,3.29043E-4,-5.95396E-4,-1.26712E-4,-2.20069E-3,-5.55545E-4,-6.19164E-4,-1.30895E-3,-1.85643E-3,-2.50998E-3,-2.13942E-3,-2.72373E-3,-2.73629E-3,-2.49594E-3,-2.67423E-3,-3.89629E-3,-4.05519E-3,-3.89171E-3,-4.51195E-3,-4.12496E-3,-3.65888E-3,-4.65604E-3,-5.16307E-3,-5.04017E-3,-4.76095E-3,-4.79718E-3,-4.29265E-3,-5.79979E-3,-4.04520E-3,-5.17946E-3,-4.48973E-3,-5.15250E-3,-4.34652E-3,-4.23430E-3,-3.45626E-3,-5.05115E-3,-4.92712E-3,-5.03504E-3,-5.38738E-3
9.91233E+2,-7.00649E-4,-3.22077E-4,7.38690E-5,-9.43116E-5,-7.39086E-4,-2.98134E-4,-6.50811E-4,-2.90967E-4,1.42283E-4,-6.02227E-4,-3.04626E-4,3.18191E-4,5.49599E-4,6.29343E-4,2.28960E-3,2.77056E-3,5.05500E-3,6.92013E-3,1.06889E-2,1.40339E-2,1.79130E-2,2.11588E-2,2.59468E-2,2.82489E-2,3.32124E-2,3.04213E-2,3.56242E-2,3.77176E-2,4.19649E-2,3.94354E-2,4.17917E-2,4.20838E-2,4.29459E-2,4.35239E-2,4.34118E-2,4.34928E-2,4.39373E-2,4.40028E-2,4.50294E-2,4.40061E-2,4.34903E-2,4.35809E-2,4.31149E-2,4.00753E-2,4.04941E-2,4.18849E-2,4.06624E-2,4.09048E-2,4.04565E-2,4.08645E-2,3.83871E-2,4.05470E-2,3.97423E-2,4.05650E-2,3.81609E-2,3.79053E-2,3.72177E-2,3.79986E-2,3.68072E-2,3.65077E-2,3.34257E-2,3.29284E-2,3.53079E-2,3.60746E-2,2.82686E-2,3.18573E-2,3.34647E-2,3.52193E-2,3.05418E-2,3.54382E-2,2.85504E-2,3.48208E-2,3.24253E-2,3.35480E-2,3.25074E-2,3.13406E-2,3.02763E-2,3.08201E-2,2.98965E-2,2.96340E-2,3.01201E-2,2.88390E-2,2.91736E-2,2.97639E-2,2.82868E-2,2.83520E-2,2.47082E-2,2.69502E-2,2.70163E-2,2.42371E-2,2.41672E-2,2.24597E-2,2.08026E-2,2.02951E-2,2.07762E-2,1.93077E-2,1.81360E-2,1.71397E-2,1.60385E-2,1.60494E-2,1.40787E-2,1.39707E-2,1.37004E-2,1.21838E-2,1.15768E-2,1.03814E-2,1.13198E-2,9.92178E-3,1.05718E-2,9.69062E-3,9.37201E-3,8.55080E-3,7.96257E-3,8.63168E-3,7.65157E-3,6.60083E-3,5.21937E-3,6.08156E-3,5.23313E-3,4.42994E-3,4.31488E-3,2.98773E-3,3.69164E-3,1.73620E-3,1.92401E-3,1.04211E-3,1.03766E-3,7.86841E-4,1.18028E-3,8.17452E-4,-2.59906E-4,-6.16015E-4,-7.05245E-4,-5.51203E-5,-4.87778E-4,-1.19412E-3,-2.63076E-3,-2.40574E-3,-2.48171E-3,-2.93477E-3,-3.23139E-3,-4.08706E-3,-3.65014E-3,-4.26038E-3,-4.17788E-3,-3.88543E-3,-4.46453E-3,-3.68886E-3,-4.28757E-3,-6.71050E-3,-5.71274E-3,-5.41188E-3,-5.46791E-3,-5.51282E-3,-4.09663E-3,-4.35896E-3,-3.90705E-3,-4.53983E-3,-4.30874E-3,-4.46311E-3,-4.48201E-3,-3.42263E-3,-4.02977E-3,-4.73319E-3,-5.54960E-3,-5.43782E-3,-5.24312E-3
9.94667E+2,-7.75627E-4,-8.21023E-5,-2.72795E-4,-6.59802E-5,-4.33003E-4,-4.71858E-4,-4.00512E-4,-1.18554E-4,-9.62768E-5,-9.29894E-4,-1.91000E-4,4.80992E-4,3.98020E-4,6.63758E-4,2.29483E-3,2.79179E-3,5.02326E-3,6.66146E-3,1.02233E-2,1.37240E-2,1.75877E-2,2.11286E-2,2.55570E-2,2.80570E-2,3.33300E-2,3.04265E-2,3.52643E-2,3.82236E-2,4.08333E-2,3.93805E-2,4.17630E-2,4.24308E-2,4.31076E-2,4.35872E-2,4.36117E-2,4.40960E-2,4.42044E-2,4.40636E-2,4.51421E-2,4.42646E-2,4.38615E-2,4.27947E-2,4.30604E-2,4.12968E-2,4.11322E-2,4.20287E-2,4.07239E-2,4.07608E-2,4.05075E-2,4.09228E-2,3.86697E-2,4.05413E-2,3.97360E-2,4.08630E-2,3.89481E-2,3.90464E-2,3.79974E-2,3.81464E-2,3.69230E-2,3.71492E-2,3.41830E-2,3.28729E-2,3.54694E-2,3.61302E-2,2.84304E-2,3.20844E-2,3.35892E-2,3.52145E-2,3.03840E-2,3.49093E-2,2.84170E-2,3.38990E-2,3.20941E-2,3.34658E-2,3.22653E-2,3.13964E-2,3.03585E-2,3.10162E-2,3.04612E-2,2.97027E-2,3.03530E-2,2.94636E-2,2.93640E-2,2.94973E-2,2.81526E-2,2.77453E-2,2.56091E-2,2.69199E-2,2.61417E-2,2.47542E-2,2.46392E-2,2.33609E-2,2.18307E-2,2.03235E-2,2.02370E-2,1.92768E-2,1.78167E-2,1.73032E-2,1.60768E-2,1.66161E-2,1.42536E-2,1.36068E-2,1.34386E-2,1.20319E-2,1.18468E-2,1.07348E-2,1.18383E-2,9.96278E-3,1.04916E-2,9.90489E-3,9.39607E-3,8.21417E-3,8.05831E-3,8.32938E-3,7.66394E-3,6.39854E-3,5.33622E-3,5.48956E-3,5.09860E-3,4.27224E-3,4.79102E-3,3.37531E-3,2.57024E-3,1.84811E-3,1.99011E-3,1.28218E-3,1.17084E-3,9.36235E-4,6.28977E-4,1.55568E-3,3.62450E-4,-1.74901E-3,-1.74479E-3,2.90040E-5,-5.80686E-4,-1.84480E-3,-1.90849E-3,-2.11590E-3,-1.71314E-3,-2.61586E-3,-2.88925E-3,-2.67731E-3,-3.62261E-3,-3.39629E-3,-4.26739E-3,-4.44429E-3,-4.86441E-3,-4.45485E-3,-3.95091E-3,-4.75533E-3,-5.21680E-3,-4.68159E-3,-4.78167E-3,-4.98387E-3,-5.74038E-3,-6.09800E-3,-4.77183E-3,-3.96177E-3,-4.52996E-3,-4.62810E-3,-4.39650E-3,-4.66969E-3,-5.40679E-3,-5.05898E-3,-5.85788E-3,-5.49845E-3,-5.59451E-3
9.98102E+2,-3.58392E-4,-2.58855E-4,-6.62936E-4,-2.41025E-4,-7.57968E-4,-4.05029E-4,-1.42032E-4,-5.07328E-4,-2.44586E-4,-4.77538E-4,-2.93025E-4,4.43144E-4,7.44639E-4,1.03435E-3,2.12658E-3,2.99049E-3,5.21662E-3,6.68173E-3,1.03830E-2,1.34916E-2,1.83946E-2,2.13687E-2,2.55850E-2,2.77229E-2,3.29879E-2,2.98533E-2,3.57211E-2,3.92570E-2,4.16238E-2,4.01669E-2,4.23245E-2,4.26266E-2,4.39949E-2,4.39331E-2,4.31966E-2,4.42595E-2,4.44462E-2,4.43520E-2,4.55466E-2,4.47484E-2,4.38605E-2,4.41918E-2,4.33562E-2,4.09156E-2,4.15009E-2,4.23243E-2,4.11563E-2,4.13368E-2,4.05576E-2,4.15232E-2,3.93861E-2,4.05428E-2,3.99266E-2,4.13178E-2,3.83813E-2,3.85302E-2,3.77423E-2,3.87481E-2,3.71215E-2,3.71380E-2,3.44086E-2,3.38549E-2,3.59896E-2,3.67880E-2,2.88061E-2,3.24566E-2,3.37003E-2,3.58040E-2,3.11115E-2,3.47724E-2,2.89271E-2,3.49211E-2,3.19689E-2,3.35365E-2,3.27295E-2,3.14488E-2,3.05246E-2,3.05232E-2,3.05796E-2,3.02422E-2,3.09295E-2,2.96864E-2,2.96984E-2,2.93110E-2,2.80672E-2,2.81584E-2,2.58767E-2,2.73555E-2,2.70437E-2,2.48331E-2,2.49375E-2,2.22483E-2,2.19207E-2,2.04806E-2,2.00026E-2,1.91379E-2,1.81073E-2,1.76323E-2,1.60920E-2,1.63861E-2,1.39432E-2,1.48160E-2,1.41442E-2,1.27093E-2,1.26302E-2,1.03204E-2,1.16646E-2,9.48140E-3,1.06155E-2,9.94080E-3,9.57065E-3,8.61209E-3,8.94181E-3,8.65483E-3,7.52182E-3,6.52021E-3,5.05630E-3,6.23189E-3,5.00364E-3,4.46192E-3,4.22194E-3,3.18002E-3,3.38867E-3,1.83847E-3,2.54493E-3,8.19199E-4,1.58908E-3,1.43105E-3,1.46816E-3,7.74081E-4,1.06726E-4,-4.87507E-4,-1.07200E-3,-6.21758E-4,-9.96288E-4,-1.65356E-3,-1.65472E-3,-1.66966E-3,-1.12813E-3,-2.72011E-3,-2.91922E-3,-2.83004E-3,-3.78042E-3,-4.64384E-3,-4.08517E-3,-4.50176E-3,-4.69736E-3,-4.53752E-3,-4.85343E-3,-5.48523E-3,-5.25402E-3,-5.23322E-3,-5.71493E-3,-5.36041E-3,-4.80711E-3,-6.09762E-3,-4.97281E-3,-4.36307E-3,-4.27571E-3,-4.72856E-3,-4.33416E-3,-4.35380E-3,-4.62139E-3,-5.24788E-3,-5.27654E-3,-5.22783E-3,-5.73620E-3
1.00154E+3,-8.10776E-4,-2.30566E-4,-1.56653E-4,-1.09586E-4,-5.49906E-4,-4.12986E-4,-5.66585E-4,-2.79444E-4,1.27828E-4,-4.12302E-4,-1.20251E-5,5.25175E-6,4.70754E-4,7.45612E-4,2.19138E-3,2.90905E-3,4.73180E-3,5.95161E-3,1.06984E-2,1.35758E-2,1.81531E-2,2.09748E-2,2.58041E-2,2.77014E-2,3.31117E-2,3.04991E-2,3.57816E-2,3.91908E-2,4.16508E-2,3.99663E-2,4.24832E-2,4.26954E-2,4.42537E-2,4.39988E-2,4.34150E-2,4.42475E-2,4.45620E-2,4.42351E-2,4.53416E-2,4.49210E-2,4.44372E-2,4.36061E-2,4.32691E-2,4.08034E-2,4.17235E-2,4.20495E-2,4.12695E-2,4.15726E-2,4.06309E-2,4.09718E-2,3.89811E-2,4.08311E-2,4.00854E-2,4.09479E-2,3.88282E-2,3.84889E-2,3.80727E-2,3.89649E-2,3.72943E-2,3.67713E-2,3.39701E-2,3.32738E-2,3.55813E-2,3.67394E-2,2.85024E-2,3.25686E-2,3.38636E-2,3.57841E-2,3.10418E-2,3.48068E-2,2.86660E-2,3.47570E-2,3.17279E-2,3.38372E-2,3.29600E-2,3.16841E-2,3.03438E-2,3.04812E-2,3.01274E-2,2.97245E-2,3.07244E-2,2.98070E-2,2.94027E-2,2.93777E-2,2.83152E-2,2.79650E-2,2.58983E-2,2.68534E-2,2.64445E-2,2.35362E-2,2.45460E-2,2.27091E-2,2.14442E-2,2.09853E-2,2.09596E-2,1.93435E-2,1.78193E-2,1.77262E-2,1.61088E-2,1.66049E-2,1.40591E-2,1.45522E-2,1.39528E-2,1.25967E-2,1.26738E-2,1.04265E-2,1.18217E-2,9.33276E-3,1.10507E-2,1.03991E-2,9.21107E-3,8.85671E-3,8.76228E-3,7.99013E-3,6.82723E-3,6.96527E-3,5.36284E-3,5.60278E-3,5.30449E-3,4.09917E-3,4.07528E-3,3.52051E-3,3.89021E-3,2.03054E-3,1.97444E-3,1.53824E-3,1.14363E-3,1.45297E-3,1.28347E-3,8.38666E-4,3.03298E-5,-1.50626E-3,-1.36100E-3,-6.72612E-4,-1.04089E-3,-1.48870E-3,-1.54633E-3,-1.74988E-3,-2.16840E-3,-2.53235E-3,-2.71003E-3,-3.39660E-3,-3.64625E-3,-4.21894E-3,-4.31387E-3,-4.62232E-3,-4.73198E-3,-5.20848E-3,-5.18217E-3,-5.05865E-3,-5.21532E-3,-5.41855E-3,-4.97465E-3,-6.24461E-3,-5.16272E-3,-5.14222E-3,-5.22745E-3,-4.21101E-3,-4.81723E-3,-4.23108E-3,-4.17765E-3,-4.68078E-3,-4.63964E-3,-5.39551E-3,-5.43717E-3,-4.93490E-3,-4.86053E-3
1.00497E+3,-3.37103E-4,-1.88062E-4,-2.24945E-4,-5.49563E-5,-5.87139E-4,-5.93109E-4,-5.36680E-4,-4.45338E-4,-1.06572E-4,-5.64061E-4,-1.88641E-4,1.27939E-4,5.20444E-4,1.01548E-3,2.16274E-3,2.86469E-3,4.53405E-3,6.53952E-3,1.02713E-2,1.31329E-2,1.74914E-2,2.06644E-2,2.54160E-2,2.73999E-2,3.29552E-2,3.01120E-2,3.56799E-2,3.88627E-2,4.13386E-2,4.01659E-2,4.21757E-2,4.24004E-2,4.39709E-2,4.41447E-2,4.29274E-2,4.41512E-2,4.42703E-2,4.44162E-2,4.56279E-2,4.46429E-2,4.37300E-2,4.36408E-2,4.33396E-2,4.07155E-2,4.09395E-2,4.16712E-2,4.06121E-2,4.11045E-2,4.04387E-2,4.09091E-2,3.89357E-2,4.06582E-2,4.03218E-2,4.07999E-2,3.82667E-2,3.88146E-2,3.83139E-2,3.89767E-2,3.71626E-2,3.68435E-2,3.39023E-2,3.30625E-2,3.54881E-2,3.60852E-2,2.89502E-2,3.23015E-2,3.35813E-2,3.54678E-2,3.04297E-2,3.53677E-2,2.88343E-2,3.46382E-2,3.13988E-2,3.38297E-2,3.28857E-2,3.14328E-2,3.02550E-2,3.04520E-2,3.04875E-2,3.03038E-2,3.02878E-2,2.94678E-2,2.93851E-2,2.90974E-2,2.79546E-2,2.78542E-2,2.54565E-2,2.70789E-2,2.61356E-2,2.43681E-2,2.39878E-2,2.28197E-2,2.11494E-2,2.04850E-2,2.06903E-2,1.91403E-2,1.82063E-2,1.76470E-2,1.59069E-2,1.62417E-2,1.38554E-2,1.41106E-2,1.36453E-2,1.23795E-2,1.20969E-2,1.07763E-2,1.20231E-2,9.56271E-3,1.08583E-2,1.02517E-2,9.05078E-3,8.84448E-3,8.04293E-3,8.43441E-3,7.60536E-3,6.45773E-3,5.75534E-3,5.98799E-3,5.12939E-3,4.41516E-3,4.38818E-3,3.17279E-3,3.07649E-3,1.90333E-3,1.96366E-3,9.26156E-4,1.26447E-3,1.45646E-3,6.55927E-4,3.34898E-4,-1.15437E-4,-1.06639E-3,-7.65349E-4,-9.83670E-4,-7.21838E-4,-1.82431E-3,-1.52775E-3,-2.28572E-3,-2.23469E-3,-2.87083E-3,-2.83036E-3,-3.15687E-3,-3.31008E-3,-4.32397E-3,-4.53754E-3,-4.72909E-3,-5.03466E-3,-5.08119E-3,-4.91447E-3,-5.42452E-3,-5.07200E-3,-4.99428E-3,-5.28103E-3,-5.49073E-3,-5.70648E-3,-4.78200E-3,-5.08968E-3,-4.18397E-3,-4.79865E-3,-4.99368E-3,-4.73876E-3,-4.33990E-3,-4.41762E-3,-5.09347E-3,-5.45922E-3,-5.74508E-3,-4.92185E-3
1.00841E+3,-4.10173E-4,5.00571E-5,-2.04343E-4,-2.55291E-4,-5.87978E-4,-6.87760E-4,-5.95961E-4,-1.79887E-4,2.19808E-5,-3.79745E-4,1.64271E-4,1.34780E-4,2.99801E-4,6.22293E-4,2.00796E-3,2.73698E-3,4.43233E-3,6.00371E-3,9.97224E-3,1.30534E-2,1.80039E-2,2.05441E-2,2.50471E-2,2.74595E-2,3.27043E-2,3.05338E-2,3.54121E-2,3.87724E-2,4.16955E-2,4.01185E-2,4.24425E-2,4.28321E-2,4.40103E-2,4.41980E-2,4.31935E-2,4.43096E-2,4.45293E-2,4.45549E-2,4.53900E-2,4.51569E-2,4.45120E-2,4.33296E-2,4.34968E-2,4.10287E-2,4.16120E-2,4.20694E-2,4.06860E-2,4.14177E-2,4.03907E-2,4.12472E-2,3.86351E-2,4.11575E-2,4.03876E-2,4.12565E-2,3.82917E-2,3.85135E-2,3.79965E-2,3.87773E-2,3.76392E-2,3.75048E-2,3.39044E-2,3.33286E-2,3.55004E-2,3.61304E-2,2.93583E-2,3.22194E-2,3.38942E-2,3.53985E-2,3.08152E-2,3.47895E-2,2.82888E-2,3.46323E-2,3.21415E-2,3.34953E-2,3.24546E-2,3.16139E-2,3.02368E-2,3.06053E-2,3.06678E-2,2.99590E-2,3.03659E-2,2.95936E-2,2.94078E-2,2.90561E-2,2.81018E-2,2.82150E-2,2.55279E-2,2.71729E-2,2.63162E-2,2.45841E-2,2.47846E-2,2.21459E-2,2.13809E-2,2.07741E-2,2.06657E-2,1.91835E-2,1.80849E-2,1.72422E-2,1.61240E-2,1.61905E-2,1.42995E-2,1.43637E-2,1.39456E-2,1.23730E-2,1.19948E-2,1.04819E-2,1.15720E-2,9.47661E-3,1.09948E-2,1.00027E-2,9.14003E-3,8.77743E-3,8.12784E-3,8.30460E-3,7.35421E-3,6.26210E-3,5.54885E-3,5.56244E-3,5.18165E-3,4.43833E-3,4.66458E-3,3.02270E-3,2.94996E-3,1.80810E-3,2.30292E-3,9.45673E-4,1.57473E-3,1.33835E-3,6.23959E-4,2.42410E-4,7.93747E-5,-5.11958E-4,-7.11114E-4,-3.59878E-4,-7.92455E-4,-1.74638E-3,-1.81689E-3,-2.25654E-3,-2.43642E-3,-2.42277E-3,-2.65737E-3,-3.96975E-3,-3.72888E-3,-4.24738E-3,-4.39752E-3,-4.58797E-3,-5.40736E-3,-4.62252E-3,-4.47340E-3,-5.20545E-3,-5.33570E-3,-4.78604E-3,-5.68608E-3,-5.60568E-3,-4.98825E-3,-5.16444E-3,-4.60823E-3,-4.04841E-3,-4.74183E-3,-4.94601E-3,-4.48846E-3,-4.43370E-3,-4.75911E-3,-5.13946E-3,-5.52466E-3,-5.92160E-3,-5.17182E-3
1.01185E+3,-4.53018E-4,-3.87442E-5,-4.65328E-4,-4.09531E-4,-5.23616E-4,-3.19576E-4,-4.63186E-4,2.44738E-4,-1.21314E-4,-3.70040E-4,-1.30670E-4,2.27148E-4,4.99785E-4,4.76121E-4,1.84723E-3,2.33026E-3,4.32446E-3,6.21775E-3,9.65357E-3,1.28907E-2,1.73724E-2,2.05054E-2,2.47332E-2,2.78165E-2,3.27136E-2,3.04016E-2,3.55922E-2,3.89366E-2,4.15652E-2,4.01787E-2,4.24991E-2,4.28507E-2,4.42532E-2,4.44837E-2,4.40188E-2,4.46685E-2,4.42981E-2,4.47930E-2,4.54372E-2,4.44372E-2,4.42645E-2,4.36462E-2,4.34710E-2,4.08717E-2,4.13674E-2,4.21933E-2,4.12965E-2,4.12763E-2,4.04561E-2,4.11219E-2,3.90285E-2,4.08393E-2,4.02440E-2,4.08045E-2,3.82907E-2,3.85408E-2,3.81894E-2,3.84651E-2,3.71347E-2,3.72314E-2,3.36186E-2,3.34185E-2,3.56453E-2,3.63127E-2,2.95162E-2,3.21217E-2,3.39607E-2,3.56768E-2,3.10759E-2,3.48615E-2,2.84546E-2,3.43810E-2,3.17031E-2,3.36113E-2,3.29208E-2,3.17217E-2,3.01166E-2,3.05211E-2,3.05726E-2,2.99285E-2,3.03960E-2,2.92750E-2,2.93145E-2,2.92607E-2,2.79635E-2,2.80931E-2,2.55377E-2,2.69575E-2,2.60892E-2,2.39984E-2,2.40914E-2,2.20880E-2,2.18565E-2,2.05192E-2,2.05614E-2,1.89772E-2,1.77954E-2,1.73030E-2,1.59298E-2,1.60074E-2,1.41638E-2,1.38797E-2,1.36570E-2,1.20914E-2,1.19052E-2,1.05047E-2,1.14606E-2,9.79296E-3,1.06217E-2,9.80832E-3,9.10109E-3,8.34691E-3,7.98198E-3,8.24289E-3,6.82611E-3,6.37790E-3,5.50313E-3,5.55096E-3,4.55113E-3,4.09664E-3,3.79593E-3,3.32459E-3,2.85077E-3,1.98827E-3,2.00817E-3,1.64451E-3,1.13409E-3,1.05532E-3,6.24535E-4,2.77644E-4,4.94461E-5,-7.67790E-4,-8.31318E-4,-6.58818E-4,-1.25653E-3,-1.73566E-3,-1.53079E-3,-2.20293E-3,-2.12129E-3,-2.88685E-3,-2.84672E-3,-3.55397E-3,-3.62238E-3,-4.06399E-3,-4.13757E-3,-5.00979E-3,-5.05524E-3,-4.98091E-3,-4.87038E-3,-5.27982E-3,-4.54361E-3,-5.01737E-3,-5.08521E-3,-5.71117E-3,-5.21865E-3,-6.33465E-3,-4.63340E-3,-4.68063E-3,-4.95343E-3,-4.70341E-3,-4.47003E-3,-4.43163E-3,-4.17182E-3,-5.25620E-3,-5.79523E-3,-5.76416E-3,-5.32943E-3
1.01529E+3,-4.49413E-4,-2.02753E-5,-1.78370E-4,-3.13316E-4,-3.99024E-4,-2.10055E-4,-5.15491E-4,4.44748E-5,-4.43066E-5,-6.41763E-4,-2.55359E-4,7.73226E-5,4.80771E-4,5.35593E-4,1.88921E-3,2.69543E-3,4.18678E-3,5.93095E-3,9.58018E-3,1.24292E-2,1.70777E-2,2.07029E-2,2.49045E-2,2.76306E-2,3.24421E-2,3.03221E-2,3.60508E-2,3.89614E-2,4.18066E-2,4.03667E-2,4.28371E-2,4.30447E-2,4.42045E-2,4.47478E-2,4.39697E-2,4.46443E-2,4.47422E-2,4.51941E-2,4.58666E-2,4.46558E-2,4.40323E-2,4.36835E-2,4.37518E-2,4.09365E-2,4.16133E-2,4.21946E-2,4.15680E-2,4.14844E-2,4.04139E-2,4.18832E-2,3.96513E-2,4.09154E-2,4.00968E-2,4.08651E-2,3.87619E-2,3.86821E-2,3.84085E-2,3.86418E-2,3.73162E-2,3.76863E-2,3.38318E-2,3.32452E-2,3.56696E-2,3.64970E-2,2.93675E-2,3.23102E-2,3.40961E-2,3.56119E-2,3.09956E-2,3.50184E-2,2.86841E-2,3.46134E-2,3.16386E-2,3.36243E-2,3.30269E-2,3.16955E-2,3.00501E-2,3.05127E-2,3.09388E-2,2.97963E-2,3.01726E-2,2.91734E-2,2.97405E-2,2.91728E-2,2.83389E-2,2.80098E-2,2.55076E-2,2.70759E-2,2.56994E-2,2.38024E-2,2.41524E-2,2.24105E-2,2.15281E-2,2.08566E-2,2.04034E-2,1.94466E-2,1.78895E-2,1.71372E-2,1.59281E-2,1.63882E-2,1.44149E-2,1.43313E-2,1.39435E-2,1.21496E-2,1.19211E-2,1.03430E-2,1.17139E-2,9.92903E-3,1.04309E-2,9.76953E-3,8.79872E-3,8.77169E-3,8.20992E-3,8.00860E-3,7.07005E-3,6.77346E-3,5.63511E-3,5.60086E-3,4.96140E-3,4.35996E-3,4.07496E-3,2.99381E-3,2.98862E-3,2.43332E-3,1.89503E-3,1.21291E-3,1.05860E-3,1.30127E-3,3.55096E-4,3.43687E-4,-4.42152E-4,-7.33372E-4,-1.26349E-3,-6.53205E-4,-1.01104E-3,-1.86631E-3,-1.68148E-3,-2.40285E-3,-2.29994E-3,-2.58166E-3,-2.61097E-3,-3.35128E-3,-3.81209E-3,-4.08342E-3,-4.19027E-3,-4.75892E-3,-5.13350E-3,-5.05784E-3,-4.96239E-3,-5.49043E-3,-4.82135E-3,-4.69067E-3,-4.99777E-3,-5.50704E-3,-5.43149E-3,-5.33581E-3,-4.81049E-3,-4.11320E-3,-4.64853E-3,-4.92498E-3,-4.74930E-3,-4.48635E-3,-4.21287E-3,-5.29293E-3,-5.37817E-3,-5.73718E-3,-5.17487E-3
1.01872E+3,-7.95572E-4,4.84435E-6,-2.81816E-4,-2.45352E-4,-5.13202E-4,-1.40174E-4,-4.00141E-4,-7.88702E-7,8.30060E-5,-4.80317E-4,-3.35485E-4,1.92627E-4,3.63718E-4,7.24674E-4,1.82398E-3,2.38335E-3,4.02049E-3,5.76223E-3,9.44427E-3,1.24965E-2,1.72459E-2,2.02743E-2,2.46151E-2,2.76946E-2,3.27054E-2,3.02456E-2,3.59476E-2,3.93806E-2,4.19178E-2,4.03881E-2,4.29668E-2,4.29322E-2,4.43476E-2,4.45653E-2,4.44151E-2,4.46485E-2,4.48070E-2,4.51997E-2,4.64278E-2,4.46411E-2,4.46112E-2,4.36364E-2,4.38610E-2,4.14294E-2,4.20213E-2,4.27402E-2,4.16848E-2,4.12499E-2,4.06880E-2,4.19227E-2,3.97774E-2,4.08317E-2,4.01306E-2,4.08916E-2,3.87285E-2,3.90977E-2,3.86882E-2,3.88581E-2,3.75170E-2,3.73982E-2,3.42254E-2,3.36955E-2,3.56909E-2,3.66066E-2,2.94564E-2,3.24582E-2,3.42104E-2,3.60344E-2,3.16015E-2,3.48680E-2,2.87492E-2,3.47255E-2,3.21893E-2,3.35780E-2,3.29136E-2,3.19496E-2,3.04289E-2,3.05777E-2,3.09785E-2,3.01325E-2,3.05176E-2,2.96892E-2,2.97651E-2,2.96285E-2,2.84637E-2,2.84555E-2,2.56241E-2,2.72725E-2,2.58721E-2,2.43318E-2,2.43380E-2,2.24586E-2,2.21275E-2,2.09086E-2,2.03448E-2,1.92634E-2,1.79849E-2,1.72728E-2,1.60758E-2,1.58839E-2,1.41598E-2,1.39937E-2,1.37959E-2,1.19670E-2,1.20385E-2,1.06601E-2,1.16871E-2,9.92014E-3,1.07313E-2,9.75534E-3,8.99556E-3,8.67065E-3,8.35906E-3,7.95374E-3,7.06488E-3,6.49544E-3,5.58570E-3,5.66931E-3,4.84848E-3,4.30325E-3,3.81162E-3,3.20506E-3,3.27701E-3,2.19398E-3,1.83583E-3,1.00114E-3,9.65322E-4,1.01837E-3,4.71576E-4,4.06957E-4,-7.88688E-5,-6.13561E-4,-1.27068E-3,-1.19629E-3,-1.16192E-3,-1.67368E-3,-1.77386E-3,-2.43322E-3,-2.18483E-3,-2.94867E-3,-2.62905E-3,-3.06115E-3,-3.94468E-3,-4.04834E-3,-4.48098E-3,-4.91633E-3,-4.72772E-3,-5.05190E-3,-5.14444E-3,-5.59164E-3,-5.37811E-3,-4.74259E-3,-5.61372E-3,-5.55196E-3,-5.34071E-3,-5.23365E-3,-5.07325E-3,-4.64119E-3,-4.75229E-3,-4.85990E-3,-4.65507E-3,-4.35908E-3,-4.57899E-3,-5.59057E-3,-5.69361E-3,-5.71328E-3,-5.15202E-3
1.02216E+3,-3.44583E-4,-1.92073E-4,-5.32418E-4,-2.75691E-4,-4.09216E-4,-1.11612E-4,-3.57898E-4,1.39633E-5,1.74591E-4,-6.25595E-4,-1.19493E-4,1.87568E-4,3.41100E-4,5.49784E-4,1.70157E-3,2.35000E-3,3.98687E-3,5.69977E-3,9.50662E-3,1.22348E-2,1.67075E-2,1.97898E-2,2.42980E-2,2.74924E-2,3.24016E-2,3.02206E-2,3.60389E-2,3.92278E-2,4.18212E-2,4.02153E-2,4.31637E-2,4.33388E-2,4.43103E-2,4.49334E-2,4.42654E-2,4.46658E-2,4.45270E-2,4.54071E-2,4.61684E-2,4.49795E-2,4.45640E-2,4.39228E-2,4.37092E-2,4.17025E-2,4.22550E-2,4.27060E-2,4.18947E-2,4.14301E-2,4.05630E-2,4.16672E-2,3.96343E-2,4.11737E-2,4.03413E-2,4.08817E-2,3.90228E-2,3.91434E-2,3.87713E-2,3.87858E-2,3.75253E-2,3.75471E-2,3.41510E-2,3.34699E-2,3.58763E-2,3.65120E-2,2.99756E-2,3.27486E-2,3.39982E-2,3.61597E-2,3.16918E-2,3.48656E-2,2.86279E-2,3.48186E-2,3.21983E-2,3.39718E-2,3.31625E-2,3.20018E-2,3.04091E-2,3.07208E-2,3.09902E-2,3.00496E-2,3.03226E-2,2.94703E-2,2.97867E-2,2.95446E-2,2.85400E-2,2.84919E-2,2.56391E-2,2.70319E-2,2.59878E-2,2.46455E-2,2.42625E-2,2.22429E-2,2.19001E-2,2.10023E-2,2.06540E-2,1.89657E-2,1.80288E-2,1.71791E-2,1.60923E-2,1.65185E-2,1.44640E-2,1.42191E-2,1.38634E-2,1.22087E-2,1.20571E-2,1.06365E-2,1.15849E-2,9.71318E-3,1.06190E-2,9.53051E-3,9.38926E-3,8.48609E-3,8.19177E-3,8.38942E-3,7.08773E-3,6.58096E-3,5.41687E-3,5.95238E-3,4.82702E-3,4.21114E-3,4.00990E-3,3.07555E-3,2.78375E-3,1.88283E-3,2.09927E-3,1.16213E-3,1.09263E-3,1.21889E-3,8.42859E-4,1.20201E-4,5.46658E-5,-7.96828E-4,-7.56181E-4,-5.63965E-4,-1.15394E-3,-1.72172E-3,-1.99488E-3,-2.30052E-3,-1.99563E-3,-2.77408E-3,-2.76790E-3,-3.35172E-3,-4.00587E-3,-4.15679E-3,-4.47771E-3,-4.90304E-3,-5.08714E-3,-4.95689E-3,-4.72101E-3,-5.57544E-3,-5.21107E-3,-4.82230E-3,-5.29935E-3,-5.36201E-3,-5.45166E-3,-5.18698E-3,-5.01745E-3,-4.38782E-3,-4.80011E-3,-4.94530E-3,-4.61722E-3,-4.51737E-3,-4.59585E-3,-5.48043E-3,-5.49875E-3,-5.62363E-3,-5.41662E-3
1.02560E+3,-6.52658E-4,3.89379E-5,-3.56607E-4,-2.47318E-4,-3.74446E-4,-4.84010E-4,-2.39300E-4,8.62136E-5,1.19034E-4,-4.79419E-4,5.34164E-5,2.19116E-4,2.50289E-4,6.09042E-4,1.45771E-3,2.50852E-3,3.79109E-3,5.43328E-3,9.14682E-3,1.21028E-2,1.68362E-2,1.96307E-2,2.42357E-2,2.74328E-2,3.23931E-2,3.01244E-2,3.58731E-2,3.89445E-2,4.18373E-2,4.04604E-2,4.28458E-2,4.35393E-2,4.45279E-2,4.48231E-2,4.43102E-2,4.47722E-2,4.47361E-2,4.55443E-2,4.61589E-2,4.49627E-2,4.47337E-2,4.39323E-2,4.38816E-2,4.14095E-2,4.20294E-2,4.27235E-2,4.17557E-2,4.13570E-2,4.06185E-2,4.19426E-2,3.97889E-2,4.07001E-2,4.03677E-2,4.08471E-2,3.88189E-2,3.91857E-2,3.85684E-2,3.85262E-2,3.72510E-2,3.72681E-2,3.42621E-2,3.35446E-2,3.58756E-2,3.61678E-2,2.98641E-2,3.24614E-2,3.41873E-2,3.58076E-2,3.15777E-2,3.48250E-2,2.91013E-2,3.46641E-2,3.22398E-2,3.36940E-2,3.28617E-2,3.17892E-2,3.01634E-2,3.05876E-2,3.08929E-2,2.97941E-2,3.04106E-2,2.94459E-2,2.96552E-2,2.97424E-2,2.83974E-2,2.81256E-2,2.57944E-2,2.69832E-2,2.58587E-2,2.43938E-2,2.41559E-2,2.21585E-2,2.20890E-2,2.09953E-2,2.06950E-2,1.90224E-2,1.79782E-2,1.71859E-2,1.59029E-2,1.64614E-2,1.43689E-2,1.37860E-2,1.38802E-2,1.22065E-2,1.18590E-2,1.04898E-2,1.16847E-2,9.89383E-3,1.07232E-2,9.81410E-3,9.22573E-3,8.81409E-3,8.34223E-3,8.14044E-3,7.25094E-3,6.75513E-3,5.58840E-3,5.77642E-3,4.99630E-3,4.15918E-3,3.60270E-3,3.42071E-3,2.83856E-3,2.18343E-3,2.03509E-3,9.36845E-4,1.38282E-3,1.14378E-3,6.12104E-4,2.70922E-4,-3.16447E-4,-6.77390E-4,-1.39331E-3,-8.69454E-4,-9.13048E-4,-1.69623E-3,-1.97571E-3,-2.34879E-3,-2.27065E-3,-2.77932E-3,-2.48079E-3,-3.43559E-3,-3.61086E-3,-4.07450E-3,-4.59240E-3,-4.70021E-3,-4.76616E-3,-5.08018E-3,-4.81973E-3,-5.42899E-3,-5.36273E-3,-4.91637E-3,-5.23158E-3,-5.30719E-3,-5.42547E-3,-5.33697E-3,-4.95657E-3,-4.11777E-3,-4.92790E-3,-5.03754E-3,-4.93818E-3,-4.42528E-3,-4.36086E-3,-5.47299E-3,-5.55964E-3,-5.73606E-3,-5.48772E-3
1.02904E+3,-8.22409E-4,-2.79453E-5,-2.03997E-4,-4.95582E-5,-4.98082E-4,-3.26002E-4,-2.66147E-4,2.38058E-4,8.94681E-5,-6.21708E-4,-1.43483E-4,1.86161E-4,1.33827E-4,7.23175E-4,1.58864E-3,2.21441E-3,3.52808E-3,5.29801E-3,9.15214E-3,1.18787E-2,1.67561E-2,1.95476E-2,2.39892E-2,2.72154E-2,3.21862E-2,3.00631E-2,3.56167E-2,3.90034E-2,4.18816E-2,4.02433E-2,4.30005E-2,4.34629E-2,4.44798E-2,4.46970E-2,4.43983E-2,4.47782E-2,4.45487E-2,4.56941E-2,4.61161E-2,4.49164E-2,4.47611E-2,4.36886E-2,4.40246E-2,4.13945E-2,4.17807E-2,4.27359E-2,4.17535E-2,4.15883E-2,4.05463E-2,4.20319E-2,3.98332E-2,4.09430E-2,4.00336E-2,4.04416E-2,3.85148E-2,3.94363E-2,3.83916E-2,3.85647E-2,3.73793E-2,3.74788E-2,3.41924E-2,3.35925E-2,3.57514E-2,3.60237E-2,3.01858E-2,3.21048E-2,3.39940E-2,3.56736E-2,3.17949E-2,3.47074E-2,2.89360E-2,3.43748E-2,3.19296E-2,3.35757E-2,3.27977E-2,3.17011E-2,2.99815E-2,3.06545E-2,3.09230E-2,2.98275E-2,3.01044E-2,2.89771E-2,2.96401E-2,2.94627E-2,2.83239E-2,2.83528E-2,2.55814E-2,2.68925E-2,2.57073E-2,2.44581E-2,2.40865E-2,2.24458E-2,2.21899E-2,2.08625E-2,2.04740E-2,1.92545E-2,1.78063E-2,1.70125E-2,1.58715E-2,1.65554E-2,1.41999E-2,1.39831E-2,1.38046E-2,1.19064E-2,1.16595E-2,1.04739E-2,1.14380E-2,9.55656E-3,1.03061E-2,9.83403E-3,8.96140E-3,8.64672E-3,8.31367E-3,8.08965E-3,7.11763E-3,6.38568E-3,5.31723E-3,5.65393E-3,5.05703E-3,4.27597E-3,4.11674E-3,3.30500E-3,2.94609E-3,2.21252E-3,2.03661E-3,1.00509E-3,1.39451E-3,1.25009E-3,6.88304E-4,8.76379E-5,-5.32636E-5,-6.61884E-4,-1.38347E-3,-7.99049E-4,-9.74314E-4,-1.81657E-3,-1.79558E-3,-2.12516E-3,-2.21202E-3,-3.04413E-3,-2.59691E-3,-3.59416E-3,-3.93985E-3,-4.14211E-3,-4.49258E-3,-4.72330E-3,-5.18395E-3,-5.06513E-3,-4.58491E-3,-5.56975E-3,-5.21463E-3,-4.92563E-3,-5.32684E-3,-5.67184E-3,-5.18759E-3,-5.08153E-3,-4.81273E-3,-4.18917E-3,-4.99215E-3,-4.88070E-3,-4.83809E-3,-4.47142E-3,-4.65249E-3,-5.27953E-3,-5.61747E-3,-5.68102E-3,-5.43994E-3
1.03249E+3,-7.34820E-4,-8.72883E-5,-4.52476E-4,-3.03715E-4,-2.20311E-4,-2.89663E-4,-1.36563E-4,9.31231E-5,-2.40310E-5,-4.84431E-4,-1.71157E-4,3.04189E-4,1.70238E-4,6.69960E-4,1.66695E-3,2.27043E-3,3.44685E-3,5.19210E-3,9.21258E-3,1.14127E-2,1.66968E-2,1.94721E-2,2.39507E-2,2.72672E-2,3.21048E-2,3.02595E-2,3.56939E-2,3.90467E-2,4.15664E-2,4.02850E-2,4.27935E-2,4.35249E-2,4.45684E-2,4.50199E-2,4.45490E-2,4.48922E-2,4.47385E-2,4.58056E-2,4.63641E-2,4.51440E-2,4.47634E-2,4.37661E-2,4.37488E-2,4.17001E-2,4.18929E-2,4.29719E-2,4.18906E-2,4.18322E-2,4.05558E-2,4.21571E-2,3.99757E-2,4.07312E-2,4.02363E-2,4.04287E-2,3.89009E-2,3.94024E-2,3.84648E-2,3.87638E-2,3.72430E-2,3.73582E-2,3.43673E-2,3.38687E-2,3.57879E-2,3.61670E-2,3.04916E-2,3.23400E-2,3.39530E-2,3.59059E-2,3.17313E-2,3.44213E-2,2.92902E-2,3.43959E-2,3.20167E-2,3.37088E-2,3.28513E-2,3.16121E-2,3.03357E-2,3.09916E-2,3.11280E-2,2.97901E-2,3.03177E-2,2.88317E-2,3.00973E-2,2.97233E-2,2.82702E-2,2.82040E-2,2.58588E-2,2.71196E-2,2.55664E-2,2.45256E-2,2.41062E-2,2.24636E-2,2.24067E-2,2.09536E-2,2.06381E-2,1.91859E-2,1.79981E-2,1.68959E-2,1.57294E-2,1.65972E-2,1.45102E-2,1.40634E-2,1.37830E-2,1.21391E-2,1.16390E-2,1.06636E-2,1.14694E-2,9.44333E-3,1.05694E-2,9.56820E-3,8.99568E-3,8.60716E-3,8.37969E-3,8.14869E-3,7.21501E-3,6.51520E-3,5.30111E-3,6.00355E-3,4.98712E-3,3.95203E-3,4.04557E-3,3.19463E-3,3.06562E-3,2.05557E-3,2.02066E-3,1.24521E-3,1.38498E-3,1.07765E-3,6.98795E-4,1.19302E-4,-2.17747E-4,-6.27429E-4,-1.12992E-3,-9.03910E-4,-1.13204E-3,-1.73411E-3,-1.78476E-3,-2.27929E-3,-2.36634E-3,-2.58043E-3,-2.80800E-3,-3.53091E-3,-3.92179E-3,-4.22586E-3,-4.59575E-3,-4.93775E-3,-4.69535E-3,-5.05882E-3,-4.63431E-3,-5.59374E-3,-4.99697E-3,-4.99758E-3,-5.18564E-3,-5.56519E-3,-5.36589E-3,-5.12373E-3,-4.79390E-3,-3.91102E-3,-4.92718E-3,-4.64074E-3,-4.61623E-3,-4.60234E-3,-4.61497E-3,-5.22929E-3,-5.56984E-3,-5.81169E-3,-5.16306E-3
1.03593E+3,-5.69687E-4,-1.34925E-4,-3.31641E-4,-2.16029E-4,-2.46492E-4,-1.63758E-4,-1.79328E-4,2.17889E-4,-4.34740E-5,-4.39582E-4,-1.63349E-4,1.03291E-4,1.82116E-4,6.16833E-4,1.36814E-3,2.07320E-3,3.47155E-3,5.01788E-3,8.80764E-3,1.14441E-2,1.65676E-2,1.92391E-2,2.38936E-2,2.69988E-2,3.19824E-2,3.00445E-2,3.57701E-2,3.89546E-2,4.16614E-2,4.02860E-2,4.29411E-2,4.37071E-2,4.44813E-2,4.51394E-2,4.47471E-2,4.48022E-2,4.46582E-2,4.58164E-2,4.64394E-2,4.50065E-2,4.49100E-2,4.39144E-2,4.38745E-2,4.14786E-2,4.21226E-2,4.28900E-2,4.19798E-2,4.16009E-2,4.03583E-2,4.20631E-2,4.03278E-2,4.10568E-2,4.02263E-2,4.03013E-2,3.88751E-2,3.93576E-2,3.85936E-2,3.86261E-2,3.73167E-2,3.75555E-2,3.43713E-2,3.37925E-2,3.58490E-2,3.61073E-2,3.06395E-2,3.24362E-2,3.40203E-2,3.58685E-2,3.19891E-2,3.45961E-2,2.91352E-2,3.45000E-2,3.22380E-2,3.39181E-2,3.29604E-2,3.18330E-2,3.04059E-2,3.06940E-2,3.12038E-2,2.98326E-2,3.04454E-2,2.89761E-2,3.00999E-2,2.99654E-2,2.85477E-2,2.84102E-2,2.58322E-2,2.71282E-2,2.55928E-2,2.45944E-2,2.39087E-2,2.26578E-2,2.22547E-2,2.12480E-2,2.05256E-2,1.90805E-2,1.81201E-2,1.70122E-2,1.56049E-2,1.66647E-2,1.44168E-2,1.40920E-2,1.38597E-2,1.20821E-2,1.17013E-2,1.07080E-2,1.15256E-2,9.43969E-3,1.05638E-2,9.79720E-3,9.07223E-3,8.62447E-3,8.40928E-3,8.12912E-3,7.18440E-3,6.54049E-3,5.48072E-3,5.85786E-3,4.89492E-3,4.10616E-3,3.76036E-3,3.09582E-3,2.95788E-3,2.19123E-3,1.91177E-3,1.10836E-3,1.37111E-3,9.42238E-4,5.72209E-4,1.31853E-4,-3.70809E-4,-7.31866E-4,-1.16205E-3,-7.79028E-4,-1.20264E-3,-1.67535E-3,-1.89930E-3,-2.26259E-3,-2.21711E-3,-2.80302E-3,-2.94872E-3,-3.75855E-3,-3.88206E-3,-4.17633E-3,-4.48706E-3,-4.94367E-3,-5.02365E-3,-5.01467E-3,-4.79166E-3,-5.57622E-3,-5.03478E-3,-5.15718E-3,-5.48753E-3,-5.71560E-3,-5.48606E-3,-5.45784E-3,-4.92179E-3,-4.16982E-3,-4.98758E-3,-5.07269E-3,-4.87031E-3,-4.56754E-3,-4.73344E-3,-5.41591E-3,-5.48823E-3,-5.91164E-3,-5.40234E-3
1.03937E+3,-6.07829E-4,-1.36640E-4,-4.16867E-4,-3.98093E-4,-1.52045E-4,-2.52219E-4,5.27575E-5,1.96138E-5,1.90006E-4,-4.50799E-4,-4.89123E-5,1.64740E-4,1.14771E-4,4.57735E-4,1.46378E-3,2.04161E-3,3.25893E-3,4.81011E-3,8.77279E-3,1.12713E-2,1.63307E-2,1.90766E-2,2.36498E-2,2.70028E-2,3.18582E-2,2.98032E-2,3.54888E-2,3.86062E-2,4.15919E-2,4.00323E-2,4.26938E-2,4.36011E-2,4.46165E-2,4.50045E-2,4.47023E-2,4.47814E-2,4.47007E-2,4.55804E-2,4.63383E-2,4.51882E-2,4.47741E-2,4.38167E-2,4.40330E-2,4.15466E-2,4.20249E-2,4.27355E-2,4.19888E-2,4.14435E-2,4.03817E-2,4.20393E-2,4.01249E-2,4.07452E-2,3.99830E-2,4.03256E-2,3.86671E-2,3.92535E-2,3.84913E-2,3.85002E-2,3.70975E-2,3.72574E-2,3.42570E-2,3.39220E-2,3.57398E-2,3.58391E-2,3.07507E-2,3.22856E-2,3.37670E-2,3.57089E-2,3.17653E-2,3.43856E-2,2.91171E-2,3.45433E-2,3.20912E-2,3.36314E-2,3.27489E-2,3.15970E-2,3.02493E-2,3.07366E-2,3.11077E-2,2.97975E-2,3.05118E-2,2.88762E-2,3.00498E-2,2.97101E-2,2.83217E-2,2.82267E-2,2.60393E-2,2.69116E-2,2.57717E-2,2.46229E-2,2.39976E-2,2.24702E-2,2.26593E-2,2.13020E-2,2.02766E-2,1.91534E-2,1.80378E-2,1.70798E-2,1.55624E-2,1.65599E-2,1.44709E-2,1.38036E-2,1.37805E-2,1.20616E-2,1.17140E-2,1.07122E-2,1.15685E-2,9.63378E-3,1.04538E-2,9.54045E-3,9.02302E-3,8.50858E-3,8.18808E-3,8.19791E-3,7.19808E-3,6.63739E-3,5.36055E-3,5.76651E-3,4.99497E-3,4.16048E-3,3.77328E-3,3.25882E-3,3.20103E-3,2.11171E-3,1.94386E-3,1.23191E-3,1.53495E-3,7.43747E-4,6.24083E-4,1.98003E-4,-1.14376E-4,-3.29680E-4,-1.16111E-3,-6.26350E-4,-1.13029E-3,-1.69525E-3,-1.84152E-3,-2.46056E-3,-2.30463E-3,-2.88327E-3,-2.74341E-3,-3.54732E-3,-4.03756E-3,-4.24337E-3,-4.48844E-3,-5.03039E-3,-4.83094E-3,-5.19473E-3,-4.67898E-3,-5.65479E-3,-5.19736E-3,-4.90568E-3,-5.29218E-3,-5.29685E-3,-5.34438E-3,-5.25698E-3,-4.94039E-3,-4.02685E-3,-4.90307E-3,-4.93437E-3,-4.88095E-3,-4.39328E-3,-4.85352E-3,-5.35831E-3,-5.79340E-3,-5.92780E-3,-5.50686E-3
1.04281E+3,-5.64265E-4,-1.18373E-4,-4.19865E-4,-8.09645E-5,-3.59658E-4,-1.64145E-4,-6.42833E-5,8.21041E-5,2.14120E-4,-4.69288E-4,-1.53767E-4,1.17937E-4,1.38538E-4,4.96149E-4,1.34576E-3,2.02105E-3,3.04323E-3,4.73587E-3,8.71755E-3,1.10708E-2,1.61980E-2,1.86403E-2,2.31723E-2,2.66697E-2,3.15061E-2,2.97213E-2,3.53430E-2,3.85673E-2,4.15435E-2,4.00389E-2,4.26906E-2,4.35461E-2,4.43972E-2,4.49018E-2,4.47033E-2,4.49362E-2,4.44325E-2,4.54718E-2,4.64517E-2,4.49302E-2,4.47832E-2,4.35780E-2,4.40117E-2,4.15155E-2,4.19314E-2,4.26844E-2,4.17542E-2,4.11226E-2,4.01907E-2,4.18688E-2,4.00548E-2,4.07094E-2,3.98220E-2,3.99780E-2,3.85137E-2,3.94259E-2,3.81826E-2,3.83977E-2,3.70028E-2,3.72142E-2,3.42791E-2,3.37043E-2,3.55395E-2,3.56305E-2,3.06504E-2,3.20537E-2,3.38034E-2,3.55453E-2,3.17669E-2,3.40688E-2,2.91431E-2,3.40855E-2,3.17510E-2,3.36937E-2,3.25134E-2,3.15321E-2,2.99915E-2,3.07043E-2,3.08329E-2,2.97973E-2,3.02625E-2,2.86692E-2,3.00176E-2,2.98049E-2,2.82678E-2,2.83364E-2,2.60126E-2,2.68908E-2,2.54498E-2,2.43487E-2,2.40061E-2,2.22413E-2,2.25822E-2,2.11562E-2,2.03061E-2,1.92289E-2,1.77774E-2,1.69441E-2,1.52355E-2,1.63628E-2,1.46215E-2,1.38883E-2,1.38369E-2,1.20493E-2,1.16715E-2,1.09561E-2,1.13829E-2,9.59532E-3,1.04568E-2,9.74765E-3,9.09889E-3,8.77796E-3,8.49580E-3,7.93187E-3,6.94161E-3,6.50678E-3,5.43067E-3,5.65945E-3,5.00995E-3,4.01291E-3,3.62469E-3,3.35331E-3,2.95055E-3,2.01465E-3,1.88184E-3,1.06047E-3,1.22379E-3,5.87676E-4,4.77783E-4,3.66920E-4,4.32531E-6,-6.28178E-4,-1.42489E-3,-7.72883E-4,-9.93811E-4,-1.89043E-3,-1.80738E-3,-2.27231E-3,-2.33627E-3,-2.90594E-3,-2.90759E-3,-3.37648E-3,-3.94773E-3,-4.27947E-3,-4.53445E-3,-4.92859E-3,-4.88165E-3,-4.98545E-3,-4.92228E-3,-5.52683E-3,-5.21171E-3,-5.18664E-3,-5.40983E-3,-5.44588E-3,-5.24985E-3,-5.24008E-3,-4.86359E-3,-4.00408E-3,-4.99283E-3,-5.08228E-3,-4.89658E-3,-4.52336E-3,-4.87106E-3,-5.29126E-3,-5.62853E-3,-6.04745E-3,-5.46654E-3
1.04626E+3,-4.28562E-4,-1.44063E-4,-2.83220E-4,-2.50242E-5,-2.43797E-4,-2.88257E-4,-8.85002E-5,1.58035E-4,3.16063E-4,-4.78848E-4,-2.56165E-4,-1.21651E-4,-2.51937E-5,5.26225E-4,1.38296E-3,1.99128E-3,2.79531E-3,4.47129E-3,8.29586E-3,1.07873E-2,1.58906E-2,1.86831E-2,2.29286E-2,2.65363E-2,3.12700E-2,2.95260E-2,3.51183E-2,3.83546E-2,4.14091E-2,3.98771E-2,4.25151E-2,4.35300E-2,4.41949E-2,4.48344E-2,4.46127E-2,4.47323E-2,4.42791E-2,4.54549E-2,4.62310E-2,4.49257E-2,4.46621E-2,4.36318E-2,4.35374E-2,4.13605E-2,4.15344E-2,4.27116E-2,4.15963E-2,4.13130E-2,4.00647E-2,4.17381E-2,4.01581E-2,4.05238E-2,3.97387E-2,3.97702E-2,3.85280E-2,3.93928E-2,3.82097E-2,3.85159E-2,3.71647E-2,3.69995E-2,3.42206E-2,3.35584E-2,3.55536E-2,3.52870E-2,3.05817E-2,3.21815E-2,3.38564E-2,3.55410E-2,3.15762E-2,3.38214E-2,2.93556E-2,3.44189E-2,3.20400E-2,3.35091E-2,3.26755E-2,3.14666E-2,3.01244E-2,3.06384E-2,3.10209E-2,2.96307E-2,3.01972E-2,2.87793E-2,2.99024E-2,2.96596E-2,2.83007E-2,2.82848E-2,2.60080E-2,2.68296E-2,2.54958E-2,2.47052E-2,2.41412E-2,2.25684E-2,2.24346E-2,2.11654E-2,2.02278E-2,1.90252E-2,1.78837E-2,1.68899E-2,1.53857E-2,1.64732E-2,1.46199E-2,1.36583E-2,1.36818E-2,1.20860E-2,1.16984E-2,1.07851E-2,1.13209E-2,9.55153E-3,1.03810E-2,9.45794E-3,9.15246E-3,8.54591E-3,8.18857E-3,7.84618E-3,6.96162E-3,6.52562E-3,5.34336E-3,5.65546E-3,5.06330E-3,4.01936E-3,3.58138E-3,3.29235E-3,2.96944E-3,1.91498E-3,1.86348E-3,1.15045E-3,1.10045E-3,6.77114E-4,4.46099E-4,1.90577E-4,-3.06984E-4,-7.23905E-4,-1.01828E-3,-9.15494E-4,-1.32445E-3,-1.82248E-3,-2.05768E-3,-2.28180E-3,-2.37414E-3,-2.95535E-3,-2.65977E-3,-3.67966E-3,-3.86806E-3,-4.33380E-3,-4.48191E-3,-5.12187E-3,-4.74545E-3,-5.00761E-3,-4.61999E-3,-5.73903E-3,-5.31738E-3,-4.78020E-3,-5.46329E-3,-5.52919E-3,-5.30128E-3,-5.22653E-3,-4.91108E-3,-4.07983E-3,-5.00620E-3,-5.15825E-3,-4.96159E-3,-4.73612E-3,-4.78227E-3,-5.15690E-3,-5.79865E-3,-5.97387E-3,-5.69010E-3
1.04970E+3,-4.29957E-4,-1.28823E-4,-2.10566E-4,-1.42256E-4,-4.86463E-5,-2.02602E-4,-1.59628E-4,-2.21965E-5,2.26574E-4,-3.24103E-4,-2.78538E-4,4.16026E-5,1.17629E-5,5.02778E-4,1.16460E-3,1.97815E-3,2.70957E-3,4.22252E-3,8.31096E-3,1.06120E-2,1.59312E-2,1.83070E-2,2.28937E-2,2.63029E-2,3.13392E-2,2.95313E-2,3.49892E-2,3.82965E-2,4.13869E-2,3.99786E-2,4.26400E-2,4.35458E-2,4.43079E-2,4.45518E-2,4.44173E-2,4.46612E-2,4.42750E-2,4.55036E-2,4.62558E-2,4.48566E-2,4.47054E-2,4.36135E-2,4.36426E-2,4.13032E-2,4.14761E-2,4.25960E-2,4.17672E-2,4.10707E-2,3.99388E-2,4.16439E-2,4.00092E-2,4.03904E-2,3.96195E-2,3.97694E-2,3.83274E-2,3.93320E-2,3.80627E-2,3.81418E-2,3.69737E-2,3.70023E-2,3.43805E-2,3.35270E-2,3.57137E-2,3.52205E-2,3.08675E-2,3.19962E-2,3.36739E-2,3.54100E-2,3.15684E-2,3.36485E-2,2.92407E-2,3.41179E-2,3.18486E-2,3.32476E-2,3.25032E-2,3.15865E-2,2.99648E-2,3.06481E-2,3.09146E-2,2.94857E-2,3.02050E-2,2.86810E-2,2.99039E-2,2.97769E-2,2.79561E-2,2.81338E-2,2.60846E-2,2.68591E-2,2.54421E-2,2.47779E-2,2.39762E-2,2.23912E-2,2.24794E-2,2.10938E-2,2.00201E-2,1.94135E-2,1.77627E-2,1.68388E-2,1.52865E-2,1.62923E-2,1.48030E-2,1.34383E-2,1.35970E-2,1.18887E-2,1.15824E-2,1.07247E-2,1.10978E-2,9.30629E-3,1.02337E-2,9.40097E-3,9.06369E-3,8.54040E-3,8.33195E-3,7.92426E-3,6.87581E-3,6.35519E-3,5.30610E-3,5.68643E-3,4.98656E-3,3.97583E-3,3.54658E-3,3.08589E-3,2.77145E-3,1.92366E-3,1.83552E-3,1.10258E-3,1.14606E-3,4.41318E-4,5.68591E-4,2.40328E-4,-3.20666E-4,-7.43671E-4,-1.27462E-3,-9.90413E-4,-1.28042E-3,-1.81035E-3,-2.06696E-3,-2.29544E-3,-2.35825E-3,-2.79425E-3,-2.80338E-3,-3.65150E-3,-3.99745E-3,-4.32268E-3,-4.66227E-3,-5.03362E-3,-4.92064E-3,-4.99744E-3,-4.66787E-3,-5.68742E-3,-5.36591E-3,-5.15168E-3,-5.36706E-3,-5.59046E-3,-5.25440E-3,-5.05445E-3,-5.01618E-3,-4.19863E-3,-5.09551E-3,-5.18414E-3,-5.17106E-3,-4.65987E-3,-4.96439E-3,-5.43436E-3,-5.89100E-3,-5.97352E-3,-5.65246E-3
1.05315E+3,-4.29457E-4,-2.72155E-4,-2.76731E-4,-1.85853E-4,-1.79253E-6,-3.35434E-4,8.19168E-5,-1.51153E-5,2.40578E-4,-2.42802E-4,-2.01359E-4,5.83868E-5,-9.19561E-5,4.80498E-4,1.19127E-3,1.94705E-3,2.62396E-3,4.17939E-3,8.25067E-3,1.04716E-2,1.56094E-2,1.82310E-2,2.24604E-2,2.62791E-2,3.11221E-2,2.92174E-2,3.51131E-2,3.80161E-2,4.11899E-2,3.98562E-2,4.22994E-2,4.35012E-2,4.42261E-2,4.47129E-2,4.45455E-2,4.46436E-2,4.43894E-2,4.55131E-2,4.62634E-2,4.46989E-2,4.46091E-2,4.34233E-2,4.36150E-2,4.11442E-2,4.13596E-2,4.25829E-2,4.17327E-2,4.10475E-2,3.98712E-2,4.19004E-2,4.00550E-2,4.03484E-2,3.94939E-2,3.94617E-2,3.83022E-2,3.91752E-2,3.82482E-2,3.81670E-2,3.67486E-2,3.68518E-2,3.41831E-2,3.37573E-2,3.56526E-2,3.53480E-2,3.06889E-2,3.18979E-2,3.36075E-2,3.53372E-2,3.16718E-2,3.37396E-2,2.92036E-2,3.41003E-2,3.19205E-2,3.34000E-2,3.25128E-2,3.13643E-2,2.98491E-2,3.06425E-2,3.08626E-2,2.96823E-2,3.03894E-2,2.85290E-2,3.00364E-2,3.00339E-2,2.81561E-2,2.80722E-2,2.61281E-2,2.68356E-2,2.53211E-2,2.47047E-2,2.39448E-2,2.22434E-2,2.27320E-2,2.10017E-2,2.02568E-2,1.93692E-2,1.77682E-2,1.69710E-2,1.52720E-2,1.63736E-2,1.48763E-2,1.34923E-2,1.36826E-2,1.20095E-2,1.16068E-2,1.07501E-2,1.13059E-2,9.40981E-3,1.03729E-2,9.29094E-3,8.99494E-3,8.50277E-3,8.27627E-3,7.80492E-3,6.89513E-3,6.34793E-3,5.35543E-3,5.51642E-3,5.08445E-3,3.96903E-3,3.43138E-3,2.90238E-3,2.92423E-3,2.12057E-3,1.75735E-3,1.08702E-3,1.01317E-3,5.06058E-4,4.45572E-4,2.75839E-5,-3.85093E-4,-5.84539E-4,-1.26696E-3,-8.88676E-4,-1.44927E-3,-2.00925E-3,-1.97820E-3,-2.42063E-3,-2.57603E-3,-3.08197E-3,-2.96590E-3,-3.59543E-3,-3.92000E-3,-4.45003E-3,-4.64797E-3,-5.02611E-3,-4.90495E-3,-5.18630E-3,-4.74765E-3,-5.67927E-3,-5.39266E-3,-5.26164E-3,-5.46980E-3,-5.33261E-3,-5.47557E-3,-5.16557E-3,-4.89799E-3,-4.14209E-3,-5.01872E-3,-5.05457E-3,-5.18469E-3,-4.59806E-3,-5.02046E-3,-5.31878E-3,-5.79837E-3,-6.14312E-3,-5.60688E-3
1.05660E+3,-4.53647E-4,-1.72437E-4,-2.08703E-4,-5.66796E-5,-1.69896E-4,-2.63209E-4,-3.09205E-5,1.11506E-4,3.36431E-5,-2.87872E-4,-1.32634E-4,1.07549E-4,2.74289E-5,4.24175E-4,1.07170E-3,1.70519E-3,2.61407E-3,4.15355E-3,8.14533E-3,1.02810E-2,1.54465E-2,1.81287E-2,2.24430E-2,2.58091E-2,3.09651E-2,2.90217E-2,3.48878E-2,3.78178E-2,4.10897E-2,3.96071E-2,4.22480E-2,4.33297E-2,4.41549E-2,4.44433E-2,4.44099E-2,4.44852E-2,4.41035E-2,4.52685E-2,4.60980E-2,4.45118E-2,4.43117E-2,4.31368E-2,4.35820E-2,4.11050E-2,4.14025E-2,4.23445E-2,4.15940E-2,4.09692E-2,3.98401E-2,4.17188E-2,3.98934E-2,4.02696E-2,3.92086E-2,3.93715E-2,3.81110E-2,3.91140E-2,3.79525E-2,3.79617E-2,3.67048E-2,3.66851E-2,3.40463E-2,3.34842E-2,3.53652E-2,3.51108E-2,3.09700E-2,3.18726E-2,3.34843E-2,3.50975E-2,3.16620E-2,3.32932E-2,2.92796E-2,3.40740E-2,3.17495E-2,3.32344E-2,3.23328E-2,3.13141E-2,2.96351E-2,3.05685E-2,3.06968E-2,2.94675E-2,3.00235E-2,2.83655E-2,2.98568E-2,2.98573E-2,2.79160E-2,2.80214E-2,2.63220E-2,2.68206E-2,2.51685E-2,2.46660E-2,2.39063E-2,2.20817E-2,2.25899E-2,2.08786E-2,2.01107E-2,1.90434E-2,1.76168E-2,1.68204E-2,1.49160E-2,1.63183E-2,1.46656E-2,1.34097E-2,1.37529E-2,1.19318E-2,1.14870E-2,1.06262E-2,1.11649E-2,9.35600E-3,1.02482E-2,9.40041E-3,8.98503E-3,8.38015E-3,8.25185E-3,7.67410E-3,6.79355E-3,6.54746E-3,5.14366E-3,5.53873E-3,5.01815E-3,3.82689E-3,3.31596E-3,3.00663E-3,2.78197E-3,1.88302E-3,1.61215E-3,1.09573E-3,1.10016E-3,4.64066E-4,4.95456E-4,6.47017E-5,-5.26261E-4,-7.28219E-4,-1.33934E-3,-1.07389E-3,-1.40113E-3,-1.82043E-3,-2.15175E-3,-2.47637E-3,-2.46884E-3,-3.09774E-3,-2.82592E-3,-3.72064E-3,-3.95394E-3,-4.31198E-3,-4.59254E-3,-5.03876E-3,-4.98370E-3,-5.14757E-3,-4.83019E-3,-5.80350E-3,-5.30161E-3,-5.12623E-3,-5.47297E-3,-5.19192E-3,-5.48048E-3,-5.29708E-3,-5.06255E-3,-4.13792E-3,-4.98545E-3,-5.22307E-3,-5.21145E-3,-4.84309E-3,-4.87275E-3,-5.27395E-3,-5.83715E-3,-6.17135E-3,-5.83178E-3
1.06004E+3,-4.80920E-4,-3.71152E-4,-2.04428E-4,-1.31768E-4,-7.95543E-5,-1.38510E-4,4.45626E-5,7.82227E-5,8.71422E-5,-3.05128E-4,-2.39836E-4,4.94405E-5,1.39044E-4,4.46786E-4,1.10610E-3,1.67458E-3,2.71437E-3,4.07185E-3,7.96248E-3,1.01497E-2,1.54076E-2,1.80171E-2,2.21765E-2,2.58925E-2,3.07810E-2,2.88819E-2,3.48679E-2,3.77192E-2,4.10730E-2,3.97019E-2,4.21086E-2,4.33379E-2,4.40972E-2,4.43554E-2,4.42773E-2,4.43698E-2,4.40100E-2,4.51728E-2,4.61945E-2,4.42674E-2,4.43006E-2,4.32097E-2,4.34027E-2,4.10841E-2,4.12357E-2,4.23590E-2,4.15275E-2,4.10049E-2,3.98264E-2,4.13215E-2,3.99191E-2,4.00278E-2,3.89908E-2,3.90158E-2,3.82244E-2,3.91924E-2,3.77997E-2,3.80662E-2,3.65683E-2,3.65993E-2,3.42858E-2,3.35495E-2,3.53618E-2,3.51560E-2,3.11007E-2,3.17946E-2,3.33386E-2,3.50916E-2,3.16576E-2,3.29927E-2,2.92343E-2,3.38384E-2,3.16398E-2,3.32733E-2,3.23849E-2,3.13966E-2,2.99160E-2,3.05712E-2,3.08514E-2,2.95611E-2,3.01163E-2,2.84049E-2,2.99068E-2,2.97514E-2,2.79052E-2,2.80480E-2,2.58539E-2,2.65662E-2,2.53620E-2,2.45711E-2,2.38206E-2,2.22183E-2,2.23993E-2,2.07898E-2,2.00923E-2,1.91361E-2,1.77408E-2,1.68041E-2,1.51064E-2,1.63319E-2,1.48120E-2,1.33989E-2,1.37091E-2,1.22374E-2,1.15499E-2,1.06643E-2,1.10715E-2,9.26762E-3,1.01146E-2,9.11665E-3,8.89566E-3,8.52886E-3,8.15298E-3,7.62748E-3,6.78812E-3,6.29165E-3,5.24242E-3,5.35848E-3,4.92134E-3,3.89409E-3,3.30670E-3,2.98718E-3,2.83280E-3,1.89958E-3,1.71007E-3,1.06077E-3,9.86874E-4,3.39159E-4,5.56013E-4,1.88615E-4,-3.90719E-4,-6.90318E-4,-1.40324E-3,-9.35338E-4,-1.39292E-3,-1.82117E-3,-1.96669E-3,-2.42117E-3,-2.36341E-3,-3.00040E-3,-2.87519E-3,-3.66857E-3,-3.96742E-3,-4.34563E-3,-4.43137E-3,-5.19019E-3,-5.03612E-3,-5.27474E-3,-4.71257E-3,-5.83003E-3,-5.39299E-3,-5.00327E-3,-5.38981E-3,-5.46983E-3,-5.43656E-3,-5.19755E-3,-4.84562E-3,-4.35118E-3,-4.98741E-3,-5.24291E-3,-5.09755E-3,-4.78190E-3,-4.93086E-3,-5.22987E-3,-5.98675E-3,-6.01634E-3,-5.91350E-3
1.06349E+3,-4.04451E-4,-1.98116E-4,-2.84965E-4,-1.50092E-4,-7.64177E-5,-1.00165E-4,1.20220E-4,-7.82377E-5,1.15863E-4,-2.93225E-4,-1.75928E-4,7.99368E-5,1.32489E-4,2.83936E-4,1.02915E-3,1.55694E-3,2.42914E-3,3.80329E-3,7.82629E-3,9.97632E-3,1.50239E-2,1.76771E-2,2.19279E-2,2.56547E-2,3.07913E-2,2.85777E-2,3.47243E-2,3.76329E-2,4.09191E-2,3.95971E-2,4.20610E-2,4.32991E-2,4.41717E-2,4.44585E-2,4.43027E-2,4.43915E-2,4.38431E-2,4.51269E-2,4.60662E-2,4.43774E-2,4.40943E-2,4.31285E-2,4.32453E-2,4.11907E-2,4.12099E-2,4.22159E-2,4.15968E-2,4.07316E-2,3.98042E-2,4.14119E-2,3.98610E-2,4.00745E-2,3.88595E-2,3.91260E-2,3.80793E-2,3.91608E-2,3.78768E-2,3.81072E-2,3.65232E-2,3.66787E-2,3.44864E-2,3.33740E-2,3.55846E-2,3.49732E-2,3.10005E-2,3.18852E-2,3.32588E-2,3.51529E-2,3.17029E-2,3.27604E-2,2.94980E-2,3.38183E-2,3.18244E-2,3.30710E-2,3.23318E-2,3.12617E-2,2.98032E-2,3.06589E-2,3.08882E-2,2.94165E-2,3.01757E-2,2.82298E-2,2.99218E-2,2.98638E-2,2.77762E-2,2.80019E-2,2.59419E-2,2.65909E-2,2.51800E-2,2.48276E-2,2.40119E-2,2.21850E-2,2.23697E-2,2.09664E-2,1.99237E-2,1.90677E-2,1.77307E-2,1.68973E-2,1.50707E-2,1.62559E-2,1.48366E-2,1.35320E-2,1.36142E-2,1.20741E-2,1.13994E-2,1.06213E-2,1.09704E-2,9.33498E-3,9.98427E-3,9.25419E-3,8.95730E-3,8.53103E-3,8.10480E-3,7.60314E-3,6.66481E-3,6.37944E-3,5.11097E-3,5.48133E-3,4.78642E-3,3.85130E-3,3.47001E-3,3.04034E-3,2.75673E-3,1.89872E-3,1.58298E-3,9.93210E-4,1.00725E-3,5.01491E-4,3.98779E-4,7.55026E-5,-5.12223E-4,-9.14314E-4,-1.32906E-3,-8.89947E-4,-1.47552E-3,-2.02050E-3,-2.05783E-3,-2.50731E-3,-2.49895E-3,-2.96506E-3,-2.75105E-3,-3.45557E-3,-4.09050E-3,-4.46073E-3,-4.64197E-3,-5.08819E-3,-4.89266E-3,-5.18666E-3,-4.78932E-3,-5.82453E-3,-5.62767E-3,-5.27135E-3,-5.46567E-3,-5.35913E-3,-5.56161E-3,-5.22773E-3,-5.05630E-3,-4.20376E-3,-4.99349E-3,-5.24510E-3,-5.29874E-3,-4.90353E-3,-5.02833E-3,-5.29384E-3,-5.82837E-3,-5.98558E-3,-5.76155E-3
1.06694E+3,-3.63303E-4,-3.05160E-4,-2.47858E-4,-1.74339E-4,-7.47786E-5,-8.72596E-5,9.63842E-6,-6.16886E-6,1.73791E-4,-8.30399E-5,-2.85807E-4,-2.52771E-5,3.10037E-5,3.53890E-4,1.08467E-3,1.59997E-3,2.38690E-3,3.84973E-3,7.78202E-3,9.67325E-3,1.48351E-2,1.74306E-2,2.18624E-2,2.53759E-2,3.05600E-2,2.84559E-2,3.45086E-2,3.74555E-2,4.06812E-2,3.92690E-2,4.19912E-2,4.32342E-2,4.39597E-2,4.40440E-2,4.40978E-2,4.40512E-2,4.37280E-2,4.48461E-2,4.57457E-2,4.41766E-2,4.41742E-2,4.31412E-2,4.29834E-2,4.07665E-2,4.09796E-2,4.19706E-2,4.11846E-2,4.05977E-2,3.94854E-2,4.12682E-2,3.98223E-2,3.99089E-2,3.86508E-2,3.89607E-2,3.79358E-2,3.90149E-2,3.79877E-2,3.77458E-2,3.64540E-2,3.64192E-2,3.43456E-2,3.33693E-2,3.54366E-2,3.49087E-2,3.09602E-2,3.19239E-2,3.31628E-2,3.48605E-2,3.14345E-2,3.25374E-2,2.92163E-2,3.35810E-2,3.15648E-2,3.25628E-2,3.22389E-2,3.12084E-2,2.97032E-2,3.04836E-2,3.06178E-2,2.92028E-2,3.00048E-2,2.81273E-2,2.98140E-2,2.97574E-2,2.76378E-2,2.78999E-2,2.58524E-2,2.64976E-2,2.51714E-2,2.46895E-2,2.37237E-2,2.21149E-2,2.24353E-2,2.05738E-2,1.98868E-2,1.89662E-2,1.75388E-2,1.66681E-2,1.49588E-2,1.59215E-2,1.45987E-2,1.33009E-2,1.34441E-2,1.20610E-2,1.13782E-2,1.05839E-2,1.06611E-2,9.21333E-3,9.99091E-3,9.04313E-3,8.86220E-3,8.41289E-3,8.02598E-3,7.36717E-3,6.64805E-3,6.33272E-3,4.94764E-3,5.27984E-3,4.73297E-3,3.73001E-3,3.25462E-3,2.88670E-3,2.62767E-3,1.86052E-3,1.49916E-3,1.05144E-3,9.73515E-4,3.27116E-4,3.54669E-4,3.68177E-5,-6.14399E-4,-8.52861E-4,-1.36386E-3,-1.05960E-3,-1.66956E-3,-1.78591E-3,-2.13322E-3,-2.61911E-3,-2.62772E-3,-3.23796E-3,-2.85881E-3,-3.61964E-3,-4.06401E-3,-4.45670E-3,-4.59360E-3,-5.11644E-3,-4.84073E-3,-5.15426E-3,-4.52772E-3,-5.80728E-3,-5.43615E-3,-5.34143E-3,-5.45817E-3,-5.42921E-3,-5.49679E-3,-5.18357E-3,-5.04960E-3,-4.34391E-3,-4.90425E-3,-5.25916E-3,-5.13863E-3,-4.62251E-3,-5.09228E-3,-5.30435E-3,-5.99003E-3,-6.08541E-3,-5.81924E-3
1.07039E+3,-2.42894E-4,-1.75913E-4,-3.33501E-4,-2.11787E-5,-4.66486E-5,-2.79294E-4,9.56813E-5,-1.15405E-5,9.76047E-5,-1.90106E-4,-1.52450E-4,-1.94609E-4,1.19696E-4,3.64104E-4,9.71048E-4,1.61300E-3,2.34011E-3,3.86068E-3,7.55495E-3,9.46927E-3,1.45565E-2,1.70515E-2,2.15847E-2,2.49761E-2,3.04482E-2,2.81949E-2,3.43129E-2,3.72258E-2,4.06766E-2,3.93966E-2,4.19343E-2,4.32867E-2,4.39938E-2,4.39494E-2,4.40658E-2,4.39341E-2,4.36326E-2,4.49041E-2,4.57745E-2,4.39626E-2,4.40719E-2,4.28636E-2,4.31470E-2,4.07705E-2,4.08613E-2,4.18049E-2,4.12866E-2,4.04363E-2,3.94294E-2,4.13016E-2,3.97829E-2,3.98350E-2,3.84203E-2,3.89210E-2,3.79041E-2,3.88847E-2,3.77980E-2,3.77049E-2,3.63590E-2,3.63577E-2,3.41798E-2,3.31429E-2,3.53602E-2,3.45612E-2,3.06725E-2,3.17215E-2,3.30256E-2,3.48117E-2,3.12464E-2,3.24164E-2,2.91385E-2,3.35417E-2,3.13463E-2,3.24005E-2,3.21893E-2,3.11094E-2,2.94659E-2,3.04818E-2,3.04206E-2,2.91281E-2,2.99133E-2,2.79944E-2,2.97813E-2,2.96604E-2,2.75611E-2,2.77713E-2,2.56558E-2,2.62756E-2,2.49630E-2,2.44319E-2,2.36084E-2,2.17895E-2,2.20837E-2,2.05029E-2,1.95410E-2,1.89599E-2,1.75194E-2,1.65466E-2,1.48042E-2,1.59941E-2,1.45879E-2,1.32646E-2,1.34780E-2,1.19153E-2,1.14062E-2,1.04068E-2,1.07323E-2,9.17356E-3,9.98073E-3,9.01604E-3,8.69803E-3,8.26355E-3,7.85361E-3,7.28997E-3,6.46698E-3,6.31585E-3,4.83384E-3,5.15703E-3,4.52155E-3,3.72416E-3,3.10599E-3,2.83398E-3,2.61142E-3,1.91120E-3,1.64014E-3,1.00152E-3,8.44164E-4,3.44880E-4,2.63617E-4,7.92288E-6,-5.35154E-4,-9.29446E-4,-1.40045E-3,-1.10832E-3,-1.63942E-3,-1.98732E-3,-2.04711E-3,-2.58812E-3,-2.64176E-3,-3.15662E-3,-2.85881E-3,-3.63215E-3,-4.05969E-3,-4.39568E-3,-4.68701E-3,-5.09310E-3,-4.93433E-3,-5.36169E-3,-4.75197E-3,-5.76858E-3,-5.50093E-3,-5.21183E-3,-5.40706E-3,-5.37670E-3,-5.60148E-3,-5.20779E-3,-4.91792E-3,-4.31921E-3,-4.91422E-3,-5.09295E-3,-5.16909E-3,-4.74872E-3,-5.05232E-3,-5.15140E-3,-5.92847E-3,-6.10455E-3,-5.98901E-3
1.07384E+3,-1.81108E-4,-1.55334E-4,-3.05823E-4,-2.17254E-4,2.33846E-5,-1.63150E-4,1.09078E-4,-1.41488E-4,8.17096E-5,-1.68489E-4,-1.96977E-4,-1.45051E-4,1.22609E-4,4.46245E-4,8.91648E-4,1.61553E-3,2.26894E-3,3.56473E-3,7.42911E-3,9.25726E-3,1.41059E-2,1.69334E-2,2.15530E-2,2.49356E-2,3.01843E-2,2.80514E-2,3.39284E-2,3.71499E-2,4.04023E-2,3.90933E-2,4.16688E-2,4.30882E-2,4.37328E-2,4.39514E-2,4.39850E-2,4.38208E-2,4.34652E-2,4.45442E-2,4.54988E-2,4.38328E-2,4.38566E-2,4.26648E-2,4.27582E-2,4.05965E-2,4.03926E-2,4.17554E-2,4.10484E-2,4.02852E-2,3.92843E-2,4.10642E-2,3.97140E-2,3.97733E-2,3.81919E-2,3.88016E-2,3.76853E-2,3.86950E-2,3.75595E-2,3.75460E-2,3.62003E-2,3.62418E-2,3.41097E-2,3.30647E-2,3.51156E-2,3.47388E-2,3.06754E-2,3.16649E-2,3.28330E-2,3.46124E-2,3.13962E-2,3.19834E-2,2.92193E-2,3.32890E-2,3.14437E-2,3.23781E-2,3.18992E-2,3.09569E-2,2.93274E-2,3.02261E-2,3.03983E-2,2.89597E-2,2.98089E-2,2.80583E-2,2.96716E-2,2.95392E-2,2.73735E-2,2.76179E-2,2.58425E-2,2.62910E-2,2.49273E-2,2.45693E-2,2.36423E-2,2.17750E-2,2.19842E-2,2.06508E-2,1.95196E-2,1.89480E-2,1.75048E-2,1.65313E-2,1.47283E-2,1.58792E-2,1.46463E-2,1.32524E-2,1.34059E-2,1.19490E-2,1.12787E-2,1.03428E-2,1.06636E-2,9.08257E-3,9.76210E-3,8.96777E-3,8.67444E-3,8.02459E-3,7.76840E-3,7.17806E-3,6.41375E-3,6.23451E-3,4.78115E-3,5.03100E-3,4.63551E-3,3.56520E-3,2.87620E-3,2.74995E-3,2.51371E-3,1.78346E-3,1.44911E-3,9.51898E-4,8.80438E-4,3.16250E-4,1.50395E-4,-1.17668E-4,-7.16157E-4,-9.44207E-4,-1.55140E-3,-1.24687E-3,-1.66328E-3,-2.00350E-3,-1.97881E-3,-2.61300E-3,-2.55648E-3,-3.25498E-3,-3.01806E-3,-3.84924E-3,-3.95442E-3,-4.37054E-3,-4.59813E-3,-5.12571E-3,-4.87370E-3,-5.17983E-3,-4.76802E-3,-5.77201E-3,-5.45567E-3,-5.13379E-3,-5.49350E-3,-5.38121E-3,-5.50557E-3,-5.01562E-3,-5.04789E-3,-4.42613E-3,-4.93054E-3,-5.13242E-3,-5.25309E-3,-4.91858E-3,-5.10228E-3,-5.26077E-3,-5.89620E-3,-6.05440E-3,-5.96187E-3
1.07729E+3,-3.05306E-4,-1.37191E-4,-1.93159E-4,-1.77080E-4,-4.08952E-5,-1.32087E-4,1.05539E-4,-8.77882E-5,7.83322E-5,-1.28858E-4,-1.16469E-4,-1.43857E-4,6.98104E-5,3.51876E-4,8.57133E-4,1.46335E-3,2.17084E-3,3.54235E-3,7.29088E-3,9.02982E-3,1.38907E-2,1.66172E-2,2.12822E-2,2.47004E-2,2.99061E-2,2.78405E-2,3.40039E-2,3.69622E-2,4.03500E-2,3.92659E-2,4.17792E-2,4.30041E-2,4.36572E-2,4.38307E-2,4.37867E-2,4.38477E-2,4.35571E-2,4.46001E-2,4.54962E-2,4.37784E-2,4.38310E-2,4.26265E-2,4.27041E-2,4.07279E-2,4.03158E-2,4.18181E-2,4.10358E-2,4.02825E-2,3.94620E-2,4.12201E-2,3.97090E-2,3.98119E-2,3.81322E-2,3.85598E-2,3.79582E-2,3.86231E-2,3.76874E-2,3.76576E-2,3.61528E-2,3.61538E-2,3.41418E-2,3.31134E-2,3.50537E-2,3.46056E-2,3.08034E-2,3.16068E-2,3.27808E-2,3.46600E-2,3.12563E-2,3.17771E-2,2.91162E-2,3.34035E-2,3.13181E-2,3.22621E-2,3.19242E-2,3.09645E-2,2.94214E-2,3.02628E-2,3.05308E-2,2.90306E-2,2.98128E-2,2.79614E-2,2.95187E-2,2.96126E-2,2.72670E-2,2.76651E-2,2.56617E-2,2.63350E-2,2.48557E-2,2.42656E-2,2.36525E-2,2.15552E-2,2.18587E-2,2.03825E-2,1.94439E-2,1.87441E-2,1.76639E-2,1.64811E-2,1.48295E-2,1.60026E-2,1.46606E-2,1.30391E-2,1.32853E-2,1.19870E-2,1.13201E-2,1.03717E-2,1.05842E-2,9.06896E-3,9.80336E-3,8.89827E-3,8.59369E-3,8.10855E-3,7.71822E-3,7.19452E-3,6.40417E-3,6.17296E-3,4.71390E-3,4.84017E-3,4.57371E-3,3.52660E-3,2.79729E-3,2.66145E-3,2.45409E-3,1.72472E-3,1.36972E-3,6.96852E-4,9.04632E-4,2.65077E-4,2.65524E-4,-1.63019E-4,-7.95220E-4,-1.01942E-3,-1.57969E-3,-1.18803E-3,-1.83259E-3,-2.14507E-3,-2.10654E-3,-2.75033E-3,-2.81150E-3,-3.11947E-3,-2.94599E-3,-3.70093E-3,-4.07984E-3,-4.52170E-3,-4.64422E-3,-5.27761E-3,-5.06579E-3,-5.29206E-3,-4.55945E-3,-5.71705E-3,-5.44544E-3,-5.18812E-3,-5.38348E-3,-5.42265E-3,-5.50232E-3,-5.19060E-3,-5.03162E-3,-4.46591E-3,-4.95551E-3,-5.27835E-3,-5.22809E-3,-4.79548E-3,-5.02410E-3,-5.29145E-3,-5.92492E-3,-6.14582E-3,-5.80125E-3
1.08074E+3,-2.63335E-4,-1.65938E-4,-1.87396E-4,-1.09693E-4,-6.87067E-5,-1.61881E-4,1.16380E-4,-1.01535E-4,8.56269E-5,1.80241E-5,-1.89168E-4,-1.19484E-4,-2.99280E-5,4.20029E-4,7.57005E-4,1.61788E-3,2.18352E-3,3.41789E-3,7.08149E-3,8.86922E-3,1.37420E-2,1.64257E-2,2.11410E-2,2.43862E-2,2.97538E-2,2.76628E-2,3.38167E-2,3.66962E-2,4.00546E-2,3.90238E-2,4.15405E-2,4.27996E-2,4.35391E-2,4.36238E-2,4.37587E-2,4.34371E-2,4.31868E-2,4.43246E-2,4.51652E-2,4.33769E-2,4.36533E-2,4.23298E-2,4.24463E-2,4.03803E-2,3.99806E-2,4.11855E-2,4.08934E-2,3.98265E-2,3.91311E-2,4.08218E-2,3.94277E-2,3.95210E-2,3.78567E-2,3.85596E-2,3.75512E-2,3.83468E-2,3.75206E-2,3.73630E-2,3.58522E-2,3.59322E-2,3.38234E-2,3.28331E-2,3.50348E-2,3.43496E-2,3.05714E-2,3.15774E-2,3.26652E-2,3.44645E-2,3.11334E-2,3.14036E-2,2.90596E-2,3.30329E-2,3.10699E-2,3.18959E-2,3.19556E-2,3.08216E-2,2.92142E-2,3.00174E-2,3.01536E-2,2.85843E-2,2.95544E-2,2.77712E-2,2.95770E-2,2.93493E-2,2.69816E-2,2.73076E-2,2.53787E-2,2.58833E-2,2.46500E-2,2.40578E-2,2.34059E-2,2.13332E-2,2.14667E-2,2.00380E-2,1.92583E-2,1.86597E-2,1.73048E-2,1.63551E-2,1.46075E-2,1.55923E-2,1.41617E-2,1.30516E-2,1.32149E-2,1.18271E-2,1.10554E-2,1.02651E-2,1.02716E-2,8.95034E-3,9.60554E-3,8.67125E-3,8.46470E-3,7.85900E-3,7.46108E-3,7.00407E-3,6.31796E-3,5.76767E-3,4.55302E-3,4.79625E-3,4.56712E-3,3.37836E-3,2.79771E-3,2.56131E-3,2.24104E-3,1.59238E-3,1.27888E-3,8.47586E-4,7.50903E-4,2.35490E-4,2.07785E-4,-2.42899E-4,-7.88858E-4,-1.13775E-3,-1.45437E-3,-1.22189E-3,-1.77076E-3,-2.15763E-3,-2.34989E-3,-2.71939E-3,-2.63069E-3,-3.35028E-3,-2.97399E-3,-3.76680E-3,-4.20462E-3,-4.56114E-3,-4.60493E-3,-5.05310E-3,-5.00814E-3,-5.33041E-3,-4.67159E-3,-5.86575E-3,-5.47842E-3,-5.33523E-3,-5.49380E-3,-5.31533E-3,-5.39663E-3,-5.19439E-3,-4.99939E-3,-4.44772E-3,-4.91770E-3,-5.07740E-3,-5.03755E-3,-4.68661E-3,-5.19032E-3,-5.17077E-3,-5.87906E-3,-6.11933E-3,-5.96444E-3
1.08419E+3,-3.64639E-4,-1.90401E-4,-8.25558E-5,-1.92981E-4,-1.26174E-4,-1.64910E-4,1.76667E-4,-6.73187E-5,1.79949E-4,2.90850E-5,-1.28537E-4,-7.08797E-5,-1.52092E-5,4.16956E-4,6.00949E-4,1.46307E-3,2.12666E-3,3.47619E-3,7.11296E-3,8.80683E-3,1.34117E-2,1.63075E-2,2.09702E-2,2.42377E-2,2.96717E-2,2.76510E-2,3.35160E-2,3.68129E-2,3.99063E-2,3.89393E-2,4.15522E-2,4.27633E-2,4.35487E-2,4.34433E-2,4.36809E-2,4.35526E-2,4.32943E-2,4.44482E-2,4.52351E-2,4.33248E-2,4.34866E-2,4.22653E-2,4.25361E-2,4.03670E-2,4.00951E-2,4.14240E-2,4.08765E-2,3.99642E-2,3.91276E-2,4.10364E-2,3.95754E-2,3.93642E-2,3.77512E-2,3.86256E-2,3.76182E-2,3.82597E-2,3.75408E-2,3.75581E-2,3.59901E-2,3.61064E-2,3.42576E-2,3.29437E-2,3.52342E-2,3.46098E-2,3.06581E-2,3.17422E-2,3.27599E-2,3.44396E-2,3.11791E-2,3.14018E-2,2.92105E-2,3.30358E-2,3.10261E-2,3.18928E-2,3.19318E-2,3.08506E-2,2.93951E-2,3.01059E-2,3.02485E-2,2.88211E-2,2.96602E-2,2.79300E-2,2.95802E-2,2.96225E-2,2.70174E-2,2.75910E-2,2.55698E-2,2.60578E-2,2.46394E-2,2.44135E-2,2.36938E-2,2.13398E-2,2.17138E-2,2.00908E-2,1.94030E-2,1.86832E-2,1.74680E-2,1.64907E-2,1.48934E-2,1.57750E-2,1.42896E-2,1.28753E-2,1.31632E-2,1.19606E-2,1.11383E-2,1.01586E-2,1.03733E-2,9.11218E-3,9.74995E-3,8.87327E-3,8.47035E-3,7.96099E-3,7.57384E-3,7.05134E-3,6.29667E-3,5.88789E-3,4.58297E-3,4.71267E-3,4.53429E-3,3.52111E-3,2.92916E-3,2.65054E-3,2.22284E-3,1.66024E-3,1.08269E-3,7.37376E-4,7.32753E-4,2.50779E-4,1.47845E-4,-2.54266E-4,-9.31708E-4,-1.15504E-3,-1.53945E-3,-1.32120E-3,-1.78704E-3,-2.09232E-3,-2.13653E-3,-2.84462E-3,-2.84903E-3,-3.23044E-3,-3.02262E-3,-3.92154E-3,-4.20132E-3,-4.64630E-3,-4.83941E-3,-5.15334E-3,-5.03302E-3,-5.30993E-3,-4.75609E-3,-5.84981E-3,-5.62122E-3,-5.39032E-3,-5.55881E-3,-5.30946E-3,-5.41542E-3,-5.36472E-3,-5.06571E-3,-4.52977E-3,-5.03643E-3,-5.40461E-3,-5.22413E-3,-4.73248E-3,-5.38257E-3,-5.27188E-3,-6.03887E-3,-6.13446E-3,-6.12069E-3
1.08764E+3,-3.30762E-4,-3.08724E-4,-2.70415E-5,-1.65930E-4,-3.40831E-5,-3.94109E-5,-8.21364E-6,-2.23266E-4,1.33944E-4,4.28733E-5,-1.34503E-4,-3.28328E-5,1.18120E-4,3.01436E-4,7.08395E-4,1.67916E-3,2.23021E-3,3.38705E-3,6.93912E-3,8.77884E-3,1.34462E-2,1.63532E-2,2.12121E-2,2.43621E-2,3.00222E-2,2.76391E-2,3.37585E-2,3.70362E-2,4.02700E-2,3.92109E-2,4.17275E-2,4.30871E-2,4.39241E-2,4.37304E-2,4.37677E-2,4.34887E-2,4.34701E-2,4.44560E-2,4.52051E-2,4.34068E-2,4.37060E-2,4.23184E-2,4.24584E-2,4.04487E-2,4.01023E-2,4.15484E-2,4.10609E-2,3.99198E-2,3.92607E-2,4.11737E-2,3.95299E-2,3.95709E-2,3.77337E-2,3.87346E-2,3.77814E-2,3.82038E-2,3.78127E-2,3.74055E-2,3.60726E-2,3.63364E-2,3.42559E-2,3.30045E-2,3.53512E-2,3.47298E-2,3.07942E-2,3.20260E-2,3.27807E-2,3.44173E-2,3.12199E-2,3.14262E-2,2.93689E-2,3.29615E-2,3.13351E-2,3.17677E-2,3.22338E-2,3.11287E-2,2.96266E-2,3.01902E-2,3.02556E-2,2.87502E-2,2.97916E-2,2.81583E-2,2.95677E-2,2.97153E-2,2.68309E-2,2.74422E-2,2.54915E-2,2.59760E-2,2.48332E-2,2.42790E-2,2.36083E-2,2.11922E-2,2.14629E-2,2.01930E-2,1.94664E-2,1.86230E-2,1.73833E-2,1.64161E-2,1.48595E-2,1.57843E-2,1.42300E-2,1.28485E-2,1.30368E-2,1.19757E-2,1.13246E-2,1.01194E-2,1.03754E-2,8.97395E-3,9.72499E-3,8.90123E-3,8.27269E-3,7.88494E-3,7.64577E-3,7.00042E-3,6.19451E-3,5.83078E-3,4.50402E-3,4.59063E-3,4.46718E-3,3.51198E-3,2.72111E-3,2.57110E-3,2.32027E-3,1.59562E-3,1.24619E-3,7.48749E-4,7.02780E-4,1.27846E-4,8.02738E-5,-2.62322E-4,-9.26424E-4,-1.20771E-3,-1.63626E-3,-1.31161E-3,-1.87322E-3,-2.07836E-3,-2.34111E-3,-2.69955E-3,-2.62350E-3,-3.32567E-3,-3.16697E-3,-3.93928E-3,-4.21447E-3,-4.48029E-3,-4.69222E-3,-5.19225E-3,-4.88691E-3,-5.32408E-3,-4.89647E-3,-5.94283E-3,-5.59523E-3,-5.22908E-3,-5.37645E-3,-5.32271E-3,-5.45420E-3,-5.32313E-3,-4.97120E-3,-4.42151E-3,-4.87701E-3,-5.21454E-3,-5.17428E-3,-4.83157E-3,-5.23799E-3,-5.35082E-3,-6.09627E-3,-6.25349E-3,-6.07988E-3
1.09110E+3,-2.12682E-4,-1.08642E-4,-4.88596E-5,-1.42272E-4,-3.70413E-5,-2.56192E-4,7.50037E-5,-1.27540E-4,7.76540E-5,3.23460E-5,-2.71147E-5,-1.03265E-4,-1.11031E-4,3.67523E-4,6.22115E-4,1.52611E-3,2.05053E-3,3.22155E-3,6.44124E-3,8.05886E-3,1.23007E-2,1.51579E-2,1.96956E-2,2.27241E-2,2.79560E-2,2.57495E-2,3.13107E-2,3.43700E-2,3.81016E-2,3.66687E-2,3.93088E-2,4.04345E-2,4.11028E-2,4.13625E-2,4.15127E-2,4.13830E-2,4.06539E-2,4.22544E-2,4.32909E-2,4.12478E-2,4.15093E-2,4.02153E-2,4.06410E-2,3.84588E-2,3.77584E-2,3.94014E-2,3.89296E-2,3.80900E-2,3.74759E-2,3.90830E-2,3.78575E-2,3.73764E-2,3.59536E-2,3.66711E-2,3.60455E-2,3.65580E-2,3.58345E-2,3.58517E-2,3.41599E-2,3.43657E-2,3.25358E-2,3.13065E-2,3.31726E-2,3.24133E-2,2.94088E-2,3.01302E-2,3.07383E-2,3.21759E-2,2.94611E-2,2.91958E-2,2.77213E-2,3.11640E-2,2.94107E-2,3.03078E-2,3.01393E-2,2.90279E-2,2.76709E-2,2.84404E-2,2.87564E-2,2.73361E-2,2.81866E-2,2.62034E-2,2.77199E-2,2.79506E-2,2.55817E-2,2.59099E-2,2.41340E-2,2.44404E-2,2.31236E-2,2.30173E-2,2.21319E-2,2.02857E-2,2.03745E-2,1.91196E-2,1.81346E-2,1.76491E-2,1.64269E-2,1.54661E-2,1.35647E-2,1.47178E-2,1.35587E-2,1.21205E-2,1.22874E-2,1.10560E-2,1.01937E-2,9.31884E-3,9.60674E-3,8.18965E-3,9.02375E-3,8.02529E-3,7.48025E-3,7.35805E-3,6.88036E-3,6.33276E-3,5.53282E-3,5.26836E-3,4.17968E-3,4.15182E-3,3.88718E-3,2.92075E-3,2.29603E-3,2.13416E-3,2.00527E-3,1.10708E-3,8.92881E-4,5.06728E-4,3.93274E-4,4.68022E-5,-1.64718E-4,-6.18658E-4,-1.14277E-3,-1.40440E-3,-1.71475E-3,-1.37826E-3,-2.00453E-3,-2.22213E-3,-2.32918E-3,-2.81134E-3,-2.84926E-3,-3.29670E-3,-3.22396E-3,-3.76524E-3,-4.19146E-3,-4.55080E-3,-4.74882E-3,-5.16402E-3,-5.08272E-3,-5.34189E-3,-4.83620E-3,-5.80854E-3,-5.54281E-3,-5.20107E-3,-5.40334E-3,-5.32198E-3,-5.58801E-3,-5.23670E-3,-4.96904E-3,-4.58787E-3,-4.79968E-3,-5.00854E-3,-4.93787E-3,-4.73524E-3,-5.25346E-3,-5.28837E-3,-5.92864E-3,-6.18267E-3,-6.03894E-3
1.09455E+3,-3.63215E-4,-8.55106E-5,-6.68996E-6,-2.03183E-4,-8.03510E-5,-1.43068E-4,2.82424E-4,-9.49209E-5,1.53176E-4,-1.61556E-4,-1.66934E-5,-1.87578E-4,-3.36267E-5,4.11179E-4,5.29614E-4,1.51605E-3,2.20362E-3,3.24269E-3,6.72420E-3,8.28707E-3,1.30431E-2,1.58689E-2,2.08248E-2,2.38199E-2,2.96671E-2,2.73382E-2,3.35064E-2,3.67824E-2,3.95535E-2,3.89434E-2,4.17097E-2,4.27830E-2,4.35040E-2,4.34857E-2,4.33653E-2,4.32243E-2,4.31234E-2,4.41808E-2,4.48555E-2,4.28836E-2,4.33894E-2,4.21480E-2,4.19572E-2,4.02833E-2,3.96013E-2,4.12107E-2,4.06711E-2,3.97710E-2,3.90284E-2,4.09807E-2,3.91684E-2,3.92037E-2,3.73238E-2,3.84250E-2,3.76321E-2,3.79662E-2,3.74908E-2,3.72434E-2,3.60742E-2,3.60747E-2,3.40889E-2,3.27536E-2,3.53050E-2,3.46049E-2,3.04417E-2,3.16997E-2,3.24919E-2,3.42332E-2,3.10860E-2,3.10424E-2,2.92099E-2,3.26558E-2,3.11180E-2,3.14203E-2,3.18830E-2,3.08670E-2,2.93458E-2,2.97805E-2,2.99032E-2,2.84790E-2,2.94326E-2,2.80851E-2,2.93645E-2,2.95570E-2,2.65391E-2,2.70826E-2,2.51523E-2,2.59146E-2,2.47286E-2,2.41047E-2,2.35211E-2,2.09435E-2,2.12864E-2,1.98511E-2,1.90884E-2,1.84511E-2,1.74870E-2,1.64856E-2,1.46960E-2,1.55259E-2,1.39920E-2,1.26302E-2,1.29329E-2,1.18978E-2,1.10329E-2,9.95519E-3,1.02944E-2,8.84170E-3,9.66233E-3,8.72558E-3,8.08512E-3,7.77339E-3,7.33233E-3,6.72644E-3,5.90327E-3,5.78812E-3,4.38506E-3,4.63641E-3,4.32939E-3,3.37689E-3,2.54990E-3,2.44379E-3,2.13798E-3,1.47569E-3,1.00825E-3,6.80119E-4,5.74530E-4,2.75767E-5,-7.30744E-6,-3.32025E-4,-1.07075E-3,-1.52660E-3,-1.63894E-3,-1.39785E-3,-2.07761E-3,-2.21334E-3,-2.24732E-3,-2.84841E-3,-3.00048E-3,-3.36497E-3,-3.28806E-3,-3.80920E-3,-4.40184E-3,-4.54795E-3,-4.88534E-3,-5.15176E-3,-5.09570E-3,-5.45362E-3,-4.80861E-3,-5.91338E-3,-5.60239E-3,-5.21193E-3,-5.33279E-3,-5.30306E-3,-5.54248E-3,-5.22012E-3,-5.02620E-3,-4.63417E-3,-4.96193E-3,-5.17778E-3,-4.95755E-3,-4.94060E-3,-5.31232E-3,-5.19023E-3,-6.03848E-3,-6.05781E-3,-6.16868E-3
1.09801E+3,-4.47912E-4,-2.31471E-5,-3.63377E-5,-2.83613E-4,-2.14359E-4,-1.50614E-4,1.77456E-4,3.74577E-5,1.34575E-4,-4.31748E-6,-4.45142E-5,4.06929E-5,-2.34596E-5,3.48336E-4,4.89757E-4,1.59733E-3,2.05126E-3,3.06577E-3,6.46535E-3,8.12617E-3,1.23928E-2,1.54766E-2,2.02028E-2,2.31652E-2,2.89634E-2,2.66907E-2,3.26983E-2,3.59711E-2,3.91820E-2,3.82531E-2,4.10291E-2,4.20555E-2,4.28235E-2,4.26806E-2,4.26919E-2,4.26132E-2,4.24569E-2,4.34466E-2,4.40969E-2,4.21498E-2,4.29371E-2,4.13046E-2,4.15122E-2,3.96543E-2,3.90149E-2,4.04845E-2,4.02733E-2,3.91246E-2,3.85938E-2,4.03633E-2,3.89132E-2,3.86486E-2,3.67701E-2,3.78397E-2,3.69870E-2,3.72473E-2,3.70360E-2,3.67712E-2,3.55129E-2,3.54861E-2,3.35382E-2,3.21685E-2,3.46920E-2,3.40202E-2,3.00395E-2,3.15058E-2,3.18105E-2,3.36372E-2,3.05922E-2,3.03417E-2,2.87664E-2,3.20437E-2,3.04619E-2,3.08877E-2,3.12219E-2,3.02203E-2,2.88293E-2,2.93135E-2,2.95733E-2,2.80864E-2,2.91107E-2,2.75086E-2,2.88410E-2,2.90196E-2,2.60547E-2,2.67115E-2,2.48772E-2,2.53323E-2,2.40063E-2,2.36698E-2,2.29917E-2,2.05412E-2,2.06510E-2,1.94171E-2,1.87496E-2,1.82624E-2,1.71092E-2,1.60994E-2,1.42796E-2,1.51488E-2,1.37963E-2,1.24601E-2,1.29019E-2,1.15757E-2,1.06807E-2,9.63114E-3,9.89545E-3,8.58372E-3,9.28996E-3,8.34461E-3,7.83608E-3,7.35106E-3,7.14288E-3,6.44683E-3,5.69732E-3,5.45471E-3,4.18622E-3,4.22425E-3,4.16766E-3,3.20503E-3,2.36765E-3,2.34356E-3,1.76828E-3,1.31177E-3,1.02364E-3,6.23439E-4,3.32942E-4,1.01913E-4,-1.42543E-4,-3.57807E-4,-1.09283E-3,-1.39682E-3,-1.69286E-3,-1.60753E-3,-2.05044E-3,-2.36526E-3,-2.44580E-3,-2.89595E-3,-3.06001E-3,-3.52443E-3,-3.35363E-3,-4.07522E-3,-4.35807E-3,-4.65915E-3,-4.89137E-3,-5.33240E-3,-5.32833E-3,-5.41552E-3,-4.93684E-3,-6.06597E-3,-5.66419E-3,-5.49570E-3,-5.37080E-3,-5.32641E-3,-5.61836E-3,-5.23840E-3,-4.98540E-3,-4.63326E-3,-4.88148E-3,-5.20337E-3,-5.12136E-3,-4.72591E-3,-5.41264E-3,-5.35942E-3,-6.08628E-3,-6.42485E-3,-6.30727E-3
1.10146E+3,-4.12246E-4,-5.09377E-5,-6.56299E-5,-1.64211E-4,-4.07307E-5,-2.42304E-4,1.79608E-4,-4.65084E-5,2.22836E-4,1.65858E-5,1.91939E-8,-3.99583E-5,-9.54747E-5,3.94071E-4,3.44879E-4,1.62577E-3,2.03017E-3,3.24193E-3,6.42287E-3,7.96276E-3,1.23041E-2,1.52331E-2,2.01430E-2,2.29820E-2,2.88393E-2,2.65798E-2,3.27056E-2,3.61211E-2,3.89329E-2,3.83796E-2,4.08218E-2,4.21414E-2,4.28092E-2,4.26912E-2,4.26762E-2,4.25536E-2,4.26050E-2,4.36717E-2,4.43416E-2,4.24535E-2,4.27640E-2,4.16186E-2,4.15476E-2,3.96955E-2,3.89448E-2,4.05957E-2,4.02502E-2,3.91445E-2,3.86180E-2,4.05020E-2,3.88516E-2,3.86566E-2,3.69038E-2,3.78556E-2,3.72709E-2,3.72302E-2,3.71709E-2,3.69017E-2,3.54294E-2,3.54762E-2,3.35261E-2,3.22653E-2,3.46612E-2,3.40735E-2,3.01328E-2,3.14312E-2,3.19124E-2,3.35173E-2,3.05735E-2,3.02901E-2,2.87230E-2,3.22688E-2,3.04980E-2,3.09352E-2,3.14482E-2,3.03406E-2,2.87750E-2,2.92493E-2,2.94766E-2,2.82496E-2,2.91266E-2,2.77477E-2,2.89173E-2,2.90085E-2,2.62162E-2,2.66267E-2,2.48420E-2,2.53707E-2,2.39730E-2,2.37221E-2,2.27999E-2,2.03523E-2,2.07228E-2,1.93377E-2,1.88698E-2,1.81805E-2,1.70545E-2,1.60688E-2,1.45776E-2,1.51921E-2,1.37395E-2,1.23489E-2,1.26670E-2,1.15216E-2,1.08497E-2,9.58829E-3,9.98217E-3,8.63791E-3,9.31991E-3,8.42380E-3,7.94903E-3,7.48846E-3,7.16366E-3,6.45097E-3,5.66913E-3,5.39596E-3,4.15232E-3,4.20351E-3,4.15627E-3,3.14274E-3,2.35864E-3,2.30042E-3,1.67165E-3,1.24820E-3,8.97059E-4,4.67050E-4,4.58556E-4,4.88588E-5,-3.11882E-4,-4.50906E-4,-1.10569E-3,-1.41409E-3,-1.78420E-3,-1.52308E-3,-2.21140E-3,-2.37650E-3,-2.39099E-3,-2.84139E-3,-2.94825E-3,-3.44290E-3,-3.24763E-3,-3.98943E-3,-4.37591E-3,-4.65333E-3,-4.83998E-3,-5.23366E-3,-5.19067E-3,-5.37642E-3,-4.94808E-3,-5.95699E-3,-5.62901E-3,-5.36924E-3,-5.35048E-3,-5.25603E-3,-5.46610E-3,-5.35504E-3,-4.96224E-3,-4.69552E-3,-4.82789E-3,-5.18859E-3,-5.12304E-3,-4.56111E-3,-5.62563E-3,-5.28144E-3,-6.07878E-3,-6.38901E-3,-6.19929E-3
1.10492E+3,-4.58521E-4,1.60058E-5,2.23671E-5,-1.12547E-4,-1.04299E-4,-4.02956E-4,2.21260E-4,-4.55922E-5,2.13524E-4,-5.18505E-5,4.77263E-5,-9.84960E-5,-1.73878E-7,3.10042E-4,4.43508E-4,1.50302E-3,2.05380E-3,3.07617E-3,5.97270E-3,7.74351E-3,1.20388E-2,1.51503E-2,1.97658E-2,2.26125E-2,2.85401E-2,2.63300E-2,3.23877E-2,3.56349E-2,3.88497E-2,3.80090E-2,4.05631E-2,4.17504E-2,4.24754E-2,4.22874E-2,4.26062E-2,4.23057E-2,4.20915E-2,4.32700E-2,4.37654E-2,4.19503E-2,4.25059E-2,4.12148E-2,4.11151E-2,3.92196E-2,3.86036E-2,4.02754E-2,4.01035E-2,3.90582E-2,3.85898E-2,3.98812E-2,3.86870E-2,3.83731E-2,3.64526E-2,3.76225E-2,3.68765E-2,3.69217E-2,3.68075E-2,3.65229E-2,3.50940E-2,3.53265E-2,3.34455E-2,3.19256E-2,3.44384E-2,3.38629E-2,2.95917E-2,3.11538E-2,3.15403E-2,3.31627E-2,3.03815E-2,2.99615E-2,2.84395E-2,3.17636E-2,3.02290E-2,3.02611E-2,3.09387E-2,2.98735E-2,2.85251E-2,2.90378E-2,2.91371E-2,2.78368E-2,2.87384E-2,2.74964E-2,2.86228E-2,2.88279E-2,2.57747E-2,2.64019E-2,2.44113E-2,2.50824E-2,2.36549E-2,2.33059E-2,2.25190E-2,1.99716E-2,2.01646E-2,1.92498E-2,1.85245E-2,1.77450E-2,1.68394E-2,1.58848E-2,1.42263E-2,1.48856E-2,1.33586E-2,1.21012E-2,1.25299E-2,1.14526E-2,1.04836E-2,9.53475E-3,9.71713E-3,8.59924E-3,9.09901E-3,8.30032E-3,7.43204E-3,7.26692E-3,6.81041E-3,6.31487E-3,5.42540E-3,5.10102E-3,3.90944E-3,4.11652E-3,4.00271E-3,2.98215E-3,2.15858E-3,2.25216E-3,1.60943E-3,1.04189E-3,6.85811E-4,3.24293E-4,4.19508E-4,-2.36918E-4,-2.01258E-4,-5.78975E-4,-1.26503E-3,-1.47735E-3,-1.70978E-3,-1.60013E-3,-2.36789E-3,-2.46899E-3,-2.45507E-3,-3.00541E-3,-3.02989E-3,-3.52621E-3,-3.33870E-3,-4.06203E-3,-4.33255E-3,-4.65686E-3,-4.88182E-3,-5.27093E-3,-5.08486E-3,-5.51464E-3,-4.92279E-3,-5.92990E-3,-5.88627E-3,-5.38165E-3,-5.53311E-3,-5.44527E-3,-5.61693E-3,-5.41868E-3,-5.14594E-3,-4.87015E-3,-4.99392E-3,-5.18137E-3,-5.10709E-3,-4.83016E-3,-5.49670E-3,-5.25165E-3,-6.05913E-3,-6.30614E-3,-6.25968E-3
1.10837E+3,-3.82198E-4,-2.00369E-4,-1.08195E-4,-5.02739E-5,-1.29390E-4,-1.58554E-4,2.36434E-4,6.82200E-5,7.20958E-5,-4.56800E-5,3.18164E-5,-5.51570E-5,-9.60996E-5,4.47311E-4,3.70038E-4,1.52455E-3,2.05133E-3,2.95003E-3,5.97464E-3,7.75829E-3,1.19148E-2,1.47672E-2,1.96685E-2,2.24654E-2,2.82164E-2,2.62575E-2,3.21375E-2,3.54780E-2,3.83063E-2,3.79315E-2,4.02808E-2,4.15113E-2,4.21110E-2,4.23391E-2,4.22899E-2,4.19241E-2,4.20383E-2,4.31372E-2,4.35472E-2,4.17076E-2,4.23161E-2,4.11170E-2,4.08559E-2,3.90955E-2,3.82214E-2,4.01200E-2,3.98418E-2,3.85960E-2,3.82118E-2,3.98023E-2,3.84311E-2,3.81245E-2,3.63022E-2,3.74551E-2,3.66500E-2,3.65261E-2,3.66875E-2,3.63435E-2,3.49048E-2,3.51264E-2,3.31579E-2,3.16287E-2,3.42308E-2,3.37882E-2,2.93854E-2,3.12037E-2,3.13860E-2,3.31194E-2,3.00296E-2,2.98515E-2,2.83696E-2,3.15384E-2,3.01652E-2,3.01771E-2,3.08836E-2,2.98365E-2,2.85994E-2,2.87210E-2,2.88915E-2,2.75720E-2,2.85378E-2,2.71675E-2,2.83105E-2,2.84038E-2,2.53847E-2,2.62007E-2,2.42918E-2,2.48495E-2,2.36364E-2,2.32586E-2,2.24411E-2,1.99793E-2,1.98755E-2,1.90405E-2,1.82919E-2,1.78341E-2,1.67928E-2,1.57376E-2,1.42566E-2,1.46898E-2,1.31645E-2,1.21163E-2,1.23436E-2,1.13657E-2,1.04308E-2,9.28337E-3,9.74457E-3,8.56285E-3,8.93581E-3,8.18886E-3,7.52171E-3,7.23635E-3,6.81027E-3,6.04167E-3,5.54650E-3,5.17679E-3,3.89387E-3,4.08899E-3,3.93302E-3,2.94264E-3,2.06044E-3,2.03470E-3,1.68517E-3,1.09770E-3,7.13244E-4,3.36560E-4,2.57017E-4,-1.82215E-4,-4.09994E-4,-6.28935E-4,-1.43773E-3,-1.61671E-3,-1.81271E-3,-1.56386E-3,-2.23440E-3,-2.53097E-3,-2.50509E-3,-3.03179E-3,-3.11411E-3,-3.47271E-3,-3.37091E-3,-3.93791E-3,-4.45019E-3,-4.77910E-3,-5.00002E-3,-5.25078E-3,-5.29956E-3,-5.43538E-3,-4.83829E-3,-6.07299E-3,-5.74070E-3,-5.43670E-3,-5.43352E-3,-5.50978E-3,-5.61835E-3,-5.37415E-3,-5.17900E-3,-4.79173E-3,-4.91577E-3,-5.24310E-3,-5.22329E-3,-4.61359E-3,-5.47904E-3,-5.43055E-3,-6.27893E-3,-6.29429E-3,-6.39439E-3
1.11183E+3,-3.12007E-4,-6.72751E-5,-2.07057E-5,-4.31475E-5,-7.74517E-5,-2.24485E-4,1.56953E-4,2.66104E-5,1.50416E-4,-5.11817E-5,-6.74726E-5,-6.12214E-5,-1.39786E-4,3.46683E-4,3.84072E-4,1.58438E-3,1.92055E-3,2.94923E-3,6.00791E-3,7.60188E-3,1.16594E-2,1.46954E-2,1.94213E-2,2.21808E-2,2.78751E-2,2.58800E-2,3.20912E-2,3.50962E-2,3.79272E-2,3.76855E-2,3.99774E-2,4.11047E-2,4.19171E-2,4.18456E-2,4.18744E-2,4.15885E-2,4.19769E-2,4.27775E-2,4.30805E-2,4.12933E-2,4.19354E-2,4.05879E-2,4.05264E-2,3.87622E-2,3.80251E-2,3.98310E-2,3.95626E-2,3.84690E-2,3.79758E-2,3.97721E-2,3.81617E-2,3.79426E-2,3.61992E-2,3.71005E-2,3.66897E-2,3.65201E-2,3.65369E-2,3.62537E-2,3.46082E-2,3.48864E-2,3.29802E-2,3.14215E-2,3.40920E-2,3.35284E-2,2.91684E-2,3.09818E-2,3.10373E-2,3.28155E-2,2.97910E-2,2.95289E-2,2.79254E-2,3.11712E-2,2.97814E-2,3.01170E-2,3.04621E-2,2.96384E-2,2.82495E-2,2.85462E-2,2.86328E-2,2.73499E-2,2.81981E-2,2.71938E-2,2.82133E-2,2.82979E-2,2.52607E-2,2.60281E-2,2.39093E-2,2.44926E-2,2.33064E-2,2.28918E-2,2.21584E-2,1.94746E-2,1.98453E-2,1.88161E-2,1.83068E-2,1.76025E-2,1.65511E-2,1.56102E-2,1.40755E-2,1.46541E-2,1.29578E-2,1.18908E-2,1.22615E-2,1.11613E-2,1.02812E-2,9.05863E-3,9.43123E-3,8.50407E-3,8.98090E-3,8.16443E-3,7.42130E-3,6.96551E-3,6.52997E-3,6.01127E-3,5.16369E-3,5.04987E-3,3.80824E-3,3.89722E-3,3.77887E-3,2.81550E-3,2.02477E-3,1.92185E-3,1.46242E-3,9.28928E-4,6.52170E-4,2.94267E-4,1.68511E-4,-1.53758E-4,-4.03024E-4,-5.58134E-4,-1.32299E-3,-1.54176E-3,-1.84116E-3,-1.63326E-3,-2.25609E-3,-2.60192E-3,-2.51920E-3,-2.99316E-3,-3.10694E-3,-3.55761E-3,-3.56825E-3,-4.06630E-3,-4.47547E-3,-4.75345E-3,-4.92546E-3,-5.20693E-3,-5.20613E-3,-5.49810E-3,-4.97514E-3,-5.95813E-3,-5.83460E-3,-5.29812E-3,-5.39787E-3,-5.52169E-3,-5.43004E-3,-5.31199E-3,-5.03122E-3,-4.79660E-3,-5.01319E-3,-5.16891E-3,-5.12058E-3,-4.55768E-3,-5.53457E-3,-5.43044E-3,-6.13478E-3,-6.24132E-3,-6.24320E-3
1.11529E+3,-2.89264E-4,7.13519E-5,-8.51067E-5,-1.85772E-4,-2.48895E-5,-1.50885E-4,3.10877E-4,-5.30942E-5,5.85838E-5,-4.36270E-5,-1.42989E-4,-1.56891E-5,-6.74055E-5,3.52355E-4,2.65555E-4,1.55619E-3,1.98091E-3,2.84632E-3,5.86127E-3,7.52331E-3,1.15278E-2,1.44375E-2,1.90980E-2,2.17808E-2,2.77118E-2,2.56158E-2,3.18113E-2,3.50036E-2,3.76235E-2,3.75220E-2,3.98004E-2,4.10400E-2,4.17692E-2,4.16623E-2,4.16628E-2,4.14401E-2,4.17573E-2,4.27195E-2,4.28656E-2,4.11371E-2,4.17543E-2,4.06645E-2,4.05286E-2,3.86729E-2,3.80985E-2,3.96554E-2,3.94396E-2,3.82714E-2,3.79292E-2,3.96812E-2,3.80634E-2,3.76652E-2,3.61793E-2,3.69831E-2,3.64353E-2,3.63280E-2,3.62863E-2,3.60290E-2,3.46226E-2,3.47894E-2,3.26756E-2,3.12978E-2,3.39758E-2,3.34041E-2,2.91345E-2,3.09504E-2,3.08080E-2,3.24147E-2,2.95293E-2,2.93516E-2,2.79830E-2,3.08806E-2,2.96603E-2,2.98017E-2,3.03260E-2,2.93005E-2,2.80283E-2,2.83797E-2,2.83120E-2,2.71918E-2,2.80433E-2,2.71082E-2,2.78823E-2,2.80352E-2,2.51208E-2,2.57361E-2,2.37630E-2,2.45433E-2,2.31349E-2,2.25768E-2,2.19940E-2,1.94992E-2,1.96424E-2,1.87147E-2,1.79687E-2,1.75489E-2,1.64893E-2,1.56669E-2,1.39362E-2,1.44937E-2,1.28756E-2,1.17637E-2,1.19840E-2,1.12026E-2,1.00952E-2,9.09739E-3,9.52784E-3,8.11813E-3,8.98185E-3,8.10596E-3,7.21425E-3,6.93591E-3,6.51026E-3,5.80977E-3,5.18886E-3,4.86150E-3,3.89026E-3,3.82534E-3,3.72129E-3,2.83384E-3,1.93735E-3,1.95280E-3,1.53169E-3,9.65073E-4,5.47264E-4,2.00604E-5,1.52123E-4,-2.95499E-4,-5.16568E-4,-7.58576E-4,-1.39158E-3,-1.62421E-3,-1.92839E-3,-1.86271E-3,-2.36986E-3,-2.54875E-3,-2.59570E-3,-3.12608E-3,-3.45032E-3,-3.62263E-3,-3.44573E-3,-4.19263E-3,-4.62732E-3,-4.71035E-3,-4.93500E-3,-5.42037E-3,-5.39623E-3,-5.54847E-3,-5.04486E-3,-5.94313E-3,-5.75580E-3,-5.45167E-3,-5.49586E-3,-5.52565E-3,-5.66724E-3,-5.43759E-3,-5.03139E-3,-4.88781E-3,-5.04728E-3,-5.16407E-3,-5.09405E-3,-4.84143E-3,-5.45675E-3,-5.22274E-3,-6.01336E-3,-6.32782E-3,-6.40357E-3
1.11875E+3,-3.90613E-4,-8.37419E-5,-1.16638E-4,-1.16009E-4,-1.54142E-4,-2.47077E-4,3.25192E-4,5.72061E-5,1.33139E-4,1.97049E-5,5.79085E-5,3.73772E-5,-1.06773E-4,3.86300E-4,1.98166E-4,1.52701E-3,1.97375E-3,2.76991E-3,5.66218E-3,7.21950E-3,1.13564E-2,1.42096E-2,1.88855E-2,2.14378E-2,2.74053E-2,2.56648E-2,3.16070E-2,3.47081E-2,3.75537E-2,3.72383E-2,3.95619E-2,4.09230E-2,4.13638E-2,4.11514E-2,4.15464E-2,4.11641E-2,4.15200E-2,4.23593E-2,4.27511E-2,4.08901E-2,4.16199E-2,4.05765E-2,4.02327E-2,3.86374E-2,3.74617E-2,3.96793E-2,3.92759E-2,3.81210E-2,3.77256E-2,3.94373E-2,3.78040E-2,3.74855E-2,3.58609E-2,3.68778E-2,3.63364E-2,3.60313E-2,3.62869E-2,3.59531E-2,3.46239E-2,3.47343E-2,3.24000E-2,3.12202E-2,3.37245E-2,3.32564E-2,2.88699E-2,3.08064E-2,3.08028E-2,3.22819E-2,2.93236E-2,2.90883E-2,2.77626E-2,3.08937E-2,2.96461E-2,2.96971E-2,3.03976E-2,2.92989E-2,2.81379E-2,2.81656E-2,2.82115E-2,2.71329E-2,2.77602E-2,2.69948E-2,2.78170E-2,2.81032E-2,2.47939E-2,2.55244E-2,2.35729E-2,2.42415E-2,2.31784E-2,2.25551E-2,2.18785E-2,1.94513E-2,1.93899E-2,1.86146E-2,1.79036E-2,1.73647E-2,1.64305E-2,1.55365E-2,1.39059E-2,1.44188E-2,1.26871E-2,1.16106E-2,1.20441E-2,1.09442E-2,1.02222E-2,8.82507E-3,9.39619E-3,7.98351E-3,8.86587E-3,7.97396E-3,7.05975E-3,6.98577E-3,6.49493E-3,5.75961E-3,5.05851E-3,4.86778E-3,3.62937E-3,3.68084E-3,3.64797E-3,2.67085E-3,1.77621E-3,1.88997E-3,1.37613E-3,8.51288E-4,4.43131E-4,-8.21382E-5,1.21511E-4,-2.94382E-4,-6.73367E-4,-6.69316E-4,-1.58833E-3,-1.71327E-3,-1.97411E-3,-2.00065E-3,-2.53173E-3,-2.74926E-3,-2.66055E-3,-3.24099E-3,-3.24776E-3,-3.64855E-3,-3.52513E-3,-4.33298E-3,-4.51683E-3,-4.80396E-3,-5.09919E-3,-5.49974E-3,-5.33154E-3,-5.70862E-3,-5.11059E-3,-6.01540E-3,-5.91692E-3,-5.47428E-3,-5.55165E-3,-5.48049E-3,-5.62042E-3,-5.42829E-3,-5.19478E-3,-4.90818E-3,-4.93578E-3,-5.15067E-3,-5.09968E-3,-4.71129E-3,-5.77072E-3,-5.36038E-3,-6.21033E-3,-6.36985E-3,-6.29602E-3
1.12221E+3,-3.63384E-4,-7.82811E-5,-3.59060E-5,-1.82954E-4,-2.06003E-5,-2.22906E-4,3.27855E-4,1.51079E-4,8.22091E-5,2.44298E-6,-1.01132E-4,-2.11088E-6,-1.83063E-4,3.94851E-4,2.31897E-4,1.53621E-3,1.95645E-3,2.74026E-3,5.60730E-3,7.19262E-3,1.10745E-2,1.38958E-2,1.88398E-2,2.12255E-2,2.70635E-2,2.54887E-2,3.14417E-2,3.44568E-2,3.72726E-2,3.72538E-2,3.92290E-2,4.03820E-2,4.11312E-2,4.09938E-2,4.12351E-2,4.09174E-2,4.13838E-2,4.20234E-2,4.22957E-2,4.08098E-2,4.12041E-2,4.02829E-2,3.99609E-2,3.82299E-2,3.71470E-2,3.91413E-2,3.88566E-2,3.76611E-2,3.75015E-2,3.92557E-2,3.75644E-2,3.72588E-2,3.55027E-2,3.67121E-2,3.61223E-2,3.57916E-2,3.60842E-2,3.57458E-2,3.43639E-2,3.42839E-2,3.24876E-2,3.10137E-2,3.35503E-2,3.32675E-2,2.86646E-2,3.07004E-2,3.04029E-2,3.21428E-2,2.91767E-2,2.87305E-2,2.76646E-2,3.06205E-2,2.92366E-2,2.93664E-2,2.99293E-2,2.90528E-2,2.77994E-2,2.79731E-2,2.78866E-2,2.66243E-2,2.76462E-2,2.68403E-2,2.75489E-2,2.78177E-2,2.45180E-2,2.51926E-2,2.32945E-2,2.40506E-2,2.27050E-2,2.20981E-2,2.14015E-2,1.92638E-2,1.91895E-2,1.82933E-2,1.76071E-2,1.71918E-2,1.63630E-2,1.54403E-2,1.38478E-2,1.40486E-2,1.26130E-2,1.14730E-2,1.18208E-2,1.09124E-2,9.92833E-3,8.76543E-3,9.31463E-3,7.89326E-3,8.73718E-3,7.82603E-3,7.03071E-3,6.61985E-3,6.22056E-3,5.58803E-3,4.91841E-3,4.56239E-3,3.43267E-3,3.50353E-3,3.60043E-3,2.64010E-3,1.60032E-3,1.74747E-3,1.12365E-3,9.61005E-4,2.56690E-4,-4.90543E-5,4.86569E-5,-4.90583E-4,-6.22603E-4,-7.60152E-4,-1.55862E-3,-1.78706E-3,-2.08336E-3,-1.86180E-3,-2.62535E-3,-2.74278E-3,-2.64264E-3,-3.17974E-3,-3.21763E-3,-3.69071E-3,-3.62566E-3,-4.27566E-3,-4.52373E-3,-4.90614E-3,-5.12088E-3,-5.44939E-3,-5.35726E-3,-5.60777E-3,-4.84383E-3,-5.98067E-3,-5.78053E-3,-5.42270E-3,-5.55718E-3,-5.62784E-3,-5.58494E-3,-5.28785E-3,-5.10268E-3,-4.82695E-3,-4.83380E-3,-5.27274E-3,-5.13494E-3,-4.60025E-3,-5.62074E-3,-5.32027E-3,-6.13790E-3,-6.27809E-3,-6.24376E-3
1.12567E+3,-3.72683E-4,-8.09213E-5,-8.15664E-5,-1.39016E-4,-1.05074E-4,-2.00722E-4,2.97894E-4,-5.59145E-5,1.79149E-4,-1.32043E-4,-1.17018E-5,2.10747E-5,-2.35942E-5,4.81838E-4,2.23282E-4,1.36995E-3,1.92603E-3,2.89900E-3,5.42609E-3,7.14112E-3,1.06813E-2,1.37938E-2,1.86293E-2,2.10669E-2,2.68490E-2,2.52487E-2,3.12764E-2,3.42293E-2,3.69817E-2,3.69854E-2,3.88898E-2,4.04591E-2,4.09756E-2,4.09290E-2,4.07594E-2,4.07509E-2,4.11994E-2,4.20135E-2,4.21573E-2,4.03512E-2,4.10524E-2,4.03636E-2,3.96472E-2,3.81084E-2,3.71071E-2,3.89271E-2,3.88169E-2,3.76344E-2,3.74449E-2,3.90510E-2,3.73547E-2,3.69870E-2,3.56350E-2,3.64017E-2,3.59355E-2,3.57963E-2,3.57297E-2,3.55584E-2,3.42660E-2,3.42936E-2,3.22292E-2,3.07920E-2,3.34130E-2,3.30572E-2,2.83750E-2,3.05630E-2,3.03455E-2,3.17706E-2,2.91483E-2,2.88949E-2,2.74683E-2,3.03141E-2,2.90396E-2,2.92042E-2,2.97509E-2,2.89462E-2,2.77097E-2,2.77633E-2,2.76775E-2,2.65205E-2,2.74374E-2,2.66779E-2,2.75863E-2,2.77173E-2,2.44994E-2,2.51914E-2,2.30869E-2,2.38522E-2,2.26934E-2,2.21198E-2,2.14038E-2,1.92079E-2,1.89774E-2,1.82267E-2,1.74714E-2,1.69814E-2,1.61716E-2,1.51784E-2,1.38662E-2,1.40397E-2,1.22151E-2,1.14406E-2,1.18710E-2,1.06803E-2,9.80073E-3,8.79553E-3,9.02133E-3,7.96298E-3,8.58684E-3,7.82241E-3,6.92260E-3,6.71742E-3,6.23537E-3,5.53533E-3,4.81199E-3,4.48324E-3,3.34249E-3,3.59498E-3,3.37665E-3,2.60319E-3,1.54035E-3,1.63742E-3,1.21832E-3,6.77413E-4,4.26627E-4,-1.04429E-4,-1.15673E-4,-4.38483E-4,-7.62836E-4,-9.37253E-4,-1.62908E-3,-1.92265E-3,-2.06235E-3,-1.97202E-3,-2.54019E-3,-2.77459E-3,-2.86680E-3,-3.34909E-3,-3.39719E-3,-3.87999E-3,-3.77184E-3,-4.29604E-3,-4.62076E-3,-4.80505E-3,-5.07468E-3,-5.46485E-3,-5.40623E-3,-5.77398E-3,-5.15132E-3,-6.04385E-3,-5.93178E-3,-5.43379E-3,-5.64100E-3,-5.46635E-3,-5.57560E-3,-5.44587E-3,-5.18845E-3,-5.04547E-3,-4.90622E-3,-5.26702E-3,-5.16993E-3,-4.83253E-3,-5.62289E-3,-5.24212E-3,-6.20206E-3,-6.45440E-3,-6.47330E-3
1.12913E+3,-4.24319E-4,-1.09834E-4,-1.82204E-4,-1.18389E-4,-5.26607E-5,-2.40361E-4,4.51648E-4,-3.71813E-5,2.33006E-4,-5.52520E-5,-6.96933E-6,3.05858E-5,-5.47126E-5,4.17301E-4,1.49341E-4,1.41392E-3,1.87650E-3,2.81883E-3,5.41311E-3,7.22913E-3,1.08526E-2,1.35198E-2,1.84634E-2,2.10108E-2,2.69533E-2,2.54495E-2,3.13232E-2,3.45202E-2,3.70532E-2,3.72477E-2,3.92486E-2,4.05561E-2,4.11471E-2,4.10303E-2,4.09703E-2,4.07950E-2,4.12910E-2,4.19486E-2,4.20987E-2,4.04704E-2,4.12269E-2,4.04204E-2,3.96309E-2,3.82082E-2,3.73184E-2,3.89350E-2,3.89857E-2,3.76252E-2,3.76312E-2,3.93376E-2,3.74290E-2,3.70971E-2,3.56142E-2,3.65715E-2,3.59914E-2,3.56231E-2,3.60740E-2,3.57918E-2,3.44546E-2,3.46228E-2,3.21224E-2,3.09150E-2,3.37000E-2,3.32931E-2,2.83623E-2,3.07040E-2,3.04606E-2,3.18578E-2,2.89842E-2,2.88426E-2,2.75909E-2,3.02759E-2,2.91614E-2,2.94044E-2,2.97914E-2,2.90543E-2,2.77870E-2,2.77108E-2,2.77587E-2,2.65947E-2,2.73108E-2,2.69392E-2,2.73890E-2,2.78403E-2,2.42968E-2,2.50947E-2,2.29692E-2,2.39270E-2,2.27895E-2,2.20788E-2,2.13918E-2,1.91729E-2,1.90760E-2,1.82446E-2,1.73891E-2,1.71641E-2,1.60769E-2,1.52873E-2,1.39118E-2,1.42240E-2,1.24614E-2,1.14046E-2,1.17871E-2,1.07884E-2,9.85272E-3,8.64016E-3,9.05832E-3,8.11411E-3,8.70683E-3,7.62750E-3,6.92190E-3,6.52502E-3,6.30330E-3,5.47322E-3,4.75930E-3,4.53847E-3,3.33071E-3,3.43303E-3,3.31962E-3,2.50845E-3,1.47229E-3,1.72903E-3,1.08141E-3,7.58787E-4,2.66709E-4,-1.22831E-4,9.75907E-5,-6.75964E-4,-8.30973E-4,-1.05859E-3,-1.71582E-3,-1.82977E-3,-2.04377E-3,-2.01911E-3,-2.73955E-3,-2.76718E-3,-2.94211E-3,-3.32094E-3,-3.57819E-3,-3.72773E-3,-3.81270E-3,-4.20903E-3,-4.69097E-3,-4.96241E-3,-5.16191E-3,-5.45668E-3,-5.48185E-3,-5.81325E-3,-5.05476E-3,-6.17623E-3,-6.00405E-3,-5.57998E-3,-5.41737E-3,-5.60366E-3,-5.76015E-3,-5.61604E-3,-5.16270E-3,-5.12575E-3,-5.04266E-3,-5.27708E-3,-5.02466E-3,-4.70668E-3,-5.80230E-3,-5.38296E-3,-6.22022E-3,-6.30637E-3,-6.30385E-3
1.13259E+3,-3.65199E-4,-4.86169E-5,-9.14391E-5,-1.16891E-4,-1.31711E-4,-1.62839E-4,5.35284E-4,-9.33928E-6,3.86537E-5,-7.65765E-5,-5.16810E-5,4.90664E-5,-4.21993E-5,2.64671E-4,2.08817E-4,1.36175E-3,1.82486E-3,2.53377E-3,4.96991E-3,6.44133E-3,9.60416E-3,1.21965E-2,1.63315E-2,1.85589E-2,2.35913E-2,2.23288E-2,2.80401E-2,3.05016E-2,3.37833E-2,3.33538E-2,3.54042E-2,3.66279E-2,3.73163E-2,3.73089E-2,3.75749E-2,3.74257E-2,3.76220E-2,3.84759E-2,3.88634E-2,3.73486E-2,3.80368E-2,3.68808E-2,3.67252E-2,3.49018E-2,3.37626E-2,3.60238E-2,3.57764E-2,3.45565E-2,3.42210E-2,3.56696E-2,3.46780E-2,3.41271E-2,3.25579E-2,3.37246E-2,3.29750E-2,3.32687E-2,3.27821E-2,3.27859E-2,3.12021E-2,3.11543E-2,2.93354E-2,2.83423E-2,2.99732E-2,2.95386E-2,2.58024E-2,2.77430E-2,2.73334E-2,2.86532E-2,2.62002E-2,2.57836E-2,2.47913E-2,2.78902E-2,2.64854E-2,2.70515E-2,2.68379E-2,2.60549E-2,2.50426E-2,2.53572E-2,2.51338E-2,2.40351E-2,2.48022E-2,2.40560E-2,2.47627E-2,2.51129E-2,2.21933E-2,2.26567E-2,2.10174E-2,2.15956E-2,2.05286E-2,1.98775E-2,1.93003E-2,1.74284E-2,1.71755E-2,1.63727E-2,1.56494E-2,1.52255E-2,1.44955E-2,1.33828E-2,1.23330E-2,1.24640E-2,1.08732E-2,1.02382E-2,1.03965E-2,9.15209E-3,8.48921E-3,7.58851E-3,8.14816E-3,6.87103E-3,7.51898E-3,6.58309E-3,5.93771E-3,5.40125E-3,5.17904E-3,4.53932E-3,3.78371E-3,3.65553E-3,2.67631E-3,2.75432E-3,2.78617E-3,1.71735E-3,7.66441E-4,8.73091E-4,5.11605E-4,6.83581E-5,-3.81523E-4,-6.21982E-4,-5.90375E-4,-1.06018E-3,-1.22542E-3,-1.45210E-3,-1.99886E-3,-2.29149E-3,-2.49643E-3,-2.54399E-3,-2.89459E-3,-3.06192E-3,-3.19364E-3,-3.53183E-3,-3.61442E-3,-3.98374E-3,-3.85191E-3,-4.28864E-3,-4.63208E-3,-5.09153E-3,-5.17752E-3,-5.29739E-3,-5.41153E-3,-5.72988E-3,-5.04585E-3,-6.01470E-3,-5.93375E-3,-5.55561E-3,-5.40198E-3,-5.63375E-3,-5.54584E-3,-5.52396E-3,-5.17485E-3,-5.15795E-3,-5.00360E-3,-5.16521E-3,-5.04062E-3,-4.92634E-3,-5.56503E-3,-5.20907E-3,-6.05634E-3,-6.24372E-3,-6.40421E-3
1.13605E+3,-1.80750E-4,-2.21124E-4,-2.19368E-4,-1.77446E-4,-1.22806E-4,-2.46674E-4,2.83795E-4,-7.04102E-6,2.08605E-4,-3.63936E-5,1.00733E-5,7.64043E-5,-1.08340E-4,4.93356E-4,2.47709E-4,1.53161E-3,1.94755E-3,2.84219E-3,5.29789E-3,7.07154E-3,1.03576E-2,1.34643E-2,1.81468E-2,2.05814E-2,2.63686E-2,2.51362E-2,3.09863E-2,3.39338E-2,3.63370E-2,3.68499E-2,3.87516E-2,4.01904E-2,4.05480E-2,4.03662E-2,4.03316E-2,4.03892E-2,4.08439E-2,4.15578E-2,4.15643E-2,4.00963E-2,4.07123E-2,3.99712E-2,3.91712E-2,3.77224E-2,3.68888E-2,3.86155E-2,3.83550E-2,3.73386E-2,3.72467E-2,3.89090E-2,3.68748E-2,3.68139E-2,3.51051E-2,3.60435E-2,3.56823E-2,3.50585E-2,3.57356E-2,3.53101E-2,3.43167E-2,3.40281E-2,3.16908E-2,3.04697E-2,3.32891E-2,3.28659E-2,2.78625E-2,3.04548E-2,2.99873E-2,3.13639E-2,2.85939E-2,2.85332E-2,2.68835E-2,2.97546E-2,2.87713E-2,2.87187E-2,2.94500E-2,2.84278E-2,2.73093E-2,2.72785E-2,2.71146E-2,2.59887E-2,2.67753E-2,2.66325E-2,2.68194E-2,2.72887E-2,2.39409E-2,2.44607E-2,2.25736E-2,2.35248E-2,2.22951E-2,2.15760E-2,2.08888E-2,1.88423E-2,1.86933E-2,1.78483E-2,1.72554E-2,1.68939E-2,1.58340E-2,1.49471E-2,1.35236E-2,1.36650E-2,1.21211E-2,1.10969E-2,1.14745E-2,1.05035E-2,9.57980E-3,8.14779E-3,8.88242E-3,7.85184E-3,8.37943E-3,7.43898E-3,6.75960E-3,6.17763E-3,5.98408E-3,5.41829E-3,4.37354E-3,4.29828E-3,3.37775E-3,3.25184E-3,3.12124E-3,2.39262E-3,1.10404E-3,1.60797E-3,1.00485E-3,4.67323E-4,1.45347E-4,-2.79292E-4,-3.65968E-4,-8.39236E-4,-8.85828E-4,-1.00152E-3,-1.83029E-3,-1.96337E-3,-2.28234E-3,-2.17372E-3,-2.83899E-3,-2.88777E-3,-3.11412E-3,-3.42092E-3,-3.59320E-3,-3.98160E-3,-3.92622E-3,-4.17868E-3,-4.75967E-3,-4.96622E-3,-5.22758E-3,-5.48856E-3,-5.44594E-3,-5.76962E-3,-5.18191E-3,-6.06359E-3,-5.99718E-3,-5.55074E-3,-5.62908E-3,-5.68880E-3,-5.79392E-3,-5.56824E-3,-5.19733E-3,-4.90339E-3,-5.05665E-3,-5.12772E-3,-5.18261E-3,-4.67814E-3,-5.65854E-3,-5.38863E-3,-6.21790E-3,-6.50177E-3,-6.38080E-3
1.13951E+3,-1.68146E-4,-1.93061E-4,-1.30026E-4,-1.79243E-4,-2.14895E-4,-2.02857E-4,3.45928E-4,1.00535E-4,1.56448E-4,4.11446E-5,-9.19192E-5,7.03287E-5,-3.91167E-5,2.68316E-4,2.36565E-4,1.47985E-3,1.76335E-3,2.54744E-3,5.07103E-3,6.83623E-3,1.00583E-2,1.28183E-2,1.74927E-2,1.94964E-2,2.53428E-2,2.42967E-2,2.99905E-2,3.28188E-2,3.54682E-2,3.57119E-2,3.79244E-2,3.90905E-2,3.95480E-2,3.94822E-2,3.96377E-2,3.94227E-2,4.00187E-2,4.03699E-2,4.06170E-2,3.93033E-2,3.96341E-2,3.89185E-2,3.83591E-2,3.71397E-2,3.60024E-2,3.77316E-2,3.75895E-2,3.64896E-2,3.64176E-2,3.78345E-2,3.62680E-2,3.57058E-2,3.45776E-2,3.53762E-2,3.48358E-2,3.44734E-2,3.47068E-2,3.45459E-2,3.33717E-2,3.33247E-2,3.11285E-2,2.96605E-2,3.23097E-2,3.19321E-2,2.70100E-2,2.95035E-2,2.92646E-2,3.05482E-2,2.78417E-2,2.75483E-2,2.62552E-2,2.91437E-2,2.80037E-2,2.84086E-2,2.86085E-2,2.75507E-2,2.66676E-2,2.64091E-2,2.64786E-2,2.54513E-2,2.60505E-2,2.61064E-2,2.61919E-2,2.65699E-2,2.34183E-2,2.40880E-2,2.19603E-2,2.28073E-2,2.18252E-2,2.08260E-2,2.04124E-2,1.83963E-2,1.82665E-2,1.73873E-2,1.68425E-2,1.63865E-2,1.53446E-2,1.45604E-2,1.31721E-2,1.33078E-2,1.16776E-2,1.05930E-2,1.10190E-2,9.84888E-3,9.06303E-3,8.07901E-3,8.62505E-3,7.45224E-3,8.19455E-3,7.15744E-3,6.43347E-3,5.85518E-3,5.68335E-3,4.99349E-3,4.18703E-3,4.11108E-3,3.05134E-3,2.95132E-3,3.06745E-3,2.00456E-3,1.06536E-3,1.22127E-3,6.95481E-4,2.68755E-4,-5.60319E-5,-5.13711E-4,-4.10959E-4,-9.11428E-4,-8.74973E-4,-1.23599E-3,-2.00308E-3,-2.23460E-3,-2.27061E-3,-2.28730E-3,-2.68818E-3,-3.02563E-3,-3.07969E-3,-3.47020E-3,-3.69065E-3,-3.99466E-3,-3.95441E-3,-4.41667E-3,-4.71776E-3,-4.99520E-3,-5.15240E-3,-5.48370E-3,-5.47958E-3,-5.70396E-3,-5.19444E-3,-6.00375E-3,-6.14036E-3,-5.55776E-3,-5.48880E-3,-5.64553E-3,-5.73385E-3,-5.63182E-3,-5.31417E-3,-5.08114E-3,-4.99349E-3,-5.14842E-3,-4.97865E-3,-4.85314E-3,-5.67813E-3,-5.44507E-3,-6.27495E-3,-6.14240E-3,-6.45658E-3
1.14298E+3,-1.24359E-4,-1.69481E-4,-1.18148E-4,-2.84253E-4,2.53385E-5,-2.38739E-4,4.08149E-4,4.20978E-5,2.66833E-5,-2.10860E-5,7.76687E-5,-3.98701E-5,-1.13382E-4,2.73271E-4,2.56110E-4,1.48786E-3,1.94115E-3,2.64086E-3,5.06288E-3,6.58646E-3,9.93565E-3,1.24615E-2,1.71516E-2,1.93812E-2,2.50844E-2,2.38867E-2,2.97856E-2,3.25898E-2,3.49257E-2,3.54220E-2,3.72527E-2,3.86679E-2,3.92796E-2,3.89166E-2,3.90065E-2,3.90087E-2,3.96527E-2,4.00829E-2,4.03473E-2,3.88566E-2,3.93913E-2,3.87452E-2,3.78159E-2,3.68183E-2,3.57895E-2,3.74586E-2,3.71505E-2,3.59935E-2,3.60798E-2,3.73954E-2,3.57763E-2,3.56395E-2,3.42923E-2,3.49493E-2,3.43982E-2,3.41645E-2,3.45044E-2,3.42315E-2,3.30442E-2,3.29403E-2,3.08956E-2,2.94375E-2,3.19651E-2,3.19027E-2,2.69382E-2,2.93167E-2,2.89733E-2,3.04256E-2,2.74972E-2,2.74137E-2,2.60003E-2,2.88251E-2,2.78428E-2,2.81374E-2,2.83034E-2,2.73584E-2,2.65864E-2,2.62737E-2,2.63227E-2,2.54865E-2,2.61240E-2,2.56772E-2,2.59594E-2,2.63486E-2,2.32031E-2,2.37150E-2,2.19192E-2,2.25990E-2,2.16649E-2,2.08800E-2,2.02428E-2,1.84616E-2,1.82463E-2,1.73975E-2,1.65115E-2,1.63797E-2,1.50865E-2,1.43903E-2,1.31655E-2,1.32163E-2,1.15635E-2,1.07488E-2,1.10558E-2,9.81236E-3,9.10857E-3,8.04488E-3,8.51125E-3,7.37768E-3,8.12202E-3,7.14740E-3,6.47652E-3,6.00119E-3,5.46284E-3,5.05180E-3,4.25089E-3,4.07206E-3,2.91201E-3,3.20106E-3,3.00115E-3,1.92995E-3,1.00806E-3,1.40917E-3,5.84773E-4,2.74676E-4,-1.70766E-4,-4.62535E-4,-5.15140E-4,-9.66988E-4,-1.08420E-3,-1.25975E-3,-2.14249E-3,-2.25665E-3,-2.43731E-3,-2.12257E-3,-2.99499E-3,-2.99665E-3,-3.22988E-3,-3.56091E-3,-3.58117E-3,-3.98835E-3,-3.72909E-3,-4.44113E-3,-4.79452E-3,-5.14588E-3,-5.21172E-3,-5.55747E-3,-5.60739E-3,-5.82795E-3,-5.21609E-3,-6.09333E-3,-5.96856E-3,-5.71572E-3,-5.58510E-3,-5.85017E-3,-5.86483E-3,-5.58317E-3,-5.27446E-3,-5.10300E-3,-4.98811E-3,-5.16418E-3,-5.09717E-3,-4.66478E-3,-5.88251E-3,-5.30302E-3,-6.05928E-3,-6.37942E-3,-6.41090E-3
1.14644E+3,-7.24616E-5,-1.45861E-4,-1.57894E-4,-3.34396E-4,-7.69549E-5,-2.64882E-4,3.63709E-4,1.67061E-4,3.12581E-5,7.32318E-5,-7.88009E-5,6.81399E-5,-6.94475E-5,3.23148E-4,1.74151E-4,1.47090E-3,1.88488E-3,2.70440E-3,5.29247E-3,6.77826E-3,9.59470E-3,1.23405E-2,1.69947E-2,1.90405E-2,2.48806E-2,2.37526E-2,2.95454E-2,3.21055E-2,3.49433E-2,3.52515E-2,3.71190E-2,3.84193E-2,3.87293E-2,3.86326E-2,3.87813E-2,3.89339E-2,3.95163E-2,4.00332E-2,4.00677E-2,3.85262E-2,3.90861E-2,3.84690E-2,3.74827E-2,3.65464E-2,3.54453E-2,3.72216E-2,3.70309E-2,3.58940E-2,3.58193E-2,3.71330E-2,3.54011E-2,3.52743E-2,3.42344E-2,3.45700E-2,3.44012E-2,3.39591E-2,3.42549E-2,3.37789E-2,3.26527E-2,3.29945E-2,3.03287E-2,2.92664E-2,3.18757E-2,3.16674E-2,2.65420E-2,2.94110E-2,2.86539E-2,2.99807E-2,2.72257E-2,2.71153E-2,2.57720E-2,2.83882E-2,2.74904E-2,2.78315E-2,2.80409E-2,2.71282E-2,2.61876E-2,2.59757E-2,2.59308E-2,2.49743E-2,2.56049E-2,2.55384E-2,2.57103E-2,2.58239E-2,2.29653E-2,2.35180E-2,2.14814E-2,2.22706E-2,2.13246E-2,2.04746E-2,2.00539E-2,1.82119E-2,1.76560E-2,1.71625E-2,1.63668E-2,1.60448E-2,1.48811E-2,1.41309E-2,1.29059E-2,1.31004E-2,1.13363E-2,1.05437E-2,1.09634E-2,9.75222E-3,8.83605E-3,8.06142E-3,8.33565E-3,7.51336E-3,7.91694E-3,7.09530E-3,6.20117E-3,6.06521E-3,5.40825E-3,4.71592E-3,3.96774E-3,3.87052E-3,2.82076E-3,2.92291E-3,2.95077E-3,2.14964E-3,8.69848E-4,1.27355E-3,5.90002E-4,2.36232E-4,-1.41535E-4,-5.64603E-4,-6.37740E-4,-1.03874E-3,-1.10014E-3,-1.42749E-3,-2.24241E-3,-2.12972E-3,-2.44717E-3,-2.22781E-3,-2.76737E-3,-3.11230E-3,-3.19923E-3,-3.53271E-3,-3.59449E-3,-4.18359E-3,-3.92215E-3,-4.37684E-3,-4.88533E-3,-5.08887E-3,-5.24463E-3,-5.54864E-3,-5.61865E-3,-5.83962E-3,-5.15079E-3,-6.15850E-3,-5.98855E-3,-5.60388E-3,-5.44005E-3,-5.85822E-3,-5.87730E-3,-5.55005E-3,-5.41809E-3,-5.14826E-3,-4.99977E-3,-5.00532E-3,-4.96223E-3,-4.71779E-3,-5.64762E-3,-5.36120E-3,-6.05189E-3,-6.13022E-3,-6.27693E-3
1.14991E+3,-2.41632E-4,-8.25909E-5,-2.23971E-4,-2.25142E-4,-1.80834E-4,-1.23973E-4,4.84180E-4,-9.48251E-5,6.62843E-6,2.08962E-4,-1.26233E-5,-3.22620E-5,-1.24979E-4,3.71961E-4,2.71101E-4,1.39405E-3,1.71806E-3,2.63943E-3,4.93110E-3,6.62804E-3,9.53709E-3,1.21616E-2,1.67429E-2,1.89684E-2,2.44277E-2,2.34464E-2,2.90613E-2,3.19976E-2,3.44412E-2,3.49887E-2,3.67798E-2,3.79527E-2,3.84580E-2,3.82541E-2,3.84822E-2,3.83094E-2,3.90687E-2,3.94141E-2,3.95081E-2,3.81354E-2,3.87718E-2,3.80690E-2,3.74338E-2,3.62296E-2,3.53959E-2,3.67540E-2,3.65061E-2,3.51918E-2,3.55808E-2,3.69538E-2,3.50288E-2,3.49471E-2,3.37852E-2,3.43728E-2,3.40196E-2,3.35543E-2,3.38147E-2,3.34120E-2,3.24477E-2,3.24468E-2,2.99262E-2,2.89065E-2,3.14013E-2,3.11845E-2,2.60365E-2,2.89173E-2,2.83792E-2,2.94959E-2,2.68560E-2,2.68838E-2,2.53100E-2,2.82157E-2,2.71132E-2,2.76938E-2,2.76220E-2,2.64534E-2,2.57991E-2,2.57331E-2,2.56470E-2,2.46601E-2,2.54267E-2,2.49683E-2,2.51944E-2,2.56744E-2,2.26560E-2,2.30449E-2,2.14275E-2,2.20331E-2,2.09395E-2,2.03881E-2,1.97269E-2,1.80914E-2,1.75109E-2,1.67329E-2,1.58943E-2,1.59761E-2,1.46377E-2,1.39188E-2,1.29000E-2,1.26895E-2,1.12639E-2,1.04722E-2,1.05985E-2,9.27179E-3,8.63921E-3,7.69211E-3,8.23613E-3,7.09463E-3,8.01739E-3,6.96789E-3,5.94191E-3,5.60888E-3,5.24327E-3,4.67672E-3,3.90413E-3,3.79936E-3,2.72970E-3,2.81577E-3,2.67395E-3,1.83177E-3,8.78547E-4,1.08997E-3,2.04688E-4,6.37632E-6,-2.03313E-4,-7.70116E-4,-5.96367E-4,-1.25565E-3,-1.31011E-3,-1.33491E-3,-2.28607E-3,-2.23073E-3,-2.63541E-3,-2.21987E-3,-3.12907E-3,-3.15998E-3,-3.11391E-3,-3.54046E-3,-3.83782E-3,-4.04070E-3,-3.97883E-3,-4.56726E-3,-4.89431E-3,-5.12705E-3,-5.28129E-3,-5.70784E-3,-5.55742E-3,-5.84143E-3,-5.30445E-3,-6.15213E-3,-6.13959E-3,-5.75531E-3,-5.67120E-3,-5.71813E-3,-5.77580E-3,-5.39681E-3,-5.30722E-3,-5.19242E-3,-4.92113E-3,-5.00622E-3,-5.10434E-3,-4.55428E-3,-5.59517E-3,-5.35637E-3,-5.98992E-3,-6.23147E-3,-6.12487E-3
1.15337E+3,-1.37617E-4,-5.42455E-5,-1.66722E-4,-3.84786E-4,-2.68354E-5,-2.03690E-4,4.65319E-4,6.74832E-5,-1.07735E-4,-4.02738E-5,-4.95358E-6,3.96327E-5,3.41991E-5,3.61942E-4,1.58282E-4,1.36857E-3,1.85878E-3,2.74082E-3,5.08103E-3,6.37590E-3,9.24812E-3,1.18955E-2,1.64047E-2,1.84076E-2,2.39606E-2,2.32063E-2,2.89014E-2,3.16190E-2,3.42830E-2,3.46658E-2,3.61836E-2,3.75934E-2,3.81872E-2,3.79965E-2,3.80774E-2,3.82098E-2,3.85592E-2,3.93268E-2,3.90854E-2,3.79257E-2,3.86428E-2,3.77423E-2,3.69995E-2,3.59338E-2,3.51054E-2,3.63198E-2,3.60965E-2,3.51214E-2,3.51092E-2,3.66215E-2,3.48442E-2,3.45216E-2,3.34803E-2,3.42408E-2,3.37338E-2,3.30905E-2,3.34697E-2,3.33289E-2,3.20830E-2,3.19214E-2,2.95552E-2,2.87437E-2,3.12617E-2,3.08944E-2,2.58186E-2,2.87569E-2,2.80606E-2,2.93588E-2,2.67137E-2,2.66052E-2,2.52700E-2,2.77442E-2,2.69603E-2,2.74233E-2,2.74675E-2,2.64583E-2,2.54993E-2,2.53893E-2,2.53414E-2,2.43496E-2,2.49970E-2,2.48583E-2,2.49567E-2,2.52747E-2,2.23467E-2,2.27588E-2,2.08538E-2,2.15561E-2,2.08069E-2,2.00828E-2,1.94987E-2,1.77048E-2,1.73212E-2,1.67747E-2,1.57254E-2,1.57905E-2,1.43661E-2,1.37480E-2,1.21732E-2,1.23878E-2,1.11031E-2,1.01612E-2,1.03027E-2,9.19006E-3,8.41858E-3,7.45084E-3,8.08527E-3,6.96358E-3,7.78935E-3,6.57091E-3,5.95694E-3,5.36310E-3,5.11458E-3,4.50807E-3,3.58938E-3,3.42683E-3,2.65573E-3,2.55463E-3,2.65866E-3,1.74145E-3,5.48855E-4,1.05149E-3,3.00765E-4,-1.01700E-4,-4.92071E-4,-6.68612E-4,-7.04370E-4,-1.35892E-3,-1.33655E-3,-1.36922E-3,-2.36704E-3,-2.34905E-3,-2.52478E-3,-2.36375E-3,-3.27255E-3,-3.13369E-3,-3.32792E-3,-3.60455E-3,-3.98610E-3,-4.08318E-3,-4.05854E-3,-4.61018E-3,-4.99291E-3,-5.04975E-3,-5.40587E-3,-5.68792E-3,-5.65539E-3,-5.85202E-3,-5.33549E-3,-6.09649E-3,-6.22012E-3,-5.61463E-3,-5.51061E-3,-5.68196E-3,-5.80577E-3,-5.58063E-3,-5.42273E-3,-5.19191E-3,-4.99127E-3,-5.15184E-3,-5.07405E-3,-4.89466E-3,-5.73918E-3,-5.38679E-3,-5.97128E-3,-6.35036E-3,-6.29566E-3
1.15684E+3,-1.76855E-4,3.73551E-5,-9.58097E-5,-2.89295E-4,-2.36709E-4,-1.32540E-4,4.46634E-4,1.48713E-5,-4.62321E-5,6.24308E-5,8.62809E-6,-1.08793E-4,-1.29910E-4,4.48639E-4,1.97585E-4,1.32686E-3,1.67085E-3,2.52964E-3,4.87000E-3,6.44626E-3,8.98498E-3,1.16719E-2,1.61547E-2,1.81486E-2,2.34582E-2,2.30452E-2,2.84961E-2,3.11421E-2,3.35734E-2,3.42608E-2,3.57705E-2,3.71536E-2,3.77010E-2,3.72665E-2,3.76620E-2,3.77633E-2,3.81775E-2,3.87506E-2,3.85778E-2,3.76109E-2,3.80286E-2,3.76140E-2,3.65139E-2,3.54485E-2,3.43301E-2,3.59328E-2,3.58523E-2,3.49301E-2,3.47508E-2,3.61844E-2,3.43571E-2,3.41521E-2,3.31691E-2,3.33744E-2,3.31293E-2,3.28301E-2,3.32699E-2,3.28164E-2,3.19816E-2,3.16824E-2,2.89277E-2,2.83402E-2,3.07813E-2,3.04553E-2,2.54845E-2,2.85293E-2,2.77730E-2,2.88969E-2,2.61666E-2,2.63340E-2,2.49142E-2,2.73048E-2,2.63606E-2,2.69450E-2,2.69146E-2,2.59025E-2,2.52107E-2,2.48494E-2,2.48034E-2,2.38193E-2,2.44967E-2,2.46850E-2,2.45347E-2,2.50600E-2,2.19335E-2,2.23774E-2,2.04347E-2,2.15343E-2,2.06379E-2,1.96171E-2,1.92368E-2,1.73412E-2,1.73022E-2,1.62464E-2,1.57466E-2,1.53479E-2,1.42117E-2,1.35157E-2,1.21713E-2,1.21121E-2,1.08885E-2,9.81361E-3,1.03582E-2,9.07958E-3,8.21169E-3,7.46902E-3,7.70243E-3,6.96535E-3,7.58774E-3,6.39799E-3,5.66859E-3,5.29323E-3,4.98754E-3,4.35235E-3,3.36167E-3,3.59284E-3,2.40058E-3,2.50585E-3,2.39854E-3,1.63178E-3,3.50862E-4,9.15741E-4,8.12676E-5,-3.57283E-5,-6.59132E-4,-9.07486E-4,-9.63508E-4,-1.48838E-3,-1.48238E-3,-1.65257E-3,-2.38692E-3,-2.54763E-3,-2.73270E-3,-2.52948E-3,-3.20180E-3,-3.32469E-3,-3.35030E-3,-3.74884E-3,-4.06243E-3,-4.29804E-3,-4.11206E-3,-4.42541E-3,-4.99898E-3,-5.22951E-3,-5.40182E-3,-5.67711E-3,-5.62073E-3,-6.09308E-3,-5.40396E-3,-6.15898E-3,-6.11782E-3,-5.64188E-3,-5.53528E-3,-5.86355E-3,-5.74745E-3,-5.78668E-3,-5.54693E-3,-5.22231E-3,-4.89655E-3,-5.27297E-3,-5.18766E-3,-4.79021E-3,-5.67980E-3,-5.53254E-3,-6.11288E-3,-6.32881E-3,-6.32503E-3
1.16031E+3,-2.73836E-4,-1.51484E-4,-2.28836E-4,-2.11576E-4,-2.11918E-4,-6.58378E-5,3.08642E-4,-9.01682E-5,5.79501E-6,-3.78677E-5,1.67955E-4,6.74325E-5,2.49464E-5,3.58917E-4,3.37835E-4,1.43230E-3,1.66418E-3,2.59228E-3,4.82938E-3,6.10009E-3,8.90180E-3,1.13471E-2,1.58775E-2,1.78483E-2,2.30854E-2,2.26616E-2,2.81649E-2,3.10272E-2,3.34086E-2,3.39447E-2,3.53036E-2,3.68604E-2,3.74136E-2,3.71074E-2,3.70333E-2,3.75007E-2,3.79668E-2,3.82828E-2,3.85531E-2,3.71145E-2,3.78484E-2,3.71626E-2,3.60154E-2,3.52708E-2,3.44022E-2,3.55545E-2,3.53543E-2,3.47266E-2,3.46623E-2,3.58609E-2,3.40996E-2,3.40038E-2,3.28606E-2,3.32668E-2,3.30171E-2,3.27908E-2,3.29135E-2,3.26024E-2,3.16430E-2,3.13461E-2,2.90848E-2,2.81953E-2,3.06724E-2,3.06230E-2,2.53596E-2,2.83765E-2,2.77479E-2,2.87520E-2,2.58841E-2,2.62261E-2,2.45902E-2,2.72384E-2,2.63740E-2,2.70441E-2,2.66611E-2,2.58100E-2,2.50977E-2,2.48495E-2,2.48426E-2,2.36890E-2,2.43338E-2,2.43826E-2,2.43030E-2,2.48901E-2,2.21384E-2,2.22093E-2,2.05299E-2,2.13866E-2,2.05064E-2,1.95084E-2,1.92108E-2,1.73821E-2,1.72419E-2,1.63260E-2,1.54224E-2,1.53319E-2,1.41800E-2,1.35060E-2,1.25031E-2,1.24487E-2,1.08191E-2,9.87563E-3,1.02629E-2,8.86778E-3,8.18674E-3,7.28097E-3,7.52711E-3,6.80420E-3,7.58803E-3,6.45632E-3,5.63597E-3,5.16321E-3,4.77697E-3,4.34597E-3,3.39021E-3,3.45649E-3,2.39506E-3,2.51584E-3,2.27900E-3,1.57133E-3,2.22144E-4,8.65969E-4,7.67874E-5,-1.98090E-4,-4.50341E-4,-9.84847E-4,-8.46997E-4,-1.51295E-3,-1.41310E-3,-1.71356E-3,-2.33833E-3,-2.32289E-3,-2.67095E-3,-2.69947E-3,-3.26160E-3,-3.33362E-3,-3.42781E-3,-3.80728E-3,-4.22666E-3,-4.46027E-3,-4.04618E-3,-4.49364E-3,-5.01994E-3,-5.29655E-3,-5.37448E-3,-5.66100E-3,-5.75920E-3,-5.97243E-3,-5.45727E-3,-6.14692E-3,-6.01817E-3,-5.55142E-3,-5.54934E-3,-5.73531E-3,-5.77089E-3,-5.56587E-3,-5.33371E-3,-5.19034E-3,-4.88883E-3,-5.33468E-3,-5.03681E-3,-4.83539E-3,-5.58724E-3,-5.29445E-3,-6.16334E-3,-6.12073E-3,-6.30044E-3
1.16377E+3,-4.22161E-4,-1.76122E-4,-4.01694E-5,-2.09077E-4,-1.60594E-4,-1.69288E-4,5.76976E-4,1.59654E-4,9.47372E-5,-1.86735E-4,-1.57017E-4,7.01771E-5,-2.65425E-5,4.59540E-4,1.86622E-4,1.54077E-3,1.68408E-3,2.40123E-3,4.67542E-3,6.22758E-3,8.78925E-3,1.12764E-2,1.56589E-2,1.75755E-2,2.27288E-2,2.26989E-2,2.76897E-2,3.07116E-2,3.29845E-2,3.35619E-2,3.51209E-2,3.65590E-2,3.71105E-2,3.65990E-2,3.68974E-2,3.71559E-2,3.75883E-2,3.79448E-2,3.81915E-2,3.68940E-2,3.73896E-2,3.67762E-2,3.58341E-2,3.49283E-2,3.39706E-2,3.52570E-2,3.49873E-2,3.43120E-2,3.41036E-2,3.56112E-2,3.36240E-2,3.39150E-2,3.27632E-2,3.30429E-2,3.28353E-2,3.24450E-2,3.24179E-2,3.22783E-2,3.14921E-2,3.09855E-2,2.87274E-2,2.78839E-2,3.01808E-2,3.00378E-2,2.50098E-2,2.80430E-2,2.74106E-2,2.82209E-2,2.55702E-2,2.59503E-2,2.43559E-2,2.69984E-2,2.57939E-2,2.69522E-2,2.63363E-2,2.53378E-2,2.45912E-2,2.45151E-2,2.46311E-2,2.35969E-2,2.39226E-2,2.38983E-2,2.42364E-2,2.43994E-2,2.17682E-2,2.18444E-2,2.01630E-2,2.09216E-2,2.03528E-2,1.92949E-2,1.87804E-2,1.72503E-2,1.72797E-2,1.63699E-2,1.52005E-2,1.53819E-2,1.39914E-2,1.31849E-2,1.17633E-2,1.20900E-2,1.06449E-2,9.99717E-3,1.01714E-2,8.85830E-3,8.05381E-3,7.11403E-3,7.54624E-3,6.44994E-3,7.51733E-3,6.23229E-3,5.63071E-3,5.12256E-3,4.73156E-3,4.08342E-3,3.22519E-3,3.40479E-3,2.44771E-3,2.36321E-3,2.40108E-3,1.23652E-3,1.79110E-4,5.97486E-4,-1.95878E-4,-3.83626E-4,-6.28970E-4,-1.05963E-3,-8.55018E-4,-1.69359E-3,-1.57062E-3,-1.89167E-3,-2.40057E-3,-2.51011E-3,-2.82376E-3,-2.62538E-3,-3.33570E-3,-3.49300E-3,-3.29196E-3,-3.95222E-3,-4.02705E-3,-4.43951E-3,-4.13862E-3,-4.72807E-3,-4.94275E-3,-5.23774E-3,-5.42376E-3,-5.66437E-3,-5.73355E-3,-6.05096E-3,-5.23809E-3,-6.08186E-3,-6.17705E-3,-5.59563E-3,-5.38614E-3,-5.93295E-3,-5.72100E-3,-5.52091E-3,-5.30177E-3,-4.98263E-3,-4.97621E-3,-5.09022E-3,-5.26295E-3,-4.74943E-3,-5.67952E-3,-5.28672E-3,-6.13848E-3,-6.30039E-3,-6.33646E-3
1.16724E+3,-3.63136E-4,3.60961E-5,-1.74948E-4,-2.70376E-4,-8.08833E-5,-2.04216E-4,5.89538E-4,8.68638E-6,-1.80574E-4,-4.31087E-5,1.46154E-4,6.19961E-5,-5.08755E-5,3.25912E-4,1.99735E-4,1.40635E-3,1.79797E-3,2.51520E-3,4.90642E-3,6.03461E-3,8.45144E-3,1.11323E-2,1.54263E-2,1.74491E-2,2.24887E-2,2.21130E-2,2.76472E-2,3.04713E-2,3.28006E-2,3.33194E-2,3.48713E-2,3.60668E-2,3.65654E-2,3.61683E-2,3.65847E-2,3.67186E-2,3.71012E-2,3.76406E-2,3.75004E-2,3.64695E-2,3.69468E-2,3.65724E-2,3.55763E-2,3.48075E-2,3.36537E-2,3.49665E-2,3.48583E-2,3.39427E-2,3.39032E-2,3.51487E-2,3.32262E-2,3.34326E-2,3.24865E-2,3.28760E-2,3.25259E-2,3.19869E-2,3.21673E-2,3.17112E-2,3.10763E-2,3.08929E-2,2.82886E-2,2.75545E-2,2.97975E-2,2.98581E-2,2.48481E-2,2.76615E-2,2.70413E-2,2.81485E-2,2.55123E-2,2.58021E-2,2.42617E-2,2.66650E-2,2.56212E-2,2.65265E-2,2.60913E-2,2.52191E-2,2.42456E-2,2.42780E-2,2.42857E-2,2.34779E-2,2.38255E-2,2.37941E-2,2.36439E-2,2.43087E-2,2.12793E-2,2.15266E-2,2.00592E-2,2.05627E-2,2.00533E-2,1.91387E-2,1.85389E-2,1.69724E-2,1.68692E-2,1.61424E-2,1.48737E-2,1.51440E-2,1.39803E-2,1.28493E-2,1.18024E-2,1.18554E-2,1.05854E-2,9.76376E-3,9.99281E-3,8.65110E-3,7.81851E-3,7.12677E-3,7.15355E-3,6.51824E-3,7.32292E-3,6.21201E-3,5.63370E-3,4.90875E-3,4.61944E-3,3.91663E-3,3.44272E-3,3.30033E-3,2.39264E-3,2.14468E-3,2.22266E-3,1.30617E-3,2.13057E-4,7.61269E-4,-2.13054E-4,-2.65445E-4,-8.84735E-4,-1.14819E-3,-9.54625E-4,-1.58248E-3,-1.56046E-3,-1.82240E-3,-2.53345E-3,-2.63433E-3,-2.63745E-3,-2.57779E-3,-3.37328E-3,-3.45667E-3,-3.40499E-3,-3.78436E-3,-3.96279E-3,-4.34616E-3,-3.96252E-3,-4.72560E-3,-4.93308E-3,-5.30336E-3,-5.37698E-3,-5.71243E-3,-5.73659E-3,-5.90246E-3,-5.48468E-3,-6.33109E-3,-6.17638E-3,-5.62791E-3,-5.62782E-3,-5.76515E-3,-5.68082E-3,-5.61834E-3,-5.65828E-3,-5.13765E-3,-4.99419E-3,-5.10271E-3,-5.14278E-3,-4.83946E-3,-5.68790E-3,-5.17436E-3,-5.97966E-3,-6.12542E-3,-6.34368E-3
1.17071E+3,-3.48956E-4,6.65692E-5,-1.11609E-4,-4.90895E-5,-1.45532E-4,-1.30188E-4,4.67213E-4,4.01156E-5,-4.17641E-5,-4.54048E-5,-6.59453E-5,1.18219E-5,-1.25584E-4,2.55427E-4,2.22926E-4,1.43661E-3,1.66598E-3,2.41233E-3,4.52937E-3,5.72134E-3,8.33277E-3,1.06426E-2,1.47757E-2,1.69451E-2,2.20327E-2,2.18367E-2,2.69520E-2,3.00367E-2,3.23626E-2,3.28091E-2,3.43450E-2,3.55777E-2,3.61745E-2,3.57302E-2,3.61892E-2,3.63209E-2,3.67193E-2,3.73099E-2,3.69800E-2,3.61606E-2,3.65403E-2,3.60557E-2,3.49660E-2,3.44256E-2,3.33029E-2,3.44855E-2,3.43440E-2,3.36162E-2,3.34160E-2,3.48639E-2,3.29925E-2,3.30247E-2,3.20331E-2,3.23824E-2,3.19002E-2,3.17063E-2,3.18135E-2,3.18221E-2,3.03923E-2,3.05420E-2,2.79166E-2,2.72893E-2,2.95798E-2,2.93789E-2,2.43098E-2,2.74500E-2,2.65047E-2,2.78019E-2,2.48306E-2,2.54403E-2,2.36784E-2,2.61066E-2,2.54523E-2,2.64477E-2,2.54797E-2,2.48920E-2,2.39162E-2,2.38174E-2,2.37424E-2,2.30066E-2,2.33912E-2,2.33892E-2,2.35953E-2,2.39097E-2,2.11008E-2,2.13779E-2,1.97538E-2,2.04714E-2,1.96533E-2,1.86746E-2,1.85068E-2,1.67948E-2,1.65440E-2,1.57091E-2,1.44249E-2,1.47157E-2,1.35877E-2,1.27847E-2,1.18237E-2,1.15550E-2,1.03999E-2,9.08253E-3,9.67138E-3,8.47366E-3,7.71446E-3,7.13254E-3,7.34480E-3,6.37448E-3,7.12242E-3,5.76514E-3,4.96909E-3,4.86015E-3,4.45158E-3,3.89494E-3,3.00580E-3,2.85637E-3,2.22578E-3,2.02930E-3,1.88422E-3,1.22543E-3,-1.82347E-5,4.79811E-4,-2.83834E-4,-3.84020E-4,-9.67357E-4,-1.19865E-3,-9.40167E-4,-1.82635E-3,-1.75860E-3,-1.90773E-3,-2.61264E-3,-2.59284E-3,-2.87832E-3,-2.67277E-3,-3.41090E-3,-3.47748E-3,-3.68196E-3,-3.89425E-3,-4.04567E-3,-4.24854E-3,-4.42252E-3,-4.63940E-3,-5.09917E-3,-5.33018E-3,-5.49118E-3,-5.73574E-3,-5.75221E-3,-5.95412E-3,-5.27950E-3,-6.23703E-3,-6.21075E-3,-6.00618E-3,-5.60997E-3,-5.69779E-3,-5.72917E-3,-5.71738E-3,-5.41110E-3,-5.25046E-3,-5.07466E-3,-5.08384E-3,-5.27697E-3,-4.92224E-3,-5.57349E-3,-5.39339E-3,-6.15970E-3,-6.09404E-3,-6.13552E-3
1.17418E+3,-4.57744E-4,4.31528E-5,-1.88465E-4,-1.24125E-4,-2.09225E-4,-6.37478E-5,3.65360E-4,4.14343E-5,-8.44284E-5,1.81396E-5,9.49413E-5,-1.85382E-5,7.21706E-5,3.63124E-4,1.47950E-4,1.37506E-3,1.67025E-3,2.40380E-3,4.78412E-3,5.72906E-3,8.20470E-3,1.05579E-2,1.49295E-2,1.66883E-2,2.16624E-2,2.17205E-2,2.67802E-2,2.96238E-2,3.19460E-2,3.25408E-2,3.40818E-2,3.52069E-2,3.58828E-2,3.55414E-2,3.59213E-2,3.60438E-2,3.61936E-2,3.69348E-2,3.69180E-2,3.57471E-2,3.62072E-2,3.58395E-2,3.46620E-2,3.42885E-2,3.30318E-2,3.41365E-2,3.38812E-2,3.32697E-2,3.34326E-2,3.46417E-2,3.26710E-2,3.27853E-2,3.19098E-2,3.23330E-2,3.17624E-2,3.14842E-2,3.15300E-2,3.15172E-2,3.04947E-2,3.02163E-2,2.78503E-2,2.69827E-2,2.92071E-2,2.90656E-2,2.41907E-2,2.72844E-2,2.65005E-2,2.75150E-2,2.47310E-2,2.53103E-2,2.35713E-2,2.59518E-2,2.50813E-2,2.61936E-2,2.54245E-2,2.42498E-2,2.36506E-2,2.35337E-2,2.38560E-2,2.29410E-2,2.33683E-2,2.30295E-2,2.31053E-2,2.35735E-2,2.08962E-2,2.11686E-2,1.94236E-2,2.02506E-2,1.96705E-2,1.86165E-2,1.82063E-2,1.64706E-2,1.66288E-2,1.55942E-2,1.45744E-2,1.46291E-2,1.34770E-2,1.25936E-2,1.14464E-2,1.13841E-2,1.02129E-2,9.38808E-3,9.63155E-3,8.18445E-3,7.43656E-3,7.17683E-3,7.00394E-3,6.33344E-3,6.74654E-3,5.87519E-3,5.02364E-3,4.78938E-3,4.41022E-3,3.53947E-3,2.98596E-3,3.12258E-3,1.98584E-3,1.91110E-3,2.09895E-3,1.19839E-3,-5.43046E-5,4.31702E-4,-3.74478E-4,-3.82572E-4,-1.05622E-3,-1.34643E-3,-1.35341E-3,-1.89815E-3,-1.69503E-3,-1.96400E-3,-2.69808E-3,-2.58293E-3,-3.16192E-3,-2.87823E-3,-3.43712E-3,-3.41820E-3,-3.39043E-3,-3.95808E-3,-4.06965E-3,-4.49686E-3,-4.28826E-3,-4.68091E-3,-4.99126E-3,-5.22639E-3,-5.57180E-3,-5.92147E-3,-5.84971E-3,-5.97521E-3,-5.33104E-3,-6.14955E-3,-6.14296E-3,-5.68059E-3,-5.51013E-3,-5.72669E-3,-5.96689E-3,-5.59861E-3,-5.40064E-3,-5.16892E-3,-4.92992E-3,-5.21357E-3,-5.19703E-3,-4.69022E-3,-5.41619E-3,-5.44587E-3,-6.12868E-3,-6.40620E-3,-6.22209E-3
1.17765E+3,-3.43125E-4,9.94220E-5,-1.11223E-4,-1.08042E-4,-2.24931E-4,-2.54895E-4,5.47021E-4,-3.40112E-5,-1.02006E-4,-5.30852E-5,-4.11944E-5,-1.64622E-5,-5.70708E-6,4.01007E-4,2.47231E-4,1.43207E-3,1.70777E-3,2.36197E-3,4.58548E-3,5.71704E-3,8.17677E-3,1.03726E-2,1.46123E-2,1.63705E-2,2.12209E-2,2.14697E-2,2.61863E-2,2.93348E-2,3.15432E-2,3.20892E-2,3.35733E-2,3.50408E-2,3.52349E-2,3.52196E-2,3.52075E-2,3.59231E-2,3.59978E-2,3.65083E-2,3.64045E-2,3.54763E-2,3.59582E-2,3.54650E-2,3.44237E-2,3.40213E-2,3.27662E-2,3.38773E-2,3.34358E-2,3.29398E-2,3.29667E-2,3.43236E-2,3.23308E-2,3.22258E-2,3.18498E-2,3.20310E-2,3.17613E-2,3.11866E-2,3.12431E-2,3.11380E-2,3.01688E-2,2.96734E-2,2.72167E-2,2.67104E-2,2.88821E-2,2.88300E-2,2.39822E-2,2.69190E-2,2.61117E-2,2.73520E-2,2.46008E-2,2.50879E-2,2.33112E-2,2.56258E-2,2.46692E-2,2.57333E-2,2.50831E-2,2.43246E-2,2.33123E-2,2.35182E-2,2.33851E-2,2.25910E-2,2.30931E-2,2.26520E-2,2.25563E-2,2.33169E-2,2.07059E-2,2.10122E-2,1.91778E-2,1.97654E-2,1.92844E-2,1.85510E-2,1.82309E-2,1.62817E-2,1.64079E-2,1.57122E-2,1.44594E-2,1.46239E-2,1.33581E-2,1.25169E-2,1.13027E-2,1.12675E-2,1.00354E-2,8.89731E-3,9.35112E-3,8.03949E-3,7.49057E-3,6.82264E-3,6.66494E-3,6.17870E-3,6.59610E-3,5.69619E-3,4.98984E-3,4.79751E-3,4.31455E-3,3.77447E-3,3.09927E-3,2.94680E-3,2.06606E-3,1.80057E-3,1.86521E-3,8.31600E-4,-4.08853E-5,3.24470E-4,-2.43563E-4,-4.85366E-4,-1.03808E-3,-1.50418E-3,-1.39240E-3,-2.04306E-3,-1.84603E-3,-2.14158E-3,-2.66459E-3,-2.69997E-3,-2.70324E-3,-2.90782E-3,-3.40036E-3,-3.72321E-3,-3.67862E-3,-3.92726E-3,-3.91995E-3,-4.19934E-3,-4.39531E-3,-4.74277E-3,-5.01720E-3,-5.33421E-3,-5.50555E-3,-5.82333E-3,-5.78342E-3,-6.01998E-3,-5.32115E-3,-6.21756E-3,-6.18050E-3,-5.69246E-3,-5.45889E-3,-5.92662E-3,-5.74956E-3,-5.60481E-3,-5.55154E-3,-5.03129E-3,-5.18646E-3,-5.07530E-3,-5.06908E-3,-4.96543E-3,-5.21206E-3,-5.15832E-3,-5.82979E-3,-6.24331E-3,-6.01500E-3
1.18112E+3,-5.24331E-4,4.53362E-5,-9.28384E-5,-2.24366E-4,-1.92548E-4,3.87928E-6,3.06491E-4,1.00127E-4,-1.76318E-4,4.15874E-6,1.48455E-4,2.65489E-5,4.93625E-5,3.59771E-4,1.66271E-4,1.21061E-3,1.46892E-3,2.26620E-3,4.56372E-3,5.53571E-3,7.76548E-3,1.03343E-2,1.42164E-2,1.63700E-2,2.10030E-2,2.11775E-2,2.62038E-2,2.89940E-2,3.13516E-2,3.19709E-2,3.31656E-2,3.45380E-2,3.52909E-2,3.48422E-2,3.52228E-2,3.55503E-2,3.54482E-2,3.62733E-2,3.60837E-2,3.53099E-2,3.56560E-2,3.53836E-2,3.41598E-2,3.35983E-2,3.25486E-2,3.37662E-2,3.35327E-2,3.27770E-2,3.27247E-2,3.38542E-2,3.22536E-2,3.22791E-2,3.11161E-2,3.16069E-2,3.13515E-2,3.07318E-2,3.10539E-2,3.10545E-2,3.00609E-2,2.94153E-2,2.70553E-2,2.64260E-2,2.87112E-2,2.83769E-2,2.36274E-2,2.68008E-2,2.59146E-2,2.70416E-2,2.44804E-2,2.48437E-2,2.30459E-2,2.56127E-2,2.45299E-2,2.55858E-2,2.45953E-2,2.36655E-2,2.33057E-2,2.32179E-2,2.30628E-2,2.24397E-2,2.28954E-2,2.27369E-2,2.25165E-2,2.28652E-2,2.07353E-2,2.07119E-2,1.91602E-2,2.00616E-2,1.93737E-2,1.83637E-2,1.80480E-2,1.62581E-2,1.62110E-2,1.55124E-2,1.44720E-2,1.43475E-2,1.30363E-2,1.21879E-2,1.09731E-2,1.11934E-2,1.01149E-2,9.04899E-3,9.38138E-3,7.98567E-3,7.53023E-3,6.47473E-3,6.81826E-3,6.09891E-3,6.80788E-3,5.50763E-3,4.95986E-3,4.66693E-3,4.24803E-3,3.50592E-3,2.74768E-3,2.88725E-3,1.83944E-3,1.92994E-3,1.99371E-3,9.41785E-4,-1.89455E-4,1.85724E-4,-2.90521E-4,-5.52964E-4,-9.96725E-4,-1.57249E-3,-1.18786E-3,-2.15147E-3,-1.86675E-3,-1.98924E-3,-2.95169E-3,-2.78926E-3,-2.89504E-3,-2.71165E-3,-3.42704E-3,-3.56910E-3,-3.54028E-3,-3.92359E-3,-4.13060E-3,-4.37235E-3,-4.37240E-3,-4.83051E-3,-5.05605E-3,-5.52647E-3,-5.43826E-3,-5.63380E-3,-5.72383E-3,-6.15555E-3,-5.46144E-3,-6.19559E-3,-6.36429E-3,-5.93277E-3,-5.54408E-3,-5.88795E-3,-5.76312E-3,-5.56624E-3,-5.71425E-3,-5.03298E-3,-5.02448E-3,-5.05420E-3,-5.04765E-3,-4.95230E-3,-5.53405E-3,-5.40897E-3,-6.06476E-3,-5.95208E-3,-6.20534E-3
1.18459E+3,-3.77850E-4,-5.68573E-5,-1.28271E-4,-1.08976E-4,-1.49745E-4,-1.74007E-4,5.46483E-4,1.51511E-4,3.32335E-5,1.60376E-5,7.74250E-5,-1.38280E-4,-9.86909E-5,3.10743E-4,9.72446E-5,1.35439E-3,1.59822E-3,2.40287E-3,4.52646E-3,5.62556E-3,7.68015E-3,9.95774E-3,1.39691E-2,1.57210E-2,2.06459E-2,2.07677E-2,2.53365E-2,2.84997E-2,3.06662E-2,3.14133E-2,3.27218E-2,3.41475E-2,3.43980E-2,3.41693E-2,3.42454E-2,3.49981E-2,3.52423E-2,3.55836E-2,3.53863E-2,3.47357E-2,3.51941E-2,3.47383E-2,3.34924E-2,3.32566E-2,3.22912E-2,3.30704E-2,3.25602E-2,3.23225E-2,3.22963E-2,3.33464E-2,3.14552E-2,3.16526E-2,3.09477E-2,3.10371E-2,3.07643E-2,3.02471E-2,3.04655E-2,3.06115E-2,2.97326E-2,2.87029E-2,2.63541E-2,2.58283E-2,2.82445E-2,2.79580E-2,2.30267E-2,2.64296E-2,2.54625E-2,2.65649E-2,2.40105E-2,2.45956E-2,2.27820E-2,2.49803E-2,2.40170E-2,2.53964E-2,2.40423E-2,2.34010E-2,2.25067E-2,2.26778E-2,2.27854E-2,2.20827E-2,2.23928E-2,2.21800E-2,2.20217E-2,2.26355E-2,2.01989E-2,2.02787E-2,1.88521E-2,1.94041E-2,1.85423E-2,1.76653E-2,1.75606E-2,1.57991E-2,1.59164E-2,1.50891E-2,1.38370E-2,1.38942E-2,1.27464E-2,1.18207E-2,1.05362E-2,1.08192E-2,9.84545E-3,8.73833E-3,8.90222E-3,7.65662E-3,7.14966E-3,6.38869E-3,6.48573E-3,5.66230E-3,6.53245E-3,5.13690E-3,4.74821E-3,4.19464E-3,3.82782E-3,3.06026E-3,2.48789E-3,2.78263E-3,1.75050E-3,1.54229E-3,1.62237E-3,7.33912E-4,-4.78411E-4,2.19933E-4,-8.00413E-4,-7.08604E-4,-1.22671E-3,-1.74083E-3,-1.62495E-3,-2.48700E-3,-2.22222E-3,-2.23509E-3,-2.80024E-3,-2.89212E-3,-3.04282E-3,-3.10122E-3,-3.73369E-3,-3.88304E-3,-3.95074E-3,-4.08008E-3,-4.43969E-3,-4.37644E-3,-4.49339E-3,-4.88259E-3,-5.20679E-3,-5.29444E-3,-5.59343E-3,-5.77157E-3,-5.90021E-3,-6.08395E-3,-5.66488E-3,-6.11156E-3,-6.21058E-3,-5.65760E-3,-5.64572E-3,-5.88279E-3,-5.85851E-3,-5.64408E-3,-5.53753E-3,-5.04566E-3,-5.20699E-3,-5.14799E-3,-5.33327E-3,-5.13091E-3,-5.57245E-3,-5.30956E-3,-6.00941E-3,-6.18244E-3,-6.38747E-3
1.18807E+3,-6.70791E-4,5.54618E-6,-5.07168E-5,-1.32541E-4,-5.78469E-5,-1.80687E-4,6.57970E-4,-1.58912E-5,-2.24378E-4,-1.03023E-4,2.84074E-4,-1.49685E-5,-8.42068E-5,4.10715E-4,1.76744E-4,1.20133E-3,1.57793E-3,2.30640E-3,4.58851E-3,5.39584E-3,7.81816E-3,9.91876E-3,1.36621E-2,1.55088E-2,2.04210E-2,2.06643E-2,2.53158E-2,2.83125E-2,3.05197E-2,3.10058E-2,3.22584E-2,3.36192E-2,3.39592E-2,3.40469E-2,3.41709E-2,3.44034E-2,3.44214E-2,3.51677E-2,3.51715E-2,3.40508E-2,3.45781E-2,3.40948E-2,3.32004E-2,3.27538E-2,3.17849E-2,3.26213E-2,3.21604E-2,3.17489E-2,3.18310E-2,3.28024E-2,3.12234E-2,3.13395E-2,3.07494E-2,3.08475E-2,3.05673E-2,2.99836E-2,3.00517E-2,2.98942E-2,2.89524E-2,2.86662E-2,2.60171E-2,2.56636E-2,2.78062E-2,2.75776E-2,2.27674E-2,2.60943E-2,2.51955E-2,2.62924E-2,2.34772E-2,2.40871E-2,2.25516E-2,2.47904E-2,2.39775E-2,2.51709E-2,2.36879E-2,2.29982E-2,2.23428E-2,2.23999E-2,2.23026E-2,2.17252E-2,2.18438E-2,2.17894E-2,2.16900E-2,2.24146E-2,1.98320E-2,1.97220E-2,1.82029E-2,1.91985E-2,1.87143E-2,1.73752E-2,1.72223E-2,1.55109E-2,1.56382E-2,1.45835E-2,1.35467E-2,1.35318E-2,1.24687E-2,1.14812E-2,1.05743E-2,1.06687E-2,9.19101E-3,8.58009E-3,8.84392E-3,7.57483E-3,6.74440E-3,6.24614E-3,6.07023E-3,5.67871E-3,6.24750E-3,5.16801E-3,4.29661E-3,3.99640E-3,3.55889E-3,2.96752E-3,2.40336E-3,2.23807E-3,1.50574E-3,1.41029E-3,1.55398E-3,5.25716E-4,-6.40634E-4,-1.97842E-4,-8.60759E-4,-7.16753E-4,-1.45756E-3,-1.78451E-3,-1.89540E-3,-2.06084E-3,-2.05049E-3,-2.19405E-3,-2.91757E-3,-3.05847E-3,-3.31925E-3,-3.34700E-3,-3.91482E-3,-3.68459E-3,-4.09438E-3,-4.11063E-3,-4.33076E-3,-4.78912E-3,-4.72554E-3,-5.30709E-3,-5.26489E-3,-5.45298E-3,-5.79618E-3,-5.87114E-3,-5.91161E-3,-6.19061E-3,-5.36163E-3,-6.43047E-3,-6.43814E-3,-5.74388E-3,-5.68853E-3,-5.85028E-3,-5.76768E-3,-5.75821E-3,-5.78444E-3,-4.97263E-3,-4.93853E-3,-5.06734E-3,-5.13793E-3,-4.84712E-3,-5.46859E-3,-5.40251E-3,-6.01545E-3,-5.96659E-3,-5.98175E-3
1.19154E+3,-3.67530E-4,4.01929E-5,-1.35297E-4,-3.08826E-5,-2.91840E-4,-8.60600E-5,4.13907E-4,1.01199E-4,-2.61726E-5,-8.98405E-5,-7.49775E-5,2.57839E-5,2.47733E-5,1.71122E-4,3.25622E-4,1.29384E-3,1.55695E-3,2.41166E-3,4.19217E-3,5.36647E-3,7.52915E-3,9.22874E-3,1.36359E-2,1.51842E-2,1.99223E-2,2.02071E-2,2.46415E-2,2.76272E-2,2.98698E-2,3.05409E-2,3.17944E-2,3.28298E-2,3.35353E-2,3.34271E-2,3.33686E-2,3.37807E-2,3.41185E-2,3.46917E-2,3.46232E-2,3.36068E-2,3.41035E-2,3.40007E-2,3.29178E-2,3.19308E-2,3.12899E-2,3.18620E-2,3.18071E-2,3.14513E-2,3.12385E-2,3.22312E-2,3.06056E-2,3.07469E-2,3.03770E-2,3.03176E-2,3.00358E-2,2.92869E-2,2.93914E-2,2.94278E-2,2.88235E-2,2.78287E-2,2.55768E-2,2.50475E-2,2.72964E-2,2.67713E-2,2.24441E-2,2.54871E-2,2.46966E-2,2.55534E-2,2.31022E-2,2.39829E-2,2.19600E-2,2.43092E-2,2.27873E-2,2.45940E-2,2.34370E-2,2.25605E-2,2.17352E-2,2.21063E-2,2.21442E-2,2.15298E-2,2.14929E-2,2.15817E-2,2.13046E-2,2.16367E-2,1.95167E-2,1.94540E-2,1.78303E-2,1.86468E-2,1.79227E-2,1.69679E-2,1.65823E-2,1.49650E-2,1.53372E-2,1.43470E-2,1.32865E-2,1.31541E-2,1.21993E-2,1.11540E-2,1.02553E-2,1.03460E-2,9.36318E-3,8.51653E-3,8.43174E-3,7.08155E-3,6.58155E-3,6.00055E-3,6.17438E-3,5.07584E-3,6.12094E-3,4.82312E-3,4.22981E-3,3.88645E-3,3.42092E-3,2.95291E-3,2.11375E-3,2.12315E-3,1.36009E-3,9.80711E-4,1.24426E-3,4.68590E-4,-8.21133E-4,-1.64404E-4,-1.05987E-3,-1.06066E-3,-1.43603E-3,-1.94788E-3,-1.91034E-3,-2.49260E-3,-2.15631E-3,-2.35655E-3,-3.07915E-3,-3.25468E-3,-3.37906E-3,-3.33690E-3,-3.66701E-3,-3.76831E-3,-3.91924E-3,-4.14448E-3,-4.39315E-3,-4.76395E-3,-4.59001E-3,-5.04251E-3,-5.12340E-3,-5.48479E-3,-5.67268E-3,-5.78614E-3,-5.93654E-3,-6.15444E-3,-5.50549E-3,-6.17755E-3,-6.41498E-3,-5.44322E-3,-5.80279E-3,-6.18552E-3,-5.96955E-3,-5.81057E-3,-5.67280E-3,-5.25293E-3,-4.90954E-3,-4.98711E-3,-4.96290E-3,-5.27306E-3,-5.48464E-3,-5.31498E-3,-6.27544E-3,-6.14961E-3,-5.99103E-3
1.19501E+3,-3.75445E-4,2.27526E-4,3.93482E-5,-1.21647E-4,-1.79554E-4,-3.78699E-4,6.87273E-4,5.87173E-5,1.04634E-5,-1.43177E-5,-1.78535E-4,-3.28206E-5,-1.47562E-4,1.22427E-4,2.82825E-4,1.27026E-3,1.39495E-3,2.28641E-3,4.21415E-3,5.03357E-3,7.30195E-3,9.36929E-3,1.30042E-2,1.47210E-2,1.94745E-2,1.97098E-2,2.40699E-2,2.74794E-2,2.95584E-2,3.01464E-2,3.10777E-2,3.24530E-2,3.29169E-2,3.30636E-2,3.30042E-2,3.34828E-2,3.38953E-2,3.40934E-2,3.39678E-2,3.33127E-2,3.38268E-2,3.34402E-2,3.23345E-2,3.18492E-2,3.09582E-2,3.14847E-2,3.12481E-2,3.09828E-2,3.08912E-2,3.17303E-2,3.01848E-2,3.05332E-2,2.98361E-2,2.97102E-2,2.97809E-2,2.90223E-2,2.90327E-2,2.91006E-2,2.84152E-2,2.76407E-2,2.51408E-2,2.48381E-2,2.69979E-2,2.64316E-2,2.20983E-2,2.53001E-2,2.42353E-2,2.52111E-2,2.27826E-2,2.32038E-2,2.18207E-2,2.39141E-2,2.27812E-2,2.44021E-2,2.34064E-2,2.19501E-2,2.15357E-2,2.18850E-2,2.18093E-2,2.09097E-2,2.11131E-2,2.10176E-2,2.09311E-2,2.13059E-2,1.90781E-2,1.91896E-2,1.73528E-2,1.82076E-2,1.76605E-2,1.66404E-2,1.64636E-2,1.48671E-2,1.51543E-2,1.42382E-2,1.27541E-2,1.29157E-2,1.17488E-2,1.09631E-2,9.84293E-3,1.03304E-2,8.73924E-3,7.84311E-3,8.48639E-3,7.11725E-3,6.41441E-3,5.63511E-3,6.13571E-3,5.28047E-3,6.15288E-3,4.46098E-3,4.15179E-3,4.03413E-3,3.38845E-3,2.77686E-3,2.30220E-3,2.13583E-3,1.17748E-3,9.54053E-4,1.18922E-3,2.37214E-4,-1.10805E-3,-1.41912E-4,-1.21511E-3,-9.49255E-4,-1.56146E-3,-2.00374E-3,-1.50164E-3,-2.62968E-3,-2.27632E-3,-2.44369E-3,-2.89311E-3,-3.43962E-3,-3.25449E-3,-3.37781E-3,-3.98767E-3,-4.02285E-3,-4.08699E-3,-4.26348E-3,-4.58629E-3,-4.51597E-3,-4.62563E-3,-5.05645E-3,-5.47240E-3,-5.73178E-3,-5.72637E-3,-5.83528E-3,-5.87659E-3,-6.49512E-3,-5.18984E-3,-6.12896E-3,-6.56253E-3,-5.82893E-3,-5.78787E-3,-6.09780E-3,-5.96777E-3,-5.81816E-3,-5.77970E-3,-4.89454E-3,-4.79542E-3,-5.28614E-3,-4.96167E-3,-4.76973E-3,-5.20362E-3,-5.51683E-3,-5.88479E-3,-6.24354E-3,-5.92071E-3
1.19849E+3,-4.62349E-4,1.73859E-4,-3.36645E-4,-1.92901E-5,-2.08327E-4,-1.34179E-4,5.62005E-4,8.76074E-5,-6.86429E-5,-7.53617E-6,4.48315E-5,-1.60897E-5,5.83911E-5,3.10675E-4,1.56893E-5,1.31171E-3,1.72163E-3,2.20811E-3,4.21162E-3,5.05085E-3,7.12406E-3,9.40386E-3,1.27690E-2,1.48621E-2,1.90263E-2,1.96613E-2,2.36741E-2,2.67176E-2,2.95119E-2,2.99193E-2,3.07206E-2,3.21669E-2,3.24407E-2,3.24360E-2,3.30310E-2,3.31639E-2,3.29910E-2,3.40059E-2,3.39206E-2,3.26737E-2,3.35824E-2,3.28162E-2,3.19999E-2,3.13650E-2,3.06316E-2,3.13960E-2,3.06379E-2,3.04169E-2,3.06353E-2,3.13192E-2,2.96950E-2,3.01011E-2,2.93244E-2,2.95623E-2,2.94407E-2,2.88572E-2,2.85947E-2,2.86366E-2,2.76625E-2,2.75285E-2,2.48132E-2,2.47040E-2,2.65024E-2,2.62299E-2,2.19498E-2,2.48489E-2,2.41085E-2,2.51995E-2,2.27150E-2,2.30683E-2,2.12747E-2,2.38629E-2,2.26454E-2,2.39686E-2,2.27412E-2,2.19538E-2,2.11737E-2,2.13981E-2,2.13303E-2,2.06502E-2,2.10262E-2,2.06439E-2,2.08793E-2,2.10735E-2,1.90340E-2,1.90651E-2,1.76394E-2,1.79470E-2,1.76428E-2,1.65222E-2,1.62108E-2,1.47348E-2,1.48506E-2,1.35731E-2,1.27341E-2,1.27408E-2,1.18516E-2,1.06529E-2,9.82632E-3,1.01765E-2,8.75345E-3,7.79189E-3,8.31403E-3,6.80566E-3,6.28049E-3,5.75142E-3,5.58231E-3,5.01168E-3,5.59902E-3,4.34086E-3,3.98103E-3,3.35735E-3,3.06728E-3,2.39284E-3,1.94538E-3,2.35895E-3,7.55146E-4,8.26288E-4,1.28364E-3,1.11828E-4,-1.15641E-3,-2.66803E-4,-9.20429E-4,-9.96611E-4,-1.70746E-3,-2.27256E-3,-2.15877E-3,-2.70316E-3,-2.31308E-3,-2.55287E-3,-3.22545E-3,-3.15686E-3,-3.30739E-3,-3.25180E-3,-4.03748E-3,-3.82603E-3,-4.11337E-3,-4.27919E-3,-4.68877E-3,-4.64961E-3,-4.81030E-3,-5.30294E-3,-5.54803E-3,-5.61895E-3,-5.73229E-3,-6.01888E-3,-6.05656E-3,-6.42802E-3,-5.23200E-3,-6.45242E-3,-6.38529E-3,-5.80621E-3,-5.66073E-3,-5.76038E-3,-5.87788E-3,-5.65179E-3,-5.94796E-3,-4.82253E-3,-5.10981E-3,-5.19112E-3,-5.02610E-3,-4.90310E-3,-5.37368E-3,-5.50305E-3,-6.17931E-3,-6.19775E-3,-5.92686E-3
1.20196E+3,-4.53058E-4,2.18237E-4,-8.74261E-5,-8.55968E-6,-1.38569E-4,-3.32481E-4,4.92938E-4,-3.42194E-5,-3.65614E-5,-2.53670E-4,1.61591E-4,6.17303E-6,-9.07750E-5,3.08264E-4,2.48116E-4,1.23523E-3,1.46712E-3,2.18300E-3,4.15691E-3,4.81914E-3,7.08553E-3,8.90865E-3,1.28560E-2,1.42626E-2,1.88134E-2,1.93909E-2,2.33725E-2,2.66282E-2,2.86769E-2,2.93076E-2,3.06434E-2,3.20163E-2,3.22464E-2,3.22529E-2,3.24841E-2,3.29216E-2,3.28113E-2,3.32961E-2,3.33206E-2,3.25878E-2,3.28471E-2,3.24524E-2,3.15023E-2,3.08035E-2,3.02864E-2,3.09154E-2,3.05045E-2,3.03818E-2,3.04018E-2,3.11785E-2,2.95963E-2,2.95735E-2,2.91713E-2,2.92523E-2,2.89544E-2,2.85586E-2,2.81591E-2,2.83378E-2,2.75172E-2,2.71036E-2,2.47682E-2,2.41498E-2,2.61556E-2,2.60415E-2,2.13505E-2,2.47647E-2,2.36513E-2,2.49145E-2,2.25620E-2,2.29427E-2,2.10985E-2,2.33780E-2,2.20083E-2,2.37144E-2,2.24208E-2,2.14901E-2,2.07121E-2,2.11865E-2,2.13705E-2,2.05088E-2,2.09379E-2,2.05521E-2,2.04953E-2,2.09625E-2,1.86859E-2,1.89061E-2,1.71377E-2,1.77511E-2,1.75836E-2,1.60267E-2,1.60333E-2,1.44577E-2,1.43313E-2,1.39862E-2,1.20529E-2,1.27071E-2,1.17339E-2,1.04644E-2,9.62169E-3,9.76276E-3,8.58924E-3,7.82137E-3,8.02580E-3,6.57826E-3,6.04950E-3,5.57742E-3,5.43394E-3,4.71345E-3,5.58400E-3,4.12555E-3,3.68348E-3,3.31341E-3,2.88118E-3,2.57059E-3,1.54956E-3,1.99715E-3,9.81952E-4,8.08438E-4,7.75465E-4,-3.24224E-4,-1.12536E-3,-5.79522E-4,-1.07118E-3,-1.44843E-3,-1.73627E-3,-2.29052E-3,-2.33987E-3,-2.85903E-3,-2.48441E-3,-2.80006E-3,-3.37245E-3,-3.34897E-3,-3.30819E-3,-3.34601E-3,-3.91247E-3,-4.25511E-3,-4.09088E-3,-4.38826E-3,-4.62914E-3,-4.84895E-3,-4.80558E-3,-5.25289E-3,-5.41879E-3,-5.92504E-3,-5.68501E-3,-5.94254E-3,-5.73581E-3,-6.27668E-3,-5.49795E-3,-6.32290E-3,-6.44190E-3,-5.93139E-3,-5.64887E-3,-6.19040E-3,-6.00670E-3,-5.92020E-3,-5.91398E-3,-5.06635E-3,-5.39742E-3,-5.34029E-3,-5.47705E-3,-4.95913E-3,-5.40751E-3,-5.23936E-3,-5.95918E-3,-6.23981E-3,-6.18861E-3
1.20544E+3,-3.75147E-4,4.89768E-5,-2.22216E-4,-1.02282E-4,-5.63190E-5,1.48615E-5,7.71911E-4,1.24472E-4,6.92548E-5,-3.44336E-4,4.33511E-5,-1.92475E-4,-2.62393E-4,3.76738E-4,1.05603E-4,1.51689E-3,1.32358E-3,1.97284E-3,4.06083E-3,4.82781E-3,6.93882E-3,8.93766E-3,1.23759E-2,1.42763E-2,1.84425E-2,1.89919E-2,2.30645E-2,2.59927E-2,2.83825E-2,2.88399E-2,3.02089E-2,3.12464E-2,3.19036E-2,3.17505E-2,3.17082E-2,3.23511E-2,3.21821E-2,3.30003E-2,3.30081E-2,3.23944E-2,3.23680E-2,3.20882E-2,3.10291E-2,3.07770E-2,2.97448E-2,3.07803E-2,3.01557E-2,2.96266E-2,3.02477E-2,3.10235E-2,2.91185E-2,2.89785E-2,2.87158E-2,2.88247E-2,2.82963E-2,2.82031E-2,2.77499E-2,2.81422E-2,2.73225E-2,2.66595E-2,2.40394E-2,2.37091E-2,2.55371E-2,2.55865E-2,2.10455E-2,2.43368E-2,2.33198E-2,2.44152E-2,2.21958E-2,2.24083E-2,2.07568E-2,2.31491E-2,2.15769E-2,2.37721E-2,2.22175E-2,2.11709E-2,2.06929E-2,2.08424E-2,2.09123E-2,2.03789E-2,2.03080E-2,2.01680E-2,2.00711E-2,2.04313E-2,1.86883E-2,1.84584E-2,1.66914E-2,1.74307E-2,1.70404E-2,1.57967E-2,1.59985E-2,1.39466E-2,1.41407E-2,1.33678E-2,1.23242E-2,1.26340E-2,1.15013E-2,1.01716E-2,9.58373E-3,9.78799E-3,8.63181E-3,7.45360E-3,7.62548E-3,6.80475E-3,6.04874E-3,5.43081E-3,5.21691E-3,4.88181E-3,5.29268E-3,4.08427E-3,3.67769E-3,3.43203E-3,2.73754E-3,2.33930E-3,1.79345E-3,1.88740E-3,1.04786E-3,8.45741E-4,7.22920E-4,-1.07489E-4,-8.49449E-4,-7.02946E-4,-1.19490E-3,-1.32154E-3,-1.92243E-3,-2.20120E-3,-1.98661E-3,-2.73538E-3,-2.68201E-3,-2.74613E-3,-3.46657E-3,-3.42006E-3,-3.38636E-3,-3.50884E-3,-4.16973E-3,-4.06639E-3,-4.07984E-3,-4.54486E-3,-5.00047E-3,-4.84832E-3,-4.77816E-3,-5.28254E-3,-5.58448E-3,-5.88872E-3,-5.83432E-3,-5.89088E-3,-6.19976E-3,-6.40950E-3,-5.68820E-3,-6.41753E-3,-6.64201E-3,-5.79271E-3,-5.52422E-3,-6.30174E-3,-5.91568E-3,-5.59246E-3,-5.83081E-3,-5.11235E-3,-5.00796E-3,-5.70260E-3,-5.40159E-3,-4.80156E-3,-5.40363E-3,-5.55249E-3,-6.16183E-3,-6.29919E-3,-6.38588E-3
1.20892E+3,-2.98593E-4,-3.32719E-5,1.61692E-4,-1.23444E-4,-2.13320E-4,-3.37409E-4,2.36146E-4,8.54022E-5,2.24284E-5,3.36728E-5,9.29771E-5,1.90833E-5,4.95500E-5,8.40000E-5,2.21086E-4,1.24123E-3,1.17731E-3,2.10196E-3,3.97343E-3,5.07973E-3,6.64918E-3,8.68297E-3,1.20437E-2,1.38534E-2,1.81923E-2,1.85535E-2,2.24208E-2,2.57467E-2,2.82503E-2,2.85107E-2,2.93173E-2,3.08896E-2,3.12598E-2,3.10128E-2,3.12672E-2,3.18999E-2,3.18216E-2,3.25031E-2,3.23773E-2,3.15168E-2,3.22104E-2,3.16388E-2,3.05581E-2,3.02318E-2,2.94129E-2,3.01805E-2,2.95100E-2,2.91973E-2,2.93164E-2,3.01943E-2,2.87043E-2,2.87321E-2,2.83953E-2,2.87328E-2,2.82893E-2,2.76119E-2,2.74279E-2,2.77062E-2,2.67125E-2,2.62514E-2,2.36316E-2,2.33184E-2,2.51053E-2,2.48157E-2,2.07126E-2,2.37038E-2,2.30155E-2,2.40025E-2,2.16811E-2,2.21059E-2,2.02392E-2,2.25634E-2,2.14982E-2,2.26812E-2,2.22275E-2,2.08793E-2,2.01458E-2,2.07232E-2,2.06397E-2,1.99788E-2,2.03973E-2,1.95630E-2,1.99933E-2,2.00001E-2,1.82963E-2,1.79685E-2,1.66327E-2,1.74514E-2,1.67266E-2,1.55207E-2,1.53264E-2,1.36954E-2,1.39809E-2,1.30674E-2,1.20261E-2,1.23268E-2,1.13585E-2,1.00899E-2,9.57283E-3,9.34411E-3,8.44452E-3,6.98940E-3,7.61040E-3,6.19672E-3,5.77341E-3,5.31661E-3,5.29819E-3,4.44650E-3,5.05212E-3,3.75477E-3,3.54519E-3,3.05137E-3,2.39425E-3,2.13173E-3,1.37862E-3,1.97356E-3,4.12959E-4,4.14249E-4,8.86775E-4,-2.53242E-4,-1.36975E-3,-5.82022E-4,-1.74105E-3,-1.33058E-3,-1.90781E-3,-2.17425E-3,-2.30690E-3,-2.84591E-3,-2.57609E-3,-2.86039E-3,-3.76333E-3,-3.40588E-3,-3.80557E-3,-3.54349E-3,-4.56732E-3,-4.33432E-3,-4.16677E-3,-4.48370E-3,-4.72443E-3,-4.82340E-3,-4.61368E-3,-5.17682E-3,-5.40972E-3,-5.67615E-3,-5.71085E-3,-6.11552E-3,-6.28567E-3,-6.38457E-3,-5.45766E-3,-6.27993E-3,-6.67313E-3,-6.04883E-3,-5.86966E-3,-6.01678E-3,-5.97520E-3,-5.81173E-3,-5.93007E-3,-4.85400E-3,-5.13349E-3,-5.33524E-3,-5.42256E-3,-5.30346E-3,-5.24386E-3,-5.56351E-3,-5.99150E-3,-6.20553E-3,-6.40257E-3
1.21239E+3,-2.30993E-4,3.40901E-5,-8.44856E-5,-1.71398E-4,-3.42150E-4,-6.98432E-5,4.69770E-4,4.38502E-5,-1.37339E-4,-1.43051E-4,1.24467E-5,4.82795E-5,2.98348E-5,2.43774E-4,2.97215E-4,1.34715E-3,1.25105E-3,2.02410E-3,3.95223E-3,4.78030E-3,6.85757E-3,8.35486E-3,1.18608E-2,1.36244E-2,1.74318E-2,1.82595E-2,2.21547E-2,2.54337E-2,2.75259E-2,2.82360E-2,2.90963E-2,3.05027E-2,3.08173E-2,3.11417E-2,3.10364E-2,3.14479E-2,3.12755E-2,3.21643E-2,3.20219E-2,3.12745E-2,3.17136E-2,3.17794E-2,3.03073E-2,2.96286E-2,2.90415E-2,2.97279E-2,2.89774E-2,2.92586E-2,2.91663E-2,2.97841E-2,2.80254E-2,2.88403E-2,2.78732E-2,2.82984E-2,2.79886E-2,2.72887E-2,2.72733E-2,2.74067E-2,2.65866E-2,2.57987E-2,2.36028E-2,2.34066E-2,2.49424E-2,2.46815E-2,2.00456E-2,2.34638E-2,2.28594E-2,2.34117E-2,2.15208E-2,2.20370E-2,2.03042E-2,2.23360E-2,2.13735E-2,2.32015E-2,2.15270E-2,2.07173E-2,1.98233E-2,2.02316E-2,1.99928E-2,1.97442E-2,2.00061E-2,1.95075E-2,1.93570E-2,2.00863E-2,1.77137E-2,1.78425E-2,1.64653E-2,1.68296E-2,1.64882E-2,1.51460E-2,1.54329E-2,1.35554E-2,1.40060E-2,1.33743E-2,1.19162E-2,1.18433E-2,1.11568E-2,9.95893E-3,9.30697E-3,9.39147E-3,8.20256E-3,7.26632E-3,7.76453E-3,6.20311E-3,5.68368E-3,4.99728E-3,4.84883E-3,4.34578E-3,4.91179E-3,3.70330E-3,3.09631E-3,3.41416E-3,2.70060E-3,2.22388E-3,1.37171E-3,1.64153E-3,3.84283E-4,4.19874E-4,6.18571E-4,-3.00513E-4,-1.80028E-3,-6.42836E-4,-1.60501E-3,-1.64623E-3,-2.04814E-3,-2.32859E-3,-2.25075E-3,-2.97755E-3,-2.60416E-3,-2.96344E-3,-3.39114E-3,-3.73238E-3,-3.50353E-3,-3.89566E-3,-4.27538E-3,-4.40686E-3,-4.40543E-3,-4.41813E-3,-4.82875E-3,-4.89621E-3,-5.18195E-3,-5.65664E-3,-5.50643E-3,-5.98613E-3,-5.78551E-3,-6.35456E-3,-6.08375E-3,-6.42912E-3,-5.67637E-3,-6.25199E-3,-6.70912E-3,-5.80187E-3,-5.71083E-3,-5.88224E-3,-6.14068E-3,-5.75033E-3,-5.87593E-3,-5.08788E-3,-5.39594E-3,-5.55418E-3,-5.31420E-3,-5.04473E-3,-5.34469E-3,-5.60929E-3,-5.94156E-3,-6.24851E-3,-6.27127E-3
1.21587E+3,-1.84555E-4,6.76654E-6,-1.78707E-4,-2.81392E-4,-1.37158E-4,-1.91308E-4,4.75141E-4,2.28501E-4,-3.87170E-5,1.15147E-5,3.82818E-5,-1.40240E-4,-1.15157E-4,2.67634E-4,2.39396E-4,1.44075E-3,1.18678E-3,1.96218E-3,3.89053E-3,4.54818E-3,6.50784E-3,8.27824E-3,1.15494E-2,1.33682E-2,1.71219E-2,1.79287E-2,2.16966E-2,2.50672E-2,2.72809E-2,2.78298E-2,2.84532E-2,2.97391E-2,3.02971E-2,3.00926E-2,3.07521E-2,3.10317E-2,3.08388E-2,3.12521E-2,3.14781E-2,3.05260E-2,3.14009E-2,3.08298E-2,2.98390E-2,2.93635E-2,2.83985E-2,2.88758E-2,2.87328E-2,2.87369E-2,2.81892E-2,2.95323E-2,2.79045E-2,2.82899E-2,2.74244E-2,2.77855E-2,2.75331E-2,2.69044E-2,2.61582E-2,2.71072E-2,2.63379E-2,2.56749E-2,2.28575E-2,2.27578E-2,2.47908E-2,2.43569E-2,1.99548E-2,2.32046E-2,2.21511E-2,2.33342E-2,2.11906E-2,2.13812E-2,2.01389E-2,2.20940E-2,2.10112E-2,2.25820E-2,2.09542E-2,2.01578E-2,1.89223E-2,2.02067E-2,1.99038E-2,1.93822E-2,1.94699E-2,1.89806E-2,1.89275E-2,1.95930E-2,1.77817E-2,1.74836E-2,1.57955E-2,1.68322E-2,1.61903E-2,1.50564E-2,1.48283E-2,1.30585E-2,1.35966E-2,1.27539E-2,1.16423E-2,1.15907E-2,1.09020E-2,9.40407E-3,8.55887E-3,8.94312E-3,8.27458E-3,7.00861E-3,7.13314E-3,5.99599E-3,5.22441E-3,4.82056E-3,4.74791E-3,4.41168E-3,4.77989E-3,3.55325E-3,3.21739E-3,2.70908E-3,2.53070E-3,1.95922E-3,9.47961E-4,1.85585E-3,2.73022E-4,4.21121E-4,3.56367E-4,-3.47838E-4,-1.62561E-3,-9.55778E-4,-1.82480E-3,-1.66836E-3,-2.02420E-3,-2.51070E-3,-2.68945E-3,-3.20432E-3,-2.83965E-3,-3.03430E-3,-3.58559E-3,-3.65880E-3,-3.53011E-3,-3.75461E-3,-4.38091E-3,-4.30656E-3,-4.48447E-3,-4.76064E-3,-4.84223E-3,-4.97123E-3,-5.24065E-3,-5.35664E-3,-5.66715E-3,-5.75336E-3,-5.85011E-3,-6.37080E-3,-6.15721E-3,-6.70647E-3,-5.35071E-3,-6.70881E-3,-6.57288E-3,-5.99239E-3,-5.98833E-3,-5.92711E-3,-5.86852E-3,-6.04714E-3,-5.87501E-3,-5.25913E-3,-5.13525E-3,-5.33657E-3,-5.26124E-3,-5.28551E-3,-5.42133E-3,-5.34881E-3,-6.07468E-3,-6.19317E-3,-6.13981E-3
1.21935E+3,-1.99127E-4,-2.04016E-4,-2.69681E-4,-7.09622E-6,-2.21468E-4,1.97267E-4,3.95962E-4,1.62596E-4,-3.54765E-5,1.25129E-5,-6.81231E-5,-9.03084E-6,-3.89407E-5,1.42011E-4,1.42610E-4,1.07784E-3,1.29904E-3,2.02024E-3,4.20586E-3,4.18792E-3,6.28295E-3,8.37774E-3,1.14812E-2,1.30370E-2,1.73581E-2,1.72433E-2,2.19405E-2,2.46670E-2,2.65031E-2,2.71931E-2,2.79725E-2,2.96124E-2,2.99457E-2,2.96545E-2,3.02835E-2,3.06561E-2,3.04441E-2,3.12446E-2,3.08112E-2,3.05792E-2,3.10315E-2,3.02609E-2,2.94417E-2,2.92827E-2,2.82684E-2,2.85698E-2,2.82190E-2,2.86288E-2,2.79535E-2,2.92105E-2,2.72934E-2,2.77228E-2,2.70738E-2,2.72162E-2,2.70050E-2,2.62029E-2,2.61977E-2,2.61077E-2,2.56569E-2,2.49808E-2,2.26078E-2,2.25924E-2,2.41938E-2,2.33961E-2,1.95333E-2,2.31249E-2,2.16713E-2,2.30538E-2,2.09545E-2,2.11086E-2,1.96176E-2,2.16634E-2,2.05071E-2,2.20547E-2,2.07322E-2,1.97723E-2,1.90948E-2,1.98873E-2,1.97200E-2,1.89627E-2,1.93479E-2,1.88563E-2,1.85207E-2,1.90522E-2,1.73829E-2,1.69024E-2,1.58913E-2,1.64121E-2,1.60799E-2,1.48050E-2,1.46705E-2,1.29442E-2,1.29260E-2,1.26142E-2,1.09888E-2,1.12141E-2,1.05250E-2,9.14964E-3,8.75844E-3,8.66741E-3,7.61195E-3,6.90696E-3,6.96864E-3,5.51318E-3,5.47019E-3,4.71936E-3,4.14242E-3,4.07471E-3,4.47341E-3,3.26739E-3,3.07166E-3,2.65060E-3,2.23979E-3,1.59022E-3,9.75162E-4,1.15766E-3,3.10260E-4,1.07371E-4,3.56691E-4,-4.29411E-4,-1.73876E-3,-1.04624E-3,-1.70404E-3,-2.01909E-3,-2.33792E-3,-2.67757E-3,-2.41328E-3,-3.20964E-3,-2.87602E-3,-3.00375E-3,-3.62773E-3,-3.68214E-3,-3.64366E-3,-3.22011E-3,-4.77385E-3,-4.20327E-3,-4.18598E-3,-4.60697E-3,-5.04049E-3,-5.15257E-3,-4.94134E-3,-5.30038E-3,-5.47038E-3,-5.91249E-3,-5.62543E-3,-6.10472E-3,-5.88691E-3,-6.68565E-3,-5.33902E-3,-6.39023E-3,-6.68214E-3,-5.62060E-3,-6.03616E-3,-6.01528E-3,-5.92029E-3,-5.76538E-3,-5.94190E-3,-4.79114E-3,-5.43699E-3,-5.35241E-3,-5.39633E-3,-5.05866E-3,-5.25336E-3,-5.50731E-3,-6.28530E-3,-6.29143E-3,-6.10145E-3
1.22283E+3,-2.08957E-4,1.56427E-5,-3.66222E-4,-1.35448E-4,-2.79225E-4,-8.18062E-5,5.35277E-4,1.13350E-4,-5.49025E-5,-2.48915E-4,1.45217E-4,2.43823E-6,-7.09122E-5,5.36208E-4,9.82557E-5,1.11203E-3,1.03759E-3,1.78883E-3,3.89458E-3,4.28703E-3,6.26654E-3,7.96890E-3,1.07153E-2,1.26555E-2,1.65035E-2,1.72299E-2,2.10643E-2,2.40820E-2,2.65302E-2,2.64228E-2,2.74148E-2,2.87206E-2,2.93788E-2,2.93120E-2,2.97224E-2,2.97777E-2,2.99109E-2,3.07144E-2,3.03543E-2,2.96658E-2,3.01940E-2,2.99458E-2,2.87903E-2,2.84829E-2,2.76949E-2,2.78710E-2,2.83262E-2,2.77020E-2,2.75472E-2,2.86263E-2,2.71208E-2,2.71504E-2,2.66835E-2,2.68538E-2,2.66442E-2,2.55109E-2,2.56799E-2,2.57703E-2,2.50042E-2,2.42387E-2,2.21000E-2,2.20838E-2,2.33829E-2,2.33091E-2,1.90252E-2,2.22589E-2,2.10809E-2,2.29504E-2,2.02361E-2,2.09453E-2,1.91661E-2,2.09285E-2,2.00161E-2,2.11448E-2,2.03195E-2,1.95814E-2,1.84709E-2,1.90832E-2,1.91542E-2,1.86045E-2,1.91528E-2,1.80122E-2,1.85634E-2,1.87192E-2,1.67130E-2,1.66753E-2,1.53724E-2,1.56409E-2,1.52291E-2,1.44342E-2,1.39766E-2,1.22436E-2,1.24561E-2,1.22846E-2,1.08874E-2,1.11181E-2,1.03497E-2,8.82582E-3,8.24350E-3,8.40145E-3,7.26747E-3,6.22115E-3,6.65285E-3,5.35781E-3,5.06747E-3,4.42570E-3,4.05295E-3,3.84897E-3,4.20400E-3,3.04380E-3,2.45569E-3,2.50551E-3,1.97588E-3,1.68005E-3,4.85588E-4,1.14012E-3,9.79505E-5,-2.49967E-4,-8.16610E-5,-9.27906E-4,-1.83864E-3,-1.37288E-3,-1.85795E-3,-1.81384E-3,-2.51454E-3,-3.01169E-3,-2.98171E-3,-3.44766E-3,-2.92498E-3,-3.35139E-3,-3.73319E-3,-4.07781E-3,-3.96860E-3,-3.94081E-3,-4.84670E-3,-4.44259E-3,-4.55369E-3,-4.95382E-3,-5.35163E-3,-5.11797E-3,-5.06383E-3,-5.82852E-3,-5.74396E-3,-6.08726E-3,-6.20760E-3,-6.13891E-3,-6.01650E-3,-6.63759E-3,-5.57266E-3,-6.38095E-3,-6.55225E-3,-6.18863E-3,-5.73865E-3,-5.88423E-3,-6.12428E-3,-6.21787E-3,-6.09146E-3,-5.53215E-3,-5.49991E-3,-5.75810E-3,-5.16468E-3,-5.15820E-3,-5.41566E-3,-5.24701E-3,-6.17112E-3,-6.34081E-3,-6.26386E-3
1.22631E+3,-2.79907E-6,-6.90424E-5,-1.43311E-4,-1.58579E-4,-2.10295E-4,-3.75972E-4,3.67947E-4,2.05676E-4,-2.56852E-4,-9.82158E-5,-1.88084E-4,1.72872E-4,4.78621E-5,3.39598E-4,3.69196E-4,1.17859E-3,1.18531E-3,1.51258E-3,3.83982E-3,4.46814E-3,6.32809E-3,7.91774E-3,1.09294E-2,1.21319E-2,1.65930E-2,1.70977E-2,2.04024E-2,2.36972E-2,2.55938E-2,2.61242E-2,2.69994E-2,2.81184E-2,2.85151E-2,2.87392E-2,2.89646E-2,2.95264E-2,2.93128E-2,2.99133E-2,3.04354E-2,2.92283E-2,2.98868E-2,2.97224E-2,2.81857E-2,2.80508E-2,2.71842E-2,2.73340E-2,2.71352E-2,2.69906E-2,2.73409E-2,2.84543E-2,2.65701E-2,2.69162E-2,2.61984E-2,2.63005E-2,2.64024E-2,2.50908E-2,2.52707E-2,2.53477E-2,2.48944E-2,2.39025E-2,2.13472E-2,2.16339E-2,2.30550E-2,2.24106E-2,1.87374E-2,2.17515E-2,2.09751E-2,2.23166E-2,2.00631E-2,1.99150E-2,1.87545E-2,2.09209E-2,1.96162E-2,2.13512E-2,1.97993E-2,1.89082E-2,1.83560E-2,1.92726E-2,1.85882E-2,1.84005E-2,1.83711E-2,1.81112E-2,1.79249E-2,1.83636E-2,1.65710E-2,1.63598E-2,1.48128E-2,1.54317E-2,1.51484E-2,1.37797E-2,1.38930E-2,1.20282E-2,1.25869E-2,1.16041E-2,1.04074E-2,1.08786E-2,9.88557E-3,8.42702E-3,8.09109E-3,8.22404E-3,7.16398E-3,6.09239E-3,6.61759E-3,5.19853E-3,4.68695E-3,4.16882E-3,4.30772E-3,3.54706E-3,4.14423E-3,2.74756E-3,2.17208E-3,2.23095E-3,1.98306E-3,1.27797E-3,7.38030E-4,1.06649E-3,1.35757E-4,-5.27968E-4,-5.13881E-5,-1.03812E-3,-1.85145E-3,-1.10382E-3,-1.85720E-3,-1.77003E-3,-2.57671E-3,-2.88842E-3,-2.70461E-3,-3.57533E-3,-3.16414E-3,-3.24064E-3,-3.59324E-3,-4.07719E-3,-3.95742E-3,-4.01405E-3,-4.64511E-3,-4.62909E-3,-4.65468E-3,-4.74924E-3,-5.46787E-3,-5.12969E-3,-4.82839E-3,-5.78638E-3,-5.80394E-3,-6.17974E-3,-6.25234E-3,-6.14788E-3,-6.31860E-3,-6.62867E-3,-5.36556E-3,-6.49501E-3,-6.76691E-3,-6.18679E-3,-5.77987E-3,-6.12467E-3,-6.15299E-3,-6.45967E-3,-5.77959E-3,-4.78941E-3,-5.41463E-3,-5.47395E-3,-5.52266E-3,-5.29694E-3,-5.53392E-3,-5.88311E-3,-6.06614E-3,-6.16586E-3,-6.15027E-3
1.22979E+3,-2.40077E-5,1.64226E-4,1.88156E-4,-5.00728E-5,-1.26976E-4,-4.03750E-4,2.54719E-4,2.11706E-5,9.05634E-5,-2.20513E-4,-3.13585E-4,-9.95213E-5,8.09781E-5,1.28501E-4,3.10112E-4,1.03005E-3,1.40794E-3,1.83689E-3,3.72041E-3,4.41972E-3,6.44273E-3,7.80394E-3,1.06925E-2,1.19731E-2,1.58384E-2,1.68032E-2,2.00111E-2,2.32350E-2,2.51523E-2,2.54015E-2,2.67348E-2,2.81030E-2,2.84259E-2,2.82910E-2,2.85146E-2,2.92916E-2,2.89554E-2,2.95853E-2,2.94276E-2,2.91330E-2,2.92058E-2,2.88385E-2,2.76513E-2,2.77529E-2,2.67501E-2,2.71644E-2,2.66235E-2,2.63555E-2,2.69687E-2,2.78322E-2,2.57597E-2,2.60829E-2,2.59540E-2,2.60239E-2,2.57705E-2,2.46279E-2,2.44668E-2,2.48451E-2,2.41752E-2,2.37663E-2,2.13552E-2,2.08358E-2,2.28039E-2,2.24496E-2,1.82707E-2,2.14280E-2,2.05236E-2,2.17144E-2,1.94038E-2,1.97325E-2,1.87233E-2,2.05531E-2,1.90416E-2,2.06243E-2,1.95459E-2,1.84678E-2,1.76625E-2,1.84112E-2,1.84337E-2,1.78299E-2,1.78135E-2,1.75498E-2,1.74980E-2,1.78588E-2,1.60040E-2,1.62875E-2,1.48225E-2,1.49965E-2,1.44106E-2,1.38576E-2,1.34912E-2,1.15260E-2,1.13264E-2,1.14134E-2,1.02713E-2,9.96943E-3,9.34309E-3,8.47855E-3,7.91439E-3,7.88228E-3,6.93770E-3,6.29350E-3,5.81687E-3,4.93552E-3,4.62651E-3,3.75918E-3,3.54496E-3,3.71386E-3,4.27089E-3,2.53056E-3,2.18400E-3,2.10033E-3,1.53425E-3,1.12332E-3,1.73158E-4,6.62004E-4,-5.51572E-4,-6.01185E-4,-3.66441E-4,-9.30537E-4,-2.36395E-3,-1.54132E-3,-2.45585E-3,-2.05414E-3,-2.72011E-3,-2.99605E-3,-2.86492E-3,-3.67671E-3,-3.26441E-3,-3.62132E-3,-4.01525E-3,-3.97582E-3,-3.97199E-3,-4.18262E-3,-4.51686E-3,-4.62328E-3,-4.75686E-3,-4.71137E-3,-5.00597E-3,-5.25716E-3,-5.09958E-3,-5.32829E-3,-5.86878E-3,-6.33552E-3,-5.98225E-3,-5.70804E-3,-6.05375E-3,-6.71021E-3,-5.66044E-3,-6.39099E-3,-6.68088E-3,-5.97518E-3,-5.86014E-3,-6.14743E-3,-5.80463E-3,-5.75254E-3,-5.93674E-3,-4.86949E-3,-5.42350E-3,-5.27211E-3,-4.96484E-3,-5.28988E-3,-5.30234E-3,-5.50344E-3,-5.89492E-3,-6.09818E-3,-6.16908E-3
1.23327E+3,-1.21124E-5,9.38862E-5,-1.12776E-6,-1.18931E-4,-3.62936E-4,-4.13650E-4,5.33701E-4,4.04004E-4,-4.96743E-6,9.73726E-5,-9.36300E-5,-7.53626E-5,-1.38076E-4,-6.94804E-5,1.61311E-4,1.56167E-3,1.25985E-3,1.92340E-3,3.29091E-3,3.96740E-3,6.04040E-3,7.63823E-3,1.05319E-2,1.19003E-2,1.59708E-2,1.60368E-2,1.98003E-2,2.26016E-2,2.51936E-2,2.48532E-2,2.63238E-2,2.76078E-2,2.79419E-2,2.80667E-2,2.84374E-2,2.88251E-2,2.83256E-2,2.90636E-2,2.92833E-2,2.84635E-2,2.87383E-2,2.87371E-2,2.72496E-2,2.72399E-2,2.61884E-2,2.72468E-2,2.64033E-2,2.64684E-2,2.63357E-2,2.71941E-2,2.52919E-2,2.60264E-2,2.56735E-2,2.53905E-2,2.52638E-2,2.47178E-2,2.40438E-2,2.45673E-2,2.39129E-2,2.28982E-2,2.07772E-2,2.07515E-2,2.22308E-2,2.20260E-2,1.81811E-2,2.08269E-2,2.01212E-2,2.17392E-2,1.92483E-2,1.92628E-2,1.77472E-2,2.02651E-2,1.88779E-2,2.04226E-2,1.92858E-2,1.84060E-2,1.72622E-2,1.82245E-2,1.78828E-2,1.76810E-2,1.77562E-2,1.74173E-2,1.73014E-2,1.76500E-2,1.57646E-2,1.57519E-2,1.45162E-2,1.51808E-2,1.43172E-2,1.33946E-2,1.31424E-2,1.14567E-2,1.17749E-2,1.13944E-2,9.90828E-3,1.03170E-2,9.31413E-3,7.83990E-3,7.89163E-3,7.78705E-3,6.56307E-3,5.72814E-3,6.08225E-3,4.99227E-3,4.42870E-3,3.76884E-3,3.27971E-3,3.39440E-3,4.02998E-3,2.50559E-3,2.06133E-3,1.74602E-3,1.48823E-3,1.18616E-3,4.90063E-4,8.81958E-4,-5.46955E-4,-5.79764E-4,-9.35395E-5,-1.26188E-3,-2.52489E-3,-1.60249E-3,-1.97509E-3,-2.26676E-3,-2.78592E-3,-3.03648E-3,-2.93328E-3,-3.48670E-3,-3.18101E-3,-3.50609E-3,-4.28312E-3,-4.38373E-3,-3.70218E-3,-4.37455E-3,-4.98445E-3,-4.93673E-3,-4.38965E-3,-4.85166E-3,-5.10549E-3,-5.26858E-3,-5.38499E-3,-5.74127E-3,-5.55021E-3,-6.25595E-3,-5.88774E-3,-6.29166E-3,-6.36784E-3,-6.77597E-3,-5.89924E-3,-6.62160E-3,-6.77045E-3,-6.28015E-3,-6.02485E-3,-5.93849E-3,-6.00518E-3,-5.75007E-3,-5.88872E-3,-5.08390E-3,-5.49110E-3,-4.87771E-3,-5.19887E-3,-4.91283E-3,-5.49977E-3,-5.03661E-3,-6.13513E-3,-6.23904E-3,-6.50833E-3
1.23675E+3,-2.88249E-4,1.25536E-4,-1.43571E-4,-2.24733E-4,-3.62068E-4,-3.09820E-4,4.06227E-4,1.98227E-4,6.54012E-5,-7.19280E-5,-1.94707E-4,-3.58285E-5,5.03203E-6,4.70488E-4,3.59993E-4,9.82814E-4,1.28953E-3,1.35516E-3,3.73837E-3,4.16683E-3,6.07167E-3,7.42718E-3,1.01116E-2,1.20062E-2,1.52810E-2,1.61237E-2,1.95238E-2,2.24114E-2,2.40869E-2,2.48900E-2,2.57796E-2,2.67873E-2,2.73235E-2,2.75656E-2,2.77988E-2,2.78873E-2,2.77235E-2,2.81531E-2,2.83050E-2,2.76069E-2,2.81460E-2,2.79668E-2,2.67557E-2,2.69370E-2,2.61137E-2,2.68637E-2,2.55873E-2,2.55493E-2,2.59126E-2,2.71325E-2,2.52424E-2,2.52520E-2,2.48270E-2,2.47435E-2,2.46279E-2,2.34729E-2,2.36748E-2,2.37903E-2,2.32083E-2,2.26465E-2,2.06131E-2,2.02100E-2,2.17344E-2,2.15592E-2,1.78325E-2,2.04449E-2,1.97154E-2,2.08169E-2,1.86797E-2,1.90076E-2,1.72682E-2,1.94040E-2,1.85074E-2,2.02131E-2,1.89073E-2,1.81507E-2,1.70118E-2,1.77974E-2,1.77154E-2,1.70878E-2,1.72609E-2,1.68025E-2,1.67152E-2,1.75385E-2,1.54356E-2,1.53404E-2,1.39893E-2,1.42775E-2,1.39823E-2,1.31457E-2,1.28853E-2,1.11483E-2,1.08825E-2,1.06330E-2,9.73847E-3,9.86768E-3,8.48410E-3,7.71516E-3,7.55087E-3,7.72721E-3,7.00935E-3,5.30342E-3,5.53792E-3,4.52306E-3,4.05575E-3,3.15040E-3,3.80038E-3,2.79933E-3,3.79096E-3,2.43376E-3,1.60102E-3,1.79362E-3,1.36938E-3,8.35519E-4,9.64815E-5,1.45198E-4,-6.05796E-4,-8.77661E-4,-3.45031E-4,-1.47963E-3,-2.70009E-3,-1.58979E-3,-2.30383E-3,-2.40898E-3,-2.93603E-3,-2.98107E-3,-2.78952E-3,-3.78152E-3,-3.45131E-3,-3.57074E-3,-4.03182E-3,-4.25535E-3,-3.86790E-3,-4.12715E-3,-4.85803E-3,-4.80643E-3,-4.78815E-3,-5.16934E-3,-5.44090E-3,-5.59496E-3,-5.35369E-3,-5.65609E-3,-5.70410E-3,-6.14009E-3,-5.93621E-3,-6.21942E-3,-6.21997E-3,-6.63626E-3,-5.49398E-3,-6.46753E-3,-6.94349E-3,-6.05864E-3,-5.75528E-3,-5.59175E-3,-5.82925E-3,-5.62674E-3,-5.96371E-3,-5.14837E-3,-5.07753E-3,-5.39916E-3,-5.20981E-3,-5.69906E-3,-5.32277E-3,-5.36850E-3,-6.08551E-3,-6.16076E-3,-6.26626E-3
1.24024E+3,-1.20597E-5,-5.59673E-5,-1.24158E-4,1.16778E-4,-4.60271E-4,1.66996E-4,1.97747E-4,3.15167E-4,5.16998E-5,-2.90797E-4,2.33079E-4,-4.78750E-5,-2.67655E-4,2.93684E-5,1.47947E-4,8.66313E-4,9.47811E-4,1.73391E-3,3.60124E-3,3.79458E-3,5.85379E-3,7.09176E-3,9.92414E-3,1.12514E-2,1.49578E-2,1.54980E-2,1.89337E-2,2.19037E-2,2.42674E-2,2.40323E-2,2.48759E-2,2.66715E-2,2.69044E-2,2.69068E-2,2.72245E-2,2.75627E-2,2.72736E-2,2.79655E-2,2.82116E-2,2.72552E-2,2.78156E-2,2.74930E-2,2.59219E-2,2.61764E-2,2.53143E-2,2.53914E-2,2.52850E-2,2.50825E-2,2.52435E-2,2.59067E-2,2.48568E-2,2.46348E-2,2.43575E-2,2.41517E-2,2.42420E-2,2.26720E-2,2.28484E-2,2.33734E-2,2.27852E-2,2.21784E-2,1.99220E-2,1.98507E-2,2.13834E-2,2.08900E-2,1.73764E-2,2.00940E-2,1.91423E-2,2.07808E-2,1.81498E-2,1.84346E-2,1.73081E-2,1.94750E-2,1.83151E-2,1.94982E-2,1.83876E-2,1.73386E-2,1.66542E-2,1.71229E-2,1.72056E-2,1.71079E-2,1.66467E-2,1.62600E-2,1.63454E-2,1.68747E-2,1.50991E-2,1.49854E-2,1.35270E-2,1.39734E-2,1.37056E-2,1.27840E-2,1.25221E-2,1.07993E-2,1.10204E-2,1.02638E-2,8.95084E-3,9.35078E-3,8.91894E-3,7.53585E-3,6.93671E-3,7.13197E-3,6.45249E-3,4.66780E-3,5.06379E-3,4.47173E-3,3.96306E-3,3.12196E-3,3.12625E-3,2.92267E-3,2.95796E-3,1.75296E-3,1.68067E-3,1.31634E-3,7.23352E-4,8.13784E-4,-1.03263E-4,4.37521E-4,-3.55586E-4,-1.18519E-3,-4.43164E-4,-1.38929E-3,-3.14590E-3,-1.89995E-3,-2.48445E-3,-2.62652E-3,-2.97485E-3,-3.34728E-3,-3.22039E-3,-4.00675E-3,-3.48465E-3,-4.20099E-3,-4.33842E-3,-4.39670E-3,-4.20650E-3,-4.42073E-3,-5.34406E-3,-5.07379E-3,-4.76005E-3,-4.96230E-3,-5.60608E-3,-5.20796E-3,-5.78607E-3,-5.97363E-3,-6.14287E-3,-6.24289E-3,-6.03581E-3,-6.17818E-3,-6.35302E-3,-6.79402E-3,-5.85222E-3,-6.57833E-3,-6.86153E-3,-5.92632E-3,-5.63550E-3,-6.08373E-3,-5.85916E-3,-5.87500E-3,-6.11400E-3,-5.10813E-3,-5.41317E-3,-5.47050E-3,-5.23074E-3,-5.44325E-3,-5.16299E-3,-5.75270E-3,-6.34926E-3,-6.65845E-3,-6.26305E-3
1.24372E+3,-2.06069E-5,-6.58480E-5,6.46076E-5,-6.38578E-5,-2.53144E-4,1.47934E-4,4.55846E-4,-2.06319E-4,-2.80572E-4,-3.62251E-4,1.47997E-4,-2.91805E-4,1.67126E-4,1.72992E-4,3.87900E-4,9.53085E-4,1.32629E-3,1.88586E-3,3.37504E-3,3.73190E-3,6.02630E-3,7.17699E-3,9.82102E-3,1.12018E-2,1.46998E-2,1.53414E-2,1.78921E-2,2.12705E-2,2.35629E-2,2.38181E-2,2.46347E-2,2.59093E-2,2.64214E-2,2.57065E-2,2.67912E-2,2.72257E-2,2.63373E-2,2.78358E-2,2.78436E-2,2.69716E-2,2.68596E-2,2.67469E-2,2.55786E-2,2.55594E-2,2.47343E-2,2.48446E-2,2.46200E-2,2.43281E-2,2.45255E-2,2.57890E-2,2.41518E-2,2.44035E-2,2.36860E-2,2.41240E-2,2.35067E-2,2.28523E-2,2.22342E-2,2.33195E-2,2.23886E-2,2.13755E-2,1.97133E-2,1.94384E-2,2.07339E-2,1.96533E-2,1.70546E-2,1.97789E-2,1.90286E-2,1.96082E-2,1.79746E-2,1.79363E-2,1.68516E-2,1.87635E-2,1.75058E-2,1.92463E-2,1.73932E-2,1.68319E-2,1.62507E-2,1.72851E-2,1.69691E-2,1.64239E-2,1.64147E-2,1.56805E-2,1.65616E-2,1.68046E-2,1.44221E-2,1.44806E-2,1.29637E-2,1.34894E-2,1.28440E-2,1.19548E-2,1.19055E-2,1.03500E-2,1.08007E-2,1.03642E-2,8.87872E-3,8.64764E-3,8.74698E-3,7.07663E-3,6.86367E-3,6.92252E-3,6.18725E-3,4.52765E-3,4.92883E-3,4.24065E-3,3.61348E-3,2.86023E-3,2.34693E-3,2.68733E-3,3.31830E-3,2.40124E-3,1.23872E-3,1.28167E-3,7.56485E-4,4.09762E-4,-4.92406E-5,-1.09817E-4,-4.18871E-4,-1.26994E-3,-6.24293E-4,-1.59115E-3,-2.85577E-3,-1.86692E-3,-2.74060E-3,-2.56349E-3,-2.99233E-3,-3.49585E-3,-3.23472E-3,-4.21351E-3,-3.75617E-3,-4.32436E-3,-4.24117E-3,-4.28078E-3,-4.62843E-3,-4.17204E-3,-5.46839E-3,-4.66699E-3,-4.98158E-3,-5.07417E-3,-5.26956E-3,-5.39013E-3,-5.38407E-3,-5.41961E-3,-5.75982E-3,-6.08419E-3,-6.03849E-3,-6.07844E-3,-6.04057E-3,-6.89010E-3,-5.70898E-3,-6.61867E-3,-6.73228E-3,-6.00207E-3,-6.00708E-3,-6.11332E-3,-5.95096E-3,-5.90204E-3,-6.18752E-3,-4.86037E-3,-5.16667E-3,-5.84322E-3,-5.27829E-3,-4.98631E-3,-4.93738E-3,-5.84278E-3,-5.99330E-3,-6.35271E-3,-6.01210E-3
1.24721E+3,8.55293E-5,-6.29948E-5,-3.38839E-4,1.04252E-4,-1.10035E-4,1.28748E-4,4.04792E-4,3.90878E-5,7.19986E-5,-4.34522E-4,4.60519E-5,-3.34223E-4,-2.52439E-4,1.50603E-4,5.01991E-4,8.00643E-4,1.11468E-3,1.58412E-3,3.30256E-3,3.49039E-3,6.06734E-3,6.82811E-3,9.42634E-3,1.12030E-2,1.45243E-2,1.46605E-2,1.77457E-2,2.07254E-2,2.30081E-2,2.33223E-2,2.43536E-2,2.55117E-2,2.60684E-2,2.57224E-2,2.58058E-2,2.60959E-2,2.59412E-2,2.72087E-2,2.70085E-2,2.62084E-2,2.64173E-2,2.60917E-2,2.49666E-2,2.48688E-2,2.44137E-2,2.40695E-2,2.39802E-2,2.39243E-2,2.38353E-2,2.51199E-2,2.34570E-2,2.34135E-2,2.30305E-2,2.31035E-2,2.28765E-2,2.15422E-2,2.22283E-2,2.24055E-2,2.20586E-2,2.12440E-2,1.88559E-2,1.86512E-2,1.98195E-2,1.95362E-2,1.62948E-2,1.92593E-2,1.79897E-2,1.97753E-2,1.74066E-2,1.70127E-2,1.59687E-2,1.82849E-2,1.64230E-2,1.88659E-2,1.74118E-2,1.64248E-2,1.58284E-2,1.61918E-2,1.60826E-2,1.58549E-2,1.60416E-2,1.55112E-2,1.53309E-2,1.58133E-2,1.45745E-2,1.41515E-2,1.24998E-2,1.26961E-2,1.23017E-2,1.18179E-2,1.13090E-2,1.01527E-2,1.01845E-2,9.95872E-3,7.36447E-3,8.33151E-3,7.85716E-3,6.70203E-3,6.41303E-3,6.37769E-3,5.98529E-3,4.68135E-3,4.35780E-3,3.70488E-3,3.39632E-3,2.50884E-3,2.59286E-3,1.86118E-3,2.93748E-3,1.24982E-3,5.95282E-4,1.05843E-3,3.05779E-4,3.91534E-4,-2.22607E-4,8.56404E-5,-6.05230E-4,-1.34840E-3,-1.26911E-3,-1.51135E-3,-3.40311E-3,-2.11697E-3,-3.05073E-3,-2.84301E-3,-3.41935E-3,-3.43910E-3,-3.35757E-3,-4.40665E-3,-3.38905E-3,-4.16538E-3,-4.52957E-3,-4.73635E-3,-3.98003E-3,-4.46548E-3,-5.43805E-3,-5.02060E-3,-4.68235E-3,-5.28885E-3,-5.47926E-3,-5.46506E-3,-5.51236E-3,-5.86160E-3,-6.00572E-3,-6.46865E-3,-6.31108E-3,-6.35423E-3,-6.48783E-3,-6.66854E-3,-5.87971E-3,-6.56048E-3,-6.46188E-3,-6.22195E-3,-5.74670E-3,-6.20598E-3,-6.24996E-3,-5.74368E-3,-5.90939E-3,-4.89515E-3,-5.07516E-3,-5.46249E-3,-5.33432E-3,-5.15541E-3,-5.47705E-3,-5.51824E-3,-6.24992E-3,-6.15035E-3,-6.21103E-3
1.25069E+3,-6.69328E-6,1.20175E-5,9.94595E-5,-3.41064E-5,-3.84883E-5,-3.76425E-4,4.35444E-4,1.51473E-4,4.29637E-5,7.76339E-5,-8.25688E-5,-3.15081E-4,-3.66587E-4,2.43981E-4,1.56977E-4,9.87218E-4,1.19355E-3,1.66832E-3,3.01589E-3,3.49040E-3,5.22744E-3,6.53652E-3,8.83766E-3,1.02276E-2,1.38071E-2,1.41347E-2,1.75455E-2,2.01337E-2,2.26640E-2,2.26497E-2,2.38242E-2,2.46156E-2,2.46511E-2,2.48426E-2,2.52381E-2,2.54998E-2,2.55967E-2,2.60655E-2,2.62945E-2,2.54450E-2,2.56788E-2,2.55494E-2,2.44175E-2,2.45177E-2,2.36639E-2,2.37320E-2,2.35962E-2,2.35440E-2,2.35361E-2,2.42014E-2,2.30198E-2,2.30784E-2,2.19245E-2,2.26137E-2,2.27096E-2,2.12847E-2,2.15415E-2,2.21279E-2,2.15269E-2,2.11146E-2,1.82865E-2,1.83601E-2,1.97132E-2,1.90258E-2,1.61383E-2,1.84749E-2,1.77587E-2,1.91347E-2,1.68356E-2,1.70107E-2,1.57504E-2,1.79512E-2,1.66409E-2,1.74066E-2,1.72339E-2,1.57328E-2,1.51433E-2,1.57083E-2,1.56551E-2,1.54352E-2,1.56642E-2,1.48363E-2,1.48369E-2,1.52151E-2,1.34173E-2,1.34933E-2,1.24848E-2,1.29503E-2,1.15499E-2,1.13445E-2,1.09360E-2,9.48070E-3,9.54317E-3,9.26398E-3,8.28094E-3,8.48268E-3,7.50454E-3,6.31256E-3,6.04441E-3,6.26873E-3,5.54123E-3,3.78907E-3,4.53091E-3,3.17164E-3,3.27724E-3,2.31610E-3,2.26890E-3,2.02805E-3,2.33241E-3,1.24504E-3,5.97756E-4,6.48659E-4,6.25499E-4,7.77610E-5,-9.45198E-4,-2.25714E-4,-1.18467E-3,-1.55433E-3,-1.44033E-3,-1.93011E-3,-2.89648E-3,-2.34818E-3,-3.08611E-3,-2.74058E-3,-3.24282E-3,-3.81765E-3,-3.79806E-3,-3.82100E-3,-3.74357E-3,-4.18287E-3,-4.63665E-3,-4.55059E-3,-4.46773E-3,-5.10044E-3,-5.73804E-3,-5.24663E-3,-5.52145E-3,-5.35881E-3,-5.73739E-3,-5.82738E-3,-5.49931E-3,-5.90116E-3,-6.09952E-3,-6.22949E-3,-6.38803E-3,-6.60998E-3,-6.57558E-3,-6.53668E-3,-5.35051E-3,-6.29278E-3,-6.69515E-3,-5.93059E-3,-6.12248E-3,-6.40790E-3,-6.06863E-3,-6.18872E-3,-6.13596E-3,-4.75925E-3,-5.01942E-3,-5.55525E-3,-4.98920E-3,-5.15850E-3,-4.91836E-3,-5.34729E-3,-6.25888E-3,-6.77677E-3,-6.10478E-3
1.25418E+3,-2.04227E-4,1.47209E-4,1.49493E-4,-7.41292E-5,-1.44645E-4,1.06655E-4,5.44381E-4,5.78483E-4,-6.80679E-5,-5.08604E-4,-1.08396E-4,-4.56733E-4,1.81648E-4,-2.80255E-4,1.37188E-4,1.07236E-3,3.87676E-4,1.30928E-3,3.26872E-3,3.53295E-3,5.68933E-3,6.19090E-3,9.15748E-3,1.02496E-2,1.35478E-2,1.42378E-2,1.69224E-2,2.01403E-2,2.19035E-2,2.26853E-2,2.33595E-2,2.44909E-2,2.47599E-2,2.51363E-2,2.48969E-2,2.55880E-2,2.50503E-2,2.57028E-2,2.61097E-2,2.50516E-2,2.55003E-2,2.55942E-2,2.41091E-2,2.45961E-2,2.35350E-2,2.39568E-2,2.31843E-2,2.28264E-2,2.37344E-2,2.39042E-2,2.25535E-2,2.25448E-2,2.23037E-2,2.21796E-2,2.23658E-2,2.11514E-2,2.09268E-2,2.20595E-2,2.07682E-2,2.05030E-2,1.85294E-2,1.79159E-2,1.95351E-2,1.83739E-2,1.57141E-2,1.85229E-2,1.75321E-2,1.92659E-2,1.68239E-2,1.69617E-2,1.56404E-2,1.75538E-2,1.59437E-2,1.88447E-2,1.67217E-2,1.57612E-2,1.50806E-2,1.59101E-2,1.53124E-2,1.52140E-2,1.56796E-2,1.51517E-2,1.51518E-2,1.48951E-2,1.32736E-2,1.38964E-2,1.20785E-2,1.28809E-2,1.16081E-2,1.11492E-2,1.15788E-2,9.70451E-3,9.74270E-3,8.90887E-3,8.64301E-3,8.00330E-3,7.77371E-3,6.19021E-3,5.61330E-3,5.68794E-3,4.97078E-3,3.55537E-3,4.15946E-3,3.21919E-3,3.16413E-3,2.76162E-3,2.62049E-3,1.87659E-3,1.94993E-3,1.22835E-3,6.91325E-4,5.07372E-4,2.04064E-4,-4.35677E-4,-8.71263E-4,-1.26810E-4,-1.33384E-3,-1.46146E-3,-1.23593E-3,-1.91020E-3,-3.37528E-3,-2.34406E-3,-3.28991E-3,-2.69790E-3,-3.75654E-3,-3.62782E-3,-3.79663E-3,-4.68154E-3,-3.89590E-3,-4.15386E-3,-4.53886E-3,-4.58171E-3,-4.67654E-3,-4.70189E-3,-6.06766E-3,-4.78030E-3,-5.29036E-3,-5.72361E-3,-5.85007E-3,-5.61040E-3,-5.49076E-3,-6.00357E-3,-6.35472E-3,-6.49002E-3,-6.15490E-3,-6.45356E-3,-6.70734E-3,-6.92399E-3,-5.93477E-3,-6.87687E-3,-7.27795E-3,-6.12356E-3,-6.08068E-3,-6.25249E-3,-5.63035E-3,-5.91728E-3,-6.24161E-3,-5.40390E-3,-4.94400E-3,-5.73206E-3,-5.20587E-3,-5.38412E-3,-5.48278E-3,-6.05117E-3,-6.24894E-3,-6.65220E-3,-6.22339E-3
1.25766E+3,-6.33820E-4,9.56374E-5,1.28895E-4,-2.23388E-4,-5.52336E-4,7.88472E-5,4.86886E-4,4.92079E-4,2.46616E-4,-4.80216E-4,1.91683E-4,-2.35301E-4,-9.22497E-5,2.10342E-4,2.86324E-4,1.02219E-3,1.06861E-3,1.50012E-3,3.04804E-3,3.46099E-3,5.38039E-3,6.59430E-3,8.81477E-3,1.02663E-2,1.30432E-2,1.39711E-2,1.64551E-2,1.92926E-2,2.11383E-2,2.20337E-2,2.29514E-2,2.33939E-2,2.40037E-2,2.40802E-2,2.48625E-2,2.49864E-2,2.43333E-2,2.53859E-2,2.54504E-2,2.51312E-2,2.48779E-2,2.45147E-2,2.35624E-2,2.35107E-2,2.29469E-2,2.31647E-2,2.28408E-2,2.27240E-2,2.26880E-2,2.32511E-2,2.19582E-2,2.22938E-2,2.15993E-2,2.21983E-2,2.14614E-2,2.06902E-2,2.04241E-2,2.05805E-2,2.04536E-2,1.98813E-2,1.81201E-2,1.76751E-2,1.89002E-2,1.80402E-2,1.53368E-2,1.77762E-2,1.68818E-2,1.86087E-2,1.61626E-2,1.59425E-2,1.51151E-2,1.72780E-2,1.56876E-2,1.76923E-2,1.62603E-2,1.55465E-2,1.43359E-2,1.52459E-2,1.50814E-2,1.47049E-2,1.47918E-2,1.39856E-2,1.44371E-2,1.48572E-2,1.24316E-2,1.26633E-2,1.15874E-2,1.22381E-2,1.14086E-2,1.07151E-2,9.99660E-3,9.26983E-3,8.77788E-3,8.63958E-3,7.88811E-3,7.59892E-3,7.57763E-3,5.62636E-3,5.61287E-3,5.75674E-3,4.33284E-3,3.52173E-3,4.00978E-3,2.72641E-3,2.49007E-3,1.88578E-3,2.23198E-3,1.99500E-3,2.51418E-3,8.50251E-4,8.29519E-4,7.88299E-4,-2.46630E-4,-6.36879E-4,-1.29275E-3,-5.60348E-4,-1.27465E-3,-1.97198E-3,-1.16533E-3,-2.22689E-3,-3.35879E-3,-2.45012E-3,-3.21497E-3,-3.17450E-3,-4.20664E-3,-3.57215E-3,-3.61036E-3,-4.48323E-3,-3.96991E-3,-4.28743E-3,-5.07590E-3,-5.06071E-3,-4.81388E-3,-4.53189E-3,-5.55428E-3,-5.41134E-3,-5.26482E-3,-5.40492E-3,-5.65653E-3,-5.96122E-3,-5.29352E-3,-6.22699E-3,-6.35364E-3,-6.80375E-3,-6.55510E-3,-6.43470E-3,-6.30530E-3,-7.25048E-3,-6.22408E-3,-6.83765E-3,-6.82481E-3,-6.27895E-3,-6.28872E-3,-6.38644E-3,-6.12603E-3,-6.10587E-3,-6.36629E-3,-5.26081E-3,-5.28049E-3,-5.97027E-3,-5.10030E-3,-5.62436E-3,-4.85391E-3,-5.98682E-3,-6.05996E-3,-6.50153E-3,-6.31215E-3
1.26115E+3,1.74993E-4,8.69054E-5,-4.15559E-5,-2.85367E-4,-5.18105E-4,1.21710E-4,4.62038E-5,3.30094E-4,1.85504E-4,-1.44828E-4,-6.82569E-5,3.55000E-5,-3.29529E-4,1.77969E-4,2.28762E-4,6.90607E-4,1.32717E-3,1.34712E-3,3.37083E-3,3.56355E-3,5.28572E-3,6.15093E-3,8.30888E-3,1.01775E-2,1.33477E-2,1.31989E-2,1.65243E-2,1.95845E-2,2.14869E-2,2.14874E-2,2.23906E-2,2.37298E-2,2.35933E-2,2.36810E-2,2.36292E-2,2.45137E-2,2.36578E-2,2.45163E-2,2.46905E-2,2.42641E-2,2.44588E-2,2.31644E-2,2.32381E-2,2.30413E-2,2.23739E-2,2.27609E-2,2.21169E-2,2.22481E-2,2.20534E-2,2.31396E-2,2.15213E-2,2.16263E-2,2.11514E-2,2.11967E-2,2.06516E-2,2.05303E-2,2.05830E-2,2.04113E-2,1.95090E-2,1.92559E-2,1.70999E-2,1.69226E-2,1.82412E-2,1.74383E-2,1.47964E-2,1.77191E-2,1.66814E-2,1.69892E-2,1.56038E-2,1.55673E-2,1.47455E-2,1.68583E-2,1.48987E-2,1.64452E-2,1.56593E-2,1.46354E-2,1.38584E-2,1.48671E-2,1.43510E-2,1.45168E-2,1.47102E-2,1.34182E-2,1.39231E-2,1.43873E-2,1.24181E-2,1.24608E-2,1.11774E-2,1.18829E-2,1.09332E-2,9.95031E-3,9.87747E-3,8.39658E-3,8.54885E-3,8.25230E-3,6.73171E-3,7.25551E-3,6.55284E-3,5.39475E-3,5.61080E-3,5.34539E-3,4.81542E-3,3.41567E-3,3.83489E-3,2.57407E-3,2.68633E-3,2.48190E-3,2.13572E-3,1.35323E-3,1.86400E-3,5.62906E-4,2.84366E-4,3.16004E-4,-2.50741E-4,-5.68387E-4,-1.23725E-3,-6.17312E-4,-1.80551E-3,-2.12324E-3,-1.14083E-3,-2.73202E-3,-4.04158E-3,-2.58196E-3,-3.85828E-3,-3.26286E-3,-4.15294E-3,-3.82009E-3,-3.79420E-3,-4.40067E-3,-3.86676E-3,-4.52647E-3,-4.61869E-3,-5.02091E-3,-4.76092E-3,-4.60593E-3,-5.51380E-3,-5.25232E-3,-5.31156E-3,-5.42356E-3,-5.62942E-3,-5.69517E-3,-5.43187E-3,-6.34439E-3,-6.08131E-3,-6.26268E-3,-6.25357E-3,-5.96925E-3,-6.16264E-3,-6.60597E-3,-5.90601E-3,-7.23030E-3,-6.99624E-3,-6.35282E-3,-5.93273E-3,-6.07253E-3,-6.11979E-3,-5.94219E-3,-5.91069E-3,-4.93397E-3,-5.14683E-3,-5.58586E-3,-5.10151E-3,-5.13451E-3,-5.37584E-3,-5.88451E-3,-6.05711E-3,-6.47692E-3,-6.03824E-3
1.26464E+3,-1.98551E-4,3.03894E-4,-9.40459E-5,-3.35411E-4,-3.90909E-4,9.81900E-5,7.73350E-4,1.45639E-4,-1.65373E-4,-3.14152E-4,-3.15925E-5,1.47502E-5,-1.50371E-4,-2.25420E-4,5.70002E-4,9.96243E-4,7.82238E-4,1.34737E-3,2.74650E-3,3.20237E-3,5.15988E-3,5.76196E-3,8.08415E-3,9.62933E-3,1.26195E-2,1.27412E-2,1.58433E-2,1.84798E-2,2.12106E-2,2.05889E-2,2.13205E-2,2.23754E-2,2.30648E-2,2.33725E-2,2.31703E-2,2.32743E-2,2.28758E-2,2.40802E-2,2.37090E-2,2.36705E-2,2.36147E-2,2.31436E-2,2.25956E-2,2.22559E-2,2.17865E-2,2.20439E-2,2.15942E-2,2.09791E-2,2.11699E-2,2.20617E-2,2.11418E-2,2.12686E-2,2.02236E-2,2.03453E-2,2.04531E-2,2.00496E-2,1.99751E-2,1.97452E-2,1.93548E-2,1.83138E-2,1.66423E-2,1.63864E-2,1.78598E-2,1.72973E-2,1.45778E-2,1.65465E-2,1.60563E-2,1.69991E-2,1.51942E-2,1.49525E-2,1.41116E-2,1.63933E-2,1.49807E-2,1.55805E-2,1.54262E-2,1.39075E-2,1.41191E-2,1.43208E-2,1.40442E-2,1.37161E-2,1.41157E-2,1.30889E-2,1.33555E-2,1.40636E-2,1.16799E-2,1.17821E-2,1.08477E-2,1.10758E-2,1.03116E-2,9.64099E-3,9.82801E-3,8.79346E-3,8.19288E-3,7.88773E-3,6.42349E-3,6.47014E-3,6.84360E-3,4.69970E-3,4.60579E-3,4.94907E-3,4.25058E-3,3.09072E-3,3.07790E-3,2.56718E-3,1.95831E-3,1.96079E-3,1.43439E-3,1.94313E-3,1.99834E-3,1.02904E-4,-2.53488E-4,2.12560E-4,-5.61836E-4,-9.75767E-4,-1.25510E-3,-1.23644E-3,-1.73191E-3,-2.09863E-3,-2.04861E-3,-2.14570E-3,-3.74828E-3,-2.54318E-3,-3.62856E-3,-3.45803E-3,-4.19405E-3,-4.17309E-3,-4.53197E-3,-4.19056E-3,-4.58063E-3,-4.76024E-3,-4.86881E-3,-5.05469E-3,-4.81757E-3,-4.83289E-3,-5.81353E-3,-5.38438E-3,-5.29757E-3,-5.83273E-3,-5.87924E-3,-6.05352E-3,-5.14750E-3,-6.20155E-3,-6.04058E-3,-6.49241E-3,-6.71067E-3,-6.68305E-3,-6.45634E-3,-7.05790E-3,-5.79739E-3,-6.86063E-3,-6.85285E-3,-6.33397E-3,-6.20498E-3,-6.42418E-3,-5.97278E-3,-6.02124E-3,-6.53591E-3,-4.48755E-3,-5.25852E-3,-5.85210E-3,-4.27376E-3,-5.18323E-3,-5.15386E-3,-5.15712E-3,-6.33401E-3,-6.85170E-3,-6.23263E-3
1.26812E+3,-4.85768E-4,7.28577E-5,2.01499E-4,2.12338E-4,-5.95255E-4,-2.56843E-4,4.97549E-4,7.44575E-4,1.94748E-4,-2.64880E-4,-4.36217E-4,1.54119E-4,-1.51107E-4,2.26253E-4,-1.13869E-4,4.57124E-4,1.12329E-3,9.97042E-4,3.23329E-3,3.33744E-3,5.28032E-3,6.47973E-3,7.66938E-3,9.13483E-3,1.21997E-2,1.22841E-2,1.53107E-2,1.78917E-2,2.03630E-2,2.00869E-2,2.10443E-2,2.23989E-2,2.25841E-2,2.27068E-2,2.31028E-2,2.27794E-2,2.23048E-2,2.35044E-2,2.40856E-2,2.23812E-2,2.34165E-2,2.23318E-2,2.21821E-2,2.16753E-2,2.06057E-2,2.16970E-2,2.11798E-2,2.08489E-2,2.10448E-2,2.17955E-2,2.06439E-2,2.01490E-2,1.99072E-2,1.97344E-2,1.99540E-2,1.91272E-2,1.89034E-2,1.92362E-2,1.86874E-2,1.80231E-2,1.62779E-2,1.63536E-2,1.73857E-2,1.73487E-2,1.36187E-2,1.65571E-2,1.51545E-2,1.69276E-2,1.44971E-2,1.48387E-2,1.34466E-2,1.58889E-2,1.42806E-2,1.59169E-2,1.45309E-2,1.38806E-2,1.34464E-2,1.37509E-2,1.37005E-2,1.33755E-2,1.36517E-2,1.32342E-2,1.33811E-2,1.33640E-2,1.17624E-2,1.21118E-2,1.03625E-2,1.04567E-2,1.04556E-2,9.68790E-3,9.61491E-3,8.54084E-3,7.71295E-3,7.82679E-3,6.35220E-3,6.26086E-3,6.20619E-3,4.68994E-3,4.57055E-3,4.61947E-3,4.68556E-3,3.43571E-3,2.63092E-3,2.49170E-3,1.93586E-3,1.57933E-3,1.10921E-3,1.16014E-3,1.09845E-3,-9.05326E-5,-3.86366E-4,3.95368E-4,-3.84162E-4,-7.25558E-4,-1.38394E-3,-1.17113E-3,-1.65185E-3,-2.74734E-3,-1.58178E-3,-2.60379E-3,-4.94619E-3,-2.97578E-3,-3.75722E-3,-3.96771E-3,-4.07950E-3,-4.35533E-3,-3.58161E-3,-5.29462E-3,-4.36924E-3,-4.92741E-3,-4.80467E-3,-4.70385E-3,-4.78619E-3,-5.62443E-3,-6.05132E-3,-5.41383E-3,-5.55882E-3,-5.68385E-3,-5.97507E-3,-5.78135E-3,-5.75918E-3,-6.38285E-3,-6.26933E-3,-6.80414E-3,-6.50976E-3,-6.71121E-3,-6.09716E-3,-6.92829E-3,-5.61063E-3,-6.72058E-3,-6.88583E-3,-6.01687E-3,-6.17282E-3,-6.31798E-3,-5.86219E-3,-5.89430E-3,-6.37065E-3,-4.41817E-3,-5.65463E-3,-6.21139E-3,-5.09722E-3,-5.17972E-3,-5.02367E-3,-5.62633E-3,-6.00839E-3,-6.49773E-3,-6.59927E-3
1.27161E+3,-2.18801E-4,1.84668E-4,-6.09070E-5,2.74529E-4,-2.23288E-5,-1.98020E-4,-1.68221E-4,-4.88766E-4,3.58622E-4,-4.98915E-4,1.15182E-4,-3.39329E-4,2.15111E-4,3.00622E-4,5.46555E-4,9.60595E-4,1.06807E-3,1.16048E-3,2.64037E-3,3.17327E-3,4.80590E-3,5.47491E-3,7.88840E-3,8.87773E-3,1.18818E-2,1.25717E-2,1.50704E-2,1.72252E-2,1.95209E-2,1.98054E-2,2.03677E-2,2.14547E-2,2.18818E-2,2.17420E-2,2.21176E-2,2.20090E-2,2.22412E-2,2.29049E-2,2.32215E-2,2.30863E-2,2.25027E-2,2.24588E-2,2.16555E-2,2.15826E-2,2.14064E-2,2.14342E-2,2.03976E-2,2.06040E-2,2.04076E-2,2.11995E-2,1.98379E-2,2.00198E-2,1.92224E-2,1.97159E-2,1.94830E-2,1.86789E-2,1.83041E-2,1.92456E-2,1.85892E-2,1.74363E-2,1.55996E-2,1.56174E-2,1.66983E-2,1.66416E-2,1.31620E-2,1.56396E-2,1.50138E-2,1.64289E-2,1.42239E-2,1.39508E-2,1.32689E-2,1.50145E-2,1.39625E-2,1.59666E-2,1.44069E-2,1.36017E-2,1.31718E-2,1.34246E-2,1.33132E-2,1.25638E-2,1.33645E-2,1.21536E-2,1.27224E-2,1.28966E-2,1.10903E-2,1.13672E-2,9.87318E-3,1.04221E-2,9.41948E-3,9.52110E-3,9.19451E-3,7.23050E-3,7.67445E-3,6.97760E-3,5.71245E-3,6.07638E-3,5.49213E-3,4.88108E-3,4.00284E-3,4.89476E-3,3.05559E-3,2.11230E-3,2.56746E-3,1.96867E-3,1.70682E-3,1.53563E-3,1.96083E-3,8.47651E-4,1.14076E-3,-2.17333E-4,-6.52916E-4,-8.01457E-4,-8.16172E-4,-1.19409E-3,-1.72018E-3,-1.05846E-3,-2.24525E-3,-3.12667E-3,-1.69978E-3,-3.10380E-3,-3.98901E-3,-3.23735E-3,-3.74271E-3,-3.39437E-3,-4.24281E-3,-4.27808E-3,-4.13457E-3,-4.54171E-3,-4.11696E-3,-4.54272E-3,-5.26663E-3,-5.05303E-3,-5.15607E-3,-5.35030E-3,-6.11762E-3,-5.69901E-3,-5.80481E-3,-6.16646E-3,-6.02954E-3,-5.66175E-3,-6.00485E-3,-6.24801E-3,-6.64519E-3,-6.50218E-3,-6.29182E-3,-6.66012E-3,-6.30030E-3,-7.08631E-3,-5.74834E-3,-6.78259E-3,-6.93470E-3,-6.27422E-3,-6.16480E-3,-6.17950E-3,-6.54920E-3,-6.28209E-3,-6.63147E-3,-5.47353E-3,-5.16897E-3,-5.73686E-3,-4.16024E-3,-5.19838E-3,-5.00005E-3,-6.19182E-3,-6.13625E-3,-6.54395E-3,-6.50582E-3
1.27510E+3,-1.50998E-4,-9.96200E-5,3.71380E-5,-5.14271E-5,-2.12990E-4,4.53857E-4,-4.44454E-4,2.00115E-4,2.76479E-4,-4.50890E-5,-2.47922E-4,-7.54795E-5,9.92297E-5,4.35589E-4,-1.74428E-4,7.04103E-4,5.42907E-4,1.03622E-3,2.24907E-3,2.72281E-3,4.48942E-3,5.78357E-3,7.16292E-3,8.88156E-3,1.13172E-2,1.19816E-2,1.43647E-2,1.70408E-2,1.93731E-2,1.87545E-2,1.96916E-2,2.12345E-2,2.14673E-2,2.12091E-2,2.15005E-2,2.13534E-2,2.14595E-2,2.23051E-2,2.20832E-2,2.20979E-2,2.15852E-2,2.22048E-2,2.05792E-2,2.09897E-2,1.93481E-2,1.98659E-2,1.96767E-2,1.95206E-2,1.98607E-2,2.02525E-2,1.91836E-2,1.91759E-2,1.89597E-2,1.86367E-2,1.89853E-2,1.69230E-2,1.76611E-2,1.84040E-2,1.72289E-2,1.68839E-2,1.53433E-2,1.46274E-2,1.60277E-2,1.54381E-2,1.28859E-2,1.52843E-2,1.44007E-2,1.56978E-2,1.38082E-2,1.34240E-2,1.24152E-2,1.44566E-2,1.31333E-2,1.48674E-2,1.30977E-2,1.28851E-2,1.21043E-2,1.29033E-2,1.26888E-2,1.28375E-2,1.27038E-2,1.19269E-2,1.18037E-2,1.19499E-2,1.07821E-2,1.12179E-2,9.91821E-3,9.82561E-3,9.21745E-3,8.82828E-3,7.94769E-3,7.72055E-3,6.42766E-3,6.92679E-3,5.31553E-3,5.46956E-3,5.71025E-3,4.24758E-3,4.27252E-3,4.06338E-3,3.22320E-3,2.23261E-3,2.52546E-3,1.72673E-3,1.46982E-3,1.14757E-3,1.22191E-3,6.61652E-4,7.59499E-4,-2.31714E-4,-4.54367E-4,-8.30210E-4,-1.12477E-3,-1.76840E-3,-2.07444E-3,-8.77352E-4,-2.53376E-3,-2.95505E-3,-2.41137E-3,-2.91140E-3,-4.93779E-3,-3.59429E-3,-4.69066E-3,-3.70146E-3,-4.55695E-3,-4.89725E-3,-3.74367E-3,-4.78202E-3,-4.72801E-3,-5.10088E-3,-4.93560E-3,-5.14030E-3,-5.12224E-3,-5.76342E-3,-6.14054E-3,-5.86534E-3,-5.68176E-3,-5.85377E-3,-6.15587E-3,-6.09863E-3,-5.55069E-3,-6.39111E-3,-6.48212E-3,-7.69842E-3,-6.49270E-3,-6.70144E-3,-6.34268E-3,-6.96227E-3,-6.49443E-3,-6.81076E-3,-7.28314E-3,-6.04323E-3,-5.89436E-3,-6.55997E-3,-6.37703E-3,-5.83204E-3,-6.24178E-3,-5.30607E-3,-5.33134E-3,-5.97908E-3,-5.53352E-3,-5.45998E-3,-5.29160E-3,-5.57918E-3,-6.74874E-3,-6.82812E-3,-6.51098E-3
1.27859E+3,-3.98158E-4,2.30577E-5,-9.63560E-5,5.85891E-5,3.04565E-5,-4.78137E-5,-1.95092E-4,2.92321E-4,2.32303E-4,-5.53648E-5,1.63319E-5,-2.84681E-4,-1.84609E-5,2.53118E-4,1.89749E-4,4.54298E-4,8.13979E-4,9.75381E-4,2.49596E-3,2.87634E-3,4.97965E-3,5.08661E-3,7.46231E-3,8.60572E-3,1.16693E-2,1.18315E-2,1.42916E-2,1.65770E-2,1.87631E-2,1.87599E-2,1.95721E-2,2.05360E-2,2.03929E-2,2.05785E-2,2.11224E-2,2.07297E-2,2.07380E-2,2.07069E-2,2.17193E-2,2.12405E-2,2.09752E-2,2.08813E-2,1.93268E-2,1.99064E-2,1.93848E-2,1.91521E-2,1.94463E-2,1.85602E-2,1.91429E-2,1.99487E-2,1.85636E-2,1.84559E-2,1.85003E-2,1.83102E-2,1.78741E-2,1.69234E-2,1.78586E-2,1.79046E-2,1.68153E-2,1.62382E-2,1.46701E-2,1.42256E-2,1.59099E-2,1.47818E-2,1.26695E-2,1.46231E-2,1.31425E-2,1.53495E-2,1.38835E-2,1.33127E-2,1.18657E-2,1.41725E-2,1.26840E-2,1.49133E-2,1.33461E-2,1.21602E-2,1.19324E-2,1.22382E-2,1.19975E-2,1.18917E-2,1.19302E-2,1.15309E-2,1.15124E-2,1.16092E-2,9.96481E-3,1.00257E-2,8.65507E-3,9.75089E-3,8.14028E-3,8.46879E-3,8.53818E-3,6.85631E-3,6.06146E-3,6.01805E-3,4.95625E-3,5.55484E-3,4.69294E-3,4.12202E-3,3.43583E-3,3.90680E-3,2.84343E-3,2.14882E-3,1.61335E-3,1.60470E-3,1.06412E-3,7.31524E-4,-3.43398E-4,1.08429E-4,4.69428E-4,-1.04571E-3,-1.30863E-3,-1.32270E-3,-1.37421E-3,-1.80822E-3,-2.40787E-3,-1.61982E-3,-2.40319E-3,-3.47623E-3,-2.74288E-3,-3.38424E-3,-4.44395E-3,-3.46703E-3,-4.32649E-3,-3.32138E-3,-5.00015E-3,-4.35414E-3,-4.63598E-3,-4.68946E-3,-5.00806E-3,-5.10568E-3,-5.54681E-3,-5.35020E-3,-5.45636E-3,-5.49664E-3,-6.13583E-3,-5.78309E-3,-5.92435E-3,-6.56664E-3,-6.69685E-3,-6.52245E-3,-6.54924E-3,-6.83794E-3,-6.72322E-3,-6.94345E-3,-6.89024E-3,-6.57718E-3,-6.54570E-3,-7.15257E-3,-5.99239E-3,-7.28817E-3,-7.19436E-3,-6.40569E-3,-6.13972E-3,-6.26952E-3,-6.79599E-3,-6.11541E-3,-6.66559E-3,-5.09970E-3,-5.53070E-3,-5.39836E-3,-5.42873E-3,-5.69527E-3,-4.97748E-3,-5.30227E-3,-6.47626E-3,-6.57775E-3,-6.31095E-3
1.28209E+3,-4.06215E-4,2.06743E-4,-1.71790E-4,-1.46224E-4,5.74578E-5,1.87137E-4,8.73875E-5,2.33441E-4,1.55284E-4,-9.07488E-5,-2.81050E-4,2.69187E-4,1.51130E-4,-3.80186E-4,1.28447E-4,1.19755E-3,1.06033E-3,5.32776E-4,2.53892E-3,2.34048E-3,4.75945E-3,4.91944E-3,7.23904E-3,8.44178E-3,1.15320E-2,1.17978E-2,1.34620E-2,1.62116E-2,1.97301E-2,1.80733E-2,1.95504E-2,2.01062E-2,2.01391E-2,2.00331E-2,2.08357E-2,2.07648E-2,2.02790E-2,2.11944E-2,2.08883E-2,2.06312E-2,2.03279E-2,1.99413E-2,1.98153E-2,1.94050E-2,1.95755E-2,1.92054E-2,1.91041E-2,1.87161E-2,1.87316E-2,1.98434E-2,1.83785E-2,1.83855E-2,1.75110E-2,1.77687E-2,1.81759E-2,1.68669E-2,1.73700E-2,1.71497E-2,1.66243E-2,1.64824E-2,1.44585E-2,1.41174E-2,1.54277E-2,1.51361E-2,1.20175E-2,1.44079E-2,1.36875E-2,1.47257E-2,1.33193E-2,1.25453E-2,1.21669E-2,1.36089E-2,1.28193E-2,1.38683E-2,1.27153E-2,1.21131E-2,1.20789E-2,1.19696E-2,1.19727E-2,1.19352E-2,1.21521E-2,1.14114E-2,1.13327E-2,1.18246E-2,9.23193E-3,1.01427E-2,9.28472E-3,9.07593E-3,8.26158E-3,8.07237E-3,8.00295E-3,6.50302E-3,5.95803E-3,6.02836E-3,4.70836E-3,4.68912E-3,4.50637E-3,3.22988E-3,3.78916E-3,3.55515E-3,2.62389E-3,2.11400E-3,1.86301E-3,1.57444E-3,1.44627E-3,1.06888E-3,-1.62552E-4,4.14149E-4,3.31356E-4,-7.93034E-4,-1.08459E-3,-6.33286E-4,-1.37952E-3,-1.79844E-3,-2.62437E-3,-2.23499E-3,-2.26294E-3,-3.25242E-3,-2.50622E-3,-3.30877E-3,-5.28839E-3,-3.40435E-3,-4.98900E-3,-4.71679E-3,-4.29092E-3,-4.58430E-3,-3.72309E-3,-5.10313E-3,-4.88768E-3,-4.57894E-3,-5.67350E-3,-5.80839E-3,-5.13824E-3,-5.85980E-3,-6.07414E-3,-5.64561E-3,-5.66510E-3,-5.93753E-3,-6.33361E-3,-6.19398E-3,-6.11236E-3,-6.36921E-3,-6.81550E-3,-6.46629E-3,-6.65745E-3,-6.75024E-3,-6.43822E-3,-6.97517E-3,-5.71935E-3,-6.59648E-3,-6.97566E-3,-6.06652E-3,-6.52156E-3,-6.21564E-3,-5.74915E-3,-5.84929E-3,-5.89078E-3,-5.59750E-3,-4.84965E-3,-5.67879E-3,-5.28317E-3,-4.67256E-3,-5.18904E-3,-5.65410E-3,-5.69448E-3,-6.37877E-3,-6.04851E-3
1.28558E+3,-8.47463E-5,-8.87613E-6,4.74726E-4,2.58109E-5,-2.09644E-4,-4.89401E-4,1.92026E-4,-1.00121E-4,-4.72080E-5,-5.81176E-4,2.85859E-4,-1.36754E-4,2.56824E-7,5.58183E-4,1.21066E-4,9.29450E-4,8.93818E-4,7.73039E-4,2.04308E-3,2.22715E-3,5.06474E-3,4.94463E-3,7.08941E-3,7.92188E-3,1.06763E-2,1.08312E-2,1.33052E-2,1.59478E-2,1.73755E-2,1.80235E-2,1.92716E-2,1.93245E-2,1.97860E-2,1.97851E-2,2.07104E-2,1.97707E-2,2.01146E-2,2.08110E-2,2.08047E-2,2.01696E-2,2.02159E-2,1.99469E-2,1.86245E-2,1.90007E-2,1.81869E-2,1.90428E-2,1.89557E-2,1.76931E-2,1.85504E-2,1.93900E-2,1.87218E-2,1.79138E-2,1.72886E-2,1.70617E-2,1.72884E-2,1.48540E-2,1.67358E-2,1.67403E-2,1.64063E-2,1.60429E-2,1.39169E-2,1.37390E-2,1.49551E-2,1.46598E-2,1.13007E-2,1.42020E-2,1.28609E-2,1.45587E-2,1.30781E-2,1.14886E-2,1.19181E-2,1.26513E-2,1.17535E-2,1.40862E-2,1.30312E-2,1.19089E-2,1.13853E-2,1.16972E-2,1.16019E-2,1.12586E-2,1.19087E-2,1.09405E-2,1.05091E-2,1.10994E-2,1.01767E-2,9.62108E-3,8.51384E-3,9.10945E-3,8.10622E-3,7.84019E-3,7.45418E-3,6.97967E-3,5.89335E-3,5.23618E-3,4.18409E-3,5.08894E-3,4.87469E-3,3.59310E-3,3.32170E-3,3.48235E-3,2.37600E-3,9.90012E-4,1.71299E-3,1.23858E-3,5.08165E-4,4.24545E-4,7.21298E-5,4.91434E-4,1.77442E-4,-7.89841E-4,-1.08738E-3,-1.78249E-3,-1.50188E-3,-2.26369E-3,-2.54986E-3,-2.34278E-3,-3.33138E-3,-3.97650E-3,-2.65558E-3,-3.39385E-3,-5.28210E-3,-3.92966E-3,-4.80368E-3,-3.98321E-3,-4.63749E-3,-5.07319E-3,-4.59657E-3,-5.60480E-3,-5.18672E-3,-5.78264E-3,-5.88446E-3,-5.35916E-3,-6.11618E-3,-4.92202E-3,-6.56664E-3,-6.06063E-3,-5.94672E-3,-5.85942E-3,-6.32134E-3,-6.20435E-3,-6.54075E-3,-6.92812E-3,-6.97722E-3,-6.71279E-3,-6.84229E-3,-6.36994E-3,-6.52658E-3,-7.01116E-3,-5.81799E-3,-7.20863E-3,-7.13671E-3,-6.32283E-3,-5.74257E-3,-6.73273E-3,-5.95003E-3,-5.61249E-3,-6.35749E-3,-4.70996E-3,-5.19140E-3,-5.93525E-3,-5.34814E-3,-4.31508E-3,-5.37076E-3,-5.62029E-3,-6.69473E-3,-6.72799E-3,-6.32982E-3
1.28907E+3,-1.61417E-4,-1.34415E-4,-7.49766E-5,-2.68775E-4,-5.56074E-4,3.10690E-5,7.93326E-4,3.41351E-4,3.30460E-4,-7.30534E-5,-1.64415E-4,-4.40601E-4,-2.06342E-4,3.01644E-4,2.82219E-4,7.31749E-4,1.55958E-3,2.21379E-4,2.50662E-3,2.47521E-3,4.24760E-3,4.89272E-3,6.31734E-3,8.27689E-3,1.03425E-2,1.03853E-2,1.24167E-2,1.54414E-2,1.70916E-2,1.71355E-2,1.79763E-2,1.90204E-2,1.89203E-2,1.98615E-2,1.92769E-2,1.95037E-2,1.91103E-2,2.02940E-2,1.96731E-2,1.89596E-2,1.89981E-2,1.89756E-2,1.82746E-2,1.83636E-2,1.77262E-2,1.79555E-2,1.81839E-2,1.72602E-2,1.76751E-2,1.84261E-2,1.65419E-2,1.72980E-2,1.64667E-2,1.62082E-2,1.63182E-2,1.58500E-2,1.53319E-2,1.58771E-2,1.55678E-2,1.48269E-2,1.29523E-2,1.34278E-2,1.42819E-2,1.41089E-2,1.15062E-2,1.34109E-2,1.26128E-2,1.38707E-2,1.23213E-2,1.16240E-2,1.11402E-2,1.28032E-2,1.15273E-2,1.41387E-2,1.20608E-2,1.13986E-2,1.04225E-2,1.09795E-2,1.06436E-2,1.04599E-2,1.08306E-2,1.09923E-2,1.04482E-2,1.02228E-2,8.76794E-3,9.31522E-3,7.86601E-3,8.49037E-3,7.81671E-3,6.77551E-3,7.03858E-3,6.03498E-3,5.79249E-3,5.94741E-3,3.93205E-3,5.30647E-3,4.65130E-3,2.56809E-3,2.69224E-3,2.29758E-3,2.52515E-3,2.12962E-3,1.14265E-3,-1.18688E-4,3.87370E-4,-4.26174E-4,-5.01028E-4,-1.51471E-4,-1.32183E-4,-1.29019E-3,-1.98008E-3,-1.61149E-3,-2.12371E-3,-2.62846E-3,-2.67902E-3,-2.19228E-3,-3.32578E-3,-3.88675E-3,-3.33405E-3,-3.70107E-3,-5.16998E-3,-3.88249E-3,-4.76125E-3,-4.25867E-3,-5.05576E-3,-5.19818E-3,-5.04789E-3,-5.99113E-3,-5.34127E-3,-4.73426E-3,-5.84488E-3,-6.03420E-3,-5.39259E-3,-5.84920E-3,-6.05025E-3,-6.53848E-3,-5.59305E-3,-6.25959E-3,-6.78379E-3,-6.91746E-3,-6.20948E-3,-6.84471E-3,-7.06202E-3,-7.03695E-3,-6.79718E-3,-6.73909E-3,-6.58858E-3,-6.99217E-3,-5.87325E-3,-6.83336E-3,-7.32486E-3,-6.56394E-3,-6.14483E-3,-6.38130E-3,-6.06745E-3,-7.05799E-3,-6.34873E-3,-4.37693E-3,-5.87412E-3,-5.97865E-3,-5.51695E-3,-5.60019E-3,-5.69746E-3,-5.62666E-3,-7.20625E-3,-6.86546E-3,-6.38083E-3
1.29256E+3,3.25767E-4,-3.20698E-4,1.34359E-4,-1.63982E-5,2.64848E-4,-6.17219E-4,8.44801E-4,6.11324E-4,-2.62716E-5,-4.74854E-4,-3.88551E-4,1.23150E-4,-2.51380E-4,-6.17962E-4,4.09083E-4,8.13766E-4,1.64584E-4,5.93738E-4,1.73562E-3,2.36140E-3,4.39537E-3,4.33787E-3,6.31587E-3,7.77278E-3,1.02410E-2,9.86092E-3,1.23727E-2,1.50226E-2,1.66511E-2,1.67519E-2,1.70728E-2,1.80907E-2,1.78045E-2,1.88034E-2,1.87537E-2,1.84542E-2,1.81402E-2,1.90688E-2,1.91918E-2,1.83602E-2,1.90126E-2,1.90628E-2,1.68574E-2,1.78228E-2,1.69023E-2,1.66271E-2,1.69936E-2,1.71472E-2,1.71547E-2,1.76099E-2,1.60204E-2,1.62412E-2,1.57060E-2,1.49906E-2,1.54619E-2,1.48032E-2,1.47889E-2,1.51864E-2,1.49191E-2,1.49070E-2,1.29602E-2,1.18692E-2,1.37802E-2,1.37650E-2,1.10832E-2,1.28934E-2,1.19640E-2,1.34242E-2,1.15958E-2,1.16126E-2,9.91943E-3,1.20561E-2,1.10666E-2,1.26154E-2,1.12412E-2,1.01991E-2,9.34455E-3,1.09587E-2,9.43428E-3,9.89804E-3,9.81368E-3,9.56170E-3,9.49802E-3,9.61772E-3,8.16879E-3,8.51981E-3,7.26502E-3,8.14577E-3,6.71164E-3,6.71584E-3,6.48164E-3,5.55712E-3,5.79907E-3,4.19193E-3,3.56148E-3,3.82060E-3,3.29153E-3,2.53090E-3,2.18841E-3,2.39838E-3,1.98268E-3,4.16471E-4,5.12356E-4,5.05294E-4,9.56710E-6,-3.19169E-4,-1.46587E-4,-9.76229E-4,-7.51104E-4,-1.74421E-3,-1.89545E-3,-2.09323E-3,-2.13955E-3,-2.35081E-3,-3.10825E-3,-2.64098E-3,-2.47760E-3,-3.98619E-3,-4.14596E-3,-4.26719E-3,-5.41725E-3,-4.38436E-3,-5.75846E-3,-4.58593E-3,-5.38570E-3,-5.39928E-3,-4.83511E-3,-5.60336E-3,-4.65618E-3,-6.35173E-3,-5.81139E-3,-6.01754E-3,-5.82391E-3,-6.43036E-3,-6.36914E-3,-6.29150E-3,-6.19781E-3,-6.90429E-3,-7.13087E-3,-6.98719E-3,-6.33971E-3,-7.04514E-3,-7.19784E-3,-7.65950E-3,-7.08070E-3,-7.12258E-3,-6.44910E-3,-7.68772E-3,-5.94147E-3,-7.47149E-3,-7.43424E-3,-6.37051E-3,-5.77741E-3,-6.47272E-3,-6.08333E-3,-6.00061E-3,-7.20299E-3,-4.96784E-3,-5.47490E-3,-5.86918E-3,-4.78103E-3,-5.56660E-3,-5.09171E-3,-5.37613E-3,-6.75586E-3,-6.80325E-3,-6.84044E-3
1.29606E+3,-1.37522E-4,1.20966E-4,-9.94230E-4,-2.41735E-4,-1.05729E-4,-4.76610E-4,-1.59397E-5,6.07707E-4,1.07450E-4,4.80438E-5,6.58573E-5,3.97480E-4,3.51065E-4,-1.98252E-4,4.71448E-4,6.87800E-4,8.82796E-4,4.36043E-4,1.81912E-3,2.61538E-3,3.54839E-3,4.63039E-3,6.96465E-3,6.77061E-3,8.96999E-3,9.55307E-3,1.14006E-2,1.39460E-2,1.60478E-2,1.55810E-2,1.67935E-2,1.76583E-2,1.70975E-2,1.80162E-2,1.81725E-2,1.76800E-2,1.76063E-2,1.77400E-2,1.73962E-2,1.74013E-2,1.75332E-2,1.74448E-2,1.62763E-2,1.68330E-2,1.63778E-2,1.65520E-2,1.63495E-2,1.57735E-2,1.58968E-2,1.69538E-2,1.51650E-2,1.50733E-2,1.44124E-2,1.48125E-2,1.48313E-2,1.24960E-2,1.36057E-2,1.43210E-2,1.38894E-2,1.36395E-2,1.21238E-2,1.15970E-2,1.25403E-2,1.20891E-2,1.00192E-2,1.19371E-2,1.11954E-2,1.26940E-2,1.06378E-2,1.03436E-2,9.28021E-3,1.12320E-2,1.03298E-2,1.14373E-2,9.78642E-3,9.88823E-3,9.59173E-3,9.74323E-3,9.22309E-3,9.49311E-3,9.47794E-3,8.88284E-3,9.50573E-3,9.13594E-3,8.06856E-3,8.10311E-3,6.33950E-3,7.29275E-3,6.70623E-3,6.44125E-3,6.41858E-3,4.25219E-3,3.70520E-3,4.02138E-3,4.16671E-3,4.19387E-3,3.79019E-3,1.97834E-3,2.34394E-3,1.73618E-3,1.59678E-3,3.28207E-5,5.21229E-4,-1.42553E-4,-2.84937E-5,-5.53214E-4,9.42644E-5,-8.57060E-4,-7.89692E-4,-1.80298E-3,-3.09506E-3,-2.39829E-3,-2.98052E-3,-3.07333E-3,-3.81070E-3,-2.78126E-3,-3.68457E-3,-4.29450E-3,-3.52997E-3,-4.34169E-3,-5.85965E-3,-4.96589E-3,-5.67358E-3,-4.45872E-3,-5.34013E-3,-5.02003E-3,-4.70716E-3,-6.17431E-3,-5.69089E-3,-5.67131E-3,-5.94387E-3,-5.91625E-3,-5.94972E-3,-6.62614E-3,-7.18895E-3,-7.28226E-3,-6.31514E-3,-6.98351E-3,-6.83462E-3,-6.69316E-3,-6.72708E-3,-7.07339E-3,-7.07159E-3,-7.49003E-3,-7.31627E-3,-6.89461E-3,-7.51680E-3,-7.94340E-3,-6.22090E-3,-7.20215E-3,-7.37359E-3,-7.02112E-3,-6.59938E-3,-6.28024E-3,-6.55332E-3,-6.33395E-3,-6.98295E-3,-5.57962E-3,-6.23479E-3,-6.72912E-3,-5.44919E-3,-5.28503E-3,-5.96575E-3,-5.49066E-3,-6.92098E-3,-6.84437E-3,-7.15087E-3
1.29955E+3,6.48923E-4,-2.18210E-4,-1.76805E-4,2.34152E-4,-7.29323E-4,-9.97481E-5,-2.35149E-4,3.62477E-4,2.48944E-4,5.31111E-5,-7.52337E-4,-2.62182E-4,3.24857E-4,4.80698E-4,1.20592E-4,4.12722E-4,4.05696E-4,1.36231E-3,7.85614E-4,2.79805E-3,4.19878E-3,4.55369E-3,6.20535E-3,7.60861E-3,9.23897E-3,1.03026E-2,1.16990E-2,1.37301E-2,1.51511E-2,1.53708E-2,1.63229E-2,1.64028E-2,1.71421E-2,1.70810E-2,1.76326E-2,1.79490E-2,1.72346E-2,1.77322E-2,1.78499E-2,1.67327E-2,1.63380E-2,1.75664E-2,1.63154E-2,1.62612E-2,1.57408E-2,1.55879E-2,1.61294E-2,1.48421E-2,1.56173E-2,1.61832E-2,1.49116E-2,1.52519E-2,1.41735E-2,1.44167E-2,1.43657E-2,1.33358E-2,1.38745E-2,1.40341E-2,1.34735E-2,1.33621E-2,1.16262E-2,1.18918E-2,1.26164E-2,1.20795E-2,1.00979E-2,1.12752E-2,1.12434E-2,1.25237E-2,1.02320E-2,9.74335E-3,9.30978E-3,1.04045E-2,9.26526E-3,1.16165E-2,1.01557E-2,9.50990E-3,9.55576E-3,9.64978E-3,9.71906E-3,9.11820E-3,9.45937E-3,9.01334E-3,8.54514E-3,9.07836E-3,7.91509E-3,7.49455E-3,6.02526E-3,7.32361E-3,6.88092E-3,5.80466E-3,5.62659E-3,3.91875E-3,4.04985E-3,3.69168E-3,2.74584E-3,3.21583E-3,3.73113E-3,1.99085E-3,1.24486E-3,1.68955E-3,1.80157E-3,1.89624E-4,6.85576E-4,1.26563E-4,-6.25722E-4,-1.50187E-3,5.04389E-5,-1.00647E-3,-1.04358E-3,-2.23380E-3,-2.01962E-3,-1.93602E-3,-3.15567E-3,-3.14236E-3,-4.07180E-3,-2.81817E-3,-3.23409E-3,-4.36242E-3,-3.85814E-3,-4.45710E-3,-6.03899E-3,-4.33412E-3,-5.65799E-3,-5.36991E-3,-5.04105E-3,-5.30822E-3,-4.85142E-3,-5.29469E-3,-5.87989E-3,-6.08265E-3,-6.18267E-3,-6.66666E-3,-5.73398E-3,-5.60067E-3,-6.67378E-3,-6.74732E-3,-6.15912E-3,-6.66644E-3,-6.93868E-3,-6.33750E-3,-6.39757E-3,-6.99094E-3,-7.27333E-3,-6.86760E-3,-6.90691E-3,-7.30422E-3,-7.10296E-3,-7.29560E-3,-6.00110E-3,-7.33792E-3,-7.42312E-3,-6.53829E-3,-6.47062E-3,-6.55508E-3,-6.64793E-3,-6.76546E-3,-6.84341E-3,-4.37313E-3,-4.68694E-3,-5.29762E-3,-4.96393E-3,-5.11373E-3,-5.33769E-3,-5.55572E-3,-7.16294E-3,-6.58508E-3,-6.89828E-3
1.30305E+3,-5.87368E-4,7.52547E-4,-2.51770E-4,1.86208E-4,-5.15849E-4,-3.00750E-4,-9.72413E-5,-1.87123E-4,5.10683E-4,1.83054E-4,-3.51860E-4,6.80648E-5,2.12184E-5,1.81609E-4,3.88577E-4,6.97901E-4,1.32139E-3,1.31384E-3,1.64541E-3,2.78345E-3,4.08014E-3,3.53560E-3,6.24310E-3,6.80517E-3,8.96285E-3,9.25793E-3,1.15554E-2,1.33647E-2,1.56082E-2,1.50317E-2,1.55829E-2,1.62692E-2,1.63797E-2,1.74592E-2,1.69003E-2,1.58422E-2,1.64934E-2,1.68431E-2,1.74397E-2,1.70873E-2,1.68856E-2,1.67698E-2,1.55936E-2,1.49928E-2,1.51626E-2,1.47815E-2,1.56123E-2,1.45497E-2,1.49490E-2,1.56774E-2,1.51615E-2,1.39649E-2,1.30764E-2,1.36496E-2,1.37467E-2,1.37028E-2,1.30742E-2,1.40004E-2,1.35182E-2,1.28759E-2,1.10382E-2,1.06638E-2,1.20191E-2,1.18888E-2,9.18125E-3,1.15436E-2,1.03699E-2,1.18003E-2,9.86730E-3,9.44361E-3,9.76243E-3,1.02190E-2,9.21116E-3,1.15894E-2,8.73582E-3,9.37860E-3,8.29078E-3,9.27690E-3,8.55171E-3,9.10906E-3,9.11129E-3,8.19913E-3,7.99924E-3,8.95185E-3,7.16802E-3,7.18572E-3,5.65283E-3,7.25716E-3,5.41857E-3,5.67180E-3,4.58662E-3,4.53965E-3,3.23815E-3,4.26247E-3,2.55873E-3,2.93395E-3,3.04503E-3,1.15308E-3,1.07583E-3,1.09874E-3,1.10711E-3,-6.78089E-4,-1.57261E-4,8.89005E-5,-7.00976E-4,-9.50761E-4,-1.51271E-3,-1.00800E-3,-4.17635E-4,-2.00439E-3,-2.74979E-3,-2.73655E-3,-2.96935E-3,-3.45013E-3,-3.95631E-3,-3.83491E-3,-4.40498E-3,-5.39255E-3,-3.50702E-3,-4.47432E-3,-5.96813E-3,-4.84657E-3,-5.63668E-3,-4.85090E-3,-5.75666E-3,-5.24451E-3,-5.46968E-3,-5.43228E-3,-5.95916E-3,-5.87154E-3,-6.63665E-3,-5.80731E-3,-7.04299E-3,-6.42099E-3,-7.14095E-3,-6.55236E-3,-5.70695E-3,-7.05480E-3,-7.19907E-3,-6.67472E-3,-6.94103E-3,-6.66593E-3,-6.40192E-3,-6.99907E-3,-6.82370E-3,-7.44109E-3,-6.85313E-3,-6.43950E-3,-6.35111E-3,-7.03717E-3,-7.48412E-3,-6.65030E-3,-5.63092E-3,-6.28997E-3,-5.55287E-3,-5.80508E-3,-6.57612E-3,-4.47693E-3,-5.56011E-3,-5.87029E-3,-4.91527E-3,-5.29100E-3,-5.39434E-3,-5.84774E-3,-6.75742E-3,-6.37775E-3,-6.53005E-3
1.30654E+3,-1.26676E-4,2.14978E-4,5.45934E-5,-1.63314E-4,-2.85030E-4,-8.10027E-4,-2.68012E-4,6.86748E-4,-1.60362E-4,-1.01786E-4,-2.70708E-4,7.22341E-4,-5.28366E-5,3.44804E-4,2.15288E-4,4.28687E-4,5.54008E-4,5.37567E-4,1.78751E-3,1.40115E-3,3.44983E-3,3.37786E-3,5.18836E-3,6.28508E-3,7.77507E-3,8.46864E-3,1.05215E-2,1.26365E-2,1.49259E-2,1.43563E-2,1.49568E-2,1.59129E-2,1.61131E-2,1.62785E-2,1.67295E-2,1.65109E-2,1.60574E-2,1.63625E-2,1.68081E-2,1.59525E-2,1.62304E-2,1.60800E-2,1.52462E-2,1.58392E-2,1.43515E-2,1.48697E-2,1.49284E-2,1.47454E-2,1.43396E-2,1.56929E-2,1.43371E-2,1.37137E-2,1.32499E-2,1.32964E-2,1.29811E-2,1.23368E-2,1.25816E-2,1.28590E-2,1.27059E-2,1.18909E-2,1.10289E-2,9.78660E-3,1.15522E-2,1.08039E-2,9.31474E-3,1.09068E-2,9.73018E-3,1.01599E-2,9.17981E-3,8.56517E-3,8.35810E-3,9.74446E-3,8.90553E-3,1.07137E-2,9.44627E-3,8.27180E-3,7.78909E-3,8.63105E-3,8.15078E-3,7.94179E-3,8.46646E-3,8.10997E-3,7.28879E-3,8.10058E-3,6.73720E-3,6.75627E-3,5.96348E-3,6.33303E-3,5.32340E-3,4.65597E-3,4.34841E-3,3.45274E-3,4.22780E-3,3.59778E-3,2.41377E-3,2.12557E-3,2.27068E-3,1.08318E-3,1.06275E-3,8.28507E-4,4.97921E-4,-4.79884E-4,2.24192E-4,-1.43668E-3,-1.54615E-3,-8.80342E-4,-5.63785E-4,-1.19111E-3,-1.23661E-3,-2.29062E-3,-2.56272E-3,-3.24631E-3,-3.61135E-3,-3.34488E-3,-3.94721E-3,-3.42121E-3,-3.30175E-3,-5.29769E-3,-4.33782E-3,-4.42583E-3,-6.56080E-3,-4.77435E-3,-4.94984E-3,-5.80533E-3,-6.28822E-3,-5.98609E-3,-5.12619E-3,-6.34100E-3,-5.82100E-3,-5.90052E-3,-6.74976E-3,-6.18036E-3,-6.52407E-3,-6.40177E-3,-7.78965E-3,-6.66712E-3,-6.59265E-3,-6.93429E-3,-7.52261E-3,-6.90910E-3,-6.81319E-3,-6.78430E-3,-7.30698E-3,-8.17100E-3,-6.97465E-3,-6.47480E-3,-7.50793E-3,-6.81039E-3,-6.22396E-3,-7.35433E-3,-7.63792E-3,-6.15349E-3,-6.21539E-3,-7.39885E-3,-6.52169E-3,-6.20223E-3,-6.61352E-3,-5.86396E-3,-5.33776E-3,-6.03115E-3,-5.20473E-3,-5.40169E-3,-5.21165E-3,-6.60016E-3,-7.12672E-3,-6.39643E-3,-6.43242E-3
1.31004E+3,2.47746E-4,-1.05205E-4,-6.18813E-4,1.77091E-4,-9.89991E-4,-3.97042E-4,2.98391E-4,-2.38688E-4,5.36775E-4,-1.16702E-4,-2.34124E-4,5.68195E-4,1.41093E-4,3.14315E-4,4.16958E-4,1.02567E-3,5.33317E-4,7.76137E-4,1.86737E-3,1.85181E-3,3.70858E-3,4.17402E-3,5.56765E-3,6.77528E-3,8.64101E-3,9.27864E-3,1.07026E-2,1.25897E-2,1.40082E-2,1.41135E-2,1.44210E-2,1.66456E-2,1.47188E-2,1.62532E-2,1.54474E-2,1.62161E-2,1.56107E-2,1.66614E-2,1.65187E-2,1.52957E-2,1.48092E-2,1.46954E-2,1.39851E-2,1.57136E-2,1.35395E-2,1.38129E-2,1.43412E-2,1.45655E-2,1.38435E-2,1.57452E-2,1.30651E-2,1.27100E-2,1.28413E-2,1.33695E-2,1.37493E-2,1.17568E-2,1.29533E-2,1.24655E-2,1.26127E-2,1.16472E-2,1.07043E-2,1.02677E-2,1.07985E-2,1.07800E-2,8.48775E-3,1.08445E-2,9.69267E-3,1.06051E-2,9.26996E-3,8.91521E-3,8.22182E-3,9.70021E-3,8.24201E-3,9.54018E-3,9.48028E-3,8.23860E-3,7.41957E-3,8.07755E-3,8.44680E-3,8.45895E-3,8.51070E-3,7.02675E-3,7.71922E-3,7.57287E-3,5.86911E-3,6.46575E-3,4.98118E-3,5.41861E-3,4.71032E-3,5.12376E-3,5.03648E-3,2.39872E-3,3.68782E-3,4.12610E-3,2.04110E-3,1.88720E-3,2.07909E-3,8.30891E-4,5.62650E-4,6.95327E-4,1.45194E-4,-1.84091E-4,-8.99206E-4,-4.21809E-4,-1.40940E-3,-9.95045E-4,-1.60948E-3,-1.75242E-3,-1.07548E-3,-2.60673E-3,-3.67955E-3,-2.05819E-3,-3.11788E-3,-3.15129E-3,-4.40274E-3,-2.94517E-3,-4.90822E-3,-5.18120E-3,-4.15738E-3,-4.37958E-3,-6.46354E-3,-4.74173E-3,-5.94805E-3,-5.25542E-3,-5.53118E-3,-5.76788E-3,-5.43168E-3,-5.78255E-3,-6.15581E-3,-5.59239E-3,-6.57346E-3,-6.19242E-3,-6.18478E-3,-6.36067E-3,-6.70774E-3,-6.26943E-3,-6.19396E-3,-7.08932E-3,-7.28125E-3,-6.74203E-3,-6.67850E-3,-6.78223E-3,-7.34362E-3,-7.53228E-3,-6.71107E-3,-6.22220E-3,-7.23920E-3,-6.87054E-3,-6.01722E-3,-6.85274E-3,-7.23222E-3,-6.30138E-3,-6.26158E-3,-6.22348E-3,-5.75841E-3,-6.05390E-3,-6.44390E-3,-5.76970E-3,-4.60231E-3,-5.33273E-3,-5.44711E-3,-4.99000E-3,-4.54326E-3,-5.65922E-3,-6.71986E-3,-6.73324E-3,-6.65200E-3
1.31354E+3,-3.35165E-4,7.03854E-4,-6.93448E-5,-2.01157E-4,-4.73534E-4,-1.14718E-4,6.21835E-4,6.56572E-4,3.94411E-4,-7.21470E-4,-4.94302E-4,-6.87239E-4,3.32296E-4,2.82982E-4,1.04979E-4,1.15815E-3,6.43719E-5,3.46627E-4,1.56974E-3,1.77485E-3,4.21535E-3,3.66370E-3,5.65695E-3,5.99142E-3,7.94133E-3,7.78223E-3,9.99089E-3,1.22267E-2,1.28636E-2,1.38219E-2,1.44303E-2,1.45743E-2,1.44778E-2,1.38646E-2,1.56823E-2,1.46855E-2,1.54260E-2,1.54233E-2,1.54966E-2,1.41308E-2,1.47276E-2,1.52403E-2,1.37152E-2,1.29347E-2,1.36860E-2,1.36911E-2,1.39460E-2,1.39140E-2,1.32997E-2,1.37764E-2,1.30442E-2,1.19557E-2,1.15493E-2,1.23537E-2,1.21858E-2,1.14131E-2,1.18698E-2,1.23604E-2,1.20706E-2,1.10450E-2,1.06340E-2,9.48930E-3,1.04212E-2,1.07521E-2,7.59677E-3,1.01108E-2,9.23093E-3,1.05300E-2,8.01029E-3,7.91598E-3,7.64757E-3,8.84385E-3,8.71575E-3,9.07580E-3,8.52750E-3,7.60429E-3,7.28463E-3,8.05026E-3,7.28675E-3,7.61112E-3,7.25363E-3,6.33422E-3,7.46151E-3,7.25122E-3,6.43046E-3,6.04721E-3,5.28024E-3,5.29744E-3,5.32337E-3,4.16522E-3,3.95886E-3,2.99894E-3,2.81463E-3,3.37833E-3,1.90982E-3,2.84796E-3,2.12589E-3,6.87847E-4,7.11560E-4,7.97495E-5,7.10299E-4,-6.31721E-4,-1.10473E-3,-6.44619E-4,-1.59521E-3,-2.23712E-3,-2.32761E-3,-7.24491E-4,-1.97506E-3,-3.06415E-3,-3.43557E-3,-2.94447E-3,-2.89437E-3,-3.51725E-3,-4.17470E-3,-3.67437E-3,-4.73878E-3,-5.25683E-3,-4.77765E-3,-4.91376E-3,-6.15485E-3,-4.58122E-3,-6.65685E-3,-5.47537E-3,-5.74669E-3,-6.05238E-3,-6.00723E-3,-7.15125E-3,-6.24445E-3,-5.92103E-3,-6.48620E-3,-6.71399E-3,-6.48431E-3,-6.69681E-3,-6.95763E-3,-6.56108E-3,-6.44633E-3,-6.37221E-3,-8.08092E-3,-5.90163E-3,-6.28580E-3,-7.11718E-3,-7.30139E-3,-7.68420E-3,-6.59888E-3,-7.01013E-3,-6.74858E-3,-7.31864E-3,-6.08737E-3,-7.46594E-3,-7.24391E-3,-6.47095E-3,-5.38295E-3,-5.46445E-3,-5.68182E-3,-5.94036E-3,-6.96297E-3,-4.88204E-3,-4.89232E-3,-5.57278E-3,-5.23541E-3,-5.06561E-3,-4.91604E-3,-5.37360E-3,-6.00071E-3,-7.54242E-3,-7.28706E-3
1.31703E+3,3.73037E-4,-6.10779E-4,3.33504E-4,-5.33439E-4,-1.22237E-5,-4.64372E-4,3.00290E-4,3.78606E-4,7.50134E-4,-9.44294E-4,-4.61050E-4,9.39691E-5,3.65359E-4,1.83433E-4,2.47827E-4,4.39860E-4,7.46437E-4,9.26652E-4,1.62491E-3,1.18040E-3,3.75715E-3,3.30195E-3,5.44521E-3,5.85255E-3,7.49806E-3,8.33780E-3,9.26704E-3,1.09070E-2,1.33328E-2,1.29856E-2,1.37307E-2,1.35192E-2,1.39128E-2,1.41176E-2,1.47768E-2,1.40397E-2,1.40432E-2,1.45987E-2,1.59610E-2,1.44943E-2,1.42558E-2,1.34102E-2,1.27268E-2,1.23195E-2,1.28800E-2,1.34626E-2,1.25383E-2,1.22116E-2,1.21675E-2,1.30290E-2,1.19292E-2,1.19087E-2,1.22965E-2,1.11467E-2,1.19522E-2,1.13387E-2,1.08198E-2,1.12538E-2,1.03605E-2,1.02456E-2,8.58979E-3,8.70627E-3,9.88709E-3,9.17501E-3,6.80293E-3,1.02683E-2,7.86752E-3,9.55472E-3,7.69448E-3,7.71303E-3,7.05781E-3,8.29791E-3,7.27727E-3,9.08840E-3,7.08895E-3,6.98153E-3,5.64416E-3,7.21271E-3,6.14990E-3,7.07596E-3,6.40462E-3,6.85664E-3,6.50931E-3,6.51949E-3,5.48188E-3,4.70351E-3,4.08367E-3,4.65526E-3,3.71887E-3,3.51515E-3,3.65462E-3,2.56764E-3,2.03752E-3,2.21089E-3,1.11629E-3,2.50693E-3,1.04963E-3,-2.47762E-5,7.49992E-4,-8.94970E-4,-2.20787E-4,-4.43527E-4,-1.06265E-3,-2.13813E-3,-2.42571E-3,-1.60213E-3,-3.59134E-3,-2.25949E-3,-1.91970E-3,-2.83271E-3,-2.51522E-3,-3.43674E-3,-3.66123E-3,-4.72327E-3,-4.98414E-3,-3.98213E-3,-3.24749E-3,-4.29291E-3,-4.39620E-3,-4.85680E-3,-7.20604E-3,-5.27842E-3,-6.32228E-3,-5.80310E-3,-6.00608E-3,-5.78458E-3,-5.31114E-3,-6.51269E-3,-6.26074E-3,-5.89738E-3,-6.41724E-3,-5.48519E-3,-6.95207E-3,-7.44617E-3,-7.63172E-3,-6.83326E-3,-6.48256E-3,-7.26272E-3,-6.76670E-3,-7.23662E-3,-7.10712E-3,-6.87483E-3,-7.68061E-3,-7.46609E-3,-7.37764E-3,-6.96288E-3,-6.97058E-3,-7.01192E-3,-6.40446E-3,-7.34842E-3,-7.24065E-3,-5.85513E-3,-6.47699E-3,-6.59064E-3,-6.73215E-3,-6.63166E-3,-6.81060E-3,-4.37750E-3,-5.26747E-3,-5.95241E-3,-4.58184E-3,-6.41823E-3,-4.56176E-3,-5.62245E-3,-6.53285E-3,-6.99352E-3,-7.03086E-3
1.32053E+3,4.43016E-4,4.64005E-4,5.14827E-5,-8.22377E-5,-1.56212E-4,-7.47601E-4,1.06718E-3,1.12067E-3,3.05406E-4,-1.15959E-3,-6.42110E-4,9.22720E-5,-6.08295E-4,-2.55389E-4,1.07405E-4,7.65106E-4,9.23617E-4,2.68254E-4,1.12327E-3,1.22582E-3,3.41793E-3,3.25518E-3,4.84635E-3,6.25068E-3,6.32020E-3,7.79638E-3,8.83915E-3,1.03051E-2,1.25362E-2,1.21645E-2,1.30872E-2,1.33792E-2,1.29101E-2,1.39923E-2,1.37350E-2,1.43898E-2,1.36833E-2,1.41913E-2,1.43322E-2,1.45276E-2,1.34339E-2,1.32750E-2,1.32735E-2,1.27930E-2,1.27449E-2,1.22579E-2,1.20898E-2,1.17350E-2,1.19162E-2,1.28729E-2,1.18010E-2,1.15960E-2,1.05476E-2,1.09289E-2,1.03553E-2,1.02298E-2,1.04424E-2,1.14351E-2,9.68771E-3,9.89006E-3,9.55019E-3,7.98537E-3,9.12863E-3,8.89228E-3,6.59776E-3,8.76535E-3,8.18045E-3,9.09243E-3,7.68075E-3,6.18386E-3,6.48109E-3,7.73609E-3,6.42399E-3,7.88853E-3,7.42922E-3,6.32810E-3,6.23432E-3,6.59367E-3,5.90162E-3,6.20058E-3,5.73211E-3,6.46301E-3,6.16811E-3,6.32112E-3,4.51289E-3,5.03467E-3,3.67825E-3,4.43970E-3,3.20199E-3,3.24142E-3,3.40894E-3,2.02602E-3,1.74030E-3,2.32952E-3,3.90162E-4,8.70359E-4,6.29049E-4,1.00278E-4,-5.89916E-4,-7.62419E-4,-5.57762E-4,-7.48251E-4,-9.73351E-4,-2.10832E-3,-1.23125E-3,-1.82724E-3,-1.61354E-3,-2.43439E-3,-2.10552E-3,-3.77097E-3,-4.12573E-3,-4.06637E-3,-3.64892E-3,-4.41590E-3,-5.55240E-3,-3.87733E-3,-4.70294E-3,-6.06027E-3,-4.69962E-3,-4.99797E-3,-6.48628E-3,-5.92826E-3,-6.12684E-3,-5.84352E-3,-5.59850E-3,-6.26961E-3,-5.77433E-3,-6.65188E-3,-6.29479E-3,-6.87911E-3,-6.80328E-3,-7.30441E-3,-5.89395E-3,-6.73283E-3,-6.77427E-3,-6.57774E-3,-6.72740E-3,-7.25337E-3,-7.15732E-3,-7.33737E-3,-7.37164E-3,-6.64763E-3,-7.32002E-3,-8.03793E-3,-7.07733E-3,-6.46030E-3,-6.20750E-3,-7.50961E-3,-6.86332E-3,-7.44265E-3,-7.63650E-3,-6.54026E-3,-6.48159E-3,-7.26082E-3,-6.39238E-3,-6.60593E-3,-7.05826E-3,-5.72653E-3,-5.68787E-3,-6.30925E-3,-4.86671E-3,-5.12722E-3,-5.87572E-3,-5.00291E-3,-6.54398E-3,-6.65959E-3,-7.67199E-3
1.32403E+3,-5.35928E-4,1.27913E-4,-1.63016E-4,6.09357E-5,4.98546E-5,6.36420E-4,2.70047E-4,9.39615E-4,-3.84592E-4,-1.77927E-4,4.11002E-4,-8.69168E-4,-1.46394E-5,-4.47100E-5,-3.05806E-4,6.92125E-4,4.66879E-4,1.06390E-3,1.72397E-3,2.33540E-3,3.02974E-3,3.45778E-3,5.49139E-3,5.78136E-3,7.31302E-3,7.00693E-3,8.79396E-3,9.99765E-3,1.23050E-2,1.22657E-2,1.26268E-2,1.28261E-2,1.26710E-2,1.38484E-2,1.29407E-2,1.37426E-2,1.30388E-2,1.39213E-2,1.43148E-2,1.29116E-2,1.31222E-2,1.30306E-2,1.20359E-2,1.20711E-2,1.24367E-2,1.15627E-2,1.20738E-2,9.88626E-3,1.17105E-2,1.14270E-2,1.11997E-2,1.04936E-2,1.04684E-2,1.08731E-2,1.03245E-2,9.89859E-3,9.55297E-3,1.10058E-2,1.08539E-2,9.25065E-3,8.48492E-3,7.93276E-3,8.39473E-3,8.61936E-3,5.73404E-3,8.37299E-3,6.72527E-3,8.99110E-3,7.12964E-3,6.61521E-3,5.45303E-3,7.41002E-3,5.90606E-3,9.17472E-3,6.60113E-3,6.92718E-3,5.94070E-3,6.24356E-3,6.44297E-3,6.45952E-3,7.21933E-3,5.81621E-3,5.81381E-3,5.26365E-3,4.15526E-3,4.39508E-3,3.41136E-3,4.25658E-3,4.38565E-3,2.75164E-3,3.00994E-3,2.54626E-3,2.59129E-3,1.47137E-3,1.86461E-3,5.42166E-4,6.87300E-4,-5.18322E-4,-5.27346E-4,-4.27182E-4,-8.67616E-4,-1.69062E-3,-1.29428E-3,-1.93125E-3,-2.12975E-3,-2.00045E-3,-3.36447E-3,-2.71284E-3,-2.72917E-3,-3.40985E-3,-3.36651E-3,-3.75121E-3,-3.76851E-3,-4.38305E-3,-4.43843E-3,-4.36909E-3,-4.25480E-3,-6.74544E-3,-4.78827E-3,-5.61365E-3,-6.85463E-3,-5.72380E-3,-5.51296E-3,-5.80397E-3,-6.25475E-3,-6.11198E-3,-6.21224E-3,-6.12076E-3,-6.66010E-3,-7.61480E-3,-6.33561E-3,-7.06446E-3,-7.23691E-3,-6.75645E-3,-7.30025E-3,-7.65647E-3,-6.01659E-3,-6.74969E-3,-6.94983E-3,-7.15871E-3,-7.17671E-3,-7.05658E-3,-7.56313E-3,-8.22402E-3,-6.74226E-3,-6.43740E-3,-7.19024E-3,-7.37122E-3,-6.72707E-3,-6.93296E-3,-7.03738E-3,-6.17874E-3,-5.77200E-3,-7.44936E-3,-6.19672E-3,-5.92339E-3,-6.98757E-3,-5.34838E-3,-4.79418E-3,-5.53370E-3,-5.11485E-3,-6.11073E-3,-5.28669E-3,-6.63541E-3,-5.86924E-3,-6.92442E-3,-6.34281E-3
1.32753E+3,-1.30895E-3,-4.50495E-4,-1.56441E-5,-1.10091E-4,8.00954E-5,3.74369E-4,-1.64894E-4,7.05548E-4,2.31017E-4,-7.30834E-4,-5.26795E-4,5.93028E-4,1.43637E-4,5.40827E-4,6.39178E-4,8.95705E-4,6.29619E-4,4.01822E-4,1.58589E-3,1.86714E-3,3.25252E-3,2.57213E-3,4.03667E-3,5.30546E-3,6.66058E-3,6.68245E-3,8.71007E-3,9.99043E-3,9.92810E-3,1.13277E-2,1.24676E-2,1.24416E-2,1.25589E-2,1.37582E-2,1.24986E-2,1.23889E-2,1.21807E-2,1.33626E-2,1.29857E-2,1.13937E-2,1.25746E-2,1.22346E-2,1.18505E-2,1.11607E-2,1.17234E-2,1.19516E-2,1.09403E-2,1.04475E-2,1.14685E-2,1.14197E-2,1.05935E-2,9.51670E-3,9.17295E-3,9.13631E-3,1.00086E-2,9.64050E-3,9.61526E-3,1.05929E-2,9.86600E-3,8.86913E-3,8.03722E-3,7.39965E-3,7.89895E-3,8.24787E-3,5.86834E-3,8.19393E-3,7.26919E-3,7.73945E-3,6.66311E-3,6.98423E-3,5.74621E-3,6.33555E-3,6.88989E-3,7.06467E-3,6.64862E-3,5.91201E-3,5.27079E-3,6.12752E-3,5.22353E-3,5.71099E-3,4.87835E-3,5.90857E-3,4.68797E-3,5.77296E-3,4.07468E-3,4.19240E-3,2.02499E-3,3.70516E-3,3.28721E-3,2.19745E-3,2.43621E-3,1.44357E-3,1.49145E-3,1.27944E-3,-5.89121E-4,1.56117E-4,2.04780E-4,1.75051E-5,-1.62945E-3,-1.64756E-3,-1.89503E-3,-1.85031E-3,-1.98435E-3,-2.33052E-3,-3.22803E-3,-2.55186E-3,-4.35874E-3,-3.30583E-3,-2.82591E-3,-3.62651E-3,-4.55779E-3,-3.96598E-3,-4.34062E-3,-5.21363E-3,-6.94465E-3,-4.56288E-3,-4.43626E-3,-5.76992E-3,-5.79164E-3,-5.87193E-3,-6.89277E-3,-5.68155E-3,-7.29082E-3,-6.07312E-3,-7.19680E-3,-6.67992E-3,-6.38748E-3,-6.13668E-3,-7.25627E-3,-6.90026E-3,-6.93791E-3,-6.09598E-3,-6.27232E-3,-6.57314E-3,-7.56666E-3,-7.67665E-3,-6.67270E-3,-7.44353E-3,-7.25217E-3,-7.33910E-3,-6.99987E-3,-8.10677E-3,-7.15934E-3,-7.85316E-3,-7.68800E-3,-6.94212E-3,-6.72025E-3,-7.49725E-3,-6.68818E-3,-7.35766E-3,-8.04340E-3,-6.52983E-3,-6.40717E-3,-6.61828E-3,-6.26558E-3,-6.39045E-3,-6.85622E-3,-5.40712E-3,-5.97786E-3,-5.06808E-3,-4.73950E-3,-6.02481E-3,-4.49132E-3,-6.73130E-3,-6.48423E-3,-6.59646E-3,-7.12809E-3
1.33103E+3,4.88410E-5,4.86445E-4,5.38492E-4,-4.30964E-4,2.99828E-5,-1.71708E-4,2.55921E-4,-1.17972E-4,5.55704E-4,-6.46520E-4,-1.49279E-4,-8.06168E-5,5.16665E-4,-1.02499E-3,1.90006E-4,5.96910E-4,1.50929E-3,-8.60066E-5,1.10115E-3,1.97043E-3,2.35013E-3,2.68381E-3,4.66304E-3,4.64507E-3,6.30950E-3,7.19624E-3,7.70372E-3,9.09964E-3,1.18773E-2,1.14422E-2,1.12602E-2,1.17593E-2,1.10991E-2,1.11636E-2,1.14709E-2,1.11027E-2,1.23647E-2,1.18873E-2,1.35341E-2,1.13170E-2,1.26777E-2,1.22914E-2,1.16675E-2,9.48851E-3,1.08531E-2,1.11924E-2,1.02190E-2,1.06590E-2,1.04964E-2,1.04104E-2,9.67444E-3,9.26392E-3,9.86221E-3,8.89948E-3,9.30289E-3,8.37180E-3,8.68578E-3,8.72931E-3,9.29491E-3,8.20932E-3,6.84043E-3,7.46581E-3,7.37406E-3,7.87259E-3,5.51021E-3,6.96542E-3,5.71474E-3,7.22454E-3,6.08062E-3,5.97758E-3,5.36456E-3,6.63547E-3,4.29636E-3,8.79939E-3,5.16905E-3,5.62869E-3,4.58974E-3,5.61580E-3,4.85674E-3,5.05835E-3,4.15413E-3,4.82443E-3,4.97927E-3,4.46235E-3,3.35519E-3,3.20021E-3,2.95003E-3,2.55754E-3,2.43375E-3,1.63987E-3,1.93027E-3,2.35562E-3,1.03308E-3,9.91268E-4,8.34309E-5,8.82315E-4,-6.76141E-4,-8.04795E-4,-1.29779E-3,-1.30801E-3,-7.85027E-4,-1.95145E-3,-2.55763E-3,-2.54118E-3,-2.74196E-3,-2.25081E-3,-3.52754E-3,-3.14851E-3,-3.42620E-3,-4.07439E-3,-4.67960E-3,-3.86518E-3,-5.10921E-3,-6.11320E-3,-5.93183E-3,-4.15834E-3,-4.50070E-3,-5.20384E-3,-5.70385E-3,-5.39017E-3,-7.15368E-3,-6.31544E-3,-7.41236E-3,-6.85158E-3,-6.99756E-3,-6.72215E-3,-6.29952E-3,-7.71738E-3,-6.81241E-3,-6.76174E-3,-6.73259E-3,-7.59158E-3,-7.79961E-3,-6.77206E-3,-8.33063E-3,-7.07427E-3,-7.91033E-3,-7.17993E-3,-8.17651E-3,-7.15814E-3,-7.97897E-3,-6.78149E-3,-7.50337E-3,-7.70558E-3,-6.88620E-3,-7.71263E-3,-7.31573E-3,-7.21703E-3,-6.20054E-3,-7.34511E-3,-7.61333E-3,-6.46946E-3,-6.21860E-3,-7.21729E-3,-6.00774E-3,-6.02279E-3,-7.44582E-3,-4.15530E-3,-4.41094E-3,-6.31210E-3,-4.96441E-3,-4.42183E-3,-5.89288E-3,-5.33408E-3,-7.70869E-3,-6.97504E-3,-6.58396E-3
1.33453E+3,-3.48499E-4,-1.39732E-4,-1.68960E-4,-2.57235E-4,2.20010E-4,1.30168E-3,1.35688E-5,4.17497E-4,-2.03414E-4,-3.05793E-4,-7.81572E-4,3.85621E-4,-1.02658E-4,1.18299E-5,-4.23441E-5,7.79382E-4,1.98823E-3,1.19285E-3,1.53283E-3,1.45986E-3,2.73896E-3,2.19112E-3,5.11596E-3,4.15396E-3,5.66258E-3,6.65066E-3,8.58236E-3,9.49733E-3,1.08929E-2,1.07076E-2,1.05213E-2,1.13254E-2,1.17555E-2,1.04546E-2,1.09849E-2,1.17811E-2,1.11420E-2,1.07336E-2,1.18585E-2,1.07216E-2,1.10485E-2,1.12492E-2,1.09366E-2,1.01421E-2,1.21680E-2,1.03756E-2,9.01037E-3,8.94996E-3,9.06968E-3,1.15973E-2,8.50769E-3,8.35475E-3,7.31698E-3,7.87284E-3,8.16462E-3,9.10237E-3,7.91461E-3,8.08351E-3,9.63225E-3,6.41226E-3,6.01923E-3,6.23330E-3,7.32450E-3,7.23574E-3,4.88752E-3,6.04649E-3,5.74675E-3,5.94419E-3,5.77021E-3,4.31450E-3,5.18605E-3,6.47031E-3,5.32761E-3,6.68439E-3,5.46911E-3,4.17112E-3,3.96250E-3,5.14130E-3,4.22138E-3,4.07939E-3,4.78312E-3,4.36356E-3,4.23230E-3,4.76349E-3,2.29042E-3,3.37088E-3,2.00078E-3,2.65477E-3,1.42376E-3,1.66660E-3,1.08473E-3,1.37420E-3,6.62978E-4,9.41450E-4,-3.58510E-4,-3.36729E-4,-4.08113E-4,-1.49663E-3,-2.29070E-3,-7.49410E-4,-8.55394E-4,-2.01121E-3,-1.96127E-3,-3.50029E-3,-2.67525E-3,-2.51486E-3,-4.27819E-3,-3.49428E-3,-3.41318E-3,-4.89060E-3,-5.86648E-3,-4.38386E-3,-4.93518E-3,-5.42502E-3,-5.06321E-3,-5.02568E-3,-5.99073E-3,-6.96638E-3,-5.80728E-3,-6.54206E-3,-7.79167E-3,-6.39373E-3,-7.47820E-3,-6.32468E-3,-7.79180E-3,-7.71144E-3,-7.73748E-3,-8.05916E-3,-7.09613E-3,-7.31537E-3,-7.29052E-3,-8.05916E-3,-7.17585E-3,-6.91309E-3,-7.91270E-3,-7.81781E-3,-6.63804E-3,-7.03479E-3,-7.09272E-3,-7.62808E-3,-6.70385E-3,-7.52655E-3,-7.89890E-3,-7.55034E-3,-8.17044E-3,-7.50150E-3,-7.67270E-3,-7.35621E-3,-6.67584E-3,-7.60430E-3,-8.27281E-3,-7.58062E-3,-5.96598E-3,-7.03358E-3,-5.67417E-3,-6.53084E-3,-7.05644E-3,-4.12721E-3,-5.41341E-3,-6.30590E-3,-5.23074E-3,-5.12301E-3,-5.44651E-3,-6.40567E-3,-6.73202E-3,-6.23341E-3,-5.42382E-3
1.33804E+3,7.91035E-4,5.53740E-4,5.30625E-4,-1.76897E-4,-2.29597E-5,-1.20609E-4,2.82994E-4,-3.85632E-4,3.79459E-4,2.12043E-4,-6.21327E-4,-5.71419E-4,1.28354E-6,-2.35325E-4,-6.17011E-4,6.70661E-4,1.06289E-4,1.81357E-4,1.45669E-3,7.56996E-4,2.38559E-3,1.53997E-3,4.65167E-3,4.16241E-3,6.05388E-3,5.22163E-3,8.03192E-3,8.73208E-3,9.47090E-3,9.99427E-3,9.77314E-3,1.07569E-2,1.06745E-2,1.04604E-2,9.98743E-3,1.00743E-2,1.09254E-2,1.08567E-2,1.14699E-2,9.77719E-3,1.00965E-2,9.80263E-3,1.09955E-2,8.82393E-3,1.00458E-2,1.08382E-2,8.54075E-3,8.08199E-3,8.80749E-3,1.17474E-2,8.22220E-3,8.37668E-3,8.10957E-3,8.45506E-3,9.27264E-3,8.19472E-3,8.31714E-3,7.55032E-3,7.84320E-3,8.01878E-3,6.61653E-3,5.19175E-3,6.20215E-3,5.85140E-3,4.35831E-3,6.87581E-3,5.03844E-3,6.15813E-3,5.59095E-3,4.89159E-3,3.79005E-3,6.21374E-3,3.21943E-3,5.86936E-3,4.09260E-3,4.41786E-3,2.75335E-3,4.02262E-3,3.95509E-3,3.75150E-3,4.48183E-3,3.84859E-3,3.49162E-3,3.98776E-3,1.94632E-3,2.26650E-3,1.53189E-3,2.34225E-3,1.06109E-3,1.32833E-3,1.29553E-3,1.96896E-4,1.42149E-4,-4.97020E-4,-6.86299E-4,6.48832E-4,-3.04486E-4,-1.09239E-3,-1.60765E-3,-1.85551E-3,-2.84411E-3,-2.91432E-3,-3.21302E-3,-2.98153E-3,-3.07950E-3,-3.50053E-3,-4.87415E-3,-1.92937E-3,-3.79009E-3,-4.57894E-3,-4.82563E-3,-5.02758E-3,-5.56702E-3,-6.03840E-3,-6.16988E-3,-5.07706E-3,-4.71192E-3,-6.83680E-3,-5.94323E-3,-6.41856E-3,-8.45318E-3,-6.00110E-3,-8.28452E-3,-7.09041E-3,-6.61702E-3,-6.96381E-3,-6.24347E-3,-7.65853E-3,-6.76274E-3,-6.73824E-3,-7.95406E-3,-7.22766E-3,-7.19274E-3,-7.33140E-3,-8.39138E-3,-7.91450E-3,-7.54275E-3,-7.77817E-3,-7.65414E-3,-6.61554E-3,-8.08198E-3,-7.53361E-3,-7.69795E-3,-8.01291E-3,-6.85130E-3,-7.05704E-3,-7.35663E-3,-7.23449E-3,-6.31900E-3,-7.55214E-3,-7.55018E-3,-6.97035E-3,-7.04282E-3,-7.59061E-3,-6.19363E-3,-6.07724E-3,-6.82467E-3,-6.20479E-3,-5.71887E-3,-6.17608E-3,-6.34212E-3,-5.06766E-3,-5.46347E-3,-6.06490E-3,-5.97844E-3,-6.95623E-3,-6.59490E-3
1.34154E+3,9.40203E-5,4.54210E-4,8.53836E-4,3.94135E-4,-3.24320E-4,-3.55135E-4,1.43159E-3,1.10566E-4,6.32545E-4,1.05054E-4,-7.41570E-4,-1.06902E-3,-5.02573E-4,-9.64683E-4,-1.18651E-4,8.50851E-4,-2.38012E-4,-4.86451E-4,1.55057E-3,1.08060E-3,2.12311E-3,2.26477E-3,3.65418E-3,4.31915E-3,6.00304E-3,5.93368E-3,6.92672E-3,8.46100E-3,1.15211E-2,8.51759E-3,9.53639E-3,8.95427E-3,1.00341E-2,1.00577E-2,9.45085E-3,9.60069E-3,1.15920E-2,1.06457E-2,1.05571E-2,9.36148E-3,9.39663E-3,8.29488E-3,1.03775E-2,1.02880E-2,8.91741E-3,1.04867E-2,8.59325E-3,7.76605E-3,8.68885E-3,9.34366E-3,6.60362E-3,8.29124E-3,6.93774E-3,6.64535E-3,8.11045E-3,7.81867E-3,7.06161E-3,8.93339E-3,6.33444E-3,7.08514E-3,6.80019E-3,5.77286E-3,5.79797E-3,5.71684E-3,3.40492E-3,5.81071E-3,3.09275E-3,4.44441E-3,4.76963E-3,4.19672E-3,3.60702E-3,5.25148E-3,3.86983E-3,5.36377E-3,3.77512E-3,4.80469E-3,2.69313E-3,4.04600E-3,3.65827E-3,4.86431E-3,3.13284E-3,2.79724E-3,2.80498E-3,4.50207E-3,1.62070E-3,2.11294E-3,6.96440E-4,2.07039E-3,1.45751E-3,1.26815E-3,-5.54700E-4,-4.44358E-4,-7.10916E-4,-2.16493E-4,-6.97925E-4,-1.26211E-3,-8.89499E-4,-2.81405E-3,-2.03904E-3,-2.56981E-3,-1.69565E-3,-4.06085E-3,-2.93364E-3,-3.89971E-3,-3.14646E-3,-3.39169E-3,-4.14982E-3,-4.41003E-3,-4.39263E-3,-4.74083E-3,-4.44282E-3,-4.96737E-3,-4.55144E-3,-4.98975E-3,-5.70610E-3,-5.06384E-3,-5.89469E-3,-6.05952E-3,-5.55225E-3,-6.42825E-3,-8.28131E-3,-6.66597E-3,-7.35281E-3,-7.54088E-3,-7.71432E-3,-6.81426E-3,-7.15588E-3,-6.90289E-3,-7.33024E-3,-7.33042E-3,-7.17952E-3,-6.96691E-3,-7.58249E-3,-8.00186E-3,-8.28856E-3,-7.30348E-3,-7.57034E-3,-7.29351E-3,-6.82178E-3,-6.64765E-3,-6.86297E-3,-7.56320E-3,-7.44298E-3,-7.34060E-3,-8.07622E-3,-6.92272E-3,-6.68402E-3,-7.72285E-3,-6.71697E-3,-7.56419E-3,-7.67611E-3,-6.83121E-3,-5.85918E-3,-6.09828E-3,-6.24104E-3,-6.08205E-3,-7.06240E-3,-5.00515E-3,-5.42837E-3,-7.00392E-3,-5.19998E-3,-4.31690E-3,-5.74877E-3,-5.18218E-3,-6.69655E-3,-7.06731E-3,-6.66002E-3
1.34504E+3,-5.58836E-4,6.57073E-4,4.37493E-4,5.00499E-4,-3.13864E-4,2.28630E-4,-5.19616E-4,-7.50612E-4,1.97807E-4,-3.19188E-4,-1.53101E-4,-4.83544E-4,-1.57127E-4,5.19531E-4,7.14854E-4,-2.22826E-4,-8.13785E-4,1.50064E-3,1.30751E-3,3.99409E-4,1.80443E-3,2.70777E-3,4.23747E-3,4.56692E-3,4.80639E-3,5.95131E-3,5.65680E-3,7.77633E-3,7.29609E-3,8.35366E-3,8.52840E-3,8.52274E-3,1.04635E-2,9.30018E-3,8.76299E-3,1.04425E-2,9.72482E-3,1.05272E-2,8.67588E-3,7.75462E-3,8.14915E-3,7.02732E-3,8.68479E-3,7.98175E-3,8.07764E-3,9.59830E-3,7.00994E-3,8.92047E-3,7.59584E-3,7.71131E-3,6.44503E-3,5.92942E-3,6.54519E-3,6.47152E-3,6.44765E-3,7.58620E-3,6.56403E-3,6.38309E-3,5.14441E-3,5.69469E-3,5.49009E-3,5.41981E-3,5.13339E-3,6.08578E-3,2.65701E-3,4.70316E-3,3.22212E-3,5.37521E-3,2.99583E-3,3.68341E-3,2.91979E-3,4.30812E-3,3.47440E-3,3.96916E-3,3.52461E-3,3.07336E-3,2.32068E-3,3.32930E-3,2.45464E-3,3.03215E-3,2.47926E-3,2.32294E-3,2.00583E-3,2.87898E-3,1.50829E-3,8.35581E-4,9.28870E-4,1.31425E-3,1.85856E-3,7.16476E-4,-1.16424E-3,8.25960E-5,-3.02162E-4,-4.61098E-4,-1.48039E-3,-2.44814E-3,-1.03314E-3,-2.63992E-3,-3.24652E-3,-3.89282E-3,-3.41531E-3,-3.96413E-3,-2.95271E-3,-3.37622E-3,-4.42322E-3,-3.72316E-3,-5.42632E-3,-4.70105E-3,-4.02856E-3,-5.90788E-3,-5.36827E-3,-4.63983E-3,-6.90419E-3,-5.71948E-3,-7.94057E-3,-5.94475E-3,-5.22722E-3,-6.74145E-3,-6.25133E-3,-7.42134E-3,-9.96277E-3,-6.99724E-3,-6.76196E-3,-7.06759E-3,-7.92473E-3,-6.99405E-3,-6.64499E-3,-7.60191E-3,-6.58973E-3,-7.06102E-3,-7.72366E-3,-7.81144E-3,-7.26444E-3,-7.18717E-3,-8.36530E-3,-7.40911E-3,-6.50127E-3,-7.30434E-3,-7.41864E-3,-8.09586E-3,-7.44521E-3,-7.75954E-3,-8.03241E-3,-7.52755E-3,-8.55760E-3,-7.72286E-3,-6.96030E-3,-8.19185E-3,-6.37441E-3,-7.55672E-3,-7.29568E-3,-6.97582E-3,-7.08062E-3,-7.08706E-3,-6.31970E-3,-5.95431E-3,-6.98770E-3,-5.33918E-3,-6.67982E-3,-5.77153E-3,-4.95729E-3,-7.11025E-3,-6.46518E-3,-4.74791E-3,-7.48958E-3,-6.52321E-3,-7.53145E-3
1.34855E+3,-4.26608E-4,3.78849E-4,4.72268E-4,-2.63060E-4,3.79046E-4,1.85547E-5,-8.93748E-4,4.90286E-4,3.81557E-4,-5.07951E-4,-7.96545E-4,-4.83276E-4,1.02961E-3,2.98333E-6,2.18032E-4,6.33681E-4,1.05169E-3,-5.05785E-4,4.13701E-4,-4.03084E-4,2.23298E-3,3.08901E-3,3.72135E-3,4.15980E-3,4.95937E-3,5.08952E-3,5.06451E-3,7.18454E-3,1.01131E-2,7.89174E-3,8.74643E-3,7.92198E-3,9.94855E-3,9.48529E-3,8.85749E-3,9.84723E-3,9.49564E-3,1.07003E-2,8.39864E-3,7.31467E-3,8.08039E-3,7.93168E-3,8.46315E-3,7.85302E-3,9.37953E-3,8.25915E-3,8.00574E-3,7.16216E-3,7.88814E-3,8.00213E-3,8.55518E-3,7.20083E-3,6.25070E-3,7.78395E-3,7.91262E-3,7.21510E-3,6.20769E-3,7.38914E-3,5.70636E-3,5.47302E-3,4.72744E-3,5.29837E-3,4.79166E-3,6.31600E-3,2.96374E-3,5.50938E-3,2.63121E-3,4.12244E-3,3.02934E-3,3.37627E-3,3.29488E-3,2.77639E-3,2.59614E-3,5.34114E-3,3.56593E-3,2.80618E-3,2.69701E-3,3.43376E-3,2.25041E-3,2.59911E-3,1.71938E-3,3.25998E-3,1.60830E-3,3.59313E-3,4.00974E-4,2.83136E-3,6.10050E-4,8.78538E-4,9.93375E-4,2.20922E-4,9.32965E-4,9.90520E-5,-3.65036E-4,8.81993E-6,-2.24929E-3,4.28271E-5,-1.81381E-3,-3.12723E-3,-2.11383E-3,-3.43016E-3,-2.53034E-3,-4.15507E-3,-3.78611E-3,-3.43032E-3,-3.42831E-3,-5.12146E-3,-2.93369E-3,-3.72972E-3,-3.72927E-3,-5.90811E-3,-5.28753E-3,-2.91664E-3,-4.82196E-3,-5.88038E-3,-5.94320E-3,-5.69063E-3,-6.63317E-3,-6.21341E-3,-5.73551E-3,-6.56492E-3,-8.05323E-3,-6.98582E-3,-7.21702E-3,-7.10268E-3,-7.71665E-3,-7.13362E-3,-6.55350E-3,-7.87133E-3,-6.85326E-3,-7.45420E-3,-6.71799E-3,-8.27417E-3,-7.25179E-3,-6.84324E-3,-7.60938E-3,-7.62930E-3,-7.70246E-3,-6.71957E-3,-7.53095E-3,-6.02154E-3,-7.35891E-3,-7.81203E-3,-7.53870E-3,-7.83405E-3,-7.23231E-3,-6.58373E-3,-6.72719E-3,-7.19012E-3,-5.53733E-3,-7.66038E-3,-7.01998E-3,-6.31427E-3,-7.23223E-3,-7.35646E-3,-6.32969E-3,-6.13410E-3,-6.58884E-3,-4.34478E-3,-6.33959E-3,-5.44489E-3,-3.99065E-3,-4.35894E-3,-5.19528E-3,-5.52958E-3,-5.49880E-3,-6.23940E-3,-6.30888E-3
1.35205E+3,1.13297E-4,2.86478E-4,-3.08605E-4,6.15995E-4,-9.12991E-4,-8.43174E-4,7.67105E-4,2.09829E-3,1.48848E-5,-6.04621E-4,-1.97205E-4,-8.60393E-4,3.75217E-4,-3.23481E-4,-2.20800E-4,1.49865E-3,1.27947E-3,6.89391E-4,6.54095E-4,-2.01643E-4,2.61019E-3,2.00860E-3,3.84474E-3,3.46622E-3,4.97397E-3,5.49696E-3,5.60566E-3,7.52282E-3,1.03725E-2,7.63574E-3,8.76022E-3,8.37077E-3,8.47476E-3,8.26852E-3,7.51377E-3,9.49755E-3,8.59356E-3,9.87180E-3,9.04901E-3,6.53219E-3,6.89694E-3,7.34782E-3,8.38149E-3,6.38143E-3,8.69208E-3,8.08986E-3,6.88502E-3,8.77930E-3,5.94334E-3,8.35962E-3,7.41774E-3,6.90578E-3,4.96586E-3,6.07833E-3,5.60726E-3,6.64371E-3,5.46302E-3,5.94798E-3,4.52888E-3,5.72071E-3,5.70906E-3,5.07010E-3,4.76523E-3,4.04792E-3,2.35010E-3,4.56846E-3,1.93686E-3,4.88793E-3,2.39281E-3,3.73046E-3,3.30663E-3,3.23448E-3,1.42391E-3,3.72089E-3,3.09277E-3,2.55672E-3,2.68652E-3,2.14115E-3,2.47046E-3,2.44473E-3,2.17578E-3,3.60186E-3,9.23341E-4,2.33402E-3,1.29825E-3,1.22406E-3,-5.69341E-4,1.33388E-3,1.31352E-3,6.96872E-4,8.08232E-4,-2.87727E-4,-1.24417E-3,-6.45258E-4,-1.94712E-3,-2.18621E-3,-9.76813E-4,-3.15397E-3,-2.27016E-3,-3.20408E-3,-3.44419E-3,-3.59632E-3,-2.27493E-3,-5.00248E-3,-4.25754E-3,-3.91575E-3,-4.56767E-3,-5.32199E-3,-2.86819E-3,-5.65664E-3,-5.26735E-3,-4.75435E-3,-4.88281E-3,-6.75527E-3,-8.25821E-3,-6.67095E-3,-5.38596E-3,-7.93723E-3,-6.77745E-3,-6.35516E-3,-8.04320E-3,-5.98786E-3,-7.34756E-3,-6.29652E-3,-6.81582E-3,-6.24600E-3,-7.52620E-3,-7.31608E-3,-7.48864E-3,-8.77673E-3,-8.46205E-3,-7.52968E-3,-8.69103E-3,-7.25639E-3,-8.19061E-3,-7.91889E-3,-7.13920E-3,-7.82548E-3,-7.98540E-3,-8.20861E-3,-8.28232E-3,-7.17969E-3,-8.25411E-3,-7.85116E-3,-7.79587E-3,-7.14439E-3,-7.20670E-3,-7.93706E-3,-7.35255E-3,-6.97436E-3,-7.47622E-3,-6.22948E-3,-5.02087E-3,-6.98231E-3,-5.51022E-3,-6.60187E-3,-7.23959E-3,-4.65549E-3,-4.91640E-3,-5.14063E-3,-4.04514E-3,-5.44274E-3,-3.94722E-3,-5.11131E-3,-5.89272E-3,-6.62047E-3,-7.35088E-3
1.35556E+3,-1.65525E-4,8.75974E-4,1.15907E-4,-3.60801E-4,-4.68409E-4,-4.14758E-4,-2.00269E-4,-5.45848E-4,7.08737E-4,-4.62926E-4,-8.08689E-4,1.05473E-3,5.41564E-4,-6.59316E-4,7.89628E-4,1.27671E-3,1.41586E-3,6.46425E-4,1.06686E-3,8.44511E-4,1.63420E-3,2.94015E-3,2.82122E-3,3.59897E-3,5.00995E-3,5.34924E-3,4.85840E-3,5.38346E-3,7.02300E-3,7.09023E-3,7.09949E-3,8.27799E-3,6.46626E-3,9.12559E-3,7.51624E-3,7.68714E-3,6.53889E-3,9.22144E-3,6.24900E-3,5.39245E-3,4.84260E-3,5.42431E-3,6.46154E-3,5.36642E-3,7.97356E-3,8.29100E-3,5.33111E-3,8.28334E-3,6.02196E-3,7.34289E-3,7.21142E-3,4.98676E-3,6.18376E-3,6.17537E-3,4.81894E-3,6.29216E-3,6.06654E-3,4.77282E-3,5.01375E-3,3.57252E-3,5.28310E-3,3.78133E-3,3.41674E-3,4.00776E-3,1.40736E-3,4.14711E-3,1.97508E-3,5.42529E-3,1.46492E-3,2.48749E-3,1.74527E-3,3.99880E-3,2.03917E-3,3.85113E-3,2.80485E-3,1.43629E-3,2.48739E-3,2.58374E-3,2.11012E-3,1.74046E-3,2.18301E-3,-2.43355E-4,1.63138E-3,2.73160E-3,1.34229E-3,-1.35471E-4,8.70410E-5,1.03898E-3,-8.29391E-4,-1.39672E-3,-6.36134E-5,-9.81845E-4,-1.40397E-3,-1.22337E-3,-2.35559E-3,-1.61522E-3,-1.59711E-4,-2.93822E-3,-3.84368E-3,-3.14029E-3,-3.69451E-3,-4.04011E-3,-3.16882E-3,-4.13107E-3,-3.75686E-3,-4.77802E-3,-4.01498E-3,-4.59956E-3,-2.92742E-3,-6.02332E-3,-5.25791E-3,-5.56812E-3,-5.44960E-3,-5.85121E-3,-7.11544E-3,-5.59385E-3,-3.08152E-3,-7.09938E-3,-6.34229E-3,-6.68469E-3,-8.31187E-3,-6.87146E-3,-8.81314E-3,-7.42144E-3,-8.90034E-3,-7.70365E-3,-7.07645E-3,-6.78301E-3,-7.82495E-3,-7.98120E-3,-7.98771E-3,-8.79175E-3,-7.03460E-3,-8.24598E-3,-8.31123E-3,-8.29697E-3,-7.68531E-3,-7.80245E-3,-7.67328E-3,-7.70137E-3,-7.81505E-3,-8.49550E-3,-8.43407E-3,-7.58599E-3,-8.30362E-3,-6.96300E-3,-7.15068E-3,-7.59671E-3,-6.70199E-3,-7.14400E-3,-8.63249E-3,-6.74042E-3,-6.47752E-3,-4.46684E-3,-5.93957E-3,-6.82298E-3,-6.99164E-3,-3.42400E-3,-3.91466E-3,-6.10793E-3,-5.53779E-3,-5.50817E-3,-4.86297E-3,-5.38462E-3,-5.89245E-3,-5.79740E-3,-5.17813E-3
1.35906E+3,4.39369E-4,7.12972E-4,-2.80675E-4,-9.75257E-4,-5.63948E-4,8.00509E-4,1.64666E-3,2.58952E-4,-4.34296E-4,-7.37459E-4,4.16484E-4,8.96433E-4,-2.76132E-4,-8.55858E-4,-1.04775E-3,8.42932E-4,-7.58072E-4,1.40046E-3,1.35149E-3,2.82383E-3,1.10770E-3,1.21728E-3,1.50559E-3,2.83307E-3,2.97283E-3,2.87461E-3,4.58638E-3,4.97185E-3,6.96514E-3,6.43542E-3,6.24591E-3,7.30368E-3,5.63732E-3,8.70915E-3,6.63459E-3,5.63076E-3,6.72704E-3,6.81361E-3,6.27145E-3,5.12105E-3,3.53099E-3,2.92992E-3,8.65880E-3,4.22150E-3,6.67348E-3,7.01880E-3,6.37525E-3,6.90649E-3,5.22473E-3,8.39394E-3,6.49294E-3,5.65138E-3,5.39470E-3,3.85793E-3,4.69914E-3,5.77028E-3,4.78882E-3,2.82454E-3,4.73107E-3,2.50226E-3,2.89152E-3,1.60982E-3,2.54536E-3,4.76640E-3,1.57731E-4,3.20041E-3,3.13544E-3,3.43863E-3,1.80599E-3,1.22432E-3,1.52028E-3,8.99534E-4,1.74062E-3,2.93918E-3,2.54921E-3,1.44557E-3,-5.92288E-4,1.57125E-3,1.33465E-3,8.02379E-4,1.41832E-3,-3.53905E-4,2.42976E-4,9.90001E-4,5.22664E-4,1.06476E-4,-1.14013E-3,-2.27459E-4,-1.22039E-5,-1.02948E-3,3.64637E-5,-2.31843E-3,-1.43553E-3,-1.72400E-3,-3.03867E-3,-1.53741E-3,-1.96494E-3,-4.02096E-3,-3.65076E-3,-3.91699E-3,-4.57085E-3,-6.53412E-3,-4.80906E-3,-4.76725E-3,-5.17765E-3,-4.01260E-3,-5.06279E-3,-4.39672E-3,-4.04046E-3,-6.46746E-3,-6.53019E-3,-7.38185E-3,-7.31923E-3,-6.37782E-3,-7.67755E-3,-5.15666E-3,-7.03193E-3,-6.67783E-3,-6.63153E-3,-6.86684E-3,-7.76893E-3,-7.78815E-3,-8.45257E-3,-5.98683E-3,-8.94626E-3,-8.48391E-3,-7.96646E-3,-8.93807E-3,-8.75964E-3,-8.32751E-3,-7.62709E-3,-7.22405E-3,-7.83398E-3,-9.02140E-3,-7.92099E-3,-7.40671E-3,-6.79966E-3,-7.44949E-3,-8.28185E-3,-6.72088E-3,-7.48743E-3,-8.13546E-3,-7.77777E-3,-8.30523E-3,-7.42509E-3,-8.31463E-3,-6.47236E-3,-7.77310E-3,-7.35378E-3,-7.80095E-3,-8.11230E-3,-6.63481E-3,-5.60158E-3,-7.41811E-3,-6.59443E-3,-5.44674E-3,-7.19832E-3,-4.34146E-3,-4.73054E-3,-6.69463E-3,-5.11529E-3,-3.40831E-3,-6.76844E-3,-5.71807E-3,-6.22740E-3,-6.41710E-3,-6.19890E-3
1.36257E+3,-1.00372E-3,6.24679E-6,-7.41128E-4,4.62501E-4,3.35313E-4,2.46407E-4,4.48903E-4,1.13320E-3,-2.25284E-4,-1.64908E-3,4.75203E-5,3.75588E-4,5.58066E-4,5.63253E-4,-5.57784E-4,4.34208E-4,1.26720E-5,1.08127E-3,2.16572E-3,-5.37934E-4,1.30892E-3,5.72891E-4,4.69436E-3,4.29986E-3,3.44082E-3,3.94812E-3,3.93967E-3,5.79330E-3,7.16861E-3,6.35270E-3,5.89247E-3,7.50725E-3,6.48612E-3,5.95033E-3,5.84949E-3,5.67076E-3,6.63563E-3,7.59875E-3,5.37473E-3,4.80056E-3,3.86140E-3,4.19758E-3,6.89269E-3,4.78093E-3,8.68709E-3,9.26458E-3,3.55605E-3,6.82367E-3,5.06429E-3,6.35364E-3,6.78736E-3,4.25440E-3,3.24731E-3,3.81221E-3,4.58331E-3,4.90270E-3,4.09121E-3,4.03815E-3,4.64018E-3,2.94840E-3,2.79307E-3,9.18951E-4,1.93914E-3,3.22205E-3,1.01106E-3,3.21469E-3,1.66602E-3,3.86186E-3,1.46900E-3,1.98407E-3,7.77195E-4,7.35415E-4,6.79378E-4,6.18238E-3,1.51206E-3,-6.51345E-4,5.03446E-4,1.43680E-3,-2.18195E-4,6.76683E-4,9.79696E-5,6.43592E-4,8.17928E-4,8.22988E-4,1.54499E-3,6.24293E-4,-1.25845E-3,-5.93524E-4,5.89899E-4,-1.47430E-3,-6.18781E-4,-2.40188E-3,-1.80309E-3,-2.63422E-3,-2.40846E-3,-9.94209E-4,-9.44702E-4,-4.07794E-3,-4.45971E-3,-4.60353E-3,-3.89257E-3,-4.16232E-3,-2.58032E-3,-4.24241E-3,-6.23357E-3,-5.67248E-3,-2.12656E-3,-5.87308E-3,-4.51831E-3,-5.24361E-3,-7.45042E-3,-7.09367E-3,-5.62909E-3,-5.52000E-3,-7.44932E-3,-6.38395E-3,-5.56292E-3,-6.70130E-3,-7.43463E-3,-7.35062E-3,-8.54856E-3,-7.15428E-3,-6.49486E-3,-7.58795E-3,-7.72891E-3,-7.89559E-3,-6.55861E-3,-8.16933E-3,-8.25638E-3,-8.43812E-3,-7.40141E-3,-7.58938E-3,-7.42147E-3,-6.87841E-3,-8.10933E-3,-8.23191E-3,-6.71088E-3,-7.12072E-3,-8.82592E-3,-8.18327E-3,-7.79986E-3,-6.37768E-3,-7.04735E-3,-8.23175E-3,-6.45537E-3,-7.90870E-3,-7.52805E-3,-7.96463E-3,-6.65853E-3,-7.43095E-3,-8.43065E-3,-7.42575E-3,-5.89443E-3,-6.75511E-3,-7.44413E-3,-6.28689E-3,-7.21500E-3,-5.23281E-3,-4.23578E-3,-5.72419E-3,-5.29524E-3,-1.79120E-3,-4.80429E-3,-3.46123E-3,-5.11672E-3,-6.25785E-3,-6.20657E-3
1.36608E+3,1.70716E-4,-1.24819E-4,3.76116E-4,9.54932E-4,-8.67275E-4,1.03566E-3,7.73689E-4,-2.34736E-4,-1.40598E-4,-3.43926E-4,-1.23729E-3,1.22080E-3,-1.35363E-3,-5.90704E-4,3.61063E-4,-5.29032E-5,-1.50340E-3,4.51295E-4,8.33766E-4,-9.73944E-5,1.50128E-3,1.09090E-3,8.79631E-4,2.34861E-3,4.05025E-3,4.39540E-3,3.95264E-3,4.35839E-3,7.47599E-3,4.07700E-3,5.22562E-3,7.79772E-3,5.32777E-3,6.40608E-3,7.23870E-3,4.89316E-3,4.01226E-3,7.21670E-3,5.09114E-3,2.05328E-3,3.21237E-3,3.95319E-3,5.24849E-3,1.53686E-3,8.35252E-3,7.71230E-3,4.03656E-3,6.40606E-3,4.96852E-3,6.67268E-3,7.80966E-3,2.48176E-3,3.98345E-3,2.17881E-3,3.70687E-3,6.64737E-3,2.84182E-3,3.40868E-3,3.26123E-3,1.95068E-3,1.54193E-3,2.89208E-3,1.52577E-3,1.78484E-3,8.82875E-4,2.46663E-3,9.49835E-4,2.20443E-3,7.51903E-4,2.00316E-3,1.89090E-3,2.15788E-3,-3.71620E-5,3.27697E-3,-6.51248E-4,9.12064E-4,4.13811E-4,7.01517E-4,3.72247E-5,-2.15728E-4,1.19295E-3,1.09225E-3,9.47667E-4,1.49523E-3,4.07755E-4,-6.88399E-5,-1.41029E-3,-2.86333E-4,4.38846E-4,-1.41395E-3,4.35760E-4,-2.65201E-3,-5.88840E-4,-2.23945E-3,-2.37376E-3,9.76740E-4,-1.84580E-3,-3.65666E-3,-6.39672E-3,-2.98175E-3,-3.27162E-3,-4.82799E-3,-3.74564E-3,-5.86925E-3,-5.15121E-3,-5.71236E-3,-3.44310E-3,-5.55112E-3,-4.61249E-3,-5.12300E-3,-6.93113E-3,-7.10205E-3,-6.46779E-3,-6.66899E-3,-6.83662E-3,-5.74421E-3,-5.00483E-3,-7.67810E-3,-6.62091E-3,-7.20067E-3,-8.03278E-3,-7.15659E-3,-6.11431E-3,-6.90630E-3,-8.23884E-3,-8.23208E-3,-6.79607E-3,-6.76078E-3,-7.89668E-3,-7.11086E-3,-7.82776E-3,-7.73391E-3,-7.37099E-3,-6.48888E-3,-8.33750E-3,-7.52251E-3,-8.02370E-3,-7.53537E-3,-6.57562E-3,-8.09796E-3,-7.60694E-3,-8.52629E-3,-7.87153E-3,-7.42860E-3,-8.02840E-3,-8.18752E-3,-7.04742E-3,-7.67701E-3,-5.93154E-3,-7.39459E-3,-8.09118E-3,-7.03715E-3,-5.71006E-3,-7.09589E-3,-5.58092E-3,-5.83402E-3,-6.74132E-3,-4.09166E-3,-4.77528E-3,-6.02689E-3,-3.96729E-3,-2.77432E-3,-5.28304E-3,-2.51752E-3,-6.29219E-3,-5.71115E-3,-5.47146E-3
1.36959E+3,5.97043E-4,2.83424E-4,-8.24402E-4,1.30113E-3,5.06154E-4,8.99198E-5,-7.55392E-4,5.63808E-4,-1.57068E-3,6.28085E-4,-3.12463E-4,3.81168E-4,4.36833E-4,-1.07623E-3,-2.48400E-4,1.88644E-3,1.41949E-3,-9.26099E-4,4.40115E-4,4.29133E-4,1.08796E-3,1.54144E-3,3.03478E-3,3.37011E-3,2.79422E-3,4.68959E-3,3.78499E-3,5.01971E-3,5.47402E-3,4.33674E-3,6.15850E-3,7.16191E-3,3.74190E-3,5.30384E-3,7.12276E-3,4.05041E-3,4.08031E-3,5.72057E-3,3.73966E-3,2.63736E-3,-1.34167E-3,3.57840E-4,8.80668E-3,7.16207E-4,8.36480E-3,9.50028E-3,4.03693E-3,4.32348E-3,5.48639E-3,4.49902E-3,6.89084E-3,2.92259E-3,5.66247E-3,1.88188E-3,4.47337E-3,7.97738E-3,3.43233E-3,4.14013E-3,2.85399E-3,1.59740E-3,3.13739E-3,3.00238E-3,2.55418E-3,2.04706E-3,-4.54866E-4,3.98371E-3,2.20256E-3,4.57476E-3,1.45720E-3,2.61078E-3,2.55297E-4,2.73948E-3,-1.16351E-3,3.78718E-3,8.93895E-4,1.15332E-4,1.14741E-3,1.21364E-3,-1.50953E-3,-5.32074E-4,1.01206E-3,4.69204E-4,-2.27429E-4,6.67276E-4,1.35320E-4,-7.39527E-4,4.57780E-4,6.27244E-4,3.08986E-4,-1.59551E-3,-8.92645E-4,-8.02582E-4,1.88174E-4,-1.55972E-3,-2.83850E-3,-6.89776E-4,-3.50155E-3,-4.29554E-3,-5.39140E-3,-1.91621E-3,-2.04074E-3,-4.61353E-3,-2.49812E-3,-4.80292E-3,-6.50555E-3,-4.41517E-3,-1.80703E-3,-5.17786E-3,-3.95379E-3,-4.88598E-3,-5.21292E-3,-3.19747E-3,-5.96152E-3,-6.38406E-3,-5.83837E-3,-4.08107E-3,-4.91187E-3,-7.62456E-3,-5.45860E-3,-7.54880E-3,-9.98652E-3,-6.36131E-3,-5.49695E-3,-7.99238E-3,-7.48027E-3,-7.05625E-3,-6.09447E-3,-7.10220E-3,-8.16403E-3,-7.69822E-3,-8.39507E-3,-7.79851E-3,-5.47339E-3,-6.49948E-3,-8.26887E-3,-7.94137E-3,-7.94416E-3,-6.16709E-3,-7.98673E-3,-6.51644E-3,-6.83274E-3,-8.84448E-3,-7.85121E-3,-6.54723E-3,-7.16474E-3,-7.87907E-3,-6.91694E-3,-7.34272E-3,-5.42784E-3,-6.78753E-3,-7.88560E-3,-6.80757E-3,-6.56689E-3,-6.91859E-3,-5.84150E-3,-5.06313E-3,-6.72624E-3,-4.51160E-3,-3.11223E-3,-5.72696E-3,-4.47906E-3,-4.93984E-3,-5.67705E-3,-4.18055E-3,-5.25927E-3,-7.20972E-3,-5.08400E-3
1.37310E+3,1.94036E-3,2.31184E-4,-1.15917E-3,-1.18145E-3,-3.69272E-4,3.52602E-4,1.20649E-3,-2.48782E-4,-9.91554E-4,2.10806E-4,-2.27697E-4,3.41512E-4,-8.31255E-4,4.63101E-4,2.63121E-4,2.56914E-3,5.26782E-4,-6.48772E-4,-6.16406E-4,7.18324E-4,2.87677E-3,1.13739E-3,3.33390E-3,2.94903E-3,3.09177E-3,3.13322E-3,3.22103E-3,4.67993E-3,2.55615E-3,6.13674E-3,5.75129E-3,4.18859E-3,3.58086E-3,5.30922E-3,1.05730E-2,2.75229E-3,1.69629E-3,4.55667E-3,4.65139E-3,1.03982E-3,9.46860E-5,5.61094E-4,9.79719E-3,-5.27744E-5,8.24994E-3,8.39519E-3,3.62107E-3,6.70129E-3,3.09625E-3,3.49670E-3,7.65708E-3,8.65961E-4,4.69383E-3,2.14285E-3,4.64019E-3,3.96823E-3,4.06153E-3,2.97513E-3,2.76622E-3,8.09712E-4,2.65931E-3,3.17422E-3,1.08831E-3,1.96226E-3,2.31230E-4,3.17131E-3,-3.94755E-4,2.89398E-3,2.93269E-4,8.85137E-4,1.13358E-3,1.94442E-3,1.06475E-3,3.35755E-3,1.49911E-3,-1.63083E-3,1.33298E-4,9.18084E-4,-3.16046E-4,-4.03799E-4,9.83158E-4,-8.75974E-4,-4.66681E-4,1.79591E-3,2.58533E-3,-2.01504E-5,-9.92728E-4,7.99916E-4,1.77846E-3,-5.67179E-4,3.16561E-4,-1.11911E-3,-9.77942E-4,-4.87608E-4,-2.44992E-3,5.70327E-4,-6.07472E-4,-4.63531E-3,-4.41821E-3,-3.54599E-3,-4.02272E-3,-2.98889E-3,-3.08004E-3,-5.87325E-3,-6.34263E-3,-4.74113E-3,1.37752E-3,-3.15488E-3,-2.67442E-3,-5.93392E-3,-8.04869E-3,-4.97513E-3,-6.21386E-3,-5.75262E-3,-7.51941E-3,-2.68111E-3,-2.90110E-3,-5.69050E-3,-6.54636E-3,-6.54686E-3,-8.16480E-3,-6.63483E-3,-7.65988E-3,-7.87119E-3,-7.07091E-3,-7.33846E-3,-6.98158E-3,-7.75512E-3,-8.04138E-3,-6.88167E-3,-8.51506E-3,-7.07081E-3,-8.73239E-3,-7.44203E-3,-6.82078E-3,-7.58546E-3,-6.81620E-3,-6.32957E-3,-8.44671E-3,-7.76555E-3,-8.31897E-3,-6.59461E-3,-7.47183E-3,-6.44706E-3,-7.10009E-3,-5.88231E-3,-8.26676E-3,-7.61354E-3,-5.66273E-3,-6.94111E-3,-8.24551E-3,-5.73307E-3,-6.02674E-3,-4.61959E-3,-4.75078E-3,-5.57450E-3,-6.17981E-3,-4.42391E-3,-3.43519E-3,-3.92054E-3,-4.35635E-3,-4.10960E-3,-4.73663E-3,-2.65728E-3,-5.00690E-3,-5.40562E-3,-4.80527E-3
1.37661E+3,3.20133E-4,9.95966E-5,-7.27846E-4,1.53581E-4,-7.54423E-4,-1.92755E-4,7.98930E-4,1.50765E-4,-1.57572E-3,6.19320E-4,-8.05892E-4,6.81532E-4,6.69927E-4,-8.68372E-5,6.49686E-4,3.49715E-4,-1.23754E-4,-1.36542E-3,1.68132E-5,1.68263E-3,1.01718E-3,4.77567E-3,7.20485E-4,1.35615E-3,1.93771E-3,2.21165E-3,2.26610E-3,4.05143E-3,3.73622E-3,4.66019E-3,3.03601E-3,4.79188E-3,3.55294E-3,4.06069E-3,9.61758E-3,1.68149E-3,2.53552E-3,3.72123E-3,1.82029E-3,5.81422E-4,-2.74652E-3,-2.18656E-3,7.80820E-3,-1.00250E-3,1.05795E-2,8.30595E-3,1.36483E-3,4.99283E-3,4.03613E-3,6.97120E-4,5.99461E-3,-1.58870E-4,5.80531E-3,5.43286E-4,4.42098E-3,3.90643E-3,1.67747E-3,2.38247E-3,1.86135E-3,5.43969E-4,2.27967E-5,2.18174E-3,9.37183E-4,1.43891E-3,1.46763E-4,1.99470E-3,1.13532E-4,3.31387E-3,2.82434E-4,1.24934E-3,-6.78814E-4,3.05106E-4,-4.85270E-4,5.01646E-3,-2.18775E-3,-1.48340E-3,-3.30472E-5,1.11904E-3,-7.64165E-4,-1.20631E-3,-1.27857E-3,-1.69451E-4,-1.44349E-3,-6.75043E-4,5.57359E-4,-1.15926E-3,-9.90551E-4,6.26788E-4,3.36351E-4,1.32142E-4,9.16416E-4,-1.33069E-3,-2.57920E-3,-2.24542E-5,-4.74270E-3,-9.49028E-4,4.69980E-4,-2.08998E-3,-4.27215E-3,-2.97814E-3,-3.29926E-3,-4.65031E-3,-2.92766E-3,-5.68183E-3,-7.48354E-3,-4.39739E-3,-4.34261E-3,-4.60505E-3,-2.42571E-3,-5.57975E-3,-5.35075E-3,-5.86508E-3,-5.12110E-3,-4.79474E-3,-7.24795E-3,-4.33455E-3,-3.59702E-3,-4.86427E-3,-5.86546E-3,-6.25544E-3,-9.35803E-3,-7.92120E-3,-7.55685E-3,-8.28370E-3,-8.43217E-3,-8.46726E-3,-3.84732E-3,-6.63688E-3,-8.87177E-3,-7.52783E-3,-7.04424E-3,-8.52708E-3,-8.34115E-3,-6.30384E-3,-7.32086E-3,-7.12506E-3,-7.41167E-3,-4.52301E-3,-6.33539E-3,-7.38681E-3,-8.96863E-3,-6.84060E-3,-8.89941E-3,-5.07576E-3,-7.75670E-3,-5.77527E-3,-7.53572E-3,-7.70434E-3,-5.74644E-3,-5.96890E-3,-6.99869E-3,-5.61166E-3,-6.59294E-3,-6.53492E-3,-5.05311E-3,-6.26713E-3,-6.55334E-3,-1.81842E-3,-1.17245E-3,-3.59103E-3,-2.38191E-3,-3.42084E-3,-5.49034E-3,-1.97810E-3,-5.70569E-3,-4.78072E-3,-3.14509E-3
1.38012E+3,4.28946E-4,1.53192E-3,9.21705E-4,7.83840E-4,-1.42110E-3,-1.23161E-3,2.19692E-4,6.60615E-4,-1.99207E-4,-3.38865E-4,-9.87541E-5,1.25344E-3,-8.87584E-4,5.90601E-4,-2.21363E-3,2.55837E-4,1.32230E-3,-5.83832E-4,-7.08212E-4,1.28842E-3,7.07790E-4,1.95604E-3,-3.31669E-4,1.51205E-3,2.61468E-3,1.94863E-4,9.87535E-4,4.24164E-3,4.80241E-3,4.78719E-3,5.37025E-3,3.41694E-3,4.42419E-3,1.56877E-3,1.06190E-2,1.61601E-3,1.42287E-3,5.41003E-4,4.28043E-3,8.56292E-4,-2.40509E-3,-3.42125E-3,9.68367E-3,-4.21102E-3,9.65672E-3,7.85049E-3,1.83194E-3,3.20250E-3,4.88229E-3,6.35926E-4,4.31211E-3,-1.27999E-3,4.46293E-3,2.44579E-4,4.61030E-3,4.34100E-3,2.39238E-3,3.91387E-3,2.62195E-3,5.06280E-4,2.39249E-3,2.04830E-3,2.13438E-4,1.85455E-3,-6.87411E-4,3.46338E-3,2.65961E-3,2.48215E-3,1.00488E-3,2.24675E-3,-5.17643E-4,1.55952E-3,-3.86720E-5,6.53174E-3,7.17704E-4,2.59431E-4,-4.69068E-5,1.03107E-3,-7.46318E-4,-1.94269E-3,-1.18444E-3,-1.70994E-3,-1.36672E-4,1.02200E-3,7.45146E-4,-7.22999E-4,-9.86564E-5,-1.27555E-3,4.10654E-4,-9.42544E-4,-1.78819E-4,4.47726E-4,9.25572E-4,-1.72758E-3,-5.12672E-5,-1.38043E-3,2.99490E-4,-2.91120E-3,-3.68719E-3,-4.18133E-3,-9.43378E-4,-2.13435E-3,-2.34801E-3,-5.22888E-3,-5.60034E-3,-5.13523E-3,-3.04345E-3,-1.23287E-3,-1.94368E-3,-3.70455E-3,-5.52904E-3,-5.74027E-3,-4.42396E-3,-4.10255E-3,-6.75434E-3,-6.40117E-3,-4.84441E-3,-5.89767E-3,-4.85986E-3,-6.18446E-3,-7.81009E-3,-6.91050E-3,-6.51586E-3,-5.44578E-3,-6.50205E-3,-7.65351E-3,-4.25487E-3,-6.83895E-3,-8.86967E-3,-5.47133E-3,-6.91334E-3,-6.81707E-3,-7.20371E-3,-4.82765E-3,-6.59267E-3,-7.92539E-3,-6.55118E-3,-5.77494E-3,-7.84890E-3,-7.26258E-3,-5.77820E-3,-5.25829E-3,-8.28568E-3,-3.32452E-3,-6.42007E-3,-7.17340E-3,-5.91449E-3,-6.37248E-3,-5.98224E-3,-6.07883E-3,-7.71744E-3,-4.87345E-3,-5.42273E-3,-6.41473E-3,-3.90484E-3,-4.06221E-3,-6.58777E-3,-3.13744E-3,-1.08491E-4,-2.40690E-3,-3.06096E-3,-2.77429E-3,-4.90903E-3,-1.88405E-3,-5.74008E-3,-4.30784E-3,-3.81849E-3
1.38363E+3,-1.33357E-3,-1.26841E-3,-3.33069E-4,8.52023E-4,-1.12860E-3,2.17993E-3,-3.82884E-4,1.93604E-3,-1.55860E-4,-7.05968E-4,-1.36662E-4,8.59136E-4,-6.01592E-4,7.11328E-4,-4.91844E-4,-3.58474E-4,2.69566E-4,3.14180E-3,-1.11034E-3,-1.09618E-3,-4.95718E-4,2.36012E-3,1.82290E-3,2.79910E-3,2.79373E-3,2.79810E-3,2.76825E-3,3.28256E-3,4.20713E-3,2.22691E-3,1.94057E-3,9.12160E-4,5.43139E-3,5.03636E-4,1.02963E-2,8.66488E-4,-2.52565E-4,2.41229E-4,4.05172E-3,1.93588E-3,-5.90653E-3,-5.31688E-3,9.61251E-3,-4.49845E-3,9.80547E-3,5.69287E-3,2.67646E-3,3.24062E-3,6.64419E-3,1.59254E-3,2.68794E-3,8.46351E-4,3.96903E-3,2.89936E-3,5.28191E-3,4.68290E-3,3.69584E-3,4.32903E-3,1.63828E-3,-1.53025E-4,1.65743E-3,1.32581E-3,1.50950E-3,4.24656E-4,4.48125E-4,2.81133E-3,2.13980E-3,4.72156E-3,8.06172E-4,2.46417E-3,2.13385E-3,2.25445E-3,-1.72758E-3,9.09075E-3,7.61743E-5,-1.64457E-3,8.52188E-4,1.80109E-3,-1.48191E-3,-6.35724E-4,-4.62347E-4,-4.45880E-4,-7.46721E-4,5.03879E-4,5.92266E-4,-7.84059E-5,1.01668E-3,2.12703E-4,2.58170E-3,-1.98638E-3,1.27105E-3,2.22169E-3,8.69744E-4,1.84783E-3,-1.05983E-3,2.42893E-3,-2.11191E-3,-3.75748E-3,-3.73000E-3,6.52826E-4,-3.71902E-3,-2.21046E-3,-5.54712E-4,-5.02681E-3,-5.68952E-3,-2.67386E-3,6.15015E-4,-5.23123E-3,1.85057E-3,-6.26091E-3,-3.44231E-3,-5.71434E-3,-3.57772E-3,-3.57198E-3,-5.56630E-3,-3.55221E-3,-3.28045E-3,-3.75460E-3,-5.46690E-3,-7.21837E-3,-4.21516E-3,-6.48492E-3,-6.02379E-3,-7.33868E-3,-5.15733E-3,-7.83014E-3,-5.55243E-3,-4.83174E-3,-7.25599E-3,-4.26277E-3,-6.09469E-3,-6.62696E-3,-4.85881E-3,-5.02474E-3,-5.07941E-3,-6.34325E-3,-5.13567E-3,-4.30789E-3,-4.62417E-3,-7.87080E-3,-6.95866E-3,-5.09792E-3,-6.97685E-3,-4.71885E-3,-8.12359E-3,-6.16768E-3,-5.05623E-3,-5.54327E-3,-4.29567E-3,-5.84128E-3,-8.20759E-3,-5.41221E-3,-4.74913E-3,-2.30866E-3,-3.67360E-3,-3.16178E-3,-7.26711E-3,-8.31673E-4,-9.45670E-4,-3.09403E-3,-1.77384E-4,-2.97481E-3,-1.84097E-3,-1.66984E-3,-2.57208E-3,-3.50234E-3,-3.02336E-3
1.38714E+3,1.59371E-3,1.35181E-3,-7.85078E-5,-9.25280E-4,-2.07905E-4,-2.03647E-3,1.21955E-3,1.38950E-3,-2.81462E-3,1.02861E-3,-1.38280E-3,1.85271E-3,7.99709E-4,-1.03871E-3,-7.51310E-4,1.01439E-3,-1.18315E-3,1.11757E-3,-3.92340E-4,1.44506E-3,6.59400E-4,-5.87269E-4,2.92584E-3,2.96035E-3,3.18067E-4,3.15656E-3,1.43377E-3,2.47635E-3,5.29297E-3,3.86089E-3,5.78088E-3,9.63752E-4,7.66605E-3,-2.01744E-3,1.25162E-2,1.42600E-3,-1.85268E-3,-1.00259E-3,6.10976E-3,-4.83910E-4,-7.29697E-3,-3.90379E-3,1.29550E-2,-7.10460E-3,1.18341E-2,7.00932E-3,3.29774E-3,1.88599E-3,5.26721E-3,4.80642E-4,3.53453E-3,4.68429E-3,3.02882E-3,3.45294E-3,4.97363E-3,9.07447E-3,2.88604E-3,5.88581E-3,4.43333E-3,2.44515E-3,3.07675E-3,1.20186E-3,7.73468E-4,3.62238E-3,1.90180E-3,4.30884E-3,4.22729E-3,4.90446E-3,2.32948E-3,5.59205E-4,2.83960E-3,3.66722E-3,-9.58690E-4,1.08390E-2,1.06792E-3,-1.19575E-3,1.06499E-3,2.42876E-3,-2.16253E-3,8.63705E-4,-5.41374E-5,3.09499E-4,3.12649E-4,1.71992E-3,1.58023E-3,-3.78829E-4,1.49905E-3,1.18805E-4,2.93311E-3,7.68325E-4,2.25314E-3,2.73870E-4,1.24142E-3,2.09729E-3,1.90253E-3,2.98426E-3,4.17887E-3,-2.54691E-3,-2.79285E-3,-5.73738E-4,-8.73421E-4,-7.98550E-4,-1.11554E-4,-4.27348E-3,-5.70707E-3,-3.51943E-3,4.26448E-3,-3.01605E-3,3.23306E-3,-2.92244E-3,-3.78671E-3,-5.37369E-3,-2.34769E-3,-3.04439E-3,-6.04938E-3,9.17585E-4,-1.92195E-3,-1.99545E-3,-3.61326E-3,-4.72026E-3,-4.40278E-3,-5.22399E-3,-4.37513E-3,-4.11063E-3,-5.86738E-3,-5.35133E-3,-3.83844E-3,-4.72122E-3,-7.34866E-3,-4.61514E-3,-3.58874E-3,-4.93740E-3,-6.93707E-3,-4.63647E-3,-4.58183E-3,-5.82977E-3,-4.99751E-3,-3.36679E-3,-5.39689E-3,-6.50612E-3,-3.50674E-3,-4.80117E-3,-5.18880E-3,-4.48847E-3,-5.43439E-3,-5.12288E-3,-3.80156E-3,-5.03175E-3,-3.07878E-3,-7.08225E-3,-8.21998E-3,-4.78641E-3,-5.64279E-3,-1.10501E-3,-2.62951E-3,-2.27180E-3,-5.99117E-3,1.01333E-3,-2.55827E-4,-3.28099E-5,1.75559E-4,-1.32341E-3,-5.00158E-5,-1.60143E-3,-4.03433E-3,-3.76976E-3,-2.61404E-3
1.39065E+3,-3.40497E-4,1.30753E-3,2.26515E-3,-5.85258E-5,-7.67776E-4,6.98922E-4,-1.10802E-3,1.47663E-3,-1.16264E-3,-9.27188E-4,1.42422E-4,-6.57684E-4,-1.39535E-4,-1.35566E-4,-5.93227E-4,-1.00311E-3,6.58882E-4,-9.90449E-5,1.60642E-3,3.61894E-3,2.81529E-3,8.60744E-4,2.75569E-3,1.42293E-3,-2.38626E-4,3.15084E-3,2.32956E-3,2.27378E-3,7.99284E-3,2.09040E-3,8.01738E-3,3.04930E-4,1.22768E-2,1.04494E-3,1.34162E-2,2.17117E-3,-2.11780E-3,-2.48986E-3,6.94297E-3,-2.82695E-4,-6.47397E-3,-4.32255E-3,1.66038E-2,-5.25702E-3,1.24504E-2,9.15554E-3,5.06317E-3,2.43390E-3,7.61954E-3,1.22694E-3,2.65023E-3,6.84906E-3,3.75034E-3,4.64909E-3,6.31096E-3,9.92582E-3,4.42310E-3,6.14144E-3,5.06760E-3,2.11997E-3,3.67281E-3,1.28222E-3,1.56984E-3,4.02790E-3,1.70029E-3,4.07940E-3,4.17964E-3,5.10152E-3,3.14377E-3,5.53021E-3,2.97246E-3,2.78469E-3,-1.81242E-4,1.11628E-2,2.31024E-3,-1.78164E-3,3.22102E-3,3.13828E-3,7.93375E-4,8.08128E-4,3.44645E-3,-4.95330E-4,1.17986E-3,3.56137E-3,3.52748E-3,1.30772E-3,4.00657E-3,3.40980E-3,5.87678E-3,7.61492E-4,2.62742E-3,4.77122E-3,5.43561E-3,1.22146E-3,6.10741E-3,5.15087E-3,6.59733E-3,-1.18520E-3,-1.63806E-3,2.15913E-3,9.60437E-4,3.70636E-3,4.56058E-3,-2.19948E-3,-3.50941E-3,-5.11335E-4,6.25685E-3,7.73476E-7,3.62975E-3,-1.60806E-3,8.18022E-6,3.32445E-4,1.90007E-3,1.26049E-3,-2.10543E-3,9.61367E-4,-4.96029E-3,-1.09560E-3,-1.01277E-3,-2.32638E-3,-4.99928E-3,-2.57437E-3,-3.39416E-3,-5.01707E-3,-4.22164E-3,-3.58527E-3,-1.45735E-3,-2.12965E-3,-5.69130E-3,-3.06127E-3,-4.30925E-3,-4.26047E-3,-4.47041E-3,5.93503E-4,-1.02970E-3,-2.74995E-3,-4.23607E-3,1.31786E-4,-4.40175E-3,-3.01000E-3,-3.68647E-3,-3.22984E-3,-4.67128E-3,-2.20047E-3,-3.89967E-3,-2.36656E-3,-3.84627E-3,-3.68520E-3,-6.16265E-4,-4.84196E-3,-6.17088E-3,-3.49601E-3,-4.30357E-3,-2.46287E-3,-5.44240E-4,-1.68552E-3,-6.31071E-3,-1.37826E-3,3.66956E-3,7.17502E-4,2.76506E-3,4.26208E-4,2.07980E-3,4.66820E-3,-2.89114E-3,-2.69107E-3,9.64564E-4
1.39416E+3,3.41637E-3,7.50427E-4,8.09804E-4,2.06046E-3,-2.25698E-3,-4.55012E-4,-1.28330E-3,2.07306E-3,-8.43443E-4,-2.82212E-4,-1.28272E-3,-1.68742E-3,1.25482E-3,6.21549E-5,-2.33601E-3,-2.87197E-4,-1.71671E-3,-1.81580E-3,5.15596E-4,1.63383E-3,-2.01893E-4,-2.07183E-3,2.46157E-3,2.04397E-3,-1.62988E-4,2.99589E-3,8.44751E-4,3.27448E-3,7.69143E-3,-1.47954E-3,9.42746E-3,-1.88655E-3,1.08374E-2,-1.41174E-4,1.08248E-2,1.39931E-3,-2.51928E-3,-3.41185E-3,1.06609E-2,2.52924E-4,-1.22459E-2,-8.52246E-3,1.98404E-2,-3.61426E-3,7.40538E-3,4.98006E-3,7.07653E-3,-1.44074E-3,5.60464E-3,4.22466E-3,4.71670E-4,6.96120E-3,7.57609E-3,7.95864E-3,3.22366E-3,9.88840E-3,4.80908E-3,4.88313E-3,4.95491E-3,-1.01372E-4,5.20046E-3,6.84597E-3,3.42370E-3,3.58416E-3,-6.96774E-4,5.49226E-3,3.30647E-3,9.46603E-3,3.28436E-3,4.62156E-3,3.31187E-3,4.79823E-3,7.05114E-4,1.85162E-2,2.48410E-3,1.15890E-3,6.39377E-4,4.72936E-3,2.48559E-3,2.50871E-3,3.46097E-3,1.49418E-3,4.10727E-4,4.72174E-3,5.11609E-3,8.14280E-4,3.61282E-3,4.86143E-3,5.96765E-3,1.81581E-3,4.54925E-3,6.50211E-3,7.70724E-3,3.19330E-3,6.50796E-3,5.81653E-3,7.80184E-3,1.15143E-3,-1.17965E-3,4.02995E-3,2.57882E-3,8.81582E-4,4.18614E-3,-4.05964E-3,-4.09400E-3,1.97924E-3,1.16015E-2,-2.07893E-3,7.99493E-3,1.71103E-4,1.16130E-3,4.73435E-4,3.88916E-3,1.35231E-3,-1.09828E-3,5.75418E-4,-2.39318E-4,2.37431E-3,3.47073E-5,-1.68783E-3,-3.72877E-3,-2.09507E-3,-9.29964E-4,-3.16234E-3,-6.94326E-3,-4.39358E-3,5.56480E-4,-8.59130E-4,-6.07184E-3,-3.46355E-4,-2.23542E-3,-3.84194E-3,-3.12282E-3,4.31590E-4,-1.09317E-3,-1.64875E-3,-3.56041E-3,5.41881E-5,-3.21679E-3,-3.01484E-3,-1.90330E-3,-3.41166E-3,-5.60085E-3,-3.40518E-3,-3.49453E-3,-2.00622E-3,-2.65693E-3,-3.60327E-3,-2.92707E-3,-3.52808E-3,-5.37748E-3,-3.94458E-3,-3.64757E-3,-4.81588E-4,1.90147E-4,-1.21205E-3,-6.12276E-3,-9.21584E-4,4.46599E-3,4.18596E-3,2.98124E-3,5.29889E-3,3.88347E-3,3.14306E-3,-8.31150E-5,-9.20491E-4,9.36524E-4
1.39768E+3,2.95226E-3,-2.02284E-3,8.13051E-4,9.66474E-4,-2.13399E-3,-5.57195E-4,4.23601E-4,2.31318E-3,-1.15254E-3,-2.01203E-3,-2.28579E-3,1.04001E-3,1.43734E-3,1.46359E-3,-1.24511E-3,3.30761E-3,3.03039E-3,-2.58762E-3,6.55827E-4,2.66171E-3,1.99414E-3,-1.81914E-3,3.26528E-3,4.55013E-3,6.35104E-4,5.54257E-3,-3.40364E-3,6.88641E-4,1.00850E-2,-1.56022E-3,6.02987E-3,-3.97478E-3,1.25135E-2,7.62055E-4,1.52560E-2,4.75394E-3,-6.50752E-5,-4.50137E-3,1.37738E-2,8.59172E-4,-1.27705E-2,-5.91579E-3,2.81046E-2,-6.94058E-3,1.04757E-2,3.04795E-3,9.94404E-3,5.93778E-4,7.23929E-3,1.04014E-2,9.47731E-4,1.24829E-2,1.10221E-2,1.08694E-2,5.23163E-3,1.34729E-2,6.29222E-3,9.01325E-3,6.08775E-3,3.43907E-3,8.47967E-3,7.35615E-3,2.72055E-3,6.21375E-3,5.25343E-3,9.60749E-3,6.75093E-3,1.20990E-2,7.48743E-3,9.95592E-3,6.53898E-3,4.43229E-3,3.71983E-3,2.21802E-2,2.88129E-3,1.29084E-3,4.25321E-3,8.89308E-3,3.00493E-3,5.72487E-3,6.03539E-3,5.41596E-3,1.94246E-3,5.06483E-3,8.01508E-3,4.91707E-3,7.92971E-3,9.11613E-3,9.77337E-3,6.69696E-3,1.08965E-2,1.30070E-2,1.29086E-2,8.48940E-3,1.16139E-2,1.40306E-2,1.40960E-2,5.09014E-3,1.56164E-3,7.11367E-3,8.64970E-3,4.60918E-3,1.03297E-2,-2.67652E-3,-2.43332E-3,5.40243E-3,1.98852E-2,7.75588E-3,1.47202E-2,5.55989E-3,6.87069E-3,6.17237E-3,7.40973E-3,6.02183E-3,1.49691E-3,9.28044E-3,6.48430E-3,4.38685E-3,2.51009E-3,2.17157E-3,-4.26228E-3,5.48736E-4,-1.22022E-3,-1.17783E-3,9.08733E-4,-3.17453E-3,4.71274E-3,3.09831E-3,-3.31456E-3,1.97942E-3,2.84538E-3,3.78905E-3,1.06120E-3,6.80289E-3,6.48892E-4,-8.26062E-4,9.40320E-4,5.69245E-3,-8.62098E-5,-2.64590E-3,2.10708E-3,-1.46010E-3,-3.04892E-3,3.48894E-3,-8.66439E-4,1.07825E-3,-1.21195E-3,-7.76866E-4,6.86424E-5,-1.20339E-3,-4.72992E-3,7.68267E-5,-1.39273E-3,2.05960E-3,2.88870E-3,2.64104E-3,-3.36947E-3,2.84715E-3,8.83672E-3,4.82614E-3,5.38874E-3,7.42256E-3,6.08112E-3,8.42569E-3,3.82803E-3,3.58720E-3,6.47488E-3
1.40119E+3,2.66783E-4,-1.51364E-3,1.06529E-3,9.42770E-4,-3.50133E-3,-5.41141E-4,3.55255E-4,3.61047E-3,-1.17141E-3,-2.48348E-3,1.05891E-3,3.26841E-3,-3.16890E-3,2.55731E-3,-7.45306E-4,2.38975E-3,8.69574E-4,5.65948E-4,7.95435E-5,-1.31918E-4,1.98867E-3,-1.09293E-3,2.91549E-3,2.77772E-3,4.19867E-3,6.57503E-3,-1.18198E-3,1.74368E-3,1.32057E-2,-4.91837E-3,8.58882E-3,-2.42090E-3,1.50475E-2,1.35617E-3,1.03924E-2,5.72178E-3,-4.67671E-3,-1.03516E-2,1.59557E-2,2.70646E-3,-1.72833E-2,-8.19318E-3,2.55067E-2,-4.36871E-3,7.25477E-3,3.08450E-3,9.87878E-3,-2.95410E-3,7.56314E-3,1.00855E-2,2.90168E-3,1.46220E-2,1.26071E-2,8.77545E-3,5.50939E-3,2.00094E-2,7.21427E-3,8.86415E-3,5.84107E-3,9.56041E-4,9.97295E-3,8.15319E-3,3.71915E-3,6.63610E-3,8.15922E-3,8.08889E-3,1.08958E-2,1.37076E-2,1.01832E-2,6.50550E-3,8.25027E-3,8.47571E-3,2.91823E-3,2.84744E-2,6.69281E-3,9.37675E-4,6.99354E-3,9.38324E-3,3.27751E-3,6.68268E-3,9.08340E-3,4.18186E-3,6.30067E-3,6.10844E-3,1.25837E-2,9.08309E-3,1.32255E-2,1.13126E-2,1.49775E-2,7.97525E-3,1.43365E-2,1.51715E-2,1.71740E-2,1.07248E-2,1.46501E-2,1.77097E-2,1.46870E-2,7.98187E-3,1.32582E-3,1.06859E-2,9.15654E-3,9.34152E-3,1.10018E-2,1.40555E-3,-4.69422E-4,9.15124E-3,2.41118E-2,1.10688E-2,1.80665E-2,7.69753E-3,7.49958E-3,9.86492E-3,1.07194E-2,6.64394E-3,4.12870E-3,8.67485E-3,9.87482E-3,8.14381E-3,7.72245E-3,1.51670E-3,1.69647E-3,2.42280E-3,2.42672E-3,-2.47519E-3,1.57803E-3,-8.53760E-4,2.34400E-3,5.02845E-3,-1.12988E-3,4.44372E-3,3.55761E-3,4.09421E-3,1.90159E-3,8.90397E-3,6.29171E-3,-1.88471E-4,2.87332E-3,8.18433E-3,3.01254E-3,-6.22024E-4,3.37698E-3,8.07945E-4,-3.10857E-4,5.08574E-3,-2.38475E-4,2.78356E-3,2.27593E-3,2.72114E-3,-1.11570E-3,4.74018E-4,-5.49806E-3,1.53912E-3,-7.00054E-4,2.89065E-3,3.76131E-3,8.21850E-3,-4.25936E-3,4.95569E-3,1.00020E-2,1.02736E-2,9.44192E-3,8.79497E-3,1.07225E-2,9.54855E-3,3.48785E-3,5.24623E-3,1.21141E-2
1.40471E+3,1.89883E-3,-6.72794E-5,-1.39005E-3,1.33835E-3,-2.60873E-3,1.71217E-3,1.84851E-3,2.17740E-3,-4.75875E-3,-2.26728E-3,-4.07035E-4,3.16582E-3,-1.40544E-3,1.33401E-3,-5.70522E-4,-6.92019E-4,5.26037E-4,2.13933E-3,-1.79649E-3,1.47230E-3,1.97598E-3,2.14850E-3,1.59882E-3,-1.88998E-3,-2.03208E-3,3.33567E-3,-3.24370E-3,3.18833E-3,1.75164E-2,-3.68243E-3,7.26385E-3,-5.45915E-3,1.42705E-2,7.57803E-3,1.29929E-2,7.69212E-3,-4.00271E-3,-1.08801E-2,1.62354E-2,4.66307E-3,-1.56883E-2,-8.87107E-3,3.25607E-2,-3.39158E-3,8.90192E-3,-1.37577E-3,1.33254E-2,2.29749E-3,7.34597E-3,1.67821E-2,5.09719E-3,1.94728E-2,1.90090E-2,1.38009E-2,1.03353E-2,2.28601E-2,7.33454E-3,1.39903E-2,7.16385E-3,3.38325E-3,1.05967E-2,1.13921E-2,1.78976E-3,6.25028E-3,7.87435E-3,9.74304E-3,1.41337E-2,1.43574E-2,1.13229E-2,1.58697E-2,1.19464E-2,1.38626E-2,6.56230E-3,3.37142E-2,7.46958E-3,1.29089E-3,8.31587E-3,1.14702E-2,5.83695E-3,7.05751E-3,1.48889E-2,7.87028E-3,6.74893E-3,7.65124E-3,1.44988E-2,1.44871E-2,1.90600E-2,1.62322E-2,2.13150E-2,1.17333E-2,1.85234E-2,2.10634E-2,2.36839E-2,1.98940E-2,1.76043E-2,2.14223E-2,2.41600E-2,1.17580E-2,3.88130E-3,1.40727E-2,1.16722E-2,1.29481E-2,1.87879E-2,3.70098E-3,5.45480E-4,1.35689E-2,3.39201E-2,1.17318E-2,2.84808E-2,1.31408E-2,1.69443E-2,1.39263E-2,1.46293E-2,1.09879E-2,7.94932E-3,1.50952E-2,1.63588E-2,1.38918E-2,1.14506E-2,7.78745E-3,4.54467E-3,6.56841E-3,6.16890E-3,4.50239E-3,4.67668E-3,-4.65049E-4,8.21750E-3,7.80218E-3,7.22659E-5,8.55040E-3,9.69018E-3,4.14767E-3,1.94586E-3,1.49937E-2,8.32688E-3,3.45191E-3,2.97145E-3,1.35631E-2,7.45353E-3,2.73109E-4,7.50568E-3,2.82754E-3,1.34839E-3,1.09369E-2,2.18308E-4,4.27043E-3,5.90094E-3,2.62809E-3,4.86742E-3,2.69654E-3,-2.84852E-3,3.15353E-3,-1.90992E-3,6.00901E-3,6.39597E-3,8.47355E-3,-3.60792E-3,1.12838E-2,1.63965E-2,1.13201E-2,1.26159E-2,1.35437E-2,9.86701E-3,1.47106E-2,8.43012E-3,7.12118E-3,1.40432E-2
1.40822E+3,3.61985E-3,-1.42273E-3,-2.89974E-5,1.72235E-3,-2.85307E-3,2.39342E-3,-9.90580E-4,3.99047E-3,-4.22704E-3,-2.63302E-3,-7.85316E-4,1.45264E-3,-1.58833E-3,1.06447E-4,1.24389E-3,-3.23987E-3,6.40752E-5,4.04801E-3,-1.37653E-3,-1.73403E-3,3.49778E-4,2.92341E-3,-1.30225E-5,-1.99742E-3,-8.78146E-4,1.51546E-3,-2.71543E-3,3.76048E-3,1.82978E-2,-6.05043E-3,6.44463E-3,-3.32537E-3,1.69002E-2,8.07345E-3,1.00025E-2,1.25361E-2,-3.86647E-3,-1.24330E-2,2.53170E-2,8.01073E-3,-1.37274E-2,-5.30360E-3,3.44601E-2,-4.59129E-3,6.16105E-3,6.75027E-4,1.61121E-2,7.61381E-3,5.84832E-3,2.14763E-2,1.31301E-2,1.86756E-2,2.79040E-2,1.17886E-2,1.29441E-2,2.77827E-2,9.63275E-3,1.56124E-2,1.11017E-2,4.80907E-3,1.25787E-2,1.07695E-2,6.03005E-3,1.17074E-2,1.15281E-2,1.32134E-2,1.74656E-2,1.86486E-2,1.56890E-2,1.84753E-2,1.52904E-2,1.78952E-2,9.01266E-3,4.57608E-2,1.36357E-2,3.91766E-3,1.16910E-2,1.32175E-2,8.87210E-3,9.59234E-3,1.70307E-2,1.04340E-2,1.13928E-2,1.31756E-2,2.08595E-2,1.48019E-2,2.28031E-2,2.35140E-2,2.96167E-2,1.49434E-2,2.33068E-2,3.02610E-2,3.67460E-2,2.56745E-2,3.12126E-2,4.00955E-2,2.91042E-2,1.70072E-2,1.04847E-2,2.08811E-2,1.90816E-2,1.94080E-2,2.83387E-2,6.01998E-3,4.51485E-3,1.77684E-2,4.96545E-2,2.20506E-2,3.83409E-2,1.72026E-2,2.20478E-2,1.76724E-2,2.06315E-2,2.07699E-2,1.37348E-2,2.49985E-2,2.39548E-2,2.44881E-2,1.25959E-2,1.17242E-2,9.80450E-3,8.35277E-3,9.78938E-3,5.78734E-3,5.73425E-3,4.88025E-3,1.21318E-2,1.10019E-2,3.65176E-3,1.11450E-2,1.21667E-2,8.86345E-3,8.55267E-3,2.14102E-2,1.23226E-2,9.43983E-3,8.99159E-3,1.73422E-2,1.14378E-2,4.03528E-3,1.00911E-2,6.88909E-3,4.38588E-3,1.41197E-2,4.95796E-3,8.43757E-3,6.69514E-3,6.86349E-3,6.23992E-3,7.61322E-3,-3.74518E-3,9.05997E-3,1.69383E-3,1.09683E-2,7.99126E-3,1.19848E-2,-1.78630E-3,1.46528E-2,2.28703E-2,1.64677E-2,1.66044E-2,1.97505E-2,1.60287E-2,2.03821E-2,1.21386E-2,1.14561E-2,1.78789E-2
1.41174E+3,2.20566E-3,-2.40533E-3,7.88488E-4,4.41059E-3,-3.23887E-3,3.98930E-3,1.29895E-3,3.68456E-3,-4.33947E-3,-2.54782E-3,-7.25416E-4,-1.74659E-3,-1.22038E-3,-1.76123E-3,1.60757E-3,-5.49115E-3,-3.91029E-3,2.69913E-3,-1.36304E-3,-1.07320E-5,-2.58166E-3,2.00341E-5,-1.07305E-3,-1.85370E-3,2.37897E-3,-5.20200E-4,-3.41578E-3,7.23515E-3,1.93576E-2,-4.00643E-3,8.90257E-3,-2.08250E-3,1.45982E-2,1.38856E-2,1.15320E-2,1.68823E-2,-2.10080E-3,-1.46775E-2,2.87115E-2,5.14745E-3,-1.79195E-2,-4.82368E-3,4.09836E-2,3.04649E-3,3.65180E-3,-1.05212E-3,2.18239E-2,1.32952E-2,4.92866E-3,2.83261E-2,1.86760E-2,2.21838E-2,3.30440E-2,1.66182E-2,1.77888E-2,3.45018E-2,1.27465E-2,2.01766E-2,1.60159E-2,5.35914E-3,1.85141E-2,1.52226E-2,1.12160E-2,1.38070E-2,1.43417E-2,2.27083E-2,2.15928E-2,3.35694E-2,1.57698E-2,2.45499E-2,1.82231E-2,2.10041E-2,1.06602E-2,5.95247E-2,1.26625E-2,7.08283E-3,1.36932E-2,2.31520E-2,1.11988E-2,1.84214E-2,2.33306E-2,1.44980E-2,1.44272E-2,2.26273E-2,2.95015E-2,2.02647E-2,3.14456E-2,3.09293E-2,3.88177E-2,2.48159E-2,3.31942E-2,4.05609E-2,4.30734E-2,3.10148E-2,4.16740E-2,4.87443E-2,4.08272E-2,2.44995E-2,1.45595E-2,2.74762E-2,2.53323E-2,2.85060E-2,3.60453E-2,9.54581E-3,9.97297E-3,2.29716E-2,6.64294E-2,2.96368E-2,5.05906E-2,2.34706E-2,3.19692E-2,2.66791E-2,3.02601E-2,2.82592E-2,2.23798E-2,2.77158E-2,3.20571E-2,3.27455E-2,2.39028E-2,1.64251E-2,1.72346E-2,1.68438E-2,1.92217E-2,8.44084E-3,1.17971E-2,8.26163E-3,1.76698E-2,1.78676E-2,3.17419E-3,1.98626E-2,1.99069E-2,1.57952E-2,1.48678E-2,2.61140E-2,2.04979E-2,1.34130E-2,1.41338E-2,2.76446E-2,1.63017E-2,8.74939E-3,1.84247E-2,1.07773E-2,5.76788E-3,2.18816E-2,9.63878E-3,1.16736E-2,1.35760E-2,1.24624E-2,9.77359E-3,8.77866E-3,-1.62788E-3,1.29662E-2,4.48962E-3,1.45681E-2,1.18612E-2,1.78973E-2,1.05772E-4,1.92769E-2,3.31293E-2,2.29079E-2,2.37580E-2,2.37380E-2,2.13898E-2,2.85316E-2,1.47774E-2,1.87414E-2,2.35560E-2
1.41526E+3,4.20163E-3,-1.43263E-3,2.96144E-3,-7.70990E-4,-3.29702E-3,8.06324E-3,-5.45783E-3,5.93564E-3,-3.80609E-3,-4.89214E-3,1.58744E-3,6.69844E-4,-4.90731E-4,4.97522E-4,-3.76933E-3,-7.41717E-4,-6.60468E-3,8.43152E-4,8.48508E-4,-2.74333E-3,-2.66542E-3,1.20695E-3,-1.25954E-3,-2.44850E-3,3.09930E-3,-3.20175E-3,-2.58174E-3,5.86959E-3,1.94636E-2,-3.88616E-3,5.31738E-3,2.09886E-3,1.23294E-2,1.59784E-2,7.90284E-3,1.95546E-2,1.64938E-4,-1.43262E-2,3.29634E-2,8.66346E-3,-1.68096E-2,3.40489E-3,4.31891E-2,1.03684E-2,6.28894E-3,5.83788E-3,2.67122E-2,2.14410E-2,6.40975E-3,2.87135E-2,2.23967E-2,2.25939E-2,4.01004E-2,1.78427E-2,1.80513E-2,4.24280E-2,1.97802E-2,2.21557E-2,2.22961E-2,9.59140E-3,2.27090E-2,2.22588E-2,1.55632E-2,1.61331E-2,1.61670E-2,2.90361E-2,2.56649E-2,3.48498E-2,2.42135E-2,2.66307E-2,2.78737E-2,2.32301E-2,1.83206E-2,7.56854E-2,2.21206E-2,1.14980E-2,2.34978E-2,3.01124E-2,1.66570E-2,2.21823E-2,2.84711E-2,2.02919E-2,2.05575E-2,2.87690E-2,3.74319E-2,3.22521E-2,4.44077E-2,3.76255E-2,4.67638E-2,3.63417E-2,4.28384E-2,5.32437E-2,6.16057E-2,4.76069E-2,5.33680E-2,6.58128E-2,5.47786E-2,3.48538E-2,1.96860E-2,4.09469E-2,3.56788E-2,3.78664E-2,4.98680E-2,1.91248E-2,1.55609E-2,3.64206E-2,8.07386E-2,4.20737E-2,6.75766E-2,3.84425E-2,4.30967E-2,3.92982E-2,3.80503E-2,3.83517E-2,2.76655E-2,4.61553E-2,4.90418E-2,4.66443E-2,3.35805E-2,2.50820E-2,2.22228E-2,2.28924E-2,2.88716E-2,1.84970E-2,2.35869E-2,1.56889E-2,2.74561E-2,2.94562E-2,1.29988E-2,3.11553E-2,2.82352E-2,2.21444E-2,2.16441E-2,4.40965E-2,2.95700E-2,2.33127E-2,2.24845E-2,4.17616E-2,3.07739E-2,1.73586E-2,2.78938E-2,1.69523E-2,1.46323E-2,3.45977E-2,1.67460E-2,2.07091E-2,2.16801E-2,2.00183E-2,1.72205E-2,1.49748E-2,2.08863E-3,1.95759E-2,7.25745E-3,2.15977E-2,1.98440E-2,2.60515E-2,2.55592E-3,2.86675E-2,4.03140E-2,2.96667E-2,3.15890E-2,3.25951E-2,3.02548E-2,3.58649E-2,2.66681E-2,2.63733E-2,3.36648E-2
1.41878E+3,6.33733E-3,1.97966E-3,-2.87744E-4,2.42371E-4,-1.41966E-3,1.08031E-2,-5.72866E-3,8.55796E-3,-4.94543E-3,-6.38098E-3,1.28525E-3,-1.95452E-3,-2.74431E-3,2.64832E-3,-8.39273E-3,-1.37588E-3,-1.99147E-3,-1.14500E-3,2.39507E-3,-1.89101E-3,-2.11936E-3,5.22368E-4,-3.08289E-3,-4.72915E-3,3.67995E-3,-7.30428E-3,-2.98869E-3,1.62338E-2,1.77693E-2,-9.17686E-4,1.18761E-3,8.07684E-3,1.44718E-2,2.63593E-2,6.99947E-3,2.59730E-2,7.53900E-4,-1.55710E-2,4.15872E-2,1.04470E-2,-1.26721E-2,6.59572E-3,5.53071E-2,1.98021E-2,1.23128E-2,1.49616E-2,2.91805E-2,3.59138E-2,1.04742E-2,3.50081E-2,3.61428E-2,3.31000E-2,5.17407E-2,2.70836E-2,3.19975E-2,5.45498E-2,2.71429E-2,3.58790E-2,3.04588E-2,1.24955E-2,3.07076E-2,3.43777E-2,1.93768E-2,2.71072E-2,2.79622E-2,3.85846E-2,4.49564E-2,4.62679E-2,3.43827E-2,4.51927E-2,4.01947E-2,4.16667E-2,2.55399E-2,9.51004E-2,3.16504E-2,1.72402E-2,3.52596E-2,4.46107E-2,2.81103E-2,3.49226E-2,4.58755E-2,3.18177E-2,3.10536E-2,4.35559E-2,6.06187E-2,4.05107E-2,5.82947E-2,5.73456E-2,6.78451E-2,5.64510E-2,6.72276E-2,6.56075E-2,8.15415E-2,6.60151E-2,7.28346E-2,8.64750E-2,7.50304E-2,5.04106E-2,3.64867E-2,6.37645E-2,5.57576E-2,5.40403E-2,7.13651E-2,2.32785E-2,2.63656E-2,5.20124E-2,1.14163E-1,5.84597E-2,8.84180E-2,5.64136E-2,6.45030E-2,5.73436E-2,5.84335E-2,5.77316E-2,4.54242E-2,6.21957E-2,6.25912E-2,6.40745E-2,5.31976E-2,3.96611E-2,3.93201E-2,3.89083E-2,4.26008E-2,3.25273E-2,3.58833E-2,2.66836E-2,4.22477E-2,4.88035E-2,2.13708E-2,4.43303E-2,4.64798E-2,3.99567E-2,3.26465E-2,6.01772E-2,4.66932E-2,3.64456E-2,3.21927E-2,5.60465E-2,4.32647E-2,2.66407E-2,4.38828E-2,2.81770E-2,2.11168E-2,4.54822E-2,2.38539E-2,3.14117E-2,3.14774E-2,2.55608E-2,2.60211E-2,2.37411E-2,6.70474E-3,3.12160E-2,1.28711E-2,3.43499E-2,2.87757E-2,3.52036E-2,7.74967E-3,4.20232E-2,6.03905E-2,4.21984E-2,4.72409E-2,4.49196E-2,4.16484E-2,4.87711E-2,3.70837E-2,3.93314E-2,5.17511E-2
1.42229E+3,8.32971E-3,-1.07749E-3,-2.27512E-3,-1.03027E-3,-8.92525E-4,1.19257E-2,-4.49343E-3,8.27517E-3,-3.43479E-3,-1.22206E-2,7.59609E-4,4.05622E-3,-7.61643E-3,5.30985E-3,-5.61561E-3,2.06454E-5,4.74187E-4,-3.02696E-3,-1.64791E-3,-1.54013E-3,-6.08237E-3,6.99829E-4,-8.45793E-3,-5.43126E-3,4.67027E-3,-1.12332E-2,-2.31875E-3,2.25077E-2,2.29922E-2,7.52947E-3,-3.96537E-3,2.13902E-2,9.79748E-3,3.14619E-2,6.79242E-3,3.34590E-2,-1.49785E-3,-1.62846E-2,4.81241E-2,1.91039E-2,-8.90257E-3,1.76774E-2,6.20363E-2,3.77289E-2,1.91549E-2,2.83234E-2,3.72516E-2,5.52109E-2,1.36265E-2,4.15998E-2,4.65929E-2,3.75694E-2,6.94198E-2,4.30525E-2,4.02873E-2,6.97724E-2,3.83159E-2,4.44029E-2,4.20157E-2,1.62240E-2,4.55676E-2,4.12773E-2,2.72295E-2,3.45512E-2,3.50683E-2,5.01212E-2,5.66431E-2,6.65636E-2,4.12363E-2,6.15185E-2,4.57360E-2,4.84533E-2,3.40268E-2,1.29485E-1,3.60853E-2,2.32381E-2,4.43698E-2,5.82891E-2,3.29449E-2,4.44785E-2,6.04273E-2,4.20474E-2,3.97346E-2,5.34407E-2,7.58222E-2,5.17310E-2,8.14643E-2,7.72491E-2,8.88695E-2,6.96330E-2,8.55831E-2,9.84396E-2,1.12524E-1,9.27803E-2,9.96054E-2,1.18691E-1,1.02150E-1,7.10997E-2,4.52265E-2,7.77817E-2,7.07769E-2,7.15921E-2,9.84626E-2,3.44021E-2,3.22388E-2,6.68103E-2,1.50077E-1,7.98009E-2,1.20233E-1,7.38145E-2,8.43742E-2,7.78773E-2,8.08836E-2,8.02470E-2,5.74690E-2,8.52779E-2,8.33785E-2,8.77794E-2,6.97511E-2,5.36565E-2,5.02018E-2,5.32561E-2,5.95599E-2,4.47887E-2,4.50120E-2,3.45639E-2,5.82811E-2,6.13110E-2,3.00134E-2,5.55086E-2,5.80402E-2,4.92558E-2,4.25762E-2,7.76666E-2,6.06171E-2,5.07875E-2,3.95494E-2,7.01442E-2,5.36738E-2,3.61920E-2,6.06376E-2,4.03121E-2,2.98312E-2,6.32560E-2,3.37493E-2,4.36090E-2,4.58412E-2,3.57305E-2,3.53224E-2,2.99191E-2,1.15089E-2,3.55384E-2,2.01262E-2,4.47878E-2,3.97331E-2,5.09421E-2,1.20445E-2,4.91857E-2,7.38173E-2,5.51399E-2,5.86236E-2,5.60741E-2,5.58665E-2,6.50757E-2,4.92986E-2,5.33692E-2,6.27699E-2
1.42581E+3,1.46686E-2,-8.38776E-3,2.27723E-3,3.06144E-3,-5.67560E-3,3.92193E-3,-1.43857E-3,7.86492E-3,-1.30698E-2,-6.99114E-3,1.37389E-4,7.56849E-3,-7.79916E-3,9.22124E-3,-5.35923E-3,2.35065E-4,1.19074E-3,-6.82379E-3,-5.72245E-3,3.51267E-3,-5.17806E-3,-2.18320E-3,-4.72813E-3,3.13840E-3,1.86731E-3,-1.11740E-2,-9.58582E-5,2.63247E-2,1.87169E-2,1.43829E-2,-1.14471E-2,3.06589E-2,6.47715E-3,4.67487E-2,4.77407E-3,4.35579E-2,-2.32510E-4,-2.10865E-2,6.28765E-2,2.31546E-2,-7.13971E-3,2.61906E-2,7.85462E-2,5.20902E-2,2.94424E-2,3.94932E-2,4.43476E-2,7.34424E-2,1.89976E-2,5.12079E-2,5.78267E-2,5.38049E-2,8.28618E-2,5.68358E-2,5.16904E-2,9.53167E-2,5.16324E-2,6.66351E-2,5.25436E-2,2.16052E-2,5.58430E-2,5.87612E-2,3.43645E-2,4.87679E-2,4.97751E-2,6.31543E-2,7.69095E-2,8.59912E-2,6.05642E-2,8.41001E-2,6.66051E-2,6.61089E-2,4.88474E-2,1.65197E-1,5.23958E-2,3.19846E-2,6.39333E-2,8.01642E-2,4.78188E-2,6.35640E-2,7.79981E-2,5.95444E-2,5.72644E-2,7.53038E-2,1.09916E-1,7.41835E-2,1.03704E-1,1.01438E-1,1.22891E-1,9.23432E-2,1.15531E-1,1.20064E-1,1.48548E-1,1.21872E-1,1.37326E-1,1.50416E-1,1.39943E-1,9.14225E-2,6.45544E-2,1.16779E-1,1.00366E-1,9.27161E-2,1.23150E-1,5.13505E-2,4.59129E-2,9.18407E-2,1.90414E-1,1.10272E-1,1.58232E-1,1.02127E-1,1.17372E-1,1.02342E-1,1.09044E-1,1.03047E-1,8.24767E-2,1.18790E-1,1.14389E-1,1.18833E-1,9.01872E-2,7.94558E-2,6.87307E-2,6.82220E-2,8.02443E-2,5.49338E-2,6.26320E-2,4.88717E-2,7.91788E-2,8.48045E-2,4.02990E-2,7.58637E-2,7.45888E-2,6.57418E-2,5.99938E-2,1.12640E-1,8.27452E-2,6.66920E-2,5.94612E-2,9.76498E-2,7.39685E-2,4.95206E-2,7.48319E-2,5.37867E-2,4.58056E-2,8.22967E-2,4.27899E-2,5.74502E-2,5.98894E-2,5.06192E-2,4.63533E-2,4.66364E-2,1.44276E-2,5.03788E-2,2.77591E-2,6.01051E-2,5.25354E-2,6.87788E-2,1.88610E-2,6.73055E-2,1.03363E-1,7.30459E-2,8.41503E-2,7.44333E-2,7.04412E-2,8.75822E-2,6.66498E-2,7.02144E-2,8.28458E-2
1.42933E+3,1.03546E-2,-2.70528E-3,1.44119E-3,9.22096E-3,-1.00816E-2,1.11813E-2,-1.86286E-3,7.70497E-3,-1.57641E-2,-7.88391E-3,-7.11354E-5,6.12796E-3,-4.85374E-3,2.31744E-3,-5.12585E-3,-8.86730E-3,-4.70187E-3,-1.08237E-3,-5.97148E-3,-1.52592E-3,-9.54456E-4,-7.01142E-3,-5.27328E-3,3.94483E-3,-7.78917E-4,-1.23476E-2,1.49789E-3,2.54672E-2,1.71991E-2,1.63266E-2,-5.48146E-3,3.46766E-2,1.19576E-2,5.13091E-2,1.11651E-2,4.87297E-2,8.50043E-3,-1.72421E-2,7.57424E-2,3.07132E-2,1.95159E-3,4.18489E-2,8.06662E-2,7.22444E-2,4.15715E-2,5.85132E-2,5.30838E-2,8.47019E-2,3.36940E-2,6.09731E-2,6.59976E-2,6.85301E-2,9.84809E-2,7.26498E-2,6.63788E-2,1.14125E-1,5.93096E-2,8.58636E-2,6.32759E-2,3.05477E-2,7.02427E-2,7.08013E-2,4.60400E-2,6.39670E-2,6.62482E-2,8.68737E-2,9.67741E-2,1.07488E-1,7.64981E-2,1.01581E-1,8.36211E-2,7.94930E-2,6.18181E-2,2.02486E-1,6.41163E-2,4.81993E-2,8.48834E-2,1.02629E-1,6.20701E-2,8.37705E-2,1.01785E-1,7.67845E-2,7.39668E-2,9.79476E-2,1.33033E-1,9.65830E-2,1.31116E-1,1.31372E-1,1.51415E-1,1.18443E-1,1.45600E-1,1.53932E-1,1.85388E-1,1.52711E-1,1.67814E-1,1.91842E-1,1.75541E-1,1.20590E-1,8.41459E-2,1.44649E-1,1.27733E-1,1.29243E-1,1.63072E-1,7.06604E-2,6.82028E-2,1.27327E-1,2.43826E-1,1.38569E-1,2.10761E-1,1.33977E-1,1.47109E-1,1.28206E-1,1.46930E-1,1.39685E-1,1.12166E-1,1.37083E-1,1.44076E-1,1.47525E-1,1.24134E-1,1.00371E-1,1.02997E-1,9.60188E-2,1.02372E-1,8.66850E-2,8.99282E-2,6.96019E-2,1.02186E-1,1.12021E-1,5.92407E-2,1.03753E-1,1.07527E-1,9.44292E-2,8.49723E-2,1.36732E-1,1.13252E-1,9.62953E-2,8.13671E-2,1.29446E-1,9.97065E-2,6.70690E-2,1.04121E-1,7.12033E-2,6.22470E-2,1.10128E-1,6.67628E-2,7.48256E-2,8.15023E-2,6.91353E-2,6.72881E-2,5.94909E-2,2.12890E-2,7.07034E-2,3.95117E-2,7.98747E-2,7.04971E-2,8.67410E-2,2.64609E-2,9.15358E-2,1.29565E-1,9.45452E-2,1.12191E-1,1.02048E-1,9.78470E-2,1.12688E-1,8.21038E-2,9.29004E-2,1.07785E-1
1.43285E+3,1.11298E-2,-5.61822E-3,2.81258E-3,8.02807E-3,-9.61377E-3,1.62819E-2,-3.11333E-3,9.03602E-3,-1.89297E-2,-9.17507E-3,-1.22882E-3,8.52013E-3,-7.61912E-3,3.50899E-3,-4.01951E-3,-7.19465E-3,-4.11645E-3,-6.08018E-3,-9.85829E-3,2.21196E-3,-3.04114E-3,-1.12243E-2,-4.17287E-3,1.03665E-2,-1.01989E-3,-1.35128E-2,-6.56871E-4,3.17583E-2,1.89188E-2,2.05744E-2,-5.56227E-3,4.20605E-2,1.82655E-2,6.06768E-2,1.95529E-2,6.00015E-2,7.76567E-3,-1.23901E-2,9.88068E-2,4.03445E-2,2.44241E-2,7.37542E-2,8.88875E-2,9.53174E-2,7.14194E-2,8.63904E-2,6.81325E-2,1.14440E-1,4.33946E-2,8.15556E-2,8.72857E-2,9.95217E-2,1.34398E-1,9.67065E-2,9.16201E-2,1.58744E-1,8.01596E-2,1.10508E-1,9.17787E-2,4.47805E-2,8.60813E-2,9.58651E-2,6.26352E-2,7.79271E-2,8.55274E-2,1.11243E-1,1.31848E-1,1.35971E-1,1.06707E-1,1.35620E-1,1.22032E-1,1.20658E-1,8.09308E-2,2.60018E-1,9.40307E-2,5.90707E-2,1.08979E-1,1.33866E-1,9.37404E-2,1.06760E-1,1.35786E-1,1.06422E-1,9.35052E-2,1.24079E-1,1.81024E-1,1.26160E-1,1.88028E-1,1.74779E-1,2.09286E-1,1.65023E-1,2.05034E-1,2.15791E-1,2.50641E-1,2.08230E-1,2.31697E-1,2.67944E-1,2.44267E-1,1.64368E-1,1.14761E-1,1.85259E-1,1.76319E-1,1.63347E-1,2.18270E-1,9.32458E-2,9.34511E-2,1.62528E-1,3.37908E-1,1.88816E-1,2.79008E-1,1.73128E-1,2.01532E-1,1.80833E-1,1.89268E-1,1.83287E-1,1.43492E-1,1.97987E-1,2.01713E-1,2.11014E-1,1.67887E-1,1.40920E-1,1.32376E-1,1.26400E-1,1.44383E-1,1.13535E-1,1.18717E-1,9.24857E-2,1.38877E-1,1.50858E-1,7.66297E-2,1.38012E-1,1.36562E-1,1.20512E-1,1.06502E-1,1.93140E-1,1.48195E-1,1.22339E-1,1.09079E-1,1.67963E-1,1.30995E-1,8.47595E-2,1.34873E-1,9.59889E-2,8.21031E-2,1.51606E-1,8.35619E-2,9.76433E-2,1.01112E-1,9.21451E-2,8.06776E-2,7.85395E-2,2.92767E-2,8.38724E-2,4.73252E-2,1.03826E-1,8.96783E-2,1.16641E-1,3.24065E-2,1.20649E-1,1.75737E-1,1.25230E-1,1.41100E-1,1.31157E-1,1.24542E-1,1.45182E-1,1.07659E-1,1.26955E-1,1.40026E-1
1.43638E+3,1.79529E-2,-9.88122E-4,7.32808E-3,7.55277E-3,-1.18097E-2,2.12583E-2,-6.82280E-3,9.80350E-3,-2.29316E-2,-9.72234E-3,-3.05188E-3,-2.11265E-3,-3.23066E-3,-7.60954E-4,-2.46484E-3,-1.64032E-2,-1.09279E-2,4.69346E-4,-1.36472E-2,-3.26533E-4,2.97485E-4,-1.68754E-2,3.75676E-4,1.58442E-2,-7.80912E-3,-9.65096E-3,-5.15282E-3,3.82018E-2,2.12969E-2,2.56164E-2,-7.96972E-3,5.13044E-2,1.17904E-2,7.30548E-2,2.26862E-2,7.29843E-2,9.00801E-3,-2.78020E-3,1.19807E-1,6.76068E-2,4.03961E-2,1.00023E-1,9.53294E-2,1.07847E-1,1.01621E-1,1.09064E-1,7.89953E-2,1.31733E-1,5.84858E-2,1.00166E-1,1.03243E-1,1.23924E-1,1.79832E-1,1.19462E-1,1.07390E-1,2.06876E-1,9.26358E-2,1.38395E-1,1.07516E-1,6.35911E-2,1.09182E-1,1.18763E-1,8.47079E-2,1.04188E-1,1.06172E-1,1.40048E-1,1.57105E-1,1.76710E-1,1.32034E-1,1.64969E-1,1.44781E-1,1.44352E-1,1.03295E-1,3.53187E-1,1.23329E-1,7.83627E-2,1.33821E-1,1.71244E-1,1.21708E-1,1.34565E-1,1.71166E-1,1.39007E-1,1.24317E-1,1.67684E-1,2.24014E-1,1.63649E-1,2.37309E-1,2.18344E-1,2.66348E-1,2.04903E-1,2.70667E-1,2.92683E-1,3.26559E-1,2.63716E-1,3.14835E-1,3.65644E-1,3.10107E-1,2.05296E-1,1.43947E-1,2.39865E-1,2.18520E-1,2.16620E-1,2.85786E-1,1.25409E-1,1.23903E-1,2.37202E-1,4.39000E-1,2.41836E-1,3.65376E-1,2.34300E-1,2.68732E-1,2.35739E-1,2.44303E-1,2.40284E-1,1.93791E-1,2.47812E-1,2.67257E-1,2.62649E-1,2.08817E-1,1.75827E-1,1.71617E-1,1.67939E-1,1.89657E-1,1.50598E-1,1.55544E-1,1.25260E-1,1.79387E-1,1.96619E-1,1.10142E-1,1.84384E-1,1.79833E-1,1.55763E-1,1.43260E-1,2.49635E-1,1.86954E-1,1.56881E-1,1.49052E-1,2.18938E-1,1.78978E-1,1.13179E-1,1.71058E-1,1.27440E-1,1.14878E-1,1.97787E-1,1.16059E-1,1.29637E-1,1.30523E-1,1.16443E-1,1.06218E-1,1.10747E-1,4.24482E-2,1.14607E-1,6.72177E-2,1.37771E-1,1.16065E-1,1.55500E-1,4.72936E-2,1.61164E-1,2.19973E-1,1.66871E-1,1.79936E-1,1.69784E-1,1.61989E-1,1.86961E-1,1.46650E-1,1.63835E-1,1.78667E-1
1.43990E+3,2.84177E-2,-1.06765E-2,6.85750E-3,8.79062E-3,-1.29856E-2,2.99133E-2,-8.63447E-3,1.76930E-2,-2.74878E-2,-1.48006E-2,2.70898E-5,7.58481E-4,-5.67532E-3,-7.32180E-4,-1.14652E-2,-2.33890E-2,-1.11059E-2,1.55965E-3,-2.38882E-2,-2.51584E-5,-1.02865E-2,-2.69984E-2,2.59512E-4,2.31053E-2,-1.24257E-2,-5.29654E-3,-3.46489E-3,5.13097E-2,2.11201E-2,3.25643E-2,-5.98739E-3,6.76554E-2,2.63088E-2,9.08255E-2,4.36175E-2,8.02302E-2,1.55971E-2,9.05877E-3,1.53831E-1,8.39379E-2,8.04121E-2,1.42659E-1,1.13550E-1,1.32989E-1,1.38692E-1,1.43789E-1,1.03372E-1,1.53299E-1,7.41016E-2,1.39486E-1,1.34397E-1,1.64991E-1,2.21410E-1,1.55434E-1,1.49807E-1,2.46492E-1,1.30038E-1,1.77086E-1,1.43536E-1,7.79908E-2,1.50417E-1,1.51912E-1,1.06126E-1,1.34935E-1,1.38099E-1,1.85361E-1,2.06170E-1,2.34335E-1,1.64936E-1,2.24696E-1,1.84792E-1,1.85911E-1,1.34971E-1,4.60545E-1,1.55213E-1,1.00397E-1,1.87375E-1,2.28869E-1,1.53325E-1,1.81957E-1,2.26745E-1,1.81654E-1,1.65695E-1,2.21259E-1,2.90925E-1,2.16128E-1,3.17597E-1,2.83407E-1,3.53040E-1,2.78896E-1,3.40993E-1,3.63092E-1,4.21049E-1,3.43468E-1,4.00489E-1,4.54132E-1,3.99991E-1,2.81627E-1,1.97534E-1,3.20680E-1,2.91815E-1,2.92074E-1,3.67705E-1,1.63945E-1,1.60126E-1,3.06589E-1,5.58482E-1,3.20206E-1,4.83739E-1,3.05971E-1,3.47709E-1,3.15588E-1,3.23847E-1,3.12327E-1,2.56530E-1,3.36368E-1,3.53575E-1,3.48004E-1,2.78537E-1,2.38679E-1,2.32816E-1,2.20803E-1,2.51294E-1,2.04422E-1,2.09263E-1,1.59515E-1,2.34996E-1,2.56039E-1,1.35868E-1,2.41193E-1,2.40265E-1,2.11646E-1,1.86121E-1,3.22154E-1,2.56700E-1,2.09199E-1,1.85189E-1,2.84987E-1,2.19106E-1,1.49448E-1,2.31545E-1,1.61178E-1,1.39965E-1,2.62152E-1,1.48327E-1,1.70554E-1,1.79479E-1,1.55997E-1,1.39445E-1,1.32479E-1,5.26339E-2,1.56987E-1,8.10167E-2,1.77477E-1,1.52671E-1,2.02780E-1,5.70456E-2,1.94595E-1,2.85771E-1,2.06864E-1,2.35013E-1,2.18823E-1,2.07881E-1,2.42338E-1,1.84254E-1,2.09820E-1,2.30399E-1
1.44342E+3,3.51813E-2,-8.90588E-3,1.23671E-3,1.10796E-2,-7.60326E-3,3.58223E-2,-9.27438E-3,2.68251E-2,-2.73700E-2,-3.00607E-2,1.09168E-3,1.52613E-3,-1.24036E-2,3.94022E-3,-2.10853E-2,-2.63060E-2,-1.78708E-2,1.89929E-3,-2.04041E-2,-3.28340E-3,2.03575E-3,-2.75806E-2,1.94311E-3,2.35379E-2,-2.23689E-2,5.13250E-3,-7.24806E-3,5.24104E-2,3.79072E-2,3.40553E-2,-4.27343E-3,7.31694E-2,2.93968E-2,1.09109E-1,5.24390E-2,1.01712E-1,2.12494E-2,1.16706E-2,1.97238E-1,1.17083E-1,1.11616E-1,1.82376E-1,1.46508E-1,1.60471E-1,1.85859E-1,1.67369E-1,1.39044E-1,1.90904E-1,9.31502E-2,1.74733E-1,1.77107E-1,2.00413E-1,2.97000E-1,1.94257E-1,1.86225E-1,3.21544E-1,1.69470E-1,2.12098E-1,1.91380E-1,9.68539E-2,1.88363E-1,2.03929E-1,1.34226E-1,1.72797E-1,1.73505E-1,2.27916E-1,2.53610E-1,2.98960E-1,1.96444E-1,2.91092E-1,2.32197E-1,2.23780E-1,1.72085E-1,5.97153E-1,2.04095E-1,1.38391E-1,2.34315E-1,2.92821E-1,1.99688E-1,2.37348E-1,2.77054E-1,2.31620E-1,2.21146E-1,2.84422E-1,3.88401E-1,2.82008E-1,4.04868E-1,3.78299E-1,4.60134E-1,3.58033E-1,4.51478E-1,4.95844E-1,5.42331E-1,4.48173E-1,5.31584E-1,6.05546E-1,5.32658E-1,3.59567E-1,2.59693E-1,4.11586E-1,3.81092E-1,3.73343E-1,4.82271E-1,2.12178E-1,2.17804E-1,4.04749E-1,7.42182E-1,4.32363E-1,6.42236E-1,3.99757E-1,4.56981E-1,4.10155E-1,4.14951E-1,4.11285E-1,3.36541E-1,4.42627E-1,4.69757E-1,4.43045E-1,3.60687E-1,2.98336E-1,3.00157E-1,2.90232E-1,3.27479E-1,2.55870E-1,2.71124E-1,2.16105E-1,3.13365E-1,3.44445E-1,1.85762E-1,3.08433E-1,3.12797E-1,2.84517E-1,2.37842E-1,4.29075E-1,3.26677E-1,2.73806E-1,2.49972E-1,3.74946E-1,2.97380E-1,1.98689E-1,3.00846E-1,2.15120E-1,1.91468E-1,3.31318E-1,1.98553E-1,2.21255E-1,2.30572E-1,2.02776E-1,1.86999E-1,1.75322E-1,8.09945E-2,1.99557E-1,1.15849E-1,2.32329E-1,1.97165E-1,2.63640E-1,8.71911E-2,2.81947E-1,3.71272E-1,2.71359E-1,2.99675E-1,2.83004E-1,2.70950E-1,3.07397E-1,2.45239E-1,2.78194E-1,2.95134E-1
1.44694E+3,4.63061E-2,-1.47616E-2,1.84142E-3,1.88946E-2,-1.62382E-2,4.57061E-2,-7.10413E-3,3.46649E-2,-3.87263E-2,-3.66120E-2,4.78017E-3,8.49967E-3,-2.79275E-2,1.06012E-2,-2.99245E-2,-2.80846E-2,-2.10322E-2,3.65050E-3,-2.80537E-2,-6.65527E-3,2.07320E-3,-3.32254E-2,-2.81118E-3,2.06578E-2,-3.04194E-2,1.25270E-2,-1.50151E-2,6.08306E-2,4.40784E-2,3.63211E-2,-8.79413E-3,8.38225E-2,3.36956E-2,1.20760E-1,7.14349E-2,1.12419E-1,2.01927E-2,2.71551E-2,2.36800E-1,1.46565E-1,1.56724E-1,2.29362E-1,1.67781E-1,1.64251E-1,2.36836E-1,1.90263E-1,1.77218E-1,2.12232E-1,1.12405E-1,2.27781E-1,2.28710E-1,2.41715E-1,3.70982E-1,2.28048E-1,2.31229E-1,3.94233E-1,2.09502E-1,2.59179E-1,2.43667E-1,1.07965E-1,2.33138E-1,2.57871E-1,1.58277E-1,2.13748E-1,2.30216E-1,2.83157E-1,3.31824E-1,3.63705E-1,2.65403E-1,3.61155E-1,3.03160E-1,3.01774E-1,2.27731E-1,7.50416E-1,2.55598E-1,1.73527E-1,3.02617E-1,3.75716E-1,2.59620E-1,3.01203E-1,3.68747E-1,3.02796E-1,2.82798E-1,3.65964E-1,4.81726E-1,3.68529E-1,5.24805E-1,4.95514E-1,5.82193E-1,4.66896E-1,5.68412E-1,6.20039E-1,7.16846E-1,5.94838E-1,6.79640E-1,7.64253E-1,6.73887E-1,4.71023E-1,3.28391E-1,5.30674E-1,4.94716E-1,4.94296E-1,6.23299E-1,2.80413E-1,2.81503E-1,5.46672E-1,9.76125E-1,5.55099E-1,8.22599E-1,5.22155E-1,5.99110E-1,5.35704E-1,5.35267E-1,5.32541E-1,4.40160E-1,5.72342E-1,6.11146E-1,5.83208E-1,4.66484E-1,4.03671E-1,3.90540E-1,3.77676E-1,4.32360E-1,3.37649E-1,3.47738E-1,2.73168E-1,4.13350E-1,4.37364E-1,2.41628E-1,4.08461E-1,3.99766E-1,3.54313E-1,3.31014E-1,5.58374E-1,4.28628E-1,3.55413E-1,3.12671E-1,4.85024E-1,3.78494E-1,2.42927E-1,3.88855E-1,2.71184E-1,2.50686E-1,4.20343E-1,2.54694E-1,2.84543E-1,2.97524E-1,2.59126E-1,2.42254E-1,2.30587E-1,9.36427E-2,2.52478E-1,1.41107E-1,2.99470E-1,2.47369E-1,3.42658E-1,1.04795E-1,3.29936E-1,4.71564E-1,3.41771E-1,3.86165E-1,3.62785E-1,3.44396E-1,3.94636E-1,3.03905E-1,3.43214E-1,3.77954E-1
1.45047E+3,5.96868E-2,-2.10471E-2,6.53712E-3,2.11587E-2,-2.81188E-2,5.21438E-2,-1.15322E-2,4.51172E-2,-4.55771E-2,-3.83935E-2,-1.67368E-3,1.40124E-2,-3.59877E-2,1.70015E-2,-3.33276E-2,-3.52308E-2,-2.07666E-2,1.31694E-4,-3.24938E-2,-1.30128E-2,-1.36772E-3,-4.07498E-2,-5.49281E-3,2.20265E-2,-4.32008E-2,2.73626E-2,-3.00588E-2,7.08255E-2,5.89456E-2,3.41880E-2,-8.39076E-4,9.26401E-2,4.90689E-2,1.44342E-1,9.84763E-2,1.34290E-1,2.77150E-2,4.40487E-2,3.04077E-1,2.00393E-1,2.12290E-1,2.80493E-1,2.06788E-1,1.98209E-1,2.87413E-1,2.31799E-1,2.14289E-1,2.64663E-1,1.28061E-1,2.83006E-1,2.85205E-1,3.02322E-1,4.61126E-1,2.96286E-1,2.83200E-1,5.16307E-1,2.58711E-1,3.32786E-1,2.82895E-1,1.40812E-1,2.88857E-1,3.09882E-1,2.03025E-1,2.53786E-1,2.73750E-1,3.55295E-1,4.13470E-1,4.49077E-1,3.27271E-1,4.59617E-1,3.83733E-1,3.83578E-1,2.89005E-1,9.38995E-1,3.02952E-1,2.19166E-1,3.69798E-1,4.71660E-1,3.07019E-1,3.69933E-1,4.57463E-1,3.77133E-1,3.42987E-1,4.43912E-1,6.11301E-1,4.42279E-1,6.59088E-1,6.15523E-1,7.33809E-1,5.83022E-1,7.26284E-1,7.95609E-1,8.91388E-1,7.50386E-1,8.39931E-1,9.55364E-1,8.48040E-1,5.92639E-1,4.05928E-1,6.67741E-1,6.29035E-1,6.26309E-1,7.77741E-1,3.61703E-1,3.56067E-1,6.73496E-1,1.20153E+0,7.17269E-1,1.04409E+0,6.48963E-1,7.51388E-1,6.87663E-1,6.92057E-1,6.73217E-1,5.34379E-1,7.12941E-1,7.75388E-1,7.40128E-1,5.97121E-1,5.10998E-1,4.98989E-1,4.72339E-1,5.58489E-1,4.34663E-1,4.40880E-1,3.49650E-1,5.11221E-1,5.62651E-1,2.97854E-1,5.14238E-1,5.13479E-1,4.33348E-1,4.15761E-1,6.88624E-1,5.43916E-1,4.54100E-1,3.89964E-1,6.03082E-1,4.69971E-1,3.11400E-1,4.87534E-1,3.40571E-1,3.09525E-1,5.52877E-1,3.09766E-1,3.58145E-1,3.73805E-1,3.29223E-1,3.02164E-1,2.79581E-1,1.34143E-1,3.20493E-1,1.90024E-1,3.77387E-1,3.19338E-1,4.28434E-1,1.38778E-1,4.17409E-1,5.83850E-1,4.25542E-1,4.86718E-1,4.50753E-1,4.10082E-1,4.75530E-1,3.75976E-1,4.18321E-1,4.64083E-1
1.45399E+3,6.98725E-2,-2.01516E-2,8.82945E-3,2.97062E-2,-3.31653E-2,6.70876E-2,-7.37918E-3,4.40519E-2,-6.92349E-2,-4.27962E-2,-1.20285E-4,1.86410E-2,-3.99819E-2,2.01500E-2,-4.55093E-2,-4.85931E-2,-2.19378E-2,1.28348E-3,-3.49284E-2,-1.94749E-2,8.80057E-4,-4.28852E-2,-1.62111E-2,1.25554E-2,-6.20792E-2,4.00552E-2,-3.95110E-2,7.43922E-2,6.58515E-2,3.99682E-2,2.78261E-3,1.12343E-1,5.80094E-2,1.58461E-1,1.19415E-1,1.49134E-1,4.62741E-2,7.67358E-2,3.68725E-1,2.60726E-1,2.59849E-1,3.28288E-1,2.91449E-1,2.23044E-1,3.17015E-1,2.65047E-1,2.66617E-1,3.41018E-1,1.61582E-1,3.29106E-1,3.44223E-1,3.66952E-1,5.50090E-1,3.73255E-1,3.44994E-1,6.43070E-1,3.17662E-1,4.27709E-1,3.46060E-1,1.75223E-1,3.53103E-1,3.80269E-1,2.54244E-1,3.10464E-1,3.44549E-1,4.18103E-1,5.15173E-1,5.31494E-1,3.95995E-1,5.57115E-1,4.60148E-1,4.57385E-1,3.51850E-1,1.15132E+0,3.72335E-1,2.66171E-1,4.50004E-1,5.64959E-1,3.77009E-1,4.50122E-1,5.37139E-1,4.49797E-1,4.20577E-1,5.36175E-1,7.30707E-1,5.38553E-1,7.96157E-1,7.40712E-1,8.86529E-1,7.00019E-1,8.43619E-1,9.72657E-1,1.08165E+0,8.87780E-1,1.04169E+0,1.17650E+0,1.03911E+0,7.21513E-1,5.10755E-1,8.00293E-1,7.43868E-1,7.58216E-1,9.43945E-1,4.42849E-1,4.32617E-1,8.17837E-1,1.47062E+0,8.38536E-1,1.25871E+0,7.88753E-1,9.09041E-1,8.05443E-1,8.19096E-1,8.05608E-1,6.69602E-1,8.61547E-1,9.28429E-1,8.85934E-1,7.13591E-1,6.24613E-1,6.02584E-1,5.71718E-1,6.61972E-1,5.17127E-1,5.32334E-1,4.23404E-1,6.14736E-1,6.67173E-1,3.69847E-1,6.20209E-1,6.16629E-1,5.36286E-1,4.96716E-1,8.35023E-1,6.50605E-1,5.37110E-1,4.78060E-1,7.19905E-1,5.55157E-1,3.81552E-1,5.87410E-1,4.10048E-1,3.74012E-1,6.55629E-1,3.74339E-1,4.19622E-1,4.46892E-1,3.95330E-1,3.51352E-1,3.30816E-1,1.42087E-1,3.70728E-1,2.06309E-1,4.40020E-1,3.72106E-1,5.20518E-1,1.55850E-1,4.99664E-1,7.21747E-1,5.22942E-1,5.96410E-1,5.63991E-1,5.16266E-1,5.85629E-1,4.63748E-1,5.11404E-1,5.61794E-1
1.45752E+3,8.87209E-2,-2.70958E-2,7.11233E-3,2.67405E-2,-3.74962E-2,9.35562E-2,-1.85602E-2,4.84634E-2,-8.00558E-2,-5.23731E-2,2.28393E-3,2.07459E-2,-4.38511E-2,2.98607E-2,-5.80517E-2,-5.70663E-2,-3.18367E-2,-9.26360E-3,-4.26620E-2,-2.91306E-2,-9.07717E-3,-4.80954E-2,-3.02390E-2,-4.28042E-3,-7.28188E-2,5.28531E-2,-5.37948E-2,8.47351E-2,1.15662E-1,4.13539E-2,1.83391E-3,1.28219E-1,8.02951E-2,2.11141E-1,1.52165E-1,1.93118E-1,4.72256E-2,8.82197E-2,4.75694E-1,3.41842E-1,3.39259E-1,3.95478E-1,3.75307E-1,2.80879E-1,4.08497E-1,3.29827E-1,3.23464E-1,4.37496E-1,1.88129E-1,4.13403E-1,4.28113E-1,4.56416E-1,7.01593E-1,4.55856E-1,4.35814E-1,8.06284E-1,3.69314E-1,5.18533E-1,4.39412E-1,2.18717E-1,4.33994E-1,4.69057E-1,3.11675E-1,3.65366E-1,4.14653E-1,5.17831E-1,6.31388E-1,6.50167E-1,4.85524E-1,7.03038E-1,5.65603E-1,5.68473E-1,4.28220E-1,1.47244E+0,4.63653E-1,3.36750E-1,5.52788E-1,7.09409E-1,4.65551E-1,5.63132E-1,6.74565E-1,5.56379E-1,5.16401E-1,6.70856E-1,9.35628E-1,6.75577E-1,1.00425E+0,9.31302E-1,1.11777E+0,8.98041E-1,1.08407E+0,1.20171E+0,1.36445E+0,1.13949E+0,1.29984E+0,1.45362E+0,1.30570E+0,9.06571E-1,6.17023E-1,1.02302E+0,9.50084E-1,9.45165E-1,1.18057E+0,5.38497E-1,5.36821E-1,1.04549E+0,1.85584E+0,1.07209E+0,1.58559E+0,1.01045E+0,1.15579E+0,1.02307E+0,1.03679E+0,1.00824E+0,8.11601E-1,1.07809E+0,1.17097E+0,1.13956E+0,8.87959E-1,7.63661E-1,7.51256E-1,7.21359E-1,8.27459E-1,6.41639E-1,6.60843E-1,5.22026E-1,7.71464E-1,8.45388E-1,4.59301E-1,7.56897E-1,7.64037E-1,6.64987E-1,6.12955E-1,1.04604E+0,8.02337E-1,6.66883E-1,5.87563E-1,8.79233E-1,6.78118E-1,4.69896E-1,7.22256E-1,4.96407E-1,4.55209E-1,7.96798E-1,4.48025E-1,5.09729E-1,5.38837E-1,4.76482E-1,4.31116E-1,4.00356E-1,1.80901E-1,4.51825E-1,2.60588E-1,5.28764E-1,4.36728E-1,6.23065E-1,1.94615E-1,6.83678E-1,8.75512E-1,6.28887E-1,7.19975E-1,6.72191E-1,6.15510E-1,7.05028E-1,5.66884E-1,6.00379E-1,6.80418E-1
1.46105E+3,1.02042E-1,-2.69781E-2,1.46273E-2,3.16280E-2,-4.58587E-2,1.07303E-1,-2.30088E-2,6.16783E-2,-9.13542E-2,-6.39166E-2,1.55294E-3,1.64698E-2,-4.91612E-2,2.85233E-2,-6.35468E-2,-6.37236E-2,-4.60318E-2,4.57782E-3,-4.52118E-2,-3.71323E-2,7.68905E-3,-5.71365E-2,-3.33210E-2,-6.69637E-3,-8.66519E-2,7.21731E-2,-4.82681E-2,9.87353E-2,1.29794E-1,4.91364E-2,6.54712E-3,1.30254E-1,9.07937E-2,2.25694E-1,1.80893E-1,2.12086E-1,7.55134E-2,1.13154E-1,5.55054E-1,4.11842E-1,3.71479E-1,4.45119E-1,4.54074E-1,3.48055E-1,4.57594E-1,3.94539E-1,3.62089E-1,5.22632E-1,2.21901E-1,4.68489E-1,5.03963E-1,5.49713E-1,8.53288E-1,5.44942E-1,5.16792E-1,9.41802E-1,4.51962E-1,6.06052E-1,5.14096E-1,2.71207E-1,5.11743E-1,5.57731E-1,3.77935E-1,4.52122E-1,5.02036E-1,6.34226E-1,7.25359E-1,7.98675E-1,5.93003E-1,8.16975E-1,7.01621E-1,6.91034E-1,5.22766E-1,1.66696E+0,5.77441E-1,4.18703E-1,6.72660E-1,8.61247E-1,5.78590E-1,6.78634E-1,8.26571E-1,7.04131E-1,6.47163E-1,8.25543E-1,1.11529E+0,8.32673E-1,1.21473E+0,1.14196E+0,1.34281E+0,1.06406E+0,1.30838E+0,1.44905E+0,1.65027E+0,1.39692E+0,1.57238E+0,1.79706E+0,1.60322E+0,1.09943E+0,7.77064E-1,1.25026E+0,1.16170E+0,1.18218E+0,1.44879E+0,6.89098E-1,6.77085E-1,1.26121E+0,2.25159E+0,1.36809E+0,1.94640E+0,1.27977E+0,1.42405E+0,1.26950E+0,1.30519E+0,1.26477E+0,1.03853E+0,1.35260E+0,1.44740E+0,1.39049E+0,1.10902E+0,9.49922E-1,9.44817E-1,9.16816E-1,1.03919E+0,8.26029E-1,8.48051E-1,6.96184E-1,9.84513E-1,1.07510E+0,5.93679E-1,9.67289E-1,9.77346E-1,8.62103E-1,7.83837E-1,1.30162E+0,1.01502E+0,8.52423E-1,7.64719E-1,1.12386E+0,8.91320E-1,6.10166E-1,9.18134E-1,6.52346E-1,5.96143E-1,9.93977E-1,6.03943E-1,6.66656E-1,6.86363E-1,6.14445E-1,5.58295E-1,5.28793E-1,2.43529E-1,5.83139E-1,3.44592E-1,6.77647E-1,5.78195E-1,7.86484E-1,2.56871E-1,7.95229E-1,1.08644E+0,7.77034E-1,9.00207E-1,8.42740E-1,7.70903E-1,8.85507E-1,7.19490E-1,7.41418E-1,8.29273E-1
1.46457E+3,1.09011E-1,-3.10500E-2,2.23938E-2,4.03147E-2,-5.71542E-2,1.35917E-1,-2.83323E-2,8.94860E-2,-9.68761E-2,-8.72489E-2,8.37912E-3,1.21232E-2,-5.93828E-2,1.93961E-2,-7.69769E-2,-8.31178E-2,-4.01489E-2,3.24767E-3,-5.13644E-2,-3.64130E-2,6.29804E-3,-6.80813E-2,-5.57623E-2,-2.24805E-2,-9.25300E-2,7.00843E-2,-5.41120E-2,1.26406E-1,1.75809E-1,5.01620E-2,1.44637E-2,1.36292E-1,1.26725E-1,2.54134E-1,2.50226E-1,2.38034E-1,1.12492E-1,1.55082E-1,6.78318E-1,5.14843E-1,4.55420E-1,5.16398E-1,5.83130E-1,4.09612E-1,5.15823E-1,4.65045E-1,4.31277E-1,6.38707E-1,2.62912E-1,5.45743E-1,6.04545E-1,6.55716E-1,9.87585E-1,6.54311E-1,6.16308E-1,1.08425E+0,5.22784E-1,7.01184E-1,6.29477E-1,3.09275E-1,6.11263E-1,6.59746E-1,4.42357E-1,5.31606E-1,5.74262E-1,7.36933E-1,8.56550E-1,9.34539E-1,7.03471E-1,9.76840E-1,8.38045E-1,8.46559E-1,6.20099E-1,2.01066E+0,6.58969E-1,5.05457E-1,7.85492E-1,1.03293E+0,6.71607E-1,8.23128E-1,9.68191E-1,8.19544E-1,7.73624E-1,9.78659E-1,1.34284E+0,9.70635E-1,1.40174E+0,1.35360E+0,1.64305E+0,1.32256E+0,1.55620E+0,1.74512E+0,1.95423E+0,1.68445E+0,1.91168E+0,2.07178E+0,1.90537E+0,1.32779E+0,9.23484E-1,1.49952E+0,1.37242E+0,1.37939E+0,1.72036E+0,8.28176E-1,8.31145E-1,1.57163E+0,2.65475E+0,1.60806E+0,2.36528E+0,1.50238E+0,1.72539E+0,1.54434E+0,1.56698E+0,1.51647E+0,1.23600E+0,1.59613E+0,1.73170E+0,1.66257E+0,1.36531E+0,1.15940E+0,1.15186E+0,1.10119E+0,1.25847E+0,9.97434E-1,1.01997E+0,8.34588E-1,1.19959E+0,1.32193E+0,7.15663E-1,1.15402E+0,1.18044E+0,1.02527E+0,9.46996E-1,1.56922E+0,1.24103E+0,1.03757E+0,9.14590E-1,1.34881E+0,1.07347E+0,7.31326E-1,1.10966E+0,7.70944E-1,7.28817E-1,1.20386E+0,7.24665E-1,8.09072E-1,8.59468E-1,7.46403E-1,6.70772E-1,6.36118E-1,2.97704E-1,6.99140E-1,4.17092E-1,8.25026E-1,6.93276E-1,9.53714E-1,3.12635E-1,9.96669E-1,1.29682E+0,9.23580E-1,1.07720E+0,1.02095E+0,9.09215E-1,1.04620E+0,8.51927E-1,8.67830E-1,9.92774E-1
1.46810E+3,1.44155E-1,-4.21287E-2,2.71531E-2,4.65529E-2,-5.76926E-2,1.46288E-1,-2.70676E-2,1.20741E-1,-1.10111E-1,-1.12919E-1,-1.20801E-3,1.47625E-2,-7.33869E-2,2.12714E-2,-9.64099E-2,-9.61767E-2,-4.02662E-2,-8.54762E-3,-7.27307E-2,-4.47606E-2,-2.78765E-2,-7.09597E-2,-7.70036E-2,-5.37524E-2,-1.31467E-1,7.84621E-2,-8.86868E-2,1.09945E-1,1.95988E-1,3.63338E-2,5.49331E-3,1.48821E-1,1.30060E-1,2.68447E-1,2.83254E-1,2.64013E-1,9.04961E-2,1.77262E-1,7.68349E-1,5.85253E-1,4.86526E-1,5.15325E-1,6.47150E-1,4.66479E-1,5.72502E-1,5.11629E-1,4.50974E-1,7.48755E-1,2.71434E-1,6.21081E-1,6.60161E-1,7.30554E-1,1.11552E+0,7.17928E-1,6.99648E-1,1.23803E+0,5.93215E-1,7.84048E-1,6.84207E-1,3.09475E-1,6.36174E-1,7.29911E-1,4.78014E-1,5.90145E-1,6.23527E-1,8.43342E-1,9.45209E-1,1.07109E+0,7.70914E-1,1.09682E+0,9.48320E-1,9.60987E-1,6.79563E-1,2.26237E+0,7.13187E-1,5.57569E-1,8.50375E-1,1.18006E+0,7.53536E-1,9.07286E-1,1.06020E+0,9.12570E-1,8.48086E-1,1.08832E+0,1.53358E+0,1.07620E+0,1.60803E+0,1.54777E+0,1.83835E+0,1.47137E+0,1.81227E+0,2.00144E+0,2.21275E+0,1.93274E+0,2.16950E+0,2.41263E+0,2.23669E+0,1.50014E+0,1.03660E+0,1.67594E+0,1.59894E+0,1.57796E+0,1.99344E+0,9.49828E-1,9.35346E-1,1.75334E+0,3.05999E+0,1.85711E+0,2.68019E+0,1.72238E+0,1.96006E+0,1.77217E+0,1.78554E+0,1.74001E+0,1.40633E+0,1.85987E+0,2.00263E+0,1.91958E+0,1.53343E+0,1.32368E+0,1.28719E+0,1.24157E+0,1.46117E+0,1.10598E+0,1.16373E+0,9.58461E-1,1.33808E+0,1.47570E+0,7.97518E-1,1.31898E+0,1.33471E+0,1.16150E+0,1.06000E+0,1.81833E+0,1.43025E+0,1.18028E+0,1.04176E+0,1.57227E+0,1.23338E+0,8.47614E-1,1.28395E+0,8.86751E-1,8.20107E-1,1.41187E+0,8.24608E-1,9.31876E-1,9.38127E-1,8.45146E-1,7.56991E-1,7.17711E-1,3.35883E-1,7.88858E-1,4.67783E-1,9.21638E-1,7.75542E-1,1.09300E+0,3.42934E-1,1.08196E+0,1.52022E+0,1.08335E+0,1.24140E+0,1.19484E+0,1.05602E+0,1.22853E+0,1.00710E+0,1.01358E+0,1.15066E+0
1.47163E+3,1.79612E-1,-6.08507E-2,3.02439E-2,6.34469E-2,-9.26438E-2,1.76494E-1,-3.08247E-2,1.36944E-1,-1.41028E-1,-1.29404E-1,5.76421E-3,2.67796E-2,-9.00782E-2,4.73944E-2,-1.21849E-1,-1.07634E-1,-4.41658E-2,-2.79434E-2,-8.16114E-2,-4.91826E-2,-5.77474E-2,-8.84886E-2,-1.19494E-1,-7.84170E-2,-1.55559E-1,7.99030E-2,-1.42003E-1,1.29821E-1,2.54934E-1,2.38061E-2,7.60237E-3,1.52632E-1,1.61348E-1,3.28180E-1,3.38214E-1,3.30468E-1,1.02124E-1,1.87773E-1,9.41933E-1,7.48708E-1,5.62400E-1,5.87638E-1,8.02937E-1,5.78935E-1,6.78458E-1,6.06799E-1,5.23546E-1,8.86295E-1,3.01758E-1,7.07820E-1,7.70644E-1,8.46220E-1,1.35405E+0,8.66200E-1,7.83145E-1,1.52169E+0,6.66152E-1,9.35336E-1,7.94433E-1,3.57838E-1,7.39908E-1,8.46781E-1,5.51008E-1,6.41621E-1,7.24131E-1,9.58791E-1,1.15583E+0,1.22048E+0,8.99499E-1,1.31597E+0,1.07326E+0,1.09912E+0,7.74942E-1,2.82516E+0,8.57664E-1,6.00572E-1,1.00616E+0,1.37448E+0,8.86763E-1,1.07429E+0,1.23287E+0,1.05530E+0,9.87572E-1,1.25740E+0,1.82560E+0,1.22070E+0,1.98167E+0,1.80932E+0,2.21667E+0,1.75640E+0,2.14449E+0,2.43034E+0,2.67943E+0,2.30309E+0,2.63119E+0,2.91058E+0,2.68561E+0,1.77466E+0,1.20835E+0,2.00691E+0,1.90966E+0,1.89638E+0,2.37140E+0,1.08543E+0,1.08445E+0,2.17775E+0,3.92345E+0,2.25781E+0,3.33469E+0,2.05743E+0,2.37967E+0,2.14824E+0,2.13059E+0,2.07345E+0,1.64140E+0,2.25929E+0,2.45079E+0,2.31046E+0,1.80617E+0,1.54600E+0,1.54224E+0,1.46277E+0,1.73137E+0,1.29508E+0,1.36487E+0,1.08403E+0,1.59719E+0,1.74182E+0,9.06574E-1,1.55943E+0,1.56831E+0,1.35938E+0,1.23536E+0,2.18679E+0,1.67410E+0,1.40377E+0,1.19557E+0,1.87536E+0,1.42458E+0,9.79119E-1,1.52269E+0,1.04588E+0,9.47105E-1,1.67521E+0,9.51032E-1,1.07141E+0,1.11380E+0,9.78869E-1,8.80770E-1,8.20682E-1,3.47833E-1,9.08279E-1,5.10877E-1,1.06592E+0,9.00572E-1,1.29368E+0,3.52914E-1,1.48181E+0,1.83098E+0,1.25583E+0,1.47543E+0,1.41009E+0,1.22148E+0,1.42565E+0,1.14843E+0,1.16889E+0,1.33833E+0
1.47516E+3,2.12791E-1,-5.63009E-2,4.49003E-2,8.59571E-2,-1.05981E-1,2.08631E-1,-4.00992E-2,1.68956E-1,-1.47280E-1,-1.69375E-1,-5.09700E-3,4.91542E-5,-9.73135E-2,3.55157E-2,-1.35354E-1,-1.22020E-1,-4.53394E-2,-4.62873E-2,-1.08341E-1,-4.01146E-2,-8.00160E-2,-1.03343E-1,-1.60683E-1,-1.20259E-1,-1.95394E-1,7.73432E-2,-1.58500E-1,1.14816E-1,3.03092E-1,1.86766E-2,-8.42882E-3,1.54946E-1,1.83848E-1,3.39666E-1,4.14768E-1,3.44300E-1,1.47004E-1,2.38344E-1,1.09728E+0,8.83090E-1,5.82825E-1,6.52832E-1,9.41218E-1,6.92392E-1,7.76998E-1,7.18707E-1,5.84057E-1,1.03620E+0,3.52989E-1,8.27821E-1,8.97226E-1,1.00754E+0,1.55299E+0,9.99639E-1,9.16905E-1,1.77526E+0,7.79041E-1,1.08797E+0,9.30274E-1,4.03015E-1,8.55758E-1,1.00373E+0,6.31270E-1,7.52668E-1,8.56902E-1,1.09636E+0,1.33247E+0,1.42016E+0,9.97795E-1,1.51253E+0,1.25156E+0,1.24742E+0,8.93010E-1,3.30986E+0,1.02497E+0,6.92135E-1,1.18946E+0,1.61654E+0,1.05047E+0,1.24774E+0,1.44709E+0,1.26524E+0,1.17478E+0,1.54423E+0,2.14969E+0,1.47185E+0,2.30363E+0,2.19130E+0,2.65490E+0,2.08443E+0,2.55050E+0,2.99543E+0,3.16135E+0,2.73391E+0,3.07749E+0,3.51867E+0,3.22538E+0,2.10660E+0,1.43183E+0,2.37779E+0,2.27436E+0,2.25911E+0,2.85349E+0,1.34948E+0,1.31214E+0,2.61981E+0,4.54209E+0,2.67100E+0,3.91133E+0,2.40220E+0,2.84026E+0,2.49295E+0,2.51120E+0,2.46206E+0,1.96421E+0,2.68949E+0,2.94797E+0,2.77798E+0,2.14982E+0,1.84299E+0,1.84777E+0,1.72195E+0,2.05806E+0,1.54031E+0,1.64102E+0,1.30127E+0,1.87652E+0,2.08961E+0,1.10395E+0,1.87546E+0,1.84666E+0,1.58696E+0,1.49704E+0,2.56264E+0,1.99150E+0,1.64144E+0,1.42865E+0,2.16911E+0,1.69404E+0,1.12622E+0,1.76175E+0,1.19109E+0,1.08309E+0,1.94875E+0,1.09520E+0,1.24274E+0,1.29258E+0,1.12213E+0,1.00158E+0,9.40783E-1,4.10125E-1,1.04913E+0,5.95042E-1,1.24449E+0,1.01219E+0,1.51317E+0,4.26642E-1,1.46639E+0,2.12085E+0,1.46114E+0,1.70807E+0,1.63294E+0,1.41628E+0,1.67556E+0,1.33174E+0,1.34152E+0,1.54875E+0
1.47869E+3,2.47948E-1,-6.31631E-2,4.85550E-2,8.89545E-2,-1.25481E-1,2.17671E-1,-3.02022E-2,1.78903E-1,-1.78109E-1,-1.77084E-1,-9.29795E-3,3.00980E-2,-1.19902E-1,4.19073E-2,-1.50798E-1,-1.55475E-1,-4.35629E-2,-7.01188E-2,-1.39647E-1,-3.31957E-2,-1.25120E-1,-1.23760E-1,-2.04980E-1,-1.58133E-1,-2.12608E-1,6.39752E-2,-2.07012E-1,1.05413E-1,3.36277E-1,2.74866E-2,-5.12322E-2,1.94303E-1,2.08914E-1,3.77360E-1,4.58401E-1,3.78313E-1,1.76908E-1,2.68191E-1,1.24512E+0,9.82912E-1,6.40817E-1,7.07283E-1,1.04970E+0,7.88200E-1,8.76584E-1,8.17975E-1,6.45719E-1,1.16484E+0,3.82883E-1,9.36904E-1,1.01403E+0,1.12533E+0,1.79767E+0,1.12594E+0,1.03156E+0,2.00481E+0,8.74849E-1,1.24302E+0,1.03517E+0,4.39874E-1,9.59013E-1,1.11848E+0,6.96196E-1,8.53767E-1,9.33246E-1,1.25987E+0,1.47532E+0,1.58878E+0,1.13746E+0,1.74909E+0,1.42479E+0,1.45552E+0,1.02663E+0,3.70082E+0,1.12431E+0,7.87980E-1,1.30611E+0,1.83661E+0,1.17814E+0,1.40722E+0,1.64212E+0,1.42608E+0,1.32491E+0,1.72575E+0,2.42622E+0,1.67992E+0,2.61132E+0,2.48625E+0,2.97603E+0,2.35362E+0,2.87851E+0,3.43154E+0,3.59765E+0,3.10689E+0,3.49612E+0,3.94649E+0,3.61871E+0,2.37391E+0,1.63870E+0,2.73753E+0,2.56345E+0,2.65646E+0,3.24745E+0,1.51736E+0,1.48049E+0,3.01560E+0,5.11080E+0,3.05445E+0,4.44818E+0,2.76510E+0,3.23611E+0,2.89769E+0,2.88370E+0,2.84076E+0,2.22962E+0,3.10047E+0,3.39523E+0,3.11329E+0,2.43364E+0,2.09696E+0,2.08558E+0,1.97861E+0,2.37508E+0,1.75106E+0,1.83920E+0,1.45488E+0,2.13691E+0,2.39466E+0,1.23969E+0,2.10596E+0,2.09203E+0,1.82841E+0,1.69283E+0,2.90006E+0,2.26733E+0,1.84233E+0,1.59817E+0,2.44709E+0,1.89626E+0,1.26305E+0,1.97426E+0,1.35250E+0,1.25174E+0,2.22421E+0,1.25311E+0,1.40439E+0,1.46163E+0,1.29470E+0,1.14669E+0,1.04820E+0,4.47181E-1,1.19182E+0,6.58375E-1,1.39772E+0,1.12597E+0,1.74096E+0,4.52733E-1,1.81399E+0,2.38982E+0,1.62984E+0,1.94256E+0,1.83458E+0,1.59253E+0,1.85712E+0,1.47599E+0,1.48083E+0,1.70210E+0
1.48222E+3,2.43441E-1,-6.69578E-2,5.87406E-2,6.57874E-2,-1.12301E-1,2.21743E-1,-3.04425E-2,2.07862E-1,-1.92105E-1,-1.87572E-1,-3.26672E-4,1.77331E-2,-1.18412E-1,4.84506E-2,-1.55640E-1,-1.69778E-1,-4.04643E-2,-5.00512E-2,-1.60166E-1,-3.23996E-2,-1.27013E-1,-1.32028E-1,-2.15914E-1,-1.83698E-1,-2.10085E-1,6.42952E-2,-2.21207E-1,9.23878E-2,3.41464E-1,2.38462E-3,-3.07712E-2,1.72095E-1,2.30694E-1,3.62124E-1,4.94892E-1,3.86145E-1,1.87215E-1,2.80425E-1,1.27879E+0,1.01403E+0,6.38733E-1,7.48264E-1,1.06329E+0,8.33160E-1,9.24029E-1,8.79407E-1,6.81454E-1,1.20612E+0,3.94949E-1,9.79669E-1,1.05886E+0,1.18964E+0,1.81035E+0,1.17914E+0,1.07723E+0,2.01526E+0,9.32721E-1,1.28764E+0,1.11946E+0,4.89631E-1,1.00902E+0,1.19592E+0,7.73706E-1,9.16431E-1,1.01088E+0,1.35826E+0,1.55546E+0,1.71668E+0,1.19956E+0,1.85676E+0,1.53777E+0,1.58248E+0,1.11096E+0,3.93511E+0,1.21895E+0,8.71563E-1,1.42252E+0,1.94509E+0,1.28416E+0,1.52623E+0,1.78445E+0,1.58036E+0,1.44054E+0,1.84893E+0,2.59825E+0,1.81258E+0,2.75719E+0,2.64282E+0,3.16424E+0,2.56781E+0,3.04317E+0,3.49876E+0,3.79806E+0,3.34991E+0,3.74594E+0,4.11770E+0,3.88141E+0,2.59197E+0,1.78228E+0,2.96168E+0,2.79839E+0,2.75125E+0,3.42113E+0,1.69419E+0,1.61968E+0,3.14230E+0,5.41189E+0,3.18280E+0,4.63727E+0,2.96285E+0,3.38406E+0,3.00578E+0,3.07978E+0,3.03847E+0,2.38980E+0,3.27613E+0,3.51795E+0,3.33361E+0,2.66211E+0,2.27599E+0,2.27930E+0,2.15411E+0,2.51261E+0,1.90234E+0,2.00127E+0,1.57794E+0,2.32312E+0,2.52882E+0,1.36942E+0,2.28425E+0,2.24811E+0,2.01880E+0,1.81438E+0,3.11662E+0,2.44602E+0,1.99325E+0,1.71255E+0,2.59407E+0,2.03270E+0,1.36910E+0,2.16784E+0,1.46518E+0,1.32315E+0,2.32601E+0,1.34455E+0,1.49404E+0,1.56488E+0,1.37050E+0,1.23412E+0,1.13248E+0,5.11818E-1,1.26748E+0,7.17935E-1,1.47383E+0,1.21071E+0,1.84957E+0,5.18897E-1,1.75541E+0,2.51475E+0,1.76746E+0,2.04006E+0,1.95847E+0,1.67953E+0,1.98011E+0,1.61314E+0,1.58830E+0,1.81603E+0
1.48575E+3,3.02718E-1,-7.78694E-2,5.14847E-2,7.08401E-2,-1.33849E-1,3.05621E-1,-5.42516E-2,2.14148E-1,-2.34746E-1,-2.00785E-1,-1.18199E-2,2.48460E-2,-1.39054E-1,6.19393E-2,-1.79222E-1,-1.93416E-1,-4.63470E-2,-6.19059E-2,-1.90775E-1,-2.79148E-2,-1.69080E-1,-1.52275E-1,-2.60564E-1,-2.16699E-1,-2.49804E-1,6.78012E-2,-2.53017E-1,1.20347E-1,4.08432E-1,1.18922E-3,-4.14896E-2,1.69816E-1,2.49885E-1,4.07710E-1,5.48107E-1,4.06241E-1,2.38151E-1,2.77051E-1,1.45600E+0,1.13794E+0,6.83599E-1,8.46871E-1,1.22939E+0,9.56560E-1,1.09813E+0,9.34489E-1,7.98698E-1,1.33594E+0,4.51092E-1,1.11363E+0,1.21074E+0,1.31912E+0,2.13241E+0,1.34468E+0,1.18568E+0,2.40568E+0,1.00108E+0,1.44847E+0,1.28530E+0,5.31784E-1,1.11188E+0,1.38078E+0,8.32382E-1,1.00205E+0,1.13444E+0,1.50642E+0,1.77473E+0,1.91236E+0,1.32132E+0,2.08388E+0,1.70680E+0,1.75496E+0,1.21939E+0,4.58218E+0,1.36222E+0,9.77681E-1,1.60291E+0,2.24072E+0,1.43742E+0,1.68987E+0,2.04648E+0,1.81702E+0,1.60460E+0,2.08573E+0,2.93825E+0,2.06231E+0,3.19078E+0,3.04751E+0,3.63164E+0,2.86665E+0,3.48670E+0,3.99200E+0,4.37354E+0,3.81478E+0,4.35875E+0,4.71321E+0,4.43597E+0,2.96931E+0,2.01022E+0,3.35086E+0,3.13451E+0,3.14077E+0,4.04081E+0,1.91142E+0,1.82799E+0,3.77276E+0,6.38330E+0,3.71753E+0,5.48749E+0,3.41405E+0,3.94861E+0,3.46952E+0,3.44460E+0,3.47024E+0,2.74564E+0,3.78669E+0,4.13919E+0,3.84886E+0,3.02099E+0,2.58019E+0,2.60100E+0,2.43738E+0,2.90189E+0,2.13578E+0,2.32505E+0,1.82171E+0,2.67396E+0,2.90675E+0,1.57686E+0,2.58213E+0,2.61104E+0,2.29805E+0,2.11705E+0,3.64942E+0,2.82541E+0,2.28548E+0,1.99201E+0,3.00097E+0,2.38266E+0,1.54549E+0,2.46028E+0,1.65304E+0,1.53676E+0,2.69777E+0,1.55092E+0,1.74740E+0,1.81354E+0,1.59318E+0,1.40898E+0,1.30167E+0,5.43444E-1,1.45324E+0,8.01467E-1,1.72463E+0,1.42516E+0,2.19787E+0,5.62908E-1,2.23348E+0,2.94872E+0,2.04337E+0,2.40787E+0,2.31927E+0,1.98156E+0,2.31918E+0,1.86999E+0,1.85637E+0,2.15365E+0
1.48928E+3,3.64579E-1,-1.26683E-1,5.75004E-2,5.34771E-2,-1.34804E-1,3.77942E-1,-5.04087E-2,2.83045E-1,-2.68961E-1,-2.52497E-1,-4.07435E-2,3.40083E-2,-1.53927E-1,8.34222E-2,-2.25949E-1,-2.68458E-1,-5.52623E-2,-6.89287E-2,-2.67069E-1,-3.12855E-2,-2.01904E-1,-2.19248E-1,-3.25289E-1,-2.72478E-1,-3.24640E-1,5.84318E-2,-3.16473E-1,1.13013E-1,4.39812E-1,-1.82261E-2,-6.89135E-2,1.55984E-1,3.16212E-1,3.84356E-1,6.07199E-1,4.93410E-1,2.77528E-1,2.72208E-1,1.60540E+0,1.22367E+0,7.33143E-1,9.52126E-1,1.26751E+0,9.86415E-1,1.15103E+0,1.06803E+0,8.69321E-1,1.44744E+0,4.63934E-1,1.21414E+0,1.32003E+0,1.45639E+0,2.32212E+0,1.41508E+0,1.33003E+0,2.56282E+0,1.12219E+0,1.58202E+0,1.40050E+0,5.23753E-1,1.22713E+0,1.49243E+0,8.74706E-1,1.12689E+0,1.20507E+0,1.62020E+0,1.91458E+0,2.11017E+0,1.46693E+0,2.33814E+0,1.89097E+0,1.97179E+0,1.36455E+0,4.98825E+0,1.48702E+0,1.03549E+0,1.75880E+0,2.44829E+0,1.54986E+0,1.85008E+0,2.23411E+0,1.99083E+0,1.77021E+0,2.31348E+0,3.23042E+0,2.30565E+0,3.46121E+0,3.36972E+0,4.02024E+0,3.21622E+0,3.82489E+0,4.49343E+0,4.83396E+0,4.27074E+0,4.75236E+0,5.24937E+0,4.97297E+0,3.27243E+0,2.22076E+0,3.68456E+0,3.50925E+0,3.62579E+0,4.53569E+0,2.19601E+0,2.06447E+0,4.20297E+0,7.26308E+0,4.11525E+0,6.16241E+0,3.85204E+0,4.49223E+0,3.99339E+0,3.91661E+0,3.94332E+0,3.08063E+0,4.30324E+0,4.66393E+0,4.33527E+0,3.37395E+0,2.93938E+0,2.98399E+0,2.81647E+0,3.32230E+0,2.43772E+0,2.66975E+0,2.08621E+0,3.07071E+0,3.32677E+0,1.78551E+0,3.02566E+0,3.00798E+0,2.64366E+0,2.43137E+0,4.13678E+0,3.19255E+0,2.62507E+0,2.25274E+0,3.45449E+0,2.69876E+0,1.77050E+0,2.81702E+0,1.90747E+0,1.75917E+0,3.10673E+0,1.76097E+0,1.99969E+0,2.04368E+0,1.81625E+0,1.61112E+0,1.47262E+0,5.96032E-1,1.67048E+0,8.93962E-1,1.93893E+0,1.60846E+0,2.48411E+0,6.20575E-1,2.67166E+0,3.31290E+0,2.27768E+0,2.70432E+0,2.62357E+0,2.21440E+0,2.61977E+0,2.09286E+0,2.06283E+0,2.38635E+0
1.49281E+3,4.01781E-1,-1.28793E-1,7.93745E-2,6.36822E-2,-1.80833E-1,4.19995E-1,-4.75587E-2,3.12215E-1,-2.90978E-1,-2.82608E-1,-9.49554E-3,4.12630E-2,-1.92639E-1,8.46397E-2,-2.70046E-1,-3.24289E-1,-8.21674E-2,-4.23855E-2,-3.45366E-1,-1.98945E-2,-2.04412E-1,-2.74268E-1,-3.44135E-1,-2.98045E-1,-3.36855E-1,6.94241E-2,-3.45536E-1,1.39802E-1,5.30600E-1,-1.18784E-2,-6.97065E-2,1.66926E-1,3.72208E-1,4.68050E-1,7.17307E-1,5.71282E-1,3.42607E-1,2.68166E-1,1.87023E+0,1.44160E+0,8.60967E-1,1.20969E+0,1.44770E+0,1.18950E+0,1.42856E+0,1.20929E+0,1.02784E+0,1.74704E+0,5.50321E-1,1.40949E+0,1.52617E+0,1.68438E+0,2.77788E+0,1.68116E+0,1.57924E+0,3.08626E+0,1.30719E+0,1.85657E+0,1.61143E+0,6.56511E-1,1.41740E+0,1.74352E+0,1.04758E+0,1.26527E+0,1.48339E+0,1.89769E+0,2.24378E+0,2.41507E+0,1.66511E+0,2.70817E+0,2.22858E+0,2.29077E+0,1.52728E+0,6.02408E+0,1.70744E+0,1.21075E+0,2.00324E+0,2.90008E+0,1.79625E+0,2.12721E+0,2.52953E+0,2.28758E+0,2.03576E+0,2.71022E+0,3.79599E+0,2.59402E+0,4.09157E+0,3.89286E+0,4.74876E+0,3.74498E+0,4.50592E+0,5.38566E+0,5.84576E+0,4.97145E+0,5.68244E+0,6.27051E+0,5.83262E+0,3.77599E+0,2.57595E+0,4.36757E+0,4.11811E+0,4.44844E+0,5.23459E+0,2.53008E+0,2.36107E+0,5.21677E+0,8.96132E+0,4.88410E+0,7.45863E+0,4.44826E+0,5.33082E+0,4.61795E+0,4.61863E+0,4.57968E+0,3.56077E+0,4.98218E+0,5.43198E+0,5.02207E+0,3.97019E+0,3.32914E+0,3.27803E+0,3.22186E+0,3.77344E+0,2.74196E+0,2.93482E+0,2.34529E+0,3.47548E+0,3.88476E+0,1.96809E+0,3.37225E+0,3.33128E+0,2.94858E+0,2.67601E+0,4.73207E+0,3.61654E+0,2.94886E+0,2.52746E+0,3.92428E+0,3.04136E+0,2.02069E+0,3.15572E+0,2.10475E+0,1.94448E+0,3.54702E+0,1.98317E+0,2.17879E+0,2.31011E+0,2.00705E+0,1.78305E+0,1.64667E+0,6.41859E-1,1.84314E+0,9.79811E-1,2.10486E+0,1.76659E+0,2.76593E+0,6.48440E-1,4.98856E+0,3.70738E+0,2.51386E+0,2.95665E+0,2.94694E+0,2.43952E+0,2.92215E+0,2.31436E+0,2.28334E+0,2.60081E+0
1.49635E+3,4.33684E-1,-1.06705E-1,1.09155E-1,9.88491E-2,-2.31314E-1,4.10849E-1,-5.32545E-2,3.67590E-1,-2.92416E-1,-3.26200E-1,-3.94831E-2,2.47683E-2,-1.98767E-1,1.06442E-1,-3.03198E-1,-3.37553E-1,-6.13024E-2,-1.22555E-2,-3.60677E-1,-1.25706E-2,-1.91967E-1,-3.16338E-1,-3.51488E-1,-2.97650E-1,-3.49580E-1,7.28015E-2,-3.87802E-1,1.62142E-1,6.54814E-1,-1.01013E-2,-2.40856E-2,1.61221E-1,4.34708E-1,5.39846E-1,7.93039E-1,6.80018E-1,3.53863E-1,2.59115E-1,1.98510E+0,1.59457E+0,9.54797E-1,1.35126E+0,1.56326E+0,1.22375E+0,1.56150E+0,1.28453E+0,1.12095E+0,1.92764E+0,5.78745E-1,1.59919E+0,1.68738E+0,1.87700E+0,3.02700E+0,1.81894E+0,1.70985E+0,3.37332E+0,1.42751E+0,2.02301E+0,1.71415E+0,6.58465E-1,1.59065E+0,1.93207E+0,1.09619E+0,1.35542E+0,1.55407E+0,2.05517E+0,2.42963E+0,2.62771E+0,1.79217E+0,2.92723E+0,2.47316E+0,2.48294E+0,1.70855E+0,6.57908E+0,1.80676E+0,1.26864E+0,2.20025E+0,3.11653E+0,1.90926E+0,2.28943E+0,2.74022E+0,2.48917E+0,2.14637E+0,2.94970E+0,4.09996E+0,2.79433E+0,4.51961E+0,4.23377E+0,5.19217E+0,4.00326E+0,4.95171E+0,5.96846E+0,6.32512E+0,5.46321E+0,6.12124E+0,6.95913E+0,6.45982E+0,4.10849E+0,2.70825E+0,4.78440E+0,4.46272E+0,4.60950E+0,5.74046E+0,2.73467E+0,2.54923E+0,5.56707E+0,9.25094E+0,5.46296E+0,8.04440E+0,4.94903E+0,5.88584E+0,5.10817E+0,5.12622E+0,4.99546E+0,3.84797E+0,5.48983E+0,6.12614E+0,5.49089E+0,4.26323E+0,3.63312E+0,3.70586E+0,3.54901E+0,4.24551E+0,3.00750E+0,3.29295E+0,2.53399E+0,3.80707E+0,4.18174E+0,2.16494E+0,3.83631E+0,3.72967E+0,3.27143E+0,2.96150E+0,5.28066E+0,4.00777E+0,3.21787E+0,2.71470E+0,4.30315E+0,3.26248E+0,2.19304E+0,3.48108E+0,2.31102E+0,2.15317E+0,3.93226E+0,2.18700E+0,2.41852E+0,2.54266E+0,2.21945E+0,1.98664E+0,1.81760E+0,7.30555E-1,2.05988E+0,1.06506E+0,2.39580E+0,2.00987E+0,3.03338E+0,7.43583E-1,3.29788E+0,4.07708E+0,2.73947E+0,3.30833E+0,3.20198E+0,2.63935E+0,3.12398E+0,2.47975E+0,2.44008E+0,2.82411E+0
1.49988E+3,4.55056E-1,-1.14481E-1,1.17351E-1,7.91475E-2,-2.20847E-1,3.97854E-1,-5.92936E-2,3.82214E-1,-3.41443E-1,-3.06347E-1,-4.93220E-2,8.75991E-2,-2.20464E-1,1.48394E-1,-3.55417E-1,-3.95978E-1,-7.87071E-2,6.56452E-2,-4.55951E-1,-3.50130E-4,-1.88776E-1,-3.50680E-1,-3.82029E-1,-3.44834E-1,-3.55829E-1,1.06773E-1,-4.42988E-1,1.32953E-1,7.69035E-1,-2.02979E-2,-4.75029E-2,1.74957E-1,4.73809E-1,5.91517E-1,8.68571E-1,7.19914E-1,3.12834E-1,2.27616E-1,2.15317E+0,1.75459E+0,1.03583E+0,1.48867E+0,1.71150E+0,1.28369E+0,1.64825E+0,1.32882E+0,1.14088E+0,1.97979E+0,5.24785E-1,1.61344E+0,1.77008E+0,1.90969E+0,3.12024E+0,1.90530E+0,1.72787E+0,3.57995E+0,1.48748E+0,2.09825E+0,1.76010E+0,6.18412E-1,1.49876E+0,1.89929E+0,1.07259E+0,1.35481E+0,1.45815E+0,2.07108E+0,2.46894E+0,2.65439E+0,1.80244E+0,3.06022E+0,2.44830E+0,2.49354E+0,1.65901E+0,6.79243E+0,1.76371E+0,1.21366E+0,2.14857E+0,3.14080E+0,1.90115E+0,2.28982E+0,2.70265E+0,2.53760E+0,2.19573E+0,2.94022E+0,4.20788E+0,2.80045E+0,4.54115E+0,4.39799E+0,5.31638E+0,4.20231E+0,4.96521E+0,6.11753E+0,6.51501E+0,5.67520E+0,6.49965E+0,6.88824E+0,6.73661E+0,4.21571E+0,2.76077E+0,4.90514E+0,4.71506E+0,5.18719E+0,5.94490E+0,2.82693E+0,2.58359E+0,6.20324E+0,9.72783E+0,5.51988E+0,8.36731E+0,5.07822E+0,5.92282E+0,5.31836E+0,5.24868E+0,5.10783E+0,3.94833E+0,5.70642E+0,6.32244E+0,5.76615E+0,4.48667E+0,3.77270E+0,3.82666E+0,3.61477E+0,4.42763E+0,3.15029E+0,3.35006E+0,2.59010E+0,3.90565E+0,4.38100E+0,2.22706E+0,3.92674E+0,3.81644E+0,3.32318E+0,3.06581E+0,5.51385E+0,4.17429E+0,3.34665E+0,2.76904E+0,4.49993E+0,3.34906E+0,2.22393E+0,3.61080E+0,2.36442E+0,2.16109E+0,4.08345E+0,2.20822E+0,2.43231E+0,2.64613E+0,2.30408E+0,2.02342E+0,1.84020E+0,7.11641E-1,2.10911E+0,1.07163E+0,2.49992E+0,2.01563E+0,3.16393E+0,7.21289E-1,3.54464E+0,4.32034E+0,2.85771E+0,3.43868E+0,3.37795E+0,2.76052E+0,3.28360E+0,2.54465E+0,2.52877E+0,2.89444E+0
1.50341E+3,4.99339E-1,-1.20968E-1,1.06931E-1,4.71030E-2,-2.23672E-1,4.30073E-1,-3.99956E-2,3.76920E-1,-3.59733E-1,-3.19584E-1,-5.57795E-2,1.22177E-1,-2.55679E-1,1.83395E-1,-3.90528E-1,-3.98914E-1,-1.16298E-1,9.80949E-2,-5.11362E-1,-3.70410E-2,-1.54761E-1,-3.89026E-1,-3.88908E-1,-3.57728E-1,-3.94602E-1,2.37897E-2,-4.90614E-1,1.08749E-1,6.88242E-1,-4.09945E-2,-7.93614E-2,1.55879E-1,4.60925E-1,5.56296E-1,8.26062E-1,6.97121E-1,3.45553E-1,1.96547E-1,2.09271E+0,1.65243E+0,1.06344E+0,1.51706E+0,1.65236E+0,1.24980E+0,1.58268E+0,1.32843E+0,1.13954E+0,1.90251E+0,5.23925E-1,1.55304E+0,1.72452E+0,1.87649E+0,3.14316E+0,1.86519E+0,1.69105E+0,3.43757E+0,1.42764E+0,2.08389E+0,1.73670E+0,5.57322E-1,1.48585E+0,1.86416E+0,1.04352E+0,1.36007E+0,1.48115E+0,2.08547E+0,2.46445E+0,2.64919E+0,1.79638E+0,2.98952E+0,2.40552E+0,2.49956E+0,1.69393E+0,6.86782E+0,1.82917E+0,1.21237E+0,2.16515E+0,3.14408E+0,1.89843E+0,2.35861E+0,2.76110E+0,2.54923E+0,2.19126E+0,2.97321E+0,4.24074E+0,2.84912E+0,4.67240E+0,4.36573E+0,5.35939E+0,4.10057E+0,5.04539E+0,6.01849E+0,6.30240E+0,5.74041E+0,6.51945E+0,6.95870E+0,6.70741E+0,4.30480E+0,2.78721E+0,4.93080E+0,4.74930E+0,4.76943E+0,5.96111E+0,2.87957E+0,2.64102E+0,5.60319E+0,9.61593E+0,5.53391E+0,8.28448E+0,5.05314E+0,6.00117E+0,5.38409E+0,5.29547E+0,5.21381E+0,4.02225E+0,5.82784E+0,6.32386E+0,5.80735E+0,4.50666E+0,3.76875E+0,3.84638E+0,3.66236E+0,4.42768E+0,3.12136E+0,3.37221E+0,2.55966E+0,4.01442E+0,4.33825E+0,2.25996E+0,3.96261E+0,3.89337E+0,3.39850E+0,3.07872E+0,5.40763E+0,4.20500E+0,3.34044E+0,2.79409E+0,4.34964E+0,3.41096E+0,2.17324E+0,3.62430E+0,2.39719E+0,2.14428E+0,4.07483E+0,2.25527E+0,2.45031E+0,2.60551E+0,2.31668E+0,1.98362E+0,1.82420E+0,7.12298E-1,2.07173E+0,1.05743E+0,2.49197E+0,1.94330E+0,3.29428E+0,7.19814E-1,3.14813E+0,4.31818E+0,2.85176E+0,3.47308E+0,3.43248E+0,2.80357E+0,3.29181E+0,2.62188E+0,2.51272E+0,2.93757E+0
1.50695E+3,5.89442E-1,-1.69325E-1,1.35165E-1,6.38253E-2,-2.52812E-1,4.69066E-1,-7.37290E-2,4.38638E-1,-3.78654E-1,-3.73775E-1,-7.21134E-2,8.91455E-2,-2.69429E-1,2.33649E-1,-4.29092E-1,-4.18093E-1,-6.24283E-2,9.69212E-2,-5.45924E-1,-2.11098E-2,-1.56224E-1,-4.73540E-1,-4.24361E-1,-4.06283E-1,-4.39823E-1,4.99940E-2,-5.42357E-1,1.11590E-1,7.81157E-1,-7.05269E-2,-5.45012E-2,1.15599E-1,5.50899E-1,6.10420E-1,8.44831E-1,7.78184E-1,3.15899E-1,1.73879E-1,2.24044E+0,1.79235E+0,1.15506E+0,1.59805E+0,1.82031E+0,1.34621E+0,1.70312E+0,1.38139E+0,1.21936E+0,2.00685E+0,5.24314E-1,1.69254E+0,1.84049E+0,1.96669E+0,3.22471E+0,2.01617E+0,1.76112E+0,3.71936E+0,1.44301E+0,2.16520E+0,1.89777E+0,6.12905E-1,1.61990E+0,2.07478E+0,1.10048E+0,1.45646E+0,1.58019E+0,2.19843E+0,2.60438E+0,2.88727E+0,1.85156E+0,3.20525E+0,2.68248E+0,2.72489E+0,1.78700E+0,6.96449E+0,1.95169E+0,1.26635E+0,2.31366E+0,3.35710E+0,2.01901E+0,2.49524E+0,3.01211E+0,2.70509E+0,2.34424E+0,3.22615E+0,4.51030E+0,3.07664E+0,4.98391E+0,4.76787E+0,5.71473E+0,4.49256E+0,5.41340E+0,6.50572E+0,6.86719E+0,6.15676E+0,6.89535E+0,7.49322E+0,7.16784E+0,4.60470E+0,2.94304E+0,5.43985E+0,5.06452E+0,5.11295E+0,6.54336E+0,3.20692E+0,2.78658E+0,6.24797E+0,1.05139E+1,6.07560E+0,9.07329E+0,5.48732E+0,6.53968E+0,5.87075E+0,5.73404E+0,5.70676E+0,4.37114E+0,6.28203E+0,6.94988E+0,6.37515E+0,4.93444E+0,4.01230E+0,4.23247E+0,4.08054E+0,4.82987E+0,3.27504E+0,3.72242E+0,2.86078E+0,4.45418E+0,4.84560E+0,2.46072E+0,4.32245E+0,4.20582E+0,3.69249E+0,3.33209E+0,5.96668E+0,4.57071E+0,3.75253E+0,3.09092E+0,4.91012E+0,3.76890E+0,2.37523E+0,3.93980E+0,2.57617E+0,2.37560E+0,4.44520E+0,2.43295E+0,2.70854E+0,2.84684E+0,2.46084E+0,2.14507E+0,2.00098E+0,7.42959E-1,2.22990E+0,1.12909E+0,2.62660E+0,2.15663E+0,3.60668E+0,7.40198E-1,3.59412E+0,4.66335E+0,3.15067E+0,3.75641E+0,3.73706E+0,3.01637E+0,3.65194E+0,2.81351E+0,2.75945E+0,3.22047E+0
1.51048E+3,5.74000E-1,-1.19988E-1,1.84343E-1,4.77190E-2,-2.63233E-1,4.36557E-1,-1.56237E-2,5.26171E-1,-4.23904E-1,-4.00980E-1,-1.33064E-1,8.10059E-2,-2.50774E-1,2.02616E-1,-4.44846E-1,-4.19196E-1,-7.01873E-2,3.17630E-2,-5.76786E-1,-3.02548E-2,-1.52406E-1,-5.27114E-1,-4.60806E-1,-4.28185E-1,-5.24519E-1,1.27080E-2,-6.33148E-1,4.47222E-2,8.32522E-1,-1.26167E-1,-8.05666E-2,5.89193E-2,4.98490E-1,5.72462E-1,7.88468E-1,8.12083E-1,2.08674E-1,8.67921E-2,2.24561E+0,1.86217E+0,1.21087E+0,1.62811E+0,1.93524E+0,1.38510E+0,1.67142E+0,1.43875E+0,1.11477E+0,2.09137E+0,4.64940E-1,1.66749E+0,1.78382E+0,2.01082E+0,3.40105E+0,1.95950E+0,1.77179E+0,3.74478E+0,1.41263E+0,2.17795E+0,1.91246E+0,5.61361E-1,1.57019E+0,2.03258E+0,1.12782E+0,1.42382E+0,1.58270E+0,2.18867E+0,2.72275E+0,2.87527E+0,1.85641E+0,3.32657E+0,2.55972E+0,2.75650E+0,1.82407E+0,7.59528E+0,1.91221E+0,1.23127E+0,2.26989E+0,3.41795E+0,2.02195E+0,2.45344E+0,2.95956E+0,2.79363E+0,2.37135E+0,3.24660E+0,4.65580E+0,3.03864E+0,5.16849E+0,4.88866E+0,5.98079E+0,4.57324E+0,5.59535E+0,6.84240E+0,7.20903E+0,6.48556E+0,7.07819E+0,7.83673E+0,7.60442E+0,4.68614E+0,3.06845E+0,5.57658E+0,5.18820E+0,4.94940E+0,6.86160E+0,3.35812E+0,2.90671E+0,6.96995E+0,1.14254E+1,6.25936E+0,9.46439E+0,5.63724E+0,6.73080E+0,6.18269E+0,6.05076E+0,5.89025E+0,4.43715E+0,6.46401E+0,7.34830E+0,6.67895E+0,5.12438E+0,4.19195E+0,4.34739E+0,4.26321E+0,4.97908E+0,3.38680E+0,3.86711E+0,2.97123E+0,4.54802E+0,4.95129E+0,2.56060E+0,4.45722E+0,4.27850E+0,3.78260E+0,3.44771E+0,6.27582E+0,4.74776E+0,3.80556E+0,3.24879E+0,5.08982E+0,3.91053E+0,2.56493E+0,4.08009E+0,2.69791E+0,2.37531E+0,4.58735E+0,2.52111E+0,2.79637E+0,2.89367E+0,2.58436E+0,2.19723E+0,2.06579E+0,8.05741E-1,2.31389E+0,1.17512E+0,2.79089E+0,2.23997E+0,3.75110E+0,7.73697E-1,3.73487E+0,4.92413E+0,3.24273E+0,3.87712E+0,3.87022E+0,3.16926E+0,3.79707E+0,2.96646E+0,2.87914E+0,3.32640E+0
1.51402E+3,5.89775E-1,-1.41940E-1,1.58018E-1,1.38448E-2,-3.01104E-1,4.98061E-1,-8.19461E-2,5.52112E-1,-4.21013E-1,-4.13943E-1,-1.07054E-1,1.08943E-1,-2.53289E-1,2.56204E-1,-4.56667E-1,-3.91223E-1,-6.83346E-2,4.37606E-2,-5.88166E-1,-2.48427E-2,-1.30364E-1,-5.45416E-1,-4.45336E-1,-4.57638E-1,-5.16701E-1,3.25249E-2,-6.13012E-1,9.03167E-2,8.56410E-1,-1.50281E-1,-8.67889E-2,1.73920E-2,5.19672E-1,6.72868E-1,7.65577E-1,9.08524E-1,1.70843E-1,8.13828E-2,2.45077E+0,1.87580E+0,1.27067E+0,1.68313E+0,1.97283E+0,1.45054E+0,1.70636E+0,1.50695E+0,1.15646E+0,2.22572E+0,4.47765E-1,1.70434E+0,1.83419E+0,2.01933E+0,3.55646E+0,1.97430E+0,1.85483E+0,3.81496E+0,1.44298E+0,2.23257E+0,1.93208E+0,4.98058E-1,1.58114E+0,2.04559E+0,1.07319E+0,1.36569E+0,1.55458E+0,2.17597E+0,2.65654E+0,2.84495E+0,1.85441E+0,3.42689E+0,2.59974E+0,2.67584E+0,1.72057E+0,7.57302E+0,1.92473E+0,1.24779E+0,2.23909E+0,3.45296E+0,1.96080E+0,2.49231E+0,3.04380E+0,2.85095E+0,2.31266E+0,3.24103E+0,4.78137E+0,3.03137E+0,5.18156E+0,4.94671E+0,6.08700E+0,4.70563E+0,5.56021E+0,6.91568E+0,7.19803E+0,6.46604E+0,7.37456E+0,7.88225E+0,7.61944E+0,4.73417E+0,3.00207E+0,5.55229E+0,5.33001E+0,5.16745E+0,6.79720E+0,3.33496E+0,2.92406E+0,6.69053E+0,1.15543E+1,6.56974E+0,9.53271E+0,5.82865E+0,6.94783E+0,6.17404E+0,6.17101E+0,6.13666E+0,4.56236E+0,6.70218E+0,7.45614E+0,6.70689E+0,5.14531E+0,4.20169E+0,4.37943E+0,4.28415E+0,5.12594E+0,3.46277E+0,3.93246E+0,2.98472E+0,4.60091E+0,5.17446E+0,2.56180E+0,4.51108E+0,4.43133E+0,3.86491E+0,3.51216E+0,6.53631E+0,4.83699E+0,3.93060E+0,3.36853E+0,5.24605E+0,3.95050E+0,2.56799E+0,4.21803E+0,2.76573E+0,2.50043E+0,4.75071E+0,2.59808E+0,2.84433E+0,2.98771E+0,2.68379E+0,2.27634E+0,2.15417E+0,7.85128E-1,2.35788E+0,1.19793E+0,2.81044E+0,2.26781E+0,3.81582E+0,7.68314E-1,2.62004E+0,5.04656E+0,3.30732E+0,3.94149E+0,3.98249E+0,3.21537E+0,3.94474E+0,2.94603E+0,2.89937E+0,3.33723E+0
1.51756E+3,6.22772E-1,-1.90047E-1,1.74651E-1,3.51657E-2,-3.44569E-1,5.11457E-1,-6.03833E-2,6.04270E-1,-4.40336E-1,-4.68204E-1,-1.10750E-1,9.63718E-2,-2.53414E-1,2.70579E-1,-4.47564E-1,-3.37552E-1,-2.68582E-2,1.18477E-1,-5.56587E-1,-3.83711E-2,-2.87887E-2,-6.09884E-1,-4.46627E-1,-4.47364E-1,-5.09747E-1,2.94280E-2,-6.63288E-1,1.55937E-1,9.44933E-1,-9.67138E-2,-2.48083E-2,5.96114E-2,6.44614E-1,7.02665E-1,8.74090E-1,9.96533E-1,1.73602E-1,9.34524E-2,2.49451E+0,2.24423E+0,1.42565E+0,1.90738E+0,2.30807E+0,1.64344E+0,1.85736E+0,1.58496E+0,1.28736E+0,2.45715E+0,4.75828E-1,1.89255E+0,2.00945E+0,2.21947E+0,3.80980E+0,2.09697E+0,2.05460E+0,4.20109E+0,1.60435E+0,2.44326E+0,1.98214E+0,6.14607E-1,1.68294E+0,2.16643E+0,1.09818E+0,1.46263E+0,1.67378E+0,2.33452E+0,2.90685E+0,3.14328E+0,1.97320E+0,3.61472E+0,2.82339E+0,2.92357E+0,1.76709E+0,8.42255E+0,2.01575E+0,1.25316E+0,2.41066E+0,3.70756E+0,2.06686E+0,2.57568E+0,3.16475E+0,2.94083E+0,2.44855E+0,3.47722E+0,4.98266E+0,3.32443E+0,5.48833E+0,5.36887E+0,6.33467E+0,4.85644E+0,5.99220E+0,7.38165E+0,7.69816E+0,6.98616E+0,7.85206E+0,8.34075E+0,8.22745E+0,5.03042E+0,3.08677E+0,6.07095E+0,5.66091E+0,5.33025E+0,7.18574E+0,3.54007E+0,3.00739E+0,7.69650E+0,1.21494E+1,7.07235E+0,1.02844E+1,6.13849E+0,7.39832E+0,6.53215E+0,6.32999E+0,6.45336E+0,4.77068E+0,7.14597E+0,8.13063E+0,7.11002E+0,5.54936E+0,4.41190E+0,4.61741E+0,4.49710E+0,5.46024E+0,3.53919E+0,4.10629E+0,3.06132E+0,4.80004E+0,5.31079E+0,2.60863E+0,4.81505E+0,4.69948E+0,4.02056E+0,3.65366E+0,6.81515E+0,5.07387E+0,4.07333E+0,3.38103E+0,5.42936E+0,4.13553E+0,2.57014E+0,4.44452E+0,2.78808E+0,2.55234E+0,4.94010E+0,2.62255E+0,2.91289E+0,3.03952E+0,2.75087E+0,2.35963E+0,2.10642E+0,7.21993E-1,2.36092E+0,1.14270E+0,2.85248E+0,2.29971E+0,4.01343E+0,7.04541E-1,3.97562E+0,5.25630E+0,3.41546E+0,4.11723E+0,4.21110E+0,3.34475E+0,4.07460E+0,3.07580E+0,2.97358E+0,3.45094E+0
1.52110E+3,6.39938E-1,-1.84177E-1,1.98646E-1,5.98753E-2,-3.95360E-1,5.39091E-1,-1.04919E-1,6.37098E-1,-4.08684E-1,-5.07437E-1,-1.21996E-1,4.90966E-2,-2.43661E-1,2.63813E-1,-4.21325E-1,-2.74339E-1,-2.61436E-2,5.10053E-2,-5.34418E-1,-8.07283E-2,-1.19860E-2,-6.60232E-1,-4.80943E-1,-4.65920E-1,-5.15717E-1,3.84668E-2,-6.75964E-1,5.93170E-2,8.88752E-1,-1.30442E-1,-5.58350E-2,-8.86124E-3,5.45420E-1,7.21759E-1,7.35743E-1,9.52634E-1,9.51873E-2,5.36848E-2,2.69855E+0,2.10798E+0,1.33909E+0,1.86796E+0,2.18790E+0,1.54803E+0,1.79662E+0,1.54692E+0,1.25142E+0,2.19272E+0,4.13493E-1,1.75807E+0,1.86937E+0,2.14739E+0,3.69104E+0,1.90571E+0,1.89010E+0,3.90273E+0,1.49353E+0,2.37792E+0,1.86326E+0,5.52494E-1,1.68733E+0,2.06043E+0,1.03419E+0,1.31674E+0,1.57765E+0,2.22290E+0,2.72656E+0,2.96384E+0,1.81126E+0,3.44713E+0,2.61984E+0,2.82285E+0,1.72517E+0,7.94012E+0,1.91004E+0,1.20071E+0,2.35392E+0,3.41427E+0,1.92393E+0,2.49293E+0,3.12481E+0,2.84886E+0,2.40704E+0,3.38713E+0,4.97246E+0,3.18884E+0,5.27289E+0,5.19645E+0,6.30421E+0,4.78449E+0,5.61984E+0,7.04002E+0,7.42996E+0,6.98555E+0,7.57271E+0,7.97144E+0,7.95792E+0,4.92902E+0,2.98725E+0,5.88048E+0,5.36140E+0,5.67947E+0,7.27815E+0,3.33815E+0,2.93853E+0,7.03901E+0,1.19605E+1,6.97277E+0,1.09097E+1,6.06001E+0,7.25333E+0,6.63163E+0,6.42989E+0,6.41739E+0,4.68354E+0,7.05850E+0,7.90507E+0,6.95456E+0,5.30814E+0,4.27886E+0,4.58123E+0,4.44654E+0,5.24915E+0,3.52410E+0,4.05689E+0,2.97814E+0,4.83353E+0,5.29356E+0,2.58959E+0,4.72869E+0,4.58775E+0,4.09991E+0,3.71130E+0,6.90472E+0,5.15639E+0,3.99650E+0,3.30253E+0,5.45760E+0,4.07728E+0,2.64593E+0,4.34902E+0,2.80043E+0,2.53618E+0,5.04261E+0,2.64216E+0,2.95633E+0,3.08443E+0,2.75865E+0,2.27254E+0,2.18119E+0,7.17137E-1,2.38654E+0,1.15034E+0,2.89803E+0,2.34741E+0,4.12839E+0,7.55088E-1,4.56152E+0,5.27197E+0,3.41624E+0,3.99201E+0,4.12028E+0,3.31839E+0,4.06791E+0,3.05366E+0,2.93208E+0,3.50064E+0
1.52464E+3,6.94631E-1,-1.56395E-1,2.26485E-1,3.12726E-3,-3.25505E-1,4.62455E-1,-5.52693E-2,5.99888E-1,-4.86016E-1,-5.21907E-1,-1.45394E-1,7.52364E-2,-2.21765E-1,2.38732E-1,-3.88303E-1,-2.69758E-1,3.56907E-2,1.84832E-2,-5.07566E-1,-9.53866E-2,1.44923E-2,-7.01438E-1,-4.71466E-1,-5.00394E-1,-5.77991E-1,-7.71218E-3,-7.46545E-1,3.04385E-2,9.07203E-1,-1.57893E-1,-7.31205E-2,-1.14209E-1,4.98303E-1,7.22726E-1,7.37830E-1,9.15615E-1,1.88319E-2,6.98010E-2,2.62118E+0,2.09746E+0,1.35056E+0,1.83467E+0,2.22401E+0,1.43096E+0,1.79150E+0,1.54026E+0,1.21740E+0,2.25529E+0,4.00053E-1,1.85167E+0,1.89668E+0,2.02848E+0,3.62728E+0,1.89399E+0,1.76587E+0,3.96778E+0,1.53669E+0,2.30918E+0,1.88475E+0,4.60795E-1,1.62572E+0,2.10452E+0,9.97863E-1,1.36364E+0,1.56549E+0,2.21201E+0,2.70872E+0,2.98394E+0,1.84875E+0,3.34125E+0,2.73968E+0,2.86891E+0,1.75511E+0,8.47170E+0,1.84631E+0,1.14869E+0,2.30895E+0,3.62074E+0,1.94658E+0,2.51499E+0,3.11083E+0,2.87367E+0,2.40054E+0,3.44046E+0,4.96873E+0,3.26995E+0,5.34616E+0,5.38593E+0,6.25236E+0,4.91706E+0,5.82529E+0,7.31401E+0,7.46034E+0,6.89988E+0,7.59044E+0,8.18138E+0,8.24661E+0,4.95872E+0,3.08135E+0,5.96680E+0,5.46606E+0,5.56945E+0,7.29147E+0,3.53816E+0,3.00727E+0,6.67347E+0,1.18808E+1,6.84670E+0,9.72310E+0,6.22571E+0,7.51768E+0,6.69067E+0,6.57529E+0,6.46051E+0,4.69642E+0,7.08118E+0,7.92888E+0,7.07977E+0,5.47622E+0,4.39224E+0,4.68932E+0,4.60069E+0,5.35686E+0,3.52563E+0,4.13482E+0,3.09053E+0,5.11669E+0,5.45798E+0,2.64607E+0,4.80553E+0,4.66382E+0,4.11734E+0,3.72231E+0,6.78893E+0,5.15852E+0,4.10439E+0,3.43356E+0,5.61180E+0,4.17223E+0,2.66240E+0,4.44093E+0,2.88097E+0,2.54042E+0,5.03107E+0,2.72908E+0,3.03338E+0,3.14920E+0,2.77945E+0,2.35822E+0,2.20042E+0,7.60935E-1,2.41062E+0,1.15234E+0,2.95110E+0,2.34926E+0,4.14884E+0,7.69111E-1,3.17941E+0,5.23303E+0,3.45600E+0,4.13205E+0,4.23446E+0,3.41112E+0,4.20883E+0,3.13184E+0,3.03986E+0,3.50592E+0
1.52817E+3,7.55580E-1,-1.39179E-1,2.24455E-1,-1.54496E-2,-4.09160E-1,4.50484E-1,-5.16384E-2,7.12100E-1,-5.10009E-1,-5.38587E-1,-1.80108E-1,4.81693E-2,-2.15525E-1,2.70561E-1,-4.01695E-1,-3.33310E-1,1.07100E-1,-2.40372E-2,-4.83816E-1,-5.23571E-2,-1.52816E-2,-7.18534E-1,-3.97051E-1,-4.54865E-1,-5.85594E-1,1.53097E-3,-7.81631E-1,6.49717E-2,1.06469E+0,-1.40597E-1,-6.32570E-2,-5.70489E-2,5.97301E-1,7.68147E-1,7.48173E-1,1.03538E+0,-8.09841E-2,8.86328E-2,2.74408E+0,2.23738E+0,1.41236E+0,1.88361E+0,2.37111E+0,1.59016E+0,2.01754E+0,1.72223E+0,1.26242E+0,2.35979E+0,4.33086E-1,1.88410E+0,1.97396E+0,2.06549E+0,3.71135E+0,2.00687E+0,1.82613E+0,4.26023E+0,1.57047E+0,2.43896E+0,2.06004E+0,4.65365E-1,1.66388E+0,2.20635E+0,1.09042E+0,1.45441E+0,1.57923E+0,2.21862E+0,2.73161E+0,3.07820E+0,1.83609E+0,3.48875E+0,2.79451E+0,2.95132E+0,1.70711E+0,8.66290E+0,1.88490E+0,1.10498E+0,2.34340E+0,3.59021E+0,1.94687E+0,2.55392E+0,3.07886E+0,2.91821E+0,2.44183E+0,3.38071E+0,5.13340E+0,3.19007E+0,5.60529E+0,8.57290E+0,6.48704E+0,5.04636E+0,6.00058E+0,7.54935E+0,7.98025E+0,7.34995E+0,7.79756E+0,8.41467E+0,8.49577E+0,5.09300E+0,3.10825E+0,6.08605E+0,5.76896E+0,1.97180E+1,7.55281E+0,3.61514E+0,2.98857E+0,1.24238E+1,1.28628E+1,7.07214E+0,1.08811E+1,6.25692E+0,7.56162E+0,6.78201E+0,6.52889E+0,6.58005E+0,4.72564E+0,7.45817E+0,1.31292E+1,7.29001E+0,5.67502E+0,4.43279E+0,4.49475E+0,4.57122E+0,5.48985E+0,3.40924E+0,4.09565E+0,3.01514E+0,4.96625E+0,5.31995E+0,2.61745E+0,4.84477E+0,4.68293E+0,4.02141E+0,3.68101E+0,6.88559E+0,5.08609E+0,3.98017E+0,3.23082E+0,5.36133E+0,4.04582E+0,2.57540E+0,4.37238E+0,2.72106E+0,2.47736E+0,5.09853E+0,2.61927E+0,2.87489E+0,3.04847E+0,2.72090E+0,2.31907E+0,2.10132E+0,6.32547E-1,2.37570E+0,1.07099E+0,2.97734E+0,2.26641E+0,4.18983E+0,6.34278E-1,2.89620E+1,5.35578E+0,3.42941E+0,4.17416E+0,4.32805E+0,3.37838E+0,4.18501E+0,3.09007E+0,2.96620E+0,3.46205E+0
1.53171E+3,7.33352E-1,-1.87882E-1,2.03489E-1,-4.82849E-3,-3.87467E-1,4.17676E-1,-8.61244E-2,7.33473E-1,-5.13508E-1,-5.24944E-1,-1.30368E-1,9.60634E-2,-1.95457E-1,2.16579E-1,-3.70053E-1,-3.41578E-1,1.01252E-1,-4.02089E-2,-4.55511E-1,-6.32771E-2,-7.73617E-5,-7.24382E-1,-4.24340E-1,-4.52122E-1,-5.45556E-1,9.85232E-2,-7.87430E-1,5.97700E-2,1.10589E+0,-1.90393E-1,7.68509E-3,-9.24355E-2,6.05048E-1,8.37320E-1,7.14924E-1,1.06245E+0,-1.31715E-2,1.65628E-1,2.90904E+0,2.33915E+0,1.41629E+0,1.86223E+0,2.34304E+0,1.76038E+0,1.96978E+0,1.70502E+0,1.35458E+0,2.37590E+0,4.18613E-1,1.83920E+0,1.93653E+0,2.20449E+0,4.04489E+0,2.26004E+0,1.94778E+0,4.38215E+0,1.55765E+0,2.45103E+0,2.01867E+0,4.16221E-1,1.70551E+0,2.19561E+0,1.03691E+0,1.46221E+0,1.61787E+0,2.27728E+0,2.75883E+0,3.03805E+0,1.84623E+0,3.69811E+0,2.76066E+0,2.87705E+0,1.66935E+0,9.31544E+0,1.92430E+0,1.06845E+0,2.31375E+0,3.55882E+0,1.87309E+0,2.49573E+0,3.05597E+0,2.92144E+0,2.32524E+0,3.36361E+0,5.04488E+0,3.22037E+0,5.57746E+0,5.35576E+0,6.45667E+0,5.01132E+0,5.90204E+0,7.67362E+0,7.71340E+0,7.33341E+0,7.80520E+0,8.54475E+0,8.19703E+0,4.85459E+0,2.99293E+0,6.10227E+0,5.71833E+0,5.71582E+0,7.54419E+0,3.56949E+0,2.88215E+0,7.92141E+0,1.33419E+1,7.42079E+0,1.12640E+1,6.16731E+0,7.63851E+0,6.70269E+0,6.46714E+0,6.46988E+0,4.59424E+0,7.36483E+0,8.43758E+0,7.25760E+0,5.41533E+0,4.29179E+0,4.56540E+0,4.50730E+0,5.37610E+0,3.29525E+0,4.05787E+0,2.77033E+0,4.83971E+0,5.21631E+0,2.46747E+0,4.75631E+0,4.54463E+0,3.92400E+0,3.53021E+0,6.84202E+0,5.01993E+0,3.96553E+0,3.15964E+0,5.30253E+0,3.92718E+0,2.41811E+0,4.34216E+0,2.66164E+0,2.35344E+0,5.16338E+0,2.52161E+0,2.78188E+0,3.01132E+0,2.62137E+0,2.17591E+0,2.01425E+0,5.47667E-1,2.37888E+0,1.01726E+0,2.84807E+0,2.25695E+0,4.19360E+0,6.15466E-1,4.12679E+0,5.28351E+0,3.34351E+0,4.09675E+0,4.26574E+0,3.31951E+0,4.10465E+0,2.98639E+0,2.87355E+0,3.45847E+0
1.53526E+3,7.26609E-1,-1.91081E-1,1.99169E-1,-2.38850E-2,-3.62785E-1,4.59318E-1,-9.37323E-2,6.92551E-1,-5.28915E-1,-5.12630E-1,-1.58447E-1,1.03872E-1,-2.08985E-1,2.56967E-1,-3.58025E-1,-3.12083E-1,1.57747E-1,-5.76559E-2,-3.96914E-1,-4.86505E-2,8.59861E-3,-7.09684E-1,-4.33041E-1,-4.59954E-1,-5.43503E-1,7.88960E-2,-6.87145E-1,1.51419E-1,1.09271E+0,-1.86024E-1,5.16742E-2,-1.34696E-1,5.47503E-1,9.63626E-1,7.33538E-1,1.09276E+0,2.92658E-3,2.07515E-1,3.02830E+0,2.55607E+0,1.32332E+0,1.90073E+0,2.35769E+0,1.64202E+0,1.96769E+0,1.62843E+0,1.33893E+0,2.46814E+0,3.79093E-1,1.85462E+0,1.88119E+0,2.10681E+0,3.85482E+0,2.02134E+0,1.79838E+0,4.03074E+0,1.45211E+0,2.44423E+0,1.87035E+0,4.07101E-1,1.72538E+0,2.17301E+0,1.02123E+0,1.40869E+0,1.54373E+0,2.21787E+0,2.64401E+0,2.98321E+0,1.74164E+0,3.52860E+0,2.69285E+0,2.85042E+0,1.58718E+0,8.15414E+0,1.84680E+0,1.02239E+0,2.18392E+0,3.59682E+0,1.79206E+0,2.42952E+0,3.04593E+0,2.86708E+0,2.29696E+0,3.35257E+0,4.92540E+0,3.13928E+0,5.45328E+0,4.98410E+0,6.48198E+0,4.88765E+0,5.74920E+0,7.58077E+0,7.62769E+0,7.26498E+0,7.92589E+0,8.17300E+0,8.26858E+0,4.94825E+0,2.93216E+0,6.27253E+0,5.57470E+0,4.28081E+0,7.52089E+0,3.47334E+0,2.82658E+0,7.58375E+0,1.34734E+1,7.30197E+0,9.87667E+0,6.20559E+0,7.18673E+0,7.27206E+0,6.58904E+0,6.61482E+0,4.67644E+0,7.66202E+0,8.75661E+0,7.26524E+0,5.40855E+0,4.22799E+0,4.56024E+0,4.58323E+0,5.53945E+0,3.31068E+0,4.03169E+0,2.92930E+0,4.88042E+0,5.47407E+0,2.55064E+0,4.87083E+0,4.58751E+0,4.19422E+0,3.63094E+0,6.99215E+0,5.05474E+0,3.99022E+0,3.23042E+0,5.45486E+0,4.05309E+0,2.38789E+0,4.37004E+0,2.65391E+0,2.49410E+0,5.01175E+0,2.55235E+0,2.79992E+0,3.06892E+0,2.73634E+0,2.34769E+0,2.06352E+0,5.87935E-1,2.36644E+0,1.05918E+0,2.88664E+0,2.30902E+0,4.32857E+0,6.44429E-1,-1.38965E+0,5.20445E+0,3.35621E+0,4.02347E+0,4.21032E+0,3.33192E+0,4.14317E+0,2.92795E+0,2.84407E+0,3.33634E+0
1.53880E+3,8.82832E-1,-1.89163E-1,2.15746E-1,-6.04500E-2,-3.98552E-1,4.83276E-1,-8.08357E-2,8.07707E-1,-6.06638E-1,-5.34930E-1,-1.94096E-1,1.19146E-1,-2.82654E-1,2.14745E-1,-3.76134E-1,-4.59073E-1,2.19236E-1,-1.20876E-1,-3.66953E-1,-3.24579E-2,2.45019E-2,-8.12412E-1,-4.19756E-1,-5.15269E-1,-6.52908E-1,7.84578E-2,-7.94689E-1,6.99084E-2,1.30395E+0,-2.36306E-1,7.81952E-2,-1.52351E-1,5.77455E-1,1.06867E+0,7.14029E-1,1.14288E+0,-4.38550E-2,2.90150E-1,3.30993E+0,2.73417E+0,1.48490E+0,2.23137E+0,2.63259E+0,1.82710E+0,2.32745E+0,1.79491E+0,1.29953E+0,2.67092E+0,2.58598E-1,2.19842E+0,1.93541E+0,2.23307E+0,5.14371E+0,2.15016E+0,1.96564E+0,4.55122E+0,1.49944E+0,2.41798E+0,1.95657E+0,2.79178E-1,1.53137E+0,2.43752E+0,8.90181E-1,1.27602E+0,1.40531E+0,2.15825E+0,2.73719E+0,2.96578E+0,1.50707E+0,3.63255E+0,2.70931E+0,2.87716E+0,1.59761E+0,1.07442E+1,1.65627E+0,8.72884E-1,2.09907E+0,3.55956E+0,1.66491E+0,2.27020E+0,2.97288E+0,2.77021E+0,2.13551E+0,3.28241E+0,5.21900E+0,3.16362E+0,5.59622E+0,5.85077E+0,6.59720E+0,4.96517E+0,6.11373E+0,9.10281E+0,8.06348E+0,8.36901E+0,8.61932E+0,9.40796E+0,9.23877E+0,4.99082E+0,2.81066E+0,6.24292E+0,5.86896E+0,1.04985E+1,8.29974E+0,3.44071E+0,2.81817E+0,1.27848E+1,1.68080E+1,7.77250E+0,1.54288E+1,6.43690E+0,8.90036E+0,7.58294E+0,6.96582E+0,6.84776E+0,4.63522E+0,7.88884E+0,9.97915E+0,7.59608E+0,5.64592E+0,4.21815E+0,4.50643E+0,4.48944E+0,5.44585E+0,3.22554E+0,3.99221E+0,2.86122E+0,4.96210E+0,5.45769E+0,2.37096E+0,4.92058E+0,4.63176E+0,4.16233E+0,3.56460E+0,7.24089E+0,5.11313E+0,4.03298E+0,3.20239E+0,5.58578E+0,4.07415E+0,2.44442E+0,4.45560E+0,2.65316E+0,2.33334E+0,5.29630E+0,2.50452E+0,2.73894E+0,3.07067E+0,2.56987E+0,2.17051E+0,1.97653E+0,4.56076E-1,2.27842E+0,9.13649E-1,2.88826E+0,2.28111E+0,4.21702E+0,4.80762E-1,7.64578E+0,5.64722E+0,3.36092E+0,4.12357E+0,4.36880E+0,3.29229E+0,4.22742E+0,2.98494E+0,2.85695E+0,3.38026E+0
1.54234E+3,7.93035E-1,-1.83932E-1,2.10781E-1,-4.32753E-2,-4.01838E-1,4.45266E-1,-1.14397E-1,8.43057E-1,-5.50040E-1,-4.84393E-1,-2.33589E-1,1.45025E-1,-2.31937E-1,1.80936E-1,-3.74698E-1,-4.42708E-1,2.36870E-1,-9.92388E-2,-3.41109E-1,-5.41601E-2,6.85188E-2,-7.79305E-1,-3.90323E-1,-4.82683E-1,-6.01718E-1,1.38686E-1,-7.56419E-1,1.29319E-1,1.18667E+0,-1.77224E-1,1.54778E-1,-1.85614E-1,6.18495E-1,1.02768E+0,7.84817E-1,1.18076E+0,2.86876E-2,2.88213E-1,3.22942E+0,2.75784E+0,1.44176E+0,2.08762E+0,2.50532E+0,1.82675E+0,2.23728E+0,1.73888E+0,1.39121E+0,2.73183E+0,2.84476E-1,1.75451E+0,1.93806E+0,2.19940E+0,3.89539E+0,1.93449E+0,1.94806E+0,4.48727E+0,1.47227E+0,2.30027E+0,1.87566E+0,2.65627E-1,1.56991E+0,2.01747E+0,9.41392E-1,1.26028E+0,1.43188E+0,2.13940E+0,2.55971E+0,2.79745E+0,1.61855E+0,3.47751E+0,2.67927E+0,2.83098E+0,1.50075E+0,9.56169E+0,1.66862E+0,8.07974E-1,2.06337E+0,3.35101E+0,1.58462E+0,2.19281E+0,2.74291E+0,2.66992E+0,2.04715E+0,3.16116E+0,4.72587E+0,2.87687E+0,5.43933E+0,5.22123E+0,6.35715E+0,4.61041E+0,5.51498E+0,7.98165E+0,7.56300E+0,7.17481E+0,8.06921E+0,9.54428E+0,8.05808E+0,4.65297E+0,2.68316E+0,5.75078E+0,5.39295E+0,5.82914E+0,7.70544E+0,3.40517E+0,2.65124E+0,9.07044E+0,1.45167E+1,7.16539E+0,1.30168E+1,5.96885E+0,7.60124E+0,7.21609E+0,6.34450E+0,6.62579E+0,4.20325E+0,7.61044E+0,8.27832E+0,7.25739E+0,5.24834E+0,4.04898E+0,4.28545E+0,4.25370E+0,5.26468E+0,3.06270E+0,3.88490E+0,2.64574E+0,4.65886E+0,5.22259E+0,2.32946E+0,4.72055E+0,4.41165E+0,3.85807E+0,3.42698E+0,7.21493E+0,4.89860E+0,3.79631E+0,3.09590E+0,5.33586E+0,3.81805E+0,2.37137E+0,4.19693E+0,2.56684E+0,2.24927E+0,5.03079E+0,2.47414E+0,2.66955E+0,2.84759E+0,2.57011E+0,2.13605E+0,1.96239E+0,4.92828E-1,2.13677E+0,9.50164E-1,2.83857E+0,2.21348E+0,4.19042E+0,5.00538E-1,4.36732E+0,5.30794E+0,3.26140E+0,3.95509E+0,4.22059E+0,3.23715E+0,4.10388E+0,2.87515E+0,2.78200E+0,3.29559E+0
1.54588E+3,8.43374E-1,-2.19799E-1,2.59981E-1,-3.04192E-2,-5.01803E-1,3.45882E-1,-1.17641E-1,8.45130E-1,-5.59180E-1,-4.60844E-1,-2.27772E-1,2.44272E-1,-3.24367E-1,2.99542E-1,-3.96356E-1,-5.13651E-1,2.69593E-1,-1.07884E-1,-3.33279E-1,-7.73540E-3,6.54064E-2,-7.76588E-1,-3.36279E-1,-4.76918E-1,-6.54338E-1,1.68289E-1,-7.64363E-1,1.65050E-1,1.30678E+0,-2.79472E-1,3.19671E-1,-1.39160E-1,5.07547E-1,1.20015E+0,8.88982E-1,1.09342E+0,8.05964E-2,3.77361E-1,3.70901E+0,2.99161E+0,1.57097E+0,2.16058E+0,2.67294E+0,1.87498E+0,2.15981E+0,1.76737E+0,1.51902E+0,2.70018E+0,4.10630E-1,2.04845E+0,2.17385E+0,2.38493E+0,4.58373E+0,2.06778E+0,1.94275E+0,4.64538E+0,1.60082E+0,2.42626E+0,2.08355E+0,3.72689E-1,1.70684E+0,2.36679E+0,9.61959E-1,1.36396E+0,1.53614E+0,2.32049E+0,2.74593E+0,3.08852E+0,1.69632E+0,3.60738E+0,2.67105E+0,2.91842E+0,1.56466E+0,9.61811E+0,1.79124E+0,8.99280E-1,2.05163E+0,3.59750E+0,1.69631E+0,2.28347E+0,3.01292E+0,2.85749E+0,2.13368E+0,3.34388E+0,5.07742E+0,3.11495E+0,5.70627E+0,5.40419E+0,6.51032E+0,5.07120E+0,5.68302E+0,7.92136E+0,8.55485E+0,7.54304E+0,8.06083E+0,8.45065E+0,9.33654E+0,4.91516E+0,2.71053E+0,6.15033E+0,5.75348E+0,6.22121E+0,7.80499E+0,3.46101E+0,2.70534E+0,8.80919E+0,1.64662E+1,7.44122E+0,1.23010E+1,6.31191E+0,8.40110E+0,6.90785E+0,6.64605E+0,6.64224E+0,4.54101E+0,7.59930E+0,9.32642E+0,7.66370E+0,5.23910E+0,4.07568E+0,4.35470E+0,4.57304E+0,5.44703E+0,2.98149E+0,3.89998E+0,2.74837E+0,4.97221E+0,5.45789E+0,2.37685E+0,4.69674E+0,4.53803E+0,3.81853E+0,3.53382E+0,6.82667E+0,5.05185E+0,4.07816E+0,3.07175E+0,5.48345E+0,3.90334E+0,2.38599E+0,4.39558E+0,2.51181E+0,2.20134E+0,5.44928E+0,2.44856E+0,2.70010E+0,3.00662E+0,2.59602E+0,2.17597E+0,1.93636E+0,3.21326E-1,2.25610E+0,8.47088E-1,2.95235E+0,2.18560E+0,4.26977E+0,4.18082E-1,4.24947E+0,5.46031E+0,3.35024E+0,4.08978E+0,4.39144E+0,3.40025E+0,4.27224E+0,2.91789E+0,2.84583E+0,3.30571E+0
1.54942E+3,7.73175E-1,-1.89472E-1,2.36660E-1,-6.16912E-2,-4.33452E-1,3.48907E-1,-1.00257E-1,8.00296E-1,-4.98279E-1,-4.97046E-1,-2.24314E-1,2.42896E-1,-2.98490E-1,3.45098E-1,-4.44031E-1,-4.97055E-1,2.22568E-1,-9.01412E-2,-3.19147E-1,6.10607E-2,2.82635E-2,-6.93575E-1,-2.84370E-1,-3.80208E-1,-6.15372E-1,1.60291E-1,-7.34615E-1,1.25038E-1,1.61908E+0,-2.34222E-1,2.26541E-1,-1.24802E-1,5.24570E-1,1.12005E+0,8.36988E-1,1.13887E+0,9.73226E-2,3.87052E-1,3.48825E+0,2.71147E+0,1.37360E+0,2.12672E+0,2.68904E+0,1.70245E+0,2.22287E+0,1.65228E+0,1.39069E+0,2.52329E+0,3.13837E-1,2.36173E+0,2.02925E+0,2.16827E+0,4.33859E+0,2.13588E+0,1.98366E+0,4.40452E+0,1.46251E+0,2.34174E+0,2.06453E+0,3.48563E-1,1.66391E+0,2.22683E+0,8.67079E-1,1.34654E+0,1.47183E+0,2.15060E+0,2.54529E+0,2.81739E+0,1.50253E+0,3.46817E+0,2.48190E+0,2.72817E+0,1.37322E+0,9.38150E+0,1.49394E+0,7.72356E-1,1.84476E+0,3.21048E+0,1.51626E+0,2.06908E+0,2.59280E+0,2.56822E+0,1.89182E+0,2.95933E+0,4.70515E+0,2.72755E+0,5.23077E+0,5.21387E+0,6.23035E+0,4.66075E+0,5.21694E+0,7.75532E+0,7.37989E+0,7.17875E+0,8.13694E+0,8.25618E+0,8.84534E+0,4.40869E+0,2.43533E+0,5.65673E+0,5.24548E+0,6.50612E+0,7.49474E+0,3.06516E+0,2.33724E+0,8.69129E+0,1.49837E+1,6.97627E+0,1.23502E+1,5.81443E+0,7.47437E+0,6.45507E+0,6.17970E+0,6.00899E+0,4.17237E+0,7.23679E+0,8.92109E+0,6.67542E+0,4.94777E+0,3.69001E+0,3.96351E+0,4.06856E+0,4.86946E+0,2.69987E+0,3.49418E+0,2.37237E+0,4.31572E+0,4.87185E+0,2.03152E+0,4.26009E+0,3.95453E+0,3.54473E+0,3.04988E+0,6.26225E+0,4.59320E+0,3.39218E+0,2.72076E+0,4.88444E+0,3.39533E+0,2.01271E+0,3.85676E+0,2.16833E+0,1.89689E+0,4.66209E+0,2.07469E+0,2.38921E+0,2.59469E+0,2.28576E+0,1.79043E+0,1.63979E+0,2.22169E-1,1.98088E+0,6.27545E-1,2.46250E+0,1.77586E+0,3.88819E+0,2.90220E-1,4.51934E+0,4.97209E+0,3.01253E+0,3.60775E+0,3.95074E+0,3.02006E+0,3.85120E+0,2.69665E+0,2.53009E+0,2.99384E+0
1.55297E+3,6.74504E-1,-1.15166E-1,2.52666E-1,-5.39935E-2,-3.72501E-1,3.16562E-1,-1.48717E-1,8.18463E-1,-4.52901E-1,-4.78864E-1,-2.45400E-1,1.46188E-1,-2.53056E-1,3.33644E-1,-4.21429E-1,-5.53534E-1,1.74599E-1,-1.25017E-1,-2.46851E-1,2.61574E-2,3.44208E-2,-6.39936E-1,-2.82328E-1,-4.16984E-1,-5.19755E-1,1.36025E-1,-7.13390E-1,1.47819E-1,1.29781E+0,-2.87893E-1,2.74893E-1,-1.15151E-1,3.66695E-1,1.03608E+0,8.85278E-1,9.89353E-1,1.87701E-1,3.06476E-1,3.31247E+0,2.46405E+0,1.40646E+0,2.11012E+0,2.22090E+0,1.59209E+0,2.03300E+0,1.61232E+0,1.26296E+0,2.52149E+0,3.35670E-1,1.97338E+0,1.79998E+0,1.94162E+0,3.68532E+0,1.80228E+0,1.77844E+0,3.81655E+0,1.29831E+0,2.09200E+0,1.80199E+0,3.19910E-1,1.51860E+0,2.04281E+0,7.59982E-1,1.19389E+0,1.24021E+0,2.03432E+0,2.45088E+0,2.56082E+0,1.36771E+0,3.10863E+0,2.34884E+0,2.53337E+0,1.31567E+0,8.18411E+0,1.39852E+0,6.64101E-1,1.86588E+0,2.98165E+0,1.39901E+0,1.98052E+0,2.31753E+0,2.31274E+0,1.85338E+0,2.73957E+0,4.34845E+0,2.55184E+0,4.92303E+0,4.68679E+0,5.79120E+0,4.32148E+0,5.03380E+0,6.88798E+0,6.98302E+0,6.32529E+0,7.27165E+0,7.17412E+0,7.59669E+0,4.21626E+0,2.24366E+0,5.24791E+0,4.76512E+0,3.98341E+0,6.75685E+0,3.00136E+0,2.26859E+0,6.98601E+0,1.21680E+1,6.35549E+0,1.01691E+1,5.39493E+0,6.77153E+0,6.03358E+0,5.61835E+0,5.72575E+0,3.98053E+0,6.95377E+0,8.09663E+0,6.64194E+0,4.62310E+0,3.34774E+0,3.66682E+0,3.93202E+0,4.38484E+0,2.54163E+0,3.33541E+0,2.35548E+0,4.12054E+0,4.59464E+0,1.99815E+0,4.09117E+0,3.85021E+0,3.34824E+0,2.95657E+0,6.01024E+0,4.34062E+0,3.29541E+0,2.57960E+0,4.60476E+0,3.35269E+0,2.00380E+0,3.59264E+0,2.14574E+0,1.89582E+0,4.34377E+0,2.04845E+0,2.25909E+0,2.46440E+0,2.16487E+0,1.78502E+0,1.62519E+0,2.89093E-1,1.88330E+0,6.98020E-1,2.38922E+0,1.77277E+0,3.62652E+0,3.67824E-1,2.86949E+0,4.56150E+0,2.84392E+0,3.41441E+0,3.68699E+0,2.85895E+0,3.63735E+0,2.49533E+0,2.37915E+0,2.84606E+0
1.55651E+3,7.06019E-1,-1.51542E-1,2.13188E-1,-9.02616E-2,-3.97676E-1,3.52330E-1,-6.29857E-2,8.03473E-1,-4.31294E-1,-4.49552E-1,-2.38618E-1,2.00494E-1,-3.14168E-1,2.93220E-1,-4.32626E-1,-5.57133E-1,1.72685E-1,-1.17011E-1,-2.63561E-1,5.10709E-2,4.17100E-2,-6.07963E-1,-2.55952E-1,-3.75881E-1,-5.12749E-1,1.39580E-1,-6.05492E-1,2.41015E-1,1.10820E+0,-2.60544E-1,3.41460E-1,-1.07413E-1,3.90358E-1,1.09297E+0,8.37154E-1,9.44699E-1,2.34397E-1,3.20545E-1,2.89249E+0,2.10518E+0,1.31801E+0,1.90839E+0,2.11572E+0,1.47246E+0,1.70306E+0,1.53255E+0,1.18078E+0,2.17937E+0,3.30125E-1,1.22235E+0,1.77798E+0,1.99815E+0,3.39138E+0,1.79342E+0,1.57836E+0,3.62297E+0,1.22342E+0,1.91939E+0,1.70428E+0,2.58698E-1,1.44205E+0,1.96613E+0,7.47888E-1,1.15312E+0,1.25262E+0,1.75795E+0,2.23127E+0,2.40391E+0,1.32664E+0,3.01231E+0,2.12929E+0,2.37894E+0,1.21648E+0,7.07686E+0,1.30669E+0,6.51493E-1,1.71476E+0,2.91637E+0,1.25868E+0,1.80680E+0,2.28063E+0,2.22398E+0,1.69279E+0,2.52740E+0,3.99992E+0,2.42884E+0,4.73604E+0,4.19938E+0,5.11020E+0,3.91057E+0,4.60241E+0,6.09217E+0,6.39136E+0,5.52259E+0,5.84212E+0,6.48440E+0,5.72970E+0,3.75570E+0,2.03039E+0,4.73393E+0,4.21204E+0,3.22637E+0,6.10571E+0,2.73719E+0,2.06160E+0,4.71179E+0,7.45830E+0,6.04627E+0,6.93354E+0,4.35745E+0,6.06681E+0,5.50511E+0,5.42304E+0,5.21132E+0,3.47456E+0,6.42532E+0,6.88339E+0,5.85238E+0,4.28692E+0,3.13173E+0,3.48587E+0,3.56006E+0,4.20813E+0,2.39848E+0,3.07942E+0,2.14646E+0,3.89063E+0,4.18695E+0,1.78436E+0,3.80582E+0,3.60317E+0,3.08089E+0,2.72208E+0,5.58552E+0,4.10794E+0,3.11662E+0,2.54572E+0,4.39058E+0,3.14388E+0,1.93626E+0,3.55712E+0,1.98967E+0,1.67547E+0,4.07100E+0,1.96487E+0,2.18383E+0,2.32210E+0,2.11081E+0,1.68363E+0,1.56959E+0,2.95500E-1,1.69126E+0,6.61039E-1,2.32137E+0,1.80069E+0,3.59532E+0,2.97316E-1,6.64522E-1,4.29633E+0,2.65476E+0,3.21305E+0,3.54731E+0,2.72453E+0,3.40513E+0,2.33263E+0,2.26645E+0,2.67600E+0
1.56006E+3,6.55472E-1,-1.81850E-1,2.32340E-1,-1.19588E-1,-3.54815E-1,2.44716E-1,-1.03696E-1,8.19700E-1,-3.94842E-1,-4.29270E-1,-2.59752E-1,2.13718E-1,-2.77097E-1,3.54811E-1,-3.99847E-1,-5.69246E-1,2.19838E-1,-1.49960E-1,-2.53965E-1,1.09240E-1,3.67081E-2,-5.69343E-1,-2.45156E-1,-3.61355E-1,-5.00764E-1,1.49210E-1,-5.90767E-1,2.11180E-1,1.20785E+0,-3.10231E-1,3.76684E-1,-3.12882E-2,3.03220E-1,9.54196E-1,8.96539E-1,9.51720E-1,2.72812E-1,2.77224E-1,2.80392E+0,2.55543E+0,1.26914E+0,2.00471E+0,2.26562E+0,1.40979E+0,1.72706E+0,1.45419E+0,1.07764E+0,2.08067E+0,2.46637E-1,1.70683E+0,1.62153E+0,1.73722E+0,3.42531E+0,1.65166E+0,1.54169E+0,3.66313E+0,1.25226E+0,2.03429E+0,1.54296E+0,2.55713E-1,1.43099E+0,1.92998E+0,7.63971E-1,1.06430E+0,1.21259E+0,1.70271E+0,2.11161E+0,2.29334E+0,1.30637E+0,2.75457E+0,2.01072E+0,2.17042E+0,1.14862E+0,7.86572E+0,1.26865E+0,6.61329E-1,1.55163E+0,2.72329E+0,1.21038E+0,1.68857E+0,2.18802E+0,2.17612E+0,1.61948E+0,2.45765E+0,4.01244E+0,2.32498E+0,4.41658E+0,4.45047E+0,5.05284E+0,3.77235E+0,4.44632E+0,6.86663E+0,6.47429E+0,5.85457E+0,6.89019E+0,7.28692E+0,7.15962E+0,3.71418E+0,1.98916E+0,4.82431E+0,4.46340E+0,5.12138E+0,6.15396E+0,2.75251E+0,1.93550E+0,8.53071E+0,1.19525E+1,5.75443E+0,1.01424E+1,4.85883E+0,6.43910E+0,5.43706E+0,5.09983E+0,5.10459E+0,3.45529E+0,6.34965E+0,7.79644E+0,5.76636E+0,4.16079E+0,3.11893E+0,3.26354E+0,3.41027E+0,4.08767E+0,2.16705E+0,2.97579E+0,2.14780E+0,3.77871E+0,4.02387E+0,1.79717E+0,3.73009E+0,3.40716E+0,2.97928E+0,2.66778E+0,5.39905E+0,3.89638E+0,3.02856E+0,2.34768E+0,4.10796E+0,3.10581E+0,1.83960E+0,3.24684E+0,1.92331E+0,1.63934E+0,3.93934E+0,1.87004E+0,2.05136E+0,2.20140E+0,1.94245E+0,1.48561E+0,1.44390E+0,2.79070E-1,1.65456E+0,5.78390E-1,2.15025E+0,1.67107E+0,3.32729E+0,2.86732E-1,3.70094E+0,4.09914E+0,2.55075E+0,3.09444E+0,3.38203E+0,2.58642E+0,3.31682E+0,2.21066E+0,2.14324E+0,2.55533E+0
1.56361E+3,7.16533E-1,-1.32679E-1,2.27737E-1,-1.53340E-1,-3.57717E-1,3.07563E-1,-3.12088E-2,7.59912E-1,-4.15284E-1,-4.51421E-1,-2.99057E-1,1.62771E-1,-2.44684E-1,4.30829E-1,-5.19952E-1,-5.38486E-1,1.32326E-1,-1.31727E-1,-2.72157E-1,1.03588E-1,-2.79874E-3,-5.91349E-1,-1.92538E-1,-3.73445E-1,-5.09942E-1,2.28499E-1,-5.71278E-1,2.55326E-1,1.32736E+0,-3.78317E-1,3.94817E-1,-4.29887E-2,3.11346E-1,1.02283E+0,1.03796E+0,1.24413E+0,3.02566E-1,2.50575E-1,3.81864E+0,3.81050E+0,1.42067E+0,2.24783E+0,2.59118E+0,2.24623E+0,2.52328E+0,1.65816E+0,1.20831E+0,2.85329E+0,1.60801E-1,2.49190E+0,1.77664E+0,2.09430E+0,5.12727E+0,2.01173E+0,1.67033E+0,5.33653E+0,1.20168E+0,2.07857E+0,1.70948E+0,2.59211E-1,1.41192E+0,2.16964E+0,7.63091E-1,1.12918E+0,1.21646E+0,1.83149E+0,2.10204E+0,2.40176E+0,1.16669E+0,3.55772E+0,2.13060E+0,2.27938E+0,1.19033E+0,1.14824E+1,1.26704E+0,5.41612E-1,1.53461E+0,2.80874E+0,1.18972E+0,1.88674E+0,2.23890E+0,2.17408E+0,1.55770E+0,2.50313E+0,3.84788E+0,2.38028E+0,5.26422E+0,5.47486E+0,7.11273E+0,3.72388E+0,5.27391E+0,8.10830E+0,9.23635E+0,7.96098E+0,8.06914E+0,9.18298E+0,8.63976E+0,4.15625E+0,1.92433E+0,4.85879E+0,4.87439E+0,6.47697E+0,8.22436E+0,2.69562E+0,1.96138E+0,1.34540E+1,2.18048E+1,7.12842E+0,1.90202E+1,6.34963E+0,8.62694E+0,7.26165E+0,5.29795E+0,5.46620E+0,3.27146E+0,7.62678E+0,9.72977E+0,5.73407E+0,4.58739E+0,3.09946E+0,3.35639E+0,3.49138E+0,4.29583E+0,2.20969E+0,2.91384E+0,1.98644E+0,3.64447E+0,4.09788E+0,1.73467E+0,3.70909E+0,3.43342E+0,3.02198E+0,2.75250E+0,6.08905E+0,4.21578E+0,3.00813E+0,2.26865E+0,4.81890E+0,2.92614E+0,1.76487E+0,3.30185E+0,1.88132E+0,1.64110E+0,5.15776E+0,1.74887E+0,1.96644E+0,2.14597E+0,1.97013E+0,1.47553E+0,1.42017E+0,1.40184E-1,1.64181E+0,5.23764E-1,2.14578E+0,1.54974E+0,3.66374E+0,2.29121E-1,4.60843E+0,4.66190E+0,2.55071E+0,3.09382E+0,3.41108E+0,2.58417E+0,3.27483E+0,2.09890E+0,2.01468E+0,2.43406E+0
1.56715E+3,7.58825E-1,-1.69103E-1,1.51042E-1,-1.23788E-1,-3.32475E-1,2.23037E-1,-1.80981E-2,7.28189E-1,-4.39580E-1,-4.73248E-1,-2.41965E-1,1.67516E-1,-1.89901E-1,3.90988E-1,-4.31439E-1,-5.70426E-1,1.76169E-1,-9.88007E-2,-2.81634E-1,5.16617E-2,-4.79626E-3,-5.67975E-1,-2.12268E-1,-3.76605E-1,-5.49301E-1,1.54779E-1,-5.29537E-1,1.81279E-1,1.05578E+0,-3.73766E-1,3.84295E-1,-1.62317E-2,1.96092E-1,7.15742E-1,9.00814E-1,7.85874E-1,1.83420E-1,1.14786E-1,2.55582E+0,1.72543E+0,1.21007E+0,1.52909E+0,2.07091E+0,1.33273E+0,1.30700E+0,1.20933E+0,1.05104E+0,1.81634E+0,1.68463E-1,1.00042E+0,1.33634E+0,1.68979E+0,2.32585E+0,1.25875E+0,1.28488E+0,3.01153E+0,1.04870E+0,1.83279E+0,1.34348E+0,1.42200E-1,1.11738E+0,1.60700E+0,5.50545E-1,8.53960E-1,8.63459E-1,1.45506E+0,1.76268E+0,1.95038E+0,9.28775E-1,2.35007E+0,1.67776E+0,1.96189E+0,9.81324E-1,4.91693E+0,9.32116E-1,3.72978E-1,1.25744E+0,2.24820E+0,8.78117E-1,1.28684E+0,1.85078E+0,1.84369E+0,1.33042E+0,2.03290E+0,3.22997E+0,1.95382E+0,3.83328E+0,3.41828E+0,4.36500E+0,3.30932E+0,3.79614E+0,5.19777E+0,5.39836E+0,4.85586E+0,5.24742E+0,4.92206E+0,4.73511E+0,2.95741E+0,1.55320E+0,3.81983E+0,3.76962E+0,2.22524E+0,4.86822E+0,2.32537E+0,1.51832E+0,2.87592E+0,5.61663E+0,4.84143E+0,5.40778E+0,4.04087E+0,4.14047E+0,4.45793E+0,4.31432E+0,4.31156E+0,2.59444E+0,5.03439E+0,4.42245E+0,4.71065E+0,3.55395E+0,2.49239E+0,2.80950E+0,2.90018E+0,3.44886E+0,1.80056E+0,2.44885E+0,1.56019E+0,3.12428E+0,3.59311E+0,1.39347E+0,3.16823E+0,2.94428E+0,2.56776E+0,2.07057E+0,4.42805E+0,3.42788E+0,2.43900E+0,1.87494E+0,3.55721E+0,2.43643E+0,1.37104E+0,2.83709E+0,1.51206E+0,1.28772E+0,3.39802E+0,1.52778E+0,1.63986E+0,1.73542E+0,1.61267E+0,1.24886E+0,1.16588E+0,8.16254E-2,1.33732E+0,4.08407E-1,1.86345E+0,1.36674E+0,2.96040E+0,1.54668E-1,8.12440E-1,3.46413E+0,2.24887E+0,2.57650E+0,3.11534E+0,2.21188E+0,2.90153E+0,1.81586E+0,1.85762E+0,2.19742E+0
1.57070E+3,7.15002E-1,-1.39448E-1,2.65092E-1,-1.43449E-1,-3.30426E-1,2.58744E-1,-2.03224E-2,7.44217E-1,-5.08249E-1,-4.64055E-1,-2.75084E-1,1.17234E-1,-1.94082E-1,4.59787E-1,-4.84961E-1,-5.74143E-1,1.26305E-1,-3.73285E-2,-3.12433E-1,1.27953E-1,-2.69332E-2,-5.70483E-1,-1.61003E-1,-3.11827E-1,-5.09900E-1,2.80471E-1,-5.66455E-1,2.83147E-1,1.45860E+0,-3.82082E-1,4.12859E-1,1.72890E-2,4.12696E-1,9.25128E-1,1.11453E+0,1.15662E+0,1.95548E-1,1.59144E-1,3.07654E+0,2.41117E+0,1.37092E+0,1.82281E+0,2.26191E+0,1.48865E+0,2.05932E+0,1.41178E+0,1.17405E+0,2.16947E+0,2.25729E-1,1.65798E+0,1.51189E+0,1.78786E+0,3.48042E+0,1.52334E+0,1.58301E+0,3.70674E+0,1.12163E+0,1.90063E+0,1.57936E+0,1.18989E-1,1.29690E+0,1.85251E+0,6.23320E-1,9.05154E-1,1.06989E+0,1.54926E+0,1.93570E+0,2.20116E+0,9.24169E-1,2.55241E+0,1.99178E+0,1.90413E+0,9.83175E-1,6.02259E+0,1.05005E+0,3.45905E-1,1.25255E+0,2.43469E+0,9.64087E-1,1.37700E+0,1.91829E+0,1.78051E+0,1.20508E+0,2.08041E+0,3.56287E+0,1.78409E+0,4.00286E+0,3.78622E+0,4.45070E+0,3.47830E+0,4.09085E+0,5.89380E+0,5.79859E+0,5.49914E+0,6.12569E+0,5.86410E+0,6.09971E+0,3.07919E+0,1.44863E+0,3.92603E+0,3.91399E+0,3.32357E+0,5.68794E+0,2.25013E+0,1.44660E+0,5.08545E+0,1.01724E+1,5.43587E+0,7.33819E+0,4.12991E+0,5.35582E+0,4.87715E+0,4.43538E+0,4.64645E+0,2.80902E+0,5.37108E+0,6.80336E+0,5.21440E+0,3.62710E+0,2.45341E+0,2.76689E+0,2.84261E+0,3.36704E+0,1.71479E+0,2.30944E+0,1.46118E+0,2.98167E+0,3.42448E+0,1.17580E+0,3.21918E+0,2.70793E+0,2.41267E+0,2.01372E+0,4.35142E+0,3.25775E+0,2.31497E+0,1.63952E+0,3.37489E+0,2.32322E+0,1.20725E+0,2.76006E+0,1.33830E+0,1.14401E+0,3.44583E+0,1.33329E+0,1.47305E+0,1.69798E+0,1.43967E+0,1.09233E+0,9.39139E-1,-7.08145E-2,1.28163E+0,2.55894E-1,1.81191E+0,1.28422E+0,2.89043E+0,3.33874E-2,1.54459E+0,3.47657E+0,2.15216E+0,2.60427E+0,2.86492E+0,2.14246E+0,2.83437E+0,1.65399E+0,1.70894E+0,2.09503E+0
1.57425E+3,6.05079E-1,-1.17609E-1,1.78375E-1,-1.35239E-1,-2.84656E-1,2.45414E-1,-4.15655E-2,7.47354E-1,-4.60918E-1,-4.07821E-1,-2.94847E-1,1.20302E-1,-1.30536E-1,3.60692E-1,-3.84025E-1,-4.48802E-1,1.20148E-1,-3.87115E-2,-3.05491E-1,1.05626E-1,-8.23552E-2,-4.74710E-1,-1.99002E-1,-2.95315E-1,-4.76016E-1,2.17594E-1,-4.71174E-1,2.70063E-1,1.22836E+0,-2.70957E-1,2.85156E-1,7.88141E-2,3.39874E-1,7.18474E-1,9.05945E-1,8.96770E-1,1.40727E-1,1.83989E-1,2.64732E+0,2.20408E+0,1.12630E+0,1.54897E+0,2.19149E+0,1.42128E+0,1.58169E+0,1.23878E+0,1.09480E+0,1.92090E+0,1.70545E-1,1.45128E+0,1.56701E+0,1.44289E+0,3.16083E+0,1.21789E+0,1.22353E+0,3.63129E+0,9.66785E-1,1.48181E+0,1.38111E+0,1.40070E-1,1.18191E+0,1.59395E+0,5.79330E-1,8.61975E-1,8.89671E-1,1.40635E+0,1.60482E+0,1.79532E+0,8.74190E-1,2.34114E+0,1.56707E+0,1.75392E+0,8.55202E-1,6.75773E+0,9.13016E-1,2.69191E-1,1.11665E+0,2.03772E+0,8.17957E-1,1.25877E+0,1.57724E+0,1.54058E+0,1.10137E+0,1.80967E+0,3.07019E+0,1.67455E+0,3.40287E+0,3.65436E+0,3.97758E+0,2.83782E+0,3.40798E+0,5.68521E+0,4.93806E+0,4.85145E+0,5.15005E+0,5.38872E+0,5.60685E+0,2.66896E+0,1.29911E+0,3.56152E+0,3.54981E+0,3.55314E+0,5.13943E+0,1.95390E+0,1.33261E+0,5.48295E+0,1.02162E+1,4.94491E+0,7.23740E+0,3.68901E+0,5.00853E+0,4.57464E+0,4.02679E+0,4.09823E+0,2.35155E+0,5.04304E+0,6.21350E+0,4.65925E+0,3.10594E+0,2.10568E+0,2.33565E+0,2.55156E+0,2.89444E+0,1.57538E+0,1.98242E+0,1.25932E+0,2.69491E+0,3.34099E+0,1.08662E+0,2.72112E+0,2.41240E+0,2.12306E+0,1.76045E+0,4.16998E+0,2.78141E+0,2.16376E+0,1.45742E+0,2.90840E+0,1.94264E+0,1.05657E+0,2.41472E+0,1.21403E+0,1.03913E+0,3.11605E+0,1.17811E+0,1.31125E+0,1.55857E+0,1.33920E+0,1.06111E+0,8.78361E-1,-3.24249E-3,1.09964E+0,2.37000E-1,1.74404E+0,1.14422E+0,2.53778E+0,2.39874E-2,2.22121E+0,3.07526E+0,1.84094E+0,2.25229E+0,2.56189E+0,1.88291E+0,2.48607E+0,1.54622E+0,1.53540E+0,1.82348E+0
1.57780E+3,5.38422E-1,-9.68544E-2,1.82508E-1,-1.16303E-1,-2.72516E-1,1.37425E-1,-1.11363E-1,6.75962E-1,-4.88465E-1,-3.73648E-1,-2.45355E-1,1.36798E-1,-4.86360E-2,4.61591E-1,-3.79566E-1,-3.70094E-1,1.79499E-1,-3.38050E-2,-2.52541E-1,1.86180E-1,-5.22828E-2,-4.20792E-1,-1.58718E-1,-2.83781E-1,-4.51814E-1,3.43124E-1,-4.28939E-1,3.31484E-1,1.06251E+0,-3.70932E-1,3.07532E-1,1.17577E-1,3.72482E-1,6.93382E-1,8.50366E-1,8.28240E-1,9.74249E-2,1.88321E-1,1.83848E+0,4.72267E-1,1.07035E+0,1.04626E+0,1.46068E+0,5.50560E-1,9.48827E-1,1.22360E+0,9.33446E-1,1.31937E+0,1.23818E-1,4.59243E-1,1.32008E+0,1.16589E+0,1.32889E+0,1.26895E+0,9.97328E-1,9.88291E-1,9.21415E-1,1.42786E+0,8.08718E-1,1.34834E-1,1.05919E+0,1.28371E+0,5.26382E-1,8.10262E-1,9.26713E-1,1.26423E+0,1.67668E+0,1.60736E+0,8.58961E-1,2.02920E+0,1.58132E+0,1.56817E+0,8.07756E-1,-5.46855E-1,8.68718E-1,2.68649E-1,8.67317E-1,1.82189E+0,8.09464E-1,9.90946E-1,1.54976E+0,1.45589E+0,1.09492E+0,1.73147E+0,3.02530E+0,1.64477E+0,2.53912E+0,1.89376E+0,3.26379E+0,2.84966E+0,2.93273E+0,2.76452E+0,3.60835E+0,3.60594E+0,3.10447E+0,2.39035E+0,2.52229E+0,2.50709E+0,1.24622E+0,3.21651E+0,3.10717E+0,-1.86949E+0,3.15128E+0,2.05466E+0,1.26921E+0,-2.14101E+0,3.94150E-1,3.01930E+0,4.73476E-1,2.78176E+0,2.66089E+0,2.83089E+0,3.60669E+0,3.92337E+0,2.25587E+0,2.82865E+0,2.42656E+0,3.78355E+0,3.08944E+0,2.10611E+0,2.29183E+0,2.49337E+0,3.06230E+0,1.46884E+0,2.14605E+0,1.25761E+0,2.47869E+0,3.08078E+0,1.08124E+0,2.40005E+0,2.43634E+0,2.16352E+0,1.57557E+0,3.58347E+0,2.64359E+0,2.07680E+0,1.49663E+0,2.59935E+0,2.10914E+0,1.08652E+0,2.11138E+0,1.20021E+0,9.49343E-1,2.56115E+0,1.21675E+0,1.39428E+0,1.52769E+0,1.38588E+0,1.00530E+0,9.09408E-1,1.65597E-2,1.13752E+0,2.98597E-1,1.58157E+0,1.18722E+0,2.32248E+0,3.71676E-2,-1.17210E+0,2.88909E+0,1.59955E+0,2.12469E+0,2.58368E+0,1.87720E+0,2.36509E+0,1.46458E+0,1.44481E+0,1.77433E+0
1.58135E+3,5.13359E-1,-8.89478E-2,2.19581E-1,-1.15705E-1,-2.57031E-1,1.13113E-1,-1.14877E-1,6.87977E-1,-4.47357E-1,-3.59830E-1,-2.28700E-1,1.81986E-2,-1.46346E-2,4.51098E-1,-3.76245E-1,-3.38197E-1,1.17710E-1,1.08039E-1,-2.45522E-1,1.61009E-1,-5.05967E-2,-4.55557E-1,-1.49307E-1,-2.86394E-1,-4.56183E-1,3.58226E-1,-3.47596E-1,3.22379E-1,1.54585E+0,-3.46225E-1,3.00312E-1,2.03207E-1,4.52917E-1,6.32165E-1,8.97430E-1,1.03122E+0,4.77532E-2,2.27670E-1,2.54461E+0,2.25201E+0,8.44446E-1,1.73317E+0,1.98863E+0,1.41571E+0,1.54205E+0,1.34881E+0,9.43547E-1,1.87840E+0,1.57429E-1,1.24346E+0,1.43559E+0,1.37137E+0,2.86038E+0,1.45681E+0,1.30432E+0,3.30884E+0,9.19165E-1,1.62119E+0,1.24628E+0,1.97835E-1,1.06908E+0,1.44503E+0,5.12350E-1,7.88407E-1,9.16540E-1,1.34045E+0,1.78023E+0,1.85044E+0,7.52543E-1,2.51439E+0,1.63007E+0,1.71932E+0,7.97105E-1,6.08448E+0,8.73978E-1,2.08071E-1,1.00912E+0,2.08429E+0,7.62447E-1,1.20232E+0,1.55267E+0,1.37311E+0,1.12025E+0,1.69409E+0,2.89303E+0,1.64408E+0,3.58963E+0,3.18373E+0,3.90712E+0,2.85532E+0,3.39101E+0,4.82003E+0,4.93236E+0,4.76209E+0,4.87421E+0,5.14488E+0,5.31786E+0,2.71450E+0,1.11747E+0,3.49766E+0,3.19875E+0,2.60121E+0,4.58722E+0,1.99350E+0,1.25954E+0,4.81628E+0,7.94171E+0,4.65364E+0,6.44543E+0,3.92457E+0,4.77347E+0,4.24758E+0,3.93899E+0,4.27917E+0,2.33906E+0,5.16258E+0,5.46752E+0,4.64082E+0,3.05218E+0,1.98479E+0,2.50071E+0,2.30904E+0,3.11724E+0,1.50027E+0,2.02054E+0,1.32387E+0,2.77295E+0,3.06503E+0,1.02084E+0,2.60160E+0,2.30676E+0,2.15223E+0,1.82559E+0,4.30189E+0,2.85344E+0,2.05599E+0,1.44485E+0,3.11480E+0,2.03365E+0,1.03728E+0,2.43740E+0,1.22172E+0,1.06854E+0,3.02385E+0,1.23143E+0,1.32908E+0,1.54438E+0,1.32198E+0,1.06277E+0,9.30897E-1,-1.36038E-2,1.07134E+0,2.89128E-1,1.67110E+0,1.29632E+0,2.58024E+0,7.22944E-2,1.35613E+0,3.05112E+0,1.74626E+0,2.00752E+0,2.38516E+0,1.71288E+0,2.25691E+0,1.30144E+0,1.32918E+0,1.67898E+0
1.58490E+3,4.48430E-1,-8.09323E-2,1.62850E-1,-8.85254E-2,-2.37718E-1,1.57385E-1,-1.11112E-1,5.96608E-1,-4.51595E-1,-2.67559E-1,-1.60656E-1,7.61617E-2,-3.58073E-2,2.89076E-1,-2.96604E-1,-2.88758E-1,6.39162E-2,8.22128E-2,-2.71143E-1,1.69798E-1,-5.94175E-2,-3.94681E-1,-1.10285E-1,-3.18008E-1,-4.34404E-1,2.83075E-1,-2.85118E-1,2.97249E-1,7.39948E-1,-3.69313E-1,1.96268E-1,1.72441E-1,4.06989E-1,5.75400E-1,6.91464E-1,5.91325E-1,3.52718E-2,2.61379E-1,1.52172E+0,9.45028E-1,6.68768E-1,1.06952E+0,1.16565E+0,5.45278E-1,9.98271E-1,1.08759E+0,8.16616E-1,1.27663E+0,1.46836E-1,7.72007E-1,1.02844E+0,1.05795E+0,1.17318E+0,9.57255E-1,9.52989E-1,9.09681E-1,8.72887E-1,1.23766E+0,1.11664E+0,1.52365E-1,1.06599E+0,1.18331E+0,4.63183E-1,6.89376E-1,7.56288E-1,1.06992E+0,1.41896E+0,1.33080E+0,7.44831E-1,1.69124E+0,1.37451E+0,1.48084E+0,7.61813E-1,2.09092E+0,8.41597E-1,2.96211E-1,1.04925E+0,1.63664E+0,6.77871E-1,1.08884E+0,1.43866E+0,1.32584E+0,9.54346E-1,1.51032E+0,2.34194E+0,1.56450E+0,2.80993E+0,1.39823E+0,3.07560E+0,2.25367E+0,2.53630E+0,2.92160E+0,2.62301E+0,3.36740E+0,2.82147E+0,2.26452E+0,2.87093E+0,2.10125E+0,1.04052E+0,2.65045E+0,2.56693E+0,2.08260E-2,3.53335E+0,1.62154E+0,1.04345E+0,-2.41851E-1,1.62420E+0,1.99147E+0,6.15166E-1,2.07446E+0,2.66648E+0,2.99105E+0,2.82879E+0,3.18938E+0,1.99293E+0,2.14818E+0,2.38210E+0,3.05038E+0,2.55249E+0,1.66404E+0,1.87802E+0,2.03031E+0,2.44036E+0,1.15567E+0,1.83243E+0,1.17264E+0,2.31069E+0,2.07896E+0,9.16236E-1,2.08451E+0,2.13192E+0,1.77532E+0,1.58711E+0,2.62314E+0,2.42036E+0,1.73527E+0,1.29140E+0,2.30303E+0,1.82449E+0,1.02490E+0,1.88914E+0,1.07882E+0,9.03579E-1,2.12649E+0,1.05650E+0,1.19321E+0,1.30898E+0,1.18372E+0,9.65658E-1,7.93058E-1,-2.06463E-2,9.62339E-1,2.33839E-1,1.32618E+0,1.01772E+0,2.17763E+0,6.29495E-2,3.57038E-1,2.46325E+0,1.53799E+0,1.85778E+0,2.26566E+0,1.59858E+0,2.13464E+0,1.12053E+0,1.19212E+0,1.52174E+0
1.58845E+3,6.06427E-1,-1.41476E-1,1.19360E-1,-9.81729E-2,-2.76467E-1,6.13794E-2,-1.51238E-1,5.99265E-1,-4.28736E-1,-2.31522E-1,-2.13374E-1,9.30895E-2,2.59074E-2,3.70817E-1,-3.35260E-1,-2.71221E-1,1.27269E-1,9.40792E-2,-2.60221E-1,1.11818E-1,-5.86070E-2,-4.31198E-1,-1.09744E-1,-3.18440E-1,-4.84803E-1,3.83882E-1,-2.45786E-1,3.01690E-1,1.28105E+0,-3.12929E-1,1.73590E-1,2.43601E-1,4.56149E-1,6.35772E-1,9.57586E-1,1.10278E+0,-5.05805E-2,2.54779E-1,2.82778E+0,2.29328E+0,1.02749E+0,1.64284E+0,1.97042E+0,1.39953E+0,1.82067E+0,1.12145E+0,8.95600E-1,1.90247E+0,1.89405E-1,1.27450E+0,1.54640E+0,1.54111E+0,3.29133E+0,1.24452E+0,1.11975E+0,3.52294E+0,9.52974E-1,1.64233E+0,1.46751E+0,1.75480E-1,9.96954E-1,1.64366E+0,5.76282E-1,7.62611E-1,8.26924E-1,1.27020E+0,1.46052E+0,1.79386E+0,7.75098E-1,2.44519E+0,1.48323E+0,1.35767E+0,6.83764E-1,6.01133E+0,6.98001E-1,2.85444E-1,9.49678E-1,1.95888E+0,6.19317E-1,1.20369E+0,1.41702E+0,1.32847E+0,8.69702E-1,1.57092E+0,3.06449E+0,1.54452E+0,3.43796E+0,3.63738E+0,3.72079E+0,2.90391E+0,3.10719E+0,5.01968E+0,4.80836E+0,4.68183E+0,5.11188E+0,5.17770E+0,5.52214E+0,2.58198E+0,8.95618E-1,3.47393E+0,2.89667E+0,2.75726E+0,4.49828E+0,1.63553E+0,1.08787E+0,4.42221E+0,8.66106E+0,4.75511E+0,7.22062E+0,3.86184E+0,5.28353E+0,4.46624E+0,3.86860E+0,4.10720E+0,2.17497E+0,4.82236E+0,5.67883E+0,3.98031E+0,2.82080E+0,1.85159E+0,2.09520E+0,2.33580E+0,2.80446E+0,1.23946E+0,1.77417E+0,1.03476E+0,2.23610E+0,2.89429E+0,8.00890E-1,2.43022E+0,2.11499E+0,1.78153E+0,1.51920E+0,3.99868E+0,2.65056E+0,1.92675E+0,1.19584E+0,2.83303E+0,1.69723E+0,1.00582E+0,2.02028E+0,9.97498E-1,8.15354E-1,3.32404E+0,9.38945E-1,1.18240E+0,1.29301E+0,1.14632E+0,9.03168E-1,7.79121E-1,-8.62452E-2,1.05200E+0,1.95882E-1,1.36260E+0,9.99123E-1,2.16583E+0,1.76233E-2,1.58751E+0,3.00017E+0,1.48894E+0,1.75518E+0,2.22400E+0,1.45324E+0,2.13654E+0,1.09543E+0,1.10741E+0,1.42565E+0
1.59200E+3,4.91545E-1,-1.04132E-1,8.20125E-2,-1.27507E-1,-2.26670E-1,2.41234E-2,-1.29419E-1,5.07939E-1,-3.19883E-1,-1.92969E-1,-1.90587E-1,1.26786E-1,2.64424E-2,2.58980E-1,-2.26661E-1,-1.61204E-1,8.51587E-2,1.65659E-1,-2.75147E-1,1.90811E-1,-1.21342E-1,-3.32233E-1,-1.09886E-1,-2.48685E-1,-3.98685E-1,2.81774E-1,-2.52194E-1,2.56163E-1,1.00856E+0,-2.44833E-1,1.90558E-1,2.64949E-1,4.47865E-1,5.89729E-1,5.47473E-1,6.81382E-1,-6.22805E-3,2.37066E-1,1.86375E+0,1.18191E+0,8.55488E-1,1.17314E+0,1.35471E+0,7.78086E-1,9.21666E-1,8.91778E-1,8.41153E-1,1.34748E+0,1.45037E-1,8.09501E-1,9.65917E-1,1.01482E+0,1.77540E+0,9.49772E-1,1.10989E+0,1.72628E+0,8.38258E-1,1.25327E+0,7.21127E-1,5.28950E-2,9.12583E-1,9.47371E-1,4.44385E-1,6.40676E-1,5.91066E-1,9.56203E-1,1.14498E+0,1.46470E+0,6.76958E-1,1.63313E+0,1.11529E+0,1.24434E+0,5.39076E-1,2.51674E+0,6.45209E-1,1.46046E-1,7.19311E-1,1.43817E+0,4.85262E-1,8.41981E-1,1.07072E+0,1.14671E+0,6.56519E-1,1.14455E+0,2.17824E+0,1.22298E+0,2.15017E+0,2.01163E+0,2.54245E+0,1.92782E+0,2.06262E+0,2.77149E+0,2.82555E+0,2.99920E+0,2.62574E+0,2.48796E+0,2.82783E+0,1.64221E+0,6.37710E-1,2.32269E+0,2.10376E+0,1.10338E+0,2.56112E+0,1.29321E+0,7.98531E-1,1.68213E+0,3.26884E+0,2.31419E+0,2.57462E+0,2.13352E+0,2.51981E+0,2.77818E+0,2.54028E+0,2.65441E+0,1.51748E+0,2.88239E+0,2.72283E+0,2.72859E+0,1.96741E+0,1.29417E+0,1.57933E+0,1.61941E+0,2.17565E+0,7.35621E-1,1.39586E+0,7.46681E-1,1.75379E+0,2.04460E+0,6.01429E-1,1.67678E+0,1.42524E+0,1.37261E+0,1.13886E+0,2.43762E+0,1.82040E+0,1.41338E+0,9.27973E-1,2.00042E+0,1.35209E+0,8.32870E-1,1.58302E+0,7.32307E-1,6.50326E-1,1.87821E+0,7.95520E-1,8.75288E-1,9.61837E-1,9.61994E-1,7.43315E-1,5.11681E-1,-1.02240E-1,7.55133E-1,9.87293E-2,1.12582E+0,7.04018E-1,1.74584E+0,-4.61299E-2,5.91451E-1,2.05140E+0,1.21352E+0,1.51451E+0,1.81832E+0,1.30938E+0,1.72567E+0,8.80243E-1,1.02134E+0,1.11643E+0
1.59555E+3,4.08778E-1,-2.07234E-1,1.53868E-1,-2.31339E-1,-2.97830E-1,-7.42817E-2,-1.73958E-1,8.46540E-1,-3.46921E-1,-2.43970E-1,-1.68584E-1,3.41630E-1,2.97564E-2,1.96292E-1,-2.32746E-1,-1.82655E-1,2.06877E-1,3.01242E-1,-3.15816E-1,1.46888E-1,-9.18644E-2,-3.84103E-1,1.44440E-2,-1.22998E-1,-5.18223E-1,4.47408E-1,-3.03371E-1,2.76166E-1,1.91416E+0,-3.04460E-1,1.45389E-1,1.68557E-1,7.48392E-1,7.24487E-1,1.03666E+0,1.25014E+0,-1.09982E-1,4.35197E-1,3.50005E+0,3.49197E+0,1.60222E+0,1.96529E+0,2.59962E+0,1.98756E+0,2.34839E+0,1.71114E+0,1.32064E+0,2.64867E+0,6.65007E-2,1.90748E+0,1.73614E+0,1.49707E+0,4.42100E+0,1.46378E+0,1.19759E+0,5.25099E+0,1.05522E+0,1.26642E+0,1.94430E+0,5.75431E-2,7.77901E-1,1.76401E+0,3.27350E-1,6.36691E-1,7.83180E-1,1.37773E+0,1.80916E+0,1.93622E+0,5.51913E-1,2.72889E+0,1.49047E+0,1.44913E+0,6.53837E-1,8.14770E+0,4.93293E-1,4.32881E-2,7.67293E-1,1.75630E+0,5.40126E-1,1.00573E+0,1.17989E+0,1.09296E+0,6.38620E-1,1.40257E+0,3.46276E+0,1.16934E+0,3.59478E+0,3.96796E+0,4.10612E+0,3.09538E+0,3.45542E+0,7.14518E+0,5.97354E+0,5.47113E+0,6.63083E+0,6.55318E+0,6.21718E+0,2.04073E+0,6.66395E-1,3.42796E+0,3.20386E+0,3.36515E+0,5.10224E+0,1.52011E+0,8.77048E-1,7.20758E+0,1.27276E+1,5.79408E+0,8.73390E+0,3.70293E+0,5.53712E+0,4.59558E+0,3.68166E+0,3.86102E+0,2.08909E+0,5.82382E+0,5.86891E+0,4.72044E+0,2.44466E+0,1.87003E+0,1.72469E+0,1.81671E+0,2.74080E+0,8.30077E-1,1.55064E+0,5.43381E-1,1.91433E+0,2.64453E+0,4.63374E-1,1.93569E+0,1.53085E+0,1.44522E+0,1.39709E+0,3.89775E+0,2.27055E+0,1.32093E+0,7.26967E-1,2.07096E+0,1.23194E+0,4.91130E-1,1.87262E+0,6.16799E-1,4.27678E-1,3.19405E+0,5.79169E-1,8.24242E-1,1.05471E+0,6.84820E-1,9.60246E-1,3.49875E-1,-2.67653E-1,6.74657E-1,-5.81629E-2,9.70695E-1,7.59249E-1,1.94661E+0,-1.95302E-1,1.80766E+0,2.59201E+0,1.28319E+0,1.48862E+0,1.84173E+0,1.15011E+0,1.79619E+0,7.59366E-1,7.25090E-1,1.01657E+0
1.59911E+3,2.56596E-1,-1.30068E-1,8.09625E-2,-1.68650E-1,-1.73283E-1,-4.29080E-2,-9.25939E-2,5.42245E-1,-2.51948E-1,-1.26912E-1,-1.36200E-1,1.06623E-1,8.64282E-4,2.40982E-1,-1.05710E-1,-5.11097E-2,1.66006E-2,8.91140E-2,-1.74720E-1,1.88612E-1,-5.79480E-2,-2.73420E-1,-1.00919E-1,-1.96912E-1,-3.77607E-1,2.61759E-1,-1.73221E-1,2.08080E-1,1.01428E+0,-1.95307E-1,2.62021E-2,7.64152E-2,3.93738E-1,6.45873E-1,4.57716E-1,8.36387E-1,-4.14632E-2,2.10973E-1,1.74827E+0,1.52998E+0,8.26014E-1,9.77294E-1,1.46596E+0,9.39741E-1,1.10427E+0,7.92736E-1,6.40905E-1,1.35847E+0,2.46867E-2,7.33412E-1,9.73372E-1,8.91573E-1,1.88809E+0,7.20118E-1,7.53729E-1,2.05102E+0,5.83203E-1,9.23798E-1,8.25995E-1,2.65433E-2,6.55487E-1,9.16936E-1,3.20506E-1,5.07672E-1,5.11762E-1,7.96922E-1,9.57131E-1,1.09499E+0,4.74723E-1,1.58436E+0,8.71223E-1,9.17578E-1,3.37976E-1,3.69112E+0,4.37321E-1,6.82369E-2,5.57992E-1,1.14372E+0,3.85780E-1,7.51630E-1,8.77342E-1,7.67677E-1,5.08499E-1,8.80323E-1,1.62983E+0,8.63971E-1,2.06045E+0,2.09803E+0,2.56399E+0,1.74486E+0,1.82436E+0,2.83022E+0,2.98937E+0,2.60552E+0,2.89113E+0,3.24320E+0,2.89054E+0,1.34520E+0,5.36989E-1,2.00873E+0,2.03415E+0,1.32412E+0,2.62793E+0,1.20212E+0,5.71371E-1,3.07069E+0,4.48172E+0,2.45345E+0,3.62336E+0,2.07026E+0,2.96561E+0,2.71811E+0,2.27751E+0,2.31150E+0,1.27092E+0,2.82210E+0,3.28164E+0,2.42233E+0,1.60612E+0,1.12606E+0,1.27033E+0,1.27964E+0,1.56123E+0,7.85292E-1,1.07574E+0,5.70943E-1,1.49783E+0,1.56261E+0,3.95555E-1,1.40682E+0,1.16784E+0,1.05586E+0,7.43880E-1,2.34541E+0,1.50053E+0,9.69337E-1,6.18033E-1,1.49359E+0,9.60087E-1,4.28966E-1,1.24864E+0,5.27240E-1,4.29447E-1,1.84420E+0,5.17450E-1,6.98857E-1,7.03225E-1,6.14387E-1,4.94447E-1,3.66190E-1,-1.60760E-1,5.71778E-1,2.43593E-2,8.29297E-1,5.35100E-1,1.39441E+0,-1.04084E-1,9.56017E-1,1.86209E+0,9.34219E-1,1.22439E+0,1.38497E+0,9.63794E-1,1.37898E+0,7.01844E-1,7.53461E-1,8.77847E-1
1.60266E+3,2.89309E-1,-6.85045E-2,1.19937E-1,-1.37155E-1,-1.74269E-1,-2.54084E-2,-7.62123E-2,4.31853E-1,-1.57124E-1,-1.17095E-1,-1.45551E-1,9.92826E-2,-3.20358E-2,6.60826E-2,-7.31083E-2,-3.33753E-3,4.53170E-2,7.52904E-2,-1.81105E-1,1.52995E-1,-7.82168E-2,-2.44307E-1,-8.13909E-2,-2.06544E-1,-3.19314E-1,2.07737E-1,-1.80582E-1,1.13900E-1,5.69595E-1,-1.06139E-1,1.56057E-2,1.05523E-1,2.49354E-1,2.09778E-1,2.67440E-1,2.97666E-1,6.64675E-3,1.23314E-1,5.81420E-1,5.79786E-1,5.71165E-1,5.42848E-1,7.98806E-1,3.61668E-1,3.55674E-1,4.87373E-1,3.93587E-1,4.58411E-1,6.59522E-2,2.88480E-1,3.98479E-1,6.02343E-1,7.38322E-1,4.64287E-1,4.73408E-1,5.62963E-1,4.06666E-1,7.49986E-1,4.78184E-1,9.39020E-2,5.40654E-1,5.61784E-1,2.34589E-1,4.50728E-1,4.37417E-1,5.88780E-1,6.44255E-1,5.84453E-1,3.58489E-1,1.03240E+0,6.88584E-1,7.45999E-1,2.17908E-1,8.85676E-1,3.85924E-1,8.86990E-2,4.52690E-1,9.09711E-1,3.00986E-1,5.99204E-1,7.32759E-1,6.72937E-1,4.61847E-1,7.29437E-1,1.25364E+0,8.33108E-1,1.21003E+0,9.53628E-1,1.56960E+0,1.23446E+0,1.04030E+0,1.15353E+0,1.20721E+0,1.41236E+0,1.34734E+0,1.22673E+0,1.42822E+0,9.79320E-1,5.08919E-1,1.47401E+0,1.25766E+0,-4.33576E-2,1.34704E+0,8.47139E-1,4.86852E-1,-1.50013E-1,6.91154E-2,8.86110E-1,1.30610E-1,1.02609E+0,9.34772E-1,8.85151E-1,1.41028E+0,1.55814E+0,9.74870E-1,1.40306E+0,1.12378E+0,1.31690E+0,1.33403E+0,8.21253E-1,9.48316E-1,1.15341E+0,1.16444E+0,5.47105E-1,8.82607E-1,5.30523E-1,1.03514E+0,8.62050E-1,3.69687E-1,1.16933E+0,1.05156E+0,9.20477E-1,6.98505E-1,1.50120E+0,1.10328E+0,9.10336E-1,6.63030E-1,1.30255E+0,9.21284E-1,4.00452E-1,9.54240E-1,4.78952E-1,3.87432E-1,9.95816E-1,4.95467E-1,6.29887E-1,6.64272E-1,6.38295E-1,5.05605E-1,3.71615E-1,-9.90870E-2,5.22929E-1,1.77619E-2,6.44487E-1,6.01884E-1,1.12962E+0,-5.57896E-2,3.77759E-1,1.13178E+0,7.95172E-1,1.02588E+0,1.20370E+0,1.01951E+0,1.18861E+0,6.55308E-1,6.77612E-1,7.52170E-1
1.60621E+3,2.35683E-1,-6.40579E-2,6.17608E-2,-1.55855E-1,-1.28865E-1,3.37537E-2,-4.81325E-2,3.95768E-1,-1.86471E-1,-1.08459E-1,-1.76609E-1,1.75270E-1,-6.21199E-2,8.27345E-2,-5.44004E-2,-5.66673E-2,6.44308E-2,1.58492E-1,-2.39279E-1,4.41446E-2,-3.13832E-2,-2.52841E-1,-1.06734E-1,-2.33975E-1,-3.76187E-1,9.94840E-2,-2.41112E-1,9.95765E-2,3.83032E-1,-1.17408E-1,-2.41361E-2,6.26024E-2,2.36496E-1,4.22517E-1,1.39419E-1,2.02973E-1,5.09470E-2,1.09019E-1,6.25950E-1,5.56848E-1,3.76966E-1,3.48287E-1,6.00096E-1,3.18834E-1,3.32873E-1,4.54709E-1,4.68534E-1,4.25180E-1,6.73353E-2,2.78562E-1,4.76922E-1,5.79082E-1,1.65390E-1,5.54623E-1,4.70909E-1,5.28643E-1,5.41568E-1,6.09248E-1,3.55027E-1,6.09663E-2,5.95360E-1,5.12371E-1,1.91987E-1,3.57510E-1,4.27119E-1,5.92831E-1,5.51745E-1,7.75109E-1,3.72199E-1,6.19859E-1,5.54647E-1,6.44446E-1,3.04275E-1,3.54485E-1,4.60193E-1,6.77806E-2,4.52448E-1,9.32997E-1,3.36420E-1,5.12741E-1,7.71514E-1,5.90393E-1,3.77180E-1,7.96716E-1,1.17369E+0,7.66121E-1,1.39701E+0,9.40188E-1,1.13924E+0,1.15099E+0,1.05797E+0,7.29588E-1,1.08516E+0,1.59638E+0,1.19274E+0,7.28680E-1,1.08081E+0,9.49437E-1,5.59619E-1,1.36112E+0,1.01764E+0,2.28963E-1,1.23581E+0,9.53189E-1,4.60620E-1,1.97097E-1,5.43895E-1,5.26075E-1,-5.86736E-2,8.08189E-1,7.55772E-1,9.84449E-1,9.31995E-1,1.54889E+0,8.29525E-1,1.12604E+0,8.42365E-1,1.41571E+0,1.16725E+0,8.39552E-1,8.30772E-1,1.02169E+0,1.24144E+0,5.16534E-1,8.59549E-1,4.44743E-1,1.18783E+0,1.08418E+0,3.84099E-1,1.02742E+0,1.12025E+0,9.84186E-1,7.74527E-1,1.27562E+0,1.10418E+0,8.67237E-1,5.98294E-1,1.05845E+0,9.01327E-1,4.35730E-1,8.00374E-1,5.37877E-1,4.17988E-1,7.50410E-1,4.78839E-1,6.20329E-1,6.27023E-1,5.73509E-1,4.07133E-1,3.66381E-1,-1.12741E-1,4.03288E-1,3.39796E-2,6.42773E-1,5.38992E-1,1.23396E+0,-4.70845E-2,3.88238E-1,1.16180E+0,7.18556E-1,1.10134E+0,1.06139E+0,8.52827E-1,1.10861E+0,5.22985E-1,5.82584E-1,7.51293E-1
1.60977E+3,1.81931E-1,-1.98572E-2,7.62483E-2,1.81093E-2,-1.28983E-1,1.49784E-1,1.63361E-2,1.14330E-1,-1.15300E-1,-1.09352E-1,-1.19804E-1,-1.26714E-2,-8.31500E-3,-7.08046E-2,2.83485E-2,4.07750E-2,-9.27294E-2,-7.43406E-3,-2.91815E-1,-1.43211E-1,-2.94104E-2,-2.19519E-1,-9.48172E-2,-1.84732E-1,-2.67064E-1,1.04874E-2,-1.53002E-1,-2.49994E-2,-4.78830E-1,-9.11925E-2,-7.90824E-2,1.11501E-2,-6.31792E-2,-5.64866E-3,-1.64560E-1,-4.57407E-1,1.45571E-1,1.49859E-1,-9.96791E-1,-1.13002E+0,-2.62716E-2,-4.80035E-1,-8.37405E-1,-8.36182E-1,-9.65145E-1,-3.05569E-1,5.87549E-2,-9.26211E-1,-1.19487E-2,-5.48119E-1,-4.16405E-1,-3.53950E-1,-2.27435E+0,-2.46694E-1,-4.00613E-1,-2.18162E+0,1.25513E-1,1.65910E-1,-3.10367E-1,1.32287E-2,4.11666E-1,-2.28400E-1,6.25464E-2,2.23088E-1,8.25743E-2,1.25530E-1,1.79116E-1,2.83306E-2,2.92029E-1,-1.53797E-1,1.61275E-1,2.98595E-1,2.05263E-1,-3.10312E+0,2.94541E-1,1.04794E-1,1.60376E-1,-8.28865E-2,2.53251E-1,1.86572E-1,1.07483E-1,2.18598E-1,3.64256E-1,4.21845E-1,-4.26859E-1,4.20212E-1,-2.44400E-1,-8.67757E-1,-3.84580E-1,-7.79109E-3,-1.57571E-1,-2.27962E+0,-1.72713E+0,-1.23461E+0,-1.07210E+0,-2.00876E+0,-1.88199E+0,8.51701E-2,4.23935E-1,1.38403E-1,-1.89855E-1,-4.51198E-1,-2.97053E-1,4.42262E-1,3.23686E-1,-3.36808E+0,-4.78725E+0,-1.61863E+0,-4.06998E+0,-2.47445E-1,-1.67403E+0,-1.72429E+0,-5.21142E-1,-2.08392E-1,1.64395E-1,-1.35970E+0,-2.63374E+0,-2.61187E-1,4.91441E-1,3.89899E-1,1.68910E-1,6.18067E-1,-6.79845E-2,3.50528E-1,2.82136E-1,1.42647E-1,6.29141E-1,4.14779E-1,3.69267E-1,1.08898E-1,6.59805E-1,5.01765E-1,4.09893E-1,-1.77570E-1,2.89141E-1,2.13684E-1,4.45309E-1,9.39905E-2,4.88066E-1,4.07046E-1,6.95528E-2,3.07896E-1,2.25587E-1,-6.70938E-1,4.41502E-1,4.23765E-1,2.59456E-1,3.61939E-1,1.53759E-1,2.79748E-1,-9.06755E-2,2.05429E-1,9.31256E-2,3.48674E-1,1.98411E-1,4.31339E-1,9.74374E-4,-2.05608E-1,1.24308E-1,6.39460E-1,5.99882E-1,5.48566E-1,7.57203E-1,9.55588E-1,4.77338E-1,5.54054E-1,7.08554E-1
1.61332E+3,4.77942E-1,-3.54209E-1,1.57337E-1,-2.29115E-1,-2.73975E-1,-3.87478E-1,-2.04374E-1,1.99082E+0,-4.98779E-1,-5.55180E-1,-6.56195E-1,4.75884E-1,-1.92382E-1,6.03531E-1,-3.53827E-1,-7.43218E-2,1.00532E+0,8.30211E-1,2.17317E-1,6.55304E-1,-1.90201E-1,-4.91403E-1,1.19209E-1,2.06029E-1,-6.76767E-1,1.17248E+0,-6.87351E-1,6.54412E-1,5.77292E+0,-5.06905E-2,6.91340E-1,1.34505E+0,1.73366E+0,3.09667E+0,3.37506E+0,4.11618E+0,2.55154E-1,5.39507E-1,7.95906E+0,8.94930E+0,3.10129E+0,5.07949E+0,6.09006E+0,4.73138E+0,7.18967E+0,2.78464E+0,1.69923E+0,6.83845E+0,5.37093E-1,3.57770E+0,4.77513E+0,5.17556E+0,9.71774E+0,2.67014E+0,3.69948E+0,1.11096E+1,2.58242E+0,4.36686E+0,2.66990E+0,2.59552E-1,2.16260E+0,4.56765E+0,1.35827E+0,1.09440E+0,1.43656E+0,3.05358E+0,4.03807E+0,2.73456E+0,8.18721E-1,5.52735E+0,3.38525E+0,3.20851E+0,6.96727E-1,1.83476E+1,5.49134E-1,-1.23386E-1,6.82447E-1,3.34675E+0,1.22267E+0,1.75999E+0,3.12494E+0,1.19135E+0,3.23351E-1,1.71554E+0,6.46119E+0,2.00868E+0,8.77767E+0,8.27239E+0,9.27394E+0,7.12943E+0,7.04489E+0,1.44823E+1,1.22817E+1,1.11514E+1,1.09531E+1,1.35037E+1,1.28694E+1,5.90467E+0,3.68142E-1,5.03253E+0,7.71187E+0,5.69232E+0,9.29018E+0,1.81623E+0,1.01622E+0,1.47520E+1,2.08784E+1,1.15977E+1,1.75330E+1,8.50814E+0,1.24541E+1,1.10183E+1,7.15178E+0,8.18157E+0,3.42321E+0,1.21845E+1,1.36546E+1,1.19343E+1,5.48641E+0,3.12928E+0,3.68806E+0,2.88655E+0,5.57171E+0,1.65594E+0,1.87656E+0,8.38142E-1,4.32580E+0,5.34727E+0,1.09708E-1,3.07568E+0,3.10680E+0,2.24437E+0,1.63209E+0,7.91189E+0,3.80850E+0,2.81993E+0,9.02001E-1,4.43192E+0,1.44478E+0,6.41784E-1,3.63086E+0,1.01643E+0,4.46014E-1,7.82641E+0,5.37568E-1,8.03659E-1,1.70410E+0,1.67706E+0,1.47099E+0,2.45529E-1,-6.89868E-1,1.86206E+0,-5.56690E-1,2.49160E+0,1.44783E+0,4.25072E+0,-6.41246E-1,1.80652E+0,5.24789E+0,1.10183E+0,1.66024E+0,2.80931E+0,1.47473E+0,2.01757E+0,4.76003E-2,8.63335E-2,3.63876E-1
1.61688E+3,2.69297E-2,2.31226E-1,-8.84088E-2,1.89284E-1,1.10382E-1,2.53802E-1,2.24082E-1,-8.19120E-1,1.31158E-1,1.26114E-2,-1.58236E-1,1.75154E-2,1.14709E-1,-3.85550E-1,1.39614E-1,1.28903E-1,-6.68279E-1,-4.91638E-1,-4.54288E-1,-3.08098E-2,1.50157E-1,-5.85705E-2,-4.57055E-1,-3.54101E-1,-1.23761E-1,-4.62644E-1,1.52368E-1,-1.75664E-1,-1.90745E+0,-9.48994E-2,8.20105E-2,-5.46791E-1,-1.18135E-1,-8.60836E-1,-1.27614E+0,-1.90378E+0,2.43396E-1,-1.17959E-1,-4.08725E+0,-4.11701E+0,-1.72875E+0,-2.37693E+0,-3.15221E+0,-3.75176E+0,-3.03427E+0,-1.26317E+0,-1.04132E+0,-3.27751E+0,-3.05906E-1,-1.70869E+0,-1.86469E+0,-2.11080E+0,-3.81580E+0,-9.84949E-1,-1.63774E+0,-6.33686E+0,-8.55249E-1,-1.56728E+0,-1.51448E+0,-2.92404E-2,-1.99689E-1,-1.18519E+0,-2.79954E-1,-3.64623E-1,-3.30710E-1,-5.85105E-1,-1.42936E+0,-1.91355E+0,2.68331E-1,-2.63665E+0,-1.23534E+0,-1.57635E-1,-2.59594E-1,-8.96152E+0,-8.29912E-2,2.48426E-1,-6.22458E-1,-1.67483E+0,-1.56514E-2,-6.54696E-1,-7.09928E-1,2.27104E-1,2.44291E-1,6.44048E-2,-2.66137E+0,-1.59569E-1,-2.57351E+0,-3.58996E+0,-3.65541E+0,-2.66755E+0,-2.70536E+0,-6.53343E+0,-5.38811E+0,-6.18850E+0,-5.07340E+0,-6.19427E+0,-7.00356E+0,-1.75777E+0,3.51727E-1,-2.58443E+0,-2.20129E+0,-3.12121E+0,-3.14924E+0,2.14383E-2,-4.56819E-2,-6.44975E+0,-1.08481E+1,-7.08607E+0,-9.29484E+0,-3.97403E+0,-6.48086E+0,-3.74310E+0,-3.37554E+0,-2.85297E+0,-1.08160E-1,-5.07578E+0,-7.51660E+0,-4.35122E+0,-1.64526E+0,-1.18982E+0,-1.78214E+0,-4.71835E-1,-1.19971E+0,-1.99165E-1,-3.97495E-1,-5.83181E-2,-1.05602E+0,-2.28448E+0,4.92114E-1,-3.89311E-1,-4.57449E-1,-8.61238E-1,1.77105E-1,-3.67761E+0,-2.29913E+0,-8.40447E-1,5.99790E-1,-1.90970E+0,7.23281E-2,-1.86669E-2,-1.28148E+0,3.52528E-1,2.46681E-1,-3.05928E+0,1.29469E-1,4.98210E-2,-3.65983E-1,-1.72898E-1,-3.28420E-1,9.45463E-2,1.18341E-1,-5.49281E-1,2.38853E-1,-1.04945E+0,-2.31361E-1,-1.48147E+0,2.65012E-1,-4.45118E-1,-2.08722E+0,1.61333E-1,-1.22661E-1,-1.39776E-1,1.77001E-1,-7.14310E-1,5.36961E-1,4.49494E-1,5.52836E-1
1.62044E+3,7.65921E-2,-1.28498E-1,2.38221E-1,-2.52987E-1,-1.62269E-1,-7.23676E-2,3.80699E-2,7.92881E-1,-2.46655E-1,-2.09683E-1,-2.82593E-1,3.71487E-1,-2.30203E-1,1.33453E-1,-6.54481E-2,2.75525E-1,4.31329E-1,6.03395E-1,1.27285E-1,5.01157E-1,1.10932E-1,-2.74789E-1,1.78518E-1,3.40740E-2,-3.03960E-1,2.50349E-1,-3.58804E-1,9.84953E-2,1.80369E+0,-2.70066E-2,-4.47483E-2,6.01972E-2,6.43279E-1,5.94786E-1,1.30627E+0,1.09921E+0,2.47854E-2,4.06500E-1,3.13871E+0,2.38477E+0,1.10394E+0,1.51197E+0,2.09805E+0,1.86918E+0,1.71356E+0,1.11046E+0,9.14640E-1,2.34008E+0,4.01125E-1,1.34633E+0,1.71476E+0,1.42291E+0,3.12725E+0,1.27161E+0,1.25407E+0,2.98043E+0,9.48308E-1,1.54124E+0,1.29593E+0,-1.30372E-2,1.11881E+0,1.36700E+0,2.61511E-1,5.72638E-1,5.29757E-1,1.20138E+0,1.58512E+0,1.59547E+0,2.05135E-1,2.34900E+0,5.83941E-1,1.07396E+0,2.44443E-1,5.38031E+0,2.69426E-1,8.28219E-2,7.74012E-1,1.75188E+0,6.50938E-1,1.02794E+0,1.04658E+0,5.96497E-1,3.12016E-1,7.24004E-1,2.31822E+0,6.04422E-1,3.25730E+0,2.92948E+0,3.53695E+0,2.52367E+0,2.30317E+0,4.59742E+0,4.01688E+0,3.47228E+0,4.01754E+0,4.09469E+0,3.98374E+0,1.76910E+0,4.98668E-1,2.83579E+0,2.99303E+0,1.46678E+0,3.29955E+0,7.78142E-1,4.96813E-1,4.68083E+0,7.06312E+0,4.09403E+0,5.00499E+0,2.74939E+0,3.79669E+0,3.53774E+0,2.92333E+0,3.22337E+0,1.46812E+0,4.06019E+0,4.23394E+0,3.65040E+0,1.84187E+0,1.06836E+0,9.36128E-1,1.37678E+0,2.13729E+0,9.08268E-1,9.33521E-1,4.25076E-1,1.64174E+0,1.96773E+0,7.21466E-2,1.69991E+0,1.07140E+0,1.16425E+0,7.01008E-1,2.81072E+0,1.81643E+0,1.35389E+0,4.09511E-1,1.96231E+0,7.85514E-1,4.67359E-1,1.23275E+0,2.05244E-1,2.92060E-1,2.39545E+0,3.68114E-1,4.30507E-1,9.86977E-1,7.79314E-1,4.60450E-1,1.57632E-1,-3.63459E-1,5.06714E-1,-2.47494E-1,1.10086E+0,7.85250E-1,1.55605E+0,-2.55917E-1,6.47141E-1,2.14680E+0,7.62116E-1,1.28315E+0,1.30041E+0,6.25124E-1,1.37889E+0,2.88951E-1,1.95659E-1,4.67597E-1
1.62400E+3,2.33685E-1,-2.33487E-1,7.98970E-2,-8.53488E-2,-1.92182E-1,-3.86811E-2,-6.03164E-2,4.55175E-1,-2.84536E-1,-1.69022E-1,-2.04694E-1,3.07288E-1,-1.05329E-1,1.88194E-1,1.09357E-1,1.91945E-1,3.29136E-1,5.79247E-1,9.21317E-2,2.82609E-1,-4.48185E-2,-1.58796E-1,1.71961E-1,-4.85619E-3,-2.56663E-1,1.78727E-1,-3.29242E-1,8.52609E-2,1.89875E+0,-6.49957E-2,9.82956E-2,5.53838E-2,3.48079E-1,7.39540E-1,6.46017E-1,1.18347E+0,5.83703E-2,2.33645E-1,2.59058E+0,2.12922E+0,1.01926E+0,1.00419E+0,1.52543E+0,1.53487E+0,1.94084E+0,1.19577E+0,8.32536E-1,2.29790E+0,2.27907E-1,8.06685E-1,1.36108E+0,9.09761E-1,2.44896E+0,1.05954E+0,1.26071E+0,3.39407E+0,8.93506E-1,1.28858E+0,1.37363E+0,4.89364E-2,6.48629E-1,1.26096E+0,3.71709E-1,4.05531E-1,3.77583E-1,9.30014E-1,1.00336E+0,8.07064E-1,5.85042E-2,1.44619E+0,8.65201E-1,8.85999E-1,2.50399E-1,3.72575E+0,2.24283E-1,-1.46821E-1,1.65684E-1,1.22123E+0,2.12062E-1,7.61041E-1,9.32248E-1,4.98894E-1,1.99036E-1,1.02522E+0,1.80268E+0,6.08022E-1,2.40119E+0,2.19496E+0,2.77614E+0,1.76921E+0,2.62735E+0,4.27596E+0,3.36936E+0,2.81727E+0,2.83912E+0,3.72866E+0,3.42298E+0,1.36935E+0,9.20101E-2,1.68629E+0,2.08018E+0,1.27606E+0,2.89067E+0,9.03382E-1,2.61781E-1,3.53947E+0,6.32674E+0,3.28608E+0,4.70750E+0,2.25157E+0,3.09985E+0,3.33572E+0,2.60862E+0,2.31166E+0,1.17126E+0,3.74002E+0,4.27187E+0,2.73750E+0,1.59692E+0,1.11300E+0,1.14590E+0,1.11077E+0,1.45579E+0,6.80306E-1,7.52853E-1,3.67153E-1,1.07532E+0,1.40255E+0,1.36944E-2,1.31680E+0,1.17168E+0,6.16854E-1,5.51796E-1,2.41460E+0,1.46894E+0,9.40093E-1,3.37576E-1,1.63456E+0,5.71189E-1,-5.57042E-3,1.10434E+0,1.14225E-1,4.40137E-1,2.17029E+0,2.29433E-1,4.23379E-1,8.17389E-1,3.77216E-1,7.01098E-1,2.32622E-3,-3.61348E-1,3.32497E-1,-2.91044E-1,8.30986E-1,6.22043E-1,1.36565E+0,-3.31207E-1,4.79165E-1,1.79080E+0,6.26693E-1,1.05674E+0,1.34050E+0,8.00317E-1,9.12432E-1,2.14072E-1,1.93006E-1,3.27585E-1
1.62756E+3,4.12223E-1,-1.57796E-1,1.47775E-1,-7.10909E-2,-1.93383E-1,-2.64476E-2,-2.33567E-1,5.30892E-1,-3.37914E-1,-5.64403E-2,-2.95586E-1,5.81384E-2,-5.79619E-2,1.95846E-1,8.53120E-2,3.46076E-1,4.25170E-1,6.66069E-1,3.11582E-1,4.60150E-1,1.26791E-1,-3.81784E-2,1.41838E-1,5.52274E-2,-1.37664E-1,5.61038E-1,-2.05155E-1,2.46706E-1,1.39130E+0,-3.46359E-2,-5.68907E-2,2.34816E-1,6.47357E-1,9.09606E-1,9.31490E-1,1.22891E+0,-9.65570E-2,2.21543E-1,2.08353E+0,2.04725E+0,8.80561E-1,1.67877E+0,1.83454E+0,1.41884E+0,1.76415E+0,1.04024E+0,4.98108E-1,1.52974E+0,2.11431E-1,7.11371E-1,1.03872E+0,1.33423E+0,2.05936E+0,1.01454E+0,1.12092E+0,2.45856E+0,6.75958E-1,1.10551E+0,8.70259E-1,2.79633E-2,1.06196E+0,1.11938E+0,3.72089E-1,5.52805E-1,5.10843E-1,8.15191E-1,1.23885E+0,1.10873E+0,2.65995E-1,1.95800E+0,7.33760E-1,8.29503E-1,2.13750E-1,4.04982E+0,1.75160E-1,-1.65872E-1,2.94852E-1,1.32840E+0,2.01734E-1,5.53318E-1,9.25732E-1,5.24450E-1,2.52124E-1,8.30828E-1,2.04286E+0,6.99492E-1,2.15142E+0,1.83348E+0,2.36173E+0,1.74700E+0,1.81680E+0,2.90654E+0,2.70413E+0,2.85016E+0,2.30463E+0,3.29138E+0,3.01528E+0,1.50833E+0,2.82877E-1,1.46951E+0,2.10834E+0,1.23976E+0,2.56615E+0,5.95423E-1,4.29467E-1,2.87903E+0,4.59729E+0,3.19263E+0,3.79930E+0,2.20185E+0,2.85261E+0,2.76590E+0,2.64749E+0,1.98774E+0,1.37440E+0,2.95674E+0,4.10242E+0,2.33178E+0,1.64286E+0,8.98562E-1,1.05638E+0,9.95969E-1,1.43990E+0,6.19535E-1,3.94740E-1,3.46165E-1,1.12759E+0,1.54588E+0,-2.89121E-2,1.11846E+0,8.89162E-1,7.26859E-1,6.39335E-1,1.87334E+0,1.33716E+0,1.08129E+0,1.51881E-1,1.59132E+0,5.19778E-1,3.69662E-1,9.83337E-1,3.14062E-1,1.14684E-1,2.15959E+0,2.09209E-1,5.29565E-1,7.00027E-1,5.27957E-1,5.42692E-1,2.25083E-2,-3.94243E-1,4.99792E-1,-2.16391E-1,7.77075E-1,8.04293E-1,1.40747E+0,-3.14535E-1,5.33749E-1,1.85082E+0,5.53331E-1,8.62904E-1,1.08070E+0,5.85830E-1,1.13597E+0,6.29527E-2,1.75704E-1,4.41057E-1
1.63111E+3,4.23305E-1,-1.33243E-1,2.01253E-1,-2.69603E-1,-8.78962E-2,-1.29282E-1,-1.06065E-1,6.98893E-1,-3.39175E-1,-2.15526E-1,-1.43558E-1,2.63630E-1,-1.11305E-1,1.39160E-2,-6.53442E-2,2.47857E-1,4.70991E-1,5.76336E-1,1.22459E-1,3.55803E-1,6.74680E-2,-5.09684E-2,2.13858E-1,6.46257E-2,-9.18077E-2,3.15890E-1,-3.98924E-1,7.40128E-2,1.26988E+0,-1.64440E-2,-2.89084E-2,1.43154E-1,2.77508E-1,5.80397E-1,5.34304E-1,9.98476E-1,-9.49384E-2,2.88843E-1,1.81749E+0,1.50797E+0,7.59652E-1,1.03026E+0,1.15974E+0,1.11260E+0,1.15849E+0,8.16947E-1,5.02026E-1,1.35346E+0,1.22888E-1,6.03663E-1,1.04727E+0,9.22297E-1,1.48096E+0,6.58042E-1,7.26702E-1,1.79757E+0,7.37362E-1,1.08946E+0,7.59438E-1,-1.71430E-1,4.97476E-1,7.61315E-1,2.16089E-1,3.16851E-1,3.34573E-1,7.04739E-1,9.62689E-1,8.27574E-1,1.43960E-1,1.43468E+0,7.13902E-1,6.87260E-1,1.34352E-1,2.81903E+0,2.05389E-1,-1.28276E-1,2.80768E-1,8.90714E-1,4.62648E-2,4.09396E-1,8.07486E-1,4.14098E-1,-2.59774E-2,5.70046E-1,1.27604E+0,6.91660E-1,1.71727E+0,1.30440E+0,1.93580E+0,1.47641E+0,1.48567E+0,2.03999E+0,2.12666E+0,1.99119E+0,2.09942E+0,2.21799E+0,2.07748E+0,9.87822E-1,1.90144E-1,1.56131E+0,1.67859E+0,6.69407E-1,2.00089E+0,6.80641E-1,3.56444E-1,1.93744E+0,3.00350E+0,2.04256E+0,2.59629E+0,1.73925E+0,2.06935E+0,2.06859E+0,1.86725E+0,1.73074E+0,8.85703E-1,2.39253E+0,2.46917E+0,2.08530E+0,1.26156E+0,7.73131E-1,9.97304E-1,9.52080E-1,1.03135E+0,6.87228E-1,5.85113E-1,1.98208E-1,1.03972E+0,1.00724E+0,-5.72649E-2,9.52354E-1,8.67103E-1,8.08377E-1,3.56311E-1,1.61462E+0,1.00763E+0,8.29379E-1,4.36428E-2,1.13937E+0,6.05887E-1,-2.19167E-3,8.67865E-1,3.03388E-1,2.01232E-1,1.48566E+0,2.30207E-1,2.23467E-1,6.70036E-1,5.66717E-1,3.13985E-1,-4.59354E-2,-5.19704E-1,3.53493E-1,-2.38760E-1,7.78272E-1,4.00758E-1,9.84469E-1,-3.58268E-1,3.69933E-1,1.46201E+0,5.12114E-1,9.86047E-1,1.08143E+0,3.68858E-1,1.14063E+0,-2.17540E-2,1.85318E-1,3.06578E-1
file info:Date: March 26, 2026
Sample: 
Solvent: 
Pump energy (uJ): 
Pump wavelength (nm): 
Cuvette length (mm): 2
Comments: Time Zero: 1189.860 ps
Averaging time: 1.0 s
Number of scans: 2
Measurement time: 00:14:25
Mar 31, 2026 9:00 AM : Background subtracted. Spectra used: 15
Mar 31, 2026 9:00 AM : Data saved.
Apr 7, 2026 2:52 PM : Data saved.
Time units: ps
Z axis title: dA