0.00000E+0,0.00000E+0,1.20000E-2,2.40000E-2,3.60000E-2,4.80000E-2,6.00000E-2,7.20000E-2,8.40000E-2,9.60000E-2,1.08000E-1,1.20000E-1,1.32000E-1,1.44000E-1,1.56000E-1,1.68000E-1,1.80000E-1,1.92000E-1,2.04000E-1,2.16000E-1,2.28000E-1,2.40000E-1,2.52000E-1,2.64000E-1,2.76000E-1,2.88000E-1,3.00000E-1,3.12000E-1,3.24000E-1,3.36000E-1,3.48000E-1,3.60000E-1,3.72000E-1,3.84000E-1,3.96000E-1,4.08000E-1,4.20000E-1,4.32000E-1,4.44000E-1,4.56000E-1,4.68000E-1,4.80000E-1,4.92000E-1,5.04000E-1,5.16000E-1,5.28000E-1,5.40000E-1,5.52000E-1,5.64000E-1,5.76000E-1,5.88000E-1,6.00000E-1,6.12000E-1,6.24000E-1,6.36000E-1,6.48000E-1,6.60000E-1,6.72000E-1,6.84000E-1,6.96000E-1,7.08000E-1,7.20000E-1,7.32000E-1,7.44000E-1,7.56000E-1,7.68000E-1,7.80000E-1,7.92000E-1,8.04000E-1,8.16000E-1,8.28000E-1,8.40000E-1,8.52000E-1,8.64000E-1,8.76000E-1,8.88000E-1,9.00000E-1,9.12000E-1,9.24000E-1,9.36000E-1,9.48000E-1,9.60000E-1,9.72000E-1,9.84000E-1,9.96000E-1,1.03100E+0,1.06600E+0,1.10100E+0,1.13600E+0,1.17100E+0,1.20600E+0,1.24100E+0,1.27600E+0,1.31100E+0,1.34600E+0,1.38100E+0,1.41600E+0,1.45100E+0,1.48600E+0,1.52100E+0,1.55600E+0,1.59100E+0,1.62600E+0,1.66100E+0,1.69600E+0,1.73100E+0,1.76600E+0,1.80100E+0,1.83600E+0,1.87100E+0,1.90600E+0,1.94100E+0,1.97600E+0,2.01100E+0,2.04600E+0,2.08100E+0,2.11600E+0,2.15100E+0,2.18600E+0,2.22100E+0,2.25600E+0,2.29100E+0,2.32600E+0,2.36100E+0,2.39600E+0,2.43100E+0,2.46600E+0,2.50100E+0,2.53600E+0,2.57100E+0,2.60600E+0,2.64100E+0,2.67600E+0,2.71100E+0,2.74600E+0,2.78100E+0,2.81600E+0,2.85100E+0,2.88600E+0,2.92100E+0,2.95600E+0,2.99100E+0,3.09100E+0,3.19100E+0,3.29100E+0,3.39100E+0,3.49100E+0,3.59100E+0,3.69100E+0,3.79100E+0,3.89100E+0,3.99100E+0,4.09100E+0,4.19100E+0,4.29100E+0,4.39100E+0,4.49100E+0,4.59100E+0,4.69100E+0,4.79100E+0,4.89100E+0,4.99100E+0,5.49100E+0,5.99100E+0,6.49100E+0,6.99100E+0,7.49100E+0,7.99100E+0
7.45800E+2,-7.20448E-2,-2.03694E-2,-4.94817E-2,1.17344E-1,1.94269E-2,1.60253E-1,-7.09197E-2,-4.49576E-2,-3.81877E-2,-4.24949E-2,-9.32131E-2,-6.06228E-2,2.63009E-2,7.37800E-2,9.51872E-2,1.92788E-3,-4.17217E-3,-1.22107E-1,-5.36120E-2,2.20069E-2,6.40082E-2,1.23360E-3,-8.03481E-2,1.35574E-1,6.52265E-2,8.61002E-2,5.67974E-3,6.89505E-2,3.66036E-2,-1.56879E-1,7.57470E-2,1.29099E-1,4.61840E-2,1.26526E-1,2.59556E-2,3.85696E-2,-2.47640E-2,-5.65206E-2,-3.33140E-2,1.77534E-1,2.09792E-2,1.46736E-1,7.34003E-2,8.56641E-2,-1.03998E-1,-2.47367E-2,1.08628E-1,-7.09455E-2,-5.16540E-2,4.87249E-2,-4.98691E-2,-1.57151E-1,-5.39987E-2,-6.23774E-2,-1.08287E-1,-1.18123E-1,4.60377E-2,-7.38898E-2,-9.85430E-2,-6.16476E-2,-1.29709E-1,-1.78394E-1,-3.73146E-2,-6.05186E-2,-1.55440E-1,-1.73753E-1,-7.43952E-2,-7.74985E-2,-3.34529E-2,-6.05897E-2,-1.05373E-1,-1.21308E-2,4.44708E-2,9.73828E-3,1.32183E-2,1.66683E-2,7.55185E-2,-5.12777E-2,-1.16812E-1,9.10868E-2,1.04257E-1,-4.95328E-2,-3.89718E-2,4.06193E-2,1.36973E-1,-1.15938E-1,4.58263E-2,3.24121E-2,1.88319E-1,-2.81765E-3,-4.65069E-2,2.25939E-3,1.65330E-1,-8.70798E-2,-3.59694E-2,-3.71381E-3,5.46756E-2,8.65535E-2,2.16988E-1,-8.81519E-2,4.63630E-2,9.45625E-2,7.70671E-3,-3.48552E-2,4.07081E-2,-1.56976E-2,9.04803E-2,3.76892E-2,6.76005E-2,-1.18122E-1,5.43665E-3,1.55554E-1,2.75642E-2,-2.79579E-2,2.06508E-1,-1.55902E-2,1.33640E-1,1.43094E-2,5.89875E-2,-8.53381E-2,-4.07961E-2,5.45749E-2,6.04083E-2,1.01209E-2,1.40321E-1,2.40034E-2,1.28843E-1,-9.75306E-2,8.13342E-2,-3.02892E-2,2.28711E-2,4.86993E-3,4.42264E-2,7.75617E-2,4.12469E-2,4.15878E-2,-9.97317E-2,4.96524E-2,1.67636E-1,1.51714E-1,1.57581E-1,1.05877E-1,5.44385E-2,1.23221E-2,7.20715E-2,1.13399E-1,2.31371E-1,1.51697E-1,1.38263E-1,1.89457E-1,1.13891E-1,1.62882E-1,-1.09324E-2,1.19887E-1,1.48533E-1,1.99642E-3,-3.33677E-2,1.06010E-1,-9.13612E-2,9.15976E-2,1.34775E-3,-5.47842E-3,9.37682E-3,-9.31948E-2,-3.77118E-2,1.80857E-1,1.62501E-2
7.49184E+2,-9.58310E-2,-4.04595E-2,-1.49117E-2,-2.27710E-1,-1.31373E-1,-1.60977E-1,-3.19651E-2,-9.03640E-2,9.31311E-2,1.63711E-2,1.71069E-1,1.80017E-1,-1.57027E-2,4.57757E-1,-1.09052E-1,1.41398E-1,-9.51821E-2,4.11939E-2,-8.06079E-2,6.61157E-2,9.66630E-2,3.72773E-2,1.19321E-2,-1.71819E-1,-9.19172E-3,-3.84635E-2,-1.61438E-2,-6.42648E-3,-4.52296E-2,-1.73393E-1,-9.06904E-2,-7.16190E-2,2.79819E-2,-3.56880E-2,4.17081E-2,-2.55711E-1,-1.37109E-3,-1.54942E-1,7.30765E-2,1.10393E-2,-1.57800E-1,-1.36301E-1,-1.52915E-2,2.23032E-1,2.21290E-1,3.62347E-1,9.97777E-2,1.22728E-2,-3.88875E-2,-1.29487E-2,-3.76434E-2,-4.54234E-2,1.19416E-1,-7.94438E-2,-9.99544E-2,-7.15771E-2,2.19493E-1,4.37449E-2,1.37185E-1,1.45231E-1,3.12926E-1,-2.51314E-1,1.06609E-2,1.75587E-1,-9.16870E-2,1.03669E-1,-4.47491E-2,-4.34916E-2,8.62869E-3,1.07033E-1,1.33407E-1,6.29573E-2,-1.33574E-1,-1.12592E-1,-6.58668E-2,1.08673E-1,-1.79763E-1,1.67406E-2,-1.02103E-1,1.07808E-1,-2.51109E-2,2.15472E-2,5.27252E-4,-1.22825E-1,-1.71753E-1,-2.00244E-1,-1.98443E-1,-2.25557E-1,1.79208E-2,-1.97711E-1,2.74821E-2,-1.97578E-1,-1.59855E-1,-9.89164E-2,6.97309E-3,-3.99547E-1,2.82613E-2,-8.03509E-2,-1.56085E-1,-2.96144E-1,-2.80149E-1,-3.38626E-1,-1.86078E-1,-2.66732E-1,-3.35840E-1,-3.32932E-2,-1.59110E-1,-1.95089E-1,3.48204E-2,-2.79955E-1,-1.92131E-1,-4.64195E-1,-4.17635E-1,-1.46202E-1,-4.08029E-1,-1.86999E-1,1.71494E-1,1.95384E-2,-2.78538E-1,-1.84009E-1,-1.20952E-1,-2.96851E-1,-3.01329E-1,9.75227E-3,-2.06198E-1,-1.70133E-1,-7.41689E-2,-1.94361E-1,-2.96572E-2,-2.56759E-1,-8.65632E-2,-2.26413E-1,-1.24960E-1,-1.96010E-1,-2.04780E-1,-2.58701E-1,-2.68627E-1,-2.44078E-1,-1.06585E-1,-1.64738E-1,-4.98323E-1,-4.68245E-1,-3.05072E-1,-2.47722E-1,-3.50592E-1,-2.03668E-1,-4.97928E-1,-9.04966E-2,-4.09098E-1,-5.81523E-1,-2.75230E-1,-1.73561E-1,-4.40976E-1,-5.30418E-1,-2.89930E-1,-1.15935E-1,-3.20464E-1,-1.27751E-1,-2.43763E-1,-1.94811E-1,-8.44763E-2,-2.91251E-1,-2.91821E-1,-2.57253E-1,-2.48980E-1,-5.01373E-1,-2.65197E-1
7.52569E+2,-1.01757E-1,1.22498E-1,3.40952E-2,-7.44781E-2,-1.12344E-1,-1.17557E-1,1.35689E-1,-9.31520E-2,-1.12237E-1,8.70299E-2,3.35798E-2,1.71146E-1,2.36286E-2,6.19362E-2,-5.80796E-2,2.78433E-1,8.00192E-2,2.68098E-1,8.97652E-2,1.06073E-1,-2.44982E-2,1.31667E-1,-5.15888E-2,2.87553E-2,6.73982E-2,-3.62955E-2,7.28209E-2,5.29245E-2,2.97117E-2,2.30911E-3,-1.65248E-2,-3.49269E-2,-6.21091E-2,1.14079E-2,8.36134E-2,-4.98345E-2,7.16420E-2,-2.00432E-1,-3.40055E-3,-5.08330E-2,-1.30836E-1,-1.36597E-1,8.08888E-2,1.52598E-1,2.43833E-1,1.54778E-1,7.54660E-2,9.16519E-2,-1.31047E-1,8.99752E-2,-3.37511E-2,1.20170E-1,1.01230E-2,1.33751E-1,-1.10826E-2,1.47657E-1,1.39242E-2,-4.66512E-2,8.49717E-2,2.52920E-1,2.20737E-1,4.28447E-2,1.84597E-1,1.34786E-1,-7.16291E-2,8.52204E-2,1.79455E-1,1.06762E-1,5.22058E-2,1.58850E-1,-1.13777E-1,1.10042E-1,-6.22934E-2,-8.68441E-2,-1.86109E-1,6.26474E-2,5.45090E-2,-7.78036E-2,-1.18722E-2,6.83683E-2,-3.98757E-2,-2.49813E-1,1.46138E-1,5.05412E-2,-1.03442E-1,-1.32687E-1,-7.01190E-2,-1.33950E-1,-2.61773E-2,1.87451E-1,2.19849E-2,-1.42431E-1,-3.78394E-2,-9.28757E-2,2.75341E-2,-1.58797E-1,-5.64071E-2,-2.29657E-1,5.86995E-2,-1.34533E-1,-1.86985E-1,-1.79098E-1,-2.05820E-2,-2.32040E-1,-2.13152E-1,5.82094E-2,-1.67074E-1,-2.64013E-1,-1.66495E-2,-2.18776E-1,-1.31798E-1,-1.33138E-1,-2.39357E-1,-3.78878E-2,-4.45993E-1,-1.51784E-1,-2.10643E-1,5.55569E-3,-9.20667E-2,-1.44090E-1,-2.18709E-1,8.68920E-3,-2.81549E-1,4.50909E-2,-1.14772E-1,1.62475E-2,-2.14742E-1,-1.07657E-1,-2.38684E-1,4.05805E-2,-1.61984E-1,5.49863E-2,-1.89764E-1,-1.15957E-1,-3.21918E-1,-3.79047E-1,-1.70183E-1,-4.11730E-1,-1.14961E-1,-8.02215E-2,-3.58957E-1,-2.68953E-1,-3.18602E-1,-2.71671E-1,-2.85217E-1,-1.26435E-1,-5.62042E-1,-1.34543E-1,-3.67700E-1,-4.27797E-1,-4.14323E-1,-2.72325E-1,-8.65087E-2,-6.00248E-1,-1.59063E-1,-3.19581E-1,-2.01776E-1,-7.44762E-2,-1.80841E-1,-2.54867E-1,-1.20710E-1,-1.51997E-1,2.60646E-2,-2.26749E-1,-1.32246E-1,-2.53369E-1,-3.74501E-1
7.55955E+2,-5.86409E-2,9.11812E-3,5.71134E-2,1.12282E-2,-1.98206E-2,-5.23668E-2,2.54466E-2,-1.27036E-2,5.31983E-2,-4.99888E-2,4.72642E-2,3.10529E-2,-1.50436E-1,1.07356E-1,2.17905E-3,8.14534E-2,3.61487E-2,5.43126E-2,-1.18413E-1,2.01102E-2,-1.49566E-2,4.76600E-2,8.11743E-3,-9.82734E-2,-1.52923E-2,1.28366E-2,5.49178E-4,-1.26683E-2,-3.83340E-2,-6.52980E-2,-3.79035E-2,-6.43042E-2,6.49573E-2,-1.75998E-2,-2.73105E-3,-9.19709E-2,-5.74173E-3,-4.32493E-2,-5.96941E-2,-8.98364E-2,-1.48361E-2,-1.19192E-1,1.55110E-2,3.59498E-2,2.29018E-3,1.17093E-1,4.84482E-2,6.40984E-2,-1.37692E-2,3.20265E-2,-2.81234E-2,-2.03679E-2,-3.62189E-2,-5.69157E-2,-8.72030E-2,3.92794E-2,-6.34187E-3,-2.29437E-3,5.68045E-2,-1.73182E-2,1.46605E-1,9.14722E-3,2.98629E-2,4.31467E-2,1.75913E-2,5.54689E-2,5.94613E-2,1.73011E-2,-2.90785E-2,7.37703E-2,5.05612E-2,1.94502E-3,3.47327E-2,-9.91887E-2,-2.40719E-2,-8.73535E-2,1.09786E-2,4.33369E-3,-4.75205E-2,4.04105E-2,-6.85581E-2,-1.21687E-1,1.70711E-2,8.14407E-2,-5.75584E-2,-3.58136E-2,-2.63854E-2,-1.35125E-1,-5.62423E-2,-3.38000E-2,-9.54535E-3,-1.14392E-1,1.38432E-2,2.79086E-2,-8.89760E-2,-1.39406E-1,2.16160E-2,-1.62133E-1,-8.71940E-2,-1.78635E-1,-1.69970E-1,-1.14153E-1,-2.35359E-2,-6.94119E-2,-1.09692E-1,-2.86532E-2,-9.00143E-2,-9.58776E-2,-1.05959E-1,-5.02825E-2,-1.26575E-1,-1.07333E-1,-1.84739E-1,-1.10217E-1,-1.74693E-1,-9.71417E-2,-1.43447E-2,-1.54614E-1,-1.33234E-1,-1.80578E-1,-1.32629E-1,-4.60860E-2,-1.20057E-1,3.47665E-2,-1.51508E-1,-1.24977E-1,-4.15045E-2,-1.28799E-1,-9.76787E-2,-3.61570E-2,-1.03095E-1,-8.92079E-2,-1.15110E-1,-1.36013E-1,-1.31454E-1,-1.20613E-1,-1.13524E-1,-2.11885E-1,-9.69311E-2,-1.40765E-1,-2.65140E-1,-1.86436E-1,-2.35443E-1,-2.06936E-1,-1.37101E-1,-6.00177E-2,-2.28898E-1,-1.24328E-1,-1.76518E-1,-1.97512E-1,-1.71044E-1,-1.22423E-1,-1.40608E-1,-1.91660E-1,-1.21342E-1,-1.23664E-1,-1.92859E-1,-1.19295E-1,-8.91231E-2,-2.16597E-1,1.75286E-2,-8.66893E-2,-1.25605E-1,-1.12060E-1,-8.20689E-2,-2.12764E-1,-9.47143E-2
7.59341E+2,1.29114E-2,7.39975E-3,4.60523E-2,2.78648E-2,-2.11297E-2,-6.39296E-2,7.90733E-2,-8.11852E-2,-5.72050E-3,-3.52658E-2,-4.33362E-2,-6.55836E-4,-3.72653E-2,1.35708E-1,-2.05217E-2,1.08985E-1,-1.43579E-2,-5.35704E-2,-2.14321E-2,6.04112E-2,1.38307E-2,8.06343E-2,3.60029E-2,3.36140E-3,2.75717E-2,6.49363E-2,2.64056E-2,2.20158E-2,-2.45936E-2,-8.32344E-3,-4.62680E-2,-1.15008E-2,2.24644E-2,7.01135E-2,4.34965E-2,-5.34037E-2,6.25874E-2,9.95776E-3,-4.71341E-2,6.68317E-2,7.82545E-3,-3.44572E-2,-2.48771E-2,4.38750E-2,1.06469E-2,1.04995E-1,7.32333E-3,5.38646E-2,1.73119E-2,1.11572E-1,1.24908E-2,4.51775E-2,1.45301E-2,-7.20915E-2,-1.84586E-2,-5.38606E-3,2.11709E-2,2.72116E-2,4.30222E-2,3.71484E-2,4.65164E-2,-1.59141E-2,8.34000E-2,1.41527E-2,4.78942E-3,2.53294E-2,8.52338E-2,2.01861E-2,7.99950E-3,5.24828E-2,-2.37520E-2,5.37727E-2,2.42265E-2,9.18582E-3,5.50199E-2,2.03141E-2,-1.56486E-3,3.78165E-2,9.06920E-3,2.42325E-2,2.37396E-2,-3.77370E-2,-9.41800E-3,-2.42743E-2,-4.02075E-2,-3.67291E-2,-2.31374E-2,3.34221E-2,3.55209E-3,1.46299E-2,-3.54716E-2,2.31154E-2,7.36562E-2,4.46298E-2,3.35885E-2,-3.87715E-2,-5.39829E-2,1.10075E-2,-5.77878E-2,-7.69825E-2,-3.19811E-2,-2.97266E-2,1.46028E-2,-3.20998E-2,-7.27381E-2,-3.06492E-2,1.35353E-2,-1.34096E-2,-2.88540E-2,-1.57252E-2,-1.41806E-2,-3.80191E-2,-8.55833E-2,-2.73710E-2,-1.24079E-1,-9.92765E-2,-2.10434E-2,-2.60260E-2,-3.98061E-2,-3.17795E-2,-3.43030E-2,-4.33385E-2,2.12712E-2,-1.06327E-1,-8.57433E-2,-6.28576E-2,-7.89344E-2,-5.73142E-2,-3.59857E-2,-8.88579E-2,-9.83701E-2,-6.92553E-2,-3.68580E-2,-2.95489E-2,-8.94214E-2,-7.07053E-2,-1.00218E-1,-1.14810E-1,-1.07000E-1,-1.74346E-1,-5.70910E-2,-1.63592E-1,-1.22691E-1,-1.36440E-1,-1.23752E-1,-1.61269E-1,-1.58008E-1,-6.05351E-2,-7.16371E-2,-1.41329E-1,-1.25540E-1,-1.31381E-1,-9.79704E-2,-2.24054E-1,-1.08961E-1,-5.02364E-2,-1.38452E-1,-5.42479E-3,-2.68419E-2,-4.27606E-2,2.09166E-2,-9.35534E-2,-1.08067E-1,-1.11259E-1,-5.07741E-2,2.83418E-2,-7.08600E-2
7.62729E+2,-7.36208E-2,-3.48799E-2,7.04414E-2,6.23043E-3,6.03583E-3,-8.70675E-2,4.59391E-2,-1.04661E-1,-3.65276E-2,-1.30899E-2,2.07807E-2,4.18812E-2,9.10504E-3,1.49255E-1,1.77976E-4,9.40029E-2,-8.70704E-3,-3.58477E-2,3.29408E-2,7.84197E-2,-5.57498E-2,5.60781E-2,2.85589E-2,-4.71480E-2,-2.18854E-2,-3.67549E-2,1.45575E-2,-3.60852E-2,-1.29325E-1,-2.36854E-2,-1.86127E-2,-1.99771E-2,4.11085E-2,-3.19985E-2,-1.93045E-2,-4.56937E-2,4.55615E-2,-8.38712E-2,-7.22961E-3,-6.81921E-2,-1.99974E-2,-5.38064E-2,2.13199E-3,1.20359E-1,9.60260E-2,1.75917E-2,9.35237E-2,6.86180E-2,-9.33780E-3,2.80539E-2,-8.16679E-2,8.72343E-2,-7.85915E-2,-3.48293E-2,-4.87098E-2,-1.19028E-2,-3.21169E-2,-5.39187E-2,7.14800E-2,9.83195E-3,5.90093E-2,-3.87236E-2,8.46685E-3,7.05825E-3,-4.30996E-2,-5.23432E-2,6.57308E-2,-2.71740E-2,-2.95455E-2,-5.00218E-2,1.02554E-2,-2.03339E-2,-3.81954E-2,-5.82523E-2,-1.12345E-1,1.35226E-3,-3.29506E-3,1.05249E-2,1.57480E-2,-3.57899E-2,-5.56843E-2,-5.45585E-2,4.22216E-2,-1.74856E-2,-5.89720E-2,-6.21054E-2,-9.65676E-2,-3.87462E-2,-4.74954E-2,-4.35902E-2,-6.30915E-3,-6.89779E-2,-3.10761E-2,-4.23636E-2,-3.68718E-2,-1.60654E-1,-1.81078E-2,-4.53852E-2,-1.62651E-1,-8.42107E-2,-1.10599E-1,-5.96868E-2,-2.67294E-4,-1.26130E-1,-9.44418E-2,-1.65313E-1,-2.15633E-2,-1.66142E-1,-1.12221E-1,-5.42932E-2,-1.38683E-1,-9.70724E-2,-1.39660E-1,-8.67589E-2,-1.73610E-1,-1.33872E-1,5.12033E-3,-6.14601E-2,-8.74798E-2,-1.01322E-1,-1.19848E-1,-1.17234E-1,-1.00579E-1,-8.42675E-2,-6.00406E-2,-7.25462E-2,2.39293E-3,-4.39517E-2,-1.05864E-1,-7.62329E-2,-9.09898E-2,-5.18129E-2,-4.64389E-2,-6.27622E-2,-1.15094E-1,-1.07866E-1,-1.31509E-1,-1.14356E-1,-1.20248E-1,-4.52849E-2,-2.00265E-1,-2.53885E-1,-1.04484E-1,-1.49448E-1,-1.20298E-1,-1.14532E-1,-2.10665E-1,-7.57806E-2,-1.74429E-1,-8.98223E-2,-1.48605E-1,-7.62914E-2,-1.63755E-1,-2.05798E-1,-8.43956E-2,-1.99142E-2,-9.89412E-2,-1.05994E-1,-1.19710E-1,-6.86565E-2,-8.33916E-2,-7.51659E-2,-8.76344E-2,-9.24852E-2,-1.00583E-2,-7.42412E-3,-1.52236E-1
7.66116E+2,-4.48192E-2,-4.21872E-1,3.38124E-1,4.21775E-2,3.20702E-2,-1.31055E-1,2.57861E-1,-6.00365E-1,-1.99319E-1,2.51970E-1,-2.02960E-1,6.11779E-1,1.14412E-1,5.80253E-1,-6.28258E-1,5.62598E-1,5.84854E-2,-5.89842E-2,1.36654E-1,2.05566E-1,2.15550E-1,-2.07009E-1,1.14725E-1,-2.59168E-1,1.34654E-1,-2.71867E-1,6.73370E-2,-3.09525E-1,-1.14257E-1,-4.03800E-1,-7.40525E-2,-2.70928E-2,5.01990E-1,-4.33870E-2,1.88604E-1,-5.52534E-1,9.69792E-2,-1.67151E-1,-1.17006E-1,-3.88651E-1,-4.60228E-2,-4.83013E-1,1.61635E-1,-2.02852E-1,4.54709E-1,5.03149E-1,-2.87875E-1,9.59252E-2,6.44976E-2,-2.13950E-1,-4.90981E-1,-1.26511E-1,-2.55793E-1,-1.23532E-1,-3.83657E-1,-3.24339E-1,-5.54887E-1,-2.15414E-1,-1.80541E-1,-1.02135E-1,1.65033E-1,-2.60084E-1,-2.84258E-1,2.07558E-1,1.72216E-1,-5.90437E-1,-7.29511E-2,6.25523E-2,3.81984E-2,1.22544E-1,-2.57158E-1,-4.28901E-1,-4.90975E-1,-6.42622E-1,-7.86056E-1,-4.19475E-1,-3.59526E-1,-3.42914E-1,-1.34816E-1,4.99514E-3,-7.85239E-2,-3.60615E-1,-3.95433E-1,-4.98690E-1,-4.98104E-3,-3.57722E-1,-1.15603E-1,-6.86292E-1,-6.55223E-1,-6.47554E-1,-6.06618E-1,-8.82401E-1,-3.84966E-1,-5.44744E-1,-2.15029E-2,-1.38631E+0,-4.96422E-2,-7.18656E-1,-9.56332E-1,-4.21384E-1,-5.46641E-1,-5.65905E-1,1.41861E-1,-4.08302E-1,-6.90100E-1,-8.45153E-1,-6.21203E-1,-2.26048E-1,-1.01200E+0,-7.88745E-1,-2.24427E-1,-5.78583E-1,-1.02494E+0,-4.68135E-1,-1.33926E+0,-7.03958E-1,-3.56047E-1,-3.10656E-1,-1.14284E+0,-6.00342E-1,-1.20634E+0,-3.56370E-1,-5.70972E-1,-3.23533E-1,-6.45252E-1,-2.22826E-1,-5.51988E-1,-7.11435E-1,-3.08045E-1,-2.94697E-1,-4.13392E-1,-5.66961E-1,-1.75300E-1,-5.11935E-1,-1.10784E+0,-9.08627E-1,-8.76292E-1,-1.12924E+0,-8.02591E-1,-5.73823E-1,-1.38331E+0,-1.25397E+0,-1.48993E+0,-1.04087E+0,-3.13608E-1,-5.04944E-1,-1.11099E+0,-3.49341E-1,-8.11409E-1,-1.68349E+0,-8.30797E-1,-9.46661E-1,-1.23775E+0,-7.14996E-1,-7.75156E-1,-5.10100E-1,-5.29757E-1,-4.39316E-1,-6.08802E-1,-1.02498E-1,8.29557E-2,-3.33348E-1,-2.15276E-1,-5.83161E-1,-6.72101E-1,-3.24022E-1,-6.48503E-1
7.69505E+2,-5.46332E-2,-2.96316E-2,5.83797E-2,2.33983E-2,-2.69708E-2,-2.34275E-2,4.62157E-2,-5.58135E-2,-1.22900E-2,2.74729E-3,-3.59923E-2,-1.99209E-2,7.94243E-3,1.26889E-1,-6.89224E-3,6.93488E-2,3.55167E-2,-3.54822E-2,4.34477E-2,3.27227E-2,7.52332E-2,1.37525E-1,-1.33361E-2,5.58907E-3,2.15283E-2,3.70319E-2,5.00328E-2,4.98333E-2,-2.37945E-2,-2.97386E-4,-1.01341E-3,2.85976E-2,6.47536E-2,5.85740E-2,1.21360E-2,1.72741E-3,1.25530E-3,4.26908E-2,-9.69411E-3,-3.55080E-2,-4.25276E-2,1.04385E-2,1.24246E-2,2.07653E-2,4.50492E-2,2.32703E-2,3.49922E-2,1.20193E-1,3.04785E-2,9.63118E-3,3.26720E-2,4.34161E-2,-7.60483E-3,2.99673E-2,5.42858E-3,-3.77930E-2,-1.56332E-2,-1.06541E-2,2.64207E-2,1.80212E-2,8.07060E-2,8.81033E-3,1.08771E-1,1.02769E-2,-3.69546E-2,4.72125E-2,4.07431E-2,9.90839E-2,1.24994E-2,1.64460E-3,3.62776E-2,-1.48297E-2,-1.55739E-2,-8.51733E-2,-1.13638E-2,1.65863E-2,-2.58170E-2,4.55617E-2,-4.10497E-2,5.79680E-2,2.60783E-2,-3.83702E-2,-1.00094E-2,1.41707E-2,1.01250E-2,-2.97081E-2,-8.16865E-2,-9.10534E-2,-8.61380E-2,6.53501E-3,7.59485E-2,-4.03674E-2,-7.97281E-3,-1.60013E-2,3.80179E-2,-1.70509E-1,5.65875E-2,8.62959E-3,-8.45208E-2,-1.05468E-1,-4.97725E-3,-3.02077E-2,2.54270E-2,-4.99424E-2,-2.45127E-2,2.57532E-3,4.32007E-2,-2.60657E-2,-3.15425E-2,-3.18865E-2,-4.46701E-2,-8.58523E-2,-1.38385E-2,-8.51329E-2,-7.85354E-2,-6.14627E-2,-1.95731E-2,-2.84615E-2,-5.61469E-2,9.75309E-3,-6.15971E-2,-6.40489E-2,-4.80552E-2,-4.52231E-3,-6.68607E-2,-3.74657E-2,-4.82562E-2,-2.30167E-2,4.52641E-2,-6.20751E-2,-9.99708E-2,7.41674E-2,-1.97768E-3,-7.44247E-2,-1.08393E-1,-4.30693E-2,-7.68326E-2,-9.47763E-2,-7.13485E-2,-5.96722E-2,-7.07557E-2,-1.28037E-1,-1.35614E-1,1.16136E-2,-9.50435E-2,-1.04590E-1,-1.47158E-1,-8.63034E-2,-9.42700E-2,-1.12174E-1,-1.33318E-1,-1.48219E-1,-3.30708E-2,-1.43811E-1,-1.54021E-1,-4.58915E-2,-4.53424E-2,-7.35998E-3,-8.12450E-2,1.39575E-2,-3.44814E-2,5.61559E-3,6.71260E-2,-2.08577E-3,6.60613E-3,-8.81527E-2,-8.75760E-2
7.72894E+2,-2.35637E-2,-8.97416E-2,-4.14408E-2,3.60256E-3,-2.48985E-2,-8.30207E-2,5.66703E-2,-7.80069E-2,-5.34469E-2,-3.13095E-2,6.45508E-2,1.06579E-1,-4.12319E-3,1.63783E-1,3.43658E-2,1.01955E-1,-6.04140E-2,2.84169E-2,1.95728E-2,8.76006E-2,1.69802E-2,-5.48026E-3,-3.28247E-2,-9.85398E-2,1.79109E-2,7.66034E-2,6.42829E-2,1.36568E-2,-1.70243E-2,-1.78485E-2,-1.00275E-3,-2.71391E-2,-1.64284E-2,-3.86501E-2,3.55725E-2,-1.08078E-1,3.22499E-2,-1.29151E-2,-9.94044E-2,-6.06914E-3,-2.39346E-2,-1.61490E-2,-6.02422E-2,-3.03808E-3,3.33629E-2,7.83840E-2,4.58040E-2,7.91650E-2,-5.89990E-3,7.55688E-3,-5.03230E-2,-1.98171E-2,-8.12236E-2,-6.81442E-2,-1.21519E-1,-3.50533E-2,-3.14021E-2,-9.69189E-2,1.16989E-1,1.99245E-2,6.19685E-2,-2.38384E-2,5.42218E-3,1.13538E-2,-4.38315E-2,-2.82898E-2,7.39252E-2,4.00283E-2,5.49926E-2,3.01890E-2,2.19337E-2,-2.32779E-2,-3.23040E-2,-1.11571E-1,-1.27108E-1,-2.49820E-3,4.61316E-2,5.89114E-2,1.35944E-4,3.81372E-2,-6.22196E-2,-5.93867E-2,-2.61780E-2,-5.66945E-2,-5.04845E-2,-1.00607E-1,-1.42976E-1,-9.10507E-2,-1.17063E-1,-4.08989E-2,-7.31028E-3,-3.02249E-2,-3.40211E-2,-6.87164E-2,-8.50180E-2,-2.21293E-1,-5.55453E-2,-2.86448E-2,-1.91096E-1,-8.52643E-2,-1.57643E-1,-5.65946E-2,-3.01455E-2,-1.34193E-1,-7.98585E-2,-3.84964E-2,-1.15970E-1,-7.90680E-2,-5.22713E-2,-5.79006E-2,-4.68390E-2,-1.48619E-1,-8.85430E-2,-8.21050E-2,-1.91881E-1,-2.96054E-2,-1.93484E-1,-2.33381E-2,-1.81540E-1,-8.82274E-2,-6.76808E-2,-1.14635E-2,-1.23265E-1,-7.97517E-2,-4.90962E-2,-1.10203E-1,-8.78283E-2,-6.21565E-2,-1.48099E-1,-1.08685E-1,-1.29962E-1,-5.46352E-2,-1.66899E-1,-1.25556E-1,-1.80499E-1,-1.83032E-1,-1.06357E-1,-2.41552E-1,-1.87996E-1,-2.47140E-1,-2.63273E-1,-1.95182E-1,-1.58208E-1,-1.52364E-1,-1.59935E-1,-1.13200E-1,-2.50242E-1,-1.28718E-1,-1.88744E-1,-1.77517E-1,-9.94393E-2,-1.09909E-1,-1.25657E-1,-1.62829E-1,-1.49941E-1,-1.58037E-1,-1.31800E-1,-2.50717E-2,-1.16463E-1,-8.18322E-2,4.99979E-2,-9.91047E-2,-1.31928E-1,-1.66126E-1,-8.96624E-2,-8.74422E-2,-2.97788E-2
7.76284E+2,-3.91300E-2,-4.72327E-2,3.65204E-2,-1.80171E-2,6.27859E-3,-1.77952E-2,2.84338E-2,-9.15351E-2,-3.36980E-2,-6.82110E-2,2.23655E-2,7.02130E-2,4.14000E-2,6.05424E-2,4.98655E-2,3.60683E-2,6.74820E-2,2.42277E-2,2.49958E-2,1.59022E-2,9.39867E-3,4.39878E-3,3.17530E-2,1.56711E-2,8.48159E-4,1.26223E-2,-3.34833E-4,-1.80388E-2,-1.38348E-2,-7.02112E-2,2.99376E-3,-4.44948E-2,-3.64301E-2,-3.33737E-3,8.64613E-2,-2.58980E-2,3.04538E-2,4.29886E-2,-3.64487E-2,6.02226E-5,3.97302E-2,-6.43621E-2,-3.47182E-2,4.09849E-2,3.85427E-2,3.23722E-2,-6.70700E-3,2.47142E-2,2.28497E-2,-5.89332E-2,-9.16331E-3,2.46492E-2,8.47243E-4,-1.62328E-3,-3.97250E-2,8.72988E-2,5.11122E-3,-2.89552E-2,-5.08728E-2,-2.57923E-4,9.73996E-2,-3.10101E-2,5.71424E-2,4.81019E-2,7.08056E-2,1.22821E-1,1.96010E-2,-2.88511E-2,3.83438E-2,-7.66642E-3,8.10198E-2,3.91453E-2,-3.46392E-2,-3.29064E-2,-3.00144E-2,-3.40970E-2,-4.29799E-2,-9.40802E-3,1.02679E-2,-4.35048E-3,-3.76681E-2,-4.11837E-2,2.87417E-2,-5.84150E-2,1.80054E-2,-4.79832E-2,3.90276E-2,-1.45242E-2,-9.72683E-3,4.24363E-3,-6.19270E-3,-4.77030E-2,-5.72896E-2,7.84949E-4,-1.47357E-2,-1.62235E-2,-4.35256E-2,-2.56740E-2,-1.36752E-2,-4.64721E-2,-3.23425E-2,-1.04635E-1,1.07532E-3,9.33959E-3,-2.97676E-2,-3.62734E-2,-1.29290E-2,-6.30406E-2,-2.94736E-2,-3.50039E-2,8.44945E-3,-4.12678E-2,-7.63091E-2,-8.05841E-2,-3.26717E-2,-6.78503E-2,8.41943E-3,2.30548E-3,-3.06086E-2,-1.89768E-2,-1.00142E-1,-3.64471E-2,2.86725E-2,-6.10375E-2,-3.76354E-2,-6.04985E-2,-4.28292E-2,1.24973E-2,2.06251E-2,-5.52631E-2,-3.76579E-2,-2.94962E-2,-1.78951E-2,9.10834E-3,-6.97780E-2,-7.52380E-2,1.51378E-2,-1.17390E-1,-1.08344E-1,-4.87206E-2,-3.89303E-2,-8.73759E-2,-1.13419E-1,-2.49629E-2,-4.59900E-2,-2.84564E-2,-5.85460E-2,-8.03572E-3,-2.38973E-2,-4.34656E-2,4.06037E-2,-2.85479E-2,-6.67646E-2,-8.83079E-2,-3.54951E-2,-2.69163E-2,-8.26728E-2,5.20438E-2,3.50484E-2,8.69180E-4,8.84286E-3,-5.08523E-2,2.00367E-2,-4.08408E-2,-8.18773E-2,1.27066E-2,-7.21808E-2
7.79674E+2,2.71926E-2,1.24710E-2,-1.74737E-2,5.99546E-3,4.82718E-2,-4.12507E-2,-1.75068E-3,-1.06733E-1,-1.23252E-3,-3.87815E-2,1.31481E-2,5.70261E-2,-9.11145E-3,6.00077E-2,-7.77930E-3,9.40359E-2,3.89837E-2,-5.32679E-2,3.26175E-2,1.55364E-3,-1.03029E-1,-4.74745E-3,-2.43983E-2,-3.31888E-3,-5.85591E-3,4.13385E-2,4.36707E-2,-4.40633E-2,-7.49050E-3,-6.46815E-3,-8.56106E-3,2.50257E-2,6.03650E-2,2.30099E-2,-1.39292E-2,-9.87015E-2,-2.45398E-2,-2.76802E-2,-4.79433E-2,-3.36319E-2,-2.20757E-3,-5.92101E-2,-7.28278E-2,7.84289E-2,-2.85420E-3,5.22948E-2,4.34812E-2,4.60019E-2,-9.41360E-3,5.40528E-3,-9.46799E-2,2.46249E-2,1.40985E-2,-4.36319E-2,-1.95359E-2,6.37949E-2,-5.94631E-2,-6.83771E-3,3.78938E-2,1.74117E-4,8.62716E-2,-1.77713E-2,3.50703E-2,3.90139E-2,-2.03388E-2,-4.06933E-2,8.37275E-2,3.11225E-2,4.62611E-3,-1.39466E-3,1.24015E-2,-3.00047E-2,7.41141E-3,-1.01113E-2,2.73763E-2,1.90545E-2,3.45336E-3,-3.04179E-2,3.33671E-2,5.89985E-2,-1.77552E-3,-2.93650E-2,4.34048E-3,8.13376E-3,-7.52861E-3,1.30858E-2,-5.78411E-2,-5.22736E-2,-6.92915E-3,-3.22583E-2,3.82969E-2,-3.05060E-2,4.30620E-2,-3.02503E-2,3.39554E-4,-4.97554E-2,1.09702E-2,-2.08561E-2,-3.81876E-2,-4.62691E-2,-7.85302E-2,-2.58352E-2,2.99697E-2,-1.31337E-1,-1.12873E-2,1.30409E-2,-1.10993E-1,-7.25969E-2,-2.84298E-2,-1.24403E-1,-4.72191E-2,-1.11963E-1,-3.38420E-2,-1.21972E-1,-7.37728E-2,-7.86866E-3,-2.62360E-2,-4.99977E-3,-4.74942E-2,-3.36789E-3,-2.47056E-2,-7.88276E-2,-7.99322E-2,-3.65750E-2,-5.84931E-2,-8.08615E-2,-7.10775E-2,-9.79105E-2,-3.83083E-3,-2.64994E-2,-6.48276E-2,-6.04521E-2,-7.17867E-2,-3.06359E-3,-4.45760E-2,-1.05040E-1,-1.18616E-1,-2.02172E-1,-6.21940E-2,-8.64089E-2,-1.14009E-1,-1.20311E-1,-8.48903E-2,-1.02117E-1,-8.07243E-2,-9.46043E-2,-1.16001E-1,-1.25313E-1,-6.18578E-2,-1.24291E-1,-3.62622E-2,-8.21959E-2,-6.92318E-2,-1.19553E-1,-6.23115E-2,-7.18740E-2,-7.66197E-2,-6.65419E-2,-9.53556E-2,3.23038E-2,1.60638E-2,-4.08954E-2,-8.38434E-2,-4.58907E-2,6.30793E-4,-4.84285E-2,-8.93543E-2
7.83066E+2,-3.78114E-2,1.35225E-1,2.48897E-2,-8.07431E-3,-8.67554E-2,1.15075E-1,2.24288E-2,1.38905E-1,-2.72143E-2,5.03769E-2,-3.34954E-1,2.69563E-1,-4.54053E-2,-2.48000E-1,3.17495E-2,-1.39795E-1,6.27464E-2,-9.50020E-2,-2.22020E-1,-2.07636E-1,-8.91512E-2,9.90264E-2,1.77285E-2,7.94934E-2,-3.57815E-2,-7.80421E-2,-1.28815E-1,3.68043E-2,-5.42645E-2,1.43325E-2,9.07789E-2,-5.93775E-2,-6.65015E-2,1.69286E-1,4.87350E-2,3.80052E-3,1.49233E-2,-6.89540E-2,1.22146E-1,1.43185E-1,-5.60127E-3,3.47659E-2,-5.51286E-2,-9.07951E-2,-8.50770E-2,-5.41515E-2,2.27670E-2,-1.77470E-1,-1.06740E-1,8.04209E-2,1.67481E-1,1.64731E-1,1.12294E-2,-6.74643E-3,3.43282E-2,2.80140E-2,-3.91469E-2,7.03672E-2,-1.33157E-2,-6.83301E-2,7.55877E-2,1.86087E-2,-5.28597E-2,-7.01217E-3,2.21022E-2,1.96948E-1,1.12695E-3,-1.30549E-2,8.85161E-2,7.08096E-2,-2.47842E-2,1.07929E-1,5.14844E-2,-3.41469E-2,8.18331E-2,4.05375E-3,4.51503E-2,1.36822E-1,-3.46394E-4,-3.38746E-2,1.02024E-1,-1.56133E-1,-8.90862E-2,5.40282E-2,-8.63692E-2,2.96933E-2,5.95010E-2,4.37777E-2,3.79984E-2,8.97500E-2,-3.82393E-2,1.83438E-1,-2.96773E-2,1.90451E-1,1.08342E-1,1.57916E-1,-5.74680E-2,3.71786E-2,-1.30759E-1,-5.95929E-2,2.09174E-1,2.82708E-2,8.53228E-4,7.81334E-2,2.37434E-2,7.50044E-2,1.99103E-1,1.04382E-1,-1.38319E-2,1.10203E-1,1.20901E-1,2.37910E-1,-7.37420E-2,1.15711E-1,2.64805E-1,6.24777E-2,6.45454E-2,-2.36842E-2,7.17336E-2,1.21654E-1,1.18565E-1,2.00803E-1,-5.31706E-2,9.29761E-2,1.27247E-1,1.32827E-1,1.39511E-1,8.62510E-2,1.77908E-1,-1.50488E-1,1.15522E-1,-1.29477E-2,3.34536E-2,1.25445E-1,1.96139E-1,1.70811E-1,1.95622E-1,6.19963E-2,1.76667E-1,1.74598E-1,1.09408E-1,1.71995E-1,2.21808E-1,8.42436E-2,-5.18125E-3,1.07082E-1,2.40219E-1,6.82432E-2,3.02318E-1,4.98391E-2,2.72237E-2,1.63584E-1,3.02349E-1,2.31618E-1,1.30550E-1,1.29223E-1,2.26267E-1,7.84595E-2,-1.78341E-2,-2.71769E-2,-3.08376E-2,1.46194E-1,1.28725E-1,1.11301E-1,-1.83842E-2,4.28261E-2,1.93039E-1
7.86458E+2,-1.56123E-2,5.47848E-2,7.00040E-2,4.58799E-2,-8.96956E-3,-6.12155E-2,1.46233E-2,-8.58595E-2,-7.79097E-2,-3.82076E-2,5.96024E-3,1.06689E-3,2.37863E-2,1.13297E-1,-4.16278E-2,4.30158E-2,3.42150E-3,-2.96747E-3,-5.45610E-2,3.38698E-2,-1.54159E-2,-1.90300E-2,-9.27951E-3,-1.11327E-2,-2.62371E-2,-7.56887E-2,4.28305E-2,-8.77131E-2,2.04966E-2,-2.84349E-2,-3.80000E-2,-7.46003E-2,1.47037E-2,3.41535E-3,1.98921E-2,-1.89545E-2,9.50061E-3,-5.21165E-2,1.89607E-2,-3.73814E-2,-2.08660E-2,-8.57285E-2,-2.95493E-2,1.12541E-1,4.64773E-2,1.02632E-1,4.99594E-2,1.00651E-1,1.30986E-2,1.99884E-2,-1.19103E-2,1.16505E-2,3.19177E-3,-7.93038E-3,-1.14007E-1,2.81838E-2,1.22875E-2,-1.61748E-2,5.12906E-2,3.03510E-2,3.97777E-2,-4.35746E-2,1.65651E-2,2.22779E-2,-4.19614E-2,-1.49565E-3,8.37087E-2,4.77780E-2,2.53331E-2,-6.88216E-3,6.96199E-3,-4.37576E-2,-3.72402E-2,-6.02802E-2,-8.52344E-2,2.74341E-2,-4.75461E-2,-9.10036E-3,-3.74073E-2,8.00994E-2,-1.04900E-2,9.62710E-3,4.74288E-2,-2.79832E-2,-1.18584E-2,-8.63808E-2,-7.72012E-2,-6.78209E-2,-6.19673E-2,-5.78261E-2,-6.45200E-3,-1.49642E-2,-5.49975E-2,-1.35077E-2,-3.76023E-2,-1.17375E-1,-2.19674E-2,-4.47011E-2,-1.08672E-1,-1.27119E-1,-5.04374E-2,-8.78892E-2,-5.25714E-2,-3.52817E-2,-6.43304E-2,-4.20606E-2,6.87460E-3,-8.57857E-2,-3.15051E-2,-7.57147E-2,-1.03049E-1,-1.54196E-1,-5.82466E-2,-1.02879E-1,-1.60397E-1,-7.54751E-2,-2.03608E-2,-2.08422E-2,-1.46146E-1,8.26037E-3,-1.31169E-1,-1.21014E-1,2.14352E-4,1.21549E-2,-6.88216E-2,-8.84105E-2,-8.15160E-2,-2.57411E-2,-6.53020E-2,-6.86412E-2,-5.49916E-2,-6.40994E-2,-9.06144E-2,-8.47617E-2,-1.29141E-1,-1.26201E-1,-9.52594E-2,-9.17419E-2,-7.67035E-2,-8.48419E-2,-1.62804E-1,-1.93356E-1,-1.53830E-1,-1.30336E-1,-1.08428E-1,-1.25131E-1,-1.44636E-1,-1.30630E-1,-1.34366E-1,-1.85858E-1,-1.80333E-1,-8.63629E-2,-1.39065E-1,-1.92756E-1,-1.37447E-1,-1.06552E-1,-1.82064E-1,-5.10167E-2,2.83419E-2,-9.56076E-2,4.97076E-2,2.46561E-3,-5.22397E-2,-6.14406E-2,9.10010E-3,-8.41792E-2,-4.38779E-2
7.89850E+2,2.89490E-3,-1.08538E-1,-1.05433E-2,9.43889E-2,-5.56450E-2,-7.73083E-2,9.50615E-2,-1.36623E-1,-1.47134E-2,3.97550E-2,3.63922E-2,2.35910E-2,-5.25347E-2,1.69185E-1,-5.36353E-3,1.59510E-1,5.90622E-2,-1.40239E-1,7.61331E-3,-7.37473E-3,4.06805E-2,9.90497E-3,7.51654E-2,-9.97186E-2,2.56572E-2,4.82238E-2,9.14986E-2,-1.07731E-1,-9.63934E-2,3.05513E-3,-2.15995E-1,7.30471E-2,5.20101E-2,5.71731E-3,1.22354E-1,-8.33970E-2,9.00847E-2,7.42134E-2,4.42369E-2,-5.54439E-2,9.12214E-3,-1.34728E-1,-1.58369E-1,2.36289E-1,1.53328E-1,1.68863E-1,-1.42734E-2,1.09938E-1,-8.58118E-2,3.84643E-2,-1.46395E-1,8.01424E-3,-2.71754E-2,-4.58363E-2,-2.01097E-1,-1.17334E-3,-3.69526E-2,-4.18330E-2,6.94205E-2,5.10892E-2,8.55190E-2,-2.94620E-3,-1.09913E-2,1.22859E-1,-3.58620E-2,-3.79130E-2,1.07935E-1,4.60990E-2,-1.72459E-1,1.07391E-2,9.56260E-2,-7.76156E-2,-4.67459E-2,-1.82501E-1,-1.35879E-1,1.31301E-1,-3.97512E-2,-5.59789E-2,-3.11945E-2,5.97589E-2,-1.07048E-2,-2.54366E-3,3.72630E-2,4.62095E-2,-3.89460E-2,-1.19697E-1,-2.18959E-1,-8.90013E-2,-1.82445E-1,-1.29250E-1,-1.50915E-2,-5.35550E-2,-7.98563E-2,6.50591E-2,1.75794E-2,-2.01357E-1,2.93742E-2,-7.83225E-2,-1.30217E-1,-8.74526E-2,-1.51704E-1,-2.21419E-1,1.56340E-1,-6.31370E-2,-1.66304E-1,-4.50764E-2,-7.80941E-2,-7.68742E-2,-1.26172E-1,-6.47277E-2,-9.47628E-2,-3.38776E-1,-1.70241E-1,-2.03008E-2,-3.20996E-1,-2.29779E-1,-1.27043E-1,-3.65097E-2,-1.70743E-1,-1.21015E-1,-4.43321E-2,-1.32488E-1,-2.03805E-1,-1.21181E-1,-1.72088E-1,-1.41573E-1,-1.22443E-1,-7.29480E-2,-1.44566E-1,-1.24016E-1,-1.70850E-1,-6.46722E-2,-2.45814E-2,-5.22703E-2,-2.03921E-1,-1.56219E-1,-7.54590E-2,-2.63285E-1,-2.09123E-1,-2.75738E-1,-3.33943E-1,-3.51927E-1,-3.51898E-1,-3.40018E-1,-1.63713E-1,-1.75115E-1,-2.83358E-1,-2.45703E-1,-2.72760E-1,-3.69939E-1,-2.42808E-1,-2.14095E-1,-2.03687E-1,-3.32295E-1,-2.65294E-1,-1.59313E-1,-1.46245E-1,-2.13600E-2,-7.87644E-2,-1.05064E-1,-1.09629E-1,-1.45760E-1,-9.51811E-2,-1.60562E-1,-1.11417E-1,-3.27477E-1,-1.24599E-1
7.93244E+2,4.25652E-2,-3.68759E-2,6.77167E-2,4.87292E-2,-2.47769E-2,-4.74050E-2,3.17238E-2,-6.20209E-2,1.05515E-2,-4.02704E-2,1.31055E-2,9.39107E-3,-2.22954E-2,4.78462E-2,-3.79847E-2,5.90117E-2,7.12753E-2,1.62878E-2,-3.92666E-2,1.45368E-2,2.73916E-2,3.38094E-2,-3.64654E-2,1.27058E-2,-1.09231E-2,6.23929E-3,2.27297E-2,-1.23558E-2,3.05083E-2,3.21482E-2,-3.36622E-2,3.79496E-2,-6.32222E-3,7.15044E-2,3.80594E-2,-2.87879E-2,3.61405E-2,1.34244E-2,-3.59857E-2,-1.34734E-2,-2.21263E-2,-1.68634E-2,-1.41157E-2,5.46908E-2,1.52929E-2,3.50144E-2,4.31268E-2,6.68442E-2,-1.85112E-2,-2.26042E-2,8.59174E-3,1.33916E-2,1.25904E-2,6.28018E-2,-8.29042E-2,7.95830E-3,-1.06867E-2,4.74048E-2,-2.19600E-3,3.47476E-2,8.62116E-5,2.85573E-2,2.45387E-2,3.26945E-2,9.05162E-2,8.67696E-3,9.03208E-2,-1.88236E-2,4.25952E-2,2.14094E-2,5.20251E-2,3.44563E-2,-3.94311E-2,4.12514E-3,-2.71321E-2,-3.20523E-2,-2.71770E-2,7.00753E-2,3.98817E-2,1.60138E-2,6.43012E-2,6.45778E-3,4.49550E-3,2.01197E-2,-4.45970E-3,2.16730E-2,-2.69854E-2,-4.23972E-2,-3.73356E-2,-1.24963E-2,-3.13213E-2,-2.61288E-2,-2.55478E-2,4.31149E-2,1.55494E-2,-5.36828E-3,5.12923E-2,2.39713E-3,-3.38824E-2,-3.51942E-2,-5.24616E-2,-5.83519E-2,-4.08383E-2,7.01471E-2,2.45068E-2,-4.25256E-2,1.95304E-2,-8.13535E-2,-2.87421E-2,-4.86998E-2,-3.24935E-2,-1.71089E-2,-1.07758E-1,6.52854E-4,-5.32402E-2,-5.05942E-2,1.81650E-2,-3.60556E-2,-2.92180E-2,-2.62607E-2,-3.99951E-2,2.16982E-4,1.35131E-2,3.17222E-2,-3.47838E-2,-8.16291E-2,-1.70565E-2,-2.48989E-2,-2.85577E-2,-1.73636E-2,-1.86003E-2,-2.04061E-2,-2.71952E-2,-4.82536E-2,-9.78164E-2,-1.14270E-2,-7.53427E-2,-9.72865E-2,-1.37583E-2,-5.28264E-2,-1.05417E-1,-3.19110E-2,-3.21601E-2,-9.21884E-2,-5.49576E-2,-6.38745E-3,-8.69506E-2,2.12162E-2,-1.17026E-1,-7.31888E-2,-1.29467E-1,-3.84418E-2,-2.63406E-2,-2.85542E-2,-4.30413E-2,-1.11137E-1,-1.59922E-2,-2.12704E-2,-4.39658E-2,-3.41515E-2,2.83544E-2,-2.44098E-2,-7.09128E-2,-5.81686E-2,-6.71218E-3,-1.03336E-1,-5.15062E-2
7.96638E+2,-1.43332E-1,-4.28015E-2,-3.82548E-2,4.17461E-2,1.72246E-1,2.33553E-1,1.58286E-2,2.70972E-1,4.25082E-2,-1.17304E-1,2.84980E-2,-1.04863E-1,7.54657E-3,-3.61902E-1,-4.44277E-3,-8.27339E-2,1.76987E-1,2.31056E-1,-1.07410E-2,4.23710E-2,7.41109E-2,-2.15929E-2,1.43467E-1,-9.15031E-2,-1.23533E-1,-9.81324E-2,-6.70627E-2,1.34129E-1,-2.68285E-1,-9.51633E-2,5.98261E-2,3.72327E-1,8.15720E-2,-1.88755E-1,2.09731E-1,3.24613E-1,-1.01954E-1,9.50707E-2,2.64870E-1,3.95573E-2,1.01802E-1,-8.91902E-3,-2.35309E-2,-3.10431E-1,-1.26574E-1,7.81507E-2,-8.25816E-2,-2.95503E-1,-4.11228E-2,7.34196E-2,-7.88100E-2,-6.32226E-2,2.52284E-2,1.01143E-1,3.09827E-1,-2.53828E-1,-2.21762E-2,1.90754E-1,-2.29838E-1,-1.00112E-1,-1.14492E-1,-4.48674E-2,4.46356E-2,-1.57684E-1,-7.23805E-2,-2.20720E-1,-1.54431E-1,-1.49349E-1,-2.21677E-1,-1.14984E-1,4.21793E-2,-2.67001E-2,-5.97738E-2,2.21806E-1,1.98202E-1,-1.67635E-1,1.06668E-1,-1.12483E-1,-1.63812E-2,-2.38682E-1,-2.26212E-1,1.26319E-1,-1.27597E-1,-2.90377E-2,1.88759E-1,1.15725E-1,1.01229E-1,9.23460E-2,2.85988E-1,-1.46839E-2,2.25303E-2,-1.50308E-1,5.39357E-2,-7.31217E-2,5.66226E-2,3.87677E-1,1.43983E-1,2.13478E-1,1.73331E-1,6.75380E-2,5.01545E-1,2.35206E-1,-8.36210E-2,1.29849E-2,1.81585E-1,1.42889E-1,8.43984E-2,2.34818E-1,1.28017E-1,1.30918E-1,4.62763E-2,2.92983E-1,3.17445E-1,3.44293E-1,2.72633E-1,3.91768E-1,2.53986E-1,1.12893E-1,2.11869E-1,2.39934E-1,3.75535E-1,1.41207E-1,9.52849E-2,3.98221E-2,6.54378E-2,2.21640E-1,3.87314E-2,4.94163E-2,2.85224E-2,1.51065E-1,1.91258E-1,8.74041E-2,-6.58132E-2,1.08439E-1,2.23190E-1,2.37675E-1,3.93786E-1,1.84088E-1,8.38270E-2,2.78472E-1,3.60034E-1,2.55223E-1,1.46542E-1,3.52858E-1,1.92572E-1,2.28242E-1,3.81413E-1,5.38958E-1,2.87993E-1,3.00130E-1,4.04013E-1,5.29101E-1,3.01585E-1,2.44607E-1,2.53112E-1,2.19309E-1,2.57939E-1,7.49411E-2,-4.80004E-3,1.84754E-1,8.86258E-2,1.50514E-1,1.68857E-1,-7.43391E-2,1.87803E-1,5.63005E-2,3.75206E-1
8.00032E+2,1.37689E-2,1.65204E-2,1.29291E-2,2.55011E-2,-2.53331E-2,8.03144E-3,4.27757E-2,-7.91033E-2,-6.52970E-2,7.89540E-3,-3.31237E-2,3.78864E-2,-7.32634E-4,7.18924E-2,-3.36112E-2,2.76469E-2,6.81680E-2,-3.53229E-2,-4.75159E-2,4.61909E-4,-1.85629E-2,4.17215E-2,5.30904E-3,-2.28114E-2,-3.42377E-2,4.69298E-3,-1.48446E-2,-5.65605E-2,-1.15800E-1,-5.50494E-3,-4.03384E-2,-1.11042E-2,8.18673E-2,5.12896E-2,-5.54174E-3,-7.84389E-2,-3.21532E-2,-3.98482E-3,-4.62372E-2,-5.60888E-2,-2.38202E-2,-3.82614E-2,-1.10279E-1,3.97154E-2,2.09022E-2,5.22308E-2,5.09347E-2,7.57010E-2,-3.57119E-2,-3.11102E-2,-2.74759E-2,-3.88328E-3,3.20170E-2,-2.33305E-4,-1.30724E-2,-2.40593E-2,-2.80581E-3,-1.08471E-2,5.40114E-2,5.63829E-3,8.97720E-2,-5.74233E-2,1.81902E-2,3.94003E-2,-2.98874E-2,-4.78970E-2,9.64312E-2,9.56746E-3,2.99098E-2,1.22199E-2,2.21146E-2,6.92726E-3,-2.54194E-2,-8.04884E-2,-9.28835E-2,5.67548E-3,-4.41513E-2,4.70855E-2,-2.44470E-2,2.18267E-2,-3.36443E-2,-9.43104E-3,-3.98290E-3,-1.49801E-2,-3.67911E-2,-8.07981E-2,-8.37842E-2,4.15267E-3,-7.23095E-2,1.98205E-2,2.71515E-3,-7.69678E-2,-4.27491E-2,-4.99640E-2,-3.44202E-2,-9.91342E-2,2.25188E-2,-6.48265E-3,-7.40522E-2,-6.09928E-2,-1.77883E-2,-7.66790E-2,-3.10127E-2,-8.25922E-2,-9.67963E-2,-2.86750E-2,-6.00531E-2,-6.90840E-2,-3.96316E-2,-8.71144E-2,-4.83445E-2,-4.41321E-2,-8.30391E-2,-5.27535E-2,-1.34519E-1,-8.84048E-3,-4.45212E-2,1.93555E-2,-8.68637E-2,-6.02231E-2,-2.29259E-3,-8.55641E-2,-1.00336E-1,-4.40417E-4,-7.26732E-2,-8.37711E-2,-4.66186E-2,-5.09695E-2,-1.28760E-1,-8.53538E-2,-6.97248E-2,-2.40079E-2,-5.35428E-2,-4.43058E-2,-7.00265E-2,-1.04893E-1,-1.44293E-1,-1.07703E-1,-8.95901E-2,-1.38752E-1,-1.15335E-1,-1.87288E-1,-1.43591E-1,-8.95610E-2,-9.65458E-2,-1.34425E-1,-1.73504E-1,-4.60083E-2,-6.00107E-2,-1.18934E-1,-1.04418E-1,-1.11473E-1,-8.59850E-2,-1.75181E-1,-1.09338E-1,-5.89402E-2,-2.51363E-2,-2.90162E-2,-9.44196E-2,-8.19516E-2,2.32292E-2,-4.78197E-2,-6.05798E-2,-8.26952E-2,-8.47059E-2,-1.54320E-1,-1.19729E-1
8.03428E+2,2.86889E-1,4.93440E-1,3.52442E-1,8.70582E-1,-4.46954E-1,4.95928E-1,5.44184E-1,-1.14526E+0,4.34040E-1,-1.07192E+0,2.26631E-1,2.40653E-1,-2.90615E-1,-8.35073E-1,-1.54959E-1,-7.39622E-1,5.29661E-3,5.55562E-1,2.74952E-2,-1.91338E-1,-7.04007E-2,-8.75206E-1,-6.75020E-1,5.27098E-1,-2.05864E-1,3.78645E-1,-1.36865E-1,1.56633E+0,4.28644E-1,9.65973E-1,1.03428E+0,2.83831E-2,6.39978E-1,-9.01108E-1,4.87916E-1,1.27188E+0,-3.44561E-1,3.45389E-1,5.70676E-1,1.22675E+0,5.13051E-1,1.51040E+0,1.33010E-1,-9.05673E-2,-1.82469E-1,-8.03579E-1,-1.57637E-1,2.11961E-1,7.90342E-1,-4.44599E-1,6.27631E-1,5.46367E-1,5.57101E-1,1.22094E-2,9.79000E-1,1.04878E-1,1.43804E+0,1.30810E+0,3.95897E-1,-7.05328E-1,2.46851E-1,6.53968E-1,4.91650E-2,-4.20667E-1,1.48669E+0,1.73733E+0,-1.56394E-1,7.05909E-1,2.83078E-1,4.28826E-1,4.01588E-1,-2.47623E-1,7.90493E-2,3.82418E-3,4.59503E-1,5.56584E-1,6.44544E-1,-4.03328E-1,1.06089E-1,-5.70973E-1,7.07467E-1,3.36292E-1,3.40667E-1,-4.77566E-1,1.28411E+0,8.41643E-1,2.37265E-1,-2.45340E-2,6.65767E-2,4.50094E-1,3.78415E-1,9.34788E-1,4.36604E-2,1.39146E+0,9.02116E-2,1.60054E+0,-3.79172E-1,2.00903E-1,3.02114E-1,1.47666E+0,4.48175E-1,1.26840E+0,6.57896E-1,1.13330E-1,7.28429E-1,-3.01716E-1,6.79176E-1,1.45818E+0,1.37820E+0,1.17348E+0,-6.59421E-1,1.41793E+0,9.60687E-1,1.11705E+0,1.85712E+0,1.40702E+0,1.17771E+0,1.17851E-1,1.27651E+0,-6.49028E-2,5.90617E-1,3.92615E-1,1.99164E+0,4.63847E-1,2.06171E+0,1.26308E+0,6.48395E-1,-6.16538E-1,6.48318E-1,1.49580E+0,-1.14994E-1,5.89151E-1,2.75479E-1,4.00064E-1,2.22521E+0,5.47903E-1,1.39055E+0,3.93812E-1,1.70611E+0,1.67207E+0,2.16473E+0,1.35477E+0,1.44487E+0,2.02531E+0,1.59496E+0,1.59409E+0,1.66480E+0,1.11936E+0,1.59827E+0,1.36774E+0,2.77300E+0,2.04740E+0,1.40815E+0,2.36888E+0,1.36275E+0,1.31278E+0,1.52505E+0,1.18536E+0,5.36051E-2,5.21993E-1,6.17465E-1,1.48879E-1,8.72568E-1,8.52256E-1,8.58589E-1,6.13756E-1,4.02272E-1
8.06824E+2,-5.77121E-2,-9.61517E-2,7.26275E-2,6.58368E-2,-2.75410E-2,-1.65986E-1,1.00484E-1,-1.10942E-1,-8.93988E-2,3.63066E-2,1.96685E-1,1.31626E-1,2.09890E-2,1.07097E-1,-1.83921E-1,1.06868E-1,1.42943E-3,-7.43330E-2,-6.32529E-2,1.40146E-2,-5.32623E-2,-3.52813E-2,1.05371E-1,9.53404E-2,-7.95672E-2,-3.51699E-2,3.26491E-2,4.38773E-2,-9.60689E-2,-8.15141E-2,-1.12868E-1,-1.01659E-1,1.35682E-1,-8.55005E-2,-2.33342E-2,-3.18317E-1,-5.95621E-3,-1.59006E-2,-6.96448E-2,-5.88099E-2,-1.01154E-1,-3.02861E-1,-2.21077E-1,2.68597E-2,2.56487E-2,8.49946E-2,-4.30171E-2,-3.67439E-2,-1.09342E-1,3.05531E-2,-1.23822E-1,-1.55827E-1,-8.41061E-2,4.06365E-2,-8.45372E-2,-1.24055E-1,1.89808E-2,-1.19056E-1,-3.57050E-2,-2.27224E-2,7.74482E-2,-1.74315E-2,9.05592E-2,-1.33936E-1,-4.23070E-2,7.72959E-2,6.25266E-2,-2.80666E-2,9.56355E-2,6.09809E-2,1.36986E-1,-1.36025E-1,-1.46431E-1,-1.95922E-2,-9.07920E-2,6.09196E-2,2.77531E-2,9.61513E-3,-1.05123E-1,9.56359E-2,-2.46615E-2,-1.93339E-1,-8.38629E-3,-5.03455E-2,-1.58396E-1,5.25704E-2,-1.71054E-1,-1.68094E-1,-2.35802E-3,-1.21281E-1,3.84005E-2,-7.88459E-2,-2.03933E-2,-1.34776E-1,-2.29459E-1,-3.32535E-1,-7.23109E-2,-1.71717E-1,-2.58681E-1,-9.87484E-2,-1.49889E-1,-1.09968E-1,-1.04976E-1,-2.59371E-1,-2.94496E-1,-1.57773E-1,-1.18421E-1,-1.38957E-1,-1.74828E-1,-1.31277E-1,-2.33161E-1,-2.51459E-1,-2.34345E-1,-9.25240E-2,-2.77388E-1,-2.73933E-1,-1.79900E-1,-5.11521E-2,-3.42988E-1,-9.63865E-2,-9.79848E-2,-1.59943E-1,-1.54538E-1,-1.10119E-1,-4.76535E-1,-3.24463E-1,-4.15960E-2,-9.50214E-2,-2.21424E-1,-1.18027E-1,-2.16813E-1,-4.50146E-2,-1.04738E-1,-7.01256E-2,-4.12867E-1,-3.00683E-1,-1.47190E-1,-3.70500E-1,-3.77027E-1,-2.50750E-1,-4.36669E-1,-4.43189E-1,-3.82703E-1,-4.13661E-1,-2.56673E-1,-2.76916E-1,-4.27060E-1,-2.57220E-1,-2.37394E-1,-4.29184E-1,-4.39322E-1,-4.30823E-1,-2.98069E-1,-4.64957E-1,-1.72671E-1,-1.52238E-1,-3.33313E-1,-2.02105E-1,-6.78379E-2,-2.47696E-1,2.49813E-2,-2.01833E-1,-9.27053E-2,-1.88672E-1,-1.35738E-1,-2.61103E-1,-2.90585E-1
8.10220E+2,3.28966E-2,-4.32971E-2,5.29139E-2,5.26606E-2,3.38890E-2,-9.20106E-2,5.01173E-2,-7.15187E-2,-1.24609E-2,-3.38227E-2,-1.40704E-2,-2.87851E-2,-4.03378E-2,1.23045E-1,-9.21987E-3,1.52247E-1,3.24983E-2,-6.83753E-2,1.73669E-2,-7.28512E-2,2.54689E-2,4.07855E-2,-3.86617E-2,-8.17000E-2,-2.24240E-2,-2.72224E-2,4.25924E-3,-1.97164E-2,-1.01040E-1,-3.74554E-2,-5.11948E-2,-2.88928E-2,3.82920E-2,7.93379E-3,2.70341E-2,-1.41093E-1,-4.81608E-3,-8.80461E-2,-1.87083E-2,-3.70260E-3,1.03304E-2,-1.03911E-1,-6.01579E-2,4.79375E-2,7.81338E-2,8.08815E-3,-4.14124E-2,2.38703E-2,-4.38209E-2,7.12266E-5,-5.40663E-3,1.21848E-2,-1.14806E-2,-3.48724E-2,-9.81154E-2,-2.25107E-3,4.13317E-2,-8.66966E-2,-1.91113E-2,2.49420E-2,5.27119E-2,1.64347E-2,1.17189E-2,5.11269E-2,-9.13591E-2,-7.10949E-2,4.35427E-2,1.77386E-2,5.81258E-2,-3.11680E-3,4.11528E-2,-2.71783E-2,-3.48323E-2,-2.23176E-2,-1.95797E-3,-2.69409E-2,-1.74779E-2,-5.45666E-2,-6.62943E-3,-6.57007E-3,-7.52228E-2,-7.74645E-2,2.58009E-3,-6.61349E-2,-1.68077E-2,-7.96721E-2,-6.91717E-2,-6.62637E-2,-1.02793E-1,-4.71731E-2,-2.57982E-2,-7.28454E-2,-3.54980E-2,-4.61320E-2,-6.84298E-2,-9.51189E-2,-3.14665E-2,-2.00644E-2,-6.76478E-2,-4.55004E-2,-1.03284E-2,-9.06400E-2,-9.66029E-3,-2.12645E-2,-8.45617E-2,-3.64744E-2,-2.14481E-2,-1.16602E-1,-4.29991E-2,-3.87033E-2,-4.25087E-2,-8.71026E-2,-6.08484E-2,-5.62891E-2,-1.29498E-1,-1.58749E-1,-1.43869E-2,5.16431E-2,-5.34621E-2,1.95336E-2,-1.29563E-1,-3.05281E-2,-6.00861E-2,-1.07518E-2,-1.09507E-1,-1.85448E-1,-1.43781E-1,-2.71273E-2,-1.28558E-1,-7.62169E-2,-1.72730E-1,-3.55556E-2,3.85349E-3,-7.91215E-2,-1.52374E-1,-1.46300E-1,-4.78712E-2,-1.74211E-1,-1.29163E-1,-1.57977E-1,-2.07460E-1,-1.38322E-1,-1.97755E-1,-1.35748E-1,-1.28080E-1,-1.76867E-1,-2.50904E-1,-1.54533E-1,-2.35484E-1,-1.68512E-1,-6.09556E-2,-1.33963E-1,-1.31312E-1,-1.70628E-1,-1.33761E-1,-1.02331E-1,-8.28088E-2,-4.19295E-2,-1.12034E-1,-5.07562E-2,-1.41413E-2,-3.61548E-2,-1.56836E-1,7.27018E-2,3.62180E-2,-1.06757E-1,-7.63389E-2
8.13618E+2,6.53764E-3,-6.20058E-2,3.61959E-2,7.79000E-2,-2.31373E-2,-6.30395E-2,6.39592E-2,-6.66540E-2,5.22490E-3,5.83172E-3,-1.30767E-2,5.14116E-2,-4.11901E-2,6.96628E-2,-4.76204E-2,2.94723E-2,8.45538E-4,-3.64292E-2,2.06507E-2,-1.38963E-2,3.38502E-3,6.46658E-3,1.22987E-3,-5.09814E-3,3.13730E-3,-2.25657E-2,2.50686E-2,-1.88309E-2,4.28338E-3,-7.74279E-3,-6.35844E-2,-9.77228E-3,4.22553E-2,3.65925E-2,-1.14432E-3,-3.57538E-2,2.83741E-2,2.03693E-2,-1.00530E-1,-3.01538E-2,2.35684E-2,-3.14777E-2,-4.09148E-2,7.75820E-2,1.86378E-2,3.14204E-2,-1.62794E-2,4.37260E-2,-7.24030E-2,-3.45498E-2,-2.30453E-2,1.22711E-2,-3.10038E-2,-7.87891E-3,-2.85796E-2,-5.92343E-2,-1.61563E-2,-3.11321E-2,6.92341E-3,2.47641E-2,-3.87793E-2,-4.39918E-3,-5.96777E-3,6.94517E-2,-1.34413E-2,-4.61881E-2,7.34308E-2,1.04075E-2,1.04424E-2,-9.81380E-4,1.10599E-2,-1.80903E-3,-4.64028E-2,-6.23889E-3,-7.00710E-2,7.87236E-2,-1.73122E-2,3.00075E-2,4.80316E-2,5.94893E-2,-4.27505E-3,-2.07840E-2,1.68180E-2,-1.17539E-2,1.42772E-2,-2.56977E-2,-5.49827E-2,-1.55224E-2,7.37654E-3,-3.53648E-2,6.41852E-4,-2.99363E-2,-2.06793E-2,5.00952E-3,-1.86876E-2,-2.64171E-2,6.68925E-2,-7.25909E-2,-7.07886E-2,-4.28168E-2,-9.45361E-3,-6.79340E-2,-7.40334E-2,-9.44239E-2,-3.85156E-2,-2.43317E-3,-6.21983E-3,-3.01495E-2,-2.49701E-2,-5.92776E-2,-2.93753E-2,-3.90479E-2,-1.60802E-2,-3.09131E-2,-1.15443E-1,6.74680E-3,2.70811E-2,-1.09140E-2,4.99274E-3,-6.34039E-2,-2.03311E-2,-4.32339E-2,-2.72906E-2,3.93574E-2,-9.00221E-2,-9.05663E-2,-3.34760E-2,1.31078E-2,-5.89419E-2,-8.12220E-2,-9.27328E-2,8.29851E-4,-2.09972E-2,-3.13001E-2,-4.54889E-2,-4.61877E-2,-6.91337E-2,-5.89138E-2,-7.33828E-2,-8.72107E-2,-1.06703E-1,-9.64136E-2,-4.30535E-2,-6.26785E-2,-7.78219E-2,-9.60797E-2,-1.12375E-1,-4.56898E-2,-8.40475E-2,-1.19374E-1,-7.21415E-2,-1.05324E-1,-8.73819E-2,-1.15354E-1,-1.04892E-2,-2.26065E-2,-2.81775E-2,2.29296E-2,-5.53303E-2,-6.68001E-3,1.93394E-2,4.58611E-3,5.78079E-2,-3.06113E-2,-3.90222E-2,-5.48048E-2,-2.40305E-2
8.17016E+2,-8.51562E-2,2.30006E-1,-1.32259E-1,-1.86974E-2,1.02696E-1,1.08666E-1,-5.38085E-2,-1.66303E-1,1.14054E-2,8.57623E-2,-1.31985E-1,6.94506E-2,2.21205E-3,-1.91185E-1,1.69194E-1,-1.37474E-1,-8.85035E-2,-6.27600E-2,-1.93882E-1,3.92390E-2,-2.49871E-1,-6.24762E-3,-6.66247E-2,3.49924E-2,-1.82510E-1,-2.11200E-1,-8.45780E-2,1.73871E-2,-1.44735E-2,1.22634E-1,-1.26085E-1,-6.30514E-2,-2.27509E-1,7.97053E-2,-8.66897E-2,1.69707E-1,-8.21970E-2,-1.13828E-1,9.49764E-3,-7.14104E-2,8.81265E-3,1.03121E-1,1.35067E-1,-2.83592E-1,-6.38040E-3,-1.36537E-1,1.68445E-1,-2.00086E-1,1.68244E-2,-1.98817E-1,5.65092E-2,1.06409E-1,9.10760E-2,-6.74650E-2,3.39647E-2,-9.09625E-2,-4.50779E-2,-8.30470E-2,1.06899E-1,-1.38630E-1,-7.14483E-2,8.35548E-2,-5.19749E-2,-1.43896E-1,-1.26140E-2,-7.00885E-2,4.46951E-2,-7.52703E-2,-6.23615E-2,-1.64392E-1,5.69027E-2,-5.22094E-2,1.89017E-1,-1.00334E-2,5.99929E-2,-2.09243E-2,-2.38123E-1,-4.66778E-2,6.94467E-2,-4.00333E-2,-4.81974E-3,-1.73261E-2,-2.10282E-1,8.19437E-2,2.34570E-2,-1.12103E-1,1.07571E-2,-6.47621E-2,-1.01962E-1,2.03027E-1,1.16833E-1,-3.37081E-2,8.38106E-2,-1.66419E-1,1.00848E-2,-3.00919E-2,1.18344E-1,1.08295E-1,1.64745E-1,5.13994E-2,2.02426E-1,-1.67848E-1,-8.86472E-2,2.63575E-2,1.81971E-1,-2.93360E-2,1.07855E-1,-5.22680E-2,4.32814E-2,-8.80959E-2,6.31447E-2,1.23185E-1,2.26855E-1,3.50796E-3,4.35852E-2,-7.05774E-2,4.34002E-2,-5.53185E-2,1.12302E-1,-5.23867E-2,1.39345E-1,-1.97745E-2,1.34380E-1,-3.69214E-2,1.39188E-2,-8.57705E-2,1.08256E-1,1.44343E-1,1.78532E-1,-7.04335E-2,1.54404E-1,6.11662E-2,-4.56084E-2,1.79062E-2,3.01495E-1,1.44679E-2,8.26281E-2,1.18189E-1,2.35038E-1,2.39677E-2,1.60212E-1,9.82751E-2,1.73702E-1,9.87519E-2,7.15539E-2,2.37838E-1,1.69706E-1,-1.10759E-1,2.88154E-1,1.47215E-1,6.55112E-2,6.01577E-2,1.80046E-1,-1.03417E-2,6.09455E-3,4.44642E-2,1.33065E-1,3.14365E-3,-1.39369E-2,2.93075E-2,-4.31933E-2,7.23171E-2,1.56611E-2,3.94292E-2,1.82498E-1,4.12051E-2,1.07545E-1
8.20415E+2,-6.03818E-3,1.82456E-2,8.11514E-2,5.93306E-2,-6.59803E-2,-1.91435E-3,3.75949E-2,-9.55184E-2,-1.50626E-2,-6.91924E-2,6.88421E-3,4.38976E-2,-2.01059E-3,5.88355E-2,-5.02231E-2,7.99285E-2,-7.19957E-3,-2.86236E-2,-2.46865E-2,-9.74698E-3,2.06101E-2,8.48479E-2,1.33837E-2,-6.48820E-2,1.35183E-3,4.87072E-2,2.06566E-2,-5.58735E-2,-6.24489E-2,-3.11297E-2,3.34028E-3,-8.10377E-2,2.82088E-2,-9.28720E-3,1.09575E-1,-3.77717E-2,3.64280E-2,3.00190E-5,-5.12942E-2,5.32431E-3,-3.92764E-2,-9.99347E-2,-1.19658E-1,1.01298E-1,5.24267E-2,9.14599E-2,4.85486E-2,3.00269E-2,-8.55477E-2,-1.69672E-2,2.69412E-2,4.22163E-2,8.07176E-2,-2.11200E-2,-1.08410E-1,1.94302E-2,-2.17762E-2,-1.67043E-2,8.42325E-2,-3.97859E-2,5.93636E-2,-3.83372E-2,1.90578E-2,1.54054E-2,1.33177E-2,2.30668E-2,8.26594E-2,3.39256E-3,3.36852E-2,-2.51480E-2,1.28186E-2,-5.43500E-2,-4.95481E-2,4.05382E-3,-3.08263E-2,-7.35663E-2,-6.43351E-2,1.29110E-2,-2.08652E-2,2.79208E-2,-1.91702E-2,1.42732E-3,1.70633E-2,-1.24880E-2,-3.15814E-2,-1.16425E-2,-3.12632E-2,-3.32285E-2,-4.45863E-2,-8.92061E-2,-4.16610E-2,-5.19229E-2,7.87612E-3,-2.37655E-3,-7.26265E-3,-1.44676E-1,-6.81699E-2,-3.53455E-2,-6.23793E-2,-4.86292E-2,-1.91543E-1,-7.23673E-2,6.50067E-3,-1.12197E-1,-7.84837E-2,-4.96515E-2,-4.96091E-2,-1.84966E-2,-3.66222E-2,-7.09266E-2,-6.15675E-2,-5.66811E-2,-1.47388E-1,-6.09888E-2,-8.89977E-2,-4.32052E-2,-2.04756E-2,1.58927E-2,-1.39713E-1,-3.77808E-2,-6.51441E-2,-7.35899E-3,-3.76319E-2,-6.41380E-2,-5.87141E-2,-1.84666E-1,-1.25383E-1,-3.36396E-2,1.10986E-2,-5.31735E-2,-1.68321E-1,-7.68623E-2,-3.95236E-2,-9.13410E-2,-1.10755E-1,-1.05656E-1,-1.31209E-1,-1.93736E-1,-1.06563E-1,-2.02905E-1,-2.44708E-1,-1.86505E-1,-1.96007E-1,-1.06701E-1,-1.42591E-1,-1.13810E-1,-2.17581E-1,-1.26088E-1,-1.36959E-1,-1.77017E-1,-1.90409E-1,-1.67296E-1,-1.41846E-1,-2.28035E-1,-1.47069E-1,-1.54424E-1,-1.41093E-1,-8.63517E-2,-7.64311E-2,-6.46602E-2,-3.27772E-2,-1.04462E-1,-8.71730E-2,-2.37338E-2,2.29571E-3,-1.53462E-1,-1.17741E-1
8.23814E+2,1.07056E-1,-1.60124E-1,1.39983E-2,1.72155E-1,-2.69977E-2,-2.24433E-1,-1.24801E-1,-7.92361E-2,8.16910E-2,8.42383E-3,9.90243E-2,4.26021E-2,-1.16233E-1,1.80743E-1,2.61314E-2,9.08215E-3,8.06572E-2,-1.93425E-1,-3.12027E-1,-7.20354E-2,-1.12012E-2,-3.16892E-1,9.01800E-3,-3.57705E-1,-1.94879E-1,2.39028E-1,-1.23802E-1,-2.07412E-1,-7.88700E-2,-1.55234E-1,-3.24467E-1,8.59758E-2,6.13112E-2,-5.45892E-2,-3.57371E-1,-5.38049E-1,-6.36864E-2,-2.38249E-1,-3.08117E-1,-1.73483E-1,-2.51420E-1,-3.07667E-1,-3.82157E-1,7.59032E-2,1.46998E-1,2.49515E-1,-4.18888E-2,2.53725E-1,1.30812E-2,4.01455E-2,-4.65361E-1,-1.25377E-1,-3.34121E-1,2.00462E-1,-3.31166E-1,-3.10977E-1,-3.17141E-1,-2.42587E-1,-1.16631E-1,-1.41799E-1,1.15285E-1,-1.82575E-1,-3.53477E-1,-2.10329E-1,-1.53502E-1,-2.96938E-1,1.03673E-1,-2.14408E-1,-1.04315E-2,-2.17168E-2,4.04815E-2,-5.08320E-2,-2.66894E-1,-5.07326E-1,-3.11481E-1,-3.79449E-1,-3.39312E-1,2.33408E-2,-3.50954E-2,-1.01960E-1,-3.06428E-1,-8.86335E-2,9.68172E-3,-2.63948E-1,-1.26575E-1,-1.20192E-1,-1.45436E-1,-3.90298E-2,-1.87769E-2,-1.63128E-1,4.12742E-2,-2.31397E-1,-5.12368E-1,-1.35857E-1,1.07976E-1,-5.59801E-1,-2.18701E-2,-2.77640E-1,-1.60446E-1,9.60273E-3,-2.96400E-1,-3.42806E-1,-3.43461E-1,-4.75263E-1,-3.70579E-1,-2.18538E-1,-4.15376E-1,-3.82820E-1,-6.34795E-1,-2.15310E-1,-2.56550E-1,-6.52156E-2,-2.30482E-1,-4.45936E-1,-4.41500E-1,-2.04048E-1,-2.61753E-1,-1.70207E-1,-3.99603E-1,-2.67237E-1,-4.22895E-1,-5.60527E-1,-1.06166E-1,-9.87472E-3,-4.38788E-1,-3.76989E-1,-4.88006E-1,-3.65048E-1,-3.87970E-1,-4.29727E-1,-7.15079E-1,-1.65323E-2,9.31842E-2,-3.62598E-1,-5.11912E-1,-5.30031E-1,-7.27947E-1,-5.41056E-1,-4.07641E-1,-5.85174E-1,-7.53769E-1,-6.12129E-1,-5.88191E-1,-5.06360E-1,-5.32601E-1,-4.63948E-1,-8.30684E-1,-2.25333E-1,-5.98367E-1,-7.52738E-1,-3.48793E-1,-5.95238E-1,-5.31069E-1,-9.34756E-1,-5.88422E-1,-2.11235E-1,-6.57007E-1,-3.08832E-1,-7.18357E-1,-1.45756E-1,-2.96847E-1,-2.28994E-1,-3.61683E-1,-2.06896E-1,-5.45760E-1,-1.13612E-1,-6.40077E-1
8.27214E+2,-1.83282E-1,-2.44015E-2,1.26417E-1,-3.70933E-2,-1.39456E-1,-1.26168E-1,1.77043E-1,1.36623E-2,-8.87827E-2,-3.32141E-3,-7.80754E-2,4.47837E-2,1.03641E-1,2.05071E-1,9.96209E-3,1.39728E-1,-1.52378E-2,-1.81425E-1,1.39151E-1,1.04790E-1,-3.20916E-2,-4.08354E-2,9.44959E-3,1.13368E-1,-9.36972E-2,-9.02659E-3,2.39506E-2,-3.53461E-2,-7.40083E-2,1.53058E-2,-5.83167E-2,8.31581E-4,5.38395E-2,7.06785E-2,8.85195E-2,-1.08056E-1,-1.30191E-1,-1.28721E-2,-7.29139E-3,-2.64394E-1,5.31353E-2,-2.21422E-1,-3.28384E-2,-5.00920E-2,-5.93398E-2,3.35892E-1,-1.10657E-1,3.88713E-1,-7.71274E-2,-2.79110E-2,2.52139E-2,9.29301E-3,-2.11712E-1,-2.24893E-2,-1.32846E-1,1.50504E-1,-1.13808E-1,-1.11842E-2,3.75719E-3,-2.99383E-2,-5.42995E-2,3.13102E-2,-2.34933E-2,2.60666E-1,8.73167E-2,4.28492E-2,2.00401E-1,-2.48990E-2,1.61922E-1,2.46859E-1,1.19956E-1,-2.96975E-2,2.50650E-2,3.53047E-2,1.31684E-2,3.72291E-2,1.54823E-2,1.36605E-1,6.53188E-4,1.19161E-1,-1.05697E-1,-6.52678E-2,1.98786E-2,-7.99551E-2,-1.05386E-1,-2.40654E-1,-1.13243E-1,-1.45550E-1,-2.05349E-1,-1.07874E-1,3.14679E-2,-2.23893E-1,-4.93493E-3,6.45931E-2,4.70022E-3,-3.52509E-1,-3.96382E-3,-1.62786E-3,-2.08665E-1,-9.67428E-2,-2.05189E-1,-2.57271E-1,8.19679E-2,-2.55696E-1,-3.13494E-1,-6.65362E-2,-7.77874E-2,-9.58133E-2,-1.66533E-1,-2.71465E-1,-1.67898E-1,-3.16640E-1,-2.57878E-1,-8.87216E-2,-2.18321E-1,-1.98084E-1,1.03718E-1,9.14986E-2,-2.87795E-1,2.15765E-2,-2.52586E-1,-2.18453E-1,1.00235E-1,-6.44663E-2,-2.34872E-1,-3.84784E-1,-2.21355E-1,-1.60266E-1,-1.21941E-1,-5.21713E-2,-3.49371E-1,5.25767E-2,-2.53171E-1,-2.76979E-1,-2.61706E-1,-3.06886E-1,-2.65394E-1,-3.74061E-1,-2.37208E-1,-2.97113E-1,-1.42924E-1,-3.73756E-1,-5.48807E-1,-4.16521E-1,-3.58957E-1,-4.60850E-1,-5.26954E-1,-5.99501E-2,-5.68465E-1,-6.09587E-1,-3.25510E-1,-3.88499E-1,-4.12873E-1,-5.68284E-1,-5.29382E-1,-2.29527E-1,-1.40212E-1,-2.89627E-3,-2.28418E-1,-1.56268E-1,3.52372E-3,-2.12731E-1,-1.06153E-1,-3.26752E-1,-1.75143E-1,-1.31808E-1,-3.08691E-1
8.30615E+2,-8.65668E-2,3.65647E-2,6.84895E-2,7.41550E-2,-1.41344E-1,-1.57768E-1,8.76190E-2,2.60692E-2,-1.11462E-1,6.13247E-3,7.77457E-3,9.24786E-2,9.65944E-2,9.17378E-2,-9.04744E-2,-5.87879E-2,-1.11628E-1,-1.33287E-1,-1.37185E-1,-2.26206E-2,7.68362E-3,4.21830E-2,9.56950E-2,-1.47873E-1,1.54034E-2,-4.37945E-2,-3.79317E-2,-7.68888E-2,-1.55323E-1,1.46557E-2,-1.00825E-1,2.91919E-2,1.21333E-1,-1.90898E-2,8.84905E-2,-1.36677E-1,3.07296E-2,-1.30864E-1,3.33815E-2,-9.62636E-3,-1.59522E-1,-1.91129E-1,-1.71733E-1,7.20236E-2,2.91386E-2,1.55224E-1,-4.78621E-3,4.37168E-2,7.77433E-2,6.37930E-3,-8.66649E-2,6.26946E-2,-1.67308E-3,-4.77259E-2,4.17081E-3,-5.33481E-2,-6.71806E-2,3.14095E-2,-4.85146E-2,-3.18570E-2,-1.18799E-1,-9.52942E-2,-1.19897E-1,4.56593E-2,-5.69901E-2,-3.82369E-2,-2.86092E-2,2.80192E-2,3.90829E-2,3.92796E-2,2.46410E-2,-1.14122E-1,-8.14846E-2,-2.43688E-2,-8.77514E-2,1.01891E-1,-5.60873E-3,7.79791E-3,-1.90675E-2,-1.13925E-2,-6.71152E-2,7.64084E-3,4.24794E-2,-1.13243E-1,-3.97424E-2,-7.44078E-2,-1.63511E-1,1.53768E-2,1.01678E-2,-8.67980E-2,-5.10889E-2,-1.21233E-1,8.19312E-2,-2.69983E-2,1.40329E-3,-2.33443E-1,-8.19093E-2,4.34665E-2,-1.09072E-1,-9.88112E-2,-5.61729E-2,-6.87500E-2,3.28426E-3,-8.34351E-2,-1.47233E-1,3.35932E-2,-5.39667E-2,-3.14909E-2,-1.63433E-1,-7.19113E-2,-1.84153E-1,-2.08860E-1,-1.27683E-1,-1.41105E-1,-2.36486E-1,-2.27049E-1,-1.81924E-1,-9.62005E-2,-2.31347E-1,-1.42443E-1,-2.43569E-1,-5.40188E-2,-1.52473E-1,-7.12057E-2,6.91750E-2,-7.77890E-2,-2.89923E-1,-1.37380E-1,-6.49922E-2,1.43011E-2,-2.11210E-1,6.85479E-2,-5.83645E-2,-5.79052E-2,-1.48602E-1,-3.13556E-1,-1.03018E-1,-2.22713E-1,-1.15708E-1,-1.68884E-1,-2.94388E-1,-2.48175E-1,-2.45698E-1,-2.02850E-1,-1.96955E-1,-1.82551E-1,-3.90389E-1,-2.26988E-1,-2.75743E-1,-1.48698E-1,-1.81280E-1,-4.08202E-1,-3.27830E-1,-4.38324E-1,-9.39103E-2,-3.16152E-2,-2.06389E-1,-1.33119E-1,-6.08514E-2,-1.82801E-1,-7.35310E-2,-4.51891E-2,-1.29335E-1,-9.04811E-2,4.25327E-2,-2.08451E-1,-1.07731E-1
8.34017E+2,-2.33926E-2,-5.92088E-2,1.76378E-2,-3.06401E-3,-3.57837E-2,-7.71505E-3,7.13666E-2,2.43622E-2,-1.15314E-2,-4.18242E-2,-7.31505E-3,3.48284E-2,-2.60078E-2,-1.92138E-2,8.68615E-2,4.93358E-2,-1.70789E-2,-5.15734E-2,1.30798E-2,-1.00584E-2,-4.97016E-2,4.01703E-2,5.26322E-2,-1.02638E-2,-1.45464E-3,1.73649E-3,2.61671E-3,-2.30796E-2,8.72850E-3,-1.08390E-2,7.38859E-3,2.51064E-2,2.18236E-2,3.11786E-2,6.43577E-2,-4.85840E-2,-2.11598E-2,3.86580E-2,4.33019E-2,-4.46296E-3,3.48792E-2,3.79492E-2,1.69558E-2,6.49873E-2,7.56655E-2,-1.23836E-2,6.28636E-2,-1.50671E-2,-1.61637E-3,2.78252E-2,-3.01414E-2,7.33108E-3,3.62947E-2,-3.37598E-2,1.72242E-2,4.42762E-2,-3.37450E-3,1.94508E-2,-3.00587E-2,2.24392E-2,-3.13518E-3,1.16402E-1,2.02118E-2,5.09866E-2,-2.41247E-2,3.79779E-2,3.17683E-2,-3.88713E-2,4.09838E-2,3.24019E-2,4.02193E-2,-5.84946E-2,3.82597E-2,3.19611E-2,-2.96541E-2,1.95297E-2,6.20844E-3,-2.10569E-2,-1.31071E-2,3.00427E-2,-2.75825E-2,-4.90604E-3,1.40804E-2,-2.25846E-2,2.90401E-2,3.30589E-2,4.51646E-2,-2.10858E-3,4.05622E-2,8.06007E-2,6.85054E-3,-4.09358E-2,5.64317E-2,7.56428E-3,2.17811E-2,-2.32727E-2,-4.35603E-3,-8.88389E-2,-3.86447E-2,-1.52327E-2,2.89579E-2,-3.23122E-2,4.21027E-2,1.97455E-2,-8.04888E-3,-2.38413E-2,2.30617E-4,-2.63100E-2,3.35996E-2,-2.05173E-3,-1.68305E-2,7.57477E-3,-2.41851E-2,8.96117E-3,-2.55159E-2,5.50596E-2,-1.26472E-3,-1.22412E-2,1.72569E-2,-1.50128E-2,5.15721E-2,3.10151E-2,-9.64277E-2,-3.46721E-2,9.38185E-3,1.23401E-2,-4.28437E-2,-4.07941E-2,-6.74868E-2,-2.80939E-2,5.07767E-3,4.28563E-2,4.83658E-2,-3.42007E-2,3.96782E-2,-3.07668E-2,3.64148E-2,-3.48787E-2,-8.76082E-3,-1.27766E-2,1.36129E-2,1.46970E-2,3.67590E-3,-1.94104E-2,-4.50153E-2,-4.70740E-2,5.58308E-2,-1.69460E-2,-4.07092E-2,8.89847E-3,-4.28242E-2,5.88787E-2,3.18586E-3,1.62108E-2,-8.00867E-3,-1.07001E-2,-2.83718E-2,5.40359E-2,4.56012E-2,8.31816E-3,6.80359E-2,1.31933E-2,-2.83903E-2,1.86109E-2,-1.73338E-2,8.39210E-4,6.46248E-3
8.37419E+2,-1.38757E-3,2.06637E-2,8.33192E-3,2.87760E-2,3.35846E-2,-6.54571E-2,5.72157E-3,-1.30221E-2,-1.42047E-2,-1.78465E-2,4.11181E-2,1.16889E-2,-4.63313E-2,8.51773E-2,-7.68129E-2,-3.94599E-2,-1.74503E-2,1.98662E-2,-3.04634E-3,-3.54711E-2,-1.91776E-2,1.31560E-2,-4.52966E-2,-8.81907E-2,-3.26109E-2,-1.86427E-2,-5.14122E-2,-6.08714E-2,-7.09559E-2,-6.25749E-2,-3.27295E-2,-5.14631E-2,2.22944E-2,2.25590E-2,5.13398E-2,-7.43540E-2,3.93776E-2,4.47850E-2,-6.73179E-2,-3.94938E-3,-4.33072E-2,-8.15709E-2,-1.14646E-1,3.22668E-2,3.39078E-3,5.54121E-2,1.06533E-2,1.33080E-2,-4.67792E-2,1.47008E-2,-9.66878E-2,-1.81077E-2,-5.05624E-2,-6.26600E-2,-4.13274E-2,2.39662E-2,-3.58587E-2,-9.24360E-3,3.07335E-2,-5.19853E-3,2.22147E-2,9.68771E-3,-4.89635E-2,5.66469E-3,-3.57752E-2,-3.88869E-2,2.72934E-2,1.37771E-2,5.27169E-2,5.68421E-2,-2.11178E-2,-9.20540E-3,-2.72598E-3,-4.30107E-2,-6.10122E-2,-2.58118E-2,-3.27150E-2,-4.10849E-3,1.87225E-2,1.31604E-2,-1.98513E-2,-4.16290E-2,-2.93279E-2,-1.92349E-2,1.45378E-2,-6.44720E-2,-8.16122E-2,-3.82005E-2,-1.50181E-2,-4.94638E-2,3.67137E-2,-4.19198E-2,-2.06079E-3,-1.32208E-2,-7.65659E-2,-5.29699E-2,-2.27401E-3,-2.39541E-2,-6.81463E-2,-7.81234E-2,-7.90586E-2,-6.58900E-2,-1.86114E-2,-5.14046E-2,-5.66932E-2,-9.28965E-2,-1.04926E-1,-7.68980E-2,-1.90916E-2,4.73161E-3,-8.01779E-2,-2.76882E-2,-3.35234E-2,-4.14729E-3,-1.19240E-1,-7.06415E-2,-1.10180E-1,1.40699E-2,-9.62741E-2,-6.20501E-2,-7.89853E-2,-5.15029E-2,-3.78642E-2,-8.28712E-2,-7.86636E-2,-7.87560E-2,-8.66212E-2,-1.60069E-2,-5.06149E-2,7.24727E-3,-1.21618E-1,-1.73045E-2,-8.33912E-2,-1.15748E-1,-9.11709E-2,-9.90569E-2,-4.22745E-2,-1.45830E-1,-7.04984E-2,-8.61493E-2,-1.85647E-1,-2.03110E-1,-1.71114E-1,-1.33246E-1,-1.21002E-1,-1.24052E-1,-1.61664E-1,-8.97040E-2,-1.29224E-1,-1.65058E-1,-1.20395E-1,-8.39307E-2,-1.70443E-1,-1.58540E-1,-1.14664E-1,-1.40083E-1,-1.09259E-1,-2.86003E-2,-5.16084E-2,-5.28257E-2,-5.94940E-2,-7.02016E-3,-3.31450E-2,-9.36319E-2,-4.06612E-2,-3.16381E-2,-1.31148E-1
8.40822E+2,-1.70549E-1,4.57308E-1,-4.81786E-1,5.53490E-1,3.47520E-1,6.75414E-1,2.33343E-1,3.64706E-1,-2.06842E-1,-4.38351E-1,-8.09125E-1,-3.03363E-1,-5.51511E-1,4.11434E-1,-8.16863E-2,-3.77634E-1,1.99653E-1,9.10359E-2,-6.17923E-1,-3.00277E-1,2.18923E-1,-1.92147E-1,2.58045E-1,5.53251E-1,1.46351E-1,1.00156E-1,-1.59140E-1,8.73529E-2,-4.84302E-1,1.83216E-1,3.45611E-1,-2.88924E-3,-8.71534E-1,-5.72118E-1,7.86524E-3,1.18504E-1,-4.03152E-1,4.58554E-1,3.74045E-1,1.83097E-1,1.13399E-1,5.68501E-1,6.21225E-1,-9.01896E-1,-1.17709E+0,-2.55740E-1,-1.39907E-2,-5.12622E-1,-9.62446E-2,-3.17882E-1,4.81014E-1,4.22510E-2,-9.26447E-2,-6.03274E-1,-4.02473E-2,-4.14495E-1,7.17170E-1,2.01706E-1,3.22468E-1,3.25090E-2,-1.60182E-1,2.82880E-1,-4.60175E-1,1.95420E-2,-2.43446E-1,-4.14816E-1,-2.32301E-1,3.64344E-1,-4.20456E-1,-6.27125E-1,2.58236E-1,3.13598E-1,6.50422E-1,3.39640E-1,7.22754E-1,4.35949E-1,5.20682E-2,-1.01244E-1,2.44204E-1,-9.88292E-1,-1.64646E-1,9.14909E-2,6.93287E-2,4.19696E-1,1.48949E-1,2.71326E-1,4.15231E-1,2.79448E-1,2.53582E-2,9.28709E-2,-7.09119E-1,-2.12538E-1,9.42212E-1,2.83132E-1,-2.16321E-1,4.10245E-1,-6.19213E-1,5.66908E-1,-8.74769E-2,6.97917E-1,5.49919E-2,5.35550E-1,6.66790E-1,7.07362E-1,-1.82043E-1,-4.05680E-1,-1.40720E-1,5.60491E-1,-9.22282E-1,5.83313E-1,-3.46204E-2,7.33633E-1,6.31467E-1,6.74956E-1,1.27437E+0,1.53513E-1,6.70977E-2,-9.21352E-1,5.71173E-1,3.88027E-1,-4.22404E-2,1.31616E-2,2.06057E-1,-1.07553E-1,8.05807E-1,7.49994E-2,6.41740E-1,-4.49111E-1,3.62838E-1,3.36598E-2,5.96225E-1,2.21621E-1,1.62977E-1,-2.80315E-1,4.77951E-1,1.67840E+0,8.25369E-1,4.79186E-1,4.65563E-1,5.77631E-1,1.60992E+0,2.18037E+0,4.25735E-1,1.12032E+0,3.08229E-1,1.07782E+0,1.07961E+0,5.44959E-1,1.52138E+0,7.79673E-1,1.16760E+0,3.04904E-1,1.67265E+0,2.01782E+0,7.57710E-1,2.73802E-1,9.68503E-1,4.00670E-1,4.41659E-1,6.37019E-1,-8.74366E-2,-4.68747E-1,4.18049E-1,2.06119E-1,-1.96989E-1,1.35207E+0,1.63860E+0
8.44226E+2,4.70489E-3,-2.88114E-2,-1.14273E-3,-2.44628E-2,-5.50165E-2,4.58848E-2,-2.53052E-2,-9.58440E-3,4.23842E-2,2.62719E-2,7.37730E-3,-4.19967E-2,-9.00109E-3,1.16142E-1,-4.74443E-2,4.34004E-2,-4.62164E-2,-2.54281E-2,-1.74479E-2,-7.61105E-3,-2.05316E-2,-8.21354E-3,-5.99386E-2,-5.42154E-2,3.37050E-2,-1.00664E-1,1.21269E-2,-5.30746E-2,3.03921E-2,-4.01463E-4,-9.39444E-3,-3.63143E-2,-3.60360E-3,7.47568E-3,5.84303E-2,-7.57776E-2,4.77563E-2,2.13343E-2,-9.03709E-2,4.23745E-2,1.02354E-2,-6.71641E-3,-3.57958E-3,-4.07595E-2,-7.49169E-3,3.50261E-2,-3.45956E-2,-5.02169E-3,-1.47586E-1,4.17828E-2,3.66212E-3,-1.45244E-2,-4.65370E-2,1.47527E-2,-5.43535E-2,-2.60700E-2,3.13696E-2,-9.38369E-3,4.48939E-2,2.15587E-2,-6.30059E-3,-1.80868E-2,5.41511E-3,4.07449E-2,-5.23370E-2,9.90367E-3,-1.22918E-3,-2.42001E-2,1.09370E-2,5.88736E-3,-1.24980E-2,-7.94774E-4,-4.63892E-2,-1.76537E-2,-6.77691E-6,-3.18297E-2,-1.47902E-2,-9.94962E-3,-2.64128E-2,-3.71528E-4,-1.47515E-2,-6.09095E-2,-1.53614E-2,-4.04639E-2,1.97239E-2,4.73668E-2,-7.93605E-3,-9.24816E-4,2.60988E-2,-8.59282E-2,1.74377E-2,-4.21999E-2,8.57582E-2,-4.14388E-3,2.92035E-2,7.79119E-2,-4.50373E-2,2.45616E-2,-4.17596E-2,-7.21434E-2,-1.60837E-2,-5.09857E-2,-7.49766E-2,-9.05026E-4,-6.52823E-2,-8.01905E-2,-4.44956E-2,5.64768E-3,-1.15977E-3,-6.29474E-2,-5.63884E-3,5.44100E-2,-4.03935E-2,7.11685E-3,-3.34125E-2,2.17970E-2,-5.16616E-2,-1.86404E-2,-4.18466E-2,-5.69296E-2,3.19100E-3,3.47350E-2,-7.83231E-2,6.36742E-2,-5.09341E-2,2.38636E-2,-4.69859E-2,9.01448E-3,3.82070E-2,-5.24058E-2,7.55234E-2,-6.32417E-2,-3.00435E-2,-1.96768E-2,1.68274E-2,4.29761E-2,-4.29338E-2,-7.62392E-2,-5.08389E-2,-4.28497E-3,-1.51287E-1,-6.34965E-2,2.63426E-2,-8.69787E-2,1.60493E-2,-1.06181E-2,-7.22772E-2,1.75110E-2,-5.12993E-2,-3.47017E-2,-2.41435E-3,1.39551E-2,-4.36605E-2,-1.36662E-2,-4.06961E-2,-9.35243E-2,-1.62285E-1,-1.17527E-3,-9.07611E-2,3.99817E-2,-3.43040E-2,-2.48200E-2,-1.10751E-1,-2.21035E-2,-4.75833E-2,1.81660E-2,-1.20845E-2
8.47630E+2,3.56250E-2,5.74840E-2,4.52570E-2,-5.18132E-3,4.94376E-2,3.05071E-2,-1.78606E-1,-5.90729E-2,-4.40359E-2,9.73162E-2,-7.48344E-2,2.36882E-2,1.65097E-3,1.76849E-2,3.07986E-3,-4.53117E-2,6.05699E-3,6.28381E-2,7.58406E-3,7.56612E-2,6.81141E-3,-9.96559E-3,8.65201E-2,3.10675E-2,2.27061E-2,-1.24921E-3,-9.64285E-3,-1.62637E-2,-2.48855E-2,1.21558E-1,8.39005E-3,7.96088E-2,1.44027E-2,-2.59118E-2,1.47537E-2,1.26606E-1,1.44341E-2,1.29939E-1,2.66030E-2,1.79587E-1,3.30256E-2,-4.27546E-2,-7.23526E-2,6.57446E-3,2.21696E-2,7.36279E-2,1.94150E-1,4.07568E-2,-3.73147E-2,1.08284E-1,-3.38945E-2,1.59402E-1,-1.70288E-2,-3.44675E-2,-3.11192E-2,1.83584E-1,9.06834E-2,2.29182E-2,-2.10728E-2,-3.57610E-4,1.05737E-1,4.36946E-2,-4.53340E-2,2.22682E-2,2.62701E-2,-4.04964E-2,-4.59240E-2,3.27102E-2,5.43420E-2,9.74218E-2,4.66162E-2,3.98532E-2,1.91174E-2,-7.87138E-2,-1.04288E-1,1.07220E-1,2.13728E-2,1.23091E-1,9.24272E-2,8.41316E-2,2.98856E-2,-1.98900E-2,-8.34404E-2,-1.17849E-2,1.38293E-2,1.19370E-1,3.23115E-2,6.50653E-2,-2.55754E-2,2.76995E-2,-1.20399E-1,-5.43446E-2,1.47017E-2,-1.90541E-2,1.77244E-2,9.25731E-2,-3.39707E-2,2.49639E-2,7.20896E-2,7.15085E-2,2.75946E-2,4.82210E-2,1.12321E-1,3.31943E-2,2.14054E-2,-6.53866E-2,7.08933E-2,2.71645E-2,1.31912E-1,9.24137E-2,-5.21725E-3,-5.26031E-2,8.16550E-2,-2.67533E-2,1.38756E-1,1.11978E-1,-1.44344E-2,1.01707E-1,-8.54956E-2,1.62686E-1,7.25524E-2,2.85186E-2,7.26600E-3,1.92634E-2,-3.68921E-2,7.25850E-3,9.52020E-2,-8.58818E-2,-7.18087E-2,1.42119E-2,1.09767E-1,3.37620E-2,4.07007E-2,9.65683E-2,-8.94666E-2,4.60227E-2,4.19426E-2,6.28518E-2,-1.15707E-2,3.51202E-2,9.66649E-2,7.01705E-2,1.87465E-1,1.58886E-1,1.03178E-1,2.62009E-2,1.60150E-1,-1.17068E-1,1.00379E-1,1.56547E-1,5.14342E-2,4.22575E-2,1.10759E-1,2.60069E-1,6.39943E-2,9.94982E-2,5.73318E-2,-4.44646E-2,1.67603E-2,-5.38985E-3,1.04434E-1,-2.53312E-2,-3.38318E-3,-4.09553E-2,5.23870E-2,-9.62796E-3,-7.76379E-2
8.51035E+2,1.53458E-2,-3.98265E-3,6.33480E-2,6.94636E-2,-8.57692E-2,-3.78427E-2,5.58662E-2,-1.22838E-1,8.75316E-3,-3.86734E-3,-2.14146E-2,5.56331E-2,-7.50669E-2,1.62889E-1,-8.05175E-2,8.02287E-2,-1.29055E-2,-9.46168E-2,1.17247E-2,7.79674E-2,8.43180E-2,1.49103E-1,-3.93311E-2,-2.51995E-2,1.23117E-2,2.80269E-2,4.09835E-2,-3.44172E-2,-1.31566E-1,-7.08717E-2,-6.20660E-2,-1.09761E-1,1.42551E-2,7.05225E-2,5.06650E-2,-1.08614E-1,-3.40250E-2,-6.56692E-2,-3.22389E-2,-3.47018E-2,-7.06727E-2,-1.55184E-1,-9.49909E-2,4.05748E-2,3.19746E-2,9.90406E-2,3.04873E-2,1.12146E-1,-9.53414E-2,-9.92643E-3,-1.02488E-1,2.03372E-2,-2.06769E-2,-3.59535E-2,-1.04602E-1,-3.92502E-2,-3.26851E-2,-6.99270E-2,4.73703E-2,-1.68521E-2,1.31757E-1,-5.42865E-2,2.23161E-2,1.19043E-2,8.27922E-2,-8.05448E-2,9.18689E-2,3.16645E-3,-5.73694E-2,2.48219E-2,5.76013E-2,-6.84217E-3,-5.76606E-2,-1.85990E-2,-1.65920E-2,-6.52158E-3,-4.26335E-3,7.21843E-2,-6.23703E-2,3.92660E-2,3.80380E-2,-2.55634E-2,5.28079E-2,-1.08572E-2,1.71547E-2,5.28395E-2,-7.71453E-2,-5.27736E-2,4.80811E-2,3.96822E-2,-7.68589E-3,-6.74091E-2,5.04896E-2,-2.77199E-3,-2.08337E-2,-1.15488E-1,-1.66276E-2,-1.10899E-2,-1.24207E-1,-2.52890E-2,-1.43155E-1,-3.23998E-2,-1.96865E-2,-1.23276E-1,-1.10469E-1,-8.75910E-2,-5.45729E-2,-3.56570E-2,-1.63336E-2,-4.67729E-2,-4.00214E-2,-1.84275E-1,-7.28734E-2,-6.25854E-2,-1.28484E-1,-6.89824E-2,-4.83529E-2,-4.61014E-2,-7.27948E-2,-6.95509E-3,-5.78286E-2,-5.30970E-2,-3.12743E-2,-3.76936E-2,-4.99646E-2,-1.31696E-1,-7.95519E-2,-8.74406E-2,-1.29117E-1,-5.64214E-3,-6.38007E-2,-1.07227E-1,-4.71276E-2,-9.51255E-2,-2.09338E-1,-1.82463E-1,-5.72401E-2,-1.83962E-1,-1.60079E-1,-1.27466E-1,-2.30741E-1,-1.92762E-1,-1.81733E-1,-2.07465E-1,-1.62559E-1,-1.44141E-1,-2.14429E-1,-1.08545E-1,-1.86919E-1,-1.38761E-1,-1.70839E-1,-1.37782E-1,-2.00405E-1,-2.97671E-1,-8.93195E-2,-6.18996E-2,-1.04888E-1,-1.08949E-1,-7.66166E-2,-9.98493E-2,-1.71911E-2,-6.84753E-2,-1.76587E-1,-5.18396E-2,-1.59321E-2,-1.65607E-1,-1.32473E-1
8.54441E+2,3.28838E-2,-1.32734E-1,3.54245E-2,3.09810E-2,-3.62970E-3,-6.16570E-2,1.70274E-2,1.85009E-2,-3.17611E-2,-8.44441E-2,6.77883E-2,1.75881E-2,1.29956E-2,4.48373E-2,3.61993E-2,8.66622E-2,-2.35022E-2,-5.06760E-2,-4.88775E-2,5.25523E-2,3.12382E-2,2.91907E-2,4.22152E-2,1.24879E-2,-2.39409E-2,1.19336E-3,-8.30953E-2,-5.74138E-2,-6.47722E-2,-8.95654E-2,-1.01427E-1,-5.24486E-2,-5.06723E-2,2.26375E-2,5.06483E-2,6.56435E-3,3.21208E-2,6.88753E-2,-4.51336E-2,8.19324E-2,-6.22114E-2,-6.47620E-2,-2.84024E-2,1.42559E-2,-2.03408E-2,1.79557E-2,7.10375E-2,5.38791E-2,-3.19777E-3,-1.45524E-2,3.10668E-2,1.14741E-1,-1.09532E-1,-3.09680E-2,4.38873E-3,7.55687E-2,4.17290E-2,-4.55812E-2,-2.64968E-2,-7.60136E-2,1.39973E-1,2.86106E-2,1.60199E-2,-1.14084E-2,-1.27568E-3,1.61324E-3,5.61913E-2,7.64172E-2,-2.26399E-2,-8.36594E-3,-2.71626E-2,2.94404E-2,-7.36558E-2,-1.17755E-1,-7.07778E-2,-2.30562E-2,4.81179E-3,-2.68783E-2,-3.36101E-2,4.01585E-2,5.10407E-2,7.75284E-3,-1.52362E-2,-1.05261E-2,-4.24098E-2,-3.06914E-3,-2.93483E-2,1.94921E-2,6.48269E-2,-2.38593E-2,-2.38611E-2,2.77593E-2,1.89053E-2,5.56821E-3,-1.26520E-1,-2.48928E-2,3.12009E-2,-9.78652E-3,8.45534E-3,-2.56146E-2,-1.31892E-2,-5.50939E-2,4.08317E-2,-3.56491E-2,2.97816E-2,-1.58191E-2,-6.39253E-2,4.23172E-2,2.00494E-2,1.99307E-3,5.58794E-2,-4.20323E-2,-2.67097E-3,-9.36157E-2,-5.48871E-3,-2.39462E-2,6.51747E-2,-1.17338E-2,-6.22230E-2,-4.49952E-2,-5.99595E-2,-7.03684E-2,-7.80190E-2,-4.46771E-2,-1.00200E-2,-3.79272E-2,2.20103E-2,-2.72693E-2,-9.74642E-2,-5.36451E-2,-5.32210E-2,-1.01213E-1,-1.43504E-2,-9.14308E-2,-9.75076E-2,-1.43910E-1,-1.44253E-2,-1.36750E-1,-5.78191E-2,-9.41245E-2,-1.88094E-1,-9.16602E-2,-1.76414E-2,3.15660E-3,-4.28588E-2,8.94496E-2,-2.03207E-2,6.66198E-5,-3.41083E-2,-8.82462E-2,-2.46469E-2,-7.15129E-2,1.30741E-3,-7.37046E-2,-2.41320E-2,-6.94277E-2,-1.01399E-1,-5.49641E-3,-5.60757E-2,-1.96921E-2,-8.28001E-2,-1.53489E-2,-1.34222E-2,-1.76076E-2,-1.02456E-1,-2.78117E-2,-1.14327E-1
8.57847E+2,3.36206E-1,2.97875E-1,-2.80786E-1,-1.56390E-2,6.17259E-2,5.09267E-3,-1.27296E-1,-3.38202E-1,-1.00063E-1,-3.18876E-1,3.69482E-2,4.49701E-2,6.89618E-2,1.46597E-1,1.82485E-1,-3.38436E-1,-4.98902E-1,8.58161E-2,-1.30895E-1,1.81495E-2,-6.24644E-1,-2.55530E-1,-2.30670E-1,-2.00489E-1,-1.82784E-1,-8.68376E-2,-1.33903E-1,-1.09346E-1,-3.31628E-1,8.73135E-2,-1.99380E-1,-5.91058E-1,-1.23574E-1,-3.04023E-3,-1.07055E-2,3.14654E-2,1.71040E-1,-3.05252E-1,4.77200E-1,-2.57603E-2,3.22065E-1,-1.63118E-1,-4.42707E-1,-2.57432E-2,-1.83828E-1,1.38700E-1,3.60356E-1,-7.52456E-2,8.50260E-2,-2.40038E-1,-2.47142E-1,-1.22011E-1,-1.11909E-1,2.44241E-1,-1.26686E-1,3.97881E-2,-3.23897E-1,3.28364E-1,-5.64392E-1,1.94657E-1,-2.19046E-1,-4.10247E-1,2.85231E-1,-3.88288E-1,1.47924E-1,3.03406E-3,-5.45632E-2,2.75795E-3,-1.47930E-1,-1.09035E-1,1.48478E-1,1.88247E-1,-1.98989E-1,-1.69494E-1,-5.05000E-1,5.30502E-2,3.72779E-1,-1.61017E-1,-8.28578E-3,1.60665E-1,-8.05428E-2,-2.44548E-1,1.35710E-1,-8.95271E-2,-2.66489E-1,1.26978E-1,-5.26147E-2,1.12716E-1,5.41917E-2,-2.92845E-2,1.14323E-1,3.50592E-1,-1.37847E-2,5.78943E-2,-3.11806E-2,-3.36313E-1,-3.43065E-1,-4.60438E-1,-6.77051E-1,9.16891E-2,-1.93773E-1,-2.01822E-2,-1.69679E-1,-1.00726E-1,3.00392E-1,-5.32774E-1,-2.44834E-1,-2.59115E-1,-2.53881E-1,2.23430E-1,-2.77966E-1,-6.38985E-2,-1.52420E-2,-2.48657E-1,1.26955E-1,-2.06483E-2,3.17446E-1,1.29055E-2,-1.21146E-1,-2.03745E-1,-1.66964E-1,-1.12525E-1,-3.83117E-1,-6.98535E-2,-5.28697E-1,-3.12042E-1,1.78082E-2,5.69128E-2,-6.12467E-1,-1.89407E-1,-2.87722E-3,-3.48095E-1,-1.11437E-1,-1.20803E-1,9.04654E-2,-2.79212E-3,-5.84136E-1,-2.20154E-1,-5.51732E-2,1.24527E-1,3.89466E-1,-2.32482E-1,-9.39374E-2,3.09569E-1,2.41976E-1,2.09672E-1,3.00842E-2,-2.99397E-1,1.87036E-1,-1.84350E-1,7.19691E-2,-2.12652E-1,4.22707E-1,-2.62000E-1,-1.35432E-1,1.13877E-1,-1.49923E-1,1.57315E-1,-1.59865E-1,-1.41944E-1,-6.52670E-2,1.87722E-1,8.54257E-2,2.31222E-1,2.17597E-1,-5.63663E-1,-1.75249E-1
8.61254E+2,-6.54167E-3,-3.91534E-2,7.75014E-2,3.92922E-2,-2.17801E-3,-1.57388E-2,9.37194E-2,-2.29304E-2,-6.46543E-2,3.29116E-2,-3.66686E-3,1.65718E-2,-2.17462E-2,8.80698E-2,-1.71457E-1,-4.78692E-2,-1.09453E-1,-7.12374E-2,-1.74417E-1,-1.07354E-1,-2.90936E-2,-6.86857E-3,-2.22538E-2,-1.73072E-1,-1.28040E-1,-2.16703E-2,5.04818E-3,-4.96830E-2,-1.25561E-1,-6.25230E-2,-1.31605E-1,-5.37104E-2,3.95246E-2,-1.60638E-2,-4.20319E-3,-2.30145E-1,8.22981E-3,-1.11726E-1,-1.49523E-1,-1.70475E-1,-9.73769E-2,-2.69132E-1,-2.33690E-1,-2.97215E-2,6.34086E-2,-9.97936E-4,-1.27297E-1,-5.04606E-2,-3.99751E-2,-4.58811E-2,-1.22128E-1,-1.38470E-1,-8.04714E-2,-5.61888E-2,-1.72943E-1,-1.92250E-2,-4.63283E-2,-1.24842E-1,-5.56264E-2,-2.67471E-2,-8.72538E-2,-1.42593E-1,-1.08654E-1,1.04777E-2,-4.44591E-3,-9.35092E-2,3.87944E-2,-7.15199E-2,-2.30013E-2,2.05809E-2,-4.26012E-2,-1.71540E-1,-1.53577E-1,-8.33267E-2,-2.04040E-1,-4.27711E-2,-1.02087E-1,-3.18441E-2,-1.45697E-1,-3.28545E-3,-3.96270E-2,-1.16933E-1,-8.67330E-2,-7.46226E-2,-4.36734E-2,-1.22751E-1,-1.13448E-1,-1.19934E-2,-5.06297E-2,-5.59436E-2,-8.28137E-2,-7.39579E-2,-3.87779E-2,-1.37810E-1,-6.22166E-3,-1.79514E-1,-1.21337E-1,-2.81375E-2,-7.55109E-2,-6.12910E-2,-1.42450E-1,-6.47377E-2,-1.05843E-1,-9.48618E-2,-1.87408E-1,-8.49390E-2,-7.38224E-2,-1.17398E-1,-5.08060E-2,-1.61110E-1,-1.09210E-1,-1.33458E-1,-1.28491E-1,-4.13944E-2,-1.20847E-1,-9.19073E-2,-1.36402E-1,-7.52819E-2,-8.95967E-2,-6.93013E-2,-1.89184E-1,-5.12897E-2,-9.46749E-2,-8.14904E-2,-1.69628E-1,-3.08556E-1,-2.67436E-1,-1.78494E-1,-1.06307E-1,-1.29185E-1,-2.51584E-1,-5.86541E-2,-1.40331E-1,-1.41915E-1,-1.60999E-1,-1.89467E-1,-2.02644E-1,-2.79208E-1,-2.21381E-1,-1.56026E-1,-2.82521E-1,-3.41898E-1,-3.34031E-1,-2.64943E-1,-3.34467E-1,-2.88042E-1,-2.52140E-1,-2.26177E-1,-3.54550E-1,-3.07289E-1,-2.91863E-1,-1.78897E-1,-2.81351E-1,-3.85069E-1,-1.88436E-1,-2.17465E-1,-2.18610E-1,-1.54016E-1,-2.10276E-1,-1.58363E-1,-4.66718E-2,-1.52442E-1,-1.84593E-1,-1.31908E-1,-1.14592E-1,-2.17638E-1,-1.66811E-1
8.64662E+2,-5.50154E-2,1.03971E-2,-4.76740E-2,9.20126E-3,-1.13543E-2,-3.16152E-2,7.85132E-2,2.97016E-2,4.21315E-2,3.08336E-2,9.19447E-3,1.71161E-2,8.23601E-2,-6.22195E-2,-1.01571E-1,-4.10634E-2,3.84831E-2,-6.90590E-3,-1.62775E-2,5.44233E-2,1.56753E-3,6.82217E-2,2.32577E-2,-2.05355E-2,-4.92704E-2,3.79099E-2,2.93833E-2,-1.55387E-2,-3.57630E-2,-1.53141E-2,5.02943E-2,3.34002E-2,-2.40762E-2,3.06818E-2,2.19119E-2,-1.30546E-1,-5.12922E-3,5.48529E-2,-7.59564E-3,-1.19907E-1,-1.23709E-1,-1.02351E-1,-4.82453E-2,-7.48642E-2,-3.38337E-2,-9.06116E-3,-4.19873E-2,8.44646E-4,-1.14909E-2,4.54584E-2,7.41432E-3,4.36363E-2,-1.10590E-1,1.36615E-2,8.52212E-3,-6.98299E-2,1.65978E-2,-2.27734E-2,1.76575E-2,4.27062E-2,5.56370E-2,3.86080E-2,1.27496E-2,2.17511E-3,2.11518E-2,-2.23321E-2,8.71060E-2,-4.77763E-2,-1.67606E-2,4.98885E-3,6.81175E-2,6.66912E-3,5.58412E-2,-1.57455E-2,-5.96496E-2,-1.19463E-1,-7.82917E-2,-3.65041E-2,1.40020E-2,5.34074E-2,1.02421E-2,-6.97647E-3,-8.32982E-2,-1.28733E-1,-5.68759E-2,4.98380E-2,3.75680E-2,2.99850E-2,-8.69236E-2,-1.66911E-2,-4.36271E-2,-2.03219E-2,-3.34541E-2,9.00458E-2,-9.49622E-3,-9.60384E-2,-3.39987E-2,1.84766E-2,-5.99234E-2,6.64221E-2,4.66384E-2,-3.33257E-2,-2.94395E-2,-1.47178E-2,-5.42147E-2,-7.32422E-2,3.79230E-2,8.18203E-2,-5.85553E-2,-2.65108E-2,-9.67557E-3,-6.20892E-2,-1.28802E-2,-3.20037E-2,-7.67823E-2,1.86766E-2,1.63326E-2,3.41018E-2,1.37988E-2,-5.92971E-2,8.33441E-3,1.91373E-2,-7.60287E-3,-1.50609E-2,-9.03639E-2,-9.44314E-2,-1.38833E-1,2.81103E-2,-1.06835E-1,-1.71301E-2,-5.23075E-2,-2.96413E-2,-7.72423E-3,2.39153E-2,-3.76488E-2,-8.28271E-2,9.38286E-3,-1.60105E-1,-1.24156E-1,-3.16483E-2,-6.74919E-2,-1.24017E-1,-1.58229E-1,-1.59964E-1,-3.57046E-2,-9.75868E-2,-1.33172E-1,9.58448E-3,-1.27299E-1,-1.29438E-1,-5.28486E-2,-6.78476E-2,-8.76748E-2,-8.28567E-2,2.81123E-3,-3.41973E-2,-9.40631E-2,-4.32157E-2,-1.93832E-2,-4.31057E-2,-4.73446E-3,-3.14572E-2,8.33718E-3,-2.14834E-2,-1.90304E-2,-2.96289E-2,-9.90497E-2
8.68070E+2,1.56095E-1,-2.65346E-1,2.57383E-1,3.57312E-1,-3.03560E-1,-5.98244E-2,6.99779E-1,-1.82577E-1,4.64101E-1,1.65501E-1,-2.23196E-1,1.09383E-2,-4.56592E-1,5.86715E-1,-1.20673E+0,-1.95231E-1,-5.61416E-1,-6.50467E-1,-1.02956E+0,-4.39613E-1,-7.07883E-1,-2.09976E-1,-5.71890E-1,-8.18816E-1,-4.20093E-1,-2.83234E-1,-1.91590E-1,-7.18126E-1,-6.45439E-1,-6.02562E-1,-9.96327E-1,-4.51440E-1,1.85871E-1,4.81283E-2,-1.38043E-1,-9.77685E-1,-3.62754E-1,-3.74150E-1,-6.54386E-1,-6.56500E-1,-1.03541E+0,-1.17606E+0,-1.32118E+0,-8.27793E-2,3.08432E-1,1.62766E-1,-5.65449E-1,-2.94364E-1,-7.57025E-1,-2.50226E-1,-6.79153E-1,-4.57372E-1,-1.64895E-1,-3.91779E-1,-8.25896E-1,-3.45549E-1,-4.75823E-1,-9.33227E-1,-2.60513E-1,-6.96622E-1,-3.14740E-1,-1.27309E+0,-9.27858E-1,-3.48544E-1,-4.87339E-1,-5.03568E-1,1.14913E-1,-7.37956E-1,-3.20092E-1,1.10022E-1,-2.81715E-1,-6.65175E-1,-4.06466E-1,-3.71889E-1,-5.64554E-1,-8.85826E-1,-9.42352E-1,-5.52078E-1,-5.31343E-1,4.46219E-2,-1.06355E-1,-5.45516E-1,-3.62859E-1,-3.86549E-1,-6.41747E-1,-8.35037E-1,-5.43835E-1,-3.61722E-1,-3.94617E-1,-2.06499E-1,1.30739E-1,-4.90016E-1,-1.56728E-1,-4.74834E-1,-3.01067E-1,-7.54747E-1,-3.52881E-1,3.56452E-2,2.34074E-1,-4.05859E-1,-5.61293E-1,-3.33062E-1,-6.49944E-1,-8.37396E-1,-7.04994E-1,-6.86328E-1,1.45354E-1,-5.58006E-1,-2.56308E-1,-4.46689E-1,-9.12408E-1,-7.43269E-1,-2.23679E-1,-5.11120E-2,-2.47341E-1,-4.43835E-1,-9.12078E-1,-8.08957E-1,-6.47787E-1,-2.08556E-1,-1.33667E-1,-1.21442E-1,3.27543E-1,-1.88197E-1,-1.15598E+0,-1.66883E+0,-1.48587E+0,-6.87929E-1,-8.98193E-1,-3.65081E-1,-1.21225E+0,-4.99344E-1,-4.66137E-1,-7.53781E-1,-1.25259E+0,-1.06089E+0,-6.12945E-1,-1.45332E+0,-8.70217E-1,-1.01273E+0,-1.41666E+0,-1.53661E+0,-1.06020E+0,-1.40162E+0,-1.44127E+0,-1.00645E+0,-1.51667E+0,-1.03344E+0,-1.40065E+0,-1.32004E+0,-1.27686E+0,-1.16994E+0,-1.36105E+0,-1.39638E+0,-1.15666E+0,-8.94103E-1,-1.19840E+0,-8.49201E-1,-8.53766E-1,-1.16726E+0,-1.93010E-1,-7.28870E-1,-1.48211E+0,-1.00704E+0,-4.24781E-1,-1.20760E+0,-7.89359E-1
8.71479E+2,-1.56902E-2,1.07635E-1,-5.62215E-2,-4.67626E-2,6.29173E-4,3.53774E-2,-9.18096E-2,3.16923E-2,4.56404E-2,2.80253E-2,-6.19708E-2,2.25897E-2,-1.91851E-2,-3.73399E-2,5.73909E-2,-2.00244E-2,4.05653E-2,1.44878E-1,1.50739E-1,9.06198E-2,7.20877E-2,6.50558E-3,-4.60473E-3,4.84349E-2,1.62540E-1,4.55709E-2,5.70159E-2,-8.66522E-3,8.27487E-2,6.98094E-2,4.75208E-3,4.88256E-3,-1.82713E-2,-1.20041E-3,-4.51902E-2,1.16934E-1,2.64017E-2,3.99482E-2,1.74627E-1,5.76062E-2,6.82064E-2,1.19575E-1,3.80614E-2,-5.48530E-3,3.89852E-2,6.27176E-3,1.52764E-2,4.56439E-3,1.13164E-1,2.32690E-2,7.00082E-2,4.95797E-2,5.45308E-2,4.47883E-2,5.48574E-2,1.14355E-2,2.99988E-2,6.69705E-2,3.39849E-2,9.69861E-2,-3.59428E-2,1.03522E-1,6.50917E-2,1.99712E-2,1.11916E-1,7.67662E-2,4.85273E-3,9.30210E-2,6.74485E-2,-6.76094E-4,1.15136E-2,6.76011E-2,4.88546E-2,9.82169E-2,7.67512E-2,1.34950E-2,-1.41256E-2,3.62032E-2,7.39379E-2,1.15476E-2,1.68506E-2,8.93814E-2,2.29752E-2,4.01809E-2,6.99851E-2,4.32354E-2,1.02742E-1,2.12904E-2,5.79331E-2,7.72164E-2,1.27403E-2,-9.60064E-3,9.28221E-2,4.18577E-2,6.40155E-2,8.47202E-2,6.00498E-3,5.64307E-2,6.42882E-2,6.24736E-2,6.21450E-3,4.88738E-2,7.06597E-2,5.09877E-2,5.05988E-2,6.07760E-2,7.30246E-2,-7.36435E-3,7.86434E-2,-2.25812E-2,9.90719E-2,8.52665E-2,3.18016E-2,4.04835E-2,5.10323E-2,-2.88333E-3,1.21029E-1,7.02273E-2,6.12351E-2,2.51548E-2,8.43462E-2,-4.84319E-2,2.44195E-2,6.72786E-2,7.33156E-2,6.16849E-2,2.69457E-2,2.93513E-2,5.90312E-2,-6.41914E-3,1.42238E-1,7.90927E-2,3.83738E-2,5.27589E-2,1.29817E-1,4.20876E-2,7.68888E-2,1.68797E-1,9.73285E-2,4.29656E-2,1.42721E-1,9.55800E-2,7.75869E-2,1.33055E-1,1.41731E-1,8.33049E-2,1.29463E-1,9.81460E-2,9.85079E-2,9.02036E-2,9.01188E-2,1.50974E-1,1.28483E-1,1.23863E-1,9.12506E-2,6.55037E-2,1.13832E-1,7.86475E-2,8.52950E-2,5.65819E-2,-4.49789E-2,1.15965E-1,3.27552E-2,4.01774E-2,-1.72258E-2,4.31170E-2,5.13313E-2
8.74889E+2,-4.65046E-2,1.11109E-2,2.39382E-2,5.83138E-2,-3.43487E-3,-4.21919E-2,1.00574E-1,-2.40050E-2,7.90710E-3,2.73554E-2,4.51260E-2,9.75991E-2,-9.86555E-2,9.25749E-2,-2.49708E-1,-7.99294E-2,-1.62113E-1,-1.91282E-1,-1.76991E-1,-9.87788E-2,-5.32669E-2,-4.76928E-3,-6.26728E-2,-2.83053E-1,-2.05645E-1,2.52252E-2,-8.59579E-2,-1.01717E-1,-1.61256E-1,-1.11741E-1,-1.50047E-1,-1.21282E-1,8.29811E-2,1.08019E-2,-2.21214E-2,-4.59448E-1,-1.13486E-1,-1.72468E-1,-1.90174E-1,-1.34103E-1,-1.90462E-1,-4.64396E-1,-3.17728E-1,-2.16944E-2,-1.87462E-2,5.47270E-2,-1.50809E-1,-4.11815E-2,-1.63217E-1,-9.63503E-2,-9.54391E-2,-6.23969E-2,-1.19252E-1,-6.44771E-2,-1.78032E-1,-8.31811E-2,-5.65158E-2,-1.94969E-1,5.56020E-4,-6.01308E-2,-1.09912E-1,-3.12771E-1,-1.34100E-1,-9.50208E-2,-1.72375E-1,-1.61732E-1,8.10711E-2,-1.33770E-1,-1.80647E-2,-7.27077E-3,-1.25534E-1,-1.10025E-1,-1.30654E-1,-1.73391E-1,-1.52898E-1,-8.19709E-2,-2.09034E-1,-8.83670E-2,-8.78489E-2,-6.57301E-2,-6.32788E-2,-1.62560E-1,3.73475E-2,-9.07975E-2,-1.93346E-1,-4.82969E-2,-8.20972E-2,2.40782E-3,-2.84089E-2,-1.07973E-1,-6.01007E-2,-1.11697E-1,-1.16752E-1,-6.87154E-2,-9.71483E-2,-2.28735E-1,-1.48190E-2,-6.10389E-2,-1.67376E-1,-8.15039E-2,-1.30079E-1,-3.88395E-2,-1.74464E-1,-1.55685E-1,-2.30086E-1,-1.39635E-1,-5.03461E-2,-8.35007E-2,-6.15466E-2,-3.85460E-2,-2.85487E-1,-1.66473E-1,-8.35677E-2,-2.30098E-2,-6.38475E-2,-1.24047E-1,-1.04439E-1,-2.09068E-2,-7.05295E-2,-5.24789E-2,-3.60630E-2,-3.92853E-2,-1.16994E-1,-1.25270E-2,-2.85630E-1,-4.84501E-1,-3.94488E-1,-1.76116E-1,-1.92533E-1,-3.56339E-2,-3.27453E-1,-1.13608E-1,-1.66255E-1,-2.30040E-1,-8.89750E-2,-1.61388E-1,-8.33761E-2,-4.92632E-1,-2.65236E-1,-2.19893E-1,-3.38092E-1,-5.15772E-1,-4.55020E-1,-3.33308E-1,-3.03035E-1,-2.73496E-1,-4.16309E-1,-2.27209E-1,-4.33890E-1,-3.40183E-1,-3.28771E-1,-3.13126E-1,-4.36166E-1,-4.80571E-1,-1.62562E-1,-2.32228E-1,-2.27273E-1,-2.12084E-1,-2.88383E-1,-2.00717E-1,-1.19890E-1,-2.25150E-1,-2.66832E-1,-1.66583E-1,-4.06068E-2,-2.74656E-1,-2.92255E-1
8.78300E+2,-1.88540E-2,-3.13430E-2,-3.86654E-2,-4.41868E-2,1.98693E-2,2.09041E-2,5.38231E-3,7.07284E-2,-1.28930E-2,-2.22645E-3,-2.27204E-2,2.99472E-3,4.62334E-2,-4.68939E-2,5.16707E-2,-1.31086E-2,-1.41513E-2,3.61357E-2,7.54463E-2,6.04163E-2,6.52106E-2,2.09546E-2,-3.22154E-3,4.00772E-2,-2.84013E-2,5.27145E-3,4.16827E-2,-2.93305E-2,1.37428E-2,4.73448E-2,-2.92856E-3,5.24736E-2,2.40700E-2,5.08405E-3,-1.88616E-3,4.57212E-2,-4.44683E-2,3.27198E-2,3.40703E-2,4.83977E-2,-3.72493E-2,1.91727E-2,2.69701E-2,1.16414E-2,3.47212E-2,3.01384E-3,4.09413E-2,-8.59261E-3,1.35381E-2,4.17128E-2,3.80346E-2,-2.68910E-2,5.12481E-3,-1.83706E-2,3.16450E-2,5.19530E-2,2.85197E-2,4.33232E-3,-3.41812E-2,4.62514E-2,2.23328E-2,3.22535E-2,1.57429E-2,4.26876E-2,3.79214E-2,-1.36041E-3,7.45678E-4,-1.51791E-2,-1.25839E-2,-2.71162E-3,4.60239E-2,3.53419E-2,8.29475E-3,-2.45217E-3,-3.67760E-3,1.27638E-2,-1.01799E-2,3.21651E-2,4.92409E-2,-8.73525E-3,4.78098E-2,2.66750E-2,9.53946E-3,-1.43012E-2,2.32041E-2,5.86506E-2,3.04894E-3,1.70596E-2,3.34770E-2,1.68331E-2,2.60145E-2,2.16879E-2,-2.77374E-3,4.91589E-3,-1.93032E-2,-8.66384E-3,5.14223E-2,1.06904E-2,6.07750E-2,7.80328E-3,6.09680E-2,-6.47896E-3,2.03984E-2,2.26182E-2,-1.10328E-2,4.45035E-2,-2.47367E-2,1.05504E-2,5.26631E-2,1.40387E-2,2.89572E-2,9.08985E-3,3.61945E-2,-4.44395E-3,-4.61069E-2,4.62450E-2,1.40319E-2,-5.07274E-2,1.68843E-2,-8.20443E-4,7.24087E-2,2.93003E-3,2.35373E-2,3.81143E-3,-3.92471E-2,-3.27761E-2,-1.41102E-2,8.55552E-2,3.35970E-3,1.74658E-2,2.07082E-2,5.51848E-2,6.72233E-2,2.47280E-2,3.87164E-2,2.32046E-2,3.07725E-2,4.31221E-2,9.03265E-3,5.91765E-3,-3.33906E-2,-5.17026E-2,-1.59371E-2,6.40452E-3,3.58601E-2,8.58042E-2,1.17001E-1,2.62660E-2,1.15621E-2,4.17356E-2,1.59491E-2,-3.50160E-3,2.77995E-2,5.45246E-2,3.41554E-2,2.15915E-2,-4.57375E-2,8.15632E-2,-6.00053E-2,-4.57349E-2,4.25949E-2,2.23234E-2,-1.27759E-2,5.33720E-2,1.80208E-2,8.04773E-2,-3.47065E-2
8.81711E+2,-3.84448E-2,1.64770E-2,-1.93603E-1,-8.32240E-2,6.92472E-2,8.02873E-2,-7.23409E-2,2.98266E-1,-4.84537E-3,-3.20445E-2,-1.94869E-1,-1.17290E-1,1.41205E-2,-1.11757E-1,3.70021E-1,-1.04120E-1,3.49044E-1,4.45434E-1,5.50147E-1,5.02475E-1,1.53626E-1,-3.39344E-2,1.91740E-2,4.65424E-1,3.54186E-1,2.95151E-2,3.06499E-1,2.70708E-1,1.90027E-1,3.17214E-1,2.29270E-1,1.15750E-1,7.14049E-2,-7.07409E-2,-9.98987E-2,5.04230E-1,1.92762E-1,4.00688E-1,2.12936E-1,2.91882E-1,3.61951E-1,5.75739E-1,3.89500E-1,1.92896E-1,-6.83445E-2,-6.58660E-2,3.57727E-1,2.77199E-1,4.73001E-1,4.13341E-2,2.49401E-1,2.96800E-1,2.52613E-1,8.85861E-2,3.59459E-1,1.40022E-1,2.08729E-1,3.84342E-1,2.02819E-1,2.22396E-1,1.21677E-1,5.59041E-1,3.10738E-1,5.40761E-2,5.08436E-1,3.44553E-1,-4.65195E-2,2.49940E-1,-1.71213E-2,1.50307E-1,5.79347E-2,4.06030E-1,1.78035E-1,3.40578E-1,1.81493E-1,2.37208E-2,4.77781E-1,3.13849E-1,2.79340E-1,2.47996E-1,9.57495E-3,2.73888E-1,1.54721E-1,1.90230E-1,1.77442E-1,2.13631E-1,2.30784E-1,-1.35447E-3,-3.41816E-2,2.01574E-1,5.33244E-2,3.03675E-1,8.44428E-2,1.15591E-1,1.90043E-1,4.84299E-1,3.67352E-2,-1.73823E-1,2.59561E-1,1.50887E-1,3.38244E-1,2.25300E-1,1.44424E-1,3.47181E-1,-8.24073E-2,2.58194E-1,8.72939E-2,2.55417E-1,5.17210E-2,6.36414E-2,2.62369E-1,4.17699E-1,2.25312E-2,6.27651E-2,5.69151E-2,-3.82919E-3,1.27268E-1,1.59761E-1,2.06293E-1,2.60812E-2,7.42482E-2,-4.68471E-2,1.35347E-1,2.21113E-1,2.72610E-1,6.82730E-1,5.94001E-1,3.72561E-1,1.04050E-1,3.93654E-2,7.80555E-1,1.80865E-1,1.99062E-1,2.36024E-1,2.18634E-1,2.77448E-1,2.42603E-1,5.98585E-1,4.94464E-1,4.61318E-1,6.56334E-1,5.85808E-1,5.76689E-1,4.85719E-1,7.33466E-1,8.28852E-1,7.40412E-1,7.55191E-1,5.41321E-1,5.55802E-1,5.51576E-1,3.43757E-1,6.34945E-1,8.39727E-1,4.77518E-1,4.30394E-1,4.59039E-1,2.57912E-1,4.31575E-1,2.29878E-1,1.72436E-1,4.56987E-1,5.10718E-1,6.26905E-2,2.74354E-1,5.96830E-1,5.91121E-1
8.85123E+2,-3.46763E-2,-4.17446E-3,5.36025E-2,4.69879E-2,-1.00437E-1,-5.16156E-2,6.99210E-2,-3.23813E-2,5.52160E-2,-2.31851E-3,4.90066E-2,7.60624E-2,-2.07098E-2,-1.29170E-3,-1.03192E-1,-2.34002E-2,-1.02966E-1,-8.51415E-2,-1.47486E-1,5.82815E-3,-5.91771E-2,-1.62878E-2,-4.88472E-2,-1.68331E-1,-1.33470E-1,6.08975E-3,-1.44200E-2,-3.59088E-2,-1.09548E-1,-1.04181E-1,-5.36177E-2,-1.08359E-2,8.33387E-2,6.59842E-2,-2.65215E-2,-2.58726E-1,-9.96546E-2,-1.16330E-1,-1.36915E-1,-1.60598E-1,-1.69888E-1,-2.40926E-1,-1.80906E-1,-4.38934E-2,-4.24687E-2,9.25586E-2,-1.08934E-1,-9.07683E-2,-1.44519E-1,-1.17587E-2,-1.37242E-1,-9.71461E-2,1.35603E-2,-7.33269E-2,-7.34150E-2,-2.54414E-2,5.70318E-2,-1.13297E-1,-7.22322E-2,-6.85977E-2,-3.74702E-2,-1.01498E-1,-1.61408E-1,-5.46147E-2,-7.42591E-2,-5.30257E-2,2.45283E-2,-7.92263E-2,5.10434E-2,3.78314E-2,9.52299E-3,-1.00286E-1,-3.12474E-2,-7.22130E-2,-2.05626E-2,-4.23129E-2,-1.25599E-1,-8.68172E-2,-3.40974E-2,-5.03479E-3,-2.47750E-2,-8.04313E-2,5.50212E-2,-3.14603E-2,-1.22589E-1,-1.05371E-1,-1.16514E-1,-1.71744E-2,1.90148E-2,-5.74448E-2,4.95749E-2,3.62593E-3,-3.52118E-2,-3.55038E-3,-1.04240E-2,-6.64680E-2,-2.84491E-2,6.13888E-2,-1.52814E-2,2.69985E-2,-5.19644E-2,2.27141E-4,-4.55786E-2,-1.17322E-1,6.75455E-2,-1.38542E-1,2.57453E-2,-6.32758E-2,1.48839E-2,-3.89454E-3,-1.98130E-1,-7.84482E-2,-2.27762E-2,3.46145E-2,1.66858E-2,-2.98752E-2,-4.30855E-2,9.33375E-3,-6.64396E-2,6.52435E-2,-2.44272E-2,4.49316E-2,-4.42448E-2,9.34119E-3,-1.69291E-1,-4.20286E-1,-3.71862E-1,-1.45575E-1,-1.07889E-1,-5.87011E-2,-2.20255E-1,-6.33429E-2,-7.96499E-2,-1.25889E-1,-6.53593E-2,-1.59733E-2,-7.54561E-2,-2.46105E-1,-8.81187E-2,-3.52991E-1,-2.54202E-1,-3.13817E-1,-1.43462E-1,-2.47338E-1,-2.54542E-1,-2.07901E-1,-3.73861E-1,-3.03492E-1,-1.59012E-1,-2.40091E-1,-1.72312E-1,-1.90287E-1,-2.41915E-1,-3.26880E-1,-1.30456E-1,-7.67074E-2,-2.22844E-1,-1.22331E-1,-1.20794E-1,-1.21112E-1,-3.06309E-2,-1.21671E-1,-2.14315E-1,-7.76616E-2,9.29429E-3,-1.62625E-1,-2.00387E-1
8.88536E+2,-1.36123E-2,-8.13508E-2,4.40236E-2,7.84962E-2,-6.73944E-2,-3.34159E-2,7.35515E-2,-4.72641E-2,5.64237E-2,1.53053E-2,1.22543E-2,1.07812E-1,-2.97656E-3,-2.27821E-2,-1.19071E-1,-2.71981E-2,-1.31858E-1,-4.52405E-2,-1.31102E-1,-1.21156E-1,-3.34289E-2,3.85295E-2,-8.11222E-2,-2.16544E-1,-7.58359E-2,1.30621E-2,8.94293E-3,-5.79015E-2,-4.31550E-2,-6.53798E-2,-1.20679E-1,-4.06833E-2,8.43535E-2,-3.89869E-2,4.37465E-2,-2.08678E-1,-3.85196E-2,-1.51980E-1,-1.01167E-1,-2.13538E-1,-2.46308E-1,-2.55789E-1,-3.29032E-1,-4.73935E-2,3.33531E-2,7.02510E-2,-1.71013E-1,-3.09047E-2,-7.71855E-2,-3.74831E-2,-9.25361E-2,-3.55404E-2,-1.05851E-1,5.58014E-2,-5.99384E-2,-1.26404E-1,-3.00012E-2,-2.19540E-1,-9.54096E-2,-1.12512E-1,-6.61786E-2,-1.06338E-1,-1.57501E-1,-7.77967E-2,-4.19158E-2,-7.93514E-2,2.93073E-2,-8.88269E-2,-2.05821E-2,7.90886E-2,-3.64259E-2,-2.76369E-2,2.76785E-2,-1.77473E-2,-4.01113E-2,-6.90609E-2,-1.91969E-1,-5.89118E-2,-7.12973E-2,-2.75020E-2,-8.36320E-3,-3.75434E-2,-1.14644E-2,-7.76090E-2,-2.01037E-1,-1.83575E-2,-1.57350E-1,2.25711E-2,3.96114E-2,1.24100E-2,8.39903E-3,-1.34835E-2,-1.37296E-2,-3.58065E-2,4.64682E-2,-1.36754E-1,-7.26982E-2,6.00880E-2,-1.82754E-2,-1.03587E-2,-1.33051E-1,-2.95981E-2,-9.31264E-2,-9.07973E-2,-2.56142E-2,-1.18517E-1,8.26791E-3,1.81466E-2,9.13737E-3,-1.07852E-1,-1.23158E-1,-1.50722E-1,-2.96387E-2,3.64636E-2,-2.82689E-2,-2.72381E-2,-4.36188E-2,-6.65666E-2,-8.97222E-2,2.83971E-2,4.38761E-3,1.88794E-2,-5.54307E-3,-1.54393E-2,-2.40294E-1,-3.94499E-1,-3.04008E-1,-1.48582E-1,-2.45519E-1,-5.38885E-2,-2.97430E-1,-3.78597E-2,-9.66756E-2,-5.23875E-2,-9.50072E-2,-1.58549E-1,1.51318E-2,-2.91660E-1,-9.99259E-2,-2.52131E-1,-3.84867E-1,-3.90083E-1,-3.60455E-1,-2.98414E-1,-3.29459E-1,-1.37115E-1,-3.93340E-1,-2.65060E-1,-2.68747E-1,-1.40308E-1,-3.30623E-1,-3.19764E-1,-3.60728E-1,-3.28163E-1,-1.88399E-1,-2.02201E-1,-1.74090E-1,-1.14357E-1,-1.69185E-1,-1.39726E-1,-7.99747E-4,-2.71832E-1,-1.99355E-1,-7.28180E-2,-3.33902E-2,-2.60537E-1,-2.54558E-1
8.91949E+2,-4.78954E-2,-2.50734E-3,9.24239E-3,-2.74853E-3,2.66422E-4,6.06674E-3,8.96437E-3,2.76455E-2,-1.69989E-2,-2.74765E-2,-2.16518E-2,-2.66861E-2,3.84613E-2,-2.75188E-2,8.28368E-2,2.27487E-2,1.15512E-2,2.93489E-2,3.81736E-2,6.39563E-2,3.00550E-2,4.26489E-2,1.17964E-2,5.58328E-2,4.61940E-2,2.62000E-2,2.76915E-2,5.27067E-2,4.06191E-2,6.52833E-2,3.05251E-2,3.26532E-2,-1.68266E-2,1.15414E-2,3.43868E-2,3.04235E-2,2.68031E-2,6.64066E-2,1.29695E-2,3.88142E-2,3.87702E-2,2.56060E-2,5.43024E-2,2.34335E-2,7.17386E-3,-2.22170E-2,9.66786E-3,4.28976E-3,1.27607E-2,5.58783E-3,3.25973E-3,3.15079E-2,-2.19230E-2,3.40126E-2,2.45432E-2,3.57453E-2,1.74574E-2,4.38242E-2,1.64663E-2,4.86066E-2,4.75782E-2,2.43918E-2,7.70364E-3,1.72582E-2,5.08281E-2,1.88335E-2,-2.51977E-2,1.43887E-2,4.82746E-3,1.85963E-2,3.40776E-3,1.35284E-2,1.14209E-2,8.17132E-3,4.11186E-2,-1.81879E-2,5.53440E-2,3.20012E-2,2.73717E-2,2.13564E-3,2.91581E-2,2.68703E-2,-3.92723E-2,2.02044E-2,4.33471E-2,1.17790E-2,-1.67795E-2,1.56004E-2,2.54422E-2,3.61047E-2,2.23814E-2,4.11762E-2,5.85474E-2,4.61306E-2,1.32518E-2,5.82898E-2,2.94413E-2,-1.94622E-2,8.41870E-3,4.49043E-2,1.05296E-2,4.03594E-2,-8.33831E-3,1.91296E-2,2.78269E-2,-7.63398E-3,-1.41060E-2,2.40207E-2,6.89312E-3,1.62332E-2,1.95674E-2,5.05108E-2,8.27844E-2,3.10024E-3,-2.41697E-2,3.95652E-2,4.14964E-2,1.37766E-2,-8.28490E-3,-1.62702E-2,9.61203E-3,2.37508E-2,-1.85591E-2,-3.04455E-3,3.47360E-2,-1.09423E-2,1.01298E-2,4.93396E-2,5.32940E-2,2.56468E-2,-2.66660E-3,6.03569E-2,-9.36328E-3,4.46189E-2,4.00711E-2,5.03630E-2,5.33082E-2,6.86466E-2,6.81962E-2,4.83744E-2,2.17840E-2,-2.97119E-3,3.40216E-2,2.62169E-2,-2.15318E-2,6.20802E-2,5.49926E-2,8.31479E-2,4.25375E-2,4.16933E-2,4.84060E-2,2.83836E-5,2.84556E-2,1.71159E-2,1.22096E-2,5.53784E-2,7.10040E-2,3.58101E-2,2.34021E-2,1.20604E-2,2.01910E-2,4.80885E-2,2.25590E-2,3.00006E-2,1.95702E-3,7.05367E-3,-1.38285E-2
8.95363E+2,2.04749E-2,7.46528E-3,-4.11523E-2,-2.43435E-2,4.70540E-3,-1.25983E-2,3.24291E-3,9.78053E-4,3.28478E-2,-6.72206E-3,1.90412E-2,9.81183E-4,3.14292E-3,4.53024E-5,-8.10869E-3,-2.68611E-2,-3.46992E-2,-1.63414E-3,1.12673E-2,1.14888E-2,4.69259E-2,-6.65342E-3,2.16347E-2,-5.64059E-2,1.73772E-2,1.57273E-2,3.44125E-2,1.08478E-2,-7.25873E-2,-4.82246E-3,-1.65778E-2,-2.34536E-2,2.49015E-3,-2.18311E-2,3.11734E-3,-6.79926E-2,-2.95625E-2,-6.08235E-2,-4.09300E-3,-6.63395E-4,-9.37049E-2,-5.13696E-2,-5.98605E-2,3.29027E-2,2.69098E-2,-4.05720E-2,-2.19511E-2,-2.21915E-2,-6.44208E-3,-6.33785E-2,-3.97951E-2,-6.18421E-3,4.98475E-2,-3.25897E-2,6.38616E-3,-3.27213E-2,-1.52979E-2,-2.68329E-2,-1.84065E-2,-9.35003E-3,-3.64924E-2,-1.55392E-2,4.70536E-4,-1.25977E-2,1.00688E-2,4.04433E-3,-1.87804E-2,-2.66172E-2,-1.40977E-2,3.41756E-2,1.36617E-2,5.57712E-2,2.24529E-2,-2.52391E-2,-2.32839E-2,2.16004E-2,-5.64437E-2,-9.92751E-3,6.18718E-3,-4.58462E-2,4.56219E-3,-1.04156E-2,-2.83802E-2,-3.24303E-2,-7.42782E-3,-7.23212E-3,2.74774E-2,9.64889E-3,1.28485E-2,6.04621E-4,1.10311E-2,-6.50789E-3,-1.29968E-2,-2.10771E-2,1.38139E-2,-4.35901E-2,2.15464E-3,6.04323E-3,-6.05503E-2,-1.92029E-2,-9.83074E-3,8.74300E-3,-9.62692E-3,-4.42217E-3,1.88168E-2,8.63294E-3,7.55970E-3,3.72811E-2,9.69770E-3,2.37652E-2,-5.25382E-2,-2.59690E-2,-1.26361E-2,-2.21054E-2,3.57208E-2,2.28826E-2,2.32909E-3,3.11020E-3,-3.98112E-2,3.68627E-3,4.13749E-2,6.21403E-3,2.32350E-2,-1.92265E-2,-2.62148E-2,-1.68927E-1,-1.11766E-1,-5.16265E-2,-3.47617E-2,1.53725E-3,-9.27421E-2,-1.42232E-2,-8.11050E-2,-3.26854E-2,-6.48699E-2,-2.33128E-2,8.61074E-3,-1.57056E-1,-1.16096E-2,-5.13498E-2,-9.46643E-2,-9.29336E-2,-9.98223E-2,-1.02364E-1,-1.23805E-1,-7.85065E-2,-1.56621E-1,-9.60097E-2,-1.38929E-1,-3.86373E-2,-1.08354E-1,-3.61318E-2,-7.59056E-2,-5.29669E-2,-2.07703E-2,-5.42148E-2,-1.15776E-1,-1.14862E-2,-6.93919E-2,-1.18376E-1,3.00220E-3,-2.89239E-2,-1.07832E-1,3.82828E-3,-1.89325E-3,-6.79357E-2,-1.30816E-1
8.98777E+2,8.22932E-2,-9.03234E-2,1.44783E-1,-1.19388E-1,-4.31491E-1,-4.00867E-1,3.88790E-1,-2.53298E-1,2.03297E-1,2.17605E-1,2.43399E-1,2.87488E-1,-2.98045E-1,1.69089E-1,-1.43332E-1,-5.17650E-1,-3.37428E-1,-8.58987E-1,-5.44651E-1,-4.38268E-1,-3.70691E-1,-2.41100E-1,9.08917E-2,-4.31499E-1,-4.09446E-1,-5.31301E-1,-1.65129E-1,-5.11691E-2,-5.30861E-1,-3.67469E-1,-2.75905E-1,2.08960E-3,1.66220E-1,1.60367E-1,2.30755E-1,-1.61790E+0,-6.74185E-1,-1.06920E+0,-1.05856E+0,-2.10659E-1,-1.24996E+0,-1.27610E+0,-1.21781E+0,6.80493E-2,1.45574E-1,-8.58952E-2,-6.62191E-1,-2.93980E-1,-1.26210E-1,-5.00696E-1,-4.23655E-1,-4.40877E-1,-4.22621E-1,-2.44617E-1,-3.71785E-1,-1.61682E-1,-2.82554E-1,-9.17832E-1,-2.85858E-1,-4.77602E-1,-1.05599E-1,-8.42850E-1,-5.17079E-1,-5.17471E-2,-4.96103E-1,-2.02804E-1,1.50474E-1,-3.72858E-1,-8.55481E-2,3.68681E-2,1.83157E-1,-1.86844E-1,-1.59678E-1,-3.67132E-1,-1.51076E-1,-4.11774E-1,-7.74275E-1,-4.45771E-1,-6.67123E-1,-3.02169E-1,-7.14580E-2,-3.93492E-1,-6.14974E-2,-2.80537E-1,-7.48863E-1,-5.68217E-1,-3.67333E-1,-5.47976E-2,1.11136E-1,6.14176E-2,4.90799E-2,-1.82639E-1,-1.98995E-1,-3.84656E-1,-9.82863E-2,-7.78835E-1,-1.20843E-1,-6.01018E-2,-1.64598E-1,-4.55279E-2,-3.32567E-1,-1.27675E-1,-5.06229E-1,-5.58133E-1,-3.30744E-1,-2.62267E-1,-1.80994E-1,-1.85400E-1,-1.89137E-1,7.98905E-2,-6.71615E-1,-6.14628E-1,-2.28894E-1,-3.53915E-2,-6.62596E-2,-8.05776E-2,-3.72445E-1,-1.70426E-1,-9.80834E-2,2.06991E-1,-1.06811E-2,6.25122E-2,1.06035E-1,-1.55531E-1,-5.58844E-1,-1.65712E+0,-1.45207E+0,-8.55272E-1,-5.52502E-1,1.08227E-1,-1.07451E+0,-3.79292E-1,-4.25592E-1,-8.01690E-1,-4.45056E-1,-3.86309E-1,-2.93766E-1,-1.47056E+0,-6.55971E-1,-1.35836E+0,-1.27234E+0,-1.69849E+0,-1.98368E+0,-1.49059E+0,-1.91905E+0,-1.12801E+0,-1.55191E+0,-1.04745E+0,-1.61171E+0,-1.33340E+0,-1.89876E+0,-1.25615E+0,-1.46474E+0,-1.84575E+0,-5.64017E-1,-3.51420E-1,-7.05413E-1,-1.12531E+0,-8.24801E-1,-7.81177E-1,-4.48046E-1,-8.98902E-1,-1.65206E+0,-6.22589E-1,-4.55592E-1,-9.95957E-1,-1.45484E+0
9.02193E+2,-2.74889E-3,1.66280E-2,4.35457E-2,-2.62668E-3,-2.90253E-2,1.16397E-2,9.23338E-3,-6.75361E-2,8.36396E-3,-2.12498E-2,-3.73315E-2,4.56415E-2,2.60062E-2,1.65881E-2,-1.71284E-2,-9.16018E-3,-7.73690E-2,-5.63190E-2,-3.81832E-2,-6.63117E-2,-6.80996E-2,-3.73510E-2,-2.56150E-2,-5.00987E-2,-9.42993E-2,-4.16151E-2,-7.17285E-3,2.18805E-3,-1.08905E-2,-1.96055E-3,-3.33536E-2,8.97865E-3,2.06317E-2,1.82740E-2,-1.99392E-2,-1.56025E-1,-7.16638E-2,-4.64778E-2,-7.51290E-2,-9.36451E-2,-1.40495E-1,-1.26790E-1,-1.30427E-1,-3.67884E-2,-5.28322E-2,4.34662E-2,-3.46826E-2,-2.13379E-2,-7.67754E-2,-6.41823E-2,-1.10353E-1,-8.62843E-2,-4.04110E-2,5.50014E-3,-2.42555E-2,-6.45981E-2,-4.69000E-3,-2.93330E-2,-5.15347E-2,-1.16207E-1,-7.89807E-2,-1.02418E-1,-8.70154E-2,-3.56665E-3,-5.39633E-2,-2.94071E-2,2.61822E-2,-3.50740E-2,-1.65586E-2,-1.29962E-2,1.06264E-2,3.73969E-2,-8.50840E-3,-4.22330E-2,-2.10767E-2,5.00242E-3,-1.00659E-1,-5.75755E-2,-3.25843E-2,-2.13638E-2,5.17973E-2,-3.13410E-2,2.65828E-2,-7.34816E-3,-1.13138E-1,-7.91168E-2,5.17523E-3,2.12017E-2,-3.08017E-2,3.24708E-3,6.41449E-2,6.10541E-2,-6.26665E-2,-8.38891E-2,-1.24783E-2,-5.28054E-2,-7.59152E-2,4.11486E-2,-9.54421E-3,-5.26043E-2,-7.38659E-2,-2.09971E-2,-1.08817E-2,-1.85911E-2,5.80653E-3,-1.12948E-2,-4.63059E-3,-9.78316E-3,1.42738E-2,-3.42416E-2,-2.38879E-2,-6.04492E-2,1.83227E-3,4.11185E-2,-8.95117E-3,-7.63810E-2,-4.84190E-2,-6.89815E-2,-3.44688E-2,3.70094E-2,-2.29640E-3,2.68720E-2,-2.47994E-3,6.10433E-2,-1.12007E-1,-1.60219E-1,-3.11115E-1,-1.48917E-1,-9.87525E-2,-4.22335E-2,-1.43258E-1,1.36653E-3,-2.81344E-2,-1.11864E-1,-1.29582E-1,-1.48796E-1,-3.13410E-2,-3.30297E-1,-4.95632E-2,-1.85777E-1,-1.97537E-1,-2.97255E-1,-2.34474E-1,-2.91691E-1,-1.98670E-1,-1.65557E-1,-3.09072E-1,-1.93938E-1,-2.60351E-1,-1.31967E-1,-1.94015E-1,-1.82194E-1,-1.23351E-1,-1.40208E-1,-1.11302E-1,-9.26734E-2,-9.36574E-2,-9.57199E-2,-1.56261E-1,-1.37447E-1,-8.50143E-2,-1.45658E-1,-2.19409E-1,-1.29063E-1,-2.01228E-2,-2.24321E-1,-1.93894E-1
9.05609E+2,-3.34150E-3,-4.25581E-3,-1.37221E-2,1.76377E-2,1.32128E-2,6.79029E-3,-1.19600E-2,2.44323E-4,-7.85615E-3,-5.29188E-3,-1.02501E-2,2.36836E-3,1.60333E-2,-2.45357E-2,2.49265E-2,1.86445E-2,2.19816E-2,5.74788E-2,4.48863E-2,3.50258E-2,-4.59895E-3,4.00647E-3,2.98286E-2,5.99427E-2,2.87093E-2,2.61166E-2,1.37823E-2,2.70931E-2,7.28738E-3,3.26203E-2,1.44719E-2,-4.78605E-4,-1.17083E-2,-8.52225E-4,1.28467E-2,5.59616E-2,3.53342E-2,3.93088E-2,6.07308E-2,7.64709E-3,5.43497E-2,3.44258E-2,2.12148E-2,1.25202E-2,-8.95688E-3,4.52072E-3,3.03379E-2,-1.07914E-3,4.00427E-2,5.25712E-2,3.63600E-2,3.93023E-3,3.14771E-3,1.79583E-2,2.05179E-2,6.44721E-3,5.21939E-3,1.51134E-2,-1.44277E-3,1.04334E-2,3.15773E-2,1.66107E-2,2.84516E-2,-7.44205E-3,3.35146E-2,1.58435E-2,-1.17736E-2,-4.14725E-3,9.26045E-3,-4.87335E-3,1.01977E-2,-2.74925E-3,5.41933E-3,1.85761E-2,4.97721E-3,-7.86786E-3,1.75909E-2,-3.69227E-3,2.68447E-2,1.30642E-2,8.58048E-3,4.01909E-2,9.17415E-3,1.50246E-2,1.56233E-2,-5.66652E-3,-1.77586E-3,6.51237E-4,-9.36406E-4,1.73825E-2,-7.97638E-3,1.17886E-2,1.98353E-2,2.22767E-3,2.22133E-2,3.84088E-2,8.40246E-3,-4.79267E-3,5.14443E-3,1.63384E-2,1.15662E-2,1.28117E-2,2.13235E-2,2.85165E-2,1.80379E-2,9.16650E-3,2.11100E-2,-1.22960E-2,2.70349E-3,2.09272E-2,3.88218E-2,5.37181E-2,-2.32896E-3,-1.39847E-2,-1.18567E-2,3.41463E-2,2.32505E-2,3.94878E-3,1.09634E-2,-6.11512E-3,1.34633E-2,1.65879E-3,1.08670E-2,3.35176E-3,2.42994E-2,7.85738E-2,4.74443E-2,3.02743E-2,2.53286E-2,2.11269E-2,3.13539E-2,-1.85948E-2,2.98794E-2,3.81603E-2,3.66537E-2,1.80082E-2,1.06490E-3,7.16578E-2,2.56746E-2,2.95122E-2,4.95117E-2,5.13439E-2,4.19626E-2,3.13326E-2,6.99350E-2,5.03461E-3,5.28550E-2,5.31655E-2,2.70083E-2,8.89626E-3,2.21651E-2,3.09438E-2,2.26321E-2,5.96503E-2,2.66693E-2,-1.00482E-2,1.77139E-2,2.95903E-2,5.08861E-2,4.52005E-2,5.01219E-3,3.71282E-2,4.03360E-2,2.40317E-2,1.56377E-2,2.79541E-2,2.22991E-2
9.09026E+2,-1.73772E-2,1.31447E-2,-2.25252E-2,1.06813E-2,2.82355E-2,2.42283E-3,-1.37216E-2,2.53384E-2,-1.13018E-2,1.60599E-5,-1.30645E-2,-8.28385E-3,-1.30992E-2,-1.23387E-2,3.18731E-2,-6.17375E-3,2.96026E-2,1.79438E-2,2.95662E-2,1.08441E-2,1.02745E-2,-9.07754E-3,-4.77324E-3,4.73655E-2,4.98070E-4,2.59932E-2,-6.67907E-3,2.14915E-2,2.08356E-2,2.99283E-3,-7.90768E-4,5.78301E-3,-1.34748E-2,-2.03571E-2,6.83761E-3,4.70640E-2,-1.56177E-2,1.84112E-2,5.69195E-3,3.62731E-2,3.56472E-2,4.63823E-2,2.50571E-2,-6.83649E-3,-2.13741E-2,-1.30623E-2,2.02854E-2,-4.48947E-3,2.46030E-2,-2.13254E-3,-3.52225E-3,-8.45812E-3,6.01337E-3,1.23632E-2,2.03390E-2,1.03047E-2,4.99413E-3,6.83678E-3,1.17200E-2,2.98883E-2,-1.13877E-2,5.17814E-2,-2.71752E-3,3.22321E-3,1.77498E-2,9.28999E-3,3.56560E-3,4.53060E-3,-4.96282E-3,-9.63637E-3,-1.24412E-2,6.37515E-3,-2.67619E-2,-7.82097E-3,6.74985E-3,8.57807E-3,5.70457E-2,5.88625E-3,2.56279E-2,2.61375E-2,-1.28174E-2,6.32863E-3,5.73790E-3,4.44057E-2,3.23563E-2,1.83866E-2,3.58789E-2,2.92865E-2,-1.14129E-2,-1.24551E-2,-1.38593E-2,1.15730E-2,1.10442E-2,-6.96039E-4,-3.30350E-3,3.60807E-3,3.55156E-2,-1.70535E-2,9.98746E-3,-5.16378E-4,1.62906E-2,2.69986E-2,3.33961E-4,1.11255E-2,-6.20540E-3,3.91905E-2,-4.51085E-3,1.14115E-2,-1.85311E-2,-2.78619E-3,3.72355E-2,1.92305E-2,4.82183E-3,-1.19970E-2,-4.15629E-3,2.08672E-2,1.08208E-2,-1.59682E-3,2.10489E-2,1.25259E-2,-4.40471E-3,-6.02592E-3,2.27338E-2,1.60087E-2,3.12655E-2,4.50855E-2,7.84601E-2,3.04279E-2,-8.77643E-3,2.37349E-2,4.77992E-2,2.95997E-2,-8.66686E-3,3.57416E-2,3.72766E-3,2.27682E-2,2.96728E-2,7.64174E-2,3.34523E-2,4.37112E-2,4.15552E-2,7.32954E-2,4.98757E-2,7.82760E-2,8.41931E-2,3.80175E-2,1.38415E-1,4.50884E-2,3.71052E-2,3.29010E-2,5.10955E-2,2.06602E-2,3.27603E-2,7.81254E-2,4.48678E-2,3.22126E-2,4.79403E-2,5.33644E-2,3.84866E-2,3.59988E-2,3.11790E-2,5.25531E-2,4.73952E-2,3.34488E-2,1.10931E-2,5.49643E-2,4.40798E-2
9.12443E+2,6.11644E-3,2.15410E-3,-2.08564E-3,-6.47070E-4,6.18692E-3,9.47670E-3,-6.19537E-3,1.67013E-2,7.64971E-3,-2.06737E-2,-8.14387E-3,-5.75053E-3,7.29483E-3,-8.88396E-3,-3.19993E-3,3.10247E-3,1.71736E-2,2.18086E-2,2.25970E-2,1.41664E-2,1.18791E-2,8.22802E-3,7.78572E-4,1.55332E-2,1.78756E-2,-1.28456E-4,1.29659E-2,1.22701E-2,2.08601E-2,1.81083E-3,1.82468E-2,-3.69683E-3,-6.99057E-3,-5.67475E-3,9.65301E-4,3.76792E-2,1.66784E-2,1.65288E-2,2.51741E-3,2.56947E-2,-5.33107E-3,4.58529E-3,3.40705E-2,7.85029E-3,1.29538E-2,-9.58355E-3,1.73145E-2,-3.00898E-3,5.61279E-3,4.32766E-3,1.39648E-2,9.70420E-3,5.75127E-3,4.10389E-3,1.55937E-3,-3.74641E-3,-2.11950E-3,2.74588E-2,-6.90119E-3,-9.02841E-3,2.49671E-2,1.38047E-2,4.70595E-3,-7.14293E-5,-5.78297E-3,4.42161E-3,-1.35599E-2,1.02512E-2,-5.06806E-3,-1.40003E-2,-1.69285E-2,2.86899E-4,-1.11808E-2,2.94315E-3,-8.59005E-3,7.93001E-3,9.43164E-3,3.54401E-3,-5.20901E-4,7.22944E-3,-8.71885E-3,4.76242E-3,4.16206E-3,-8.01254E-3,7.41314E-3,-2.96304E-3,7.90084E-3,-1.12134E-2,-6.04521E-3,-3.06083E-3,-1.33324E-2,-3.99249E-3,5.85054E-3,-6.30035E-3,2.47533E-3,4.45206E-3,3.13265E-3,-7.08453E-3,-1.81403E-2,-7.02492E-3,1.24537E-2,6.55208E-3,-4.18347E-3,3.59399E-3,-4.53049E-3,4.91578E-3,1.16238E-3,3.71873E-4,-8.32136E-3,-7.40536E-3,2.70233E-3,1.19097E-2,-1.54247E-2,-3.64154E-3,-1.64219E-3,-5.06649E-3,2.25566E-2,1.93750E-3,5.19823E-3,-1.06292E-2,-1.97568E-2,-1.24055E-2,-5.74503E-3,3.30722E-4,7.22667E-3,3.77492E-2,1.32452E-2,-2.88039E-3,1.78127E-2,-1.03270E-5,4.79654E-3,2.08945E-2,1.17564E-2,1.58747E-2,6.93611E-3,1.37442E-2,-5.85200E-4,2.46361E-2,1.67726E-2,1.90865E-2,2.50730E-2,4.35731E-2,2.13419E-2,2.80451E-2,2.98294E-2,2.07265E-2,2.13533E-2,5.81477E-3,3.23831E-2,2.10961E-2,3.01102E-2,8.53991E-3,-2.22346E-3,2.04853E-2,1.80606E-2,3.26148E-2,4.73855E-2,1.32465E-2,1.88073E-2,1.45758E-2,1.02910E-2,-3.06305E-3,1.35183E-2,2.89992E-2,6.36194E-3,2.29832E-2,2.13684E-2
9.15861E+2,-5.39243E-3,2.71009E-4,-8.25499E-3,1.55435E-3,7.84065E-4,8.57893E-4,9.45513E-4,1.02648E-2,9.49625E-3,-5.97919E-3,-9.95795E-4,-1.15754E-2,4.22131E-3,-7.07502E-3,1.08776E-2,-1.90812E-3,-7.11757E-3,2.61167E-2,3.55898E-3,5.27227E-3,-2.03864E-3,2.00468E-3,3.79920E-3,-9.66129E-3,5.63149E-3,1.12225E-2,2.68664E-3,3.33424E-3,6.47162E-3,-2.17013E-3,9.51950E-4,3.32789E-3,6.81416E-3,-6.36863E-4,5.85711E-3,1.65537E-2,1.53265E-3,1.58842E-2,6.79712E-3,1.26498E-2,5.05276E-3,6.53837E-3,4.36782E-3,1.12888E-2,3.86928E-4,3.59045E-3,2.01695E-2,4.51656E-4,7.22791E-3,4.52552E-3,5.85691E-3,2.58216E-3,-3.18763E-3,-1.48688E-2,-7.18477E-3,-2.34854E-4,3.49230E-3,1.09004E-2,-1.66612E-3,1.06539E-4,-8.84372E-4,3.28664E-3,-4.13366E-3,6.20483E-5,6.42462E-3,-7.02353E-3,-1.00640E-3,-6.04414E-4,-1.00277E-2,-8.03771E-3,-6.59272E-3,-7.09515E-3,4.67464E-3,1.38428E-3,8.52016E-3,-3.10877E-3,1.52645E-2,2.10266E-3,-6.48682E-4,4.13858E-3,-8.34851E-3,-4.13583E-3,-4.11150E-3,4.19221E-3,-3.73683E-3,5.28100E-3,-1.31643E-3,2.13186E-3,9.43801E-3,2.27472E-3,-7.65107E-3,4.27092E-4,5.99001E-3,-4.55432E-3,-1.17188E-2,1.27467E-2,-1.35365E-2,-2.58241E-3,3.07716E-3,4.75224E-3,4.81384E-3,1.13140E-3,8.45937E-3,-4.11844E-3,2.79573E-3,-4.18843E-3,-9.42454E-3,-9.56277E-4,7.71341E-3,-1.06332E-3,6.25104E-3,1.60540E-2,3.33984E-3,6.14007E-3,5.02043E-3,9.11418E-3,1.18037E-2,6.22483E-3,-1.75622E-3,8.18825E-3,9.67080E-4,4.71564E-4,7.37863E-3,-1.83688E-2,1.01008E-2,1.12736E-2,1.53555E-2,1.06686E-2,1.50228E-3,4.74775E-3,1.95570E-2,3.17937E-3,4.25825E-3,8.34519E-3,-1.89906E-3,1.02913E-2,1.76296E-4,1.03806E-2,1.55060E-2,2.18853E-2,1.60724E-2,4.26062E-3,1.14085E-2,1.30263E-2,1.04927E-2,5.61914E-3,2.96036E-3,5.54813E-3,-4.65480E-3,1.01264E-2,1.14330E-2,7.36508E-3,3.76401E-3,6.10897E-3,6.82205E-3,9.43419E-3,1.34778E-3,1.16261E-2,1.02197E-2,9.59736E-3,3.17418E-3,2.92394E-3,4.07431E-3,2.16954E-3,-8.65139E-3,1.37714E-2,8.66179E-3
9.19280E+2,-2.01163E-3,3.19469E-3,-3.58574E-3,-2.08272E-3,3.97064E-3,2.75336E-3,-3.74456E-3,2.05514E-3,-3.05726E-3,1.12331E-3,-2.33269E-3,-3.82137E-3,5.75542E-3,-3.17681E-3,4.96021E-3,3.00902E-3,4.51549E-5,1.69740E-3,7.59297E-3,1.72536E-3,-6.90479E-3,-2.79021E-3,-1.83373E-3,1.47991E-3,9.30577E-3,3.55090E-3,-1.61735E-3,6.99436E-3,-5.06745E-3,1.20407E-2,-4.73199E-3,-9.07738E-3,1.29485E-3,1.25966E-2,5.83475E-3,3.01008E-3,7.78366E-3,-3.10477E-3,5.95140E-3,1.18908E-3,1.60840E-3,2.58723E-3,1.16909E-2,-8.10744E-3,-2.84460E-3,-4.42669E-4,1.92882E-4,-3.61192E-3,6.85175E-3,2.84565E-3,4.02804E-3,-3.65951E-3,4.26125E-3,7.79277E-4,7.96429E-3,3.22113E-3,-1.90819E-3,5.78115E-4,3.19429E-3,4.46051E-3,3.20080E-3,1.20518E-2,-2.42201E-3,4.78777E-3,6.15500E-3,-3.17549E-3,-6.38696E-3,1.66573E-3,-1.27053E-2,-1.19803E-3,7.26494E-4,1.04525E-3,-8.14003E-5,6.54033E-3,-2.30915E-3,-6.59342E-3,2.58420E-3,3.68885E-4,4.07720E-3,-1.70033E-3,-8.08165E-3,9.72705E-4,3.89430E-3,-3.66347E-3,8.05012E-3,9.17795E-3,-3.09380E-3,-7.48545E-3,-4.52871E-3,1.24514E-3,-6.76907E-3,-3.18784E-3,3.94523E-3,-5.24852E-3,3.13145E-3,-1.01044E-2,7.27380E-3,-1.72319E-3,2.82307E-3,-3.85202E-3,-2.03573E-3,-2.11548E-3,-5.12532E-3,1.18814E-3,-3.61646E-3,5.98368E-3,-1.07360E-2,-5.74516E-4,-5.09774E-3,5.41850E-5,1.09202E-2,7.80336E-3,-3.17791E-3,1.98290E-3,1.65584E-3,-1.42604E-2,-3.80595E-3,4.55468E-3,7.24972E-3,1.23537E-3,-4.26500E-3,-3.28885E-3,-2.66319E-3,1.67115E-3,9.55185E-3,3.76254E-3,1.47479E-2,9.78107E-3,3.02023E-3,-5.66896E-3,2.87114E-3,6.23537E-3,9.68178E-4,1.88989E-3,-7.95931E-4,-1.13254E-3,-2.43103E-3,1.09563E-2,-6.02432E-3,-5.57826E-4,8.38765E-3,-1.61123E-3,6.79074E-4,4.51091E-3,8.44356E-3,5.67117E-3,1.76183E-3,-3.27145E-3,-4.83527E-3,6.44115E-3,6.20590E-3,-7.28983E-4,-1.70460E-3,-1.31726E-2,4.58473E-4,-1.84308E-3,-2.47411E-3,1.96966E-2,3.94320E-3,-3.95006E-3,-3.73617E-3,9.07991E-4,4.46110E-3,1.62575E-3,5.45455E-3,8.92846E-3,9.60507E-3
9.22699E+2,1.73964E-4,1.29715E-3,-6.08990E-3,-1.13890E-3,6.50298E-3,1.76603E-3,-3.65364E-4,1.30615E-3,-1.08144E-3,5.76040E-3,-3.60240E-4,-6.19123E-3,-2.26915E-3,-2.95740E-3,3.64696E-3,-3.30105E-3,9.63935E-3,6.66409E-3,8.31001E-3,-7.48833E-4,-2.24189E-3,5.61296E-3,-1.67553E-3,1.77150E-3,-4.52869E-3,7.49119E-3,2.92832E-3,2.10146E-3,8.02630E-3,-2.31450E-3,1.52390E-3,-5.38361E-3,1.23475E-3,-5.67046E-3,1.88426E-3,5.25973E-3,2.01755E-3,-1.17497E-3,1.70704E-3,-5.69202E-3,3.93796E-3,-3.60700E-3,5.68300E-3,-1.73812E-3,-7.69805E-4,3.23396E-3,-2.00145E-3,-2.99369E-3,8.61900E-4,-9.43170E-4,1.30064E-3,1.18368E-4,3.02320E-4,1.00024E-3,3.99296E-3,-6.17882E-4,-1.40746E-3,2.27418E-3,1.29128E-3,-2.75267E-3,4.94494E-3,6.99470E-3,-2.10225E-4,-5.90591E-3,7.93856E-4,-6.34433E-3,-9.04959E-3,-3.35011E-3,-1.36936E-3,-1.81947E-3,-1.77871E-3,2.64808E-3,3.68969E-3,7.76543E-5,3.87383E-4,-5.90812E-3,-5.25164E-4,1.75430E-3,-7.29903E-3,-4.00277E-3,-4.79253E-3,-2.52220E-3,-4.15193E-3,3.31662E-3,-1.05865E-3,4.82683E-3,-3.26972E-3,9.69848E-4,-2.33187E-3,7.78855E-4,-4.91281E-3,-1.35389E-2,-9.05261E-4,-4.54076E-3,1.11806E-4,-9.92070E-4,-3.24484E-3,-3.22213E-3,-1.21480E-2,-2.58637E-3,-5.19678E-3,-3.49927E-3,-3.10050E-4,-7.75247E-3,-6.35819E-3,-6.99836E-5,1.69181E-3,-2.48821E-3,1.31311E-3,-5.83350E-4,-7.33831E-4,-1.19163E-3,-2.32165E-3,-4.74626E-3,-3.64245E-3,2.99045E-3,9.59252E-3,1.20196E-3,-2.85524E-3,2.26737E-3,-5.91714E-3,-8.40555E-4,-1.63626E-3,-2.18920E-3,-2.82660E-3,8.32049E-3,-1.52540E-3,-1.59321E-3,-1.31530E-3,7.87369E-4,-1.65850E-3,-4.49909E-3,-9.62362E-4,3.78271E-3,6.38782E-3,9.01571E-3,-5.95773E-4,5.15822E-3,5.56570E-3,-1.91048E-3,-3.98371E-4,3.49635E-3,1.66494E-3,5.08298E-3,3.77055E-3,8.94405E-3,6.60092E-3,1.17663E-3,-5.21359E-3,-3.45828E-3,-1.14838E-3,-1.71024E-3,1.06872E-2,-3.63662E-3,8.03988E-3,1.09449E-2,6.58412E-4,9.01051E-3,3.37187E-3,-3.63003E-3,-2.12765E-3,5.52432E-4,-4.25515E-3,4.17040E-3,-4.29587E-3,2.15135E-3,-5.43057E-3
9.26119E+2,-3.82458E-3,4.13104E-3,-3.00308E-3,-1.96294E-3,3.95495E-3,7.35655E-5,-2.90857E-3,-2.20235E-3,5.59104E-3,1.13617E-3,1.08817E-3,1.36958E-3,-1.73963E-4,-1.68269E-3,-1.58634E-3,3.79341E-5,4.52834E-4,2.94412E-3,1.52248E-3,2.16435E-3,3.46455E-3,9.43356E-4,9.97960E-4,-2.70288E-3,4.25154E-3,2.48603E-4,2.24190E-3,-3.75795E-4,1.61107E-3,1.35722E-3,3.39828E-3,-2.07954E-3,5.42020E-3,7.03439E-3,-1.70413E-3,5.58059E-3,-4.03037E-3,5.51916E-4,1.46857E-3,-4.29285E-4,-1.96066E-3,1.39105E-3,1.54490E-3,4.99729E-3,-5.89838E-3,5.36185E-4,2.09450E-3,4.22228E-3,2.70811E-3,-6.43150E-4,-9.22160E-4,2.67016E-3,2.45169E-3,-1.82875E-3,3.27421E-3,2.17538E-3,-2.71228E-3,-5.82367E-3,-2.85578E-4,6.73988E-3,-1.59608E-3,-2.58290E-3,7.21278E-4,-3.18152E-3,-8.68060E-3,-1.87728E-4,-1.53034E-3,1.93798E-4,1.88650E-4,-3.23873E-3,-9.03069E-4,1.36098E-4,9.60732E-4,1.32586E-3,-7.04573E-4,-1.81396E-3,4.60255E-3,1.54476E-5,2.92551E-3,-4.37561E-3,-2.01476E-4,-2.36762E-3,-5.61935E-3,-6.41971E-5,1.96248E-3,2.89911E-3,-6.69202E-4,2.32334E-3,1.78818E-3,-3.93627E-3,-9.12432E-3,-4.45205E-3,-2.43859E-3,-5.97986E-3,-8.74036E-3,-7.57888E-3,1.26854E-4,-3.50049E-3,8.39294E-4,-7.19474E-3,-3.78443E-3,8.52974E-4,-1.13148E-3,1.85213E-3,-4.95322E-3,-2.41691E-3,-3.65091E-3,-1.55501E-3,-3.96145E-3,-2.85514E-3,3.93416E-3,-4.39142E-4,-3.15807E-3,-3.31748E-3,-4.42513E-3,-5.60489E-3,1.98685E-3,3.49941E-3,-2.13143E-3,4.69245E-4,-5.14937E-4,-3.38721E-3,-5.39956E-3,1.70155E-4,-5.86166E-3,5.74328E-3,4.98808E-3,2.55590E-3,1.47406E-3,-3.50672E-3,-2.89629E-3,-1.79646E-3,8.41560E-4,-2.89222E-4,1.11433E-3,2.37363E-4,3.67488E-4,-2.88489E-3,1.92761E-3,-1.42310E-3,1.54700E-3,6.64952E-3,-4.09984E-3,6.42488E-3,-7.40342E-4,3.36447E-3,-2.80435E-3,2.49084E-3,-3.05894E-3,3.24831E-3,2.31949E-3,-3.48664E-3,6.38498E-3,3.21214E-4,-1.61875E-3,-5.84506E-3,-1.13395E-3,1.96459E-4,1.85397E-3,7.77207E-4,-9.48567E-3,3.07345E-3,3.23832E-3,3.66400E-3,-8.76882E-4,5.59212E-3,-4.20717E-3
9.29540E+2,3.48971E-4,-5.88080E-4,-2.60759E-3,-4.96120E-4,2.46016E-3,-1.07293E-3,-2.92204E-3,7.76342E-4,-1.51111E-3,2.79804E-3,9.14763E-4,2.45674E-3,1.62778E-3,-3.28071E-3,1.09578E-3,-1.40477E-3,7.42808E-3,2.84403E-4,-8.87475E-4,3.75583E-4,4.04905E-3,-2.89423E-3,2.67847E-3,1.54528E-3,4.10573E-3,1.79332E-3,1.06304E-3,-4.62540E-4,5.25821E-3,-6.14772E-4,1.88603E-5,5.44176E-4,1.12615E-3,3.03406E-3,-2.48658E-4,4.94087E-3,-4.65419E-4,3.46910E-3,3.48610E-3,2.05474E-3,-1.46406E-3,2.24763E-3,-3.30882E-3,-2.71069E-3,1.39075E-3,4.71616E-4,-2.00004E-3,-2.67235E-3,1.10726E-3,-2.13771E-3,-4.64134E-3,1.32022E-3,-2.56130E-3,-1.75637E-4,2.34458E-3,-3.95679E-3,-3.89937E-3,7.84103E-4,-4.47037E-3,-2.46587E-4,1.38842E-3,-2.50435E-3,-3.99593E-3,-3.27890E-3,-4.29819E-3,7.47202E-4,1.73633E-3,-6.02090E-4,-2.89352E-3,-4.03498E-3,-2.19609E-3,-3.18196E-3,-2.61113E-3,-4.45059E-3,-1.66251E-3,4.98126E-3,-5.70725E-3,6.51000E-5,-2.46215E-3,-2.68690E-3,-1.76764E-3,-6.35478E-4,-3.19418E-3,-7.47494E-3,5.35851E-3,4.24673E-3,-2.14099E-3,-3.33149E-3,-3.28291E-4,-1.99982E-3,-7.03573E-4,-4.01259E-3,-2.62366E-3,-2.46916E-3,7.28651E-4,-2.64221E-3,-4.93528E-3,-5.99088E-3,-4.00603E-3,-2.70835E-3,-5.36621E-5,-1.54334E-3,-6.04679E-3,-1.93498E-3,4.15070E-3,-1.99788E-3,1.83702E-3,2.86521E-3,3.59746E-3,-2.95363E-3,-6.30810E-3,4.77798E-4,-2.84396E-3,-4.12382E-3,-6.11412E-3,-3.01233E-3,5.41361E-5,-2.50093E-3,-6.57382E-3,1.07075E-3,-2.00346E-4,-2.74229E-3,-4.53398E-4,1.83214E-3,-8.68713E-4,-1.46125E-3,6.51130E-3,-5.97046E-4,-2.93975E-3,-2.05310E-3,2.16001E-3,-3.71335E-5,-3.06945E-3,4.04540E-3,-8.11936E-4,-1.35650E-3,2.00134E-4,-5.47081E-4,-5.68124E-4,-1.81429E-3,-2.40623E-3,-1.03215E-4,-2.63544E-3,-4.07200E-4,2.06461E-3,8.06507E-4,1.70360E-3,-2.92388E-3,2.18438E-3,-5.89077E-4,-6.43320E-4,-3.43456E-3,7.66443E-4,-2.55533E-4,4.75271E-3,2.17891E-3,4.21397E-3,1.40346E-3,-1.32228E-3,6.82330E-3,-3.07432E-3,-2.01042E-3,-3.20640E-3,-1.99424E-3,1.13363E-3,-8.10222E-3,-4.14050E-3
9.32962E+2,4.69957E-3,2.08057E-3,-2.87623E-3,1.26935E-3,-1.58900E-3,2.99638E-4,1.35043E-4,1.73588E-3,-2.89557E-3,2.58711E-4,1.15269E-3,-2.02930E-3,2.68619E-3,-2.00951E-3,-2.91804E-3,5.79707E-4,-4.91260E-3,-2.77741E-3,4.08016E-4,3.96515E-3,1.50381E-3,-3.54783E-3,2.02625E-3,2.13464E-3,3.72761E-3,-2.32893E-4,1.17078E-3,3.02311E-3,3.01075E-3,4.28659E-4,3.32903E-3,4.49338E-4,-9.52788E-4,2.09976E-3,7.10850E-4,3.20129E-3,-1.10291E-4,1.21059E-3,1.39265E-3,2.90194E-3,5.05615E-3,1.66683E-3,3.64990E-3,2.15309E-3,-1.74072E-4,1.01888E-3,2.52360E-4,-1.80590E-4,4.42409E-3,-9.58019E-4,-1.08630E-3,7.68439E-4,1.28666E-3,2.98191E-3,-8.52992E-4,1.37173E-3,-3.54541E-3,1.81946E-3,-2.51954E-3,-3.41999E-4,2.15896E-3,-1.60190E-3,-8.38408E-4,1.33631E-3,-1.38256E-3,-4.38420E-3,1.01501E-3,-1.95400E-3,1.64451E-3,-3.11171E-3,7.68687E-4,-3.56111E-4,5.29674E-4,1.59003E-4,-2.69648E-3,-5.35209E-3,-4.58937E-4,1.02517E-3,-2.32655E-3,-4.09062E-3,-2.77246E-3,1.15466E-4,-2.18063E-3,-7.79652E-4,1.39163E-3,-1.27241E-3,-5.75256E-4,5.31636E-4,9.36171E-5,-1.00100E-4,-7.38255E-4,1.49584E-3,-2.94003E-3,-5.66484E-4,-3.22172E-3,-1.49671E-4,-3.02191E-3,-4.54347E-3,6.03333E-4,1.81548E-3,-7.79517E-3,1.29029E-3,-3.39845E-3,-1.00210E-3,-1.01057E-3,-7.66162E-4,-3.58025E-3,4.43901E-6,8.41069E-4,-1.63471E-4,2.64821E-3,1.88554E-3,-2.19049E-3,2.24354E-4,-1.84469E-3,-4.25479E-3,2.64918E-3,-2.99376E-3,-2.64520E-3,-4.69842E-3,-6.97684E-3,-3.20892E-4,6.12846E-4,-4.70141E-4,2.57669E-3,1.97756E-3,1.02301E-3,-1.92535E-4,1.53017E-3,-4.00911E-3,-2.66476E-4,4.54300E-3,4.78818E-4,2.06098E-3,-7.83753E-3,-2.77114E-3,3.79861E-3,6.11137E-3,1.00316E-3,7.03610E-4,-1.17804E-3,2.22017E-4,-8.87450E-4,1.76881E-3,-4.33464E-4,-8.09772E-5,8.11481E-4,-5.75610E-4,-1.46651E-3,-4.85230E-4,1.81527E-3,-6.15922E-3,6.10077E-4,-8.98243E-4,1.57260E-3,3.03987E-4,-5.72518E-4,-1.47939E-3,-2.21463E-3,1.86891E-3,1.45806E-3,-2.09604E-3,-2.24332E-3,4.24986E-4,-3.26873E-4,1.28302E-4,4.17575E-4
9.36384E+2,-2.23292E-3,3.52761E-3,-2.01435E-3,-4.01982E-4,-1.59810E-3,5.20908E-4,3.56484E-3,2.20491E-3,-2.46637E-3,4.36753E-4,1.66461E-3,8.33860E-4,-1.02471E-3,-3.86567E-3,8.50631E-4,-1.59975E-3,2.50908E-3,-2.50948E-4,2.13244E-3,4.18171E-4,9.73459E-4,2.06143E-3,2.57269E-3,8.77635E-4,1.69340E-4,-6.10515E-4,7.60483E-4,9.67154E-4,2.59775E-3,2.58169E-3,8.62803E-4,3.11668E-3,3.48100E-3,3.27361E-3,1.12843E-3,1.35676E-3,5.35375E-4,9.75310E-4,1.71752E-3,2.10847E-3,7.39124E-4,2.34791E-3,1.66993E-3,1.42535E-3,-1.18637E-4,8.14706E-4,3.39430E-4,2.65626E-3,1.79095E-3,1.06942E-3,-6.01283E-4,4.20366E-4,-9.50317E-4,2.05954E-3,3.45047E-3,-5.19605E-4,2.69685E-3,-7.39793E-4,-1.66992E-3,1.57749E-3,6.80596E-4,2.88060E-4,-2.06371E-3,-2.88789E-3,1.86974E-3,2.61130E-3,-1.42182E-3,-1.07924E-3,-7.33709E-4,-1.07322E-3,2.06857E-3,-1.80242E-3,-1.22091E-4,-3.66178E-3,-2.23038E-4,-7.00616E-4,4.29774E-4,4.25204E-3,4.44605E-4,-1.39601E-3,-2.94570E-3,-1.43625E-3,-1.99645E-3,-1.09129E-3,-2.13110E-3,-3.53619E-4,-1.91662E-3,-8.45584E-5,-1.83692E-3,-2.27435E-3,-1.70234E-3,2.64500E-3,-5.87820E-4,-6.47386E-4,-7.62353E-4,-2.55741E-3,-2.01332E-3,-6.47738E-4,-3.22075E-3,-1.66646E-3,-2.93839E-3,-3.00143E-3,-1.24296E-3,1.54613E-3,-1.91883E-3,-1.22540E-3,1.08636E-3,-2.74612E-3,3.26665E-4,-2.26637E-4,-4.35647E-3,-6.77519E-5,-2.10995E-3,1.83088E-4,-2.88980E-3,-6.25624E-4,-5.66519E-4,-3.20175E-4,-1.77874E-3,-3.67449E-3,-1.57267E-3,1.61865E-3,-2.29236E-3,-5.44328E-4,-3.89151E-3,9.03196E-4,-2.59471E-3,-5.44752E-6,1.91235E-3,-9.66013E-4,-1.63083E-3,2.74484E-3,-1.75169E-3,-4.71152E-4,3.02892E-3,2.71015E-3,-1.54972E-3,-6.43172E-4,-5.98463E-5,1.41107E-3,-2.88599E-3,-1.12656E-3,-2.77706E-3,6.29421E-5,-3.78150E-4,1.67460E-4,-1.49274E-3,-6.09587E-4,3.95014E-4,-3.50946E-4,5.55009E-3,-1.18190E-3,-1.00947E-4,-2.05440E-3,1.93084E-4,-5.72602E-4,-1.06841E-3,2.69198E-3,-2.90020E-3,3.93133E-3,-1.55555E-3,-4.88397E-4,-1.02199E-3,1.82711E-3,-1.36909E-3,-3.43611E-4,-2.77481E-3
9.39807E+2,6.63251E-4,8.53606E-4,1.00845E-3,1.41973E-3,-5.37080E-4,-6.34929E-4,-2.84136E-3,9.73502E-4,-1.59178E-3,-1.61473E-4,-2.38755E-4,7.88059E-4,9.57100E-4,-2.76558E-3,2.10726E-3,-3.17397E-4,1.10339E-3,2.41770E-3,-9.34081E-4,7.98476E-4,-2.15687E-3,2.17309E-3,3.47859E-4,9.80714E-5,1.86587E-3,1.94013E-5,6.60040E-4,4.21937E-4,-2.31040E-3,5.39138E-4,-5.99267E-4,5.84233E-4,2.15985E-4,-2.04314E-3,-1.46768E-3,-1.32732E-3,2.43622E-3,7.05491E-4,-1.44469E-3,2.72707E-4,3.24963E-3,-1.77808E-3,1.26952E-3,1.72022E-4,-1.83435E-3,-3.70882E-4,-2.81837E-3,-2.36946E-3,-1.84573E-4,4.05715E-4,1.14792E-3,9.23464E-4,-9.70275E-5,1.48111E-3,8.78153E-4,-1.02041E-4,1.66911E-4,-3.09110E-4,-9.86736E-5,-1.18814E-3,-1.48196E-3,-1.21363E-3,-1.30948E-3,-3.01750E-3,-2.28195E-4,-4.04045E-4,-1.93313E-3,-2.86774E-3,-2.27264E-3,-2.01442E-4,-1.95689E-3,-1.20929E-3,-1.37266E-3,-6.90953E-4,-2.46342E-3,-4.14469E-4,-4.76620E-4,-1.94051E-3,2.40266E-4,-1.21382E-3,-2.27574E-4,-5.58120E-4,-1.25356E-3,-3.55744E-3,-9.35734E-4,-8.75690E-4,-5.15536E-3,1.52466E-3,-1.01360E-3,-1.94816E-3,-2.81016E-3,1.49759E-4,-3.75335E-3,-2.48569E-3,-9.21246E-4,-3.10003E-3,-3.15709E-4,-4.36058E-3,-3.12300E-3,-1.76796E-3,1.09847E-3,-4.93148E-3,-3.79110E-3,-2.84243E-3,-1.15959E-3,-1.86002E-3,-3.56975E-3,-3.34744E-3,-5.29056E-3,-4.93031E-4,-2.77492E-3,-7.02549E-4,-1.66198E-3,-1.29743E-4,-2.85983E-3,-1.67381E-3,-5.83557E-4,-7.78924E-4,-2.59316E-3,-3.67455E-3,1.84739E-3,2.77629E-4,2.69776E-4,1.81628E-6,-2.98988E-3,4.52802E-4,-1.51901E-3,1.90855E-3,-1.24047E-3,-8.80080E-4,2.68779E-3,-2.41531E-4,7.63391E-4,-7.25269E-4,-4.14259E-3,2.60069E-3,-3.32231E-4,1.09970E-4,-2.60897E-3,-2.83025E-3,-2.07428E-4,-1.66075E-3,2.14214E-4,5.42438E-5,1.15468E-3,6.32654E-4,4.72910E-5,-1.94030E-3,1.72333E-3,8.58337E-5,-2.64803E-3,-1.51795E-3,-6.83267E-4,-1.22959E-3,8.57001E-4,-1.11192E-3,-1.42100E-3,-2.03310E-3,1.99602E-3,-3.59374E-3,-6.85552E-3,-2.67113E-3,-1.94012E-3,1.28386E-3,-1.43795E-3,-6.72777E-4,-3.29861E-3
9.43231E+2,-3.45855E-4,-1.58395E-3,1.06855E-4,-7.50723E-4,8.97206E-4,-6.28862E-4,2.34290E-4,-2.74725E-4,1.56688E-3,-1.33545E-3,-2.40844E-4,8.58656E-4,1.81889E-4,-1.80142E-4,1.49478E-3,1.63215E-3,-5.62097E-5,-1.28712E-3,1.61661E-3,7.84105E-4,2.19750E-3,-9.35512E-4,1.41982E-3,5.83714E-5,2.11224E-3,4.00101E-4,1.01497E-3,7.04812E-4,-2.73819E-4,3.88040E-4,1.05796E-3,1.15930E-3,2.92829E-3,-1.35335E-5,-1.14429E-3,2.73960E-4,6.30149E-4,-9.79916E-4,2.37953E-3,5.05560E-4,-1.34854E-5,7.56302E-4,1.44543E-3,4.71260E-4,9.21223E-5,1.18855E-3,-2.52182E-3,6.01293E-6,4.28289E-4,-1.13889E-4,-2.35038E-3,-3.24102E-4,-6.59723E-4,-3.74946E-4,1.79692E-3,9.30328E-5,2.12900E-4,-1.95957E-3,5.82287E-5,1.63956E-4,-7.49499E-4,-9.86352E-4,-2.09220E-4,-2.34254E-3,1.70307E-3,-1.56918E-3,-5.53568E-4,-1.20834E-3,-1.33560E-3,-2.09154E-3,2.33202E-4,-8.15195E-4,-2.08972E-3,-5.06422E-4,7.83045E-4,1.16452E-4,-3.33267E-4,-2.73501E-3,-1.76166E-3,-3.25440E-3,-2.58137E-3,-2.39493E-3,-8.69550E-4,-1.36888E-3,-1.61332E-3,-1.85758E-3,-9.53056E-4,-2.32691E-3,-4.54391E-3,-4.61232E-4,-2.58937E-3,-3.03278E-3,-2.13662E-3,-3.08325E-3,-2.10097E-3,-6.52928E-4,-1.22500E-3,-2.42949E-3,-2.16277E-3,-1.69024E-3,-2.76664E-3,-5.34451E-3,-2.26822E-3,-1.66233E-3,-2.06673E-3,-3.57858E-4,-2.47588E-3,-7.83803E-4,-3.07026E-3,-6.31210E-4,-3.64397E-3,-4.59479E-3,-1.26760E-3,-2.36875E-3,-3.26875E-3,-3.39751E-3,1.26369E-4,-8.39346E-4,-2.25439E-3,-2.83009E-3,-6.29230E-4,-2.26761E-3,-1.64467E-3,-1.89545E-3,-3.22169E-3,-1.35117E-3,-2.79680E-3,-2.24496E-3,-1.67693E-3,7.13435E-4,-6.85409E-4,-1.14522E-4,-3.39827E-3,-1.16468E-3,-1.50843E-3,1.50166E-3,-1.56859E-4,1.99509E-4,-2.50282E-3,-1.98637E-3,-7.42735E-4,-2.68724E-4,-3.42977E-3,-2.55809E-3,1.43598E-3,2.56081E-4,-1.06969E-3,-2.73014E-3,-9.28100E-4,-2.39456E-3,-3.18279E-3,-2.45591E-3,-1.22908E-3,-2.66189E-3,-2.64474E-5,3.85273E-4,-1.63454E-3,-3.92975E-3,-2.14184E-3,-4.89448E-4,-2.43056E-3,-3.34508E-4,-2.79354E-3,-1.44540E-3,6.46169E-4,-2.50199E-4,-1.80881E-3
9.46655E+2,-4.52354E-4,-3.56860E-4,-2.09587E-4,-1.64251E-4,6.23874E-4,7.50022E-4,7.27071E-4,-7.10516E-4,-8.56807E-5,-4.92754E-4,1.16683E-4,-4.99544E-4,6.32546E-4,2.24912E-4,-1.03561E-4,1.90696E-4,-2.65405E-4,-1.52386E-3,7.05941E-4,7.09936E-4,7.37031E-4,-3.06356E-5,1.96996E-3,8.30071E-4,1.22254E-3,2.67183E-3,1.25843E-3,7.54015E-4,8.93378E-4,2.52504E-4,1.79180E-3,2.34388E-3,2.15800E-3,6.55386E-4,3.83859E-4,2.28530E-4,1.79559E-4,2.22539E-3,1.02834E-3,-3.03583E-4,-2.55545E-4,7.95971E-4,-1.19300E-3,7.69859E-4,-4.23412E-4,6.12110E-4,6.74318E-4,1.15420E-3,1.28708E-3,-3.54441E-5,-1.39929E-3,2.08624E-3,8.29726E-4,4.66672E-4,-1.27305E-4,1.78521E-3,-6.97806E-4,3.88095E-4,-7.56012E-4,-5.23652E-4,-1.00122E-3,2.08889E-4,-6.59532E-4,-1.93147E-4,6.91599E-4,-8.27272E-4,-2.13221E-3,5.26422E-4,-1.00502E-3,-9.61995E-4,-5.08965E-4,-1.78287E-3,-1.00336E-3,-1.10570E-3,-1.01246E-3,-1.94908E-4,9.62555E-6,-1.11549E-3,-1.67132E-3,4.31306E-4,-1.01664E-3,-1.84770E-3,-1.46259E-3,-2.53997E-3,-1.94182E-3,-1.27660E-3,-6.03350E-4,-1.21199E-3,-3.05728E-3,-2.01791E-3,-6.07005E-4,-2.71754E-3,-2.01318E-3,-1.16963E-3,-2.15917E-3,-1.78542E-3,-2.71909E-3,-2.05393E-3,-2.39762E-3,-2.18342E-3,-1.39181E-4,-2.19309E-3,-3.70161E-3,-3.71396E-3,-2.56827E-3,-8.98353E-4,-1.56386E-3,-1.53625E-3,-1.38855E-3,-1.46058E-3,-5.83884E-4,-1.30753E-3,-2.06753E-3,-2.68192E-3,-1.65557E-3,-7.12572E-4,-1.94371E-3,-1.63582E-3,-2.48600E-3,-1.10245E-3,-1.92597E-3,-2.34081E-3,-1.91825E-3,7.54597E-4,-1.08726E-3,-3.28959E-3,-2.54846E-3,1.11624E-4,-4.40913E-4,-1.26027E-3,-3.11936E-3,-5.01091E-5,-2.66868E-3,5.69964E-5,-1.76991E-3,-1.27653E-3,-6.13492E-4,-4.89611E-4,-8.38141E-4,-1.37679E-3,-1.96767E-3,-2.15368E-3,-8.92293E-4,-1.32853E-3,-7.82121E-4,-7.17841E-4,-6.75819E-4,-1.65903E-3,-1.49535E-3,-1.94186E-3,-3.95806E-3,-1.05198E-3,-1.66989E-3,-2.33085E-3,6.02569E-4,-2.42045E-3,-4.24401E-4,-1.28004E-3,-1.38633E-3,-2.29759E-3,-3.51774E-3,-6.00044E-4,-7.80844E-4,8.32194E-4,-2.22855E-3,-1.47086E-3,-1.41761E-3
9.50080E+2,9.91026E-4,6.23143E-4,-5.90685E-4,1.20224E-3,-4.17039E-4,1.91495E-4,-1.41129E-3,-2.16291E-4,3.36573E-4,-8.38585E-4,3.16605E-4,6.50562E-4,7.12469E-5,-9.30658E-4,2.16507E-5,3.71747E-4,-1.88437E-4,9.46463E-4,1.55224E-3,-6.96355E-4,5.30289E-4,3.57060E-4,5.23951E-4,-7.73216E-4,9.43430E-4,1.72035E-3,7.96461E-4,1.36810E-3,1.18649E-3,1.35331E-3,1.32860E-3,9.46306E-4,8.38913E-4,1.52794E-3,4.94195E-4,4.77437E-4,9.60818E-4,2.96153E-4,1.29506E-3,9.63819E-5,1.55079E-3,1.19593E-3,-2.21245E-4,6.07606E-4,-1.98601E-4,-1.29365E-4,-6.72619E-5,1.10839E-3,3.85374E-5,7.08780E-4,-7.13373E-4,2.43886E-3,6.12031E-4,-7.47357E-4,-1.16970E-3,-4.54197E-4,2.83013E-4,-1.09031E-4,-4.87578E-4,-1.28697E-3,-7.11485E-4,-3.09088E-5,-6.76484E-4,-1.31111E-3,-8.34203E-4,-5.37563E-4,-9.27589E-4,9.08317E-6,-9.52141E-4,-6.04934E-4,-1.67397E-3,-9.01007E-5,-1.22120E-3,-1.09388E-3,-3.27052E-4,-2.93321E-4,-1.12113E-3,-1.75395E-3,-1.10557E-3,-1.96290E-3,-1.20193E-3,-2.91410E-4,-1.38499E-3,-9.53525E-4,-1.77101E-3,-7.34812E-4,-1.15208E-3,-2.10106E-3,-1.83283E-3,-1.05706E-3,-2.69298E-3,-2.55076E-3,-1.42985E-3,-3.26394E-3,-1.86997E-3,-2.21381E-3,-2.28242E-3,-1.87198E-3,-2.55411E-3,-1.55954E-3,-2.10280E-3,-4.16552E-3,-3.34329E-3,-3.31729E-3,-1.31712E-3,-8.53717E-4,-3.01224E-3,-1.77134E-3,-2.50787E-3,-2.66409E-3,-1.86248E-3,-1.32617E-3,-2.61089E-3,-2.53780E-3,-2.86770E-3,-1.83450E-3,-1.75090E-3,-1.31346E-3,-2.38353E-3,-1.45979E-3,-2.13364E-3,-1.64725E-3,-2.92623E-3,-3.31024E-3,-2.58607E-3,-2.68569E-3,-3.93671E-4,-2.12211E-3,-2.35846E-3,-1.44085E-3,-1.79199E-3,-2.61325E-3,-2.25648E-3,-2.01664E-3,-2.01870E-4,-1.89415E-4,-2.11938E-3,-2.95147E-3,-9.41177E-4,-2.09893E-3,-2.09992E-3,-3.98667E-4,-1.64740E-3,-1.48113E-3,-6.14850E-4,-1.35047E-4,-1.38994E-3,-1.86555E-3,-1.80390E-3,-1.24402E-3,-8.00742E-4,-1.99994E-3,-3.01267E-3,-1.69468E-3,-9.97963E-4,-2.60177E-3,-1.12409E-3,3.02744E-4,-2.49457E-3,-2.24161E-3,-3.67128E-3,-1.22705E-3,-2.06634E-3,-1.36717E-3,-1.04690E-3,-2.09751E-3,-1.42671E-3
9.53505E+2,-1.31806E-3,5.88502E-4,3.08721E-4,3.47696E-4,1.01010E-3,-7.35527E-5,-4.47632E-4,3.46787E-4,-7.39073E-4,-6.18838E-4,6.82229E-4,-8.15836E-4,6.31171E-4,-6.22997E-4,7.20778E-4,4.06598E-4,1.09592E-3,6.04630E-4,3.43867E-4,2.77215E-4,1.02688E-3,7.81778E-4,-2.09197E-4,9.25794E-4,5.71177E-4,1.32736E-3,8.71560E-5,5.73123E-4,6.37958E-4,6.83710E-4,1.74642E-3,3.70050E-4,9.76241E-4,1.66418E-3,1.08584E-3,5.03352E-4,4.58089E-5,1.80446E-3,8.18979E-4,5.77611E-4,7.83697E-4,-1.85821E-4,4.50726E-4,6.79169E-4,-1.29060E-4,1.07107E-3,-1.05202E-5,-1.98686E-4,1.10666E-3,-2.09364E-4,-8.12789E-4,4.00091E-4,-3.50531E-4,-6.18679E-5,-2.20314E-4,2.48549E-4,-5.55726E-4,1.90135E-4,-9.59700E-4,-1.75814E-4,3.62165E-4,-3.84877E-4,-3.20398E-4,-7.89155E-4,-6.77888E-4,-1.03141E-3,-7.01703E-4,-1.66168E-3,-5.84005E-4,-9.28162E-4,-7.44157E-5,-1.53131E-3,4.34494E-4,-9.07378E-4,-1.19994E-3,-9.75232E-4,-4.59574E-4,-1.60731E-3,-1.53014E-3,-1.08121E-3,-1.24374E-3,-1.04808E-3,-7.95743E-4,-4.24734E-4,-2.36920E-3,-6.61882E-4,-1.22103E-3,-8.18040E-4,-1.36808E-3,-1.17116E-3,-1.88401E-3,-1.91334E-3,-2.21911E-3,-2.24278E-3,-2.97033E-3,-8.79714E-4,-2.61690E-3,-2.54293E-3,-2.19704E-3,-2.11929E-3,-2.78422E-3,-1.55052E-3,-3.14415E-3,-1.92892E-3,-3.07064E-3,-2.25843E-3,-1.60255E-3,-1.57306E-3,-1.28471E-3,-2.68876E-3,-6.56075E-4,-1.81683E-3,-1.73014E-3,-2.20759E-3,-2.23793E-3,-2.99097E-3,-1.14908E-3,-2.82290E-3,-1.29830E-3,-2.19629E-3,-2.44713E-3,-1.39974E-3,-3.09244E-3,-1.01827E-3,-1.50083E-3,-8.40914E-4,-1.92599E-3,-1.04378E-3,-2.09838E-3,-1.54467E-3,-1.68712E-3,-1.29744E-3,-2.03116E-3,-2.44526E-3,-2.90737E-3,-1.03411E-3,-6.53584E-4,-1.16855E-3,-2.94318E-3,-1.09849E-3,-5.03387E-4,-1.94452E-3,-1.11262E-3,-7.01548E-4,-3.95381E-4,1.16291E-4,-6.33317E-4,-7.73111E-4,-6.89476E-4,-1.30014E-3,-2.19438E-3,-2.65017E-3,-1.10279E-3,-1.97459E-3,-1.03594E-3,-8.62473E-4,-1.37127E-3,-1.22427E-3,-2.87846E-3,-1.55051E-3,-1.43641E-3,-2.09335E-3,-1.55238E-3,-1.14979E-3,-2.18567E-3,-1.86456E-3,-1.43413E-3
9.56932E+2,1.99029E-4,4.10282E-4,2.82368E-5,2.26540E-4,-5.60010E-4,1.84224E-4,6.54255E-5,-8.93074E-5,3.20999E-8,-4.21184E-4,6.14024E-4,-1.72748E-4,2.66504E-4,-2.62226E-4,-4.88822E-4,-3.56498E-4,6.13789E-4,1.11424E-3,9.20180E-4,5.49121E-4,9.64645E-4,7.10675E-4,3.38986E-4,6.43712E-4,2.36999E-4,1.45664E-3,9.15568E-4,1.01562E-3,1.84865E-4,1.20556E-3,4.54740E-4,1.22272E-3,4.82474E-4,1.16092E-3,6.12916E-4,3.34703E-4,4.20164E-4,5.40875E-4,1.29030E-3,4.96767E-4,6.83918E-4,5.07852E-4,6.53416E-4,2.54308E-4,1.09375E-3,2.18376E-4,6.35718E-4,5.89708E-4,6.21810E-4,-6.78602E-4,-1.26758E-3,1.00165E-3,-1.29872E-4,-2.38175E-4,1.38767E-4,8.61216E-4,-4.76863E-4,-4.79172E-4,-2.10345E-4,-5.92042E-4,3.82540E-4,-7.25009E-4,-5.74547E-4,-1.42586E-4,-7.11802E-4,-1.24886E-3,-1.08503E-3,-2.68420E-4,-4.45843E-4,-1.03472E-3,-1.16858E-3,-1.51785E-3,-5.10872E-4,-1.34525E-3,-9.59416E-4,-7.96403E-4,-1.25645E-3,-2.46723E-3,-1.64514E-3,-9.31078E-4,-2.09696E-3,-7.91933E-4,-9.16390E-4,-1.31293E-3,-2.54218E-3,-1.59412E-3,-1.06078E-3,-2.19786E-3,-1.02544E-3,-1.05499E-3,-2.25678E-3,-2.18060E-3,-1.43465E-3,-2.71166E-3,-1.83761E-3,-2.36014E-3,-1.71364E-3,-2.17939E-3,-2.43354E-3,-2.46943E-3,-2.63659E-3,-3.18156E-3,-2.90246E-3,-2.21675E-3,-2.75023E-3,-2.53440E-3,-2.10386E-3,-2.15552E-3,-1.94852E-3,-1.89565E-3,-2.04390E-3,-2.09198E-3,-2.89280E-3,-1.60110E-3,-2.25061E-3,-1.41088E-3,-2.30848E-3,-2.50037E-3,-2.36214E-3,-2.96997E-3,-2.20639E-3,-1.84343E-3,-2.58659E-3,-1.72103E-3,-2.88072E-3,-2.32831E-3,-2.29329E-3,-9.99346E-4,-4.62441E-4,-1.62477E-3,-1.94115E-3,-1.10667E-3,-2.22930E-3,-2.33109E-3,-2.37284E-3,-9.39153E-4,-6.71423E-4,-1.97252E-3,-2.23270E-3,-1.03295E-3,-1.08052E-3,-1.21787E-3,-1.15276E-3,-1.06195E-3,-6.66590E-4,-7.08217E-4,-6.44544E-4,-2.50992E-3,-1.25400E-3,-1.73204E-3,-2.35885E-3,-1.96561E-3,-2.06860E-3,-2.03468E-3,-9.33183E-4,-2.25709E-3,-2.54175E-3,-1.33410E-3,-1.73287E-3,-3.77107E-4,-2.08953E-3,-1.10021E-3,-2.65486E-3,-9.47308E-4,-9.51267E-4,-1.07711E-3,-1.59269E-3
9.60359E+2,-7.91950E-5,1.67850E-4,-3.08788E-4,3.75523E-5,-1.29898E-4,-1.11393E-4,3.46499E-4,4.95567E-4,-2.12408E-4,-7.09882E-4,5.16118E-4,-7.84678E-4,7.84452E-4,-2.62554E-4,2.50757E-4,-3.74978E-4,-3.73591E-4,-2.26204E-4,4.37473E-4,-5.30031E-5,1.54920E-4,4.97230E-4,-1.72045E-4,1.68299E-4,7.74399E-4,4.70519E-4,6.15365E-4,9.81061E-4,1.14932E-3,5.33432E-4,1.25434E-4,6.50290E-4,3.79817E-4,1.01529E-3,-3.09534E-5,5.17692E-4,1.17068E-4,1.49458E-4,5.39984E-4,9.46394E-4,3.86477E-4,5.98999E-4,1.86337E-4,-2.48202E-4,-2.38849E-4,-1.18048E-4,-9.71001E-5,5.87108E-4,1.41499E-4,-1.02021E-4,-2.69966E-4,5.07867E-5,-5.83987E-4,-6.21972E-4,-3.59615E-4,2.21722E-4,-6.80612E-4,-1.45062E-3,-1.46619E-3,-1.48501E-4,-1.07723E-4,-4.80345E-4,-5.79174E-4,-1.05419E-3,-7.30906E-4,-5.50526E-4,-1.27553E-3,-7.77537E-4,-6.29815E-4,-1.76114E-3,-8.27845E-4,-1.67577E-3,-1.52858E-3,-1.08839E-3,-8.20032E-4,-2.08205E-3,-1.05705E-3,-1.74315E-3,-1.55107E-3,-9.68960E-4,-1.12573E-3,-1.82466E-3,-1.51411E-3,-1.33307E-3,-2.77039E-3,-2.03703E-3,-2.27773E-3,-2.24421E-3,-1.55098E-3,-2.44784E-3,-2.73215E-3,-2.26670E-3,-2.31403E-3,-2.40430E-3,-2.32812E-3,-2.06171E-3,-2.70098E-3,-2.75741E-3,-2.88088E-3,-2.37379E-3,-2.75125E-3,-3.31443E-3,-2.67941E-3,-2.74441E-3,-2.94676E-3,-2.68075E-3,-2.68161E-3,-2.21251E-3,-2.86187E-3,-2.16102E-3,-2.06506E-3,-2.83655E-3,-2.72065E-3,-2.59767E-3,-2.91154E-3,-2.40165E-3,-2.38143E-3,-2.59549E-3,-2.77771E-3,-2.96757E-3,-2.59939E-3,-2.71550E-3,-2.15672E-3,-1.55867E-3,-2.51021E-3,-2.30412E-3,-2.30438E-3,-2.14376E-3,-2.00366E-3,-1.67749E-3,-2.44690E-3,-2.07490E-3,-2.59489E-3,-2.66499E-3,-2.31327E-3,-1.01711E-3,-2.32990E-3,-1.72581E-3,-2.15210E-3,-2.75762E-3,-1.69936E-3,-1.69410E-3,-1.62811E-3,-1.65259E-3,-8.86364E-4,-1.03912E-3,-1.43001E-3,-1.68650E-3,-1.53752E-3,-1.74209E-3,-2.41099E-3,-2.43009E-3,-1.09989E-3,-2.46864E-3,-9.01931E-4,-1.61771E-3,-2.51946E-3,-6.51429E-4,-1.60732E-3,-1.00066E-3,-2.36723E-3,-2.34783E-3,-1.40806E-3,-1.84368E-3,-1.23306E-3,-1.40641E-3,-3.45605E-3
9.63787E+2,-2.51476E-4,2.30930E-4,-2.72770E-4,3.26386E-4,2.15635E-4,-2.36898E-4,6.33887E-5,-3.88775E-4,-3.42438E-5,-4.54686E-6,3.78504E-4,-6.44971E-5,1.82412E-4,-3.95353E-4,2.51303E-4,-9.99075E-4,7.52770E-5,1.16816E-3,1.88707E-4,6.96019E-4,6.90821E-4,1.15353E-3,-7.46707E-5,4.00275E-4,8.76870E-4,8.30401E-4,9.12845E-4,6.19325E-4,2.84544E-4,1.12254E-3,4.99881E-4,6.49443E-4,1.39057E-4,3.40816E-5,1.91154E-4,5.06274E-4,2.99630E-4,6.81428E-5,7.49845E-4,-3.43840E-6,2.74618E-4,-1.89265E-4,-2.33200E-4,2.59581E-4,-6.60584E-5,6.08422E-5,-4.39029E-4,-3.71165E-4,-2.85305E-4,-2.73304E-4,-6.96708E-4,1.59088E-4,-8.44842E-4,-9.06965E-4,-1.31316E-4,-7.61005E-4,-3.99281E-4,-3.26822E-4,-6.37239E-4,-7.98207E-4,-6.41058E-4,-9.64797E-4,-6.57951E-4,-7.48218E-4,3.87553E-5,-5.50593E-4,-1.27843E-3,-9.52017E-4,-8.92149E-4,-8.78285E-4,-1.25217E-3,-1.54061E-3,-1.73174E-3,-1.53458E-3,-1.37602E-3,-1.33052E-3,-1.58928E-3,-2.15441E-3,-1.48545E-3,-1.11834E-3,-1.76793E-3,-1.22999E-3,-1.80129E-3,-1.54023E-3,-2.75232E-3,-1.37672E-3,-1.84529E-3,-1.82638E-3,-1.88123E-3,-2.04255E-3,-2.25971E-3,-2.15795E-3,-2.30960E-3,-2.65277E-3,-2.40012E-3,-2.33134E-3,-2.51384E-3,-2.46863E-3,-2.25237E-3,-2.26056E-3,-2.72850E-3,-3.25629E-3,-2.68968E-3,-2.68518E-3,-2.23024E-3,-3.22251E-3,-2.40174E-3,-2.47342E-3,-2.85063E-3,-2.58582E-3,-2.29811E-3,-2.06056E-3,-2.08474E-3,-2.90900E-3,-2.71788E-3,-2.39681E-3,-2.45475E-3,-3.01514E-3,-2.67918E-3,-1.73096E-3,-2.22025E-3,-1.99071E-3,-2.21075E-3,-1.77099E-3,-2.86965E-3,-2.08115E-3,-1.82758E-3,-2.47653E-3,-2.42778E-3,-2.18952E-3,-2.62423E-3,-2.31381E-3,-2.77205E-3,-1.78040E-3,-1.76981E-3,-8.57435E-4,-1.02886E-3,-1.79592E-3,-1.86973E-3,-2.49674E-3,-1.84966E-3,-1.43565E-3,-1.78094E-3,-2.13255E-3,-1.41488E-3,-1.58216E-3,-1.73188E-3,-2.25225E-3,-1.23287E-3,-1.76272E-3,-1.09776E-3,-2.06572E-3,-1.71150E-3,-2.15370E-3,-1.73710E-3,-1.19529E-3,-1.91947E-3,-1.48453E-3,-1.93590E-3,-6.91057E-4,-2.63553E-3,-2.08780E-3,-1.78827E-3,-1.86235E-3,-1.24442E-3,-2.26780E-3,-2.08889E-3
9.67215E+2,-2.30582E-4,4.71285E-4,-3.46469E-4,-4.17081E-5,4.31254E-4,-5.39059E-4,1.56794E-4,-6.49440E-5,1.76052E-4,1.83196E-4,-7.68825E-5,8.40161E-5,-7.03276E-5,-3.16338E-4,1.83714E-4,-3.44794E-4,-3.06302E-4,5.39650E-4,5.27440E-4,-1.71960E-4,4.05062E-4,3.74849E-4,1.49973E-4,2.07406E-4,6.59903E-4,1.15364E-3,3.41898E-4,7.98322E-4,8.46391E-4,5.69506E-4,2.30492E-4,6.53305E-4,2.23223E-4,2.06601E-4,-4.55558E-5,7.40500E-5,-1.87396E-4,5.42755E-4,2.40167E-4,-3.96767E-4,-7.02581E-5,2.59397E-4,3.09320E-4,-1.07672E-4,-1.05863E-4,1.70724E-4,-2.98106E-4,-1.32314E-4,-1.20108E-4,-2.43232E-4,-7.91296E-4,-3.88635E-4,-7.34796E-4,-5.72844E-4,-2.27415E-4,-6.64496E-4,-7.65677E-5,-9.82844E-4,-8.65778E-4,-6.65516E-4,-6.41445E-4,-5.76746E-4,-9.05619E-4,-6.17578E-4,-7.73621E-4,-1.25330E-3,-7.77133E-4,-9.30606E-4,-1.20126E-3,-1.34290E-3,-1.17273E-3,-1.63547E-3,-1.34700E-3,-1.86628E-3,-1.32893E-3,-1.35701E-3,-1.45576E-3,-1.57739E-3,-1.78836E-3,-1.67617E-3,-2.18710E-3,-1.46887E-3,-1.95465E-3,-1.33121E-3,-2.17249E-3,-1.84109E-3,-2.16683E-3,-2.19752E-3,-1.94356E-3,-2.65615E-3,-3.10982E-3,-2.31171E-3,-1.92479E-3,-2.76358E-3,-2.24354E-3,-2.74334E-3,-2.51082E-3,-2.12299E-3,-2.56002E-3,-2.86233E-3,-2.30719E-3,-2.74943E-3,-3.04695E-3,-2.21572E-3,-2.83084E-3,-1.80035E-3,-2.65815E-3,-2.44613E-3,-2.38730E-3,-3.05050E-3,-2.64310E-3,-2.82655E-3,-2.90200E-3,-2.73201E-3,-2.54137E-3,-2.52272E-3,-2.04749E-3,-3.00575E-3,-2.65768E-3,-2.49313E-3,-2.90206E-3,-1.96535E-3,-2.72953E-3,-1.89871E-3,-2.29755E-3,-2.32634E-3,-2.09530E-3,-1.74460E-3,-1.56970E-3,-2.75091E-3,-1.92656E-3,-1.60733E-3,-1.77117E-3,-1.96905E-3,-1.77192E-3,-1.05971E-3,-1.29661E-3,-2.22548E-3,-2.21913E-3,-2.05244E-3,-2.33435E-3,-1.62235E-3,-2.00381E-3,-1.81643E-3,-1.68276E-3,-1.36656E-3,-1.31565E-3,-1.61476E-3,-1.78844E-3,-1.94287E-3,-2.20235E-3,-2.27340E-3,-1.81164E-3,-2.27468E-3,-1.57670E-3,-1.66317E-3,-1.62476E-3,-1.73270E-3,-2.03722E-3,-2.05464E-3,-3.13361E-3,-2.35839E-3,-2.86844E-3,-1.68764E-3,-1.75494E-3,-1.82125E-3,-2.31651E-3
9.70644E+2,6.17053E-4,8.15445E-5,-2.45355E-6,-1.96365E-4,2.36711E-4,1.47853E-4,7.59217E-5,3.54866E-5,-6.43921E-5,-1.81701E-4,1.33907E-4,-2.73167E-4,-1.86037E-4,-4.76179E-4,5.18176E-5,1.03420E-4,2.90260E-4,3.92529E-4,1.24651E-4,3.30779E-5,4.99349E-4,2.44574E-4,2.14100E-4,1.25117E-4,2.92181E-4,8.59085E-4,4.12614E-4,5.90210E-4,-2.88299E-5,4.50721E-4,4.59001E-4,1.16986E-4,7.22843E-4,4.35328E-4,-3.57680E-5,1.93562E-4,-2.26157E-4,5.22989E-5,3.64931E-5,-4.52625E-4,-2.49417E-4,-3.77876E-4,1.76546E-4,-2.42351E-5,-2.74474E-4,-1.00250E-5,-6.87698E-4,-5.03119E-5,-3.91637E-4,-8.60357E-4,-5.03532E-4,-5.02412E-4,-4.29972E-4,-9.71854E-4,-3.07385E-4,-5.05239E-4,-7.52517E-4,-7.97071E-4,-6.44725E-4,-1.28112E-3,-9.62383E-4,-1.08658E-3,-1.12672E-3,-1.26251E-3,-1.09151E-3,-6.40776E-4,-9.90063E-4,-9.90454E-4,-9.21752E-4,-1.32840E-3,-1.09012E-3,-1.45449E-3,-1.26035E-3,-1.77549E-3,-1.69002E-3,-1.38512E-3,-1.50786E-3,-1.89607E-3,-1.66294E-3,-1.98532E-3,-2.39608E-3,-1.77618E-3,-1.43400E-3,-1.40250E-3,-2.48108E-3,-1.50912E-3,-1.58518E-3,-1.84542E-3,-1.80232E-3,-1.94891E-3,-2.58956E-3,-2.24384E-3,-1.98334E-3,-2.87362E-3,-2.63229E-3,-3.26815E-3,-2.52940E-3,-2.72648E-3,-2.75738E-3,-2.71898E-3,-2.41959E-3,-2.97833E-3,-2.85550E-3,-2.60812E-3,-3.07595E-3,-2.53813E-3,-2.46050E-3,-2.33789E-3,-2.51573E-3,-2.50616E-3,-2.91348E-3,-3.00271E-3,-2.32115E-3,-2.66620E-3,-2.12650E-3,-2.89880E-3,-2.47330E-3,-2.96695E-3,-2.71761E-3,-1.94521E-3,-2.64220E-3,-2.23691E-3,-3.02012E-3,-1.99037E-3,-2.97165E-3,-2.45357E-3,-2.82970E-3,-2.18168E-3,-2.49551E-3,-2.66502E-3,-2.70387E-3,-2.51042E-3,-2.34230E-3,-2.01202E-3,-2.63101E-3,-1.34840E-3,-1.94198E-3,-2.09594E-3,-2.50847E-3,-1.82636E-3,-2.32655E-3,-1.92301E-3,-1.90762E-3,-1.84550E-3,-1.46575E-3,-1.51161E-3,-1.79833E-3,-2.12462E-3,-1.91842E-3,-1.74808E-3,-2.40729E-3,-2.06491E-3,-2.20065E-3,-2.11801E-3,-1.65323E-3,-1.45135E-3,-2.16857E-3,-1.91177E-3,-1.71439E-3,-8.23324E-4,-3.00549E-3,-1.93563E-3,-1.82551E-3,-1.77072E-3,-1.79768E-3,-2.14727E-3,-2.04377E-3
9.74074E+2,1.67715E-4,1.88097E-4,-6.76132E-5,5.77133E-4,3.92074E-5,-1.18996E-4,1.50424E-4,-1.86383E-4,6.51860E-6,-1.04424E-4,9.82885E-5,-3.68358E-4,-8.21307E-5,-3.47807E-4,4.83280E-5,-9.75490E-5,7.89106E-5,-3.89874E-5,-1.31260E-4,-3.49848E-4,3.40509E-4,1.33471E-4,6.41029E-5,2.12174E-4,-1.79931E-5,7.16082E-4,2.65771E-5,5.29105E-4,3.62946E-5,3.11961E-4,1.01654E-4,4.56805E-5,-2.64051E-4,3.41575E-4,-3.52916E-4,-6.67834E-5,-5.20161E-4,-1.30557E-4,-6.28116E-7,-3.57652E-4,-2.84630E-4,-2.08718E-4,-9.46471E-5,-5.39883E-4,-4.33311E-4,-2.52201E-4,-7.70295E-4,-5.13020E-4,-4.31906E-4,-6.33168E-4,-9.27442E-4,-1.01437E-3,-9.27321E-4,-1.12585E-3,-7.00298E-4,-8.44520E-4,-7.90670E-4,-1.14878E-3,-9.27872E-4,-1.24216E-3,-1.17532E-3,-1.13061E-3,-1.51276E-3,-1.41840E-3,-1.35721E-3,-1.41071E-3,-1.23398E-3,-1.29170E-3,-1.74628E-3,-1.33419E-3,-1.50180E-3,-1.77719E-3,-1.42465E-3,-1.66478E-3,-1.40940E-3,-1.52444E-3,-1.74138E-3,-1.97255E-3,-2.19861E-3,-1.87225E-3,-2.14179E-3,-1.95594E-3,-1.81701E-3,-1.63819E-3,-2.46502E-3,-1.57475E-3,-2.39702E-3,-2.22092E-3,-2.25607E-3,-2.16386E-3,-3.09841E-3,-2.55586E-3,-2.78580E-3,-2.89898E-3,-2.47908E-3,-3.24304E-3,-2.82150E-3,-2.94023E-3,-2.86158E-3,-2.66594E-3,-2.34391E-3,-3.43888E-3,-3.37900E-3,-2.81520E-3,-2.70081E-3,-2.40445E-3,-2.85656E-3,-2.67406E-3,-2.70415E-3,-2.82639E-3,-3.06104E-3,-2.97323E-3,-2.65532E-3,-2.92158E-3,-2.70361E-3,-2.44686E-3,-2.92237E-3,-3.21451E-3,-2.69936E-3,-2.49919E-3,-2.67923E-3,-2.51482E-3,-2.71305E-3,-2.33148E-3,-2.86407E-3,-2.69358E-3,-2.74594E-3,-2.12602E-3,-2.19669E-3,-2.35941E-3,-2.33578E-3,-2.38205E-3,-2.51553E-3,-2.28939E-3,-2.54321E-3,-1.44779E-3,-1.85707E-3,-2.45887E-3,-2.27926E-3,-2.57029E-3,-2.07643E-3,-1.93186E-3,-2.24783E-3,-2.05617E-3,-1.55018E-3,-1.31597E-3,-1.91855E-3,-1.99858E-3,-2.24488E-3,-2.02380E-3,-1.90249E-3,-1.94144E-3,-2.12907E-3,-2.38208E-3,-1.79633E-3,-2.11136E-3,-2.34317E-3,-2.09174E-3,-2.64536E-3,-1.40031E-3,-3.19756E-3,-2.14711E-3,-2.30507E-3,-1.94911E-3,-1.60640E-3,-2.79105E-3,-1.94971E-3
9.77505E+2,8.23223E-6,1.33262E-4,-8.33301E-6,3.43861E-4,-1.68838E-4,-2.46008E-4,-1.61894E-4,-1.74525E-5,6.46695E-5,-2.91361E-4,5.74467E-4,-1.72200E-4,-5.71370E-5,-3.50971E-4,3.49703E-4,-1.89572E-4,2.21845E-4,9.42347E-5,-1.12744E-4,3.49306E-4,5.18711E-4,2.05677E-4,1.32968E-5,3.19231E-5,3.69632E-4,7.25316E-4,2.78965E-4,3.67121E-4,7.10294E-5,3.17879E-4,1.91628E-4,-2.18041E-5,-2.82385E-4,1.65549E-4,-6.34662E-4,-1.16996E-4,-1.69924E-4,-2.19325E-4,1.51606E-4,-3.67320E-4,-4.87686E-4,-2.64839E-4,-1.00672E-4,-9.40568E-5,-2.37681E-4,-1.24167E-4,-9.86143E-4,-1.48075E-4,-7.53377E-4,-9.22878E-4,-1.28906E-3,-8.43468E-4,-1.24917E-3,-9.47882E-4,-1.22940E-3,-6.62489E-4,-9.21907E-4,-1.29206E-3,-8.59706E-4,-1.09450E-3,-1.01827E-3,-1.16965E-3,-1.12279E-3,-1.19197E-3,-1.21098E-3,-1.66474E-3,-1.48655E-3,-1.17805E-3,-1.50750E-3,-1.06238E-3,-1.27561E-3,-1.57718E-3,-1.60908E-3,-1.73707E-3,-1.45732E-3,-1.52282E-3,-1.93832E-3,-1.91057E-3,-1.97786E-3,-2.02158E-3,-1.86829E-3,-2.10265E-3,-1.86616E-3,-1.99001E-3,-2.36337E-3,-1.96896E-3,-1.79077E-3,-2.21898E-3,-2.23877E-3,-2.35245E-3,-3.07751E-3,-2.58159E-3,-2.29366E-3,-3.09378E-3,-2.91233E-3,-3.12156E-3,-3.03160E-3,-2.56307E-3,-2.90236E-3,-3.11739E-3,-2.66270E-3,-3.29032E-3,-3.51242E-3,-2.59860E-3,-2.97935E-3,-2.78459E-3,-2.50069E-3,-2.76914E-3,-2.85012E-3,-2.63334E-3,-2.85999E-3,-3.02270E-3,-2.71479E-3,-2.74167E-3,-2.50179E-3,-2.82467E-3,-3.24550E-3,-3.20936E-3,-3.09725E-3,-2.34969E-3,-2.90625E-3,-2.53857E-3,-2.79386E-3,-2.36528E-3,-2.70955E-3,-2.32525E-3,-2.45020E-3,-2.64610E-3,-2.30516E-3,-2.63126E-3,-2.51035E-3,-2.37511E-3,-2.41384E-3,-2.36871E-3,-2.38840E-3,-1.52451E-3,-1.97130E-3,-2.11132E-3,-2.40785E-3,-2.39114E-3,-2.29835E-3,-2.22107E-3,-1.91558E-3,-2.18444E-3,-1.57127E-3,-1.34127E-3,-2.16211E-3,-2.11360E-3,-1.80191E-3,-1.90949E-3,-2.59494E-3,-2.22251E-3,-1.92035E-3,-2.27591E-3,-1.74499E-3,-1.90462E-3,-1.97346E-3,-2.14599E-3,-2.19516E-3,-1.32112E-3,-2.36839E-3,-2.45614E-3,-2.12663E-3,-1.95311E-3,-1.60916E-3,-2.32109E-3,-2.48074E-3
9.80936E+2,1.99866E-4,3.39170E-4,3.15618E-4,2.25098E-4,-2.78817E-4,-1.99288E-5,-9.97763E-5,1.65458E-4,-1.15568E-4,4.82926E-5,1.13398E-4,-1.92640E-4,-8.43670E-5,-6.09551E-4,-6.25263E-6,-4.17765E-5,-1.94572E-4,2.55450E-4,4.04506E-6,2.67896E-4,1.31079E-4,4.47853E-4,5.63124E-5,-3.32522E-6,3.98435E-5,1.48309E-4,-9.69055E-5,2.85855E-4,-1.12124E-4,-3.67795E-5,-1.43982E-4,-2.88728E-4,-4.82076E-4,-2.44437E-4,-6.99549E-4,-1.49594E-5,-4.31180E-4,-3.14761E-4,5.40699E-5,-5.69115E-4,-5.59954E-4,-5.13280E-4,-3.06559E-4,-4.41974E-4,-3.91131E-4,-3.89495E-4,-1.11580E-3,-4.49999E-4,-6.52889E-4,-8.07175E-4,-1.49483E-3,-8.29218E-4,-1.11787E-3,-1.03428E-3,-1.21433E-3,-8.18489E-4,-9.53394E-4,-1.31029E-3,-1.25389E-3,-1.25851E-3,-1.34322E-3,-1.34191E-3,-1.53975E-3,-1.19541E-3,-1.43476E-3,-1.65991E-3,-1.73023E-3,-1.60819E-3,-1.42911E-3,-1.38943E-3,-1.64792E-3,-1.95927E-3,-1.73065E-3,-2.12831E-3,-1.61080E-3,-2.17442E-3,-2.05026E-3,-1.96376E-3,-2.00793E-3,-2.24270E-3,-2.31959E-3,-2.09673E-3,-2.01500E-3,-1.90936E-3,-2.75871E-3,-2.01072E-3,-2.39343E-3,-2.54344E-3,-2.27736E-3,-2.66347E-3,-2.87837E-3,-2.54553E-3,-2.63433E-3,-3.02055E-3,-2.85322E-3,-3.28240E-3,-2.87424E-3,-2.76974E-3,-3.15896E-3,-3.19551E-3,-3.13468E-3,-3.38881E-3,-3.69439E-3,-2.99684E-3,-3.40405E-3,-2.92591E-3,-2.77141E-3,-2.86042E-3,-2.89014E-3,-2.87890E-3,-3.33140E-3,-3.24487E-3,-2.80240E-3,-2.92733E-3,-2.78205E-3,-2.68766E-3,-3.12470E-3,-3.35758E-3,-3.02425E-3,-2.78702E-3,-2.73928E-3,-2.72664E-3,-2.97364E-3,-2.71236E-3,-2.77664E-3,-2.67647E-3,-2.69337E-3,-2.50076E-3,-2.49742E-3,-2.55626E-3,-2.63410E-3,-2.62575E-3,-2.50998E-3,-2.47659E-3,-2.78288E-3,-1.55476E-3,-2.14967E-3,-2.54683E-3,-2.44910E-3,-2.39776E-3,-2.48152E-3,-2.15823E-3,-2.16124E-3,-2.41106E-3,-2.07100E-3,-1.66722E-3,-1.90719E-3,-2.16235E-3,-2.32007E-3,-2.20794E-3,-2.22813E-3,-2.29661E-3,-2.13885E-3,-2.37870E-3,-2.03141E-3,-2.25566E-3,-2.24299E-3,-2.10370E-3,-2.20715E-3,-1.89988E-3,-3.02125E-3,-1.94867E-3,-2.74949E-3,-2.00565E-3,-2.03465E-3,-2.41933E-3,-2.49336E-3
9.84368E+2,2.01503E-5,2.57811E-4,5.93602E-5,2.39944E-4,-1.35395E-5,-8.57033E-5,4.69565E-5,-1.38424E-4,8.67032E-5,-1.76846E-4,1.55395E-4,-1.85197E-4,3.34967E-5,-3.87931E-4,8.78229E-5,-2.19713E-4,9.45507E-5,2.20349E-4,-4.71707E-5,1.25760E-4,2.46325E-4,1.04692E-4,-1.31559E-4,-2.56202E-4,4.14965E-5,2.68961E-4,-7.40875E-5,1.86070E-4,-9.70397E-5,-1.46499E-4,-1.39434E-4,-4.23274E-4,-3.08088E-4,-1.27727E-4,-8.60495E-4,-2.16509E-4,-3.96349E-4,-5.99977E-4,-1.86486E-4,-6.02018E-4,-6.93740E-4,-7.56052E-4,-4.08782E-4,-6.53481E-4,-6.05736E-4,-4.94638E-4,-1.36122E-3,-5.08431E-4,-1.02238E-3,-1.14323E-3,-1.52577E-3,-1.15829E-3,-1.35483E-3,-1.17087E-3,-1.26247E-3,-9.70006E-4,-1.24288E-3,-1.40477E-3,-1.36550E-3,-1.29055E-3,-1.39822E-3,-1.59996E-3,-1.68099E-3,-1.40936E-3,-1.57685E-3,-1.67731E-3,-1.60319E-3,-1.71394E-3,-1.76756E-3,-1.65597E-3,-1.88768E-3,-2.21687E-3,-1.95075E-3,-2.26743E-3,-1.99364E-3,-2.09451E-3,-2.26405E-3,-2.12272E-3,-2.12533E-3,-2.31476E-3,-2.37864E-3,-2.28752E-3,-2.27400E-3,-2.18912E-3,-2.72615E-3,-2.12326E-3,-2.60359E-3,-2.40987E-3,-2.49249E-3,-3.11514E-3,-3.15094E-3,-2.69533E-3,-2.74716E-3,-3.04768E-3,-3.25691E-3,-3.61508E-3,-3.35294E-3,-2.79016E-3,-3.17152E-3,-3.54246E-3,-3.17245E-3,-3.40568E-3,-3.83862E-3,-3.03174E-3,-3.51947E-3,-2.99813E-3,-3.06094E-3,-2.90585E-3,-3.03175E-3,-2.82197E-3,-3.00119E-3,-3.53735E-3,-3.02792E-3,-2.97686E-3,-3.14995E-3,-2.74638E-3,-3.41552E-3,-3.55760E-3,-3.04231E-3,-2.99112E-3,-2.76270E-3,-2.84392E-3,-3.06097E-3,-2.49527E-3,-3.34737E-3,-2.61280E-3,-2.81776E-3,-2.54234E-3,-2.37999E-3,-2.72309E-3,-2.59658E-3,-2.37027E-3,-2.58172E-3,-2.65947E-3,-2.87691E-3,-1.96876E-3,-2.58642E-3,-2.47180E-3,-2.59237E-3,-2.75040E-3,-2.45643E-3,-2.52700E-3,-2.44027E-3,-2.39808E-3,-2.01258E-3,-1.58594E-3,-2.16217E-3,-2.24038E-3,-2.36110E-3,-2.28051E-3,-2.53465E-3,-2.16038E-3,-2.32934E-3,-2.37654E-3,-2.16345E-3,-2.05995E-3,-2.14692E-3,-2.35851E-3,-2.72276E-3,-1.70821E-3,-3.12462E-3,-2.48631E-3,-2.50966E-3,-2.35016E-3,-1.90455E-3,-2.48966E-3,-2.61259E-3
9.87800E+2,6.80341E-5,3.27973E-4,-5.10364E-5,1.36795E-4,-1.36231E-4,-1.57463E-4,-7.06609E-5,-1.76805E-5,-8.69777E-6,-3.19081E-5,1.81101E-4,-3.57097E-5,5.11804E-5,-3.72171E-4,1.16475E-4,-1.02691E-4,-1.10570E-4,2.68739E-4,-2.86719E-5,1.72201E-4,2.57176E-4,1.55764E-4,7.18583E-6,-5.58442E-5,-5.23022E-5,1.79864E-4,1.84283E-5,-6.32907E-5,-4.15271E-4,-2.22028E-4,-3.66522E-4,-3.10924E-4,-5.43275E-4,-3.42346E-4,-8.97793E-4,-4.75245E-4,-5.48222E-4,-8.24204E-4,-1.41599E-4,-9.31612E-4,-9.62306E-4,-6.82419E-4,-4.81848E-4,-9.49500E-4,-8.39356E-4,-5.34659E-4,-1.18561E-3,-7.90782E-4,-9.57525E-4,-1.40710E-3,-1.62419E-3,-1.13469E-3,-1.45674E-3,-1.19620E-3,-1.49525E-3,-1.08548E-3,-1.07808E-3,-1.43578E-3,-1.50098E-3,-1.79388E-3,-1.23097E-3,-1.50081E-3,-1.76412E-3,-1.48927E-3,-1.87457E-3,-2.23450E-3,-1.76506E-3,-1.79655E-3,-1.73363E-3,-1.89104E-3,-1.85703E-3,-2.18211E-3,-2.00114E-3,-2.06805E-3,-2.12103E-3,-2.06043E-3,-2.22254E-3,-2.17872E-3,-2.21234E-3,-2.53879E-3,-2.66238E-3,-2.61669E-3,-2.30216E-3,-2.14628E-3,-2.91559E-3,-2.46962E-3,-2.47869E-3,-2.72685E-3,-2.38480E-3,-3.13520E-3,-3.26973E-3,-2.69838E-3,-2.60063E-3,-3.42990E-3,-3.28861E-3,-3.59355E-3,-3.66990E-3,-2.90794E-3,-3.26978E-3,-3.34950E-3,-3.06664E-3,-3.62456E-3,-3.49861E-3,-3.15978E-3,-3.59670E-3,-3.18526E-3,-3.13741E-3,-3.04385E-3,-3.12937E-3,-3.04147E-3,-3.27120E-3,-3.46669E-3,-3.18231E-3,-3.09007E-3,-3.16051E-3,-2.98822E-3,-3.34445E-3,-3.52234E-3,-3.20633E-3,-2.98888E-3,-3.07783E-3,-2.81191E-3,-3.24754E-3,-2.76536E-3,-3.21397E-3,-2.84273E-3,-2.93338E-3,-2.42303E-3,-2.67179E-3,-2.77310E-3,-2.63658E-3,-2.45476E-3,-2.30302E-3,-2.69563E-3,-2.54497E-3,-1.76982E-3,-2.40580E-3,-2.56602E-3,-2.48437E-3,-2.82276E-3,-2.40039E-3,-2.45139E-3,-2.25955E-3,-2.62752E-3,-2.42840E-3,-1.50645E-3,-2.31966E-3,-2.23208E-3,-2.33953E-3,-2.27533E-3,-2.35473E-3,-2.43631E-3,-2.26902E-3,-2.61394E-3,-2.15176E-3,-2.21665E-3,-2.28225E-3,-2.51060E-3,-2.57900E-3,-1.89771E-3,-3.00688E-3,-2.41228E-3,-2.73036E-3,-2.19168E-3,-2.19168E-3,-2.45765E-3,-2.50616E-3
9.91233E+2,3.03350E-4,2.89783E-4,-1.31250E-4,3.49069E-5,1.70408E-4,-1.46773E-4,1.54366E-4,-5.91095E-5,-7.94678E-5,-2.15079E-5,8.80436E-5,-1.63396E-4,-2.00823E-4,-4.31509E-4,1.92978E-4,-3.09139E-5,-6.02895E-6,2.21278E-4,-1.61830E-4,-9.99584E-5,2.03781E-4,1.42489E-4,-3.90615E-4,-1.22391E-4,3.12220E-5,5.81650E-5,-2.64494E-4,-3.97587E-5,-5.20554E-4,-3.60066E-4,-4.08624E-4,-6.50438E-4,-5.70713E-4,-3.55514E-4,-1.14250E-3,-5.29210E-4,-8.07465E-4,-9.86212E-4,-4.20917E-4,-9.68247E-4,-7.83240E-4,-8.57789E-4,-6.17082E-4,-8.39891E-4,-1.01798E-3,-7.13461E-4,-1.57441E-3,-1.02259E-3,-1.14011E-3,-1.21538E-3,-1.41975E-3,-1.51244E-3,-1.48720E-3,-1.28480E-3,-1.47243E-3,-1.29778E-3,-1.21847E-3,-1.72465E-3,-1.39659E-3,-2.05753E-3,-1.55703E-3,-1.80332E-3,-1.73424E-3,-1.72610E-3,-2.28469E-3,-2.33822E-3,-1.83718E-3,-2.02021E-3,-1.78511E-3,-1.86694E-3,-1.96020E-3,-2.42247E-3,-2.06825E-3,-2.14264E-3,-2.21353E-3,-2.47031E-3,-2.33597E-3,-2.20580E-3,-2.27638E-3,-2.60848E-3,-2.66741E-3,-2.85763E-3,-2.30473E-3,-2.33364E-3,-2.73712E-3,-2.45334E-3,-2.84445E-3,-2.77120E-3,-2.43862E-3,-3.49391E-3,-3.28081E-3,-2.76558E-3,-3.16736E-3,-3.44635E-3,-3.53907E-3,-3.91216E-3,-3.54416E-3,-3.18476E-3,-3.54173E-3,-3.50637E-3,-3.35038E-3,-3.71069E-3,-3.76711E-3,-3.30663E-3,-3.61680E-3,-3.40467E-3,-3.48383E-3,-3.48095E-3,-3.18497E-3,-3.06598E-3,-3.34207E-3,-3.64894E-3,-3.33566E-3,-3.16726E-3,-3.39070E-3,-3.16972E-3,-3.35929E-3,-3.62654E-3,-3.16749E-3,-3.05113E-3,-3.27656E-3,-2.83841E-3,-3.41202E-3,-2.96935E-3,-3.16633E-3,-2.72048E-3,-3.11784E-3,-2.54886E-3,-2.55087E-3,-2.89100E-3,-2.79098E-3,-2.99862E-3,-2.48758E-3,-2.77808E-3,-2.52747E-3,-2.09171E-3,-2.34300E-3,-2.73176E-3,-2.45330E-3,-2.80158E-3,-2.61227E-3,-2.37436E-3,-2.33251E-3,-2.51968E-3,-2.35472E-3,-1.65377E-3,-2.39920E-3,-2.29580E-3,-2.52105E-3,-2.31075E-3,-2.51394E-3,-2.33116E-3,-2.44418E-3,-2.76259E-3,-2.24618E-3,-2.24330E-3,-2.39340E-3,-2.20261E-3,-2.67843E-3,-2.21919E-3,-3.11203E-3,-2.42679E-3,-2.79683E-3,-2.29236E-3,-2.36401E-3,-2.74468E-3,-2.71907E-3
9.94667E+2,1.99604E-4,1.78712E-4,-1.73227E-4,1.68374E-4,-4.45475E-6,-1.49547E-5,-2.47591E-4,1.32256E-4,7.14125E-5,6.05116E-5,2.48530E-4,-8.20200E-5,-8.87663E-5,-3.52152E-4,-9.62343E-5,-9.60462E-5,-1.46192E-4,2.10431E-4,7.93435E-5,-1.20841E-4,2.77622E-4,-7.64320E-5,-2.39402E-4,-2.88270E-4,-2.26532E-4,1.17942E-4,-2.10013E-4,-8.06450E-5,-3.36182E-4,-5.26934E-4,-4.56243E-4,-6.67358E-4,-6.75039E-4,-5.05141E-4,-1.22310E-3,-4.81321E-4,-8.90370E-4,-1.16970E-3,-6.54632E-4,-1.00320E-3,-9.13142E-4,-1.01544E-3,-6.92925E-4,-9.30634E-4,-1.13136E-3,-7.73001E-4,-1.60394E-3,-9.99555E-4,-1.38725E-3,-1.43479E-3,-1.67161E-3,-1.84202E-3,-1.64228E-3,-1.39548E-3,-1.71836E-3,-1.26945E-3,-1.34468E-3,-1.71606E-3,-1.53813E-3,-1.82627E-3,-1.49102E-3,-1.90916E-3,-1.89348E-3,-1.68448E-3,-2.19650E-3,-2.58486E-3,-1.81678E-3,-2.24559E-3,-1.83811E-3,-1.93999E-3,-1.90180E-3,-2.60598E-3,-2.32345E-3,-2.32069E-3,-2.30115E-3,-2.58713E-3,-2.46441E-3,-2.41304E-3,-2.43359E-3,-2.84547E-3,-2.93492E-3,-2.95887E-3,-2.60233E-3,-2.35342E-3,-2.88524E-3,-2.45535E-3,-2.86776E-3,-3.03312E-3,-2.77369E-3,-3.44119E-3,-3.56430E-3,-3.14729E-3,-3.34035E-3,-3.68245E-3,-3.57355E-3,-3.96446E-3,-3.68216E-3,-3.12385E-3,-3.63938E-3,-3.83943E-3,-3.18749E-3,-3.53389E-3,-3.94759E-3,-3.39124E-3,-3.80547E-3,-3.32251E-3,-3.54716E-3,-3.32202E-3,-3.17076E-3,-3.09133E-3,-3.69350E-3,-3.76075E-3,-3.38441E-3,-3.29391E-3,-3.38159E-3,-3.26658E-3,-3.43459E-3,-3.90540E-3,-3.51162E-3,-3.32392E-3,-3.31093E-3,-3.11378E-3,-3.44391E-3,-2.94056E-3,-3.22860E-3,-3.10214E-3,-3.01664E-3,-2.64613E-3,-2.68981E-3,-3.02060E-3,-2.88127E-3,-2.80028E-3,-2.73830E-3,-2.75683E-3,-2.86054E-3,-2.35920E-3,-2.48582E-3,-2.75465E-3,-2.71040E-3,-2.90821E-3,-2.54804E-3,-2.47818E-3,-2.58606E-3,-2.72579E-3,-2.42956E-3,-2.01114E-3,-2.40474E-3,-2.17743E-3,-2.63617E-3,-2.22407E-3,-2.44776E-3,-2.34051E-3,-2.34305E-3,-2.76611E-3,-2.35353E-3,-2.41529E-3,-2.54496E-3,-2.54642E-3,-2.53847E-3,-2.12293E-3,-3.04966E-3,-2.53379E-3,-2.81375E-3,-2.41596E-3,-2.68104E-3,-2.90102E-3,-2.63574E-3
9.98102E+2,1.40705E-4,1.30920E-4,-1.22296E-5,1.04196E-4,1.05603E-4,2.37750E-5,-1.68750E-4,3.94406E-5,4.31392E-5,2.27810E-5,1.86174E-4,-1.38652E-4,-1.33820E-4,-3.71600E-4,2.83180E-5,-8.53242E-5,-8.43274E-5,3.11346E-4,-6.49161E-5,-2.57274E-5,1.95047E-4,-3.70607E-5,-1.74170E-4,-1.82052E-4,-3.23113E-4,1.33236E-4,-3.19388E-4,-1.71925E-4,-3.80505E-4,-4.86758E-4,-5.65564E-4,-7.33098E-4,-8.36769E-4,-5.34779E-4,-1.31194E-3,-6.40250E-4,-1.07777E-3,-1.31907E-3,-5.80825E-4,-1.17787E-3,-1.11406E-3,-1.04657E-3,-9.44195E-4,-1.08936E-3,-1.19138E-3,-8.77403E-4,-1.69402E-3,-1.09898E-3,-1.36465E-3,-1.48393E-3,-1.69327E-3,-1.76484E-3,-1.76207E-3,-1.26449E-3,-1.76064E-3,-1.27913E-3,-1.34852E-3,-1.82917E-3,-1.76024E-3,-2.02198E-3,-1.67117E-3,-1.83925E-3,-1.83684E-3,-1.68418E-3,-2.23472E-3,-2.67987E-3,-1.94428E-3,-2.16744E-3,-1.90169E-3,-2.18508E-3,-2.09821E-3,-2.61369E-3,-2.36536E-3,-2.39033E-3,-2.44782E-3,-2.63925E-3,-2.29819E-3,-2.40660E-3,-2.44333E-3,-2.67522E-3,-3.00363E-3,-3.16131E-3,-2.67369E-3,-2.39306E-3,-2.83678E-3,-2.54097E-3,-2.97931E-3,-3.12597E-3,-2.83117E-3,-3.53633E-3,-3.44794E-3,-2.96063E-3,-3.13755E-3,-3.60847E-3,-3.74374E-3,-4.20866E-3,-3.86455E-3,-3.18384E-3,-3.68580E-3,-3.85475E-3,-3.30288E-3,-3.62014E-3,-4.22638E-3,-3.49395E-3,-3.85462E-3,-3.48515E-3,-3.54904E-3,-3.43918E-3,-3.32098E-3,-3.25072E-3,-3.47435E-3,-3.83443E-3,-3.58141E-3,-3.38018E-3,-3.40944E-3,-3.29953E-3,-3.55114E-3,-3.89917E-3,-3.57257E-3,-3.26006E-3,-3.43099E-3,-3.09344E-3,-3.49352E-3,-2.89234E-3,-3.36819E-3,-3.06344E-3,-3.07403E-3,-2.60587E-3,-2.66157E-3,-2.92475E-3,-2.85987E-3,-2.93764E-3,-2.63405E-3,-2.63864E-3,-2.76903E-3,-2.49120E-3,-2.72604E-3,-2.88097E-3,-2.65141E-3,-2.89910E-3,-2.46929E-3,-2.58022E-3,-2.51785E-3,-2.64998E-3,-2.52797E-3,-1.96235E-3,-2.36599E-3,-2.19623E-3,-2.55070E-3,-2.16311E-3,-2.47775E-3,-2.41708E-3,-2.59880E-3,-2.82802E-3,-2.43526E-3,-2.50221E-3,-2.48667E-3,-2.60824E-3,-2.69978E-3,-2.06524E-3,-2.98238E-3,-2.67528E-3,-2.79362E-3,-2.37895E-3,-2.54565E-3,-2.84583E-3,-2.85325E-3
1.00154E+3,6.14296E-5,2.94350E-4,8.30289E-5,7.02314E-5,6.29681E-5,1.49582E-5,-2.04950E-4,-9.39750E-5,1.12256E-5,-6.06741E-5,1.92648E-4,-1.98880E-5,-1.65519E-4,-2.32993E-4,-1.28407E-5,-2.76133E-5,-7.98375E-5,1.27876E-4,9.42155E-6,-1.84387E-4,1.23377E-4,-1.60401E-4,-2.72258E-4,-3.68382E-4,-8.47713E-5,6.56738E-5,-4.28177E-4,-2.91700E-4,-5.29565E-4,-7.30637E-4,-8.69971E-4,-1.01596E-3,-9.47891E-4,-7.18815E-4,-1.57189E-3,-8.11033E-4,-1.28836E-3,-1.46393E-3,-9.32039E-4,-1.42273E-3,-1.23926E-3,-1.21774E-3,-1.03384E-3,-1.27741E-3,-1.47143E-3,-1.15332E-3,-1.91746E-3,-1.28743E-3,-1.60425E-3,-1.75074E-3,-1.88050E-3,-2.08728E-3,-2.03625E-3,-1.53656E-3,-2.09875E-3,-1.64860E-3,-1.65093E-3,-2.02576E-3,-1.95006E-3,-2.13162E-3,-1.75568E-3,-2.08909E-3,-2.02120E-3,-1.92336E-3,-2.47346E-3,-2.77360E-3,-2.08957E-3,-2.38232E-3,-2.12217E-3,-2.38928E-3,-2.05856E-3,-2.75510E-3,-2.38524E-3,-2.37721E-3,-2.50477E-3,-2.68426E-3,-2.69598E-3,-2.55233E-3,-2.49039E-3,-2.91048E-3,-3.05552E-3,-3.38310E-3,-2.84831E-3,-2.51294E-3,-2.96751E-3,-2.98162E-3,-3.14814E-3,-3.12354E-3,-2.88357E-3,-3.76890E-3,-3.56482E-3,-3.19128E-3,-3.37396E-3,-3.75671E-3,-3.82113E-3,-4.22961E-3,-3.99983E-3,-3.31349E-3,-3.75805E-3,-3.85829E-3,-3.63350E-3,-3.64784E-3,-4.19157E-3,-3.59556E-3,-3.97751E-3,-3.60051E-3,-3.64713E-3,-3.64729E-3,-3.46492E-3,-3.42361E-3,-3.79676E-3,-3.93177E-3,-3.67636E-3,-3.48028E-3,-3.51332E-3,-3.37300E-3,-3.69458E-3,-4.01393E-3,-3.46301E-3,-3.41744E-3,-3.57450E-3,-3.12054E-3,-3.58094E-3,-2.93085E-3,-3.36448E-3,-2.95575E-3,-3.36296E-3,-2.64723E-3,-2.85080E-3,-3.27305E-3,-3.04958E-3,-3.01599E-3,-2.68682E-3,-2.91977E-3,-2.80026E-3,-2.53010E-3,-2.74909E-3,-2.95366E-3,-2.60989E-3,-3.20287E-3,-2.64539E-3,-2.75992E-3,-2.64907E-3,-2.71416E-3,-2.66528E-3,-2.16538E-3,-2.52778E-3,-2.22753E-3,-2.74949E-3,-2.21743E-3,-2.68351E-3,-2.48841E-3,-2.50965E-3,-2.97988E-3,-2.42281E-3,-2.50188E-3,-2.54281E-3,-2.80109E-3,-2.80268E-3,-2.09750E-3,-3.16212E-3,-2.61977E-3,-2.92563E-3,-2.36114E-3,-2.68096E-3,-2.88905E-3,-2.92387E-3
1.00497E+3,1.36235E-4,1.77409E-4,-7.90410E-6,1.73960E-4,5.47662E-5,-9.89479E-5,-1.58471E-4,-6.54049E-5,-2.69909E-5,2.07120E-5,9.97452E-5,-8.17640E-5,-1.16156E-4,-2.01529E-4,9.43402E-5,2.85361E-5,-1.80782E-4,2.45068E-4,-5.60632E-5,-4.94234E-5,1.41847E-4,7.16674E-5,-3.51068E-4,-4.73456E-4,-2.76332E-4,-1.70672E-6,-5.32321E-4,-5.01609E-4,-6.94883E-4,-7.03481E-4,-1.10417E-3,-9.57134E-4,-1.00546E-3,-7.84174E-4,-1.64590E-3,-9.68060E-4,-1.44959E-3,-1.60183E-3,-1.09957E-3,-1.51160E-3,-1.33846E-3,-1.54759E-3,-1.32162E-3,-1.40495E-3,-1.68366E-3,-1.21435E-3,-2.11293E-3,-1.51026E-3,-1.77633E-3,-1.76932E-3,-2.03323E-3,-2.38519E-3,-2.06438E-3,-1.51490E-3,-1.96406E-3,-1.83984E-3,-1.73995E-3,-2.12312E-3,-2.03206E-3,-2.24413E-3,-1.90440E-3,-2.23380E-3,-2.23034E-3,-1.90884E-3,-2.85644E-3,-3.03270E-3,-2.32587E-3,-2.49737E-3,-2.19307E-3,-2.53938E-3,-2.20749E-3,-2.68236E-3,-2.66514E-3,-2.50662E-3,-2.54490E-3,-2.96744E-3,-2.75425E-3,-2.76223E-3,-2.77166E-3,-3.02441E-3,-3.21624E-3,-3.37120E-3,-2.88621E-3,-2.57579E-3,-3.06737E-3,-2.95535E-3,-3.17327E-3,-3.37869E-3,-2.97899E-3,-4.00504E-3,-3.76622E-3,-3.30071E-3,-3.53043E-3,-3.87714E-3,-3.99302E-3,-4.47801E-3,-4.18252E-3,-3.33755E-3,-3.75983E-3,-4.01887E-3,-3.67261E-3,-3.72898E-3,-4.26945E-3,-3.77923E-3,-4.14716E-3,-3.69314E-3,-3.77273E-3,-3.65806E-3,-3.50944E-3,-3.57388E-3,-3.86826E-3,-4.01077E-3,-3.77432E-3,-3.56037E-3,-3.81841E-3,-3.47504E-3,-4.06159E-3,-4.17538E-3,-3.64549E-3,-3.57605E-3,-3.65075E-3,-3.27742E-3,-3.76590E-3,-3.05423E-3,-3.48236E-3,-3.06433E-3,-3.27317E-3,-2.60055E-3,-3.03388E-3,-3.22668E-3,-3.11047E-3,-3.09409E-3,-2.88454E-3,-2.92438E-3,-2.77612E-3,-2.75637E-3,-2.85769E-3,-3.06477E-3,-2.69745E-3,-3.16340E-3,-2.76697E-3,-2.73451E-3,-2.67101E-3,-2.84776E-3,-2.86456E-3,-2.11713E-3,-2.48758E-3,-2.18844E-3,-2.78189E-3,-2.31136E-3,-2.72404E-3,-2.64959E-3,-2.75629E-3,-2.96093E-3,-2.46418E-3,-2.49054E-3,-2.60190E-3,-2.85541E-3,-3.06252E-3,-2.03505E-3,-3.08044E-3,-2.71431E-3,-2.97009E-3,-2.59353E-3,-2.86670E-3,-2.97924E-3,-2.89976E-3
1.00841E+3,4.84818E-5,1.94959E-4,-1.38827E-4,8.61459E-5,7.22906E-5,3.09741E-5,-1.55837E-4,-3.88493E-5,-4.06231E-5,-1.08229E-5,2.00446E-4,-3.35155E-5,-1.98162E-4,-9.81854E-5,8.15236E-5,7.28126E-5,8.91019E-5,1.00787E-4,4.51072E-6,-8.70634E-5,1.20604E-4,2.23323E-4,-3.44312E-4,-4.35331E-4,-4.17338E-4,-7.97250E-5,-4.89826E-4,-4.65286E-4,-7.52548E-4,-8.87335E-4,-1.21713E-3,-1.12657E-3,-1.14601E-3,-9.06694E-4,-1.81141E-3,-1.02653E-3,-1.51749E-3,-1.85476E-3,-1.20450E-3,-1.60303E-3,-1.51722E-3,-1.61758E-3,-1.35654E-3,-1.38258E-3,-1.58825E-3,-1.41105E-3,-2.20607E-3,-1.66183E-3,-1.89186E-3,-1.92026E-3,-2.19197E-3,-2.44588E-3,-2.17670E-3,-1.64649E-3,-2.25205E-3,-1.88940E-3,-1.84615E-3,-2.17450E-3,-2.24402E-3,-2.32135E-3,-2.19990E-3,-2.34226E-3,-2.31019E-3,-2.05659E-3,-2.93920E-3,-3.02000E-3,-2.50406E-3,-2.62496E-3,-2.23081E-3,-2.68415E-3,-2.38341E-3,-2.81409E-3,-2.71307E-3,-2.56655E-3,-2.71526E-3,-3.01367E-3,-2.92642E-3,-2.80417E-3,-2.70211E-3,-3.19887E-3,-3.33382E-3,-3.55149E-3,-3.07138E-3,-2.77344E-3,-3.12567E-3,-2.99503E-3,-3.22314E-3,-3.32101E-3,-3.16328E-3,-4.00482E-3,-3.87247E-3,-3.37393E-3,-3.71649E-3,-4.00121E-3,-4.07564E-3,-4.64693E-3,-4.18691E-3,-3.53227E-3,-4.03829E-3,-4.10779E-3,-3.63695E-3,-3.74820E-3,-4.36310E-3,-3.85686E-3,-4.18134E-3,-3.82787E-3,-3.83252E-3,-3.87184E-3,-3.62169E-3,-3.70277E-3,-3.84011E-3,-4.10398E-3,-3.90019E-3,-3.54580E-3,-3.83898E-3,-3.57180E-3,-4.03742E-3,-4.21957E-3,-3.73683E-3,-3.61990E-3,-3.67587E-3,-3.31002E-3,-3.72097E-3,-3.10725E-3,-3.41244E-3,-3.13953E-3,-3.42040E-3,-2.66229E-3,-3.01453E-3,-3.15320E-3,-3.05010E-3,-3.10341E-3,-2.86826E-3,-2.97988E-3,-2.93477E-3,-2.90394E-3,-2.80668E-3,-3.04454E-3,-2.68872E-3,-3.17550E-3,-2.84511E-3,-2.67315E-3,-2.83397E-3,-3.03005E-3,-2.86947E-3,-2.36696E-3,-2.67391E-3,-2.27298E-3,-2.78413E-3,-2.35171E-3,-2.64128E-3,-2.60079E-3,-2.74334E-3,-3.03940E-3,-2.62682E-3,-2.46962E-3,-2.66934E-3,-3.06643E-3,-2.96529E-3,-2.22252E-3,-3.07546E-3,-2.79602E-3,-2.82321E-3,-2.57944E-3,-2.80733E-3,-3.02845E-3,-2.96915E-3
1.01185E+3,-2.12589E-6,2.12238E-4,2.39971E-5,7.19047E-5,1.22639E-4,9.46785E-5,-6.07724E-5,-1.30829E-4,-8.04847E-5,-3.12057E-5,1.41169E-4,8.88972E-7,-1.70907E-4,-6.96338E-5,-1.21556E-4,4.68250E-5,-6.00473E-5,2.55747E-4,1.19214E-4,-1.45842E-4,1.41652E-4,1.86452E-4,-4.69825E-4,-3.70121E-4,-3.84984E-4,4.84366E-5,-5.92878E-4,-6.29061E-4,-7.96602E-4,-9.59231E-4,-1.23269E-3,-1.29514E-3,-1.17091E-3,-9.19681E-4,-2.03406E-3,-1.18189E-3,-1.79399E-3,-1.85660E-3,-1.21595E-3,-1.84228E-3,-1.61603E-3,-1.76202E-3,-1.52764E-3,-1.55632E-3,-1.98720E-3,-1.48833E-3,-2.41682E-3,-1.85164E-3,-1.97585E-3,-2.04919E-3,-2.27254E-3,-2.63758E-3,-2.21164E-3,-1.75718E-3,-2.34231E-3,-2.05764E-3,-1.99660E-3,-2.44766E-3,-2.31984E-3,-2.45939E-3,-2.25536E-3,-2.34423E-3,-2.41116E-3,-2.05713E-3,-3.15367E-3,-3.12522E-3,-2.57944E-3,-2.68869E-3,-2.33995E-3,-2.85925E-3,-2.28823E-3,-2.90091E-3,-2.88071E-3,-2.80339E-3,-2.84229E-3,-2.99964E-3,-2.98033E-3,-2.88240E-3,-2.80813E-3,-3.22267E-3,-3.41337E-3,-3.56473E-3,-3.23233E-3,-2.83106E-3,-3.27846E-3,-3.10862E-3,-3.32371E-3,-3.33985E-3,-3.22038E-3,-4.13404E-3,-4.03831E-3,-3.54789E-3,-3.89424E-3,-4.15817E-3,-4.17772E-3,-4.59818E-3,-4.34012E-3,-3.62342E-3,-4.04768E-3,-4.08982E-3,-3.84785E-3,-3.76230E-3,-4.42976E-3,-3.89443E-3,-4.19555E-3,-3.88595E-3,-3.99532E-3,-3.86956E-3,-3.73069E-3,-3.72219E-3,-3.85214E-3,-4.15258E-3,-3.95418E-3,-3.60280E-3,-3.86479E-3,-3.59034E-3,-4.15851E-3,-4.31216E-3,-3.81436E-3,-3.68560E-3,-3.75714E-3,-3.39748E-3,-3.77991E-3,-3.29389E-3,-3.58486E-3,-3.13475E-3,-3.49521E-3,-2.63849E-3,-3.24013E-3,-3.24304E-3,-3.12893E-3,-3.24942E-3,-2.80181E-3,-3.02656E-3,-2.90608E-3,-3.08092E-3,-2.97106E-3,-3.16646E-3,-2.81319E-3,-3.20057E-3,-2.75444E-3,-2.92658E-3,-2.82613E-3,-2.94299E-3,-2.96511E-3,-2.42939E-3,-2.80854E-3,-2.34916E-3,-2.91978E-3,-2.47383E-3,-2.74047E-3,-2.79345E-3,-2.72138E-3,-3.03861E-3,-2.78795E-3,-2.59582E-3,-2.65848E-3,-3.08264E-3,-2.94849E-3,-2.32915E-3,-3.23755E-3,-2.91589E-3,-2.92268E-3,-2.46327E-3,-2.86605E-3,-3.05683E-3,-2.89835E-3
1.01529E+3,1.14661E-4,2.24344E-4,3.69662E-6,9.15597E-5,6.02534E-5,2.52834E-7,-1.68342E-4,-9.99647E-5,1.79320E-5,-2.36087E-5,6.33261E-5,2.76929E-5,-1.82708E-4,3.77236E-5,-1.66819E-4,9.64718E-5,-5.97592E-5,2.79686E-4,5.20779E-5,-1.22386E-4,1.69311E-4,1.24419E-4,-4.03150E-4,-4.51132E-4,-4.13372E-4,1.13668E-4,-6.45632E-4,-7.69589E-4,-8.89497E-4,-1.01858E-3,-1.33993E-3,-1.44469E-3,-1.37781E-3,-1.06088E-3,-2.13368E-3,-1.37803E-3,-1.81394E-3,-2.11294E-3,-1.48615E-3,-2.04972E-3,-1.72135E-3,-2.05584E-3,-1.76992E-3,-1.66400E-3,-1.93286E-3,-1.68188E-3,-2.61435E-3,-1.96896E-3,-2.13479E-3,-2.23871E-3,-2.40551E-3,-2.82863E-3,-2.32912E-3,-1.92350E-3,-2.46175E-3,-2.17747E-3,-2.11453E-3,-2.53343E-3,-2.42899E-3,-2.67305E-3,-2.43927E-3,-2.55194E-3,-2.62336E-3,-2.16081E-3,-3.15874E-3,-3.25219E-3,-2.69799E-3,-2.71278E-3,-2.51792E-3,-2.94241E-3,-2.49512E-3,-2.92937E-3,-3.03148E-3,-2.81277E-3,-2.97884E-3,-3.16485E-3,-3.10083E-3,-3.11776E-3,-3.01962E-3,-3.34781E-3,-3.52737E-3,-3.77543E-3,-3.39520E-3,-2.97615E-3,-3.31375E-3,-3.21922E-3,-3.41354E-3,-3.41019E-3,-3.45263E-3,-4.27628E-3,-4.15888E-3,-3.59606E-3,-3.92032E-3,-4.25646E-3,-4.40836E-3,-4.87368E-3,-4.42085E-3,-3.60456E-3,-4.09539E-3,-4.18002E-3,-3.97337E-3,-3.75588E-3,-4.38776E-3,-4.12248E-3,-4.34929E-3,-3.95553E-3,-4.06866E-3,-4.05825E-3,-3.78625E-3,-3.87271E-3,-4.10445E-3,-4.32830E-3,-4.18996E-3,-3.73841E-3,-3.98065E-3,-3.74994E-3,-4.20392E-3,-4.43634E-3,-3.88905E-3,-3.71638E-3,-4.03755E-3,-3.54606E-3,-3.85529E-3,-3.35035E-3,-3.65133E-3,-3.15096E-3,-3.62618E-3,-2.76270E-3,-3.34916E-3,-3.25927E-3,-3.28092E-3,-3.25466E-3,-2.90046E-3,-2.93118E-3,-3.10112E-3,-3.21436E-3,-3.08907E-3,-3.19599E-3,-2.82325E-3,-3.23332E-3,-2.78246E-3,-2.96975E-3,-3.04989E-3,-3.07371E-3,-3.13883E-3,-2.58606E-3,-2.66239E-3,-2.38898E-3,-2.93203E-3,-2.52256E-3,-2.85643E-3,-2.78073E-3,-2.85254E-3,-3.18508E-3,-2.69934E-3,-2.62703E-3,-2.84191E-3,-3.31573E-3,-3.06463E-3,-2.38679E-3,-3.34740E-3,-3.05141E-3,-2.96285E-3,-2.56793E-3,-3.07183E-3,-3.15110E-3,-2.92309E-3
1.01872E+3,-7.28081E-6,1.74974E-4,-4.80057E-5,2.54771E-5,1.17196E-4,2.34490E-5,-8.48329E-5,-1.18862E-4,4.24633E-5,-3.75048E-5,9.06008E-5,-5.18872E-5,-1.04702E-4,9.21191E-5,-1.13204E-4,1.31811E-4,-7.86206E-5,3.37253E-4,7.71292E-5,-7.41690E-5,3.93672E-5,1.49658E-4,-4.94050E-4,-5.24583E-4,-4.59627E-4,-3.97424E-6,-7.46661E-4,-8.19617E-4,-9.82417E-4,-1.29140E-3,-1.42931E-3,-1.48865E-3,-1.49816E-3,-1.23588E-3,-2.34107E-3,-1.46814E-3,-1.98327E-3,-2.31086E-3,-1.49684E-3,-2.23441E-3,-1.86867E-3,-2.23516E-3,-1.94378E-3,-1.79510E-3,-2.12898E-3,-1.80476E-3,-2.85719E-3,-2.19685E-3,-2.30230E-3,-2.37054E-3,-2.63184E-3,-2.93146E-3,-2.42142E-3,-2.01600E-3,-2.61728E-3,-2.36289E-3,-2.22804E-3,-2.63695E-3,-2.64460E-3,-2.82622E-3,-2.53642E-3,-2.60135E-3,-2.70099E-3,-2.30321E-3,-3.30281E-3,-3.27697E-3,-2.70390E-3,-2.99733E-3,-2.59262E-3,-3.17350E-3,-2.61297E-3,-3.12588E-3,-3.10254E-3,-2.91803E-3,-3.09278E-3,-3.27555E-3,-3.19600E-3,-3.17220E-3,-3.18188E-3,-3.51681E-3,-3.65540E-3,-3.90472E-3,-3.52844E-3,-3.06222E-3,-3.55213E-3,-3.42752E-3,-3.47999E-3,-3.52590E-3,-3.46928E-3,-4.36898E-3,-4.18820E-3,-3.77357E-3,-4.05490E-3,-4.40246E-3,-4.47510E-3,-4.97402E-3,-4.58596E-3,-3.74323E-3,-4.21685E-3,-4.35323E-3,-4.06023E-3,-3.90762E-3,-4.52140E-3,-4.18316E-3,-4.49154E-3,-4.18059E-3,-4.12572E-3,-4.04124E-3,-3.83785E-3,-4.02412E-3,-4.19751E-3,-4.32137E-3,-4.30806E-3,-3.76067E-3,-4.07900E-3,-3.83209E-3,-4.33021E-3,-4.49252E-3,-3.86165E-3,-3.98727E-3,-4.07641E-3,-3.61953E-3,-4.04201E-3,-3.43927E-3,-3.53770E-3,-3.24226E-3,-3.65291E-3,-2.74413E-3,-3.30833E-3,-3.38821E-3,-3.28675E-3,-3.43208E-3,-2.89654E-3,-3.04982E-3,-3.08904E-3,-3.39234E-3,-3.02673E-3,-3.22463E-3,-2.70747E-3,-3.30494E-3,-2.83982E-3,-3.04543E-3,-2.97613E-3,-3.04183E-3,-3.20048E-3,-2.68712E-3,-2.88986E-3,-2.39554E-3,-2.99937E-3,-2.48146E-3,-2.93825E-3,-2.79390E-3,-2.79143E-3,-3.25220E-3,-2.83807E-3,-2.70352E-3,-2.75997E-3,-3.25705E-3,-2.98280E-3,-2.36828E-3,-3.27765E-3,-3.08622E-3,-3.08268E-3,-2.67453E-3,-2.97871E-3,-3.16328E-3,-3.12068E-3
1.02216E+3,-2.63852E-5,1.86177E-4,2.35767E-5,-5.88720E-5,1.24410E-4,9.43195E-5,-4.30999E-5,-1.19976E-4,-3.40552E-5,-8.60290E-5,9.94761E-5,-9.11376E-5,-4.87160E-5,1.33291E-4,-1.52979E-4,6.67938E-5,-2.10215E-4,2.52053E-4,1.51363E-4,-7.58265E-5,9.07667E-5,1.48782E-4,-5.30806E-4,-5.25331E-4,-4.56728E-4,-4.27641E-5,-7.38781E-4,-9.38553E-4,-1.12070E-3,-1.34631E-3,-1.53834E-3,-1.72380E-3,-1.60483E-3,-1.43926E-3,-2.51751E-3,-1.76729E-3,-2.17445E-3,-2.40532E-3,-1.79165E-3,-2.33372E-3,-2.00750E-3,-2.44771E-3,-2.14260E-3,-1.90066E-3,-2.28598E-3,-2.05393E-3,-2.95313E-3,-2.35995E-3,-2.41222E-3,-2.56142E-3,-2.74693E-3,-3.21013E-3,-2.61055E-3,-2.15516E-3,-2.78263E-3,-2.47103E-3,-2.47319E-3,-2.74316E-3,-2.77316E-3,-2.93687E-3,-2.66120E-3,-2.83499E-3,-2.82321E-3,-2.40075E-3,-3.33491E-3,-3.36830E-3,-2.94371E-3,-3.02139E-3,-2.67390E-3,-3.28795E-3,-2.74766E-3,-3.23962E-3,-3.17018E-3,-3.11170E-3,-3.24501E-3,-3.24802E-3,-3.49866E-3,-3.28447E-3,-3.38024E-3,-3.62551E-3,-3.85837E-3,-4.04781E-3,-3.72971E-3,-3.29589E-3,-3.63931E-3,-3.49234E-3,-3.55697E-3,-3.55290E-3,-3.68166E-3,-4.41311E-3,-4.33866E-3,-3.96930E-3,-4.17570E-3,-4.51481E-3,-4.50953E-3,-4.94473E-3,-4.54727E-3,-3.80584E-3,-4.33045E-3,-4.33691E-3,-4.16834E-3,-3.97971E-3,-4.63573E-3,-4.22980E-3,-4.46480E-3,-4.23668E-3,-4.22990E-3,-4.27567E-3,-3.94472E-3,-4.09094E-3,-4.30513E-3,-4.35763E-3,-4.38324E-3,-3.75657E-3,-4.14325E-3,-3.89200E-3,-4.33305E-3,-4.55961E-3,-4.07463E-3,-4.02094E-3,-4.00200E-3,-3.76220E-3,-3.98226E-3,-3.47797E-3,-3.56417E-3,-3.28382E-3,-3.72406E-3,-2.87173E-3,-3.39179E-3,-3.42597E-3,-3.42584E-3,-3.40051E-3,-2.94922E-3,-3.15939E-3,-3.00240E-3,-3.62074E-3,-3.07870E-3,-3.26820E-3,-2.83601E-3,-3.42221E-3,-2.99147E-3,-3.21539E-3,-3.05169E-3,-3.07771E-3,-3.35070E-3,-2.78660E-3,-2.91112E-3,-2.45432E-3,-3.04957E-3,-2.58989E-3,-2.97197E-3,-2.99661E-3,-2.87185E-3,-3.32392E-3,-2.89539E-3,-2.67498E-3,-2.81384E-3,-3.42780E-3,-3.21012E-3,-2.46165E-3,-3.40247E-3,-3.08653E-3,-3.03336E-3,-2.58202E-3,-2.97133E-3,-3.08826E-3,-3.15075E-3
1.02560E+3,-4.47571E-5,9.55456E-5,1.31668E-5,-1.07077E-4,5.61890E-5,5.62024E-5,1.90937E-6,-1.11259E-4,-1.43575E-5,-6.78359E-5,1.34461E-4,-5.62306E-5,3.89873E-8,1.97889E-4,-1.53885E-4,3.83840E-5,-1.63008E-4,2.20193E-4,1.57649E-4,-6.60703E-5,1.12351E-4,1.47024E-4,-5.72428E-4,-5.43556E-4,-4.97294E-4,-1.13485E-4,-8.47378E-4,-1.00640E-3,-1.04431E-3,-1.40377E-3,-1.73998E-3,-1.83762E-3,-1.66192E-3,-1.54787E-3,-2.62322E-3,-1.99444E-3,-2.36447E-3,-2.57218E-3,-1.95318E-3,-2.49269E-3,-2.21423E-3,-2.62020E-3,-2.32362E-3,-2.06210E-3,-2.36608E-3,-2.19786E-3,-3.23792E-3,-2.50120E-3,-2.75442E-3,-2.58869E-3,-2.92132E-3,-3.31511E-3,-2.66221E-3,-2.33278E-3,-2.91417E-3,-2.62643E-3,-2.60974E-3,-2.95307E-3,-2.92832E-3,-3.00807E-3,-2.86578E-3,-2.87479E-3,-2.88068E-3,-2.50903E-3,-3.51840E-3,-3.52349E-3,-3.03867E-3,-3.08414E-3,-2.78481E-3,-3.41016E-3,-2.89773E-3,-3.32830E-3,-3.25662E-3,-3.19827E-3,-3.36912E-3,-3.40371E-3,-3.54864E-3,-3.37238E-3,-3.54569E-3,-3.75528E-3,-3.80148E-3,-4.25448E-3,-3.76704E-3,-3.37960E-3,-3.72215E-3,-3.62302E-3,-3.68278E-3,-3.63585E-3,-3.76187E-3,-4.61068E-3,-4.34286E-3,-3.87759E-3,-4.35171E-3,-4.56716E-3,-4.50725E-3,-5.09318E-3,-4.63428E-3,-3.85562E-3,-4.40679E-3,-4.39814E-3,-4.31825E-3,-4.07498E-3,-4.72192E-3,-4.32160E-3,-4.44119E-3,-4.33667E-3,-4.24880E-3,-4.36338E-3,-4.03659E-3,-4.16969E-3,-4.32589E-3,-4.46802E-3,-4.43404E-3,-3.87372E-3,-4.14623E-3,-4.03418E-3,-4.53208E-3,-4.63637E-3,-4.08221E-3,-3.99982E-3,-4.05184E-3,-3.73507E-3,-3.96486E-3,-3.47736E-3,-3.63783E-3,-3.31414E-3,-3.81079E-3,-2.79385E-3,-3.42059E-3,-3.44672E-3,-3.41462E-3,-3.56085E-3,-3.13303E-3,-3.14919E-3,-2.99024E-3,-3.80951E-3,-3.15033E-3,-3.32033E-3,-2.65531E-3,-3.48273E-3,-3.01184E-3,-3.16887E-3,-3.11433E-3,-3.12132E-3,-3.48864E-3,-2.90667E-3,-2.92692E-3,-2.46014E-3,-3.19546E-3,-2.59301E-3,-2.99078E-3,-3.03171E-3,-2.93803E-3,-3.37897E-3,-2.95725E-3,-2.71169E-3,-2.84974E-3,-3.40966E-3,-3.13577E-3,-2.58062E-3,-3.30591E-3,-3.18215E-3,-3.19091E-3,-2.63637E-3,-2.97639E-3,-3.23363E-3,-3.17946E-3
1.02904E+3,-3.83460E-5,-8.38798E-7,7.80888E-5,-1.68577E-4,9.20861E-5,1.04243E-4,3.61581E-6,-1.17782E-4,-3.88086E-5,-1.18934E-4,1.43357E-4,-9.68427E-5,5.10165E-5,2.35805E-4,-1.28083E-4,1.22265E-5,-2.12781E-4,1.30604E-4,1.31077E-4,-1.21562E-4,3.80147E-5,1.94672E-4,-5.93835E-4,-4.89643E-4,-5.18047E-4,-1.58669E-4,-9.03260E-4,-1.22456E-3,-1.16349E-3,-1.43742E-3,-1.77465E-3,-2.05160E-3,-1.74702E-3,-1.70029E-3,-2.69681E-3,-2.20917E-3,-2.52424E-3,-2.74721E-3,-2.09052E-3,-2.72034E-3,-2.36739E-3,-2.79959E-3,-2.47949E-3,-2.20611E-3,-2.54619E-3,-2.46802E-3,-3.39229E-3,-2.68603E-3,-2.83579E-3,-2.83591E-3,-3.00006E-3,-3.42859E-3,-2.83331E-3,-2.47066E-3,-2.93080E-3,-2.76448E-3,-2.67825E-3,-3.14363E-3,-2.99885E-3,-3.12407E-3,-3.01259E-3,-3.01724E-3,-3.08937E-3,-2.71010E-3,-3.69827E-3,-3.61508E-3,-3.21584E-3,-3.27153E-3,-2.91164E-3,-3.61396E-3,-3.00600E-3,-3.45196E-3,-3.38211E-3,-3.32093E-3,-3.56234E-3,-3.48202E-3,-3.69409E-3,-3.54445E-3,-3.58829E-3,-3.89173E-3,-4.07350E-3,-4.37169E-3,-3.87464E-3,-3.50355E-3,-3.90999E-3,-3.72720E-3,-3.76656E-3,-3.74720E-3,-3.89224E-3,-4.60073E-3,-4.41774E-3,-4.07125E-3,-4.43388E-3,-4.77832E-3,-4.74569E-3,-5.08331E-3,-4.71242E-3,-3.92326E-3,-4.41040E-3,-4.37904E-3,-4.54074E-3,-4.05280E-3,-4.75377E-3,-4.54362E-3,-4.49593E-3,-4.38714E-3,-4.42247E-3,-4.40809E-3,-4.17352E-3,-4.29701E-3,-4.47951E-3,-4.58722E-3,-4.46737E-3,-4.00384E-3,-4.24154E-3,-4.11398E-3,-4.55210E-3,-4.77534E-3,-4.15240E-3,-4.15922E-3,-4.15658E-3,-3.88709E-3,-4.02020E-3,-3.56165E-3,-3.68914E-3,-3.46196E-3,-3.83866E-3,-2.83178E-3,-3.42058E-3,-3.40193E-3,-3.54647E-3,-3.55921E-3,-3.04069E-3,-3.28802E-3,-3.05457E-3,-3.90322E-3,-3.14149E-3,-3.38400E-3,-2.73316E-3,-3.53474E-3,-3.11369E-3,-3.38871E-3,-3.24946E-3,-3.18547E-3,-3.60683E-3,-2.95706E-3,-3.02645E-3,-2.55028E-3,-3.19823E-3,-2.68923E-3,-3.13179E-3,-3.06208E-3,-3.01786E-3,-3.46622E-3,-3.09227E-3,-2.84171E-3,-2.89315E-3,-3.51535E-3,-3.19473E-3,-2.60909E-3,-3.22747E-3,-3.23429E-3,-3.23692E-3,-2.73083E-3,-3.03664E-3,-3.30183E-3,-3.30430E-3
1.03249E+3,-1.61362E-5,4.82688E-5,-8.44424E-6,-2.02920E-4,1.62802E-4,1.60613E-4,1.95347E-5,-1.72733E-4,-1.79619E-5,-9.71495E-5,1.32396E-4,-1.58791E-4,5.51546E-5,2.97730E-4,-2.02363E-4,-3.99589E-5,-1.82785E-4,2.41322E-4,2.10307E-4,-1.15329E-4,4.96941E-5,1.59318E-4,-6.26835E-4,-5.43328E-4,-5.65640E-4,-2.03267E-4,-9.70052E-4,-1.19907E-3,-1.22773E-3,-1.60304E-3,-1.87763E-3,-2.26145E-3,-1.94912E-3,-1.81184E-3,-2.87965E-3,-2.31396E-3,-2.64122E-3,-2.88109E-3,-2.30878E-3,-2.80508E-3,-2.54661E-3,-3.08607E-3,-2.65259E-3,-2.46621E-3,-2.70226E-3,-2.62382E-3,-3.57806E-3,-2.89233E-3,-3.00862E-3,-2.91533E-3,-3.11366E-3,-3.63465E-3,-2.90987E-3,-2.54153E-3,-3.25978E-3,-2.84168E-3,-2.85429E-3,-3.29847E-3,-3.18152E-3,-3.34497E-3,-3.21697E-3,-3.23044E-3,-3.19441E-3,-2.85276E-3,-3.79786E-3,-3.71440E-3,-3.26998E-3,-3.46111E-3,-3.10399E-3,-3.69102E-3,-3.13303E-3,-3.60752E-3,-3.53596E-3,-3.47610E-3,-3.74295E-3,-3.63247E-3,-3.99670E-3,-3.73478E-3,-3.77401E-3,-3.98458E-3,-4.24449E-3,-4.46348E-3,-4.02282E-3,-3.68658E-3,-4.05074E-3,-3.93888E-3,-3.88584E-3,-3.87138E-3,-3.95761E-3,-4.76887E-3,-4.55822E-3,-4.25977E-3,-4.58499E-3,-4.89629E-3,-4.76956E-3,-5.26395E-3,-4.78909E-3,-4.00329E-3,-4.50333E-3,-4.49545E-3,-4.55171E-3,-4.23389E-3,-4.82534E-3,-4.60970E-3,-4.49113E-3,-4.54470E-3,-4.49764E-3,-4.56010E-3,-4.25254E-3,-4.42735E-3,-4.59836E-3,-4.67382E-3,-4.53591E-3,-3.97182E-3,-4.35927E-3,-4.23264E-3,-4.70347E-3,-4.77492E-3,-4.27421E-3,-4.16220E-3,-4.22554E-3,-4.00685E-3,-4.03761E-3,-3.59457E-3,-3.78250E-3,-3.45602E-3,-3.94886E-3,-2.92479E-3,-3.52291E-3,-3.39785E-3,-3.57368E-3,-3.57590E-3,-3.19361E-3,-3.18237E-3,-3.07606E-3,-4.11762E-3,-3.07310E-3,-3.47654E-3,-2.68496E-3,-3.68469E-3,-3.08987E-3,-3.38316E-3,-3.29914E-3,-3.21378E-3,-3.62763E-3,-3.10219E-3,-2.98354E-3,-2.64103E-3,-3.30666E-3,-2.66138E-3,-3.23641E-3,-3.10206E-3,-3.13137E-3,-3.39844E-3,-3.17916E-3,-2.77637E-3,-2.80410E-3,-3.65345E-3,-3.26890E-3,-2.66994E-3,-3.34295E-3,-3.29930E-3,-3.21232E-3,-2.74746E-3,-3.03555E-3,-3.23802E-3,-3.30489E-3
1.03593E+3,-2.75611E-6,1.08480E-4,-6.41089E-5,-2.14368E-4,1.43773E-4,1.68879E-4,5.41403E-6,-1.56524E-4,-8.58788E-5,-1.37811E-4,1.27356E-4,-8.45945E-5,1.10190E-5,3.47492E-4,-1.66371E-4,-4.17077E-5,-2.09814E-4,2.72696E-4,9.36968E-5,-9.04565E-5,-3.07850E-5,2.22437E-4,-6.26276E-4,-5.44746E-4,-5.75343E-4,-1.77287E-4,-9.55799E-4,-1.23505E-3,-1.26700E-3,-1.57932E-3,-2.00945E-3,-2.33671E-3,-1.91095E-3,-1.98815E-3,-3.00702E-3,-2.46099E-3,-2.81469E-3,-3.09760E-3,-2.35502E-3,-2.90788E-3,-2.67844E-3,-3.17949E-3,-2.80692E-3,-2.50155E-3,-2.75545E-3,-2.74949E-3,-3.65469E-3,-2.92489E-3,-3.15699E-3,-3.08175E-3,-3.25224E-3,-3.75560E-3,-2.97675E-3,-2.81923E-3,-3.32968E-3,-3.05095E-3,-3.04363E-3,-3.41894E-3,-3.37118E-3,-3.45343E-3,-3.35348E-3,-3.32163E-3,-3.29892E-3,-3.02259E-3,-3.93553E-3,-3.74633E-3,-3.45801E-3,-3.47209E-3,-3.20298E-3,-3.85186E-3,-3.31369E-3,-3.60196E-3,-3.55293E-3,-3.58735E-3,-3.79196E-3,-3.57351E-3,-4.06170E-3,-3.90479E-3,-4.01372E-3,-4.05636E-3,-4.28161E-3,-4.62037E-3,-4.11861E-3,-3.75442E-3,-4.21548E-3,-4.04789E-3,-3.99845E-3,-3.98250E-3,-4.15823E-3,-4.89323E-3,-4.62155E-3,-4.36203E-3,-4.63388E-3,-5.01780E-3,-4.79444E-3,-5.16678E-3,-4.74302E-3,-4.14823E-3,-4.54339E-3,-4.53126E-3,-4.60771E-3,-4.31812E-3,-4.76591E-3,-4.71632E-3,-4.45723E-3,-4.53818E-3,-4.48248E-3,-4.56698E-3,-4.29558E-3,-4.52097E-3,-4.68891E-3,-4.66416E-3,-4.65164E-3,-4.05029E-3,-4.41549E-3,-4.27864E-3,-4.66906E-3,-4.82049E-3,-4.37078E-3,-4.20428E-3,-4.19764E-3,-3.97306E-3,-4.05650E-3,-3.65664E-3,-3.64121E-3,-3.53637E-3,-3.90707E-3,-2.86342E-3,-3.42441E-3,-3.29315E-3,-3.59856E-3,-3.68373E-3,-3.14975E-3,-3.27296E-3,-3.07130E-3,-4.17358E-3,-3.00350E-3,-3.43388E-3,-2.61343E-3,-3.68619E-3,-3.22113E-3,-3.47722E-3,-3.44076E-3,-3.30232E-3,-3.59100E-3,-3.05922E-3,-3.01840E-3,-2.70334E-3,-3.35920E-3,-2.65329E-3,-3.14344E-3,-3.12099E-3,-3.18026E-3,-3.43183E-3,-3.13312E-3,-2.91790E-3,-2.85630E-3,-3.55517E-3,-3.42221E-3,-2.72393E-3,-3.31753E-3,-3.23239E-3,-3.34972E-3,-2.63594E-3,-2.93709E-3,-3.30213E-3,-3.31913E-3
1.03937E+3,-4.49411E-5,-6.28188E-5,7.88903E-6,-2.66377E-4,1.13445E-4,2.06746E-4,5.59163E-5,-1.86485E-4,-4.23316E-5,-1.20756E-4,1.40324E-4,-8.32743E-5,1.03730E-4,3.31305E-4,-1.52372E-4,-7.41743E-5,-1.76836E-4,2.01957E-4,5.27568E-5,-1.46795E-4,-6.06799E-5,1.18937E-4,-7.61216E-4,-5.28971E-4,-7.18241E-4,-2.64988E-4,-1.09067E-3,-1.44479E-3,-1.42125E-3,-1.65858E-3,-2.13799E-3,-2.45420E-3,-2.01684E-3,-2.10672E-3,-3.19362E-3,-2.73325E-3,-3.06278E-3,-3.25253E-3,-2.62070E-3,-3.11302E-3,-2.95838E-3,-3.41175E-3,-3.00403E-3,-2.75028E-3,-2.98061E-3,-2.95962E-3,-3.86400E-3,-3.13736E-3,-3.42644E-3,-3.27959E-3,-3.40843E-3,-3.99525E-3,-3.23408E-3,-2.92775E-3,-3.52632E-3,-3.25345E-3,-3.16169E-3,-3.55893E-3,-3.49134E-3,-3.62974E-3,-3.53740E-3,-3.53459E-3,-3.44851E-3,-3.13829E-3,-4.03114E-3,-3.93634E-3,-3.64945E-3,-3.67549E-3,-3.45021E-3,-3.96965E-3,-3.44000E-3,-3.74177E-3,-3.64839E-3,-3.82929E-3,-3.96911E-3,-3.80896E-3,-4.32281E-3,-4.03870E-3,-4.22235E-3,-4.20175E-3,-4.45822E-3,-4.74122E-3,-4.27423E-3,-3.83529E-3,-4.40304E-3,-4.19543E-3,-4.12974E-3,-4.07275E-3,-4.24933E-3,-4.99212E-3,-4.68120E-3,-4.51112E-3,-4.75674E-3,-5.11530E-3,-4.90134E-3,-5.30206E-3,-4.87018E-3,-4.24121E-3,-4.61363E-3,-4.49882E-3,-4.80746E-3,-4.41338E-3,-4.89744E-3,-4.81570E-3,-4.54301E-3,-4.66520E-3,-4.68515E-3,-4.69133E-3,-4.40958E-3,-4.59292E-3,-4.90288E-3,-4.74685E-3,-4.71370E-3,-4.14805E-3,-4.50477E-3,-4.41595E-3,-4.73197E-3,-4.94749E-3,-4.48137E-3,-4.26593E-3,-4.20646E-3,-4.07410E-3,-4.20829E-3,-3.70867E-3,-3.80577E-3,-3.65119E-3,-4.05076E-3,-2.95962E-3,-3.56477E-3,-3.39115E-3,-3.64149E-3,-3.75551E-3,-3.27931E-3,-3.31426E-3,-3.09332E-3,-4.24013E-3,-3.21678E-3,-3.42582E-3,-2.64960E-3,-3.69471E-3,-3.21353E-3,-3.61592E-3,-3.53245E-3,-3.38813E-3,-3.79939E-3,-3.23624E-3,-3.07123E-3,-2.80565E-3,-3.51239E-3,-2.79566E-3,-3.24026E-3,-3.26975E-3,-3.28751E-3,-3.43520E-3,-3.23811E-3,-2.99726E-3,-2.85335E-3,-3.72990E-3,-3.33587E-3,-2.82276E-3,-3.32232E-3,-3.36101E-3,-3.27745E-3,-2.70701E-3,-3.03981E-3,-3.40026E-3,-3.43061E-3
1.04281E+3,-3.82172E-5,-4.86880E-5,9.64723E-6,-2.90745E-4,1.50452E-4,2.29793E-4,1.11619E-4,-2.14938E-4,-1.17166E-5,-1.78170E-4,2.41040E-4,-9.05474E-5,7.17526E-5,3.21543E-4,-2.62825E-4,-1.77985E-4,-2.28517E-4,9.36880E-5,1.03313E-4,-1.96988E-4,-8.16992E-5,2.48474E-5,-7.93391E-4,-6.45547E-4,-7.85614E-4,-3.03361E-4,-1.12006E-3,-1.58946E-3,-1.43163E-3,-1.79780E-3,-2.24632E-3,-2.64341E-3,-2.12844E-3,-2.33093E-3,-3.39636E-3,-2.90351E-3,-3.21136E-3,-3.47784E-3,-2.80221E-3,-3.26245E-3,-3.14021E-3,-3.51664E-3,-3.20102E-3,-2.90698E-3,-3.12124E-3,-3.22592E-3,-3.99467E-3,-3.28943E-3,-3.57617E-3,-3.37991E-3,-3.50560E-3,-4.18301E-3,-3.27851E-3,-3.15156E-3,-3.68404E-3,-3.37893E-3,-3.41182E-3,-3.75457E-3,-3.62170E-3,-3.78265E-3,-3.77811E-3,-3.64226E-3,-3.59991E-3,-3.32600E-3,-4.15152E-3,-4.00391E-3,-3.79097E-3,-3.86988E-3,-3.52293E-3,-4.07960E-3,-3.54335E-3,-3.87858E-3,-3.69901E-3,-3.98291E-3,-4.18092E-3,-3.80294E-3,-4.51076E-3,-4.32839E-3,-4.44239E-3,-4.34901E-3,-4.60670E-3,-4.83685E-3,-4.32658E-3,-4.00043E-3,-4.54151E-3,-4.34371E-3,-4.28921E-3,-4.13776E-3,-4.43473E-3,-5.19959E-3,-4.74691E-3,-4.68324E-3,-5.04110E-3,-5.26093E-3,-5.01685E-3,-5.39876E-3,-4.98716E-3,-4.35757E-3,-4.72837E-3,-4.55650E-3,-4.98862E-3,-4.54212E-3,-4.91123E-3,-4.83713E-3,-4.59885E-3,-4.73539E-3,-4.67015E-3,-4.83482E-3,-4.60635E-3,-4.72068E-3,-4.98311E-3,-4.77854E-3,-4.82278E-3,-4.20986E-3,-4.61646E-3,-4.50806E-3,-4.81669E-3,-4.98777E-3,-4.58749E-3,-4.37880E-3,-4.30008E-3,-4.15320E-3,-4.14263E-3,-3.75791E-3,-3.89696E-3,-3.62501E-3,-4.02355E-3,-3.01004E-3,-3.58241E-3,-3.39499E-3,-3.66618E-3,-3.80130E-3,-3.40573E-3,-3.39502E-3,-3.11300E-3,-4.44906E-3,-3.22361E-3,-3.52337E-3,-2.67424E-3,-3.80122E-3,-3.34379E-3,-3.65805E-3,-3.49313E-3,-3.41152E-3,-3.81167E-3,-3.22080E-3,-3.08834E-3,-2.93392E-3,-3.50555E-3,-2.79515E-3,-3.29763E-3,-3.28864E-3,-3.43373E-3,-3.48362E-3,-3.29965E-3,-3.08693E-3,-2.90207E-3,-3.79221E-3,-3.39157E-3,-2.87585E-3,-3.25273E-3,-3.33253E-3,-3.34113E-3,-2.70196E-3,-3.10100E-3,-3.36235E-3,-3.48631E-3
1.04626E+3,-2.30946E-5,-6.99441E-5,1.68132E-5,-3.29211E-4,1.75786E-4,1.88630E-4,1.50888E-4,-2.25791E-4,-5.64310E-6,-1.39589E-4,1.71072E-4,-3.93724E-5,1.62466E-4,2.39837E-4,-2.72848E-4,-1.64441E-4,-2.26262E-4,8.55100E-5,5.15817E-5,-2.96056E-4,-1.48717E-4,-1.60007E-5,-8.58456E-4,-6.51439E-4,-8.45565E-4,-4.16838E-4,-1.22523E-3,-1.70962E-3,-1.49481E-3,-1.84760E-3,-2.43418E-3,-2.78637E-3,-2.21875E-3,-2.42218E-3,-3.48067E-3,-3.17860E-3,-3.42469E-3,-3.61181E-3,-2.97825E-3,-3.35196E-3,-3.26977E-3,-3.79158E-3,-3.38261E-3,-3.08738E-3,-3.25446E-3,-3.38470E-3,-4.14148E-3,-3.39545E-3,-3.68871E-3,-3.59564E-3,-3.61149E-3,-4.28026E-3,-3.42115E-3,-3.41033E-3,-3.80556E-3,-3.52686E-3,-3.58814E-3,-3.87518E-3,-3.85703E-3,-3.91377E-3,-3.93729E-3,-3.84140E-3,-3.75778E-3,-3.52712E-3,-4.35346E-3,-4.15854E-3,-3.91409E-3,-4.11005E-3,-3.76766E-3,-4.27997E-3,-3.81857E-3,-4.05582E-3,-3.84872E-3,-4.09445E-3,-4.32130E-3,-4.02627E-3,-4.72514E-3,-4.47326E-3,-4.61604E-3,-4.48493E-3,-4.79955E-3,-4.98431E-3,-4.56855E-3,-4.13312E-3,-4.72454E-3,-4.50164E-3,-4.36780E-3,-4.35614E-3,-4.51913E-3,-5.31416E-3,-4.78904E-3,-4.84949E-3,-5.14165E-3,-5.42563E-3,-5.09197E-3,-5.42879E-3,-5.08893E-3,-4.41767E-3,-4.79128E-3,-4.55455E-3,-5.17073E-3,-4.71939E-3,-5.05162E-3,-4.95563E-3,-4.58478E-3,-4.85445E-3,-4.75146E-3,-4.96017E-3,-4.59270E-3,-4.80310E-3,-5.17715E-3,-4.90251E-3,-4.92467E-3,-4.31976E-3,-4.61903E-3,-4.63464E-3,-4.78838E-3,-5.01169E-3,-4.68712E-3,-4.47197E-3,-4.40003E-3,-4.24029E-3,-4.20557E-3,-3.80057E-3,-3.90901E-3,-3.78678E-3,-4.08151E-3,-3.12394E-3,-3.69703E-3,-3.44725E-3,-3.74537E-3,-3.83972E-3,-3.47747E-3,-3.49269E-3,-3.13756E-3,-4.62938E-3,-3.20056E-3,-3.67139E-3,-2.66489E-3,-3.87783E-3,-3.29342E-3,-3.68033E-3,-3.65462E-3,-3.48996E-3,-3.87002E-3,-3.23566E-3,-3.16841E-3,-2.93255E-3,-3.59522E-3,-2.79677E-3,-3.28700E-3,-3.39415E-3,-3.42897E-3,-3.50779E-3,-3.42388E-3,-3.10219E-3,-2.96153E-3,-3.79956E-3,-3.45899E-3,-2.93228E-3,-3.29656E-3,-3.44311E-3,-3.41355E-3,-2.61614E-3,-3.12474E-3,-3.43427E-3,-3.54429E-3
1.04970E+3,-3.84900E-5,-4.45535E-5,-3.80247E-5,-3.72443E-4,1.50741E-4,1.87968E-4,2.31168E-4,-2.20900E-4,-1.07243E-4,-2.07635E-4,3.08489E-4,-1.07969E-4,1.88724E-4,3.62295E-4,-2.92126E-4,-3.18911E-4,-2.85889E-4,-7.24493E-6,-4.99475E-5,-3.21523E-4,-1.17432E-4,-1.06767E-4,-9.18986E-4,-6.36320E-4,-8.39840E-4,-5.40000E-4,-1.28101E-3,-1.76677E-3,-1.79805E-3,-1.96598E-3,-2.53267E-3,-3.01915E-3,-2.28539E-3,-2.61310E-3,-3.64415E-3,-3.24224E-3,-3.54985E-3,-3.76824E-3,-3.21901E-3,-3.53663E-3,-3.41456E-3,-3.94815E-3,-3.56701E-3,-3.24744E-3,-3.44614E-3,-3.58759E-3,-4.29166E-3,-3.61651E-3,-3.91154E-3,-3.72375E-3,-3.85414E-3,-4.46465E-3,-3.60636E-3,-3.64693E-3,-3.95075E-3,-3.77211E-3,-3.78327E-3,-4.13411E-3,-4.09742E-3,-4.15736E-3,-4.02774E-3,-3.98763E-3,-3.88387E-3,-3.75075E-3,-4.47623E-3,-4.25667E-3,-4.15300E-3,-4.29836E-3,-3.97230E-3,-4.42772E-3,-4.09271E-3,-4.18092E-3,-3.94420E-3,-4.30899E-3,-4.49244E-3,-4.22320E-3,-4.94776E-3,-4.55078E-3,-4.81742E-3,-4.64052E-3,-5.03030E-3,-5.15646E-3,-4.68874E-3,-4.28989E-3,-4.92611E-3,-4.71770E-3,-4.51483E-3,-4.51250E-3,-4.70376E-3,-5.47192E-3,-4.86388E-3,-5.00723E-3,-5.22283E-3,-5.59443E-3,-5.31645E-3,-5.53692E-3,-5.18659E-3,-4.58749E-3,-4.92359E-3,-4.68541E-3,-5.31117E-3,-4.83461E-3,-5.06671E-3,-5.08970E-3,-4.68238E-3,-4.97759E-3,-4.79427E-3,-5.10322E-3,-4.77804E-3,-4.88510E-3,-5.18742E-3,-5.00325E-3,-5.02965E-3,-4.42439E-3,-4.74548E-3,-4.75726E-3,-4.91913E-3,-5.02499E-3,-4.79287E-3,-4.51447E-3,-4.40397E-3,-4.32784E-3,-4.27177E-3,-3.92898E-3,-3.97583E-3,-3.80504E-3,-4.13085E-3,-3.18750E-3,-3.69930E-3,-3.39315E-3,-3.80764E-3,-3.89533E-3,-3.59042E-3,-3.64171E-3,-3.21468E-3,-4.67377E-3,-3.26150E-3,-3.69214E-3,-2.70874E-3,-3.88103E-3,-3.42316E-3,-3.78561E-3,-3.71382E-3,-3.47912E-3,-3.89783E-3,-3.36198E-3,-3.19648E-3,-3.04560E-3,-3.70029E-3,-2.85273E-3,-3.42516E-3,-3.42411E-3,-3.53512E-3,-3.56285E-3,-3.41914E-3,-3.18201E-3,-2.99618E-3,-3.77428E-3,-3.50418E-3,-3.09280E-3,-3.23111E-3,-3.55014E-3,-3.45025E-3,-2.65595E-3,-3.10614E-3,-3.54485E-3,-3.58298E-3
1.05315E+3,-1.98361E-6,-6.47452E-5,-4.89233E-5,-3.54329E-4,2.18593E-4,2.08044E-4,2.23992E-4,-1.84128E-4,-8.41982E-5,-2.37543E-4,2.59011E-4,-1.30983E-4,2.04221E-4,2.31173E-4,-2.38202E-4,-3.39472E-4,-3.34599E-4,-7.70555E-5,-1.30692E-4,-4.04652E-4,-2.31824E-4,-1.92800E-4,-9.35034E-4,-6.65595E-4,-8.74702E-4,-5.47023E-4,-1.32088E-3,-1.86588E-3,-1.91073E-3,-2.11973E-3,-2.68182E-3,-3.13847E-3,-2.42021E-3,-2.85419E-3,-3.84650E-3,-3.53663E-3,-3.67921E-3,-3.99154E-3,-3.37757E-3,-3.63810E-3,-3.56050E-3,-4.16380E-3,-3.67970E-3,-3.52491E-3,-3.60847E-3,-3.79275E-3,-4.41603E-3,-3.80354E-3,-4.10632E-3,-3.99521E-3,-3.96785E-3,-4.64037E-3,-3.78045E-3,-3.91308E-3,-4.15953E-3,-3.96172E-3,-3.96032E-3,-4.27256E-3,-4.24121E-3,-4.33835E-3,-4.19436E-3,-4.09420E-3,-4.00889E-3,-3.88673E-3,-4.68846E-3,-4.31196E-3,-4.33959E-3,-4.44977E-3,-4.11197E-3,-4.59595E-3,-4.20298E-3,-4.30274E-3,-4.05404E-3,-4.48328E-3,-4.57623E-3,-4.26211E-3,-5.08137E-3,-4.81015E-3,-5.11626E-3,-4.87590E-3,-5.15847E-3,-5.27743E-3,-4.90197E-3,-4.37895E-3,-5.17519E-3,-4.87791E-3,-4.69874E-3,-4.69804E-3,-4.76050E-3,-5.61110E-3,-4.97635E-3,-5.16932E-3,-5.31188E-3,-5.76548E-3,-5.38526E-3,-5.61807E-3,-5.24667E-3,-4.69536E-3,-4.97820E-3,-4.78060E-3,-5.47291E-3,-5.01045E-3,-5.19290E-3,-5.16289E-3,-4.70072E-3,-5.16341E-3,-4.94065E-3,-5.21469E-3,-4.78258E-3,-5.01549E-3,-5.39560E-3,-5.07067E-3,-5.05071E-3,-4.47445E-3,-4.87221E-3,-4.85523E-3,-4.92886E-3,-5.10395E-3,-4.91226E-3,-4.62338E-3,-4.45454E-3,-4.39625E-3,-4.34096E-3,-3.98349E-3,-4.12620E-3,-3.95741E-3,-4.21948E-3,-3.25847E-3,-3.80463E-3,-3.36026E-3,-3.93925E-3,-3.97280E-3,-3.66682E-3,-3.74792E-3,-3.18523E-3,-4.72830E-3,-3.22946E-3,-3.78342E-3,-2.82143E-3,-3.91265E-3,-3.50704E-3,-3.87764E-3,-3.82727E-3,-3.50714E-3,-3.97125E-3,-3.40420E-3,-3.20597E-3,-3.10987E-3,-3.68382E-3,-2.88893E-3,-3.46288E-3,-3.57583E-3,-3.55623E-3,-3.56180E-3,-3.47793E-3,-3.28648E-3,-3.00143E-3,-3.78592E-3,-3.50048E-3,-3.13344E-3,-3.27034E-3,-3.53607E-3,-3.57279E-3,-2.71732E-3,-3.20359E-3,-3.56097E-3,-3.61539E-3
1.05660E+3,-2.66398E-5,-4.38934E-5,-7.65112E-5,-4.19614E-4,1.90423E-4,1.69186E-4,2.69863E-4,-1.83420E-4,-9.53178E-5,-2.23797E-4,3.44017E-4,-1.01221E-4,2.33473E-4,2.28088E-4,-2.64636E-4,-3.17073E-4,-2.83988E-4,-8.47948E-5,-1.46472E-4,-4.93318E-4,-1.95130E-4,-2.60183E-4,-9.54326E-4,-6.65650E-4,-9.26921E-4,-6.32320E-4,-1.36319E-3,-1.96883E-3,-2.06569E-3,-2.09982E-3,-2.82039E-3,-3.31349E-3,-2.51317E-3,-3.03319E-3,-3.95547E-3,-3.59033E-3,-3.98992E-3,-4.13580E-3,-3.58619E-3,-3.77957E-3,-3.78011E-3,-4.27432E-3,-3.92846E-3,-3.63295E-3,-3.85074E-3,-3.99203E-3,-4.50419E-3,-3.89802E-3,-4.28484E-3,-4.19064E-3,-4.12043E-3,-4.75124E-3,-3.89053E-3,-4.11362E-3,-4.31822E-3,-4.16305E-3,-4.20142E-3,-4.50085E-3,-4.52863E-3,-4.49207E-3,-4.31707E-3,-4.27598E-3,-4.21919E-3,-4.13777E-3,-4.73011E-3,-4.43069E-3,-4.46713E-3,-4.59592E-3,-4.27904E-3,-4.68841E-3,-4.38300E-3,-4.44158E-3,-4.06028E-3,-4.58711E-3,-4.78960E-3,-4.34338E-3,-5.26879E-3,-4.92579E-3,-5.17891E-3,-4.98222E-3,-5.35111E-3,-5.42567E-3,-5.00054E-3,-4.45636E-3,-5.31740E-3,-5.02095E-3,-4.78454E-3,-4.76058E-3,-4.95582E-3,-5.77200E-3,-5.04228E-3,-5.29752E-3,-5.48770E-3,-5.84902E-3,-5.52633E-3,-5.70487E-3,-5.34237E-3,-4.82199E-3,-5.08279E-3,-4.86354E-3,-5.55674E-3,-5.11896E-3,-5.24393E-3,-5.30107E-3,-4.81464E-3,-5.16157E-3,-5.07339E-3,-5.33799E-3,-4.86469E-3,-5.04943E-3,-5.49125E-3,-5.14640E-3,-5.11495E-3,-4.53984E-3,-4.93948E-3,-4.90100E-3,-5.09983E-3,-5.08921E-3,-5.00039E-3,-4.77580E-3,-4.55148E-3,-4.48886E-3,-4.39896E-3,-4.08502E-3,-4.13614E-3,-4.01356E-3,-4.21711E-3,-3.36052E-3,-3.89171E-3,-3.42983E-3,-3.95638E-3,-4.04686E-3,-3.72654E-3,-3.76758E-3,-3.24291E-3,-4.79558E-3,-3.34989E-3,-3.84024E-3,-2.92200E-3,-4.04823E-3,-3.51601E-3,-3.92194E-3,-3.84034E-3,-3.67233E-3,-4.02125E-3,-3.40716E-3,-3.33657E-3,-3.20778E-3,-3.79357E-3,-2.86443E-3,-3.51533E-3,-3.57835E-3,-3.67255E-3,-3.55273E-3,-3.53764E-3,-3.36706E-3,-3.06812E-3,-3.85289E-3,-3.50979E-3,-3.19434E-3,-3.34503E-3,-3.48022E-3,-3.53495E-3,-2.68756E-3,-3.22421E-3,-3.65743E-3,-3.61789E-3
1.06004E+3,-3.48595E-5,-3.32271E-5,-1.13010E-4,-4.26507E-4,2.08325E-4,1.51732E-4,2.80479E-4,-1.13847E-4,-1.06571E-4,-2.57446E-4,3.69500E-4,-1.01902E-4,2.42111E-4,2.02055E-4,-2.66832E-4,-3.93774E-4,-3.27738E-4,-1.45691E-4,-2.15527E-4,-6.05198E-4,-2.10032E-4,-3.80918E-4,-9.12024E-4,-6.92307E-4,-9.77448E-4,-7.09174E-4,-1.44435E-3,-2.01550E-3,-2.20542E-3,-2.31303E-3,-3.04660E-3,-3.43580E-3,-2.57555E-3,-3.14850E-3,-4.08626E-3,-3.83056E-3,-4.12295E-3,-4.29951E-3,-3.83003E-3,-3.94045E-3,-3.94290E-3,-4.44129E-3,-3.97086E-3,-3.82054E-3,-3.99629E-3,-4.18215E-3,-4.56053E-3,-4.11563E-3,-4.41664E-3,-4.39257E-3,-4.27024E-3,-4.84884E-3,-4.11170E-3,-4.32471E-3,-4.42650E-3,-4.31288E-3,-4.39950E-3,-4.64383E-3,-4.63631E-3,-4.67049E-3,-4.46292E-3,-4.43928E-3,-4.28996E-3,-4.28742E-3,-4.92275E-3,-4.59025E-3,-4.62624E-3,-4.82566E-3,-4.46613E-3,-4.86381E-3,-4.49055E-3,-4.51724E-3,-4.20337E-3,-4.82020E-3,-4.87153E-3,-4.52885E-3,-5.35148E-3,-4.97415E-3,-5.32075E-3,-5.15446E-3,-5.47694E-3,-5.50752E-3,-5.18562E-3,-4.60110E-3,-5.49010E-3,-5.12700E-3,-4.89628E-3,-4.85676E-3,-5.02452E-3,-5.85625E-3,-5.11681E-3,-5.48861E-3,-5.52795E-3,-5.97594E-3,-5.53250E-3,-5.80185E-3,-5.51083E-3,-4.92209E-3,-5.13407E-3,-4.98615E-3,-5.64176E-3,-5.22480E-3,-5.27163E-3,-5.31370E-3,-4.92425E-3,-5.22701E-3,-5.08863E-3,-5.40724E-3,-4.84886E-3,-5.07443E-3,-5.58331E-3,-5.25463E-3,-5.22468E-3,-4.64035E-3,-4.98865E-3,-4.99435E-3,-5.07976E-3,-5.06342E-3,-5.12000E-3,-4.85343E-3,-4.62452E-3,-4.51077E-3,-4.54622E-3,-4.20454E-3,-4.27436E-3,-4.20654E-3,-4.22114E-3,-3.41127E-3,-3.94394E-3,-3.49889E-3,-3.98548E-3,-4.13501E-3,-3.81925E-3,-3.87164E-3,-3.28953E-3,-4.92963E-3,-3.49859E-3,-3.95326E-3,-2.98074E-3,-4.16007E-3,-3.62696E-3,-3.87345E-3,-3.90072E-3,-3.74926E-3,-4.06618E-3,-3.50843E-3,-3.34494E-3,-3.29607E-3,-3.86360E-3,-2.89656E-3,-3.56729E-3,-3.60140E-3,-3.64953E-3,-3.56766E-3,-3.57232E-3,-3.44064E-3,-3.13883E-3,-3.96615E-3,-3.55392E-3,-3.22481E-3,-3.33355E-3,-3.45603E-3,-3.64661E-3,-2.68281E-3,-3.37658E-3,-3.70377E-3,-3.77024E-3
1.06349E+3,9.74481E-6,-5.90823E-5,-9.82137E-5,-3.82776E-4,1.96202E-4,1.07297E-4,3.32608E-4,-5.10312E-5,-1.59162E-4,-2.80518E-4,4.18537E-4,-1.67195E-5,2.00825E-4,7.12329E-5,-2.88944E-4,-3.86335E-4,-3.28921E-4,-1.72934E-4,-2.26374E-4,-6.56816E-4,-2.52037E-4,-4.41096E-4,-9.99753E-4,-7.30787E-4,-1.05470E-3,-7.59009E-4,-1.46758E-3,-2.10067E-3,-2.31570E-3,-2.32635E-3,-3.13374E-3,-3.55280E-3,-2.66030E-3,-3.28653E-3,-4.18568E-3,-3.94684E-3,-4.28619E-3,-4.43803E-3,-4.03115E-3,-4.04204E-3,-4.10376E-3,-4.58033E-3,-4.11947E-3,-4.00538E-3,-4.23395E-3,-4.31417E-3,-4.65570E-3,-4.27886E-3,-4.54318E-3,-4.50888E-3,-4.38831E-3,-5.03310E-3,-4.19222E-3,-4.49185E-3,-4.57284E-3,-4.44824E-3,-4.60690E-3,-4.78445E-3,-4.79131E-3,-4.75339E-3,-4.66481E-3,-4.58694E-3,-4.50010E-3,-4.37862E-3,-5.01299E-3,-4.72632E-3,-4.77314E-3,-4.89046E-3,-4.56888E-3,-5.00278E-3,-4.71772E-3,-4.62569E-3,-4.24594E-3,-5.00818E-3,-5.07585E-3,-4.63197E-3,-5.59244E-3,-5.12483E-3,-5.44607E-3,-5.29547E-3,-5.61430E-3,-5.59481E-3,-5.26999E-3,-4.72089E-3,-5.62457E-3,-5.22177E-3,-4.98719E-3,-5.02210E-3,-5.10403E-3,-5.99650E-3,-5.23033E-3,-5.57618E-3,-5.67280E-3,-6.06561E-3,-5.61845E-3,-5.82811E-3,-5.55070E-3,-4.99820E-3,-5.21007E-3,-5.03223E-3,-5.73759E-3,-5.33504E-3,-5.31762E-3,-5.35953E-3,-4.93924E-3,-5.27926E-3,-5.18067E-3,-5.45595E-3,-4.97593E-3,-5.13229E-3,-5.66143E-3,-5.22963E-3,-5.26741E-3,-4.73685E-3,-5.13815E-3,-5.11812E-3,-5.20469E-3,-5.08649E-3,-5.23482E-3,-4.92900E-3,-4.63955E-3,-4.62827E-3,-4.61162E-3,-4.22100E-3,-4.32281E-3,-4.24914E-3,-4.23048E-3,-3.47507E-3,-4.05208E-3,-3.50789E-3,-4.06671E-3,-4.20393E-3,-3.93226E-3,-3.95611E-3,-3.36380E-3,-4.90718E-3,-3.50588E-3,-3.98855E-3,-3.07077E-3,-4.13025E-3,-3.69610E-3,-3.91646E-3,-3.99314E-3,-3.76622E-3,-4.08372E-3,-3.48467E-3,-3.39415E-3,-3.37162E-3,-3.86927E-3,-2.93964E-3,-3.64210E-3,-3.66768E-3,-3.73836E-3,-3.50344E-3,-3.53234E-3,-3.46434E-3,-3.21868E-3,-3.96211E-3,-3.57447E-3,-3.31355E-3,-3.32962E-3,-3.50017E-3,-3.71107E-3,-2.67405E-3,-3.34800E-3,-3.76785E-3,-3.75877E-3
1.06694E+3,-5.53456E-6,-5.42940E-5,-1.19642E-4,-3.52368E-4,2.04822E-4,1.05836E-4,3.52354E-4,-1.02478E-4,-1.10917E-4,-3.22680E-4,3.59171E-4,-2.56865E-5,2.49130E-4,7.48654E-5,-2.52578E-4,-4.12582E-4,-2.94469E-4,-2.51952E-4,-3.51815E-4,-6.85562E-4,-3.56675E-4,-5.13673E-4,-1.06525E-3,-8.34396E-4,-1.06055E-3,-8.77687E-4,-1.55485E-3,-2.10087E-3,-2.46589E-3,-2.43898E-3,-3.30415E-3,-3.76608E-3,-2.73963E-3,-3.43405E-3,-4.38057E-3,-4.15990E-3,-4.49224E-3,-4.58695E-3,-4.14674E-3,-4.22252E-3,-4.22291E-3,-4.64295E-3,-4.25340E-3,-4.12664E-3,-4.38182E-3,-4.48965E-3,-4.81630E-3,-4.42403E-3,-4.62665E-3,-4.74685E-3,-4.61591E-3,-5.15938E-3,-4.39362E-3,-4.70791E-3,-4.74726E-3,-4.65595E-3,-4.75305E-3,-4.93954E-3,-5.11078E-3,-4.97879E-3,-4.76278E-3,-4.74864E-3,-4.61812E-3,-4.56380E-3,-5.12586E-3,-4.77365E-3,-4.92813E-3,-4.96912E-3,-4.71284E-3,-5.11980E-3,-4.85334E-3,-4.71920E-3,-4.38266E-3,-5.15198E-3,-5.15893E-3,-4.71340E-3,-5.62979E-3,-5.19149E-3,-5.55310E-3,-5.43898E-3,-5.74718E-3,-5.74862E-3,-5.40739E-3,-4.80960E-3,-5.76757E-3,-5.30219E-3,-5.06824E-3,-5.15203E-3,-5.20195E-3,-6.08815E-3,-5.24529E-3,-5.76545E-3,-5.80964E-3,-6.21499E-3,-5.71169E-3,-6.00763E-3,-5.64252E-3,-5.09996E-3,-5.35397E-3,-5.14858E-3,-5.84813E-3,-5.50287E-3,-5.42555E-3,-5.50956E-3,-5.05801E-3,-5.38729E-3,-5.26407E-3,-5.61981E-3,-5.03790E-3,-5.14439E-3,-5.73482E-3,-5.36202E-3,-5.37040E-3,-4.75909E-3,-5.24874E-3,-5.15460E-3,-5.28125E-3,-5.10543E-3,-5.25286E-3,-5.05043E-3,-4.77182E-3,-4.65630E-3,-4.74959E-3,-4.34382E-3,-4.48915E-3,-4.38472E-3,-4.27630E-3,-3.62055E-3,-4.20715E-3,-3.55514E-3,-4.15143E-3,-4.31459E-3,-3.96624E-3,-4.09287E-3,-3.50941E-3,-4.96646E-3,-3.63375E-3,-4.09509E-3,-3.22424E-3,-4.25055E-3,-3.73443E-3,-3.95958E-3,-4.05544E-3,-3.83803E-3,-4.09668E-3,-3.55260E-3,-3.46571E-3,-3.46660E-3,-3.85427E-3,-2.96957E-3,-3.69000E-3,-3.73573E-3,-3.77521E-3,-3.63559E-3,-3.64951E-3,-3.59600E-3,-3.28230E-3,-3.97035E-3,-3.58686E-3,-3.45022E-3,-3.33712E-3,-3.53627E-3,-3.82566E-3,-2.72567E-3,-3.47681E-3,-3.90019E-3,-3.89146E-3
1.07039E+3,-2.94381E-5,-1.00547E-4,-1.54220E-4,-3.24570E-4,1.79015E-4,8.46393E-5,3.77501E-4,-8.33878E-5,-1.56731E-4,-3.26320E-4,3.84546E-4,7.97065E-6,2.49073E-4,5.03364E-5,-1.57867E-4,-3.91908E-4,-3.12326E-4,-2.60760E-4,-3.99449E-4,-6.37406E-4,-3.85740E-4,-6.26305E-4,-1.04928E-3,-9.40412E-4,-1.12170E-3,-9.96929E-4,-1.63440E-3,-2.17012E-3,-2.62648E-3,-2.47891E-3,-3.41296E-3,-3.92270E-3,-2.87872E-3,-3.56992E-3,-4.43810E-3,-4.28295E-3,-4.65213E-3,-4.73863E-3,-4.32246E-3,-4.30897E-3,-4.38842E-3,-4.78318E-3,-4.31880E-3,-4.43910E-3,-4.63141E-3,-4.67941E-3,-4.87563E-3,-4.54971E-3,-4.77549E-3,-4.91411E-3,-4.74632E-3,-5.22642E-3,-4.58895E-3,-4.88423E-3,-4.78486E-3,-4.79007E-3,-4.92471E-3,-5.03511E-3,-5.19217E-3,-5.14287E-3,-4.85683E-3,-4.88460E-3,-4.74983E-3,-4.73281E-3,-5.26417E-3,-4.90523E-3,-5.05366E-3,-5.03860E-3,-4.78499E-3,-5.21381E-3,-4.94177E-3,-4.79623E-3,-4.50260E-3,-5.25204E-3,-5.29873E-3,-4.84421E-3,-5.79929E-3,-5.33918E-3,-5.72995E-3,-5.56767E-3,-5.84761E-3,-5.86390E-3,-5.56862E-3,-4.85938E-3,-5.98895E-3,-5.38023E-3,-5.18281E-3,-5.25060E-3,-5.34738E-3,-6.18707E-3,-5.25727E-3,-5.75526E-3,-5.89065E-3,-6.30669E-3,-5.78345E-3,-6.04775E-3,-5.78221E-3,-5.25300E-3,-5.40447E-3,-5.27524E-3,-5.93430E-3,-5.63889E-3,-5.58856E-3,-5.59549E-3,-5.13100E-3,-5.49497E-3,-5.32889E-3,-5.69290E-3,-5.09562E-3,-5.22920E-3,-5.90521E-3,-5.46165E-3,-5.44214E-3,-4.88304E-3,-5.32191E-3,-5.29980E-3,-5.39503E-3,-5.15179E-3,-5.37528E-3,-5.13010E-3,-4.83439E-3,-4.75908E-3,-4.88694E-3,-4.35185E-3,-4.49527E-3,-4.42581E-3,-4.27865E-3,-3.68017E-3,-4.27404E-3,-3.65290E-3,-4.23980E-3,-4.38250E-3,-4.05077E-3,-4.18756E-3,-3.60207E-3,-5.00350E-3,-3.74850E-3,-4.16859E-3,-3.45682E-3,-4.30324E-3,-3.83120E-3,-4.01101E-3,-4.18794E-3,-3.91573E-3,-4.16250E-3,-3.60640E-3,-3.51227E-3,-3.54309E-3,-3.99497E-3,-3.06557E-3,-3.76828E-3,-3.72672E-3,-3.79232E-3,-3.62497E-3,-3.69863E-3,-3.64149E-3,-3.43481E-3,-4.00990E-3,-3.61860E-3,-3.46480E-3,-3.36881E-3,-3.56276E-3,-3.87964E-3,-2.76264E-3,-3.56072E-3,-4.01391E-3,-3.86443E-3
1.07384E+3,-5.43912E-6,-3.14108E-5,-1.70283E-4,-2.83498E-4,8.62043E-5,4.34256E-5,3.68552E-4,-4.68858E-5,-1.98012E-4,-2.67980E-4,4.16546E-4,2.73301E-5,2.68479E-4,1.77345E-5,-2.24764E-4,-4.51464E-4,-3.28983E-4,-3.44745E-4,-4.04038E-4,-7.41466E-4,-4.78483E-4,-6.69713E-4,-1.11187E-3,-1.05995E-3,-1.18422E-3,-1.03936E-3,-1.71503E-3,-2.30825E-3,-2.70385E-3,-2.62470E-3,-3.50701E-3,-4.03573E-3,-2.94046E-3,-3.68092E-3,-4.56893E-3,-4.36321E-3,-4.76648E-3,-4.88123E-3,-4.47570E-3,-4.45309E-3,-4.53344E-3,-4.94412E-3,-4.42951E-3,-4.59393E-3,-4.84990E-3,-4.74257E-3,-5.00971E-3,-4.72370E-3,-4.89438E-3,-5.08744E-3,-4.97068E-3,-5.32682E-3,-4.67064E-3,-5.03479E-3,-4.90114E-3,-4.95443E-3,-5.05025E-3,-5.22947E-3,-5.32316E-3,-5.27526E-3,-4.90988E-3,-5.04981E-3,-4.87591E-3,-4.87454E-3,-5.37036E-3,-5.07104E-3,-5.15868E-3,-5.16632E-3,-4.95388E-3,-5.38731E-3,-5.11953E-3,-4.88991E-3,-4.63663E-3,-5.38920E-3,-5.40033E-3,-4.98544E-3,-5.92960E-3,-5.39234E-3,-5.79617E-3,-5.74042E-3,-5.98846E-3,-6.03784E-3,-5.67588E-3,-5.02214E-3,-6.05982E-3,-5.59051E-3,-5.33651E-3,-5.39046E-3,-5.47873E-3,-6.31737E-3,-5.36134E-3,-5.95611E-3,-6.00890E-3,-6.47607E-3,-5.91662E-3,-6.21483E-3,-5.92444E-3,-5.29545E-3,-5.52384E-3,-5.38710E-3,-6.06685E-3,-5.75860E-3,-5.68364E-3,-5.64237E-3,-5.30597E-3,-5.59916E-3,-5.37111E-3,-5.80747E-3,-5.19348E-3,-5.29759E-3,-5.94817E-3,-5.57156E-3,-5.54967E-3,-4.98036E-3,-5.41933E-3,-5.33791E-3,-5.47934E-3,-5.21313E-3,-5.47914E-3,-5.25258E-3,-4.97095E-3,-4.82813E-3,-5.03623E-3,-4.50814E-3,-4.57785E-3,-4.55610E-3,-4.30384E-3,-3.73554E-3,-4.43888E-3,-3.78329E-3,-4.32249E-3,-4.52176E-3,-4.11955E-3,-4.34390E-3,-3.73963E-3,-5.12481E-3,-3.82122E-3,-4.30420E-3,-3.62525E-3,-4.41378E-3,-3.91933E-3,-4.06974E-3,-4.27641E-3,-4.03463E-3,-4.20666E-3,-3.70791E-3,-3.65991E-3,-3.65030E-3,-4.05461E-3,-3.16349E-3,-3.91120E-3,-3.89558E-3,-3.85134E-3,-3.66533E-3,-3.79007E-3,-3.76685E-3,-3.47338E-3,-4.03477E-3,-3.68796E-3,-3.62290E-3,-3.47107E-3,-3.65782E-3,-4.05744E-3,-2.90406E-3,-3.68966E-3,-4.17349E-3,-4.01128E-3
1.07729E+3,-8.07072E-6,-1.56560E-5,-1.99081E-4,-2.69096E-4,1.17658E-4,-1.35187E-5,3.88762E-4,-9.94975E-6,-2.41217E-4,-3.13965E-4,4.00872E-4,1.80776E-5,3.16963E-4,-4.93386E-5,-1.22439E-4,-4.52700E-4,-2.77594E-4,-3.73888E-4,-4.55209E-4,-7.99149E-4,-4.97648E-4,-7.26655E-4,-1.13946E-3,-9.87678E-4,-1.13263E-3,-1.09219E-3,-1.73001E-3,-2.32373E-3,-2.73308E-3,-2.73205E-3,-3.62838E-3,-4.17042E-3,-3.05897E-3,-3.82116E-3,-4.70490E-3,-4.48791E-3,-4.95353E-3,-5.00414E-3,-4.67055E-3,-4.62412E-3,-4.64433E-3,-5.05063E-3,-4.57366E-3,-4.67187E-3,-5.01572E-3,-4.93897E-3,-5.15934E-3,-4.83229E-3,-4.99946E-3,-5.24079E-3,-5.13685E-3,-5.40267E-3,-4.89843E-3,-5.21140E-3,-5.06812E-3,-5.05131E-3,-5.23964E-3,-5.39633E-3,-5.49780E-3,-5.35585E-3,-4.99272E-3,-5.15935E-3,-5.01096E-3,-4.99643E-3,-5.52944E-3,-5.17708E-3,-5.25963E-3,-5.28540E-3,-5.10788E-3,-5.52059E-3,-5.25764E-3,-4.97110E-3,-4.74240E-3,-5.47644E-3,-5.50708E-3,-5.07528E-3,-6.00581E-3,-5.52585E-3,-5.90054E-3,-5.85618E-3,-6.08748E-3,-6.15429E-3,-5.83037E-3,-5.13689E-3,-6.24509E-3,-5.68926E-3,-5.40935E-3,-5.50807E-3,-5.62209E-3,-6.48600E-3,-5.49306E-3,-6.05213E-3,-6.13104E-3,-6.55687E-3,-5.98981E-3,-6.29267E-3,-5.99223E-3,-5.37826E-3,-5.63186E-3,-5.50905E-3,-6.12655E-3,-5.85688E-3,-5.70748E-3,-5.80598E-3,-5.45153E-3,-5.68002E-3,-5.48963E-3,-5.86734E-3,-5.23456E-3,-5.34761E-3,-6.04661E-3,-5.67834E-3,-5.64065E-3,-5.06672E-3,-5.49020E-3,-5.45689E-3,-5.54310E-3,-5.17045E-3,-5.51961E-3,-5.33533E-3,-5.03039E-3,-4.94332E-3,-5.18438E-3,-4.61790E-3,-4.67691E-3,-4.60956E-3,-4.39080E-3,-3.86417E-3,-4.55052E-3,-3.75144E-3,-4.44383E-3,-4.67014E-3,-4.16292E-3,-4.45924E-3,-3.79112E-3,-5.10936E-3,-3.93821E-3,-4.37467E-3,-3.83025E-3,-4.41277E-3,-3.96541E-3,-4.03112E-3,-4.36387E-3,-4.09467E-3,-4.28078E-3,-3.77308E-3,-3.69934E-3,-3.69580E-3,-4.04935E-3,-3.26749E-3,-3.95104E-3,-3.95771E-3,-3.91258E-3,-3.69386E-3,-3.81293E-3,-3.86330E-3,-3.58787E-3,-4.10072E-3,-3.67353E-3,-3.66984E-3,-3.54398E-3,-3.72671E-3,-4.03677E-3,-2.97795E-3,-3.70205E-3,-4.26841E-3,-3.97778E-3
1.08074E+3,-2.41216E-5,1.61379E-5,-2.05839E-4,-2.66853E-4,8.97272E-5,-1.30605E-5,3.35592E-4,3.18754E-5,-2.90481E-4,-3.23521E-4,4.04121E-4,6.09367E-5,3.09102E-4,-1.43544E-5,-1.09261E-4,-4.43969E-4,-2.97647E-4,-3.66395E-4,-5.42501E-4,-7.90960E-4,-5.76015E-4,-7.96079E-4,-1.17439E-3,-1.08830E-3,-1.23315E-3,-1.22729E-3,-1.86774E-3,-2.36624E-3,-2.97069E-3,-2.83685E-3,-3.73332E-3,-4.27276E-3,-3.20604E-3,-4.01198E-3,-4.89014E-3,-4.65962E-3,-5.15290E-3,-5.08161E-3,-4.87571E-3,-4.78684E-3,-4.83237E-3,-5.17023E-3,-4.69416E-3,-4.86227E-3,-5.23851E-3,-5.05686E-3,-5.32154E-3,-4.97625E-3,-5.09984E-3,-5.46134E-3,-5.33321E-3,-5.49420E-3,-5.08804E-3,-5.41952E-3,-5.18843E-3,-5.21050E-3,-5.38208E-3,-5.55379E-3,-5.62118E-3,-5.52629E-3,-5.15799E-3,-5.30275E-3,-5.18391E-3,-5.14196E-3,-5.64067E-3,-5.34453E-3,-5.40903E-3,-5.39396E-3,-5.24884E-3,-5.64858E-3,-5.38658E-3,-4.98470E-3,-4.94194E-3,-5.62871E-3,-5.68107E-3,-5.22563E-3,-6.10005E-3,-5.64201E-3,-6.03358E-3,-6.03049E-3,-6.22853E-3,-6.27749E-3,-5.96026E-3,-5.18992E-3,-6.40755E-3,-5.79682E-3,-5.50715E-3,-5.62785E-3,-5.73579E-3,-6.59277E-3,-5.54604E-3,-6.20376E-3,-6.20372E-3,-6.61816E-3,-6.12536E-3,-6.34185E-3,-6.13693E-3,-5.55754E-3,-5.76657E-3,-5.60131E-3,-6.15824E-3,-6.05902E-3,-5.88254E-3,-5.85485E-3,-5.56914E-3,-5.84101E-3,-5.57582E-3,-5.96180E-3,-5.37461E-3,-5.45526E-3,-6.15927E-3,-5.86767E-3,-5.75545E-3,-5.16520E-3,-5.64979E-3,-5.52256E-3,-5.68845E-3,-5.25436E-3,-5.60359E-3,-5.43487E-3,-5.15765E-3,-5.01870E-3,-5.36420E-3,-4.67976E-3,-4.80904E-3,-4.75802E-3,-4.43527E-3,-3.94931E-3,-4.66312E-3,-3.92027E-3,-4.55563E-3,-4.80870E-3,-4.25728E-3,-4.61506E-3,-4.02082E-3,-5.21129E-3,-4.07836E-3,-4.50357E-3,-4.01098E-3,-4.53408E-3,-4.07955E-3,-4.22603E-3,-4.49031E-3,-4.19884E-3,-4.33114E-3,-3.89592E-3,-3.86200E-3,-3.77838E-3,-4.13884E-3,-3.37414E-3,-4.10600E-3,-4.06803E-3,-3.97556E-3,-3.73633E-3,-3.94796E-3,-3.92658E-3,-3.66358E-3,-4.16365E-3,-3.71228E-3,-3.82439E-3,-3.63302E-3,-3.83377E-3,-4.20184E-3,-3.13842E-3,-3.88905E-3,-4.40937E-3,-4.19475E-3
1.08419E+3,-3.48535E-5,-4.95879E-6,-2.06313E-4,-2.46899E-4,3.07546E-5,-3.85994E-6,3.49056E-4,7.30898E-5,-2.43013E-4,-3.67843E-4,4.46724E-4,7.22291E-5,3.16108E-4,-8.54444E-5,-9.47769E-5,-4.59996E-4,-2.77067E-4,-3.75079E-4,-5.53740E-4,-7.63205E-4,-5.91346E-4,-8.35474E-4,-1.20179E-3,-1.17044E-3,-1.26391E-3,-1.30297E-3,-1.87658E-3,-2.45775E-3,-3.03166E-3,-2.98425E-3,-3.84698E-3,-4.39686E-3,-3.35222E-3,-4.12047E-3,-4.99001E-3,-4.73932E-3,-5.28316E-3,-5.22429E-3,-5.04239E-3,-4.89368E-3,-4.92928E-3,-5.34538E-3,-4.76762E-3,-5.04508E-3,-5.46363E-3,-5.19707E-3,-5.45053E-3,-5.08329E-3,-5.20676E-3,-5.66965E-3,-5.57304E-3,-5.62070E-3,-5.31268E-3,-5.52823E-3,-5.36566E-3,-5.35184E-3,-5.52656E-3,-5.69673E-3,-5.74839E-3,-5.69350E-3,-5.31717E-3,-5.34522E-3,-5.32368E-3,-5.29582E-3,-5.69793E-3,-5.48009E-3,-5.54095E-3,-5.49414E-3,-5.41441E-3,-5.78952E-3,-5.52623E-3,-5.08408E-3,-5.00895E-3,-5.72415E-3,-5.81544E-3,-5.35085E-3,-6.21618E-3,-5.66009E-3,-6.11262E-3,-6.13218E-3,-6.30916E-3,-6.42291E-3,-6.04063E-3,-5.30132E-3,-6.49672E-3,-5.88250E-3,-5.65460E-3,-5.73103E-3,-5.86996E-3,-6.67862E-3,-5.63792E-3,-6.29322E-3,-6.27904E-3,-6.74856E-3,-6.16639E-3,-6.46745E-3,-6.21253E-3,-5.61616E-3,-5.84976E-3,-5.80795E-3,-6.18819E-3,-6.14365E-3,-5.99459E-3,-6.00919E-3,-5.69077E-3,-5.82703E-3,-5.65310E-3,-6.02894E-3,-5.32683E-3,-5.49781E-3,-6.23967E-3,-5.95366E-3,-5.82325E-3,-5.16593E-3,-5.79856E-3,-5.61249E-3,-5.75526E-3,-5.33711E-3,-5.67430E-3,-5.52919E-3,-5.26500E-3,-5.09931E-3,-5.52322E-3,-4.80797E-3,-4.89539E-3,-4.82353E-3,-4.46755E-3,-4.04325E-3,-4.75650E-3,-4.05579E-3,-4.60088E-3,-4.94904E-3,-4.31748E-3,-4.66382E-3,-4.08960E-3,-5.21691E-3,-4.24328E-3,-4.61417E-3,-4.17838E-3,-4.58930E-3,-4.20517E-3,-4.21662E-3,-4.55469E-3,-4.22316E-3,-4.40148E-3,-3.93764E-3,-3.93794E-3,-3.86572E-3,-4.13175E-3,-3.51747E-3,-4.14643E-3,-4.10694E-3,-3.99756E-3,-3.82959E-3,-3.91652E-3,-4.02099E-3,-3.83094E-3,-4.19313E-3,-3.81335E-3,-3.89544E-3,-3.67485E-3,-3.81185E-3,-4.25684E-3,-3.15875E-3,-4.00695E-3,-4.49450E-3,-4.20162E-3
1.08764E+3,-4.11711E-5,4.23337E-5,-1.69363E-4,-1.92348E-4,4.30888E-5,-1.81680E-5,2.60109E-4,1.43585E-4,-2.87968E-4,-3.45310E-4,4.23076E-4,7.62813E-5,2.82764E-4,-1.51880E-4,-6.50289E-5,-4.51114E-4,-2.33308E-4,-4.12033E-4,-5.70588E-4,-8.74742E-4,-6.94033E-4,-9.10203E-4,-1.26176E-3,-1.30100E-3,-1.38857E-3,-1.41289E-3,-1.98720E-3,-2.56013E-3,-3.16711E-3,-3.11694E-3,-4.04457E-3,-4.62854E-3,-3.61661E-3,-4.31081E-3,-5.18093E-3,-5.00981E-3,-5.60626E-3,-5.45816E-3,-5.25044E-3,-5.16535E-3,-5.14760E-3,-5.62493E-3,-5.05180E-3,-5.28688E-3,-5.74241E-3,-5.39842E-3,-5.77455E-3,-5.32078E-3,-5.43100E-3,-5.86961E-3,-5.80695E-3,-5.80897E-3,-5.53409E-3,-5.82928E-3,-5.56935E-3,-5.61639E-3,-5.75787E-3,-5.97613E-3,-5.98644E-3,-5.89172E-3,-5.45509E-3,-5.62461E-3,-5.54989E-3,-5.48279E-3,-5.89914E-3,-5.75984E-3,-5.78835E-3,-5.69933E-3,-5.61694E-3,-6.01496E-3,-5.78996E-3,-5.34393E-3,-5.25684E-3,-5.97217E-3,-6.00772E-3,-5.60246E-3,-6.40711E-3,-5.83932E-3,-6.36708E-3,-6.42232E-3,-6.54743E-3,-6.68221E-3,-6.27736E-3,-5.50150E-3,-6.74622E-3,-6.11423E-3,-5.82106E-3,-5.94857E-3,-6.00148E-3,-6.91604E-3,-5.86850E-3,-6.49760E-3,-6.53533E-3,-7.00436E-3,-6.37827E-3,-6.70447E-3,-6.47329E-3,-5.81549E-3,-6.04861E-3,-6.02999E-3,-6.40281E-3,-6.39994E-3,-6.25461E-3,-6.16946E-3,-5.96724E-3,-6.13266E-3,-5.80071E-3,-6.26814E-3,-5.57508E-3,-5.65567E-3,-6.43278E-3,-6.17174E-3,-6.00121E-3,-5.33888E-3,-6.04386E-3,-5.77796E-3,-6.01030E-3,-5.52378E-3,-5.85351E-3,-5.71702E-3,-5.50195E-3,-5.34074E-3,-5.80135E-3,-4.98329E-3,-5.07384E-3,-5.05608E-3,-4.67213E-3,-4.16635E-3,-4.93593E-3,-4.29137E-3,-4.79872E-3,-5.19398E-3,-4.45147E-3,-4.89605E-3,-4.35366E-3,-5.32472E-3,-4.49781E-3,-4.77853E-3,-4.49619E-3,-4.73866E-3,-4.37177E-3,-4.39512E-3,-4.70778E-3,-4.43563E-3,-4.52105E-3,-4.12446E-3,-4.15195E-3,-4.03126E-3,-4.33431E-3,-3.70916E-3,-4.31353E-3,-4.25990E-3,-4.15324E-3,-3.94318E-3,-4.06299E-3,-4.11035E-3,-3.94921E-3,-4.35249E-3,-3.91912E-3,-4.05651E-3,-3.85594E-3,-4.00371E-3,-4.50027E-3,-3.40380E-3,-4.14219E-3,-4.67397E-3,-4.36245E-3
1.09110E+3,-3.55897E-5,3.32691E-5,-1.49571E-4,-1.56579E-4,3.88413E-5,-4.05893E-5,2.17077E-4,1.42266E-4,-2.46918E-4,-3.16060E-4,4.28017E-4,6.02353E-5,2.53397E-4,-1.61427E-4,-6.63684E-5,-3.52824E-4,-2.36279E-4,-4.21989E-4,-5.99589E-4,-6.97863E-4,-6.34945E-4,-8.36577E-4,-1.12180E-3,-1.19076E-3,-1.19197E-3,-1.30672E-3,-1.81973E-3,-2.21265E-3,-2.80043E-3,-2.76244E-3,-3.61094E-3,-4.08578E-3,-3.27056E-3,-3.85000E-3,-4.61806E-3,-4.48135E-3,-4.91270E-3,-4.86136E-3,-4.70404E-3,-4.52383E-3,-4.51420E-3,-4.99430E-3,-4.45788E-3,-4.65548E-3,-5.04268E-3,-4.77558E-3,-5.06554E-3,-4.70401E-3,-4.72934E-3,-5.21882E-3,-5.15573E-3,-5.07846E-3,-4.95071E-3,-5.09991E-3,-4.90535E-3,-4.93442E-3,-5.01344E-3,-5.23962E-3,-5.29699E-3,-5.12957E-3,-4.77707E-3,-5.00694E-3,-4.91653E-3,-4.79250E-3,-5.20897E-3,-5.12268E-3,-5.01373E-3,-4.99631E-3,-4.93443E-3,-5.22782E-3,-5.05693E-3,-4.70392E-3,-4.63914E-3,-5.26133E-3,-5.34541E-3,-4.96194E-3,-5.58778E-3,-5.09634E-3,-5.57537E-3,-5.65991E-3,-5.78296E-3,-5.88739E-3,-5.55970E-3,-4.83646E-3,-5.99218E-3,-5.38739E-3,-5.18055E-3,-5.27688E-3,-5.40299E-3,-6.06328E-3,-5.16799E-3,-5.71347E-3,-5.74043E-3,-6.18142E-3,-5.57670E-3,-5.91397E-3,-5.77248E-3,-5.19286E-3,-5.36495E-3,-5.32252E-3,-5.70953E-3,-5.69423E-3,-5.52778E-3,-5.50598E-3,-5.30476E-3,-5.37867E-3,-5.21195E-3,-5.49653E-3,-4.88357E-3,-5.00373E-3,-5.67275E-3,-5.45631E-3,-5.35309E-3,-4.71421E-3,-5.45095E-3,-5.11511E-3,-5.38249E-3,-4.83969E-3,-5.17954E-3,-5.05414E-3,-4.90940E-3,-4.73064E-3,-5.17241E-3,-4.37673E-3,-4.50071E-3,-4.48242E-3,-4.02591E-3,-3.71350E-3,-4.30810E-3,-3.81277E-3,-4.27606E-3,-4.57881E-3,-3.88861E-3,-4.29574E-3,-3.92233E-3,-4.59600E-3,-3.98550E-3,-4.21522E-3,-4.14894E-3,-4.15659E-3,-3.83139E-3,-3.85673E-3,-4.18069E-3,-3.96100E-3,-4.00664E-3,-3.65787E-3,-3.76729E-3,-3.58412E-3,-3.78597E-3,-3.35888E-3,-3.87553E-3,-3.83853E-3,-3.58749E-3,-3.51665E-3,-3.61172E-3,-3.69966E-3,-3.59433E-3,-3.80965E-3,-3.50695E-3,-3.68075E-3,-3.42731E-3,-3.56959E-3,-3.97024E-3,-3.13819E-3,-3.73136E-3,-4.22617E-3,-3.87166E-3
1.09455E+3,8.73465E-6,7.29446E-6,-1.75961E-4,-1.66357E-4,1.73080E-5,-7.22457E-5,2.25012E-4,2.17941E-4,-3.31470E-4,-3.25235E-4,4.18923E-4,1.00222E-4,2.84055E-4,-1.84551E-4,-2.36694E-5,-4.32986E-4,-2.63114E-4,-4.33350E-4,-6.84277E-4,-7.86740E-4,-6.89268E-4,-9.56569E-4,-1.33674E-3,-1.47951E-3,-1.43727E-3,-1.63187E-3,-2.19872E-3,-2.68253E-3,-3.37494E-3,-3.36415E-3,-4.32557E-3,-4.87638E-3,-3.96710E-3,-4.60660E-3,-5.54672E-3,-5.34981E-3,-5.94328E-3,-5.80732E-3,-5.56648E-3,-5.51150E-3,-5.44114E-3,-5.92987E-3,-5.35825E-3,-5.62692E-3,-6.07979E-3,-5.73793E-3,-6.12707E-3,-5.58985E-3,-5.68339E-3,-6.30841E-3,-6.23952E-3,-6.05599E-3,-5.95104E-3,-6.15411E-3,-5.86551E-3,-5.81388E-3,-5.97920E-3,-6.26866E-3,-6.21831E-3,-6.13814E-3,-5.72440E-3,-5.91102E-3,-5.89262E-3,-5.72258E-3,-6.19496E-3,-6.14496E-3,-5.99024E-3,-5.91740E-3,-5.83460E-3,-6.25069E-3,-6.03766E-3,-5.62055E-3,-5.56911E-3,-6.23080E-3,-6.33384E-3,-5.84720E-3,-6.63328E-3,-6.11581E-3,-6.64078E-3,-6.72168E-3,-6.81561E-3,-7.00166E-3,-6.55241E-3,-5.72387E-3,-7.07818E-3,-6.33981E-3,-6.16436E-3,-6.24494E-3,-6.29534E-3,-7.18760E-3,-6.06809E-3,-6.77494E-3,-6.79478E-3,-7.28113E-3,-6.58764E-3,-6.94332E-3,-6.71345E-3,-6.06019E-3,-6.34523E-3,-6.32478E-3,-6.61552E-3,-6.75248E-3,-6.51324E-3,-6.42394E-3,-6.27029E-3,-6.32654E-3,-6.11482E-3,-6.50863E-3,-5.81283E-3,-5.88822E-3,-6.70666E-3,-6.49068E-3,-6.33803E-3,-5.52495E-3,-6.30886E-3,-6.03650E-3,-6.31817E-3,-5.79186E-3,-6.19305E-3,-5.99286E-3,-5.76119E-3,-5.57447E-3,-6.16020E-3,-5.16300E-3,-5.35473E-3,-5.35757E-3,-4.80948E-3,-4.34953E-3,-5.16881E-3,-4.63757E-3,-5.10755E-3,-5.53291E-3,-4.62637E-3,-5.13151E-3,-4.73926E-3,-5.47974E-3,-4.79086E-3,-5.04970E-3,-4.91915E-3,-4.96149E-3,-4.54805E-3,-4.60233E-3,-4.90284E-3,-4.68815E-3,-4.72209E-3,-4.38327E-3,-4.47386E-3,-4.14419E-3,-4.43329E-3,-3.97604E-3,-4.58091E-3,-4.58488E-3,-4.29116E-3,-4.20373E-3,-4.22451E-3,-4.26093E-3,-4.23763E-3,-4.47831E-3,-4.08222E-3,-4.36264E-3,-4.10130E-3,-4.16273E-3,-4.73267E-3,-3.68766E-3,-4.29583E-3,-4.93686E-3,-4.58221E-3
1.09801E+3,-1.16716E-5,-1.54656E-5,-1.60102E-4,-1.39270E-4,-5.73332E-6,-9.07068E-5,2.05270E-4,2.48721E-4,-2.84148E-4,-3.09504E-4,4.15879E-4,4.81633E-5,2.92155E-4,-1.76951E-4,-1.66374E-5,-4.93092E-4,-1.81701E-4,-4.35137E-4,-6.62211E-4,-7.53625E-4,-7.34956E-4,-9.83625E-4,-1.35045E-3,-1.52135E-3,-1.47968E-3,-1.65579E-3,-2.16157E-3,-2.68933E-3,-3.38758E-3,-3.34913E-3,-4.31259E-3,-4.86747E-3,-4.01408E-3,-4.63772E-3,-5.56196E-3,-5.29348E-3,-5.86223E-3,-5.71739E-3,-5.54509E-3,-5.51634E-3,-5.40559E-3,-5.95503E-3,-5.35654E-3,-5.56575E-3,-6.04456E-3,-5.70899E-3,-6.09585E-3,-5.59260E-3,-5.65950E-3,-6.23877E-3,-6.24479E-3,-5.97537E-3,-5.95607E-3,-6.08823E-3,-5.86155E-3,-5.79366E-3,-5.89309E-3,-6.21611E-3,-6.16508E-3,-6.12067E-3,-5.65057E-3,-5.83898E-3,-5.85909E-3,-5.64156E-3,-6.08455E-3,-6.12540E-3,-5.93283E-3,-5.85540E-3,-5.78199E-3,-6.18223E-3,-5.99961E-3,-5.59516E-3,-5.58968E-3,-6.18784E-3,-6.27706E-3,-5.86268E-3,-6.54805E-3,-5.96581E-3,-6.49703E-3,-6.69070E-3,-6.74621E-3,-6.96206E-3,-6.48083E-3,-5.62981E-3,-7.03627E-3,-6.25372E-3,-6.12486E-3,-6.14344E-3,-6.19811E-3,-7.10981E-3,-6.01855E-3,-6.68807E-3,-6.66291E-3,-7.18840E-3,-6.53239E-3,-6.91392E-3,-6.66477E-3,-5.97196E-3,-6.21894E-3,-6.26709E-3,-6.51532E-3,-6.67156E-3,-6.45728E-3,-6.36456E-3,-6.27560E-3,-6.22157E-3,-5.98518E-3,-6.36524E-3,-5.73577E-3,-5.78705E-3,-6.56980E-3,-6.43184E-3,-6.23097E-3,-5.47402E-3,-6.29556E-3,-5.95336E-3,-6.32051E-3,-5.70849E-3,-6.05447E-3,-5.90083E-3,-5.76540E-3,-5.53984E-3,-6.08497E-3,-5.16038E-3,-5.30730E-3,-5.22808E-3,-4.70944E-3,-4.32458E-3,-5.11004E-3,-4.64078E-3,-5.06190E-3,-5.43322E-3,-4.54002E-3,-5.02721E-3,-4.70659E-3,-5.31058E-3,-4.76383E-3,-5.01021E-3,-4.99326E-3,-4.79351E-3,-4.54275E-3,-4.59433E-3,-4.84964E-3,-4.67931E-3,-4.63730E-3,-4.34420E-3,-4.42586E-3,-4.12125E-3,-4.39611E-3,-3.96414E-3,-4.51923E-3,-4.53607E-3,-4.17313E-3,-4.15764E-3,-4.19485E-3,-4.20850E-3,-4.22453E-3,-4.42351E-3,-4.10981E-3,-4.27083E-3,-4.12969E-3,-4.16888E-3,-4.69162E-3,-3.75171E-3,-4.27610E-3,-4.89947E-3,-4.45027E-3
1.10146E+3,2.71814E-5,5.25980E-5,-1.16981E-4,-1.42970E-4,-5.03195E-5,-6.95316E-5,1.45569E-4,2.58247E-4,-2.89372E-4,-3.30320E-4,4.06679E-4,2.67584E-5,3.12444E-4,-2.14255E-4,-1.57275E-5,-4.93977E-4,-1.78739E-4,-3.86710E-4,-6.14403E-4,-7.26225E-4,-7.70959E-4,-9.57357E-4,-1.41730E-3,-1.63109E-3,-1.50131E-3,-1.65639E-3,-2.19835E-3,-2.69726E-3,-3.48134E-3,-3.44671E-3,-4.40766E-3,-4.93591E-3,-4.17424E-3,-4.71671E-3,-5.66972E-3,-5.41551E-3,-5.97621E-3,-5.85856E-3,-5.71221E-3,-5.64902E-3,-5.54298E-3,-6.09762E-3,-5.49988E-3,-5.74594E-3,-6.16310E-3,-5.80737E-3,-6.26994E-3,-5.72498E-3,-5.81530E-3,-6.36129E-3,-6.34413E-3,-6.14588E-3,-6.16735E-3,-6.23044E-3,-5.96342E-3,-5.92364E-3,-5.99937E-3,-6.38229E-3,-6.21654E-3,-6.21806E-3,-5.81818E-3,-5.95175E-3,-5.96801E-3,-5.69437E-3,-6.27297E-3,-6.33386E-3,-5.99234E-3,-5.99069E-3,-5.90191E-3,-6.30369E-3,-6.06964E-3,-5.72974E-3,-5.70804E-3,-6.30047E-3,-6.38326E-3,-6.02714E-3,-6.65349E-3,-6.06707E-3,-6.54356E-3,-6.79086E-3,-6.83450E-3,-7.05815E-3,-6.60977E-3,-5.69261E-3,-7.12013E-3,-6.37801E-3,-6.23175E-3,-6.20592E-3,-6.29008E-3,-7.19243E-3,-6.08084E-3,-6.72223E-3,-6.79279E-3,-7.26714E-3,-6.61623E-3,-7.01711E-3,-6.78289E-3,-6.06237E-3,-6.39085E-3,-6.41854E-3,-6.54529E-3,-6.68374E-3,-6.51708E-3,-6.45099E-3,-6.39143E-3,-6.33127E-3,-6.10355E-3,-6.40677E-3,-5.79571E-3,-5.86666E-3,-6.69337E-3,-6.53311E-3,-6.37500E-3,-5.53640E-3,-6.45544E-3,-6.00047E-3,-6.43993E-3,-5.81750E-3,-6.16574E-3,-5.96020E-3,-5.88324E-3,-5.63086E-3,-6.29530E-3,-5.14793E-3,-5.39287E-3,-5.33277E-3,-4.89803E-3,-4.43541E-3,-5.11956E-3,-4.71266E-3,-5.11500E-3,-5.57241E-3,-4.59550E-3,-5.12963E-3,-4.76602E-3,-5.41050E-3,-4.93579E-3,-5.13024E-3,-5.04625E-3,-4.90255E-3,-4.65262E-3,-4.57866E-3,-4.85231E-3,-4.70436E-3,-4.69784E-3,-4.44252E-3,-4.44124E-3,-4.25156E-3,-4.43949E-3,-4.01898E-3,-4.57360E-3,-4.59960E-3,-4.27147E-3,-4.16979E-3,-4.23017E-3,-4.23440E-3,-4.31217E-3,-4.48824E-3,-4.19111E-3,-4.30654E-3,-4.17198E-3,-4.22189E-3,-4.73149E-3,-3.82643E-3,-4.29135E-3,-4.92090E-3,-4.59321E-3
1.10492E+3,2.19959E-5,5.65183E-5,-1.36914E-4,-1.12916E-4,-9.15344E-6,-6.73481E-5,1.02612E-4,2.49936E-4,-3.02156E-4,-2.74565E-4,3.52905E-4,7.59783E-5,2.76361E-4,-2.31496E-4,-1.75863E-6,-4.58794E-4,-1.86786E-4,-4.17924E-4,-6.17520E-4,-6.54942E-4,-7.38215E-4,-9.08285E-4,-1.42804E-3,-1.71118E-3,-1.55843E-3,-1.77947E-3,-2.27807E-3,-2.78646E-3,-3.46996E-3,-3.50847E-3,-4.46793E-3,-4.98127E-3,-4.29426E-3,-4.84044E-3,-5.70692E-3,-5.50616E-3,-6.02702E-3,-5.91125E-3,-5.74095E-3,-5.74500E-3,-5.64711E-3,-6.22100E-3,-5.60161E-3,-5.77268E-3,-6.17743E-3,-5.82279E-3,-6.35626E-3,-5.77708E-3,-5.91083E-3,-6.42549E-3,-6.48353E-3,-6.18109E-3,-6.26526E-3,-6.27961E-3,-6.08338E-3,-5.96129E-3,-5.99310E-3,-6.47874E-3,-6.28830E-3,-6.24956E-3,-5.82351E-3,-6.06970E-3,-5.99156E-3,-5.78592E-3,-6.30268E-3,-6.46453E-3,-6.04557E-3,-6.01949E-3,-5.94069E-3,-6.31290E-3,-6.17214E-3,-5.83143E-3,-5.74697E-3,-6.33201E-3,-6.45680E-3,-6.09570E-3,-6.69142E-3,-6.11423E-3,-6.59761E-3,-6.87696E-3,-6.86658E-3,-7.09255E-3,-6.67798E-3,-5.77784E-3,-7.13313E-3,-6.41112E-3,-6.31013E-3,-6.23107E-3,-6.29027E-3,-7.19731E-3,-6.15941E-3,-6.77324E-3,-6.81536E-3,-7.35348E-3,-6.62107E-3,-7.06503E-3,-6.82927E-3,-6.09814E-3,-6.39268E-3,-6.50991E-3,-6.56814E-3,-6.79760E-3,-6.62870E-3,-6.48750E-3,-6.47151E-3,-6.33559E-3,-6.10334E-3,-6.42531E-3,-5.82819E-3,-5.90902E-3,-6.76285E-3,-6.64536E-3,-6.42286E-3,-5.55335E-3,-6.48894E-3,-6.09267E-3,-6.46425E-3,-5.84972E-3,-6.21968E-3,-6.01321E-3,-5.95811E-3,-5.69392E-3,-6.36777E-3,-5.19166E-3,-5.42771E-3,-5.40118E-3,-4.90791E-3,-4.47019E-3,-5.11483E-3,-4.81971E-3,-5.17353E-3,-5.60893E-3,-4.65179E-3,-5.13774E-3,-4.84881E-3,-5.38175E-3,-5.09283E-3,-5.12181E-3,-5.15671E-3,-4.93251E-3,-4.69922E-3,-4.62889E-3,-4.93188E-3,-4.77564E-3,-4.67573E-3,-4.48191E-3,-4.52171E-3,-4.25747E-3,-4.49500E-3,-4.12898E-3,-4.67915E-3,-4.67313E-3,-4.23961E-3,-4.28373E-3,-4.29467E-3,-4.21815E-3,-4.34384E-3,-4.48661E-3,-4.23407E-3,-4.31741E-3,-4.24541E-3,-4.32084E-3,-4.74790E-3,-3.95682E-3,-4.32845E-3,-4.96120E-3,-4.56680E-3
1.10837E+3,4.03203E-5,1.83298E-5,-1.21702E-4,-8.53929E-5,1.61210E-5,-9.38177E-5,5.42985E-5,2.85062E-4,-2.93328E-4,-2.61136E-4,3.95900E-4,3.43702E-6,2.44954E-4,-2.21261E-4,1.82158E-5,-4.15985E-4,-2.15490E-4,-3.93516E-4,-6.47605E-4,-6.86277E-4,-7.93577E-4,-9.42776E-4,-1.50482E-3,-1.76002E-3,-1.61614E-3,-1.86264E-3,-2.38687E-3,-2.87015E-3,-3.60806E-3,-3.66135E-3,-4.60484E-3,-5.08613E-3,-4.52605E-3,-5.01061E-3,-5.96855E-3,-5.71968E-3,-6.23530E-3,-6.09122E-3,-5.89780E-3,-5.97265E-3,-5.83752E-3,-6.40119E-3,-5.74776E-3,-5.93949E-3,-6.33419E-3,-6.01954E-3,-6.64311E-3,-5.96389E-3,-6.08326E-3,-6.66392E-3,-6.74907E-3,-6.41794E-3,-6.46863E-3,-6.43974E-3,-6.28899E-3,-6.11913E-3,-6.12967E-3,-6.70957E-3,-6.41672E-3,-6.44283E-3,-5.97582E-3,-6.24592E-3,-6.18359E-3,-5.92734E-3,-6.48455E-3,-6.67882E-3,-6.20883E-3,-6.21938E-3,-6.10026E-3,-6.47968E-3,-6.27545E-3,-6.10057E-3,-5.93689E-3,-6.52473E-3,-6.73382E-3,-6.24705E-3,-6.88074E-3,-6.27027E-3,-6.74426E-3,-7.07637E-3,-7.07056E-3,-7.31726E-3,-6.82770E-3,-5.90599E-3,-7.32409E-3,-6.60718E-3,-6.50614E-3,-6.35825E-3,-6.45761E-3,-7.37424E-3,-6.36175E-3,-6.96407E-3,-6.96875E-3,-7.51992E-3,-6.79800E-3,-7.21708E-3,-7.03937E-3,-6.25372E-3,-6.50377E-3,-6.66343E-3,-6.70861E-3,-6.87670E-3,-6.73298E-3,-6.61987E-3,-6.67887E-3,-6.47040E-3,-6.24153E-3,-6.60950E-3,-6.01842E-3,-5.99471E-3,-6.88569E-3,-6.80581E-3,-6.60018E-3,-5.65652E-3,-6.59957E-3,-6.21023E-3,-6.65387E-3,-5.98145E-3,-6.34928E-3,-6.21982E-3,-6.11128E-3,-5.89406E-3,-6.51955E-3,-5.31430E-3,-5.56021E-3,-5.59335E-3,-5.03653E-3,-4.60000E-3,-5.31087E-3,-5.08785E-3,-5.40112E-3,-5.78241E-3,-4.73294E-3,-5.28072E-3,-5.04536E-3,-5.43515E-3,-5.19706E-3,-5.31873E-3,-5.27429E-3,-5.07942E-3,-4.78474E-3,-4.80131E-3,-5.05152E-3,-4.87675E-3,-4.87047E-3,-4.64610E-3,-4.67639E-3,-4.45658E-3,-4.58764E-3,-4.30685E-3,-4.79374E-3,-4.78087E-3,-4.33833E-3,-4.37293E-3,-4.41263E-3,-4.26297E-3,-4.48412E-3,-4.60033E-3,-4.28911E-3,-4.41381E-3,-4.38569E-3,-4.36583E-3,-4.91848E-3,-4.13602E-3,-4.32222E-3,-5.02868E-3,-4.78114E-3
1.11183E+3,7.99835E-5,2.11092E-6,-5.73153E-5,-1.04140E-4,1.73425E-5,-5.75753E-5,5.95503E-5,2.99230E-4,-3.24770E-4,-2.77834E-4,3.70207E-4,4.08082E-5,2.10340E-4,-2.34006E-4,-2.39325E-5,-4.62818E-4,-1.21745E-4,-3.57719E-4,-5.97195E-4,-6.36524E-4,-7.69621E-4,-9.09748E-4,-1.59158E-3,-1.80209E-3,-1.70300E-3,-1.93843E-3,-2.41482E-3,-2.95812E-3,-3.70598E-3,-3.76534E-3,-4.69792E-3,-5.18667E-3,-4.67237E-3,-5.02512E-3,-6.10768E-3,-5.80874E-3,-6.40236E-3,-6.24604E-3,-6.02381E-3,-6.08683E-3,-5.99137E-3,-6.53603E-3,-5.91063E-3,-6.06783E-3,-6.47353E-3,-6.14642E-3,-6.76810E-3,-6.11729E-3,-6.17213E-3,-6.77084E-3,-6.95123E-3,-6.55718E-3,-6.63305E-3,-6.53127E-3,-6.38803E-3,-6.24794E-3,-6.20146E-3,-6.85046E-3,-6.50176E-3,-6.61328E-3,-6.11288E-3,-6.32156E-3,-6.32845E-3,-5.96656E-3,-6.54625E-3,-6.86773E-3,-6.33793E-3,-6.30594E-3,-6.15225E-3,-6.63371E-3,-6.39867E-3,-6.22005E-3,-6.06923E-3,-6.73285E-3,-6.80450E-3,-6.42685E-3,-6.95978E-3,-6.42525E-3,-6.83953E-3,-7.19384E-3,-7.15474E-3,-7.52558E-3,-6.96092E-3,-6.09686E-3,-7.44699E-3,-6.73387E-3,-6.55046E-3,-6.47738E-3,-6.59275E-3,-7.50067E-3,-6.42725E-3,-6.98958E-3,-7.06937E-3,-7.62675E-3,-6.89231E-3,-7.32492E-3,-7.17645E-3,-6.26830E-3,-6.63055E-3,-6.78622E-3,-6.79746E-3,-7.07242E-3,-6.83784E-3,-6.70633E-3,-6.75808E-3,-6.61509E-3,-6.36176E-3,-6.75636E-3,-6.12127E-3,-6.10484E-3,-6.98203E-3,-6.92726E-3,-6.66044E-3,-5.71074E-3,-6.74050E-3,-6.26362E-3,-6.71911E-3,-6.06782E-3,-6.38879E-3,-6.26009E-3,-6.21142E-3,-5.97930E-3,-6.67145E-3,-5.36627E-3,-5.62153E-3,-5.63393E-3,-5.18124E-3,-4.67308E-3,-5.34408E-3,-5.08476E-3,-5.46683E-3,-5.89829E-3,-4.84611E-3,-5.32188E-3,-5.05523E-3,-5.53457E-3,-5.27528E-3,-5.41985E-3,-5.27408E-3,-5.08576E-3,-4.90192E-3,-4.81009E-3,-5.01382E-3,-4.96529E-3,-4.90541E-3,-4.76270E-3,-4.64758E-3,-4.49688E-3,-4.71292E-3,-4.33635E-3,-4.81081E-3,-4.82870E-3,-4.45585E-3,-4.42199E-3,-4.46725E-3,-4.29447E-3,-4.48330E-3,-4.70811E-3,-4.42344E-3,-4.47625E-3,-4.42193E-3,-4.48886E-3,-4.86371E-3,-4.15147E-3,-4.33073E-3,-5.04107E-3,-4.83622E-3
1.11529E+3,8.07754E-5,3.96291E-5,-9.27903E-5,-6.86533E-5,-3.56087E-7,-5.22813E-5,-4.21572E-6,2.97940E-4,-2.91369E-4,-2.66549E-4,3.31437E-4,-1.79259E-5,2.06376E-4,-2.34448E-4,7.24313E-5,-4.68311E-4,-1.65153E-4,-3.26872E-4,-6.25743E-4,-5.81848E-4,-7.85561E-4,-9.07903E-4,-1.58042E-3,-1.86194E-3,-1.76809E-3,-1.99657E-3,-2.49187E-3,-3.02783E-3,-3.76657E-3,-3.83331E-3,-4.80408E-3,-5.26539E-3,-4.85056E-3,-5.16333E-3,-6.25839E-3,-5.98587E-3,-6.54288E-3,-6.34747E-3,-6.15202E-3,-6.27791E-3,-6.15412E-3,-6.69913E-3,-6.09166E-3,-6.18256E-3,-6.56244E-3,-6.28525E-3,-6.89749E-3,-6.28153E-3,-6.38399E-3,-6.87328E-3,-7.07915E-3,-6.67471E-3,-6.81174E-3,-6.67913E-3,-6.59701E-3,-6.38691E-3,-6.31802E-3,-7.03222E-3,-6.62397E-3,-6.70471E-3,-6.31553E-3,-6.44090E-3,-6.45457E-3,-6.03992E-3,-6.74472E-3,-7.04007E-3,-6.42437E-3,-6.46342E-3,-6.21827E-3,-6.69719E-3,-6.54866E-3,-6.42152E-3,-6.13246E-3,-6.80799E-3,-6.92131E-3,-6.57498E-3,-7.12719E-3,-6.50807E-3,-6.97473E-3,-7.34981E-3,-7.28730E-3,-7.67398E-3,-7.09500E-3,-6.20626E-3,-7.59719E-3,-6.81400E-3,-6.68583E-3,-6.57833E-3,-6.68906E-3,-7.60202E-3,-6.53152E-3,-7.20186E-3,-7.16918E-3,-7.73788E-3,-7.04335E-3,-7.49448E-3,-7.26424E-3,-6.43138E-3,-6.75902E-3,-6.93239E-3,-6.87083E-3,-7.10929E-3,-6.98966E-3,-6.77728E-3,-6.85790E-3,-6.63180E-3,-6.44073E-3,-6.80268E-3,-6.25245E-3,-6.20347E-3,-7.06204E-3,-7.04688E-3,-6.82494E-3,-5.76498E-3,-6.87060E-3,-6.41048E-3,-6.82337E-3,-6.23660E-3,-6.54982E-3,-6.39593E-3,-6.36999E-3,-6.09440E-3,-6.76761E-3,-5.45901E-3,-5.72470E-3,-5.76784E-3,-5.40713E-3,-4.79187E-3,-5.37135E-3,-5.22980E-3,-5.54386E-3,-6.00413E-3,-4.91904E-3,-5.37234E-3,-5.18717E-3,-5.59079E-3,-5.36407E-3,-5.47872E-3,-5.40412E-3,-5.15894E-3,-4.92719E-3,-4.92687E-3,-5.12018E-3,-5.05389E-3,-4.95681E-3,-4.79643E-3,-4.74317E-3,-4.55503E-3,-4.75706E-3,-4.44169E-3,-4.90346E-3,-4.85529E-3,-4.53059E-3,-4.45942E-3,-4.56373E-3,-4.30386E-3,-4.65166E-3,-4.76717E-3,-4.50986E-3,-4.45112E-3,-4.49302E-3,-4.59979E-3,-4.98588E-3,-4.28662E-3,-4.33272E-3,-5.07976E-3,-4.94387E-3
1.11875E+3,9.87453E-5,7.29211E-5,-3.79235E-5,-5.16574E-5,-2.24525E-5,-7.75215E-5,-3.40826E-5,2.63530E-4,-3.00451E-4,-2.16407E-4,3.40507E-4,-2.30424E-5,2.08879E-4,-2.17546E-4,-3.49822E-6,-4.56296E-4,-1.79203E-4,-3.04713E-4,-5.62700E-4,-6.24840E-4,-8.09665E-4,-8.95072E-4,-1.63267E-3,-1.82470E-3,-1.82153E-3,-2.01964E-3,-2.51642E-3,-2.99070E-3,-3.82349E-3,-3.92414E-3,-4.85020E-3,-5.30349E-3,-4.98850E-3,-5.29750E-3,-6.41080E-3,-6.10977E-3,-6.61778E-3,-6.54147E-3,-6.25330E-3,-6.46141E-3,-6.27196E-3,-6.78469E-3,-6.25184E-3,-6.26924E-3,-6.72679E-3,-6.34581E-3,-7.15683E-3,-6.38706E-3,-6.56318E-3,-7.06428E-3,-7.27259E-3,-6.80813E-3,-7.01200E-3,-6.80680E-3,-6.73116E-3,-6.46461E-3,-6.38582E-3,-7.10914E-3,-6.73086E-3,-6.83611E-3,-6.45512E-3,-6.62627E-3,-6.53941E-3,-6.14776E-3,-6.83763E-3,-7.19987E-3,-6.52111E-3,-6.55737E-3,-6.32097E-3,-6.87533E-3,-6.63646E-3,-6.60141E-3,-6.40722E-3,-6.89249E-3,-7.06883E-3,-6.70347E-3,-7.15135E-3,-6.60556E-3,-7.10126E-3,-7.47732E-3,-7.43060E-3,-7.72267E-3,-7.18718E-3,-6.31707E-3,-7.71054E-3,-7.02794E-3,-6.82515E-3,-6.65540E-3,-6.76073E-3,-7.70188E-3,-6.66096E-3,-7.23916E-3,-7.20751E-3,-7.86341E-3,-7.20510E-3,-7.60895E-3,-7.36349E-3,-6.49675E-3,-6.81098E-3,-7.02644E-3,-7.02762E-3,-7.24727E-3,-7.07427E-3,-6.93746E-3,-6.91557E-3,-6.73906E-3,-6.55559E-3,-6.81852E-3,-6.33549E-3,-6.28097E-3,-7.25259E-3,-7.11617E-3,-6.87090E-3,-5.87951E-3,-6.91481E-3,-6.40492E-3,-6.96116E-3,-6.30564E-3,-6.60517E-3,-6.39844E-3,-6.37547E-3,-6.18847E-3,-6.82785E-3,-5.49730E-3,-5.80506E-3,-5.76985E-3,-5.41044E-3,-4.86144E-3,-5.39702E-3,-5.38343E-3,-5.70011E-3,-6.05736E-3,-5.01560E-3,-5.48368E-3,-5.24501E-3,-5.60196E-3,-5.44736E-3,-5.54269E-3,-5.48477E-3,-5.24197E-3,-5.08039E-3,-5.03349E-3,-5.15939E-3,-5.10431E-3,-4.99321E-3,-4.91670E-3,-4.78225E-3,-4.58930E-3,-4.84257E-3,-4.43483E-3,-4.97864E-3,-4.88848E-3,-4.58927E-3,-4.56528E-3,-4.64352E-3,-4.33478E-3,-4.68480E-3,-4.76969E-3,-4.56799E-3,-4.48166E-3,-4.55058E-3,-4.64358E-3,-5.05711E-3,-4.27972E-3,-4.23578E-3,-5.11440E-3,-4.95953E-3
1.12221E+3,8.12424E-5,8.96783E-5,-4.19214E-5,-3.64385E-5,5.67931E-6,-9.48240E-5,-4.52119E-5,2.54474E-4,-3.20450E-4,-2.18309E-4,3.53522E-4,-5.12934E-5,1.93120E-4,-1.89582E-4,2.03130E-5,-4.48207E-4,-1.67602E-4,-2.74468E-4,-5.73754E-4,-6.16425E-4,-7.90553E-4,-8.70262E-4,-1.64781E-3,-1.84511E-3,-1.87153E-3,-2.05015E-3,-2.56288E-3,-3.12407E-3,-3.97295E-3,-4.01880E-3,-4.93262E-3,-5.43671E-3,-5.11060E-3,-5.42168E-3,-6.58827E-3,-6.26584E-3,-6.78879E-3,-6.66073E-3,-6.38499E-3,-6.59329E-3,-6.38372E-3,-6.95598E-3,-6.39123E-3,-6.41534E-3,-6.85583E-3,-6.48655E-3,-7.31513E-3,-6.53921E-3,-6.78406E-3,-7.22429E-3,-7.42262E-3,-7.02880E-3,-7.18689E-3,-6.92254E-3,-6.92651E-3,-6.61657E-3,-6.49445E-3,-7.32487E-3,-6.81906E-3,-6.95658E-3,-6.51163E-3,-6.73933E-3,-6.67668E-3,-6.24276E-3,-7.10823E-3,-7.35313E-3,-6.61848E-3,-6.71905E-3,-6.46471E-3,-6.99904E-3,-6.74857E-3,-6.79308E-3,-6.50514E-3,-7.10293E-3,-7.21794E-3,-6.87527E-3,-7.44043E-3,-6.77292E-3,-7.17634E-3,-7.60337E-3,-7.52727E-3,-7.88123E-3,-7.31892E-3,-6.42923E-3,-7.84268E-3,-7.14369E-3,-6.98478E-3,-6.83192E-3,-6.92699E-3,-7.82472E-3,-6.80745E-3,-7.32991E-3,-7.26799E-3,-7.96320E-3,-7.29603E-3,-7.80965E-3,-7.48124E-3,-6.62815E-3,-6.94145E-3,-7.21406E-3,-7.04904E-3,-7.35882E-3,-7.19001E-3,-7.00566E-3,-7.05882E-3,-6.81145E-3,-6.67171E-3,-6.94229E-3,-6.43916E-3,-6.37005E-3,-7.26259E-3,-7.25769E-3,-6.95615E-3,-5.90537E-3,-6.96098E-3,-6.48361E-3,-7.02196E-3,-6.44631E-3,-6.68048E-3,-6.54372E-3,-6.48531E-3,-6.30119E-3,-6.81377E-3,-5.54888E-3,-5.85488E-3,-5.90354E-3,-5.65238E-3,-4.95928E-3,-5.43868E-3,-5.45704E-3,-5.77255E-3,-6.13168E-3,-5.07098E-3,-5.55629E-3,-5.41316E-3,-5.66701E-3,-5.51901E-3,-5.70693E-3,-5.53072E-3,-5.30386E-3,-5.15648E-3,-5.12131E-3,-5.21950E-3,-5.24979E-3,-5.06133E-3,-4.93779E-3,-4.83701E-3,-4.67318E-3,-4.91200E-3,-4.56617E-3,-5.10653E-3,-5.00356E-3,-4.65665E-3,-4.60251E-3,-4.67855E-3,-4.31929E-3,-4.75646E-3,-4.87462E-3,-4.68405E-3,-4.49012E-3,-4.55788E-3,-4.77651E-3,-5.09879E-3,-4.35999E-3,-4.21797E-3,-5.16157E-3,-5.05228E-3
1.12567E+3,4.07658E-5,1.11326E-4,-1.10623E-6,-1.35449E-5,6.27641E-5,-8.25646E-5,-9.54770E-5,2.69207E-4,-2.69422E-4,-1.70540E-4,2.82197E-4,-2.87916E-5,1.03148E-4,-1.96903E-4,-1.10584E-5,-4.34310E-4,-1.39011E-4,-2.79539E-4,-4.86125E-4,-5.61008E-4,-8.15853E-4,-8.28896E-4,-1.69531E-3,-1.85426E-3,-1.91677E-3,-2.09168E-3,-2.60955E-3,-3.17910E-3,-3.94276E-3,-4.11936E-3,-4.98469E-3,-5.46996E-3,-5.22833E-3,-5.54161E-3,-6.77624E-3,-6.40503E-3,-6.92943E-3,-6.83655E-3,-6.51925E-3,-6.74304E-3,-6.52136E-3,-7.05051E-3,-6.56689E-3,-6.55071E-3,-6.97215E-3,-6.63099E-3,-7.44315E-3,-6.73647E-3,-6.84086E-3,-7.33633E-3,-7.59684E-3,-7.17106E-3,-7.33009E-3,-7.06345E-3,-7.07320E-3,-6.77058E-3,-6.53688E-3,-7.43110E-3,-6.92064E-3,-7.07336E-3,-6.70532E-3,-6.92197E-3,-6.90772E-3,-6.31660E-3,-7.17598E-3,-7.54016E-3,-6.75630E-3,-6.84560E-3,-6.57575E-3,-7.19145E-3,-6.87260E-3,-7.01849E-3,-6.66628E-3,-7.26161E-3,-7.41260E-3,-6.95977E-3,-7.53568E-3,-6.86174E-3,-7.36618E-3,-7.76252E-3,-7.67982E-3,-8.00159E-3,-7.38475E-3,-6.62521E-3,-7.99219E-3,-7.24214E-3,-7.13083E-3,-6.97638E-3,-7.02659E-3,-7.96162E-3,-6.95746E-3,-7.52706E-3,-7.44611E-3,-8.09540E-3,-7.40890E-3,-7.95095E-3,-7.68987E-3,-6.78492E-3,-7.04928E-3,-7.30312E-3,-7.17468E-3,-7.57971E-3,-7.31209E-3,-7.11851E-3,-7.15298E-3,-6.86062E-3,-6.79855E-3,-7.08249E-3,-6.55243E-3,-6.45577E-3,-7.45289E-3,-7.35646E-3,-7.08341E-3,-6.03025E-3,-7.11182E-3,-6.59391E-3,-7.03669E-3,-6.57462E-3,-6.74216E-3,-6.58482E-3,-6.60778E-3,-6.43547E-3,-6.91443E-3,-5.68243E-3,-5.99600E-3,-5.95213E-3,-5.71397E-3,-5.16610E-3,-5.50465E-3,-5.53013E-3,-5.85752E-3,-6.22136E-3,-5.20923E-3,-5.67461E-3,-5.49994E-3,-5.71899E-3,-5.60312E-3,-5.80987E-3,-5.55389E-3,-5.33339E-3,-5.27174E-3,-5.18605E-3,-5.22071E-3,-5.35130E-3,-5.16606E-3,-5.00065E-3,-4.85136E-3,-4.73028E-3,-4.98838E-3,-4.62810E-3,-5.12444E-3,-5.05792E-3,-4.73300E-3,-4.66561E-3,-4.74306E-3,-4.31683E-3,-4.80231E-3,-5.00911E-3,-4.73814E-3,-4.53777E-3,-4.59439E-3,-4.85526E-3,-5.13561E-3,-4.51348E-3,-4.22609E-3,-5.20240E-3,-5.24761E-3
1.12913E+3,7.51814E-5,1.07590E-4,2.78034E-5,-2.12426E-5,8.93441E-6,-8.51876E-5,-1.19168E-4,2.55390E-4,-2.39922E-4,-1.75567E-4,3.07818E-4,-4.93713E-5,7.66393E-5,-1.04870E-4,-6.40281E-5,-4.06116E-4,-1.19895E-4,-1.92213E-4,-4.70098E-4,-5.13634E-4,-8.32732E-4,-8.20549E-4,-1.74870E-3,-2.01269E-3,-1.96852E-3,-2.19176E-3,-2.71256E-3,-3.32734E-3,-4.11916E-3,-4.29715E-3,-5.16680E-3,-5.73958E-3,-5.53516E-3,-5.76913E-3,-7.08923E-3,-6.79003E-3,-7.22026E-3,-7.18203E-3,-6.80880E-3,-7.14895E-3,-6.92192E-3,-7.45838E-3,-6.93014E-3,-6.87151E-3,-7.30452E-3,-7.00404E-3,-7.93463E-3,-7.11069E-3,-7.29791E-3,-7.63674E-3,-7.93792E-3,-7.53241E-3,-7.68249E-3,-7.35555E-3,-7.47617E-3,-7.07590E-3,-6.87550E-3,-7.84471E-3,-7.27099E-3,-7.45480E-3,-7.02812E-3,-7.23713E-3,-7.20687E-3,-6.58998E-3,-7.52289E-3,-7.94661E-3,-7.02247E-3,-7.23260E-3,-6.84415E-3,-7.51068E-3,-7.21921E-3,-7.44407E-3,-6.99867E-3,-7.58495E-3,-7.69185E-3,-7.33310E-3,-7.91775E-3,-7.22061E-3,-7.64129E-3,-8.17460E-3,-8.11183E-3,-8.41040E-3,-7.82270E-3,-6.97458E-3,-8.38327E-3,-7.65592E-3,-7.40034E-3,-7.31740E-3,-7.32822E-3,-8.33582E-3,-7.26972E-3,-7.86391E-3,-7.80568E-3,-8.45284E-3,-7.76036E-3,-8.34036E-3,-8.07156E-3,-7.08905E-3,-7.35906E-3,-7.58048E-3,-7.47299E-3,-7.89147E-3,-7.66795E-3,-7.41552E-3,-7.43291E-3,-7.15021E-3,-7.13842E-3,-7.36025E-3,-6.80455E-3,-6.75488E-3,-7.69906E-3,-7.67202E-3,-7.36647E-3,-6.30402E-3,-7.32430E-3,-6.78560E-3,-7.36376E-3,-6.84288E-3,-7.01181E-3,-6.85353E-3,-6.84308E-3,-6.63234E-3,-7.17970E-3,-5.89821E-3,-6.17149E-3,-6.14923E-3,-5.99334E-3,-5.37845E-3,-5.68959E-3,-5.82386E-3,-6.13598E-3,-6.49711E-3,-5.44273E-3,-5.88281E-3,-5.85598E-3,-5.92441E-3,-5.82514E-3,-6.06535E-3,-5.72720E-3,-5.54456E-3,-5.45951E-3,-5.41280E-3,-5.46554E-3,-5.56299E-3,-5.41638E-3,-5.19682E-3,-5.08387E-3,-4.94687E-3,-5.29122E-3,-4.83228E-3,-5.25505E-3,-5.22634E-3,-4.95660E-3,-4.90566E-3,-4.90100E-3,-4.50416E-3,-4.92169E-3,-5.20059E-3,-4.98326E-3,-4.73513E-3,-4.78653E-3,-5.09114E-3,-5.37811E-3,-4.59032E-3,-4.41539E-3,-5.45068E-3,-5.32672E-3
1.13259E+3,3.53376E-5,1.49053E-4,5.67560E-5,9.21119E-6,4.56493E-5,-8.08725E-5,-1.39136E-4,2.01425E-4,-1.99504E-4,-1.63654E-4,2.34938E-4,-1.09069E-6,7.23645E-5,-1.49904E-4,-7.05726E-5,-3.22464E-4,-8.66951E-5,-1.70608E-4,-4.19900E-4,-4.19939E-4,-6.95781E-4,-6.50608E-4,-1.47241E-3,-1.60521E-3,-1.67121E-3,-1.85269E-3,-2.25780E-3,-2.67678E-3,-3.33387E-3,-3.46085E-3,-4.22642E-3,-4.65474E-3,-4.50083E-3,-4.58280E-3,-5.76636E-3,-5.48529E-3,-5.77674E-3,-5.86601E-3,-5.58020E-3,-5.71234E-3,-5.69081E-3,-5.97135E-3,-5.61835E-3,-5.54920E-3,-5.86816E-3,-5.63832E-3,-6.48146E-3,-5.78755E-3,-5.91905E-3,-6.06875E-3,-6.43327E-3,-6.11346E-3,-6.21420E-3,-5.87817E-3,-6.13006E-3,-5.78485E-3,-5.48929E-3,-6.33885E-3,-5.88414E-3,-6.03047E-3,-5.67959E-3,-5.92406E-3,-5.87641E-3,-5.31258E-3,-6.10904E-3,-6.48353E-3,-5.68398E-3,-5.87736E-3,-5.55512E-3,-6.07939E-3,-5.84067E-3,-6.08432E-3,-5.77451E-3,-6.18607E-3,-6.26127E-3,-5.98851E-3,-6.39415E-3,-5.83616E-3,-6.17107E-3,-6.62941E-3,-6.60564E-3,-6.80021E-3,-6.24146E-3,-5.66238E-3,-6.72547E-3,-6.19874E-3,-6.01639E-3,-5.90342E-3,-5.91895E-3,-6.71013E-3,-5.90780E-3,-6.26166E-3,-6.27855E-3,-6.84628E-3,-6.27961E-3,-6.74922E-3,-6.54019E-3,-5.65213E-3,-5.96952E-3,-6.13291E-3,-6.11709E-3,-6.39374E-3,-6.19348E-3,-5.97190E-3,-5.95685E-3,-5.85683E-3,-5.77609E-3,-5.98610E-3,-5.56009E-3,-5.44503E-3,-6.28806E-3,-6.15477E-3,-5.91092E-3,-5.08164E-3,-5.86806E-3,-5.49175E-3,-5.87953E-3,-5.48366E-3,-5.67870E-3,-5.48783E-3,-5.48251E-3,-5.34770E-3,-5.75330E-3,-4.70531E-3,-4.89595E-3,-4.93892E-3,-4.93165E-3,-4.37628E-3,-4.55464E-3,-4.69811E-3,-4.94021E-3,-5.22396E-3,-4.38399E-3,-4.71175E-3,-4.71877E-3,-4.73544E-3,-4.68918E-3,-4.88897E-3,-4.54533E-3,-4.45883E-3,-4.44302E-3,-4.40764E-3,-4.38817E-3,-4.45437E-3,-4.29860E-3,-4.13357E-3,-4.00497E-3,-3.99674E-3,-4.24853E-3,-3.81610E-3,-4.28279E-3,-4.16647E-3,-4.06953E-3,-3.98610E-3,-3.99499E-3,-3.62068E-3,-3.95286E-3,-4.21722E-3,-4.01273E-3,-3.79370E-3,-3.85400E-3,-4.06632E-3,-4.20769E-3,-3.72275E-3,-3.47944E-3,-4.37540E-3,-4.36891E-3
1.13605E+3,7.17512E-5,1.12816E-4,5.70758E-5,1.20246E-5,2.44599E-5,-1.23301E-4,-1.77497E-4,2.28370E-4,-2.25607E-4,-1.54166E-4,2.79202E-4,-4.36515E-5,5.40667E-5,-7.58835E-5,-3.96598E-5,-4.70946E-4,-1.29763E-4,-1.56873E-4,-3.97971E-4,-5.32466E-4,-8.99791E-4,-8.11213E-4,-1.84240E-3,-2.01775E-3,-2.12626E-3,-2.34953E-3,-2.86938E-3,-3.46128E-3,-4.25888E-3,-4.55723E-3,-5.37420E-3,-5.94506E-3,-5.84940E-3,-6.05332E-3,-7.47275E-3,-7.12752E-3,-7.57588E-3,-7.60034E-3,-7.24849E-3,-7.53498E-3,-7.39816E-3,-7.81346E-3,-7.36464E-3,-7.21916E-3,-7.63703E-3,-7.39447E-3,-8.41744E-3,-7.56618E-3,-7.72914E-3,-7.98845E-3,-8.36903E-3,-8.01420E-3,-8.07067E-3,-7.69206E-3,-7.88976E-3,-7.49356E-3,-7.18118E-3,-8.27107E-3,-7.60837E-3,-7.85427E-3,-7.42104E-3,-7.65437E-3,-7.67269E-3,-6.90902E-3,-8.01223E-3,-8.36109E-3,-7.36474E-3,-7.66766E-3,-7.14100E-3,-7.99177E-3,-7.59262E-3,-7.94555E-3,-7.45201E-3,-8.03494E-3,-8.06933E-3,-7.72501E-3,-8.34825E-3,-7.59290E-3,-8.05045E-3,-8.60623E-3,-8.55140E-3,-8.79956E-3,-8.12657E-3,-7.32589E-3,-8.68307E-3,-8.08518E-3,-7.73689E-3,-7.60190E-3,-7.75046E-3,-8.65535E-3,-7.57474E-3,-8.08564E-3,-8.06035E-3,-8.76916E-3,-8.10791E-3,-8.75032E-3,-8.44322E-3,-7.30746E-3,-7.70626E-3,-7.92328E-3,-7.82224E-3,-8.14127E-3,-7.94439E-3,-7.64772E-3,-7.69299E-3,-7.49695E-3,-7.40739E-3,-7.67495E-3,-7.16578E-3,-6.99253E-3,-7.99240E-3,-7.90849E-3,-7.53155E-3,-6.55120E-3,-7.46087E-3,-7.01296E-3,-7.54662E-3,-7.04593E-3,-7.19125E-3,-7.06758E-3,-7.00579E-3,-6.88247E-3,-7.34727E-3,-6.07373E-3,-6.32682E-3,-6.27177E-3,-6.34648E-3,-5.64470E-3,-5.79103E-3,-6.04217E-3,-6.36978E-3,-6.71710E-3,-5.65375E-3,-6.07633E-3,-6.05045E-3,-6.10339E-3,-6.05481E-3,-6.23227E-3,-5.80081E-3,-5.65184E-3,-5.60400E-3,-5.65022E-3,-5.64660E-3,-5.76612E-3,-5.58856E-3,-5.41246E-3,-5.20545E-3,-5.09655E-3,-5.45077E-3,-4.94621E-3,-5.48119E-3,-5.35942E-3,-5.19571E-3,-5.01035E-3,-5.06170E-3,-4.56281E-3,-5.02150E-3,-5.38886E-3,-5.13892E-3,-4.82908E-3,-4.89750E-3,-5.25190E-3,-5.49618E-3,-4.76357E-3,-4.40903E-3,-5.53401E-3,-5.56604E-3
1.13951E+3,4.90236E-5,1.48962E-4,6.33155E-5,1.46450E-5,4.77734E-6,-8.03770E-5,-1.84332E-4,2.04580E-4,-2.39989E-4,-1.33029E-4,2.85301E-4,-5.03669E-5,2.31743E-5,-4.52368E-5,-6.04480E-5,-4.26123E-4,-4.49904E-5,-1.28503E-4,-2.98979E-4,-4.91292E-4,-8.05791E-4,-7.56994E-4,-1.73486E-3,-1.92697E-3,-2.09698E-3,-2.31591E-3,-2.77051E-3,-3.35463E-3,-4.14016E-3,-4.46587E-3,-5.23084E-3,-5.83072E-3,-5.69865E-3,-5.91319E-3,-7.30368E-3,-6.95943E-3,-7.42006E-3,-7.44866E-3,-7.04917E-3,-7.36373E-3,-7.28437E-3,-7.64673E-3,-7.24916E-3,-7.05023E-3,-7.51294E-3,-7.27392E-3,-8.24418E-3,-7.37467E-3,-7.53676E-3,-7.75537E-3,-8.18877E-3,-7.92027E-3,-7.87768E-3,-7.46891E-3,-7.77131E-3,-7.36486E-3,-6.94907E-3,-8.04948E-3,-7.44609E-3,-7.68222E-3,-7.25784E-3,-7.45209E-3,-7.43117E-3,-6.73681E-3,-7.79132E-3,-8.16668E-3,-7.19405E-3,-7.49893E-3,-6.96160E-3,-7.78866E-3,-7.38024E-3,-7.81289E-3,-7.29905E-3,-7.86834E-3,-7.79077E-3,-7.52261E-3,-8.10810E-3,-7.39386E-3,-7.78399E-3,-8.35210E-3,-8.33678E-3,-8.59670E-3,-7.88358E-3,-7.19041E-3,-8.44898E-3,-7.87519E-3,-7.53587E-3,-7.44927E-3,-7.53497E-3,-8.40328E-3,-7.33966E-3,-7.81920E-3,-7.80012E-3,-8.53442E-3,-7.85123E-3,-8.53854E-3,-8.24221E-3,-7.13053E-3,-7.47637E-3,-7.69731E-3,-7.60140E-3,-7.96176E-3,-7.65143E-3,-7.38624E-3,-7.39902E-3,-7.24377E-3,-7.16161E-3,-7.46275E-3,-6.93248E-3,-6.74443E-3,-7.76221E-3,-7.67304E-3,-7.33398E-3,-6.33594E-3,-7.15771E-3,-6.73759E-3,-7.28767E-3,-6.85776E-3,-7.04950E-3,-6.80360E-3,-6.69310E-3,-6.68797E-3,-7.07571E-3,-5.80402E-3,-6.02761E-3,-6.04061E-3,-6.20175E-3,-5.54974E-3,-5.56173E-3,-5.73712E-3,-6.10818E-3,-6.44174E-3,-5.47156E-3,-5.82381E-3,-5.90253E-3,-5.87617E-3,-5.80454E-3,-5.99502E-3,-5.49454E-3,-5.44754E-3,-5.46501E-3,-5.42599E-3,-5.41665E-3,-5.56922E-3,-5.44794E-3,-5.21696E-3,-4.96471E-3,-4.91588E-3,-5.30511E-3,-4.73251E-3,-5.19343E-3,-5.14924E-3,-5.01992E-3,-4.88608E-3,-4.87696E-3,-4.43457E-3,-4.78139E-3,-5.20807E-3,-4.88147E-3,-4.53315E-3,-4.64070E-3,-5.01925E-3,-5.30849E-3,-4.62229E-3,-4.25431E-3,-5.29946E-3,-5.37901E-3
1.14298E+3,3.60875E-5,1.57502E-4,1.15357E-4,2.10821E-5,-3.84212E-5,-7.56252E-5,-1.63993E-4,2.24743E-4,-2.10448E-4,-1.32569E-4,1.78509E-4,-4.72156E-5,-1.61653E-5,-1.76207E-5,-3.12230E-5,-4.50900E-4,-1.19266E-4,-1.53685E-4,-2.91370E-4,-5.17351E-4,-8.17759E-4,-7.13231E-4,-1.75566E-3,-1.93552E-3,-2.12162E-3,-2.39957E-3,-2.81539E-3,-3.51181E-3,-4.24875E-3,-4.55564E-3,-5.36146E-3,-5.92386E-3,-5.79516E-3,-5.99135E-3,-7.54234E-3,-7.04708E-3,-7.56765E-3,-7.64610E-3,-7.21707E-3,-7.61927E-3,-7.49814E-3,-7.77639E-3,-7.44407E-3,-7.24290E-3,-7.72274E-3,-7.44817E-3,-8.48211E-3,-7.60843E-3,-7.76751E-3,-7.93307E-3,-8.36781E-3,-8.10536E-3,-8.02692E-3,-7.63616E-3,-7.96737E-3,-7.55088E-3,-7.09631E-3,-8.23005E-3,-7.66851E-3,-7.93880E-3,-7.47707E-3,-7.67121E-3,-7.62538E-3,-6.86969E-3,-8.03393E-3,-8.33086E-3,-7.31097E-3,-7.68449E-3,-7.12624E-3,-7.98207E-3,-7.56720E-3,-7.95878E-3,-7.41394E-3,-8.05641E-3,-7.95941E-3,-7.78679E-3,-8.38407E-3,-7.58789E-3,-8.02016E-3,-8.58545E-3,-8.57833E-3,-8.70341E-3,-8.04724E-3,-7.46008E-3,-8.63608E-3,-8.12477E-3,-7.66773E-3,-7.58135E-3,-7.61675E-3,-8.59167E-3,-7.50683E-3,-8.02140E-3,-7.90538E-3,-8.70454E-3,-8.05112E-3,-8.75597E-3,-8.38423E-3,-7.22802E-3,-7.57048E-3,-7.78303E-3,-7.83849E-3,-8.13440E-3,-7.87046E-3,-7.53669E-3,-7.50306E-3,-7.33744E-3,-7.36144E-3,-7.58555E-3,-7.12842E-3,-6.88264E-3,-7.90351E-3,-7.75772E-3,-7.42426E-3,-6.44245E-3,-7.29748E-3,-6.83754E-3,-7.21070E-3,-6.87165E-3,-7.16439E-3,-6.91036E-3,-6.81772E-3,-6.80777E-3,-7.16478E-3,-5.87048E-3,-6.04138E-3,-6.20202E-3,-6.31409E-3,-5.60899E-3,-5.64811E-3,-5.83766E-3,-6.21237E-3,-6.44726E-3,-5.53302E-3,-5.99366E-3,-5.94129E-3,-6.04453E-3,-5.86746E-3,-5.99623E-3,-5.45848E-3,-5.51804E-3,-5.43689E-3,-5.60370E-3,-5.61206E-3,-5.66719E-3,-5.54098E-3,-5.24865E-3,-5.03046E-3,-5.01519E-3,-5.46501E-3,-4.84455E-3,-5.37056E-3,-5.22747E-3,-5.25022E-3,-4.98626E-3,-5.01162E-3,-4.46570E-3,-4.86787E-3,-5.28180E-3,-4.99689E-3,-4.63167E-3,-4.67713E-3,-5.17241E-3,-5.37740E-3,-4.67243E-3,-4.26602E-3,-5.43779E-3,-5.41681E-3
1.14644E+3,9.84927E-6,1.79315E-4,1.10464E-4,5.57662E-5,1.10171E-6,-7.34763E-5,-2.16165E-4,2.07805E-4,-2.10325E-4,-1.06336E-4,1.73580E-4,-6.79541E-5,-3.76704E-5,2.88829E-5,-5.48362E-5,-4.38987E-4,-1.07936E-4,-1.60143E-4,-2.83219E-4,-5.49829E-4,-8.17726E-4,-7.48285E-4,-1.78337E-3,-1.88680E-3,-2.12987E-3,-2.44139E-3,-2.85981E-3,-3.46940E-3,-4.20413E-3,-4.60786E-3,-5.37026E-3,-6.03885E-3,-5.92927E-3,-6.09728E-3,-7.63849E-3,-7.23377E-3,-7.67837E-3,-7.85542E-3,-7.32855E-3,-7.77070E-3,-7.64792E-3,-8.00730E-3,-7.56771E-3,-7.41063E-3,-7.85638E-3,-7.58250E-3,-8.63426E-3,-7.76372E-3,-7.92628E-3,-8.04496E-3,-8.47174E-3,-8.27118E-3,-8.08805E-3,-7.74835E-3,-8.13114E-3,-7.63632E-3,-7.22390E-3,-8.32352E-3,-7.82282E-3,-8.02717E-3,-7.61046E-3,-7.80164E-3,-7.80692E-3,-7.01766E-3,-8.21237E-3,-8.52881E-3,-7.43615E-3,-7.87297E-3,-7.25277E-3,-8.15214E-3,-7.68367E-3,-8.13190E-3,-7.56427E-3,-8.14643E-3,-8.13004E-3,-7.91010E-3,-8.45315E-3,-7.77356E-3,-8.15804E-3,-8.74290E-3,-8.68005E-3,-8.93008E-3,-8.19835E-3,-7.62223E-3,-8.67590E-3,-8.24217E-3,-7.81168E-3,-7.77136E-3,-7.76453E-3,-8.74825E-3,-7.59645E-3,-8.06692E-3,-8.04935E-3,-8.82846E-3,-8.19495E-3,-8.85250E-3,-8.44693E-3,-7.38972E-3,-7.70793E-3,-7.83147E-3,-7.96133E-3,-8.20944E-3,-7.95587E-3,-7.60421E-3,-7.59680E-3,-7.47563E-3,-7.44832E-3,-7.65477E-3,-7.17924E-3,-6.93504E-3,-7.88563E-3,-7.80805E-3,-7.41730E-3,-6.44425E-3,-7.41375E-3,-6.92098E-3,-7.35856E-3,-6.87734E-3,-7.23412E-3,-6.95739E-3,-6.87329E-3,-6.85543E-3,-7.21751E-3,-5.99816E-3,-6.14240E-3,-6.18719E-3,-6.32969E-3,-5.67698E-3,-5.64179E-3,-5.80392E-3,-6.17500E-3,-6.62170E-3,-5.58982E-3,-6.02781E-3,-6.04482E-3,-6.12292E-3,-5.89142E-3,-6.06772E-3,-5.48046E-3,-5.48534E-3,-5.43217E-3,-5.64262E-3,-5.51844E-3,-5.73745E-3,-5.61909E-3,-5.28727E-3,-5.01054E-3,-4.90591E-3,-5.59688E-3,-4.89679E-3,-5.37127E-3,-5.22559E-3,-5.35568E-3,-4.99435E-3,-5.07362E-3,-4.53939E-3,-4.76280E-3,-5.35241E-3,-5.05617E-3,-4.65989E-3,-4.63349E-3,-5.22861E-3,-5.40306E-3,-4.66203E-3,-4.28786E-3,-5.51629E-3,-5.47670E-3
1.14991E+3,1.32842E-5,1.80007E-4,1.54708E-4,4.33932E-5,1.47582E-5,-6.03666E-5,-2.12440E-4,1.83268E-4,-2.01805E-4,-7.89384E-5,1.66433E-4,-3.27141E-5,-9.72472E-5,2.72979E-5,-9.96382E-5,-4.49786E-4,-1.03886E-4,-1.87503E-4,-1.84447E-4,-5.52125E-4,-8.29243E-4,-6.62818E-4,-1.79661E-3,-1.86092E-3,-2.13732E-3,-2.44657E-3,-2.82112E-3,-3.51290E-3,-4.20587E-3,-4.67303E-3,-5.48963E-3,-6.10521E-3,-6.04629E-3,-6.22371E-3,-7.76053E-3,-7.47701E-3,-7.84775E-3,-8.01153E-3,-7.54957E-3,-7.96831E-3,-7.93425E-3,-8.16007E-3,-7.84557E-3,-7.55912E-3,-8.11005E-3,-7.71504E-3,-8.89682E-3,-8.00032E-3,-8.10638E-3,-8.21980E-3,-8.63191E-3,-8.47270E-3,-8.35578E-3,-7.93406E-3,-8.35529E-3,-7.83757E-3,-7.40403E-3,-8.51461E-3,-7.94798E-3,-8.18691E-3,-7.79751E-3,-7.94369E-3,-7.95089E-3,-7.12274E-3,-8.37818E-3,-8.68738E-3,-7.54772E-3,-8.06125E-3,-7.40638E-3,-8.40483E-3,-7.95210E-3,-8.32439E-3,-7.67150E-3,-8.32578E-3,-8.24270E-3,-8.04239E-3,-8.64734E-3,-7.93014E-3,-8.37153E-3,-8.87471E-3,-8.98704E-3,-9.08160E-3,-8.28906E-3,-7.80460E-3,-8.81111E-3,-8.43732E-3,-7.98771E-3,-7.95007E-3,-7.86677E-3,-8.90701E-3,-7.71851E-3,-8.23414E-3,-8.16219E-3,-8.93886E-3,-8.34576E-3,-9.12809E-3,-8.64757E-3,-7.48782E-3,-7.81568E-3,-8.05179E-3,-7.99644E-3,-8.34808E-3,-8.02602E-3,-7.68948E-3,-7.68777E-3,-7.59305E-3,-7.54659E-3,-7.75069E-3,-7.32350E-3,-6.99003E-3,-8.05383E-3,-7.96712E-3,-7.59178E-3,-6.56802E-3,-7.45206E-3,-6.93069E-3,-7.47971E-3,-6.99577E-3,-7.23741E-3,-7.05690E-3,-6.92949E-3,-6.90504E-3,-7.22086E-3,-6.01920E-3,-6.08174E-3,-6.13038E-3,-6.46849E-3,-5.76291E-3,-5.61053E-3,-5.89253E-3,-6.21280E-3,-6.72625E-3,-5.58348E-3,-6.08083E-3,-6.09161E-3,-6.28103E-3,-5.98783E-3,-6.09996E-3,-5.51324E-3,-5.47054E-3,-5.52199E-3,-5.63591E-3,-5.59499E-3,-5.80372E-3,-5.71067E-3,-5.44417E-3,-4.99370E-3,-4.98982E-3,-5.79781E-3,-4.98007E-3,-5.35680E-3,-5.36827E-3,-5.33413E-3,-5.08922E-3,-5.08517E-3,-4.62314E-3,-4.83771E-3,-5.39800E-3,-5.15576E-3,-4.76813E-3,-4.72429E-3,-5.22545E-3,-5.47365E-3,-4.77046E-3,-4.36971E-3,-5.55246E-3,-5.53768E-3
1.15337E+3,1.48233E-5,1.95110E-4,1.81578E-4,-7.49162E-6,2.05094E-5,-4.71106E-5,-2.72241E-4,1.86892E-4,-1.29399E-4,-1.13642E-4,1.26955E-4,-5.40468E-5,-1.27046E-4,1.28493E-4,-1.03383E-4,-4.26158E-4,-5.99058E-5,-5.39386E-5,-1.00330E-4,-4.87512E-4,-8.06634E-4,-6.42927E-4,-1.76210E-3,-1.85955E-3,-2.17167E-3,-2.47261E-3,-2.84497E-3,-3.57479E-3,-4.18454E-3,-4.69836E-3,-5.45608E-3,-6.04917E-3,-6.10473E-3,-6.27466E-3,-7.93020E-3,-7.53059E-3,-7.87848E-3,-8.09281E-3,-7.61230E-3,-8.13029E-3,-8.01141E-3,-8.19870E-3,-7.91513E-3,-7.60720E-3,-8.12571E-3,-7.82109E-3,-9.02369E-3,-8.05895E-3,-8.17605E-3,-8.26252E-3,-8.78771E-3,-8.60655E-3,-8.34068E-3,-7.94855E-3,-8.46924E-3,-7.93312E-3,-7.44048E-3,-8.53763E-3,-8.07313E-3,-8.21127E-3,-7.81178E-3,-7.99430E-3,-8.04295E-3,-7.22676E-3,-8.55436E-3,-8.72391E-3,-7.63707E-3,-8.05721E-3,-7.38532E-3,-8.46721E-3,-7.96547E-3,-8.38188E-3,-7.80757E-3,-8.35430E-3,-8.23900E-3,-8.05231E-3,-8.65103E-3,-7.98919E-3,-8.41108E-3,-9.00884E-3,-9.10443E-3,-9.15089E-3,-8.39185E-3,-7.88185E-3,-8.82443E-3,-8.50952E-3,-8.07449E-3,-7.98959E-3,-7.96104E-3,-8.97183E-3,-7.75801E-3,-8.16705E-3,-8.19175E-3,-9.05020E-3,-8.36830E-3,-9.14057E-3,-8.71624E-3,-7.47133E-3,-7.80930E-3,-7.96263E-3,-8.04594E-3,-8.45133E-3,-8.16499E-3,-7.75501E-3,-7.60156E-3,-7.60210E-3,-7.54662E-3,-7.75135E-3,-7.33941E-3,-6.99574E-3,-8.10241E-3,-7.92745E-3,-7.57391E-3,-6.64152E-3,-7.39247E-3,-6.94587E-3,-7.35165E-3,-6.92142E-3,-7.29408E-3,-7.01782E-3,-6.87701E-3,-6.92186E-3,-7.34501E-3,-6.13532E-3,-6.13835E-3,-6.16594E-3,-6.51548E-3,-5.77352E-3,-5.57195E-3,-5.79161E-3,-6.15518E-3,-6.77194E-3,-5.58939E-3,-6.10906E-3,-6.11677E-3,-6.31224E-3,-5.92066E-3,-6.11409E-3,-5.37811E-3,-5.41379E-3,-5.42192E-3,-5.71733E-3,-5.68662E-3,-5.77542E-3,-5.74604E-3,-5.44297E-3,-4.96260E-3,-4.97150E-3,-5.74071E-3,-4.92085E-3,-5.42550E-3,-5.35098E-3,-5.46846E-3,-5.12341E-3,-5.18137E-3,-4.64159E-3,-4.78054E-3,-5.48466E-3,-5.13326E-3,-4.73619E-3,-4.70987E-3,-5.23749E-3,-5.45595E-3,-4.79482E-3,-4.36896E-3,-5.66784E-3,-5.55991E-3
1.15684E+3,-1.72673E-5,1.69524E-4,2.03510E-4,2.18420E-5,3.38261E-6,-2.26435E-5,-1.83319E-4,6.80269E-5,-1.90950E-4,-8.12892E-5,1.13230E-4,-2.35670E-5,-1.42097E-4,1.70097E-4,-8.84792E-5,-4.29448E-4,-9.14775E-5,-1.19690E-4,-1.49674E-4,-5.14707E-4,-8.94836E-4,-6.48199E-4,-1.85572E-3,-1.92344E-3,-2.18474E-3,-2.53740E-3,-2.93830E-3,-3.66767E-3,-4.26624E-3,-4.78475E-3,-5.57389E-3,-6.20034E-3,-6.20736E-3,-6.45895E-3,-8.05150E-3,-7.63757E-3,-8.04964E-3,-8.24995E-3,-7.75066E-3,-8.23428E-3,-8.19820E-3,-8.44127E-3,-8.07295E-3,-7.79184E-3,-8.28944E-3,-8.00746E-3,-9.26657E-3,-8.19715E-3,-8.35899E-3,-8.47174E-3,-8.89471E-3,-8.81918E-3,-8.50987E-3,-8.10081E-3,-8.63582E-3,-8.14554E-3,-7.60195E-3,-8.64957E-3,-8.19873E-3,-8.38493E-3,-8.00812E-3,-8.10864E-3,-8.18943E-3,-7.36823E-3,-8.67236E-3,-8.85637E-3,-7.71841E-3,-8.17461E-3,-7.55268E-3,-8.57429E-3,-8.11064E-3,-8.62610E-3,-7.92140E-3,-8.45422E-3,-8.35371E-3,-8.18792E-3,-8.77059E-3,-8.14165E-3,-8.60473E-3,-9.10858E-3,-9.28142E-3,-9.21918E-3,-8.40461E-3,-8.06863E-3,-8.88155E-3,-8.69814E-3,-8.20626E-3,-8.19511E-3,-8.23959E-3,-9.05573E-3,-7.87262E-3,-8.39223E-3,-8.32935E-3,-9.11631E-3,-8.41669E-3,-9.22170E-3,-8.74357E-3,-7.60754E-3,-7.91993E-3,-8.04894E-3,-8.11286E-3,-8.55898E-3,-8.28858E-3,-7.85719E-3,-7.67423E-3,-7.64419E-3,-7.64424E-3,-7.76058E-3,-7.44843E-3,-7.10221E-3,-8.30040E-3,-7.93395E-3,-7.70270E-3,-6.60014E-3,-7.50616E-3,-7.08374E-3,-7.46305E-3,-7.01511E-3,-7.37514E-3,-7.02461E-3,-6.84242E-3,-6.90934E-3,-7.33976E-3,-6.10350E-3,-6.13944E-3,-6.18572E-3,-6.52569E-3,-5.88541E-3,-5.62674E-3,-5.86443E-3,-6.23148E-3,-6.81059E-3,-5.65161E-3,-6.23058E-3,-6.15897E-3,-6.48841E-3,-6.05322E-3,-6.21225E-3,-5.42994E-3,-5.40274E-3,-5.56036E-3,-5.79783E-3,-5.80102E-3,-5.83978E-3,-5.83509E-3,-5.51697E-3,-5.04871E-3,-5.04207E-3,-5.93934E-3,-5.01786E-3,-5.43090E-3,-5.43766E-3,-5.49146E-3,-5.29794E-3,-5.22026E-3,-4.74164E-3,-4.82057E-3,-5.50464E-3,-5.18708E-3,-4.81944E-3,-4.68258E-3,-5.38007E-3,-5.52133E-3,-4.88416E-3,-4.46425E-3,-5.66610E-3,-5.58994E-3
1.16031E+3,-8.40038E-6,1.10540E-4,2.20543E-4,3.90218E-5,1.38019E-5,-5.29573E-5,-2.40373E-4,1.06997E-4,-1.49744E-4,-9.79953E-5,1.29086E-4,-1.14169E-5,-1.56432E-4,1.99137E-4,-1.01808E-4,-5.13249E-4,-9.75858E-5,-5.88619E-5,-1.07960E-4,-4.61994E-4,-8.33586E-4,-6.20610E-4,-1.85906E-3,-1.85680E-3,-2.17012E-3,-2.59306E-3,-2.92263E-3,-3.68755E-3,-4.26021E-3,-4.83863E-3,-5.66932E-3,-6.28631E-3,-6.28740E-3,-6.49960E-3,-8.20734E-3,-7.84655E-3,-8.12663E-3,-8.37592E-3,-7.93006E-3,-8.44140E-3,-8.31085E-3,-8.55084E-3,-8.28077E-3,-7.87227E-3,-8.47612E-3,-8.15146E-3,-9.29652E-3,-8.39202E-3,-8.49455E-3,-8.59878E-3,-9.03221E-3,-8.99091E-3,-8.61071E-3,-8.17864E-3,-8.78055E-3,-8.29557E-3,-7.61339E-3,-8.87502E-3,-8.47757E-3,-8.45041E-3,-8.15484E-3,-8.27320E-3,-8.30361E-3,-7.39029E-3,-8.83930E-3,-9.03800E-3,-7.86623E-3,-8.39224E-3,-7.70208E-3,-8.76557E-3,-8.21952E-3,-8.67389E-3,-7.95682E-3,-8.56405E-3,-8.44291E-3,-8.29289E-3,-8.96160E-3,-8.25360E-3,-8.79663E-3,-9.26836E-3,-9.39822E-3,-9.42910E-3,-8.61318E-3,-8.21680E-3,-9.05369E-3,-8.82610E-3,-8.25037E-3,-8.29082E-3,-8.21645E-3,-9.17421E-3,-7.99043E-3,-8.48084E-3,-8.48855E-3,-9.19279E-3,-8.62716E-3,-9.38269E-3,-8.87343E-3,-7.70724E-3,-8.02128E-3,-8.04583E-3,-8.27525E-3,-8.61582E-3,-8.36201E-3,-7.97210E-3,-7.75077E-3,-7.82499E-3,-7.68735E-3,-7.84059E-3,-7.53152E-3,-7.18716E-3,-8.36122E-3,-8.05684E-3,-7.75562E-3,-6.72141E-3,-7.61678E-3,-7.08151E-3,-7.58617E-3,-7.03659E-3,-7.53376E-3,-7.16799E-3,-7.01163E-3,-6.97074E-3,-7.28804E-3,-6.18209E-3,-6.27052E-3,-6.17341E-3,-6.61838E-3,-5.93541E-3,-5.69899E-3,-5.84254E-3,-6.28737E-3,-6.87381E-3,-5.63558E-3,-6.13045E-3,-6.23539E-3,-6.60888E-3,-6.10207E-3,-6.22451E-3,-5.41250E-3,-5.46845E-3,-5.46694E-3,-5.93810E-3,-5.89627E-3,-5.92715E-3,-6.02256E-3,-5.59820E-3,-5.06237E-3,-5.02913E-3,-5.95717E-3,-5.02113E-3,-5.44044E-3,-5.51054E-3,-5.55575E-3,-5.33709E-3,-5.30464E-3,-4.96665E-3,-4.79944E-3,-5.64630E-3,-5.18334E-3,-4.81591E-3,-4.74083E-3,-5.29233E-3,-5.66951E-3,-4.93152E-3,-4.59899E-3,-5.80276E-3,-5.69340E-3
1.16377E+3,1.44986E-5,1.51187E-4,2.20569E-4,-5.63130E-6,-4.68064E-5,-1.64915E-5,-1.76588E-4,1.09105E-4,-1.54970E-4,-1.25089E-4,1.04863E-4,-3.79229E-5,-1.63571E-4,3.13863E-4,-1.87015E-4,-5.28512E-4,-7.11687E-5,-7.85554E-5,-1.61407E-4,-4.26342E-4,-8.14611E-4,-6.29778E-4,-1.84318E-3,-1.89682E-3,-2.18108E-3,-2.66189E-3,-2.94326E-3,-3.81342E-3,-4.26823E-3,-4.96362E-3,-5.76363E-3,-6.35956E-3,-6.42448E-3,-6.69428E-3,-8.32356E-3,-7.94191E-3,-8.26296E-3,-8.65775E-3,-8.13172E-3,-8.65511E-3,-8.61348E-3,-8.76726E-3,-8.52320E-3,-8.11159E-3,-8.66390E-3,-8.35088E-3,-9.49974E-3,-8.59339E-3,-8.70599E-3,-8.83564E-3,-9.21106E-3,-9.23404E-3,-8.86620E-3,-8.37637E-3,-8.97533E-3,-8.48224E-3,-7.81922E-3,-8.96998E-3,-8.63848E-3,-8.68390E-3,-8.36864E-3,-8.42471E-3,-8.52252E-3,-7.61271E-3,-9.03513E-3,-9.12445E-3,-8.03317E-3,-8.55617E-3,-7.86622E-3,-8.91060E-3,-8.36468E-3,-8.85687E-3,-8.12066E-3,-8.73891E-3,-8.59525E-3,-8.45090E-3,-9.10461E-3,-8.45685E-3,-8.97136E-3,-9.44349E-3,-9.57204E-3,-9.67727E-3,-8.78624E-3,-8.39027E-3,-9.26073E-3,-9.01383E-3,-8.37738E-3,-8.46821E-3,-8.40195E-3,-9.34332E-3,-8.02142E-3,-8.63369E-3,-8.65994E-3,-9.38929E-3,-8.78334E-3,-9.50553E-3,-8.97825E-3,-7.85973E-3,-8.14434E-3,-8.15031E-3,-8.41453E-3,-8.89291E-3,-8.55748E-3,-8.11975E-3,-7.75577E-3,-7.85841E-3,-7.79208E-3,-8.06132E-3,-7.60719E-3,-7.35390E-3,-8.46313E-3,-8.18072E-3,-7.89116E-3,-6.88176E-3,-7.73173E-3,-7.12132E-3,-7.59274E-3,-7.17820E-3,-7.63739E-3,-7.28395E-3,-7.16502E-3,-7.16978E-3,-7.35073E-3,-6.33471E-3,-6.35227E-3,-6.31772E-3,-6.68913E-3,-6.04454E-3,-5.85246E-3,-5.85625E-3,-6.28077E-3,-7.02801E-3,-5.69653E-3,-6.30667E-3,-6.40437E-3,-6.85879E-3,-6.10535E-3,-6.26636E-3,-5.40752E-3,-5.39377E-3,-5.44618E-3,-6.11850E-3,-6.08140E-3,-6.08714E-3,-6.12061E-3,-5.73061E-3,-5.15012E-3,-5.13718E-3,-6.25957E-3,-5.19855E-3,-5.54824E-3,-5.70555E-3,-5.69441E-3,-5.47657E-3,-5.46057E-3,-5.07686E-3,-4.85188E-3,-5.73635E-3,-5.28617E-3,-5.06910E-3,-4.80474E-3,-5.48319E-3,-5.67966E-3,-5.03517E-3,-4.63026E-3,-5.92655E-3,-5.84870E-3
1.16724E+3,-1.81820E-5,1.66184E-4,2.88975E-4,1.43287E-5,-2.50171E-5,-8.75419E-7,-1.79184E-4,8.13131E-5,-1.63749E-4,-1.15577E-4,7.70127E-5,-6.21898E-5,-2.03285E-4,3.50394E-4,-2.10148E-4,-4.75383E-4,-9.86124E-5,-4.93333E-5,-6.97211E-5,-4.77551E-4,-8.22536E-4,-6.34346E-4,-1.82494E-3,-1.79007E-3,-2.15379E-3,-2.65469E-3,-2.98679E-3,-3.80076E-3,-4.27933E-3,-4.89650E-3,-5.69581E-3,-6.34288E-3,-6.42049E-3,-6.68608E-3,-8.39546E-3,-7.95339E-3,-8.30477E-3,-8.65386E-3,-8.13763E-3,-8.77142E-3,-8.63308E-3,-8.82617E-3,-8.54211E-3,-8.22800E-3,-8.72432E-3,-8.33647E-3,-9.59409E-3,-8.72564E-3,-8.76493E-3,-8.91943E-3,-9.30361E-3,-9.30996E-3,-8.86284E-3,-8.39692E-3,-9.03937E-3,-8.51092E-3,-7.84856E-3,-9.07201E-3,-8.63833E-3,-8.70685E-3,-8.32044E-3,-8.51744E-3,-8.51100E-3,-7.59095E-3,-9.16798E-3,-9.31326E-3,-8.08740E-3,-8.55723E-3,-7.81095E-3,-8.98671E-3,-8.41523E-3,-9.01136E-3,-8.12850E-3,-8.72188E-3,-8.68316E-3,-8.51318E-3,-9.22752E-3,-8.37586E-3,-8.97324E-3,-9.46580E-3,-9.73694E-3,-9.67772E-3,-8.83442E-3,-8.39532E-3,-9.22715E-3,-9.10112E-3,-8.45285E-3,-8.44053E-3,-8.39791E-3,-9.32439E-3,-7.99395E-3,-8.65955E-3,-8.72961E-3,-9.36098E-3,-8.82697E-3,-9.49358E-3,-9.02230E-3,-7.83923E-3,-8.07377E-3,-8.22650E-3,-8.51410E-3,-8.88899E-3,-8.48924E-3,-8.10588E-3,-7.83502E-3,-7.86234E-3,-7.69617E-3,-8.02133E-3,-7.71939E-3,-7.24128E-3,-8.49929E-3,-8.20505E-3,-7.87125E-3,-6.78927E-3,-7.72970E-3,-7.20905E-3,-7.77724E-3,-7.08713E-3,-7.62060E-3,-7.32788E-3,-7.01504E-3,-7.11507E-3,-7.44709E-3,-6.40294E-3,-6.31578E-3,-6.33396E-3,-6.56563E-3,-5.95911E-3,-5.78054E-3,-5.87700E-3,-6.32812E-3,-7.06354E-3,-5.66481E-3,-6.35147E-3,-6.37394E-3,-6.98893E-3,-6.04871E-3,-6.21395E-3,-5.30527E-3,-5.38787E-3,-5.39566E-3,-6.08896E-3,-6.06271E-3,-6.11398E-3,-6.14256E-3,-5.71374E-3,-5.20402E-3,-5.19851E-3,-6.27446E-3,-5.12969E-3,-5.67904E-3,-5.79783E-3,-5.76061E-3,-5.49774E-3,-5.57139E-3,-5.05967E-3,-4.75824E-3,-5.66198E-3,-5.35347E-3,-5.15003E-3,-4.77648E-3,-5.45546E-3,-5.65112E-3,-5.08504E-3,-4.65003E-3,-5.91373E-3,-5.80498E-3
1.17071E+3,-3.49952E-5,8.23832E-5,2.92996E-4,-4.28985E-5,2.16595E-5,4.43209E-5,-1.73058E-4,8.19518E-5,-1.32310E-4,-7.47563E-5,1.31369E-6,-7.16899E-5,-1.46937E-4,3.30856E-4,-1.78837E-4,-4.35616E-4,-9.34457E-5,-1.92198E-5,-6.82337E-5,-4.82359E-4,-8.51068E-4,-6.32494E-4,-1.88045E-3,-1.87226E-3,-2.16865E-3,-2.69092E-3,-2.96590E-3,-3.89999E-3,-4.24311E-3,-5.02391E-3,-5.85872E-3,-6.38946E-3,-6.54478E-3,-6.84944E-3,-8.56770E-3,-8.12358E-3,-8.43076E-3,-8.81992E-3,-8.24950E-3,-8.92393E-3,-8.88293E-3,-9.02924E-3,-8.68394E-3,-8.37116E-3,-8.93166E-3,-8.51353E-3,-9.74237E-3,-8.90900E-3,-8.92526E-3,-9.15337E-3,-9.45243E-3,-9.48807E-3,-9.01006E-3,-8.60210E-3,-9.19479E-3,-8.67638E-3,-7.98765E-3,-9.20109E-3,-8.84005E-3,-8.87486E-3,-8.51571E-3,-8.59950E-3,-8.63967E-3,-7.74471E-3,-9.37455E-3,-9.37626E-3,-8.30118E-3,-8.79240E-3,-8.03347E-3,-9.06008E-3,-8.57197E-3,-9.13942E-3,-8.23034E-3,-8.91609E-3,-8.81254E-3,-8.63233E-3,-9.40819E-3,-8.57856E-3,-9.17230E-3,-9.65857E-3,-9.84173E-3,-9.89810E-3,-8.98734E-3,-8.52052E-3,-9.41073E-3,-9.25137E-3,-8.49849E-3,-8.56366E-3,-8.57728E-3,-9.58265E-3,-8.14873E-3,-8.76160E-3,-8.86505E-3,-9.56642E-3,-8.90054E-3,-9.58066E-3,-9.02787E-3,-7.91495E-3,-8.21116E-3,-8.29235E-3,-8.54097E-3,-8.97930E-3,-8.58854E-3,-8.25461E-3,-7.96214E-3,-7.97987E-3,-7.85035E-3,-8.11651E-3,-7.76578E-3,-7.41138E-3,-8.66433E-3,-8.29637E-3,-8.01049E-3,-6.97460E-3,-7.84897E-3,-7.31354E-3,-7.80025E-3,-7.12390E-3,-7.69729E-3,-7.46191E-3,-7.15855E-3,-7.23388E-3,-7.52447E-3,-6.50687E-3,-6.44129E-3,-6.43926E-3,-6.71801E-3,-6.06098E-3,-5.86246E-3,-5.83755E-3,-6.33295E-3,-7.08884E-3,-5.79436E-3,-6.30567E-3,-6.43168E-3,-7.12918E-3,-6.19056E-3,-6.22864E-3,-5.31612E-3,-5.41415E-3,-5.48756E-3,-6.24428E-3,-6.35633E-3,-6.10603E-3,-6.21351E-3,-5.90592E-3,-5.21427E-3,-5.15922E-3,-6.41136E-3,-5.19368E-3,-5.77091E-3,-5.72753E-3,-5.86836E-3,-5.59945E-3,-5.57486E-3,-5.14891E-3,-4.89420E-3,-5.79030E-3,-5.37271E-3,-5.33742E-3,-4.82957E-3,-5.44668E-3,-5.72422E-3,-5.12335E-3,-4.78714E-3,-6.01672E-3,-5.81579E-3
1.17418E+3,-6.01740E-5,9.94170E-5,3.54854E-4,-6.74971E-5,-4.38690E-5,7.06818E-5,-1.10977E-4,8.12147E-5,-1.53830E-4,-8.15424E-5,-4.58041E-6,-3.24197E-5,-1.84850E-4,3.60913E-4,-2.27341E-4,-3.71826E-4,-1.17146E-4,-3.69494E-5,-3.04020E-5,-4.06054E-4,-8.25698E-4,-6.23335E-4,-1.95954E-3,-1.86022E-3,-2.17789E-3,-2.71504E-3,-3.04310E-3,-3.86009E-3,-4.23263E-3,-5.12592E-3,-5.83084E-3,-6.46134E-3,-6.61003E-3,-6.99716E-3,-8.65438E-3,-8.18724E-3,-8.56120E-3,-9.04699E-3,-8.45038E-3,-9.07780E-3,-9.04781E-3,-9.18665E-3,-8.91185E-3,-8.56215E-3,-9.10207E-3,-8.63598E-3,-9.91792E-3,-9.09638E-3,-9.11732E-3,-9.27843E-3,-9.64104E-3,-9.74043E-3,-9.10646E-3,-8.75134E-3,-9.45022E-3,-8.77579E-3,-8.12515E-3,-9.34848E-3,-9.00962E-3,-8.94973E-3,-8.66993E-3,-8.78135E-3,-8.80429E-3,-7.88445E-3,-9.52795E-3,-9.58869E-3,-8.36076E-3,-8.88863E-3,-8.12929E-3,-9.16581E-3,-8.65723E-3,-9.22704E-3,-8.34378E-3,-9.00073E-3,-8.90807E-3,-8.75294E-3,-9.59076E-3,-8.70704E-3,-9.28240E-3,-9.77890E-3,-1.00176E-2,-1.00412E-2,-9.12230E-3,-8.66993E-3,-9.45243E-3,-9.37734E-3,-8.64331E-3,-8.78395E-3,-8.63053E-3,-9.74747E-3,-8.26627E-3,-8.84330E-3,-9.06919E-3,-9.59439E-3,-9.04786E-3,-9.62944E-3,-9.15913E-3,-8.02586E-3,-8.33363E-3,-8.37176E-3,-8.64976E-3,-9.15807E-3,-8.76843E-3,-8.38863E-3,-7.96314E-3,-8.00697E-3,-7.84636E-3,-8.22074E-3,-7.81750E-3,-7.47020E-3,-8.86268E-3,-8.41099E-3,-8.06822E-3,-6.99749E-3,-8.00334E-3,-7.37490E-3,-7.98570E-3,-7.16662E-3,-7.90010E-3,-7.61548E-3,-7.22963E-3,-7.34915E-3,-7.56486E-3,-6.55265E-3,-6.60940E-3,-6.50554E-3,-6.73369E-3,-6.13245E-3,-5.94812E-3,-5.83826E-3,-6.38892E-3,-7.20741E-3,-5.76049E-3,-6.33143E-3,-6.44057E-3,-7.31911E-3,-6.22566E-3,-6.37795E-3,-5.30311E-3,-5.42096E-3,-5.48490E-3,-6.31136E-3,-6.39974E-3,-6.21030E-3,-6.33889E-3,-5.95460E-3,-5.32130E-3,-5.22438E-3,-6.49915E-3,-5.26085E-3,-5.92073E-3,-5.90245E-3,-5.96118E-3,-5.73856E-3,-5.72646E-3,-5.27968E-3,-4.91440E-3,-5.72518E-3,-5.45226E-3,-5.48326E-3,-4.67826E-3,-5.60189E-3,-5.75364E-3,-5.16400E-3,-4.89832E-3,-6.01943E-3,-5.84758E-3
1.17765E+3,-5.86079E-5,2.62419E-5,3.38165E-4,-3.25339E-5,-1.33107E-5,6.33385E-5,-1.50844E-4,-2.36745E-5,-6.02367E-5,-9.57535E-5,6.74690E-5,-9.60721E-5,-1.38455E-4,4.07940E-4,-2.33665E-4,-4.20697E-4,-1.08714E-4,-1.20613E-4,-3.07455E-5,-3.75351E-4,-8.42370E-4,-7.01588E-4,-1.93619E-3,-1.89190E-3,-2.18192E-3,-2.84704E-3,-3.04992E-3,-3.95502E-3,-4.35371E-3,-5.15853E-3,-5.93139E-3,-6.52812E-3,-6.76376E-3,-7.15181E-3,-8.75454E-3,-8.33558E-3,-8.68847E-3,-9.09562E-3,-8.54543E-3,-9.18940E-3,-9.17183E-3,-9.25990E-3,-9.06305E-3,-8.70729E-3,-9.20604E-3,-8.79421E-3,-1.00727E-2,-9.18654E-3,-9.28490E-3,-9.47469E-3,-9.71466E-3,-9.88321E-3,-9.22303E-3,-8.88983E-3,-9.47580E-3,-8.97348E-3,-8.21511E-3,-9.52609E-3,-9.15158E-3,-9.11283E-3,-8.70147E-3,-8.83776E-3,-8.89497E-3,-7.95031E-3,-9.61082E-3,-9.63659E-3,-8.52635E-3,-9.04759E-3,-8.24185E-3,-9.31960E-3,-8.69684E-3,-9.33162E-3,-8.33241E-3,-9.07315E-3,-9.00069E-3,-8.75923E-3,-9.74437E-3,-8.81255E-3,-9.44231E-3,-9.95394E-3,-1.01450E-2,-1.01729E-2,-9.27441E-3,-8.79042E-3,-9.59048E-3,-9.50004E-3,-8.74748E-3,-8.82540E-3,-8.78061E-3,-9.77171E-3,-8.28692E-3,-9.02215E-3,-9.14390E-3,-9.81935E-3,-9.13083E-3,-9.85698E-3,-9.21116E-3,-8.19707E-3,-8.39026E-3,-8.47342E-3,-8.69707E-3,-9.23095E-3,-8.85454E-3,-8.47608E-3,-8.05866E-3,-8.11073E-3,-8.05786E-3,-8.38698E-3,-7.95028E-3,-7.53937E-3,-9.00766E-3,-8.51181E-3,-8.23656E-3,-7.16969E-3,-8.27284E-3,-7.53493E-3,-8.12838E-3,-7.17081E-3,-8.02052E-3,-7.68095E-3,-7.42947E-3,-7.35251E-3,-7.60568E-3,-6.65103E-3,-6.50546E-3,-6.62404E-3,-6.72668E-3,-6.19057E-3,-6.00616E-3,-5.92629E-3,-6.44697E-3,-7.33994E-3,-5.90051E-3,-6.43066E-3,-6.60588E-3,-7.55186E-3,-6.28062E-3,-6.45301E-3,-5.38013E-3,-5.33884E-3,-5.51346E-3,-6.46195E-3,-6.44589E-3,-6.22424E-3,-6.36641E-3,-6.01905E-3,-5.31565E-3,-5.39022E-3,-6.51417E-3,-5.37018E-3,-5.89306E-3,-5.97765E-3,-6.07990E-3,-5.83562E-3,-5.84839E-3,-5.45614E-3,-4.97956E-3,-5.82970E-3,-5.55661E-3,-5.57491E-3,-4.77977E-3,-5.61288E-3,-5.75906E-3,-5.20203E-3,-4.88838E-3,-6.11707E-3,-6.00021E-3
1.18112E+3,1.58328E-5,4.69119E-5,3.23428E-4,-1.43740E-4,3.70504E-5,1.45225E-4,-6.06682E-5,3.63300E-5,-1.46850E-4,-7.79254E-5,1.47672E-5,-9.32387E-5,-1.91619E-4,3.56538E-4,-2.62042E-4,-4.02420E-4,-1.73121E-4,-1.24469E-4,-1.03767E-4,-3.56293E-4,-8.13492E-4,-6.84134E-4,-1.96597E-3,-1.94488E-3,-2.29065E-3,-2.79381E-3,-3.08283E-3,-4.07231E-3,-4.34858E-3,-5.20780E-3,-6.04063E-3,-6.63657E-3,-6.74981E-3,-7.18971E-3,-8.88006E-3,-8.58291E-3,-8.76378E-3,-9.21817E-3,-8.71761E-3,-9.33953E-3,-9.34961E-3,-9.45603E-3,-9.28019E-3,-8.88580E-3,-9.34208E-3,-8.88591E-3,-1.01721E-2,-9.32895E-3,-9.38424E-3,-9.59068E-3,-9.79449E-3,-9.93720E-3,-9.34268E-3,-9.00044E-3,-9.62487E-3,-8.99058E-3,-8.36205E-3,-9.55538E-3,-9.29299E-3,-9.19330E-3,-8.88733E-3,-8.97953E-3,-9.07724E-3,-8.13813E-3,-9.77048E-3,-9.74547E-3,-8.62841E-3,-9.15749E-3,-8.44297E-3,-9.39570E-3,-8.86705E-3,-9.49389E-3,-8.33019E-3,-9.21586E-3,-9.19573E-3,-8.86310E-3,-9.85272E-3,-8.90632E-3,-9.58863E-3,-1.00421E-2,-1.02727E-2,-1.02889E-2,-9.43302E-3,-8.87506E-3,-9.78354E-3,-9.57709E-3,-8.86422E-3,-8.96533E-3,-8.86331E-3,-1.00346E-2,-8.41574E-3,-9.12742E-3,-9.35111E-3,-9.91611E-3,-9.24142E-3,-9.87914E-3,-9.36000E-3,-8.29586E-3,-8.49576E-3,-8.51742E-3,-8.85685E-3,-9.29156E-3,-8.85615E-3,-8.51425E-3,-8.19432E-3,-8.29251E-3,-8.09137E-3,-8.47016E-3,-7.99963E-3,-7.69289E-3,-9.04808E-3,-8.53814E-3,-8.35635E-3,-7.20307E-3,-8.28062E-3,-7.67499E-3,-8.22246E-3,-7.24877E-3,-8.18205E-3,-7.87113E-3,-7.55874E-3,-7.49074E-3,-7.73901E-3,-6.83332E-3,-6.64475E-3,-6.74891E-3,-6.84310E-3,-6.16352E-3,-6.18947E-3,-5.89212E-3,-6.52464E-3,-7.40563E-3,-5.95091E-3,-6.43994E-3,-6.59964E-3,-7.70305E-3,-6.32261E-3,-6.40598E-3,-5.29158E-3,-5.24730E-3,-5.52640E-3,-6.46832E-3,-6.49675E-3,-6.30533E-3,-6.53326E-3,-6.07507E-3,-5.39467E-3,-5.32606E-3,-6.66863E-3,-5.50701E-3,-6.01194E-3,-6.09439E-3,-6.17146E-3,-5.88764E-3,-5.89935E-3,-5.48001E-3,-4.97900E-3,-5.91608E-3,-5.63223E-3,-5.75376E-3,-4.87364E-3,-5.68126E-3,-5.81524E-3,-5.26337E-3,-4.97816E-3,-6.19287E-3,-5.99436E-3
1.18459E+3,-4.60398E-5,8.28921E-6,3.40066E-4,-8.23301E-5,1.67191E-5,1.07030E-4,-7.83364E-5,6.12690E-5,-5.52207E-5,-1.31337E-4,9.03028E-5,-1.33524E-4,-2.24254E-4,3.66582E-4,-2.39215E-4,-4.43019E-4,-1.78640E-4,-1.81064E-5,-3.43996E-5,-3.29113E-4,-8.32609E-4,-6.76967E-4,-1.96117E-3,-1.80258E-3,-2.28911E-3,-2.90529E-3,-3.17803E-3,-4.15424E-3,-4.45888E-3,-5.32505E-3,-6.14139E-3,-6.73786E-3,-6.93199E-3,-7.38375E-3,-9.04125E-3,-8.58933E-3,-8.88063E-3,-9.41426E-3,-8.78726E-3,-9.45926E-3,-9.55904E-3,-9.60535E-3,-9.43983E-3,-9.03326E-3,-9.47668E-3,-8.97966E-3,-1.02790E-2,-9.37886E-3,-9.56282E-3,-9.79011E-3,-9.94360E-3,-1.00990E-2,-9.44836E-3,-9.10103E-3,-9.71257E-3,-9.23376E-3,-8.43947E-3,-9.69608E-3,-9.36667E-3,-9.40330E-3,-9.03586E-3,-9.06015E-3,-9.04613E-3,-8.28586E-3,-9.83994E-3,-9.81271E-3,-8.81612E-3,-9.26362E-3,-8.44590E-3,-9.48492E-3,-8.93871E-3,-9.67268E-3,-8.34517E-3,-9.27026E-3,-9.34946E-3,-8.90425E-3,-9.97607E-3,-8.98174E-3,-9.79473E-3,-1.02133E-2,-1.04059E-2,-1.04374E-2,-9.49504E-3,-9.02798E-3,-9.84031E-3,-9.88754E-3,-8.99798E-3,-9.09578E-3,-9.08907E-3,-1.01371E-2,-8.48465E-3,-9.23308E-3,-9.46111E-3,-1.00177E-2,-9.34732E-3,-9.98998E-3,-9.30233E-3,-8.37581E-3,-8.51736E-3,-8.62052E-3,-9.03564E-3,-9.36607E-3,-9.06425E-3,-8.71462E-3,-8.27730E-3,-8.30289E-3,-8.24298E-3,-8.47371E-3,-8.13880E-3,-7.73451E-3,-9.16840E-3,-8.57809E-3,-8.39438E-3,-7.36957E-3,-8.47166E-3,-7.72923E-3,-8.42970E-3,-7.33960E-3,-8.31636E-3,-7.99100E-3,-7.63845E-3,-7.62999E-3,-7.69883E-3,-6.86577E-3,-6.89049E-3,-6.75917E-3,-6.82753E-3,-6.12313E-3,-6.14928E-3,-5.88913E-3,-6.44684E-3,-7.42433E-3,-6.00592E-3,-6.45976E-3,-6.70779E-3,-7.85420E-3,-6.37699E-3,-6.52938E-3,-5.24033E-3,-5.23882E-3,-5.51527E-3,-6.61054E-3,-6.65235E-3,-6.33095E-3,-6.48711E-3,-6.13005E-3,-5.42161E-3,-5.41635E-3,-6.78014E-3,-5.49824E-3,-6.03047E-3,-6.19552E-3,-6.19396E-3,-5.99479E-3,-6.13160E-3,-5.71281E-3,-4.91071E-3,-5.93732E-3,-5.71104E-3,-5.93384E-3,-4.76289E-3,-5.56217E-3,-5.81468E-3,-5.35100E-3,-5.04809E-3,-6.29676E-3,-6.01995E-3
1.18807E+3,-7.71556E-5,6.15888E-5,3.39106E-4,-1.49240E-4,5.49596E-5,1.48491E-4,-8.12228E-5,-3.54858E-5,-3.01994E-5,-1.48331E-4,-3.11017E-6,-1.21610E-5,-1.28004E-4,3.75019E-4,-3.14255E-4,-3.65858E-4,-2.29958E-4,-2.59466E-5,-8.72240E-5,-3.91382E-4,-8.68719E-4,-7.18268E-4,-1.98786E-3,-1.92500E-3,-2.25257E-3,-2.92103E-3,-3.20762E-3,-4.14565E-3,-4.41220E-3,-5.30129E-3,-6.20426E-3,-6.79783E-3,-6.99683E-3,-7.44379E-3,-9.13323E-3,-8.66093E-3,-9.01429E-3,-9.51772E-3,-8.86446E-3,-9.57716E-3,-9.68281E-3,-9.76878E-3,-9.46493E-3,-9.11807E-3,-9.63177E-3,-9.20996E-3,-1.03454E-2,-9.59434E-3,-9.54601E-3,-9.93636E-3,-1.00696E-2,-1.02573E-2,-9.60176E-3,-9.21180E-3,-9.82840E-3,-9.30530E-3,-8.66420E-3,-9.78749E-3,-9.55145E-3,-9.51752E-3,-9.14767E-3,-9.16164E-3,-9.20161E-3,-8.42493E-3,-1.00171E-2,-9.98012E-3,-9.03469E-3,-9.51129E-3,-8.62169E-3,-9.64895E-3,-9.06241E-3,-9.66239E-3,-8.49193E-3,-9.45236E-3,-9.52007E-3,-9.06403E-3,-1.01095E-2,-9.17563E-3,-9.86241E-3,-1.03023E-2,-1.05837E-2,-1.07083E-2,-9.71558E-3,-9.02678E-3,-1.00379E-2,-9.95459E-3,-9.05253E-3,-9.24170E-3,-9.13805E-3,-1.03333E-2,-8.67685E-3,-9.52840E-3,-9.72553E-3,-1.01353E-2,-9.54377E-3,-1.00234E-2,-9.40783E-3,-8.43595E-3,-8.59889E-3,-8.64449E-3,-9.15925E-3,-9.63795E-3,-9.12706E-3,-8.82018E-3,-8.36563E-3,-8.37249E-3,-8.21360E-3,-8.67033E-3,-8.19937E-3,-7.73350E-3,-9.40001E-3,-8.78563E-3,-8.52753E-3,-7.45494E-3,-8.55695E-3,-7.82572E-3,-8.42006E-3,-7.32957E-3,-8.40147E-3,-8.12526E-3,-7.68967E-3,-7.69162E-3,-7.82156E-3,-7.00566E-3,-6.88706E-3,-6.82186E-3,-6.82938E-3,-6.18820E-3,-6.39482E-3,-5.83032E-3,-6.52998E-3,-7.45834E-3,-6.10279E-3,-6.48786E-3,-6.70131E-3,-8.07249E-3,-6.26005E-3,-6.44151E-3,-5.27319E-3,-5.25135E-3,-5.53407E-3,-6.78160E-3,-6.68290E-3,-6.44294E-3,-6.68014E-3,-6.17208E-3,-5.48213E-3,-5.53734E-3,-6.92208E-3,-5.51977E-3,-6.08656E-3,-6.30453E-3,-6.31166E-3,-5.97341E-3,-6.14615E-3,-5.77603E-3,-5.05445E-3,-5.94196E-3,-5.77926E-3,-5.96588E-3,-4.80655E-3,-5.68595E-3,-5.79936E-3,-5.28249E-3,-5.00973E-3,-6.34874E-3,-5.98330E-3
1.19154E+3,-3.98966E-5,7.37837E-5,3.40912E-4,-1.35508E-4,-5.29171E-5,1.29417E-4,-2.00777E-5,2.57896E-5,-1.34293E-5,-1.08052E-4,-4.69029E-6,-1.24317E-4,-1.54516E-4,3.07550E-4,-2.24049E-4,-3.43644E-4,-1.82101E-4,1.46018E-5,-1.10039E-4,-3.65855E-4,-7.84546E-4,-8.16296E-4,-2.00939E-3,-1.83511E-3,-2.32664E-3,-3.03083E-3,-3.26054E-3,-4.23037E-3,-4.51582E-3,-5.34790E-3,-6.26945E-3,-6.88429E-3,-7.08405E-3,-7.64698E-3,-9.33075E-3,-8.77998E-3,-9.15864E-3,-9.53087E-3,-8.95824E-3,-9.71188E-3,-9.74338E-3,-9.80525E-3,-9.61566E-3,-9.34802E-3,-9.79231E-3,-9.34336E-3,-1.04304E-2,-9.74775E-3,-9.73907E-3,-1.01097E-2,-1.01701E-2,-1.03185E-2,-9.71532E-3,-9.48262E-3,-9.96431E-3,-9.40798E-3,-8.80620E-3,-1.00192E-2,-9.64254E-3,-9.67038E-3,-9.25208E-3,-9.29631E-3,-9.32849E-3,-8.55331E-3,-1.02062E-2,-1.00771E-2,-9.00423E-3,-9.49555E-3,-8.74654E-3,-9.73522E-3,-9.19527E-3,-9.88122E-3,-8.59466E-3,-9.54355E-3,-9.64625E-3,-9.22912E-3,-1.03588E-2,-9.26670E-3,-1.00117E-2,-1.04917E-2,-1.06854E-2,-1.07279E-2,-9.87680E-3,-9.21418E-3,-1.01347E-2,-1.01735E-2,-9.14291E-3,-9.25997E-3,-9.28372E-3,-1.05011E-2,-8.71632E-3,-9.56167E-3,-9.86888E-3,-1.02681E-2,-9.65734E-3,-1.00466E-2,-9.47705E-3,-8.36426E-3,-8.64674E-3,-8.81838E-3,-9.25664E-3,-9.66587E-3,-9.17646E-3,-8.93418E-3,-8.43336E-3,-8.49656E-3,-8.33347E-3,-8.79372E-3,-8.23218E-3,-7.78133E-3,-9.48930E-3,-8.79432E-3,-8.63314E-3,-7.54959E-3,-8.72943E-3,-7.91188E-3,-8.60337E-3,-7.44598E-3,-8.56434E-3,-8.24639E-3,-7.83130E-3,-7.70966E-3,-7.82450E-3,-7.20775E-3,-6.94935E-3,-6.96636E-3,-6.78328E-3,-6.20237E-3,-6.51021E-3,-5.92325E-3,-6.63431E-3,-7.48766E-3,-6.07601E-3,-6.47390E-3,-6.63722E-3,-8.25665E-3,-6.27308E-3,-6.57323E-3,-5.28080E-3,-5.17431E-3,-5.66002E-3,-6.72023E-3,-6.79830E-3,-6.45880E-3,-6.69935E-3,-6.25136E-3,-5.52344E-3,-5.47551E-3,-6.89923E-3,-5.66426E-3,-6.06801E-3,-6.21239E-3,-6.32297E-3,-5.99847E-3,-6.25527E-3,-5.77483E-3,-5.07099E-3,-5.98191E-3,-5.81471E-3,-6.12772E-3,-4.85318E-3,-5.71264E-3,-5.91581E-3,-5.39437E-3,-5.14871E-3,-6.44525E-3,-6.00811E-3
1.19501E+3,2.47594E-5,-2.14170E-5,3.44874E-4,-1.16174E-4,3.58874E-5,1.98213E-4,2.50597E-5,-9.16317E-5,4.78583E-5,-1.25569E-4,7.94779E-6,-9.99320E-5,-1.41702E-4,2.46925E-4,-3.35100E-4,-3.18066E-4,-2.15572E-4,-4.13320E-5,-1.51153E-4,-3.15997E-4,-8.97979E-4,-8.75795E-4,-1.93025E-3,-1.83162E-3,-2.33749E-3,-3.13998E-3,-3.17235E-3,-4.28207E-3,-4.50950E-3,-5.41764E-3,-6.28820E-3,-6.84714E-3,-7.07168E-3,-7.80557E-3,-9.29631E-3,-8.83471E-3,-9.22201E-3,-9.73458E-3,-9.09180E-3,-9.90774E-3,-9.89576E-3,-9.96967E-3,-9.75905E-3,-9.35315E-3,-9.85595E-3,-9.38250E-3,-1.05261E-2,-9.81339E-3,-9.83704E-3,-1.02542E-2,-1.02132E-2,-1.04624E-2,-9.74860E-3,-9.58701E-3,-1.00943E-2,-9.48469E-3,-8.92468E-3,-1.00673E-2,-9.73740E-3,-9.73304E-3,-9.29669E-3,-9.42210E-3,-9.35365E-3,-8.59667E-3,-1.03690E-2,-1.01264E-2,-9.17844E-3,-9.60430E-3,-8.88129E-3,-9.83983E-3,-9.22592E-3,-9.82561E-3,-8.51540E-3,-9.58715E-3,-9.77008E-3,-9.27622E-3,-1.04163E-2,-9.18895E-3,-1.01539E-2,-1.06262E-2,-1.07731E-2,-1.09750E-2,-9.95498E-3,-9.21886E-3,-1.01404E-2,-1.01299E-2,-9.25766E-3,-9.37256E-3,-9.16162E-3,-1.05662E-2,-8.83806E-3,-9.57448E-3,-9.88122E-3,-1.03355E-2,-9.73731E-3,-1.02165E-2,-9.51079E-3,-8.53993E-3,-8.72265E-3,-8.82643E-3,-9.22763E-3,-9.77533E-3,-9.15669E-3,-9.00309E-3,-8.58670E-3,-8.56666E-3,-8.34141E-3,-8.78513E-3,-8.28704E-3,-7.80518E-3,-9.61553E-3,-8.75214E-3,-8.65894E-3,-7.54424E-3,-8.74519E-3,-7.97783E-3,-8.56361E-3,-7.43063E-3,-8.57237E-3,-8.18165E-3,-7.93337E-3,-7.94811E-3,-7.95483E-3,-7.14360E-3,-7.08758E-3,-7.15335E-3,-6.86524E-3,-6.13466E-3,-6.58304E-3,-5.80625E-3,-6.64865E-3,-7.42435E-3,-6.13637E-3,-6.58829E-3,-6.70185E-3,-8.41145E-3,-6.28172E-3,-6.60992E-3,-5.17014E-3,-5.20098E-3,-5.62454E-3,-6.81700E-3,-6.76944E-3,-6.51033E-3,-6.71545E-3,-6.15764E-3,-5.67962E-3,-5.65031E-3,-6.99662E-3,-5.73291E-3,-6.22959E-3,-6.37268E-3,-6.34805E-3,-6.00424E-3,-6.28132E-3,-5.80478E-3,-5.24323E-3,-6.01542E-3,-5.97251E-3,-6.22832E-3,-4.84289E-3,-5.77066E-3,-5.86273E-3,-5.27704E-3,-5.03489E-3,-6.40297E-3,-6.09644E-3
1.19849E+3,-3.93335E-5,-1.10376E-4,3.67477E-4,-1.63754E-4,1.89472E-5,2.55412E-4,2.61247E-5,-1.50070E-5,9.35306E-5,-1.33723E-4,-1.11854E-4,-1.29808E-4,-9.28823E-5,3.08084E-4,-2.72838E-4,-3.12175E-4,-1.72134E-4,-4.37053E-5,-2.51354E-4,-3.45264E-4,-8.48070E-4,-9.36909E-4,-2.08659E-3,-1.87401E-3,-2.35625E-3,-3.16197E-3,-3.28975E-3,-4.25930E-3,-4.63861E-3,-5.47727E-3,-6.35572E-3,-6.98884E-3,-7.22544E-3,-7.90571E-3,-9.49746E-3,-8.92174E-3,-9.35971E-3,-9.78332E-3,-9.25908E-3,-9.94380E-3,-1.00477E-2,-1.00329E-2,-9.83781E-3,-9.57652E-3,-9.95025E-3,-9.51516E-3,-1.06366E-2,-1.00094E-2,-9.98385E-3,-1.04682E-2,-1.04032E-2,-1.07105E-2,-9.90754E-3,-9.75413E-3,-1.01951E-2,-9.60954E-3,-9.10625E-3,-1.01970E-2,-9.81546E-3,-9.98489E-3,-9.56443E-3,-9.56661E-3,-9.54483E-3,-8.76637E-3,-1.04730E-2,-1.02256E-2,-9.25448E-3,-9.72074E-3,-8.90294E-3,-9.91619E-3,-9.30175E-3,-1.00101E-2,-8.56081E-3,-9.78041E-3,-9.88199E-3,-9.32747E-3,-1.05369E-2,-9.31541E-3,-1.03392E-2,-1.07961E-2,-1.08945E-2,-1.10597E-2,-1.01413E-2,-9.32570E-3,-1.03411E-2,-1.03403E-2,-9.44282E-3,-9.38499E-3,-9.35285E-3,-1.06087E-2,-8.77765E-3,-9.71006E-3,-1.00024E-2,-1.05313E-2,-9.90827E-3,-1.02324E-2,-9.69721E-3,-8.73908E-3,-8.81940E-3,-8.96122E-3,-9.36772E-3,-9.85673E-3,-9.24400E-3,-8.99338E-3,-8.66659E-3,-8.64843E-3,-8.54917E-3,-8.90728E-3,-8.45053E-3,-8.00634E-3,-9.65581E-3,-8.86621E-3,-8.79619E-3,-7.71246E-3,-8.90069E-3,-8.10283E-3,-8.83771E-3,-7.42178E-3,-8.72377E-3,-8.35421E-3,-8.02132E-3,-7.95693E-3,-8.04198E-3,-7.13798E-3,-7.18398E-3,-7.12638E-3,-6.85735E-3,-6.27156E-3,-6.66868E-3,-5.82333E-3,-6.73438E-3,-7.67251E-3,-6.26422E-3,-6.58051E-3,-6.79786E-3,-8.48273E-3,-6.28179E-3,-6.71432E-3,-5.32208E-3,-5.18177E-3,-5.65921E-3,-6.84096E-3,-6.72816E-3,-6.64309E-3,-6.75762E-3,-6.23433E-3,-5.76325E-3,-5.74858E-3,-6.97852E-3,-5.71663E-3,-6.26472E-3,-6.47285E-3,-6.46559E-3,-6.22441E-3,-6.44881E-3,-5.91390E-3,-5.26525E-3,-6.09017E-3,-6.05662E-3,-6.36056E-3,-4.81126E-3,-5.82406E-3,-6.02586E-3,-5.29017E-3,-5.17346E-3,-6.48088E-3,-6.18260E-3
1.20196E+3,-1.75491E-5,3.33125E-5,4.02991E-4,-1.34256E-4,1.96962E-5,2.66007E-4,4.43249E-5,1.08808E-5,7.57294E-5,-1.44708E-4,-6.05604E-5,-1.10759E-4,-1.94695E-4,1.23668E-4,-3.14082E-4,-3.39116E-4,-2.44322E-4,-1.90943E-5,-1.52726E-4,-3.27365E-4,-8.36470E-4,-9.67968E-4,-2.10249E-3,-1.83288E-3,-2.40476E-3,-3.31067E-3,-3.30130E-3,-4.21061E-3,-4.61021E-3,-5.52124E-3,-6.41580E-3,-7.16449E-3,-7.30714E-3,-8.02531E-3,-9.52682E-3,-9.07233E-3,-9.45682E-3,-9.87965E-3,-9.35797E-3,-1.00004E-2,-1.02529E-2,-1.00817E-2,-9.92884E-3,-9.62402E-3,-1.00547E-2,-9.65681E-3,-1.05605E-2,-1.00608E-2,-1.00863E-2,-1.06346E-2,-1.05051E-2,-1.07208E-2,-9.98078E-3,-9.83769E-3,-1.03829E-2,-9.66126E-3,-9.32507E-3,-1.03863E-2,-9.93668E-3,-1.00415E-2,-9.64967E-3,-9.60196E-3,-9.43132E-3,-8.97249E-3,-1.04717E-2,-1.03761E-2,-9.32049E-3,-9.82036E-3,-9.20359E-3,-1.00704E-2,-9.42397E-3,-1.00656E-2,-8.57888E-3,-9.91152E-3,-1.00405E-2,-9.44681E-3,-1.07057E-2,-9.44268E-3,-1.04675E-2,-1.08949E-2,-1.09362E-2,-1.11296E-2,-1.02112E-2,-9.37723E-3,-1.06074E-2,-1.03459E-2,-9.42983E-3,-9.52833E-3,-9.46780E-3,-1.08841E-2,-8.99459E-3,-9.80262E-3,-1.02267E-2,-1.06160E-2,-9.94699E-3,-1.02568E-2,-9.65482E-3,-8.58725E-3,-8.94273E-3,-9.06071E-3,-9.46393E-3,-9.94465E-3,-9.28766E-3,-9.06999E-3,-8.70928E-3,-8.71632E-3,-8.65630E-3,-8.94401E-3,-8.46198E-3,-8.01859E-3,-9.72887E-3,-8.89760E-3,-8.82709E-3,-7.85219E-3,-8.94475E-3,-8.23873E-3,-8.79627E-3,-7.48220E-3,-8.65444E-3,-8.55795E-3,-8.08075E-3,-8.16209E-3,-8.10611E-3,-7.30396E-3,-7.16568E-3,-7.29757E-3,-6.84936E-3,-6.41315E-3,-6.82561E-3,-5.86396E-3,-6.88585E-3,-7.61583E-3,-6.23301E-3,-6.66664E-3,-6.80037E-3,-8.55788E-3,-6.33046E-3,-6.82322E-3,-5.36947E-3,-5.08541E-3,-5.75765E-3,-6.97212E-3,-6.83970E-3,-6.56627E-3,-6.81578E-3,-6.23937E-3,-5.82040E-3,-5.95324E-3,-7.03371E-3,-5.83677E-3,-6.33333E-3,-6.47590E-3,-6.48460E-3,-6.21929E-3,-6.48014E-3,-5.97794E-3,-5.30275E-3,-6.02797E-3,-6.14209E-3,-6.49290E-3,-4.79864E-3,-6.00108E-3,-5.96389E-3,-5.33187E-3,-5.23473E-3,-6.56876E-3,-6.08932E-3
1.20544E+3,-2.72187E-6,4.52146E-5,3.14598E-4,-1.01304E-4,-4.93342E-5,2.89795E-4,2.92645E-5,-1.11844E-5,1.00282E-4,-1.03629E-4,-8.66579E-5,-9.50285E-5,-7.37667E-5,1.04959E-4,-3.60486E-4,-2.58600E-4,-3.50963E-4,-3.26078E-5,-2.24833E-4,-3.36244E-4,-8.56421E-4,-9.85809E-4,-2.09424E-3,-1.85000E-3,-2.33475E-3,-3.32431E-3,-3.33711E-3,-4.37149E-3,-4.63467E-3,-5.59884E-3,-6.47293E-3,-7.24960E-3,-7.36875E-3,-8.03757E-3,-9.58658E-3,-9.02527E-3,-9.51768E-3,-9.97784E-3,-9.47039E-3,-1.01319E-2,-1.02244E-2,-1.01686E-2,-9.98449E-3,-9.83392E-3,-1.01835E-2,-9.71571E-3,-1.07616E-2,-1.01694E-2,-1.01681E-2,-1.06455E-2,-1.06033E-2,-1.07864E-2,-1.00740E-2,-1.00047E-2,-1.03705E-2,-9.77119E-3,-9.41467E-3,-1.03815E-2,-1.00503E-2,-1.01693E-2,-9.74188E-3,-9.74797E-3,-9.68909E-3,-9.10067E-3,-1.05232E-2,-1.03822E-2,-9.51619E-3,-9.97197E-3,-9.20015E-3,-1.01362E-2,-9.58323E-3,-1.01095E-2,-8.70305E-3,-1.00275E-2,-1.01158E-2,-9.48663E-3,-1.07917E-2,-9.58167E-3,-1.06092E-2,-1.09377E-2,-1.10413E-2,-1.12269E-2,-1.02613E-2,-9.55439E-3,-1.07107E-2,-1.04586E-2,-9.52204E-3,-9.59036E-3,-9.46379E-3,-1.09173E-2,-8.95265E-3,-9.93632E-3,-1.02330E-2,-1.07241E-2,-9.87396E-3,-1.04584E-2,-9.67628E-3,-8.66878E-3,-8.95836E-3,-9.18039E-3,-9.51930E-3,-9.93907E-3,-9.39028E-3,-9.21239E-3,-8.69448E-3,-8.88728E-3,-8.66186E-3,-9.00322E-3,-8.43612E-3,-8.13954E-3,-9.78851E-3,-8.93891E-3,-8.83085E-3,-7.90907E-3,-9.05928E-3,-8.18928E-3,-8.91035E-3,-7.45967E-3,-8.70876E-3,-8.51556E-3,-8.12786E-3,-8.15069E-3,-8.13062E-3,-7.29269E-3,-7.36453E-3,-7.41140E-3,-6.95032E-3,-6.35694E-3,-6.91715E-3,-5.86430E-3,-7.03283E-3,-7.60050E-3,-6.31967E-3,-6.73845E-3,-6.95040E-3,-8.67282E-3,-6.32354E-3,-6.87131E-3,-5.40224E-3,-5.01529E-3,-5.85684E-3,-7.02000E-3,-6.88477E-3,-6.68997E-3,-6.87126E-3,-6.29182E-3,-5.91284E-3,-5.76323E-3,-6.98194E-3,-5.72954E-3,-6.27887E-3,-6.32717E-3,-6.61654E-3,-6.28418E-3,-6.48828E-3,-5.88088E-3,-5.39208E-3,-6.06861E-3,-6.07563E-3,-6.48762E-3,-4.72238E-3,-5.94511E-3,-5.98460E-3,-5.32014E-3,-5.06773E-3,-6.56011E-3,-6.10311E-3
1.20892E+3,-3.50417E-5,2.16782E-5,3.11781E-4,-8.21029E-5,-7.01045E-5,2.94366E-4,6.35509E-5,-3.82700E-5,4.43030E-5,-1.05856E-4,8.17691E-5,-1.09190E-4,-4.97487E-5,1.06048E-4,-4.33182E-4,-1.82656E-4,-2.83178E-4,-6.60513E-5,-1.93152E-4,-4.41139E-4,-8.94025E-4,-1.02765E-3,-2.06873E-3,-1.84860E-3,-2.44695E-3,-3.31095E-3,-3.38830E-3,-4.36991E-3,-4.76758E-3,-5.61173E-3,-6.48045E-3,-7.26347E-3,-7.49180E-3,-8.23611E-3,-9.78302E-3,-9.19527E-3,-9.59175E-3,-1.00012E-2,-9.60230E-3,-1.01823E-2,-1.04345E-2,-1.03668E-2,-1.01938E-2,-9.87338E-3,-1.02842E-2,-9.79088E-3,-1.08130E-2,-1.03301E-2,-1.02670E-2,-1.08886E-2,-1.07114E-2,-1.09854E-2,-1.02291E-2,-1.01443E-2,-1.04521E-2,-9.91817E-3,-9.60207E-3,-1.04953E-2,-1.02339E-2,-1.03072E-2,-9.74845E-3,-9.86695E-3,-9.59610E-3,-9.19958E-3,-1.07900E-2,-1.04449E-2,-9.64021E-3,-1.01702E-2,-9.35847E-3,-1.03156E-2,-9.67359E-3,-1.01899E-2,-8.87006E-3,-1.00906E-2,-1.03153E-2,-9.69548E-3,-1.09382E-2,-9.62223E-3,-1.08072E-2,-1.11604E-2,-1.12089E-2,-1.12984E-2,-1.04426E-2,-9.67864E-3,-1.07896E-2,-1.04953E-2,-9.64327E-3,-9.56822E-3,-9.71192E-3,-1.10864E-2,-8.98016E-3,-1.00250E-2,-1.03091E-2,-1.06883E-2,-1.00603E-2,-1.04052E-2,-9.72597E-3,-8.82408E-3,-8.99409E-3,-9.14580E-3,-9.61796E-3,-1.00830E-2,-9.51348E-3,-9.22619E-3,-8.86783E-3,-8.83487E-3,-8.67311E-3,-9.10064E-3,-8.63465E-3,-8.05018E-3,-9.79727E-3,-9.02905E-3,-9.03594E-3,-7.83436E-3,-9.11022E-3,-8.33880E-3,-8.98067E-3,-7.44924E-3,-8.85383E-3,-8.57992E-3,-8.24160E-3,-8.30903E-3,-8.07490E-3,-7.40010E-3,-7.35430E-3,-7.45386E-3,-7.13703E-3,-6.54012E-3,-7.06073E-3,-5.97980E-3,-7.02340E-3,-7.84487E-3,-6.41789E-3,-6.83184E-3,-6.89031E-3,-8.76999E-3,-6.45885E-3,-7.01530E-3,-5.44541E-3,-4.97223E-3,-5.93629E-3,-7.26322E-3,-6.90825E-3,-6.86262E-3,-7.05117E-3,-6.29892E-3,-5.97279E-3,-5.94306E-3,-7.08348E-3,-5.92611E-3,-6.51370E-3,-6.54913E-3,-6.70237E-3,-6.37967E-3,-6.61283E-3,-6.10327E-3,-5.37127E-3,-6.17890E-3,-6.23049E-3,-6.56932E-3,-4.67603E-3,-5.97773E-3,-6.10427E-3,-5.31744E-3,-5.13276E-3,-6.64899E-3,-6.32048E-3
1.21239E+3,-1.39364E-5,-3.27464E-5,3.57628E-4,-1.74875E-4,-9.62095E-5,2.68531E-4,1.30727E-4,-7.14583E-5,1.50091E-4,-7.32518E-5,8.38868E-5,-2.26569E-4,3.77411E-7,5.70974E-5,-3.59291E-4,-2.18995E-4,-2.24843E-4,3.69795E-5,-2.40280E-4,-3.86765E-4,-8.36406E-4,-1.08024E-3,-2.00465E-3,-1.77377E-3,-2.53981E-3,-3.42943E-3,-3.35215E-3,-4.38369E-3,-4.58927E-3,-5.65458E-3,-6.49950E-3,-7.26091E-3,-7.62878E-3,-8.34759E-3,-9.83043E-3,-9.25352E-3,-9.81113E-3,-1.02016E-2,-9.70606E-3,-1.02284E-2,-1.05387E-2,-1.03385E-2,-1.02048E-2,-1.00183E-2,-1.04197E-2,-1.00977E-2,-1.09096E-2,-1.05486E-2,-1.03828E-2,-1.09788E-2,-1.07210E-2,-1.09012E-2,-1.03166E-2,-1.03517E-2,-1.05843E-2,-9.99159E-3,-9.78795E-3,-1.06311E-2,-1.02595E-2,-1.03688E-2,-9.83281E-3,-9.90201E-3,-9.69261E-3,-9.41742E-3,-1.08048E-2,-1.04346E-2,-9.76138E-3,-1.02620E-2,-9.42431E-3,-1.05291E-2,-9.77525E-3,-1.03259E-2,-8.95059E-3,-1.02396E-2,-1.04280E-2,-9.76682E-3,-1.10983E-2,-9.79572E-3,-1.08422E-2,-1.11996E-2,-1.12711E-2,-1.13523E-2,-1.04799E-2,-9.66358E-3,-1.08764E-2,-1.08139E-2,-9.63189E-3,-9.74350E-3,-9.75620E-3,-1.11232E-2,-9.16465E-3,-1.00882E-2,-1.04312E-2,-1.06973E-2,-1.01015E-2,-1.04971E-2,-9.94707E-3,-8.83873E-3,-9.00817E-3,-9.22413E-3,-9.72186E-3,-1.00459E-2,-9.45945E-3,-9.35072E-3,-8.81832E-3,-8.82143E-3,-8.67985E-3,-9.26936E-3,-8.63814E-3,-8.05450E-3,-9.80640E-3,-9.06804E-3,-8.98888E-3,-7.94490E-3,-9.25761E-3,-8.42668E-3,-9.18390E-3,-7.50220E-3,-8.88058E-3,-8.72318E-3,-8.28282E-3,-8.27848E-3,-8.12512E-3,-7.40101E-3,-7.45105E-3,-7.51906E-3,-7.14837E-3,-6.73269E-3,-7.05015E-3,-5.91593E-3,-7.12627E-3,-7.79513E-3,-6.48073E-3,-6.87830E-3,-6.85827E-3,-8.82868E-3,-6.50314E-3,-6.97771E-3,-5.59602E-3,-4.95361E-3,-6.14874E-3,-7.12002E-3,-7.04930E-3,-6.89813E-3,-6.97915E-3,-6.30562E-3,-6.07731E-3,-5.89263E-3,-7.13778E-3,-5.99452E-3,-6.42409E-3,-6.54780E-3,-6.65033E-3,-6.19131E-3,-6.56171E-3,-6.11034E-3,-5.44754E-3,-6.19978E-3,-6.18891E-3,-6.65588E-3,-4.74042E-3,-6.05018E-3,-5.92895E-3,-5.19236E-3,-5.26094E-3,-6.61113E-3,-6.40709E-3
1.21587E+3,2.28045E-5,-9.31346E-5,3.04602E-4,-1.45032E-4,-1.10637E-4,2.46652E-4,1.58562E-4,-5.19992E-5,1.75666E-4,-9.60582E-5,6.21817E-5,-1.76581E-4,7.19430E-5,5.85510E-5,-4.27522E-4,-3.92041E-5,-2.77792E-4,-2.43809E-5,-2.78982E-4,-3.77258E-4,-8.65927E-4,-1.02411E-3,-1.99463E-3,-1.76091E-3,-2.54762E-3,-3.49193E-3,-3.45929E-3,-4.39032E-3,-4.65178E-3,-5.68123E-3,-6.55523E-3,-7.29179E-3,-7.55643E-3,-8.45361E-3,-9.92537E-3,-9.27780E-3,-9.79306E-3,-1.02237E-2,-9.70230E-3,-1.03002E-2,-1.06109E-2,-1.03351E-2,-1.02958E-2,-1.01247E-2,-1.04360E-2,-1.00901E-2,-1.09845E-2,-1.05695E-2,-1.05111E-2,-1.10638E-2,-1.08241E-2,-1.10356E-2,-1.04527E-2,-1.03482E-2,-1.07314E-2,-1.00532E-2,-9.86954E-3,-1.07588E-2,-1.03738E-2,-1.04280E-2,-1.02027E-2,-1.00329E-2,-9.87092E-3,-9.59532E-3,-1.08514E-2,-1.07633E-2,-9.81727E-3,-1.02733E-2,-9.49432E-3,-1.04978E-2,-9.89610E-3,-1.03870E-2,-8.98622E-3,-1.02558E-2,-1.04557E-2,-9.87289E-3,-1.11619E-2,-9.87383E-3,-1.09842E-2,-1.14710E-2,-1.13596E-2,-1.14459E-2,-1.06734E-2,-9.65458E-3,-1.10503E-2,-1.07972E-2,-9.81928E-3,-9.97470E-3,-9.88768E-3,-1.11492E-2,-9.22988E-3,-1.01583E-2,-1.05148E-2,-1.08169E-2,-1.03657E-2,-1.04788E-2,-9.85926E-3,-8.83505E-3,-9.10040E-3,-9.32935E-3,-9.95217E-3,-1.02099E-2,-9.59567E-3,-9.47660E-3,-8.99026E-3,-9.04377E-3,-8.94755E-3,-9.27081E-3,-8.73594E-3,-8.09395E-3,-1.00490E-2,-9.08927E-3,-9.11584E-3,-8.13883E-3,-9.43189E-3,-8.35640E-3,-9.05501E-3,-7.58229E-3,-8.86797E-3,-8.87769E-3,-8.28660E-3,-8.38539E-3,-8.34928E-3,-7.51654E-3,-7.38813E-3,-7.60287E-3,-7.25993E-3,-6.75055E-3,-7.33870E-3,-6.02303E-3,-7.12170E-3,-7.86702E-3,-6.50761E-3,-7.05076E-3,-6.95248E-3,-8.95420E-3,-6.40360E-3,-7.16279E-3,-5.60525E-3,-4.89585E-3,-6.22239E-3,-7.08227E-3,-6.97700E-3,-6.76920E-3,-7.10027E-3,-6.38361E-3,-6.11900E-3,-5.87733E-3,-7.17474E-3,-5.86590E-3,-6.57243E-3,-6.45980E-3,-6.89184E-3,-6.29374E-3,-6.75396E-3,-6.05545E-3,-5.46087E-3,-6.20263E-3,-6.29610E-3,-6.72679E-3,-4.63139E-3,-6.10203E-3,-6.10931E-3,-5.12736E-3,-5.24512E-3,-6.83150E-3,-6.31316E-3
1.21935E+3,5.19884E-5,-2.32218E-5,3.37638E-4,-1.49252E-4,-1.00991E-4,2.77375E-4,9.03204E-5,2.61785E-5,1.47407E-4,-1.72314E-4,7.29950E-5,-2.09078E-4,2.90245E-5,8.00886E-5,-4.58159E-4,-4.50298E-5,-2.89024E-4,7.87413E-5,-3.24866E-4,-4.61760E-4,-8.80881E-4,-1.21605E-3,-2.04808E-3,-1.69137E-3,-2.59511E-3,-3.40510E-3,-3.40571E-3,-4.51902E-3,-4.67792E-3,-5.67901E-3,-6.66417E-3,-7.33810E-3,-7.53866E-3,-8.61547E-3,-9.89788E-3,-9.32944E-3,-9.79429E-3,-1.03089E-2,-9.91313E-3,-1.04764E-2,-1.07507E-2,-1.04541E-2,-1.04669E-2,-1.02456E-2,-1.05572E-2,-1.02224E-2,-1.10339E-2,-1.06258E-2,-1.04711E-2,-1.12724E-2,-1.08341E-2,-1.12323E-2,-1.06473E-2,-1.04525E-2,-1.08162E-2,-1.01360E-2,-1.00344E-2,-1.09020E-2,-1.04692E-2,-1.06648E-2,-1.01514E-2,-1.01772E-2,-9.88585E-3,-9.58277E-3,-1.11117E-2,-1.09193E-2,-9.97584E-3,-1.04246E-2,-9.56260E-3,-1.06402E-2,-1.00152E-2,-1.04604E-2,-9.09335E-3,-1.03241E-2,-1.08275E-2,-1.00134E-2,-1.12193E-2,-9.93862E-3,-1.10440E-2,-1.14353E-2,-1.14127E-2,-1.15064E-2,-1.08598E-2,-9.85783E-3,-1.11243E-2,-1.11252E-2,-9.91250E-3,-9.92321E-3,-9.96114E-3,-1.13743E-2,-9.31701E-3,-1.02729E-2,-1.05739E-2,-1.08650E-2,-1.03809E-2,-1.07619E-2,-9.99816E-3,-9.06666E-3,-9.26923E-3,-9.39177E-3,-9.99755E-3,-1.02616E-2,-9.61504E-3,-9.49004E-3,-8.99600E-3,-8.98914E-3,-8.88821E-3,-9.28248E-3,-8.66291E-3,-8.22569E-3,-1.01700E-2,-9.16700E-3,-9.18616E-3,-8.05523E-3,-9.62569E-3,-8.51433E-3,-9.21080E-3,-7.37135E-3,-8.99806E-3,-8.81725E-3,-8.43213E-3,-8.50735E-3,-8.34200E-3,-7.46112E-3,-7.69110E-3,-7.63591E-3,-7.31042E-3,-6.76511E-3,-7.37128E-3,-6.03179E-3,-7.31596E-3,-7.91725E-3,-6.54655E-3,-7.15716E-3,-6.99003E-3,-8.81597E-3,-6.50259E-3,-7.07976E-3,-5.85309E-3,-4.84633E-3,-6.18738E-3,-7.18383E-3,-7.08853E-3,-6.96550E-3,-7.14784E-3,-6.39302E-3,-6.20695E-3,-5.86345E-3,-7.09048E-3,-5.97125E-3,-6.51663E-3,-6.52243E-3,-6.79701E-3,-6.20355E-3,-6.75352E-3,-6.05113E-3,-5.53317E-3,-6.21911E-3,-6.20939E-3,-6.81927E-3,-4.76261E-3,-6.32420E-3,-6.22714E-3,-5.10171E-3,-5.40919E-3,-6.86677E-3,-6.35997E-3
1.22283E+3,4.88111E-6,-1.20916E-4,3.46546E-4,-6.26642E-5,-2.57766E-5,3.55959E-4,1.63847E-4,-4.97520E-5,2.67687E-4,-9.89376E-5,3.84952E-5,-2.53392E-4,-3.94170E-5,-1.36485E-5,-5.12911E-4,4.77644E-5,-2.89754E-4,-1.55256E-5,-2.56200E-4,-4.85880E-4,-8.67144E-4,-1.25276E-3,-2.02912E-3,-1.73176E-3,-2.50726E-3,-3.47830E-3,-3.50871E-3,-4.39866E-3,-4.69099E-3,-5.73738E-3,-6.54335E-3,-7.42571E-3,-7.64599E-3,-8.78592E-3,-9.95891E-3,-9.39606E-3,-1.00305E-2,-1.03057E-2,-1.00234E-2,-1.04898E-2,-1.07473E-2,-1.06413E-2,-1.04734E-2,-1.01681E-2,-1.05895E-2,-1.03244E-2,-1.10597E-2,-1.07220E-2,-1.05770E-2,-1.13307E-2,-1.08495E-2,-1.13122E-2,-1.06008E-2,-1.06537E-2,-1.09346E-2,-1.01849E-2,-1.01904E-2,-1.08965E-2,-1.04935E-2,-1.06264E-2,-1.02148E-2,-1.01234E-2,-9.92227E-3,-9.62322E-3,-1.11206E-2,-1.08410E-2,-9.97749E-3,-1.04905E-2,-9.69591E-3,-1.06014E-2,-1.00203E-2,-1.04608E-2,-9.11112E-3,-1.05032E-2,-1.06352E-2,-1.00037E-2,-1.13876E-2,-1.01017E-2,-1.12295E-2,-1.14954E-2,-1.15994E-2,-1.15612E-2,-1.07932E-2,-9.94190E-3,-1.11968E-2,-1.11176E-2,-1.00176E-2,-1.00647E-2,-1.02442E-2,-1.14976E-2,-9.36783E-3,-1.02278E-2,-1.08284E-2,-1.09490E-2,-1.04513E-2,-1.06751E-2,-1.01715E-2,-9.07884E-3,-9.25172E-3,-9.35095E-3,-9.90868E-3,-1.03658E-2,-9.68987E-3,-9.48611E-3,-8.93054E-3,-9.05862E-3,-9.01446E-3,-9.31310E-3,-8.72553E-3,-8.25327E-3,-1.00018E-2,-9.20620E-3,-9.16936E-3,-8.07873E-3,-9.47758E-3,-8.64182E-3,-9.22641E-3,-7.34080E-3,-9.14350E-3,-8.99001E-3,-8.43620E-3,-8.56239E-3,-8.38368E-3,-7.57533E-3,-7.72431E-3,-7.68846E-3,-7.33013E-3,-6.85580E-3,-7.25873E-3,-6.09701E-3,-7.41841E-3,-7.82255E-3,-6.63830E-3,-7.17650E-3,-7.13316E-3,-8.94716E-3,-6.57493E-3,-7.30810E-3,-5.88808E-3,-4.90641E-3,-6.20220E-3,-7.11623E-3,-6.98638E-3,-7.02112E-3,-7.16366E-3,-6.39686E-3,-6.23034E-3,-5.90745E-3,-7.14730E-3,-6.12235E-3,-6.59896E-3,-6.61706E-3,-6.90616E-3,-6.32700E-3,-6.75598E-3,-6.23632E-3,-5.52177E-3,-6.32156E-3,-6.22441E-3,-6.63255E-3,-4.43917E-3,-6.18003E-3,-6.35023E-3,-5.11534E-3,-5.25776E-3,-6.76455E-3,-6.43487E-3
1.22631E+3,6.01254E-5,-1.07432E-4,2.90486E-4,-1.33425E-4,-8.20012E-5,1.66892E-4,2.23377E-4,1.51823E-5,1.34300E-4,-1.53372E-4,1.34486E-4,-1.66620E-4,1.66860E-5,4.07621E-6,-4.02761E-4,8.43170E-6,-3.08696E-4,1.23258E-4,-4.02397E-4,-3.61505E-4,-9.50505E-4,-1.23860E-3,-2.08570E-3,-1.77883E-3,-2.54567E-3,-3.60765E-3,-3.44674E-3,-4.45006E-3,-4.67656E-3,-5.81606E-3,-6.66705E-3,-7.45168E-3,-7.75865E-3,-8.85717E-3,-1.00423E-2,-9.57488E-3,-1.00085E-2,-1.05477E-2,-1.00225E-2,-1.05642E-2,-1.09330E-2,-1.05075E-2,-1.04466E-2,-1.03186E-2,-1.06794E-2,-1.04402E-2,-1.11461E-2,-1.06560E-2,-1.07432E-2,-1.14811E-2,-1.09605E-2,-1.13520E-2,-1.07757E-2,-1.07220E-2,-1.08910E-2,-1.03641E-2,-1.03339E-2,-1.10452E-2,-1.07250E-2,-1.08022E-2,-1.02193E-2,-1.03144E-2,-9.95954E-3,-9.81616E-3,-1.13355E-2,-1.11745E-2,-1.01465E-2,-1.06325E-2,-9.86006E-3,-1.08666E-2,-1.01745E-2,-1.04867E-2,-9.14414E-3,-1.05933E-2,-1.08331E-2,-1.02181E-2,-1.15255E-2,-1.02578E-2,-1.12924E-2,-1.16501E-2,-1.16179E-2,-1.16278E-2,-1.07396E-2,-1.00202E-2,-1.13248E-2,-1.10363E-2,-9.90084E-3,-1.01409E-2,-1.03155E-2,-1.15656E-2,-9.55019E-3,-1.04646E-2,-1.07060E-2,-1.10389E-2,-1.04671E-2,-1.07287E-2,-1.01213E-2,-9.17534E-3,-9.38496E-3,-9.45836E-3,-1.01236E-2,-1.03554E-2,-9.89700E-3,-9.63530E-3,-8.98104E-3,-9.12687E-3,-8.93491E-3,-9.30158E-3,-8.72064E-3,-8.34164E-3,-1.00918E-2,-9.33801E-3,-9.30159E-3,-8.22416E-3,-9.66781E-3,-8.60444E-3,-9.23549E-3,-7.38830E-3,-9.24595E-3,-9.07764E-3,-8.47852E-3,-8.77535E-3,-8.38687E-3,-7.60704E-3,-7.70845E-3,-7.79714E-3,-7.47036E-3,-7.04331E-3,-7.55035E-3,-6.33848E-3,-7.48816E-3,-7.97522E-3,-6.55574E-3,-7.27800E-3,-7.24495E-3,-8.93056E-3,-6.75533E-3,-7.38248E-3,-5.99117E-3,-4.93523E-3,-6.37833E-3,-7.28146E-3,-7.11611E-3,-7.11273E-3,-7.17389E-3,-6.42999E-3,-6.29947E-3,-6.00204E-3,-7.03851E-3,-6.00240E-3,-6.68809E-3,-6.65058E-3,-6.91318E-3,-6.11773E-3,-6.79962E-3,-6.30526E-3,-5.44881E-3,-6.32544E-3,-6.32260E-3,-6.66134E-3,-4.61707E-3,-6.28446E-3,-6.36039E-3,-5.18987E-3,-5.40124E-3,-6.91795E-3,-6.40062E-3
1.22979E+3,-9.10909E-6,-1.96300E-5,2.04590E-4,-1.26294E-4,-8.86456E-5,2.05198E-4,1.93589E-4,-5.72687E-5,2.64717E-4,-8.23096E-5,1.20946E-4,-2.31247E-4,1.51718E-4,-4.90930E-5,-4.77162E-4,-1.34896E-4,-2.51373E-4,9.01857E-5,-3.48987E-4,-4.02331E-4,-9.86483E-4,-1.25551E-3,-1.95349E-3,-1.75466E-3,-2.56238E-3,-3.52538E-3,-3.48198E-3,-4.51027E-3,-4.64103E-3,-5.87320E-3,-6.66842E-3,-7.40545E-3,-7.73528E-3,-8.95738E-3,-1.01342E-2,-9.58039E-3,-1.02050E-2,-1.05685E-2,-1.01965E-2,-1.05666E-2,-1.10085E-2,-1.06808E-2,-1.05994E-2,-1.04332E-2,-1.08174E-2,-1.05594E-2,-1.13369E-2,-1.08497E-2,-1.06747E-2,-1.15825E-2,-1.10648E-2,-1.15049E-2,-1.08351E-2,-1.07161E-2,-1.11087E-2,-1.02920E-2,-1.05150E-2,-1.11039E-2,-1.07350E-2,-1.09121E-2,-1.04070E-2,-1.03623E-2,-1.00716E-2,-1.00683E-2,-1.14390E-2,-1.11390E-2,-1.03266E-2,-1.06956E-2,-9.89447E-3,-1.08644E-2,-1.02174E-2,-1.04777E-2,-9.21729E-3,-1.06941E-2,-1.08962E-2,-1.01667E-2,-1.15263E-2,-1.03652E-2,-1.14146E-2,-1.16981E-2,-1.16262E-2,-1.16280E-2,-1.09607E-2,-1.00232E-2,-1.13876E-2,-1.11984E-2,-1.01078E-2,-1.01798E-2,-1.05007E-2,-1.15732E-2,-9.50618E-3,-1.05591E-2,-1.08267E-2,-1.11050E-2,-1.04584E-2,-1.08409E-2,-1.00883E-2,-9.22312E-3,-9.46159E-3,-9.40893E-3,-1.02428E-2,-1.05264E-2,-9.95701E-3,-9.62780E-3,-9.11288E-3,-9.08933E-3,-9.16118E-3,-9.54571E-3,-8.83621E-3,-8.30636E-3,-1.00663E-2,-9.23676E-3,-9.23282E-3,-8.19096E-3,-9.64954E-3,-8.70367E-3,-9.38750E-3,-7.51407E-3,-9.08115E-3,-9.05893E-3,-8.46545E-3,-8.62312E-3,-8.46166E-3,-7.50999E-3,-7.86508E-3,-7.79730E-3,-7.46927E-3,-7.05498E-3,-7.46874E-3,-6.36766E-3,-7.45651E-3,-8.00600E-3,-6.72557E-3,-7.38385E-3,-7.42544E-3,-8.86704E-3,-6.72646E-3,-7.45882E-3,-6.19837E-3,-4.77179E-3,-6.36019E-3,-7.36155E-3,-7.26238E-3,-7.12791E-3,-7.27429E-3,-6.56824E-3,-6.39980E-3,-6.07111E-3,-7.20847E-3,-5.99900E-3,-6.65285E-3,-6.53881E-3,-6.95638E-3,-6.24058E-3,-6.80500E-3,-6.29140E-3,-5.31462E-3,-6.34720E-3,-6.36431E-3,-6.71429E-3,-4.53554E-3,-6.27003E-3,-6.36282E-3,-5.17732E-3,-5.48310E-3,-7.00426E-3,-6.41270E-3
1.23327E+3,-6.03149E-5,-1.61733E-5,1.34535E-4,-1.43780E-4,-9.44647E-5,2.27015E-4,2.77995E-4,-1.05370E-4,1.19322E-4,-5.23530E-5,6.96653E-5,-2.02186E-4,2.80293E-4,-2.30609E-5,-4.11123E-4,-5.53185E-5,-2.76855E-4,-4.49424E-5,-2.83542E-4,-3.66477E-4,-9.58847E-4,-1.27262E-3,-1.91113E-3,-1.70380E-3,-2.62029E-3,-3.51062E-3,-3.52040E-3,-4.50896E-3,-4.52134E-3,-5.80482E-3,-6.64462E-3,-7.50813E-3,-7.82840E-3,-9.06475E-3,-1.01216E-2,-9.61732E-3,-1.01652E-2,-1.06256E-2,-1.03416E-2,-1.06143E-2,-1.10180E-2,-1.07215E-2,-1.06104E-2,-1.05852E-2,-1.10015E-2,-1.05700E-2,-1.15446E-2,-1.08818E-2,-1.07750E-2,-1.17724E-2,-1.10140E-2,-1.16171E-2,-1.08411E-2,-1.09031E-2,-1.10414E-2,-1.04718E-2,-1.06445E-2,-1.11787E-2,-1.08741E-2,-1.10183E-2,-1.04874E-2,-1.05059E-2,-1.01786E-2,-1.01605E-2,-1.14791E-2,-1.12719E-2,-1.02535E-2,-1.08240E-2,-9.92092E-3,-1.09221E-2,-1.02664E-2,-1.06024E-2,-9.44013E-3,-1.07427E-2,-1.10284E-2,-1.03579E-2,-1.16090E-2,-1.04642E-2,-1.14812E-2,-1.17921E-2,-1.17297E-2,-1.16669E-2,-1.10555E-2,-1.01780E-2,-1.14722E-2,-1.12204E-2,-1.01678E-2,-1.02592E-2,-1.05806E-2,-1.16722E-2,-9.56708E-3,-1.06017E-2,-1.09965E-2,-1.11198E-2,-1.04587E-2,-1.09059E-2,-1.01535E-2,-9.35757E-3,-9.46029E-3,-9.31184E-3,-1.02667E-2,-1.05247E-2,-9.88706E-3,-9.60905E-3,-9.16908E-3,-9.15981E-3,-9.12206E-3,-9.50536E-3,-8.88991E-3,-8.37064E-3,-1.01654E-2,-9.23236E-3,-9.27956E-3,-8.25323E-3,-9.59369E-3,-8.64919E-3,-9.22370E-3,-7.35598E-3,-9.19326E-3,-9.05784E-3,-8.49713E-3,-8.79443E-3,-8.43068E-3,-7.64241E-3,-7.99288E-3,-7.74277E-3,-7.54957E-3,-7.10677E-3,-7.61531E-3,-6.28113E-3,-7.55309E-3,-8.03013E-3,-6.77929E-3,-7.46549E-3,-7.51407E-3,-9.00433E-3,-6.86331E-3,-7.43401E-3,-6.38188E-3,-4.72241E-3,-6.54158E-3,-7.29191E-3,-7.36557E-3,-7.20938E-3,-7.32263E-3,-6.46261E-3,-6.53491E-3,-6.10602E-3,-7.37547E-3,-5.97761E-3,-6.73126E-3,-6.46102E-3,-6.98033E-3,-6.09687E-3,-6.88017E-3,-6.15362E-3,-5.41941E-3,-6.40053E-3,-6.41630E-3,-6.88543E-3,-4.60695E-3,-6.42411E-3,-6.58092E-3,-5.15198E-3,-5.57475E-3,-7.11796E-3,-6.45749E-3
1.23675E+3,-7.43198E-5,-1.09571E-4,1.88341E-4,-1.66413E-4,-1.77199E-4,1.50848E-4,2.30009E-4,-4.91785E-5,2.03917E-4,1.45823E-5,8.09618E-5,-1.70932E-4,3.91564E-4,-4.06336E-5,-4.71977E-4,-7.80818E-6,-2.48333E-4,7.76682E-5,-4.29460E-4,-4.59167E-4,-8.31219E-4,-1.32352E-3,-1.96134E-3,-1.84641E-3,-2.68622E-3,-3.54286E-3,-3.56118E-3,-4.59388E-3,-4.83306E-3,-6.02712E-3,-6.78522E-3,-7.58865E-3,-7.86798E-3,-9.18179E-3,-1.01737E-2,-9.81356E-3,-1.03801E-2,-1.08095E-2,-1.04931E-2,-1.06196E-2,-1.10778E-2,-1.08322E-2,-1.08036E-2,-1.06539E-2,-1.10511E-2,-1.06736E-2,-1.15639E-2,-1.10256E-2,-1.09656E-2,-1.17964E-2,-1.12995E-2,-1.17043E-2,-1.11229E-2,-1.09602E-2,-1.11605E-2,-1.06153E-2,-1.06435E-2,-1.13525E-2,-1.09429E-2,-1.11743E-2,-1.04464E-2,-1.04264E-2,-1.03579E-2,-1.03207E-2,-1.17073E-2,-1.15605E-2,-1.03789E-2,-1.07739E-2,-1.02245E-2,-1.11848E-2,-1.05540E-2,-1.05996E-2,-9.62171E-3,-1.09259E-2,-1.11403E-2,-1.03982E-2,-1.17429E-2,-1.05994E-2,-1.16966E-2,-1.18414E-2,-1.19833E-2,-1.18265E-2,-1.11375E-2,-1.04016E-2,-1.18046E-2,-1.12762E-2,-1.03203E-2,-1.04642E-2,-1.06838E-2,-1.15883E-2,-9.78038E-3,-1.07312E-2,-1.10263E-2,-1.11777E-2,-1.06549E-2,-1.08313E-2,-1.02045E-2,-9.63282E-3,-9.59742E-3,-9.49960E-3,-1.03936E-2,-1.06632E-2,-1.00193E-2,-9.68751E-3,-9.12053E-3,-9.15677E-3,-9.17666E-3,-9.56877E-3,-8.99871E-3,-8.46387E-3,-1.02431E-2,-9.48058E-3,-9.45067E-3,-8.31558E-3,-9.52122E-3,-8.72115E-3,-9.38336E-3,-7.44165E-3,-9.39082E-3,-9.19034E-3,-8.59871E-3,-8.85159E-3,-8.28547E-3,-7.72693E-3,-7.98542E-3,-7.90114E-3,-7.71881E-3,-7.23549E-3,-7.58272E-3,-6.37587E-3,-7.77561E-3,-8.17788E-3,-6.92341E-3,-7.61397E-3,-7.67136E-3,-8.84417E-3,-6.86166E-3,-7.47817E-3,-6.50700E-3,-4.86682E-3,-6.49660E-3,-7.33184E-3,-7.46248E-3,-7.29247E-3,-7.34829E-3,-6.65508E-3,-6.62027E-3,-6.07497E-3,-7.24128E-3,-6.26634E-3,-6.80338E-3,-6.63791E-3,-7.17856E-3,-6.18757E-3,-6.73777E-3,-6.12563E-3,-5.54259E-3,-6.44128E-3,-6.36302E-3,-6.83778E-3,-4.66600E-3,-6.53061E-3,-6.64949E-3,-5.19446E-3,-5.61792E-3,-7.09764E-3,-6.71488E-3
1.24024E+3,-2.41248E-5,-6.36015E-5,1.30324E-4,-2.52784E-4,-2.34125E-4,1.99653E-4,3.38666E-4,-1.24932E-4,2.15552E-4,-4.30898E-5,2.58767E-4,-1.18747E-4,2.80617E-4,-7.00479E-5,-4.92128E-4,2.04622E-5,-2.02427E-4,1.39280E-4,-4.42732E-4,-4.72440E-4,-9.62407E-4,-1.32970E-3,-1.95852E-3,-1.81205E-3,-2.48613E-3,-3.54635E-3,-3.52088E-3,-4.48007E-3,-4.65000E-3,-5.89893E-3,-6.82839E-3,-7.65304E-3,-7.75942E-3,-9.16609E-3,-1.01817E-2,-9.81864E-3,-1.04434E-2,-1.06962E-2,-1.04599E-2,-1.07008E-2,-1.11341E-2,-1.10897E-2,-1.08453E-2,-1.06897E-2,-1.10729E-2,-1.07269E-2,-1.16474E-2,-1.10927E-2,-1.09164E-2,-1.17410E-2,-1.12023E-2,-1.17147E-2,-1.11766E-2,-1.10584E-2,-1.13487E-2,-1.05959E-2,-1.08475E-2,-1.13227E-2,-1.10456E-2,-1.11532E-2,-1.06521E-2,-1.05198E-2,-1.03443E-2,-1.03373E-2,-1.17904E-2,-1.15330E-2,-1.03720E-2,-1.08005E-2,-1.02110E-2,-1.12160E-2,-1.05839E-2,-1.06144E-2,-9.52714E-3,-1.09272E-2,-1.12173E-2,-1.04829E-2,-1.16683E-2,-1.06634E-2,-1.17518E-2,-1.19191E-2,-1.18876E-2,-1.17444E-2,-1.10426E-2,-1.02620E-2,-1.17635E-2,-1.15896E-2,-1.03887E-2,-1.06102E-2,-1.08466E-2,-1.18491E-2,-9.77406E-3,-1.08359E-2,-1.10734E-2,-1.12344E-2,-1.05422E-2,-1.08271E-2,-1.02401E-2,-9.45588E-3,-9.69853E-3,-9.53719E-3,-1.04753E-2,-1.06015E-2,-9.89956E-3,-9.78323E-3,-9.27495E-3,-9.24698E-3,-9.15756E-3,-9.47028E-3,-8.85292E-3,-8.44228E-3,-1.03725E-2,-9.32418E-3,-9.48598E-3,-8.28294E-3,-9.74129E-3,-8.68021E-3,-9.29379E-3,-7.48724E-3,-9.36662E-3,-9.00450E-3,-8.54071E-3,-8.85834E-3,-8.30482E-3,-7.64902E-3,-8.06715E-3,-7.93392E-3,-7.62864E-3,-7.09317E-3,-7.75387E-3,-6.45984E-3,-7.63255E-3,-8.10111E-3,-6.75747E-3,-7.75312E-3,-7.68449E-3,-8.92853E-3,-6.93657E-3,-7.52568E-3,-6.55488E-3,-4.78831E-3,-6.63188E-3,-7.23227E-3,-7.36823E-3,-7.39469E-3,-7.51807E-3,-6.62780E-3,-6.45322E-3,-6.00203E-3,-7.17585E-3,-6.11931E-3,-6.75847E-3,-6.64852E-3,-7.07675E-3,-6.16344E-3,-6.88125E-3,-6.21649E-3,-5.69226E-3,-6.49170E-3,-6.42765E-3,-6.80031E-3,-4.70246E-3,-6.53225E-3,-6.60606E-3,-5.17457E-3,-5.82602E-3,-6.93250E-3,-6.79241E-3
1.24372E+3,-9.37769E-5,-5.83980E-5,3.97352E-5,-2.50900E-4,-1.61792E-4,1.98121E-4,1.92110E-4,-1.87039E-5,1.88774E-4,2.34975E-5,2.01633E-4,-1.43619E-4,3.79017E-4,-5.50577E-5,-4.40638E-4,4.35545E-5,-2.95670E-4,-5.17499E-5,-3.61842E-4,-4.58046E-4,-8.14446E-4,-1.29075E-3,-1.90386E-3,-1.69009E-3,-2.59578E-3,-3.59435E-3,-3.46934E-3,-4.50790E-3,-4.65367E-3,-5.85693E-3,-6.95987E-3,-7.54899E-3,-7.76035E-3,-9.30365E-3,-1.02557E-2,-9.80825E-3,-1.05095E-2,-1.10051E-2,-1.06803E-2,-1.09395E-2,-1.12105E-2,-1.10086E-2,-1.08398E-2,-1.07626E-2,-1.11897E-2,-1.08088E-2,-1.17831E-2,-1.12151E-2,-1.10493E-2,-1.19263E-2,-1.14693E-2,-1.18886E-2,-1.12792E-2,-1.11447E-2,-1.13363E-2,-1.07529E-2,-1.10872E-2,-1.13828E-2,-1.12437E-2,-1.13590E-2,-1.07219E-2,-1.05733E-2,-1.03822E-2,-1.05319E-2,-1.18710E-2,-1.16853E-2,-1.06572E-2,-1.10404E-2,-1.01392E-2,-1.14266E-2,-1.07965E-2,-1.06934E-2,-9.62941E-3,-1.10552E-2,-1.12741E-2,-1.06025E-2,-1.18688E-2,-1.07636E-2,-1.18039E-2,-1.20184E-2,-1.20532E-2,-1.17813E-2,-1.12795E-2,-1.02920E-2,-1.18048E-2,-1.15077E-2,-1.03781E-2,-1.05546E-2,-1.08346E-2,-1.17890E-2,-9.87031E-3,-1.08451E-2,-1.10758E-2,-1.11776E-2,-1.05746E-2,-1.08658E-2,-1.05009E-2,-9.59573E-3,-9.60324E-3,-9.43232E-3,-1.05567E-2,-1.06033E-2,-1.00259E-2,-9.88083E-3,-8.95651E-3,-9.23682E-3,-9.30792E-3,-9.61980E-3,-8.90983E-3,-8.47589E-3,-1.03649E-2,-9.37221E-3,-9.56544E-3,-8.34959E-3,-9.75848E-3,-8.93917E-3,-9.42838E-3,-7.45628E-3,-9.53198E-3,-9.21155E-3,-8.55754E-3,-8.79602E-3,-8.41301E-3,-7.86191E-3,-8.10791E-3,-8.05353E-3,-7.66249E-3,-7.31409E-3,-7.74147E-3,-6.67548E-3,-7.68870E-3,-8.29299E-3,-6.86951E-3,-7.71220E-3,-7.91261E-3,-9.00992E-3,-7.07821E-3,-7.70754E-3,-6.75251E-3,-4.87856E-3,-6.78036E-3,-7.47808E-3,-7.49359E-3,-7.50965E-3,-7.42785E-3,-6.70200E-3,-6.79302E-3,-6.26050E-3,-7.39027E-3,-6.22756E-3,-6.73197E-3,-6.54538E-3,-7.12721E-3,-6.11983E-3,-7.01084E-3,-6.36827E-3,-5.63478E-3,-6.56717E-3,-6.48161E-3,-6.91892E-3,-4.70223E-3,-6.45811E-3,-6.62249E-3,-5.27794E-3,-5.93418E-3,-7.33406E-3,-6.80597E-3
1.24721E+3,-5.57703E-5,-6.16352E-5,2.49779E-5,-2.13428E-4,-2.57487E-4,5.72375E-5,2.04243E-4,-1.33025E-6,3.11192E-4,6.38460E-5,2.40318E-4,-1.08019E-4,4.86189E-4,-1.60021E-4,-5.30312E-4,1.84026E-4,-3.31091E-4,1.11477E-4,-3.90894E-4,-5.43010E-4,-8.08703E-4,-1.34084E-3,-1.85253E-3,-1.84831E-3,-2.61939E-3,-3.57454E-3,-3.43016E-3,-4.55725E-3,-4.70129E-3,-5.92061E-3,-6.81822E-3,-7.73443E-3,-7.76509E-3,-9.45099E-3,-1.03922E-2,-9.87003E-3,-1.06394E-2,-1.08950E-2,-1.07263E-2,-1.08783E-2,-1.12964E-2,-1.11336E-2,-1.10297E-2,-1.09213E-2,-1.12361E-2,-1.10101E-2,-1.17476E-2,-1.12455E-2,-1.10359E-2,-1.20545E-2,-1.14375E-2,-1.20081E-2,-1.13867E-2,-1.12817E-2,-1.14521E-2,-1.08984E-2,-1.10587E-2,-1.14713E-2,-1.12851E-2,-1.15045E-2,-1.10281E-2,-1.06417E-2,-1.05915E-2,-1.07144E-2,-1.19645E-2,-1.17928E-2,-1.06680E-2,-1.12491E-2,-1.03212E-2,-1.14186E-2,-1.07518E-2,-1.07091E-2,-9.79844E-3,-1.12761E-2,-1.14627E-2,-1.05554E-2,-1.19567E-2,-1.08649E-2,-1.19550E-2,-1.21746E-2,-1.22300E-2,-1.20539E-2,-1.12309E-2,-1.04957E-2,-1.17898E-2,-1.16339E-2,-1.05262E-2,-1.08420E-2,-1.09335E-2,-1.19141E-2,-1.01478E-2,-1.09068E-2,-1.11560E-2,-1.12933E-2,-1.05419E-2,-1.08711E-2,-1.04278E-2,-9.60396E-3,-9.81467E-3,-9.42845E-3,-1.04592E-2,-1.07655E-2,-1.02102E-2,-9.89817E-3,-9.19861E-3,-9.29403E-3,-9.38815E-3,-9.69051E-3,-9.09399E-3,-8.51584E-3,-1.04444E-2,-9.64239E-3,-9.57759E-3,-8.35424E-3,-9.83174E-3,-8.91719E-3,-9.46983E-3,-7.58324E-3,-9.46429E-3,-9.33017E-3,-8.77296E-3,-8.98333E-3,-8.56232E-3,-8.08546E-3,-8.33323E-3,-8.05839E-3,-7.86890E-3,-7.36246E-3,-7.74710E-3,-6.67411E-3,-7.73541E-3,-8.27871E-3,-7.14455E-3,-7.81206E-3,-8.14353E-3,-8.85683E-3,-7.14246E-3,-7.79198E-3,-6.93275E-3,-4.87929E-3,-6.79168E-3,-7.39994E-3,-7.50407E-3,-7.54294E-3,-7.43226E-3,-6.87394E-3,-6.80784E-3,-6.16233E-3,-7.48052E-3,-6.38953E-3,-7.09165E-3,-6.77351E-3,-7.34366E-3,-6.23054E-3,-6.98185E-3,-6.21118E-3,-5.73503E-3,-6.60420E-3,-6.52775E-3,-6.94162E-3,-4.85414E-3,-6.63643E-3,-6.89543E-3,-5.32894E-3,-5.92439E-3,-7.13097E-3,-6.81458E-3
1.25069E+3,-5.06480E-5,-2.29700E-5,1.37183E-4,-1.85212E-4,-3.80984E-4,1.30427E-4,1.33654E-4,-1.36843E-5,2.05939E-4,9.42901E-5,1.10505E-4,-1.00461E-4,5.06601E-4,-1.60929E-4,-4.03710E-4,1.51639E-4,-2.39182E-4,-2.64109E-5,-2.64540E-4,-3.52073E-4,-9.19522E-4,-1.39675E-3,-1.98667E-3,-1.93464E-3,-2.69744E-3,-3.51229E-3,-3.33001E-3,-4.47596E-3,-4.72249E-3,-5.90015E-3,-6.83322E-3,-7.67915E-3,-7.75507E-3,-9.42867E-3,-1.04261E-2,-9.85482E-3,-1.07567E-2,-1.11120E-2,-1.08041E-2,-1.08902E-2,-1.13592E-2,-1.12056E-2,-1.11033E-2,-1.09514E-2,-1.13582E-2,-1.10526E-2,-1.19578E-2,-1.13206E-2,-1.12028E-2,-1.22772E-2,-1.15156E-2,-1.21221E-2,-1.12957E-2,-1.13724E-2,-1.16270E-2,-1.09767E-2,-1.12417E-2,-1.16062E-2,-1.12916E-2,-1.14483E-2,-1.09363E-2,-1.06750E-2,-1.07234E-2,-1.07712E-2,-1.20108E-2,-1.18627E-2,-1.07457E-2,-1.11374E-2,-1.04544E-2,-1.14409E-2,-1.07739E-2,-1.08980E-2,-9.83429E-3,-1.11679E-2,-1.14426E-2,-1.05704E-2,-1.20725E-2,-1.11110E-2,-1.20400E-2,-1.21821E-2,-1.21289E-2,-1.19789E-2,-1.14946E-2,-1.07020E-2,-1.18682E-2,-1.16296E-2,-1.06427E-2,-1.08044E-2,-1.11797E-2,-1.19623E-2,-9.91923E-3,-1.08798E-2,-1.11961E-2,-1.12639E-2,-1.06104E-2,-1.09545E-2,-1.04589E-2,-9.79204E-3,-9.82548E-3,-9.60087E-3,-1.04865E-2,-1.06179E-2,-1.02308E-2,-9.95559E-3,-9.11831E-3,-9.32927E-3,-9.22688E-3,-9.79721E-3,-9.10647E-3,-8.54194E-3,-1.03312E-2,-9.41080E-3,-9.58837E-3,-8.43532E-3,-9.72375E-3,-8.99739E-3,-9.40828E-3,-7.56835E-3,-9.54106E-3,-9.26949E-3,-8.65708E-3,-9.03217E-3,-8.27369E-3,-7.84990E-3,-8.18102E-3,-8.05969E-3,-7.91122E-3,-7.44885E-3,-7.67414E-3,-6.89861E-3,-7.63564E-3,-8.41749E-3,-7.08082E-3,-7.92679E-3,-8.28030E-3,-8.93883E-3,-7.26848E-3,-7.70927E-3,-7.11359E-3,-4.88603E-3,-6.64943E-3,-7.49113E-3,-7.58340E-3,-7.62235E-3,-7.46153E-3,-6.76576E-3,-6.68314E-3,-6.17225E-3,-7.53494E-3,-6.25469E-3,-7.04713E-3,-6.49887E-3,-7.37144E-3,-6.08061E-3,-6.81654E-3,-6.32261E-3,-5.82903E-3,-6.66990E-3,-6.61684E-3,-7.00994E-3,-4.82916E-3,-6.57604E-3,-6.88794E-3,-5.45713E-3,-5.86148E-3,-7.16786E-3,-6.83007E-3
1.25418E+3,1.60941E-6,-6.28974E-5,4.88037E-5,-1.74129E-4,-2.84420E-4,1.10516E-4,1.52018E-4,-7.43377E-5,2.43582E-4,1.46794E-4,1.88665E-5,-8.02068E-5,5.70270E-4,-2.13250E-4,-4.03218E-4,1.10767E-5,-2.28102E-4,-5.30548E-5,-2.95888E-4,-5.72655E-4,-9.04285E-4,-1.34382E-3,-1.93388E-3,-1.96696E-3,-2.73841E-3,-3.60174E-3,-3.66123E-3,-4.60957E-3,-4.95477E-3,-6.04328E-3,-7.00809E-3,-7.63464E-3,-7.86746E-3,-9.48992E-3,-1.04942E-2,-1.01388E-2,-1.09515E-2,-1.13220E-2,-1.09466E-2,-1.09717E-2,-1.12811E-2,-1.13799E-2,-1.12233E-2,-1.11501E-2,-1.15508E-2,-1.12518E-2,-1.20413E-2,-1.15339E-2,-1.13189E-2,-1.22394E-2,-1.18216E-2,-1.23163E-2,-1.15808E-2,-1.14619E-2,-1.17193E-2,-1.09926E-2,-1.13626E-2,-1.16617E-2,-1.15975E-2,-1.15925E-2,-1.13333E-2,-1.08080E-2,-1.08482E-2,-1.08727E-2,-1.21052E-2,-1.21047E-2,-1.08873E-2,-1.13613E-2,-1.04846E-2,-1.15771E-2,-1.09161E-2,-1.09575E-2,-9.93050E-3,-1.15635E-2,-1.16530E-2,-1.06818E-2,-1.20874E-2,-1.14154E-2,-1.22885E-2,-1.23974E-2,-1.23108E-2,-1.21640E-2,-1.15524E-2,-1.08902E-2,-1.21323E-2,-1.17435E-2,-1.07132E-2,-1.09347E-2,-1.11318E-2,-1.21880E-2,-1.02073E-2,-1.09712E-2,-1.15259E-2,-1.13690E-2,-1.07922E-2,-1.09490E-2,-1.07441E-2,-9.99911E-3,-9.84048E-3,-9.47873E-3,-1.08154E-2,-1.08583E-2,-1.03400E-2,-1.01296E-2,-9.36813E-3,-9.43163E-3,-9.18336E-3,-9.88534E-3,-9.26834E-3,-8.51716E-3,-1.06539E-2,-9.59886E-3,-9.59452E-3,-8.50910E-3,-9.84313E-3,-9.10528E-3,-9.69819E-3,-7.65159E-3,-9.48355E-3,-9.43467E-3,-8.79914E-3,-9.08252E-3,-8.48721E-3,-8.23229E-3,-8.45240E-3,-8.16923E-3,-8.11988E-3,-7.67388E-3,-7.77358E-3,-6.93327E-3,-7.80679E-3,-8.54565E-3,-7.26061E-3,-7.88159E-3,-8.41219E-3,-8.88223E-3,-7.49510E-3,-7.87199E-3,-7.41927E-3,-5.03929E-3,-6.92386E-3,-7.64882E-3,-7.76805E-3,-7.83816E-3,-7.75994E-3,-7.00705E-3,-6.79473E-3,-6.28676E-3,-7.47858E-3,-6.28374E-3,-7.03790E-3,-6.91124E-3,-7.39485E-3,-6.27905E-3,-7.23060E-3,-6.56589E-3,-5.88976E-3,-6.62645E-3,-6.75251E-3,-7.05382E-3,-4.96352E-3,-6.77378E-3,-6.92272E-3,-5.74196E-3,-6.25668E-3,-7.21265E-3,-6.94601E-3
1.25766E+3,-9.59075E-5,-1.15735E-4,8.73237E-6,-1.15636E-4,-3.61899E-4,7.73055E-5,3.79887E-4,-3.19757E-5,1.91705E-4,2.05216E-5,2.40878E-4,-1.71746E-4,5.67401E-4,-1.46536E-4,-4.46996E-4,1.77002E-4,-1.82328E-4,1.06764E-4,-2.83168E-4,-3.84829E-4,-7.93287E-4,-1.32693E-3,-1.98295E-3,-1.78529E-3,-2.68613E-3,-3.65919E-3,-3.56309E-3,-4.61814E-3,-4.85885E-3,-5.98550E-3,-7.13074E-3,-7.93161E-3,-7.89259E-3,-9.54486E-3,-1.06284E-2,-1.01635E-2,-1.09262E-2,-1.13654E-2,-1.08551E-2,-1.12253E-2,-1.15694E-2,-1.15878E-2,-1.12510E-2,-1.12314E-2,-1.14693E-2,-1.13386E-2,-1.22311E-2,-1.15728E-2,-1.14991E-2,-1.24989E-2,-1.18409E-2,-1.24765E-2,-1.16600E-2,-1.16755E-2,-1.17166E-2,-1.12386E-2,-1.14932E-2,-1.18604E-2,-1.14950E-2,-1.17854E-2,-1.11812E-2,-1.09781E-2,-1.10990E-2,-1.09953E-2,-1.21516E-2,-1.21511E-2,-1.09218E-2,-1.13367E-2,-1.06916E-2,-1.16057E-2,-1.11597E-2,-1.09293E-2,-9.92628E-3,-1.15597E-2,-1.17584E-2,-1.08233E-2,-1.21965E-2,-1.13868E-2,-1.23969E-2,-1.24918E-2,-1.24704E-2,-1.22080E-2,-1.17310E-2,-1.07484E-2,-1.23089E-2,-1.16916E-2,-1.07988E-2,-1.09175E-2,-1.13097E-2,-1.22301E-2,-1.02659E-2,-1.12310E-2,-1.14503E-2,-1.13393E-2,-1.07535E-2,-1.09238E-2,-1.06958E-2,-9.88851E-3,-9.83543E-3,-9.70268E-3,-1.06837E-2,-1.08660E-2,-1.03127E-2,-1.01451E-2,-9.34678E-3,-9.58521E-3,-9.30491E-3,-9.76031E-3,-9.11491E-3,-8.77945E-3,-1.05982E-2,-9.72568E-3,-9.91071E-3,-8.42505E-3,-9.83285E-3,-9.11234E-3,-9.67631E-3,-7.62141E-3,-9.49654E-3,-9.49460E-3,-8.91266E-3,-9.27170E-3,-8.53124E-3,-8.13606E-3,-8.53405E-3,-8.25276E-3,-8.20702E-3,-7.81059E-3,-7.86801E-3,-7.22265E-3,-8.17090E-3,-8.64105E-3,-7.29253E-3,-8.05005E-3,-8.60204E-3,-8.94131E-3,-7.67236E-3,-7.85634E-3,-7.44801E-3,-4.94760E-3,-7.15043E-3,-7.92881E-3,-8.06871E-3,-7.93667E-3,-7.70397E-3,-7.13723E-3,-6.92743E-3,-6.29219E-3,-7.63355E-3,-6.50310E-3,-7.27758E-3,-7.00464E-3,-7.51931E-3,-6.15790E-3,-7.22264E-3,-6.64213E-3,-5.88192E-3,-6.82980E-3,-6.61338E-3,-7.02013E-3,-5.20714E-3,-6.98005E-3,-7.11429E-3,-5.77055E-3,-6.19114E-3,-7.34202E-3,-7.09728E-3
1.26115E+3,-4.31714E-5,-8.33472E-5,1.02314E-4,-7.96759E-5,-2.35047E-4,2.26433E-5,3.20033E-4,1.92373E-5,6.63145E-5,-1.80063E-6,1.57474E-4,-2.20336E-4,5.99157E-4,-4.69765E-5,-5.76817E-4,4.99698E-5,-1.72370E-4,3.61963E-6,-4.08921E-4,-5.08670E-4,-1.01259E-3,-1.37665E-3,-1.97122E-3,-1.96727E-3,-2.59722E-3,-3.55210E-3,-3.42044E-3,-4.52802E-3,-4.90848E-3,-6.10166E-3,-7.04832E-3,-7.85313E-3,-8.14914E-3,-9.69366E-3,-1.06410E-2,-1.03252E-2,-1.12828E-2,-1.15999E-2,-1.09451E-2,-1.12352E-2,-1.17181E-2,-1.16623E-2,-1.13047E-2,-1.13465E-2,-1.17641E-2,-1.14941E-2,-1.24127E-2,-1.16655E-2,-1.16328E-2,-1.26957E-2,-1.18532E-2,-1.24435E-2,-1.17423E-2,-1.16898E-2,-1.18653E-2,-1.12354E-2,-1.17111E-2,-1.20196E-2,-1.17559E-2,-1.18085E-2,-1.12352E-2,-1.10191E-2,-1.09900E-2,-1.11665E-2,-1.23417E-2,-1.21798E-2,-1.08939E-2,-1.13472E-2,-1.06593E-2,-1.18718E-2,-1.11213E-2,-1.10653E-2,-1.01487E-2,-1.14767E-2,-1.18589E-2,-1.08783E-2,-1.23371E-2,-1.16081E-2,-1.25264E-2,-1.26597E-2,-1.25638E-2,-1.22804E-2,-1.17556E-2,-1.07229E-2,-1.23964E-2,-1.19626E-2,-1.09447E-2,-1.10546E-2,-1.14339E-2,-1.23348E-2,-1.02108E-2,-1.13532E-2,-1.16130E-2,-1.14648E-2,-1.06736E-2,-1.10535E-2,-1.06406E-2,-1.00432E-2,-9.98578E-3,-9.73824E-3,-1.07896E-2,-1.07353E-2,-1.04883E-2,-1.02216E-2,-9.39461E-3,-9.69288E-3,-9.57995E-3,-9.82878E-3,-9.03303E-3,-8.79199E-3,-1.07733E-2,-9.66690E-3,-9.91656E-3,-8.38986E-3,-1.01376E-2,-9.09453E-3,-9.70727E-3,-7.76494E-3,-9.77622E-3,-9.51010E-3,-8.88957E-3,-9.34376E-3,-8.59072E-3,-8.25665E-3,-8.78314E-3,-8.38489E-3,-8.04879E-3,-7.80414E-3,-7.93584E-3,-7.27276E-3,-8.07729E-3,-8.72609E-3,-7.51030E-3,-8.19798E-3,-8.72990E-3,-8.90718E-3,-7.55234E-3,-7.98519E-3,-7.56441E-3,-5.17236E-3,-7.14026E-3,-7.85377E-3,-7.98396E-3,-8.02245E-3,-7.72907E-3,-6.97085E-3,-6.80558E-3,-6.36067E-3,-7.76909E-3,-6.54706E-3,-7.18878E-3,-6.98828E-3,-7.53134E-3,-6.20313E-3,-7.16565E-3,-6.64197E-3,-5.92417E-3,-6.79634E-3,-6.91715E-3,-7.01080E-3,-5.05362E-3,-6.71132E-3,-6.98472E-3,-5.80807E-3,-6.27836E-3,-7.50811E-3,-7.23198E-3
1.26464E+3,5.23964E-5,-2.03001E-4,2.85624E-6,-1.45476E-4,-3.75147E-4,5.09812E-5,1.66943E-4,1.28789E-6,2.60257E-4,-1.84261E-5,2.02850E-4,-1.60623E-4,6.52002E-4,-1.60331E-4,-3.26570E-4,-6.92929E-6,-2.04948E-4,6.23710E-5,-3.69768E-4,-5.87866E-4,-7.80393E-4,-1.26329E-3,-2.00760E-3,-1.69523E-3,-2.66150E-3,-3.48495E-3,-3.51879E-3,-4.73588E-3,-5.13999E-3,-5.97843E-3,-7.04064E-3,-7.90133E-3,-7.98236E-3,-9.76500E-3,-1.06080E-2,-1.01400E-2,-1.13759E-2,-1.15943E-2,-1.10701E-2,-1.14243E-2,-1.16200E-2,-1.17725E-2,-1.14153E-2,-1.13315E-2,-1.17565E-2,-1.15911E-2,-1.24779E-2,-1.16907E-2,-1.15585E-2,-1.26342E-2,-1.19833E-2,-1.25604E-2,-1.18940E-2,-1.17957E-2,-1.19387E-2,-1.12958E-2,-1.16952E-2,-1.19145E-2,-1.16589E-2,-1.18533E-2,-1.13495E-2,-1.11789E-2,-1.10144E-2,-1.10325E-2,-1.22546E-2,-1.22362E-2,-1.11236E-2,-1.13411E-2,-1.07056E-2,-1.17955E-2,-1.12460E-2,-1.10688E-2,-1.01863E-2,-1.16000E-2,-1.17502E-2,-1.09065E-2,-1.23020E-2,-1.15401E-2,-1.24721E-2,-1.24121E-2,-1.25350E-2,-1.23243E-2,-1.16959E-2,-1.06832E-2,-1.21739E-2,-1.17027E-2,-1.09742E-2,-1.12085E-2,-1.14861E-2,-1.23484E-2,-1.01093E-2,-1.13730E-2,-1.16277E-2,-1.12751E-2,-1.07127E-2,-1.09877E-2,-1.06559E-2,-1.02226E-2,-9.90617E-3,-9.80891E-3,-1.07209E-2,-1.10469E-2,-1.05367E-2,-1.02230E-2,-9.29748E-3,-9.70120E-3,-9.22828E-3,-9.94974E-3,-9.26292E-3,-8.86953E-3,-1.09102E-2,-9.64935E-3,-9.65719E-3,-8.46154E-3,-9.95835E-3,-9.18949E-3,-9.60128E-3,-7.68514E-3,-9.87756E-3,-9.47511E-3,-8.78141E-3,-9.17997E-3,-8.42442E-3,-8.20866E-3,-8.44370E-3,-8.44353E-3,-8.16582E-3,-7.66779E-3,-7.80675E-3,-7.37610E-3,-7.90511E-3,-8.73006E-3,-7.51218E-3,-7.93879E-3,-8.77135E-3,-8.80209E-3,-7.78253E-3,-8.12719E-3,-7.73107E-3,-5.11244E-3,-7.18237E-3,-7.78265E-3,-8.07280E-3,-7.96801E-3,-7.56794E-3,-7.03169E-3,-6.85605E-3,-6.29525E-3,-7.84074E-3,-6.63825E-3,-7.27573E-3,-6.96429E-3,-7.54486E-3,-6.19488E-3,-7.13898E-3,-6.50893E-3,-6.02980E-3,-6.87719E-3,-6.81313E-3,-6.98605E-3,-5.20930E-3,-6.88488E-3,-7.11270E-3,-5.78548E-3,-6.43024E-3,-7.44486E-3,-7.13772E-3
1.26812E+3,-4.11215E-5,-9.56691E-5,-3.70739E-5,-2.68534E-4,-2.87928E-4,7.76529E-5,1.34842E-4,2.16197E-4,2.16737E-4,1.93652E-4,1.72057E-4,-2.79667E-4,5.88319E-4,-1.90798E-4,-3.98666E-4,7.27268E-5,-1.52201E-4,2.25049E-4,-3.64280E-4,-4.39073E-4,-8.68638E-4,-1.39142E-3,-1.88402E-3,-1.91321E-3,-2.56189E-3,-3.43124E-3,-3.41056E-3,-4.57014E-3,-4.87875E-3,-6.12256E-3,-7.03218E-3,-7.91123E-3,-8.09058E-3,-9.80588E-3,-1.08079E-2,-1.03127E-2,-1.13591E-2,-1.16334E-2,-1.11848E-2,-1.15025E-2,-1.17770E-2,-1.18819E-2,-1.15279E-2,-1.13575E-2,-1.18573E-2,-1.15581E-2,-1.26292E-2,-1.18075E-2,-1.17715E-2,-1.28425E-2,-1.21164E-2,-1.27095E-2,-1.17122E-2,-1.18322E-2,-1.21497E-2,-1.14814E-2,-1.17186E-2,-1.20254E-2,-1.17448E-2,-1.18547E-2,-1.14109E-2,-1.12107E-2,-1.10951E-2,-1.11108E-2,-1.22997E-2,-1.26063E-2,-1.12442E-2,-1.14692E-2,-1.06591E-2,-1.19628E-2,-1.12481E-2,-1.10803E-2,-1.03079E-2,-1.16319E-2,-1.20657E-2,-1.09857E-2,-1.24061E-2,-1.17421E-2,-1.26922E-2,-1.27554E-2,-1.24911E-2,-1.24459E-2,-1.17254E-2,-1.09031E-2,-1.23594E-2,-1.19469E-2,-1.10150E-2,-1.12564E-2,-1.14090E-2,-1.22838E-2,-1.03447E-2,-1.16243E-2,-1.17631E-2,-1.16700E-2,-1.05668E-2,-1.08524E-2,-1.06440E-2,-1.02011E-2,-9.91166E-3,-9.80609E-3,-1.07876E-2,-1.11045E-2,-1.05183E-2,-1.03097E-2,-9.40087E-3,-9.73040E-3,-9.50280E-3,-9.93846E-3,-9.52249E-3,-8.77494E-3,-1.07920E-2,-9.67524E-3,-9.92530E-3,-8.43570E-3,-1.01189E-2,-9.27762E-3,-9.80512E-3,-7.82610E-3,-9.66403E-3,-9.54274E-3,-8.96816E-3,-9.38586E-3,-8.25245E-3,-8.32030E-3,-8.69010E-3,-8.44715E-3,-8.27969E-3,-7.83399E-3,-7.99063E-3,-7.47823E-3,-8.13841E-3,-8.66160E-3,-7.54166E-3,-8.20658E-3,-8.87543E-3,-8.80079E-3,-7.69725E-3,-8.07458E-3,-7.80437E-3,-5.21353E-3,-7.19663E-3,-7.98636E-3,-8.20077E-3,-8.08492E-3,-7.69997E-3,-6.99904E-3,-6.89362E-3,-6.33412E-3,-7.94190E-3,-6.52637E-3,-7.36652E-3,-6.95671E-3,-7.50342E-3,-6.17865E-3,-7.24272E-3,-6.67305E-3,-5.93661E-3,-6.85586E-3,-6.70531E-3,-6.96125E-3,-5.18020E-3,-6.85322E-3,-7.28466E-3,-5.88766E-3,-6.54939E-3,-7.24339E-3,-7.03406E-3
1.27161E+3,2.83753E-5,-1.22201E-4,2.73953E-5,-2.48347E-4,-2.96391E-4,-4.14483E-5,1.17357E-4,1.47948E-4,8.74184E-5,1.51588E-4,1.26512E-4,-5.60445E-5,6.50995E-4,-2.99429E-4,-2.73728E-4,3.28358E-5,-1.36888E-4,-1.22972E-5,-5.18167E-4,-5.93235E-4,-8.02252E-4,-1.40641E-3,-1.97722E-3,-1.89284E-3,-2.61453E-3,-3.49235E-3,-3.51705E-3,-4.57598E-3,-4.92508E-3,-6.20157E-3,-7.13691E-3,-7.95318E-3,-8.09320E-3,-9.88810E-3,-1.09255E-2,-1.03707E-2,-1.14846E-2,-1.17739E-2,-1.13582E-2,-1.15471E-2,-1.19200E-2,-1.19705E-2,-1.14795E-2,-1.16081E-2,-1.18878E-2,-1.17911E-2,-1.28870E-2,-1.19276E-2,-1.18946E-2,-1.30161E-2,-1.21021E-2,-1.28308E-2,-1.20149E-2,-1.20566E-2,-1.22246E-2,-1.15282E-2,-1.18392E-2,-1.21628E-2,-1.18863E-2,-1.19847E-2,-1.15910E-2,-1.12551E-2,-1.13036E-2,-1.12076E-2,-1.26126E-2,-1.23585E-2,-1.13781E-2,-1.15902E-2,-1.09490E-2,-1.21402E-2,-1.14976E-2,-1.11848E-2,-1.02115E-2,-1.18425E-2,-1.21860E-2,-1.07980E-2,-1.23884E-2,-1.18239E-2,-1.27896E-2,-1.26597E-2,-1.27042E-2,-1.25899E-2,-1.18594E-2,-1.13560E-2,-1.26759E-2,-1.20495E-2,-1.10022E-2,-1.12080E-2,-1.14179E-2,-1.23917E-2,-1.02970E-2,-1.17603E-2,-1.17972E-2,-1.14440E-2,-1.07190E-2,-1.12215E-2,-1.07709E-2,-1.01797E-2,-9.83640E-3,-9.62945E-3,-1.09257E-2,-1.11140E-2,-1.06023E-2,-1.04436E-2,-9.35826E-3,-9.67332E-3,-9.51613E-3,-9.97712E-3,-9.42247E-3,-8.92306E-3,-1.09256E-2,-9.70495E-3,-9.92190E-3,-8.65922E-3,-1.01421E-2,-9.33852E-3,-9.92404E-3,-8.01365E-3,-1.00056E-2,-9.62096E-3,-8.94115E-3,-9.41662E-3,-8.60701E-3,-8.39348E-3,-8.64605E-3,-8.59771E-3,-8.39747E-3,-8.00574E-3,-8.11148E-3,-7.64381E-3,-8.21847E-3,-9.04526E-3,-7.94017E-3,-8.20594E-3,-9.03946E-3,-8.87463E-3,-7.79634E-3,-8.20676E-3,-7.78234E-3,-5.39624E-3,-7.21214E-3,-8.24501E-3,-8.32093E-3,-8.19579E-3,-7.67733E-3,-7.28358E-3,-6.79065E-3,-6.40543E-3,-7.91762E-3,-6.68468E-3,-7.52142E-3,-6.89160E-3,-7.62561E-3,-6.24312E-3,-7.26712E-3,-6.78299E-3,-6.03754E-3,-6.94379E-3,-7.01264E-3,-6.96759E-3,-5.68288E-3,-7.05005E-3,-7.23648E-3,-6.16227E-3,-6.65481E-3,-7.36726E-3,-7.39185E-3
1.27510E+3,-5.94107E-5,-1.55934E-6,-1.29195E-5,-1.92355E-4,-2.87628E-4,2.48681E-5,6.63359E-5,1.68437E-4,1.87135E-4,5.05947E-5,1.40992E-4,-1.36490E-4,5.26977E-4,-2.13230E-4,-2.61749E-4,-4.77117E-5,-2.40809E-4,1.29247E-4,-5.26348E-4,-5.86109E-4,-7.61287E-4,-1.31167E-3,-1.89218E-3,-1.90565E-3,-2.66966E-3,-3.46456E-3,-3.50170E-3,-4.67508E-3,-5.09878E-3,-6.19116E-3,-7.13276E-3,-8.04679E-3,-8.38749E-3,-1.00667E-2,-1.09095E-2,-1.05509E-2,-1.15072E-2,-1.21242E-2,-1.14547E-2,-1.17630E-2,-1.20787E-2,-1.21108E-2,-1.18438E-2,-1.16321E-2,-1.21070E-2,-1.18501E-2,-1.29218E-2,-1.21195E-2,-1.19412E-2,-1.30256E-2,-1.26328E-2,-1.30915E-2,-1.21383E-2,-1.21887E-2,-1.22993E-2,-1.17902E-2,-1.21222E-2,-1.22666E-2,-1.19860E-2,-1.22872E-2,-1.18397E-2,-1.13341E-2,-1.15553E-2,-1.14387E-2,-1.25002E-2,-1.27073E-2,-1.13708E-2,-1.16487E-2,-1.09870E-2,-1.23057E-2,-1.13903E-2,-1.12322E-2,-1.01803E-2,-1.19469E-2,-1.22963E-2,-1.09928E-2,-1.26252E-2,-1.20811E-2,-1.30519E-2,-1.26302E-2,-1.27863E-2,-1.24603E-2,-1.20519E-2,-1.09481E-2,-1.28557E-2,-1.21233E-2,-1.11907E-2,-1.11844E-2,-1.16935E-2,-1.25309E-2,-1.02962E-2,-1.18644E-2,-1.19613E-2,-1.15561E-2,-1.10272E-2,-1.10992E-2,-1.09353E-2,-1.02790E-2,-9.99413E-3,-9.76214E-3,-1.10571E-2,-1.08642E-2,-1.05792E-2,-1.04260E-2,-9.46435E-3,-9.53636E-3,-9.42284E-3,-1.01147E-2,-9.53341E-3,-9.05065E-3,-1.10392E-2,-9.79119E-3,-1.00608E-2,-8.57846E-3,-9.85745E-3,-9.50786E-3,-9.88297E-3,-8.15122E-3,-1.00887E-2,-9.75931E-3,-9.15065E-3,-9.36549E-3,-8.35820E-3,-8.54561E-3,-8.80067E-3,-8.56214E-3,-8.68972E-3,-7.95648E-3,-8.07190E-3,-7.69133E-3,-8.18506E-3,-8.96869E-3,-7.81645E-3,-8.19696E-3,-9.29214E-3,-8.89854E-3,-7.97456E-3,-8.40118E-3,-8.06345E-3,-5.36685E-3,-7.33501E-3,-8.22229E-3,-8.19443E-3,-8.33116E-3,-7.61345E-3,-7.29400E-3,-6.85461E-3,-6.52590E-3,-7.93954E-3,-6.80059E-3,-7.43452E-3,-7.19166E-3,-7.68598E-3,-6.30674E-3,-7.29876E-3,-6.70001E-3,-6.28118E-3,-6.90800E-3,-6.88894E-3,-6.93572E-3,-5.44788E-3,-6.90369E-3,-7.14725E-3,-6.14058E-3,-6.52801E-3,-7.35586E-3,-7.24809E-3
1.27859E+3,-4.46251E-6,2.90670E-5,8.17255E-5,-2.68847E-4,-2.10738E-4,-8.91233E-6,-2.57379E-5,2.94827E-4,4.81784E-5,6.47658E-5,1.27639E-4,-4.14194E-4,6.94348E-4,-1.93751E-4,-2.13909E-4,1.01632E-4,-1.06682E-4,-4.08563E-5,-2.54377E-4,-5.27551E-4,-7.70090E-4,-1.27405E-3,-1.89631E-3,-2.04376E-3,-2.62937E-3,-3.45415E-3,-3.43022E-3,-4.69280E-3,-5.14564E-3,-6.12647E-3,-7.20590E-3,-8.16155E-3,-8.30236E-3,-1.00155E-2,-1.09548E-2,-1.06564E-2,-1.16456E-2,-1.20512E-2,-1.14442E-2,-1.18316E-2,-1.21231E-2,-1.22240E-2,-1.20093E-2,-1.17175E-2,-1.21509E-2,-1.19100E-2,-1.31332E-2,-1.22219E-2,-1.20283E-2,-1.32608E-2,-1.25230E-2,-1.30257E-2,-1.21757E-2,-1.22592E-2,-1.22787E-2,-1.20318E-2,-1.18743E-2,-1.23212E-2,-1.21101E-2,-1.22189E-2,-1.17968E-2,-1.15083E-2,-1.15300E-2,-1.17074E-2,-1.27374E-2,-1.26070E-2,-1.14710E-2,-1.17079E-2,-1.11794E-2,-1.21597E-2,-1.12899E-2,-1.13083E-2,-1.02364E-2,-1.20434E-2,-1.22981E-2,-1.08868E-2,-1.27672E-2,-1.19805E-2,-1.31984E-2,-1.28346E-2,-1.30215E-2,-1.27217E-2,-1.19116E-2,-1.13386E-2,-1.27118E-2,-1.22265E-2,-1.08530E-2,-1.13430E-2,-1.16884E-2,-1.23459E-2,-1.04082E-2,-1.17552E-2,-1.21226E-2,-1.18200E-2,-1.07767E-2,-1.09669E-2,-1.08780E-2,-1.05015E-2,-9.76910E-3,-9.63265E-3,-1.10095E-2,-1.11933E-2,-1.05933E-2,-1.03173E-2,-9.43322E-3,-9.88318E-3,-9.39083E-3,-9.92632E-3,-9.64971E-3,-9.10857E-3,-1.11900E-2,-9.92037E-3,-1.00172E-2,-8.77862E-3,-1.02664E-2,-9.57441E-3,-9.98045E-3,-8.16199E-3,-1.01532E-2,-9.67710E-3,-9.16625E-3,-9.51035E-3,-8.44484E-3,-8.63065E-3,-8.80313E-3,-8.58412E-3,-8.77952E-3,-8.31485E-3,-7.94016E-3,-7.89460E-3,-8.42485E-3,-8.94768E-3,-8.08970E-3,-8.15131E-3,-9.28458E-3,-9.15140E-3,-7.92562E-3,-8.16087E-3,-7.83901E-3,-5.44348E-3,-7.47049E-3,-8.35744E-3,-8.44098E-3,-8.23366E-3,-7.58993E-3,-7.09999E-3,-6.92482E-3,-6.52667E-3,-8.32512E-3,-6.86792E-3,-7.61478E-3,-6.99579E-3,-7.71490E-3,-6.36551E-3,-7.57614E-3,-6.80273E-3,-6.33845E-3,-6.89775E-3,-7.03415E-3,-7.16561E-3,-5.55639E-3,-6.89077E-3,-7.10181E-3,-6.30900E-3,-6.49317E-3,-7.63923E-3,-7.33761E-3
1.28209E+3,2.07239E-5,8.17007E-5,-3.10127E-5,-2.13166E-4,-2.52248E-4,7.56959E-5,-2.61961E-5,1.05507E-4,-1.00691E-5,2.65940E-4,2.44631E-4,-3.04603E-4,5.93568E-4,-1.00798E-4,-4.49673E-4,-3.10509E-5,-1.20491E-4,1.75446E-4,-2.42234E-4,-3.76394E-4,-8.97966E-4,-1.10675E-3,-1.82987E-3,-1.73966E-3,-2.54562E-3,-3.29541E-3,-3.43100E-3,-4.47157E-3,-5.08768E-3,-6.16039E-3,-7.33022E-3,-7.99650E-3,-8.19281E-3,-9.99630E-3,-1.09792E-2,-1.06501E-2,-1.18071E-2,-1.22177E-2,-1.15540E-2,-1.17250E-2,-1.22233E-2,-1.21678E-2,-1.19450E-2,-1.16655E-2,-1.22464E-2,-1.21859E-2,-1.31308E-2,-1.20908E-2,-1.21059E-2,-1.32209E-2,-1.25851E-2,-1.31846E-2,-1.21310E-2,-1.23010E-2,-1.25249E-2,-1.18404E-2,-1.18506E-2,-1.23940E-2,-1.21741E-2,-1.22702E-2,-1.16974E-2,-1.13726E-2,-1.14337E-2,-1.16693E-2,-1.25805E-2,-1.27568E-2,-1.13781E-2,-1.16143E-2,-1.10102E-2,-1.24525E-2,-1.14130E-2,-1.13821E-2,-1.01483E-2,-1.20971E-2,-1.22321E-2,-1.09213E-2,-1.26818E-2,-1.20472E-2,-1.32009E-2,-1.29524E-2,-1.29026E-2,-1.27429E-2,-1.19776E-2,-1.11101E-2,-1.31741E-2,-1.22417E-2,-1.11203E-2,-1.14159E-2,-1.15026E-2,-1.24853E-2,-1.03961E-2,-1.19209E-2,-1.19864E-2,-1.18771E-2,-1.06037E-2,-1.11057E-2,-1.08446E-2,-1.03607E-2,-9.95270E-3,-9.69234E-3,-1.10573E-2,-1.10028E-2,-1.09343E-2,-1.04373E-2,-9.31830E-3,-9.82881E-3,-9.47031E-3,-1.01133E-2,-9.31849E-3,-9.03977E-3,-1.13683E-2,-9.69065E-3,-9.97275E-3,-8.62294E-3,-1.01756E-2,-9.54275E-3,-9.76428E-3,-8.13354E-3,-1.02266E-2,-9.73903E-3,-8.95435E-3,-9.63022E-3,-8.45545E-3,-8.53149E-3,-8.83687E-3,-8.70954E-3,-8.45673E-3,-8.16531E-3,-7.97450E-3,-8.01249E-3,-8.27098E-3,-8.79798E-3,-8.23757E-3,-8.44752E-3,-9.49236E-3,-9.03749E-3,-7.99276E-3,-8.28339E-3,-7.71738E-3,-5.38171E-3,-7.35613E-3,-8.22579E-3,-8.44168E-3,-8.45719E-3,-7.52131E-3,-7.08558E-3,-6.71077E-3,-6.40698E-3,-7.90277E-3,-6.54862E-3,-7.65793E-3,-7.03204E-3,-7.79330E-3,-6.31335E-3,-7.36632E-3,-6.55481E-3,-6.27069E-3,-6.88715E-3,-6.99800E-3,-7.20881E-3,-5.57703E-3,-6.92188E-3,-7.14155E-3,-6.17772E-3,-6.43180E-3,-7.38392E-3,-7.34860E-3
1.28558E+3,-2.54825E-5,1.83577E-4,-1.13698E-5,-2.68982E-4,-1.25130E-4,5.13775E-5,-6.56707E-5,1.45308E-5,-9.39042E-6,8.31643E-5,4.11810E-4,-2.20163E-4,4.58583E-4,-1.27292E-4,-3.49562E-4,2.05865E-4,-2.42993E-4,3.25076E-4,-1.63874E-4,-5.98682E-4,-7.70152E-4,-1.15806E-3,-1.75026E-3,-1.78272E-3,-2.45245E-3,-3.13946E-3,-3.49114E-3,-4.59089E-3,-5.12255E-3,-6.20913E-3,-7.35917E-3,-8.17750E-3,-8.20093E-3,-9.99720E-3,-1.10478E-2,-1.07874E-2,-1.19861E-2,-1.23329E-2,-1.17940E-2,-1.20191E-2,-1.26578E-2,-1.22942E-2,-1.21477E-2,-1.17326E-2,-1.23616E-2,-1.21408E-2,-1.32643E-2,-1.22185E-2,-1.22596E-2,-1.34606E-2,-1.27083E-2,-1.34813E-2,-1.22734E-2,-1.24557E-2,-1.23986E-2,-1.19024E-2,-1.21589E-2,-1.24020E-2,-1.22925E-2,-1.23708E-2,-1.19284E-2,-1.14750E-2,-1.16959E-2,-1.16493E-2,-1.27026E-2,-1.29329E-2,-1.15211E-2,-1.17467E-2,-1.11556E-2,-1.24365E-2,-1.13486E-2,-1.13897E-2,-1.02978E-2,-1.20920E-2,-1.23648E-2,-1.11796E-2,-1.28753E-2,-1.21889E-2,-1.32804E-2,-1.29710E-2,-1.32078E-2,-1.26019E-2,-1.22816E-2,-1.11759E-2,-1.29035E-2,-1.23290E-2,-1.14916E-2,-1.11901E-2,-1.11921E-2,-1.24970E-2,-1.05589E-2,-1.22725E-2,-1.20518E-2,-1.18652E-2,-1.07483E-2,-1.12016E-2,-1.07255E-2,-1.06922E-2,-1.00716E-2,-9.66170E-3,-1.11657E-2,-1.11136E-2,-1.08073E-2,-1.04218E-2,-9.28598E-3,-9.73770E-3,-9.36768E-3,-1.00624E-2,-9.44080E-3,-8.92731E-3,-1.14073E-2,-1.01418E-2,-9.90231E-3,-8.86419E-3,-1.02796E-2,-9.59268E-3,-1.00821E-2,-8.19175E-3,-1.01949E-2,-9.80474E-3,-8.95825E-3,-9.45804E-3,-8.30454E-3,-8.51392E-3,-8.91601E-3,-8.62394E-3,-8.40252E-3,-8.09970E-3,-7.93850E-3,-7.93891E-3,-8.61095E-3,-8.82798E-3,-8.15905E-3,-8.14126E-3,-9.17838E-3,-9.15354E-3,-7.92321E-3,-8.24327E-3,-7.92128E-3,-5.44243E-3,-7.43592E-3,-8.50570E-3,-8.51537E-3,-8.53632E-3,-7.61101E-3,-7.10655E-3,-6.77098E-3,-6.40617E-3,-8.04506E-3,-6.80117E-3,-7.28492E-3,-6.83385E-3,-7.64546E-3,-6.06889E-3,-7.31782E-3,-6.92414E-3,-6.16812E-3,-6.91505E-3,-7.32988E-3,-6.83773E-3,-5.51832E-3,-6.80099E-3,-7.17381E-3,-6.13417E-3,-6.60654E-3,-7.28318E-3,-7.42602E-3
1.28907E+3,-7.25494E-5,-6.67669E-5,-1.13864E-5,-1.97171E-4,-1.82298E-4,9.51199E-5,-4.19446E-6,4.23537E-4,7.54639E-5,1.21068E-4,3.29028E-4,-2.86325E-4,3.38081E-4,-1.78119E-4,-3.83488E-4,-1.63141E-5,-1.01605E-4,8.47561E-5,-1.12606E-4,-4.17988E-4,-7.38927E-4,-1.32801E-3,-1.83099E-3,-1.77495E-3,-2.55524E-3,-3.27026E-3,-3.49769E-3,-4.61408E-3,-5.45788E-3,-6.29689E-3,-7.32161E-3,-8.29874E-3,-8.26528E-3,-1.01003E-2,-1.13063E-2,-1.07737E-2,-1.20077E-2,-1.25130E-2,-1.17116E-2,-1.20865E-2,-1.26388E-2,-1.22757E-2,-1.21648E-2,-1.18549E-2,-1.24404E-2,-1.23451E-2,-1.33705E-2,-1.23636E-2,-1.23846E-2,-1.34703E-2,-1.28346E-2,-1.36064E-2,-1.22116E-2,-1.25405E-2,-1.25746E-2,-1.21106E-2,-1.20934E-2,-1.25474E-2,-1.24981E-2,-1.25671E-2,-1.20827E-2,-1.17477E-2,-1.16168E-2,-1.19348E-2,-1.28731E-2,-1.26666E-2,-1.16404E-2,-1.19090E-2,-1.12711E-2,-1.23594E-2,-1.14150E-2,-1.14248E-2,-1.04461E-2,-1.21889E-2,-1.25740E-2,-1.11753E-2,-1.28691E-2,-1.23245E-2,-1.33896E-2,-1.30249E-2,-1.30047E-2,-1.28877E-2,-1.23324E-2,-1.14957E-2,-1.30023E-2,-1.24288E-2,-1.13037E-2,-1.16106E-2,-1.19432E-2,-1.26989E-2,-1.05766E-2,-1.22837E-2,-1.22794E-2,-1.19704E-2,-1.07849E-2,-1.11666E-2,-1.10299E-2,-1.04510E-2,-1.00699E-2,-9.96783E-3,-1.10680E-2,-1.12451E-2,-1.09130E-2,-1.02875E-2,-9.45575E-3,-9.82356E-3,-9.72259E-3,-1.00669E-2,-9.82483E-3,-9.50971E-3,-1.15807E-2,-1.01530E-2,-1.03314E-2,-8.73782E-3,-1.01601E-2,-9.66792E-3,-1.01729E-2,-8.29476E-3,-1.05649E-2,-1.00752E-2,-9.14415E-3,-9.58736E-3,-8.33293E-3,-8.55002E-3,-8.63550E-3,-8.68597E-3,-8.60634E-3,-8.33181E-3,-8.25628E-3,-8.12331E-3,-8.53429E-3,-8.97240E-3,-8.24676E-3,-8.30328E-3,-9.53220E-3,-9.21100E-3,-8.17338E-3,-8.40026E-3,-7.98859E-3,-5.65546E-3,-7.47751E-3,-8.60456E-3,-8.58391E-3,-8.46091E-3,-7.65763E-3,-7.17852E-3,-6.87635E-3,-6.54318E-3,-7.88509E-3,-6.75795E-3,-7.65003E-3,-6.94440E-3,-7.98722E-3,-6.04528E-3,-7.55479E-3,-6.88727E-3,-6.58473E-3,-6.96024E-3,-7.21902E-3,-7.20704E-3,-5.56228E-3,-6.99848E-3,-7.10769E-3,-6.42095E-3,-6.65683E-3,-7.50199E-3,-7.37909E-3
1.29256E+3,-3.65420E-5,-1.11924E-4,5.39819E-6,-1.42715E-4,-1.31467E-4,1.22356E-4,-1.05946E-4,2.58676E-4,-1.05761E-4,1.73051E-4,2.19088E-4,-2.56683E-4,4.70548E-4,4.49379E-6,-3.62572E-4,9.70610E-6,9.57895E-5,6.13833E-5,-1.79607E-4,-5.78450E-4,-7.23576E-4,-1.10616E-3,-1.86883E-3,-1.98484E-3,-2.40957E-3,-3.40048E-3,-3.54401E-3,-4.48920E-3,-5.38788E-3,-6.17128E-3,-7.28631E-3,-8.37287E-3,-8.41504E-3,-1.01860E-2,-1.14068E-2,-1.09208E-2,-1.20078E-2,-1.25284E-2,-1.16965E-2,-1.23436E-2,-1.27830E-2,-1.25450E-2,-1.22214E-2,-1.20868E-2,-1.25842E-2,-1.22896E-2,-1.35321E-2,-1.26847E-2,-1.23844E-2,-1.36208E-2,-1.29872E-2,-1.35989E-2,-1.25528E-2,-1.25726E-2,-1.28385E-2,-1.20489E-2,-1.22213E-2,-1.27808E-2,-1.23806E-2,-1.26727E-2,-1.21333E-2,-1.19104E-2,-1.17256E-2,-1.22202E-2,-1.29247E-2,-1.29992E-2,-1.17834E-2,-1.19217E-2,-1.12739E-2,-1.24038E-2,-1.16519E-2,-1.17409E-2,-1.05270E-2,-1.21951E-2,-1.26008E-2,-1.11873E-2,-1.29111E-2,-1.23122E-2,-1.35307E-2,-1.31451E-2,-1.31200E-2,-1.30254E-2,-1.23351E-2,-1.16149E-2,-1.29545E-2,-1.26258E-2,-1.12252E-2,-1.16165E-2,-1.17976E-2,-1.26555E-2,-1.04801E-2,-1.22465E-2,-1.24000E-2,-1.19592E-2,-1.09700E-2,-1.11930E-2,-1.08212E-2,-1.03584E-2,-1.00512E-2,-9.85440E-3,-1.11481E-2,-1.10998E-2,-1.07893E-2,-1.03747E-2,-9.55413E-3,-9.99463E-3,-9.65186E-3,-1.01640E-2,-9.65741E-3,-9.45710E-3,-1.16042E-2,-1.02590E-2,-1.03093E-2,-8.87364E-3,-1.01166E-2,-9.80102E-3,-1.01801E-2,-8.55958E-3,-1.03452E-2,-9.89588E-3,-9.19727E-3,-9.76584E-3,-8.46047E-3,-8.84587E-3,-8.63932E-3,-8.84775E-3,-8.66727E-3,-8.41334E-3,-8.30584E-3,-8.42839E-3,-8.65971E-3,-8.80700E-3,-8.31259E-3,-8.40543E-3,-9.21806E-3,-9.14013E-3,-8.03503E-3,-8.38645E-3,-7.99310E-3,-5.76516E-3,-7.44036E-3,-8.61840E-3,-8.41528E-3,-8.56416E-3,-7.64891E-3,-7.30995E-3,-6.77419E-3,-6.53195E-3,-8.09061E-3,-6.86374E-3,-7.82813E-3,-6.99689E-3,-7.83634E-3,-6.13870E-3,-7.72514E-3,-6.88837E-3,-6.68810E-3,-6.91724E-3,-7.28418E-3,-7.19049E-3,-5.76140E-3,-6.74012E-3,-6.91419E-3,-6.58058E-3,-6.47823E-3,-7.36957E-3,-7.24539E-3
1.29606E+3,1.71450E-5,1.79389E-4,-6.30989E-5,-6.06187E-5,-1.37471E-4,5.08463E-5,-1.97835E-4,1.83193E-4,-6.23354E-5,1.75813E-4,2.72958E-4,-3.55279E-4,4.46364E-4,-1.63404E-4,-2.85666E-4,-9.53585E-5,-1.30811E-4,2.17181E-4,-1.94379E-4,-4.27692E-4,-7.21175E-4,-1.21111E-3,-1.86121E-3,-1.74636E-3,-2.50950E-3,-3.25855E-3,-3.57615E-3,-4.47115E-3,-5.10790E-3,-6.21614E-3,-7.29190E-3,-8.39518E-3,-8.48560E-3,-1.00457E-2,-1.13953E-2,-1.10759E-2,-1.23287E-2,-1.24957E-2,-1.18662E-2,-1.22930E-2,-1.27190E-2,-1.25622E-2,-1.23977E-2,-1.22082E-2,-1.26535E-2,-1.26155E-2,-1.38006E-2,-1.25789E-2,-1.24627E-2,-1.37454E-2,-1.32013E-2,-1.36719E-2,-1.26064E-2,-1.27291E-2,-1.27192E-2,-1.20794E-2,-1.23097E-2,-1.29056E-2,-1.26058E-2,-1.28646E-2,-1.22463E-2,-1.17832E-2,-1.20552E-2,-1.20852E-2,-1.30091E-2,-1.28746E-2,-1.19106E-2,-1.20567E-2,-1.11338E-2,-1.26027E-2,-1.14484E-2,-1.14506E-2,-1.01500E-2,-1.24803E-2,-1.26558E-2,-1.11127E-2,-1.31709E-2,-1.24678E-2,-1.36635E-2,-1.30668E-2,-1.31878E-2,-1.29260E-2,-1.24698E-2,-1.15030E-2,-1.32447E-2,-1.26529E-2,-1.11129E-2,-1.14335E-2,-1.15659E-2,-1.26346E-2,-1.05884E-2,-1.22274E-2,-1.23955E-2,-1.22167E-2,-1.09960E-2,-1.09437E-2,-1.08166E-2,-1.05725E-2,-9.96875E-3,-9.94541E-3,-1.14735E-2,-1.11012E-2,-1.10211E-2,-1.05987E-2,-9.29377E-3,-1.01371E-2,-9.54923E-3,-1.03029E-2,-9.01660E-3,-9.36499E-3,-1.15589E-2,-9.84980E-3,-1.01868E-2,-8.80805E-3,-1.01539E-2,-9.90895E-3,-1.00623E-2,-8.46266E-3,-1.03932E-2,-9.96447E-3,-9.14828E-3,-9.66740E-3,-8.40488E-3,-8.47503E-3,-8.60093E-3,-8.94751E-3,-8.75182E-3,-8.35364E-3,-7.99817E-3,-8.23919E-3,-8.72591E-3,-8.87941E-3,-8.58127E-3,-8.43315E-3,-9.46613E-3,-9.03670E-3,-7.88612E-3,-8.40148E-3,-7.89955E-3,-5.44945E-3,-7.34680E-3,-8.56944E-3,-8.63788E-3,-8.62409E-3,-7.46821E-3,-7.37683E-3,-6.60081E-3,-6.55263E-3,-8.02172E-3,-6.69156E-3,-7.73135E-3,-7.07317E-3,-7.65673E-3,-5.95683E-3,-7.72154E-3,-7.10107E-3,-6.16217E-3,-7.02357E-3,-7.15432E-3,-7.13233E-3,-5.82213E-3,-6.79867E-3,-6.85202E-3,-6.12742E-3,-6.70721E-3,-7.20930E-3,-7.12968E-3
1.29955E+3,-8.73232E-5,1.95907E-4,2.26304E-5,-2.53260E-4,-1.42669E-4,9.17813E-6,-2.37873E-4,2.93824E-4,-4.25465E-5,2.71581E-4,2.20981E-4,-3.18292E-4,3.76702E-4,-1.67161E-4,-1.41679E-4,-5.81265E-5,-1.81661E-4,2.04567E-4,-1.15706E-4,-3.15940E-4,-4.59057E-4,-1.14040E-3,-1.72373E-3,-1.97464E-3,-2.53867E-3,-3.22765E-3,-3.75627E-3,-4.69557E-3,-5.01446E-3,-6.29132E-3,-7.38984E-3,-8.55934E-3,-8.50609E-3,-1.02841E-2,-1.15739E-2,-1.10571E-2,-1.23136E-2,-1.27274E-2,-1.21812E-2,-1.23622E-2,-1.25867E-2,-1.27062E-2,-1.25817E-2,-1.20876E-2,-1.28845E-2,-1.29609E-2,-1.37612E-2,-1.26666E-2,-1.27975E-2,-1.40268E-2,-1.32609E-2,-1.38993E-2,-1.25570E-2,-1.28543E-2,-1.28669E-2,-1.26724E-2,-1.23046E-2,-1.30550E-2,-1.27648E-2,-1.30675E-2,-1.24240E-2,-1.20075E-2,-1.21326E-2,-1.23831E-2,-1.30443E-2,-1.30168E-2,-1.20036E-2,-1.20928E-2,-1.15482E-2,-1.23216E-2,-1.15344E-2,-1.14766E-2,-1.04351E-2,-1.22134E-2,-1.28036E-2,-1.11786E-2,-1.33440E-2,-1.29570E-2,-1.38536E-2,-1.32271E-2,-1.31972E-2,-1.28522E-2,-1.26817E-2,-1.16151E-2,-1.33903E-2,-1.27608E-2,-1.13593E-2,-1.16528E-2,-1.17836E-2,-1.23574E-2,-1.09646E-2,-1.22747E-2,-1.21190E-2,-1.19847E-2,-1.10355E-2,-1.11172E-2,-1.10290E-2,-1.02621E-2,-1.00973E-2,-9.61981E-3,-1.15435E-2,-1.13088E-2,-1.10513E-2,-1.05751E-2,-9.18147E-3,-9.89303E-3,-9.10845E-3,-9.97764E-3,-9.62194E-3,-9.46438E-3,-1.18866E-2,-1.00383E-2,-9.96954E-3,-9.04802E-3,-1.00494E-2,-9.91075E-3,-1.00574E-2,-8.39526E-3,-1.02390E-2,-1.04171E-2,-9.22937E-3,-9.68847E-3,-8.42105E-3,-8.71567E-3,-8.78693E-3,-8.83066E-3,-8.76713E-3,-8.40598E-3,-7.77235E-3,-7.81732E-3,-8.48906E-3,-8.73408E-3,-8.54021E-3,-8.60057E-3,-9.82139E-3,-9.02710E-3,-7.92003E-3,-8.34905E-3,-7.70694E-3,-5.49077E-3,-7.40101E-3,-8.35956E-3,-8.56623E-3,-8.61699E-3,-7.45126E-3,-7.26101E-3,-6.72610E-3,-6.72793E-3,-8.06476E-3,-6.61250E-3,-7.60158E-3,-6.97677E-3,-8.08323E-3,-6.07283E-3,-7.81113E-3,-7.28034E-3,-6.62289E-3,-6.93204E-3,-7.56562E-3,-6.95224E-3,-5.62731E-3,-6.72889E-3,-6.68274E-3,-6.10192E-3,-6.33855E-3,-7.14367E-3,-7.25669E-3
1.30305E+3,-4.10500E-5,1.00439E-4,-5.70599E-5,-1.89390E-4,-1.25374E-4,-8.66005E-5,-1.70526E-4,3.95591E-4,-6.43024E-5,2.17083E-4,1.70004E-4,-2.36837E-4,5.08278E-4,-2.43051E-4,-1.77203E-4,-2.84464E-5,-1.61482E-4,2.50570E-4,-2.74711E-4,-2.71505E-4,-5.65865E-4,-9.55562E-4,-1.80164E-3,-1.85303E-3,-2.38799E-3,-3.19028E-3,-3.55041E-3,-4.48519E-3,-5.18594E-3,-6.33980E-3,-7.52023E-3,-8.38296E-3,-8.52909E-3,-1.02490E-2,-1.13732E-2,-1.14056E-2,-1.26601E-2,-1.28673E-2,-1.21427E-2,-1.25083E-2,-1.29394E-2,-1.29618E-2,-1.26079E-2,-1.23960E-2,-1.30052E-2,-1.28539E-2,-1.40211E-2,-1.27159E-2,-1.29641E-2,-1.39361E-2,-1.34125E-2,-1.39299E-2,-1.28536E-2,-1.30788E-2,-1.30607E-2,-1.26231E-2,-1.23769E-2,-1.29681E-2,-1.29512E-2,-1.30023E-2,-1.24509E-2,-1.20119E-2,-1.21656E-2,-1.24107E-2,-1.32386E-2,-1.33906E-2,-1.20388E-2,-1.21903E-2,-1.16569E-2,-1.24752E-2,-1.15687E-2,-1.19083E-2,-1.06196E-2,-1.22426E-2,-1.30737E-2,-1.12911E-2,-1.33588E-2,-1.27335E-2,-1.40395E-2,-1.34729E-2,-1.33175E-2,-1.31333E-2,-1.28058E-2,-1.19248E-2,-1.31011E-2,-1.26302E-2,-1.14157E-2,-1.16243E-2,-1.15893E-2,-1.26669E-2,-1.07351E-2,-1.25937E-2,-1.21400E-2,-1.23400E-2,-1.07802E-2,-1.09125E-2,-1.08086E-2,-1.09704E-2,-9.95199E-3,-9.84753E-3,-1.15906E-2,-1.13989E-2,-1.09330E-2,-1.02952E-2,-9.39796E-3,-9.66571E-3,-9.60772E-3,-1.02553E-2,-9.96786E-3,-9.88237E-3,-1.18316E-2,-1.02166E-2,-1.00268E-2,-9.03979E-3,-1.03580E-2,-9.84470E-3,-1.00269E-2,-8.47799E-3,-1.04085E-2,-1.01081E-2,-9.04666E-3,-9.58183E-3,-8.20451E-3,-8.77660E-3,-8.86495E-3,-8.86906E-3,-8.81936E-3,-8.58961E-3,-8.14875E-3,-7.93433E-3,-8.76228E-3,-9.02350E-3,-8.86480E-3,-8.62436E-3,-9.55427E-3,-9.28594E-3,-7.91675E-3,-8.34293E-3,-7.57552E-3,-5.49029E-3,-7.30818E-3,-8.82241E-3,-8.47560E-3,-8.54499E-3,-7.32147E-3,-6.87521E-3,-6.94417E-3,-6.77071E-3,-8.36430E-3,-6.96504E-3,-7.68124E-3,-7.15078E-3,-7.66617E-3,-6.31489E-3,-7.67677E-3,-6.98255E-3,-6.43044E-3,-6.79594E-3,-7.13472E-3,-6.99137E-3,-5.62978E-3,-6.41800E-3,-6.73973E-3,-6.26146E-3,-6.49267E-3,-7.25703E-3,-7.31517E-3
1.30654E+3,1.49152E-5,-1.63659E-5,-1.75160E-5,-1.80679E-4,-9.61370E-5,-5.15083E-6,-2.74601E-4,4.62641E-4,-7.69308E-5,1.35777E-4,4.66196E-4,-2.09939E-4,3.18455E-4,-2.61879E-4,-2.58786E-4,1.44602E-4,-1.09741E-4,4.20245E-4,9.28890E-5,-2.41576E-4,-7.00945E-4,-9.83192E-4,-1.75305E-3,-1.84058E-3,-2.20520E-3,-3.04422E-3,-3.47961E-3,-4.59662E-3,-5.34543E-3,-6.32006E-3,-7.44649E-3,-8.67712E-3,-8.70766E-3,-1.04290E-2,-1.15855E-2,-1.13864E-2,-1.26756E-2,-1.28887E-2,-1.22077E-2,-1.26176E-2,-1.28546E-2,-1.30285E-2,-1.25768E-2,-1.23689E-2,-1.32076E-2,-1.28617E-2,-1.41089E-2,-1.29304E-2,-1.28351E-2,-1.39529E-2,-1.35875E-2,-1.40964E-2,-1.27622E-2,-1.33132E-2,-1.30753E-2,-1.24263E-2,-1.24323E-2,-1.31430E-2,-1.28749E-2,-1.30883E-2,-1.27182E-2,-1.24014E-2,-1.24826E-2,-1.24738E-2,-1.28762E-2,-1.33968E-2,-1.20880E-2,-1.19214E-2,-1.15979E-2,-1.27358E-2,-1.16391E-2,-1.18545E-2,-1.04659E-2,-1.27618E-2,-1.29439E-2,-1.13458E-2,-1.33392E-2,-1.30008E-2,-1.41654E-2,-1.33545E-2,-1.35278E-2,-1.29041E-2,-1.27834E-2,-1.15816E-2,-1.36891E-2,-1.27199E-2,-1.14873E-2,-1.18522E-2,-1.16943E-2,-1.26418E-2,-1.06398E-2,-1.26851E-2,-1.24413E-2,-1.24097E-2,-1.08960E-2,-1.13776E-2,-1.06180E-2,-1.02728E-2,-9.75302E-3,-9.65924E-3,-1.15883E-2,-1.15128E-2,-1.10902E-2,-1.03511E-2,-9.30698E-3,-9.64567E-3,-9.16120E-3,-1.01927E-2,-1.00492E-2,-9.44982E-3,-1.20103E-2,-1.03425E-2,-9.92090E-3,-9.17853E-3,-1.02053E-2,-1.00352E-2,-1.01330E-2,-8.61988E-3,-1.02834E-2,-1.00574E-2,-9.15375E-3,-9.93334E-3,-8.20223E-3,-8.77768E-3,-8.32446E-3,-8.91596E-3,-8.72018E-3,-8.48805E-3,-8.16988E-3,-8.21423E-3,-9.03560E-3,-8.78543E-3,-8.94253E-3,-8.32430E-3,-9.71765E-3,-9.05073E-3,-7.83094E-3,-8.30019E-3,-7.72806E-3,-5.69260E-3,-7.29526E-3,-8.71773E-3,-8.90544E-3,-8.55636E-3,-7.45845E-3,-6.91731E-3,-6.83874E-3,-6.46958E-3,-8.10297E-3,-6.83984E-3,-7.76027E-3,-7.04080E-3,-8.02014E-3,-6.11571E-3,-7.51918E-3,-7.10161E-3,-6.41044E-3,-6.98746E-3,-7.55704E-3,-7.17474E-3,-5.59388E-3,-6.93602E-3,-6.83791E-3,-6.24179E-3,-6.51557E-3,-7.17946E-3,-7.41874E-3
1.31004E+3,4.44333E-5,1.12129E-4,-5.14830E-5,-4.94878E-5,6.56385E-6,3.05241E-5,-1.25620E-4,1.78752E-4,-7.93516E-5,2.23384E-4,2.08502E-4,-2.26977E-4,6.40196E-5,-1.35939E-4,-1.99449E-4,-1.52830E-4,1.55315E-4,3.40955E-4,-1.94391E-4,-4.16713E-4,-8.42474E-4,-8.52308E-4,-1.61051E-3,-1.76995E-3,-2.23968E-3,-3.22044E-3,-3.26661E-3,-4.62833E-3,-5.13615E-3,-6.41462E-3,-7.68092E-3,-8.54369E-3,-8.60734E-3,-1.04292E-2,-1.14057E-2,-1.15202E-2,-1.27639E-2,-1.30581E-2,-1.22104E-2,-1.28400E-2,-1.31735E-2,-1.34420E-2,-1.25771E-2,-1.24351E-2,-1.31090E-2,-1.32501E-2,-1.42515E-2,-1.28855E-2,-1.31474E-2,-1.41653E-2,-1.36668E-2,-1.44191E-2,-1.28511E-2,-1.32100E-2,-1.32466E-2,-1.24207E-2,-1.26483E-2,-1.34957E-2,-1.28042E-2,-1.32034E-2,-1.28321E-2,-1.19596E-2,-1.23405E-2,-1.24441E-2,-1.27798E-2,-1.31772E-2,-1.23043E-2,-1.24068E-2,-1.17130E-2,-1.26414E-2,-1.20272E-2,-1.17521E-2,-1.06377E-2,-1.27944E-2,-1.31103E-2,-1.15061E-2,-1.32955E-2,-1.26290E-2,-1.41139E-2,-1.34136E-2,-1.36640E-2,-1.31204E-2,-1.27088E-2,-1.15744E-2,-1.36961E-2,-1.28502E-2,-1.15721E-2,-1.13794E-2,-1.13911E-2,-1.25396E-2,-1.08622E-2,-1.26609E-2,-1.25586E-2,-1.26213E-2,-1.09231E-2,-1.14661E-2,-1.07036E-2,-1.06155E-2,-9.87364E-3,-1.00223E-2,-1.14206E-2,-1.13435E-2,-1.08257E-2,-1.02771E-2,-9.24836E-3,-9.92710E-3,-9.12512E-3,-1.03974E-2,-9.81925E-3,-9.49413E-3,-1.19639E-2,-9.87660E-3,-1.00248E-2,-9.14264E-3,-1.02795E-2,-9.83338E-3,-9.98845E-3,-8.04110E-3,-1.05189E-2,-1.01145E-2,-9.28287E-3,-9.69363E-3,-8.53740E-3,-8.67904E-3,-8.37711E-3,-8.82124E-3,-8.95608E-3,-8.44157E-3,-7.81670E-3,-8.10385E-3,-8.71185E-3,-9.17779E-3,-8.75953E-3,-8.83880E-3,-9.79433E-3,-9.04257E-3,-7.95194E-3,-8.00968E-3,-7.61290E-3,-5.58009E-3,-7.35245E-3,-8.76470E-3,-8.44296E-3,-8.25691E-3,-7.40941E-3,-7.17111E-3,-6.63192E-3,-6.11420E-3,-8.17470E-3,-7.16159E-3,-7.84111E-3,-7.30289E-3,-7.94005E-3,-6.20338E-3,-7.82000E-3,-7.01458E-3,-6.59692E-3,-7.07348E-3,-7.65836E-3,-7.00265E-3,-5.35382E-3,-6.79652E-3,-6.76650E-3,-6.18967E-3,-6.39094E-3,-7.19374E-3,-7.31879E-3
1.31354E+3,9.40813E-6,1.74270E-4,6.12604E-6,-3.37169E-4,-4.94540E-5,1.92661E-4,-3.72832E-4,1.78044E-4,-7.69181E-5,1.91712E-4,1.82510E-4,-1.14490E-4,1.26220E-4,-3.24275E-5,-7.76607E-5,-6.91946E-5,1.38710E-5,3.71293E-4,2.42809E-6,-2.31315E-4,-5.89148E-4,-1.06162E-3,-1.71136E-3,-1.63128E-3,-2.16575E-3,-3.00323E-3,-3.55778E-3,-4.68868E-3,-5.22168E-3,-6.33984E-3,-7.59796E-3,-8.41432E-3,-8.36332E-3,-1.05274E-2,-1.15601E-2,-1.13810E-2,-1.28782E-2,-1.31741E-2,-1.23121E-2,-1.26389E-2,-1.33231E-2,-1.29581E-2,-1.26725E-2,-1.27012E-2,-1.29444E-2,-1.32943E-2,-1.42608E-2,-1.29073E-2,-1.30944E-2,-1.43175E-2,-1.36823E-2,-1.41300E-2,-1.28299E-2,-1.34061E-2,-1.31374E-2,-1.26101E-2,-1.24953E-2,-1.33523E-2,-1.28321E-2,-1.33153E-2,-1.25992E-2,-1.21721E-2,-1.25903E-2,-1.25004E-2,-1.30491E-2,-1.33925E-2,-1.22813E-2,-1.25131E-2,-1.16478E-2,-1.26257E-2,-1.18946E-2,-1.20720E-2,-1.03859E-2,-1.25331E-2,-1.34374E-2,-1.13521E-2,-1.33703E-2,-1.29735E-2,-1.43703E-2,-1.34935E-2,-1.34455E-2,-1.29110E-2,-1.26691E-2,-1.17344E-2,-1.35864E-2,-1.26927E-2,-1.11777E-2,-1.11560E-2,-1.21314E-2,-1.25419E-2,-1.11180E-2,-1.29801E-2,-1.24669E-2,-1.26582E-2,-1.08508E-2,-1.08891E-2,-1.08167E-2,-1.09353E-2,-9.95034E-3,-9.56715E-3,-1.16074E-2,-1.14624E-2,-1.06687E-2,-1.05646E-2,-9.24755E-3,-9.84845E-3,-9.06118E-3,-1.01678E-2,-9.54809E-3,-9.53265E-3,-1.19121E-2,-1.02306E-2,-1.00007E-2,-9.05797E-3,-1.00943E-2,-9.94106E-3,-9.77155E-3,-8.54121E-3,-1.00903E-2,-1.04002E-2,-9.39406E-3,-9.67010E-3,-7.94711E-3,-8.69537E-3,-8.48871E-3,-8.99398E-3,-8.81260E-3,-8.39866E-3,-8.13231E-3,-8.21391E-3,-8.79590E-3,-8.76423E-3,-8.84295E-3,-8.76946E-3,-9.77134E-3,-9.01292E-3,-7.81758E-3,-8.17589E-3,-7.57575E-3,-5.51653E-3,-7.23324E-3,-8.47315E-3,-8.63165E-3,-8.54342E-3,-7.44834E-3,-6.78784E-3,-6.71269E-3,-6.78736E-3,-8.04569E-3,-6.82453E-3,-7.64054E-3,-7.04335E-3,-7.94257E-3,-5.88758E-3,-7.62005E-3,-6.93762E-3,-6.38447E-3,-6.88416E-3,-7.12671E-3,-7.24215E-3,-5.52758E-3,-6.46213E-3,-6.98749E-3,-5.92298E-3,-6.14822E-3,-6.88412E-3,-7.15846E-3
1.31703E+3,-9.81772E-5,-9.63195E-5,-2.61695E-5,-7.00643E-5,4.53083E-6,1.82184E-5,-2.28074E-4,2.27281E-4,-1.39269E-4,2.16434E-4,4.33459E-4,-9.75150E-5,7.56589E-5,2.48235E-5,-2.44816E-4,-1.17900E-4,7.95516E-5,3.80244E-4,1.28012E-4,-2.43363E-4,-5.57506E-4,-1.23454E-3,-1.71482E-3,-1.79360E-3,-2.20041E-3,-3.09170E-3,-3.59156E-3,-4.73599E-3,-5.69856E-3,-6.25153E-3,-7.47994E-3,-8.74293E-3,-8.70628E-3,-1.04049E-2,-1.17722E-2,-1.15601E-2,-1.28881E-2,-1.34275E-2,-1.24300E-2,-1.29581E-2,-1.35749E-2,-1.32187E-2,-1.27895E-2,-1.27068E-2,-1.32536E-2,-1.35976E-2,-1.44764E-2,-1.31166E-2,-1.30938E-2,-1.45183E-2,-1.37584E-2,-1.47004E-2,-1.28916E-2,-1.35270E-2,-1.33167E-2,-1.28522E-2,-1.25273E-2,-1.36680E-2,-1.30374E-2,-1.34265E-2,-1.29028E-2,-1.25100E-2,-1.25075E-2,-1.25904E-2,-1.31805E-2,-1.31442E-2,-1.24783E-2,-1.25473E-2,-1.20507E-2,-1.26484E-2,-1.21467E-2,-1.19668E-2,-1.05358E-2,-1.28891E-2,-1.31012E-2,-1.15586E-2,-1.34708E-2,-1.26667E-2,-1.44073E-2,-1.37101E-2,-1.40751E-2,-1.30604E-2,-1.28998E-2,-1.20662E-2,-1.37120E-2,-1.31196E-2,-1.16872E-2,-1.11771E-2,-1.16930E-2,-1.26472E-2,-1.08311E-2,-1.24234E-2,-1.24176E-2,-1.27987E-2,-1.13682E-2,-1.14559E-2,-1.09358E-2,-1.10231E-2,-1.02071E-2,-9.72884E-3,-1.16938E-2,-1.16880E-2,-1.12845E-2,-1.05920E-2,-8.96390E-3,-1.01668E-2,-9.75191E-3,-1.02724E-2,-1.00527E-2,-9.55378E-3,-1.19315E-2,-9.87566E-3,-9.99811E-3,-9.26120E-3,-1.00986E-2,-1.03386E-2,-1.01271E-2,-8.17244E-3,-1.07417E-2,-1.02298E-2,-9.24573E-3,-9.79088E-3,-7.76693E-3,-8.72716E-3,-8.20982E-3,-8.97893E-3,-8.95624E-3,-8.72119E-3,-8.12603E-3,-8.18332E-3,-8.52000E-3,-8.80401E-3,-8.62703E-3,-8.73134E-3,-9.59586E-3,-9.22304E-3,-7.91806E-3,-8.61569E-3,-7.37386E-3,-5.72270E-3,-7.51897E-3,-8.50427E-3,-8.36676E-3,-8.48030E-3,-7.33727E-3,-7.05538E-3,-6.60560E-3,-6.61087E-3,-8.22391E-3,-6.72163E-3,-7.71337E-3,-7.12772E-3,-8.21335E-3,-5.96744E-3,-7.74413E-3,-6.94185E-3,-6.26426E-3,-7.00587E-3,-7.63255E-3,-7.06380E-3,-5.66041E-3,-6.36106E-3,-6.80974E-3,-6.19653E-3,-6.54194E-3,-7.09057E-3,-7.51183E-3
1.32053E+3,-1.26256E-4,1.53106E-4,-3.67692E-5,-3.05933E-4,1.26625E-4,3.28706E-5,-1.62362E-4,1.91853E-4,-1.28785E-4,2.32804E-4,2.45346E-4,-1.39238E-4,2.79196E-4,-3.69017E-4,6.55916E-6,2.73616E-5,-6.98014E-6,3.29223E-4,-1.60215E-5,-1.99838E-4,-6.85899E-4,-1.09339E-3,-1.77961E-3,-2.02663E-3,-2.39520E-3,-3.06768E-3,-3.70523E-3,-4.55396E-3,-5.38828E-3,-6.45168E-3,-7.80784E-3,-8.72759E-3,-8.74401E-3,-1.05209E-2,-1.20893E-2,-1.13995E-2,-1.30002E-2,-1.33849E-2,-1.24314E-2,-1.30294E-2,-1.32821E-2,-1.31212E-2,-1.34142E-2,-1.26930E-2,-1.34054E-2,-1.36014E-2,-1.42216E-2,-1.31148E-2,-1.29037E-2,-1.44845E-2,-1.39544E-2,-1.46432E-2,-1.29203E-2,-1.35525E-2,-1.36063E-2,-1.29484E-2,-1.26695E-2,-1.36169E-2,-1.32243E-2,-1.37075E-2,-1.32496E-2,-1.23412E-2,-1.27593E-2,-1.26768E-2,-1.30635E-2,-1.30826E-2,-1.23469E-2,-1.25917E-2,-1.19981E-2,-1.27469E-2,-1.15947E-2,-1.20455E-2,-1.04134E-2,-1.30421E-2,-1.35405E-2,-1.15188E-2,-1.36547E-2,-1.30935E-2,-1.45446E-2,-1.36151E-2,-1.38299E-2,-1.30802E-2,-1.24694E-2,-1.20006E-2,-1.40004E-2,-1.30439E-2,-1.14004E-2,-1.18729E-2,-1.21716E-2,-1.26319E-2,-1.12127E-2,-1.28293E-2,-1.23878E-2,-1.27524E-2,-1.06779E-2,-1.12227E-2,-1.10653E-2,-1.04686E-2,-1.01350E-2,-9.35249E-3,-1.15180E-2,-1.15577E-2,-1.10273E-2,-1.03702E-2,-9.32853E-3,-1.01440E-2,-9.11974E-3,-1.01027E-2,-9.77682E-3,-9.47430E-3,-1.24771E-2,-1.00477E-2,-1.00080E-2,-9.07717E-3,-1.03343E-2,-1.01511E-2,-9.73509E-3,-8.56552E-3,-1.08170E-2,-1.01069E-2,-9.24355E-3,-9.73622E-3,-8.21541E-3,-8.70410E-3,-8.51086E-3,-8.97877E-3,-8.82430E-3,-8.47444E-3,-7.96468E-3,-7.92798E-3,-8.74831E-3,-8.68636E-3,-8.85876E-3,-8.83440E-3,-9.81065E-3,-9.00441E-3,-7.60236E-3,-8.19440E-3,-7.24227E-3,-5.42169E-3,-7.22071E-3,-8.64275E-3,-8.04787E-3,-8.33737E-3,-7.39658E-3,-6.86807E-3,-6.85344E-3,-6.56639E-3,-7.84373E-3,-6.77501E-3,-7.52741E-3,-6.84161E-3,-7.63268E-3,-6.03090E-3,-7.53247E-3,-7.14131E-3,-6.20350E-3,-7.04148E-3,-7.47648E-3,-7.36322E-3,-5.40465E-3,-7.01845E-3,-6.64975E-3,-6.38442E-3,-6.40514E-3,-6.79137E-3,-7.14017E-3
1.32403E+3,3.51972E-5,2.26518E-4,4.25519E-5,-1.36347E-4,-8.80408E-5,2.16554E-4,-2.22834E-4,1.62676E-4,-1.28322E-4,1.64694E-4,2.55727E-4,-3.87433E-4,2.24032E-4,-1.20959E-5,-3.52879E-4,-2.76185E-6,3.16482E-5,3.92961E-4,-8.17696E-5,-5.53959E-4,-4.76467E-4,-6.73443E-4,-1.63935E-3,-1.88150E-3,-2.24306E-3,-3.11775E-3,-3.28787E-3,-4.35095E-3,-5.64871E-3,-6.27478E-3,-7.78895E-3,-9.00265E-3,-8.62527E-3,-1.05639E-2,-1.18397E-2,-1.15965E-2,-1.32238E-2,-1.32637E-2,-1.24738E-2,-1.28665E-2,-1.35617E-2,-1.33357E-2,-1.32546E-2,-1.25040E-2,-1.34607E-2,-1.37875E-2,-1.43524E-2,-1.32700E-2,-1.33301E-2,-1.44308E-2,-1.41150E-2,-1.44857E-2,-1.29448E-2,-1.36044E-2,-1.35356E-2,-1.28378E-2,-1.24520E-2,-1.34295E-2,-1.32442E-2,-1.37317E-2,-1.31516E-2,-1.21484E-2,-1.26082E-2,-1.26074E-2,-1.32347E-2,-1.33031E-2,-1.24666E-2,-1.21963E-2,-1.17887E-2,-1.29169E-2,-1.18940E-2,-1.19596E-2,-1.05886E-2,-1.29704E-2,-1.29932E-2,-1.13983E-2,-1.36154E-2,-1.29935E-2,-1.45324E-2,-1.35151E-2,-1.36813E-2,-1.34295E-2,-1.28951E-2,-1.21914E-2,-1.38896E-2,-1.29720E-2,-1.10260E-2,-1.13466E-2,-1.17091E-2,-1.24895E-2,-1.05948E-2,-1.23227E-2,-1.24098E-2,-1.27997E-2,-1.09555E-2,-1.07972E-2,-1.10768E-2,-1.08389E-2,-9.95007E-3,-9.60462E-3,-1.14807E-2,-1.16534E-2,-1.08979E-2,-1.04904E-2,-8.75602E-3,-1.00753E-2,-9.07132E-3,-1.04090E-2,-9.44233E-3,-9.49915E-3,-1.23441E-2,-1.01761E-2,-9.73672E-3,-9.32646E-3,-9.89336E-3,-1.01271E-2,-9.58585E-3,-8.65226E-3,-1.06491E-2,-1.00493E-2,-8.93759E-3,-9.81838E-3,-7.94219E-3,-8.72570E-3,-8.22828E-3,-9.09783E-3,-8.81269E-3,-8.76099E-3,-7.61426E-3,-7.68709E-3,-8.40253E-3,-8.65569E-3,-8.74308E-3,-8.86485E-3,-9.50339E-3,-8.87293E-3,-7.48266E-3,-8.17667E-3,-6.96353E-3,-5.38901E-3,-7.57452E-3,-8.31338E-3,-8.24376E-3,-8.38583E-3,-7.34072E-3,-6.79551E-3,-6.84227E-3,-6.66242E-3,-8.12952E-3,-6.69904E-3,-7.19840E-3,-6.86236E-3,-7.90516E-3,-6.14407E-3,-7.88220E-3,-7.22119E-3,-6.35268E-3,-6.53043E-3,-7.46137E-3,-7.02724E-3,-5.56595E-3,-7.00501E-3,-6.37513E-3,-6.17912E-3,-6.34661E-3,-6.94103E-3,-6.82860E-3
1.32753E+3,-1.58907E-4,9.04173E-5,-5.76730E-5,-1.49625E-4,-7.95938E-5,1.41628E-4,-3.32590E-4,3.14609E-4,-4.15811E-5,1.46519E-4,9.60046E-5,3.13181E-5,7.05284E-5,-7.93618E-5,8.30746E-6,-6.08546E-5,-1.51499E-4,1.63840E-4,-9.04630E-5,-3.35502E-4,-5.23502E-4,-9.68455E-4,-1.77885E-3,-1.93710E-3,-2.18696E-3,-3.13418E-3,-3.58781E-3,-4.56263E-3,-5.49161E-3,-6.41086E-3,-7.87965E-3,-8.77799E-3,-9.01085E-3,-1.06343E-2,-1.17813E-2,-1.18175E-2,-1.33753E-2,-1.35479E-2,-1.25144E-2,-1.32772E-2,-1.34909E-2,-1.36035E-2,-1.31683E-2,-1.28747E-2,-1.35763E-2,-1.41404E-2,-1.45882E-2,-1.32161E-2,-1.34490E-2,-1.46728E-2,-1.41371E-2,-1.47605E-2,-1.31919E-2,-1.37425E-2,-1.36130E-2,-1.30217E-2,-1.25448E-2,-1.37134E-2,-1.32808E-2,-1.35055E-2,-1.34489E-2,-1.29080E-2,-1.30044E-2,-1.27103E-2,-1.34582E-2,-1.32867E-2,-1.28261E-2,-1.28020E-2,-1.20468E-2,-1.26769E-2,-1.19424E-2,-1.19207E-2,-1.08606E-2,-1.31598E-2,-1.34441E-2,-1.14179E-2,-1.37914E-2,-1.33096E-2,-1.45287E-2,-1.39564E-2,-1.36551E-2,-1.33030E-2,-1.29714E-2,-1.25577E-2,-1.41182E-2,-1.28570E-2,-1.18545E-2,-1.13059E-2,-1.15580E-2,-1.29854E-2,-1.11834E-2,-1.27090E-2,-1.26592E-2,-1.30438E-2,-1.08180E-2,-1.12378E-2,-1.13124E-2,-1.05013E-2,-1.01103E-2,-9.35956E-3,-1.17260E-2,-1.14882E-2,-1.09348E-2,-1.04005E-2,-9.19251E-3,-1.00601E-2,-9.59529E-3,-1.02571E-2,-1.00105E-2,-9.50758E-3,-1.20852E-2,-1.02167E-2,-9.76299E-3,-8.93050E-3,-1.04622E-2,-1.00632E-2,-9.89739E-3,-8.37101E-3,-1.07597E-2,-1.01935E-2,-9.11276E-3,-1.00241E-2,-7.87153E-3,-8.43840E-3,-8.33816E-3,-9.03384E-3,-8.71982E-3,-8.92218E-3,-7.95552E-3,-8.06496E-3,-8.68410E-3,-8.48395E-3,-8.75664E-3,-8.82619E-3,-9.91011E-3,-9.06415E-3,-7.65895E-3,-7.85031E-3,-7.25090E-3,-5.24343E-3,-7.26919E-3,-8.59186E-3,-8.57358E-3,-8.52423E-3,-7.42897E-3,-6.82578E-3,-6.69365E-3,-6.24411E-3,-8.27279E-3,-6.79653E-3,-7.35968E-3,-6.95199E-3,-7.73637E-3,-6.46914E-3,-7.81178E-3,-6.94664E-3,-6.13549E-3,-6.79242E-3,-7.56180E-3,-7.26643E-3,-5.54719E-3,-6.95737E-3,-6.57092E-3,-5.69454E-3,-6.90190E-3,-7.41639E-3,-6.87123E-3
1.33103E+3,-1.98800E-4,2.19388E-4,-7.64634E-5,-1.73086E-4,1.03194E-4,1.92128E-4,-2.27898E-4,4.37328E-4,-1.04978E-4,1.86398E-4,-1.54065E-5,-9.10006E-5,8.90800E-5,1.46748E-7,-3.40029E-4,2.75642E-4,-2.38021E-5,2.09567E-4,-1.91913E-5,-5.85306E-4,-6.62981E-4,-6.45471E-4,-1.79482E-3,-1.74639E-3,-2.43331E-3,-2.93852E-3,-3.38895E-3,-4.44811E-3,-5.50004E-3,-6.30879E-3,-7.66843E-3,-8.80084E-3,-8.61716E-3,-1.09077E-2,-1.22485E-2,-1.21705E-2,-1.36126E-2,-1.33706E-2,-1.27009E-2,-1.30036E-2,-1.37875E-2,-1.34946E-2,-1.34457E-2,-1.26947E-2,-1.34656E-2,-1.40672E-2,-1.47056E-2,-1.33939E-2,-1.32479E-2,-1.44645E-2,-1.40713E-2,-1.50556E-2,-1.34958E-2,-1.37781E-2,-1.36374E-2,-1.31381E-2,-1.22358E-2,-1.36347E-2,-1.35562E-2,-1.36754E-2,-1.33747E-2,-1.25851E-2,-1.27293E-2,-1.27971E-2,-1.33159E-2,-1.32477E-2,-1.26423E-2,-1.26956E-2,-1.21192E-2,-1.27857E-2,-1.21730E-2,-1.20196E-2,-1.06620E-2,-1.33235E-2,-1.31103E-2,-1.15059E-2,-1.40819E-2,-1.33999E-2,-1.49103E-2,-1.37144E-2,-1.39812E-2,-1.34708E-2,-1.27723E-2,-1.19421E-2,-1.39147E-2,-1.29943E-2,-1.16007E-2,-1.15314E-2,-1.15050E-2,-1.23213E-2,-1.03069E-2,-1.23058E-2,-1.20207E-2,-1.24960E-2,-1.08833E-2,-1.07237E-2,-1.02083E-2,-1.09935E-2,-1.02546E-2,-9.26470E-3,-1.17814E-2,-1.22233E-2,-1.08066E-2,-1.02276E-2,-9.14932E-3,-1.00871E-2,-9.01562E-3,-9.99682E-3,-9.55505E-3,-9.33488E-3,-1.19790E-2,-1.01491E-2,-9.63915E-3,-9.02478E-3,-1.00143E-2,-9.86837E-3,-9.88181E-3,-8.53197E-3,-1.05290E-2,-9.97395E-3,-8.93010E-3,-9.81160E-3,-8.55678E-3,-8.57347E-3,-8.69817E-3,-8.88245E-3,-8.60095E-3,-8.12047E-3,-7.97413E-3,-8.12911E-3,-8.52407E-3,-8.82538E-3,-8.88107E-3,-9.00258E-3,-9.52801E-3,-9.08615E-3,-7.25428E-3,-8.01688E-3,-7.11317E-3,-5.20113E-3,-7.24847E-3,-8.16045E-3,-8.19308E-3,-8.33724E-3,-7.08212E-3,-7.05378E-3,-6.94065E-3,-6.34403E-3,-8.30944E-3,-6.49607E-3,-7.50409E-3,-6.99162E-3,-7.90975E-3,-6.01461E-3,-7.82971E-3,-7.04742E-3,-6.15350E-3,-6.79880E-3,-7.40075E-3,-7.09374E-3,-5.42573E-3,-6.65858E-3,-6.73177E-3,-6.50151E-3,-6.73154E-3,-7.19955E-3,-7.20553E-3
1.33453E+3,-2.13511E-4,-5.44798E-5,1.27547E-5,-1.40045E-4,1.10995E-4,2.35285E-4,-1.68905E-4,3.14710E-4,2.35991E-5,1.09851E-4,4.22775E-5,-8.22186E-5,1.64923E-4,-1.88427E-4,-1.66808E-4,-5.58176E-5,2.67867E-5,1.91051E-4,3.32409E-4,-4.30782E-4,-3.71389E-4,-6.48257E-4,-1.79433E-3,-1.88502E-3,-2.30312E-3,-2.89586E-3,-3.46552E-3,-4.68817E-3,-5.55432E-3,-6.43193E-3,-7.68630E-3,-8.86919E-3,-8.95555E-3,-1.06268E-2,-1.21705E-2,-1.17957E-2,-1.35313E-2,-1.34019E-2,-1.28903E-2,-1.35359E-2,-1.35845E-2,-1.34092E-2,-1.31296E-2,-1.27926E-2,-1.38857E-2,-1.42278E-2,-1.49318E-2,-1.31406E-2,-1.33714E-2,-1.50198E-2,-1.42574E-2,-1.50415E-2,-1.29644E-2,-1.41480E-2,-1.35848E-2,-1.28217E-2,-1.24200E-2,-1.39926E-2,-1.35460E-2,-1.38195E-2,-1.35190E-2,-1.26468E-2,-1.28001E-2,-1.28998E-2,-1.32318E-2,-1.29509E-2,-1.24800E-2,-1.29429E-2,-1.18223E-2,-1.26682E-2,-1.19138E-2,-1.24447E-2,-1.03110E-2,-1.34523E-2,-1.34452E-2,-1.17429E-2,-1.38477E-2,-1.34889E-2,-1.48974E-2,-1.40497E-2,-1.37602E-2,-1.30438E-2,-1.30547E-2,-1.17989E-2,-1.42112E-2,-1.30043E-2,-1.17504E-2,-1.19575E-2,-1.16115E-2,-1.25893E-2,-1.07391E-2,-1.22956E-2,-1.24895E-2,-1.29740E-2,-1.08815E-2,-1.11995E-2,-1.07592E-2,-1.07305E-2,-1.02065E-2,-9.51802E-3,-1.16200E-2,-1.12259E-2,-1.08217E-2,-1.06906E-2,-9.20878E-3,-1.01217E-2,-9.28081E-3,-1.04293E-2,-9.71830E-3,-9.51670E-3,-1.23460E-2,-9.85457E-3,-9.78875E-3,-9.26649E-3,-1.00258E-2,-1.03266E-2,-9.84532E-3,-8.32426E-3,-1.06109E-2,-1.00184E-2,-8.81229E-3,-9.74260E-3,-8.14994E-3,-8.81742E-3,-8.06345E-3,-8.89378E-3,-8.95993E-3,-8.38279E-3,-7.59827E-3,-8.02776E-3,-8.57732E-3,-8.52756E-3,-8.70047E-3,-8.92792E-3,-9.48891E-3,-9.03067E-3,-7.62912E-3,-8.32722E-3,-6.91243E-3,-5.43888E-3,-7.45676E-3,-8.45017E-3,-8.56684E-3,-7.91585E-3,-7.53052E-3,-6.80187E-3,-6.66780E-3,-6.69511E-3,-8.10279E-3,-6.47392E-3,-8.13050E-3,-6.88482E-3,-7.90565E-3,-6.10470E-3,-7.78985E-3,-7.21724E-3,-5.59395E-3,-7.02741E-3,-7.24031E-3,-7.04233E-3,-5.84452E-3,-6.63428E-3,-6.60961E-3,-5.99455E-3,-6.48973E-3,-6.73561E-3,-6.96963E-3
1.33804E+3,-2.97629E-4,3.05132E-4,-5.56018E-5,-2.21143E-4,1.58625E-4,9.52774E-5,-8.58839E-5,2.77682E-4,3.68047E-5,1.12868E-4,-8.38261E-5,-2.14826E-4,1.89731E-4,-2.51008E-4,3.37971E-5,2.92899E-4,4.60402E-4,2.46224E-4,7.83563E-5,-4.80266E-4,-4.86403E-4,-8.30738E-4,-1.73944E-3,-1.79357E-3,-2.37175E-3,-2.80122E-3,-3.17044E-3,-4.84959E-3,-4.93817E-3,-6.47312E-3,-7.55725E-3,-8.94178E-3,-9.03865E-3,-1.05284E-2,-1.17432E-2,-1.17980E-2,-1.36627E-2,-1.35626E-2,-1.25172E-2,-1.34608E-2,-1.37565E-2,-1.35720E-2,-1.37984E-2,-1.29288E-2,-1.34026E-2,-1.41992E-2,-1.43746E-2,-1.31270E-2,-1.33141E-2,-1.47297E-2,-1.42144E-2,-1.53199E-2,-1.36754E-2,-1.43826E-2,-1.39576E-2,-1.31026E-2,-1.27306E-2,-1.40553E-2,-1.36296E-2,-1.40603E-2,-1.37097E-2,-1.27810E-2,-1.30615E-2,-1.26682E-2,-1.35777E-2,-1.30726E-2,-1.27142E-2,-1.26838E-2,-1.22721E-2,-1.27267E-2,-1.19701E-2,-1.21329E-2,-1.04935E-2,-1.34302E-2,-1.31103E-2,-1.09976E-2,-1.38187E-2,-1.33666E-2,-1.47124E-2,-1.35424E-2,-1.36745E-2,-1.32620E-2,-1.30290E-2,-1.16401E-2,-1.34440E-2,-1.32549E-2,-1.11835E-2,-1.19656E-2,-1.19182E-2,-1.25364E-2,-1.13457E-2,-1.22890E-2,-1.24264E-2,-1.28441E-2,-1.14121E-2,-1.09506E-2,-1.05307E-2,-1.00518E-2,-9.99428E-3,-9.42924E-3,-1.20883E-2,-1.13338E-2,-1.04993E-2,-1.02217E-2,-8.82366E-3,-9.96416E-3,-9.54628E-3,-1.01162E-2,-1.03020E-2,-9.61641E-3,-1.21196E-2,-1.02278E-2,-9.63185E-3,-8.99892E-3,-9.79520E-3,-1.01495E-2,-9.31033E-3,-8.57712E-3,-1.07122E-2,-9.75776E-3,-9.05772E-3,-9.60852E-3,-8.24878E-3,-8.37705E-3,-8.34994E-3,-8.52116E-3,-8.21737E-3,-8.14323E-3,-7.84513E-3,-8.18628E-3,-8.35658E-3,-9.02450E-3,-8.46836E-3,-8.66398E-3,-9.65644E-3,-9.34719E-3,-7.27068E-3,-7.80979E-3,-6.78682E-3,-5.27997E-3,-7.25437E-3,-8.33357E-3,-8.65222E-3,-8.38751E-3,-7.29608E-3,-6.78525E-3,-6.42434E-3,-6.53242E-3,-8.32345E-3,-6.65300E-3,-7.47999E-3,-6.78893E-3,-8.03660E-3,-6.15606E-3,-7.50083E-3,-7.50870E-3,-5.87837E-3,-7.01815E-3,-7.14256E-3,-7.16375E-3,-5.25488E-3,-6.62779E-3,-6.95538E-3,-5.65616E-3,-6.80252E-3,-7.25631E-3,-6.69901E-3
1.34154E+3,-1.92865E-4,-2.54183E-6,1.21887E-4,-3.75358E-4,1.55818E-4,2.47982E-4,-1.88920E-4,4.20027E-4,1.27689E-4,9.88896E-5,-1.19931E-4,7.69009E-5,-1.19964E-4,-7.67123E-5,-1.72901E-4,1.03580E-4,4.08279E-5,5.44140E-4,3.98936E-4,1.04209E-4,-5.05754E-4,-4.36998E-4,-1.59717E-3,-1.42660E-3,-2.38818E-3,-3.11390E-3,-3.55582E-3,-4.52037E-3,-5.09791E-3,-6.48698E-3,-7.80907E-3,-8.83425E-3,-9.03817E-3,-1.05614E-2,-1.17661E-2,-1.21989E-2,-1.36459E-2,-1.34060E-2,-1.28163E-2,-1.34589E-2,-1.35282E-2,-1.38266E-2,-1.35092E-2,-1.30615E-2,-1.37330E-2,-1.44022E-2,-1.47027E-2,-1.31755E-2,-1.34860E-2,-1.50855E-2,-1.40890E-2,-1.51699E-2,-1.32265E-2,-1.42683E-2,-1.36709E-2,-1.29265E-2,-1.29562E-2,-1.39965E-2,-1.34278E-2,-1.38766E-2,-1.34121E-2,-1.29033E-2,-1.33125E-2,-1.27936E-2,-1.30274E-2,-1.28374E-2,-1.26674E-2,-1.28388E-2,-1.18791E-2,-1.24066E-2,-1.20411E-2,-1.22150E-2,-1.07470E-2,-1.34758E-2,-1.35458E-2,-1.11370E-2,-1.38373E-2,-1.37084E-2,-1.51526E-2,-1.36006E-2,-1.27305E-2,-1.33356E-2,-1.32216E-2,-1.20609E-2,-1.38071E-2,-1.27160E-2,-1.13821E-2,-1.11360E-2,-1.19259E-2,-1.21788E-2,-1.07628E-2,-1.19569E-2,-1.23582E-2,-1.26605E-2,-1.12137E-2,-1.12213E-2,-1.10293E-2,-1.09286E-2,-9.86439E-3,-9.21412E-3,-1.20335E-2,-1.06312E-2,-1.07758E-2,-1.04155E-2,-9.02093E-3,-9.54938E-3,-9.52392E-3,-9.81239E-3,-9.29546E-3,-9.32315E-3,-1.21064E-2,-9.94718E-3,-9.59077E-3,-8.89253E-3,-9.99007E-3,-9.88309E-3,-9.66301E-3,-7.69725E-3,-1.01575E-2,-1.01803E-2,-8.53422E-3,-9.87644E-3,-8.23039E-3,-8.47884E-3,-8.55893E-3,-8.90210E-3,-8.01613E-3,-7.77327E-3,-8.03423E-3,-7.87107E-3,-8.25510E-3,-8.49777E-3,-8.25126E-3,-8.67954E-3,-9.41635E-3,-8.86239E-3,-7.66867E-3,-7.70934E-3,-6.60809E-3,-4.97082E-3,-7.04996E-3,-8.44886E-3,-8.26566E-3,-8.11577E-3,-7.21948E-3,-6.82675E-3,-6.85552E-3,-6.24264E-3,-7.46147E-3,-6.51299E-3,-7.05431E-3,-7.14550E-3,-7.66647E-3,-5.78097E-3,-7.98249E-3,-7.64096E-3,-5.39201E-3,-6.67751E-3,-7.15775E-3,-7.05152E-3,-4.71430E-3,-6.46267E-3,-6.88950E-3,-6.09077E-3,-6.36184E-3,-6.90166E-3,-6.56359E-3
1.34504E+3,-3.36731E-4,2.86174E-4,4.03087E-5,-8.31453E-5,-6.19988E-5,3.30187E-4,-1.32169E-4,1.78379E-6,3.95117E-4,3.25980E-4,5.76012E-5,-3.92304E-5,-3.23008E-4,-3.56205E-4,-1.04664E-4,-1.32092E-4,1.40547E-4,2.91002E-4,-1.75144E-4,-2.12455E-4,-7.79450E-4,-5.96160E-4,-1.76893E-3,-1.56855E-3,-2.22261E-3,-2.81152E-3,-3.31112E-3,-4.30746E-3,-5.46349E-3,-6.36791E-3,-7.86310E-3,-9.09932E-3,-9.22448E-3,-1.08782E-2,-1.25413E-2,-1.24820E-2,-1.41065E-2,-1.35231E-2,-1.30189E-2,-1.38185E-2,-1.38327E-2,-1.40864E-2,-1.37687E-2,-1.35592E-2,-1.38986E-2,-1.48889E-2,-1.50584E-2,-1.33286E-2,-1.37369E-2,-1.52285E-2,-1.44255E-2,-1.51091E-2,-1.34320E-2,-1.43645E-2,-1.39703E-2,-1.31520E-2,-1.30931E-2,-1.42104E-2,-1.37238E-2,-1.36890E-2,-1.36278E-2,-1.29522E-2,-1.28539E-2,-1.30316E-2,-1.35292E-2,-1.32693E-2,-1.30514E-2,-1.29939E-2,-1.24544E-2,-1.25505E-2,-1.19665E-2,-1.25016E-2,-1.03786E-2,-1.35984E-2,-1.33850E-2,-1.16687E-2,-1.42154E-2,-1.35611E-2,-1.51974E-2,-1.38342E-2,-1.34491E-2,-1.31489E-2,-1.27038E-2,-1.16432E-2,-1.40981E-2,-1.35329E-2,-1.11132E-2,-1.10670E-2,-1.13859E-2,-1.23997E-2,-1.07810E-2,-1.20213E-2,-1.23244E-2,-1.28916E-2,-1.10970E-2,-1.11548E-2,-1.05289E-2,-1.08773E-2,-9.57436E-3,-9.39069E-3,-1.18998E-2,-1.11105E-2,-1.09522E-2,-1.05533E-2,-8.97413E-3,-1.01347E-2,-9.75642E-3,-9.90553E-3,-1.00654E-2,-9.53032E-3,-1.15720E-2,-1.03902E-2,-9.42177E-3,-8.99267E-3,-9.44980E-3,-1.00950E-2,-9.81925E-3,-8.37772E-3,-1.05290E-2,-1.01689E-2,-8.61460E-3,-9.67301E-3,-8.01779E-3,-8.54824E-3,-8.22036E-3,-8.62765E-3,-8.67834E-3,-8.19342E-3,-7.85679E-3,-7.89557E-3,-8.55387E-3,-8.59631E-3,-8.67036E-3,-9.12832E-3,-9.83891E-3,-9.03202E-3,-7.65910E-3,-7.74482E-3,-6.68369E-3,-5.29341E-3,-6.98091E-3,-8.32725E-3,-8.41412E-3,-8.49515E-3,-7.50387E-3,-6.93339E-3,-6.75456E-3,-6.23347E-3,-8.39801E-3,-6.73221E-3,-7.18148E-3,-7.02431E-3,-7.89920E-3,-6.10808E-3,-8.05540E-3,-6.63556E-3,-5.40702E-3,-6.66672E-3,-7.64817E-3,-7.06635E-3,-5.49981E-3,-6.85895E-3,-6.38187E-3,-5.80328E-3,-7.30658E-3,-6.68100E-3,-6.81430E-3
1.34855E+3,-5.18975E-5,-2.85964E-4,2.11132E-4,-9.68886E-5,-2.03571E-4,2.39650E-4,2.21571E-5,3.32217E-4,3.46461E-5,3.93229E-4,1.76659E-5,-1.49869E-4,-1.16649E-4,-1.96296E-4,-1.49563E-4,1.29298E-4,2.44259E-4,2.88206E-4,1.05224E-4,-2.89881E-4,-2.68344E-4,-7.37940E-4,-1.71682E-3,-1.56481E-3,-1.96857E-3,-2.94651E-3,-3.40040E-3,-4.32163E-3,-5.70876E-3,-6.59319E-3,-7.63254E-3,-8.76230E-3,-9.34229E-3,-1.07861E-2,-1.23194E-2,-1.22052E-2,-1.39889E-2,-1.35342E-2,-1.30797E-2,-1.38171E-2,-1.41495E-2,-1.40969E-2,-1.36627E-2,-1.36083E-2,-1.37189E-2,-1.45979E-2,-1.49194E-2,-1.35452E-2,-1.36675E-2,-1.52707E-2,-1.43526E-2,-1.56381E-2,-1.34138E-2,-1.41261E-2,-1.37009E-2,-1.28739E-2,-1.29586E-2,-1.40470E-2,-1.35900E-2,-1.40964E-2,-1.39625E-2,-1.26018E-2,-1.30920E-2,-1.28691E-2,-1.30077E-2,-1.30926E-2,-1.28968E-2,-1.33263E-2,-1.25684E-2,-1.27018E-2,-1.22471E-2,-1.22162E-2,-1.04635E-2,-1.34634E-2,-1.32965E-2,-1.15637E-2,-1.40147E-2,-1.33543E-2,-1.49077E-2,-1.36887E-2,-1.31121E-2,-1.30578E-2,-1.27770E-2,-1.22876E-2,-1.38319E-2,-1.32804E-2,-1.13495E-2,-1.11449E-2,-1.12624E-2,-1.24251E-2,-1.09030E-2,-1.22772E-2,-1.25960E-2,-1.29876E-2,-1.13966E-2,-1.13209E-2,-1.09212E-2,-1.02788E-2,-9.22930E-3,-8.89801E-3,-1.15390E-2,-1.21838E-2,-1.10383E-2,-1.00826E-2,-9.26263E-3,-9.87034E-3,-9.91104E-3,-1.07254E-2,-9.69878E-3,-9.74485E-3,-1.18636E-2,-9.86997E-3,-9.43599E-3,-8.92842E-3,-1.00379E-2,-1.03399E-2,-9.98612E-3,-8.26162E-3,-1.05088E-2,-9.86006E-3,-8.67483E-3,-9.39745E-3,-7.96714E-3,-8.16555E-3,-8.55126E-3,-8.51186E-3,-8.67216E-3,-7.99773E-3,-7.51866E-3,-7.82891E-3,-8.55250E-3,-8.70655E-3,-8.11856E-3,-8.72304E-3,-9.15034E-3,-8.97482E-3,-7.41994E-3,-8.07068E-3,-6.84006E-3,-4.96466E-3,-6.54492E-3,-7.96423E-3,-8.48631E-3,-8.22191E-3,-7.48298E-3,-7.10174E-3,-6.73359E-3,-6.22142E-3,-7.54268E-3,-6.39424E-3,-7.22404E-3,-6.56167E-3,-7.99083E-3,-6.09284E-3,-7.50033E-3,-6.79315E-3,-5.36669E-3,-6.74499E-3,-7.11628E-3,-7.39913E-3,-5.34084E-3,-7.16983E-3,-6.22262E-3,-6.36310E-3,-6.89591E-3,-6.69717E-3,-6.66721E-3
1.35205E+3,-1.41130E-5,-2.77851E-4,5.58418E-5,-6.21158E-5,2.25118E-4,2.47967E-4,-3.47134E-5,4.15348E-4,8.54676E-5,1.77799E-4,-2.03825E-4,-1.29474E-5,-1.83144E-5,-3.24712E-4,-2.58948E-4,-1.18097E-4,3.78168E-4,3.14823E-4,7.63464E-5,-2.22471E-4,-3.11982E-4,-5.82644E-4,-1.79206E-3,-1.68934E-3,-1.81355E-3,-2.80171E-3,-3.50964E-3,-4.55506E-3,-5.30687E-3,-6.47167E-3,-7.67866E-3,-8.94625E-3,-8.92665E-3,-1.11701E-2,-1.21571E-2,-1.22060E-2,-1.44667E-2,-1.36998E-2,-1.31081E-2,-1.38736E-2,-1.46568E-2,-1.42375E-2,-1.37439E-2,-1.32935E-2,-1.39038E-2,-1.49672E-2,-1.52332E-2,-1.33975E-2,-1.38557E-2,-1.54610E-2,-1.43355E-2,-1.54806E-2,-1.35850E-2,-1.44351E-2,-1.38619E-2,-1.30673E-2,-1.28228E-2,-1.39670E-2,-1.38030E-2,-1.41528E-2,-1.35595E-2,-1.31066E-2,-1.30330E-2,-1.29966E-2,-1.33941E-2,-1.32838E-2,-1.33211E-2,-1.27855E-2,-1.23675E-2,-1.26951E-2,-1.19609E-2,-1.19862E-2,-1.05901E-2,-1.39004E-2,-1.32729E-2,-1.08015E-2,-1.41509E-2,-1.36513E-2,-1.51593E-2,-1.41021E-2,-1.34296E-2,-1.33558E-2,-1.30147E-2,-1.22226E-2,-1.40410E-2,-1.27432E-2,-1.17831E-2,-1.16040E-2,-1.13551E-2,-1.23311E-2,-1.15045E-2,-1.24744E-2,-1.26135E-2,-1.33054E-2,-1.08654E-2,-1.08179E-2,-1.03840E-2,-1.11644E-2,-9.85842E-3,-9.45598E-3,-1.11692E-2,-1.11624E-2,-1.08664E-2,-1.06589E-2,-9.08171E-3,-9.49771E-3,-9.41427E-3,-1.02250E-2,-9.20078E-3,-9.47910E-3,-1.23095E-2,-1.04481E-2,-9.54482E-3,-8.76542E-3,-1.00828E-2,-1.00135E-2,-1.02527E-2,-8.53926E-3,-1.02909E-2,-9.65714E-3,-8.77876E-3,-9.51459E-3,-7.97945E-3,-8.68631E-3,-8.28257E-3,-8.45377E-3,-8.26586E-3,-8.25291E-3,-8.03060E-3,-7.86849E-3,-8.07963E-3,-8.53447E-3,-8.36178E-3,-8.57420E-3,-9.50721E-3,-9.13504E-3,-7.15662E-3,-7.60290E-3,-7.07423E-3,-4.64674E-3,-6.66531E-3,-7.68992E-3,-8.63423E-3,-8.36737E-3,-7.93602E-3,-6.63324E-3,-7.24001E-3,-6.46119E-3,-8.21085E-3,-6.80031E-3,-7.97044E-3,-6.95214E-3,-7.81307E-3,-6.52311E-3,-7.78221E-3,-6.89215E-3,-5.41711E-3,-6.97805E-3,-7.30920E-3,-7.40661E-3,-5.19687E-3,-6.74229E-3,-6.77563E-3,-5.67560E-3,-7.28598E-3,-7.47277E-3,-7.02890E-3
1.35556E+3,-7.28413E-5,-1.38884E-4,2.30998E-4,-2.82384E-4,7.79759E-5,2.99881E-4,4.64050E-5,4.39223E-4,-7.53333E-5,-1.60876E-4,1.72295E-4,-5.67099E-5,-2.71184E-4,-4.20144E-5,-1.66552E-4,3.31841E-4,3.90389E-4,6.43021E-4,3.31894E-4,-2.05661E-4,-5.08133E-4,-5.28732E-4,-1.71217E-3,-1.65414E-3,-2.36531E-3,-2.70709E-3,-3.33276E-3,-4.33947E-3,-5.24915E-3,-6.31399E-3,-7.83163E-3,-8.73958E-3,-8.99829E-3,-1.08842E-2,-1.25608E-2,-1.22456E-2,-1.43303E-2,-1.34399E-2,-1.30810E-2,-1.38857E-2,-1.39404E-2,-1.40323E-2,-1.33305E-2,-1.33853E-2,-1.39305E-2,-1.49173E-2,-1.46538E-2,-1.35155E-2,-1.34083E-2,-1.55004E-2,-1.42541E-2,-1.51954E-2,-1.34071E-2,-1.43302E-2,-1.38131E-2,-1.26256E-2,-1.26839E-2,-1.44921E-2,-1.39237E-2,-1.40987E-2,-1.37689E-2,-1.30807E-2,-1.28900E-2,-1.34051E-2,-1.36709E-2,-1.29189E-2,-1.32672E-2,-1.26891E-2,-1.24233E-2,-1.31304E-2,-1.19543E-2,-1.23166E-2,-1.06264E-2,-1.35404E-2,-1.37773E-2,-1.20809E-2,-1.39303E-2,-1.32908E-2,-1.49496E-2,-1.39771E-2,-1.38826E-2,-1.27247E-2,-1.25219E-2,-1.20818E-2,-1.39615E-2,-1.40958E-2,-1.17389E-2,-1.14245E-2,-1.12148E-2,-1.21906E-2,-1.14898E-2,-1.21012E-2,-1.20758E-2,-1.21880E-2,-1.10968E-2,-1.05455E-2,-9.87876E-3,-1.05797E-2,-1.03797E-2,-9.54964E-3,-1.16364E-2,-1.15935E-2,-1.09597E-2,-1.09465E-2,-8.98053E-3,-1.00168E-2,-8.68673E-3,-9.96470E-3,-9.50906E-3,-9.08747E-3,-1.18905E-2,-9.99139E-3,-9.62550E-3,-8.72101E-3,-9.95024E-3,-9.83600E-3,-1.00096E-2,-8.01049E-3,-1.02249E-2,-9.62775E-3,-8.48059E-3,-9.31355E-3,-8.28571E-3,-8.01602E-3,-8.09534E-3,-8.70804E-3,-8.14681E-3,-7.55252E-3,-7.70524E-3,-7.49917E-3,-7.82989E-3,-8.64155E-3,-8.44746E-3,-8.42960E-3,-9.12800E-3,-9.14257E-3,-8.01022E-3,-7.44025E-3,-6.43820E-3,-4.72023E-3,-6.61572E-3,-7.95341E-3,-8.14021E-3,-7.91732E-3,-7.57651E-3,-7.29806E-3,-6.91277E-3,-6.53585E-3,-7.90253E-3,-6.68411E-3,-7.07625E-3,-6.44271E-3,-7.79377E-3,-5.69612E-3,-7.19133E-3,-7.05880E-3,-4.90195E-3,-6.58695E-3,-6.70247E-3,-7.37493E-3,-5.33896E-3,-7.04005E-3,-6.61248E-3,-5.63964E-3,-6.03694E-3,-7.00823E-3,-6.51492E-3
1.35906E+3,-2.93511E-4,4.92764E-5,1.28949E-4,-5.51892E-4,3.04379E-4,3.32237E-4,-1.31007E-4,3.55800E-4,8.86421E-5,1.53314E-4,4.27867E-5,-7.19325E-5,-1.41824E-5,-2.78295E-4,-1.14565E-4,8.59853E-5,-6.23960E-5,4.77829E-4,1.09760E-4,1.41774E-5,-6.61184E-4,-7.32393E-4,-1.94812E-3,-1.74950E-3,-2.04690E-3,-2.97492E-3,-3.22627E-3,-4.57217E-3,-5.55179E-3,-6.64073E-3,-7.73632E-3,-9.07253E-3,-9.01648E-3,-1.08238E-2,-1.21751E-2,-1.21556E-2,-1.40974E-2,-1.38440E-2,-1.31746E-2,-1.41987E-2,-1.41818E-2,-1.40367E-2,-1.39483E-2,-1.33003E-2,-1.37948E-2,-1.49014E-2,-1.52658E-2,-1.37474E-2,-1.37184E-2,-1.55758E-2,-1.45656E-2,-1.57434E-2,-1.34161E-2,-1.47783E-2,-1.43618E-2,-1.30223E-2,-1.27668E-2,-1.41810E-2,-1.37113E-2,-1.45009E-2,-1.40864E-2,-1.29602E-2,-1.35784E-2,-1.36160E-2,-1.36785E-2,-1.33696E-2,-1.34348E-2,-1.29492E-2,-1.23314E-2,-1.25864E-2,-1.23666E-2,-1.22585E-2,-1.07471E-2,-1.36780E-2,-1.39811E-2,-1.12900E-2,-1.44765E-2,-1.39920E-2,-1.55212E-2,-1.38164E-2,-1.41921E-2,-1.30410E-2,-1.30673E-2,-1.16161E-2,-1.38983E-2,-1.33635E-2,-1.14071E-2,-1.10567E-2,-1.14935E-2,-1.27457E-2,-1.08534E-2,-1.25328E-2,-1.25395E-2,-1.31884E-2,-1.09439E-2,-1.05530E-2,-1.05875E-2,-1.12937E-2,-1.01087E-2,-9.08511E-3,-1.15449E-2,-1.12123E-2,-1.15999E-2,-1.03829E-2,-8.71318E-3,-1.00227E-2,-9.34903E-3,-1.00759E-2,-9.88846E-3,-9.23154E-3,-1.24301E-2,-1.02107E-2,-9.56889E-3,-9.11745E-3,-9.95386E-3,-1.00049E-2,-9.85198E-3,-8.17710E-3,-1.03566E-2,-1.03012E-2,-8.49562E-3,-9.64373E-3,-8.73456E-3,-8.32036E-3,-8.24649E-3,-8.81402E-3,-8.26509E-3,-7.83115E-3,-8.03443E-3,-7.86461E-3,-8.16237E-3,-8.98437E-3,-8.59485E-3,-8.57034E-3,-9.07580E-3,-9.18273E-3,-7.56255E-3,-7.57566E-3,-6.71133E-3,-4.90248E-3,-6.97474E-3,-8.36944E-3,-8.86123E-3,-8.17601E-3,-7.51337E-3,-6.60953E-3,-6.83124E-3,-5.95113E-3,-8.41616E-3,-6.36779E-3,-7.67688E-3,-7.01533E-3,-7.74072E-3,-6.57211E-3,-8.17271E-3,-7.50244E-3,-5.53477E-3,-7.03278E-3,-7.09821E-3,-7.45408E-3,-6.10999E-3,-6.65248E-3,-6.50514E-3,-6.02134E-3,-6.55136E-3,-6.84138E-3,-7.39484E-3
1.36257E+3,-8.57912E-5,4.83383E-4,-7.98409E-6,-4.00797E-4,-6.23772E-5,4.29586E-4,-2.14801E-4,5.50729E-4,9.64167E-5,3.80686E-5,-3.12465E-4,-2.90261E-4,5.49674E-5,-4.31147E-4,1.52475E-4,5.76972E-4,-2.09557E-4,5.48601E-4,-2.08597E-5,3.44713E-5,-6.11446E-4,-6.13572E-4,-1.67926E-3,-1.54185E-3,-2.17795E-3,-2.70319E-3,-3.39881E-3,-4.75088E-3,-5.45855E-3,-6.56786E-3,-7.64464E-3,-8.94538E-3,-9.33177E-3,-1.07658E-2,-1.23043E-2,-1.24809E-2,-1.43153E-2,-1.38718E-2,-1.32049E-2,-1.40886E-2,-1.44435E-2,-1.40747E-2,-1.39950E-2,-1.33716E-2,-1.38057E-2,-1.50925E-2,-1.51192E-2,-1.38901E-2,-1.34745E-2,-1.53829E-2,-1.44399E-2,-1.55448E-2,-1.33964E-2,-1.47444E-2,-1.38988E-2,-1.32363E-2,-1.30653E-2,-1.45544E-2,-1.38415E-2,-1.42643E-2,-1.38703E-2,-1.28352E-2,-1.32593E-2,-1.33854E-2,-1.34610E-2,-1.34435E-2,-1.30916E-2,-1.30434E-2,-1.23174E-2,-1.28165E-2,-1.18716E-2,-1.25154E-2,-1.03513E-2,-1.37239E-2,-1.36236E-2,-1.09555E-2,-1.41493E-2,-1.46392E-2,-1.54747E-2,-1.39883E-2,-1.35559E-2,-1.31868E-2,-1.31519E-2,-1.20361E-2,-1.40572E-2,-1.30681E-2,-1.14238E-2,-1.14314E-2,-1.21410E-2,-1.21754E-2,-1.03416E-2,-1.30117E-2,-1.23355E-2,-1.28565E-2,-1.06644E-2,-1.04906E-2,-1.07868E-2,-1.12171E-2,-1.03246E-2,-8.62445E-3,-1.16472E-2,-1.11332E-2,-1.05855E-2,-1.05673E-2,-9.17484E-3,-1.00748E-2,-9.27547E-3,-1.03698E-2,-9.55320E-3,-9.39971E-3,-1.22523E-2,-9.69049E-3,-9.46658E-3,-8.75490E-3,-1.04625E-2,-1.00833E-2,-9.70725E-3,-8.26838E-3,-1.08957E-2,-1.04880E-2,-8.75066E-3,-9.05383E-3,-7.83692E-3,-8.56568E-3,-8.36716E-3,-8.18935E-3,-8.03525E-3,-7.18429E-3,-7.84073E-3,-7.54626E-3,-8.15494E-3,-8.84462E-3,-8.14045E-3,-8.61740E-3,-8.87602E-3,-9.41840E-3,-7.95500E-3,-7.42916E-3,-6.42361E-3,-4.65755E-3,-6.16387E-3,-8.27755E-3,-8.43480E-3,-8.31304E-3,-7.88249E-3,-6.73694E-3,-6.67602E-3,-6.31928E-3,-7.97742E-3,-6.28969E-3,-7.20787E-3,-6.85827E-3,-7.46423E-3,-6.13438E-3,-7.39706E-3,-7.30366E-3,-5.50167E-3,-7.14534E-3,-7.07431E-3,-7.41912E-3,-5.64457E-3,-7.31574E-3,-6.39642E-3,-5.55401E-3,-6.94585E-3,-7.15646E-3,-6.91831E-3
1.36608E+3,-1.79404E-4,2.36816E-4,-1.49167E-4,6.64568E-5,-3.21394E-4,7.03897E-4,-4.71284E-4,4.18665E-4,2.78527E-4,9.76772E-5,-1.86291E-4,-3.23870E-4,2.70086E-4,-3.33106E-4,-1.07607E-4,7.49203E-4,8.28583E-5,1.96345E-4,2.59093E-4,-1.28689E-4,-6.37693E-4,-5.21121E-4,-1.71899E-3,-1.92334E-3,-2.15280E-3,-3.01555E-3,-3.81102E-3,-4.95865E-3,-5.39431E-3,-6.66261E-3,-7.64391E-3,-9.33445E-3,-9.53918E-3,-1.10847E-2,-1.26994E-2,-1.26175E-2,-1.44666E-2,-1.36232E-2,-1.33434E-2,-1.43292E-2,-1.44017E-2,-1.44288E-2,-1.36310E-2,-1.36812E-2,-1.39108E-2,-1.52791E-2,-1.47039E-2,-1.36379E-2,-1.33339E-2,-1.54748E-2,-1.47777E-2,-1.54964E-2,-1.38783E-2,-1.45288E-2,-1.43916E-2,-1.33184E-2,-1.26483E-2,-1.43641E-2,-1.42562E-2,-1.44435E-2,-1.40906E-2,-1.30663E-2,-1.30966E-2,-1.36010E-2,-1.42184E-2,-1.37194E-2,-1.34719E-2,-1.32104E-2,-1.28448E-2,-1.26921E-2,-1.19706E-2,-1.25412E-2,-1.05642E-2,-1.35057E-2,-1.33046E-2,-1.10515E-2,-1.37005E-2,-1.30135E-2,-1.54814E-2,-1.40209E-2,-1.40164E-2,-1.33319E-2,-1.33413E-2,-1.25578E-2,-1.41061E-2,-1.43882E-2,-1.14532E-2,-1.14227E-2,-1.04596E-2,-1.23695E-2,-1.08320E-2,-1.23961E-2,-1.21217E-2,-1.29190E-2,-1.11263E-2,-1.01216E-2,-1.13900E-2,-1.10489E-2,-1.06026E-2,-9.22698E-3,-1.21882E-2,-1.01387E-2,-1.15833E-2,-1.00591E-2,-8.66769E-3,-9.48618E-3,-9.93185E-3,-9.75691E-3,-9.66746E-3,-1.00816E-2,-1.20437E-2,-1.07293E-2,-9.59944E-3,-8.83454E-3,-9.75145E-3,-9.94467E-3,-9.92410E-3,-8.28538E-3,-1.05624E-2,-1.02319E-2,-9.09436E-3,-9.15672E-3,-8.49709E-3,-8.56562E-3,-8.87520E-3,-8.48460E-3,-8.28950E-3,-7.74904E-3,-7.75715E-3,-7.68837E-3,-8.48854E-3,-8.97484E-3,-8.44802E-3,-8.94429E-3,-9.12609E-3,-9.24779E-3,-8.00362E-3,-7.63565E-3,-6.59794E-3,-5.01352E-3,-7.14604E-3,-8.94323E-3,-8.18850E-3,-7.89797E-3,-7.60723E-3,-7.44372E-3,-7.36519E-3,-5.81421E-3,-7.80167E-3,-7.22439E-3,-7.10722E-3,-6.80167E-3,-8.05995E-3,-6.71038E-3,-7.68206E-3,-7.31279E-3,-5.60970E-3,-6.74804E-3,-6.77588E-3,-6.91014E-3,-5.80697E-3,-6.98852E-3,-6.98627E-3,-5.80427E-3,-6.81842E-3,-7.02035E-3,-7.17441E-3
1.36959E+3,-2.51357E-5,1.60922E-4,1.82778E-5,-3.67712E-4,5.24498E-5,3.78369E-4,-7.01054E-6,1.61716E-4,1.77407E-4,7.94099E-5,-1.87537E-4,-7.01705E-5,-1.96887E-5,-1.14539E-4,-2.36758E-4,4.96105E-4,3.89408E-4,2.24044E-4,3.06793E-4,-1.30051E-4,-2.30310E-4,-4.39020E-4,-1.67944E-3,-1.56972E-3,-2.33958E-3,-2.72790E-3,-3.65085E-3,-4.50403E-3,-5.56936E-3,-6.37799E-3,-7.90061E-3,-9.51213E-3,-9.54848E-3,-1.13235E-2,-1.25451E-2,-1.25724E-2,-1.42795E-2,-1.38446E-2,-1.33053E-2,-1.40797E-2,-1.44460E-2,-1.41714E-2,-1.37843E-2,-1.38325E-2,-1.42728E-2,-1.53308E-2,-1.50446E-2,-1.37764E-2,-1.35017E-2,-1.52463E-2,-1.44732E-2,-1.58163E-2,-1.36069E-2,-1.46549E-2,-1.39484E-2,-1.32038E-2,-1.30345E-2,-1.42825E-2,-1.39398E-2,-1.42846E-2,-1.37877E-2,-1.34545E-2,-1.29790E-2,-1.32353E-2,-1.38748E-2,-1.32811E-2,-1.31290E-2,-1.33765E-2,-1.28860E-2,-1.24606E-2,-1.20847E-2,-1.25109E-2,-1.05307E-2,-1.37386E-2,-1.37878E-2,-1.04428E-2,-1.40402E-2,-1.31154E-2,-1.49389E-2,-1.37346E-2,-1.33812E-2,-1.28908E-2,-1.35038E-2,-1.23129E-2,-1.42581E-2,-1.35017E-2,-1.12357E-2,-1.11629E-2,-1.12383E-2,-1.23652E-2,-1.07940E-2,-1.17468E-2,-1.27133E-2,-1.30240E-2,-1.06754E-2,-1.00918E-2,-9.77565E-3,-1.05453E-2,-9.16240E-3,-8.75550E-3,-1.11614E-2,-1.18268E-2,-1.10483E-2,-1.07529E-2,-8.46672E-3,-1.00972E-2,-9.27729E-3,-1.04939E-2,-9.32272E-3,-9.63167E-3,-1.23234E-2,-9.63830E-3,-1.00196E-2,-8.72673E-3,-9.92891E-3,-1.03179E-2,-9.75948E-3,-8.41002E-3,-1.06114E-2,-9.46942E-3,-8.69701E-3,-9.07942E-3,-7.30702E-3,-8.75027E-3,-8.52450E-3,-8.61368E-3,-8.22938E-3,-7.52389E-3,-7.24381E-3,-7.66920E-3,-8.19983E-3,-8.64723E-3,-8.15720E-3,-8.48851E-3,-8.55014E-3,-9.45392E-3,-7.84520E-3,-7.35241E-3,-6.26597E-3,-4.61494E-3,-5.84968E-3,-8.03090E-3,-8.10161E-3,-8.21220E-3,-7.72860E-3,-7.09711E-3,-7.50975E-3,-6.01816E-3,-8.26800E-3,-6.68062E-3,-8.14758E-3,-6.56748E-3,-7.33662E-3,-6.35212E-3,-7.57733E-3,-6.91496E-3,-4.62113E-3,-7.26506E-3,-6.80617E-3,-7.74837E-3,-5.58249E-3,-6.26492E-3,-6.75480E-3,-5.82911E-3,-7.54474E-3,-7.16554E-3,-6.66789E-3
1.37310E+3,-2.65276E-4,-4.13278E-5,2.13381E-4,-1.12959E-4,-1.97007E-4,5.48141E-4,-1.79079E-4,2.50493E-4,-2.57766E-5,1.18833E-4,9.91890E-5,9.56148E-5,-3.05960E-5,-1.05631E-4,-3.67999E-4,2.08709E-4,2.78751E-4,1.14824E-3,4.46654E-5,3.68292E-4,-5.95142E-4,-2.65741E-4,-1.82407E-3,-1.31002E-3,-2.13269E-3,-2.71496E-3,-3.21484E-3,-4.40911E-3,-5.55756E-3,-6.41318E-3,-7.81180E-3,-9.18804E-3,-9.08031E-3,-1.09155E-2,-1.20984E-2,-1.25558E-2,-1.39066E-2,-1.39063E-2,-1.28764E-2,-1.47214E-2,-1.47380E-2,-1.44046E-2,-1.32897E-2,-1.35719E-2,-1.38974E-2,-1.58176E-2,-1.51926E-2,-1.37442E-2,-1.39843E-2,-1.59911E-2,-1.44333E-2,-1.56081E-2,-1.32197E-2,-1.49299E-2,-1.35493E-2,-1.27546E-2,-1.26776E-2,-1.41433E-2,-1.40935E-2,-1.39224E-2,-1.38568E-2,-1.31340E-2,-1.30555E-2,-1.32526E-2,-1.32918E-2,-1.30893E-2,-1.33284E-2,-1.32325E-2,-1.29348E-2,-1.27039E-2,-1.17159E-2,-1.25154E-2,-1.02734E-2,-1.37878E-2,-1.39006E-2,-1.14741E-2,-1.46352E-2,-1.30668E-2,-1.52296E-2,-1.37837E-2,-1.39429E-2,-1.28252E-2,-1.29649E-2,-1.21165E-2,-1.42147E-2,-1.34579E-2,-1.12732E-2,-1.15614E-2,-1.08957E-2,-1.22425E-2,-1.07420E-2,-1.15593E-2,-1.22387E-2,-1.21282E-2,-1.07776E-2,-1.05724E-2,-1.07730E-2,-1.08369E-2,-9.78427E-3,-8.80241E-3,-1.06402E-2,-1.17836E-2,-1.06795E-2,-9.97671E-3,-8.71371E-3,-1.01379E-2,-9.23381E-3,-9.41318E-3,-1.02365E-2,-9.38116E-3,-1.17330E-2,-9.79824E-3,-9.68565E-3,-8.58316E-3,-9.56783E-3,-9.68352E-3,-1.00559E-2,-8.11357E-3,-1.00751E-2,-9.37930E-3,-8.97081E-3,-9.52347E-3,-7.32630E-3,-8.64227E-3,-8.40340E-3,-8.54649E-3,-7.92833E-3,-6.88612E-3,-7.88029E-3,-6.82434E-3,-7.79279E-3,-8.98824E-3,-8.44255E-3,-8.19192E-3,-8.69437E-3,-9.11261E-3,-7.58391E-3,-6.67222E-3,-6.50833E-3,-5.27975E-3,-6.27146E-3,-8.12126E-3,-8.72323E-3,-8.29562E-3,-7.88964E-3,-7.37579E-3,-6.31347E-3,-5.34082E-3,-8.67448E-3,-6.50706E-3,-7.21163E-3,-6.80289E-3,-7.98438E-3,-6.39101E-3,-7.79432E-3,-7.21589E-3,-4.40901E-3,-7.10244E-3,-6.43801E-3,-7.78951E-3,-5.82380E-3,-6.50507E-3,-6.77334E-3,-5.61505E-3,-7.56409E-3,-6.74340E-3,-6.05862E-3
1.37661E+3,-5.43598E-4,8.22832E-6,2.95990E-4,2.19453E-4,1.21254E-4,3.82996E-4,-6.12987E-4,3.66844E-5,3.71142E-4,1.66014E-4,-3.40167E-4,-2.37841E-4,1.92029E-4,-1.62570E-4,1.03372E-4,3.30671E-4,-2.91721E-4,2.18014E-4,4.04819E-5,2.76441E-4,-6.41089E-4,-3.56235E-4,-1.36998E-3,-2.23183E-3,-1.70753E-3,-2.94766E-3,-3.28420E-3,-4.47240E-3,-5.49191E-3,-6.57469E-3,-7.60692E-3,-9.28414E-3,-9.25535E-3,-1.10342E-2,-1.20803E-2,-1.27860E-2,-1.43939E-2,-1.34117E-2,-1.31276E-2,-1.42615E-2,-1.43561E-2,-1.38402E-2,-1.38715E-2,-1.41003E-2,-1.42998E-2,-1.56443E-2,-1.53841E-2,-1.35148E-2,-1.35632E-2,-1.55137E-2,-1.44473E-2,-1.59200E-2,-1.38730E-2,-1.49181E-2,-1.39892E-2,-1.31461E-2,-1.27675E-2,-1.43970E-2,-1.39162E-2,-1.44506E-2,-1.40945E-2,-1.35805E-2,-1.35522E-2,-1.32588E-2,-1.34569E-2,-1.32599E-2,-1.33838E-2,-1.29291E-2,-1.18148E-2,-1.21680E-2,-1.23474E-2,-1.25891E-2,-1.13105E-2,-1.40196E-2,-1.32338E-2,-1.02581E-2,-1.44636E-2,-1.37744E-2,-1.52593E-2,-1.48383E-2,-1.38063E-2,-1.30369E-2,-1.26739E-2,-1.16922E-2,-1.39433E-2,-1.34614E-2,-1.15075E-2,-1.14324E-2,-1.10075E-2,-1.23178E-2,-1.09128E-2,-1.22796E-2,-1.29925E-2,-1.35626E-2,-1.04671E-2,-1.05873E-2,-9.82071E-3,-1.06005E-2,-1.04170E-2,-7.90339E-3,-1.16352E-2,-1.11412E-2,-1.10438E-2,-1.05670E-2,-9.14726E-3,-8.38883E-3,-8.65332E-3,-1.00745E-2,-9.03804E-3,-8.82372E-3,-1.23870E-2,-9.91083E-3,-9.22378E-3,-8.77171E-3,-9.97404E-3,-9.90108E-3,-1.02257E-2,-8.34564E-3,-1.01561E-2,-1.01866E-2,-8.46013E-3,-9.72769E-3,-7.78833E-3,-8.80928E-3,-9.09745E-3,-8.82425E-3,-8.33615E-3,-7.77537E-3,-8.07844E-3,-7.08516E-3,-7.56574E-3,-8.99898E-3,-8.37494E-3,-7.89010E-3,-8.39608E-3,-9.50117E-3,-7.26948E-3,-7.41706E-3,-6.59481E-3,-5.09174E-3,-6.47173E-3,-8.25995E-3,-9.32831E-3,-8.15981E-3,-8.00532E-3,-6.71064E-3,-6.01085E-3,-5.83831E-3,-7.88472E-3,-6.70749E-3,-7.45841E-3,-7.15989E-3,-7.69759E-3,-6.27348E-3,-7.70460E-3,-6.76088E-3,-4.29400E-3,-7.05773E-3,-7.09036E-3,-7.45466E-3,-5.07167E-3,-6.72210E-3,-6.72836E-3,-5.49773E-3,-7.16806E-3,-7.00888E-3,-6.87936E-3
1.38012E+3,-3.44316E-4,-1.50465E-4,3.39056E-5,8.44123E-6,1.22618E-4,4.19173E-4,-2.63995E-4,6.80768E-4,1.71064E-4,-5.04942E-6,-3.90049E-4,1.36514E-4,-7.51830E-5,2.74539E-6,-3.46173E-4,5.24687E-4,8.41522E-5,1.20673E-3,4.72775E-4,-2.65251E-4,-5.71091E-4,-4.84667E-4,-1.90895E-3,-1.63448E-3,-2.00830E-3,-2.29521E-3,-3.15430E-3,-4.80984E-3,-5.74865E-3,-6.92474E-3,-7.77164E-3,-8.94296E-3,-8.95221E-3,-1.11394E-2,-1.30572E-2,-1.25994E-2,-1.46261E-2,-1.42110E-2,-1.32536E-2,-1.43043E-2,-1.48311E-2,-1.40713E-2,-1.40995E-2,-1.43691E-2,-1.41911E-2,-1.55896E-2,-1.51226E-2,-1.35680E-2,-1.40219E-2,-1.60455E-2,-1.45866E-2,-1.55222E-2,-1.37929E-2,-1.50104E-2,-1.43600E-2,-1.31820E-2,-1.27366E-2,-1.44166E-2,-1.39280E-2,-1.42189E-2,-1.42714E-2,-1.28734E-2,-1.32937E-2,-1.32211E-2,-1.38480E-2,-1.31997E-2,-1.36773E-2,-1.36250E-2,-1.26627E-2,-1.28295E-2,-1.19722E-2,-1.24354E-2,-1.03152E-2,-1.35921E-2,-1.34481E-2,-1.14472E-2,-1.43016E-2,-1.45812E-2,-1.55737E-2,-1.41154E-2,-1.33548E-2,-1.27477E-2,-1.33864E-2,-1.12219E-2,-1.36864E-2,-1.26136E-2,-1.07940E-2,-1.13535E-2,-1.18540E-2,-1.30251E-2,-1.06692E-2,-1.23574E-2,-1.30648E-2,-1.24562E-2,-1.04608E-2,-1.07677E-2,-9.93174E-3,-1.08898E-2,-9.68855E-3,-9.68748E-3,-1.08746E-2,-1.09189E-2,-1.10558E-2,-1.02583E-2,-9.27123E-3,-9.23580E-3,-9.84098E-3,-9.58850E-3,-9.77352E-3,-9.38293E-3,-1.22153E-2,-1.00746E-2,-9.35138E-3,-9.09130E-3,-8.86181E-3,-9.76716E-3,-9.18371E-3,-8.52657E-3,-1.03511E-2,-1.01356E-2,-8.16311E-3,-9.01254E-3,-8.83686E-3,-8.39521E-3,-8.64119E-3,-8.53339E-3,-7.84877E-3,-7.58423E-3,-7.58352E-3,-7.65125E-3,-8.31480E-3,-9.19381E-3,-7.57393E-3,-7.82787E-3,-8.70766E-3,-1.01278E-2,-7.31853E-3,-7.87347E-3,-6.43422E-3,-4.45867E-3,-6.06918E-3,-8.69630E-3,-8.86775E-3,-8.53201E-3,-7.74267E-3,-7.32016E-3,-6.28676E-3,-5.84174E-3,-8.58901E-3,-5.72919E-3,-7.75207E-3,-7.18512E-3,-7.76597E-3,-5.79368E-3,-7.53842E-3,-6.94350E-3,-5.45267E-3,-6.49236E-3,-6.83944E-3,-7.04558E-3,-6.92471E-3,-7.01193E-3,-6.19004E-3,-5.30076E-3,-8.44580E-3,-7.54738E-3,-6.32753E-3
1.38363E+3,-4.04510E-4,6.80052E-5,-2.41236E-4,-2.29405E-4,3.88537E-4,7.00163E-4,-2.98573E-4,2.90304E-4,2.55935E-4,1.55065E-4,-2.13946E-7,-1.76035E-4,-1.73695E-4,-1.45584E-4,-1.88756E-4,5.91927E-4,9.93813E-5,7.73758E-4,6.03134E-4,8.54215E-5,-8.51040E-4,-8.72701E-4,-1.48996E-3,-1.23476E-3,-1.96706E-3,-2.90658E-3,-3.65410E-3,-4.64966E-3,-5.46042E-3,-6.92173E-3,-7.99566E-3,-9.33628E-3,-9.08772E-3,-1.15078E-2,-1.24619E-2,-1.27251E-2,-1.46952E-2,-1.38346E-2,-1.38481E-2,-1.44994E-2,-1.45542E-2,-1.46695E-2,-1.35397E-2,-1.35031E-2,-1.41587E-2,-1.56414E-2,-1.50336E-2,-1.39246E-2,-1.36062E-2,-1.55429E-2,-1.45765E-2,-1.53733E-2,-1.33279E-2,-1.49283E-2,-1.41692E-2,-1.29477E-2,-1.34008E-2,-1.43507E-2,-1.38396E-2,-1.44486E-2,-1.43911E-2,-1.29807E-2,-1.33129E-2,-1.29843E-2,-1.23138E-2,-1.28201E-2,-1.35484E-2,-1.26394E-2,-1.21723E-2,-1.25638E-2,-1.23215E-2,-1.27952E-2,-1.02195E-2,-1.40293E-2,-1.35902E-2,-1.13330E-2,-1.43395E-2,-1.40153E-2,-1.55821E-2,-1.39060E-2,-1.34193E-2,-1.30483E-2,-1.29073E-2,-1.27902E-2,-1.35791E-2,-1.33953E-2,-1.18953E-2,-1.10447E-2,-1.21619E-2,-1.32654E-2,-1.04660E-2,-1.31066E-2,-1.25907E-2,-1.24804E-2,-1.09110E-2,-1.02139E-2,-1.06029E-2,-1.10194E-2,-1.04240E-2,-8.88491E-3,-1.14245E-2,-1.08419E-2,-1.14308E-2,-1.06956E-2,-8.69020E-3,-9.78913E-3,-8.33053E-3,-1.00813E-2,-9.39746E-3,-9.26537E-3,-1.19983E-2,-1.05209E-2,-9.91390E-3,-9.31007E-3,-1.02723E-2,-1.01093E-2,-1.03506E-2,-8.33510E-3,-1.03045E-2,-9.77410E-3,-8.61815E-3,-9.65875E-3,-7.73969E-3,-8.48283E-3,-8.13180E-3,-9.60486E-3,-7.65094E-3,-7.38685E-3,-7.40997E-3,-8.02451E-3,-8.01057E-3,-9.07561E-3,-7.86774E-3,-8.51598E-3,-8.73780E-3,-9.48813E-3,-8.28348E-3,-7.34465E-3,-5.97881E-3,-5.10243E-3,-5.93076E-3,-8.04468E-3,-9.15404E-3,-7.65915E-3,-7.12453E-3,-7.42318E-3,-7.00593E-3,-6.57390E-3,-8.59350E-3,-6.62344E-3,-7.19936E-3,-6.66837E-3,-7.67229E-3,-6.47073E-3,-7.83253E-3,-6.77146E-3,-4.39309E-3,-7.46172E-3,-7.73752E-3,-7.30353E-3,-5.34273E-3,-6.94266E-3,-6.30848E-3,-6.30535E-3,-7.94330E-3,-6.83598E-3,-6.47534E-3
1.38714E+3,-1.35629E-4,-3.58978E-5,1.39079E-4,-2.65759E-4,-2.83691E-5,2.79432E-4,-4.38777E-4,5.89041E-4,2.24498E-4,3.66022E-5,-4.51151E-4,4.46654E-4,-2.59059E-4,1.53369E-4,-2.54033E-4,1.05512E-3,-1.48168E-4,9.58067E-4,2.53752E-4,2.26820E-4,-6.10078E-4,-2.07210E-4,-1.38609E-3,-1.38590E-3,-1.57929E-3,-2.53336E-3,-3.10017E-3,-4.84354E-3,-5.53234E-3,-6.76820E-3,-7.98788E-3,-9.07191E-3,-9.59027E-3,-1.07780E-2,-1.32204E-2,-1.24630E-2,-1.48036E-2,-1.37470E-2,-1.28949E-2,-1.48480E-2,-1.48775E-2,-1.46583E-2,-1.37643E-2,-1.42796E-2,-1.43481E-2,-1.60197E-2,-1.52805E-2,-1.35389E-2,-1.42641E-2,-1.57323E-2,-1.48566E-2,-1.55764E-2,-1.42689E-2,-1.54848E-2,-1.43992E-2,-1.30465E-2,-1.34273E-2,-1.46840E-2,-1.43418E-2,-1.48225E-2,-1.48000E-2,-1.31777E-2,-1.33094E-2,-1.34501E-2,-1.37606E-2,-1.32447E-2,-1.31569E-2,-1.30630E-2,-1.31739E-2,-1.25090E-2,-1.24438E-2,-1.28872E-2,-1.01330E-2,-1.40529E-2,-1.41829E-2,-1.12983E-2,-1.48041E-2,-1.36901E-2,-1.53548E-2,-1.43336E-2,-1.40036E-2,-1.29287E-2,-1.30627E-2,-1.22538E-2,-1.38051E-2,-1.36684E-2,-1.17127E-2,-1.18439E-2,-1.22981E-2,-1.27514E-2,-1.04439E-2,-1.25387E-2,-1.33321E-2,-1.29793E-2,-1.12606E-2,-1.10923E-2,-1.01172E-2,-1.16006E-2,-1.02866E-2,-9.24839E-3,-1.18154E-2,-1.15157E-2,-1.13759E-2,-9.77184E-3,-8.90687E-3,-1.00813E-2,-8.86756E-3,-1.08114E-2,-8.91434E-3,-8.98712E-3,-1.20288E-2,-1.03938E-2,-9.79582E-3,-8.23813E-3,-1.12275E-2,-1.00976E-2,-1.04874E-2,-8.52125E-3,-1.01329E-2,-1.01783E-2,-8.77192E-3,-9.62705E-3,-8.61990E-3,-9.08286E-3,-8.54571E-3,-8.56920E-3,-8.23311E-3,-7.68233E-3,-8.07389E-3,-7.38014E-3,-7.61522E-3,-9.42751E-3,-8.37700E-3,-8.08207E-3,-8.16245E-3,-1.03652E-2,-8.00337E-3,-7.86912E-3,-6.56923E-3,-4.34741E-3,-6.02692E-3,-8.41090E-3,-9.09298E-3,-8.22549E-3,-7.57678E-3,-8.22896E-3,-7.61187E-3,-6.04934E-3,-8.04600E-3,-5.48045E-3,-7.55598E-3,-7.34991E-3,-7.10319E-3,-6.64559E-3,-7.79436E-3,-6.80327E-3,-5.06962E-3,-6.47329E-3,-7.51057E-3,-7.38173E-3,-6.14087E-3,-6.28824E-3,-6.49285E-3,-5.55875E-3,-7.21137E-3,-6.41508E-3,-8.09003E-3
1.39065E+3,-2.97766E-4,3.48936E-4,-1.60126E-5,-2.12774E-4,-2.10559E-4,4.49931E-4,-2.10083E-4,2.37210E-4,4.10649E-4,3.17809E-4,-2.86659E-4,2.98926E-4,-2.58398E-4,-3.03693E-4,-2.67516E-4,3.28750E-4,-1.09109E-4,4.54276E-4,-2.30791E-4,3.48438E-4,-4.97887E-4,-5.41241E-4,-1.83151E-3,-1.14889E-3,-2.37129E-3,-2.76054E-3,-3.27263E-3,-4.68998E-3,-5.60456E-3,-6.67188E-3,-8.22135E-3,-9.12989E-3,-9.39345E-3,-1.10922E-2,-1.27843E-2,-1.28446E-2,-1.44044E-2,-1.40980E-2,-1.31650E-2,-1.41473E-2,-1.41777E-2,-1.44897E-2,-1.41419E-2,-1.44233E-2,-1.40823E-2,-1.61706E-2,-1.54726E-2,-1.42408E-2,-1.43390E-2,-1.61512E-2,-1.48725E-2,-1.59558E-2,-1.40759E-2,-1.47678E-2,-1.38770E-2,-1.32203E-2,-1.36667E-2,-1.44097E-2,-1.44230E-2,-1.47514E-2,-1.40927E-2,-1.32312E-2,-1.37775E-2,-1.33004E-2,-1.39476E-2,-1.35456E-2,-1.32605E-2,-1.34757E-2,-1.28991E-2,-1.30874E-2,-1.21768E-2,-1.27462E-2,-1.05059E-2,-1.38333E-2,-1.40473E-2,-1.15321E-2,-1.40667E-2,-1.44712E-2,-1.62879E-2,-1.42361E-2,-1.38479E-2,-1.38019E-2,-1.33465E-2,-1.18991E-2,-1.43005E-2,-1.42559E-2,-1.15701E-2,-1.22749E-2,-1.09102E-2,-1.26843E-2,-1.00408E-2,-1.20967E-2,-1.23670E-2,-1.24425E-2,-1.03064E-2,-1.03791E-2,-9.72451E-3,-1.08748E-2,-1.02594E-2,-9.50088E-3,-1.17538E-2,-1.18965E-2,-1.08704E-2,-1.01150E-2,-8.90653E-3,-9.27669E-3,-8.16148E-3,-1.00722E-2,-1.03954E-2,-9.47184E-3,-1.14505E-2,-1.02672E-2,-1.01493E-2,-8.70492E-3,-9.29923E-3,-1.04951E-2,-9.00546E-3,-8.93493E-3,-1.05334E-2,-1.03195E-2,-9.02157E-3,-9.93940E-3,-8.14497E-3,-9.18247E-3,-8.67964E-3,-8.67291E-3,-8.75761E-3,-7.38668E-3,-7.56669E-3,-7.53316E-3,-8.06159E-3,-9.07917E-3,-8.05316E-3,-7.88892E-3,-8.52552E-3,-9.73595E-3,-7.64217E-3,-8.26354E-3,-5.93495E-3,-5.06658E-3,-6.47914E-3,-8.49832E-3,-8.66403E-3,-8.09405E-3,-7.81484E-3,-6.90606E-3,-6.56399E-3,-5.60425E-3,-8.22981E-3,-6.53417E-3,-7.67890E-3,-7.36880E-3,-8.17988E-3,-6.57194E-3,-7.85247E-3,-7.24879E-3,-5.84404E-3,-6.50161E-3,-7.23091E-3,-6.81800E-3,-5.07230E-3,-6.85207E-3,-7.07556E-3,-5.41852E-3,-8.18095E-3,-7.36811E-3,-6.52468E-3
1.39416E+3,-3.81004E-4,8.02301E-5,2.54947E-4,-3.60751E-4,1.86903E-4,6.87131E-4,-4.40238E-4,5.59485E-5,5.13742E-4,-2.73471E-5,-4.26877E-4,-2.76199E-6,-2.98858E-4,4.24245E-4,-2.65311E-4,8.77944E-4,-8.73422E-6,6.51167E-4,3.67725E-4,-1.30710E-4,-3.99152E-4,-2.36974E-4,-1.68461E-3,-1.76043E-3,-2.04005E-3,-2.74124E-3,-2.93379E-3,-4.23852E-3,-5.19716E-3,-6.41138E-3,-7.74375E-3,-8.73439E-3,-8.94996E-3,-1.11254E-2,-1.22428E-2,-1.24551E-2,-1.43539E-2,-1.41780E-2,-1.45864E-2,-1.42380E-2,-1.45732E-2,-1.49144E-2,-1.45495E-2,-1.41879E-2,-1.36460E-2,-1.65057E-2,-1.48111E-2,-1.37872E-2,-1.42206E-2,-1.62500E-2,-1.43986E-2,-1.59573E-2,-1.37452E-2,-1.53732E-2,-1.45616E-2,-1.30242E-2,-1.37781E-2,-1.46976E-2,-1.42039E-2,-1.46236E-2,-1.42607E-2,-1.36204E-2,-1.39296E-2,-1.40467E-2,-1.30897E-2,-1.31496E-2,-1.36924E-2,-1.26516E-2,-1.22595E-2,-1.28664E-2,-1.27098E-2,-1.23434E-2,-1.07207E-2,-1.40619E-2,-1.36934E-2,-1.13587E-2,-1.41788E-2,-1.38770E-2,-1.53444E-2,-1.43044E-2,-1.39836E-2,-1.29083E-2,-1.35833E-2,-1.19761E-2,-1.38939E-2,-1.34149E-2,-1.14059E-2,-1.09255E-2,-1.07287E-2,-1.29608E-2,-1.05420E-2,-1.19145E-2,-1.29430E-2,-1.26333E-2,-1.10127E-2,-1.07409E-2,-9.59731E-3,-1.02470E-2,-9.19476E-3,-9.15092E-3,-1.15642E-2,-1.09409E-2,-1.10606E-2,-1.05225E-2,-8.77154E-3,-1.08568E-2,-9.16552E-3,-1.13033E-2,-9.22766E-3,-9.29911E-3,-1.20170E-2,-1.02469E-2,-1.00876E-2,-9.04534E-3,-1.03040E-2,-9.89161E-3,-9.90504E-3,-9.33412E-3,-1.04603E-2,-1.03835E-2,-9.46664E-3,-1.00823E-2,-8.10406E-3,-9.23000E-3,-8.85765E-3,-8.62540E-3,-7.93142E-3,-8.27136E-3,-8.26885E-3,-7.38410E-3,-8.01012E-3,-8.75529E-3,-8.73982E-3,-8.11140E-3,-8.82057E-3,-9.69457E-3,-8.27963E-3,-7.06559E-3,-6.05778E-3,-5.17917E-3,-5.42426E-3,-7.96644E-3,-9.01329E-3,-8.31528E-3,-7.52056E-3,-7.27438E-3,-6.71175E-3,-5.57624E-3,-7.97780E-3,-6.77439E-3,-8.13208E-3,-6.91618E-3,-8.07252E-3,-6.00762E-3,-7.93344E-3,-6.83604E-3,-4.75037E-3,-6.36895E-3,-7.29595E-3,-7.39812E-3,-5.73239E-3,-7.09553E-3,-6.44983E-3,-6.76583E-3,-6.56843E-3,-6.76459E-3,-5.85432E-3
1.39768E+3,-6.34883E-5,-2.88015E-5,-1.75199E-5,-3.75547E-4,1.52960E-4,7.74064E-4,-1.44525E-4,1.14217E-4,-3.20628E-5,2.01496E-4,-1.99238E-4,-3.78625E-4,3.51853E-5,1.89307E-4,-2.27420E-4,3.82041E-4,2.09412E-5,5.43620E-4,3.25816E-4,6.45032E-4,-6.07179E-4,-1.33692E-4,-1.30173E-3,-1.40824E-3,-2.09252E-3,-2.87533E-3,-3.41249E-3,-4.85284E-3,-5.61657E-3,-6.48550E-3,-8.18717E-3,-8.84812E-3,-9.33490E-3,-1.11488E-2,-1.24078E-2,-1.27784E-2,-1.42790E-2,-1.36584E-2,-1.31090E-2,-1.40569E-2,-1.51637E-2,-1.43159E-2,-1.38727E-2,-1.37963E-2,-1.40417E-2,-1.62914E-2,-1.55097E-2,-1.34415E-2,-1.41639E-2,-1.57684E-2,-1.46321E-2,-1.56249E-2,-1.41753E-2,-1.51408E-2,-1.43178E-2,-1.35948E-2,-1.29143E-2,-1.51155E-2,-1.36878E-2,-1.43079E-2,-1.46384E-2,-1.33916E-2,-1.35362E-2,-1.37711E-2,-1.32597E-2,-1.26888E-2,-1.34296E-2,-1.36006E-2,-1.20220E-2,-1.17935E-2,-1.19837E-2,-1.27422E-2,-1.02157E-2,-1.42503E-2,-1.39940E-2,-1.00541E-2,-1.50419E-2,-1.38590E-2,-1.59018E-2,-1.33379E-2,-1.39539E-2,-1.29553E-2,-1.34041E-2,-1.18591E-2,-1.51112E-2,-1.31347E-2,-1.13121E-2,-1.11442E-2,-1.10693E-2,-1.28790E-2,-1.07305E-2,-1.24924E-2,-1.37774E-2,-1.29792E-2,-1.01918E-2,-1.07615E-2,-8.99899E-3,-1.11091E-2,-9.86501E-3,-9.74030E-3,-1.19235E-2,-9.09799E-3,-1.12504E-2,-1.05390E-2,-9.36889E-3,-9.25387E-3,-9.45563E-3,-1.09740E-2,-8.91078E-3,-9.54530E-3,-1.22007E-2,-1.12508E-2,-9.64611E-3,-9.13545E-3,-1.07733E-2,-1.02379E-2,-1.04897E-2,-8.04492E-3,-1.05734E-2,-1.04424E-2,-8.60222E-3,-9.88662E-3,-7.53093E-3,-9.53435E-3,-8.60841E-3,-8.51866E-3,-8.40197E-3,-7.87432E-3,-8.56685E-3,-6.50411E-3,-7.71805E-3,-8.99754E-3,-8.05606E-3,-8.59447E-3,-7.52445E-3,-9.69522E-3,-7.64771E-3,-8.08387E-3,-6.56921E-3,-4.34119E-3,-6.59673E-3,-8.63098E-3,-9.31089E-3,-8.36459E-3,-7.42139E-3,-7.86921E-3,-5.86714E-3,-6.04489E-3,-7.92403E-3,-6.06606E-3,-7.98436E-3,-6.88885E-3,-7.08030E-3,-6.10410E-3,-7.47613E-3,-7.13201E-3,-5.04865E-3,-6.08507E-3,-7.41673E-3,-6.72734E-3,-4.86390E-3,-6.12286E-3,-6.13762E-3,-4.78947E-3,-6.07917E-3,-6.06361E-3,-6.69725E-3
1.40119E+3,-5.74958E-5,8.67925E-5,5.57356E-6,-4.84441E-5,-1.77753E-4,8.97540E-4,-2.28854E-4,-2.50935E-4,1.69749E-4,5.41706E-4,-6.08373E-4,-3.52627E-5,3.73525E-4,-3.22028E-4,-3.45739E-4,8.63295E-4,5.21328E-5,9.24713E-4,-1.57747E-4,2.86696E-4,-4.49925E-4,5.43670E-5,-1.85887E-3,-1.90729E-3,-1.96915E-3,-2.66605E-3,-3.51124E-3,-5.03260E-3,-5.31661E-3,-6.22520E-3,-8.07156E-3,-9.17910E-3,-9.29182E-3,-1.14202E-2,-1.25959E-2,-1.42336E-2,-1.54525E-2,-1.41534E-2,-1.40176E-2,-1.50707E-2,-1.47595E-2,-1.45536E-2,-1.46259E-2,-1.43371E-2,-1.46585E-2,-1.66891E-2,-1.45736E-2,-1.32525E-2,-1.37576E-2,-1.58807E-2,-1.49352E-2,-1.67550E-2,-1.39640E-2,-1.55273E-2,-1.45575E-2,-1.28800E-2,-1.35370E-2,-1.51070E-2,-1.37687E-2,-1.48326E-2,-1.42027E-2,-1.34171E-2,-1.38377E-2,-1.39684E-2,-1.49952E-2,-1.37836E-2,-1.37294E-2,-1.33905E-2,-1.29679E-2,-1.28270E-2,-1.28297E-2,-1.24489E-2,-1.10353E-2,-1.45074E-2,-1.38899E-2,-1.07095E-2,-1.46966E-2,-1.43770E-2,-1.54706E-2,-1.42450E-2,-1.47028E-2,-1.31004E-2,-1.29043E-2,-1.10963E-2,-1.40086E-2,-1.38286E-2,-1.22717E-2,-1.18800E-2,-1.19673E-2,-1.29758E-2,-1.03500E-2,-1.34947E-2,-1.31237E-2,-1.36307E-2,-1.04425E-2,-1.10076E-2,-1.06960E-2,-1.11876E-2,-9.88904E-3,-9.10572E-3,-1.13441E-2,-1.20461E-2,-1.09683E-2,-1.11802E-2,-8.57042E-3,-9.76225E-3,-7.99839E-3,-1.05759E-2,-9.67256E-3,-9.60619E-3,-1.27334E-2,-1.01736E-2,-1.10319E-2,-9.31672E-3,-1.07789E-2,-1.13325E-2,-1.11693E-2,-8.80791E-3,-1.11081E-2,-1.08092E-2,-8.73745E-3,-1.00108E-2,-7.90932E-3,-8.93670E-3,-9.79872E-3,-8.33362E-3,-7.98193E-3,-8.53288E-3,-8.21440E-3,-7.97027E-3,-8.78200E-3,-1.01216E-2,-8.69943E-3,-8.19640E-3,-8.81028E-3,-9.65571E-3,-7.98873E-3,-8.41397E-3,-6.75904E-3,-4.86596E-3,-6.41925E-3,-1.02186E-2,-9.58471E-3,-8.16599E-3,-8.16245E-3,-7.93193E-3,-5.98561E-3,-5.97761E-3,-8.84953E-3,-8.14442E-3,-8.44411E-3,-7.69238E-3,-9.66311E-3,-6.66838E-3,-8.40502E-3,-6.81861E-3,-4.46271E-3,-6.98123E-3,-7.12011E-3,-7.64931E-3,-6.57321E-3,-6.69302E-3,-5.71453E-3,-4.75899E-3,-7.17212E-3,-7.30928E-3,-6.78894E-3
1.40471E+3,-7.60114E-5,9.65700E-5,8.78525E-6,-3.13940E-4,3.07693E-4,4.38322E-4,4.57515E-5,6.12255E-4,1.99254E-6,1.47105E-4,-7.60489E-4,2.33229E-4,-9.80339E-5,-3.06908E-4,-3.36321E-4,3.13427E-4,4.08529E-4,9.05238E-4,2.40141E-4,4.11348E-4,-1.67336E-4,-3.13664E-4,-1.85294E-3,-1.64573E-3,-2.23768E-3,-2.26034E-3,-3.32505E-3,-4.66695E-3,-5.66937E-3,-6.26263E-3,-7.88973E-3,-8.85521E-3,-9.26303E-3,-1.16423E-2,-1.25918E-2,-1.34759E-2,-1.51348E-2,-1.33046E-2,-1.38521E-2,-1.48050E-2,-1.35414E-2,-1.41318E-2,-1.42773E-2,-1.34515E-2,-1.41367E-2,-1.65118E-2,-1.57571E-2,-1.35061E-2,-1.40344E-2,-1.63401E-2,-1.43930E-2,-1.62924E-2,-1.41179E-2,-1.54597E-2,-1.44286E-2,-1.28650E-2,-1.35538E-2,-1.43777E-2,-1.44038E-2,-1.49663E-2,-1.49537E-2,-1.36096E-2,-1.35257E-2,-1.37977E-2,-1.39236E-2,-1.39953E-2,-1.37862E-2,-1.31586E-2,-1.29438E-2,-1.26873E-2,-1.14505E-2,-1.27744E-2,-1.07895E-2,-1.43688E-2,-1.34177E-2,-1.07990E-2,-1.47320E-2,-1.38973E-2,-1.56625E-2,-1.38645E-2,-1.46327E-2,-1.38466E-2,-1.33176E-2,-1.19234E-2,-1.42205E-2,-1.36830E-2,-1.09300E-2,-1.10106E-2,-1.17955E-2,-1.29322E-2,-1.14748E-2,-1.20774E-2,-1.31232E-2,-1.27359E-2,-1.08228E-2,-1.02138E-2,-9.82009E-3,-1.07133E-2,-9.75200E-3,-9.90184E-3,-1.17146E-2,-9.87508E-3,-1.07155E-2,-1.12860E-2,-8.74780E-3,-1.01053E-2,-8.93263E-3,-1.02205E-2,-9.38124E-3,-9.22847E-3,-1.26595E-2,-1.11677E-2,-1.04890E-2,-8.88665E-3,-9.90792E-3,-9.52112E-3,-9.74636E-3,-8.21410E-3,-1.08340E-2,-1.13034E-2,-9.82240E-3,-9.69801E-3,-6.93144E-3,-8.78457E-3,-8.95199E-3,-8.70056E-3,-8.15356E-3,-8.04871E-3,-8.42648E-3,-7.61554E-3,-8.57430E-3,-9.38690E-3,-8.39836E-3,-7.26447E-3,-8.65953E-3,-1.03879E-2,-7.86194E-3,-8.12530E-3,-6.48560E-3,-5.15728E-3,-5.72300E-3,-9.40881E-3,-9.27395E-3,-8.44417E-3,-7.01692E-3,-8.26946E-3,-6.31883E-3,-7.14683E-3,-8.66350E-3,-6.71237E-3,-7.28418E-3,-6.50147E-3,-7.72658E-3,-7.85856E-3,-8.56501E-3,-7.79994E-3,-4.57961E-3,-5.71368E-3,-6.45969E-3,-7.15976E-3,-5.24794E-3,-6.47957E-3,-5.87185E-3,-7.22034E-3,-7.53863E-3,-7.17565E-3,-6.59827E-3
1.40822E+3,-3.24533E-4,-2.76171E-4,2.93722E-4,-1.48584E-4,-1.77707E-4,6.12898E-4,-2.51782E-4,3.64277E-4,5.52828E-4,2.77852E-4,-1.23245E-4,1.72042E-4,-3.16983E-4,-5.75392E-4,-7.92232E-5,1.57340E-3,2.41960E-4,7.04229E-4,6.26476E-4,5.00681E-5,-5.67536E-4,-6.97304E-4,-1.47459E-3,-1.15650E-3,-1.65716E-3,-2.41108E-3,-3.00864E-3,-4.32166E-3,-4.95417E-3,-6.28241E-3,-7.44831E-3,-8.97379E-3,-9.45257E-3,-1.16456E-2,-1.23619E-2,-1.28033E-2,-1.45888E-2,-1.30614E-2,-1.25838E-2,-1.47719E-2,-1.42962E-2,-1.44484E-2,-1.41439E-2,-1.41671E-2,-1.42649E-2,-1.63887E-2,-1.52327E-2,-1.31465E-2,-1.41146E-2,-1.57065E-2,-1.42987E-2,-1.61038E-2,-1.35809E-2,-1.52992E-2,-1.45583E-2,-1.35117E-2,-1.44485E-2,-1.44876E-2,-1.47213E-2,-1.45025E-2,-1.45435E-2,-1.42541E-2,-1.35554E-2,-1.26388E-2,-1.31760E-2,-1.34998E-2,-1.32987E-2,-1.32213E-2,-1.28862E-2,-1.26897E-2,-1.29572E-2,-1.25603E-2,-1.00041E-2,-1.39742E-2,-1.38822E-2,-1.09209E-2,-1.55235E-2,-1.41575E-2,-1.57653E-2,-1.35692E-2,-1.41036E-2,-1.36597E-2,-1.22006E-2,-1.23760E-2,-1.43454E-2,-1.34633E-2,-1.13591E-2,-1.01810E-2,-1.13861E-2,-1.29557E-2,-1.01595E-2,-1.21580E-2,-1.36528E-2,-1.34676E-2,-1.18092E-2,-1.05277E-2,-1.02624E-2,-1.10337E-2,-8.30519E-3,-8.79140E-3,-1.19421E-2,-1.01217E-2,-1.10435E-2,-1.07818E-2,-9.37134E-3,-9.42386E-3,-1.04555E-2,-1.08394E-2,-9.34698E-3,-9.22582E-3,-1.23600E-2,-1.09260E-2,-9.12462E-3,-9.20516E-3,-1.10367E-2,-1.05371E-2,-9.82747E-3,-8.68049E-3,-1.02528E-2,-1.07207E-2,-8.88771E-3,-9.63746E-3,-7.25323E-3,-8.39874E-3,-8.32703E-3,-8.74843E-3,-8.44439E-3,-7.35913E-3,-8.25482E-3,-7.87651E-3,-8.79537E-3,-8.71285E-3,-8.80523E-3,-7.84139E-3,-9.46298E-3,-9.17796E-3,-7.89091E-3,-7.80237E-3,-6.04526E-3,-5.14381E-3,-5.71702E-3,-9.29941E-3,-8.83985E-3,-8.60152E-3,-7.55627E-3,-7.23273E-3,-7.17510E-3,-4.49471E-3,-9.08402E-3,-6.97658E-3,-7.75183E-3,-7.55357E-3,-7.59231E-3,-6.93895E-3,-7.42748E-3,-6.88275E-3,-5.18467E-3,-6.09366E-3,-7.55874E-3,-6.95202E-3,-5.02036E-3,-6.10130E-3,-6.96346E-3,-5.17975E-3,-7.80935E-3,-6.56032E-3,-6.41441E-3
1.41174E+3,-4.46538E-4,3.56835E-4,1.97900E-4,-3.49616E-4,-6.57146E-4,2.50824E-4,-2.05044E-6,4.70497E-4,3.29859E-4,4.92214E-4,-5.87346E-4,4.37310E-4,-2.45269E-4,-3.95082E-4,1.47607E-4,8.17700E-4,-1.67765E-4,8.17298E-4,5.14409E-4,9.47718E-5,-1.36466E-3,-5.42153E-4,-1.40605E-3,-1.10955E-3,-2.43082E-3,-2.18455E-3,-3.12253E-3,-4.72599E-3,-4.54422E-3,-7.08118E-3,-7.68302E-3,-9.10183E-3,-9.08758E-3,-1.15366E-2,-1.22169E-2,-1.30968E-2,-1.50994E-2,-1.44864E-2,-1.41314E-2,-1.40577E-2,-1.49918E-2,-1.48665E-2,-1.41514E-2,-1.50195E-2,-1.44342E-2,-1.67624E-2,-1.53291E-2,-1.36186E-2,-1.38737E-2,-1.65821E-2,-1.40809E-2,-1.60226E-2,-1.37181E-2,-1.60031E-2,-1.42163E-2,-1.30079E-2,-1.38430E-2,-1.47261E-2,-1.36572E-2,-1.49201E-2,-1.48504E-2,-1.44102E-2,-1.39865E-2,-1.31887E-2,-1.29938E-2,-1.32128E-2,-1.44118E-2,-1.23334E-2,-1.23968E-2,-1.32408E-2,-1.27325E-2,-1.22718E-2,-9.47450E-3,-1.44366E-2,-1.39821E-2,-1.18667E-2,-1.47013E-2,-1.33738E-2,-1.52523E-2,-1.46306E-2,-1.43428E-2,-1.32238E-2,-1.41640E-2,-1.20071E-2,-1.33123E-2,-1.38087E-2,-1.14948E-2,-1.06992E-2,-1.00582E-2,-1.35433E-2,-1.19197E-2,-1.26224E-2,-1.28925E-2,-1.25810E-2,-9.73998E-3,-1.15499E-2,-1.02892E-2,-1.02641E-2,-9.34220E-3,-9.49867E-3,-1.23916E-2,-1.03646E-2,-1.15571E-2,-1.03314E-2,-8.99092E-3,-9.24573E-3,-7.23052E-3,-9.06963E-3,-9.25168E-3,-9.24082E-3,-1.13461E-2,-1.04845E-2,-9.64889E-3,-9.20654E-3,-1.01332E-2,-1.00974E-2,-1.09318E-2,-8.92104E-3,-1.09751E-2,-1.15217E-2,-9.16032E-3,-1.00556E-2,-7.56721E-3,-9.40946E-3,-9.93363E-3,-8.99714E-3,-8.40567E-3,-8.08950E-3,-8.06228E-3,-7.13725E-3,-9.27242E-3,-9.56671E-3,-8.43251E-3,-7.87696E-3,-7.75446E-3,-9.90155E-3,-6.94726E-3,-8.36567E-3,-6.60366E-3,-5.10131E-3,-6.59851E-3,-8.60248E-3,-9.97079E-3,-8.20623E-3,-8.06982E-3,-8.05580E-3,-7.28027E-3,-6.49375E-3,-8.23111E-3,-6.47947E-3,-6.35629E-3,-5.68791E-3,-7.73343E-3,-6.21882E-3,-8.69711E-3,-6.70554E-3,-4.97593E-3,-7.75335E-3,-7.11974E-3,-7.26481E-3,-5.79870E-3,-5.86058E-3,-6.07292E-3,-6.47726E-3,-7.10810E-3,-7.03280E-3,-7.38041E-3
1.41526E+3,-5.76958E-4,3.00827E-4,1.83212E-4,4.58276E-4,-1.04345E-4,3.21539E-4,-1.04560E-4,2.19732E-4,-3.15872E-5,1.06184E-4,-3.70839E-4,-3.51461E-5,1.57443E-4,-4.23556E-4,-1.00223E-4,5.81540E-4,2.44765E-4,1.04798E-5,-1.45281E-4,8.18813E-4,-7.50704E-4,-6.38960E-5,-1.64991E-3,-1.56044E-3,-2.68001E-3,-2.99978E-3,-3.27580E-3,-4.45305E-3,-4.17643E-3,-6.63750E-3,-8.07524E-3,-9.85145E-3,-9.26800E-3,-1.09850E-2,-1.29764E-2,-1.37034E-2,-1.49352E-2,-1.36651E-2,-1.40400E-2,-1.47420E-2,-1.51831E-2,-1.50078E-2,-1.43195E-2,-1.41760E-2,-1.43338E-2,-1.65707E-2,-1.49590E-2,-1.37511E-2,-1.40199E-2,-1.65792E-2,-1.52944E-2,-1.60067E-2,-1.42727E-2,-1.58268E-2,-1.44203E-2,-1.29335E-2,-1.34914E-2,-1.52674E-2,-1.36320E-2,-1.45175E-2,-1.41777E-2,-1.44095E-2,-1.29700E-2,-1.34830E-2,-1.38097E-2,-1.35687E-2,-1.30281E-2,-1.26017E-2,-1.35294E-2,-1.26299E-2,-1.30652E-2,-1.30072E-2,-1.02192E-2,-1.47297E-2,-1.36637E-2,-1.12369E-2,-1.46613E-2,-1.42371E-2,-1.63317E-2,-1.38652E-2,-1.44142E-2,-1.37512E-2,-1.45639E-2,-1.26428E-2,-1.49065E-2,-1.39902E-2,-1.16556E-2,-1.11472E-2,-1.07976E-2,-1.29423E-2,-1.06172E-2,-1.26525E-2,-1.31754E-2,-1.23049E-2,-9.90332E-3,-1.13222E-2,-8.49166E-3,-1.07434E-2,-1.03727E-2,-9.10034E-3,-1.24586E-2,-1.04519E-2,-1.13674E-2,-1.04657E-2,-8.37980E-3,-9.90695E-3,-8.79361E-3,-9.20952E-3,-9.69305E-3,-1.04916E-2,-1.29050E-2,-9.22219E-3,-1.08406E-2,-9.45132E-3,-9.84235E-3,-1.06661E-2,-1.01763E-2,-8.98846E-3,-9.84348E-3,-9.96841E-3,-9.53954E-3,-1.01114E-2,-8.17935E-3,-9.37886E-3,-1.09247E-2,-9.44770E-3,-8.76574E-3,-8.06252E-3,-9.43038E-3,-7.49571E-3,-8.63832E-3,-9.08686E-3,-8.39011E-3,-7.75815E-3,-7.13977E-3,-1.07163E-2,-7.91603E-3,-7.65835E-3,-6.82890E-3,-5.57943E-3,-6.50070E-3,-1.03791E-2,-8.77973E-3,-8.08035E-3,-8.50150E-3,-7.20994E-3,-5.29380E-3,-6.34193E-3,-9.22784E-3,-6.35347E-3,-7.68183E-3,-7.46389E-3,-8.98086E-3,-6.20104E-3,-7.61649E-3,-6.75022E-3,-5.24456E-3,-4.60250E-3,-8.21601E-3,-6.94212E-3,-5.86149E-3,-7.90305E-3,-6.23882E-3,-6.99988E-3,-6.98632E-3,-5.32841E-3,-6.21480E-3
1.41878E+3,-3.76689E-4,-1.28917E-4,9.49137E-6,-1.15331E-4,2.79820E-4,5.87271E-4,-4.10588E-4,-2.32687E-5,-1.33412E-5,2.29652E-4,-5.14525E-5,4.39652E-4,-7.59031E-5,-1.81677E-4,-1.68718E-4,3.88288E-4,-1.74044E-4,6.99834E-4,8.58323E-5,3.43004E-4,-9.98804E-4,-3.42724E-4,-1.43856E-3,-1.49364E-3,-2.31454E-3,-2.30498E-3,-2.76994E-3,-4.53769E-3,-5.63372E-3,-6.27518E-3,-8.08786E-3,-9.17773E-3,-8.84253E-3,-1.18845E-2,-1.30183E-2,-1.37931E-2,-1.56357E-2,-1.36676E-2,-1.31297E-2,-1.43839E-2,-1.45745E-2,-1.51290E-2,-1.44705E-2,-1.43449E-2,-1.41469E-2,-1.66577E-2,-1.60244E-2,-1.41202E-2,-1.45135E-2,-1.62817E-2,-1.52191E-2,-1.67175E-2,-1.37341E-2,-1.57196E-2,-1.48750E-2,-1.27141E-2,-1.48830E-2,-1.46038E-2,-1.45158E-2,-1.50539E-2,-1.48917E-2,-1.39679E-2,-1.37063E-2,-1.41280E-2,-1.36635E-2,-1.43338E-2,-1.32345E-2,-1.26576E-2,-1.31635E-2,-1.30742E-2,-1.09901E-2,-1.26584E-2,-1.05307E-2,-1.23406E-2,-1.47625E-2,-1.06809E-2,-1.52734E-2,-1.46832E-2,-1.56323E-2,-1.34397E-2,-1.29182E-2,-1.37510E-2,-1.23171E-2,-1.12704E-2,-1.47988E-2,-1.36346E-2,-1.11221E-2,-1.06283E-2,-1.08551E-2,-1.23205E-2,-1.01319E-2,-1.13514E-2,-1.30879E-2,-1.19945E-2,-1.05458E-2,-1.04382E-2,-9.95998E-3,-1.10767E-2,-9.35998E-3,-8.99568E-3,-1.26868E-2,-1.24044E-2,-1.05377E-2,-1.02941E-2,-8.67991E-3,-9.88119E-3,-8.28393E-3,-1.07369E-2,-8.84085E-3,-9.93071E-3,-1.22852E-2,-1.06941E-2,-9.93553E-3,-9.89140E-3,-1.01397E-2,-1.09410E-2,-1.11107E-2,-9.28907E-3,-1.13785E-2,-1.08632E-2,-9.00872E-3,-1.01751E-2,-6.95468E-3,-9.39443E-3,-9.39991E-3,-9.20311E-3,-8.34755E-3,-7.96445E-3,-9.62504E-3,-7.90315E-3,-9.23759E-3,-1.00821E-2,-9.10206E-3,-8.78934E-3,-7.58087E-3,-1.08530E-2,-6.57424E-3,-7.90717E-3,-6.20786E-3,-4.44812E-3,-5.98940E-3,-9.50019E-3,-9.36756E-3,-8.47245E-3,-7.71026E-3,-7.08991E-3,-6.19468E-3,-6.15510E-3,-8.68558E-3,-5.60641E-3,-7.30706E-3,-6.52602E-3,-8.31538E-3,-7.07565E-3,-7.14034E-3,-6.75471E-3,-5.75450E-3,-6.23805E-3,-6.14436E-3,-6.33253E-3,-4.80112E-3,-7.02381E-3,-5.09406E-3,-6.18049E-3,-5.87608E-3,-7.47467E-3,-3.88453E-3
1.42229E+3,-5.76465E-4,6.98930E-4,2.34252E-4,8.94294E-5,-3.51568E-4,2.24404E-4,-3.59972E-4,4.65090E-4,5.07660E-5,8.21573E-4,-5.90145E-4,-1.48222E-4,-3.63304E-5,-2.99925E-4,-2.21819E-4,2.13617E-4,7.31890E-4,1.13850E-3,3.40304E-4,3.02251E-4,-6.39682E-4,-8.10019E-4,-1.33739E-3,-1.77639E-3,-2.21612E-3,-2.54938E-3,-3.08526E-3,-4.19645E-3,-5.22846E-3,-6.50035E-3,-8.00762E-3,-9.29131E-3,-9.19839E-3,-1.15770E-2,-1.18939E-2,-1.32131E-2,-1.51460E-2,-1.33907E-2,-1.39447E-2,-1.54023E-2,-1.47333E-2,-1.49428E-2,-1.45425E-2,-1.49206E-2,-1.43460E-2,-1.65087E-2,-1.57098E-2,-1.41985E-2,-1.49106E-2,-1.62907E-2,-1.44375E-2,-1.58976E-2,-1.48458E-2,-1.56696E-2,-1.46368E-2,-1.24017E-2,-1.39978E-2,-1.53377E-2,-1.45372E-2,-1.50273E-2,-1.49656E-2,-1.36423E-2,-1.34780E-2,-1.37700E-2,-1.43049E-2,-1.45014E-2,-1.40552E-2,-1.26441E-2,-1.27000E-2,-1.17481E-2,-1.15420E-2,-1.29517E-2,-1.07488E-2,-1.49554E-2,-1.31073E-2,-1.12678E-2,-1.49175E-2,-1.47998E-2,-1.55918E-2,-1.44287E-2,-1.43600E-2,-1.34469E-2,-1.29914E-2,-1.28622E-2,-1.43190E-2,-1.35711E-2,-1.16795E-2,-1.01080E-2,-1.04384E-2,-1.37706E-2,-1.16944E-2,-1.25889E-2,-1.29837E-2,-1.24307E-2,-1.19521E-2,-1.05858E-2,-9.63549E-3,-1.14319E-2,-1.05525E-2,-8.72334E-3,-1.10132E-2,-1.00807E-2,-1.10071E-2,-1.13841E-2,-8.67526E-3,-9.72319E-3,-8.41181E-3,-1.06828E-2,-9.17802E-3,-1.04107E-2,-1.18548E-2,-1.05626E-2,-1.03596E-2,-9.08291E-3,-1.10945E-2,-9.48267E-3,-1.00543E-2,-8.81042E-3,-1.03733E-2,-1.15305E-2,-8.00378E-3,-9.47233E-3,-8.74917E-3,-8.36471E-3,-9.76599E-3,-9.67985E-3,-8.99326E-3,-8.92186E-3,-7.91701E-3,-7.37874E-3,-8.30141E-3,-1.02740E-2,-9.70792E-3,-7.90446E-3,-7.53613E-3,-1.02616E-2,-8.50267E-3,-8.52908E-3,-6.45402E-3,-5.71579E-3,-6.36034E-3,-7.95744E-3,-8.16072E-3,-8.99301E-3,-7.84156E-3,-6.41630E-3,-6.77743E-3,-7.24653E-3,-9.01478E-3,-7.04567E-3,-8.05468E-3,-8.33352E-3,-7.68166E-3,-7.35911E-3,-7.98573E-3,-7.19937E-3,-4.39244E-3,-8.20212E-3,-6.54658E-3,-6.05990E-3,-4.21555E-3,-5.41835E-3,-4.70106E-3,-6.68475E-3,-7.20084E-3,-7.45661E-3,-7.16685E-3
1.42581E+3,-8.77188E-4,3.34482E-4,-2.01441E-4,1.11593E-4,2.68892E-5,5.35037E-4,-8.27286E-6,2.31333E-4,4.84519E-4,2.12058E-4,-4.97910E-4,1.80803E-4,-2.75901E-4,1.27455E-5,-2.68747E-4,1.23908E-3,7.10935E-4,1.12464E-3,8.21442E-4,-8.84372E-4,1.84905E-4,5.27304E-4,-1.59943E-3,-8.89100E-4,-2.28048E-3,-1.92275E-3,-3.02351E-3,-3.96429E-3,-5.26630E-3,-6.39758E-3,-7.51774E-3,-8.16641E-3,-9.03020E-3,-1.19761E-2,-1.25454E-2,-1.35091E-2,-1.56824E-2,-1.30377E-2,-1.39921E-2,-1.47817E-2,-1.52686E-2,-1.47974E-2,-1.39877E-2,-1.49097E-2,-1.40911E-2,-1.69948E-2,-1.53336E-2,-1.42144E-2,-1.48906E-2,-1.60145E-2,-1.45436E-2,-1.65563E-2,-1.43187E-2,-1.57503E-2,-1.37628E-2,-1.27915E-2,-1.42401E-2,-1.54074E-2,-1.45203E-2,-1.56761E-2,-1.46312E-2,-1.36292E-2,-1.34999E-2,-1.35771E-2,-1.29554E-2,-1.30835E-2,-1.43376E-2,-1.35671E-2,-1.24907E-2,-1.21626E-2,-1.25369E-2,-1.32416E-2,-1.03465E-2,-1.45874E-2,-1.46199E-2,-1.12663E-2,-1.41844E-2,-1.33613E-2,-1.50097E-2,-1.44265E-2,-1.48969E-2,-1.32389E-2,-1.44541E-2,-1.05377E-2,-1.46439E-2,-1.29148E-2,-1.17314E-2,-1.01920E-2,-1.04397E-2,-1.25023E-2,-1.06628E-2,-1.26961E-2,-1.26521E-2,-1.28054E-2,-1.15066E-2,-9.43526E-3,-1.02946E-2,-8.94228E-3,-9.73672E-3,-1.01810E-2,-9.80849E-3,-1.10084E-2,-1.02582E-2,-1.14391E-2,-7.62024E-3,-9.88634E-3,-1.03402E-2,-8.83664E-3,-9.50600E-3,-8.93974E-3,-1.24290E-2,-1.15209E-2,-1.07003E-2,-1.06422E-2,-1.12763E-2,-9.78215E-3,-8.94626E-3,-9.14756E-3,-1.03267E-2,-1.01329E-2,-9.56073E-3,-9.85016E-3,-5.99269E-3,-8.80227E-3,-8.08911E-3,-8.77125E-3,-9.10597E-3,-8.59788E-3,-8.14014E-3,-7.29895E-3,-8.23214E-3,-9.55100E-3,-8.93461E-3,-7.30498E-3,-8.38310E-3,-1.09667E-2,-7.77338E-3,-8.56568E-3,-6.92320E-3,-5.08309E-3,-5.88100E-3,-8.81331E-3,-8.74242E-3,-8.40870E-3,-8.34366E-3,-6.64962E-3,-5.98215E-3,-5.98056E-3,-7.78673E-3,-6.11358E-3,-7.73745E-3,-6.92299E-3,-7.28984E-3,-6.35512E-3,-8.73407E-3,-7.29256E-3,-4.06919E-3,-6.97305E-3,-7.34525E-3,-7.56438E-3,-5.82739E-3,-5.41416E-3,-5.27083E-3,-4.27208E-3,-8.06351E-3,-7.06679E-3,-5.50738E-3
1.42933E+3,-6.23240E-4,4.33053E-4,1.62218E-4,1.77790E-4,9.30394E-5,5.99993E-4,-5.10744E-4,3.08977E-4,3.36574E-4,4.62421E-4,-4.35189E-4,-3.88808E-4,-5.18527E-4,1.84022E-4,-2.81580E-4,9.31111E-4,5.03590E-4,2.99011E-4,9.00007E-4,-2.33771E-4,-1.11029E-3,-6.22175E-4,-1.51040E-3,-1.95218E-3,-1.63353E-3,-2.17955E-3,-3.26957E-3,-4.10727E-3,-5.11659E-3,-6.84002E-3,-7.46445E-3,-8.04475E-3,-9.52674E-3,-1.21286E-2,-1.23291E-2,-1.42379E-2,-1.50768E-2,-1.40485E-2,-1.36540E-2,-1.44378E-2,-1.42405E-2,-1.49651E-2,-1.48283E-2,-1.47182E-2,-1.38008E-2,-1.68148E-2,-1.56938E-2,-1.33050E-2,-1.45924E-2,-1.69303E-2,-1.47236E-2,-1.67950E-2,-1.43103E-2,-1.60183E-2,-1.42894E-2,-1.30858E-2,-1.36376E-2,-1.49449E-2,-1.37778E-2,-1.55519E-2,-1.58573E-2,-1.39576E-2,-1.40218E-2,-1.31537E-2,-1.32088E-2,-1.31100E-2,-1.39279E-2,-1.39405E-2,-1.22464E-2,-1.22477E-2,-1.23955E-2,-1.37123E-2,-1.12050E-2,-1.48058E-2,-1.44357E-2,-1.24319E-2,-1.50091E-2,-1.50045E-2,-1.54198E-2,-1.46195E-2,-1.29423E-2,-1.36435E-2,-1.50460E-2,-1.26621E-2,-1.48028E-2,-1.21826E-2,-1.16732E-2,-1.09917E-2,-1.20681E-2,-1.40268E-2,-9.90458E-3,-1.42331E-2,-1.36444E-2,-1.24827E-2,-1.12099E-2,-1.11912E-2,-9.63129E-3,-1.14015E-2,-1.14684E-2,-9.47152E-3,-1.27509E-2,-1.00034E-2,-1.13714E-2,-1.14668E-2,-7.88296E-3,-9.16693E-3,-8.71613E-3,-1.10591E-2,-8.70488E-3,-1.07718E-2,-1.29976E-2,-9.61128E-3,-9.54190E-3,-9.63096E-3,-1.15580E-2,-9.95144E-3,-1.09784E-2,-9.21788E-3,-9.93338E-3,-1.03300E-2,-1.00869E-2,-1.13310E-2,-7.70753E-3,-9.16210E-3,-9.44286E-3,-1.06044E-2,-9.52519E-3,-7.89005E-3,-8.23283E-3,-8.32722E-3,-8.08131E-3,-9.91133E-3,-9.16863E-3,-8.61278E-3,-7.20809E-3,-1.12181E-2,-8.57538E-3,-8.30333E-3,-5.92142E-3,-5.47328E-3,-6.97144E-3,-8.04767E-3,-9.67319E-3,-9.60698E-3,-7.51174E-3,-7.68352E-3,-7.02045E-3,-6.93044E-3,-8.43468E-3,-6.16852E-3,-8.31784E-3,-8.33494E-3,-7.23923E-3,-6.63639E-3,-8.63951E-3,-7.49684E-3,-4.11992E-3,-7.00693E-3,-6.83991E-3,-6.14937E-3,-5.27804E-3,-6.65475E-3,-6.17046E-3,-4.57538E-3,-6.59382E-3,-6.00882E-3,-5.28029E-3
1.43285E+3,-6.85087E-4,7.78056E-4,-1.87294E-4,1.39697E-6,-1.50356E-4,5.88034E-4,-7.03123E-4,4.97157E-4,5.92920E-4,2.45964E-4,-1.10584E-3,4.22156E-4,-4.01901E-4,2.82046E-4,-1.74133E-4,5.68148E-4,5.99797E-4,4.60513E-4,8.01653E-4,3.35999E-4,-4.40366E-4,-9.88798E-4,-8.92087E-4,-1.77262E-3,-1.81188E-3,-2.08827E-3,-2.30747E-3,-3.57843E-3,-4.66131E-3,-7.11317E-3,-8.16675E-3,-9.12820E-3,-9.83066E-3,-1.16246E-2,-1.33446E-2,-1.40720E-2,-1.64286E-2,-1.49909E-2,-1.37938E-2,-1.53455E-2,-1.49526E-2,-1.57139E-2,-1.47968E-2,-1.50994E-2,-1.48800E-2,-1.69228E-2,-1.58956E-2,-1.42279E-2,-1.46364E-2,-1.61298E-2,-1.49635E-2,-1.63103E-2,-1.50236E-2,-1.58793E-2,-1.50656E-2,-1.33374E-2,-1.44025E-2,-1.50583E-2,-1.44551E-2,-1.54939E-2,-1.53337E-2,-1.42667E-2,-1.38126E-2,-1.43454E-2,-1.45079E-2,-1.27438E-2,-1.28547E-2,-1.36987E-2,-1.22001E-2,-1.30131E-2,-1.18607E-2,-1.25814E-2,-1.00431E-2,-1.34779E-2,-1.42223E-2,-1.04787E-2,-1.49630E-2,-1.52364E-2,-1.52774E-2,-1.43056E-2,-1.39286E-2,-1.32411E-2,-1.42764E-2,-1.28479E-2,-1.38882E-2,-1.53881E-2,-1.12339E-2,-1.11418E-2,-1.07632E-2,-1.31186E-2,-1.03263E-2,-1.34982E-2,-1.27382E-2,-1.30575E-2,-1.04815E-2,-1.04156E-2,-9.16928E-3,-8.92395E-3,-9.91485E-3,-7.82772E-3,-1.14239E-2,-9.07087E-3,-1.12434E-2,-1.12434E-2,-9.27398E-3,-1.09533E-2,-1.02854E-2,-8.94587E-3,-9.41787E-3,-7.89471E-3,-1.26939E-2,-1.03875E-2,-1.06849E-2,-8.80926E-3,-9.59640E-3,-9.85338E-3,-1.03693E-2,-8.49812E-3,-1.16785E-2,-9.95102E-3,-9.96701E-3,-9.47273E-3,-7.37976E-3,-8.89251E-3,-9.01624E-3,-9.55055E-3,-9.47838E-3,-8.16242E-3,-8.23053E-3,-6.49339E-3,-8.54424E-3,-8.98540E-3,-8.40705E-3,-8.34812E-3,-7.79480E-3,-1.07132E-2,-8.19120E-3,-8.65089E-3,-7.56788E-3,-5.41492E-3,-7.18162E-3,-9.44349E-3,-9.05484E-3,-8.70336E-3,-7.84240E-3,-7.01381E-3,-6.00525E-3,-5.53258E-3,-8.44941E-3,-5.92815E-3,-7.25328E-3,-7.70193E-3,-7.96240E-3,-6.75051E-3,-8.36019E-3,-8.32876E-3,-5.00751E-3,-7.00282E-3,-6.22514E-3,-6.38182E-3,-4.71124E-3,-6.01735E-3,-4.32433E-3,-5.29741E-3,-7.65096E-3,-6.26720E-3,-5.17444E-3
1.43638E+3,-4.99220E-4,1.77736E-4,-6.06430E-6,7.36273E-4,-8.35573E-4,9.14737E-4,7.67801E-5,-5.41015E-5,-5.45193E-5,4.35950E-4,-1.08096E-4,9.38695E-4,1.55406E-4,-7.01839E-4,-1.17616E-3,1.18501E-3,1.72133E-5,6.48387E-4,8.57786E-4,5.81826E-4,-6.97429E-4,-6.51346E-4,-8.86223E-4,-1.01666E-3,-2.60079E-3,-1.12533E-3,-2.98365E-3,-4.86557E-3,-4.65441E-3,-6.86032E-3,-8.63039E-3,-9.96145E-3,-9.34753E-3,-1.21442E-2,-1.23508E-2,-1.47904E-2,-1.52918E-2,-1.35082E-2,-1.42378E-2,-1.52710E-2,-1.51632E-2,-1.48706E-2,-1.54121E-2,-1.48787E-2,-1.48259E-2,-1.68012E-2,-1.63438E-2,-1.39476E-2,-1.43771E-2,-1.69004E-2,-1.43415E-2,-1.68831E-2,-1.41931E-2,-1.52868E-2,-1.47132E-2,-1.28613E-2,-1.39575E-2,-1.51800E-2,-1.54322E-2,-1.44881E-2,-1.52940E-2,-1.39008E-2,-1.34542E-2,-1.39985E-2,-1.30842E-2,-1.37478E-2,-1.33075E-2,-1.16331E-2,-1.32860E-2,-1.31835E-2,-1.15378E-2,-1.34623E-2,-1.02659E-2,-1.40343E-2,-1.37823E-2,-1.05980E-2,-1.48282E-2,-1.38577E-2,-1.48384E-2,-1.35627E-2,-1.34051E-2,-1.32121E-2,-1.38988E-2,-1.16319E-2,-1.43466E-2,-1.46659E-2,-1.22955E-2,-1.22225E-2,-1.10598E-2,-1.32977E-2,-1.13121E-2,-1.25006E-2,-1.25558E-2,-1.28291E-2,-9.96909E-3,-1.03427E-2,-1.19995E-2,-1.06234E-2,-9.36573E-3,-9.48095E-3,-1.04164E-2,-1.17176E-2,-1.14018E-2,-9.25675E-3,-8.41894E-3,-1.09763E-2,-9.14084E-3,-9.35686E-3,-8.52513E-3,-1.07376E-2,-1.26824E-2,-1.07491E-2,-1.02741E-2,-9.66653E-3,-1.08240E-2,-9.87342E-3,-1.14013E-2,-9.55411E-3,-9.36000E-3,-1.15843E-2,-9.72482E-3,-1.11105E-2,-8.27197E-3,-9.94528E-3,-7.79846E-3,-8.99414E-3,-8.65171E-3,-9.33054E-3,-8.29831E-3,-7.32972E-3,-8.61177E-3,-9.63264E-3,-9.05176E-3,-7.41696E-3,-7.34618E-3,-9.41027E-3,-7.10103E-3,-7.67614E-3,-6.74616E-3,-5.14809E-3,-6.16510E-3,-9.30041E-3,-8.90784E-3,-7.91452E-3,-8.44966E-3,-7.54114E-3,-5.55863E-3,-5.23129E-3,-8.13812E-3,-5.64654E-3,-5.98622E-3,-7.24486E-3,-7.90415E-3,-4.99971E-3,-7.24702E-3,-5.85603E-3,-4.39648E-3,-5.60348E-3,-6.76412E-3,-7.88179E-3,-4.59880E-3,-5.93629E-3,-5.06128E-3,-4.65461E-3,-7.65666E-3,-6.70389E-3,-3.01049E-3
1.43990E+3,-3.87809E-4,8.21132E-4,-4.23726E-4,4.56489E-4,3.56210E-5,7.47702E-4,-2.95860E-5,-4.70102E-5,5.40649E-4,4.98657E-4,-2.59990E-4,-2.87693E-4,4.41791E-4,-1.14082E-3,-9.65409E-4,9.01533E-4,7.52436E-4,6.95464E-4,2.76380E-4,1.10124E-3,-7.98361E-4,-4.69760E-4,-1.52997E-3,-1.51809E-3,-2.36765E-3,-1.63718E-3,-2.13451E-3,-4.69470E-3,-5.08917E-3,-7.04468E-3,-8.16699E-3,-8.96410E-3,-9.61716E-3,-1.18072E-2,-1.27244E-2,-1.54238E-2,-1.59918E-2,-1.33652E-2,-1.35345E-2,-1.47923E-2,-1.57380E-2,-1.49342E-2,-1.51937E-2,-1.39072E-2,-1.48695E-2,-1.64444E-2,-1.64254E-2,-1.40907E-2,-1.42565E-2,-1.69650E-2,-1.41621E-2,-1.64113E-2,-1.49989E-2,-1.51246E-2,-1.42647E-2,-1.30870E-2,-1.38614E-2,-1.55102E-2,-1.42081E-2,-1.48427E-2,-1.51778E-2,-1.38394E-2,-1.39057E-2,-1.35110E-2,-1.37667E-2,-1.40164E-2,-1.32009E-2,-1.29428E-2,-1.28898E-2,-1.16997E-2,-1.02595E-2,-1.31425E-2,-1.08134E-2,-1.35393E-2,-1.23634E-2,-1.14360E-2,-1.50691E-2,-1.32578E-2,-1.52913E-2,-1.51092E-2,-1.23390E-2,-1.34435E-2,-1.37802E-2,-1.22270E-2,-1.52087E-2,-1.24692E-2,-1.05198E-2,-1.16800E-2,-1.01629E-2,-1.13782E-2,-1.07656E-2,-1.16198E-2,-1.41688E-2,-1.24388E-2,-1.09757E-2,-1.00444E-2,-8.19837E-3,-1.05394E-2,-1.01483E-2,-1.01608E-2,-1.06232E-2,-7.90200E-3,-1.02963E-2,-1.00886E-2,-9.87624E-3,-8.94313E-3,-8.40784E-3,-1.01944E-2,-8.89513E-3,-8.92852E-3,-1.14359E-2,-9.55554E-3,-9.65962E-3,-1.00870E-2,-1.07787E-2,-1.00573E-2,-9.96290E-3,-8.14496E-3,-1.18312E-2,-1.00521E-2,-7.58536E-3,-9.65922E-3,-6.47055E-3,-7.99361E-3,-9.10088E-3,-9.38328E-3,-9.24835E-3,-8.72898E-3,-6.67060E-3,-6.80109E-3,-8.46075E-3,-9.15659E-3,-8.14117E-3,-9.56375E-3,-8.52982E-3,-1.00861E-2,-7.57363E-3,-7.43353E-3,-5.60371E-3,-5.16644E-3,-6.54912E-3,-8.32574E-3,-8.56657E-3,-8.19872E-3,-7.43355E-3,-6.62670E-3,-4.05374E-3,-5.90713E-3,-7.72431E-3,-4.65105E-3,-6.57330E-3,-8.14095E-3,-7.42369E-3,-6.69224E-3,-6.86888E-3,-7.89563E-3,-4.86029E-3,-5.15913E-3,-8.30141E-3,-6.17212E-3,-6.78165E-3,-4.33318E-3,-6.05588E-3,-4.86868E-3,-6.97837E-3,-5.91435E-3,-4.53025E-3
1.44342E+3,-5.94275E-4,2.68478E-4,-2.21593E-4,-5.63175E-4,5.64221E-4,6.47034E-4,-1.82665E-4,4.46887E-4,-2.36747E-4,4.34439E-4,5.79413E-5,-1.08646E-5,1.52333E-4,-4.23116E-4,-3.38898E-4,9.42399E-4,5.89929E-4,1.50481E-3,7.67335E-4,7.76602E-4,-1.11578E-4,2.83083E-4,-1.40853E-3,-1.39919E-4,-1.92042E-3,-1.55980E-3,-2.48179E-3,-4.94800E-3,-6.26634E-3,-6.90621E-3,-8.42989E-3,-9.32294E-3,-9.75289E-3,-1.19661E-2,-1.28216E-2,-1.40423E-2,-1.54332E-2,-1.38776E-2,-1.33743E-2,-1.44564E-2,-1.52501E-2,-1.55706E-2,-1.44998E-2,-1.44860E-2,-1.48220E-2,-1.68569E-2,-1.59977E-2,-1.39634E-2,-1.45310E-2,-1.66000E-2,-1.43658E-2,-1.59761E-2,-1.40218E-2,-1.54033E-2,-1.46427E-2,-1.39977E-2,-1.34566E-2,-1.56390E-2,-1.38989E-2,-1.47514E-2,-1.55834E-2,-1.29827E-2,-1.39468E-2,-1.39520E-2,-1.37455E-2,-1.31132E-2,-1.38583E-2,-1.20852E-2,-1.18664E-2,-1.19055E-2,-1.15535E-2,-1.28020E-2,-9.77179E-3,-1.49624E-2,-1.30100E-2,-1.09315E-2,-1.47786E-2,-1.34534E-2,-1.57002E-2,-1.41451E-2,-1.36993E-2,-1.40902E-2,-1.42075E-2,-1.19697E-2,-1.45067E-2,-1.27277E-2,-1.21302E-2,-1.12813E-2,-1.00627E-2,-1.30407E-2,-1.12256E-2,-1.18019E-2,-1.11567E-2,-1.16744E-2,-1.03831E-2,-1.20116E-2,-8.38546E-3,-1.02944E-2,-1.12006E-2,-1.04975E-2,-1.22755E-2,-8.20014E-3,-1.16210E-2,-1.11036E-2,-7.99690E-3,-1.20762E-2,-9.19360E-3,-9.16140E-3,-9.30515E-3,-1.00671E-2,-1.33671E-2,-1.10432E-2,-1.02668E-2,-8.50927E-3,-1.04185E-2,-1.08920E-2,-9.41773E-3,-1.06672E-2,-9.87175E-3,-1.00599E-2,-1.00463E-2,-1.10596E-2,-6.19926E-3,-9.56433E-3,-9.39041E-3,-8.84920E-3,-8.33650E-3,-9.73634E-3,-8.95685E-3,-5.13127E-3,-7.88402E-3,-9.29107E-3,-9.29148E-3,-6.93019E-3,-8.53245E-3,-1.05028E-2,-6.46114E-3,-8.13740E-3,-6.84563E-3,-5.25838E-3,-7.41485E-3,-9.31248E-3,-8.15167E-3,-7.74079E-3,-7.76733E-3,-8.00334E-3,-5.70458E-3,-6.03151E-3,-7.49612E-3,-7.47563E-3,-7.36726E-3,-6.01711E-3,-8.04401E-3,-6.17957E-3,-8.16305E-3,-6.79978E-3,-5.36478E-3,-7.94411E-3,-6.13717E-3,-6.49842E-3,-4.39745E-3,-6.97461E-3,-7.14115E-3,-6.50020E-3,-4.73333E-3,-6.00969E-3,-6.69823E-3
1.44694E+3,-9.82229E-4,-1.38101E-4,3.67947E-4,-1.92079E-4,1.44223E-4,3.06220E-4,-1.07140E-4,9.90138E-4,7.97652E-4,8.33844E-4,-7.91688E-4,2.50897E-4,-2.40389E-4,-5.79692E-4,-6.59605E-4,1.51701E-3,1.30160E-3,1.87162E-3,5.43070E-4,6.48436E-4,4.06206E-4,8.01224E-4,-9.00670E-4,-6.92078E-4,-1.37131E-3,-7.33964E-4,-2.49597E-3,-4.53873E-3,-5.68462E-3,-7.32903E-3,-8.08163E-3,-9.52489E-3,-9.88480E-3,-1.21054E-2,-1.27529E-2,-1.39830E-2,-1.49426E-2,-1.35315E-2,-1.37456E-2,-1.46300E-2,-1.47650E-2,-1.49017E-2,-1.55447E-2,-1.48745E-2,-1.44246E-2,-1.63989E-2,-1.56114E-2,-1.38903E-2,-1.49842E-2,-1.66075E-2,-1.50081E-2,-1.67676E-2,-1.41989E-2,-1.48801E-2,-1.39573E-2,-1.25123E-2,-1.34730E-2,-1.59933E-2,-1.39705E-2,-1.54674E-2,-1.44732E-2,-1.40176E-2,-1.38755E-2,-1.25652E-2,-1.47462E-2,-1.28403E-2,-1.28197E-2,-1.34698E-2,-1.17310E-2,-1.18616E-2,-1.27276E-2,-1.35458E-2,-8.93561E-3,-1.46448E-2,-1.40246E-2,-1.01004E-2,-1.49031E-2,-1.45604E-2,-1.46541E-2,-1.60103E-2,-1.39067E-2,-1.34944E-2,-1.51697E-2,-1.17992E-2,-1.48850E-2,-1.28534E-2,-1.28843E-2,-9.74003E-3,-1.12745E-2,-1.25258E-2,-9.63494E-3,-1.32845E-2,-1.52161E-2,-1.27663E-2,-1.18406E-2,-9.87415E-3,-8.52681E-3,-8.81609E-3,-8.89807E-3,-1.00776E-2,-1.27125E-2,-6.88972E-3,-1.14809E-2,-9.92732E-3,-9.68387E-3,-9.43269E-3,-9.40939E-3,-1.13981E-2,-8.38273E-3,-1.02298E-2,-1.36117E-2,-8.93178E-3,-9.71780E-3,-9.31249E-3,-1.05240E-2,-1.07810E-2,-1.02177E-2,-8.38578E-3,-9.29413E-3,-1.26118E-2,-8.63953E-3,-9.69745E-3,-5.82678E-3,-9.01127E-3,-8.86905E-3,-8.73681E-3,-7.72501E-3,-8.05787E-3,-8.53666E-3,-6.80868E-3,-7.56683E-3,-9.35483E-3,-8.03044E-3,-9.30929E-3,-8.25377E-3,-9.26446E-3,-6.09686E-3,-7.78946E-3,-6.52418E-3,-3.12988E-3,-5.83991E-3,-7.35679E-3,-1.14269E-2,-7.75690E-3,-8.91248E-3,-8.09978E-3,-4.51410E-3,-6.84229E-3,-6.95312E-3,-6.06636E-3,-5.95216E-3,-6.09823E-3,-7.86090E-3,-4.87077E-3,-7.00304E-3,-7.06672E-3,-5.08763E-3,-4.19403E-3,-7.27319E-3,-4.33327E-3,-4.89855E-3,-6.13114E-3,-3.49979E-3,-5.43540E-3,-7.81764E-3,-3.14633E-3,-4.34999E-3
1.45047E+3,-4.89935E-4,-3.13668E-4,1.48938E-4,1.09901E-5,1.67008E-4,5.43344E-4,-5.47716E-4,-3.79765E-5,8.37954E-4,7.17940E-4,-3.29331E-4,-9.24567E-4,4.23926E-4,-2.50568E-4,4.36600E-5,8.51392E-4,5.06356E-4,1.79312E-3,1.10297E-3,3.02555E-4,-6.54286E-5,-2.99720E-4,-4.25606E-4,2.01667E-4,-1.67756E-3,-8.70143E-4,-2.21326E-3,-4.73908E-3,-5.30475E-3,-7.07948E-3,-8.26378E-3,-9.85886E-3,-9.46310E-3,-1.27009E-2,-1.41238E-2,-1.46058E-2,-1.55188E-2,-1.30949E-2,-1.40639E-2,-1.46795E-2,-1.66947E-2,-1.58596E-2,-1.43465E-2,-1.45735E-2,-1.41571E-2,-1.74649E-2,-1.56934E-2,-1.34237E-2,-1.54661E-2,-1.70766E-2,-1.38894E-2,-1.59393E-2,-1.50097E-2,-1.56853E-2,-1.44023E-2,-1.36972E-2,-1.37355E-2,-1.60929E-2,-1.44005E-2,-1.47868E-2,-1.52784E-2,-1.46329E-2,-1.39464E-2,-1.40607E-2,-1.42784E-2,-1.33005E-2,-1.29846E-2,-1.27449E-2,-1.30915E-2,-1.16947E-2,-1.25967E-2,-1.27443E-2,-1.16462E-2,-1.35132E-2,-1.31762E-2,-1.14767E-2,-1.54107E-2,-1.46551E-2,-1.51343E-2,-1.37987E-2,-1.41766E-2,-1.31717E-2,-1.35636E-2,-1.32855E-2,-1.46629E-2,-1.36803E-2,-1.20273E-2,-1.16607E-2,-1.09004E-2,-1.16495E-2,-1.03260E-2,-1.23166E-2,-1.33402E-2,-1.23217E-2,-1.06479E-2,-1.27800E-2,-1.03867E-2,-7.83103E-3,-9.77061E-3,-9.10412E-3,-1.16187E-2,-9.97776E-3,-9.69977E-3,-1.01096E-2,-7.34628E-3,-1.05268E-2,-1.07362E-2,-7.57000E-3,-7.17675E-3,-8.87484E-3,-1.27896E-2,-9.91633E-3,-8.89289E-3,-1.02616E-2,-8.97803E-3,-9.09883E-3,-1.04722E-2,-8.71627E-3,-1.03930E-2,-1.29783E-2,-9.33283E-3,-9.86712E-3,-5.04776E-3,-8.39312E-3,-9.08607E-3,-1.05589E-2,-8.96505E-3,-8.86810E-3,-8.59613E-3,-6.00919E-3,-7.85097E-3,-9.31297E-3,-9.39756E-3,-7.54339E-3,-6.81844E-3,-1.08292E-2,-7.24708E-3,-7.93184E-3,-7.08482E-3,-4.97757E-3,-6.21556E-3,-9.07143E-3,-9.11947E-3,-6.62206E-3,-6.90366E-3,-7.86529E-3,-6.41419E-3,-5.15220E-3,-7.94582E-3,-6.10558E-3,-6.57755E-3,-7.42020E-3,-6.76864E-3,-5.98036E-3,-8.31925E-3,-5.41839E-3,-4.41481E-3,-5.53015E-3,-6.47649E-3,-7.83921E-3,-5.74022E-3,-6.40759E-3,-2.91276E-3,-6.50383E-3,-5.58320E-3,-7.92107E-3,-5.29854E-3
1.45399E+3,-2.19496E-4,2.74850E-4,-2.10786E-4,-1.76307E-4,-1.85947E-4,3.81309E-4,-3.62956E-4,7.64723E-4,3.08346E-4,3.50224E-4,-4.04758E-4,4.13018E-4,-4.40394E-4,-2.68735E-4,-2.23090E-4,9.30074E-4,-3.44131E-4,1.71086E-3,-1.49370E-4,9.84844E-4,-6.53244E-4,-8.10593E-6,-4.11887E-4,-7.74319E-4,-2.11588E-3,-8.00268E-4,-2.93458E-3,-5.24693E-3,-5.99521E-3,-7.64308E-3,-8.58635E-3,-1.03667E-2,-9.91291E-3,-1.25592E-2,-1.28816E-2,-1.38206E-2,-1.53314E-2,-1.36600E-2,-1.42157E-2,-1.46851E-2,-1.59156E-2,-1.56017E-2,-1.49852E-2,-1.47199E-2,-1.44483E-2,-1.70905E-2,-1.71746E-2,-1.32274E-2,-1.48702E-2,-1.69551E-2,-1.49963E-2,-1.64236E-2,-1.44412E-2,-1.53134E-2,-1.52638E-2,-1.43506E-2,-1.44668E-2,-1.48969E-2,-1.35202E-2,-1.47639E-2,-1.46012E-2,-1.43547E-2,-1.36344E-2,-1.34552E-2,-1.28524E-2,-1.28670E-2,-1.35291E-2,-1.24401E-2,-1.32707E-2,-1.21371E-2,-1.16173E-2,-1.37605E-2,-1.08887E-2,-1.33934E-2,-1.42586E-2,-1.15690E-2,-1.48043E-2,-1.41698E-2,-1.54619E-2,-1.46107E-2,-1.33548E-2,-1.34529E-2,-1.34336E-2,-1.11030E-2,-1.40383E-2,-1.50115E-2,-1.25048E-2,-1.05594E-2,-1.06690E-2,-1.02129E-2,-1.00581E-2,-1.03758E-2,-1.17393E-2,-1.16234E-2,-1.03842E-2,-1.07059E-2,-1.00679E-2,-8.96382E-3,-8.70493E-3,-6.07496E-3,-9.38480E-3,-9.28656E-3,-1.19042E-2,-9.27707E-3,-6.57464E-3,-1.02648E-2,-6.70871E-3,-1.01958E-2,-7.88343E-3,-9.55156E-3,-1.35056E-2,-1.00650E-2,-9.65736E-3,-1.02141E-2,-1.02609E-2,-1.08098E-2,-9.37960E-3,-7.86266E-3,-8.13804E-3,-9.68844E-3,-8.77879E-3,-8.72924E-3,-6.22323E-3,-8.97756E-3,-7.67039E-3,-9.30238E-3,-9.67939E-3,-9.55101E-3,-8.08104E-3,-7.04851E-3,-7.42017E-3,-8.17613E-3,-9.29694E-3,-7.62396E-3,-7.33015E-3,-9.45136E-3,-5.52938E-3,-6.92834E-3,-7.13491E-3,-4.99895E-3,-5.86413E-3,-7.78951E-3,-8.95296E-3,-7.09011E-3,-8.06838E-3,-6.27609E-3,-6.12137E-3,-5.59888E-3,-7.22983E-3,-5.10992E-3,-6.57338E-3,-8.58717E-3,-7.36054E-3,-6.67333E-3,-7.11514E-3,-7.24168E-3,-4.63376E-3,-6.62021E-3,-5.67867E-3,-5.60099E-3,-6.05456E-3,-4.73653E-3,-3.69173E-3,-4.94544E-3,-6.35170E-3,-5.03726E-3,-7.70603E-3
1.45752E+3,-2.44121E-4,4.98643E-4,-2.01843E-4,3.80737E-4,-3.38185E-4,4.18253E-4,3.61555E-4,4.96329E-4,2.83302E-4,-1.11847E-5,-1.74114E-4,4.92774E-4,-4.03691E-4,-8.96401E-4,-6.62054E-4,3.43284E-5,3.52003E-4,4.56833E-4,1.00850E-3,2.48402E-3,1.66073E-4,-2.72843E-5,-1.42117E-3,3.44798E-4,-1.62656E-3,-1.47878E-3,-3.13642E-3,-5.00633E-3,-6.53465E-3,-8.29066E-3,-9.53928E-3,-1.07850E-2,-1.10034E-2,-1.22430E-2,-1.24908E-2,-1.48238E-2,-1.56519E-2,-1.36880E-2,-1.50147E-2,-1.54272E-2,-1.55851E-2,-1.49700E-2,-1.51080E-2,-1.42108E-2,-1.50461E-2,-1.72134E-2,-1.61349E-2,-1.33889E-2,-1.49196E-2,-1.69143E-2,-1.50664E-2,-1.66888E-2,-1.49646E-2,-1.68254E-2,-1.49741E-2,-1.33341E-2,-1.40201E-2,-1.50865E-2,-1.49493E-2,-1.54849E-2,-1.55507E-2,-1.44455E-2,-1.28803E-2,-1.28348E-2,-1.50070E-2,-1.23194E-2,-1.33659E-2,-1.36631E-2,-1.27236E-2,-1.26082E-2,-1.13156E-2,-1.36653E-2,-1.02560E-2,-1.50886E-2,-1.36380E-2,-1.00516E-2,-1.49690E-2,-1.35638E-2,-1.53743E-2,-1.48895E-2,-1.33742E-2,-1.29909E-2,-1.56214E-2,-1.21360E-2,-1.41898E-2,-1.13759E-2,-1.24170E-2,-1.01766E-2,-1.03660E-2,-1.31064E-2,-1.02933E-2,-1.24552E-2,-1.36658E-2,-1.14601E-2,-1.04908E-2,-1.17854E-2,-9.68811E-3,-1.02041E-2,-1.02623E-2,-8.52620E-3,-1.12569E-2,-7.05045E-3,-1.04309E-2,-8.04233E-3,-7.63080E-3,-8.68444E-3,-8.91175E-3,-9.59415E-3,-9.52884E-3,-1.17212E-2,-1.31624E-2,-9.82573E-3,-9.09792E-3,-9.43356E-3,-1.06332E-2,-9.93457E-3,-1.09482E-2,-8.64498E-3,-1.12670E-2,-1.14835E-2,-8.78486E-3,-1.07192E-2,-3.88210E-3,-8.15414E-3,-8.66641E-3,-9.44993E-3,-8.82124E-3,-8.85762E-3,-7.86296E-3,-6.26814E-3,-8.14312E-3,-8.70453E-3,-8.54270E-3,-8.56994E-3,-8.62884E-3,-8.93599E-3,-6.35134E-3,-8.63828E-3,-7.06633E-3,-6.13196E-3,-5.57285E-3,-9.09057E-3,-9.45734E-3,-9.05527E-3,-7.89929E-3,-6.98975E-3,-7.03738E-3,-6.34089E-3,-7.49323E-3,-6.65803E-3,-8.35666E-3,-8.75630E-3,-7.94660E-3,-5.83366E-3,-8.49580E-3,-7.44000E-3,-1.99652E-3,-6.16577E-3,-7.46012E-3,-6.12296E-3,-6.48265E-3,-6.96243E-3,-5.13880E-3,-6.71856E-3,-6.53566E-3,-6.06816E-3,-7.68124E-3
1.46105E+3,3.42232E-4,7.95001E-4,4.42486E-4,2.62867E-4,-4.28536E-4,-5.49053E-5,-4.71741E-4,3.25608E-4,8.28628E-4,4.63799E-4,1.11987E-4,-4.00979E-4,-1.19138E-4,-1.20315E-3,-8.94160E-4,6.53266E-4,-7.90496E-4,2.56405E-4,8.88980E-4,8.80336E-4,-5.63328E-5,-5.35982E-4,-3.82754E-4,-2.56315E-4,-1.46823E-3,-1.11097E-3,-3.97504E-3,-5.75019E-3,-5.54434E-3,-8.45653E-3,-9.30837E-3,-1.08793E-2,-1.00454E-2,-1.29867E-2,-1.36117E-2,-1.55727E-2,-1.60970E-2,-1.34942E-2,-1.57869E-2,-1.45052E-2,-1.57343E-2,-1.54723E-2,-1.53824E-2,-1.50051E-2,-1.52526E-2,-1.72676E-2,-1.59736E-2,-1.38912E-2,-1.46198E-2,-1.69105E-2,-1.50396E-2,-1.61570E-2,-1.52109E-2,-1.61701E-2,-1.57042E-2,-1.41623E-2,-1.50711E-2,-1.58507E-2,-1.52302E-2,-1.51699E-2,-1.55942E-2,-1.37047E-2,-1.51584E-2,-1.24838E-2,-1.19450E-2,-1.35212E-2,-1.33170E-2,-1.19158E-2,-1.20896E-2,-1.12513E-2,-1.17720E-2,-1.25636E-2,-9.98925E-3,-1.37048E-2,-1.43231E-2,-1.21297E-2,-1.64697E-2,-1.35957E-2,-1.61168E-2,-1.45611E-2,-1.42239E-2,-1.40963E-2,-1.24168E-2,-1.20486E-2,-1.59409E-2,-1.08103E-2,-1.21236E-2,-9.00161E-3,-1.02897E-2,-1.26339E-2,-1.09162E-2,-1.06356E-2,-1.31936E-2,-1.21754E-2,-1.06885E-2,-1.05387E-2,-8.99323E-3,-9.72408E-3,-9.16842E-3,-8.66465E-3,-9.54106E-3,-8.67167E-3,-1.20262E-2,-9.08137E-3,-4.97323E-3,-9.99970E-3,-6.41108E-3,-8.10601E-3,-8.57720E-3,-1.06274E-2,-1.28199E-2,-8.82421E-3,-8.89643E-3,-9.67533E-3,-9.07820E-3,-9.01453E-3,-1.01803E-2,-9.59459E-3,-1.11940E-2,-8.67507E-3,-8.56851E-3,-9.38840E-3,-8.07184E-3,-8.41623E-3,-8.64133E-3,-9.27502E-3,-9.77412E-3,-8.03927E-3,-6.76106E-3,-5.86789E-3,-7.20879E-3,-8.58025E-3,-9.07589E-3,-8.93318E-3,-8.18121E-3,-1.02837E-2,-7.23109E-3,-7.29929E-3,-6.64100E-3,-4.89995E-3,-5.65271E-3,-9.45099E-3,-9.26861E-3,-7.48865E-3,-6.32444E-3,-8.33596E-3,-5.31884E-3,-4.45105E-3,-8.76032E-3,-3.89475E-3,-5.23343E-3,-7.62723E-3,-7.47854E-3,-5.40540E-3,-7.69014E-3,-8.68828E-3,-2.75054E-3,-6.84574E-3,-5.77521E-3,-5.56842E-3,-3.49554E-3,-3.75104E-3,-6.79350E-3,-5.11474E-3,-4.99487E-3,-5.73649E-3,-6.80067E-3
1.46457E+3,-5.59357E-4,8.74791E-5,6.71599E-4,-1.08665E-4,-5.97370E-5,3.33438E-4,-3.11790E-5,-1.82094E-4,-1.26968E-4,1.47612E-3,-1.31236E-4,4.99201E-4,1.90704E-4,-1.46024E-3,-5.99062E-4,-1.30667E-4,-1.74319E-5,2.41289E-3,5.26270E-4,8.64980E-4,4.15427E-4,1.03164E-3,-1.36235E-4,7.23706E-4,-1.43174E-3,-1.06164E-3,-3.86542E-3,-4.34176E-3,-6.81319E-3,-7.63587E-3,-9.97163E-3,-1.12580E-2,-1.07490E-2,-1.27166E-2,-1.31361E-2,-1.53374E-2,-1.60666E-2,-1.41844E-2,-1.36174E-2,-1.52015E-2,-1.54839E-2,-1.54094E-2,-1.45967E-2,-1.54490E-2,-1.50215E-2,-1.71310E-2,-1.57597E-2,-1.36970E-2,-1.54796E-2,-1.70727E-2,-1.57966E-2,-1.66150E-2,-1.53894E-2,-1.50422E-2,-1.41008E-2,-1.32463E-2,-1.37849E-2,-1.57253E-2,-1.52145E-2,-1.50501E-2,-1.60798E-2,-1.42661E-2,-1.36397E-2,-1.34179E-2,-1.31526E-2,-1.30768E-2,-1.31992E-2,-1.27723E-2,-1.30909E-2,-1.07531E-2,-1.22326E-2,-1.37563E-2,-9.45385E-3,-1.57245E-2,-1.33852E-2,-1.07980E-2,-1.52007E-2,-1.28080E-2,-1.51850E-2,-1.43843E-2,-1.47380E-2,-1.30622E-2,-1.41443E-2,-1.10171E-2,-1.44981E-2,-1.09927E-2,-1.18456E-2,-8.33527E-3,-7.74848E-3,-1.19004E-2,-9.17360E-3,-1.17346E-2,-1.38145E-2,-1.11016E-2,-9.15643E-3,-1.05003E-2,-9.02949E-3,-1.12525E-2,-8.56613E-3,-8.08830E-3,-9.84270E-3,-9.59370E-3,-1.20642E-2,-9.48317E-3,-6.38530E-3,-9.80983E-3,-4.60508E-3,-1.18999E-2,-9.79085E-3,-8.67277E-3,-1.10320E-2,-9.12523E-3,-8.79004E-3,-9.85214E-3,-7.14266E-3,-1.07804E-2,-1.05227E-2,-9.10215E-3,-1.11324E-2,-1.19843E-2,-8.66726E-3,-8.28612E-3,-5.74441E-3,-7.55855E-3,-7.38878E-3,-9.34949E-3,-9.58641E-3,-9.25956E-3,-8.47989E-3,-5.07123E-3,-7.73973E-3,-7.73599E-3,-8.79912E-3,-8.55007E-3,-8.26087E-3,-8.87493E-3,-6.49833E-3,-7.72162E-3,-7.42368E-3,-4.58731E-3,-8.18196E-3,-8.56764E-3,-7.96385E-3,-9.18146E-3,-8.44784E-3,-6.53401E-3,-6.07322E-3,-4.85107E-3,-5.49195E-3,-4.83244E-3,-7.23432E-3,-6.28799E-3,-7.53042E-3,-5.51306E-3,-6.79118E-3,-4.71536E-3,-2.38986E-3,-5.68089E-3,-4.78335E-3,-6.99346E-3,-5.98900E-3,-5.61874E-3,-4.63148E-3,-5.07483E-4,-7.65352E-3,-4.19892E-3,-4.29244E-3
1.46810E+3,-9.32268E-4,1.16150E-3,-5.24848E-5,-3.90276E-4,6.42048E-4,4.59729E-4,-5.52670E-4,5.09171E-4,-4.23911E-4,-3.10794E-4,-9.78012E-4,8.61020E-4,6.58448E-4,-6.78716E-4,2.72128E-5,1.19829E-3,-6.69484E-5,1.35322E-3,1.20891E-3,1.09813E-3,5.28059E-4,-7.62986E-5,-6.27434E-4,-6.01034E-4,-2.32052E-3,-2.51723E-3,-2.74811E-3,-5.47698E-3,-7.88663E-3,-9.32109E-3,-1.00314E-2,-1.05565E-2,-1.06034E-2,-1.33785E-2,-1.43247E-2,-1.38026E-2,-1.55561E-2,-1.40809E-2,-1.58040E-2,-1.52118E-2,-1.51651E-2,-1.48669E-2,-1.46978E-2,-1.58227E-2,-1.54173E-2,-1.64353E-2,-1.64440E-2,-1.30939E-2,-1.46545E-2,-1.70152E-2,-1.44116E-2,-1.64668E-2,-1.51261E-2,-1.56227E-2,-1.52418E-2,-1.28521E-2,-1.41858E-2,-1.57379E-2,-1.43608E-2,-1.60886E-2,-1.49876E-2,-1.37603E-2,-1.44920E-2,-1.29451E-2,-1.46542E-2,-1.38134E-2,-1.38665E-2,-1.19635E-2,-1.22514E-2,-1.20685E-2,-9.41076E-3,-1.28348E-2,-9.77644E-3,-1.38945E-2,-1.35935E-2,-9.78481E-3,-1.59208E-2,-1.48474E-2,-1.50522E-2,-1.30523E-2,-1.23416E-2,-1.36171E-2,-1.07102E-2,-1.13634E-2,-1.70148E-2,-1.07901E-2,-1.32293E-2,-1.03094E-2,-9.50456E-3,-1.26171E-2,-1.02223E-2,-9.42495E-3,-1.49338E-2,-1.15243E-2,-8.75311E-3,-1.03998E-2,-6.42456E-3,-1.15905E-2,-9.95268E-3,-6.20584E-3,-1.16748E-2,-7.64447E-3,-1.05225E-2,-1.02887E-2,-6.18465E-3,-1.06379E-2,-6.64325E-3,-9.41252E-3,-7.74598E-3,-1.24070E-2,-1.43314E-2,-1.10693E-2,-8.87938E-3,-1.00928E-2,-8.02880E-3,-1.03785E-2,-1.02949E-2,-7.83015E-3,-1.10036E-2,-1.04953E-2,-7.45533E-3,-9.14653E-3,-3.93601E-3,-9.90589E-3,-8.16036E-3,-8.84108E-3,-7.78322E-3,-6.77199E-3,-7.55129E-3,-6.33364E-3,-8.94472E-3,-7.22736E-3,-8.34105E-3,-9.45233E-3,-8.73096E-3,-9.16132E-3,-5.00995E-3,-7.51939E-3,-6.32464E-3,-5.98018E-3,-5.67737E-3,-7.83878E-3,-6.98333E-3,-6.94552E-3,-8.44447E-3,-6.30520E-3,-5.27081E-3,-5.40454E-3,-8.31993E-3,-4.87623E-3,-4.97487E-3,-5.87339E-3,-5.90901E-3,-4.84865E-3,-7.60507E-3,-5.00937E-3,-3.05514E-3,-4.34180E-3,-5.41198E-3,-6.36465E-3,-1.55913E-3,-5.39107E-3,-6.67910E-3,-3.40036E-3,-6.47457E-3,-6.32833E-3,-4.01207E-3
1.47163E+3,-8.62362E-4,-7.13418E-5,-6.82434E-4,-3.43810E-5,-3.13062E-4,2.52837E-4,2.14690E-4,8.47134E-4,6.21709E-4,4.62281E-4,6.29209E-4,3.91854E-4,-1.92300E-4,-1.15810E-3,-1.05735E-4,1.35023E-3,-3.04863E-4,1.68927E-3,1.60682E-3,2.37313E-4,3.90806E-4,1.86186E-4,4.69541E-4,-1.13101E-3,-2.74879E-3,-1.27285E-3,-3.49363E-3,-6.03938E-3,-7.80126E-3,-9.37086E-3,-1.09263E-2,-1.20434E-2,-1.03854E-2,-1.36353E-2,-1.30240E-2,-1.54608E-2,-1.68231E-2,-1.51664E-2,-1.49145E-2,-1.45170E-2,-1.58262E-2,-1.54016E-2,-1.44687E-2,-1.39127E-2,-1.53141E-2,-1.75170E-2,-1.63465E-2,-1.37956E-2,-1.55457E-2,-1.70168E-2,-1.54877E-2,-1.74192E-2,-1.51921E-2,-1.62585E-2,-1.53561E-2,-1.32888E-2,-1.39727E-2,-1.63316E-2,-1.63087E-2,-1.55904E-2,-1.48769E-2,-1.33244E-2,-1.32635E-2,-1.35978E-2,-1.48126E-2,-1.45273E-2,-1.39962E-2,-1.04568E-2,-1.18031E-2,-1.18882E-2,-1.27398E-2,-1.28932E-2,-1.22002E-2,-1.60750E-2,-1.36004E-2,-1.04904E-2,-1.55416E-2,-1.60204E-2,-1.62310E-2,-1.43084E-2,-1.43558E-2,-1.20268E-2,-1.17314E-2,-1.30567E-2,-1.52170E-2,-1.23737E-2,-1.15295E-2,-9.19765E-3,-8.68843E-3,-1.10997E-2,-1.13239E-2,-1.28005E-2,-1.34280E-2,-1.27143E-2,-9.57854E-3,-1.13899E-2,-7.27696E-3,-1.13474E-2,-1.10622E-2,-7.83954E-3,-8.51141E-3,-7.43802E-3,-1.12305E-2,-1.08203E-2,-6.40997E-3,-1.04886E-2,-4.43880E-3,-1.18238E-2,-1.13651E-2,-8.18158E-3,-1.30441E-2,-8.35100E-3,-1.01266E-2,-7.82561E-3,-9.97034E-3,-1.19972E-2,-9.20726E-3,-9.09855E-3,-9.03663E-3,-7.63737E-3,-7.06659E-3,-8.02697E-3,-9.73657E-3,-7.85849E-3,-7.58739E-3,-9.37883E-3,-7.83229E-3,-8.69313E-3,-7.19590E-3,-7.14513E-3,-6.87850E-3,-9.99293E-3,-7.86513E-3,-9.99234E-3,-9.51174E-3,-1.00665E-2,-5.11915E-3,-8.48615E-3,-6.80363E-3,-5.18402E-3,-7.45784E-3,-9.75911E-3,-6.94464E-3,-7.23879E-3,-6.56269E-3,-7.03248E-3,-6.38092E-3,-5.69738E-3,-7.34504E-3,-5.99126E-3,-7.02778E-3,-5.39903E-3,-5.20796E-3,-6.23226E-3,-5.80127E-3,-2.95773E-3,-1.99420E-3,-6.72840E-3,-5.58859E-3,-6.70966E-3,-3.33247E-3,-4.60237E-3,-3.70785E-3,-5.55820E-3,-6.56889E-3,-3.95073E-3,-1.61183E-3
1.47516E+3,-7.84496E-4,-1.60854E-4,2.00576E-4,-3.45711E-4,-1.18018E-3,5.34328E-4,7.28114E-4,4.32591E-4,7.29441E-4,1.07780E-3,-9.95777E-4,-1.12393E-4,6.78312E-5,-6.78367E-4,4.87094E-4,1.91016E-3,1.15829E-3,4.42176E-4,1.74005E-3,1.13128E-3,4.93824E-4,2.72159E-5,3.92838E-4,-9.77275E-4,-3.28279E-3,-1.80259E-3,-3.80794E-3,-6.96556E-3,-7.39872E-3,-8.87685E-3,-9.90802E-3,-9.88832E-3,-1.00973E-2,-1.34129E-2,-1.37819E-2,-1.39748E-2,-1.55485E-2,-1.40024E-2,-1.32513E-2,-1.53700E-2,-1.56621E-2,-1.62526E-2,-1.56005E-2,-1.41490E-2,-1.56571E-2,-1.73501E-2,-1.50724E-2,-1.30294E-2,-1.41201E-2,-1.65087E-2,-1.34683E-2,-1.75714E-2,-1.49733E-2,-1.51461E-2,-1.50845E-2,-1.33950E-2,-1.33765E-2,-1.49744E-2,-1.50147E-2,-1.61188E-2,-1.56926E-2,-1.35991E-2,-1.30543E-2,-1.58999E-2,-1.48130E-2,-1.26750E-2,-1.36341E-2,-1.21772E-2,-1.32049E-2,-1.16470E-2,-1.08832E-2,-1.16809E-2,-9.40100E-3,-1.39057E-2,-1.25949E-2,-1.05904E-2,-1.41685E-2,-1.30499E-2,-1.52682E-2,-1.43371E-2,-1.30003E-2,-1.40462E-2,-1.17572E-2,-9.17555E-3,-1.34161E-2,-1.19271E-2,-9.85194E-3,-1.04501E-2,-8.52931E-3,-1.28554E-2,-1.18350E-2,-1.17665E-2,-1.18379E-2,-1.13346E-2,-1.03628E-2,-9.87150E-3,-8.36689E-3,-5.55076E-3,-9.18627E-3,-5.83513E-3,-9.34408E-3,-8.01134E-3,-9.20497E-3,-8.97542E-3,-6.56624E-3,-7.90301E-3,-2.40360E-3,-7.74529E-3,-6.23023E-3,-5.99403E-3,-1.16650E-2,-1.11211E-2,-9.07064E-3,-7.97614E-3,-6.12645E-3,-7.71163E-3,-1.04625E-2,-8.10944E-3,-9.85192E-3,-9.52094E-3,-8.31224E-3,-6.79385E-3,-9.51449E-3,-8.04172E-3,-7.43790E-3,-8.93336E-3,-8.49183E-3,-6.73051E-3,-9.42555E-3,-6.01069E-3,-8.17520E-3,-7.97419E-3,-7.78853E-3,-6.62585E-3,-5.94477E-3,-7.35964E-3,-5.86852E-3,-6.14771E-3,-6.32372E-3,-4.68361E-3,-5.46539E-3,-1.03915E-2,-9.37889E-3,-6.69330E-3,-8.15829E-3,-7.09455E-3,-3.74710E-3,-4.75302E-3,-8.17371E-3,-4.48149E-3,-5.98899E-3,-4.83868E-3,-7.26021E-3,-3.71325E-3,-6.23131E-3,-8.39575E-3,-4.90087E-4,-4.67221E-3,-5.49330E-3,-4.88811E-3,-1.90307E-3,-3.18339E-3,-1.57103E-3,-1.37738E-3,-5.85238E-3,-3.79689E-3,-4.71690E-3
1.47869E+3,1.35288E-4,3.25591E-4,-9.03714E-4,2.91455E-5,-1.48360E-3,4.15373E-4,-6.31066E-4,1.19115E-5,2.69806E-4,1.39197E-3,-1.17583E-4,1.17378E-3,4.54926E-4,-5.80194E-4,-4.91631E-4,1.54680E-3,2.26065E-4,1.83962E-3,5.79230E-5,5.18157E-4,-3.78742E-4,-1.60001E-4,-3.05796E-4,-4.02837E-5,-2.96795E-3,-3.83413E-3,-5.00589E-3,-6.56018E-3,-7.03117E-3,-1.00393E-2,-1.19392E-2,-1.06907E-2,-1.10766E-2,-1.34174E-2,-1.40257E-2,-1.55023E-2,-1.62728E-2,-1.44528E-2,-1.47056E-2,-1.57899E-2,-1.52171E-2,-1.58917E-2,-1.61223E-2,-1.49716E-2,-1.48920E-2,-1.75849E-2,-1.74331E-2,-1.37515E-2,-1.51684E-2,-1.73670E-2,-1.50367E-2,-1.70943E-2,-1.51485E-2,-1.65606E-2,-1.58668E-2,-1.53965E-2,-1.57789E-2,-1.54676E-2,-1.40639E-2,-1.58111E-2,-1.56327E-2,-1.46306E-2,-1.41705E-2,-1.24163E-2,-1.34536E-2,-1.20690E-2,-1.43145E-2,-1.15162E-2,-1.19508E-2,-1.05734E-2,-1.03850E-2,-1.36961E-2,-1.01592E-2,-1.34813E-2,-1.28178E-2,-9.90077E-3,-1.62887E-2,-1.33411E-2,-1.49535E-2,-1.29605E-2,-1.29261E-2,-1.25516E-2,-1.30919E-2,-1.06488E-2,-1.50416E-2,-1.10868E-2,-1.08656E-2,-1.22097E-2,-1.26854E-2,-1.33976E-2,-1.02614E-2,-1.11782E-2,-1.40260E-2,-1.18825E-2,-9.22073E-3,-9.82399E-3,-1.16355E-2,-1.18482E-2,-7.56895E-3,-6.89731E-3,-7.02414E-3,-9.79248E-3,-1.08406E-2,-9.06063E-3,-4.18244E-3,-9.32373E-3,-1.03561E-2,-7.17484E-3,-6.33876E-3,-8.53501E-3,-1.10892E-2,-8.18386E-3,-8.41039E-3,-8.08273E-3,-6.63524E-3,-8.07656E-3,-8.92903E-3,-8.37799E-3,-9.62755E-3,-8.10875E-3,-6.95869E-3,-7.48801E-3,-2.84475E-3,-9.57498E-3,-6.66643E-3,-7.28529E-3,-7.84676E-3,-7.75734E-3,-8.24514E-3,-7.19903E-3,-8.31721E-3,-9.78272E-3,-8.45020E-3,-8.71241E-3,-8.58546E-3,-1.02507E-2,-5.71069E-3,-8.48409E-3,-5.75343E-3,-4.74382E-3,-7.10008E-3,-8.92315E-3,-7.77680E-3,-7.88950E-3,-8.65654E-3,-5.74029E-3,-3.08096E-3,-4.83622E-3,-8.23670E-3,-5.97384E-3,-6.73579E-3,-4.60247E-3,-6.67590E-3,-3.09875E-3,-6.09836E-3,-6.57444E-3,-9.24985E-4,-4.92938E-3,-3.98525E-3,-4.14710E-3,-5.17196E-3,-4.74678E-3,-4.14671E-3,-2.63370E-3,-7.19011E-3,-3.89880E-3,-1.18197E-3
1.48222E+3,2.84462E-4,2.87954E-4,4.34572E-4,-9.39649E-4,2.99567E-4,-2.74776E-4,-4.89785E-4,3.02243E-4,9.60098E-4,7.21323E-4,-1.17235E-3,4.18513E-4,5.68970E-4,-1.10752E-3,-2.93622E-4,1.58354E-3,9.08469E-4,1.72256E-3,2.01755E-3,1.99385E-3,5.78676E-5,3.44614E-5,-6.57277E-4,-1.07984E-3,-3.75943E-3,-3.25802E-3,-5.38866E-3,-8.40938E-3,-7.58092E-3,-1.00814E-2,-1.13642E-2,-9.83062E-3,-1.09567E-2,-1.37214E-2,-1.26719E-2,-1.54044E-2,-1.62718E-2,-1.28190E-2,-1.44055E-2,-1.64293E-2,-1.43161E-2,-1.47279E-2,-1.47316E-2,-1.42269E-2,-1.51165E-2,-1.71187E-2,-1.55438E-2,-1.27062E-2,-1.41284E-2,-1.72337E-2,-1.40013E-2,-1.57538E-2,-1.50653E-2,-1.60396E-2,-1.51153E-2,-1.30635E-2,-1.35363E-2,-1.58093E-2,-1.44772E-2,-1.57938E-2,-1.56490E-2,-1.47645E-2,-1.45466E-2,-1.13329E-2,-1.40753E-2,-1.19899E-2,-1.20919E-2,-1.23580E-2,-1.26757E-2,-1.13610E-2,-1.11024E-2,-1.09230E-2,-8.86164E-3,-1.45598E-2,-1.17176E-2,-1.09286E-2,-1.56694E-2,-1.37787E-2,-1.50282E-2,-1.18692E-2,-1.37627E-2,-1.32767E-2,-1.51849E-2,-1.20356E-2,-1.42579E-2,-1.03775E-2,-9.03442E-3,-8.53629E-3,-1.20242E-2,-9.03865E-3,-1.01114E-2,-7.25906E-3,-1.10873E-2,-1.11388E-2,-1.28177E-2,-7.66306E-3,-6.51899E-3,-7.15236E-3,-7.64700E-3,-7.89825E-3,-7.46760E-3,-5.72752E-3,-1.31003E-2,-8.56062E-3,-1.99751E-3,-6.54393E-3,-6.38825E-3,-6.24898E-3,-7.72418E-3,-8.34885E-3,-1.21885E-2,-6.75038E-3,-8.13807E-3,-7.44630E-3,-6.51860E-3,-8.75155E-3,-9.15277E-3,-9.97771E-3,-1.01624E-2,-6.62008E-3,-9.77915E-3,-9.50039E-3,-3.50570E-3,-6.08846E-3,-6.92416E-3,-8.81731E-3,-7.71174E-3,-8.56043E-3,-6.46201E-3,-6.28261E-3,-5.28042E-3,-6.69162E-3,-9.82333E-3,-9.19443E-3,-8.22529E-3,-9.11433E-3,-5.45011E-3,-5.72746E-3,-5.19028E-3,-4.17645E-3,-5.93084E-3,-7.47513E-3,-5.38356E-3,-5.07828E-3,-5.84555E-3,-8.45436E-3,-6.40822E-3,-4.66602E-3,-6.92920E-3,-4.08938E-3,-3.56579E-3,-5.59957E-3,-6.36119E-3,-6.58239E-3,-5.78568E-3,-4.75081E-3,-2.41803E-3,-5.69343E-3,-7.87083E-3,-3.00986E-3,-5.59186E-3,-5.49356E-3,-4.08397E-3,-4.78294E-3,-3.00246E-3,-3.63788E-3,-3.41928E-3
1.48575E+3,-1.06202E-3,6.46437E-4,-6.51669E-4,5.17849E-4,-3.40735E-4,3.36786E-4,3.01042E-4,-4.53390E-4,-4.96933E-4,4.24408E-4,-3.62028E-4,8.34636E-4,1.55296E-4,-1.15301E-4,2.65621E-4,1.08192E-3,5.99387E-4,1.24618E-3,1.60544E-3,1.50970E-3,2.97061E-5,-8.51362E-4,-1.18347E-3,-1.78067E-3,-4.25354E-3,-4.28708E-3,-5.52655E-3,-8.99591E-3,-9.06591E-3,-1.04773E-2,-1.15567E-2,-1.09033E-2,-1.18098E-2,-1.44407E-2,-1.32746E-2,-1.41747E-2,-1.54329E-2,-1.38798E-2,-1.42095E-2,-1.48476E-2,-1.49204E-2,-1.53303E-2,-1.51675E-2,-1.69566E-2,-1.62184E-2,-1.71861E-2,-1.52794E-2,-1.48876E-2,-1.53168E-2,-1.69508E-2,-1.40170E-2,-1.64910E-2,-1.46925E-2,-1.50194E-2,-1.51542E-2,-1.43920E-2,-1.36904E-2,-1.63432E-2,-1.45547E-2,-1.49702E-2,-1.50500E-2,-1.24098E-2,-1.31864E-2,-1.42042E-2,-1.39573E-2,-1.33789E-2,-1.43021E-2,-1.31902E-2,-1.14529E-2,-1.29246E-2,-9.54124E-3,-1.27825E-2,-1.03490E-2,-1.45626E-2,-1.34613E-2,-9.74884E-3,-1.30721E-2,-1.34354E-2,-1.56255E-2,-1.46607E-2,-1.24817E-2,-1.15989E-2,-1.23550E-2,-1.02480E-2,-1.39135E-2,-1.14257E-2,-1.10345E-2,-8.66422E-3,-7.25129E-3,-1.33005E-2,-9.48378E-3,-1.02765E-2,-1.42376E-2,-1.31991E-2,-1.21100E-2,-1.03825E-2,-9.49150E-3,-9.75973E-3,-1.03873E-2,-6.96197E-3,-8.36112E-3,-5.85699E-3,-9.80549E-3,-8.19402E-3,-7.36197E-3,-6.26764E-3,-6.59052E-3,-6.62239E-3,-2.67665E-3,-9.84877E-3,-1.37015E-2,-9.10945E-3,-8.29582E-3,-9.93760E-3,-4.54441E-3,-1.35667E-2,-9.70705E-3,-9.11172E-3,-7.19971E-3,-8.79087E-3,-8.02986E-3,-7.50936E-3,-6.82043E-3,-7.27327E-3,-6.57053E-3,-9.45410E-3,-7.27875E-3,-7.29501E-3,-8.49613E-3,-4.39156E-3,-7.21479E-3,-7.71379E-3,-8.43105E-3,-6.82542E-3,-6.54133E-3,-9.07580E-3,-6.44207E-3,-8.92781E-3,-5.59622E-3,-4.76262E-3,-5.77376E-3,-7.42755E-3,-5.74781E-3,-7.82670E-3,-7.05873E-3,-7.76187E-3,-3.58739E-3,-1.60006E-3,-7.14872E-3,-3.09875E-3,-5.57126E-3,-6.22811E-3,-7.13046E-3,-6.33881E-3,-6.40369E-3,-5.01560E-3,2.58108E-4,-4.08865E-3,-4.87756E-3,-4.15541E-3,-6.34310E-4,-4.31835E-3,-5.82121E-3,-5.22331E-3,-5.45035E-3,-7.16489E-3,-2.68981E-3
1.48928E+3,-6.62987E-4,1.46202E-3,-5.24419E-4,-9.63781E-5,9.08278E-4,-6.66745E-4,-2.63658E-4,-1.11322E-4,7.26006E-4,-7.84636E-4,-7.23179E-4,1.29191E-3,-2.76302E-5,-5.04764E-4,-2.25014E-5,3.00240E-3,2.16597E-3,3.18744E-3,1.57666E-3,5.36173E-4,-5.35609E-4,1.87341E-4,-1.34542E-3,-1.62314E-3,-3.98975E-3,-4.69626E-3,-5.40457E-3,-8.14563E-3,-8.95461E-3,-1.01296E-2,-1.07066E-2,-1.09947E-2,-1.08557E-2,-1.49810E-2,-1.52446E-2,-1.49677E-2,-1.61365E-2,-1.29437E-2,-1.31490E-2,-1.54528E-2,-1.40260E-2,-1.56781E-2,-1.63171E-2,-1.67753E-2,-1.59201E-2,-1.79304E-2,-1.63180E-2,-1.35234E-2,-1.42203E-2,-1.74253E-2,-1.54006E-2,-1.72442E-2,-1.40136E-2,-1.71652E-2,-1.42810E-2,-1.41552E-2,-1.29509E-2,-1.57722E-2,-1.36097E-2,-1.49445E-2,-1.52491E-2,-1.40577E-2,-1.42611E-2,-1.39283E-2,-1.41002E-2,-1.26072E-2,-1.21231E-2,-1.26565E-2,-1.32508E-2,-9.97946E-3,-9.88284E-3,-1.37990E-2,-9.13306E-3,-1.32779E-2,-1.32180E-2,-1.16829E-2,-1.42430E-2,-1.23688E-2,-1.45271E-2,-1.32219E-2,-1.35930E-2,-1.22671E-2,-1.16030E-2,-8.90580E-3,-1.36614E-2,-9.13199E-3,-9.65451E-3,-1.23649E-2,-7.79357E-3,-1.22379E-2,-6.36472E-3,-9.97388E-3,-1.51650E-2,-1.18619E-2,-9.55832E-3,-7.18087E-3,-5.55282E-3,-7.20857E-3,-4.88953E-3,-6.09674E-3,-7.90621E-3,-7.34785E-3,-5.53124E-3,-9.31720E-3,-3.90128E-3,-7.95079E-3,-7.08926E-3,-8.89318E-3,-6.07897E-3,-9.61941E-3,-9.39530E-3,-9.25794E-3,-8.89378E-3,-7.98548E-3,-4.87223E-3,-7.19488E-3,-9.00072E-3,-8.67733E-3,-8.24877E-3,-8.87304E-3,-7.62872E-3,-8.28936E-3,-5.00408E-3,-7.67466E-3,-8.57488E-3,-8.18226E-3,-7.54938E-3,-5.83365E-3,-8.36737E-3,-6.61553E-3,-7.68041E-3,-6.94287E-3,-7.46414E-3,-1.01721E-2,-6.33952E-3,-8.74625E-3,-3.72859E-3,-5.14544E-3,-4.64109E-3,-3.89115E-3,-7.33763E-3,-6.06501E-3,-7.10723E-3,-7.75889E-3,-7.41345E-3,-6.32659E-3,-8.32836E-4,-4.69897E-3,-3.10689E-3,-8.56116E-3,-6.83561E-3,-2.04535E-4,-4.65287E-3,-3.30605E-3,-4.38088E-3,-3.27968E-3,-1.28203E-3,-3.77074E-3,-3.78177E-3,-5.17813E-3,-1.60048E-3,-3.10405E-3,4.67141E-4,8.31706E-4,-2.63814E-3,-2.58736E-3,-4.79942E-3
1.49281E+3,4.54436E-5,6.85763E-4,-6.87012E-4,-2.63923E-4,3.86444E-4,-6.21214E-5,-2.20638E-4,1.50986E-4,-4.33854E-4,6.49697E-4,3.05074E-4,-2.91292E-4,-1.57059E-4,5.30497E-4,-6.38006E-4,1.60703E-3,1.22494E-3,3.74781E-3,7.86430E-4,7.08567E-4,-3.86423E-4,-3.22773E-4,-1.73756E-3,-2.52368E-3,-4.84723E-3,-4.91592E-3,-4.95901E-3,-7.95875E-3,-8.87349E-3,-1.15885E-2,-1.14362E-2,-1.12453E-2,-1.10564E-2,-1.37621E-2,-1.36964E-2,-1.50860E-2,-1.63471E-2,-1.31644E-2,-1.46195E-2,-1.64676E-2,-1.45318E-2,-1.57473E-2,-1.42776E-2,-1.60051E-2,-1.46197E-2,-1.67847E-2,-1.67659E-2,-1.37744E-2,-1.55609E-2,-1.69513E-2,-1.45301E-2,-1.81503E-2,-1.58052E-2,-1.58916E-2,-1.52458E-2,-1.20809E-2,-1.53478E-2,-1.72893E-2,-1.37150E-2,-1.53256E-2,-1.38168E-2,-1.30174E-2,-1.57798E-2,-1.17662E-2,-1.64286E-2,-1.28181E-2,-1.28347E-2,-1.38156E-2,-1.07396E-2,-1.16403E-2,-1.20243E-2,-1.26210E-2,-7.22792E-3,-1.36277E-2,-1.24947E-2,-9.57740E-3,-1.48573E-2,-1.26207E-2,-1.49177E-2,-1.24133E-2,-1.27827E-2,-9.49152E-3,-1.37333E-2,-6.06007E-3,-1.41635E-2,-1.59712E-2,-1.12622E-2,-1.14483E-2,-6.24428E-3,-1.16558E-2,-8.50345E-3,-1.52589E-2,-7.18756E-3,-7.81334E-3,-7.43084E-3,-1.01288E-2,-7.15599E-3,-7.41230E-3,-5.64587E-3,-7.84150E-3,-6.61673E-3,-8.02388E-3,-5.01514E-3,-6.54571E-3,-5.52993E-3,-6.04024E-3,-6.06978E-3,-5.32644E-3,-7.61248E-3,-1.15963E-2,-1.03216E-2,-9.79788E-3,-7.42129E-3,-8.55090E-3,-3.73156E-3,-7.87243E-3,-7.87090E-3,-9.57763E-3,-8.86173E-3,-5.67124E-3,-6.85733E-3,-7.05347E-3,-2.62114E-3,-5.70952E-3,-4.96152E-3,-9.00713E-3,-8.38586E-3,-9.33116E-3,-6.54725E-3,-2.89293E-3,-5.63252E-3,-9.64925E-3,-9.59290E-3,-6.93682E-3,-8.33897E-3,-9.56073E-3,-5.02873E-3,-8.58254E-3,-4.59079E-3,-3.89292E-3,-4.22978E-3,-6.08029E-3,-4.88304E-3,-7.25386E-3,-6.14079E-3,-4.70347E-3,-4.37388E-3,-2.28658E-3,-4.54282E-3,-3.14065E-3,-4.77010E-3,-4.24341E-3,-6.71247E-3,-6.11692E-3,-4.76887E-3,-3.05243E-3,5.50607E-4,-1.88151E-3,-2.75140E-3,-3.22698E-3,-2.33799E-3,-5.09981E-3,-3.55884E-3,-1.75565E-3,-1.18358E-3,-6.95463E-3,-3.97038E-3
1.49635E+3,6.44983E-5,8.14397E-4,-7.22634E-4,-4.31764E-4,-3.06962E-4,2.44639E-4,-5.67333E-4,1.16036E-3,1.02134E-3,9.82201E-5,1.72893E-4,-1.27220E-4,-3.06723E-4,-1.33544E-3,2.21729E-4,7.60480E-4,1.82358E-3,1.78419E-3,1.34134E-3,9.75550E-4,3.57144E-4,-1.34500E-3,-4.13151E-3,-3.16358E-3,-5.04281E-3,-4.78961E-3,-6.44889E-3,-8.62335E-3,-1.00877E-2,-1.09948E-2,-1.11869E-2,-1.10058E-2,-1.05365E-2,-1.30902E-2,-1.37572E-2,-1.21326E-2,-1.51876E-2,-1.44421E-2,-1.40043E-2,-1.61290E-2,-1.60799E-2,-1.63956E-2,-1.46913E-2,-1.52559E-2,-1.56690E-2,-1.65124E-2,-1.69921E-2,-1.28374E-2,-1.50294E-2,-1.66007E-2,-1.55590E-2,-1.75734E-2,-1.42140E-2,-1.62683E-2,-1.49739E-2,-1.39172E-2,-1.29167E-2,-1.48554E-2,-1.23233E-2,-1.38138E-2,-1.54164E-2,-1.42437E-2,-1.32866E-2,-1.30544E-2,-1.16129E-2,-1.16488E-2,-1.41852E-2,-1.06172E-2,-1.02643E-2,-1.06943E-2,-9.69128E-3,-1.18000E-2,-7.87235E-3,-1.33803E-2,-1.30391E-2,-6.57671E-3,-1.42945E-2,-1.13280E-2,-1.45013E-2,-1.07979E-2,-1.34051E-2,-1.14842E-2,-1.28329E-2,-7.37988E-3,-1.17793E-2,-7.85956E-3,-4.97554E-3,-5.86364E-3,-6.25565E-3,-8.58475E-3,-8.04384E-3,-8.08933E-3,-1.13669E-2,-9.47290E-3,-9.02913E-3,-6.60040E-3,-2.81728E-3,-2.83220E-3,-7.75088E-3,-5.41526E-3,-5.71471E-3,-4.60385E-3,-9.11652E-3,-5.86378E-3,-4.53553E-3,-8.67330E-3,-3.80126E-3,-6.62907E-3,-6.07909E-3,-6.16396E-3,-9.16987E-3,-4.15414E-3,-6.07771E-3,-9.33383E-3,-6.75883E-3,-7.81906E-3,-7.87701E-3,-1.03523E-2,-6.05128E-3,-7.92992E-3,-6.25511E-3,-7.69586E-3,-3.81779E-3,-7.20402E-3,-6.43967E-3,-1.06867E-2,-6.85856E-3,-8.20543E-3,-6.50093E-3,-4.62179E-3,-4.46860E-3,-7.15276E-3,-7.38067E-3,-5.97762E-3,-7.37678E-3,-7.58052E-3,-3.90109E-3,-7.07296E-3,-6.06407E-3,-4.01469E-3,-4.55744E-3,-7.77735E-3,-3.76557E-3,-6.30153E-3,-7.46563E-3,-7.78090E-3,-4.45399E-4,-1.57480E-3,-6.27788E-3,-3.27322E-3,-5.70640E-3,-2.12337E-3,-5.43840E-3,-3.45168E-3,-6.54915E-3,-2.91051E-3,2.66196E-3,-3.39398E-3,-3.56055E-4,-5.79094E-3,-2.24977E-3,-3.23740E-3,-4.39977E-4,-7.98679E-5,-2.78990E-3,2.62623E-5,1.64787E-3
1.49988E+3,-1.24423E-3,-2.43601E-4,-4.94837E-4,-2.06977E-5,4.57128E-4,1.49168E-4,-5.59248E-4,5.24914E-4,-8.67541E-4,7.24793E-4,-1.45445E-4,9.22941E-4,1.14670E-4,-5.60117E-6,6.87590E-4,2.06049E-3,1.79640E-3,1.82315E-3,1.51290E-3,1.85930E-4,-1.05909E-3,-2.45347E-3,-2.28274E-3,-3.21568E-3,-6.40599E-3,-5.59250E-3,-6.42240E-3,-8.62362E-3,-8.57703E-3,-1.15828E-2,-1.12996E-2,-1.02864E-2,-1.17234E-2,-1.29707E-2,-1.53427E-2,-1.45735E-2,-1.51461E-2,-1.31399E-2,-1.45434E-2,-1.53041E-2,-1.65745E-2,-1.34065E-2,-1.44761E-2,-1.54554E-2,-1.45953E-2,-1.68317E-2,-1.61069E-2,-1.30112E-2,-1.53238E-2,-1.82756E-2,-1.58924E-2,-1.73037E-2,-1.46527E-2,-1.60576E-2,-1.54196E-2,-1.40291E-2,-1.52872E-2,-1.59000E-2,-1.39216E-2,-1.50392E-2,-1.45138E-2,-1.37260E-2,-1.38238E-2,-1.47077E-2,-1.23769E-2,-1.17800E-2,-1.33999E-2,-9.16917E-3,-1.20958E-2,-1.23201E-2,-9.99208E-3,-1.27271E-2,-6.37962E-3,-1.36140E-2,-1.16918E-2,-8.19634E-3,-1.44416E-2,-1.00228E-2,-1.36905E-2,-1.33394E-2,-1.12547E-2,-1.09647E-2,-1.29272E-2,-1.00906E-2,-1.17515E-2,-7.99185E-3,-1.04053E-2,-5.15950E-3,-3.41511E-3,-8.74735E-3,-6.96855E-3,-1.15538E-2,-9.68305E-3,-9.18478E-3,-8.77772E-3,-7.00728E-3,-5.52736E-3,-5.13728E-3,-8.59637E-3,-5.13028E-3,-7.00599E-3,-6.19436E-3,-1.02152E-2,-5.59835E-3,-3.98412E-3,-4.99431E-3,-1.23250E-3,-7.13033E-3,-4.62737E-3,-3.99805E-3,-8.18435E-3,-8.22157E-3,-8.42158E-3,-6.72791E-3,-6.17899E-3,-5.38980E-3,-8.26370E-3,-8.27328E-3,-7.64861E-3,-1.05694E-2,-8.19966E-3,-7.19026E-3,-1.99131E-3,-7.81960E-3,-3.04471E-3,-7.00672E-3,-9.75964E-3,-6.51060E-3,-8.95234E-3,-4.86716E-3,-7.66859E-3,-6.60094E-3,-9.26249E-3,-6.70425E-3,-4.65459E-3,-6.82422E-3,-6.52597E-3,-5.52420E-3,-6.23298E-3,-3.58644E-3,-2.42310E-3,-5.53386E-3,-5.72979E-3,-6.80072E-3,-5.46237E-3,-6.15424E-3,-2.85832E-3,-4.35382E-3,-5.87875E-3,-2.94420E-3,-5.90963E-3,-1.91988E-3,-4.49373E-3,-4.82050E-3,-4.69619E-3,-1.87050E-3,4.51056E-3,-1.52793E-3,-7.36133E-3,-3.20627E-3,2.11438E-3,-4.69140E-3,-2.68242E-3,-1.58985E-3,-3.20487E-3,-2.36636E-3,-8.96231E-4
1.50341E+3,-8.72447E-4,9.62635E-4,-2.98216E-4,5.17096E-4,-1.58584E-4,-7.88883E-5,-8.85897E-4,1.23273E-3,8.04222E-4,7.65812E-4,-8.91920E-4,1.07572E-3,-9.35581E-4,-4.96715E-4,-7.39965E-4,9.31351E-4,2.50850E-3,5.43235E-4,3.20084E-4,2.40514E-3,-2.43515E-3,-3.73214E-3,-3.60846E-3,-4.96765E-3,-4.50658E-3,-4.95272E-3,-6.22196E-3,-9.52564E-3,-8.48362E-3,-9.72249E-3,-1.20025E-2,-1.20653E-2,-1.08171E-2,-1.41334E-2,-1.47696E-2,-1.43783E-2,-1.58701E-2,-1.37544E-2,-1.49180E-2,-1.62390E-2,-1.52204E-2,-1.54763E-2,-1.54061E-2,-1.57534E-2,-1.43593E-2,-1.67463E-2,-1.70145E-2,-1.51242E-2,-1.49394E-2,-1.66753E-2,-1.44439E-2,-1.66355E-2,-1.48615E-2,-1.59905E-2,-1.53563E-2,-1.37020E-2,-1.46778E-2,-1.45589E-2,-1.29265E-2,-1.62976E-2,-1.35314E-2,-1.32974E-2,-1.17435E-2,-1.18033E-2,-1.31305E-2,-1.34247E-2,-1.23499E-2,-1.40491E-2,-1.33920E-2,-1.01490E-2,-1.09454E-2,-1.17041E-2,-8.26667E-3,-1.11209E-2,-1.15978E-2,-8.32722E-3,-1.37587E-2,-9.82370E-3,-1.53210E-2,-9.10598E-3,-1.09175E-2,-1.14519E-2,-1.27625E-2,-6.62975E-3,-9.42142E-3,-8.63579E-3,-7.58022E-3,-8.55124E-3,-7.99727E-3,-7.21772E-3,-1.04555E-2,-9.21390E-3,-1.10885E-2,-9.78758E-3,-5.08511E-3,-8.68635E-3,-8.32383E-3,-4.91617E-3,-5.65710E-3,-4.09467E-3,-4.63785E-3,-4.20492E-3,-9.15268E-3,-8.17267E-3,-1.53775E-3,-4.03632E-3,1.19461E-3,-5.91569E-3,-4.48392E-3,-4.94186E-3,-1.31673E-2,-6.71832E-3,-8.44178E-3,-3.37173E-3,-4.89227E-3,-6.71143E-3,-8.31114E-3,-5.99090E-3,-5.95317E-3,-4.32736E-3,-8.85005E-3,-7.53475E-3,-4.93071E-3,-6.57263E-3,-1.41804E-3,-8.47091E-3,-5.88063E-3,-8.21812E-3,-9.69718E-3,-5.30260E-3,-5.69913E-3,-6.49465E-3,-9.56334E-3,-9.45906E-3,-9.09026E-3,-6.98726E-3,-3.49830E-3,-7.83717E-3,-5.00642E-3,-3.52605E-3,-2.54222E-3,-4.23670E-3,-5.67752E-3,-5.20671E-3,-4.63468E-3,-3.82893E-3,-3.31234E-3,-3.32246E-3,-3.86899E-3,-2.67205E-3,-2.72722E-3,-1.37367E-3,-4.50617E-3,-4.89079E-3,-3.10211E-3,-2.91043E-3,-2.61349E-3,-1.41278E-3,-2.73011E-3,-2.99977E-3,3.46417E-3,1.71303E-3,3.21226E-3,7.58977E-4,-2.07220E-3,-3.13562E-3,-7.55893E-4
1.50695E+3,2.62795E-4,6.94463E-4,3.27693E-4,-9.24014E-4,-6.35121E-4,-1.43713E-4,-3.24330E-4,6.71660E-4,5.17999E-4,-2.16354E-4,-4.88501E-5,8.69346E-4,-9.84418E-4,-6.82240E-4,6.15086E-4,1.87012E-3,9.39676E-4,2.31958E-3,4.88495E-4,-1.24724E-4,-7.12421E-4,-2.14097E-3,-5.09130E-3,-4.56938E-3,-5.07144E-3,-6.53262E-3,-6.37976E-3,-8.49732E-3,-8.58681E-3,-1.14593E-2,-1.06231E-2,-8.35758E-3,-1.02713E-2,-1.54469E-2,-1.47330E-2,-1.42807E-2,-1.77487E-2,-1.53090E-2,-1.45601E-2,-1.41124E-2,-1.69772E-2,-1.41628E-2,-1.51722E-2,-1.56791E-2,-1.57475E-2,-1.69293E-2,-1.65347E-2,-1.47081E-2,-1.50609E-2,-1.82289E-2,-1.52559E-2,-1.67123E-2,-1.30806E-2,-1.64945E-2,-1.49664E-2,-1.22059E-2,-1.48552E-2,-1.51976E-2,-1.50924E-2,-1.53296E-2,-1.69208E-2,-1.12051E-2,-1.34639E-2,-1.19459E-2,-1.10745E-2,-1.22405E-2,-1.21278E-2,-1.28352E-2,-1.45332E-2,-1.13711E-2,-1.00508E-2,-1.28231E-2,-1.01998E-2,-1.43430E-2,-1.17510E-2,-8.79913E-3,-1.62577E-2,-1.28816E-2,-1.50735E-2,-1.37019E-2,-1.32201E-2,-9.96333E-3,-1.40717E-2,-8.14882E-3,-1.14738E-2,-1.00208E-2,-1.05700E-2,-6.55510E-3,-8.23307E-3,-8.84815E-3,-1.27649E-2,-1.02712E-2,-8.76338E-3,-8.54604E-3,-8.04049E-3,-5.78426E-3,-7.28835E-3,-4.02232E-3,-7.25806E-3,-5.56337E-3,-5.71395E-3,1.14482E-3,-9.91963E-3,-2.63069E-3,3.50889E-3,-1.67554E-3,-4.38517E-3,-4.70887E-3,-7.94478E-3,-9.47860E-3,-1.07077E-2,-6.46730E-3,-9.90736E-3,-3.34828E-3,-4.30697E-3,-8.69181E-3,-8.63866E-3,-5.27218E-3,-7.28808E-3,-4.50194E-3,-2.87956E-3,-7.56429E-3,-3.40903E-3,-7.54635E-3,-7.76619E-3,-7.56852E-3,-6.04519E-3,-8.29537E-3,-8.35435E-3,-4.09931E-3,-4.40463E-3,-5.43422E-3,-9.27011E-3,-1.01701E-2,-3.91290E-3,-7.06481E-3,-3.75505E-3,-5.15779E-3,-7.19066E-3,-1.80115E-3,-3.11196E-3,-4.35204E-3,-5.23305E-3,-5.35280E-3,-7.90282E-3,-7.90147E-3,-6.21777E-3,-2.19808E-3,-4.22390E-3,-3.82195E-3,-3.09855E-3,-2.28578E-3,-4.47084E-3,-3.53538E-3,-4.73600E-3,-2.05475E-3,-1.41729E-4,-4.54821E-3,-3.74709E-3,-1.56430E-3,-6.38553E-4,-6.66111E-4,1.81175E-3,-6.54900E-4,-3.04214E-3,2.35826E-3,2.47724E-3
1.51048E+3,-1.44636E-4,-2.89251E-4,-1.04162E-3,8.08421E-4,2.47396E-4,1.65528E-4,-1.04689E-3,1.13123E-4,8.68590E-4,1.60770E-3,-1.53572E-3,-3.38404E-4,8.93696E-4,-2.90789E-4,-1.71489E-5,1.95743E-3,2.02539E-3,1.29467E-3,1.91116E-3,1.11624E-3,-1.36778E-3,-2.84408E-3,-3.67332E-3,-4.70661E-3,-5.50692E-3,-7.07288E-3,-7.22896E-3,-1.05769E-2,-7.52739E-3,-9.78286E-3,-9.98348E-3,-9.49278E-3,-8.64349E-3,-1.41983E-2,-1.35874E-2,-1.34264E-2,-1.70358E-2,-1.37265E-2,-1.33680E-2,-1.60703E-2,-1.41046E-2,-1.53749E-2,-1.33585E-2,-1.48117E-2,-1.42255E-2,-1.66862E-2,-1.67094E-2,-1.30528E-2,-1.35111E-2,-1.67472E-2,-1.48668E-2,-1.63048E-2,-1.41464E-2,-1.58495E-2,-1.37250E-2,-1.22490E-2,-1.45926E-2,-1.55554E-2,-1.58486E-2,-1.39924E-2,-1.41045E-2,-1.38341E-2,-1.32023E-2,-1.25748E-2,-1.03688E-2,-1.36622E-2,-1.29448E-2,-1.13815E-2,-9.30121E-3,-9.09286E-3,-9.05072E-3,-1.10578E-2,-8.40802E-3,-1.24185E-2,-1.34081E-2,-7.69838E-3,-1.40081E-2,-1.31690E-2,-1.45133E-2,-1.08315E-2,-1.12500E-2,-1.22748E-2,-9.57524E-3,-8.73873E-3,-1.35489E-2,-7.69707E-3,-8.41220E-3,-2.46608E-3,-5.23065E-3,-9.88782E-3,-6.58252E-3,-7.14511E-3,-8.90635E-3,-9.90002E-3,-7.84620E-3,-3.78536E-3,-2.07846E-3,-4.70495E-4,-4.04545E-3,-2.56670E-5,-6.61559E-3,-1.38370E-3,-7.13661E-3,-3.25933E-3,-3.35870E-3,-5.91451E-3,-1.52633E-3,-1.37011E-3,-1.69377E-3,-5.27668E-3,-1.17699E-2,-3.84783E-3,-4.58857E-3,-5.48124E-3,-1.54530E-3,-6.27423E-3,-9.16173E-3,-7.78151E-3,-3.15551E-3,-4.90096E-3,-9.78344E-3,-5.46155E-3,4.17131E-4,-6.29436E-3,-5.67553E-3,-7.94834E-3,-6.84488E-3,-6.77158E-3,-7.83904E-3,-3.13450E-3,-5.37397E-3,-7.89299E-3,-8.01901E-3,-7.09263E-3,-8.32218E-3,-5.11261E-3,-2.11366E-3,-6.49164E-3,-4.64064E-3,-2.66505E-3,-3.77274E-3,-2.42952E-3,-4.66257E-3,-5.88969E-3,-5.32900E-3,-4.42735E-3,1.86790E-3,2.15917E-3,-3.18220E-3,-1.43480E-3,-5.14705E-3,-1.53497E-3,-4.10473E-3,-3.12512E-3,-2.97677E-3,1.98992E-3,1.11355E-3,4.37887E-4,4.76209E-4,-3.11788E-3,-5.38400E-4,-3.67931E-3,-2.87794E-3,1.22357E-3,-3.52235E-3,-1.43889E-3,-9.86828E-4
1.51402E+3,3.00599E-4,1.05468E-4,-1.78972E-4,-6.86531E-5,-1.73900E-4,-5.28040E-5,-2.14946E-3,2.78860E-4,9.17467E-4,-1.03944E-4,4.13954E-5,8.37591E-4,2.06329E-3,-1.30787E-3,-5.09069E-4,2.30796E-3,1.50997E-3,1.29678E-3,8.95217E-4,-6.13637E-5,-1.17534E-3,-2.90218E-3,-3.74142E-3,-5.31295E-3,-7.02449E-3,-4.93448E-3,-7.41674E-3,-1.03450E-2,-9.04877E-3,-8.69915E-3,-1.16671E-2,-1.18518E-2,-9.60434E-3,-1.35053E-2,-1.27718E-2,-1.52325E-2,-1.71611E-2,-1.55806E-2,-1.16094E-2,-1.45473E-2,-1.34912E-2,-1.39436E-2,-1.24624E-2,-1.57607E-2,-1.59804E-2,-1.80224E-2,-1.68670E-2,-1.36976E-2,-1.25434E-2,-1.62691E-2,-1.69523E-2,-1.61502E-2,-1.47714E-2,-1.66508E-2,-1.44413E-2,-1.30007E-2,-1.35103E-2,-1.62039E-2,-1.32600E-2,-1.45436E-2,-1.44603E-2,-1.17412E-2,-1.47354E-2,-1.26320E-2,-1.24968E-2,-1.33744E-2,-1.27491E-2,-1.07907E-2,-1.30170E-2,-1.03380E-2,-9.37930E-3,-1.22862E-2,-7.00865E-3,-1.29920E-2,-1.13324E-2,-8.57269E-3,-1.41489E-2,-1.34810E-2,-1.34984E-2,-1.38708E-2,-1.12662E-2,-9.76914E-3,-9.87071E-3,-6.96688E-3,-1.22523E-2,-9.04734E-3,-7.53299E-3,-4.63325E-3,-4.77201E-3,-1.17446E-2,-7.18021E-3,-1.09688E-2,-9.82530E-3,-8.08084E-3,-5.59050E-3,-7.14800E-3,-2.50448E-3,-3.43167E-3,-3.79006E-3,3.44512E-3,-1.60629E-3,-4.40850E-4,-6.25932E-3,-4.51435E-3,1.43660E-3,-7.17821E-3,1.10909E-3,-3.21274E-3,-1.37532E-3,-2.99619E-3,-8.78407E-3,-8.01027E-3,-8.33789E-3,-6.90729E-3,-4.67933E-3,-7.81383E-3,-3.63029E-3,-7.05254E-3,-5.33118E-3,-4.52715E-3,-3.09669E-3,-8.37479E-3,3.57323E-4,-4.01846E-3,-5.54729E-3,-6.84290E-3,-7.52058E-3,-6.20387E-3,-7.34050E-3,-4.42839E-3,-2.86080E-3,-6.24711E-3,-8.54403E-3,-6.23344E-3,-4.06471E-3,-5.20131E-3,-3.43335E-4,-2.02595E-3,-3.00656E-3,-4.86309E-3,-3.33941E-3,-5.71871E-3,-4.85256E-3,-5.02690E-3,-5.06270E-3,-3.28277E-3,-5.61836E-4,1.73174E-3,-2.16867E-3,-2.27443E-3,-4.98536E-3,-6.01036E-3,-7.08719E-3,-2.43210E-3,-1.93589E-3,1.94744E-3,-2.53741E-4,-3.63959E-3,-4.26657E-3,-5.27845E-3,-1.38154E-3,-1.86897E-3,-2.89957E-3,-1.37596E-3,-2.44975E-3,-2.98558E-3,-6.61375E-4
1.51756E+3,-1.13010E-3,-2.56783E-5,3.46023E-4,-6.56491E-4,-9.57235E-4,3.94042E-4,4.19256E-4,8.15948E-4,2.06790E-3,3.18676E-4,-1.05740E-3,-8.16983E-4,-9.50903E-4,1.24287E-3,-9.91633E-6,2.06032E-3,6.08087E-4,1.15233E-3,1.14936E-3,5.30184E-4,-1.98421E-3,-2.31378E-3,-3.65650E-3,-3.92332E-3,-4.78156E-3,-6.87088E-3,-7.47385E-3,-1.02634E-2,-6.37670E-3,-1.04406E-2,-9.79140E-3,-1.09378E-2,-1.04111E-2,-1.47483E-2,-1.23872E-2,-1.27582E-2,-1.73275E-2,-1.16877E-2,-1.19904E-2,-1.62032E-2,-1.60122E-2,-1.56300E-2,-1.44309E-2,-1.57854E-2,-1.49047E-2,-1.67660E-2,-1.72011E-2,-1.29788E-2,-1.41902E-2,-1.48864E-2,-1.22091E-2,-1.43286E-2,-1.38536E-2,-1.49408E-2,-1.49891E-2,-1.15559E-2,-1.33520E-2,-1.39201E-2,-1.28352E-2,-1.27425E-2,-1.47921E-2,-1.30690E-2,-1.40117E-2,-1.48374E-2,-1.13461E-2,-1.18240E-2,-1.32998E-2,-9.61093E-3,-9.21169E-3,-9.48750E-3,-8.36183E-3,-1.09755E-2,-8.06477E-3,-9.39945E-3,-1.12056E-2,-7.68444E-3,-1.37728E-2,-1.29894E-2,-1.53006E-2,-1.10855E-2,-8.28253E-3,-7.97279E-3,-9.77979E-3,-3.98672E-3,-1.16644E-2,-1.30146E-2,-6.32936E-3,-5.14232E-3,-5.99871E-3,-8.57488E-3,-6.04731E-3,-7.61094E-3,-1.11095E-2,-8.34332E-3,-5.46303E-3,-2.08996E-3,1.09160E-4,-3.41747E-3,-3.64224E-3,-2.28423E-3,-4.73387E-3,1.70845E-3,-7.80261E-3,-2.45857E-3,2.17700E-3,-3.41414E-3,3.87241E-4,-1.24886E-3,-4.47858E-4,-4.22355E-3,-8.80513E-3,-5.27325E-3,-8.32806E-3,-5.68018E-3,-5.41238E-4,-6.84656E-3,-5.06025E-3,-6.67841E-3,-3.00848E-3,-4.86305E-3,-8.36864E-3,-3.12334E-3,-2.74010E-3,-4.39748E-3,-6.29131E-3,-7.93859E-3,-3.54475E-3,-8.39261E-3,-4.54367E-3,-2.64468E-3,-1.19127E-3,-5.20694E-3,-8.15584E-3,-6.28772E-3,-2.97192E-3,-5.83834E-3,-3.60943E-4,-2.57074E-3,-3.19957E-3,-3.09437E-3,-4.11520E-3,-6.27029E-3,-1.70177E-3,-3.46415E-3,-5.98146E-3,-5.68783E-3,2.59437E-3,2.87443E-3,-7.07298E-3,4.25789E-4,-3.19278E-3,-2.53772E-3,-3.29913E-3,3.26541E-4,-1.31728E-3,2.19717E-3,4.98902E-3,-5.18674E-3,-1.40333E-3,-4.56060E-3,4.13193E-3,-1.67952E-3,-3.10300E-4,9.98240E-4,6.04029E-3,7.58753E-4,4.28590E-3
1.52110E+3,-1.36890E-3,2.64433E-4,-1.30885E-5,5.04650E-4,2.36979E-5,-8.58029E-4,-2.49697E-4,9.00389E-4,1.69449E-3,-2.79834E-4,3.41697E-4,-4.64344E-5,-4.79617E-4,-1.80841E-4,-2.52915E-4,1.95592E-3,1.31193E-3,1.67119E-3,9.24302E-4,9.87367E-4,-3.34889E-3,-2.47551E-3,-5.11778E-3,-5.16264E-3,-5.84772E-3,-6.78690E-3,-7.82942E-3,-8.14420E-3,-7.56028E-3,-1.07834E-2,-1.33730E-2,-1.07498E-2,-9.80399E-3,-1.32606E-2,-1.27237E-2,-1.50030E-2,-1.73334E-2,-1.06007E-2,-1.29466E-2,-1.58604E-2,-1.63681E-2,-1.31742E-2,-1.46538E-2,-1.51510E-2,-1.46554E-2,-1.69824E-2,-1.63491E-2,-1.36935E-2,-1.54380E-2,-1.66188E-2,-1.39147E-2,-1.64143E-2,-1.69395E-2,-1.40496E-2,-1.57278E-2,-1.38488E-2,-1.55738E-2,-1.53690E-2,-1.65342E-2,-1.42170E-2,-1.63555E-2,-1.09772E-2,-1.22379E-2,-1.20909E-2,-1.29205E-2,-1.25050E-2,-1.34951E-2,-1.11045E-2,-1.01591E-2,-1.04400E-2,-8.99381E-3,-1.17781E-2,-8.21919E-3,-1.24334E-2,-1.10478E-2,-8.42476E-3,-1.63125E-2,-1.08414E-2,-1.39750E-2,-1.41136E-2,-8.06926E-3,-1.04967E-2,-1.22774E-2,-5.86328E-3,-1.12073E-2,-9.17446E-3,-7.44397E-3,-3.33443E-3,-4.42843E-3,-8.47309E-3,-5.99961E-3,-4.07776E-3,-7.25574E-3,-1.08512E-2,-5.59867E-3,-4.10966E-3,5.62453E-4,-2.22632E-3,4.62958E-4,-4.20071E-3,1.98603E-3,-2.53829E-3,-7.49461E-3,-1.18764E-3,2.85402E-3,-3.76267E-3,-1.36103E-3,-3.12561E-3,-4.37160E-3,-6.89153E-3,-1.02036E-2,-7.63171E-3,-4.52414E-3,-3.83428E-3,-9.69261E-4,-3.31224E-3,-3.90878E-3,-6.63851E-3,-4.69361E-3,-2.44200E-3,-5.88475E-3,-4.45092E-3,-1.85332E-3,-9.15488E-3,-3.90495E-3,-7.05534E-3,-5.76753E-3,-6.05615E-3,-7.96174E-3,-7.48858E-3,-3.48803E-3,-7.31738E-3,-7.61625E-3,-6.04242E-3,-6.62271E-3,-6.70089E-3,3.24107E-3,-4.47082E-3,-4.75105E-3,-1.84764E-3,-1.70502E-3,-1.50409E-3,-4.93991E-3,-6.15122E-3,-6.26202E-3,-3.51988E-3,-6.66008E-4,-2.84876E-3,-3.13032E-3,9.99197E-4,-2.66374E-3,4.10700E-3,2.55226E-3,-1.81867E-3,-5.82131E-3,-2.89187E-3,7.57509E-3,-7.21389E-4,-5.29032E-3,-1.87710E-3,3.05136E-3,-2.40832E-3,1.82276E-3,2.02844E-3,2.32012E-3,-4.55802E-3,9.96611E-4
1.52464E+3,1.38555E-4,-7.56500E-5,-1.82290E-4,1.52615E-4,-4.53030E-4,-9.04313E-4,-1.63923E-3,2.29446E-3,1.29678E-3,-9.32611E-4,3.04683E-4,-9.29742E-5,-6.87972E-4,2.63698E-4,5.17281E-4,2.64401E-3,3.12507E-3,1.27735E-3,2.52607E-4,3.39906E-4,-4.03889E-3,-3.19292E-3,-5.57647E-3,-4.26422E-3,-6.52341E-3,-5.18901E-3,-5.90503E-3,-9.75761E-3,-7.22272E-3,-7.67351E-3,-1.01859E-2,-1.10353E-2,-1.06390E-2,-1.41348E-2,-1.09212E-2,-1.33603E-2,-1.56643E-2,-1.52298E-2,-1.30069E-2,-1.44811E-2,-1.63954E-2,-1.48114E-2,-1.35411E-2,-1.50567E-2,-1.58026E-2,-1.75986E-2,-1.58112E-2,-1.23551E-2,-1.39704E-2,-1.60395E-2,-1.42102E-2,-1.64108E-2,-1.43030E-2,-1.77721E-2,-1.26472E-2,-1.06444E-2,-1.40661E-2,-1.45651E-2,-1.34781E-2,-1.22866E-2,-1.53599E-2,-1.11546E-2,-1.10359E-2,-1.26325E-2,-1.06769E-2,-1.07260E-2,-1.23162E-2,-1.03454E-2,-8.87352E-3,-9.14155E-3,-1.17856E-2,-1.04118E-2,-6.53336E-3,-9.89523E-3,-1.05347E-2,-6.19671E-3,-1.23761E-2,-1.00673E-2,-1.41993E-2,-7.24468E-3,-8.15577E-3,-1.03146E-2,-9.40354E-3,-6.71722E-3,-8.62728E-3,-6.94251E-3,-1.02797E-2,-1.47813E-3,-3.11381E-3,-7.18035E-3,-5.70058E-3,-5.72883E-3,-4.97209E-3,-5.42882E-3,-5.49735E-3,-7.30218E-3,-4.76431E-4,-4.57683E-3,2.71273E-3,4.27509E-4,3.45899E-3,-3.42725E-3,-4.66443E-3,-3.52446E-3,1.18429E-3,1.23935E-3,3.44279E-3,-1.57077E-3,3.53538E-3,-7.27215E-4,-9.38052E-3,-7.53357E-3,-8.78857E-3,-4.84520E-3,-2.01865E-3,-3.72306E-3,-8.71654E-3,-4.18497E-3,-1.84265E-3,-2.59441E-3,-4.73912E-3,-4.72794E-3,6.81790E-3,-4.72354E-3,-2.51549E-3,-7.80927E-3,-6.66120E-3,-3.07615E-3,-5.68740E-3,-1.14110E-3,-3.45614E-3,-4.76220E-3,-4.53859E-3,-6.15093E-3,-5.88833E-3,-3.91096E-3,-2.69549E-3,-5.90542E-3,-1.85408E-3,-5.38394E-4,-2.29749E-3,-2.99139E-3,-3.00297E-3,-4.36215E-3,-6.40057E-3,-4.08217E-3,-5.18020E-4,2.62544E-3,-7.80629E-3,3.59480E-4,-1.81560E-3,-1.18162E-3,6.66544E-4,-6.35969E-3,-2.14810E-3,-1.46644E-3,5.93038E-3,3.23962E-3,2.92324E-4,2.60818E-3,6.16402E-3,2.90062E-3,-1.16389E-3,3.81942E-3,3.02074E-3,2.55306E-3,7.16201E-3
1.52817E+3,-3.32857E-4,4.56779E-5,2.57209E-4,-1.70848E-4,7.75829E-4,-1.72008E-4,-1.33463E-3,-2.63089E-4,1.34926E-4,8.57301E-4,-9.43715E-4,-8.18266E-4,1.22680E-3,-3.82181E-4,1.11986E-3,1.56823E-3,2.08605E-3,3.38475E-3,1.83038E-3,1.32529E-3,-4.49185E-3,-3.46754E-3,-4.18469E-3,-4.05653E-3,-6.94136E-3,-6.81194E-3,-7.50095E-3,-9.52685E-3,-6.48792E-3,-9.37995E-3,-1.13795E-2,-1.07382E-2,-9.54365E-3,-1.34475E-2,-1.21442E-2,-1.51761E-2,-1.51802E-2,-1.19070E-2,-1.27293E-2,-1.64907E-2,-1.42624E-2,-1.34642E-2,-1.26814E-2,-1.33288E-2,-1.43549E-2,-1.78803E-2,-1.68517E-2,-1.15406E-2,-1.34942E-2,-1.62133E-2,-1.52839E-2,-1.58483E-2,-1.66712E-2,-1.59338E-2,-1.37896E-2,-1.23569E-2,-1.44332E-2,-1.43871E-2,-1.48972E-2,-1.38167E-2,-1.53665E-2,-1.13660E-2,-1.37561E-2,-1.32053E-2,-1.46682E-2,-1.19473E-2,-1.13772E-2,-7.66099E-3,-1.14773E-2,-8.91256E-3,-8.13399E-3,-1.19259E-2,-6.72786E-3,-8.88159E-3,-1.09155E-2,-1.16184E-2,-1.42121E-2,-1.18892E-2,-1.40363E-2,-9.59253E-3,-8.42481E-3,-1.27369E-2,-9.65799E-3,-2.84993E-3,-8.47962E-3,-9.18010E-3,-8.53300E-3,-5.04260E-3,-1.25821E-3,-4.53314E-3,-5.63290E-4,-6.16676E-3,-7.14612E-3,-6.11036E-3,-8.78196E-3,-8.61393E-3,-4.36079E-3,-3.15404E-3,-2.03908E-3,-1.59396E-4,-4.30561E-3,-3.85740E-4,-5.31470E-3,9.33910E-4,5.08467E-3,-1.56194E-3,5.70006E-3,8.96067E-4,3.16560E-3,-4.22835E-3,-6.53944E-3,-3.65065E-3,-5.47650E-3,-5.84942E-3,7.23440E-4,-7.44213E-3,-6.78827E-3,-6.31920E-3,-6.51628E-4,1.87853E-3,-7.84935E-3,-6.25916E-3,-2.51261E-3,-8.16426E-3,-3.75159E-3,-7.04637E-3,-4.77226E-3,-5.26751E-3,-3.61127E-3,-1.80558E-3,-2.36523E-3,-2.56810E-3,-5.58916E-3,-7.33342E-3,-4.74449E-3,-4.07539E-3,-2.30489E-3,-6.50563E-3,-4.72206E-3,-5.79488E-3,-4.00700E-3,-1.11904E-3,-1.35439E-3,-4.84687E-3,-7.44736E-3,-3.72151E-3,6.31979E-5,5.38731E-4,-9.93841E-4,-2.73902E-3,1.04987E-3,-1.49346E-3,-1.92063E-3,-1.31158E-3,-1.80257E-4,9.51579E-4,3.33175E-3,4.97476E-3,-4.35264E-3,1.51402E-3,3.50457E-3,-4.44898E-5,-3.39641E-4,5.33044E-4,2.46000E-3,5.79830E-3,8.71739E-3
1.53171E+3,-2.47575E-4,7.39800E-4,-1.29298E-3,-2.66563E-6,-8.18337E-4,3.59875E-4,-9.66254E-4,1.15829E-3,8.36403E-4,-4.26863E-4,1.14140E-3,2.74735E-4,-7.62604E-5,-9.59882E-4,2.80315E-4,5.18079E-5,-8.79095E-4,-1.56606E-3,-5.32745E-4,3.39214E-4,-3.53208E-3,-3.71836E-3,-5.28861E-3,-3.78557E-3,-4.71762E-3,-7.49429E-3,-7.43326E-3,-1.04795E-2,-6.74299E-3,-8.86278E-3,-1.09111E-2,-9.23893E-3,-1.08189E-2,-1.28471E-2,-1.23673E-2,-1.59088E-2,-1.71680E-2,-1.04710E-2,-1.20989E-2,-1.46234E-2,-1.26153E-2,-1.58899E-2,-1.39522E-2,-1.52264E-2,-1.60200E-2,-1.70704E-2,-1.72175E-2,-1.26016E-2,-1.57603E-2,-1.62620E-2,-1.57670E-2,-1.68369E-2,-1.40632E-2,-1.67237E-2,-1.45727E-2,-1.37234E-2,-1.33326E-2,-1.45621E-2,-1.60173E-2,-1.26959E-2,-1.27794E-2,-7.80032E-3,-1.04305E-2,-1.10894E-2,-1.18737E-2,-1.24403E-2,-1.18255E-2,-9.64757E-3,-7.82774E-3,-1.03743E-2,-1.04106E-2,-1.12829E-2,-3.46959E-3,-1.06928E-2,-6.84840E-3,-7.40710E-3,-1.08617E-2,-1.47675E-2,-1.45171E-2,-9.41515E-3,-1.25792E-2,-1.06810E-2,-7.75200E-3,-4.38521E-3,-7.57499E-3,-6.46031E-3,-6.57288E-3,-2.31235E-3,1.48639E-3,-6.76658E-3,-2.60143E-3,1.42079E-4,-1.03136E-2,-6.63069E-3,-3.91325E-3,-6.41596E-3,-7.64006E-4,1.73505E-5,-6.09503E-4,3.18404E-3,-1.12684E-3,4.13466E-3,-3.89542E-3,-6.13328E-3,1.39499E-3,3.16767E-4,6.86368E-3,8.28687E-4,-2.77360E-3,-4.74093E-4,-5.47792E-3,-2.63812E-3,-1.60230E-3,-2.20857E-3,2.81595E-3,-4.74456E-3,-5.55838E-3,-5.29873E-3,-3.46862E-3,1.91259E-3,-6.67518E-3,-7.30135E-3,3.23196E-3,-1.22024E-3,-1.42016E-3,-7.06602E-3,-6.16809E-3,-4.84414E-3,-1.26178E-3,1.19197E-3,-4.26131E-3,-5.04764E-3,-6.79424E-3,-6.03338E-3,-3.95108E-3,-2.92097E-3,-1.64390E-3,9.10795E-4,-4.04113E-3,8.95865E-4,-1.31848E-3,-1.01406E-3,-3.56662E-4,-5.36329E-3,-4.86414E-3,-3.70528E-3,3.35300E-3,3.09482E-4,-5.40389E-4,2.04649E-4,-9.97035E-4,-1.37746E-4,2.39364E-3,-7.69696E-3,-2.39323E-3,7.74997E-3,1.01013E-3,4.60742E-3,-2.75293E-4,-5.83995E-3,4.53619E-4,1.49007E-3,-1.79004E-3,-7.05175E-4,3.34119E-4,1.78194E-3,5.80285E-3
1.53526E+3,9.40170E-4,1.08874E-3,-7.92522E-4,2.95867E-4,-3.02761E-4,-4.18322E-4,5.67795E-4,-4.43454E-4,1.13025E-3,8.63523E-4,-1.46536E-5,-1.60366E-3,-1.04489E-3,3.05369E-4,-5.71446E-4,8.20202E-4,1.18996E-3,2.00749E-3,-1.18928E-3,-1.50542E-3,-4.21394E-3,-3.91745E-3,-5.03827E-3,-4.55004E-3,-6.58010E-3,-7.02964E-3,-6.43157E-3,-9.53978E-3,-6.59066E-3,-8.74510E-3,-1.10840E-2,-1.04087E-2,-9.70488E-3,-1.30044E-2,-1.36538E-2,-1.40349E-2,-1.47958E-2,-1.31559E-2,-1.50622E-2,-1.54973E-2,-1.53664E-2,-1.29662E-2,-1.18271E-2,-1.48561E-2,-1.62922E-2,-1.60586E-2,-1.54100E-2,-1.27362E-2,-1.39598E-2,-1.56317E-2,-1.49409E-2,-1.85819E-2,-1.25605E-2,-1.48904E-2,-1.13058E-2,-1.14668E-2,-1.28506E-2,-1.59813E-2,-1.34582E-2,-1.29013E-2,-1.19721E-2,-1.24374E-2,-1.28402E-2,-9.47071E-3,-1.00723E-2,-1.15913E-2,-1.28376E-2,-8.72622E-3,-1.00832E-2,-9.15141E-3,-9.32892E-3,-1.05655E-2,-7.19430E-3,-1.10253E-2,-9.54630E-3,-7.15175E-3,-1.44269E-2,-9.82346E-3,-1.07206E-2,-9.21005E-3,-1.25188E-2,-7.38466E-3,-1.10809E-2,3.07094E-3,-8.38096E-3,-7.04926E-4,-4.70149E-3,-2.17091E-3,2.90120E-3,-3.54400E-3,-4.91759E-3,-4.35873E-3,-3.41337E-3,-5.23636E-3,-4.09160E-3,-7.19666E-3,6.14523E-3,1.17871E-3,4.85933E-3,1.24119E-3,-2.28509E-3,9.80044E-3,-6.16460E-3,-1.94457E-4,3.64725E-3,-1.27192E-3,4.16068E-3,4.33134E-3,2.51713E-3,2.40005E-3,-4.95892E-3,3.24069E-3,-3.38321E-3,-1.44426E-3,2.52188E-3,-2.45412E-3,-5.96555E-3,-6.92940E-3,-1.99657E-3,-2.87092E-4,-1.22169E-3,-7.25426E-4,2.18414E-3,-4.52142E-3,-9.10052E-3,-3.54307E-3,-5.09228E-3,-2.59111E-3,-2.15948E-3,1.42873E-3,-2.47389E-3,-3.94691E-3,-5.22276E-3,-6.63267E-3,-4.04738E-3,-4.16168E-3,5.08003E-3,-2.21951E-3,-3.03404E-3,3.98759E-3,-3.86304E-3,-5.38588E-3,-9.76069E-4,-1.29648E-3,-4.42396E-3,-7.70499E-3,4.92731E-3,3.87277E-3,-5.47201E-3,3.08333E-3,-1.82981E-3,2.92232E-3,-5.83195E-4,-6.90240E-5,-4.17411E-4,3.08684E-3,4.16718E-3,8.73217E-4,-1.32530E-4,8.46139E-3,6.32436E-3,5.16813E-3,6.01036E-3,4.39759E-3,-2.40421E-3,3.32131E-3,1.52752E-3
1.53880E+3,-1.02221E-4,-3.04543E-4,-2.39125E-3,9.10880E-4,8.03587E-4,-1.27052E-3,6.90242E-4,1.73660E-3,1.22013E-3,-2.44782E-4,1.98683E-4,-9.96868E-5,-4.25693E-4,-1.40379E-3,6.82364E-4,-3.22498E-4,1.24759E-3,1.66826E-3,9.07805E-4,1.19866E-5,-3.74285E-3,-5.27196E-3,-5.31086E-3,-6.19954E-3,-5.72367E-3,-5.98168E-3,-7.81681E-3,-8.67696E-3,-6.44379E-3,-7.90984E-3,-1.09348E-2,-1.02821E-2,-9.70877E-3,-1.21496E-2,-1.28967E-2,-1.19750E-2,-1.36318E-2,-1.37456E-2,-1.28974E-2,-1.45855E-2,-1.67903E-2,-1.60867E-2,-1.46344E-2,-1.62398E-2,-1.34646E-2,-1.71527E-2,-1.51800E-2,-1.19621E-2,-1.54711E-2,-1.64511E-2,-1.41991E-2,-1.64763E-2,-1.60448E-2,-1.59792E-2,-1.27379E-2,-1.38688E-2,-1.21681E-2,-1.53777E-2,-1.31291E-2,-1.48266E-2,-1.35498E-2,-9.01107E-3,-1.22223E-2,-1.18446E-2,-1.07017E-2,-1.23325E-2,-1.29857E-2,-1.23014E-2,-7.59587E-3,-9.49684E-3,-1.00761E-2,-9.80655E-3,-5.34356E-3,-1.43542E-2,-7.81028E-3,-7.56129E-3,-1.34286E-2,-7.24601E-3,-1.46967E-2,-6.80282E-3,-7.03581E-3,-9.95676E-3,-7.45183E-3,-2.52013E-3,-1.28052E-2,-2.00781E-3,-3.73247E-3,3.76368E-3,2.13665E-3,-5.75987E-3,2.33904E-3,-8.19850E-3,-2.13081E-3,-1.02021E-2,-2.53907E-4,-8.10161E-4,3.27115E-3,2.57028E-3,2.81279E-3,3.01555E-3,5.68089E-3,3.15133E-3,1.15562E-3,-2.10230E-3,7.44322E-3,4.88510E-4,5.55738E-3,-9.93635E-4,7.58952E-3,2.10455E-3,-7.47592E-3,-2.21422E-4,-2.35603E-3,1.25180E-4,6.05870E-3,-5.59295E-3,-4.07736E-3,-5.34187E-3,1.37974E-3,1.75291E-3,-9.75176E-4,-6.85414E-4,2.84967E-3,-1.61670E-3,-4.08110E-3,-4.30320E-3,-3.72512E-3,-9.03646E-4,-2.42292E-3,2.23735E-3,-2.21877E-3,-4.37191E-3,-4.72907E-3,-8.32551E-3,-8.39115E-4,-3.40473E-3,-5.20033E-4,1.75227E-3,-7.52101E-4,-2.13615E-3,-1.04073E-3,-1.46490E-3,-6.61310E-3,-1.13199E-3,-3.20257E-3,-3.31456E-3,2.10292E-3,4.51536E-3,-4.60972E-3,4.48978E-3,-6.62757E-4,6.42188E-3,2.98552E-3,-1.26401E-3,-3.57260E-3,3.73779E-3,1.17349E-2,7.38337E-3,-5.05369E-4,9.68989E-3,1.00434E-2,-2.43579E-3,-2.41006E-3,1.11494E-3,5.04380E-3,5.69596E-3,1.98761E-3
1.54234E+3,9.20847E-4,-1.27075E-3,-1.10935E-3,-3.00034E-4,-3.39431E-4,2.90493E-5,5.45345E-4,7.06403E-4,1.54104E-3,-1.35226E-3,-1.47511E-4,2.25905E-3,1.17085E-3,-1.31924E-3,-1.33400E-3,3.10529E-3,3.64339E-5,-9.05529E-4,-2.85482E-4,-1.12178E-3,-4.01899E-3,-4.04780E-3,-4.31738E-3,-4.09650E-3,-5.08363E-3,-5.49034E-3,-4.47466E-3,-9.16337E-3,-5.74927E-3,-8.81089E-3,-1.06137E-2,-1.10728E-2,-9.55345E-3,-1.19427E-2,-1.19121E-2,-9.58401E-3,-1.31131E-2,-1.05136E-2,-1.13640E-2,-1.32600E-2,-1.27402E-2,-1.58248E-2,-1.58818E-2,-1.45862E-2,-1.53374E-2,-1.56098E-2,-1.58010E-2,-1.22230E-2,-1.41131E-2,-1.78852E-2,-1.28889E-2,-1.57024E-2,-1.39496E-2,-1.27661E-2,-1.63065E-2,-1.11325E-2,-1.27559E-2,-1.47364E-2,-1.50791E-2,-1.44609E-2,-1.48209E-2,-9.12600E-3,-1.18236E-2,-1.34876E-2,-1.26877E-2,-8.95223E-3,-1.15095E-2,-9.17844E-3,-9.88122E-3,-8.89466E-3,-1.09487E-2,-1.07009E-2,-5.53191E-3,-9.15096E-3,-4.29632E-3,-3.91402E-3,-1.18716E-2,-8.49380E-3,-1.24444E-2,-9.80682E-3,-8.47468E-3,-9.52051E-3,-8.03065E-3,1.76887E-3,-5.11484E-3,-3.17505E-3,-1.29591E-3,6.39358E-3,-5.25322E-4,-3.32483E-3,-3.47963E-3,-4.58718E-3,-5.01245E-3,-4.08629E-3,-4.49853E-3,3.02573E-4,2.01238E-3,5.99798E-3,7.78639E-3,2.00645E-3,-1.76551E-3,4.10135E-3,-3.99774E-3,3.86972E-3,5.52448E-3,-3.85728E-4,1.23930E-2,-1.02258E-3,1.60348E-2,-1.07186E-4,-1.02880E-2,-4.93236E-4,-2.54287E-3,-4.57590E-4,3.36334E-4,-1.59827E-3,-8.43321E-4,-2.68019E-3,-3.03605E-3,4.48857E-3,3.70524E-3,-3.21563E-3,2.92622E-3,5.18230E-4,-6.30678E-4,-4.59141E-3,-3.41319E-4,-4.75129E-3,-4.30869E-3,3.49727E-4,-1.23171E-3,-1.75361E-3,-3.96720E-3,-3.27997E-3,1.39639E-3,-6.59049E-3,4.16776E-3,2.66744E-3,-2.19956E-3,-1.29570E-3,-5.69873E-3,1.55725E-3,-6.32561E-4,-3.74723E-3,-1.96034E-3,7.03454E-3,9.77877E-4,5.86989E-3,-7.65749E-4,6.48284E-3,1.50423E-3,-4.47392E-3,-1.38882E-4,2.42585E-3,1.09438E-3,8.35504E-3,1.45993E-2,3.14995E-4,1.90430E-3,3.45254E-3,4.47498E-3,1.19080E-3,2.63529E-3,8.15605E-3,3.85422E-3,6.18752E-3,5.81671E-3
1.54588E+3,-2.21768E-3,-2.29621E-4,-2.04156E-5,-2.75489E-4,3.27222E-4,-1.18101E-3,-4.90343E-4,7.63247E-4,1.10443E-3,-1.95349E-4,9.60125E-4,2.18637E-3,-6.20635E-4,-6.67142E-4,5.56302E-4,2.24890E-3,1.44673E-3,2.37330E-3,2.53947E-3,1.19249E-3,-1.11299E-3,-2.92395E-3,-3.16743E-3,-5.40734E-3,-4.98323E-3,-4.58957E-3,-5.90317E-3,-9.81856E-3,-6.96775E-3,-6.37075E-3,-1.06440E-2,-1.00030E-2,-1.04275E-2,-1.17440E-2,-1.36105E-2,-1.20109E-2,-1.33311E-2,-1.11551E-2,-1.32467E-2,-1.13513E-2,-1.59839E-2,-1.25156E-2,-1.43035E-2,-1.42900E-2,-1.52331E-2,-1.39896E-2,-1.47152E-2,-9.30836E-3,-1.31957E-2,-1.66797E-2,-1.70920E-2,-1.66886E-2,-1.13569E-2,-1.43552E-2,-1.43551E-2,-1.13343E-2,-1.30520E-2,-1.64123E-2,-1.51375E-2,-1.39530E-2,-1.53947E-2,-1.11076E-2,-1.21371E-2,-1.00492E-2,-7.37038E-3,-1.06614E-2,-1.42075E-2,-7.48634E-3,-7.62697E-3,-7.08450E-3,-7.76614E-3,-6.34703E-3,-5.80949E-3,-1.01007E-2,-9.56767E-3,-2.30866E-3,-9.70322E-3,-3.36280E-3,-1.09917E-2,-1.03346E-2,-6.98561E-3,-8.94411E-3,-9.55937E-3,1.93057E-3,-7.32506E-3,8.40004E-4,-6.46790E-4,7.07930E-3,2.07488E-3,2.15435E-3,1.07971E-5,-8.51868E-4,-8.06616E-3,-3.41435E-3,-4.64598E-3,-3.43595E-3,4.31126E-3,8.18413E-3,1.91062E-3,1.06109E-2,6.89688E-3,2.64168E-3,4.73752E-4,9.83377E-4,4.99779E-3,-3.13638E-3,1.15066E-2,7.35209E-3,4.50292E-3,6.78707E-3,-5.25986E-3,-1.54794E-3,-1.65038E-3,2.13482E-3,2.69459E-3,1.23535E-3,5.36699E-3,-5.73364E-3,8.25651E-3,1.17986E-3,4.24025E-3,-1.25276E-3,1.24558E-3,1.70834E-3,3.66986E-3,-5.46619E-3,-4.44700E-3,-4.42230E-3,-2.10189E-3,-5.54385E-3,-4.05647E-3,-2.49089E-3,-1.73165E-3,-6.87009E-3,-2.57659E-3,-6.21555E-3,4.24504E-3,-3.33900E-3,3.39628E-3,1.56692E-3,5.16862E-4,-7.53135E-4,2.13392E-3,-1.09903E-3,-5.11413E-3,-1.18658E-3,7.93967E-3,1.03897E-3,-1.61352E-3,8.78139E-3,1.49996E-3,2.16571E-3,1.45751E-2,5.82647E-3,-2.94829E-3,6.34515E-3,1.89609E-2,7.86703E-3,-3.23761E-3,6.01106E-3,1.23969E-2,1.95679E-3,9.89036E-3,3.72310E-3,2.05850E-3,4.74686E-3,1.02659E-2
1.54942E+3,1.02134E-3,2.14031E-3,-5.18272E-5,9.68580E-4,-6.94771E-4,-1.89906E-3,-1.11602E-3,-8.08135E-4,2.00494E-3,-6.88693E-4,-4.97825E-4,8.27785E-4,-9.82526E-4,-4.65128E-4,2.41034E-4,-1.73507E-3,-1.06849E-3,-1.40407E-3,-3.03380E-4,5.63749E-4,-1.70386E-3,-4.72897E-3,-5.31342E-3,-4.10764E-3,-5.20530E-3,-5.80913E-3,-6.46680E-3,-8.30873E-3,-5.84014E-3,-1.14327E-2,-1.20215E-2,-1.15390E-2,-1.01133E-2,-1.25666E-2,-1.24441E-2,-1.41987E-2,-1.53529E-2,-9.62129E-3,-1.37388E-2,-1.15763E-2,-1.25620E-2,-1.75183E-2,-1.43782E-2,-1.55439E-2,-1.68050E-2,-1.91416E-2,-1.46848E-2,-1.27644E-2,-1.26852E-2,-1.75525E-2,-1.41555E-2,-1.75314E-2,-1.39059E-2,-1.33039E-2,-1.36733E-2,-1.17953E-2,-1.33494E-2,-1.40992E-2,-1.16810E-2,-1.38621E-2,-1.37633E-2,-1.11029E-2,-1.27210E-2,-1.13099E-2,-9.01372E-3,-5.92277E-3,-1.15996E-2,-8.04139E-3,-6.66978E-3,-5.49937E-3,-9.43073E-3,-1.25348E-2,-3.59641E-3,-9.60034E-3,-1.09564E-2,-5.29888E-3,-1.13172E-2,-1.04135E-2,-1.03508E-2,-7.02035E-3,-7.22159E-3,-5.70682E-3,-9.02644E-3,-9.47435E-3,-1.16906E-2,-7.83621E-3,-5.93912E-3,3.57295E-3,4.76303E-3,-3.94341E-3,-3.76525E-3,-1.92399E-3,-2.30188E-3,-3.85618E-3,2.85362E-3,-6.16909E-3,1.98708E-3,-2.77728E-3,9.14548E-3,1.03944E-2,9.62370E-4,1.15061E-2,-1.66827E-3,1.62285E-3,7.96048E-3,7.77195E-4,1.12957E-2,-6.70718E-4,7.62005E-3,-3.54988E-3,-9.15510E-3,5.27577E-4,-3.41799E-3,-1.89358E-3,2.21792E-3,-2.24648E-3,-2.79137E-3,-1.11176E-3,2.10194E-3,8.36650E-3,-3.22101E-3,-1.40621E-3,-9.85584E-4,-2.21378E-3,-5.94874E-4,-4.48025E-3,-3.40781E-5,-6.89143E-3,-2.56385E-3,-4.70304E-3,-3.65653E-3,-1.24314E-3,-1.82089E-3,-3.13134E-3,-5.48076E-3,3.73177E-3,7.06338E-3,-1.09479E-3,-2.04029E-3,7.90759E-4,2.23424E-3,1.30644E-3,3.39494E-3,-1.92969E-3,-5.16062E-3,-2.53883E-3,5.27523E-3,8.37288E-3,5.16963E-3,2.55566E-3,5.64320E-3,7.71017E-3,3.45673E-3,4.68200E-5,1.49550E-3,3.91226E-3,1.74320E-2,8.62244E-3,4.32335E-3,9.33462E-3,1.67122E-2,4.37683E-3,1.74575E-3,4.69287E-3,6.60889E-3,4.48786E-3,6.91534E-3
1.55297E+3,-8.34816E-5,7.84315E-4,-1.64197E-3,-2.67485E-4,-6.89035E-4,-6.22359E-4,8.58360E-4,-1.18388E-3,5.35219E-4,2.00617E-3,3.57582E-4,7.78157E-4,-9.98471E-4,1.52759E-5,1.51600E-4,-9.68509E-4,-3.61294E-4,-1.73712E-3,-4.76932E-4,1.34620E-3,-2.92141E-3,-4.62682E-3,-3.73854E-3,-4.73555E-3,-6.07387E-3,-7.69920E-3,-7.89763E-3,-8.43608E-3,-4.04196E-3,-9.06915E-3,-1.08698E-2,-1.05183E-2,-9.95288E-3,-1.42394E-2,-1.24049E-2,-1.16058E-2,-1.53033E-2,-8.82823E-3,-1.34415E-2,-1.48487E-2,-1.27663E-2,-1.37805E-2,-1.59811E-2,-1.48618E-2,-1.34927E-2,-1.67153E-2,-1.45801E-2,-1.35422E-2,-1.20968E-2,-1.48648E-2,-1.47260E-2,-1.64959E-2,-1.53192E-2,-1.38190E-2,-1.31455E-2,-9.65605E-3,-1.51490E-2,-1.24349E-2,-1.29148E-2,-1.12637E-2,-1.38607E-2,-1.03295E-2,-1.30814E-2,-9.71077E-3,-9.42685E-3,-7.77341E-3,-1.12342E-2,-7.04458E-3,-1.39103E-2,-8.76332E-3,-9.15862E-3,-1.14422E-2,-8.77844E-4,-1.29423E-2,-6.69994E-3,-2.63731E-3,-1.40304E-2,-5.35399E-3,-1.20934E-2,-8.33745E-3,-1.10720E-2,-7.53059E-3,-6.71555E-3,-6.56947E-3,-7.77421E-3,-4.91169E-3,-9.15473E-3,6.23459E-3,1.12020E-3,1.63427E-4,3.31941E-3,3.81710E-3,-4.10966E-3,-2.55504E-3,3.32946E-4,-3.14192E-3,9.37349E-3,6.26874E-3,1.68226E-3,5.63763E-3,-3.38090E-3,1.19623E-2,2.79129E-3,1.99813E-3,1.11562E-2,2.57138E-3,8.89082E-3,3.67119E-3,7.22182E-3,4.76462E-3,6.90530E-4,-3.18650E-3,-3.04027E-3,9.01060E-5,2.99519E-3,-4.86558E-3,-6.64800E-3,7.66193E-4,4.39469E-3,5.51929E-3,-2.90376E-3,-1.75138E-3,8.10939E-3,-7.95950E-4,5.62797E-3,-1.03362E-3,-5.82477E-4,-4.84665E-3,-3.37465E-3,-2.93430E-4,-1.43895E-5,-8.49978E-4,-2.06418E-3,-6.04557E-3,-1.82556E-3,1.79448E-3,4.84757E-3,3.09397E-3,-1.05591E-3,2.39641E-3,4.61678E-3,1.36915E-3,-2.54840E-3,-1.47008E-3,-4.01773E-3,-1.25241E-3,6.25313E-3,1.55603E-2,4.18480E-3,9.17516E-3,2.73152E-3,4.17302E-3,2.38534E-3,2.56074E-3,2.73416E-3,9.77955E-3,1.48484E-2,-2.85411E-4,2.31937E-3,9.88370E-3,6.16879E-3,6.52546E-3,8.69210E-3,7.27062E-3,3.12779E-3,2.52172E-3,1.61636E-2
1.55651E+3,-3.71386E-4,-3.26414E-4,-9.42658E-4,1.26030E-3,-1.72576E-3,-8.59224E-4,-1.48709E-3,2.05179E-3,1.19699E-3,1.04954E-3,2.33686E-4,4.06194E-4,-5.61791E-4,2.29585E-4,-1.53758E-4,9.43057E-4,-2.11461E-3,-1.76225E-3,6.22331E-4,-1.31280E-3,-4.25350E-3,-3.16810E-3,-4.52655E-3,-4.54005E-3,-5.00328E-3,-4.29262E-3,-5.52352E-3,-7.71865E-3,-6.35024E-3,-8.19765E-3,-1.03407E-2,-1.06204E-2,-1.05371E-2,-1.39821E-2,-1.51384E-2,-1.42464E-2,-1.54906E-2,-1.25540E-2,-1.12106E-2,-1.70960E-2,-1.22970E-2,-1.23920E-2,-1.14621E-2,-1.51528E-2,-1.64513E-2,-1.47066E-2,-1.40255E-2,-1.03721E-2,-1.35739E-2,-1.52914E-2,-1.30462E-2,-1.69815E-2,-1.43541E-2,-1.74763E-2,-1.31495E-2,-9.60825E-3,-1.31087E-2,-1.62278E-2,-1.04168E-2,-1.09684E-2,-1.29894E-2,-1.36295E-2,-9.69844E-3,-1.35432E-2,-9.77918E-3,-1.07072E-2,-1.14913E-2,-4.04323E-3,-8.59023E-3,-7.33184E-3,-9.46652E-3,-8.69324E-3,-7.73664E-3,-7.81146E-3,-7.62296E-3,1.45028E-4,-7.98630E-3,-7.30144E-3,-1.26548E-2,-4.97277E-3,-3.90468E-3,-7.10921E-4,-6.90483E-3,2.19363E-3,-1.61700E-2,-1.92225E-3,-2.08591E-3,8.25039E-3,-2.08757E-3,-2.98988E-3,-2.33609E-3,-4.29694E-3,-5.42778E-3,2.16563E-4,-6.45456E-4,-2.44633E-3,1.10795E-2,1.29411E-2,7.06562E-3,1.25443E-2,8.24171E-3,1.26959E-2,1.30048E-3,9.50675E-4,1.26642E-2,5.34741E-3,1.84035E-2,1.95850E-3,7.69454E-3,3.19307E-3,-3.35859E-3,4.57157E-3,-2.35836E-3,1.59981E-3,9.61138E-3,-5.71704E-4,-3.04594E-3,3.27107E-3,9.18230E-3,6.83229E-3,-3.26055E-3,-2.97254E-4,1.25594E-2,1.91569E-3,-5.71973E-4,1.84633E-3,-4.16121E-3,-1.01800E-3,-9.86704E-4,-2.06802E-3,1.83510E-3,1.08442E-3,-3.95795E-3,-4.02836E-3,1.87127E-3,1.33366E-3,4.06294E-3,3.91555E-3,-1.12443E-3,3.70405E-3,1.26206E-3,6.72349E-3,1.02853E-3,1.39330E-3,-3.19794E-3,-6.00850E-4,3.41216E-3,1.47709E-2,-4.99933E-3,2.16979E-3,6.53016E-3,1.03278E-2,2.42501E-3,3.45497E-3,1.45843E-3,1.68190E-3,1.40551E-2,6.34762E-3,7.24231E-3,8.18553E-3,1.46260E-2,5.93311E-3,6.36970E-3,-3.72700E-3,1.53625E-3,2.24655E-3,2.34515E-3
1.56006E+3,-1.22728E-3,3.06283E-3,-8.44544E-4,-3.49125E-4,-9.92205E-4,-1.04106E-3,-2.05869E-3,-5.43972E-4,7.33583E-4,4.86698E-4,-1.37985E-3,3.18585E-3,9.03638E-4,1.41719E-3,-1.35307E-3,2.73131E-3,-3.35213E-3,3.16060E-3,4.44406E-4,-1.33324E-3,-3.18274E-3,-1.52096E-3,-3.88015E-3,-4.82035E-3,-5.91561E-3,-5.23066E-3,-7.36217E-3,-8.40080E-3,-7.92449E-3,-8.28681E-3,-1.33793E-2,-1.02041E-2,-8.92587E-3,-1.39616E-2,-1.17617E-2,-1.00444E-2,-1.26438E-2,-1.07161E-2,-1.15871E-2,-1.32069E-2,-1.39217E-2,-1.58677E-2,-1.43190E-2,-1.55072E-2,-1.44959E-2,-1.45488E-2,-1.70651E-2,-1.53816E-2,-1.43324E-2,-1.39425E-2,-1.18467E-2,-1.55815E-2,-1.29789E-2,-1.64852E-2,-1.29014E-2,-1.11012E-2,-8.63569E-3,-1.50890E-2,-1.07385E-2,-1.30968E-2,-1.34485E-2,-1.09274E-2,-1.27239E-2,-1.06958E-2,-1.22337E-2,-1.45142E-2,-1.23782E-2,-8.68462E-3,-5.57970E-3,-6.90691E-3,-8.58883E-3,-1.13198E-2,3.55693E-4,-8.85170E-3,-7.81424E-3,-2.41877E-3,-1.29909E-2,-5.61809E-3,-1.36730E-2,-1.22376E-2,-6.11463E-3,-6.74928E-3,-1.07248E-2,-1.59546E-3,-1.15561E-2,4.12800E-3,-6.52740E-3,7.16265E-3,5.19138E-3,-3.77402E-3,5.53487E-3,3.89318E-3,-2.68704E-3,-6.17254E-4,3.71188E-3,-5.12690E-3,-4.75549E-4,1.07189E-2,1.19497E-2,9.29753E-3,2.16095E-4,9.63174E-3,-8.74127E-4,6.94859E-3,1.25974E-2,6.09486E-3,1.62641E-2,7.41643E-3,6.68795E-3,5.25978E-3,-8.68528E-3,4.19435E-3,3.66938E-4,-1.03725E-3,1.12259E-2,-9.52050E-4,5.27374E-4,-2.20214E-3,4.96075E-3,1.73879E-3,3.05692E-4,1.96094E-3,1.28387E-2,-2.40331E-3,3.85130E-3,-1.36662E-3,-3.38405E-3,1.51413E-3,8.82811E-5,4.84962E-3,3.08287E-3,1.04214E-4,-1.86889E-3,-5.11245E-3,-2.77594E-3,2.66045E-5,8.75906E-3,-1.27559E-3,3.56830E-3,5.03506E-3,-2.22654E-4,7.74307E-3,1.23669E-3,-2.52220E-3,-2.77800E-3,-1.97056E-3,1.17080E-2,7.88073E-3,9.68601E-4,7.75124E-3,1.13154E-2,5.80324E-3,1.58743E-3,6.54914E-3,3.51772E-4,1.11813E-2,1.79022E-2,6.47047E-3,1.47563E-2,8.12466E-3,4.69315E-3,6.97815E-3,1.22849E-2,1.10460E-2,6.88013E-3,4.03581E-3,1.35879E-2
1.56361E+3,-1.57955E-3,-8.13333E-4,-3.53709E-4,8.24866E-4,7.12093E-4,-2.27960E-4,-1.30706E-3,4.66769E-4,6.07066E-4,6.68551E-4,-2.29518E-3,4.42752E-4,1.83543E-3,1.60118E-3,-5.81916E-4,2.83842E-3,1.37038E-3,3.75211E-3,-4.54283E-4,-1.66078E-3,-2.85991E-3,-3.65294E-3,-6.87280E-3,-3.80688E-3,-7.00574E-3,-4.22524E-3,-3.93278E-3,-8.62709E-3,-6.18698E-3,-9.29702E-3,-9.54616E-3,-8.21625E-3,-1.00259E-2,-1.34179E-2,-9.79317E-3,-8.02057E-3,-1.51101E-2,-1.15759E-2,-1.32563E-2,-1.34861E-2,-1.01676E-2,-1.58430E-2,-1.01349E-2,-1.31106E-2,-1.45612E-2,-1.60070E-2,-1.41226E-2,-1.40159E-2,-1.06788E-2,-1.50231E-2,-1.26738E-2,-1.66810E-2,-1.65221E-2,-1.29656E-2,-1.34068E-2,-1.23674E-2,-1.27969E-2,-1.41126E-2,-1.24615E-2,-9.53843E-3,-1.42768E-2,-1.01057E-2,-1.16193E-2,-1.03345E-2,-8.74802E-3,-6.44516E-3,-9.86234E-3,-6.08518E-3,-9.71774E-3,-9.41128E-3,-9.37431E-3,-1.15544E-2,-4.27551E-3,-1.12703E-2,-5.61877E-3,-3.41833E-3,-1.19928E-2,-9.24903E-3,-9.75961E-3,-6.05864E-3,-6.51783E-3,-5.67369E-3,5.42349E-4,3.56006E-3,-2.85584E-3,-2.92278E-3,-3.13811E-3,1.77052E-2,7.42164E-3,2.66635E-4,-1.05594E-3,4.27847E-3,7.44996E-4,-2.05320E-3,2.93615E-3,1.94514E-3,6.61478E-3,1.44886E-2,1.12470E-2,1.42399E-2,1.46135E-2,2.30335E-2,4.95610E-4,6.92744E-3,1.19005E-2,1.02880E-2,1.32639E-2,8.57058E-3,2.01395E-2,1.45336E-2,-3.57445E-3,5.49015E-3,3.43393E-3,5.53102E-3,8.11902E-3,4.63155E-3,-8.10236E-5,4.01464E-4,3.07438E-3,1.35734E-2,-2.88764E-3,1.95430E-4,1.32047E-2,-4.17868E-3,7.41959E-3,-4.96443E-3,4.91937E-3,4.85487E-3,4.70145E-3,1.21123E-2,-3.35170E-4,7.53791E-3,2.80584E-3,-4.59508E-3,7.06475E-4,-2.92468E-3,1.23747E-2,1.09685E-3,1.08713E-3,9.87668E-3,1.31359E-3,2.67393E-3,3.32105E-4,-2.70785E-4,-4.00634E-3,4.30444E-3,4.37611E-3,1.07645E-2,8.46834E-3,9.98701E-3,1.12575E-2,7.60398E-3,7.43544E-3,9.75686E-3,3.31211E-3,8.40360E-3,2.68807E-2,2.07756E-2,1.15602E-2,7.48230E-3,1.60646E-2,1.84319E-3,1.80338E-2,8.68338E-3,7.40741E-3,5.04720E-3,9.75314E-3
1.56715E+3,-1.48685E-3,-1.65477E-4,-1.46994E-3,1.14915E-3,7.84150E-4,-8.32239E-4,-7.94634E-4,1.20398E-3,2.12472E-3,1.24515E-3,-5.03211E-4,-3.27053E-3,1.89511E-4,-8.71524E-5,1.91338E-3,2.86193E-3,2.23674E-3,7.37605E-4,1.32864E-3,7.61143E-4,-3.28186E-3,-3.86574E-3,-3.84961E-3,-3.65399E-3,-5.45168E-3,-5.24826E-3,-6.76713E-3,-7.32662E-3,-4.78978E-3,-1.00274E-2,-7.43693E-3,-9.13932E-3,-1.09664E-2,-1.32877E-2,-1.21240E-2,-1.53678E-2,-1.38554E-2,-9.34443E-3,-1.05964E-2,-1.48306E-2,-1.14760E-2,-1.45083E-2,-1.46565E-2,-1.35368E-2,-1.55255E-2,-1.51924E-2,-1.47447E-2,-1.38332E-2,-1.17015E-2,-1.60399E-2,-1.08487E-2,-1.77594E-2,-1.41926E-2,-1.36980E-2,-9.21473E-3,-9.03871E-3,-1.55796E-2,-1.39200E-2,-1.04749E-2,-1.38852E-2,-1.34860E-2,-7.69045E-3,-9.67542E-3,-5.90684E-3,-5.24027E-3,-6.63284E-3,-1.02611E-2,-6.59447E-3,-8.75927E-3,-4.35885E-3,-8.78057E-3,-1.25339E-2,-2.77689E-3,-5.16172E-3,-3.23282E-3,2.80839E-4,-8.38068E-3,-9.85828E-3,-7.39894E-3,-4.56222E-3,1.03517E-3,-5.84061E-3,-3.43252E-3,-6.62943E-4,-7.78095E-3,7.89950E-3,1.93364E-3,1.02230E-2,5.63099E-3,9.23026E-3,7.70736E-4,1.63089E-3,3.77120E-3,3.59098E-3,1.04490E-2,3.83026E-3,6.16636E-3,8.35785E-3,1.11560E-2,1.07166E-2,1.31852E-2,1.81111E-2,-1.20877E-3,6.61325E-3,1.63216E-2,1.03485E-2,1.95141E-2,1.61711E-2,1.76869E-2,1.42025E-2,-2.98421E-3,6.15045E-3,-3.19976E-3,-4.22148E-3,1.12537E-2,3.27172E-3,6.22737E-3,2.17945E-3,6.70056E-3,9.81420E-3,2.82249E-3,1.99410E-3,5.02688E-3,2.08556E-3,6.86883E-3,-2.84956E-3,4.85397E-3,-1.58915E-3,-4.75031E-4,3.96772E-3,2.36594E-3,1.17005E-2,3.35161E-3,-6.17215E-4,-2.22012E-3,6.45148E-3,9.73116E-3,4.93807E-3,5.11551E-4,9.29178E-3,3.38234E-3,7.00934E-3,1.43948E-3,2.85351E-3,-3.67066E-3,1.67795E-3,1.17359E-2,1.02725E-2,4.44920E-3,1.96442E-2,1.13035E-2,1.56703E-2,8.73803E-3,2.49784E-3,2.73674E-3,1.57371E-2,2.40553E-2,8.39161E-3,1.52922E-2,1.05494E-2,-4.79715E-3,7.10065E-3,1.28409E-2,6.41924E-3,1.46515E-2,3.09679E-3,1.09498E-2
1.57070E+3,-1.55752E-3,6.72567E-4,-2.09282E-3,-2.93087E-4,2.55642E-3,-9.39228E-7,-1.89265E-3,2.06534E-3,-3.87152E-4,-1.50827E-4,-1.68301E-3,2.39362E-3,6.26281E-5,-1.80125E-3,2.10867E-3,2.28891E-3,7.67606E-4,2.63748E-3,1.81380E-4,1.19531E-3,6.77359E-4,-3.60158E-3,-2.49013E-3,-3.10229E-3,-5.84264E-3,-7.74041E-3,-5.93462E-3,-7.15718E-3,-3.32191E-3,-6.05667E-3,-8.61597E-3,-7.84988E-3,-1.16283E-2,-1.37472E-2,-1.33092E-2,-1.63799E-2,-1.32170E-2,-8.97670E-3,-1.10981E-2,-1.06265E-2,-1.59862E-2,-1.33841E-2,-1.29855E-2,-1.32743E-2,-1.50569E-2,-1.83655E-2,-1.69350E-2,-1.24521E-2,-1.49612E-2,-1.65540E-2,-1.20065E-2,-1.40693E-2,-1.41105E-2,-1.59229E-2,-1.32273E-2,-1.29032E-2,-1.38485E-2,-1.37097E-2,-7.01593E-3,-1.17019E-2,-1.23244E-2,-7.30013E-3,-1.09773E-2,-7.12820E-3,-1.35633E-2,-1.05969E-2,-1.28058E-2,-1.76936E-3,-1.17013E-2,-7.80316E-3,-8.53134E-3,-6.17296E-3,-1.33953E-3,-7.88093E-3,-2.04322E-3,-3.26516E-3,-6.30372E-3,-1.09183E-2,-1.03790E-2,-7.94207E-3,-1.78387E-3,-1.44410E-3,-8.71477E-3,4.24234E-3,-1.00577E-4,8.54927E-3,2.42318E-3,1.23623E-2,6.99272E-3,-2.58293E-3,4.26788E-4,-5.40431E-3,3.61222E-3,1.28878E-4,3.56809E-3,1.81584E-3,1.28386E-2,3.59210E-3,1.24367E-2,1.67635E-2,2.33756E-2,2.39801E-2,2.63986E-3,1.55083E-3,2.30224E-2,7.13656E-3,1.62863E-2,1.32687E-2,2.64217E-2,1.15161E-2,-5.86250E-3,2.73709E-3,6.74571E-3,5.41041E-3,1.27684E-2,4.45828E-3,5.53470E-3,8.07763E-3,2.33544E-3,8.80086E-3,8.39640E-3,5.85642E-3,7.63325E-3,5.99508E-3,6.35355E-3,-1.27251E-3,-1.95614E-3,-1.83651E-3,1.45358E-3,2.89169E-3,-1.07841E-3,1.82863E-3,3.93166E-3,-1.91941E-5,5.57244E-3,1.28198E-2,8.09966E-3,5.92315E-3,2.33863E-3,9.24427E-3,-4.11157E-4,5.77371E-3,9.15802E-3,5.45267E-3,-1.53237E-3,2.86331E-3,9.12698E-3,1.79832E-2,9.06161E-3,1.46022E-2,1.57193E-2,6.40163E-3,7.14418E-3,4.75450E-3,1.12580E-2,2.36593E-2,3.92123E-2,9.00339E-3,1.12318E-2,1.24024E-2,2.74477E-2,1.37180E-2,7.34898E-3,6.01264E-3,7.70142E-3,7.89026E-3,2.39242E-2
1.57425E+3,9.31853E-4,8.76957E-4,-1.23277E-3,-1.35564E-3,-8.57347E-5,-1.61441E-3,-5.31117E-4,1.15066E-3,9.57476E-4,-1.41307E-4,-4.43165E-4,3.12439E-3,1.21981E-3,-1.32044E-3,-1.53656E-3,1.83556E-3,1.68265E-3,5.97158E-4,3.04144E-3,1.93804E-4,-1.19557E-3,-4.01531E-3,-3.20145E-3,-5.24080E-3,-3.58318E-3,-5.28405E-3,-3.91015E-3,-7.44469E-3,-2.54350E-3,-1.05781E-2,-9.81741E-3,-8.62452E-3,-6.86579E-3,-1.34646E-2,-1.73543E-2,-1.42949E-2,-1.44280E-2,-1.14943E-2,-6.71711E-3,-1.36514E-2,-1.22640E-2,-1.36703E-2,-9.04018E-3,-1.42260E-2,-1.52195E-2,-1.50291E-2,-1.63269E-2,-7.95117E-3,-1.28401E-2,-1.74117E-2,-1.04463E-2,-1.47443E-2,-1.60598E-2,-1.26760E-2,-1.33389E-2,-8.73421E-3,-1.59182E-2,-1.60092E-2,-1.30401E-2,-1.13488E-2,-1.12937E-2,-1.07189E-2,-1.24141E-2,-5.98912E-3,-1.31067E-2,-1.16490E-2,-9.83016E-3,-8.18475E-3,-9.15820E-3,-4.71656E-3,-5.54134E-3,-1.06648E-2,-1.46338E-3,-4.24704E-3,-2.65121E-3,4.44127E-3,-8.04006E-3,-6.28849E-3,-6.75285E-3,-7.02642E-3,-8.94887E-4,-3.35660E-3,-8.20432E-3,8.95552E-3,-2.30090E-3,9.63612E-3,1.02826E-3,7.82555E-3,1.19850E-2,2.12483E-5,9.13004E-3,4.29503E-3,6.17135E-3,7.39494E-3,1.66647E-3,1.04756E-3,8.46424E-3,1.18451E-2,1.29718E-2,2.00105E-2,1.88434E-2,1.59370E-2,1.34187E-3,1.18092E-2,1.74985E-2,1.25156E-2,3.17568E-2,1.29395E-2,1.26976E-2,7.83310E-3,-2.42252E-3,-8.12558E-4,2.31244E-3,-2.76938E-4,1.35259E-2,5.06572E-3,-2.46688E-3,3.20758E-3,1.01152E-2,8.33608E-3,6.21828E-3,1.56138E-3,1.16071E-2,3.89380E-3,4.59913E-3,-1.94812E-3,5.72355E-3,1.30675E-3,-1.23178E-3,2.17710E-3,2.85319E-3,6.26451E-3,8.58480E-3,2.15242E-3,8.10224E-3,8.78799E-3,1.62189E-2,5.00833E-3,-2.38598E-4,1.15567E-2,1.03353E-2,8.87009E-3,1.01394E-2,7.94211E-3,-4.28672E-4,6.85762E-4,2.19571E-2,1.56199E-2,1.22529E-2,1.22871E-2,1.02937E-2,1.17118E-2,1.94957E-2,1.36606E-2,1.64312E-2,1.85854E-2,4.48106E-2,1.77031E-2,7.77173E-3,1.41635E-2,1.50121E-2,6.18823E-3,3.19908E-3,5.66668E-3,1.37081E-2,6.14131E-3,2.05548E-2
1.57780E+3,-1.10934E-3,1.47932E-4,-2.29924E-4,1.65752E-3,1.66878E-3,1.35569E-5,-1.42228E-3,7.16846E-4,6.17562E-4,7.37152E-4,9.77498E-4,-1.26110E-3,1.07691E-3,-3.60288E-3,1.17660E-5,9.44443E-4,1.42936E-3,3.79078E-3,-1.89508E-3,4.30610E-3,-3.51450E-3,-3.59348E-3,-1.26568E-3,-3.56503E-4,-4.53160E-3,-6.04422E-3,-3.06718E-3,-7.51199E-3,-6.71625E-3,-9.86525E-3,-1.06209E-2,-8.95289E-3,-1.02841E-2,-1.49240E-2,-1.26121E-2,-1.08345E-2,-1.37253E-2,-1.16015E-2,-1.06772E-2,-1.24119E-2,-1.07105E-2,-1.01298E-2,-1.28854E-2,-1.48865E-2,-1.26103E-2,-1.65761E-2,-1.45818E-2,-1.30902E-2,-1.40509E-2,-1.62718E-2,-1.27244E-2,-1.53533E-2,-1.51280E-2,-1.45195E-2,-1.04255E-2,-9.60788E-3,-1.05106E-2,-1.35570E-2,-1.25640E-2,-1.37629E-2,-1.14927E-2,-7.97946E-3,-8.18008E-3,-9.53539E-3,-5.54310E-3,-2.65898E-3,-9.58870E-3,-7.43517E-3,-8.62434E-3,-6.82703E-3,-6.89138E-3,-5.48589E-3,-2.18910E-3,-9.53732E-3,-9.94205E-4,3.40762E-4,-7.82853E-3,-5.56463E-3,-1.60378E-2,-1.84390E-3,-4.66417E-3,2.21678E-4,1.70589E-3,5.27867E-3,-9.21709E-4,1.57917E-2,3.10552E-3,1.92127E-2,1.50749E-2,7.29920E-3,3.16211E-3,3.40423E-3,1.41517E-3,6.43536E-3,1.06212E-2,2.34849E-3,1.67066E-2,1.11518E-2,2.66813E-2,1.52770E-2,2.12664E-2,2.94016E-2,-4.48049E-5,1.88266E-2,2.62245E-2,1.46024E-2,1.46769E-2,1.32833E-2,2.45449E-2,4.34076E-3,9.11576E-4,7.74818E-3,-8.59383E-4,7.78903E-3,1.62295E-2,3.65847E-3,6.21458E-3,9.94426E-3,1.13280E-2,1.15979E-2,1.38135E-2,7.25094E-3,1.41085E-2,1.16699E-2,8.45251E-3,1.53575E-3,4.04797E-3,5.47806E-3,5.54116E-3,1.90566E-2,1.35807E-2,6.84596E-3,1.02275E-3,-6.79600E-3,-3.23050E-3,8.03202E-3,1.70446E-2,4.55294E-3,3.83048E-3,2.20916E-2,7.26803E-3,6.19135E-3,3.68059E-3,5.77925E-3,-3.71741E-3,1.11999E-3,1.81252E-2,2.96454E-2,7.53746E-3,1.22020E-2,1.28780E-2,1.34494E-2,5.84521E-3,9.69201E-3,1.01187E-2,2.16487E-2,4.94022E-2,8.41908E-3,2.44313E-2,1.85814E-2,3.02127E-2,9.04635E-3,1.39141E-2,1.79166E-2,1.55789E-2,1.70858E-2,2.77957E-2
1.58135E+3,-6.79651E-4,3.06008E-3,-1.30974E-3,-1.50101E-5,6.46659E-4,-2.36834E-4,-2.30205E-3,-1.01191E-4,1.37595E-3,1.39200E-3,-1.55857E-3,5.89991E-4,-7.24595E-5,-1.21628E-3,4.27113E-4,2.35597E-3,4.12475E-3,2.62946E-3,1.39147E-3,3.44166E-4,-3.02572E-3,-3.37897E-3,-5.85749E-3,-6.07341E-3,-3.13202E-3,-3.89777E-3,-4.59922E-3,-9.28564E-3,-9.43575E-3,-7.50049E-3,-8.25268E-3,-7.47707E-3,-8.91407E-3,-1.31678E-2,-9.37031E-3,-1.57722E-2,-1.39344E-2,-8.56998E-3,-1.17689E-2,-1.07466E-2,-1.03904E-2,-1.30901E-2,-1.12972E-2,-1.32009E-2,-1.48538E-2,-1.46182E-2,-1.51647E-2,-8.73429E-3,-1.03284E-2,-1.63840E-2,-1.31375E-2,-1.33161E-2,-1.45389E-2,-1.49381E-2,-1.29629E-2,-6.65593E-3,-1.12448E-2,-1.19303E-2,-9.58478E-3,-1.31585E-2,-1.17123E-2,-8.50693E-3,-1.02173E-2,-1.04518E-2,-6.48812E-3,-1.37826E-2,-1.20438E-2,-4.10758E-3,-8.09906E-3,-1.51417E-2,-5.52707E-3,-7.47578E-3,-2.01309E-3,-2.14684E-3,-1.10752E-3,6.91801E-4,-1.08004E-2,-8.98934E-3,-7.36430E-3,-6.60940E-3,-2.19119E-3,-7.18567E-4,2.39765E-3,1.99879E-2,1.50261E-3,9.10206E-3,1.21440E-2,2.34628E-2,1.23023E-2,9.77786E-5,-1.91464E-3,1.20565E-2,-1.31945E-3,6.39511E-3,7.64805E-3,8.49684E-3,2.00035E-2,1.63536E-2,1.81309E-2,1.39256E-2,2.44796E-2,2.07540E-2,-2.30421E-3,1.50738E-2,2.51272E-2,1.03176E-2,3.23635E-2,2.95891E-2,2.42852E-2,2.20362E-2,6.06704E-3,6.73505E-3,3.76755E-3,1.29937E-2,2.15489E-2,1.32713E-2,5.60991E-3,4.00437E-3,4.72594E-3,2.12319E-2,1.15071E-2,1.06636E-2,2.76467E-2,1.31407E-2,3.57444E-3,7.52021E-3,1.53958E-2,7.84681E-3,-1.09653E-3,1.95749E-2,8.12568E-3,3.42831E-3,7.92355E-3,3.71734E-3,1.15546E-2,1.73155E-2,2.89923E-2,1.27737E-2,1.01000E-2,1.37860E-2,5.03408E-3,1.68074E-2,1.37646E-2,4.94208E-3,1.22359E-3,6.10828E-3,1.69115E-2,2.91489E-2,1.49372E-2,3.02065E-2,2.32848E-2,2.10886E-2,2.08167E-2,6.54377E-3,1.07240E-2,3.61212E-2,4.40120E-2,1.98091E-2,2.24045E-2,3.36919E-2,2.63068E-2,1.90195E-2,2.30838E-2,1.79953E-2,2.42096E-2,2.08061E-2,3.95893E-2
1.58490E+3,-2.14777E-4,5.67575E-4,-7.39147E-4,1.69020E-3,6.79635E-4,7.75379E-4,-2.66820E-3,-1.62932E-3,-1.02927E-3,-1.10053E-3,2.60189E-4,1.26866E-5,-4.49674E-4,3.53006E-5,3.80995E-3,-5.98458E-4,1.22346E-3,-1.41809E-3,-7.77366E-4,4.19592E-4,-1.59992E-4,-4.12749E-3,-3.76289E-3,-4.85302E-3,-5.49352E-3,-5.49912E-3,-3.75202E-3,-6.53279E-3,-6.98927E-3,-9.33216E-3,-1.05146E-2,-9.23766E-3,-8.34762E-3,-1.19066E-2,-7.71237E-3,-1.21183E-2,-1.69116E-2,-1.18971E-2,-9.06149E-3,-1.49661E-2,-8.54020E-3,-1.28593E-2,-1.29588E-2,-1.00473E-2,-1.51667E-2,-1.48978E-2,-1.10886E-2,-1.09151E-2,-1.43905E-2,-1.74235E-2,-1.34119E-2,-1.60139E-2,-1.47752E-2,-1.62796E-2,-9.31709E-3,-1.03524E-2,-1.04573E-2,-1.41447E-2,-1.02296E-2,-1.44478E-2,-1.15288E-2,-4.51448E-3,-9.74307E-3,-3.80300E-3,-5.90238E-3,-6.61316E-3,-1.00687E-2,-2.11352E-3,-1.35622E-2,-5.07754E-3,-7.81934E-3,-9.91998E-3,-2.49301E-4,-2.65781E-3,-3.05140E-3,8.27258E-3,-8.52266E-3,-9.16610E-3,-4.42167E-3,-3.96023E-3,-1.58403E-3,-2.92912E-4,1.98793E-4,1.26603E-2,-2.19575E-3,4.67935E-3,-2.47262E-3,1.65989E-2,1.94288E-2,2.66358E-3,6.74451E-3,9.31834E-3,8.22785E-3,3.04406E-3,6.09804E-3,1.30810E-2,9.72643E-3,4.93057E-3,1.18027E-2,2.87989E-2,2.99204E-2,3.31791E-2,8.71882E-3,1.79628E-2,1.40373E-2,2.02894E-2,3.57288E-2,1.94394E-2,3.70497E-2,4.57752E-3,-8.10817E-4,1.25460E-2,9.99426E-3,4.50986E-3,2.74033E-2,1.55198E-2,1.04938E-2,1.15374E-2,1.22179E-2,3.65363E-2,1.27244E-3,7.95379E-3,1.88833E-2,7.96637E-3,1.53244E-2,3.51419E-3,5.44209E-3,6.04382E-3,1.11426E-2,1.60966E-2,1.21169E-2,1.22439E-2,6.61732E-3,-9.47123E-4,2.29998E-2,1.34589E-2,2.87770E-2,1.54697E-2,6.99726E-3,1.59754E-2,3.87505E-3,1.54306E-2,1.46180E-2,1.60164E-2,-4.39935E-3,5.15464E-3,1.97206E-2,3.09548E-2,8.84388E-3,2.29845E-2,1.29580E-2,1.91370E-2,2.91510E-2,8.66486E-3,1.46603E-2,2.72739E-2,4.68317E-2,1.72102E-2,1.24686E-2,2.00875E-2,2.29501E-2,1.41789E-2,1.41143E-2,3.28641E-3,1.63588E-2,1.89023E-2,2.49073E-2
1.58845E+3,5.83915E-4,-1.07883E-3,-7.37979E-4,-2.40959E-4,-2.40011E-4,-1.76878E-3,3.27915E-3,1.18435E-3,2.20544E-3,-2.93548E-3,1.69230E-3,7.83868E-4,-3.75165E-4,-8.25461E-4,-1.52636E-3,5.85560E-4,3.34234E-3,5.81411E-3,6.35266E-4,5.24466E-4,-5.24044E-3,-5.73256E-3,-4.83293E-3,-4.63149E-3,-5.54907E-3,-4.80961E-3,-4.86478E-3,-5.59244E-3,-6.48298E-3,-1.07682E-2,-6.77620E-3,-9.85593E-3,-8.59615E-3,-1.39829E-2,-1.43699E-2,-5.37050E-3,-1.37565E-2,-5.25903E-3,-6.37719E-3,-1.19614E-2,-1.13870E-2,-1.25129E-2,-1.09189E-2,-1.17152E-2,-1.32424E-2,-1.62908E-2,-1.62963E-2,-1.22194E-2,-9.17781E-3,-1.79215E-2,-1.44996E-2,-1.89843E-2,-1.23637E-2,-1.37494E-2,-9.93561E-3,-9.24845E-3,-1.25839E-2,-1.45461E-2,-1.24480E-2,-9.16129E-3,-1.23944E-2,-1.18253E-2,-1.31783E-2,-6.66069E-3,-4.41670E-3,-6.78074E-3,-7.09097E-3,-6.68406E-3,-3.09652E-3,-8.07291E-3,-2.14989E-3,-5.41115E-3,3.03763E-3,-9.69135E-3,-3.11879E-3,6.04768E-3,-1.03552E-2,-1.73434E-3,-3.61030E-3,-5.80493E-3,-2.55519E-3,5.26265E-3,-4.00773E-3,2.02746E-2,5.72897E-3,2.45412E-2,1.64210E-2,1.53207E-2,7.57082E-3,8.35051E-3,6.55816E-3,2.42832E-3,9.16377E-3,1.04450E-2,1.37463E-2,1.40586E-2,2.10602E-2,3.05929E-2,2.72342E-2,2.39442E-2,1.99211E-2,4.17485E-2,6.62858E-3,2.76864E-2,4.07833E-2,2.23456E-2,4.00243E-2,3.93773E-2,2.95508E-2,2.68452E-2,-4.14899E-3,6.42551E-3,4.65996E-3,1.13888E-2,2.14173E-2,3.99592E-3,1.49849E-2,2.72066E-3,2.24086E-2,2.07043E-2,8.65527E-3,1.22153E-2,1.49509E-2,1.25654E-2,1.81063E-2,9.59414E-3,8.49283E-3,2.50267E-3,1.41253E-2,2.24205E-2,1.38680E-2,1.38109E-2,1.24819E-2,2.05889E-3,1.23911E-2,1.76121E-2,2.58006E-2,1.09962E-2,1.74517E-3,2.42907E-2,1.53328E-2,3.20954E-2,1.69805E-2,1.30068E-2,1.53918E-3,2.07366E-3,2.43912E-2,2.94414E-2,1.45240E-2,4.59639E-2,1.96740E-2,1.76690E-2,2.01840E-2,1.57744E-2,2.01430E-2,3.45743E-2,4.99998E-2,2.28247E-2,3.29483E-2,2.91469E-2,4.49014E-2,1.36962E-2,1.17737E-2,2.51118E-2,1.57571E-2,2.04093E-2,3.09753E-2
1.59200E+3,-5.05426E-4,4.19297E-4,-2.02403E-3,1.30878E-3,-6.41379E-4,-8.72054E-4,-4.51003E-4,2.20451E-3,1.83115E-3,-2.28061E-4,1.12362E-3,-8.59314E-4,-1.62984E-3,-4.94202E-5,3.73169E-4,1.45918E-3,2.68216E-3,3.60407E-3,-2.02546E-4,-2.76780E-3,-1.54215E-3,-4.37769E-3,-4.18877E-3,-2.60796E-3,-5.19741E-3,-6.75184E-3,-5.87562E-3,-4.82862E-3,-2.24639E-3,-8.99648E-3,-6.89119E-3,-7.22670E-3,-8.46851E-3,-1.42486E-2,-1.11976E-2,-1.34216E-2,-1.12843E-2,-6.88097E-3,-7.69221E-3,-8.80715E-3,-8.99764E-3,-1.49068E-2,-5.75818E-3,-1.47481E-2,-1.21489E-2,-1.76687E-2,-1.70508E-2,-1.19232E-2,-1.27375E-2,-1.15314E-2,-1.06832E-2,-1.37894E-2,-1.33176E-2,-1.73948E-2,-1.00611E-2,-9.05357E-3,-1.08247E-2,-1.11012E-2,-1.16017E-2,-1.10688E-2,-1.04155E-2,-6.16176E-3,-1.09504E-2,-1.69801E-3,-5.33115E-3,-1.22982E-2,-1.21568E-2,-4.31301E-3,-6.43777E-3,-1.09066E-2,-7.35684E-3,-1.02888E-2,2.61940E-4,3.30431E-3,1.54578E-3,2.05052E-3,-6.97510E-3,-3.92466E-3,-2.37070E-3,-3.83680E-4,-4.50831E-3,-3.30572E-3,-1.20553E-3,1.20462E-2,4.42107E-3,2.81946E-2,1.02809E-2,1.96857E-2,1.89835E-2,8.29051E-3,5.46584E-3,9.98057E-3,6.99359E-3,9.56873E-3,8.69873E-3,1.27445E-2,2.10994E-2,1.47157E-2,1.79229E-2,3.53456E-2,4.23273E-2,2.63108E-2,1.51233E-2,1.32781E-2,2.84685E-2,2.70832E-2,1.40321E-2,2.32290E-2,2.95601E-2,1.86021E-2,1.54427E-3,1.61484E-2,7.37100E-3,1.22579E-2,2.28267E-2,1.18159E-2,9.76072E-3,9.50871E-3,2.92847E-2,2.44105E-2,1.41449E-2,1.01281E-2,1.46264E-2,1.00372E-2,2.63381E-2,6.43585E-3,6.99506E-3,1.65384E-2,1.19444E-2,2.62452E-2,1.63584E-2,7.76200E-3,6.46736E-3,5.08463E-3,1.14103E-2,1.39770E-2,1.49042E-2,1.14223E-2,9.43866E-3,1.92271E-2,1.05802E-2,1.90454E-2,2.14236E-2,1.13254E-2,-4.42162E-4,2.43784E-3,1.98141E-2,3.58354E-2,1.12782E-2,2.75405E-2,1.54804E-2,3.07547E-2,2.72311E-2,1.38860E-2,1.71188E-2,2.81561E-2,8.35615E-2,2.50995E-2,2.34064E-2,2.38596E-2,4.61108E-2,1.14715E-2,8.55436E-3,2.79897E-2,2.02523E-2,2.89310E-2,3.82690E-2
1.59555E+3,-1.56025E-3,1.89092E-4,-1.54942E-3,1.01484E-3,-2.06378E-3,-1.63480E-3,-7.63357E-4,1.96219E-3,3.14700E-3,4.56021E-4,4.85311E-4,3.75311E-3,-2.24819E-3,-6.23209E-4,-5.64566E-4,-4.52871E-4,2.42983E-3,5.02143E-3,9.64083E-5,3.96991E-3,-1.56934E-3,-1.94242E-3,-2.07973E-3,-4.75988E-3,-5.69238E-3,-6.49903E-3,-5.39659E-3,-8.31410E-3,-3.62592E-3,-7.63640E-3,-8.08224E-3,-3.89087E-3,-6.92557E-3,-1.28683E-2,-8.42528E-3,-8.01022E-3,-1.53497E-2,-4.02837E-3,-5.73550E-3,-1.07566E-2,-1.64439E-2,-9.52933E-3,-9.85318E-3,-1.31731E-2,-1.32873E-2,-1.49981E-2,-1.43385E-2,-1.24567E-2,-1.12026E-2,-1.72677E-2,-1.16671E-2,-1.38919E-2,-1.41406E-2,-1.38098E-2,-1.33138E-2,-1.05546E-2,-1.22787E-2,-1.14651E-2,-1.01272E-2,-7.69192E-3,-6.87915E-3,-6.28119E-3,-9.62917E-3,-1.14220E-2,-1.02257E-2,-3.39516E-3,-1.23175E-2,1.39010E-3,-1.12559E-2,-6.94244E-3,-2.37398E-3,-3.45685E-3,6.69111E-4,-5.39848E-3,-8.21571E-4,1.86134E-3,-6.77352E-3,-3.97402E-3,-8.93501E-3,6.78711E-3,1.18159E-2,5.01920E-3,5.57744E-3,2.27095E-2,4.75759E-3,2.48684E-2,1.53724E-2,2.92929E-2,2.71851E-2,7.89315E-3,9.54001E-3,2.51700E-2,8.89142E-3,2.53469E-2,2.17994E-2,1.87814E-2,1.92005E-2,3.46269E-2,2.69176E-2,4.64464E-2,2.71395E-2,5.89194E-2,1.46816E-2,2.38195E-2,3.41890E-2,3.00525E-2,2.91239E-2,1.60654E-2,5.03479E-2,3.10095E-2,1.79131E-2,1.65236E-2,1.11451E-2,1.16222E-2,3.30549E-2,2.11480E-2,1.89682E-2,1.27173E-2,2.48353E-2,4.62071E-2,1.66265E-2,1.57267E-2,2.20668E-2,1.43929E-2,2.06303E-2,7.68259E-3,1.00844E-2,5.19263E-3,2.03004E-2,1.99076E-2,1.57239E-2,2.21866E-2,1.23858E-2,3.00750E-3,2.14437E-2,1.46384E-2,3.04456E-2,1.40799E-2,1.53058E-2,2.71667E-2,2.31983E-2,1.42053E-2,1.91912E-2,2.14444E-2,2.13109E-3,5.95836E-3,1.63678E-2,5.03722E-2,2.69515E-2,5.67479E-2,3.16130E-2,2.16052E-2,3.49681E-2,1.96403E-2,3.23210E-2,4.24290E-2,1.02466E-1,2.23459E-2,4.38325E-2,2.45317E-2,8.46882E-2,2.34711E-2,2.50068E-2,1.05880E-2,3.23610E-2,3.32069E-2,5.10630E-2
1.59911E+3,1.38357E-3,-1.62335E-4,-8.26115E-4,5.81316E-4,-2.40731E-3,-3.71234E-4,4.72773E-4,4.97517E-4,-1.65679E-3,1.26371E-3,4.73650E-4,-1.31404E-4,1.12656E-3,-1.08845E-3,8.44542E-4,2.96937E-3,2.62832E-3,4.82914E-3,1.24259E-4,1.25547E-3,-2.27992E-3,-2.78980E-3,-6.80949E-3,-4.20344E-3,-5.65347E-3,-4.90945E-3,-2.88093E-3,-8.33480E-3,-7.79581E-4,-7.77281E-3,-6.49420E-3,-7.23956E-3,-8.53697E-3,-1.52689E-2,-1.10537E-2,-8.77429E-3,-1.30377E-2,-4.00407E-3,-7.06526E-3,-1.16117E-2,-8.35305E-3,-8.63145E-3,-8.38499E-3,-1.24811E-2,-1.17184E-2,-1.75716E-2,-1.48769E-2,-1.01765E-2,-1.09817E-2,-1.65938E-2,-1.29204E-2,-1.52471E-2,-1.11954E-2,-1.35477E-2,-7.64294E-3,-1.09807E-2,-1.21144E-2,-1.10678E-2,-7.33992E-3,-1.02145E-2,-7.64071E-3,-4.37985E-3,-6.72660E-3,-8.22975E-3,-1.06539E-2,-2.51569E-3,-9.34573E-3,-6.85407E-3,1.78814E-4,-2.78680E-3,-1.27649E-3,-8.84384E-3,9.77603E-4,-5.36040E-3,2.94411E-3,8.29768E-3,-6.50316E-3,4.37064E-4,-3.81366E-3,1.07750E-3,-2.86083E-3,2.31465E-3,4.10282E-4,1.60995E-2,1.02788E-2,2.65803E-2,1.22217E-2,2.45354E-2,2.62475E-2,1.09791E-2,6.18823E-3,1.49192E-2,1.38930E-2,2.43484E-2,1.75734E-2,6.46789E-3,2.34124E-2,2.35757E-2,2.46609E-2,2.39937E-2,3.66648E-2,4.49505E-2,2.94012E-3,2.53237E-2,4.53467E-2,2.57593E-2,4.61658E-2,1.73030E-2,4.63260E-2,2.71130E-2,7.64098E-3,1.69105E-2,1.11871E-2,5.48479E-3,3.04430E-2,1.50866E-2,1.37938E-2,9.70759E-3,2.38969E-2,2.26611E-2,1.51022E-2,5.60636E-3,2.84446E-2,2.41963E-2,2.23248E-2,1.04273E-2,1.33039E-2,1.41815E-2,1.48656E-2,1.25583E-2,2.37888E-2,1.10011E-2,1.23233E-2,-1.80098E-4,1.55525E-2,1.50879E-2,1.59176E-2,2.35628E-2,6.89740E-3,4.00262E-2,1.78616E-2,2.48931E-2,2.46095E-2,1.28001E-2,-2.26238E-3,1.08693E-2,2.65376E-2,4.63038E-2,1.48870E-2,3.21752E-2,2.18328E-2,2.74725E-2,2.29796E-2,5.18626E-3,1.44625E-2,4.12338E-2,6.57785E-2,3.11100E-2,3.13456E-2,1.54408E-2,3.68301E-2,1.99452E-2,2.39961E-2,1.59188E-2,2.06845E-2,3.42043E-2,4.07194E-2
1.60266E+3,2.00930E-3,9.90259E-5,-3.11201E-3,-1.16799E-3,9.78604E-4,-6.36788E-5,-1.78000E-3,-2.78439E-4,5.29159E-4,8.15697E-4,2.16319E-3,-2.71312E-3,-1.72437E-4,5.32067E-4,2.16063E-3,1.23875E-3,1.57761E-3,4.33378E-3,7.64637E-4,4.08590E-4,3.57218E-4,-4.97903E-3,-3.91965E-3,-4.03889E-3,-6.12965E-3,-4.80401E-3,-5.71781E-3,-8.46609E-3,-6.32969E-3,-4.57085E-3,-8.36286E-3,-6.06371E-3,-5.51518E-3,-1.41309E-2,-7.49322E-3,-3.48290E-3,-1.25065E-2,-6.42532E-3,-8.05780E-3,-1.06624E-2,-7.03333E-3,-9.69627E-3,-8.71171E-3,-1.08582E-2,-1.43953E-2,-1.56819E-2,-1.28355E-2,-7.42657E-3,-1.26188E-2,-1.20187E-2,-1.33912E-2,-1.53425E-2,-1.34970E-2,-1.28747E-2,-1.16541E-2,-6.10416E-3,-1.20659E-2,-1.25196E-2,-8.35183E-3,-7.80148E-3,-9.98100E-3,-5.28061E-3,-8.56171E-3,-6.27076E-3,-1.59824E-3,-1.10800E-2,-4.34260E-3,1.28134E-3,3.13821E-4,-9.78763E-4,1.97652E-3,-4.34213E-4,-6.08279E-4,3.20521E-4,1.96477E-3,4.62210E-3,-7.46298E-3,-1.98137E-4,8.44892E-4,2.48273E-3,5.56193E-3,7.12377E-3,5.95569E-3,2.88595E-2,-2.24651E-3,1.82334E-2,2.58526E-3,2.76440E-2,3.81503E-2,1.07316E-2,1.64163E-2,1.98859E-2,1.32967E-2,1.70875E-2,1.75555E-2,9.77976E-3,4.00691E-2,3.07897E-2,3.56183E-2,2.40142E-2,2.56648E-2,4.46304E-2,1.28059E-2,2.80808E-2,5.55360E-2,3.36114E-2,5.48014E-2,3.54035E-2,4.00458E-2,3.90277E-2,2.89093E-3,1.58922E-2,1.13809E-2,1.51414E-2,3.79699E-2,1.12959E-2,1.39340E-2,7.60502E-3,2.80363E-2,3.91439E-2,2.51445E-2,1.38578E-2,2.12416E-2,2.05289E-2,1.62098E-2,1.50003E-2,1.78605E-2,9.99103E-3,2.68020E-2,3.35705E-2,2.08408E-2,3.04352E-2,1.55285E-2,8.85406E-3,1.30953E-2,2.37741E-2,3.38764E-2,2.00747E-2,1.17938E-2,3.42745E-2,1.84317E-2,3.37964E-2,3.75879E-2,2.10078E-2,4.29981E-3,8.73846E-3,4.41385E-2,4.28454E-2,2.42506E-2,1.83038E-2,4.03022E-2,2.68317E-2,3.20516E-2,1.97657E-2,4.03466E-2,5.59176E-2,6.95834E-2,3.57968E-2,3.30675E-2,1.52434E-2,4.71348E-2,1.62331E-2,1.81932E-2,2.96753E-2,3.00570E-2,2.75852E-2,3.75170E-2
1.60621E+3,2.06134E-4,6.04354E-4,-9.83585E-4,-2.02532E-3,1.27978E-3,-2.47579E-3,-5.12767E-3,4.64332E-3,-3.43028E-4,-2.03639E-3,-5.95537E-4,2.29265E-3,-5.35965E-4,2.23944E-3,2.85761E-3,-7.72325E-4,5.53183E-3,3.66960E-3,3.86389E-3,-2.87201E-3,-3.41512E-4,-3.47296E-3,-5.54105E-3,-4.79607E-3,-3.30424E-3,-5.76792E-3,-1.74704E-3,-6.79790E-3,-3.56945E-3,-7.84352E-3,-5.99070E-3,-8.80692E-4,-6.88780E-3,-1.15156E-2,-1.27179E-2,-1.06328E-2,-8.49852E-3,-7.90430E-3,-7.46490E-3,-1.75265E-2,-5.51597E-3,-1.61850E-2,-1.13930E-2,-1.08399E-2,-1.43676E-2,-1.63598E-2,-1.20043E-2,-1.17319E-2,-9.57336E-3,-1.26257E-2,-1.09628E-2,-1.44806E-2,-1.24862E-2,-9.86133E-3,-1.33667E-2,-1.01798E-2,-6.74541E-3,-9.21056E-3,-1.15438E-2,-9.04216E-3,-1.42657E-2,-1.72536E-3,-9.54092E-3,-5.09622E-3,1.77713E-3,-1.88565E-4,-5.57793E-3,-9.94833E-3,-1.89583E-3,2.83063E-3,-2.82715E-3,-5.97779E-3,3.51237E-3,-1.30309E-3,3.69181E-3,1.20465E-2,-4.84565E-3,-3.11127E-3,-3.60245E-3,-4.38027E-3,-7.06774E-3,6.90972E-3,6.39972E-4,3.22897E-2,6.58763E-3,2.00808E-2,9.57924E-3,4.11223E-2,3.38359E-2,2.09032E-2,1.33864E-2,2.92321E-2,2.48522E-2,1.50533E-2,2.37406E-2,1.05723E-2,3.78309E-2,4.96683E-2,2.70354E-2,3.10053E-2,4.06037E-2,6.27573E-2,1.83398E-2,1.99557E-2,4.67007E-2,4.41158E-2,6.03887E-2,4.71617E-2,5.79796E-2,4.86849E-2,1.15686E-2,9.04053E-3,4.53593E-3,8.05634E-3,4.77173E-2,1.78712E-2,1.46673E-2,1.50189E-2,3.04474E-2,5.64768E-2,1.99030E-2,2.05463E-2,1.22597E-2,2.23102E-2,2.65217E-2,1.19133E-2,1.47115E-2,1.76096E-2,1.91305E-2,3.50448E-2,1.59112E-2,2.56943E-2,1.32140E-2,-1.76178E-3,2.31707E-2,4.28153E-2,3.01405E-2,2.67231E-2,2.01799E-2,3.57905E-2,2.01744E-2,3.17490E-2,3.85005E-2,3.14587E-2,-3.14124E-3,8.65744E-3,2.40424E-2,5.63204E-2,3.25520E-2,3.35229E-2,5.57272E-2,2.40851E-2,4.81778E-2,2.26725E-2,2.44770E-2,5.43542E-2,5.53537E-2,4.22362E-2,4.31895E-2,3.75908E-2,5.69483E-2,2.73929E-2,2.36606E-2,3.27135E-2,2.16872E-2,3.18986E-2,3.17615E-2
1.60977E+3,-2.81721E-3,2.17983E-3,-8.59038E-4,2.88317E-4,1.12764E-3,-8.06272E-4,-2.60167E-3,3.93358E-3,2.00083E-3,-2.86217E-4,1.28063E-3,2.68129E-3,-1.37096E-3,-4.30387E-3,-4.46886E-4,4.52581E-3,1.45077E-3,4.71838E-3,3.00443E-3,-2.64980E-3,-1.68018E-3,-2.43314E-3,-5.55558E-3,-4.69801E-3,-2.81235E-3,-1.06030E-2,-4.95977E-3,-6.81546E-3,-5.56518E-3,-7.58372E-3,-9.79427E-3,-6.67054E-3,-1.02065E-2,-1.21750E-2,-1.15193E-2,-5.69394E-3,-1.31698E-2,-2.26567E-3,-1.05427E-2,-1.29162E-2,-1.05434E-2,-9.02586E-3,-1.07985E-2,-1.16975E-2,-1.40555E-2,-1.48154E-2,-1.46877E-2,-7.99130E-3,-1.25512E-2,-1.66514E-2,-1.22253E-2,-1.81210E-2,-1.24100E-2,-1.24400E-2,-1.25440E-2,-7.04318E-3,-1.49789E-2,-1.11528E-2,-5.14680E-3,-9.22569E-3,-6.88185E-3,-3.53262E-3,-9.28071E-3,-1.90718E-3,-1.24162E-2,-5.67650E-3,-1.17284E-2,-5.29713E-4,2.00112E-3,-5.03820E-3,-6.01733E-3,-3.11161E-3,1.03918E-2,4.02454E-3,2.75868E-3,5.60267E-3,-7.36777E-3,1.94775E-3,-5.08616E-4,3.91693E-3,1.74724E-2,4.56143E-4,8.00231E-3,2.31111E-2,1.08336E-2,2.27168E-2,7.60936E-3,4.56481E-2,2.46736E-2,1.37359E-2,2.47579E-3,2.79521E-2,1.48020E-2,2.61106E-2,1.14567E-2,2.12263E-2,5.25955E-2,4.32350E-2,4.27785E-2,2.45447E-2,6.38784E-2,5.39589E-2,2.44763E-2,3.95724E-2,5.24973E-2,3.60001E-2,6.35183E-2,4.03920E-2,3.29590E-2,2.06103E-2,1.98473E-2,3.00682E-2,1.84301E-2,2.00776E-2,4.92588E-2,1.86841E-2,2.03062E-2,1.66735E-2,3.14742E-2,4.68069E-2,2.14088E-2,1.75747E-2,4.17156E-2,2.84203E-2,2.01304E-2,2.12192E-2,2.75685E-2,9.27732E-3,1.02490E-2,2.80630E-2,3.22906E-2,3.01596E-2,2.77836E-2,8.51474E-3,1.96129E-2,3.31539E-2,1.63612E-2,2.49653E-2,1.44620E-2,3.97503E-2,3.24592E-2,3.34127E-2,3.30110E-2,3.86275E-2,3.02869E-3,1.15814E-2,4.21227E-2,1.73501E-2,2.83884E-2,-2.81698E-2,4.41444E-2,2.18402E-2,2.47683E-3,6.69142E-3,3.19885E-2,5.27559E-2,-5.63592E-3,2.81152E-2,2.75226E-2,4.88124E-2,4.90647E-2,2.93853E-2,3.90797E-2,2.15966E-2,1.00181E-2,3.51763E-2,2.74198E-2
1.61332E+3,-2.15868E-3,3.30153E-3,-6.66968E-4,-1.72033E-3,1.54095E-3,1.30784E-4,7.92318E-4,2.13100E-3,3.58853E-4,-8.79790E-4,-1.98860E-4,-4.77342E-3,-3.51821E-3,2.47139E-3,3.18944E-3,5.18316E-4,-1.58685E-3,8.87427E-3,4.09600E-3,2.75924E-3,1.63828E-3,-2.66300E-3,-5.86248E-3,-2.90856E-3,-1.44669E-3,-3.78155E-3,-1.86410E-3,-1.03713E-2,-5.60826E-3,-9.67100E-3,-8.62017E-3,-6.65455E-3,-6.15268E-3,-1.59333E-2,1.29112E-3,-7.50459E-3,-8.35382E-3,-6.13459E-3,-5.66730E-3,-1.07217E-2,-7.04929E-3,-9.25155E-3,-1.51910E-3,-1.19080E-2,-1.07337E-2,-1.22048E-2,-1.31637E-2,-4.58277E-3,-1.20372E-2,-1.57046E-2,-7.99721E-3,-1.60813E-2,-1.10926E-2,-1.63804E-2,-7.29788E-3,-7.62296E-3,-1.04558E-2,-1.09185E-2,-6.80221E-3,-2.87281E-3,-1.41334E-2,-2.86200E-3,-7.12966E-3,-6.04582E-4,1.27451E-3,2.71231E-3,9.76093E-4,6.57626E-3,9.71267E-4,4.46073E-3,7.04405E-4,-5.27298E-3,1.56556E-2,3.42623E-3,6.60568E-3,9.26611E-3,-1.32024E-3,6.19919E-3,-1.96358E-3,7.22462E-3,1.51370E-2,-1.44583E-3,2.23426E-3,1.03307E-1,2.47329E-2,4.30167E-2,2.36942E-2,8.00392E-2,3.96602E-2,1.68320E-2,1.11390E-2,3.42048E-2,8.19030E-3,3.44141E-2,3.15665E-2,7.22568E-2,3.45449E-2,1.02801E-1,1.17300E-1,1.08870E-1,1.00458E-1,2.73787E-1,2.26081E-2,6.17853E-2,7.06186E-2,9.90283E-2,2.61767E-1,1.47233E-1,2.02341E-1,3.04318E-1,2.05364E-2,1.03952E-1,1.77263E-2,3.00698E-2,7.90168E-2,4.17357E-2,3.89594E-2,2.12021E-2,5.29259E-2,6.30755E-2,2.12543E-2,2.56615E-2,3.25960E-2,3.57621E-2,6.49548E-2,2.57533E-2,2.95346E-2,7.09051E-2,3.31547E-2,1.32459E-1,3.25199E-2,2.55832E-2,7.41236E-2,2.01949E-2,2.12423E-2,8.21763E-2,1.50019E-1,5.09999E-2,2.83230E-2,7.59849E-2,7.29224E-2,5.39335E-2,7.78338E-2,9.57689E-2,5.17536E-3,1.12233E-2,6.55986E-2,2.09889E-1,4.95265E-2,1.20805E-1,1.75622E-1,1.79134E-1,4.18823E-1,2.28083E-2,1.15697E-1,1.63689E-1,6.21528E-1,1.26835E-1,1.11529E-1,1.17167E-1,1.04258E-1,3.75467E-2,5.19280E-2,9.33550E-2,2.03194E-1,1.63818E-1,7.10308E-2
1.61688E+3,-1.20058E-3,1.13341E-3,6.55430E-4,-1.27334E-3,-2.46888E-3,1.52474E-3,-1.83865E-3,6.05148E-3,1.39006E-3,-2.34842E-3,-3.34844E-3,1.71957E-3,-1.13421E-3,-1.24593E-3,2.38376E-3,2.95736E-3,4.29132E-3,3.47471E-3,3.82994E-3,-4.19993E-3,-3.73134E-3,-3.74340E-3,-6.12800E-3,-5.62298E-4,-3.79633E-3,-8.73713E-3,-4.97492E-3,-1.10469E-2,-4.69693E-3,-9.08100E-3,-1.04068E-2,-8.30921E-3,-9.01543E-3,-1.14794E-2,-6.61816E-3,-7.15588E-3,-1.25673E-2,-5.92765E-3,-5.94547E-3,-4.93621E-3,-8.78967E-3,-6.95409E-3,-7.31868E-3,-9.12901E-3,-1.27979E-2,-1.58225E-2,-1.27561E-2,-1.45027E-2,-8.68640E-3,-1.09590E-2,-9.32441E-3,-1.38083E-2,-1.69483E-2,-1.25993E-2,-7.76220E-3,-7.16745E-3,-1.48880E-2,-6.56710E-3,-6.96563E-4,-9.63991E-3,-1.28801E-2,-2.51846E-4,-9.63816E-3,-3.83690E-3,7.44553E-4,6.81782E-3,-5.17025E-3,-6.35426E-3,-3.29245E-4,-1.54286E-3,-8.35769E-3,-5.58147E-3,5.60085E-3,7.41906E-3,1.30762E-2,9.68697E-3,-1.49255E-3,4.42973E-3,-3.32234E-3,3.12220E-3,1.38547E-2,1.62131E-2,7.55153E-3,3.10042E-2,2.56587E-2,3.83349E-2,3.38474E-2,1.61657E-2,3.88647E-2,2.41260E-2,1.23377E-2,3.99084E-2,2.11246E-2,5.68665E-3,1.56549E-2,2.90290E-2,4.40271E-2,2.73476E-2,5.59416E-2,4.85690E-3,3.87569E-2,1.89838E-3,2.29258E-2,5.23010E-2,-5.12715E-3,3.93652E-2,4.34102E-2,-3.41441E-2,-1.22885E-1,-5.77415E-2,1.92828E-2,2.66819E-2,1.98478E-2,2.67337E-2,2.99112E-2,3.18329E-2,3.93939E-2,2.23893E-2,1.33556E-2,6.62019E-2,2.78140E-2,3.22612E-2,3.92042E-2,3.16215E-2,3.70186E-2,2.65887E-2,2.10272E-2,2.73074E-2,2.63748E-2,1.83933E-2,5.23867E-2,1.13277E-2,2.55393E-2,1.59376E-2,3.31943E-2,3.58727E-2,1.37375E-2,2.97527E-2,2.29983E-2,2.71416E-2,4.17208E-2,4.48054E-2,4.62339E-2,2.77617E-2,1.80837E-3,1.20444E-2,4.13786E-2,-5.35079E-2,3.25151E-2,-1.06579E-1,-3.44290E-2,2.97336E-2,-8.42585E-2,3.60585E-2,-5.36980E-2,-5.81468E-2,-2.80578E-1,-9.13788E-2,-1.23082E-1,-1.02849E-4,-3.89574E-2,3.81750E-2,2.81857E-2,-8.36266E-3,1.76560E-2,-9.96321E-3,4.05056E-2
1.62044E+3,-2.66898E-3,3.38585E-3,-2.93422E-3,-1.85814E-3,3.84048E-3,-3.23642E-3,-3.66861E-3,1.31339E-3,7.01952E-4,-4.66414E-4,-1.08816E-4,4.72849E-3,1.22223E-4,-3.22588E-3,4.07509E-3,-1.91935E-3,1.27780E-3,5.41995E-3,-7.50635E-5,6.50384E-3,-2.50028E-5,-7.74021E-3,-3.56967E-3,-4.43327E-3,-3.84059E-3,-7.14397E-3,1.69331E-3,-1.00056E-2,-3.69111E-3,-1.10636E-2,-7.38332E-3,-7.18091E-3,-9.17820E-3,-1.43826E-2,-8.60516E-3,-1.07829E-2,-1.25430E-2,-2.94199E-3,-3.95804E-3,-1.02049E-2,-7.30720E-3,2.02871E-3,-6.16802E-3,-1.28914E-2,-1.34862E-2,-1.69557E-2,-1.77919E-2,1.07229E-3,-6.67085E-3,-1.66616E-2,-1.02279E-2,-1.35203E-2,-1.14159E-2,-1.25906E-2,-7.57831E-3,-8.30280E-3,-1.10476E-2,-9.42723E-3,-7.34564E-3,-1.34520E-2,-7.98871E-3,1.21525E-3,-9.49192E-3,-4.82709E-3,-4.12511E-3,3.65508E-3,-9.42554E-3,6.12804E-3,3.65928E-3,2.75227E-3,-5.11653E-3,3.83518E-3,1.28536E-2,9.49125E-3,7.60009E-3,7.41286E-3,-3.59658E-3,-2.33608E-4,4.09915E-3,1.00247E-2,2.18023E-2,8.32249E-3,1.87798E-2,4.68059E-2,1.89941E-2,3.33215E-2,2.93124E-2,4.53202E-2,5.34024E-2,3.51668E-2,1.58950E-2,4.28817E-2,2.61159E-2,4.46272E-2,2.81407E-2,2.28928E-2,3.78862E-2,4.71295E-2,6.97479E-2,8.64803E-2,9.53301E-2,1.99525E-1,4.81671E-2,5.44015E-2,8.61060E-2,5.41509E-2,1.16812E-1,6.84246E-2,1.74739E-1,1.68411E-1,3.10744E-2,7.11072E-2,2.85550E-2,1.94134E-2,5.96049E-2,2.93547E-2,3.97305E-2,1.92133E-2,4.47361E-2,5.89153E-2,2.30418E-2,1.85030E-2,7.29091E-2,3.65528E-2,4.34096E-2,2.51648E-2,2.78425E-2,3.61750E-2,1.64720E-2,1.11292E-1,7.50609E-2,7.51301E-2,6.73029E-2,1.26351E-2,2.05005E-2,6.31909E-2,3.48960E-2,3.57487E-2,2.32242E-2,5.62625E-2,6.53835E-2,4.20784E-2,3.57100E-2,4.44659E-2,8.88156E-3,1.08128E-2,7.25716E-2,1.69628E-1,4.17184E-2,1.02019E-1,1.76587E-1,6.52228E-2,1.57272E-1,5.09980E-2,8.73893E-2,8.34396E-2,3.42059E-1,1.00494E-1,9.58351E-2,1.16675E-1,2.19155E-1,6.55058E-2,3.12842E-2,3.89546E-2,5.94693E-2,7.76421E-2,8.58583E-2
1.62400E+3,-5.33277E-4,-4.72260E-4,-2.74837E-3,1.93215E-3,1.44755E-3,-3.83201E-3,-1.86660E-3,2.53118E-3,7.44209E-4,-1.06595E-3,-1.11063E-3,-1.44237E-3,2.01589E-3,4.07740E-3,3.23079E-4,4.37684E-3,6.58935E-3,2.92037E-3,4.14871E-3,1.54280E-4,-6.89147E-4,3.67706E-5,-6.71495E-3,-2.01582E-3,-5.93576E-3,-6.13513E-3,-1.98495E-3,-1.23264E-2,-3.08988E-3,-9.57815E-3,-1.02141E-2,-3.31560E-3,-2.56322E-3,-1.31036E-2,-3.59723E-3,-5.91534E-3,-1.20255E-2,4.00024E-3,-7.56100E-3,-1.97901E-3,-6.31724E-3,-7.04957E-3,-2.90557E-3,-1.31818E-2,-1.51470E-2,-1.86881E-2,-1.36009E-2,-6.96050E-3,-8.88647E-3,-1.10754E-2,-6.64782E-3,-1.43456E-2,-9.14155E-3,-1.28312E-2,-1.06820E-2,-5.27077E-3,-1.38158E-2,-6.18547E-3,-2.16707E-3,-4.12813E-3,-5.89486E-3,-5.13799E-3,-3.41627E-4,3.48260E-4,-1.13629E-4,-3.60303E-3,-8.35730E-3,-3.21389E-3,1.10319E-3,1.00654E-2,-3.33180E-3,2.94974E-3,7.64357E-3,1.33645E-2,1.43696E-2,1.25284E-2,-2.11659E-3,8.59746E-3,8.90922E-3,8.55399E-3,9.88483E-3,1.34450E-2,1.98336E-2,6.23250E-2,1.93103E-2,4.66650E-2,3.36170E-2,8.33116E-2,3.83619E-2,3.91566E-2,2.84743E-2,5.81417E-2,2.73243E-2,3.08617E-2,2.53218E-2,3.00949E-2,4.99491E-2,6.64410E-2,7.43017E-2,7.87263E-2,1.31412E-1,1.72136E-1,5.77990E-2,5.61003E-2,1.17094E-1,6.51957E-2,6.90247E-2,9.57182E-2,1.99322E-1,1.95973E-1,2.11970E-2,4.77087E-2,3.07088E-2,3.61934E-2,5.40057E-2,3.93518E-2,3.76934E-2,4.17219E-2,5.66603E-2,7.28700E-2,1.45334E-2,4.01835E-2,4.26468E-2,4.11626E-2,5.94244E-2,3.20877E-2,4.44464E-2,4.00907E-2,2.47784E-2,7.65549E-2,4.19529E-2,7.33303E-2,3.47853E-2,1.93696E-2,5.40907E-2,4.03238E-2,1.39626E-1,6.92031E-2,2.45242E-2,6.88566E-2,9.04618E-2,1.00391E-1,4.41744E-2,4.06471E-2,5.67097E-3,1.35090E-2,6.09272E-2,1.64760E-1,5.97770E-2,1.10612E-1,9.35985E-2,3.90334E-2,1.84842E-1,2.03957E-2,1.25299E-1,8.53957E-2,3.69608E-1,8.64435E-2,8.48075E-2,6.78777E-2,1.92566E-1,6.56808E-2,6.28752E-2,8.13802E-2,5.77463E-2,9.85746E-2,7.59530E-2
1.62756E+3,-3.00153E-3,3.41371E-3,-3.20717E-3,-1.61277E-3,3.75065E-3,-2.39151E-3,-1.58437E-5,2.92909E-3,-9.22812E-4,-8.77514E-4,-1.42420E-4,1.38100E-3,-4.28393E-4,-1.39670E-3,2.52222E-3,5.44160E-3,4.39762E-3,6.80659E-3,6.71811E-3,3.08833E-3,-2.57688E-3,-6.63078E-3,-6.99508E-3,-2.83128E-3,-3.86689E-3,-8.87338E-3,2.01664E-4,-5.83613E-3,-9.64466E-3,-6.21293E-3,-6.17931E-3,-5.59033E-3,-5.27259E-3,-1.64677E-2,-8.14746E-3,-8.22532E-3,-1.17663E-2,-7.59865E-3,-1.75556E-3,-5.93633E-3,-1.13180E-2,-9.72867E-3,-2.27239E-3,-1.23080E-2,-1.50960E-2,-1.52205E-2,-1.08148E-2,-7.39831E-3,-6.87562E-3,-1.23044E-2,-1.32375E-2,-1.79724E-2,-1.18392E-2,-9.42022E-3,2.34308E-4,1.16831E-3,-7.10640E-3,-1.40461E-2,-7.15825E-3,-6.34793E-3,-1.08856E-2,-6.87590E-6,-3.18432E-3,3.72842E-3,-2.78816E-3,-3.77795E-3,-7.63110E-3,4.64466E-3,-4.33480E-3,2.81464E-5,-2.05677E-3,1.69386E-4,3.28568E-3,1.57620E-2,1.37528E-2,1.30608E-2,-3.34601E-3,3.73970E-3,4.48267E-4,3.65730E-3,1.44809E-2,1.50684E-2,1.19109E-2,6.35367E-2,1.20397E-2,7.08721E-2,1.65028E-2,5.59805E-2,8.73723E-2,2.52684E-2,1.89695E-2,8.74030E-2,6.40710E-2,5.89210E-2,6.00114E-2,3.67224E-2,4.96109E-2,5.78550E-2,1.14549E-1,1.16793E-1,1.29783E-1,2.26122E-1,6.38215E-2,5.55441E-2,1.14138E-1,9.15373E-2,1.67185E-1,1.34303E-1,2.31870E-1,1.86325E-1,1.73788E-2,7.62104E-2,1.54187E-2,2.39497E-2,8.93390E-2,4.16282E-2,4.03449E-2,3.66915E-2,6.20232E-2,8.52893E-2,3.10146E-2,4.69099E-2,6.28859E-2,6.14081E-2,4.92762E-2,2.52572E-2,6.71766E-2,3.20402E-2,3.02373E-2,9.29922E-2,9.50064E-2,5.90996E-2,5.77177E-2,2.02966E-2,7.92977E-2,9.69052E-2,8.66168E-2,5.01840E-2,2.47974E-2,1.23302E-1,6.05309E-2,9.02460E-2,5.88940E-2,4.96320E-2,5.42803E-3,1.66755E-2,1.13578E-1,1.51339E-1,4.34285E-2,1.25697E-1,1.57343E-1,7.86990E-2,1.51538E-1,6.15626E-2,1.05641E-1,2.02030E-1,3.90108E-1,1.02858E-1,9.58099E-2,1.19976E-1,9.15374E-2,5.29407E-2,2.80978E-2,5.64802E-2,1.29658E-1,1.09483E-1,1.12371E-1
1.63111E+3,6.63230E-4,3.96784E-3,-4.01272E-3,-1.24880E-3,-4.03009E-4,-3.62722E-3,-1.54416E-4,3.96208E-4,6.18400E-4,-8.95182E-4,1.59117E-3,1.83516E-3,2.58183E-3,-2.80210E-3,1.48960E-3,4.87604E-3,3.62092E-3,1.47422E-2,2.30287E-3,1.95613E-3,1.71421E-3,-3.41145E-3,4.90460E-4,-2.40322E-3,-1.83420E-4,-5.06089E-3,1.48875E-3,-5.81875E-3,-2.61513E-3,-5.21554E-3,-6.78765E-3,-5.66573E-4,-8.40969E-3,-1.63591E-2,-6.69731E-3,-2.57222E-3,-8.49614E-3,5.17653E-3,2.78601E-3,5.86319E-4,1.01360E-2,-7.44956E-3,-3.67924E-5,-1.39618E-2,-1.12396E-2,-1.52178E-2,-4.44149E-3,-4.98484E-3,-4.19645E-3,-1.28648E-2,-2.86368E-3,-1.42825E-2,-1.11084E-2,-6.71372E-3,-7.22091E-3,-1.94366E-3,-8.33628E-3,3.50502E-5,-1.35844E-2,-4.93801E-4,-2.95350E-3,9.98779E-3,-1.60128E-3,1.61076E-2,9.85903E-4,3.40210E-3,-1.10135E-2,5.59823E-3,4.23108E-3,1.15464E-2,3.62427E-3,1.91373E-3,1.34131E-2,1.89731E-2,1.46636E-2,2.88869E-2,4.49155E-3,1.00654E-2,1.00612E-2,2.90967E-2,1.42516E-2,3.27288E-2,2.04560E-2,1.12235E-1,4.65496E-2,1.36406E-1,4.93621E-2,1.02759E-1,1.07086E-1,6.66276E-2,4.62343E-2,1.05072E-1,6.69938E-2,7.13305E-2,6.99921E-2,4.89862E-2,1.25531E-1,1.40679E-1,1.47562E-1,1.31356E-1,2.17464E-1,3.22146E-1,8.78191E-2,9.97795E-2,2.34883E-1,1.35442E-1,2.12731E-1,2.28018E-1,2.79988E-1,2.19859E-1,7.64809E-2,1.05578E-1,4.63176E-2,4.55807E-2,1.71417E-1,1.07435E-1,6.00555E-2,4.17639E-2,1.15683E-1,1.51187E-1,4.43796E-2,5.88414E-2,1.32732E-1,7.66267E-2,1.06523E-1,4.84519E-2,7.86047E-2,6.96616E-2,5.15679E-2,1.49162E-1,1.83861E-1,8.09130E-2,9.66624E-2,4.37026E-2,9.45924E-2,1.20577E-1,1.61140E-1,9.83676E-2,5.78725E-2,1.71988E-1,1.38058E-1,1.47281E-1,1.42218E-1,7.80161E-2,6.99769E-3,3.25455E-2,1.34999E-1,2.00865E-1,1.20776E-1,1.30069E-1,1.91910E-1,9.37747E-2,2.76834E-1,8.31773E-2,1.66474E-1,2.36891E-1,4.48062E-1,1.65750E-1,1.35759E-1,1.04821E-1,2.51799E-1,7.95087E-2,1.16908E-1,7.52358E-2,1.08453E-1,1.02702E-1,1.46325E-1
file info:Date: March 25, 2026
Sample: 
Solvent: 
Pump energy (uJ): 
Pump wavelength (nm): 
Cuvette length (mm): 2
Comments: Time Zero: 1189.860 ps
Averaging time: 1.5 s
Number of scans: 1
Measurement time: 00:21:54

Mar 26, 2026 9:25 AM : Multiple surfaces averaged
Mar 26, 2026 9:25 AM : Data saved.
Mar 31, 2026 8:57 AM : Multiple surfaces averaged
Mar 31, 2026 8:57 AM : Background subtracted. Spectra used: 15
Mar 31, 2026 8:57 AM : Data saved.
Apr 7, 2026 2:50 PM : Data saved.
Time units: ps
Z axis title: dA