0.00000E+0,0.00000E+0,1.20000E-2,2.40000E-2,3.60000E-2,4.80000E-2,6.00000E-2,7.20000E-2,8.40000E-2,9.60000E-2,1.08000E-1,1.20000E-1,1.32000E-1,1.44000E-1,1.56000E-1,1.68000E-1,1.80000E-1,1.92000E-1,2.04000E-1,2.16000E-1,2.28000E-1,2.40000E-1,2.52000E-1,2.64000E-1,2.76000E-1,2.88000E-1,3.00000E-1,3.12000E-1,3.24000E-1,3.36000E-1,3.48000E-1,3.60000E-1,3.72000E-1,3.84000E-1,3.96000E-1,4.08000E-1,4.20000E-1,4.32000E-1,4.44000E-1,4.56000E-1,4.68000E-1,4.80000E-1,4.92000E-1,5.04000E-1,5.16000E-1,5.28000E-1,5.40000E-1,5.52000E-1,5.64000E-1,5.76000E-1,5.88000E-1,6.00000E-1,6.12000E-1,6.24000E-1,6.36000E-1,6.48000E-1,6.60000E-1,6.72000E-1,6.84000E-1,6.96000E-1,7.08000E-1,7.20000E-1,7.32000E-1,7.44000E-1,7.56000E-1,7.68000E-1,7.80000E-1,7.92000E-1,8.04000E-1,8.16000E-1,8.28000E-1,8.40000E-1,8.52000E-1,8.64000E-1,8.76000E-1,8.88000E-1,9.00000E-1,9.12000E-1,9.24000E-1,9.36000E-1,9.48000E-1,9.60000E-1,9.72000E-1,9.84000E-1,9.96000E-1,1.03100E+0,1.06600E+0,1.10100E+0,1.13600E+0,1.17100E+0,1.20600E+0,1.24100E+0,1.27600E+0,1.31100E+0,1.34600E+0,1.38100E+0,1.41600E+0,1.45100E+0,1.48600E+0,1.52100E+0,1.55600E+0,1.59100E+0,1.62600E+0,1.66100E+0,1.69600E+0,1.73100E+0,1.76600E+0,1.80100E+0,1.83600E+0,1.87100E+0,1.90600E+0,1.94100E+0,1.97600E+0,2.01100E+0,2.04600E+0,2.08100E+0,2.11600E+0,2.15100E+0,2.18600E+0,2.22100E+0,2.25600E+0,2.29100E+0,2.32600E+0,2.36100E+0,2.39600E+0,2.43100E+0,2.46600E+0,2.50100E+0,2.53600E+0,2.57100E+0,2.60600E+0,2.64100E+0,2.67600E+0,2.71100E+0,2.74600E+0,2.78100E+0,2.81600E+0,2.85100E+0,2.88600E+0,2.92100E+0,2.95600E+0,2.99100E+0,3.09100E+0,3.19100E+0,3.29100E+0,3.39100E+0,3.49100E+0,3.59100E+0,3.69100E+0,3.79100E+0,3.89100E+0,3.99100E+0,4.09100E+0,4.19100E+0,4.29100E+0,4.39100E+0,4.49100E+0,4.59100E+0,4.69100E+0,4.79100E+0,4.89100E+0,4.99100E+0,5.49100E+0,5.99100E+0,6.49100E+0,6.99100E+0,7.49100E+0,7.99100E+0
7.45800E+2,3.44694E-2,-8.31312E-2,5.60506E-2,-7.05784E-2,-5.67526E-3,-3.73170E-2,1.06022E-1,-7.06207E-2,4.83715E-2,-5.41909E-2,2.68314E-2,9.71625E-3,7.71156E-2,-6.97873E-2,3.27240E-2,6.02779E-2,5.71485E-2,-1.36519E-2,1.41348E-1,7.22051E-2,5.14390E-2,-3.16279E-2,-9.52244E-2,-9.41079E-2,-1.45129E-2,2.57689E-2,-5.44229E-3,1.10953E-1,6.21896E-2,-5.74493E-4,-5.66374E-2,1.14318E-1,1.07907E-2,7.23574E-2,1.44299E-2,-2.49192E-3,1.37381E-2,5.61835E-2,1.89740E-2,4.41003E-2,8.66857E-2,2.02944E-2,-1.29320E-1,-4.31827E-2,-3.11134E-2,-2.14838E-2,9.88048E-2,4.40012E-2,4.26212E-2,-6.14771E-2,5.33566E-2,7.52895E-2,3.65893E-2,-1.33452E-1,-1.45332E-2,-9.88269E-2,-1.71281E-2,-1.91697E-3,5.43426E-2,-2.18818E-2,3.51427E-2,1.20708E-1,-5.60183E-2,-1.00794E-1,-1.12401E-1,-7.11513E-2,-5.95050E-2,-6.82328E-2,-6.03351E-4,-1.45917E-2,-2.77907E-3,-3.33486E-2,2.61178E-2,-1.23710E-1,-6.23677E-3,-3.24775E-2,2.32211E-2,8.56805E-2,1.72681E-2,2.28941E-1,-5.83801E-3,8.19498E-2,-4.55189E-3,-3.22606E-2,9.60576E-2,1.92243E-2,2.16242E-2,-8.37264E-2,-1.26565E-1,-1.37122E-2,4.25332E-2,-4.26162E-2,-2.04423E-2,-5.95960E-2,3.80010E-2,3.45191E-2,4.62087E-2,-1.73502E-2,-1.30197E-1,1.58428E-1,-3.75328E-2,4.32442E-3,5.12434E-2,-4.27111E-2,-4.09960E-2,1.68357E-1,-5.84632E-2,1.28842E-1,1.01536E-2,-7.72987E-2,2.03889E-2,3.01629E-3,8.75507E-2,-4.32392E-2,1.56933E-1,-4.56951E-2,2.18458E-1,-2.10890E-1,-6.68896E-2,-1.00844E-2,-2.76524E-2,8.82189E-2,9.87980E-3,7.29468E-2,8.71068E-2,-2.44867E-2,3.39650E-2,1.46477E-1,-1.16121E-1,4.26094E-2,1.56623E-1,-1.35274E-1,1.38815E-2,-4.52491E-2,-1.03269E-1,-1.98417E-1,6.81055E-2,-5.22902E-2,9.55013E-2,4.02599E-2,9.24861E-2,1.19163E-1,7.06739E-2,6.02548E-2,6.21034E-2,1.02186E-2,2.45333E-2,5.17024E-2,-1.65156E-1,-7.82558E-2,-3.36775E-2,-2.00697E-4,-3.53538E-2,-1.12961E-2,4.04751E-3,1.13932E-1,1.56513E-2,-4.21342E-2,7.31019E-2,-7.98420E-2,-7.88388E-2,6.18712E-3,1.28798E-1,4.03847E-2,-3.58403E-2,3.44493E-2,-1.76973E-2
7.49184E+2,1.16678E-1,-1.01262E-1,-7.27549E-3,9.16538E-2,8.89785E-2,-6.45697E-2,-2.27946E-1,-6.72931E-3,6.42287E-2,-1.45147E-1,6.39707E-2,4.55799E-2,-1.88419E-2,-7.20512E-2,1.72733E-1,5.84161E-2,-1.21656E-1,2.59188E-2,-5.60649E-2,-1.06192E-1,-2.32493E-2,-9.96350E-2,1.17998E-1,2.38434E-2,2.35836E-1,1.73737E-1,1.61517E-1,8.47645E-2,-2.05139E-2,8.24575E-2,1.51672E-1,-6.53351E-4,5.07786E-2,1.77337E-1,-1.10070E-1,2.09206E-1,4.38202E-2,1.87778E-2,8.45867E-2,-4.37395E-2,-9.57312E-2,8.62630E-2,1.17678E-1,2.49074E-1,2.62826E-1,-5.19238E-3,2.52622E-2,1.02889E-1,1.68271E-1,1.83533E-1,-7.12612E-2,1.48903E-1,1.43893E-1,1.30452E-1,6.59557E-2,5.27160E-2,-1.30540E-1,8.25309E-2,-1.47964E-1,-1.48165E-1,8.42903E-2,-8.64131E-2,4.79088E-2,4.46238E-2,2.13447E-1,1.25570E-1,1.05170E-2,-9.03247E-3,1.90673E-1,-1.05936E-1,-5.06434E-2,1.61112E-1,1.56716E-1,8.91466E-2,1.54287E-1,9.28037E-2,4.49962E-2,-1.19456E-1,1.82270E-1,-1.06077E-4,5.03858E-3,-1.10872E-1,-4.57329E-2,1.14317E-1,2.57374E-2,6.42253E-2,7.44960E-2,1.62679E-1,1.73442E-1,-5.07019E-3,1.09465E-1,8.73538E-2,1.58026E-1,1.67884E-1,7.45700E-2,-1.53273E-1,-4.14902E-2,-5.56317E-2,4.69799E-2,-1.00683E-1,-2.39093E-2,9.62025E-3,7.02901E-3,3.25706E-3,6.86432E-2,-1.16890E-1,-4.34195E-3,-1.57295E-1,-2.59559E-1,-1.45173E-2,-1.92444E-1,-2.66268E-2,-9.39805E-2,-1.65552E-1,-7.33868E-2,1.93231E-2,-1.09878E-1,-3.41375E-2,3.00831E-2,3.34295E-2,-6.46204E-2,1.75189E-1,-1.12868E-1,-9.78659E-2,-5.04766E-2,2.13766E-1,-9.66336E-2,3.39171E-2,2.77534E-2,2.85967E-2,3.14164E-2,1.59924E-1,1.89925E-1,2.38349E-1,1.45133E-1,1.32341E-1,7.23120E-2,-1.17030E-1,7.65692E-2,-1.70519E-1,-3.48074E-2,1.97721E-2,-4.87556E-2,4.29996E-2,6.17263E-2,3.41749E-2,1.11298E-1,7.89220E-2,1.52536E-1,2.60840E-2,2.99541E-1,6.99124E-2,3.53854E-1,-2.16191E-2,8.86797E-2,-9.26481E-2,-9.86295E-2,1.25515E-1,-7.77768E-2,1.27813E-1,1.27208E-1,1.64854E-1,-1.65316E-2,-4.63335E-2,1.98476E-1,8.96642E-2,-5.26720E-2
7.52569E+2,-2.75695E-2,-1.14355E-1,2.43427E-2,-2.60957E-2,8.53497E-3,5.10250E-2,-6.06831E-2,-1.00569E-2,-6.12944E-3,6.05969E-2,-1.24413E-3,-4.57618E-2,-3.26035E-2,1.62258E-1,1.77420E-2,1.26628E-1,-2.44248E-2,1.14583E-1,-2.23453E-1,-1.57647E-1,3.91923E-2,2.09950E-2,5.58310E-2,2.23759E-1,-1.09016E-1,5.61311E-2,1.46495E-1,1.54198E-1,-7.92190E-2,-2.26360E-2,-1.61477E-2,-4.30297E-2,-5.06097E-2,-9.54527E-3,6.44082E-2,1.78042E-2,-4.52136E-4,1.34886E-1,-2.92500E-2,-3.62449E-2,-7.81981E-2,-1.34847E-1,2.71103E-1,1.95528E-1,2.18916E-1,2.09242E-1,-2.12228E-2,1.45452E-1,5.16084E-2,-7.56646E-4,-4.51894E-2,8.03559E-2,1.97636E-1,2.07711E-1,1.36832E-1,3.80944E-2,5.86060E-3,1.48375E-2,1.97546E-2,-5.77370E-2,-1.21513E-1,-1.81000E-1,2.29237E-2,-4.87912E-2,2.17933E-1,1.20610E-1,2.59033E-1,6.70729E-2,1.55358E-1,-7.90403E-2,3.13618E-2,1.26012E-2,5.32908E-2,-1.28045E-2,-2.12621E-2,2.77051E-2,8.42051E-2,-1.13756E-1,4.39771E-2,-1.42426E-2,6.85558E-2,5.48667E-2,-7.48730E-2,6.72944E-2,-1.39147E-1,1.12620E-1,-2.99597E-2,1.38346E-1,4.45720E-2,1.29339E-1,9.07386E-2,1.18785E-1,2.66071E-2,1.97253E-1,1.32383E-1,3.19317E-2,-8.82283E-2,6.32170E-2,3.29102E-2,-8.11635E-2,-1.77897E-3,-1.79499E-1,9.27437E-2,4.89261E-3,1.94132E-3,-1.21969E-1,-7.16429E-2,-2.33952E-1,-2.03222E-2,-2.38578E-2,-9.82933E-2,-1.65794E-1,-1.53616E-1,1.37440E-2,-3.55910E-2,-6.80281E-2,-1.20823E-1,1.82805E-2,6.41426E-2,-1.45344E-1,9.67274E-2,7.90612E-2,-6.81843E-2,9.67871E-2,-1.41537E-1,8.76798E-2,-4.03757E-2,1.39959E-2,1.16392E-1,-9.61809E-2,-8.22579E-2,1.83471E-1,1.76769E-1,1.26692E-1,6.17346E-2,4.46438E-2,-5.36793E-3,9.84147E-2,-5.98425E-2,-1.20438E-1,2.26829E-2,-9.24189E-2,-7.51608E-2,5.69102E-2,-6.17498E-2,1.04504E-1,-2.42844E-2,-3.66502E-3,1.63283E-1,-2.05971E-2,1.77722E-1,-3.83739E-2,1.98047E-1,-9.20340E-2,2.34935E-2,8.77290E-2,9.74356E-2,8.78346E-2,8.28100E-4,6.99070E-3,1.53094E-1,-2.68756E-2,8.88477E-2,-9.82070E-2,8.41327E-2,8.83470E-2,-1.08067E-1
7.55955E+2,-7.32154E-2,4.41565E-2,2.66352E-2,2.64461E-2,8.09083E-3,-6.75533E-2,3.69699E-2,-2.10007E-2,2.68104E-2,-4.46335E-2,6.58642E-3,-2.00389E-2,-6.85528E-3,2.97934E-3,5.46225E-2,2.73792E-2,-6.09241E-2,3.02995E-2,-6.84199E-2,-2.97594E-2,6.18225E-3,4.54966E-2,5.15946E-2,5.89991E-2,2.66753E-2,2.00379E-2,6.28430E-2,5.92069E-2,-8.11905E-2,2.62246E-3,1.26738E-2,-2.73041E-2,-7.43898E-2,6.12874E-3,-2.45493E-2,3.59076E-2,-5.24334E-2,-1.32066E-2,-2.04882E-2,-1.65557E-2,-4.88984E-2,-1.91544E-2,2.45068E-2,4.78650E-2,5.57833E-2,-1.93174E-2,-5.03123E-2,-2.44430E-2,-4.97493E-2,3.31822E-2,-1.29936E-3,-1.24807E-3,6.37652E-2,4.50955E-2,-1.67088E-2,4.73042E-2,5.39903E-2,4.09851E-2,-4.87132E-2,-6.63866E-4,-8.31863E-3,-5.68145E-2,-6.42011E-4,-2.24594E-2,3.67312E-2,5.66326E-2,2.85571E-2,9.09458E-4,-3.32800E-2,-4.79218E-2,1.86263E-3,8.69092E-2,-3.26522E-2,6.79690E-3,1.14282E-2,2.23286E-2,-5.03600E-3,2.71828E-2,-7.99205E-3,-5.46476E-2,7.75608E-3,-2.39581E-2,-1.63347E-2,2.24272E-2,-2.30726E-2,3.97929E-3,1.09832E-2,6.56368E-2,4.93405E-2,3.39518E-2,2.29576E-2,2.20539E-2,2.98736E-2,1.13511E-1,3.14878E-2,1.53674E-2,-3.53690E-2,-1.63993E-2,1.28639E-2,-3.99938E-2,-5.39513E-2,7.74044E-2,9.52605E-2,8.27383E-3,-6.47458E-3,-4.47650E-2,-2.86850E-2,-6.95016E-2,-2.31120E-2,-3.26794E-3,-3.72258E-3,-2.30629E-2,-3.62820E-2,-5.07215E-2,-1.07257E-1,-5.68649E-2,-7.74854E-2,-6.04501E-3,-3.00917E-2,-5.63806E-2,8.04532E-2,-4.72281E-2,-3.99134E-2,-3.30447E-2,1.06599E-4,7.03243E-2,-4.65140E-2,4.94319E-2,-2.10132E-2,-1.97041E-2,-1.64746E-3,1.92474E-2,5.69968E-2,4.41077E-2,-6.37411E-3,6.52376E-2,-2.25105E-3,3.86701E-2,5.90149E-2,-5.11834E-2,-5.73199E-2,-4.10384E-2,-2.64350E-2,-4.48399E-2,-6.53039E-2,-4.25170E-2,-9.59935E-3,2.12329E-2,2.04802E-2,7.56628E-2,1.13991E-1,4.79497E-2,4.98164E-2,-5.20533E-2,1.42484E-2,-6.88822E-3,-1.30101E-2,6.96273E-2,-1.96999E-2,-8.72846E-3,5.69902E-3,5.37230E-2,2.48296E-2,-1.33890E-3,2.28802E-2,-4.60728E-2,-6.02236E-2
7.59341E+2,-3.54139E-2,2.09476E-2,-4.21041E-2,-1.24691E-3,4.81235E-6,-1.17035E-2,-2.99839E-2,9.61212E-3,2.32546E-2,1.54727E-2,1.80043E-2,1.48378E-2,3.65816E-2,-2.73550E-2,9.09170E-3,2.29040E-2,-3.04470E-2,9.68137E-3,-1.51013E-2,-6.58177E-3,-1.09790E-4,-2.11133E-2,6.30588E-3,2.59263E-2,6.57777E-2,2.14047E-2,4.36739E-2,-8.48799E-3,2.25543E-2,2.23782E-2,4.44485E-2,4.51482E-2,4.06988E-2,6.88815E-2,2.53400E-2,4.30081E-2,1.13419E-2,5.95742E-2,1.54226E-3,1.70108E-2,1.47243E-2,1.54981E-2,3.26757E-2,9.43557E-2,7.85035E-2,5.94695E-2,-2.55268E-2,8.22236E-2,1.79741E-2,3.30989E-2,3.22470E-2,1.79888E-2,-1.71386E-2,5.93802E-2,5.61721E-2,1.83557E-2,3.78733E-2,4.02700E-2,-7.35836E-3,-2.55107E-2,-2.37486E-2,3.36440E-3,3.64874E-2,1.39756E-2,3.10897E-2,3.66851E-2,3.94538E-2,1.57059E-2,3.78902E-2,-5.48019E-2,2.38303E-2,6.48419E-2,-1.17676E-3,6.47573E-2,4.73969E-2,1.35894E-2,6.53262E-3,-4.03168E-4,9.63807E-2,-3.16554E-2,-7.04402E-2,3.57275E-2,-5.08942E-4,1.52864E-2,-2.97215E-2,-1.19982E-2,1.01326E-2,4.41404E-2,6.26033E-2,4.56146E-2,-7.61573E-3,4.96107E-2,5.43613E-2,3.32910E-2,3.48841E-2,2.04215E-3,2.01034E-2,-6.96776E-3,2.70634E-2,-1.51215E-2,-7.61084E-2,3.44935E-2,-9.37183E-3,5.14103E-2,-5.73726E-2,-1.78175E-2,-2.75993E-2,1.10404E-2,-8.82538E-3,3.88036E-2,4.33480E-3,4.24917E-2,-1.13493E-2,3.19934E-2,1.88675E-3,9.22028E-3,-2.64310E-2,-1.36637E-3,-1.23924E-2,-2.09400E-2,3.38225E-2,-9.37502E-3,-2.70159E-3,-1.48108E-2,-2.59194E-2,3.02994E-2,5.37083E-3,2.31036E-2,2.22923E-2,-2.10184E-2,6.17524E-2,6.45820E-2,6.52438E-2,4.33889E-2,5.71197E-2,3.48661E-4,-5.82835E-3,3.41033E-2,7.38779E-3,-2.70598E-2,-5.17066E-2,-5.78906E-2,1.81059E-2,5.24303E-2,-1.55129E-2,1.76581E-2,7.00817E-2,4.13730E-2,1.01864E-2,-1.85018E-2,2.75956E-2,-2.56532E-3,4.26402E-2,3.47478E-2,-7.70501E-3,-3.08175E-2,-6.94223E-3,5.28271E-2,3.24263E-2,5.59950E-2,5.60902E-2,3.48559E-2,2.28209E-2,-3.54998E-2,6.16228E-2,-3.94504E-2,2.04692E-2
7.62729E+2,-2.40722E-2,-3.55763E-2,6.18778E-5,-1.80979E-3,5.08427E-2,4.67761E-2,-2.15425E-3,2.17083E-2,-3.65515E-2,-5.14717E-2,-5.12168E-3,4.52324E-2,-1.34150E-2,3.15311E-2,-2.59801E-2,2.05166E-2,-7.06294E-2,-2.52369E-2,-1.48970E-2,-2.09973E-2,-9.27217E-3,7.81684E-3,1.14232E-2,2.21420E-2,1.21125E-2,7.57303E-3,3.81900E-2,-4.52240E-2,-3.29096E-2,-4.82583E-2,1.29663E-2,-1.68181E-2,-1.62821E-2,6.18582E-3,5.54084E-2,5.00543E-2,1.39582E-2,-7.52032E-3,-1.96933E-3,4.42808E-2,-5.70746E-2,2.94235E-2,1.66227E-2,1.18374E-1,6.44070E-2,-1.05503E-2,-1.86052E-2,4.99779E-2,-3.35964E-2,5.22838E-2,-4.07329E-3,2.09339E-2,2.32375E-2,8.92488E-2,8.13820E-4,4.59762E-3,-1.39215E-2,4.81756E-2,-3.30490E-2,-3.95381E-4,2.83963E-2,-6.92480E-2,1.36924E-2,-1.75090E-2,3.54821E-2,2.18505E-2,-7.97238E-3,5.80418E-2,-2.28728E-2,-1.77166E-2,-8.19104E-3,4.51078E-2,3.85939E-2,5.12955E-2,-1.42210E-2,2.33338E-2,-2.40893E-2,-3.34498E-2,7.30683E-3,-3.69324E-2,-1.74186E-3,-5.51718E-3,2.66500E-2,-8.90929E-3,-4.90174E-2,8.51439E-3,1.73080E-3,-2.73153E-2,3.01435E-2,3.11512E-2,-1.62337E-2,5.60457E-2,1.25230E-2,4.60610E-2,3.68057E-2,2.04301E-2,1.93384E-2,-2.03840E-2,7.19140E-2,7.75461E-3,1.52475E-2,2.87669E-2,-1.84264E-3,8.18418E-3,-5.08204E-2,-5.77086E-3,-2.90584E-2,-6.14650E-2,-3.40223E-2,8.13085E-3,6.04437E-3,-5.87264E-2,-4.82433E-3,-2.84270E-2,-3.10984E-3,-8.11288E-2,-5.42077E-2,3.57769E-2,-5.61327E-3,-5.70842E-3,-3.21576E-2,-1.18795E-2,1.04359E-2,-7.11169E-3,-2.95704E-3,1.35875E-2,-1.05909E-2,-6.99348E-3,8.08703E-3,7.01526E-5,-5.58583E-3,6.46372E-2,7.63141E-2,1.28262E-1,3.33265E-2,4.45156E-3,-1.70685E-2,6.40063E-2,-2.19354E-2,1.40148E-2,1.07341E-2,-3.48564E-2,-1.97163E-3,-2.54100E-2,-4.65421E-2,-6.10220E-3,1.83182E-2,7.01523E-2,1.16892E-1,2.11724E-2,1.21625E-2,-6.82952E-3,5.02129E-2,6.14520E-2,-1.16011E-2,5.50017E-3,-2.46772E-2,5.73940E-2,1.39414E-2,2.09779E-2,8.26245E-2,2.71397E-2,-9.19496E-3,-2.10775E-2,1.85412E-2,7.34350E-3,-4.41938E-2
7.66116E+2,-1.91252E-1,-2.03221E-2,-9.39749E-2,-2.04858E-1,1.35169E-1,-4.52441E-2,-1.17779E-1,4.68448E-1,1.15743E-1,-1.58092E-1,2.45667E-1,7.59855E-3,-2.21531E-1,1.02764E-1,-2.23370E-2,4.69695E-1,-2.69508E-2,2.65191E-1,7.45040E-2,-2.50771E-1,2.77749E-2,1.85934E-1,3.59142E-1,2.60216E-1,2.21621E-1,2.70046E-1,3.92056E-1,-1.75088E-1,-7.75827E-2,1.05528E-1,2.81646E-1,-4.48060E-1,6.71200E-2,2.65941E-1,-1.04614E-1,3.04877E-1,-1.48843E-2,2.95079E-1,8.06889E-2,-1.08685E-2,-4.34183E-2,2.22728E-1,2.35361E-1,1.55578E-1,4.59073E-1,3.02314E-2,-7.24258E-3,4.74593E-2,1.76930E-1,1.74251E-1,-3.18660E-2,1.58641E-1,2.11305E-1,2.98397E-1,2.47886E-1,3.04473E-1,7.73438E-3,1.99146E-1,-4.23707E-1,-1.40355E-1,-3.62953E-2,-7.14320E-2,1.29335E-1,3.29993E-1,4.81379E-2,4.51050E-1,1.49272E-1,3.33551E-1,3.11593E-1,-2.03416E-1,-2.03359E-1,3.49451E-1,1.73883E-1,2.60965E-1,1.34733E-1,1.11513E-1,-2.75324E-1,-6.48756E-2,3.71477E-1,3.17259E-2,-8.38790E-2,2.75306E-1,1.44993E-1,2.07673E-1,2.47075E-2,-2.60186E-2,-6.14127E-2,3.91497E-1,1.71979E-1,1.22965E-1,2.68695E-1,3.02442E-1,6.97978E-2,4.13677E-1,3.94777E-1,-8.99724E-2,-5.92081E-2,-6.26201E-2,7.99970E-2,7.01762E-2,3.73129E-1,-9.76168E-2,1.91529E-1,3.23913E-1,3.11967E-1,-2.91597E-2,-9.36866E-2,-6.06079E-1,-5.72965E-1,-7.59596E-3,1.27048E-1,-8.17888E-2,-2.69399E-1,-2.30992E-1,-8.08732E-2,-3.69733E-1,-4.46783E-1,9.96568E-2,-3.90308E-2,1.50536E-1,-5.56077E-2,-4.34606E-1,-5.95557E-1,2.15998E-1,2.65427E-1,2.27448E-1,5.29053E-2,-1.02253E-1,-5.52452E-2,-4.28498E-1,1.12200E-2,3.19382E-1,3.40203E-1,2.47761E-1,1.05073E-1,6.51120E-1,-2.34348E-1,3.85294E-1,1.49948E-1,-2.17481E-2,2.14050E-1,-2.97257E-1,-2.88734E-1,2.03883E-1,1.90608E-1,3.21941E-1,6.39065E-2,5.14961E-1,3.00341E-1,2.69188E-2,5.96675E-1,1.41999E-2,4.30715E-1,9.74002E-2,-2.16397E-1,2.92900E-1,2.20579E-1,3.97953E-1,2.46323E-1,4.95977E-1,2.60855E-1,2.23847E-1,1.85152E-2,-2.30008E-1,4.22280E-1,1.95772E-1,-4.85137E-1
7.69505E+2,7.95029E-3,-3.75209E-2,1.34012E-2,5.81728E-2,-1.28714E-2,-4.39141E-2,4.36314E-3,-5.84254E-3,-6.96005E-2,7.54449E-3,1.24740E-2,6.03569E-2,-1.68439E-2,4.24934E-3,1.80811E-2,3.25784E-2,-4.73024E-2,9.15723E-3,-1.68136E-2,-1.91678E-2,4.57342E-2,1.46053E-2,1.35652E-2,5.02606E-2,6.59525E-2,-5.33531E-3,2.47554E-2,1.75932E-2,-4.37845E-2,-2.12657E-2,1.36100E-2,5.72444E-2,1.91309E-2,5.38881E-3,-3.44014E-3,5.34377E-2,2.32171E-2,8.25317E-2,6.38508E-2,-2.81511E-2,3.52539E-2,2.65721E-2,7.54650E-2,9.90471E-2,7.78694E-2,-1.06140E-2,-2.01394E-2,5.26587E-2,1.41657E-2,1.12747E-2,1.92844E-2,2.12651E-2,1.82019E-2,3.41614E-2,7.59276E-2,-1.49962E-2,3.37057E-2,1.60649E-2,-2.02735E-2,-3.26939E-2,4.37340E-2,-3.83705E-3,-3.00515E-2,2.95038E-2,6.98468E-2,2.50300E-3,-2.36963E-2,3.80932E-2,1.07610E-1,3.65566E-2,5.38676E-2,3.58844E-3,-5.48713E-3,3.88420E-2,1.45418E-2,1.81088E-2,-5.36460E-3,-1.34349E-2,3.22726E-2,1.42528E-2,2.76702E-2,3.50398E-2,7.43042E-2,7.36085E-2,-1.84863E-2,7.67609E-2,-1.15352E-2,4.31448E-3,-1.69423E-2,3.60371E-2,5.32343E-2,3.41423E-2,2.73387E-2,7.56033E-2,2.79082E-2,-2.15231E-2,2.25992E-2,-3.23730E-2,3.43904E-2,3.39738E-2,-7.00768E-3,-1.76408E-4,2.73042E-2,4.32226E-2,-6.13314E-2,-2.94961E-2,5.37091E-2,6.74867E-3,-1.54899E-2,4.62771E-2,2.65912E-2,-1.81657E-2,-7.69146E-2,-2.00636E-2,-1.32794E-2,-6.92741E-2,-2.15249E-2,-1.04283E-2,8.35042E-3,-7.53280E-3,7.57055E-3,-1.54187E-2,-2.14392E-2,4.29551E-3,3.76607E-2,6.99223E-2,1.28036E-2,-1.50623E-2,4.55523E-2,-1.59234E-2,3.01068E-2,5.64268E-2,3.95955E-2,1.02306E-1,-1.51757E-2,6.24295E-2,2.83425E-2,1.26834E-2,7.01724E-2,-1.90005E-2,-4.72816E-2,-8.54035E-3,-3.16549E-3,5.22023E-3,3.92720E-2,-1.83508E-2,2.89208E-2,4.13758E-2,6.40706E-2,5.15356E-2,2.40830E-2,5.18007E-2,6.78577E-2,4.34359E-3,5.59296E-2,6.13141E-2,3.99671E-2,6.74386E-2,2.74379E-2,4.29828E-2,2.28267E-2,9.81199E-2,5.47866E-2,-7.35013E-3,9.96925E-2,1.29748E-2,-6.10603E-2
7.72894E+2,-4.16732E-2,-3.51190E-2,4.32482E-2,-2.01648E-2,-4.75275E-2,3.81225E-2,-3.58555E-2,-2.19111E-2,-5.64952E-2,-5.96219E-4,2.20408E-2,9.26503E-2,8.50596E-3,-1.71166E-2,7.18914E-2,-1.11415E-3,-3.70210E-2,1.36454E-2,-2.66661E-2,-4.62069E-2,6.24639E-2,5.83890E-2,6.12693E-3,1.16015E-2,4.61672E-2,6.98823E-2,7.85906E-2,-2.23009E-2,-1.78590E-2,4.46570E-2,1.00295E-1,-2.17559E-2,3.84933E-3,2.68016E-2,-2.78986E-2,8.51958E-2,-2.26551E-2,9.59855E-2,-5.09572E-2,-1.54934E-2,-1.73011E-2,3.59046E-2,8.41431E-2,1.13648E-1,2.64675E-2,-3.24545E-2,-2.70490E-2,1.19022E-1,7.46724E-2,4.15752E-2,-1.38478E-2,4.98840E-2,2.54543E-2,7.47663E-2,1.04784E-1,1.00962E-1,7.12536E-2,6.22287E-2,-4.98364E-2,6.14889E-3,4.04681E-2,2.15797E-2,-1.08003E-2,6.56456E-2,4.10043E-2,4.04954E-2,4.03059E-2,2.75318E-2,-4.21803E-2,4.82008E-2,1.02007E-2,2.91418E-2,6.05244E-2,8.54460E-2,-1.91542E-2,-3.21973E-2,-1.81412E-2,-1.29484E-2,4.76769E-2,4.67766E-2,2.37302E-2,-4.37649E-4,5.80682E-2,-4.55311E-2,-2.65017E-2,2.72961E-2,-4.25244E-2,3.47033E-2,7.87593E-3,1.21410E-1,1.83292E-2,4.15665E-2,3.11249E-2,4.91619E-2,7.39516E-2,9.11434E-3,5.38159E-3,1.43115E-2,5.94523E-2,3.75748E-2,7.28144E-3,6.92180E-4,2.60088E-2,8.28766E-2,-1.42213E-2,-5.15122E-2,1.81930E-2,-5.00236E-2,-6.41375E-2,-9.16348E-3,1.19354E-2,5.77695E-2,-6.09460E-2,-5.75741E-2,-2.28388E-2,-2.54527E-2,-8.60713E-2,6.24449E-2,4.79016E-2,-3.49279E-2,5.88283E-2,-3.03150E-2,-9.29711E-3,-2.73680E-2,-8.51372E-3,8.79009E-2,-1.95989E-2,4.91850E-2,-5.50042E-3,-4.32865E-2,5.72486E-2,5.97077E-2,7.08162E-2,8.26204E-2,1.10467E-2,-1.97128E-2,2.27915E-2,1.26786E-2,-2.18746E-2,-4.14418E-2,4.31453E-3,-5.84535E-2,-1.07171E-2,1.74419E-3,2.54479E-2,1.65351E-2,-2.39001E-3,1.33691E-1,1.00290E-1,-5.28035E-3,7.57502E-2,3.01979E-3,5.36096E-2,-6.63129E-3,-5.51641E-3,4.89365E-2,1.70927E-2,3.88371E-2,6.57135E-3,3.33369E-2,3.54301E-2,7.38584E-2,-2.68647E-2,-1.28799E-2,7.94312E-2,6.13142E-3,-2.31808E-2
7.76284E+2,-2.31606E-2,3.50229E-2,-2.27228E-2,-4.35086E-4,-6.13587E-3,6.87867E-4,-5.69097E-2,-6.13667E-3,2.91120E-2,4.28108E-2,2.06008E-2,1.64839E-2,-3.26566E-3,-2.87357E-2,2.78393E-3,-2.15792E-2,3.42871E-3,3.14458E-2,4.41166E-3,1.47266E-3,9.51586E-3,-4.29850E-2,6.97876E-3,-2.44600E-3,1.33682E-2,-1.15119E-2,7.07211E-2,7.00824E-2,-4.43751E-2,9.90601E-3,4.93232E-2,-1.14047E-2,3.99060E-2,-1.17272E-2,1.35197E-2,6.04803E-2,-1.23909E-2,3.17908E-2,4.43031E-2,1.08511E-2,1.12628E-3,-1.32576E-2,8.24314E-3,4.65026E-2,4.97040E-2,-3.45798E-2,1.76376E-2,1.96878E-3,9.59251E-3,2.43164E-2,5.41190E-3,2.43132E-2,-3.64900E-2,6.12610E-2,2.70015E-2,3.54363E-2,-2.09588E-3,3.77615E-2,-5.06837E-2,-2.73486E-2,-3.33605E-2,-1.88218E-2,-5.48471E-2,-8.59439E-3,1.42354E-3,2.24922E-2,-4.06350E-2,2.27549E-3,-7.68742E-3,-1.77219E-3,-1.45596E-2,2.93194E-2,-1.39650E-2,2.22926E-2,2.96166E-3,7.36681E-3,-3.77058E-2,-1.27685E-2,1.10566E-2,2.80970E-2,7.10770E-2,-8.73678E-4,-4.46270E-2,2.08769E-2,1.92707E-3,4.88285E-2,9.95033E-3,8.61983E-2,1.86041E-2,-2.33620E-3,4.73762E-2,2.57899E-2,-3.38580E-2,-9.07274E-3,2.17826E-2,2.82867E-4,-5.09197E-2,-6.84803E-3,3.43161E-2,2.87024E-2,2.63039E-2,-8.65742E-4,1.89722E-2,-1.64204E-3,-4.30619E-2,-2.87591E-2,2.64042E-2,-1.19478E-2,-2.95289E-2,1.83087E-2,-5.33918E-2,7.02942E-3,-6.69601E-3,-2.91878E-2,-1.87483E-2,-9.54888E-3,5.91483E-3,1.64357E-3,5.45744E-2,-5.31561E-2,-5.11595E-2,-1.33575E-2,-2.42742E-3,-1.81140E-2,9.45304E-3,-1.53875E-2,-2.45443E-2,2.09517E-2,-2.86320E-2,1.21702E-2,-2.20978E-3,4.94874E-2,3.38313E-2,7.11742E-2,2.49543E-2,1.81942E-2,6.54701E-2,-2.09860E-2,-2.19936E-2,-8.38602E-3,-1.86679E-2,-2.69425E-2,4.22040E-2,6.78545E-2,3.17985E-2,-7.67115E-3,1.00986E-2,3.39654E-2,4.63785E-2,1.42879E-2,6.84775E-3,-6.14330E-3,-1.73436E-2,3.96446E-2,2.81739E-3,4.51924E-2,2.10773E-2,7.03615E-2,-3.65745E-3,4.41995E-2,3.79848E-2,-2.87922E-3,-1.69939E-2,-2.44893E-2,3.39896E-2,-8.65695E-4,1.28194E-2
7.79674E+2,-3.86172E-2,4.27114E-2,-4.04628E-2,1.55074E-3,-9.48869E-3,1.30549E-2,4.37327E-2,-1.73804E-2,-1.15026E-2,3.54313E-3,3.00171E-2,3.04767E-2,-1.04803E-2,-4.17502E-2,4.59531E-3,4.10418E-2,2.42852E-2,5.96641E-2,6.75004E-3,1.16201E-2,5.04613E-2,2.12638E-2,2.38383E-2,-3.01087E-2,4.04631E-2,-1.10147E-2,6.30539E-2,-6.41999E-2,4.70616E-3,2.15729E-2,-4.69274E-3,9.17586E-3,-3.02568E-2,-3.27225E-2,-3.62746E-3,3.00996E-2,3.56915E-3,-2.63707E-2,1.79764E-2,-2.94365E-2,-4.99183E-3,-1.71220E-2,3.11354E-2,1.71558E-2,7.61821E-2,1.56156E-2,-1.29718E-2,7.59607E-3,1.96252E-2,3.57740E-2,-1.53716E-2,-2.22616E-2,-4.27656E-2,3.16542E-2,2.99549E-2,3.27109E-2,2.69987E-2,-1.25516E-3,-2.64152E-2,-1.56808E-2,4.27609E-2,-5.84193E-2,2.74156E-2,1.64865E-2,2.05000E-2,-8.67850E-3,-1.35310E-2,-1.63426E-2,-5.04378E-2,-3.68872E-2,-4.21445E-2,1.60710E-2,-6.93070E-3,-3.48383E-3,1.96868E-2,3.26464E-3,3.99466E-3,2.08478E-2,-1.61774E-2,-1.80110E-2,-6.26578E-3,3.00657E-2,2.44496E-2,-6.65522E-3,2.08057E-2,3.59057E-2,-3.13216E-3,5.84806E-2,2.75040E-2,6.89211E-2,7.70627E-3,-4.56151E-3,-1.53944E-2,3.31743E-2,4.37700E-2,3.39117E-2,2.67817E-2,-7.15235E-3,3.66750E-2,2.69097E-2,2.96383E-2,-4.05532E-3,-1.00397E-2,6.72091E-3,-3.11587E-2,-7.39811E-2,1.38683E-2,-2.93142E-2,-4.70516E-2,-2.78423E-3,3.25492E-3,4.30522E-2,1.03293E-2,2.05666E-2,1.50782E-2,-6.74486E-2,-2.33844E-2,3.10352E-5,3.62374E-2,-2.31355E-3,-3.06921E-2,-1.27104E-2,-3.90682E-2,4.09823E-2,1.95057E-2,-1.79416E-2,4.68179E-2,1.52488E-2,-4.00187E-3,-1.61764E-2,4.21804E-2,4.49074E-2,4.09971E-2,5.57119E-2,4.09147E-2,7.02756E-3,1.65913E-2,3.26443E-2,-1.33538E-4,1.72217E-2,-1.90235E-2,9.67249E-3,1.72695E-3,2.03908E-2,3.54439E-2,3.79953E-2,6.25893E-2,5.63472E-2,4.42895E-2,-2.03381E-2,-6.10314E-4,1.48759E-2,-1.90821E-2,3.47745E-3,2.08852E-2,5.85404E-3,-2.44953E-2,7.66192E-2,-3.39762E-2,3.21331E-2,-2.30155E-2,2.77081E-2,4.83070E-2,1.58997E-2,2.27493E-2,4.66953E-3,-8.48491E-2
7.83066E+2,7.66671E-2,-1.06245E-1,7.63715E-2,-4.76324E-2,6.15493E-2,1.44775E-3,-1.48781E-2,5.07630E-2,9.09901E-2,9.16927E-3,8.97423E-3,-2.41389E-2,-9.98274E-2,-1.06651E-1,2.34408E-2,2.90325E-2,4.49858E-2,-1.22823E-1,8.09634E-2,1.55736E-1,-5.74853E-2,3.57377E-2,-1.78645E-2,-1.26291E-1,-3.98560E-2,4.02617E-2,-7.89168E-2,5.42202E-3,9.81603E-2,8.29756E-2,6.13274E-2,5.77740E-2,1.12320E-2,-3.62677E-3,2.19996E-3,-6.51791E-2,-5.98755E-2,-3.49009E-3,1.72635E-1,-2.94565E-2,-8.31245E-3,4.49898E-2,7.31107E-2,4.44253E-2,-1.11353E-1,3.24053E-3,4.46047E-2,5.63161E-3,3.81087E-2,-5.73315E-2,-1.40610E-1,5.32601E-2,1.57997E-1,4.53366E-2,-7.82189E-2,-1.63129E-2,3.24415E-2,6.44589E-2,1.02960E-1,2.43599E-2,-1.37377E-1,5.53159E-3,-3.62990E-2,-1.27744E-1,-1.07878E-3,3.32859E-2,-1.91788E-1,3.03773E-3,-8.49181E-2,-3.14830E-2,5.31517E-2,2.16177E-2,-4.31299E-2,-2.45657E-1,1.14823E-1,-1.11287E-2,-6.66039E-2,-2.37781E-2,1.06575E-1,1.59169E-1,-8.14632E-2,-1.45086E-2,-5.31541E-2,-3.83451E-2,9.29111E-2,-5.24228E-2,4.48408E-3,-2.92306E-2,-3.68694E-2,3.93008E-2,-1.30617E-1,-5.95009E-2,-1.07639E-1,1.22643E-2,6.65511E-2,-5.03381E-2,9.77284E-2,-9.00499E-2,9.15704E-2,4.27828E-3,4.94843E-2,-5.19884E-2,1.91519E-2,-1.67827E-2,8.39872E-2,1.05703E-1,1.56584E-1,1.68986E-1,7.50591E-2,8.49812E-2,2.00300E-1,1.43196E-1,-3.61967E-2,4.02793E-2,4.41365E-2,1.28380E-1,1.47927E-1,-6.71892E-2,-8.14289E-2,1.01537E-2,1.42013E-1,-7.65477E-2,8.81196E-5,-4.26710E-3,-8.47691E-2,-4.46115E-3,9.99690E-2,-4.99620E-2,-7.57402E-2,5.18161E-2,6.29214E-2,-1.07229E-1,-3.26639E-2,1.89282E-3,-3.21957E-2,6.65067E-2,-4.87268E-2,7.25349E-2,1.18310E-1,1.43433E-2,-2.09544E-3,1.24744E-1,6.88749E-2,6.18110E-2,9.62365E-2,-7.54561E-2,-5.23653E-2,-1.45729E-1,-7.90380E-2,-2.54369E-2,-1.10899E-1,-5.10471E-2,-9.58677E-2,-1.80087E-1,-5.12527E-2,-5.48454E-2,-8.32206E-2,-1.67145E-1,5.40090E-3,-1.01674E-1,-4.51729E-2,-1.04239E-1,1.24691E-1,-5.49440E-2,9.06177E-2,2.54384E-3,8.53535E-2
7.86458E+2,-5.91895E-2,1.15999E-2,1.19841E-2,5.47926E-2,-5.21934E-2,3.08344E-2,-6.07140E-4,-6.77040E-2,2.73451E-2,-3.22088E-2,9.07246E-3,1.70545E-2,4.44686E-4,9.53220E-3,3.92428E-2,1.60747E-2,-4.10504E-2,-8.54389E-3,-5.95432E-2,1.22513E-3,3.14368E-2,2.19781E-3,5.24683E-2,6.46377E-2,1.49649E-2,-9.28037E-3,5.07070E-2,-8.18779E-3,3.34058E-2,2.50985E-2,4.69861E-2,3.63357E-2,4.10443E-2,-2.96313E-2,-5.43353E-3,2.96702E-2,9.08127E-3,4.33633E-2,-2.26745E-3,5.48525E-2,4.00235E-3,-5.13751E-3,7.29930E-2,7.12246E-2,1.30730E-2,1.03448E-1,-4.85975E-2,5.23436E-2,8.36646E-3,3.66372E-2,2.87091E-2,2.41450E-2,5.79744E-2,5.64621E-2,4.80496E-2,6.34005E-2,-7.97467E-3,9.63071E-3,-4.94122E-3,8.18459E-3,1.48643E-2,5.08717E-2,1.24444E-2,3.42833E-2,1.97016E-2,4.12387E-2,5.75101E-2,1.26235E-1,4.68357E-2,-1.21185E-2,2.63965E-2,5.11040E-2,9.74714E-2,3.13931E-2,5.85055E-2,-5.82153E-3,-6.79944E-3,-1.48449E-2,7.63801E-2,6.13081E-2,2.68688E-2,-1.05452E-2,7.91357E-2,2.81868E-2,-7.80599E-2,4.21567E-2,1.23836E-2,8.34121E-2,5.32182E-2,3.30960E-2,5.58691E-2,4.34354E-2,4.57345E-3,4.44653E-2,5.85657E-2,-6.04990E-3,-8.97880E-3,-3.89948E-3,5.40305E-3,8.65344E-3,6.20052E-3,3.28697E-3,4.34942E-2,1.61172E-2,-1.19829E-2,-7.76301E-2,-2.76551E-2,-2.55012E-2,1.02860E-2,1.65540E-2,1.17382E-2,-1.08588E-2,-1.43047E-2,1.12432E-3,-1.39454E-3,-6.06429E-2,-8.67934E-2,7.39080E-3,2.01033E-2,1.95640E-2,3.38814E-2,3.76524E-2,1.67939E-2,2.37019E-2,-3.73974E-3,4.58803E-2,1.82964E-2,9.64749E-3,3.26783E-2,3.55219E-2,4.08433E-2,6.20868E-2,4.68412E-2,3.52362E-2,3.44447E-2,-4.62321E-3,3.60400E-2,-1.18016E-2,3.07579E-2,-8.25049E-3,-1.85786E-3,-2.11668E-3,-1.74894E-2,2.12932E-2,-1.10401E-2,1.84744E-2,2.51816E-2,5.55101E-2,1.12488E-1,2.48404E-3,9.71492E-2,-1.22184E-2,6.56495E-2,-9.69801E-4,4.10661E-2,3.77285E-3,-3.59054E-2,4.90247E-2,-8.14427E-3,3.85604E-2,2.07351E-2,6.19889E-2,6.05005E-2,-1.94180E-2,6.52958E-2,4.56537E-2,-6.44306E-2
7.89850E+2,6.19162E-3,9.01099E-2,-3.34834E-2,-2.16549E-2,-4.14711E-2,1.97307E-2,3.58930E-2,5.60318E-3,-3.10223E-2,-4.46252E-2,1.64340E-2,-4.66016E-2,3.30392E-2,3.23617E-2,-2.05048E-2,-1.63946E-4,-1.02099E-1,-4.56520E-2,-8.13673E-2,-7.74107E-2,2.52715E-3,3.36403E-2,7.92722E-2,1.18058E-1,2.15361E-1,5.11588E-2,9.53197E-2,6.48609E-3,-4.15407E-2,-3.79067E-2,-1.96674E-3,-9.76803E-2,1.35122E-2,3.41470E-3,-7.75896E-2,7.68876E-2,2.31596E-2,2.83820E-2,-4.46114E-2,6.42891E-2,-2.81332E-2,-1.17635E-1,-1.84121E-2,1.33121E-1,-4.00492E-2,1.59126E-2,3.26727E-2,1.00032E-1,7.54387E-2,3.23521E-2,-6.86329E-2,1.24213E-2,3.87668E-2,5.97445E-2,4.95721E-2,6.61466E-2,-1.15752E-2,-8.57544E-2,-5.95902E-2,3.82806E-2,-1.45745E-2,-4.58188E-2,-1.19755E-2,3.58192E-4,4.80049E-2,5.56098E-2,-7.78496E-2,1.00554E-1,3.26298E-2,3.04620E-2,-2.37674E-2,2.44238E-2,-1.03457E-2,8.54326E-2,1.80250E-2,-3.86053E-2,8.51763E-2,-6.69425E-2,-2.98306E-2,-4.51999E-2,1.52448E-1,-1.19976E-2,1.26447E-1,3.74651E-2,-8.90625E-2,5.85083E-2,-1.36548E-2,1.52265E-1,1.05092E-1,1.23381E-1,6.99006E-2,9.32083E-2,1.11505E-1,1.47818E-1,1.57458E-1,-2.75275E-3,3.42032E-3,6.57695E-2,-3.05893E-2,-6.01848E-3,-2.58539E-3,-4.05783E-2,1.55559E-2,9.53284E-2,9.85168E-3,-1.75694E-1,-1.27884E-1,-5.88588E-2,-6.04929E-2,-1.66271E-2,-7.94624E-2,9.80076E-3,-4.02226E-2,-7.76391E-2,3.80748E-2,-7.07265E-2,-4.39358E-2,1.40972E-1,8.04673E-2,-6.04312E-2,1.20307E-1,6.16817E-2,-9.96773E-2,9.86409E-3,-1.53545E-1,8.42317E-2,-2.71975E-2,-2.03530E-2,1.64517E-1,-1.06559E-1,6.69468E-2,1.22397E-1,5.68887E-2,4.58982E-2,-3.91147E-3,8.57520E-3,-1.71346E-2,1.81105E-1,-8.31994E-2,8.27911E-2,-5.49660E-2,-3.36671E-2,-9.67279E-2,2.01666E-2,-4.70587E-2,6.36568E-2,1.35491E-1,1.18057E-1,1.71686E-1,4.67000E-2,1.39411E-1,2.21030E-2,9.23082E-2,1.23297E-2,-1.38638E-2,-2.96049E-2,5.66696E-2,9.04902E-2,-3.23435E-3,1.07692E-1,8.16406E-2,3.02839E-2,1.08619E-1,7.79948E-3,1.35175E-1,2.31776E-2,-9.28294E-2
7.93244E+2,-2.98460E-2,-3.98496E-2,2.53118E-2,4.72302E-2,1.85067E-2,4.56184E-3,-7.11891E-3,-1.98844E-2,-4.25934E-2,-1.01780E-3,1.56223E-2,2.14763E-2,-2.00855E-2,-1.46281E-2,4.23146E-2,2.39676E-2,3.08537E-2,1.83124E-2,-2.90160E-2,-8.90910E-3,-1.94813E-2,-3.40476E-2,-5.05541E-2,2.09274E-2,1.82265E-2,2.05634E-2,1.98138E-2,1.21478E-2,-1.80171E-2,5.52904E-2,1.01578E-2,3.86693E-2,-2.65334E-3,-2.52535E-2,-8.48008E-3,7.56714E-2,1.93825E-2,-3.21716E-3,-3.68262E-2,-1.64509E-2,-3.42160E-3,-2.48957E-2,7.47454E-3,2.96531E-2,-3.28505E-2,-1.28463E-2,-5.17947E-2,2.85781E-2,-4.19767E-2,1.83055E-2,3.37126E-2,-3.21862E-2,-1.01265E-2,4.79517E-2,2.62243E-2,-1.13210E-4,1.94405E-2,2.14978E-2,1.70011E-2,-6.28899E-2,2.04552E-2,4.96478E-3,1.78004E-2,6.82396E-2,1.04596E-2,-4.45650E-3,4.44166E-2,-1.08165E-2,-1.67526E-2,-5.07003E-2,-2.87659E-2,2.03414E-2,4.00693E-2,-8.12893E-3,-6.05295E-2,2.83788E-2,8.99055E-3,-9.92644E-3,1.40158E-2,-1.75500E-3,-3.32600E-2,1.25664E-2,-1.14456E-3,-1.27565E-2,-3.50147E-2,1.83701E-2,-3.81660E-2,-3.60105E-2,-6.94131E-2,-1.20665E-2,-3.39741E-4,-2.25658E-2,-4.54627E-2,-8.29686E-3,7.01133E-2,-1.33695E-2,-1.80642E-2,-2.93838E-2,2.63455E-3,1.44226E-3,-9.70346E-3,-2.07146E-2,-1.10926E-2,2.29892E-2,7.03754E-3,-1.66631E-2,7.03106E-3,-4.52495E-2,-2.44975E-2,1.13751E-3,1.87933E-2,1.83658E-2,-3.95544E-2,-6.78446E-2,-1.51982E-2,4.52516E-3,-7.86506E-4,-4.09573E-2,-1.43775E-2,-4.27716E-2,-7.46883E-3,-3.76928E-2,-6.76193E-2,7.71162E-3,2.53913E-2,8.31360E-2,2.40959E-2,-1.08607E-2,1.37384E-2,3.91767E-2,2.03212E-2,6.69929E-3,1.99361E-2,-5.65067E-2,1.40922E-2,5.83272E-3,-3.42168E-2,5.60572E-2,-3.00754E-2,-1.76927E-2,-6.54959E-2,6.36953E-2,4.38536E-2,3.03726E-2,-2.73408E-2,3.29330E-2,-4.73715E-2,-2.63887E-2,-2.73664E-3,-1.82591E-2,7.63998E-2,2.67696E-2,1.99769E-2,2.60032E-3,-1.95727E-2,1.28712E-2,3.00219E-2,1.65248E-2,-1.54985E-2,-1.85667E-2,8.66668E-5,-9.33846E-3,-8.65336E-3,-6.26791E-2,-3.09199E-2,2.91180E-3,-9.61549E-3
7.96638E+2,7.84864E-2,6.31475E-2,3.62399E-2,3.13611E-2,9.74641E-2,-7.71872E-2,1.49770E-1,-6.50165E-2,-2.79842E-2,-9.21349E-2,-7.62450E-2,7.90077E-2,-1.64756E-1,-1.20367E-1,8.82142E-2,-2.77587E-1,5.13672E-2,4.21919E-3,-6.95354E-2,-1.59777E-1,-5.23083E-2,-7.55113E-2,4.52723E-2,-1.57942E-1,-2.45496E-2,-2.99736E-1,-1.14033E-1,1.50917E-2,-5.43132E-2,-8.56178E-2,-2.87155E-1,1.01167E-2,-7.63468E-3,1.48387E-2,-1.01629E-1,2.91690E-2,-1.19485E-1,-2.57783E-1,-6.28569E-2,8.43250E-2,-9.91872E-2,1.96016E-1,-2.04911E-1,-8.54852E-2,-1.58843E-1,-7.71458E-2,-5.63439E-2,-2.11953E-1,-1.79807E-2,-2.13603E-1,7.31135E-2,1.37345E-1,2.03749E-3,-8.65479E-2,-2.40753E-1,-1.79368E-1,-2.50326E-1,-3.26954E-1,2.19766E-1,-4.38614E-2,4.85009E-2,-1.73827E-1,-1.71468E-1,-1.94520E-2,-2.66684E-1,-3.60035E-2,-1.07065E-1,-3.37579E-1,3.86242E-2,-1.74225E-1,-1.87614E-1,-2.49220E-1,-2.28007E-1,-2.91726E-1,-1.21790E-1,-2.04725E-1,2.98084E-2,-4.03384E-2,-3.97496E-2,5.66055E-3,-1.61277E-1,-3.74065E-2,-9.21392E-2,-2.10318E-1,-3.43077E-2,-3.23754E-1,-1.70797E-1,-1.45239E-1,-2.36891E-1,-3.18949E-1,-1.98885E-1,-2.04504E-1,-1.90701E-1,-2.45806E-1,-2.28761E-1,8.66386E-2,-4.02384E-2,-1.09246E-1,-6.02928E-2,-2.45037E-2,-8.97586E-2,-2.34772E-1,-1.86224E-1,-4.21835E-2,-1.30438E-1,3.79666E-2,-1.40798E-1,-9.18266E-2,1.36203E-1,-1.38138E-1,-9.11752E-2,-1.93575E-1,1.65346E-1,2.30386E-1,6.18331E-3,1.31074E-1,2.55403E-1,-1.56367E-1,-1.83134E-1,1.96568E-1,-1.07580E-2,-6.11914E-3,5.39084E-2,-1.36701E-1,3.07781E-2,5.58120E-3,-2.40724E-2,-1.74390E-1,-1.45393E-1,1.49855E-1,-6.46618E-2,-1.57019E-1,-2.19291E-1,-7.87918E-2,-2.78059E-1,-4.22383E-1,3.01908E-2,-2.42710E-1,-1.85560E-1,-1.54744E-1,1.17959E-1,-9.90003E-3,-2.35529E-1,-1.81201E-1,4.40075E-2,-2.57045E-1,6.19971E-3,-3.90788E-1,-1.77261E-1,-1.16061E-1,-2.38292E-1,-1.45156E-2,-1.98986E-1,-2.44304E-1,-1.28811E-1,-9.32293E-2,5.12768E-2,-7.61000E-2,6.32105E-2,-3.52146E-1,-8.96917E-2,-1.45130E-1,-7.48594E-2,-3.11864E-2,-3.21779E-1,5.29949E-2,-3.56465E-2
8.00032E+2,8.96410E-3,-7.58096E-3,2.83451E-2,-2.01803E-2,-1.92824E-2,-1.47444E-2,-6.49408E-3,-4.09823E-2,-1.80546E-2,1.13194E-2,1.35132E-2,3.25174E-2,2.67455E-2,-2.95396E-2,3.54538E-2,-1.43681E-2,-9.20816E-3,-8.81017E-3,-4.64048E-4,-3.80287E-3,-2.53530E-2,5.67714E-3,4.92454E-2,4.59697E-2,1.49175E-2,8.54587E-3,6.50497E-2,5.44581E-3,-1.63505E-2,2.11069E-2,3.16390E-2,-1.18719E-2,2.05386E-2,-7.00368E-3,-4.42478E-2,2.91902E-2,-1.38089E-2,-1.31039E-2,3.13493E-2,5.80368E-2,-9.94385E-3,3.89036E-3,3.09299E-2,1.68608E-2,1.81554E-2,6.28158E-3,1.97642E-2,-2.86401E-5,-2.34773E-2,7.70032E-2,-2.36378E-2,-2.37395E-2,1.64360E-2,7.10029E-2,2.57167E-2,4.33519E-2,-4.40532E-4,3.82184E-3,-2.95421E-3,-2.86310E-3,-1.36632E-2,1.54415E-2,3.81899E-2,5.37123E-3,3.81188E-2,2.52872E-2,2.07374E-2,3.64495E-2,-1.82103E-2,3.38041E-2,-2.27610E-2,1.12046E-2,6.26008E-2,5.54497E-2,3.57578E-2,3.52901E-2,-1.50243E-2,-3.75259E-2,-6.66565E-3,2.99483E-2,1.79008E-2,-2.31746E-2,-2.54940E-2,2.65950E-4,3.23333E-2,1.13087E-2,3.05704E-2,6.28937E-2,8.12486E-3,3.05626E-3,1.43552E-2,7.70099E-3,1.62761E-2,3.88697E-2,2.72562E-2,-7.08308E-2,-7.23587E-3,-3.77410E-2,-6.42978E-3,6.96915E-3,-3.06536E-2,3.02321E-2,-1.46781E-2,1.78084E-2,3.52017E-2,-1.45081E-2,1.40920E-2,-3.00243E-2,-3.96791E-2,2.23251E-2,-2.78317E-3,2.88488E-2,-5.13308E-2,-6.59124E-3,-4.69604E-2,-1.62313E-2,-4.38005E-2,-2.24887E-2,4.41323E-2,-3.21406E-2,3.49590E-2,3.33553E-2,2.35500E-2,-2.05592E-3,1.33155E-2,-2.54444E-2,-6.51632E-3,3.28680E-2,2.04114E-2,7.89207E-3,5.34218E-2,7.60365E-3,8.95753E-2,3.67608E-2,-3.24348E-2,3.34939E-2,1.55749E-2,2.87663E-2,4.76586E-2,-3.08391E-2,-2.41337E-3,2.58535E-2,-3.03187E-3,-6.83500E-2,-2.59020E-2,2.64351E-2,-1.59233E-3,6.77478E-2,5.98293E-2,5.83394E-2,2.76777E-2,1.26539E-2,7.25234E-2,2.83270E-3,1.64247E-2,-6.04888E-3,3.66757E-2,7.82126E-3,3.74376E-2,3.52409E-2,3.31725E-2,1.06101E-1,4.92559E-2,-2.80075E-2,3.57406E-2,3.49535E-2,-3.91371E-2
8.03428E+2,5.77249E-2,1.40676E-1,1.34754E-1,1.63512E-2,-1.96613E-1,1.46109E-1,4.99235E-2,-6.91669E-1,4.79820E-1,3.91324E-1,3.80268E-1,-1.26709E-1,1.58193E-1,-1.39488E+0,4.54729E-1,-1.53807E-1,1.30891E-1,-1.64923E-1,1.15519E+0,-5.07899E-1,-2.05454E-1,-9.99744E-1,-2.22602E-1,-7.32679E-1,-1.09561E+0,-1.57044E+0,-5.54065E-1,-3.27163E-1,2.13447E-1,-4.82495E-1,4.11421E-1,4.32499E-1,-5.22840E-1,-2.54671E-1,-2.96826E-1,1.31232E-1,3.62111E-1,5.77863E-1,4.98617E-1,6.19900E-1,-1.09375E-1,1.13081E-1,-9.37123E-1,5.34413E-2,-4.18548E-1,-3.82495E-1,-6.86538E-2,6.07436E-2,1.33786E-1,-1.04769E+0,-2.39966E-1,6.14888E-1,-5.80942E-1,-8.47268E-1,-1.41249E+0,4.22248E-2,-1.81952E-1,-2.34887E-1,1.43789E-1,-5.19411E-1,-7.21534E-1,3.06907E-1,4.38303E-1,-6.20647E-1,-3.99941E-1,3.76433E-1,3.43416E-1,-1.33022E+0,-5.09946E-1,-5.97460E-1,5.55269E-1,9.22050E-3,-1.37753E+0,-5.93558E-1,2.77500E-1,6.71106E-1,-1.07211E+0,7.80741E-1,1.96358E-1,9.19826E-2,2.44812E-1,1.64380E-1,-5.60261E-2,-5.68730E-1,-3.80383E-2,-4.82437E-2,3.79543E-1,-5.15532E-1,-4.41028E-1,-1.74582E+0,-8.75228E-1,6.55974E-2,-1.36434E-1,-5.55181E-1,-1.15426E+0,7.49566E-1,1.68764E-1,-6.43212E-1,-2.62915E-1,9.66344E-2,4.84960E-1,-3.92652E-2,-4.44023E-1,-7.93028E-1,3.15193E-1,7.43895E-1,1.04411E-1,-1.17959E-1,-1.24034E-1,-3.99620E-1,1.21234E+0,-5.94496E-1,-1.27850E-1,2.54970E-1,7.46846E-1,-5.01965E-1,1.03282E+0,2.67356E-1,-4.94019E-1,-5.71730E-1,-9.84823E-1,-1.46852E-1,7.64010E-1,1.01725E-1,2.52644E-1,2.09204E-1,3.65549E-1,-4.09568E-1,-5.51908E-1,3.94301E-1,-3.83527E-1,-9.25533E-1,-4.98213E-1,-8.75475E-1,5.12398E-1,4.18801E-2,7.87893E-2,-2.46025E-1,-2.90529E-1,1.16308E+0,-4.86879E-1,-7.59898E-1,8.01914E-1,-6.63679E-1,5.81071E-1,1.27725E-1,-4.38817E-1,-9.76184E-1,-1.15361E+0,-1.04567E+0,-3.74965E-1,-4.87855E-1,-2.38427E-1,-5.61703E-1,-1.16059E-1,-4.77974E-1,1.05819E-1,-4.93444E-1,-4.49708E-1,-6.91865E-1,-7.01297E-1,-1.17830E+0,1.28480E-1,-2.47364E-2,4.80790E-1,2.36994E-1,1.26572E+0
8.06824E+2,-2.61919E-2,-1.18279E-1,1.61850E-2,7.92512E-2,4.30958E-2,-5.73012E-2,6.31293E-2,-1.35561E-3,-1.37024E-1,-6.63167E-2,1.34521E-2,1.19174E-2,-2.78733E-2,1.31478E-1,7.58336E-2,-7.52205E-3,9.73578E-2,-1.14486E-1,-2.00444E-2,-1.50597E-2,8.17715E-2,2.06106E-2,1.43498E-1,2.31663E-1,1.97468E-1,8.14540E-2,6.09946E-2,1.08035E-2,-1.09648E-1,-2.87909E-2,1.27476E-1,-2.96037E-2,8.94703E-2,2.84372E-2,-3.35230E-2,8.68164E-2,7.30547E-2,-1.72762E-2,6.14003E-2,-3.76670E-2,-1.15631E-2,-1.09133E-1,8.53495E-2,2.19133E-1,2.16368E-1,-6.98743E-2,2.13445E-3,1.93990E-1,4.78797E-2,-3.48873E-3,5.26116E-2,-4.08395E-2,1.97490E-2,7.05254E-2,9.18573E-2,4.98747E-2,8.21661E-2,-5.45927E-2,-7.90427E-2,7.59039E-2,1.99739E-2,3.47670E-2,1.20091E-2,1.04143E-1,5.25831E-2,1.79322E-2,-3.90338E-2,1.60572E-1,6.58685E-2,7.87493E-2,1.03877E-1,-6.97103E-2,1.41009E-1,7.60817E-2,1.06989E-1,7.33234E-2,5.69654E-2,4.25903E-2,1.15081E-1,6.53592E-2,8.20820E-2,3.40047E-2,1.57948E-1,1.39281E-1,-1.01407E-1,-1.81277E-3,1.33184E-1,5.04013E-2,8.88950E-2,9.29782E-2,1.12821E-1,-1.87377E-2,1.60820E-1,1.55690E-1,1.09997E-1,7.61640E-2,-4.88127E-2,-3.14826E-2,8.95342E-2,4.86005E-2,-1.40051E-2,1.36166E-1,4.41217E-2,3.25734E-2,6.05906E-2,-6.81436E-2,9.06755E-2,-2.99311E-2,-8.99472E-2,8.64954E-3,2.16245E-2,3.75762E-2,-2.90758E-2,-3.48277E-2,-5.58948E-2,7.04693E-2,-5.84087E-2,7.34342E-2,5.19440E-2,3.11110E-2,1.41909E-1,1.42382E-1,-9.35112E-2,2.63549E-3,-5.21991E-2,7.43709E-2,1.81254E-2,2.39647E-2,1.05958E-1,6.49670E-2,2.52203E-3,1.01152E-1,6.65488E-2,3.05575E-1,5.40216E-2,3.65080E-2,9.02762E-2,1.23711E-1,1.07018E-1,-2.50777E-3,-7.56562E-2,1.35207E-2,-4.65663E-3,1.96581E-2,8.60840E-2,6.35993E-2,9.68103E-2,2.07351E-1,1.60179E-1,2.26322E-1,1.00716E-1,3.26251E-2,1.57049E-1,7.85606E-4,9.67717E-2,9.70242E-2,3.13270E-2,1.79817E-1,8.22320E-2,9.47503E-2,1.32964E-1,2.09581E-1,1.08984E-1,2.13716E-2,2.21935E-1,-1.71082E-2,8.96142E-2
8.10220E+2,-3.64880E-2,-2.27936E-2,-1.22011E-2,1.11974E-1,1.46365E-2,-2.57930E-2,-2.55697E-2,-1.81996E-2,-2.53291E-2,-3.98847E-3,-2.90047E-2,2.69836E-2,7.50270E-3,3.74019E-2,8.68273E-4,4.69600E-2,-2.85048E-2,-2.77148E-2,-2.50090E-2,-2.84149E-2,-3.82639E-2,-8.11866E-3,4.36063E-2,7.46788E-2,8.13774E-2,-1.20101E-2,4.67056E-2,-2.96698E-3,-1.45129E-2,2.11806E-2,3.12318E-2,3.68239E-3,2.14479E-2,2.10940E-2,-3.89162E-2,2.72370E-2,-6.72122E-2,1.02277E-2,-4.94381E-3,3.52476E-2,-4.93470E-4,-1.02384E-2,-1.53282E-2,5.27641E-2,3.50428E-2,-4.84013E-2,-2.70033E-2,7.57852E-2,1.87851E-2,7.88202E-2,3.72638E-2,2.81732E-2,-1.56061E-2,5.29560E-2,3.39163E-2,3.39936E-3,-1.63465E-5,1.79956E-2,-3.52070E-2,7.87067E-3,4.12518E-2,4.62059E-2,-4.64991E-3,2.33537E-2,3.17923E-2,3.57668E-2,-7.33180E-3,2.78879E-2,4.44182E-2,-2.55434E-2,-1.71501E-2,2.01725E-2,-1.05192E-2,1.28801E-2,-3.77657E-3,5.03863E-2,-7.14009E-3,-9.75733E-3,-2.31335E-2,-1.75974E-2,2.99459E-2,-3.19775E-2,3.78133E-2,3.88485E-2,-8.37215E-3,7.69511E-3,-6.69104E-3,6.12973E-2,2.08563E-2,1.09751E-2,-3.08889E-2,1.17955E-2,2.48746E-2,1.89408E-2,4.16600E-2,-1.36366E-2,-3.03528E-2,-3.68490E-3,6.51706E-3,3.67665E-3,-2.01675E-3,2.78740E-2,6.33324E-3,1.31151E-2,-1.66392E-2,-8.88543E-2,-1.64820E-2,-3.67783E-2,-2.28408E-2,5.44346E-2,4.45308E-3,1.13930E-1,-4.01488E-2,-5.21372E-2,-1.10492E-2,-1.73146E-2,-7.51897E-2,1.45096E-2,2.35937E-2,5.47258E-3,7.45653E-2,2.76109E-2,3.17821E-2,-4.55818E-2,-2.88152E-3,5.88179E-2,-3.67475E-2,5.78290E-2,4.41939E-2,1.72237E-2,6.35223E-3,8.72512E-3,2.63972E-2,4.85491E-2,2.08734E-3,3.27668E-2,4.16341E-3,1.03848E-1,1.51048E-2,-4.18901E-3,1.05956E-2,-1.00549E-3,1.06993E-2,-2.68052E-2,-3.42778E-3,1.62298E-2,8.55885E-2,1.05422E-1,6.42655E-2,9.49685E-3,3.29317E-2,2.37784E-2,1.46401E-2,2.31708E-2,-4.09701E-2,4.04096E-2,-8.24554E-3,2.41834E-2,5.57380E-2,6.00929E-2,5.78188E-3,1.64420E-2,1.56547E-2,6.33051E-2,5.69645E-2,7.80456E-3,-3.98931E-2
8.13618E+2,-1.53196E-2,9.33422E-3,3.54191E-2,-3.09904E-2,-1.08554E-2,-3.90734E-2,1.20408E-2,-4.33518E-2,3.50319E-2,1.07562E-2,2.78802E-2,1.92766E-2,1.81498E-2,-2.10848E-2,-7.21362E-3,2.52049E-2,-3.70440E-2,-2.02670E-2,1.13279E-2,-3.61283E-2,-7.72555E-3,5.89082E-2,-9.95196E-3,7.15591E-3,4.28197E-2,-1.87679E-2,4.77166E-2,1.81630E-2,-7.04004E-2,3.16466E-2,2.64658E-2,-2.42777E-2,2.11927E-2,7.39587E-5,1.43446E-2,-3.69525E-2,7.02574E-3,2.81326E-2,1.55159E-2,-7.11397E-3,-2.28175E-2,-6.72840E-3,-1.10297E-2,6.64343E-2,2.70681E-2,1.04261E-2,1.81450E-3,3.84524E-2,-3.20940E-3,3.95762E-2,-3.84237E-2,-1.80490E-2,2.19320E-2,2.53782E-2,3.26519E-2,3.66700E-2,4.97633E-2,-2.24260E-2,-1.47239E-2,4.50443E-2,1.04762E-2,1.32990E-2,1.98401E-2,5.30699E-2,7.57913E-2,3.28318E-2,-2.13614E-2,3.37868E-2,3.95326E-3,-9.10004E-3,-1.37543E-2,1.85981E-2,-5.35224E-3,1.96775E-2,4.38792E-2,2.51529E-2,2.11745E-2,3.17834E-2,1.60423E-2,-4.94397E-3,2.82024E-2,5.46080E-3,-2.35386E-2,1.01850E-2,-9.07152E-3,-1.90678E-2,-2.90080E-2,5.98012E-3,-3.39550E-2,2.12847E-2,4.41072E-2,-1.42602E-2,-6.19890E-3,5.78143E-2,3.07973E-2,-9.73732E-2,-1.25106E-2,-3.05955E-2,1.09139E-2,-1.23100E-2,1.58843E-2,1.42273E-2,1.71394E-2,1.32063E-2,2.18912E-2,-5.30741E-2,-5.22966E-2,1.91588E-3,-6.20813E-3,1.75981E-2,-1.07886E-2,-2.98022E-2,-3.58022E-2,-1.31589E-2,9.83963E-3,-1.34998E-2,-3.14747E-2,1.72385E-2,1.87421E-2,5.40367E-3,5.22729E-3,5.58759E-3,-4.37673E-2,-4.49154E-3,8.78768E-3,5.88430E-2,-4.24271E-3,3.93712E-2,2.47129E-2,2.14608E-2,-2.24720E-2,2.03397E-2,3.70223E-2,6.30394E-2,8.63642E-3,-7.59126E-4,-8.80442E-3,2.78430E-4,-1.19119E-2,7.63371E-3,-2.49514E-2,-3.37904E-3,5.58526E-3,1.40435E-2,2.10820E-2,-5.21110E-3,1.72309E-2,7.87620E-2,2.80609E-2,2.42928E-2,1.02815E-2,2.94089E-2,8.08905E-3,-2.24955E-2,-1.30841E-3,-1.08207E-2,2.09498E-2,6.76444E-3,1.25566E-2,-1.91174E-3,-1.27653E-2,2.71984E-2,1.89608E-3,-3.08512E-2,3.41054E-2,3.08274E-2,-3.46386E-2
8.17016E+2,2.60277E-1,4.16422E-2,1.62167E-1,3.40932E-2,1.20589E-1,8.98923E-2,-2.00888E-1,-1.48679E-1,1.85744E-1,-8.12594E-2,-1.12003E-1,-3.24584E-2,-2.00001E-1,-2.96820E-2,-8.94331E-2,-1.40751E-1,5.44500E-2,1.13908E-1,4.13730E-2,-1.80962E-1,-1.43498E-1,-1.85237E-1,-2.69131E-2,-4.80082E-1,-1.47810E-1,4.03818E-2,-1.11568E-1,-1.04592E-1,-3.23446E-2,-4.98923E-2,-1.12814E-1,-1.54339E-1,8.92849E-2,1.03984E-2,-7.95153E-3,-1.00043E-1,-3.55628E-2,-3.72758E-2,-1.34796E-1,7.43631E-2,-3.16645E-2,7.81657E-2,-1.66482E-1,-6.27831E-2,7.05138E-2,-8.05493E-2,-1.88899E-1,-1.39400E-1,6.30848E-2,-2.01535E-1,1.62047E-2,1.37303E-2,4.80860E-2,-1.53190E-1,-2.05854E-2,-2.31787E-1,-3.07131E-2,-1.24371E-1,5.98970E-2,8.30596E-2,4.23163E-2,-6.61157E-2,1.29999E-2,-1.48125E-1,-1.64081E-1,-1.60352E-1,-3.44671E-2,-1.86680E-1,-9.32110E-2,1.03604E-1,-1.89411E-1,-4.03171E-2,-9.68879E-2,-1.42524E-1,-1.98023E-1,3.73585E-2,4.02752E-2,-2.71419E-2,-1.06046E-1,8.96707E-2,-8.28115E-2,-1.79655E-2,2.11132E-2,-9.95275E-2,1.67867E-1,-8.47310E-2,-4.45723E-2,-1.16517E-1,-1.82558E-1,-9.43097E-2,-8.10044E-5,-1.34981E-1,-1.38231E-1,-2.59640E-1,1.00556E-1,3.47082E-2,1.34972E-1,-1.04234E-1,-1.10860E-1,8.66668E-2,1.04738E-3,-1.86777E-1,3.63114E-2,-7.74755E-2,-2.21368E-1,-9.05681E-2,-2.07007E-2,5.24496E-3,-2.01646E-3,-5.45526E-2,-1.46119E-1,-1.49198E-1,9.54069E-2,7.47471E-2,-1.42658E-1,-8.85453E-5,2.43781E-1,-1.20893E-1,-1.70847E-1,1.27521E-1,-8.33688E-2,-1.08108E-1,8.82311E-2,4.91304E-2,-1.81759E-1,-1.34909E-1,-7.75020E-2,5.99254E-2,-8.37397E-2,2.14584E-2,-3.58397E-2,4.93534E-2,-1.89694E-1,-1.66315E-1,6.33483E-2,-8.80756E-2,-1.58732E-1,1.09194E-1,7.10495E-2,-2.78069E-2,-1.21756E-1,-2.79701E-2,-5.47169E-2,-1.64368E-1,-2.24704E-1,-8.90909E-2,-1.58270E-2,-8.48299E-2,-1.87849E-1,-2.21773E-1,-1.50994E-1,-8.04304E-2,-7.01729E-2,-6.10855E-2,-2.43920E-1,-8.17191E-2,-6.72886E-2,-1.64886E-1,4.90986E-3,-2.01453E-1,1.50821E-1,-1.69376E-1,1.89366E-2,-5.74258E-2,-2.29587E-1,1.03529E-1,2.47611E-3
8.20415E+2,-6.61775E-3,-3.20807E-2,1.27938E-3,2.83035E-2,-2.99591E-3,2.10444E-2,-7.27459E-2,-1.08357E-2,-2.45993E-2,7.28121E-3,1.08321E-2,7.88582E-3,5.95905E-2,3.24838E-3,1.04101E-2,3.31654E-2,-1.55571E-2,4.40198E-2,-8.18194E-2,-6.45815E-2,4.52761E-2,-4.28816E-2,5.53940E-2,6.74153E-2,5.32027E-2,1.18328E-1,3.59286E-2,4.80275E-2,-9.11821E-3,9.58777E-2,5.92107E-2,-3.30870E-2,1.72090E-2,-1.37740E-2,-7.79826E-3,7.20161E-2,7.78468E-2,1.25100E-2,-9.99431E-3,-1.68699E-2,-3.12260E-3,6.36758E-2,6.31823E-2,2.03669E-2,5.25542E-2,4.00737E-2,-4.78239E-2,1.43414E-2,4.55074E-2,5.83391E-2,5.71775E-3,2.51526E-2,-5.07849E-2,5.93868E-2,8.42451E-2,7.92789E-2,3.45200E-2,6.82355E-2,1.32371E-4,-2.58147E-2,-1.11668E-2,-2.96820E-2,5.81523E-2,4.53253E-2,1.98569E-2,7.03762E-2,4.34237E-2,6.20158E-2,4.25303E-2,-2.71781E-2,9.20960E-3,1.34192E-2,2.71234E-4,3.46394E-2,-8.02332E-3,3.76870E-2,2.58112E-2,5.14660E-2,-4.30841E-3,1.79429E-2,8.29108E-2,4.48356E-3,5.23430E-2,8.36044E-2,-1.23498E-2,1.67909E-2,-1.09045E-2,4.13890E-2,6.54544E-2,5.34108E-2,-6.37445E-3,3.52785E-3,6.71473E-2,2.56389E-2,2.71165E-2,3.20216E-2,5.18540E-2,-4.61710E-2,8.31199E-2,3.49623E-2,-1.82614E-2,-2.41839E-3,-6.06817E-2,2.66819E-2,2.01697E-3,-5.15860E-3,6.55669E-3,2.48028E-2,-4.22263E-2,-3.35430E-3,3.18703E-2,-4.68190E-2,-5.01344E-2,7.08581E-3,3.24730E-2,-7.56281E-2,-6.50065E-2,4.55094E-2,3.18354E-2,-7.25730E-2,-1.34567E-2,-1.60457E-2,-2.57286E-2,1.59417E-2,1.02268E-2,9.06767E-3,-6.84758E-2,1.38911E-2,8.59925E-3,-3.33864E-2,7.54728E-2,8.89638E-3,1.12318E-1,2.84516E-2,1.33311E-2,5.11329E-2,1.32724E-2,2.12839E-2,8.14656E-4,1.96450E-3,2.25622E-2,-9.63174E-3,-3.94343E-4,2.18935E-2,6.75175E-3,4.43294E-2,4.14135E-2,2.09317E-2,6.31623E-2,3.65764E-2,5.51378E-2,2.16614E-2,6.94946E-2,1.59094E-2,2.45401E-2,7.14402E-2,-2.36948E-2,5.92278E-2,-1.78252E-2,2.90919E-2,5.82512E-2,2.56592E-2,-1.34199E-2,-5.83952E-3,7.66544E-2,-4.03002E-2,-2.81059E-2
8.23814E+2,-9.89807E-2,7.00013E-2,1.89654E-1,1.76876E-1,1.06488E-2,-2.65179E-2,-3.79364E-1,-1.68419E-1,1.10459E-1,-1.44682E-1,2.55099E-2,1.19921E-1,-9.51385E-2,-7.74572E-3,2.17778E-1,1.59655E-1,-1.71448E-1,-1.69215E-1,-2.31080E-1,-1.15906E-1,2.14079E-1,3.25287E-1,5.29201E-2,2.19760E-1,1.75076E-3,-3.00783E-2,5.60176E-2,-1.07906E-1,-3.14810E-1,1.31156E-1,-9.01710E-2,-1.88683E-2,-1.46342E-1,-6.87826E-2,3.22062E-3,1.71966E-2,1.07053E-1,-1.38477E-1,4.39644E-2,-7.95648E-2,8.62645E-2,-1.30447E-1,-5.96162E-2,1.33035E-1,1.10133E-1,2.66990E-2,-1.27609E-1,6.13902E-2,-1.25570E-1,-5.53972E-2,-5.88905E-2,-2.23383E-1,9.60711E-2,2.15179E-1,1.57718E-1,1.85186E-1,3.95801E-2,1.35347E-1,1.29785E-1,-1.21726E-1,2.05551E-1,5.16774E-2,-1.55998E-1,-2.66508E-1,9.90685E-2,6.82552E-2,-2.03888E-1,6.57402E-2,1.93730E-1,1.97280E-1,8.59337E-2,1.39550E-1,-9.63300E-2,3.60672E-1,-2.81574E-2,-6.47658E-2,-3.46244E-2,-5.17369E-1,8.06730E-2,-9.63811E-2,1.65848E-1,-1.83109E-1,-2.23321E-2,-1.85886E-3,-1.82086E-1,-9.75896E-2,-9.84181E-3,6.18591E-2,-5.29359E-2,-6.95598E-3,3.33014E-1,-1.85220E-4,1.04048E-1,-6.02099E-2,1.75128E-1,-1.19585E-1,8.73427E-3,-6.18539E-2,3.98724E-2,-9.12362E-2,2.20055E-1,1.24099E-1,8.41187E-2,1.18736E-1,-3.00197E-1,-2.18032E-1,-2.08764E-1,-3.89752E-2,-1.53152E-1,8.94760E-2,-1.53734E-1,-6.57844E-2,-1.06312E-1,7.50706E-2,-7.32400E-2,-1.42899E-1,-3.87058E-1,1.01682E-1,1.18713E-1,-4.68522E-2,2.28954E-1,-1.34267E-1,-6.86612E-2,-7.57832E-2,3.40217E-1,2.77039E-2,2.01733E-1,-4.19246E-2,1.13324E-1,-1.11698E-1,3.21511E-1,-5.50034E-2,1.93892E-1,2.70344E-1,-2.14535E-1,2.17682E-1,2.37767E-2,1.50800E-1,7.11008E-2,-1.40715E-1,2.07359E-1,-5.82427E-2,-9.15174E-2,8.17910E-2,-1.60461E-1,8.21061E-2,-3.90903E-2,5.00166E-1,2.36684E-1,1.53291E-1,-3.88789E-2,4.55745E-2,4.39776E-1,1.70077E-1,1.61223E-1,3.87223E-3,5.84634E-2,7.88423E-2,1.35852E-1,3.34120E-2,1.86462E-1,2.78800E-1,1.26777E-1,-1.19584E-1,1.65547E-1,-4.33571E-2,-2.47398E-1
8.27214E+2,-4.09021E-2,-2.60309E-2,-5.72706E-2,2.90938E-1,1.54330E-2,1.45052E-1,-1.95090E-1,4.58201E-2,-6.26506E-2,-1.20171E-1,4.28064E-3,-6.66896E-2,7.09146E-2,-4.82330E-3,1.18903E-3,1.10521E-1,-9.40468E-2,2.91010E-2,8.63086E-2,-6.35898E-2,1.48095E-1,5.82946E-2,1.20479E-1,6.33859E-2,1.73796E-1,5.52942E-2,6.56858E-2,-4.36744E-2,-6.99714E-2,1.02722E-1,1.06133E-1,1.86863E-2,1.44778E-1,1.62212E-1,7.91780E-3,9.03676E-2,-7.67459E-2,3.79970E-2,-5.20035E-2,-4.51650E-2,-2.93324E-2,-1.26079E-1,6.51451E-2,1.17158E-1,1.73580E-1,1.70391E-3,-5.88411E-2,1.51027E-1,1.11055E-2,1.45506E-1,-9.89957E-2,3.24910E-3,-3.98280E-2,1.08506E-1,1.34353E-1,2.42433E-2,2.16197E-1,-2.39871E-3,-7.11592E-2,-1.83856E-2,4.32108E-3,7.60039E-2,9.51161E-2,6.90978E-2,1.64442E-1,2.12431E-1,5.11798E-2,4.56704E-3,2.55709E-1,-4.73956E-2,-3.07140E-2,1.16148E-1,1.20516E-1,1.29002E-1,4.75437E-2,2.04362E-1,1.10009E-1,-1.24388E-1,1.35979E-1,2.66383E-2,1.36473E-1,4.86656E-2,1.36701E-1,7.68007E-2,-1.13039E-1,1.78820E-1,7.00130E-2,1.02008E-1,5.51546E-2,2.15035E-1,2.12696E-1,-1.83372E-2,1.40255E-1,1.48563E-1,1.78821E-1,1.01581E-1,-7.95621E-2,-6.39205E-2,2.98046E-2,-1.02608E-1,-1.32305E-2,6.37549E-2,1.75753E-1,2.77734E-2,4.94023E-2,-8.92213E-2,-8.68876E-2,-1.14990E-1,-6.03840E-2,4.92638E-3,-1.17203E-1,-4.13432E-2,-5.37952E-2,-2.00183E-1,-4.11335E-2,-2.69817E-1,-6.88737E-2,6.65008E-2,6.81726E-2,-1.38105E-1,-5.97015E-3,1.38697E-1,2.04324E-2,-1.48621E-1,1.19149E-1,-7.47115E-2,-2.08826E-2,-5.09123E-2,6.98756E-2,-3.23687E-2,-8.70641E-2,2.25796E-1,2.87095E-1,2.41842E-1,3.11051E-1,1.58579E-1,3.95824E-2,5.06704E-2,3.88949E-2,-1.80146E-2,-1.91991E-2,8.30814E-2,5.79877E-3,7.13158E-2,6.24167E-2,1.03674E-1,-1.20803E-1,2.27834E-1,2.53578E-1,1.33128E-1,4.02683E-2,9.40985E-3,9.91319E-2,1.39995E-1,1.78363E-2,1.21174E-1,8.71139E-2,1.41296E-1,1.47521E-2,2.09024E-1,-1.25346E-1,1.73252E-1,1.13241E-1,1.11668E-2,2.95349E-2,-9.16937E-2,1.40040E-2
8.30615E+2,-5.85164E-2,-6.69464E-3,-6.31820E-2,5.97069E-2,3.78210E-2,-2.74112E-2,7.66170E-2,7.58886E-3,-4.13283E-2,-1.61184E-2,-3.53612E-3,3.06574E-2,-1.80555E-2,-7.94134E-2,1.01865E-1,5.41991E-2,-9.60028E-2,-4.07978E-2,-7.38037E-2,-1.77067E-3,-3.06825E-2,-4.49294E-3,4.59004E-2,-7.37965E-2,3.23600E-2,1.22062E-2,1.33387E-1,-4.95589E-2,-1.11290E-1,-3.78036E-2,5.16239E-2,-1.14524E-1,-8.02925E-2,-5.03777E-2,-8.44678E-2,7.02006E-2,-5.18038E-2,-4.00932E-3,4.13216E-2,-2.23651E-2,-4.87956E-2,-5.84906E-2,6.32642E-3,7.68251E-2,2.25074E-2,-2.71839E-2,1.97133E-2,7.06821E-2,4.96651E-3,1.19510E-2,7.35127E-2,-6.01854E-2,3.25780E-2,-1.60599E-2,4.09287E-2,-4.94197E-3,-1.12490E-2,1.09905E-1,-2.23932E-2,-4.81849E-2,3.24926E-2,-2.83699E-2,1.60429E-2,-1.01659E-2,-3.63005E-3,6.18794E-2,-3.65282E-2,6.53361E-2,8.49140E-3,-4.51511E-2,-3.31081E-2,4.05304E-2,1.06216E-1,9.59811E-2,5.12019E-2,3.58062E-2,-4.99150E-2,-2.64086E-2,-1.08509E-1,-1.03032E-1,3.51322E-2,-8.93333E-2,-1.95416E-2,4.59583E-2,-1.31042E-1,-7.60002E-3,6.06471E-2,9.20843E-2,7.14942E-2,-3.70817E-2,-4.65450E-2,-5.87475E-2,-6.31927E-2,3.58468E-2,1.68268E-1,1.95592E-2,3.17666E-2,-2.61360E-2,-3.39935E-2,-2.00137E-2,-2.46915E-2,2.37463E-2,-1.17728E-1,2.03080E-2,-2.43104E-2,-6.07757E-2,-1.14364E-2,-9.85218E-2,-1.31988E-1,-2.58644E-2,-5.49767E-2,1.94731E-2,-2.53475E-2,-2.49902E-2,-1.19818E-1,-3.20795E-2,-9.18234E-2,1.05370E-2,4.28304E-2,-9.30018E-2,8.79608E-2,1.91410E-3,-1.26975E-1,-8.75576E-2,-2.28583E-2,-4.15274E-3,-2.46560E-3,4.24093E-2,7.27623E-2,-1.24025E-2,-2.84664E-2,1.12161E-1,1.50719E-1,-7.93736E-3,-1.84680E-2,-6.57393E-3,-1.19729E-1,5.47128E-2,4.50958E-2,-1.21369E-1,-7.05598E-3,-2.93167E-3,-2.05565E-2,-7.78298E-2,-2.50890E-2,3.58803E-3,-8.21950E-3,7.46943E-2,1.15344E-1,-9.05097E-4,-3.10043E-3,3.13194E-2,6.30977E-2,1.72117E-3,-8.00763E-2,-5.35483E-2,1.05099E-1,6.65912E-2,2.94422E-2,1.40329E-1,3.76671E-2,5.22110E-2,1.97536E-2,-1.21810E-1,-5.07681E-2,3.46501E-2,4.48801E-2
8.34017E+2,4.56121E-2,-1.17950E-2,2.90299E-2,-1.27613E-2,1.10720E-2,2.66310E-2,-1.28867E-2,1.36130E-2,1.07597E-2,-2.49118E-2,3.03225E-3,2.42143E-3,-1.81762E-2,4.39206E-5,-6.16842E-2,4.75044E-2,-4.62192E-2,-1.09359E-2,7.29069E-3,1.40567E-2,1.75133E-2,-5.22215E-2,-3.68499E-2,3.71028E-2,-5.63687E-2,-3.47454E-3,1.74002E-2,-3.36259E-2,-8.75683E-4,3.87179E-2,-1.00612E-2,-3.35124E-2,-1.39137E-2,-2.59478E-2,1.36258E-2,4.44132E-2,-2.04696E-2,8.92324E-3,8.58985E-3,3.25535E-2,-1.34528E-2,1.99429E-2,-5.20800E-3,-2.76887E-2,7.27024E-2,-4.44087E-2,-4.10024E-2,4.01052E-2,7.39025E-2,2.31201E-2,3.28908E-2,5.90409E-2,-7.29349E-3,7.82378E-2,-6.93954E-3,-3.01286E-2,3.52183E-2,2.37127E-2,-2.14988E-3,2.69957E-2,-3.88033E-2,1.45928E-2,-2.23096E-2,1.78159E-2,-2.20628E-3,-2.95839E-2,-1.55729E-2,-1.03113E-2,2.38794E-2,-7.97526E-3,-2.79435E-2,-1.50631E-2,-2.03977E-2,-1.42740E-2,-2.59282E-2,-5.04715E-2,-3.86673E-2,3.33175E-2,1.57745E-2,2.92720E-2,6.20301E-3,-1.22439E-2,-1.25437E-2,2.98773E-3,1.09806E-2,-1.04444E-2,2.03432E-2,-5.20216E-3,4.48255E-3,1.14933E-2,-1.97856E-3,-4.16413E-2,-3.25549E-2,-4.20438E-3,-3.07853E-2,7.16358E-4,-1.36321E-3,-3.17609E-2,-2.13082E-2,4.76263E-2,2.26180E-2,7.20953E-3,3.34461E-2,8.92171E-3,-6.39182E-3,-1.69609E-2,4.31433E-2,-3.22630E-2,-4.96955E-2,1.50013E-2,1.52208E-2,3.66437E-2,-8.50657E-3,-1.79542E-2,-8.10677E-3,1.30221E-2,1.91209E-2,2.37889E-2,6.29696E-2,5.66540E-3,3.11176E-2,-5.10083E-2,2.91752E-2,-1.79003E-2,-2.49751E-2,1.96307E-2,2.06843E-2,-8.74755E-2,-5.17999E-2,8.28104E-2,2.05102E-2,2.48567E-2,6.39084E-3,3.26750E-2,-2.33329E-2,-1.23797E-2,1.37946E-2,5.04992E-2,6.07448E-2,-1.89914E-2,4.63341E-2,2.75975E-2,-5.08908E-3,1.66706E-2,3.04335E-2,1.09013E-2,1.91387E-2,4.37717E-2,-1.81139E-2,-1.63555E-2,8.39313E-3,-4.88379E-3,3.27778E-2,-4.59862E-2,3.81364E-2,-3.98571E-2,1.31223E-2,-1.93333E-3,1.37647E-2,3.20541E-2,6.87923E-3,-3.32230E-2,-2.66423E-2,4.50972E-2,-5.12781E-3,9.92532E-3,9.15598E-3
8.37419E+2,-2.24598E-2,-3.47600E-2,-2.33483E-2,2.78940E-2,1.51630E-2,3.67718E-2,-5.47500E-2,1.11427E-2,-2.01319E-2,2.04037E-3,-7.73068E-3,-1.22092E-2,2.30195E-2,3.86078E-2,2.07508E-2,-2.99887E-2,-1.25358E-2,-2.21042E-2,-4.30029E-2,-1.10614E-2,-1.95977E-2,-2.67502E-2,3.34718E-2,4.82358E-2,3.74307E-2,-3.48562E-2,2.17334E-2,-3.93577E-2,-1.44341E-3,-1.39855E-2,1.54593E-2,-8.31127E-2,2.51881E-2,3.22723E-2,-1.75949E-2,6.62878E-3,1.84915E-2,1.13023E-2,-6.99659E-4,-6.21874E-2,-5.49667E-2,2.77439E-3,-6.28233E-4,6.75874E-2,2.27204E-2,2.36819E-2,2.23120E-2,4.66235E-2,3.15695E-2,-3.40400E-3,-9.75119E-3,1.84201E-2,-2.14818E-2,6.20255E-2,2.72403E-2,9.58234E-3,8.14133E-3,-1.26177E-2,-1.10383E-1,-5.80460E-4,1.79597E-2,-7.64346E-4,-2.40466E-2,-4.26410E-2,5.82832E-2,1.65760E-2,-3.55241E-2,5.16968E-2,1.58558E-3,-5.09557E-2,-4.55576E-2,7.87221E-2,3.71767E-2,3.45165E-2,1.17262E-2,-4.15811E-3,-3.49983E-4,3.96337E-2,-4.15276E-2,1.52930E-2,2.84336E-4,9.41846E-3,9.25893E-3,5.73507E-2,2.85795E-2,2.82095E-2,-4.28346E-3,1.97433E-3,3.49912E-2,-1.90509E-2,1.95664E-2,-4.73353E-2,7.09235E-3,2.14657E-2,5.09461E-2,2.03169E-2,6.60034E-4,4.46655E-2,4.42149E-2,8.64679E-3,-8.81701E-3,-4.69489E-2,2.54110E-4,4.77677E-2,5.20226E-2,4.94837E-3,-2.32605E-2,-2.79359E-2,-1.01229E-2,-7.32221E-3,-6.65623E-3,2.37164E-3,-2.27957E-2,-2.32194E-2,1.61763E-3,-4.36679E-2,-9.07799E-3,3.34442E-2,-4.71949E-2,1.51413E-2,-2.28204E-3,4.42471E-2,-8.25843E-3,-2.40801E-2,2.28552E-2,3.16271E-2,3.09307E-2,-3.63174E-2,1.56483E-2,3.88909E-3,2.88656E-2,7.92330E-2,3.42516E-2,4.79029E-2,3.46521E-2,2.50567E-2,9.56253E-2,8.92060E-3,-9.49366E-3,7.60547E-3,-2.41976E-2,-1.34977E-2,-3.81329E-2,1.75325E-2,3.11030E-2,3.65275E-2,1.59266E-2,7.89208E-3,1.78525E-2,-2.38020E-2,5.35209E-2,3.39779E-2,5.72631E-2,-4.69260E-3,-3.35796E-3,1.09564E-2,-1.06905E-1,1.68054E-2,2.58122E-2,1.31372E-2,3.35362E-2,9.57557E-3,2.25680E-2,-4.03094E-2,4.23519E-2,-3.86019E-2,-1.60771E-2
8.40822E+2,1.45474E-1,1.69092E-1,-2.23530E-1,-3.56560E-1,2.23765E-1,5.61322E-1,3.75561E-1,4.63847E-1,1.78832E-1,-3.27651E-1,-3.94855E-1,-3.40405E-1,2.23162E-1,-2.62363E-1,-4.35693E-1,3.88408E-1,7.61316E-1,5.23020E-1,3.97808E-1,3.70688E-1,-7.21161E-2,5.18194E-1,-4.79341E-1,1.04176E-1,-4.42622E-1,-1.80206E-1,3.20612E-1,-5.02827E-2,1.11458E-1,6.32885E-4,-2.69171E-2,-1.97736E-2,-3.61960E-1,1.52610E-1,5.17460E-1,2.49022E-2,-5.25904E-3,-2.44838E-1,-1.87271E-1,4.48494E-1,3.43784E-1,-1.17686E-1,-2.86886E-1,-6.35492E-1,-2.99840E-1,1.02234E-1,4.61700E-1,1.60367E-1,1.71486E-1,3.24886E-1,1.13660E+0,2.67365E-1,-1.77323E-1,-4.50053E-1,-3.99925E-1,-8.10623E-1,1.84689E-2,-2.04583E-1,3.02643E-1,4.75074E-1,-5.98159E-2,1.70861E-1,2.52982E-1,-3.94529E-2,-2.92905E-1,-3.38575E-1,-1.74414E-1,-8.26423E-1,-5.84466E-1,-5.13048E-1,-1.34112E-1,3.65098E-1,-2.61835E-1,-2.28820E-1,4.96419E-2,-1.46893E-1,6.68977E-1,5.73631E-1,-2.52420E-3,1.08309E-1,1.64198E-2,-1.11028E-1,3.55390E-1,-3.86205E-1,1.64438E-1,-6.18441E-1,-2.17933E-2,9.35494E-3,-1.20858E-1,1.29273E-1,6.87172E-2,-1.86546E-1,-6.36636E-1,-7.40829E-1,-3.46584E-1,2.49670E-2,-1.72205E-1,-1.40997E-2,-1.62984E-1,-2.03344E-1,5.67851E-1,7.73067E-3,1.02824E-1,-1.56053E-1,5.69519E-1,7.26687E-1,4.26777E-1,3.88690E-1,2.64373E-1,3.84971E-2,3.19483E-1,5.90709E-1,7.55130E-1,3.61563E-1,2.10124E-1,4.13519E-1,1.42527E+0,-2.94465E-1,-6.42240E-1,2.82426E-1,-3.60700E-1,5.84360E-1,3.42996E-1,3.22832E-1,1.99992E-1,-3.50641E-1,-8.40813E-2,-3.98770E-1,-1.29951E-1,-1.75264E-1,-7.72814E-3,1.96085E-1,3.29081E-1,-4.14141E-1,3.76370E-1,2.46518E-1,2.32809E-1,-1.47756E-1,-4.46039E-1,5.60130E-1,-8.76392E-2,4.19731E-1,3.35164E-1,5.76670E-2,2.27868E-2,-3.20855E-1,-1.86950E-1,-1.24342E-1,-4.53585E-1,6.62860E-1,-2.41238E-1,-4.93552E-1,-4.38240E-1,-3.16228E-1,-1.54019E-1,1.28781E-1,2.39722E-1,-7.12066E-1,-5.71215E-2,4.12847E-2,-4.51490E-1,6.13259E-2,7.27431E-2,5.28766E-1,2.43068E-1,5.78652E-1,5.76797E-1
8.44226E+2,1.55020E-2,-5.45588E-3,3.89760E-2,-1.39364E-2,5.84613E-2,-3.41892E-2,-7.57632E-2,-2.19801E-2,-6.01134E-2,-1.18302E-2,1.09041E-2,6.90141E-2,4.74834E-2,-4.99225E-2,3.28502E-2,1.54926E-2,-1.11763E-2,-3.04969E-2,2.32931E-2,-1.80361E-2,-4.35744E-2,3.10698E-3,3.20807E-2,4.25802E-2,2.01657E-2,-3.94461E-2,8.24254E-2,-4.80952E-3,-3.32031E-2,6.50455E-2,-7.00814E-3,-2.91643E-3,2.07954E-2,-2.73794E-2,3.04708E-3,6.83366E-2,5.16243E-2,5.57441E-2,4.63794E-2,9.59541E-3,-1.43881E-2,1.44040E-2,-6.36813E-2,3.22426E-2,-3.21908E-2,1.29779E-2,3.02366E-2,2.44635E-2,6.68583E-2,3.12272E-2,-2.59830E-2,7.13893E-2,6.73327E-2,5.18396E-2,3.28202E-2,3.82513E-2,-4.87945E-2,-6.23188E-2,-6.87489E-2,-2.54958E-2,-1.85321E-3,3.22663E-2,2.75993E-2,5.71992E-3,1.91078E-3,-3.60705E-2,6.24796E-2,-1.07704E-2,9.54338E-3,5.40605E-3,-1.09070E-2,-2.92699E-2,8.06660E-3,1.94899E-2,4.02909E-3,2.23013E-3,8.55177E-2,2.85698E-2,6.29354E-2,1.96173E-2,-1.82361E-2,8.64072E-3,-4.87893E-2,3.23928E-2,3.92184E-2,-2.18924E-2,-7.99813E-3,3.92614E-2,5.19098E-2,-5.47328E-2,-2.07580E-2,2.24671E-2,6.98227E-3,-4.40270E-2,-6.07733E-3,1.02428E-2,3.83060E-2,-3.56072E-2,2.46705E-2,9.65079E-3,6.12525E-2,-3.97245E-2,7.16512E-3,-5.51586E-2,5.55727E-2,1.84569E-2,-2.89570E-2,4.62619E-2,3.36102E-2,-4.60230E-4,4.40002E-4,3.75349E-2,2.17454E-2,1.28965E-2,-4.51978E-2,3.56428E-2,7.91833E-2,4.88189E-2,-4.37477E-3,2.89238E-3,2.85713E-3,-5.78312E-2,-1.03352E-4,8.49293E-3,-2.43519E-2,5.08146E-2,5.19081E-2,8.29334E-2,1.66265E-2,8.23361E-2,-3.62809E-2,6.66058E-2,3.22109E-2,6.77884E-2,-2.01223E-2,2.53910E-2,-2.65783E-2,-3.18390E-2,5.81213E-2,-2.04546E-2,7.55706E-2,-6.89352E-3,7.59261E-2,3.71984E-2,-1.89450E-2,-1.53519E-2,7.89705E-3,1.00303E-1,1.73258E-2,4.71549E-3,-1.17025E-2,1.58222E-2,4.75880E-2,-3.82898E-2,1.71824E-2,6.82488E-3,3.33004E-2,4.18370E-2,9.47007E-2,-9.00735E-3,3.23944E-3,1.16467E-2,2.90024E-2,2.47525E-3,-5.74730E-3,4.45114E-2,2.83495E-2
8.47630E+2,9.61336E-3,-1.10567E-2,1.40259E-2,-5.58228E-4,1.04021E-1,-2.61674E-3,1.30302E-2,2.17928E-2,-1.41100E-2,-6.90339E-3,5.66395E-2,-1.64877E-2,-1.02207E-1,-2.36547E-2,-4.15288E-2,-4.68780E-2,-8.08098E-2,1.20240E-1,4.77799E-2,3.05302E-2,-1.39160E-1,-1.08545E-1,-1.07747E-1,-2.80554E-2,-3.70419E-2,-1.82882E-2,-5.65856E-2,-8.02343E-2,-5.01280E-2,-3.29046E-2,-1.12564E-1,7.04422E-2,-2.19691E-2,5.08349E-2,3.27802E-2,1.39945E-2,-1.77016E-3,7.32702E-2,-9.19751E-2,-6.61373E-2,-5.55863E-2,6.83430E-2,-7.72568E-2,-5.06941E-2,-1.16852E-1,-1.19615E-1,-1.74026E-3,1.63619E-1,8.24598E-2,-1.09123E-1,2.21271E-2,1.39613E-1,6.76690E-2,-3.41209E-2,-7.02506E-2,9.29179E-3,-6.73794E-2,-8.48579E-4,7.21679E-3,6.44549E-2,1.96853E-2,5.99916E-2,8.65188E-2,4.27802E-2,2.93841E-2,4.30145E-2,-6.28381E-3,-4.49580E-2,-8.84534E-2,-4.62059E-2,1.41045E-3,-1.33916E-2,-1.46500E-1,2.31495E-2,-5.24682E-3,7.21199E-3,8.43061E-2,1.15218E-1,-4.32452E-2,5.48565E-2,-7.67121E-2,-6.87213E-2,-1.03489E-1,1.23270E-1,1.00681E-1,-5.29470E-2,-2.82527E-3,3.39578E-2,-6.57785E-2,-8.34548E-2,8.96379E-2,-5.05192E-2,-2.35389E-2,-3.16444E-2,1.64016E-2,-6.82427E-2,-1.91284E-2,-7.96132E-2,-4.46402E-2,-3.79312E-2,1.13819E-1,9.94292E-2,-9.70189E-2,-9.53508E-2,3.42483E-2,1.15269E-2,-1.19326E-1,1.11655E-2,7.65952E-2,-1.98889E-2,1.11544E-1,-1.34191E-1,3.36145E-3,9.14732E-2,-1.70805E-1,2.55626E-2,4.82133E-2,3.07821E-2,3.71171E-2,2.08493E-2,-9.44183E-2,5.11595E-2,-6.85121E-3,-7.17603E-2,-5.09474E-2,-1.63561E-2,7.07665E-2,-4.79001E-2,-1.14116E-1,5.09320E-3,2.79383E-2,-2.27027E-2,-6.13164E-3,1.48966E-2,-1.87191E-2,-7.43036E-2,5.05923E-2,-9.39056E-2,-7.02824E-2,1.61417E-2,-5.04774E-2,6.54657E-2,1.79617E-2,-7.63181E-2,-2.20973E-2,3.04055E-2,-8.57752E-2,-3.94891E-2,-3.48881E-2,-2.73324E-2,-9.73834E-2,-7.52854E-2,-2.15029E-2,-3.00058E-2,-7.69342E-2,-2.37418E-3,-7.29789E-2,-4.83202E-2,8.16260E-2,-1.21196E-2,-1.06376E-1,-7.83428E-2,-4.14812E-5,-1.85889E-2,-4.82766E-2,7.01521E-2,7.31811E-2
8.51035E+2,-5.86962E-2,8.52101E-3,-2.94376E-4,4.84987E-2,-3.64941E-2,-3.07127E-2,1.19932E-2,-3.14756E-2,-5.79294E-2,-2.05408E-2,3.99098E-2,1.13811E-1,-1.53525E-2,-1.73930E-2,4.61544E-2,3.48851E-2,5.46214E-3,-1.41374E-2,-1.93555E-3,-1.41924E-2,3.57132E-2,6.38020E-2,2.61758E-2,8.46458E-2,9.09807E-2,8.24181E-3,1.01791E-1,5.91275E-2,1.97657E-2,7.10915E-2,3.83493E-2,3.31061E-2,2.27320E-2,8.65227E-2,2.60306E-2,4.97775E-2,-3.41986E-2,6.51215E-2,2.08774E-3,2.82228E-2,-1.74076E-2,6.62080E-3,5.26077E-2,1.89274E-2,6.12829E-2,2.40220E-2,-2.96869E-2,6.93350E-2,1.05163E-2,2.56168E-2,2.31070E-2,-1.83131E-2,1.85711E-2,6.36992E-2,1.45132E-3,7.15781E-2,4.23649E-2,7.64062E-2,2.92463E-2,-2.91186E-2,3.52705E-2,8.80239E-3,6.14201E-2,4.36567E-2,4.88019E-2,7.75833E-2,5.27052E-2,1.08106E-1,3.66810E-2,-1.83485E-2,1.55396E-2,9.55349E-3,2.72487E-2,9.19142E-2,1.55136E-2,2.43087E-2,1.59547E-2,6.75518E-2,1.11348E-2,-4.01535E-2,5.88855E-2,2.56375E-2,6.25406E-2,-5.92980E-3,-1.50461E-2,3.44494E-2,-6.12243E-3,2.01371E-4,1.16887E-3,-2.83914E-2,1.07515E-2,5.40856E-2,6.31698E-2,7.74063E-2,9.74611E-2,1.74057E-2,-4.89017E-2,-6.59155E-3,4.74780E-2,4.38477E-4,-6.59664E-2,8.79308E-2,4.35148E-2,5.63042E-2,-1.51669E-2,-1.58529E-2,-1.37509E-2,-4.19407E-2,-2.19479E-3,-1.31113E-2,3.28807E-2,7.46601E-2,5.02413E-2,-1.03269E-2,-3.74830E-2,-7.18917E-2,-6.64679E-2,4.54577E-2,4.61309E-2,2.12391E-2,3.14037E-2,1.24629E-2,-9.13572E-2,-1.84085E-2,2.59994E-2,1.24928E-1,1.28618E-2,6.41646E-2,5.75499E-2,2.54027E-3,1.67099E-2,4.82491E-2,9.39222E-2,1.06629E-1,9.49201E-2,1.89423E-2,1.12152E-2,7.20794E-2,6.13414E-2,-5.84767E-2,-4.88362E-2,-1.88197E-2,-1.86743E-2,7.58430E-3,5.26409E-2,8.50392E-2,7.49920E-2,1.40503E-1,1.23896E-1,1.82858E-2,9.61158E-2,2.96295E-2,1.06145E-1,3.51259E-2,6.63466E-2,3.22681E-2,2.27459E-2,5.13881E-2,1.25631E-2,9.19900E-2,3.56808E-2,2.10042E-2,2.94195E-2,-3.13193E-2,7.69571E-2,2.31527E-2,4.46007E-3
8.54441E+2,-1.66593E-2,1.02955E-2,2.40937E-3,1.87636E-2,1.61164E-2,3.90316E-3,3.93849E-4,4.13643E-2,6.50786E-2,1.52708E-2,-4.63111E-2,-1.79808E-3,-6.57974E-2,-3.69814E-2,-6.04837E-3,-1.52299E-2,1.74652E-2,6.44014E-2,2.50910E-2,-1.45043E-3,4.71160E-2,-6.05300E-2,4.11436E-2,-2.05707E-2,9.68928E-4,-1.25912E-3,-3.96596E-2,7.05486E-2,-9.89833E-2,-2.32220E-2,-3.57152E-2,3.66744E-2,-2.65016E-2,1.64686E-2,2.88459E-2,7.52711E-2,-4.78567E-2,3.09844E-2,-3.62372E-3,1.10117E-2,-1.66956E-2,-1.99649E-2,-3.28499E-2,-3.43784E-2,-2.14985E-3,2.09493E-2,3.62372E-2,2.50901E-2,-4.53761E-2,-7.37413E-3,-1.21127E-1,-6.26906E-2,9.09964E-2,-1.44223E-2,-1.38183E-2,1.07574E-3,-2.10220E-2,1.20705E-2,5.68061E-2,3.39009E-2,-4.43036E-2,-1.72297E-2,8.26997E-2,-5.51389E-2,1.33240E-2,-6.49688E-3,2.95109E-2,9.37118E-2,-2.53881E-2,-1.70560E-2,-5.40318E-2,5.09468E-2,-3.44170E-2,-3.03699E-2,1.35778E-2,7.57589E-2,-6.29190E-3,9.98839E-3,1.52279E-2,1.09104E-2,-3.05363E-2,1.01666E-2,1.11946E-2,8.24850E-2,-6.10861E-2,-1.15996E-2,4.17215E-2,-5.39473E-2,-1.70526E-3,5.81759E-2,-4.18678E-2,-3.26919E-2,-1.87254E-2,-4.42403E-2,-7.74531E-2,-1.60128E-2,5.88917E-2,6.85464E-3,-7.94120E-3,-4.93645E-2,4.60257E-2,3.53498E-2,-2.17354E-2,-4.33555E-2,6.00018E-2,-4.77258E-2,2.36204E-2,-4.65165E-2,7.79181E-2,2.38329E-2,1.25604E-4,1.73230E-2,1.06322E-2,5.21205E-2,-6.41456E-2,-2.80419E-2,-6.13889E-2,-1.88584E-2,3.21395E-2,5.41957E-2,8.23310E-2,1.26900E-2,2.94271E-2,4.59547E-2,-1.52109E-2,-1.77498E-2,7.82151E-3,-3.42626E-2,-2.51287E-3,3.84382E-2,1.50488E-2,-1.10927E-2,1.56335E-2,2.52631E-2,1.81546E-2,1.05265E-2,6.89788E-3,-1.46346E-2,-4.31315E-2,8.44139E-2,6.84557E-3,5.13855E-3,9.50919E-2,2.58696E-2,5.57045E-2,-2.85237E-2,2.03963E-2,5.30340E-2,4.45805E-2,-2.94088E-2,4.50125E-3,1.50487E-2,3.33471E-2,4.99323E-2,-3.26990E-3,2.73044E-2,5.92649E-2,-1.58784E-2,5.16700E-2,-4.73701E-2,-2.94700E-3,-1.90434E-2,1.87365E-2,1.59143E-2,-3.36838E-2,4.63224E-2,9.70629E-3
8.57847E+2,1.47490E-1,1.51892E-1,1.76459E-1,6.45544E-2,1.30958E-1,-3.47147E-2,4.63857E-1,-5.29140E-2,-5.15273E-2,-3.53126E-1,2.79215E-2,-2.43054E-1,-1.99571E-1,-3.57265E-1,1.29041E-1,-4.59309E-2,3.11126E-2,-7.55425E-2,1.54735E-1,1.18830E-1,7.10630E-2,9.41651E-2,1.31725E-1,-6.33271E-2,1.39136E-1,-1.98737E-1,-4.12092E-1,2.47607E-1,2.75716E-1,3.17346E-1,-1.65684E-1,1.89640E-1,-5.78433E-2,1.78724E-1,1.24567E-2,-6.54126E-2,1.30649E-1,4.80793E-3,1.99860E-2,1.05783E-1,1.05302E-1,3.36419E-2,3.06661E-1,1.75880E-1,-5.79567E-2,3.05822E-1,2.10449E-1,3.82020E-1,-3.59205E-2,-2.34533E-1,1.37481E-1,4.59066E-3,1.47674E-2,8.94962E-2,-2.27773E-1,-2.92345E-1,-3.95269E-2,4.30295E-1,1.32254E-1,-8.33151E-2,7.82010E-2,-7.06987E-2,2.45951E-1,2.85137E-1,3.88961E-2,-1.07140E-1,-1.57554E-1,-1.01259E-1,-2.49871E-1,-8.83792E-2,2.38519E-1,2.86790E-1,-3.06149E-2,2.66083E-2,1.87968E-1,3.23964E-1,2.66675E-1,2.93136E-1,-1.95630E-1,1.26690E-1,1.83592E-1,5.18237E-2,-2.22841E-2,2.23114E-1,1.18196E-1,-2.28072E-2,1.23647E-1,-2.67577E-2,-2.81497E-2,1.17907E-1,1.07209E-1,4.47961E-2,2.90535E-2,-1.76939E-1,-1.73947E-1,-3.32076E-1,1.99180E-1,3.78233E-1,-3.24017E-1,1.45953E-1,4.24155E-1,1.76763E-1,-2.19550E-1,1.56143E-1,1.00155E-2,2.53960E-1,5.64816E-1,1.88519E-2,-4.19739E-2,-5.52175E-3,-7.09587E-2,3.19585E-1,2.42431E-1,3.41210E-1,1.35086E-1,1.73651E-1,1.89973E-1,-1.11852E-1,2.15768E-1,-2.35930E-2,5.34055E-2,1.40545E-1,2.94192E-2,3.68374E-1,1.89077E-1,2.08775E-2,1.15170E-1,-7.04791E-3,-2.57531E-1,-1.34269E-1,1.72128E-1,-2.87975E-1,1.75831E-1,-9.07106E-2,-4.28202E-2,-1.17400E-1,-1.87683E-1,-1.17836E-1,1.97945E-1,1.24572E-1,-1.48952E-1,-7.44694E-2,1.16405E-1,2.55023E-1,1.90148E-2,1.23898E-1,4.42535E-2,-2.45952E-1,3.01719E-2,-9.16388E-3,-3.32499E-2,5.93954E-2,-2.46348E-1,-7.68958E-2,1.28915E-1,6.39584E-2,3.05647E-1,5.04495E-2,7.75321E-2,-1.03152E-1,1.31606E-1,2.59616E-2,-1.57361E-1,6.55056E-2,7.29894E-2,4.46777E-1,-1.14714E-1
8.61254E+2,6.87805E-3,-3.22324E-2,-1.25584E-2,7.85481E-2,4.49846E-3,-3.57886E-2,1.08828E-2,-6.55294E-3,-2.13275E-2,-1.38023E-2,-6.54448E-3,2.85507E-2,2.74993E-2,-1.77310E-2,-1.03197E-2,3.41562E-2,-2.28864E-2,1.10782E-2,-2.04897E-2,2.85651E-2,4.66713E-2,-5.68585E-2,-9.76242E-3,5.99986E-2,8.34371E-2,3.28403E-4,5.13214E-2,-9.35427E-2,-3.92959E-2,3.93879E-2,6.51890E-2,2.54486E-2,2.63281E-2,-1.92963E-2,1.75838E-2,1.14210E-2,3.00960E-2,6.24655E-2,-4.22385E-3,3.53366E-2,2.68624E-2,-3.34707E-2,4.18988E-2,4.89269E-2,5.05840E-2,-2.89358E-2,1.87742E-2,8.18905E-2,2.81239E-3,6.61049E-2,-4.49792E-2,2.82449E-2,-5.03787E-2,4.45192E-2,4.24449E-2,3.81882E-2,-5.55685E-2,3.23777E-2,-2.17019E-2,-2.24998E-2,-7.35011E-2,-6.96184E-3,3.27559E-2,-8.61579E-3,6.01954E-2,6.51391E-2,2.52820E-2,-3.81264E-2,1.57012E-2,-2.75087E-2,-6.45908E-4,-2.91787E-2,-7.41803E-3,-1.81157E-2,3.60548E-3,2.44864E-2,4.21222E-3,2.86505E-3,-2.72170E-2,-3.39495E-2,1.58051E-2,-5.87659E-2,3.55795E-2,4.65339E-2,-6.27954E-2,-4.43375E-2,1.75665E-3,-1.09031E-3,5.54877E-2,5.51716E-2,2.30674E-3,1.03573E-2,1.01675E-2,1.04746E-2,5.03610E-2,3.25415E-2,-2.07313E-2,-1.03152E-2,2.63763E-2,-2.61159E-3,1.92565E-2,1.30808E-2,-6.25632E-2,4.98954E-2,5.25519E-3,-5.03598E-2,-5.40685E-2,-7.39446E-2,-4.46764E-2,5.09497E-2,-9.77313E-2,-2.74052E-2,1.07779E-2,-9.95543E-3,1.86149E-2,-5.43409E-2,-5.39298E-3,3.33806E-2,1.39051E-2,-5.20110E-2,-8.91764E-3,-4.29566E-2,-4.92049E-2,-6.96978E-3,1.15727E-2,4.47998E-3,-5.85781E-2,-1.78058E-2,6.92248E-2,-3.22860E-3,6.59264E-2,8.75295E-2,9.57363E-2,4.42160E-2,-2.63591E-2,-1.00930E-2,1.04619E-2,1.55401E-2,-1.58782E-2,-2.97808E-2,2.09047E-2,-5.96476E-4,2.08676E-2,1.08465E-2,-2.38331E-2,3.23371E-2,3.33249E-2,4.92794E-2,3.29202E-3,6.07564E-2,3.67551E-3,1.32067E-2,1.03496E-1,2.18626E-3,4.96357E-2,6.47255E-3,-1.80295E-2,3.67148E-2,2.91976E-2,3.40894E-2,7.24990E-2,3.61936E-2,-1.12490E-2,-2.72620E-2,2.86774E-2,-5.65032E-2,-2.74752E-2
8.64662E+2,-1.80588E-2,-6.39617E-4,-6.42324E-2,2.66967E-2,3.28469E-2,8.91427E-3,-2.64062E-2,2.95256E-3,-6.64203E-3,-2.78594E-2,-1.12448E-3,1.87286E-2,5.52391E-2,3.51354E-2,-3.55506E-2,9.08722E-2,-4.74776E-2,2.63005E-2,1.73188E-2,5.06977E-2,3.46206E-3,8.58812E-2,6.92419E-2,9.08349E-2,8.45644E-2,8.52625E-2,5.00366E-2,8.76527E-3,2.06478E-2,2.58898E-2,1.08715E-1,-2.10929E-2,5.77189E-2,5.33479E-2,3.48806E-2,6.37195E-2,1.83228E-3,9.30130E-2,7.23551E-2,2.04679E-2,2.65490E-2,3.46863E-2,5.53412E-2,7.67570E-2,1.19809E-1,-7.52439E-2,4.04337E-2,5.89581E-2,4.44611E-2,5.31116E-2,-8.81177E-2,3.53953E-2,-3.73595E-3,1.21010E-1,5.51942E-2,7.55381E-2,3.34236E-2,6.36208E-2,-4.12985E-3,1.61953E-2,-8.43706E-3,-2.29718E-2,8.06285E-4,1.00829E-1,1.14576E-1,1.03308E-1,1.70427E-1,-4.78095E-3,7.72520E-2,2.62421E-2,2.96211E-2,-4.62137E-3,1.33531E-2,-8.70918E-3,3.27972E-2,-5.77630E-2,7.91404E-2,-5.29214E-3,-5.83321E-2,-1.70552E-2,4.45400E-2,-4.40469E-2,1.51267E-2,-4.94521E-2,-3.67392E-2,8.36938E-2,8.38583E-3,1.10735E-1,1.49153E-2,-1.49814E-2,-4.40858E-2,4.27637E-2,3.54192E-2,-9.36610E-3,1.00827E-1,8.83535E-2,7.97762E-2,4.34001E-2,7.95830E-2,1.88660E-2,-6.82583E-2,6.76229E-2,-5.70376E-3,9.46383E-2,-2.75290E-2,2.18723E-2,-6.51768E-2,-8.42201E-2,-7.88108E-3,-3.55920E-3,-4.87306E-2,1.67619E-2,-7.73880E-3,-1.64351E-2,-2.03130E-2,-3.36655E-2,1.12482E-2,9.70147E-2,3.89062E-2,-1.97152E-2,-8.77996E-3,2.75351E-2,3.32636E-3,-5.04071E-2,5.87659E-2,-3.03891E-3,1.78078E-2,-6.79101E-2,6.23570E-2,7.79649E-2,8.23548E-2,8.39587E-2,1.19884E-1,5.86429E-2,-3.42300E-2,7.47819E-2,7.37608E-2,2.16366E-2,2.24576E-2,-8.99046E-2,-2.98044E-2,-3.66074E-2,-1.13691E-2,-4.60250E-2,-9.37267E-3,7.35679E-2,3.20711E-2,1.36556E-1,5.98180E-2,-2.63946E-2,3.34560E-2,-2.48295E-2,1.08638E-1,-1.99196E-2,2.62099E-2,-4.42277E-2,2.51156E-2,6.80406E-2,3.88158E-2,-9.53785E-3,2.17946E-2,-2.22568E-2,1.98859E-2,5.49608E-2,3.75306E-2,-7.13402E-2,-5.27984E-2
8.68070E+2,-3.31858E-1,1.04506E-1,-4.04346E-2,4.54839E-1,7.76363E-2,-1.46712E-1,8.04671E-2,-1.56782E-2,-2.44691E-1,-7.81086E-2,3.00900E-1,7.56838E-2,9.31852E-2,-3.82562E-1,5.28258E-2,-3.16083E-1,-2.03459E-1,-8.38895E-2,9.73841E-2,-2.17838E-1,-1.28746E-1,2.48238E-1,2.54067E-1,2.61109E-2,-3.51266E-1,-2.40955E-1,-3.40086E-2,-8.85380E-2,-3.68853E-1,2.12448E-1,1.85510E-1,-7.04591E-2,-7.54159E-2,-1.86509E-1,-7.11296E-2,6.01817E-2,-2.95647E-1,5.67894E-4,-1.96007E-1,2.61464E-1,-1.07043E-1,-1.07953E-1,-1.12865E-1,1.27271E-1,-7.60268E-1,1.17075E-1,-4.36955E-1,4.24486E-2,-2.50155E-1,-1.59528E-1,-2.55584E-2,-1.24420E-1,1.80394E-1,-9.68556E-2,-1.58066E-1,-4.64207E-2,-4.91525E-1,-2.53229E-1,6.82575E-2,-5.74665E-1,7.77715E-2,-3.97725E-1,1.83768E-1,-1.09178E-1,1.21301E-1,3.42880E-1,-5.69551E-1,-3.56682E-1,-1.30289E-1,-4.31198E-2,-9.70027E-2,4.47296E-1,1.14791E-1,-1.06614E-1,-2.78255E-1,-5.26644E-1,-8.40262E-2,-2.11911E-1,-5.30087E-1,-3.86527E-1,-1.52285E-1,-4.01201E-1,-2.80917E-1,1.73267E-1,-3.86438E-1,-3.15834E-1,-4.36387E-1,2.39046E-1,1.54001E-1,-4.27340E-2,-6.63262E-1,1.07234E-1,-9.93890E-2,1.25264E-1,4.08575E-1,1.20896E-1,3.65303E-2,6.30021E-2,-7.94112E-2,-3.15674E-1,-8.43242E-2,-2.25935E-1,-1.50394E-1,2.88936E-1,2.73494E-1,-3.60773E-1,-1.74241E-1,-2.59461E-1,3.55719E-2,1.89620E-1,-2.81278E-1,1.37643E-1,-7.07095E-2,-2.55751E-2,1.57997E-1,6.13552E-2,-2.08988E-2,-4.00910E-2,-1.59372E-2,3.47741E-2,4.31904E-2,-4.40451E-1,-3.70476E-2,4.61156E-2,-2.71218E-1,-1.52137E-1,1.11621E-1,-2.06554E-1,-2.50222E-1,5.68878E-2,-2.18777E-1,-2.50742E-1,-6.57932E-2,3.81414E-2,-2.50982E-1,4.52642E-2,-2.87385E-1,-6.69054E-2,-5.37363E-2,-2.09356E-1,-2.56747E-1,-3.92790E-2,1.44866E-1,-2.75317E-1,-1.98158E-1,2.14203E-1,-2.89467E-2,-1.04244E-1,1.34658E-1,-1.27033E-2,-2.76841E-1,-3.25646E-1,7.71789E-2,-8.99610E-2,-3.51724E-2,-1.63245E-1,1.22754E-2,1.08452E-1,1.08174E-1,1.92554E-1,-6.19172E-2,2.89051E-1,2.51868E-1,-6.14533E-2,2.41516E-1,1.21382E-1,-2.81825E-1
8.71479E+2,3.49962E-2,-3.32435E-2,1.78716E-2,-2.98842E-3,-7.24514E-4,-2.23070E-3,2.59781E-2,-1.13074E-2,4.23143E-2,-3.30785E-2,-5.38299E-2,-2.28448E-2,-2.26253E-2,-6.02853E-3,6.77413E-2,-6.55666E-3,-4.72129E-2,-6.24369E-2,-1.67877E-2,2.47955E-2,-2.76895E-2,1.13926E-2,5.34395E-3,3.36878E-2,4.75136E-2,3.97543E-2,7.43653E-3,7.26606E-3,-4.58463E-3,3.97422E-2,5.04082E-2,1.21616E-2,4.33661E-2,4.67356E-2,4.45756E-2,9.13668E-2,-4.77129E-3,7.88221E-2,5.61996E-2,-4.72751E-2,-3.99494E-2,3.44421E-3,2.77933E-2,-3.52857E-2,-4.26267E-2,3.66257E-2,-2.03072E-2,4.63269E-2,-2.54262E-2,-2.23496E-2,-7.96328E-3,-3.09723E-2,-1.23503E-2,-2.30009E-2,3.84154E-2,-5.24080E-2,1.02626E-2,2.57208E-2,-2.98323E-2,-1.32380E-4,2.03223E-2,5.38044E-3,-4.69168E-2,1.58194E-3,2.78253E-2,-1.86174E-2,-9.04974E-2,1.08836E-2,-5.67355E-2,-2.93603E-2,4.78887E-2,-4.84867E-2,7.06327E-3,3.81131E-2,6.03374E-2,-4.10524E-2,4.08067E-2,-1.53189E-2,-1.98592E-2,-5.65963E-3,6.52814E-2,2.87655E-3,5.63236E-2,1.29073E-3,-2.01265E-3,4.78107E-2,3.03660E-2,1.48482E-2,2.04653E-2,2.15041E-3,3.86711E-2,1.53116E-3,-9.25599E-3,-7.26184E-2,4.60316E-2,-2.65269E-2,2.50551E-2,1.54083E-2,-6.34749E-3,-1.23099E-2,3.28409E-2,-4.70256E-2,-1.37373E-2,9.03253E-2,-2.09686E-2,4.76145E-2,-5.79704E-2,-2.31657E-2,-8.39906E-4,-1.20431E-2,8.38993E-3,6.63969E-3,-2.19291E-2,-2.56614E-2,5.81474E-3,4.77870E-2,-3.93429E-2,-8.78647E-3,2.83899E-2,-5.25397E-3,3.54462E-2,-2.26989E-2,-1.92154E-2,-3.40386E-2,1.35859E-2,-1.51929E-2,-7.64130E-4,1.04736E-3,-1.58893E-2,-2.30679E-2,9.13399E-2,4.69019E-2,-3.56720E-2,-1.08421E-2,-6.99141E-2,6.02517E-2,1.23185E-2,-2.67354E-2,-6.29190E-2,-3.86087E-2,-2.07269E-3,2.30486E-2,-3.92670E-2,2.55741E-3,-2.91098E-2,1.64297E-2,-2.50965E-2,-5.66201E-3,-9.59955E-3,-3.07506E-3,1.76761E-2,4.41972E-2,-2.77043E-2,1.62641E-2,6.43453E-2,2.97771E-2,-1.10151E-2,-4.02318E-2,2.46119E-3,5.16638E-2,-6.22096E-3,-8.60163E-3,-2.31494E-2,-1.58581E-2,-8.10868E-2,-4.27236E-2,9.84191E-3
8.74889E+2,7.91115E-2,-1.90052E-2,-9.04060E-2,1.71143E-1,-3.93664E-2,6.61571E-2,-7.15222E-2,-2.83874E-2,-7.41252E-2,-4.82270E-2,-2.52315E-2,6.52387E-2,1.34562E-2,3.79250E-2,-3.67606E-2,-4.46694E-2,-8.73661E-2,-2.87937E-2,-6.53748E-2,-6.49635E-2,-5.26548E-2,-3.45656E-2,-7.31495E-4,3.14331E-2,-2.54712E-2,-4.17649E-2,6.57941E-3,-1.25296E-1,-4.32641E-2,2.62917E-2,1.33483E-2,-9.13674E-2,-2.02826E-2,-8.79541E-2,8.39249E-3,5.00733E-2,-9.05804E-2,3.52295E-2,2.09763E-2,9.61403E-3,-8.96030E-2,-5.98642E-2,-5.93283E-2,1.28601E-1,-1.59025E-2,-1.12643E-1,1.70495E-2,1.73488E-2,-3.48849E-2,5.25777E-2,-1.18977E-1,3.19400E-2,-8.32322E-2,5.84542E-2,-6.39391E-2,3.47406E-3,-3.84588E-2,-6.46933E-2,-1.62587E-2,-9.90894E-2,-1.09260E-1,-1.52260E-1,1.53125E-2,1.53005E-2,-1.79485E-2,3.65556E-2,8.74878E-3,-5.26019E-2,-6.02839E-2,1.56913E-2,-8.68925E-2,-1.19129E-1,-7.36716E-2,-1.16777E-1,-6.13549E-2,-4.04215E-2,2.70275E-2,4.14773E-2,-1.01010E-1,-1.78095E-1,-2.41915E-2,-1.09449E-1,8.17596E-3,1.17481E-2,-1.39340E-1,-4.28101E-2,-1.31964E-1,2.55259E-2,2.61373E-2,-6.92705E-2,-6.46313E-2,-1.40186E-2,4.50605E-3,-5.29684E-4,8.97524E-2,6.66621E-2,9.29150E-2,-1.02075E-1,1.10049E-1,-1.12541E-1,-4.99168E-2,-4.12904E-2,-1.62486E-2,-1.18127E-2,-7.90564E-2,-1.87912E-1,-9.94965E-2,-1.58487E-1,-1.11605E-1,-7.57955E-2,-1.16482E-1,-7.51969E-2,-2.48728E-2,-6.22498E-2,-5.35088E-3,-1.00084E-1,-4.90443E-2,2.16488E-2,9.88512E-3,-1.02919E-1,5.46315E-2,-8.68981E-2,1.80773E-3,-1.06050E-1,-1.80176E-2,4.41403E-2,2.89351E-2,-4.44441E-2,-1.01536E-1,1.10380E-2,4.05103E-2,4.26888E-2,1.54027E-2,-2.56133E-2,-1.58450E-2,7.22154E-3,-3.15380E-2,3.47570E-2,-1.65096E-2,-8.91581E-2,-1.06732E-1,6.11700E-2,5.88148E-3,-5.39208E-3,8.33883E-3,5.82120E-3,-6.13505E-2,1.08066E-1,8.07344E-2,1.05561E-1,-2.81466E-3,-5.12810E-2,1.08087E-1,-7.96612E-2,1.00107E-2,-5.06677E-2,-2.60442E-2,1.61170E-1,-2.78766E-2,-5.89097E-2,4.30571E-3,-1.23293E-2,-4.05658E-2,-7.62984E-2,-4.27373E-2,-1.94122E-1,-1.20973E-1
8.78300E+2,2.68993E-2,-1.45893E-2,-3.45613E-2,5.86847E-3,9.73293E-3,4.28178E-2,1.48680E-2,-7.83366E-2,2.20840E-2,-3.54199E-2,1.98129E-2,4.48685E-2,-2.28123E-2,1.53156E-2,-1.65482E-2,-5.70114E-2,1.53837E-2,-1.82156E-2,-2.74930E-2,-1.17198E-2,-2.63541E-3,3.52718E-2,3.25005E-2,5.29469E-2,2.41397E-2,-3.71796E-4,2.26280E-2,7.04104E-3,8.77729E-2,-9.20799E-3,3.27376E-2,-2.22423E-2,-2.34088E-2,1.50469E-2,1.97199E-2,5.68518E-2,-3.59362E-3,6.00314E-2,2.47203E-2,3.86411E-2,-2.03222E-2,-8.93005E-3,2.35650E-2,4.12085E-3,1.69773E-2,3.24547E-2,-6.61935E-3,8.82042E-3,1.01546E-1,5.77344E-2,-2.54061E-2,1.96736E-2,-2.35568E-2,6.63739E-2,3.40524E-2,-1.34004E-2,9.25998E-3,8.94269E-3,-1.52553E-2,-2.62517E-2,4.46462E-2,-2.65205E-2,2.29998E-2,4.37245E-2,3.72844E-2,3.28737E-2,-3.47717E-2,-3.19712E-2,-4.20374E-2,1.55636E-2,7.41235E-2,-3.86224E-2,1.11970E-2,8.55709E-3,5.03505E-2,-1.12746E-2,1.21658E-2,1.44739E-2,-3.59001E-2,-5.95360E-2,1.75345E-2,5.99131E-2,7.59915E-3,7.95088E-2,-4.18812E-2,-3.07514E-2,1.30644E-2,5.79125E-2,8.07917E-2,3.45062E-3,-8.79496E-2,8.39775E-2,-1.26529E-2,-3.24136E-2,3.80964E-2,2.42596E-2,1.50527E-3,5.64474E-3,1.65115E-2,-1.72503E-2,-1.80973E-2,5.35358E-2,6.09773E-3,4.90905E-2,1.92263E-2,1.23651E-2,-5.53625E-2,-8.82073E-2,2.58431E-2,4.16839E-2,6.97795E-3,-1.02114E-2,2.91502E-2,-2.57833E-2,3.61127E-3,-3.79809E-2,-2.23838E-2,4.11700E-3,5.37993E-3,-4.62468E-2,2.33113E-2,-3.73160E-2,-3.23416E-2,-7.64311E-2,5.07946E-2,-2.42301E-2,3.22566E-3,-4.33237E-3,-2.31501E-2,-1.43938E-2,2.14811E-2,-2.94945E-3,4.58069E-2,1.19817E-2,3.17339E-3,2.56326E-2,-1.31422E-2,-1.83125E-2,-1.66396E-3,-2.30398E-2,1.57258E-2,-1.40493E-2,-5.91454E-2,-3.94231E-2,3.86524E-2,1.26519E-2,9.86909E-3,2.40293E-2,1.68331E-2,1.94867E-2,6.57573E-2,-4.42622E-3,2.56348E-2,-1.47703E-2,3.65428E-2,-2.02603E-2,-1.77479E-2,4.92456E-2,5.53741E-3,-4.38791E-3,2.07241E-2,9.66610E-3,-4.53251E-2,4.63579E-2,3.55009E-2,-7.45970E-2,-1.01131E-2
8.81711E+2,-3.65042E-2,-3.04567E-2,1.46520E-1,-1.34929E-1,1.04539E-2,-5.20205E-2,-5.55935E-3,1.55734E-2,1.01302E-2,1.55726E-3,6.30450E-2,-6.79553E-2,-1.61530E-1,1.49876E-1,9.17989E-2,-6.69052E-3,1.31615E-1,1.61693E-2,1.03198E-1,1.06052E-1,1.76219E-1,-5.56302E-3,-1.82955E-3,7.50189E-2,-1.65446E-1,2.39318E-1,-7.90235E-2,2.94221E-1,1.82282E-1,-5.81819E-2,-1.24734E-1,9.44765E-2,6.07631E-2,8.23517E-2,6.09114E-2,-5.53648E-2,-9.36217E-2,1.77862E-6,-2.36074E-2,2.83328E-2,1.50922E-1,1.32835E-1,-3.69684E-4,-7.85858E-2,6.86415E-2,-2.25852E-2,-5.49698E-2,-2.26123E-2,-2.91828E-2,-1.08512E-2,2.19756E-1,6.79454E-2,8.28335E-2,1.70375E-1,7.93879E-2,1.47526E-1,3.46067E-2,-7.32514E-2,2.51960E-1,1.54293E-1,7.00917E-2,2.13633E-2,5.06379E-2,-5.35666E-2,7.05882E-2,5.22820E-2,5.74591E-2,9.35321E-2,8.82411E-2,6.44048E-2,2.00361E-2,1.25044E-1,1.69196E-1,1.10361E-1,-4.14933E-2,2.19492E-3,2.31991E-1,-3.43948E-2,4.24750E-2,1.42602E-1,8.15974E-2,8.53940E-2,2.21755E-1,-4.66707E-2,8.88553E-2,6.63987E-2,9.27439E-2,-5.57241E-2,1.60510E-1,-1.74999E-1,1.40900E-1,-4.91638E-2,7.92254E-2,-5.19959E-2,-1.40774E-1,-3.90147E-2,-4.35387E-2,-6.44012E-2,-1.75497E-1,-3.43858E-2,7.04377E-3,-1.75710E-1,4.28665E-3,1.85735E-1,7.27406E-2,1.32096E-1,-3.38224E-2,1.50972E-1,1.35708E-1,9.78232E-2,1.35767E-1,-2.49789E-2,-9.51250E-2,-1.08581E-1,1.40553E-1,-8.86301E-2,-2.49773E-3,7.13882E-2,6.15245E-3,-7.57252E-2,-8.26896E-2,8.75653E-2,-6.93580E-2,2.68356E-2,-4.22602E-2,5.86459E-3,5.66971E-2,1.37274E-1,1.04052E-1,-3.51561E-2,-1.17558E-1,-1.56350E-1,-9.48487E-2,-1.46023E-1,-1.76721E-1,-2.40314E-2,-4.78263E-2,-1.29595E-1,3.54181E-2,-1.85522E-3,-2.09188E-2,-2.76652E-2,-2.09277E-2,8.58500E-2,-2.48830E-2,-4.64582E-2,-1.42820E-1,-1.99041E-2,-3.53983E-2,-1.92348E-1,-5.47738E-2,2.69988E-2,9.50832E-2,1.85212E-2,-4.93975E-2,1.72576E-1,-5.71469E-2,-1.23845E-1,-6.93974E-2,-2.20627E-1,1.35034E-1,-7.33093E-2,-1.63003E-1,5.84660E-2,-9.18344E-2,9.11207E-2,1.15792E-1
8.85123E+2,-2.54084E-3,5.67736E-2,-1.70517E-1,1.71826E-1,6.94793E-2,2.87745E-2,-4.00549E-2,-1.00455E-1,3.50748E-2,-6.01655E-2,-4.63182E-2,4.45003E-2,6.07010E-2,1.17211E-2,-5.87999E-2,1.01604E-1,-4.87919E-2,6.76930E-2,-8.18764E-2,-1.29720E-2,-1.28391E-1,-6.65041E-2,7.57377E-2,1.00930E-1,7.98499E-2,-4.62876E-2,8.47785E-2,-7.61620E-2,2.65934E-2,-1.18091E-2,1.44956E-1,-1.13487E-1,-3.21629E-2,4.80389E-2,-2.58623E-2,1.40791E-1,2.63754E-2,2.17342E-1,1.97627E-2,4.58191E-2,7.49145E-3,6.75960E-2,7.45009E-2,1.62264E-1,3.56838E-2,-2.76318E-2,-2.10550E-2,1.33500E-1,9.72434E-2,9.46713E-2,-6.36593E-2,4.78923E-2,-7.65775E-2,8.15662E-2,2.34193E-2,1.51155E-2,-6.00842E-2,-3.44096E-2,-3.31469E-2,-7.20433E-2,-9.40313E-2,-2.59875E-2,8.96624E-2,2.99740E-2,4.21728E-2,8.30522E-2,-1.50139E-2,-1.48719E-1,1.90488E-5,3.93637E-2,-1.10054E-1,-3.45864E-2,-4.77560E-2,1.74125E-2,-4.22759E-2,-1.10194E-1,-7.37777E-3,2.48346E-2,-1.75521E-1,-1.94283E-1,-1.61652E-2,-1.27932E-1,1.35462E-2,6.62511E-2,-2.25597E-1,-6.48045E-2,2.20300E-2,-7.24877E-4,5.45458E-2,-6.12538E-4,-7.18692E-2,4.12366E-2,3.59394E-2,5.07920E-3,2.29242E-1,9.47381E-2,-2.56145E-2,-1.22935E-1,5.54714E-2,2.01522E-2,5.77646E-3,-3.89653E-2,2.37215E-2,6.48889E-2,6.35473E-2,3.06886E-2,-4.67355E-2,-1.23334E-1,-4.75203E-2,6.55244E-2,-1.34856E-1,-7.68439E-2,-5.34560E-2,4.61251E-2,-1.74964E-2,-1.16521E-1,7.16013E-3,3.63141E-2,5.59033E-2,-1.29167E-1,3.88954E-2,6.14273E-2,-8.63590E-2,-7.29314E-2,1.20693E-1,-4.21630E-2,-2.27824E-3,-5.65935E-2,-8.89673E-2,-3.38576E-3,9.68219E-2,1.92876E-1,7.38272E-2,6.38690E-3,6.22692E-3,1.81186E-2,-8.02582E-3,-7.92303E-3,8.76516E-2,-1.27379E-1,-1.36730E-1,-4.43105E-2,-1.26327E-2,-1.07496E-3,3.19284E-2,7.05176E-2,-3.06612E-2,1.79007E-1,3.02180E-3,2.03126E-1,2.65181E-2,6.15914E-3,1.71489E-1,-9.27021E-2,8.39280E-2,-2.73251E-2,1.15234E-1,1.16551E-1,-4.75756E-2,3.68620E-2,6.49428E-3,-7.48172E-3,1.07344E-1,8.01272E-3,6.70069E-2,-2.34009E-1,1.18213E-1
8.88536E+2,1.98498E-2,-3.70758E-2,-1.03508E-1,1.99638E-1,6.04870E-2,-4.55638E-2,3.95265E-2,-1.81671E-2,-4.92657E-2,-3.07360E-2,-5.21358E-2,1.24120E-2,1.46033E-2,-1.10360E-2,9.72541E-4,-7.35409E-2,-4.95021E-2,5.29189E-2,-1.11091E-1,-8.69433E-2,6.95176E-2,-1.93976E-2,9.57408E-2,4.32967E-2,2.09122E-2,-1.44526E-2,2.03186E-1,-8.42587E-2,-3.22254E-2,8.26058E-2,1.44898E-1,-5.06325E-2,4.52272E-2,-4.79220E-2,3.11125E-3,-1.17784E-2,7.88525E-2,2.02085E-1,1.01493E-3,1.62227E-2,7.05353E-2,5.59962E-2,9.56455E-2,1.39258E-2,1.01040E-1,7.51580E-2,4.55443E-2,2.42914E-1,-1.60364E-2,1.57643E-1,-9.33572E-2,1.04665E-1,9.90966E-3,1.76686E-1,7.14942E-3,4.56736E-2,5.01913E-3,-9.41370E-2,-9.99110E-2,-4.10183E-4,-7.08710E-3,-1.06406E-2,1.08256E-1,9.24826E-3,8.80283E-2,8.70878E-2,2.97226E-2,-1.23007E-1,-2.26538E-2,8.37138E-3,-1.64178E-2,-7.65628E-2,-4.00510E-2,3.32529E-2,-1.32408E-1,-4.24346E-3,3.32862E-3,-9.29019E-3,-2.07295E-1,-3.10599E-1,-8.81108E-2,-1.14183E-1,1.65824E-2,1.88996E-2,-6.55033E-2,-1.60491E-1,-2.45164E-1,1.28776E-2,5.28995E-2,-9.68836E-2,5.13649E-2,1.16473E-1,9.52214E-3,8.67999E-3,2.15662E-1,1.08756E-1,1.12115E-1,-3.03054E-3,2.67227E-3,-6.31625E-2,-5.88760E-2,-1.40036E-1,4.11288E-2,1.22237E-1,8.69448E-2,6.28502E-2,-1.54403E-1,-3.11043E-2,3.99412E-2,1.41393E-2,-1.41723E-1,-1.61176E-1,-1.38103E-1,5.37605E-2,5.41816E-2,-9.67168E-2,5.74794E-2,5.39669E-2,1.70851E-1,-1.33947E-1,-4.08201E-2,-1.84029E-1,-6.00785E-2,-6.72816E-2,2.66102E-2,-2.25235E-2,-3.61992E-3,-2.30962E-2,-1.40185E-1,-1.24202E-2,-2.46017E-2,2.04777E-1,9.79031E-2,4.97203E-2,1.62903E-2,-1.99874E-2,9.51992E-2,-2.78053E-2,6.54454E-2,-2.15859E-1,-1.25827E-1,7.74047E-2,1.04630E-1,1.13325E-1,1.53532E-1,1.35431E-1,7.82735E-2,1.45054E-1,1.10117E-1,9.67323E-2,5.24158E-2,1.15867E-1,2.45323E-1,-1.65552E-1,2.23282E-2,-1.03895E-1,1.77920E-2,1.71715E-1,-1.20883E-1,-8.03695E-2,1.03746E-1,5.98246E-2,1.52975E-2,-2.72353E-2,2.45727E-1,-2.16561E-1,-9.48875E-3
8.91949E+2,1.24122E-2,3.44396E-2,-6.09046E-2,4.08571E-2,-1.74010E-2,4.68514E-2,-3.52504E-2,-4.14462E-2,1.93340E-2,2.84186E-2,-3.36591E-2,1.37622E-2,-2.25923E-3,1.79148E-3,-6.94604E-3,-1.96345E-2,6.01621E-3,3.99193E-2,-3.23079E-2,2.82882E-2,-1.28556E-2,5.18065E-3,3.89014E-3,2.07468E-2,4.45710E-3,-1.57680E-2,1.06782E-2,-5.34308E-2,5.79639E-3,2.42663E-2,4.58611E-2,1.39287E-2,3.40796E-2,2.30559E-2,-1.02593E-2,1.26600E-2,5.85353E-2,8.78092E-2,3.69428E-2,4.93571E-2,-2.74492E-2,7.19007E-2,1.36297E-2,1.50812E-2,1.40969E-2,3.10731E-2,1.59137E-2,8.15474E-2,3.44616E-2,-3.16811E-2,5.63461E-3,5.30025E-2,1.56229E-2,4.16465E-3,3.70885E-2,2.47998E-2,1.90538E-2,3.76519E-2,-8.28241E-3,-8.40962E-3,-6.34924E-3,2.15854E-2,6.48932E-2,3.10516E-2,6.67654E-2,-8.65902E-3,2.43362E-2,5.01537E-2,2.29116E-2,1.31477E-2,-5.43886E-4,-3.93080E-2,-5.81516E-2,5.18966E-3,-1.73369E-3,8.58045E-4,4.22356E-2,3.21955E-3,-7.49403E-2,-6.99698E-2,-3.02381E-2,-2.03627E-2,2.05869E-4,6.45205E-2,-5.78005E-2,-4.32072E-2,1.54885E-3,-2.20968E-2,6.79932E-3,6.28648E-4,4.81942E-3,1.28277E-2,3.29177E-3,3.57487E-3,-1.09650E-3,1.60591E-2,-2.11499E-2,-4.62366E-3,5.37014E-3,9.92928E-3,-1.65300E-2,-1.93098E-2,-3.67039E-2,-8.41567E-3,-3.99020E-2,-5.20504E-3,-5.24714E-4,-4.46073E-2,2.62515E-2,3.76553E-2,-5.37402E-2,-1.64041E-2,-1.43677E-2,-1.53719E-2,-2.69788E-2,-8.74076E-2,-1.55648E-2,-3.16273E-2,-1.11585E-3,-2.63060E-2,3.61157E-2,4.58659E-2,5.14653E-3,-3.64475E-2,3.04707E-2,-4.49381E-2,-5.31639E-3,-8.16708E-3,-8.14439E-2,-7.32421E-3,-1.89469E-2,6.03872E-2,6.10672E-2,-2.02072E-2,2.70328E-2,-4.56945E-3,-6.10617E-3,1.26732E-2,-2.24438E-2,-8.97421E-2,-3.61736E-2,-3.84380E-2,-2.02597E-2,-4.58949E-3,3.34565E-3,1.79517E-2,-1.44877E-2,3.20676E-2,2.02039E-2,6.28878E-2,3.73003E-2,-2.01620E-2,3.22023E-2,-3.76243E-2,-3.34923E-2,-3.46931E-2,3.90832E-3,7.84676E-2,2.92449E-3,-3.54924E-2,3.12730E-2,-4.68128E-2,-5.15799E-2,2.37338E-2,-5.51422E-2,-1.15901E-1,-3.27212E-4
8.95363E+2,1.48719E-2,2.32853E-2,-1.45771E-1,-1.54870E-2,1.99141E-2,-4.89414E-2,-1.68960E-2,-6.32127E-2,5.93548E-2,8.40984E-2,1.84711E-2,4.19512E-2,-3.99208E-2,3.59509E-2,3.23314E-2,-5.84488E-2,7.70017E-3,2.35954E-2,-7.80013E-2,5.33564E-2,-2.64979E-2,3.07238E-2,2.27704E-2,6.65428E-2,-3.75980E-2,-7.18263E-2,6.03224E-2,-3.86660E-2,-2.86367E-2,-2.37626E-2,6.71123E-2,4.19492E-3,4.41282E-2,-1.42929E-2,2.85393E-2,8.00987E-2,5.81527E-2,1.12794E-1,7.03741E-2,6.09460E-2,9.33959E-3,6.38033E-3,5.50278E-2,4.82878E-2,-4.97698E-3,3.42266E-2,4.84881E-2,1.01968E-1,9.92785E-3,4.61979E-2,-2.90842E-2,1.93408E-2,1.62748E-2,4.81264E-2,3.65929E-2,1.27048E-2,2.23316E-2,2.22694E-2,-9.22113E-2,-6.83563E-3,4.12759E-3,-5.98248E-2,4.19831E-2,1.96852E-2,8.67304E-2,4.43991E-2,-8.27836E-3,-2.78933E-2,-3.33667E-3,-1.89680E-4,-1.24156E-2,-7.90878E-2,2.25553E-2,4.69730E-3,-4.91314E-2,9.28406E-4,4.34329E-2,-7.10605E-2,-7.78936E-2,-9.83851E-2,-2.87954E-2,-3.46426E-2,-1.11002E-2,2.72728E-2,-5.94831E-2,-3.78201E-2,-3.18333E-2,4.05522E-2,1.99311E-2,-4.58536E-2,-4.34183E-2,1.06213E-1,1.16948E-2,-5.50368E-3,2.80306E-2,7.39594E-2,3.74583E-2,-4.35372E-2,1.49694E-2,7.72362E-3,-3.61274E-2,-4.09621E-2,7.91949E-3,5.87844E-2,-2.59716E-2,1.96446E-3,-1.42408E-2,-6.78444E-2,1.46224E-2,6.62455E-2,-3.94839E-2,-2.21464E-2,1.63441E-2,5.32066E-2,7.91412E-3,-8.10377E-2,1.97865E-2,3.81680E-2,6.56418E-2,-1.17272E-1,-1.38568E-3,1.45965E-3,2.71079E-2,-1.11559E-1,-7.50857E-2,-5.98245E-2,-4.42311E-3,-2.31236E-2,-1.09297E-1,-1.40562E-2,-2.37056E-2,9.11359E-4,-4.90572E-2,4.64405E-2,-1.75690E-2,3.98680E-2,4.07712E-2,-2.50779E-2,7.28636E-2,-7.69983E-2,-2.41465E-2,1.80145E-3,4.15141E-2,-1.51342E-2,6.38029E-2,-1.67743E-2,1.05054E-2,3.57280E-2,1.62472E-2,-5.32736E-3,1.63234E-2,5.76604E-2,-7.34649E-3,-3.85975E-2,1.62645E-2,-4.10623E-2,-3.10180E-2,3.83767E-2,-4.72032E-2,7.68860E-3,-2.02387E-2,1.96882E-2,-1.66819E-2,9.99068E-3,2.52613E-2,-1.80196E-1,-4.57655E-2
8.98777E+2,1.46217E-1,6.77890E-1,-8.08878E-1,1.23203E+0,1.90646E-1,-2.51014E-1,-5.37776E-1,-4.74311E-1,8.43146E-1,4.07874E-2,1.89862E-2,-4.82352E-1,-1.23998E-1,-1.66134E-1,-3.05234E-1,7.33761E-1,-4.91034E-1,2.32107E-1,-5.04922E-1,-1.47343E+0,-9.02035E-1,-6.98146E-2,-3.56572E-2,4.63923E-1,-1.29163E-1,-3.17424E-1,-7.51478E-2,-9.59963E-1,-2.67885E-1,-8.22855E-1,1.43937E-1,8.90506E-2,-2.77333E-1,-3.94240E-2,2.37689E-1,3.14440E-1,-6.75138E-2,7.91510E-1,1.79555E-1,-1.77379E-1,2.19365E-1,1.48302E-1,-8.87673E-2,1.10027E+0,-6.25298E-1,-1.39055E-1,-2.86890E-2,-2.48255E-2,3.72256E-1,2.96088E-1,-4.69723E-1,-2.48714E-1,-2.12998E-1,6.10535E-1,3.69435E-1,-1.18358E-3,-6.14278E-1,-7.45960E-1,-4.68239E-1,-9.76796E-1,-4.49117E-1,-5.89707E-1,-1.34039E-1,4.69390E-1,-4.67630E-2,8.26947E-2,-6.04088E-2,-3.02239E-1,6.99123E-1,-2.53450E-1,-2.08653E-2,-3.44230E-1,-8.31595E-1,-6.53463E-2,8.16179E-2,-7.09402E-1,-2.48185E-1,-4.60792E-2,-4.70334E-1,-9.48641E-1,-6.17800E-1,-5.82548E-1,-3.11070E-1,-3.43417E-2,-3.77702E-1,-6.09562E-1,-3.36747E-1,-3.96370E-1,3.84166E-1,2.47207E-2,9.69902E-2,4.37821E-1,-4.56286E-1,3.17984E-1,1.24555E-1,4.94397E-1,4.06740E-1,-8.81642E-2,-1.68294E-1,3.42409E-1,-2.40259E-1,-4.74469E-2,-4.29130E-2,8.67918E-1,4.41445E-1,-1.09430E-1,2.77163E-1,-1.36254E-1,-1.15906E-1,7.90935E-1,-3.25412E-1,-3.04019E-1,2.07077E-2,5.21725E-1,-1.99254E-1,-6.69412E-1,5.37169E-1,2.59846E-1,3.38146E-1,-7.65677E-1,-1.31914E-1,-4.18589E-2,1.67521E-1,-1.56300E+0,-1.66401E-1,2.66831E-1,1.21701E-3,-3.91376E-1,-4.98560E-1,1.65040E-1,-3.55463E-1,3.50965E-1,9.01073E-1,-9.39811E-2,1.47023E-1,3.26835E-1,-2.10409E-1,-7.33475E-1,-3.38060E-1,-6.48484E-1,-9.27111E-1,-3.31210E-1,-1.11999E-1,4.27771E-1,5.24139E-1,2.42876E-1,4.94214E-1,1.96941E-1,-3.89647E-1,-1.24580E-1,6.44255E-2,9.97634E-1,-1.57653E-1,-9.25996E-1,-8.54028E-2,-4.27627E-1,-4.14020E-2,3.28893E-1,-5.74156E-1,7.01087E-2,-4.31670E-1,1.02035E-1,-7.92435E-2,-4.81421E-2,1.53849E-1,-1.56816E-1,4.27163E-2
9.02193E+2,1.73708E-1,5.55717E-2,-7.74617E-2,1.07422E-1,2.44175E-1,3.11520E-2,-1.73577E-1,-1.96012E-1,-6.10627E-2,2.66038E-2,4.19650E-2,-3.12688E-2,1.37344E-2,4.91122E-2,-2.04062E-1,-1.11099E-1,-1.46843E-1,2.35695E-1,-4.64723E-3,-5.56186E-2,-3.76290E-2,2.91622E-2,-6.19547E-2,1.92500E-1,4.60851E-2,-6.25502E-2,6.07104E-2,-1.50057E-1,-1.33711E-1,-3.64792E-2,1.51275E-1,-6.40251E-2,6.48422E-2,-2.05618E-1,7.30405E-2,7.27539E-2,6.73878E-2,1.13216E-1,1.38102E-1,-3.31168E-2,-1.43453E-1,8.37892E-2,-4.58012E-2,1.80960E-1,7.65849E-2,4.99697E-2,-1.17199E-2,-3.70029E-2,3.12051E-3,-1.21807E-3,-1.39358E-2,1.34508E-1,-6.32224E-2,1.40531E-1,1.02464E-1,1.09491E-1,-8.84929E-2,-1.25635E-1,-1.42547E-1,-1.66089E-1,1.11591E-1,2.78971E-2,8.24558E-2,1.01432E-1,5.91835E-2,1.08269E-1,1.13517E-1,-1.26064E-1,7.38746E-2,4.04755E-2,-1.51754E-1,-2.07170E-1,-1.54633E-1,-2.94392E-2,5.81219E-2,-2.46181E-1,-1.01331E-2,-5.83015E-2,-1.31369E-1,-3.24693E-1,-1.09176E-1,-1.47708E-1,8.91999E-2,1.47566E-1,-1.65131E-1,-1.18196E-1,-1.90042E-1,-7.84322E-2,1.07707E-1,-6.28746E-2,-1.50979E-1,1.67063E-1,-9.78621E-2,2.66930E-2,1.48340E-1,7.91685E-2,9.74148E-2,-2.17393E-1,5.34264E-3,3.71178E-2,-8.19660E-2,2.25283E-2,1.79092E-1,1.47043E-1,1.62180E-1,-4.65079E-2,2.60352E-3,-2.85287E-1,-1.85085E-2,1.34602E-1,-1.35350E-1,-5.46793E-2,5.11701E-2,-4.66203E-2,2.30390E-2,-1.91036E-1,1.10601E-1,5.43254E-2,6.85051E-4,5.50997E-3,4.58859E-2,6.89393E-2,9.25593E-2,-4.08981E-2,1.50586E-2,3.38087E-2,-4.78891E-2,6.60373E-3,-1.50508E-1,-6.82669E-2,1.39341E-1,1.34591E-1,2.24851E-1,-2.54871E-3,2.29776E-1,1.09611E-1,4.45320E-2,-2.25818E-1,-3.90157E-2,-7.06331E-2,-9.28582E-2,1.84969E-2,1.11683E-1,9.38364E-2,6.51093E-2,5.70904E-2,2.08234E-1,2.06345E-1,1.96596E-1,1.52919E-2,7.60590E-2,1.37829E-2,8.28628E-2,-2.24388E-1,1.28807E-1,-2.84109E-2,8.64761E-2,1.41545E-1,-6.21361E-2,-1.52198E-1,-1.76695E-1,-4.51436E-2,1.26188E-2,2.77610E-2,1.42985E-1,-1.47814E-1,4.36225E-2
9.05609E+2,-6.14505E-3,1.40679E-2,7.54730E-4,-1.94227E-2,-5.34184E-4,2.09035E-2,1.27845E-2,-3.30113E-2,3.30157E-2,-9.82893E-3,4.67756E-2,4.32995E-4,-3.08040E-2,6.48540E-3,-3.54742E-2,1.04532E-2,-6.27499E-3,7.25997E-4,-6.58358E-3,4.45936E-2,-6.19170E-3,-5.60606E-3,2.49224E-2,2.87384E-2,-1.15344E-2,1.07249E-2,9.88849E-2,2.49476E-2,2.67975E-2,-4.05087E-2,4.30607E-2,1.52407E-2,3.53846E-2,2.99578E-3,-6.79066E-3,4.48481E-2,4.42621E-3,4.37834E-2,4.31548E-2,2.65390E-2,1.65174E-2,4.21254E-2,2.58072E-2,6.03622E-2,4.73154E-2,6.59212E-2,3.04145E-2,1.60853E-2,4.49962E-3,-2.42136E-2,6.07032E-3,2.07914E-2,4.16177E-2,3.58212E-2,4.44082E-2,6.46936E-2,2.59029E-2,-3.75949E-4,-5.29862E-3,2.24920E-2,2.22280E-2,1.15929E-2,5.37367E-2,4.39709E-2,4.81760E-2,5.27410E-2,2.69646E-2,3.26887E-2,2.46882E-2,-4.66912E-2,4.60315E-2,-1.68741E-2,-1.66506E-2,-9.63381E-4,3.87878E-2,-2.87003E-2,-3.41964E-3,5.90279E-3,-5.11426E-2,2.97605E-2,2.60917E-2,1.27468E-2,3.17030E-2,2.40783E-2,4.23450E-3,2.90854E-2,3.05304E-2,2.27771E-2,3.36900E-2,1.08012E-2,2.17766E-2,5.09441E-2,5.46249E-2,-1.29554E-2,3.26009E-2,2.15621E-2,4.66624E-2,2.08530E-3,-2.63136E-2,1.93537E-2,1.40738E-2,4.08052E-2,-7.03341E-3,8.24195E-3,-4.19565E-3,3.27406E-2,-3.94401E-2,-3.03568E-2,1.73572E-2,8.21791E-4,-1.74507E-2,-5.32515E-2,-3.49068E-2,2.73619E-2,-5.01397E-3,-2.59610E-2,1.98134E-2,1.70385E-2,-1.10290E-2,-1.20040E-2,-2.49107E-3,2.42031E-2,5.78874E-3,-4.87721E-2,-3.73113E-2,-1.57262E-2,-1.58989E-2,-3.27538E-2,-3.95019E-2,-7.33137E-2,2.07050E-2,4.13023E-2,-1.80119E-2,-3.41566E-3,2.22940E-2,-3.42827E-3,7.64411E-3,-3.47996E-3,-9.38369E-3,-4.45832E-2,1.36692E-2,5.86556E-2,-1.93316E-2,2.31360E-2,2.18897E-2,2.14043E-2,3.33241E-2,5.11599E-2,7.38058E-3,-3.11192E-2,3.33116E-2,2.52228E-2,-2.11857E-2,5.52092E-3,5.92295E-3,9.02801E-3,4.99114E-2,1.84054E-2,1.72747E-2,2.73603E-2,3.55286E-4,-1.60197E-2,-1.34287E-2,-3.06606E-2,-1.56309E-2,1.37525E-3,-8.64566E-3
9.09026E+2,-3.91349E-2,-1.18085E-2,-1.51100E-2,-3.27137E-2,-1.84419E-2,-5.81217E-3,3.34543E-2,4.54908E-2,-1.39131E-2,1.81920E-2,-4.28122E-2,2.80517E-2,4.43091E-2,2.50994E-2,-1.48508E-2,-2.98865E-2,4.74121E-2,-4.32996E-2,-4.07227E-4,2.47242E-2,7.74090E-3,1.34206E-2,-1.47752E-2,4.66391E-2,-3.58243E-3,6.13805E-2,-2.72859E-2,1.58509E-2,2.43522E-2,3.18233E-2,7.04957E-3,-3.07573E-2,1.39816E-2,3.31224E-2,1.10320E-2,2.12493E-2,2.58990E-2,-1.53808E-2,-5.35714E-4,5.99557E-2,3.70836E-2,7.79764E-3,3.42852E-2,-4.71801E-2,4.49615E-2,-9.66017E-3,1.04793E-1,-6.39929E-3,3.10288E-2,4.78143E-3,6.12117E-2,-2.11811E-2,-6.50465E-3,2.20789E-3,3.23527E-3,-1.20845E-2,2.12682E-2,4.82478E-2,1.75451E-2,5.02140E-2,-7.03790E-3,5.80879E-2,4.00723E-2,-2.49263E-2,-2.75716E-2,1.61978E-3,-1.95411E-2,4.68038E-2,5.14145E-2,-3.13194E-3,3.25406E-2,3.56385E-2,1.57618E-2,9.06965E-3,5.00885E-2,7.42975E-3,1.94628E-2,2.93424E-2,2.08773E-2,5.10217E-2,2.59432E-2,4.06354E-2,1.63709E-2,-6.21983E-2,9.69917E-2,5.53881E-2,2.00332E-2,1.85081E-2,8.27479E-3,3.38876E-2,6.43898E-2,-2.67192E-2,1.74502E-2,5.16739E-2,-1.62381E-2,1.00063E-2,1.72004E-2,-2.16827E-2,-1.04729E-2,4.74280E-2,-8.81789E-3,-2.05250E-2,-1.20682E-2,-9.53188E-3,7.95994E-3,-1.59085E-2,-1.85732E-2,2.70971E-2,-3.88011E-3,-2.51018E-2,-1.67807E-2,1.85054E-2,2.71304E-3,-1.00931E-1,-1.14643E-3,-1.61901E-2,-4.57052E-2,-1.32641E-2,3.72671E-2,-2.88557E-2,-2.65545E-2,1.55001E-3,-2.72238E-2,1.55871E-2,1.76357E-2,-7.74882E-3,-2.56145E-2,-5.62578E-3,-1.01860E-3,-2.75779E-2,-1.61679E-2,-2.01125E-2,-5.43377E-2,-3.05402E-2,-2.22624E-2,-4.92581E-2,-1.79165E-2,6.05566E-2,-4.77908E-2,1.68138E-2,-1.67409E-2,-2.85549E-2,-6.87790E-2,4.32822E-3,-8.53631E-2,-5.52061E-2,-7.35014E-2,1.88811E-2,-3.94608E-2,-3.27762E-2,1.55605E-2,-8.21948E-2,-2.95554E-2,3.99365E-2,-5.33390E-2,-1.10153E-2,4.58095E-3,-3.44516E-2,-8.71764E-3,-1.57564E-3,-1.11032E-2,-2.96214E-2,-2.99662E-2,3.51760E-2,-3.27442E-2,3.88137E-3,-3.12889E-2
9.12443E+2,3.63694E-4,4.75502E-2,-3.43072E-2,5.29163E-2,1.43959E-2,9.59768E-3,-1.97039E-2,-1.20064E-2,8.55675E-2,-6.05965E-2,-1.49914E-2,1.37979E-2,-7.71430E-2,-1.66074E-2,1.11664E-2,1.40954E-2,-2.16858E-2,5.41128E-2,-1.44720E-2,-9.48193E-3,-8.76347E-2,-2.40652E-2,-3.29500E-2,-2.57403E-2,-2.29499E-4,4.64660E-2,2.15768E-2,3.37256E-2,-1.44533E-2,2.27061E-2,4.62217E-2,-2.50455E-2,4.72651E-3,1.36112E-2,4.07254E-2,1.96344E-2,1.16510E-2,7.86028E-2,1.23142E-2,4.20889E-2,5.62270E-2,3.35989E-2,4.31280E-2,6.14218E-2,-4.24462E-2,5.26490E-2,1.10440E-2,4.49769E-2,-1.52451E-2,2.96769E-2,-3.17225E-2,1.66593E-2,-2.08986E-3,4.20525E-2,-8.84660E-3,3.34481E-2,-3.61153E-3,7.04276E-3,-7.26234E-2,4.75062E-2,1.32836E-2,-1.76787E-2,2.77701E-2,4.38704E-2,7.68747E-2,2.96914E-2,3.92025E-2,2.15545E-2,3.03747E-2,-3.94295E-2,2.40908E-2,-1.38766E-2,-4.08287E-2,1.48053E-2,-9.53007E-3,-4.44600E-2,4.59722E-2,-9.17399E-2,-9.34673E-2,-7.06601E-2,-1.91211E-2,-8.87521E-3,6.87243E-2,6.62351E-2,-5.84108E-2,-4.13786E-2,-4.10846E-2,-1.42234E-2,3.99490E-2,-2.55885E-3,6.10798E-2,4.93588E-2,-3.51310E-2,-5.42699E-2,-3.46095E-2,5.08172E-2,-1.51541E-2,5.06875E-2,1.72986E-2,1.95212E-2,7.25888E-3,2.40392E-4,1.88413E-2,5.36480E-2,-4.15103E-2,6.03002E-2,-1.06732E-1,-3.19483E-2,4.33516E-2,-7.46184E-3,-4.01681E-2,-4.32759E-2,1.85014E-2,-1.75908E-2,-2.40253E-3,-8.10904E-2,-8.19899E-3,-3.32888E-2,-4.31474E-2,2.73841E-2,-3.66422E-3,1.18412E-2,-8.33466E-3,-2.50575E-2,3.62450E-2,-2.50698E-2,4.98002E-2,-4.10400E-2,-6.04956E-2,-1.95096E-2,5.01630E-2,-5.83893E-2,1.59774E-2,3.65779E-3,2.10065E-2,2.28431E-2,8.18780E-3,-6.30301E-2,2.21307E-2,-1.09489E-2,1.98538E-2,5.39417E-3,9.26010E-2,-1.57836E-2,1.91013E-2,2.10197E-2,1.63541E-2,2.63876E-2,2.53136E-2,-5.34658E-2,-2.44564E-2,8.36285E-2,1.84221E-2,3.41865E-2,-2.42635E-2,-2.29520E-2,-7.62331E-3,1.87490E-2,-5.44447E-2,1.55515E-2,-1.03322E-2,1.01271E-2,1.33814E-2,-1.55058E-2,5.47081E-2,-9.50622E-2,-5.85380E-3
9.15861E+2,-2.01275E-2,-2.64679E-3,2.77589E-2,-1.57138E-2,-1.35879E-2,1.01331E-2,3.45195E-3,1.20288E-2,-3.89244E-2,1.19336E-2,-5.60211E-3,-6.16283E-3,1.64476E-2,2.69536E-2,-5.94227E-3,-1.36151E-2,9.59429E-3,-4.30134E-3,-5.53201E-3,4.67781E-2,1.58263E-2,2.06198E-2,2.29929E-2,1.29212E-3,1.37995E-2,1.58391E-3,-1.51166E-2,1.67980E-2,3.15805E-2,4.90561E-2,2.77341E-2,1.82423E-2,1.57822E-2,3.45064E-2,3.44227E-2,2.33330E-2,3.53166E-2,3.35176E-2,2.24648E-2,2.96175E-2,1.52514E-2,1.43143E-2,3.46604E-2,1.84243E-2,4.43699E-2,1.54579E-2,3.73420E-2,3.13696E-2,5.82982E-3,1.72291E-2,4.35689E-2,5.43508E-2,4.30365E-3,1.69330E-2,2.48331E-2,-5.97208E-3,3.33960E-2,9.04397E-3,3.46254E-2,3.17778E-2,-8.82689E-3,5.27271E-2,2.87174E-2,3.49965E-2,3.52455E-2,3.19142E-2,2.32398E-2,1.65240E-2,1.08228E-2,8.46410E-3,1.26403E-2,1.52786E-2,2.18770E-2,3.04244E-2,3.47476E-2,2.08205E-2,3.55938E-2,6.62103E-3,4.44437E-2,2.15449E-2,1.50110E-2,1.70189E-2,-3.68270E-3,-1.11526E-2,8.39066E-3,4.70319E-2,2.00958E-2,3.15651E-2,1.88061E-2,8.52294E-3,2.99986E-2,2.22889E-3,1.75182E-2,2.06725E-2,-3.55735E-3,-3.58450E-3,-2.45787E-2,3.28338E-2,-3.06458E-3,1.64654E-2,2.67997E-2,-1.83373E-2,-1.67749E-2,1.55802E-2,1.60296E-2,1.46820E-3,-1.12553E-2,1.99588E-3,2.30869E-3,-4.55886E-3,4.03501E-3,7.28797E-3,1.29395E-2,-3.93418E-2,3.47224E-2,-4.45418E-4,2.51181E-2,2.27827E-3,2.79668E-2,-6.83444E-3,-2.85325E-2,7.97541E-3,-2.59983E-2,-1.65775E-2,-1.62743E-2,2.01504E-2,-3.41658E-2,-1.04258E-2,-3.87106E-2,4.75308E-3,-9.01701E-3,-5.03521E-3,7.52904E-3,7.74694E-3,-6.09220E-2,-1.67782E-2,-2.04124E-2,-1.70478E-3,-2.75212E-2,-2.88941E-2,3.17433E-3,2.53677E-2,-1.93619E-2,-3.81158E-2,3.31159E-6,-6.38911E-3,-4.25106E-2,1.47115E-3,5.64185E-3,-2.77131E-3,5.91887E-3,-1.37518E-2,-2.23935E-2,4.00334E-3,7.29505E-3,2.12907E-3,2.99715E-2,3.42057E-3,2.65911E-3,2.26217E-2,5.78276E-3,1.87112E-2,-3.72501E-3,-4.26356E-2,1.55055E-2,2.17683E-2,3.66021E-3
9.19280E+2,2.36159E-2,2.01519E-1,-2.70811E-1,7.71358E-2,1.93437E-1,3.51280E-1,-5.89255E-2,8.09447E-2,1.75880E-1,8.70441E-2,-5.29121E-2,-2.57945E-1,-3.01390E-1,-3.61043E-2,-2.12768E-1,1.81392E-1,-2.46338E-1,2.96664E-1,6.95111E-2,1.66498E-1,6.63797E-2,4.58417E-2,2.03425E-1,3.12426E-2,1.02613E-1,1.05542E-1,-9.87331E-2,7.28188E-2,1.46470E-1,-9.65213E-3,1.83272E-1,6.77711E-3,1.81692E-1,-1.31923E-1,1.49914E-1,1.24616E-1,3.01467E-1,2.92858E-1,-1.52631E-1,2.54181E-1,1.20413E-1,1.44523E-1,3.35481E-1,2.68015E-1,6.68614E-2,1.63832E-1,5.54352E-2,2.03326E-2,4.74465E-2,-1.14633E-2,-5.92392E-2,2.93267E-2,4.63127E-2,-4.19699E-2,1.30021E-1,2.27284E-1,-7.12021E-3,-1.64144E-1,-1.08666E-1,-3.20750E-1,9.33768E-2,1.48733E-1,1.36547E-1,1.47675E-1,3.30699E-1,2.79150E-2,2.60040E-1,1.08507E-2,9.89096E-2,-1.96503E-1,2.13605E-1,-4.13409E-1,-2.90354E-2,2.53825E-2,-1.94870E-1,-1.69535E-1,2.30433E-1,-3.55186E-1,-4.10107E-1,-1.71786E-1,3.21714E-2,-9.05692E-3,1.84334E-1,1.60935E-1,-3.82041E-2,9.06681E-2,-1.28935E-1,-4.94273E-2,1.46566E-1,5.57380E-2,2.74860E-1,1.46669E-1,9.41272E-2,-1.58548E-1,2.56356E-1,7.08061E-2,-6.05221E-3,-4.01212E-2,-2.14591E-1,3.17015E-1,2.13939E-1,4.99287E-2,2.04571E-1,8.66327E-2,5.24507E-2,3.09215E-1,-2.01658E-1,4.10165E-2,2.04256E-1,1.99331E-1,-7.38950E-2,2.09532E-1,2.29045E-1,2.87580E-1,4.28776E-2,2.06762E-1,1.40258E-1,1.75096E-1,1.26393E-1,1.78432E-1,2.73720E-1,1.83147E-1,2.23481E-1,-3.10401E-1,2.17624E-1,2.89330E-1,3.03358E-1,-2.74469E-2,-3.13143E-2,2.00738E-1,1.90840E-2,-1.79585E-2,3.07888E-2,-8.81310E-2,3.17066E-1,1.30363E-1,1.29333E-1,-2.17464E-1,4.92988E-2,-2.91986E-1,2.16164E-2,1.31598E-1,3.35660E-1,1.93686E-1,3.53235E-1,2.79683E-1,2.87663E-1,2.60613E-1,1.93116E-1,8.58831E-2,-5.17866E-2,3.50326E-1,1.09267E-1,7.62854E-2,1.84580E-1,-9.32621E-2,-1.77743E-2,1.13051E-1,2.03913E-1,3.37781E-2,-1.33656E-1,-6.47883E-2,1.90494E-1,-2.43293E-2,1.45598E-1,-2.88200E-1,3.00585E-1
9.22699E+2,-2.66845E-2,-2.57819E-3,3.49386E-2,-1.93886E-2,2.14052E-4,-3.38790E-2,2.23196E-3,1.98924E-2,-1.08891E-2,-4.48235E-3,1.25279E-2,5.52491E-3,7.74750E-3,-1.69688E-3,1.65212E-2,-2.12394E-5,4.80551E-2,-3.04961E-3,2.76180E-3,1.40497E-2,2.23223E-2,2.26781E-2,3.02081E-2,2.60853E-2,3.03271E-2,2.85261E-2,1.52643E-2,9.58370E-3,3.40202E-2,4.13388E-2,2.47090E-2,-4.05606E-3,2.98630E-2,3.33941E-2,1.75584E-2,1.92178E-2,1.67370E-2,2.41757E-2,2.69612E-2,1.25412E-2,3.35243E-2,8.31107E-3,1.72861E-2,1.19590E-2,7.10774E-3,5.17249E-3,3.31009E-2,3.46890E-2,5.33765E-2,2.49074E-2,4.69328E-2,9.96443E-3,3.11754E-2,-6.43011E-3,1.38759E-2,3.07862E-2,1.67053E-2,3.08115E-2,4.30627E-2,2.30265E-2,6.41353E-3,2.54307E-2,8.05270E-3,1.03872E-2,-1.11834E-2,1.17436E-2,2.98913E-2,1.03622E-2,5.47733E-2,4.15681E-2,1.82543E-2,7.84211E-2,2.38437E-2,2.61736E-2,2.44844E-2,1.51497E-2,4.55987E-3,3.42406E-2,3.67146E-2,3.86753E-2,2.04232E-2,3.54824E-2,3.42027E-2,2.11361E-3,3.43892E-2,2.93117E-2,2.09153E-2,2.21561E-2,2.10245E-3,1.00417E-2,-1.13880E-2,-3.40000E-3,7.27762E-3,2.33938E-2,2.00784E-2,-3.87837E-3,2.96669E-3,1.43084E-2,2.26480E-2,-1.69942E-2,-1.37105E-2,6.47168E-3,-3.06843E-3,1.40026E-3,-6.59853E-3,-1.87161E-3,-2.95499E-3,3.88290E-3,-6.59920E-3,-3.53448E-3,2.20767E-2,2.05760E-2,-8.10773E-3,-2.62801E-2,-2.15813E-2,1.19308E-2,-3.61402E-2,-2.19813E-2,-2.02355E-2,3.07463E-4,-1.33375E-3,-6.89868E-3,-1.67233E-2,1.73712E-2,-2.28961E-2,3.21214E-3,-3.27244E-2,-4.00414E-3,2.50098E-2,1.87221E-3,-1.35787E-2,-1.72786E-2,-1.32416E-2,1.84987E-2,-2.35582E-2,-2.90533E-2,2.63201E-2,2.24821E-2,-2.97092E-2,5.95129E-3,-3.45196E-3,-1.24499E-2,-3.42108E-2,-2.72231E-2,-3.56137E-2,-1.77909E-2,-2.04810E-2,1.67821E-2,-1.32760E-2,-1.33429E-2,-1.59781E-2,-3.18757E-2,6.00874E-3,6.62583E-3,5.33141E-3,1.13958E-2,3.61931E-3,-1.19478E-2,-1.52945E-2,-1.26540E-3,-1.64338E-2,4.19215E-3,-2.80955E-3,1.28002E-2,-1.14164E-2,5.66653E-2,-1.52887E-2
9.26119E+2,7.14579E-3,-1.24157E-2,2.94532E-3,-3.20918E-3,8.29230E-3,8.93927E-4,9.30138E-4,-4.58933E-3,2.19264E-3,-3.44023E-3,-2.01546E-3,4.08713E-3,-1.27459E-2,9.85433E-3,2.07420E-3,-7.93538E-3,9.79234E-3,-1.47120E-2,6.82782E-4,1.41231E-2,1.87591E-2,2.38509E-2,1.80363E-2,1.56854E-2,1.96468E-2,3.56955E-2,1.97272E-2,3.20769E-2,3.14399E-2,3.38676E-2,2.01660E-2,-5.88208E-3,2.42836E-2,1.98670E-2,1.68499E-2,3.06015E-2,2.59784E-2,-8.68619E-3,2.64319E-2,2.18538E-2,1.69136E-2,7.28969E-3,2.27196E-2,1.67564E-2,1.56997E-2,9.91894E-3,2.91149E-2,3.72119E-2,3.00531E-2,3.09095E-2,3.28452E-2,-2.71277E-2,2.19450E-2,1.30163E-2,4.72278E-3,2.41730E-2,2.66370E-2,1.69163E-2,2.89585E-2,1.63253E-3,-1.21305E-2,2.43265E-2,-5.91650E-3,1.36061E-2,7.85264E-3,1.04660E-2,1.51870E-2,2.68392E-2,1.48921E-2,1.97206E-2,-2.27453E-2,1.60970E-2,7.58222E-3,2.11028E-2,2.36154E-2,2.76109E-2,1.03142E-2,-1.12034E-2,1.10103E-3,2.52456E-2,1.27386E-2,1.75235E-2,-3.37473E-3,9.07364E-3,1.03079E-2,6.12075E-3,2.00256E-2,1.32146E-2,1.38650E-3,2.13957E-3,9.86447E-3,-9.00258E-4,1.98971E-2,2.08661E-2,4.55672E-3,1.34774E-2,-6.41315E-3,9.07320E-3,1.44778E-2,1.30399E-2,-6.96197E-3,-2.67793E-3,-5.40504E-3,2.47639E-3,-4.96690E-3,-3.63129E-2,9.29386E-5,-2.36084E-2,-9.53574E-3,-1.20929E-2,-3.66059E-2,-4.72363E-4,4.51810E-4,-2.62692E-2,-3.34026E-3,-9.31003E-3,-1.58931E-2,-1.44843E-2,-3.52635E-3,-1.34747E-2,-1.29961E-2,-1.97934E-2,-1.41756E-2,8.06179E-4,7.40395E-4,-2.01897E-3,-7.46908E-3,-4.24500E-3,9.08726E-3,-1.56283E-2,-7.33701E-3,-1.27602E-2,-8.16141E-3,3.55986E-3,-1.95116E-2,-5.98474E-3,-1.66440E-2,7.97149E-3,-3.51364E-3,-3.69427E-2,-1.68036E-2,-8.65443E-3,-3.09776E-2,-8.40964E-3,-2.51193E-2,1.48117E-3,-9.94405E-3,-7.42256E-3,-1.73470E-2,-1.63873E-3,-6.41728E-3,-6.09470E-3,-2.73048E-3,-5.66785E-3,9.57882E-3,-1.01778E-2,-1.34489E-2,-3.06960E-3,-9.16097E-3,-4.77356E-3,-1.47466E-2,-6.35545E-3,-8.06705E-3,-1.52655E-2,-1.67831E-2,1.44207E-2,-1.80185E-2
9.29540E+2,-1.05834E-2,-3.28333E-3,5.00642E-3,-1.36143E-4,-2.22446E-3,-9.58244E-3,3.22451E-3,8.13466E-3,-6.62700E-5,-3.38554E-3,1.89251E-3,5.47819E-3,3.91365E-3,8.00875E-3,-6.39708E-3,1.29083E-2,-2.60247E-3,-1.02773E-2,6.53980E-3,8.95311E-3,1.46311E-2,9.18950E-3,1.45577E-2,2.27073E-2,2.88373E-2,3.03151E-2,2.07601E-2,1.56533E-2,2.29374E-2,3.07633E-2,6.77673E-3,2.81910E-2,1.35082E-2,3.05458E-2,1.31429E-2,2.39474E-2,1.57058E-2,1.48468E-2,1.85231E-2,1.09654E-2,1.45791E-2,8.78542E-3,8.37922E-3,1.47168E-2,1.31074E-2,8.93405E-3,1.49515E-2,2.43505E-2,3.25734E-2,2.51278E-2,1.76113E-2,1.98198E-2,2.88476E-2,2.19813E-2,1.56544E-2,1.73604E-2,2.07850E-2,1.81161E-2,2.34002E-2,5.67619E-3,9.27563E-3,1.43884E-2,2.05057E-2,1.96048E-2,1.58586E-2,2.10456E-2,7.60748E-3,1.11506E-2,1.42738E-2,1.54787E-2,1.03796E-2,1.62057E-2,1.91862E-2,1.72435E-2,1.41621E-2,1.35981E-2,6.69377E-3,1.50369E-2,2.57558E-2,4.92656E-3,1.05334E-2,1.72878E-2,1.12434E-2,-7.07644E-4,1.80260E-2,2.26808E-2,6.60158E-3,2.28273E-2,6.11345E-3,-7.13869E-3,3.85884E-3,-5.28337E-3,5.84753E-3,5.78396E-3,1.22596E-2,-1.15334E-2,-1.36503E-4,4.02219E-3,1.90792E-3,-7.42260E-3,-3.38223E-3,-1.34650E-3,-2.30785E-3,4.34967E-3,-8.91176E-3,-1.31619E-2,-1.62337E-2,-7.71038E-3,-8.21003E-3,-2.15131E-3,-9.88298E-3,1.87939E-3,-9.79583E-3,-1.55824E-2,-2.75474E-3,-1.27732E-2,-8.24439E-3,-1.55895E-2,-1.30624E-2,-1.45982E-2,-1.07954E-2,-8.18216E-3,-1.76825E-2,-4.94059E-3,-1.39567E-2,-1.06293E-2,-3.04251E-3,-9.35954E-3,-2.16571E-2,-7.39402E-3,6.69453E-4,-1.97699E-2,-1.29097E-2,-7.71846E-3,-6.34652E-3,-1.27962E-2,-1.13446E-2,-1.08252E-2,-1.43195E-2,-8.57027E-3,-1.88967E-2,-9.45867E-3,-2.83575E-2,-9.13051E-3,-2.02602E-2,-2.39371E-2,-1.61839E-2,1.73713E-3,-1.08830E-2,3.66782E-4,-3.05728E-3,-1.07662E-2,-6.72880E-3,-7.67512E-3,2.41540E-3,3.72218E-3,-1.16333E-2,2.14280E-3,-1.21372E-2,-5.03686E-3,-5.70522E-3,-1.59349E-2,-1.79541E-2,-1.50448E-2,-1.12067E-2,-4.93188E-3,-1.39868E-2
9.32962E+2,-1.32886E-3,-6.62574E-3,3.37565E-3,-5.17030E-3,3.09840E-3,-1.85300E-3,-2.34853E-3,-2.01296E-3,-1.66558E-2,1.45930E-3,-3.70171E-3,1.12963E-2,5.43282E-3,8.77721E-3,6.25721E-3,1.25293E-3,5.40776E-3,3.47443E-3,6.12314E-3,1.27275E-2,1.98784E-2,1.53969E-2,2.21025E-2,1.41178E-2,1.49308E-2,2.39903E-2,2.43898E-2,2.37608E-2,2.60060E-2,2.79859E-2,2.19755E-2,2.52130E-2,2.98728E-2,3.28014E-2,9.95016E-3,2.29723E-2,2.18318E-2,2.05249E-2,2.35685E-2,2.15812E-2,1.99632E-2,1.39599E-2,2.12242E-2,1.26646E-2,5.20075E-3,2.03163E-2,1.63122E-2,4.23308E-2,2.59233E-2,2.38841E-2,1.55245E-2,2.27863E-2,2.21167E-2,2.54791E-2,1.58597E-2,1.28530E-2,2.62531E-2,2.57057E-2,1.82862E-2,1.89802E-2,1.35311E-2,1.39882E-2,1.85486E-2,1.10710E-2,2.15698E-2,1.23596E-2,1.54178E-2,2.93648E-2,2.78495E-2,9.90888E-3,1.93396E-2,2.23529E-2,2.08847E-2,1.11261E-2,1.65933E-2,1.71273E-2,8.09036E-3,2.10807E-2,1.54159E-2,6.77744E-3,1.33367E-2,1.24157E-2,8.73724E-3,-6.96353E-4,2.33893E-3,1.89562E-2,9.02920E-3,1.41686E-2,1.67651E-5,-1.12958E-3,8.57559E-3,2.68381E-3,1.28291E-2,6.21130E-3,1.41023E-2,-4.30842E-3,8.59524E-4,-1.82118E-3,-9.63746E-5,-2.23243E-3,-4.01923E-3,2.59217E-3,-1.88580E-3,-1.07372E-2,-2.16867E-3,-4.36815E-3,-1.08111E-2,2.96497E-3,-9.64139E-3,-5.29231E-4,-5.35203E-3,-2.59733E-3,-7.80811E-3,-2.32090E-2,-8.45187E-4,-5.12225E-3,-1.43824E-2,-1.00123E-2,-7.53777E-3,-1.46266E-2,1.35619E-3,1.19244E-3,-1.89681E-2,-1.04259E-2,-9.22846E-3,-1.06455E-2,-7.19448E-3,2.17044E-3,-3.97438E-3,-5.85210E-3,-6.44038E-3,-1.66269E-3,-8.76316E-3,5.56718E-3,-1.45941E-2,-9.84809E-3,-7.75302E-3,-4.78913E-3,-6.23099E-3,-1.38025E-2,-1.57831E-2,-3.21620E-3,-1.53511E-2,-1.40310E-2,-1.71060E-2,-2.17869E-3,-1.30144E-2,-5.02631E-3,-5.57942E-3,4.04203E-3,-1.50147E-2,-1.11149E-2,-8.06935E-4,-6.61886E-3,-1.11989E-3,2.67848E-3,-7.87119E-3,-1.38297E-2,-1.11987E-2,-1.53285E-2,-3.53126E-3,-3.31446E-3,-7.82731E-3,-5.36377E-3,-6.91374E-3,-3.86052E-3,-1.17757E-2
9.36384E+2,-1.95927E-3,-7.40110E-4,-3.10228E-3,4.11306E-3,-1.06000E-3,-1.65602E-3,2.58474E-3,3.09505E-3,-3.52972E-3,-4.85694E-3,-5.29663E-3,4.27869E-3,-1.11344E-3,8.14472E-3,1.09816E-3,3.95648E-4,2.17923E-3,3.07563E-3,1.42127E-2,1.82905E-2,1.79575E-2,1.89774E-2,1.64250E-2,1.70480E-2,2.20341E-2,2.65787E-2,2.24057E-2,2.53543E-2,2.85452E-2,2.40706E-2,2.53591E-2,2.35919E-2,2.72004E-2,3.38128E-2,1.41092E-2,2.35556E-2,2.44553E-2,2.35984E-2,1.96366E-2,2.64987E-2,2.43388E-2,2.15228E-2,1.98142E-2,2.70757E-2,2.01159E-2,1.39113E-2,2.61777E-2,2.14777E-2,2.95698E-2,1.81285E-2,2.71216E-2,1.74411E-2,2.28766E-2,2.60068E-2,2.05185E-2,1.92304E-2,2.35329E-2,1.50395E-2,2.31958E-2,2.11333E-2,2.56189E-2,2.14132E-2,1.65573E-2,1.94273E-2,2.34945E-2,2.55309E-2,1.67353E-2,1.88422E-2,1.29860E-2,2.05211E-2,1.69231E-2,1.65980E-2,1.30938E-2,1.66836E-2,2.05303E-2,2.41232E-2,1.08508E-2,2.15364E-2,2.21090E-2,1.51127E-2,1.33632E-2,1.40122E-2,7.61736E-3,8.53949E-3,1.11128E-2,1.57197E-2,1.79475E-2,1.81373E-2,5.80710E-3,6.36977E-3,1.75622E-3,-2.59260E-3,5.55123E-3,1.17783E-2,6.76611E-3,-3.88959E-4,2.21971E-4,-3.08194E-3,1.76280E-3,-2.77822E-3,-3.09493E-3,1.44494E-3,-4.74616E-3,-1.84125E-3,9.77093E-4,-7.98282E-3,-1.20655E-3,-5.27153E-3,-1.50309E-3,-1.02324E-2,-3.06038E-3,-2.40915E-3,-5.30013E-3,-9.70870E-3,-8.37679E-3,-3.99958E-3,-7.60573E-3,-1.66632E-2,-5.69299E-3,-4.80356E-3,4.39548E-4,-3.06730E-3,-1.50337E-2,-7.56725E-3,2.64328E-3,-7.17995E-3,-9.20612E-3,-7.42864E-3,-2.22382E-3,-1.20026E-2,-4.32531E-3,-8.01158E-3,-8.72859E-3,-3.22957E-3,-1.03493E-2,-3.82142E-3,-1.10899E-2,-2.48170E-3,-9.53841E-3,-5.01139E-3,-1.07933E-2,-6.74709E-3,-8.90218E-3,-1.01874E-2,-1.81939E-2,-8.76138E-3,-4.68137E-3,-5.11995E-3,-4.71122E-3,-6.35466E-3,-6.46728E-3,-8.67573E-3,4.68158E-3,-3.06192E-3,-1.11007E-2,-3.05245E-3,-1.50666E-3,-8.95695E-3,-1.09910E-2,-6.60075E-3,-3.70134E-3,-6.66515E-3,-7.34980E-3,-1.83731E-3,-7.66662E-3,7.71706E-4,-1.46906E-2
9.39807E+2,-3.31715E-3,-4.21696E-3,5.61163E-3,-4.45657E-3,-3.74516E-5,-4.37233E-3,1.73674E-4,-3.20423E-3,-7.57693E-4,-1.41161E-3,-2.38852E-3,7.06322E-3,6.86470E-3,2.57754E-4,4.19153E-3,9.23133E-3,7.05352E-3,-1.29783E-3,3.87444E-3,1.17128E-2,1.79246E-2,1.67839E-2,2.20928E-2,3.05365E-2,1.87092E-2,2.74669E-2,2.66622E-2,2.24707E-2,2.55627E-2,2.39961E-2,2.11558E-2,2.35957E-2,2.65108E-2,2.88559E-2,1.89413E-2,2.64777E-2,2.48912E-2,2.36585E-2,2.07622E-2,1.74714E-2,2.04439E-2,2.07224E-2,2.66161E-2,1.98178E-2,2.14560E-2,1.88455E-2,1.80325E-2,2.11966E-2,2.39058E-2,1.57840E-2,2.45244E-2,2.14962E-2,2.17074E-2,2.22368E-2,1.67881E-2,2.42592E-2,2.21170E-2,1.77824E-2,2.00732E-2,2.37709E-2,1.41861E-2,1.32418E-2,9.12552E-3,1.69072E-2,1.52552E-2,1.18479E-2,1.77193E-2,1.73758E-2,1.61785E-2,1.26079E-2,1.18318E-2,1.79277E-2,1.32931E-2,1.51925E-2,2.03225E-2,1.33731E-2,8.77558E-3,1.42242E-2,1.84857E-2,8.36526E-3,1.01937E-2,1.01242E-2,1.48074E-2,9.50226E-3,1.54312E-2,1.14401E-2,1.05578E-2,1.51638E-2,3.17738E-5,1.93674E-3,3.15547E-3,5.64686E-4,4.83864E-3,7.46429E-3,7.53206E-3,1.65415E-3,-3.32723E-3,2.00384E-3,-1.13061E-4,-5.29073E-3,-1.65967E-3,-2.11450E-3,4.22049E-3,3.14183E-3,5.23284E-3,-5.03965E-3,-9.58191E-3,2.41896E-3,-8.64222E-3,-6.06279E-3,-4.96450E-3,-4.84578E-3,-4.94692E-3,-4.91657E-3,-6.38722E-3,-2.59217E-3,-1.27237E-2,-1.29433E-2,-9.46502E-3,-1.29568E-2,-9.75398E-3,-6.12096E-3,-1.05419E-2,-9.63783E-3,-8.20445E-3,-1.42040E-2,-1.36429E-2,-1.19333E-2,-7.78771E-3,-3.11108E-3,-1.11964E-2,-4.47267E-3,-1.08768E-2,-9.93131E-3,-5.19820E-3,-9.61978E-3,-5.30438E-3,-4.96033E-3,-1.75105E-2,-9.02377E-3,-5.61564E-3,-1.05958E-3,-1.01514E-2,-6.44907E-3,-1.14377E-2,-1.21612E-2,-8.13698E-3,-2.52430E-4,-4.37144E-3,-1.69403E-3,-4.32262E-3,-7.73673E-3,8.16152E-3,-4.84989E-3,-9.82771E-3,-4.52390E-3,-6.46310E-3,-5.73452E-3,-5.92422E-3,-3.39571E-3,-5.69099E-3,-5.93438E-3,-9.80402E-3,-1.12937E-2,-1.39947E-2,-5.72740E-3,-4.75455E-3
9.43231E+2,-1.64943E-3,2.13761E-3,2.34429E-3,-3.84085E-3,1.63501E-3,-7.12224E-3,1.73092E-3,9.40054E-4,-1.06988E-3,-1.66122E-3,2.37101E-4,1.35244E-3,1.29274E-3,3.05718E-3,6.16262E-4,5.01951E-3,5.15045E-3,2.48804E-3,7.30266E-3,1.28440E-2,1.41738E-2,1.64348E-2,2.10451E-2,2.00340E-2,1.76917E-2,2.04104E-2,2.25153E-2,2.09023E-2,2.53699E-2,2.07911E-2,2.34111E-2,2.18250E-2,1.85101E-2,2.35970E-2,2.03982E-2,2.47608E-2,1.84890E-2,2.20061E-2,2.26756E-2,2.15796E-2,2.21041E-2,1.84255E-2,1.75479E-2,1.93719E-2,2.36050E-2,1.71046E-2,1.70089E-2,1.34578E-2,2.04759E-2,1.83112E-2,1.76702E-2,1.45587E-2,2.35175E-2,1.80458E-2,2.08019E-2,1.78228E-2,2.11435E-2,1.95561E-2,2.04873E-2,1.85063E-2,1.38671E-2,1.35639E-2,1.75475E-2,2.07183E-2,1.63114E-2,1.72103E-2,1.48636E-2,2.05452E-2,1.99641E-2,1.33386E-2,1.47538E-2,1.96650E-2,1.21212E-2,1.83047E-2,1.51232E-2,1.22246E-2,1.03339E-2,1.41928E-2,1.76975E-2,1.31071E-2,1.34943E-2,1.72828E-2,1.15943E-2,9.36328E-3,1.04905E-2,1.31610E-2,8.96269E-3,1.46785E-2,7.02649E-3,2.49518E-3,2.92038E-3,7.81766E-3,5.97609E-3,2.26687E-3,1.35577E-3,1.93885E-3,6.41293E-4,3.32624E-3,4.12069E-3,-3.71846E-3,-1.31750E-3,-3.09953E-3,-7.14307E-3,-2.06987E-3,-7.23901E-3,-1.12607E-2,-3.51038E-3,-6.15470E-3,-6.38356E-3,-2.70410E-3,-5.47002E-3,-1.07130E-2,-1.67882E-2,-1.29101E-2,-8.79192E-3,-1.10359E-2,-1.08091E-2,-8.16634E-3,-7.67957E-3,-1.08237E-2,-9.36674E-3,-6.16341E-3,-1.21150E-2,-9.99418E-3,-1.20010E-2,-1.32431E-2,-9.70915E-3,-1.08225E-2,-1.15961E-2,-1.02265E-2,-1.10315E-2,-9.23080E-3,-1.29642E-2,-1.08606E-2,-6.71286E-3,-7.64841E-3,-4.97485E-3,-9.46668E-3,-7.71996E-3,-9.18766E-3,-9.19144E-3,-8.67662E-3,-1.34904E-2,-7.29043E-3,-1.27265E-2,-6.29762E-3,-9.30618E-3,-1.09982E-3,1.08197E-3,-5.33118E-3,-6.04619E-3,-7.53307E-3,-5.51911E-4,-4.81701E-3,-5.59205E-3,-1.04412E-2,-5.95949E-3,-3.56411E-3,-7.68552E-3,-5.63534E-3,-7.70649E-3,-8.93974E-3,-7.98911E-3,-1.02678E-2,-9.83500E-3,-9.79121E-4,-5.96135E-3
9.46655E+2,-4.94678E-3,-1.78362E-3,2.55832E-3,-1.39088E-3,6.17248E-5,2.06082E-3,9.06704E-4,-9.02049E-4,-2.25687E-3,2.15249E-3,-2.96870E-3,4.51012E-3,-4.03018E-4,6.01061E-4,1.80068E-3,4.49510E-3,5.07265E-3,3.10766E-3,7.75808E-3,7.91559E-3,1.46203E-2,1.53696E-2,1.70389E-2,2.03721E-2,2.31215E-2,2.25869E-2,2.51173E-2,2.35285E-2,2.63891E-2,2.42939E-2,2.55917E-2,2.21557E-2,2.31735E-2,2.25146E-2,2.62865E-2,2.39238E-2,2.17912E-2,2.25651E-2,1.94084E-2,1.95247E-2,2.19259E-2,2.02426E-2,2.38707E-2,2.10507E-2,1.66041E-2,1.67958E-2,1.65855E-2,2.44317E-2,2.24285E-2,1.79487E-2,2.31579E-2,1.77823E-2,1.95275E-2,1.61067E-2,2.04708E-2,1.76969E-2,1.86435E-2,1.64150E-2,1.99707E-2,1.90123E-2,1.77408E-2,1.83071E-2,1.51215E-2,1.54664E-2,1.71669E-2,1.48517E-2,1.66655E-2,1.68288E-2,1.58019E-2,1.39223E-2,1.42441E-2,1.33664E-2,1.43911E-2,1.43433E-2,1.56007E-2,1.38165E-2,1.35884E-2,1.54242E-2,1.58505E-2,1.26555E-2,1.19860E-2,1.05732E-2,1.36520E-2,1.10640E-2,9.84006E-3,9.38742E-3,8.88614E-3,1.24390E-2,2.86247E-3,1.09987E-2,4.84191E-3,6.06047E-3,6.07655E-3,5.59344E-3,2.32771E-3,2.24272E-3,2.47023E-3,-2.67644E-3,-1.55094E-3,-7.68416E-4,-3.10794E-3,4.92066E-5,-4.32949E-3,3.51893E-4,1.40102E-3,-7.21137E-3,-2.99931E-3,-4.08880E-3,-6.03014E-3,-2.26781E-3,-7.04845E-3,-7.82258E-3,-7.71028E-3,-6.38597E-3,-8.41010E-3,-1.03648E-2,-1.12018E-2,-9.28286E-3,-6.83310E-3,-8.40941E-3,-8.10038E-3,-4.39556E-3,-1.16882E-2,-9.41505E-3,-9.51838E-3,-8.38505E-3,-9.10107E-3,-9.64295E-3,-1.03355E-2,-1.12394E-2,-8.40164E-3,-8.37445E-3,-8.84496E-3,-1.20269E-2,-8.10225E-3,-7.61782E-3,-8.00631E-3,-8.29860E-3,-8.57510E-3,-1.10519E-2,-5.39491E-3,-7.15783E-3,-1.03929E-2,-7.59822E-3,-1.23900E-2,-4.47973E-3,-5.77024E-3,-3.33470E-3,-2.10812E-3,-6.84412E-3,-3.43957E-3,-6.82093E-3,-3.75945E-3,-2.82428E-3,-6.04539E-3,-1.54942E-3,-5.95519E-3,-5.78538E-3,-9.11871E-3,-5.81452E-3,-9.70545E-3,-6.16062E-3,-1.09410E-2,-6.83537E-3,-5.09543E-3,-4.37569E-3,-7.49578E-3
9.50080E+2,-3.98713E-3,1.30472E-3,-5.97744E-4,-5.92960E-4,-6.58547E-4,-9.36725E-4,3.00513E-3,-6.51178E-4,-3.96431E-3,-5.48241E-4,-8.40070E-4,2.41256E-3,1.17277E-3,2.09891E-3,2.78280E-3,4.37133E-3,2.73848E-3,5.06359E-3,1.02289E-2,1.09266E-2,1.47022E-2,1.86385E-2,1.88446E-2,2.15234E-2,2.11944E-2,2.01895E-2,2.47637E-2,2.56012E-2,2.55349E-2,2.59290E-2,2.48583E-2,2.44510E-2,2.47043E-2,2.47186E-2,2.33913E-2,2.99668E-2,2.10262E-2,2.36706E-2,2.42434E-2,2.19346E-2,2.29703E-2,2.26290E-2,2.22478E-2,2.29950E-2,1.89824E-2,2.22335E-2,2.26081E-2,2.36361E-2,2.30841E-2,2.04364E-2,1.84796E-2,2.27302E-2,2.26996E-2,2.09330E-2,2.06123E-2,1.92727E-2,2.06861E-2,1.97830E-2,2.04836E-2,1.87893E-2,1.72177E-2,1.78925E-2,1.72972E-2,2.02495E-2,1.53680E-2,1.44985E-2,1.52709E-2,1.73370E-2,1.67319E-2,1.34435E-2,1.68132E-2,1.69113E-2,1.71241E-2,1.68762E-2,1.52716E-2,1.11373E-2,1.39877E-2,1.42245E-2,1.47393E-2,1.34843E-2,1.63571E-2,1.15491E-2,1.09331E-2,8.41377E-3,1.65196E-2,9.10798E-3,9.67344E-3,1.06504E-2,7.82371E-3,7.04125E-3,5.41548E-3,1.32125E-3,5.04183E-3,4.00850E-3,5.12129E-3,1.06184E-3,1.32093E-3,2.95189E-3,9.80446E-4,7.99307E-4,-6.68408E-3,1.42833E-3,-3.00563E-3,-2.19659E-3,-3.96454E-3,-3.48324E-3,-1.70419E-3,-4.48671E-3,-6.07235E-3,-8.84141E-3,-7.51523E-3,-9.21351E-3,-8.02299E-3,-9.96064E-3,-7.73379E-3,-5.33693E-3,-7.73007E-3,-1.10362E-2,-4.72322E-3,-7.15664E-3,-1.06327E-2,-7.34031E-3,-9.03889E-3,-8.03341E-3,-9.47868E-3,-7.81988E-3,-6.78928E-3,-6.34618E-3,-3.74067E-3,-9.67733E-3,-5.82315E-3,-1.19107E-2,-1.18353E-2,-8.26458E-3,-8.13599E-3,-8.70456E-3,-7.74338E-3,-7.82348E-3,-7.72992E-3,-8.57218E-3,-7.56876E-3,-6.58158E-3,-7.16743E-3,-6.65063E-3,-6.69334E-3,-4.49593E-3,-6.25790E-3,-4.65759E-3,-4.65200E-3,-2.62578E-3,-2.68170E-3,-5.71786E-3,-4.56333E-3,-5.88291E-3,-4.56615E-3,-3.16157E-3,-6.59295E-3,-6.98511E-3,-9.22936E-3,-6.00099E-3,-5.00095E-3,-9.69808E-3,-9.20547E-3,-6.90372E-3,-1.21958E-2,-2.84862E-3,-3.59551E-3
9.53505E+2,-8.76203E-4,-1.00124E-3,2.51762E-4,3.52948E-5,-2.73800E-3,-1.46863E-4,1.89285E-4,-1.79423E-4,2.67254E-4,-1.24278E-3,1.64327E-4,2.39554E-3,7.46176E-4,7.51173E-4,1.38369E-3,1.25377E-3,7.32423E-3,3.67521E-3,6.43199E-3,8.69354E-3,1.42224E-2,1.79267E-2,1.91568E-2,2.03464E-2,2.19108E-2,2.47824E-2,2.42436E-2,2.53660E-2,2.54474E-2,2.59323E-2,2.48625E-2,2.49044E-2,2.39992E-2,2.60563E-2,2.52579E-2,2.54034E-2,2.38054E-2,2.25036E-2,2.30575E-2,2.23715E-2,2.25545E-2,2.24350E-2,2.49565E-2,2.17546E-2,1.98909E-2,2.03488E-2,2.22418E-2,2.40920E-2,2.21234E-2,1.74467E-2,2.08006E-2,2.24784E-2,2.28106E-2,1.96556E-2,1.92304E-2,1.84838E-2,1.84348E-2,1.97568E-2,1.87401E-2,2.25980E-2,1.79832E-2,2.14430E-2,1.73376E-2,1.87542E-2,1.70199E-2,1.54613E-2,1.58027E-2,1.86393E-2,1.62960E-2,1.25069E-2,1.76020E-2,1.32811E-2,1.40817E-2,1.06815E-2,1.60493E-2,1.46418E-2,1.10645E-2,1.40421E-2,1.72549E-2,1.35250E-2,1.35026E-2,1.65207E-2,1.14788E-2,1.04435E-2,9.26140E-3,1.42816E-2,1.17738E-2,9.74995E-3,6.66524E-3,6.86328E-3,3.69624E-3,5.45425E-3,4.41125E-3,3.14594E-3,1.64082E-3,2.24329E-3,-6.51328E-5,-1.49763E-4,-3.45208E-4,-1.27819E-3,-1.04645E-3,-3.59935E-3,-3.91275E-3,-2.87013E-3,-4.47621E-3,-5.85919E-3,-6.73458E-3,-4.16041E-3,-4.23242E-3,-4.95665E-3,-5.44312E-3,-4.70054E-3,-7.43028E-3,-9.53249E-3,-6.91635E-3,-8.35165E-3,-9.64743E-3,-8.66348E-3,-9.99496E-3,-8.59561E-3,-9.85216E-3,-9.02904E-3,-8.23396E-3,-7.39787E-3,-4.92369E-3,-6.53325E-3,-7.51160E-3,-6.95936E-3,-8.03421E-3,-9.97153E-3,-8.32506E-3,-9.96338E-3,-9.99817E-3,-6.01350E-3,-1.00133E-2,-9.47334E-3,-6.73387E-3,-6.94303E-3,-9.44138E-3,-6.06392E-3,-6.10521E-3,-6.98473E-3,-9.58425E-3,-7.69389E-3,-6.03338E-3,-5.15535E-3,-6.83430E-3,-3.22824E-3,-5.61800E-3,-4.57610E-3,-4.55158E-3,-6.28485E-3,-3.13130E-3,-3.72527E-3,-4.77481E-3,-2.89812E-3,-4.62886E-3,-5.78289E-3,-7.13787E-3,-9.80536E-3,-5.17465E-3,-7.19477E-3,-7.95469E-3,-9.16927E-3,-5.03832E-3,-4.70917E-3,-8.42860E-3
9.56932E+2,-1.65501E-3,3.34699E-4,-2.13719E-3,-1.05199E-3,2.00036E-3,-1.04919E-3,1.11612E-4,-1.80166E-3,4.56730E-4,-5.41250E-4,5.07453E-4,-6.94758E-4,-5.54960E-4,1.71455E-3,4.36061E-3,3.66642E-3,4.65094E-3,4.20686E-3,6.49059E-3,1.00767E-2,1.52983E-2,1.70383E-2,1.72603E-2,2.08496E-2,2.19364E-2,2.35808E-2,2.39443E-2,2.33321E-2,2.58317E-2,2.52846E-2,2.46000E-2,2.49896E-2,2.37984E-2,2.41668E-2,2.38101E-2,2.30317E-2,2.35547E-2,2.30502E-2,2.30397E-2,2.38062E-2,2.34933E-2,2.33562E-2,2.08477E-2,2.18843E-2,1.95626E-2,2.11420E-2,2.18469E-2,2.08022E-2,2.09524E-2,2.15500E-2,2.14189E-2,1.88272E-2,2.08959E-2,1.88070E-2,2.09817E-2,1.97645E-2,1.74514E-2,2.02808E-2,1.87471E-2,2.04789E-2,1.86055E-2,1.71197E-2,1.70378E-2,1.65215E-2,1.93585E-2,1.67766E-2,1.44257E-2,1.59314E-2,1.52103E-2,1.41118E-2,1.55835E-2,1.53496E-2,1.26946E-2,1.33531E-2,1.19127E-2,1.42094E-2,1.25892E-2,1.44742E-2,1.61893E-2,1.37380E-2,1.39572E-2,1.42627E-2,1.21738E-2,1.15738E-2,1.11425E-2,1.11759E-2,1.12115E-2,9.80843E-3,7.50709E-3,7.41605E-3,4.42476E-3,8.20692E-3,2.82626E-3,4.01052E-3,3.25397E-3,2.83028E-3,1.25474E-4,1.90314E-3,1.15185E-3,-2.09758E-4,-4.42103E-4,-6.80564E-4,-3.91596E-3,-1.43863E-3,-2.45788E-3,-3.27892E-3,-6.82536E-3,-1.32166E-3,-4.96208E-3,-5.43715E-3,-7.59256E-3,-5.11904E-3,-7.82200E-3,-6.78718E-3,-4.67089E-3,-7.77498E-3,-7.90605E-3,-7.39066E-3,-9.11342E-3,-7.17195E-3,-8.13857E-3,-6.93984E-3,-9.07414E-3,-6.41852E-3,-8.74974E-3,-9.17426E-3,-8.67398E-3,-7.98333E-3,-6.73078E-3,-9.30286E-3,-6.60203E-3,-7.97456E-3,-7.69212E-3,-6.35430E-3,-1.02775E-2,-6.43408E-3,-7.67637E-3,-9.15137E-3,-8.66940E-3,-6.99392E-3,-6.44161E-3,-6.73685E-3,-7.48927E-3,-6.95262E-3,-5.73882E-3,-4.69213E-3,-4.86700E-3,-5.84892E-3,-5.69206E-3,-4.79762E-3,-5.28591E-3,-5.63933E-3,-4.60608E-3,-4.74936E-3,-4.99491E-3,-2.99971E-3,-3.90708E-3,-7.47400E-3,-7.50863E-3,-7.74831E-3,-7.15233E-3,-6.80815E-3,-8.89069E-3,-1.08805E-2,-8.76148E-3,-5.47096E-3,-7.00400E-3
9.60359E+2,-1.75993E-3,-1.17817E-3,2.31924E-4,1.12991E-3,-6.26233E-4,-8.84247E-4,1.45649E-3,-1.37365E-3,7.42465E-4,3.02298E-4,-8.03843E-4,-1.78037E-3,-8.76109E-6,3.09850E-3,1.45363E-3,3.65447E-3,3.54925E-3,4.06516E-3,7.86767E-3,1.13123E-2,1.40556E-2,1.68908E-2,1.88911E-2,2.07934E-2,2.10705E-2,2.48845E-2,2.47870E-2,2.45667E-2,2.58254E-2,2.67834E-2,2.61940E-2,2.33842E-2,2.51422E-2,2.53698E-2,2.29175E-2,2.58741E-2,2.43142E-2,2.48548E-2,2.18768E-2,2.28429E-2,2.26332E-2,2.17088E-2,2.39683E-2,2.16594E-2,2.05890E-2,2.16641E-2,2.26613E-2,2.10006E-2,2.02274E-2,2.12675E-2,2.14005E-2,2.07098E-2,2.04523E-2,2.15037E-2,1.95455E-2,1.88139E-2,1.89590E-2,2.00278E-2,1.97678E-2,1.70002E-2,1.72404E-2,1.65623E-2,1.53221E-2,1.70458E-2,1.78607E-2,1.60188E-2,1.66357E-2,1.55084E-2,1.61499E-2,1.44752E-2,1.57496E-2,1.42587E-2,1.42117E-2,1.49941E-2,1.30885E-2,1.55627E-2,1.31801E-2,1.37811E-2,1.60563E-2,1.18876E-2,1.16748E-2,1.34781E-2,1.27248E-2,9.50531E-3,1.23254E-2,1.05332E-2,1.11437E-2,9.70592E-3,8.02209E-3,7.97758E-3,6.74617E-3,5.78155E-3,4.93029E-3,4.58816E-3,1.84324E-3,7.02517E-4,2.92328E-4,1.91681E-3,2.63337E-3,-1.14379E-4,-2.10043E-3,9.54768E-4,-1.75230E-3,-2.98544E-3,-3.30071E-3,-3.57429E-3,-4.74988E-3,-4.26507E-3,-4.33783E-3,-5.79825E-3,-5.32586E-3,-6.61201E-3,-5.45025E-3,-7.10864E-3,-4.77021E-3,-7.57329E-3,-8.04821E-3,-7.49518E-3,-7.41746E-3,-7.37783E-3,-6.42391E-3,-6.37030E-3,-7.31828E-3,-7.79814E-3,-8.97708E-3,-8.78299E-3,-7.45335E-3,-8.44657E-3,-8.38031E-3,-1.01378E-2,-6.70067E-3,-8.19704E-3,-5.94258E-3,-7.66233E-3,-7.99945E-3,-8.53827E-3,-6.89851E-3,-5.04486E-3,-8.64018E-3,-6.64230E-3,-7.75850E-3,-5.66974E-3,-8.06143E-3,-7.52455E-3,-5.99373E-3,-4.95173E-3,-6.46622E-3,-5.05394E-3,-3.30725E-3,-3.81354E-3,-5.12818E-3,-4.81118E-3,-3.43707E-3,-3.92677E-3,-2.31660E-3,-3.20425E-3,-4.74949E-3,-5.14304E-3,-5.22423E-3,-4.91571E-3,-6.61340E-3,-5.79992E-3,-6.36643E-3,-9.10273E-3,-8.06441E-3,-5.12323E-3,-6.39225E-3
9.63787E+2,-3.95870E-4,9.44837E-4,-1.47015E-3,-7.89110E-4,3.75746E-4,-2.57270E-5,3.53731E-4,-1.95686E-3,8.93460E-4,-1.11126E-3,-6.42461E-4,9.18626E-4,-4.71399E-4,2.84082E-4,3.09235E-3,3.57681E-3,3.51105E-3,4.91007E-3,7.83070E-3,1.08584E-2,1.51296E-2,1.66214E-2,1.81420E-2,2.04065E-2,2.08005E-2,2.26465E-2,2.46805E-2,2.30965E-2,2.59716E-2,2.51596E-2,2.43529E-2,2.48273E-2,2.32208E-2,2.41813E-2,2.37721E-2,2.36565E-2,2.42277E-2,2.33823E-2,2.44570E-2,2.23971E-2,2.28653E-2,2.15401E-2,2.25593E-2,2.25615E-2,2.20212E-2,2.17492E-2,2.10326E-2,2.19750E-2,2.14940E-2,2.03445E-2,2.15355E-2,2.09027E-2,2.22806E-2,1.88892E-2,1.93021E-2,1.95691E-2,1.93188E-2,2.02829E-2,1.95994E-2,1.80665E-2,1.84775E-2,1.70523E-2,1.68105E-2,1.65743E-2,1.79174E-2,1.59296E-2,1.66599E-2,1.67835E-2,1.71313E-2,1.56890E-2,1.43977E-2,1.54780E-2,1.48901E-2,1.43259E-2,1.47717E-2,1.39135E-2,1.30331E-2,1.29119E-2,1.37891E-2,1.28801E-2,1.20103E-2,1.23154E-2,1.18880E-2,1.06011E-2,1.14999E-2,1.16613E-2,9.51248E-3,8.50699E-3,7.75335E-3,6.77253E-3,5.89819E-3,5.12980E-3,3.79847E-3,2.71168E-3,2.53180E-3,2.07620E-3,9.90312E-4,9.98698E-4,-4.44893E-4,-6.21063E-4,-2.78994E-4,-7.71330E-4,-2.24189E-3,-3.30547E-3,-3.63889E-3,-5.47834E-3,-4.80149E-3,-4.16489E-3,-5.34818E-3,-4.48972E-3,-6.42643E-3,-7.88428E-3,-8.58759E-3,-7.11222E-3,-7.27185E-3,-8.40345E-3,-6.59795E-3,-7.83879E-3,-8.40813E-3,-7.50342E-3,-9.09112E-3,-7.04336E-3,-7.70008E-3,-7.72443E-3,-7.38922E-3,-8.42077E-3,-9.55418E-3,-7.98892E-3,-7.94367E-3,-9.25099E-3,-7.49971E-3,-8.50051E-3,-9.20411E-3,-8.74968E-3,-8.25373E-3,-8.77869E-3,-7.33335E-3,-7.30891E-3,-7.84605E-3,-7.41130E-3,-6.65937E-3,-7.15929E-3,-6.73112E-3,-4.92690E-3,-6.80372E-3,-4.49991E-3,-4.06802E-3,-4.38876E-3,-4.71745E-3,-4.73839E-3,-3.32784E-3,-6.25054E-3,-2.49354E-3,-5.55558E-3,-5.05702E-3,-4.08548E-3,-5.48360E-3,-5.31303E-3,-6.34078E-3,-5.87464E-3,-7.39278E-3,-7.01045E-3,-6.52921E-3,-8.51297E-3,-6.67406E-3,-4.23745E-3,-5.73193E-3
9.67215E+2,-7.53931E-4,-9.77036E-4,-1.53951E-3,1.00467E-3,-6.69413E-4,1.76471E-4,2.10305E-3,-1.81644E-3,-9.24606E-4,-5.96322E-4,-4.94092E-4,1.54055E-3,-6.08813E-4,1.13897E-3,2.41645E-3,1.94912E-3,4.00645E-3,5.44449E-3,6.71641E-3,1.10838E-2,1.40318E-2,1.63038E-2,1.70958E-2,2.07554E-2,2.13573E-2,2.37259E-2,2.43802E-2,2.38964E-2,2.57851E-2,2.32196E-2,2.45522E-2,2.41983E-2,2.42057E-2,2.49020E-2,2.40412E-2,2.16800E-2,2.37774E-2,2.37080E-2,2.42410E-2,2.31877E-2,2.21808E-2,2.16869E-2,2.16740E-2,2.21903E-2,2.08374E-2,2.13555E-2,2.06593E-2,2.06168E-2,2.02409E-2,1.92450E-2,2.15287E-2,2.04771E-2,1.95543E-2,1.86639E-2,1.76738E-2,1.82687E-2,1.85385E-2,1.99579E-2,1.88966E-2,1.80790E-2,1.75795E-2,1.74738E-2,1.67510E-2,1.79014E-2,1.72024E-2,1.56962E-2,1.59021E-2,1.50431E-2,1.47158E-2,1.38967E-2,1.49378E-2,1.54470E-2,1.58208E-2,1.36649E-2,1.38751E-2,1.28957E-2,1.19520E-2,1.34264E-2,1.16729E-2,1.18992E-2,1.37919E-2,1.37875E-2,1.12753E-2,1.00672E-2,1.06077E-2,1.01767E-2,9.56478E-3,9.27880E-3,7.10223E-3,7.10084E-3,5.23620E-3,5.40135E-3,3.73443E-3,2.37811E-3,2.24087E-3,2.01755E-3,1.68577E-3,1.83520E-3,-4.18647E-4,-5.98058E-4,-1.21792E-3,-1.96257E-3,-2.92265E-3,-2.20452E-3,-2.80915E-3,-3.66054E-3,-5.55546E-3,-6.25321E-3,-4.41888E-3,-5.95143E-3,-6.00487E-3,-6.54688E-3,-6.66661E-3,-8.02776E-3,-6.55716E-3,-7.20994E-3,-6.45945E-3,-7.76789E-3,-8.07036E-3,-7.90639E-3,-8.23695E-3,-8.41400E-3,-7.89073E-3,-7.64708E-3,-8.57930E-3,-8.72228E-3,-7.58728E-3,-9.03123E-3,-7.03240E-3,-9.15095E-3,-6.87415E-3,-7.80206E-3,-8.27990E-3,-7.47923E-3,-8.65147E-3,-9.66480E-3,-7.31542E-3,-7.07215E-3,-8.38042E-3,-7.11273E-3,-7.15465E-3,-6.71718E-3,-6.93738E-3,-6.39802E-3,-7.11173E-3,-5.60446E-3,-7.03829E-3,-4.87829E-3,-3.92403E-3,-4.47360E-3,-4.27666E-3,-3.69918E-3,-5.05068E-3,-5.17176E-3,-4.77556E-3,-5.00681E-3,-4.80187E-3,-5.87024E-3,-5.76875E-3,-6.16586E-3,-7.49904E-3,-8.35099E-3,-8.56419E-3,-8.70855E-3,-7.72025E-3,-5.16360E-3,-6.22971E-3
9.70644E+2,-9.03434E-4,-1.12477E-3,-5.48450E-4,1.06379E-3,-2.68114E-4,9.33363E-5,7.16887E-4,-6.09652E-4,-1.29026E-3,-5.05368E-4,-1.57614E-4,-6.57085E-4,3.81951E-4,1.21501E-3,2.59378E-3,3.49704E-3,5.15542E-3,6.04608E-3,7.05345E-3,1.22632E-2,1.34004E-2,1.53707E-2,1.94839E-2,2.04956E-2,2.21720E-2,2.46560E-2,2.54746E-2,2.43797E-2,2.47054E-2,2.25384E-2,2.45811E-2,2.43546E-2,2.44093E-2,2.45620E-2,2.34920E-2,2.39267E-2,2.37856E-2,2.27626E-2,2.26325E-2,2.20944E-2,2.31216E-2,2.17609E-2,2.32342E-2,2.19124E-2,2.08078E-2,2.17092E-2,2.11828E-2,2.13661E-2,2.02481E-2,2.00721E-2,2.22930E-2,2.00750E-2,2.02994E-2,1.97279E-2,1.96352E-2,1.85982E-2,1.81028E-2,1.94180E-2,1.91088E-2,1.86193E-2,1.74542E-2,1.68077E-2,1.68124E-2,1.70978E-2,1.74037E-2,1.61638E-2,1.68788E-2,1.58397E-2,1.48777E-2,1.58586E-2,1.42049E-2,1.46953E-2,1.49256E-2,1.46256E-2,1.33285E-2,1.46740E-2,1.21618E-2,1.47018E-2,1.13252E-2,1.32239E-2,1.29451E-2,1.24153E-2,1.25332E-2,1.06874E-2,9.13307E-3,8.79509E-3,9.00584E-3,8.45159E-3,7.19482E-3,7.62552E-3,5.34375E-3,5.41840E-3,3.67967E-3,3.09635E-3,3.71125E-3,2.30846E-3,1.60642E-3,9.54902E-4,1.21779E-3,-8.22338E-4,-1.50926E-3,-1.21594E-3,-2.25142E-3,-2.35723E-3,-3.45665E-3,-4.54076E-3,-3.70279E-3,-5.79303E-3,-4.97017E-3,-5.30029E-3,-7.04039E-3,-7.78735E-3,-7.51326E-3,-7.14212E-3,-6.15057E-3,-7.58154E-3,-7.48277E-3,-7.82961E-3,-7.91613E-3,-6.96198E-3,-8.21671E-3,-7.82305E-3,-8.61126E-3,-6.65097E-3,-7.26227E-3,-8.62508E-3,-7.99691E-3,-8.23040E-3,-8.48325E-3,-9.16392E-3,-8.45327E-3,-8.07136E-3,-9.16402E-3,-7.53466E-3,-8.68457E-3,-8.69772E-3,-7.76288E-3,-7.22071E-3,-6.92961E-3,-7.02475E-3,-6.48801E-3,-6.84758E-3,-8.09084E-3,-6.61350E-3,-5.31949E-3,-5.28576E-3,-5.11662E-3,-5.72240E-3,-2.51357E-3,-4.81631E-3,-4.62792E-3,-3.93988E-3,-2.95225E-3,-3.58396E-3,-5.95439E-3,-3.50924E-3,-4.44233E-3,-5.66611E-3,-6.26161E-3,-7.52688E-3,-6.54424E-3,-8.10436E-3,-7.42578E-3,-9.28726E-3,-7.31729E-3,-6.96679E-3,-6.63548E-3
9.74074E+2,-4.92154E-4,-5.96214E-4,-2.19005E-3,1.03189E-3,2.41695E-4,1.17323E-4,8.81897E-4,-2.15741E-3,-1.00329E-3,-1.06535E-4,-3.90058E-4,3.94412E-4,6.05886E-6,1.62250E-3,2.63994E-3,3.40538E-3,4.06530E-3,5.82939E-3,7.34099E-3,1.12645E-2,1.31611E-2,1.57810E-2,1.87764E-2,2.05306E-2,2.18498E-2,2.32732E-2,2.46692E-2,2.51032E-2,2.44780E-2,2.47996E-2,2.41176E-2,2.37782E-2,2.28322E-2,2.50031E-2,2.28579E-2,2.21695E-2,2.34475E-2,2.26514E-2,2.27603E-2,2.10788E-2,2.23661E-2,2.23137E-2,2.22243E-2,2.12462E-2,2.03436E-2,2.04084E-2,2.05243E-2,2.09348E-2,2.10394E-2,1.92441E-2,2.16315E-2,2.01250E-2,2.04721E-2,1.97442E-2,1.86483E-2,1.87423E-2,1.79708E-2,1.91880E-2,1.75311E-2,1.78222E-2,1.82687E-2,1.60456E-2,1.78092E-2,1.71361E-2,1.69583E-2,1.62932E-2,1.56817E-2,1.51687E-2,1.60039E-2,1.47276E-2,1.51624E-2,1.44378E-2,1.48301E-2,1.43675E-2,1.42699E-2,1.35118E-2,1.38829E-2,1.34500E-2,1.26199E-2,1.19771E-2,1.13493E-2,1.29633E-2,1.12197E-2,1.21810E-2,1.02364E-2,1.05861E-2,9.69354E-3,8.14045E-3,8.04170E-3,7.58419E-3,5.23370E-3,5.13774E-3,5.37378E-3,3.75868E-3,2.29735E-3,2.02919E-3,2.01735E-3,3.97962E-4,-5.00819E-4,-2.75842E-4,-1.35117E-3,-1.43363E-3,-1.72618E-3,-2.84476E-3,-3.63313E-3,-3.95549E-3,-3.74499E-3,-4.35813E-3,-4.87713E-3,-4.94681E-3,-4.88561E-3,-6.70198E-3,-7.50665E-3,-7.02065E-3,-5.20125E-3,-7.59669E-3,-7.15863E-3,-7.09904E-3,-8.40907E-3,-6.65692E-3,-8.14744E-3,-7.69389E-3,-8.80576E-3,-7.15745E-3,-7.76319E-3,-8.08360E-3,-8.20214E-3,-7.94405E-3,-7.52380E-3,-8.01953E-3,-7.69525E-3,-7.47182E-3,-8.20210E-3,-7.11773E-3,-8.21360E-3,-8.52265E-3,-7.06154E-3,-6.71084E-3,-6.77022E-3,-7.13416E-3,-6.90487E-3,-6.46408E-3,-7.05558E-3,-5.96604E-3,-6.14081E-3,-4.97883E-3,-4.74761E-3,-5.61185E-3,-5.30632E-3,-4.57240E-3,-3.84467E-3,-4.39966E-3,-4.05912E-3,-3.49778E-3,-4.33214E-3,-4.50286E-3,-6.08298E-3,-4.92868E-3,-5.59916E-3,-6.37530E-3,-7.37296E-3,-7.40397E-3,-6.79710E-3,-8.55937E-3,-7.11028E-3,-5.41588E-3,-7.47765E-3
9.77505E+2,-9.76437E-4,-1.06997E-3,-1.01456E-3,1.14217E-3,4.68752E-4,3.30357E-5,8.99625E-4,-8.65640E-4,-1.79256E-4,-1.26446E-3,-3.87452E-4,-9.07971E-5,-2.04226E-4,1.18091E-3,2.32831E-3,2.44724E-3,4.02082E-3,5.32899E-3,6.73317E-3,1.12891E-2,1.44006E-2,1.53441E-2,1.92368E-2,2.13393E-2,2.17725E-2,2.33898E-2,2.45417E-2,2.39834E-2,2.45771E-2,2.34782E-2,2.36755E-2,2.40531E-2,2.30006E-2,2.34467E-2,2.35348E-2,2.29058E-2,2.30219E-2,2.29983E-2,2.16450E-2,2.19276E-2,2.22064E-2,2.18273E-2,2.11486E-2,2.25122E-2,2.15825E-2,2.08455E-2,2.04814E-2,2.06841E-2,2.01534E-2,2.00369E-2,2.11068E-2,1.96059E-2,1.98626E-2,1.96590E-2,1.91517E-2,1.95232E-2,1.85173E-2,1.96050E-2,1.76957E-2,1.79143E-2,1.72773E-2,1.65511E-2,1.58918E-2,1.80104E-2,1.69836E-2,1.62465E-2,1.62017E-2,1.52907E-2,1.60352E-2,1.55038E-2,1.45001E-2,1.40774E-2,1.38830E-2,1.29817E-2,1.40995E-2,1.30256E-2,1.24839E-2,1.30387E-2,1.23336E-2,1.29255E-2,1.20817E-2,1.23032E-2,1.18076E-2,1.16801E-2,9.54758E-3,9.66333E-3,1.02086E-2,8.34458E-3,6.81088E-3,7.12251E-3,5.46133E-3,5.09575E-3,4.21013E-3,2.96611E-3,2.15432E-3,2.27388E-3,1.67813E-3,7.24416E-4,-2.77010E-5,-7.82927E-4,-1.22237E-3,-1.65858E-3,-2.22617E-3,-2.38012E-3,-3.53084E-3,-4.62545E-3,-3.99433E-3,-4.61665E-3,-4.65636E-3,-4.62763E-3,-6.26887E-3,-7.13489E-3,-7.15467E-3,-7.08277E-3,-6.65657E-3,-7.97747E-3,-7.06473E-3,-7.84049E-3,-7.92339E-3,-7.89159E-3,-7.76263E-3,-7.99472E-3,-8.55422E-3,-8.98990E-3,-7.92396E-3,-9.40455E-3,-8.43194E-3,-8.60456E-3,-7.94457E-3,-8.80387E-3,-7.94231E-3,-7.12249E-3,-8.32801E-3,-7.09172E-3,-8.74366E-3,-8.26318E-3,-7.27027E-3,-6.88112E-3,-7.91476E-3,-7.49938E-3,-7.20988E-3,-6.80398E-3,-6.70032E-3,-5.76553E-3,-6.09990E-3,-4.98238E-3,-4.56265E-3,-5.06361E-3,-3.48990E-3,-5.00649E-3,-3.61097E-3,-5.37068E-3,-4.13620E-3,-4.63911E-3,-4.44312E-3,-4.83842E-3,-5.03386E-3,-5.66172E-3,-5.61833E-3,-7.18892E-3,-6.50042E-3,-7.81259E-3,-7.85830E-3,-8.61661E-3,-6.38152E-3,-6.20195E-3,-7.11216E-3
9.80936E+2,-6.72081E-4,-8.08457E-5,-1.66392E-3,7.94673E-4,-1.27536E-5,1.04484E-4,1.46707E-3,-1.54004E-3,-3.32368E-4,-3.98684E-4,-2.54899E-4,-1.28907E-4,-4.27476E-4,8.95211E-4,2.25053E-3,2.68629E-3,3.93932E-3,4.98042E-3,7.64069E-3,1.22049E-2,1.37271E-2,1.57703E-2,1.90537E-2,2.08676E-2,2.19392E-2,2.37256E-2,2.44334E-2,2.38984E-2,2.52190E-2,2.46654E-2,2.43057E-2,2.41931E-2,2.30176E-2,2.45585E-2,2.30559E-2,2.28306E-2,2.38568E-2,2.30628E-2,2.18274E-2,2.17944E-2,2.23004E-2,2.30057E-2,2.16317E-2,2.26489E-2,2.17751E-2,2.18611E-2,2.04919E-2,2.06669E-2,1.94599E-2,1.93606E-2,2.04266E-2,2.02321E-2,2.02190E-2,1.93310E-2,1.89834E-2,1.92874E-2,1.79521E-2,1.90497E-2,1.73368E-2,1.85469E-2,1.77746E-2,1.63004E-2,1.65682E-2,1.71331E-2,1.69492E-2,1.69070E-2,1.66366E-2,1.57040E-2,1.49783E-2,1.43014E-2,1.48024E-2,1.45857E-2,1.44228E-2,1.36549E-2,1.45773E-2,1.38219E-2,1.28060E-2,1.37866E-2,1.24043E-2,1.21873E-2,1.28569E-2,1.26299E-2,1.19167E-2,1.11250E-2,9.81639E-3,1.05928E-2,1.03971E-2,8.36396E-3,7.19080E-3,7.13493E-3,5.12844E-3,5.39220E-3,4.15145E-3,3.48755E-3,2.80926E-3,2.03324E-3,1.39210E-3,9.66599E-4,4.29587E-4,-6.81897E-4,-6.69192E-4,-1.75646E-3,-1.96828E-3,-2.52767E-3,-2.46724E-3,-4.20802E-3,-5.30319E-3,-4.80650E-3,-4.97107E-3,-4.67788E-3,-5.58693E-3,-6.36613E-3,-7.58181E-3,-7.95606E-3,-6.58768E-3,-7.61590E-3,-7.21008E-3,-7.78333E-3,-7.62548E-3,-7.93442E-3,-7.10694E-3,-8.03355E-3,-8.14281E-3,-8.56026E-3,-7.73847E-3,-7.71838E-3,-8.46413E-3,-8.35748E-3,-7.78429E-3,-8.90839E-3,-7.44060E-3,-7.04656E-3,-7.71289E-3,-7.63595E-3,-8.91786E-3,-8.22551E-3,-7.41751E-3,-7.18598E-3,-7.78836E-3,-7.52883E-3,-6.91477E-3,-6.74569E-3,-7.43924E-3,-5.49708E-3,-5.51875E-3,-4.76753E-3,-4.90308E-3,-6.09273E-3,-4.18646E-3,-5.21505E-3,-3.47394E-3,-5.16705E-3,-4.02764E-3,-5.39063E-3,-5.06487E-3,-4.80358E-3,-4.87844E-3,-6.27677E-3,-5.77756E-3,-6.80268E-3,-6.88067E-3,-7.60320E-3,-7.27601E-3,-8.40243E-3,-6.94866E-3,-5.51434E-3,-6.97325E-3
9.84368E+2,-7.11895E-4,-6.08662E-4,-1.24868E-3,1.57245E-4,-9.22762E-5,-1.49593E-4,2.15547E-3,-1.26923E-3,1.16810E-4,-8.34962E-4,-3.44039E-4,-2.65207E-4,-5.64856E-4,1.55770E-3,2.10218E-3,2.28710E-3,3.73001E-3,5.59152E-3,7.15673E-3,1.15505E-2,1.33566E-2,1.53106E-2,1.92431E-2,2.01755E-2,2.24191E-2,2.38854E-2,2.43631E-2,2.42131E-2,2.55732E-2,2.40087E-2,2.38205E-2,2.34867E-2,2.24854E-2,2.46025E-2,2.29764E-2,2.24453E-2,2.35300E-2,2.26543E-2,2.14667E-2,2.17621E-2,2.25330E-2,2.20459E-2,2.19740E-2,2.22367E-2,2.07906E-2,2.12359E-2,2.04739E-2,2.08408E-2,1.97450E-2,2.00450E-2,2.08419E-2,1.93773E-2,2.04037E-2,1.95754E-2,1.84461E-2,1.91700E-2,1.85631E-2,1.90406E-2,1.87330E-2,1.86497E-2,1.75833E-2,1.67949E-2,1.67699E-2,1.76293E-2,1.70112E-2,1.62003E-2,1.64050E-2,1.50428E-2,1.53130E-2,1.52520E-2,1.43507E-2,1.53364E-2,1.51306E-2,1.41426E-2,1.39244E-2,1.30469E-2,1.23875E-2,1.36711E-2,1.21612E-2,1.18348E-2,1.27352E-2,1.23655E-2,1.13997E-2,1.09603E-2,9.59624E-3,9.77194E-3,1.02310E-2,8.57531E-3,7.85411E-3,6.66497E-3,5.58601E-3,5.38666E-3,4.16651E-3,3.49406E-3,2.71651E-3,1.83809E-3,1.23482E-3,1.69440E-3,3.55337E-4,-8.78506E-4,-6.84197E-4,-1.42549E-3,-1.97189E-3,-2.32385E-3,-3.08441E-3,-3.78578E-3,-5.01727E-3,-4.70217E-3,-4.95558E-3,-4.91507E-3,-5.23069E-3,-7.33350E-3,-7.77003E-3,-6.95769E-3,-6.78839E-3,-7.80822E-3,-7.33139E-3,-7.60038E-3,-7.96949E-3,-8.04697E-3,-7.51456E-3,-7.69120E-3,-8.28314E-3,-8.44810E-3,-6.99333E-3,-7.93091E-3,-8.30287E-3,-9.22152E-3,-7.15804E-3,-9.10846E-3,-7.39939E-3,-7.34625E-3,-8.19130E-3,-7.74642E-3,-8.31821E-3,-8.48309E-3,-7.60223E-3,-7.24208E-3,-7.54535E-3,-7.17873E-3,-6.98255E-3,-6.41773E-3,-7.39718E-3,-5.41320E-3,-5.25167E-3,-4.79040E-3,-5.22170E-3,-5.72425E-3,-4.84112E-3,-4.90432E-3,-3.47054E-3,-5.13165E-3,-4.66386E-3,-4.43915E-3,-4.92004E-3,-4.85362E-3,-4.91666E-3,-5.92704E-3,-5.43462E-3,-6.64870E-3,-6.16303E-3,-7.40469E-3,-7.48373E-3,-8.62449E-3,-7.43541E-3,-5.85971E-3,-7.02382E-3
9.87800E+2,-3.62238E-4,-7.23789E-4,-9.56655E-4,4.86696E-4,9.48318E-5,1.40759E-4,1.90122E-3,-1.38160E-3,-3.75517E-4,-3.33080E-4,-3.66957E-6,-8.78424E-4,-1.01243E-3,1.39525E-3,2.00864E-3,2.34414E-3,3.74896E-3,4.94723E-3,7.29225E-3,1.10998E-2,1.30201E-2,1.49001E-2,1.95242E-2,2.12613E-2,2.21349E-2,2.37189E-2,2.48416E-2,2.42559E-2,2.52251E-2,2.38798E-2,2.46422E-2,2.36426E-2,2.26284E-2,2.40958E-2,2.31032E-2,2.28487E-2,2.39954E-2,2.25316E-2,2.17522E-2,2.22898E-2,2.24189E-2,2.25909E-2,2.20577E-2,2.26854E-2,2.04137E-2,2.18744E-2,2.05834E-2,2.06399E-2,1.97264E-2,1.96809E-2,2.11091E-2,1.98853E-2,2.01912E-2,1.98173E-2,1.83983E-2,1.92021E-2,1.89397E-2,1.88889E-2,1.82092E-2,1.89488E-2,1.77598E-2,1.70950E-2,1.66149E-2,1.83180E-2,1.72805E-2,1.69035E-2,1.65006E-2,1.59485E-2,1.58273E-2,1.53835E-2,1.47158E-2,1.49160E-2,1.45298E-2,1.41059E-2,1.46062E-2,1.41564E-2,1.32565E-2,1.31011E-2,1.29192E-2,1.27206E-2,1.22752E-2,1.23341E-2,1.15745E-2,1.14492E-2,1.02070E-2,9.96866E-3,1.02876E-2,8.76454E-3,7.57781E-3,7.55835E-3,6.39612E-3,5.48961E-3,5.21224E-3,3.68346E-3,2.63776E-3,1.84982E-3,1.46731E-3,1.20623E-3,7.31434E-4,-2.42365E-4,-3.67048E-4,-1.86424E-3,-1.72837E-3,-1.80687E-3,-3.22077E-3,-3.88920E-3,-4.73332E-3,-5.27877E-3,-4.57792E-3,-5.08148E-3,-5.38891E-3,-6.46173E-3,-7.42384E-3,-6.70895E-3,-6.23357E-3,-7.69286E-3,-7.26904E-3,-7.44978E-3,-7.96509E-3,-7.92811E-3,-7.76104E-3,-7.78020E-3,-7.89828E-3,-8.00891E-3,-7.65258E-3,-8.28912E-3,-8.61160E-3,-9.24883E-3,-7.52075E-3,-9.30785E-3,-7.59256E-3,-7.15540E-3,-7.77060E-3,-7.52383E-3,-8.27493E-3,-8.44081E-3,-7.60915E-3,-6.52371E-3,-8.14468E-3,-7.15777E-3,-7.34892E-3,-6.90329E-3,-7.57028E-3,-5.64198E-3,-5.53334E-3,-4.79265E-3,-4.77297E-3,-6.16271E-3,-4.44891E-3,-4.63497E-3,-3.44965E-3,-4.72242E-3,-4.50152E-3,-4.97454E-3,-4.80976E-3,-5.29978E-3,-5.27882E-3,-5.77706E-3,-5.15590E-3,-6.25563E-3,-6.59051E-3,-8.01138E-3,-7.28910E-3,-8.31853E-3,-7.02459E-3,-6.12319E-3,-7.10336E-3
9.91233E+2,-7.71899E-4,-2.82729E-4,-1.47926E-3,5.88877E-4,-2.70740E-5,3.44787E-5,1.60220E-3,-1.23258E-3,-5.46446E-4,-2.02158E-4,-4.24264E-5,-4.13189E-4,-5.82894E-4,1.10577E-3,2.24934E-3,2.42343E-3,3.18413E-3,5.69619E-3,6.80930E-3,1.06045E-2,1.23920E-2,1.46108E-2,1.96027E-2,2.10238E-2,2.15512E-2,2.36926E-2,2.45644E-2,2.42404E-2,2.49500E-2,2.33685E-2,2.41124E-2,2.30301E-2,2.23388E-2,2.42152E-2,2.32243E-2,2.26006E-2,2.36933E-2,2.29788E-2,2.16829E-2,2.19429E-2,2.19580E-2,2.24444E-2,2.19950E-2,2.28512E-2,2.00564E-2,2.17293E-2,2.05489E-2,2.04006E-2,2.05658E-2,1.89274E-2,2.09363E-2,1.96035E-2,2.03499E-2,1.97344E-2,1.85357E-2,1.94202E-2,1.83281E-2,1.91836E-2,1.84995E-2,1.85777E-2,1.76751E-2,1.65401E-2,1.62140E-2,1.80202E-2,1.70030E-2,1.71003E-2,1.64758E-2,1.53216E-2,1.57639E-2,1.57121E-2,1.47085E-2,1.53212E-2,1.50879E-2,1.40359E-2,1.41259E-2,1.37824E-2,1.26600E-2,1.35271E-2,1.26380E-2,1.22967E-2,1.19597E-2,1.22674E-2,1.19164E-2,1.15634E-2,9.98359E-3,9.80516E-3,1.00575E-2,8.80667E-3,7.27315E-3,7.13905E-3,6.04726E-3,5.35410E-3,4.66513E-3,3.70735E-3,2.63259E-3,2.61985E-3,1.46074E-3,1.45837E-3,6.96158E-4,-5.34551E-4,-5.63282E-4,-2.08434E-3,-1.69188E-3,-1.71583E-3,-2.53189E-3,-3.36923E-3,-4.84426E-3,-4.70287E-3,-4.93860E-3,-5.11206E-3,-5.49058E-3,-6.33343E-3,-7.58848E-3,-6.80400E-3,-5.75368E-3,-7.89196E-3,-7.17629E-3,-7.19861E-3,-7.88334E-3,-8.29224E-3,-7.62506E-3,-7.92120E-3,-7.91144E-3,-8.52893E-3,-7.36084E-3,-8.33956E-3,-8.48960E-3,-9.06508E-3,-7.90083E-3,-9.04434E-3,-7.23661E-3,-7.38380E-3,-8.09145E-3,-7.79323E-3,-8.30304E-3,-8.21220E-3,-7.60230E-3,-6.55992E-3,-7.52655E-3,-7.14671E-3,-6.83219E-3,-6.56933E-3,-7.21221E-3,-5.73312E-3,-5.55457E-3,-4.87343E-3,-4.38682E-3,-6.06971E-3,-4.85955E-3,-4.68893E-3,-3.73423E-3,-4.98871E-3,-4.31297E-3,-4.88741E-3,-5.14478E-3,-4.79337E-3,-5.15149E-3,-5.92535E-3,-5.11717E-3,-6.23371E-3,-7.00437E-3,-7.49873E-3,-7.33080E-3,-8.75126E-3,-6.99964E-3,-6.36433E-3,-6.89463E-3
9.94667E+2,-3.21018E-4,-6.66986E-4,-1.35831E-3,4.53434E-4,-4.05854E-4,3.50425E-4,1.85660E-3,-1.17495E-3,-1.52722E-4,-2.17817E-4,-9.24805E-5,-3.16850E-4,-4.57999E-4,8.34430E-4,1.67011E-3,2.41246E-3,3.63806E-3,5.05702E-3,7.20453E-3,1.14266E-2,1.33962E-2,1.52177E-2,1.94165E-2,2.10691E-2,2.19183E-2,2.41605E-2,2.41730E-2,2.41077E-2,2.45394E-2,2.37657E-2,2.36805E-2,2.25321E-2,2.19629E-2,2.38187E-2,2.27275E-2,2.24290E-2,2.30315E-2,2.27010E-2,2.12947E-2,2.16837E-2,2.17357E-2,2.25390E-2,2.16121E-2,2.29025E-2,2.03023E-2,2.14179E-2,2.01504E-2,2.02159E-2,1.99154E-2,1.92286E-2,2.09208E-2,1.94781E-2,1.99893E-2,1.97780E-2,1.84307E-2,1.89209E-2,1.80677E-2,1.89251E-2,1.81337E-2,1.83075E-2,1.75259E-2,1.66340E-2,1.62321E-2,1.77595E-2,1.69791E-2,1.66543E-2,1.64896E-2,1.51647E-2,1.54804E-2,1.56145E-2,1.42291E-2,1.47264E-2,1.47349E-2,1.41559E-2,1.40881E-2,1.35472E-2,1.25603E-2,1.36231E-2,1.28171E-2,1.23001E-2,1.21820E-2,1.22586E-2,1.19855E-2,1.17342E-2,9.98737E-3,9.47555E-3,9.83621E-3,8.51309E-3,7.23467E-3,7.23223E-3,6.19488E-3,5.55299E-3,4.61801E-3,3.88063E-3,2.63297E-3,2.27459E-3,1.47871E-3,1.44972E-3,7.13321E-4,-4.52208E-4,-1.77699E-4,-1.94915E-3,-1.68492E-3,-2.23102E-3,-2.95651E-3,-3.75612E-3,-4.43117E-3,-5.01252E-3,-4.98174E-3,-5.26687E-3,-5.59047E-3,-6.39122E-3,-7.58063E-3,-7.12933E-3,-5.67425E-3,-7.94631E-3,-7.22574E-3,-7.32873E-3,-8.03557E-3,-8.23530E-3,-7.47504E-3,-7.62807E-3,-7.73874E-3,-8.83049E-3,-7.71472E-3,-8.31893E-3,-8.60771E-3,-8.84605E-3,-7.18180E-3,-8.91740E-3,-7.24784E-3,-7.05088E-3,-8.04195E-3,-7.41896E-3,-8.18643E-3,-8.31410E-3,-7.49899E-3,-6.67012E-3,-7.55558E-3,-7.29368E-3,-7.02975E-3,-7.18268E-3,-7.37362E-3,-5.74267E-3,-5.61620E-3,-4.71372E-3,-4.70149E-3,-5.52890E-3,-4.56842E-3,-4.49876E-3,-3.54360E-3,-4.61406E-3,-4.57368E-3,-4.63359E-3,-4.84207E-3,-4.54835E-3,-5.37079E-3,-5.89486E-3,-4.90210E-3,-6.48117E-3,-6.65922E-3,-7.76013E-3,-7.31858E-3,-8.57346E-3,-7.07865E-3,-6.54763E-3,-7.27709E-3
9.98102E+2,-3.23881E-4,-3.33182E-4,-1.23451E-3,1.39275E-4,-2.51240E-4,7.15495E-5,1.57190E-3,-1.11456E-3,-5.59725E-5,-1.28268E-4,-1.63474E-4,-2.74231E-4,-5.69553E-4,1.09781E-3,1.56832E-3,2.23838E-3,3.86091E-3,5.20203E-3,7.39819E-3,1.13955E-2,1.35117E-2,1.57895E-2,1.94561E-2,2.10763E-2,2.17927E-2,2.39363E-2,2.38892E-2,2.38561E-2,2.47998E-2,2.32734E-2,2.37901E-2,2.28243E-2,2.19068E-2,2.35430E-2,2.24995E-2,2.26159E-2,2.30520E-2,2.19109E-2,2.06844E-2,2.16717E-2,2.15593E-2,2.23513E-2,2.14624E-2,2.23152E-2,2.01784E-2,2.15131E-2,1.99584E-2,2.03170E-2,1.98020E-2,1.90649E-2,2.08700E-2,1.93350E-2,1.98392E-2,1.95531E-2,1.84301E-2,1.86144E-2,1.79446E-2,1.89045E-2,1.79421E-2,1.84018E-2,1.72641E-2,1.64698E-2,1.62076E-2,1.78983E-2,1.69805E-2,1.65530E-2,1.62855E-2,1.50789E-2,1.51051E-2,1.54182E-2,1.47260E-2,1.50592E-2,1.50633E-2,1.42659E-2,1.45633E-2,1.35257E-2,1.24162E-2,1.36415E-2,1.27341E-2,1.22736E-2,1.20821E-2,1.23002E-2,1.14991E-2,1.17678E-2,9.73757E-3,9.57387E-3,9.91585E-3,8.82572E-3,7.54211E-3,7.07775E-3,5.99288E-3,5.87029E-3,4.82914E-3,4.07346E-3,2.41460E-3,2.26553E-3,1.39742E-3,1.62642E-3,1.15801E-3,-5.69910E-4,-2.77160E-4,-2.24550E-3,-1.72467E-3,-1.99857E-3,-2.24089E-3,-3.57303E-3,-4.59193E-3,-4.97094E-3,-4.71425E-3,-4.96314E-3,-5.64918E-3,-6.37313E-3,-7.26794E-3,-6.59599E-3,-5.74431E-3,-7.61048E-3,-7.33051E-3,-7.64074E-3,-8.13295E-3,-8.45347E-3,-7.19820E-3,-7.75569E-3,-8.09834E-3,-8.49098E-3,-7.47049E-3,-8.03411E-3,-8.66338E-3,-8.84739E-3,-7.67054E-3,-8.84726E-3,-7.31796E-3,-7.26276E-3,-8.20112E-3,-7.70237E-3,-8.27320E-3,-8.18353E-3,-7.67719E-3,-6.53789E-3,-7.22540E-3,-6.87266E-3,-7.14159E-3,-6.92179E-3,-7.38162E-3,-5.28653E-3,-5.21193E-3,-4.69777E-3,-4.57925E-3,-5.67769E-3,-4.75854E-3,-4.22396E-3,-3.44889E-3,-4.44496E-3,-4.12347E-3,-4.86252E-3,-4.88296E-3,-5.16944E-3,-4.98530E-3,-5.93155E-3,-4.90762E-3,-6.38979E-3,-6.75914E-3,-7.70682E-3,-7.24576E-3,-8.11491E-3,-6.95022E-3,-6.25626E-3,-6.83660E-3
1.00154E+3,-7.48211E-4,-4.69033E-4,-1.22171E-3,-9.95764E-6,-2.71115E-4,-9.75955E-5,1.85624E-3,-8.66708E-4,1.08500E-4,1.49344E-4,-2.76349E-4,1.59371E-4,-7.99787E-4,1.09327E-3,1.39375E-3,2.08614E-3,3.94221E-3,5.00109E-3,7.58453E-3,1.13199E-2,1.30491E-2,1.57451E-2,1.92561E-2,2.06254E-2,2.14419E-2,2.35896E-2,2.36073E-2,2.36580E-2,2.44263E-2,2.33632E-2,2.37101E-2,2.26221E-2,2.19608E-2,2.34605E-2,2.23637E-2,2.26198E-2,2.28225E-2,2.19643E-2,2.08699E-2,2.13180E-2,2.15230E-2,2.24010E-2,2.13519E-2,2.25704E-2,2.01843E-2,2.09762E-2,1.99515E-2,1.98884E-2,2.03406E-2,1.94145E-2,2.09519E-2,1.92221E-2,1.98364E-2,1.93174E-2,1.82643E-2,1.86649E-2,1.86350E-2,1.88557E-2,1.80797E-2,1.85495E-2,1.73464E-2,1.65763E-2,1.64152E-2,1.79843E-2,1.71710E-2,1.67158E-2,1.61201E-2,1.54617E-2,1.52578E-2,1.53785E-2,1.45698E-2,1.53386E-2,1.52486E-2,1.45965E-2,1.44511E-2,1.37824E-2,1.27627E-2,1.34454E-2,1.28482E-2,1.26293E-2,1.26366E-2,1.24344E-2,1.18881E-2,1.17580E-2,1.01217E-2,9.85165E-3,9.94624E-3,8.90468E-3,7.37514E-3,7.21388E-3,6.27586E-3,5.69244E-3,4.89744E-3,4.00961E-3,2.67200E-3,2.14430E-3,1.54838E-3,2.05374E-3,1.23044E-3,-7.63080E-4,-3.12469E-4,-2.40592E-3,-1.27228E-3,-1.74243E-3,-2.36759E-3,-3.74422E-3,-4.57444E-3,-4.98773E-3,-4.86115E-3,-5.11158E-3,-5.65545E-3,-6.68695E-3,-7.19627E-3,-6.63964E-3,-5.68654E-3,-7.65071E-3,-7.40481E-3,-7.21244E-3,-7.82529E-3,-8.55190E-3,-7.60244E-3,-7.76580E-3,-7.63104E-3,-8.74363E-3,-7.47185E-3,-8.15534E-3,-8.93244E-3,-8.94420E-3,-7.33156E-3,-9.10619E-3,-7.62381E-3,-7.37111E-3,-8.17523E-3,-7.81263E-3,-8.09206E-3,-8.32265E-3,-7.61921E-3,-6.74243E-3,-7.36102E-3,-7.14318E-3,-6.82859E-3,-7.01143E-3,-7.40756E-3,-5.46379E-3,-5.46726E-3,-4.99150E-3,-4.26549E-3,-5.46051E-3,-4.86288E-3,-4.34344E-3,-3.58351E-3,-4.89875E-3,-4.18272E-3,-5.02855E-3,-4.66833E-3,-4.75375E-3,-4.79519E-3,-6.05510E-3,-5.12883E-3,-6.24905E-3,-6.67412E-3,-7.52228E-3,-7.36475E-3,-7.98224E-3,-7.20795E-3,-6.40424E-3,-6.62831E-3
1.00497E+3,-7.11047E-4,-3.26049E-4,-1.18213E-3,-1.34869E-5,-2.74104E-4,-3.71972E-6,1.76787E-3,-5.99243E-4,8.99954E-5,2.20785E-4,-2.51450E-4,1.21246E-4,-8.83653E-4,9.34943E-4,1.11004E-3,1.93735E-3,3.92404E-3,4.94221E-3,7.83214E-3,1.16492E-2,1.34202E-2,1.62840E-2,1.95276E-2,2.08373E-2,2.14497E-2,2.35297E-2,2.38757E-2,2.34823E-2,2.44270E-2,2.30172E-2,2.32441E-2,2.23509E-2,2.16519E-2,2.34872E-2,2.22045E-2,2.21061E-2,2.25250E-2,2.16694E-2,2.07278E-2,2.14915E-2,2.11269E-2,2.21152E-2,2.11252E-2,2.19681E-2,1.97559E-2,2.10218E-2,1.94891E-2,1.99112E-2,1.98331E-2,1.89123E-2,2.08311E-2,1.92428E-2,1.97282E-2,1.93265E-2,1.81751E-2,1.84927E-2,1.80813E-2,1.89056E-2,1.81984E-2,1.81367E-2,1.74135E-2,1.67952E-2,1.63276E-2,1.79443E-2,1.72930E-2,1.68074E-2,1.59931E-2,1.55500E-2,1.52649E-2,1.55305E-2,1.43606E-2,1.52353E-2,1.49401E-2,1.43743E-2,1.44244E-2,1.40331E-2,1.26656E-2,1.37213E-2,1.28728E-2,1.25865E-2,1.24147E-2,1.24942E-2,1.17011E-2,1.19387E-2,1.00430E-2,9.73351E-3,9.95810E-3,8.68339E-3,7.40313E-3,7.26813E-3,6.39878E-3,5.84704E-3,4.98302E-3,4.21640E-3,2.91724E-3,2.28964E-3,1.59616E-3,1.94801E-3,1.24850E-3,-2.97429E-4,-2.30047E-4,-2.31717E-3,-1.39100E-3,-1.83880E-3,-2.41739E-3,-3.55665E-3,-4.46448E-3,-4.80936E-3,-4.95438E-3,-5.14132E-3,-5.72840E-3,-6.20660E-3,-7.27384E-3,-6.32206E-3,-5.75047E-3,-7.60788E-3,-7.37476E-3,-7.60577E-3,-8.38300E-3,-8.51993E-3,-7.40559E-3,-7.96812E-3,-7.58591E-3,-8.81208E-3,-7.59331E-3,-8.21744E-3,-8.87782E-3,-9.07480E-3,-7.24479E-3,-9.11634E-3,-7.44262E-3,-7.34528E-3,-8.08891E-3,-7.78374E-3,-8.28509E-3,-8.20580E-3,-7.48699E-3,-6.69266E-3,-7.67675E-3,-7.00880E-3,-6.93012E-3,-7.10925E-3,-7.41383E-3,-5.52742E-3,-5.50438E-3,-5.04282E-3,-4.13718E-3,-5.39197E-3,-4.80659E-3,-4.40232E-3,-3.64085E-3,-4.56156E-3,-4.39619E-3,-5.12270E-3,-4.69537E-3,-5.04420E-3,-4.74062E-3,-6.12539E-3,-5.30797E-3,-6.53228E-3,-6.81193E-3,-7.85048E-3,-7.21201E-3,-8.03449E-3,-7.22981E-3,-6.41166E-3,-6.65068E-3
1.00841E+3,-6.24235E-4,-2.02052E-4,-1.22792E-3,-5.34030E-5,-2.92561E-4,6.81114E-5,1.53637E-3,-6.91106E-4,3.35807E-4,4.06676E-7,-4.09120E-4,2.63995E-4,-5.94243E-4,7.62322E-4,1.12762E-3,2.00980E-3,3.76549E-3,5.11858E-3,8.02566E-3,1.16416E-2,1.32582E-2,1.63799E-2,1.94306E-2,2.06639E-2,2.09986E-2,2.33366E-2,2.33026E-2,2.33114E-2,2.40682E-2,2.27828E-2,2.30509E-2,2.25567E-2,2.15949E-2,2.34926E-2,2.22679E-2,2.21401E-2,2.24506E-2,2.15644E-2,2.04510E-2,2.12724E-2,2.10358E-2,2.21005E-2,2.12726E-2,2.19121E-2,2.01452E-2,2.09816E-2,1.94230E-2,1.98782E-2,2.01408E-2,1.90669E-2,2.11639E-2,1.91552E-2,1.96493E-2,1.93252E-2,1.81425E-2,1.85959E-2,1.83720E-2,1.87135E-2,1.82032E-2,1.81374E-2,1.74447E-2,1.67203E-2,1.63511E-2,1.79133E-2,1.70826E-2,1.69012E-2,1.59068E-2,1.55144E-2,1.52930E-2,1.55065E-2,1.46859E-2,1.50053E-2,1.50765E-2,1.44162E-2,1.44483E-2,1.42131E-2,1.27324E-2,1.37526E-2,1.28480E-2,1.25851E-2,1.25064E-2,1.24673E-2,1.16851E-2,1.20418E-2,1.02402E-2,9.78251E-3,1.00332E-2,8.95035E-3,7.61509E-3,7.16039E-3,6.28454E-3,5.71458E-3,4.99457E-3,4.10746E-3,2.68724E-3,2.38240E-3,1.46507E-3,2.00704E-3,1.28377E-3,-5.74322E-4,-3.25805E-4,-2.29503E-3,-1.43412E-3,-1.83430E-3,-2.45265E-3,-3.62618E-3,-4.29497E-3,-4.83993E-3,-4.98506E-3,-5.15981E-3,-5.82808E-3,-6.41775E-3,-6.97799E-3,-6.28914E-3,-5.73734E-3,-7.23760E-3,-7.37075E-3,-7.39675E-3,-8.24359E-3,-8.47546E-3,-7.56729E-3,-7.81107E-3,-7.70210E-3,-8.71832E-3,-7.59239E-3,-8.20507E-3,-8.81815E-3,-8.82855E-3,-7.57496E-3,-9.21729E-3,-7.59368E-3,-7.56205E-3,-8.19408E-3,-7.94226E-3,-8.29925E-3,-8.14567E-3,-7.72413E-3,-6.98182E-3,-7.50217E-3,-7.07325E-3,-6.88617E-3,-7.05131E-3,-7.40318E-3,-5.70879E-3,-5.55439E-3,-4.76629E-3,-4.36331E-3,-5.28593E-3,-4.91593E-3,-4.22835E-3,-3.69373E-3,-4.61265E-3,-4.34220E-3,-5.08246E-3,-4.60989E-3,-4.76867E-3,-4.96007E-3,-5.73670E-3,-5.18460E-3,-6.13828E-3,-6.85661E-3,-7.73743E-3,-7.18242E-3,-8.27455E-3,-7.22326E-3,-6.30966E-3,-6.50127E-3
1.01185E+3,-6.30978E-4,-2.53030E-4,-9.47281E-4,2.41090E-5,-5.35663E-4,-2.78454E-4,1.52204E-3,-5.03406E-4,3.41276E-4,1.72434E-4,-3.24816E-4,3.72433E-4,-7.18393E-4,6.05891E-4,1.15384E-3,1.81012E-3,3.77617E-3,5.16225E-3,8.09371E-3,1.13954E-2,1.32373E-2,1.70823E-2,1.90478E-2,2.01555E-2,2.06591E-2,2.29619E-2,2.29689E-2,2.29431E-2,2.39258E-2,2.26296E-2,2.28393E-2,2.21666E-2,2.16008E-2,2.32581E-2,2.19459E-2,2.18433E-2,2.19239E-2,2.13836E-2,2.05789E-2,2.09317E-2,2.07932E-2,2.19177E-2,2.09145E-2,2.16702E-2,1.98315E-2,2.07031E-2,1.93226E-2,1.98544E-2,2.00223E-2,1.92517E-2,2.10236E-2,1.92093E-2,1.97192E-2,1.92023E-2,1.80846E-2,1.86026E-2,1.83247E-2,1.85368E-2,1.81644E-2,1.80218E-2,1.72470E-2,1.67397E-2,1.63979E-2,1.76570E-2,1.68357E-2,1.69644E-2,1.58774E-2,1.53698E-2,1.52449E-2,1.55661E-2,1.45698E-2,1.51901E-2,1.51609E-2,1.42635E-2,1.44135E-2,1.43686E-2,1.27801E-2,1.37828E-2,1.29134E-2,1.27718E-2,1.26442E-2,1.23073E-2,1.16545E-2,1.17786E-2,1.04706E-2,9.78237E-3,1.00129E-2,9.08181E-3,7.51963E-3,7.22465E-3,6.49939E-3,5.78384E-3,5.13755E-3,4.36219E-3,2.81088E-3,2.44670E-3,1.62131E-3,2.08069E-3,1.19059E-3,-6.19078E-4,-2.68998E-4,-2.19060E-3,-1.23106E-3,-1.73057E-3,-2.36757E-3,-3.73462E-3,-4.29627E-3,-4.71706E-3,-4.75707E-3,-5.09866E-3,-5.47531E-3,-6.45026E-3,-6.84314E-3,-6.18855E-3,-5.69342E-3,-7.50586E-3,-7.34430E-3,-7.24132E-3,-8.28587E-3,-8.20251E-3,-7.43777E-3,-7.90590E-3,-7.59723E-3,-8.57543E-3,-7.75317E-3,-8.27855E-3,-8.85206E-3,-8.86147E-3,-7.45512E-3,-9.11040E-3,-7.31964E-3,-7.42041E-3,-8.13112E-3,-7.73009E-3,-8.20893E-3,-8.11517E-3,-7.63700E-3,-7.03264E-3,-7.21998E-3,-7.00395E-3,-6.59975E-3,-7.11631E-3,-7.24106E-3,-5.69242E-3,-5.41935E-3,-4.85333E-3,-4.17558E-3,-5.25162E-3,-4.98614E-3,-4.24177E-3,-3.43105E-3,-4.57534E-3,-4.30527E-3,-4.87418E-3,-4.50112E-3,-4.90946E-3,-4.84008E-3,-5.68811E-3,-5.30423E-3,-6.32573E-3,-6.80454E-3,-7.55070E-3,-7.06442E-3,-8.21399E-3,-6.98519E-3,-6.37478E-3,-6.31131E-3
1.01529E+3,-6.78686E-4,-4.45632E-4,-8.36968E-4,1.80213E-5,-3.97058E-4,-7.79903E-5,1.34084E-3,-3.85250E-4,3.89575E-4,3.47911E-5,-2.14073E-4,2.02152E-4,-6.74646E-4,6.90211E-4,1.03472E-3,1.65198E-3,3.74424E-3,5.55248E-3,8.14750E-3,1.12157E-2,1.30120E-2,1.72859E-2,1.88388E-2,1.99322E-2,2.03841E-2,2.25502E-2,2.26686E-2,2.25377E-2,2.36315E-2,2.22328E-2,2.25605E-2,2.21271E-2,2.11393E-2,2.28562E-2,2.17522E-2,2.18103E-2,2.17208E-2,2.07578E-2,2.01954E-2,2.07016E-2,2.04760E-2,2.15483E-2,2.05406E-2,2.10275E-2,1.94669E-2,2.01859E-2,1.89824E-2,1.94377E-2,1.98265E-2,1.91652E-2,2.10052E-2,1.91216E-2,1.93354E-2,1.91582E-2,1.78697E-2,1.81914E-2,1.80072E-2,1.82326E-2,1.81489E-2,1.77572E-2,1.73091E-2,1.66505E-2,1.64378E-2,1.75451E-2,1.67569E-2,1.68367E-2,1.58391E-2,1.53538E-2,1.53395E-2,1.56313E-2,1.46431E-2,1.50705E-2,1.48619E-2,1.43054E-2,1.44647E-2,1.42821E-2,1.26377E-2,1.38346E-2,1.27164E-2,1.28501E-2,1.24719E-2,1.23072E-2,1.16248E-2,1.19238E-2,1.05387E-2,9.86910E-3,9.98788E-3,9.20520E-3,7.47726E-3,7.14466E-3,6.65737E-3,5.72366E-3,5.24374E-3,4.49648E-3,2.90925E-3,2.32663E-3,1.71634E-3,2.24447E-3,1.31870E-3,-5.25758E-4,-2.53871E-4,-2.21362E-3,-1.29085E-3,-1.70460E-3,-2.42059E-3,-3.65378E-3,-4.24038E-3,-4.89540E-3,-4.96278E-3,-4.94860E-3,-5.47379E-3,-6.29402E-3,-6.98892E-3,-6.14965E-3,-5.71666E-3,-7.20443E-3,-7.51110E-3,-7.26631E-3,-8.28425E-3,-8.49296E-3,-7.40815E-3,-7.85772E-3,-7.55391E-3,-8.70360E-3,-7.58423E-3,-8.32394E-3,-8.76330E-3,-8.83574E-3,-7.44815E-3,-9.04603E-3,-7.43476E-3,-7.43008E-3,-8.11255E-3,-7.85260E-3,-8.19101E-3,-7.91948E-3,-7.52055E-3,-6.95860E-3,-7.25490E-3,-7.24578E-3,-6.67791E-3,-7.12107E-3,-7.19406E-3,-5.60206E-3,-5.52229E-3,-4.91604E-3,-4.19921E-3,-5.19515E-3,-5.02350E-3,-3.92989E-3,-3.55437E-3,-4.43748E-3,-4.29261E-3,-4.96125E-3,-4.44779E-3,-4.62268E-3,-4.86633E-3,-5.48458E-3,-5.31677E-3,-6.20538E-3,-6.88240E-3,-7.57465E-3,-7.23309E-3,-8.03591E-3,-7.10636E-3,-6.14343E-3,-6.33578E-3
1.01872E+3,-5.59970E-4,-5.89237E-4,-7.66700E-4,2.42692E-5,-3.40335E-4,8.77284E-6,1.35659E-3,-2.85853E-4,4.82747E-4,1.00461E-4,-3.08460E-4,2.42217E-4,-7.07835E-4,4.22717E-4,9.20619E-4,1.59664E-3,3.62376E-3,5.40344E-3,8.10507E-3,1.07995E-2,1.24890E-2,1.72204E-2,1.80660E-2,1.93789E-2,1.98354E-2,2.20768E-2,2.23520E-2,2.21958E-2,2.31995E-2,2.20188E-2,2.22201E-2,2.18143E-2,2.11970E-2,2.25810E-2,2.14498E-2,2.15314E-2,2.16021E-2,2.06300E-2,2.00652E-2,2.04906E-2,2.01413E-2,2.11760E-2,2.03778E-2,2.08472E-2,1.96206E-2,2.02130E-2,1.90863E-2,1.93541E-2,1.95989E-2,1.91949E-2,2.11763E-2,1.90347E-2,1.94725E-2,1.89072E-2,1.80134E-2,1.81468E-2,1.81212E-2,1.80940E-2,1.81024E-2,1.77463E-2,1.72977E-2,1.65074E-2,1.63513E-2,1.74843E-2,1.67962E-2,1.68528E-2,1.57604E-2,1.55475E-2,1.52613E-2,1.58396E-2,1.47283E-2,1.51327E-2,1.49815E-2,1.44141E-2,1.43073E-2,1.44330E-2,1.26401E-2,1.39930E-2,1.29518E-2,1.28675E-2,1.27135E-2,1.25120E-2,1.16127E-2,1.21012E-2,1.05168E-2,9.96851E-3,1.03686E-2,9.28879E-3,7.66333E-3,7.20813E-3,6.75308E-3,5.70990E-3,5.47463E-3,4.67779E-3,3.00322E-3,2.57171E-3,2.06110E-3,2.30798E-3,1.53957E-3,-2.69434E-4,3.64293E-5,-2.02326E-3,-1.26155E-3,-1.62331E-3,-2.11247E-3,-3.76584E-3,-4.21505E-3,-4.60150E-3,-4.99452E-3,-4.77196E-3,-5.36465E-3,-6.42012E-3,-6.84191E-3,-5.95431E-3,-5.59625E-3,-7.36145E-3,-7.39288E-3,-7.19059E-3,-8.07474E-3,-8.23911E-3,-7.38342E-3,-7.65462E-3,-7.58015E-3,-8.57265E-3,-7.46272E-3,-8.33576E-3,-8.63450E-3,-8.81668E-3,-7.03937E-3,-8.86481E-3,-7.43154E-3,-7.29680E-3,-8.05778E-3,-7.68149E-3,-8.04743E-3,-7.83864E-3,-7.47525E-3,-6.78894E-3,-7.10141E-3,-7.12491E-3,-6.58895E-3,-7.04212E-3,-6.97279E-3,-5.70986E-3,-5.32032E-3,-4.87161E-3,-4.25755E-3,-4.87885E-3,-5.06300E-3,-3.96621E-3,-3.54244E-3,-4.39145E-3,-4.07182E-3,-4.95397E-3,-4.27560E-3,-4.84201E-3,-4.69640E-3,-5.33886E-3,-5.36356E-3,-6.14922E-3,-6.76023E-3,-7.19763E-3,-7.05089E-3,-7.95137E-3,-6.98981E-3,-6.07682E-3,-6.19631E-3
1.02216E+3,-5.89333E-4,-4.78996E-4,-8.13367E-4,-2.03499E-4,-3.22924E-4,-1.19872E-4,1.12176E-3,-8.12232E-5,6.17023E-4,4.99963E-5,-1.49111E-4,4.08829E-4,-6.57538E-4,4.35388E-4,7.82869E-4,1.46058E-3,3.52286E-3,5.72304E-3,7.85971E-3,1.05347E-2,1.23106E-2,1.74954E-2,1.77243E-2,1.90694E-2,1.94799E-2,2.17616E-2,2.20388E-2,2.16934E-2,2.28898E-2,2.14755E-2,2.18993E-2,2.16490E-2,2.09568E-2,2.24128E-2,2.13108E-2,2.12162E-2,2.10670E-2,2.04617E-2,1.98448E-2,2.02638E-2,2.00656E-2,2.06758E-2,1.98877E-2,2.05018E-2,1.93439E-2,1.97143E-2,1.88931E-2,1.90262E-2,1.94381E-2,1.89396E-2,2.07473E-2,1.87322E-2,1.91970E-2,1.86423E-2,1.78029E-2,1.81165E-2,1.79069E-2,1.79181E-2,1.79265E-2,1.73813E-2,1.71242E-2,1.63431E-2,1.62520E-2,1.72925E-2,1.64215E-2,1.66432E-2,1.55840E-2,1.54549E-2,1.50132E-2,1.57656E-2,1.45940E-2,1.51323E-2,1.46572E-2,1.43740E-2,1.41595E-2,1.44818E-2,1.25519E-2,1.38369E-2,1.28893E-2,1.29376E-2,1.27646E-2,1.23613E-2,1.16538E-2,1.19259E-2,1.06036E-2,1.01238E-2,1.00783E-2,9.34339E-3,7.54081E-3,7.21113E-3,6.74395E-3,5.61899E-3,5.48132E-3,4.79683E-3,3.10148E-3,2.47014E-3,2.17512E-3,2.32302E-3,1.41093E-3,-4.53682E-4,-2.38566E-4,-1.99818E-3,-1.54792E-3,-1.66587E-3,-2.32620E-3,-3.71567E-3,-4.06194E-3,-4.71165E-3,-4.95366E-3,-4.77556E-3,-5.39592E-3,-6.45843E-3,-6.71914E-3,-6.02078E-3,-5.67582E-3,-7.33281E-3,-7.43286E-3,-7.11853E-3,-8.19191E-3,-8.37486E-3,-7.30918E-3,-7.82358E-3,-7.55192E-3,-8.62111E-3,-7.46272E-3,-8.35156E-3,-8.47866E-3,-8.75000E-3,-7.20616E-3,-8.99078E-3,-7.42866E-3,-7.25630E-3,-8.04588E-3,-7.76302E-3,-8.08231E-3,-7.85547E-3,-7.48198E-3,-6.86230E-3,-7.05530E-3,-7.02543E-3,-6.58161E-3,-6.94314E-3,-6.81579E-3,-5.60436E-3,-5.44939E-3,-4.83658E-3,-4.34520E-3,-4.71332E-3,-4.95318E-3,-3.81365E-3,-3.34160E-3,-4.33379E-3,-3.92382E-3,-4.97346E-3,-4.19528E-3,-4.73046E-3,-4.58783E-3,-5.39912E-3,-5.50929E-3,-6.06538E-3,-6.73940E-3,-7.21595E-3,-7.13585E-3,-7.76006E-3,-6.81603E-3,-6.05759E-3,-6.19516E-3
1.02560E+3,-5.60013E-4,-5.05802E-4,-6.24820E-4,1.89502E-6,-3.57662E-4,-1.07866E-4,1.05682E-3,-7.22944E-5,6.16418E-4,-1.13230E-6,-1.29887E-4,2.38519E-4,-6.71672E-4,4.22049E-4,6.95443E-4,1.51657E-3,3.35750E-3,5.80447E-3,7.79707E-3,1.03427E-2,1.20404E-2,1.70988E-2,1.72379E-2,1.86528E-2,1.91193E-2,2.12314E-2,2.15077E-2,2.12428E-2,2.23397E-2,2.10787E-2,2.15669E-2,2.12243E-2,2.05384E-2,2.17745E-2,2.07424E-2,2.05888E-2,2.04646E-2,1.99940E-2,1.95440E-2,1.98061E-2,1.95309E-2,2.01971E-2,1.95667E-2,2.01561E-2,1.92953E-2,1.92399E-2,1.86283E-2,1.89221E-2,1.90147E-2,1.88634E-2,2.05816E-2,1.86760E-2,1.88862E-2,1.82831E-2,1.75428E-2,1.75689E-2,1.76715E-2,1.74755E-2,1.76904E-2,1.71414E-2,1.67512E-2,1.61274E-2,1.58943E-2,1.69726E-2,1.62739E-2,1.65320E-2,1.52888E-2,1.52018E-2,1.48875E-2,1.55119E-2,1.45852E-2,1.47853E-2,1.44182E-2,1.41197E-2,1.41679E-2,1.41946E-2,1.25965E-2,1.37906E-2,1.27335E-2,1.28098E-2,1.26237E-2,1.21954E-2,1.14446E-2,1.16424E-2,1.05239E-2,1.00047E-2,1.00282E-2,9.28913E-3,7.51701E-3,7.10215E-3,6.60356E-3,5.43959E-3,5.33981E-3,4.87151E-3,3.16667E-3,2.48625E-3,1.96307E-3,2.24683E-3,1.35692E-3,-3.11385E-4,-1.56551E-4,-1.91277E-3,-1.50222E-3,-1.56201E-3,-2.36389E-3,-3.70250E-3,-4.03727E-3,-4.64727E-3,-4.98754E-3,-4.72618E-3,-5.29386E-3,-6.36718E-3,-6.55141E-3,-5.99486E-3,-5.65006E-3,-6.96904E-3,-7.38321E-3,-7.11264E-3,-8.10527E-3,-8.18026E-3,-7.37272E-3,-7.90514E-3,-7.52481E-3,-8.54969E-3,-7.48137E-3,-8.42806E-3,-8.40067E-3,-8.73780E-3,-7.29391E-3,-8.75206E-3,-7.46433E-3,-7.21686E-3,-7.90200E-3,-7.62624E-3,-8.00317E-3,-7.83874E-3,-7.43749E-3,-6.92796E-3,-6.91907E-3,-7.06831E-3,-6.52986E-3,-6.97373E-3,-6.63151E-3,-5.61832E-3,-5.29169E-3,-4.90135E-3,-4.11809E-3,-4.69403E-3,-4.89431E-3,-3.85991E-3,-3.30862E-3,-4.31921E-3,-3.88959E-3,-4.76443E-3,-4.17080E-3,-4.61375E-3,-4.61313E-3,-5.26796E-3,-5.47004E-3,-6.02882E-3,-6.63532E-3,-7.12835E-3,-7.15005E-3,-7.72089E-3,-6.74149E-3,-5.90236E-3,-6.08022E-3
1.02904E+3,-4.66061E-4,-4.67714E-4,-6.44779E-4,-4.23589E-6,-4.02779E-4,-1.08140E-4,9.02834E-4,-6.91089E-5,5.02404E-4,7.49773E-5,-1.01442E-4,3.16123E-4,-6.96534E-4,4.70984E-4,6.93471E-4,1.46158E-3,3.14607E-3,5.96880E-3,7.53055E-3,9.85102E-3,1.16525E-2,1.66933E-2,1.66773E-2,1.81449E-2,1.86520E-2,2.07779E-2,2.12313E-2,2.08918E-2,2.21094E-2,2.10639E-2,2.13488E-2,2.10269E-2,2.04639E-2,2.16445E-2,2.04648E-2,2.07020E-2,2.04385E-2,1.98452E-2,1.94059E-2,1.98801E-2,1.96795E-2,2.00779E-2,1.94732E-2,1.99215E-2,1.93041E-2,1.93489E-2,1.86943E-2,1.88640E-2,1.89734E-2,1.90709E-2,2.04553E-2,1.85417E-2,1.87481E-2,1.82726E-2,1.75953E-2,1.78049E-2,1.75144E-2,1.75093E-2,1.75915E-2,1.71673E-2,1.68477E-2,1.62592E-2,1.59926E-2,1.70283E-2,1.63874E-2,1.64479E-2,1.54318E-2,1.53072E-2,1.50462E-2,1.56181E-2,1.45222E-2,1.49916E-2,1.44044E-2,1.42362E-2,1.41835E-2,1.43353E-2,1.27385E-2,1.39417E-2,1.28180E-2,1.28138E-2,1.27062E-2,1.23159E-2,1.16020E-2,1.18486E-2,1.06299E-2,1.01594E-2,1.01065E-2,9.35353E-3,7.51231E-3,7.43440E-3,7.01471E-3,5.56357E-3,5.46890E-3,4.89800E-3,3.22341E-3,2.72119E-3,2.20769E-3,2.39472E-3,1.38924E-3,-2.09751E-4,6.60271E-5,-1.74419E-3,-1.42760E-3,-1.54545E-3,-2.29957E-3,-3.57454E-3,-3.94701E-3,-4.47856E-3,-4.88589E-3,-4.65903E-3,-5.19820E-3,-6.13826E-3,-6.60057E-3,-5.94984E-3,-5.54541E-3,-6.98194E-3,-7.29467E-3,-7.01536E-3,-7.95059E-3,-8.06440E-3,-7.21477E-3,-7.73775E-3,-7.51400E-3,-8.31963E-3,-7.38909E-3,-8.22217E-3,-8.27245E-3,-8.57646E-3,-7.17271E-3,-8.59425E-3,-7.51986E-3,-7.20390E-3,-7.92922E-3,-7.51447E-3,-7.93079E-3,-7.75274E-3,-7.33430E-3,-6.84346E-3,-6.96643E-3,-6.89876E-3,-6.61840E-3,-6.86545E-3,-6.45592E-3,-5.56894E-3,-5.23434E-3,-4.86157E-3,-4.22665E-3,-4.52073E-3,-4.61621E-3,-3.74927E-3,-3.29841E-3,-4.16025E-3,-3.81517E-3,-4.54365E-3,-4.07359E-3,-4.44709E-3,-4.58335E-3,-5.16840E-3,-5.35015E-3,-5.82178E-3,-6.44465E-3,-6.95672E-3,-7.14043E-3,-7.47097E-3,-6.67198E-3,-5.80209E-3,-5.80523E-3
1.03249E+3,-4.23125E-4,-3.70614E-4,-5.03368E-4,-1.25481E-5,-3.91908E-4,-4.85785E-5,8.69399E-4,-4.20594E-5,4.38930E-4,7.36705E-5,-1.27275E-4,2.91739E-4,-6.71529E-4,3.23192E-4,5.94076E-4,1.35063E-3,2.89643E-3,5.99450E-3,7.18068E-3,9.52011E-3,1.11667E-2,1.62279E-2,1.62605E-2,1.76295E-2,1.83008E-2,2.04235E-2,2.07255E-2,2.04743E-2,2.18343E-2,2.05875E-2,2.10389E-2,2.06873E-2,2.02438E-2,2.14409E-2,2.01341E-2,2.01529E-2,2.02386E-2,1.95766E-2,1.93991E-2,1.95933E-2,1.95041E-2,1.98140E-2,1.94267E-2,1.97847E-2,1.91315E-2,1.90284E-2,1.84588E-2,1.87556E-2,1.87592E-2,1.89099E-2,2.01300E-2,1.83819E-2,1.86305E-2,1.80184E-2,1.74727E-2,1.76650E-2,1.74538E-2,1.73260E-2,1.75145E-2,1.72297E-2,1.66120E-2,1.62952E-2,1.58821E-2,1.67659E-2,1.61712E-2,1.63133E-2,1.52129E-2,1.52287E-2,1.49266E-2,1.55343E-2,1.45893E-2,1.49605E-2,1.44052E-2,1.43945E-2,1.41327E-2,1.42724E-2,1.25546E-2,1.37776E-2,1.28002E-2,1.29383E-2,1.27311E-2,1.22933E-2,1.14958E-2,1.17210E-2,1.07940E-2,1.00854E-2,1.01078E-2,9.38736E-3,7.59558E-3,7.36825E-3,6.93898E-3,5.43842E-3,5.43025E-3,4.96913E-3,3.22990E-3,2.76087E-3,2.28757E-3,2.43615E-3,1.46909E-3,-9.39936E-5,1.92360E-4,-1.72403E-3,-1.40290E-3,-1.57546E-3,-2.15070E-3,-3.47526E-3,-3.96766E-3,-4.40348E-3,-4.76184E-3,-4.70599E-3,-5.01654E-3,-6.03518E-3,-6.52973E-3,-5.88459E-3,-5.59731E-3,-6.97374E-3,-7.30684E-3,-7.00789E-3,-7.83062E-3,-8.00082E-3,-7.27773E-3,-7.60560E-3,-7.55448E-3,-8.30522E-3,-7.39179E-3,-8.17439E-3,-8.21653E-3,-8.56593E-3,-7.07706E-3,-8.56402E-3,-7.48586E-3,-7.10055E-3,-7.69648E-3,-7.55931E-3,-7.86750E-3,-7.82103E-3,-7.35412E-3,-6.81719E-3,-6.98828E-3,-6.90237E-3,-6.52199E-3,-6.79793E-3,-6.37852E-3,-5.58055E-3,-5.20744E-3,-4.71063E-3,-4.17932E-3,-4.56546E-3,-4.61308E-3,-3.76118E-3,-3.34910E-3,-4.12364E-3,-3.69061E-3,-4.44381E-3,-4.07400E-3,-4.39919E-3,-4.55703E-3,-5.06533E-3,-5.35106E-3,-5.81329E-3,-6.43948E-3,-6.91744E-3,-7.16760E-3,-7.52629E-3,-6.72263E-3,-5.79937E-3,-5.90000E-3
1.03593E+3,-3.94183E-4,-4.05865E-4,-3.93104E-4,4.48451E-6,-2.37861E-4,1.48902E-5,9.85787E-4,-6.79068E-5,4.06416E-4,-9.88697E-5,-1.43422E-4,1.52590E-4,-6.40852E-4,2.76065E-4,5.41831E-4,1.25115E-3,2.70588E-3,6.06781E-3,7.06535E-3,9.03006E-3,1.09944E-2,1.59461E-2,1.60362E-2,1.74171E-2,1.81548E-2,2.02943E-2,2.05101E-2,2.04785E-2,2.16307E-2,2.04344E-2,2.08866E-2,2.04867E-2,2.02189E-2,2.11993E-2,1.97452E-2,1.98829E-2,1.99797E-2,1.94908E-2,1.93511E-2,1.95589E-2,1.93283E-2,1.96305E-2,1.92660E-2,1.97124E-2,1.92870E-2,1.90056E-2,1.84601E-2,1.85653E-2,1.86350E-2,1.89966E-2,1.99564E-2,1.83845E-2,1.85937E-2,1.80165E-2,1.74990E-2,1.77042E-2,1.75243E-2,1.73871E-2,1.76413E-2,1.71945E-2,1.65602E-2,1.63148E-2,1.58156E-2,1.65733E-2,1.60542E-2,1.61215E-2,1.52153E-2,1.51904E-2,1.49336E-2,1.54496E-2,1.46049E-2,1.48347E-2,1.43914E-2,1.43615E-2,1.41160E-2,1.41670E-2,1.26600E-2,1.36985E-2,1.26615E-2,1.28950E-2,1.27665E-2,1.21615E-2,1.16308E-2,1.16421E-2,1.07272E-2,1.01550E-2,1.02719E-2,9.46893E-3,7.59097E-3,7.30217E-3,7.04250E-3,5.46715E-3,5.47921E-3,5.07566E-3,3.44342E-3,2.94149E-3,2.46953E-3,2.49157E-3,1.70942E-3,-1.49358E-5,2.00380E-4,-1.54514E-3,-1.36047E-3,-1.44271E-3,-2.17716E-3,-3.43895E-3,-3.67452E-3,-4.25686E-3,-4.65159E-3,-4.64751E-3,-5.01156E-3,-5.95568E-3,-6.37713E-3,-5.91458E-3,-5.53248E-3,-6.80253E-3,-7.20746E-3,-6.94991E-3,-7.64409E-3,-7.75236E-3,-7.25080E-3,-7.64043E-3,-7.48220E-3,-8.19975E-3,-7.33704E-3,-8.14972E-3,-8.12666E-3,-8.43468E-3,-6.97531E-3,-8.38505E-3,-7.43030E-3,-7.13686E-3,-7.75887E-3,-7.46273E-3,-7.73689E-3,-7.68632E-3,-7.38211E-3,-6.74391E-3,-6.93544E-3,-6.67958E-3,-6.42645E-3,-6.72111E-3,-6.18099E-3,-5.54498E-3,-5.18870E-3,-4.59625E-3,-4.05439E-3,-4.43659E-3,-4.55545E-3,-3.75389E-3,-3.20826E-3,-4.11872E-3,-3.52964E-3,-4.39767E-3,-3.99324E-3,-4.30107E-3,-4.44867E-3,-4.95187E-3,-5.34530E-3,-5.65250E-3,-6.34699E-3,-6.80607E-3,-7.09400E-3,-7.23847E-3,-6.60978E-3,-5.76359E-3,-5.85532E-3
1.03937E+3,-3.44846E-4,-3.50917E-4,-4.71890E-4,6.41381E-5,-2.40546E-4,-6.75743E-5,8.53585E-4,-9.50753E-5,3.51518E-4,5.35980E-5,-1.17769E-4,1.22072E-4,-5.32705E-4,3.21245E-4,4.55166E-4,1.21002E-3,2.44698E-3,5.84239E-3,6.82448E-3,8.85238E-3,1.08489E-2,1.54700E-2,1.56733E-2,1.71454E-2,1.79089E-2,2.00368E-2,2.02944E-2,2.00041E-2,2.14624E-2,2.02609E-2,2.07277E-2,2.01556E-2,2.00911E-2,2.10662E-2,1.95502E-2,1.96881E-2,1.99206E-2,1.94544E-2,1.94114E-2,1.95095E-2,1.90306E-2,1.93898E-2,1.92539E-2,1.96116E-2,1.91466E-2,1.87762E-2,1.84861E-2,1.84229E-2,1.84803E-2,1.89908E-2,1.96294E-2,1.83302E-2,1.85123E-2,1.80224E-2,1.74447E-2,1.75566E-2,1.73901E-2,1.72831E-2,1.75370E-2,1.71797E-2,1.64916E-2,1.63839E-2,1.57997E-2,1.64472E-2,1.58649E-2,1.59590E-2,1.51248E-2,1.51764E-2,1.48577E-2,1.54465E-2,1.45706E-2,1.48590E-2,1.42806E-2,1.44706E-2,1.42341E-2,1.42309E-2,1.26305E-2,1.36650E-2,1.27049E-2,1.28738E-2,1.28289E-2,1.23244E-2,1.16293E-2,1.17070E-2,1.08343E-2,1.02834E-2,1.02690E-2,9.60758E-3,7.72806E-3,7.35493E-3,7.09586E-3,5.45909E-3,5.59466E-3,5.15725E-3,3.52529E-3,3.17359E-3,2.52209E-3,2.55523E-3,1.64100E-3,3.86878E-5,2.23358E-4,-1.47813E-3,-1.26689E-3,-1.47320E-3,-2.14437E-3,-3.23684E-3,-3.78412E-3,-4.25643E-3,-4.55525E-3,-4.57666E-3,-4.93088E-3,-5.79741E-3,-6.22922E-3,-5.84032E-3,-5.48869E-3,-6.78418E-3,-7.13264E-3,-6.82743E-3,-7.56491E-3,-7.76909E-3,-7.12532E-3,-7.51994E-3,-7.35597E-3,-8.00229E-3,-7.31604E-3,-7.93255E-3,-8.02133E-3,-8.33652E-3,-6.92091E-3,-8.37620E-3,-7.47791E-3,-7.09342E-3,-7.60351E-3,-7.41765E-3,-7.67875E-3,-7.54010E-3,-7.29210E-3,-6.63720E-3,-6.83171E-3,-6.69743E-3,-6.39767E-3,-6.66285E-3,-6.11307E-3,-5.48908E-3,-5.20709E-3,-4.57802E-3,-4.12335E-3,-4.41948E-3,-4.43353E-3,-3.71803E-3,-3.16796E-3,-3.92291E-3,-3.55004E-3,-4.36734E-3,-3.89940E-3,-4.34318E-3,-4.50505E-3,-4.86894E-3,-5.19100E-3,-5.57166E-3,-6.26429E-3,-6.72209E-3,-7.12068E-3,-7.23521E-3,-6.46908E-3,-5.67926E-3,-5.74783E-3
1.04281E+3,-3.47063E-4,-3.49555E-4,-3.33193E-4,-1.01464E-4,-2.53257E-4,2.24716E-5,8.90574E-4,5.66648E-5,3.28809E-4,6.60196E-8,-7.15583E-5,3.06503E-5,-5.42225E-4,3.01192E-4,3.67888E-4,1.19701E-3,2.35341E-3,5.60957E-3,6.67193E-3,8.44822E-3,1.05424E-2,1.50239E-2,1.53832E-2,1.69302E-2,1.78273E-2,1.97999E-2,2.01098E-2,1.96357E-2,2.11618E-2,1.99577E-2,2.04754E-2,1.99621E-2,1.99464E-2,2.07127E-2,1.91610E-2,1.94095E-2,1.97848E-2,1.90214E-2,1.92816E-2,1.93606E-2,1.89373E-2,1.92479E-2,1.91731E-2,1.93945E-2,1.91356E-2,1.87494E-2,1.83214E-2,1.81439E-2,1.81990E-2,1.88295E-2,1.92689E-2,1.81670E-2,1.83397E-2,1.78492E-2,1.74071E-2,1.75255E-2,1.74223E-2,1.71565E-2,1.74930E-2,1.70799E-2,1.63937E-2,1.62484E-2,1.56194E-2,1.63883E-2,1.58430E-2,1.59264E-2,1.51088E-2,1.49177E-2,1.47755E-2,1.52101E-2,1.45591E-2,1.47202E-2,1.40601E-2,1.42760E-2,1.38517E-2,1.39637E-2,1.26256E-2,1.33902E-2,1.24843E-2,1.29884E-2,1.27875E-2,1.21706E-2,1.14912E-2,1.17837E-2,1.07898E-2,1.02059E-2,1.02235E-2,9.59396E-3,7.73753E-3,7.40797E-3,7.14335E-3,5.51640E-3,5.59936E-3,5.02511E-3,3.49617E-3,3.13369E-3,2.54522E-3,2.66161E-3,1.78124E-3,-3.60816E-5,3.88586E-4,-1.46978E-3,-1.21379E-3,-1.39741E-3,-2.10133E-3,-3.33111E-3,-3.62153E-3,-4.19007E-3,-4.56258E-3,-4.54493E-3,-4.92849E-3,-5.71689E-3,-6.22097E-3,-5.81386E-3,-5.50909E-3,-6.68583E-3,-7.15479E-3,-6.77027E-3,-7.46454E-3,-7.82236E-3,-7.15178E-3,-7.46185E-3,-7.32994E-3,-8.08367E-3,-7.26871E-3,-7.95760E-3,-8.07139E-3,-8.27879E-3,-6.85167E-3,-8.19758E-3,-7.37811E-3,-7.07634E-3,-7.56320E-3,-7.33183E-3,-7.62998E-3,-7.45962E-3,-7.26890E-3,-6.54664E-3,-6.67107E-3,-6.69679E-3,-6.45152E-3,-6.56989E-3,-5.94105E-3,-5.36284E-3,-5.00744E-3,-4.61727E-3,-4.00512E-3,-4.40144E-3,-4.48376E-3,-3.63297E-3,-3.19698E-3,-3.95847E-3,-3.52471E-3,-4.38720E-3,-3.86571E-3,-4.29820E-3,-4.42672E-3,-4.67983E-3,-5.17208E-3,-5.39107E-3,-6.24147E-3,-6.62417E-3,-6.88492E-3,-7.06245E-3,-6.48680E-3,-5.77475E-3,-5.67101E-3
1.04626E+3,-2.67870E-4,-2.92002E-4,-3.56835E-4,-1.43304E-4,-1.53601E-4,-9.98816E-5,7.82137E-4,9.93145E-5,2.49499E-4,9.44808E-5,-8.50707E-5,6.97309E-5,-5.87044E-4,3.46805E-4,3.43641E-4,1.14050E-3,2.16377E-3,5.26707E-3,6.47225E-3,8.25163E-3,1.05303E-2,1.45691E-2,1.53057E-2,1.69058E-2,1.78075E-2,1.96963E-2,1.99719E-2,1.98415E-2,2.08903E-2,1.98563E-2,2.03542E-2,1.96605E-2,1.97962E-2,2.03973E-2,1.91197E-2,1.93705E-2,1.96485E-2,1.91312E-2,1.92118E-2,1.93041E-2,1.87606E-2,1.90247E-2,1.91095E-2,1.92214E-2,1.91522E-2,1.86169E-2,1.82826E-2,1.81075E-2,1.81217E-2,1.89292E-2,1.89043E-2,1.80976E-2,1.83045E-2,1.77172E-2,1.72974E-2,1.74435E-2,1.72957E-2,1.71918E-2,1.73295E-2,1.70075E-2,1.64215E-2,1.62627E-2,1.56609E-2,1.65137E-2,1.59246E-2,1.59109E-2,1.51324E-2,1.50039E-2,1.47908E-2,1.50868E-2,1.45691E-2,1.45961E-2,1.39892E-2,1.41549E-2,1.40314E-2,1.38462E-2,1.27763E-2,1.34960E-2,1.25529E-2,1.29462E-2,1.27406E-2,1.22488E-2,1.16362E-2,1.18665E-2,1.07606E-2,1.03309E-2,1.02513E-2,9.55128E-3,7.93791E-3,7.44363E-3,7.19383E-3,5.62241E-3,5.63284E-3,5.16868E-3,3.58748E-3,3.32747E-3,2.65148E-3,2.60758E-3,1.84566E-3,2.49407E-4,5.00204E-4,-1.38904E-3,-1.09933E-3,-1.36361E-3,-2.01661E-3,-3.06358E-3,-3.53636E-3,-4.06149E-3,-4.41853E-3,-4.44644E-3,-4.77548E-3,-5.49378E-3,-6.12804E-3,-5.79936E-3,-5.45204E-3,-6.61595E-3,-6.97381E-3,-6.70151E-3,-7.39441E-3,-7.59413E-3,-7.00880E-3,-7.34852E-3,-7.21671E-3,-8.02634E-3,-7.20045E-3,-7.86138E-3,-7.92457E-3,-8.15597E-3,-6.79742E-3,-8.10098E-3,-7.39931E-3,-7.01021E-3,-7.51186E-3,-7.29571E-3,-7.63516E-3,-7.32610E-3,-7.27767E-3,-6.55183E-3,-6.80933E-3,-6.67600E-3,-6.37757E-3,-6.45707E-3,-5.80927E-3,-5.39624E-3,-4.94564E-3,-4.60806E-3,-4.00580E-3,-4.25761E-3,-4.33085E-3,-3.64350E-3,-3.21255E-3,-3.82621E-3,-3.47711E-3,-4.23538E-3,-3.80561E-3,-4.15372E-3,-4.37357E-3,-4.62412E-3,-5.10843E-3,-5.39362E-3,-6.11893E-3,-6.55471E-3,-7.01267E-3,-7.01475E-3,-6.35829E-3,-5.62587E-3,-5.66685E-3
1.04970E+3,-1.98109E-4,-1.73230E-4,-3.43991E-4,-7.47136E-5,-1.56064E-4,-9.54767E-5,7.56707E-4,1.11731E-4,2.83428E-4,9.10012E-5,-9.02556E-5,-1.06837E-4,-5.47112E-4,3.16568E-4,2.26355E-4,9.57292E-4,2.03872E-3,4.87815E-3,6.18378E-3,7.92459E-3,1.05270E-2,1.40894E-2,1.51919E-2,1.66035E-2,1.74862E-2,1.94242E-2,1.95610E-2,1.93962E-2,2.04278E-2,1.95287E-2,1.99978E-2,1.92282E-2,1.94664E-2,2.00020E-2,1.88573E-2,1.89185E-2,1.93290E-2,1.86949E-2,1.89204E-2,1.89798E-2,1.84704E-2,1.87382E-2,1.87382E-2,1.90341E-2,1.88636E-2,1.83522E-2,1.79541E-2,1.80121E-2,1.79375E-2,1.87803E-2,1.83131E-2,1.77301E-2,1.80784E-2,1.75031E-2,1.71685E-2,1.72316E-2,1.70541E-2,1.69403E-2,1.71066E-2,1.68162E-2,1.62692E-2,1.62656E-2,1.54926E-2,1.61469E-2,1.56313E-2,1.56962E-2,1.49260E-2,1.49109E-2,1.46924E-2,1.49306E-2,1.44284E-2,1.43994E-2,1.38582E-2,1.40357E-2,1.39018E-2,1.38147E-2,1.27352E-2,1.32027E-2,1.24041E-2,1.28448E-2,1.26625E-2,1.21658E-2,1.15932E-2,1.16760E-2,1.07164E-2,1.03475E-2,1.02547E-2,9.52869E-3,7.92110E-3,7.45279E-3,7.15236E-3,5.59402E-3,5.58067E-3,5.09741E-3,3.59191E-3,3.38358E-3,2.65574E-3,2.57279E-3,1.73000E-3,1.57338E-4,5.03117E-4,-1.27593E-3,-1.06968E-3,-1.34429E-3,-1.98584E-3,-3.00453E-3,-3.51993E-3,-4.02257E-3,-4.32784E-3,-4.40636E-3,-4.69437E-3,-5.43224E-3,-6.05058E-3,-5.69614E-3,-5.38101E-3,-6.57270E-3,-6.96104E-3,-6.62479E-3,-7.23395E-3,-7.57391E-3,-6.94353E-3,-7.29808E-3,-7.11781E-3,-7.94038E-3,-7.14198E-3,-7.68988E-3,-7.79592E-3,-8.09239E-3,-6.74849E-3,-7.97491E-3,-7.28200E-3,-6.98523E-3,-7.37620E-3,-7.21771E-3,-7.42565E-3,-7.25934E-3,-7.20622E-3,-6.37840E-3,-6.75145E-3,-6.60468E-3,-6.35202E-3,-6.36749E-3,-5.74403E-3,-5.36096E-3,-4.96279E-3,-4.52752E-3,-3.94728E-3,-4.12588E-3,-4.21036E-3,-3.57440E-3,-3.14748E-3,-3.78320E-3,-3.41370E-3,-4.13125E-3,-3.77592E-3,-4.08860E-3,-4.25517E-3,-4.55271E-3,-5.01074E-3,-5.25525E-3,-6.00256E-3,-6.53260E-3,-6.89016E-3,-6.98989E-3,-6.33813E-3,-5.57478E-3,-5.56127E-3
1.05315E+3,-1.32645E-4,-1.58471E-4,-4.09007E-4,1.99267E-5,-1.60141E-4,-1.55200E-4,7.13678E-4,3.43853E-5,2.49096E-4,1.33930E-4,-8.14345E-5,-8.50181E-5,-4.61351E-4,2.34465E-4,2.57785E-4,8.92682E-4,1.78171E-3,4.36634E-3,5.79241E-3,7.71088E-3,1.02840E-2,1.34664E-2,1.47626E-2,1.62339E-2,1.71107E-2,1.90281E-2,1.90579E-2,1.91262E-2,2.01262E-2,1.91166E-2,1.95500E-2,1.89193E-2,1.91568E-2,1.96350E-2,1.86111E-2,1.86889E-2,1.90976E-2,1.85604E-2,1.87348E-2,1.88596E-2,1.83614E-2,1.87547E-2,1.87819E-2,1.88449E-2,1.87564E-2,1.82664E-2,1.78690E-2,1.78477E-2,1.75821E-2,1.86075E-2,1.81361E-2,1.73721E-2,1.78798E-2,1.72629E-2,1.70109E-2,1.71106E-2,1.69178E-2,1.69117E-2,1.69059E-2,1.67870E-2,1.59814E-2,1.60155E-2,1.53128E-2,1.60103E-2,1.54097E-2,1.55045E-2,1.47670E-2,1.47500E-2,1.44900E-2,1.46399E-2,1.42705E-2,1.44026E-2,1.38328E-2,1.38715E-2,1.37652E-2,1.35059E-2,1.25184E-2,1.30195E-2,1.22478E-2,1.26799E-2,1.24058E-2,1.19956E-2,1.13639E-2,1.15677E-2,1.05590E-2,1.01252E-2,1.00345E-2,9.35736E-3,8.02617E-3,7.33377E-3,7.15504E-3,5.61082E-3,5.56417E-3,5.03401E-3,3.55795E-3,3.61319E-3,2.65182E-3,2.45488E-3,1.74549E-3,2.40045E-4,6.00663E-4,-1.19765E-3,-9.91956E-4,-1.27364E-3,-2.11685E-3,-2.93137E-3,-3.38671E-3,-3.93844E-3,-4.29299E-3,-4.46264E-3,-4.74400E-3,-5.30422E-3,-5.99548E-3,-5.67598E-3,-5.30028E-3,-6.50026E-3,-6.83137E-3,-6.55317E-3,-6.95915E-3,-7.46620E-3,-6.88909E-3,-7.25932E-3,-7.03909E-3,-7.90661E-3,-7.11913E-3,-7.55183E-3,-7.76495E-3,-8.00048E-3,-6.74292E-3,-7.80920E-3,-7.22493E-3,-6.94379E-3,-7.33917E-3,-7.15377E-3,-7.49717E-3,-7.12349E-3,-6.99364E-3,-6.39456E-3,-6.73697E-3,-6.55991E-3,-6.32525E-3,-6.23067E-3,-5.90134E-3,-5.17710E-3,-4.77843E-3,-4.42230E-3,-3.83629E-3,-4.09596E-3,-4.09666E-3,-3.54609E-3,-3.20882E-3,-3.69605E-3,-3.46254E-3,-3.96624E-3,-3.80735E-3,-3.95077E-3,-4.25852E-3,-4.48237E-3,-4.85190E-3,-5.18057E-3,-5.80999E-3,-6.52860E-3,-6.86232E-3,-6.91612E-3,-6.22521E-3,-5.51994E-3,-5.51225E-3
1.05660E+3,-1.68789E-4,-1.81804E-4,-3.52237E-4,-3.55433E-5,-5.65838E-5,-1.57198E-4,6.60843E-4,2.96021E-5,3.02814E-4,1.43130E-4,-1.35396E-4,-1.25303E-4,-4.22075E-4,3.58050E-4,1.40489E-4,7.79844E-4,1.66338E-3,3.90275E-3,5.65882E-3,7.54390E-3,1.03862E-2,1.31263E-2,1.48241E-2,1.62265E-2,1.68821E-2,1.89794E-2,1.88409E-2,1.91015E-2,1.97434E-2,1.88766E-2,1.91775E-2,1.85055E-2,1.88143E-2,1.92500E-2,1.84105E-2,1.82479E-2,1.89083E-2,1.84279E-2,1.85010E-2,1.86420E-2,1.80907E-2,1.86413E-2,1.84651E-2,1.86071E-2,1.83346E-2,1.79850E-2,1.76843E-2,1.75816E-2,1.73126E-2,1.84574E-2,1.76205E-2,1.72595E-2,1.76207E-2,1.68931E-2,1.67288E-2,1.70137E-2,1.67548E-2,1.67433E-2,1.66963E-2,1.66188E-2,1.59077E-2,1.58873E-2,1.51647E-2,1.58098E-2,1.52744E-2,1.54119E-2,1.46220E-2,1.45322E-2,1.43740E-2,1.44467E-2,1.42162E-2,1.43069E-2,1.37269E-2,1.37953E-2,1.36505E-2,1.33791E-2,1.25004E-2,1.28600E-2,1.21065E-2,1.26686E-2,1.24233E-2,1.20077E-2,1.14072E-2,1.15569E-2,1.06102E-2,9.97969E-3,9.94859E-3,9.31057E-3,8.00054E-3,7.41353E-3,7.02754E-3,5.58940E-3,5.64222E-3,4.92831E-3,3.60336E-3,3.66491E-3,2.71799E-3,2.43353E-3,1.76873E-3,3.06145E-4,5.72424E-4,-1.09454E-3,-9.81929E-4,-1.21753E-3,-1.95433E-3,-2.81234E-3,-3.38472E-3,-3.86184E-3,-4.21021E-3,-4.37761E-3,-4.60574E-3,-5.29987E-3,-5.89621E-3,-5.57137E-3,-5.23724E-3,-6.38226E-3,-6.65026E-3,-6.48923E-3,-6.95289E-3,-7.32406E-3,-6.89765E-3,-7.10709E-3,-6.87520E-3,-7.82072E-3,-7.09682E-3,-7.52254E-3,-7.63007E-3,-7.87381E-3,-6.57771E-3,-7.71386E-3,-7.14583E-3,-6.91881E-3,-7.22334E-3,-7.11969E-3,-7.33642E-3,-7.04262E-3,-7.01082E-3,-6.29460E-3,-6.58464E-3,-6.38856E-3,-6.14184E-3,-6.15235E-3,-5.83806E-3,-5.14564E-3,-4.75829E-3,-4.29742E-3,-3.85070E-3,-4.01237E-3,-4.04734E-3,-3.46390E-3,-3.18610E-3,-3.59197E-3,-3.37331E-3,-3.89889E-3,-3.72667E-3,-3.95193E-3,-4.15403E-3,-4.44765E-3,-4.77270E-3,-5.03292E-3,-5.82704E-3,-6.44115E-3,-6.75061E-3,-6.87257E-3,-6.10288E-3,-5.40909E-3,-5.39981E-3
1.06004E+3,-1.07106E-4,-1.33744E-4,-3.51241E-4,-3.32377E-5,-1.56078E-4,-2.23489E-4,6.03998E-4,2.39267E-4,2.42101E-4,1.29169E-4,-1.01716E-4,-9.59465E-5,-3.99229E-4,2.98210E-4,8.90417E-5,6.76166E-4,1.52641E-3,3.41295E-3,5.36804E-3,7.25177E-3,1.02516E-2,1.25992E-2,1.44982E-2,1.59189E-2,1.65892E-2,1.84965E-2,1.84064E-2,1.85866E-2,1.92849E-2,1.85132E-2,1.89123E-2,1.80883E-2,1.85179E-2,1.88644E-2,1.81630E-2,1.79938E-2,1.87247E-2,1.83426E-2,1.83145E-2,1.85160E-2,1.78138E-2,1.83195E-2,1.82635E-2,1.83622E-2,1.81731E-2,1.78132E-2,1.75264E-2,1.74721E-2,1.72021E-2,1.84792E-2,1.72852E-2,1.71928E-2,1.74909E-2,1.68200E-2,1.67186E-2,1.68922E-2,1.66130E-2,1.66408E-2,1.64517E-2,1.64600E-2,1.58067E-2,1.57913E-2,1.50908E-2,1.57818E-2,1.51448E-2,1.53146E-2,1.45874E-2,1.45276E-2,1.43176E-2,1.42796E-2,1.41160E-2,1.41982E-2,1.35785E-2,1.37406E-2,1.35267E-2,1.33195E-2,1.24661E-2,1.28248E-2,1.20935E-2,1.26067E-2,1.24665E-2,1.20049E-2,1.14392E-2,1.15798E-2,1.05613E-2,1.00555E-2,9.98711E-3,9.32129E-3,8.06574E-3,7.33709E-3,7.10653E-3,5.66180E-3,5.65347E-3,4.99197E-3,3.62825E-3,3.73339E-3,2.74057E-3,2.51388E-3,1.77388E-3,3.28288E-4,5.81765E-4,-9.89201E-4,-8.89555E-4,-1.21525E-3,-1.94720E-3,-2.77801E-3,-3.34144E-3,-3.76850E-3,-4.14682E-3,-4.24193E-3,-4.57625E-3,-5.20768E-3,-5.86803E-3,-5.48224E-3,-5.18861E-3,-6.27448E-3,-6.62556E-3,-6.48439E-3,-6.94634E-3,-7.25400E-3,-6.80878E-3,-7.10761E-3,-6.80349E-3,-7.76871E-3,-6.99834E-3,-7.40604E-3,-7.65300E-3,-7.74056E-3,-6.49419E-3,-7.60438E-3,-7.02086E-3,-6.85679E-3,-7.12796E-3,-7.03060E-3,-7.25375E-3,-6.89451E-3,-6.97201E-3,-6.21506E-3,-6.51082E-3,-6.43045E-3,-6.10495E-3,-6.15356E-3,-5.75920E-3,-5.18837E-3,-4.63215E-3,-4.39214E-3,-3.81881E-3,-3.92602E-3,-3.99903E-3,-3.41485E-3,-3.14291E-3,-3.55663E-3,-3.41909E-3,-3.90146E-3,-3.63890E-3,-3.94553E-3,-4.01544E-3,-4.35650E-3,-4.78089E-3,-5.07431E-3,-5.71711E-3,-6.31075E-3,-6.73561E-3,-6.78684E-3,-6.10395E-3,-5.46002E-3,-5.32608E-3
1.06349E+3,-1.61184E-4,-7.55947E-5,-4.00545E-4,3.29266E-5,-2.69150E-5,-2.07740E-4,4.58711E-4,2.16597E-4,2.98430E-4,8.97050E-5,-1.56341E-4,-1.03340E-4,-3.34890E-4,2.88335E-4,8.18443E-5,6.51343E-4,1.56726E-3,3.12957E-3,5.25735E-3,7.25728E-3,1.03966E-2,1.26641E-2,1.44617E-2,1.59311E-2,1.67117E-2,1.85811E-2,1.83633E-2,1.86408E-2,1.91664E-2,1.82746E-2,1.87212E-2,1.79329E-2,1.84088E-2,1.86160E-2,1.80607E-2,1.77973E-2,1.86406E-2,1.82093E-2,1.80367E-2,1.83479E-2,1.77153E-2,1.82292E-2,1.81324E-2,1.81611E-2,1.80826E-2,1.77097E-2,1.73878E-2,1.73591E-2,1.70870E-2,1.83866E-2,1.69350E-2,1.70563E-2,1.73010E-2,1.67115E-2,1.66220E-2,1.67462E-2,1.65296E-2,1.64874E-2,1.63478E-2,1.63599E-2,1.57401E-2,1.56638E-2,1.49052E-2,1.55238E-2,1.49862E-2,1.51135E-2,1.44394E-2,1.43969E-2,1.41143E-2,1.40859E-2,1.40461E-2,1.39456E-2,1.32754E-2,1.35239E-2,1.35049E-2,1.32647E-2,1.24893E-2,1.27283E-2,1.21056E-2,1.24703E-2,1.22298E-2,1.18604E-2,1.12203E-2,1.15209E-2,1.05068E-2,9.95280E-3,9.84981E-3,9.12069E-3,8.17913E-3,7.29738E-3,6.94370E-3,5.65482E-3,5.59403E-3,4.99279E-3,3.67393E-3,3.81963E-3,2.79742E-3,2.47073E-3,1.71624E-3,4.00011E-4,5.43314E-4,-9.84921E-4,-8.39905E-4,-1.14573E-3,-1.95243E-3,-2.82178E-3,-3.20007E-3,-3.73464E-3,-4.09155E-3,-4.27440E-3,-4.61655E-3,-5.11244E-3,-5.76532E-3,-5.51361E-3,-5.21444E-3,-6.22207E-3,-6.56824E-3,-6.40542E-3,-6.88080E-3,-7.25534E-3,-6.72507E-3,-6.92016E-3,-6.74532E-3,-7.80873E-3,-6.96000E-3,-7.42057E-3,-7.57404E-3,-7.71042E-3,-6.49706E-3,-7.59866E-3,-7.06372E-3,-6.91655E-3,-7.11456E-3,-6.95572E-3,-7.19398E-3,-6.77328E-3,-6.91535E-3,-6.31943E-3,-6.50186E-3,-6.44086E-3,-6.05510E-3,-5.99450E-3,-5.74522E-3,-5.16873E-3,-4.61978E-3,-4.25585E-3,-3.76008E-3,-3.81963E-3,-3.94667E-3,-3.44282E-3,-3.11655E-3,-3.44156E-3,-3.37945E-3,-3.81823E-3,-3.59365E-3,-3.88381E-3,-3.94786E-3,-4.35247E-3,-4.70157E-3,-4.98664E-3,-5.69857E-3,-6.27830E-3,-6.71762E-3,-6.69724E-3,-5.96275E-3,-5.35612E-3,-5.21523E-3
1.06694E+3,-7.69959E-5,-1.36193E-5,-4.06363E-4,1.67844E-5,-2.15633E-5,-3.02082E-4,2.99478E-4,1.31900E-4,2.71155E-4,1.34336E-4,-1.43666E-4,-7.11947E-5,-2.39007E-4,2.98116E-4,1.22722E-4,5.41058E-4,1.47034E-3,2.64154E-3,4.76634E-3,6.87172E-3,1.02911E-2,1.20431E-2,1.41889E-2,1.55903E-2,1.61694E-2,1.81678E-2,1.78890E-2,1.82376E-2,1.86508E-2,1.78432E-2,1.82455E-2,1.74951E-2,1.79967E-2,1.83401E-2,1.79256E-2,1.74682E-2,1.84029E-2,1.81251E-2,1.79145E-2,1.82639E-2,1.74468E-2,1.80409E-2,1.78189E-2,1.80230E-2,1.79091E-2,1.75259E-2,1.72203E-2,1.72062E-2,1.68893E-2,1.82265E-2,1.64892E-2,1.68185E-2,1.71096E-2,1.64579E-2,1.64704E-2,1.66232E-2,1.63086E-2,1.63740E-2,1.60243E-2,1.61775E-2,1.55467E-2,1.55525E-2,1.47756E-2,1.53677E-2,1.47775E-2,1.49702E-2,1.42857E-2,1.42174E-2,1.40882E-2,1.38076E-2,1.38882E-2,1.37895E-2,1.31852E-2,1.34373E-2,1.32587E-2,1.30403E-2,1.23044E-2,1.25805E-2,1.19944E-2,1.22327E-2,1.20923E-2,1.17263E-2,1.12556E-2,1.13519E-2,1.03688E-2,9.87501E-3,9.66908E-3,8.97104E-3,8.17088E-3,7.13512E-3,6.81978E-3,5.58986E-3,5.52116E-3,4.92774E-3,3.62930E-3,3.97845E-3,2.76984E-3,2.32096E-3,1.67232E-3,4.71042E-4,5.50712E-4,-8.61283E-4,-8.35779E-4,-1.19241E-3,-1.89093E-3,-2.67634E-3,-3.23659E-3,-3.61145E-3,-4.04844E-3,-4.29135E-3,-4.57554E-3,-5.02772E-3,-5.70723E-3,-5.52831E-3,-5.27577E-3,-6.22609E-3,-6.48475E-3,-6.38793E-3,-6.77248E-3,-7.08015E-3,-6.69447E-3,-6.90855E-3,-6.64888E-3,-7.75169E-3,-6.93334E-3,-7.36853E-3,-7.51715E-3,-7.52391E-3,-6.51997E-3,-7.45696E-3,-6.95278E-3,-6.84322E-3,-7.02640E-3,-6.92040E-3,-7.15035E-3,-6.71561E-3,-6.85303E-3,-6.32549E-3,-6.49652E-3,-6.35987E-3,-6.01645E-3,-5.92882E-3,-5.73195E-3,-5.08920E-3,-4.57009E-3,-4.20660E-3,-3.69807E-3,-3.80455E-3,-3.85200E-3,-3.35283E-3,-3.15364E-3,-3.39567E-3,-3.40983E-3,-3.68097E-3,-3.63770E-3,-3.70857E-3,-3.98424E-3,-4.33524E-3,-4.67609E-3,-5.04206E-3,-5.65778E-3,-6.24403E-3,-6.69288E-3,-6.70173E-3,-5.95210E-3,-5.30363E-3,-5.13287E-3
1.07039E+3,8.83153E-5,1.98518E-5,-4.05280E-4,2.77796E-5,2.69115E-5,-4.18016E-4,1.30919E-4,8.98099E-5,3.06663E-4,1.44820E-4,-1.93074E-4,-7.24491E-5,-1.69464E-4,3.12244E-4,1.10968E-4,5.48712E-4,1.38628E-3,2.32967E-3,4.51795E-3,6.96951E-3,1.05434E-2,1.19089E-2,1.43313E-2,1.56725E-2,1.62852E-2,1.82896E-2,1.79462E-2,1.84276E-2,1.86638E-2,1.79042E-2,1.82896E-2,1.75032E-2,1.79508E-2,1.80608E-2,1.79387E-2,1.73996E-2,1.82296E-2,1.81455E-2,1.77686E-2,1.83106E-2,1.74367E-2,1.79622E-2,1.76768E-2,1.79323E-2,1.78614E-2,1.74580E-2,1.72485E-2,1.74644E-2,1.69477E-2,1.83786E-2,1.63017E-2,1.67910E-2,1.70131E-2,1.65737E-2,1.65307E-2,1.65631E-2,1.62708E-2,1.63273E-2,1.59404E-2,1.61906E-2,1.55322E-2,1.55936E-2,1.48377E-2,1.53977E-2,1.47771E-2,1.49443E-2,1.43427E-2,1.43271E-2,1.40579E-2,1.38057E-2,1.38022E-2,1.37793E-2,1.30210E-2,1.33685E-2,1.32357E-2,1.29216E-2,1.24472E-2,1.24709E-2,1.19928E-2,1.22800E-2,1.20696E-2,1.17336E-2,1.13253E-2,1.14244E-2,1.03777E-2,9.89381E-3,9.69090E-3,8.92126E-3,8.22592E-3,7.26759E-3,6.80146E-3,5.58847E-3,5.49524E-3,4.88840E-3,3.68287E-3,4.00055E-3,2.85381E-3,2.28380E-3,1.67182E-3,5.29535E-4,5.87101E-4,-6.86108E-4,-7.46509E-4,-1.11048E-3,-1.85323E-3,-2.60119E-3,-3.02880E-3,-3.56052E-3,-3.91065E-3,-4.22440E-3,-4.39906E-3,-4.87512E-3,-5.56497E-3,-5.37887E-3,-5.25200E-3,-6.16187E-3,-6.35671E-3,-6.30259E-3,-6.65467E-3,-6.97079E-3,-6.62621E-3,-6.83923E-3,-6.56324E-3,-7.58953E-3,-6.85919E-3,-7.27457E-3,-7.37912E-3,-7.52541E-3,-6.52878E-3,-7.22997E-3,-6.83844E-3,-6.81736E-3,-6.92249E-3,-6.84863E-3,-7.04425E-3,-6.46964E-3,-6.77109E-3,-6.29698E-3,-6.41198E-3,-6.35200E-3,-5.93295E-3,-5.90241E-3,-5.57817E-3,-4.98486E-3,-4.40003E-3,-4.07240E-3,-3.71861E-3,-3.67605E-3,-3.70390E-3,-3.30902E-3,-3.12965E-3,-3.34601E-3,-3.36672E-3,-3.58382E-3,-3.66323E-3,-3.74826E-3,-3.88284E-3,-4.25906E-3,-4.49370E-3,-5.04525E-3,-5.50697E-3,-6.27075E-3,-6.67147E-3,-6.75742E-3,-5.91233E-3,-5.26862E-3,-4.91569E-3
1.07384E+3,2.09893E-5,9.12672E-6,-3.58585E-4,9.30071E-6,1.32646E-4,-3.78331E-4,1.45349E-5,1.15268E-4,2.26490E-4,8.43786E-5,-1.88942E-4,-2.85806E-5,-6.79718E-5,3.47419E-4,6.22574E-5,4.91749E-4,1.38785E-3,1.98948E-3,4.26545E-3,6.64708E-3,1.04243E-2,1.17615E-2,1.41384E-2,1.53584E-2,1.60439E-2,1.79679E-2,1.76502E-2,1.79475E-2,1.81749E-2,1.75660E-2,1.78791E-2,1.71675E-2,1.76158E-2,1.77266E-2,1.78223E-2,1.69680E-2,1.80908E-2,1.79792E-2,1.74043E-2,1.80280E-2,1.72263E-2,1.80209E-2,1.75482E-2,1.79608E-2,1.76988E-2,1.73035E-2,1.70959E-2,1.71441E-2,1.67443E-2,1.81293E-2,1.59234E-2,1.66312E-2,1.67376E-2,1.64034E-2,1.63011E-2,1.65029E-2,1.61734E-2,1.60666E-2,1.56399E-2,1.58649E-2,1.54499E-2,1.53695E-2,1.46888E-2,1.51089E-2,1.46579E-2,1.46422E-2,1.41007E-2,1.40389E-2,1.38899E-2,1.35321E-2,1.37965E-2,1.36336E-2,1.28755E-2,1.32674E-2,1.30039E-2,1.27831E-2,1.22953E-2,1.22819E-2,1.18575E-2,1.20132E-2,1.18922E-2,1.15901E-2,1.11794E-2,1.13425E-2,1.04621E-2,9.80525E-3,9.54483E-3,8.77904E-3,8.21686E-3,7.10836E-3,6.69542E-3,5.54281E-3,5.45294E-3,4.81844E-3,3.64179E-3,4.14786E-3,2.90457E-3,2.19822E-3,1.62889E-3,6.66416E-4,5.48143E-4,-6.32036E-4,-7.95583E-4,-1.08905E-3,-1.90451E-3,-2.56298E-3,-3.00677E-3,-3.59862E-3,-3.81415E-3,-4.18417E-3,-4.47070E-3,-5.00916E-3,-5.49265E-3,-5.38102E-3,-5.30947E-3,-6.07450E-3,-6.39078E-3,-6.27599E-3,-6.62445E-3,-6.85078E-3,-6.55072E-3,-6.71570E-3,-6.56801E-3,-7.52687E-3,-6.89749E-3,-7.24265E-3,-7.29895E-3,-7.43895E-3,-6.54893E-3,-7.16732E-3,-6.81970E-3,-6.75068E-3,-6.94025E-3,-6.80450E-3,-6.94174E-3,-6.44108E-3,-6.74372E-3,-6.31438E-3,-6.44760E-3,-6.34988E-3,-5.81752E-3,-5.80424E-3,-5.56141E-3,-5.10501E-3,-4.37605E-3,-3.98784E-3,-3.70935E-3,-3.64550E-3,-3.57950E-3,-3.27884E-3,-3.11404E-3,-3.20886E-3,-3.38967E-3,-3.58287E-3,-3.57155E-3,-3.75912E-3,-3.89035E-3,-4.30642E-3,-4.52196E-3,-4.97402E-3,-5.47321E-3,-6.12062E-3,-6.60534E-3,-6.66773E-3,-5.82536E-3,-5.19130E-3,-4.80462E-3
1.07729E+3,3.88803E-5,3.17944E-5,-3.51985E-4,3.59737E-5,1.65868E-4,-3.95474E-4,-1.77930E-4,2.16008E-5,3.06529E-4,2.23082E-5,-2.11840E-4,-2.94096E-5,4.02138E-5,3.13166E-4,1.90304E-4,4.87259E-4,1.47031E-3,1.88190E-3,4.15881E-3,6.66824E-3,1.04617E-2,1.17009E-2,1.41852E-2,1.54296E-2,1.60835E-2,1.79293E-2,1.75534E-2,1.79390E-2,1.80248E-2,1.75518E-2,1.77195E-2,1.70262E-2,1.74562E-2,1.74671E-2,1.77141E-2,1.65704E-2,1.78101E-2,1.77959E-2,1.71785E-2,1.78419E-2,1.70625E-2,1.79243E-2,1.72241E-2,1.77807E-2,1.75560E-2,1.71065E-2,1.69760E-2,1.71242E-2,1.66452E-2,1.80533E-2,1.56612E-2,1.65147E-2,1.64989E-2,1.61675E-2,1.62121E-2,1.63453E-2,1.59781E-2,1.59241E-2,1.55104E-2,1.56284E-2,1.51922E-2,1.52751E-2,1.44217E-2,1.49458E-2,1.45281E-2,1.46316E-2,1.38821E-2,1.39957E-2,1.39279E-2,1.34531E-2,1.36733E-2,1.35702E-2,1.27586E-2,1.31107E-2,1.29183E-2,1.26942E-2,1.23260E-2,1.22031E-2,1.18243E-2,1.20382E-2,1.18226E-2,1.15455E-2,1.11193E-2,1.12827E-2,1.03999E-2,9.75501E-3,9.45291E-3,8.60494E-3,8.15740E-3,7.00846E-3,6.49581E-3,5.41931E-3,5.39364E-3,4.77196E-3,3.64558E-3,4.13562E-3,2.83401E-3,2.10823E-3,1.55092E-3,7.28409E-4,5.06657E-4,-5.63012E-4,-7.98617E-4,-1.15350E-3,-1.92954E-3,-2.52850E-3,-2.94205E-3,-3.56558E-3,-3.80747E-3,-4.10854E-3,-4.48513E-3,-4.91813E-3,-5.42835E-3,-5.43005E-3,-5.35394E-3,-6.03764E-3,-6.31545E-3,-6.26194E-3,-6.57887E-3,-6.72326E-3,-6.53481E-3,-6.65763E-3,-6.48983E-3,-7.43065E-3,-6.88831E-3,-7.24327E-3,-7.31479E-3,-7.34533E-3,-6.55365E-3,-7.11718E-3,-6.73470E-3,-6.77083E-3,-6.81345E-3,-6.79685E-3,-6.84645E-3,-6.40524E-3,-6.64492E-3,-6.33897E-3,-6.38055E-3,-6.31825E-3,-5.86340E-3,-5.68578E-3,-5.54580E-3,-5.05438E-3,-4.35293E-3,-3.97504E-3,-3.67478E-3,-3.54449E-3,-3.56327E-3,-3.30353E-3,-3.07441E-3,-3.10945E-3,-3.31941E-3,-3.50271E-3,-3.59204E-3,-3.66843E-3,-3.95331E-3,-4.29321E-3,-4.54034E-3,-4.92406E-3,-5.45892E-3,-6.17223E-3,-6.65197E-3,-6.62733E-3,-5.78192E-3,-5.03378E-3,-4.69022E-3
1.08074E+3,9.05726E-5,2.07420E-5,-3.51293E-4,4.62412E-5,2.08422E-4,-4.64438E-4,-3.71002E-4,9.04711E-6,2.73375E-4,1.01892E-4,-2.07502E-4,-6.10444E-6,1.47032E-4,3.43671E-4,1.59346E-4,4.85831E-4,1.37551E-3,1.80671E-3,3.91252E-3,6.67450E-3,1.03169E-2,1.15185E-2,1.40431E-2,1.52838E-2,1.59189E-2,1.77204E-2,1.73478E-2,1.78652E-2,1.77363E-2,1.74607E-2,1.76069E-2,1.67792E-2,1.70274E-2,1.70476E-2,1.75755E-2,1.62936E-2,1.74992E-2,1.74404E-2,1.68617E-2,1.78119E-2,1.69153E-2,1.77139E-2,1.70142E-2,1.77890E-2,1.73040E-2,1.68994E-2,1.67747E-2,1.72277E-2,1.67381E-2,1.79063E-2,1.53977E-2,1.64498E-2,1.63449E-2,1.62253E-2,1.61634E-2,1.61415E-2,1.57304E-2,1.58086E-2,1.52876E-2,1.54287E-2,1.50343E-2,1.52941E-2,1.45049E-2,1.48230E-2,1.45342E-2,1.45329E-2,1.39567E-2,1.39661E-2,1.37676E-2,1.33397E-2,1.34970E-2,1.34110E-2,1.26207E-2,1.29602E-2,1.28521E-2,1.25148E-2,1.22838E-2,1.21491E-2,1.18252E-2,1.18959E-2,1.16801E-2,1.14571E-2,1.10656E-2,1.11687E-2,1.04049E-2,9.77071E-3,9.34999E-3,8.56228E-3,8.18767E-3,7.00652E-3,6.46822E-3,5.43037E-3,5.34597E-3,4.72668E-3,3.72052E-3,4.19398E-3,2.92054E-3,2.08898E-3,1.56829E-3,8.55090E-4,5.62658E-4,-4.59477E-4,-8.21892E-4,-1.05343E-3,-1.90100E-3,-2.46168E-3,-3.01476E-3,-3.47715E-3,-3.73530E-3,-4.13792E-3,-4.49162E-3,-4.81503E-3,-5.29930E-3,-5.34895E-3,-5.36097E-3,-6.11720E-3,-6.28714E-3,-6.21139E-3,-6.57308E-3,-6.67454E-3,-6.54829E-3,-6.63796E-3,-6.49644E-3,-7.32764E-3,-6.84298E-3,-7.20967E-3,-7.31155E-3,-7.41744E-3,-6.59915E-3,-7.07271E-3,-6.85114E-3,-6.79225E-3,-6.83212E-3,-6.71199E-3,-6.91535E-3,-6.34880E-3,-6.67227E-3,-6.48290E-3,-6.46465E-3,-6.36585E-3,-5.74534E-3,-5.67469E-3,-5.47911E-3,-5.11287E-3,-4.32856E-3,-3.95698E-3,-3.70317E-3,-3.55115E-3,-3.53741E-3,-3.21401E-3,-3.12101E-3,-3.17613E-3,-3.35920E-3,-3.48665E-3,-3.55787E-3,-3.50630E-3,-3.91966E-3,-4.31436E-3,-4.46261E-3,-4.94341E-3,-5.40866E-3,-6.17196E-3,-6.65767E-3,-6.75567E-3,-5.72725E-3,-5.04088E-3,-4.61440E-3
1.08419E+3,2.01166E-4,7.80297E-5,-4.03677E-4,1.29283E-4,1.98239E-4,-4.85865E-4,-4.86708E-4,2.49612E-5,2.55857E-4,1.06559E-5,-2.98683E-4,3.27812E-5,2.51788E-4,3.25191E-4,1.66981E-4,5.47113E-4,1.43837E-3,1.71283E-3,3.75807E-3,6.74584E-3,1.03640E-2,1.14100E-2,1.40248E-2,1.52871E-2,1.60852E-2,1.78161E-2,1.73870E-2,1.80077E-2,1.76053E-2,1.74974E-2,1.74335E-2,1.67633E-2,1.70003E-2,1.70054E-2,1.75421E-2,1.61409E-2,1.72282E-2,1.74645E-2,1.67429E-2,1.75980E-2,1.67801E-2,1.76376E-2,1.67902E-2,1.76679E-2,1.73139E-2,1.67552E-2,1.66232E-2,1.71412E-2,1.67199E-2,1.78576E-2,1.50587E-2,1.64180E-2,1.62436E-2,1.61794E-2,1.60807E-2,1.59974E-2,1.56355E-2,1.57091E-2,1.51933E-2,1.52795E-2,1.49682E-2,1.53201E-2,1.44415E-2,1.46534E-2,1.45359E-2,1.44840E-2,1.39585E-2,1.39675E-2,1.37213E-2,1.32848E-2,1.34758E-2,1.34308E-2,1.25397E-2,1.29626E-2,1.28393E-2,1.24961E-2,1.21959E-2,1.21352E-2,1.18814E-2,1.18743E-2,1.16862E-2,1.16001E-2,1.11850E-2,1.12014E-2,1.04961E-2,9.92946E-3,9.38870E-3,8.57562E-3,8.24686E-3,7.01211E-3,6.42466E-3,5.48055E-3,5.31143E-3,4.81119E-3,3.76401E-3,4.22161E-3,2.96718E-3,2.14216E-3,1.57806E-3,9.19127E-4,5.54552E-4,-2.84165E-4,-8.23711E-4,-1.09208E-3,-1.92794E-3,-2.42080E-3,-2.88278E-3,-3.39788E-3,-3.60102E-3,-4.14551E-3,-4.41032E-3,-4.76092E-3,-5.13559E-3,-5.38207E-3,-5.46762E-3,-5.98260E-3,-6.24451E-3,-6.22673E-3,-6.53897E-3,-6.53602E-3,-6.54892E-3,-6.61250E-3,-6.49247E-3,-7.29009E-3,-6.85277E-3,-7.25725E-3,-7.26373E-3,-7.31375E-3,-6.73155E-3,-6.94400E-3,-6.72344E-3,-6.77905E-3,-6.76357E-3,-6.70720E-3,-6.84838E-3,-6.22739E-3,-6.66583E-3,-6.52292E-3,-6.42647E-3,-6.37790E-3,-5.82545E-3,-5.58734E-3,-5.38289E-3,-5.04928E-3,-4.28071E-3,-3.83204E-3,-3.69180E-3,-3.48597E-3,-3.37785E-3,-3.15988E-3,-3.10060E-3,-3.14828E-3,-3.34665E-3,-3.43496E-3,-3.58711E-3,-3.51461E-3,-3.88066E-3,-4.30610E-3,-4.41380E-3,-4.93374E-3,-5.36960E-3,-6.11169E-3,-6.71686E-3,-6.79022E-3,-5.59963E-3,-4.91183E-3,-4.44761E-3
1.08764E+3,2.55087E-4,1.53384E-4,-4.10142E-4,1.55635E-4,2.31838E-4,-5.75756E-4,-6.39223E-4,-4.65355E-5,3.26457E-4,-2.30199E-5,-2.86047E-4,6.61356E-5,3.14492E-4,3.78586E-4,9.91078E-5,5.58448E-4,1.43517E-3,1.64896E-3,3.56813E-3,6.79033E-3,1.03459E-2,1.13312E-2,1.40871E-2,1.54101E-2,1.60877E-2,1.78768E-2,1.74482E-2,1.82493E-2,1.76385E-2,1.76565E-2,1.74691E-2,1.69535E-2,1.70893E-2,1.70366E-2,1.76319E-2,1.62705E-2,1.72984E-2,1.74631E-2,1.68330E-2,1.78372E-2,1.70226E-2,1.79310E-2,1.70919E-2,1.79259E-2,1.75692E-2,1.70586E-2,1.67929E-2,1.75430E-2,1.71491E-2,1.80975E-2,1.51400E-2,1.65459E-2,1.64711E-2,1.64842E-2,1.63943E-2,1.62184E-2,1.59112E-2,1.60479E-2,1.53950E-2,1.55309E-2,1.52663E-2,1.56604E-2,1.48288E-2,1.49059E-2,1.48551E-2,1.48711E-2,1.43013E-2,1.43967E-2,1.40414E-2,1.36290E-2,1.37905E-2,1.37097E-2,1.28112E-2,1.31388E-2,1.31361E-2,1.26750E-2,1.25170E-2,1.24725E-2,1.22582E-2,1.21146E-2,1.18580E-2,1.18850E-2,1.15191E-2,1.15111E-2,1.07948E-2,1.01653E-2,9.55317E-3,8.77489E-3,8.41532E-3,7.27398E-3,6.55467E-3,5.53830E-3,5.43234E-3,4.91143E-3,3.98844E-3,4.37100E-3,3.12144E-3,2.06610E-3,1.53626E-3,1.14776E-3,6.59684E-4,-1.75433E-4,-7.09124E-4,-1.06575E-3,-1.97566E-3,-2.30537E-3,-2.86752E-3,-3.31096E-3,-3.60539E-3,-4.20318E-3,-4.46950E-3,-4.73227E-3,-5.10322E-3,-5.41937E-3,-5.53418E-3,-6.09936E-3,-6.29812E-3,-6.28700E-3,-6.60175E-3,-6.63745E-3,-6.62304E-3,-6.62327E-3,-6.59248E-3,-7.32039E-3,-6.93533E-3,-7.34155E-3,-7.35902E-3,-7.47474E-3,-6.90504E-3,-6.98822E-3,-6.77815E-3,-6.96889E-3,-6.91557E-3,-6.90404E-3,-6.90503E-3,-6.26940E-3,-6.68282E-3,-6.70678E-3,-6.60243E-3,-6.53006E-3,-5.90423E-3,-5.68773E-3,-5.50336E-3,-5.08173E-3,-4.27445E-3,-3.85149E-3,-3.69603E-3,-3.47301E-3,-3.26915E-3,-3.27141E-3,-3.21514E-3,-3.11637E-3,-3.39700E-3,-3.45065E-3,-3.73020E-3,-3.43523E-3,-4.00071E-3,-4.41117E-3,-4.33342E-3,-5.01220E-3,-5.48214E-3,-6.29468E-3,-6.93014E-3,-7.10233E-3,-5.70677E-3,-4.94393E-3,-4.43489E-3
1.09110E+3,2.84676E-4,1.89037E-4,-3.67203E-4,1.62904E-4,1.72187E-4,-6.02837E-4,-6.58593E-4,-6.00646E-5,2.55110E-4,-6.45591E-6,-2.68000E-4,1.29196E-4,3.59250E-4,3.08104E-4,1.02691E-4,5.28630E-4,1.12209E-3,1.41527E-3,3.05996E-3,5.97055E-3,8.95144E-3,9.72115E-3,1.21500E-2,1.33031E-2,1.39716E-2,1.54160E-2,1.52090E-2,1.58593E-2,1.52435E-2,1.53258E-2,1.52408E-2,1.47984E-2,1.47841E-2,1.48415E-2,1.56302E-2,1.41884E-2,1.51849E-2,1.54077E-2,1.47077E-2,1.56144E-2,1.48100E-2,1.57780E-2,1.48673E-2,1.57659E-2,1.52911E-2,1.48729E-2,1.47121E-2,1.52359E-2,1.48490E-2,1.59090E-2,1.29994E-2,1.43826E-2,1.43342E-2,1.43210E-2,1.43223E-2,1.41328E-2,1.38843E-2,1.39631E-2,1.33020E-2,1.33319E-2,1.32186E-2,1.36876E-2,1.27857E-2,1.30424E-2,1.30466E-2,1.28427E-2,1.25131E-2,1.25679E-2,1.22088E-2,1.18227E-2,1.20167E-2,1.18804E-2,1.11296E-2,1.14286E-2,1.13967E-2,1.10126E-2,1.09833E-2,1.07569E-2,1.06926E-2,1.04142E-2,1.02988E-2,1.03154E-2,1.00406E-2,1.00766E-2,9.34529E-3,8.80268E-3,8.21403E-3,7.48376E-3,7.43085E-3,6.22591E-3,5.62234E-3,4.73089E-3,4.61855E-3,4.16443E-3,3.30657E-3,3.77493E-3,2.62447E-3,1.66270E-3,1.21787E-3,8.54415E-4,5.15668E-4,-1.92774E-4,-6.57776E-4,-1.02298E-3,-1.84104E-3,-2.04442E-3,-2.54179E-3,-2.91822E-3,-3.08859E-3,-3.80020E-3,-3.98868E-3,-4.16516E-3,-4.39157E-3,-4.74062E-3,-4.89654E-3,-5.34842E-3,-5.48143E-3,-5.55292E-3,-5.77857E-3,-5.82471E-3,-5.81403E-3,-5.85112E-3,-5.84215E-3,-6.42315E-3,-6.07756E-3,-6.46525E-3,-6.48254E-3,-6.55987E-3,-6.09799E-3,-6.11889E-3,-5.94469E-3,-6.05439E-3,-6.10113E-3,-6.00185E-3,-5.99972E-3,-5.43210E-3,-5.82696E-3,-5.89522E-3,-5.89512E-3,-5.69524E-3,-5.22248E-3,-4.84345E-3,-4.91917E-3,-4.45675E-3,-3.76107E-3,-3.36882E-3,-3.22314E-3,-3.10239E-3,-2.85702E-3,-2.85070E-3,-2.81231E-3,-2.78787E-3,-3.00357E-3,-2.97942E-3,-3.23622E-3,-2.93953E-3,-3.62276E-3,-3.82260E-3,-3.78974E-3,-4.47407E-3,-4.81626E-3,-5.52390E-3,-6.18937E-3,-6.24567E-3,-4.91248E-3,-4.20333E-3,-3.82745E-3
1.09455E+3,3.12450E-4,3.22080E-4,-4.16301E-4,1.77921E-4,2.00977E-4,-6.73538E-4,-9.04730E-4,-4.80164E-5,2.83366E-4,-3.86007E-6,-3.56077E-4,1.30288E-4,4.48444E-4,4.68721E-4,5.82757E-5,5.82936E-4,1.26605E-3,1.55217E-3,3.30574E-3,6.83093E-3,1.00925E-2,1.08758E-2,1.37902E-2,1.51815E-2,1.58955E-2,1.74675E-2,1.70297E-2,1.79221E-2,1.71523E-2,1.73652E-2,1.67990E-2,1.64050E-2,1.64634E-2,1.63801E-2,1.71766E-2,1.55018E-2,1.65094E-2,1.69488E-2,1.62552E-2,1.73325E-2,1.64481E-2,1.72713E-2,1.64168E-2,1.74393E-2,1.69121E-2,1.65928E-2,1.61635E-2,1.70746E-2,1.67406E-2,1.75965E-2,1.45415E-2,1.60391E-2,1.60612E-2,1.60989E-2,1.59964E-2,1.57518E-2,1.54575E-2,1.55334E-2,1.49122E-2,1.48024E-2,1.47801E-2,1.54394E-2,1.43150E-2,1.44862E-2,1.47302E-2,1.45240E-2,1.39972E-2,1.41329E-2,1.37244E-2,1.33339E-2,1.33740E-2,1.34927E-2,1.24819E-2,1.28942E-2,1.28218E-2,1.23946E-2,1.23047E-2,1.22278E-2,1.22453E-2,1.17294E-2,1.14924E-2,1.16396E-2,1.13953E-2,1.12815E-2,1.06200E-2,9.94441E-3,9.19812E-3,8.54837E-3,8.46410E-3,7.17627E-3,6.22268E-3,5.43892E-3,5.22989E-3,4.89710E-3,3.90637E-3,4.21815E-3,3.06953E-3,1.93444E-3,1.30085E-3,1.18840E-3,5.69314E-4,-1.14523E-4,-7.99021E-4,-1.18561E-3,-2.07145E-3,-2.24141E-3,-2.87332E-3,-3.28639E-3,-3.49563E-3,-4.36050E-3,-4.53578E-3,-4.72247E-3,-4.99553E-3,-5.47650E-3,-5.70067E-3,-6.16459E-3,-6.29162E-3,-6.38589E-3,-6.66816E-3,-6.52114E-3,-6.60730E-3,-6.69322E-3,-6.73574E-3,-7.22767E-3,-6.98577E-3,-7.38007E-3,-7.40712E-3,-7.49957E-3,-7.07579E-3,-6.93136E-3,-6.84703E-3,-7.02871E-3,-7.00235E-3,-6.87576E-3,-6.84817E-3,-6.18544E-3,-6.69305E-3,-6.85833E-3,-6.70407E-3,-6.59050E-3,-5.93015E-3,-5.52064E-3,-5.56626E-3,-5.08035E-3,-4.28537E-3,-3.87714E-3,-3.69897E-3,-3.49437E-3,-3.15077E-3,-3.18728E-3,-3.24483E-3,-3.13063E-3,-3.35691E-3,-3.35689E-3,-3.75372E-3,-3.30576E-3,-4.10363E-3,-4.40868E-3,-4.25167E-3,-5.06302E-3,-5.41887E-3,-6.31955E-3,-7.14279E-3,-7.23217E-3,-5.55580E-3,-4.77777E-3,-4.32295E-3
1.09801E+3,4.26876E-4,3.26870E-4,-3.49461E-4,1.21991E-4,2.43716E-4,-6.24615E-4,-9.77155E-4,-9.59084E-5,2.25575E-4,-5.95483E-5,-3.40480E-4,1.17901E-4,5.18675E-4,4.03694E-4,6.18698E-5,6.43177E-4,1.28910E-3,1.55054E-3,3.22673E-3,6.72444E-3,9.61052E-3,1.06333E-2,1.31081E-2,1.46381E-2,1.53229E-2,1.67571E-2,1.64072E-2,1.73717E-2,1.65083E-2,1.67993E-2,1.63442E-2,1.58572E-2,1.56878E-2,1.58069E-2,1.65467E-2,1.49227E-2,1.58677E-2,1.62511E-2,1.58352E-2,1.66881E-2,1.58397E-2,1.65336E-2,1.58652E-2,1.68011E-2,1.62103E-2,1.58517E-2,1.54604E-2,1.66242E-2,1.63239E-2,1.68806E-2,1.39179E-2,1.54619E-2,1.55654E-2,1.56944E-2,1.55104E-2,1.51560E-2,1.48982E-2,1.49947E-2,1.43194E-2,1.40629E-2,1.42536E-2,1.50738E-2,1.39541E-2,1.39786E-2,1.42692E-2,1.40843E-2,1.36522E-2,1.37223E-2,1.31985E-2,1.28438E-2,1.28958E-2,1.30905E-2,1.21569E-2,1.24861E-2,1.24186E-2,1.19163E-2,1.20251E-2,1.18087E-2,1.18028E-2,1.12841E-2,1.10286E-2,1.11987E-2,1.10607E-2,1.07074E-2,1.03499E-2,9.68553E-3,8.81304E-3,8.28098E-3,8.08252E-3,7.00127E-3,6.06352E-3,5.21686E-3,4.97608E-3,4.81175E-3,3.88497E-3,4.13544E-3,3.04981E-3,1.85880E-3,1.27673E-3,1.21819E-3,6.23110E-4,9.68089E-5,-6.70104E-4,-1.06128E-3,-1.99912E-3,-2.12949E-3,-2.74448E-3,-3.21464E-3,-3.23346E-3,-4.25333E-3,-4.38869E-3,-4.47791E-3,-4.69700E-3,-5.35275E-3,-5.60556E-3,-5.88641E-3,-6.01989E-3,-6.25695E-3,-6.44056E-3,-6.22952E-3,-6.42227E-3,-6.45860E-3,-6.57858E-3,-6.87173E-3,-6.72156E-3,-7.16741E-3,-7.15103E-3,-7.34917E-3,-6.98763E-3,-6.52808E-3,-6.59766E-3,-6.80862E-3,-6.73148E-3,-6.65961E-3,-6.59743E-3,-5.90074E-3,-6.50643E-3,-6.72909E-3,-6.49964E-3,-6.28629E-3,-5.71272E-3,-5.25793E-3,-5.40048E-3,-4.92884E-3,-4.29721E-3,-3.71121E-3,-3.62103E-3,-3.27526E-3,-2.89485E-3,-3.02796E-3,-3.18589E-3,-2.99749E-3,-3.17297E-3,-3.17802E-3,-3.68357E-3,-3.13814E-3,-4.04065E-3,-4.22508E-3,-4.10944E-3,-4.88590E-3,-5.20332E-3,-6.14516E-3,-6.91744E-3,-7.07897E-3,-5.35755E-3,-4.51223E-3,-4.12546E-3
1.10146E+3,4.60000E-4,3.94842E-4,-4.18876E-4,2.42792E-4,1.49989E-4,-7.83354E-4,-1.13917E-3,-5.45951E-5,1.34456E-4,4.64710E-5,-2.81123E-4,1.24120E-4,6.28556E-4,4.51680E-4,4.42162E-5,5.94499E-4,1.23528E-3,1.46362E-3,3.31899E-3,7.03816E-3,9.64772E-3,1.06783E-2,1.30943E-2,1.47966E-2,1.54686E-2,1.68470E-2,1.64994E-2,1.74881E-2,1.65858E-2,1.69194E-2,1.63345E-2,1.57694E-2,1.56182E-2,1.57580E-2,1.63856E-2,1.47019E-2,1.55207E-2,1.62462E-2,1.56881E-2,1.65652E-2,1.56999E-2,1.62188E-2,1.56788E-2,1.67446E-2,1.60639E-2,1.56625E-2,1.53025E-2,1.64600E-2,1.63312E-2,1.69966E-2,1.38249E-2,1.54182E-2,1.55672E-2,1.57057E-2,1.54860E-2,1.50607E-2,1.48265E-2,1.48334E-2,1.43032E-2,1.39497E-2,1.40138E-2,1.50123E-2,1.38713E-2,1.38311E-2,1.41851E-2,1.39720E-2,1.34669E-2,1.37187E-2,1.31848E-2,1.26804E-2,1.28030E-2,1.30954E-2,1.22452E-2,1.24476E-2,1.23591E-2,1.18617E-2,1.20303E-2,1.17510E-2,1.19039E-2,1.11902E-2,1.09317E-2,1.12920E-2,1.10333E-2,1.06117E-2,1.04203E-2,9.73071E-3,8.73960E-3,8.21642E-3,8.04798E-3,6.91245E-3,5.85389E-3,5.11897E-3,4.96011E-3,4.83256E-3,3.97559E-3,4.09410E-3,3.13446E-3,1.65747E-3,1.27100E-3,1.27045E-3,4.57641E-4,1.95319E-4,-7.82085E-4,-1.06834E-3,-2.02913E-3,-2.00256E-3,-2.74384E-3,-3.07676E-3,-3.16455E-3,-4.34328E-3,-4.34829E-3,-4.36646E-3,-4.64291E-3,-5.38345E-3,-5.57634E-3,-5.95219E-3,-5.97489E-3,-6.24878E-3,-6.40994E-3,-6.18510E-3,-6.32444E-3,-6.49871E-3,-6.74330E-3,-6.79239E-3,-6.72860E-3,-7.14571E-3,-7.04316E-3,-7.26148E-3,-7.09830E-3,-6.49685E-3,-6.59332E-3,-6.91140E-3,-6.79952E-3,-6.63428E-3,-6.55419E-3,-5.83662E-3,-6.43850E-3,-6.77987E-3,-6.59503E-3,-6.36121E-3,-5.78881E-3,-5.16203E-3,-5.57421E-3,-4.92220E-3,-4.38173E-3,-3.75967E-3,-3.62935E-3,-3.15049E-3,-2.78067E-3,-2.98300E-3,-3.26016E-3,-2.99846E-3,-3.18710E-3,-3.03606E-3,-3.69946E-3,-2.97772E-3,-4.13963E-3,-4.20193E-3,-4.09286E-3,-4.91433E-3,-5.15545E-3,-6.23407E-3,-7.10000E-3,-7.19926E-3,-5.26648E-3,-4.42449E-3,-3.97440E-3
1.10492E+3,5.61008E-4,5.28840E-4,-4.72784E-4,4.08290E-4,8.74110E-5,-8.07975E-4,-1.23603E-3,-8.73786E-5,5.67751E-5,-1.67355E-5,-3.56433E-4,1.62712E-4,7.76767E-4,4.47233E-4,-5.16982E-5,5.96752E-4,1.16773E-3,1.37189E-3,3.25662E-3,6.97127E-3,9.31067E-3,1.03779E-2,1.24844E-2,1.44412E-2,1.51368E-2,1.63491E-2,1.61241E-2,1.69428E-2,1.60066E-2,1.65969E-2,1.57884E-2,1.53380E-2,1.49686E-2,1.52119E-2,1.57352E-2,1.40695E-2,1.47518E-2,1.55589E-2,1.50241E-2,1.58924E-2,1.49843E-2,1.55194E-2,1.49636E-2,1.60121E-2,1.53633E-2,1.50059E-2,1.46015E-2,1.60788E-2,1.59431E-2,1.63814E-2,1.31643E-2,1.49134E-2,1.51012E-2,1.51661E-2,1.48983E-2,1.45325E-2,1.43071E-2,1.43172E-2,1.36977E-2,1.32887E-2,1.34938E-2,1.46899E-2,1.34313E-2,1.33029E-2,1.37164E-2,1.35753E-2,1.31719E-2,1.34147E-2,1.27512E-2,1.23225E-2,1.23488E-2,1.27505E-2,1.20366E-2,1.21409E-2,1.19404E-2,1.14464E-2,1.17875E-2,1.14096E-2,1.16339E-2,1.08134E-2,1.05780E-2,1.11024E-2,1.08252E-2,1.02693E-2,1.02339E-2,9.62848E-3,8.47045E-3,7.91417E-3,7.81903E-3,6.71444E-3,5.57159E-3,4.92979E-3,4.62246E-3,4.66498E-3,3.91492E-3,3.83860E-3,2.93657E-3,1.37455E-3,9.98385E-4,1.16981E-3,1.60546E-4,2.19979E-4,-9.39111E-4,-1.17870E-3,-2.17917E-3,-2.07594E-3,-2.80850E-3,-3.15971E-3,-3.17878E-3,-4.50678E-3,-4.40229E-3,-4.34100E-3,-4.58859E-3,-5.51462E-3,-5.64343E-3,-6.05520E-3,-6.04531E-3,-6.41961E-3,-6.45327E-3,-6.20512E-3,-6.33687E-3,-6.52651E-3,-6.79785E-3,-6.72154E-3,-6.83717E-3,-7.16163E-3,-7.13925E-3,-7.25485E-3,-7.12104E-3,-6.44722E-3,-6.59995E-3,-6.97832E-3,-6.75797E-3,-6.61497E-3,-6.49260E-3,-5.82683E-3,-6.42207E-3,-6.86279E-3,-6.57600E-3,-6.29119E-3,-5.85320E-3,-5.10561E-3,-5.60253E-3,-4.90629E-3,-4.46860E-3,-3.72663E-3,-3.73569E-3,-3.15674E-3,-2.66481E-3,-2.90722E-3,-3.23836E-3,-3.03872E-3,-3.17472E-3,-2.98262E-3,-3.69183E-3,-2.82900E-3,-4.05095E-3,-4.12845E-3,-3.97794E-3,-4.82942E-3,-5.05085E-3,-6.22908E-3,-7.18822E-3,-7.40407E-3,-5.11780E-3,-4.31139E-3,-3.94065E-3
1.10837E+3,6.79839E-4,5.83582E-4,-5.07658E-4,4.06241E-4,1.69025E-5,-8.08128E-4,-1.34875E-3,-9.03610E-6,5.88972E-6,-5.37882E-5,-3.31888E-4,1.50320E-4,7.95417E-4,5.01551E-4,-8.04965E-5,5.08335E-4,1.03704E-3,1.19932E-3,3.10707E-3,6.95824E-3,8.92373E-3,1.00841E-2,1.20516E-2,1.42926E-2,1.49768E-2,1.60295E-2,1.58670E-2,1.66643E-2,1.58978E-2,1.65450E-2,1.57168E-2,1.52951E-2,1.46851E-2,1.51458E-2,1.55660E-2,1.39699E-2,1.44190E-2,1.53231E-2,1.49218E-2,1.57302E-2,1.49353E-2,1.51489E-2,1.48063E-2,1.58278E-2,1.52767E-2,1.46545E-2,1.44034E-2,1.59989E-2,1.59622E-2,1.62661E-2,1.31512E-2,1.48446E-2,1.52009E-2,1.52240E-2,1.48377E-2,1.43460E-2,1.41180E-2,1.42312E-2,1.37600E-2,1.32417E-2,1.33422E-2,1.47676E-2,1.33946E-2,1.32058E-2,1.37148E-2,1.34924E-2,1.30902E-2,1.34603E-2,1.28326E-2,1.22923E-2,1.22871E-2,1.28427E-2,1.19699E-2,1.21013E-2,1.20772E-2,1.15518E-2,1.18300E-2,1.15666E-2,1.18494E-2,1.08653E-2,1.05482E-2,1.11537E-2,1.08926E-2,1.01835E-2,1.02157E-2,9.67197E-3,8.49685E-3,7.99891E-3,7.87441E-3,6.76307E-3,5.50802E-3,4.93047E-3,4.51287E-3,4.81459E-3,4.03446E-3,3.94159E-3,2.99151E-3,1.36179E-3,1.05359E-3,1.25420E-3,2.02679E-4,4.05797E-4,-8.55342E-4,-1.13333E-3,-2.09183E-3,-1.84194E-3,-2.75690E-3,-3.08032E-3,-3.14696E-3,-4.52250E-3,-4.34485E-3,-4.29893E-3,-4.55932E-3,-5.59678E-3,-5.69165E-3,-5.98046E-3,-6.07771E-3,-6.42565E-3,-6.39917E-3,-6.10936E-3,-6.32877E-3,-6.52286E-3,-6.82056E-3,-6.64649E-3,-6.76737E-3,-7.15793E-3,-7.15015E-3,-7.19633E-3,-7.15282E-3,-6.38725E-3,-6.54254E-3,-7.05229E-3,-6.73731E-3,-6.60597E-3,-6.49348E-3,-5.74119E-3,-6.44702E-3,-6.90640E-3,-6.56749E-3,-6.26351E-3,-5.74702E-3,-5.03682E-3,-5.71093E-3,-4.79753E-3,-4.47087E-3,-3.75796E-3,-3.72245E-3,-3.08919E-3,-2.55951E-3,-2.85790E-3,-3.33037E-3,-2.92860E-3,-3.11403E-3,-2.91627E-3,-3.75047E-3,-2.71807E-3,-4.06721E-3,-4.08322E-3,-4.00057E-3,-4.84214E-3,-4.99393E-3,-6.29497E-3,-7.20458E-3,-7.53871E-3,-5.16971E-3,-4.24633E-3,-3.89407E-3
1.11183E+3,8.06886E-4,6.59633E-4,-5.06076E-4,3.80367E-4,-7.66260E-5,-8.69944E-4,-1.33640E-3,4.36389E-5,1.52554E-5,-8.06772E-5,-3.90231E-4,1.62898E-4,7.99153E-4,4.70391E-4,-7.82658E-5,3.84156E-4,1.01118E-3,1.04456E-3,3.09372E-3,6.91009E-3,8.49007E-3,9.77001E-3,1.16065E-2,1.40778E-2,1.46353E-2,1.57760E-2,1.57275E-2,1.64742E-2,1.57198E-2,1.63524E-2,1.55193E-2,1.51799E-2,1.45736E-2,1.50936E-2,1.51559E-2,1.39046E-2,1.41952E-2,1.51597E-2,1.47675E-2,1.55211E-2,1.47146E-2,1.47365E-2,1.45857E-2,1.55244E-2,1.50321E-2,1.45159E-2,1.42492E-2,1.58304E-2,1.58373E-2,1.60973E-2,1.29751E-2,1.47826E-2,1.51406E-2,1.51172E-2,1.47712E-2,1.42423E-2,1.40528E-2,1.40687E-2,1.36754E-2,1.31122E-2,1.33108E-2,1.47346E-2,1.33967E-2,1.30740E-2,1.36738E-2,1.34943E-2,1.30262E-2,1.33781E-2,1.28756E-2,1.22906E-2,1.21488E-2,1.28667E-2,1.20625E-2,1.20271E-2,1.20734E-2,1.16443E-2,1.19166E-2,1.15211E-2,1.18519E-2,1.08317E-2,1.05157E-2,1.12403E-2,1.08768E-2,1.02211E-2,1.03998E-2,9.77873E-3,8.44058E-3,7.98234E-3,7.73263E-3,6.75965E-3,5.40059E-3,4.92541E-3,4.64304E-3,4.85314E-3,4.12675E-3,3.77939E-3,3.05220E-3,1.37724E-3,1.01650E-3,1.35945E-3,1.55942E-4,5.15067E-4,-7.83528E-4,-1.01822E-3,-1.97647E-3,-1.85741E-3,-2.71565E-3,-2.91177E-3,-3.04753E-3,-4.45188E-3,-4.28790E-3,-4.20975E-3,-4.48441E-3,-5.60127E-3,-5.70582E-3,-6.00937E-3,-6.02454E-3,-6.43467E-3,-6.35033E-3,-6.13485E-3,-6.35257E-3,-6.55894E-3,-6.94536E-3,-6.53242E-3,-6.82042E-3,-7.15345E-3,-7.15351E-3,-7.19378E-3,-7.16206E-3,-6.31194E-3,-6.45367E-3,-7.03738E-3,-6.78022E-3,-6.63336E-3,-6.37470E-3,-5.69208E-3,-6.47411E-3,-6.93917E-3,-6.53517E-3,-6.25137E-3,-5.78692E-3,-4.89708E-3,-5.74588E-3,-4.84009E-3,-4.58604E-3,-3.77644E-3,-3.66635E-3,-3.07196E-3,-2.52178E-3,-2.78686E-3,-3.26082E-3,-2.92354E-3,-3.13165E-3,-2.88953E-3,-3.71573E-3,-2.66962E-3,-4.09189E-3,-4.03500E-3,-4.04618E-3,-4.77067E-3,-4.96076E-3,-6.23505E-3,-7.28116E-3,-7.62610E-3,-5.20156E-3,-4.16449E-3,-3.78685E-3
1.11529E+3,8.10462E-4,6.61665E-4,-5.73532E-4,5.60157E-4,-1.33897E-4,-9.16069E-4,-1.37959E-3,5.91776E-5,-3.98195E-5,-9.96619E-5,-3.19279E-4,1.04673E-4,8.20887E-4,5.04812E-4,-5.99830E-5,3.85188E-4,9.42796E-4,7.37232E-4,3.16455E-3,6.90436E-3,8.21557E-3,9.70870E-3,1.12069E-2,1.39398E-2,1.46024E-2,1.54383E-2,1.55574E-2,1.63408E-2,1.55661E-2,1.63918E-2,1.57297E-2,1.49453E-2,1.44159E-2,1.49575E-2,1.49675E-2,1.36681E-2,1.39801E-2,1.50872E-2,1.47181E-2,1.54039E-2,1.46172E-2,1.43205E-2,1.44212E-2,1.53130E-2,1.48275E-2,1.42008E-2,1.40861E-2,1.58055E-2,1.58847E-2,1.61307E-2,1.28388E-2,1.48283E-2,1.51424E-2,1.52423E-2,1.48132E-2,1.41127E-2,1.38297E-2,1.39744E-2,1.35821E-2,1.28933E-2,1.29941E-2,1.47040E-2,1.32888E-2,1.30137E-2,1.36907E-2,1.33450E-2,1.29374E-2,1.33860E-2,1.28833E-2,1.21153E-2,1.19848E-2,1.28979E-2,1.18598E-2,1.19887E-2,1.21100E-2,1.15649E-2,1.19454E-2,1.15969E-2,1.19085E-2,1.07314E-2,1.05021E-2,1.12935E-2,1.07821E-2,1.00448E-2,1.04389E-2,9.82501E-3,8.36350E-3,8.01307E-3,7.76344E-3,6.85436E-3,5.44471E-3,5.04244E-3,4.57651E-3,5.09873E-3,4.47702E-3,3.78913E-3,3.11697E-3,1.40976E-3,1.16948E-3,1.53069E-3,1.67031E-4,7.89566E-4,-6.68830E-4,-8.63795E-4,-1.94866E-3,-1.71131E-3,-2.41783E-3,-2.77726E-3,-2.95375E-3,-4.41674E-3,-4.17753E-3,-4.00878E-3,-4.27613E-3,-5.58668E-3,-5.51866E-3,-5.91824E-3,-5.95038E-3,-6.48590E-3,-6.12768E-3,-5.99818E-3,-6.14666E-3,-6.47323E-3,-6.98071E-3,-6.32351E-3,-6.73350E-3,-7.07553E-3,-7.04693E-3,-7.05663E-3,-7.18233E-3,-6.20209E-3,-6.39268E-3,-7.06034E-3,-6.66859E-3,-6.49724E-3,-6.30191E-3,-5.58903E-3,-6.41244E-3,-6.94353E-3,-6.53366E-3,-6.29430E-3,-5.77319E-3,-4.74150E-3,-5.89464E-3,-4.66300E-3,-4.52559E-3,-3.81124E-3,-3.67839E-3,-2.93935E-3,-2.31441E-3,-2.69453E-3,-3.30271E-3,-2.87807E-3,-3.02914E-3,-2.76076E-3,-3.68658E-3,-2.62782E-3,-4.05228E-3,-3.92597E-3,-3.92260E-3,-4.67316E-3,-4.90478E-3,-6.22531E-3,-7.37367E-3,-7.78332E-3,-5.08823E-3,-4.05417E-3,-3.71637E-3
1.11875E+3,9.43426E-4,7.18889E-4,-6.08603E-4,6.13568E-4,-3.10589E-4,-9.74810E-4,-1.52337E-3,6.24248E-5,3.68126E-5,-1.48209E-4,-3.02631E-4,2.22130E-4,8.72550E-4,3.94834E-4,3.58081E-6,2.58307E-4,8.25086E-4,3.41148E-4,3.09249E-3,6.63730E-3,7.68511E-3,8.90106E-3,1.03334E-2,1.34642E-2,1.39926E-2,1.47608E-2,1.50248E-2,1.59321E-2,1.51766E-2,1.60925E-2,1.53082E-2,1.46386E-2,1.39268E-2,1.46379E-2,1.45392E-2,1.35365E-2,1.34000E-2,1.48549E-2,1.44750E-2,1.49745E-2,1.41981E-2,1.35221E-2,1.39175E-2,1.48795E-2,1.44896E-2,1.36679E-2,1.36689E-2,1.55816E-2,1.56560E-2,1.57740E-2,1.25043E-2,1.46428E-2,1.49637E-2,1.50495E-2,1.45592E-2,1.38904E-2,1.35715E-2,1.37042E-2,1.35526E-2,1.27827E-2,1.27606E-2,1.45778E-2,1.31278E-2,1.27778E-2,1.34186E-2,1.30952E-2,1.27313E-2,1.33258E-2,1.29348E-2,1.20078E-2,1.18102E-2,1.28539E-2,1.18907E-2,1.20352E-2,1.19896E-2,1.15978E-2,1.18464E-2,1.16772E-2,1.20794E-2,1.05754E-2,1.03568E-2,1.12885E-2,1.07300E-2,9.65697E-3,1.04994E-2,1.00277E-2,8.34618E-3,7.94337E-3,7.67901E-3,6.81713E-3,5.26261E-3,4.90195E-3,4.48877E-3,5.20926E-3,4.47880E-3,3.83287E-3,3.10310E-3,1.32812E-3,1.11077E-3,1.63461E-3,1.51113E-4,1.06815E-3,-7.33420E-4,-8.71917E-4,-1.87406E-3,-1.70053E-3,-2.32404E-3,-2.80772E-3,-2.91865E-3,-4.49055E-3,-4.12077E-3,-4.01185E-3,-4.19652E-3,-5.73994E-3,-5.54516E-3,-5.98360E-3,-5.99387E-3,-6.53121E-3,-6.14314E-3,-5.85362E-3,-6.09378E-3,-6.51660E-3,-7.21994E-3,-6.17236E-3,-6.71572E-3,-7.11711E-3,-7.00272E-3,-6.97928E-3,-7.15684E-3,-6.12142E-3,-6.25961E-3,-7.21338E-3,-6.69474E-3,-6.42078E-3,-6.22841E-3,-5.49505E-3,-6.37459E-3,-6.98068E-3,-6.61459E-3,-6.23344E-3,-5.75940E-3,-4.60628E-3,-6.01297E-3,-4.61187E-3,-4.53708E-3,-3.73932E-3,-3.69923E-3,-2.78298E-3,-2.14309E-3,-2.57835E-3,-3.36602E-3,-2.78125E-3,-2.94604E-3,-2.68688E-3,-3.66657E-3,-2.43207E-3,-4.06196E-3,-3.87597E-3,-3.85563E-3,-4.69592E-3,-4.85228E-3,-6.26041E-3,-7.49630E-3,-7.96902E-3,-4.99316E-3,-3.91535E-3,-3.57905E-3
1.12221E+3,9.96592E-4,7.92185E-4,-6.45141E-4,6.43123E-4,-4.05824E-4,-9.76216E-4,-1.49484E-3,1.44671E-4,-1.45233E-5,-1.99569E-4,-2.75004E-4,1.89795E-4,8.46008E-4,3.91412E-4,7.32902E-6,2.12604E-4,7.30108E-4,1.48550E-4,3.03286E-3,6.56441E-3,7.31556E-3,8.69450E-3,9.96239E-3,1.34266E-2,1.38315E-2,1.46059E-2,1.50003E-2,1.58430E-2,1.51726E-2,1.61571E-2,1.54042E-2,1.45449E-2,1.39867E-2,1.47496E-2,1.42056E-2,1.35372E-2,1.31003E-2,1.47591E-2,1.45896E-2,1.48273E-2,1.40737E-2,1.33765E-2,1.37698E-2,1.47148E-2,1.41894E-2,1.33664E-2,1.35505E-2,1.54298E-2,1.55860E-2,1.58323E-2,1.24938E-2,1.45748E-2,1.49474E-2,1.49220E-2,1.45330E-2,1.39700E-2,1.34543E-2,1.36862E-2,1.36494E-2,1.28687E-2,1.27642E-2,1.45476E-2,1.29610E-2,1.25805E-2,1.32344E-2,1.30480E-2,1.26958E-2,1.34983E-2,1.31411E-2,1.20595E-2,1.17745E-2,1.28008E-2,1.18951E-2,1.21591E-2,1.21570E-2,1.18146E-2,1.18106E-2,1.19724E-2,1.22962E-2,1.06057E-2,1.04319E-2,1.13760E-2,1.07888E-2,9.72195E-3,1.05433E-2,1.01382E-2,8.39487E-3,8.02201E-3,7.64782E-3,6.73504E-3,5.22786E-3,4.95701E-3,4.57650E-3,5.35770E-3,4.62069E-3,3.81142E-3,3.11453E-3,1.22744E-3,1.12663E-3,1.70217E-3,-2.93397E-6,1.17877E-3,-8.02832E-4,-9.11279E-4,-1.84612E-3,-1.64092E-3,-2.34324E-3,-2.61675E-3,-2.85305E-3,-4.47676E-3,-4.06980E-3,-4.03430E-3,-4.12818E-3,-5.77937E-3,-5.52544E-3,-5.97153E-3,-5.86297E-3,-6.70984E-3,-6.04461E-3,-5.78444E-3,-6.08127E-3,-6.43211E-3,-7.21270E-3,-6.08185E-3,-6.66659E-3,-7.12555E-3,-6.91591E-3,-6.96272E-3,-7.19555E-3,-6.06268E-3,-6.12269E-3,-7.23229E-3,-6.61376E-3,-6.41767E-3,-6.14676E-3,-5.56127E-3,-6.31281E-3,-6.99719E-3,-6.58774E-3,-6.21071E-3,-5.70558E-3,-4.56352E-3,-6.09752E-3,-4.57194E-3,-4.61218E-3,-3.71797E-3,-3.58926E-3,-2.81898E-3,-2.09366E-3,-2.48162E-3,-3.33446E-3,-2.86821E-3,-2.91404E-3,-2.62638E-3,-3.69469E-3,-2.33946E-3,-4.10576E-3,-3.79321E-3,-3.81590E-3,-4.79321E-3,-4.85291E-3,-6.29570E-3,-7.51731E-3,-8.06321E-3,-4.91219E-3,-3.86892E-3,-3.55894E-3
1.12567E+3,1.12103E-3,8.26852E-4,-6.93944E-4,6.86788E-4,-4.92332E-4,-1.08065E-3,-1.47249E-3,2.15526E-4,-1.03184E-4,-2.41613E-4,-3.21580E-4,2.98136E-4,9.28597E-4,3.31229E-4,-2.36456E-6,1.24494E-4,6.49479E-4,-1.07138E-4,2.92518E-3,6.45987E-3,7.08006E-3,8.31337E-3,9.46079E-3,1.32645E-2,1.38203E-2,1.45724E-2,1.51059E-2,1.59728E-2,1.53791E-2,1.63505E-2,1.56878E-2,1.47324E-2,1.40133E-2,1.49896E-2,1.43070E-2,1.36318E-2,1.32179E-2,1.49222E-2,1.47478E-2,1.48071E-2,1.41126E-2,1.31560E-2,1.37470E-2,1.46840E-2,1.42858E-2,1.31251E-2,1.36188E-2,1.54285E-2,1.55647E-2,1.59943E-2,1.25446E-2,1.49808E-2,1.51290E-2,1.50997E-2,1.46747E-2,1.40708E-2,1.35007E-2,1.37890E-2,1.38041E-2,1.29895E-2,1.27075E-2,1.47435E-2,1.29901E-2,1.27409E-2,1.32361E-2,1.29832E-2,1.26073E-2,1.37682E-2,1.31650E-2,1.20502E-2,1.17680E-2,1.29376E-2,1.19317E-2,1.22339E-2,1.23018E-2,1.18665E-2,1.19181E-2,1.21294E-2,1.24483E-2,1.07796E-2,1.05417E-2,1.15860E-2,1.07952E-2,9.55663E-3,1.08445E-2,1.04139E-2,8.51377E-3,8.13720E-3,7.77192E-3,6.76508E-3,5.13910E-3,4.99571E-3,4.64054E-3,5.58329E-3,4.80152E-3,3.89300E-3,3.18006E-3,1.25070E-3,1.27170E-3,1.87797E-3,2.32396E-5,1.54979E-3,-7.31598E-4,-7.36288E-4,-1.78512E-3,-1.49480E-3,-2.12163E-3,-2.50759E-3,-2.70834E-3,-4.57409E-3,-3.93913E-3,-3.81461E-3,-4.10848E-3,-5.92897E-3,-5.42786E-3,-5.92179E-3,-5.81396E-3,-6.66950E-3,-5.97714E-3,-5.66883E-3,-5.98489E-3,-6.50350E-3,-7.35395E-3,-5.85860E-3,-6.61719E-3,-7.07837E-3,-6.77630E-3,-6.83220E-3,-7.17593E-3,-5.87469E-3,-6.02602E-3,-7.24364E-3,-6.58894E-3,-6.30707E-3,-6.16725E-3,-5.43903E-3,-6.23432E-3,-6.97870E-3,-6.58531E-3,-6.10121E-3,-5.77211E-3,-4.46136E-3,-6.25897E-3,-4.49280E-3,-4.68595E-3,-3.64987E-3,-3.62607E-3,-2.68276E-3,-1.90724E-3,-2.46261E-3,-3.34506E-3,-2.77997E-3,-2.89229E-3,-2.44024E-3,-3.65915E-3,-2.16295E-3,-4.12443E-3,-3.76534E-3,-3.83919E-3,-4.73392E-3,-4.71979E-3,-6.30869E-3,-7.56415E-3,-8.26585E-3,-4.83606E-3,-3.75738E-3,-3.52485E-3
1.12913E+3,1.19453E-3,7.97748E-4,-7.38044E-4,9.23945E-4,-5.81597E-4,-1.07163E-3,-1.40481E-3,1.86846E-4,-2.67395E-4,-2.71460E-4,-2.21147E-4,2.78425E-4,8.45015E-4,2.58508E-4,7.10611E-5,9.69187E-5,5.67100E-4,-1.58726E-4,3.06651E-3,6.46202E-3,6.62455E-3,8.02188E-3,9.17382E-3,1.31971E-2,1.36133E-2,1.44875E-2,1.52151E-2,1.59695E-2,1.55180E-2,1.64051E-2,1.57325E-2,1.48413E-2,1.41891E-2,1.50697E-2,1.40505E-2,1.36670E-2,1.30439E-2,1.49395E-2,1.48007E-2,1.46864E-2,1.42153E-2,1.30350E-2,1.36368E-2,1.46013E-2,1.44503E-2,1.30452E-2,1.35529E-2,1.54688E-2,1.55551E-2,1.62152E-2,1.28330E-2,1.50605E-2,1.51593E-2,1.51376E-2,1.47166E-2,1.42083E-2,1.35803E-2,1.39007E-2,1.40071E-2,1.31876E-2,1.28431E-2,1.47860E-2,1.31829E-2,1.28692E-2,1.33273E-2,1.32717E-2,1.27980E-2,1.39076E-2,1.37163E-2,1.23383E-2,1.20619E-2,1.32697E-2,1.22494E-2,1.25582E-2,1.24196E-2,1.20093E-2,1.20327E-2,1.24530E-2,1.26842E-2,1.09313E-2,1.07753E-2,1.17251E-2,1.09619E-2,9.75954E-3,1.10447E-2,1.06217E-2,8.75600E-3,8.41173E-3,7.91863E-3,7.09420E-3,5.31982E-3,5.19560E-3,4.90767E-3,5.74422E-3,5.01742E-3,3.98639E-3,3.27690E-3,1.19487E-3,1.41144E-3,2.09376E-3,-2.46736E-5,1.63746E-3,-7.94416E-4,-7.39382E-4,-1.74371E-3,-1.35185E-3,-2.07803E-3,-2.43591E-3,-2.76267E-3,-4.52462E-3,-3.97161E-3,-3.78425E-3,-4.22965E-3,-6.19434E-3,-5.38774E-3,-6.09359E-3,-5.85481E-3,-6.86114E-3,-5.89916E-3,-5.66545E-3,-6.13496E-3,-6.55892E-3,-7.54238E-3,-5.90586E-3,-6.74178E-3,-7.24454E-3,-6.82913E-3,-6.93887E-3,-7.23738E-3,-6.01926E-3,-6.13235E-3,-7.26953E-3,-6.75269E-3,-6.40972E-3,-6.08946E-3,-5.46562E-3,-6.30369E-3,-7.10182E-3,-6.78060E-3,-6.20284E-3,-5.84203E-3,-4.38899E-3,-6.36088E-3,-4.53211E-3,-4.63752E-3,-3.68148E-3,-3.65640E-3,-2.54649E-3,-1.82037E-3,-2.39594E-3,-3.44973E-3,-2.69925E-3,-2.77185E-3,-2.41421E-3,-3.71844E-3,-2.21481E-3,-4.12349E-3,-3.76227E-3,-3.93278E-3,-4.80256E-3,-4.81015E-3,-6.26443E-3,-7.65690E-3,-8.48069E-3,-4.86512E-3,-3.79215E-3,-3.51892E-3
1.13259E+3,1.09062E-3,6.31838E-4,-6.41511E-4,7.56304E-4,-4.64222E-4,-9.04416E-4,-1.21913E-3,1.12315E-4,-1.70128E-4,-2.45079E-4,-1.94019E-4,2.65581E-4,7.07853E-4,1.97230E-4,7.67584E-5,8.24315E-5,5.02428E-4,-1.59767E-4,2.35343E-3,5.07462E-3,5.01547E-3,6.05145E-3,6.93524E-3,1.02912E-2,1.09887E-2,1.13692E-2,1.21553E-2,1.29174E-2,1.25548E-2,1.34218E-2,1.33085E-2,1.23560E-2,1.15924E-2,1.24038E-2,1.16627E-2,1.12955E-2,1.07295E-2,1.24820E-2,1.23636E-2,1.21184E-2,1.16502E-2,1.06538E-2,1.11368E-2,1.20988E-2,1.18872E-2,1.05329E-2,1.12381E-2,1.25707E-2,1.25869E-2,1.36039E-2,1.05555E-2,1.26381E-2,1.24835E-2,1.24135E-2,1.20166E-2,1.16751E-2,1.10160E-2,1.13233E-2,1.12909E-2,1.08266E-2,1.04649E-2,1.21100E-2,1.06125E-2,1.04944E-2,1.07372E-2,1.07051E-2,1.04419E-2,1.13377E-2,1.11028E-2,9.97971E-3,9.87774E-3,1.07922E-2,9.93294E-3,1.02463E-2,1.01064E-2,9.69751E-3,9.84145E-3,1.01497E-2,1.03611E-2,8.83066E-3,8.68968E-3,9.67199E-3,8.88222E-3,7.79079E-3,8.94530E-3,8.67329E-3,7.07498E-3,6.73480E-3,6.58328E-3,5.70404E-3,4.28249E-3,4.12955E-3,3.91911E-3,4.68958E-3,3.95120E-3,3.22797E-3,2.67253E-3,8.90644E-4,1.22654E-3,1.72771E-3,6.57527E-6,1.58880E-3,-5.55793E-4,-5.39897E-4,-1.31808E-3,-9.25702E-4,-1.56984E-3,-1.86186E-3,-2.15835E-3,-3.68285E-3,-3.00312E-3,-2.89940E-3,-3.26170E-3,-4.93269E-3,-4.22010E-3,-4.87344E-3,-4.64147E-3,-5.48507E-3,-4.65385E-3,-4.47550E-3,-4.85389E-3,-5.31543E-3,-6.26138E-3,-4.57078E-3,-5.42524E-3,-5.81501E-3,-5.40517E-3,-5.45940E-3,-5.81138E-3,-4.68782E-3,-4.77045E-3,-5.93510E-3,-5.32070E-3,-5.03851E-3,-4.89837E-3,-4.43511E-3,-4.99326E-3,-5.75460E-3,-5.43438E-3,-4.89950E-3,-4.56626E-3,-3.34430E-3,-5.27852E-3,-3.54912E-3,-3.75987E-3,-2.82880E-3,-2.93180E-3,-2.06397E-3,-1.31236E-3,-1.93628E-3,-2.72736E-3,-2.12256E-3,-2.16863E-3,-1.80896E-3,-2.97825E-3,-1.62815E-3,-3.36104E-3,-2.98619E-3,-3.01506E-3,-3.78221E-3,-3.79474E-3,-5.08753E-3,-6.16899E-3,-6.92169E-3,-3.86962E-3,-2.98503E-3,-2.77179E-3
1.13605E+3,1.26555E-3,8.44984E-4,-7.70626E-4,9.05994E-4,-7.90991E-4,-1.17812E-3,-1.36535E-3,2.32274E-4,-3.60187E-4,-2.40985E-4,-1.62263E-4,4.33918E-4,8.67557E-4,1.47780E-4,1.70467E-4,1.25324E-4,4.99495E-4,-2.24262E-4,2.83349E-3,5.95411E-3,5.99741E-3,7.07416E-3,8.32960E-3,1.25238E-2,1.30077E-2,1.37292E-2,1.45417E-2,1.53431E-2,1.51356E-2,1.61464E-2,1.55188E-2,1.44504E-2,1.35016E-2,1.45873E-2,1.30718E-2,1.33078E-2,1.22318E-2,1.46178E-2,1.46152E-2,1.41516E-2,1.38059E-2,1.19080E-2,1.28663E-2,1.37953E-2,1.43057E-2,1.20367E-2,1.31563E-2,1.51206E-2,1.49298E-2,1.60895E-2,1.27622E-2,1.50676E-2,1.48202E-2,1.47205E-2,1.43310E-2,1.39015E-2,1.29676E-2,1.34634E-2,1.37545E-2,1.32163E-2,1.23629E-2,1.45477E-2,1.28559E-2,1.23597E-2,1.26341E-2,1.29145E-2,1.24201E-2,1.38915E-2,1.36241E-2,1.21195E-2,1.19558E-2,1.31606E-2,1.20648E-2,1.25515E-2,1.24991E-2,1.20160E-2,1.20178E-2,1.24406E-2,1.28738E-2,1.08741E-2,1.06294E-2,1.18828E-2,1.07374E-2,9.22842E-3,1.11006E-2,1.07859E-2,8.69777E-3,8.35238E-3,7.83383E-3,6.95350E-3,5.20423E-3,4.93044E-3,4.83140E-3,5.65421E-3,5.00606E-3,3.80852E-3,3.20121E-3,1.15860E-3,1.46756E-3,2.24157E-3,-5.57225E-5,2.07200E-3,-7.49332E-4,-8.33382E-4,-1.65730E-3,-1.30173E-3,-1.90754E-3,-2.35249E-3,-2.66790E-3,-4.66468E-3,-3.86108E-3,-3.56334E-3,-4.23138E-3,-6.31964E-3,-5.23666E-3,-6.11698E-3,-5.80409E-3,-6.95193E-3,-5.72360E-3,-5.45572E-3,-5.92439E-3,-6.74963E-3,-7.82321E-3,-5.62966E-3,-6.73153E-3,-7.32286E-3,-6.75736E-3,-6.74561E-3,-7.25545E-3,-5.66536E-3,-5.84719E-3,-7.30201E-3,-6.54757E-3,-6.22795E-3,-6.15961E-3,-5.48865E-3,-6.19249E-3,-7.09616E-3,-6.78874E-3,-6.09842E-3,-5.74006E-3,-4.15674E-3,-6.58103E-3,-4.33142E-3,-4.61676E-3,-3.39055E-3,-3.63752E-3,-2.39711E-3,-1.55334E-3,-2.37083E-3,-3.34054E-3,-2.62616E-3,-2.62460E-3,-2.14563E-3,-3.63549E-3,-1.87319E-3,-4.08307E-3,-3.75713E-3,-3.68474E-3,-4.75968E-3,-4.64610E-3,-6.21530E-3,-7.70193E-3,-8.65792E-3,-4.79040E-3,-3.62077E-3,-3.46312E-3
1.13951E+3,1.29401E-3,8.28797E-4,-8.18209E-4,8.63569E-4,-8.33496E-4,-1.14259E-3,-1.31304E-3,2.30913E-4,-4.88493E-4,-1.89868E-4,-7.20100E-5,4.44190E-4,7.77854E-4,1.02945E-4,3.15427E-4,1.23360E-4,4.32863E-4,-8.32023E-5,2.67512E-3,5.51046E-3,5.32537E-3,6.27190E-3,7.51556E-3,1.18159E-2,1.23287E-2,1.27375E-2,1.37674E-2,1.46473E-2,1.44293E-2,1.53820E-2,1.48949E-2,1.39804E-2,1.29247E-2,1.38008E-2,1.25179E-2,1.28745E-2,1.17408E-2,1.41398E-2,1.41368E-2,1.34721E-2,1.33387E-2,1.13113E-2,1.23615E-2,1.30768E-2,1.39733E-2,1.15048E-2,1.27327E-2,1.45619E-2,1.40840E-2,1.55490E-2,1.21912E-2,1.43995E-2,1.41158E-2,1.39964E-2,1.38161E-2,1.34273E-2,1.24530E-2,1.29970E-2,1.31877E-2,1.28737E-2,1.19419E-2,1.39261E-2,1.24370E-2,1.18646E-2,1.20286E-2,1.24486E-2,1.18802E-2,1.33603E-2,1.32994E-2,1.16512E-2,1.15307E-2,1.25428E-2,1.14816E-2,1.21579E-2,1.19761E-2,1.15166E-2,1.14657E-2,1.21290E-2,1.23652E-2,1.06311E-2,1.03789E-2,1.15253E-2,1.03869E-2,8.92842E-3,1.08366E-2,1.05638E-2,8.35411E-3,8.06132E-3,7.53027E-3,6.76954E-3,5.00103E-3,4.79875E-3,4.59100E-3,5.32010E-3,4.77503E-3,3.77497E-3,3.15586E-3,1.12283E-3,1.40284E-3,2.25181E-3,-1.35723E-5,2.06462E-3,-5.33655E-4,-8.36579E-4,-1.41407E-3,-1.01077E-3,-1.69289E-3,-2.07453E-3,-2.51891E-3,-4.51175E-3,-3.53899E-3,-3.20359E-3,-3.99254E-3,-6.06170E-3,-4.97274E-3,-5.82190E-3,-5.40521E-3,-6.61723E-3,-5.31619E-3,-5.17897E-3,-5.57804E-3,-6.26477E-3,-7.34132E-3,-5.23645E-3,-6.32769E-3,-6.94632E-3,-6.34864E-3,-6.38364E-3,-6.78763E-3,-5.29059E-3,-5.36637E-3,-6.89451E-3,-6.14179E-3,-5.86102E-3,-5.75637E-3,-5.28340E-3,-5.82791E-3,-6.70993E-3,-6.53306E-3,-5.76031E-3,-5.44459E-3,-3.87305E-3,-6.30091E-3,-4.01577E-3,-4.31980E-3,-3.07713E-3,-3.37808E-3,-2.28027E-3,-1.26124E-3,-2.26329E-3,-3.13356E-3,-2.37527E-3,-2.46907E-3,-1.85664E-3,-3.35824E-3,-1.64293E-3,-3.84210E-3,-3.52851E-3,-3.41724E-3,-4.40946E-3,-4.33896E-3,-5.86597E-3,-7.28477E-3,-8.34910E-3,-4.51759E-3,-3.41744E-3,-3.32962E-3
1.14298E+3,1.19158E-3,8.93781E-4,-8.65166E-4,8.84916E-4,-8.50087E-4,-1.18442E-3,-1.14411E-3,2.66407E-4,-5.62559E-4,-2.00692E-4,1.12452E-5,4.40760E-4,6.72649E-4,-5.07830E-5,4.96472E-4,1.37803E-4,4.29781E-4,2.86032E-4,2.51792E-3,5.19955E-3,5.00925E-3,5.69393E-3,7.14012E-3,1.12954E-2,1.18242E-2,1.23386E-2,1.34206E-2,1.41888E-2,1.42569E-2,1.51713E-2,1.46824E-2,1.38099E-2,1.26148E-2,1.34466E-2,1.21923E-2,1.26376E-2,1.14651E-2,1.39458E-2,1.41636E-2,1.31791E-2,1.31023E-2,1.05686E-2,1.18715E-2,1.27467E-2,1.40353E-2,1.10455E-2,1.24734E-2,1.41444E-2,1.36443E-2,1.52285E-2,1.19016E-2,1.40019E-2,1.38456E-2,1.36700E-2,1.35199E-2,1.34573E-2,1.21519E-2,1.26519E-2,1.30960E-2,1.27008E-2,1.18370E-2,1.35714E-2,1.20186E-2,1.14632E-2,1.16373E-2,1.20671E-2,1.16129E-2,1.32356E-2,1.28873E-2,1.13731E-2,1.13475E-2,1.23103E-2,1.10429E-2,1.20804E-2,1.18259E-2,1.13231E-2,1.11321E-2,1.17691E-2,1.21866E-2,1.04700E-2,1.03796E-2,1.14195E-2,1.02586E-2,8.73709E-3,1.06903E-2,1.06295E-2,8.37488E-3,7.96602E-3,7.54765E-3,6.60058E-3,4.85249E-3,4.58114E-3,4.43552E-3,5.08867E-3,4.70291E-3,3.78329E-3,3.01329E-3,1.03002E-3,1.36973E-3,2.18919E-3,-1.37781E-4,1.90777E-3,-6.88924E-4,-9.93639E-4,-1.49372E-3,-9.89590E-4,-1.62519E-3,-2.16553E-3,-2.41936E-3,-4.56067E-3,-3.59126E-3,-3.32418E-3,-4.01101E-3,-6.23403E-3,-4.94968E-3,-5.75939E-3,-5.38924E-3,-6.62701E-3,-5.26693E-3,-4.99264E-3,-5.42552E-3,-6.23621E-3,-7.42605E-3,-5.11325E-3,-6.29532E-3,-6.98185E-3,-6.23758E-3,-6.29228E-3,-6.77510E-3,-5.21749E-3,-5.28358E-3,-6.78678E-3,-6.03610E-3,-5.80077E-3,-5.70335E-3,-5.29548E-3,-5.84960E-3,-6.63764E-3,-6.47420E-3,-5.60906E-3,-5.32222E-3,-3.80318E-3,-6.33723E-3,-3.93727E-3,-4.36530E-3,-2.96942E-3,-3.36475E-3,-2.21783E-3,-1.17531E-3,-2.25717E-3,-3.06117E-3,-2.35343E-3,-2.38617E-3,-1.80940E-3,-3.33301E-3,-1.55730E-3,-3.83550E-3,-3.51382E-3,-3.32108E-3,-4.38531E-3,-4.18550E-3,-5.74449E-3,-7.14613E-3,-8.39562E-3,-4.42730E-3,-3.39530E-3,-3.31265E-3
1.14644E+3,1.28458E-3,8.83378E-4,-9.07317E-4,9.62077E-4,-9.75210E-4,-1.15142E-3,-1.10211E-3,2.91890E-4,-6.35473E-4,-1.00458E-4,9.00811E-5,4.41154E-4,6.39077E-4,-1.37188E-4,4.16933E-4,9.02224E-5,2.99578E-4,4.44927E-4,2.38251E-3,4.91353E-3,4.78445E-3,5.09334E-3,6.96858E-3,1.11512E-2,1.16752E-2,1.20252E-2,1.33091E-2,1.42246E-2,1.41939E-2,1.51762E-2,1.47676E-2,1.38198E-2,1.27092E-2,1.35395E-2,1.18150E-2,1.27833E-2,1.15065E-2,1.41813E-2,1.44049E-2,1.31512E-2,1.32583E-2,1.05074E-2,1.20923E-2,1.25299E-2,1.42300E-2,1.11984E-2,1.27393E-2,1.43536E-2,1.35140E-2,1.55712E-2,1.21966E-2,1.41819E-2,1.39564E-2,1.35924E-2,1.35953E-2,1.37186E-2,1.23084E-2,1.28933E-2,1.32715E-2,1.30240E-2,1.19637E-2,1.35832E-2,1.21383E-2,1.15197E-2,1.14712E-2,1.20870E-2,1.15994E-2,1.30990E-2,1.31639E-2,1.14617E-2,1.16332E-2,1.23073E-2,1.11732E-2,1.20983E-2,1.19170E-2,1.12745E-2,1.12232E-2,1.18649E-2,1.21745E-2,1.07188E-2,1.05506E-2,1.16712E-2,1.06109E-2,8.87802E-3,1.08730E-2,1.08287E-2,8.61722E-3,8.07226E-3,7.77657E-3,6.75717E-3,5.08954E-3,4.74426E-3,4.67527E-3,5.05621E-3,4.71754E-3,4.01464E-3,3.06347E-3,1.19084E-3,1.55377E-3,2.37878E-3,2.41463E-5,2.01939E-3,-5.40159E-4,-9.42678E-4,-1.34303E-3,-6.69446E-4,-1.47318E-3,-2.07595E-3,-2.30848E-3,-4.45572E-3,-3.38827E-3,-3.12669E-3,-3.99726E-3,-6.07373E-3,-4.80608E-3,-5.71418E-3,-5.19637E-3,-6.48857E-3,-4.99392E-3,-4.82387E-3,-5.30885E-3,-6.13879E-3,-7.20151E-3,-4.93590E-3,-6.21321E-3,-6.94592E-3,-6.13150E-3,-6.21480E-3,-6.65535E-3,-5.02946E-3,-5.04389E-3,-6.58693E-3,-5.87480E-3,-5.70325E-3,-5.71897E-3,-5.44349E-3,-5.72212E-3,-6.58879E-3,-6.31910E-3,-5.46006E-3,-5.22306E-3,-3.73766E-3,-6.28557E-3,-3.70934E-3,-4.24583E-3,-2.76263E-3,-3.29630E-3,-2.16947E-3,-9.82982E-4,-2.32661E-3,-3.05275E-3,-2.28758E-3,-2.33747E-3,-1.64802E-3,-3.19804E-3,-1.49802E-3,-3.75031E-3,-3.47130E-3,-3.32526E-3,-4.28424E-3,-4.17033E-3,-5.73166E-3,-6.95203E-3,-8.36461E-3,-4.29815E-3,-3.41104E-3,-3.36068E-3
1.14991E+3,1.23011E-3,7.92602E-4,-1.02264E-3,9.30630E-4,-1.01213E-3,-1.14132E-3,-9.51947E-4,3.95713E-4,-7.81179E-4,8.16685E-6,1.59215E-4,4.30566E-4,5.85967E-4,-1.47792E-4,5.24037E-4,6.66866E-5,2.21779E-4,8.02215E-4,2.28534E-3,4.63657E-3,4.62086E-3,4.71182E-3,6.82447E-3,1.09127E-2,1.15316E-2,1.19059E-2,1.31570E-2,1.41819E-2,1.41968E-2,1.50662E-2,1.45829E-2,1.36540E-2,1.24947E-2,1.32663E-2,1.14252E-2,1.25258E-2,1.12763E-2,1.39911E-2,1.42654E-2,1.29563E-2,1.31064E-2,1.02009E-2,1.19333E-2,1.22490E-2,1.43003E-2,1.09430E-2,1.27256E-2,1.41865E-2,1.31284E-2,1.54837E-2,1.20782E-2,1.39526E-2,1.36153E-2,1.33432E-2,1.33149E-2,1.37865E-2,1.20125E-2,1.28363E-2,1.31126E-2,1.31487E-2,1.17921E-2,1.33759E-2,1.18617E-2,1.14258E-2,1.12334E-2,1.19833E-2,1.13163E-2,1.30324E-2,1.31115E-2,1.13379E-2,1.15127E-2,1.20822E-2,1.09640E-2,1.20097E-2,1.18351E-2,1.11608E-2,1.09659E-2,1.17295E-2,1.19052E-2,1.05713E-2,1.05356E-2,1.15965E-2,1.05773E-2,8.88555E-3,1.06901E-2,1.08391E-2,8.61025E-3,7.97510E-3,7.85313E-3,6.77374E-3,5.18193E-3,4.53607E-3,4.76295E-3,4.68221E-3,4.56878E-3,3.86735E-3,3.09995E-3,1.15626E-3,1.37406E-3,2.28389E-3,-6.65682E-5,1.87994E-3,-5.51507E-4,-9.10744E-4,-1.24413E-3,-5.12284E-4,-1.55498E-3,-2.04346E-3,-2.18850E-3,-4.54337E-3,-3.45907E-3,-3.06841E-3,-4.19214E-3,-6.09432E-3,-4.56805E-3,-5.70560E-3,-5.06332E-3,-6.43327E-3,-4.80578E-3,-4.89411E-3,-5.16996E-3,-6.03201E-3,-7.18995E-3,-4.81431E-3,-6.04721E-3,-6.97144E-3,-5.89284E-3,-6.09019E-3,-6.53255E-3,-4.90121E-3,-4.90549E-3,-6.51846E-3,-5.81796E-3,-5.65283E-3,-5.64116E-3,-5.52550E-3,-5.56818E-3,-6.51079E-3,-6.35663E-3,-5.37839E-3,-5.17069E-3,-3.68475E-3,-6.26291E-3,-3.60305E-3,-4.16559E-3,-2.54003E-3,-3.29952E-3,-2.24351E-3,-8.30279E-4,-2.45505E-3,-3.03460E-3,-2.16246E-3,-2.36016E-3,-1.61572E-3,-3.10108E-3,-1.39696E-3,-3.70055E-3,-3.46989E-3,-3.16153E-3,-4.30456E-3,-4.11302E-3,-5.62324E-3,-6.85030E-3,-8.32148E-3,-4.32981E-3,-3.42020E-3,-3.46578E-3
1.15337E+3,1.27130E-3,8.77348E-4,-1.10195E-3,9.39422E-4,-9.67513E-4,-1.14619E-3,-9.50794E-4,6.06972E-4,-8.00266E-4,5.57107E-5,9.72048E-5,2.24098E-4,4.22816E-4,-2.09668E-4,6.81517E-4,1.52082E-4,2.24980E-4,1.05935E-3,2.22300E-3,4.34333E-3,4.40752E-3,4.26035E-3,6.72288E-3,1.06748E-2,1.13547E-2,1.15787E-2,1.29194E-2,1.39393E-2,1.40068E-2,1.48334E-2,1.42096E-2,1.34033E-2,1.23258E-2,1.29155E-2,1.08242E-2,1.22020E-2,1.09598E-2,1.36541E-2,1.41054E-2,1.26416E-2,1.30052E-2,1.00552E-2,1.18532E-2,1.18168E-2,1.41125E-2,1.08799E-2,1.25954E-2,1.39264E-2,1.27323E-2,1.54209E-2,1.20873E-2,1.37229E-2,1.32461E-2,1.27302E-2,1.30795E-2,1.37765E-2,1.20761E-2,1.28478E-2,1.29656E-2,1.31630E-2,1.17625E-2,1.30603E-2,1.14534E-2,1.13226E-2,1.09049E-2,1.20152E-2,1.11021E-2,1.28865E-2,1.31203E-2,1.14138E-2,1.16736E-2,1.20848E-2,1.08776E-2,1.19370E-2,1.17757E-2,1.11039E-2,1.08401E-2,1.16221E-2,1.20749E-2,1.06079E-2,1.04958E-2,1.15489E-2,1.06343E-2,8.97614E-3,1.05195E-2,1.06315E-2,8.52968E-3,7.95793E-3,7.85354E-3,6.82853E-3,5.35642E-3,4.53894E-3,4.89352E-3,4.58307E-3,4.49448E-3,4.10179E-3,3.18434E-3,1.22626E-3,1.49744E-3,2.32348E-3,-1.79935E-4,1.54987E-3,-4.27056E-4,-8.31975E-4,-1.22261E-3,-2.37743E-4,-1.52897E-3,-2.00526E-3,-2.20183E-3,-4.45092E-3,-3.40861E-3,-2.86236E-3,-4.30667E-3,-5.91070E-3,-4.33007E-3,-5.63574E-3,-4.80511E-3,-6.33403E-3,-4.53891E-3,-4.81864E-3,-5.06213E-3,-5.90269E-3,-6.96209E-3,-4.77043E-3,-6.04693E-3,-6.89032E-3,-5.75181E-3,-6.03593E-3,-6.30831E-3,-4.80914E-3,-4.72978E-3,-6.25585E-3,-5.64500E-3,-5.59413E-3,-5.75121E-3,-5.49009E-3,-5.46777E-3,-6.31710E-3,-6.23224E-3,-5.21830E-3,-5.07578E-3,-3.72577E-3,-6.17518E-3,-3.37850E-3,-4.00682E-3,-2.37824E-3,-3.22227E-3,-2.27849E-3,-8.36573E-4,-2.49281E-3,-2.99247E-3,-2.03497E-3,-2.38881E-3,-1.52271E-3,-3.04737E-3,-1.39440E-3,-3.64330E-3,-3.45278E-3,-2.95510E-3,-4.20812E-3,-4.10664E-3,-5.55364E-3,-6.63088E-3,-8.23014E-3,-4.25260E-3,-3.51853E-3,-3.53728E-3
1.15684E+3,1.16925E-3,8.50549E-4,-1.21820E-3,9.36517E-4,-9.75903E-4,-1.23158E-3,-8.43087E-4,6.77041E-4,-9.88516E-4,1.63675E-4,1.30258E-4,3.44351E-4,4.83657E-4,-1.87445E-4,6.89436E-4,5.49939E-5,1.53539E-4,1.43197E-3,2.11313E-3,4.05826E-3,4.29408E-3,4.14111E-3,6.54549E-3,1.04977E-2,1.11490E-2,1.11170E-2,1.26659E-2,1.34673E-2,1.36027E-2,1.42464E-2,1.37536E-2,1.28027E-2,1.19840E-2,1.26645E-2,1.03570E-2,1.16850E-2,1.06911E-2,1.35473E-2,1.38923E-2,1.23145E-2,1.26735E-2,9.68293E-3,1.15469E-2,1.14184E-2,1.40222E-2,1.05660E-2,1.24553E-2,1.37260E-2,1.22627E-2,1.51689E-2,1.18406E-2,1.35273E-2,1.29273E-2,1.25168E-2,1.28176E-2,1.37871E-2,1.18874E-2,1.25970E-2,1.26994E-2,1.30612E-2,1.16050E-2,1.27034E-2,1.12448E-2,1.12862E-2,1.05919E-2,1.17233E-2,1.08526E-2,1.26696E-2,1.30250E-2,1.13087E-2,1.18045E-2,1.18871E-2,1.08936E-2,1.20638E-2,1.16549E-2,1.10398E-2,1.06058E-2,1.13724E-2,1.18511E-2,1.04901E-2,1.04929E-2,1.14382E-2,1.05779E-2,8.96771E-3,1.03441E-2,1.05530E-2,8.60767E-3,7.98158E-3,7.84932E-3,6.86653E-3,5.52645E-3,4.39695E-3,4.95616E-3,4.49057E-3,4.30393E-3,4.09834E-3,3.17588E-3,1.24772E-3,1.47023E-3,2.28706E-3,-1.04785E-4,1.35224E-3,-3.60777E-4,-8.88937E-4,-1.19674E-3,-9.76182E-5,-1.47777E-3,-2.06078E-3,-2.12432E-3,-4.50132E-3,-3.46355E-3,-2.72098E-3,-4.37987E-3,-5.86793E-3,-4.17964E-3,-5.58680E-3,-4.70200E-3,-6.21143E-3,-4.43696E-3,-4.78454E-3,-4.79738E-3,-5.78440E-3,-6.72543E-3,-4.77990E-3,-5.95875E-3,-6.73970E-3,-5.58119E-3,-5.96307E-3,-6.22276E-3,-4.67888E-3,-4.75988E-3,-6.04568E-3,-5.54305E-3,-5.43477E-3,-5.60031E-3,-5.35481E-3,-5.34708E-3,-6.23568E-3,-6.16942E-3,-5.09110E-3,-4.93440E-3,-3.74739E-3,-5.98467E-3,-3.21374E-3,-3.87332E-3,-2.25352E-3,-3.21373E-3,-2.20081E-3,-7.35476E-4,-2.44100E-3,-2.80262E-3,-1.86314E-3,-2.38846E-3,-1.52186E-3,-2.92125E-3,-1.34602E-3,-3.51617E-3,-3.36956E-3,-2.90431E-3,-4.01503E-3,-4.02068E-3,-5.39318E-3,-6.44807E-3,-8.04853E-3,-4.25927E-3,-3.58135E-3,-3.54021E-3
1.16031E+3,1.34427E-3,8.38433E-4,-1.18115E-3,9.69325E-4,-1.12197E-3,-1.19003E-3,-7.68819E-4,7.18715E-4,-1.02935E-3,2.32148E-4,1.53159E-4,2.78335E-4,3.32077E-4,-2.53786E-4,6.78639E-4,1.04484E-4,1.23750E-4,1.60087E-3,2.04235E-3,4.00085E-3,4.47708E-3,3.95427E-3,6.59598E-3,1.05970E-2,1.11982E-2,1.12593E-2,1.25859E-2,1.35218E-2,1.37210E-2,1.40374E-2,1.35568E-2,1.27265E-2,1.18693E-2,1.23845E-2,9.97189E-3,1.15896E-2,1.05774E-2,1.34137E-2,1.38642E-2,1.21534E-2,1.25706E-2,9.44168E-3,1.15357E-2,1.10732E-2,1.41077E-2,1.05038E-2,1.22975E-2,1.36365E-2,1.20099E-2,1.51424E-2,1.17828E-2,1.32343E-2,1.28009E-2,1.23952E-2,1.27131E-2,1.37427E-2,1.18315E-2,1.25472E-2,1.27173E-2,1.30982E-2,1.15271E-2,1.23966E-2,1.11131E-2,1.11362E-2,1.03914E-2,1.16264E-2,1.06538E-2,1.25369E-2,1.28963E-2,1.10572E-2,1.18232E-2,1.14903E-2,1.06314E-2,1.17768E-2,1.15074E-2,1.06749E-2,1.04567E-2,1.11507E-2,1.14584E-2,1.03576E-2,1.03264E-2,1.13478E-2,1.06422E-2,9.05299E-3,1.01180E-2,1.03941E-2,8.69276E-3,7.70512E-3,7.89068E-3,6.85872E-3,5.66280E-3,4.37938E-3,5.01683E-3,4.42345E-3,4.24601E-3,4.17641E-3,3.10783E-3,1.27351E-3,1.36260E-3,2.28569E-3,-4.46272E-5,1.07558E-3,-2.81239E-4,-9.39689E-4,-1.14862E-3,6.68191E-5,-1.47516E-3,-2.02524E-3,-2.09077E-3,-4.50832E-3,-3.45840E-3,-2.66409E-3,-4.46107E-3,-5.76761E-3,-4.03634E-3,-5.57260E-3,-4.53590E-3,-6.07948E-3,-4.22095E-3,-4.80953E-3,-4.82980E-3,-5.62129E-3,-6.65518E-3,-4.70880E-3,-5.95308E-3,-6.79067E-3,-5.57069E-3,-5.94857E-3,-6.13584E-3,-4.56486E-3,-4.64962E-3,-5.86949E-3,-5.40647E-3,-5.37223E-3,-5.63171E-3,-5.50694E-3,-5.17223E-3,-6.09786E-3,-6.11696E-3,-5.10131E-3,-4.96495E-3,-3.63669E-3,-6.07765E-3,-3.07485E-3,-3.64823E-3,-2.02253E-3,-3.14892E-3,-2.13921E-3,-6.67980E-4,-2.44942E-3,-2.76705E-3,-1.74318E-3,-2.40948E-3,-1.43096E-3,-2.80112E-3,-1.36487E-3,-3.41748E-3,-3.30657E-3,-2.70782E-3,-3.94644E-3,-3.99525E-3,-5.35727E-3,-6.25641E-3,-8.01372E-3,-4.18746E-3,-3.57186E-3,-3.64180E-3
1.16377E+3,1.35837E-3,8.01722E-4,-1.25340E-3,9.72664E-4,-1.07612E-3,-1.28714E-3,-6.80116E-4,7.23733E-4,-1.10403E-3,3.83200E-4,2.54572E-4,2.49776E-4,3.11844E-4,-2.81957E-4,6.26863E-4,4.74683E-5,1.65478E-4,1.59294E-3,1.97730E-3,3.82506E-3,4.50409E-3,3.79766E-3,6.64932E-3,1.05278E-2,1.11504E-2,1.11659E-2,1.25812E-2,1.35236E-2,1.37002E-2,1.39197E-2,1.33725E-2,1.24123E-2,1.18392E-2,1.20851E-2,9.60300E-3,1.13321E-2,1.05833E-2,1.33048E-2,1.37390E-2,1.20912E-2,1.25516E-2,9.43992E-3,1.15453E-2,1.08809E-2,1.42898E-2,1.05884E-2,1.24612E-2,1.36251E-2,1.17161E-2,1.50554E-2,1.18553E-2,1.30566E-2,1.24510E-2,1.22090E-2,1.26501E-2,1.40465E-2,1.18572E-2,1.25343E-2,1.25447E-2,1.30935E-2,1.15506E-2,1.22068E-2,1.09051E-2,1.11271E-2,1.01088E-2,1.13640E-2,1.04408E-2,1.23325E-2,1.27167E-2,1.10182E-2,1.18008E-2,1.13860E-2,1.03692E-2,1.18262E-2,1.14626E-2,1.06332E-2,1.03041E-2,1.08404E-2,1.12596E-2,1.03956E-2,1.04097E-2,1.12443E-2,1.06280E-2,9.02491E-3,9.87656E-3,1.02674E-2,8.75085E-3,7.69962E-3,7.84874E-3,6.76818E-3,5.81646E-3,4.39243E-3,5.04486E-3,4.25852E-3,4.19788E-3,4.39918E-3,3.17015E-3,1.30626E-3,1.45257E-3,2.17460E-3,6.48037E-6,8.69764E-4,-2.65192E-4,-9.51166E-4,-1.07889E-3,2.72933E-4,-1.38934E-3,-2.20359E-3,-1.99749E-3,-4.48260E-3,-3.42835E-3,-2.52158E-3,-4.54200E-3,-5.55827E-3,-3.84281E-3,-5.45600E-3,-4.30620E-3,-5.90934E-3,-4.06713E-3,-4.73212E-3,-4.65445E-3,-5.47339E-3,-6.44488E-3,-4.66476E-3,-5.86614E-3,-6.78175E-3,-5.39431E-3,-5.98312E-3,-6.04941E-3,-4.50896E-3,-4.64531E-3,-5.79651E-3,-5.21740E-3,-5.23149E-3,-5.73671E-3,-5.63642E-3,-5.12392E-3,-5.98219E-3,-6.03275E-3,-4.99560E-3,-4.78384E-3,-3.57304E-3,-6.01622E-3,-2.90490E-3,-3.61122E-3,-1.80687E-3,-3.00434E-3,-2.18156E-3,-5.46803E-4,-2.50303E-3,-2.72478E-3,-1.63241E-3,-2.44109E-3,-1.33195E-3,-2.71568E-3,-1.34151E-3,-3.32359E-3,-3.19649E-3,-2.53829E-3,-3.90490E-3,-3.79177E-3,-5.28275E-3,-6.02363E-3,-7.98988E-3,-4.15476E-3,-3.73537E-3,-3.61115E-3
1.16724E+3,1.39722E-3,7.26426E-4,-1.27740E-3,9.69362E-4,-1.05770E-3,-1.26282E-3,-5.41389E-4,9.96282E-4,-1.19246E-3,5.18348E-4,2.85484E-5,1.92418E-4,1.45507E-4,-2.73458E-4,6.31116E-4,-1.21146E-4,1.05978E-4,1.39707E-3,1.80241E-3,3.43203E-3,4.47933E-3,3.76026E-3,6.78213E-3,1.05382E-2,1.13507E-2,1.13452E-2,1.25754E-2,1.33958E-2,1.37951E-2,1.40049E-2,1.32589E-2,1.21401E-2,1.14696E-2,1.19478E-2,9.29367E-3,1.09518E-2,1.05337E-2,1.33640E-2,1.36734E-2,1.19255E-2,1.25557E-2,9.36138E-3,1.14892E-2,1.06095E-2,1.43054E-2,1.06725E-2,1.24221E-2,1.37798E-2,1.15751E-2,1.49844E-2,1.18098E-2,1.30195E-2,1.23676E-2,1.18953E-2,1.24955E-2,1.40306E-2,1.18776E-2,1.27220E-2,1.23797E-2,1.31100E-2,1.16411E-2,1.20567E-2,1.08516E-2,1.14038E-2,1.01185E-2,1.16248E-2,1.03932E-2,1.22713E-2,1.26362E-2,1.10929E-2,1.19255E-2,1.13672E-2,1.04588E-2,1.17174E-2,1.15235E-2,1.06970E-2,1.04365E-2,1.08480E-2,1.10324E-2,1.04528E-2,1.02995E-2,1.12558E-2,1.08199E-2,9.29380E-3,9.70349E-3,1.01315E-2,8.79281E-3,7.61311E-3,7.96593E-3,6.87769E-3,6.18757E-3,4.43478E-3,5.10163E-3,4.12994E-3,4.12400E-3,4.50621E-3,3.10649E-3,1.47077E-3,1.28052E-3,2.17871E-3,8.87276E-5,6.87604E-4,-1.38374E-4,-9.06842E-4,-1.04494E-3,3.97716E-4,-1.60086E-3,-2.22915E-3,-1.76788E-3,-4.56218E-3,-3.52164E-3,-2.34767E-3,-4.56668E-3,-5.44354E-3,-3.75081E-3,-5.44248E-3,-4.14863E-3,-5.78295E-3,-4.01055E-3,-4.84389E-3,-4.68789E-3,-5.41842E-3,-6.21117E-3,-4.79926E-3,-5.84015E-3,-6.85498E-3,-5.32033E-3,-5.86100E-3,-5.81498E-3,-4.42413E-3,-4.59217E-3,-5.60505E-3,-5.17380E-3,-5.36043E-3,-5.71480E-3,-5.61725E-3,-5.05864E-3,-5.90570E-3,-6.00761E-3,-4.98955E-3,-4.81960E-3,-3.73872E-3,-6.02089E-3,-2.80544E-3,-3.44470E-3,-1.71181E-3,-3.05352E-3,-2.31664E-3,-7.40293E-4,-2.51386E-3,-2.74340E-3,-1.47606E-3,-2.51865E-3,-1.50339E-3,-2.73103E-3,-1.36272E-3,-3.34607E-3,-3.15382E-3,-2.41139E-3,-3.88546E-3,-3.93641E-3,-5.23400E-3,-5.76681E-3,-7.78693E-3,-4.20792E-3,-3.81139E-3,-3.64557E-3
1.17071E+3,1.39662E-3,8.16615E-4,-1.23516E-3,1.07420E-3,-1.17507E-3,-1.37551E-3,-4.77901E-4,9.72606E-4,-1.25409E-3,6.22320E-4,1.42809E-5,2.04653E-4,1.15944E-4,-2.73282E-4,5.73773E-4,-6.95324E-5,9.58562E-5,1.33298E-3,1.79618E-3,3.21249E-3,4.46373E-3,3.66166E-3,6.75829E-3,1.05961E-2,1.12350E-2,1.12534E-2,1.23786E-2,1.30479E-2,1.34810E-2,1.34096E-2,1.25258E-2,1.16885E-2,1.09671E-2,1.14326E-2,8.85979E-3,1.05733E-2,1.02355E-2,1.30757E-2,1.32979E-2,1.16962E-2,1.22497E-2,9.21142E-3,1.13160E-2,1.02824E-2,1.40184E-2,1.07341E-2,1.22731E-2,1.35175E-2,1.12021E-2,1.43239E-2,1.14433E-2,1.23054E-2,1.19281E-2,1.15463E-2,1.22805E-2,1.40648E-2,1.16958E-2,1.25224E-2,1.20211E-2,1.29336E-2,1.13770E-2,1.16428E-2,1.05492E-2,1.11254E-2,9.86624E-3,1.13468E-2,1.01332E-2,1.19046E-2,1.21020E-2,1.07005E-2,1.18786E-2,1.09153E-2,1.01364E-2,1.16335E-2,1.12758E-2,1.03269E-2,1.00808E-2,1.04888E-2,1.05313E-2,1.00643E-2,9.92855E-3,1.09193E-2,1.06933E-2,9.26298E-3,9.23043E-3,9.74345E-3,8.57889E-3,7.40301E-3,7.93949E-3,6.73836E-3,6.38386E-3,4.33150E-3,5.02664E-3,3.95681E-3,3.91365E-3,4.64978E-3,3.13685E-3,1.37804E-3,1.10393E-3,2.04431E-3,7.96905E-5,3.39672E-4,-1.77299E-4,-1.02290E-3,-1.00020E-3,4.59526E-4,-1.66692E-3,-2.41649E-3,-1.69348E-3,-4.57159E-3,-3.51700E-3,-2.43000E-3,-4.80454E-3,-5.27102E-3,-3.63079E-3,-5.45271E-3,-3.91631E-3,-5.67724E-3,-3.99355E-3,-4.95145E-3,-4.63620E-3,-5.20251E-3,-6.02118E-3,-4.89436E-3,-5.69713E-3,-6.83809E-3,-5.27335E-3,-5.91300E-3,-5.79826E-3,-4.41263E-3,-4.49528E-3,-5.55226E-3,-5.02354E-3,-5.31808E-3,-5.74432E-3,-5.64811E-3,-5.03977E-3,-5.76055E-3,-5.86848E-3,-4.87323E-3,-4.77014E-3,-3.78510E-3,-5.98109E-3,-2.60085E-3,-3.17373E-3,-1.48587E-3,-2.91121E-3,-2.32414E-3,-6.49688E-4,-2.54935E-3,-2.73950E-3,-1.30156E-3,-2.48892E-3,-1.42060E-3,-2.74510E-3,-1.36926E-3,-3.24367E-3,-3.18017E-3,-2.21743E-3,-3.73852E-3,-3.85199E-3,-5.28329E-3,-5.46221E-3,-7.66681E-3,-4.16925E-3,-3.79725E-3,-3.66881E-3
1.17418E+3,1.47554E-3,9.06298E-4,-1.23162E-3,1.18859E-3,-1.19560E-3,-1.38702E-3,-5.10833E-4,1.10174E-3,-1.34235E-3,6.24540E-4,-5.34697E-5,7.90407E-5,1.18461E-5,-2.63391E-4,5.96684E-4,-1.41146E-4,4.23552E-5,1.04163E-3,1.79812E-3,3.10224E-3,4.65343E-3,3.84700E-3,6.87866E-3,1.07038E-2,1.14231E-2,1.12124E-2,1.23573E-2,1.30072E-2,1.33404E-2,1.32711E-2,1.24978E-2,1.11867E-2,1.05652E-2,1.08863E-2,8.45940E-3,1.01347E-2,1.02123E-2,1.26946E-2,1.26309E-2,1.14858E-2,1.20186E-2,9.05104E-3,1.10840E-2,1.00042E-2,1.39908E-2,1.07556E-2,1.18855E-2,1.36723E-2,1.09829E-2,1.40456E-2,1.13238E-2,1.21375E-2,1.14459E-2,1.13742E-2,1.21898E-2,1.37839E-2,1.14741E-2,1.24773E-2,1.18256E-2,1.28039E-2,1.11537E-2,1.14164E-2,1.05767E-2,1.13200E-2,9.73413E-3,1.13751E-2,1.01073E-2,1.18112E-2,1.16739E-2,1.06376E-2,1.18386E-2,1.04528E-2,9.91577E-3,1.13289E-2,1.12393E-2,1.02082E-2,9.99832E-3,1.01530E-2,1.01810E-2,1.00030E-2,9.94843E-3,1.07384E-2,1.05874E-2,9.41023E-3,8.77410E-3,9.30397E-3,8.51874E-3,7.13990E-3,7.81106E-3,6.72278E-3,6.71293E-3,4.42586E-3,5.10724E-3,3.94766E-3,3.89333E-3,4.62989E-3,3.03187E-3,1.43477E-3,1.06665E-3,1.98050E-3,1.95976E-5,7.73598E-5,-1.76685E-4,-9.65997E-4,-1.04444E-3,5.41773E-4,-1.86209E-3,-2.62233E-3,-1.78897E-3,-4.59656E-3,-3.62232E-3,-2.42467E-3,-4.84661E-3,-5.05047E-3,-3.44256E-3,-5.50362E-3,-3.80246E-3,-5.60763E-3,-3.92390E-3,-5.15517E-3,-4.56813E-3,-5.33246E-3,-5.79102E-3,-5.14959E-3,-5.71766E-3,-6.79439E-3,-5.39241E-3,-5.93535E-3,-5.81806E-3,-4.55398E-3,-4.54625E-3,-5.40165E-3,-5.01844E-3,-5.49125E-3,-5.98100E-3,-5.62073E-3,-5.08443E-3,-5.67502E-3,-5.81918E-3,-5.05303E-3,-4.91973E-3,-3.87652E-3,-5.91145E-3,-2.42803E-3,-3.02681E-3,-1.42521E-3,-2.86131E-3,-2.52838E-3,-8.35301E-4,-2.71131E-3,-2.70286E-3,-1.31782E-3,-2.63942E-3,-1.45295E-3,-2.65431E-3,-1.47822E-3,-3.28577E-3,-3.08798E-3,-2.15738E-3,-3.67223E-3,-3.95705E-3,-5.19722E-3,-5.34190E-3,-7.50350E-3,-4.13226E-3,-4.00176E-3,-3.68643E-3
1.17765E+3,1.65089E-3,9.34585E-4,-1.08187E-3,1.09441E-3,-1.22672E-3,-1.33619E-3,-7.05475E-4,1.14908E-3,-1.28734E-3,7.48291E-4,-2.14190E-5,8.55894E-5,-1.02798E-4,-3.54727E-4,4.53700E-4,-1.21576E-4,4.69019E-5,9.03748E-4,1.77536E-3,3.01073E-3,4.83963E-3,4.01249E-3,7.24668E-3,1.08420E-2,1.18863E-2,1.14752E-2,1.24497E-2,1.29406E-2,1.32303E-2,1.29865E-2,1.22996E-2,1.05152E-2,9.89168E-3,1.03340E-2,8.06424E-3,9.71572E-3,9.67656E-3,1.20529E-2,1.19685E-2,1.11177E-2,1.17154E-2,8.85098E-3,1.07232E-2,9.83927E-3,1.38197E-2,1.05177E-2,1.15233E-2,1.36017E-2,1.06315E-2,1.32070E-2,1.09384E-2,1.15693E-2,1.10018E-2,1.10096E-2,1.18770E-2,1.35598E-2,1.12797E-2,1.22962E-2,1.13968E-2,1.26534E-2,1.09741E-2,1.10960E-2,1.03472E-2,1.12158E-2,9.51708E-3,1.13413E-2,9.95008E-3,1.15316E-2,1.14212E-2,1.04567E-2,1.17170E-2,1.01698E-2,9.62857E-3,1.10047E-2,1.10930E-2,9.96836E-3,9.78358E-3,9.86524E-3,9.84552E-3,9.66255E-3,9.59720E-3,1.05907E-2,1.05131E-2,9.44117E-3,8.44714E-3,9.08971E-3,8.44908E-3,7.05453E-3,7.92943E-3,6.93007E-3,6.94879E-3,4.56683E-3,5.14847E-3,3.94827E-3,3.72535E-3,4.74234E-3,3.05284E-3,1.40098E-3,1.04274E-3,1.93067E-3,2.06701E-4,-8.69499E-5,5.74545E-5,-8.54952E-4,-1.07470E-3,6.02512E-4,-1.83355E-3,-2.70350E-3,-1.69770E-3,-4.58619E-3,-3.54496E-3,-2.24770E-3,-4.79676E-3,-4.82111E-3,-3.52941E-3,-5.31425E-3,-3.72177E-3,-5.41780E-3,-3.87226E-3,-5.19317E-3,-4.41329E-3,-5.27026E-3,-5.64451E-3,-5.30225E-3,-5.82939E-3,-6.78881E-3,-5.52447E-3,-6.03325E-3,-5.62798E-3,-4.58895E-3,-4.56349E-3,-5.32294E-3,-4.95188E-3,-5.45151E-3,-6.00417E-3,-5.60860E-3,-5.09710E-3,-5.65322E-3,-5.77177E-3,-5.03056E-3,-4.78097E-3,-3.92865E-3,-5.93795E-3,-2.19384E-3,-2.84676E-3,-1.23575E-3,-2.81160E-3,-2.67308E-3,-7.96825E-4,-2.66146E-3,-2.73470E-3,-9.94488E-4,-2.58487E-3,-1.45938E-3,-2.64573E-3,-1.35500E-3,-3.25710E-3,-3.18544E-3,-1.98314E-3,-3.69757E-3,-3.91997E-3,-5.11260E-3,-5.15860E-3,-7.33017E-3,-4.07368E-3,-4.07561E-3,-3.67275E-3
1.18112E+3,1.59172E-3,8.56606E-4,-9.80677E-4,9.62510E-4,-1.13027E-3,-1.30760E-3,-5.53406E-4,1.22961E-3,-1.31386E-3,7.57089E-4,-1.23544E-4,5.86842E-6,-1.55706E-4,-2.23668E-4,3.85328E-4,-1.88712E-4,7.07261E-5,7.86491E-4,1.86118E-3,2.88041E-3,5.13261E-3,4.58275E-3,7.57488E-3,1.12078E-2,1.23947E-2,1.20192E-2,1.26652E-2,1.29917E-2,1.31843E-2,1.28635E-2,1.17406E-2,9.94913E-3,9.68217E-3,9.90209E-3,7.63164E-3,8.92547E-3,9.39459E-3,1.15920E-2,1.11916E-2,1.06829E-2,1.12932E-2,8.72976E-3,1.05294E-2,9.48091E-3,1.31254E-2,1.05147E-2,1.09502E-2,1.30337E-2,1.02796E-2,1.26359E-2,1.06616E-2,1.10205E-2,1.05746E-2,1.04959E-2,1.15600E-2,1.33885E-2,1.11288E-2,1.20107E-2,1.07720E-2,1.23069E-2,1.08495E-2,1.06372E-2,9.89773E-3,1.08309E-2,9.08943E-3,1.11427E-2,9.71396E-3,1.10694E-2,1.08037E-2,1.01432E-2,1.13529E-2,9.86853E-3,9.49794E-3,1.08734E-2,1.05710E-2,9.56905E-3,9.31433E-3,9.38433E-3,9.28875E-3,9.48099E-3,9.20642E-3,1.01649E-2,1.01706E-2,9.19336E-3,7.88399E-3,8.52406E-3,8.08454E-3,6.71876E-3,7.58543E-3,6.66355E-3,6.87409E-3,4.34342E-3,4.78660E-3,3.90480E-3,3.40203E-3,4.39415E-3,2.71838E-3,1.22861E-3,8.36830E-4,1.60685E-3,1.67183E-4,-3.77662E-4,-1.76277E-4,-1.07383E-3,-1.20532E-3,4.51527E-4,-2.25839E-3,-2.86899E-3,-1.83081E-3,-4.63121E-3,-3.64066E-3,-2.57834E-3,-4.97702E-3,-4.69669E-3,-3.47735E-3,-5.39141E-3,-3.73718E-3,-5.40316E-3,-4.07738E-3,-5.46144E-3,-4.60690E-3,-5.30061E-3,-5.55714E-3,-5.62949E-3,-5.85414E-3,-6.76355E-3,-5.67388E-3,-6.11406E-3,-5.64034E-3,-4.81167E-3,-4.70749E-3,-5.17262E-3,-5.04210E-3,-5.42418E-3,-6.05066E-3,-5.59481E-3,-5.18372E-3,-5.57046E-3,-5.77545E-3,-4.96570E-3,-4.76193E-3,-4.10015E-3,-6.00148E-3,-2.09223E-3,-2.91208E-3,-1.24831E-3,-2.81197E-3,-2.82896E-3,-1.07838E-3,-2.68157E-3,-2.81969E-3,-9.89848E-4,-2.62263E-3,-1.65727E-3,-2.70894E-3,-1.60284E-3,-3.27554E-3,-3.11007E-3,-1.91387E-3,-3.72769E-3,-3.96700E-3,-5.20414E-3,-4.99611E-3,-7.02826E-3,-4.18774E-3,-4.16054E-3,-3.67126E-3
1.18459E+3,1.60761E-3,1.01181E-3,-8.36539E-4,1.01037E-3,-1.35371E-3,-1.29597E-3,-6.14202E-4,1.23787E-3,-1.22531E-3,8.55468E-4,-1.04804E-4,-1.55016E-4,-1.47216E-4,-2.37773E-4,2.47403E-4,-2.84122E-4,1.31904E-4,5.99058E-4,1.91371E-3,3.01121E-3,5.19697E-3,4.75614E-3,7.69105E-3,1.15440E-2,1.24663E-2,1.25008E-2,1.28573E-2,1.30744E-2,1.31219E-2,1.25861E-2,1.11215E-2,9.59850E-3,9.26713E-3,9.40942E-3,7.31326E-3,8.61812E-3,9.03576E-3,1.10432E-2,1.04536E-2,1.04854E-2,1.13960E-2,8.78006E-3,1.04341E-2,9.31194E-3,1.29839E-2,1.07497E-2,1.09175E-2,1.29904E-2,1.01737E-2,1.18859E-2,1.02930E-2,1.05140E-2,1.02793E-2,1.01770E-2,1.14875E-2,1.31985E-2,1.12334E-2,1.19828E-2,1.06462E-2,1.22947E-2,1.08790E-2,1.04143E-2,9.97356E-3,1.10364E-2,9.17275E-3,1.11106E-2,9.61329E-3,1.08714E-2,1.04716E-2,1.01333E-2,1.11166E-2,9.79830E-3,9.45055E-3,1.06554E-2,1.04452E-2,9.29005E-3,9.03364E-3,9.08178E-3,8.99551E-3,9.37722E-3,9.11943E-3,9.93795E-3,1.01797E-2,9.18802E-3,7.56544E-3,8.12658E-3,7.93927E-3,6.56124E-3,7.44980E-3,6.66348E-3,7.01501E-3,4.36330E-3,4.75868E-3,3.87362E-3,3.43832E-3,4.45543E-3,2.61810E-3,1.32609E-3,7.04355E-4,1.56259E-3,1.62294E-4,-5.49415E-4,-1.10275E-4,-1.12563E-3,-1.18429E-3,4.09080E-4,-2.27170E-3,-2.92302E-3,-1.59184E-3,-4.62291E-3,-3.61029E-3,-2.54860E-3,-4.93967E-3,-4.44835E-3,-3.53951E-3,-5.34884E-3,-3.64921E-3,-5.36430E-3,-4.11309E-3,-5.59690E-3,-4.40794E-3,-5.18075E-3,-5.36005E-3,-5.79471E-3,-5.81912E-3,-6.72168E-3,-5.75965E-3,-6.10199E-3,-5.57367E-3,-4.79026E-3,-4.77070E-3,-4.99608E-3,-5.01459E-3,-5.45287E-3,-6.17708E-3,-5.73234E-3,-5.26122E-3,-5.47900E-3,-5.81359E-3,-5.01340E-3,-4.74626E-3,-4.24452E-3,-6.06974E-3,-1.96358E-3,-2.79711E-3,-1.08471E-3,-2.65172E-3,-3.07477E-3,-1.21694E-3,-2.65254E-3,-2.81615E-3,-9.59398E-4,-2.73233E-3,-1.61597E-3,-2.71091E-3,-1.72438E-3,-3.20538E-3,-3.15545E-3,-1.93696E-3,-3.64436E-3,-4.09561E-3,-5.29507E-3,-4.75084E-3,-6.97436E-3,-4.15867E-3,-4.23168E-3,-3.70348E-3
1.18807E+3,1.71039E-3,1.12276E-3,-7.91067E-4,9.07163E-4,-1.23054E-3,-1.25007E-3,-7.46750E-4,1.37490E-3,-1.17075E-3,8.53450E-4,-2.13228E-4,-2.20333E-4,-1.47833E-4,-2.48675E-4,5.05765E-5,-1.99952E-4,1.75186E-4,4.55705E-4,1.92175E-3,3.03421E-3,5.48703E-3,5.18402E-3,8.15426E-3,1.17958E-2,1.29469E-2,1.28161E-2,1.30449E-2,1.30393E-2,1.30410E-2,1.25548E-2,1.10551E-2,9.10697E-3,8.71819E-3,8.96905E-3,6.80491E-3,8.06426E-3,8.46087E-3,1.05316E-2,9.59083E-3,1.00514E-2,1.07777E-2,8.58999E-3,9.84416E-3,8.91997E-3,1.23569E-2,1.05662E-2,1.03671E-2,1.28535E-2,9.92700E-3,1.12928E-2,9.84987E-3,1.01463E-2,9.79395E-3,9.83482E-3,1.11410E-2,1.29663E-2,1.08065E-2,1.17648E-2,1.03191E-2,1.19922E-2,1.06506E-2,1.02592E-2,9.76543E-3,1.10184E-2,9.08915E-3,1.12044E-2,9.52725E-3,1.06094E-2,1.01630E-2,9.84436E-3,1.07108E-2,9.46537E-3,9.11313E-3,1.04784E-2,1.02656E-2,9.30463E-3,8.98158E-3,8.93008E-3,8.86426E-3,9.11682E-3,8.83152E-3,9.84130E-3,9.85040E-3,9.38298E-3,7.26534E-3,7.81351E-3,7.87835E-3,6.57011E-3,7.14633E-3,6.57817E-3,7.03343E-3,4.27960E-3,4.59859E-3,4.01329E-3,3.33644E-3,4.32910E-3,2.51579E-3,1.30514E-3,6.63418E-4,1.46842E-3,8.64722E-5,-6.70938E-4,-2.28193E-4,-1.04005E-3,-1.19791E-3,3.53700E-4,-2.50951E-3,-3.05830E-3,-1.73624E-3,-4.52746E-3,-3.64580E-3,-2.55751E-3,-5.16952E-3,-4.36091E-3,-3.50683E-3,-5.20170E-3,-3.62328E-3,-5.31140E-3,-4.37127E-3,-5.77738E-3,-4.24640E-3,-5.22856E-3,-5.24124E-3,-5.95309E-3,-5.91554E-3,-6.64099E-3,-5.93937E-3,-6.11435E-3,-5.48790E-3,-4.92067E-3,-4.83462E-3,-5.02709E-3,-5.12294E-3,-5.44580E-3,-6.07231E-3,-5.65449E-3,-5.32999E-3,-5.36289E-3,-5.61060E-3,-5.09924E-3,-4.73949E-3,-4.33341E-3,-5.90680E-3,-1.88834E-3,-2.70559E-3,-1.21817E-3,-2.52389E-3,-3.20147E-3,-1.45480E-3,-2.71388E-3,-2.79829E-3,-9.57444E-4,-2.69811E-3,-1.68592E-3,-2.68946E-3,-1.74697E-3,-3.15750E-3,-3.24326E-3,-1.90610E-3,-3.46607E-3,-4.08822E-3,-5.32169E-3,-4.65262E-3,-6.67419E-3,-4.16482E-3,-4.30607E-3,-3.52470E-3
1.19154E+3,1.73830E-3,1.11851E-3,-6.37787E-4,8.96495E-4,-1.32669E-3,-1.27094E-3,-7.47958E-4,1.42196E-3,-1.02694E-3,8.71379E-4,-2.34818E-4,-2.77719E-4,-1.62363E-4,-2.56268E-4,-1.05166E-4,-7.94578E-5,1.78830E-4,3.26969E-4,1.93077E-3,3.04323E-3,5.77903E-3,5.62440E-3,8.66745E-3,1.20999E-2,1.35673E-2,1.33947E-2,1.33222E-2,1.32777E-2,1.30203E-2,1.25896E-2,1.09510E-2,8.72469E-3,8.26805E-3,8.53332E-3,6.52137E-3,7.57546E-3,8.00802E-3,9.74798E-3,8.79060E-3,9.77970E-3,1.04149E-2,8.49649E-3,9.66336E-3,8.75898E-3,1.19216E-2,1.05443E-2,9.97121E-3,1.26261E-2,9.90034E-3,1.04155E-2,9.68484E-3,9.61654E-3,9.43063E-3,9.65209E-3,1.07734E-2,1.26789E-2,1.05364E-2,1.17355E-2,9.96153E-3,1.16737E-2,1.05465E-2,1.00712E-2,9.74320E-3,1.09356E-2,9.16409E-3,1.10645E-2,9.40859E-3,1.03632E-2,9.78503E-3,9.80631E-3,1.04413E-2,9.41009E-3,9.20528E-3,1.02261E-2,1.00333E-2,9.05206E-3,8.84439E-3,8.64953E-3,8.53646E-3,8.97726E-3,8.59976E-3,9.68756E-3,9.65604E-3,9.32970E-3,7.14847E-3,7.40447E-3,7.73346E-3,6.38138E-3,7.00874E-3,6.52116E-3,7.20937E-3,4.38871E-3,4.70121E-3,4.12301E-3,3.28560E-3,4.31663E-3,2.25419E-3,1.35620E-3,5.68249E-4,1.30071E-3,3.22904E-4,-8.18805E-4,-1.92238E-4,-1.09871E-3,-1.30553E-3,9.01263E-5,-2.51339E-3,-3.10065E-3,-1.73089E-3,-4.66443E-3,-3.70074E-3,-2.56685E-3,-5.04619E-3,-4.13526E-3,-3.61835E-3,-5.24191E-3,-3.66159E-3,-5.31719E-3,-4.63599E-3,-5.86748E-3,-4.53195E-3,-5.37410E-3,-5.11206E-3,-6.13346E-3,-5.80922E-3,-6.55397E-3,-5.98447E-3,-6.18956E-3,-5.42098E-3,-5.13345E-3,-5.13145E-3,-4.97175E-3,-5.31681E-3,-5.45444E-3,-6.10206E-3,-5.70139E-3,-5.58713E-3,-5.29686E-3,-5.50601E-3,-5.11836E-3,-4.80121E-3,-4.40760E-3,-6.03049E-3,-1.93616E-3,-2.65996E-3,-1.30487E-3,-2.56638E-3,-3.33384E-3,-1.60188E-3,-2.57496E-3,-2.74072E-3,-1.14695E-3,-2.82321E-3,-1.77854E-3,-2.63067E-3,-1.85804E-3,-3.25609E-3,-3.21974E-3,-1.73106E-3,-3.49879E-3,-4.11804E-3,-5.46927E-3,-4.52787E-3,-6.54964E-3,-4.20818E-3,-4.23238E-3,-3.47444E-3
1.19501E+3,1.59159E-3,1.20272E-3,-5.28325E-4,7.78620E-4,-1.33069E-3,-1.26168E-3,-8.69135E-4,1.50105E-3,-9.98441E-4,1.08033E-3,-2.25321E-4,-4.70735E-4,-9.02600E-5,-2.77092E-4,-1.02633E-4,-1.65827E-4,2.83698E-4,1.95950E-4,2.14808E-3,3.07221E-3,5.80094E-3,6.04470E-3,8.73932E-3,1.25073E-2,1.39493E-2,1.36572E-2,1.33787E-2,1.31710E-2,1.30067E-2,1.25373E-2,1.06739E-2,8.27002E-3,7.68708E-3,7.93022E-3,6.38664E-3,6.90441E-3,7.44499E-3,8.86738E-3,7.98171E-3,9.44764E-3,9.93818E-3,8.33019E-3,9.36827E-3,8.49831E-3,1.12171E-2,1.04843E-2,9.25900E-3,1.24044E-2,9.55079E-3,9.62459E-3,9.13456E-3,9.23279E-3,9.03839E-3,9.22797E-3,1.04243E-2,1.20882E-2,1.02395E-2,1.13111E-2,9.34133E-3,1.13084E-2,1.03603E-2,9.77985E-3,9.54504E-3,1.07073E-2,8.92878E-3,1.09804E-2,9.15425E-3,1.02093E-2,9.21077E-3,9.63965E-3,1.00623E-2,9.07748E-3,9.06881E-3,1.00817E-2,9.78455E-3,8.82770E-3,8.62110E-3,8.34475E-3,8.21038E-3,8.81204E-3,8.40358E-3,9.31206E-3,9.20422E-3,9.28973E-3,6.80281E-3,7.02743E-3,7.36386E-3,6.05729E-3,6.81069E-3,6.65914E-3,6.91996E-3,4.19496E-3,4.47180E-3,3.93729E-3,3.29702E-3,4.13579E-3,2.07314E-3,1.27596E-3,3.95129E-4,1.12335E-3,2.86791E-4,-8.32400E-4,-2.23967E-4,-1.05364E-3,-1.27476E-3,-3.58580E-5,-2.63587E-3,-3.26168E-3,-1.81816E-3,-4.63945E-3,-3.59473E-3,-2.80558E-3,-5.04806E-3,-4.03419E-3,-3.73305E-3,-5.22307E-3,-3.85319E-3,-5.21162E-3,-4.73828E-3,-6.03440E-3,-4.55413E-3,-5.52393E-3,-5.12667E-3,-6.38266E-3,-5.82759E-3,-6.72992E-3,-6.08572E-3,-6.26672E-3,-5.48171E-3,-5.15736E-3,-5.21256E-3,-5.03651E-3,-5.48977E-3,-5.47847E-3,-6.17841E-3,-5.57002E-3,-5.70119E-3,-5.34717E-3,-5.53846E-3,-4.96256E-3,-4.81986E-3,-4.46003E-3,-6.02299E-3,-1.95839E-3,-2.87609E-3,-1.24251E-3,-2.30202E-3,-3.31996E-3,-1.83144E-3,-2.40286E-3,-2.78074E-3,-1.20683E-3,-2.95078E-3,-1.82595E-3,-2.53147E-3,-1.76882E-3,-3.32543E-3,-3.25706E-3,-1.76109E-3,-3.37919E-3,-4.16992E-3,-5.38927E-3,-4.64214E-3,-6.34587E-3,-4.27346E-3,-4.31777E-3,-3.38377E-3
1.19849E+3,1.65249E-3,1.15138E-3,-4.87666E-4,6.99577E-4,-1.29559E-3,-1.31207E-3,-9.48993E-4,1.42844E-3,-7.77029E-4,1.02032E-3,-3.06814E-4,-4.33445E-4,4.94656E-6,-2.03053E-4,-1.92491E-4,-8.90505E-5,2.86152E-4,3.03957E-4,2.21573E-3,3.37923E-3,6.04232E-3,6.54581E-3,9.07818E-3,1.28551E-2,1.45956E-2,1.42519E-2,1.36900E-2,1.30453E-2,1.30163E-2,1.23987E-2,1.02145E-2,8.02648E-3,7.22458E-3,7.42236E-3,5.94800E-3,6.40803E-3,6.72989E-3,8.12406E-3,7.02080E-3,8.84993E-3,9.43688E-3,8.11587E-3,8.91223E-3,8.17109E-3,1.06920E-2,1.03233E-2,8.63155E-3,1.20333E-2,9.16561E-3,9.08914E-3,8.59892E-3,8.77138E-3,8.53551E-3,8.76938E-3,1.00237E-2,1.15139E-2,9.95663E-3,1.10760E-2,9.11867E-3,1.08794E-2,1.02831E-2,9.52273E-3,9.42479E-3,1.04309E-2,8.90214E-3,1.08920E-2,9.13639E-3,9.63758E-3,8.76870E-3,9.37165E-3,9.46944E-3,8.88081E-3,8.77708E-3,9.67311E-3,9.10186E-3,8.41486E-3,8.16815E-3,7.86928E-3,7.88012E-3,8.57745E-3,8.00860E-3,9.03967E-3,8.79205E-3,9.13576E-3,6.65980E-3,6.61320E-3,7.15329E-3,6.09844E-3,6.69337E-3,6.79591E-3,7.07675E-3,4.17448E-3,4.45626E-3,3.99902E-3,3.21460E-3,3.74477E-3,1.93128E-3,1.35389E-3,3.91539E-4,9.95933E-4,5.41669E-4,-9.06999E-4,-1.25863E-4,-1.11183E-3,-1.39368E-3,-2.63241E-4,-2.91996E-3,-3.26297E-3,-2.00181E-3,-4.70188E-3,-3.61558E-3,-2.88881E-3,-5.03160E-3,-3.81441E-3,-3.81504E-3,-5.01896E-3,-3.86067E-3,-5.23427E-3,-5.00528E-3,-6.29508E-3,-4.64567E-3,-5.72030E-3,-4.90317E-3,-6.64772E-3,-5.85109E-3,-6.57904E-3,-6.18626E-3,-6.28645E-3,-5.31964E-3,-5.40888E-3,-5.27745E-3,-4.83915E-3,-5.55937E-3,-5.52174E-3,-6.32150E-3,-5.48858E-3,-5.84240E-3,-5.31050E-3,-5.38412E-3,-5.22172E-3,-4.78670E-3,-4.60255E-3,-5.96224E-3,-2.07137E-3,-2.78191E-3,-1.52873E-3,-2.21692E-3,-3.37577E-3,-2.04101E-3,-2.30204E-3,-2.76915E-3,-1.35761E-3,-2.95025E-3,-1.92047E-3,-2.61535E-3,-1.95324E-3,-3.22400E-3,-3.09825E-3,-1.79248E-3,-3.28074E-3,-4.13173E-3,-5.37685E-3,-4.51516E-3,-5.91470E-3,-4.14334E-3,-4.33373E-3,-3.42755E-3
1.20196E+3,1.57437E-3,1.26208E-3,-3.76239E-4,6.92924E-4,-1.17612E-3,-1.32936E-3,-9.62413E-4,1.50339E-3,-7.94605E-4,1.18816E-3,-3.04203E-4,-5.05812E-4,7.86434E-6,-2.98392E-4,-4.81633E-4,-1.10773E-4,4.19439E-4,3.11467E-4,2.29606E-3,3.52981E-3,6.29857E-3,7.09098E-3,9.57123E-3,1.32219E-2,1.52071E-2,1.45637E-2,1.39038E-2,1.32679E-2,1.28719E-2,1.23925E-2,9.99964E-3,7.58089E-3,6.84912E-3,6.99627E-3,5.64897E-3,6.09829E-3,6.22191E-3,7.54375E-3,6.25192E-3,8.65107E-3,8.85020E-3,7.86161E-3,8.54511E-3,8.08768E-3,1.04198E-2,1.01419E-2,8.07782E-3,1.18612E-2,9.20630E-3,8.61511E-3,8.31233E-3,8.45549E-3,8.42310E-3,8.74407E-3,9.66686E-3,1.07260E-2,9.55219E-3,1.08713E-2,8.84679E-3,1.06226E-2,9.99762E-3,9.60787E-3,9.60835E-3,1.06008E-2,9.05593E-3,1.09473E-2,9.34616E-3,9.47325E-3,8.61874E-3,9.50381E-3,9.35862E-3,8.73275E-3,8.73338E-3,9.33112E-3,9.14088E-3,8.42749E-3,8.48839E-3,7.96128E-3,7.88074E-3,8.53457E-3,8.03932E-3,8.84283E-3,8.49265E-3,9.20332E-3,6.59685E-3,6.55827E-3,7.01678E-3,6.12389E-3,6.54073E-3,6.85203E-3,7.01790E-3,4.28963E-3,4.58395E-3,4.24846E-3,3.39253E-3,3.68539E-3,1.95254E-3,1.42852E-3,7.05205E-4,1.10781E-3,7.62047E-4,-9.82500E-4,-7.36489E-5,-9.73533E-4,-1.35208E-3,-4.17606E-4,-2.82066E-3,-3.13205E-3,-2.01537E-3,-4.51785E-3,-3.66089E-3,-2.76029E-3,-5.00981E-3,-3.59625E-3,-3.84220E-3,-4.95927E-3,-3.99242E-3,-5.15617E-3,-5.15055E-3,-6.31514E-3,-4.50447E-3,-5.78383E-3,-4.95352E-3,-6.71652E-3,-5.82972E-3,-6.52739E-3,-6.30572E-3,-6.15013E-3,-5.41574E-3,-5.46874E-3,-5.42586E-3,-4.73421E-3,-5.48261E-3,-5.51752E-3,-6.23360E-3,-5.23710E-3,-5.94819E-3,-5.38628E-3,-5.26155E-3,-5.30657E-3,-4.86971E-3,-4.66922E-3,-5.81281E-3,-1.89680E-3,-2.55812E-3,-1.61727E-3,-2.27377E-3,-3.37134E-3,-2.28897E-3,-2.17429E-3,-2.86104E-3,-1.26074E-3,-2.90649E-3,-2.05507E-3,-2.64139E-3,-2.08742E-3,-3.33266E-3,-3.14754E-3,-1.89267E-3,-3.13780E-3,-4.12862E-3,-5.24488E-3,-4.65687E-3,-5.76438E-3,-4.00401E-3,-4.34191E-3,-3.21074E-3
1.20544E+3,1.58733E-3,1.25830E-3,-3.08738E-4,5.55546E-4,-1.18644E-3,-1.30947E-3,-1.07962E-3,1.62016E-3,-4.76074E-4,1.16080E-3,-3.67460E-4,-6.15388E-4,1.11190E-4,-3.96281E-4,-5.53855E-4,4.80558E-5,4.16622E-4,3.04971E-4,2.43376E-3,3.61797E-3,6.20845E-3,7.51417E-3,9.67316E-3,1.34617E-2,1.54188E-2,1.47390E-2,1.38417E-2,1.30817E-2,1.24486E-2,1.21042E-2,9.55257E-3,6.80265E-3,5.93287E-3,6.23794E-3,4.96214E-3,5.15697E-3,5.22712E-3,6.18309E-3,5.14540E-3,8.00598E-3,8.08578E-3,7.41628E-3,7.98751E-3,7.73090E-3,9.51531E-3,9.38052E-3,7.23981E-3,1.11348E-2,8.70544E-3,7.76755E-3,7.66323E-3,7.94941E-3,7.78577E-3,8.13897E-3,9.08618E-3,9.85774E-3,8.97674E-3,1.02504E-2,8.32344E-3,9.88080E-3,9.56949E-3,9.07106E-3,9.36485E-3,1.02666E-2,8.80853E-3,1.05159E-2,9.06407E-3,9.23829E-3,8.20258E-3,9.00619E-3,8.73427E-3,8.30778E-3,8.61164E-3,8.79936E-3,8.73685E-3,8.05019E-3,7.96019E-3,7.53473E-3,7.45692E-3,8.25051E-3,7.49842E-3,8.48665E-3,7.89400E-3,8.68008E-3,6.34387E-3,6.15047E-3,6.52509E-3,6.12060E-3,6.23412E-3,6.62813E-3,6.86255E-3,4.10913E-3,4.37191E-3,4.23942E-3,3.44114E-3,3.22619E-3,1.69700E-3,1.35944E-3,6.10985E-4,8.97118E-4,6.86936E-4,-1.06671E-3,-1.89084E-4,-1.05139E-3,-1.40953E-3,-7.11860E-4,-3.15033E-3,-3.11508E-3,-2.37425E-3,-4.47665E-3,-3.71649E-3,-2.88648E-3,-5.02450E-3,-3.51753E-3,-4.16880E-3,-4.96085E-3,-4.31106E-3,-5.21152E-3,-5.45703E-3,-6.60910E-3,-4.78177E-3,-6.06880E-3,-5.06937E-3,-6.97880E-3,-5.87094E-3,-6.54859E-3,-6.50190E-3,-6.26604E-3,-5.37006E-3,-5.57738E-3,-5.56368E-3,-4.82646E-3,-5.69507E-3,-5.53462E-3,-6.17590E-3,-5.25234E-3,-6.14778E-3,-5.27151E-3,-5.42333E-3,-5.41664E-3,-5.00327E-3,-4.70885E-3,-5.80483E-3,-2.13744E-3,-2.80911E-3,-1.87782E-3,-2.18302E-3,-3.30654E-3,-2.47442E-3,-2.04066E-3,-2.89742E-3,-1.59943E-3,-2.89476E-3,-2.05968E-3,-2.50287E-3,-2.17160E-3,-3.43930E-3,-3.12682E-3,-2.02032E-3,-3.04808E-3,-4.17095E-3,-5.19858E-3,-4.58970E-3,-5.50281E-3,-4.07294E-3,-4.31314E-3,-3.16238E-3
1.20892E+3,1.42794E-3,1.28811E-3,-1.75214E-4,4.58086E-4,-1.24550E-3,-1.38503E-3,-1.13558E-3,1.82402E-3,-3.43877E-4,1.18340E-3,-2.83827E-4,-6.97729E-4,1.45555E-4,-3.21003E-4,-7.39339E-4,1.02925E-4,5.68972E-4,5.51267E-4,2.69348E-3,3.82803E-3,6.48688E-3,8.09281E-3,1.00723E-2,1.37251E-2,1.59152E-2,1.52866E-2,1.39341E-2,1.31771E-2,1.23047E-2,1.19739E-2,9.22437E-3,6.37774E-3,5.40170E-3,5.51406E-3,4.48754E-3,4.25283E-3,4.24744E-3,5.12041E-3,4.01700E-3,7.21432E-3,6.98267E-3,6.56674E-3,6.96454E-3,7.02837E-3,8.42801E-3,8.71734E-3,6.32197E-3,1.06290E-2,8.30334E-3,7.31938E-3,7.00596E-3,7.30461E-3,7.28785E-3,7.65404E-3,8.37920E-3,9.01956E-3,8.37657E-3,9.58851E-3,7.89992E-3,9.08028E-3,8.98613E-3,8.56501E-3,8.82332E-3,9.69320E-3,8.40591E-3,1.02856E-2,8.97016E-3,8.73061E-3,7.75050E-3,8.71607E-3,8.32366E-3,7.98253E-3,8.18672E-3,8.50411E-3,8.16425E-3,7.79996E-3,7.75351E-3,7.29253E-3,7.18295E-3,7.86847E-3,7.25460E-3,8.01946E-3,7.34748E-3,8.42377E-3,6.08974E-3,5.76477E-3,6.24789E-3,5.97247E-3,5.73511E-3,6.53843E-3,6.34668E-3,3.83628E-3,4.31289E-3,4.06848E-3,3.13258E-3,2.71263E-3,1.65076E-3,1.35910E-3,7.14199E-4,5.63393E-4,6.62864E-4,-1.24727E-3,-2.87594E-4,-1.19201E-3,-1.58288E-3,-1.02478E-3,-3.25779E-3,-3.10110E-3,-2.68991E-3,-4.45227E-3,-3.87530E-3,-3.02333E-3,-5.17843E-3,-3.45433E-3,-4.39866E-3,-4.86767E-3,-4.50307E-3,-5.21438E-3,-5.52425E-3,-6.77812E-3,-4.85156E-3,-6.07823E-3,-5.03376E-3,-7.12687E-3,-6.06113E-3,-6.51862E-3,-6.75359E-3,-6.23326E-3,-5.32864E-3,-5.83685E-3,-5.94354E-3,-5.06334E-3,-5.93705E-3,-5.57904E-3,-6.25858E-3,-4.98483E-3,-6.17999E-3,-5.36492E-3,-5.31124E-3,-5.42126E-3,-5.02250E-3,-4.83884E-3,-5.83372E-3,-2.33405E-3,-2.81200E-3,-2.22344E-3,-2.29106E-3,-3.29921E-3,-2.73859E-3,-1.93691E-3,-2.85705E-3,-1.95694E-3,-2.98307E-3,-2.21274E-3,-2.61688E-3,-2.39457E-3,-3.44688E-3,-3.10200E-3,-2.16846E-3,-3.03834E-3,-4.20092E-3,-5.08301E-3,-4.86736E-3,-5.28820E-3,-4.08873E-3,-4.32031E-3,-3.06799E-3
1.21239E+3,1.24657E-3,1.34736E-3,-1.75854E-4,2.39660E-4,-1.12431E-3,-1.29566E-3,-1.18873E-3,1.78116E-3,-1.89434E-4,1.15440E-3,-2.47103E-4,-6.43832E-4,1.59597E-4,-2.49983E-4,-8.13849E-4,1.70202E-4,7.88736E-4,6.43215E-4,2.96964E-3,4.17501E-3,6.88633E-3,8.89792E-3,1.05316E-2,1.42653E-2,1.63546E-2,1.58351E-2,1.41267E-2,1.31472E-2,1.21087E-2,1.18359E-2,8.68057E-3,6.16634E-3,4.76359E-3,4.71042E-3,4.06819E-3,3.43987E-3,3.38708E-3,3.82730E-3,3.01302E-3,6.23042E-3,6.01797E-3,6.27324E-3,6.39693E-3,6.68356E-3,7.58365E-3,8.02180E-3,5.39711E-3,9.66027E-3,7.72041E-3,6.29137E-3,6.40452E-3,6.70761E-3,6.62801E-3,7.11601E-3,7.54082E-3,7.99781E-3,7.69528E-3,8.92285E-3,7.26285E-3,8.45893E-3,8.58643E-3,8.14570E-3,8.36067E-3,9.16863E-3,8.11158E-3,9.87635E-3,8.74398E-3,8.48696E-3,7.04229E-3,8.37259E-3,7.87713E-3,7.85103E-3,8.13338E-3,8.05579E-3,7.75030E-3,7.52034E-3,7.38500E-3,6.98192E-3,6.85846E-3,7.77679E-3,7.10787E-3,7.59018E-3,6.86969E-3,7.92956E-3,6.01747E-3,5.45773E-3,5.98473E-3,5.86651E-3,5.57857E-3,6.25046E-3,6.13164E-3,3.74004E-3,3.98659E-3,3.91357E-3,3.10400E-3,2.59181E-3,1.48435E-3,1.21197E-3,4.55530E-4,4.30453E-4,6.94582E-4,-1.19275E-3,-4.15230E-4,-1.12486E-3,-1.83944E-3,-1.30861E-3,-3.16211E-3,-3.04452E-3,-2.85003E-3,-4.23436E-3,-3.74881E-3,-3.23878E-3,-5.04960E-3,-3.41666E-3,-4.68197E-3,-4.79534E-3,-4.77019E-3,-5.19933E-3,-5.81053E-3,-6.78447E-3,-5.00264E-3,-6.23046E-3,-5.04822E-3,-7.18996E-3,-6.06390E-3,-6.41998E-3,-6.63635E-3,-6.19875E-3,-5.44072E-3,-5.95654E-3,-6.09687E-3,-5.12003E-3,-6.09165E-3,-5.49564E-3,-6.02658E-3,-4.99056E-3,-6.38792E-3,-5.52621E-3,-5.21994E-3,-5.40049E-3,-5.05898E-3,-4.87932E-3,-5.76355E-3,-2.70317E-3,-3.10245E-3,-2.34027E-3,-2.30142E-3,-3.06869E-3,-2.83370E-3,-1.74017E-3,-2.76574E-3,-2.13398E-3,-2.98292E-3,-2.30702E-3,-2.67263E-3,-2.55466E-3,-3.40281E-3,-2.96196E-3,-2.21726E-3,-3.05007E-3,-4.03103E-3,-5.04051E-3,-4.84146E-3,-5.02307E-3,-4.08096E-3,-4.14673E-3,-2.89346E-3
1.21587E+3,1.15625E-3,1.28885E-3,-7.83205E-5,8.72013E-5,-1.17383E-3,-1.37140E-3,-1.32413E-3,1.81464E-3,9.99216E-5,1.18383E-3,-2.42011E-4,-6.83957E-4,2.97571E-4,-2.21684E-4,-8.32921E-4,1.98662E-4,9.10342E-4,7.93554E-4,3.05630E-3,4.47269E-3,6.93237E-3,9.44159E-3,1.07171E-2,1.44211E-2,1.67250E-2,1.60184E-2,1.41010E-2,1.30191E-2,1.16798E-2,1.13874E-2,8.25666E-3,5.79926E-3,4.32038E-3,4.18704E-3,3.67612E-3,2.73640E-3,2.48650E-3,3.04913E-3,2.17935E-3,5.69520E-3,5.21308E-3,5.66564E-3,5.73104E-3,6.15091E-3,6.67871E-3,7.40251E-3,4.68562E-3,9.10951E-3,7.22667E-3,5.77981E-3,6.06784E-3,6.33975E-3,6.30082E-3,6.76309E-3,7.18361E-3,7.11969E-3,7.30680E-3,8.48701E-3,6.98992E-3,7.73829E-3,8.21619E-3,7.74343E-3,8.25328E-3,8.73989E-3,8.04492E-3,9.52475E-3,8.51145E-3,8.19240E-3,6.76365E-3,7.99060E-3,7.57966E-3,7.78268E-3,8.11705E-3,7.58202E-3,7.23863E-3,7.17603E-3,7.02733E-3,6.70077E-3,6.66122E-3,7.45669E-3,6.77220E-3,7.21663E-3,6.47223E-3,7.80433E-3,5.90054E-3,5.25825E-3,5.74211E-3,5.82683E-3,5.36598E-3,6.22319E-3,5.82134E-3,3.67503E-3,3.98710E-3,3.84511E-3,3.11853E-3,2.18328E-3,1.40583E-3,1.27011E-3,6.92635E-4,3.50253E-4,6.57851E-4,-1.25894E-3,-3.54694E-4,-1.15849E-3,-1.66864E-3,-1.57120E-3,-3.11832E-3,-2.92279E-3,-3.15719E-3,-4.28795E-3,-3.72787E-3,-3.42833E-3,-5.15506E-3,-3.31738E-3,-4.79985E-3,-4.75750E-3,-4.82013E-3,-5.23031E-3,-5.87158E-3,-6.90134E-3,-5.21616E-3,-6.39519E-3,-4.98500E-3,-7.21139E-3,-6.13016E-3,-6.37182E-3,-6.69458E-3,-6.08836E-3,-5.52829E-3,-5.99175E-3,-6.19615E-3,-5.25679E-3,-6.18148E-3,-5.60570E-3,-6.15620E-3,-4.84645E-3,-6.41641E-3,-5.65472E-3,-5.26298E-3,-5.33768E-3,-5.24188E-3,-4.99944E-3,-5.82814E-3,-2.96355E-3,-3.12769E-3,-2.44748E-3,-2.31485E-3,-2.89279E-3,-2.92835E-3,-1.67380E-3,-2.70400E-3,-2.27538E-3,-2.90202E-3,-2.33654E-3,-2.59804E-3,-2.45817E-3,-3.33292E-3,-2.92855E-3,-2.39033E-3,-2.90400E-3,-4.22837E-3,-5.00320E-3,-4.98300E-3,-4.59711E-3,-4.05174E-3,-4.15280E-3,-2.72997E-3
1.21935E+3,1.11826E-3,1.18486E-3,-7.34130E-5,-1.15725E-4,-9.87714E-4,-1.26611E-3,-1.47876E-3,1.70962E-3,2.22665E-4,1.28888E-3,-1.34910E-4,-7.10684E-4,2.90466E-4,-2.19693E-4,-8.27736E-4,2.78675E-4,1.06448E-3,9.54225E-4,3.39010E-3,4.82931E-3,7.22216E-3,1.01624E-2,1.12184E-2,1.48040E-2,1.67446E-2,1.62644E-2,1.42451E-2,1.34181E-2,1.15007E-2,1.09268E-2,7.75731E-3,5.20039E-3,3.65694E-3,3.43586E-3,3.06128E-3,1.99800E-3,1.78762E-3,2.21508E-3,1.44812E-3,4.99060E-3,4.37912E-3,5.15387E-3,5.08167E-3,5.59804E-3,5.55655E-3,6.59226E-3,3.86112E-3,8.39036E-3,6.75786E-3,5.10788E-3,5.63329E-3,5.90499E-3,5.91901E-3,6.29577E-3,6.50879E-3,6.57699E-3,6.59475E-3,7.97619E-3,6.52827E-3,7.32119E-3,7.75404E-3,7.25453E-3,7.91640E-3,8.40709E-3,7.98963E-3,9.13989E-3,8.46401E-3,7.66157E-3,6.37591E-3,7.77516E-3,7.41857E-3,7.67442E-3,7.83723E-3,7.37139E-3,7.17858E-3,7.05229E-3,6.84409E-3,6.61458E-3,6.71188E-3,7.39146E-3,6.77487E-3,6.91285E-3,6.18540E-3,7.36672E-3,5.89162E-3,5.30678E-3,5.32826E-3,5.72234E-3,5.21060E-3,5.95778E-3,5.43780E-3,3.59365E-3,3.93397E-3,3.75086E-3,3.30062E-3,2.24473E-3,1.45697E-3,1.38619E-3,5.99127E-4,3.29043E-4,8.83713E-4,-1.06223E-3,-1.92149E-4,-1.17719E-3,-1.88800E-3,-1.53000E-3,-3.04514E-3,-2.85952E-3,-3.23698E-3,-4.08546E-3,-3.82295E-3,-3.39516E-3,-4.93310E-3,-3.15592E-3,-4.86328E-3,-4.67752E-3,-5.13478E-3,-5.16680E-3,-5.94440E-3,-6.88038E-3,-5.30264E-3,-6.41597E-3,-4.92054E-3,-7.18692E-3,-6.13137E-3,-6.25078E-3,-6.49648E-3,-6.13127E-3,-5.60945E-3,-6.17908E-3,-6.37786E-3,-5.47012E-3,-6.16472E-3,-5.55798E-3,-5.92781E-3,-4.74428E-3,-6.46017E-3,-5.70074E-3,-5.24715E-3,-5.56066E-3,-5.14638E-3,-4.98556E-3,-5.80727E-3,-3.00595E-3,-3.11599E-3,-2.47208E-3,-2.22904E-3,-2.70700E-3,-2.99405E-3,-1.47400E-3,-2.59810E-3,-2.22796E-3,-2.85293E-3,-2.29435E-3,-2.53846E-3,-2.55654E-3,-3.35087E-3,-2.94509E-3,-2.30351E-3,-2.89361E-3,-4.17079E-3,-5.02237E-3,-5.12092E-3,-4.66308E-3,-4.07269E-3,-4.08245E-3,-2.55702E-3
1.22283E+3,9.44201E-4,1.11509E-3,2.99522E-6,-2.32643E-4,-8.84210E-4,-1.24019E-3,-1.41394E-3,1.79041E-3,3.17555E-4,1.10695E-3,-1.94196E-4,-6.37287E-4,2.82613E-4,-1.33734E-4,-8.23617E-4,2.03148E-4,1.10396E-3,1.23002E-3,3.55886E-3,5.08788E-3,7.53385E-3,1.09822E-2,1.14712E-2,1.49642E-2,1.71690E-2,1.64874E-2,1.45128E-2,1.32083E-2,1.12586E-2,1.07688E-2,7.58847E-3,4.81123E-3,3.19969E-3,2.71239E-3,2.38419E-3,9.27719E-4,7.07005E-4,1.00417E-3,5.58760E-4,4.03193E-3,3.21272E-3,4.54623E-3,4.21951E-3,4.97635E-3,4.87507E-3,5.52486E-3,3.10693E-3,7.74495E-3,6.14887E-3,4.70121E-3,5.23143E-3,5.39638E-3,5.31862E-3,5.75167E-3,5.84095E-3,5.53798E-3,5.99748E-3,7.11652E-3,5.92037E-3,6.48276E-3,7.05513E-3,6.69653E-3,7.41616E-3,7.84302E-3,7.42282E-3,8.53266E-3,8.03115E-3,7.00097E-3,6.15960E-3,7.18176E-3,7.09280E-3,7.51975E-3,7.70486E-3,6.97576E-3,6.62563E-3,6.91588E-3,6.69236E-3,6.45806E-3,6.39635E-3,7.13287E-3,6.52924E-3,6.47723E-3,5.67463E-3,7.03547E-3,5.83303E-3,4.86328E-3,5.03866E-3,5.55197E-3,4.93090E-3,5.61184E-3,5.29442E-3,3.42923E-3,3.82556E-3,3.77482E-3,3.13263E-3,1.88680E-3,1.52073E-3,1.34175E-3,7.04633E-4,2.87103E-4,8.73146E-4,-1.16579E-3,-2.99750E-4,-1.30132E-3,-1.84071E-3,-1.88575E-3,-2.98975E-3,-2.71199E-3,-3.39501E-3,-3.85799E-3,-3.83655E-3,-3.52663E-3,-4.93769E-3,-3.34394E-3,-5.02553E-3,-4.73508E-3,-5.22060E-3,-5.16346E-3,-6.04423E-3,-6.98000E-3,-5.53917E-3,-6.53288E-3,-4.97079E-3,-7.09169E-3,-6.11111E-3,-6.18589E-3,-6.59553E-3,-5.99097E-3,-5.80640E-3,-6.12979E-3,-6.51198E-3,-5.58585E-3,-6.10383E-3,-5.48738E-3,-5.96569E-3,-4.44544E-3,-6.30434E-3,-5.74374E-3,-5.25401E-3,-5.50158E-3,-5.27189E-3,-4.90702E-3,-5.71538E-3,-3.37464E-3,-3.24178E-3,-2.56356E-3,-2.27060E-3,-2.41840E-3,-3.02426E-3,-1.41240E-3,-2.63901E-3,-2.50040E-3,-3.02058E-3,-2.39470E-3,-2.54180E-3,-2.82289E-3,-3.20952E-3,-2.84368E-3,-2.43312E-3,-2.97603E-3,-4.27967E-3,-4.87133E-3,-5.20871E-3,-4.51365E-3,-4.08402E-3,-3.93750E-3,-2.50971E-3
1.22631E+3,9.20413E-4,1.01336E-3,1.16281E-4,-4.07818E-4,-8.31345E-4,-1.22477E-3,-1.63913E-3,1.87530E-3,6.30432E-4,1.02733E-3,-1.95252E-4,-7.07152E-4,3.38753E-4,-9.93450E-5,-8.17051E-4,3.97911E-4,1.24249E-3,1.35524E-3,3.76388E-3,5.17194E-3,7.50587E-3,1.13180E-2,1.12350E-2,1.49877E-2,1.71611E-2,1.61404E-2,1.42171E-2,1.30332E-2,1.08422E-2,1.04530E-2,7.11088E-3,4.39063E-3,2.61749E-3,2.24119E-3,1.82368E-3,2.91468E-4,-1.12432E-4,-8.48598E-5,-7.40206E-6,3.27495E-3,2.59277E-3,3.95327E-3,3.54637E-3,4.37211E-3,4.23746E-3,4.61097E-3,2.31937E-3,7.14291E-3,5.84588E-3,4.07563E-3,4.68125E-3,5.16887E-3,4.89115E-3,5.32375E-3,5.21483E-3,4.71692E-3,5.42933E-3,6.55262E-3,5.79261E-3,5.84661E-3,6.73749E-3,6.44033E-3,7.10367E-3,7.44602E-3,7.39262E-3,8.25544E-3,7.62677E-3,6.90124E-3,5.99027E-3,7.22955E-3,6.68094E-3,7.16515E-3,7.51612E-3,6.40470E-3,6.31851E-3,6.44765E-3,6.35201E-3,6.36132E-3,6.33414E-3,6.92778E-3,6.23218E-3,6.26888E-3,5.45645E-3,6.84678E-3,5.86914E-3,4.90835E-3,4.84205E-3,5.51381E-3,4.86207E-3,5.61882E-3,5.07028E-3,3.36101E-3,3.72068E-3,3.58537E-3,3.15671E-3,1.55862E-3,1.68271E-3,1.33607E-3,6.29516E-4,2.94614E-4,9.52558E-4,-1.12034E-3,-3.51975E-4,-1.23172E-3,-1.87402E-3,-2.05098E-3,-2.99805E-3,-2.72390E-3,-3.58257E-3,-3.74882E-3,-3.84438E-3,-3.69191E-3,-4.98901E-3,-3.26976E-3,-5.19286E-3,-4.60003E-3,-5.37353E-3,-5.10637E-3,-6.06135E-3,-6.81581E-3,-5.73099E-3,-6.49030E-3,-5.07541E-3,-7.06085E-3,-6.06718E-3,-6.11948E-3,-6.64194E-3,-6.01581E-3,-5.79504E-3,-5.98583E-3,-6.71394E-3,-5.94483E-3,-6.05393E-3,-5.66030E-3,-5.98689E-3,-4.61538E-3,-6.28324E-3,-5.79370E-3,-5.20534E-3,-5.36302E-3,-5.24420E-3,-4.96350E-3,-5.70490E-3,-3.60460E-3,-3.49231E-3,-2.90357E-3,-2.43831E-3,-2.42237E-3,-3.12028E-3,-1.24978E-3,-2.41191E-3,-2.57177E-3,-2.75249E-3,-2.39001E-3,-2.27635E-3,-2.69410E-3,-3.12013E-3,-2.77808E-3,-2.55894E-3,-3.05871E-3,-4.00670E-3,-4.79422E-3,-5.31706E-3,-4.27429E-3,-4.06198E-3,-3.86901E-3,-2.35878E-3
1.22979E+3,7.36233E-4,9.12500E-4,6.20088E-5,-6.41056E-4,-7.46350E-4,-1.08072E-3,-1.69207E-3,1.84110E-3,9.26120E-4,9.33510E-4,-1.35601E-4,-6.57937E-4,4.18481E-4,-9.21149E-5,-7.84098E-4,3.28162E-4,1.30920E-3,1.62763E-3,3.84939E-3,5.33627E-3,7.74482E-3,1.16835E-2,1.16066E-2,1.52596E-2,1.72686E-2,1.65763E-2,1.45876E-2,1.31192E-2,1.06622E-2,1.02568E-2,6.63603E-3,4.01514E-3,2.16478E-3,1.56676E-3,1.01826E-3,-6.22793E-4,-1.09989E-3,-1.01687E-3,-9.20849E-4,2.15208E-3,1.63005E-3,3.14973E-3,2.44938E-3,3.27475E-3,3.13204E-3,3.65264E-3,1.48349E-3,6.54486E-3,5.47198E-3,3.64862E-3,4.13364E-3,4.62496E-3,4.29727E-3,4.62690E-3,4.53333E-3,3.92050E-3,4.85378E-3,5.72073E-3,5.38621E-3,5.33806E-3,6.19351E-3,6.01657E-3,6.53823E-3,7.09623E-3,6.95326E-3,7.91083E-3,7.24222E-3,6.54816E-3,5.68136E-3,6.79235E-3,6.43384E-3,7.04884E-3,7.09720E-3,6.09240E-3,5.82119E-3,6.31796E-3,5.83998E-3,6.01011E-3,6.12563E-3,6.78447E-3,5.99683E-3,5.94964E-3,5.01791E-3,6.45562E-3,5.85324E-3,4.56960E-3,4.64573E-3,5.45476E-3,4.52795E-3,4.97410E-3,4.64131E-3,3.12137E-3,3.40079E-3,3.46971E-3,2.97052E-3,1.36486E-3,1.56636E-3,1.31837E-3,4.53209E-4,5.90758E-5,6.07411E-4,-1.21623E-3,-5.45442E-4,-1.40419E-3,-2.12238E-3,-2.37338E-3,-3.11912E-3,-2.72008E-3,-3.76919E-3,-3.73303E-3,-3.93905E-3,-3.85734E-3,-4.91220E-3,-3.35581E-3,-5.48244E-3,-4.65980E-3,-5.62285E-3,-5.20655E-3,-6.07710E-3,-6.83229E-3,-5.92013E-3,-6.53972E-3,-4.96836E-3,-7.08884E-3,-6.24710E-3,-6.09188E-3,-6.65805E-3,-5.99170E-3,-5.88474E-3,-6.11738E-3,-6.71309E-3,-5.91880E-3,-6.15654E-3,-5.66269E-3,-6.19877E-3,-4.60072E-3,-6.27248E-3,-5.87037E-3,-5.26022E-3,-5.41048E-3,-5.18322E-3,-5.05069E-3,-5.63325E-3,-4.01562E-3,-3.72525E-3,-3.01731E-3,-2.64347E-3,-2.24119E-3,-3.12389E-3,-1.31149E-3,-2.22128E-3,-2.74374E-3,-2.78719E-3,-2.52001E-3,-2.29039E-3,-2.83265E-3,-3.07315E-3,-2.57922E-3,-2.95606E-3,-3.25734E-3,-4.16508E-3,-4.70762E-3,-5.43505E-3,-4.12528E-3,-4.09288E-3,-3.81760E-3,-2.20724E-3
1.23327E+3,5.76225E-4,5.99010E-4,3.01548E-4,-5.97155E-4,-5.21958E-4,-9.81077E-4,-1.45435E-3,1.87173E-3,8.56243E-4,7.31302E-4,-2.40327E-4,-6.04044E-4,3.88150E-4,-1.35333E-4,-7.89960E-4,2.40805E-4,1.40562E-3,1.75012E-3,3.92357E-3,5.49428E-3,7.70150E-3,1.21253E-2,1.16234E-2,1.48870E-2,1.67554E-2,1.61133E-2,1.41441E-2,1.25099E-2,9.88527E-3,9.38759E-3,5.91738E-3,3.54860E-3,1.33602E-3,8.16360E-4,-2.69689E-5,-1.71133E-3,-2.25731E-3,-1.78885E-3,-1.54687E-3,9.31805E-4,1.69322E-4,1.84790E-3,1.01167E-3,2.18189E-3,2.22815E-3,2.34354E-3,6.23276E-4,5.36506E-3,4.61648E-3,3.22083E-3,3.32972E-3,3.98538E-3,3.59259E-3,3.94152E-3,3.70123E-3,3.14831E-3,4.04265E-3,4.75885E-3,4.78233E-3,4.37739E-3,5.20071E-3,5.20088E-3,5.88825E-3,6.23683E-3,6.38264E-3,7.14342E-3,6.63053E-3,5.81164E-3,5.21089E-3,6.53584E-3,6.07519E-3,6.79942E-3,6.66340E-3,5.68722E-3,5.31728E-3,5.83991E-3,5.45107E-3,5.63048E-3,5.62263E-3,6.28162E-3,5.63283E-3,5.34343E-3,4.58059E-3,6.09435E-3,5.63825E-3,4.34906E-3,4.28541E-3,5.22507E-3,4.20565E-3,4.52023E-3,4.23426E-3,2.95854E-3,3.29029E-3,3.26032E-3,2.82381E-3,1.07961E-3,1.39667E-3,1.26396E-3,5.30050E-4,7.62149E-5,4.23773E-4,-1.39716E-3,-9.45337E-4,-1.58152E-3,-2.24912E-3,-2.82466E-3,-3.13669E-3,-2.79832E-3,-3.90262E-3,-3.53602E-3,-4.12541E-3,-4.01987E-3,-5.03109E-3,-3.49286E-3,-5.63727E-3,-4.71679E-3,-5.90786E-3,-4.99430E-3,-6.23238E-3,-6.90357E-3,-6.15423E-3,-6.31787E-3,-5.09123E-3,-6.92977E-3,-6.19628E-3,-6.14190E-3,-6.68064E-3,-5.90483E-3,-6.00014E-3,-6.05887E-3,-6.97635E-3,-6.10758E-3,-6.06867E-3,-5.74037E-3,-6.02898E-3,-4.46529E-3,-6.31956E-3,-5.78360E-3,-5.20865E-3,-5.37906E-3,-5.07190E-3,-5.11589E-3,-5.36741E-3,-4.21102E-3,-3.79398E-3,-3.38056E-3,-2.65805E-3,-1.96170E-3,-3.16242E-3,-1.28892E-3,-2.05632E-3,-2.83465E-3,-2.70775E-3,-2.45013E-3,-2.06676E-3,-2.93972E-3,-2.94203E-3,-2.50123E-3,-3.16602E-3,-3.12985E-3,-4.21697E-3,-4.56407E-3,-5.49140E-3,-3.96990E-3,-3.93375E-3,-3.71052E-3,-2.03204E-3
1.23675E+3,6.25684E-4,6.94361E-4,4.43355E-4,-6.95304E-4,-6.03219E-4,-8.69679E-4,-1.74782E-3,1.88130E-3,8.31013E-4,5.47222E-4,-2.79463E-4,-6.71363E-4,5.34408E-4,-6.43035E-5,-6.26185E-4,2.53348E-4,1.53874E-3,1.76140E-3,3.98519E-3,5.55859E-3,7.76966E-3,1.24802E-2,1.16429E-2,1.50299E-2,1.65999E-2,1.59941E-2,1.43001E-2,1.26376E-2,9.35985E-3,9.25762E-3,5.70261E-3,2.98184E-3,7.21186E-4,1.24998E-4,-8.62632E-4,-2.41449E-3,-3.06031E-3,-2.46009E-3,-2.24351E-3,1.08746E-4,-5.89866E-4,1.14812E-3,3.08788E-4,1.67700E-3,1.68891E-3,1.40623E-3,-1.11023E-4,5.02431E-3,4.32245E-3,2.68221E-3,2.97581E-3,3.66419E-3,2.99735E-3,3.56181E-3,3.11134E-3,2.54655E-3,3.45752E-3,4.16156E-3,4.50105E-3,3.71837E-3,4.87917E-3,4.75769E-3,5.57169E-3,5.83839E-3,6.22676E-3,6.74990E-3,6.50150E-3,5.41204E-3,4.86516E-3,6.15948E-3,5.59091E-3,6.36182E-3,6.33359E-3,5.36686E-3,5.12607E-3,5.57129E-3,5.26384E-3,5.42468E-3,5.62816E-3,5.94127E-3,5.34002E-3,4.99791E-3,4.42278E-3,5.61291E-3,5.42042E-3,4.28531E-3,4.00020E-3,5.22730E-3,4.10441E-3,4.26135E-3,4.12756E-3,2.96226E-3,3.10423E-3,2.92833E-3,2.63465E-3,9.57768E-4,1.48210E-3,1.10197E-3,3.94058E-4,8.37395E-5,4.19199E-4,-1.26133E-3,-1.01913E-3,-1.50571E-3,-2.29771E-3,-3.00213E-3,-3.21645E-3,-2.78729E-3,-3.90542E-3,-3.42870E-3,-4.16728E-3,-4.14490E-3,-4.82273E-3,-3.51209E-3,-5.69134E-3,-4.73057E-3,-6.06265E-3,-5.08940E-3,-6.15945E-3,-7.03799E-3,-6.30414E-3,-6.44043E-3,-5.34501E-3,-6.93477E-3,-6.39962E-3,-6.15324E-3,-6.58723E-3,-6.00755E-3,-6.16651E-3,-6.04399E-3,-7.07041E-3,-6.20743E-3,-6.21675E-3,-5.83848E-3,-6.05548E-3,-4.48150E-3,-6.28407E-3,-5.88402E-3,-5.23841E-3,-5.41563E-3,-5.06158E-3,-5.12612E-3,-5.25550E-3,-4.36132E-3,-3.89523E-3,-3.27359E-3,-2.76390E-3,-1.94023E-3,-3.21413E-3,-1.24469E-3,-2.05480E-3,-2.74895E-3,-2.66887E-3,-2.50043E-3,-2.17488E-3,-3.09498E-3,-2.82302E-3,-2.53411E-3,-3.30782E-3,-3.29382E-3,-4.32297E-3,-4.62859E-3,-5.64959E-3,-3.95669E-3,-3.98760E-3,-3.75533E-3,-2.11668E-3
1.24024E+3,5.58349E-4,5.58139E-4,3.62333E-4,-5.85052E-4,-4.73277E-4,-7.93617E-4,-1.77607E-3,1.86981E-3,8.56941E-4,3.66840E-4,-3.08391E-4,-5.44572E-4,5.65435E-4,-1.43009E-4,-5.13859E-4,2.16286E-4,1.44333E-3,1.74883E-3,3.92462E-3,5.57727E-3,7.73241E-3,1.26976E-2,1.15442E-2,1.48878E-2,1.63487E-2,1.58301E-2,1.41452E-2,1.19701E-2,9.03447E-3,8.68557E-3,5.27944E-3,2.65195E-3,1.44076E-4,-3.95559E-4,-1.26382E-3,-2.98700E-3,-3.96026E-3,-3.16567E-3,-2.72251E-3,-6.89514E-4,-1.35839E-3,2.05540E-4,-4.49443E-4,9.44831E-4,1.07510E-3,5.75165E-4,-8.07758E-4,4.41701E-3,3.97230E-3,2.16581E-3,2.25346E-3,3.27019E-3,2.60549E-3,3.09394E-3,2.79259E-3,1.85914E-3,2.99790E-3,3.61542E-3,4.12649E-3,3.15154E-3,4.19176E-3,4.41726E-3,5.21637E-3,5.59790E-3,5.82150E-3,6.41358E-3,6.16568E-3,5.04096E-3,4.57564E-3,5.96604E-3,5.24472E-3,6.00604E-3,5.89247E-3,4.91575E-3,4.64327E-3,5.27723E-3,5.01458E-3,5.17461E-3,5.00145E-3,5.68636E-3,4.87800E-3,4.59699E-3,4.06275E-3,5.29095E-3,5.22687E-3,3.94073E-3,3.76468E-3,4.91103E-3,3.86690E-3,3.69864E-3,3.69158E-3,2.61058E-3,2.86609E-3,2.81805E-3,2.57860E-3,7.86539E-4,1.47709E-3,9.02140E-4,2.53013E-4,-1.52077E-4,2.70007E-4,-1.29530E-3,-1.25900E-3,-1.63726E-3,-2.33274E-3,-2.99287E-3,-3.21802E-3,-2.97039E-3,-4.04455E-3,-3.39180E-3,-4.28631E-3,-4.33061E-3,-4.82621E-3,-3.70436E-3,-5.92184E-3,-4.82599E-3,-6.10140E-3,-5.08234E-3,-6.19203E-3,-6.87979E-3,-6.52750E-3,-6.55595E-3,-5.39307E-3,-7.03383E-3,-6.42103E-3,-6.22079E-3,-6.63771E-3,-5.84882E-3,-6.31098E-3,-6.09261E-3,-7.17963E-3,-6.45519E-3,-6.26831E-3,-5.99619E-3,-6.16334E-3,-4.43417E-3,-6.33286E-3,-6.05788E-3,-5.41680E-3,-5.51212E-3,-5.08406E-3,-5.06961E-3,-5.22365E-3,-4.62593E-3,-3.96554E-3,-3.57568E-3,-3.03964E-3,-2.08800E-3,-3.24713E-3,-1.25967E-3,-1.99746E-3,-2.72193E-3,-2.56970E-3,-2.48390E-3,-2.22027E-3,-3.00529E-3,-2.93541E-3,-2.67818E-3,-3.42689E-3,-3.52968E-3,-4.29987E-3,-4.75674E-3,-5.75418E-3,-4.09284E-3,-3.97085E-3,-3.54726E-3,-2.00075E-3
1.24372E+3,4.47227E-4,3.93884E-4,4.57101E-4,-6.85504E-4,-2.56983E-4,-4.75709E-4,-1.84515E-3,1.82859E-3,9.74500E-4,2.59206E-5,-3.42686E-4,-4.91724E-4,5.44185E-4,-7.84514E-5,-4.95190E-4,1.82712E-4,1.49249E-3,1.90566E-3,4.07557E-3,5.63424E-3,7.78420E-3,1.31930E-2,1.15965E-2,1.49891E-2,1.61774E-2,1.58436E-2,1.42185E-2,1.21303E-2,8.85272E-3,8.43756E-3,4.66738E-3,2.46756E-3,-2.07964E-4,-7.85247E-4,-1.58812E-3,-3.79027E-3,-4.61822E-3,-3.79793E-3,-3.04883E-3,-1.61681E-3,-1.98051E-3,-4.96060E-4,-1.21365E-3,4.54663E-4,5.36416E-4,-2.01021E-4,-1.22321E-3,3.67833E-3,3.25278E-3,1.68684E-3,1.86670E-3,2.89274E-3,1.98430E-3,2.67678E-3,2.36005E-3,1.47458E-3,2.58037E-3,2.98014E-3,3.74450E-3,2.57050E-3,3.84661E-3,4.01863E-3,4.48795E-3,4.70210E-3,5.27778E-3,5.62769E-3,5.60530E-3,4.63288E-3,4.45544E-3,5.60104E-3,4.90512E-3,5.78683E-3,5.66628E-3,4.65261E-3,4.36292E-3,4.98823E-3,4.83163E-3,4.89133E-3,4.87207E-3,5.34621E-3,4.73323E-3,4.29039E-3,3.68491E-3,4.92973E-3,5.16650E-3,3.84337E-3,3.54103E-3,4.74786E-3,3.79449E-3,3.33019E-3,3.59840E-3,2.60673E-3,2.69451E-3,2.58499E-3,2.62878E-3,8.15178E-4,1.59403E-3,9.42820E-4,3.98839E-4,-2.72384E-5,6.65781E-5,-1.23097E-3,-1.45680E-3,-1.54824E-3,-2.46327E-3,-3.10305E-3,-3.14413E-3,-2.99737E-3,-4.04141E-3,-3.16138E-3,-4.20740E-3,-4.44857E-3,-4.76275E-3,-3.87436E-3,-5.91811E-3,-4.69784E-3,-6.09777E-3,-5.14104E-3,-6.25028E-3,-6.70783E-3,-6.49090E-3,-6.34957E-3,-5.34859E-3,-6.87860E-3,-6.36672E-3,-6.14280E-3,-6.41150E-3,-5.91749E-3,-6.47903E-3,-5.91069E-3,-7.30614E-3,-6.58366E-3,-6.21463E-3,-6.00462E-3,-6.11558E-3,-4.54988E-3,-6.33393E-3,-6.25572E-3,-5.46831E-3,-5.50800E-3,-4.97368E-3,-5.15783E-3,-5.00891E-3,-4.71476E-3,-4.34611E-3,-3.39842E-3,-3.26527E-3,-1.82840E-3,-3.13496E-3,-1.24127E-3,-1.72322E-3,-2.44674E-3,-2.26285E-3,-2.34191E-3,-2.10686E-3,-3.21461E-3,-2.71410E-3,-2.54903E-3,-3.82860E-3,-3.63403E-3,-4.29392E-3,-4.66232E-3,-5.87662E-3,-4.13787E-3,-3.83647E-3,-3.47533E-3,-1.86850E-3
1.24721E+3,2.23713E-4,3.72130E-4,3.24736E-4,-5.56325E-4,-1.31676E-4,-4.42907E-4,-1.82242E-3,1.74648E-3,9.57760E-4,-5.71013E-5,-3.46508E-4,-4.87780E-4,6.80449E-4,-1.37388E-4,-3.23160E-4,1.90191E-4,1.52358E-3,1.81642E-3,4.00245E-3,5.74969E-3,7.96888E-3,1.33306E-2,1.15411E-2,1.51019E-2,1.61950E-2,1.58250E-2,1.43183E-2,1.24436E-2,8.87356E-3,8.26286E-3,4.87284E-3,2.41045E-3,-3.40359E-4,-9.45989E-4,-2.15437E-3,-4.07028E-3,-4.77955E-3,-3.94764E-3,-3.08068E-3,-1.86527E-3,-1.94010E-3,-6.27530E-4,-1.37560E-3,4.14019E-4,4.89916E-4,-5.48720E-4,-1.29810E-3,3.61226E-3,3.25317E-3,1.61796E-3,1.69160E-3,2.90845E-3,1.85993E-3,2.50365E-3,2.33958E-3,1.47917E-3,2.53246E-3,2.85018E-3,3.78753E-3,2.59533E-3,3.74203E-3,3.81429E-3,4.45711E-3,4.63265E-3,5.36986E-3,5.68288E-3,5.68809E-3,4.66323E-3,4.61644E-3,5.68876E-3,5.18562E-3,5.84314E-3,5.60163E-3,4.87385E-3,4.43599E-3,4.99288E-3,5.06337E-3,5.01973E-3,4.99800E-3,5.39795E-3,4.81872E-3,4.28037E-3,3.89454E-3,4.90424E-3,5.42449E-3,4.06896E-3,3.60490E-3,4.78059E-3,3.82175E-3,3.33689E-3,3.62100E-3,2.81303E-3,2.70888E-3,2.80011E-3,2.84524E-3,9.29285E-4,1.68090E-3,8.89555E-4,3.49560E-4,3.11131E-4,1.86031E-4,-1.02353E-3,-1.41455E-3,-1.63082E-3,-2.28717E-3,-3.10710E-3,-3.09732E-3,-2.93113E-3,-3.82702E-3,-3.12727E-3,-4.21685E-3,-4.37542E-3,-4.44186E-3,-3.94802E-3,-5.85221E-3,-4.74716E-3,-6.09223E-3,-5.04656E-3,-6.14981E-3,-6.49438E-3,-6.55585E-3,-6.27530E-3,-5.44036E-3,-6.61611E-3,-6.29032E-3,-6.29396E-3,-6.38766E-3,-5.88914E-3,-6.52313E-3,-5.98363E-3,-7.32772E-3,-6.56064E-3,-6.10021E-3,-5.99181E-3,-5.94986E-3,-4.36759E-3,-6.42056E-3,-6.25213E-3,-5.39359E-3,-5.53560E-3,-4.87489E-3,-4.99530E-3,-4.77409E-3,-4.73210E-3,-4.27501E-3,-3.50472E-3,-3.24595E-3,-1.83988E-3,-3.04169E-3,-1.23175E-3,-1.75511E-3,-2.36660E-3,-2.19690E-3,-2.43198E-3,-2.03813E-3,-3.18738E-3,-2.72503E-3,-2.54945E-3,-3.84400E-3,-3.71536E-3,-4.39448E-3,-4.63891E-3,-6.00154E-3,-4.21880E-3,-3.91617E-3,-3.47056E-3,-1.78855E-3
1.25069E+3,2.24604E-4,3.14290E-4,3.76242E-4,-5.36319E-4,9.10808E-5,-3.07894E-4,-1.91804E-3,1.63505E-3,8.81528E-4,-1.58466E-4,-3.23915E-4,-4.14125E-4,6.54079E-4,-1.86384E-4,-3.31736E-4,1.66695E-4,1.37937E-3,1.86419E-3,4.07451E-3,5.64031E-3,7.97686E-3,1.34020E-2,1.15819E-2,1.51128E-2,1.60287E-2,1.56820E-2,1.44354E-2,1.22500E-2,8.61371E-3,8.00224E-3,4.58004E-3,1.87086E-3,-5.53749E-4,-1.37372E-3,-2.75686E-3,-4.52951E-3,-5.29220E-3,-4.30433E-3,-3.40884E-3,-2.46404E-3,-2.53191E-3,-1.54159E-3,-2.10363E-3,-3.51459E-4,6.89673E-6,-1.15879E-3,-1.79562E-3,3.34282E-3,3.09566E-3,1.53139E-3,1.48465E-3,2.72487E-3,1.69662E-3,2.36180E-3,2.07574E-3,1.05603E-3,2.25156E-3,2.44782E-3,3.54989E-3,2.21786E-3,3.32770E-3,3.77495E-3,4.34624E-3,4.46429E-3,5.22815E-3,5.51086E-3,5.67436E-3,4.50076E-3,4.56374E-3,5.58922E-3,4.93109E-3,5.73880E-3,5.38230E-3,4.72204E-3,4.32460E-3,5.04395E-3,5.01171E-3,4.89316E-3,5.00515E-3,5.22038E-3,4.61258E-3,4.06596E-3,3.93383E-3,4.74580E-3,5.29751E-3,4.07175E-3,3.59270E-3,4.80987E-3,3.82821E-3,3.14565E-3,3.60589E-3,2.79021E-3,2.74632E-3,2.79617E-3,2.88053E-3,9.84337E-4,1.73128E-3,9.02353E-4,6.36692E-4,4.68348E-4,1.88785E-4,-9.57878E-4,-1.56478E-3,-1.55176E-3,-2.33387E-3,-2.99796E-3,-3.01752E-3,-2.78494E-3,-3.80759E-3,-3.01389E-3,-4.13548E-3,-4.43082E-3,-4.42835E-3,-4.03851E-3,-5.99594E-3,-4.72875E-3,-6.19606E-3,-5.04962E-3,-6.02178E-3,-6.39694E-3,-6.45638E-3,-6.17598E-3,-5.56707E-3,-6.67380E-3,-6.24278E-3,-6.21832E-3,-6.20217E-3,-5.93272E-3,-6.57404E-3,-5.81829E-3,-7.11248E-3,-6.68158E-3,-6.16483E-3,-6.06425E-3,-6.03237E-3,-4.44832E-3,-6.20246E-3,-6.21116E-3,-5.38961E-3,-5.58922E-3,-5.06663E-3,-4.91567E-3,-4.52887E-3,-4.83885E-3,-4.19860E-3,-3.63519E-3,-3.36561E-3,-1.73646E-3,-3.00153E-3,-1.14579E-3,-1.85694E-3,-2.05608E-3,-1.98019E-3,-2.48730E-3,-2.14567E-3,-3.05707E-3,-2.70272E-3,-2.51285E-3,-4.00599E-3,-3.71539E-3,-4.32360E-3,-4.61012E-3,-6.06304E-3,-4.34704E-3,-3.94805E-3,-3.48049E-3,-1.68461E-3
1.25418E+3,1.64301E-4,1.58943E-4,4.77738E-4,-5.32667E-4,1.91446E-4,-1.06092E-4,-1.81258E-3,1.53578E-3,6.95989E-4,-2.50737E-4,-4.21503E-4,-2.86489E-4,6.87292E-4,-1.92040E-4,-3.09380E-4,2.54167E-4,1.32351E-3,1.81780E-3,3.94038E-3,5.61982E-3,7.79547E-3,1.32980E-2,1.13515E-2,1.48238E-2,1.56768E-2,1.52009E-2,1.40193E-2,1.18180E-2,8.19198E-3,7.56259E-3,4.19519E-3,1.30942E-3,-1.11235E-3,-1.79834E-3,-3.67420E-3,-5.38746E-3,-6.12810E-3,-4.50329E-3,-3.88388E-3,-3.33889E-3,-3.10724E-3,-2.30763E-3,-2.75969E-3,-8.12056E-4,-4.19931E-4,-1.93667E-3,-2.34329E-3,2.66272E-3,2.77460E-3,1.27303E-3,9.21798E-4,2.29176E-3,1.21454E-3,1.82852E-3,1.78895E-3,8.00886E-4,1.87657E-3,1.86984E-3,3.07033E-3,1.79298E-3,2.71753E-3,3.24159E-3,3.68836E-3,4.00402E-3,4.72759E-3,5.21465E-3,5.29483E-3,4.22118E-3,4.37697E-3,5.40528E-3,4.51217E-3,5.55006E-3,5.35019E-3,4.68773E-3,4.26441E-3,5.03383E-3,4.89399E-3,4.67746E-3,4.98858E-3,5.16879E-3,4.41110E-3,4.05480E-3,3.85754E-3,4.56451E-3,5.14872E-3,4.17631E-3,3.50254E-3,4.70779E-3,3.74147E-3,2.96932E-3,3.42996E-3,2.83875E-3,2.74709E-3,2.77331E-3,2.85533E-3,9.73182E-4,1.77423E-3,9.49723E-4,5.42544E-4,3.56820E-4,2.19772E-4,-8.04768E-4,-1.69698E-3,-1.40049E-3,-2.32189E-3,-2.94545E-3,-2.82863E-3,-2.74474E-3,-3.78533E-3,-2.79776E-3,-4.12961E-3,-4.34710E-3,-4.40245E-3,-4.16168E-3,-5.82559E-3,-4.69747E-3,-6.17043E-3,-5.07838E-3,-5.96877E-3,-6.29720E-3,-6.46812E-3,-6.08455E-3,-5.67850E-3,-6.52975E-3,-6.29893E-3,-6.19218E-3,-6.26000E-3,-5.99454E-3,-6.66984E-3,-5.74873E-3,-7.16115E-3,-6.66584E-3,-6.12535E-3,-6.12408E-3,-5.88357E-3,-4.62651E-3,-6.24454E-3,-6.27722E-3,-5.45288E-3,-5.63478E-3,-5.11238E-3,-4.81954E-3,-4.44399E-3,-4.73747E-3,-4.18145E-3,-3.71157E-3,-3.39575E-3,-1.70499E-3,-2.97529E-3,-1.25924E-3,-1.80129E-3,-2.01646E-3,-1.86076E-3,-2.35579E-3,-2.10588E-3,-3.10667E-3,-2.66202E-3,-2.54852E-3,-4.06505E-3,-3.67978E-3,-4.29767E-3,-4.59257E-3,-6.08311E-3,-4.30010E-3,-3.97795E-3,-3.38553E-3,-1.59915E-3
1.25766E+3,9.70583E-5,1.76457E-4,4.67498E-4,-4.58985E-4,2.79639E-4,5.04144E-5,-1.83986E-3,1.40126E-3,6.36650E-4,-1.90487E-4,-3.38369E-4,-3.62945E-4,5.73040E-4,-7.73476E-5,-4.14025E-4,3.33932E-4,1.30429E-3,1.72257E-3,3.84396E-3,5.17224E-3,7.50574E-3,1.29730E-2,1.11125E-2,1.42349E-2,1.51586E-2,1.45512E-2,1.34591E-2,1.09116E-2,7.20773E-3,6.70551E-3,3.38492E-3,2.62244E-4,-2.06631E-3,-2.55837E-3,-4.79803E-3,-6.60283E-3,-7.12167E-3,-5.47259E-3,-4.62318E-3,-4.32455E-3,-4.30189E-3,-3.55054E-3,-3.68200E-3,-1.75150E-3,-1.22066E-3,-2.90915E-3,-3.22473E-3,1.76486E-3,2.13281E-3,9.08786E-4,2.65500E-4,1.86251E-3,3.89005E-4,1.17378E-3,9.82653E-4,4.49705E-5,1.23968E-3,9.64868E-4,2.43991E-3,9.61920E-4,1.95562E-3,2.58736E-3,2.95299E-3,3.38550E-3,4.13352E-3,4.34860E-3,4.64125E-3,3.78974E-3,4.00138E-3,4.90340E-3,4.17475E-3,4.94263E-3,4.61872E-3,4.22016E-3,3.80442E-3,4.53990E-3,4.45285E-3,4.40905E-3,4.65110E-3,4.61544E-3,3.99569E-3,3.51590E-3,3.44227E-3,3.91401E-3,4.92078E-3,3.71696E-3,3.09801E-3,4.43192E-3,3.55120E-3,2.76397E-3,3.01868E-3,2.57685E-3,2.58242E-3,2.55440E-3,2.69513E-3,9.00977E-4,1.61661E-3,6.69479E-4,4.74572E-4,2.90111E-4,3.59614E-5,-9.58592E-4,-1.70612E-3,-1.58570E-3,-2.37814E-3,-3.18873E-3,-2.79418E-3,-2.82901E-3,-3.79717E-3,-2.90594E-3,-4.26178E-3,-4.38265E-3,-4.42138E-3,-4.27853E-3,-5.94817E-3,-4.78877E-3,-6.24194E-3,-5.16970E-3,-5.84455E-3,-6.26772E-3,-6.50333E-3,-6.14568E-3,-5.69775E-3,-6.55249E-3,-6.37452E-3,-6.10682E-3,-6.25259E-3,-5.96825E-3,-6.70968E-3,-5.80910E-3,-7.20743E-3,-6.50457E-3,-6.12670E-3,-6.01963E-3,-5.83351E-3,-4.51338E-3,-6.33530E-3,-6.32303E-3,-5.37920E-3,-5.68173E-3,-5.15463E-3,-4.53750E-3,-4.05667E-3,-4.77585E-3,-3.90787E-3,-3.85886E-3,-3.33404E-3,-1.63348E-3,-2.78533E-3,-1.15199E-3,-1.71937E-3,-1.88385E-3,-1.86308E-3,-2.36051E-3,-2.07533E-3,-3.13062E-3,-2.52390E-3,-2.41237E-3,-4.07523E-3,-3.65333E-3,-4.42138E-3,-4.55845E-3,-6.13635E-3,-4.49585E-3,-3.99505E-3,-3.45753E-3,-1.70427E-3
1.26115E+3,9.07559E-5,2.31404E-4,5.73830E-4,-3.69746E-4,3.12763E-4,5.92434E-5,-1.75829E-3,1.38365E-3,4.83100E-4,-5.53503E-4,-3.93894E-4,-3.26614E-4,6.69066E-4,-9.56193E-5,-3.06142E-4,2.34189E-4,1.22603E-3,1.65183E-3,3.84394E-3,5.05772E-3,7.36000E-3,1.27027E-2,1.06778E-2,1.40580E-2,1.47785E-2,1.40325E-2,1.30058E-2,1.05663E-2,6.67054E-3,6.20694E-3,3.05302E-3,-2.89620E-4,-3.01085E-3,-3.15355E-3,-5.56247E-3,-7.51453E-3,-7.77971E-3,-5.81312E-3,-5.09947E-3,-5.09696E-3,-4.77050E-3,-4.38908E-3,-4.42661E-3,-2.15587E-3,-1.61664E-3,-3.70269E-3,-3.62453E-3,1.35704E-3,1.79136E-3,5.79793E-4,-4.22731E-4,1.49106E-3,-1.23691E-4,8.28718E-4,6.49011E-4,-3.30151E-4,5.94180E-4,4.69397E-4,1.98468E-3,5.19171E-4,1.23437E-3,2.07516E-3,2.36889E-3,2.81578E-3,3.51569E-3,4.00773E-3,4.37569E-3,3.45596E-3,3.71747E-3,4.45638E-3,3.67812E-3,4.56268E-3,4.34558E-3,3.87248E-3,3.61985E-3,4.22897E-3,4.54001E-3,4.19833E-3,4.34453E-3,4.40773E-3,3.73354E-3,3.15957E-3,3.23355E-3,3.69358E-3,4.88743E-3,3.68127E-3,2.95522E-3,4.19651E-3,3.41030E-3,2.47854E-3,3.13711E-3,2.53282E-3,2.30946E-3,2.55920E-3,2.78758E-3,7.72569E-4,1.55829E-3,6.51687E-4,5.39264E-4,2.14827E-4,-9.07953E-5,-8.75503E-4,-1.99288E-3,-1.67710E-3,-2.40492E-3,-3.07839E-3,-2.88149E-3,-2.94096E-3,-3.80564E-3,-2.92782E-3,-4.33719E-3,-4.50696E-3,-4.25978E-3,-4.58910E-3,-5.96590E-3,-4.67300E-3,-6.21491E-3,-5.13174E-3,-5.89614E-3,-6.16496E-3,-6.50577E-3,-5.92224E-3,-5.92920E-3,-6.44125E-3,-6.43132E-3,-6.13025E-3,-6.16348E-3,-6.05970E-3,-6.77559E-3,-5.82226E-3,-7.07152E-3,-6.57190E-3,-6.18510E-3,-6.09314E-3,-5.82674E-3,-4.64436E-3,-6.27193E-3,-6.35283E-3,-5.42305E-3,-5.78226E-3,-5.12035E-3,-4.50495E-3,-3.84622E-3,-4.81225E-3,-4.10159E-3,-3.97165E-3,-3.42003E-3,-1.57410E-3,-2.84421E-3,-1.21568E-3,-1.82447E-3,-1.75866E-3,-1.64125E-3,-2.30549E-3,-2.21054E-3,-3.15665E-3,-2.68828E-3,-2.49697E-3,-4.29526E-3,-3.64208E-3,-4.33208E-3,-4.63851E-3,-6.14002E-3,-4.58822E-3,-3.97749E-3,-3.38232E-3,-1.72326E-3
1.26464E+3,1.56671E-4,4.88395E-5,5.42170E-4,-2.45414E-4,3.64867E-4,1.85555E-4,-1.93796E-3,1.38374E-3,5.53155E-4,-5.06543E-4,-4.27593E-4,-3.20641E-4,7.05488E-4,-2.14825E-4,-2.87501E-4,3.55378E-4,1.01785E-3,1.52028E-3,3.57559E-3,4.85810E-3,7.08794E-3,1.22870E-2,1.04903E-2,1.39440E-2,1.43314E-2,1.34963E-2,1.25885E-2,1.00188E-2,6.17546E-3,5.81767E-3,2.72427E-3,-5.39858E-4,-3.41034E-3,-3.68580E-3,-6.30162E-3,-7.85113E-3,-8.10586E-3,-6.13045E-3,-5.36031E-3,-5.65092E-3,-5.15020E-3,-5.03528E-3,-4.82287E-3,-2.65196E-3,-1.96529E-3,-4.22921E-3,-3.94009E-3,1.02016E-3,1.32852E-3,2.29495E-4,-6.44491E-4,1.24563E-3,-3.09378E-4,4.96446E-4,4.48543E-4,-6.42022E-4,2.93582E-4,1.35092E-4,1.69846E-3,2.67370E-4,8.71632E-4,1.93187E-3,2.19413E-3,2.69553E-3,3.45643E-3,3.86089E-3,4.36878E-3,3.34831E-3,3.78642E-3,4.33707E-3,3.60059E-3,4.42183E-3,4.18293E-3,3.77652E-3,3.54018E-3,4.00268E-3,4.45252E-3,4.08170E-3,4.22012E-3,4.14969E-3,3.49461E-3,3.05474E-3,3.20959E-3,3.55829E-3,4.77529E-3,3.61530E-3,2.95112E-3,4.12830E-3,3.42370E-3,2.51547E-3,2.89921E-3,2.58632E-3,2.21476E-3,2.47350E-3,2.76217E-3,8.39596E-4,1.48230E-3,5.04654E-4,3.57918E-4,2.57775E-4,-1.43804E-4,-8.49326E-4,-2.01682E-3,-1.48725E-3,-2.44360E-3,-3.15009E-3,-2.92995E-3,-3.00547E-3,-3.81639E-3,-2.99987E-3,-4.20640E-3,-4.37621E-3,-4.19132E-3,-4.65912E-3,-5.99354E-3,-4.87786E-3,-6.14271E-3,-5.25351E-3,-5.78978E-3,-6.04860E-3,-6.42837E-3,-5.80962E-3,-5.85342E-3,-6.50402E-3,-6.29309E-3,-6.23183E-3,-6.19941E-3,-6.08367E-3,-6.82706E-3,-5.81161E-3,-7.20375E-3,-6.69426E-3,-6.13323E-3,-6.25163E-3,-5.80993E-3,-4.70824E-3,-6.34964E-3,-6.34092E-3,-5.32018E-3,-5.68554E-3,-5.31291E-3,-4.46817E-3,-3.88307E-3,-4.89418E-3,-4.03677E-3,-4.10459E-3,-3.56472E-3,-1.62040E-3,-2.72773E-3,-1.16555E-3,-1.94831E-3,-1.68309E-3,-1.65214E-3,-2.39032E-3,-2.12347E-3,-3.07943E-3,-2.54193E-3,-2.57842E-3,-4.35495E-3,-3.75105E-3,-4.34917E-3,-4.69220E-3,-6.31357E-3,-4.81488E-3,-4.14644E-3,-3.31741E-3,-1.77435E-3
1.26812E+3,-6.64484E-5,1.84475E-4,4.28312E-4,-6.64791E-5,6.27802E-4,3.87770E-4,-1.86288E-3,1.05272E-3,4.91477E-4,-8.09158E-4,-4.66298E-4,-2.75000E-4,8.02809E-4,-2.21279E-4,-2.07817E-4,4.30773E-4,9.67776E-4,1.42660E-3,3.51649E-3,4.82401E-3,7.01681E-3,1.20842E-2,1.01740E-2,1.35453E-2,1.38139E-2,1.32089E-2,1.20964E-2,9.25650E-3,5.61776E-3,5.13890E-3,2.06916E-3,-1.16730E-3,-4.11043E-3,-4.32546E-3,-7.09358E-3,-8.79344E-3,-8.98694E-3,-6.67059E-3,-5.91511E-3,-6.38103E-3,-5.77188E-3,-5.68954E-3,-5.50944E-3,-3.14604E-3,-2.36251E-3,-4.88462E-3,-4.56986E-3,2.70206E-4,8.92532E-4,-2.46308E-4,-1.30977E-3,9.84031E-4,-9.71397E-4,-4.98838E-5,-1.26539E-5,-9.75015E-4,-8.84957E-5,-5.80532E-4,1.18644E-3,-3.04932E-4,3.35362E-4,1.22687E-3,1.71834E-3,2.02866E-3,3.01616E-3,3.12371E-3,3.98139E-3,2.89087E-3,3.40406E-3,3.95473E-3,3.23512E-3,4.14941E-3,3.83469E-3,3.59002E-3,3.24555E-3,3.79454E-3,4.24054E-3,3.80316E-3,3.92450E-3,3.92238E-3,3.18300E-3,2.77848E-3,2.88325E-3,3.19887E-3,4.56083E-3,3.54332E-3,2.74318E-3,3.92027E-3,3.15777E-3,2.17517E-3,2.59894E-3,2.45153E-3,1.94890E-3,2.45865E-3,2.67075E-3,6.45927E-4,1.34758E-3,3.03596E-4,2.71054E-4,2.80806E-4,-3.32420E-4,-7.82549E-4,-2.18572E-3,-1.63189E-3,-2.52088E-3,-3.12714E-3,-2.80787E-3,-3.11977E-3,-3.61900E-3,-2.97436E-3,-4.27726E-3,-4.55135E-3,-4.08928E-3,-4.75352E-3,-5.92338E-3,-4.88147E-3,-6.30626E-3,-5.28744E-3,-5.86297E-3,-5.97559E-3,-6.52997E-3,-5.80156E-3,-6.07696E-3,-6.41892E-3,-6.48500E-3,-6.19422E-3,-6.16234E-3,-6.03210E-3,-6.86360E-3,-5.74040E-3,-7.03707E-3,-6.68068E-3,-6.16060E-3,-6.18134E-3,-5.59304E-3,-4.72193E-3,-6.29753E-3,-6.31816E-3,-5.25204E-3,-5.63723E-3,-5.10751E-3,-4.42308E-3,-3.71098E-3,-4.85676E-3,-4.09953E-3,-4.05739E-3,-3.45084E-3,-1.55476E-3,-2.74511E-3,-1.15330E-3,-1.88398E-3,-1.59625E-3,-1.39707E-3,-2.31710E-3,-2.12868E-3,-3.04489E-3,-2.51787E-3,-2.47040E-3,-4.44630E-3,-3.68299E-3,-4.38300E-3,-4.66797E-3,-6.36758E-3,-4.80100E-3,-3.95874E-3,-3.31368E-3,-1.62054E-3
1.27161E+3,-7.99784E-5,2.37470E-4,3.67200E-4,-1.10785E-4,6.17831E-4,3.31250E-4,-1.74358E-3,8.94928E-4,3.34801E-4,-7.46781E-4,-4.19659E-4,-1.72526E-4,8.86244E-4,-2.73469E-4,-1.22943E-4,5.20993E-4,9.02971E-4,1.41402E-3,3.39111E-3,4.36376E-3,6.53697E-3,1.15583E-2,9.68146E-3,1.32316E-2,1.33942E-2,1.27142E-2,1.18370E-2,8.85073E-3,5.26410E-3,4.69093E-3,1.78959E-3,-1.57461E-3,-4.30840E-3,-4.59507E-3,-7.79880E-3,-8.83648E-3,-9.19091E-3,-6.71635E-3,-5.88597E-3,-6.47728E-3,-5.92942E-3,-6.43163E-3,-5.81808E-3,-3.45442E-3,-2.48785E-3,-4.89744E-3,-4.55406E-3,3.41272E-5,6.95879E-4,-2.85734E-4,-1.47238E-3,6.68158E-4,-9.59892E-4,-9.77076E-5,5.79602E-5,-9.64222E-4,-1.34003E-4,-5.39540E-4,1.21904E-3,-5.08988E-4,5.07592E-4,1.21047E-3,1.79870E-3,1.98798E-3,2.90242E-3,2.96899E-3,3.84062E-3,2.74127E-3,3.37224E-3,3.99412E-3,3.06792E-3,3.88353E-3,3.67084E-3,3.40140E-3,3.18383E-3,3.56171E-3,4.09586E-3,3.67710E-3,3.86685E-3,3.65131E-3,3.04756E-3,2.77409E-3,3.03196E-3,3.05356E-3,4.47367E-3,3.40468E-3,2.74407E-3,3.95452E-3,3.15292E-3,2.06271E-3,2.45253E-3,2.47689E-3,2.06109E-3,2.20855E-3,2.66970E-3,7.99691E-4,1.45066E-3,2.80581E-4,3.23599E-4,3.21652E-4,-2.54547E-4,-7.36781E-4,-2.13560E-3,-1.49291E-3,-2.44498E-3,-3.13738E-3,-2.85059E-3,-3.07538E-3,-3.66368E-3,-3.13015E-3,-4.24438E-3,-4.48967E-3,-4.07334E-3,-4.76999E-3,-5.81772E-3,-5.02711E-3,-6.16176E-3,-5.24951E-3,-5.86635E-3,-5.79794E-3,-6.51947E-3,-5.86457E-3,-6.07528E-3,-6.39283E-3,-6.42223E-3,-6.04958E-3,-6.21889E-3,-6.25288E-3,-6.93138E-3,-5.69809E-3,-6.95489E-3,-6.68425E-3,-6.18385E-3,-6.15909E-3,-5.52680E-3,-4.84923E-3,-6.41149E-3,-6.36653E-3,-5.29530E-3,-5.77141E-3,-5.33875E-3,-4.28841E-3,-3.36697E-3,-4.90516E-3,-3.83779E-3,-3.98136E-3,-3.53547E-3,-1.61748E-3,-2.60449E-3,-1.25849E-3,-1.92931E-3,-1.52861E-3,-1.31198E-3,-2.17454E-3,-2.08439E-3,-2.92699E-3,-2.61099E-3,-2.52927E-3,-4.32691E-3,-3.61887E-3,-4.32029E-3,-4.73421E-3,-6.40183E-3,-4.92626E-3,-4.04480E-3,-3.23176E-3,-1.78800E-3
1.27510E+3,-1.60700E-4,2.01137E-4,3.54343E-4,-8.81165E-5,5.92879E-4,5.35570E-4,-1.73123E-3,8.79278E-4,3.35285E-4,-7.74251E-4,-4.07452E-4,-1.80889E-4,7.89763E-4,-2.21494E-4,-1.24120E-4,5.82978E-4,8.70400E-4,1.54963E-3,3.40249E-3,4.38131E-3,6.46032E-3,1.15538E-2,9.49440E-3,1.31154E-2,1.32163E-2,1.23717E-2,1.15777E-2,8.66426E-3,4.81932E-3,4.27243E-3,1.22146E-3,-2.02253E-3,-4.91301E-3,-4.98435E-3,-8.41700E-3,-9.64250E-3,-9.72127E-3,-7.22682E-3,-6.35466E-3,-7.22185E-3,-6.42465E-3,-7.21627E-3,-6.36316E-3,-4.02387E-3,-3.02438E-3,-5.48791E-3,-4.90603E-3,-5.73174E-4,1.72202E-4,-6.06331E-4,-2.04455E-3,3.32237E-4,-1.51041E-3,-6.39478E-4,-3.00544E-4,-1.41172E-3,-5.67691E-4,-1.02214E-3,8.36085E-4,-8.08968E-4,-4.82732E-5,8.71006E-4,1.33879E-3,1.75199E-3,2.47798E-3,2.69523E-3,3.59234E-3,2.55726E-3,3.21513E-3,3.84203E-3,2.93974E-3,3.58826E-3,3.56634E-3,3.31484E-3,2.95586E-3,3.34791E-3,4.01152E-3,3.47768E-3,3.70828E-3,3.42350E-3,2.90640E-3,2.64077E-3,2.79307E-3,2.88148E-3,4.37227E-3,3.48816E-3,2.63025E-3,3.75023E-3,2.98539E-3,2.06311E-3,2.33313E-3,2.44338E-3,1.87880E-3,2.12583E-3,2.53641E-3,6.49001E-4,1.29727E-3,2.18027E-4,3.88822E-4,2.07349E-4,-3.54798E-4,-7.18493E-4,-2.23962E-3,-1.67207E-3,-2.47643E-3,-3.12425E-3,-2.84488E-3,-3.05595E-3,-3.67255E-3,-3.13150E-3,-4.27283E-3,-4.51207E-3,-3.95588E-3,-4.79636E-3,-5.82145E-3,-4.97611E-3,-6.12273E-3,-5.41216E-3,-5.77167E-3,-5.85854E-3,-6.32233E-3,-5.67357E-3,-6.09382E-3,-6.42011E-3,-6.62000E-3,-6.07762E-3,-6.15954E-3,-6.17103E-3,-6.88505E-3,-5.58918E-3,-6.86863E-3,-6.62238E-3,-6.08491E-3,-6.30666E-3,-5.56643E-3,-4.87314E-3,-6.17977E-3,-6.32101E-3,-5.19416E-3,-5.73378E-3,-5.28260E-3,-4.13991E-3,-3.19476E-3,-4.72368E-3,-3.86585E-3,-3.99352E-3,-3.45318E-3,-1.57913E-3,-2.63230E-3,-1.22340E-3,-1.91485E-3,-1.38051E-3,-1.30068E-3,-2.10134E-3,-2.05725E-3,-2.94937E-3,-2.61153E-3,-2.49594E-3,-4.22706E-3,-3.59913E-3,-4.33782E-3,-4.66191E-3,-6.45558E-3,-5.01633E-3,-4.13990E-3,-3.20890E-3,-1.93715E-3
1.27859E+3,-1.87294E-4,2.77035E-4,3.14341E-4,-1.80175E-6,7.51029E-4,4.57703E-4,-1.67549E-3,7.62483E-4,1.36782E-4,-7.62047E-4,-3.74116E-4,-1.83456E-4,8.00148E-4,-1.24334E-4,-1.90977E-4,6.49373E-4,7.47862E-4,1.45201E-3,3.34245E-3,4.30887E-3,6.27595E-3,1.09728E-2,9.38585E-3,1.27247E-2,1.28151E-2,1.19698E-2,1.09714E-2,7.80113E-3,4.29657E-3,3.60821E-3,6.01971E-4,-2.74346E-3,-5.53743E-3,-5.75622E-3,-9.30211E-3,-1.04956E-2,-1.01280E-2,-7.47283E-3,-6.89716E-3,-7.89762E-3,-7.08247E-3,-7.96050E-3,-6.97531E-3,-4.42213E-3,-3.48249E-3,-6.05546E-3,-5.57566E-3,-9.62966E-4,-2.35055E-4,-8.82664E-4,-2.70437E-3,-3.50396E-5,-1.94807E-3,-1.03024E-3,-7.09537E-4,-1.72564E-3,-9.70020E-4,-1.50552E-3,2.53877E-4,-1.28792E-3,-4.78520E-4,2.68313E-4,5.97371E-4,1.27210E-3,1.98973E-3,2.40265E-3,3.03714E-3,2.37054E-3,2.97467E-3,3.24047E-3,2.57628E-3,3.45813E-3,3.31011E-3,3.44597E-3,2.77907E-3,3.27441E-3,3.89869E-3,3.28118E-3,3.60286E-3,3.24451E-3,2.60581E-3,2.33505E-3,2.66365E-3,2.59546E-3,4.05606E-3,3.30518E-3,2.48651E-3,3.58833E-3,2.87548E-3,1.93253E-3,2.18753E-3,2.26630E-3,1.81898E-3,2.24679E-3,2.58815E-3,7.24850E-4,1.23317E-3,1.68595E-4,4.66675E-4,2.83535E-4,-3.61832E-4,-5.81369E-4,-2.20088E-3,-1.34755E-3,-2.49181E-3,-2.94711E-3,-2.73068E-3,-3.00097E-3,-3.52213E-3,-3.18722E-3,-4.24740E-3,-4.38666E-3,-3.98358E-3,-5.02063E-3,-5.84515E-3,-4.88492E-3,-6.12752E-3,-5.45242E-3,-5.71187E-3,-5.73135E-3,-6.29416E-3,-5.82953E-3,-6.21393E-3,-6.35749E-3,-6.48693E-3,-5.95555E-3,-5.96221E-3,-6.09634E-3,-6.86610E-3,-5.55762E-3,-6.88390E-3,-6.53548E-3,-6.03254E-3,-6.17296E-3,-5.33609E-3,-4.82271E-3,-6.36018E-3,-6.29999E-3,-5.23690E-3,-5.68256E-3,-5.35569E-3,-3.93294E-3,-3.06730E-3,-4.82383E-3,-3.60964E-3,-4.14402E-3,-3.35421E-3,-1.42501E-3,-2.63815E-3,-1.13151E-3,-1.90291E-3,-1.26227E-3,-1.11072E-3,-2.04700E-3,-2.09557E-3,-2.86598E-3,-2.55032E-3,-2.46470E-3,-4.22996E-3,-3.61091E-3,-4.23277E-3,-4.60975E-3,-6.39778E-3,-5.09453E-3,-4.16621E-3,-3.25526E-3,-1.85017E-3
1.28209E+3,-2.56511E-4,2.55044E-4,3.24801E-4,-1.73614E-5,7.51608E-4,4.40840E-4,-1.54531E-3,6.83184E-4,5.25109E-5,-8.91114E-4,-2.99294E-4,-2.25834E-5,7.18012E-4,-1.54307E-4,-3.95179E-5,5.82244E-4,5.90684E-4,1.37100E-3,3.27947E-3,4.18255E-3,6.14412E-3,1.07054E-2,9.36213E-3,1.28123E-2,1.28778E-2,1.19750E-2,1.10125E-2,8.09592E-3,4.35916E-3,3.60271E-3,6.99469E-4,-2.65198E-3,-5.49149E-3,-5.79618E-3,-9.51744E-3,-1.05075E-2,-1.01794E-2,-7.41747E-3,-6.74970E-3,-8.00758E-3,-6.94790E-3,-8.12840E-3,-6.88018E-3,-4.35384E-3,-3.35860E-3,-6.05891E-3,-5.36461E-3,-1.06877E-3,-3.67203E-4,-8.10943E-4,-2.55557E-3,-3.28171E-5,-2.05986E-3,-1.05845E-3,-5.99348E-4,-1.50166E-3,-7.82038E-4,-1.42292E-3,3.68432E-4,-1.06389E-3,-4.75702E-4,3.77746E-4,6.03842E-4,1.18723E-3,1.88592E-3,2.30835E-3,3.16526E-3,2.43248E-3,2.94173E-3,3.28603E-3,2.72171E-3,3.25101E-3,3.16928E-3,3.40013E-3,2.67218E-3,3.19343E-3,4.03224E-3,3.22958E-3,3.51699E-3,3.25787E-3,2.60145E-3,2.44741E-3,2.85244E-3,2.65109E-3,4.23171E-3,3.50797E-3,2.63087E-3,3.65095E-3,3.07339E-3,2.01401E-3,2.32631E-3,2.53893E-3,2.07490E-3,2.12311E-3,2.61472E-3,9.74904E-4,1.38944E-3,3.81702E-4,6.81031E-4,4.18710E-4,-2.17935E-4,-3.96486E-4,-2.06148E-3,-1.35508E-3,-2.21598E-3,-2.69843E-3,-2.58169E-3,-2.97974E-3,-3.35224E-3,-3.04911E-3,-4.10888E-3,-4.29886E-3,-3.91380E-3,-4.91284E-3,-5.64463E-3,-4.98527E-3,-5.94715E-3,-5.34987E-3,-5.47405E-3,-5.52857E-3,-6.28647E-3,-5.59258E-3,-6.07758E-3,-6.21065E-3,-6.31772E-3,-5.85029E-3,-5.93693E-3,-6.07471E-3,-6.85515E-3,-5.46164E-3,-6.85819E-3,-6.45932E-3,-6.01784E-3,-6.16696E-3,-5.12596E-3,-4.73737E-3,-6.17794E-3,-6.27307E-3,-4.99209E-3,-5.72080E-3,-5.30475E-3,-3.89115E-3,-2.90123E-3,-4.57547E-3,-3.64855E-3,-3.99481E-3,-3.28691E-3,-1.46920E-3,-2.50792E-3,-1.11899E-3,-1.96447E-3,-1.28068E-3,-1.00459E-3,-2.02253E-3,-2.05386E-3,-2.91912E-3,-2.66947E-3,-2.42682E-3,-4.27944E-3,-3.51895E-3,-4.23533E-3,-4.66071E-3,-6.41058E-3,-5.23092E-3,-4.05173E-3,-3.28586E-3,-1.73052E-3
1.28558E+3,-2.52461E-4,2.41411E-4,2.26157E-4,1.60640E-4,7.05667E-4,6.00933E-4,-1.41481E-3,4.51646E-4,4.86386E-5,-7.78374E-4,-1.59593E-4,-2.07405E-4,6.66903E-4,-2.02011E-4,-8.73429E-5,7.53142E-4,5.83733E-4,1.27324E-3,3.28466E-3,4.04340E-3,6.13048E-3,1.04558E-2,9.27385E-3,1.29308E-2,1.27015E-2,1.19217E-2,1.09173E-2,8.03841E-3,4.29704E-3,3.33477E-3,6.58551E-4,-2.84857E-3,-5.75553E-3,-5.94720E-3,-9.56318E-3,-1.06002E-2,-1.02120E-2,-7.27540E-3,-6.69275E-3,-8.14072E-3,-7.12561E-3,-8.57463E-3,-6.94909E-3,-4.58945E-3,-3.49623E-3,-6.16212E-3,-5.42551E-3,-1.24867E-3,-4.98356E-4,-1.01488E-3,-2.87595E-3,-1.37547E-4,-2.07640E-3,-1.06503E-3,-5.73859E-4,-1.47397E-3,-7.81669E-4,-1.48656E-3,2.41618E-4,-1.04261E-3,-5.32763E-4,3.39981E-4,6.67830E-4,9.92056E-4,1.88420E-3,2.26466E-3,3.29198E-3,2.27858E-3,2.92214E-3,3.06773E-3,2.55500E-3,3.13609E-3,3.17470E-3,3.25013E-3,2.75463E-3,3.12877E-3,3.78411E-3,3.23268E-3,3.49108E-3,3.35534E-3,2.62390E-3,2.49245E-3,2.92736E-3,2.68110E-3,4.18983E-3,3.54739E-3,2.62773E-3,3.62301E-3,3.11501E-3,2.15532E-3,2.25012E-3,2.62525E-3,2.10399E-3,2.11900E-3,2.63408E-3,1.08204E-3,1.44140E-3,2.68353E-4,5.85598E-4,4.99996E-4,-3.58561E-4,-3.64363E-4,-2.02546E-3,-1.40467E-3,-2.18869E-3,-2.54285E-3,-2.48306E-3,-2.94140E-3,-3.32100E-3,-3.14271E-3,-4.10046E-3,-4.20357E-3,-3.89134E-3,-4.95857E-3,-5.60495E-3,-4.99184E-3,-5.77073E-3,-5.35263E-3,-5.52678E-3,-5.47853E-3,-6.31332E-3,-5.53834E-3,-6.03853E-3,-6.13220E-3,-6.17743E-3,-5.89585E-3,-5.86777E-3,-6.02091E-3,-6.75767E-3,-5.47576E-3,-6.74147E-3,-6.36508E-3,-6.03910E-3,-6.13458E-3,-5.04948E-3,-4.83702E-3,-6.25957E-3,-6.28172E-3,-4.95928E-3,-5.55380E-3,-5.40724E-3,-3.95404E-3,-2.80233E-3,-4.54954E-3,-3.53414E-3,-3.94857E-3,-3.18632E-3,-1.60291E-3,-2.39929E-3,-1.19318E-3,-2.07347E-3,-1.37311E-3,-9.47458E-4,-1.93694E-3,-2.10034E-3,-2.76907E-3,-2.73743E-3,-2.36589E-3,-4.27185E-3,-3.48081E-3,-4.24773E-3,-4.60240E-3,-6.30280E-3,-5.18454E-3,-4.11155E-3,-3.14423E-3,-1.85393E-3
1.28907E+3,-4.37818E-4,3.29939E-4,2.31030E-4,2.54312E-4,6.10964E-4,5.88106E-4,-1.39512E-3,5.40099E-4,5.48471E-5,-8.70648E-4,-1.53232E-4,-7.36264E-5,7.62929E-4,-2.77370E-4,-1.64412E-4,7.47814E-4,5.63376E-4,1.26203E-3,3.13902E-3,3.68733E-3,5.75555E-3,9.71315E-3,8.59251E-3,1.21398E-2,1.21918E-2,1.09099E-2,1.01393E-2,7.08687E-3,3.32447E-3,2.59701E-3,-7.24988E-5,-3.57324E-3,-6.80599E-3,-6.62222E-3,-1.04432E-2,-1.11066E-2,-1.08053E-2,-7.64805E-3,-6.99841E-3,-8.57509E-3,-7.61613E-3,-9.07509E-3,-7.48678E-3,-4.74688E-3,-3.76757E-3,-6.67229E-3,-5.77097E-3,-1.47256E-3,-7.32362E-4,-1.27076E-3,-3.33279E-3,-3.56694E-4,-2.31458E-3,-1.35702E-3,-9.50771E-4,-1.65721E-3,-1.19019E-3,-1.84263E-3,2.96696E-5,-1.38182E-3,-9.82340E-4,4.93729E-5,2.63800E-4,8.95800E-4,1.42514E-3,1.92106E-3,3.00309E-3,2.04699E-3,2.55551E-3,2.89809E-3,2.36355E-3,2.73386E-3,2.73849E-3,3.05995E-3,2.63375E-3,2.92985E-3,3.69104E-3,3.21093E-3,3.45058E-3,2.97337E-3,2.37996E-3,2.19292E-3,2.60820E-3,2.38584E-3,4.03911E-3,3.39782E-3,2.51826E-3,3.57563E-3,2.99997E-3,1.97201E-3,2.10373E-3,2.48741E-3,2.06665E-3,2.02869E-3,2.63189E-3,1.12663E-3,1.29274E-3,2.18970E-4,5.42088E-4,4.19484E-4,-3.13427E-4,-1.90115E-4,-2.05624E-3,-1.28746E-3,-2.12014E-3,-2.55298E-3,-2.44730E-3,-3.04940E-3,-3.22074E-3,-3.18769E-3,-4.02676E-3,-4.10035E-3,-3.76472E-3,-5.03839E-3,-5.46591E-3,-4.97393E-3,-5.75883E-3,-5.36987E-3,-5.50191E-3,-5.31946E-3,-6.11904E-3,-5.58877E-3,-6.09424E-3,-6.11910E-3,-6.33330E-3,-5.90610E-3,-5.95862E-3,-6.11788E-3,-6.87463E-3,-5.40505E-3,-6.71708E-3,-6.39211E-3,-6.02356E-3,-6.16985E-3,-5.05606E-3,-4.78628E-3,-6.24726E-3,-6.20788E-3,-4.97601E-3,-5.54643E-3,-5.25847E-3,-3.84924E-3,-2.85398E-3,-4.71566E-3,-3.53708E-3,-3.79227E-3,-3.18264E-3,-1.46505E-3,-2.38814E-3,-1.06140E-3,-1.96478E-3,-1.16186E-3,-9.10525E-4,-1.92818E-3,-2.13885E-3,-2.68129E-3,-2.63589E-3,-2.50564E-3,-4.16758E-3,-3.57607E-3,-4.15002E-3,-4.65941E-3,-6.44689E-3,-5.30618E-3,-4.09987E-3,-3.21691E-3,-1.87959E-3
1.29256E+3,-3.95712E-4,3.49381E-4,1.94652E-4,1.43216E-4,4.66722E-4,5.87308E-4,-1.44648E-3,6.37125E-4,-2.04166E-5,-8.00517E-4,-9.30219E-5,-5.72060E-5,6.86200E-4,-2.83814E-4,3.25636E-5,5.93039E-4,5.19406E-4,1.15921E-3,3.03583E-3,3.58886E-3,5.45870E-3,9.30402E-3,8.26351E-3,1.18012E-2,1.16205E-2,1.02845E-2,9.48153E-3,6.20986E-3,2.68326E-3,1.89307E-3,-9.52642E-4,-4.52131E-3,-7.68481E-3,-7.42217E-3,-1.13964E-2,-1.20518E-2,-1.16113E-2,-8.58875E-3,-7.98300E-3,-9.55319E-3,-8.36299E-3,-9.96282E-3,-8.15777E-3,-5.51984E-3,-4.54531E-3,-7.42074E-3,-6.48676E-3,-2.12182E-3,-1.62202E-3,-1.77389E-3,-3.95010E-3,-8.92718E-4,-3.18903E-3,-1.97664E-3,-1.55699E-3,-2.34132E-3,-1.91590E-3,-2.49362E-3,-6.78303E-4,-2.05573E-3,-1.71422E-3,-6.59518E-4,-2.22601E-4,2.16652E-4,9.56457E-4,1.37138E-3,2.30127E-3,1.64967E-3,2.01848E-3,2.35719E-3,1.95801E-3,2.52895E-3,2.30316E-3,2.69315E-3,2.23058E-3,2.51584E-3,3.27159E-3,2.72103E-3,3.03646E-3,2.59969E-3,1.86979E-3,1.87030E-3,2.43268E-3,1.91724E-3,3.51512E-3,3.08524E-3,2.14967E-3,3.20161E-3,2.67295E-3,1.78010E-3,1.83573E-3,2.33025E-3,1.79075E-3,1.74565E-3,2.41998E-3,1.00280E-3,1.03582E-3,1.83544E-4,2.96647E-4,3.46250E-4,-6.06924E-4,-2.87348E-4,-2.06085E-3,-1.54407E-3,-2.12846E-3,-2.56430E-3,-2.66316E-3,-3.08796E-3,-3.31310E-3,-3.36689E-3,-4.18513E-3,-4.17612E-3,-3.79797E-3,-5.07932E-3,-5.57511E-3,-5.09750E-3,-5.87390E-3,-5.48567E-3,-5.50178E-3,-5.37108E-3,-6.17281E-3,-5.62559E-3,-6.01950E-3,-6.18494E-3,-6.38261E-3,-5.93922E-3,-5.77953E-3,-6.06664E-3,-6.73746E-3,-5.42364E-3,-6.55791E-3,-6.33378E-3,-5.95527E-3,-6.13945E-3,-5.08165E-3,-4.99782E-3,-6.11476E-3,-6.21313E-3,-4.98225E-3,-5.50517E-3,-5.43429E-3,-3.97225E-3,-2.75890E-3,-4.54064E-3,-3.55634E-3,-3.88949E-3,-3.04103E-3,-1.53371E-3,-2.30121E-3,-1.17773E-3,-2.02066E-3,-1.15551E-3,-8.75502E-4,-1.83720E-3,-2.05004E-3,-2.57140E-3,-2.51325E-3,-2.53023E-3,-4.11399E-3,-3.39610E-3,-4.08303E-3,-4.63321E-3,-6.49929E-3,-5.30436E-3,-4.15289E-3,-3.11170E-3,-1.94242E-3
1.29606E+3,-3.40443E-4,3.14598E-4,1.31409E-4,1.64790E-4,5.07905E-4,5.16958E-4,-1.32851E-3,5.01688E-4,-3.05260E-4,-6.62148E-4,1.38469E-4,-5.81356E-5,6.32434E-4,-2.15660E-4,1.90755E-6,8.06656E-4,5.25465E-4,1.20726E-3,3.06551E-3,3.50003E-3,5.49176E-3,9.02533E-3,8.30710E-3,1.16264E-2,1.15448E-2,1.01745E-2,9.24145E-3,6.19372E-3,2.53083E-3,1.72558E-3,-1.10675E-3,-4.62293E-3,-7.89152E-3,-7.66437E-3,-1.17848E-2,-1.22945E-2,-1.17365E-2,-8.65459E-3,-8.11306E-3,-9.62102E-3,-8.56811E-3,-1.02118E-2,-8.40040E-3,-5.57360E-3,-4.59793E-3,-7.60279E-3,-6.71874E-3,-2.00894E-3,-1.62113E-3,-1.89378E-3,-3.99909E-3,-8.83588E-4,-3.17948E-3,-1.93688E-3,-1.57638E-3,-2.41759E-3,-1.99551E-3,-2.52242E-3,-8.65657E-4,-1.99483E-3,-1.90828E-3,-7.14502E-4,-3.27505E-4,1.43511E-4,6.78833E-4,1.28745E-3,2.24346E-3,1.57519E-3,2.02526E-3,2.31952E-3,1.83899E-3,2.17478E-3,2.32142E-3,2.59967E-3,2.17697E-3,2.56082E-3,3.20271E-3,2.70795E-3,3.04277E-3,2.51196E-3,1.91125E-3,1.72974E-3,2.39025E-3,1.89277E-3,3.45854E-3,3.10695E-3,2.20531E-3,3.25330E-3,2.69483E-3,1.80271E-3,1.99108E-3,2.35930E-3,1.94011E-3,1.72219E-3,2.48583E-3,1.17088E-3,1.18313E-3,2.38840E-4,4.38318E-4,4.02962E-4,-4.50916E-4,-8.72411E-5,-1.98889E-3,-1.42288E-3,-2.07465E-3,-2.39032E-3,-2.55345E-3,-3.06523E-3,-3.25671E-3,-3.28706E-3,-4.03088E-3,-4.03233E-3,-3.74266E-3,-5.22336E-3,-5.47306E-3,-5.06232E-3,-5.72571E-3,-5.34762E-3,-5.26801E-3,-5.31671E-3,-6.14594E-3,-5.46933E-3,-5.99107E-3,-5.91950E-3,-6.31512E-3,-5.89241E-3,-5.91360E-3,-5.90172E-3,-6.72752E-3,-5.26971E-3,-6.48335E-3,-6.19717E-3,-5.94579E-3,-6.18996E-3,-4.97135E-3,-4.89050E-3,-6.02001E-3,-6.23544E-3,-4.88934E-3,-5.66863E-3,-5.48513E-3,-3.67296E-3,-2.72210E-3,-4.42224E-3,-3.31351E-3,-3.72854E-3,-3.01499E-3,-1.39538E-3,-2.19566E-3,-1.31307E-3,-1.98895E-3,-1.05007E-3,-8.60972E-4,-1.68973E-3,-2.04223E-3,-2.51671E-3,-2.59914E-3,-2.59053E-3,-4.04481E-3,-3.51769E-3,-4.08606E-3,-4.47348E-3,-6.37539E-3,-5.44862E-3,-4.14690E-3,-3.03635E-3,-1.95623E-3
1.29955E+3,-4.17022E-4,3.23896E-4,1.36885E-4,2.23871E-4,4.99140E-4,4.93124E-4,-1.22032E-3,3.59102E-4,-2.55973E-4,-6.45224E-4,4.46228E-5,5.56832E-5,6.11287E-4,-2.16410E-4,7.33107E-6,7.21377E-4,4.62306E-4,1.06010E-3,2.85202E-3,3.44966E-3,5.29222E-3,8.56578E-3,8.00302E-3,1.13013E-2,1.12486E-2,9.52451E-3,8.71704E-3,5.52231E-3,2.00027E-3,1.20765E-3,-1.51583E-3,-5.23394E-3,-8.38844E-3,-8.04060E-3,-1.23160E-2,-1.28634E-2,-1.19517E-2,-9.02220E-3,-8.57812E-3,-1.00209E-2,-8.79360E-3,-1.05634E-2,-8.62609E-3,-5.77241E-3,-4.80423E-3,-7.80295E-3,-6.96818E-3,-2.23353E-3,-1.97728E-3,-2.11038E-3,-4.38257E-3,-1.34948E-3,-3.61496E-3,-2.27072E-3,-1.73871E-3,-2.57490E-3,-1.99041E-3,-2.74733E-3,-1.17921E-3,-2.13414E-3,-1.99284E-3,-1.01784E-3,-7.54794E-4,-7.13324E-5,4.89664E-4,1.19413E-3,2.03233E-3,1.45284E-3,1.88302E-3,2.17389E-3,1.75028E-3,1.99391E-3,2.00042E-3,2.46666E-3,2.11536E-3,2.34090E-3,3.04945E-3,2.51901E-3,2.97672E-3,2.41752E-3,1.76007E-3,1.81120E-3,2.27055E-3,1.75584E-3,3.53140E-3,3.11803E-3,2.20543E-3,2.91849E-3,2.64276E-3,1.79894E-3,1.81677E-3,2.20968E-3,1.84671E-3,1.54065E-3,2.24203E-3,1.20417E-3,1.16980E-3,1.29150E-4,4.60096E-4,2.46450E-4,-4.75608E-4,-1.03822E-4,-2.10131E-3,-1.53656E-3,-2.14861E-3,-2.43645E-3,-2.42230E-3,-3.14889E-3,-3.19411E-3,-3.32332E-3,-4.16271E-3,-4.03127E-3,-3.77642E-3,-5.18277E-3,-5.36526E-3,-4.95700E-3,-5.72439E-3,-5.44012E-3,-5.30621E-3,-5.31238E-3,-6.00112E-3,-5.47700E-3,-5.99083E-3,-6.05338E-3,-6.27764E-3,-5.94680E-3,-5.84125E-3,-6.03892E-3,-6.61055E-3,-5.22479E-3,-6.54040E-3,-6.21520E-3,-5.82401E-3,-6.07525E-3,-5.03426E-3,-4.85307E-3,-6.03463E-3,-6.12012E-3,-4.81869E-3,-5.52798E-3,-5.33867E-3,-3.60703E-3,-2.67970E-3,-4.40994E-3,-3.37573E-3,-3.73597E-3,-2.83973E-3,-1.38537E-3,-2.04204E-3,-1.33946E-3,-2.01506E-3,-1.09506E-3,-6.93893E-4,-1.76827E-3,-1.92639E-3,-2.44994E-3,-2.57118E-3,-2.52876E-3,-4.02673E-3,-3.45646E-3,-3.90588E-3,-4.47967E-3,-6.36475E-3,-5.29127E-3,-4.03344E-3,-3.14991E-3,-1.97764E-3
1.30305E+3,-4.85607E-4,2.79059E-4,2.94874E-4,2.37335E-4,4.88569E-4,5.28789E-4,-1.16146E-3,4.06001E-4,-3.32095E-4,-6.22035E-4,8.85864E-5,-7.16627E-5,5.71139E-4,-2.01218E-4,-2.02730E-5,7.12423E-4,3.87695E-4,9.72752E-4,2.90364E-3,3.26009E-3,5.00308E-3,8.09128E-3,7.48878E-3,1.07416E-2,1.05369E-2,8.72001E-3,7.77900E-3,4.48159E-3,9.58357E-4,7.81939E-5,-2.72708E-3,-6.33546E-3,-9.54962E-3,-9.06278E-3,-1.33738E-2,-1.39906E-2,-1.32090E-2,-9.92747E-3,-9.53107E-3,-1.10561E-2,-9.79083E-3,-1.14227E-2,-9.58874E-3,-6.60618E-3,-5.66712E-3,-8.70832E-3,-7.80732E-3,-3.01455E-3,-3.07898E-3,-2.83044E-3,-5.17714E-3,-2.23805E-3,-4.54909E-3,-3.00705E-3,-2.66769E-3,-3.37664E-3,-2.83552E-3,-3.66672E-3,-1.95888E-3,-3.03973E-3,-2.80399E-3,-1.88118E-3,-1.42887E-3,-8.20972E-4,-2.13815E-4,3.48967E-4,1.44996E-3,6.16296E-4,1.10322E-3,1.39455E-3,1.16788E-3,1.43307E-3,1.65730E-3,2.09413E-3,1.57270E-3,1.78014E-3,2.60358E-3,1.98125E-3,2.52097E-3,2.01391E-3,1.25263E-3,1.40969E-3,1.95230E-3,1.25535E-3,3.04667E-3,2.75193E-3,1.87053E-3,2.46275E-3,2.15002E-3,1.46451E-3,1.37710E-3,1.89295E-3,1.47914E-3,1.14565E-3,1.92413E-3,8.97205E-4,8.88254E-4,-6.23512E-5,2.61196E-4,3.88444E-5,-7.55481E-4,-4.53117E-4,-2.22147E-3,-1.70619E-3,-2.25083E-3,-2.52325E-3,-2.60437E-3,-3.15718E-3,-3.35410E-3,-3.53811E-3,-4.26280E-3,-4.15930E-3,-3.90231E-3,-5.40494E-3,-5.44344E-3,-5.16214E-3,-5.82906E-3,-5.52149E-3,-5.25329E-3,-5.40826E-3,-6.12107E-3,-5.54698E-3,-6.14840E-3,-6.06563E-3,-6.23225E-3,-5.84320E-3,-5.95517E-3,-6.22399E-3,-6.65841E-3,-5.35154E-3,-6.37727E-3,-6.08846E-3,-5.78449E-3,-6.13451E-3,-5.10456E-3,-5.07220E-3,-6.00693E-3,-6.11661E-3,-4.93841E-3,-5.47557E-3,-5.50777E-3,-3.65658E-3,-2.79462E-3,-4.45243E-3,-3.11689E-3,-3.53616E-3,-2.89737E-3,-1.52759E-3,-2.08998E-3,-1.30334E-3,-2.08462E-3,-1.11325E-3,-7.72002E-4,-1.78354E-3,-2.03304E-3,-2.42899E-3,-2.50710E-3,-2.48617E-3,-3.97173E-3,-3.26992E-3,-4.02851E-3,-4.52753E-3,-6.20157E-3,-5.31939E-3,-4.05110E-3,-3.15604E-3,-1.95252E-3
1.30654E+3,-4.13756E-4,2.43598E-4,1.40606E-4,-1.01842E-4,4.86931E-4,4.90651E-4,-1.05515E-3,4.19264E-4,-3.38747E-4,-5.27936E-4,1.66885E-4,1.38656E-5,5.27221E-4,-2.32773E-4,1.81186E-4,8.23770E-4,3.87588E-4,1.10831E-3,2.84305E-3,3.30849E-3,5.08471E-3,8.13677E-3,7.68917E-3,1.07965E-2,1.06815E-2,8.84115E-3,7.93620E-3,4.66029E-3,1.21545E-3,1.08716E-4,-2.58594E-3,-6.29531E-3,-9.47193E-3,-8.77343E-3,-1.33745E-2,-1.39391E-2,-1.28724E-2,-9.67691E-3,-9.49029E-3,-1.07585E-2,-9.75579E-3,-1.14529E-2,-9.41172E-3,-6.35657E-3,-5.54117E-3,-8.47472E-3,-7.61101E-3,-2.93417E-3,-3.04354E-3,-2.57977E-3,-5.02122E-3,-1.93186E-3,-4.33767E-3,-2.99114E-3,-2.53165E-3,-3.07444E-3,-2.58289E-3,-3.47925E-3,-1.78266E-3,-2.70922E-3,-2.70335E-3,-1.61689E-3,-1.40367E-3,-7.38350E-4,-1.26770E-4,4.64563E-4,1.51686E-3,7.37289E-4,1.39020E-3,1.52477E-3,1.28340E-3,1.46179E-3,1.51740E-3,2.28145E-3,1.63776E-3,2.07594E-3,2.80621E-3,2.02790E-3,2.57733E-3,2.03974E-3,1.42154E-3,1.42855E-3,2.13885E-3,1.50546E-3,3.24377E-3,2.82556E-3,2.10760E-3,2.69033E-3,2.28976E-3,1.36468E-3,1.74178E-3,1.99649E-3,1.63496E-3,1.30896E-3,2.12208E-3,1.26640E-3,9.73174E-4,1.09223E-4,4.39650E-4,1.82748E-4,-5.87126E-4,-2.37762E-4,-1.94298E-3,-1.50284E-3,-2.09938E-3,-2.39560E-3,-2.52819E-3,-2.91636E-3,-3.17289E-3,-3.35678E-3,-4.06081E-3,-3.97873E-3,-3.79492E-3,-5.30516E-3,-5.18257E-3,-5.04179E-3,-5.44520E-3,-5.49601E-3,-5.04325E-3,-5.30639E-3,-5.71457E-3,-5.54181E-3,-6.01806E-3,-5.83376E-3,-6.09988E-3,-5.63502E-3,-5.76196E-3,-5.89820E-3,-6.47261E-3,-5.17861E-3,-6.30460E-3,-6.05765E-3,-5.61753E-3,-5.92277E-3,-4.83493E-3,-4.89779E-3,-5.99613E-3,-5.94084E-3,-4.76986E-3,-5.39642E-3,-5.36465E-3,-3.60102E-3,-2.64802E-3,-4.14461E-3,-3.11216E-3,-3.51153E-3,-2.75671E-3,-1.33403E-3,-2.04665E-3,-1.24344E-3,-2.01636E-3,-1.03801E-3,-7.21590E-4,-1.60299E-3,-1.73266E-3,-2.28315E-3,-2.44433E-3,-2.42664E-3,-3.90718E-3,-3.32384E-3,-3.86501E-3,-4.41925E-3,-6.23482E-3,-5.26549E-3,-4.01855E-3,-3.00418E-3,-2.05857E-3
1.31004E+3,-4.91128E-4,1.92676E-4,2.05722E-4,1.10988E-4,4.28080E-4,5.49931E-4,-1.05726E-3,2.26402E-4,-4.73555E-4,-4.77487E-4,2.49163E-4,1.36576E-4,3.90035E-4,-1.39090E-4,1.48947E-4,5.93268E-4,3.76377E-4,1.10265E-3,2.82655E-3,3.07076E-3,5.02310E-3,7.80207E-3,7.56983E-3,1.07220E-2,1.05480E-2,8.61271E-3,7.97533E-3,4.53951E-3,1.14883E-3,1.13706E-4,-2.75970E-3,-6.27071E-3,-9.63270E-3,-9.12110E-3,-1.35893E-2,-1.40381E-2,-1.28924E-2,-9.68242E-3,-9.40405E-3,-1.08044E-2,-9.72414E-3,-1.16439E-2,-9.34644E-3,-6.67758E-3,-5.51953E-3,-8.37436E-3,-7.66957E-3,-2.75878E-3,-3.25265E-3,-2.50189E-3,-5.32424E-3,-2.02166E-3,-4.35647E-3,-2.93194E-3,-2.53296E-3,-2.91628E-3,-2.59059E-3,-3.34188E-3,-1.72325E-3,-2.63819E-3,-2.52711E-3,-1.53306E-3,-1.40224E-3,-6.42898E-4,-2.84073E-4,3.95916E-4,1.78072E-3,8.50071E-4,1.38546E-3,1.58471E-3,1.38947E-3,1.51014E-3,1.51790E-3,2.20343E-3,1.69421E-3,1.90363E-3,2.71893E-3,1.94269E-3,2.55246E-3,2.02014E-3,1.43939E-3,1.49909E-3,2.23259E-3,1.58342E-3,3.19704E-3,2.90164E-3,2.09028E-3,2.75286E-3,2.47236E-3,1.68195E-3,1.77413E-3,2.24173E-3,1.84921E-3,1.30652E-3,2.21680E-3,1.39052E-3,1.08203E-3,2.56553E-4,4.18400E-4,2.13788E-4,-6.19094E-4,-1.30511E-4,-1.92504E-3,-1.34752E-3,-1.96939E-3,-2.13282E-3,-2.38395E-3,-2.92479E-3,-3.10118E-3,-3.41856E-3,-3.85017E-3,-3.79070E-3,-3.71583E-3,-5.12243E-3,-5.10694E-3,-4.98590E-3,-5.35305E-3,-5.46477E-3,-5.04046E-3,-5.16298E-3,-5.68791E-3,-5.54448E-3,-5.90358E-3,-5.90450E-3,-6.20143E-3,-5.62130E-3,-5.75278E-3,-5.84124E-3,-6.38776E-3,-5.11906E-3,-6.25650E-3,-6.08880E-3,-5.73406E-3,-6.07570E-3,-4.95903E-3,-4.95665E-3,-5.89936E-3,-5.92560E-3,-4.77922E-3,-5.37388E-3,-5.35908E-3,-3.61808E-3,-2.70151E-3,-4.20321E-3,-3.22575E-3,-3.43995E-3,-2.70502E-3,-1.36677E-3,-1.84892E-3,-1.47807E-3,-2.03244E-3,-1.01504E-3,-5.71284E-4,-1.49399E-3,-1.86524E-3,-2.22824E-3,-2.40241E-3,-2.60227E-3,-3.78786E-3,-3.26891E-3,-3.81160E-3,-4.44374E-3,-6.19124E-3,-5.45422E-3,-4.08219E-3,-3.04694E-3,-2.06220E-3
1.31354E+3,-4.61484E-4,2.66659E-4,1.19928E-4,2.08813E-4,4.81146E-4,3.43903E-4,-8.44243E-4,-3.93051E-5,-4.22608E-4,-5.47719E-4,3.53295E-4,9.04058E-6,4.52502E-4,-1.33357E-4,2.13429E-4,7.04659E-4,4.81398E-4,1.05149E-3,2.74737E-3,3.16496E-3,5.09780E-3,7.53903E-3,7.61978E-3,1.07822E-2,1.03782E-2,8.69462E-3,7.57440E-3,4.39870E-3,1.03032E-3,-1.53660E-4,-3.16109E-3,-6.56559E-3,-9.97736E-3,-9.40736E-3,-1.40514E-2,-1.42805E-2,-1.33906E-2,-1.01154E-2,-9.85790E-3,-1.10641E-2,-9.91235E-3,-1.18147E-2,-9.63736E-3,-6.78845E-3,-5.77715E-3,-8.76839E-3,-7.92419E-3,-2.99323E-3,-3.50763E-3,-2.63790E-3,-5.36542E-3,-2.36398E-3,-4.75324E-3,-3.30998E-3,-2.66895E-3,-3.19609E-3,-2.84492E-3,-3.74370E-3,-1.93530E-3,-2.67591E-3,-2.79225E-3,-1.93472E-3,-1.76304E-3,-9.25987E-4,-3.79180E-4,1.75729E-4,1.38367E-3,5.51547E-4,1.26479E-3,1.23364E-3,1.19260E-3,1.31194E-3,1.46058E-3,2.11023E-3,1.60062E-3,1.88051E-3,2.60522E-3,1.70428E-3,2.49438E-3,2.03946E-3,1.22621E-3,1.31231E-3,2.13184E-3,1.30447E-3,3.07795E-3,2.82833E-3,1.88613E-3,2.48726E-3,2.47209E-3,1.56312E-3,1.72243E-3,2.07402E-3,1.72751E-3,1.20824E-3,2.06432E-3,1.33120E-3,1.07712E-3,1.34484E-4,3.54962E-4,2.91844E-4,-5.49802E-4,-9.98561E-5,-1.90747E-3,-1.35701E-3,-1.87013E-3,-1.97911E-3,-2.39227E-3,-2.86478E-3,-3.04948E-3,-3.44973E-3,-3.91545E-3,-3.82845E-3,-3.76598E-3,-5.22196E-3,-5.04879E-3,-5.04056E-3,-5.44962E-3,-5.51140E-3,-4.87077E-3,-5.16920E-3,-5.79040E-3,-5.39345E-3,-5.84686E-3,-5.68226E-3,-6.21420E-3,-5.75870E-3,-5.65926E-3,-5.77930E-3,-6.44934E-3,-5.11806E-3,-6.03128E-3,-5.91738E-3,-5.68755E-3,-5.98477E-3,-4.70724E-3,-5.00363E-3,-5.87326E-3,-5.96096E-3,-4.75797E-3,-5.25771E-3,-5.43353E-3,-3.47905E-3,-2.75048E-3,-4.08723E-3,-3.11718E-3,-3.40433E-3,-2.41815E-3,-1.27733E-3,-1.80870E-3,-1.29755E-3,-2.05251E-3,-9.50452E-4,-5.93422E-4,-1.40784E-3,-1.79841E-3,-2.15296E-3,-2.43170E-3,-2.38845E-3,-3.74590E-3,-3.21440E-3,-3.68941E-3,-4.38871E-3,-6.19062E-3,-5.51201E-3,-4.14540E-3,-3.11330E-3,-2.08130E-3
1.31703E+3,-3.94633E-4,2.23112E-4,7.88976E-5,-5.35594E-5,4.45616E-4,4.96742E-4,-8.35626E-4,1.16238E-4,-4.56031E-4,-4.50564E-4,3.32293E-4,6.63916E-5,4.05598E-4,-1.63072E-4,1.88597E-4,7.60054E-4,4.11871E-4,9.17744E-4,2.70851E-3,3.08625E-3,4.98741E-3,7.21068E-3,7.54464E-3,1.04141E-2,1.01732E-2,8.18364E-3,7.24033E-3,3.87526E-3,4.90840E-4,-7.41335E-4,-3.77678E-3,-7.44564E-3,-1.08021E-2,-1.01019E-2,-1.45817E-2,-1.50240E-2,-1.39821E-2,-1.08693E-2,-1.04800E-2,-1.17162E-2,-1.06614E-2,-1.24722E-2,-1.04406E-2,-7.28054E-3,-6.32700E-3,-9.20408E-3,-8.54384E-3,-3.54941E-3,-4.05877E-3,-3.35540E-3,-6.05005E-3,-2.91253E-3,-5.11364E-3,-3.58695E-3,-3.18257E-3,-3.58850E-3,-3.31110E-3,-4.17243E-3,-2.49267E-3,-3.12875E-3,-3.34235E-3,-2.25624E-3,-2.04475E-3,-1.17334E-3,-7.13372E-4,-2.49335E-4,9.72228E-4,2.20674E-4,7.83788E-4,8.56664E-4,8.64480E-4,8.54808E-4,1.02433E-3,1.72275E-3,1.37762E-3,1.60782E-3,2.22777E-3,1.37024E-3,2.18791E-3,1.73899E-3,9.65610E-4,1.11471E-3,1.77185E-3,9.33419E-4,2.78224E-3,2.44985E-3,1.60926E-3,2.29744E-3,1.93707E-3,1.57519E-3,1.62570E-3,1.84448E-3,1.57319E-3,9.55952E-4,1.80601E-3,1.22589E-3,9.47643E-4,1.27786E-4,3.27989E-4,8.11690E-5,-5.23261E-4,-2.65146E-4,-1.90578E-3,-1.66871E-3,-1.96084E-3,-2.29774E-3,-2.37404E-3,-2.97261E-3,-3.09299E-3,-3.52623E-3,-3.96417E-3,-3.83632E-3,-3.93672E-3,-5.17862E-3,-4.96539E-3,-5.13339E-3,-5.42134E-3,-5.53637E-3,-4.95914E-3,-5.17066E-3,-5.71583E-3,-5.41745E-3,-5.90643E-3,-5.77805E-3,-6.25501E-3,-5.65430E-3,-5.69263E-3,-5.74633E-3,-6.30375E-3,-4.90963E-3,-6.15074E-3,-5.83205E-3,-5.57568E-3,-5.95759E-3,-4.79446E-3,-4.98105E-3,-5.83353E-3,-5.85443E-3,-4.66923E-3,-5.19547E-3,-5.24693E-3,-3.60293E-3,-2.67545E-3,-3.92667E-3,-3.17770E-3,-3.20068E-3,-2.41509E-3,-1.26540E-3,-1.73318E-3,-1.42603E-3,-1.98100E-3,-9.18618E-4,-6.72742E-4,-1.49813E-3,-1.80198E-3,-2.08110E-3,-2.39837E-3,-2.49631E-3,-3.75620E-3,-3.18584E-3,-3.66293E-3,-4.41428E-3,-6.09337E-3,-5.36632E-3,-4.02150E-3,-2.89241E-3,-2.20837E-3
1.32053E+3,-4.28564E-4,1.86325E-4,2.96755E-5,9.27828E-5,4.29240E-4,4.06201E-4,-8.53935E-4,1.03148E-4,-4.18612E-4,-5.43922E-4,3.91308E-4,7.01502E-5,3.29410E-4,-5.67809E-5,2.63572E-4,7.34063E-4,5.97678E-4,1.30307E-3,2.78197E-3,3.11627E-3,5.06025E-3,7.29247E-3,7.65856E-3,1.05868E-2,1.03012E-2,8.22993E-3,7.20338E-3,3.72580E-3,3.97042E-4,-1.02909E-3,-4.15986E-3,-7.65714E-3,-1.10357E-2,-1.04395E-2,-1.49474E-2,-1.53600E-2,-1.42009E-2,-1.11894E-2,-1.07401E-2,-1.20467E-2,-1.07241E-2,-1.26572E-2,-1.06223E-2,-7.75563E-3,-6.51925E-3,-9.38954E-3,-8.65710E-3,-3.73471E-3,-4.71823E-3,-3.70991E-3,-6.15258E-3,-3.26160E-3,-5.50433E-3,-3.99537E-3,-3.34107E-3,-3.73822E-3,-3.32455E-3,-4.28977E-3,-2.76006E-3,-3.30814E-3,-3.35688E-3,-2.59619E-3,-2.14786E-3,-1.51011E-3,-8.67796E-4,-3.60051E-4,8.02946E-4,3.99031E-5,5.24112E-4,6.98753E-4,7.97274E-4,8.24540E-4,7.90424E-4,1.70312E-3,1.17409E-3,1.37260E-3,2.02378E-3,1.06612E-3,1.92557E-3,1.54564E-3,8.41672E-4,9.01082E-4,1.74019E-3,1.06582E-3,2.54081E-3,2.36718E-3,1.59904E-3,2.22815E-3,1.98705E-3,1.63639E-3,1.52778E-3,1.90529E-3,1.69882E-3,8.49150E-4,1.83519E-3,1.25146E-3,9.09711E-4,1.55360E-4,3.13670E-4,2.18430E-4,-8.05144E-4,-2.79947E-4,-1.76829E-3,-1.57121E-3,-1.93180E-3,-2.17091E-3,-2.27853E-3,-2.88603E-3,-2.97455E-3,-3.57609E-3,-3.94503E-3,-3.62606E-3,-3.59661E-3,-5.14769E-3,-4.97648E-3,-5.00460E-3,-5.38643E-3,-5.29270E-3,-4.92167E-3,-5.02696E-3,-5.50099E-3,-5.28188E-3,-5.81396E-3,-5.74803E-3,-6.23196E-3,-5.70814E-3,-5.52909E-3,-5.66533E-3,-6.24862E-3,-4.99162E-3,-5.97804E-3,-5.75591E-3,-5.46227E-3,-5.83868E-3,-4.68190E-3,-4.97379E-3,-5.76767E-3,-5.83946E-3,-4.64042E-3,-5.14076E-3,-5.23342E-3,-3.65679E-3,-2.54336E-3,-3.93784E-3,-3.11250E-3,-3.10367E-3,-2.36174E-3,-1.39498E-3,-1.76281E-3,-1.39631E-3,-1.88957E-3,-8.49213E-4,-5.92130E-4,-1.38828E-3,-1.68821E-3,-1.90487E-3,-2.31730E-3,-2.61977E-3,-3.49415E-3,-3.16749E-3,-3.62676E-3,-4.47840E-3,-6.03388E-3,-5.28323E-3,-4.10436E-3,-2.97456E-3,-2.11679E-3
1.32403E+3,-3.03947E-4,6.37782E-5,3.05568E-5,7.82427E-5,3.73071E-4,4.17446E-4,-4.69556E-4,3.82072E-6,-6.32055E-4,-4.56914E-4,3.15006E-4,1.33594E-4,3.41849E-4,-1.85057E-4,2.90163E-4,6.75876E-4,4.41822E-4,1.12129E-3,2.67601E-3,3.02696E-3,5.05644E-3,7.36324E-3,7.60751E-3,1.03650E-2,1.02175E-2,8.07481E-3,6.81758E-3,3.34713E-3,1.61651E-4,-1.32581E-3,-4.37711E-3,-7.91046E-3,-1.16792E-2,-1.07865E-2,-1.53311E-2,-1.58038E-2,-1.45780E-2,-1.15570E-2,-1.11590E-2,-1.22777E-2,-1.11462E-2,-1.29867E-2,-1.09293E-2,-7.91923E-3,-6.78233E-3,-9.72532E-3,-9.01900E-3,-3.81931E-3,-5.08023E-3,-3.83519E-3,-6.40554E-3,-3.41454E-3,-5.76401E-3,-4.17774E-3,-3.86382E-3,-3.97715E-3,-3.79553E-3,-4.56435E-3,-3.05807E-3,-3.54036E-3,-3.49009E-3,-2.82957E-3,-2.45857E-3,-1.64329E-3,-1.05955E-3,-4.89426E-4,6.41769E-4,-1.51922E-4,2.18780E-4,4.57693E-4,6.50955E-4,5.84427E-4,6.33087E-4,1.40121E-3,9.96386E-4,1.13212E-3,1.92915E-3,8.36041E-4,1.69682E-3,1.49507E-3,7.24516E-4,7.53575E-4,1.68958E-3,1.06872E-3,2.56059E-3,2.38411E-3,1.60713E-3,2.18796E-3,1.88076E-3,1.61814E-3,1.52732E-3,1.85598E-3,1.53588E-3,8.87513E-4,1.62730E-3,1.41532E-3,6.72044E-4,2.38624E-4,3.49524E-4,1.71146E-4,-7.76607E-4,-3.07770E-4,-1.82035E-3,-1.45619E-3,-1.94805E-3,-2.00975E-3,-2.34973E-3,-2.81072E-3,-3.05423E-3,-3.53196E-3,-3.79800E-3,-3.64282E-3,-3.70647E-3,-5.22530E-3,-4.72820E-3,-4.98721E-3,-5.24563E-3,-5.35008E-3,-5.01287E-3,-4.93614E-3,-5.46888E-3,-5.43134E-3,-5.78721E-3,-5.60407E-3,-6.18379E-3,-5.52812E-3,-5.46776E-3,-5.72871E-3,-6.21206E-3,-4.97560E-3,-5.83264E-3,-5.66925E-3,-5.42693E-3,-5.78793E-3,-4.70573E-3,-5.06102E-3,-5.66107E-3,-5.63299E-3,-4.58387E-3,-5.23111E-3,-5.21621E-3,-3.39577E-3,-2.77248E-3,-3.84919E-3,-3.10141E-3,-2.96743E-3,-2.24724E-3,-1.30200E-3,-1.62927E-3,-1.45766E-3,-1.94924E-3,-8.03644E-4,-6.51172E-4,-1.36514E-3,-1.70408E-3,-1.83891E-3,-2.31886E-3,-2.60416E-3,-3.46144E-3,-3.23848E-3,-3.54823E-3,-4.38307E-3,-5.93937E-3,-5.27628E-3,-4.04307E-3,-2.97302E-3,-2.15205E-3
1.32753E+3,-2.55081E-4,1.40241E-5,1.34827E-4,-3.67526E-5,4.69355E-4,2.28754E-4,-4.76829E-4,-8.85771E-5,-5.89691E-4,-4.12485E-4,5.00429E-4,5.99002E-5,1.78174E-4,-8.30312E-5,3.56982E-4,7.24241E-4,6.29193E-4,1.28882E-3,2.60832E-3,2.80550E-3,4.76730E-3,6.94103E-3,7.54413E-3,1.01186E-2,9.70195E-3,7.58224E-3,6.25832E-3,2.71066E-3,-5.11836E-4,-2.11661E-3,-5.29689E-3,-8.91059E-3,-1.25458E-2,-1.16884E-2,-1.60261E-2,-1.67355E-2,-1.54459E-2,-1.23444E-2,-1.20046E-2,-1.30526E-2,-1.19877E-2,-1.38031E-2,-1.17421E-2,-8.61927E-3,-7.60679E-3,-1.03198E-2,-9.81407E-3,-4.54930E-3,-5.68611E-3,-4.38687E-3,-6.98826E-3,-4.02098E-3,-6.53318E-3,-4.88144E-3,-4.40331E-3,-4.56800E-3,-4.26647E-3,-5.08995E-3,-3.67220E-3,-4.27561E-3,-4.25840E-3,-3.42778E-3,-2.87490E-3,-2.32194E-3,-1.78084E-3,-8.77738E-4,2.41550E-4,-5.61520E-4,-2.44629E-4,-6.88520E-5,1.31816E-4,8.96651E-5,2.73256E-4,1.19092E-3,5.30995E-4,7.70144E-4,1.50548E-3,2.95817E-4,1.29695E-3,9.83165E-4,1.91062E-4,2.86596E-4,1.24283E-3,5.91537E-4,2.02942E-3,1.95703E-3,1.33160E-3,1.77141E-3,1.58277E-3,1.22704E-3,1.26873E-3,1.51817E-3,1.29643E-3,6.48765E-4,1.38610E-3,1.20837E-3,4.59784E-4,-5.64271E-5,9.77305E-5,-1.74835E-4,-1.07294E-3,-5.50190E-4,-2.03933E-3,-1.72882E-3,-2.01142E-3,-2.14239E-3,-2.72576E-3,-3.11510E-3,-3.21238E-3,-3.65686E-3,-4.03431E-3,-3.86139E-3,-3.96506E-3,-5.21142E-3,-5.00362E-3,-5.18602E-3,-5.36145E-3,-5.53142E-3,-4.99357E-3,-5.04798E-3,-5.59809E-3,-5.35159E-3,-5.64202E-3,-5.81728E-3,-6.21783E-3,-5.72135E-3,-5.46661E-3,-5.71179E-3,-6.23615E-3,-4.96483E-3,-5.96376E-3,-5.65907E-3,-5.50073E-3,-5.81626E-3,-4.78988E-3,-5.19628E-3,-5.80616E-3,-5.66791E-3,-4.68532E-3,-5.07519E-3,-5.31686E-3,-3.55007E-3,-2.70054E-3,-3.86624E-3,-3.15334E-3,-3.04512E-3,-2.35993E-3,-1.50906E-3,-1.65969E-3,-1.47546E-3,-1.80588E-3,-8.84615E-4,-5.84728E-4,-1.37222E-3,-1.61357E-3,-1.82800E-3,-2.26438E-3,-2.66327E-3,-3.58302E-3,-3.14994E-3,-3.56418E-3,-4.28269E-3,-5.87128E-3,-5.35941E-3,-4.17428E-3,-2.97919E-3,-2.38594E-3
1.33103E+3,-3.51989E-4,1.22250E-4,2.60842E-4,-3.62294E-5,3.84153E-4,2.78617E-4,-5.08320E-4,-9.02774E-5,-5.44256E-4,-2.88098E-4,4.23181E-4,5.17481E-5,1.71810E-4,-1.82392E-4,3.08961E-4,7.34398E-4,4.75079E-4,1.05840E-3,2.48335E-3,2.86636E-3,4.78282E-3,6.78481E-3,7.58687E-3,1.01892E-2,9.84064E-3,7.38958E-3,6.18769E-3,2.56809E-3,-4.45275E-4,-2.04403E-3,-5.30828E-3,-8.85732E-3,-1.25572E-2,-1.14999E-2,-1.61821E-2,-1.65807E-2,-1.53347E-2,-1.23807E-2,-1.21701E-2,-1.27320E-2,-1.18399E-2,-1.38224E-2,-1.14967E-2,-8.48294E-3,-7.46062E-3,-1.02450E-2,-9.75236E-3,-4.32529E-3,-5.43523E-3,-4.31042E-3,-7.03036E-3,-3.91791E-3,-6.22360E-3,-4.71413E-3,-4.42276E-3,-4.37648E-3,-4.29525E-3,-4.94722E-3,-3.59477E-3,-4.20308E-3,-4.02920E-3,-3.28050E-3,-3.01365E-3,-2.09712E-3,-1.75697E-3,-8.30600E-4,1.35009E-4,-5.44336E-4,-1.99152E-4,4.33832E-5,2.15371E-4,9.10792E-5,3.18430E-4,1.16517E-3,6.22961E-4,6.48323E-4,1.59634E-3,2.97709E-4,1.41209E-3,1.08476E-3,2.24854E-4,4.70702E-4,1.33500E-3,7.23627E-4,2.20092E-3,2.01719E-3,1.32002E-3,1.92591E-3,1.67542E-3,1.37923E-3,1.50961E-3,1.58509E-3,1.41555E-3,8.05657E-4,1.49776E-3,1.52900E-3,6.04445E-4,6.93762E-5,1.54941E-4,6.80305E-5,-9.17953E-4,-4.50921E-4,-1.87698E-3,-1.59961E-3,-1.94512E-3,-1.90908E-3,-2.32598E-3,-3.06237E-3,-2.95467E-3,-3.50004E-3,-3.90828E-3,-3.54178E-3,-3.83615E-3,-5.08532E-3,-4.81483E-3,-5.00112E-3,-5.17301E-3,-5.27191E-3,-4.83932E-3,-4.87250E-3,-5.39915E-3,-5.30202E-3,-5.62204E-3,-5.54577E-3,-6.20778E-3,-5.61005E-3,-5.47211E-3,-5.61845E-3,-6.05202E-3,-5.08571E-3,-6.01561E-3,-5.53788E-3,-5.33394E-3,-5.80321E-3,-4.72455E-3,-5.01674E-3,-5.62107E-3,-5.68426E-3,-4.69327E-3,-5.08909E-3,-5.14128E-3,-3.42116E-3,-2.79308E-3,-3.71193E-3,-3.02053E-3,-2.95655E-3,-2.16390E-3,-1.43236E-3,-1.53527E-3,-1.46586E-3,-1.90735E-3,-8.45622E-4,-4.93205E-4,-1.23881E-3,-1.63088E-3,-1.85081E-3,-2.13894E-3,-2.67602E-3,-3.57623E-3,-3.10154E-3,-3.43868E-3,-4.20525E-3,-5.76555E-3,-5.27184E-3,-4.09782E-3,-2.93594E-3,-2.32763E-3
1.33453E+3,-2.65455E-4,4.17017E-5,1.41129E-4,1.47971E-4,4.09204E-4,2.14195E-4,-5.11805E-4,-5.11873E-5,-6.24537E-4,-2.86930E-4,5.15476E-4,2.07556E-5,8.56744E-5,-4.03618E-5,2.04170E-4,7.35541E-4,5.49148E-4,1.36679E-3,2.57860E-3,2.80427E-3,4.93755E-3,6.93515E-3,7.76801E-3,1.01409E-2,9.81683E-3,7.38214E-3,5.95544E-3,2.10072E-3,-9.55726E-4,-2.52755E-3,-5.95764E-3,-9.56808E-3,-1.33210E-2,-1.23938E-2,-1.69444E-2,-1.73655E-2,-1.60020E-2,-1.31350E-2,-1.26957E-2,-1.34531E-2,-1.23459E-2,-1.41085E-2,-1.19581E-2,-9.29795E-3,-7.95379E-3,-1.05981E-2,-1.01474E-2,-4.83121E-3,-6.28148E-3,-4.80628E-3,-7.36791E-3,-4.53389E-3,-7.04271E-3,-5.31168E-3,-4.88818E-3,-4.83621E-3,-4.53779E-3,-5.48933E-3,-3.97012E-3,-4.42368E-3,-4.48194E-3,-3.68090E-3,-3.35712E-3,-2.32427E-3,-2.08901E-3,-1.13772E-3,-1.82395E-5,-6.65256E-4,-4.61249E-4,-3.13130E-4,1.30280E-4,-4.74572E-5,1.16116E-4,9.78342E-4,4.08465E-4,3.55105E-4,1.47468E-3,-8.95045E-5,1.21184E-3,9.15677E-4,3.66844E-4,4.34088E-4,1.27469E-3,6.39689E-4,1.92504E-3,1.92137E-3,1.25774E-3,1.75925E-3,1.62280E-3,1.15084E-3,1.58813E-3,1.73866E-3,1.44875E-3,6.42267E-4,1.45801E-3,1.54255E-3,5.59978E-4,1.74272E-4,2.89220E-4,-3.16403E-5,-9.72554E-4,-5.91197E-4,-1.77594E-3,-1.62182E-3,-1.83594E-3,-1.99083E-3,-2.35025E-3,-2.97164E-3,-3.02287E-3,-3.69164E-3,-3.79883E-3,-3.52906E-3,-3.99361E-3,-5.17919E-3,-4.71352E-3,-4.95215E-3,-5.13902E-3,-5.26618E-3,-4.76704E-3,-4.94649E-3,-5.33704E-3,-5.20709E-3,-5.65848E-3,-5.68344E-3,-6.13826E-3,-5.46738E-3,-5.35075E-3,-5.48016E-3,-5.88193E-3,-5.07669E-3,-5.68869E-3,-5.52132E-3,-5.48066E-3,-5.59521E-3,-4.69312E-3,-5.06611E-3,-5.60299E-3,-5.43040E-3,-4.49771E-3,-4.93396E-3,-5.24548E-3,-3.61614E-3,-2.61857E-3,-3.63575E-3,-2.92011E-3,-2.79608E-3,-2.05228E-3,-1.37536E-3,-1.57224E-3,-1.31412E-3,-1.76125E-3,-8.20252E-4,-5.21863E-4,-1.26205E-3,-1.49567E-3,-1.78401E-3,-2.19241E-3,-2.52300E-3,-3.45089E-3,-2.92809E-3,-3.52952E-3,-4.16197E-3,-5.73225E-3,-5.17529E-3,-3.97164E-3,-2.85066E-3,-2.29548E-3
1.33804E+3,-1.75152E-4,3.47185E-5,2.21052E-4,1.42060E-5,3.88691E-4,4.42002E-4,-3.98358E-4,-1.23053E-6,-6.72213E-4,-2.87483E-4,4.74850E-4,-2.27794E-5,6.54817E-6,-1.27874E-4,1.03023E-4,5.48549E-4,5.88214E-4,1.48834E-3,2.39613E-3,2.57784E-3,4.75842E-3,6.73793E-3,7.29890E-3,1.00203E-2,9.67307E-3,6.91767E-3,5.57696E-3,1.59555E-3,-1.41421E-3,-3.05727E-3,-6.44249E-3,-1.04042E-2,-1.41698E-2,-1.29619E-2,-1.79499E-2,-1.83147E-2,-1.66786E-2,-1.39655E-2,-1.38112E-2,-1.43881E-2,-1.33069E-2,-1.49064E-2,-1.29239E-2,-9.60635E-3,-8.71776E-3,-1.14678E-2,-1.10732E-2,-5.55721E-3,-6.77092E-3,-5.35716E-3,-8.21490E-3,-5.04928E-3,-7.63933E-3,-5.74664E-3,-5.78181E-3,-5.54614E-3,-5.25359E-3,-6.22359E-3,-4.74225E-3,-5.20765E-3,-5.24119E-3,-4.42889E-3,-4.03333E-3,-2.79012E-3,-2.56354E-3,-1.66023E-3,-5.43308E-4,-1.43450E-3,-1.15356E-3,-7.96067E-4,-4.14768E-4,-6.81772E-4,-4.05283E-4,4.36315E-4,-2.60162E-4,6.99795E-5,9.12315E-4,-4.49132E-4,6.25983E-4,5.96962E-4,-2.27015E-4,-2.50041E-4,7.28833E-4,2.99737E-4,1.41885E-3,1.34045E-3,7.84373E-4,1.41311E-3,1.14030E-3,8.74143E-4,1.05720E-3,1.25168E-3,1.16593E-3,4.84811E-4,1.25690E-3,1.37265E-3,2.85503E-4,-3.17245E-5,-1.26511E-4,-2.62542E-4,-1.18709E-3,-9.80022E-4,-1.84290E-3,-1.78612E-3,-2.08709E-3,-2.14968E-3,-2.61273E-3,-3.07939E-3,-3.14389E-3,-3.74493E-3,-3.97536E-3,-3.77462E-3,-3.96522E-3,-5.34223E-3,-4.64273E-3,-5.12242E-3,-5.27641E-3,-5.32846E-3,-4.95054E-3,-5.04750E-3,-5.39244E-3,-5.29949E-3,-5.65462E-3,-5.71711E-3,-6.14934E-3,-5.73385E-3,-5.52506E-3,-5.63281E-3,-5.98596E-3,-5.10934E-3,-5.82148E-3,-5.36273E-3,-5.44295E-3,-5.82993E-3,-4.55358E-3,-5.13771E-3,-5.56415E-3,-5.56532E-3,-4.41862E-3,-5.13183E-3,-5.16887E-3,-3.49256E-3,-2.66330E-3,-3.56158E-3,-2.75960E-3,-2.77990E-3,-2.16732E-3,-1.36795E-3,-1.44735E-3,-1.44731E-3,-1.71061E-3,-9.51081E-4,-4.70667E-4,-1.21074E-3,-1.55280E-3,-1.88158E-3,-2.18844E-3,-2.67643E-3,-3.50028E-3,-3.00931E-3,-3.62379E-3,-4.24783E-3,-5.79096E-3,-5.19320E-3,-4.11294E-3,-2.98362E-3,-2.45096E-3
1.34154E+3,-1.49325E-4,-1.67461E-4,2.56470E-4,1.50881E-5,3.71360E-4,4.34197E-4,-3.20057E-4,-2.93101E-5,-6.65719E-4,-3.15960E-4,4.04030E-4,-5.81859E-5,-5.96475E-6,-4.76490E-5,2.78488E-4,6.00780E-4,4.59320E-4,1.28019E-3,2.40973E-3,2.46186E-3,4.78490E-3,6.49999E-3,7.35816E-3,9.75604E-3,9.49956E-3,6.93646E-3,5.42405E-3,1.63087E-3,-1.50091E-3,-3.32010E-3,-6.65427E-3,-1.04832E-2,-1.42362E-2,-1.32874E-2,-1.79423E-2,-1.85275E-2,-1.68876E-2,-1.39210E-2,-1.39728E-2,-1.42878E-2,-1.36119E-2,-1.49975E-2,-1.29307E-2,-1.00449E-2,-8.85493E-3,-1.13977E-2,-1.11666E-2,-5.60072E-3,-6.97771E-3,-5.20380E-3,-8.25111E-3,-5.19378E-3,-7.61287E-3,-5.95259E-3,-5.83287E-3,-5.48248E-3,-5.24706E-3,-6.08371E-3,-4.84176E-3,-5.16015E-3,-5.17889E-3,-4.47167E-3,-4.17034E-3,-2.84967E-3,-2.46109E-3,-1.57484E-3,-5.43275E-4,-1.46301E-3,-1.00180E-3,-8.65835E-4,-3.67349E-4,-5.86910E-4,-6.43766E-4,4.11462E-4,-6.71452E-5,-1.13152E-4,6.84909E-4,-6.24845E-4,7.61619E-4,5.91122E-4,-2.12360E-4,-1.25287E-4,6.56281E-4,4.32831E-4,1.67977E-3,1.39091E-3,7.74940E-4,1.26098E-3,1.08667E-3,1.01508E-3,1.25526E-3,1.26906E-3,1.28797E-3,4.67298E-4,1.15014E-3,1.40674E-3,3.55763E-4,-9.85341E-5,-7.17633E-5,-2.75895E-4,-1.24530E-3,-7.91372E-4,-1.92151E-3,-1.71455E-3,-1.98947E-3,-2.04815E-3,-2.42511E-3,-3.03605E-3,-3.11345E-3,-3.56926E-3,-3.92074E-3,-3.76185E-3,-4.18635E-3,-5.13734E-3,-4.47503E-3,-5.03195E-3,-5.02885E-3,-5.14360E-3,-4.67983E-3,-4.94319E-3,-5.26742E-3,-5.12647E-3,-5.56724E-3,-5.67300E-3,-6.03083E-3,-5.60553E-3,-5.42779E-3,-5.63715E-3,-5.82348E-3,-5.15058E-3,-5.69576E-3,-5.41981E-3,-5.27480E-3,-5.63603E-3,-4.60040E-3,-5.09429E-3,-5.42798E-3,-5.35547E-3,-4.50102E-3,-5.07351E-3,-5.22084E-3,-3.37049E-3,-2.68565E-3,-3.52472E-3,-2.86242E-3,-2.68212E-3,-1.99036E-3,-1.38191E-3,-1.51160E-3,-1.32341E-3,-1.70325E-3,-8.12776E-4,-4.91855E-4,-1.12372E-3,-1.45467E-3,-1.76614E-3,-2.09013E-3,-2.49819E-3,-3.40291E-3,-2.90088E-3,-3.32129E-3,-4.14032E-3,-5.65934E-3,-5.01731E-3,-4.09878E-3,-3.05756E-3,-2.44327E-3
1.34504E+3,-1.09760E-5,-2.20072E-5,2.51572E-4,5.73317E-5,4.28759E-4,2.86651E-4,-3.17903E-4,-2.27497E-4,-7.33555E-4,-2.67685E-4,2.93721E-4,1.13262E-5,3.45754E-5,-5.12692E-5,2.66957E-4,6.12576E-4,4.79202E-4,1.50745E-3,2.28944E-3,2.27918E-3,4.63330E-3,6.43134E-3,7.41753E-3,9.79230E-3,9.69583E-3,7.09287E-3,5.30868E-3,1.18789E-3,-1.52272E-3,-3.56178E-3,-6.84618E-3,-1.06836E-2,-1.43450E-2,-1.34318E-2,-1.80744E-2,-1.83670E-2,-1.69506E-2,-1.40310E-2,-1.40797E-2,-1.44188E-2,-1.34883E-2,-1.49255E-2,-1.29938E-2,-9.99503E-3,-8.96656E-3,-1.13149E-2,-1.12460E-2,-5.71820E-3,-7.22689E-3,-5.34602E-3,-8.29088E-3,-5.31674E-3,-7.64455E-3,-6.13717E-3,-5.90921E-3,-5.73547E-3,-5.25611E-3,-6.12214E-3,-4.73246E-3,-5.10921E-3,-5.01793E-3,-4.61529E-3,-4.01816E-3,-2.68478E-3,-2.54468E-3,-1.66967E-3,-6.12465E-4,-1.54738E-3,-1.13085E-3,-7.46153E-4,-2.16177E-4,-6.56068E-4,-6.38257E-4,2.97979E-4,-1.19704E-4,9.00224E-5,8.82614E-4,-4.41704E-4,7.59966E-4,5.76504E-4,-2.07692E-4,-2.99956E-5,9.02086E-4,4.27741E-4,1.55091E-3,1.56440E-3,8.50058E-4,1.40545E-3,1.27186E-3,1.09873E-3,1.18759E-3,1.39624E-3,1.34501E-3,6.09929E-4,1.36491E-3,1.76950E-3,2.98476E-4,1.31615E-4,-1.13909E-5,-8.92126E-5,-1.11830E-3,-7.36299E-4,-1.80684E-3,-1.67084E-3,-1.84860E-3,-1.82602E-3,-2.35519E-3,-2.96803E-3,-2.91090E-3,-3.55454E-3,-3.76735E-3,-3.55678E-3,-3.91250E-3,-5.00001E-3,-4.36116E-3,-4.84594E-3,-4.90285E-3,-5.17970E-3,-4.57568E-3,-4.90845E-3,-5.07798E-3,-5.17158E-3,-5.41201E-3,-5.53207E-3,-5.86099E-3,-5.33855E-3,-5.44640E-3,-5.47451E-3,-5.61604E-3,-5.02652E-3,-5.54558E-3,-5.15032E-3,-5.10400E-3,-5.57852E-3,-4.52848E-3,-5.00214E-3,-5.29107E-3,-5.24909E-3,-4.39960E-3,-4.76546E-3,-4.99904E-3,-3.64826E-3,-2.62942E-3,-3.44251E-3,-2.79026E-3,-2.63680E-3,-1.91841E-3,-1.36964E-3,-1.37416E-3,-1.28107E-3,-1.59877E-3,-7.94076E-4,-4.32708E-4,-1.09121E-3,-1.45711E-3,-1.68157E-3,-1.91172E-3,-2.57010E-3,-3.19200E-3,-2.99264E-3,-3.32696E-3,-4.07248E-3,-5.52517E-3,-4.92846E-3,-3.87928E-3,-2.93348E-3,-2.38090E-3
1.34855E+3,5.41068E-5,-1.27487E-4,2.55178E-4,5.37524E-5,3.35062E-4,2.25819E-4,-2.07528E-5,-3.26474E-4,-6.18023E-4,-1.52892E-4,4.54605E-4,-3.71911E-5,-1.67518E-4,-1.49834E-4,2.21647E-4,5.81662E-4,3.33073E-4,1.27639E-3,2.01027E-3,2.54796E-3,4.57870E-3,6.36679E-3,7.32507E-3,9.73815E-3,9.34359E-3,6.83209E-3,5.11293E-3,9.07036E-4,-2.18957E-3,-4.07119E-3,-7.70117E-3,-1.16278E-2,-1.54867E-2,-1.44822E-2,-1.89233E-2,-1.93241E-2,-1.78369E-2,-1.52876E-2,-1.50959E-2,-1.53027E-2,-1.44422E-2,-1.58884E-2,-1.37981E-2,-1.09016E-2,-9.69851E-3,-1.23559E-2,-1.21734E-2,-6.43874E-3,-8.01382E-3,-6.15905E-3,-9.08710E-3,-6.11766E-3,-8.54756E-3,-6.91747E-3,-6.64971E-3,-6.34464E-3,-6.18200E-3,-6.87625E-3,-5.38529E-3,-5.93055E-3,-5.75639E-3,-5.21319E-3,-4.52886E-3,-3.39694E-3,-3.20810E-3,-2.26397E-3,-1.16152E-3,-2.00123E-3,-1.64447E-3,-1.23664E-3,-9.53825E-4,-1.26290E-3,-1.10492E-3,-3.83779E-4,-5.28035E-4,-3.89151E-4,1.53371E-4,-1.03117E-3,1.60063E-5,-1.35302E-4,-9.40436E-4,-8.43377E-4,2.92494E-4,-9.84893E-5,7.28068E-4,9.46896E-4,2.62798E-4,8.77070E-4,6.57051E-4,6.32804E-4,1.03476E-3,9.03294E-4,1.01459E-3,3.64526E-4,8.22071E-4,1.41240E-3,4.62753E-5,-1.94367E-5,-2.84195E-4,-4.33185E-4,-1.28925E-3,-1.15989E-3,-1.87521E-3,-1.84215E-3,-2.00261E-3,-2.18440E-3,-2.72675E-3,-3.19843E-3,-3.09182E-3,-3.85816E-3,-3.93569E-3,-3.77921E-3,-4.28131E-3,-5.14175E-3,-4.30953E-3,-5.09517E-3,-5.11708E-3,-5.33684E-3,-4.91141E-3,-5.12707E-3,-5.33104E-3,-5.23077E-3,-5.63008E-3,-5.68813E-3,-5.88180E-3,-5.50482E-3,-5.48035E-3,-5.56332E-3,-5.94927E-3,-5.18282E-3,-5.72333E-3,-5.36740E-3,-5.38656E-3,-5.69748E-3,-4.76637E-3,-5.13370E-3,-5.47710E-3,-5.43597E-3,-4.45865E-3,-4.97721E-3,-5.06738E-3,-3.51917E-3,-2.76448E-3,-3.45815E-3,-2.70956E-3,-2.55246E-3,-1.92471E-3,-1.51602E-3,-1.62082E-3,-1.48923E-3,-1.64088E-3,-8.05740E-4,-5.27826E-4,-1.29309E-3,-1.43445E-3,-1.61266E-3,-2.06535E-3,-2.62688E-3,-3.17163E-3,-3.01286E-3,-3.56369E-3,-4.20243E-3,-5.46053E-3,-5.09903E-3,-4.08633E-3,-3.11979E-3,-2.48530E-3
1.35205E+3,-4.40607E-5,-1.20352E-4,3.22738E-4,-6.71965E-5,3.87627E-4,4.22027E-4,6.61820E-5,-1.91953E-4,-9.05146E-4,-1.26979E-4,4.16467E-4,-1.72401E-4,-1.69432E-4,-1.34722E-4,3.17202E-4,5.35487E-4,4.67074E-4,1.31610E-3,2.20503E-3,2.36145E-3,4.96976E-3,6.65017E-3,7.89147E-3,1.01319E-2,9.58983E-3,7.08842E-3,5.23913E-3,7.94738E-4,-1.97503E-3,-4.25303E-3,-7.96560E-3,-1.19173E-2,-1.57125E-2,-1.47889E-2,-1.93756E-2,-1.97760E-2,-1.82120E-2,-1.54901E-2,-1.55059E-2,-1.58856E-2,-1.48617E-2,-1.61381E-2,-1.42910E-2,-1.14285E-2,-1.00632E-2,-1.24032E-2,-1.25795E-2,-6.80058E-3,-8.44259E-3,-6.45860E-3,-9.38045E-3,-6.60913E-3,-8.90647E-3,-7.17177E-3,-6.99964E-3,-6.63088E-3,-6.34622E-3,-7.17171E-3,-5.82377E-3,-6.29454E-3,-6.11436E-3,-5.68012E-3,-5.17564E-3,-3.55061E-3,-3.51049E-3,-2.42904E-3,-1.57039E-3,-2.37400E-3,-2.05427E-3,-1.77280E-3,-1.18260E-3,-1.45781E-3,-1.35229E-3,-4.12223E-4,-1.01272E-3,-7.35295E-4,-2.08291E-4,-1.51887E-3,-7.41258E-5,-3.13772E-4,-9.22057E-4,-8.88992E-4,8.72627E-5,-1.83071E-4,7.08802E-4,6.52008E-4,3.66928E-4,6.84893E-4,5.82092E-4,5.71292E-4,8.85427E-4,9.16283E-4,9.81181E-4,2.70661E-4,9.29627E-4,1.45874E-3,-1.30962E-4,-7.20227E-5,-4.17365E-4,-5.79689E-4,-1.33512E-3,-1.24485E-3,-1.93199E-3,-1.90307E-3,-2.06470E-3,-2.13911E-3,-2.63745E-3,-3.10382E-3,-3.14868E-3,-3.70229E-3,-3.93915E-3,-3.72543E-3,-4.37453E-3,-5.17193E-3,-4.59858E-3,-4.96806E-3,-5.06747E-3,-5.29935E-3,-4.87740E-3,-5.04699E-3,-5.18447E-3,-5.17560E-3,-5.47191E-3,-5.60701E-3,-5.88552E-3,-5.67066E-3,-5.49417E-3,-5.56687E-3,-5.61109E-3,-5.33908E-3,-5.61242E-3,-5.27122E-3,-5.27650E-3,-5.58287E-3,-4.63473E-3,-5.23938E-3,-5.42714E-3,-5.12240E-3,-4.37400E-3,-4.83016E-3,-5.06150E-3,-3.58140E-3,-2.74253E-3,-3.53680E-3,-2.66873E-3,-2.48649E-3,-1.77462E-3,-1.30794E-3,-1.49103E-3,-1.48798E-3,-1.54121E-3,-7.33204E-4,-5.51220E-4,-1.17447E-3,-1.38573E-3,-1.77297E-3,-2.01733E-3,-2.48390E-3,-3.23234E-3,-2.89828E-3,-3.36780E-3,-4.07486E-3,-5.41165E-3,-4.98280E-3,-3.99853E-3,-2.90416E-3,-2.60316E-3
1.35556E+3,6.24681E-5,-1.62165E-4,2.63369E-4,3.31742E-5,3.82991E-4,2.90003E-4,-1.64442E-5,-1.19216E-4,-7.73947E-4,-1.32041E-4,5.99909E-4,-1.01003E-4,-2.37793E-4,-2.45651E-4,1.56344E-4,5.73556E-4,5.47158E-4,1.54870E-3,2.17411E-3,2.55364E-3,4.95486E-3,7.07092E-3,8.06181E-3,1.04250E-2,1.02318E-2,7.45574E-3,5.56216E-3,1.06307E-3,-1.63498E-3,-4.04194E-3,-7.68234E-3,-1.20790E-2,-1.62256E-2,-1.49300E-2,-1.98108E-2,-2.01866E-2,-1.87742E-2,-1.60904E-2,-1.62306E-2,-1.62514E-2,-1.52736E-2,-1.68221E-2,-1.46772E-2,-1.18496E-2,-1.05983E-2,-1.28638E-2,-1.29840E-2,-7.12721E-3,-8.64215E-3,-6.87677E-3,-9.85660E-3,-6.76456E-3,-9.20772E-3,-7.52273E-3,-7.34566E-3,-7.12727E-3,-6.71762E-3,-7.49713E-3,-6.02247E-3,-6.48112E-3,-6.64342E-3,-5.73179E-3,-5.37569E-3,-3.69941E-3,-3.86815E-3,-2.48731E-3,-1.72154E-3,-2.66087E-3,-2.30824E-3,-1.93056E-3,-1.43133E-3,-1.66426E-3,-1.56475E-3,-7.64347E-4,-1.15721E-3,-8.55456E-4,-2.91618E-4,-1.56343E-3,-5.17113E-4,-3.54206E-4,-1.16235E-3,-1.06173E-3,-3.96060E-5,-3.40612E-4,6.01267E-4,5.86151E-4,3.32904E-4,8.29791E-4,2.97128E-4,3.00840E-4,1.00309E-3,6.93879E-4,7.86729E-4,2.31739E-4,6.68058E-4,1.45804E-3,-2.29235E-4,-1.13403E-5,-5.27263E-4,-7.84968E-4,-1.30030E-3,-1.45453E-3,-1.91437E-3,-1.93237E-3,-2.01889E-3,-2.37988E-3,-2.63920E-3,-3.21700E-3,-3.18539E-3,-3.60835E-3,-3.81374E-3,-3.83274E-3,-4.43702E-3,-5.27739E-3,-4.39037E-3,-4.83971E-3,-5.08671E-3,-5.23739E-3,-4.94317E-3,-5.07836E-3,-5.33336E-3,-5.28706E-3,-5.47490E-3,-5.78071E-3,-5.70928E-3,-5.58615E-3,-5.69953E-3,-5.76004E-3,-5.54985E-3,-5.33693E-3,-5.63148E-3,-5.06055E-3,-5.32584E-3,-5.76500E-3,-4.68891E-3,-5.28503E-3,-5.35501E-3,-5.07234E-3,-4.47768E-3,-4.83141E-3,-5.03364E-3,-3.64605E-3,-2.82313E-3,-3.41540E-3,-2.83337E-3,-2.54956E-3,-1.93752E-3,-1.42885E-3,-1.61655E-3,-1.39825E-3,-1.68537E-3,-8.78700E-4,-7.43594E-4,-1.23908E-3,-1.39234E-3,-1.75641E-3,-2.07728E-3,-2.65854E-3,-3.24229E-3,-2.94430E-3,-3.46862E-3,-4.00463E-3,-5.38128E-3,-4.93330E-3,-4.00059E-3,-3.24327E-3,-2.63180E-3
1.35906E+3,1.28253E-4,-2.67717E-4,2.30029E-4,-3.04832E-5,4.10284E-4,3.23837E-4,1.22850E-4,-2.45970E-4,-6.66630E-4,-1.30328E-4,5.14399E-4,-6.17684E-5,-2.39109E-4,-1.71469E-4,8.38239E-5,5.01602E-4,5.78569E-4,1.46585E-3,2.14778E-3,2.70233E-3,5.19945E-3,7.46397E-3,8.72768E-3,1.06587E-2,1.03464E-2,7.83540E-3,5.59035E-3,1.12747E-3,-1.77728E-3,-4.18881E-3,-7.99624E-3,-1.23945E-2,-1.65302E-2,-1.54045E-2,-2.00965E-2,-2.06411E-2,-1.93152E-2,-1.65071E-2,-1.68713E-2,-1.67017E-2,-1.58812E-2,-1.72696E-2,-1.51825E-2,-1.21997E-2,-1.09599E-2,-1.33490E-2,-1.33177E-2,-7.62739E-3,-9.08862E-3,-7.27400E-3,-1.00452E-2,-7.23488E-3,-9.55386E-3,-7.75845E-3,-7.93151E-3,-7.55057E-3,-7.17008E-3,-7.94551E-3,-6.32151E-3,-6.85775E-3,-6.67763E-3,-6.18411E-3,-5.59662E-3,-4.09180E-3,-3.84497E-3,-2.76763E-3,-1.87509E-3,-3.11390E-3,-2.77949E-3,-2.32172E-3,-1.46793E-3,-1.95463E-3,-1.88079E-3,-8.11248E-4,-1.29959E-3,-1.16489E-3,-7.09279E-4,-1.80257E-3,-7.29594E-4,-5.58692E-4,-1.22615E-3,-1.38492E-3,-3.27544E-4,-4.73524E-4,2.68325E-4,2.72304E-4,3.63061E-4,6.23117E-4,5.48900E-5,5.66220E-4,8.98651E-4,9.52554E-4,8.79863E-4,3.32418E-4,7.95439E-4,1.31647E-3,-1.21681E-4,-4.32548E-5,-3.54891E-4,-5.65556E-4,-1.40730E-3,-1.39542E-3,-1.85681E-3,-1.86583E-3,-2.00430E-3,-2.25182E-3,-2.60580E-3,-3.10436E-3,-3.15891E-3,-3.70352E-3,-4.00542E-3,-3.74238E-3,-4.47512E-3,-4.99534E-3,-4.35112E-3,-4.94374E-3,-5.08729E-3,-5.16727E-3,-4.90559E-3,-5.09091E-3,-5.09393E-3,-5.14451E-3,-5.44495E-3,-5.65027E-3,-5.82829E-3,-5.64649E-3,-5.45377E-3,-5.58728E-3,-5.49941E-3,-5.24868E-3,-5.58658E-3,-4.83434E-3,-5.22730E-3,-5.41727E-3,-4.78530E-3,-4.93416E-3,-5.36769E-3,-5.05727E-3,-4.35749E-3,-4.80739E-3,-4.93675E-3,-3.68025E-3,-2.68089E-3,-3.43217E-3,-2.80977E-3,-2.49997E-3,-1.69084E-3,-1.52814E-3,-1.45473E-3,-1.37984E-3,-1.33430E-3,-7.65655E-4,-4.76183E-4,-1.13607E-3,-1.32063E-3,-1.72638E-3,-1.91234E-3,-2.56164E-3,-3.28405E-3,-2.88418E-3,-3.23069E-3,-4.00957E-3,-5.09093E-3,-4.67705E-3,-4.04634E-3,-2.94371E-3,-2.58717E-3
1.36257E+3,1.00202E-4,-1.29505E-4,1.16373E-4,-1.21218E-5,3.58765E-4,3.13741E-4,-7.73508E-6,-1.46818E-4,-7.79396E-4,-1.02311E-4,3.27518E-4,-1.22684E-4,-1.47613E-4,-5.07736E-5,2.82358E-4,5.32118E-4,5.13875E-4,1.64168E-3,2.12846E-3,2.53173E-3,5.49865E-3,7.40619E-3,8.77793E-3,1.07538E-2,1.05542E-2,7.88416E-3,5.54571E-3,8.57803E-4,-1.75287E-3,-4.17558E-3,-8.15821E-3,-1.26552E-2,-1.71186E-2,-1.56140E-2,-2.02740E-2,-2.10489E-2,-1.94651E-2,-1.70135E-2,-1.73754E-2,-1.70130E-2,-1.64290E-2,-1.76012E-2,-1.55096E-2,-1.24063E-2,-1.12203E-2,-1.36526E-2,-1.38687E-2,-7.82651E-3,-9.45747E-3,-7.66091E-3,-1.06441E-2,-7.42200E-3,-9.98574E-3,-8.04998E-3,-8.04626E-3,-7.69106E-3,-7.36836E-3,-7.95953E-3,-6.70087E-3,-7.20237E-3,-7.13811E-3,-6.26188E-3,-5.99472E-3,-4.10505E-3,-4.19070E-3,-2.79067E-3,-2.29414E-3,-3.31821E-3,-2.83380E-3,-2.36663E-3,-1.69161E-3,-2.17477E-3,-2.08973E-3,-1.03376E-3,-1.48328E-3,-1.28703E-3,-8.00683E-4,-2.14545E-3,-9.25293E-4,-5.66553E-4,-1.41498E-3,-1.62565E-3,-3.08538E-4,-8.24348E-4,1.08859E-4,-1.48774E-5,-1.44525E-5,3.97306E-4,1.74922E-4,3.52916E-4,1.14825E-3,7.56387E-4,8.19693E-4,3.95227E-4,6.96002E-4,1.12447E-3,-4.62440E-4,-8.40077E-5,-4.21712E-4,-6.98901E-4,-1.52214E-3,-1.40364E-3,-1.87485E-3,-1.84758E-3,-1.88437E-3,-2.15243E-3,-2.69612E-3,-3.18471E-3,-3.10551E-3,-3.82219E-3,-3.98321E-3,-3.92172E-3,-4.44570E-3,-4.91630E-3,-4.41399E-3,-4.91774E-3,-5.00555E-3,-5.07270E-3,-4.75208E-3,-5.14905E-3,-4.95622E-3,-5.18637E-3,-5.41617E-3,-5.81183E-3,-5.67601E-3,-5.42628E-3,-5.35222E-3,-5.49164E-3,-5.36126E-3,-5.10799E-3,-5.71836E-3,-4.92163E-3,-5.14180E-3,-5.61070E-3,-4.75689E-3,-5.04440E-3,-5.48409E-3,-4.97215E-3,-4.36768E-3,-4.76063E-3,-4.93024E-3,-3.71199E-3,-2.61868E-3,-3.16964E-3,-2.76100E-3,-2.32813E-3,-1.76060E-3,-1.58575E-3,-1.46756E-3,-1.21278E-3,-1.37583E-3,-8.98556E-4,-5.51947E-4,-1.29088E-3,-1.08740E-3,-1.77277E-3,-1.94882E-3,-2.53338E-3,-3.10287E-3,-2.79902E-3,-3.30999E-3,-4.09620E-3,-5.09145E-3,-4.69540E-3,-3.96674E-3,-3.09041E-3,-2.74967E-3
1.36608E+3,1.16469E-4,-4.94295E-5,3.24797E-4,-5.72478E-5,2.13871E-4,3.83639E-4,3.14461E-4,-1.44659E-4,-8.67551E-4,-1.90924E-4,3.56060E-4,-1.44126E-4,-2.68408E-4,-1.21304E-4,1.34350E-4,5.84931E-4,7.57238E-4,1.82008E-3,2.39706E-3,2.65117E-3,5.65434E-3,7.59673E-3,8.92608E-3,1.08369E-2,1.08672E-2,7.92438E-3,5.43107E-3,6.91750E-4,-1.85033E-3,-4.35781E-3,-8.33621E-3,-1.32078E-2,-1.73709E-2,-1.56947E-2,-2.03865E-2,-2.13824E-2,-1.98995E-2,-1.70829E-2,-1.76819E-2,-1.74294E-2,-1.67062E-2,-1.78917E-2,-1.57833E-2,-1.26181E-2,-1.15659E-2,-1.38588E-2,-1.42860E-2,-8.16865E-3,-9.88486E-3,-8.05493E-3,-1.11446E-2,-7.72094E-3,-1.01484E-2,-8.35094E-3,-8.57097E-3,-7.92953E-3,-7.74895E-3,-8.24092E-3,-6.94193E-3,-7.52960E-3,-7.17897E-3,-6.68649E-3,-6.04013E-3,-4.47370E-3,-4.48580E-3,-3.00301E-3,-2.21844E-3,-3.66931E-3,-3.16655E-3,-2.64500E-3,-2.14292E-3,-2.34287E-3,-2.37025E-3,-1.39649E-3,-1.84933E-3,-1.46475E-3,-9.59348E-4,-2.34429E-3,-1.20644E-3,-9.37188E-4,-1.73592E-3,-1.86875E-3,-6.63819E-4,-7.71240E-4,-7.98756E-5,-8.91159E-5,-1.08708E-4,2.59050E-4,1.24275E-4,3.08962E-4,8.94256E-4,7.35836E-4,1.04556E-3,2.15208E-4,6.92928E-4,1.09013E-3,-1.91542E-4,-6.78443E-5,-3.63595E-4,-5.03992E-4,-1.43593E-3,-1.39115E-3,-1.72497E-3,-1.91157E-3,-1.85795E-3,-2.27317E-3,-2.67243E-3,-3.24704E-3,-3.28560E-3,-3.78885E-3,-3.80363E-3,-3.81675E-3,-4.35406E-3,-4.90671E-3,-4.35256E-3,-4.83600E-3,-4.92052E-3,-4.90603E-3,-4.94891E-3,-5.00220E-3,-4.99802E-3,-5.14775E-3,-5.36109E-3,-5.82341E-3,-5.79225E-3,-5.53983E-3,-5.36231E-3,-5.47351E-3,-5.39780E-3,-5.18874E-3,-5.55053E-3,-4.99115E-3,-5.08062E-3,-5.26991E-3,-4.55390E-3,-4.97285E-3,-5.29757E-3,-4.76854E-3,-4.31405E-3,-4.57192E-3,-4.95985E-3,-3.51741E-3,-2.63336E-3,-3.40100E-3,-2.74333E-3,-2.37108E-3,-1.68743E-3,-1.51029E-3,-1.61073E-3,-1.22409E-3,-1.25919E-3,-7.65903E-4,-4.54320E-4,-1.24124E-3,-1.15143E-3,-1.75836E-3,-1.78877E-3,-2.57115E-3,-3.07824E-3,-2.66515E-3,-3.15440E-3,-3.94343E-3,-5.08796E-3,-4.47426E-3,-3.99573E-3,-2.97504E-3,-2.42211E-3
1.36959E+3,2.98500E-5,-1.38397E-4,2.36285E-4,-1.25416E-4,5.34496E-4,3.86265E-4,5.29129E-4,-7.09555E-5,-8.39710E-4,-1.54801E-4,2.11164E-4,-2.82151E-4,-3.28756E-4,-5.93553E-5,7.23529E-5,4.06321E-4,6.74044E-4,1.89893E-3,2.31915E-3,2.78977E-3,5.85665E-3,7.81580E-3,9.25699E-3,1.10874E-2,1.07489E-2,7.96176E-3,5.35515E-3,5.28940E-4,-1.89687E-3,-4.81375E-3,-8.70539E-3,-1.35660E-2,-1.75257E-2,-1.61951E-2,-2.09649E-2,-2.19126E-2,-2.06000E-2,-1.77377E-2,-1.81428E-2,-1.80058E-2,-1.74465E-2,-1.85090E-2,-1.63894E-2,-1.32982E-2,-1.19828E-2,-1.45892E-2,-1.47040E-2,-8.50279E-3,-1.02729E-2,-8.38846E-3,-1.15667E-2,-8.22663E-3,-1.06851E-2,-8.73214E-3,-9.19857E-3,-8.44495E-3,-8.05962E-3,-8.93608E-3,-7.52806E-3,-8.18284E-3,-7.76666E-3,-7.15888E-3,-6.88933E-3,-4.79044E-3,-4.78008E-3,-3.49646E-3,-2.87528E-3,-4.02078E-3,-3.59449E-3,-2.88155E-3,-2.52462E-3,-2.85617E-3,-2.56489E-3,-1.54539E-3,-2.01074E-3,-2.04461E-3,-1.41940E-3,-2.66779E-3,-1.59537E-3,-1.23031E-3,-2.03345E-3,-2.25827E-3,-1.04922E-3,-1.32487E-3,-4.03578E-4,-3.77863E-4,-4.49912E-4,1.21065E-4,-2.72719E-4,-4.76531E-5,5.29386E-4,3.10825E-4,5.57148E-4,3.28257E-4,4.37089E-4,9.74231E-4,-7.05782E-4,-3.90089E-5,-7.12624E-4,-8.45867E-4,-1.48967E-3,-1.67300E-3,-2.06151E-3,-1.93645E-3,-2.01409E-3,-2.49874E-3,-2.92243E-3,-3.34367E-3,-3.25819E-3,-3.76378E-3,-3.96758E-3,-3.76503E-3,-4.62266E-3,-4.85315E-3,-4.20519E-3,-4.93139E-3,-5.14265E-3,-5.04342E-3,-4.92285E-3,-5.25646E-3,-5.10248E-3,-5.09144E-3,-5.41443E-3,-6.05160E-3,-5.72041E-3,-5.46513E-3,-5.40424E-3,-5.46633E-3,-5.44652E-3,-5.43931E-3,-5.62861E-3,-4.82640E-3,-5.24279E-3,-5.35019E-3,-4.64613E-3,-5.08170E-3,-5.42008E-3,-4.85624E-3,-4.43742E-3,-4.57364E-3,-4.83884E-3,-3.82882E-3,-2.71417E-3,-3.17297E-3,-2.85431E-3,-2.34995E-3,-1.82269E-3,-1.58145E-3,-1.61394E-3,-1.24340E-3,-1.22072E-3,-9.64351E-4,-5.64484E-4,-1.35431E-3,-1.10246E-3,-1.74114E-3,-2.01518E-3,-2.64792E-3,-3.12817E-3,-2.90209E-3,-3.36762E-3,-3.91630E-3,-4.99502E-3,-4.51589E-3,-3.99350E-3,-3.06325E-3,-2.68938E-3
1.37310E+3,-1.11972E-4,-1.61102E-4,3.22086E-4,-3.61594E-4,4.14487E-4,3.67451E-4,3.13214E-4,-3.98791E-5,-6.62845E-4,-2.33172E-4,3.46193E-4,-1.93434E-4,-2.49243E-4,-7.81272E-5,3.27937E-4,4.79483E-4,7.06428E-4,1.92173E-3,2.46306E-3,2.89474E-3,6.38852E-3,8.59722E-3,9.92651E-3,1.16858E-2,1.16680E-2,8.85365E-3,6.53081E-3,1.60104E-3,-1.17438E-3,-4.47639E-3,-8.52844E-3,-1.34038E-2,-1.74826E-2,-1.60655E-2,-2.09358E-2,-2.22570E-2,-2.09268E-2,-1.85507E-2,-1.86960E-2,-1.84435E-2,-1.75632E-2,-1.84923E-2,-1.68276E-2,-1.36963E-2,-1.25803E-2,-1.45262E-2,-1.49957E-2,-8.63004E-3,-1.04763E-2,-8.62160E-3,-1.18263E-2,-8.77569E-3,-1.10304E-2,-9.29470E-3,-9.25935E-3,-8.45139E-3,-8.25105E-3,-9.02518E-3,-7.49363E-3,-8.25285E-3,-7.72675E-3,-7.18468E-3,-6.70545E-3,-5.09682E-3,-5.21713E-3,-3.55556E-3,-2.99827E-3,-4.10447E-3,-4.02254E-3,-3.40127E-3,-2.61640E-3,-2.99010E-3,-2.80307E-3,-1.84277E-3,-2.23317E-3,-2.30689E-3,-1.65405E-3,-2.96246E-3,-1.95123E-3,-1.37852E-3,-2.36063E-3,-2.52513E-3,-1.11557E-3,-1.25437E-3,-3.36269E-4,-4.90559E-4,-6.35167E-4,-1.20358E-5,-5.55186E-4,1.61128E-5,5.99501E-4,1.52043E-4,5.75156E-4,3.10110E-4,3.15354E-4,1.12760E-3,-6.56414E-4,-1.87796E-4,-6.71363E-4,-9.29506E-4,-1.66802E-3,-1.94987E-3,-2.03842E-3,-2.00139E-3,-1.91937E-3,-2.48467E-3,-2.74636E-3,-3.32900E-3,-3.26687E-3,-3.58850E-3,-3.98607E-3,-3.92769E-3,-4.51989E-3,-5.18990E-3,-4.46754E-3,-4.94357E-3,-5.02627E-3,-5.05643E-3,-4.95106E-3,-5.28781E-3,-5.12676E-3,-5.02709E-3,-5.42242E-3,-5.87304E-3,-5.75380E-3,-5.61056E-3,-5.50169E-3,-5.43159E-3,-5.31857E-3,-5.40496E-3,-5.51169E-3,-4.80635E-3,-5.12843E-3,-5.46925E-3,-4.66840E-3,-5.08731E-3,-5.48726E-3,-4.79668E-3,-4.43618E-3,-4.78979E-3,-4.87553E-3,-3.89503E-3,-2.96026E-3,-3.23822E-3,-2.81647E-3,-2.45111E-3,-1.74485E-3,-1.67603E-3,-1.71831E-3,-1.42479E-3,-1.02893E-3,-9.63927E-4,-6.98012E-4,-1.43036E-3,-1.22253E-3,-1.90648E-3,-1.84546E-3,-2.55256E-3,-3.25366E-3,-2.88007E-3,-3.60749E-3,-4.22507E-3,-4.87043E-3,-4.44731E-3,-4.13114E-3,-3.19032E-3,-2.72932E-3
1.37661E+3,6.83626E-5,-2.53223E-4,4.63098E-4,-3.01585E-4,3.91264E-4,2.38249E-4,5.64894E-4,-8.42378E-5,-9.07029E-4,-2.14114E-4,3.17662E-4,-1.16561E-4,-2.24331E-4,-1.98421E-4,2.55973E-4,5.49457E-4,8.44881E-4,2.24583E-3,2.56006E-3,3.31933E-3,6.68911E-3,8.85224E-3,1.04592E-2,1.21142E-2,1.20107E-2,9.60195E-3,6.75013E-3,1.54131E-3,-1.20097E-3,-4.44362E-3,-8.55551E-3,-1.31590E-2,-1.76276E-2,-1.62213E-2,-2.15104E-2,-2.28753E-2,-2.14613E-2,-1.90961E-2,-1.93626E-2,-1.89875E-2,-1.83981E-2,-1.91292E-2,-1.73351E-2,-1.41889E-2,-1.29519E-2,-1.50401E-2,-1.56099E-2,-9.21901E-3,-1.09104E-2,-9.18428E-3,-1.22358E-2,-9.06226E-3,-1.15754E-2,-9.64654E-3,-9.72616E-3,-9.15698E-3,-8.80858E-3,-9.33154E-3,-7.99579E-3,-8.69614E-3,-8.15555E-3,-7.63391E-3,-7.21294E-3,-5.25981E-3,-5.40340E-3,-3.88701E-3,-3.27919E-3,-4.53944E-3,-4.34573E-3,-3.60977E-3,-2.84494E-3,-3.32869E-3,-3.06612E-3,-2.03500E-3,-2.63532E-3,-2.36581E-3,-2.17553E-3,-3.10928E-3,-2.20870E-3,-1.53261E-3,-2.51410E-3,-2.68802E-3,-1.36644E-3,-1.34746E-3,-7.18352E-4,-8.98435E-4,-5.10809E-4,-4.92533E-5,-4.80266E-4,-1.40271E-4,6.42832E-4,2.75902E-4,5.71132E-4,2.11077E-4,5.57710E-4,1.03684E-3,-4.49029E-4,-3.81325E-5,-6.60178E-4,-1.08958E-3,-1.77420E-3,-1.86058E-3,-2.04650E-3,-1.78615E-3,-2.03489E-3,-2.53667E-3,-2.92783E-3,-3.41711E-3,-3.21522E-3,-3.60631E-3,-3.73288E-3,-3.86004E-3,-4.63527E-3,-4.91197E-3,-4.20459E-3,-4.76752E-3,-4.88313E-3,-5.14251E-3,-4.95086E-3,-5.15505E-3,-5.11780E-3,-5.05288E-3,-5.12555E-3,-5.77873E-3,-5.51936E-3,-5.41707E-3,-5.32756E-3,-5.48255E-3,-5.05331E-3,-5.40410E-3,-5.54839E-3,-4.62254E-3,-5.02113E-3,-5.28319E-3,-4.61862E-3,-5.02519E-3,-5.24664E-3,-4.54176E-3,-4.28931E-3,-4.62216E-3,-4.73050E-3,-3.95362E-3,-2.88356E-3,-3.22234E-3,-2.87842E-3,-2.36775E-3,-1.63904E-3,-1.48014E-3,-1.83746E-3,-1.32516E-3,-1.08793E-3,-9.87407E-4,-6.03065E-4,-1.22974E-3,-1.01056E-3,-1.81116E-3,-1.74072E-3,-2.56798E-3,-3.10969E-3,-2.62203E-3,-3.39932E-3,-4.13590E-3,-4.77709E-3,-4.35341E-3,-4.06562E-3,-3.05015E-3,-2.56738E-3
1.38012E+3,-3.79039E-5,-2.11331E-4,3.70057E-4,-3.87513E-4,3.26653E-4,2.88040E-4,3.00817E-4,-1.83401E-4,-5.20525E-4,-3.18341E-5,3.97915E-4,-3.70881E-4,-1.76286E-4,1.51538E-4,8.46532E-5,3.41705E-4,9.32826E-4,2.22250E-3,2.57159E-3,3.33622E-3,6.92769E-3,9.20682E-3,1.05495E-2,1.18348E-2,1.20153E-2,9.80753E-3,6.82483E-3,1.57434E-3,-1.18424E-3,-4.59558E-3,-8.70120E-3,-1.32741E-2,-1.76728E-2,-1.63389E-2,-2.17522E-2,-2.34281E-2,-2.18904E-2,-1.96613E-2,-2.00578E-2,-1.95439E-2,-1.90485E-2,-1.97793E-2,-1.76718E-2,-1.43580E-2,-1.34294E-2,-1.55454E-2,-1.60263E-2,-9.46022E-3,-1.15403E-2,-9.57867E-3,-1.27913E-2,-9.40558E-3,-1.20100E-2,-1.00169E-2,-1.01330E-2,-9.44715E-3,-9.09359E-3,-9.79731E-3,-8.35973E-3,-8.99119E-3,-8.66613E-3,-8.07542E-3,-7.94603E-3,-5.56347E-3,-5.66628E-3,-4.20508E-3,-3.61598E-3,-4.98932E-3,-4.65885E-3,-4.02095E-3,-3.13667E-3,-3.51294E-3,-3.53677E-3,-2.42566E-3,-3.10828E-3,-2.65104E-3,-2.39530E-3,-3.59488E-3,-2.40704E-3,-1.93999E-3,-2.72085E-3,-3.07337E-3,-1.75604E-3,-1.55594E-3,-9.79437E-4,-1.21554E-3,-8.72862E-4,-2.23967E-4,-8.11912E-4,-5.73671E-4,3.78323E-4,-3.24547E-5,3.04854E-4,3.03586E-4,1.61755E-4,7.95175E-4,-7.67442E-4,-2.16645E-4,-6.50671E-4,-1.08651E-3,-1.86059E-3,-2.18070E-3,-2.22673E-3,-2.08065E-3,-2.01922E-3,-2.55233E-3,-3.02791E-3,-3.49434E-3,-3.26800E-3,-3.88228E-3,-3.94231E-3,-4.18420E-3,-4.59399E-3,-4.96402E-3,-4.24367E-3,-4.73604E-3,-5.13500E-3,-5.16766E-3,-5.05202E-3,-5.40193E-3,-5.14510E-3,-5.26304E-3,-5.46754E-3,-6.01278E-3,-5.55787E-3,-5.38152E-3,-5.54453E-3,-5.51030E-3,-5.08260E-3,-5.28355E-3,-5.47550E-3,-4.75561E-3,-5.10618E-3,-5.24558E-3,-4.80882E-3,-4.99858E-3,-5.29393E-3,-4.55547E-3,-4.19586E-3,-4.73888E-3,-4.74987E-3,-3.99785E-3,-2.86078E-3,-3.27748E-3,-2.92085E-3,-2.63614E-3,-1.61326E-3,-1.54772E-3,-1.91322E-3,-1.33874E-3,-1.09538E-3,-1.19665E-3,-6.78998E-4,-1.23240E-3,-1.17983E-3,-1.83908E-3,-1.58170E-3,-2.54122E-3,-3.28043E-3,-2.77500E-3,-3.54277E-3,-4.04947E-3,-4.91324E-3,-4.17769E-3,-4.02973E-3,-3.19918E-3,-2.78464E-3
1.38363E+3,-1.28183E-5,-1.55697E-4,3.90646E-4,-5.85481E-4,4.03915E-4,3.88604E-4,4.83005E-4,-3.11299E-5,-6.55975E-4,-1.08711E-4,3.17855E-4,-4.73855E-4,-2.29331E-4,5.01800E-5,2.18792E-4,5.13594E-4,8.32613E-4,2.39514E-3,2.57159E-3,3.45523E-3,7.20737E-3,9.37611E-3,1.08356E-2,1.22690E-2,1.24992E-2,9.98532E-3,7.23382E-3,1.45353E-3,-1.17261E-3,-4.70703E-3,-8.55935E-3,-1.34927E-2,-1.77124E-2,-1.66289E-2,-2.22555E-2,-2.41767E-2,-2.23896E-2,-1.99297E-2,-2.10057E-2,-2.00886E-2,-1.96726E-2,-2.02973E-2,-1.84276E-2,-1.48422E-2,-1.37029E-2,-1.59747E-2,-1.66477E-2,-1.00093E-2,-1.18621E-2,-1.00025E-2,-1.34135E-2,-9.70156E-3,-1.25502E-2,-1.02848E-2,-1.07322E-2,-9.97431E-3,-9.61555E-3,-1.02686E-2,-8.87729E-3,-9.40680E-3,-9.12780E-3,-8.56281E-3,-8.14877E-3,-5.77355E-3,-5.85773E-3,-4.37867E-3,-4.10330E-3,-5.31373E-3,-4.94195E-3,-4.25277E-3,-3.50378E-3,-3.86877E-3,-3.73405E-3,-2.69043E-3,-3.28865E-3,-2.91485E-3,-2.64573E-3,-3.88665E-3,-2.69514E-3,-2.13474E-3,-3.08141E-3,-3.17659E-3,-2.14177E-3,-1.66267E-3,-1.18822E-3,-1.47536E-3,-9.14194E-4,-4.96408E-4,-1.52995E-3,-9.11427E-4,2.00943E-4,-2.34394E-4,3.27227E-4,1.83850E-4,1.41699E-4,7.65760E-4,-1.00009E-3,-2.59284E-4,-7.77093E-4,-1.26738E-3,-1.72625E-3,-2.18596E-3,-2.29442E-3,-2.10326E-3,-2.04094E-3,-2.70809E-3,-3.26790E-3,-3.66277E-3,-3.44849E-3,-3.79077E-3,-4.20214E-3,-4.08729E-3,-4.75965E-3,-4.95815E-3,-4.14327E-3,-4.77946E-3,-5.18297E-3,-5.01995E-3,-5.13897E-3,-5.62473E-3,-5.35255E-3,-5.07615E-3,-5.27941E-3,-5.91206E-3,-5.50470E-3,-5.36453E-3,-5.41585E-3,-5.46994E-3,-4.92899E-3,-5.67693E-3,-5.54216E-3,-4.63723E-3,-5.18997E-3,-5.26020E-3,-4.75629E-3,-4.88691E-3,-5.29685E-3,-4.50613E-3,-4.36560E-3,-4.73198E-3,-4.83836E-3,-3.87615E-3,-2.85489E-3,-3.44595E-3,-2.83457E-3,-2.25466E-3,-1.61864E-3,-1.51477E-3,-2.02232E-3,-1.33675E-3,-9.51826E-4,-9.97354E-4,-7.77743E-4,-1.38909E-3,-1.10875E-3,-1.80167E-3,-1.72959E-3,-2.30539E-3,-3.02960E-3,-2.67328E-3,-3.49144E-3,-3.81974E-3,-4.56941E-3,-4.13753E-3,-3.83664E-3,-3.06164E-3,-2.77322E-3
1.38714E+3,1.36952E-4,-2.61560E-4,5.00668E-4,-2.70213E-4,4.00169E-4,4.15667E-4,7.10547E-4,-1.60928E-4,-8.40186E-4,-4.16931E-4,2.75980E-4,-3.36902E-4,-1.33094E-4,-3.44370E-5,1.42694E-5,4.94959E-4,9.86031E-4,2.45511E-3,2.77472E-3,3.40208E-3,7.37038E-3,9.70857E-3,1.12289E-2,1.27248E-2,1.31399E-2,1.06688E-2,7.63941E-3,1.75516E-3,-7.18337E-4,-4.37968E-3,-8.03076E-3,-1.29937E-2,-1.73364E-2,-1.64143E-2,-2.22499E-2,-2.42751E-2,-2.29090E-2,-2.05158E-2,-2.10344E-2,-2.02856E-2,-2.00437E-2,-2.05370E-2,-1.84611E-2,-1.49263E-2,-1.37737E-2,-1.60613E-2,-1.68669E-2,-1.02178E-2,-1.19578E-2,-1.01969E-2,-1.34754E-2,-1.00664E-2,-1.26149E-2,-1.04095E-2,-1.06697E-2,-1.00288E-2,-9.54941E-3,-1.02187E-2,-8.82095E-3,-9.49632E-3,-9.02769E-3,-8.69215E-3,-7.93107E-3,-5.66638E-3,-5.92712E-3,-4.43124E-3,-4.00252E-3,-5.18375E-3,-4.97878E-3,-4.26470E-3,-3.61656E-3,-3.81347E-3,-3.79986E-3,-2.79662E-3,-3.12142E-3,-2.88618E-3,-2.58447E-3,-4.06355E-3,-2.71658E-3,-2.16264E-3,-3.05600E-3,-3.27030E-3,-2.00819E-3,-1.69464E-3,-1.23802E-3,-1.27882E-3,-1.07973E-3,-6.08787E-4,-1.11195E-3,-7.28434E-4,2.79871E-4,1.02170E-4,2.94047E-4,2.97385E-4,2.51755E-4,8.57504E-4,-7.67280E-4,2.87945E-5,-4.23905E-4,-1.08702E-3,-1.58501E-3,-2.07348E-3,-2.06758E-3,-2.00281E-3,-1.94595E-3,-2.77623E-3,-3.13479E-3,-3.56314E-3,-3.42891E-3,-3.53579E-3,-3.86791E-3,-3.92501E-3,-4.61193E-3,-4.83486E-3,-4.15686E-3,-4.68065E-3,-5.06194E-3,-4.92634E-3,-5.01488E-3,-5.58081E-3,-4.97289E-3,-4.84190E-3,-5.05101E-3,-5.87869E-3,-5.26595E-3,-5.43998E-3,-5.39970E-3,-5.40096E-3,-4.85323E-3,-5.62168E-3,-5.55039E-3,-4.69107E-3,-5.03973E-3,-5.02285E-3,-4.57975E-3,-4.91462E-3,-5.27948E-3,-4.16669E-3,-4.16993E-3,-4.54071E-3,-4.79019E-3,-3.79853E-3,-2.84396E-3,-3.23932E-3,-2.83448E-3,-2.38289E-3,-1.48155E-3,-1.59070E-3,-1.81119E-3,-1.29537E-3,-9.52547E-4,-9.40884E-4,-5.29801E-4,-1.38429E-3,-8.48179E-4,-1.66591E-3,-1.70458E-3,-2.37690E-3,-3.17620E-3,-2.82771E-3,-3.23781E-3,-3.88933E-3,-4.53591E-3,-4.01725E-3,-3.97129E-3,-3.00829E-3,-2.58233E-3
1.39065E+3,6.71604E-5,-1.26416E-4,6.13742E-4,-4.14891E-4,3.30448E-4,1.93765E-4,5.73368E-4,-1.70091E-4,-6.52557E-4,-5.58527E-5,4.76099E-5,-2.31789E-4,-1.90615E-4,1.94110E-4,-1.77991E-4,5.02632E-4,1.09337E-3,2.51950E-3,2.70441E-3,3.81870E-3,7.46254E-3,9.69588E-3,1.14161E-2,1.26043E-2,1.32670E-2,1.09250E-2,7.44467E-3,1.50006E-3,-1.09312E-3,-4.49173E-3,-7.59943E-3,-1.25904E-2,-1.74786E-2,-1.70993E-2,-2.30566E-2,-2.52430E-2,-2.39081E-2,-2.13280E-2,-2.19394E-2,-2.08088E-2,-2.05451E-2,-2.07391E-2,-1.88990E-2,-1.54456E-2,-1.46180E-2,-1.66127E-2,-1.73224E-2,-1.07349E-2,-1.27323E-2,-1.06153E-2,-1.45109E-2,-1.04327E-2,-1.32591E-2,-1.09516E-2,-1.15298E-2,-1.07788E-2,-1.02686E-2,-1.08899E-2,-9.44056E-3,-9.98379E-3,-9.46582E-3,-9.24846E-3,-8.48581E-3,-6.34488E-3,-6.49510E-3,-4.86503E-3,-4.48220E-3,-5.80835E-3,-5.51791E-3,-4.66656E-3,-4.12175E-3,-4.53795E-3,-4.21919E-3,-3.17477E-3,-3.46191E-3,-3.54055E-3,-3.00378E-3,-4.42179E-3,-3.39090E-3,-2.63197E-3,-3.32543E-3,-3.80457E-3,-2.38491E-3,-1.92892E-3,-1.66754E-3,-1.83438E-3,-1.39966E-3,-7.25493E-4,-1.63341E-3,-1.07937E-3,3.36832E-4,-3.47286E-4,9.28774E-5,-7.18564E-6,1.38954E-4,7.13444E-4,-9.00395E-4,-1.17432E-4,-9.23368E-4,-1.50994E-3,-1.86822E-3,-2.42367E-3,-1.96297E-3,-2.13594E-3,-2.10900E-3,-2.76808E-3,-3.09697E-3,-3.47698E-3,-3.68026E-3,-3.40394E-3,-4.14925E-3,-4.08955E-3,-4.58919E-3,-4.60535E-3,-4.05529E-3,-4.87309E-3,-4.97158E-3,-4.81209E-3,-5.04583E-3,-5.48284E-3,-5.14902E-3,-5.04410E-3,-5.24804E-3,-5.63612E-3,-5.44781E-3,-5.45443E-3,-5.68268E-3,-5.50931E-3,-4.72505E-3,-5.52527E-3,-5.60682E-3,-4.46195E-3,-5.04263E-3,-5.00182E-3,-4.58255E-3,-4.82659E-3,-5.10128E-3,-4.18940E-3,-3.95226E-3,-4.48465E-3,-4.42224E-3,-3.77481E-3,-2.61408E-3,-3.16074E-3,-2.74194E-3,-2.19857E-3,-1.59854E-3,-1.23775E-3,-1.91967E-3,-1.35972E-3,-8.05174E-4,-1.02486E-3,-5.05476E-4,-1.43589E-3,-9.78665E-4,-1.76811E-3,-1.61200E-3,-2.46488E-3,-3.04399E-3,-2.52997E-3,-3.39902E-3,-3.91510E-3,-4.36851E-3,-3.75241E-3,-3.90458E-3,-3.00202E-3,-2.50890E-3
1.39416E+3,-1.58247E-4,-1.64495E-4,6.02858E-4,-6.64108E-4,3.13045E-4,4.63550E-4,8.28356E-4,-8.37969E-5,-7.23386E-4,-2.76919E-5,1.65795E-4,-2.62605E-4,-4.62640E-4,2.76766E-4,-1.03400E-4,4.79091E-4,9.67598E-4,2.58698E-3,2.75111E-3,3.67169E-3,7.74626E-3,9.66032E-3,1.16864E-2,1.27424E-2,1.36136E-2,1.07748E-2,7.36329E-3,1.46543E-3,-6.12245E-4,-3.66533E-3,-6.83036E-3,-1.25838E-2,-1.75205E-2,-1.73585E-2,-2.36923E-2,-2.60772E-2,-2.45597E-2,-2.15178E-2,-2.23256E-2,-2.12111E-2,-2.10994E-2,-2.11581E-2,-1.94951E-2,-1.58026E-2,-1.48414E-2,-1.69879E-2,-1.78410E-2,-1.10407E-2,-1.30039E-2,-1.09778E-2,-1.47037E-2,-1.06869E-2,-1.35119E-2,-1.12193E-2,-1.20384E-2,-1.09806E-2,-1.04078E-2,-1.13047E-2,-9.94480E-3,-1.03115E-2,-1.00220E-2,-9.64746E-3,-8.95538E-3,-6.47807E-3,-6.85859E-3,-5.35414E-3,-4.91568E-3,-5.83823E-3,-5.74302E-3,-4.93472E-3,-4.16641E-3,-4.43218E-3,-4.45715E-3,-3.46895E-3,-3.85856E-3,-3.77119E-3,-3.57434E-3,-4.67406E-3,-3.58338E-3,-2.75236E-3,-3.81834E-3,-4.26319E-3,-2.78957E-3,-2.29904E-3,-1.90646E-3,-1.84125E-3,-1.72087E-3,-1.06373E-3,-1.75071E-3,-1.29063E-3,1.77338E-4,-3.05754E-4,2.43881E-4,4.14937E-4,-2.26168E-4,6.22149E-4,-1.14007E-3,-3.90764E-4,-9.42388E-4,-1.41107E-3,-1.82806E-3,-2.49200E-3,-1.98768E-3,-1.96627E-3,-1.86543E-3,-2.83892E-3,-3.17492E-3,-3.60989E-3,-3.60841E-3,-3.49589E-3,-4.06238E-3,-4.19312E-3,-4.62426E-3,-4.90789E-3,-4.08694E-3,-4.77025E-3,-5.03399E-3,-4.82221E-3,-5.09944E-3,-5.44652E-3,-5.20342E-3,-5.04206E-3,-5.40088E-3,-6.06087E-3,-5.54384E-3,-5.08485E-3,-5.22374E-3,-5.65448E-3,-4.57308E-3,-5.49449E-3,-5.26773E-3,-4.36861E-3,-4.98214E-3,-4.95779E-3,-4.58568E-3,-4.95031E-3,-5.26434E-3,-4.11656E-3,-4.00506E-3,-4.42849E-3,-4.77941E-3,-4.04316E-3,-2.80945E-3,-3.16809E-3,-2.83809E-3,-2.05096E-3,-1.40631E-3,-1.32636E-3,-1.91035E-3,-9.76401E-4,-9.54022E-4,-1.05475E-3,-7.84482E-4,-1.46716E-3,-9.82015E-4,-1.92646E-3,-1.45646E-3,-2.58088E-3,-3.21867E-3,-2.52338E-3,-3.30551E-3,-3.83431E-3,-4.41853E-3,-3.70194E-3,-3.99080E-3,-3.12632E-3,-2.52857E-3
1.39768E+3,1.19493E-5,-2.20117E-4,6.66667E-4,-6.99941E-4,2.18391E-4,4.30479E-4,9.58086E-4,-5.14534E-5,-6.38357E-4,-2.12226E-4,8.83371E-5,-5.02167E-4,-3.80931E-4,2.61449E-4,6.98346E-5,2.61872E-4,1.12585E-3,2.82667E-3,2.80564E-3,3.84080E-3,7.88295E-3,1.03579E-2,1.23926E-2,1.32631E-2,1.45373E-2,1.15855E-2,8.25076E-3,2.13757E-3,1.76594E-4,-2.78798E-3,-5.84332E-3,-1.20526E-2,-1.77624E-2,-1.80519E-2,-2.46078E-2,-2.71926E-2,-2.52823E-2,-2.27473E-2,-2.31907E-2,-2.23024E-2,-2.18611E-2,-2.19652E-2,-2.03610E-2,-1.64599E-2,-1.57049E-2,-1.77528E-2,-1.84966E-2,-1.17271E-2,-1.34975E-2,-1.16951E-2,-1.52605E-2,-1.14110E-2,-1.42141E-2,-1.20886E-2,-1.23266E-2,-1.17529E-2,-1.11863E-2,-1.18005E-2,-1.01451E-2,-1.10316E-2,-1.05694E-2,-9.85620E-3,-9.47414E-3,-7.05892E-3,-7.27787E-3,-5.59329E-3,-5.31936E-3,-6.77102E-3,-6.56262E-3,-5.41479E-3,-4.72991E-3,-4.92557E-3,-4.78603E-3,-3.86875E-3,-4.24632E-3,-4.13911E-3,-3.86771E-3,-5.33403E-3,-4.01387E-3,-3.12511E-3,-4.07220E-3,-4.60085E-3,-3.05986E-3,-2.60726E-3,-2.32039E-3,-2.30370E-3,-1.88535E-3,-1.21347E-3,-1.96222E-3,-1.44726E-3,-1.07261E-4,-6.00322E-4,-1.73038E-4,-1.38723E-4,-4.60956E-4,3.73857E-4,-1.24496E-3,-1.94729E-4,-1.01677E-3,-1.79247E-3,-2.08697E-3,-2.47924E-3,-2.23140E-3,-2.15699E-3,-1.89583E-3,-3.16627E-3,-3.30474E-3,-3.70176E-3,-3.55160E-3,-3.57483E-3,-3.96132E-3,-4.05275E-3,-4.88972E-3,-4.81796E-3,-4.31338E-3,-4.65506E-3,-5.09674E-3,-4.96007E-3,-5.42740E-3,-5.92057E-3,-5.28505E-3,-5.15125E-3,-5.39016E-3,-5.95260E-3,-5.45634E-3,-5.35203E-3,-5.63294E-3,-5.62512E-3,-4.68364E-3,-5.52557E-3,-5.50304E-3,-4.28294E-3,-5.18707E-3,-5.10893E-3,-4.81601E-3,-5.04918E-3,-5.17728E-3,-4.12444E-3,-4.20636E-3,-4.60952E-3,-4.62009E-3,-4.10996E-3,-2.87502E-3,-3.21109E-3,-2.96835E-3,-2.57112E-3,-1.66195E-3,-1.64806E-3,-1.98555E-3,-1.32115E-3,-7.35426E-4,-1.02594E-3,-7.76147E-4,-1.39227E-3,-9.33586E-4,-1.83180E-3,-1.43186E-3,-2.57989E-3,-3.24463E-3,-2.65032E-3,-3.46818E-3,-3.86849E-3,-4.22974E-3,-3.79137E-3,-4.03993E-3,-3.25345E-3,-2.81817E-3
1.40119E+3,-2.09185E-4,-3.05345E-4,7.96055E-4,-6.32728E-4,2.29861E-4,5.21053E-4,7.27736E-4,7.10801E-5,-6.85588E-4,7.05542E-5,3.72515E-4,-5.15636E-4,-2.17429E-4,-4.75407E-5,-1.75402E-4,3.93079E-4,1.22244E-3,2.91092E-3,2.75671E-3,3.89677E-3,7.80068E-3,1.03432E-2,1.24157E-2,1.37311E-2,1.46572E-2,1.17646E-2,8.17320E-3,2.70697E-3,8.89234E-4,-1.78819E-3,-5.21500E-3,-1.18061E-2,-1.85011E-2,-1.87968E-2,-2.54186E-2,-2.79597E-2,-2.59929E-2,-2.37869E-2,-2.40254E-2,-2.30062E-2,-2.25764E-2,-2.26991E-2,-2.05744E-2,-1.68863E-2,-1.61050E-2,-1.81734E-2,-1.93589E-2,-1.26061E-2,-1.39425E-2,-1.21557E-2,-1.57113E-2,-1.19578E-2,-1.46824E-2,-1.25840E-2,-1.30452E-2,-1.25543E-2,-1.18893E-2,-1.24725E-2,-1.09601E-2,-1.14827E-2,-1.09805E-2,-1.06442E-2,-9.95468E-3,-7.35351E-3,-7.60788E-3,-6.12924E-3,-5.44705E-3,-6.80076E-3,-7.00925E-3,-6.02081E-3,-5.11119E-3,-5.25999E-3,-5.04902E-3,-3.99284E-3,-4.71708E-3,-4.52693E-3,-4.36495E-3,-5.59776E-3,-4.56323E-3,-3.26526E-3,-4.44598E-3,-5.03106E-3,-3.45131E-3,-2.96335E-3,-2.45685E-3,-2.67571E-3,-2.37222E-3,-1.47471E-3,-2.46012E-3,-1.76545E-3,-2.48029E-4,-7.31893E-4,-2.75644E-4,6.89909E-5,-4.33434E-4,2.00596E-4,-1.33137E-3,-4.35568E-4,-1.25865E-3,-1.78242E-3,-2.04615E-3,-2.97934E-3,-2.42128E-3,-2.38562E-3,-2.38869E-3,-3.04762E-3,-3.51937E-3,-3.93408E-3,-3.80880E-3,-3.77568E-3,-3.85332E-3,-4.24083E-3,-4.76458E-3,-4.95440E-3,-4.22503E-3,-4.84428E-3,-5.13460E-3,-5.01739E-3,-5.27715E-3,-5.85160E-3,-5.20604E-3,-5.29612E-3,-5.31750E-3,-6.23372E-3,-5.52349E-3,-5.37286E-3,-5.45377E-3,-5.45377E-3,-4.50943E-3,-5.84081E-3,-5.64366E-3,-4.48622E-3,-5.20819E-3,-4.98423E-3,-4.60678E-3,-5.13921E-3,-5.16244E-3,-4.15872E-3,-4.15084E-3,-4.78606E-3,-4.40844E-3,-4.28906E-3,-2.93324E-3,-3.39825E-3,-2.93297E-3,-2.33217E-3,-1.63800E-3,-1.55186E-3,-2.13988E-3,-1.02374E-3,-7.72148E-4,-1.37589E-3,-6.59308E-4,-1.57714E-3,-8.76678E-4,-1.82049E-3,-1.60323E-3,-2.38823E-3,-3.17997E-3,-2.56761E-3,-3.49225E-3,-3.62063E-3,-4.06838E-3,-3.55199E-3,-4.03541E-3,-3.04101E-3,-2.54188E-3
1.40471E+3,-1.30096E-4,-2.60842E-4,4.43189E-4,-7.05947E-4,2.48531E-4,3.26509E-4,8.60890E-4,6.90540E-5,-4.03055E-4,7.48630E-5,4.58713E-5,-4.27707E-4,-2.99350E-4,2.87879E-4,-1.29789E-4,4.03835E-4,1.04923E-3,2.91281E-3,2.78866E-3,4.34490E-3,8.14861E-3,1.06068E-2,1.27473E-2,1.34508E-2,1.48976E-2,1.18964E-2,8.57513E-3,3.04751E-3,2.13124E-3,-9.01779E-4,-4.52211E-3,-1.17409E-2,-1.89383E-2,-1.92891E-2,-2.61701E-2,-2.89279E-2,-2.68322E-2,-2.40274E-2,-2.45317E-2,-2.32248E-2,-2.34077E-2,-2.30783E-2,-2.12622E-2,-1.73456E-2,-1.61592E-2,-1.87158E-2,-1.96048E-2,-1.28313E-2,-1.43981E-2,-1.27789E-2,-1.63464E-2,-1.19998E-2,-1.50181E-2,-1.27045E-2,-1.32721E-2,-1.25150E-2,-1.19987E-2,-1.26593E-2,-1.11640E-2,-1.20251E-2,-1.13940E-2,-1.08055E-2,-1.02549E-2,-7.65456E-3,-7.95218E-3,-6.43569E-3,-5.91632E-3,-7.18502E-3,-7.07839E-3,-5.84503E-3,-5.24751E-3,-5.68182E-3,-5.60502E-3,-4.26406E-3,-4.84263E-3,-4.58598E-3,-4.41948E-3,-5.85017E-3,-4.80183E-3,-3.62890E-3,-4.68173E-3,-5.41750E-3,-3.68250E-3,-3.11884E-3,-2.51422E-3,-2.68352E-3,-2.46944E-3,-1.46818E-3,-2.60611E-3,-1.99438E-3,-3.33540E-4,-1.27624E-3,-4.01477E-4,-9.85146E-5,-6.82663E-4,-6.46349E-5,-1.68169E-3,-2.70672E-4,-1.31025E-3,-1.99254E-3,-2.34745E-3,-2.99858E-3,-2.59288E-3,-2.25494E-3,-2.20952E-3,-3.26015E-3,-3.61554E-3,-4.07134E-3,-3.95602E-3,-3.74302E-3,-4.26389E-3,-4.47049E-3,-5.12095E-3,-5.03872E-3,-4.21483E-3,-4.71817E-3,-5.18668E-3,-4.87942E-3,-5.48095E-3,-5.95174E-3,-5.51687E-3,-5.24107E-3,-5.09521E-3,-6.29085E-3,-5.55303E-3,-5.47310E-3,-5.82766E-3,-5.67067E-3,-4.64845E-3,-6.04546E-3,-5.55944E-3,-4.42129E-3,-5.02707E-3,-4.95702E-3,-4.82037E-3,-4.79890E-3,-5.14029E-3,-4.02355E-3,-4.26247E-3,-4.53676E-3,-4.60377E-3,-4.29722E-3,-2.92344E-3,-3.40473E-3,-3.00245E-3,-2.38574E-3,-1.53234E-3,-1.36470E-3,-2.13658E-3,-1.12184E-3,-8.40895E-4,-1.32365E-3,-7.45341E-4,-1.51374E-3,-9.12882E-4,-1.90139E-3,-1.49076E-3,-2.51696E-3,-3.25164E-3,-2.77156E-3,-3.43241E-3,-3.76626E-3,-4.01198E-3,-3.32235E-3,-3.80593E-3,-2.96401E-3,-2.77197E-3
1.40822E+3,-2.77336E-4,-1.61842E-4,6.39265E-4,-5.56341E-4,2.21346E-4,2.13369E-4,9.50652E-4,1.09460E-4,-7.31375E-4,1.24713E-4,9.88606E-5,-4.95880E-4,-1.87119E-4,3.17692E-4,-2.65464E-4,4.82411E-4,1.33681E-3,2.81724E-3,2.76483E-3,4.30113E-3,8.30311E-3,1.11269E-2,1.33670E-2,1.41790E-2,1.54866E-2,1.27776E-2,9.74968E-3,4.81034E-3,4.38631E-3,6.44313E-4,-3.14302E-3,-1.16137E-2,-1.93415E-2,-1.99171E-2,-2.64167E-2,-2.90826E-2,-2.71898E-2,-2.41660E-2,-2.47862E-2,-2.34694E-2,-2.36878E-2,-2.32290E-2,-2.15479E-2,-1.74972E-2,-1.66895E-2,-1.90881E-2,-1.99198E-2,-1.31342E-2,-1.44887E-2,-1.28059E-2,-1.66597E-2,-1.24507E-2,-1.49136E-2,-1.26826E-2,-1.34162E-2,-1.28321E-2,-1.20349E-2,-1.27411E-2,-1.13782E-2,-1.19030E-2,-1.16633E-2,-1.09617E-2,-1.03426E-2,-7.67489E-3,-8.27700E-3,-6.37371E-3,-5.94328E-3,-7.45124E-3,-7.33618E-3,-6.08552E-3,-5.63340E-3,-5.72044E-3,-5.51016E-3,-4.28616E-3,-4.88064E-3,-4.68264E-3,-4.38971E-3,-5.80656E-3,-4.72920E-3,-3.62457E-3,-4.60705E-3,-5.21360E-3,-3.78558E-3,-3.10880E-3,-2.76891E-3,-2.73289E-3,-2.48655E-3,-1.69482E-3,-2.55902E-3,-1.77509E-3,-3.55016E-4,-1.08192E-3,-5.50277E-4,-1.05409E-4,-6.11147E-4,-2.80149E-5,-1.36429E-3,-1.14698E-4,-1.18416E-3,-1.93650E-3,-2.09916E-3,-2.63139E-3,-2.26318E-3,-1.94050E-3,-2.11397E-3,-3.30891E-3,-3.48844E-3,-4.03699E-3,-3.98156E-3,-3.50174E-3,-4.10216E-3,-4.29356E-3,-4.89523E-3,-4.66436E-3,-3.92191E-3,-4.81712E-3,-5.14877E-3,-4.61721E-3,-5.22708E-3,-5.92705E-3,-5.17039E-3,-5.07375E-3,-4.96647E-3,-6.04976E-3,-5.11003E-3,-5.28964E-3,-5.71957E-3,-5.27787E-3,-4.34764E-3,-5.65514E-3,-5.39976E-3,-4.17485E-3,-4.70809E-3,-4.91489E-3,-4.59068E-3,-4.77890E-3,-5.26250E-3,-4.11129E-3,-3.99314E-3,-4.60357E-3,-4.52792E-3,-4.00841E-3,-2.93588E-3,-3.22029E-3,-2.83032E-3,-2.58097E-3,-1.68316E-3,-1.25970E-3,-2.04465E-3,-1.27601E-3,-3.23681E-4,-1.19599E-3,-7.16454E-4,-1.58592E-3,-8.10318E-4,-1.65550E-3,-1.49973E-3,-2.18782E-3,-2.92033E-3,-2.75112E-3,-3.19226E-3,-3.70725E-3,-4.10700E-3,-3.20633E-3,-3.60347E-3,-2.97805E-3,-2.44837E-3
1.41174E+3,-5.95646E-5,-1.30952E-4,4.69567E-4,-9.09010E-4,2.93454E-5,4.15599E-4,9.95558E-4,8.62855E-5,-5.49933E-4,-1.53993E-4,-2.03431E-5,-8.87292E-5,-3.11560E-4,3.40327E-4,-1.12596E-4,5.80016E-4,1.64860E-3,3.15676E-3,3.22752E-3,4.68850E-3,8.62394E-3,1.16687E-2,1.40114E-2,1.47244E-2,1.58013E-2,1.40490E-2,1.13845E-2,6.76273E-3,6.15156E-3,2.08902E-3,-2.49695E-3,-1.16945E-2,-1.98443E-2,-2.07012E-2,-2.75786E-2,-2.98296E-2,-2.74240E-2,-2.45771E-2,-2.51604E-2,-2.38686E-2,-2.41484E-2,-2.36044E-2,-2.18750E-2,-1.78389E-2,-1.69975E-2,-1.91727E-2,-2.00914E-2,-1.32293E-2,-1.44816E-2,-1.31253E-2,-1.67790E-2,-1.25864E-2,-1.52937E-2,-1.29381E-2,-1.36531E-2,-1.30518E-2,-1.21883E-2,-1.29260E-2,-1.15250E-2,-1.20338E-2,-1.16611E-2,-1.11812E-2,-1.05726E-2,-7.79431E-3,-8.16112E-3,-6.60364E-3,-5.93928E-3,-7.43309E-3,-7.51054E-3,-6.19679E-3,-5.62090E-3,-6.05065E-3,-6.00220E-3,-4.77108E-3,-5.17922E-3,-4.95197E-3,-4.80865E-3,-5.81449E-3,-4.78682E-3,-3.89273E-3,-4.84354E-3,-5.24824E-3,-3.98778E-3,-3.42695E-3,-2.48107E-3,-3.07079E-3,-2.34422E-3,-1.61623E-3,-2.85134E-3,-2.11214E-3,-6.27857E-4,-9.88103E-4,-3.16936E-4,-3.66232E-4,-6.23889E-4,-4.24604E-5,-1.40906E-3,-1.33662E-4,-1.04850E-3,-2.09501E-3,-1.88497E-3,-2.65329E-3,-2.06110E-3,-1.77205E-3,-2.36031E-3,-3.19012E-3,-3.53164E-3,-3.91587E-3,-3.93030E-3,-3.57267E-3,-4.16917E-3,-4.06031E-3,-4.81764E-3,-4.42816E-3,-4.34791E-3,-4.48935E-3,-5.21427E-3,-4.54973E-3,-5.08091E-3,-5.80239E-3,-5.07922E-3,-4.98935E-3,-5.15210E-3,-6.13690E-3,-5.29166E-3,-5.35907E-3,-5.52629E-3,-5.54665E-3,-4.71584E-3,-5.62527E-3,-5.38940E-3,-4.12529E-3,-5.03595E-3,-4.91467E-3,-4.75088E-3,-4.48056E-3,-5.03957E-3,-3.92390E-3,-4.08919E-3,-4.53708E-3,-4.34567E-3,-3.92117E-3,-2.75297E-3,-3.31647E-3,-2.61524E-3,-2.28604E-3,-1.01200E-3,-1.18461E-3,-2.11568E-3,-1.05132E-3,-5.35103E-4,-1.27930E-3,-5.88126E-4,-1.55551E-3,-6.71683E-4,-1.69613E-3,-1.41378E-3,-2.14781E-3,-2.92029E-3,-2.39951E-3,-3.11536E-3,-3.38784E-3,-3.92926E-3,-3.05368E-3,-3.68069E-3,-2.83354E-3,-2.52196E-3
1.41526E+3,-4.32752E-4,-4.51889E-4,4.77423E-4,-4.95282E-4,1.21205E-4,4.39790E-4,1.11273E-3,1.66507E-4,-1.70931E-4,1.73844E-5,-9.34310E-6,-4.00729E-4,-3.62213E-4,3.05653E-4,-3.17552E-4,4.05730E-4,1.77020E-3,3.11438E-3,2.88493E-3,4.80955E-3,8.52284E-3,1.16010E-2,1.35764E-2,1.40080E-2,1.60986E-2,1.43998E-2,1.21281E-2,8.22514E-3,7.80011E-3,2.72977E-3,-2.59189E-3,-1.23769E-2,-2.11360E-2,-2.17818E-2,-2.84963E-2,-3.05584E-2,-2.81369E-2,-2.53240E-2,-2.58468E-2,-2.44417E-2,-2.44459E-2,-2.40760E-2,-2.19545E-2,-1.80257E-2,-1.73082E-2,-1.95530E-2,-2.04611E-2,-1.38900E-2,-1.47500E-2,-1.31672E-2,-1.71780E-2,-1.26836E-2,-1.57116E-2,-1.33805E-2,-1.40364E-2,-1.37142E-2,-1.28117E-2,-1.34161E-2,-1.16926E-2,-1.23898E-2,-1.21746E-2,-1.13268E-2,-1.14272E-2,-8.42302E-3,-8.61201E-3,-7.07503E-3,-6.13773E-3,-7.85271E-3,-7.81120E-3,-6.57559E-3,-6.00747E-3,-6.09386E-3,-6.18922E-3,-5.01877E-3,-5.12202E-3,-4.88324E-3,-4.95058E-3,-6.05014E-3,-5.00516E-3,-4.27895E-3,-5.13758E-3,-5.66472E-3,-4.06473E-3,-3.43780E-3,-2.96412E-3,-3.06976E-3,-2.52186E-3,-1.69442E-3,-3.03647E-3,-2.53609E-3,-7.29806E-4,-1.04740E-3,-3.01051E-4,-1.51389E-4,-8.22292E-4,-2.93508E-4,-1.87579E-3,-1.52580E-5,-1.24701E-3,-2.02475E-3,-1.82799E-3,-2.87155E-3,-2.41941E-3,-2.21278E-3,-2.11481E-3,-3.31787E-3,-3.64314E-3,-3.75810E-3,-3.87276E-3,-3.50043E-3,-4.07520E-3,-4.28772E-3,-4.86428E-3,-4.72735E-3,-3.95867E-3,-4.58870E-3,-5.12568E-3,-4.81078E-3,-5.24360E-3,-6.02258E-3,-5.08299E-3,-4.96346E-3,-5.20206E-3,-6.28800E-3,-5.23933E-3,-5.42346E-3,-5.59038E-3,-5.39016E-3,-4.40412E-3,-5.90988E-3,-5.28587E-3,-4.23693E-3,-4.91430E-3,-4.78992E-3,-4.67175E-3,-4.74007E-3,-4.78046E-3,-4.00339E-3,-3.99602E-3,-4.39737E-3,-4.48185E-3,-4.19167E-3,-2.70092E-3,-3.35256E-3,-2.72872E-3,-2.21924E-3,-1.21995E-3,-1.24000E-3,-1.84429E-3,-1.07541E-3,-3.98840E-4,-1.40172E-3,-5.39300E-4,-1.48561E-3,-5.25836E-4,-1.67322E-3,-1.41824E-3,-1.88845E-3,-2.93650E-3,-2.46408E-3,-3.22843E-3,-3.71556E-3,-3.73478E-3,-2.90066E-3,-3.84202E-3,-2.87889E-3,-2.51015E-3
1.41878E+3,-3.98916E-4,-3.09920E-4,4.67582E-4,-9.00877E-4,1.68762E-4,8.05421E-4,8.26099E-4,6.58657E-5,-2.83329E-7,4.68058E-5,7.71157E-5,-5.48549E-4,-2.81745E-4,2.01371E-4,-2.18732E-4,3.96419E-4,1.51544E-3,2.95642E-3,3.10624E-3,4.71542E-3,8.57665E-3,1.17855E-2,1.36200E-2,1.45848E-2,1.63952E-2,1.58818E-2,1.48915E-2,1.05869E-2,9.59106E-3,3.70295E-3,-2.71421E-3,-1.32912E-2,-2.25453E-2,-2.25875E-2,-2.92180E-2,-3.11534E-2,-2.85776E-2,-2.57799E-2,-2.61485E-2,-2.47006E-2,-2.51413E-2,-2.46624E-2,-2.27180E-2,-1.84441E-2,-1.76885E-2,-2.01020E-2,-2.08921E-2,-1.41120E-2,-1.51612E-2,-1.37602E-2,-1.75953E-2,-1.30847E-2,-1.57263E-2,-1.33647E-2,-1.45964E-2,-1.38911E-2,-1.28684E-2,-1.39325E-2,-1.20660E-2,-1.34601E-2,-1.25241E-2,-1.18084E-2,-1.11188E-2,-8.51293E-3,-8.60230E-3,-7.09062E-3,-6.53308E-3,-8.11075E-3,-7.93623E-3,-6.81282E-3,-6.19349E-3,-6.41849E-3,-6.31197E-3,-5.21934E-3,-5.26309E-3,-5.20843E-3,-5.05310E-3,-6.25594E-3,-5.32016E-3,-4.31575E-3,-4.99115E-3,-5.92355E-3,-4.57020E-3,-3.45795E-3,-3.04009E-3,-3.36340E-3,-2.96737E-3,-1.89505E-3,-2.99240E-3,-2.29703E-3,-8.78494E-4,-1.24406E-3,-6.78092E-4,-2.85484E-4,-1.05941E-3,-5.09970E-4,-1.74811E-3,-2.93479E-4,-1.34926E-3,-2.06095E-3,-1.92875E-3,-2.82696E-3,-2.48403E-3,-2.16721E-3,-2.37306E-3,-3.52895E-3,-3.45725E-3,-3.74583E-3,-3.90448E-3,-3.37151E-3,-4.19977E-3,-4.36281E-3,-4.72419E-3,-4.62051E-3,-4.17168E-3,-4.69404E-3,-5.17902E-3,-4.77257E-3,-5.45185E-3,-5.92309E-3,-5.07013E-3,-5.05981E-3,-5.06604E-3,-5.99989E-3,-5.11142E-3,-5.09380E-3,-5.56001E-3,-5.51722E-3,-4.60631E-3,-5.82750E-3,-5.37533E-3,-4.00452E-3,-4.88402E-3,-4.52259E-3,-4.74922E-3,-4.58119E-3,-4.82293E-3,-3.71576E-3,-3.80583E-3,-4.42032E-3,-4.36287E-3,-3.89168E-3,-2.67284E-3,-3.23803E-3,-2.59410E-3,-2.25644E-3,-1.36610E-3,-1.04360E-3,-2.17410E-3,-8.12703E-4,-3.60719E-4,-1.29607E-3,-4.53690E-4,-1.57076E-3,-8.93159E-4,-1.78751E-3,-1.13116E-3,-2.30022E-3,-3.09072E-3,-2.47973E-3,-3.36037E-3,-3.52690E-3,-3.69228E-3,-3.25088E-3,-3.61376E-3,-2.99913E-3,-2.43044E-3
1.42229E+3,-3.67929E-4,-3.10336E-4,7.17948E-4,-1.01360E-3,1.62478E-4,5.27311E-4,6.78898E-4,3.99009E-4,-1.44168E-4,3.09441E-5,2.59032E-4,-6.73153E-4,-1.49672E-4,1.40110E-4,-2.56875E-4,4.80744E-4,1.50202E-3,2.94008E-3,3.09394E-3,5.12768E-3,8.40084E-3,1.21295E-2,1.40840E-2,1.48266E-2,1.81919E-2,1.79012E-2,1.76989E-2,1.29627E-2,1.11257E-2,4.42281E-3,-3.29894E-3,-1.45352E-2,-2.37989E-2,-2.39543E-2,-3.02394E-2,-3.21546E-2,-2.95691E-2,-2.66600E-2,-2.69569E-2,-2.52824E-2,-2.58791E-2,-2.51601E-2,-2.32931E-2,-1.89016E-2,-1.86019E-2,-2.07085E-2,-2.15381E-2,-1.51678E-2,-1.57790E-2,-1.43752E-2,-1.82730E-2,-1.39071E-2,-1.67671E-2,-1.41737E-2,-1.48117E-2,-1.46343E-2,-1.35921E-2,-1.43925E-2,-1.27695E-2,-1.32993E-2,-1.30282E-2,-1.23983E-2,-1.19088E-2,-8.96038E-3,-9.16246E-3,-7.48346E-3,-6.77805E-3,-8.35968E-3,-8.64713E-3,-7.18512E-3,-6.91203E-3,-6.65488E-3,-6.85188E-3,-5.59725E-3,-5.89645E-3,-5.68462E-3,-5.59437E-3,-6.90468E-3,-5.66155E-3,-4.63462E-3,-5.54833E-3,-6.45038E-3,-5.08236E-3,-4.01150E-3,-3.37340E-3,-3.63641E-3,-3.23062E-3,-2.50839E-3,-3.37866E-3,-2.76973E-3,-9.63098E-4,-1.64178E-3,-6.71460E-4,-5.78450E-4,-1.07090E-3,-4.49088E-4,-1.77802E-3,-4.80479E-4,-1.41125E-3,-2.47629E-3,-2.21679E-3,-3.16774E-3,-2.50456E-3,-2.21650E-3,-2.44342E-3,-3.43005E-3,-3.54522E-3,-4.05138E-3,-3.88860E-3,-3.47299E-3,-3.95670E-3,-4.46076E-3,-4.68465E-3,-4.69737E-3,-4.11768E-3,-4.52047E-3,-5.19548E-3,-4.56261E-3,-5.47043E-3,-6.01590E-3,-5.41929E-3,-4.78344E-3,-4.87256E-3,-6.18600E-3,-5.25013E-3,-5.24297E-3,-5.29244E-3,-5.33175E-3,-4.50032E-3,-5.36350E-3,-5.33063E-3,-4.37001E-3,-4.87524E-3,-4.56413E-3,-4.44238E-3,-4.54390E-3,-4.86277E-3,-3.97788E-3,-3.65660E-3,-4.25217E-3,-4.14505E-3,-4.18234E-3,-2.28765E-3,-3.36498E-3,-2.75725E-3,-2.03378E-3,-1.18749E-3,-8.46846E-4,-1.93082E-3,-1.06718E-3,-2.68915E-4,-1.33844E-3,-4.96228E-4,-1.54901E-3,-5.30780E-4,-1.58445E-3,-1.02287E-3,-2.11110E-3,-3.03035E-3,-2.24844E-3,-3.25704E-3,-3.39270E-3,-3.43494E-3,-3.03762E-3,-3.50345E-3,-2.79509E-3,-2.49221E-3
1.42581E+3,-4.03331E-4,-3.68015E-4,6.86365E-4,-9.26085E-4,3.31748E-5,6.85889E-4,5.99719E-4,4.37243E-4,-9.95618E-6,-1.78783E-4,1.97504E-4,-4.09619E-4,-2.31420E-4,1.20704E-4,-2.33390E-4,4.21443E-4,1.59485E-3,2.98326E-3,3.17651E-3,5.26511E-3,8.67287E-3,1.30840E-2,1.44782E-2,1.60497E-2,2.01925E-2,2.12601E-2,2.15356E-2,1.65958E-2,1.31268E-2,4.57929E-3,-4.11618E-3,-1.52692E-2,-2.49377E-2,-2.49952E-2,-3.10672E-2,-3.23553E-2,-2.99338E-2,-2.68916E-2,-2.74741E-2,-2.58818E-2,-2.60756E-2,-2.54275E-2,-2.35787E-2,-1.90185E-2,-1.84057E-2,-2.06430E-2,-2.19203E-2,-1.52219E-2,-1.61348E-2,-1.47021E-2,-1.87183E-2,-1.38812E-2,-1.69549E-2,-1.43854E-2,-1.54577E-2,-1.46084E-2,-1.35089E-2,-1.46891E-2,-1.29400E-2,-1.36492E-2,-1.33386E-2,-1.27938E-2,-1.19435E-2,-9.69228E-3,-9.47417E-3,-8.10336E-3,-7.32188E-3,-8.81110E-3,-8.81329E-3,-7.51922E-3,-6.62597E-3,-7.00978E-3,-6.69881E-3,-5.77885E-3,-5.92622E-3,-6.06535E-3,-5.64987E-3,-7.19711E-3,-5.92230E-3,-4.95292E-3,-6.01157E-3,-6.78549E-3,-4.92823E-3,-4.17664E-3,-3.99800E-3,-3.89901E-3,-3.51883E-3,-2.26139E-3,-3.32466E-3,-3.01854E-3,-9.04704E-4,-1.42188E-3,-8.86219E-4,-4.80041E-4,-1.17958E-3,-7.54779E-4,-1.62263E-3,-1.33110E-4,-1.18953E-3,-2.41974E-3,-1.97336E-3,-3.00798E-3,-2.20901E-3,-1.98786E-3,-2.24112E-3,-3.54526E-3,-3.78724E-3,-4.02144E-3,-3.97654E-3,-3.30495E-3,-4.05294E-3,-4.54838E-3,-4.79207E-3,-4.66693E-3,-4.16685E-3,-4.33247E-3,-5.26422E-3,-4.46461E-3,-5.17867E-3,-5.82580E-3,-5.39445E-3,-5.08790E-3,-4.73778E-3,-6.04963E-3,-5.13311E-3,-5.20862E-3,-5.53642E-3,-5.33215E-3,-4.28686E-3,-5.59869E-3,-5.26861E-3,-4.24256E-3,-5.04169E-3,-4.41135E-3,-4.55252E-3,-4.62407E-3,-4.85800E-3,-3.81117E-3,-3.92268E-3,-4.42975E-3,-3.86656E-3,-3.95039E-3,-2.58064E-3,-3.40799E-3,-2.90788E-3,-2.17755E-3,-1.61952E-3,-9.68539E-4,-2.07349E-3,-9.04624E-4,-1.07106E-4,-1.15934E-3,-6.71284E-4,-1.65042E-3,-7.88466E-4,-1.91133E-3,-8.76524E-4,-1.94931E-3,-3.13341E-3,-2.61207E-3,-3.03541E-3,-3.18051E-3,-3.34147E-3,-2.76741E-3,-3.52037E-3,-2.81094E-3,-2.30925E-3
1.42933E+3,-4.75523E-4,-4.62529E-4,7.11703E-4,-1.04669E-3,-9.95852E-5,7.62358E-4,5.34378E-4,5.71030E-4,8.62200E-5,7.06177E-5,-7.27693E-5,-4.93000E-4,-3.06804E-4,3.18023E-4,-9.74254E-5,1.82714E-4,1.38864E-3,3.13938E-3,3.46910E-3,5.11866E-3,8.58747E-3,1.29757E-2,1.48500E-2,1.75236E-2,2.27887E-2,2.46980E-2,2.47687E-2,1.86561E-2,1.43287E-2,4.35633E-3,-5.51227E-3,-1.67474E-2,-2.62495E-2,-2.58383E-2,-3.17623E-2,-3.33700E-2,-3.02259E-2,-2.72008E-2,-2.76498E-2,-2.61426E-2,-2.66425E-2,-2.58345E-2,-2.40172E-2,-1.92681E-2,-1.87779E-2,-2.14216E-2,-2.21416E-2,-1.51335E-2,-1.65520E-2,-1.50099E-2,-1.87634E-2,-1.41181E-2,-1.67694E-2,-1.46176E-2,-1.55957E-2,-1.50430E-2,-1.38768E-2,-1.50013E-2,-1.31421E-2,-1.41375E-2,-1.34909E-2,-1.27850E-2,-1.22149E-2,-9.72683E-3,-9.66080E-3,-8.26093E-3,-7.41529E-3,-9.02838E-3,-8.94508E-3,-7.27305E-3,-7.18771E-3,-7.42455E-3,-6.81622E-3,-5.71077E-3,-6.16161E-3,-5.97572E-3,-6.22289E-3,-7.65896E-3,-6.09751E-3,-4.72097E-3,-5.83445E-3,-6.70995E-3,-5.28258E-3,-4.17700E-3,-3.74950E-3,-3.98110E-3,-3.62790E-3,-2.66259E-3,-3.60795E-3,-2.97306E-3,-1.24241E-3,-1.56403E-3,-9.96504E-4,-7.08734E-4,-1.33388E-3,-4.05883E-4,-1.66760E-3,-7.52829E-4,-1.62468E-3,-2.41557E-3,-2.09921E-3,-3.17276E-3,-2.51057E-3,-2.15442E-3,-2.08908E-3,-3.32169E-3,-3.80709E-3,-4.28049E-3,-4.38386E-3,-3.22992E-3,-4.44507E-3,-4.63165E-3,-4.74352E-3,-4.64085E-3,-4.25024E-3,-4.65592E-3,-5.23118E-3,-4.26020E-3,-5.45414E-3,-5.83618E-3,-5.12980E-3,-4.98729E-3,-4.67200E-3,-6.18756E-3,-5.25391E-3,-5.21462E-3,-5.39815E-3,-5.41830E-3,-4.12815E-3,-5.75306E-3,-5.37445E-3,-4.53804E-3,-4.82706E-3,-4.77015E-3,-4.52071E-3,-4.51904E-3,-4.79448E-3,-3.65997E-3,-3.81018E-3,-4.46036E-3,-3.91693E-3,-4.09756E-3,-2.46635E-3,-3.22101E-3,-2.79872E-3,-2.35203E-3,-1.41964E-3,-7.20729E-4,-2.11467E-3,-8.54619E-4,-3.45242E-5,-1.24560E-3,-6.98553E-4,-1.51025E-3,-4.03647E-4,-1.79894E-3,-1.16494E-3,-1.90129E-3,-3.05376E-3,-2.39629E-3,-3.26217E-3,-3.23113E-3,-3.49660E-3,-2.76338E-3,-3.73545E-3,-2.62868E-3,-2.37151E-3
1.43285E+3,-4.12081E-4,-2.80509E-4,6.96642E-4,-8.73847E-4,1.54345E-4,6.24154E-4,5.66617E-4,5.61729E-4,-1.94854E-4,-2.44411E-4,2.56101E-5,-1.65657E-4,-1.84716E-4,1.28126E-4,-4.01149E-4,3.33308E-4,1.72630E-3,3.16598E-3,3.96865E-3,5.50431E-3,8.50311E-3,1.34584E-2,1.58572E-2,1.97903E-2,2.65220E-2,2.89133E-2,2.82397E-2,2.09317E-2,1.45590E-2,3.33758E-3,-7.01598E-3,-1.86179E-2,-2.70669E-2,-2.68758E-2,-3.20368E-2,-3.38312E-2,-3.08622E-2,-2.76194E-2,-2.79785E-2,-2.63274E-2,-2.69259E-2,-2.56230E-2,-2.44025E-2,-1.94348E-2,-1.91106E-2,-2.14159E-2,-2.24670E-2,-1.55464E-2,-1.66032E-2,-1.50654E-2,-1.94860E-2,-1.43451E-2,-1.73763E-2,-1.46507E-2,-1.58547E-2,-1.49601E-2,-1.40033E-2,-1.51388E-2,-1.33050E-2,-1.46599E-2,-1.38738E-2,-1.29395E-2,-1.21073E-2,-9.67358E-3,-9.63188E-3,-8.24401E-3,-7.29815E-3,-9.06730E-3,-8.96120E-3,-7.64606E-3,-7.06921E-3,-7.29375E-3,-7.20721E-3,-5.86474E-3,-6.34491E-3,-5.92135E-3,-5.82619E-3,-7.60993E-3,-6.13852E-3,-5.17154E-3,-6.18810E-3,-7.03256E-3,-5.09446E-3,-4.12615E-3,-3.80427E-3,-3.76381E-3,-3.44129E-3,-2.65283E-3,-3.83261E-3,-3.17962E-3,-1.11726E-3,-1.68534E-3,-7.08407E-4,-6.69226E-4,-1.44563E-3,-8.88510E-4,-1.76831E-3,-4.25597E-4,-1.33183E-3,-2.33133E-3,-2.11447E-3,-3.41568E-3,-2.01447E-3,-2.18279E-3,-2.23147E-3,-3.48580E-3,-3.90875E-3,-3.86033E-3,-4.17894E-3,-3.27458E-3,-4.33351E-3,-4.23276E-3,-4.55911E-3,-4.71765E-3,-4.29001E-3,-4.42541E-3,-5.09499E-3,-4.48462E-3,-5.12324E-3,-5.83075E-3,-4.87420E-3,-5.09987E-3,-4.74764E-3,-6.05771E-3,-5.02851E-3,-5.06737E-3,-5.43707E-3,-5.65492E-3,-4.23650E-3,-5.37630E-3,-5.44305E-3,-4.15871E-3,-4.59617E-3,-4.55622E-3,-4.28523E-3,-4.37014E-3,-4.55277E-3,-3.75773E-3,-3.67860E-3,-4.07738E-3,-3.98062E-3,-4.05003E-3,-2.40311E-3,-3.32781E-3,-2.68913E-3,-2.34761E-3,-1.34419E-3,-7.35417E-4,-2.04396E-3,-8.96584E-4,-8.96958E-5,-1.23285E-3,-5.04085E-4,-1.06928E-3,-6.46406E-4,-1.86357E-3,-9.78138E-4,-1.72503E-3,-2.88270E-3,-1.95429E-3,-3.24556E-3,-3.31605E-3,-3.48244E-3,-2.61718E-3,-3.39667E-3,-2.90135E-3,-2.08887E-3
1.43638E+3,-3.65294E-4,-3.90708E-4,6.86077E-4,-9.02705E-4,2.88708E-4,7.22453E-4,5.66813E-4,5.94269E-4,2.59704E-4,-5.96567E-5,5.43641E-6,-6.26142E-4,-5.24906E-4,1.03295E-4,-3.57347E-4,2.52779E-4,1.76301E-3,3.28414E-3,3.88356E-3,5.39386E-3,8.46241E-3,1.44777E-2,1.74483E-2,2.27042E-2,3.04776E-2,3.29048E-2,3.16502E-2,2.23221E-2,1.45052E-2,2.50340E-3,-9.16597E-3,-2.01632E-2,-2.88665E-2,-2.75339E-2,-3.30873E-2,-3.40897E-2,-3.10069E-2,-2.81700E-2,-2.84085E-2,-2.69314E-2,-2.74280E-2,-2.59990E-2,-2.45397E-2,-1.97410E-2,-1.91415E-2,-2.15696E-2,-2.27798E-2,-1.58164E-2,-1.65952E-2,-1.56197E-2,-1.94719E-2,-1.44485E-2,-1.74445E-2,-1.51271E-2,-1.60804E-2,-1.57916E-2,-1.40708E-2,-1.51259E-2,-1.34933E-2,-1.48557E-2,-1.39156E-2,-1.33504E-2,-1.25857E-2,-9.92286E-3,-9.82788E-3,-8.35063E-3,-7.17164E-3,-9.06216E-3,-9.26706E-3,-7.43809E-3,-7.14567E-3,-7.43669E-3,-7.21517E-3,-6.14061E-3,-6.40705E-3,-6.26566E-3,-6.38143E-3,-7.40873E-3,-6.14354E-3,-5.21587E-3,-6.39047E-3,-7.10836E-3,-5.38430E-3,-4.25175E-3,-3.78550E-3,-4.08673E-3,-3.43727E-3,-2.67766E-3,-3.46902E-3,-2.94317E-3,-1.26314E-3,-1.75136E-3,-1.25803E-3,-6.92529E-4,-1.57944E-3,-5.58830E-4,-1.56191E-3,-3.31812E-4,-1.47337E-3,-2.44815E-3,-1.81368E-3,-3.14669E-3,-2.20796E-3,-1.99416E-3,-2.16526E-3,-3.48736E-3,-3.62564E-3,-3.96604E-3,-4.22506E-3,-3.04313E-3,-4.25259E-3,-4.23371E-3,-4.81131E-3,-4.34285E-3,-4.14130E-3,-4.52393E-3,-5.14824E-3,-4.04176E-3,-5.33751E-3,-5.81248E-3,-4.92080E-3,-5.03092E-3,-4.56810E-3,-6.17900E-3,-4.87383E-3,-5.14424E-3,-5.10514E-3,-5.28221E-3,-4.49572E-3,-5.64262E-3,-5.46073E-3,-4.27874E-3,-4.60223E-3,-4.53824E-3,-4.36369E-3,-4.36036E-3,-4.49237E-3,-3.65858E-3,-3.37934E-3,-4.33085E-3,-3.86008E-3,-4.07836E-3,-2.36018E-3,-2.96839E-3,-2.40970E-3,-2.19087E-3,-1.14484E-3,-8.05744E-4,-1.93175E-3,-1.03849E-3,-2.39682E-4,-1.38051E-3,-5.51183E-4,-1.46975E-3,-4.80195E-4,-1.85051E-3,-8.00693E-4,-1.87055E-3,-2.91985E-3,-2.31317E-3,-3.21927E-3,-3.13328E-3,-3.56666E-3,-2.56810E-3,-3.03966E-3,-2.80453E-3,-2.08912E-3
1.43990E+3,-5.33312E-4,-2.24428E-4,5.62487E-4,-1.05617E-3,1.71831E-4,1.01326E-3,7.87350E-4,4.40796E-4,7.69377E-5,-1.76053E-4,-2.65145E-4,-2.34665E-4,-5.65759E-4,3.89756E-4,-3.86888E-4,2.06283E-4,1.91823E-3,3.34316E-3,3.95556E-3,5.01573E-3,8.24233E-3,1.47662E-2,1.98562E-2,2.68922E-2,3.55031E-2,3.73735E-2,3.44735E-2,2.28662E-2,1.27096E-2,-4.12619E-4,-1.20750E-2,-2.28535E-2,-3.05359E-2,-2.90359E-2,-3.43406E-2,-3.50383E-2,-3.18371E-2,-2.84421E-2,-2.89556E-2,-2.76142E-2,-2.77003E-2,-2.65449E-2,-2.48938E-2,-2.00483E-2,-1.99253E-2,-2.21196E-2,-2.34822E-2,-1.63870E-2,-1.70854E-2,-1.60749E-2,-2.03594E-2,-1.51589E-2,-1.81201E-2,-1.56574E-2,-1.64675E-2,-1.61611E-2,-1.46662E-2,-1.59976E-2,-1.40001E-2,-1.51824E-2,-1.44065E-2,-1.36966E-2,-1.28740E-2,-1.03566E-2,-1.01521E-2,-9.03971E-3,-7.78721E-3,-9.76172E-3,-9.86399E-3,-7.92924E-3,-7.74475E-3,-7.96631E-3,-7.90989E-3,-6.59216E-3,-6.87271E-3,-6.23287E-3,-6.16723E-3,-7.88470E-3,-6.54354E-3,-5.64211E-3,-6.50975E-3,-7.41781E-3,-5.54214E-3,-4.49780E-3,-3.89278E-3,-4.41941E-3,-4.08689E-3,-2.87386E-3,-3.97157E-3,-3.43755E-3,-1.32702E-3,-1.76855E-3,-1.05214E-3,-8.38745E-4,-1.78882E-3,-6.74507E-4,-1.62677E-3,-4.96212E-4,-1.63490E-3,-2.68708E-3,-2.05724E-3,-3.02583E-3,-2.36922E-3,-1.98799E-3,-2.49772E-3,-3.92879E-3,-3.75022E-3,-4.11533E-3,-4.21920E-3,-3.15886E-3,-4.41914E-3,-4.33542E-3,-4.64421E-3,-4.24331E-3,-4.16782E-3,-4.26524E-3,-5.04890E-3,-4.32116E-3,-5.52119E-3,-5.68021E-3,-4.82985E-3,-4.72874E-3,-4.83267E-3,-6.16009E-3,-5.13746E-3,-5.06054E-3,-5.26907E-3,-5.10286E-3,-4.33919E-3,-5.55249E-3,-5.29692E-3,-4.24993E-3,-4.40037E-3,-4.44236E-3,-4.50823E-3,-4.38589E-3,-4.42408E-3,-3.73806E-3,-3.56299E-3,-4.22111E-3,-3.67495E-3,-3.99634E-3,-2.37560E-3,-3.40609E-3,-2.48880E-3,-2.32477E-3,-1.29173E-3,-7.70147E-4,-1.93966E-3,-8.78995E-4,2.94640E-4,-1.07724E-3,-7.91949E-4,-1.73927E-3,-5.42606E-4,-1.73397E-3,-9.66237E-4,-1.72731E-3,-2.71542E-3,-2.13121E-3,-2.86474E-3,-3.03207E-3,-3.21556E-3,-2.26857E-3,-3.18807E-3,-2.55156E-3,-1.93238E-3
1.44342E+3,-5.69362E-4,-2.37689E-4,7.24771E-4,-1.27143E-3,1.94967E-6,5.23354E-4,1.00857E-3,4.29116E-4,5.59443E-4,-6.41696E-5,6.57934E-5,-6.27994E-4,-5.15399E-4,2.62065E-4,-2.89013E-4,4.60651E-4,1.53115E-3,3.16037E-3,3.76218E-3,4.64373E-3,8.07324E-3,1.63304E-2,2.22366E-2,3.13805E-2,4.04211E-2,4.08291E-2,3.62824E-2,2.30201E-2,1.08893E-2,-2.25198E-3,-1.45352E-2,-2.42784E-2,-3.18738E-2,-3.00520E-2,-3.46706E-2,-3.53628E-2,-3.20284E-2,-2.90004E-2,-2.93550E-2,-2.75285E-2,-2.81294E-2,-2.67370E-2,-2.54207E-2,-2.03515E-2,-2.00189E-2,-2.23188E-2,-2.38930E-2,-1.67185E-2,-1.72726E-2,-1.60634E-2,-2.04838E-2,-1.50979E-2,-1.77953E-2,-1.55164E-2,-1.67324E-2,-1.62161E-2,-1.45479E-2,-1.59216E-2,-1.38507E-2,-1.54083E-2,-1.44544E-2,-1.38570E-2,-1.31446E-2,-1.02285E-2,-1.03979E-2,-9.09246E-3,-7.93851E-3,-9.69982E-3,-9.62245E-3,-8.34837E-3,-7.53570E-3,-7.76971E-3,-7.62998E-3,-6.77420E-3,-6.81522E-3,-6.31340E-3,-6.18356E-3,-7.96154E-3,-6.63320E-3,-5.59617E-3,-6.62456E-3,-7.37960E-3,-5.66712E-3,-4.45520E-3,-4.12095E-3,-4.19624E-3,-4.06856E-3,-2.87549E-3,-3.75901E-3,-3.29314E-3,-1.25537E-3,-1.89889E-3,-1.34310E-3,-9.96038E-4,-1.85963E-3,-1.06885E-3,-1.87498E-3,-4.47832E-4,-1.56370E-3,-2.97792E-3,-1.96622E-3,-3.44932E-3,-2.44771E-3,-2.09012E-3,-2.37977E-3,-3.49569E-3,-3.50886E-3,-4.30763E-3,-4.17679E-3,-3.02743E-3,-4.22563E-3,-4.73515E-3,-4.61137E-3,-4.47837E-3,-4.35824E-3,-4.41960E-3,-5.32079E-3,-3.91660E-3,-5.50481E-3,-6.02776E-3,-5.00110E-3,-4.65593E-3,-4.54488E-3,-5.88165E-3,-4.94506E-3,-5.06161E-3,-5.40964E-3,-5.40375E-3,-4.03722E-3,-5.24002E-3,-5.47241E-3,-4.20290E-3,-4.63774E-3,-4.28109E-3,-4.39342E-3,-4.44954E-3,-4.58832E-3,-3.96419E-3,-3.49652E-3,-4.02960E-3,-3.76377E-3,-3.97022E-3,-2.21733E-3,-3.51658E-3,-2.68644E-3,-1.89084E-3,-1.18761E-3,-8.04764E-4,-1.81089E-3,-8.24722E-4,-6.34804E-5,-1.16510E-3,-5.33366E-4,-1.33214E-3,-3.77407E-4,-1.77331E-3,-6.22888E-4,-1.55818E-3,-3.24825E-3,-2.42934E-3,-2.89070E-3,-3.22715E-3,-3.03501E-3,-2.58587E-3,-3.14278E-3,-2.82854E-3,-1.84226E-3
1.44694E+3,-5.95524E-4,-6.15613E-4,6.93579E-4,-8.84894E-4,-2.87487E-5,9.41660E-4,7.07745E-4,5.17150E-4,3.00357E-4,-9.02150E-6,-5.83982E-5,-3.50896E-4,-3.61841E-4,-1.93386E-5,-2.36215E-4,3.00776E-4,1.98024E-3,3.39869E-3,3.51029E-3,4.61559E-3,9.29677E-3,1.89302E-2,2.63817E-2,3.75230E-2,4.62308E-2,4.46240E-2,3.78361E-2,2.16282E-2,8.07870E-3,-5.59315E-3,-1.78074E-2,-2.72624E-2,-3.39974E-2,-3.11602E-2,-3.59277E-2,-3.62308E-2,-3.25465E-2,-2.94815E-2,-2.97552E-2,-2.82918E-2,-2.87254E-2,-2.73234E-2,-2.54713E-2,-2.05491E-2,-2.05978E-2,-2.29801E-2,-2.39856E-2,-1.73594E-2,-1.75646E-2,-1.63587E-2,-2.08283E-2,-1.59182E-2,-1.83521E-2,-1.60011E-2,-1.67491E-2,-1.67444E-2,-1.51586E-2,-1.62802E-2,-1.44024E-2,-1.59709E-2,-1.51338E-2,-1.42544E-2,-1.37287E-2,-1.10446E-2,-1.08338E-2,-9.60925E-3,-8.17244E-3,-1.00603E-2,-1.01647E-2,-8.38783E-3,-7.93132E-3,-7.80369E-3,-8.16701E-3,-6.66974E-3,-6.96078E-3,-6.53122E-3,-6.36889E-3,-8.08902E-3,-6.97201E-3,-5.97890E-3,-6.75683E-3,-7.62417E-3,-5.80994E-3,-5.00571E-3,-4.32872E-3,-4.41366E-3,-4.17288E-3,-3.05472E-3,-4.11268E-3,-3.78630E-3,-1.39657E-3,-1.81533E-3,-1.18348E-3,-1.07946E-3,-1.64350E-3,-9.44378E-4,-1.75501E-3,-2.87181E-4,-1.57533E-3,-2.41850E-3,-1.93685E-3,-3.05161E-3,-2.36339E-3,-2.06434E-3,-2.26048E-3,-3.72063E-3,-3.41255E-3,-4.40243E-3,-4.00818E-3,-2.96895E-3,-3.89218E-3,-4.62484E-3,-4.22696E-3,-4.07791E-3,-3.96147E-3,-4.09680E-3,-5.06511E-3,-4.01818E-3,-5.44322E-3,-5.79288E-3,-4.96358E-3,-4.36360E-3,-4.64956E-3,-5.67786E-3,-5.14729E-3,-4.82931E-3,-5.07699E-3,-5.34921E-3,-3.88154E-3,-5.38311E-3,-5.20932E-3,-3.98223E-3,-4.47789E-3,-4.38174E-3,-4.52943E-3,-4.36889E-3,-4.37390E-3,-3.79603E-3,-3.66392E-3,-4.19930E-3,-3.40880E-3,-3.95840E-3,-1.91418E-3,-3.23904E-3,-2.31861E-3,-2.34103E-3,-1.22378E-3,-7.30044E-4,-1.72618E-3,-6.77431E-4,4.56550E-4,-9.69433E-4,-6.55406E-4,-1.42389E-3,-9.78474E-5,-1.99217E-3,-6.94111E-4,-1.66084E-3,-2.87422E-3,-2.32927E-3,-2.95760E-3,-3.15349E-3,-3.25210E-3,-2.13822E-3,-3.34490E-3,-2.72427E-3,-1.81891E-3
1.45047E+3,-3.94465E-4,-6.20098E-4,7.59796E-4,-9.74203E-4,1.56963E-4,5.40216E-4,4.48672E-4,7.33979E-4,3.26280E-4,1.10998E-4,-6.29256E-5,-4.59356E-4,-3.30865E-4,2.05355E-4,-4.40346E-4,5.46944E-4,1.86588E-3,3.46500E-3,3.14735E-3,4.12239E-3,1.00891E-2,2.21659E-2,3.01429E-2,4.24167E-2,5.02161E-2,4.66803E-2,3.71567E-2,1.99121E-2,4.47851E-3,-8.79298E-3,-2.08824E-2,-2.96357E-2,-3.55084E-2,-3.24410E-2,-3.64326E-2,-3.64575E-2,-3.30868E-2,-2.98388E-2,-3.03017E-2,-2.87592E-2,-2.89062E-2,-2.77430E-2,-2.59017E-2,-2.13788E-2,-2.08814E-2,-2.32224E-2,-2.40313E-2,-1.73510E-2,-1.81507E-2,-1.65100E-2,-2.13477E-2,-1.58166E-2,-1.86536E-2,-1.59428E-2,-1.72413E-2,-1.70824E-2,-1.53405E-2,-1.66151E-2,-1.49622E-2,-1.58713E-2,-1.50237E-2,-1.42222E-2,-1.38786E-2,-1.12323E-2,-1.08789E-2,-9.52091E-3,-8.54306E-3,-1.00232E-2,-1.04039E-2,-8.72005E-3,-8.10444E-3,-8.32667E-3,-8.20703E-3,-7.17192E-3,-7.49207E-3,-6.91195E-3,-6.39143E-3,-8.51975E-3,-6.90433E-3,-5.84970E-3,-6.93094E-3,-7.82313E-3,-6.15717E-3,-4.80957E-3,-4.47299E-3,-4.82229E-3,-4.29320E-3,-3.24092E-3,-4.45375E-3,-3.70389E-3,-1.69804E-3,-1.76166E-3,-1.35883E-3,-1.06436E-3,-1.83205E-3,-1.00730E-3,-2.12758E-3,-3.46432E-4,-1.69572E-3,-2.53443E-3,-2.19890E-3,-3.28703E-3,-2.28531E-3,-2.10213E-3,-2.49590E-3,-3.68433E-3,-3.44238E-3,-3.93824E-3,-3.96438E-3,-2.76615E-3,-4.17293E-3,-4.29960E-3,-4.44506E-3,-4.15652E-3,-4.36251E-3,-4.11707E-3,-4.94595E-3,-3.86438E-3,-5.34288E-3,-5.67108E-3,-5.18454E-3,-4.81707E-3,-4.23574E-3,-5.48413E-3,-5.20280E-3,-5.07387E-3,-5.21980E-3,-5.16461E-3,-4.22673E-3,-5.42506E-3,-5.53622E-3,-4.23291E-3,-4.54789E-3,-4.24422E-3,-4.58117E-3,-4.21777E-3,-4.13849E-3,-3.89798E-3,-3.40986E-3,-3.90863E-3,-3.41567E-3,-3.98394E-3,-1.84647E-3,-3.26940E-3,-2.56634E-3,-1.93488E-3,-1.34675E-3,-4.66275E-4,-1.58272E-3,-6.78213E-4,1.17965E-4,-7.74807E-4,-4.09198E-4,-1.13032E-3,-2.06008E-4,-1.78990E-3,-3.98743E-4,-1.29213E-3,-2.90639E-3,-1.97956E-3,-2.85897E-3,-3.03512E-3,-3.35742E-3,-2.51916E-3,-2.99472E-3,-2.74744E-3,-1.84138E-3
1.45399E+3,-2.08715E-4,-5.15181E-4,8.26961E-4,-1.09719E-3,-2.34858E-4,9.84696E-4,3.39893E-4,6.23986E-4,7.59776E-4,-4.39552E-4,-1.23418E-4,-2.92946E-4,-5.65300E-4,5.87039E-5,-1.16850E-4,4.43105E-4,1.96851E-3,3.32324E-3,2.51290E-3,4.01318E-3,1.21675E-2,2.65254E-2,3.51459E-2,4.83544E-2,5.43832E-2,4.78164E-2,3.60930E-2,1.67449E-2,4.49636E-4,-1.27990E-2,-2.41381E-2,-3.19076E-2,-3.67848E-2,-3.32562E-2,-3.73578E-2,-3.72007E-2,-3.33709E-2,-3.02749E-2,-3.09266E-2,-2.90228E-2,-2.91573E-2,-2.81095E-2,-2.64906E-2,-2.15959E-2,-2.11630E-2,-2.37923E-2,-2.48089E-2,-1.79542E-2,-1.87584E-2,-1.69989E-2,-2.19381E-2,-1.65340E-2,-1.87859E-2,-1.63342E-2,-1.74213E-2,-1.72289E-2,-1.56398E-2,-1.69013E-2,-1.49804E-2,-1.60660E-2,-1.55795E-2,-1.47650E-2,-1.42436E-2,-1.19497E-2,-1.11429E-2,-9.95464E-3,-8.30166E-3,-1.03802E-2,-1.10205E-2,-8.89826E-3,-8.78718E-3,-8.44313E-3,-8.56249E-3,-7.16180E-3,-7.75215E-3,-7.09354E-3,-6.96663E-3,-8.70071E-3,-7.15263E-3,-6.19860E-3,-7.11709E-3,-8.18288E-3,-6.13645E-3,-5.38667E-3,-4.57621E-3,-4.68637E-3,-4.64080E-3,-3.66251E-3,-4.40209E-3,-3.64252E-3,-1.39605E-3,-1.96460E-3,-1.72821E-3,-1.45592E-3,-2.03108E-3,-1.17767E-3,-1.90401E-3,-3.59263E-4,-1.63752E-3,-2.63991E-3,-2.02980E-3,-3.27015E-3,-2.36734E-3,-2.15782E-3,-2.72130E-3,-3.85102E-3,-3.32307E-3,-4.01427E-3,-3.83701E-3,-3.03916E-3,-4.26040E-3,-4.58741E-3,-4.54685E-3,-4.04680E-3,-4.27699E-3,-4.41610E-3,-5.10199E-3,-4.10931E-3,-5.31693E-3,-5.70518E-3,-4.72587E-3,-4.55132E-3,-4.27087E-3,-5.78611E-3,-5.02599E-3,-4.96389E-3,-4.91337E-3,-5.45730E-3,-4.33689E-3,-5.25652E-3,-5.18890E-3,-4.15787E-3,-4.41388E-3,-4.45605E-3,-4.43828E-3,-4.07541E-3,-4.08731E-3,-3.84286E-3,-3.54673E-3,-4.05357E-3,-3.74785E-3,-3.98440E-3,-1.82616E-3,-3.10295E-3,-2.30832E-3,-2.25495E-3,-1.43733E-3,-8.90217E-4,-1.68237E-3,-7.38359E-4,2.55212E-4,-8.78224E-4,-5.36053E-4,-1.37748E-3,-3.00224E-4,-1.66044E-3,-7.36558E-4,-1.14745E-3,-3.06809E-3,-2.36998E-3,-2.98966E-3,-3.06203E-3,-3.29181E-3,-2.42799E-3,-3.29557E-3,-2.73874E-3,-2.06591E-3
1.45752E+3,-4.16789E-4,-5.08682E-4,6.36234E-4,-8.27502E-4,2.75748E-4,8.01057E-4,1.70589E-4,7.57828E-4,7.30926E-4,-3.64624E-4,-1.60621E-4,-5.49710E-4,-4.89356E-4,2.80141E-4,-3.35239E-4,2.42174E-4,2.14327E-3,3.19561E-3,1.78639E-3,5.02707E-3,1.50828E-2,3.18530E-2,4.14279E-2,5.38004E-2,5.78521E-2,4.74529E-2,3.28095E-2,1.22175E-2,-4.91824E-3,-1.73333E-2,-2.79117E-2,-3.46286E-2,-3.85128E-2,-3.47261E-2,-3.80822E-2,-3.80604E-2,-3.43772E-2,-3.09781E-2,-3.16236E-2,-2.97421E-2,-2.98392E-2,-2.88173E-2,-2.68813E-2,-2.21239E-2,-2.18039E-2,-2.42593E-2,-2.51735E-2,-1.86402E-2,-1.94121E-2,-1.75134E-2,-2.20130E-2,-1.69101E-2,-1.95992E-2,-1.70101E-2,-1.82742E-2,-1.77940E-2,-1.59836E-2,-1.78851E-2,-1.53845E-2,-1.70594E-2,-1.61287E-2,-1.49482E-2,-1.47887E-2,-1.21008E-2,-1.15887E-2,-1.02127E-2,-9.13698E-3,-1.10928E-2,-1.11025E-2,-9.40758E-3,-8.75540E-3,-9.01513E-3,-8.75626E-3,-7.55271E-3,-8.02014E-3,-7.46829E-3,-7.39871E-3,-9.04993E-3,-7.60413E-3,-6.69507E-3,-7.57703E-3,-8.71740E-3,-6.34089E-3,-5.90096E-3,-5.19053E-3,-5.06089E-3,-5.02202E-3,-3.73132E-3,-4.97371E-3,-4.03406E-3,-1.90645E-3,-2.10347E-3,-1.64122E-3,-1.37130E-3,-2.26540E-3,-1.54145E-3,-2.37206E-3,-6.54375E-4,-1.80934E-3,-2.92409E-3,-2.23810E-3,-3.29809E-3,-2.31621E-3,-2.54262E-3,-2.57983E-3,-4.07773E-3,-3.74237E-3,-4.18793E-3,-4.31551E-3,-3.06893E-3,-4.48601E-3,-4.77595E-3,-4.04270E-3,-4.27206E-3,-4.27863E-3,-4.32349E-3,-5.22692E-3,-3.70611E-3,-5.60005E-3,-5.56287E-3,-5.08427E-3,-4.19528E-3,-4.25068E-3,-5.60014E-3,-4.87302E-3,-4.93184E-3,-5.13684E-3,-5.03011E-3,-4.13707E-3,-5.23805E-3,-5.32778E-3,-4.62721E-3,-4.30060E-3,-4.58224E-3,-4.62076E-3,-4.46114E-3,-4.03400E-3,-3.80067E-3,-3.32260E-3,-4.04276E-3,-3.42557E-3,-3.66439E-3,-1.72552E-3,-3.21633E-3,-2.34847E-3,-1.94000E-3,-1.22454E-3,-5.73208E-4,-1.95513E-3,-9.78065E-4,1.55225E-4,-4.31906E-4,-5.19864E-4,-1.31011E-3,-4.44035E-5,-1.84454E-3,-6.99222E-4,-1.16846E-3,-3.01143E-3,-1.97847E-3,-2.80385E-3,-3.00482E-3,-3.05032E-3,-2.05083E-3,-2.95058E-3,-2.43643E-3,-1.58611E-3
1.46105E+3,-5.09069E-4,-3.39064E-4,4.62932E-4,-1.02448E-3,8.04171E-5,1.15934E-3,3.32998E-4,6.10133E-4,5.28606E-4,-4.50806E-5,-3.57189E-4,-6.73036E-4,-6.45082E-4,3.56495E-4,6.20774E-5,1.92544E-4,1.81118E-3,2.39253E-3,1.29957E-3,6.73299E-3,1.98116E-2,3.87515E-2,4.74404E-2,5.89929E-2,5.95559E-2,4.60440E-2,2.88312E-2,7.21985E-3,-9.77089E-3,-2.05815E-2,-3.06811E-2,-3.63568E-2,-3.92336E-2,-3.48231E-2,-3.80396E-2,-3.85491E-2,-3.42204E-2,-3.11752E-2,-3.14897E-2,-2.93676E-2,-2.95602E-2,-2.82589E-2,-2.66721E-2,-2.18300E-2,-2.12138E-2,-2.38207E-2,-2.49635E-2,-1.82160E-2,-1.89977E-2,-1.73074E-2,-2.18154E-2,-1.65810E-2,-1.94300E-2,-1.66439E-2,-1.78299E-2,-1.80737E-2,-1.56708E-2,-1.72755E-2,-1.49772E-2,-1.70561E-2,-1.57992E-2,-1.47529E-2,-1.41880E-2,-1.23524E-2,-1.10641E-2,-1.02690E-2,-8.60680E-3,-1.10015E-2,-1.10826E-2,-9.11053E-3,-8.48274E-3,-8.74847E-3,-8.30810E-3,-7.41484E-3,-8.00901E-3,-7.40648E-3,-7.25253E-3,-8.85212E-3,-7.62237E-3,-6.37882E-3,-7.59852E-3,-8.65210E-3,-6.45322E-3,-5.61012E-3,-4.54194E-3,-4.76288E-3,-4.86394E-3,-3.68402E-3,-4.73049E-3,-4.18066E-3,-1.78375E-3,-1.93132E-3,-1.74025E-3,-1.55084E-3,-2.44543E-3,-1.81235E-3,-2.00175E-3,-4.05847E-4,-1.99448E-3,-2.82236E-3,-1.72910E-3,-3.61281E-3,-2.46761E-3,-2.31373E-3,-2.77728E-3,-3.73977E-3,-3.52579E-3,-4.18189E-3,-4.42827E-3,-3.02801E-3,-4.03266E-3,-4.65522E-3,-4.10064E-3,-3.98880E-3,-4.42914E-3,-4.39851E-3,-5.08911E-3,-3.84067E-3,-5.33981E-3,-5.50326E-3,-4.85964E-3,-4.04198E-3,-3.89458E-3,-5.69061E-3,-5.05382E-3,-4.82065E-3,-5.33318E-3,-5.23818E-3,-4.02072E-3,-5.30103E-3,-5.19411E-3,-4.35496E-3,-3.99914E-3,-4.42785E-3,-4.22418E-3,-4.05028E-3,-3.90337E-3,-3.78201E-3,-3.57686E-3,-3.75266E-3,-3.51001E-3,-3.46199E-3,-1.58545E-3,-3.05407E-3,-1.90098E-3,-2.02866E-3,-1.14657E-3,-7.02949E-4,-1.78079E-3,-6.95754E-4,3.93126E-4,-1.00952E-3,-6.00925E-4,-1.50356E-3,-3.33504E-4,-2.08712E-3,-7.79491E-4,-1.34396E-3,-2.54789E-3,-1.88431E-3,-2.88016E-3,-3.12682E-3,-2.90694E-3,-2.14182E-3,-3.02463E-3,-2.46283E-3,-1.80317E-3
1.46457E+3,-5.12798E-4,-1.51304E-4,9.14363E-4,-1.32710E-3,4.51123E-4,1.01829E-3,3.67582E-4,4.60918E-4,1.00370E-3,-5.58877E-4,-4.24670E-4,-4.78903E-4,-7.72721E-4,4.77718E-5,-3.73746E-5,2.34379E-4,1.22067E-3,1.63695E-3,1.22017E-3,8.60275E-3,2.39400E-2,4.45591E-2,5.23262E-2,6.18505E-2,5.91496E-2,4.24429E-2,2.34678E-2,8.60630E-4,-1.51961E-2,-2.47543E-2,-3.38131E-2,-3.84587E-2,-4.06260E-2,-3.53947E-2,-3.87829E-2,-3.86372E-2,-3.45894E-2,-3.17310E-2,-3.18689E-2,-2.98452E-2,-2.98735E-2,-2.91719E-2,-2.70991E-2,-2.22787E-2,-2.20689E-2,-2.44246E-2,-2.57238E-2,-1.86960E-2,-1.91883E-2,-1.76379E-2,-2.20782E-2,-1.70166E-2,-1.93861E-2,-1.73689E-2,-1.80932E-2,-1.80770E-2,-1.61662E-2,-1.80107E-2,-1.52876E-2,-1.71846E-2,-1.65119E-2,-1.52761E-2,-1.45254E-2,-1.22985E-2,-1.14039E-2,-1.07943E-2,-9.04533E-3,-1.12262E-2,-1.14506E-2,-9.66577E-3,-8.67223E-3,-8.84085E-3,-8.86845E-3,-7.84764E-3,-8.02408E-3,-7.63794E-3,-6.89016E-3,-8.88089E-3,-7.56032E-3,-6.52461E-3,-7.52598E-3,-8.57536E-3,-6.29116E-3,-5.62938E-3,-4.65870E-3,-5.16484E-3,-4.96486E-3,-3.43977E-3,-4.66918E-3,-3.95658E-3,-1.76026E-3,-1.95533E-3,-1.81301E-3,-1.61710E-3,-2.38815E-3,-1.65994E-3,-2.40781E-3,-4.68968E-4,-1.84969E-3,-3.08061E-3,-1.58077E-3,-3.61588E-3,-2.45758E-3,-2.10969E-3,-2.77649E-3,-3.76383E-3,-3.86792E-3,-3.94190E-3,-3.95548E-3,-2.62005E-3,-4.05569E-3,-4.87694E-3,-4.29526E-3,-4.12856E-3,-4.22163E-3,-4.16421E-3,-4.94507E-3,-3.37534E-3,-5.38328E-3,-5.33847E-3,-4.71348E-3,-4.41662E-3,-3.92109E-3,-5.72655E-3,-4.95672E-3,-4.72259E-3,-5.16266E-3,-5.31347E-3,-4.39233E-3,-5.49314E-3,-5.21324E-3,-4.43920E-3,-4.50928E-3,-4.27059E-3,-4.34350E-3,-4.17420E-3,-4.10079E-3,-3.74733E-3,-3.39148E-3,-3.81759E-3,-3.72512E-3,-3.56386E-3,-1.45532E-3,-3.30734E-3,-1.94446E-3,-2.02091E-3,-9.64410E-4,-7.98090E-4,-1.74978E-3,-9.69858E-4,6.16960E-4,-2.18697E-4,-6.36540E-4,-1.32964E-3,-5.11063E-4,-2.15719E-3,-3.33292E-4,-1.39821E-3,-2.99373E-3,-2.16219E-3,-2.89343E-3,-2.86312E-3,-3.38911E-3,-2.32072E-3,-2.80769E-3,-2.56700E-3,-1.51318E-3
1.46810E+3,-6.04112E-4,-1.13640E-4,1.11158E-3,-1.00722E-3,-2.19214E-4,1.24431E-3,2.09802E-4,5.24761E-4,8.43610E-4,-7.66178E-5,-3.20282E-4,-7.70177E-4,-6.72227E-4,2.08108E-4,-3.58692E-4,-5.61309E-5,6.97072E-4,9.98008E-4,1.97596E-3,1.22866E-2,2.99721E-2,5.14460E-2,5.72435E-2,6.37225E-2,5.69098E-2,3.67939E-2,1.62373E-2,-5.82303E-3,-2.13950E-2,-2.91480E-2,-3.71312E-2,-4.03856E-2,-4.21469E-2,-3.62619E-2,-3.92189E-2,-3.89530E-2,-3.50133E-2,-3.22003E-2,-3.20820E-2,-3.04499E-2,-3.00945E-2,-2.93941E-2,-2.73852E-2,-2.28993E-2,-2.22576E-2,-2.48036E-2,-2.58937E-2,-1.90744E-2,-1.94516E-2,-1.80264E-2,-2.28850E-2,-1.74080E-2,-1.99317E-2,-1.77781E-2,-1.84085E-2,-1.81689E-2,-1.65671E-2,-1.81622E-2,-1.58337E-2,-1.75531E-2,-1.64935E-2,-1.53554E-2,-1.51725E-2,-1.27430E-2,-1.15967E-2,-1.09338E-2,-9.30081E-3,-1.13424E-2,-1.15313E-2,-9.52646E-3,-9.11200E-3,-9.12946E-3,-8.92277E-3,-7.99388E-3,-8.08741E-3,-7.52238E-3,-7.30037E-3,-9.01673E-3,-7.59259E-3,-6.92500E-3,-7.66276E-3,-8.41156E-3,-6.44112E-3,-5.54757E-3,-4.61142E-3,-5.43122E-3,-5.08021E-3,-3.81863E-3,-4.77356E-3,-4.03418E-3,-1.76382E-3,-1.98532E-3,-1.83246E-3,-1.27967E-3,-2.38751E-3,-1.71727E-3,-1.79357E-3,-3.77875E-4,-1.88900E-3,-3.00180E-3,-1.76767E-3,-3.15759E-3,-2.32640E-3,-2.17578E-3,-2.71914E-3,-3.70811E-3,-3.28179E-3,-4.13073E-3,-3.78333E-3,-2.50523E-3,-4.22976E-3,-4.32646E-3,-4.03556E-3,-3.93557E-3,-4.21853E-3,-4.04362E-3,-5.08906E-3,-3.42263E-3,-5.41180E-3,-5.11461E-3,-4.88292E-3,-4.10462E-3,-3.80133E-3,-5.35369E-3,-5.01658E-3,-4.82182E-3,-4.80964E-3,-4.85006E-3,-4.56988E-3,-5.02471E-3,-4.84984E-3,-3.91354E-3,-4.37615E-3,-4.64024E-3,-4.11405E-3,-4.14497E-3,-3.80369E-3,-3.65955E-3,-2.88237E-3,-3.81327E-3,-3.01656E-3,-3.33859E-3,-1.21118E-3,-3.09323E-3,-1.72723E-3,-2.00001E-3,-1.24735E-3,-4.47642E-4,-1.28745E-3,-6.05295E-4,4.59033E-4,-2.24113E-4,-9.31133E-4,-1.04855E-3,-2.78865E-4,-1.71874E-3,-4.38240E-4,-1.04911E-3,-3.25799E-3,-1.99604E-3,-2.48637E-3,-2.78153E-3,-2.98479E-3,-2.08872E-3,-2.67919E-3,-2.38309E-3,-1.61667E-3
1.47163E+3,-4.31153E-4,-1.83350E-4,4.97427E-4,-7.98774E-4,-2.10544E-4,1.54035E-3,2.63215E-4,5.41673E-4,1.03642E-3,-6.19137E-4,-3.32726E-4,-4.40781E-4,-7.37388E-4,3.33771E-5,-1.58613E-4,3.43247E-5,7.58636E-4,1.02701E-3,3.49320E-3,1.66413E-2,3.60019E-2,5.83352E-2,6.07568E-2,6.37886E-2,5.30925E-2,3.03174E-2,8.82205E-3,-1.27636E-2,-2.71868E-2,-3.37934E-2,-4.04248E-2,-4.30051E-2,-4.33274E-2,-3.76228E-2,-4.00262E-2,-3.99175E-2,-3.57353E-2,-3.32908E-2,-3.30099E-2,-3.10058E-2,-3.05581E-2,-3.00582E-2,-2.76610E-2,-2.30766E-2,-2.32387E-2,-2.53588E-2,-2.63375E-2,-1.94908E-2,-2.00907E-2,-1.84339E-2,-2.29703E-2,-1.78103E-2,-2.00537E-2,-1.79504E-2,-1.86158E-2,-1.85717E-2,-1.69186E-2,-1.85018E-2,-1.61210E-2,-1.77793E-2,-1.67888E-2,-1.59597E-2,-1.52472E-2,-1.31920E-2,-1.21315E-2,-1.11991E-2,-9.66469E-3,-1.17562E-2,-1.18654E-2,-9.68889E-3,-9.14638E-3,-9.41149E-3,-8.88005E-3,-8.19822E-3,-8.39881E-3,-8.82522E-3,-7.67420E-3,-9.38088E-3,-8.38679E-3,-7.12949E-3,-8.29049E-3,-8.92001E-3,-6.65475E-3,-6.13354E-3,-5.37107E-3,-5.46059E-3,-5.60496E-3,-4.19400E-3,-4.81511E-3,-3.98265E-3,-1.62874E-3,-1.85904E-3,-1.93826E-3,-1.76099E-3,-2.51445E-3,-1.71047E-3,-2.08483E-3,-7.69205E-4,-2.04892E-3,-2.95072E-3,-1.74421E-3,-3.27543E-3,-2.48679E-3,-2.53540E-3,-2.54822E-3,-3.89783E-3,-3.39374E-3,-4.10095E-3,-3.93373E-3,-2.37848E-3,-4.32367E-3,-4.66156E-3,-4.14068E-3,-3.85718E-3,-4.15218E-3,-3.99467E-3,-4.74996E-3,-3.08060E-3,-5.31897E-3,-5.13724E-3,-5.06657E-3,-3.82573E-3,-3.45616E-3,-5.19759E-3,-4.90056E-3,-4.90674E-3,-4.66214E-3,-5.12353E-3,-4.09773E-3,-5.17600E-3,-5.27128E-3,-4.06489E-3,-4.28733E-3,-4.17873E-3,-4.14743E-3,-3.94118E-3,-3.95781E-3,-3.81838E-3,-3.09173E-3,-4.10062E-3,-3.15281E-3,-4.11609E-3,-9.76012E-4,-2.93930E-3,-2.08080E-3,-1.74453E-3,-1.11028E-3,-6.19553E-4,-1.43646E-3,-7.28038E-4,3.53140E-4,-2.67457E-4,-3.09066E-4,-1.00014E-3,-2.89752E-4,-1.91689E-3,-4.80801E-4,-1.24285E-3,-2.83671E-3,-1.63719E-3,-2.80231E-3,-3.20648E-3,-3.01411E-3,-1.86817E-3,-2.74256E-3,-2.31674E-3,-1.52951E-3
1.47516E+3,-6.88254E-4,-1.23333E-4,8.03189E-4,-1.02276E-3,2.69779E-5,1.05662E-3,2.09852E-4,2.82222E-4,1.12665E-3,-2.08527E-4,-2.32256E-5,-5.47115E-4,-8.60574E-4,3.11619E-5,-6.28838E-5,-1.27236E-4,3.59194E-5,9.37314E-4,5.51963E-3,2.20919E-2,4.16617E-2,6.35876E-2,6.31372E-2,6.08876E-2,4.74207E-2,2.26395E-2,2.25326E-4,-2.04225E-2,-3.30801E-2,-3.78989E-2,-4.32200E-2,-4.49990E-2,-4.43675E-2,-3.83400E-2,-4.09565E-2,-4.08583E-2,-3.62745E-2,-3.41068E-2,-3.34371E-2,-3.15711E-2,-3.14522E-2,-3.05300E-2,-2.84474E-2,-2.34952E-2,-2.34179E-2,-2.57877E-2,-2.69090E-2,-2.01858E-2,-2.03517E-2,-1.89133E-2,-2.35896E-2,-1.85172E-2,-2.03571E-2,-1.83002E-2,-1.90174E-2,-1.92567E-2,-1.72766E-2,-1.88775E-2,-1.66191E-2,-1.82519E-2,-1.70427E-2,-1.65309E-2,-1.59940E-2,-1.32305E-2,-1.24543E-2,-1.14735E-2,-9.85094E-3,-1.22436E-2,-1.19632E-2,-1.03731E-2,-9.54929E-3,-9.92257E-3,-9.43955E-3,-8.47085E-3,-8.73496E-3,-8.54760E-3,-7.68735E-3,-9.59240E-3,-8.35489E-3,-7.42610E-3,-8.24879E-3,-9.50693E-3,-6.93725E-3,-6.16744E-3,-6.07032E-3,-5.84318E-3,-5.48298E-3,-4.24911E-3,-5.04560E-3,-4.28023E-3,-2.02409E-3,-1.83610E-3,-2.05226E-3,-1.84411E-3,-2.91864E-3,-1.49506E-3,-2.13748E-3,-7.50296E-4,-1.97739E-3,-3.10466E-3,-1.72355E-3,-3.57709E-3,-2.36838E-3,-2.46617E-3,-2.71055E-3,-3.63750E-3,-3.51870E-3,-3.78182E-3,-4.01997E-3,-2.69446E-3,-4.15344E-3,-4.76512E-3,-4.35672E-3,-3.54223E-3,-4.32840E-3,-4.11167E-3,-4.95162E-3,-3.46294E-3,-5.16271E-3,-4.78060E-3,-4.94778E-3,-3.61820E-3,-3.65429E-3,-5.54707E-3,-5.12766E-3,-4.62434E-3,-4.81483E-3,-4.56961E-3,-4.19117E-3,-5.14283E-3,-5.10044E-3,-4.54442E-3,-4.47706E-3,-4.40881E-3,-4.18238E-3,-3.66241E-3,-3.88419E-3,-3.90471E-3,-3.15376E-3,-3.55961E-3,-3.03683E-3,-3.65981E-3,-7.12587E-4,-2.84615E-3,-1.87769E-3,-2.06816E-3,-1.00052E-3,-7.64662E-4,-1.11445E-3,-7.55968E-4,4.66269E-4,3.55362E-6,-6.68023E-4,-1.28308E-3,-4.83683E-4,-1.75083E-3,-2.62695E-4,-8.36696E-4,-2.70319E-3,-2.23699E-3,-2.43159E-3,-3.07089E-3,-3.40189E-3,-2.40864E-3,-2.83491E-3,-2.58416E-3,-1.54580E-3
1.47869E+3,-3.07910E-4,-1.20103E-5,8.27124E-4,-9.90899E-4,7.13423E-6,1.44057E-3,1.13544E-4,1.14957E-4,1.02766E-3,-3.42351E-4,-3.26680E-4,-7.07256E-4,-7.24426E-4,3.82230E-5,-1.57676E-4,7.05002E-5,-2.14599E-5,1.18714E-3,8.72632E-3,2.67591E-2,4.57862E-2,6.63943E-2,6.20995E-2,5.59701E-2,3.96860E-2,1.39264E-2,-7.98893E-3,-2.73523E-2,-3.79681E-2,-4.05907E-2,-4.51697E-2,-4.62213E-2,-4.48266E-2,-3.86391E-2,-4.09885E-2,-4.06034E-2,-3.64232E-2,-3.38347E-2,-3.32991E-2,-3.14175E-2,-3.16996E-2,-3.05863E-2,-2.86219E-2,-2.35869E-2,-2.37503E-2,-2.58973E-2,-2.67352E-2,-2.06167E-2,-2.05058E-2,-1.86281E-2,-2.39024E-2,-1.88005E-2,-2.02393E-2,-1.81616E-2,-1.92685E-2,-1.92369E-2,-1.76055E-2,-1.88781E-2,-1.67066E-2,-1.87313E-2,-1.72857E-2,-1.63577E-2,-1.57959E-2,-1.33283E-2,-1.24470E-2,-1.17917E-2,-9.64496E-3,-1.19103E-2,-1.20508E-2,-1.00965E-2,-9.63253E-3,-1.00076E-2,-9.91459E-3,-8.67174E-3,-9.19543E-3,-8.62115E-3,-8.08258E-3,-1.01211E-2,-8.21708E-3,-7.55702E-3,-8.17089E-3,-9.58596E-3,-7.04145E-3,-6.38352E-3,-5.41134E-3,-5.54836E-3,-5.69921E-3,-4.07829E-3,-5.12386E-3,-4.19461E-3,-2.41072E-3,-2.07750E-3,-2.13325E-3,-1.84902E-3,-2.91881E-3,-2.10973E-3,-2.29107E-3,-7.28006E-4,-2.01036E-3,-2.91447E-3,-1.93877E-3,-3.47798E-3,-2.51102E-3,-2.18384E-3,-3.00288E-3,-3.93221E-3,-3.50963E-3,-3.96080E-3,-3.96663E-3,-2.71571E-3,-4.34067E-3,-4.61234E-3,-3.93349E-3,-3.68867E-3,-4.04972E-3,-3.93147E-3,-4.65822E-3,-3.32203E-3,-4.98519E-3,-4.89669E-3,-4.69408E-3,-3.72200E-3,-3.70073E-3,-5.26841E-3,-4.75267E-3,-4.39185E-3,-4.67897E-3,-5.13820E-3,-4.40221E-3,-5.13030E-3,-5.13235E-3,-4.24453E-3,-3.86325E-3,-4.24249E-3,-4.28879E-3,-3.38949E-3,-3.85325E-3,-3.57792E-3,-2.84696E-3,-3.25616E-3,-2.81676E-3,-3.47533E-3,-4.16283E-4,-3.11958E-3,-1.40916E-3,-1.64959E-3,-1.01628E-3,-1.79145E-4,-1.49070E-3,-8.40023E-4,5.23535E-4,2.40751E-4,-2.85895E-4,-1.13773E-3,-4.52215E-5,-1.87045E-3,-6.72701E-4,-1.24579E-3,-2.78433E-3,-2.05470E-3,-2.51487E-3,-2.74819E-3,-3.09255E-3,-1.91522E-3,-2.53385E-3,-2.03011E-3,-1.06188E-3
1.48222E+3,-9.57557E-4,-3.79759E-4,9.03818E-4,-1.22543E-3,4.06268E-4,1.74501E-3,5.84810E-8,3.69459E-4,7.83946E-4,-2.83437E-4,-4.30740E-4,-5.46208E-4,-5.24489E-4,3.89694E-4,-2.50636E-4,-1.89668E-4,-6.89476E-4,1.75595E-3,1.33405E-2,3.30101E-2,5.11437E-2,6.94059E-2,6.10646E-2,5.00758E-2,3.17622E-2,5.52527E-3,-1.62095E-2,-3.35848E-2,-4.27881E-2,-4.39494E-2,-4.66788E-2,-4.73949E-2,-4.50625E-2,-3.93385E-2,-4.12377E-2,-4.10573E-2,-3.65958E-2,-3.43605E-2,-3.35452E-2,-3.16590E-2,-3.14299E-2,-3.09216E-2,-2.82881E-2,-2.37774E-2,-2.36949E-2,-2.55645E-2,-2.67169E-2,-2.00035E-2,-2.01361E-2,-1.91771E-2,-2.40218E-2,-1.84502E-2,-2.06454E-2,-1.84409E-2,-1.91191E-2,-1.90504E-2,-1.68983E-2,-1.87299E-2,-1.63738E-2,-1.85608E-2,-1.70774E-2,-1.63611E-2,-1.60284E-2,-1.38727E-2,-1.23433E-2,-1.15614E-2,-9.48852E-3,-1.18210E-2,-1.17605E-2,-1.02350E-2,-9.98086E-3,-1.01393E-2,-9.72020E-3,-8.71018E-3,-8.99646E-3,-8.41179E-3,-7.56206E-3,-9.74392E-3,-8.45638E-3,-7.71155E-3,-8.05912E-3,-9.10789E-3,-6.70964E-3,-6.64503E-3,-5.48754E-3,-5.53634E-3,-5.47342E-3,-4.27717E-3,-5.29598E-3,-4.05882E-3,-2.09982E-3,-2.11169E-3,-2.19609E-3,-1.68812E-3,-3.04719E-3,-1.95274E-3,-2.13198E-3,-8.96752E-4,-2.22198E-3,-2.64213E-3,-1.82859E-3,-3.45033E-3,-2.04089E-3,-2.21977E-3,-2.64121E-3,-3.57555E-3,-3.14730E-3,-3.64890E-3,-4.16454E-3,-2.25211E-3,-3.93185E-3,-4.43334E-3,-3.84754E-3,-3.62521E-3,-4.37394E-3,-3.92161E-3,-4.55319E-3,-3.02350E-3,-5.00570E-3,-4.51718E-3,-4.24648E-3,-3.93514E-3,-3.24375E-3,-5.33298E-3,-4.67260E-3,-4.42855E-3,-4.45173E-3,-5.12706E-3,-4.01130E-3,-4.93116E-3,-4.65569E-3,-4.48665E-3,-4.21637E-3,-4.18342E-3,-3.77539E-3,-3.65747E-3,-3.78690E-3,-3.84488E-3,-2.71438E-3,-3.14084E-3,-2.93643E-3,-3.34210E-3,-2.97589E-4,-2.73838E-3,-9.13202E-4,-1.65815E-3,-2.97176E-4,-2.22588E-4,-1.31401E-3,-5.40947E-4,6.95821E-4,1.82117E-4,1.65185E-4,-1.21350E-3,1.90816E-5,-1.85265E-3,2.39056E-4,-9.08924E-4,-2.48153E-3,-1.81743E-3,-2.15923E-3,-2.66798E-3,-2.97918E-3,-2.04141E-3,-2.51665E-3,-2.58937E-3,-1.40564E-3
1.48575E+3,-5.39369E-4,-6.35171E-5,6.91092E-4,-9.95745E-4,3.89737E-4,1.70710E-3,-1.21429E-4,3.94482E-5,8.44632E-4,-5.37707E-4,-1.16406E-5,-6.13182E-4,-7.66926E-4,4.69441E-4,-4.91934E-4,-1.27432E-3,-8.60332E-4,3.84646E-3,1.88408E-2,4.00768E-2,5.58605E-2,7.16162E-2,5.83332E-2,4.25870E-2,2.23991E-2,-4.58888E-3,-2.49477E-2,-4.06868E-2,-4.77493E-2,-4.74264E-2,-4.91330E-2,-4.91466E-2,-4.62620E-2,-3.97216E-2,-4.20660E-2,-4.26420E-2,-3.71500E-2,-3.51814E-2,-3.36820E-2,-3.27084E-2,-3.23648E-2,-3.11434E-2,-2.93458E-2,-2.39434E-2,-2.41676E-2,-2.67156E-2,-2.72103E-2,-2.10691E-2,-2.14116E-2,-1.98132E-2,-2.43395E-2,-1.90461E-2,-2.11012E-2,-1.91525E-2,-1.98722E-2,-2.00306E-2,-1.79252E-2,-1.95397E-2,-1.71943E-2,-1.88751E-2,-1.75221E-2,-1.69962E-2,-1.65794E-2,-1.43349E-2,-1.27198E-2,-1.22806E-2,-1.00506E-2,-1.24306E-2,-1.26338E-2,-1.03349E-2,-1.01597E-2,-1.00382E-2,-1.05721E-2,-8.91778E-3,-9.37890E-3,-8.63185E-3,-7.95493E-3,-1.02799E-2,-8.73336E-3,-8.03723E-3,-8.42407E-3,-9.65796E-3,-6.82194E-3,-6.63178E-3,-5.91067E-3,-5.88011E-3,-6.01427E-3,-4.53341E-3,-5.00522E-3,-4.26837E-3,-2.03077E-3,-2.20108E-3,-2.43324E-3,-2.00871E-3,-3.45031E-3,-2.32198E-3,-2.43791E-3,-7.76780E-4,-2.23455E-3,-2.84740E-3,-1.72749E-3,-3.49657E-3,-2.58721E-3,-2.25490E-3,-3.09863E-3,-3.77205E-3,-3.52717E-3,-3.85596E-3,-3.88264E-3,-2.46799E-3,-4.13082E-3,-5.19163E-3,-4.34367E-3,-3.92439E-3,-4.24872E-3,-4.17677E-3,-5.01020E-3,-2.87165E-3,-5.39757E-3,-4.88639E-3,-4.82438E-3,-3.78751E-3,-3.59351E-3,-5.32106E-3,-5.10797E-3,-4.68390E-3,-4.50791E-3,-5.03393E-3,-4.12870E-3,-5.15291E-3,-4.82614E-3,-4.52482E-3,-4.12638E-3,-4.55257E-3,-3.98693E-3,-4.05601E-3,-3.70007E-3,-3.85916E-3,-2.46491E-3,-3.36192E-3,-3.02891E-3,-3.11443E-3,6.29677E-5,-2.73442E-3,-1.57796E-3,-1.92872E-3,-9.34447E-4,-4.88840E-4,-1.31986E-3,-8.38324E-4,6.19516E-4,8.46499E-4,-1.77860E-4,-1.14436E-3,-3.56325E-4,-1.74084E-3,-5.10702E-4,-1.03078E-3,-2.66437E-3,-1.88363E-3,-2.58814E-3,-2.36948E-3,-2.90213E-3,-1.99971E-3,-2.54278E-3,-2.48658E-3,-1.23641E-3
1.48928E+3,-5.40299E-5,-3.08020E-4,4.99103E-4,-1.16308E-3,5.36673E-4,1.63157E-3,1.38405E-4,6.14480E-4,9.96911E-4,-4.32131E-4,-2.57618E-4,-4.58608E-4,-8.93212E-4,2.58556E-4,-1.10899E-3,-1.47791E-3,2.02328E-4,6.29664E-3,2.46423E-2,4.60515E-2,5.79319E-2,6.92501E-2,5.25504E-2,3.38893E-2,1.13484E-2,-1.43152E-2,-3.35348E-2,-4.68643E-2,-5.22725E-2,-5.06029E-2,-5.10881E-2,-5.03120E-2,-4.74343E-2,-4.10440E-2,-4.25939E-2,-4.30118E-2,-3.76251E-2,-3.56768E-2,-3.50244E-2,-3.36843E-2,-3.25999E-2,-3.21573E-2,-3.01592E-2,-2.50583E-2,-2.48205E-2,-2.71149E-2,-2.77318E-2,-2.18938E-2,-2.17716E-2,-2.03928E-2,-2.52958E-2,-1.99744E-2,-2.15303E-2,-1.96240E-2,-2.02224E-2,-2.05917E-2,-1.81597E-2,-2.03546E-2,-1.76396E-2,-1.96782E-2,-1.83602E-2,-1.74643E-2,-1.69752E-2,-1.45571E-2,-1.33613E-2,-1.25037E-2,-1.01174E-2,-1.29880E-2,-1.30139E-2,-1.08685E-2,-1.08464E-2,-1.08600E-2,-1.00803E-2,-9.70627E-3,-9.33337E-3,-9.43670E-3,-8.38896E-3,-1.09029E-2,-9.52123E-3,-7.73321E-3,-8.97494E-3,-9.85715E-3,-7.33295E-3,-7.07711E-3,-5.91164E-3,-5.88757E-3,-5.94191E-3,-4.80383E-3,-5.18981E-3,-4.38453E-3,-2.19688E-3,-2.35818E-3,-2.46114E-3,-2.47447E-3,-3.39560E-3,-2.43340E-3,-2.29483E-3,-1.03758E-3,-2.46514E-3,-3.27761E-3,-2.29675E-3,-3.39338E-3,-2.54554E-3,-2.15285E-3,-2.82263E-3,-3.90384E-3,-3.31339E-3,-3.78725E-3,-3.91316E-3,-2.28176E-3,-3.90773E-3,-4.88593E-3,-3.94277E-3,-3.61557E-3,-4.22294E-3,-3.81742E-3,-4.84280E-3,-3.05144E-3,-5.29780E-3,-4.50664E-3,-4.82348E-3,-3.21783E-3,-3.39358E-3,-4.97520E-3,-4.95173E-3,-4.14554E-3,-4.43656E-3,-4.63223E-3,-4.41382E-3,-4.92343E-3,-4.76540E-3,-4.15438E-3,-4.02741E-3,-4.27518E-3,-3.32588E-3,-3.65616E-3,-3.45732E-3,-3.76326E-3,-2.57927E-3,-3.37696E-3,-2.83482E-3,-3.15174E-3,-1.49564E-4,-2.69096E-3,-1.03594E-3,-1.47892E-3,-9.30216E-4,-7.01767E-4,-1.35795E-3,-8.51227E-4,1.12147E-3,7.17022E-4,-1.72521E-4,-8.25449E-4,-2.54602E-4,-1.93001E-3,-1.61567E-4,-8.43546E-4,-2.61556E-3,-1.81518E-3,-2.17445E-3,-2.91562E-3,-3.00795E-3,-1.81746E-3,-2.77783E-3,-2.05298E-3,-1.41371E-3
1.49281E+3,-4.16711E-4,-2.88084E-4,8.43300E-4,-9.11641E-4,4.24705E-4,1.70718E-3,1.28632E-4,-8.47062E-5,1.16165E-3,-5.38035E-4,4.90781E-5,-5.04874E-4,-5.21969E-4,2.13670E-4,-1.26219E-3,-1.79910E-3,1.15272E-3,9.32299E-3,3.04583E-2,5.04944E-2,5.87910E-2,6.58044E-2,4.64061E-2,2.45656E-2,2.32410E-3,-2.25730E-2,-4.01242E-2,-5.17629E-2,-5.45095E-2,-5.20812E-2,-5.22017E-2,-5.08262E-2,-4.76532E-2,-4.13130E-2,-4.35148E-2,-4.30954E-2,-3.80224E-2,-3.56589E-2,-3.46497E-2,-3.38745E-2,-3.34409E-2,-3.19572E-2,-3.00238E-2,-2.49329E-2,-2.52415E-2,-2.78216E-2,-2.84044E-2,-2.15815E-2,-2.18154E-2,-2.05449E-2,-2.55202E-2,-1.99789E-2,-2.17136E-2,-1.99206E-2,-2.03591E-2,-2.04321E-2,-1.85196E-2,-2.04487E-2,-1.78308E-2,-1.97466E-2,-1.85257E-2,-1.79526E-2,-1.69384E-2,-1.49830E-2,-1.35057E-2,-1.29583E-2,-1.05364E-2,-1.31258E-2,-1.29714E-2,-1.10066E-2,-1.09811E-2,-1.08192E-2,-1.04514E-2,-9.42612E-3,-9.52556E-3,-9.20769E-3,-8.32794E-3,-1.04833E-2,-9.60523E-3,-7.97509E-3,-9.16718E-3,-9.84045E-3,-7.39343E-3,-7.19782E-3,-6.36357E-3,-6.40367E-3,-6.36931E-3,-4.78998E-3,-5.03110E-3,-4.31032E-3,-2.38239E-3,-2.76693E-3,-2.25195E-3,-1.98402E-3,-3.63851E-3,-2.44780E-3,-1.83104E-3,-1.07879E-3,-1.95671E-3,-2.91314E-3,-1.96478E-3,-3.64569E-3,-2.59176E-3,-2.54177E-3,-3.09817E-3,-3.76736E-3,-3.12644E-3,-4.25654E-3,-3.91718E-3,-2.60907E-3,-4.10152E-3,-5.29511E-3,-4.00233E-3,-3.65398E-3,-4.34195E-3,-3.90372E-3,-4.67761E-3,-3.09439E-3,-5.13041E-3,-4.45358E-3,-4.52424E-3,-3.89871E-3,-2.99258E-3,-4.63398E-3,-4.40286E-3,-4.33628E-3,-4.57248E-3,-4.70430E-3,-4.06246E-3,-5.06250E-3,-4.93278E-3,-4.16771E-3,-4.36301E-3,-4.36512E-3,-3.99949E-3,-3.88579E-3,-3.76267E-3,-3.79254E-3,-2.37830E-3,-3.55988E-3,-2.60657E-3,-3.39074E-3,1.60990E-4,-2.89856E-3,-1.18748E-3,-1.48150E-3,-8.97388E-4,-5.06043E-4,-1.08704E-3,-3.06203E-4,9.52259E-4,9.26708E-4,7.72435E-5,-6.17067E-4,1.27252E-4,-1.75385E-3,1.74544E-4,-1.08155E-3,-2.29327E-3,-1.61888E-3,-1.99655E-3,-2.43328E-3,-2.88886E-3,-1.88886E-3,-2.26396E-3,-1.79157E-3,-1.51053E-3
1.49635E+3,-1.78559E-4,-1.40250E-4,9.11002E-4,-5.98835E-4,7.29758E-4,1.28955E-3,4.29758E-4,-3.95613E-4,1.26400E-3,-3.57391E-4,-2.28471E-4,-7.87571E-4,-1.03202E-3,1.94710E-4,-1.10006E-3,-1.76754E-3,2.59198E-3,1.25329E-2,3.46654E-2,5.21709E-2,5.73693E-2,6.06523E-2,3.87630E-2,1.49600E-2,-6.92051E-3,-3.03419E-2,-4.60588E-2,-5.50431E-2,-5.71874E-2,-5.34140E-2,-5.28426E-2,-5.14914E-2,-4.77548E-2,-4.16809E-2,-4.32450E-2,-4.31939E-2,-3.81920E-2,-3.58130E-2,-3.49594E-2,-3.40460E-2,-3.33721E-2,-3.23783E-2,-2.94542E-2,-2.49170E-2,-2.52638E-2,-2.72585E-2,-2.83926E-2,-2.17958E-2,-2.18009E-2,-2.03509E-2,-2.49491E-2,-2.02080E-2,-2.19514E-2,-1.96089E-2,-2.05182E-2,-2.07716E-2,-1.83572E-2,-2.04387E-2,-1.80425E-2,-1.91797E-2,-1.82964E-2,-1.73936E-2,-1.72130E-2,-1.49542E-2,-1.34173E-2,-1.31056E-2,-1.04295E-2,-1.33042E-2,-1.28541E-2,-1.07669E-2,-1.08350E-2,-1.04249E-2,-1.02654E-2,-9.38962E-3,-9.56894E-3,-9.43250E-3,-8.25898E-3,-1.04240E-2,-9.30434E-3,-7.83940E-3,-8.94813E-3,-9.91922E-3,-6.87942E-3,-7.29335E-3,-5.91481E-3,-5.89157E-3,-6.07418E-3,-4.46799E-3,-5.24747E-3,-3.95481E-3,-2.38283E-3,-2.32622E-3,-2.75239E-3,-2.48039E-3,-3.48470E-3,-2.23034E-3,-2.15167E-3,-1.35956E-3,-2.55077E-3,-3.22276E-3,-2.75654E-3,-3.62980E-3,-2.27231E-3,-2.24889E-3,-2.97019E-3,-3.87197E-3,-3.24639E-3,-4.17541E-3,-3.64252E-3,-2.24965E-3,-4.20300E-3,-4.75289E-3,-3.74686E-3,-3.78120E-3,-4.36673E-3,-3.75841E-3,-4.47669E-3,-2.57457E-3,-4.96758E-3,-4.06844E-3,-4.70646E-3,-3.37904E-3,-3.71390E-3,-4.89026E-3,-4.46358E-3,-4.24225E-3,-4.18846E-3,-4.59379E-3,-4.12563E-3,-4.79442E-3,-4.97703E-3,-4.19476E-3,-4.13393E-3,-4.24732E-3,-3.31931E-3,-3.46591E-3,-3.20732E-3,-3.70235E-3,-2.55809E-3,-2.98818E-3,-3.03747E-3,-3.50482E-3,9.03780E-4,-3.09624E-3,-1.00368E-3,-1.34930E-3,-9.65067E-4,-3.24451E-4,-9.52525E-4,-8.64221E-4,1.23306E-3,1.03405E-3,7.89380E-6,-1.05904E-3,-2.89688E-4,-1.99860E-3,9.56894E-5,-8.59581E-4,-2.83794E-3,-1.43491E-3,-2.33397E-3,-2.65934E-3,-3.13943E-3,-1.98937E-3,-2.51599E-3,-2.13233E-3,-1.23839E-3
1.49988E+3,-6.79193E-4,9.88199E-5,1.03611E-3,-5.24331E-4,9.29918E-4,1.86989E-3,3.26258E-4,-8.31447E-5,1.20477E-3,-2.88646E-4,1.62240E-4,-5.88696E-4,-1.22066E-3,-1.35456E-4,-2.10787E-3,-1.06055E-3,5.40529E-3,1.74591E-2,3.92209E-2,5.28129E-2,5.36705E-2,5.21764E-2,2.98712E-2,4.14298E-3,-1.67208E-2,-3.78748E-2,-5.13439E-2,-5.93045E-2,-5.93948E-2,-5.53599E-2,-5.38453E-2,-5.21501E-2,-4.87266E-2,-4.19662E-2,-4.43336E-2,-4.36416E-2,-3.89206E-2,-3.59334E-2,-3.57876E-2,-3.47004E-2,-3.36622E-2,-3.28881E-2,-3.02022E-2,-2.57057E-2,-2.59640E-2,-2.79453E-2,-2.86917E-2,-2.21172E-2,-2.23957E-2,-2.10135E-2,-2.54740E-2,-2.07690E-2,-2.24198E-2,-2.00749E-2,-2.04478E-2,-2.09924E-2,-1.88388E-2,-2.06559E-2,-1.81357E-2,-1.95814E-2,-1.90561E-2,-1.78244E-2,-1.75339E-2,-1.52246E-2,-1.35729E-2,-1.32659E-2,-1.05851E-2,-1.32918E-2,-1.30612E-2,-1.08121E-2,-1.09884E-2,-1.10180E-2,-1.04875E-2,-9.77386E-3,-9.59904E-3,-9.50998E-3,-8.08837E-3,-1.04066E-2,-9.06863E-3,-7.93658E-3,-9.14483E-3,-1.00004E-2,-7.37104E-3,-7.04367E-3,-6.32097E-3,-6.46277E-3,-6.26657E-3,-4.62370E-3,-5.36668E-3,-4.50798E-3,-2.76861E-3,-2.12179E-3,-2.84497E-3,-2.29572E-3,-3.43102E-3,-2.33359E-3,-1.95179E-3,-9.69186E-4,-2.58687E-3,-2.72980E-3,-1.64297E-3,-3.74316E-3,-2.19740E-3,-2.17219E-3,-2.48394E-3,-3.57786E-3,-2.86640E-3,-3.77223E-3,-4.11816E-3,-2.58829E-3,-3.90804E-3,-5.00502E-3,-3.40435E-3,-3.11327E-3,-4.39559E-3,-3.74473E-3,-4.46074E-3,-2.41599E-3,-5.58536E-3,-4.12650E-3,-4.43852E-3,-3.08702E-3,-3.11372E-3,-4.40484E-3,-4.27330E-3,-4.21015E-3,-4.18585E-3,-4.41479E-3,-3.82437E-3,-4.74374E-3,-4.80827E-3,-4.23002E-3,-3.87141E-3,-4.15818E-3,-3.12648E-3,-3.76541E-3,-3.41872E-3,-3.20220E-3,-2.17779E-3,-3.11964E-3,-2.79441E-3,-3.18482E-3,9.55634E-4,-2.86177E-3,-1.13740E-3,-1.22907E-3,-6.00806E-4,-4.37179E-4,-1.01250E-3,-6.85119E-4,1.33991E-3,1.07756E-3,7.05356E-4,-7.91443E-4,2.48338E-5,-1.75785E-3,1.31569E-4,-9.32300E-4,-2.40218E-3,-1.36934E-3,-2.41269E-3,-2.77634E-3,-2.74130E-3,-1.72995E-3,-2.49652E-3,-2.14856E-3,-1.25680E-3
1.50341E+3,-2.42850E-4,3.78546E-4,8.67731E-4,-8.51743E-4,1.01979E-3,2.15581E-3,1.79889E-4,1.07476E-4,1.37653E-3,-6.99972E-4,-1.46588E-4,-1.48895E-4,-1.18279E-3,-5.57951E-4,-2.25499E-3,6.94492E-5,8.25981E-3,2.06852E-2,4.31283E-2,5.23359E-2,4.90318E-2,4.34390E-2,2.06527E-2,-6.02544E-3,-2.54143E-2,-4.45435E-2,-5.62447E-2,-6.21572E-2,-6.08634E-2,-5.59958E-2,-5.38782E-2,-5.22980E-2,-4.79322E-2,-4.19675E-2,-4.44971E-2,-4.36148E-2,-3.92835E-2,-3.62436E-2,-3.55976E-2,-3.55489E-2,-3.35532E-2,-3.27379E-2,-3.05929E-2,-2.56757E-2,-2.63675E-2,-2.81725E-2,-2.86513E-2,-2.30640E-2,-2.30223E-2,-2.12902E-2,-2.51254E-2,-2.07841E-2,-2.20105E-2,-2.01946E-2,-2.02587E-2,-2.15608E-2,-1.91586E-2,-2.10352E-2,-1.82517E-2,-2.00041E-2,-1.85825E-2,-1.78719E-2,-1.76524E-2,-1.60377E-2,-1.35224E-2,-1.35134E-2,-1.04907E-2,-1.34290E-2,-1.34476E-2,-1.15812E-2,-1.10286E-2,-1.09512E-2,-1.10401E-2,-1.00620E-2,-1.01940E-2,-9.41588E-3,-8.18499E-3,-1.07060E-2,-9.70383E-3,-8.35911E-3,-9.70623E-3,-1.04469E-2,-7.60660E-3,-7.50673E-3,-6.43546E-3,-6.42564E-3,-6.22772E-3,-4.90511E-3,-5.59721E-3,-4.21507E-3,-2.53840E-3,-2.21104E-3,-2.65133E-3,-2.67622E-3,-3.82040E-3,-2.31937E-3,-1.87686E-3,-1.24553E-3,-2.45124E-3,-2.97323E-3,-2.07441E-3,-3.38906E-3,-2.47625E-3,-2.25436E-3,-3.38184E-3,-4.18241E-3,-3.10599E-3,-3.85524E-3,-3.60992E-3,-2.54239E-3,-4.09722E-3,-4.48607E-3,-3.72877E-3,-3.23690E-3,-4.29007E-3,-3.84228E-3,-4.58567E-3,-2.90275E-3,-4.98592E-3,-4.11129E-3,-4.68750E-3,-3.11618E-3,-2.81380E-3,-5.00701E-3,-4.51372E-3,-3.89195E-3,-4.39858E-3,-4.58529E-3,-4.13808E-3,-5.06367E-3,-4.81103E-3,-4.03543E-3,-3.89479E-3,-4.48002E-3,-2.82665E-3,-3.21627E-3,-3.57495E-3,-3.31938E-3,-2.28316E-3,-3.36051E-3,-2.49649E-3,-3.18801E-3,1.03323E-3,-2.97491E-3,-2.66236E-4,-1.51567E-3,-2.20370E-4,-4.61266E-4,-8.52734E-4,-7.26028E-4,1.26258E-3,1.44506E-3,1.82318E-4,-7.49155E-4,1.79669E-4,-1.42825E-3,-1.18495E-4,-1.23976E-3,-2.22224E-3,-1.62619E-3,-2.22587E-3,-3.01604E-3,-3.05210E-3,-1.76388E-3,-2.24818E-3,-1.90824E-3,-1.75287E-3
1.50695E+3,-2.66494E-4,6.08369E-4,1.25614E-3,-1.42003E-3,8.86426E-4,2.56251E-3,4.57382E-4,-2.82301E-4,9.55051E-4,-6.57767E-4,3.29063E-4,-5.35156E-4,-1.22188E-3,-4.39795E-4,-2.23152E-3,1.10459E-3,1.16928E-2,2.46614E-2,4.50395E-2,5.07524E-2,4.31735E-2,3.37798E-2,1.15144E-2,-1.50912E-2,-3.32691E-2,-4.99763E-2,-5.97807E-2,-6.43504E-2,-6.22670E-2,-5.68871E-2,-5.46379E-2,-5.28574E-2,-4.85370E-2,-4.25536E-2,-4.45634E-2,-4.42986E-2,-3.91551E-2,-3.70411E-2,-3.59793E-2,-3.56502E-2,-3.45161E-2,-3.27471E-2,-3.10336E-2,-2.66958E-2,-2.66696E-2,-2.84049E-2,-2.93374E-2,-2.32606E-2,-2.36724E-2,-2.15864E-2,-2.53171E-2,-2.09876E-2,-2.25127E-2,-2.04156E-2,-2.10590E-2,-2.16816E-2,-1.94332E-2,-2.12395E-2,-1.87227E-2,-2.04300E-2,-1.89619E-2,-1.78693E-2,-1.78116E-2,-1.61250E-2,-1.39830E-2,-1.38980E-2,-1.07722E-2,-1.36653E-2,-1.32971E-2,-1.17057E-2,-1.17705E-2,-1.14997E-2,-1.12580E-2,-1.01893E-2,-9.81916E-3,-9.90253E-3,-8.31024E-3,-1.10712E-2,-9.62595E-3,-8.53034E-3,-9.55388E-3,-1.07615E-2,-7.54529E-3,-7.91378E-3,-6.56356E-3,-6.45339E-3,-6.03598E-3,-5.23661E-3,-5.52385E-3,-4.55769E-3,-2.67142E-3,-2.41550E-3,-2.56104E-3,-2.68794E-3,-3.65807E-3,-2.60284E-3,-2.10193E-3,-9.94329E-4,-2.76167E-3,-2.76344E-3,-1.71670E-3,-3.52016E-3,-2.83292E-3,-2.34443E-3,-3.18152E-3,-4.05539E-3,-3.41025E-3,-3.52384E-3,-3.40607E-3,-2.26243E-3,-3.92262E-3,-4.96249E-3,-3.58064E-3,-3.29005E-3,-4.26813E-3,-4.38914E-3,-4.46831E-3,-2.77171E-3,-4.73201E-3,-3.64475E-3,-4.19820E-3,-2.67603E-3,-3.31404E-3,-5.01764E-3,-4.85948E-3,-3.54822E-3,-4.43655E-3,-4.57595E-3,-3.84979E-3,-4.46834E-3,-5.04400E-3,-4.39353E-3,-4.01789E-3,-4.17095E-3,-3.54318E-3,-3.36007E-3,-3.55836E-3,-3.62496E-3,-2.36938E-3,-3.07939E-3,-2.61417E-3,-3.05106E-3,1.36668E-3,-2.76600E-3,-3.07706E-4,-1.52533E-3,-1.15575E-4,-4.30408E-4,-1.26124E-3,-9.54043E-4,1.23568E-3,9.41884E-4,2.88068E-4,-6.95402E-4,2.94439E-4,-1.85333E-3,4.43945E-4,-9.37806E-4,-2.51084E-3,-1.21462E-3,-2.18478E-3,-2.34743E-3,-3.12202E-3,-1.29473E-3,-2.52353E-3,-1.63832E-3,-1.82924E-3
1.51048E+3,-6.73316E-5,2.62477E-4,1.22740E-3,-9.72155E-4,1.19904E-3,1.88791E-3,9.48411E-6,-1.34784E-6,8.63700E-4,-5.44908E-4,4.06979E-4,-4.37905E-4,-1.71057E-3,-7.63393E-4,-1.35938E-3,2.81145E-3,1.47806E-2,2.81327E-2,4.50098E-2,4.61016E-2,3.67422E-2,2.52878E-2,2.77823E-3,-2.30998E-2,-3.90470E-2,-5.45170E-2,-6.23606E-2,-6.58165E-2,-6.26722E-2,-5.72185E-2,-5.43404E-2,-5.24846E-2,-4.86978E-2,-4.27055E-2,-4.54941E-2,-4.40423E-2,-3.99702E-2,-3.66386E-2,-3.59718E-2,-3.57142E-2,-3.42400E-2,-3.38296E-2,-3.08875E-2,-2.67042E-2,-2.64845E-2,-2.81656E-2,-2.94244E-2,-2.31920E-2,-2.32595E-2,-2.16780E-2,-2.53033E-2,-2.10579E-2,-2.33773E-2,-2.08831E-2,-2.11270E-2,-2.18251E-2,-1.94569E-2,-2.16968E-2,-1.84706E-2,-2.06433E-2,-1.90933E-2,-1.82067E-2,-1.78057E-2,-1.63447E-2,-1.42802E-2,-1.38205E-2,-1.09858E-2,-1.35460E-2,-1.39004E-2,-1.16123E-2,-1.15093E-2,-1.12744E-2,-1.12932E-2,-1.01309E-2,-1.00237E-2,-9.66839E-3,-9.02436E-3,-1.10037E-2,-9.65736E-3,-8.57904E-3,-9.30873E-3,-1.04955E-2,-7.36074E-3,-7.97247E-3,-6.73773E-3,-6.79661E-3,-5.97492E-3,-5.03933E-3,-5.43836E-3,-3.99180E-3,-2.99400E-3,-2.21124E-3,-2.83240E-3,-2.83056E-3,-3.58660E-3,-2.79083E-3,-2.18518E-3,-1.35053E-3,-2.32497E-3,-2.85451E-3,-2.38568E-3,-3.36456E-3,-2.19303E-3,-2.51323E-3,-3.29564E-3,-3.85796E-3,-2.32378E-3,-3.66672E-3,-3.79647E-3,-2.24514E-3,-3.72792E-3,-4.86868E-3,-3.71622E-3,-3.27380E-3,-4.26550E-3,-3.90675E-3,-4.26776E-3,-2.89594E-3,-4.65206E-3,-3.55174E-3,-4.31358E-3,-3.46979E-3,-2.70247E-3,-4.40017E-3,-4.58695E-3,-3.40215E-3,-3.93469E-3,-4.57481E-3,-4.03237E-3,-4.36546E-3,-4.22595E-3,-4.04896E-3,-3.87932E-3,-4.27835E-3,-2.95234E-3,-3.21334E-3,-3.23963E-3,-3.23335E-3,-2.18196E-3,-2.50919E-3,-2.58316E-3,-2.89923E-3,1.18205E-3,-2.75539E-3,-2.15723E-4,-1.69228E-3,-1.54897E-4,-6.04759E-4,-1.05164E-3,-8.53593E-4,1.18514E-3,2.04072E-3,8.06076E-4,-5.16291E-4,2.20860E-4,-1.40852E-3,4.78424E-5,-1.03024E-3,-1.97659E-3,-1.48801E-3,-1.66177E-3,-2.20628E-3,-3.22055E-3,-1.70845E-3,-2.23329E-3,-1.75577E-3,-1.43698E-3
1.51402E+3,-2.97222E-4,5.14455E-4,6.86505E-4,-1.01966E-3,5.17287E-4,2.66912E-3,7.11168E-4,-8.33357E-4,1.10529E-3,2.00082E-5,2.37727E-4,-1.04575E-3,-2.02342E-3,-8.97514E-4,-3.44644E-4,4.41191E-3,1.74996E-2,2.95662E-2,4.31596E-2,4.02655E-2,2.82458E-2,1.48560E-2,-6.23338E-3,-3.09346E-2,-4.43650E-2,-5.78009E-2,-6.40702E-2,-6.60689E-2,-6.29256E-2,-5.73721E-2,-5.43706E-2,-5.27746E-2,-4.82627E-2,-4.26983E-2,-4.58040E-2,-4.40040E-2,-4.00041E-2,-3.60775E-2,-3.64649E-2,-3.56025E-2,-3.40846E-2,-3.37083E-2,-3.09670E-2,-2.69008E-2,-2.66508E-2,-2.91424E-2,-2.94916E-2,-2.36846E-2,-2.29081E-2,-2.17562E-2,-2.58571E-2,-2.12723E-2,-2.30632E-2,-2.09378E-2,-2.11019E-2,-2.19703E-2,-1.94445E-2,-2.17518E-2,-1.84474E-2,-2.01963E-2,-1.96054E-2,-1.86672E-2,-1.85662E-2,-1.65343E-2,-1.48560E-2,-1.40622E-2,-1.10363E-2,-1.39838E-2,-1.36428E-2,-1.20135E-2,-1.20662E-2,-1.11249E-2,-1.10786E-2,-9.92188E-3,-1.08405E-2,-9.57287E-3,-9.26214E-3,-1.15430E-2,-1.00531E-2,-8.77893E-3,-9.46671E-3,-1.08600E-2,-7.44613E-3,-8.06162E-3,-6.74836E-3,-6.24413E-3,-6.60022E-3,-5.21576E-3,-5.68834E-3,-3.84996E-3,-3.09790E-3,-2.82458E-3,-3.00686E-3,-2.38126E-3,-3.84160E-3,-3.13596E-3,-1.95185E-3,-1.26979E-3,-2.85018E-3,-3.01289E-3,-2.00479E-3,-3.67520E-3,-2.50858E-3,-2.36765E-3,-3.58774E-3,-3.84596E-3,-3.02903E-3,-3.63152E-3,-3.80514E-3,-2.16872E-3,-3.73891E-3,-5.34801E-3,-3.59545E-3,-3.69949E-3,-4.21863E-3,-4.29544E-3,-4.49964E-3,-2.67814E-3,-4.71748E-3,-3.83723E-3,-4.50540E-3,-2.95994E-3,-2.84773E-3,-4.83330E-3,-4.20219E-3,-3.64667E-3,-5.21962E-3,-4.37515E-3,-3.95245E-3,-4.87136E-3,-4.66526E-3,-4.32681E-3,-4.09517E-3,-4.57287E-3,-3.33104E-3,-3.12093E-3,-3.34945E-3,-3.24045E-3,-2.26628E-3,-3.41326E-3,-2.56630E-3,-3.04979E-3,1.65988E-3,-2.84463E-3,-5.53716E-4,-1.31342E-3,-5.40162E-4,-8.59694E-4,-6.62925E-4,-7.13971E-4,1.28673E-3,1.24113E-3,5.64055E-4,-6.80675E-4,8.20499E-5,-1.90494E-3,4.45704E-4,-9.35542E-4,-2.30647E-3,-1.21774E-3,-1.95705E-3,-2.20256E-3,-2.87706E-3,-2.09241E-3,-2.37856E-3,-2.11858E-3,-1.21144E-3
1.51756E+3,-7.65971E-4,1.38523E-4,8.89802E-4,-8.95669E-4,1.02070E-3,1.80281E-3,7.90627E-4,-9.53933E-4,1.01931E-3,-3.43545E-4,1.22396E-4,-1.26720E-3,-2.13937E-3,-1.23076E-4,7.04606E-4,6.64401E-3,1.91745E-2,3.10351E-2,4.06628E-2,3.40994E-2,1.95611E-2,5.16636E-3,-1.46788E-2,-3.79766E-2,-5.00466E-2,-6.14794E-2,-6.59703E-2,-6.87095E-2,-6.38997E-2,-5.77979E-2,-5.50852E-2,-5.36318E-2,-4.92995E-2,-4.40114E-2,-4.65084E-2,-4.47018E-2,-4.09189E-2,-3.78970E-2,-3.74869E-2,-3.67804E-2,-3.54272E-2,-3.38031E-2,-3.24219E-2,-2.79680E-2,-2.76929E-2,-2.97460E-2,-3.01119E-2,-2.46633E-2,-2.42079E-2,-2.30570E-2,-2.64540E-2,-2.19283E-2,-2.37197E-2,-2.19404E-2,-2.19160E-2,-2.30825E-2,-2.04808E-2,-2.23565E-2,-1.94162E-2,-2.07821E-2,-1.99513E-2,-1.91441E-2,-1.89965E-2,-1.64734E-2,-1.52302E-2,-1.46287E-2,-1.20494E-2,-1.49527E-2,-1.39293E-2,-1.24095E-2,-1.23588E-2,-1.20858E-2,-1.18201E-2,-1.05077E-2,-1.13052E-2,-1.04894E-2,-9.64579E-3,-1.20044E-2,-1.08296E-2,-8.93315E-3,-9.99540E-3,-1.05825E-2,-8.42711E-3,-8.86375E-3,-7.91824E-3,-6.74862E-3,-6.87117E-3,-5.31142E-3,-5.99889E-3,-4.94935E-3,-3.13940E-3,-2.84143E-3,-2.91487E-3,-2.68348E-3,-3.73963E-3,-3.08050E-3,-1.99108E-3,-1.96764E-3,-3.04172E-3,-2.98272E-3,-2.62962E-3,-3.90286E-3,-2.67434E-3,-2.64009E-3,-3.45038E-3,-3.89242E-3,-3.33327E-3,-3.98180E-3,-4.06722E-3,-2.55115E-3,-3.64493E-3,-5.11720E-3,-3.80383E-3,-3.64199E-3,-4.28028E-3,-4.35259E-3,-4.42720E-3,-2.95366E-3,-5.25889E-3,-3.67874E-3,-4.77916E-3,-3.29418E-3,-3.31861E-3,-4.62806E-3,-4.99041E-3,-3.86208E-3,-4.20420E-3,-4.41393E-3,-3.92441E-3,-4.83515E-3,-4.53595E-3,-4.03640E-3,-4.52248E-3,-4.41399E-3,-3.03560E-3,-3.57728E-3,-3.62452E-3,-3.53831E-3,-2.24518E-3,-3.21130E-3,-1.91025E-3,-3.06679E-3,1.43276E-3,-2.67550E-3,-3.26642E-4,-1.58528E-3,-5.17388E-4,-4.39136E-4,-1.28098E-3,-9.96947E-4,7.15977E-4,1.25921E-3,4.56035E-4,-5.95174E-4,1.42610E-4,-2.02678E-3,-3.81334E-4,-1.24238E-3,-2.60777E-3,-1.46624E-3,-2.19280E-3,-2.66150E-3,-3.55541E-3,-1.52053E-3,-2.52273E-3,-1.75820E-3,-1.78623E-3
1.52110E+3,-7.11292E-4,5.10182E-5,6.93402E-4,-1.06323E-3,4.24244E-4,1.89205E-3,2.54224E-4,-2.45942E-4,5.58697E-4,-3.99980E-4,3.60444E-4,-1.23504E-3,-1.97650E-3,-3.54316E-4,1.75221E-3,8.24130E-3,2.05578E-2,3.09238E-2,3.75989E-2,2.75874E-2,1.24635E-2,-3.38426E-3,-2.13405E-2,-4.29006E-2,-5.41162E-2,-6.33121E-2,-6.70509E-2,-6.84074E-2,-6.35379E-2,-5.80059E-2,-5.46982E-2,-5.35883E-2,-4.96735E-2,-4.44216E-2,-4.67592E-2,-4.59651E-2,-4.10320E-2,-3.78291E-2,-3.76710E-2,-3.70282E-2,-3.56505E-2,-3.48792E-2,-3.22209E-2,-2.82471E-2,-2.75885E-2,-3.02680E-2,-3.03437E-2,-2.45181E-2,-2.41964E-2,-2.30188E-2,-2.71029E-2,-2.21544E-2,-2.35603E-2,-2.20120E-2,-2.21736E-2,-2.34002E-2,-2.02423E-2,-2.26137E-2,-1.90574E-2,-2.12873E-2,-2.00438E-2,-1.97892E-2,-1.91875E-2,-1.70522E-2,-1.53951E-2,-1.48261E-2,-1.17479E-2,-1.56078E-2,-1.42846E-2,-1.25629E-2,-1.27497E-2,-1.25785E-2,-1.14919E-2,-1.06993E-2,-1.12610E-2,-1.06667E-2,-9.77462E-3,-1.20008E-2,-1.08621E-2,-9.53795E-3,-1.01356E-2,-1.12312E-2,-8.47259E-3,-8.49765E-3,-7.50346E-3,-7.10976E-3,-6.86572E-3,-5.68950E-3,-5.85155E-3,-4.71479E-3,-3.32771E-3,-2.75576E-3,-3.39824E-3,-3.12049E-3,-3.94557E-3,-2.77023E-3,-2.37681E-3,-1.67180E-3,-2.91179E-3,-2.82723E-3,-2.97779E-3,-3.97420E-3,-2.76713E-3,-2.90038E-3,-3.51926E-3,-4.36384E-3,-3.30174E-3,-4.46747E-3,-4.27746E-3,-3.06954E-3,-4.17713E-3,-5.27653E-3,-4.18883E-3,-3.93475E-3,-4.49992E-3,-4.10979E-3,-4.67651E-3,-2.99027E-3,-5.03422E-3,-4.00973E-3,-5.08818E-3,-3.59775E-3,-3.37879E-3,-5.21612E-3,-4.91901E-3,-4.13684E-3,-4.38949E-3,-4.53503E-3,-3.96539E-3,-4.92034E-3,-5.06790E-3,-4.28645E-3,-4.08708E-3,-4.75566E-3,-3.22877E-3,-3.06576E-3,-3.67721E-3,-3.11274E-3,-2.36074E-3,-3.51361E-3,-3.00332E-3,-3.40110E-3,1.99864E-3,-2.82883E-3,-8.52368E-4,-1.75757E-3,-8.42852E-4,-7.43088E-4,-1.27964E-3,-1.14605E-3,9.42629E-4,1.03010E-3,3.31808E-4,-8.38380E-4,-4.62990E-4,-2.31343E-3,-1.29747E-4,-1.09907E-3,-2.50488E-3,-1.21238E-3,-2.58907E-3,-2.94595E-3,-3.27947E-3,-2.05373E-3,-2.55672E-3,-2.37319E-3,-2.13903E-3
1.52464E+3,-1.03639E-3,-6.46728E-4,4.99760E-4,-1.11230E-3,5.14251E-4,2.20599E-3,3.88999E-5,-5.75194E-4,7.44746E-4,-6.11253E-4,3.90312E-4,-2.06661E-3,-1.18920E-3,3.27330E-4,2.51639E-3,1.00595E-2,2.20451E-2,3.09194E-2,3.33277E-2,2.12772E-2,4.50974E-3,-1.18832E-2,-2.81087E-2,-4.83749E-2,-5.70520E-2,-6.53140E-2,-6.72631E-2,-6.82757E-2,-6.34103E-2,-5.88221E-2,-5.52613E-2,-5.38034E-2,-5.02018E-2,-4.45871E-2,-4.80103E-2,-4.56826E-2,-4.27497E-2,-3.85607E-2,-3.84519E-2,-3.75072E-2,-3.65336E-2,-3.59628E-2,-3.35374E-2,-2.86927E-2,-2.87089E-2,-3.08189E-2,-3.11517E-2,-2.53055E-2,-2.49142E-2,-2.31324E-2,-2.76971E-2,-2.33169E-2,-2.43033E-2,-2.24247E-2,-2.29238E-2,-2.33934E-2,-2.07995E-2,-2.30829E-2,-1.99178E-2,-2.18957E-2,-2.11112E-2,-1.97925E-2,-1.94678E-2,-1.73246E-2,-1.58380E-2,-1.54710E-2,-1.21154E-2,-1.53725E-2,-1.44596E-2,-1.25534E-2,-1.30945E-2,-1.26821E-2,-1.20266E-2,-1.16075E-2,-1.18637E-2,-1.08021E-2,-1.01867E-2,-1.25230E-2,-1.09509E-2,-9.92213E-3,-1.09091E-2,-1.16818E-2,-9.16552E-3,-9.15651E-3,-7.84015E-3,-7.30416E-3,-7.00271E-3,-5.74783E-3,-6.09600E-3,-5.06495E-3,-3.79658E-3,-3.47725E-3,-3.55020E-3,-3.43241E-3,-4.57802E-3,-3.37469E-3,-2.60598E-3,-1.67947E-3,-2.63919E-3,-3.45807E-3,-2.36078E-3,-4.24129E-3,-3.10896E-3,-2.66574E-3,-3.38818E-3,-4.79830E-3,-3.20557E-3,-4.41194E-3,-4.48515E-3,-2.78367E-3,-4.54470E-3,-5.19186E-3,-4.14080E-3,-3.77300E-3,-4.97922E-3,-4.33226E-3,-4.92272E-3,-3.31770E-3,-5.93471E-3,-4.30122E-3,-5.40381E-3,-3.36069E-3,-4.49120E-3,-4.70036E-3,-4.50004E-3,-4.10250E-3,-4.24560E-3,-4.52889E-3,-4.24097E-3,-5.03269E-3,-4.58769E-3,-4.26463E-3,-4.03639E-3,-4.56194E-3,-3.32601E-3,-3.51069E-3,-4.19254E-3,-3.74837E-3,-1.96357E-3,-3.09604E-3,-3.03514E-3,-3.26675E-3,1.49254E-3,-2.91121E-3,-2.13148E-4,-1.99026E-3,-4.27481E-4,-1.24562E-3,-1.39125E-3,-1.21943E-3,5.70333E-4,1.15445E-3,5.07791E-4,-1.09740E-3,-1.99064E-4,-2.09791E-3,-4.94516E-4,-1.49404E-3,-3.04709E-3,-1.59383E-3,-2.22365E-3,-2.58584E-3,-3.61087E-3,-1.92073E-3,-2.82549E-3,-2.79461E-3,-1.91824E-3
1.52817E+3,-1.49236E-3,-2.74479E-5,3.99168E-4,-1.04398E-3,4.84012E-4,1.55217E-3,-1.94752E-6,-6.25794E-4,1.87227E-4,-1.36289E-3,-3.28003E-4,-1.56051E-3,-7.26119E-4,7.21623E-4,3.82486E-3,1.13497E-2,2.22349E-2,2.86431E-2,2.81703E-2,1.28674E-2,-2.74382E-3,-1.95279E-2,-3.34280E-2,-5.16922E-2,-5.94104E-2,-6.62483E-2,-6.83732E-2,-6.82269E-2,-6.32448E-2,-5.68641E-2,-5.44298E-2,-5.42494E-2,-4.98070E-2,-4.41722E-2,-4.79760E-2,-4.61135E-2,-4.24530E-2,-3.89022E-2,-3.85318E-2,-3.84347E-2,-3.61298E-2,-3.64226E-2,-3.33678E-2,-2.93103E-2,-2.88402E-2,-3.13619E-2,-3.12511E-2,-2.51759E-2,-2.48933E-2,-2.29549E-2,-2.85294E-2,-2.36199E-2,-2.46169E-2,-2.29335E-2,-2.30061E-2,-2.36174E-2,-2.13496E-2,-2.34811E-2,-1.99450E-2,-2.18984E-2,-2.12610E-2,-2.01584E-2,-1.96313E-2,-1.76697E-2,-1.60775E-2,-1.56142E-2,-1.29096E-2,-1.55609E-2,-1.50375E-2,-1.33466E-2,-1.30105E-2,-1.27584E-2,-1.22183E-2,-1.14935E-2,-1.19395E-2,-1.13169E-2,-1.05519E-2,-1.26111E-2,-1.08952E-2,-1.00241E-2,-1.07467E-2,-1.17339E-2,-9.01515E-3,-9.53130E-3,-8.21746E-3,-7.70829E-3,-7.28848E-3,-6.03522E-3,-6.45349E-3,-5.42458E-3,-3.76726E-3,-3.41573E-3,-4.23177E-3,-3.95522E-3,-4.88180E-3,-4.23834E-3,-2.69676E-3,-2.42569E-3,-2.91836E-3,-3.03124E-3,-3.17848E-3,-4.50852E-3,-3.67754E-3,-3.16454E-3,-3.82113E-3,-4.89035E-3,-3.54984E-3,-4.70652E-3,-4.68458E-3,-3.04995E-3,-4.34986E-3,-5.68943E-3,-4.50649E-3,-3.89420E-3,-4.98241E-3,-4.54847E-3,-4.86820E-3,-3.51062E-3,-5.31140E-3,-3.72637E-3,-4.86813E-3,-3.62013E-3,-4.13310E-3,-4.93986E-3,-5.14853E-3,-4.58394E-3,-4.64046E-3,-5.64311E-3,-4.12117E-3,-5.22429E-3,-4.83970E-3,-4.88382E-3,-4.64134E-3,-4.60466E-3,-3.13497E-3,-3.68278E-3,-3.87336E-3,-3.63120E-3,-2.64512E-3,-3.22407E-3,-3.13535E-3,-3.54250E-3,1.02422E-3,-3.20091E-3,-8.91265E-4,-2.55456E-3,3.16285E-5,-1.53723E-3,-1.48999E-3,-1.19441E-3,6.54265E-4,2.97957E-4,4.24385E-4,-7.58294E-4,-2.71155E-4,-2.18641E-3,-3.18640E-4,-1.53404E-3,-2.70032E-3,-2.06394E-3,-2.37668E-3,-2.99427E-3,-4.09157E-3,-2.33072E-3,-2.68383E-3,-2.40148E-3,-2.72282E-3
1.53171E+3,-1.21236E-3,-3.01903E-4,2.12335E-4,-1.45101E-3,3.29369E-4,1.37156E-3,6.81406E-4,-1.12234E-3,-4.10331E-5,-1.73679E-3,-4.37751E-4,-1.33496E-3,-1.01435E-3,1.01845E-3,5.03937E-3,1.21304E-2,2.17565E-2,2.66041E-2,2.25094E-2,6.50591E-3,-9.91439E-3,-2.61861E-2,-3.82388E-2,-5.50703E-2,-6.08454E-2,-6.67101E-2,-6.81544E-2,-6.76535E-2,-6.31740E-2,-5.73215E-2,-5.48742E-2,-5.46468E-2,-5.03601E-2,-4.48246E-2,-4.84692E-2,-4.61526E-2,-4.30027E-2,-3.96303E-2,-3.87359E-2,-3.91035E-2,-3.70910E-2,-3.66937E-2,-3.42510E-2,-2.97104E-2,-2.88913E-2,-3.13849E-2,-3.23753E-2,-2.60882E-2,-2.59468E-2,-2.31685E-2,-2.78690E-2,-2.41158E-2,-2.58752E-2,-2.40009E-2,-2.33305E-2,-2.45039E-2,-2.17824E-2,-2.41040E-2,-2.02901E-2,-2.18215E-2,-2.10986E-2,-2.09503E-2,-2.05430E-2,-1.79033E-2,-1.66004E-2,-1.61625E-2,-1.37699E-2,-1.62054E-2,-1.53228E-2,-1.34836E-2,-1.37791E-2,-1.33768E-2,-1.37146E-2,-1.19423E-2,-1.19838E-2,-1.14336E-2,-1.06543E-2,-1.32654E-2,-1.14801E-2,-1.03080E-2,-1.11941E-2,-1.20797E-2,-1.00311E-2,-9.94536E-3,-8.01700E-3,-7.18656E-3,-7.72077E-3,-6.10250E-3,-6.92159E-3,-5.75418E-3,-4.11966E-3,-3.71782E-3,-4.14246E-3,-4.39539E-3,-5.00340E-3,-3.79056E-3,-3.44213E-3,-2.20482E-3,-3.09537E-3,-3.74499E-3,-2.79962E-3,-4.81321E-3,-3.39799E-3,-3.92561E-3,-4.14057E-3,-4.62366E-3,-3.88780E-3,-4.35435E-3,-4.56507E-3,-3.18018E-3,-4.76482E-3,-5.90823E-3,-4.64125E-3,-4.67462E-3,-5.00913E-3,-4.75851E-3,-4.96391E-3,-3.77398E-3,-5.43580E-3,-4.36295E-3,-5.04366E-3,-4.30662E-3,-4.04313E-3,-5.32774E-3,-5.03820E-3,-4.24164E-3,-4.54819E-3,-5.27998E-3,-4.42707E-3,-5.22919E-3,-4.59163E-3,-4.61304E-3,-4.73008E-3,-4.89144E-3,-3.57371E-3,-4.27299E-3,-3.86636E-3,-3.60485E-3,-2.05630E-3,-3.94102E-3,-3.36036E-3,-3.80841E-3,1.32983E-3,-3.21165E-3,-3.00756E-4,-1.97929E-3,-8.65958E-4,-1.35638E-3,-1.69413E-3,-1.23507E-3,-3.08806E-5,1.71691E-4,1.51150E-4,-1.11995E-3,-1.39955E-4,-2.07981E-3,-4.51062E-4,-1.26423E-3,-2.82709E-3,-2.16842E-3,-2.37586E-3,-3.03829E-3,-3.65147E-3,-2.24194E-3,-2.85427E-3,-2.54144E-3,-2.35866E-3
1.53526E+3,-1.33720E-3,-4.98447E-4,6.21989E-4,-2.04731E-3,-1.24155E-4,1.17454E-3,4.36920E-4,-8.07934E-4,-2.64718E-4,-1.35420E-3,-7.91255E-4,-1.77514E-3,-9.80583E-4,1.79811E-3,5.94938E-3,1.33605E-2,2.01692E-2,2.35741E-2,1.68689E-2,-2.74544E-4,-1.60825E-2,-3.14520E-2,-4.25879E-2,-5.72566E-2,-6.17384E-2,-6.74985E-2,-6.74781E-2,-6.74326E-2,-6.28564E-2,-5.68328E-2,-5.49317E-2,-5.44638E-2,-5.06715E-2,-4.52022E-2,-4.92036E-2,-4.71449E-2,-4.35407E-2,-4.06057E-2,-3.92375E-2,-3.99346E-2,-3.76076E-2,-3.78378E-2,-3.44566E-2,-2.99231E-2,-2.97940E-2,-3.19481E-2,-3.22938E-2,-2.65045E-2,-2.64376E-2,-2.36498E-2,-2.76739E-2,-2.35099E-2,-2.64413E-2,-2.40692E-2,-2.35834E-2,-2.50230E-2,-2.19785E-2,-2.45019E-2,-2.07223E-2,-2.20505E-2,-2.17832E-2,-2.09904E-2,-2.05714E-2,-1.85072E-2,-1.65520E-2,-1.59686E-2,-1.37947E-2,-1.60189E-2,-1.54763E-2,-1.40899E-2,-1.39269E-2,-1.33652E-2,-1.31838E-2,-1.20467E-2,-1.21337E-2,-1.19153E-2,-1.06663E-2,-1.30921E-2,-1.24630E-2,-1.07780E-2,-1.11702E-2,-1.25219E-2,-9.75052E-3,-9.91498E-3,-8.00671E-3,-8.02982E-3,-7.27307E-3,-7.00082E-3,-6.77727E-3,-6.61327E-3,-4.29157E-3,-3.85875E-3,-3.77060E-3,-3.58091E-3,-4.67332E-3,-3.79445E-3,-3.23594E-3,-2.60661E-3,-3.51175E-3,-3.86718E-3,-3.12074E-3,-4.61973E-3,-3.87098E-3,-3.35432E-3,-4.16180E-3,-5.05169E-3,-3.85607E-3,-4.78867E-3,-4.57933E-3,-3.00617E-3,-4.23774E-3,-5.78018E-3,-4.98750E-3,-4.80758E-3,-4.71737E-3,-5.02339E-3,-5.18738E-3,-4.20571E-3,-5.84279E-3,-3.85991E-3,-5.12420E-3,-4.08710E-3,-3.90076E-3,-5.37828E-3,-5.41521E-3,-3.98699E-3,-4.82962E-3,-4.99065E-3,-4.75952E-3,-5.70270E-3,-4.96260E-3,-4.54042E-3,-4.54611E-3,-4.66951E-3,-3.32291E-3,-3.89415E-3,-3.95791E-3,-3.71417E-3,-3.06991E-3,-3.70921E-3,-3.38307E-3,-3.74804E-3,8.20147E-4,-2.74218E-3,-7.22102E-4,-2.47169E-3,-7.85603E-4,-1.40599E-3,-1.68195E-3,-1.18508E-3,3.92188E-4,8.65998E-5,-7.73017E-5,-1.07828E-3,-4.86958E-4,-2.27917E-3,-7.70634E-4,-1.68074E-3,-2.49984E-3,-1.99136E-3,-2.82773E-3,-2.94268E-3,-3.41744E-3,-2.62465E-3,-3.08196E-3,-2.64229E-3,-2.29380E-3
1.53880E+3,-1.46330E-3,-5.98866E-4,-2.30642E-4,-1.86346E-3,-1.41347E-4,1.18482E-3,5.89354E-4,-1.52591E-3,-2.72981E-4,-1.66096E-3,-5.01295E-4,-1.84512E-3,-5.71439E-4,2.28550E-3,6.61565E-3,1.40316E-2,1.86930E-2,1.93737E-2,1.05312E-2,-7.18896E-3,-2.20269E-2,-3.67876E-2,-4.62619E-2,-5.99136E-2,-6.34867E-2,-6.71085E-2,-6.75447E-2,-6.66996E-2,-6.23978E-2,-5.71643E-2,-5.49197E-2,-5.49521E-2,-5.14507E-2,-4.60218E-2,-4.98628E-2,-4.81192E-2,-4.41221E-2,-4.11743E-2,-3.97058E-2,-3.98383E-2,-3.84786E-2,-3.78993E-2,-3.48433E-2,-3.05596E-2,-3.01281E-2,-3.26820E-2,-3.31248E-2,-2.65994E-2,-2.65013E-2,-2.51311E-2,-2.83176E-2,-2.44435E-2,-2.62157E-2,-2.44868E-2,-2.43570E-2,-2.50383E-2,-2.32594E-2,-2.48531E-2,-2.14635E-2,-2.25012E-2,-2.24493E-2,-2.19152E-2,-2.14091E-2,-1.86554E-2,-1.70428E-2,-1.68898E-2,-1.38998E-2,-1.65845E-2,-1.60482E-2,-1.40612E-2,-1.39965E-2,-1.40128E-2,-1.36056E-2,-1.24681E-2,-1.26786E-2,-1.21494E-2,-1.19312E-2,-1.35624E-2,-1.21610E-2,-1.05031E-2,-1.16806E-2,-1.25006E-2,-9.89457E-3,-1.04937E-2,-8.77138E-3,-8.23113E-3,-7.67114E-3,-6.96736E-3,-7.34224E-3,-6.06919E-3,-4.40877E-3,-4.17542E-3,-3.87957E-3,-4.17122E-3,-4.56158E-3,-4.43651E-3,-3.40977E-3,-2.75066E-3,-3.40153E-3,-4.18815E-3,-4.36243E-3,-5.10340E-3,-4.05193E-3,-3.57420E-3,-3.88640E-3,-5.27951E-3,-3.60626E-3,-4.53061E-3,-4.71403E-3,-3.44237E-3,-4.59333E-3,-6.09272E-3,-5.02001E-3,-4.45663E-3,-4.93905E-3,-5.04081E-3,-5.54188E-3,-4.18403E-3,-5.44687E-3,-3.94798E-3,-5.26971E-3,-4.25840E-3,-4.30058E-3,-4.95737E-3,-4.85273E-3,-4.42041E-3,-4.73210E-3,-5.03724E-3,-4.52823E-3,-5.50173E-3,-5.39811E-3,-4.80238E-3,-5.30269E-3,-4.88189E-3,-3.72565E-3,-4.70092E-3,-4.48266E-3,-3.87278E-3,-2.71237E-3,-3.72312E-3,-3.40098E-3,-3.82139E-3,1.49001E-3,-3.24393E-3,-1.68863E-3,-2.57413E-3,-8.83265E-4,-1.36055E-3,-1.70583E-3,-1.19671E-3,7.77396E-4,7.33589E-4,-1.46091E-4,-1.34430E-3,-1.29129E-3,-2.70749E-3,-5.11839E-4,-1.82790E-3,-3.45188E-3,-1.89284E-3,-2.36337E-3,-3.20796E-3,-3.80341E-3,-2.51109E-3,-3.19258E-3,-2.57216E-3,-2.38382E-3
1.54234E+3,-1.73298E-3,-8.57886E-4,-2.63656E-4,-1.54341E-3,1.79408E-5,8.37060E-4,2.55510E-4,-1.76201E-3,-2.23606E-4,-1.88863E-3,-9.19599E-4,-1.22994E-3,-6.71614E-4,3.09199E-3,6.89083E-3,1.35594E-2,1.68101E-2,1.67659E-2,5.62064E-3,-1.24832E-2,-2.64227E-2,-4.03107E-2,-4.92012E-2,-6.00848E-2,-6.29363E-2,-6.63617E-2,-6.64804E-2,-6.57002E-2,-6.14755E-2,-5.63598E-2,-5.47629E-2,-5.47207E-2,-5.07807E-2,-4.54090E-2,-5.01236E-2,-4.83925E-2,-4.49406E-2,-4.12433E-2,-3.99235E-2,-4.05086E-2,-3.89510E-2,-3.91098E-2,-3.59616E-2,-3.16833E-2,-3.07059E-2,-3.36929E-2,-3.33060E-2,-2.61231E-2,-2.70587E-2,-2.47090E-2,-2.92664E-2,-2.42320E-2,-2.74601E-2,-2.46229E-2,-2.48216E-2,-2.53090E-2,-2.31980E-2,-2.53878E-2,-2.14847E-2,-2.24363E-2,-2.27238E-2,-2.17347E-2,-2.18328E-2,-1.88635E-2,-1.78515E-2,-1.71377E-2,-1.55037E-2,-1.67479E-2,-1.62172E-2,-1.44040E-2,-1.46937E-2,-1.43426E-2,-1.37008E-2,-1.26770E-2,-1.30403E-2,-1.23462E-2,-1.15984E-2,-1.40431E-2,-1.20845E-2,-1.04818E-2,-1.14521E-2,-1.27193E-2,-1.00789E-2,-1.02295E-2,-8.57468E-3,-8.09511E-3,-7.82708E-3,-6.93828E-3,-7.12812E-3,-5.94120E-3,-4.59572E-3,-4.53388E-3,-3.84827E-3,-4.14712E-3,-4.34626E-3,-5.00081E-3,-3.51326E-3,-2.82777E-3,-3.44556E-3,-4.29425E-3,-4.04395E-3,-4.94897E-3,-3.83121E-3,-3.54376E-3,-4.20847E-3,-5.13549E-3,-4.29034E-3,-4.57399E-3,-5.10026E-3,-3.38178E-3,-4.89477E-3,-5.90526E-3,-5.37014E-3,-4.48270E-3,-5.12569E-3,-5.09992E-3,-5.73829E-3,-4.25548E-3,-5.60332E-3,-4.22075E-3,-5.01732E-3,-4.64577E-3,-4.75178E-3,-5.07698E-3,-5.17447E-3,-4.08049E-3,-5.29613E-3,-4.96325E-3,-4.29842E-3,-5.46651E-3,-4.94068E-3,-4.84617E-3,-5.21225E-3,-5.17293E-3,-3.52399E-3,-4.31754E-3,-4.09934E-3,-3.44192E-3,-3.41161E-3,-3.61261E-3,-3.92813E-3,-4.47571E-3,9.86360E-4,-3.15573E-3,-7.17446E-4,-2.42339E-3,-1.15166E-3,-1.38624E-3,-1.86268E-3,-1.74107E-3,-1.19603E-4,3.15188E-4,-2.12987E-4,-1.14831E-3,-8.53176E-4,-3.16244E-3,-1.23206E-3,-1.43838E-3,-3.10511E-3,-2.18594E-3,-2.61373E-3,-2.84630E-3,-4.16529E-3,-2.73568E-3,-2.99345E-3,-2.83439E-3,-2.95773E-3
1.54588E+3,-1.90732E-3,-9.85998E-4,-8.28433E-5,-1.68026E-3,-5.85871E-5,9.36605E-4,1.84193E-5,-1.59756E-3,-5.70086E-4,-2.87054E-3,-9.96265E-4,-9.02258E-4,-1.24494E-4,3.58279E-3,7.23841E-3,1.29000E-2,1.42096E-2,1.22008E-2,-9.66605E-5,-1.70242E-2,-3.08161E-2,-4.30908E-2,-5.05202E-2,-6.07517E-2,-6.30936E-2,-6.56185E-2,-6.55207E-2,-6.48348E-2,-6.09164E-2,-5.68180E-2,-5.47477E-2,-5.44817E-2,-5.17736E-2,-4.65982E-2,-5.11399E-2,-4.90355E-2,-4.48409E-2,-4.21904E-2,-4.08753E-2,-4.10039E-2,-3.87358E-2,-3.98274E-2,-3.67187E-2,-3.20312E-2,-3.09800E-2,-3.44716E-2,-3.39073E-2,-2.72195E-2,-2.74506E-2,-2.57299E-2,-2.97882E-2,-2.55369E-2,-2.77515E-2,-2.55045E-2,-2.51725E-2,-2.59424E-2,-2.34707E-2,-2.60656E-2,-2.19653E-2,-2.34690E-2,-2.32549E-2,-2.24839E-2,-2.18313E-2,-2.00358E-2,-1.82199E-2,-1.70565E-2,-1.51047E-2,-1.69949E-2,-1.67770E-2,-1.45184E-2,-1.45832E-2,-1.43090E-2,-1.41908E-2,-1.26859E-2,-1.33955E-2,-1.25337E-2,-1.23427E-2,-1.43184E-2,-1.26198E-2,-1.18552E-2,-1.26824E-2,-1.26942E-2,-1.07429E-2,-1.05649E-2,-8.58051E-3,-8.34478E-3,-7.95913E-3,-7.17193E-3,-7.58372E-3,-6.33030E-3,-4.96515E-3,-4.55264E-3,-4.71824E-3,-5.21293E-3,-5.15248E-3,-5.17047E-3,-3.59871E-3,-2.10653E-3,-3.48081E-3,-4.48528E-3,-4.07033E-3,-5.27306E-3,-4.17401E-3,-3.84355E-3,-4.47071E-3,-5.11758E-3,-4.03259E-3,-4.45239E-3,-5.10424E-3,-3.97795E-3,-4.73159E-3,-5.55419E-3,-4.95104E-3,-4.87288E-3,-5.44631E-3,-5.00754E-3,-6.10068E-3,-4.16959E-3,-5.75573E-3,-4.43767E-3,-5.44832E-3,-4.57077E-3,-4.58837E-3,-5.30147E-3,-5.11283E-3,-4.51454E-3,-4.73249E-3,-4.97690E-3,-4.70441E-3,-5.45237E-3,-4.83433E-3,-4.73515E-3,-5.00506E-3,-5.16639E-3,-3.66932E-3,-4.06708E-3,-4.52981E-3,-3.99274E-3,-2.98993E-3,-4.06769E-3,-4.02995E-3,-4.31726E-3,8.00776E-4,-3.62302E-3,-8.60460E-4,-2.51642E-3,-1.18107E-3,-1.63087E-3,-1.90517E-3,-1.96596E-3,-7.89220E-5,4.32861E-5,-3.67163E-4,-1.56903E-3,-3.26299E-4,-2.94228E-3,-8.26026E-4,-2.27321E-3,-2.63033E-3,-2.19439E-3,-2.94287E-3,-3.48210E-3,-4.06843E-3,-3.14085E-3,-2.90142E-3,-3.03773E-3,-2.55304E-3
1.54942E+3,-1.20877E-3,-9.59844E-4,-3.12038E-4,-1.71050E-3,-1.34450E-4,7.28626E-4,-2.11057E-4,-2.29226E-3,-6.78531E-4,-2.16340E-3,-1.17043E-3,-4.93998E-4,-9.17340E-5,3.78761E-3,6.91078E-3,1.22765E-2,1.07952E-2,7.62254E-3,-5.17613E-3,-2.25021E-2,-3.42776E-2,-4.62415E-2,-5.22011E-2,-6.12362E-2,-6.21723E-2,-6.57823E-2,-6.47281E-2,-6.51797E-2,-6.01559E-2,-5.61694E-2,-5.53262E-2,-5.49808E-2,-5.22562E-2,-4.74099E-2,-5.12296E-2,-4.98160E-2,-4.50791E-2,-4.17880E-2,-4.11308E-2,-4.21223E-2,-4.02180E-2,-4.11420E-2,-3.63981E-2,-3.32829E-2,-3.15385E-2,-3.43940E-2,-3.40186E-2,-2.75631E-2,-2.79455E-2,-2.65305E-2,-3.07816E-2,-2.65845E-2,-2.79636E-2,-2.55594E-2,-2.57195E-2,-2.65495E-2,-2.39087E-2,-2.64032E-2,-2.23445E-2,-2.35182E-2,-2.31754E-2,-2.31083E-2,-2.22659E-2,-1.93015E-2,-1.90190E-2,-1.76478E-2,-1.50963E-2,-1.72901E-2,-1.73539E-2,-1.52062E-2,-1.51326E-2,-1.49871E-2,-1.47359E-2,-1.31014E-2,-1.35069E-2,-1.24996E-2,-1.24574E-2,-1.40867E-2,-1.24374E-2,-1.17942E-2,-1.23824E-2,-1.32446E-2,-1.10216E-2,-1.10825E-2,-9.71442E-3,-9.11320E-3,-8.21628E-3,-7.00916E-3,-7.96086E-3,-6.79195E-3,-5.80276E-3,-4.58508E-3,-4.71391E-3,-5.14769E-3,-4.52043E-3,-5.06201E-3,-4.72889E-3,-2.53863E-3,-3.99704E-3,-4.25479E-3,-4.38409E-3,-5.17036E-3,-4.73020E-3,-4.29447E-3,-4.03624E-3,-6.03207E-3,-4.89857E-3,-5.38957E-3,-5.13591E-3,-3.75436E-3,-4.78887E-3,-5.78053E-3,-4.90247E-3,-5.00028E-3,-5.03260E-3,-5.24189E-3,-5.91692E-3,-4.20188E-3,-5.95680E-3,-4.61429E-3,-5.28531E-3,-4.14659E-3,-4.68938E-3,-5.61604E-3,-5.62362E-3,-5.24375E-3,-5.05543E-3,-5.56121E-3,-4.67609E-3,-5.69254E-3,-5.28779E-3,-4.61612E-3,-4.95528E-3,-5.08600E-3,-3.55805E-3,-4.35387E-3,-4.00135E-3,-3.37272E-3,-2.94411E-3,-3.85147E-3,-3.09848E-3,-3.88628E-3,7.31222E-4,-3.44296E-3,-1.56698E-3,-3.01922E-3,-5.70208E-4,-2.05816E-3,-2.59637E-3,-1.93989E-3,2.79789E-4,-5.66461E-4,-2.57858E-4,-1.40067E-3,-8.07854E-4,-3.12515E-3,-9.21370E-4,-1.92523E-3,-3.10948E-3,-2.05116E-3,-2.84058E-3,-3.14007E-3,-4.08935E-3,-2.36838E-3,-3.58873E-3,-2.89151E-3,-3.25281E-3
1.55297E+3,-1.92078E-3,-1.05640E-3,-3.01201E-4,-1.98743E-3,-6.48492E-4,4.59949E-4,2.76717E-4,-1.46130E-3,-2.40591E-4,-2.53760E-3,-1.02517E-3,-9.27562E-4,3.32862E-4,4.96051E-3,6.07649E-3,1.03954E-2,7.72769E-3,4.07946E-3,-9.80987E-3,-2.56608E-2,-3.74212E-2,-4.85040E-2,-5.23777E-2,-6.10746E-2,-6.19614E-2,-6.45425E-2,-6.40462E-2,-6.38661E-2,-5.99750E-2,-5.57413E-2,-5.45552E-2,-5.54217E-2,-5.20537E-2,-4.65726E-2,-5.10786E-2,-5.01024E-2,-4.58227E-2,-4.26851E-2,-4.16397E-2,-4.26150E-2,-4.00019E-2,-4.04824E-2,-3.64890E-2,-3.29501E-2,-3.18836E-2,-3.53686E-2,-3.45977E-2,-2.82116E-2,-2.79283E-2,-2.65707E-2,-3.04598E-2,-2.64176E-2,-2.81565E-2,-2.61311E-2,-2.60048E-2,-2.70469E-2,-2.44055E-2,-2.65421E-2,-2.29999E-2,-2.37467E-2,-2.39832E-2,-2.34305E-2,-2.27690E-2,-2.00666E-2,-1.95913E-2,-1.78285E-2,-1.61852E-2,-1.78602E-2,-1.72518E-2,-1.53160E-2,-1.51923E-2,-1.47213E-2,-1.45094E-2,-1.30471E-2,-1.38458E-2,-1.30761E-2,-1.33122E-2,-1.45186E-2,-1.33577E-2,-1.19549E-2,-1.27515E-2,-1.37880E-2,-1.08150E-2,-1.18800E-2,-9.67910E-3,-8.95099E-3,-8.84962E-3,-7.61587E-3,-8.71166E-3,-7.41421E-3,-5.49158E-3,-5.14613E-3,-4.68250E-3,-4.81995E-3,-5.07898E-3,-5.26737E-3,-4.33707E-3,-3.02686E-3,-3.38239E-3,-4.72518E-3,-3.69406E-3,-5.63119E-3,-4.35767E-3,-4.32838E-3,-4.68893E-3,-5.71584E-3,-4.10918E-3,-4.74841E-3,-5.23302E-3,-3.93795E-3,-5.31608E-3,-6.06174E-3,-5.36636E-3,-5.92652E-3,-5.57675E-3,-5.17526E-3,-6.07241E-3,-4.41348E-3,-5.88461E-3,-4.45506E-3,-5.79921E-3,-4.35760E-3,-4.67413E-3,-6.05472E-3,-5.24060E-3,-4.96824E-3,-4.84794E-3,-5.08752E-3,-4.06980E-3,-5.78953E-3,-5.02146E-3,-5.16351E-3,-5.15145E-3,-5.37620E-3,-4.18096E-3,-3.61072E-3,-4.40354E-3,-3.56700E-3,-2.79694E-3,-3.57731E-3,-3.78388E-3,-2.91080E-3,1.00476E-3,-3.67272E-3,-1.11935E-3,-2.45430E-3,-9.63623E-4,-1.29779E-3,-2.23849E-3,-2.13887E-3,2.26100E-4,1.46931E-4,-5.73615E-4,-1.38055E-3,-3.62873E-4,-2.67202E-3,-1.51679E-3,-2.38865E-3,-3.05123E-3,-1.82403E-3,-2.93104E-3,-3.35713E-3,-3.69017E-3,-2.46902E-3,-3.63835E-3,-2.94335E-3,-2.46716E-3
1.55651E+3,-2.17446E-3,-1.05399E-3,-1.68450E-4,-1.73039E-3,-3.65878E-4,4.57583E-4,7.54197E-4,-1.56341E-3,-1.16646E-3,-2.11351E-3,-1.11761E-3,-2.39284E-4,2.10687E-4,4.83738E-3,5.43359E-3,8.78261E-3,5.17096E-3,3.39715E-4,-1.33367E-2,-2.89261E-2,-3.87863E-2,-4.91610E-2,-5.24958E-2,-5.98414E-2,-6.06632E-2,-6.29401E-2,-6.26752E-2,-6.22184E-2,-5.81071E-2,-5.44695E-2,-5.34110E-2,-5.56933E-2,-5.10562E-2,-4.63879E-2,-5.12026E-2,-4.98489E-2,-4.58547E-2,-4.27823E-2,-4.15326E-2,-4.18063E-2,-3.95062E-2,-4.11259E-2,-3.72573E-2,-3.27543E-2,-3.19887E-2,-3.48882E-2,-3.47410E-2,-2.82506E-2,-2.81899E-2,-2.64414E-2,-3.02984E-2,-2.58856E-2,-2.85319E-2,-2.63663E-2,-2.60980E-2,-2.64915E-2,-2.44178E-2,-2.60624E-2,-2.28005E-2,-2.35912E-2,-2.39140E-2,-2.32645E-2,-2.31593E-2,-2.05065E-2,-1.94145E-2,-1.80948E-2,-1.64538E-2,-1.83288E-2,-1.77905E-2,-1.54958E-2,-1.55244E-2,-1.45112E-2,-1.50309E-2,-1.38710E-2,-1.38647E-2,-1.35158E-2,-1.30694E-2,-1.42878E-2,-1.36428E-2,-1.17021E-2,-1.34864E-2,-1.37131E-2,-1.07780E-2,-1.19284E-2,-9.96423E-3,-8.71306E-3,-8.74102E-3,-7.54999E-3,-8.13494E-3,-7.10046E-3,-5.65071E-3,-5.00365E-3,-4.50520E-3,-4.42039E-3,-5.08981E-3,-5.04544E-3,-4.08680E-3,-2.59524E-3,-3.89110E-3,-4.69636E-3,-4.62664E-3,-5.03823E-3,-4.60679E-3,-3.85069E-3,-4.25473E-3,-5.94119E-3,-4.52959E-3,-5.07559E-3,-5.55261E-3,-3.40129E-3,-4.51835E-3,-6.38600E-3,-5.06309E-3,-5.32966E-3,-4.77780E-3,-5.20342E-3,-6.02643E-3,-3.98957E-3,-5.21321E-3,-4.78807E-3,-5.21262E-3,-4.25487E-3,-4.94153E-3,-5.39348E-3,-5.36924E-3,-4.34068E-3,-5.72987E-3,-5.92489E-3,-3.95804E-3,-5.24592E-3,-4.91945E-3,-4.47704E-3,-5.04595E-3,-4.68876E-3,-4.27027E-3,-4.64029E-3,-4.69296E-3,-3.51407E-3,-3.18894E-3,-3.51980E-3,-3.84890E-3,-3.46644E-3,2.92263E-4,-3.26408E-3,-1.60024E-3,-2.28201E-3,-9.15610E-4,-1.69406E-3,-2.01224E-3,-1.51793E-3,3.15041E-4,-1.96232E-4,7.41903E-4,-1.69998E-3,-3.08521E-4,-3.02922E-3,-9.34078E-4,-2.16275E-3,-3.38352E-3,-2.20447E-3,-2.51500E-3,-3.03157E-3,-4.40716E-3,-2.44550E-3,-3.70617E-3,-2.82640E-3,-2.89386E-3
1.56006E+3,-2.19453E-3,-1.47226E-3,4.44045E-4,-2.30058E-3,-6.50585E-4,3.46353E-4,9.19215E-4,-2.00115E-3,-1.32772E-3,-2.27360E-3,-8.83895E-4,-2.54941E-4,1.14717E-3,5.21192E-3,5.29055E-3,6.86905E-3,1.67695E-3,-3.87357E-3,-1.64789E-2,-3.11799E-2,-4.04121E-2,-4.95824E-2,-5.19392E-2,-5.94341E-2,-5.94352E-2,-6.19378E-2,-6.15021E-2,-6.16861E-2,-5.75995E-2,-5.32580E-2,-5.33325E-2,-5.52539E-2,-5.20520E-2,-4.69042E-2,-5.20249E-2,-5.02421E-2,-4.63813E-2,-4.31132E-2,-4.19095E-2,-4.26722E-2,-4.03583E-2,-4.17901E-2,-3.75012E-2,-3.38390E-2,-3.23168E-2,-3.52730E-2,-3.46589E-2,-2.81820E-2,-2.88205E-2,-2.70953E-2,-3.04718E-2,-2.67693E-2,-2.90956E-2,-2.65484E-2,-2.60641E-2,-2.69071E-2,-2.48378E-2,-2.67970E-2,-2.32569E-2,-2.43271E-2,-2.44183E-2,-2.30297E-2,-2.35505E-2,-2.01991E-2,-1.89193E-2,-1.82060E-2,-1.63523E-2,-1.81926E-2,-1.82497E-2,-1.58848E-2,-1.58354E-2,-1.53874E-2,-1.53504E-2,-1.35377E-2,-1.45196E-2,-1.30415E-2,-1.33538E-2,-1.49009E-2,-1.38116E-2,-1.19303E-2,-1.36225E-2,-1.37908E-2,-1.10916E-2,-1.19494E-2,-1.00737E-2,-9.52040E-3,-8.93077E-3,-8.29978E-3,-8.46183E-3,-8.27003E-3,-5.58364E-3,-5.13032E-3,-4.61008E-3,-4.31616E-3,-5.31032E-3,-5.36093E-3,-4.50113E-3,-2.90682E-3,-3.87357E-3,-4.61547E-3,-4.78336E-3,-5.79766E-3,-5.10955E-3,-4.26276E-3,-3.88245E-3,-5.78764E-3,-4.44388E-3,-5.55466E-3,-5.20681E-3,-4.21149E-3,-5.02034E-3,-5.70111E-3,-5.36220E-3,-5.21245E-3,-5.46266E-3,-5.18769E-3,-6.18309E-3,-5.03782E-3,-5.19821E-3,-4.98120E-3,-5.42589E-3,-4.45516E-3,-4.64588E-3,-5.74461E-3,-5.62423E-3,-4.42165E-3,-5.62574E-3,-5.46194E-3,-4.21382E-3,-6.05134E-3,-4.94794E-3,-4.53967E-3,-4.93413E-3,-4.90191E-3,-4.21765E-3,-5.21173E-3,-4.37324E-3,-3.36874E-3,-2.91638E-3,-3.57766E-3,-3.92975E-3,-3.80218E-3,5.90843E-4,-3.50755E-3,-1.63999E-3,-2.93423E-3,-9.68095E-4,-2.24224E-3,-2.42024E-3,-1.81252E-3,-2.45882E-4,-4.61367E-4,-6.88499E-4,-1.78816E-3,-9.94290E-4,-3.11445E-3,-1.09915E-3,-1.98563E-3,-3.39984E-3,-1.96533E-3,-2.71416E-3,-3.47990E-3,-4.32770E-3,-2.34467E-3,-4.01396E-3,-3.44058E-3,-3.11451E-3
1.56361E+3,-1.97827E-3,-9.87728E-4,4.46509E-4,-1.85799E-3,-3.91258E-4,5.81970E-4,1.64702E-4,-1.23630E-3,-1.00313E-3,-1.63725E-3,-7.27359E-4,-1.00189E-4,1.15168E-3,4.18264E-3,3.39197E-3,4.52650E-3,-1.53860E-3,-6.76564E-3,-1.94668E-2,-3.38967E-2,-4.21168E-2,-5.00327E-2,-5.23700E-2,-5.92169E-2,-5.86327E-2,-6.08287E-2,-6.10654E-2,-6.05635E-2,-5.71255E-2,-5.32604E-2,-5.38535E-2,-5.52147E-2,-5.20759E-2,-4.76143E-2,-5.26003E-2,-5.07896E-2,-4.67459E-2,-4.32860E-2,-4.18277E-2,-4.22516E-2,-4.11089E-2,-4.21141E-2,-3.75830E-2,-3.32407E-2,-3.26507E-2,-3.57418E-2,-3.54965E-2,-2.78128E-2,-2.88829E-2,-2.70622E-2,-3.04993E-2,-2.63718E-2,-2.92231E-2,-2.67415E-2,-2.65245E-2,-2.71544E-2,-2.52400E-2,-2.71829E-2,-2.33368E-2,-2.41674E-2,-2.44470E-2,-2.34884E-2,-2.31445E-2,-2.05022E-2,-1.94091E-2,-1.74866E-2,-1.67347E-2,-1.83881E-2,-1.75997E-2,-1.59569E-2,-1.53047E-2,-1.51709E-2,-1.52257E-2,-1.42705E-2,-1.43957E-2,-1.38729E-2,-1.36675E-2,-1.47520E-2,-1.34517E-2,-1.22526E-2,-1.29903E-2,-1.40015E-2,-1.21184E-2,-1.17598E-2,-1.04299E-2,-9.92382E-3,-9.32239E-3,-8.08761E-3,-8.91444E-3,-8.53938E-3,-5.74089E-3,-5.56567E-3,-4.44586E-3,-4.44441E-3,-5.75501E-3,-5.08768E-3,-4.38194E-3,-3.59825E-3,-3.84495E-3,-4.29607E-3,-4.51776E-3,-5.50686E-3,-5.17267E-3,-3.73516E-3,-4.28576E-3,-5.60703E-3,-4.87375E-3,-5.43568E-3,-4.86099E-3,-4.25024E-3,-5.27843E-3,-5.93016E-3,-5.03354E-3,-5.57491E-3,-5.17804E-3,-4.62259E-3,-5.55321E-3,-4.39311E-3,-6.38890E-3,-4.73520E-3,-5.82395E-3,-4.95871E-3,-5.02705E-3,-5.80520E-3,-5.08901E-3,-5.35861E-3,-4.68034E-3,-5.27167E-3,-4.78780E-3,-5.66543E-3,-5.28084E-3,-5.09683E-3,-4.96901E-3,-4.61969E-3,-4.00515E-3,-3.45242E-3,-4.39562E-3,-3.19114E-3,-2.97037E-3,-3.76112E-3,-3.99882E-3,-4.03083E-3,3.08017E-4,-3.38979E-3,-2.07013E-3,-2.89768E-3,-1.08063E-3,-1.40385E-3,-2.56093E-3,-1.66531E-3,-3.44993E-5,-1.63363E-4,-6.52739E-4,-1.65170E-3,-6.34438E-4,-2.13122E-3,-1.38783E-3,-1.59072E-3,-3.75150E-3,-2.45287E-3,-2.58869E-3,-3.04145E-3,-4.40288E-3,-2.90338E-3,-4.18577E-3,-3.49069E-3,-3.27038E-3
1.56715E+3,-2.15024E-3,-1.46713E-3,3.77018E-4,-1.80666E-3,-2.63193E-4,1.53905E-3,6.58379E-4,-1.50763E-3,-1.58222E-3,-1.45072E-3,2.04976E-4,3.56445E-5,1.56312E-3,3.20964E-3,2.63998E-3,2.22818E-3,-3.99347E-3,-9.48865E-3,-2.19639E-2,-3.56253E-2,-4.30680E-2,-4.97827E-2,-5.29166E-2,-5.75000E-2,-5.75592E-2,-5.98603E-2,-5.94117E-2,-5.99461E-2,-5.68228E-2,-5.33351E-2,-5.37094E-2,-5.54676E-2,-5.22458E-2,-4.73153E-2,-5.34154E-2,-5.09654E-2,-4.73303E-2,-4.28410E-2,-4.30396E-2,-4.33009E-2,-4.07312E-2,-4.24685E-2,-3.86511E-2,-3.43275E-2,-3.31632E-2,-3.61222E-2,-3.55964E-2,-2.90479E-2,-2.88716E-2,-2.71112E-2,-3.14966E-2,-2.70263E-2,-2.96031E-2,-2.73435E-2,-2.66289E-2,-2.67947E-2,-2.50060E-2,-2.65130E-2,-2.28240E-2,-2.48650E-2,-2.46258E-2,-2.42357E-2,-2.44189E-2,-2.01707E-2,-2.00355E-2,-1.75021E-2,-1.67431E-2,-1.88219E-2,-1.74728E-2,-1.60191E-2,-1.51656E-2,-1.51021E-2,-1.51231E-2,-1.42139E-2,-1.42336E-2,-1.36088E-2,-1.36331E-2,-1.52699E-2,-1.37704E-2,-1.18078E-2,-1.33310E-2,-1.45494E-2,-1.13578E-2,-1.20692E-2,-1.03214E-2,-9.82669E-3,-9.27040E-3,-7.81892E-3,-8.98408E-3,-7.93392E-3,-5.65971E-3,-5.35980E-3,-4.77194E-3,-4.32042E-3,-5.04538E-3,-5.72783E-3,-4.89794E-3,-2.76945E-3,-3.91194E-3,-4.22138E-3,-4.36407E-3,-5.54574E-3,-5.03870E-3,-3.82186E-3,-4.28817E-3,-5.71562E-3,-4.35674E-3,-5.07269E-3,-5.21070E-3,-3.92683E-3,-5.01711E-3,-5.79766E-3,-4.96252E-3,-4.94963E-3,-5.06737E-3,-5.00135E-3,-5.36069E-3,-4.27280E-3,-5.86347E-3,-4.53327E-3,-4.96275E-3,-4.30234E-3,-5.35552E-3,-5.53186E-3,-5.47417E-3,-4.84266E-3,-5.08829E-3,-5.40627E-3,-3.86421E-3,-5.73944E-3,-4.76130E-3,-4.38499E-3,-5.13889E-3,-4.38932E-3,-4.06939E-3,-4.26360E-3,-4.49124E-3,-3.53839E-3,-2.82619E-3,-3.72409E-3,-3.68467E-3,-4.27599E-3,3.35481E-4,-2.88161E-3,-1.21653E-3,-2.60025E-3,-8.72330E-4,-1.79711E-3,-2.04061E-3,-1.68491E-3,5.24576E-4,2.33430E-5,-1.65175E-4,-2.08756E-3,-4.44809E-4,-2.18835E-3,-8.45914E-4,-1.81502E-3,-3.13319E-3,-2.41686E-3,-2.70775E-3,-3.19028E-3,-3.72985E-3,-2.15986E-3,-3.61629E-3,-2.93978E-3,-2.78083E-3
1.57070E+3,-1.43060E-3,-1.53397E-3,2.04302E-4,-2.26183E-3,-4.56785E-4,5.63642E-4,6.69061E-4,-5.99779E-4,-5.98516E-4,-1.49719E-3,9.46921E-4,1.69761E-4,1.25416E-3,3.26219E-3,1.30863E-3,1.35690E-3,-6.48322E-3,-1.13345E-2,-2.44069E-2,-3.62893E-2,-4.38804E-2,-5.10239E-2,-5.15170E-2,-5.76961E-2,-5.63692E-2,-5.97093E-2,-5.92427E-2,-6.00697E-2,-5.60872E-2,-5.29557E-2,-5.39839E-2,-5.57417E-2,-5.23924E-2,-4.79518E-2,-5.32982E-2,-5.16281E-2,-4.71253E-2,-4.33284E-2,-4.40126E-2,-4.35494E-2,-4.15301E-2,-4.31154E-2,-3.90573E-2,-3.43644E-2,-3.30472E-2,-3.67989E-2,-3.61701E-2,-2.89052E-2,-2.98018E-2,-2.78313E-2,-3.12177E-2,-2.68034E-2,-2.91129E-2,-2.73520E-2,-2.73445E-2,-2.81475E-2,-2.53867E-2,-2.73818E-2,-2.35218E-2,-2.49580E-2,-2.52960E-2,-2.46253E-2,-2.37587E-2,-2.08503E-2,-2.06261E-2,-1.89528E-2,-1.70554E-2,-1.87498E-2,-1.81858E-2,-1.61870E-2,-1.54210E-2,-1.59676E-2,-1.57618E-2,-1.46107E-2,-1.43394E-2,-1.33703E-2,-1.35778E-2,-1.55374E-2,-1.36263E-2,-1.21018E-2,-1.31502E-2,-1.43765E-2,-1.20928E-2,-1.16318E-2,-1.01807E-2,-9.26041E-3,-9.96869E-3,-7.98453E-3,-8.93199E-3,-7.83280E-3,-5.46329E-3,-5.52909E-3,-3.77815E-3,-4.79344E-3,-4.44593E-3,-5.20726E-3,-4.51558E-3,-2.52805E-3,-4.22054E-3,-4.82292E-3,-4.27274E-3,-5.64139E-3,-4.64773E-3,-4.33511E-3,-3.86642E-3,-5.10123E-3,-4.71165E-3,-4.71331E-3,-4.89196E-3,-3.33603E-3,-4.93692E-3,-5.40089E-3,-4.63287E-3,-4.96188E-3,-4.61475E-3,-4.69075E-3,-5.60215E-3,-4.30436E-3,-5.29113E-3,-4.50328E-3,-5.05226E-3,-4.20611E-3,-4.69492E-3,-5.64538E-3,-5.11344E-3,-4.52073E-3,-5.19609E-3,-5.16099E-3,-3.76680E-3,-5.44474E-3,-5.23834E-3,-4.10770E-3,-4.67499E-3,-4.34222E-3,-3.51855E-3,-3.93662E-3,-4.24916E-3,-3.06203E-3,-1.99523E-3,-3.49645E-3,-4.16747E-3,-3.36535E-3,3.91519E-4,-3.02424E-3,-1.50987E-3,-2.70234E-3,-4.07519E-4,-1.21001E-3,-1.99375E-3,-9.67785E-4,4.96935E-4,4.24372E-5,-2.13708E-5,-1.30221E-3,-5.20726E-4,-2.23585E-3,-1.14974E-3,-1.49838E-3,-2.89478E-3,-1.22295E-3,-2.83099E-3,-2.53267E-3,-3.34486E-3,-2.42944E-3,-3.85666E-3,-2.81616E-3,-2.13131E-3
1.57425E+3,-1.83294E-3,-7.44147E-4,2.90807E-4,-1.85571E-3,2.70312E-5,1.36713E-3,5.92717E-4,-1.31271E-3,-1.03608E-3,-5.26152E-4,1.79811E-4,5.08473E-4,1.20883E-3,3.21509E-3,-8.21677E-5,-9.20338E-4,-7.95447E-3,-1.47315E-2,-2.59466E-2,-3.66890E-2,-4.31042E-2,-4.96975E-2,-5.01211E-2,-5.55135E-2,-5.49995E-2,-5.72164E-2,-5.80390E-2,-5.88742E-2,-5.54246E-2,-5.22727E-2,-5.28457E-2,-5.55208E-2,-5.15877E-2,-4.74387E-2,-5.36727E-2,-5.15560E-2,-4.74405E-2,-4.29914E-2,-4.27736E-2,-4.31126E-2,-4.15658E-2,-4.32626E-2,-3.90036E-2,-3.47867E-2,-3.28964E-2,-3.70878E-2,-3.55383E-2,-2.83705E-2,-2.91809E-2,-2.72888E-2,-3.16994E-2,-2.68655E-2,-2.93229E-2,-2.72435E-2,-2.68354E-2,-2.78968E-2,-2.50176E-2,-2.68587E-2,-2.32475E-2,-2.42849E-2,-2.43085E-2,-2.35934E-2,-2.38057E-2,-2.06974E-2,-2.03935E-2,-1.79453E-2,-1.71672E-2,-1.84314E-2,-1.77932E-2,-1.59050E-2,-1.59618E-2,-1.61387E-2,-1.52946E-2,-1.32017E-2,-1.41385E-2,-1.35985E-2,-1.41150E-2,-1.49869E-2,-1.34747E-2,-1.25057E-2,-1.37193E-2,-1.47243E-2,-1.17765E-2,-1.16991E-2,-9.88196E-3,-9.14408E-3,-8.93802E-3,-7.90812E-3,-9.37355E-3,-7.90936E-3,-5.60530E-3,-5.67271E-3,-4.12278E-3,-4.29738E-3,-4.60319E-3,-5.54189E-3,-3.72922E-3,-2.23792E-3,-3.42905E-3,-4.07842E-3,-4.23755E-3,-5.27676E-3,-4.63536E-3,-3.36827E-3,-4.13836E-3,-5.40779E-3,-4.50742E-3,-5.27640E-3,-4.83304E-3,-3.27858E-3,-4.51257E-3,-5.74311E-3,-4.30257E-3,-4.85790E-3,-4.54073E-3,-4.31794E-3,-5.60485E-3,-4.40850E-3,-5.74649E-3,-4.45647E-3,-5.25254E-3,-4.09823E-3,-4.81346E-3,-5.42650E-3,-4.90027E-3,-5.05830E-3,-4.73877E-3,-4.73309E-3,-3.50579E-3,-5.06132E-3,-4.58938E-3,-4.01661E-3,-3.97409E-3,-4.60207E-3,-3.69690E-3,-4.31221E-3,-3.83304E-3,-2.59768E-3,-1.85599E-3,-3.42531E-3,-3.43617E-3,-2.99677E-3,6.57207E-4,-2.45390E-3,-1.19522E-3,-1.90580E-3,3.71128E-4,-1.16222E-3,-1.64663E-3,-1.07277E-3,1.61288E-4,3.07077E-4,7.10597E-4,-1.79926E-3,-5.35484E-4,-1.86336E-3,-3.62688E-4,-1.17288E-3,-2.85516E-3,-1.59346E-3,-2.36679E-3,-2.97841E-3,-4.10572E-3,-1.82946E-3,-3.31043E-3,-2.35990E-3,-2.53677E-3
1.57780E+3,-1.12168E-3,-9.43928E-4,-2.42146E-5,-1.30665E-3,-4.36373E-4,8.71008E-4,1.80809E-3,-5.86633E-4,-1.11096E-3,-1.18625E-3,9.81014E-4,5.87117E-4,1.24918E-3,2.29292E-3,-1.07264E-3,-2.29168E-3,-9.68074E-3,-1.48025E-2,-2.65581E-2,-3.76267E-2,-4.41885E-2,-4.95221E-2,-4.92058E-2,-5.51037E-2,-5.47185E-2,-5.76632E-2,-5.76016E-2,-5.93083E-2,-5.54338E-2,-5.22524E-2,-5.27722E-2,-5.51335E-2,-5.32553E-2,-4.83910E-2,-5.52802E-2,-5.20064E-2,-4.82109E-2,-4.38476E-2,-4.33499E-2,-4.42044E-2,-4.20350E-2,-4.32559E-2,-3.96426E-2,-3.55607E-2,-3.39040E-2,-3.70720E-2,-3.64606E-2,-2.90160E-2,-2.89939E-2,-2.81945E-2,-3.12789E-2,-2.71385E-2,-3.04619E-2,-2.79089E-2,-2.69298E-2,-2.77078E-2,-2.55518E-2,-2.77452E-2,-2.45547E-2,-2.40910E-2,-2.55629E-2,-2.41812E-2,-2.33846E-2,-2.06434E-2,-2.03706E-2,-1.82671E-2,-1.70260E-2,-1.82470E-2,-1.86285E-2,-1.67725E-2,-1.66619E-2,-1.55832E-2,-1.61784E-2,-1.43702E-2,-1.41377E-2,-1.32478E-2,-1.41066E-2,-1.49546E-2,-1.38166E-2,-1.25285E-2,-1.38330E-2,-1.51291E-2,-1.14790E-2,-1.20849E-2,-1.04593E-2,-9.01207E-3,-9.08324E-3,-7.21914E-3,-9.18050E-3,-8.36748E-3,-5.84804E-3,-5.68898E-3,-4.39732E-3,-4.21817E-3,-4.31036E-3,-5.35235E-3,-3.97693E-3,-2.44638E-3,-3.21299E-3,-4.37385E-3,-4.30018E-3,-5.06568E-3,-4.17022E-3,-3.11926E-3,-3.59329E-3,-5.71518E-3,-4.12259E-3,-5.10988E-3,-4.46357E-3,-3.34610E-3,-4.57514E-3,-3.95053E-3,-5.02938E-3,-4.74656E-3,-3.96854E-3,-5.05151E-3,-5.78768E-3,-3.61353E-3,-4.50414E-3,-4.49141E-3,-4.67900E-3,-3.44891E-3,-4.64150E-3,-5.48145E-3,-4.48907E-3,-4.70597E-3,-4.83250E-3,-4.24086E-3,-3.63458E-3,-4.89347E-3,-3.53132E-3,-3.69846E-3,-3.86457E-3,-4.23400E-3,-3.18525E-3,-3.76446E-3,-3.41888E-3,-2.39906E-3,-2.29725E-3,-3.38676E-3,-3.34840E-3,-3.51842E-3,1.31220E-3,-3.28507E-3,-8.51158E-4,-2.29432E-3,-2.37852E-4,-9.46952E-4,-1.75923E-3,-1.07095E-3,7.21213E-4,-2.01771E-4,7.97900E-4,-5.90253E-4,-7.41214E-4,-2.26642E-3,4.70786E-6,-9.93714E-4,-2.40262E-3,-1.16070E-3,-2.37577E-3,-2.56622E-3,-3.53452E-3,-1.94016E-3,-3.48655E-3,-2.00709E-3,-2.27518E-3
1.58135E+3,-1.47756E-3,-9.00120E-4,5.18733E-4,-7.85564E-4,6.47711E-5,1.35258E-3,1.24801E-3,-9.18766E-4,6.24236E-5,-8.35043E-4,9.69259E-4,2.74081E-4,9.89594E-4,1.59057E-3,-2.15296E-3,-3.20854E-3,-1.11915E-2,-1.70963E-2,-2.73649E-2,-3.72080E-2,-4.27212E-2,-4.83979E-2,-4.88507E-2,-5.40237E-2,-5.29882E-2,-5.70708E-2,-5.65706E-2,-5.83927E-2,-5.46584E-2,-5.21554E-2,-5.35446E-2,-5.53461E-2,-5.22993E-2,-4.83222E-2,-5.49439E-2,-5.25809E-2,-4.84047E-2,-4.44088E-2,-4.41048E-2,-4.40932E-2,-4.20626E-2,-4.45179E-2,-4.01192E-2,-3.61142E-2,-3.35462E-2,-3.69086E-2,-3.65543E-2,-2.89263E-2,-2.95825E-2,-2.79286E-2,-3.19654E-2,-2.69715E-2,-3.08136E-2,-2.79402E-2,-2.75305E-2,-2.81156E-2,-2.60962E-2,-2.77834E-2,-2.39101E-2,-2.50071E-2,-2.55777E-2,-2.44400E-2,-2.43529E-2,-2.14654E-2,-2.03446E-2,-1.80928E-2,-1.69479E-2,-1.78789E-2,-1.87580E-2,-1.68809E-2,-1.63603E-2,-1.60866E-2,-1.60512E-2,-1.44291E-2,-1.43053E-2,-1.37266E-2,-1.43038E-2,-1.47927E-2,-1.42052E-2,-1.19794E-2,-1.32640E-2,-1.43642E-2,-1.15080E-2,-1.14940E-2,-9.92070E-3,-9.50813E-3,-9.02298E-3,-8.15783E-3,-8.79408E-3,-8.88065E-3,-5.39236E-3,-5.63191E-3,-3.82311E-3,-4.74244E-3,-5.05774E-3,-4.69321E-3,-4.47482E-3,-2.13840E-3,-3.36269E-3,-4.35510E-3,-4.43234E-3,-4.86606E-3,-4.52116E-3,-3.91054E-3,-3.71500E-3,-5.25404E-3,-3.60285E-3,-4.69053E-3,-4.82329E-3,-3.42881E-3,-4.23731E-3,-5.41755E-3,-4.85363E-3,-5.00331E-3,-4.22757E-3,-4.07461E-3,-5.26521E-3,-3.79423E-3,-4.98086E-3,-4.32303E-3,-5.23968E-3,-3.97714E-3,-5.01749E-3,-4.90372E-3,-4.56019E-3,-4.02249E-3,-4.23584E-3,-5.01689E-3,-3.49386E-3,-5.02776E-3,-4.40748E-3,-2.94249E-3,-3.91616E-3,-3.51808E-3,-3.13129E-3,-3.58647E-3,-3.92284E-3,-2.47994E-3,-2.02490E-3,-2.68046E-3,-2.60985E-3,-2.71312E-3,1.27708E-3,-2.17971E-3,-1.03556E-3,-1.66555E-3,5.84674E-4,-1.64132E-3,-1.36587E-3,-8.15360E-4,6.33404E-4,2.24906E-4,1.14352E-3,4.50539E-6,-5.96917E-6,-2.14734E-3,-3.57808E-4,-1.18477E-3,-2.21703E-3,-1.55276E-3,-2.36422E-3,-2.34889E-3,-2.81034E-3,-1.69868E-3,-3.05451E-3,-2.19682E-3,-1.84973E-3
1.58490E+3,-1.40834E-3,-7.32200E-4,1.19728E-3,-1.42813E-3,-1.41821E-4,1.81344E-3,1.92170E-3,-7.81877E-4,-4.89598E-4,-2.22562E-4,1.13067E-3,3.36967E-4,3.15536E-4,9.94560E-4,-2.50563E-3,-5.68858E-3,-1.22159E-2,-1.82051E-2,-2.81624E-2,-3.71112E-2,-4.26570E-2,-4.73887E-2,-4.78892E-2,-5.36166E-2,-5.21562E-2,-5.52318E-2,-5.56752E-2,-5.69062E-2,-5.41531E-2,-5.15266E-2,-5.32238E-2,-5.55760E-2,-5.31791E-2,-4.88800E-2,-5.49263E-2,-5.22487E-2,-4.83469E-2,-4.53308E-2,-4.56235E-2,-4.47203E-2,-4.32226E-2,-4.42597E-2,-4.00630E-2,-3.50044E-2,-3.43691E-2,-3.77117E-2,-3.73179E-2,-3.01767E-2,-3.01111E-2,-2.84126E-2,-3.20677E-2,-2.76172E-2,-3.03817E-2,-2.82872E-2,-2.77481E-2,-2.77354E-2,-2.66294E-2,-2.85975E-2,-2.46496E-2,-2.52758E-2,-2.59709E-2,-2.52352E-2,-2.48358E-2,-2.13976E-2,-2.09350E-2,-1.87759E-2,-1.81453E-2,-1.87063E-2,-1.83039E-2,-1.70788E-2,-1.65478E-2,-1.66630E-2,-1.57438E-2,-1.42940E-2,-1.47635E-2,-1.45683E-2,-1.41740E-2,-1.58441E-2,-1.43005E-2,-1.25676E-2,-1.44329E-2,-1.46945E-2,-1.17810E-2,-1.16704E-2,-1.03730E-2,-9.37359E-3,-8.49480E-3,-8.04360E-3,-9.10029E-3,-7.99153E-3,-5.23600E-3,-5.91448E-3,-4.79216E-3,-4.60196E-3,-4.65926E-3,-5.07184E-3,-4.39376E-3,-1.86901E-3,-3.39481E-3,-4.13483E-3,-4.93863E-3,-5.23120E-3,-4.16478E-3,-3.43144E-3,-3.60261E-3,-5.17469E-3,-5.16423E-3,-4.45642E-3,-4.47761E-3,-3.14339E-3,-4.51043E-3,-5.59394E-3,-5.54887E-3,-4.54499E-3,-4.02852E-3,-4.42931E-3,-4.58110E-3,-3.99177E-3,-4.78422E-3,-4.15455E-3,-3.79277E-3,-3.36020E-3,-4.67066E-3,-5.28067E-3,-4.21414E-3,-4.30054E-3,-4.00781E-3,-4.31538E-3,-2.63376E-3,-5.18671E-3,-4.90995E-3,-3.01513E-3,-3.74115E-3,-3.88100E-3,-3.25768E-3,-3.48200E-3,-3.38217E-3,-2.21914E-3,-2.48557E-3,-2.55974E-3,-3.27052E-3,-2.79125E-3,2.73349E-4,-2.21711E-3,-1.13372E-3,-1.99933E-3,-3.31298E-4,-6.58099E-4,-2.00477E-3,-2.27902E-4,6.37859E-4,7.24052E-6,7.74671E-4,-8.32790E-4,-2.34287E-4,-1.61543E-3,-3.16080E-4,-6.12593E-4,-2.56332E-3,-1.73073E-3,-1.87658E-3,-2.51943E-3,-3.05483E-3,-1.06666E-3,-3.10612E-3,-2.36058E-3,-3.03781E-3
1.58845E+3,-1.08647E-3,-5.21326E-5,6.52978E-4,-3.08750E-4,6.87648E-4,2.09330E-3,1.35051E-3,-8.77300E-5,-2.18105E-4,-6.93128E-4,7.70036E-4,6.61449E-4,5.27676E-5,-1.17136E-4,-3.70523E-3,-5.77573E-3,-1.33216E-2,-1.73506E-2,-2.82986E-2,-3.64352E-2,-4.20661E-2,-4.60029E-2,-4.62144E-2,-5.19460E-2,-5.04344E-2,-5.34115E-2,-5.46023E-2,-5.63114E-2,-5.34742E-2,-5.10030E-2,-5.23385E-2,-5.52661E-2,-5.26298E-2,-4.91058E-2,-5.51421E-2,-5.31847E-2,-4.91510E-2,-4.44751E-2,-4.42981E-2,-4.41622E-2,-4.32973E-2,-4.47758E-2,-3.97622E-2,-3.59757E-2,-3.39930E-2,-3.70042E-2,-3.73949E-2,-2.94709E-2,-2.91838E-2,-2.82315E-2,-3.12639E-2,-2.74508E-2,-3.02590E-2,-2.74057E-2,-2.80623E-2,-2.76445E-2,-2.61022E-2,-2.84904E-2,-2.42240E-2,-2.46874E-2,-2.54198E-2,-2.44670E-2,-2.47326E-2,-2.10740E-2,-2.10739E-2,-1.83604E-2,-1.76964E-2,-1.84381E-2,-1.83181E-2,-1.61374E-2,-1.59967E-2,-1.68704E-2,-1.56305E-2,-1.45043E-2,-1.46278E-2,-1.42882E-2,-1.39224E-2,-1.54090E-2,-1.36025E-2,-1.23694E-2,-1.36106E-2,-1.43781E-2,-1.13538E-2,-1.19955E-2,-1.04338E-2,-9.13110E-3,-8.62446E-3,-7.61425E-3,-9.13587E-3,-8.34317E-3,-4.81751E-3,-5.25234E-3,-4.84825E-3,-4.02463E-3,-3.97753E-3,-4.67692E-3,-3.94635E-3,-2.19472E-3,-2.10831E-3,-4.42533E-3,-4.19851E-3,-4.43534E-3,-3.80186E-3,-2.87654E-3,-2.89408E-3,-4.77156E-3,-3.52318E-3,-4.37888E-3,-4.64796E-3,-2.97925E-3,-3.62869E-3,-4.10165E-3,-4.52781E-3,-4.94488E-3,-4.05162E-3,-3.94779E-3,-4.42070E-3,-2.77806E-3,-4.54594E-3,-4.37586E-3,-4.84246E-3,-4.37313E-3,-3.82191E-3,-4.64390E-3,-3.92302E-3,-4.08661E-3,-4.51865E-3,-3.72242E-3,-2.66952E-3,-4.07366E-3,-3.00484E-3,-3.41729E-3,-3.76754E-3,-3.54448E-3,-2.90352E-3,-3.01604E-3,-3.56413E-3,-1.76561E-3,-9.62581E-4,-2.64380E-3,-2.73531E-3,-2.94922E-3,1.55011E-3,-2.06361E-3,-4.58073E-4,-9.91314E-4,4.93042E-5,-7.14207E-4,-8.10481E-4,-6.85199E-4,1.50661E-3,6.29368E-4,9.41293E-4,-7.33139E-4,3.94843E-4,-1.55853E-3,-5.26193E-4,8.81287E-5,-2.45823E-3,-1.70623E-3,-1.42317E-3,-1.54852E-3,-2.80460E-3,-9.20061E-4,-2.31940E-3,-1.70742E-3,-1.82912E-3
1.59200E+3,-1.70611E-4,-3.64355E-4,1.07612E-3,-4.39169E-4,7.93720E-4,1.93551E-3,1.42460E-3,-4.29595E-6,-2.87557E-4,-3.77968E-4,1.33421E-3,5.28991E-4,-1.04830E-3,-6.13000E-4,-3.78790E-3,-6.83490E-3,-1.38302E-2,-1.85789E-2,-2.81223E-2,-3.66996E-2,-4.14413E-2,-4.55363E-2,-4.56002E-2,-5.06635E-2,-5.00962E-2,-5.40197E-2,-5.44243E-2,-5.53050E-2,-5.43113E-2,-5.14366E-2,-5.18256E-2,-5.48618E-2,-5.36248E-2,-4.85780E-2,-5.51281E-2,-5.26974E-2,-4.89573E-2,-4.53836E-2,-4.49699E-2,-4.52416E-2,-4.28430E-2,-4.46905E-2,-4.04516E-2,-3.63521E-2,-3.45784E-2,-3.77971E-2,-3.75575E-2,-2.95261E-2,-3.02405E-2,-2.92706E-2,-3.23038E-2,-2.84134E-2,-3.09665E-2,-2.77625E-2,-2.88605E-2,-2.85102E-2,-2.58271E-2,-2.90547E-2,-2.46473E-2,-2.56465E-2,-2.60330E-2,-2.53615E-2,-2.49713E-2,-2.15570E-2,-2.16219E-2,-1.84118E-2,-1.87019E-2,-1.92041E-2,-1.90244E-2,-1.62974E-2,-1.62900E-2,-1.59282E-2,-1.57176E-2,-1.41225E-2,-1.52745E-2,-1.43154E-2,-1.43140E-2,-1.57179E-2,-1.45211E-2,-1.24197E-2,-1.33214E-2,-1.53036E-2,-1.18396E-2,-1.19641E-2,-1.11628E-2,-9.98097E-3,-8.82642E-3,-8.20249E-3,-9.57553E-3,-8.36743E-3,-5.16823E-3,-5.36353E-3,-4.88694E-3,-4.54263E-3,-4.38002E-3,-5.29189E-3,-3.94743E-3,-1.55599E-3,-3.15169E-3,-3.65350E-3,-4.02967E-3,-4.64072E-3,-4.33289E-3,-2.63322E-3,-2.61155E-3,-4.37824E-3,-3.44377E-3,-4.17078E-3,-3.99582E-3,-2.97196E-3,-3.72372E-3,-4.67977E-3,-4.27625E-3,-4.45143E-3,-3.47822E-3,-4.10135E-3,-4.95805E-3,-3.35084E-3,-4.76197E-3,-4.51793E-3,-4.53164E-3,-3.63177E-3,-3.55596E-3,-4.81037E-3,-3.88613E-3,-3.96472E-3,-4.23500E-3,-4.12041E-3,-2.68683E-3,-4.31469E-3,-3.94333E-3,-3.02237E-3,-3.34320E-3,-3.29264E-3,-2.40696E-3,-2.54305E-3,-3.78766E-3,-1.72171E-3,-1.38016E-3,-2.41116E-3,-1.81309E-3,-2.20154E-3,9.60721E-4,-1.51885E-3,2.77201E-6,-1.79472E-3,2.22306E-4,1.08900E-4,-1.29124E-3,-1.10428E-4,1.42319E-3,8.93619E-4,1.08841E-3,-6.28312E-4,1.12473E-3,-8.22091E-4,3.63584E-4,-3.29399E-4,-1.85819E-3,-1.21148E-3,-1.78370E-3,-1.75137E-3,-2.64251E-3,-8.47131E-4,-2.44951E-3,-9.76488E-4,-2.33681E-3
1.59555E+3,-7.89123E-4,-1.10667E-4,1.32575E-3,-5.81199E-4,7.82942E-4,1.86844E-3,2.25292E-3,-2.72545E-4,3.99601E-4,1.01426E-3,1.28170E-3,-2.18176E-4,-6.58993E-4,-1.50982E-3,-4.78509E-3,-7.63746E-3,-1.40575E-2,-1.79753E-2,-2.72562E-2,-3.56158E-2,-4.11492E-2,-4.55728E-2,-4.51797E-2,-4.99494E-2,-4.91225E-2,-5.30251E-2,-5.44930E-2,-5.59765E-2,-5.35638E-2,-5.23538E-2,-5.30390E-2,-5.66086E-2,-5.46731E-2,-4.89913E-2,-5.63631E-2,-5.38813E-2,-5.01628E-2,-4.59614E-2,-4.52155E-2,-4.51580E-2,-4.41322E-2,-4.53594E-2,-4.13043E-2,-3.59834E-2,-3.43421E-2,-3.82232E-2,-3.78075E-2,-3.00192E-2,-3.03637E-2,-2.97933E-2,-3.30205E-2,-2.84939E-2,-3.14096E-2,-2.87976E-2,-2.87554E-2,-2.83460E-2,-2.65593E-2,-2.93725E-2,-2.40968E-2,-2.66976E-2,-2.68653E-2,-2.54349E-2,-2.51631E-2,-2.13075E-2,-2.16113E-2,-1.89109E-2,-1.77733E-2,-2.02437E-2,-1.96745E-2,-1.70948E-2,-1.64921E-2,-1.62286E-2,-1.66234E-2,-1.38889E-2,-1.47576E-2,-1.48232E-2,-1.45283E-2,-1.52559E-2,-1.37380E-2,-1.30929E-2,-1.31377E-2,-1.48555E-2,-1.18520E-2,-1.19148E-2,-1.11201E-2,-9.09807E-3,-9.01212E-3,-7.43945E-3,-9.54812E-3,-8.20064E-3,-5.07748E-3,-5.46689E-3,-4.15767E-3,-3.81287E-3,-4.78338E-3,-5.01128E-3,-4.13097E-3,-1.58033E-3,-2.09179E-3,-3.87598E-3,-3.03005E-3,-4.66988E-3,-3.55677E-3,-2.41829E-3,-2.86363E-3,-4.37986E-3,-3.76735E-3,-3.69684E-3,-4.70593E-3,-2.82536E-3,-3.15604E-3,-3.58312E-3,-4.00359E-3,-3.85570E-3,-3.76333E-3,-3.95666E-3,-4.58803E-3,-3.72601E-3,-4.30484E-3,-3.89217E-3,-4.77823E-3,-2.49149E-3,-3.95684E-3,-4.01086E-3,-3.47216E-3,-4.24568E-3,-3.93167E-3,-4.53693E-3,-2.44182E-3,-3.69965E-3,-3.54560E-3,-2.05005E-3,-3.28845E-3,-2.60011E-3,-3.23312E-3,-2.18351E-3,-2.64313E-3,-1.78974E-3,-1.42101E-3,-2.64798E-3,-1.92525E-3,-3.16234E-3,1.39950E-3,-2.18467E-3,-2.51989E-4,-1.09287E-3,5.43709E-4,3.61692E-4,-6.64082E-4,1.68881E-4,1.08941E-3,6.25399E-4,1.32620E-3,-2.61349E-5,9.27366E-4,-1.14285E-3,1.00713E-3,-7.38871E-4,-1.85608E-3,-4.33067E-4,-1.40173E-3,-2.01207E-3,-2.17594E-3,-8.59807E-4,-1.84347E-3,-1.32201E-3,-1.13811E-3
1.59911E+3,-4.57345E-4,3.55887E-4,1.73301E-3,-9.09561E-4,7.89746E-4,2.49788E-3,1.76050E-3,1.21125E-4,2.58286E-4,-1.50931E-4,1.45984E-3,4.36209E-4,-7.30696E-4,-1.31811E-3,-5.84583E-3,-8.00743E-3,-1.41697E-2,-1.77437E-2,-2.69332E-2,-3.49417E-2,-4.00537E-2,-4.36898E-2,-4.36709E-2,-4.88913E-2,-4.90144E-2,-5.14047E-2,-5.31688E-2,-5.57059E-2,-5.39017E-2,-5.15208E-2,-5.27900E-2,-5.48389E-2,-5.39314E-2,-4.86768E-2,-5.67649E-2,-5.35075E-2,-4.96087E-2,-4.52576E-2,-4.51925E-2,-4.48312E-2,-4.37579E-2,-4.61760E-2,-4.09217E-2,-3.70123E-2,-3.43328E-2,-3.76916E-2,-3.75364E-2,-2.99932E-2,-3.07122E-2,-2.84001E-2,-3.36297E-2,-2.85924E-2,-3.15802E-2,-2.85431E-2,-2.88487E-2,-2.83450E-2,-2.67770E-2,-2.93476E-2,-2.57515E-2,-2.60554E-2,-2.63217E-2,-2.55642E-2,-2.44840E-2,-2.11925E-2,-2.12929E-2,-1.91018E-2,-1.82309E-2,-1.91663E-2,-1.84157E-2,-1.72793E-2,-1.73637E-2,-1.67476E-2,-1.57665E-2,-1.42145E-2,-1.51995E-2,-1.45443E-2,-1.46579E-2,-1.59267E-2,-1.34967E-2,-1.32252E-2,-1.38613E-2,-1.51638E-2,-1.24319E-2,-1.30703E-2,-9.71787E-3,-1.00574E-2,-9.92564E-3,-7.96042E-3,-9.55852E-3,-8.34828E-3,-5.90453E-3,-5.72841E-3,-4.45639E-3,-4.22467E-3,-3.89917E-3,-4.57766E-3,-4.32030E-3,-1.42804E-3,-1.37059E-3,-4.40693E-3,-4.36997E-3,-4.20063E-3,-4.12370E-3,-2.35591E-3,-3.45420E-3,-5.02689E-3,-4.20310E-3,-4.37414E-3,-3.77113E-3,-3.05473E-3,-2.99568E-3,-4.48687E-3,-4.60339E-3,-4.50917E-3,-2.80494E-3,-3.67086E-3,-4.99731E-3,-3.01878E-3,-4.41114E-3,-4.00897E-3,-3.59862E-3,-3.34877E-3,-4.05760E-3,-4.16205E-3,-3.33481E-3,-2.52491E-3,-3.38565E-3,-4.31811E-3,-2.11280E-3,-4.27316E-3,-3.43386E-3,-2.33053E-3,-2.63837E-3,-2.90980E-3,-2.87111E-3,-3.15179E-3,-2.54029E-3,-1.47088E-3,-7.32978E-4,-2.99998E-3,-2.51038E-3,-2.81689E-3,1.34516E-3,-2.45995E-3,-1.02165E-4,-8.97635E-4,6.38307E-5,8.04850E-5,-1.35863E-3,6.40427E-4,2.03739E-3,1.16248E-4,1.57264E-3,-1.74247E-4,1.14745E-3,-1.38574E-3,1.21584E-3,-3.09396E-5,-2.16125E-3,-4.26919E-4,-1.14587E-3,-1.18359E-3,-1.89316E-3,-4.43932E-4,-1.42208E-3,-1.61964E-3,-9.45758E-4
1.60266E+3,-2.95042E-4,-2.02909E-4,1.47047E-3,-1.09821E-3,7.37295E-4,1.91753E-3,2.08897E-3,6.80421E-4,9.07809E-4,7.17770E-4,8.40882E-4,3.42595E-4,-7.13235E-4,-2.16675E-3,-5.22759E-3,-8.73093E-3,-1.44104E-2,-1.74193E-2,-2.59484E-2,-3.33907E-2,-3.86055E-2,-4.29988E-2,-4.29442E-2,-4.78932E-2,-4.71410E-2,-5.07543E-2,-5.33416E-2,-5.58913E-2,-5.33099E-2,-5.07270E-2,-5.29053E-2,-5.48790E-2,-5.50955E-2,-4.93311E-2,-5.69693E-2,-5.35911E-2,-5.11375E-2,-4.58817E-2,-4.58906E-2,-4.63878E-2,-4.42331E-2,-4.56130E-2,-4.15492E-2,-3.64300E-2,-3.48741E-2,-3.94913E-2,-3.83714E-2,-3.04762E-2,-3.07796E-2,-2.93186E-2,-3.24376E-2,-2.83549E-2,-3.11258E-2,-2.92936E-2,-2.93654E-2,-2.82191E-2,-2.67644E-2,-2.93710E-2,-2.58712E-2,-2.56979E-2,-2.62217E-2,-2.55023E-2,-2.51601E-2,-2.19582E-2,-2.11989E-2,-1.98212E-2,-1.85696E-2,-1.91457E-2,-1.97787E-2,-1.76171E-2,-1.75444E-2,-1.62264E-2,-1.60016E-2,-1.49415E-2,-1.50437E-2,-1.43757E-2,-1.43046E-2,-1.62741E-2,-1.44757E-2,-1.26131E-2,-1.43680E-2,-1.47598E-2,-1.20735E-2,-1.27083E-2,-1.16146E-2,-9.71527E-3,-1.01005E-2,-8.26531E-3,-9.77498E-3,-7.99829E-3,-5.45303E-3,-5.82948E-3,-4.98625E-3,-4.75109E-3,-4.08588E-3,-4.76942E-3,-3.63385E-3,-1.70609E-3,-2.71829E-3,-4.32359E-3,-3.46033E-3,-4.42016E-3,-4.01306E-3,-3.27649E-3,-3.36858E-3,-4.83475E-3,-4.34283E-3,-4.45600E-3,-4.36448E-3,-2.58841E-3,-3.77131E-3,-3.58803E-3,-3.85798E-3,-4.90877E-3,-3.18396E-3,-4.45965E-3,-5.31870E-3,-3.52361E-3,-4.47862E-3,-3.65471E-3,-3.19391E-3,-3.04178E-3,-3.65029E-3,-4.50085E-3,-3.62082E-3,-3.84997E-3,-4.13594E-3,-3.61921E-3,-1.88447E-3,-3.72695E-3,-3.97194E-3,-2.83369E-3,-2.74806E-3,-3.17258E-3,-2.29257E-3,-3.56961E-3,-3.40902E-3,-1.78338E-3,-1.04012E-3,-2.03567E-3,-1.67955E-3,-2.34249E-3,4.35735E-4,-1.16138E-3,-1.73357E-4,-6.84704E-4,8.34418E-4,1.19702E-4,-1.24239E-3,4.87096E-4,1.70824E-3,1.32364E-4,1.54802E-3,1.48071E-4,8.60024E-4,-3.18791E-4,1.18837E-5,-3.94900E-4,-2.11559E-3,-9.08031E-4,-2.17453E-3,-1.70419E-3,-2.01270E-3,-6.07653E-4,-1.81158E-3,-1.52826E-3,-1.73074E-3
1.60621E+3,-7.68099E-4,6.68980E-4,1.51287E-3,-1.05724E-3,1.48353E-3,2.04160E-3,2.54631E-3,1.08908E-3,1.89474E-4,-2.26759E-4,1.75386E-3,-6.35869E-4,-8.44208E-4,-1.70972E-3,-6.04380E-3,-7.71399E-3,-1.36129E-2,-1.69033E-2,-2.58135E-2,-3.18247E-2,-3.70699E-2,-4.10756E-2,-4.06155E-2,-4.61290E-2,-4.54870E-2,-5.00659E-2,-5.20417E-2,-5.32711E-2,-5.22070E-2,-4.99170E-2,-5.14330E-2,-5.54467E-2,-5.34252E-2,-5.01990E-2,-5.60821E-2,-5.42355E-2,-4.97424E-2,-4.49789E-2,-4.59949E-2,-4.53814E-2,-4.35679E-2,-4.59209E-2,-4.10508E-2,-3.64047E-2,-3.57364E-2,-3.83803E-2,-3.80523E-2,-3.04499E-2,-2.94544E-2,-2.88589E-2,-3.19188E-2,-2.80385E-2,-3.16781E-2,-2.83232E-2,-2.85261E-2,-2.85401E-2,-2.67697E-2,-2.81091E-2,-2.41123E-2,-2.58527E-2,-2.59894E-2,-2.61306E-2,-2.59110E-2,-2.12866E-2,-2.14115E-2,-1.86384E-2,-1.81743E-2,-1.87896E-2,-1.99765E-2,-1.73013E-2,-1.59540E-2,-1.61044E-2,-1.49616E-2,-1.44253E-2,-1.46115E-2,-1.37258E-2,-1.45642E-2,-1.52981E-2,-1.41912E-2,-1.27189E-2,-1.41505E-2,-1.45705E-2,-1.16873E-2,-1.21658E-2,-1.04375E-2,-9.32705E-3,-9.50107E-3,-6.98960E-3,-9.26899E-3,-8.09808E-3,-4.73845E-3,-5.88946E-3,-4.68274E-3,-4.32499E-3,-4.13954E-3,-4.66673E-3,-4.22890E-3,-2.26604E-3,-2.54967E-3,-4.22595E-3,-3.31707E-3,-4.42021E-3,-3.65845E-3,-2.26323E-3,-2.84059E-3,-4.05995E-3,-3.51246E-3,-3.64995E-3,-3.12370E-3,-1.94085E-3,-3.26661E-3,-3.37387E-3,-3.80327E-3,-3.46674E-3,-3.71634E-3,-3.32892E-3,-4.54945E-3,-2.46439E-3,-4.33498E-3,-3.73247E-3,-3.02098E-3,-3.00242E-3,-3.79868E-3,-3.78418E-3,-3.59722E-3,-4.25558E-3,-3.67110E-3,-3.84250E-3,-1.67513E-3,-3.65735E-3,-3.22647E-3,-1.22190E-3,-3.19924E-3,-2.17962E-3,-2.16891E-3,-3.38023E-3,-3.12732E-3,-9.76308E-4,-1.02573E-3,-2.04964E-3,-1.83867E-3,-1.58330E-3,1.66053E-3,-1.32892E-3,1.36219E-4,-8.07541E-4,1.23744E-3,-3.48695E-4,-6.96794E-4,8.16366E-4,1.80184E-3,6.64934E-4,1.57455E-3,1.53928E-4,1.34357E-3,-8.47813E-4,1.05878E-3,3.91144E-4,-1.39477E-3,-6.84248E-4,-1.43048E-3,-1.51133E-3,-1.31040E-3,-9.30295E-4,-1.81440E-3,-1.57638E-3,-5.79054E-4
1.60977E+3,-3.04734E-4,2.48197E-4,1.15405E-3,-1.00464E-3,1.46711E-3,2.25481E-3,3.10244E-3,1.12439E-3,-5.51311E-4,-7.34033E-4,1.51745E-3,-2.44165E-4,-8.81008E-4,-1.33864E-3,-5.80992E-3,-8.45197E-3,-1.29828E-2,-1.65001E-2,-2.52762E-2,-3.13001E-2,-3.62596E-2,-3.98620E-2,-3.98627E-2,-4.58334E-2,-4.49200E-2,-4.92655E-2,-5.16273E-2,-5.29057E-2,-5.26746E-2,-5.01807E-2,-5.21667E-2,-5.63889E-2,-5.44707E-2,-4.97872E-2,-5.68676E-2,-5.47855E-2,-5.03898E-2,-4.58986E-2,-4.58144E-2,-4.62241E-2,-4.46150E-2,-4.61903E-2,-4.11994E-2,-3.74711E-2,-3.59256E-2,-3.88585E-2,-3.93787E-2,-2.99027E-2,-3.07182E-2,-3.08427E-2,-3.39461E-2,-2.88141E-2,-3.17368E-2,-2.91836E-2,-2.92094E-2,-2.92158E-2,-2.77087E-2,-2.86893E-2,-2.60700E-2,-2.58092E-2,-2.66305E-2,-2.51610E-2,-2.52934E-2,-2.15110E-2,-2.20368E-2,-1.84494E-2,-1.85903E-2,-1.94475E-2,-1.97836E-2,-1.75649E-2,-1.59733E-2,-1.63767E-2,-1.63831E-2,-1.43448E-2,-1.48177E-2,-1.39129E-2,-1.49130E-2,-1.53512E-2,-1.41199E-2,-1.28174E-2,-1.47023E-2,-1.55049E-2,-1.18031E-2,-1.23270E-2,-1.11839E-2,-9.79357E-3,-9.42471E-3,-7.14967E-3,-8.54915E-3,-8.41804E-3,-5.28245E-3,-5.20528E-3,-3.25578E-3,-3.63379E-3,-3.80181E-3,-4.08655E-3,-3.58757E-3,-1.63312E-3,-2.50222E-3,-3.45663E-3,-3.72343E-3,-3.88717E-3,-4.08889E-3,-1.61679E-3,-3.46896E-3,-3.84115E-3,-4.08998E-3,-3.35079E-3,-2.88222E-3,-2.11578E-3,-3.16011E-3,-3.78349E-3,-4.11663E-3,-3.08114E-3,-3.40214E-3,-2.94017E-3,-4.60644E-3,-2.65354E-3,-3.76780E-3,-2.93362E-3,-2.49176E-3,-2.94222E-3,-3.21318E-3,-3.31753E-3,-2.49255E-3,-3.95888E-3,-2.85559E-3,-3.12434E-3,-1.72038E-3,-2.81495E-3,-2.27440E-3,-2.20974E-3,-2.68343E-3,-2.15499E-3,-2.14166E-3,-2.32013E-3,-2.35559E-3,-1.02356E-3,-3.58408E-4,-2.48881E-3,-1.50294E-3,-2.33314E-3,1.95070E-3,-1.87796E-3,-5.12468E-4,-5.50336E-4,1.22268E-3,1.13776E-3,-9.52739E-5,3.75229E-4,2.21917E-3,1.82842E-3,1.89596E-3,3.57551E-4,1.83235E-3,-6.95272E-4,4.28406E-4,8.04733E-4,-1.64141E-3,-3.56839E-4,-5.75187E-4,-7.69746E-4,-1.52166E-3,-4.61198E-4,-1.61325E-3,-4.72116E-4,-1.03735E-3
1.61332E+3,-8.86725E-4,2.54086E-4,1.09277E-3,-6.07135E-4,9.31400E-4,2.29811E-3,2.67802E-3,6.95347E-4,9.40301E-4,3.12287E-4,1.45972E-3,-4.65440E-4,-9.51419E-4,-2.48834E-3,-5.26298E-3,-8.33166E-3,-1.29011E-2,-1.58747E-2,-2.43653E-2,-3.12389E-2,-3.48902E-2,-3.89984E-2,-3.97187E-2,-4.53941E-2,-4.48446E-2,-4.86365E-2,-5.08016E-2,-5.37215E-2,-5.24035E-2,-5.05599E-2,-5.30912E-2,-5.71590E-2,-5.50895E-2,-5.00224E-2,-5.85366E-2,-5.50569E-2,-5.07138E-2,-4.65109E-2,-4.73330E-2,-4.63849E-2,-4.51262E-2,-4.74446E-2,-4.15894E-2,-3.70432E-2,-3.56113E-2,-3.91874E-2,-3.89955E-2,-3.09074E-2,-3.08230E-2,-2.99443E-2,-3.37768E-2,-2.89820E-2,-3.24274E-2,-2.95982E-2,-2.93316E-2,-2.97973E-2,-2.76623E-2,-2.96156E-2,-2.55863E-2,-2.65511E-2,-2.63389E-2,-2.59270E-2,-2.61715E-2,-2.21607E-2,-2.19950E-2,-1.88954E-2,-1.83762E-2,-1.95943E-2,-2.07160E-2,-1.76677E-2,-1.69876E-2,-1.66618E-2,-1.70554E-2,-1.41813E-2,-1.53455E-2,-1.43626E-2,-1.57185E-2,-1.61620E-2,-1.45874E-2,-1.27948E-2,-1.42893E-2,-1.47702E-2,-1.26653E-2,-1.24782E-2,-1.10709E-2,-1.10253E-2,-9.18877E-3,-7.77902E-3,-9.43135E-3,-8.90595E-3,-4.52464E-3,-5.24222E-3,-4.24876E-3,-4.27799E-3,-4.13224E-3,-3.74901E-3,-3.49803E-3,-1.52250E-3,-2.82198E-3,-3.80229E-3,-3.58619E-3,-3.63126E-3,-3.72538E-3,-2.18471E-3,-3.03003E-3,-3.94966E-3,-2.60541E-3,-4.00903E-3,-3.79314E-3,-3.14232E-3,-3.90311E-3,-4.13588E-3,-3.85769E-3,-4.11013E-3,-2.63459E-3,-3.16934E-3,-3.77899E-3,-2.83889E-3,-4.42970E-3,-3.88942E-3,-3.42185E-3,-1.77485E-3,-3.87500E-3,-4.16627E-3,-2.96800E-3,-3.06228E-3,-2.99068E-3,-3.96630E-3,-1.56494E-3,-2.91093E-3,-2.36621E-3,-1.83193E-3,-2.93872E-3,-3.21668E-3,-1.59036E-3,-1.85405E-3,-2.99371E-3,-7.99176E-4,-2.98829E-4,-1.44470E-3,-2.11283E-3,-1.92737E-3,1.43949E-3,-1.11640E-3,-2.55688E-4,-1.07955E-3,1.94106E-3,7.16753E-4,-4.41692E-4,1.02753E-3,1.88275E-3,1.71025E-3,2.28152E-3,-9.25376E-6,1.37515E-3,-3.66761E-4,1.41197E-3,4.04103E-4,-1.56370E-3,-3.94971E-4,-1.72312E-3,-1.62390E-3,-1.48438E-3,-4.78790E-4,-1.76921E-3,-8.25177E-4,-1.74834E-3
1.61688E+3,1.33476E-5,2.84214E-4,1.55280E-3,-2.06762E-4,1.01912E-3,1.91668E-3,1.82664E-3,4.05651E-4,-9.84335E-5,8.04100E-4,1.22834E-3,-2.89316E-4,-1.26492E-3,-1.75496E-3,-5.43650E-3,-7.98061E-3,-1.27552E-2,-1.54643E-2,-2.39781E-2,-2.91415E-2,-3.51853E-2,-3.88282E-2,-3.85514E-2,-4.44500E-2,-4.38921E-2,-4.91515E-2,-5.09948E-2,-5.41499E-2,-5.25861E-2,-5.12306E-2,-5.30660E-2,-5.67243E-2,-5.60170E-2,-5.06914E-2,-5.81659E-2,-5.55447E-2,-5.20799E-2,-4.78553E-2,-4.75468E-2,-4.81027E-2,-4.63759E-2,-4.68661E-2,-4.32078E-2,-3.87028E-2,-3.66756E-2,-3.97605E-2,-4.02195E-2,-3.03620E-2,-3.14775E-2,-3.15084E-2,-3.35054E-2,-3.01621E-2,-3.26874E-2,-2.94335E-2,-2.97650E-2,-2.94390E-2,-2.79174E-2,-2.92469E-2,-2.67241E-2,-2.70140E-2,-2.76021E-2,-2.72423E-2,-2.66526E-2,-2.24118E-2,-2.24026E-2,-1.96141E-2,-1.87062E-2,-2.06570E-2,-2.08986E-2,-1.80461E-2,-1.75384E-2,-1.70332E-2,-1.73310E-2,-1.49462E-2,-1.61302E-2,-1.46713E-2,-1.56887E-2,-1.67818E-2,-1.45450E-2,-1.29065E-2,-1.55987E-2,-1.60587E-2,-1.39038E-2,-1.28522E-2,-1.14002E-2,-1.11483E-2,-1.00433E-2,-7.90475E-3,-1.01390E-2,-8.14929E-3,-5.41383E-3,-5.66275E-3,-4.26075E-3,-4.47053E-3,-3.77668E-3,-4.60775E-3,-4.46929E-3,-8.26196E-4,-2.45169E-3,-3.90277E-3,-2.68696E-3,-4.37160E-3,-3.61707E-3,-2.21944E-3,-2.38383E-3,-4.57916E-3,-4.36363E-3,-4.24751E-3,-3.29598E-3,-2.40255E-3,-3.68661E-3,-3.74539E-3,-4.24594E-3,-3.84857E-3,-2.93693E-3,-3.23524E-3,-4.85227E-3,-2.66619E-3,-3.87952E-3,-3.25550E-3,-3.41752E-3,-2.66727E-3,-3.19719E-3,-4.31673E-3,-3.33003E-3,-3.12074E-3,-2.78424E-3,-3.46867E-3,-6.75197E-4,-3.98371E-3,-2.01008E-3,-1.76884E-3,-2.07036E-3,-2.15252E-3,-1.50144E-3,-2.70795E-3,-1.69476E-3,-7.92505E-4,-5.55033E-4,-1.89684E-3,-8.66616E-4,-1.97359E-3,1.36216E-3,-8.20861E-4,7.40153E-4,-6.18443E-4,1.29061E-3,7.01787E-5,-6.83819E-4,1.35259E-3,1.94413E-3,1.18245E-3,2.50454E-3,7.21394E-4,8.63151E-4,-7.68227E-4,1.86507E-3,7.97833E-4,-1.54796E-3,1.37592E-4,-8.32000E-4,-1.01699E-3,-1.42876E-3,4.27584E-5,-1.63142E-3,-3.71227E-4,-4.25650E-4
1.62044E+3,-4.05309E-4,2.39034E-4,1.56646E-3,-2.34797E-4,1.09688E-3,2.46228E-3,2.22403E-3,9.02229E-4,5.79539E-4,-1.11484E-4,1.19291E-3,-3.43696E-4,-1.44499E-3,-1.85854E-3,-5.86454E-3,-6.80047E-3,-1.21588E-2,-1.63305E-2,-2.25543E-2,-2.97928E-2,-3.41631E-2,-3.82842E-2,-3.92044E-2,-4.41253E-2,-4.36156E-2,-4.92254E-2,-5.19010E-2,-5.42832E-2,-5.22104E-2,-5.11162E-2,-5.36672E-2,-5.77025E-2,-5.55019E-2,-5.13189E-2,-5.83074E-2,-5.60693E-2,-5.16751E-2,-4.72351E-2,-4.75293E-2,-4.74234E-2,-4.66681E-2,-4.80133E-2,-4.28689E-2,-3.79638E-2,-3.64019E-2,-3.92790E-2,-3.97063E-2,-3.18733E-2,-3.20238E-2,-3.12560E-2,-3.44731E-2,-2.90901E-2,-3.30874E-2,-3.00329E-2,-3.00383E-2,-3.02478E-2,-2.79846E-2,-2.94553E-2,-2.65398E-2,-2.76708E-2,-2.81287E-2,-2.63128E-2,-2.59332E-2,-2.24301E-2,-2.23116E-2,-1.96580E-2,-1.86565E-2,-2.03483E-2,-2.09359E-2,-1.80175E-2,-1.77363E-2,-1.68600E-2,-1.70914E-2,-1.54315E-2,-1.49133E-2,-1.49057E-2,-1.56506E-2,-1.61024E-2,-1.56028E-2,-1.43364E-2,-1.43979E-2,-1.58636E-2,-1.29426E-2,-1.26259E-2,-1.12675E-2,-1.00895E-2,-9.85185E-3,-8.22428E-3,-9.86532E-3,-8.85596E-3,-5.63813E-3,-5.28364E-3,-4.58220E-3,-3.65528E-3,-4.47443E-3,-4.57209E-3,-4.58933E-3,-2.37647E-3,-2.19147E-3,-3.68420E-3,-2.98882E-3,-4.47698E-3,-4.38111E-3,-2.19249E-3,-2.04197E-3,-3.57067E-3,-3.88945E-3,-4.00103E-3,-3.04720E-3,-3.38883E-3,-3.54803E-3,-3.58147E-3,-3.89069E-3,-3.48595E-3,-3.61421E-3,-2.79107E-3,-4.69315E-3,-2.95041E-3,-4.80423E-3,-4.58804E-3,-3.20090E-3,-3.42450E-3,-2.85570E-3,-4.30054E-3,-3.95736E-3,-3.59942E-3,-3.06392E-3,-4.71396E-3,-1.86382E-3,-3.55936E-3,-2.97666E-3,-1.63489E-3,-2.60999E-3,-1.99375E-3,-2.18949E-3,-2.97597E-3,-2.32544E-3,-6.97304E-4,-1.04738E-3,-1.56219E-3,-1.70687E-3,-1.80608E-3,1.13100E-3,-1.64231E-3,-7.87698E-4,-4.27882E-4,1.62001E-3,6.33851E-4,9.72356E-5,1.07430E-3,1.89109E-3,1.20922E-3,1.08421E-3,1.53483E-5,1.06818E-3,-5.37290E-4,6.13607E-4,-7.60022E-4,-1.47049E-3,-5.80380E-4,-7.62866E-4,-1.18133E-3,-2.11650E-3,-7.79982E-4,-2.99485E-3,-1.27214E-3,-1.35089E-3
1.62400E+3,-1.36546E-4,2.55207E-4,2.49440E-3,-3.65326E-4,9.02189E-4,3.16015E-3,2.07470E-3,7.35293E-4,1.46264E-3,2.47551E-4,3.59123E-4,-1.15853E-3,-1.60793E-3,-3.07395E-3,-5.34897E-3,-6.95137E-3,-1.18380E-2,-1.54365E-2,-2.21999E-2,-2.82160E-2,-3.33000E-2,-3.67946E-2,-3.72009E-2,-4.30851E-2,-4.35444E-2,-4.69643E-2,-5.01123E-2,-5.30602E-2,-5.22818E-2,-5.02164E-2,-5.28561E-2,-5.63365E-2,-5.48550E-2,-5.05063E-2,-5.98847E-2,-5.50407E-2,-5.24720E-2,-4.77096E-2,-4.78705E-2,-4.67416E-2,-4.55531E-2,-4.82178E-2,-4.23675E-2,-3.83811E-2,-3.60333E-2,-4.00306E-2,-4.00155E-2,-3.09604E-2,-3.22207E-2,-3.06795E-2,-3.47518E-2,-2.93035E-2,-3.21425E-2,-3.01249E-2,-3.02361E-2,-2.96856E-2,-2.86036E-2,-3.00334E-2,-2.66623E-2,-2.75429E-2,-2.75066E-2,-2.70470E-2,-2.64884E-2,-2.23240E-2,-2.27090E-2,-2.00689E-2,-1.94024E-2,-2.01418E-2,-2.05993E-2,-1.70081E-2,-1.72223E-2,-1.77295E-2,-1.76530E-2,-1.59741E-2,-1.52450E-2,-1.54163E-2,-1.56007E-2,-1.62205E-2,-1.53809E-2,-1.36663E-2,-1.47620E-2,-1.57984E-2,-1.33262E-2,-1.27369E-2,-1.13675E-2,-1.09931E-2,-9.94881E-3,-8.75038E-3,-9.18394E-3,-7.93115E-3,-5.61937E-3,-5.21328E-3,-4.86983E-3,-3.59920E-3,-3.52510E-3,-4.98007E-3,-4.47783E-3,-1.07577E-3,-2.35314E-3,-3.98936E-3,-2.97502E-3,-4.51309E-3,-3.28518E-3,-2.95343E-3,-3.19078E-3,-4.40932E-3,-3.62620E-3,-3.40119E-3,-3.10482E-3,-2.12191E-3,-3.21471E-3,-3.76372E-3,-3.16962E-3,-3.92062E-3,-3.46338E-3,-2.33935E-3,-4.20963E-3,-2.28243E-3,-3.90167E-3,-3.03186E-3,-3.56052E-3,-2.31899E-3,-3.40658E-3,-4.66970E-3,-4.17165E-3,-2.99796E-3,-3.17339E-3,-4.32653E-3,-1.42705E-3,-4.29754E-3,-1.98773E-3,-2.48434E-3,-2.73152E-3,-2.72495E-3,-1.80290E-3,-1.70916E-3,-3.07674E-3,-1.14507E-3,1.42030E-4,-1.83571E-3,-1.84568E-3,-2.09654E-3,1.80024E-3,-1.12522E-3,5.81269E-4,-8.76627E-4,1.59809E-3,1.74455E-4,1.20281E-4,1.90472E-4,1.31651E-3,1.01824E-3,2.18898E-3,1.44605E-4,2.60974E-3,-7.00340E-4,1.25298E-3,-2.45184E-4,-7.31167E-4,-3.84531E-5,-8.14230E-4,-1.63192E-3,-1.92169E-3,2.78159E-4,-1.16935E-3,-1.22967E-3,-1.36122E-3
1.62756E+3,-1.92357E-4,-4.70260E-4,1.84183E-3,-4.69963E-4,1.11122E-3,2.75935E-3,2.34589E-3,1.08740E-3,9.85583E-4,2.29712E-4,7.57678E-4,-1.59771E-3,-1.36353E-3,-1.98443E-3,-5.04043E-3,-7.81106E-3,-1.07305E-2,-1.57117E-2,-2.17768E-2,-2.90145E-2,-3.21345E-2,-3.56230E-2,-3.73228E-2,-4.27641E-2,-4.30829E-2,-4.73791E-2,-5.05157E-2,-5.53693E-2,-5.25282E-2,-5.10062E-2,-5.29801E-2,-5.83826E-2,-5.61528E-2,-5.09549E-2,-5.91886E-2,-5.73586E-2,-5.21320E-2,-4.79961E-2,-4.86267E-2,-4.80780E-2,-4.65735E-2,-4.88084E-2,-4.40246E-2,-3.83671E-2,-3.71761E-2,-4.02771E-2,-4.05164E-2,-3.13847E-2,-3.15459E-2,-3.25748E-2,-3.51338E-2,-3.01494E-2,-3.31227E-2,-2.99649E-2,-3.08894E-2,-3.02863E-2,-2.87316E-2,-3.13703E-2,-2.68923E-2,-2.67752E-2,-2.80469E-2,-2.71166E-2,-2.65691E-2,-2.26751E-2,-2.25835E-2,-2.02661E-2,-1.90525E-2,-2.00575E-2,-2.05987E-2,-1.82669E-2,-1.82534E-2,-1.77717E-2,-1.76512E-2,-1.47494E-2,-1.60199E-2,-1.54738E-2,-1.57433E-2,-1.68483E-2,-1.53189E-2,-1.35063E-2,-1.49203E-2,-1.57163E-2,-1.24470E-2,-1.32567E-2,-1.10963E-2,-1.11874E-2,-1.00042E-2,-8.38130E-3,-1.07158E-2,-9.43175E-3,-5.72210E-3,-5.63323E-3,-4.18335E-3,-3.70352E-3,-4.61198E-3,-4.93468E-3,-4.31061E-3,-1.90668E-3,-2.24523E-3,-4.59999E-3,-3.48281E-3,-3.70724E-3,-3.91863E-3,-2.12752E-3,-3.02371E-3,-4.08340E-3,-4.54929E-3,-4.05132E-3,-4.14379E-3,-1.84727E-3,-3.69814E-3,-4.11768E-3,-3.69312E-3,-3.55884E-3,-2.74425E-3,-3.77246E-3,-4.76918E-3,-3.08208E-3,-4.46607E-3,-3.20097E-3,-3.04721E-3,-2.51861E-3,-3.15819E-3,-4.68800E-3,-3.73597E-3,-3.34279E-3,-3.29682E-3,-2.91058E-3,-2.06538E-3,-3.82737E-3,-1.84985E-3,-1.54231E-3,-2.32357E-3,-2.67314E-3,-1.64799E-3,-2.52468E-3,-2.21809E-3,-1.16820E-3,-1.15390E-3,-1.56576E-3,-2.44330E-3,-2.18949E-3,7.15679E-4,-1.36355E-3,7.70514E-4,-1.00654E-3,1.19134E-3,1.18721E-3,-9.62912E-5,7.52226E-4,1.21731E-3,3.97477E-4,1.82687E-3,-3.71557E-5,1.12884E-3,-6.12446E-4,3.51228E-4,6.87932E-4,-2.02961E-3,1.94220E-4,-3.54981E-4,-1.26370E-3,-1.12103E-3,2.02435E-4,-1.16075E-3,-1.24296E-3,-1.25179E-3
1.63111E+3,-1.24120E-3,4.37998E-4,1.54784E-3,-1.67619E-4,1.20550E-3,1.84583E-3,2.75460E-3,5.26424E-4,1.34702E-3,3.50322E-4,7.98035E-4,-7.16859E-4,-1.59418E-3,-2.55215E-3,-4.54157E-3,-6.86560E-3,-1.08045E-2,-1.44666E-2,-2.17169E-2,-2.76156E-2,-3.15233E-2,-3.44653E-2,-3.51005E-2,-4.12551E-2,-4.14720E-2,-4.72698E-2,-5.07694E-2,-5.23800E-2,-5.18497E-2,-5.05839E-2,-5.28247E-2,-5.52064E-2,-5.51365E-2,-5.22264E-2,-5.91063E-2,-5.68005E-2,-5.20563E-2,-4.85619E-2,-4.83564E-2,-4.83791E-2,-4.72309E-2,-4.83354E-2,-4.29577E-2,-3.77822E-2,-3.88877E-2,-4.09444E-2,-4.06742E-2,-3.07882E-2,-3.21952E-2,-3.14982E-2,-3.42066E-2,-3.04732E-2,-3.39108E-2,-3.03953E-2,-3.04793E-2,-3.04708E-2,-2.85302E-2,-3.04782E-2,-2.75797E-2,-2.70494E-2,-2.80812E-2,-2.67940E-2,-2.53813E-2,-2.18790E-2,-2.21704E-2,-1.92954E-2,-2.00659E-2,-2.06302E-2,-2.13612E-2,-1.81191E-2,-1.81991E-2,-1.78645E-2,-1.75228E-2,-1.59530E-2,-1.53160E-2,-1.47639E-2,-1.52477E-2,-1.67463E-2,-1.55683E-2,-1.32066E-2,-1.56079E-2,-1.61565E-2,-1.33412E-2,-1.39591E-2,-1.18079E-2,-1.12561E-2,-9.76003E-3,-9.12178E-3,-1.06431E-2,-9.04072E-3,-5.36403E-3,-6.26550E-3,-3.64946E-3,-4.59527E-3,-4.19579E-3,-5.28933E-3,-5.12126E-3,-1.15098E-3,-3.57062E-3,-3.67420E-3,-4.49722E-3,-3.90834E-3,-3.52701E-3,-2.73846E-3,-2.91258E-3,-4.32542E-3,-2.69487E-3,-4.07731E-3,-3.36235E-3,-2.05879E-3,-3.25037E-3,-4.07340E-3,-4.48829E-3,-4.13897E-3,-3.57861E-3,-3.60552E-3,-3.14734E-3,-2.27713E-3,-4.15191E-3,-3.73405E-3,-3.23061E-3,-1.14643E-3,-2.46740E-3,-3.66462E-3,-3.36705E-3,-2.73233E-3,-4.51496E-3,-3.68879E-3,-2.27505E-3,-3.49639E-3,-1.79484E-3,-1.59193E-3,-3.02203E-3,-1.85617E-3,-2.75375E-3,-3.57745E-3,-2.04405E-3,-1.27753E-3,-1.13469E-3,-2.66202E-3,-1.58536E-3,-2.71568E-3,1.21116E-3,-7.15901E-4,3.15002E-4,2.34174E-4,1.45202E-3,1.02317E-4,3.42423E-4,8.06811E-4,9.94784E-4,1.23199E-3,1.44233E-3,1.21462E-3,1.88588E-3,-5.30875E-4,9.93331E-4,2.97286E-4,-9.36618E-4,-6.52236E-5,-1.81575E-3,-2.11395E-4,-1.04086E-3,-6.76006E-4,-1.75126E-3,-1.13242E-3,-1.22791E-3
file info:Date: March 26, 2026
Sample: 
Solvent: 
Pump energy (uJ): 
Pump wavelength (nm): 
Cuvette length (mm): 2
Comments: Time Zero: 1189.860 ps
Averaging time: 1.0 s
Number of scans: 4
Measurement time: 00:29:59
Mar 31, 2026 9:11 AM : Background subtracted. Spectra used: 15
Mar 31, 2026 9:11 AM : Data saved.
Apr 7, 2026 2:52 PM : Data saved.
Time units: ps
Z axis title: dA