0.00000E+0,0.00000E+0,1.20000E-2,2.40000E-2,3.60000E-2,4.80000E-2,6.00000E-2,7.20000E-2,8.40000E-2,9.60000E-2,1.08000E-1,1.20000E-1,1.32000E-1,1.44000E-1,1.56000E-1,1.68000E-1,1.80000E-1,1.92000E-1,2.04000E-1,2.16000E-1,2.28000E-1,2.40000E-1,2.52000E-1,2.64000E-1,2.76000E-1,2.88000E-1,3.00000E-1,3.12000E-1,3.24000E-1,3.36000E-1,3.48000E-1,3.60000E-1,3.72000E-1,3.84000E-1,3.96000E-1,4.08000E-1,4.20000E-1,4.32000E-1,4.44000E-1,4.56000E-1,4.68000E-1,4.80000E-1,4.92000E-1,5.04000E-1,5.16000E-1,5.28000E-1,5.40000E-1,5.52000E-1,5.64000E-1,5.76000E-1,5.88000E-1,6.00000E-1,6.12000E-1,6.24000E-1,6.36000E-1,6.48000E-1,6.60000E-1,6.72000E-1,6.84000E-1,6.96000E-1,7.08000E-1,7.20000E-1,7.32000E-1,7.44000E-1,7.56000E-1,7.68000E-1,7.80000E-1,7.92000E-1,8.04000E-1,8.16000E-1,8.28000E-1,8.40000E-1,8.52000E-1,8.64000E-1,8.76000E-1,8.88000E-1,9.00000E-1,9.12000E-1,9.24000E-1,9.36000E-1,9.48000E-1,9.60000E-1,9.72000E-1,9.84000E-1,9.96000E-1,1.03100E+0,1.06600E+0,1.10100E+0,1.13600E+0,1.17100E+0,1.20600E+0,1.24100E+0,1.27600E+0,1.31100E+0,1.34600E+0,1.38100E+0,1.41600E+0,1.45100E+0,1.48600E+0,1.52100E+0,1.55600E+0,1.59100E+0,1.62600E+0,1.66100E+0,1.69600E+0,1.73100E+0,1.76600E+0,1.80100E+0,1.83600E+0,1.87100E+0,1.90600E+0,1.94100E+0,1.97600E+0,2.01100E+0,2.04600E+0,2.08100E+0,2.11600E+0,2.15100E+0,2.18600E+0,2.22100E+0,2.25600E+0,2.29100E+0,2.32600E+0,2.36100E+0,2.39600E+0,2.43100E+0,2.46600E+0,2.50100E+0,2.53600E+0,2.57100E+0,2.60600E+0,2.64100E+0,2.67600E+0,2.71100E+0,2.74600E+0,2.78100E+0,2.81600E+0,2.85100E+0,2.88600E+0,2.92100E+0,2.95600E+0,2.99100E+0,3.09100E+0,3.19100E+0,3.29100E+0,3.39100E+0,3.49100E+0,3.59100E+0,3.69100E+0,3.79100E+0,3.89100E+0,3.99100E+0,4.09100E+0,4.19100E+0,4.29100E+0,4.39100E+0,4.49100E+0,4.59100E+0,4.69100E+0,4.79100E+0,4.89100E+0,4.99100E+0,5.49100E+0,5.99100E+0,6.49100E+0,6.99100E+0,7.49100E+0,7.99100E+0
7.45800E+2,-1.17556E-1,1.70115E-2,-1.45704E-1,1.49360E-1,-2.45614E-2,-6.70197E-2,8.20908E-3,3.38190E-2,-6.18988E-2,4.22798E-2,8.40970E-2,-4.76031E-2,1.01822E-1,3.67032E-2,-8.95892E-3,-1.27764E-1,-5.77321E-3,-1.41690E-2,2.05640E-1,2.27311E-2,8.23826E-2,4.96679E-2,-9.79676E-3,9.28405E-2,-5.59350E-2,6.10579E-2,8.90044E-2,1.03596E-1,4.60017E-3,1.58748E-1,2.66000E-1,1.81915E-1,1.70287E-1,-1.14285E-3,6.96468E-2,1.50229E-1,1.18208E-1,1.27339E-1,3.74380E-2,1.67640E-1,3.00911E-1,1.68608E-1,2.15891E-1,4.33511E-2,1.14520E-1,1.82126E-1,1.55199E-1,4.75223E-2,1.20782E-1,1.79675E-1,7.97262E-2,1.37389E-1,1.86101E-1,1.63759E-1,9.65200E-2,-8.19414E-3,1.15426E-1,2.75433E-1,1.09737E-1,1.87128E-1,-1.08728E-1,-2.08630E-3,1.87222E-2,-6.23922E-2,-7.05443E-2,-5.60556E-3,-1.06243E-1,-8.47011E-2,3.33633E-2,-4.87719E-2,-4.81358E-2,5.95582E-2,2.04215E-1,2.16966E-1,4.59020E-2,1.95231E-1,-1.06138E-1,1.27812E-1,3.81238E-2,1.15608E-1,1.69045E-1,4.06081E-2,1.30221E-1,1.81435E-1,1.24484E-1,-1.45982E-2,1.90509E-1,5.41270E-2,2.78923E-2,7.51062E-2,6.05713E-2,3.03086E-2,1.09052E-1,5.26944E-2,2.72942E-1,1.79124E-1,5.23214E-2,-1.08336E-1,7.50805E-2,-1.36824E-1,-5.24267E-2,-2.44957E-2,1.46732E-1,1.54216E-2,1.43404E-1,2.00240E-1,3.04316E-1,1.62210E-1,2.28207E-1,1.06027E-1,-1.55974E-2,2.41826E-1,2.37792E-1,1.14185E-1,1.39897E-1,4.54450E-2,2.61483E-1,8.63685E-2,1.23889E-1,3.64486E-1,1.97052E-1,2.60572E-1,3.66616E-2,2.42473E-1,3.10391E-1,1.33991E-1,3.97785E-1,1.26996E-1,9.29055E-2,1.56458E-1,1.08983E-1,2.60232E-1,2.05492E-1,3.96001E-1,3.00706E-1,2.29176E-1,4.40281E-2,9.10031E-2,6.26202E-2,8.37019E-2,1.15434E-1,1.27203E-1,1.06856E-1,9.16222E-3,5.73375E-2,1.22975E-1,8.11905E-2,1.86139E-1,4.43259E-2,1.35590E-1,9.98248E-2,1.91842E-1,-1.36850E-2,1.79058E-1,8.39672E-3,-1.12116E-2,2.26982E-1,3.05996E-2,2.77695E-3,8.15331E-2,9.41554E-2,-2.81531E-2,3.62450E-2,-1.23705E-1,-4.70841E-2,2.70824E-1,1.11209E-1
7.49184E+2,-6.00248E-2,-4.16352E-2,7.71433E-3,1.58470E-1,-8.24125E-2,1.46597E-1,5.33837E-2,8.39751E-2,-1.19260E-1,-1.14100E-1,-2.03614E-2,-5.59656E-2,-9.22455E-2,1.26744E-1,9.12118E-3,2.12932E-1,6.83639E-2,9.30231E-2,5.03793E-2,7.21380E-2,-2.20952E-1,1.71904E-1,1.10497E-1,-2.28062E-1,1.39453E-1,-1.69830E-1,-1.69637E-1,-7.06308E-2,1.01562E-1,-1.34403E-1,-4.55935E-1,-1.70251E-1,-3.94815E-1,-1.62606E-1,-7.76560E-2,-3.56705E-1,-4.80145E-1,-8.64967E-2,-1.06046E-2,-8.86495E-2,-2.78637E-1,-2.53256E-1,-5.09692E-1,-7.91830E-2,-3.39078E-1,-3.22434E-1,-1.29637E-1,-2.66463E-1,-1.24853E-1,-1.96830E-1,-1.18638E-1,-6.28467E-2,-3.25628E-1,-6.14408E-2,-3.96061E-2,-3.04233E-3,-1.29185E-1,-1.02832E-1,-4.76613E-1,-6.12895E-2,-6.20954E-2,-1.38343E-2,2.32050E-2,1.81619E-1,5.26572E-2,1.22712E-1,7.80386E-2,6.36292E-2,1.76566E-1,1.77340E-2,-1.90415E-1,-2.19283E-1,2.52428E-2,-1.25823E-1,-1.54164E-1,-2.50914E-1,-1.68741E-2,-4.34645E-2,-1.44595E-1,1.80300E-2,6.09018E-2,-1.80906E-1,-1.32527E-1,-1.82138E-1,-2.01647E-1,-5.32928E-2,-1.39963E-1,8.47593E-2,-6.56149E-3,-4.22994E-2,-3.35704E-3,-1.38014E-1,-3.33786E-2,5.98836E-2,4.28988E-2,-1.86163E-1,-2.64337E-1,1.78340E-1,-1.21191E-1,9.50745E-2,3.59289E-2,2.36865E-1,-1.19457E-1,-3.33478E-1,-8.05412E-2,3.48566E-2,-1.73945E-1,-1.27948E-2,-1.53216E-1,-6.15044E-2,-1.11763E-1,-2.95098E-1,-3.11581E-1,-1.69302E-1,-3.40523E-1,-2.01369E-1,-4.44381E-1,-1.36305E-1,-3.80352E-1,-4.22280E-1,-4.97768E-1,-1.68921E-1,-3.23029E-1,-2.16794E-1,-2.91598E-1,-4.33394E-1,-3.55174E-1,1.12678E-2,-3.31546E-1,-2.66929E-1,-3.02934E-1,-3.38897E-1,-6.40992E-1,-1.14159E-1,-3.47463E-1,-1.50696E-1,-3.08928E-1,-2.04836E-1,-1.80481E-1,-1.26545E-2,-1.92865E-1,-1.21463E-1,-8.76846E-2,-2.66931E-1,-1.31433E-1,-1.66020E-1,-7.32929E-2,-2.54945E-1,1.32593E-1,1.18559E-1,-2.17300E-1,7.56856E-2,-3.42584E-1,-1.71928E-1,1.12896E-1,1.94672E-1,-2.23825E-1,1.11779E-1,-3.57433E-1,-3.55210E-1,-9.69742E-2,1.53540E-1,4.14883E-2,1.39831E-1,2.18064E-1,-1.26515E-2,-7.05147E-2
7.52569E+2,-2.11877E-1,8.73687E-2,1.24315E-1,-5.21142E-2,1.16053E-1,2.21204E-1,-2.17285E-1,-1.76297E-1,6.89883E-2,4.07048E-2,-7.87335E-2,6.28367E-2,1.42029E-2,3.08912E-2,-3.02584E-2,-5.06564E-2,1.62532E-1,-2.33830E-2,-3.82435E-2,-2.00628E-1,1.29404E-1,-1.20161E-2,-1.47941E-1,2.82521E-2,-2.44431E-3,-5.03185E-2,-1.00934E-1,-2.31556E-2,-9.77606E-2,-3.44221E-2,-2.13394E-1,-4.99521E-1,-9.01777E-2,-2.25645E-1,-7.28341E-2,-1.68525E-1,-3.03502E-1,-3.66238E-1,1.52757E-2,-1.05834E-1,-3.70036E-1,-1.01006E-1,-3.79644E-1,3.06548E-2,-2.71828E-1,-1.49217E-1,-2.36161E-1,-1.71665E-1,-2.31456E-2,-1.26220E-1,-5.64849E-2,-7.89607E-2,-1.33145E-1,-1.84900E-1,-1.62492E-1,2.36711E-3,-1.69659E-1,-3.62185E-1,-2.61718E-1,-3.61707E-2,-1.14333E-1,-3.42850E-4,-1.68221E-1,9.20688E-2,-2.03664E-2,2.12388E-1,3.70134E-2,1.87997E-3,1.51652E-2,1.52254E-1,-2.89378E-2,-7.86350E-2,-2.76116E-1,-2.43070E-1,5.91718E-3,-1.29972E-1,-1.07638E-1,-1.89586E-1,-2.68054E-1,2.39841E-2,-2.49659E-1,-4.22938E-1,-1.94626E-1,6.52640E-2,-6.71600E-2,5.23161E-2,-3.85579E-1,8.71081E-2,-2.17778E-1,-1.89164E-1,7.98932E-3,-2.48036E-2,5.33233E-2,-2.03398E-1,1.20768E-1,-1.05874E-1,-5.86117E-2,4.54687E-2,-2.64976E-2,2.42137E-1,-4.28566E-2,8.62338E-2,8.38216E-2,5.23815E-2,-1.42729E-1,-2.20363E-1,-7.36047E-2,1.49478E-1,-1.68555E-1,1.06854E-1,-1.23369E-1,-2.31164E-1,-1.44949E-1,-2.91284E-1,-2.91310E-1,-8.55720E-2,-2.47217E-1,-3.27156E-1,-1.81598E-1,-2.71359E-1,-1.47113E-1,-2.53754E-1,-3.27476E-1,-2.28444E-1,-3.17556E-1,-2.39489E-1,-8.49791E-2,-3.25765E-1,-7.15288E-3,-4.01815E-1,-2.12796E-1,-2.14990E-1,-2.96553E-1,-6.22545E-2,-3.15369E-1,-3.15108E-1,-2.67766E-1,-1.62523E-1,-1.46128E-1,-7.80082E-2,-1.77766E-1,-2.11428E-1,-1.74334E-1,-2.05014E-1,-1.87924E-2,1.93791E-2,1.05224E-1,-2.55165E-1,4.07018E-2,-1.50254E-1,-1.69542E-1,-2.25855E-1,-2.87347E-1,5.44500E-2,-2.38097E-1,-1.18396E-1,-2.82333E-1,-7.75589E-2,-1.27017E-1,2.02766E-2,-9.66216E-2,1.22491E-1,6.29391E-2,3.35462E-2,1.40592E-1,-2.57485E-2,2.15089E-2
7.55955E+2,-3.05651E-2,1.15162E-1,2.59205E-2,-4.87144E-2,3.74683E-2,-4.22791E-3,-6.28246E-2,8.63416E-2,-9.62203E-2,-3.38664E-2,-3.50851E-2,8.75201E-3,2.00770E-2,1.12616E-2,6.52041E-3,9.75623E-4,-3.38117E-2,-3.12965E-2,-6.01131E-2,-8.14052E-2,-1.32819E-2,-1.15396E-1,-4.83933E-2,-5.48935E-2,2.15487E-2,-6.07205E-2,-6.15349E-2,-4.19790E-2,-5.35520E-2,-2.81943E-2,-2.26716E-1,-4.48163E-2,-9.22314E-2,-1.96559E-2,-1.13364E-1,-1.55789E-1,-1.06312E-1,5.79023E-3,-5.14742E-2,-6.36260E-2,-5.77680E-2,-8.89408E-2,-1.66841E-1,-6.63513E-2,-3.94764E-2,-1.16028E-1,-6.11635E-2,1.44082E-2,7.50180E-3,-1.22848E-1,-1.19672E-2,-9.97305E-2,-1.46312E-1,-4.27925E-2,-1.29915E-1,-4.88965E-2,-1.51681E-2,-9.97571E-2,-1.73679E-1,-1.14017E-1,-5.73266E-2,-9.98976E-2,-6.93535E-2,5.08505E-2,-3.26473E-4,6.78180E-2,-3.91386E-2,2.35055E-2,-6.71034E-2,7.11732E-3,-5.79158E-2,8.74029E-4,-1.87206E-1,-5.80120E-2,-3.31330E-2,-3.47499E-2,-5.68740E-2,-7.26914E-2,-3.76686E-2,-2.99658E-2,-1.59294E-1,1.42042E-3,-1.72531E-1,-1.46553E-1,-1.57132E-1,-1.15218E-1,-8.17441E-2,-4.12578E-2,-1.07797E-1,4.34584E-3,-7.02472E-2,-5.58005E-3,-1.62084E-2,-3.56447E-2,-8.10154E-2,-4.61697E-2,5.27485E-2,7.13160E-2,-4.40732E-2,5.97551E-2,-3.30497E-2,9.54674E-2,-3.52347E-3,-1.03498E-1,-4.87891E-2,-6.46950E-3,-3.64979E-2,1.67898E-1,-3.19281E-4,-1.02077E-1,-4.49803E-2,-2.00065E-1,-1.76314E-1,-1.45507E-1,-2.09924E-2,-5.89554E-2,-9.86942E-2,-1.13364E-1,-9.66879E-2,-1.26098E-1,6.62746E-2,-1.16367E-1,-3.24813E-2,-8.47988E-2,-1.39733E-1,-1.49448E-1,-1.87568E-1,-2.36613E-1,-1.17371E-1,-1.11705E-1,1.02273E-3,-2.60616E-1,-1.47236E-1,-2.26729E-1,-1.93532E-1,-1.20506E-1,-2.26068E-2,-1.25466E-1,-1.76349E-1,1.49180E-2,-1.48215E-1,-1.11603E-1,-1.55959E-1,-5.79769E-2,-5.81100E-2,-1.85649E-2,-9.66163E-2,-3.75336E-4,-7.34018E-2,-2.10611E-2,-1.62250E-1,-3.77915E-2,-1.45991E-1,-6.28571E-2,2.39896E-2,-1.91310E-1,-1.82570E-1,-3.53157E-3,-3.63354E-2,-1.30551E-1,-6.94616E-2,4.34744E-2,-7.36471E-2,4.93748E-2,3.81438E-2,5.35323E-2,-2.70292E-2
7.59341E+2,-6.94008E-3,-6.57280E-2,-7.70498E-2,-4.45492E-2,1.16177E-1,3.42472E-2,5.20821E-2,1.44006E-2,-7.86982E-2,-4.97808E-3,-4.84144E-2,-2.48992E-2,5.33715E-2,4.05477E-2,4.04303E-2,3.49763E-2,4.14999E-2,6.90336E-2,-2.81170E-2,8.38415E-2,4.49886E-2,-6.23417E-3,-7.01658E-2,-2.76314E-2,3.96148E-2,-4.55251E-2,-7.86982E-2,3.47941E-3,1.73745E-3,8.09802E-2,-1.96718E-2,-7.67223E-2,-6.02162E-2,-5.69632E-2,-2.15937E-2,-1.46043E-2,-5.92614E-2,-5.83075E-2,4.41276E-3,-5.89102E-2,-8.89866E-2,-1.07030E-1,-9.22203E-2,5.26415E-2,2.86354E-2,-6.53647E-2,-8.98123E-3,-5.03408E-3,-5.16183E-2,-6.65542E-2,-2.76968E-3,-6.00654E-2,-7.63137E-2,6.86169E-3,-1.90584E-2,4.51473E-2,5.11483E-3,-1.54755E-2,-1.65073E-1,4.71216E-3,1.15614E-2,-6.23032E-2,-3.96740E-2,1.45608E-1,-8.99119E-5,1.36405E-2,-1.10954E-2,6.31038E-2,1.21469E-1,9.06889E-2,-6.31484E-2,-1.16480E-1,-3.99318E-2,-8.11716E-2,-1.20023E-2,-1.06129E-1,-6.54280E-2,-9.27955E-2,-2.51868E-2,2.35457E-2,-2.09124E-2,-3.48704E-2,-1.83887E-2,-1.22217E-1,-2.31812E-2,-2.00203E-2,-3.26683E-2,4.47803E-3,-1.95305E-2,-2.61248E-2,7.61086E-3,-5.33749E-2,-4.09343E-3,2.77359E-2,2.24686E-2,-9.84279E-3,4.19242E-2,5.56730E-2,8.91492E-2,6.81489E-2,2.22781E-2,1.82408E-3,3.23474E-2,-8.03256E-3,2.67565E-2,-5.20985E-4,-1.98938E-2,8.93545E-3,5.82534E-2,-4.36524E-2,-5.65656E-2,-9.69238E-3,-3.36020E-2,-2.30540E-3,-1.39161E-2,-2.00207E-2,-8.47557E-4,-5.37843E-2,-1.61742E-2,-2.42371E-2,3.87804E-2,-2.76799E-3,-5.32770E-2,-5.55716E-2,-9.16431E-2,-5.49732E-2,-9.32645E-2,-1.71657E-1,-3.30987E-2,-3.00884E-2,-2.84608E-3,-7.18302E-2,-3.33077E-2,-7.96027E-2,-4.41522E-2,1.84760E-2,2.46568E-2,2.36747E-3,-1.33510E-2,-6.49875E-2,-5.46338E-2,-1.67841E-2,-5.19566E-2,-1.50963E-2,-1.82571E-2,1.58708E-2,1.54152E-2,1.08258E-2,-1.89944E-2,-2.23419E-2,-3.17894E-2,3.94270E-2,-6.03376E-2,2.23567E-2,-2.03922E-2,-1.76379E-2,-2.18576E-2,1.47723E-2,-4.22346E-3,-2.52534E-2,3.44481E-2,1.04888E-2,-9.27073E-2,2.85923E-2,-1.61083E-2,1.01955E-3,-3.39715E-2
7.62729E+2,-4.63516E-3,6.53313E-2,-4.56471E-2,-1.70156E-2,1.18454E-1,1.15959E-3,-4.24383E-2,2.17948E-2,-4.05913E-2,1.83864E-2,-1.66085E-2,-1.13160E-2,-9.91655E-2,7.92169E-2,-2.69251E-2,-1.26538E-2,3.42224E-2,7.09009E-2,-2.86336E-2,-8.26152E-3,1.43310E-2,-6.18848E-3,-8.74381E-2,-5.00099E-2,-1.28873E-1,4.39819E-3,-4.18415E-2,-1.99322E-2,1.01755E-2,-3.77184E-2,-1.85810E-1,-1.74316E-1,-1.48873E-1,-4.02987E-2,-1.90677E-1,-7.62364E-2,-1.53059E-1,8.21221E-2,-9.45152E-2,-2.44801E-2,-1.57977E-1,-1.19990E-2,-1.41057E-1,-2.95813E-2,-1.30864E-1,-4.31237E-2,-8.54506E-2,-2.17808E-2,-6.85721E-2,-9.06553E-2,3.76945E-2,1.00182E-2,-1.34001E-1,-5.10369E-2,-6.07694E-2,2.53579E-2,-8.58180E-2,-5.73181E-2,-1.44160E-1,-2.15270E-2,-8.75810E-2,-1.84950E-2,-2.52826E-2,5.82083E-2,-3.64120E-2,9.84412E-2,2.50030E-2,-1.70059E-2,-6.34563E-2,1.14097E-2,-1.64814E-2,-1.96126E-4,-6.39119E-2,-7.31234E-2,-3.36519E-2,-1.06771E-1,-8.63427E-3,-8.34828E-2,-8.25752E-2,-4.15883E-2,-6.97012E-2,-2.39805E-2,-1.17688E-1,7.67528E-3,-3.52813E-2,-1.03231E-1,-2.94787E-2,-9.14607E-3,-8.05964E-2,-1.33524E-2,-7.54425E-2,-1.87951E-2,-8.49075E-2,-1.36137E-2,-4.37010E-2,3.98554E-2,3.12138E-2,2.07424E-2,-8.07494E-3,4.98312E-2,3.21592E-2,2.94073E-2,1.68777E-2,-3.45623E-2,-3.98912E-2,9.01343E-2,-2.97631E-2,4.61341E-3,1.38232E-2,2.55979E-2,-7.54497E-2,-3.44771E-2,-1.07701E-1,-5.11087E-2,-1.10249E-1,-8.30660E-2,-8.20234E-2,-1.57673E-2,-8.08212E-2,-8.18647E-2,-5.44835E-2,-9.20973E-2,-1.41709E-2,-1.52116E-1,-8.97323E-2,-4.13510E-2,-9.29417E-2,-8.34313E-2,-9.81041E-2,-1.05032E-1,-1.21363E-1,-8.86803E-2,-1.51251E-1,-9.93037E-2,-9.31972E-2,-1.02925E-1,-8.62810E-2,-1.21776E-1,-1.28302E-2,-4.82977E-2,2.47715E-2,-1.08562E-1,-7.56867E-2,-5.31385E-2,-2.15804E-2,-2.56252E-2,-8.65552E-2,-5.84328E-2,4.65085E-2,-3.94540E-2,-6.54304E-2,7.21569E-2,-9.33868E-2,2.19862E-3,2.47458E-2,-3.17677E-2,-5.86246E-2,-1.61687E-3,-9.68412E-3,-1.28697E-1,5.80844E-2,-1.88517E-2,-1.13211E-2,3.12520E-2,7.28406E-2,-1.62255E-2,3.63606E-2
7.66116E+2,4.86835E-1,-2.50025E-1,-4.10222E-1,-2.97812E-2,2.05221E-1,4.48142E-1,-1.95182E-2,-1.91894E-1,9.68695E-2,8.60912E-2,-6.60919E-2,6.14575E-3,-4.42963E-2,-4.26724E-1,1.09249E-1,3.31487E-1,5.32826E-1,-3.41196E-1,-7.56345E-2,-3.14626E-1,-4.49585E-3,-5.56498E-1,-3.88480E-1,-6.30431E-1,1.92178E-1,-5.86259E-1,-1.75398E-1,-2.32638E-2,8.54860E-2,-5.60463E-1,-9.12810E-1,-6.13852E-1,-3.03681E-1,-4.76634E-1,-6.39057E-1,-1.59700E-2,3.78012E-1,-2.70296E-1,-6.66938E-1,-4.24910E-1,-1.15019E+0,-2.21219E-1,-5.94646E-1,-5.39672E-1,-1.77120E-2,-5.26199E-1,-5.65495E-1,-5.98257E-2,-4.51621E-1,-2.41801E-1,-4.52851E-1,-7.44978E-1,-4.39189E-1,-5.03623E-1,-8.33375E-2,-3.31673E-1,-4.08323E-1,-4.32797E-1,-3.32636E-1,2.41864E-1,1.21251E-2,-4.54547E-1,-4.62315E-1,3.76424E-1,1.70723E-1,3.19293E-1,2.79531E-1,6.30809E-1,4.88207E-1,-3.00324E-2,1.33117E-1,-3.48253E-1,-5.99967E-1,-5.97007E-1,-5.50973E-2,-4.52454E-1,-2.70204E-1,-7.63175E-1,-4.65680E-1,-4.34080E-1,-1.02836E+0,9.77053E-2,-8.82762E-1,6.86715E-4,-2.73571E-1,5.97199E-2,-6.23485E-1,-2.07168E-1,-1.84039E-1,7.93021E-2,1.75056E-1,-2.99915E-2,-3.39983E-1,-6.70627E-1,5.13486E-2,-4.11054E-1,-1.72116E-1,2.04743E-1,-3.46735E-1,8.77285E-1,6.24447E-1,6.06978E-1,1.82146E-1,-2.55077E-1,-2.93745E-1,-5.41577E-1,2.03565E-2,-1.51539E-1,2.16296E-1,-7.67190E-2,-7.57171E-1,-8.33045E-1,-5.27537E-1,-3.31640E-1,-5.44558E-1,-3.36793E-1,-2.77594E-1,-8.41176E-1,-3.44731E-1,-4.07172E-1,-1.37638E+0,-2.87848E-1,-3.54768E-1,-7.41792E-1,-1.13708E+0,-1.82773E-1,-9.37085E-1,-8.20844E-1,-2.76253E-1,-4.19449E-1,-5.42572E-1,-7.92222E-1,-1.24480E+0,-1.96413E-1,-7.77527E-1,-8.20620E-1,2.36578E-1,-2.12887E-1,1.51770E-1,-5.16979E-1,-4.92235E-1,1.09343E-1,-7.11397E-1,-4.71179E-1,-4.36319E-2,9.90399E-2,-4.64568E-1,5.78293E-1,-2.42905E-1,8.58951E-2,-6.28937E-1,1.10201E-1,-6.09240E-1,-2.46171E-1,-3.85899E-1,-2.09610E-1,-2.98505E-1,-7.95155E-1,-4.89137E-1,-9.71149E-1,-2.03250E-1,1.44216E-1,-3.02813E-1,6.72110E-1,-1.27793E-1,-2.48081E-1,1.04210E-1
7.69505E+2,-4.82931E-3,7.62535E-5,1.07701E-2,1.97145E-2,4.41693E-2,8.91902E-2,-4.77333E-2,-4.65572E-2,-1.69974E-2,2.50701E-2,-3.15579E-2,1.35382E-2,2.08433E-2,-5.66607E-2,-1.90360E-2,1.59527E-2,7.99456E-3,2.30758E-2,4.49438E-2,9.03591E-2,3.86528E-2,-2.56114E-3,-2.53522E-2,9.19682E-3,3.31751E-2,5.54667E-2,-5.30400E-2,-8.59600E-2,2.46226E-2,-2.56541E-2,-5.45438E-2,-1.31329E-2,-2.35237E-2,-5.25223E-3,-1.00287E-1,-8.36707E-2,-8.95097E-3,-3.89185E-2,-3.45540E-2,2.52375E-2,-1.08142E-1,-7.61624E-2,4.06676E-3,-8.83234E-2,-5.40955E-3,6.64671E-2,-1.47507E-2,-6.42826E-2,6.76999E-3,-5.62604E-3,1.49590E-3,-4.24540E-2,-7.22223E-2,-6.59834E-2,1.22539E-3,-3.48205E-2,-4.48495E-2,-5.19394E-2,-4.34076E-2,-3.71475E-2,5.40829E-2,-3.29335E-2,-6.77928E-2,6.12666E-2,1.35065E-2,4.76890E-2,4.15656E-2,2.12722E-2,2.86514E-2,2.51415E-2,5.32775E-2,-3.61160E-2,-4.03678E-2,-1.85424E-2,2.43394E-3,-2.63150E-2,-8.02515E-2,-6.33491E-3,6.72325E-3,-3.53959E-2,-3.94398E-2,-6.78399E-2,-2.57883E-2,-4.92405E-2,1.40128E-2,3.47602E-2,1.94706E-2,-7.66487E-2,5.14254E-2,6.99554E-3,4.29326E-2,3.70768E-2,3.36125E-3,2.06620E-2,-1.51023E-2,-6.51343E-2,2.73104E-2,1.20865E-1,7.82820E-2,5.86425E-2,7.89210E-2,3.39712E-2,1.55350E-2,-1.13666E-2,6.59321E-2,-6.13186E-2,9.85818E-3,5.92842E-2,4.25241E-2,5.72920E-2,-4.70254E-2,-2.78583E-3,1.27269E-2,-4.50182E-2,-5.75346E-2,2.38062E-2,-5.71203E-2,-6.21123E-2,-3.64326E-2,3.17590E-2,5.97625E-3,-1.48687E-2,3.34298E-2,-5.42663E-2,-3.72670E-3,-7.66042E-2,-2.08110E-2,-6.49832E-2,-3.95008E-2,1.64859E-2,-3.26077E-2,-8.24233E-2,-8.25494E-2,-1.81489E-2,-6.87992E-2,1.82052E-2,4.17020E-2,2.17959E-2,-3.23773E-2,1.32861E-2,-5.30657E-2,-5.61101E-2,-7.74269E-2,2.06370E-2,-6.66592E-2,-4.86613E-2,-5.45691E-3,-5.17423E-2,3.17916E-2,3.45696E-2,-4.23815E-2,1.99596E-2,-1.27608E-1,-3.87454E-2,1.05535E-1,3.87001E-2,-7.33953E-2,-1.47517E-2,-1.35389E-3,7.30574E-3,-9.93082E-2,3.45054E-2,-7.65614E-2,7.48134E-2,3.80234E-2,4.78763E-2,5.14331E-2
7.72894E+2,-5.41395E-2,-2.90304E-2,2.59897E-2,2.74286E-2,5.12218E-2,6.22295E-2,2.52671E-2,-1.89051E-2,-3.28143E-2,3.36583E-2,-3.26380E-2,-3.33779E-2,-2.39314E-2,-2.61345E-2,2.51760E-2,4.94978E-2,1.54866E-2,-1.14812E-1,-1.22095E-1,2.83656E-2,-2.98221E-2,6.14676E-2,-1.52268E-2,-5.60581E-2,1.49304E-2,-8.46586E-2,2.71715E-2,6.07292E-3,6.55664E-2,-2.25419E-2,-1.39505E-1,-1.34284E-1,-1.17613E-1,-1.62424E-1,-1.53234E-1,-2.92692E-2,-9.63752E-2,-1.12228E-1,-5.98122E-2,-1.03618E-1,-4.47529E-2,-1.99867E-1,-1.63640E-1,-5.18559E-2,5.93170E-2,-9.10008E-2,-1.45189E-1,-8.50592E-3,-3.16596E-2,-1.56478E-1,-5.80246E-2,-3.06221E-2,-4.14557E-2,2.51713E-3,-2.81157E-2,-4.54472E-2,-5.89395E-2,-1.60746E-1,-1.68247E-1,-8.19909E-2,-2.76977E-2,-9.30381E-2,-1.08858E-2,4.95804E-2,-4.64076E-2,4.88894E-2,-4.76952E-2,4.89208E-2,1.00754E-1,-6.55222E-3,-6.85465E-2,-1.23916E-1,-5.01249E-3,-1.91409E-1,-1.05272E-1,-1.28298E-1,-1.90408E-1,-8.07983E-2,-1.13775E-1,-7.03308E-2,-1.09426E-1,-3.15493E-2,4.83572E-2,-1.39936E-1,-8.82105E-2,1.26795E-2,4.87000E-2,-2.15137E-2,-4.47886E-2,2.78314E-2,1.91126E-3,-4.10200E-2,3.60039E-2,-2.60855E-2,1.47499E-2,-3.29434E-2,-1.54784E-2,3.64714E-2,5.49754E-3,9.18045E-2,6.43667E-2,5.89733E-2,-1.15650E-2,-4.63177E-2,4.46216E-2,-9.22363E-2,-5.98651E-4,-7.98599E-2,9.45953E-2,-3.12823E-2,-9.75971E-2,-9.09545E-2,-1.15098E-1,-7.29804E-2,-1.11345E-1,-1.65750E-1,-8.48192E-2,-1.78488E-1,-8.90481E-2,-6.33760E-2,-2.17522E-1,2.59429E-2,-9.77677E-2,-9.57098E-2,-1.65628E-1,-4.64822E-2,-1.10035E-1,-1.69199E-1,-1.12318E-1,-1.32315E-1,-8.58038E-2,-2.07676E-1,-2.48184E-1,-1.47539E-1,-1.82598E-1,-1.66506E-1,-6.05271E-2,4.38951E-3,-7.58331E-2,-3.59608E-2,-1.14144E-1,-7.35859E-2,-8.73951E-2,-1.71417E-2,-5.31136E-2,-7.44297E-2,2.17983E-2,-3.25733E-2,2.09590E-2,-7.62217E-2,-1.48195E-1,-5.10558E-2,-1.35734E-1,4.79830E-3,-9.10568E-2,-1.24787E-1,-4.81333E-2,-3.30351E-2,-2.13872E-2,-7.68899E-2,-7.66696E-2,2.30602E-2,-8.58619E-2,2.92860E-2,7.32537E-2,1.09191E-2,8.06546E-2
7.76284E+2,7.56569E-2,-2.62807E-2,-3.89615E-2,8.32077E-3,8.67522E-4,9.16500E-3,-9.81349E-4,3.29890E-3,-1.87936E-2,-1.82095E-2,1.73347E-2,-5.23834E-2,-4.88123E-2,1.19628E-1,-2.98489E-2,-1.52604E-2,-6.05709E-2,-7.50475E-2,8.75204E-2,-9.38326E-3,-1.47042E-2,3.60435E-2,-1.10945E-2,-1.72388E-2,-5.94742E-2,-6.35435E-2,1.19170E-2,-4.60839E-2,-2.70122E-2,-6.61223E-3,-2.00976E-2,1.63319E-2,-4.10918E-2,1.57239E-2,-2.94036E-2,-9.50423E-3,-1.48648E-3,-6.31633E-2,-4.71056E-2,6.40630E-2,-3.01989E-2,-8.59153E-2,-4.52807E-2,-5.99914E-2,2.01665E-2,-4.48649E-2,-3.00660E-2,-9.76852E-2,-2.63637E-2,-3.91004E-2,-6.10343E-2,-3.27366E-2,-7.84473E-2,1.78312E-3,-4.33308E-2,-2.95338E-2,4.03280E-3,-2.74490E-3,-8.04945E-2,-6.59915E-2,2.84032E-2,-1.88857E-2,-6.87150E-3,-3.17825E-2,5.27322E-2,-1.64480E-2,5.73887E-2,1.97409E-2,-2.58739E-2,9.33922E-2,-3.42597E-2,5.79043E-3,5.20429E-3,2.35660E-2,-2.19809E-2,1.68791E-2,1.69880E-2,-5.13259E-2,2.89712E-2,8.51831E-4,1.29243E-2,-5.50866E-2,-1.53815E-2,-4.91289E-2,-2.14488E-3,-2.27366E-2,-3.06318E-2,-2.17542E-2,-1.66385E-3,5.03718E-2,-7.57775E-2,3.44639E-2,-5.35961E-2,-3.09450E-2,7.43776E-3,-2.66178E-2,3.23156E-2,1.60877E-2,-4.52421E-2,5.90871E-3,6.84831E-2,8.45454E-2,1.87351E-3,8.04053E-2,8.89220E-2,-5.37316E-2,-2.56540E-2,5.15641E-2,-1.28953E-2,2.62998E-2,-3.90776E-2,4.55615E-2,-4.34670E-2,-1.97126E-2,-1.78512E-2,-8.94622E-3,-4.50887E-2,2.64810E-2,-1.17235E-1,-1.86154E-2,6.02994E-2,5.23082E-2,-1.53141E-3,-5.94005E-3,-1.32040E-2,-1.05240E-1,-8.30545E-2,-3.13752E-2,-8.91234E-2,-3.25346E-2,4.96189E-2,5.93072E-3,-8.59735E-2,3.55546E-3,-7.61382E-2,-9.23064E-2,-1.62585E-2,1.28649E-2,-7.59633E-2,7.70136E-3,6.78114E-3,-2.77413E-2,-2.72176E-2,-1.97754E-2,-8.95662E-2,1.37591E-2,-2.18546E-2,-4.16982E-2,4.21484E-2,6.94820E-2,5.20909E-2,6.61674E-2,2.16747E-2,-4.59707E-2,1.68909E-2,-5.08320E-3,6.76517E-4,1.80245E-2,5.71944E-2,-9.21499E-2,-2.88394E-3,7.61254E-2,-1.03906E-2,2.27418E-2,5.52853E-2,-3.16235E-2,9.30273E-2
7.79674E+2,-3.55524E-2,3.95881E-2,2.37128E-2,-8.08473E-3,7.00508E-2,5.34166E-2,-4.49290E-2,2.29710E-2,-9.81166E-3,-7.96052E-2,-2.29232E-2,2.15726E-2,-1.80401E-2,4.50868E-2,-5.74525E-2,8.66466E-3,-1.66417E-2,1.13505E-2,-3.95142E-2,-1.27676E-2,-1.47147E-2,6.71550E-2,1.76475E-4,-4.11681E-3,2.22789E-2,-8.22021E-2,-5.01027E-2,-7.24091E-2,-3.63430E-2,-2.35452E-2,-5.71248E-2,-6.15656E-2,-4.45168E-2,-2.21357E-2,-6.89585E-2,2.82002E-2,-1.01329E-1,2.00322E-2,-2.25459E-2,5.89723E-2,-3.24732E-2,4.15244E-2,-7.88219E-2,6.67616E-2,1.13566E-2,-5.02142E-2,-1.24323E-2,-2.82750E-2,5.70140E-2,-3.62682E-2,1.38088E-2,-2.15947E-2,-7.30650E-2,-5.10065E-2,-3.48461E-3,-2.15921E-4,-4.83308E-2,-2.72015E-2,-9.45896E-2,1.14716E-2,-7.05302E-3,-2.90749E-2,-5.88363E-2,6.39812E-2,9.68155E-2,7.61359E-2,1.15396E-2,-1.34964E-2,-3.92378E-2,4.28047E-2,2.70267E-2,-6.23172E-2,-3.47842E-2,-4.33162E-2,-7.01306E-2,-6.72717E-2,-5.18860E-2,-1.83655E-2,-5.57466E-2,-4.82900E-3,-9.03060E-2,-2.91467E-2,-2.25311E-2,-7.87685E-2,5.47783E-2,-2.82033E-2,1.37605E-2,3.52814E-2,-6.45684E-2,-2.72698E-2,-7.35827E-3,2.22913E-2,-1.85974E-2,1.28399E-2,-8.85142E-3,-6.75546E-3,1.11909E-1,3.44210E-2,5.28014E-2,4.17643E-2,-1.23291E-2,3.66807E-2,3.99292E-3,5.79313E-3,-4.18566E-2,-1.11234E-2,-3.06250E-2,-6.99094E-3,-1.07135E-2,-4.31253E-2,-2.47364E-2,-1.16961E-1,-3.23713E-2,-7.03996E-2,-2.15847E-2,-4.17314E-2,-4.59325E-2,-7.51575E-3,-3.08845E-2,-5.27042E-2,-1.08991E-2,-4.43688E-2,-8.09521E-3,-4.62823E-2,-1.85079E-2,-7.48816E-2,-6.99407E-2,-5.50035E-2,-4.58950E-2,-5.54278E-2,-1.63378E-2,-1.07228E-1,-8.17045E-2,-8.93022E-2,-4.75076E-2,-4.69057E-2,-6.28122E-2,-7.82396E-3,2.59438E-2,-1.71832E-3,-4.81069E-3,-2.28587E-3,-7.09868E-2,-6.38825E-2,-5.62876E-2,-3.16700E-2,-1.40728E-2,4.20355E-2,7.30620E-2,-2.76672E-2,-9.32959E-2,-2.71839E-2,-1.29914E-1,-3.52544E-2,-2.85301E-2,-2.91552E-2,-5.19156E-2,-2.52812E-2,-4.02481E-2,-6.64723E-2,-4.79404E-2,1.11410E-2,-2.85256E-3,8.62882E-3,1.03212E-1,2.18789E-2,4.30808E-2
7.83066E+2,1.14654E-1,-1.93834E-2,-1.54767E-1,-9.70181E-2,-1.05677E-1,-2.37255E-2,1.05872E-1,-1.58069E-3,1.23490E-1,-7.81165E-2,4.70230E-2,1.70438E-2,6.43800E-3,8.51953E-2,-1.94471E-2,-7.96433E-2,2.26293E-1,-1.12056E-1,1.75307E-1,4.54411E-3,2.49835E-2,2.00150E-1,7.03336E-2,-7.33179E-3,5.73804E-2,1.48832E-1,1.45911E-1,-1.35076E-1,9.26378E-2,1.00762E-2,2.39979E-1,1.42371E-1,3.39363E-1,1.56768E-1,8.10510E-3,-2.44321E-1,8.84368E-2,8.75245E-2,2.37891E-1,-5.52893E-2,2.41749E-1,9.95258E-2,1.53706E-1,4.91773E-2,1.54189E-1,1.61737E-1,5.51637E-2,1.22677E-1,-6.77010E-2,2.16269E-2,6.64683E-2,9.55228E-2,3.35742E-1,-3.90439E-2,-2.01557E-2,-1.54692E-1,4.05566E-2,3.53767E-1,-3.72959E-2,4.40416E-2,7.67823E-2,1.02956E-1,7.24610E-2,-2.62157E-1,1.73491E-2,-1.40255E-1,4.40597E-2,7.06785E-2,-1.72244E-1,-2.11149E-3,6.05526E-2,-5.60730E-3,7.51012E-3,3.46077E-1,-1.46365E-2,2.71739E-1,1.60440E-2,-4.48566E-3,-2.89412E-2,8.37625E-2,2.53850E-1,-8.81606E-2,-7.84487E-3,1.89648E-1,2.36341E-2,1.83206E-1,1.76196E-1,1.47297E-1,2.26805E-2,1.36452E-1,-9.34378E-2,1.76343E-2,-4.22949E-2,1.37147E-1,1.22680E-1,-8.59804E-3,-1.78935E-1,-1.34451E-1,-3.73262E-2,-1.19502E-1,-7.66058E-2,-4.00087E-2,-6.96686E-2,9.76079E-2,4.32684E-2,-2.82275E-1,4.44922E-2,-3.48793E-2,-1.11199E-1,2.88704E-1,9.61153E-2,6.94139E-2,2.33494E-1,1.26122E-1,4.52487E-1,2.31831E-1,3.66426E-1,1.20178E-1,1.04709E-1,1.81433E-1,1.21537E-1,1.00657E-1,9.90137E-3,3.53408E-1,1.97947E-1,3.07924E-2,3.07962E-1,2.41231E-1,2.14563E-1,1.88190E-1,2.09214E-1,2.92370E-1,2.17094E-1,2.54892E-1,2.65385E-1,2.00087E-3,-2.14157E-2,6.87026E-2,-1.42365E-2,1.89737E-2,7.41573E-2,9.89599E-2,-1.28341E-2,1.54634E-1,-2.24740E-1,2.00488E-2,9.83083E-3,-1.28064E-1,-6.38637E-2,-2.03318E-1,3.14750E-1,-4.44596E-2,-4.99351E-2,1.09223E-1,1.37494E-1,1.67854E-1,1.48456E-1,7.82196E-2,6.26881E-2,1.78520E-1,4.08688E-2,1.98311E-1,3.19940E-2,1.49955E-1,2.95795E-2,-2.19165E-1,7.23473E-2
7.86458E+2,1.02578E-2,1.88972E-2,-1.73177E-2,4.02125E-2,5.19381E-2,6.84901E-2,-5.90742E-2,-1.31866E-2,-8.59121E-2,-2.11676E-2,6.19337E-2,-1.74206E-2,1.88616E-2,-8.70764E-3,-4.78044E-2,2.70768E-2,-7.05613E-2,-3.18687E-2,5.48047E-2,-1.82713E-2,-7.39979E-3,-1.03440E-1,-4.41887E-2,-6.07262E-2,-3.10236E-2,5.79238E-3,-1.33329E-2,-3.20775E-2,-1.01437E-2,-4.78784E-2,-6.79694E-3,-3.59146E-2,-5.49088E-2,-3.54222E-2,-5.41685E-2,-5.07307E-3,-4.99576E-2,-9.73849E-2,-4.90546E-2,-3.95981E-2,-5.31027E-2,-6.42505E-2,-4.23254E-2,-1.19097E-1,-2.27456E-2,-9.74055E-2,-5.07666E-2,-4.07039E-2,-2.67123E-2,-9.38153E-2,-5.75265E-2,-7.44137E-2,-1.08777E-1,-6.82478E-2,-8.13091E-2,2.40234E-2,-3.02179E-2,-6.41678E-2,-1.85337E-2,3.56733E-2,9.67310E-3,-7.14033E-2,-3.79824E-2,6.12909E-2,7.93766E-2,-6.28416E-4,9.64059E-2,3.01307E-3,8.74070E-2,9.18713E-2,-2.38673E-3,-1.81337E-2,-4.05663E-2,-5.22123E-2,-8.37599E-2,-6.39949E-3,-4.70555E-2,-4.15536E-2,-5.51953E-2,-2.47497E-3,-1.41859E-1,2.27241E-2,-3.69375E-2,-9.81481E-2,-1.38260E-2,3.68103E-2,-7.52033E-2,-5.49619E-2,3.33575E-2,4.32981E-2,2.92516E-2,-1.49606E-2,-2.94906E-2,-4.84495E-3,4.11858E-3,-2.19689E-2,4.55288E-2,8.33353E-2,8.46295E-2,2.62444E-2,1.72265E-2,7.31821E-2,1.65813E-2,-1.03786E-1,2.47543E-2,-1.01817E-2,6.74195E-2,-1.29276E-2,4.45588E-3,1.33025E-2,-6.19555E-2,-3.02785E-2,-3.27860E-2,-6.46818E-2,-1.17143E-1,-3.35897E-2,-1.12767E-1,-5.51516E-2,-3.97853E-2,-1.37214E-1,-1.11136E-1,-1.26766E-2,-1.25146E-2,-8.98409E-2,-5.34827E-2,-5.82097E-2,-1.64442E-1,4.46491E-2,-1.35428E-1,-5.51503E-2,-7.10509E-2,-1.07066E-1,-1.05342E-1,-2.14163E-2,-1.38777E-1,-3.18346E-2,2.66864E-2,-6.36275E-2,-7.07496E-2,-6.01510E-2,1.63404E-2,-2.82711E-2,-3.74563E-2,-3.99505E-2,-3.35427E-2,-2.11862E-2,4.58278E-2,-3.92144E-2,1.62115E-2,6.70873E-2,-9.94741E-2,7.43096E-2,-3.48783E-2,-4.32464E-2,1.98342E-2,-2.49120E-4,-5.27723E-2,-6.54145E-2,-6.65024E-2,-4.78934E-2,-8.76580E-3,3.03795E-2,-2.95210E-2,6.59510E-2,6.28552E-2,-1.03451E-2,2.97584E-2
7.89850E+2,-1.26117E-2,-2.14209E-2,-6.69750E-2,-1.30942E-2,8.31461E-2,2.17080E-1,-7.65206E-2,-2.86977E-2,-1.55886E-1,1.38732E-1,-1.25246E-1,-6.51864E-2,-2.49539E-2,1.49765E-1,1.86952E-3,4.29820E-2,-1.28927E-1,-1.02251E-1,7.07075E-2,-8.97037E-2,1.50727E-1,-4.40295E-2,-2.02637E-1,-7.06471E-2,-1.33422E-1,-9.26306E-2,-1.32997E-1,4.71568E-3,1.16513E-1,-1.32317E-1,-1.54248E-1,-9.01505E-2,-1.64241E-1,-1.82494E-1,-2.19264E-1,-9.09225E-2,-1.75803E-1,-1.23158E-1,-1.44538E-1,-1.32412E-1,-2.02396E-1,-1.40583E-1,-2.65871E-1,-9.67525E-2,-1.22443E-1,-1.83208E-1,-1.14087E-1,-1.46448E-1,1.19641E-2,-1.96325E-1,-5.17355E-2,-2.15978E-1,-2.02968E-1,-1.67304E-2,-2.41812E-2,-1.08351E-2,-7.06268E-2,-2.34806E-1,-2.31881E-1,-5.99894E-2,2.03349E-2,3.87709E-2,1.89447E-2,4.60922E-2,7.16837E-2,1.11453E-1,-8.34793E-2,6.96696E-2,6.25188E-2,3.09188E-2,-3.57442E-2,-2.22854E-1,-3.24715E-2,-1.57343E-1,-5.45937E-2,-1.85207E-1,-1.00873E-1,-9.39178E-2,-1.72104E-1,1.33302E-2,-1.47049E-1,-6.24867E-2,-3.41116E-2,6.92780E-3,-1.03115E-1,1.20618E-1,-1.39539E-1,2.95488E-2,7.00822E-3,-8.56343E-2,-9.76660E-2,-4.79467E-2,-1.62761E-1,-1.74668E-1,-5.83235E-2,-2.20912E-1,9.80086E-2,1.47411E-1,2.81883E-2,1.36367E-1,6.17670E-2,5.02985E-2,-1.67085E-3,-2.16221E-2,-1.78440E-3,-1.70035E-1,-1.58603E-1,-6.50097E-2,9.13469E-3,-1.11209E-1,-3.26118E-1,-1.10382E-1,-2.36243E-1,-3.95446E-2,-3.52857E-2,-2.32146E-1,-1.21357E-1,-2.59989E-1,-8.94282E-2,-8.95465E-2,-1.81272E-1,-1.32228E-1,-3.84681E-3,-2.35900E-1,-1.87393E-1,-1.35665E-1,-1.74593E-1,-5.04565E-2,-1.28574E-1,-2.29255E-1,-1.66534E-1,-3.29179E-1,-4.38269E-1,9.49850E-3,-1.96065E-1,-1.99622E-1,-1.72842E-1,-1.10357E-1,3.79249E-2,-5.50247E-2,-1.89264E-2,-1.42636E-1,-1.31039E-1,-4.38986E-2,-1.65339E-1,-6.49403E-2,-2.58331E-2,4.76993E-2,-2.74922E-2,-1.48553E-2,-2.32203E-1,7.82977E-3,-2.44668E-1,-9.12269E-2,3.65193E-2,-1.85656E-1,-2.08964E-1,-1.41524E-1,-4.02149E-2,-1.61701E-1,-8.49891E-2,-5.35792E-2,-4.68764E-2,7.51119E-2,6.76338E-2,-9.84995E-2,7.47141E-2
7.93244E+2,3.10884E-2,5.62014E-3,2.59411E-3,4.83834E-3,2.44917E-2,3.26156E-2,-4.43911E-2,-1.99434E-2,-5.49060E-2,5.24798E-3,-7.96944E-2,-6.37180E-3,9.11530E-3,5.84479E-2,3.12473E-2,-4.68495E-2,-7.40302E-3,5.61952E-2,4.12391E-2,4.26982E-2,-1.66942E-2,2.02122E-4,-7.21730E-2,-9.55169E-2,8.55813E-3,4.49499E-2,-2.79660E-4,2.46002E-2,2.25688E-2,1.34775E-2,-4.85144E-2,5.28821E-5,-2.85501E-2,-3.21398E-2,-8.65427E-2,-1.95888E-2,-2.42931E-2,-8.24412E-2,3.61943E-2,4.84462E-2,-8.34819E-2,-6.59079E-2,-2.89998E-2,4.04042E-2,1.88501E-2,-6.63538E-2,-3.28484E-2,1.85350E-2,-3.50790E-2,-4.16570E-2,-1.61574E-2,1.38778E-2,1.98972E-2,8.59396E-2,1.05396E-2,-8.46150E-2,2.13809E-2,3.98512E-2,2.83545E-3,1.05609E-2,-1.32497E-2,1.61858E-2,-4.58616E-3,3.66185E-3,-1.48389E-2,2.71544E-2,2.87446E-2,7.06692E-3,7.78996E-2,5.45096E-2,3.21210E-2,1.45563E-2,2.44040E-3,-2.40620E-2,-3.29667E-3,-8.40732E-3,-3.67771E-2,-5.66838E-2,1.50973E-2,1.83184E-2,2.28054E-2,-1.30958E-2,2.80821E-2,1.56453E-2,-6.83719E-3,6.63607E-2,3.41656E-2,-9.23880E-3,-1.38444E-2,1.70649E-2,-2.86130E-3,1.43867E-2,3.87214E-2,3.80739E-2,-8.25196E-3,-6.66510E-2,-2.90802E-2,2.87625E-2,5.89101E-2,9.99644E-2,3.38835E-2,-1.42945E-2,-2.46979E-2,-3.71812E-2,2.15552E-2,-1.33643E-3,3.12516E-2,-2.63533E-2,-1.56529E-2,2.99197E-2,1.51065E-2,-2.01085E-2,2.92519E-2,3.54205E-2,2.03332E-2,3.35165E-2,-7.26502E-2,-2.64102E-2,1.59751E-2,-5.29667E-3,-6.41609E-2,-3.89427E-3,2.39857E-2,-5.35350E-3,1.97600E-2,-2.11784E-2,-4.83184E-2,-8.11743E-2,-4.32740E-2,-5.43073E-2,-3.36196E-2,2.36298E-2,-6.13197E-2,-8.96665E-3,3.46621E-2,-4.59833E-2,-3.01974E-2,-5.05046E-2,6.24465E-2,-5.84591E-2,-2.52005E-5,-2.03913E-2,7.22537E-2,-4.11527E-2,7.97112E-2,-2.20467E-2,-2.65920E-2,-4.21622E-2,6.34758E-2,3.57539E-2,-7.51987E-2,2.10638E-2,5.80667E-2,-2.54100E-2,6.51252E-2,-7.58027E-3,4.55212E-2,1.86402E-2,5.93392E-2,7.10955E-3,-9.07642E-3,8.94319E-3,-5.31287E-3,4.69899E-2,4.99160E-2,-2.67125E-2,1.01971E-1
7.96638E+2,2.00829E-2,-1.10434E-1,-3.59001E-1,-1.53636E-2,-1.34845E-1,-2.43149E-1,6.42840E-2,1.44314E-1,1.91888E-2,2.57411E-2,2.61036E-1,8.89366E-2,7.61536E-2,-7.54493E-2,2.38505E-1,6.48167E-2,-5.47733E-3,6.52669E-2,1.47690E-2,-2.54441E-2,-1.67486E-2,6.96564E-2,-4.62016E-2,-7.16959E-2,-3.02233E-1,-3.41891E-1,1.84788E-1,-2.35042E-1,-1.22012E-1,1.91254E-1,3.62184E-1,1.55953E-1,1.35661E-1,-2.33775E-1,1.74440E-1,3.03694E-1,2.28156E-1,-8.25475E-2,1.15386E-1,1.89377E-1,1.96094E-1,1.06313E-1,4.36445E-1,2.46657E-1,1.61485E-1,1.93752E-1,2.91771E-1,2.05570E-1,1.59391E-1,5.73237E-1,1.32973E-1,2.41831E-1,2.18265E-1,2.84286E-1,9.74240E-2,1.19444E-1,1.84167E-1,-6.28787E-3,3.41983E-1,-5.15283E-2,-1.03323E-1,6.70687E-2,2.55225E-1,-1.00028E-1,-4.81612E-2,1.07259E-1,1.75793E-2,-2.17646E-1,-1.00933E-1,-8.67443E-2,1.30029E-1,3.41724E-1,5.71778E-2,4.59259E-1,2.55316E-2,2.29543E-1,4.57399E-1,7.47962E-2,8.30011E-2,2.09808E-1,4.60390E-1,1.55919E-2,5.93973E-2,-1.78434E-2,3.14847E-1,1.24262E-2,4.23310E-1,2.99612E-2,3.33322E-2,-2.77960E-2,1.03281E-1,6.07416E-2,1.11100E-2,3.59614E-1,1.47693E-1,1.10775E-1,1.72500E-2,1.43274E-1,-9.35740E-2,-2.58558E-1,-1.37570E-1,3.12632E-2,-2.08777E-1,-2.12586E-2,-1.13262E-1,4.85057E-2,8.15242E-2,4.80369E-2,-2.22278E-1,-7.71687E-2,3.06155E-1,2.13586E-1,3.00739E-1,5.26861E-1,3.01576E-1,5.02340E-1,3.66170E-1,5.03870E-1,-9.84097E-2,1.14685E-1,5.97087E-1,6.11659E-2,4.90211E-1,9.56085E-2,2.10856E-1,-6.38081E-2,1.76317E-1,1.93196E-1,4.28182E-1,1.59379E-1,-1.55451E-2,3.29172E-1,5.39501E-1,1.15713E-1,1.54065E-1,8.46017E-2,1.52367E-1,-3.99269E-2,1.99296E-1,-2.00578E-1,2.63141E-2,1.62312E-1,-1.61380E-2,2.83422E-1,1.95487E-4,1.03836E-1,6.79103E-2,3.00440E-2,-1.61789E-1,-8.58157E-2,5.32967E-2,-1.97483E-1,2.72243E-1,-5.24204E-2,-3.68653E-3,3.12784E-2,3.38469E-1,3.09353E-1,5.81833E-2,-1.03200E-1,1.50760E-1,-4.09396E-1,-7.71956E-3,1.42052E-1,-1.57531E-1,5.03447E-2,-3.43952E-1
8.00032E+2,1.03622E-1,4.21135E-2,-7.96960E-3,-4.03894E-2,1.00318E-1,-9.61341E-3,-3.31349E-2,-4.81918E-3,-5.81775E-2,-1.20226E-2,-9.46293E-2,8.33641E-3,1.59330E-2,5.68845E-2,-6.64524E-2,2.18392E-2,1.63759E-2,-6.62618E-2,-1.47300E-1,-1.43728E-2,6.26867E-2,-1.68072E-2,7.18833E-3,-1.01718E-1,2.45401E-3,-6.01756E-2,-5.81331E-2,-2.34439E-2,-1.08725E-2,-8.02562E-2,-9.27250E-2,-1.17486E-1,-7.79505E-2,-2.78571E-2,-3.58190E-2,-3.92689E-3,-2.27176E-2,-6.45622E-2,1.76708E-2,-1.79736E-2,-9.58205E-2,-8.11283E-2,-8.08167E-2,-5.70198E-2,-6.42165E-2,-6.85980E-2,-6.47892E-2,-3.92007E-2,-3.29083E-2,-1.11010E-1,-2.44652E-2,-1.40966E-1,-3.55094E-2,2.39830E-3,-1.06326E-1,2.18523E-2,-4.30549E-2,-4.67684E-2,-5.35066E-2,-4.16689E-3,-3.59976E-2,5.31311E-3,-2.04503E-3,-2.00522E-2,8.97533E-2,2.17647E-3,1.36978E-2,-2.72376E-2,2.58565E-2,-2.22220E-2,-2.83189E-2,2.15017E-2,-1.95160E-2,-6.72790E-2,-5.39312E-2,-7.25053E-2,-9.94394E-2,-1.03395E-1,-9.66401E-2,-7.46389E-2,-1.25229E-1,5.50275E-2,-5.02295E-2,-1.11064E-1,-3.15758E-2,-4.81692E-2,-4.56843E-2,-1.23533E-2,-7.35822E-2,-4.40239E-2,1.12370E-1,-1.32666E-2,-2.16058E-3,-5.65979E-2,1.99612E-2,-7.97542E-2,-3.11865E-2,1.43427E-2,-8.72497E-2,3.93521E-2,-6.05910E-2,2.82844E-2,-5.78509E-2,-8.50876E-2,-5.25700E-2,-1.58071E-2,1.16575E-2,5.53604E-3,-2.78338E-2,-4.89820E-2,-3.32655E-2,-1.27901E-1,-1.07442E-1,-7.73531E-2,-2.41462E-2,-7.34633E-2,-1.25647E-1,-6.22197E-2,-3.66405E-2,-4.54230E-2,-1.01271E-1,-4.92597E-2,-6.41079E-2,-2.14906E-2,-6.37462E-2,-5.15470E-2,-7.69356E-2,-5.85469E-2,-9.52685E-2,-1.34528E-1,-7.62575E-2,-1.64165E-1,-5.94624E-2,-6.54702E-2,-1.05311E-1,1.01609E-2,1.95226E-2,-1.20828E-1,-2.93939E-2,-6.53797E-2,-9.07562E-2,4.72102E-4,-4.99459E-2,-3.96941E-2,-1.07809E-2,6.72999E-2,-6.39922E-2,-1.21684E-1,-4.59564E-3,-3.09086E-2,-1.25147E-1,5.54501E-2,-1.00416E-1,-1.07181E-2,-9.45650E-3,-7.64098E-2,-7.47729E-2,-6.06024E-2,1.10196E-2,6.74460E-3,-4.90289E-2,6.35432E-4,-3.92109E-2,3.59679E-2,8.61797E-3,-2.44175E-2,6.45532E-2
8.03428E+2,4.89484E-3,-5.51083E-1,2.46783E-1,5.13343E-1,2.53725E-1,-1.05302E+0,-2.69911E-1,5.84561E-1,-3.83178E-1,4.30670E-1,5.22712E-1,2.49121E-1,7.67684E-1,-1.00141E+0,-3.14892E-1,-1.30789E+0,4.02837E-1,1.54961E+0,4.62961E-1,-1.31284E-1,3.96088E-1,-1.10782E+0,-2.94136E-1,1.34504E+0,-5.36762E-1,-7.96049E-1,-7.63948E-1,3.59205E-1,-1.00301E+0,1.51376E+0,7.20267E-1,1.00927E+0,-8.38332E-1,-9.25392E-2,2.32511E-1,-1.45796E+0,5.80205E-1,-8.95766E-1,-5.52604E-1,-6.46925E-2,4.24884E-1,1.45996E-1,3.69204E-1,7.04461E-1,5.06771E-1,-7.12727E-2,8.52296E-1,7.51608E-1,2.47196E-1,1.57806E+0,9.64974E-2,8.93182E-1,6.02693E-1,1.71732E+0,-9.71174E-1,-8.35326E-1,8.93975E-1,2.84519E-1,6.00641E-1,-1.05975E-1,-1.18036E+0,-9.39373E-1,5.43132E-1,-1.04614E+0,-4.35971E-1,-7.45448E-1,-1.13595E+0,-1.70408E-1,-7.09375E-1,-1.36161E+0,-7.74251E-1,8.84927E-1,-7.20789E-1,5.88906E-1,-8.96372E-1,6.33176E-1,1.43174E+0,7.25470E-1,9.88651E-2,-9.07118E-1,1.48352E+0,-2.68885E-2,2.59172E+0,1.59812E+0,4.02534E-1,4.58688E-1,5.84049E-1,-9.29662E-1,-2.07611E-1,2.16870E-1,3.33647E-1,-2.13882E-1,1.78155E-1,1.54277E+0,-4.86526E-1,-9.56629E-1,-4.68661E-1,-9.81508E-1,-1.12506E+0,-5.68396E-1,-1.33312E+0,-1.76473E+0,-9.06600E-1,5.29796E-1,-8.81702E-1,-6.54842E-1,-1.50772E+0,-1.62839E+0,-1.65261E+0,8.73745E-1,1.62899E+0,2.58656E-1,1.03411E+0,1.97849E-1,1.20575E+0,8.62070E-1,1.30662E+0,6.60364E-1,1.31205E+0,-1.85354E-1,8.43455E-1,1.83040E+0,1.20555E+0,5.69870E-1,-1.01520E-1,1.58029E+0,7.35856E-1,1.90155E+0,4.08230E-1,1.55140E+0,2.69881E-1,1.72393E+0,2.38505E+0,1.34897E+0,1.29919E-1,4.81713E-1,-2.02119E-1,7.77060E-1,-1.19096E-2,-2.50334E-1,3.18472E-1,-3.72342E-1,-6.80072E-1,-8.40593E-1,6.30146E-1,-8.59071E-1,-1.66157E-1,1.69234E+0,-1.10953E+0,1.37098E-1,1.47109E+0,-1.56981E-1,5.23421E-2,-7.35946E-1,-1.23670E-1,-9.03159E-2,-1.68790E-1,-2.53187E-1,-3.76238E-2,1.23822E+0,8.50565E-1,-2.03146E-1,-1.71572E-1,-8.48170E-1,-9.76415E-1,-1.46355E+0,-2.71540E+0
8.06824E+2,1.41487E-1,-1.19634E-1,-1.51674E-1,-1.60780E-2,2.16286E-2,2.75615E-1,9.51773E-2,-1.87231E-1,-7.21402E-2,5.19975E-2,-1.79896E-2,-5.95816E-2,3.75812E-2,2.74947E-2,-2.66521E-2,-7.70089E-2,1.02098E-1,-1.25284E-1,-9.58008E-2,1.95883E-1,-4.55979E-2,-2.27635E-2,-1.55871E-1,1.14741E-1,-6.64182E-2,3.38553E-2,-1.19648E-1,4.38590E-3,1.83375E-1,-4.34939E-2,-3.42469E-1,-3.53864E-2,-5.51419E-2,9.03241E-2,-1.46149E-1,2.18521E-2,-1.47714E-1,-1.02206E-1,-9.19535E-2,-3.57926E-2,-3.60051E-1,-1.13171E-1,-3.23359E-1,-1.57528E-1,-4.38279E-2,-1.51487E-1,-3.01685E-1,8.60984E-2,-6.79684E-2,-3.02604E-1,-2.23143E-1,-1.97515E-1,-1.24344E-1,-6.42530E-2,-3.69338E-2,-3.29083E-2,-8.85494E-2,-2.01547E-1,-3.17713E-1,1.70767E-2,1.02734E-1,5.53081E-2,1.22856E-1,1.84224E-1,1.73901E-1,1.38719E-1,-6.63098E-2,-1.90058E-1,1.85965E-1,1.75254E-1,9.54354E-2,4.14144E-2,-9.19647E-2,-2.40461E-1,-2.04675E-2,-1.70040E-1,-1.12574E-1,-1.99678E-1,-1.40871E-1,-1.04657E-1,-2.04098E-1,-1.49786E-1,-1.37207E-1,-5.58740E-2,-2.03401E-1,1.65364E-1,-2.06766E-1,-1.03560E-1,2.17224E-2,-1.20198E-1,-8.50113E-2,2.47337E-2,-8.02164E-2,-1.28782E-1,-9.22180E-2,-3.63063E-2,3.96466E-3,2.09946E-2,9.09046E-2,1.56419E-1,5.83167E-2,3.40592E-1,5.90870E-2,-7.70476E-2,-5.81193E-2,8.64184E-2,-2.48331E-2,1.89351E-1,-6.82161E-2,-1.81993E-1,-2.48123E-1,-5.28518E-2,-2.24658E-1,-1.10139E-1,-7.01776E-2,-1.32972E-1,-2.52474E-1,-2.32381E-1,-5.42784E-2,-7.04046E-2,-1.14191E-1,-2.90004E-1,-1.21642E-1,-2.35523E-1,-1.43227E-1,-2.72681E-1,-2.82436E-1,-4.18073E-1,-1.45097E-1,-1.52348E-1,-1.23995E-1,-2.06844E-1,-4.68012E-1,-1.04435E-1,-2.09723E-1,-1.35645E-1,-7.18701E-3,-7.00771E-2,2.19949E-3,3.30537E-2,4.09600E-2,-1.63737E-2,3.26468E-3,-3.59786E-2,-4.46948E-2,3.26753E-2,-5.26597E-2,-1.09230E-1,1.06963E-1,4.65502E-2,-1.58395E-1,-1.13761E-1,-2.00446E-1,-8.16129E-2,1.53974E-1,-3.14550E-1,-1.59591E-2,-3.25742E-2,-8.98913E-2,-1.10694E-1,-1.24158E-1,3.03862E-2,-2.47562E-2,1.31288E-1,7.74839E-2,2.99723E-2,2.91118E-1
8.10220E+2,-3.96780E-2,-3.02413E-2,4.67494E-2,-8.45399E-2,1.68245E-2,4.08379E-2,-2.36344E-2,-4.46287E-2,-5.33215E-3,5.66458E-3,-4.05650E-2,3.68001E-2,7.69147E-2,9.18688E-2,-4.70403E-2,6.54001E-2,-7.02809E-2,2.43135E-2,-8.24646E-2,3.21984E-2,1.87981E-2,6.84304E-5,-6.53617E-2,-4.80427E-2,-4.57623E-2,1.03846E-2,-1.20535E-2,-3.00212E-2,8.38498E-3,-7.73153E-2,-9.74654E-2,-7.92741E-2,-5.46886E-2,-1.34945E-1,-5.30102E-2,-4.30986E-2,-1.11130E-1,-6.13821E-2,-1.16133E-1,-7.74527E-2,-1.64113E-1,-8.56969E-2,-1.11510E-1,2.50396E-2,-1.53669E-3,-8.39815E-2,-5.87658E-2,-1.26306E-1,4.58171E-2,-6.37320E-2,-1.36404E-1,-1.51780E-1,-1.06018E-1,-7.86371E-2,-2.22697E-3,-8.13153E-2,5.50179E-2,-5.67254E-2,-8.73368E-2,9.50529E-2,1.85129E-2,-4.24700E-2,-1.21893E-2,3.40624E-3,2.87496E-2,-5.92445E-2,-1.28067E-2,-6.92248E-2,4.51190E-3,1.67646E-2,6.42412E-2,-1.39056E-1,-3.56776E-2,-8.45247E-2,-7.34323E-3,-9.27214E-2,-5.16138E-2,3.81672E-2,-4.08641E-2,-8.14763E-2,-1.11865E-1,-4.00699E-2,-2.61459E-2,-1.35965E-1,1.41530E-2,6.61038E-2,-4.62329E-2,-7.12868E-2,-3.38593E-2,7.27756E-2,4.80603E-2,-2.20201E-2,-4.44182E-2,1.22665E-3,-9.62030E-2,-9.72473E-2,2.18396E-2,1.94652E-2,7.63530E-3,6.17360E-2,6.85992E-2,9.85255E-2,-4.29646E-2,4.81868E-2,-1.02086E-1,-6.32282E-2,1.56616E-2,-1.43365E-2,7.48142E-2,-3.16350E-2,-1.17745E-1,2.78607E-3,-8.63859E-2,4.83524E-2,-1.07189E-1,-1.15009E-1,-8.40397E-2,-9.45033E-2,-1.37023E-1,4.01532E-3,-9.38823E-2,-1.85577E-1,-8.60240E-2,-1.16673E-1,-1.15446E-1,-1.07613E-1,-1.33317E-1,-5.95668E-2,7.12575E-3,-1.38759E-1,-5.90272E-2,-1.98830E-1,-1.72167E-1,-5.53550E-2,-1.25584E-1,-7.46276E-2,-8.79046E-2,1.69851E-2,-1.43339E-1,-3.00174E-2,-1.43471E-1,-9.87985E-2,-1.89025E-2,-6.90761E-2,-6.66880E-2,-9.62745E-3,-4.74449E-2,-3.98383E-2,5.39760E-2,3.19335E-3,-5.18438E-2,-1.35124E-1,-7.73655E-2,-6.65235E-2,6.69628E-3,-1.11636E-1,-1.09824E-1,-6.84030E-2,-9.04403E-2,-1.61292E-2,-4.90683E-2,-7.88326E-3,-6.26098E-3,7.12917E-3,2.30093E-2,8.51621E-2,8.56132E-2
8.13618E+2,-3.75002E-2,-2.10991E-2,-4.77622E-2,-1.83653E-2,1.14284E-1,7.37968E-3,8.83401E-3,5.71091E-3,-2.69832E-2,-2.02046E-2,3.63248E-2,-2.52674E-2,3.09019E-2,-4.37516E-2,3.74986E-2,3.37262E-2,2.45023E-2,-7.69341E-2,5.06068E-3,-2.23119E-2,2.33332E-2,3.17497E-2,-4.62873E-2,8.12812E-2,4.34701E-2,8.46765E-2,-2.22792E-3,8.88133E-3,3.93263E-2,-9.96837E-2,-2.91125E-2,8.41129E-4,-3.75143E-2,5.67941E-2,1.14401E-2,7.18682E-2,-4.06245E-2,-2.18559E-2,1.69641E-2,5.39355E-2,-4.09393E-2,2.06965E-2,7.81792E-3,-6.05202E-2,4.10666E-2,2.10929E-2,-1.88356E-2,3.15333E-2,-4.22374E-2,-1.68067E-2,-1.83772E-2,-6.15450E-2,-4.43121E-2,-1.30216E-2,-2.34326E-2,-2.55309E-2,-5.89642E-2,7.44355E-2,-2.52694E-4,7.13559E-2,-9.25787E-2,3.40653E-2,-7.00969E-2,-1.12188E-2,1.48953E-2,-1.34247E-3,5.35935E-2,-4.27679E-2,-5.45374E-2,-1.10342E-2,2.44495E-3,-6.07462E-2,4.65773E-2,-2.99434E-2,-1.24587E-2,3.02435E-2,2.00854E-2,-2.12620E-2,-1.45109E-2,3.71736E-2,1.55143E-2,1.99465E-2,3.63805E-3,1.18797E-2,2.82335E-2,-3.77447E-2,5.05345E-2,1.49666E-2,3.70670E-3,1.33827E-2,2.94734E-2,1.15556E-1,2.44429E-2,-1.66323E-2,-5.83870E-3,7.81415E-3,6.91621E-2,-1.62148E-2,3.22599E-2,4.54325E-2,-1.54519E-2,7.85246E-2,-3.42167E-2,1.51668E-2,9.67468E-2,-2.95656E-2,5.89762E-2,-3.53774E-3,-7.79490E-3,4.66118E-2,1.16893E-2,8.99242E-2,-2.82346E-2,2.78402E-2,4.74657E-2,-4.20545E-2,-5.69541E-2,-1.79158E-2,-5.09924E-2,-4.84667E-2,-1.59563E-2,2.24199E-3,-8.23737E-2,6.27835E-2,-3.31290E-2,-2.62963E-2,4.01931E-2,1.28346E-2,4.31653E-2,-1.55023E-2,2.58011E-2,-7.94959E-3,-1.21996E-2,-9.48116E-2,3.18496E-2,-6.44994E-3,-9.56270E-3,-4.19743E-2,7.35095E-3,-6.80967E-3,-1.09929E-2,-2.17052E-2,3.95252E-2,-4.10366E-2,2.48215E-2,-4.64089E-2,-5.55167E-2,-5.12975E-2,5.80372E-3,4.00739E-3,-2.01319E-2,7.47183E-3,-2.99542E-2,-1.28217E-2,5.83038E-2,-7.16000E-2,3.38792E-2,1.09326E-2,-1.50491E-2,-1.89274E-2,1.81501E-2,2.29447E-2,-9.92100E-3,-5.75918E-3,7.58729E-2,-4.60157E-2,-5.90080E-4
8.17016E+2,-1.16748E-1,1.78758E-1,-8.76187E-4,6.89534E-2,1.83937E-2,-9.57267E-2,8.77984E-2,7.33599E-2,-1.29693E-1,-2.46286E-1,1.68004E-1,-3.54873E-2,1.12468E-1,-1.72768E-1,8.98492E-2,-8.77927E-2,-5.76086E-2,1.85865E-1,9.25425E-2,-1.37930E-2,-4.95588E-5,-7.86578E-2,3.57324E-1,-1.05634E-1,-1.62020E-1,2.48228E-3,-2.87969E-1,5.47990E-2,-1.30608E-1,1.29064E-1,2.82412E-1,3.02340E-1,1.69671E-1,3.60058E-1,4.77995E-3,1.22634E-1,-6.82085E-2,8.30944E-2,-3.03607E-2,-1.51813E-1,-3.67753E-2,3.30346E-1,5.33161E-1,2.17451E-1,3.40003E-2,1.79267E-1,1.07512E-1,2.39862E-1,2.11322E-1,2.11274E-1,5.95606E-2,2.53756E-1,1.30721E-2,2.15132E-1,-2.28883E-2,-1.47370E-1,9.68710E-2,-5.44625E-2,2.98399E-1,4.23421E-2,-1.39926E-3,8.91407E-2,8.26053E-2,-7.77611E-3,7.62815E-2,1.48184E-2,6.57434E-2,-2.32510E-1,-1.98422E-1,-1.27774E-1,8.61335E-2,2.55185E-1,2.27796E-1,2.69517E-1,6.68174E-2,1.48452E-1,2.14041E-1,1.88886E-1,2.16309E-1,-2.69327E-2,3.47737E-1,-4.35141E-2,-1.97144E-1,3.39182E-1,3.52148E-1,3.72553E-2,4.35996E-2,-7.22685E-2,1.08901E-4,3.26863E-1,-4.94176E-2,2.52487E-2,-2.14554E-1,9.41533E-2,-4.89818E-2,2.25459E-1,6.41281E-2,-2.09377E-1,-1.15564E-2,-2.51053E-1,-1.15243E-2,-1.01251E-1,1.15569E-1,2.03171E-1,2.36451E-1,1.61997E-1,-2.98566E-2,-6.22798E-3,-3.50694E-2,2.53323E-1,7.53680E-2,3.71394E-1,1.51819E-1,2.11332E-1,2.61401E-1,3.41912E-1,9.19900E-2,3.88956E-1,1.45196E-1,3.98960E-1,2.76387E-1,3.19454E-1,3.54948E-1,-1.49229E-2,-1.25306E-1,2.15697E-1,2.42027E-2,3.51609E-1,2.42601E-1,3.64434E-1,3.68521E-1,1.96298E-1,4.24923E-1,-2.71813E-3,2.22729E-1,1.11686E-1,4.44726E-2,-2.79671E-2,1.20112E-1,-1.17520E-1,-5.80794E-2,3.00249E-1,3.04390E-1,2.68092E-1,-3.63659E-2,1.07583E-1,1.24847E-2,-1.10275E-2,-4.40100E-2,1.00375E-1,2.91142E-1,3.48107E-1,4.02464E-1,1.35130E-1,1.88910E-1,3.04522E-1,2.85195E-1,6.29698E-2,2.87608E-1,2.23314E-1,3.30451E-1,1.59588E-1,8.31538E-2,2.01683E-2,-7.52004E-2,4.45423E-2,-2.37853E-1
8.20415E+2,7.40344E-2,4.95651E-2,-1.85038E-2,-1.54196E-2,4.51390E-2,1.85382E-1,-2.00628E-2,1.90979E-2,-1.40499E-1,-6.94874E-2,-4.67757E-2,-5.44156E-2,-2.93961E-2,5.02068E-2,-2.88650E-2,5.80292E-2,-5.53315E-2,2.33799E-2,-1.03604E-1,4.71493E-2,3.29135E-2,-5.15827E-2,-5.54882E-2,-2.29068E-3,2.81086E-4,4.75289E-2,-3.15686E-2,-2.28100E-2,2.31689E-3,-6.53097E-2,-1.16164E-1,-3.53811E-2,-9.88493E-2,-6.07485E-2,3.33201E-2,-4.39074E-2,-4.09862E-2,-9.04559E-2,-4.26028E-2,-2.25945E-2,-1.77073E-1,-7.98897E-2,-5.80171E-2,-7.84987E-2,-9.69688E-3,-6.16488E-2,-7.30717E-2,-1.24442E-1,-3.78398E-2,-1.15404E-1,-1.03571E-1,-4.61881E-2,-1.27119E-3,-4.59837E-2,-1.87908E-2,2.61609E-2,-3.22767E-2,-6.57488E-2,-6.06586E-3,5.95000E-2,-1.19874E-2,-2.29847E-3,-3.82157E-3,7.23584E-3,3.83143E-2,7.79217E-2,1.96554E-2,-4.30218E-2,3.92558E-2,8.57512E-2,1.47961E-2,-4.91314E-3,-4.32948E-2,-5.74960E-2,-5.76886E-2,-2.82624E-2,-5.28071E-2,-7.00301E-2,-4.66330E-2,2.24927E-2,-3.21257E-2,3.76998E-3,-1.27843E-1,-9.79033E-2,-2.83165E-2,-8.53656E-2,-6.72966E-2,-9.44867E-2,-6.99783E-2,-1.47192E-3,4.64289E-2,3.67058E-2,1.59275E-2,2.05735E-3,4.12315E-2,2.13653E-2,7.09498E-2,7.10316E-2,-8.86937E-3,5.99996E-2,9.89871E-4,7.06388E-2,-4.81414E-2,1.51232E-2,-1.01663E-1,-9.43203E-2,4.97513E-2,-1.96727E-2,7.95074E-2,-3.00950E-2,-6.75807E-2,8.52662E-3,-1.16800E-1,-9.41586E-2,-1.42478E-1,-2.89503E-2,-1.09669E-1,-1.49513E-1,-4.93963E-2,-1.36792E-1,-5.82147E-2,-1.02073E-1,-4.67590E-2,-1.25845E-1,-2.32527E-2,-1.15050E-1,3.93371E-2,-6.24241E-2,-1.29170E-1,-1.29463E-1,-3.87532E-2,-1.20582E-1,-1.12430E-1,-1.55756E-1,-7.95172E-2,-6.51179E-2,-3.65033E-2,-1.01008E-2,-1.12601E-1,-3.48841E-2,-5.74052E-2,-1.59870E-2,-7.32967E-2,-1.10846E-1,2.98513E-3,-2.39821E-2,3.66912E-2,-4.91508E-2,9.36410E-2,-3.98137E-2,-3.21001E-2,-1.54612E-1,-1.00193E-1,-5.50010E-3,4.83799E-2,-1.32339E-1,-1.66347E-1,4.91626E-2,-3.99426E-2,-2.96763E-2,-4.97324E-2,5.49738E-2,-4.12799E-2,-1.43854E-2,-9.96951E-3,1.66539E-2,5.28928E-2
8.23814E+2,1.74606E-1,-1.25844E-1,-1.05965E-1,-8.19311E-2,1.74265E-1,5.30521E-1,-3.43021E-1,2.53437E-1,-3.28998E-1,4.34826E-2,-1.82693E-1,-1.74225E-3,-4.98411E-2,3.65237E-1,-3.21513E-1,6.34418E-2,2.86602E-1,-1.96579E-1,-1.76074E-1,4.72055E-1,2.79659E-1,-5.47121E-2,1.66655E-2,8.17053E-2,1.24330E-1,-9.70590E-3,-4.68262E-2,2.66297E-1,3.82150E-2,-1.37084E-1,-3.62374E-1,-4.33817E-1,1.33197E-1,-3.77306E-1,-1.85074E-1,6.86518E-2,-3.68703E-1,-2.70633E-1,-1.57980E-1,-7.14926E-3,-2.59387E-1,1.34436E-2,-2.25075E-1,-3.21091E-1,-1.87488E-1,-2.55785E-2,-1.07198E-1,-2.89314E-1,-4.01781E-1,-4.31736E-1,-2.05453E-1,-3.75301E-1,-4.37749E-1,-1.12863E-1,2.97784E-2,4.01541E-1,-4.12735E-1,-5.82774E-1,-2.07566E-1,3.77525E-1,2.26953E-1,5.62563E-2,-9.91021E-3,1.96126E-1,8.01186E-2,-4.94402E-2,3.65298E-1,-1.25938E-1,-8.13823E-2,3.03001E-1,2.01914E-1,4.29580E-1,-1.16677E-1,-2.43338E-1,-1.88224E-2,-1.96521E-1,-1.97533E-1,-8.92341E-2,-3.24298E-2,-5.96455E-2,-8.43704E-1,-1.12173E-1,2.71349E-1,3.61191E-2,-2.21825E-1,-8.02507E-2,-4.04036E-1,-1.58572E-2,-8.66749E-2,5.76730E-2,1.12368E-1,-1.04313E-1,-8.21637E-2,-4.70375E-1,1.24298E-1,-1.84816E-3,1.37059E-1,-5.74486E-2,9.81107E-2,1.97711E-1,1.43554E-1,2.96975E-1,2.23464E-1,1.57302E-1,1.53026E-2,2.01931E-1,-2.31653E-1,7.56535E-2,2.83683E-1,-4.82940E-2,-2.05193E-1,-4.61138E-1,-3.79994E-1,-1.61631E-1,-4.95788E-1,-4.17074E-2,-5.68060E-1,-6.53510E-1,-2.98493E-1,-3.52010E-1,-4.81165E-1,-6.62919E-1,-6.57048E-2,-2.84751E-1,-5.48585E-2,-5.21119E-1,-4.75904E-1,-4.52952E-1,-3.22198E-1,-4.85690E-1,-4.28198E-1,-1.14220E+0,-6.08864E-1,-4.04882E-1,-3.96947E-1,-3.10261E-1,1.41009E-1,-1.72085E-1,-3.21508E-1,-1.91119E-1,5.79135E-2,1.88254E-2,7.44360E-2,-2.40189E-1,-1.38189E-1,1.04512E-1,1.27226E-1,1.10025E-1,-8.42343E-2,3.81026E-1,-3.85907E-1,-1.56035E-2,-4.56339E-1,-1.19465E-1,2.02461E-1,-5.29541E-1,-4.74585E-1,4.59958E-2,-2.99054E-2,-2.73599E-1,-3.78315E-1,-7.39318E-2,-2.16827E-1,-4.56496E-2,2.18784E-1,2.77658E-1,3.41042E-1
8.27214E+2,4.70306E-2,-1.54103E-1,7.26804E-2,-1.57253E-1,-3.17171E-4,2.98033E-1,5.55981E-2,1.71962E-1,-1.75339E-2,-1.23312E-1,-6.33855E-2,-3.50189E-2,-9.97008E-3,5.82484E-2,-1.42659E-1,1.55127E-1,-1.24430E-2,-1.10899E-1,-8.31475E-2,1.26989E-1,-5.57842E-2,-2.26988E-1,-2.27575E-1,6.11903E-2,3.62954E-2,1.11115E-1,-3.14734E-1,1.24540E-1,4.57256E-2,1.07736E-1,-4.62464E-1,-1.51248E-1,-2.17749E-1,-7.96043E-2,6.33692E-3,-2.60193E-1,-2.53048E-1,5.59952E-2,-1.77494E-1,-5.79806E-2,-2.17143E-1,1.34355E-1,-4.13238E-1,-2.48935E-1,6.53344E-2,-3.02461E-1,-9.22847E-2,8.22922E-2,3.60483E-2,-4.87629E-1,-1.29554E-1,-4.65116E-1,-1.65783E-1,-1.58452E-1,-1.74284E-1,5.29308E-2,-1.12524E-1,-3.00549E-1,-1.17618E-1,-9.39265E-3,1.88644E-1,-4.51603E-2,1.41281E-1,2.52146E-1,1.06810E-1,2.54294E-1,-1.13253E-1,-8.52486E-2,6.67752E-2,1.42103E-1,-3.02311E-1,-1.37307E-1,-3.04064E-1,-3.23739E-1,-1.74455E-2,-1.21463E-1,-2.99347E-1,-1.33430E-1,-3.78105E-1,-2.29312E-1,-4.42645E-1,-7.92907E-3,-1.16236E-1,-3.27314E-1,-1.79909E-1,-1.08142E-1,-1.67170E-1,1.30291E-1,-3.29528E-2,-5.23382E-2,6.74625E-3,-1.57583E-1,-1.93890E-1,-1.73236E-1,-3.98271E-2,-9.37555E-2,2.28638E-2,1.70241E-1,1.41640E-1,4.13465E-1,-7.08010E-2,1.47995E-1,-1.24881E-1,-7.26403E-2,-1.77756E-1,-1.79534E-1,-1.05396E-1,1.12514E-1,2.56401E-1,-1.38384E-1,-1.46663E-1,-2.19107E-1,-3.63572E-1,-3.89540E-1,-5.31370E-1,-3.67819E-1,-2.37316E-1,-3.28096E-1,-2.23072E-1,-3.14929E-1,-4.37129E-1,-2.41452E-1,-9.54698E-4,-2.31837E-1,-1.68730E-1,-1.32511E-1,-4.62120E-1,-4.54000E-1,-4.23586E-1,-2.56650E-1,-3.45982E-1,-5.20051E-1,-2.69319E-1,-6.46118E-2,-4.05379E-1,-4.09298E-1,-9.49192E-2,-1.36624E-1,-9.76900E-2,-3.30990E-1,-1.28795E-1,-6.66649E-2,-2.14228E-1,-1.76293E-1,-1.75376E-1,7.06981E-2,-3.27173E-1,1.33994E-1,-1.35404E-2,2.00086E-2,-4.90897E-1,-1.45359E-1,-3.34968E-1,-3.17251E-1,-5.50466E-3,-4.47675E-1,-3.65624E-1,-3.96683E-1,-2.08272E-1,-3.63316E-1,-2.56802E-1,-3.61419E-2,-3.17866E-1,-1.14295E-1,6.63769E-2,1.63137E-1,-3.83211E-3
8.30615E+2,3.84545E-2,-1.11576E-1,-8.31585E-2,-9.75388E-2,5.54507E-2,2.01867E-1,1.33560E-3,5.53294E-3,-9.24147E-2,1.22419E-1,-1.11972E-1,4.30055E-2,9.73111E-2,7.03009E-2,-1.39017E-1,2.21979E-2,1.48416E-1,-1.27343E-1,-8.09911E-3,2.54723E-1,-6.42620E-2,1.81341E-2,-1.83193E-2,-2.34571E-2,4.71821E-4,-4.21262E-2,-5.03779E-2,-8.38105E-2,-4.96195E-2,-1.08306E-1,-2.07175E-1,-9.27728E-2,-7.34870E-2,-3.01833E-2,-2.76331E-2,-6.54254E-2,-1.26855E-1,1.08354E-1,-4.26101E-2,1.19592E-1,-1.76573E-1,-2.26573E-2,-1.59856E-1,-2.17805E-1,-1.69336E-1,-1.74551E-2,-3.44956E-2,-1.00841E-1,-1.05424E-1,-2.22850E-1,-4.64060E-2,-2.64355E-1,-1.87122E-1,-9.00754E-3,-9.46243E-2,4.35996E-2,-1.13916E-1,-1.86619E-1,-1.96150E-1,2.51865E-1,2.28527E-1,1.19062E-2,5.34990E-2,1.08547E-1,-5.85800E-2,1.51689E-1,2.17419E-2,5.38511E-3,2.24440E-2,-1.35552E-2,3.24215E-4,-1.11235E-1,-1.54992E-1,-1.60478E-1,5.94668E-2,-5.76188E-2,-2.33618E-1,-2.29465E-1,-1.35887E-1,-1.06843E-2,-2.09842E-1,-1.47270E-1,-1.03418E-1,-6.35966E-2,-4.09656E-2,-6.96134E-2,-6.20581E-2,-7.05356E-2,-1.10939E-1,-7.97878E-2,-8.12773E-2,-1.53231E-1,-5.56939E-2,-7.93587E-2,2.16451E-2,-1.06417E-1,-1.08929E-1,1.80048E-1,3.35112E-2,1.44422E-1,3.83794E-2,9.79299E-2,1.42470E-1,-1.85100E-1,3.66511E-2,-7.36988E-3,4.09985E-3,-6.37076E-2,8.24475E-2,-1.44516E-1,-1.63759E-1,-4.92830E-2,-6.62142E-2,-5.74630E-2,-1.18938E-1,-1.60838E-1,-2.81600E-1,-2.04065E-1,-2.45616E-1,-1.28663E-1,-1.39203E-1,-1.51916E-1,-1.55756E-1,-2.37460E-1,4.86708E-4,-1.24167E-1,-1.90802E-2,-3.16397E-1,-1.43575E-1,-4.78556E-2,-6.91987E-2,-2.30751E-1,-2.58058E-1,-1.92636E-1,-2.03753E-1,-1.46160E-1,-1.16838E-1,-3.14207E-1,-2.38969E-2,-5.82312E-2,-1.15004E-1,-2.97461E-2,-2.61956E-2,-2.93123E-2,-1.27198E-1,-1.99254E-2,5.80447E-3,-1.34941E-1,-1.12440E-1,1.13989E-1,-9.75448E-2,-5.44825E-2,-3.46231E-1,-4.71033E-2,8.61516E-2,-3.11033E-1,-5.09899E-2,-1.73015E-1,-6.00169E-2,-1.54418E-2,-8.34624E-2,-3.56225E-2,3.47780E-2,5.80161E-2,1.34320E-1,-3.42984E-2,7.96533E-2
8.34017E+2,3.61501E-2,-6.16977E-2,4.57294E-2,-2.88072E-2,3.86644E-2,3.49643E-2,2.48596E-2,8.05162E-2,-3.15226E-2,-1.29853E-1,-8.83443E-3,7.03806E-2,-3.60766E-2,-7.36774E-2,3.92040E-2,4.66975E-2,7.85971E-2,1.64514E-2,3.36152E-2,5.39665E-2,-1.50465E-2,7.21927E-2,6.61640E-2,3.88400E-2,-6.16210E-2,2.31032E-2,-6.47273E-2,6.12109E-2,-6.27855E-2,2.45547E-2,2.97718E-2,4.62816E-3,1.64635E-2,4.00555E-4,6.65775E-2,4.88936E-2,-2.77522E-2,6.20766E-2,-7.81317E-3,1.35848E-1,3.32833E-2,-2.20491E-2,1.04491E-1,-1.67028E-2,3.50208E-2,1.40544E-1,2.53826E-2,4.58647E-2,3.27356E-2,3.58764E-2,-4.41601E-2,-1.51868E-2,-2.52399E-3,9.49682E-2,-4.17842E-2,1.16031E-2,1.09851E-1,-1.05994E-2,1.45518E-1,-2.75663E-2,1.27700E-2,-2.67709E-2,-1.89454E-3,-1.01545E-2,-3.93148E-4,1.46888E-1,-5.36922E-2,2.97899E-2,7.23204E-2,6.01217E-2,2.60993E-3,-3.46244E-2,9.55570E-3,2.83337E-2,2.05953E-2,-4.99698E-2,6.32999E-2,-1.05833E-1,8.24311E-2,5.97017E-2,7.29275E-2,8.64923E-2,5.26565E-3,7.62611E-2,-1.32745E-3,-4.77277E-3,1.84417E-2,4.97321E-2,6.85627E-2,7.09081E-2,6.37546E-3,-1.20560E-3,-1.42334E-3,1.93209E-2,7.80694E-2,9.72647E-2,-1.26648E-2,3.27728E-2,8.70578E-2,-5.28240E-3,-4.27927E-2,3.71316E-2,5.12281E-2,1.65170E-2,4.68645E-2,8.47005E-3,-1.15233E-3,8.47135E-2,1.37778E-2,2.75289E-2,-1.59160E-2,4.45762E-2,4.58052E-2,3.30420E-2,8.47236E-2,8.34161E-2,1.78589E-3,8.72705E-2,3.53314E-2,5.61284E-2,2.57578E-2,1.80318E-2,6.30596E-3,-1.40887E-3,8.04485E-2,2.85423E-2,4.81132E-3,9.55154E-2,1.04034E-1,1.17642E-1,-1.66951E-2,-6.57418E-2,5.32150E-2,3.55865E-2,4.06119E-2,4.62499E-3,4.73723E-2,1.73039E-2,3.19272E-2,-3.93852E-2,9.49944E-2,3.14828E-2,3.47378E-2,-1.89677E-2,1.90766E-3,1.69616E-2,-4.21210E-2,-7.00717E-3,8.22534E-2,1.62829E-2,-1.53106E-2,5.85423E-2,1.18593E-1,-7.22549E-3,1.65412E-2,8.00482E-2,-2.79948E-4,-2.55344E-2,-1.65471E-2,1.41915E-2,5.00451E-2,7.97497E-2,-6.79393E-3,5.06660E-2,-2.38427E-2,-2.87953E-2,-1.48448E-3
8.37419E+2,1.01421E-1,1.13704E-2,1.05220E-2,-5.20990E-2,3.78204E-2,5.05871E-2,-4.00566E-2,3.54196E-2,-1.15364E-1,7.48562E-3,-5.17952E-2,4.16959E-4,4.21544E-2,-1.70533E-2,-2.08294E-2,8.39679E-2,-2.09631E-2,-1.31596E-1,-6.09314E-3,1.01761E-1,-7.92787E-2,-2.80227E-2,-1.42434E-1,-9.00231E-2,-5.38347E-2,-4.42745E-2,-5.28643E-2,-5.36670E-2,1.33498E-2,-7.37437E-2,-7.16046E-2,-9.44864E-2,-6.24768E-2,-7.98275E-2,-1.28026E-2,-2.96921E-2,-3.67447E-2,-7.97481E-2,-7.68545E-2,-4.82819E-2,-9.29908E-2,-3.88849E-2,-1.14647E-1,-1.05366E-1,-6.29858E-2,-6.01594E-2,-2.96103E-2,-1.41509E-1,-1.97639E-2,-8.47137E-2,-3.86580E-2,-4.85871E-2,-9.01728E-2,-5.49850E-2,-5.99108E-2,3.25202E-2,-5.91793E-2,-1.51725E-1,-9.97963E-2,-9.25508E-3,3.50404E-2,-1.04603E-2,-3.33014E-2,-7.35295E-2,-2.77789E-2,2.65164E-2,3.03446E-2,-4.70707E-2,-3.64098E-2,-3.74766E-4,2.75700E-2,-1.21406E-1,-3.12138E-2,-1.04212E-1,1.57057E-2,-1.07890E-1,-1.22679E-1,-5.26690E-2,-1.20759E-1,-1.12426E-1,-1.35227E-1,-8.21437E-2,-6.86527E-2,-1.88544E-2,6.77879E-3,-5.10036E-2,-4.45324E-2,5.68028E-3,-5.75871E-2,-7.65285E-2,9.89434E-4,2.49945E-2,-2.44633E-2,-7.43090E-2,-1.61221E-2,7.02230E-2,1.69795E-2,5.28382E-3,4.33099E-2,1.19519E-2,-2.12362E-2,1.19457E-2,-1.02846E-2,-8.34772E-2,-2.82624E-2,1.09203E-2,-1.62537E-2,-6.33506E-2,2.19202E-2,-1.33041E-2,-8.27792E-2,-5.38761E-2,-2.40370E-2,-1.29707E-1,-2.11195E-2,-6.87549E-2,-4.65034E-2,-2.37213E-2,-2.75646E-2,-6.85146E-2,-8.23758E-2,-5.60615E-2,2.93188E-2,-6.51048E-2,-1.44186E-2,7.05175E-3,-3.34501E-2,-1.44761E-1,-5.51179E-2,-5.29696E-2,-9.94295E-2,-8.04456E-2,-5.36156E-3,-4.35644E-2,-1.06343E-1,-5.56213E-2,-3.28860E-2,-3.16679E-2,-1.47300E-2,-8.30539E-2,-3.33837E-2,-8.50629E-2,-5.48621E-2,-3.59815E-2,-9.62480E-2,-4.84207E-2,-6.26299E-2,-5.60479E-2,2.69361E-2,-6.12278E-2,-1.15975E-1,2.00942E-2,-8.25079E-2,-4.19321E-2,2.78303E-2,-1.09185E-1,-2.57116E-2,-4.49470E-2,-8.68219E-2,-2.43156E-2,-3.87343E-2,-2.74884E-3,-5.16942E-2,4.12903E-3,1.39054E-3,-2.74842E-2,4.43672E-2
8.40822E+2,-3.34289E-1,5.51649E-1,2.83111E-2,4.76634E-1,-5.21220E-1,-3.16015E-1,-1.41713E-1,3.00616E-1,3.29695E-2,5.99434E-1,8.26088E-2,4.65086E-2,-8.84122E-1,-7.53203E-2,1.53950E-1,-3.87459E-1,-9.00514E-1,1.77175E-1,1.03124E+0,-3.72907E-1,-5.16320E-4,4.77544E-1,7.39897E-1,2.66357E-1,-4.47175E-1,-6.13687E-1,-1.06818E-1,3.38931E-1,-2.31169E-1,-9.28983E-2,4.83160E-1,7.98306E-1,-5.64053E-2,9.61252E-1,1.43706E-2,6.46405E-1,3.55355E-1,2.18946E-1,-1.73341E-2,4.71658E-1,1.49950E+0,2.56995E-1,1.31503E+0,9.67392E-1,-9.78907E-2,1.25219E+0,-1.39989E-1,8.49628E-1,4.96487E-1,9.64572E-1,1.08563E+0,6.72838E-1,4.29124E-2,6.45577E-3,3.51523E-4,-5.00987E-1,4.89614E-1,1.41727E+0,-3.99732E-1,-5.31309E-1,-8.22937E-1,-1.21346E-1,-6.22048E-2,-1.15990E-1,-6.81200E-1,-3.06975E-1,-3.27017E-2,5.18864E-1,-1.17219E+0,7.34708E-3,-6.63955E-1,-4.07932E-1,1.33257E+0,1.19405E+0,2.35868E-1,6.31437E-1,1.14115E+0,1.21364E+0,1.60555E+0,-6.55642E-3,9.48615E-1,7.57464E-1,-6.37205E-2,1.80627E+0,4.00627E-1,4.33236E-1,-1.06810E+0,6.27020E-1,-2.09992E-1,1.22885E+0,3.71047E-1,6.90707E-1,1.93801E-1,6.45950E-1,-4.58396E-1,1.31631E+0,1.16098E-1,-3.79106E-1,2.96580E-1,-2.16533E-1,-5.67280E-1,-3.27805E-2,5.12928E-1,-1.10235E-3,7.04970E-1,-1.16331E-1,2.99304E-1,-2.63698E-1,-5.40845E-1,-4.47282E-1,3.67325E-1,6.27646E-1,1.51248E+0,1.34115E-1,8.26529E-1,1.17137E+0,1.94001E+0,3.03248E-2,3.94130E-3,9.00410E-1,1.70264E+0,9.67491E-1,4.88008E-1,1.42379E+0,6.10041E-1,7.57005E-1,4.19974E-1,1.74249E+0,1.83927E+0,1.45763E+0,7.11506E-1,1.70340E+0,9.09457E-1,1.44309E+0,-2.11553E-1,3.85262E-1,3.87265E-1,9.30834E-1,4.14004E-1,5.65654E-1,3.55987E-1,1.23255E+0,-1.16123E-2,1.47031E-1,6.90426E-1,3.66413E-1,7.01587E-1,-5.03641E-1,5.23862E-2,3.44138E-1,1.59055E+0,1.77492E-1,1.34417E+0,-7.15817E-2,2.31301E-1,1.65528E+0,1.24776E+0,4.99997E-1,3.91194E-1,7.05826E-1,1.15393E+0,5.82985E-1,5.11002E-1,-3.18425E-1,-6.35017E-1,2.16302E-1,-2.55419E-1
8.44226E+2,6.58254E-3,-6.85449E-2,-4.66941E-2,2.41749E-2,-2.73891E-2,-5.01291E-2,1.28716E-1,-3.76810E-3,1.73851E-2,2.38879E-2,1.00182E-2,-1.01970E-2,-8.76556E-2,5.89008E-2,2.47125E-2,-2.05878E-2,1.08587E-2,-2.48144E-2,3.26458E-2,-2.63671E-2,-1.56772E-2,1.65522E-2,1.20796E-1,-1.11082E-2,-9.85439E-2,9.06027E-3,6.68337E-2,-9.20925E-2,-5.93639E-2,2.25779E-2,1.50462E-2,4.80208E-2,4.87746E-2,-1.48202E-2,1.50758E-3,-3.82434E-2,6.15758E-2,-1.65362E-2,9.65364E-2,-6.65201E-2,7.38789E-2,-3.05232E-2,-1.80291E-2,-5.22798E-2,1.57896E-2,6.06763E-2,-1.65581E-2,2.88500E-2,6.73022E-2,1.06236E-1,2.57937E-2,9.49794E-3,7.70576E-4,8.80971E-2,-3.11360E-2,-3.80793E-3,-1.06509E-2,6.74740E-2,7.03673E-2,-6.12494E-2,-3.72661E-2,3.08386E-2,2.38969E-2,-1.48046E-2,3.33666E-2,-6.60269E-2,-1.64203E-2,9.07021E-3,7.19685E-2,-1.74877E-2,-1.40523E-2,-8.05161E-3,3.28966E-2,6.94322E-2,2.96388E-2,-1.48396E-2,8.69985E-2,-8.77805E-2,1.17767E-2,7.12583E-2,8.52459E-2,4.07609E-2,1.20971E-2,6.31633E-3,6.61374E-2,3.65408E-2,-2.83759E-2,-6.10918E-3,-7.85703E-2,-1.33305E-2,-6.53908E-2,-1.60937E-2,-6.14365E-2,-2.62230E-2,2.65020E-2,4.91414E-2,7.95254E-2,4.10186E-2,-1.54751E-2,-8.44281E-2,-3.30037E-2,-1.46437E-2,2.05884E-2,1.76600E-1,-1.57831E-2,4.35224E-3,4.59951E-2,-2.73610E-2,-6.25380E-2,6.36941E-2,1.30651E-2,2.87171E-2,5.68106E-2,-1.06308E-3,-8.28698E-2,1.44209E-3,2.56608E-2,1.23644E-1,1.14761E-3,1.14266E-1,3.71391E-2,6.41297E-2,-1.72481E-2,-2.57242E-3,-4.42607E-2,5.25017E-2,9.35596E-2,1.41918E-1,2.62358E-2,-1.34225E-1,2.41686E-2,-8.98018E-5,-4.80840E-2,-1.52707E-2,3.70464E-3,-7.60800E-2,6.48644E-2,4.74582E-2,-3.45034E-3,5.71559E-2,6.32659E-2,8.24523E-2,9.15060E-3,-3.73491E-2,-2.30180E-2,-1.23356E-2,-1.11906E-1,5.28211E-3,3.09244E-2,-3.04352E-2,5.58298E-2,-1.82497E-2,3.94164E-2,9.96937E-2,-1.20542E-1,1.03480E-1,9.83791E-2,3.67683E-3,-3.34578E-2,3.70202E-2,6.08396E-3,-2.13241E-2,-1.46344E-2,-2.67908E-3,5.16227E-2,-5.12892E-2,-3.88445E-2
8.47630E+2,2.54461E-2,2.44120E-2,9.02584E-2,7.17096E-2,-8.94615E-2,9.83405E-4,6.72993E-2,-7.54256E-2,-6.53185E-2,-7.73619E-2,8.00095E-2,8.13852E-2,-8.46733E-2,-1.18573E-1,6.93097E-2,-5.59748E-2,-8.23523E-3,-1.62115E-1,-3.43813E-2,4.55921E-2,-1.06708E-1,9.05585E-2,2.86275E-2,2.45507E-2,1.03300E-1,2.20999E-1,-3.49636E-2,-4.55591E-2,-2.73551E-2,8.42551E-2,1.48809E-1,9.35152E-2,-9.75613E-2,-3.08486E-2,-8.22304E-2,-1.36808E-1,-3.68409E-2,-9.71654E-2,2.03561E-1,-1.80104E-2,1.16889E-1,-1.30269E-1,2.59318E-2,4.24155E-2,-1.22042E-1,1.08034E-1,-1.30098E-2,1.42574E-2,-2.96272E-3,6.44923E-2,-3.16170E-2,-3.55016E-3,4.38978E-2,-5.96498E-2,1.21088E-1,3.69861E-2,1.16310E-1,4.10173E-2,-8.56244E-2,-3.95612E-2,-9.99845E-2,5.33737E-2,8.06039E-2,-8.25722E-4,-8.62300E-2,5.30579E-2,-5.65530E-2,3.73945E-2,-1.60628E-1,8.70114E-2,1.88028E-1,-1.93805E-2,4.16642E-2,1.23836E-1,2.78730E-2,1.98337E-1,2.20219E-2,6.94622E-2,-8.02023E-2,3.12592E-2,2.12761E-1,3.22414E-2,-6.35255E-2,7.12359E-2,1.57799E-1,-1.02080E-1,1.25957E-1,-1.11047E-1,6.19137E-2,-2.22334E-2,1.21490E-1,1.47094E-1,2.82419E-3,6.13089E-2,4.85333E-3,1.39441E-1,5.07455E-2,-5.32328E-2,8.52313E-2,3.89304E-2,-1.44970E-1,4.98812E-2,-2.01719E-2,2.47171E-1,1.92938E-1,1.17863E-4,-2.65684E-2,-3.92245E-2,-9.75703E-2,1.25855E-1,-3.13146E-2,1.95483E-1,8.82686E-2,1.85834E-1,1.70960E-1,8.92140E-2,2.23571E-1,2.01605E-1,-6.94175E-3,-4.70017E-2,2.35398E-1,-8.68771E-3,1.29593E-1,1.84149E-1,2.34993E-1,3.15246E-2,2.54709E-1,1.32457E-1,6.02675E-2,4.87553E-2,1.47103E-1,1.17183E-1,2.16779E-1,1.63590E-1,1.12083E-1,6.39730E-2,4.09128E-2,4.30582E-2,3.13066E-2,-3.35560E-2,1.42196E-2,-3.62132E-2,-1.24085E-1,1.67613E-1,-5.92546E-2,-5.64369E-2,-6.34618E-2,-2.72335E-3,6.96889E-2,5.00522E-3,9.33329E-2,-5.57699E-2,-7.42381E-2,-7.95218E-3,-5.00394E-2,1.44700E-1,1.51295E-1,2.12589E-1,5.06479E-2,2.31243E-2,5.76462E-2,3.29290E-2,-5.96433E-3,-2.53653E-2,-1.06546E-1,-5.83129E-2,-9.49875E-2
8.51035E+2,4.92808E-2,-1.33833E-2,5.30289E-2,-4.59042E-2,4.55007E-2,1.40077E-1,-5.54337E-2,4.92746E-3,-7.03756E-2,-2.82108E-2,-8.91122E-2,-2.36907E-2,-4.68870E-3,7.89472E-2,-4.09627E-2,2.98934E-2,2.67438E-2,-9.60606E-2,-1.14072E-2,5.52162E-2,3.44486E-2,1.07601E-2,-2.66349E-2,-4.46795E-2,-3.12545E-3,-5.66948E-2,-4.48950E-2,-1.36642E-3,6.49871E-2,-1.26486E-1,-1.98208E-1,-8.04519E-2,4.99845E-2,-4.26235E-2,2.54214E-2,3.99775E-2,-1.03300E-1,1.92533E-2,-2.72611E-2,5.89162E-3,-1.12361E-1,-1.22970E-1,-8.51160E-2,-1.03191E-1,-5.36180E-3,-1.26125E-1,-7.14243E-2,-6.63559E-2,-3.76405E-2,-1.62001E-1,-1.29149E-1,-8.57413E-2,-1.22014E-1,-6.00036E-3,-7.26766E-2,5.41491E-2,-5.10275E-2,-1.02984E-1,-8.84805E-2,-4.01424E-2,1.33092E-2,-3.11519E-2,-4.72560E-2,2.39068E-2,7.04502E-2,7.48973E-2,-3.85377E-2,-2.46978E-2,-2.73509E-2,1.12968E-1,1.66057E-2,-1.24371E-2,-6.76201E-2,-2.12789E-1,-5.87404E-2,-8.87155E-2,-9.49654E-2,-7.91820E-2,-1.04768E-1,6.15682E-2,-1.16225E-1,-5.82826E-2,-5.49497E-2,-1.02391E-1,-9.67471E-3,2.37397E-3,-6.81499E-2,-6.52283E-2,-1.64078E-2,3.15602E-2,9.28071E-2,1.04650E-2,-1.26104E-2,-7.84559E-2,4.27330E-2,1.59904E-3,2.13004E-2,8.33885E-2,1.82418E-2,5.00332E-2,3.88453E-2,1.13605E-1,3.93077E-2,-5.50615E-2,-8.74574E-2,-7.77971E-2,-2.47191E-2,2.67151E-2,7.39113E-2,-6.06964E-2,-1.84039E-1,-8.47165E-2,-1.62199E-1,-1.31973E-1,-9.54025E-2,-1.10124E-1,-1.68276E-1,-1.57762E-1,-1.25513E-1,-8.67696E-2,-4.30479E-2,-1.74057E-1,-8.23510E-2,-2.17297E-1,-5.56805E-2,-6.50811E-2,-9.09482E-2,-2.00832E-1,-1.86691E-1,-1.89950E-1,-8.76815E-2,-1.00057E-1,-3.39065E-1,-1.82465E-1,-1.10734E-1,-8.81575E-2,1.38724E-2,-6.89313E-2,-1.02296E-1,-9.09618E-2,-3.72460E-2,-5.76399E-2,-1.32482E-1,-3.17296E-2,-1.13623E-1,-2.31016E-2,-2.76665E-2,-1.24561E-1,1.65311E-2,-3.30249E-2,-1.62430E-2,-4.07134E-2,-1.61395E-1,-7.61232E-2,-1.81641E-2,-1.48654E-1,-7.49096E-2,-2.03320E-3,-1.22093E-1,-6.17531E-2,-9.47987E-2,5.02394E-2,-3.57897E-2,3.39061E-2,9.80317E-2,-3.28600E-2,1.94893E-1
8.54441E+2,-5.48956E-2,1.04654E-2,1.08070E-1,4.98401E-2,-1.70785E-2,-3.25132E-2,-2.03722E-2,-5.47469E-2,-4.10937E-3,-2.64108E-2,6.16075E-2,3.71050E-2,-7.49172E-2,6.35210E-2,-4.55656E-2,-2.51742E-2,2.46858E-2,-1.50461E-1,8.55423E-3,-1.97513E-2,-1.49556E-1,-2.82478E-2,-4.12515E-2,-7.80682E-2,7.20370E-3,-2.57734E-3,4.34674E-2,-2.03241E-2,2.88445E-2,-1.28017E-2,5.27194E-3,8.50548E-3,-1.75611E-1,2.32984E-2,7.25789E-2,-1.04164E-2,3.45906E-2,2.44951E-3,5.86863E-2,-2.58299E-2,-5.08359E-4,-1.36465E-1,-9.42982E-3,1.98641E-2,4.59264E-2,3.62141E-2,3.46046E-2,3.43128E-2,-3.24987E-2,1.23818E-2,-1.13557E-2,-2.93827E-2,9.64752E-3,-2.67033E-2,-5.38063E-2,6.42095E-2,3.17548E-2,-9.62901E-2,-1.21734E-2,7.33972E-2,-4.99928E-2,2.49640E-2,-1.17959E-1,5.18938E-2,3.50261E-2,4.23558E-2,-4.11178E-2,-6.45005E-2,-1.22837E-2,-1.28158E-1,-4.93982E-2,-5.92230E-2,-7.16782E-2,-1.07136E-1,-6.78378E-2,1.22017E-1,-4.47476E-3,-4.43504E-2,3.35721E-2,-5.93838E-2,2.65651E-2,-1.35015E-2,-1.55312E-2,-2.48777E-2,-4.20155E-2,2.28728E-3,-4.04550E-2,-4.57165E-2,-3.02933E-2,8.64804E-2,2.41939E-2,4.47389E-2,1.47507E-2,2.16126E-2,2.69242E-2,-2.91847E-2,5.99542E-2,4.11704E-2,1.38770E-2,-1.27658E-1,-1.12333E-1,3.92777E-2,8.86148E-2,-4.39936E-2,6.88088E-2,4.73703E-3,4.01098E-2,-5.10779E-3,2.52224E-2,-1.00463E-2,2.29574E-2,1.12046E-1,2.32233E-2,-9.12983E-2,4.08849E-2,-4.83266E-2,-3.12721E-2,-4.24640E-2,6.02343E-2,1.21611E-2,8.31253E-2,-2.37583E-2,4.38531E-2,8.00447E-3,7.77487E-3,-2.45040E-2,-1.58901E-2,9.12554E-3,2.22272E-2,4.90554E-2,-8.46704E-2,-1.28600E-1,1.15332E-1,-3.18378E-3,4.31502E-2,-7.46397E-2,-6.69843E-2,-4.77944E-2,-3.43039E-2,3.85613E-2,-2.76705E-3,6.08387E-2,2.40285E-2,1.09629E-2,-6.70396E-3,2.93651E-2,-5.81877E-2,3.09243E-2,3.27005E-2,-1.84681E-2,1.06927E-1,-1.81093E-3,4.22155E-2,6.38383E-2,-5.11375E-2,-2.56072E-2,3.61188E-2,-4.58423E-2,8.35625E-2,-1.09514E-2,4.37395E-2,8.18141E-2,-9.40306E-2,-1.25207E-3,-3.14673E-3,-1.58576E-2,-2.05829E-2
8.57847E+2,-1.35159E-1,1.71839E-1,-1.83718E-1,1.04189E-1,-2.59114E-1,-3.12665E-1,-2.19620E-1,2.96479E-1,1.47956E-1,-6.31347E-2,-2.59233E-1,3.56133E-1,-1.73925E-1,6.77329E-2,4.62239E-1,2.69250E-1,2.42778E-1,3.19774E-1,-4.66542E-1,-1.64693E-1,-4.63730E-1,-2.83389E-1,-1.54479E-1,-2.76352E-1,-7.56898E-2,4.13792E-1,2.56242E-1,5.06383E-3,-3.29195E-1,-2.56533E-1,7.90289E-1,-4.14463E-1,-2.79096E-1,1.20483E-1,-6.83683E-1,5.19021E-2,-4.44072E-1,1.25079E-1,2.30744E-1,-2.47087E-2,4.91839E-1,1.10878E-1,2.98421E-2,7.91516E-2,-3.68634E-2,1.90746E-1,-1.68156E-1,-6.85718E-3,-1.46509E-1,6.39199E-1,4.48296E-1,2.98015E-1,-3.44381E-1,-4.81340E-1,-5.22774E-1,-7.01849E-1,5.09343E-3,5.85485E-1,1.55441E-1,-3.14004E-1,2.40859E-1,2.23577E-3,-7.48769E-1,-1.05125E-2,-6.21930E-1,1.59996E-1,-5.82945E-1,-5.73814E-1,-5.03130E-1,-3.58057E-1,8.43774E-3,-2.66980E-1,3.50022E-1,5.71297E-1,-1.00176E-1,2.20408E-1,-1.09102E-1,4.26377E-1,6.29826E-2,-2.85652E-1,6.63414E-1,-4.33828E-2,-1.94491E-2,3.41541E-1,3.64815E-1,2.60639E-1,-3.11646E-1,-1.06909E-1,4.11200E-1,1.99692E-1,-1.79344E-1,-3.06567E-2,3.11217E-1,3.06291E-1,-4.66727E-2,1.01118E-1,1.46800E-1,-1.57770E-1,4.75750E-1,-5.24753E-2,-6.27622E-1,-2.62077E-1,2.34871E-1,6.59587E-1,1.31080E-1,-6.55860E-2,-1.66883E-1,1.62248E-1,-1.28599E-1,-3.41677E-1,5.85638E-1,1.66386E-1,3.48499E-1,3.36907E-1,1.77142E-1,-1.62101E-2,2.49241E-1,1.58050E-1,-9.65190E-2,3.27314E-1,5.83484E-1,-4.05122E-1,1.74783E-1,3.42021E-1,-5.15487E-2,-1.83054E-1,9.13158E-1,5.51594E-1,2.45891E-1,2.23385E-1,4.91622E-2,4.41537E-1,7.84815E-1,4.48995E-1,2.93652E-1,-4.28728E-1,-2.24443E-1,1.41613E-1,1.31681E-2,5.15387E-1,1.73137E-1,1.73506E-1,5.02513E-2,-9.74725E-2,1.20213E-2,-1.17091E-1,-1.71765E-1,2.81627E-1,-2.94023E-1,-3.69701E-2,4.59043E-1,-1.97826E-1,9.65753E-1,-2.88070E-1,8.89848E-2,6.81111E-2,7.39010E-2,-1.94055E-1,3.91222E-1,5.56447E-1,1.10845E-1,1.21490E-1,1.67179E-1,1.08919E-1,-2.76474E-1,-3.31685E-1,1.20623E-1
8.61254E+2,2.25658E-1,-3.49824E-2,-6.67495E-3,-4.81429E-2,3.65957E-2,2.10353E-1,-2.52108E-2,-1.03574E-1,-2.40522E-1,4.68569E-2,-1.13231E-1,2.70689E-2,5.40922E-2,9.47366E-2,-1.23023E-1,2.03668E-2,-7.10805E-2,-1.31029E-1,-3.93927E-2,1.47840E-1,1.41126E-1,-8.81988E-4,-1.05049E-1,-5.55076E-2,1.74992E-2,1.06332E-1,-7.77925E-2,-3.00714E-2,8.10493E-2,-1.34411E-1,-2.08892E-1,-1.84390E-2,8.50325E-2,-3.91470E-2,1.18927E-1,2.29307E-3,-5.02301E-2,2.16808E-3,-8.91162E-2,-1.14674E-2,-1.77865E-1,-1.30678E-2,-9.72089E-2,-1.56773E-1,5.49969E-2,-1.07109E-1,-1.22633E-1,-5.72051E-2,-1.04754E-1,-2.21637E-1,-8.68812E-2,-1.97930E-1,3.23645E-3,5.08041E-2,-4.33791E-2,6.57345E-2,-1.18561E-2,-1.11247E-1,4.14824E-2,1.52913E-1,1.30372E-1,3.49005E-2,1.12609E-1,4.82594E-2,6.90406E-2,-3.59403E-2,-9.71453E-2,-1.05020E-1,3.37131E-2,1.76764E-2,-5.39973E-2,-1.06445E-1,-8.65698E-2,-2.20478E-1,-1.20239E-1,-4.43737E-2,-1.18017E-1,-8.50653E-2,-1.23435E-1,3.95375E-2,-2.71286E-1,-4.12550E-2,3.78584E-2,-1.81090E-1,-1.58907E-1,-1.14336E-2,-1.03146E-1,-7.69527E-2,-9.91500E-2,5.50410E-3,1.04496E-1,1.22391E-2,-1.74431E-1,-1.49025E-1,-1.67917E-1,-1.51586E-1,-1.25146E-1,-1.58539E-2,-3.07633E-2,6.22808E-2,4.14189E-2,1.03545E-1,-4.11656E-2,-8.69988E-2,1.18427E-2,-1.99637E-2,2.80179E-2,-4.44594E-2,4.18127E-2,-2.92983E-2,-8.12490E-2,-1.35878E-1,-1.21746E-1,4.57198E-3,-1.43508E-1,-1.22789E-1,-1.36272E-1,-2.19338E-1,-2.18815E-1,-1.16461E-1,-2.05173E-1,-2.48568E-1,-1.58977E-1,-1.56958E-1,-3.52922E-2,-1.14132E-1,-1.13166E-1,-1.12300E-1,-1.31240E-1,-2.53650E-1,-6.07990E-2,-1.34042E-1,-2.08043E-1,7.32214E-2,-1.95043E-1,-8.96029E-2,3.86976E-2,-1.80252E-1,-1.06496E-1,-7.53274E-2,-9.66329E-2,-9.38440E-3,2.71347E-3,-1.19352E-1,-1.26625E-1,-3.61041E-2,-9.38771E-2,-5.42761E-2,-8.71158E-3,4.12620E-3,-1.62704E-1,-1.54399E-1,-1.71329E-1,1.71774E-2,4.02340E-2,-2.38695E-1,-5.98734E-2,-2.31130E-2,-8.67116E-2,-1.86423E-1,-1.29158E-1,-5.69003E-2,-7.21680E-2,-7.20044E-4,-1.49800E-3,1.62332E-2,1.11120E-1
8.64662E+2,3.31851E-2,-2.45444E-2,8.17026E-2,-9.52808E-2,5.83895E-2,1.42657E-1,-2.07434E-2,-3.55714E-2,-8.83464E-2,3.84763E-2,-9.72195E-2,-1.19210E-2,-9.58499E-2,1.33747E-1,-1.86802E-2,-5.77270E-2,1.62173E-2,-1.46390E-1,-5.96999E-2,1.65303E-1,7.98214E-2,-3.56448E-3,-7.93906E-2,-6.82245E-3,5.08589E-2,9.91471E-2,-4.14389E-2,1.36277E-1,6.65832E-2,-3.80733E-2,-6.34787E-2,5.94220E-2,1.87219E-1,-7.16847E-3,1.69065E-1,-2.36578E-2,-2.49622E-2,1.43174E-1,-6.03236E-2,1.53755E-2,-1.48122E-1,1.41993E-1,-6.65211E-2,-3.43410E-2,-2.15690E-2,-2.17982E-2,-6.25145E-2,-1.66444E-1,1.39498E-3,-2.84507E-1,-4.52806E-2,-1.06812E-1,8.05590E-2,-6.79711E-2,8.95445E-3,8.95194E-2,-2.62545E-2,-3.78121E-2,6.00743E-2,8.44438E-2,6.86813E-2,8.96596E-2,1.15302E-1,6.38174E-2,3.88420E-2,-7.83838E-2,7.54746E-2,1.24034E-3,2.18828E-2,6.31718E-2,-6.70467E-2,-2.27080E-2,-1.16229E-1,-1.63815E-1,-1.39335E-2,-5.57195E-3,-7.85417E-2,-2.06413E-1,-3.87893E-2,1.77879E-2,-3.39705E-1,-1.49912E-2,2.44425E-2,3.02190E-2,-2.13895E-1,-1.60155E-2,2.54824E-2,-4.33707E-2,-9.29823E-2,4.76251E-2,1.03357E-1,-1.10172E-3,-1.35014E-1,-1.01278E-1,3.68537E-3,-3.38180E-2,-1.53252E-1,8.98066E-2,-2.57522E-3,3.54108E-2,-3.57485E-3,1.12678E-1,2.95557E-2,-1.59102E-1,-2.42870E-2,-6.88076E-2,1.66033E-2,6.73536E-3,1.30345E-1,-1.00429E-1,-1.69493E-1,-1.73126E-1,-8.21216E-2,8.53720E-2,-1.05383E-1,-6.08585E-2,-2.56416E-1,-1.95831E-1,-3.08492E-3,-1.00049E-1,-2.01749E-1,-9.92776E-2,-7.96936E-2,-1.01585E-1,2.78543E-2,-3.02311E-2,-1.17164E-1,-9.19395E-2,-2.11202E-1,-2.10536E-1,1.93419E-2,-7.94467E-2,-2.76959E-1,3.74143E-2,-2.21368E-1,-1.10805E-1,6.98405E-2,-1.22971E-1,-2.19558E-1,1.91397E-2,-6.00787E-3,-7.94811E-2,-1.33577E-1,-1.46513E-1,-5.49951E-2,-6.55059E-4,1.16354E-2,7.07644E-2,-1.33314E-1,-3.05001E-2,-3.12648E-1,-2.08816E-1,-2.62423E-1,-2.78417E-2,1.05782E-1,-2.27321E-1,-1.84931E-1,-5.89593E-2,1.43589E-1,-1.21372E-1,-1.71822E-1,-2.11003E-2,-1.98009E-2,-4.66947E-3,-2.43987E-2,1.54775E-1,9.51188E-2
8.68070E+2,1.02279E+0,-3.40256E-2,9.51489E-2,-6.51708E-1,4.80270E-1,1.05021E+0,-5.16314E-1,-6.27512E-1,-1.18831E+0,5.87410E-1,-6.86287E-1,-7.39686E-2,2.43635E-1,1.07289E+0,-7.74234E-1,-2.32457E-1,-5.11616E-2,-1.78057E-1,-5.85960E-1,7.62228E-1,1.11786E+0,-6.59871E-1,-5.31542E-1,-2.71299E-1,2.92952E-2,4.69107E-1,-4.29872E-2,-2.47024E-1,4.78037E-1,-2.84879E-1,-9.50464E-1,2.57070E-3,5.91086E-1,-4.26501E-1,3.09833E-1,-1.21170E-1,2.97515E-1,-1.22960E-1,-1.57960E-1,4.36482E-1,-7.55405E-1,-4.48642E-2,-9.54583E-1,-4.77023E-1,8.20199E-2,-2.08456E-1,-3.33553E-1,-8.04025E-1,-2.00968E-1,-8.66069E-1,-3.53041E-1,-7.57067E-1,2.99705E-2,-1.51074E-1,3.29031E-1,-2.06504E-1,-2.29555E-1,-4.08918E-1,6.93838E-1,4.97853E-1,1.09782E+0,-1.38673E-3,4.38700E-1,-2.07450E-1,8.42602E-2,-4.88250E-1,-2.07862E-1,-8.25486E-1,-1.59830E-1,-9.26863E-3,-2.78893E-1,-9.65431E-1,-6.30164E-1,-5.47146E-1,-1.57501E-1,-5.13786E-1,2.84311E-1,-4.43753E-1,-5.43139E-1,-1.02039E-1,-1.24716E+0,-2.69596E-1,1.42929E-1,-2.35477E-1,2.16277E-1,3.63301E-2,-1.60387E-1,-5.50296E-1,-1.21671E-1,-3.36527E-2,2.45468E-1,-9.65687E-2,-1.09605E+0,-6.03675E-1,-2.59679E-1,-3.43986E-1,-5.34671E-1,1.44960E-1,2.54463E-1,3.42198E-1,1.95217E-1,1.50365E-2,-7.27576E-1,5.22562E-2,1.58906E-1,-1.17841E-1,3.17609E-1,-2.08478E-1,7.40048E-1,2.99008E-1,-6.95507E-1,-1.13349E-1,-2.02420E-1,7.94061E-3,-5.47835E-1,-8.10120E-1,-3.82249E-1,-3.06701E-1,-7.96789E-1,-5.81945E-1,-3.47450E-1,-2.49380E-2,-5.11573E-1,-5.30604E-1,-2.61966E-1,-8.02304E-1,2.17995E-1,-2.76636E-1,-1.07461E+0,-4.99786E-1,-6.85236E-1,-1.08957E+0,-1.89755E-1,1.28797E-1,-2.56749E-1,4.77768E-1,2.21760E-1,-1.03416E+0,-8.70593E-1,-5.05523E-1,-1.65134E-1,6.34100E-1,1.37192E-1,-3.54265E-1,-4.04712E-1,6.13527E-1,-3.20132E-1,1.27754E-1,1.19539E-1,4.53967E-1,-5.73562E-2,-1.12332E+0,-2.83022E-1,2.16739E-1,3.82663E-1,-7.64290E-1,-7.71160E-2,4.00184E-1,1.64070E-1,-6.02038E-1,-5.02288E-1,-4.62785E-2,-4.01028E-1,-4.02992E-1,-1.58849E-1,2.16973E-1,1.15592E+0
8.71479E+2,-7.41612E-2,-1.63318E-2,-1.67790E-2,4.88089E-2,2.99721E-2,-2.73408E-2,2.03223E-2,8.18068E-3,1.69313E-2,-8.31881E-3,4.04068E-2,-4.52570E-3,-4.36800E-2,-7.87351E-3,3.43888E-2,3.34470E-2,-2.02175E-2,5.64338E-2,6.96525E-2,-6.93474E-2,-1.16716E-1,5.53099E-2,2.01508E-2,3.26196E-2,-6.58260E-2,-1.39381E-2,-2.02247E-2,4.58762E-2,-4.18330E-2,7.56411E-2,2.92705E-2,-2.59614E-2,-1.38760E-2,2.03440E-2,-1.15937E-2,1.96010E-2,4.06686E-4,-3.15562E-2,7.17919E-2,-2.62431E-2,5.69273E-2,3.24457E-3,-6.92025E-2,2.81546E-2,9.36700E-2,8.14316E-4,4.04511E-2,1.15109E-1,7.12902E-2,8.56734E-2,-1.54962E-2,8.18466E-2,-4.33356E-2,-6.80484E-2,-1.44014E-2,1.37704E-1,4.41477E-2,-8.02281E-3,-3.06758E-2,-7.57292E-2,-7.66830E-2,-7.64891E-2,1.51118E-2,2.04147E-3,5.75926E-2,5.07501E-2,4.13631E-2,4.42820E-2,4.58363E-2,2.35379E-2,9.93362E-2,2.74640E-2,-5.46499E-2,-3.13872E-2,-5.42399E-2,5.87373E-2,-1.28261E-2,-9.48243E-3,-6.15025E-2,6.41285E-2,-5.29919E-2,1.07076E-2,1.09516E-2,1.21597E-1,-5.29590E-2,-1.69300E-2,5.83900E-2,3.68755E-2,1.38338E-2,2.30404E-2,-4.11328E-2,-4.66964E-2,2.64484E-2,7.14357E-2,1.14195E-1,2.51911E-2,3.82221E-2,1.00361E-2,1.52104E-2,-9.22898E-2,2.29675E-2,4.82702E-2,3.80575E-2,2.43328E-2,-7.72794E-2,3.32129E-3,-1.76013E-3,7.02762E-2,7.52815E-2,-4.22619E-2,4.95127E-3,-8.18876E-2,3.96567E-3,6.12559E-2,-1.70727E-1,-3.79544E-2,-8.27324E-2,2.39523E-2,-1.85582E-2,5.96676E-2,4.34811E-3,8.04701E-2,9.14570E-2,4.00209E-2,5.81285E-2,7.63598E-2,-1.45842E-2,3.54387E-2,9.04233E-2,3.13213E-2,6.81952E-2,2.38269E-2,-5.31299E-3,5.53331E-2,-4.59314E-3,3.55709E-2,-3.67208E-2,2.77147E-2,3.42879E-2,1.20090E-2,-1.28942E-1,-1.73372E-1,-1.55521E-2,5.96187E-2,-4.96996E-2,-1.54687E-2,2.16855E-2,-7.38167E-5,-2.87427E-2,-7.32748E-3,-1.80606E-1,-2.60632E-2,-3.51203E-2,-7.58765E-3,-5.19740E-3,-2.25041E-2,-1.18611E-1,-5.18436E-3,1.24600E-1,8.01132E-2,-1.32644E-1,-1.00867E-1,-3.47988E-2,2.08614E-2,2.36006E-2,8.80880E-2,-2.50395E-2
8.74889E+2,3.82174E-1,-1.70645E-1,1.06652E-1,-2.21096E-1,2.84968E-2,3.85851E-1,6.44690E-2,-4.95027E-2,-4.06154E-1,1.04709E-1,-3.09012E-1,-7.18345E-2,1.86433E-1,2.84067E-1,-3.14606E-1,-1.02062E-1,-1.05098E-1,-2.74588E-1,-2.04268E-1,2.90991E-1,2.97155E-1,-1.55849E-2,-2.45487E-1,-8.71656E-2,1.70093E-1,9.07888E-2,1.07336E-1,1.07837E-1,2.80582E-1,-1.16570E-1,-2.32810E-1,5.00969E-2,3.70734E-1,5.89468E-2,1.91545E-1,1.45495E-2,-5.73233E-2,4.50023E-3,-5.97151E-2,1.97687E-1,-3.95751E-1,-9.67729E-2,-1.16527E-1,-1.99619E-1,8.37233E-2,-1.47577E-1,-1.24738E-1,-2.81486E-1,-1.32336E-1,-5.49647E-1,-3.34564E-1,-6.24423E-1,8.12627E-2,-6.24288E-2,1.26078E-2,1.22586E-2,6.49891E-2,-6.91332E-2,7.04954E-2,3.71229E-1,4.29341E-1,1.13601E-1,2.26804E-1,-7.73013E-2,5.56732E-2,8.47013E-2,1.58306E-2,-2.65387E-1,-4.68112E-2,-3.14491E-2,-1.59844E-1,-6.78684E-2,-1.13814E-1,-3.74363E-1,-1.46026E-1,-1.68505E-1,-6.66006E-2,-2.42068E-1,-1.18847E-1,3.31159E-2,-6.05035E-1,-3.99488E-2,-3.93536E-2,-2.16741E-1,-9.89510E-2,-2.07017E-2,-2.45785E-1,-2.40276E-1,-9.34734E-2,1.08923E-1,3.37256E-1,3.81030E-2,-3.66398E-1,-3.72542E-1,-1.29113E-1,-2.20752E-1,-1.18399E-1,-2.97254E-2,-2.78188E-1,-2.01657E-2,5.35292E-2,1.94930E-1,-1.03132E-1,-1.92970E-1,-1.30413E-1,-5.85958E-2,9.92165E-2,5.96526E-2,9.87649E-2,-8.71197E-2,-3.84258E-1,-1.50385E-1,-2.00790E-1,-8.65066E-2,-1.82312E-1,-2.15285E-1,-3.51481E-1,-2.20860E-1,-2.13602E-1,-2.32247E-1,-5.26711E-1,-1.81707E-1,-2.57826E-1,-8.23074E-2,1.18432E-1,-9.61562E-2,-1.42762E-1,-2.40080E-1,-3.34803E-1,-4.09289E-1,-6.43381E-2,-3.77065E-1,-4.15282E-1,6.22136E-2,-2.41630E-1,-4.78163E-2,-6.41013E-2,-4.82542E-1,-2.43022E-1,-2.23430E-1,-8.37671E-2,4.23301E-2,-3.31208E-2,-1.40158E-1,-1.39879E-1,1.38210E-1,-1.02015E-1,-2.09256E-1,6.38221E-2,-5.81798E-2,-2.54805E-1,-4.21835E-1,-4.59197E-1,1.65141E-2,1.82475E-1,-7.41049E-1,-1.36287E-1,-7.65565E-3,1.15641E-1,-2.36340E-1,-4.37572E-1,-4.50742E-2,-2.12097E-1,-1.99473E-1,-6.28176E-2,3.59322E-2,3.62684E-1
8.78300E+2,9.57035E-2,3.80790E-2,-5.91093E-2,-2.65706E-2,3.10463E-2,-1.64247E-2,4.41784E-2,-1.95589E-2,-1.50841E-1,-8.33217E-3,-5.03423E-2,7.04264E-2,2.46954E-2,2.17088E-2,5.34087E-3,3.48526E-2,-3.63736E-2,-7.48097E-2,-9.03391E-3,1.67245E-1,-1.55050E-3,1.40104E-2,-2.54751E-2,8.33843E-2,6.91334E-2,8.54987E-2,1.67064E-3,1.11381E-1,5.84988E-2,-6.05870E-2,-1.06429E-1,7.10718E-3,5.28409E-2,2.68374E-2,4.82532E-2,-4.78451E-3,5.87211E-4,1.42891E-2,1.03794E-2,9.50649E-2,-1.43352E-2,-2.52325E-2,-1.71313E-2,-3.83248E-2,7.42647E-2,5.89106E-2,-2.29470E-2,-7.72458E-2,2.11744E-2,-1.17284E-1,-6.99461E-2,-1.16506E-1,-1.14878E-2,-7.35429E-2,7.97603E-2,1.22509E-1,-5.32472E-3,-9.05879E-2,1.98015E-3,1.31243E-1,6.80279E-2,2.55088E-2,9.00862E-2,9.84630E-2,7.97485E-2,-7.05928E-2,3.02610E-2,1.58740E-2,1.42529E-2,1.21130E-1,-8.69885E-3,-2.34948E-2,-8.78787E-2,-8.47366E-2,-9.17886E-2,-9.14592E-3,-2.94263E-3,-7.89918E-2,-7.31160E-2,2.91433E-2,-2.04445E-1,-5.96876E-2,1.32157E-2,3.14686E-2,-1.17202E-1,4.55569E-2,-7.19039E-2,-4.48660E-2,-5.06128E-3,-2.44929E-2,-6.63791E-3,-4.61821E-3,-1.09224E-1,-9.90297E-2,4.50335E-2,-1.23869E-1,-8.41911E-2,3.54861E-2,-7.15658E-2,-3.47406E-2,-3.05288E-2,7.68569E-2,-5.17027E-2,-8.10724E-2,-3.41658E-2,2.36523E-2,6.00003E-2,1.16249E-2,1.15048E-1,-1.25685E-1,-4.92946E-2,-1.49439E-1,-1.94904E-1,8.45441E-2,-1.99848E-1,-1.63068E-1,-1.72566E-1,-7.19769E-2,9.39019E-3,3.67860E-2,-2.08568E-1,-9.91666E-2,-5.00277E-2,-1.02801E-2,3.32375E-2,-7.37194E-3,1.32702E-2,-1.46240E-1,-7.45891E-2,-1.92626E-1,-5.08314E-3,-1.85941E-1,-2.30400E-1,1.76938E-2,-4.30369E-2,-1.70391E-2,4.64407E-2,-6.66989E-2,-5.86901E-2,-5.61951E-2,-7.86573E-2,-5.13753E-2,-2.37178E-2,-1.25063E-3,-4.11679E-2,-1.25658E-2,-3.44127E-2,3.58416E-3,-5.55238E-2,-5.79358E-2,-1.77585E-1,-9.32906E-2,-1.54845E-1,-5.31308E-2,-7.79628E-4,-2.69401E-1,-2.25540E-1,-9.66791E-3,4.60916E-2,-1.64114E-1,-2.19917E-1,-2.52625E-2,1.03746E-2,4.04691E-3,-2.07071E-2,8.71119E-2,4.59595E-2
8.81711E+2,-4.79338E-1,3.06438E-1,-1.94362E-2,3.75139E-1,3.46191E-1,-5.41652E-1,-1.25713E-1,3.62641E-1,2.04107E-1,-2.43868E-1,5.25102E-2,8.01493E-2,-1.45416E-1,-5.89386E-1,4.17635E-1,2.55392E-1,2.41827E-1,2.63774E-1,5.29030E-1,-4.05107E-1,-2.00977E-1,1.47106E-1,4.68653E-1,2.02907E-1,-8.32295E-2,-2.74730E-2,-4.52837E-2,-1.22098E-1,-1.69811E-1,2.45239E-1,3.89085E-1,8.41365E-2,-3.62158E-1,-1.29726E-1,-1.15626E-1,-6.41128E-2,1.87379E-1,1.63781E-2,4.27514E-1,-1.60950E-1,5.59974E-1,2.49543E-1,1.94919E-1,2.80924E-1,-1.31244E-1,1.28055E-1,1.37368E-2,3.99632E-1,3.82310E-1,4.48412E-1,4.60569E-1,3.69360E-1,-1.78491E-1,-2.67113E-1,-8.43137E-2,4.27629E-1,8.20824E-2,1.22306E-2,7.26567E-2,-3.87260E-1,-1.69811E-1,4.02181E-2,-3.13128E-1,1.43656E-1,3.66154E-2,-1.13588E-1,4.14406E-1,7.20730E-1,2.18612E-1,1.42176E-1,-1.90632E-2,1.55029E-1,2.70304E-1,2.71807E-1,2.76349E-1,-5.25073E-2,1.84879E-1,1.57888E-1,3.55542E-1,2.35030E-1,3.45605E-1,-4.04233E-2,-7.84625E-3,3.85375E-1,-1.06413E-1,2.33566E-2,2.79598E-1,1.89297E-1,3.62477E-1,4.16359E-2,-1.71228E-1,3.65635E-1,4.53846E-1,1.63541E-1,4.07568E-1,4.73358E-1,2.01664E-2,2.34295E-1,2.14240E-1,5.24667E-2,-1.79531E-1,6.00781E-3,3.13224E-1,-1.75487E-1,-1.51159E-1,1.09085E-1,-7.02071E-2,4.99680E-2,5.90931E-2,1.95152E-1,5.27575E-1,1.73098E-2,3.68808E-2,-7.47737E-2,5.41976E-2,3.93566E-1,1.93213E-1,3.70581E-1,5.28932E-1,2.69877E-1,5.94831E-1,4.96421E-1,3.41880E-1,3.61404E-1,1.09406E-1,3.23844E-1,2.57135E-1,5.07476E-1,3.03811E-1,3.95974E-1,1.40035E-2,2.38692E-1,8.38314E-2,1.58063E-3,1.92289E-1,4.27255E-2,2.64650E-1,3.03977E-1,8.43104E-2,2.20808E-1,1.07777E-2,-2.86741E-1,-9.39214E-2,5.47320E-1,1.26466E-1,-2.65492E-1,4.32385E-1,5.50279E-1,1.39493E-1,-1.43926E-1,7.96346E-2,7.11932E-1,2.45335E-2,8.96636E-2,-6.25392E-2,3.34419E-1,1.49482E-1,-1.27328E-1,-2.21300E-2,4.15223E-1,3.81509E-2,-9.74917E-2,4.11188E-1,2.03844E-1,2.70256E-2,6.21738E-2,-3.36095E-1
8.85123E+2,3.90048E-1,-8.56870E-2,-1.30019E-2,-2.51093E-1,8.16228E-2,3.34694E-1,3.01417E-2,-6.61145E-2,-4.86553E-1,1.88515E-1,-3.02566E-1,-2.50075E-2,3.69521E-2,3.23467E-1,-1.55418E-1,6.99380E-2,-8.93327E-2,-4.52335E-1,-1.28370E-1,2.20796E-1,3.18159E-1,-5.20012E-2,-3.91846E-1,-8.27500E-2,2.25042E-1,1.49845E-1,4.89388E-2,3.70598E-2,2.92325E-1,-1.66337E-1,-4.39338E-1,1.43483E-1,3.48828E-1,-1.12233E-1,2.68544E-1,-3.13291E-2,-2.76848E-2,5.95340E-2,-1.11322E-1,1.05029E-1,-4.55846E-1,-1.39725E-1,-2.37590E-1,-1.43804E-1,1.02007E-1,-1.09438E-1,-6.07938E-2,-2.74493E-1,-2.35171E-1,-5.93329E-1,-2.16849E-1,-5.21205E-1,8.52986E-2,3.50236E-2,3.02284E-2,9.93796E-2,-1.15130E-1,-2.30590E-1,1.41500E-1,4.22431E-1,3.07680E-1,6.10717E-2,2.23369E-1,1.58729E-1,1.30448E-1,-1.18756E-2,-1.24140E-1,-2.45793E-1,4.49201E-2,2.95395E-2,-1.05417E-1,-2.94190E-2,-2.45580E-1,-4.62629E-1,-2.72049E-1,-9.12504E-2,-9.44507E-2,-3.00973E-1,-2.05866E-1,-1.82425E-1,-7.31671E-1,-5.43626E-2,1.32338E-2,-3.36217E-1,-2.14274E-1,2.53753E-2,-3.01291E-1,-2.17803E-1,-1.94514E-1,9.35202E-2,3.32313E-1,-4.71830E-2,-3.17674E-1,-4.21636E-1,-2.20018E-1,-3.53181E-1,-2.86616E-1,-1.90957E-2,-3.44769E-1,1.34813E-2,-4.19016E-3,6.85833E-2,-9.35247E-2,-2.11418E-1,-1.92456E-2,1.04899E-1,-7.14736E-3,9.54160E-3,1.99068E-1,-1.68607E-1,-2.87902E-1,-2.55631E-1,-2.30662E-1,-2.98007E-1,-2.00631E-1,-2.74317E-1,-2.75929E-1,-2.50859E-1,-2.36282E-1,-3.00731E-1,-6.38322E-1,-5.10673E-1,-2.81180E-1,-1.67810E-1,-1.25008E-1,-1.79861E-1,-3.15891E-1,-3.60311E-1,-2.89276E-1,-6.19418E-1,-1.05278E-1,-5.06568E-1,-6.21896E-1,-4.97576E-2,-3.50101E-1,-9.88545E-2,-5.16909E-2,-2.06363E-1,-3.01645E-1,-2.13851E-1,-1.28420E-1,1.78475E-2,-6.04134E-2,-2.20586E-1,-1.67929E-1,-7.35871E-3,-1.66927E-1,-1.65471E-1,-7.68662E-2,-1.21436E-1,-4.98638E-1,-5.56755E-1,-5.23908E-1,-6.96756E-2,9.33024E-2,-7.02554E-1,-2.97680E-1,2.67170E-2,-8.32409E-3,-2.79355E-1,-4.78405E-1,1.13102E-1,-2.03927E-1,-2.99787E-1,-8.31189E-2,2.51668E-2,3.34753E-1
8.88536E+2,2.89560E-1,-1.90163E-1,1.07138E-1,-2.16524E-1,1.84247E-1,5.61083E-1,-3.77181E-2,-2.52827E-1,-3.46403E-1,4.83226E-2,-4.63859E-1,4.57018E-2,2.00013E-1,4.07868E-1,-3.36440E-1,-1.49961E-1,-2.16171E-1,-3.04136E-1,-3.79184E-1,2.85707E-1,2.68793E-1,2.14789E-2,-2.67989E-1,2.55704E-2,7.48154E-2,2.30928E-2,-5.24124E-2,9.83866E-2,2.20637E-1,-1.65348E-1,-3.47741E-1,8.56186E-2,3.06774E-1,-2.17175E-2,2.92229E-1,-8.65395E-3,1.53278E-1,6.74064E-3,-2.76796E-1,9.71838E-2,-3.26651E-1,2.22177E-2,-2.27266E-1,-9.20461E-2,-5.96999E-2,-2.34260E-1,-1.78889E-1,-4.01994E-1,-2.62341E-1,-6.14594E-1,-3.73096E-1,-4.76672E-1,5.66969E-2,-5.45811E-2,8.54681E-2,2.38489E-2,-1.63069E-1,-1.09697E-1,1.80621E-1,4.06297E-1,3.13945E-1,1.64181E-1,3.83943E-1,5.53677E-2,-2.09518E-2,-2.65322E-2,-1.55724E-1,-3.34487E-1,2.91381E-3,4.29279E-2,-1.31260E-1,-2.00677E-1,-1.68750E-1,-5.48299E-1,-1.98739E-1,-1.79491E-1,-3.01445E-1,-4.31913E-1,-2.79455E-1,-9.40262E-2,-6.95065E-1,-8.87199E-2,8.39661E-2,-3.16575E-1,-2.41459E-1,-2.02308E-1,-2.87771E-1,-1.57770E-1,8.18474E-4,1.27012E-1,1.99622E-1,-7.94213E-2,-3.90755E-1,-6.55982E-1,-2.64483E-1,-4.77259E-1,-3.05871E-1,-5.15406E-2,-1.50213E-1,7.18176E-3,4.68529E-2,1.67554E-1,-1.26703E-2,-2.61591E-1,-1.51545E-1,-4.88550E-2,8.87993E-2,1.33179E-3,1.90956E-1,-1.79087E-1,-3.97340E-1,-9.33948E-2,-2.98826E-1,-2.58725E-1,-3.49079E-1,-5.36611E-1,-4.18175E-1,-4.08767E-1,-2.96297E-1,-3.50617E-1,-6.11709E-1,-5.83733E-1,-3.53797E-1,-1.69150E-1,-1.11442E-1,-2.47048E-1,-4.49470E-1,-4.96504E-1,-3.68195E-1,-7.97171E-1,-1.80823E-1,-7.08435E-1,-4.83897E-1,1.64784E-2,-3.47796E-1,-1.58526E-1,-7.40311E-3,-2.92470E-1,-3.22483E-1,-1.11158E-1,-7.88837E-2,1.00197E-2,-3.27255E-2,-3.67353E-1,-4.56896E-1,6.90614E-3,-2.61979E-1,-1.40486E-1,-1.95776E-3,-3.57388E-2,-2.70439E-1,-5.39416E-1,-5.73963E-1,-1.61518E-1,1.21978E-1,-6.34140E-1,-2.64320E-1,-1.96563E-1,1.49123E-1,-4.29338E-1,-4.46684E-1,-1.58728E-2,-3.32348E-1,-2.09312E-1,-2.07650E-1,9.79818E-2,4.30918E-1
8.91949E+2,6.12428E-2,2.73885E-2,3.97142E-2,-6.45439E-2,4.88686E-3,3.55286E-2,2.38736E-3,-6.16282E-2,-6.10365E-2,-1.11906E-2,-4.85496E-6,-4.96379E-2,9.85042E-3,5.77772E-2,9.26601E-3,-2.91761E-3,-4.17473E-2,-1.45153E-1,-4.46715E-2,6.34434E-2,5.73422E-2,2.38818E-2,-2.77685E-2,3.42415E-2,5.03648E-2,4.61100E-2,9.54303E-3,6.32087E-2,6.74600E-2,8.30353E-2,-1.01461E-1,-1.88782E-2,5.68636E-2,-3.05959E-2,3.33863E-2,-5.61177E-2,1.52186E-2,4.06924E-2,-6.87618E-3,-3.12710E-3,-9.81008E-2,-3.97109E-2,-8.40594E-2,-5.66256E-3,3.87116E-3,1.55554E-2,-7.87862E-2,7.96673E-3,-2.16929E-2,-7.51192E-2,-5.87639E-2,-1.20578E-1,-1.32995E-2,-2.82787E-2,4.05127E-2,1.80751E-2,-5.95246E-2,-8.61532E-2,4.95930E-2,4.04547E-2,7.86741E-2,-3.05522E-2,1.12056E-1,1.45633E-2,1.02777E-1,2.17023E-3,-2.03335E-2,5.21897E-4,2.56494E-2,-8.21182E-3,-2.24773E-2,-8.05829E-3,-3.68670E-2,-1.20248E-1,-6.23559E-2,-7.38742E-2,-4.92285E-2,-5.27950E-2,-8.35697E-2,5.59332E-2,-8.97300E-2,-3.32814E-2,9.25463E-3,-2.81803E-2,-4.96045E-2,-5.41137E-2,-8.48707E-2,2.61387E-2,-8.32138E-2,-2.77740E-2,5.49314E-2,8.48783E-2,-6.85159E-2,-7.54978E-2,-1.00538E-1,-7.45247E-2,-4.14211E-2,-4.74236E-3,-7.67456E-2,2.89750E-3,-3.51958E-2,1.12407E-1,9.05451E-3,-5.12461E-2,-7.29655E-2,-4.06255E-2,6.80715E-2,5.12035E-3,3.81545E-2,-9.16424E-2,-1.71498E-1,-8.26326E-2,-6.67231E-2,2.14472E-4,-1.02962E-1,-1.69467E-1,-1.87507E-1,-7.05053E-2,-6.40435E-2,-1.04319E-1,-1.98070E-1,-9.26391E-2,-1.50743E-1,-6.26200E-2,-3.93181E-2,-3.16237E-2,-1.16643E-1,-1.80861E-1,-8.84829E-2,-2.50639E-1,-5.19617E-2,-1.24393E-1,-2.53909E-1,-8.94522E-2,-1.11112E-1,-3.95272E-2,2.77800E-2,-7.82151E-2,-5.19807E-2,-8.78837E-2,-5.73747E-2,-8.30836E-2,-4.49437E-3,-3.11985E-2,-2.15403E-2,5.53924E-2,-6.16267E-2,1.41887E-2,-7.46513E-2,-6.57873E-2,-1.45683E-1,-8.17221E-2,-1.83451E-1,-3.74623E-2,3.98112E-3,-2.23230E-1,-9.86309E-2,1.48628E-3,3.07043E-2,-8.68731E-2,-1.22693E-1,-1.08697E-1,-4.57019E-2,-5.30668E-2,-2.64855E-2,9.13297E-2,3.62782E-2
8.95363E+2,2.36684E-1,-1.22767E-1,5.51548E-2,-5.76185E-2,-2.23543E-2,1.84712E-1,-4.26776E-2,-5.20613E-2,-1.51093E-1,1.19428E-1,-1.41841E-1,6.64303E-4,-7.26922E-3,2.07739E-1,-2.06700E-1,-3.62580E-2,3.23224E-2,-2.30114E-1,-2.03618E-1,1.74105E-1,1.84097E-1,-9.34755E-3,-9.90193E-2,-4.27373E-2,3.19732E-2,5.29787E-2,5.60101E-2,7.84112E-2,1.15989E-1,-3.73038E-2,-2.88190E-1,3.44184E-3,2.09527E-1,-5.98136E-2,1.00130E-1,8.63713E-2,1.04255E-1,6.83806E-2,-4.41309E-2,6.95297E-2,-1.59229E-1,3.31568E-3,-2.06544E-1,-3.14061E-2,2.98197E-2,-8.38156E-2,-1.12282E-1,-2.11367E-2,-7.76554E-2,-3.12579E-1,-1.72319E-1,-2.70610E-1,6.66670E-3,-1.31656E-1,-4.66969E-3,-4.49927E-2,-2.53062E-2,-6.83073E-2,-4.93345E-2,1.82725E-1,2.08155E-1,6.50564E-2,2.05517E-1,-5.28268E-2,9.52003E-2,-4.92669E-2,-6.01174E-3,-2.01419E-1,9.43443E-2,-7.20807E-2,-1.33733E-1,-7.25489E-2,-1.43839E-1,-3.04271E-1,-2.76110E-2,-1.28437E-1,2.01601E-2,-2.44049E-1,-2.49238E-1,-1.00230E-2,-3.24488E-1,-1.10830E-1,4.86986E-2,-9.51596E-2,-1.28340E-1,-1.01436E-2,-1.19019E-1,1.02503E-3,-6.36223E-2,5.80749E-3,1.21480E-1,-1.92528E-2,-1.70884E-1,-3.08689E-1,-1.51051E-1,-1.53193E-1,-3.63706E-2,1.07911E-5,-1.90083E-1,-8.44760E-3,9.13254E-2,7.56708E-2,-1.27961E-1,-2.31431E-1,-5.10221E-2,3.92018E-2,5.72965E-2,-2.02954E-2,7.70876E-2,-1.08105E-1,-1.95746E-1,-7.73014E-2,-1.85102E-1,-4.93538E-2,-2.21251E-1,-2.22041E-1,-2.70171E-1,-2.31018E-1,-2.65774E-1,-1.99188E-1,-3.43698E-1,-2.01692E-1,-2.30217E-1,-1.04134E-1,-4.00791E-2,-2.11472E-2,-1.13229E-1,-2.30418E-1,-1.89623E-1,-3.26150E-1,-1.49079E-1,-2.86207E-1,-2.28641E-1,-4.42960E-2,-2.00003E-1,-2.85212E-2,2.72748E-2,-1.67818E-1,-6.66569E-2,-5.62910E-2,-2.89610E-2,-7.38573E-2,-2.35899E-2,-1.91608E-1,-2.43765E-1,9.67895E-2,-9.90187E-2,-1.72982E-1,-4.42787E-2,-1.65099E-1,-2.70664E-1,-3.47724E-1,-3.15869E-1,-5.38861E-2,4.13995E-2,-4.02879E-1,-1.87183E-1,-1.12960E-2,-6.66150E-2,-2.03847E-1,-3.24095E-1,-1.05251E-1,-1.34685E-1,-7.25559E-2,-1.09562E-1,2.10415E-3,1.18914E-1
8.98777E+2,2.17846E+0,-8.41966E-1,1.56976E-1,-3.07100E-1,2.03711E-1,1.95177E+0,9.92378E-2,-6.34285E-1,-1.69934E+0,7.61800E-1,-1.60827E+0,-1.58149E+0,9.48179E-1,1.33993E+0,-9.67608E-1,-6.12660E-1,-9.82983E-1,-1.34965E+0,-6.34909E-1,1.76161E+0,1.64038E+0,6.72982E-2,-8.08598E-1,-7.59651E-1,2.39285E-1,2.81133E-1,6.21686E-1,3.01791E-1,8.98341E-1,-6.87588E-1,-2.20358E+0,-1.67249E-1,1.87188E+0,-3.19460E-1,9.06931E-1,5.85756E-1,-5.30777E-1,4.07998E-2,-6.86093E-1,3.74309E-1,-1.63576E+0,4.21353E-2,-1.63921E+0,-5.94045E-1,-6.33010E-1,-6.27717E-1,-1.51615E+0,-2.08024E-1,-1.26141E+0,-2.63294E+0,-2.03398E+0,-2.04156E+0,-1.35867E-1,-2.92170E-1,8.28812E-2,-6.56551E-1,-7.37426E-2,-1.23808E+0,9.21985E-1,1.61515E+0,1.33943E+0,5.34444E-1,9.31112E-1,8.08245E-2,-1.11110E-1,9.77622E-3,-1.10150E+0,-6.72177E-1,-3.44005E-1,1.35657E-1,-2.89154E-1,-8.70791E-1,-1.27311E+0,-1.53997E+0,-9.05414E-1,-1.23101E+0,-8.91752E-1,-2.12136E+0,-1.69693E+0,-8.41985E-1,-3.54219E+0,-5.83348E-1,1.02426E-1,-1.56858E+0,-6.28940E-1,-8.03558E-2,-1.13204E+0,-1.01752E+0,-8.10736E-1,6.83551E-1,1.76417E+0,-7.28500E-1,-9.09632E-1,-1.40946E+0,-1.22176E+0,-1.78252E+0,-6.75940E-1,-2.24426E-1,-1.46646E+0,-3.13839E-1,-1.71740E-1,5.13934E-1,-8.56860E-1,-1.25670E+0,-8.47234E-1,-6.35894E-1,6.70200E-1,-4.57379E-1,8.94057E-1,-4.28125E-1,-2.29356E+0,-1.26619E+0,-1.26575E+0,-6.74463E-1,-1.56875E+0,-1.09832E+0,-3.15765E-1,-1.79791E+0,-2.50636E+0,-2.29364E+0,-2.78126E+0,-1.77237E+0,-1.10973E+0,-1.82610E+0,-5.84437E-1,-1.06198E+0,-1.72216E+0,-1.37163E+0,-1.63195E+0,-3.96070E+0,-5.73519E-1,-1.41736E+0,-2.26742E+0,-2.95450E-2,-8.40455E-1,-2.44542E-1,-3.16981E-1,-1.56020E+0,-1.70997E+0,-1.24005E+0,6.06634E-2,-1.39351E-1,-5.88916E-1,-1.67806E+0,-1.39202E+0,-9.73925E-2,-2.01789E+0,-1.60227E+0,-8.86799E-2,-1.25793E-1,-1.77818E+0,-2.17538E+0,-2.23940E+0,-8.46565E-1,7.75323E-1,-2.73339E+0,-6.14005E-1,2.57926E-1,3.04731E-1,-2.17736E+0,-2.24499E+0,1.16289E-2,-1.92029E+0,-9.40757E-1,-3.44722E-1,-9.18974E-2,1.33611E+0
9.02193E+2,3.52376E-1,-1.74101E-1,1.05771E-1,-7.95242E-3,-1.39468E-1,4.67795E-1,-1.68824E-2,-1.28521E-1,-4.71828E-1,1.42436E-1,-1.48176E-1,-3.38738E-3,1.50995E-1,2.78727E-1,-4.07783E-1,-4.54620E-2,-1.88988E-2,-1.47458E-1,-3.11233E-1,3.36446E-1,3.54498E-1,-3.67216E-2,-3.26522E-1,-5.71334E-2,-9.52304E-3,-1.66694E-2,-2.49471E-3,6.01711E-2,1.39234E-1,-2.17115E-1,-2.52002E-1,2.86734E-2,3.29429E-1,-2.40637E-1,1.26598E-1,-5.91692E-2,1.60342E-1,1.67468E-1,-1.70553E-1,1.63960E-1,-4.98005E-1,3.07640E-2,-2.08879E-1,-2.84150E-2,7.98028E-2,-3.64996E-1,-4.15621E-1,-1.26804E-1,-2.21706E-1,-4.07307E-1,-3.02585E-1,-6.47641E-1,-1.14919E-2,2.54424E-2,-3.88423E-2,-4.50724E-2,-2.15810E-1,-1.60417E-1,3.82175E-2,3.80035E-1,4.80579E-1,-2.94150E-2,3.09950E-1,-1.17058E-1,6.25467E-2,-1.06478E-1,-7.60493E-2,-1.94906E-1,-1.59210E-1,-4.89695E-2,-3.25933E-1,-3.44839E-1,-4.34644E-1,-7.07229E-1,-2.10779E-1,-2.24551E-1,-1.83120E-1,-3.70222E-1,-4.29892E-1,-9.01548E-2,-4.08272E-1,-1.59810E-1,2.22777E-1,-3.30631E-1,-3.65771E-1,-1.62517E-1,-2.28100E-1,-1.75448E-1,-1.54740E-1,-4.60236E-2,6.56355E-2,-2.82287E-1,-4.27177E-1,-4.00607E-1,-3.12293E-1,-3.93688E-1,-3.46512E-1,6.83060E-2,-2.40309E-1,-3.26747E-2,1.02095E-1,3.71320E-2,-2.58687E-1,-4.53312E-1,-2.97687E-1,-2.19446E-2,6.01174E-2,-7.93476E-2,1.81234E-2,-2.78821E-1,-3.51269E-1,-4.05239E-1,-4.43261E-1,-2.08003E-1,-1.89085E-1,-6.11708E-1,-5.05995E-1,-4.17156E-1,-4.40471E-1,-4.23287E-1,-5.86499E-1,-4.37418E-1,-4.15552E-1,-3.89358E-1,-1.63760E-1,-2.70121E-1,-2.43023E-1,-4.88196E-1,-5.45928E-1,-6.80158E-1,-2.56808E-1,-6.72423E-1,-4.73414E-1,-1.65364E-1,-4.63093E-1,-9.06158E-2,1.84418E-1,-6.74022E-1,-4.15099E-1,-2.49973E-1,-1.34113E-1,-2.50541E-1,-1.53108E-1,-3.16746E-1,-4.09576E-1,2.07428E-1,-4.99230E-1,-4.13537E-1,-8.89347E-2,-1.29979E-1,-5.23104E-1,-4.96471E-1,-4.35082E-1,-1.82840E-1,2.99633E-1,-6.91458E-1,-4.35941E-1,-4.24186E-2,-1.93185E-1,-3.37401E-1,-6.31781E-1,-2.94840E-1,-2.99734E-1,-3.52285E-1,-2.85558E-1,-1.52099E-1,3.23261E-1
9.05609E+2,-1.52181E-2,-1.71864E-2,-1.00770E-2,2.15145E-2,6.01036E-3,5.48569E-3,1.37403E-2,-1.06523E-2,-1.26304E-2,7.33764E-3,1.85045E-2,2.64643E-3,-5.03856E-2,6.99186E-3,3.39187E-2,1.61318E-2,5.56225E-2,-7.56169E-2,1.86782E-2,2.58639E-2,-3.18383E-3,7.89229E-3,-1.64490E-2,1.24069E-2,-4.36081E-2,3.50392E-2,-1.00544E-2,-4.79867E-3,4.54241E-2,9.84743E-3,-5.40417E-2,1.64459E-2,-3.53580E-2,-4.42227E-3,7.40413E-4,3.04506E-2,1.06457E-2,2.59445E-2,1.36146E-2,-1.94756E-2,-1.16089E-2,5.83615E-2,-3.97768E-2,-2.52839E-2,3.36205E-2,-2.45692E-3,-1.52280E-2,-3.30560E-4,7.07844E-3,-3.70984E-2,4.72561E-2,-4.23795E-2,-4.39189E-2,-5.15037E-2,1.02586E-2,1.72391E-2,-3.36966E-2,5.73229E-3,4.86805E-3,1.85812E-2,2.55729E-2,-3.05462E-2,-2.22176E-2,-2.45009E-2,-7.93618E-3,-7.38010E-2,-1.25034E-2,3.56104E-2,-1.58776E-2,1.44761E-2,-2.18133E-2,-5.63854E-2,-5.39451E-2,-5.13740E-2,-1.21162E-2,3.25857E-2,-3.40380E-2,-3.13576E-2,-5.83770E-2,-7.06876E-3,-1.34543E-3,1.43851E-2,-2.69055E-2,-1.76839E-2,-4.85180E-2,-5.52966E-2,-7.90614E-4,-1.07559E-3,-1.42638E-2,-2.97078E-2,-3.40210E-2,-1.94313E-2,-2.51089E-2,-3.10484E-2,5.28073E-2,-1.03618E-2,-5.60025E-3,-6.95227E-2,-1.88440E-2,2.82908E-2,3.25776E-2,-1.04880E-2,-2.70665E-2,-6.36530E-2,-1.01261E-2,1.77195E-2,-2.80185E-2,4.69437E-2,2.35254E-2,-2.23267E-2,3.94078E-4,-6.96891E-3,-4.85689E-2,-3.75927E-2,-4.36238E-2,-3.14941E-2,-4.28603E-2,-4.14424E-2,-7.60450E-2,1.83306E-2,-6.37488E-2,-7.84923E-2,-7.56270E-3,3.78341E-2,1.36555E-2,4.64698E-3,-2.39298E-2,3.27590E-3,-4.30435E-2,-4.82445E-2,3.71810E-3,-7.27945E-2,-1.41676E-2,-4.29954E-2,-2.55521E-2,6.82161E-3,-1.66734E-3,3.11344E-2,3.01385E-2,-1.20710E-2,-3.79292E-2,-7.86480E-2,1.64156E-2,-2.32037E-2,-6.36292E-3,-1.54105E-2,3.04088E-2,-5.13848E-2,-2.91413E-2,-1.91950E-2,-2.82579E-2,-2.01586E-2,-6.64603E-2,-1.07825E-2,-7.57853E-2,2.29173E-3,-3.95296E-2,5.71995E-3,2.79566E-2,1.43391E-2,-6.02036E-2,-3.28209E-2,-4.26253E-2,9.88055E-3,-1.34575E-2,-2.46466E-3,-2.15745E-2
9.09026E+2,-4.79153E-2,5.89690E-2,-3.77769E-2,2.09397E-2,1.84069E-2,-8.06268E-2,1.81818E-2,2.37316E-2,8.19083E-2,-3.80904E-2,3.08869E-2,1.66452E-2,-5.14456E-2,-4.92610E-2,3.54466E-2,4.34124E-2,-3.22230E-2,4.45289E-2,8.29721E-2,-6.94634E-2,-3.75663E-2,3.15885E-2,2.11611E-2,2.14471E-2,2.81352E-2,7.90539E-3,5.46659E-2,2.24185E-2,-1.63011E-2,9.24498E-2,5.89320E-2,-4.63939E-2,-9.93772E-2,1.69826E-2,-5.41184E-2,-4.89690E-2,-4.78614E-2,-5.44772E-2,5.60612E-2,-2.60687E-2,9.25729E-2,2.01295E-2,1.07711E-1,1.18002E-2,-5.35895E-2,2.04267E-2,1.52933E-2,3.60678E-2,-2.36231E-2,8.93318E-2,5.37095E-2,1.04582E-1,-4.59090E-2,-4.00267E-2,6.71371E-2,-3.89544E-3,2.84145E-2,-5.76557E-3,-2.54432E-2,-1.06468E-1,-4.35815E-2,2.36385E-3,-5.53891E-2,-5.16280E-3,-7.38136E-2,-2.98008E-2,-2.50646E-3,3.77710E-2,2.34136E-2,1.76770E-2,3.68110E-3,3.33054E-2,4.00904E-2,1.01593E-1,5.20776E-2,2.10134E-2,2.68302E-2,7.72868E-2,1.16393E-1,-1.14868E-2,1.06948E-1,9.06478E-4,-8.18205E-3,3.91212E-2,4.14443E-2,3.84667E-2,-5.58937E-3,2.45019E-2,8.63902E-2,-4.38329E-2,-7.73376E-2,-1.77747E-3,4.59297E-2,9.54385E-2,8.00626E-2,4.95271E-2,4.29412E-2,-1.45960E-4,8.85677E-2,-2.22808E-2,-3.51195E-2,-1.45569E-2,7.06826E-2,3.98203E-2,3.35734E-2,4.19559E-2,-9.23884E-3,5.74780E-2,3.21170E-2,-2.43402E-3,6.18711E-2,6.95122E-2,3.27022E-2,4.89411E-2,8.84990E-2,6.13867E-2,7.95564E-2,8.16261E-2,2.16572E-2,9.98857E-2,7.70806E-2,1.11266E-1,5.88107E-2,4.86993E-2,3.42893E-2,4.42600E-2,2.82571E-2,5.37512E-2,1.12697E-1,1.05062E-1,2.96989E-2,1.64344E-1,1.53335E-1,-8.61419E-3,7.58274E-2,-2.22088E-3,-6.59149E-2,9.82068E-2,3.55954E-2,9.90714E-3,6.47364E-2,-7.13453E-3,9.49003E-2,4.84032E-2,5.94080E-2,1.40057E-2,3.29061E-2,7.32495E-2,1.63831E-2,-2.42657E-3,7.86547E-3,1.14107E-1,5.83828E-2,-4.84348E-3,-9.11236E-3,2.88713E-2,8.68500E-2,-1.93577E-2,-1.98897E-2,5.83556E-2,8.17395E-2,1.58377E-2,8.52244E-2,4.37885E-2,7.33615E-2,7.04938E-2,-6.46381E-2
9.12443E+2,-1.11444E-2,-1.98542E-2,-3.66164E-3,-7.45092E-3,1.87581E-2,-1.97735E-2,5.16176E-2,1.05301E-2,4.16490E-2,-9.66529E-3,9.22262E-3,9.86029E-3,-5.00131E-2,2.36762E-3,-2.24423E-2,-3.29703E-2,1.47138E-2,-4.87465E-2,-4.69269E-2,-2.01065E-2,-2.21320E-2,8.04560E-3,3.07383E-2,-4.07661E-2,1.90764E-2,1.16079E-2,2.15497E-2,-9.43350E-3,5.43971E-3,-6.07387E-2,-1.05673E-2,-3.95615E-2,-1.02047E-2,-3.80131E-2,1.57645E-2,-2.98107E-2,5.78459E-3,-1.81237E-2,1.34671E-2,-1.39945E-2,-3.93037E-2,-2.98103E-2,-5.45582E-2,-5.11046E-3,3.48730E-2,3.61261E-2,-6.65330E-3,-4.65308E-2,6.35692E-3,1.50962E-2,4.24335E-3,3.29048E-2,1.79803E-2,-4.94967E-2,-8.01794E-2,1.70228E-2,-1.96857E-2,-1.96950E-2,3.76771E-4,3.38198E-4,-1.63754E-2,-1.59169E-2,-4.06764E-2,-4.05122E-2,-4.78001E-3,3.44347E-2,-1.58900E-2,5.79818E-3,5.62850E-3,-5.88700E-2,-3.18365E-2,-4.96243E-2,2.56364E-2,-8.69849E-3,-1.84668E-3,-1.35328E-2,-2.14621E-2,-5.49941E-2,-2.24375E-2,-3.70489E-2,5.11143E-3,-7.89907E-3,-2.52135E-2,-3.09339E-3,-4.57623E-2,5.94454E-2,-2.61154E-2,2.74929E-3,-1.30742E-2,3.88744E-2,-4.06697E-2,-3.99867E-2,-3.67943E-2,-5.43289E-2,1.86442E-2,-2.49980E-2,-6.21717E-2,-4.08760E-2,-2.19747E-2,-4.56114E-3,-3.22043E-2,2.26975E-3,-2.20342E-2,-2.27906E-2,-2.56372E-3,7.12500E-3,-4.80703E-2,-1.03862E-2,-2.68803E-3,-3.91858E-2,-2.56907E-2,-6.53116E-2,-4.04084E-3,-2.87776E-2,-3.16464E-2,-7.08897E-2,-5.92538E-2,7.65449E-3,4.10430E-3,-3.56428E-2,-5.61673E-2,-2.79608E-2,-2.48756E-2,2.54950E-2,-5.59429E-3,-2.31246E-2,-2.15004E-2,-3.11820E-2,-2.98526E-2,-4.64820E-2,-5.45033E-2,-4.13998E-2,3.63654E-2,-5.59844E-2,-3.98842E-2,-7.42980E-4,-1.35053E-2,3.25037E-3,-5.13653E-2,1.65916E-2,-3.67431E-2,-5.04138E-2,-3.13855E-2,-5.33380E-3,3.39929E-3,2.20219E-2,4.98487E-2,-2.96217E-2,-2.76605E-2,-2.41864E-2,-2.58653E-2,-2.41415E-2,-1.06488E-1,-4.02911E-2,-5.35504E-2,-4.70317E-2,-1.57392E-2,-6.16244E-2,-3.09347E-3,3.21740E-2,-6.54844E-2,-4.09056E-2,-8.03839E-3,1.46916E-2,-3.27500E-2,1.84610E-2,6.82668E-3
9.15861E+2,-1.90783E-2,1.85586E-2,-1.74834E-2,-1.60920E-3,-1.94284E-4,-4.38964E-2,1.37993E-2,1.43536E-2,2.18967E-2,-2.29361E-3,1.68918E-2,-9.39258E-3,1.44730E-2,-2.62508E-2,2.02256E-2,-8.12684E-3,-1.39390E-2,1.46677E-2,3.33811E-3,7.99880E-3,-1.19621E-2,-4.98586E-3,6.19418E-3,-4.55834E-3,1.73190E-2,-2.09602E-2,-2.22009E-2,8.89755E-3,-2.82637E-2,-2.49752E-2,8.74324E-3,2.76610E-3,-4.59254E-2,4.81363E-3,-1.54842E-2,-1.23361E-2,-2.22321E-2,-2.53171E-2,-1.98145E-3,-1.87908E-2,2.33722E-3,-6.97210E-3,-3.46445E-3,2.51270E-2,1.41874E-2,3.72110E-2,-6.96611E-3,-5.80594E-3,-2.04859E-2,3.84640E-2,1.56266E-3,-2.02106E-3,-1.01017E-2,-7.46064E-3,-1.54599E-2,-1.38590E-3,1.67372E-3,-2.29142E-2,1.09740E-3,-7.76693E-3,-1.85714E-2,8.91276E-3,-7.42130E-3,-1.07570E-2,-1.37702E-3,5.64384E-4,-8.18399E-4,1.13552E-2,-1.23179E-2,8.96626E-3,1.45296E-2,-2.66136E-2,2.52389E-2,1.39103E-2,1.33698E-2,2.53601E-2,-2.35971E-3,4.63191E-2,9.12875E-3,2.15274E-3,-7.68863E-3,2.75132E-3,-9.14813E-3,3.04040E-3,2.11005E-2,-1.04399E-2,2.02481E-2,-1.20336E-2,9.72714E-3,1.14318E-2,-1.27387E-2,-9.11823E-3,1.39901E-2,-4.43858E-3,8.20190E-3,5.72003E-3,5.03581E-3,3.50176E-2,-1.62146E-2,1.65622E-2,2.67329E-3,-2.38815E-2,1.74483E-2,-2.20309E-3,-1.27689E-2,-1.88382E-2,-9.44186E-3,5.90270E-3,2.01642E-3,8.88605E-3,3.27385E-2,3.16997E-2,-1.01050E-2,-1.42646E-2,1.46356E-2,7.81889E-3,-1.41003E-2,-2.27575E-2,-2.17796E-2,1.92361E-2,3.24479E-3,4.77890E-3,2.24793E-2,1.17343E-2,8.23011E-3,1.73183E-2,1.57946E-2,1.75707E-2,1.30717E-2,2.45993E-2,-2.44211E-2,-3.96404E-3,1.28030E-2,2.26207E-2,-1.72156E-2,-1.55044E-2,-1.84840E-2,-1.26395E-2,1.59008E-2,2.42859E-3,2.10592E-3,-2.92011E-2,-5.62078E-3,2.41673E-2,-1.10559E-3,-1.66929E-2,2.66119E-2,2.42019E-2,1.21317E-2,-1.89599E-2,4.33490E-2,3.24770E-2,3.54479E-3,3.33912E-3,-2.11223E-2,9.63984E-3,1.18547E-2,-3.05197E-2,2.65900E-3,1.35296E-2,9.65093E-3,-1.53533E-2,7.42232E-3,-1.06188E-2,8.47651E-4,4.02766E-3,-7.78778E-3
9.19280E+2,-8.04435E-3,2.45187E-2,-8.74138E-4,-5.96233E-2,9.71076E-3,-2.52574E-2,-4.51306E-4,2.27068E-2,1.67260E-4,8.86486E-3,2.60328E-2,2.68868E-3,1.61851E-2,-1.33081E-2,-3.31644E-3,8.75629E-3,1.93851E-2,1.41341E-2,9.84921E-3,6.24121E-5,5.08535E-3,7.41663E-3,1.33827E-2,1.65907E-2,8.84452E-3,-3.97927E-3,-1.26021E-1,-7.69829E-3,8.14312E-3,1.32527E-2,7.06812E-3,-7.61219E-3,-5.54864E-2,1.13044E-2,-9.62083E-3,1.13467E-2,3.17490E-3,-3.12757E-3,-4.65073E-3,1.60292E-2,2.58809E-2,1.56546E-2,-8.47000E-2,1.96645E-2,3.87543E-2,8.46290E-3,2.08213E-2,-3.95407E-2,1.27920E-2,-1.06465E-1,9.67276E-3,-1.45084E-1,1.66083E-2,1.01608E-2,1.50956E-2,-1.48607E-3,5.82522E-4,1.89400E-2,-9.04009E-2,-3.90308E-3,4.23077E-3,8.99183E-4,9.50720E-3,1.16964E-2,2.38956E-4,1.40828E-2,7.02784E-3,2.08960E-2,1.03710E-3,2.30837E-2,2.25340E-2,1.07404E-2,-5.74582E-2,-1.26511E-1,2.29495E-2,9.26450E-3,9.85398E-3,2.09018E-2,3.77475E-2,-9.36208E-4,1.61536E-2,2.75950E-2,-2.46147E-3,1.78122E-2,-4.71924E-2,6.23599E-3,8.55428E-3,9.83533E-3,-9.99104E-2,3.26209E-3,1.53050E-2,-1.55001E-1,-6.59997E-2,2.14305E-2,3.73933E-2,1.51014E-2,2.24486E-2,3.79134E-4,1.52345E-2,1.24993E-2,1.63662E-2,-2.78180E-4,4.15093E-2,-1.26512E-2,2.37169E-2,3.14100E-3,-1.21319E-2,-3.49662E-4,5.29465E-3,-7.15394E-2,1.16855E-2,1.69949E-2,2.34985E-2,5.58912E-3,-8.18931E-2,3.35348E-2,-1.35556E-1,2.52147E-2,3.31634E-2,4.44514E-2,1.70238E-2,-1.99928E-1,4.89112E-3,-2.73066E-2,1.90980E-2,2.42484E-2,-9.54952E-2,7.83193E-3,-6.86038E-2,1.15164E-2,-4.74865E-3,3.15957E-2,-1.43962E-1,1.56421E-2,-5.58851E-2,-6.71250E-3,-5.24988E-3,2.67822E-2,3.78114E-2,2.33824E-2,1.58584E-2,-1.55922E-1,1.47487E-2,9.06858E-3,2.44498E-2,-8.08858E-2,2.13091E-2,3.77463E-2,1.95703E-2,-3.08037E-1,-1.97109E-1,2.34502E-3,4.84560E-2,-1.94397E-1,2.45739E-3,1.01550E-2,2.03399E-2,4.44756E-3,-5.05934E-2,3.63093E-2,-1.40680E-1,-4.55100E-2,-5.72268E-2,1.61259E-2,-4.57194E-2,3.12199E-2,1.68981E-2
9.22699E+2,-1.32877E-3,-2.63857E-4,7.22088E-3,1.60862E-2,3.75697E-3,-1.19708E-2,1.72715E-3,2.91797E-3,8.66959E-3,-7.76227E-3,-2.04220E-3,-9.63634E-3,-1.60187E-2,-6.03553E-3,1.46798E-2,-1.68224E-3,-2.35804E-3,1.98911E-2,1.40312E-2,-2.62557E-3,-1.26240E-2,5.42421E-4,4.25131E-3,2.97046E-3,-1.95986E-3,-4.09578E-3,-1.35017E-3,-6.92365E-3,-9.87465E-3,-1.32465E-3,5.83046E-3,-5.79929E-4,-3.58852E-3,5.82706E-4,-7.20160E-3,-9.85021E-3,-2.10208E-3,-1.41511E-2,-9.01635E-3,-3.74512E-3,1.95100E-2,-2.81380E-3,5.66293E-3,-2.45988E-3,1.04951E-2,2.41672E-2,-1.24294E-2,4.87468E-3,1.26062E-2,-1.66860E-3,1.75947E-2,1.03873E-2,-7.04976E-3,6.57899E-3,-6.37882E-4,-5.84938E-3,1.06338E-2,1.44052E-2,-1.83870E-2,2.74803E-3,-9.82341E-3,-4.11171E-3,-9.82062E-4,7.01631E-3,3.55312E-3,-1.20874E-2,1.13407E-2,-7.27648E-3,8.76242E-3,7.08343E-3,-7.43777E-3,-3.00176E-3,7.92716E-3,1.16105E-2,-3.71285E-3,-2.64542E-3,-8.41268E-3,1.92059E-2,-6.76910E-3,-7.70905E-3,1.67773E-2,1.64849E-2,-2.07549E-2,1.71347E-2,2.61115E-2,8.74223E-3,8.07877E-3,3.04245E-3,1.88832E-2,-2.25289E-3,-2.26024E-3,-6.18743E-3,1.36039E-2,1.52125E-2,2.28156E-3,4.96129E-3,1.37232E-2,3.44086E-3,6.21104E-4,-9.97972E-3,-1.33221E-2,-1.13880E-2,7.72648E-3,-5.86156E-4,-1.57897E-3,5.63742E-3,-1.44472E-2,1.32028E-3,-1.19280E-2,-1.60243E-2,9.78047E-3,2.15199E-2,2.84023E-2,-1.40818E-2,3.26112E-2,1.74978E-2,9.65160E-3,1.55855E-3,2.43680E-2,2.93264E-2,3.84589E-3,7.05161E-3,4.86494E-3,-5.78716E-3,2.27698E-2,-4.66091E-3,1.28284E-2,1.98183E-2,-7.65520E-3,1.15008E-2,1.21106E-2,5.76552E-3,-7.94234E-3,1.09654E-2,1.37620E-2,-1.18131E-3,9.29258E-4,7.73054E-3,1.78305E-2,7.67349E-3,2.77064E-2,4.13601E-3,-1.09402E-2,1.60130E-2,3.70301E-3,-4.86908E-3,-6.41002E-3,2.03812E-2,-1.60195E-2,3.28242E-2,3.10092E-2,-2.07622E-3,3.93151E-3,1.83448E-2,5.45579E-3,9.69220E-3,4.32993E-3,3.05159E-3,-4.48050E-3,-8.71218E-4,3.72086E-2,-3.53866E-3,1.34050E-2,1.46548E-2,2.14075E-2,-6.75292E-3,-8.51306E-3
9.26119E+2,-4.59499E-3,3.75158E-3,1.17776E-3,8.36770E-3,-6.00604E-3,-4.14010E-3,2.29072E-3,1.66975E-3,1.29025E-2,-1.01756E-2,1.08885E-2,2.64067E-3,-5.29765E-3,-5.79019E-3,-7.68458E-3,3.81994E-3,-6.52946E-3,-1.67422E-3,8.80074E-3,-8.42307E-3,4.52847E-3,-2.88545E-3,1.47519E-3,-1.88784E-3,5.08044E-3,-7.99850E-3,1.54385E-3,-1.20658E-2,-1.57400E-3,2.85344E-3,-9.78774E-3,-3.27039E-3,-6.60419E-3,-3.07087E-3,-9.88863E-3,-8.28408E-3,-1.59516E-2,-6.67186E-3,-8.01527E-3,-6.27260E-3,-2.86475E-3,-9.45821E-3,1.61559E-2,8.86789E-4,9.41403E-3,-2.06425E-2,-1.06057E-2,-3.95223E-3,-4.38906E-3,7.04865E-3,1.58037E-3,2.89437E-3,-6.49418E-3,9.82843E-3,-6.73996E-3,-1.08367E-2,-5.78868E-3,-2.99088E-3,-5.22604E-4,-2.21524E-2,-4.82731E-3,4.34695E-3,5.63676E-3,-1.54580E-3,-2.96705E-3,2.62956E-3,4.26187E-3,-1.07495E-2,1.01473E-3,-6.07297E-3,-4.09736E-3,-8.02624E-3,-4.66554E-3,1.18372E-3,4.07389E-3,8.43930E-4,-7.89490E-3,6.42837E-3,1.02496E-2,-1.17747E-2,4.46078E-3,1.80394E-3,-1.15608E-2,1.84020E-3,1.54904E-2,-6.09988E-3,-3.70301E-3,3.17733E-3,-5.24631E-3,-1.11393E-2,-8.74600E-3,2.14347E-3,-3.83743E-3,-5.65484E-3,-1.16828E-2,-7.89863E-3,-3.65459E-3,-1.04047E-2,6.39945E-3,-9.91877E-3,-3.37187E-4,-9.77738E-3,-4.12517E-3,2.24505E-3,-3.35069E-3,-1.11592E-2,-3.51966E-4,-8.14406E-3,-6.79292E-3,-1.08305E-2,2.57586E-3,8.51657E-3,8.90225E-3,-4.50974E-3,3.39050E-3,-1.40636E-3,1.33766E-2,-3.19541E-3,-2.38111E-3,-4.64123E-4,2.60646E-3,-4.93682E-3,2.58633E-3,4.77716E-3,1.35792E-2,-1.86779E-4,7.30692E-4,7.04800E-4,-8.33905E-3,1.16731E-3,4.16031E-3,-7.87049E-3,-1.24142E-3,2.88255E-3,3.22570E-3,-6.06268E-3,-4.47567E-3,-4.37601E-3,2.36796E-3,-1.04999E-3,1.79304E-3,-4.40378E-3,2.62361E-3,-6.55254E-3,-7.33172E-3,-1.12237E-2,3.13518E-3,-3.27689E-3,6.32514E-3,9.01867E-3,2.15911E-2,3.68855E-3,-2.09167E-4,-2.21827E-3,-5.91068E-3,8.34908E-3,7.82236E-5,-2.97714E-3,-1.20226E-3,-2.21638E-3,3.81782E-3,-9.78384E-3,4.51178E-3,8.72884E-3,-4.81783E-3,-6.17055E-4,-1.04942E-2
9.29540E+2,-7.95155E-4,-4.97300E-3,-5.24167E-3,8.83967E-3,-1.23525E-4,-3.30074E-4,-5.85968E-4,5.49396E-3,6.88812E-3,-6.12074E-3,4.25267E-3,-4.04943E-3,-2.12681E-3,-6.57162E-3,5.44357E-3,4.42458E-3,3.20261E-3,-1.15621E-2,-1.09489E-3,-1.97768E-3,-5.74526E-4,9.13110E-3,3.50783E-3,-2.96768E-4,7.63263E-3,-7.27460E-3,6.48344E-3,3.50494E-3,3.90845E-3,-7.74260E-3,-1.65086E-3,1.39911E-3,-3.05362E-3,4.11511E-3,2.48400E-3,-3.47956E-3,-2.70889E-3,-5.21082E-3,-1.19773E-3,1.09223E-3,9.98285E-4,1.36579E-3,1.06767E-3,6.05573E-3,-1.96972E-3,1.34421E-2,-5.28924E-3,-4.17171E-3,5.76525E-3,9.83236E-3,-6.47065E-3,-6.27306E-4,5.10671E-3,7.33200E-3,-4.87357E-3,-2.62618E-3,-3.34570E-4,-1.22429E-4,-2.67604E-3,-8.13442E-3,-9.80672E-3,7.75097E-3,-7.97604E-3,5.75181E-3,-2.64427E-3,8.85553E-3,-2.55567E-3,2.39623E-3,4.51886E-3,5.86504E-3,9.09708E-4,-5.40739E-3,-5.51226E-3,5.45146E-3,1.71456E-4,1.16254E-2,-1.37579E-4,3.08088E-3,-6.62704E-3,-1.10338E-3,6.44602E-3,8.93000E-4,-4.28449E-3,-8.78867E-3,1.76560E-3,2.11195E-3,4.49638E-3,-2.33616E-3,-1.22678E-2,9.60038E-4,-5.11238E-4,1.47639E-4,3.54861E-3,7.33891E-3,9.48424E-3,-4.25680E-3,1.75784E-3,3.57457E-3,-6.39638E-3,-1.56462E-3,-7.20389E-4,1.54135E-3,-7.56749E-3,-2.52090E-3,-3.01010E-3,-1.19983E-2,6.23911E-4,-6.11069E-3,-4.49992E-4,9.30194E-4,-3.87948E-3,-3.17722E-3,-4.05384E-3,6.86926E-3,1.06905E-2,4.35258E-3,-2.19755E-3,-1.08842E-3,3.79270E-3,-2.53176E-3,5.28994E-3,5.69768E-4,6.01350E-3,-6.48571E-3,-9.34446E-3,4.71569E-3,1.33009E-2,5.21212E-3,1.13349E-2,-2.11600E-3,-3.49664E-4,3.24802E-3,8.13081E-3,-1.18220E-3,7.32380E-3,2.94327E-3,-3.17304E-3,1.53285E-3,3.62437E-3,1.17109E-3,-7.17744E-4,9.19679E-3,3.08197E-3,-1.40388E-3,-9.03620E-3,2.22844E-3,4.97169E-3,1.71815E-2,8.33490E-4,-4.96409E-3,-2.87596E-3,5.49275E-3,8.02268E-3,-3.06597E-3,-2.15852E-3,-7.99764E-4,2.24894E-3,-3.42930E-3,-1.20151E-2,2.25600E-3,1.39391E-2,2.75873E-3,-7.15365E-3,7.11450E-3,1.40190E-2,5.37573E-4,1.32169E-3
9.32962E+2,-2.43822E-4,-5.91793E-3,8.13800E-4,3.43509E-3,1.17816E-3,1.64196E-3,-4.05800E-3,3.89690E-3,1.99348E-3,-3.28123E-3,-3.64178E-3,2.27518E-3,-1.82932E-3,-4.20016E-3,7.93766E-3,-3.56958E-3,9.31587E-4,5.32700E-3,-1.76996E-3,-1.45109E-2,-2.12680E-3,-6.43089E-3,-2.24532E-3,-2.08399E-3,-4.29294E-3,2.75970E-3,-8.13961E-4,-5.22633E-3,-3.27470E-3,-5.76222E-3,-3.35531E-3,-3.26294E-3,-4.70864E-3,-5.27601E-3,-4.58403E-3,-4.13282E-3,-4.85781E-4,-6.64338E-3,-2.26789E-3,2.25060E-3,2.58908E-3,1.02443E-3,-1.92351E-3,2.90265E-3,1.69472E-3,2.00207E-3,4.29206E-3,-4.47254E-3,-4.07754E-3,1.27820E-2,2.32345E-3,3.21167E-3,9.88560E-4,3.85182E-3,2.75815E-4,1.81283E-3,3.70344E-3,4.41164E-3,4.66047E-3,1.32410E-3,-1.45694E-3,-6.55466E-3,1.85495E-3,4.91484E-3,1.28912E-3,4.09005E-3,-1.11010E-3,1.94875E-3,2.24071E-3,-1.49664E-3,5.31171E-3,-3.14892E-3,-2.86468E-3,5.21020E-3,6.90162E-3,-2.29888E-3,7.11474E-3,6.04991E-3,1.60108E-3,7.91657E-4,-1.90677E-3,7.27523E-3,-3.70075E-3,-1.51903E-3,3.69267E-3,-1.91217E-5,-9.84785E-4,-3.23334E-3,3.47761E-3,-2.11551E-3,3.30806E-3,-3.19505E-3,6.01881E-3,5.42178E-3,-1.10828E-2,2.35578E-3,1.04420E-3,-1.22157E-2,-9.61577E-4,-6.47903E-3,-2.57593E-3,-5.23765E-3,-8.55935E-3,-4.51295E-3,-7.44293E-3,-7.87189E-4,-1.42353E-3,-7.67117E-3,-7.34166E-3,-5.42894E-3,-4.72693E-3,-6.42239E-3,-1.42731E-3,-6.24373E-3,7.32021E-4,-9.41145E-3,-8.58653E-3,-3.53640E-3,-3.20360E-3,9.51100E-4,-2.06370E-3,1.22442E-2,1.21692E-3,-4.07584E-3,2.83244E-4,4.32671E-3,-9.16793E-4,4.14312E-3,-1.16707E-3,8.97990E-5,-4.09490E-3,1.98985E-3,8.11845E-3,-1.39911E-4,-1.42860E-5,-6.36436E-3,2.23232E-4,6.32378E-3,2.68015E-3,-7.36067E-4,2.99759E-3,-2.83760E-4,8.41450E-4,1.54243E-3,-4.07963E-4,-3.29984E-3,-2.85527E-3,-9.90275E-4,5.83430E-3,1.28145E-2,7.87659E-3,-2.43411E-3,1.40774E-3,-5.03128E-4,-6.35835E-3,-9.95088E-3,-1.97228E-3,-2.70505E-4,3.45486E-3,-1.38653E-3,6.42440E-3,-7.81927E-3,-9.48300E-4,-5.44953E-3,2.54048E-3,-7.17700E-3,-8.66833E-3
9.36384E+2,-1.20814E-3,9.20552E-5,-3.11235E-3,-1.41830E-3,-1.95934E-3,2.78730E-3,2.49798E-3,2.16386E-3,4.97690E-3,2.12706E-3,-1.44635E-3,5.53852E-3,-3.56226E-3,-7.15596E-3,-3.20968E-4,3.98388E-3,2.34478E-3,-7.06743E-3,6.98116E-3,3.92825E-3,3.49707E-3,2.88577E-3,-2.09513E-3,-2.84359E-3,-6.38683E-3,-3.82216E-4,4.49203E-4,-3.13972E-3,-8.32702E-4,3.38881E-3,3.75503E-5,-4.98554E-3,-2.38144E-3,2.36411E-3,1.32482E-3,3.24901E-3,2.98321E-3,-1.74883E-4,3.49505E-5,1.19298E-3,2.48089E-3,-1.13697E-3,1.01126E-2,8.29973E-3,4.77933E-3,3.79006E-4,-6.44506E-4,1.40071E-3,3.64922E-3,2.12701E-4,-1.99749E-4,5.49541E-3,-4.64868E-3,9.02955E-3,-3.25677E-3,-1.62949E-4,1.09730E-3,-6.31439E-3,-7.43241E-3,-1.52845E-3,-8.15995E-3,1.51363E-3,-2.94740E-3,2.75449E-4,-1.06870E-3,-1.97379E-4,4.57857E-3,-6.70565E-4,2.29958E-3,5.41434E-3,4.39215E-3,7.71604E-4,-2.38912E-3,3.56521E-3,4.51362E-3,1.68700E-4,3.11708E-3,-9.94615E-4,5.03267E-3,-2.64762E-3,-2.79901E-3,6.18956E-3,-3.57773E-4,-4.73016E-4,1.07741E-2,-4.03108E-3,3.71230E-3,-8.22402E-3,3.59273E-3,-7.93810E-3,-3.94955E-3,-1.70711E-4,2.20051E-4,8.00231E-3,-3.12506E-3,-2.50288E-3,-4.08936E-3,3.78628E-3,2.81091E-3,2.45366E-3,-2.33717E-5,-4.79437E-3,-7.10291E-5,-7.09762E-4,-1.09032E-3,-5.36437E-5,-2.19399E-4,-5.00058E-3,1.51519E-3,3.52760E-3,-1.22547E-3,4.02584E-3,-2.91627E-3,-5.38993E-3,1.96997E-3,2.35594E-3,1.42852E-3,-9.88453E-4,-1.97941E-3,-2.53902E-3,-9.46085E-3,4.87740E-3,3.87466E-3,3.45901E-3,1.79110E-3,4.82682E-3,-4.85454E-4,-6.08470E-4,3.34124E-3,5.50424E-3,4.48253E-3,3.54696E-3,-5.53709E-3,-2.19698E-3,-9.88334E-4,5.45270E-3,-2.94861E-3,-1.01780E-2,4.14511E-3,1.39460E-4,1.35750E-3,3.11590E-3,2.25246E-3,-7.10867E-5,1.68031E-3,2.78990E-4,-5.40238E-3,-1.94262E-3,1.26366E-3,1.30275E-2,-1.47287E-3,-3.09479E-4,-5.19595E-3,-3.23446E-3,5.27868E-7,3.09752E-3,5.97622E-3,2.51739E-3,-2.09642E-3,4.44387E-3,9.94065E-3,-2.96361E-3,-2.95900E-3,1.59648E-3,-8.45621E-3,-6.17781E-3,-6.01342E-3
9.39807E+2,3.02639E-4,-4.02042E-3,-2.23643E-4,-2.65254E-3,1.11018E-3,-2.62779E-3,-1.39205E-3,1.51605E-3,3.33184E-3,-2.75622E-3,6.86293E-3,-2.99854E-3,-5.39931E-5,-8.50436E-4,4.45199E-3,1.22454E-3,1.49659E-3,2.98257E-3,-3.70201E-3,3.35561E-3,-7.43422E-4,3.11527E-3,-3.28241E-4,-1.42657E-3,-2.24524E-3,-6.11808E-3,4.97500E-3,-1.59768E-4,5.73085E-4,1.16080E-4,5.29725E-3,-1.60913E-3,-3.68818E-3,-3.28491E-4,-4.01083E-3,2.85970E-3,2.67392E-4,2.26399E-3,4.10520E-3,1.28442E-3,3.21322E-3,4.63470E-3,4.65505E-3,2.48856E-3,-2.37191E-3,-3.83906E-3,6.24446E-3,8.44938E-3,5.77646E-3,3.30083E-3,3.99711E-4,4.16509E-3,3.89954E-3,5.07308E-4,2.61790E-3,4.39295E-3,-3.89482E-5,-1.37617E-3,-2.35370E-3,3.40418E-3,1.97017E-3,-6.99452E-4,1.50577E-3,-1.06302E-3,2.69166E-3,-1.84407E-3,-1.56264E-3,-1.89606E-3,2.16416E-3,1.49135E-3,3.62079E-3,4.15229E-3,2.87435E-3,-3.66977E-3,4.17525E-4,-3.55351E-4,-1.21327E-3,3.53046E-3,3.19034E-4,-3.60471E-4,-1.25608E-3,-5.27916E-4,-2.69489E-3,2.60189E-4,3.60812E-4,-1.16453E-2,1.67175E-3,2.63533E-3,-4.35354E-3,-4.18479E-3,-2.43540E-3,-2.58170E-3,-1.68396E-3,-1.46964E-3,-1.09342E-3,-6.12498E-5,-2.73468E-3,2.29452E-3,-7.19862E-3,1.03126E-3,-2.67354E-3,-1.67617E-3,1.85532E-3,-7.87626E-3,-3.00053E-3,-1.79410E-3,-6.50696E-3,-3.91079E-3,4.51031E-3,-5.15248E-3,-1.38399E-3,2.31197E-4,-5.75452E-5,-1.14374E-3,3.37516E-3,1.09325E-4,-7.54572E-5,-3.91643E-3,-6.12396E-3,-1.11403E-3,-5.24337E-3,-1.11325E-3,2.89810E-3,-9.58009E-4,-6.18502E-3,-6.78266E-3,2.20772E-3,-4.36193E-3,2.37305E-5,3.61178E-3,-4.78524E-3,1.39001E-3,6.74500E-4,-8.41571E-4,-7.84221E-4,-4.44974E-3,7.79924E-5,1.13777E-4,2.26306E-3,3.63718E-3,-3.81940E-3,-1.22279E-3,2.80872E-3,-2.46138E-3,-5.08771E-3,-4.80215E-3,2.37258E-3,1.42077E-3,-2.00824E-3,-1.51381E-3,-2.26921E-4,2.44559E-3,2.92767E-3,-2.29337E-3,2.92194E-3,-9.81087E-4,3.95812E-3,-4.20296E-3,2.19822E-3,3.10738E-3,5.08421E-3,-4.10929E-3,-7.43959E-4,-1.55974E-3,-3.20188E-3,-1.52455E-4,-1.49851E-3
9.43231E+2,-1.69655E-3,1.41542E-3,-5.36379E-4,-2.94969E-4,1.27882E-3,-8.87548E-4,3.85752E-3,1.19059E-3,-5.82507E-4,-6.62969E-4,-1.90779E-3,-6.77327E-4,2.48589E-3,-1.34403E-3,-1.63816E-3,1.28981E-3,3.32697E-3,3.81769E-4,-1.92988E-3,-3.47469E-3,-3.16347E-3,-7.49833E-4,3.13401E-3,-5.52308E-3,-3.21714E-3,-1.67820E-3,-2.31581E-3,3.64121E-4,1.32153E-3,-3.60028E-3,-2.21901E-3,-3.05383E-3,2.25439E-3,5.16952E-3,3.39090E-3,1.00073E-3,-1.42605E-3,2.13812E-3,9.18813E-4,3.94904E-4,1.44558E-3,4.71355E-4,2.79391E-4,1.88118E-3,3.29838E-3,-4.86399E-4,4.80200E-3,8.67831E-3,-2.98962E-3,5.38520E-3,-4.65295E-3,2.94779E-3,1.06982E-3,3.94844E-3,2.64984E-3,-1.47848E-3,7.73963E-4,-7.85868E-5,-6.25443E-4,1.18879E-3,1.14907E-3,-1.68668E-3,4.38650E-4,3.30176E-3,5.77606E-4,-2.39505E-3,-3.18644E-4,-2.83683E-3,-1.88339E-3,1.29638E-3,-5.51657E-4,4.59626E-4,-2.57997E-3,1.08148E-3,-1.52761E-3,-5.68004E-4,-3.90650E-3,-4.33308E-4,-1.30084E-3,1.59572E-3,3.55326E-3,4.02237E-3,-2.88837E-3,-1.33269E-4,4.08292E-3,-1.57557E-3,-1.05493E-3,-9.72005E-4,2.14135E-4,-2.24893E-3,-4.73380E-3,-3.36878E-3,-1.98007E-3,3.42537E-3,-1.38242E-3,-3.77276E-3,9.60822E-5,3.16071E-4,-4.42469E-3,1.95027E-3,-5.33786E-3,-8.50209E-3,1.87255E-3,-4.76157E-3,-6.88942E-4,-2.92035E-3,-5.07224E-3,-2.07885E-3,-3.61878E-3,-7.88626E-4,2.66365E-3,-2.90448E-3,-2.52663E-3,-6.09611E-3,-5.32817E-3,-2.21820E-3,-6.35743E-3,-4.23625E-3,3.75648E-3,3.36152E-3,1.07294E-3,-1.18985E-3,-1.84227E-3,-2.44151E-3,-3.29666E-3,-1.86742E-3,2.51892E-4,9.94873E-4,4.12749E-3,3.02313E-3,-1.42083E-3,-2.42253E-3,-4.80291E-3,-4.87742E-3,-4.83313E-3,-4.40456E-3,1.58766E-3,-3.30851E-3,3.31090E-3,4.84056E-4,4.79497E-4,9.53859E-4,-1.30626E-3,-4.09394E-3,-1.61948E-3,-3.35402E-3,-2.53994E-3,-3.14764E-3,-5.61691E-4,6.38162E-4,-1.52493E-3,-1.75038E-3,-1.34222E-3,-4.42673E-3,-1.25974E-3,9.98161E-4,-1.15284E-3,-2.30969E-3,-3.91163E-4,-2.61155E-3,5.49411E-3,-1.52384E-3,-1.06016E-4,-1.14656E-3,-7.17858E-4,3.33569E-3,-5.15053E-3
9.46655E+2,6.55001E-4,1.81546E-3,1.56916E-3,-3.64510E-3,7.04134E-4,5.03079E-4,-1.97600E-3,1.29316E-3,-6.08933E-4,5.27961E-4,1.00827E-4,-1.05212E-3,-1.46874E-3,-2.70053E-4,1.85216E-3,3.58590E-3,-2.35183E-3,1.38105E-4,1.57480E-3,1.57496E-3,-3.79431E-3,-1.81348E-3,-1.86418E-3,1.77906E-4,4.85847E-4,5.24090E-4,-1.41344E-3,3.33449E-3,-2.49205E-3,-4.88416E-4,-2.57675E-3,2.34246E-3,1.36254E-3,-2.93472E-3,-2.54255E-3,-1.39739E-3,-1.76838E-3,-1.25594E-3,-1.41876E-3,-3.39570E-3,7.70307E-4,4.66508E-4,3.81931E-3,3.80132E-3,3.74423E-4,-3.53896E-4,2.95387E-3,3.38072E-3,1.84067E-3,5.82512E-3,5.80000E-4,-1.81222E-3,9.23902E-4,1.93164E-3,4.70527E-3,-8.61995E-4,3.08789E-4,-5.07571E-4,6.36524E-4,2.17781E-4,-1.97502E-3,1.13396E-3,-1.02566E-3,-9.43209E-4,1.85760E-4,1.97521E-4,-4.81548E-4,4.59026E-4,-6.66041E-3,1.91153E-3,-1.77134E-5,-4.69183E-3,-2.74999E-3,6.37958E-4,7.36556E-4,-1.73866E-5,-2.22346E-3,7.52244E-4,-3.76423E-3,-1.66094E-3,-2.85379E-3,-1.62534E-3,-1.81607E-3,1.19790E-3,-2.85424E-3,-2.68395E-4,9.10340E-4,-1.98792E-3,-3.58604E-3,-3.40039E-3,-5.70650E-3,-3.26912E-3,-2.73088E-3,-1.22786E-3,-1.85529E-5,-2.30894E-3,-3.84033E-3,-3.25114E-3,-4.11019E-3,-5.11892E-3,-6.79452E-4,-2.78010E-3,-2.13835E-3,-6.90356E-5,-2.12811E-3,-3.17639E-5,-3.55889E-3,-1.93124E-3,-3.91408E-3,-4.02900E-4,-1.76293E-3,-2.27868E-4,-2.10131E-3,-1.00522E-3,1.25217E-3,-4.18307E-3,-2.19594E-3,2.12460E-3,-3.04370E-3,-4.06360E-3,-2.46654E-3,-1.56516E-3,-3.40349E-3,-3.77640E-3,9.23719E-4,2.48635E-4,-8.17207E-4,-2.70194E-3,-3.51958E-3,-1.85725E-3,-3.07017E-3,-7.50606E-4,-1.54199E-3,-9.89674E-4,-1.53740E-4,1.89654E-3,4.71022E-4,-2.63570E-3,-2.34309E-3,2.10906E-3,-2.38637E-3,-3.19454E-3,-3.94585E-3,-4.44321E-3,-4.60832E-4,-3.68035E-3,-3.99633E-4,7.84741E-4,4.78467E-4,-5.52529E-3,-3.15676E-3,-1.82101E-3,-1.62520E-3,-1.45754E-3,-4.27749E-3,-2.37871E-3,-2.01629E-3,-2.84175E-3,-3.78697E-3,-4.74126E-4,-7.83237E-4,-1.28652E-3,1.44665E-3,-1.72373E-3,-6.70079E-4,-2.13709E-3,-7.42200E-3
9.50080E+2,-6.79493E-4,1.93394E-3,1.12929E-3,1.97944E-4,2.74192E-3,-1.00981E-3,-1.47526E-3,7.48575E-4,-4.56575E-3,5.30487E-4,3.75877E-4,1.22984E-4,9.55794E-5,3.06748E-4,-4.53032E-4,-2.44035E-3,5.48571E-3,-1.85860E-3,-4.66971E-5,-2.53089E-3,-9.43437E-4,-3.57563E-3,4.74658E-3,9.28323E-4,-2.24675E-3,-3.06738E-3,6.71604E-4,-1.82151E-3,-2.28265E-3,-2.88783E-3,8.35254E-5,-1.78803E-4,1.05721E-3,-2.03619E-3,-4.00827E-4,1.15117E-3,-9.02236E-5,6.14910E-5,1.51297E-3,1.60460E-3,2.57119E-3,-2.26911E-4,1.96691E-4,-1.54874E-4,1.71745E-3,-1.13795E-4,2.00519E-3,6.08670E-4,8.92332E-4,1.64075E-3,-7.99044E-4,1.56691E-3,-6.56195E-4,8.87344E-4,6.03316E-4,-3.92404E-4,-1.88500E-4,2.43094E-3,1.27914E-3,-3.64838E-4,1.85761E-3,1.22944E-4,4.09921E-3,-1.69164E-3,-1.91039E-3,1.89542E-3,-1.20027E-3,1.04045E-3,-1.67136E-3,-1.40819E-3,3.31585E-3,-8.27472E-4,-1.25126E-3,-2.94868E-3,1.26314E-3,-6.26769E-4,-3.10885E-3,1.51442E-3,2.36313E-3,-1.47380E-3,-5.57889E-5,-2.69462E-3,-3.02614E-3,-1.32765E-3,-8.37210E-4,-2.26094E-3,4.74058E-4,-3.16671E-3,1.29965E-3,-1.30802E-3,-4.45027E-3,-1.15051E-3,-1.98909E-3,1.13295E-3,-4.37292E-3,-4.44988E-3,-5.18429E-3,-6.60272E-4,-3.22840E-3,-2.13306E-3,-3.40109E-3,-6.71331E-4,-8.82040E-4,-1.03915E-3,-8.36145E-4,-2.24577E-3,-3.26645E-3,-3.50794E-3,-1.98557E-3,-4.92638E-3,-1.89653E-3,-8.12087E-4,-1.33105E-3,-6.46192E-5,1.29585E-3,-5.88442E-4,-2.77908E-3,-2.71786E-3,-1.28947E-3,-1.44383E-3,4.80509E-5,-2.54699E-3,-2.65637E-3,-2.85382E-3,2.71466E-5,-2.44783E-4,-2.57626E-4,-2.66035E-3,-1.98796E-4,1.46555E-3,-3.25334E-3,6.04918E-4,-2.70597E-3,-2.48691E-5,1.50047E-3,-9.57185E-4,-1.46588E-3,-1.67501E-3,-3.84238E-3,1.78424E-3,-4.18019E-3,-2.64952E-3,-3.26416E-3,2.53294E-4,2.79477E-4,-2.64339E-3,7.00050E-4,-8.67080E-4,7.39525E-4,3.02126E-3,1.36822E-4,1.21719E-3,-1.50567E-3,-8.35331E-4,-5.64065E-3,1.09684E-3,-1.43517E-3,-1.85490E-3,1.25545E-3,-1.42786E-3,-4.09131E-3,-5.13386E-4,-3.42617E-3,3.33566E-4,-2.11120E-3,-2.92797E-4,-8.86645E-4
9.53505E+2,1.18581E-3,-4.33246E-4,6.79209E-4,1.62663E-3,-6.46579E-4,4.32913E-4,7.38927E-4,-1.35696E-3,-1.74721E-4,1.05986E-3,-1.17096E-3,-5.98559E-4,1.89318E-3,-2.24501E-4,-3.01100E-3,1.56188E-3,1.57298E-3,-1.71599E-3,1.63905E-3,-1.03827E-3,-5.63765E-4,-3.29977E-5,-5.26894E-4,-9.69568E-4,5.57836E-4,-5.72708E-4,-1.62318E-3,2.95682E-4,9.06146E-4,-1.87569E-3,1.81422E-3,-5.11356E-4,-1.03201E-3,-5.04893E-4,-9.95357E-4,-6.58473E-5,-5.38521E-4,-2.38500E-3,1.29468E-3,1.62116E-3,5.25421E-4,-7.25763E-4,-3.73104E-4,6.60433E-4,-4.17462E-4,1.72074E-3,-2.41299E-3,6.86780E-4,2.14859E-3,1.23310E-3,2.36115E-4,-8.03571E-4,2.18254E-3,-6.75350E-4,1.27237E-3,6.00402E-4,1.87351E-3,-1.47406E-3,1.09880E-4,-1.95089E-3,4.89460E-4,1.33034E-4,6.67273E-4,-3.08553E-4,-6.27569E-4,1.23607E-3,-1.29974E-3,-1.23259E-3,-2.46993E-5,-1.53642E-4,1.18504E-5,-6.85944E-4,-3.73886E-3,-8.82009E-4,2.21257E-3,-6.99123E-4,-1.06415E-3,1.15055E-3,-8.74047E-4,-1.84037E-3,-1.53014E-3,-1.37406E-3,-1.07770E-3,-1.86203E-3,-1.76163E-3,-5.28986E-3,-6.55383E-4,-1.30653E-3,-1.70028E-3,-3.67153E-3,-3.27550E-3,-4.09395E-3,-4.50492E-3,-7.70136E-4,-1.24867E-3,-3.80942E-3,-5.12610E-3,-4.48370E-3,-4.47953E-3,-5.29345E-3,-2.16118E-3,-4.17929E-3,-5.58037E-3,-2.03735E-3,-2.30868E-3,-3.18471E-3,-3.82526E-3,-4.14018E-3,-2.31956E-3,-3.41666E-3,-4.46743E-3,-4.69865E-3,-1.40980E-3,-5.85215E-3,-1.17497E-3,-2.20264E-3,9.52736E-5,1.29543E-3,-2.65730E-3,-5.42838E-5,-2.30297E-3,-5.18602E-4,-1.98080E-3,1.00741E-3,-1.48272E-3,-1.83009E-3,-1.86187E-5,-1.95561E-3,-2.54913E-3,-9.94144E-4,-2.39171E-3,1.67346E-3,-2.26941E-3,-2.32003E-3,-1.27169E-3,-4.87629E-4,-1.80416E-3,-2.88813E-3,-6.30239E-4,-4.17456E-3,-8.87319E-4,-3.50306E-3,1.05824E-3,-2.13914E-3,-3.23437E-3,-9.55772E-4,-1.15808E-3,-2.09021E-3,-8.17102E-4,-7.99615E-4,-8.67565E-4,-1.66075E-3,-3.47984E-3,-2.65171E-3,-3.20668E-3,-4.05710E-3,-2.69599E-3,-1.49142E-3,-3.37059E-3,-1.98982E-3,-2.89698E-4,-2.14698E-3,-1.81737E-3,-3.19364E-3,-1.64373E-3,-1.66583E-3,-3.10785E-3
9.56932E+2,5.78771E-4,1.11401E-3,7.50006E-4,4.13118E-4,4.08924E-4,-2.30973E-3,-2.64765E-5,2.55486E-3,6.05994E-4,-1.31798E-3,5.53180E-4,1.36348E-3,-8.17766E-4,-3.00354E-3,-8.66846E-4,6.90560E-5,-1.44274E-3,-1.96728E-3,-8.52350E-4,-1.65583E-3,-2.07341E-3,2.18448E-4,-1.12358E-3,-2.79732E-4,-1.05507E-3,-1.42269E-3,-1.16380E-3,-7.43499E-4,1.81262E-4,-1.33115E-3,-9.85334E-4,-4.64102E-4,-1.08888E-3,8.23265E-4,-2.55776E-3,-1.20165E-3,1.88476E-3,-7.65610E-4,5.35810E-4,5.18190E-4,-4.05934E-4,-1.06965E-3,1.32005E-3,1.20567E-3,-5.27367E-4,-1.94167E-3,1.64098E-3,2.80850E-3,-5.96335E-4,1.10456E-3,-6.12879E-4,-2.26908E-5,-8.30135E-4,-1.82828E-4,4.13375E-4,-1.44476E-3,1.68206E-3,-2.29422E-4,7.24837E-5,-1.88031E-3,-4.09930E-3,-2.52899E-3,4.77935E-4,2.51379E-4,-4.50857E-4,-2.24706E-3,-5.68178E-4,-2.30698E-3,-1.01875E-3,-1.39288E-3,-6.74944E-4,-1.79855E-3,-2.99551E-3,-1.08007E-3,1.38994E-5,-2.56654E-3,-1.98784E-3,7.80694E-4,-1.50640E-3,-2.53521E-3,1.90744E-4,-2.67677E-3,-2.08777E-3,-1.23963E-3,-1.67327E-3,-2.91306E-3,-4.33233E-3,-1.46864E-3,-1.88633E-3,-3.21132E-3,-1.88082E-3,-3.83753E-3,-3.17309E-3,-1.96968E-3,-4.52618E-3,-6.58065E-4,-3.43892E-3,-5.77368E-3,-3.21545E-3,-4.19604E-3,-3.35622E-3,-4.14701E-3,-2.17722E-3,-3.19446E-3,-3.02860E-3,-3.89510E-3,-8.39837E-4,-1.51774E-3,-2.42722E-3,-3.72040E-3,-3.68058E-3,-1.26998E-3,-3.48523E-3,-3.67169E-3,-1.70240E-3,-2.08537E-3,-1.29118E-3,-3.92605E-3,-3.69921E-3,-8.10860E-4,-3.42333E-3,-3.38106E-3,-2.02316E-3,-1.97573E-3,-2.89364E-3,-5.19305E-4,-2.86971E-3,-1.31591E-3,-9.28803E-5,-1.47862E-3,-1.20463E-3,-1.27941E-3,4.60201E-4,-2.54342E-3,-2.98926E-3,-1.13781E-3,-4.23357E-3,-2.88688E-3,-6.41722E-4,-1.60713E-3,-1.94815E-3,-1.43592E-3,-2.77153E-3,-3.04869E-3,-4.65074E-3,-2.56938E-3,-2.55231E-3,-3.84904E-3,-2.54204E-3,-2.18743E-3,-4.44023E-3,-1.83989E-3,-2.84317E-3,-3.01134E-3,-3.10297E-3,-2.77366E-3,-2.25906E-3,-2.97144E-3,4.22474E-4,-2.21357E-3,-1.22416E-3,-2.48591E-3,-2.01944E-3,-1.88590E-3,-2.44320E-3,-4.06175E-3,-3.28024E-3
9.60359E+2,-3.37331E-4,-9.52598E-4,3.87650E-4,2.87863E-4,-4.09106E-4,2.05117E-3,8.53676E-4,4.66545E-4,1.58934E-3,-1.56821E-3,4.05173E-5,2.22751E-4,-7.62991E-4,-1.30472E-3,-5.64571E-4,-3.81642E-5,1.17382E-3,4.44694E-4,-9.64722E-4,4.81689E-4,-2.34067E-3,6.44160E-4,1.29062E-3,-8.35435E-4,-1.87772E-3,7.00513E-4,-6.00600E-4,-3.24392E-5,-1.41105E-3,8.08853E-4,-8.09842E-4,5.10368E-4,-1.19533E-3,-1.27419E-3,-3.07547E-4,4.91175E-4,1.24093E-3,-5.90046E-4,7.00923E-4,-2.25577E-3,-7.34655E-4,8.46894E-4,-5.21288E-4,4.51199E-4,1.52326E-3,1.54488E-3,-7.25821E-4,-5.03609E-4,-1.11844E-3,-1.69308E-4,-8.49126E-4,-7.92098E-4,5.30897E-4,1.14616E-3,-2.01923E-4,-5.15083E-4,-2.21118E-3,1.37028E-3,1.86728E-4,-1.00318E-3,1.12093E-3,6.39451E-4,1.21314E-3,8.32743E-4,-1.61759E-3,-1.31518E-3,9.39197E-4,-1.10342E-3,1.04864E-3,-8.61002E-4,-1.03424E-3,-8.28644E-4,-9.77158E-4,-1.90108E-3,-4.46385E-4,4.00759E-4,2.25478E-4,3.07002E-4,-9.96289E-4,-4.93781E-4,-2.26933E-3,-1.52340E-3,-2.09472E-3,-1.22244E-3,-2.07068E-3,-1.94662E-3,-1.58857E-3,-2.28099E-3,-1.02018E-3,-2.62621E-3,-8.36995E-4,-1.61722E-3,-2.05096E-3,-3.51206E-3,-4.73162E-3,-3.47859E-3,-3.47840E-3,-2.55724E-3,-1.28728E-3,-4.82927E-3,-2.40669E-3,-2.28632E-3,-2.55537E-3,-3.69159E-3,-3.73325E-3,-2.97250E-3,-3.24806E-3,-1.15982E-3,-4.22668E-3,-3.28489E-3,-2.42567E-3,-3.15589E-3,-3.01442E-3,-2.32512E-3,-6.76273E-4,-8.88706E-4,-3.18093E-3,-3.73143E-4,-2.19300E-3,-3.30412E-3,-1.95839E-3,-9.65820E-4,-6.00194E-4,-1.47973E-3,-1.83639E-3,-3.20337E-3,-1.23997E-3,-2.01427E-4,-1.49478E-3,-1.36898E-3,-1.43055E-3,-2.44968E-3,-1.18515E-3,-1.11342E-3,3.10764E-5,-4.79928E-4,-2.16957E-3,-2.74047E-3,8.80209E-4,-1.95167E-3,-2.57200E-3,-3.06877E-3,-1.51177E-3,-1.34244E-3,-3.21646E-3,-2.56139E-3,-2.31382E-3,-1.33858E-3,-1.68120E-3,-2.76827E-3,-3.78639E-3,-2.40805E-3,-1.82510E-3,-1.53334E-3,-9.18967E-4,-2.49459E-3,-2.92650E-3,-9.64528E-4,-2.52095E-3,-1.56997E-3,-1.05264E-3,-3.53422E-3,-1.64440E-3,-2.25440E-3,-1.15464E-3,-2.67965E-3,-2.82805E-3
9.63787E+2,-6.92596E-4,1.24661E-3,-3.05129E-4,7.72808E-4,-5.06199E-4,1.71484E-4,5.77105E-4,-5.53207E-4,6.06199E-4,-3.49369E-4,-1.22341E-3,2.70205E-4,3.44208E-4,-6.33835E-5,-2.95324E-4,8.25373E-4,-6.09924E-4,-2.06988E-4,7.15300E-4,3.33274E-5,2.90167E-4,4.02217E-4,-8.71953E-4,-8.34326E-4,-6.42733E-4,-9.94986E-4,4.20740E-4,-1.50627E-3,-1.60490E-3,-1.47904E-3,-1.63491E-3,-1.39417E-3,3.63989E-4,-1.27429E-3,-2.00973E-3,-3.47637E-4,-8.88604E-4,-1.12558E-3,-7.85062E-4,4.02097E-4,-1.63953E-4,-1.91199E-5,-6.50095E-4,-4.76284E-4,1.54745E-3,-1.06172E-3,-1.83350E-3,-8.56689E-4,-9.71366E-4,6.51768E-4,-1.50322E-3,-1.65428E-3,1.40296E-5,1.61755E-3,3.43948E-4,-1.98237E-3,-2.83334E-4,1.07202E-3,3.82596E-4,-1.00990E-4,5.55849E-4,-2.21485E-5,6.39386E-4,-9.33393E-4,-7.12380E-6,-1.35774E-3,-2.28115E-3,-1.87972E-3,-1.12341E-3,-8.02491E-4,-6.76205E-4,2.93497E-4,-2.30751E-3,-9.94902E-4,-1.21285E-3,-1.05676E-3,-1.25982E-3,-1.50426E-3,-2.10973E-3,-2.70651E-3,-1.87766E-3,-2.42733E-3,-2.73688E-3,-2.03244E-3,-1.34248E-3,-2.73114E-3,-2.51425E-3,-2.29645E-3,-1.75170E-3,-2.06883E-3,-4.18913E-3,-3.19332E-3,-3.46405E-3,-3.19736E-3,-1.86443E-3,-3.70997E-3,-3.71846E-3,-1.80973E-3,-3.89645E-3,-3.98617E-3,-2.49862E-3,-3.59873E-3,-2.35581E-3,-2.43467E-3,-1.72692E-3,-2.74077E-3,-2.73772E-3,-2.85836E-3,-1.95910E-3,-3.36178E-3,-3.81254E-3,-2.63982E-3,-6.78026E-4,-2.77526E-3,-3.20852E-3,-2.81844E-3,-3.03143E-3,-1.27969E-3,-2.41664E-3,-2.22844E-3,-3.84484E-3,-1.29795E-3,-1.85670E-3,-1.06226E-3,-2.63930E-3,-2.56073E-3,-2.87036E-3,-3.77187E-3,-6.57683E-4,-1.46517E-3,-2.14909E-3,-1.82891E-3,-1.93065E-3,-2.80721E-4,-2.99382E-3,-1.79565E-3,-1.31292E-3,-2.99658E-3,-1.49277E-3,-1.82554E-3,-2.18289E-3,-1.59540E-3,-1.68733E-3,-2.60754E-3,-1.23379E-3,-2.23211E-3,-2.84279E-3,-1.70551E-3,-3.43541E-3,-1.94857E-3,-1.19707E-3,-2.24502E-3,-1.72861E-3,-2.50782E-3,-1.16960E-3,-3.71644E-3,-2.87312E-3,-2.26664E-3,-1.64459E-3,-2.00621E-3,-8.79467E-4,-3.49438E-3,-3.13361E-3,-2.51188E-3,-1.41076E-3,-1.57915E-3,-2.30520E-3
9.67215E+2,-8.13676E-4,2.50275E-4,4.01549E-4,-7.17845E-5,6.29809E-4,6.28581E-5,5.70013E-4,1.49490E-4,-3.38967E-4,-8.85277E-4,5.62988E-4,3.96926E-4,6.33592E-5,-1.10675E-3,1.29185E-4,-6.16780E-4,-7.32938E-4,-9.43652E-4,6.56978E-4,-2.24102E-4,2.34082E-4,-6.83663E-4,6.91186E-4,1.97855E-4,-1.12315E-3,-1.16349E-3,-1.16812E-3,-6.02271E-4,-1.49190E-3,-1.97740E-3,-2.75342E-3,-2.19853E-3,-1.11969E-3,-5.66484E-4,-2.32866E-3,-1.19595E-3,-1.03018E-3,1.07768E-3,-1.47979E-3,2.18095E-4,-1.15660E-3,3.22239E-5,-2.18908E-4,-3.73571E-4,2.15130E-4,-1.53926E-3,-9.15893E-4,-7.09525E-5,-1.22777E-3,-7.38754E-4,-9.57813E-4,-6.35297E-4,-7.39731E-4,-1.24289E-3,-4.77828E-4,9.56200E-5,-1.16474E-4,-2.22075E-4,-2.31269E-4,5.38765E-4,-8.55067E-4,-1.90927E-3,-1.24377E-3,-7.37472E-4,-5.59860E-4,-1.63237E-3,-2.39460E-3,-1.93636E-3,-4.82377E-4,-1.96180E-3,-6.81357E-4,-1.48277E-3,-2.63204E-3,-1.22004E-3,-9.19112E-4,-2.11254E-3,-8.98254E-4,-1.99686E-3,-1.11312E-3,-2.04072E-3,-1.68310E-3,-2.49938E-3,-2.91552E-3,-2.34789E-3,-2.96727E-3,-2.35687E-3,-3.06952E-3,-1.74129E-3,-3.28414E-3,-4.45704E-3,-3.03789E-3,-2.64885E-3,-3.30222E-3,-2.49799E-3,-3.36891E-3,-3.06798E-3,-3.32686E-3,-3.01963E-3,-1.70209E-3,-4.49621E-3,-3.78138E-3,-3.03111E-3,-3.03738E-3,-4.04502E-3,-1.83797E-3,-3.28226E-3,-2.91739E-3,-2.18074E-3,-2.75379E-3,-3.47176E-3,-2.92550E-3,-2.72782E-3,-2.98817E-3,-3.44947E-3,-2.95965E-3,-3.02504E-3,-2.00668E-3,-3.07659E-3,-9.44551E-4,-2.04482E-3,-2.57785E-3,-1.78701E-3,-2.54002E-3,-2.47694E-3,-2.20356E-3,-2.54085E-3,-2.03222E-3,-1.55822E-3,-1.63847E-3,-2.12399E-3,-1.32007E-3,-2.78584E-3,-2.86941E-3,-3.16780E-3,-2.31457E-3,-2.29799E-3,-2.20891E-3,-2.43714E-3,-1.81548E-3,-2.59053E-3,-1.43133E-3,-1.91574E-3,-2.49381E-3,-1.94329E-3,-2.76699E-3,-2.90179E-3,-2.62115E-3,-3.30586E-3,-4.05870E-3,-3.50333E-3,-2.71045E-3,-2.99995E-3,-2.13497E-3,-1.43512E-3,-2.36811E-3,-2.74981E-3,-4.83933E-3,-1.36758E-3,-2.92099E-3,-1.68003E-3,-2.61178E-3,-3.02834E-3,-2.49790E-3,-2.30409E-3,-2.19767E-3,-4.34782E-4,-1.68426E-3
9.70644E+2,5.56760E-4,2.62351E-5,5.89937E-4,-3.95892E-4,-4.38655E-4,-7.41002E-4,5.58446E-4,4.33560E-4,8.00347E-4,-2.62595E-4,3.57703E-4,-1.66415E-4,-2.12944E-4,-5.75498E-4,-5.29988E-4,2.91303E-5,1.40373E-4,2.61284E-4,5.89388E-4,-8.02477E-4,3.17376E-4,-1.91554E-4,-1.61461E-4,3.09187E-6,-2.61400E-4,-7.89089E-4,-7.08525E-4,-1.66612E-3,-7.61472E-4,-1.80695E-3,-1.75724E-3,-1.47454E-3,-1.11251E-3,-7.43080E-4,-9.28327E-4,-9.46399E-4,-4.23239E-4,-3.79134E-4,-2.25706E-4,-6.68543E-4,-1.55779E-3,-4.06359E-4,-3.09931E-4,5.35356E-4,-2.38595E-4,-1.55319E-3,-1.10133E-3,3.13534E-5,-6.17992E-4,-1.39926E-4,-6.64360E-4,-6.28835E-4,-2.39452E-4,5.30881E-5,4.29071E-4,-4.84606E-4,3.01104E-4,-6.65176E-4,-6.20416E-5,-1.43471E-3,-2.54792E-4,2.68855E-4,4.92588E-4,-2.46025E-4,-1.12671E-3,-1.15496E-3,-1.66584E-4,-1.35542E-3,-5.98523E-4,-8.44182E-4,-1.56012E-3,-5.88199E-4,-1.75749E-3,-1.55678E-3,-1.20057E-3,-1.51897E-3,-1.19252E-3,-1.54157E-3,-1.42884E-3,-2.04066E-3,-1.69530E-3,-1.60379E-3,-2.70685E-3,-1.86851E-3,-1.67395E-3,-1.81526E-3,-2.00910E-3,-2.04047E-3,-2.13956E-3,-3.61090E-3,-2.78636E-3,-1.97382E-3,-2.94719E-3,-2.85430E-3,-2.42549E-3,-3.50510E-3,-2.36384E-3,-3.18540E-3,-4.13845E-3,-3.51562E-3,-2.76410E-3,-2.77000E-3,-3.18586E-3,-3.58729E-3,-2.69707E-3,-3.48748E-3,-3.46512E-3,-2.22861E-3,-2.16103E-3,-2.55709E-3,-3.12429E-3,-2.35421E-3,-2.58257E-3,-2.33600E-3,-2.23313E-3,-2.08197E-3,-2.56588E-3,-1.80838E-3,-1.32377E-3,-1.25808E-3,-3.03137E-3,-2.01485E-3,-1.87893E-3,-1.00811E-3,-1.36698E-3,-2.01959E-3,-2.56906E-3,-2.24279E-3,-1.38128E-3,-1.78487E-3,-4.60744E-4,-2.19127E-3,-1.46336E-3,-8.15571E-4,-1.82689E-3,-1.28550E-3,-2.38228E-3,-4.41171E-4,-1.37441E-3,-2.07958E-3,-1.90481E-3,-1.91602E-3,-2.80721E-3,-2.66793E-3,-1.94263E-3,-2.74195E-3,-2.08388E-3,-2.07721E-3,-2.56386E-3,-2.99563E-3,-1.45276E-3,-3.20221E-3,-1.61955E-3,-2.95488E-3,-2.67661E-3,-2.62624E-3,-1.70396E-3,-2.13228E-3,-1.37977E-3,-2.59739E-3,-2.08398E-3,-1.79341E-3,-2.55838E-3,-2.76207E-3,-1.89044E-3,-2.54499E-3,-1.82771E-3
9.74074E+2,4.39186E-4,-5.59975E-4,2.98744E-4,1.51040E-4,5.05959E-4,-2.03277E-5,6.96365E-4,-7.15102E-4,1.52178E-4,5.08091E-4,4.50428E-5,3.97729E-4,-5.86661E-5,-1.19742E-3,-6.42843E-4,8.40955E-4,6.75277E-4,-1.18909E-4,8.74403E-4,1.38486E-4,-2.86862E-4,-1.56154E-4,-4.64885E-6,-3.91894E-4,-4.28514E-4,-1.04801E-3,-1.16480E-3,-5.14761E-4,-9.79312E-4,-1.48359E-3,-2.56662E-3,-5.86990E-4,-8.75658E-4,-1.05311E-3,-6.80998E-4,-1.18191E-3,-1.76856E-3,-9.53797E-4,-7.75704E-4,-1.26528E-3,-1.02654E-3,-4.85407E-5,2.04290E-5,4.58822E-5,-5.32192E-6,-1.13560E-3,-3.29900E-4,-7.86641E-4,-9.02675E-4,-6.54322E-4,-1.25923E-3,-8.77636E-4,-6.01843E-4,-4.00879E-4,-9.07557E-5,-6.87136E-4,-1.77474E-4,1.78007E-4,-1.47020E-3,-8.54034E-4,-1.50284E-4,-1.32011E-3,-1.01630E-4,-1.17234E-3,-6.74246E-4,-1.32993E-3,-7.74981E-4,-1.97968E-3,-1.45462E-3,-1.16123E-3,-1.38778E-3,-1.45762E-3,-1.17314E-3,-1.24074E-3,-1.19887E-3,-1.00229E-3,-1.24384E-3,-1.77230E-3,-1.97503E-3,-1.36304E-3,-2.31382E-3,-2.01490E-3,-2.45510E-3,-2.12595E-3,-2.74101E-3,-1.68428E-3,-2.16598E-3,-2.12846E-3,-2.18036E-3,-2.85177E-3,-2.99318E-3,-2.51153E-3,-2.44640E-3,-2.03324E-3,-3.68908E-3,-3.48039E-3,-2.80243E-3,-2.96014E-3,-3.43081E-3,-3.44781E-3,-3.08009E-3,-2.90132E-3,-2.21716E-3,-3.66966E-3,-2.98030E-3,-3.10464E-3,-2.99149E-3,-2.58802E-3,-1.88278E-3,-3.28953E-3,-3.50587E-3,-2.42920E-3,-1.95972E-3,-2.86580E-3,-3.57437E-3,-2.88291E-3,-2.64050E-3,-2.30947E-3,-2.49920E-3,-2.40563E-3,-1.34702E-3,-1.94401E-3,-2.07466E-3,-1.69892E-3,-1.75772E-3,-1.42882E-3,-1.86627E-3,-2.35875E-3,-2.01641E-3,-1.39095E-3,-1.02105E-3,-1.49541E-3,-1.72662E-3,-1.47333E-3,-1.78277E-3,-1.53419E-3,-2.14601E-3,-1.74087E-3,-1.55276E-3,-1.69392E-3,-1.96882E-3,-2.27153E-3,-3.48812E-3,-2.35297E-3,-2.79382E-3,-2.49964E-3,-1.72316E-3,-2.53149E-3,-2.31111E-3,-2.72771E-3,-3.36080E-3,-2.35219E-3,-2.70258E-3,-2.53188E-3,-2.18167E-3,-2.70743E-3,-2.92585E-3,-1.98598E-3,-2.49340E-3,-2.40794E-3,-1.94813E-3,-2.26804E-3,-2.51035E-3,-2.15875E-3,-2.24149E-3,-3.02714E-3,-1.57192E-3
9.77505E+2,-4.22105E-4,2.89729E-5,5.47132E-4,-5.38284E-5,2.98058E-4,-1.78844E-4,1.60881E-4,3.69612E-4,1.09603E-5,-8.97001E-5,-5.64011E-5,1.87467E-4,-6.36075E-4,-3.16207E-4,1.50077E-4,-2.45480E-4,8.60661E-4,-2.42843E-4,8.46259E-4,2.33468E-4,6.64142E-4,3.26007E-4,-6.54856E-4,2.80714E-4,-4.57918E-4,-1.12833E-3,-4.24020E-4,-9.19436E-4,-7.60983E-4,-1.50647E-3,-1.32588E-3,-1.39542E-3,-1.39541E-3,-1.79475E-3,-1.24025E-3,-1.67642E-3,-6.15716E-4,-9.16949E-4,-8.65547E-4,-4.77422E-4,-5.90825E-4,-4.82972E-4,-7.37063E-4,-6.21633E-4,1.69951E-4,-1.65768E-3,-1.07849E-3,4.94415E-4,-1.05450E-3,-3.00621E-4,-5.17144E-4,-1.95211E-4,-2.97320E-4,-5.25064E-4,-1.96643E-4,-5.43630E-4,-2.87058E-4,-8.04942E-5,-5.67769E-4,-9.30807E-4,-3.44785E-4,-3.31375E-4,-7.22086E-4,-7.23143E-4,-5.54870E-4,-8.36499E-4,-1.17496E-3,-1.13063E-3,-1.43617E-3,-1.18648E-3,-9.55247E-4,-1.79252E-3,-7.33085E-4,-1.01546E-3,-1.14095E-3,-1.55075E-3,-1.35786E-3,-1.50991E-3,-1.51515E-3,-1.58440E-3,-1.31968E-3,-1.87445E-3,-1.67990E-3,-1.60570E-3,-1.31677E-3,-2.45912E-3,-2.85428E-3,-3.05732E-3,-3.03269E-3,-3.24864E-3,-2.73132E-3,-2.58122E-3,-2.93661E-3,-3.09510E-3,-2.49134E-3,-2.55067E-3,-2.45740E-3,-3.50794E-3,-3.38940E-3,-3.93599E-3,-2.59555E-3,-2.94918E-3,-3.06126E-3,-3.19056E-3,-3.48098E-3,-3.41416E-3,-3.30706E-3,-2.58437E-3,-2.29776E-3,-3.56166E-3,-2.97554E-3,-2.43845E-3,-2.24642E-3,-3.39612E-3,-3.18821E-3,-2.73847E-3,-2.35778E-3,-2.31746E-3,-2.55952E-3,-2.85105E-3,-2.57643E-3,-2.19745E-3,-2.31885E-3,-1.88304E-3,-2.07128E-3,-2.23963E-3,-1.61907E-3,-1.94650E-3,-2.07905E-3,-1.38635E-3,-1.93331E-3,-1.21033E-3,-1.58555E-3,-1.21855E-3,-2.10580E-3,-1.23681E-3,-1.83090E-3,-2.00247E-3,-1.33189E-3,-2.32768E-3,-1.48911E-3,-1.72053E-3,-2.27659E-3,-1.99096E-3,-2.61308E-3,-2.38808E-3,-2.68211E-3,-2.23008E-3,-2.76242E-3,-2.76038E-3,-2.92493E-3,-3.10179E-3,-2.27713E-3,-2.63488E-3,-1.93174E-3,-2.18747E-3,-3.17245E-3,-2.09074E-3,-1.91427E-3,-1.78322E-3,-2.27259E-3,-2.36291E-3,-2.71422E-3,-1.85540E-3,-1.95716E-3,-1.70524E-3,-2.08299E-3
9.80936E+2,-9.84595E-6,-7.19265E-4,1.68905E-4,4.94950E-5,-1.21365E-4,-2.54892E-4,2.47793E-4,1.99718E-4,1.43375E-4,3.75940E-5,-3.66662E-4,1.66707E-4,1.36017E-4,6.35738E-5,2.58851E-4,-5.33231E-5,-3.06048E-4,-2.09713E-4,1.25381E-4,-2.07986E-5,8.31682E-5,8.35025E-4,-7.22458E-4,-4.88400E-4,-3.50532E-4,-1.42488E-3,-1.26346E-3,-1.17699E-3,-1.86709E-3,-1.79660E-3,-1.81827E-3,-1.60427E-3,-2.01906E-3,-2.00610E-3,-1.44446E-3,-2.09667E-3,-5.32881E-4,-1.24910E-3,-1.19429E-3,-1.07542E-3,-1.41323E-3,-1.66080E-4,-9.37141E-4,-5.70359E-4,-2.95808E-4,-7.24696E-4,-7.34226E-4,-1.11126E-3,-7.86790E-4,-5.67876E-4,-5.49699E-4,-7.08566E-4,-6.38324E-4,-5.58472E-4,5.79903E-5,-8.32029E-4,-1.99811E-4,-6.09178E-4,-5.29868E-4,-9.74486E-4,-9.65483E-4,-6.76117E-4,-1.19235E-3,-7.20091E-4,-1.16070E-3,-1.08749E-3,-1.30951E-3,-1.05558E-3,-1.99476E-3,-1.44766E-3,-1.65699E-3,-1.92746E-3,-1.55834E-3,-1.46859E-3,-1.84688E-3,-1.65633E-3,-1.46952E-3,-1.85796E-3,-2.05720E-3,-1.61687E-3,-1.78620E-3,-1.93949E-3,-2.07464E-3,-2.35614E-3,-1.80080E-3,-2.86881E-3,-2.56072E-3,-2.47372E-3,-2.51435E-3,-3.97726E-3,-2.67852E-3,-2.90383E-3,-2.93698E-3,-2.83573E-3,-3.04300E-3,-3.69720E-3,-2.89715E-3,-2.99098E-3,-3.33807E-3,-2.97036E-3,-3.00074E-3,-2.56174E-3,-3.30717E-3,-3.70763E-3,-3.09816E-3,-3.36448E-3,-2.65685E-3,-2.92121E-3,-3.13808E-3,-2.95465E-3,-2.69434E-3,-2.88914E-3,-2.30059E-3,-3.45050E-3,-3.01642E-3,-2.95535E-3,-2.48030E-3,-2.78608E-3,-2.60774E-3,-2.99554E-3,-1.83099E-3,-2.36148E-3,-2.16805E-3,-2.37072E-3,-2.21738E-3,-1.74818E-3,-2.00514E-3,-2.08181E-3,-1.95393E-3,-1.60449E-3,-1.81220E-3,-1.72180E-3,-1.98414E-3,-1.97056E-3,-2.74072E-3,-1.69610E-3,-1.92522E-3,-1.88892E-3,-1.34495E-3,-2.18973E-3,-2.29158E-3,-1.69872E-3,-2.54730E-3,-2.24874E-3,-2.57201E-3,-2.60744E-3,-2.55172E-3,-2.46814E-3,-2.61438E-3,-2.07374E-3,-3.33439E-3,-2.46076E-3,-2.26886E-3,-2.91636E-3,-2.72099E-3,-3.12737E-3,-2.91090E-3,-1.93603E-3,-2.14147E-3,-2.37958E-3,-2.53226E-3,-2.63221E-3,-2.63168E-3,-2.43130E-3,-2.67895E-3,-2.01157E-3,-2.23822E-3
9.84368E+2,1.09810E-4,5.09165E-5,6.35888E-4,1.31643E-4,-3.04020E-5,-1.48048E-4,4.97358E-4,2.85809E-5,-5.92252E-5,-1.74798E-4,-1.48446E-4,-5.39563E-5,-5.61533E-4,-4.81086E-4,2.03298E-4,2.80436E-4,1.16093E-4,-1.90595E-4,5.52786E-4,3.66693E-4,8.14950E-4,9.69377E-5,-1.65642E-4,-3.62679E-4,-1.00254E-3,-1.11600E-3,-8.17628E-4,-1.66682E-3,-1.32362E-3,-2.20087E-3,-1.75019E-3,-2.11978E-3,-2.18252E-3,-1.89189E-3,-1.71388E-3,-1.81740E-3,-1.80872E-3,-1.25182E-3,-8.23060E-4,-1.35617E-3,-1.02686E-3,-8.69773E-4,-6.35218E-4,-9.39373E-4,-8.91911E-4,-1.27435E-3,-8.22062E-4,-4.89058E-4,-9.95284E-4,-3.37760E-4,-1.37743E-3,-2.80555E-4,-8.21398E-4,-5.16161E-4,-3.86026E-4,-2.66563E-4,-3.94652E-4,-5.40567E-4,-1.34013E-3,-1.18370E-3,-1.02114E-3,-8.83122E-4,-1.20746E-3,-1.05139E-3,-1.03042E-3,-1.38312E-3,-1.44962E-3,-1.63966E-3,-1.15867E-3,-1.54478E-3,-1.28881E-3,-1.07916E-3,-1.16154E-3,-1.69952E-3,-1.51254E-3,-1.82262E-3,-1.17588E-3,-1.45804E-3,-2.09496E-3,-1.81639E-3,-1.64719E-3,-2.01127E-3,-2.46933E-3,-1.77286E-3,-2.07367E-3,-2.23337E-3,-2.30359E-3,-2.68440E-3,-2.74086E-3,-3.38328E-3,-2.82318E-3,-2.98386E-3,-3.04233E-3,-3.26850E-3,-3.34774E-3,-3.19363E-3,-2.41083E-3,-2.78466E-3,-3.05628E-3,-4.05958E-3,-3.00934E-3,-2.50794E-3,-2.95340E-3,-3.50410E-3,-2.98062E-3,-3.63338E-3,-3.43059E-3,-3.06217E-3,-3.57826E-3,-3.21703E-3,-2.99018E-3,-2.55180E-3,-2.57120E-3,-2.61026E-3,-2.80795E-3,-2.56378E-3,-2.78211E-3,-2.21722E-3,-1.91486E-3,-2.65609E-3,-2.60413E-3,-2.47926E-3,-2.89960E-3,-2.10642E-3,-2.68456E-3,-2.08068E-3,-2.04616E-3,-2.06171E-3,-1.83456E-3,-1.49544E-3,-1.70713E-3,-1.53397E-3,-1.47100E-3,-1.66031E-3,-2.31529E-3,-1.73198E-3,-1.70587E-3,-2.13797E-3,-1.61120E-3,-2.27555E-3,-1.84010E-3,-2.04804E-3,-2.41900E-3,-2.37902E-3,-2.65832E-3,-2.53789E-3,-2.18113E-3,-2.26816E-3,-2.57364E-3,-2.77349E-3,-3.14027E-3,-2.58652E-3,-2.42868E-3,-2.66380E-3,-2.77782E-3,-2.38524E-3,-2.76778E-3,-1.95833E-3,-2.54925E-3,-1.83857E-3,-2.20275E-3,-2.62424E-3,-2.49507E-3,-2.75316E-3,-2.36414E-3,-2.05277E-3,-2.27989E-3
9.87800E+2,3.98765E-4,-1.10877E-4,3.19435E-4,-3.21966E-5,1.74403E-4,-3.01434E-4,4.48260E-4,2.73549E-4,-2.28831E-5,-5.74065E-4,2.50838E-4,4.62766E-5,-4.87635E-4,-2.79658E-4,-1.02779E-4,-6.87050E-6,2.05044E-4,-1.36117E-4,7.20799E-4,6.46534E-4,3.74278E-4,1.17991E-4,-7.26314E-4,-5.43943E-4,-7.72575E-4,-1.10563E-3,-9.43681E-4,-1.60634E-3,-1.90377E-3,-2.10334E-3,-1.88358E-3,-2.12963E-3,-1.98010E-3,-2.11833E-3,-1.54508E-3,-1.87306E-3,-1.42079E-3,-1.82863E-3,-1.20086E-3,-9.46465E-4,-1.73837E-3,-6.15652E-4,-5.22043E-4,-7.11096E-4,-7.01288E-4,-9.41258E-4,-1.06577E-3,-4.83572E-4,-1.07937E-3,-4.40069E-4,-6.16596E-4,3.38815E-6,-1.09423E-3,-4.89142E-4,-1.55719E-4,-1.03027E-3,-4.43937E-4,-5.55176E-4,-1.06411E-3,-8.61375E-4,-1.30777E-3,-1.53253E-3,-1.06702E-3,-1.04172E-3,-1.29888E-3,-1.43804E-3,-1.42341E-3,-1.62731E-3,-1.61238E-3,-1.45692E-3,-1.31909E-3,-1.45877E-3,-1.47056E-3,-1.86350E-3,-1.89657E-3,-1.63821E-3,-1.69441E-3,-1.77282E-3,-2.15361E-3,-1.89147E-3,-1.54042E-3,-1.83899E-3,-2.09831E-3,-2.27899E-3,-2.29866E-3,-2.39561E-3,-2.47935E-3,-2.55348E-3,-2.99686E-3,-2.70786E-3,-3.25353E-3,-2.82244E-3,-3.20686E-3,-3.08925E-3,-3.19444E-3,-3.53330E-3,-3.43017E-3,-3.25735E-3,-3.58213E-3,-3.60867E-3,-3.33730E-3,-2.80496E-3,-2.75363E-3,-3.26468E-3,-3.01710E-3,-3.58666E-3,-3.53003E-3,-2.94863E-3,-3.18710E-3,-3.13446E-3,-3.32701E-3,-2.91922E-3,-2.69421E-3,-2.43174E-3,-2.73539E-3,-2.26313E-3,-2.86585E-3,-2.75908E-3,-1.98503E-3,-2.56519E-3,-2.45620E-3,-2.50938E-3,-2.57524E-3,-1.75752E-3,-2.32515E-3,-2.05281E-3,-2.06906E-3,-2.14281E-3,-1.88082E-3,-1.46582E-3,-1.58582E-3,-2.56504E-3,-1.59627E-3,-1.73855E-3,-1.99156E-3,-1.97948E-3,-1.88905E-3,-1.62626E-3,-1.83577E-3,-1.91079E-3,-1.90173E-3,-2.32046E-3,-2.53654E-3,-2.61719E-3,-2.66245E-3,-2.32881E-3,-2.63465E-3,-2.80722E-3,-2.92067E-3,-2.78012E-3,-2.99883E-3,-2.86626E-3,-3.25853E-3,-2.57458E-3,-2.51554E-3,-2.70950E-3,-2.82789E-3,-2.00463E-3,-2.34147E-3,-2.30277E-3,-2.31439E-3,-2.63933E-3,-2.53922E-3,-2.51506E-3,-2.35970E-3,-1.88639E-3,-1.81009E-3
9.91233E+2,2.24156E-4,1.19236E-4,2.50845E-4,3.46560E-4,-1.48866E-4,-1.78700E-4,4.03412E-4,-1.66378E-4,7.90192E-5,-4.84019E-5,-1.44472E-4,2.88370E-5,-3.21617E-4,-2.51922E-4,-1.91707E-4,-2.05542E-5,-6.21448E-5,-4.53211E-4,3.24555E-4,1.96222E-4,5.71769E-4,-1.84526E-4,-7.52714E-4,-6.63604E-4,-9.77120E-4,-1.39335E-3,-1.43533E-3,-1.44773E-3,-1.73550E-3,-2.12876E-3,-1.70883E-3,-2.14703E-3,-2.23826E-3,-1.83838E-3,-1.66490E-3,-1.55549E-3,-1.19985E-3,-1.46738E-3,-1.21142E-3,-9.33684E-4,-1.05007E-3,-6.80795E-4,-8.72283E-4,-8.77710E-4,-2.26640E-4,-1.13755E-3,-1.06270E-3,-7.78620E-4,-3.57030E-4,-5.67112E-4,-7.32016E-4,-6.24237E-4,-3.18750E-4,-9.49141E-4,-4.38451E-4,-7.84750E-4,-5.44579E-4,-3.55975E-4,-8.41132E-4,-8.28924E-4,-1.10536E-3,-8.92496E-4,-3.66693E-4,-1.03708E-3,-8.65185E-4,-9.46328E-4,-1.13486E-3,-1.19920E-3,-1.48366E-3,-1.28875E-3,-1.22729E-3,-1.35102E-3,-1.40982E-3,-1.41172E-3,-1.60212E-3,-1.45845E-3,-1.54383E-3,-1.53769E-3,-2.09523E-3,-2.02695E-3,-1.78858E-3,-1.58596E-3,-2.15713E-3,-1.93200E-3,-2.10153E-3,-2.15231E-3,-2.66252E-3,-2.25173E-3,-2.56188E-3,-2.99996E-3,-2.97569E-3,-3.13984E-3,-3.11510E-3,-2.83259E-3,-3.23588E-3,-3.09210E-3,-3.32489E-3,-2.62931E-3,-2.98985E-3,-3.56573E-3,-3.33842E-3,-2.86618E-3,-2.53015E-3,-2.97648E-3,-3.57557E-3,-3.37033E-3,-3.11076E-3,-3.14854E-3,-2.96646E-3,-3.14733E-3,-3.04224E-3,-2.94052E-3,-2.68305E-3,-2.44059E-3,-3.02357E-3,-2.40707E-3,-2.59432E-3,-2.51091E-3,-1.96948E-3,-2.45956E-3,-2.04861E-3,-2.27633E-3,-2.17381E-3,-2.07546E-3,-2.18322E-3,-2.01915E-3,-1.72950E-3,-2.24730E-3,-1.88906E-3,-1.68278E-3,-1.45515E-3,-1.97513E-3,-2.28127E-3,-1.61659E-3,-2.02721E-3,-1.94032E-3,-2.09693E-3,-1.66016E-3,-1.66292E-3,-1.79076E-3,-1.92646E-3,-2.18234E-3,-2.37854E-3,-2.38348E-3,-2.77641E-3,-2.51142E-3,-2.53963E-3,-2.50230E-3,-2.77741E-3,-2.84369E-3,-3.04037E-3,-2.72635E-3,-2.83070E-3,-2.68506E-3,-2.02113E-3,-2.73822E-3,-3.04613E-3,-1.97822E-3,-2.84201E-3,-2.07074E-3,-2.30312E-3,-2.24813E-3,-2.46750E-3,-2.68584E-3,-2.18888E-3,-2.55771E-3,-2.14633E-3
9.94667E+2,9.41798E-5,2.36211E-4,2.47348E-4,3.72343E-4,1.71132E-4,2.28448E-5,1.42644E-4,1.74678E-4,-5.22259E-5,-4.02158E-4,7.63104E-5,1.68081E-6,-3.29440E-4,-4.97233E-4,-2.58315E-4,1.06051E-5,8.62303E-5,-4.27476E-4,1.71267E-4,5.35196E-4,1.87536E-4,-3.50120E-4,-8.31019E-4,-9.75808E-4,-7.06442E-4,-1.41037E-3,-1.35528E-3,-1.62444E-3,-1.65979E-3,-1.92185E-3,-1.92577E-3,-2.11306E-3,-2.01601E-3,-1.82892E-3,-1.94406E-3,-1.71674E-3,-1.49721E-3,-1.43969E-3,-9.90424E-4,-1.30964E-3,-1.16647E-3,-5.56252E-4,-6.62892E-4,-5.70835E-4,-7.50660E-4,-7.87046E-4,-6.93365E-4,-7.97054E-4,-6.26612E-4,-5.09583E-4,-9.80878E-4,-4.25403E-4,-6.47908E-4,-8.08586E-4,-4.49266E-4,-8.58313E-4,-4.52542E-4,-3.58271E-4,-1.07281E-3,-9.72366E-4,-9.10856E-4,-1.14921E-3,-9.44622E-4,-6.51487E-4,-9.57859E-4,-1.05698E-3,-1.07174E-3,-1.28102E-3,-1.32901E-3,-1.43213E-3,-1.44731E-3,-1.60171E-3,-1.46283E-3,-1.30953E-3,-1.64933E-3,-1.81682E-3,-1.36339E-3,-1.63875E-3,-1.64793E-3,-1.70091E-3,-1.90071E-3,-1.96505E-3,-2.20974E-3,-1.96486E-3,-2.11155E-3,-2.29198E-3,-2.36233E-3,-2.49547E-3,-2.60057E-3,-3.22711E-3,-2.95777E-3,-2.69839E-3,-3.22729E-3,-2.91615E-3,-3.57314E-3,-3.23241E-3,-3.21070E-3,-2.94326E-3,-3.41880E-3,-3.75048E-3,-3.36065E-3,-2.91821E-3,-3.14424E-3,-3.37221E-3,-3.50366E-3,-3.36124E-3,-3.30130E-3,-3.21889E-3,-2.96351E-3,-3.20404E-3,-2.95312E-3,-2.91837E-3,-2.70423E-3,-2.89240E-3,-2.62223E-3,-2.53692E-3,-3.02314E-3,-2.40941E-3,-2.19413E-3,-2.55007E-3,-2.38869E-3,-2.52346E-3,-2.12825E-3,-1.87750E-3,-2.49122E-3,-1.82468E-3,-1.84870E-3,-1.82888E-3,-2.00512E-3,-1.64056E-3,-1.76234E-3,-1.90717E-3,-1.98276E-3,-1.87057E-3,-2.01257E-3,-1.80547E-3,-2.08975E-3,-1.71560E-3,-1.46162E-3,-1.94604E-3,-1.96737E-3,-2.19297E-3,-2.54146E-3,-2.60859E-3,-2.41599E-3,-2.72322E-3,-2.43892E-3,-2.85954E-3,-2.59871E-3,-2.82923E-3,-3.34661E-3,-2.87421E-3,-2.39775E-3,-2.56612E-3,-2.23061E-3,-2.77767E-3,-2.94475E-3,-1.94075E-3,-2.28869E-3,-2.19202E-3,-2.01283E-3,-2.13908E-3,-2.43772E-3,-2.27444E-3,-2.14441E-3,-2.23309E-3,-2.51222E-3
9.98102E+2,2.67689E-4,4.92657E-7,3.95624E-4,-2.51308E-5,5.65115E-5,-2.86558E-4,2.18261E-4,1.57168E-4,1.21839E-5,-1.25754E-4,3.97308E-5,3.88493E-5,-4.03422E-4,-1.11141E-4,-2.34504E-4,7.73462E-5,-1.53783E-4,-4.99455E-4,-2.31745E-4,1.10200E-4,1.85882E-4,-6.16262E-4,-1.44070E-3,-1.04216E-3,-1.35762E-3,-1.66292E-3,-1.75374E-3,-1.67636E-3,-2.12227E-3,-2.02308E-3,-2.16661E-3,-2.26970E-3,-2.38731E-3,-2.06197E-3,-1.65464E-3,-1.78872E-3,-1.67523E-3,-1.48927E-3,-9.89526E-4,-1.12095E-3,-1.19140E-3,-8.35139E-4,-5.51278E-4,-6.82917E-4,-5.62772E-4,-9.53789E-4,-7.33369E-4,-7.19927E-4,-8.53131E-4,-2.20115E-4,-8.34477E-4,-3.70594E-4,-6.08844E-4,-9.55989E-4,-6.19216E-4,-7.49707E-4,-7.35182E-4,-6.61042E-4,-1.08638E-3,-1.00174E-3,-9.51628E-4,-1.14010E-3,-9.52727E-4,-9.07744E-4,-1.21707E-3,-1.29803E-3,-1.38741E-3,-1.13681E-3,-1.41086E-3,-1.37727E-3,-1.22326E-3,-1.05975E-3,-1.60402E-3,-1.54818E-3,-1.55340E-3,-1.49629E-3,-1.76761E-3,-1.81226E-3,-1.74720E-3,-1.78296E-3,-1.62077E-3,-2.04895E-3,-2.21227E-3,-2.25293E-3,-2.22112E-3,-2.27819E-3,-2.50282E-3,-2.67297E-3,-2.59196E-3,-3.17894E-3,-3.05047E-3,-2.95679E-3,-3.09094E-3,-3.11541E-3,-3.14189E-3,-3.33746E-3,-3.21120E-3,-3.23641E-3,-3.29542E-3,-3.91959E-3,-3.44296E-3,-2.89059E-3,-3.13023E-3,-3.03010E-3,-3.45926E-3,-3.39451E-3,-3.29806E-3,-3.25464E-3,-3.16561E-3,-3.13670E-3,-3.27589E-3,-2.91715E-3,-2.76710E-3,-2.85914E-3,-2.66653E-3,-2.51229E-3,-3.03333E-3,-2.53765E-3,-2.35336E-3,-2.68240E-3,-2.37001E-3,-2.08998E-3,-2.32086E-3,-2.27464E-3,-2.58463E-3,-2.33705E-3,-1.71450E-3,-1.91700E-3,-2.11779E-3,-2.07509E-3,-1.72549E-3,-1.94707E-3,-1.83882E-3,-1.64194E-3,-2.18735E-3,-1.73119E-3,-2.00817E-3,-1.98243E-3,-1.58274E-3,-1.83685E-3,-2.04077E-3,-2.40476E-3,-2.56863E-3,-2.86838E-3,-2.60134E-3,-2.70989E-3,-2.52135E-3,-2.90245E-3,-2.85216E-3,-2.93050E-3,-3.35052E-3,-2.95789E-3,-2.58773E-3,-2.74786E-3,-2.26038E-3,-2.64032E-3,-2.74551E-3,-2.30417E-3,-2.35402E-3,-2.20870E-3,-2.36929E-3,-2.34670E-3,-2.33992E-3,-2.55751E-3,-2.39623E-3,-2.31393E-3,-2.27891E-3
1.00154E+3,-1.83267E-5,1.72067E-5,4.54862E-4,2.78292E-4,-7.84400E-5,-2.95600E-5,3.58238E-4,-6.52310E-5,-1.12214E-4,-2.36024E-4,3.79167E-4,2.45897E-4,-5.30442E-4,-3.68961E-4,-2.94464E-4,-8.66773E-5,-9.87556E-5,-6.41590E-4,-3.31734E-4,-3.35959E-5,-1.29123E-4,-6.51964E-4,-1.38454E-3,-1.26608E-3,-1.33322E-3,-1.84664E-3,-1.98816E-3,-2.07404E-3,-2.05818E-3,-2.15644E-3,-2.24634E-3,-2.26261E-3,-2.36164E-3,-1.83732E-3,-1.92331E-3,-1.69507E-3,-1.34598E-3,-1.40477E-3,-9.08029E-4,-1.26802E-3,-9.35708E-4,-5.61971E-4,-7.52095E-4,-6.52440E-4,-5.67219E-4,-1.02738E-3,-8.71794E-4,-6.58566E-4,-8.93450E-4,-2.86903E-4,-1.05095E-3,-5.55626E-4,-4.83830E-4,-9.19239E-4,-5.22453E-4,-1.18096E-3,-7.33828E-4,-8.08686E-4,-7.37915E-4,-1.10723E-3,-1.07694E-3,-1.24025E-3,-9.07122E-4,-8.48065E-4,-1.05993E-3,-1.23406E-3,-1.20020E-3,-1.34466E-3,-1.44825E-3,-1.36721E-3,-1.44403E-3,-1.34128E-3,-1.61566E-3,-1.54491E-3,-1.62611E-3,-1.46144E-3,-1.69814E-3,-1.78627E-3,-1.96564E-3,-1.72096E-3,-1.85810E-3,-1.87593E-3,-2.31509E-3,-2.20125E-3,-2.09905E-3,-2.37290E-3,-2.64187E-3,-2.53237E-3,-2.71695E-3,-3.15733E-3,-3.10024E-3,-3.11812E-3,-3.20946E-3,-3.13612E-3,-3.48392E-3,-3.43554E-3,-3.26427E-3,-3.06605E-3,-3.20598E-3,-3.71301E-3,-3.32021E-3,-2.95370E-3,-3.25628E-3,-3.30445E-3,-3.41199E-3,-3.45582E-3,-3.15827E-3,-3.06195E-3,-3.00591E-3,-3.25419E-3,-3.23588E-3,-2.88995E-3,-2.86584E-3,-2.66445E-3,-2.83115E-3,-2.43548E-3,-2.87964E-3,-2.53902E-3,-2.52162E-3,-2.80299E-3,-2.25386E-3,-2.41507E-3,-2.41077E-3,-2.16067E-3,-2.54169E-3,-2.19986E-3,-1.81687E-3,-1.91842E-3,-1.98847E-3,-2.00734E-3,-1.51000E-3,-1.95161E-3,-1.90660E-3,-1.86272E-3,-2.16141E-3,-2.01854E-3,-2.20704E-3,-2.14132E-3,-1.92755E-3,-2.13938E-3,-2.19413E-3,-2.46412E-3,-2.40050E-3,-2.67868E-3,-2.49804E-3,-2.67855E-3,-2.63594E-3,-2.82362E-3,-2.77011E-3,-2.84414E-3,-3.14692E-3,-3.24178E-3,-2.77974E-3,-2.77004E-3,-2.30032E-3,-2.58285E-3,-3.02633E-3,-2.27232E-3,-2.21086E-3,-2.34561E-3,-2.33475E-3,-2.35714E-3,-2.33344E-3,-2.59408E-3,-2.33729E-3,-2.49597E-3,-2.36160E-3
1.00497E+3,7.26289E-5,1.02045E-4,1.90092E-4,6.86340E-5,-2.39673E-5,-1.11400E-4,3.63868E-4,1.94760E-4,-9.58370E-5,-2.88257E-4,2.05155E-4,9.47428E-5,-2.39640E-4,-4.66315E-4,-6.65086E-5,-1.30432E-4,-1.19722E-4,-6.38239E-4,-4.63898E-4,-2.06728E-4,-2.21890E-4,-1.02079E-3,-1.47222E-3,-1.50516E-3,-1.37805E-3,-1.82841E-3,-1.87669E-3,-1.78347E-3,-2.21793E-3,-2.30391E-3,-2.02118E-3,-2.33073E-3,-2.32502E-3,-1.76989E-3,-1.89147E-3,-1.62628E-3,-1.45619E-3,-1.42440E-3,-9.45814E-4,-1.09848E-3,-9.44323E-4,-9.06653E-4,-9.07267E-4,-5.46300E-4,-5.87561E-4,-8.02841E-4,-7.68930E-4,-5.57919E-4,-6.91320E-4,-3.63998E-4,-1.02717E-3,-2.62362E-4,-7.76372E-4,-6.87984E-4,-4.82155E-4,-9.67450E-4,-7.18202E-4,-5.21819E-4,-1.06569E-3,-9.47716E-4,-9.06735E-4,-1.18242E-3,-1.01724E-3,-9.09137E-4,-1.07361E-3,-1.38318E-3,-1.21192E-3,-1.21430E-3,-1.40862E-3,-1.29979E-3,-1.40172E-3,-1.28168E-3,-1.74338E-3,-1.41306E-3,-1.67662E-3,-1.55542E-3,-1.68453E-3,-1.65678E-3,-1.84374E-3,-1.82719E-3,-1.72578E-3,-1.93657E-3,-2.34741E-3,-2.16867E-3,-2.12302E-3,-2.43603E-3,-2.46031E-3,-2.49104E-3,-2.64138E-3,-3.14032E-3,-2.92581E-3,-3.21412E-3,-2.94911E-3,-2.93101E-3,-3.40052E-3,-3.48517E-3,-3.08376E-3,-3.03737E-3,-3.31066E-3,-3.87830E-3,-3.29206E-3,-3.01583E-3,-3.03236E-3,-3.19237E-3,-3.16919E-3,-3.53000E-3,-3.16774E-3,-3.10254E-3,-3.06686E-3,-3.37103E-3,-3.05195E-3,-2.90656E-3,-2.71646E-3,-2.83778E-3,-2.78426E-3,-2.38139E-3,-3.15845E-3,-2.63653E-3,-2.42087E-3,-2.67889E-3,-2.51186E-3,-2.32400E-3,-2.30262E-3,-2.14466E-3,-2.28061E-3,-2.06797E-3,-1.76713E-3,-1.64196E-3,-2.16197E-3,-2.03949E-3,-1.78568E-3,-1.96184E-3,-1.76257E-3,-1.72698E-3,-2.02292E-3,-1.92215E-3,-2.02739E-3,-1.99486E-3,-1.80126E-3,-2.15579E-3,-2.15698E-3,-2.07977E-3,-2.41464E-3,-2.59264E-3,-2.58332E-3,-2.62663E-3,-2.56838E-3,-2.86662E-3,-2.78509E-3,-2.59064E-3,-3.22357E-3,-2.63797E-3,-2.68122E-3,-2.85976E-3,-2.16459E-3,-2.35536E-3,-2.75248E-3,-2.25094E-3,-2.30025E-3,-2.17507E-3,-2.27271E-3,-2.43650E-3,-2.29932E-3,-2.61023E-3,-2.25763E-3,-2.33839E-3,-2.21730E-3
1.00841E+3,1.34025E-4,9.38392E-5,1.58017E-4,1.47898E-7,2.01162E-5,-1.73839E-4,2.38563E-4,2.70110E-4,-5.37530E-5,-1.53756E-4,1.00646E-4,1.89392E-4,-3.79148E-4,-3.17884E-4,-1.26476E-4,-1.72488E-4,-2.51760E-4,-8.13279E-4,-5.80471E-4,-4.20744E-4,-4.81346E-4,-1.10512E-3,-1.60275E-3,-1.46687E-3,-1.61112E-3,-1.86764E-3,-2.05759E-3,-2.02741E-3,-2.37354E-3,-2.25512E-3,-2.26796E-3,-2.19893E-3,-2.29779E-3,-1.93996E-3,-1.87269E-3,-1.66377E-3,-1.51142E-3,-1.36417E-3,-9.04856E-4,-1.15563E-3,-8.44319E-4,-5.19615E-4,-6.87687E-4,-6.50466E-4,-4.20585E-4,-8.86220E-4,-6.17395E-4,-6.64251E-4,-6.34698E-4,-2.83595E-4,-8.52179E-4,-4.22179E-4,-5.37314E-4,-5.35065E-4,-4.35652E-4,-8.79652E-4,-7.87251E-4,-5.70489E-4,-7.77434E-4,-9.15395E-4,-8.42634E-4,-1.13424E-3,-9.40501E-4,-6.82694E-4,-8.96612E-4,-1.24159E-3,-1.26866E-3,-1.45703E-3,-1.41703E-3,-1.25172E-3,-1.37883E-3,-1.31050E-3,-1.69501E-3,-1.45381E-3,-1.70052E-3,-1.57909E-3,-1.62288E-3,-1.71000E-3,-1.82711E-3,-1.60117E-3,-1.70030E-3,-1.63818E-3,-2.11957E-3,-1.94147E-3,-2.10001E-3,-2.18587E-3,-2.71225E-3,-2.51034E-3,-2.53579E-3,-3.13251E-3,-3.00440E-3,-2.76902E-3,-3.02393E-3,-2.94435E-3,-3.26459E-3,-3.20946E-3,-3.13571E-3,-3.02945E-3,-3.20337E-3,-3.60961E-3,-3.26691E-3,-3.06251E-3,-3.17156E-3,-3.24567E-3,-3.12158E-3,-3.30524E-3,-3.35103E-3,-3.30157E-3,-3.09286E-3,-3.24920E-3,-2.88597E-3,-2.76489E-3,-2.52080E-3,-2.61941E-3,-2.68522E-3,-2.44472E-3,-3.08535E-3,-2.53574E-3,-2.41622E-3,-2.61073E-3,-2.57124E-3,-2.40354E-3,-2.12661E-3,-2.17479E-3,-2.41008E-3,-2.01284E-3,-1.59855E-3,-1.71391E-3,-1.99280E-3,-2.03345E-3,-1.55631E-3,-1.84140E-3,-1.90094E-3,-1.73012E-3,-2.10115E-3,-1.96626E-3,-2.10785E-3,-1.79081E-3,-1.59594E-3,-1.94118E-3,-2.05704E-3,-2.04997E-3,-2.20456E-3,-2.68071E-3,-2.48100E-3,-2.62389E-3,-2.51636E-3,-2.63164E-3,-2.69034E-3,-2.73000E-3,-3.28733E-3,-3.12429E-3,-2.69649E-3,-2.73857E-3,-2.14570E-3,-2.64385E-3,-2.63908E-3,-2.24864E-3,-2.23737E-3,-2.18577E-3,-2.25891E-3,-2.33396E-3,-2.24903E-3,-2.40724E-3,-2.20794E-3,-2.24965E-3,-2.28175E-3
1.01185E+3,1.60908E-4,6.85402E-6,1.93185E-4,1.14827E-4,-5.14493E-5,-3.04683E-4,2.88410E-4,2.96388E-4,-6.79059E-5,-2.11439E-4,3.06711E-4,1.51975E-4,-3.08632E-4,-3.46462E-4,-2.28686E-4,-1.56023E-4,-2.14970E-4,-1.01917E-3,-7.59696E-4,-6.85838E-4,-7.74168E-4,-1.38132E-3,-1.98706E-3,-1.75621E-3,-1.82857E-3,-2.24407E-3,-2.02033E-3,-2.21408E-3,-2.47126E-3,-2.38633E-3,-2.49901E-3,-2.39857E-3,-2.48765E-3,-1.96926E-3,-1.86690E-3,-1.71209E-3,-1.67687E-3,-1.40621E-3,-9.91946E-4,-1.27248E-3,-1.00711E-3,-7.81173E-4,-1.03615E-3,-8.60856E-4,-4.08355E-4,-9.18888E-4,-6.90984E-4,-7.23106E-4,-8.44296E-4,-2.56973E-4,-1.07610E-3,-5.11605E-4,-7.13970E-4,-8.30625E-4,-5.30244E-4,-1.02792E-3,-6.63043E-4,-6.90403E-4,-8.77076E-4,-9.77935E-4,-9.24797E-4,-1.21871E-3,-1.02051E-3,-9.02517E-4,-1.00183E-3,-1.51207E-3,-1.31041E-3,-1.55155E-3,-1.34413E-3,-1.50620E-3,-1.50848E-3,-1.34549E-3,-1.74007E-3,-1.44524E-3,-1.56657E-3,-1.53199E-3,-1.71364E-3,-1.80542E-3,-1.95261E-3,-1.66819E-3,-1.68181E-3,-1.87296E-3,-2.17761E-3,-2.21446E-3,-2.09095E-3,-2.38552E-3,-2.56819E-3,-2.46511E-3,-2.58987E-3,-3.13899E-3,-3.07853E-3,-2.90546E-3,-3.10641E-3,-3.06790E-3,-3.43429E-3,-3.43954E-3,-3.29979E-3,-2.96174E-3,-3.28163E-3,-3.73717E-3,-3.23128E-3,-3.09312E-3,-3.26379E-3,-3.30160E-3,-3.39713E-3,-3.57599E-3,-3.23207E-3,-3.35284E-3,-3.23873E-3,-3.20724E-3,-2.98879E-3,-2.88358E-3,-2.72114E-3,-2.53866E-3,-2.69137E-3,-2.43898E-3,-3.03667E-3,-2.54051E-3,-2.47364E-3,-2.68384E-3,-2.53454E-3,-2.50371E-3,-2.38426E-3,-2.15123E-3,-2.35663E-3,-2.20064E-3,-1.84463E-3,-1.76141E-3,-1.95248E-3,-1.90782E-3,-1.70717E-3,-2.08590E-3,-1.68772E-3,-2.05515E-3,-2.12145E-3,-1.96563E-3,-2.13296E-3,-1.83145E-3,-1.62150E-3,-2.02541E-3,-2.21377E-3,-2.16253E-3,-2.43790E-3,-2.51550E-3,-2.57946E-3,-2.54615E-3,-2.46828E-3,-2.86496E-3,-2.86913E-3,-2.70877E-3,-3.45690E-3,-3.13742E-3,-2.73057E-3,-2.73958E-3,-2.25799E-3,-2.65032E-3,-2.95231E-3,-2.21462E-3,-2.41973E-3,-2.24930E-3,-2.19265E-3,-2.57763E-3,-2.36093E-3,-2.48342E-3,-2.35543E-3,-2.26513E-3,-2.24225E-3
1.01529E+3,7.87966E-5,1.01069E-4,6.15941E-5,8.53602E-5,-1.15891E-4,-1.34106E-4,2.30103E-4,3.04624E-4,-1.32875E-4,-2.44600E-5,2.33923E-4,2.76663E-4,-3.16919E-4,-4.24380E-4,-2.23502E-4,-1.72086E-4,-3.22963E-4,-1.09549E-3,-8.64094E-4,-9.35067E-4,-9.80345E-4,-1.62940E-3,-2.23764E-3,-2.04579E-3,-2.01536E-3,-2.49202E-3,-2.41061E-3,-2.39005E-3,-2.75989E-3,-2.41514E-3,-2.50826E-3,-2.54641E-3,-2.70633E-3,-2.18537E-3,-2.02332E-3,-1.98777E-3,-1.76266E-3,-1.61665E-3,-1.14160E-3,-1.55207E-3,-1.12444E-3,-9.41981E-4,-1.19963E-3,-9.15247E-4,-5.03833E-4,-1.04321E-3,-7.91173E-4,-8.10006E-4,-8.58507E-4,-1.38048E-4,-1.19142E-3,-4.21815E-4,-7.59247E-4,-1.00977E-3,-6.85467E-4,-1.13717E-3,-8.36421E-4,-7.02588E-4,-1.08028E-3,-1.17466E-3,-1.03393E-3,-1.47388E-3,-9.70541E-4,-9.55873E-4,-1.23937E-3,-1.58626E-3,-1.19665E-3,-1.37820E-3,-1.29811E-3,-1.46307E-3,-1.64345E-3,-1.28584E-3,-1.91230E-3,-1.46470E-3,-1.68033E-3,-1.43743E-3,-1.80423E-3,-2.02151E-3,-2.01809E-3,-1.90597E-3,-1.87268E-3,-2.02242E-3,-2.23613E-3,-2.28389E-3,-2.34215E-3,-2.51921E-3,-2.54474E-3,-2.52081E-3,-2.60837E-3,-3.18613E-3,-3.13164E-3,-3.02032E-3,-3.21258E-3,-2.94184E-3,-3.25828E-3,-3.42342E-3,-3.29805E-3,-2.93894E-3,-3.26924E-3,-3.79283E-3,-3.28288E-3,-3.13235E-3,-3.31151E-3,-3.29837E-3,-3.64583E-3,-3.53627E-3,-3.43946E-3,-3.26707E-3,-3.21670E-3,-3.23110E-3,-2.98205E-3,-2.93729E-3,-2.83642E-3,-2.76990E-3,-2.94009E-3,-2.51957E-3,-3.04439E-3,-2.65271E-3,-2.55034E-3,-2.51897E-3,-2.47948E-3,-2.53977E-3,-2.36230E-3,-2.38469E-3,-2.44944E-3,-2.10200E-3,-1.81275E-3,-1.74352E-3,-1.98189E-3,-2.11601E-3,-1.71647E-3,-1.95455E-3,-1.81755E-3,-1.93853E-3,-2.09263E-3,-1.94543E-3,-2.07017E-3,-1.87294E-3,-1.63014E-3,-1.98911E-3,-2.20505E-3,-2.18495E-3,-2.34313E-3,-2.67139E-3,-2.47527E-3,-2.66446E-3,-2.47677E-3,-2.98721E-3,-2.71767E-3,-2.93182E-3,-3.49167E-3,-3.06257E-3,-2.86322E-3,-2.90021E-3,-2.22584E-3,-2.42274E-3,-2.90896E-3,-2.22592E-3,-2.20938E-3,-2.32443E-3,-2.18564E-3,-2.53416E-3,-2.36373E-3,-2.61691E-3,-2.27831E-3,-2.47583E-3,-2.34847E-3
1.01872E+3,5.45697E-5,8.45500E-5,1.01533E-4,1.61407E-4,-1.88969E-5,-2.84607E-4,2.35529E-4,3.24020E-4,-1.44140E-4,-2.81487E-4,3.47346E-4,3.34231E-4,-2.87906E-4,-3.94050E-4,-2.32100E-4,-1.74916E-4,-5.40419E-4,-1.38290E-3,-1.26283E-3,-1.30078E-3,-1.30587E-3,-1.78888E-3,-2.46554E-3,-1.95319E-3,-2.23995E-3,-2.49545E-3,-2.54805E-3,-2.38304E-3,-2.71581E-3,-2.40160E-3,-2.47515E-3,-2.51482E-3,-2.51549E-3,-1.97699E-3,-1.78891E-3,-1.70942E-3,-1.71713E-3,-1.49647E-3,-8.05323E-4,-1.24420E-3,-7.12126E-4,-6.70710E-4,-9.25661E-4,-9.43453E-4,-1.68604E-4,-7.76612E-4,-6.79416E-4,-7.29316E-4,-8.17852E-4,-1.86469E-4,-1.01236E-3,-4.67809E-4,-6.20068E-4,-9.48536E-4,-4.36097E-4,-8.65552E-4,-6.32515E-4,-4.16992E-4,-7.58716E-4,-8.96013E-4,-7.11623E-4,-1.20612E-3,-7.80386E-4,-9.07809E-4,-9.30502E-4,-1.50778E-3,-1.06995E-3,-1.27400E-3,-1.25502E-3,-1.16501E-3,-1.41533E-3,-1.25882E-3,-1.68169E-3,-1.35062E-3,-1.54424E-3,-1.44988E-3,-1.67116E-3,-1.77106E-3,-1.84385E-3,-1.50587E-3,-1.53741E-3,-1.85858E-3,-2.10778E-3,-2.16332E-3,-2.14554E-3,-2.36148E-3,-2.56275E-3,-2.39726E-3,-2.43609E-3,-3.02031E-3,-2.98110E-3,-2.78422E-3,-3.01154E-3,-2.88705E-3,-3.13980E-3,-3.39368E-3,-3.20537E-3,-2.97878E-3,-3.09515E-3,-3.73864E-3,-3.31268E-3,-3.12693E-3,-3.29895E-3,-3.34294E-3,-3.26407E-3,-3.31110E-3,-3.37590E-3,-3.14943E-3,-3.26745E-3,-3.20510E-3,-2.91615E-3,-2.85489E-3,-2.82449E-3,-2.77507E-3,-2.87336E-3,-2.36716E-3,-3.17753E-3,-2.65039E-3,-2.54442E-3,-2.42364E-3,-2.59607E-3,-2.44655E-3,-2.49186E-3,-2.27871E-3,-2.31723E-3,-2.13973E-3,-1.83176E-3,-1.69949E-3,-2.08409E-3,-2.06631E-3,-1.54179E-3,-1.89896E-3,-1.82844E-3,-1.93971E-3,-2.09032E-3,-1.92211E-3,-2.03575E-3,-1.92304E-3,-1.64474E-3,-1.97928E-3,-2.31066E-3,-2.14096E-3,-2.37238E-3,-2.54997E-3,-2.50367E-3,-2.68573E-3,-2.49286E-3,-2.85907E-3,-2.74933E-3,-2.91058E-3,-3.44467E-3,-2.99830E-3,-2.79651E-3,-2.74761E-3,-2.17525E-3,-2.60368E-3,-2.76476E-3,-2.22789E-3,-2.18396E-3,-2.16415E-3,-2.04640E-3,-2.65607E-3,-2.18696E-3,-2.62131E-3,-2.25400E-3,-2.33719E-3,-2.28353E-3
1.02216E+3,1.72586E-4,4.94745E-5,1.04343E-4,4.28269E-5,-1.96875E-5,-2.18164E-4,2.31123E-4,2.83899E-4,-1.41876E-4,-1.85638E-4,3.21716E-4,2.83215E-4,-1.67672E-4,-3.43986E-4,-4.12159E-4,-2.79920E-4,-5.01197E-4,-1.57940E-3,-1.29840E-3,-1.24207E-3,-1.46376E-3,-2.10288E-3,-2.52784E-3,-2.20001E-3,-2.30482E-3,-2.73590E-3,-2.64760E-3,-2.71706E-3,-2.79009E-3,-2.51420E-3,-2.79135E-3,-2.78584E-3,-2.68747E-3,-2.27979E-3,-2.01423E-3,-1.93838E-3,-1.89052E-3,-1.66239E-3,-1.08530E-3,-1.57595E-3,-1.17612E-3,-9.77418E-4,-1.26593E-3,-1.01953E-3,-4.52938E-4,-1.03125E-3,-8.47754E-4,-9.13646E-4,-9.88546E-4,-5.03558E-4,-1.35348E-3,-6.11902E-4,-8.37603E-4,-1.01600E-3,-5.85508E-4,-1.16518E-3,-9.29489E-4,-6.41938E-4,-8.30059E-4,-1.20158E-3,-1.09351E-3,-1.54454E-3,-1.01509E-3,-1.00829E-3,-1.08012E-3,-1.74685E-3,-1.27267E-3,-1.37852E-3,-1.40036E-3,-1.37852E-3,-1.49561E-3,-1.28457E-3,-1.97094E-3,-1.57594E-3,-1.67620E-3,-1.69009E-3,-1.84594E-3,-2.00906E-3,-2.09520E-3,-1.94416E-3,-1.80509E-3,-1.96235E-3,-2.22668E-3,-2.38509E-3,-2.47792E-3,-2.42127E-3,-2.65058E-3,-2.50987E-3,-2.65865E-3,-3.18319E-3,-3.19257E-3,-3.11683E-3,-3.31601E-3,-3.04836E-3,-3.24270E-3,-3.51359E-3,-3.32150E-3,-3.06425E-3,-3.30540E-3,-3.87895E-3,-3.44502E-3,-3.33513E-3,-3.14545E-3,-3.48911E-3,-3.40045E-3,-3.52928E-3,-3.44080E-3,-3.30030E-3,-3.30995E-3,-3.33519E-3,-3.08105E-3,-2.93419E-3,-2.87977E-3,-2.85189E-3,-3.00049E-3,-2.62002E-3,-3.25274E-3,-2.72488E-3,-2.47703E-3,-2.64712E-3,-2.58713E-3,-2.58015E-3,-2.31815E-3,-2.26729E-3,-2.38345E-3,-2.11378E-3,-1.76124E-3,-1.86774E-3,-2.14755E-3,-2.09206E-3,-1.67411E-3,-1.99590E-3,-1.84722E-3,-1.84140E-3,-2.08170E-3,-1.96091E-3,-2.03577E-3,-1.96320E-3,-1.73964E-3,-2.11291E-3,-2.34492E-3,-2.25564E-3,-2.34361E-3,-2.61575E-3,-2.45640E-3,-2.66574E-3,-2.53480E-3,-2.92069E-3,-2.83742E-3,-2.92059E-3,-3.32936E-3,-3.01376E-3,-2.95061E-3,-2.85445E-3,-2.15991E-3,-2.49632E-3,-3.14410E-3,-2.29055E-3,-2.22971E-3,-2.31794E-3,-2.12907E-3,-2.72133E-3,-2.25926E-3,-2.59182E-3,-2.25698E-3,-2.34915E-3,-2.45506E-3
1.02560E+3,4.34507E-5,1.11701E-4,2.81182E-5,-3.23639E-5,-8.32293E-5,-1.66056E-4,2.49114E-4,3.76943E-4,-2.03895E-4,-1.49657E-4,3.48488E-4,3.50119E-4,-2.33684E-4,-4.15818E-4,-2.23231E-4,-3.47016E-4,-5.99614E-4,-1.61974E-3,-1.43930E-3,-1.45766E-3,-1.65548E-3,-2.23634E-3,-2.76266E-3,-2.40278E-3,-2.55811E-3,-2.77831E-3,-2.81847E-3,-2.78873E-3,-2.90294E-3,-2.59281E-3,-2.76272E-3,-2.78385E-3,-2.77049E-3,-2.34438E-3,-2.05952E-3,-1.92314E-3,-1.94143E-3,-1.77120E-3,-1.04674E-3,-1.47546E-3,-1.14727E-3,-1.01083E-3,-1.42741E-3,-1.29493E-3,-4.00623E-4,-9.16671E-4,-9.01857E-4,-9.26568E-4,-9.18849E-4,-5.30335E-4,-1.39546E-3,-6.29694E-4,-8.33947E-4,-1.10929E-3,-6.68285E-4,-1.20049E-3,-8.67720E-4,-6.46895E-4,-8.77092E-4,-1.16330E-3,-9.54851E-4,-1.51342E-3,-9.64141E-4,-1.00471E-3,-1.15293E-3,-1.72810E-3,-1.31184E-3,-1.61485E-3,-1.27666E-3,-1.36140E-3,-1.58307E-3,-1.46964E-3,-2.04114E-3,-1.63166E-3,-1.77580E-3,-1.57653E-3,-1.84011E-3,-1.96640E-3,-2.22581E-3,-1.87658E-3,-1.79338E-3,-1.96141E-3,-2.34375E-3,-2.34901E-3,-2.38275E-3,-2.41833E-3,-2.76684E-3,-2.51769E-3,-2.64072E-3,-3.15682E-3,-3.08333E-3,-2.95423E-3,-3.27532E-3,-3.12079E-3,-3.19636E-3,-3.51975E-3,-3.43902E-3,-2.97444E-3,-3.26965E-3,-3.81527E-3,-3.38519E-3,-3.25693E-3,-3.36943E-3,-3.31869E-3,-3.43040E-3,-3.60282E-3,-3.31113E-3,-3.24246E-3,-3.23033E-3,-3.35106E-3,-3.09809E-3,-2.90317E-3,-2.83831E-3,-2.79592E-3,-3.00662E-3,-2.40692E-3,-3.34839E-3,-2.75293E-3,-2.50477E-3,-2.64571E-3,-2.70822E-3,-2.62029E-3,-2.34060E-3,-2.34157E-3,-2.37984E-3,-2.16743E-3,-1.82823E-3,-1.73561E-3,-2.00328E-3,-1.98527E-3,-1.72143E-3,-2.06377E-3,-1.82857E-3,-1.96705E-3,-2.20743E-3,-1.84965E-3,-2.05220E-3,-1.98253E-3,-1.71967E-3,-2.13285E-3,-2.32557E-3,-2.20480E-3,-2.19851E-3,-2.62136E-3,-2.56339E-3,-2.73285E-3,-2.46304E-3,-2.79058E-3,-2.78031E-3,-2.99518E-3,-3.56181E-3,-3.23526E-3,-2.73483E-3,-2.92205E-3,-2.16456E-3,-2.53314E-3,-3.13950E-3,-2.23042E-3,-2.04784E-3,-2.23230E-3,-2.11282E-3,-2.59447E-3,-2.23395E-3,-2.55619E-3,-2.31731E-3,-2.43430E-3,-2.27495E-3
1.02904E+3,1.87746E-5,3.37430E-5,-2.59594E-5,1.67770E-4,-2.13188E-5,-1.55125E-4,2.57225E-4,3.04456E-4,-2.14176E-4,-2.28878E-4,3.25130E-4,3.80235E-4,-1.10886E-4,-4.68298E-4,-2.62691E-4,-1.52890E-4,-4.93257E-4,-1.80165E-3,-1.60917E-3,-1.61651E-3,-1.86792E-3,-2.46581E-3,-2.87486E-3,-2.43143E-3,-2.73762E-3,-3.03136E-3,-2.79295E-3,-2.85406E-3,-2.96632E-3,-2.54936E-3,-2.90035E-3,-2.81078E-3,-2.53549E-3,-2.25962E-3,-1.91147E-3,-1.79464E-3,-1.70091E-3,-1.68400E-3,-9.17087E-4,-1.36448E-3,-1.06041E-3,-8.97276E-4,-1.24472E-3,-1.09566E-3,-1.56165E-4,-9.81861E-4,-8.10576E-4,-8.21295E-4,-9.88225E-4,-5.31231E-4,-1.49400E-3,-5.18965E-4,-6.38045E-4,-9.23127E-4,-3.57345E-4,-1.13086E-3,-8.58458E-4,-4.90358E-4,-6.73215E-4,-8.95030E-4,-7.69674E-4,-1.46558E-3,-8.75140E-4,-9.23165E-4,-1.00239E-3,-1.61123E-3,-1.20013E-3,-1.44477E-3,-1.22837E-3,-1.25687E-3,-1.52666E-3,-1.34504E-3,-1.87010E-3,-1.59800E-3,-1.62730E-3,-1.59579E-3,-1.80965E-3,-1.72808E-3,-2.04026E-3,-1.70458E-3,-1.78400E-3,-1.86084E-3,-2.07574E-3,-2.33282E-3,-2.41503E-3,-2.42121E-3,-2.67669E-3,-2.55957E-3,-2.55270E-3,-3.14376E-3,-3.03275E-3,-2.92054E-3,-3.39866E-3,-3.05953E-3,-3.11438E-3,-3.39662E-3,-3.31824E-3,-2.95147E-3,-3.24889E-3,-3.72591E-3,-3.29782E-3,-3.22254E-3,-3.30479E-3,-3.52357E-3,-3.38279E-3,-3.48899E-3,-3.25266E-3,-3.26233E-3,-3.16744E-3,-3.35241E-3,-3.12971E-3,-3.01269E-3,-2.77967E-3,-2.83119E-3,-3.01651E-3,-2.51877E-3,-3.22961E-3,-2.66678E-3,-2.60984E-3,-2.48017E-3,-2.66065E-3,-2.60189E-3,-2.35019E-3,-2.32929E-3,-2.40602E-3,-2.11716E-3,-1.70789E-3,-1.77655E-3,-2.03604E-3,-2.15417E-3,-1.62319E-3,-1.98347E-3,-1.83980E-3,-1.96268E-3,-1.99643E-3,-1.88248E-3,-1.82640E-3,-1.85200E-3,-1.66563E-3,-2.11070E-3,-2.34546E-3,-2.27196E-3,-2.27387E-3,-2.71591E-3,-2.45371E-3,-2.68420E-3,-2.53456E-3,-2.81307E-3,-2.87861E-3,-2.88919E-3,-3.59496E-3,-3.14040E-3,-2.90703E-3,-2.97832E-3,-2.20675E-3,-2.69765E-3,-3.04560E-3,-2.36224E-3,-2.08184E-3,-2.31588E-3,-2.16739E-3,-2.65080E-3,-2.21737E-3,-2.63314E-3,-2.31432E-3,-2.33764E-3,-2.43131E-3
1.03249E+3,7.49233E-5,2.58205E-4,1.36137E-4,-4.38708E-5,-1.40644E-6,-1.27555E-4,1.77966E-4,1.21967E-4,-1.43481E-4,-1.45051E-4,3.03671E-4,4.36846E-4,-1.83824E-4,-4.98158E-4,-3.66367E-4,-2.02925E-4,-4.11061E-4,-1.77232E-3,-1.66156E-3,-1.87154E-3,-2.11280E-3,-2.72685E-3,-3.05898E-3,-2.51267E-3,-2.82204E-3,-3.20315E-3,-2.90104E-3,-2.96676E-3,-3.01237E-3,-2.72889E-3,-2.95996E-3,-2.84777E-3,-2.54347E-3,-2.32330E-3,-1.99890E-3,-1.70426E-3,-1.82738E-3,-1.67844E-3,-1.05195E-3,-1.30774E-3,-1.06908E-3,-9.01235E-4,-1.23468E-3,-1.21657E-3,-2.20934E-4,-9.25838E-4,-7.29609E-4,-8.33210E-4,-1.06148E-3,-4.67955E-4,-1.39586E-3,-7.48286E-4,-6.51977E-4,-9.94035E-4,-3.90691E-4,-1.09859E-3,-9.68708E-4,-5.13251E-4,-6.04674E-4,-9.08546E-4,-6.78894E-4,-1.44471E-3,-8.13093E-4,-8.17646E-4,-1.05149E-3,-1.60411E-3,-1.07369E-3,-1.44424E-3,-1.15394E-3,-1.23820E-3,-1.46239E-3,-1.25112E-3,-1.93292E-3,-1.52489E-3,-1.64754E-3,-1.50816E-3,-1.74453E-3,-1.82131E-3,-2.10950E-3,-1.66865E-3,-1.88937E-3,-1.87909E-3,-2.25408E-3,-2.19824E-3,-2.40874E-3,-2.36358E-3,-2.55843E-3,-2.45627E-3,-2.58130E-3,-3.09629E-3,-3.15093E-3,-2.93994E-3,-3.29703E-3,-3.03639E-3,-3.15793E-3,-3.50365E-3,-3.37710E-3,-3.15159E-3,-3.25716E-3,-3.73373E-3,-3.35377E-3,-3.26390E-3,-3.35090E-3,-3.48884E-3,-3.29981E-3,-3.56380E-3,-3.41050E-3,-3.26619E-3,-3.24661E-3,-3.34475E-3,-3.12813E-3,-2.99384E-3,-2.82248E-3,-2.70442E-3,-3.13362E-3,-2.66711E-3,-3.25612E-3,-2.65526E-3,-2.51001E-3,-2.54951E-3,-2.67794E-3,-2.65172E-3,-2.37379E-3,-2.46225E-3,-2.40848E-3,-2.00427E-3,-1.67474E-3,-1.96157E-3,-2.17119E-3,-2.15900E-3,-1.62379E-3,-2.18029E-3,-1.93300E-3,-1.99474E-3,-2.04730E-3,-1.87362E-3,-1.94748E-3,-1.87298E-3,-1.70163E-3,-2.01730E-3,-2.44945E-3,-2.38292E-3,-2.33880E-3,-2.68474E-3,-2.46624E-3,-2.71556E-3,-2.54706E-3,-2.83436E-3,-2.78417E-3,-3.11673E-3,-3.56191E-3,-3.21614E-3,-2.96793E-3,-2.94181E-3,-2.26072E-3,-2.81009E-3,-3.11644E-3,-2.25838E-3,-1.97516E-3,-2.24307E-3,-2.28794E-3,-2.69365E-3,-2.35322E-3,-2.69834E-3,-2.31391E-3,-2.42658E-3,-2.32544E-3
1.03593E+3,6.98274E-5,2.44651E-4,6.53929E-5,4.68816E-5,-1.49925E-5,-1.29433E-4,1.18012E-4,2.46075E-4,-1.27129E-4,-1.79738E-4,2.45008E-4,4.10395E-4,-1.16251E-4,-4.87462E-4,-3.91238E-4,-1.47503E-4,-4.49844E-4,-1.75528E-3,-1.82401E-3,-1.99304E-3,-2.27044E-3,-2.89049E-3,-3.01057E-3,-2.64445E-3,-2.93813E-3,-3.44253E-3,-3.08252E-3,-3.20139E-3,-3.20201E-3,-2.79568E-3,-3.30536E-3,-3.10971E-3,-2.67889E-3,-2.46342E-3,-2.13359E-3,-1.90088E-3,-1.91422E-3,-1.90031E-3,-1.17841E-3,-1.48774E-3,-1.18395E-3,-1.04156E-3,-1.57393E-3,-1.39514E-3,-3.21912E-4,-1.02461E-3,-9.14215E-4,-1.05847E-3,-1.13889E-3,-7.17277E-4,-1.68856E-3,-9.19839E-4,-8.33943E-4,-1.01302E-3,-4.71663E-4,-1.28432E-3,-1.00695E-3,-5.58368E-4,-6.20950E-4,-9.36860E-4,-6.90832E-4,-1.66126E-3,-8.99177E-4,-9.45255E-4,-1.12420E-3,-1.71405E-3,-1.22257E-3,-1.51990E-3,-1.28392E-3,-1.32482E-3,-1.51404E-3,-1.24737E-3,-2.09826E-3,-1.55304E-3,-1.60585E-3,-1.57775E-3,-1.92724E-3,-1.94598E-3,-2.18053E-3,-1.78127E-3,-2.01643E-3,-2.00724E-3,-2.24864E-3,-2.33225E-3,-2.47382E-3,-2.43720E-3,-2.69412E-3,-2.44629E-3,-2.61853E-3,-3.12860E-3,-3.16399E-3,-3.00124E-3,-3.37249E-3,-3.08542E-3,-3.19989E-3,-3.50762E-3,-3.39201E-3,-3.05618E-3,-3.33973E-3,-3.79791E-3,-3.32622E-3,-3.38104E-3,-3.35929E-3,-3.58611E-3,-3.40393E-3,-3.64258E-3,-3.35972E-3,-3.43501E-3,-3.41572E-3,-3.37712E-3,-3.20439E-3,-3.20197E-3,-2.90130E-3,-2.86860E-3,-3.20928E-3,-2.63576E-3,-3.28302E-3,-2.74031E-3,-2.56987E-3,-2.68035E-3,-2.67869E-3,-2.77127E-3,-2.36576E-3,-2.37978E-3,-2.43235E-3,-2.23590E-3,-1.78340E-3,-1.90968E-3,-2.01982E-3,-2.20027E-3,-1.58202E-3,-2.03077E-3,-1.94833E-3,-2.08221E-3,-2.15746E-3,-1.87165E-3,-1.89139E-3,-1.83772E-3,-1.70747E-3,-2.03452E-3,-2.42832E-3,-2.30682E-3,-2.29933E-3,-2.75068E-3,-2.48605E-3,-2.60524E-3,-2.41898E-3,-2.88065E-3,-2.83673E-3,-3.02249E-3,-3.32974E-3,-3.28362E-3,-3.08599E-3,-2.87968E-3,-2.20701E-3,-2.73099E-3,-3.17719E-3,-2.37189E-3,-1.99884E-3,-2.39845E-3,-2.17403E-3,-2.64191E-3,-2.30856E-3,-2.72476E-3,-2.32360E-3,-2.41720E-3,-2.38724E-3
1.03937E+3,3.68511E-5,2.45435E-4,1.10009E-4,-3.06125E-5,-4.85266E-5,-1.89674E-4,1.44777E-4,2.31611E-4,-5.92446E-5,-1.89063E-4,2.74827E-4,4.90938E-4,-1.09455E-4,-5.14273E-4,-3.93598E-4,-2.21137E-4,-4.76793E-4,-1.79524E-3,-1.70989E-3,-2.13897E-3,-2.52355E-3,-3.06238E-3,-3.15475E-3,-2.69844E-3,-3.07717E-3,-3.64839E-3,-3.23663E-3,-3.29861E-3,-3.38972E-3,-3.02821E-3,-3.44533E-3,-3.21704E-3,-2.83136E-3,-2.79131E-3,-2.27700E-3,-2.00393E-3,-2.14979E-3,-1.98848E-3,-1.34939E-3,-1.66743E-3,-1.37422E-3,-1.30154E-3,-1.51830E-3,-1.55961E-3,-3.67991E-4,-1.05967E-3,-1.01619E-3,-1.24229E-3,-1.42738E-3,-8.70817E-4,-1.73794E-3,-1.12634E-3,-8.69904E-4,-1.17689E-3,-4.81368E-4,-1.48084E-3,-1.06580E-3,-5.94194E-4,-7.32982E-4,-1.03659E-3,-7.48705E-4,-1.76707E-3,-9.38766E-4,-1.04384E-3,-1.11986E-3,-1.81610E-3,-1.21459E-3,-1.69083E-3,-1.40731E-3,-1.33892E-3,-1.66310E-3,-1.27519E-3,-2.26601E-3,-1.73307E-3,-1.81728E-3,-1.70056E-3,-2.03817E-3,-2.00087E-3,-2.20110E-3,-1.82319E-3,-2.19749E-3,-2.06357E-3,-2.35201E-3,-2.32842E-3,-2.53226E-3,-2.45348E-3,-2.70640E-3,-2.65970E-3,-2.65153E-3,-3.11361E-3,-3.19474E-3,-2.95243E-3,-3.49781E-3,-3.13388E-3,-3.28146E-3,-3.77046E-3,-3.52412E-3,-3.06135E-3,-3.49537E-3,-3.87840E-3,-3.40077E-3,-3.36968E-3,-3.42201E-3,-3.62729E-3,-3.32795E-3,-3.69788E-3,-3.47917E-3,-3.44742E-3,-3.28359E-3,-3.50464E-3,-3.22322E-3,-3.10658E-3,-3.03159E-3,-2.98172E-3,-3.24480E-3,-2.65779E-3,-3.28293E-3,-2.89165E-3,-2.58139E-3,-2.76417E-3,-2.72562E-3,-2.68439E-3,-2.57735E-3,-2.43346E-3,-2.49586E-3,-2.07006E-3,-1.74279E-3,-1.92786E-3,-2.09293E-3,-2.25046E-3,-1.51913E-3,-2.23190E-3,-2.16777E-3,-2.05342E-3,-2.02667E-3,-1.88435E-3,-1.94837E-3,-1.91120E-3,-1.76797E-3,-2.09934E-3,-2.53039E-3,-2.39764E-3,-2.38176E-3,-2.66328E-3,-2.64457E-3,-2.60626E-3,-2.51493E-3,-2.83353E-3,-2.80251E-3,-3.13077E-3,-3.46494E-3,-3.24368E-3,-3.07205E-3,-2.98665E-3,-2.25696E-3,-2.82978E-3,-3.22688E-3,-2.38844E-3,-1.95850E-3,-2.26507E-3,-2.27483E-3,-2.77679E-3,-2.28414E-3,-2.77172E-3,-2.34060E-3,-2.43617E-3,-2.48533E-3
1.04281E+3,1.29315E-4,2.29434E-4,1.72564E-4,4.26248E-5,-1.47487E-4,-1.37408E-4,1.73273E-4,2.95854E-4,1.65860E-6,-2.14444E-4,2.08985E-4,3.89725E-4,-1.66700E-4,-5.85376E-4,-3.92017E-4,-2.18476E-4,-4.09978E-4,-1.84200E-3,-1.85743E-3,-2.26864E-3,-2.65697E-3,-3.21920E-3,-3.30488E-3,-2.78760E-3,-3.36142E-3,-3.77862E-3,-3.47469E-3,-3.50958E-3,-3.58864E-3,-3.24001E-3,-3.76361E-3,-3.30897E-3,-2.96589E-3,-2.90550E-3,-2.35800E-3,-2.09275E-3,-2.16250E-3,-2.08174E-3,-1.48221E-3,-1.78195E-3,-1.50592E-3,-1.33172E-3,-1.82810E-3,-1.62243E-3,-4.07888E-4,-1.32094E-3,-1.17890E-3,-1.40758E-3,-1.51737E-3,-8.30242E-4,-1.89548E-3,-1.28328E-3,-9.50219E-4,-1.17360E-3,-6.32789E-4,-1.44964E-3,-1.14500E-3,-6.88528E-4,-7.23330E-4,-1.07181E-3,-7.76974E-4,-1.78748E-3,-1.01264E-3,-9.98388E-4,-1.19794E-3,-1.78736E-3,-1.37828E-3,-1.72423E-3,-1.32938E-3,-1.34302E-3,-1.71848E-3,-1.46320E-3,-2.26205E-3,-1.66794E-3,-1.72790E-3,-1.66275E-3,-2.00276E-3,-2.00657E-3,-2.24822E-3,-1.76684E-3,-2.23148E-3,-2.09482E-3,-2.22379E-3,-2.49388E-3,-2.60930E-3,-2.54636E-3,-2.81052E-3,-2.59887E-3,-2.64973E-3,-3.13044E-3,-3.24343E-3,-2.96179E-3,-3.40911E-3,-3.16064E-3,-3.37977E-3,-3.69003E-3,-3.53519E-3,-3.10415E-3,-3.62705E-3,-3.96537E-3,-3.42527E-3,-3.42593E-3,-3.36013E-3,-3.71387E-3,-3.42631E-3,-3.62743E-3,-3.42070E-3,-3.38411E-3,-3.30401E-3,-3.56291E-3,-3.38676E-3,-3.05641E-3,-2.92014E-3,-2.82090E-3,-3.40297E-3,-2.69197E-3,-3.38035E-3,-2.87393E-3,-2.59469E-3,-2.74122E-3,-2.79628E-3,-2.80891E-3,-2.39601E-3,-2.54406E-3,-2.55823E-3,-2.17254E-3,-1.71134E-3,-1.89511E-3,-2.25413E-3,-2.25794E-3,-1.57976E-3,-2.11302E-3,-2.02566E-3,-2.15498E-3,-2.01031E-3,-1.99151E-3,-1.95990E-3,-2.01019E-3,-1.84623E-3,-2.09025E-3,-2.40741E-3,-2.41032E-3,-2.44155E-3,-2.80684E-3,-2.64383E-3,-2.72309E-3,-2.52073E-3,-2.90694E-3,-2.84409E-3,-3.19702E-3,-3.46017E-3,-3.39454E-3,-3.12756E-3,-3.02154E-3,-2.34842E-3,-2.93892E-3,-3.26745E-3,-2.40941E-3,-1.94130E-3,-2.43990E-3,-2.46518E-3,-2.73261E-3,-2.34247E-3,-2.78414E-3,-2.38032E-3,-2.52731E-3,-2.50899E-3
1.04626E+3,1.07296E-4,2.29703E-4,8.28392E-5,2.87034E-5,-1.46541E-4,-1.15607E-4,1.56331E-4,2.78394E-4,1.15500E-4,-2.13966E-4,1.55327E-4,2.82547E-4,-7.18851E-5,-6.01989E-4,-2.86653E-4,-1.52603E-4,-3.79498E-4,-1.68294E-3,-1.89238E-3,-2.38088E-3,-2.81280E-3,-3.23000E-3,-3.21708E-3,-2.80445E-3,-3.39229E-3,-3.94519E-3,-3.66570E-3,-3.61790E-3,-3.74444E-3,-3.45448E-3,-3.94500E-3,-3.68151E-3,-3.11156E-3,-3.18038E-3,-2.50195E-3,-2.27969E-3,-2.36060E-3,-2.37486E-3,-1.62614E-3,-1.88538E-3,-1.76704E-3,-1.55613E-3,-1.96301E-3,-1.72252E-3,-4.95852E-4,-1.39895E-3,-1.33623E-3,-1.57224E-3,-1.70508E-3,-1.20221E-3,-2.07232E-3,-1.43162E-3,-1.09801E-3,-1.27152E-3,-6.64316E-4,-1.58590E-3,-1.32202E-3,-6.90615E-4,-8.22330E-4,-1.19301E-3,-8.55786E-4,-1.85320E-3,-1.04807E-3,-1.06456E-3,-1.30903E-3,-1.83778E-3,-1.44782E-3,-1.89620E-3,-1.51777E-3,-1.49572E-3,-1.79043E-3,-1.55076E-3,-2.35278E-3,-1.88421E-3,-1.82536E-3,-1.64759E-3,-2.13831E-3,-2.17092E-3,-2.32430E-3,-1.97714E-3,-2.37169E-3,-2.24653E-3,-2.43173E-3,-2.48198E-3,-2.61746E-3,-2.58021E-3,-2.88108E-3,-2.71346E-3,-2.78476E-3,-3.25557E-3,-3.30466E-3,-3.08463E-3,-3.55255E-3,-3.22369E-3,-3.44899E-3,-3.83556E-3,-3.64252E-3,-3.16997E-3,-3.63671E-3,-3.96158E-3,-3.44919E-3,-3.47357E-3,-3.52061E-3,-3.72498E-3,-3.30782E-3,-3.76690E-3,-3.43004E-3,-3.46256E-3,-3.42089E-3,-3.55718E-3,-3.44099E-3,-3.21009E-3,-3.10590E-3,-2.91259E-3,-3.40151E-3,-2.67780E-3,-3.25725E-3,-2.96768E-3,-2.72723E-3,-2.92690E-3,-2.85121E-3,-2.67905E-3,-2.47809E-3,-2.58640E-3,-2.60859E-3,-2.17041E-3,-1.98598E-3,-2.03977E-3,-2.32675E-3,-2.36504E-3,-1.56830E-3,-2.16228E-3,-2.01399E-3,-2.09737E-3,-2.04046E-3,-1.94706E-3,-2.06582E-3,-2.00461E-3,-1.85611E-3,-2.23429E-3,-2.54616E-3,-2.43200E-3,-2.43339E-3,-2.74896E-3,-2.74554E-3,-2.61316E-3,-2.55155E-3,-2.96009E-3,-2.78141E-3,-3.22611E-3,-3.46489E-3,-3.43902E-3,-3.11247E-3,-3.06056E-3,-2.44317E-3,-3.03573E-3,-3.19807E-3,-2.47620E-3,-1.92263E-3,-2.47137E-3,-2.38809E-3,-2.86008E-3,-2.39289E-3,-2.85027E-3,-2.56718E-3,-2.60580E-3,-2.46473E-3
1.04970E+3,7.72988E-5,2.48574E-4,1.63465E-4,7.67818E-5,-1.57376E-4,-1.54878E-4,1.36256E-4,2.27160E-4,6.80706E-5,-2.09843E-4,2.39326E-4,2.98250E-4,-4.21291E-5,-5.55679E-4,-4.15276E-4,-6.16425E-5,-3.12421E-4,-1.81910E-3,-1.77241E-3,-2.49921E-3,-2.91586E-3,-3.28473E-3,-3.11515E-3,-2.77048E-3,-3.60070E-3,-4.09725E-3,-3.81351E-3,-3.68352E-3,-3.98593E-3,-3.72809E-3,-4.17837E-3,-3.78800E-3,-3.31739E-3,-3.52037E-3,-2.70967E-3,-2.53032E-3,-2.62013E-3,-2.47688E-3,-1.97042E-3,-2.05428E-3,-2.08645E-3,-1.81867E-3,-2.18803E-3,-1.97440E-3,-9.09711E-4,-1.63594E-3,-1.61135E-3,-1.72948E-3,-1.93947E-3,-1.37708E-3,-2.26822E-3,-1.74674E-3,-1.32427E-3,-1.40065E-3,-7.05246E-4,-1.77833E-3,-1.43311E-3,-8.39149E-4,-8.57665E-4,-1.17671E-3,-9.05875E-4,-1.95273E-3,-1.11062E-3,-1.26080E-3,-1.44368E-3,-1.88510E-3,-1.68112E-3,-2.07839E-3,-1.63388E-3,-1.54672E-3,-1.86457E-3,-1.77391E-3,-2.48522E-3,-2.03552E-3,-1.91040E-3,-1.93067E-3,-2.23033E-3,-2.26748E-3,-2.52027E-3,-2.16076E-3,-2.50846E-3,-2.24565E-3,-2.52157E-3,-2.63538E-3,-2.71414E-3,-2.57999E-3,-2.84259E-3,-2.81057E-3,-2.87250E-3,-3.26746E-3,-3.34034E-3,-3.12466E-3,-3.64603E-3,-3.27647E-3,-3.54545E-3,-3.78886E-3,-3.67141E-3,-3.19264E-3,-3.75209E-3,-4.08730E-3,-3.48177E-3,-3.45418E-3,-3.59501E-3,-3.96536E-3,-3.50189E-3,-3.77946E-3,-3.59539E-3,-3.46015E-3,-3.50035E-3,-3.58716E-3,-3.47224E-3,-3.34325E-3,-3.07834E-3,-3.07256E-3,-3.53327E-3,-2.81687E-3,-3.29086E-3,-3.01318E-3,-2.63121E-3,-2.85750E-3,-2.79633E-3,-2.89193E-3,-2.46547E-3,-2.60357E-3,-2.64855E-3,-2.09966E-3,-1.83773E-3,-2.21281E-3,-2.26053E-3,-2.39171E-3,-1.57879E-3,-2.22905E-3,-2.12791E-3,-2.22938E-3,-2.04733E-3,-1.93112E-3,-1.97687E-3,-2.01643E-3,-1.93749E-3,-2.21462E-3,-2.54811E-3,-2.49101E-3,-2.32888E-3,-2.78289E-3,-2.70936E-3,-2.68883E-3,-2.54459E-3,-2.93887E-3,-2.96012E-3,-3.25693E-3,-3.40956E-3,-3.41381E-3,-3.13014E-3,-3.06277E-3,-2.39692E-3,-2.97279E-3,-3.29060E-3,-2.42989E-3,-2.06969E-3,-2.44922E-3,-2.45097E-3,-2.92854E-3,-2.45007E-3,-2.86335E-3,-2.52591E-3,-2.51038E-3,-2.47706E-3
1.05315E+3,1.85997E-4,2.29073E-4,1.16013E-4,-1.08708E-5,-1.40392E-4,-2.36628E-4,2.05510E-4,1.64935E-4,1.05547E-4,-2.95669E-4,1.33275E-4,3.84720E-4,1.48492E-5,-6.24515E-4,-2.31845E-4,-1.26706E-4,-2.92867E-4,-1.57919E-3,-1.77656E-3,-2.51620E-3,-3.02341E-3,-3.12253E-3,-3.07782E-3,-2.74857E-3,-3.66596E-3,-4.12517E-3,-3.91933E-3,-3.89394E-3,-4.04252E-3,-3.92316E-3,-4.27765E-3,-3.91647E-3,-3.35632E-3,-3.57121E-3,-2.85921E-3,-2.52413E-3,-2.65519E-3,-2.64295E-3,-2.11638E-3,-2.16593E-3,-2.09112E-3,-1.85698E-3,-2.18785E-3,-1.86202E-3,-8.21827E-4,-1.92764E-3,-1.80537E-3,-1.81980E-3,-2.15053E-3,-1.64831E-3,-2.49068E-3,-1.93494E-3,-1.37750E-3,-1.31927E-3,-8.80971E-4,-1.80739E-3,-1.54750E-3,-7.67087E-4,-9.29190E-4,-1.20461E-3,-8.85386E-4,-1.97003E-3,-1.03357E-3,-1.26302E-3,-1.43402E-3,-2.00966E-3,-1.78304E-3,-1.99911E-3,-1.59917E-3,-1.63121E-3,-1.93288E-3,-1.65417E-3,-2.35879E-3,-2.08410E-3,-1.89118E-3,-1.94365E-3,-2.22044E-3,-2.18153E-3,-2.49376E-3,-2.12479E-3,-2.57515E-3,-2.26079E-3,-2.42968E-3,-2.60131E-3,-2.71901E-3,-2.53472E-3,-2.95616E-3,-2.88231E-3,-2.80114E-3,-3.21452E-3,-3.29881E-3,-3.08584E-3,-3.67200E-3,-3.29089E-3,-3.45717E-3,-4.00356E-3,-3.80951E-3,-3.19281E-3,-3.88290E-3,-4.07368E-3,-3.55746E-3,-3.45156E-3,-3.65674E-3,-3.96568E-3,-3.50756E-3,-3.79206E-3,-3.56408E-3,-3.49132E-3,-3.47185E-3,-3.63167E-3,-3.71571E-3,-3.33596E-3,-3.25024E-3,-3.04834E-3,-3.54785E-3,-2.96887E-3,-3.21962E-3,-3.13973E-3,-2.68670E-3,-3.08112E-3,-2.88938E-3,-2.77341E-3,-2.48314E-3,-2.62796E-3,-2.76644E-3,-2.13967E-3,-2.01300E-3,-2.28090E-3,-2.22554E-3,-2.34473E-3,-1.55584E-3,-2.26615E-3,-2.20768E-3,-2.17157E-3,-2.20332E-3,-1.88995E-3,-2.01449E-3,-2.09709E-3,-1.91891E-3,-2.20435E-3,-2.62716E-3,-2.58291E-3,-2.46748E-3,-2.84736E-3,-2.83104E-3,-2.69306E-3,-2.59296E-3,-2.88324E-3,-2.93978E-3,-3.27357E-3,-3.49924E-3,-3.39970E-3,-3.27253E-3,-3.12275E-3,-2.59176E-3,-3.06271E-3,-3.35625E-3,-2.57856E-3,-2.03627E-3,-2.61732E-3,-2.34613E-3,-2.90897E-3,-2.61767E-3,-2.91081E-3,-2.58215E-3,-2.66771E-3,-2.53481E-3
1.05660E+3,1.72384E-4,2.79974E-4,2.12831E-4,2.25914E-6,-1.47857E-4,-2.10578E-4,1.73235E-4,1.93350E-4,1.33427E-4,-2.56741E-4,2.33441E-5,2.77442E-4,-5.15549E-5,-6.05905E-4,-1.95611E-4,1.22461E-5,-1.76431E-4,-1.31123E-3,-1.53364E-3,-2.55336E-3,-3.04509E-3,-3.10398E-3,-2.80080E-3,-2.71360E-3,-3.64876E-3,-4.18768E-3,-3.97167E-3,-4.06033E-3,-4.19701E-3,-4.20368E-3,-4.55834E-3,-4.18804E-3,-3.48143E-3,-4.05097E-3,-3.05232E-3,-2.91832E-3,-2.81804E-3,-2.88958E-3,-2.45762E-3,-2.54896E-3,-2.54108E-3,-2.15224E-3,-2.37912E-3,-2.13471E-3,-1.14714E-3,-2.32051E-3,-1.98913E-3,-2.22697E-3,-2.38531E-3,-1.71831E-3,-2.61437E-3,-2.13789E-3,-1.55633E-3,-1.42131E-3,-9.94936E-4,-1.93306E-3,-1.62585E-3,-1.01976E-3,-1.02635E-3,-1.26088E-3,-1.12001E-3,-2.21599E-3,-1.18626E-3,-1.44908E-3,-1.64196E-3,-2.10459E-3,-1.89278E-3,-2.35543E-3,-1.92379E-3,-1.89830E-3,-2.19819E-3,-1.89427E-3,-2.40666E-3,-2.23435E-3,-1.99871E-3,-2.16329E-3,-2.36223E-3,-2.44501E-3,-2.60278E-3,-2.25241E-3,-2.62530E-3,-2.34581E-3,-2.59583E-3,-2.61632E-3,-2.83146E-3,-2.67422E-3,-3.00196E-3,-2.99166E-3,-3.06673E-3,-3.51898E-3,-3.39901E-3,-3.32150E-3,-3.84194E-3,-3.36409E-3,-3.62683E-3,-4.06024E-3,-3.83940E-3,-3.28852E-3,-3.97012E-3,-4.18807E-3,-3.59472E-3,-3.57093E-3,-3.64837E-3,-4.09589E-3,-3.46614E-3,-4.03866E-3,-3.72078E-3,-3.44866E-3,-3.49385E-3,-3.67266E-3,-3.83338E-3,-3.34460E-3,-3.13073E-3,-3.25429E-3,-3.68719E-3,-3.00802E-3,-3.33742E-3,-3.14823E-3,-2.73578E-3,-3.12374E-3,-2.76242E-3,-2.90136E-3,-2.54083E-3,-2.71150E-3,-2.77064E-3,-2.09745E-3,-2.07340E-3,-2.27362E-3,-2.42753E-3,-2.34520E-3,-1.53654E-3,-2.23369E-3,-2.02048E-3,-2.22004E-3,-2.19683E-3,-1.97557E-3,-2.04793E-3,-2.15803E-3,-1.90897E-3,-2.32253E-3,-2.54474E-3,-2.73984E-3,-2.47525E-3,-2.78100E-3,-2.86563E-3,-2.72342E-3,-2.69081E-3,-2.94397E-3,-2.85396E-3,-3.31786E-3,-3.33658E-3,-3.41553E-3,-3.28922E-3,-3.09349E-3,-2.58580E-3,-2.99897E-3,-3.39997E-3,-2.63721E-3,-2.05363E-3,-2.65890E-3,-2.35232E-3,-2.96438E-3,-2.59282E-3,-2.92164E-3,-2.59703E-3,-2.67271E-3,-2.52076E-3
1.06004E+3,1.97423E-4,1.35703E-4,1.82537E-4,1.01393E-4,-1.17057E-4,-9.87644E-5,2.19713E-4,1.51066E-4,2.94284E-4,-2.83457E-4,2.53326E-5,1.57664E-4,3.90484E-5,-7.79625E-4,-2.25262E-4,-6.96184E-5,-3.37431E-5,-1.18039E-3,-1.31367E-3,-2.32445E-3,-2.82413E-3,-2.93314E-3,-2.61442E-3,-2.52851E-3,-3.43664E-3,-4.19968E-3,-4.02649E-3,-4.03588E-3,-4.26332E-3,-4.37676E-3,-4.57745E-3,-4.32211E-3,-3.72350E-3,-4.28790E-3,-3.23832E-3,-3.00147E-3,-3.01527E-3,-3.11176E-3,-2.68259E-3,-2.52922E-3,-2.87147E-3,-2.36109E-3,-2.41489E-3,-2.28038E-3,-1.47054E-3,-2.45189E-3,-2.14523E-3,-2.25650E-3,-2.51119E-3,-1.94064E-3,-2.65469E-3,-2.17163E-3,-1.66749E-3,-1.54596E-3,-1.16205E-3,-1.96725E-3,-1.72612E-3,-1.07542E-3,-1.29726E-3,-1.43394E-3,-1.10378E-3,-2.30035E-3,-1.27649E-3,-1.53080E-3,-1.75198E-3,-2.15753E-3,-1.92736E-3,-2.40451E-3,-2.00766E-3,-1.97018E-3,-2.22789E-3,-1.93360E-3,-2.62699E-3,-2.34983E-3,-2.00712E-3,-2.21804E-3,-2.40994E-3,-2.50528E-3,-2.78045E-3,-2.31224E-3,-2.77349E-3,-2.37094E-3,-2.57634E-3,-2.67933E-3,-2.83459E-3,-2.59697E-3,-3.00346E-3,-3.07666E-3,-3.12204E-3,-3.54314E-3,-3.35485E-3,-3.23303E-3,-3.81084E-3,-3.46278E-3,-3.72398E-3,-4.16433E-3,-3.82723E-3,-3.34855E-3,-3.99076E-3,-4.25339E-3,-3.64178E-3,-3.58898E-3,-3.69754E-3,-4.14418E-3,-3.63468E-3,-4.15407E-3,-3.71822E-3,-3.47890E-3,-3.40084E-3,-3.69238E-3,-3.81548E-3,-3.30393E-3,-3.15473E-3,-3.28868E-3,-3.70737E-3,-2.94040E-3,-3.18607E-3,-3.22925E-3,-2.83450E-3,-3.28272E-3,-2.94095E-3,-2.87795E-3,-2.49499E-3,-2.62081E-3,-2.78834E-3,-2.22571E-3,-2.05142E-3,-2.38463E-3,-2.34430E-3,-2.40158E-3,-1.58541E-3,-2.17428E-3,-2.24211E-3,-2.17452E-3,-2.21466E-3,-2.11331E-3,-2.16426E-3,-2.14288E-3,-1.98228E-3,-2.28993E-3,-2.57934E-3,-2.78324E-3,-2.51779E-3,-2.84818E-3,-2.91004E-3,-2.71881E-3,-2.74902E-3,-2.94776E-3,-2.95849E-3,-3.37837E-3,-3.37231E-3,-3.26461E-3,-3.19464E-3,-3.06906E-3,-2.66479E-3,-2.98380E-3,-3.31953E-3,-2.69550E-3,-2.07758E-3,-2.52182E-3,-2.40857E-3,-2.98532E-3,-2.67873E-3,-2.86549E-3,-2.59885E-3,-2.67932E-3,-2.57222E-3
1.06349E+3,1.60464E-4,1.91605E-4,3.04955E-4,1.25907E-4,-2.40097E-4,-7.48298E-5,2.09100E-4,2.27134E-4,2.07589E-4,-2.95264E-4,3.41311E-5,3.92020E-5,-5.78721E-5,-6.74975E-4,-1.57050E-4,3.23468E-5,1.09773E-5,-8.33876E-4,-9.84552E-4,-2.22008E-3,-2.75559E-3,-2.68269E-3,-2.29580E-3,-2.42372E-3,-3.42991E-3,-4.15392E-3,-3.98795E-3,-4.02778E-3,-4.25345E-3,-4.51271E-3,-4.69023E-3,-4.46884E-3,-3.69925E-3,-4.35881E-3,-3.37567E-3,-3.21859E-3,-3.01567E-3,-3.08358E-3,-2.78661E-3,-2.57957E-3,-2.88540E-3,-2.30019E-3,-2.32789E-3,-2.25557E-3,-1.44633E-3,-2.49313E-3,-2.22593E-3,-2.26019E-3,-2.57731E-3,-2.01693E-3,-2.71210E-3,-2.25323E-3,-1.65642E-3,-1.50204E-3,-1.01741E-3,-1.99261E-3,-1.54859E-3,-9.75408E-4,-1.10233E-3,-1.32350E-3,-9.84615E-4,-2.15312E-3,-1.25156E-3,-1.46098E-3,-1.58591E-3,-1.95906E-3,-2.15077E-3,-2.44972E-3,-2.09131E-3,-2.00934E-3,-2.10085E-3,-1.85934E-3,-2.36610E-3,-2.35010E-3,-1.96867E-3,-2.18704E-3,-2.31145E-3,-2.34722E-3,-2.68164E-3,-2.38499E-3,-2.69777E-3,-2.27839E-3,-2.57212E-3,-2.63891E-3,-2.74023E-3,-2.59333E-3,-3.03203E-3,-3.07928E-3,-3.13762E-3,-3.54189E-3,-3.33948E-3,-3.21643E-3,-3.77710E-3,-3.42379E-3,-3.82457E-3,-4.05495E-3,-3.81573E-3,-3.44108E-3,-4.06352E-3,-4.24934E-3,-3.61622E-3,-3.56436E-3,-3.74213E-3,-4.12600E-3,-3.74311E-3,-4.15439E-3,-3.77040E-3,-3.43751E-3,-3.54373E-3,-3.74406E-3,-3.84483E-3,-3.37500E-3,-3.26481E-3,-3.24603E-3,-3.66802E-3,-3.01407E-3,-3.31771E-3,-3.24565E-3,-2.73526E-3,-3.36971E-3,-2.73040E-3,-2.87129E-3,-2.59016E-3,-2.69705E-3,-2.78948E-3,-2.34262E-3,-2.17127E-3,-2.43128E-3,-2.40033E-3,-2.33138E-3,-1.53542E-3,-2.24110E-3,-2.04862E-3,-2.17961E-3,-2.27504E-3,-2.11382E-3,-2.15388E-3,-2.20469E-3,-1.93071E-3,-2.27253E-3,-2.49850E-3,-2.79385E-3,-2.59597E-3,-2.88192E-3,-2.94384E-3,-2.69390E-3,-2.83783E-3,-3.07315E-3,-2.88408E-3,-3.38657E-3,-3.26136E-3,-3.42445E-3,-3.14902E-3,-3.01528E-3,-2.78261E-3,-3.02621E-3,-3.37441E-3,-2.61398E-3,-2.23763E-3,-2.65325E-3,-2.38118E-3,-2.92520E-3,-2.97779E-3,-2.95811E-3,-2.65513E-3,-2.78717E-3,-2.58143E-3
1.06694E+3,1.96730E-4,1.80050E-4,2.72250E-4,1.17554E-4,-9.73317E-5,-1.83464E-4,2.70838E-4,2.67559E-4,1.63282E-4,-3.60214E-4,-3.55774E-5,6.45113E-5,-1.11168E-4,-6.45713E-4,-9.93062E-5,5.13989E-5,1.50203E-4,-6.49957E-4,-7.11026E-4,-1.83642E-3,-2.50198E-3,-2.21123E-3,-2.10457E-3,-2.30838E-3,-3.30295E-3,-4.08002E-3,-4.14580E-3,-4.15132E-3,-4.53219E-3,-4.91041E-3,-4.95026E-3,-4.84230E-3,-4.09348E-3,-4.72151E-3,-3.82021E-3,-3.76457E-3,-3.38837E-3,-3.40054E-3,-3.13880E-3,-2.92370E-3,-3.32463E-3,-2.60251E-3,-2.52703E-3,-2.56628E-3,-1.94727E-3,-2.92834E-3,-2.65031E-3,-2.51407E-3,-2.74561E-3,-2.22097E-3,-2.99074E-3,-2.40704E-3,-1.96502E-3,-1.71320E-3,-1.34998E-3,-2.20807E-3,-1.85804E-3,-1.18755E-3,-1.47192E-3,-1.58057E-3,-1.28182E-3,-2.36227E-3,-1.43346E-3,-1.78012E-3,-1.92212E-3,-2.11459E-3,-2.37085E-3,-2.62632E-3,-2.49873E-3,-2.29738E-3,-2.30105E-3,-2.00802E-3,-2.48977E-3,-2.53287E-3,-2.17808E-3,-2.46277E-3,-2.46014E-3,-2.63665E-3,-2.79767E-3,-2.61109E-3,-2.88798E-3,-2.30017E-3,-2.68662E-3,-2.67907E-3,-2.78332E-3,-2.72901E-3,-3.15618E-3,-3.27029E-3,-3.38391E-3,-3.53957E-3,-3.54029E-3,-3.39094E-3,-3.94919E-3,-3.36058E-3,-4.06454E-3,-3.99682E-3,-3.80653E-3,-3.42892E-3,-3.99130E-3,-4.32989E-3,-3.76543E-3,-3.53030E-3,-3.67391E-3,-4.20282E-3,-3.69933E-3,-4.26304E-3,-3.87368E-3,-3.38206E-3,-3.53592E-3,-3.63831E-3,-3.96571E-3,-3.37997E-3,-3.32687E-3,-3.35760E-3,-3.72265E-3,-3.07535E-3,-3.26464E-3,-3.20976E-3,-2.84695E-3,-3.47723E-3,-2.64342E-3,-2.87461E-3,-2.58810E-3,-2.61041E-3,-2.74966E-3,-2.36188E-3,-2.10295E-3,-2.35586E-3,-2.48583E-3,-2.31546E-3,-1.55533E-3,-2.22502E-3,-2.00513E-3,-2.11299E-3,-2.41783E-3,-2.15107E-3,-2.38797E-3,-2.22912E-3,-2.07508E-3,-2.40563E-3,-2.50245E-3,-2.86854E-3,-2.76363E-3,-2.92318E-3,-2.89246E-3,-2.71990E-3,-2.75625E-3,-3.00228E-3,-2.91242E-3,-3.39668E-3,-3.47269E-3,-3.24794E-3,-3.13680E-3,-3.07987E-3,-2.84635E-3,-2.91885E-3,-3.42864E-3,-2.67760E-3,-2.29556E-3,-2.62573E-3,-2.40256E-3,-2.91166E-3,-2.95904E-3,-2.88403E-3,-2.63094E-3,-2.83923E-3,-2.54494E-3
1.07039E+3,2.23663E-4,1.80859E-4,2.46185E-4,9.20806E-5,-1.03779E-4,-1.51909E-4,2.30466E-4,2.07793E-4,3.58296E-4,-3.40757E-4,-2.68656E-5,-1.73781E-5,-1.96776E-4,-6.86012E-4,-1.58651E-5,1.69261E-4,6.08503E-5,-5.35292E-4,-3.51181E-4,-1.51582E-3,-2.17754E-3,-1.85570E-3,-1.79090E-3,-2.16323E-3,-3.09118E-3,-4.01320E-3,-4.16867E-3,-3.94949E-3,-4.46200E-3,-5.03061E-3,-5.01184E-3,-5.05939E-3,-4.45294E-3,-5.00010E-3,-4.13681E-3,-4.10340E-3,-3.57052E-3,-3.64649E-3,-3.44235E-3,-3.15408E-3,-3.58220E-3,-2.84774E-3,-2.71883E-3,-2.68964E-3,-2.24458E-3,-3.23654E-3,-2.80818E-3,-2.69908E-3,-3.08274E-3,-2.40743E-3,-3.06833E-3,-2.57436E-3,-2.11231E-3,-1.84778E-3,-1.63955E-3,-2.34143E-3,-1.94283E-3,-1.41248E-3,-1.66358E-3,-1.76930E-3,-1.57719E-3,-2.49715E-3,-1.64950E-3,-1.87886E-3,-2.06942E-3,-2.34366E-3,-2.48747E-3,-2.73081E-3,-2.54596E-3,-2.53114E-3,-2.39556E-3,-2.12581E-3,-2.70492E-3,-2.53537E-3,-2.31585E-3,-2.56995E-3,-2.62024E-3,-2.85212E-3,-2.87183E-3,-2.67709E-3,-2.94315E-3,-2.43523E-3,-2.72491E-3,-2.90923E-3,-2.85141E-3,-2.73983E-3,-3.25468E-3,-3.16135E-3,-3.39482E-3,-3.68224E-3,-3.52524E-3,-3.61912E-3,-3.88215E-3,-3.36774E-3,-4.12946E-3,-4.19408E-3,-3.82033E-3,-3.62880E-3,-4.04920E-3,-4.39096E-3,-3.74614E-3,-3.59133E-3,-3.71037E-3,-4.19935E-3,-3.93758E-3,-4.33274E-3,-3.99638E-3,-3.52625E-3,-3.66714E-3,-3.81596E-3,-3.95847E-3,-3.43703E-3,-3.31583E-3,-3.40766E-3,-3.56517E-3,-3.06787E-3,-3.25369E-3,-3.30819E-3,-2.85813E-3,-3.37221E-3,-2.67080E-3,-2.87718E-3,-2.61024E-3,-2.60839E-3,-2.89239E-3,-2.38849E-3,-2.31275E-3,-2.53520E-3,-2.36698E-3,-2.27633E-3,-1.68840E-3,-2.28320E-3,-1.96809E-3,-2.07895E-3,-2.43851E-3,-2.18021E-3,-2.45316E-3,-2.17235E-3,-1.97013E-3,-2.31142E-3,-2.56265E-3,-2.88095E-3,-2.69915E-3,-2.92448E-3,-2.99328E-3,-2.87721E-3,-2.86740E-3,-3.10655E-3,-2.87896E-3,-3.34963E-3,-3.43025E-3,-3.29405E-3,-3.17497E-3,-3.11694E-3,-2.82894E-3,-2.89349E-3,-3.48453E-3,-2.61442E-3,-2.37601E-3,-2.77808E-3,-2.42824E-3,-2.93436E-3,-3.02519E-3,-2.93080E-3,-2.65154E-3,-2.88264E-3,-2.65806E-3
1.07384E+3,2.20739E-4,1.96266E-4,2.97953E-4,9.69015E-5,-1.44473E-4,-2.37278E-4,3.01204E-4,2.03525E-4,2.85791E-4,-4.14547E-4,4.48456E-5,-7.53221E-5,-1.53118E-4,-6.18730E-4,-3.75874E-6,7.35012E-5,1.66907E-4,-2.95612E-4,-2.47247E-4,-1.09212E-3,-1.75658E-3,-1.36668E-3,-1.75512E-3,-2.06527E-3,-2.98297E-3,-3.85833E-3,-4.19865E-3,-4.06246E-3,-4.66246E-3,-5.27849E-3,-5.16207E-3,-5.29173E-3,-4.93789E-3,-5.41254E-3,-4.52959E-3,-4.55456E-3,-3.91563E-3,-4.09279E-3,-3.66271E-3,-3.60691E-3,-3.76531E-3,-3.11884E-3,-2.97787E-3,-2.93787E-3,-2.83355E-3,-3.66150E-3,-3.08485E-3,-2.85272E-3,-3.04066E-3,-2.62410E-3,-3.34031E-3,-2.70162E-3,-2.41074E-3,-2.14300E-3,-1.94206E-3,-2.68105E-3,-2.18969E-3,-1.78066E-3,-2.05991E-3,-2.18571E-3,-1.83715E-3,-2.65929E-3,-1.97876E-3,-2.06241E-3,-2.33213E-3,-2.43317E-3,-2.69740E-3,-3.05222E-3,-2.85506E-3,-2.75674E-3,-2.43704E-3,-2.38456E-3,-2.60498E-3,-2.77970E-3,-2.57558E-3,-2.73507E-3,-2.69277E-3,-2.87981E-3,-2.91960E-3,-2.87531E-3,-2.97256E-3,-2.59761E-3,-2.92987E-3,-2.90954E-3,-2.95890E-3,-2.90708E-3,-3.33572E-3,-3.37338E-3,-3.66018E-3,-3.98540E-3,-3.61103E-3,-3.67949E-3,-3.76198E-3,-3.62711E-3,-4.24909E-3,-4.20677E-3,-3.88580E-3,-3.43397E-3,-4.14146E-3,-4.42044E-3,-3.78081E-3,-3.60764E-3,-3.69885E-3,-4.26326E-3,-4.10216E-3,-4.45207E-3,-3.98103E-3,-3.54937E-3,-3.77948E-3,-3.85651E-3,-3.94845E-3,-3.39421E-3,-3.29088E-3,-3.43547E-3,-3.54805E-3,-3.00894E-3,-3.35155E-3,-3.18688E-3,-2.87837E-3,-3.61425E-3,-2.58036E-3,-3.00512E-3,-2.61046E-3,-2.47653E-3,-2.80346E-3,-2.31036E-3,-2.36536E-3,-2.59894E-3,-2.42110E-3,-2.29034E-3,-1.82440E-3,-2.18637E-3,-1.94818E-3,-2.16674E-3,-2.44575E-3,-2.19468E-3,-2.62664E-3,-2.23130E-3,-1.94082E-3,-2.37065E-3,-2.46017E-3,-2.78151E-3,-2.66712E-3,-2.96263E-3,-2.85467E-3,-2.87462E-3,-2.86959E-3,-3.12229E-3,-2.88266E-3,-3.36575E-3,-3.34080E-3,-3.32754E-3,-3.14506E-3,-3.14727E-3,-2.84492E-3,-2.90848E-3,-3.57390E-3,-2.73295E-3,-2.48256E-3,-2.73563E-3,-2.40060E-3,-2.92779E-3,-3.10789E-3,-2.97689E-3,-2.52499E-3,-2.89887E-3,-2.57777E-3
1.07729E+3,2.21718E-4,1.26554E-4,2.71180E-4,1.79376E-4,-5.22114E-5,-2.07627E-4,3.41714E-4,1.91671E-4,3.28057E-4,-5.40735E-4,6.40155E-5,-4.81656E-6,-2.43514E-4,-6.57373E-4,-1.80099E-5,5.73010E-5,1.63547E-4,-2.32634E-4,2.06603E-6,-5.82149E-4,-1.46900E-3,-1.15670E-3,-1.56877E-3,-2.17713E-3,-2.94939E-3,-3.71378E-3,-4.08009E-3,-3.96123E-3,-4.67490E-3,-5.43509E-3,-5.23380E-3,-5.36723E-3,-4.97285E-3,-5.41462E-3,-4.71187E-3,-4.76301E-3,-3.89244E-3,-4.14174E-3,-3.72296E-3,-3.52964E-3,-3.94795E-3,-3.14148E-3,-2.91907E-3,-2.97222E-3,-2.81987E-3,-4.02208E-3,-3.16689E-3,-2.92155E-3,-3.11427E-3,-2.64910E-3,-3.32331E-3,-2.53658E-3,-2.46567E-3,-2.22021E-3,-2.05934E-3,-2.73283E-3,-2.21555E-3,-1.78736E-3,-2.22204E-3,-2.16745E-3,-2.03493E-3,-2.64912E-3,-2.00046E-3,-2.13593E-3,-2.39113E-3,-2.43654E-3,-2.83183E-3,-3.01044E-3,-2.90392E-3,-2.77717E-3,-2.56134E-3,-2.46699E-3,-2.67201E-3,-2.84746E-3,-2.70387E-3,-2.66478E-3,-2.64509E-3,-2.96366E-3,-2.90763E-3,-2.92080E-3,-2.98883E-3,-2.62439E-3,-2.96659E-3,-2.81640E-3,-2.86404E-3,-2.83379E-3,-3.28356E-3,-3.39571E-3,-3.60489E-3,-3.90270E-3,-3.60952E-3,-3.79744E-3,-3.80300E-3,-3.54704E-3,-4.15790E-3,-4.14295E-3,-3.75479E-3,-3.52278E-3,-4.06838E-3,-4.55763E-3,-3.90377E-3,-3.41641E-3,-3.67750E-3,-4.08863E-3,-4.07936E-3,-4.45207E-3,-4.11320E-3,-3.54520E-3,-3.67503E-3,-3.90650E-3,-3.86864E-3,-3.27162E-3,-3.25749E-3,-3.28628E-3,-3.45149E-3,-2.97879E-3,-3.35666E-3,-3.24764E-3,-2.86777E-3,-3.51726E-3,-2.57790E-3,-2.96253E-3,-2.57221E-3,-2.57037E-3,-2.83829E-3,-2.32681E-3,-2.40273E-3,-2.55782E-3,-2.42493E-3,-2.24029E-3,-1.78439E-3,-2.28019E-3,-1.83689E-3,-2.12342E-3,-2.45674E-3,-2.17337E-3,-2.64874E-3,-2.23468E-3,-1.97437E-3,-2.41876E-3,-2.34715E-3,-2.77196E-3,-2.79756E-3,-3.07804E-3,-2.94473E-3,-2.89802E-3,-2.77796E-3,-3.11852E-3,-2.88058E-3,-3.44486E-3,-3.41352E-3,-3.21748E-3,-3.05449E-3,-3.07750E-3,-2.96213E-3,-2.88850E-3,-3.73445E-3,-2.60887E-3,-2.55753E-3,-2.71752E-3,-2.42006E-3,-2.72508E-3,-3.13303E-3,-2.85315E-3,-2.68110E-3,-2.73176E-3,-2.60735E-3
1.08074E+3,3.13228E-4,9.90185E-5,4.24626E-4,1.86043E-4,-1.42311E-4,-2.26947E-4,4.35359E-4,1.68259E-4,3.04923E-4,-5.43329E-4,8.01245E-5,-1.34877E-4,-3.54219E-4,-6.07640E-4,-2.25814E-6,8.85006E-5,1.92103E-4,-8.50049E-5,1.12848E-4,-2.42663E-4,-9.70474E-4,-8.81974E-4,-1.56599E-3,-2.15922E-3,-2.78503E-3,-3.63991E-3,-4.03435E-3,-3.99253E-3,-4.77861E-3,-5.57115E-3,-5.26820E-3,-5.49271E-3,-5.20273E-3,-5.48177E-3,-4.83093E-3,-4.89820E-3,-4.01010E-3,-4.23996E-3,-3.78525E-3,-3.68305E-3,-3.90840E-3,-3.09180E-3,-2.90642E-3,-3.04436E-3,-2.84347E-3,-4.00227E-3,-3.21865E-3,-2.89808E-3,-3.08821E-3,-2.63279E-3,-3.18704E-3,-2.60682E-3,-2.47011E-3,-2.28563E-3,-2.00326E-3,-2.69849E-3,-2.18169E-3,-1.88613E-3,-2.24635E-3,-2.15259E-3,-2.21000E-3,-2.50197E-3,-2.05605E-3,-2.12439E-3,-2.38731E-3,-2.52815E-3,-2.82836E-3,-3.07300E-3,-2.96746E-3,-2.85129E-3,-2.49888E-3,-2.27521E-3,-2.38789E-3,-2.72241E-3,-2.70283E-3,-2.72559E-3,-2.65782E-3,-2.84633E-3,-2.80457E-3,-2.72776E-3,-2.86390E-3,-2.66316E-3,-2.90325E-3,-2.79123E-3,-2.82082E-3,-2.79092E-3,-3.22010E-3,-3.38558E-3,-3.58689E-3,-3.99980E-3,-3.58403E-3,-3.69485E-3,-3.68722E-3,-3.47079E-3,-4.12750E-3,-4.06094E-3,-3.77709E-3,-3.48144E-3,-3.99349E-3,-4.49550E-3,-3.84459E-3,-3.48087E-3,-3.54350E-3,-4.03215E-3,-4.10221E-3,-4.37736E-3,-4.07857E-3,-3.54173E-3,-3.73035E-3,-3.81426E-3,-3.80927E-3,-3.21869E-3,-3.14498E-3,-3.37508E-3,-3.28423E-3,-3.05382E-3,-3.26357E-3,-3.19744E-3,-2.87956E-3,-3.54495E-3,-2.57925E-3,-2.75134E-3,-2.71165E-3,-2.47895E-3,-2.84977E-3,-2.34623E-3,-2.44311E-3,-2.48503E-3,-2.35432E-3,-2.25226E-3,-1.76822E-3,-2.29388E-3,-1.83081E-3,-2.03308E-3,-2.50587E-3,-2.21935E-3,-2.71526E-3,-2.20054E-3,-2.05022E-3,-2.36732E-3,-2.31322E-3,-2.76311E-3,-2.81556E-3,-2.97805E-3,-2.90227E-3,-2.98592E-3,-2.86410E-3,-3.05898E-3,-2.99958E-3,-3.40767E-3,-3.35388E-3,-3.14763E-3,-3.08850E-3,-3.11944E-3,-2.79888E-3,-2.81110E-3,-3.74362E-3,-2.67063E-3,-2.56937E-3,-2.71405E-3,-2.38314E-3,-2.67717E-3,-3.10857E-3,-2.79755E-3,-2.54212E-3,-2.74901E-3,-2.57498E-3
1.08419E+3,2.77189E-4,1.46360E-4,4.22028E-4,1.96065E-4,-1.25007E-4,-2.54563E-4,4.47868E-4,1.61076E-4,2.43909E-4,-4.68237E-4,9.27293E-5,-5.28010E-5,-4.41472E-4,-5.97660E-4,-4.74828E-5,-2.79192E-5,8.63101E-5,-2.28708E-4,1.15023E-4,6.12262E-5,-5.33321E-4,-7.82664E-4,-1.63413E-3,-2.11532E-3,-2.60770E-3,-3.46801E-3,-4.08385E-3,-3.99215E-3,-4.84055E-3,-5.68950E-3,-5.38195E-3,-5.68548E-3,-5.60105E-3,-5.76751E-3,-5.20589E-3,-5.16683E-3,-4.23790E-3,-4.53290E-3,-3.90746E-3,-3.89814E-3,-4.09976E-3,-3.33589E-3,-3.11168E-3,-3.28914E-3,-3.07839E-3,-3.94649E-3,-3.33748E-3,-3.01830E-3,-3.04265E-3,-2.65844E-3,-3.27903E-3,-2.61700E-3,-2.70454E-3,-2.43166E-3,-2.33046E-3,-2.74606E-3,-2.31409E-3,-2.12368E-3,-2.54100E-3,-2.44803E-3,-2.40636E-3,-2.61820E-3,-2.30731E-3,-2.29473E-3,-2.48665E-3,-2.57491E-3,-2.88195E-3,-3.07980E-3,-3.12486E-3,-2.95773E-3,-2.63235E-3,-2.45603E-3,-2.50707E-3,-2.78863E-3,-2.79789E-3,-2.86725E-3,-2.83166E-3,-2.99457E-3,-2.88822E-3,-2.88702E-3,-2.92240E-3,-2.78070E-3,-3.16653E-3,-2.87798E-3,-2.89894E-3,-2.82106E-3,-3.37742E-3,-3.44952E-3,-3.58545E-3,-4.10025E-3,-3.68211E-3,-3.68682E-3,-3.75509E-3,-3.46138E-3,-4.27831E-3,-4.07277E-3,-3.73909E-3,-3.53745E-3,-3.88348E-3,-4.55208E-3,-3.85263E-3,-3.33955E-3,-3.67805E-3,-4.00702E-3,-4.08888E-3,-4.32032E-3,-4.11306E-3,-3.65628E-3,-3.78391E-3,-3.84833E-3,-3.84805E-3,-3.40257E-3,-3.19820E-3,-3.31896E-3,-3.28423E-3,-3.03343E-3,-3.31714E-3,-3.18723E-3,-2.94800E-3,-3.51987E-3,-2.60280E-3,-2.97076E-3,-2.58220E-3,-2.34512E-3,-2.85204E-3,-2.33093E-3,-2.44456E-3,-2.40273E-3,-2.39401E-3,-2.16036E-3,-1.78289E-3,-2.40058E-3,-1.71660E-3,-2.02734E-3,-2.50389E-3,-2.21578E-3,-2.79907E-3,-2.18235E-3,-1.80998E-3,-2.36046E-3,-2.30765E-3,-2.78628E-3,-2.88890E-3,-2.95726E-3,-2.92922E-3,-2.99163E-3,-2.94555E-3,-3.04914E-3,-2.78022E-3,-3.41077E-3,-3.41369E-3,-3.10758E-3,-2.97466E-3,-3.16970E-3,-2.81703E-3,-2.81688E-3,-3.67079E-3,-2.63141E-3,-2.82390E-3,-2.75579E-3,-2.36071E-3,-2.68769E-3,-3.10847E-3,-2.83136E-3,-2.51906E-3,-2.80005E-3,-2.46101E-3
1.08764E+3,3.10045E-4,3.08685E-5,4.40129E-4,1.86777E-4,6.60441E-6,-3.36383E-4,4.59798E-4,1.42241E-4,2.85167E-4,-5.07537E-4,1.17517E-4,-1.87945E-4,-4.80161E-4,-4.04717E-4,-6.24031E-5,9.99205E-7,1.40429E-4,-1.72237E-4,1.33538E-4,3.44761E-4,-1.74506E-4,-6.05162E-4,-1.63269E-3,-2.15700E-3,-2.64522E-3,-3.51596E-3,-4.15354E-3,-4.17878E-3,-5.05922E-3,-5.71301E-3,-5.66340E-3,-5.83996E-3,-6.13214E-3,-5.97186E-3,-5.50278E-3,-5.56350E-3,-4.52265E-3,-4.82635E-3,-4.10328E-3,-4.18594E-3,-4.50577E-3,-3.62017E-3,-3.34350E-3,-3.50406E-3,-3.39256E-3,-4.21672E-3,-3.49986E-3,-3.04077E-3,-3.31256E-3,-2.75010E-3,-3.47724E-3,-2.68686E-3,-2.95753E-3,-2.74244E-3,-2.61791E-3,-3.04657E-3,-2.44691E-3,-2.45011E-3,-2.99609E-3,-2.86770E-3,-2.69598E-3,-2.81140E-3,-2.55737E-3,-2.42189E-3,-2.75558E-3,-2.83344E-3,-3.02048E-3,-3.19183E-3,-3.31898E-3,-3.16126E-3,-2.84859E-3,-2.53718E-3,-2.67184E-3,-2.86702E-3,-2.95184E-3,-2.98391E-3,-2.94944E-3,-3.14859E-3,-3.06131E-3,-2.98106E-3,-2.97009E-3,-2.91097E-3,-3.20656E-3,-3.05150E-3,-3.01279E-3,-3.07809E-3,-3.55388E-3,-3.57185E-3,-3.85931E-3,-4.27593E-3,-3.79736E-3,-3.84379E-3,-3.80878E-3,-3.53884E-3,-4.29015E-3,-4.15182E-3,-3.81316E-3,-3.63909E-3,-3.96455E-3,-4.62866E-3,-3.92134E-3,-3.44220E-3,-3.67489E-3,-4.01583E-3,-4.18406E-3,-4.45073E-3,-4.11538E-3,-3.72204E-3,-3.79177E-3,-3.94398E-3,-3.72837E-3,-3.42442E-3,-3.20062E-3,-3.25565E-3,-3.24689E-3,-3.00584E-3,-3.23109E-3,-3.17669E-3,-2.86362E-3,-3.57560E-3,-2.52402E-3,-2.91922E-3,-2.60153E-3,-2.39299E-3,-2.90083E-3,-2.43357E-3,-2.40973E-3,-2.41095E-3,-2.37967E-3,-2.12706E-3,-1.85352E-3,-2.42232E-3,-1.71848E-3,-1.97639E-3,-2.64251E-3,-2.19267E-3,-2.78027E-3,-2.19905E-3,-1.98420E-3,-2.36541E-3,-2.20802E-3,-2.75970E-3,-2.92473E-3,-3.00054E-3,-2.88988E-3,-3.02989E-3,-2.91366E-3,-3.26686E-3,-2.83286E-3,-3.41576E-3,-3.34422E-3,-3.16688E-3,-3.04129E-3,-3.13686E-3,-2.76509E-3,-2.79943E-3,-3.83012E-3,-2.61526E-3,-2.96704E-3,-2.68955E-3,-2.25442E-3,-2.63566E-3,-3.19811E-3,-2.82108E-3,-2.59643E-3,-2.72493E-3,-2.34803E-3
1.09110E+3,2.36568E-4,4.19603E-5,5.14598E-4,1.44045E-4,-3.62952E-5,-2.66342E-4,4.52985E-4,1.13574E-4,1.97419E-4,-4.75581E-4,1.10286E-4,-1.17209E-4,-4.62183E-4,-4.22308E-4,-3.15180E-5,7.07135E-5,5.23631E-5,-4.43215E-4,6.17357E-5,4.93449E-4,1.00102E-5,-6.12337E-4,-1.59029E-3,-2.00650E-3,-2.28262E-3,-3.11999E-3,-3.74330E-3,-3.65386E-3,-4.51547E-3,-5.22123E-3,-4.96789E-3,-5.25096E-3,-5.63183E-3,-5.30406E-3,-4.99947E-3,-5.09158E-3,-4.06213E-3,-4.38280E-3,-3.66790E-3,-3.80951E-3,-3.95185E-3,-3.16954E-3,-3.06857E-3,-3.27749E-3,-3.16830E-3,-3.85354E-3,-3.11157E-3,-2.73092E-3,-2.92690E-3,-2.41333E-3,-3.06911E-3,-2.29329E-3,-2.70760E-3,-2.40559E-3,-2.39135E-3,-2.67187E-3,-2.20168E-3,-2.08078E-3,-2.66535E-3,-2.60940E-3,-2.60764E-3,-2.52301E-3,-2.33195E-3,-2.07491E-3,-2.44172E-3,-2.52458E-3,-2.69361E-3,-2.86439E-3,-3.07540E-3,-2.74360E-3,-2.42510E-3,-2.34016E-3,-2.41582E-3,-2.55834E-3,-2.66745E-3,-2.62447E-3,-2.61157E-3,-2.81804E-3,-2.67935E-3,-2.64364E-3,-2.60919E-3,-2.66286E-3,-3.02399E-3,-2.67310E-3,-2.67710E-3,-2.79909E-3,-3.14065E-3,-3.09757E-3,-3.30919E-3,-3.90093E-3,-3.42038E-3,-3.37556E-3,-3.41042E-3,-3.09816E-3,-3.86745E-3,-3.78301E-3,-3.42001E-3,-3.20804E-3,-3.38562E-3,-4.20075E-3,-3.49940E-3,-3.07940E-3,-3.23738E-3,-3.41036E-3,-3.82730E-3,-3.91797E-3,-3.74463E-3,-3.29683E-3,-3.39390E-3,-3.48660E-3,-3.29551E-3,-3.05777E-3,-2.84166E-3,-3.00064E-3,-2.89440E-3,-2.69488E-3,-2.88190E-3,-2.81630E-3,-2.49985E-3,-3.19579E-3,-2.23234E-3,-2.60019E-3,-2.26571E-3,-2.02274E-3,-2.69967E-3,-2.11705E-3,-2.18326E-3,-2.01217E-3,-2.04842E-3,-2.04138E-3,-1.69269E-3,-2.13126E-3,-1.58628E-3,-1.77062E-3,-2.30259E-3,-1.99527E-3,-2.54361E-3,-1.94409E-3,-1.72361E-3,-2.17925E-3,-1.99903E-3,-2.48374E-3,-2.65367E-3,-2.75390E-3,-2.60254E-3,-2.80142E-3,-2.57967E-3,-3.00514E-3,-2.50167E-3,-3.09853E-3,-3.13625E-3,-2.82470E-3,-2.63259E-3,-2.85889E-3,-2.50237E-3,-2.47236E-3,-3.45643E-3,-2.32457E-3,-2.65627E-3,-2.38835E-3,-2.10637E-3,-2.31296E-3,-2.78923E-3,-2.57966E-3,-2.28725E-3,-2.53161E-3,-2.26716E-3
1.09455E+3,3.01640E-4,3.65799E-5,4.54142E-4,1.56725E-4,-3.77302E-5,-3.21080E-4,5.19801E-4,1.08089E-4,2.43643E-4,-6.03403E-4,3.13246E-4,-3.99054E-5,-6.53081E-4,-4.47315E-4,-3.13500E-5,9.44876E-6,-2.13033E-5,-5.07946E-4,-6.54006E-5,4.42128E-4,1.33845E-4,-8.05000E-4,-2.06190E-3,-2.36556E-3,-2.80492E-3,-3.51360E-3,-4.23483E-3,-4.34310E-3,-5.25022E-3,-5.95530E-3,-5.81861E-3,-5.98684E-3,-6.37460E-3,-5.98985E-3,-5.53303E-3,-5.81146E-3,-4.64728E-3,-5.01880E-3,-4.15239E-3,-4.29731E-3,-4.53337E-3,-3.64205E-3,-3.57378E-3,-3.79919E-3,-3.42159E-3,-4.34212E-3,-3.59706E-3,-3.26156E-3,-3.42255E-3,-2.78696E-3,-3.51609E-3,-2.78879E-3,-3.04013E-3,-2.91154E-3,-2.66906E-3,-3.21747E-3,-2.61787E-3,-2.50352E-3,-3.11316E-3,-2.86874E-3,-2.82899E-3,-2.92851E-3,-2.62146E-3,-2.47308E-3,-2.88163E-3,-3.01580E-3,-3.06847E-3,-3.22154E-3,-3.32053E-3,-3.20819E-3,-2.81244E-3,-2.57609E-3,-2.85490E-3,-2.95230E-3,-3.14858E-3,-3.03502E-3,-2.92505E-3,-3.29704E-3,-3.10311E-3,-3.00257E-3,-3.01739E-3,-3.03762E-3,-3.43592E-3,-3.18825E-3,-3.02898E-3,-3.18366E-3,-3.51654E-3,-3.59722E-3,-3.82364E-3,-4.33234E-3,-3.76899E-3,-3.87299E-3,-3.95602E-3,-3.52654E-3,-4.29573E-3,-4.19817E-3,-3.82322E-3,-3.64814E-3,-3.83000E-3,-4.71350E-3,-3.94469E-3,-3.45187E-3,-3.60152E-3,-3.93616E-3,-4.27720E-3,-4.30511E-3,-4.15010E-3,-3.78834E-3,-3.82137E-3,-3.95135E-3,-3.72891E-3,-3.45907E-3,-3.17598E-3,-3.35438E-3,-3.18890E-3,-2.92230E-3,-3.46512E-3,-3.25021E-3,-2.84830E-3,-3.55063E-3,-2.64151E-3,-2.95198E-3,-2.55354E-3,-2.34468E-3,-2.98677E-3,-2.41767E-3,-2.32567E-3,-2.24010E-3,-2.38320E-3,-2.22306E-3,-1.92539E-3,-2.33989E-3,-1.62891E-3,-1.91512E-3,-2.63625E-3,-2.30362E-3,-2.79836E-3,-2.10075E-3,-1.86765E-3,-2.37126E-3,-2.16113E-3,-2.74227E-3,-2.87901E-3,-3.04153E-3,-3.00106E-3,-3.20489E-3,-2.82781E-3,-3.29452E-3,-2.89476E-3,-3.37557E-3,-3.49817E-3,-3.27314E-3,-2.97162E-3,-3.20726E-3,-2.64151E-3,-2.84882E-3,-3.91180E-3,-2.63601E-3,-3.04894E-3,-2.74971E-3,-2.45278E-3,-2.57270E-3,-3.20263E-3,-2.88515E-3,-2.54940E-3,-2.70296E-3,-2.48662E-3
1.09801E+3,2.60442E-4,1.18938E-4,5.01052E-4,1.74392E-4,-4.25564E-5,-2.90318E-4,5.55578E-4,1.15681E-4,1.73587E-4,-6.22885E-4,2.19458E-4,-4.36112E-5,-5.99001E-4,-3.78815E-4,-1.41943E-4,-2.55177E-5,-7.55776E-5,-6.90110E-4,-1.31914E-4,5.32340E-4,2.42515E-4,-8.15595E-4,-2.16816E-3,-2.40415E-3,-2.63161E-3,-3.41198E-3,-4.02985E-3,-4.12184E-3,-5.11599E-3,-5.63811E-3,-5.55477E-3,-5.75126E-3,-6.35808E-3,-5.79652E-3,-5.51929E-3,-5.63952E-3,-4.56926E-3,-5.04430E-3,-4.01190E-3,-4.37902E-3,-4.37844E-3,-3.71475E-3,-3.59071E-3,-3.79043E-3,-3.42199E-3,-4.28664E-3,-3.39636E-3,-3.02902E-3,-3.27883E-3,-2.66462E-3,-3.48773E-3,-2.64956E-3,-3.08400E-3,-2.86680E-3,-2.65806E-3,-3.12693E-3,-2.47819E-3,-2.56366E-3,-3.15078E-3,-3.10981E-3,-3.07064E-3,-2.88721E-3,-2.64435E-3,-2.37770E-3,-2.73193E-3,-2.99554E-3,-2.92567E-3,-3.13200E-3,-3.33107E-3,-3.08011E-3,-2.87735E-3,-2.48140E-3,-2.86156E-3,-2.87201E-3,-3.16888E-3,-2.88914E-3,-2.88355E-3,-3.16982E-3,-3.11361E-3,-2.91976E-3,-2.79082E-3,-2.95264E-3,-3.35070E-3,-3.15665E-3,-3.02079E-3,-3.14707E-3,-3.41269E-3,-3.41497E-3,-3.62802E-3,-4.32360E-3,-3.72114E-3,-3.78202E-3,-3.75185E-3,-3.51314E-3,-4.23616E-3,-4.03422E-3,-3.72182E-3,-3.49650E-3,-3.68860E-3,-4.54841E-3,-3.76510E-3,-3.33878E-3,-3.48824E-3,-3.63393E-3,-4.11269E-3,-4.06037E-3,-3.92736E-3,-3.63601E-3,-3.76368E-3,-3.88869E-3,-3.61018E-3,-3.35594E-3,-3.00589E-3,-3.19255E-3,-3.02200E-3,-2.91028E-3,-3.47026E-3,-3.01214E-3,-2.70943E-3,-3.31652E-3,-2.50193E-3,-2.76666E-3,-2.43054E-3,-2.25013E-3,-2.88403E-3,-2.28950E-3,-2.25882E-3,-2.16167E-3,-2.23045E-3,-2.14136E-3,-1.88505E-3,-2.39204E-3,-1.65989E-3,-1.82190E-3,-2.47453E-3,-2.14745E-3,-2.73443E-3,-2.02414E-3,-1.81072E-3,-2.33834E-3,-2.13895E-3,-2.50114E-3,-2.74887E-3,-2.85473E-3,-2.78819E-3,-3.03321E-3,-2.72761E-3,-3.23500E-3,-2.76547E-3,-3.24254E-3,-3.47530E-3,-3.10799E-3,-2.86263E-3,-3.13870E-3,-2.48353E-3,-2.68884E-3,-3.75817E-3,-2.48585E-3,-2.94850E-3,-2.55409E-3,-2.31509E-3,-2.44488E-3,-3.07701E-3,-2.71392E-3,-2.41374E-3,-2.61176E-3,-2.31318E-3
1.10146E+3,2.05950E-4,8.91423E-5,4.72137E-4,1.69220E-4,-7.85187E-5,-2.84526E-4,6.05347E-4,1.29111E-4,2.30631E-4,-5.49957E-4,2.38402E-4,9.00718E-5,-6.97235E-4,-4.61989E-4,-1.57787E-4,-7.36901E-5,-1.31865E-4,-8.67889E-4,-4.18176E-4,2.63856E-4,1.63189E-4,-1.08790E-3,-2.36779E-3,-2.59769E-3,-2.80097E-3,-3.65484E-3,-4.12802E-3,-4.21447E-3,-5.17611E-3,-5.72713E-3,-5.59741E-3,-5.78685E-3,-6.29135E-3,-5.71015E-3,-5.37362E-3,-5.43460E-3,-4.53616E-3,-4.96098E-3,-3.83116E-3,-4.18108E-3,-4.14869E-3,-3.72188E-3,-3.36374E-3,-3.62780E-3,-3.27115E-3,-4.14685E-3,-3.25844E-3,-2.95392E-3,-3.09027E-3,-2.55349E-3,-3.40167E-3,-2.43112E-3,-2.88886E-3,-2.91926E-3,-2.59607E-3,-3.08493E-3,-2.46860E-3,-2.46792E-3,-3.10099E-3,-3.04603E-3,-2.97048E-3,-2.80221E-3,-2.69889E-3,-2.31657E-3,-2.78542E-3,-3.00308E-3,-2.75020E-3,-3.08188E-3,-3.26257E-3,-2.99165E-3,-2.75439E-3,-2.53658E-3,-2.71818E-3,-2.86355E-3,-3.07531E-3,-2.77035E-3,-2.91293E-3,-3.06062E-3,-3.07141E-3,-2.85090E-3,-2.67303E-3,-2.86801E-3,-3.34362E-3,-3.03116E-3,-2.97358E-3,-3.06963E-3,-3.41301E-3,-3.31200E-3,-3.55805E-3,-4.36697E-3,-3.64252E-3,-3.69760E-3,-3.68851E-3,-3.39269E-3,-4.18353E-3,-3.94285E-3,-3.79294E-3,-3.48533E-3,-3.56781E-3,-4.60028E-3,-3.68904E-3,-3.30739E-3,-3.36167E-3,-3.65227E-3,-3.99873E-3,-4.15384E-3,-4.01519E-3,-3.67720E-3,-3.68333E-3,-3.86197E-3,-3.56235E-3,-3.21266E-3,-2.96824E-3,-3.10326E-3,-3.11350E-3,-2.86156E-3,-3.38029E-3,-2.98356E-3,-2.67061E-3,-3.27686E-3,-2.52480E-3,-2.83069E-3,-2.51822E-3,-2.24881E-3,-2.85833E-3,-2.35416E-3,-2.21985E-3,-2.07426E-3,-2.16594E-3,-2.06663E-3,-1.82623E-3,-2.47681E-3,-1.69049E-3,-1.80462E-3,-2.50896E-3,-2.14475E-3,-2.67649E-3,-1.97214E-3,-1.61129E-3,-2.30471E-3,-2.10337E-3,-2.45016E-3,-2.75912E-3,-2.92355E-3,-2.79551E-3,-3.00595E-3,-2.71478E-3,-3.22085E-3,-2.80448E-3,-3.25390E-3,-3.54542E-3,-3.12833E-3,-2.83081E-3,-3.13231E-3,-2.48750E-3,-2.82532E-3,-3.74393E-3,-2.47774E-3,-2.90235E-3,-2.56449E-3,-2.28813E-3,-2.55583E-3,-2.96441E-3,-2.82126E-3,-2.44887E-3,-2.66479E-3,-2.38438E-3
1.10492E+3,2.50749E-4,9.70213E-5,5.98975E-4,1.49493E-4,-6.49403E-5,-3.68076E-4,6.40874E-4,1.42408E-4,1.83311E-4,-5.51186E-4,3.35813E-4,5.94558E-5,-7.70090E-4,-4.55047E-4,-2.48760E-4,-1.45410E-4,-2.10123E-4,-1.11968E-3,-6.64965E-4,6.39135E-5,-1.44380E-4,-1.48466E-3,-2.65614E-3,-2.81451E-3,-2.96687E-3,-3.83002E-3,-4.21284E-3,-4.28691E-3,-5.22633E-3,-5.58880E-3,-5.65257E-3,-5.71117E-3,-6.11475E-3,-5.59283E-3,-5.13997E-3,-5.21747E-3,-4.45698E-3,-4.73917E-3,-3.65307E-3,-4.07067E-3,-3.81673E-3,-3.43894E-3,-3.34699E-3,-3.66485E-3,-2.87918E-3,-3.91778E-3,-3.14214E-3,-2.77029E-3,-3.00210E-3,-2.37422E-3,-3.29472E-3,-2.36747E-3,-2.75649E-3,-2.82179E-3,-2.44039E-3,-2.91829E-3,-2.33196E-3,-2.32013E-3,-2.91994E-3,-2.79913E-3,-2.83024E-3,-2.84770E-3,-2.50019E-3,-2.14475E-3,-2.61053E-3,-2.90874E-3,-2.55225E-3,-2.95144E-3,-3.12265E-3,-2.79440E-3,-2.52646E-3,-2.35313E-3,-2.66363E-3,-2.74797E-3,-2.98627E-3,-2.60676E-3,-2.71957E-3,-2.98458E-3,-2.90047E-3,-2.74407E-3,-2.59737E-3,-2.89503E-3,-3.23479E-3,-2.91019E-3,-2.92939E-3,-2.95652E-3,-3.28079E-3,-3.18248E-3,-3.34798E-3,-4.21371E-3,-3.65557E-3,-3.53979E-3,-3.61814E-3,-3.25676E-3,-3.96074E-3,-3.85012E-3,-3.64726E-3,-3.32391E-3,-3.53180E-3,-4.50540E-3,-3.59634E-3,-3.26813E-3,-3.33130E-3,-3.59828E-3,-3.90646E-3,-3.95957E-3,-3.83984E-3,-3.56548E-3,-3.74532E-3,-3.75094E-3,-3.51271E-3,-3.25127E-3,-2.88206E-3,-3.16030E-3,-3.10462E-3,-2.77537E-3,-3.45750E-3,-2.98462E-3,-2.64038E-3,-3.21768E-3,-2.58040E-3,-2.85512E-3,-2.51158E-3,-2.18741E-3,-2.91446E-3,-2.28454E-3,-2.15101E-3,-2.08645E-3,-2.19634E-3,-2.22220E-3,-1.81284E-3,-2.42623E-3,-1.68559E-3,-1.77017E-3,-2.47962E-3,-2.17576E-3,-2.57011E-3,-1.90820E-3,-1.64165E-3,-2.21547E-3,-2.09733E-3,-2.41775E-3,-2.68593E-3,-2.90798E-3,-2.66655E-3,-3.06203E-3,-2.63508E-3,-3.18391E-3,-2.73734E-3,-3.36264E-3,-3.57313E-3,-3.20202E-3,-2.92650E-3,-3.04345E-3,-2.36933E-3,-2.74319E-3,-3.79543E-3,-2.46751E-3,-2.79470E-3,-2.48170E-3,-2.20903E-3,-2.60151E-3,-2.97224E-3,-2.81756E-3,-2.29597E-3,-2.72730E-3,-2.44914E-3
1.10837E+3,2.24450E-4,1.33706E-4,5.83099E-4,1.37048E-4,-9.94834E-5,-3.17135E-4,5.56952E-4,8.15362E-5,1.90989E-4,-5.21619E-4,3.36028E-4,1.14383E-4,-6.79582E-4,-4.80615E-4,-2.59756E-4,-1.24466E-4,-2.92905E-4,-1.25466E-3,-7.95693E-4,-2.25007E-5,-1.64449E-4,-1.52761E-3,-2.82051E-3,-2.89103E-3,-2.89471E-3,-3.85465E-3,-4.21449E-3,-4.32969E-3,-5.18752E-3,-5.55766E-3,-5.66734E-3,-5.67487E-3,-6.08601E-3,-5.67886E-3,-5.11064E-3,-5.26809E-3,-4.50322E-3,-4.90655E-3,-3.67667E-3,-4.08249E-3,-3.91217E-3,-3.53279E-3,-3.46410E-3,-3.68145E-3,-2.89144E-3,-3.95597E-3,-3.25733E-3,-2.91002E-3,-3.17631E-3,-2.58175E-3,-3.46794E-3,-2.49451E-3,-2.78983E-3,-2.91564E-3,-2.43199E-3,-3.04040E-3,-2.37430E-3,-2.32048E-3,-2.97320E-3,-2.89325E-3,-2.90542E-3,-2.82597E-3,-2.52505E-3,-2.13450E-3,-2.61175E-3,-3.04615E-3,-2.60925E-3,-3.02512E-3,-3.12077E-3,-2.82216E-3,-2.59895E-3,-2.43755E-3,-2.80047E-3,-2.79560E-3,-3.02803E-3,-2.66072E-3,-2.82483E-3,-3.03663E-3,-3.00622E-3,-2.81014E-3,-2.63903E-3,-2.92209E-3,-3.23008E-3,-2.96111E-3,-2.96574E-3,-3.13124E-3,-3.38686E-3,-3.16062E-3,-3.48064E-3,-4.32386E-3,-3.59725E-3,-3.58680E-3,-3.73296E-3,-3.28981E-3,-3.98957E-3,-3.86064E-3,-3.71339E-3,-3.33077E-3,-3.46697E-3,-4.49621E-3,-3.69936E-3,-3.21680E-3,-3.36512E-3,-3.72192E-3,-3.93968E-3,-3.98567E-3,-3.80773E-3,-3.69185E-3,-3.64645E-3,-3.75735E-3,-3.50231E-3,-3.31664E-3,-2.93100E-3,-3.06563E-3,-2.98111E-3,-2.68995E-3,-3.40249E-3,-3.02141E-3,-2.58295E-3,-3.16975E-3,-2.57385E-3,-2.87213E-3,-2.36354E-3,-2.35206E-3,-2.95733E-3,-2.29130E-3,-2.12044E-3,-1.86111E-3,-2.16587E-3,-2.15779E-3,-1.72579E-3,-2.33185E-3,-1.63114E-3,-1.88763E-3,-2.46557E-3,-2.09584E-3,-2.55697E-3,-1.87783E-3,-1.62245E-3,-2.24438E-3,-2.12858E-3,-2.38588E-3,-2.85146E-3,-2.93837E-3,-2.69491E-3,-3.00936E-3,-2.55915E-3,-3.12473E-3,-2.81912E-3,-3.34584E-3,-3.58429E-3,-3.22466E-3,-2.89976E-3,-3.10828E-3,-2.29018E-3,-2.80321E-3,-3.71700E-3,-2.35846E-3,-2.77599E-3,-2.45345E-3,-2.23049E-3,-2.68477E-3,-2.91865E-3,-2.80339E-3,-2.32737E-3,-2.75022E-3,-2.40333E-3
1.11183E+3,2.12236E-4,1.08487E-4,5.34194E-4,2.11916E-4,-5.19403E-5,-3.12681E-4,6.99591E-4,8.48543E-5,8.64408E-5,-5.93554E-4,3.55161E-4,1.38614E-4,-6.87209E-4,-5.06738E-4,-2.79372E-4,-2.01519E-4,-3.18780E-4,-1.45708E-3,-9.96280E-4,-2.11861E-4,-4.17721E-4,-1.87256E-3,-3.04616E-3,-3.13006E-3,-3.22479E-3,-4.14604E-3,-4.42417E-3,-4.47510E-3,-5.31146E-3,-5.63508E-3,-5.77539E-3,-5.79989E-3,-6.26150E-3,-5.65001E-3,-5.31396E-3,-5.38422E-3,-4.56641E-3,-4.92633E-3,-3.70739E-3,-4.08560E-3,-4.00400E-3,-3.48976E-3,-3.39259E-3,-3.85096E-3,-2.84343E-3,-3.93066E-3,-3.26886E-3,-2.95624E-3,-3.13290E-3,-2.53387E-3,-3.44753E-3,-2.42909E-3,-2.84873E-3,-2.97786E-3,-2.45702E-3,-3.11636E-3,-2.33482E-3,-2.36121E-3,-2.99270E-3,-3.00013E-3,-2.92479E-3,-2.92005E-3,-2.63127E-3,-2.19329E-3,-2.66673E-3,-3.05948E-3,-2.65879E-3,-3.05941E-3,-3.10465E-3,-2.83849E-3,-2.69017E-3,-2.43689E-3,-2.79092E-3,-2.81603E-3,-3.00528E-3,-2.61797E-3,-2.93582E-3,-3.03714E-3,-3.08801E-3,-2.79027E-3,-2.72291E-3,-2.97985E-3,-3.33547E-3,-3.07544E-3,-3.00729E-3,-3.09305E-3,-3.39943E-3,-3.22730E-3,-3.46589E-3,-4.37876E-3,-3.63775E-3,-3.49606E-3,-3.63503E-3,-3.17568E-3,-4.09450E-3,-3.93421E-3,-3.69288E-3,-3.30731E-3,-3.56594E-3,-4.57831E-3,-3.73195E-3,-3.31686E-3,-3.33732E-3,-3.61684E-3,-3.88398E-3,-4.06479E-3,-3.92632E-3,-3.69859E-3,-3.60829E-3,-3.80487E-3,-3.43311E-3,-3.33138E-3,-2.89638E-3,-3.03181E-3,-3.12692E-3,-2.70190E-3,-3.52248E-3,-2.88839E-3,-2.59842E-3,-3.10356E-3,-2.56644E-3,-2.90906E-3,-2.46211E-3,-2.34306E-3,-2.96127E-3,-2.27722E-3,-2.07292E-3,-1.92387E-3,-2.16965E-3,-2.22418E-3,-1.64445E-3,-2.38413E-3,-1.70171E-3,-1.85402E-3,-2.44493E-3,-2.02080E-3,-2.55194E-3,-1.85654E-3,-1.54884E-3,-2.32588E-3,-2.19155E-3,-2.30875E-3,-2.78176E-3,-2.95643E-3,-2.57960E-3,-3.05123E-3,-2.54175E-3,-3.24456E-3,-2.79925E-3,-3.43177E-3,-3.56786E-3,-3.27838E-3,-2.85146E-3,-3.17631E-3,-2.18392E-3,-2.75022E-3,-3.78759E-3,-2.41142E-3,-2.67658E-3,-2.47140E-3,-2.38586E-3,-2.66776E-3,-2.88486E-3,-2.84459E-3,-2.36926E-3,-2.78073E-3,-2.39625E-3
1.11529E+3,1.99299E-4,1.01504E-4,5.84658E-4,2.17255E-4,-1.20319E-4,-3.24516E-4,6.39733E-4,2.32185E-4,1.97716E-4,-5.65581E-4,3.30458E-4,1.94153E-4,-7.57958E-4,-6.00517E-4,-3.28069E-4,-1.92136E-4,-3.51454E-4,-1.58502E-3,-1.13948E-3,-4.98164E-4,-6.75255E-4,-2.12112E-3,-3.19714E-3,-3.18325E-3,-3.41494E-3,-4.33700E-3,-4.55838E-3,-4.52436E-3,-5.44761E-3,-5.70464E-3,-5.90125E-3,-5.87931E-3,-6.27407E-3,-5.68300E-3,-5.20376E-3,-5.24757E-3,-4.61067E-3,-4.94746E-3,-3.71788E-3,-4.17063E-3,-3.91931E-3,-3.59418E-3,-3.58546E-3,-3.85039E-3,-2.77035E-3,-3.97867E-3,-3.25011E-3,-2.95621E-3,-3.23940E-3,-2.51019E-3,-3.58098E-3,-2.48555E-3,-2.86350E-3,-2.89695E-3,-2.49576E-3,-3.23227E-3,-2.41641E-3,-2.29857E-3,-2.93309E-3,-3.01765E-3,-2.87949E-3,-2.92656E-3,-2.62465E-3,-2.16102E-3,-2.63466E-3,-3.09022E-3,-2.58239E-3,-3.02478E-3,-3.12780E-3,-2.81064E-3,-2.75415E-3,-2.38174E-3,-2.93230E-3,-2.75691E-3,-3.05174E-3,-2.63055E-3,-2.95975E-3,-3.12929E-3,-3.10728E-3,-2.84407E-3,-2.72723E-3,-2.97744E-3,-3.39404E-3,-3.08771E-3,-3.08115E-3,-3.10043E-3,-3.37837E-3,-3.23637E-3,-3.37320E-3,-4.24393E-3,-3.64237E-3,-3.49117E-3,-3.73962E-3,-3.22525E-3,-3.97706E-3,-3.93758E-3,-3.70002E-3,-3.21434E-3,-3.53846E-3,-4.53670E-3,-3.65740E-3,-3.34811E-3,-3.32870E-3,-3.57522E-3,-3.83033E-3,-3.98665E-3,-3.86881E-3,-3.57459E-3,-3.60403E-3,-3.77891E-3,-3.55225E-3,-3.31183E-3,-2.88572E-3,-2.99582E-3,-3.03020E-3,-2.68518E-3,-3.54573E-3,-2.91743E-3,-2.54328E-3,-3.07718E-3,-2.61917E-3,-2.85255E-3,-2.33180E-3,-2.37208E-3,-2.94757E-3,-2.17823E-3,-2.04652E-3,-1.88108E-3,-2.12663E-3,-2.14718E-3,-1.73605E-3,-2.31804E-3,-1.55721E-3,-1.84743E-3,-2.35972E-3,-2.09966E-3,-2.43425E-3,-1.81122E-3,-1.58056E-3,-2.23129E-3,-2.19055E-3,-2.25422E-3,-2.69892E-3,-2.91129E-3,-2.63076E-3,-2.95220E-3,-2.53975E-3,-3.11904E-3,-2.69202E-3,-3.36317E-3,-3.54747E-3,-3.23496E-3,-2.88845E-3,-3.14682E-3,-2.08478E-3,-2.81098E-3,-3.63059E-3,-2.45963E-3,-2.63441E-3,-2.49150E-3,-2.30148E-3,-2.69898E-3,-2.74124E-3,-2.88890E-3,-2.41222E-3,-2.74138E-3,-2.42752E-3
1.11875E+3,2.11159E-4,1.52505E-4,5.79923E-4,1.89794E-4,-7.95235E-5,-3.51010E-4,6.79817E-4,2.04593E-4,1.72399E-4,-5.28643E-4,3.61438E-4,2.49940E-4,-7.44340E-4,-7.36040E-4,-3.62012E-4,-1.75231E-4,-3.78339E-4,-1.79738E-3,-1.36301E-3,-7.80525E-4,-1.09184E-3,-2.49374E-3,-3.47673E-3,-3.36187E-3,-3.61357E-3,-4.51558E-3,-4.73341E-3,-4.78048E-3,-5.61830E-3,-5.65875E-3,-6.09611E-3,-5.97903E-3,-6.29725E-3,-5.79133E-3,-5.26000E-3,-5.20320E-3,-4.66868E-3,-5.06907E-3,-3.62026E-3,-4.24309E-3,-3.93928E-3,-3.68340E-3,-3.68037E-3,-3.94419E-3,-2.81637E-3,-3.93310E-3,-3.23413E-3,-2.81288E-3,-3.24522E-3,-2.44272E-3,-3.55400E-3,-2.56109E-3,-2.72469E-3,-2.97146E-3,-2.46001E-3,-3.15211E-3,-2.52337E-3,-2.25893E-3,-2.86408E-3,-2.99124E-3,-2.88920E-3,-3.01725E-3,-2.51759E-3,-2.21281E-3,-2.55500E-3,-3.12846E-3,-2.55716E-3,-2.96538E-3,-3.06594E-3,-2.79566E-3,-2.71641E-3,-2.36765E-3,-3.05928E-3,-2.76967E-3,-3.04789E-3,-2.64697E-3,-2.93156E-3,-3.06077E-3,-3.21960E-3,-2.81189E-3,-2.61892E-3,-2.99941E-3,-3.38152E-3,-3.16166E-3,-3.14879E-3,-3.04632E-3,-3.49085E-3,-3.12729E-3,-3.29235E-3,-4.30042E-3,-3.61962E-3,-3.34673E-3,-3.68208E-3,-3.22275E-3,-3.92069E-3,-3.92474E-3,-3.67834E-3,-3.22785E-3,-3.47906E-3,-4.51785E-3,-3.55773E-3,-3.29434E-3,-3.33273E-3,-3.53917E-3,-3.70719E-3,-3.98187E-3,-3.86403E-3,-3.63216E-3,-3.61066E-3,-3.89482E-3,-3.45290E-3,-3.32020E-3,-2.84973E-3,-2.99446E-3,-3.15333E-3,-2.60439E-3,-3.54429E-3,-2.92397E-3,-2.47799E-3,-2.98388E-3,-2.65339E-3,-2.86459E-3,-2.32843E-3,-2.43853E-3,-2.98760E-3,-2.28611E-3,-1.91063E-3,-1.76944E-3,-2.14577E-3,-2.22172E-3,-1.59566E-3,-2.36743E-3,-1.62733E-3,-1.93218E-3,-2.33509E-3,-2.01528E-3,-2.40853E-3,-1.88830E-3,-1.53727E-3,-2.18563E-3,-2.27462E-3,-2.31008E-3,-2.57747E-3,-2.82737E-3,-2.58711E-3,-2.90791E-3,-2.51322E-3,-3.17000E-3,-2.67347E-3,-3.39858E-3,-3.59135E-3,-3.30468E-3,-2.89220E-3,-3.11653E-3,-2.06151E-3,-2.82779E-3,-3.66259E-3,-2.42409E-3,-2.56645E-3,-2.53010E-3,-2.20108E-3,-2.78279E-3,-2.74384E-3,-2.82313E-3,-2.31104E-3,-2.72960E-3,-2.44762E-3
1.12221E+3,2.27074E-4,2.60080E-4,6.59401E-4,2.20752E-4,-6.18862E-5,-3.15619E-4,6.72621E-4,1.03755E-4,5.31547E-5,-6.36588E-4,3.45928E-4,2.82238E-4,-6.53873E-4,-8.18119E-4,-3.38920E-4,-2.18279E-4,-4.20375E-4,-1.83338E-3,-1.56822E-3,-1.04100E-3,-1.24112E-3,-2.78399E-3,-3.79515E-3,-3.59364E-3,-3.84137E-3,-4.80286E-3,-4.90913E-3,-5.04606E-3,-5.73948E-3,-5.80216E-3,-6.28046E-3,-6.08458E-3,-6.31885E-3,-5.91913E-3,-5.31556E-3,-5.18977E-3,-4.77705E-3,-5.08922E-3,-3.75543E-3,-4.24015E-3,-3.98754E-3,-3.63726E-3,-3.86254E-3,-3.96932E-3,-2.68454E-3,-3.93994E-3,-3.30503E-3,-2.94184E-3,-3.39431E-3,-2.54559E-3,-3.66063E-3,-2.73506E-3,-2.83566E-3,-2.92716E-3,-2.32544E-3,-3.29548E-3,-2.49694E-3,-2.22515E-3,-2.73129E-3,-2.96064E-3,-2.79405E-3,-3.15801E-3,-2.55816E-3,-2.11720E-3,-2.63540E-3,-3.14785E-3,-2.48142E-3,-3.01738E-3,-3.01587E-3,-2.75789E-3,-2.67371E-3,-2.36625E-3,-3.05779E-3,-2.83117E-3,-3.05066E-3,-2.56424E-3,-2.99968E-3,-3.09891E-3,-3.22970E-3,-2.71483E-3,-2.76666E-3,-2.94992E-3,-3.39184E-3,-3.08101E-3,-3.20104E-3,-3.08968E-3,-3.46020E-3,-3.01575E-3,-3.33430E-3,-4.36929E-3,-3.70846E-3,-3.35340E-3,-3.66142E-3,-3.16355E-3,-3.93188E-3,-3.87624E-3,-3.77530E-3,-3.22276E-3,-3.46696E-3,-4.60150E-3,-3.64477E-3,-3.37382E-3,-3.29938E-3,-3.64322E-3,-3.75925E-3,-3.93385E-3,-3.87963E-3,-3.67195E-3,-3.63637E-3,-3.83659E-3,-3.52056E-3,-3.27541E-3,-2.97491E-3,-3.04045E-3,-3.29914E-3,-2.64614E-3,-3.72102E-3,-2.89977E-3,-2.56085E-3,-2.98225E-3,-2.72756E-3,-2.85276E-3,-2.37062E-3,-2.38840E-3,-3.11281E-3,-2.34466E-3,-1.92186E-3,-1.77773E-3,-2.15663E-3,-2.32793E-3,-1.47018E-3,-2.38731E-3,-1.63431E-3,-1.88417E-3,-2.25859E-3,-2.00004E-3,-2.32592E-3,-1.85215E-3,-1.59140E-3,-2.32780E-3,-2.22063E-3,-2.33974E-3,-2.57235E-3,-2.88655E-3,-2.55884E-3,-2.94534E-3,-2.50736E-3,-3.14016E-3,-2.89220E-3,-3.36276E-3,-3.56765E-3,-3.41745E-3,-2.97175E-3,-3.12412E-3,-2.00592E-3,-2.83363E-3,-3.76893E-3,-2.38399E-3,-2.48157E-3,-2.52253E-3,-2.33567E-3,-2.87979E-3,-2.75362E-3,-2.87644E-3,-2.36458E-3,-2.86986E-3,-2.54397E-3
1.12567E+3,2.24787E-4,1.45819E-4,5.37900E-4,1.68192E-4,-1.34616E-4,-3.92689E-4,6.98897E-4,1.74169E-4,7.39289E-5,-6.34128E-4,4.83149E-4,4.30637E-4,-6.65360E-4,-7.63279E-4,-3.47408E-4,-1.94140E-4,-4.66491E-4,-2.04860E-3,-1.75634E-3,-1.30394E-3,-1.48867E-3,-3.02682E-3,-3.96510E-3,-3.67272E-3,-3.94722E-3,-5.05256E-3,-5.06470E-3,-5.11644E-3,-5.86617E-3,-5.95864E-3,-6.34688E-3,-6.13594E-3,-6.25443E-3,-5.96030E-3,-5.25796E-3,-5.30463E-3,-4.81902E-3,-5.16402E-3,-3.76166E-3,-4.25800E-3,-4.01385E-3,-3.77280E-3,-3.81910E-3,-3.96674E-3,-2.63143E-3,-4.03189E-3,-3.29695E-3,-3.04549E-3,-3.51355E-3,-2.68919E-3,-3.80479E-3,-2.78295E-3,-2.95436E-3,-2.94308E-3,-2.25425E-3,-3.28397E-3,-2.58740E-3,-2.19453E-3,-2.66042E-3,-2.95602E-3,-2.71238E-3,-3.22712E-3,-2.51079E-3,-2.18029E-3,-2.57379E-3,-3.27433E-3,-2.45503E-3,-3.03956E-3,-2.91271E-3,-2.68195E-3,-2.78204E-3,-2.35851E-3,-3.19091E-3,-2.94307E-3,-3.00858E-3,-2.59918E-3,-3.03840E-3,-3.07365E-3,-3.30502E-3,-2.77776E-3,-2.73919E-3,-2.99964E-3,-3.41184E-3,-3.15122E-3,-3.15755E-3,-3.10885E-3,-3.47551E-3,-3.12486E-3,-3.28307E-3,-4.32795E-3,-3.69444E-3,-3.31376E-3,-3.61797E-3,-3.25119E-3,-3.87991E-3,-3.92085E-3,-3.79470E-3,-3.19772E-3,-3.48529E-3,-4.58047E-3,-3.65668E-3,-3.34923E-3,-3.28091E-3,-3.75504E-3,-3.74202E-3,-3.94552E-3,-3.89753E-3,-3.58123E-3,-3.66191E-3,-3.90045E-3,-3.50398E-3,-3.37389E-3,-2.87727E-3,-2.92148E-3,-3.30390E-3,-2.71235E-3,-3.62120E-3,-2.94419E-3,-2.54462E-3,-2.98515E-3,-2.71854E-3,-2.90673E-3,-2.46070E-3,-2.51409E-3,-3.07982E-3,-2.22168E-3,-1.93199E-3,-1.67245E-3,-2.18856E-3,-2.26202E-3,-1.43623E-3,-2.38977E-3,-1.79870E-3,-1.88747E-3,-2.34780E-3,-1.98944E-3,-2.30396E-3,-1.74544E-3,-1.53379E-3,-2.21753E-3,-2.34170E-3,-2.36177E-3,-2.53175E-3,-2.85947E-3,-2.66823E-3,-2.96981E-3,-2.42412E-3,-2.96950E-3,-2.87937E-3,-3.48249E-3,-3.64440E-3,-3.46174E-3,-2.94361E-3,-3.21655E-3,-1.98040E-3,-2.93669E-3,-3.77652E-3,-2.41091E-3,-2.39957E-3,-2.55400E-3,-2.19960E-3,-2.95730E-3,-2.62470E-3,-2.86691E-3,-2.29670E-3,-2.78780E-3,-2.55499E-3
1.12913E+3,1.54348E-4,2.55745E-4,6.35626E-4,1.81889E-4,-1.26568E-4,-3.74703E-4,7.04694E-4,2.82650E-4,2.16842E-4,-6.27579E-4,4.14013E-4,3.89932E-4,-7.04721E-4,-9.08962E-4,-4.93206E-4,-2.69273E-4,-5.99830E-4,-2.32046E-3,-1.91675E-3,-1.60917E-3,-1.94111E-3,-3.31591E-3,-4.14744E-3,-3.92937E-3,-4.26978E-3,-5.40691E-3,-5.28272E-3,-5.43165E-3,-6.07073E-3,-6.12231E-3,-6.71498E-3,-6.35795E-3,-6.43215E-3,-6.29067E-3,-5.47700E-3,-5.41701E-3,-5.17666E-3,-5.35831E-3,-3.90181E-3,-4.40604E-3,-4.25745E-3,-3.93483E-3,-4.15991E-3,-4.22794E-3,-2.65824E-3,-4.10656E-3,-3.51240E-3,-3.21502E-3,-3.76844E-3,-2.82317E-3,-4.01696E-3,-2.99726E-3,-2.90165E-3,-3.02032E-3,-2.43509E-3,-3.53799E-3,-2.72662E-3,-2.18682E-3,-2.69296E-3,-2.98701E-3,-2.69504E-3,-3.40509E-3,-2.58724E-3,-2.21999E-3,-2.69221E-3,-3.34739E-3,-2.61263E-3,-3.22309E-3,-3.00271E-3,-2.81964E-3,-2.78812E-3,-2.44207E-3,-3.32037E-3,-3.09521E-3,-3.18543E-3,-2.63094E-3,-3.29590E-3,-3.24612E-3,-3.45575E-3,-2.81108E-3,-3.00830E-3,-3.13727E-3,-3.52589E-3,-3.28530E-3,-3.24463E-3,-3.23401E-3,-3.61718E-3,-3.24489E-3,-3.38657E-3,-4.50414E-3,-3.83834E-3,-3.43381E-3,-3.92071E-3,-3.32599E-3,-4.03078E-3,-4.09540E-3,-3.93038E-3,-3.23708E-3,-3.68048E-3,-4.82452E-3,-3.77014E-3,-3.47000E-3,-3.37877E-3,-3.89099E-3,-3.75899E-3,-4.11961E-3,-3.96209E-3,-3.70963E-3,-3.76356E-3,-3.98239E-3,-3.65554E-3,-3.56666E-3,-2.96328E-3,-3.08181E-3,-3.42428E-3,-2.81873E-3,-3.73596E-3,-2.99654E-3,-2.57318E-3,-3.07702E-3,-2.80767E-3,-3.04451E-3,-2.49677E-3,-2.64931E-3,-3.20046E-3,-2.28158E-3,-2.07650E-3,-1.77489E-3,-2.31715E-3,-2.48508E-3,-1.57091E-3,-2.47265E-3,-1.85763E-3,-1.98269E-3,-2.27652E-3,-2.08658E-3,-2.40648E-3,-1.85981E-3,-1.62327E-3,-2.21866E-3,-2.45121E-3,-2.46687E-3,-2.56768E-3,-3.00124E-3,-2.70494E-3,-3.14988E-3,-2.55657E-3,-3.11603E-3,-2.88670E-3,-3.49785E-3,-3.70823E-3,-3.60621E-3,-3.17349E-3,-3.35702E-3,-2.00676E-3,-3.04951E-3,-3.79951E-3,-2.52055E-3,-2.44255E-3,-2.61668E-3,-2.40718E-3,-3.17702E-3,-2.78027E-3,-3.00831E-3,-2.42875E-3,-2.85976E-3,-2.70879E-3
1.13259E+3,1.79263E-4,2.65615E-4,5.64504E-4,1.26248E-4,-1.45128E-5,-3.19638E-4,5.99896E-4,9.88136E-5,1.63875E-4,-5.63280E-4,2.99670E-4,3.44280E-4,-5.75298E-4,-7.64792E-4,-4.04646E-4,-1.14179E-4,-5.10462E-4,-1.95318E-3,-1.76795E-3,-1.64003E-3,-1.88752E-3,-3.08298E-3,-3.75235E-3,-3.41809E-3,-3.75237E-3,-4.82394E-3,-4.64288E-3,-4.66277E-3,-5.08094E-3,-5.26109E-3,-5.80189E-3,-5.32150E-3,-5.41508E-3,-5.32673E-3,-4.48062E-3,-4.51127E-3,-4.29837E-3,-4.35411E-3,-3.33140E-3,-3.64587E-3,-3.57852E-3,-3.33109E-3,-3.58753E-3,-3.61223E-3,-2.07331E-3,-3.58702E-3,-2.99307E-3,-2.84557E-3,-3.39563E-3,-2.58151E-3,-3.62261E-3,-2.69368E-3,-2.49619E-3,-2.59398E-3,-1.92066E-3,-3.01280E-3,-2.30809E-3,-1.83085E-3,-2.18978E-3,-2.53630E-3,-2.14080E-3,-2.77966E-3,-2.12830E-3,-1.89297E-3,-2.33050E-3,-2.80646E-3,-2.18844E-3,-2.72131E-3,-2.55792E-3,-2.27741E-3,-2.38650E-3,-2.08728E-3,-2.87709E-3,-2.53711E-3,-2.59577E-3,-2.16571E-3,-2.79626E-3,-2.82322E-3,-2.84807E-3,-2.43826E-3,-2.69922E-3,-2.56009E-3,-2.94021E-3,-2.70412E-3,-2.83548E-3,-2.60405E-3,-2.98152E-3,-2.69054E-3,-2.76430E-3,-3.59400E-3,-3.13069E-3,-2.83869E-3,-3.33412E-3,-2.87157E-3,-3.37772E-3,-3.42133E-3,-3.23518E-3,-2.61321E-3,-3.17938E-3,-3.99093E-3,-3.03099E-3,-2.86817E-3,-2.89261E-3,-3.38528E-3,-3.06473E-3,-3.48966E-3,-3.19454E-3,-3.09549E-3,-2.95461E-3,-3.36440E-3,-3.06412E-3,-2.88398E-3,-2.55820E-3,-2.56907E-3,-2.92293E-3,-2.28864E-3,-3.19313E-3,-2.49052E-3,-2.09849E-3,-2.58563E-3,-2.43938E-3,-2.59491E-3,-2.05577E-3,-2.22529E-3,-2.69260E-3,-1.86163E-3,-1.50657E-3,-1.43596E-3,-2.05878E-3,-2.05275E-3,-1.23043E-3,-2.07597E-3,-1.69194E-3,-1.72293E-3,-1.81840E-3,-1.71030E-3,-1.93271E-3,-1.45945E-3,-1.52132E-3,-1.98460E-3,-2.08356E-3,-2.13344E-3,-2.14634E-3,-2.57959E-3,-2.25028E-3,-2.52422E-3,-2.04478E-3,-2.70225E-3,-2.46851E-3,-3.11314E-3,-2.97209E-3,-3.09070E-3,-2.63543E-3,-2.90040E-3,-1.68259E-3,-2.71560E-3,-3.21620E-3,-2.10947E-3,-1.91997E-3,-2.19522E-3,-1.98386E-3,-2.62862E-3,-2.18592E-3,-2.51454E-3,-2.01175E-3,-2.37694E-3,-2.17972E-3
1.13605E+3,2.83330E-4,4.13408E-4,6.09477E-4,1.67863E-4,-1.02062E-4,-3.86334E-4,7.05088E-4,1.76558E-4,1.55127E-4,-6.20683E-4,2.92817E-4,4.72477E-4,-6.51481E-4,-1.07526E-3,-4.40326E-4,-1.53139E-4,-5.06744E-4,-2.37221E-3,-2.14102E-3,-2.14316E-3,-2.49151E-3,-4.04046E-3,-4.59463E-3,-4.19281E-3,-4.88846E-3,-6.02517E-3,-5.84327E-3,-6.05273E-3,-6.68435E-3,-6.61774E-3,-7.36150E-3,-6.88026E-3,-6.87474E-3,-6.80891E-3,-5.86492E-3,-5.67989E-3,-5.46817E-3,-5.65118E-3,-4.33395E-3,-4.84849E-3,-4.53214E-3,-4.26585E-3,-4.56305E-3,-4.56467E-3,-2.75266E-3,-4.42390E-3,-3.87408E-3,-3.65603E-3,-4.34020E-3,-3.37509E-3,-4.48471E-3,-3.55569E-3,-3.24116E-3,-3.31954E-3,-2.43000E-3,-3.77155E-3,-3.02033E-3,-2.34198E-3,-2.88126E-3,-3.11849E-3,-2.74270E-3,-3.66999E-3,-2.66898E-3,-2.38786E-3,-3.01014E-3,-3.54280E-3,-2.91450E-3,-3.45820E-3,-3.19835E-3,-2.96564E-3,-3.07859E-3,-2.66912E-3,-3.61337E-3,-3.30864E-3,-3.25618E-3,-2.78335E-3,-3.40509E-3,-3.44265E-3,-3.66018E-3,-3.03449E-3,-3.30543E-3,-3.27051E-3,-3.70666E-3,-3.36941E-3,-3.50855E-3,-3.27095E-3,-3.80348E-3,-3.22718E-3,-3.42569E-3,-4.61272E-3,-3.85222E-3,-3.44672E-3,-4.05658E-3,-3.52290E-3,-4.07528E-3,-4.17429E-3,-4.09255E-3,-3.25781E-3,-3.90153E-3,-4.88504E-3,-3.92097E-3,-3.55374E-3,-3.58176E-3,-4.10241E-3,-3.78567E-3,-4.30933E-3,-4.14098E-3,-3.89227E-3,-3.80888E-3,-4.11017E-3,-3.82860E-3,-3.72274E-3,-3.18349E-3,-3.16063E-3,-3.61479E-3,-2.84866E-3,-3.73067E-3,-3.04346E-3,-2.50388E-3,-3.23240E-3,-2.88481E-3,-3.15369E-3,-2.54005E-3,-2.76256E-3,-3.32223E-3,-2.29332E-3,-1.87618E-3,-1.75670E-3,-2.33248E-3,-2.48201E-3,-1.48503E-3,-2.55627E-3,-2.01046E-3,-2.04390E-3,-2.20707E-3,-2.02879E-3,-2.40201E-3,-1.85711E-3,-1.76004E-3,-2.41900E-3,-2.58135E-3,-2.52308E-3,-2.61679E-3,-3.07772E-3,-2.90667E-3,-3.06303E-3,-2.53525E-3,-3.11633E-3,-3.00229E-3,-3.72421E-3,-3.63110E-3,-3.77292E-3,-3.23320E-3,-3.42332E-3,-2.04267E-3,-3.29377E-3,-3.85351E-3,-2.56442E-3,-2.23884E-3,-2.66630E-3,-2.38532E-3,-3.30273E-3,-2.70653E-3,-3.09720E-3,-2.42959E-3,-3.01365E-3,-2.73501E-3
1.13951E+3,2.32021E-4,3.90168E-4,6.02587E-4,5.25309E-5,-1.00000E-4,-4.50678E-4,7.42554E-4,1.33775E-4,3.49810E-4,-6.58449E-4,3.30601E-4,4.49501E-4,-5.03309E-4,-1.09237E-3,-4.78745E-4,-2.05797E-4,-4.87067E-4,-2.41475E-3,-2.26551E-3,-2.45839E-3,-2.79913E-3,-4.13678E-3,-4.50158E-3,-4.15436E-3,-4.91350E-3,-6.15831E-3,-5.91909E-3,-6.05083E-3,-6.64657E-3,-6.51029E-3,-7.27260E-3,-6.87732E-3,-6.74185E-3,-6.78775E-3,-5.72092E-3,-5.66814E-3,-5.49707E-3,-5.55483E-3,-4.44414E-3,-4.74420E-3,-4.60932E-3,-4.31642E-3,-4.62025E-3,-4.53221E-3,-2.67647E-3,-4.35389E-3,-3.82797E-3,-3.73025E-3,-4.42553E-3,-3.34046E-3,-4.44928E-3,-3.58510E-3,-3.21346E-3,-3.27210E-3,-2.49716E-3,-3.83128E-3,-3.04643E-3,-2.19095E-3,-2.79347E-3,-3.08685E-3,-2.66857E-3,-3.68571E-3,-2.61799E-3,-2.32593E-3,-2.80522E-3,-3.49440E-3,-2.79041E-3,-3.56732E-3,-2.89615E-3,-2.84080E-3,-3.03042E-3,-2.54305E-3,-3.56070E-3,-3.37569E-3,-3.27156E-3,-2.78627E-3,-3.43778E-3,-3.49579E-3,-3.76743E-3,-2.96162E-3,-3.38489E-3,-3.26933E-3,-3.63295E-3,-3.36896E-3,-3.48500E-3,-3.25856E-3,-3.78578E-3,-3.27957E-3,-3.30559E-3,-4.44866E-3,-3.87008E-3,-3.43370E-3,-3.98230E-3,-3.40896E-3,-4.04611E-3,-4.18228E-3,-3.95947E-3,-3.16356E-3,-3.81603E-3,-4.82319E-3,-3.74229E-3,-3.49298E-3,-3.48806E-3,-4.09550E-3,-3.68543E-3,-4.21077E-3,-4.04477E-3,-3.68974E-3,-3.66717E-3,-3.99893E-3,-3.77907E-3,-3.73020E-3,-3.15167E-3,-3.06524E-3,-3.62986E-3,-2.79891E-3,-3.72002E-3,-3.00870E-3,-2.53609E-3,-3.04709E-3,-2.88743E-3,-3.11765E-3,-2.54509E-3,-2.81066E-3,-3.28244E-3,-2.26628E-3,-2.03228E-3,-1.82106E-3,-2.35669E-3,-2.57111E-3,-1.32494E-3,-2.47421E-3,-1.95553E-3,-2.09288E-3,-2.16123E-3,-1.97116E-3,-2.28364E-3,-1.86168E-3,-1.86447E-3,-2.36399E-3,-2.66961E-3,-2.51314E-3,-2.49085E-3,-2.97175E-3,-2.92611E-3,-2.94200E-3,-2.47703E-3,-2.95683E-3,-2.92068E-3,-3.50174E-3,-3.77097E-3,-3.68822E-3,-3.18271E-3,-3.34344E-3,-1.95879E-3,-3.32595E-3,-3.81142E-3,-2.50908E-3,-2.15440E-3,-2.54115E-3,-2.39733E-3,-3.21463E-3,-2.58352E-3,-3.03253E-3,-2.49444E-3,-2.97727E-3,-2.70552E-3
1.14298E+3,2.52535E-4,4.17853E-4,6.09678E-4,1.24941E-4,-9.91033E-5,-4.03985E-4,6.79533E-4,1.77167E-4,3.85966E-4,-6.14871E-4,2.31310E-4,3.79135E-4,-5.45745E-4,-1.19975E-3,-3.94662E-4,-1.80978E-4,-3.94441E-4,-2.28605E-3,-2.11413E-3,-2.48577E-3,-3.01911E-3,-4.28368E-3,-4.50997E-3,-4.17580E-3,-5.06954E-3,-6.38960E-3,-6.05054E-3,-6.36922E-3,-6.76305E-3,-6.70066E-3,-7.44822E-3,-7.00494E-3,-6.74305E-3,-6.99236E-3,-5.79975E-3,-5.62919E-3,-5.59875E-3,-5.66636E-3,-4.53126E-3,-4.77326E-3,-4.61409E-3,-4.39298E-3,-4.74513E-3,-4.48535E-3,-2.80921E-3,-4.43745E-3,-3.93756E-3,-3.85161E-3,-4.50025E-3,-3.37775E-3,-4.52272E-3,-3.70957E-3,-3.28737E-3,-3.26720E-3,-2.37932E-3,-3.84375E-3,-3.06164E-3,-2.10628E-3,-2.78095E-3,-3.07725E-3,-2.65575E-3,-3.80810E-3,-2.60141E-3,-2.46576E-3,-2.90657E-3,-3.50015E-3,-2.93631E-3,-3.38233E-3,-3.01972E-3,-2.95340E-3,-3.04930E-3,-2.62699E-3,-3.66456E-3,-3.53523E-3,-3.29522E-3,-2.86490E-3,-3.48560E-3,-3.48306E-3,-3.70032E-3,-2.96283E-3,-3.46684E-3,-3.04327E-3,-3.65249E-3,-3.44418E-3,-3.57691E-3,-3.23894E-3,-3.74272E-3,-3.30272E-3,-3.34691E-3,-4.55610E-3,-3.86539E-3,-3.38257E-3,-4.01910E-3,-3.55190E-3,-4.04118E-3,-4.25274E-3,-4.03138E-3,-3.16236E-3,-4.06340E-3,-4.81182E-3,-3.75462E-3,-3.52811E-3,-3.59731E-3,-4.28326E-3,-3.52051E-3,-4.15838E-3,-4.03503E-3,-3.71455E-3,-3.70074E-3,-4.02057E-3,-3.95865E-3,-3.69013E-3,-3.11865E-3,-3.09586E-3,-3.67674E-3,-2.83274E-3,-3.68415E-3,-3.02717E-3,-2.52383E-3,-3.15248E-3,-2.97016E-3,-3.07505E-3,-2.35349E-3,-2.76952E-3,-3.23430E-3,-2.22064E-3,-1.98458E-3,-1.74550E-3,-2.29750E-3,-2.58961E-3,-1.34166E-3,-2.37773E-3,-2.05250E-3,-1.98268E-3,-2.15861E-3,-1.98921E-3,-2.20118E-3,-1.86271E-3,-1.79260E-3,-2.33804E-3,-2.67381E-3,-2.58122E-3,-2.39518E-3,-3.01808E-3,-2.68220E-3,-2.93662E-3,-2.54619E-3,-2.98731E-3,-2.87384E-3,-3.45563E-3,-3.72567E-3,-3.75543E-3,-3.19315E-3,-3.35569E-3,-2.04095E-3,-3.23379E-3,-3.85375E-3,-2.39143E-3,-2.11482E-3,-2.59645E-3,-2.24361E-3,-3.31071E-3,-2.64905E-3,-3.00020E-3,-2.56201E-3,-3.03256E-3,-2.74386E-3
1.14644E+3,2.67749E-4,3.02483E-4,6.53761E-4,1.33285E-4,-6.99180E-5,-3.85404E-4,7.17490E-4,1.88829E-4,3.58717E-4,-6.38859E-4,1.02694E-4,4.46463E-4,-4.73049E-4,-1.17151E-3,-4.32727E-4,-6.03948E-5,-4.24987E-4,-2.23531E-3,-2.14771E-3,-2.62032E-3,-3.15003E-3,-4.39088E-3,-4.38105E-3,-4.15087E-3,-5.17075E-3,-6.42933E-3,-5.98228E-3,-6.34293E-3,-6.75821E-3,-6.75382E-3,-7.42444E-3,-7.11782E-3,-6.66662E-3,-7.04113E-3,-5.80482E-3,-5.65376E-3,-5.51750E-3,-5.56897E-3,-4.46772E-3,-4.79915E-3,-4.60751E-3,-4.48373E-3,-4.50237E-3,-4.35609E-3,-2.63224E-3,-4.55580E-3,-3.98134E-3,-3.90574E-3,-4.63426E-3,-3.37366E-3,-4.53533E-3,-3.76596E-3,-3.19436E-3,-3.15791E-3,-2.37902E-3,-3.82023E-3,-2.97425E-3,-1.96290E-3,-2.54532E-3,-2.86671E-3,-2.47788E-3,-3.72526E-3,-2.40944E-3,-2.33140E-3,-2.71279E-3,-3.45702E-3,-2.79178E-3,-3.54745E-3,-2.94446E-3,-2.74967E-3,-2.97101E-3,-2.48478E-3,-3.51437E-3,-3.40739E-3,-3.15604E-3,-2.79293E-3,-3.48934E-3,-3.27333E-3,-3.59179E-3,-2.90586E-3,-3.34138E-3,-3.06356E-3,-3.50840E-3,-3.28074E-3,-3.42991E-3,-3.20885E-3,-3.61521E-3,-3.24214E-3,-3.19869E-3,-4.42254E-3,-3.74223E-3,-3.30599E-3,-4.03822E-3,-3.37813E-3,-4.03746E-3,-4.03136E-3,-3.88544E-3,-3.06478E-3,-4.05529E-3,-4.83716E-3,-3.70909E-3,-3.43783E-3,-3.46220E-3,-4.04501E-3,-3.49444E-3,-4.20480E-3,-3.93046E-3,-3.60277E-3,-3.64324E-3,-3.92065E-3,-3.93033E-3,-3.51941E-3,-3.13961E-3,-3.11108E-3,-3.77128E-3,-2.69331E-3,-3.65344E-3,-3.03980E-3,-2.44535E-3,-3.26318E-3,-2.94745E-3,-3.08918E-3,-2.40722E-3,-2.82864E-3,-3.18216E-3,-2.07147E-3,-2.02769E-3,-1.82974E-3,-2.31577E-3,-2.48563E-3,-1.28391E-3,-2.48081E-3,-1.90610E-3,-2.01272E-3,-2.06155E-3,-2.08043E-3,-2.26139E-3,-1.98577E-3,-1.77167E-3,-2.27543E-3,-2.69982E-3,-2.65107E-3,-2.36110E-3,-2.98322E-3,-2.96322E-3,-2.85988E-3,-2.43101E-3,-3.01661E-3,-2.90028E-3,-3.49452E-3,-3.51012E-3,-3.67047E-3,-3.43355E-3,-3.36693E-3,-2.06672E-3,-3.19648E-3,-3.77631E-3,-2.50160E-3,-1.94234E-3,-2.60881E-3,-2.28008E-3,-3.31675E-3,-2.71373E-3,-2.90975E-3,-2.58046E-3,-3.07114E-3,-2.81905E-3
1.14991E+3,2.96449E-4,3.79301E-4,5.87874E-4,1.88277E-4,-6.93879E-5,-3.75299E-4,6.79517E-4,1.90652E-4,2.57504E-4,-6.11781E-4,1.91659E-4,3.77911E-4,-4.77710E-4,-1.25697E-3,-3.57999E-4,-6.24900E-5,-3.33999E-4,-2.16141E-3,-2.05674E-3,-2.74559E-3,-3.31061E-3,-4.49725E-3,-4.29958E-3,-4.31371E-3,-5.29605E-3,-6.71949E-3,-6.27624E-3,-6.64652E-3,-7.01286E-3,-7.03676E-3,-7.73700E-3,-7.41434E-3,-6.93241E-3,-7.33840E-3,-5.98568E-3,-5.97130E-3,-5.75006E-3,-5.72388E-3,-4.78948E-3,-5.04514E-3,-4.97512E-3,-4.74876E-3,-4.69078E-3,-4.56398E-3,-2.81342E-3,-4.67368E-3,-4.21657E-3,-4.13730E-3,-4.82814E-3,-3.71727E-3,-4.65821E-3,-3.77890E-3,-3.36651E-3,-3.20949E-3,-2.53114E-3,-3.91302E-3,-3.05912E-3,-2.08019E-3,-2.70363E-3,-3.03161E-3,-2.52897E-3,-3.96575E-3,-2.55341E-3,-2.61889E-3,-2.90038E-3,-3.45058E-3,-3.09174E-3,-3.73521E-3,-3.07016E-3,-2.93898E-3,-3.09974E-3,-2.62994E-3,-3.71208E-3,-3.61684E-3,-3.20517E-3,-2.93701E-3,-3.48988E-3,-3.39446E-3,-3.84618E-3,-2.98520E-3,-3.44536E-3,-3.07944E-3,-3.59844E-3,-3.32501E-3,-3.48246E-3,-3.25318E-3,-3.66168E-3,-3.34490E-3,-3.36666E-3,-4.44593E-3,-3.78253E-3,-3.37718E-3,-4.06777E-3,-3.53122E-3,-4.05784E-3,-4.11474E-3,-4.08367E-3,-3.03899E-3,-4.19860E-3,-4.88208E-3,-3.82917E-3,-3.51089E-3,-3.53588E-3,-4.26917E-3,-3.54682E-3,-4.38138E-3,-4.04539E-3,-3.71529E-3,-3.61239E-3,-3.90166E-3,-3.86343E-3,-3.51893E-3,-3.21097E-3,-3.18426E-3,-3.73408E-3,-2.89649E-3,-3.77889E-3,-3.02909E-3,-2.44183E-3,-3.08133E-3,-2.95154E-3,-2.98767E-3,-2.61091E-3,-2.89058E-3,-3.21316E-3,-2.18789E-3,-1.84729E-3,-1.97970E-3,-2.32313E-3,-2.56507E-3,-1.29291E-3,-2.55776E-3,-2.10482E-3,-1.95235E-3,-2.19478E-3,-2.05115E-3,-2.16377E-3,-1.91729E-3,-1.99902E-3,-2.35432E-3,-2.76574E-3,-2.76905E-3,-2.37340E-3,-2.95538E-3,-3.01276E-3,-2.88530E-3,-2.39251E-3,-2.94953E-3,-2.84203E-3,-3.48370E-3,-3.51419E-3,-3.72837E-3,-3.15533E-3,-3.34279E-3,-2.21544E-3,-3.41250E-3,-3.87785E-3,-2.53210E-3,-1.93561E-3,-2.46582E-3,-2.20947E-3,-3.28061E-3,-2.67760E-3,-3.08319E-3,-2.61316E-3,-2.97255E-3,-2.75519E-3
1.15337E+3,3.06562E-4,4.03556E-4,6.99512E-4,1.60308E-4,-5.62936E-5,-4.52016E-4,6.93177E-4,1.68562E-4,3.43510E-4,-5.72464E-4,1.58309E-4,3.32395E-4,-4.67216E-4,-1.36651E-3,-3.51395E-4,-2.80915E-5,-1.35937E-4,-2.17901E-3,-1.90071E-3,-2.83552E-3,-3.49276E-3,-4.52455E-3,-4.22511E-3,-4.14826E-3,-5.28655E-3,-6.65716E-3,-6.43166E-3,-6.78550E-3,-7.06220E-3,-7.28139E-3,-7.83512E-3,-7.56218E-3,-6.99718E-3,-7.60018E-3,-6.30357E-3,-6.18573E-3,-5.94518E-3,-6.00951E-3,-5.36023E-3,-5.30135E-3,-5.38118E-3,-4.93819E-3,-5.00708E-3,-4.74710E-3,-3.27737E-3,-5.05639E-3,-4.43482E-3,-4.51773E-3,-5.05811E-3,-3.99450E-3,-5.07094E-3,-4.17419E-3,-3.52447E-3,-3.33163E-3,-2.64575E-3,-4.18983E-3,-3.26335E-3,-2.23128E-3,-2.76566E-3,-3.15108E-3,-2.55074E-3,-4.21474E-3,-2.64008E-3,-2.68781E-3,-3.08220E-3,-3.43971E-3,-3.33005E-3,-3.81113E-3,-3.18742E-3,-3.04290E-3,-3.45656E-3,-2.81561E-3,-3.73517E-3,-3.77171E-3,-3.31936E-3,-3.16649E-3,-3.50126E-3,-3.56741E-3,-3.87264E-3,-3.12871E-3,-3.54145E-3,-3.09340E-3,-3.76325E-3,-3.46232E-3,-3.42930E-3,-3.43624E-3,-3.71208E-3,-3.42661E-3,-3.33939E-3,-4.38027E-3,-3.81850E-3,-3.55580E-3,-4.10295E-3,-3.53485E-3,-4.05635E-3,-4.31368E-3,-3.98923E-3,-3.21224E-3,-4.28334E-3,-4.88759E-3,-3.72694E-3,-3.53638E-3,-3.61429E-3,-4.33313E-3,-3.57953E-3,-4.14763E-3,-4.08327E-3,-3.60015E-3,-3.66924E-3,-4.05351E-3,-4.03705E-3,-3.73778E-3,-3.32077E-3,-3.12855E-3,-3.77810E-3,-2.77163E-3,-3.68956E-3,-3.11825E-3,-2.58055E-3,-3.34244E-3,-2.99154E-3,-3.18634E-3,-2.49605E-3,-2.97341E-3,-3.24598E-3,-2.05550E-3,-1.93998E-3,-2.12693E-3,-2.33968E-3,-2.51050E-3,-1.32455E-3,-2.34162E-3,-2.09067E-3,-1.96143E-3,-2.20916E-3,-2.07174E-3,-2.28606E-3,-2.09033E-3,-1.92882E-3,-2.36725E-3,-2.71222E-3,-2.76507E-3,-2.45079E-3,-3.02835E-3,-2.94976E-3,-2.96702E-3,-2.49209E-3,-2.92401E-3,-2.94131E-3,-3.42062E-3,-3.48584E-3,-3.81819E-3,-3.48691E-3,-3.33926E-3,-2.26116E-3,-3.25796E-3,-3.69788E-3,-2.47976E-3,-1.91342E-3,-2.59422E-3,-2.27439E-3,-3.52874E-3,-2.71617E-3,-2.99318E-3,-2.65591E-3,-2.89700E-3,-2.85611E-3
1.15684E+3,3.19862E-4,4.45683E-4,5.85242E-4,1.67765E-4,-1.10177E-4,-4.31661E-4,6.26208E-4,1.99787E-4,3.99828E-4,-7.20191E-4,9.54139E-5,2.63457E-4,-4.07502E-4,-1.24781E-3,-1.85908E-4,8.15900E-5,-2.52252E-4,-1.83406E-3,-1.92253E-3,-2.89349E-3,-3.59483E-3,-4.28429E-3,-4.11559E-3,-4.17622E-3,-5.40449E-3,-6.80371E-3,-6.36096E-3,-6.91188E-3,-7.17206E-3,-7.59286E-3,-7.95855E-3,-7.67566E-3,-7.18111E-3,-7.76520E-3,-6.47232E-3,-6.45192E-3,-6.08623E-3,-6.06034E-3,-5.51331E-3,-5.26887E-3,-5.35615E-3,-5.01563E-3,-4.81865E-3,-4.69215E-3,-3.30773E-3,-5.16017E-3,-4.49863E-3,-4.62439E-3,-5.21469E-3,-3.94031E-3,-5.15544E-3,-4.24239E-3,-3.67780E-3,-3.33457E-3,-2.72261E-3,-4.18492E-3,-3.18252E-3,-2.23545E-3,-2.87248E-3,-3.14045E-3,-2.48596E-3,-4.13621E-3,-2.64090E-3,-2.79880E-3,-3.09803E-3,-3.52248E-3,-3.46856E-3,-4.00091E-3,-3.31524E-3,-3.12049E-3,-3.40089E-3,-2.78186E-3,-3.76093E-3,-3.68870E-3,-3.18160E-3,-3.12355E-3,-3.67297E-3,-3.64725E-3,-3.94082E-3,-3.04264E-3,-3.66869E-3,-3.08485E-3,-3.68825E-3,-3.52697E-3,-3.36014E-3,-3.28562E-3,-3.65135E-3,-3.53310E-3,-3.42550E-3,-4.56799E-3,-3.82491E-3,-3.30768E-3,-4.04570E-3,-3.71670E-3,-4.06147E-3,-4.23780E-3,-3.92632E-3,-3.14219E-3,-4.42535E-3,-4.81226E-3,-3.76513E-3,-3.47938E-3,-3.62949E-3,-4.22754E-3,-3.65998E-3,-4.30448E-3,-4.16051E-3,-3.60996E-3,-3.60420E-3,-3.96710E-3,-3.93263E-3,-3.53762E-3,-3.32794E-3,-3.19595E-3,-3.71818E-3,-2.81552E-3,-3.54983E-3,-3.22765E-3,-2.42401E-3,-3.29970E-3,-2.85323E-3,-2.88559E-3,-2.59946E-3,-3.05921E-3,-3.17575E-3,-2.25952E-3,-1.87639E-3,-2.28630E-3,-2.33823E-3,-2.50069E-3,-1.39280E-3,-2.23176E-3,-1.96838E-3,-1.98972E-3,-2.14297E-3,-2.10919E-3,-2.17386E-3,-2.11097E-3,-2.04423E-3,-2.25288E-3,-2.78068E-3,-2.74121E-3,-2.30494E-3,-3.01349E-3,-2.93378E-3,-2.88607E-3,-2.48667E-3,-2.92276E-3,-2.72945E-3,-3.32877E-3,-3.54222E-3,-3.71811E-3,-3.49111E-3,-3.36286E-3,-2.34595E-3,-3.28285E-3,-3.72585E-3,-2.69950E-3,-1.98771E-3,-2.75281E-3,-2.37810E-3,-3.32718E-3,-2.70655E-3,-3.10697E-3,-2.71692E-3,-3.02238E-3,-2.74883E-3
1.16031E+3,3.98076E-4,3.22259E-4,5.33914E-4,2.23981E-4,-8.93741E-5,-5.07063E-4,7.70663E-4,3.36749E-4,1.99891E-4,-5.44382E-4,1.28392E-4,3.50931E-4,-5.17593E-4,-1.27824E-3,-3.28209E-4,8.74927E-5,-7.22510E-5,-1.76930E-3,-1.76464E-3,-2.85433E-3,-3.62372E-3,-4.23284E-3,-3.86312E-3,-4.17464E-3,-5.51024E-3,-6.94475E-3,-6.60357E-3,-7.12650E-3,-7.41542E-3,-7.76827E-3,-8.39287E-3,-8.06085E-3,-7.51732E-3,-8.00974E-3,-6.78246E-3,-6.71887E-3,-6.30400E-3,-6.33450E-3,-5.73332E-3,-5.65374E-3,-5.62554E-3,-5.28203E-3,-5.02416E-3,-4.95140E-3,-3.69683E-3,-5.33417E-3,-4.84371E-3,-4.85670E-3,-5.12174E-3,-4.18781E-3,-5.41914E-3,-4.45837E-3,-3.90898E-3,-3.53854E-3,-2.96434E-3,-4.41643E-3,-3.41400E-3,-2.40619E-3,-3.00751E-3,-3.37853E-3,-2.60528E-3,-4.51468E-3,-2.78757E-3,-3.05553E-3,-3.30730E-3,-3.53445E-3,-3.86995E-3,-4.19611E-3,-3.55306E-3,-3.32560E-3,-3.61332E-3,-2.97541E-3,-3.85164E-3,-3.79479E-3,-3.35176E-3,-3.37829E-3,-3.67194E-3,-3.67685E-3,-4.03999E-3,-3.41395E-3,-3.66610E-3,-3.09878E-3,-3.75933E-3,-3.67376E-3,-3.53530E-3,-3.51098E-3,-3.73600E-3,-3.71666E-3,-3.37326E-3,-4.54375E-3,-4.11337E-3,-3.52536E-3,-4.04827E-3,-3.67541E-3,-4.15659E-3,-4.38122E-3,-4.03173E-3,-3.29669E-3,-4.40322E-3,-5.01928E-3,-3.87731E-3,-3.57017E-3,-3.46524E-3,-4.40079E-3,-3.69436E-3,-4.52511E-3,-4.17217E-3,-3.66660E-3,-3.75683E-3,-3.99416E-3,-4.16744E-3,-3.64830E-3,-3.40606E-3,-3.34201E-3,-3.80454E-3,-2.89094E-3,-3.53413E-3,-3.35076E-3,-2.60856E-3,-3.56373E-3,-2.80393E-3,-3.24529E-3,-2.57387E-3,-3.17877E-3,-3.11644E-3,-2.26901E-3,-2.03243E-3,-2.39378E-3,-2.54134E-3,-2.51930E-3,-1.24180E-3,-2.46713E-3,-2.04540E-3,-2.10161E-3,-2.27402E-3,-1.95937E-3,-2.41441E-3,-2.14113E-3,-2.03130E-3,-2.40831E-3,-2.61910E-3,-2.86759E-3,-2.39963E-3,-2.93612E-3,-2.97583E-3,-2.94646E-3,-2.54294E-3,-3.01112E-3,-2.92635E-3,-3.50853E-3,-3.56179E-3,-3.87400E-3,-3.30995E-3,-3.15658E-3,-2.45321E-3,-3.35774E-3,-3.80794E-3,-2.73898E-3,-1.85930E-3,-2.80521E-3,-2.29784E-3,-3.45820E-3,-2.83214E-3,-3.16033E-3,-2.76308E-3,-3.04144E-3,-2.89609E-3
1.16377E+3,3.25603E-4,3.96221E-4,5.05986E-4,1.18932E-4,-6.99432E-6,-4.15790E-4,6.72803E-4,3.40852E-4,4.74278E-4,-5.88984E-4,1.43813E-5,2.45114E-4,-4.92127E-4,-1.39446E-3,-1.95819E-4,6.83561E-6,-1.88754E-5,-1.61560E-3,-1.50888E-3,-2.79976E-3,-3.66950E-3,-4.12748E-3,-3.57991E-3,-4.17338E-3,-5.37047E-3,-6.81714E-3,-6.51241E-3,-7.20307E-3,-7.47347E-3,-7.89439E-3,-8.33882E-3,-8.43018E-3,-7.61337E-3,-8.57069E-3,-7.03210E-3,-7.09311E-3,-6.44584E-3,-6.49444E-3,-6.06649E-3,-6.15960E-3,-6.05291E-3,-5.46565E-3,-5.43259E-3,-5.19220E-3,-3.96067E-3,-5.84795E-3,-5.29610E-3,-5.10661E-3,-5.68229E-3,-4.33520E-3,-5.59865E-3,-4.55530E-3,-4.04992E-3,-3.82934E-3,-3.11747E-3,-4.63983E-3,-3.65018E-3,-2.63844E-3,-3.22267E-3,-3.57729E-3,-3.00056E-3,-4.77543E-3,-2.99968E-3,-3.29912E-3,-3.44839E-3,-3.73926E-3,-4.12629E-3,-4.35282E-3,-3.71892E-3,-3.79713E-3,-3.82212E-3,-3.23498E-3,-4.15960E-3,-3.91903E-3,-3.42601E-3,-3.55752E-3,-3.82048E-3,-3.79015E-3,-4.10999E-3,-3.52006E-3,-3.83295E-3,-3.17371E-3,-4.03727E-3,-3.72961E-3,-3.69856E-3,-3.64444E-3,-3.77486E-3,-3.83794E-3,-3.65635E-3,-4.49019E-3,-4.09571E-3,-3.81103E-3,-4.00359E-3,-3.83901E-3,-4.28868E-3,-4.49475E-3,-4.01085E-3,-3.17527E-3,-4.65524E-3,-4.93554E-3,-3.92878E-3,-3.56467E-3,-3.79901E-3,-4.43431E-3,-3.80604E-3,-4.43038E-3,-4.17741E-3,-3.66836E-3,-3.75348E-3,-4.04508E-3,-4.19936E-3,-3.44348E-3,-3.28487E-3,-3.38205E-3,-3.92401E-3,-2.89654E-3,-3.52041E-3,-3.32933E-3,-2.65450E-3,-3.74800E-3,-2.96883E-3,-2.96436E-3,-2.61624E-3,-2.96244E-3,-3.18503E-3,-2.28111E-3,-1.99440E-3,-2.39891E-3,-2.47412E-3,-2.51609E-3,-1.36216E-3,-2.28236E-3,-2.00787E-3,-1.99624E-3,-2.22035E-3,-1.95185E-3,-2.41027E-3,-2.20899E-3,-2.01536E-3,-2.44806E-3,-2.72759E-3,-2.70768E-3,-2.27261E-3,-2.84766E-3,-3.04647E-3,-2.74166E-3,-2.53997E-3,-2.97241E-3,-2.85869E-3,-3.47903E-3,-3.68529E-3,-3.52529E-3,-3.24061E-3,-3.15208E-3,-2.52387E-3,-2.92912E-3,-3.78275E-3,-2.79550E-3,-2.07157E-3,-2.64242E-3,-2.25729E-3,-3.39372E-3,-2.80987E-3,-2.92660E-3,-2.70750E-3,-2.90323E-3,-2.86937E-3
1.16724E+3,3.56559E-4,3.20832E-4,6.86873E-4,1.45505E-4,-2.02358E-4,-4.62642E-4,6.67205E-4,3.06552E-4,2.52873E-4,-4.86218E-4,5.57019E-6,1.90708E-4,-4.99643E-4,-1.24566E-3,-3.61606E-5,1.45285E-4,3.63306E-5,-1.37673E-3,-1.25553E-3,-2.59542E-3,-3.48252E-3,-3.65359E-3,-3.30862E-3,-3.91639E-3,-5.48403E-3,-6.74900E-3,-6.57397E-3,-7.03312E-3,-7.55593E-3,-8.03206E-3,-8.50665E-3,-8.59404E-3,-7.76442E-3,-8.61708E-3,-7.19649E-3,-7.23268E-3,-6.65548E-3,-6.71672E-3,-6.27588E-3,-6.17180E-3,-6.15790E-3,-5.56606E-3,-5.50061E-3,-5.40543E-3,-4.28784E-3,-5.92303E-3,-5.45000E-3,-5.25296E-3,-5.70242E-3,-4.29697E-3,-5.62337E-3,-4.60757E-3,-4.15818E-3,-3.81803E-3,-3.32124E-3,-4.72806E-3,-3.64221E-3,-2.49789E-3,-3.14850E-3,-3.55240E-3,-2.90434E-3,-4.75900E-3,-2.89039E-3,-3.28787E-3,-3.56802E-3,-3.73033E-3,-3.98918E-3,-4.30079E-3,-3.84086E-3,-3.90595E-3,-3.72675E-3,-3.17367E-3,-4.00577E-3,-3.85171E-3,-3.42943E-3,-3.87053E-3,-3.64228E-3,-3.63609E-3,-4.17638E-3,-3.70587E-3,-3.78999E-3,-3.17645E-3,-3.81738E-3,-3.59005E-3,-3.47429E-3,-3.49987E-3,-3.93207E-3,-3.69045E-3,-3.62565E-3,-4.37601E-3,-3.96439E-3,-3.69948E-3,-4.08704E-3,-3.83862E-3,-4.32642E-3,-4.12581E-3,-3.99117E-3,-3.37413E-3,-4.57144E-3,-4.88985E-3,-3.82259E-3,-3.74978E-3,-3.58827E-3,-4.23246E-3,-3.76959E-3,-4.65908E-3,-4.06526E-3,-3.77009E-3,-3.75874E-3,-3.88300E-3,-4.18084E-3,-3.30003E-3,-3.41752E-3,-3.41110E-3,-3.90017E-3,-2.80041E-3,-3.53981E-3,-3.28419E-3,-2.62009E-3,-3.62445E-3,-2.66835E-3,-2.96209E-3,-2.47853E-3,-3.09585E-3,-3.02329E-3,-2.31006E-3,-1.99598E-3,-2.40949E-3,-2.56384E-3,-2.40339E-3,-1.25293E-3,-2.27959E-3,-2.05367E-3,-1.95186E-3,-2.26668E-3,-2.15199E-3,-2.45239E-3,-2.02531E-3,-1.78999E-3,-2.25533E-3,-2.64916E-3,-2.83190E-3,-2.40644E-3,-2.90173E-3,-2.80152E-3,-2.75449E-3,-2.70592E-3,-2.96265E-3,-2.80806E-3,-3.30655E-3,-3.60944E-3,-3.46919E-3,-3.27994E-3,-3.11109E-3,-2.52255E-3,-2.92025E-3,-3.62014E-3,-2.66113E-3,-2.08700E-3,-2.52010E-3,-2.16112E-3,-3.41027E-3,-2.88795E-3,-2.82236E-3,-2.81427E-3,-2.90550E-3,-2.80584E-3
1.17071E+3,4.36918E-4,2.67382E-4,5.72471E-4,6.48632E-5,-3.29844E-4,-4.14220E-4,5.78976E-4,4.40168E-4,3.07553E-4,-5.01838E-4,1.54193E-4,5.33187E-5,-4.12633E-4,-1.28822E-3,7.09098E-5,1.91537E-4,1.89380E-4,-1.01864E-3,-9.29818E-4,-2.48933E-3,-3.30227E-3,-3.35859E-3,-3.23142E-3,-3.95289E-3,-5.20011E-3,-6.86057E-3,-6.58914E-3,-7.15734E-3,-7.63606E-3,-8.47173E-3,-8.42293E-3,-8.90257E-3,-8.11963E-3,-8.96763E-3,-7.65320E-3,-7.57376E-3,-6.62884E-3,-6.80573E-3,-6.55833E-3,-6.27101E-3,-6.30343E-3,-5.63907E-3,-5.52141E-3,-5.34321E-3,-4.55112E-3,-6.00561E-3,-5.62013E-3,-5.31049E-3,-5.70954E-3,-4.49365E-3,-5.60911E-3,-4.44053E-3,-4.32346E-3,-3.92826E-3,-3.34952E-3,-4.74525E-3,-3.67470E-3,-2.84233E-3,-3.13080E-3,-3.62019E-3,-2.97077E-3,-4.81951E-3,-3.25379E-3,-3.55786E-3,-3.69443E-3,-3.75621E-3,-4.22806E-3,-4.21249E-3,-3.89013E-3,-3.87185E-3,-3.93635E-3,-3.36911E-3,-4.03798E-3,-3.92826E-3,-3.58666E-3,-3.71556E-3,-3.86135E-3,-3.54842E-3,-3.91831E-3,-3.65884E-3,-3.75902E-3,-3.28286E-3,-3.82436E-3,-3.50818E-3,-3.39375E-3,-3.50861E-3,-3.85263E-3,-3.74994E-3,-3.69203E-3,-4.47833E-3,-4.09636E-3,-3.75843E-3,-4.05367E-3,-3.74472E-3,-4.11223E-3,-4.24224E-3,-3.90676E-3,-3.67557E-3,-4.66283E-3,-4.80548E-3,-3.72140E-3,-3.77004E-3,-3.67100E-3,-4.20463E-3,-3.70842E-3,-4.44920E-3,-4.12589E-3,-3.71571E-3,-3.68045E-3,-4.04811E-3,-4.25443E-3,-3.51642E-3,-3.35737E-3,-3.32286E-3,-3.84287E-3,-2.69739E-3,-3.47151E-3,-3.43067E-3,-2.77485E-3,-3.73319E-3,-2.79378E-3,-2.99588E-3,-2.63676E-3,-2.88726E-3,-3.04543E-3,-2.28388E-3,-2.17899E-3,-2.54630E-3,-2.33778E-3,-2.42712E-3,-1.34604E-3,-2.21652E-3,-1.69023E-3,-1.91991E-3,-2.35900E-3,-1.80625E-3,-2.42390E-3,-2.21955E-3,-1.86682E-3,-2.22045E-3,-2.71668E-3,-2.78296E-3,-2.35520E-3,-2.84470E-3,-2.92724E-3,-2.74846E-3,-2.54444E-3,-2.95590E-3,-2.63725E-3,-3.46302E-3,-3.62449E-3,-3.35470E-3,-3.36287E-3,-3.20107E-3,-2.44082E-3,-2.75939E-3,-3.78415E-3,-2.54716E-3,-2.10860E-3,-2.44155E-3,-2.22172E-3,-3.14349E-3,-3.00759E-3,-3.01954E-3,-2.67929E-3,-2.90055E-3,-2.76039E-3
1.17418E+3,3.72162E-4,2.74136E-4,3.76970E-4,2.24726E-4,-1.00043E-4,-4.07725E-4,5.15497E-4,1.06241E-4,3.32768E-4,-5.08611E-4,2.20957E-4,1.23921E-4,-3.90947E-4,-1.17532E-3,3.52741E-5,9.50018E-5,1.01299E-4,-8.75241E-4,-5.61021E-4,-2.13880E-3,-3.23035E-3,-3.08987E-3,-3.05398E-3,-3.71113E-3,-4.86559E-3,-6.66215E-3,-6.42671E-3,-6.94004E-3,-7.62986E-3,-8.47367E-3,-8.55152E-3,-8.98098E-3,-8.25374E-3,-9.07510E-3,-7.82987E-3,-7.82453E-3,-7.08246E-3,-6.93490E-3,-6.71626E-3,-6.39761E-3,-6.45689E-3,-5.61841E-3,-5.55852E-3,-5.72232E-3,-4.85989E-3,-6.08000E-3,-5.75000E-3,-5.36486E-3,-5.75794E-3,-4.38772E-3,-5.74962E-3,-4.63921E-3,-4.43281E-3,-4.01169E-3,-3.45947E-3,-4.66001E-3,-3.77674E-3,-2.87300E-3,-3.55656E-3,-3.72333E-3,-3.20047E-3,-4.83545E-3,-3.18206E-3,-3.46761E-3,-3.71438E-3,-3.79583E-3,-4.44436E-3,-4.55299E-3,-3.85119E-3,-3.95574E-3,-3.70267E-3,-3.39629E-3,-3.89846E-3,-3.86780E-3,-3.66544E-3,-3.93274E-3,-3.83659E-3,-3.71716E-3,-4.13247E-3,-3.48147E-3,-3.80296E-3,-3.22189E-3,-4.05026E-3,-3.74251E-3,-3.62138E-3,-3.57599E-3,-3.79473E-3,-3.94422E-3,-3.82589E-3,-4.48061E-3,-4.12579E-3,-3.78977E-3,-4.14066E-3,-3.82206E-3,-4.30824E-3,-4.38813E-3,-3.97654E-3,-3.49298E-3,-4.61291E-3,-4.79662E-3,-3.87833E-3,-3.71395E-3,-3.64109E-3,-4.29731E-3,-3.81231E-3,-4.49040E-3,-4.35932E-3,-3.77764E-3,-3.64327E-3,-4.01393E-3,-4.11647E-3,-3.36097E-3,-3.39875E-3,-3.39987E-3,-3.74841E-3,-2.78865E-3,-3.70101E-3,-3.26377E-3,-2.84608E-3,-3.70854E-3,-2.39015E-3,-2.92818E-3,-2.54820E-3,-2.74767E-3,-2.88041E-3,-2.37835E-3,-2.43159E-3,-2.54120E-3,-2.55540E-3,-2.42580E-3,-1.36017E-3,-2.12405E-3,-1.71901E-3,-1.81377E-3,-2.35792E-3,-2.09017E-3,-2.53821E-3,-2.11144E-3,-1.83849E-3,-2.22925E-3,-2.60367E-3,-2.80040E-3,-2.41463E-3,-2.88174E-3,-2.85809E-3,-2.97104E-3,-2.78780E-3,-2.94806E-3,-2.73424E-3,-3.44742E-3,-3.59383E-3,-3.37191E-3,-3.08449E-3,-2.97756E-3,-2.63459E-3,-2.87647E-3,-3.74422E-3,-2.57060E-3,-2.17013E-3,-2.68015E-3,-2.02785E-3,-3.05220E-3,-2.98725E-3,-2.95096E-3,-2.76633E-3,-2.93159E-3,-2.68408E-3
1.17765E+3,3.31923E-4,1.81102E-4,3.88537E-4,3.88487E-4,-7.30043E-5,-2.32003E-4,4.01683E-4,3.02285E-4,2.72076E-4,-5.59668E-4,1.97903E-4,1.25878E-4,-4.04239E-4,-1.17552E-3,-1.45437E-4,8.91227E-5,9.58301E-5,-8.82947E-4,-6.19536E-4,-2.00074E-3,-2.87637E-3,-2.81014E-3,-3.06937E-3,-3.85912E-3,-4.76412E-3,-6.37898E-3,-6.31487E-3,-6.79755E-3,-7.59371E-3,-8.31585E-3,-8.19307E-3,-8.85385E-3,-8.32798E-3,-9.03630E-3,-7.92826E-3,-8.01005E-3,-6.89432E-3,-6.85494E-3,-6.59883E-3,-6.41147E-3,-6.54830E-3,-5.42415E-3,-5.45580E-3,-5.79229E-3,-4.90602E-3,-6.17999E-3,-5.65585E-3,-5.50981E-3,-5.45689E-3,-4.43729E-3,-5.63760E-3,-4.46594E-3,-4.31294E-3,-3.94814E-3,-3.38077E-3,-4.68026E-3,-3.76276E-3,-3.08923E-3,-3.42979E-3,-3.56407E-3,-3.31773E-3,-4.60117E-3,-3.41226E-3,-3.46489E-3,-3.72824E-3,-3.66144E-3,-4.49241E-3,-4.57142E-3,-3.84487E-3,-3.95169E-3,-3.83010E-3,-3.43906E-3,-3.66040E-3,-3.69875E-3,-3.57616E-3,-3.89652E-3,-3.60731E-3,-3.87144E-3,-4.15414E-3,-3.76838E-3,-3.61484E-3,-3.20364E-3,-3.85939E-3,-3.50988E-3,-3.45494E-3,-3.36803E-3,-3.76515E-3,-3.71377E-3,-3.89782E-3,-4.34600E-3,-4.07523E-3,-3.75953E-3,-4.00791E-3,-3.72533E-3,-4.28520E-3,-4.22092E-3,-3.94480E-3,-3.76852E-3,-4.47156E-3,-4.80663E-3,-3.83002E-3,-3.53193E-3,-3.64063E-3,-4.06944E-3,-3.82972E-3,-4.68222E-3,-4.21574E-3,-3.68499E-3,-3.85983E-3,-3.90407E-3,-3.93048E-3,-3.31791E-3,-3.34511E-3,-3.28594E-3,-3.79407E-3,-2.89417E-3,-3.35398E-3,-3.31875E-3,-2.66462E-3,-3.73585E-3,-2.53329E-3,-3.01293E-3,-2.54676E-3,-2.73802E-3,-3.03187E-3,-2.47264E-3,-2.33781E-3,-2.52541E-3,-2.62634E-3,-2.26231E-3,-1.46957E-3,-2.05507E-3,-1.79446E-3,-1.92499E-3,-2.61260E-3,-2.04899E-3,-2.88346E-3,-2.07877E-3,-1.91599E-3,-2.20763E-3,-2.67900E-3,-2.84662E-3,-2.51096E-3,-3.05212E-3,-2.63812E-3,-3.03824E-3,-2.59503E-3,-3.13141E-3,-2.65768E-3,-3.42394E-3,-3.29202E-3,-3.31171E-3,-2.87631E-3,-3.04600E-3,-2.76253E-3,-3.10875E-3,-3.88883E-3,-2.63408E-3,-2.44649E-3,-2.82323E-3,-2.20843E-3,-3.07999E-3,-3.07557E-3,-2.98619E-3,-2.67190E-3,-3.01138E-3,-2.93355E-3
1.18112E+3,3.24852E-4,3.01379E-4,4.16188E-4,2.90439E-4,-2.47416E-4,-2.39833E-4,3.68365E-4,4.74394E-4,3.74661E-4,-5.11913E-4,1.84629E-4,5.05408E-6,-5.44449E-4,-1.22069E-3,2.43431E-5,1.45136E-4,1.19332E-4,-5.59931E-4,-3.33952E-4,-1.55476E-3,-2.59668E-3,-2.43615E-3,-2.81354E-3,-3.64350E-3,-4.83002E-3,-6.07175E-3,-6.45644E-3,-6.97291E-3,-7.73900E-3,-8.66453E-3,-8.46545E-3,-9.31885E-3,-8.65902E-3,-9.21489E-3,-8.51042E-3,-8.33503E-3,-7.13121E-3,-7.40220E-3,-6.94540E-3,-6.67994E-3,-6.54126E-3,-5.94809E-3,-5.53709E-3,-5.99902E-3,-5.06520E-3,-6.45225E-3,-5.84904E-3,-5.54642E-3,-5.74714E-3,-4.45701E-3,-5.94789E-3,-4.42839E-3,-4.53818E-3,-4.03582E-3,-3.61362E-3,-4.96235E-3,-4.03691E-3,-3.28843E-3,-3.72573E-3,-3.83755E-3,-3.60835E-3,-4.69539E-3,-3.59874E-3,-3.82332E-3,-3.92674E-3,-3.92698E-3,-4.61614E-3,-4.49214E-3,-4.19003E-3,-4.31133E-3,-3.95658E-3,-3.55813E-3,-3.74852E-3,-3.81096E-3,-3.67785E-3,-4.03092E-3,-3.84120E-3,-4.00740E-3,-3.88462E-3,-3.75303E-3,-3.70071E-3,-3.26132E-3,-3.67416E-3,-3.62261E-3,-3.34688E-3,-3.55443E-3,-3.72532E-3,-3.87210E-3,-3.81337E-3,-4.56670E-3,-4.08705E-3,-3.80403E-3,-3.97261E-3,-3.75389E-3,-4.35255E-3,-4.27741E-3,-3.92431E-3,-3.77312E-3,-4.28700E-3,-4.64559E-3,-4.04032E-3,-3.55780E-3,-3.66989E-3,-4.10133E-3,-3.86923E-3,-4.66101E-3,-4.21424E-3,-3.61734E-3,-3.96824E-3,-3.96043E-3,-4.07386E-3,-3.10743E-3,-3.29113E-3,-3.46971E-3,-3.46050E-3,-2.87570E-3,-3.60151E-3,-3.15612E-3,-2.99361E-3,-3.48489E-3,-2.81944E-3,-2.87580E-3,-2.27781E-3,-2.62923E-3,-3.03169E-3,-2.36330E-3,-2.13357E-3,-2.63090E-3,-2.28546E-3,-2.26315E-3,-1.39987E-3,-2.03775E-3,-1.61923E-3,-1.85102E-3,-2.64605E-3,-2.02120E-3,-2.84847E-3,-2.31951E-3,-1.87601E-3,-2.29214E-3,-2.43492E-3,-2.70052E-3,-2.82586E-3,-2.95056E-3,-2.82500E-3,-2.96897E-3,-2.51137E-3,-3.15711E-3,-2.46580E-3,-3.24219E-3,-3.36005E-3,-3.29052E-3,-3.03292E-3,-3.07862E-3,-2.62601E-3,-2.75397E-3,-3.88921E-3,-2.43344E-3,-2.42470E-3,-2.37510E-3,-2.04153E-3,-3.03822E-3,-2.83655E-3,-2.83356E-3,-2.59418E-3,-2.96359E-3,-2.69963E-3
1.18459E+3,4.49962E-4,2.52898E-4,5.96011E-4,2.24454E-4,-8.38139E-5,-1.69055E-4,3.01270E-4,2.33001E-4,1.31112E-4,-7.59740E-4,1.16448E-4,-1.31177E-5,-4.24723E-4,-8.47080E-4,-7.62535E-6,2.86967E-5,1.51072E-4,-4.79898E-4,-7.29059E-5,-1.33188E-3,-2.43625E-3,-1.92730E-3,-2.72601E-3,-3.70761E-3,-4.53264E-3,-6.06993E-3,-6.34504E-3,-6.89198E-3,-7.96358E-3,-8.59682E-3,-8.70191E-3,-9.17200E-3,-8.82057E-3,-9.33890E-3,-8.43779E-3,-8.44038E-3,-7.27730E-3,-7.44059E-3,-6.86102E-3,-6.78894E-3,-6.70207E-3,-6.00439E-3,-5.60125E-3,-6.18474E-3,-5.31726E-3,-6.65438E-3,-6.02673E-3,-5.36260E-3,-5.53656E-3,-4.55901E-3,-5.92519E-3,-4.65364E-3,-4.69973E-3,-4.38472E-3,-3.84445E-3,-4.67888E-3,-3.82451E-3,-3.37599E-3,-3.70405E-3,-3.94230E-3,-3.73176E-3,-4.65662E-3,-3.65925E-3,-3.85263E-3,-3.78273E-3,-4.09763E-3,-4.66773E-3,-4.52041E-3,-4.33354E-3,-4.45379E-3,-3.89333E-3,-3.58815E-3,-3.73272E-3,-3.78968E-3,-3.64539E-3,-4.03665E-3,-3.60530E-3,-3.85047E-3,-4.04230E-3,-3.67037E-3,-3.73493E-3,-3.23673E-3,-3.92778E-3,-3.69042E-3,-3.60417E-3,-3.30346E-3,-3.76512E-3,-3.84668E-3,-3.97255E-3,-4.53191E-3,-4.17326E-3,-4.12334E-3,-3.96309E-3,-3.83981E-3,-4.57791E-3,-4.07144E-3,-3.78988E-3,-3.57699E-3,-4.11409E-3,-4.74360E-3,-3.86094E-3,-3.65380E-3,-3.50789E-3,-3.86481E-3,-4.00176E-3,-4.63858E-3,-4.23718E-3,-3.73099E-3,-3.97578E-3,-3.91715E-3,-3.90201E-3,-3.18848E-3,-3.41284E-3,-3.39178E-3,-3.62787E-3,-2.87230E-3,-3.34129E-3,-3.29834E-3,-2.91054E-3,-3.75961E-3,-2.47449E-3,-2.93708E-3,-2.42301E-3,-2.50208E-3,-2.94068E-3,-2.36491E-3,-2.11277E-3,-2.56930E-3,-2.43241E-3,-2.22949E-3,-1.35989E-3,-1.90709E-3,-1.76660E-3,-1.86243E-3,-2.38746E-3,-1.87153E-3,-2.69177E-3,-1.96771E-3,-1.80567E-3,-2.15828E-3,-2.42124E-3,-2.68130E-3,-2.62125E-3,-2.91087E-3,-2.75539E-3,-2.81400E-3,-2.90614E-3,-2.95349E-3,-2.58448E-3,-3.13976E-3,-3.34002E-3,-3.09178E-3,-2.87060E-3,-3.06081E-3,-2.78998E-3,-2.68374E-3,-3.87200E-3,-2.46139E-3,-2.60453E-3,-2.52643E-3,-2.13641E-3,-2.94593E-3,-3.06320E-3,-2.99527E-3,-2.54837E-3,-2.83904E-3,-2.64520E-3
1.18807E+3,2.70561E-4,1.18014E-4,5.29302E-4,3.10522E-4,-1.39235E-4,-3.75548E-4,3.35188E-4,2.60716E-4,2.35603E-4,-6.40738E-4,3.67759E-4,4.91553E-5,-3.85124E-4,-9.30558E-4,-5.61852E-6,1.37537E-4,1.21191E-4,-3.43041E-4,-1.40180E-4,-5.95324E-4,-1.86177E-3,-1.74420E-3,-2.70988E-3,-3.56687E-3,-4.54848E-3,-6.03817E-3,-6.37679E-3,-6.85420E-3,-7.76078E-3,-8.63461E-3,-8.60475E-3,-9.19452E-3,-8.92861E-3,-9.44981E-3,-8.68746E-3,-8.72816E-3,-7.37677E-3,-7.33500E-3,-6.77695E-3,-6.77437E-3,-6.60156E-3,-6.01568E-3,-5.90070E-3,-6.29813E-3,-5.42761E-3,-6.64490E-3,-5.84162E-3,-5.51660E-3,-5.43441E-3,-4.55953E-3,-5.96225E-3,-4.45244E-3,-4.72023E-3,-4.40365E-3,-3.96578E-3,-4.98660E-3,-3.87851E-3,-3.37950E-3,-3.99862E-3,-3.99943E-3,-3.76911E-3,-4.50686E-3,-3.79467E-3,-3.61534E-3,-3.80182E-3,-4.17222E-3,-4.47122E-3,-4.51311E-3,-4.34125E-3,-4.26427E-3,-3.93351E-3,-3.59740E-3,-3.61792E-3,-3.95537E-3,-3.87419E-3,-3.85965E-3,-3.55748E-3,-3.74618E-3,-3.80275E-3,-3.63872E-3,-3.63130E-3,-3.32413E-3,-3.72930E-3,-3.74995E-3,-3.42673E-3,-3.70581E-3,-3.78402E-3,-3.64334E-3,-3.85770E-3,-4.44725E-3,-4.18714E-3,-3.84998E-3,-3.95213E-3,-3.69357E-3,-4.33836E-3,-4.23053E-3,-3.68426E-3,-3.77920E-3,-4.12571E-3,-4.62122E-3,-3.79242E-3,-3.64114E-3,-3.78130E-3,-4.01099E-3,-4.03283E-3,-4.62991E-3,-4.17599E-3,-3.59810E-3,-3.87296E-3,-3.94917E-3,-3.65719E-3,-3.20299E-3,-3.16160E-3,-3.29855E-3,-3.20560E-3,-2.71898E-3,-3.31998E-3,-3.23256E-3,-2.79672E-3,-3.56459E-3,-2.50018E-3,-2.94016E-3,-2.43266E-3,-2.34997E-3,-2.86947E-3,-2.36613E-3,-2.09317E-3,-2.23777E-3,-2.31054E-3,-1.98270E-3,-1.58737E-3,-2.11563E-3,-1.47096E-3,-1.92949E-3,-2.54422E-3,-2.05544E-3,-2.74511E-3,-1.86056E-3,-1.76006E-3,-2.27069E-3,-2.20540E-3,-2.66641E-3,-2.47254E-3,-2.89793E-3,-2.57952E-3,-2.82269E-3,-2.53457E-3,-3.00881E-3,-2.38243E-3,-3.25868E-3,-3.52339E-3,-3.06017E-3,-2.77843E-3,-2.96470E-3,-2.55428E-3,-2.62007E-3,-3.92198E-3,-2.48749E-3,-2.50929E-3,-2.24127E-3,-1.98788E-3,-2.70326E-3,-2.96370E-3,-2.89053E-3,-2.44692E-3,-2.78957E-3,-2.69173E-3
1.19154E+3,2.16713E-4,2.18251E-4,5.01870E-4,3.07793E-4,-1.53707E-4,-3.02500E-4,4.07691E-4,1.79409E-4,2.66029E-4,-7.49507E-4,2.64353E-4,2.12358E-4,-5.39742E-4,-8.13273E-4,-1.57386E-5,-1.60439E-4,-2.18787E-4,-7.30572E-4,-2.64432E-4,-6.38199E-4,-1.61544E-3,-1.54324E-3,-2.71035E-3,-3.41597E-3,-4.62824E-3,-5.62349E-3,-6.27200E-3,-6.56563E-3,-7.60452E-3,-8.60615E-3,-8.47625E-3,-9.14108E-3,-9.05374E-3,-9.05233E-3,-8.68805E-3,-8.69698E-3,-7.23310E-3,-7.35565E-3,-6.82264E-3,-6.64092E-3,-6.58484E-3,-5.75156E-3,-5.85822E-3,-6.26156E-3,-5.13252E-3,-6.54129E-3,-5.82282E-3,-5.11614E-3,-5.36514E-3,-4.67371E-3,-5.65501E-3,-4.40201E-3,-4.88483E-3,-4.64884E-3,-3.69359E-3,-4.70004E-3,-4.00083E-3,-3.46283E-3,-3.92973E-3,-3.90880E-3,-3.92728E-3,-4.71473E-3,-3.71571E-3,-3.59872E-3,-3.77307E-3,-4.00641E-3,-4.35534E-3,-4.43270E-3,-4.34968E-3,-4.27313E-3,-3.77561E-3,-3.48021E-3,-3.30118E-3,-3.64333E-3,-3.82972E-3,-3.91858E-3,-3.59432E-3,-3.76464E-3,-3.51959E-3,-3.58780E-3,-3.56312E-3,-3.55836E-3,-3.76385E-3,-3.48559E-3,-3.60110E-3,-3.38568E-3,-3.97494E-3,-3.70149E-3,-3.72651E-3,-4.30629E-3,-3.81206E-3,-3.97739E-3,-3.79624E-3,-3.43524E-3,-4.26909E-3,-4.08777E-3,-3.76656E-3,-3.35188E-3,-3.95959E-3,-4.69631E-3,-3.94489E-3,-3.41463E-3,-3.43769E-3,-3.73918E-3,-3.97533E-3,-4.53644E-3,-3.92204E-3,-3.80976E-3,-3.85230E-3,-3.80554E-3,-3.83840E-3,-3.02806E-3,-3.15306E-3,-3.13786E-3,-3.41862E-3,-2.77672E-3,-3.21940E-3,-3.10539E-3,-2.65084E-3,-3.41656E-3,-2.34538E-3,-2.92725E-3,-2.51005E-3,-2.29075E-3,-2.83472E-3,-2.21200E-3,-2.29457E-3,-2.33510E-3,-2.29924E-3,-2.10058E-3,-1.74049E-3,-2.16838E-3,-1.58014E-3,-1.96538E-3,-2.64918E-3,-2.17852E-3,-2.77978E-3,-2.03669E-3,-1.65241E-3,-2.09314E-3,-2.16606E-3,-2.50331E-3,-2.65663E-3,-2.62858E-3,-2.71398E-3,-2.92223E-3,-2.53265E-3,-3.08545E-3,-2.58442E-3,-3.33443E-3,-3.33784E-3,-3.22945E-3,-2.77982E-3,-3.01887E-3,-2.60621E-3,-2.68040E-3,-3.81058E-3,-2.50628E-3,-2.67060E-3,-2.51224E-3,-2.12062E-3,-2.80247E-3,-2.95614E-3,-2.85523E-3,-2.31647E-3,-2.58892E-3,-2.57024E-3
1.19501E+3,2.52069E-4,1.48548E-4,4.81564E-4,2.60401E-4,-1.33764E-4,-2.71481E-4,3.21106E-4,5.94364E-5,1.31949E-4,-6.04679E-4,5.30462E-4,9.31266E-5,-4.40406E-4,-7.24726E-4,-1.03605E-4,-2.73622E-5,1.28224E-4,-6.33159E-4,-1.68416E-4,-2.42120E-4,-1.08934E-3,-1.55567E-3,-2.92220E-3,-3.61984E-3,-4.29714E-3,-5.90633E-3,-6.35878E-3,-6.63855E-3,-7.65915E-3,-8.58108E-3,-8.60855E-3,-9.08726E-3,-9.32572E-3,-9.20024E-3,-8.98228E-3,-8.76061E-3,-7.35034E-3,-7.65626E-3,-6.55977E-3,-6.81560E-3,-6.41560E-3,-6.06237E-3,-5.86159E-3,-6.19639E-3,-5.31394E-3,-6.60275E-3,-5.87703E-3,-5.33420E-3,-5.30096E-3,-4.46413E-3,-5.72345E-3,-4.35114E-3,-4.96170E-3,-4.73257E-3,-3.93867E-3,-4.87086E-3,-4.05905E-3,-3.63233E-3,-4.42921E-3,-4.23267E-3,-4.10357E-3,-4.47857E-3,-3.90251E-3,-3.62953E-3,-3.94565E-3,-4.19263E-3,-4.29418E-3,-4.28184E-3,-4.42808E-3,-4.27913E-3,-3.82945E-3,-3.50513E-3,-3.74014E-3,-3.83936E-3,-4.13398E-3,-3.77888E-3,-3.59337E-3,-3.89779E-3,-3.57594E-3,-3.47809E-3,-3.49077E-3,-3.43783E-3,-3.79922E-3,-3.54109E-3,-3.50660E-3,-3.46264E-3,-3.66588E-3,-3.71400E-3,-3.97260E-3,-4.47353E-3,-3.85896E-3,-3.96076E-3,-3.87990E-3,-3.52172E-3,-4.28429E-3,-3.98042E-3,-3.77700E-3,-3.57270E-3,-3.83604E-3,-4.46466E-3,-3.94572E-3,-3.53481E-3,-3.39830E-3,-3.64718E-3,-3.75879E-3,-4.35291E-3,-3.98665E-3,-3.40203E-3,-3.87330E-3,-3.91932E-3,-3.77081E-3,-3.06213E-3,-3.01321E-3,-3.25391E-3,-3.03207E-3,-2.59950E-3,-3.23854E-3,-3.14663E-3,-2.99213E-3,-3.52098E-3,-2.57733E-3,-2.93247E-3,-2.55432E-3,-2.16366E-3,-2.91731E-3,-2.39064E-3,-2.14967E-3,-2.25103E-3,-2.17676E-3,-2.02486E-3,-1.72265E-3,-2.30283E-3,-1.59139E-3,-1.92974E-3,-2.53742E-3,-1.96298E-3,-2.77978E-3,-1.81319E-3,-1.53131E-3,-2.19029E-3,-2.26338E-3,-2.55098E-3,-2.62740E-3,-2.68348E-3,-2.71490E-3,-2.97706E-3,-2.60469E-3,-3.10356E-3,-2.39411E-3,-3.08331E-3,-3.36705E-3,-3.38759E-3,-2.69185E-3,-3.04266E-3,-2.41770E-3,-2.59763E-3,-3.54858E-3,-2.45384E-3,-2.46881E-3,-2.47913E-3,-1.87648E-3,-2.72632E-3,-3.04325E-3,-2.75691E-3,-2.15662E-3,-2.55773E-3,-2.36112E-3
1.19849E+3,3.15815E-4,1.12724E-4,5.25230E-4,1.98697E-4,-1.68534E-4,-2.64903E-4,5.86051E-4,1.78783E-4,2.40670E-4,-7.68843E-4,4.61246E-4,-6.86312E-5,-4.58420E-4,-6.30359E-4,-2.59524E-4,-1.82137E-4,-1.03641E-5,-9.33230E-4,-2.89301E-4,-6.32398E-5,-7.77177E-4,-1.36649E-3,-3.00562E-3,-3.70962E-3,-4.32852E-3,-5.46591E-3,-6.09629E-3,-6.73584E-3,-7.55066E-3,-8.74083E-3,-8.74974E-3,-9.01970E-3,-9.55308E-3,-9.24239E-3,-8.99809E-3,-9.21704E-3,-7.55513E-3,-7.64680E-3,-6.82908E-3,-7.01739E-3,-6.55520E-3,-5.98883E-3,-5.87845E-3,-6.51314E-3,-5.62377E-3,-6.67775E-3,-6.05467E-3,-5.38438E-3,-5.49367E-3,-4.41727E-3,-5.95862E-3,-4.52500E-3,-5.12281E-3,-4.98597E-3,-4.24284E-3,-5.22222E-3,-4.27553E-3,-3.95846E-3,-4.44067E-3,-4.09319E-3,-4.47567E-3,-4.42919E-3,-4.17372E-3,-3.81275E-3,-4.27236E-3,-4.46592E-3,-4.45108E-3,-4.42952E-3,-4.50241E-3,-4.25888E-3,-3.97377E-3,-3.49881E-3,-3.65111E-3,-3.92410E-3,-4.10832E-3,-3.96322E-3,-3.88131E-3,-4.08053E-3,-3.79137E-3,-3.75555E-3,-3.64094E-3,-3.47560E-3,-3.94879E-3,-3.58385E-3,-3.44657E-3,-3.62453E-3,-3.98316E-3,-3.70952E-3,-3.91858E-3,-4.46103E-3,-4.19939E-3,-3.95777E-3,-3.97057E-3,-3.48386E-3,-4.17821E-3,-4.11343E-3,-3.94010E-3,-3.53096E-3,-3.60077E-3,-4.71273E-3,-4.01666E-3,-3.47673E-3,-3.34516E-3,-3.37685E-3,-4.21043E-3,-4.29410E-3,-4.04882E-3,-3.66150E-3,-3.65350E-3,-3.92028E-3,-3.77524E-3,-3.25156E-3,-2.96026E-3,-3.03525E-3,-2.82894E-3,-2.76637E-3,-3.17780E-3,-3.07891E-3,-2.83930E-3,-3.18852E-3,-2.39877E-3,-2.66952E-3,-2.30038E-3,-2.08895E-3,-3.08041E-3,-2.50319E-3,-2.01044E-3,-2.02840E-3,-2.06576E-3,-2.13791E-3,-1.73808E-3,-2.09536E-3,-1.42646E-3,-1.76522E-3,-2.65180E-3,-2.18449E-3,-2.85240E-3,-1.86987E-3,-1.41600E-3,-2.11178E-3,-2.04058E-3,-2.55760E-3,-2.67892E-3,-2.82361E-3,-2.53259E-3,-2.89765E-3,-2.64328E-3,-2.88847E-3,-2.65907E-3,-3.19470E-3,-3.41093E-3,-3.13515E-3,-2.80188E-3,-3.11492E-3,-2.40557E-3,-2.66789E-3,-3.67639E-3,-2.23503E-3,-2.78459E-3,-2.41713E-3,-2.19466E-3,-2.56231E-3,-3.02664E-3,-2.80091E-3,-2.12448E-3,-2.73413E-3,-2.44781E-3
1.20196E+3,-1.97377E-5,-3.23828E-5,3.27480E-4,4.92874E-4,9.76460E-6,-1.27494E-4,5.44160E-4,2.22029E-4,9.96861E-5,-5.90301E-4,5.23742E-4,1.81525E-4,-7.10270E-4,-5.31898E-4,-3.89178E-4,6.36653E-5,-2.86336E-5,-8.76845E-4,-4.15140E-4,2.68460E-4,-5.71159E-4,-1.45502E-3,-2.99700E-3,-3.63923E-3,-3.91840E-3,-5.56757E-3,-6.04819E-3,-6.39867E-3,-7.62500E-3,-8.44725E-3,-8.77655E-3,-8.91473E-3,-9.52083E-3,-9.24352E-3,-8.71979E-3,-8.91318E-3,-7.87870E-3,-7.63959E-3,-6.80696E-3,-6.89287E-3,-6.77848E-3,-6.10721E-3,-5.96128E-3,-6.68619E-3,-5.54785E-3,-6.59415E-3,-5.80388E-3,-5.22153E-3,-5.54709E-3,-4.65651E-3,-5.80452E-3,-4.55540E-3,-4.95840E-3,-4.80257E-3,-4.08565E-3,-4.98635E-3,-4.34483E-3,-3.98928E-3,-4.50176E-3,-4.37140E-3,-4.49669E-3,-4.36751E-3,-4.01684E-3,-3.69011E-3,-4.03626E-3,-4.26109E-3,-4.36146E-3,-4.62888E-3,-4.39951E-3,-4.31924E-3,-3.82303E-3,-3.66175E-3,-3.69561E-3,-3.76434E-3,-4.01562E-3,-3.80759E-3,-3.72634E-3,-4.14722E-3,-3.52011E-3,-3.47737E-3,-3.43491E-3,-3.67808E-3,-3.91913E-3,-3.76454E-3,-3.47276E-3,-3.54415E-3,-3.91861E-3,-3.64784E-3,-3.89681E-3,-4.78999E-3,-4.17369E-3,-3.85991E-3,-3.80202E-3,-3.41434E-3,-4.38799E-3,-4.02833E-3,-3.67439E-3,-3.57494E-3,-3.55278E-3,-4.75723E-3,-3.79715E-3,-3.53030E-3,-3.09098E-3,-3.39897E-3,-3.77309E-3,-4.19402E-3,-3.80476E-3,-3.66928E-3,-3.77483E-3,-3.96093E-3,-3.71379E-3,-3.20294E-3,-2.89952E-3,-3.22952E-3,-3.12844E-3,-2.35920E-3,-3.41503E-3,-3.11439E-3,-2.55526E-3,-3.23548E-3,-2.58566E-3,-2.71306E-3,-2.42164E-3,-2.19253E-3,-2.94377E-3,-2.30298E-3,-2.11038E-3,-1.94293E-3,-2.05695E-3,-2.09878E-3,-1.83013E-3,-2.21214E-3,-1.37483E-3,-2.01581E-3,-2.54122E-3,-2.18732E-3,-2.68240E-3,-1.92353E-3,-1.68332E-3,-2.08602E-3,-2.00266E-3,-2.34621E-3,-2.83230E-3,-2.72257E-3,-2.40093E-3,-2.95418E-3,-2.49341E-3,-2.93739E-3,-2.51052E-3,-3.31363E-3,-3.48000E-3,-3.30907E-3,-2.48595E-3,-3.11466E-3,-2.32859E-3,-2.67378E-3,-3.68541E-3,-2.41423E-3,-2.66744E-3,-2.46640E-3,-2.09245E-3,-2.54244E-3,-3.08226E-3,-2.75761E-3,-2.14252E-3,-2.74702E-3,-2.29085E-3
1.20544E+3,1.52905E-4,1.15461E-4,3.66210E-4,3.38816E-4,-4.42257E-5,-7.98409E-5,5.63149E-4,3.42805E-4,2.40935E-4,-7.50931E-4,6.55615E-5,-5.49480E-5,-7.62983E-4,-3.51736E-4,-1.41177E-4,-2.16335E-4,-3.37734E-4,-1.12352E-3,-4.93805E-4,6.98178E-5,-6.04234E-4,-1.66053E-3,-3.22682E-3,-3.78116E-3,-4.20396E-3,-5.47287E-3,-6.25344E-3,-6.41770E-3,-7.53255E-3,-8.41269E-3,-8.74587E-3,-8.71430E-3,-9.42537E-3,-9.17637E-3,-8.57949E-3,-8.69746E-3,-7.68070E-3,-7.41345E-3,-6.55665E-3,-6.55577E-3,-6.51453E-3,-6.04656E-3,-6.07226E-3,-6.27299E-3,-5.18614E-3,-6.60180E-3,-5.66924E-3,-5.26229E-3,-5.19250E-3,-4.33334E-3,-5.67559E-3,-4.39821E-3,-4.79979E-3,-4.88222E-3,-3.95240E-3,-4.78376E-3,-4.00935E-3,-3.88669E-3,-4.21189E-3,-4.27703E-3,-4.23554E-3,-4.10565E-3,-4.12433E-3,-3.38751E-3,-3.91427E-3,-4.27372E-3,-4.20457E-3,-4.51208E-3,-4.59330E-3,-3.95598E-3,-3.72084E-3,-3.54838E-3,-3.54586E-3,-3.65949E-3,-4.14075E-3,-3.57327E-3,-3.69515E-3,-3.79692E-3,-3.43301E-3,-3.44947E-3,-3.60153E-3,-3.66014E-3,-3.90233E-3,-3.53786E-3,-3.24222E-3,-3.59278E-3,-3.78843E-3,-3.63500E-3,-3.68469E-3,-4.55345E-3,-3.96066E-3,-3.67711E-3,-3.89748E-3,-3.23932E-3,-4.24218E-3,-3.86799E-3,-3.67572E-3,-3.52232E-3,-3.82560E-3,-4.67874E-3,-3.73066E-3,-3.31720E-3,-3.25878E-3,-3.40964E-3,-3.86360E-3,-3.94142E-3,-4.10892E-3,-3.56093E-3,-3.85810E-3,-3.78669E-3,-3.49098E-3,-3.33538E-3,-2.67073E-3,-2.96014E-3,-2.99587E-3,-2.63135E-3,-3.19463E-3,-2.69845E-3,-2.72509E-3,-3.33220E-3,-2.37365E-3,-2.82969E-3,-2.29711E-3,-2.20188E-3,-2.74397E-3,-2.01693E-3,-2.16063E-3,-1.94063E-3,-2.13195E-3,-2.25496E-3,-1.76672E-3,-2.42642E-3,-1.58348E-3,-1.97172E-3,-2.45547E-3,-2.09390E-3,-2.44702E-3,-1.82085E-3,-1.55345E-3,-2.20650E-3,-1.89980E-3,-2.32666E-3,-2.84777E-3,-2.67547E-3,-2.49646E-3,-2.90914E-3,-2.51597E-3,-3.03651E-3,-2.42658E-3,-3.20842E-3,-3.41759E-3,-3.15844E-3,-2.61970E-3,-2.94253E-3,-2.22484E-3,-2.85171E-3,-4.04561E-3,-2.49055E-3,-2.87684E-3,-2.39189E-3,-2.08473E-3,-2.62863E-3,-2.90416E-3,-2.83163E-3,-2.36078E-3,-2.58918E-3,-2.15623E-3
1.20892E+3,1.37394E-4,3.57017E-5,6.66447E-4,2.04777E-4,-1.18459E-4,-3.67890E-4,5.24701E-4,1.74831E-4,4.23232E-4,-5.96126E-4,3.69313E-4,2.82908E-4,-7.74056E-4,-6.17888E-4,-3.44885E-4,-1.13875E-4,-3.50516E-4,-1.38452E-3,-6.02912E-4,-5.74393E-5,-3.31618E-4,-1.88281E-3,-3.42091E-3,-3.88859E-3,-4.24222E-3,-5.60214E-3,-6.27572E-3,-6.59220E-3,-7.59323E-3,-8.63144E-3,-8.53666E-3,-9.01088E-3,-9.47574E-3,-9.01129E-3,-8.52734E-3,-8.93217E-3,-7.70306E-3,-7.78401E-3,-6.49357E-3,-6.68698E-3,-6.44542E-3,-6.31790E-3,-6.13651E-3,-6.58023E-3,-5.36794E-3,-6.44156E-3,-5.63707E-3,-5.40808E-3,-5.26693E-3,-4.63313E-3,-5.78407E-3,-4.81043E-3,-4.88750E-3,-4.97677E-3,-4.11110E-3,-4.88630E-3,-3.95860E-3,-3.85770E-3,-4.46413E-3,-4.41545E-3,-4.41304E-3,-4.43525E-3,-4.01021E-3,-3.49344E-3,-4.06616E-3,-4.39224E-3,-4.19031E-3,-4.38346E-3,-4.61033E-3,-4.02597E-3,-3.74379E-3,-3.61285E-3,-3.50589E-3,-3.90293E-3,-4.04775E-3,-3.61425E-3,-3.88164E-3,-4.05868E-3,-3.64272E-3,-3.40939E-3,-3.44555E-3,-3.70189E-3,-4.01265E-3,-3.74208E-3,-3.39092E-3,-3.59838E-3,-3.80027E-3,-3.50108E-3,-3.76969E-3,-4.34495E-3,-3.83367E-3,-3.76441E-3,-3.74105E-3,-3.30021E-3,-4.03119E-3,-4.18329E-3,-3.78632E-3,-3.45186E-3,-3.30160E-3,-4.78687E-3,-3.83701E-3,-3.19536E-3,-3.19805E-3,-3.50633E-3,-3.75117E-3,-4.10886E-3,-3.82789E-3,-3.56219E-3,-3.49655E-3,-3.78913E-3,-3.32162E-3,-2.97552E-3,-2.81357E-3,-2.95772E-3,-2.98539E-3,-2.50032E-3,-3.11712E-3,-2.85413E-3,-2.56611E-3,-3.12965E-3,-2.51469E-3,-2.72463E-3,-2.33334E-3,-1.95945E-3,-3.03908E-3,-2.16446E-3,-1.69204E-3,-1.94561E-3,-1.99289E-3,-1.97907E-3,-1.68338E-3,-2.35793E-3,-1.30424E-3,-1.78605E-3,-2.24359E-3,-2.03063E-3,-2.49360E-3,-1.79235E-3,-1.28676E-3,-2.29001E-3,-1.80182E-3,-2.37049E-3,-2.64351E-3,-2.72363E-3,-2.37842E-3,-2.87402E-3,-2.50123E-3,-3.22316E-3,-2.37013E-3,-3.22252E-3,-3.39359E-3,-3.25111E-3,-2.70643E-3,-2.81324E-3,-2.07421E-3,-2.62437E-3,-3.82109E-3,-2.32394E-3,-2.65174E-3,-2.23855E-3,-1.95976E-3,-2.29704E-3,-2.74544E-3,-2.86587E-3,-2.18785E-3,-2.60996E-3,-2.04768E-3
1.21239E+3,1.18668E-4,4.13563E-5,6.04425E-4,2.28839E-4,-4.78294E-5,-3.03149E-4,6.28374E-4,2.62177E-4,2.22007E-4,-6.84574E-4,3.05735E-4,1.22843E-4,-7.31338E-4,-5.22934E-4,-2.44600E-4,-4.50645E-5,-2.41960E-4,-1.58446E-3,-6.97120E-4,-1.22553E-4,-5.38276E-4,-2.08396E-3,-3.48495E-3,-3.80137E-3,-4.16421E-3,-5.86040E-3,-6.07347E-3,-6.52279E-3,-7.64874E-3,-8.77319E-3,-8.74459E-3,-9.01118E-3,-9.62713E-3,-9.16911E-3,-8.81697E-3,-8.85072E-3,-7.75100E-3,-7.67121E-3,-6.50742E-3,-6.92498E-3,-6.62958E-3,-6.40434E-3,-6.43198E-3,-6.64379E-3,-5.07899E-3,-6.69021E-3,-5.90265E-3,-5.40371E-3,-5.49177E-3,-4.68370E-3,-6.22942E-3,-4.65109E-3,-5.17163E-3,-5.10745E-3,-4.05103E-3,-5.11558E-3,-4.58657E-3,-4.22898E-3,-4.60834E-3,-4.70625E-3,-4.55741E-3,-4.39852E-3,-4.01422E-3,-3.55086E-3,-4.07389E-3,-4.50529E-3,-4.12741E-3,-4.57479E-3,-4.57008E-3,-4.37886E-3,-3.85009E-3,-3.71505E-3,-3.71073E-3,-3.73364E-3,-4.21859E-3,-3.67814E-3,-3.92310E-3,-4.08626E-3,-3.55531E-3,-3.61881E-3,-3.51048E-3,-3.75766E-3,-4.09126E-3,-3.65966E-3,-3.69065E-3,-3.62422E-3,-3.80794E-3,-3.52771E-3,-4.02578E-3,-4.86780E-3,-3.74893E-3,-3.56890E-3,-3.68736E-3,-3.24104E-3,-4.06588E-3,-3.87750E-3,-3.81956E-3,-3.18541E-3,-3.38428E-3,-4.64157E-3,-3.70015E-3,-3.27947E-3,-3.07753E-3,-3.38271E-3,-3.54636E-3,-3.86363E-3,-3.67112E-3,-3.65753E-3,-3.78870E-3,-3.63978E-3,-3.59132E-3,-2.86136E-3,-2.68909E-3,-2.95480E-3,-3.07854E-3,-2.53757E-3,-3.25133E-3,-2.64042E-3,-2.46316E-3,-3.02288E-3,-2.41810E-3,-2.65078E-3,-2.40766E-3,-2.11347E-3,-3.00559E-3,-2.21484E-3,-2.00558E-3,-1.89675E-3,-1.90888E-3,-1.87614E-3,-1.74525E-3,-2.36361E-3,-1.52096E-3,-1.73656E-3,-2.34314E-3,-2.12720E-3,-2.55396E-3,-1.82739E-3,-1.39762E-3,-2.26331E-3,-1.92761E-3,-1.96205E-3,-2.56731E-3,-2.64472E-3,-2.41283E-3,-2.76480E-3,-2.37699E-3,-2.89307E-3,-2.38085E-3,-3.38613E-3,-3.16409E-3,-3.19039E-3,-2.70411E-3,-2.84858E-3,-1.89848E-3,-2.55295E-3,-3.82824E-3,-2.39772E-3,-2.50618E-3,-2.33875E-3,-2.05372E-3,-2.35753E-3,-2.68762E-3,-2.88113E-3,-2.10789E-3,-2.74859E-3,-2.13675E-3
1.21587E+3,1.65546E-4,5.69897E-5,5.13488E-4,4.53047E-4,-1.85448E-4,-1.82734E-4,6.07140E-4,1.30788E-4,1.29127E-4,-7.72350E-4,4.29575E-4,3.36922E-4,-7.61808E-4,-6.08871E-4,-3.11413E-4,-1.46677E-4,-2.91967E-4,-1.56905E-3,-9.29409E-4,-4.46218E-4,-4.53083E-4,-2.37041E-3,-3.76314E-3,-3.93297E-3,-4.33397E-3,-6.01995E-3,-6.29657E-3,-6.94396E-3,-7.88348E-3,-8.75048E-3,-9.03951E-3,-9.15660E-3,-9.70535E-3,-9.43148E-3,-8.76589E-3,-9.09369E-3,-8.08680E-3,-8.12632E-3,-6.92960E-3,-6.96447E-3,-6.86809E-3,-6.64971E-3,-6.65471E-3,-6.99960E-3,-5.42659E-3,-6.80226E-3,-6.14767E-3,-5.84495E-3,-5.85526E-3,-4.99573E-3,-6.19196E-3,-4.90749E-3,-5.14159E-3,-5.26841E-3,-4.42075E-3,-5.42560E-3,-4.61594E-3,-4.31158E-3,-4.74597E-3,-4.70616E-3,-4.58883E-3,-4.73821E-3,-4.38742E-3,-3.65464E-3,-4.43721E-3,-4.72733E-3,-4.25107E-3,-4.95339E-3,-5.01415E-3,-4.45666E-3,-4.12484E-3,-3.84850E-3,-4.23124E-3,-4.17061E-3,-4.48918E-3,-3.85065E-3,-3.89756E-3,-4.26830E-3,-4.03991E-3,-3.82086E-3,-3.61406E-3,-3.88894E-3,-4.29244E-3,-3.91248E-3,-3.64499E-3,-3.72628E-3,-3.97819E-3,-3.58517E-3,-3.88358E-3,-4.69053E-3,-4.08860E-3,-4.03464E-3,-3.85500E-3,-3.47220E-3,-4.28422E-3,-3.94997E-3,-3.88790E-3,-3.34087E-3,-3.38996E-3,-4.87186E-3,-3.60081E-3,-3.32764E-3,-3.14126E-3,-3.54466E-3,-3.65574E-3,-4.02709E-3,-4.01704E-3,-3.43968E-3,-3.65082E-3,-3.85640E-3,-3.73259E-3,-2.97613E-3,-2.61535E-3,-2.92540E-3,-3.02196E-3,-2.39220E-3,-3.24520E-3,-2.93548E-3,-2.52182E-3,-3.15319E-3,-2.53624E-3,-2.98983E-3,-2.05248E-3,-2.09416E-3,-2.89742E-3,-2.32160E-3,-1.76912E-3,-1.68119E-3,-2.21213E-3,-2.09201E-3,-1.59318E-3,-2.36137E-3,-1.65419E-3,-1.80569E-3,-2.31436E-3,-2.12151E-3,-2.51225E-3,-1.76146E-3,-1.43185E-3,-2.31054E-3,-2.14133E-3,-2.17945E-3,-2.52603E-3,-2.78027E-3,-2.42540E-3,-2.83468E-3,-2.35828E-3,-2.91883E-3,-2.47422E-3,-3.31751E-3,-3.20243E-3,-3.09202E-3,-2.82158E-3,-2.89244E-3,-2.28846E-3,-2.59296E-3,-3.66834E-3,-2.45908E-3,-2.27731E-3,-2.29609E-3,-1.75609E-3,-2.61058E-3,-2.82484E-3,-2.78771E-3,-2.05835E-3,-2.62486E-3,-2.12901E-3
1.21935E+3,6.02845E-5,8.44472E-5,6.65405E-4,4.33204E-4,-2.10374E-4,-4.54171E-4,6.15003E-4,2.89636E-4,5.71590E-5,-6.16534E-4,4.55331E-4,4.82085E-4,-9.45090E-4,-5.10112E-4,-4.06274E-4,-2.02708E-4,-3.96763E-4,-1.68831E-3,-1.09543E-3,-3.32649E-4,-6.95272E-4,-2.35867E-3,-3.80851E-3,-4.01780E-3,-4.28437E-3,-5.92419E-3,-6.38557E-3,-6.61509E-3,-8.00257E-3,-8.61880E-3,-9.00111E-3,-9.06717E-3,-9.68742E-3,-9.23539E-3,-8.70268E-3,-8.97227E-3,-8.02250E-3,-7.95156E-3,-6.71250E-3,-7.00175E-3,-6.80171E-3,-6.67617E-3,-6.63642E-3,-7.01845E-3,-5.17067E-3,-6.71085E-3,-6.05845E-3,-5.43805E-3,-5.65690E-3,-4.72189E-3,-6.22544E-3,-4.96701E-3,-5.21681E-3,-5.07092E-3,-4.11692E-3,-5.32965E-3,-4.42639E-3,-4.21592E-3,-4.31637E-3,-4.49802E-3,-4.63204E-3,-4.69948E-3,-4.07589E-3,-3.50670E-3,-4.17267E-3,-4.55708E-3,-4.20554E-3,-4.66961E-3,-4.80257E-3,-4.21137E-3,-4.09594E-3,-3.67549E-3,-3.93756E-3,-4.14068E-3,-4.37346E-3,-3.66427E-3,-3.95010E-3,-3.84257E-3,-3.89438E-3,-3.58092E-3,-3.56166E-3,-3.64981E-3,-4.32022E-3,-3.86195E-3,-3.40194E-3,-3.94982E-3,-4.11254E-3,-3.58204E-3,-3.73169E-3,-4.66352E-3,-3.80502E-3,-3.66530E-3,-3.95489E-3,-3.40678E-3,-4.11246E-3,-4.15011E-3,-3.65532E-3,-3.34118E-3,-3.44233E-3,-4.89685E-3,-3.63745E-3,-3.35505E-3,-3.25383E-3,-3.35606E-3,-3.78315E-3,-3.91006E-3,-3.64412E-3,-3.34077E-3,-3.45583E-3,-3.78489E-3,-3.64059E-3,-3.04191E-3,-2.70462E-3,-2.68847E-3,-2.71628E-3,-2.42623E-3,-3.38382E-3,-2.79869E-3,-2.51416E-3,-2.89775E-3,-2.39902E-3,-2.78896E-3,-2.11459E-3,-2.05340E-3,-3.01267E-3,-1.96992E-3,-1.90227E-3,-1.56289E-3,-2.06856E-3,-2.05099E-3,-1.58241E-3,-2.30226E-3,-1.42285E-3,-1.74418E-3,-1.98605E-3,-1.92926E-3,-2.24355E-3,-1.63585E-3,-1.41248E-3,-1.97629E-3,-1.91186E-3,-2.05293E-3,-2.47011E-3,-2.49821E-3,-2.41863E-3,-2.71391E-3,-2.10038E-3,-2.67184E-3,-2.50117E-3,-3.15674E-3,-3.45423E-3,-2.96132E-3,-2.72512E-3,-3.10653E-3,-1.77678E-3,-2.61819E-3,-3.64555E-3,-2.28087E-3,-2.32975E-3,-2.45505E-3,-1.75710E-3,-2.35138E-3,-2.49768E-3,-2.67573E-3,-2.23466E-3,-2.61143E-3,-2.16633E-3
1.22283E+3,1.81827E-4,8.38860E-5,6.59159E-4,9.19975E-5,7.27011E-7,-3.30388E-4,6.83427E-4,2.64174E-4,1.81709E-4,-5.37616E-4,4.46472E-4,2.96421E-4,-8.27663E-4,-7.33537E-4,-4.60596E-4,-2.83918E-4,-3.03217E-4,-1.88017E-3,-1.24195E-3,-7.90420E-4,-1.06485E-3,-2.73281E-3,-3.86975E-3,-4.13485E-3,-4.49659E-3,-6.20080E-3,-6.38052E-3,-6.81922E-3,-7.72108E-3,-8.53551E-3,-9.06424E-3,-9.07127E-3,-9.50739E-3,-9.18387E-3,-8.62252E-3,-8.77827E-3,-7.93196E-3,-7.99111E-3,-6.72787E-3,-6.81554E-3,-6.95639E-3,-6.49445E-3,-6.70571E-3,-6.64045E-3,-4.88564E-3,-6.51461E-3,-5.85634E-3,-5.41668E-3,-5.88014E-3,-4.87894E-3,-6.21047E-3,-4.69672E-3,-4.90254E-3,-4.93619E-3,-3.83284E-3,-5.25252E-3,-4.50272E-3,-3.89595E-3,-4.62392E-3,-4.43937E-3,-4.60339E-3,-4.44581E-3,-4.41801E-3,-3.41113E-3,-4.01841E-3,-4.67983E-3,-3.90012E-3,-4.58439E-3,-4.59875E-3,-4.14631E-3,-3.99839E-3,-3.45460E-3,-4.02193E-3,-4.02461E-3,-4.26711E-3,-3.55850E-3,-3.75230E-3,-4.13743E-3,-4.12094E-3,-3.49211E-3,-3.85503E-3,-3.77612E-3,-4.14956E-3,-3.80352E-3,-3.77449E-3,-3.68346E-3,-4.02622E-3,-3.57215E-3,-3.78347E-3,-4.84418E-3,-3.87757E-3,-3.50068E-3,-3.84832E-3,-3.21095E-3,-4.20389E-3,-4.06052E-3,-4.10029E-3,-3.22946E-3,-3.41270E-3,-4.68396E-3,-3.62405E-3,-3.24646E-3,-2.94012E-3,-3.23548E-3,-3.85090E-3,-3.78637E-3,-3.73361E-3,-3.50957E-3,-3.61725E-3,-3.71125E-3,-3.46070E-3,-3.29308E-3,-2.70810E-3,-2.71502E-3,-2.99193E-3,-2.44946E-3,-3.57477E-3,-2.81740E-3,-2.61029E-3,-2.93903E-3,-2.43106E-3,-2.66796E-3,-2.08496E-3,-2.11457E-3,-2.93811E-3,-2.00177E-3,-1.49910E-3,-1.53421E-3,-1.90589E-3,-2.13552E-3,-1.11153E-3,-2.47717E-3,-1.79181E-3,-1.70385E-3,-2.23808E-3,-2.23863E-3,-2.33958E-3,-1.55709E-3,-1.19994E-3,-1.90756E-3,-2.15306E-3,-2.17295E-3,-2.48676E-3,-2.64989E-3,-2.53642E-3,-3.07796E-3,-2.28365E-3,-2.89476E-3,-2.27846E-3,-3.10891E-3,-3.15519E-3,-2.79394E-3,-2.74546E-3,-3.04325E-3,-1.87204E-3,-2.45879E-3,-3.97167E-3,-2.34647E-3,-2.57393E-3,-2.13806E-3,-1.82202E-3,-2.67906E-3,-2.66977E-3,-2.74232E-3,-2.15115E-3,-2.71787E-3,-2.14378E-3
1.22631E+3,3.09811E-4,2.02138E-4,6.90570E-4,1.95319E-4,-1.73184E-4,-3.55187E-4,7.62870E-4,1.46497E-4,5.44619E-4,-7.28144E-4,3.49871E-4,2.48541E-4,-6.26098E-4,-1.08394E-3,-4.83679E-4,-2.52820E-4,-5.23769E-4,-1.77415E-3,-1.28536E-3,-1.03265E-3,-1.28968E-3,-3.07702E-3,-4.10014E-3,-4.22351E-3,-4.69188E-3,-6.34781E-3,-6.33928E-3,-6.87346E-3,-7.88830E-3,-8.55748E-3,-9.37219E-3,-9.23810E-3,-9.46198E-3,-9.28836E-3,-8.53094E-3,-8.53628E-3,-7.90218E-3,-7.91089E-3,-6.76590E-3,-6.71435E-3,-6.46832E-3,-6.52783E-3,-6.44016E-3,-6.68688E-3,-4.58054E-3,-6.36443E-3,-5.59122E-3,-5.49656E-3,-6.03651E-3,-4.73203E-3,-6.18165E-3,-4.89747E-3,-4.85132E-3,-4.93128E-3,-3.78733E-3,-4.99046E-3,-4.31391E-3,-3.99666E-3,-4.44128E-3,-4.28474E-3,-4.16593E-3,-4.45470E-3,-3.66292E-3,-3.35158E-3,-3.93474E-3,-4.75484E-3,-3.96563E-3,-4.73917E-3,-4.15979E-3,-3.95315E-3,-3.78176E-3,-3.57308E-3,-4.13085E-3,-4.03473E-3,-4.23962E-3,-3.30796E-3,-3.90887E-3,-4.14066E-3,-4.22640E-3,-3.38596E-3,-3.68602E-3,-3.62635E-3,-3.93898E-3,-3.63163E-3,-3.70250E-3,-3.69447E-3,-3.62815E-3,-3.27323E-3,-3.55804E-3,-4.72758E-3,-3.66171E-3,-3.45450E-3,-3.51570E-3,-3.35608E-3,-3.83065E-3,-3.84485E-3,-3.74804E-3,-3.29517E-3,-3.40089E-3,-4.77404E-3,-3.61140E-3,-3.36475E-3,-3.01394E-3,-3.43282E-3,-3.36165E-3,-3.97325E-3,-3.72052E-3,-3.30430E-3,-3.60986E-3,-3.72258E-3,-3.51443E-3,-3.48270E-3,-2.59543E-3,-2.81782E-3,-2.98582E-3,-2.41182E-3,-3.30260E-3,-2.75292E-3,-2.11533E-3,-3.00480E-3,-2.33597E-3,-2.65211E-3,-2.14707E-3,-2.22451E-3,-3.06884E-3,-2.29469E-3,-1.57826E-3,-1.66948E-3,-1.97121E-3,-1.95234E-3,-1.26981E-3,-1.92912E-3,-1.53983E-3,-1.75228E-3,-2.16296E-3,-2.05740E-3,-2.32165E-3,-1.73886E-3,-1.34314E-3,-2.08890E-3,-2.13542E-3,-2.17425E-3,-2.53412E-3,-2.84931E-3,-2.70681E-3,-2.85407E-3,-2.18269E-3,-2.42091E-3,-2.75610E-3,-3.31678E-3,-3.29879E-3,-3.37142E-3,-2.83846E-3,-3.05771E-3,-1.79349E-3,-2.87619E-3,-3.76182E-3,-2.23600E-3,-2.14984E-3,-2.22213E-3,-2.03003E-3,-2.80188E-3,-2.58550E-3,-2.96819E-3,-1.92201E-3,-3.00256E-3,-2.07167E-3
1.22979E+3,2.12299E-4,6.19138E-5,7.29369E-4,2.78137E-4,-1.06670E-4,-5.83145E-4,9.64341E-4,1.62924E-4,3.23881E-4,-6.98400E-4,5.26900E-4,6.07050E-4,-9.89281E-4,-8.53135E-4,-6.36184E-4,-1.45637E-4,-1.71492E-4,-2.39538E-3,-1.66522E-3,-9.12380E-4,-1.45511E-3,-3.19686E-3,-4.49398E-3,-4.43366E-3,-5.01918E-3,-6.54720E-3,-6.30586E-3,-7.23877E-3,-7.98250E-3,-8.56216E-3,-9.57570E-3,-9.07980E-3,-9.40232E-3,-9.29949E-3,-8.64382E-3,-8.64149E-3,-8.04616E-3,-8.07391E-3,-6.66975E-3,-6.78851E-3,-6.46972E-3,-6.64160E-3,-6.65524E-3,-6.54874E-3,-4.52154E-3,-6.60374E-3,-5.63953E-3,-5.53193E-3,-5.94701E-3,-4.99918E-3,-6.48809E-3,-4.97878E-3,-4.98961E-3,-5.07243E-3,-3.93177E-3,-5.22087E-3,-4.37860E-3,-3.93128E-3,-4.55689E-3,-4.47377E-3,-4.26316E-3,-4.36280E-3,-4.10936E-3,-3.08365E-3,-3.97279E-3,-4.72043E-3,-3.89468E-3,-4.62661E-3,-4.57735E-3,-3.92224E-3,-3.90424E-3,-3.27549E-3,-4.23362E-3,-4.06980E-3,-4.36531E-3,-3.28101E-3,-3.79660E-3,-3.82568E-3,-3.95163E-3,-3.44933E-3,-3.63438E-3,-3.81889E-3,-4.06018E-3,-3.72521E-3,-3.82698E-3,-3.65417E-3,-3.81233E-3,-3.37409E-3,-3.42059E-3,-4.77600E-3,-3.75768E-3,-3.29628E-3,-3.59884E-3,-3.28812E-3,-3.92750E-3,-3.74313E-3,-4.04313E-3,-3.08337E-3,-3.43056E-3,-4.66301E-3,-3.71164E-3,-3.38552E-3,-2.92465E-3,-3.65837E-3,-3.43479E-3,-3.86105E-3,-3.72811E-3,-3.55243E-3,-3.54882E-3,-3.94354E-3,-3.33387E-3,-3.10335E-3,-2.77947E-3,-2.78836E-3,-3.06119E-3,-2.34900E-3,-3.34341E-3,-2.50132E-3,-2.19911E-3,-2.80280E-3,-2.31260E-3,-2.70723E-3,-2.11787E-3,-2.37705E-3,-3.10983E-3,-1.98502E-3,-1.46670E-3,-1.41501E-3,-1.99881E-3,-1.86015E-3,-1.61908E-3,-2.28257E-3,-1.57069E-3,-1.72913E-3,-1.92883E-3,-2.05083E-3,-2.21523E-3,-1.49163E-3,-1.46354E-3,-2.09552E-3,-1.97551E-3,-2.03571E-3,-2.59540E-3,-2.76380E-3,-2.23951E-3,-2.97565E-3,-1.94200E-3,-2.34652E-3,-2.60248E-3,-3.31735E-3,-3.14661E-3,-3.22356E-3,-2.63424E-3,-2.83052E-3,-1.80100E-3,-2.79002E-3,-3.77085E-3,-2.31230E-3,-2.21023E-3,-2.35350E-3,-2.05619E-3,-2.78764E-3,-2.50415E-3,-2.69464E-3,-2.15018E-3,-2.75357E-3,-2.21279E-3
1.23327E+3,-4.28417E-5,3.02803E-4,5.74223E-4,5.29763E-5,-8.99212E-6,-4.09848E-4,1.01226E-3,1.81678E-4,5.45661E-4,-8.30346E-4,4.36120E-5,3.29105E-4,-7.57877E-4,-8.37396E-4,-1.55014E-4,-1.50907E-4,-4.11925E-4,-2.43183E-3,-1.57299E-3,-1.25907E-3,-1.55861E-3,-3.31820E-3,-4.36872E-3,-4.45711E-3,-4.88258E-3,-6.50137E-3,-6.33392E-3,-7.14592E-3,-7.88824E-3,-8.48018E-3,-9.06171E-3,-8.87920E-3,-9.19732E-3,-9.19077E-3,-8.36293E-3,-8.40862E-3,-7.91716E-3,-7.73043E-3,-6.44208E-3,-6.48553E-3,-6.38403E-3,-6.49692E-3,-6.37509E-3,-6.61321E-3,-4.46635E-3,-6.45824E-3,-5.53572E-3,-5.32058E-3,-5.98619E-3,-4.99167E-3,-6.09668E-3,-5.14430E-3,-4.82827E-3,-4.82464E-3,-3.69041E-3,-5.04036E-3,-4.31726E-3,-3.73649E-3,-4.10047E-3,-4.22643E-3,-3.97601E-3,-4.75287E-3,-3.66343E-3,-3.12111E-3,-3.89229E-3,-4.66111E-3,-3.74211E-3,-4.39255E-3,-4.30035E-3,-3.79565E-3,-3.75761E-3,-3.17648E-3,-4.11531E-3,-4.10749E-3,-4.16779E-3,-3.28405E-3,-3.98544E-3,-4.02292E-3,-3.91150E-3,-3.25308E-3,-3.65050E-3,-3.47329E-3,-4.12012E-3,-3.59154E-3,-3.64467E-3,-3.65155E-3,-3.97843E-3,-3.17512E-3,-3.39309E-3,-4.83657E-3,-3.73712E-3,-3.17431E-3,-3.69633E-3,-3.20663E-3,-3.83869E-3,-3.63947E-3,-3.53605E-3,-2.90276E-3,-3.33429E-3,-4.65631E-3,-3.26854E-3,-3.10632E-3,-2.78259E-3,-3.15900E-3,-3.17918E-3,-3.56018E-3,-3.67632E-3,-3.31560E-3,-3.42370E-3,-3.58341E-3,-3.34272E-3,-3.26057E-3,-2.59647E-3,-2.59800E-3,-3.00729E-3,-2.26661E-3,-3.21438E-3,-2.64323E-3,-2.23619E-3,-2.82257E-3,-2.51935E-3,-2.90500E-3,-2.25352E-3,-2.11054E-3,-2.88813E-3,-1.92873E-3,-1.40054E-3,-1.13253E-3,-1.93934E-3,-1.85510E-3,-1.05969E-3,-1.83963E-3,-1.67313E-3,-1.71369E-3,-2.00103E-3,-1.75694E-3,-2.32017E-3,-1.42594E-3,-1.04401E-3,-2.11215E-3,-2.15014E-3,-1.81892E-3,-2.05328E-3,-2.63060E-3,-2.44941E-3,-2.62330E-3,-1.86772E-3,-2.57853E-3,-2.31631E-3,-3.13958E-3,-3.43116E-3,-3.25595E-3,-2.45554E-3,-2.86848E-3,-1.54587E-3,-2.94799E-3,-3.46675E-3,-2.07162E-3,-2.02788E-3,-2.22134E-3,-1.97870E-3,-2.63572E-3,-2.51563E-3,-2.62148E-3,-2.06885E-3,-2.71988E-3,-2.57110E-3
1.23675E+3,4.39669E-6,1.87716E-4,9.00866E-4,3.61640E-4,-1.15117E-4,-5.47974E-4,9.07995E-4,-3.82247E-5,6.13349E-4,-9.35721E-4,5.51220E-4,7.63003E-4,-1.03645E-3,-9.63272E-4,-6.53434E-4,5.45848E-5,-1.40926E-4,-2.35364E-3,-1.74333E-3,-1.42722E-3,-1.88749E-3,-3.67891E-3,-4.60604E-3,-4.32260E-3,-5.14099E-3,-7.03200E-3,-6.64969E-3,-7.32547E-3,-7.97238E-3,-8.56311E-3,-9.33928E-3,-9.20456E-3,-9.24905E-3,-9.08689E-3,-8.25712E-3,-8.32993E-3,-7.96984E-3,-7.83174E-3,-6.61161E-3,-6.67596E-3,-6.55748E-3,-6.58209E-3,-6.52982E-3,-6.47770E-3,-4.28870E-3,-6.25421E-3,-5.58296E-3,-5.46030E-3,-6.28194E-3,-5.32388E-3,-6.14943E-3,-5.08802E-3,-4.73857E-3,-4.86261E-3,-3.48749E-3,-5.11713E-3,-4.26466E-3,-3.41238E-3,-4.33864E-3,-4.17531E-3,-4.14538E-3,-4.48325E-3,-3.55531E-3,-3.36647E-3,-3.72633E-3,-4.47083E-3,-3.63508E-3,-4.50336E-3,-4.17108E-3,-3.67767E-3,-3.78848E-3,-3.31567E-3,-4.12559E-3,-4.09584E-3,-3.94549E-3,-3.44466E-3,-3.94754E-3,-3.90207E-3,-4.18549E-3,-3.41538E-3,-3.39725E-3,-3.43086E-3,-4.23892E-3,-3.41327E-3,-3.81505E-3,-3.55068E-3,-3.94594E-3,-3.19714E-3,-3.38299E-3,-4.69949E-3,-3.66220E-3,-3.62438E-3,-3.77996E-3,-2.91311E-3,-4.04769E-3,-3.64906E-3,-3.53976E-3,-2.84210E-3,-3.69011E-3,-4.69242E-3,-3.44025E-3,-2.99040E-3,-2.96877E-3,-3.37782E-3,-3.32964E-3,-3.71206E-3,-3.47924E-3,-3.46104E-3,-3.52555E-3,-3.71174E-3,-3.50769E-3,-3.25618E-3,-2.77300E-3,-2.90669E-3,-3.13274E-3,-2.06127E-3,-2.92951E-3,-2.34992E-3,-2.21065E-3,-2.67879E-3,-2.63717E-3,-2.65732E-3,-2.31663E-3,-2.48764E-3,-3.20488E-3,-1.96734E-3,-1.44037E-3,-1.20926E-3,-1.90313E-3,-1.79918E-3,-1.44325E-3,-2.15839E-3,-1.62729E-3,-1.70086E-3,-1.89968E-3,-2.09543E-3,-2.06901E-3,-1.36122E-3,-1.35399E-3,-2.04398E-3,-2.21046E-3,-2.10803E-3,-2.31190E-3,-2.54989E-3,-2.36060E-3,-2.75469E-3,-1.99255E-3,-1.99453E-3,-2.25208E-3,-2.91630E-3,-3.62150E-3,-3.41406E-3,-2.65315E-3,-3.06018E-3,-1.56013E-3,-2.86127E-3,-3.69231E-3,-2.15411E-3,-2.00641E-3,-2.31295E-3,-1.80034E-3,-3.01576E-3,-2.50387E-3,-2.53894E-3,-2.08079E-3,-2.75097E-3,-2.41584E-3
1.24024E+3,2.08348E-4,4.37512E-4,8.98747E-4,3.02576E-4,-1.98054E-5,-6.02638E-4,5.25208E-4,3.70053E-4,3.91270E-4,-7.39080E-4,1.39897E-4,4.32465E-4,-8.08676E-4,-1.04085E-3,-4.95031E-4,-9.00817E-5,-2.08963E-4,-2.01523E-3,-2.00170E-3,-1.87622E-3,-2.08348E-3,-3.89756E-3,-4.67632E-3,-4.53134E-3,-5.35036E-3,-7.19370E-3,-6.86110E-3,-7.61081E-3,-8.04409E-3,-8.64533E-3,-9.44524E-3,-9.16790E-3,-9.14748E-3,-9.35148E-3,-8.46791E-3,-8.43638E-3,-8.11567E-3,-8.06206E-3,-7.02278E-3,-6.79834E-3,-6.28951E-3,-6.74322E-3,-6.73613E-3,-7.03973E-3,-4.23781E-3,-6.30356E-3,-5.65314E-3,-5.94472E-3,-6.58950E-3,-5.00711E-3,-6.26006E-3,-5.14082E-3,-4.88416E-3,-4.92671E-3,-3.77658E-3,-5.39496E-3,-4.47440E-3,-3.58074E-3,-4.27872E-3,-4.13958E-3,-4.23454E-3,-4.79230E-3,-3.62741E-3,-3.28184E-3,-4.02505E-3,-4.78317E-3,-3.88549E-3,-4.82738E-3,-4.23639E-3,-3.99920E-3,-3.85030E-3,-3.47424E-3,-4.20433E-3,-4.17517E-3,-4.24450E-3,-3.50147E-3,-4.02057E-3,-4.15585E-3,-4.25258E-3,-3.10944E-3,-3.81447E-3,-3.41989E-3,-4.10096E-3,-3.68459E-3,-3.69252E-3,-3.67037E-3,-3.92014E-3,-3.29461E-3,-3.69089E-3,-4.86032E-3,-3.85008E-3,-3.38622E-3,-3.72927E-3,-2.83078E-3,-3.99705E-3,-3.83781E-3,-3.90831E-3,-2.88775E-3,-3.58920E-3,-4.91274E-3,-3.50448E-3,-3.25951E-3,-2.75743E-3,-3.68966E-3,-3.05683E-3,-3.91807E-3,-3.68988E-3,-3.25666E-3,-3.54987E-3,-4.00980E-3,-3.71368E-3,-3.37652E-3,-2.84996E-3,-2.83607E-3,-2.94746E-3,-2.41159E-3,-3.76516E-3,-2.65472E-3,-1.98865E-3,-2.74562E-3,-2.20759E-3,-2.74325E-3,-2.21520E-3,-2.43280E-3,-3.24701E-3,-1.82553E-3,-1.67054E-3,-1.17328E-3,-1.99989E-3,-2.08069E-3,-8.99098E-4,-1.98600E-3,-1.84095E-3,-1.53356E-3,-1.76395E-3,-1.65777E-3,-2.03245E-3,-1.58407E-3,-1.37325E-3,-2.02395E-3,-2.03038E-3,-2.57157E-3,-2.09209E-3,-2.53422E-3,-2.45225E-3,-2.70841E-3,-1.93321E-3,-2.40261E-3,-2.51877E-3,-3.39261E-3,-3.11942E-3,-3.11218E-3,-2.95855E-3,-3.00791E-3,-1.70924E-3,-2.73991E-3,-3.68831E-3,-2.35288E-3,-1.72998E-3,-2.22763E-3,-1.75884E-3,-2.88394E-3,-2.34582E-3,-2.88017E-3,-2.02994E-3,-2.71251E-3,-2.16845E-3
1.24372E+3,1.71518E-4,5.54916E-4,8.29312E-4,-1.21387E-5,-1.52408E-4,-4.64322E-4,8.88196E-4,2.99112E-4,4.73534E-4,-9.03775E-4,5.08915E-4,4.49358E-4,-1.01210E-3,-1.22332E-3,-4.06789E-4,-7.36542E-5,-1.11607E-5,-2.41764E-3,-1.80557E-3,-2.06743E-3,-2.28249E-3,-4.10067E-3,-4.59821E-3,-4.77047E-3,-5.61972E-3,-7.56146E-3,-7.32227E-3,-7.95860E-3,-8.75523E-3,-8.72583E-3,-9.91675E-3,-9.54495E-3,-9.46910E-3,-9.60963E-3,-8.60448E-3,-8.75554E-3,-8.11005E-3,-8.00903E-3,-7.04459E-3,-7.05892E-3,-6.88197E-3,-6.78913E-3,-6.61876E-3,-6.37006E-3,-4.78366E-3,-6.88215E-3,-5.77685E-3,-5.97181E-3,-6.50630E-3,-5.31864E-3,-6.42995E-3,-5.32896E-3,-4.97032E-3,-5.07752E-3,-3.56768E-3,-5.12236E-3,-4.33429E-3,-3.37059E-3,-3.85836E-3,-4.22595E-3,-4.17762E-3,-4.96419E-3,-3.96995E-3,-3.11393E-3,-3.81200E-3,-4.58956E-3,-3.83467E-3,-4.35762E-3,-4.44403E-3,-3.84479E-3,-3.66398E-3,-3.41564E-3,-4.36251E-3,-4.01919E-3,-4.16163E-3,-3.48094E-3,-4.23835E-3,-3.94710E-3,-4.06834E-3,-3.47143E-3,-3.59404E-3,-3.69704E-3,-4.09871E-3,-3.46770E-3,-3.85527E-3,-3.76777E-3,-3.74870E-3,-3.36739E-3,-3.29499E-3,-4.76079E-3,-3.68486E-3,-3.23224E-3,-3.73767E-3,-3.00016E-3,-3.94761E-3,-3.86634E-3,-3.66673E-3,-2.98509E-3,-3.87974E-3,-4.87635E-3,-3.29931E-3,-3.13891E-3,-2.72358E-3,-3.74904E-3,-3.30970E-3,-4.00647E-3,-3.56803E-3,-3.81574E-3,-3.55839E-3,-3.67653E-3,-3.31753E-3,-3.26696E-3,-3.05387E-3,-2.70455E-3,-3.16254E-3,-2.23197E-3,-3.31919E-3,-2.65344E-3,-2.01519E-3,-2.86662E-3,-2.49652E-3,-2.61497E-3,-2.32952E-3,-2.55489E-3,-3.30182E-3,-1.93919E-3,-1.21570E-3,-1.17829E-3,-1.83745E-3,-1.77156E-3,-9.82367E-4,-2.01798E-3,-1.66597E-3,-1.78550E-3,-1.75219E-3,-1.70988E-3,-2.06928E-3,-1.23335E-3,-1.71936E-3,-2.05440E-3,-2.41784E-3,-2.17863E-3,-2.19819E-3,-2.70313E-3,-2.43495E-3,-2.77976E-3,-2.04811E-3,-2.49607E-3,-2.57976E-3,-3.28658E-3,-3.42555E-3,-3.29220E-3,-2.89145E-3,-2.74897E-3,-1.44440E-3,-2.70479E-3,-3.75459E-3,-2.47156E-3,-1.76833E-3,-2.25041E-3,-1.66329E-3,-3.18639E-3,-2.57458E-3,-2.77674E-3,-2.05673E-3,-2.95913E-3,-2.45744E-3
1.24721E+3,2.14066E-4,2.35879E-4,7.50155E-4,3.09864E-5,-3.55817E-5,-3.88208E-4,1.13271E-3,2.82238E-4,1.35939E-4,-5.91457E-4,1.29046E-4,5.63980E-4,-7.66923E-4,-1.29404E-3,-3.98787E-4,-2.13707E-4,-5.25096E-4,-2.25834E-3,-2.32743E-3,-2.37289E-3,-2.49222E-3,-4.55038E-3,-4.90801E-3,-4.38198E-3,-5.30119E-3,-7.55517E-3,-7.26571E-3,-8.21772E-3,-8.54236E-3,-8.95041E-3,-9.87208E-3,-9.53348E-3,-9.45475E-3,-9.66530E-3,-8.63102E-3,-8.49918E-3,-8.27234E-3,-7.79970E-3,-7.08877E-3,-7.05828E-3,-7.13690E-3,-6.96144E-3,-6.69568E-3,-6.56684E-3,-4.37899E-3,-6.61784E-3,-5.82482E-3,-6.10525E-3,-6.54764E-3,-5.13887E-3,-6.50114E-3,-5.49623E-3,-4.86830E-3,-4.79608E-3,-3.81650E-3,-5.17996E-3,-4.56761E-3,-3.31786E-3,-4.13907E-3,-4.32108E-3,-4.14860E-3,-4.88181E-3,-3.73958E-3,-3.15085E-3,-4.07845E-3,-4.74209E-3,-4.08060E-3,-4.71773E-3,-4.28187E-3,-3.80955E-3,-4.09961E-3,-3.44863E-3,-4.02932E-3,-4.24348E-3,-4.06006E-3,-3.40465E-3,-4.26175E-3,-4.10537E-3,-4.16522E-3,-3.29217E-3,-3.70902E-3,-3.22894E-3,-4.04014E-3,-3.58212E-3,-3.59323E-3,-3.65402E-3,-3.84613E-3,-3.20681E-3,-3.27919E-3,-4.45105E-3,-3.92433E-3,-3.33020E-3,-3.50622E-3,-3.42745E-3,-3.95727E-3,-3.97115E-3,-3.65365E-3,-2.62956E-3,-3.87551E-3,-4.89345E-3,-3.60387E-3,-3.21625E-3,-2.70962E-3,-3.40157E-3,-3.22460E-3,-3.81598E-3,-3.51505E-3,-3.26273E-3,-3.47936E-3,-3.82440E-3,-3.79752E-3,-3.69790E-3,-3.02788E-3,-2.59198E-3,-3.11964E-3,-2.40202E-3,-3.43100E-3,-2.75048E-3,-2.37858E-3,-2.64507E-3,-2.41063E-3,-2.56884E-3,-2.33811E-3,-2.43347E-3,-3.00376E-3,-1.93831E-3,-1.81429E-3,-1.65529E-3,-2.32060E-3,-2.36769E-3,-1.03001E-3,-1.96504E-3,-1.62080E-3,-1.78807E-3,-1.86075E-3,-1.91886E-3,-2.13887E-3,-1.37512E-3,-1.75842E-3,-2.10189E-3,-2.24490E-3,-2.47053E-3,-2.13384E-3,-2.48115E-3,-2.42995E-3,-2.61586E-3,-1.90959E-3,-2.01309E-3,-2.64495E-3,-3.35714E-3,-3.14214E-3,-3.22700E-3,-2.77775E-3,-2.91436E-3,-1.53566E-3,-3.01165E-3,-3.60735E-3,-2.20670E-3,-1.59091E-3,-2.34649E-3,-2.27692E-3,-2.97408E-3,-2.27745E-3,-2.75275E-3,-2.15995E-3,-3.02573E-3,-2.60240E-3
1.25069E+3,2.07389E-4,4.95965E-4,7.95408E-4,2.52236E-4,-3.41306E-5,-7.20085E-4,1.14729E-3,2.65209E-4,5.36424E-4,-7.53048E-4,6.34536E-5,5.41227E-4,-1.00680E-3,-1.44053E-3,-3.50009E-4,6.81889E-5,-3.02999E-4,-2.20337E-3,-1.91672E-3,-2.39630E-3,-2.99352E-3,-4.82410E-3,-4.70263E-3,-4.63316E-3,-6.06298E-3,-7.53549E-3,-7.19462E-3,-8.30687E-3,-8.62706E-3,-8.87447E-3,-9.71181E-3,-9.78821E-3,-9.62548E-3,-9.75044E-3,-8.54312E-3,-8.68153E-3,-8.10962E-3,-7.76781E-3,-7.13152E-3,-6.85455E-3,-6.42712E-3,-6.98853E-3,-6.77660E-3,-6.89066E-3,-4.63284E-3,-6.41519E-3,-5.68911E-3,-6.32353E-3,-6.86035E-3,-5.27899E-3,-6.51692E-3,-5.51668E-3,-5.13543E-3,-4.55268E-3,-3.39749E-3,-5.23431E-3,-4.21932E-3,-3.08452E-3,-4.03989E-3,-4.20701E-3,-3.83970E-3,-4.96302E-3,-3.64217E-3,-3.15608E-3,-3.82326E-3,-4.61864E-3,-3.89741E-3,-4.86432E-3,-3.97668E-3,-3.55173E-3,-4.07473E-3,-3.51358E-3,-4.08530E-3,-3.94284E-3,-3.95144E-3,-3.30180E-3,-3.84523E-3,-3.83747E-3,-4.40400E-3,-3.25436E-3,-4.15004E-3,-3.43619E-3,-4.22798E-3,-3.50171E-3,-3.58603E-3,-3.70178E-3,-3.44382E-3,-2.85069E-3,-3.15226E-3,-4.71051E-3,-3.89432E-3,-3.27412E-3,-3.45681E-3,-3.04644E-3,-3.67231E-3,-3.39295E-3,-3.55824E-3,-2.61179E-3,-4.19165E-3,-4.93443E-3,-3.61954E-3,-3.18200E-3,-2.66335E-3,-3.90726E-3,-3.08092E-3,-4.10180E-3,-3.52069E-3,-3.21561E-3,-3.26909E-3,-3.82495E-3,-3.54683E-3,-3.21076E-3,-2.72657E-3,-2.57185E-3,-3.04919E-3,-2.42193E-3,-2.92622E-3,-2.44819E-3,-1.97010E-3,-2.54483E-3,-2.36242E-3,-2.56891E-3,-2.34636E-3,-2.39429E-3,-3.02390E-3,-1.47602E-3,-1.42466E-3,-1.73296E-3,-1.93827E-3,-1.75871E-3,-7.63272E-4,-2.03581E-3,-2.17452E-3,-1.58159E-3,-1.58015E-3,-1.35961E-3,-1.80379E-3,-1.89690E-3,-1.66223E-3,-2.05223E-3,-2.40174E-3,-2.39113E-3,-2.01242E-3,-2.41959E-3,-2.74707E-3,-2.54214E-3,-1.82499E-3,-2.56028E-3,-2.58401E-3,-2.94292E-3,-2.63756E-3,-3.21286E-3,-2.69996E-3,-2.64040E-3,-1.40513E-3,-3.05700E-3,-3.65183E-3,-2.34974E-3,-1.43444E-3,-2.34134E-3,-1.83461E-3,-2.79185E-3,-2.46616E-3,-2.86359E-3,-2.32584E-3,-2.75362E-3,-2.77077E-3
1.25418E+3,5.74645E-5,5.69768E-4,7.92449E-4,1.47675E-4,-1.93379E-4,-4.89873E-4,8.10020E-4,2.60819E-4,7.52795E-4,-9.05163E-4,5.29006E-5,4.37811E-4,-6.41936E-4,-1.60130E-3,-5.00510E-5,-2.10136E-4,1.05065E-4,-2.25188E-3,-1.85787E-3,-2.59680E-3,-3.16680E-3,-4.56687E-3,-4.46671E-3,-4.96930E-3,-6.28869E-3,-8.01317E-3,-7.15845E-3,-8.64249E-3,-8.48050E-3,-9.22596E-3,-9.80937E-3,-9.57883E-3,-9.49262E-3,-9.89238E-3,-8.38547E-3,-8.65439E-3,-8.34121E-3,-7.97078E-3,-6.91652E-3,-6.82279E-3,-6.58979E-3,-6.74879E-3,-6.77163E-3,-6.86854E-3,-4.28344E-3,-6.57633E-3,-5.77680E-3,-6.36054E-3,-7.03663E-3,-5.50660E-3,-6.46979E-3,-5.50885E-3,-4.86817E-3,-4.78099E-3,-3.68758E-3,-4.96762E-3,-4.16291E-3,-3.08147E-3,-4.06701E-3,-4.05087E-3,-3.45177E-3,-5.13205E-3,-3.36194E-3,-3.34347E-3,-3.71158E-3,-4.47840E-3,-3.55017E-3,-4.78568E-3,-3.93544E-3,-3.60464E-3,-4.05850E-3,-3.00887E-3,-4.36220E-3,-4.25742E-3,-4.06459E-3,-3.82576E-3,-3.58162E-3,-4.01834E-3,-4.49316E-3,-3.45660E-3,-3.84044E-3,-3.33285E-3,-4.21729E-3,-3.59392E-3,-3.80387E-3,-3.38955E-3,-3.68805E-3,-3.20370E-3,-2.93995E-3,-4.36308E-3,-3.65337E-3,-2.87192E-3,-3.59508E-3,-3.23793E-3,-3.92018E-3,-3.50584E-3,-3.80110E-3,-2.39718E-3,-3.93205E-3,-4.83670E-3,-3.36700E-3,-2.92333E-3,-2.82563E-3,-3.75478E-3,-3.22359E-3,-3.56230E-3,-3.64023E-3,-3.26358E-3,-3.24451E-3,-3.73172E-3,-3.59434E-3,-3.21923E-3,-2.82666E-3,-2.47137E-3,-3.17312E-3,-2.00118E-3,-3.44921E-3,-2.38000E-3,-1.72491E-3,-2.45628E-3,-2.41407E-3,-2.79298E-3,-1.92589E-3,-2.75126E-3,-3.10135E-3,-1.50734E-3,-1.25543E-3,-1.58851E-3,-1.79120E-3,-1.87849E-3,-6.47546E-4,-1.96848E-3,-1.42740E-3,-1.35672E-3,-1.38510E-3,-1.56985E-3,-1.88485E-3,-1.58672E-3,-1.18774E-3,-1.82990E-3,-2.17057E-3,-2.11856E-3,-1.77685E-3,-2.38776E-3,-2.58328E-3,-2.41760E-3,-1.67308E-3,-2.30056E-3,-2.16445E-3,-3.23641E-3,-3.55233E-3,-3.21952E-3,-2.86738E-3,-3.18508E-3,-1.39446E-3,-2.88186E-3,-3.64878E-3,-2.16271E-3,-1.51694E-3,-2.05029E-3,-1.59242E-3,-2.76618E-3,-2.33752E-3,-2.70076E-3,-2.28069E-3,-2.87443E-3,-2.34673E-3
1.25766E+3,2.80721E-4,6.69805E-4,7.27180E-4,2.19831E-4,1.42057E-4,-3.97399E-4,1.14838E-3,4.24587E-4,3.65008E-4,-7.52640E-4,-1.54179E-4,-7.29985E-5,-6.58068E-4,-1.68062E-3,-2.61664E-4,4.86733E-5,-8.27310E-5,-2.27736E-3,-2.02587E-3,-2.84388E-3,-3.02000E-3,-4.76955E-3,-4.57748E-3,-4.80095E-3,-6.21917E-3,-8.33709E-3,-7.73323E-3,-8.93060E-3,-8.92410E-3,-9.41016E-3,-1.03063E-2,-1.02344E-2,-9.61406E-3,-1.05817E-2,-9.13877E-3,-8.98272E-3,-8.68354E-3,-8.73037E-3,-7.84559E-3,-7.42667E-3,-7.30946E-3,-7.59381E-3,-7.42744E-3,-7.19948E-3,-5.05669E-3,-7.11875E-3,-6.36575E-3,-6.66769E-3,-7.50575E-3,-5.76789E-3,-6.94969E-3,-6.70798E-3,-5.48643E-3,-5.17482E-3,-3.70826E-3,-6.03835E-3,-4.78550E-3,-3.49995E-3,-4.30781E-3,-4.48292E-3,-4.07494E-3,-5.46134E-3,-3.73082E-3,-3.63321E-3,-4.14880E-3,-4.82082E-3,-4.61975E-3,-4.90000E-3,-4.33839E-3,-4.07799E-3,-4.44981E-3,-3.79114E-3,-4.77856E-3,-4.89757E-3,-4.24144E-3,-3.84343E-3,-4.19777E-3,-3.96202E-3,-4.42471E-3,-3.62351E-3,-4.20042E-3,-3.59796E-3,-4.26278E-3,-3.75917E-3,-4.04480E-3,-3.73767E-3,-4.16554E-3,-3.51108E-3,-2.93232E-3,-4.92538E-3,-3.91411E-3,-3.09586E-3,-3.77609E-3,-3.22230E-3,-3.56811E-3,-3.97279E-3,-3.47754E-3,-2.32680E-3,-3.76967E-3,-4.77479E-3,-3.34679E-3,-2.69906E-3,-2.59585E-3,-3.65242E-3,-2.68985E-3,-4.28305E-3,-3.69631E-3,-3.00397E-3,-3.20748E-3,-3.84811E-3,-3.52828E-3,-3.37233E-3,-2.92197E-3,-2.69751E-3,-3.46791E-3,-1.94466E-3,-3.20942E-3,-2.55262E-3,-1.71745E-3,-2.65290E-3,-2.40517E-3,-2.55434E-3,-1.92259E-3,-2.83680E-3,-2.87787E-3,-1.74461E-3,-1.70152E-3,-1.98623E-3,-1.94763E-3,-1.87591E-3,-7.03493E-4,-2.14182E-3,-1.70876E-3,-1.26651E-3,-1.86715E-3,-1.81122E-3,-1.96249E-3,-1.52800E-3,-1.43109E-3,-1.99639E-3,-2.07360E-3,-2.00740E-3,-1.86199E-3,-2.57983E-3,-2.54621E-3,-2.64627E-3,-1.97168E-3,-1.83693E-3,-1.80455E-3,-3.22848E-3,-3.38757E-3,-3.05818E-3,-2.56689E-3,-2.72732E-3,-1.36802E-3,-3.20698E-3,-3.56170E-3,-2.24492E-3,-1.37950E-3,-1.85901E-3,-1.37846E-3,-3.15032E-3,-2.12829E-3,-2.73531E-3,-2.23124E-3,-2.96675E-3,-2.48783E-3
1.26115E+3,4.09526E-4,4.06794E-4,1.02382E-3,-9.98383E-5,3.79529E-5,-8.33559E-4,9.41732E-4,1.10603E-4,5.26078E-4,-1.00981E-3,-3.31556E-5,4.84915E-4,-4.30413E-4,-1.24066E-3,-2.93978E-4,2.18474E-4,2.05612E-4,-2.02904E-3,-1.74794E-3,-2.71552E-3,-3.23603E-3,-4.48276E-3,-4.55029E-3,-4.72416E-3,-6.00122E-3,-8.28274E-3,-7.40959E-3,-8.66740E-3,-8.96272E-3,-9.15301E-3,-1.02906E-2,-1.03475E-2,-9.74293E-3,-1.06686E-2,-8.99160E-3,-9.23471E-3,-8.56480E-3,-8.34467E-3,-7.64693E-3,-7.45566E-3,-7.94583E-3,-7.64602E-3,-7.13018E-3,-6.79740E-3,-4.64309E-3,-7.18749E-3,-6.67697E-3,-6.87640E-3,-7.87827E-3,-5.91255E-3,-6.88958E-3,-5.87380E-3,-4.96279E-3,-4.76104E-3,-3.94616E-3,-5.71667E-3,-4.66727E-3,-3.42863E-3,-3.94224E-3,-3.80332E-3,-3.96325E-3,-5.46105E-3,-3.69626E-3,-3.75577E-3,-4.08851E-3,-4.75117E-3,-4.55827E-3,-5.17060E-3,-4.18018E-3,-3.84616E-3,-4.36559E-3,-3.74265E-3,-4.01664E-3,-4.86839E-3,-3.95159E-3,-3.91252E-3,-4.15107E-3,-4.05677E-3,-4.30796E-3,-3.65599E-3,-4.16630E-3,-3.33730E-3,-4.49230E-3,-3.72360E-3,-3.49648E-3,-3.55050E-3,-3.97834E-3,-2.99901E-3,-3.05940E-3,-5.04641E-3,-3.73799E-3,-2.94850E-3,-3.84770E-3,-3.60578E-3,-3.75832E-3,-3.78289E-3,-3.55040E-3,-2.66842E-3,-4.30530E-3,-4.71763E-3,-3.72333E-3,-2.82722E-3,-2.76337E-3,-3.64909E-3,-2.91786E-3,-3.77244E-3,-3.32874E-3,-2.81504E-3,-3.07371E-3,-3.59009E-3,-3.94666E-3,-3.40311E-3,-2.89649E-3,-2.70603E-3,-3.43627E-3,-2.18287E-3,-3.14268E-3,-2.53342E-3,-1.99667E-3,-2.71681E-3,-1.99492E-3,-2.28146E-3,-1.80929E-3,-2.92442E-3,-3.03457E-3,-1.56206E-3,-1.09873E-3,-1.51294E-3,-2.00011E-3,-1.84969E-3,-8.19796E-4,-2.23649E-3,-1.89549E-3,-1.63926E-3,-1.76908E-3,-1.52844E-3,-1.66797E-3,-1.63341E-3,-1.70807E-3,-1.90367E-3,-2.32848E-3,-2.33398E-3,-1.89439E-3,-2.29818E-3,-2.60491E-3,-2.24382E-3,-1.66167E-3,-2.78829E-3,-2.61636E-3,-2.85880E-3,-2.84711E-3,-3.24023E-3,-3.27665E-3,-2.69595E-3,-1.49649E-3,-3.06481E-3,-3.82749E-3,-2.06137E-3,-1.22141E-3,-2.25236E-3,-1.50032E-3,-3.11571E-3,-2.18007E-3,-2.37469E-3,-2.28156E-3,-2.96061E-3,-2.29225E-3
1.26464E+3,4.90435E-4,3.71987E-4,9.61962E-4,5.59470E-6,-3.86494E-4,-9.56789E-4,1.10839E-3,4.65017E-4,2.12249E-4,-8.08228E-4,2.99720E-4,1.98128E-4,-3.68808E-4,-1.53659E-3,-5.65686E-5,2.37303E-4,4.58680E-4,-1.90103E-3,-2.11284E-3,-2.89252E-3,-3.48765E-3,-4.37424E-3,-4.32312E-3,-4.64846E-3,-5.98414E-3,-8.51585E-3,-7.30423E-3,-8.90117E-3,-9.01680E-3,-9.63675E-3,-1.03424E-2,-1.07673E-2,-9.92164E-3,-1.11237E-2,-9.45129E-3,-9.57444E-3,-9.28642E-3,-8.67828E-3,-8.65611E-3,-8.06116E-3,-7.92770E-3,-7.69980E-3,-7.51651E-3,-7.28661E-3,-5.32082E-3,-7.39932E-3,-6.78819E-3,-6.97648E-3,-7.87832E-3,-6.63792E-3,-7.06830E-3,-6.40298E-3,-5.56132E-3,-5.15229E-3,-4.07752E-3,-6.03212E-3,-5.11533E-3,-3.80651E-3,-4.19641E-3,-4.63656E-3,-3.98766E-3,-6.19408E-3,-3.80395E-3,-4.12031E-3,-4.33376E-3,-5.01260E-3,-4.95960E-3,-5.29307E-3,-4.60073E-3,-4.29390E-3,-4.58846E-3,-4.13699E-3,-4.68758E-3,-4.37207E-3,-4.13971E-3,-4.30293E-3,-4.67539E-3,-4.37900E-3,-5.21591E-3,-3.78617E-3,-4.19460E-3,-3.74547E-3,-4.41520E-3,-3.86117E-3,-3.53878E-3,-3.52535E-3,-4.03571E-3,-3.20213E-3,-2.97897E-3,-5.03270E-3,-3.87434E-3,-3.62317E-3,-4.18958E-3,-3.48748E-3,-3.80062E-3,-4.19479E-3,-3.99485E-3,-2.45908E-3,-4.28797E-3,-4.76637E-3,-3.54841E-3,-3.16633E-3,-2.58073E-3,-3.82023E-3,-2.88387E-3,-3.91851E-3,-3.80354E-3,-3.55170E-3,-3.06943E-3,-3.46386E-3,-4.07934E-3,-3.33802E-3,-3.06163E-3,-2.65345E-3,-3.48632E-3,-2.01933E-3,-3.55054E-3,-2.63137E-3,-1.76128E-3,-3.16160E-3,-1.73799E-3,-2.55345E-3,-2.34211E-3,-2.48839E-3,-3.11303E-3,-1.82263E-3,-1.12525E-3,-1.49325E-3,-2.31528E-3,-2.47042E-3,-8.47755E-4,-1.57956E-3,-1.17347E-3,-1.53450E-3,-2.07142E-3,-1.48089E-3,-1.78721E-3,-1.63916E-3,-1.89054E-3,-1.84940E-3,-2.71154E-3,-2.42984E-3,-1.82438E-3,-2.31996E-3,-2.46829E-3,-2.10119E-3,-2.00363E-3,-2.28729E-3,-2.71204E-3,-3.22308E-3,-3.35581E-3,-3.21781E-3,-2.79083E-3,-2.57882E-3,-1.47242E-3,-2.92881E-3,-3.51702E-3,-2.29909E-3,-1.51485E-3,-2.28576E-3,-1.92499E-3,-3.06308E-3,-2.23673E-3,-2.88791E-3,-2.27041E-3,-2.76442E-3,-2.58306E-3
1.26812E+3,3.58052E-4,3.11973E-4,4.60080E-4,5.62770E-4,-1.34129E-4,-3.61755E-4,7.88067E-4,5.88610E-4,3.84061E-4,-8.69464E-4,1.10807E-4,3.72046E-4,-5.56166E-4,-1.43188E-3,-5.83077E-4,2.00496E-4,-1.50503E-4,-1.84591E-3,-1.75467E-3,-2.78386E-3,-3.92399E-3,-4.78881E-3,-4.07960E-3,-5.03958E-3,-6.33175E-3,-8.04139E-3,-7.72392E-3,-9.08772E-3,-9.38547E-3,-9.79546E-3,-1.06854E-2,-1.08477E-2,-1.03335E-2,-1.11885E-2,-9.40772E-3,-9.69627E-3,-8.55262E-3,-8.32118E-3,-8.67735E-3,-7.91407E-3,-8.03682E-3,-7.44423E-3,-7.73207E-3,-7.84917E-3,-5.34464E-3,-7.14254E-3,-6.78282E-3,-7.52369E-3,-7.93675E-3,-6.32673E-3,-7.87175E-3,-6.24374E-3,-5.81621E-3,-4.98313E-3,-4.71248E-3,-6.05618E-3,-5.11883E-3,-3.96759E-3,-4.72376E-3,-4.58302E-3,-3.91819E-3,-5.71178E-3,-3.99405E-3,-4.00584E-3,-4.21452E-3,-4.72603E-3,-5.00433E-3,-5.59682E-3,-4.33048E-3,-4.19019E-3,-4.52534E-3,-3.74294E-3,-4.64675E-3,-4.65605E-3,-4.14315E-3,-4.20200E-3,-4.45415E-3,-4.12541E-3,-4.71639E-3,-3.86574E-3,-4.31535E-3,-3.75855E-3,-4.79706E-3,-4.28390E-3,-4.01992E-3,-3.72312E-3,-4.05329E-3,-3.55494E-3,-3.64150E-3,-4.93081E-3,-4.15427E-3,-2.99258E-3,-4.21411E-3,-3.87302E-3,-4.40539E-3,-3.83853E-3,-4.35982E-3,-2.43190E-3,-4.46382E-3,-4.70567E-3,-3.24911E-3,-2.95624E-3,-2.56110E-3,-3.32651E-3,-2.77075E-3,-4.27430E-3,-3.61094E-3,-3.40698E-3,-3.34470E-3,-3.47971E-3,-3.83809E-3,-3.38355E-3,-2.89460E-3,-2.98702E-3,-3.37537E-3,-1.91484E-3,-3.25215E-3,-3.05117E-3,-2.22830E-3,-2.75157E-3,-2.25043E-3,-2.52541E-3,-1.57272E-3,-2.80401E-3,-2.74859E-3,-1.23772E-3,-1.54951E-3,-1.87074E-3,-2.08175E-3,-2.06515E-3,-5.69218E-4,-1.96111E-3,-1.74545E-3,-1.26383E-3,-2.04669E-3,-1.76821E-3,-1.83860E-3,-1.89770E-3,-1.88176E-3,-1.87976E-3,-2.37254E-3,-2.80421E-3,-1.95380E-3,-2.73641E-3,-2.49395E-3,-2.23255E-3,-2.09781E-3,-2.84367E-3,-2.46720E-3,-3.23569E-3,-2.98023E-3,-3.57732E-3,-2.57990E-3,-2.70915E-3,-1.56400E-3,-3.00867E-3,-3.86228E-3,-2.06497E-3,-1.01587E-3,-2.33413E-3,-1.59234E-3,-3.21959E-3,-2.27318E-3,-2.76949E-3,-2.25434E-3,-2.63832E-3,-2.51191E-3
1.27161E+3,3.86539E-4,5.04688E-4,8.98771E-4,2.01528E-4,-6.59284E-5,-6.57055E-4,6.89121E-4,8.61154E-4,6.08135E-4,-4.80010E-4,-3.25801E-4,2.51901E-4,-7.25537E-4,-1.98443E-3,-1.63079E-4,-2.06771E-4,1.94572E-4,-2.62587E-3,-1.38897E-3,-2.96545E-3,-3.75790E-3,-4.68695E-3,-4.49920E-3,-4.39298E-3,-6.13512E-3,-8.23635E-3,-7.59160E-3,-9.19370E-3,-9.07208E-3,-9.53118E-3,-1.05544E-2,-1.09572E-2,-1.01675E-2,-1.16455E-2,-9.74138E-3,-9.91758E-3,-9.49630E-3,-8.47094E-3,-8.71617E-3,-8.30922E-3,-8.24066E-3,-7.51351E-3,-7.28953E-3,-7.50690E-3,-5.53001E-3,-8.32226E-3,-7.17613E-3,-7.66587E-3,-7.62997E-3,-6.24562E-3,-7.55975E-3,-6.71487E-3,-5.53639E-3,-5.15447E-3,-4.01674E-3,-6.05863E-3,-4.66745E-3,-3.35640E-3,-3.94780E-3,-4.60551E-3,-3.82159E-3,-5.91015E-3,-3.85968E-3,-3.94080E-3,-4.24817E-3,-4.87426E-3,-4.90135E-3,-5.58524E-3,-4.87343E-3,-4.20294E-3,-4.55101E-3,-3.79656E-3,-4.36140E-3,-4.81536E-3,-4.19666E-3,-3.85962E-3,-4.55437E-3,-4.30464E-3,-4.29169E-3,-3.65225E-3,-3.99311E-3,-3.34248E-3,-4.29244E-3,-3.78925E-3,-4.05318E-3,-3.60016E-3,-3.56351E-3,-4.04404E-3,-3.07736E-3,-4.43572E-3,-3.92858E-3,-3.52877E-3,-3.65401E-3,-3.66452E-3,-4.29404E-3,-3.72582E-3,-3.27692E-3,-3.04811E-3,-4.04558E-3,-4.58336E-3,-3.26937E-3,-3.00720E-3,-2.76204E-3,-4.10623E-3,-2.67502E-3,-4.03936E-3,-3.81759E-3,-3.24479E-3,-3.04287E-3,-3.38441E-3,-3.81960E-3,-2.59021E-3,-2.90938E-3,-2.73221E-3,-3.46956E-3,-2.64404E-3,-3.06798E-3,-2.96069E-3,-1.69437E-3,-3.11713E-3,-2.35825E-3,-1.86575E-3,-1.90349E-3,-2.84329E-3,-3.04677E-3,-1.26979E-3,-1.43455E-3,-2.14139E-3,-1.62520E-3,-2.07421E-3,-4.20196E-4,-1.82102E-3,-1.73455E-3,-1.22030E-3,-1.61209E-3,-1.28111E-3,-1.78135E-3,-1.66232E-3,-1.44529E-3,-1.45997E-3,-2.41367E-3,-2.33209E-3,-1.91717E-3,-2.61404E-3,-2.52112E-3,-2.34085E-3,-2.14940E-3,-2.06939E-3,-2.15776E-3,-2.78835E-3,-2.94955E-3,-3.44555E-3,-3.05798E-3,-2.91412E-3,-1.78512E-3,-2.86286E-3,-3.29145E-3,-1.98621E-3,-1.39680E-3,-2.48616E-3,-1.26772E-3,-3.25020E-3,-2.09652E-3,-2.90949E-3,-2.47059E-3,-2.19332E-3,-2.54124E-3
1.27510E+3,5.13563E-4,5.19711E-4,7.29744E-4,3.61679E-4,-4.43819E-5,-5.24174E-4,8.82557E-4,6.82804E-4,5.92222E-4,-9.68568E-4,2.05091E-6,-3.68555E-4,-6.31495E-4,-1.46379E-3,-2.83371E-4,3.13011E-4,4.51492E-4,-1.82190E-3,-1.34525E-3,-2.75580E-3,-3.92746E-3,-4.68509E-3,-3.57068E-3,-4.67192E-3,-6.16545E-3,-8.03916E-3,-7.25898E-3,-8.73758E-3,-9.09135E-3,-9.78417E-3,-1.06641E-2,-1.10245E-2,-1.01637E-2,-1.10764E-2,-9.42410E-3,-9.49166E-3,-9.22133E-3,-8.23407E-3,-8.25994E-3,-8.33470E-3,-8.35563E-3,-8.05916E-3,-7.00533E-3,-7.44632E-3,-5.28639E-3,-8.01992E-3,-7.20962E-3,-7.63679E-3,-7.82238E-3,-5.95443E-3,-7.53347E-3,-6.70765E-3,-5.87891E-3,-4.96078E-3,-4.45291E-3,-6.57570E-3,-4.90311E-3,-3.62905E-3,-4.34582E-3,-4.35411E-3,-3.93262E-3,-6.04118E-3,-3.94683E-3,-4.12935E-3,-4.37423E-3,-4.43491E-3,-5.16101E-3,-5.20466E-3,-4.15284E-3,-4.44150E-3,-5.24337E-3,-3.76079E-3,-4.52581E-3,-4.70976E-3,-4.36704E-3,-3.90879E-3,-4.02661E-3,-4.07697E-3,-4.42415E-3,-3.38525E-3,-4.36979E-3,-2.75816E-3,-4.12624E-3,-3.69683E-3,-3.48775E-3,-3.53368E-3,-3.96249E-3,-3.67288E-3,-2.88966E-3,-4.61359E-3,-3.47977E-3,-3.51446E-3,-3.52245E-3,-3.48591E-3,-4.19864E-3,-3.67126E-3,-3.63401E-3,-2.81861E-3,-4.46277E-3,-4.55154E-3,-3.07586E-3,-2.67674E-3,-2.60857E-3,-3.32627E-3,-2.71079E-3,-4.11538E-3,-3.80127E-3,-3.02174E-3,-3.14685E-3,-3.52865E-3,-3.87658E-3,-3.17214E-3,-2.63984E-3,-2.69622E-3,-2.91949E-3,-1.75241E-3,-2.79859E-3,-2.31054E-3,-2.35646E-3,-3.01417E-3,-2.13789E-3,-2.99191E-3,-1.89007E-3,-2.84570E-3,-2.36436E-3,-8.51794E-4,-9.09741E-4,-1.53670E-3,-1.86070E-3,-1.73034E-3,-6.19108E-4,-1.67046E-3,-1.61160E-3,-1.04414E-3,-1.63400E-3,-1.35884E-3,-1.93988E-3,-1.93104E-3,-1.44971E-3,-1.84078E-3,-2.17823E-3,-2.06621E-3,-1.53226E-3,-2.29509E-3,-2.44240E-3,-2.24858E-3,-1.84586E-3,-2.49551E-3,-2.12281E-3,-3.00471E-3,-2.53476E-3,-3.32083E-3,-2.50277E-3,-2.36184E-3,-1.61920E-3,-2.74881E-3,-3.16520E-3,-1.78455E-3,-1.11289E-3,-1.74203E-3,-1.13762E-3,-3.00932E-3,-2.01959E-3,-2.83768E-3,-2.45399E-3,-2.84780E-3,-2.53042E-3
1.27859E+3,6.00660E-4,3.55053E-4,5.88839E-4,5.15361E-4,-1.56410E-4,-4.10219E-4,9.27149E-4,6.06711E-4,4.80201E-4,-8.83551E-4,2.00976E-4,-1.90256E-4,-6.82626E-4,-1.65576E-3,-2.96129E-4,-1.14507E-4,4.26569E-4,-1.51044E-3,-1.25040E-3,-2.98115E-3,-3.62936E-3,-3.97269E-3,-3.36032E-3,-5.00974E-3,-6.72924E-3,-8.42363E-3,-7.49288E-3,-8.95753E-3,-9.19282E-3,-1.07066E-2,-1.07406E-2,-1.15463E-2,-1.01574E-2,-1.12811E-2,-9.73219E-3,-9.64579E-3,-9.00650E-3,-8.69997E-3,-8.64515E-3,-7.85645E-3,-7.38118E-3,-7.94801E-3,-7.34820E-3,-7.27382E-3,-5.19364E-3,-7.73333E-3,-7.95612E-3,-7.58161E-3,-7.65994E-3,-6.40068E-3,-7.54497E-3,-6.53814E-3,-6.00187E-3,-5.21056E-3,-4.21790E-3,-5.89487E-3,-4.62934E-3,-3.25153E-3,-4.22252E-3,-4.54579E-3,-3.40346E-3,-6.19720E-3,-3.48062E-3,-4.21121E-3,-4.21572E-3,-4.54290E-3,-5.30596E-3,-5.99909E-3,-4.86140E-3,-4.41183E-3,-4.89777E-3,-3.91334E-3,-4.38743E-3,-4.65631E-3,-4.57618E-3,-4.35251E-3,-3.90295E-3,-3.75452E-3,-4.80871E-3,-3.73295E-3,-3.61952E-3,-3.56159E-3,-3.74668E-3,-4.17733E-3,-3.31354E-3,-3.68602E-3,-3.16081E-3,-3.70542E-3,-3.34321E-3,-4.18464E-3,-3.69956E-3,-3.20987E-3,-3.49106E-3,-3.52570E-3,-3.23835E-3,-3.79378E-3,-3.73145E-3,-2.42018E-3,-3.98639E-3,-4.20876E-3,-3.11580E-3,-2.94829E-3,-2.96571E-3,-4.20262E-3,-2.85265E-3,-3.99861E-3,-3.74117E-3,-3.23016E-3,-2.92896E-3,-3.74984E-3,-3.66818E-3,-3.22179E-3,-3.22987E-3,-2.67954E-3,-3.07070E-3,-1.70579E-3,-3.41896E-3,-2.90403E-3,-1.98249E-3,-3.01016E-3,-2.48888E-3,-2.20109E-3,-1.61887E-3,-2.62161E-3,-2.76328E-3,-1.55235E-3,-1.32282E-3,-1.66525E-3,-2.15151E-3,-1.32944E-3,-4.52271E-4,-1.68666E-3,-1.24661E-3,-1.62364E-3,-1.92160E-3,-1.60257E-3,-2.08015E-3,-1.61202E-3,-9.70611E-4,-1.91597E-3,-2.13987E-3,-2.28015E-3,-1.15685E-3,-1.92371E-3,-2.32712E-3,-2.57701E-3,-1.39866E-3,-2.69289E-3,-1.82249E-3,-2.92133E-3,-2.96642E-3,-3.50132E-3,-2.80728E-3,-2.41752E-3,-1.40997E-3,-2.56607E-3,-3.37394E-3,-2.41905E-3,-1.10457E-3,-1.95896E-3,-1.51950E-3,-3.09780E-3,-2.68817E-3,-2.92574E-3,-2.34440E-3,-2.67316E-3,-2.97647E-3
1.28209E+3,4.69858E-4,2.03304E-6,1.20064E-3,-1.67648E-5,8.87166E-5,-5.91561E-4,6.20260E-4,4.37275E-4,1.49271E-4,-6.47584E-4,2.33715E-4,4.62831E-4,-9.27328E-4,-1.58444E-3,1.03074E-4,5.56701E-5,2.14295E-4,-1.10567E-3,-1.30915E-3,-2.57842E-3,-3.15979E-3,-4.27041E-3,-3.81470E-3,-4.31719E-3,-5.79920E-3,-8.46942E-3,-7.82990E-3,-8.98043E-3,-9.15460E-3,-9.94129E-3,-1.05388E-2,-1.10826E-2,-1.00885E-2,-1.15244E-2,-1.01237E-2,-1.01503E-2,-9.19315E-3,-8.43108E-3,-9.22961E-3,-8.47225E-3,-8.83642E-3,-8.04153E-3,-7.29672E-3,-7.45680E-3,-5.36147E-3,-7.84174E-3,-7.94360E-3,-7.02439E-3,-8.26529E-3,-6.23888E-3,-7.49972E-3,-6.21479E-3,-5.99123E-3,-5.07961E-3,-4.74020E-3,-6.28486E-3,-5.34084E-3,-3.34516E-3,-3.77985E-3,-4.34863E-3,-3.78894E-3,-6.25291E-3,-4.31223E-3,-4.56629E-3,-4.64560E-3,-4.92901E-3,-5.92077E-3,-5.70624E-3,-4.28980E-3,-4.62624E-3,-4.79909E-3,-4.60400E-3,-4.32149E-3,-4.91632E-3,-4.45692E-3,-5.10705E-3,-4.24950E-3,-4.44392E-3,-4.82344E-3,-4.29842E-3,-3.88783E-3,-3.21443E-3,-4.18530E-3,-3.64434E-3,-3.66721E-3,-4.11106E-3,-4.29925E-3,-4.08203E-3,-3.28987E-3,-4.65162E-3,-3.76707E-3,-3.60557E-3,-3.50875E-3,-4.37229E-3,-4.10416E-3,-4.59437E-3,-3.40962E-3,-2.54668E-3,-4.52147E-3,-4.39250E-3,-3.16422E-3,-2.85007E-3,-3.33990E-3,-4.03253E-3,-3.36190E-3,-4.56327E-3,-3.53929E-3,-2.88411E-3,-3.31541E-3,-3.46007E-3,-3.75236E-3,-3.13357E-3,-2.82916E-3,-2.79077E-3,-3.10326E-3,-1.98478E-3,-3.40363E-3,-3.21903E-3,-2.11373E-3,-3.27772E-3,-2.33697E-3,-2.00119E-3,-2.20852E-3,-2.98009E-3,-2.82333E-3,-1.89789E-3,-1.77107E-3,-2.18735E-3,-1.97487E-3,-2.30219E-3,-7.06470E-4,-1.67532E-3,-1.66017E-3,-1.26278E-3,-2.02953E-3,-1.52042E-3,-1.68521E-3,-1.59234E-3,-1.32197E-3,-1.54809E-3,-2.12437E-3,-2.17027E-3,-1.25810E-3,-2.38038E-3,-2.48346E-3,-2.17768E-3,-2.17328E-3,-2.72982E-3,-1.76232E-3,-3.06440E-3,-2.98163E-3,-3.12240E-3,-2.57942E-3,-2.12483E-3,-1.69211E-3,-2.90096E-3,-2.95071E-3,-1.79865E-3,-1.44689E-3,-2.38468E-3,-1.17504E-3,-3.53691E-3,-2.76437E-3,-2.51245E-3,-2.43948E-3,-2.62434E-3,-2.19578E-3
1.28558E+3,6.54392E-4,4.53162E-4,3.79631E-4,2.79665E-4,-1.73070E-4,-6.05792E-4,1.22226E-3,4.26858E-4,5.94274E-5,-1.29264E-3,1.98577E-4,7.96956E-4,-5.71698E-4,-1.32769E-3,-5.00040E-4,1.52151E-4,1.21696E-4,-1.15245E-3,-8.34481E-4,-2.33949E-3,-3.14256E-3,-3.60400E-3,-3.77856E-3,-4.78835E-3,-5.76259E-3,-8.19429E-3,-7.91795E-3,-8.72480E-3,-9.20502E-3,-1.06007E-2,-1.11694E-2,-1.14535E-2,-1.06869E-2,-1.20311E-2,-1.05635E-2,-1.06905E-2,-9.76007E-3,-8.81469E-3,-9.52544E-3,-9.01425E-3,-8.43457E-3,-7.90786E-3,-7.55059E-3,-8.71774E-3,-6.14794E-3,-8.14687E-3,-8.02546E-3,-7.83595E-3,-8.02473E-3,-6.17299E-3,-7.53888E-3,-6.20408E-3,-6.27097E-3,-5.43552E-3,-4.39500E-3,-6.16549E-3,-5.19842E-3,-3.94874E-3,-4.82482E-3,-4.60299E-3,-4.29891E-3,-5.97755E-3,-4.28866E-3,-4.50277E-3,-4.74190E-3,-5.17160E-3,-5.72171E-3,-5.36745E-3,-5.16808E-3,-5.11370E-3,-4.59417E-3,-4.36272E-3,-4.66620E-3,-4.76879E-3,-4.27880E-3,-4.60690E-3,-4.17825E-3,-4.13138E-3,-4.29354E-3,-4.23216E-3,-3.98111E-3,-3.38058E-3,-4.13700E-3,-3.88832E-3,-3.40297E-3,-4.12571E-3,-4.01112E-3,-3.67820E-3,-3.59219E-3,-4.21959E-3,-4.48182E-3,-3.32606E-3,-3.52866E-3,-3.36300E-3,-3.65520E-3,-3.96665E-3,-3.57260E-3,-2.80438E-3,-4.18753E-3,-4.32781E-3,-2.91703E-3,-2.86423E-3,-2.91310E-3,-3.48679E-3,-3.07704E-3,-4.48918E-3,-3.95485E-3,-3.10638E-3,-3.32173E-3,-3.41200E-3,-3.60924E-3,-2.54025E-3,-2.76270E-3,-3.40365E-3,-2.95759E-3,-2.39113E-3,-3.39484E-3,-3.24881E-3,-2.67519E-3,-3.08668E-3,-2.29266E-3,-2.79530E-3,-2.45924E-3,-2.43232E-3,-2.28212E-3,-1.66729E-3,-1.94011E-3,-2.37067E-3,-1.62980E-3,-1.87681E-3,-1.12166E-3,-1.67293E-3,-1.80477E-3,-1.18309E-3,-2.51609E-3,-1.16233E-3,-2.12894E-3,-1.93527E-3,-7.58903E-4,-1.83351E-3,-2.11403E-3,-2.00375E-3,-1.33125E-3,-2.46986E-3,-1.97938E-3,-1.98260E-3,-2.05797E-3,-2.81321E-3,-1.64845E-3,-2.92195E-3,-3.24654E-3,-2.38793E-3,-1.83061E-3,-2.85029E-3,-2.56163E-3,-3.03227E-3,-3.53164E-3,-2.21875E-3,-1.85101E-3,-1.66483E-3,-1.88523E-3,-2.71581E-3,-2.46046E-3,-2.30927E-3,-2.30197E-3,-2.66034E-3,-2.50761E-3
1.28907E+3,9.29894E-4,-2.18633E-4,5.89067E-4,4.73450E-4,-3.36289E-4,1.30971E-4,7.12165E-4,2.06109E-4,5.52004E-4,-3.26942E-4,-3.08210E-4,-4.35188E-4,-9.23247E-4,-1.28128E-3,2.36128E-4,2.95966E-4,3.40030E-4,-7.09632E-4,-9.96747E-5,-1.75015E-3,-3.11451E-3,-2.87733E-3,-3.53907E-3,-3.56659E-3,-5.85442E-3,-8.26671E-3,-7.76870E-3,-8.63566E-3,-9.10018E-3,-1.04216E-2,-1.08321E-2,-1.12491E-2,-1.04139E-2,-1.17694E-2,-1.05291E-2,-1.01756E-2,-9.12722E-3,-9.26197E-3,-9.33324E-3,-8.30050E-3,-8.39810E-3,-7.84973E-3,-7.48202E-3,-7.79136E-3,-6.11479E-3,-8.38339E-3,-7.79961E-3,-7.55576E-3,-7.27611E-3,-6.15030E-3,-7.04469E-3,-5.62625E-3,-5.64207E-3,-5.10719E-3,-4.45168E-3,-6.37483E-3,-4.85802E-3,-3.74712E-3,-4.14037E-3,-4.52007E-3,-4.15166E-3,-6.03309E-3,-4.10603E-3,-4.53295E-3,-4.63127E-3,-5.09445E-3,-5.43840E-3,-5.13426E-3,-5.30497E-3,-4.82551E-3,-4.59086E-3,-4.09902E-3,-3.96407E-3,-4.02377E-3,-4.31489E-3,-4.51317E-3,-4.17293E-3,-3.86684E-3,-4.75951E-3,-3.95186E-3,-3.81560E-3,-3.04303E-3,-3.35593E-3,-3.62400E-3,-3.33521E-3,-3.69229E-3,-3.57334E-3,-3.66441E-3,-3.31438E-3,-4.15745E-3,-4.01369E-3,-3.16449E-3,-2.84120E-3,-3.16247E-3,-3.39962E-3,-3.55063E-3,-3.19086E-3,-2.86583E-3,-4.10581E-3,-4.04730E-3,-2.80625E-3,-2.70756E-3,-2.60273E-3,-3.36180E-3,-2.60534E-3,-4.20067E-3,-3.62297E-3,-3.14911E-3,-3.08264E-3,-3.29178E-3,-3.49376E-3,-3.02098E-3,-2.73011E-3,-2.54109E-3,-3.60954E-3,-1.65885E-3,-2.96848E-3,-2.30759E-3,-2.02324E-3,-2.64384E-3,-2.42223E-3,-2.03884E-3,-1.42366E-3,-2.48486E-3,-3.03126E-3,-1.98966E-3,-9.63780E-4,-1.69674E-3,-2.07170E-3,-2.10193E-3,-1.98300E-5,-1.18633E-3,-1.22629E-3,-1.18563E-3,-1.84823E-3,-1.60610E-3,-2.18180E-3,-1.48493E-3,-1.51593E-3,-1.73851E-3,-2.06090E-3,-2.55841E-3,-1.33570E-3,-1.87889E-3,-1.77545E-3,-2.15386E-3,-1.57635E-3,-2.45919E-3,-1.88389E-3,-2.70025E-3,-3.45360E-3,-2.39079E-3,-2.47769E-3,-2.22415E-3,-2.29223E-3,-1.79792E-3,-3.65598E-3,-1.68685E-3,-1.16062E-3,-1.58073E-3,-1.58552E-3,-2.78134E-3,-2.40832E-3,-2.29638E-3,-1.75876E-3,-1.95853E-3,-2.38534E-3
1.29256E+3,9.73516E-5,-3.15761E-4,3.51414E-4,3.09969E-4,-2.97072E-4,-2.36719E-4,4.71328E-4,9.67217E-4,9.39514E-4,-8.67954E-4,4.08105E-4,4.81369E-4,-6.54903E-4,-2.06190E-3,4.08043E-4,3.25393E-4,-2.47606E-4,-9.11602E-4,-1.59421E-4,-2.17713E-3,-2.85901E-3,-2.86049E-3,-3.36384E-3,-4.25688E-3,-5.64146E-3,-7.79019E-3,-7.93197E-3,-8.80668E-3,-9.48371E-3,-1.00986E-2,-1.07222E-2,-1.10979E-2,-1.07251E-2,-1.19185E-2,-1.05658E-2,-1.08478E-2,-9.37824E-3,-9.21963E-3,-9.70295E-3,-8.33869E-3,-8.66284E-3,-7.87771E-3,-7.40348E-3,-8.09066E-3,-6.48825E-3,-8.94501E-3,-7.58680E-3,-7.37744E-3,-7.22851E-3,-6.64567E-3,-7.24573E-3,-5.46491E-3,-6.10012E-3,-5.78313E-3,-4.75098E-3,-6.70763E-3,-4.85579E-3,-3.73376E-3,-4.62093E-3,-4.30875E-3,-3.92282E-3,-5.54540E-3,-4.46595E-3,-4.39853E-3,-4.81730E-3,-4.09495E-3,-5.34838E-3,-5.51777E-3,-5.16879E-3,-4.46145E-3,-4.45143E-3,-3.81157E-3,-4.35230E-3,-4.05356E-3,-3.77862E-3,-4.29475E-3,-4.11925E-3,-4.22007E-3,-4.57600E-3,-3.41377E-3,-4.12745E-3,-3.12002E-3,-4.18668E-3,-3.80094E-3,-3.70377E-3,-3.64689E-3,-3.57755E-3,-3.85807E-3,-3.57088E-3,-4.43653E-3,-3.09003E-3,-2.50207E-3,-3.16963E-3,-3.27300E-3,-3.89617E-3,-3.59338E-3,-3.31469E-3,-3.27241E-3,-4.06512E-3,-4.03731E-3,-2.61800E-3,-2.85181E-3,-3.29968E-3,-3.99726E-3,-3.73305E-3,-4.32521E-3,-3.46993E-3,-3.28188E-3,-2.61506E-3,-3.66657E-3,-3.18219E-3,-2.60681E-3,-2.80033E-3,-2.79761E-3,-2.97175E-3,-1.49900E-3,-2.78579E-3,-3.11574E-3,-2.00815E-3,-3.03814E-3,-1.90278E-3,-2.15021E-3,-1.95101E-3,-2.37795E-3,-2.46800E-3,-1.28147E-3,-9.67034E-4,-2.09245E-3,-1.52842E-3,-1.45371E-3,-3.45093E-4,-1.48549E-3,-1.32513E-3,-1.24590E-3,-1.91130E-3,-1.48380E-3,-1.93683E-3,-1.39798E-3,-8.61709E-4,-1.28517E-3,-1.69749E-3,-2.13285E-3,-1.62038E-3,-2.06298E-3,-1.77327E-3,-2.09185E-3,-1.54037E-3,-2.17820E-3,-1.83900E-3,-2.95889E-3,-2.58095E-3,-2.64821E-3,-2.14385E-3,-1.97665E-3,-1.85420E-3,-2.11526E-3,-3.63530E-3,-1.62417E-3,-1.34309E-3,-1.82922E-3,-1.51686E-3,-2.40710E-3,-2.58532E-3,-2.31262E-3,-2.38773E-3,-2.16300E-3,-2.57113E-3
1.29606E+3,2.59604E-4,-1.74287E-4,1.15330E-3,5.55181E-4,1.60361E-5,-5.76535E-4,6.39712E-4,4.19943E-4,4.76352E-4,-8.69301E-4,3.25600E-4,-9.00184E-4,-4.64892E-4,-1.33630E-3,4.75774E-4,2.20851E-6,1.53726E-4,-8.80831E-4,-5.43789E-4,-1.54214E-3,-2.54614E-3,-2.48700E-3,-3.59493E-3,-4.46796E-3,-6.00207E-3,-7.50487E-3,-7.75497E-3,-8.26435E-3,-9.28458E-3,-9.99407E-3,-1.05318E-2,-1.17588E-2,-1.08852E-2,-1.22009E-2,-1.09926E-2,-1.06260E-2,-9.76437E-3,-9.61384E-3,-9.35386E-3,-8.90399E-3,-8.92647E-3,-8.11879E-3,-7.31371E-3,-8.27172E-3,-6.91696E-3,-8.43462E-3,-7.73046E-3,-7.12978E-3,-7.60285E-3,-6.32076E-3,-8.12711E-3,-5.89618E-3,-6.51425E-3,-5.56388E-3,-4.96121E-3,-6.46006E-3,-4.86289E-3,-4.08480E-3,-4.42933E-3,-5.22024E-3,-4.77148E-3,-5.91493E-3,-4.76648E-3,-4.56361E-3,-4.42094E-3,-5.02546E-3,-5.65744E-3,-5.25744E-3,-4.91337E-3,-4.94451E-3,-4.51281E-3,-3.85256E-3,-3.86428E-3,-4.25096E-3,-4.20077E-3,-3.92829E-3,-4.29891E-3,-3.58248E-3,-4.44585E-3,-4.25162E-3,-3.96254E-3,-3.40093E-3,-3.99381E-3,-3.71678E-3,-3.70917E-3,-4.55475E-3,-3.44054E-3,-3.10919E-3,-3.54718E-3,-4.50415E-3,-4.32357E-3,-3.33911E-3,-3.73950E-3,-3.31836E-3,-4.33529E-3,-3.40282E-3,-3.13385E-3,-2.46929E-3,-3.79887E-3,-4.20396E-3,-3.17290E-3,-2.77747E-3,-3.16566E-3,-3.26586E-3,-2.60202E-3,-4.12961E-3,-3.52970E-3,-2.79244E-3,-3.22008E-3,-3.72845E-3,-3.42292E-3,-2.14703E-3,-2.57232E-3,-2.17284E-3,-2.65588E-3,-2.73506E-3,-3.06341E-3,-2.37385E-3,-2.00537E-3,-2.73011E-3,-2.33712E-3,-2.03610E-3,-1.25758E-3,-2.30961E-3,-2.83261E-3,-2.09841E-3,-1.86964E-3,-2.67672E-3,-1.46482E-3,-1.55513E-3,-6.26750E-4,-1.48458E-3,-1.32488E-3,-1.57498E-3,-2.45050E-3,-1.46430E-3,-2.31184E-3,-1.30586E-3,-1.11659E-3,-1.47458E-3,-2.10374E-3,-2.41070E-3,-1.79873E-3,-2.46796E-3,-2.38437E-3,-2.40636E-3,-1.90581E-3,-3.15131E-3,-1.98701E-3,-2.52231E-3,-3.02889E-3,-2.67874E-3,-1.76557E-3,-2.37807E-3,-2.03010E-3,-2.03468E-3,-3.65034E-3,-2.01549E-3,-1.21088E-3,-2.76209E-3,-1.75725E-3,-2.40384E-3,-1.93555E-3,-2.06841E-3,-1.93711E-3,-2.44783E-3,-2.20475E-3
1.29955E+3,2.94558E-4,7.46133E-4,9.63018E-4,9.18432E-5,-2.48238E-6,-7.27021E-4,7.46895E-5,4.52522E-4,2.86204E-4,-9.72019E-4,1.58672E-4,3.09505E-4,-4.67135E-4,-1.12681E-3,-8.16761E-5,4.70483E-4,1.45574E-4,-4.53512E-4,-2.82741E-4,-1.46851E-3,-2.41211E-3,-2.25337E-3,-2.83118E-3,-4.31230E-3,-5.50380E-3,-7.21478E-3,-6.56747E-3,-8.77400E-3,-8.94085E-3,-1.04263E-2,-1.05589E-2,-1.18879E-2,-1.11012E-2,-1.15381E-2,-1.08076E-2,-1.12882E-2,-9.32519E-3,-9.51689E-3,-9.66078E-3,-9.39126E-3,-8.66572E-3,-7.41925E-3,-7.72864E-3,-8.00257E-3,-6.93058E-3,-8.75852E-3,-7.85404E-3,-7.04896E-3,-7.27987E-3,-6.02771E-3,-7.69173E-3,-6.63856E-3,-6.51204E-3,-5.65389E-3,-4.64534E-3,-6.17202E-3,-4.90865E-3,-4.90310E-3,-4.74682E-3,-4.80311E-3,-4.51944E-3,-5.66322E-3,-5.00128E-3,-5.25341E-3,-4.65326E-3,-4.93651E-3,-5.74274E-3,-5.84103E-3,-4.93884E-3,-4.93785E-3,-4.42511E-3,-3.43711E-3,-4.04552E-3,-4.00176E-3,-4.26166E-3,-5.30096E-3,-3.72441E-3,-4.62953E-3,-4.07176E-3,-4.03668E-3,-3.89824E-3,-3.13908E-3,-3.63747E-3,-3.56664E-3,-3.69613E-3,-3.07256E-3,-3.34204E-3,-2.94537E-3,-3.85198E-3,-4.27721E-3,-3.75265E-3,-2.93793E-3,-3.52274E-3,-3.24246E-3,-3.47109E-3,-3.33488E-3,-2.88100E-3,-3.08883E-3,-3.08420E-3,-3.79106E-3,-3.20152E-3,-2.41616E-3,-2.98279E-3,-2.88412E-3,-2.43071E-3,-4.00925E-3,-3.49913E-3,-3.07873E-3,-3.33046E-3,-3.35832E-3,-3.35621E-3,-2.06565E-3,-2.33987E-3,-2.61325E-3,-2.91406E-3,-2.26292E-3,-3.12102E-3,-2.05576E-3,-2.29737E-3,-3.20438E-3,-1.91698E-3,-2.00037E-3,-2.13455E-3,-1.96646E-3,-1.51401E-3,-1.39486E-3,-2.27905E-3,-2.12849E-3,-1.25114E-3,-1.24503E-3,-1.20913E-3,-9.30948E-4,-4.61768E-4,-6.64653E-4,-2.13077E-3,-1.00979E-3,-2.26160E-3,-1.28932E-3,-5.74495E-4,-1.15854E-3,-1.53886E-3,-2.30799E-3,-1.57792E-3,-2.10419E-3,-1.94258E-3,-1.77635E-3,-1.66681E-3,-2.55009E-3,-2.11075E-3,-2.99362E-3,-2.48255E-3,-2.17093E-3,-1.56039E-3,-2.38804E-3,-1.85806E-3,-2.02160E-3,-3.98928E-3,-1.56059E-3,-1.54275E-3,-1.90509E-3,-1.03851E-3,-2.94983E-3,-2.69186E-3,-2.25250E-3,-1.56043E-3,-2.19829E-3,-2.28243E-3
1.30305E+3,4.42094E-4,5.71491E-4,2.94748E-4,4.44683E-4,6.87001E-4,-3.47506E-5,6.78236E-4,-3.65045E-6,-3.80980E-4,-9.97000E-4,4.90412E-4,-5.98856E-4,-1.12779E-3,-5.07991E-4,4.23476E-5,-2.86996E-5,6.20535E-5,1.51912E-4,-7.34054E-4,-1.64841E-3,-2.29821E-3,-1.84222E-3,-3.45274E-3,-4.18605E-3,-5.26851E-3,-7.35530E-3,-8.01452E-3,-8.85664E-3,-9.36905E-3,-1.09787E-2,-1.10462E-2,-1.23044E-2,-1.06688E-2,-1.21726E-2,-1.15322E-2,-1.14322E-2,-9.77551E-3,-9.68084E-3,-9.76491E-3,-8.98044E-3,-9.16621E-3,-8.08658E-3,-8.37724E-3,-9.27026E-3,-7.45276E-3,-9.03869E-3,-8.50900E-3,-7.77250E-3,-8.02356E-3,-6.67132E-3,-7.77013E-3,-6.60262E-3,-6.43188E-3,-6.08727E-3,-4.79333E-3,-7.17526E-3,-5.02924E-3,-4.94196E-3,-4.42353E-3,-5.07151E-3,-4.84267E-3,-6.35890E-3,-4.91877E-3,-4.83580E-3,-5.78468E-3,-5.74933E-3,-5.87917E-3,-5.68165E-3,-4.93819E-3,-5.81834E-3,-5.00597E-3,-4.41508E-3,-4.08028E-3,-4.88781E-3,-5.06904E-3,-5.10441E-3,-4.04102E-3,-4.81520E-3,-4.14958E-3,-3.89922E-3,-3.53455E-3,-3.67375E-3,-3.75916E-3,-4.48542E-3,-3.56790E-3,-4.08312E-3,-3.74796E-3,-4.19377E-3,-3.91192E-3,-3.73833E-3,-4.02989E-3,-3.32031E-3,-3.89468E-3,-2.99643E-3,-4.30291E-3,-4.46178E-3,-2.77740E-3,-3.30135E-3,-3.30301E-3,-3.53456E-3,-3.26757E-3,-3.27208E-3,-2.79552E-3,-3.61151E-3,-3.05225E-3,-3.85643E-3,-3.74992E-3,-3.22507E-3,-3.44695E-3,-3.62818E-3,-3.32323E-3,-2.91559E-3,-2.07077E-3,-2.94473E-3,-3.32534E-3,-1.96956E-3,-2.66027E-3,-2.42818E-3,-2.02041E-3,-3.40740E-3,-1.48968E-3,-2.44914E-3,-1.75549E-3,-1.77801E-3,-2.62514E-3,-1.02095E-3,-1.27119E-3,-2.13600E-3,-1.15603E-3,-1.27994E-3,-1.17637E-3,-1.84153E-3,-1.69459E-3,-1.74321E-3,-2.75796E-3,-1.02449E-3,-2.63647E-3,-1.73017E-3,-1.10051E-3,-1.77384E-3,-1.84837E-3,-2.03979E-3,-2.09280E-3,-2.39567E-3,-1.83212E-3,-1.81094E-3,-2.14574E-3,-2.39072E-3,-2.20970E-3,-2.80354E-3,-3.38226E-3,-2.55807E-3,-1.85338E-3,-2.05130E-3,-1.76669E-3,-2.66487E-3,-3.27699E-3,-2.00966E-3,-1.22073E-3,-1.72417E-3,-1.21505E-3,-2.58323E-3,-2.38083E-3,-2.61264E-3,-1.98501E-3,-2.16186E-3,-1.99145E-3
1.30654E+3,7.08411E-4,-8.28185E-5,1.07339E-3,-2.76049E-4,-3.16125E-4,-9.99931E-5,-2.00574E-4,4.29702E-4,1.21939E-4,-4.39393E-4,1.64408E-6,-6.98129E-5,-5.49399E-4,-8.10222E-4,5.09304E-4,-7.82358E-5,5.57571E-4,-6.65625E-4,-1.02964E-3,-5.78805E-4,-2.80305E-3,-2.20321E-3,-3.36479E-3,-4.57912E-3,-4.64756E-3,-7.78927E-3,-7.83647E-3,-8.97084E-3,-9.40414E-3,-1.06976E-2,-1.08520E-2,-1.21115E-2,-1.12111E-2,-1.22786E-2,-1.15045E-2,-1.16693E-2,-1.03312E-2,-1.02494E-2,-9.84912E-3,-8.77816E-3,-8.73202E-3,-8.39429E-3,-7.97116E-3,-8.86801E-3,-7.62105E-3,-9.38614E-3,-8.35558E-3,-7.66363E-3,-7.27088E-3,-5.96167E-3,-8.00368E-3,-5.46984E-3,-6.43823E-3,-6.18566E-3,-5.36385E-3,-6.75011E-3,-5.27077E-3,-3.89923E-3,-4.20006E-3,-4.83573E-3,-4.71376E-3,-6.36540E-3,-4.16366E-3,-3.98681E-3,-4.69684E-3,-5.51048E-3,-6.33585E-3,-5.58426E-3,-5.09701E-3,-5.31156E-3,-4.72988E-3,-3.86799E-3,-3.63774E-3,-4.51651E-3,-4.94703E-3,-5.22040E-3,-4.30956E-3,-5.11978E-3,-3.93671E-3,-3.90596E-3,-3.85181E-3,-3.61475E-3,-5.10931E-3,-3.96767E-3,-3.53129E-3,-4.19158E-3,-3.54132E-3,-4.10202E-3,-3.92207E-3,-4.28671E-3,-4.10877E-3,-3.53363E-3,-3.69029E-3,-2.73429E-3,-4.19651E-3,-3.56776E-3,-3.36055E-3,-3.68538E-3,-3.27742E-3,-3.76981E-3,-3.58406E-3,-3.23163E-3,-3.38375E-3,-3.11532E-3,-2.66365E-3,-3.34326E-3,-3.59377E-3,-2.89613E-3,-3.26563E-3,-3.29197E-3,-3.23403E-3,-2.19071E-3,-2.37337E-3,-2.62856E-3,-2.62292E-3,-1.76300E-3,-2.54508E-3,-3.04333E-3,-2.18171E-3,-3.31873E-3,-2.60483E-3,-2.30667E-3,-1.96693E-3,-1.59686E-3,-2.82829E-3,-1.41427E-3,-1.93183E-3,-1.89504E-3,-1.00519E-3,-1.91258E-3,-1.20117E-3,-1.48853E-3,-1.56357E-3,-1.21934E-3,-2.56798E-3,-1.26678E-3,-2.70708E-3,-1.56109E-3,-9.58118E-4,-1.47479E-3,-1.85739E-3,-1.49978E-3,-2.14264E-3,-2.31782E-3,-2.20535E-3,-2.02653E-3,-1.53253E-3,-2.40904E-3,-1.63655E-3,-2.47333E-3,-3.19062E-3,-2.46419E-3,-2.23670E-3,-2.41274E-3,-2.00685E-3,-2.15367E-3,-3.48139E-3,-1.65739E-3,-2.03633E-3,-1.23458E-3,-9.57570E-4,-2.23034E-3,-2.49486E-3,-2.41630E-3,-1.85436E-3,-2.19092E-3,-2.08790E-3
1.31004E+3,3.97145E-4,6.67360E-4,5.49199E-4,1.42671E-4,-2.79750E-4,-6.18734E-4,2.17112E-4,4.60232E-4,2.00512E-4,-2.03851E-4,1.87868E-4,-6.53041E-6,-3.64789E-4,-1.34383E-3,-4.61552E-6,5.35117E-4,5.84304E-4,-1.31345E-3,-3.35181E-4,-8.17204E-4,-1.90622E-3,-2.28178E-3,-3.55021E-3,-4.89513E-3,-5.22114E-3,-7.43291E-3,-8.11348E-3,-8.52570E-3,-8.68709E-3,-1.17489E-2,-1.16973E-2,-1.17510E-2,-1.18386E-2,-1.22059E-2,-1.12259E-2,-1.20868E-2,-1.04812E-2,-1.04356E-2,-9.34629E-3,-8.88344E-3,-8.85260E-3,-8.23048E-3,-7.98460E-3,-8.80399E-3,-7.02247E-3,-8.72434E-3,-8.39097E-3,-8.29512E-3,-7.34247E-3,-6.44863E-3,-7.73991E-3,-6.91518E-3,-6.60457E-3,-6.53657E-3,-5.30834E-3,-6.77141E-3,-5.81254E-3,-4.82975E-3,-5.37536E-3,-5.13129E-3,-5.64212E-3,-6.59962E-3,-5.16955E-3,-5.16546E-3,-4.83371E-3,-5.21983E-3,-6.04724E-3,-5.33234E-3,-5.78527E-3,-5.92476E-3,-4.85226E-3,-4.61501E-3,-4.29462E-3,-4.49269E-3,-5.14165E-3,-4.73992E-3,-4.22623E-3,-4.47057E-3,-4.82909E-3,-3.85384E-3,-3.76088E-3,-3.42569E-3,-3.71671E-3,-4.55841E-3,-3.35067E-3,-3.94433E-3,-4.08496E-3,-3.67279E-3,-3.70159E-3,-4.81214E-3,-4.57784E-3,-4.12984E-3,-3.93091E-3,-2.90113E-3,-4.29751E-3,-3.70800E-3,-3.31220E-3,-3.15878E-3,-3.72943E-3,-4.07517E-3,-3.34810E-3,-3.12801E-3,-2.50714E-3,-2.95098E-3,-2.85939E-3,-4.65787E-3,-3.10199E-3,-3.22676E-3,-3.26487E-3,-3.50162E-3,-3.54557E-3,-2.51809E-3,-2.64025E-3,-2.81863E-3,-3.44630E-3,-2.25025E-3,-2.25267E-3,-2.66988E-3,-2.12855E-3,-3.68251E-3,-2.39548E-3,-2.70152E-3,-2.48343E-3,-1.71978E-3,-2.63851E-3,-1.60494E-3,-1.19619E-3,-1.76203E-3,-1.74863E-3,-1.74936E-3,-1.52123E-3,-8.91369E-4,-8.69280E-4,-1.22942E-3,-2.27034E-3,-1.91273E-3,-2.12226E-3,-1.22445E-3,-5.96071E-4,-1.26427E-3,-1.92142E-3,-2.16486E-3,-1.83175E-3,-2.31646E-3,-2.17184E-3,-2.49592E-3,-2.45475E-3,-2.55477E-3,-2.59536E-3,-3.01387E-3,-2.45220E-3,-2.58538E-3,-2.54296E-3,-1.72658E-3,-2.01655E-3,-1.96510E-3,-3.81677E-3,-1.93317E-3,-1.34020E-3,-1.72321E-3,-2.64118E-3,-2.96216E-3,-2.80383E-3,-2.43106E-3,-2.16830E-3,-2.35759E-3,-1.55706E-3
1.31354E+3,8.21907E-4,4.03332E-4,9.24220E-4,1.81429E-4,-1.69779E-4,-3.65539E-4,7.17796E-4,-2.04683E-4,1.22360E-5,-1.07176E-3,3.92445E-4,-2.37663E-4,-7.73579E-4,-3.18869E-4,-3.11491E-4,-5.13646E-4,-1.76631E-4,-1.24037E-3,-2.29568E-4,-2.43265E-4,-2.26757E-3,-1.95598E-3,-3.38519E-3,-4.72064E-3,-4.85808E-3,-7.45947E-3,-7.96265E-3,-8.78421E-3,-9.60334E-3,-1.05955E-2,-1.14716E-2,-1.16618E-2,-1.15981E-2,-1.27433E-2,-1.13361E-2,-1.06965E-2,-9.93352E-3,-9.35230E-3,-9.15602E-3,-8.74147E-3,-9.06600E-3,-8.21092E-3,-7.46929E-3,-8.88862E-3,-6.83592E-3,-8.56703E-3,-7.59580E-3,-7.07409E-3,-7.65057E-3,-6.23562E-3,-7.61749E-3,-5.94432E-3,-6.51232E-3,-6.62903E-3,-5.50426E-3,-6.15631E-3,-5.24592E-3,-5.66268E-3,-5.28361E-3,-5.30107E-3,-6.00205E-3,-5.68573E-3,-5.58769E-3,-5.33750E-3,-4.70658E-3,-5.58621E-3,-5.93948E-3,-5.45662E-3,-5.57680E-3,-5.01431E-3,-4.71310E-3,-4.49866E-3,-3.95612E-3,-4.87393E-3,-4.80883E-3,-4.10160E-3,-4.02513E-3,-3.88618E-3,-4.65379E-3,-3.97234E-3,-3.35667E-3,-4.15342E-3,-3.99269E-3,-3.66728E-3,-3.31433E-3,-4.02471E-3,-3.93865E-3,-4.18847E-3,-3.97220E-3,-5.10899E-3,-4.22481E-3,-3.30814E-3,-3.74675E-3,-3.38365E-3,-4.06548E-3,-3.33879E-3,-2.91106E-3,-3.33816E-3,-2.90137E-3,-4.02764E-3,-2.79260E-3,-2.29953E-3,-2.41411E-3,-2.73813E-3,-3.90575E-3,-4.00997E-3,-3.26437E-3,-3.60799E-3,-3.30801E-3,-3.10971E-3,-3.17569E-3,-2.28230E-3,-2.95804E-3,-1.98008E-3,-2.17754E-3,-1.76584E-3,-2.20879E-3,-2.17754E-3,-2.56677E-3,-3.89989E-3,-1.49342E-3,-2.61087E-3,-2.34616E-3,-1.42282E-3,-2.66200E-3,-1.49797E-3,-1.49859E-3,-1.68632E-3,-1.86804E-3,-2.29291E-3,-8.40849E-4,-1.91291E-3,-6.29318E-4,-1.04398E-3,-2.02572E-3,-1.65628E-3,-2.10079E-3,-1.77166E-3,-8.75760E-4,-1.64484E-3,-1.54086E-3,-2.26786E-3,-2.27609E-3,-1.86291E-3,-2.12444E-3,-2.47788E-3,-1.87782E-3,-2.65480E-3,-8.76628E-4,-3.35871E-3,-2.32773E-3,-2.90394E-3,-1.82800E-3,-2.09646E-3,-1.43944E-3,-2.45616E-3,-3.08439E-3,-2.15927E-3,-1.62168E-3,-2.12078E-3,-1.44065E-3,-2.18737E-3,-2.72639E-3,-2.59937E-3,-2.18664E-3,-2.13772E-3,-2.87105E-3
1.31703E+3,5.54704E-4,-5.10689E-4,8.71318E-4,1.70915E-4,-9.59792E-5,-2.33468E-4,9.34892E-4,-3.20683E-4,-1.45991E-5,-7.33653E-4,5.42416E-4,5.85500E-5,-1.92360E-4,-8.66298E-4,-1.65066E-4,4.82781E-5,-6.45268E-4,-1.02905E-3,-5.84522E-4,-9.99079E-4,-2.37413E-3,-2.13780E-3,-3.84947E-3,-4.72073E-3,-5.98834E-3,-6.68469E-3,-7.86706E-3,-8.57421E-3,-9.19743E-3,-1.15735E-2,-1.12643E-2,-1.18000E-2,-1.22044E-2,-1.20143E-2,-1.13582E-2,-1.18898E-2,-1.04678E-2,-9.91446E-3,-9.89331E-3,-9.05561E-3,-8.25913E-3,-8.06097E-3,-8.26649E-3,-9.24597E-3,-6.74772E-3,-9.64973E-3,-8.22318E-3,-7.41872E-3,-7.55020E-3,-6.46998E-3,-7.79969E-3,-6.71626E-3,-6.33117E-3,-6.18975E-3,-4.58204E-3,-6.76292E-3,-5.29955E-3,-5.24446E-3,-6.16065E-3,-6.05589E-3,-5.48859E-3,-5.57251E-3,-4.83812E-3,-4.29383E-3,-5.14914E-3,-5.87169E-3,-6.11319E-3,-5.40809E-3,-5.47803E-3,-5.23496E-3,-4.84219E-3,-4.30091E-3,-4.11246E-3,-4.20819E-3,-4.83739E-3,-4.19144E-3,-4.98278E-3,-4.50123E-3,-4.14570E-3,-4.05447E-3,-4.18492E-3,-4.68269E-3,-4.27525E-3,-4.09053E-3,-3.65784E-3,-3.37189E-3,-3.74297E-3,-3.48882E-3,-4.00464E-3,-4.40739E-3,-3.09599E-3,-3.04342E-3,-4.07983E-3,-2.57409E-3,-4.11984E-3,-3.62450E-3,-2.83337E-3,-3.15851E-3,-3.74525E-3,-4.62940E-3,-3.04500E-3,-2.46472E-3,-3.02933E-3,-3.70745E-3,-2.86359E-3,-4.01049E-3,-3.79619E-3,-3.75023E-3,-3.06036E-3,-3.82078E-3,-3.31534E-3,-3.46533E-3,-2.04784E-3,-2.86673E-3,-2.31027E-3,-1.59116E-3,-3.38014E-3,-2.43704E-3,-3.18923E-3,-3.13529E-3,-2.02559E-3,-3.21959E-3,-1.47435E-3,-2.05474E-3,-2.49382E-3,-1.12575E-3,-2.40097E-3,-1.76170E-3,-1.62520E-3,-1.34583E-3,-1.66112E-3,-8.31895E-4,-1.40656E-3,-1.42472E-3,-2.15188E-3,-7.89410E-4,-2.70542E-3,-1.39873E-3,-1.08594E-3,-1.38610E-3,-1.38440E-3,-1.99337E-3,-1.67084E-3,-2.35164E-3,-1.90308E-3,-2.97925E-3,-1.66661E-3,-2.07874E-3,-2.09548E-3,-2.47647E-3,-2.63366E-3,-2.40742E-3,-2.44306E-3,-2.30264E-3,-1.68935E-3,-2.37182E-3,-3.13438E-3,-2.55249E-3,-1.95749E-3,-1.54423E-3,-3.93081E-4,-2.43965E-3,-2.65962E-3,-2.61200E-3,-1.86355E-3,-2.59646E-3,-1.77792E-3
1.32053E+3,-5.08031E-4,2.71245E-4,3.68748E-4,4.31425E-4,-7.45315E-4,-1.23001E-4,6.09141E-4,5.80817E-4,8.04374E-4,-1.08740E-3,-1.23625E-4,1.41871E-4,-3.46588E-4,-4.61331E-5,-2.27527E-4,-1.89221E-4,-4.18613E-4,-1.09387E-3,-5.89751E-4,-5.97354E-4,-1.15501E-3,-2.23927E-3,-3.68360E-3,-4.97149E-3,-4.97111E-3,-7.17165E-3,-7.15374E-3,-8.64316E-3,-8.89300E-3,-1.07587E-2,-1.10206E-2,-1.18131E-2,-1.19729E-2,-1.22391E-2,-1.19719E-2,-1.17733E-2,-1.04977E-2,-1.02274E-2,-9.08902E-3,-9.48299E-3,-8.72150E-3,-8.71619E-3,-9.18646E-3,-9.21547E-3,-7.90636E-3,-9.40532E-3,-7.96516E-3,-7.32045E-3,-7.75408E-3,-6.85292E-3,-7.90434E-3,-5.59341E-3,-7.09740E-3,-6.74057E-3,-4.98970E-3,-6.72621E-3,-5.59142E-3,-5.84233E-3,-5.89447E-3,-5.77825E-3,-5.72497E-3,-5.12448E-3,-4.53285E-3,-4.52304E-3,-5.24551E-3,-5.55498E-3,-5.80411E-3,-6.30049E-3,-6.58692E-3,-5.39031E-3,-4.94892E-3,-4.23901E-3,-4.39071E-3,-4.53121E-3,-4.93821E-3,-4.59824E-3,-3.89520E-3,-4.89262E-3,-4.26089E-3,-3.87762E-3,-4.16941E-3,-4.43891E-3,-4.00907E-3,-4.51138E-3,-2.84499E-3,-4.79986E-3,-3.76105E-3,-3.79224E-3,-4.29434E-3,-4.33270E-3,-4.17283E-3,-3.61563E-3,-3.80349E-3,-2.71725E-3,-4.14557E-3,-3.64813E-3,-3.54523E-3,-3.32198E-3,-3.58109E-3,-4.18216E-3,-2.45172E-3,-2.99800E-3,-2.60922E-3,-3.01290E-3,-3.55996E-3,-4.48339E-3,-4.11579E-3,-2.73229E-3,-3.39379E-3,-3.44283E-3,-3.05883E-3,-2.11310E-3,-3.05792E-3,-2.36497E-3,-2.53283E-3,-9.62161E-4,-2.05518E-3,-2.47478E-3,-1.63143E-3,-3.55345E-3,-1.41661E-3,-2.30143E-3,-1.57322E-3,-1.66874E-3,-2.09446E-3,-1.66256E-3,-1.14536E-3,-1.53379E-3,-2.02553E-3,-9.73940E-4,-1.61315E-3,-1.66885E-3,-1.39935E-3,-1.41557E-3,-2.36976E-3,-1.71988E-3,-2.13903E-3,-1.60632E-3,-8.72971E-4,-1.73680E-3,-1.49012E-3,-1.85128E-3,-2.71494E-3,-2.22659E-3,-2.32469E-3,-2.21620E-3,-2.20542E-3,-1.97374E-3,-4.16834E-4,-2.92519E-3,-2.24133E-3,-2.62259E-3,-2.70434E-3,-2.71141E-3,-1.91595E-3,-2.88788E-3,-3.97771E-3,-2.42474E-3,-1.88599E-3,-2.09633E-3,-1.08423E-3,-2.92428E-3,-2.13144E-3,-2.85144E-3,-2.05363E-3,-2.36106E-3,-1.35508E-3
1.32403E+3,-1.69394E-4,7.62904E-4,7.97271E-4,3.44569E-4,-1.74901E-4,-2.42126E-4,1.67821E-3,-4.38136E-4,3.82643E-4,-9.62855E-4,2.01827E-5,1.03827E-4,-1.36221E-3,-2.70008E-4,-4.69974E-4,-2.58950E-4,-7.87258E-4,-8.49512E-4,-2.77017E-4,1.05640E-3,-4.08522E-4,-2.13768E-3,-3.01300E-3,-4.52045E-3,-4.75722E-3,-7.40894E-3,-7.75950E-3,-8.42205E-3,-9.46853E-3,-1.13993E-2,-1.06432E-2,-1.14992E-2,-1.22660E-2,-1.23885E-2,-1.17599E-2,-1.21823E-2,-1.09183E-2,-1.11505E-2,-9.66462E-3,-9.15311E-3,-8.84248E-3,-8.79093E-3,-8.41426E-3,-9.25467E-3,-7.70880E-3,-9.06478E-3,-8.27328E-3,-8.24269E-3,-7.71901E-3,-6.83089E-3,-8.68767E-3,-6.83214E-3,-6.81617E-3,-7.08210E-3,-5.35261E-3,-7.04631E-3,-5.91917E-3,-5.74247E-3,-6.53732E-3,-5.21769E-3,-5.21359E-3,-5.85977E-3,-5.26084E-3,-4.53136E-3,-5.39597E-3,-5.36770E-3,-6.01473E-3,-6.44722E-3,-6.43428E-3,-5.55275E-3,-5.18189E-3,-4.56594E-3,-4.43200E-3,-4.37903E-3,-5.10114E-3,-4.57586E-3,-4.78714E-3,-4.61561E-3,-4.36806E-3,-3.96336E-3,-3.90111E-3,-3.31555E-3,-4.24766E-3,-4.09535E-3,-3.41314E-3,-3.96919E-3,-4.27775E-3,-3.73245E-3,-3.59114E-3,-4.82521E-3,-3.71533E-3,-3.54043E-3,-3.27861E-3,-3.06829E-3,-4.35734E-3,-3.47596E-3,-3.04922E-3,-3.33779E-3,-3.28087E-3,-3.55133E-3,-3.12709E-3,-2.64371E-3,-2.70859E-3,-2.86816E-3,-3.47328E-3,-3.18488E-3,-3.30050E-3,-2.66401E-3,-3.40042E-3,-2.81711E-3,-3.12723E-3,-2.33175E-3,-1.97969E-3,-2.73905E-3,-1.73551E-3,-2.43791E-3,-2.40228E-3,-2.18667E-3,-1.21118E-3,-2.65970E-3,-1.79951E-3,-2.42568E-3,-1.62471E-3,-1.10016E-3,-2.92445E-3,-1.16836E-3,-1.26962E-3,-1.70915E-3,-1.41333E-3,-1.73663E-3,-1.08488E-3,-1.40505E-3,-1.80494E-3,-8.74106E-4,-1.97310E-3,-2.40217E-3,-2.52743E-3,-1.19886E-3,-1.40299E-3,-1.57788E-3,-1.08490E-3,-1.24742E-3,-1.50055E-3,-2.15566E-3,-2.25409E-3,-2.25195E-3,-7.98676E-4,-1.93184E-3,-1.76875E-3,-2.19725E-3,-2.48709E-3,-2.35828E-3,-2.31735E-3,-2.10006E-3,-5.53409E-4,-2.59047E-3,-3.60500E-3,-1.08698E-3,-2.37678E-3,-1.82038E-3,-1.13068E-3,-1.71647E-3,-1.32524E-3,-2.02933E-3,-2.36337E-3,-1.61329E-3,-2.46479E-3
1.32753E+3,-2.61031E-4,8.79767E-5,7.69876E-4,-2.19520E-4,-1.10362E-4,-4.19226E-5,1.05592E-3,-8.37990E-4,7.75401E-4,-6.86169E-4,5.33437E-4,6.03000E-4,-7.59751E-4,-3.97679E-4,-5.11184E-4,1.29256E-5,-9.68057E-5,-1.21104E-3,-7.27401E-4,2.47526E-4,-1.18296E-3,-2.34975E-3,-4.02656E-3,-4.75296E-3,-5.35631E-3,-7.81091E-3,-7.21224E-3,-9.06567E-3,-9.99961E-3,-1.13335E-2,-1.11798E-2,-1.12221E-2,-1.20989E-2,-1.13993E-2,-1.22039E-2,-1.21920E-2,-1.07849E-2,-1.10203E-2,-1.00172E-2,-9.96869E-3,-8.45138E-3,-9.49838E-3,-8.76561E-3,-9.82913E-3,-7.30745E-3,-9.24087E-3,-8.75031E-3,-8.29338E-3,-7.75232E-3,-6.12180E-3,-8.90370E-3,-6.82499E-3,-6.77411E-3,-6.69968E-3,-6.22974E-3,-6.96557E-3,-5.90313E-3,-5.76106E-3,-5.52509E-3,-6.27329E-3,-5.84798E-3,-6.15183E-3,-5.66059E-3,-5.47089E-3,-5.58818E-3,-6.10918E-3,-6.42589E-3,-6.48918E-3,-6.36056E-3,-6.15249E-3,-5.78802E-3,-5.01423E-3,-4.45468E-3,-4.71493E-3,-5.65818E-3,-4.68504E-3,-4.33830E-3,-4.14938E-3,-4.89625E-3,-4.04648E-3,-4.35258E-3,-3.98750E-3,-4.45554E-3,-3.92552E-3,-3.35298E-3,-4.15631E-3,-4.65496E-3,-3.75745E-3,-4.27213E-3,-5.69753E-3,-4.61777E-3,-3.46795E-3,-3.64055E-3,-3.23357E-3,-4.03109E-3,-3.78687E-3,-4.37820E-3,-3.97439E-3,-2.93133E-3,-4.65557E-3,-3.17686E-3,-2.70474E-3,-2.87232E-3,-2.84159E-3,-3.32820E-3,-4.00503E-3,-4.06428E-3,-3.86336E-3,-3.30316E-3,-2.83377E-3,-2.92576E-3,-2.49050E-3,-2.60273E-3,-2.69401E-3,-2.90397E-3,-2.02306E-3,-3.68015E-3,-3.17138E-3,-2.27294E-3,-3.30642E-3,-2.12847E-3,-2.67917E-3,-2.00785E-3,-2.22142E-3,-2.27219E-3,-1.97296E-3,-1.29225E-3,-7.54523E-4,-2.27326E-3,-1.74975E-3,-9.13234E-4,-1.79634E-3,-1.11298E-3,-1.55794E-3,-2.74448E-3,-1.68201E-3,-2.37116E-3,-1.65275E-3,-8.51702E-4,-1.89414E-3,-1.45023E-3,-1.53269E-3,-2.44964E-3,-2.77227E-3,-2.29266E-3,-1.97600E-3,-1.88647E-3,-2.75506E-3,-1.64141E-3,-3.31405E-3,-1.81315E-3,-2.39554E-3,-1.64944E-3,-2.25164E-3,-8.32715E-4,-3.04211E-3,-3.60618E-3,-1.51382E-3,-1.86947E-3,-2.52353E-3,-8.45396E-4,-2.75326E-3,-2.72102E-3,-2.33410E-3,-1.91313E-3,-2.31424E-3,-1.55730E-3
1.33103E+3,1.62895E-4,4.14661E-4,7.55019E-4,1.60767E-4,-1.87308E-4,-3.17745E-4,1.25298E-3,-2.02414E-4,-1.13307E-4,-3.26807E-4,-5.79160E-4,2.99445E-4,-5.17984E-4,-4.94181E-4,-3.06862E-4,5.86482E-4,-8.08952E-4,-1.07864E-3,-6.74121E-4,4.62040E-4,-1.26024E-3,-2.49812E-3,-3.49129E-3,-3.86114E-3,-4.15028E-3,-7.98822E-3,-7.51820E-3,-8.77339E-3,-8.98249E-3,-1.11964E-2,-1.12081E-2,-1.15955E-2,-1.20494E-2,-1.22327E-2,-1.16915E-2,-1.11137E-2,-9.89790E-3,-1.03334E-2,-9.16043E-3,-9.26922E-3,-8.58006E-3,-8.86321E-3,-9.19125E-3,-8.99252E-3,-7.08611E-3,-8.73021E-3,-7.28567E-3,-7.62615E-3,-7.70710E-3,-6.58637E-3,-7.71384E-3,-5.79012E-3,-7.26265E-3,-6.74519E-3,-5.78966E-3,-6.84109E-3,-5.50914E-3,-5.20400E-3,-5.97674E-3,-5.33892E-3,-5.90836E-3,-6.03682E-3,-5.40661E-3,-4.58174E-3,-5.56550E-3,-5.61135E-3,-5.61371E-3,-6.22418E-3,-5.41168E-3,-5.37302E-3,-4.84891E-3,-5.23965E-3,-4.17491E-3,-4.04972E-3,-5.07457E-3,-4.83388E-3,-4.82747E-3,-4.40668E-3,-4.63651E-3,-3.90907E-3,-3.23364E-3,-3.20351E-3,-4.90141E-3,-3.76228E-3,-3.25581E-3,-3.40210E-3,-4.66555E-3,-3.76295E-3,-3.88611E-3,-4.48552E-3,-3.39632E-3,-3.48501E-3,-3.34634E-3,-2.71352E-3,-3.63571E-3,-3.10147E-3,-2.88835E-3,-3.24240E-3,-2.71565E-3,-4.26604E-3,-3.27898E-3,-2.82326E-3,-2.33782E-3,-3.00703E-3,-1.92945E-3,-3.28954E-3,-3.70236E-3,-2.44639E-3,-2.65170E-3,-3.50854E-3,-2.86943E-3,-2.96042E-3,-2.23390E-3,-2.51204E-3,-2.78581E-3,-1.58142E-3,-2.26972E-3,-2.44767E-3,-1.69639E-3,-2.78553E-3,-1.99369E-3,-2.80944E-3,-1.92996E-3,-1.61765E-3,-2.47945E-3,-1.62056E-3,-1.81238E-3,-1.38383E-3,-6.04491E-4,-1.54222E-3,-9.05982E-4,-1.79047E-3,-1.16964E-3,-6.94732E-4,-2.52228E-3,-4.20078E-4,-2.12179E-3,-1.09237E-3,-1.06587E-3,-1.42835E-3,-1.18711E-3,-2.05456E-3,-1.99119E-3,-2.25722E-3,-1.49478E-3,-1.98374E-3,-1.24838E-3,-1.78853E-3,-1.62433E-3,-2.95399E-3,-1.75122E-3,-2.43023E-3,-2.46496E-3,-2.58588E-3,-1.02702E-3,-2.24508E-3,-3.64149E-3,-1.89644E-3,-2.17674E-3,-1.74460E-3,-5.61485E-4,-1.98544E-3,-2.57560E-3,-2.59441E-3,-2.11861E-3,-2.23772E-3,-1.69525E-3
1.33453E+3,-4.03541E-4,7.77973E-4,1.75766E-4,7.51656E-4,-1.98735E-4,1.91825E-4,1.10090E-3,-2.90942E-4,1.96708E-4,-6.10030E-4,-4.18406E-5,2.87656E-4,-5.36402E-4,-8.65751E-4,-5.35242E-4,4.91462E-5,-5.73819E-4,-1.52134E-3,-6.99082E-4,-1.95405E-4,-1.17338E-3,-2.69067E-3,-4.07819E-3,-4.83752E-3,-5.04304E-3,-7.34532E-3,-7.19686E-3,-8.92594E-3,-9.58378E-3,-1.08484E-2,-1.15550E-2,-1.16297E-2,-1.23314E-2,-1.20598E-2,-1.15572E-2,-1.19617E-2,-1.08503E-2,-1.07546E-2,-9.15354E-3,-8.23215E-3,-8.93779E-3,-8.81731E-3,-9.11957E-3,-9.31881E-3,-7.26818E-3,-9.54259E-3,-8.53969E-3,-7.67503E-3,-8.21375E-3,-7.76501E-3,-7.91973E-3,-6.83072E-3,-7.10707E-3,-7.03170E-3,-6.10234E-3,-6.93401E-3,-5.88825E-3,-5.84337E-3,-6.64013E-3,-5.11433E-3,-5.76918E-3,-5.45332E-3,-5.32766E-3,-5.14603E-3,-5.47370E-3,-6.72979E-3,-4.55306E-3,-5.78700E-3,-6.01058E-3,-5.90528E-3,-5.10666E-3,-4.41380E-3,-5.07844E-3,-5.37762E-3,-5.02245E-3,-4.66014E-3,-4.66238E-3,-4.20795E-3,-4.15224E-3,-3.79862E-3,-4.05891E-3,-3.83750E-3,-4.99111E-3,-4.20468E-3,-3.92362E-3,-4.53798E-3,-4.01786E-3,-3.53482E-3,-3.59319E-3,-4.60366E-3,-3.23454E-3,-3.29711E-3,-3.35850E-3,-2.09658E-3,-3.35058E-3,-3.99086E-3,-4.18830E-3,-3.60252E-3,-2.66124E-3,-4.36254E-3,-2.50453E-3,-2.22475E-3,-3.07597E-3,-2.56497E-3,-2.80355E-3,-4.50683E-3,-4.07279E-3,-3.21790E-3,-3.37145E-3,-4.02312E-3,-3.47692E-3,-2.03183E-3,-2.09337E-3,-2.33350E-3,-2.71998E-3,-2.19109E-3,-1.97984E-3,-2.62993E-3,-1.40776E-3,-2.28794E-3,-2.04701E-3,-3.86210E-3,-1.77586E-3,-1.48964E-3,-2.49780E-3,-2.06589E-3,-1.16812E-3,-8.28308E-4,-1.13533E-3,-2.42566E-3,-1.16978E-3,-2.11315E-3,-1.54684E-3,-4.36802E-4,-2.28097E-3,-1.16948E-3,-2.73207E-3,-6.57167E-4,-8.12934E-4,-1.50599E-3,-1.83135E-3,-2.51646E-3,-2.52822E-3,-1.79751E-3,-1.98325E-3,-2.45206E-3,-1.50920E-3,-2.08793E-3,-2.03061E-3,-2.57016E-3,-1.58654E-3,-2.81094E-3,-1.74294E-3,-2.90750E-3,-1.22161E-3,-2.66095E-3,-3.02091E-3,-1.53652E-3,-1.47933E-3,-2.35023E-3,-1.27487E-3,-2.41266E-3,-2.65615E-3,-2.60297E-3,-1.69215E-3,-2.61040E-3,-2.55083E-3
1.33804E+3,2.86736E-4,2.46362E-4,1.21161E-3,4.92267E-4,9.62265E-5,-1.58590E-4,5.92781E-4,-2.84385E-4,5.56529E-4,-1.51160E-3,-2.40821E-4,2.46488E-4,-3.56705E-4,-1.19537E-3,1.84727E-5,-1.43392E-4,-1.30601E-3,-1.47471E-3,-3.39305E-4,-5.74832E-5,-4.13249E-4,-2.30717E-3,-3.51219E-3,-4.61114E-3,-5.23985E-3,-6.78876E-3,-6.35191E-3,-8.09374E-3,-9.07144E-3,-1.04306E-2,-1.10367E-2,-1.12667E-2,-1.23041E-2,-1.15057E-2,-1.18652E-2,-1.17482E-2,-1.06688E-2,-1.01697E-2,-9.08123E-3,-9.59318E-3,-8.57372E-3,-8.01229E-3,-8.19571E-3,-8.99605E-3,-6.30339E-3,-8.09562E-3,-7.88213E-3,-7.59413E-3,-8.06304E-3,-6.40583E-3,-7.37064E-3,-6.79941E-3,-6.93842E-3,-6.70978E-3,-4.76083E-3,-6.76421E-3,-5.35341E-3,-5.66140E-3,-5.75309E-3,-5.51384E-3,-5.26036E-3,-5.24208E-3,-5.53411E-3,-4.71448E-3,-4.83361E-3,-6.59174E-3,-5.14591E-3,-5.70277E-3,-5.31912E-3,-4.67890E-3,-4.59743E-3,-4.10817E-3,-4.03367E-3,-4.48844E-3,-5.17278E-3,-3.54267E-3,-4.68826E-3,-4.61693E-3,-3.97389E-3,-4.41452E-3,-3.03861E-3,-3.58239E-3,-4.50575E-3,-3.17603E-3,-2.93815E-3,-4.03822E-3,-4.51977E-3,-3.51075E-3,-3.32674E-3,-5.17566E-3,-3.81212E-3,-3.26240E-3,-3.13531E-3,-2.30884E-3,-2.94881E-3,-3.23369E-3,-3.37060E-3,-2.87981E-3,-3.30933E-3,-4.49568E-3,-2.89996E-3,-2.48706E-3,-1.86613E-3,-2.40861E-3,-3.00194E-3,-3.24637E-3,-2.88737E-3,-2.74364E-3,-2.98053E-3,-3.10226E-3,-3.26434E-3,-2.96576E-3,-2.40829E-3,-2.92414E-3,-1.99540E-3,-1.97434E-3,-2.87431E-3,-2.24161E-3,-1.66276E-3,-1.89254E-3,-1.16400E-3,-2.11836E-3,-1.43447E-3,-1.85629E-3,-3.11189E-3,-9.86175E-4,-1.04403E-3,-1.13030E-3,-1.66114E-3,-1.80482E-3,-7.95511E-4,-2.00913E-3,-1.21664E-3,-1.26080E-3,-1.57596E-3,-1.59934E-3,-1.97245E-3,-4.12490E-4,3.20768E-5,-1.73880E-3,-1.05814E-3,-1.48117E-3,-2.47882E-3,-2.59062E-3,-1.18112E-3,-1.26941E-3,-1.28515E-3,-2.71408E-3,-1.29238E-3,-2.32241E-3,-1.31551E-3,-2.30840E-3,-7.68489E-4,-2.59008E-3,-8.29072E-4,-1.91809E-3,-3.97413E-3,-2.13140E-3,-1.27590E-3,-1.34802E-3,-2.38912E-3,-2.11484E-3,-1.66822E-3,-1.78479E-3,-1.24880E-3,-2.69942E-3,-5.59965E-4
1.34154E+3,6.52444E-4,5.90636E-4,6.12807E-4,-3.89118E-4,-2.41998E-4,-6.27270E-4,1.00733E-3,8.84577E-5,2.28821E-4,-1.30595E-4,3.19542E-4,5.22421E-4,-9.63953E-4,-1.38781E-3,-2.81721E-4,1.55160E-4,-5.80313E-4,-2.39659E-3,-1.58450E-3,-5.93142E-4,-9.23833E-4,-2.70853E-3,-4.20752E-3,-5.00146E-3,-4.96588E-3,-7.37973E-3,-7.80768E-3,-8.63045E-3,-9.09346E-3,-1.10072E-2,-1.07845E-2,-1.14919E-2,-1.20889E-2,-1.16226E-2,-1.13171E-2,-1.09762E-2,-1.07858E-2,-9.16723E-3,-8.84418E-3,-8.22391E-3,-7.90368E-3,-7.98615E-3,-7.38808E-3,-7.66443E-3,-6.45432E-3,-8.52200E-3,-7.49594E-3,-7.05048E-3,-8.07412E-3,-6.32873E-3,-7.55101E-3,-6.23887E-3,-6.91310E-3,-7.03596E-3,-4.75799E-3,-6.65971E-3,-5.64422E-3,-3.56730E-3,-5.56439E-3,-5.54633E-3,-5.30946E-3,-5.01961E-3,-5.10064E-3,-4.61068E-3,-4.57396E-3,-6.03911E-3,-5.68737E-3,-5.32577E-3,-6.03374E-3,-5.16128E-3,-4.92288E-3,-4.57848E-3,-3.63334E-3,-4.37704E-3,-4.86605E-3,-4.03139E-3,-4.76532E-3,-3.92695E-3,-4.65924E-3,-4.36876E-3,-3.79922E-3,-3.57096E-3,-4.26323E-3,-4.13569E-3,-3.83519E-3,-3.72516E-3,-3.88432E-3,-2.62626E-3,-2.74585E-3,-3.97162E-3,-3.59760E-3,-3.42018E-3,-2.39459E-3,-3.05352E-3,-3.69345E-3,-2.92515E-3,-2.88343E-3,-3.49799E-3,-2.46241E-3,-4.18085E-3,-2.39421E-3,-2.92030E-3,-1.43869E-3,-2.89632E-3,-1.42254E-3,-4.03332E-3,-3.24093E-3,-3.26449E-3,-2.94984E-3,-3.83956E-3,-2.79951E-3,-2.95239E-3,-2.25435E-3,-1.68516E-3,-3.10616E-3,-2.04545E-3,-2.46821E-3,-2.27591E-3,-1.11199E-3,-1.61544E-3,-1.76795E-3,-2.80339E-3,-1.06480E-3,-7.04135E-4,-3.20507E-3,-1.64942E-3,-1.45146E-3,-3.30344E-4,-1.15372E-3,-9.46574E-4,-8.18871E-4,-1.24484E-3,-1.91009E-3,-1.70908E-3,-2.28729E-3,-9.04475E-4,-1.95451E-3,-1.62763E-3,-1.57414E-4,-1.14718E-3,-8.01409E-4,-1.85546E-3,-2.13537E-3,-2.23387E-3,-8.47841E-4,-2.99282E-3,-1.75729E-3,-2.63723E-3,-1.80503E-3,-2.23203E-3,-2.54704E-3,-2.71987E-3,-1.11992E-3,-2.75174E-3,-9.71548E-4,-1.49433E-3,-3.55080E-3,-1.28269E-3,-1.94804E-3,-1.95267E-3,-1.08594E-3,-1.72262E-3,-2.11502E-3,-2.26854E-3,-1.33264E-3,-2.21381E-3,-1.73440E-3
1.34504E+3,6.72686E-4,-1.75848E-4,7.61735E-4,3.51120E-4,-2.54000E-4,-3.48892E-4,1.83927E-3,6.88512E-4,7.59483E-4,-1.11077E-3,-2.94015E-4,2.04019E-4,-1.74913E-3,-8.21270E-4,-5.22901E-4,-6.32486E-4,4.31931E-4,-2.35751E-3,-1.53842E-3,-8.08441E-4,-1.20602E-3,-3.05507E-3,-4.17499E-3,-5.01868E-3,-5.54065E-3,-7.43905E-3,-7.13809E-3,-8.76829E-3,-9.69062E-3,-1.09044E-2,-1.12162E-2,-1.15382E-2,-1.15683E-2,-1.22807E-2,-1.10013E-2,-1.27834E-2,-9.22857E-3,-1.01115E-2,-8.52350E-3,-8.43998E-3,-7.94486E-3,-8.53275E-3,-8.51063E-3,-9.46245E-3,-6.38486E-3,-9.33894E-3,-7.89018E-3,-7.40160E-3,-7.62411E-3,-6.15303E-3,-7.79846E-3,-7.08509E-3,-6.66021E-3,-6.61411E-3,-4.54889E-3,-7.03559E-3,-5.68430E-3,-5.85847E-3,-5.27095E-3,-6.58728E-3,-5.37805E-3,-5.39139E-3,-5.21146E-3,-4.46637E-3,-4.95624E-3,-6.11789E-3,-5.04725E-3,-5.99593E-3,-5.52402E-3,-4.67239E-3,-4.21646E-3,-3.61640E-3,-3.39789E-3,-4.14265E-3,-4.79002E-3,-4.28680E-3,-4.20854E-3,-4.21485E-3,-4.88773E-3,-3.02242E-3,-3.13374E-3,-3.62765E-3,-3.54257E-3,-4.38511E-3,-2.98062E-3,-4.08944E-3,-3.74193E-3,-3.17437E-3,-3.57479E-3,-4.90501E-3,-3.78155E-3,-2.58960E-3,-2.80492E-3,-2.88255E-3,-3.70444E-3,-3.72557E-3,-4.08688E-3,-2.52746E-3,-2.86258E-3,-4.47275E-3,-2.59396E-3,-3.22937E-3,-2.23606E-3,-1.95768E-3,-2.61322E-3,-3.29703E-3,-3.18340E-3,-3.18304E-3,-3.40085E-3,-3.33737E-3,-3.74768E-3,-2.60626E-3,-1.77627E-3,-2.01777E-3,-2.21506E-3,-2.23923E-3,-2.66659E-3,-1.51505E-3,-1.56881E-3,-1.73500E-3,-3.00139E-3,-1.65452E-3,-1.31386E-3,-2.13117E-3,-2.32093E-3,-1.97535E-3,-5.78719E-4,-1.18634E-3,-1.05355E-3,-2.01197E-3,-2.48067E-4,-1.85432E-3,1.55441E-4,-1.30621E-3,-2.66356E-3,-1.51365E-3,-2.08922E-3,-1.14434E-3,-7.70680E-4,-1.08207E-3,-9.48971E-4,-7.25422E-4,-1.92449E-3,-2.26974E-3,-1.07538E-3,-1.97902E-3,-1.03902E-3,-1.82275E-3,-2.08934E-3,-2.17247E-3,-2.22229E-3,-2.43801E-3,-1.85395E-3,-1.80242E-3,-1.63732E-3,-2.88722E-3,-3.59153E-3,-1.97344E-3,-2.49585E-3,-2.49395E-3,-1.69461E-4,-1.16579E-3,-2.13981E-3,-2.40378E-3,-1.48559E-3,-2.60023E-3,-1.34205E-3
1.34855E+3,-3.63119E-4,1.08276E-3,-1.38433E-6,1.64133E-4,-2.20031E-4,-3.66498E-4,2.72528E-4,2.32465E-4,1.09963E-3,-9.57904E-4,-5.27998E-5,-1.17992E-4,-7.62241E-4,-6.04746E-4,5.95200E-4,6.77952E-4,-1.54002E-3,-9.99278E-4,-1.19280E-3,-8.22232E-4,-7.55492E-4,-3.34454E-3,-3.71385E-3,-5.12531E-3,-5.61314E-3,-8.15357E-3,-7.59136E-3,-8.73564E-3,-9.65414E-3,-1.09088E-2,-1.03776E-2,-1.17779E-2,-1.16583E-2,-1.17903E-2,-1.10841E-2,-1.19671E-2,-1.07523E-2,-1.01514E-2,-9.85084E-3,-8.61280E-3,-9.10083E-3,-8.65844E-3,-8.39622E-3,-8.16549E-3,-6.15236E-3,-8.83136E-3,-8.10360E-3,-7.84875E-3,-8.41573E-3,-6.52590E-3,-8.48463E-3,-7.19132E-3,-6.03979E-3,-6.69264E-3,-4.61815E-3,-6.51121E-3,-5.50341E-3,-5.13163E-3,-6.05683E-3,-5.38073E-3,-5.77302E-3,-5.27847E-3,-5.14367E-3,-4.70140E-3,-4.84431E-3,-5.06365E-3,-4.80303E-3,-6.25659E-3,-5.55039E-3,-4.85283E-3,-4.92572E-3,-4.18559E-3,-3.83639E-3,-5.35578E-3,-5.34082E-3,-4.69325E-3,-4.78374E-3,-2.54428E-3,-4.10387E-3,-3.31281E-3,-3.43876E-3,-4.23390E-3,-4.01401E-3,-3.62334E-3,-3.18993E-3,-3.84302E-3,-3.19059E-3,-3.46827E-3,-2.88353E-3,-4.04959E-3,-3.98966E-3,-3.60164E-3,-3.84389E-3,-2.14398E-3,-3.87862E-3,-3.77942E-3,-2.55693E-3,-2.32337E-3,-3.15308E-3,-4.12278E-3,-2.83637E-3,-2.94903E-3,-1.14288E-3,-1.86355E-3,-2.59856E-3,-2.48480E-3,-3.38494E-3,-2.97077E-3,-3.20264E-3,-2.85604E-3,-2.90685E-3,-2.72792E-3,-1.68700E-3,-3.04700E-3,-3.21096E-3,-1.43935E-3,-3.01842E-3,-2.78081E-3,-1.27061E-3,-2.50508E-3,-1.61835E-3,-2.49261E-3,3.80686E-4,-2.37538E-3,-2.86189E-3,-2.28029E-3,-1.05577E-3,-2.48145E-4,-1.82752E-3,-1.10673E-3,-4.18725E-4,-1.92073E-3,-1.56552E-3,-9.35909E-4,-1.52982E-3,-1.75021E-3,-1.53812E-3,-1.02771E-3,-6.28161E-4,-1.30370E-3,-1.75437E-3,-2.16970E-3,-1.62527E-3,-2.02764E-3,-1.17788E-3,-2.70890E-3,-1.32751E-3,-2.02535E-3,-2.21457E-3,-1.74233E-3,-1.90124E-3,-2.81414E-3,-1.99532E-3,-2.04912E-3,-6.53579E-4,-1.90857E-3,-3.12274E-3,-1.07752E-3,-1.50948E-3,-2.08677E-3,-2.48017E-4,-2.02921E-3,-1.51664E-3,-2.10230E-3,-1.88067E-3,-2.08819E-3,-2.17124E-3
1.35205E+3,8.73920E-5,3.11975E-5,1.34016E-3,-2.39395E-4,-4.89052E-5,-6.68614E-4,9.56863E-4,1.10597E-4,-3.49123E-4,-1.11546E-3,8.92865E-4,1.22611E-3,-5.33237E-4,-1.34150E-3,-3.48954E-4,3.66334E-4,1.15549E-5,-2.42823E-3,-1.37654E-3,-7.99233E-4,-4.54380E-4,-2.93376E-3,-4.28548E-3,-4.54991E-3,-5.57296E-3,-7.24724E-3,-7.49094E-3,-9.54678E-3,-9.46794E-3,-1.11638E-2,-1.10381E-2,-1.13906E-2,-1.13562E-2,-1.12070E-2,-1.17013E-2,-1.18862E-2,-1.02263E-2,-1.00587E-2,-8.77159E-3,-8.49233E-3,-8.70884E-3,-8.65717E-3,-8.64175E-3,-8.46753E-3,-6.06726E-3,-8.95367E-3,-8.38150E-3,-6.52731E-3,-8.16226E-3,-5.88068E-3,-7.66458E-3,-6.03534E-3,-6.80322E-3,-6.18227E-3,-5.40128E-3,-6.76421E-3,-5.57835E-3,-4.96799E-3,-5.20706E-3,-6.07921E-3,-5.43857E-3,-5.09032E-3,-4.34981E-3,-4.05314E-3,-5.19457E-3,-5.65732E-3,-4.42796E-3,-5.64298E-3,-5.45279E-3,-4.05992E-3,-4.52312E-3,-4.27300E-3,-4.79694E-3,-3.55254E-3,-4.96980E-3,-3.24123E-3,-4.04226E-3,-4.24417E-3,-4.78267E-3,-4.17988E-3,-3.89452E-3,-3.95295E-3,-3.82449E-3,-3.66503E-3,-2.55906E-3,-3.35740E-3,-3.71624E-3,-3.31757E-3,-3.44512E-3,-4.44218E-3,-3.58059E-3,-3.80295E-3,-3.82413E-3,-1.29763E-3,-2.80131E-3,-3.44360E-3,-2.77137E-3,-2.19936E-3,-2.44356E-3,-4.34029E-3,-2.63183E-3,-2.58279E-3,-2.00578E-3,-2.25245E-3,-2.29109E-3,-2.85521E-3,-2.58057E-3,-2.64976E-3,-2.48098E-3,-2.51933E-3,-2.78194E-3,-2.99902E-3,-1.83962E-3,-2.72780E-3,-2.03958E-3,-2.02234E-3,-2.61245E-3,-1.78872E-3,-1.33383E-3,-1.44204E-3,-1.86691E-3,-1.45814E-3,-1.09183E-3,-4.73548E-4,-3.27845E-3,-1.16383E-3,-8.30021E-5,-7.42393E-4,-1.51229E-3,-3.90325E-4,1.42443E-4,-1.36210E-3,-8.00856E-4,-1.97833E-4,-1.65642E-3,-1.73076E-3,-1.44979E-3,1.45934E-4,-4.74759E-4,-8.35769E-4,-1.65879E-3,-1.64614E-3,-2.15115E-3,-1.20973E-3,-8.30987E-4,-1.59878E-3,-1.31119E-3,-1.28291E-3,-2.45145E-3,-1.95245E-3,-2.49523E-3,-2.00080E-3,-2.40412E-3,-1.97585E-3,-2.64798E-4,-2.39293E-3,-3.55073E-3,-1.75996E-3,-1.28529E-3,-1.43080E-3,-1.28012E-3,-2.14827E-3,-2.24242E-3,-2.09249E-3,-1.60632E-3,-2.09130E-3,-3.37236E-4
1.35556E+3,-1.07876E-4,4.22179E-4,8.51178E-4,1.82896E-3,-5.85860E-4,-5.35919E-4,2.92159E-4,8.85266E-4,-7.78011E-4,-9.21903E-4,7.50858E-4,5.51531E-4,-8.80082E-4,-1.03009E-3,-7.42388E-4,2.47025E-4,-9.10841E-5,-3.69661E-3,-7.69594E-4,-1.15456E-3,-1.69759E-3,-3.59766E-3,-3.92678E-3,-4.96762E-3,-6.41823E-3,-7.55581E-3,-7.39510E-3,-8.78101E-3,-9.59229E-3,-1.09906E-2,-1.12464E-2,-1.24158E-2,-1.17057E-2,-1.22511E-2,-1.17729E-2,-1.11386E-2,-1.08788E-2,-1.07326E-2,-1.00330E-2,-8.75142E-3,-8.59754E-3,-9.14353E-3,-1.05045E-2,-8.74500E-3,-5.84535E-3,-9.52522E-3,-8.81183E-3,-7.84604E-3,-7.70348E-3,-6.79183E-3,-8.05996E-3,-6.81074E-3,-6.17348E-3,-6.22271E-3,-4.12645E-3,-6.37442E-3,-5.73700E-3,-5.11898E-3,-4.34592E-3,-6.33071E-3,-6.65019E-3,-5.92579E-3,-5.61560E-3,-4.50778E-3,-5.58972E-3,-5.94370E-3,-5.20747E-3,-6.06191E-3,-5.56911E-3,-4.28650E-3,-3.87144E-3,-3.97367E-3,-5.51857E-3,-4.31730E-3,-4.94828E-3,-4.32813E-3,-4.65832E-3,-5.25475E-3,-4.68679E-3,-3.84914E-3,-3.18997E-3,-3.43408E-3,-4.05607E-3,-3.38229E-3,-3.69638E-3,-4.82065E-3,-3.72412E-3,-3.97317E-3,-3.72053E-3,-5.44035E-3,-3.35305E-3,-2.48884E-3,-2.59463E-3,-2.29169E-3,-3.37164E-3,-3.37578E-3,-3.39838E-3,-2.08229E-3,-2.46490E-3,-4.34296E-3,-3.45963E-3,-3.73384E-3,-1.84077E-3,-1.80059E-3,-2.98046E-3,-3.26444E-3,-2.69539E-3,-3.48293E-3,-3.02371E-3,-2.64068E-3,-2.77710E-3,-3.13281E-3,-1.73673E-3,-3.19105E-3,-2.90871E-3,-1.63365E-3,-2.03149E-3,-2.73642E-3,-4.65372E-4,-2.24526E-3,-1.02474E-3,-2.35910E-3,-2.15304E-3,-2.34182E-3,-2.19958E-3,-2.25491E-3,-1.20625E-3,-1.48078E-4,-1.46643E-3,2.98377E-4,-1.05301E-3,-1.45782E-3,-1.02041E-3,-6.29378E-4,-1.62889E-3,-1.55365E-3,-1.04159E-3,-1.08761E-3,-1.38831E-3,-8.50798E-4,-1.52367E-3,-1.86278E-3,-2.94174E-3,-2.41199E-3,-2.34006E-3,-2.85605E-3,-1.53289E-3,-2.22567E-3,-2.50291E-3,-1.83161E-3,-2.52237E-3,-2.13833E-3,-8.55098E-4,-2.39909E-3,-1.45022E-3,-2.38782E-3,-2.66361E-3,-1.63094E-3,-1.65180E-3,-1.05022E-3,4.42690E-4,-2.77808E-3,-1.78286E-3,-2.39967E-3,-1.89878E-3,-2.58301E-3,-2.39824E-3
1.35906E+3,-4.60856E-6,5.37676E-4,1.33323E-3,1.71337E-4,-2.11301E-5,-5.81313E-4,1.51620E-3,1.13061E-3,1.04077E-3,-1.40494E-3,-4.48750E-4,-6.22109E-4,-6.90029E-4,-1.50307E-3,-4.53885E-4,5.98467E-4,-4.86888E-4,-2.10942E-3,-1.29174E-3,-1.13487E-3,-5.47304E-4,-3.69417E-3,-4.87641E-3,-4.83699E-3,-5.66003E-3,-8.47454E-3,-7.53948E-3,-9.65923E-3,-1.01749E-2,-1.07901E-2,-1.14625E-2,-1.21852E-2,-1.17818E-2,-1.24121E-2,-1.12246E-2,-1.19744E-2,-1.02987E-2,-1.01959E-2,-9.74184E-3,-8.38171E-3,-8.30063E-3,-9.62759E-3,-8.73071E-3,-9.06203E-3,-7.08876E-3,-9.87668E-3,-8.04135E-3,-8.76286E-3,-9.96100E-3,-7.17294E-3,-7.88535E-3,-7.07505E-3,-5.58096E-3,-6.25933E-3,-5.79039E-3,-6.76949E-3,-5.06942E-3,-4.30578E-3,-5.95990E-3,-6.11304E-3,-5.93480E-3,-5.15718E-3,-5.60350E-3,-4.64870E-3,-3.88472E-3,-5.71521E-3,-5.41210E-3,-5.54323E-3,-5.35596E-3,-4.61255E-3,-5.22913E-3,-4.20312E-3,-4.98169E-3,-5.27470E-3,-4.89695E-3,-3.56401E-3,-4.29007E-3,-3.39921E-3,-4.72697E-3,-3.49981E-3,-5.33362E-3,-3.42737E-3,-4.26449E-3,-4.03323E-3,-3.87512E-3,-4.17699E-3,-4.74755E-3,-3.25291E-3,-3.56013E-3,-5.13363E-3,-4.54178E-3,-2.67580E-3,-3.78220E-3,-2.54458E-3,-3.06917E-3,-2.59382E-3,-3.78601E-3,-2.28960E-3,-3.66130E-3,-4.42638E-3,-2.51867E-3,-2.19033E-3,-2.08349E-3,-3.07417E-3,-3.04064E-3,-3.93384E-3,-2.75499E-3,-3.34101E-3,-3.38140E-3,-3.11281E-3,-3.43289E-3,-2.83393E-3,-1.92845E-3,-2.17771E-3,-3.58543E-3,-1.20296E-3,-1.81828E-3,-2.31517E-3,-9.11880E-4,-2.99896E-3,-1.43141E-3,-1.51127E-3,-2.21427E-3,-2.28324E-3,-3.46176E-3,-1.27710E-3,-5.97647E-4,-3.05945E-4,-2.20249E-3,-2.36269E-3,-3.80324E-4,-9.26546E-4,-2.11967E-3,-9.93176E-4,-1.56295E-3,-1.72548E-3,-2.10777E-3,-1.17663E-3,-2.59473E-4,-1.09914E-3,-1.91298E-3,-1.47338E-3,-2.08699E-3,-1.42138E-3,-2.61117E-3,-2.90684E-3,-1.63293E-3,-2.09398E-3,-1.66806E-3,-2.28108E-3,-2.26064E-3,-2.47372E-3,-1.64024E-3,-2.97813E-3,-1.40087E-3,-3.53511E-3,-5.24626E-3,-1.63952E-3,-1.92724E-3,-1.56494E-3,-1.52907E-3,-2.00246E-3,-1.73551E-3,-2.07071E-3,-1.62973E-3,-3.69421E-3,-1.65331E-3
1.36257E+3,2.10922E-4,-7.88256E-4,6.17126E-4,5.26081E-4,-4.71480E-4,-1.05611E-3,1.39752E-3,1.15239E-4,5.33689E-4,-1.13131E-3,9.87446E-4,1.28579E-3,-4.60619E-4,-1.26614E-3,-4.99901E-4,-5.13768E-5,-5.54579E-4,-1.87381E-3,-2.05164E-3,-7.86378E-4,-1.27054E-3,-3.71984E-3,-4.45395E-3,-4.79819E-3,-5.33297E-3,-9.08231E-3,-8.41274E-3,-9.52125E-3,-1.01747E-2,-1.11163E-2,-1.16273E-2,-1.11643E-2,-1.14362E-2,-1.24234E-2,-1.20206E-2,-1.14900E-2,-1.12370E-2,-9.71187E-3,-1.01797E-2,-9.45958E-3,-7.80335E-3,-8.35842E-3,-9.13523E-3,-9.32661E-3,-7.19169E-3,-1.03628E-2,-8.81943E-3,-8.27121E-3,-8.26546E-3,-7.16471E-3,-7.64205E-3,-7.42670E-3,-6.14664E-3,-6.23847E-3,-5.26488E-3,-7.11149E-3,-6.99607E-3,-5.76355E-3,-5.13686E-3,-5.06814E-3,-6.07720E-3,-5.41990E-3,-4.90489E-3,-4.99419E-3,-5.08465E-3,-5.23427E-3,-5.42707E-3,-6.81420E-3,-5.87528E-3,-5.05800E-3,-4.75387E-3,-4.85131E-3,-4.47063E-3,-4.30918E-3,-4.46611E-3,-3.67185E-3,-5.15932E-3,-4.68853E-3,-4.46940E-3,-3.63008E-3,-3.82939E-3,-4.06247E-3,-5.69476E-3,-3.15974E-3,-3.80259E-3,-3.97627E-3,-4.36535E-3,-2.77172E-3,-3.13772E-3,-5.39732E-3,-3.29255E-3,-2.98926E-3,-3.24297E-3,-2.60293E-3,-4.29038E-3,-3.04382E-3,-2.13768E-3,-1.81222E-3,-4.00589E-3,-4.46317E-3,-3.39951E-3,-2.65963E-3,-1.66695E-3,-3.30810E-3,-2.14270E-3,-3.19302E-3,-3.63712E-3,-2.71300E-3,-3.15881E-3,-2.32841E-3,-2.49656E-3,-2.97196E-3,-2.13924E-3,-2.32301E-3,-2.50668E-3,-1.55009E-3,-3.76490E-3,-2.02308E-3,-9.72858E-4,-2.64988E-3,-6.75589E-4,-1.62853E-3,-2.67881E-3,-1.83241E-3,-2.55705E-3,-1.96543E-3,-1.40664E-3,-1.95063E-3,-1.49991E-3,-1.51975E-4,-4.37071E-4,-1.39519E-3,-1.69759E-3,-5.62479E-4,-9.96692E-4,-1.42283E-3,-1.67105E-3,-4.10330E-5,-1.24819E-3,-1.35482E-3,-2.59174E-3,-3.02491E-3,-1.35251E-3,-1.80635E-3,-1.04300E-3,-2.80215E-3,-1.00410E-3,-2.35419E-3,-2.63654E-3,-1.81754E-3,-1.99138E-3,-2.37078E-3,-3.77512E-4,-3.03305E-3,-7.34452E-5,-1.79520E-3,-3.36394E-3,-1.44580E-3,-9.31499E-4,-3.92604E-4,-4.05609E-4,-1.86308E-3,-2.58614E-3,-2.13200E-3,-9.70939E-4,-3.19310E-3,-2.36484E-3
1.36608E+3,6.19614E-4,2.38593E-4,1.14426E-3,3.90875E-4,8.46594E-5,-1.02914E-3,2.07920E-3,6.48413E-5,-6.64081E-4,5.05109E-4,1.98949E-4,-3.24953E-4,-9.24682E-4,-1.72042E-3,-6.62816E-4,3.22386E-4,1.55247E-3,-1.71330E-3,-1.32362E-3,-1.51611E-3,-1.93337E-3,-4.48288E-3,-5.58184E-3,-4.81586E-3,-5.83583E-3,-8.68274E-3,-8.78213E-3,-9.35443E-3,-9.81043E-3,-1.07277E-2,-1.15052E-2,-1.25598E-2,-1.16855E-2,-1.22152E-2,-1.17205E-2,-1.17088E-2,-1.14738E-2,-9.51886E-3,-9.52478E-3,-8.56746E-3,-9.01720E-3,-9.37022E-3,-9.25651E-3,-8.19059E-3,-5.91315E-3,-8.56141E-3,-7.99986E-3,-7.73679E-3,-8.61759E-3,-6.84670E-3,-8.38998E-3,-8.04760E-3,-6.71228E-3,-6.35873E-3,-5.79676E-3,-7.24180E-3,-6.08334E-3,-4.22309E-3,-6.20916E-3,-6.45779E-3,-5.33488E-3,-6.92251E-3,-4.50578E-3,-4.57584E-3,-4.87521E-3,-6.63922E-3,-4.86804E-3,-6.61924E-3,-5.84676E-3,-4.92229E-3,-4.87634E-3,-3.31755E-3,-5.03087E-3,-5.46953E-3,-5.44827E-3,-3.48189E-3,-5.32797E-3,-4.25082E-3,-3.64102E-3,-3.80019E-3,-5.53403E-3,-3.03591E-3,-5.30445E-3,-4.67706E-3,-3.54442E-3,-3.70306E-3,-4.24342E-3,-2.40002E-3,-2.45267E-3,-5.23068E-3,-3.89115E-3,-3.79441E-3,-3.26792E-3,-2.25168E-3,-3.39775E-3,-1.89310E-3,-3.40934E-3,-2.37871E-3,-3.43731E-3,-3.85696E-3,-2.22511E-3,-3.00693E-3,-2.64622E-3,-3.56438E-3,-2.47967E-3,-3.31843E-3,-2.55487E-3,-2.60891E-3,-2.99122E-3,-4.35338E-3,-3.51607E-3,-3.66252E-3,-2.74015E-3,-2.24759E-3,-2.59150E-3,-1.59625E-3,-2.00310E-3,-2.49895E-3,-1.07616E-3,-2.09661E-3,-5.27683E-4,-2.27780E-3,-1.11088E-3,-1.43776E-3,-2.84264E-3,-1.34068E-3,-1.05846E-3,1.70295E-4,-2.24079E-3,-2.69777E-4,-6.86115E-4,-2.04096E-3,-1.67668E-3,-7.58599E-4,-1.91376E-3,-1.65904E-3,-1.36365E-3,-8.31754E-4,-4.84143E-4,-1.49042E-3,-1.53109E-3,-3.49438E-3,-1.32161E-3,-7.14225E-4,-3.19137E-3,-2.89565E-3,2.09029E-4,-2.88018E-3,-1.27632E-3,-2.95250E-3,-2.72855E-3,-3.42796E-3,-2.29124E-3,-3.27094E-3,-1.21637E-3,-1.84442E-3,-4.26250E-3,-1.78448E-3,-1.58502E-3,-2.48144E-3,-1.84183E-3,-2.71215E-3,-1.62635E-3,-3.04821E-3,-2.29572E-3,-1.54127E-3,-2.33052E-3
1.36959E+3,1.40824E-3,5.63204E-4,2.46114E-4,7.55057E-4,-7.58202E-4,-4.90422E-4,1.18788E-3,1.84551E-4,3.39433E-4,-1.43297E-3,1.12882E-3,5.41218E-5,-1.61999E-3,-1.16589E-3,-3.99943E-4,-1.93244E-4,-1.42692E-3,-2.44357E-3,-8.89545E-4,-1.30741E-3,-1.76273E-3,-3.83505E-3,-3.74031E-3,-5.37336E-3,-5.13285E-3,-8.90466E-3,-7.73529E-3,-9.92443E-3,-1.01788E-2,-1.02414E-2,-1.09240E-2,-1.20624E-2,-1.27757E-2,-1.20884E-2,-1.17943E-2,-1.18897E-2,-1.03322E-2,-1.12140E-2,-9.52910E-3,-8.75788E-3,-7.53564E-3,-9.17801E-3,-7.77727E-3,-8.75652E-3,-6.97557E-3,-8.05682E-3,-8.48465E-3,-7.42711E-3,-8.57129E-3,-5.76636E-3,-7.85500E-3,-7.85529E-3,-6.42281E-3,-6.43242E-3,-4.99354E-3,-7.38334E-3,-4.78421E-3,-4.84353E-3,-4.37476E-3,-6.80165E-3,-6.34843E-3,-5.66541E-3,-4.18400E-3,-3.86243E-3,-4.89865E-3,-6.05091E-3,-5.69253E-3,-6.39243E-3,-5.07681E-3,-4.93353E-3,-5.00722E-3,-4.51380E-3,-5.13012E-3,-5.78130E-3,-4.55236E-3,-4.11697E-3,-4.43351E-3,-3.80656E-3,-4.15976E-3,-4.57877E-3,-3.47591E-3,-2.71725E-3,-4.88197E-3,-4.10943E-3,-2.83447E-3,-4.29623E-3,-4.65495E-3,-2.65685E-3,-2.96963E-3,-5.38980E-3,-3.54157E-3,-3.21260E-3,-2.14913E-3,-3.33932E-3,-2.61875E-3,-4.16430E-3,-2.69256E-3,-2.12567E-3,-3.41769E-3,-4.50013E-3,-2.38359E-3,-2.51731E-3,-2.49302E-3,-3.65250E-3,-3.72521E-3,-3.32186E-3,-3.93146E-3,-2.70317E-3,-3.18842E-3,-2.89752E-3,-3.45854E-3,-3.40706E-3,-2.48080E-3,-3.71170E-3,-3.25301E-3,-1.41642E-3,-3.25947E-3,-1.64424E-3,-9.15595E-4,-2.16959E-3,-1.99647E-3,-1.90031E-3,-9.14646E-4,-1.85482E-3,-2.51558E-3,-1.42810E-3,-1.15456E-4,-4.98312E-4,-5.20424E-4,-7.15366E-4,-8.60855E-4,-2.21058E-3,-1.37012E-3,-1.72259E-3,-1.28748E-3,-9.41853E-4,-1.20843E-3,-3.05029E-4,-6.65937E-4,-2.07427E-3,-2.28082E-3,-1.09543E-3,-8.19213E-4,-1.86733E-3,-2.14559E-3,-2.45320E-3,-1.25940E-3,-1.48577E-3,-2.47382E-3,-3.40390E-3,-1.64502E-3,-2.78423E-3,-1.61077E-3,-2.52136E-3,-1.03186E-3,-2.07436E-3,-3.12394E-3,-1.62000E-3,-1.02687E-3,-2.22681E-3,-3.19516E-4,-3.30473E-3,-2.30901E-3,-2.62395E-3,-7.95517E-4,-2.87203E-3,-2.70456E-3
1.37310E+3,1.13148E-4,-2.43834E-4,3.41018E-4,-8.26833E-5,2.87626E-4,-3.41368E-5,2.15965E-3,5.11515E-4,1.00418E-3,-1.24609E-3,-4.82359E-4,-3.19510E-5,-1.03958E-3,-1.12764E-3,-1.28864E-4,-3.93733E-4,1.79223E-4,-2.05233E-3,-1.58927E-3,-1.26541E-3,-1.77845E-3,-4.27091E-3,-5.02397E-3,-4.90638E-3,-5.42812E-3,-9.28169E-3,-7.11270E-3,-9.96499E-3,-1.05398E-2,-1.10413E-2,-1.23075E-2,-1.24194E-2,-1.26628E-2,-1.21850E-2,-1.14020E-2,-1.18863E-2,-1.13684E-2,-1.16190E-2,-9.02317E-3,-1.05489E-2,-9.25474E-3,-1.11100E-2,-1.01287E-2,-9.76931E-3,-6.63566E-3,-9.42321E-3,-7.35004E-3,-8.86163E-3,-8.10878E-3,-8.21659E-3,-8.47007E-3,-6.85732E-3,-6.93152E-3,-7.29590E-3,-5.94544E-3,-7.49681E-3,-6.74477E-3,-4.98723E-3,-5.36303E-3,-6.29724E-3,-5.89370E-3,-6.44774E-3,-5.47007E-3,-5.14361E-3,-5.06156E-3,-7.01439E-3,-5.78745E-3,-6.09011E-3,-5.54891E-3,-5.11650E-3,-3.74185E-3,-3.30768E-3,-5.14605E-3,-4.28791E-3,-5.08364E-3,-3.99253E-3,-4.11453E-3,-5.26410E-3,-4.17629E-3,-3.55268E-3,-3.96791E-3,-3.52398E-3,-4.10349E-3,-3.65321E-3,-3.49653E-3,-3.31343E-3,-3.73111E-3,-3.07206E-3,-3.40614E-3,-4.08645E-3,-4.82452E-3,-3.30645E-3,-3.17307E-3,-3.61108E-3,-4.00123E-3,-3.52456E-3,-2.66164E-3,-2.15931E-3,-1.43522E-3,-4.11303E-3,-2.73159E-3,-3.04422E-3,-1.51820E-3,-4.29743E-3,-2.58181E-3,-2.60001E-3,-2.35369E-3,-1.33928E-3,-2.66146E-3,-3.22721E-3,-2.94913E-3,-2.74035E-3,-1.95453E-3,-2.87201E-3,-2.17772E-3,-6.66366E-4,-2.99750E-3,-2.83181E-3,-1.38887E-4,-1.00004E-3,-1.37503E-3,-3.00501E-3,-1.46209E-3,-2.38139E-3,-3.25827E-3,-1.04084E-3,-3.60227E-4,-1.14241E-3,-1.03267E-3,-2.05542E-3,-8.31834E-4,-1.98618E-3,-2.71951E-3,-6.80994E-4,-1.64039E-3,-1.91674E-3,-1.82097E-3,-1.88898E-3,-2.41575E-3,-1.42814E-3,-1.91717E-3,-1.51430E-3,-1.19555E-3,-1.40659E-3,-3.02238E-3,-2.35463E-3,-1.01701E-3,-1.31098E-3,-2.53815E-3,-2.81401E-3,-3.13943E-3,-3.06012E-3,-2.10196E-3,-1.72001E-3,-1.07521E-3,-1.10815E-3,-2.70431E-3,-1.84888E-3,-1.53867E-3,-1.42950E-3,-8.06891E-4,-2.21885E-3,-2.00228E-3,-2.29814E-3,-1.60127E-3,-1.74941E-3,-2.12683E-3
1.37661E+3,7.80040E-4,9.00330E-4,1.28906E-3,4.22300E-4,1.98668E-4,-6.08192E-4,1.84831E-4,9.67404E-5,8.77822E-4,-1.86957E-3,-4.77419E-4,6.98169E-4,-6.85688E-4,-1.87819E-3,7.10970E-5,2.67834E-5,-1.79407E-3,-2.12000E-3,-1.97714E-3,-2.26449E-3,-3.24323E-3,-4.67158E-3,-3.55261E-3,-5.88005E-3,-6.55006E-3,-9.47384E-3,-8.48002E-3,-1.00715E-2,-1.11462E-2,-1.26402E-2,-1.32778E-2,-1.29759E-2,-1.34158E-2,-1.40707E-2,-1.30083E-2,-1.24234E-2,-1.14383E-2,-1.11632E-2,-1.16312E-2,-1.07581E-2,-8.29500E-3,-1.04248E-2,-9.99670E-3,-1.04426E-2,-6.92386E-3,-1.07254E-2,-7.51513E-3,-8.51327E-3,-1.05341E-2,-8.54503E-3,-8.75671E-3,-8.36408E-3,-7.61868E-3,-7.56194E-3,-5.40652E-3,-8.67122E-3,-7.47475E-3,-6.53235E-3,-5.80015E-3,-5.56636E-3,-6.19000E-3,-7.90530E-3,-6.11904E-3,-5.59365E-3,-5.63810E-3,-6.80695E-3,-5.77461E-3,-6.63068E-3,-6.48026E-3,-5.32406E-3,-4.63435E-3,-4.52656E-3,-6.37173E-3,-5.78327E-3,-5.81476E-3,-4.37067E-3,-5.72776E-3,-5.98196E-3,-5.78175E-3,-5.11794E-3,-4.55031E-3,-4.73463E-3,-5.01964E-3,-4.31870E-3,-5.25939E-3,-4.35317E-3,-4.37484E-3,-5.21085E-3,-4.21348E-3,-5.90522E-3,-5.03685E-3,-3.17903E-3,-3.43183E-3,-3.69827E-3,-2.27225E-3,-2.47697E-3,-3.37696E-3,-2.42221E-3,-4.87043E-3,-5.60348E-3,-3.67653E-3,-2.37582E-3,-3.32459E-3,-4.56742E-3,-2.32328E-3,-3.48768E-3,-3.49234E-3,-2.78010E-3,-3.32950E-3,-3.26254E-3,-3.70966E-3,-2.63609E-3,-2.52893E-3,-3.95165E-3,-3.10214E-3,-1.84562E-3,-3.01621E-3,-2.10392E-3,-2.99549E-3,-2.47039E-3,-1.73890E-3,-2.80100E-3,-1.42488E-3,-1.85161E-3,-4.59554E-3,-9.56678E-4,-2.35535E-4,-8.60802E-4,-2.64852E-3,-2.46777E-3,-4.42793E-4,-1.08411E-3,-2.34974E-3,-1.16974E-3,-2.47208E-3,-2.28163E-3,-2.37581E-3,-1.39097E-3,-1.61268E-4,-1.57755E-3,-2.16411E-3,-2.87014E-3,-1.05909E-3,-1.95313E-3,-3.17558E-3,-2.40442E-3,-1.67216E-3,-1.55741E-3,-1.57480E-3,-2.30179E-3,-2.41659E-3,-2.14796E-3,-2.09172E-3,-2.68630E-3,-1.20473E-3,-3.57252E-3,-2.45288E-3,-2.87366E-3,-8.04064E-4,-1.61055E-3,-1.73442E-3,-2.40347E-3,-2.14366E-3,-2.99865E-3,-9.53819E-4,-2.81708E-3,-2.31753E-3
1.38012E+3,2.78035E-4,7.90597E-4,1.14864E-3,-1.06550E-3,6.60599E-5,-7.41377E-4,2.11149E-3,6.19710E-4,2.00313E-4,-1.29315E-3,1.37370E-4,6.25080E-5,1.86485E-6,-1.19650E-3,-1.12007E-3,1.45104E-3,-3.35910E-5,-2.56392E-3,-7.28269E-4,-2.10027E-3,-2.06323E-3,-4.87318E-3,-3.59251E-3,-5.59871E-3,-6.78722E-3,-9.37392E-3,-8.25627E-3,-9.18792E-3,-1.11537E-2,-1.18691E-2,-1.24302E-2,-1.23025E-2,-1.27874E-2,-1.22739E-2,-1.18777E-2,-1.27145E-2,-1.16643E-2,-1.04834E-2,-1.06466E-2,-1.00908E-2,-8.35359E-3,-9.00802E-3,-1.01530E-2,-9.70642E-3,-6.21113E-3,-1.06358E-2,-7.51162E-3,-9.12174E-3,-9.75861E-3,-8.21245E-3,-8.76726E-3,-7.47525E-3,-8.85880E-3,-7.72367E-3,-5.06791E-3,-8.63716E-3,-5.33642E-3,-6.60861E-3,-5.94849E-3,-6.86023E-3,-4.96059E-3,-7.49733E-3,-6.32297E-3,-4.52630E-3,-5.25966E-3,-6.33098E-3,-5.48534E-3,-7.17437E-3,-4.81477E-3,-4.34193E-3,-4.95712E-3,-4.70629E-3,-4.47848E-3,-6.51916E-3,-4.99058E-3,-5.45848E-3,-4.41881E-3,-6.12238E-3,-5.70329E-3,-3.45259E-3,-4.39899E-3,-4.12871E-3,-5.82293E-3,-4.77712E-3,-4.11294E-3,-5.77259E-3,-4.28477E-3,-3.15978E-3,-3.12984E-3,-5.62449E-3,-4.27207E-3,-3.67507E-3,-3.69084E-3,-2.36954E-3,-4.55703E-3,-3.06831E-3,-4.39106E-3,-2.21127E-3,-4.08064E-3,-4.54658E-3,-3.47778E-3,-3.09760E-3,-1.77616E-3,-3.10269E-3,-2.07730E-3,-2.68943E-3,-3.34071E-3,-3.06501E-3,-3.43136E-3,-2.61875E-3,-2.18825E-3,-3.86462E-3,-2.42317E-3,-2.80221E-3,-3.34534E-3,-4.79309E-4,-2.73868E-3,-1.18373E-3,-3.97779E-4,-1.40104E-3,-1.96595E-3,-1.54002E-3,-1.48210E-3,-1.86598E-3,-2.81179E-3,-1.47639E-3,-1.37583E-3,-4.62683E-4,-9.62931E-4,-1.95514E-3,1.00284E-3,-1.25642E-3,-2.28926E-3,-6.76049E-4,-1.76715E-3,-2.37303E-3,-1.49350E-3,-7.89244E-4,-6.67209E-4,-1.23089E-3,-2.49765E-3,-2.36986E-3,-1.92973E-3,-8.70958E-4,-2.46423E-3,-2.76080E-3,-1.56514E-3,-8.67583E-4,-1.99450E-3,-1.14329E-3,-2.54037E-3,-1.35097E-3,-3.37654E-3,-2.57729E-3,-9.95414E-4,-2.38088E-3,-2.73200E-3,-1.02092E-3,-1.33868E-3,-1.41380E-3,-7.70241E-4,-3.35273E-3,-1.47073E-3,-3.68596E-3,-1.99742E-3,-3.09114E-3,-1.94510E-3
1.38363E+3,-1.09587E-3,1.35877E-3,-2.72610E-4,2.31328E-4,-3.38822E-4,-1.65331E-3,2.41772E-3,1.55944E-4,9.28850E-4,1.73520E-4,7.78947E-4,4.45832E-4,-8.83560E-4,-1.66421E-3,-5.82526E-4,8.00198E-4,-6.45534E-4,-3.30685E-3,-1.40089E-3,-1.87723E-3,-3.50599E-3,-5.70728E-3,-3.71022E-3,-4.83311E-3,-6.53233E-3,-9.26521E-3,-8.70662E-3,-1.02295E-2,-1.06367E-2,-1.17750E-2,-1.20410E-2,-1.23163E-2,-1.29093E-2,-1.25053E-2,-1.32399E-2,-1.16385E-2,-1.17296E-2,-1.07211E-2,-9.01814E-3,-9.27920E-3,-6.42770E-3,-1.07618E-2,-8.72405E-3,-8.56729E-3,-7.56837E-3,-9.39597E-3,-9.84563E-3,-9.56748E-3,-9.58386E-3,-9.20550E-3,-8.84821E-3,-9.41121E-3,-7.39400E-3,-7.19907E-3,-3.99932E-3,-8.78765E-3,-7.06975E-3,-5.54414E-3,-6.55288E-3,-6.28591E-3,-5.37647E-3,-8.09583E-3,-5.39614E-3,-4.49208E-3,-5.43289E-3,-6.09391E-3,-6.46493E-3,-5.44266E-3,-5.52352E-3,-5.64738E-3,-6.40862E-3,-3.65310E-3,-5.51382E-3,-5.28140E-3,-5.27738E-3,-5.38549E-3,-3.40785E-3,-3.61042E-3,-4.67867E-3,-4.68626E-3,-4.89062E-3,-3.19216E-3,-3.85734E-3,-3.94926E-3,-4.17947E-3,-4.45496E-3,-3.27825E-3,-3.84443E-3,-2.82410E-3,-6.09770E-3,-3.96627E-3,-3.55984E-3,-3.41469E-3,-3.50082E-3,-3.30865E-3,-4.78617E-3,-2.90916E-3,-2.26571E-3,-3.63695E-3,-5.05508E-3,-4.00591E-3,-2.16544E-3,-2.98736E-4,-4.02973E-3,-3.41806E-3,-4.59567E-3,-3.79830E-3,-3.36013E-3,-3.56801E-3,-3.67760E-3,-3.30134E-3,-2.12239E-3,-2.36766E-3,-1.67961E-3,-2.42039E-3,-2.43875E-3,-2.13385E-3,-1.42998E-3,-1.13307E-3,-2.76949E-3,-2.83889E-3,-2.42253E-3,-1.49778E-5,-2.81368E-3,-3.43618E-3,-1.24131E-3,-3.86872E-4,2.49697E-4,-1.91947E-3,-2.16713E-3,-1.02245E-3,-2.03844E-3,-1.50616E-3,7.08204E-4,-6.46761E-4,-2.96046E-3,-2.54939E-3,-1.57175E-3,-2.08886E-3,-1.43577E-3,-1.41385E-3,-2.04826E-3,-1.01405E-3,-2.11810E-3,-1.45343E-3,-2.96292E-3,-2.06087E-3,-5.36312E-5,-1.42449E-3,-1.87992E-3,-1.74530E-3,-3.02275E-3,-1.81087E-3,-2.86745E-3,-2.06288E-3,-3.03650E-3,-3.84138E-3,-2.12969E-3,3.10514E-4,-1.21065E-3,-1.15287E-3,-2.97286E-3,-2.43836E-3,-6.32736E-4,-2.03702E-3,-3.60595E-3,-2.52079E-3
1.38714E+3,-2.26296E-4,5.38160E-4,3.70098E-4,1.15075E-6,-4.39775E-5,-6.77455E-4,8.64624E-4,-1.00993E-3,1.74674E-3,-1.46527E-3,1.10678E-3,1.66267E-3,-5.81792E-4,-1.85925E-3,-4.26247E-4,1.44414E-3,-4.26572E-4,-1.50905E-3,3.37002E-4,-2.65940E-3,-3.91635E-3,-3.56557E-3,-4.69716E-3,-6.52698E-3,-6.90288E-3,-9.71030E-3,-8.78267E-3,-1.07252E-2,-1.00391E-2,-1.10060E-2,-1.18299E-2,-1.27688E-2,-1.25125E-2,-1.23495E-2,-1.17770E-2,-1.10690E-2,-1.13682E-2,-1.10644E-2,-1.09710E-2,-1.00162E-2,-7.36740E-3,-1.07136E-2,-8.45374E-3,-9.86806E-3,-6.08577E-3,-8.73146E-3,-8.38818E-3,-1.03923E-2,-9.44069E-3,-7.43764E-3,-9.10916E-3,-8.46659E-3,-7.62491E-3,-7.66126E-3,-5.19350E-3,-7.98801E-3,-5.45021E-3,-4.15046E-3,-4.97294E-3,-6.56991E-3,-4.85137E-3,-6.30230E-3,-4.59516E-3,-4.24665E-3,-4.31852E-3,-5.81872E-3,-5.89171E-3,-4.96707E-3,-6.35277E-3,-5.04650E-3,-4.54348E-3,-4.19220E-3,-3.96407E-3,-5.00504E-3,-3.53385E-3,-5.20484E-3,-4.13462E-3,-3.77222E-3,-5.93366E-3,-3.96818E-3,-5.31625E-3,-2.76639E-3,-3.60326E-3,-5.14173E-3,-4.22934E-3,-4.77961E-3,-3.58879E-3,-3.73177E-3,-2.43322E-3,-5.02357E-3,-2.58294E-3,-2.15256E-3,-1.83759E-3,-2.82675E-3,-4.76504E-3,-1.25352E-3,-4.60149E-3,-4.02027E-3,-3.10314E-3,-4.05629E-3,-3.50193E-3,-1.39744E-3,-3.33901E-3,-2.55980E-3,-1.23818E-3,-5.08495E-3,-4.06352E-3,-1.52027E-3,-2.38776E-3,-2.83342E-3,-2.92619E-3,-2.10276E-3,-1.23717E-3,-1.19601E-3,-1.56997E-3,-1.44430E-3,-2.36740E-3,-2.17905E-4,-7.80968E-4,-3.24872E-3,-1.75824E-3,-1.54107E-3,-1.17595E-3,-2.58136E-3,-2.27750E-3,-8.85539E-4,1.62934E-4,-1.23459E-3,-1.64138E-3,8.16821E-4,3.96656E-4,-7.73724E-4,-1.16962E-3,-7.30340E-4,-1.94679E-3,-1.27443E-3,-1.39003E-3,-3.39502E-3,-8.32820E-4,-1.33644E-3,-2.58744E-3,-1.68691E-3,-1.63915E-3,-1.59935E-3,-1.59248E-3,-1.93494E-3,-1.69156E-3,-2.45705E-3,-3.09354E-3,-2.61138E-3,-3.47912E-3,-1.80951E-3,-2.21885E-3,-2.31615E-3,-1.34268E-3,-2.05376E-3,-2.35755E-3,-2.05270E-3,-1.63645E-4,-1.04557E-3,-1.52780E-5,-6.90973E-3,-7.81114E-4,-1.83708E-3,-1.70096E-3,-2.87274E-3,-2.12755E-3
1.39065E+3,-5.77465E-4,9.03161E-4,2.34140E-3,-1.12791E-5,1.88096E-4,-1.48048E-3,3.61514E-4,-2.27202E-4,1.96364E-3,-1.44435E-3,2.79751E-4,-1.92566E-4,-9.79159E-4,-5.92719E-4,-5.32346E-4,1.73139E-3,4.04885E-4,-1.34298E-3,-1.06443E-3,-1.13150E-3,-3.82237E-3,-3.12686E-3,-3.49335E-3,-4.47621E-3,-6.22408E-3,-8.44863E-3,-7.89478E-3,-9.66568E-3,-9.32296E-3,-1.26329E-2,-1.21154E-2,-1.20479E-2,-1.32170E-2,-1.31154E-2,-1.19214E-2,-1.24516E-2,-1.17321E-2,-9.82156E-3,-1.02070E-2,-8.40955E-3,-6.87300E-3,-1.00247E-2,-1.03880E-2,-8.45245E-3,-5.89934E-3,-7.98367E-3,-7.98451E-3,-8.54243E-3,-9.08578E-3,-6.59321E-3,-7.83066E-3,-5.25441E-3,-6.90902E-3,-7.34507E-3,-4.06667E-3,-6.34528E-3,-5.19181E-3,-3.93373E-3,-5.34776E-3,-5.76793E-3,-5.38564E-3,-6.21113E-3,-4.69225E-3,-4.36092E-3,-5.56269E-3,-6.29436E-3,-4.08088E-3,-4.96567E-3,-4.65619E-3,-3.96575E-3,-3.40283E-3,-4.19109E-3,-4.42359E-3,-6.01916E-3,-5.40355E-3,-3.89804E-3,-4.34132E-3,-2.18394E-3,-6.48246E-3,-4.88730E-3,-5.14337E-3,-2.58294E-3,-4.88727E-3,-4.43796E-3,-3.22096E-3,-4.64337E-3,-3.83425E-3,-4.70166E-3,-1.80225E-3,-4.20812E-3,-3.84740E-3,-2.00484E-3,-1.67509E-3,-2.84155E-3,-1.81563E-3,-3.25693E-3,-2.72560E-3,-1.47896E-3,-1.78709E-3,-3.51044E-3,-1.85564E-3,-1.56043E-3,-2.86161E-4,-2.16326E-3,-2.40249E-3,-4.09280E-3,-2.71099E-3,-2.09031E-3,-2.30950E-3,-2.09448E-3,-2.04739E-3,-2.34664E-3,-8.36321E-4,-3.94499E-4,-1.92230E-3,-1.30026E-3,-1.63024E-4,-2.79482E-3,-8.05643E-4,-6.99655E-4,-4.26158E-4,-1.14504E-3,-1.58079E-3,-1.25505E-3,-2.09878E-3,-3.07933E-5,1.03901E-3,1.45142E-3,-4.45014E-4,-7.99486E-4,6.97631E-4,-2.27633E-3,-5.66532E-4,-4.25766E-4,-2.10132E-3,-9.84494E-4,-1.47381E-3,-5.27078E-4,-1.27097E-3,-4.36213E-4,-2.10817E-3,-1.24428E-3,-1.65625E-4,-1.72129E-3,-3.45324E-3,-1.74171E-3,-2.13593E-3,-1.90774E-3,-1.50107E-3,-3.01209E-3,-2.83150E-3,-2.83575E-3,8.52961E-5,-2.15263E-3,-9.34148E-4,-1.77731E-3,-3.83075E-3,-3.12084E-3,-1.00672E-4,-1.01108E-3,5.16811E-4,-2.22062E-3,8.80129E-6,-2.19565E-3,-1.22382E-3,-2.11580E-3,-2.14562E-3
1.39416E+3,-8.06711E-5,4.81782E-4,-1.56759E-3,-1.30711E-5,4.51080E-4,-1.44490E-3,3.80157E-3,-7.93480E-4,1.82091E-3,-1.77428E-4,7.75709E-4,2.29048E-4,-9.80836E-4,-2.14832E-3,-3.53802E-4,-6.24595E-4,-1.40066E-3,-7.07615E-4,-1.46273E-3,-2.99096E-3,-3.15222E-3,-4.88172E-3,-4.22288E-3,-3.78771E-3,-6.46129E-3,-9.47328E-3,-8.28717E-3,-9.89427E-3,-1.09593E-2,-1.30911E-2,-1.21158E-2,-1.18367E-2,-1.34660E-2,-1.31470E-2,-1.22481E-2,-1.14900E-2,-1.23855E-2,-9.02057E-3,-1.11197E-2,-9.02025E-3,-8.95028E-3,-9.68698E-3,-8.55365E-3,-9.92565E-3,-8.87397E-3,-9.90695E-3,-8.91265E-3,-9.42492E-3,-9.33666E-3,-9.15876E-3,-9.72653E-3,-8.71286E-3,-6.90873E-3,-7.24562E-3,-5.24884E-3,-8.49425E-3,-6.16771E-3,-4.60957E-3,-4.92323E-3,-6.19561E-3,-6.70414E-3,-7.20479E-3,-4.67959E-3,-6.25501E-3,-5.60462E-3,-5.00106E-3,-4.90461E-3,-7.35217E-3,-7.85910E-3,-4.78389E-3,-5.89871E-3,-5.59684E-3,-4.00867E-3,-4.74448E-3,-4.98479E-3,-5.60757E-3,-3.62793E-3,-4.18570E-3,-4.69933E-3,-5.09674E-3,-3.22594E-3,-4.23776E-3,-4.39249E-3,-2.87955E-3,-4.12857E-3,-4.23494E-3,-3.64897E-3,-3.42786E-3,-1.75848E-3,-4.66540E-3,-3.61911E-3,-4.24775E-3,-3.47096E-3,-2.59353E-3,-3.25406E-3,-4.21676E-3,-3.57224E-3,-2.70299E-3,-4.66433E-3,-3.89776E-3,-3.34177E-3,-1.68555E-3,-2.16554E-3,-4.48117E-3,-2.78236E-3,-2.18522E-3,-3.03263E-3,-2.56776E-3,-2.79994E-3,-4.28493E-3,-2.51223E-3,-3.57694E-3,-2.11237E-3,-2.61596E-3,-2.16658E-3,-8.86953E-4,-3.08400E-3,-9.36324E-4,-8.14801E-4,-2.34061E-3,-2.71374E-3,-2.21408E-3,-3.80873E-3,-2.40066E-3,-3.87150E-3,-1.07976E-3,-1.63715E-3,-1.97891E-3,-2.71756E-3,-1.23876E-3,-1.05826E-3,-6.14490E-4,-7.21292E-4,-1.75717E-4,-2.35226E-3,-1.46998E-3,-5.08900E-4,-1.36084E-3,-2.35356E-3,-1.73234E-3,-4.59255E-3,-8.90322E-4,-5.84688E-4,-2.44258E-3,-2.91615E-3,-2.52899E-3,-1.97404E-3,-1.38139E-3,-5.23836E-4,-2.46963E-3,-3.33686E-3,-2.60965E-3,-1.90672E-3,-3.39182E-3,-1.58487E-3,-8.11310E-4,-2.94139E-3,-1.72119E-3,-2.03550E-3,-1.87618E-3,1.16178E-3,-2.25057E-3,-1.36424E-3,-1.77741E-3,-2.02730E-3,-2.68547E-3,-9.20139E-4
1.39768E+3,9.40989E-4,1.21311E-3,3.89512E-4,-2.43534E-4,9.58484E-4,-1.54994E-3,1.14026E-3,9.06183E-5,1.71898E-4,-1.51407E-3,3.90533E-4,-9.29022E-5,-2.00650E-3,-6.83805E-4,7.95358E-4,-1.18104E-4,5.53904E-4,-2.72736E-3,-5.49492E-4,-2.65123E-3,-3.55409E-3,-3.62007E-3,-2.55299E-3,-4.86851E-3,-5.68312E-3,-1.02467E-2,-8.40774E-3,-1.00219E-2,-9.78042E-3,-1.23913E-2,-1.14899E-2,-1.35654E-2,-1.25934E-2,-1.36027E-2,-1.15995E-2,-1.21324E-2,-1.14629E-2,-9.29068E-3,-8.27378E-3,-7.44219E-3,-8.48084E-3,-8.87029E-3,-1.05876E-2,-8.35017E-3,-6.05984E-3,-9.04714E-3,-9.36416E-3,-8.19118E-3,-8.47741E-3,-7.69524E-3,-9.88843E-3,-5.66159E-3,-7.77826E-3,-7.17393E-3,-7.45256E-3,-7.07054E-3,-5.76997E-3,-4.91029E-3,-4.74389E-3,-5.58885E-3,-4.81009E-3,-7.31458E-3,-3.68395E-3,-2.72387E-3,-4.32366E-3,-4.29068E-3,-5.35338E-3,-5.96556E-3,-3.76881E-3,-4.92986E-3,-3.98211E-3,-3.16279E-3,-5.32431E-3,-5.92498E-3,-5.94900E-3,-4.34274E-3,-4.79576E-3,-1.89715E-3,-4.72866E-3,-6.11115E-3,-3.74280E-3,-3.65395E-3,-3.67332E-3,-3.11859E-3,-2.61973E-3,-3.66569E-3,-4.82251E-3,-4.85039E-3,-2.94336E-3,-5.43596E-3,-3.70484E-3,-3.14472E-3,-2.30683E-3,-4.31715E-3,-2.77949E-3,-1.39906E-3,-3.79942E-3,-2.68280E-3,-5.84693E-3,-3.27404E-3,-2.23484E-3,-2.69134E-3,-6.28435E-4,-2.56430E-3,-2.95400E-3,-3.83657E-3,-3.25376E-3,-2.32326E-3,-1.66812E-3,-3.39603E-3,-2.94662E-3,-3.39829E-3,-2.83027E-3,-1.57532E-3,-8.21514E-4,9.91663E-4,-3.48922E-3,-1.26914E-3,-4.69004E-4,-2.74789E-3,-2.00013E-3,-2.02295E-3,-1.81604E-3,-3.58140E-3,-1.78941E-3,-1.13839E-3,-6.84131E-4,-8.57548E-4,4.82221E-4,-1.62570E-4,-2.14220E-4,-7.95806E-4,-1.21632E-3,3.80776E-4,-1.93931E-3,-8.50665E-4,-1.41936E-3,1.55064E-3,-6.90183E-4,-1.69814E-3,-1.27988E-3,-1.07714E-3,-9.32652E-4,-1.56104E-3,-3.24884E-4,-1.24937E-3,-1.50703E-3,1.13688E-3,-2.51201E-3,-3.03930E-3,-9.66936E-4,-2.93746E-3,-3.69506E-3,-2.87791E-3,-1.56047E-3,-9.04301E-4,-2.57121E-3,-7.87434E-4,-7.71380E-4,-1.34074E-3,1.65357E-3,-2.72743E-3,-1.51736E-3,1.17567E-4,-4.34067E-4,-2.22146E-3,-3.04559E-3
1.40119E+3,1.76960E-4,-2.73665E-4,-1.75678E-4,8.56978E-4,-4.52509E-4,-4.99255E-4,3.39843E-3,6.45724E-4,1.06758E-3,-2.14368E-3,1.08296E-3,5.35096E-4,-8.17547E-4,-3.77129E-3,3.69894E-4,1.09232E-3,-7.29394E-5,-1.35174E-3,-1.28788E-3,-3.01632E-3,-4.39875E-3,-4.05583E-3,-4.59853E-3,-6.23743E-3,-6.59109E-3,-9.88339E-3,-7.75566E-3,-1.10595E-2,-1.25964E-2,-1.28231E-2,-1.43370E-2,-1.40975E-2,-1.31016E-2,-1.27552E-2,-1.30218E-2,-1.37732E-2,-1.21446E-2,-1.03453E-2,-1.21847E-2,-1.00500E-2,-8.94229E-3,-1.08429E-2,-9.86510E-3,-1.12373E-2,-5.75789E-3,-9.43452E-3,-9.54684E-3,-9.55244E-3,-1.08677E-2,-7.12533E-3,-8.59103E-3,-7.03000E-3,-8.71187E-3,-8.01051E-3,-4.84894E-3,-8.33771E-3,-6.06908E-3,-5.03281E-3,-6.40021E-3,-7.60302E-3,-4.78039E-3,-8.78675E-3,-5.13798E-3,-5.21572E-3,-4.23202E-3,-7.10589E-3,-7.20231E-3,-5.85543E-3,-5.80953E-3,-4.93129E-3,-6.03245E-3,-5.95777E-3,-5.22638E-3,-3.96666E-3,-7.65176E-3,-5.77064E-3,-3.93299E-3,-6.46335E-3,-6.68624E-3,-5.22613E-3,-4.76576E-3,-3.72840E-3,-6.30182E-3,-4.45218E-3,-4.06947E-3,-3.59851E-3,-3.25170E-3,-2.52739E-3,-4.12469E-3,-5.53153E-3,-4.88643E-3,-2.37495E-3,-4.71551E-3,-3.32449E-3,-5.83260E-3,-2.81458E-3,-4.21288E-3,-3.60184E-3,-4.33572E-3,-4.67544E-3,-3.92853E-3,-2.99927E-3,-2.22512E-3,-4.03136E-3,-3.19545E-3,-4.80629E-3,-2.68546E-3,-2.84119E-3,-2.62230E-3,-4.26765E-3,-3.40176E-3,-1.63289E-3,-3.22358E-3,-3.34742E-3,-2.77137E-3,-2.19672E-3,-4.39097E-3,-1.48945E-3,-8.78595E-4,-3.07174E-3,2.22486E-4,-2.15390E-3,-1.45960E-3,-1.41450E-3,-1.68763E-3,-3.42035E-3,-2.97821E-3,-2.41817E-3,-3.11033E-3,-2.53917E-3,-5.14924E-4,-1.90632E-3,-3.87012E-3,-8.08236E-4,-2.60243E-3,-3.87807E-3,-2.07628E-3,-4.98939E-4,-2.46000E-4,-1.87637E-3,-3.52379E-3,-2.01799E-3,-1.47634E-3,-2.55911E-3,-2.18220E-3,-2.33209E-3,-2.33262E-3,5.53635E-4,-2.53136E-3,-1.95055E-3,-2.71187E-3,-2.04170E-3,-2.16667E-3,-3.82806E-3,-3.06982E-3,-5.14049E-4,-4.15521E-3,-2.73858E-3,-1.47997E-3,-8.87336E-4,7.61220E-4,-4.81600E-3,-2.79753E-3,-1.90612E-3,-1.79785E-3,-2.86377E-3,-2.50385E-3
1.40471E+3,5.52169E-4,2.22097E-3,2.37109E-4,5.18623E-4,4.36649E-4,-3.73314E-4,1.90742E-3,3.79978E-4,-6.63503E-4,-1.11445E-3,-3.58775E-4,-3.17758E-4,-5.73713E-4,-2.32667E-3,-5.24746E-4,8.64550E-4,8.40232E-4,-1.70768E-3,-3.88389E-5,-4.02490E-3,-3.69582E-3,-3.73959E-3,-4.05174E-3,-3.99940E-3,-5.02904E-3,-9.83518E-3,-7.91617E-3,-1.05650E-2,-1.15513E-2,-1.01783E-2,-1.15041E-2,-1.31034E-2,-1.22359E-2,-1.25366E-2,-1.19307E-2,-1.19065E-2,-1.00342E-2,-1.04523E-2,-1.06585E-2,-8.74016E-3,-6.67178E-3,-8.35971E-3,-9.35219E-3,-9.45990E-3,-5.10910E-3,-7.77259E-3,-8.61633E-3,-8.88609E-3,-9.70961E-3,-5.98329E-3,-8.68047E-3,-6.95915E-3,-8.75379E-3,-7.75858E-3,-5.31476E-3,-8.21547E-3,-5.70459E-3,-4.63831E-3,-4.53046E-3,-7.15699E-3,-5.23524E-3,-7.57152E-3,-4.48298E-3,-3.35513E-3,-6.30493E-3,-6.77645E-3,-5.25863E-3,-4.57470E-3,-5.03747E-3,-2.67520E-3,-5.25663E-3,-3.03921E-3,-5.08108E-3,-4.96871E-3,-5.04788E-3,-6.55274E-3,-3.96188E-3,-2.25009E-3,-4.15692E-3,-3.23217E-3,-4.27507E-3,-2.09488E-3,-4.46727E-3,-1.38817E-3,-2.91299E-3,-5.63427E-3,-3.19016E-3,-1.89874E-3,-1.53920E-3,-3.60676E-3,-4.19253E-3,-1.53227E-3,-3.09187E-3,-2.83781E-3,-3.08488E-3,-4.53012E-4,-1.95426E-3,-3.72694E-3,-3.40113E-3,-4.08791E-3,-1.44894E-3,-1.62222E-3,-1.86431E-3,-3.76117E-3,-3.04401E-3,-2.27869E-3,-3.83573E-3,-2.72984E-3,-2.29246E-3,-2.77720E-3,-2.68035E-3,-1.37722E-3,-2.34899E-3,-2.71138E-3,-3.16997E-3,-1.25586E-3,-1.47142E-3,-1.93185E-3,-1.48681E-3,-2.05345E-3,-1.11437E-3,-1.46051E-3,3.03475E-4,-2.19383E-4,-1.98930E-3,-5.67492E-4,-7.94953E-4,-1.61441E-5,-3.60108E-4,-2.04046E-3,-6.80265E-4,5.33269E-4,-2.52696E-3,-8.34694E-4,-1.72992E-3,-2.04214E-3,-3.79236E-3,-3.30227E-4,8.72515E-4,-1.95642E-4,-2.43300E-3,-2.65945E-3,-1.33184E-3,-1.41949E-3,1.18789E-3,-3.03977E-3,7.22050E-4,-8.48470E-4,-4.47461E-4,-2.21310E-3,-7.56993E-4,-3.86153E-3,-2.05577E-3,-1.59195E-3,-2.42640E-4,-1.42039E-3,-2.16279E-3,-1.10992E-3,-2.38868E-3,2.87368E-4,7.76411E-5,-4.93978E-3,-1.34008E-3,-2.05082E-3,-1.52982E-3,-4.77759E-3,-3.15231E-3
1.40822E+3,-1.33391E-4,3.09702E-3,-1.11650E-3,5.46057E-4,-2.12548E-3,-1.72194E-3,3.08417E-3,-4.16686E-4,1.36474E-3,-1.07086E-3,5.75874E-4,1.86359E-3,-1.83641E-3,-1.57071E-3,-5.39478E-4,2.56014E-4,1.82184E-3,-1.21620E-3,-9.98557E-4,-2.39295E-3,-2.13208E-3,-3.45078E-3,-3.56996E-3,-4.78171E-3,-6.18531E-3,-8.92565E-3,-9.32386E-3,-1.10737E-2,-9.95420E-3,-1.07607E-2,-1.48464E-2,-1.34907E-2,-1.34083E-2,-1.35069E-2,-1.31812E-2,-1.28316E-2,-9.76472E-3,-1.13126E-2,-1.16374E-2,-1.19346E-2,-1.01215E-2,-1.15446E-2,-1.04852E-2,-1.03147E-2,-5.15727E-3,-9.50787E-3,-9.76198E-3,-9.45683E-3,-1.02051E-2,-8.21897E-3,-9.83539E-3,-6.16781E-3,-7.56615E-3,-8.23036E-3,-4.80102E-3,-7.95801E-3,-4.81556E-3,-5.51795E-3,-7.71527E-3,-4.99251E-3,-6.47839E-3,-6.91484E-3,-5.60958E-3,-7.04762E-3,-4.96344E-3,-6.04711E-3,-6.29534E-3,-5.64012E-3,-7.99369E-3,-5.02050E-3,-6.53430E-3,-7.20183E-3,-4.71152E-3,-5.76231E-3,-5.66333E-3,-5.49863E-3,-3.73694E-3,-3.40593E-3,-5.85634E-3,-2.65200E-3,-3.51017E-3,-3.81447E-3,-4.59436E-3,-2.67080E-3,-3.95818E-3,-3.53031E-3,-1.79891E-3,-3.79531E-3,-4.35178E-3,-4.85966E-3,-3.28796E-3,-2.79668E-3,-1.93237E-3,-3.48713E-3,-2.98812E-3,-4.59887E-3,-3.30374E-3,-1.00778E-3,-4.40574E-3,-5.34501E-3,-4.33851E-3,-1.90521E-3,-7.35697E-4,-5.16155E-3,-1.92911E-3,-3.78875E-3,-2.33711E-3,-1.54440E-3,-1.72020E-3,-4.19628E-3,-5.93308E-3,-1.02484E-3,-2.07195E-3,-1.78539E-3,-3.41211E-3,-4.38747E-4,-1.92191E-3,-1.05522E-3,-2.00815E-3,-8.78238E-4,-1.56231E-4,-1.42356E-3,-1.27319E-3,-2.92067E-3,-3.12097E-3,-2.07633E-3,1.61557E-3,3.95179E-4,-2.38375E-3,-1.53351E-3,-2.93953E-4,1.85100E-3,-1.60846E-3,-3.93889E-3,-1.91178E-3,-1.55663E-3,-1.88120E-3,-3.26317E-4,3.69972E-4,-5.18449E-4,-2.69104E-3,-6.19834E-4,-4.41497E-4,1.22990E-3,-1.15295E-3,-2.99966E-3,-6.07681E-4,-2.27435E-3,-1.62978E-3,-4.28406E-3,-2.55978E-3,-4.33397E-3,-1.40902E-3,-2.08393E-3,-2.70118E-3,-2.41267E-3,-2.76492E-3,-5.92499E-4,-8.88371E-4,-1.74377E-3,-7.73042E-4,-3.97514E-3,-1.58867E-3,-3.17633E-3,-3.01842E-3,-2.51759E-3,-3.26480E-3
1.41174E+3,-8.04366E-4,4.59392E-4,-8.23756E-5,4.64077E-5,5.67050E-4,-1.24670E-3,2.31309E-3,-3.16653E-4,2.44936E-3,-2.48775E-3,5.85372E-4,1.78982E-4,-2.35075E-3,-2.90789E-4,9.79723E-4,-5.07806E-4,2.98003E-5,-3.60154E-3,-1.42463E-3,-2.50121E-3,-3.86267E-3,-4.98586E-3,-3.80186E-3,-4.54624E-3,-6.82016E-3,-9.37323E-3,-8.65048E-3,-1.21121E-2,-1.15778E-2,-1.12913E-2,-1.32019E-2,-1.35161E-2,-1.27218E-2,-1.34556E-2,-1.40966E-2,-1.51851E-2,-1.43810E-2,-8.60911E-3,-1.22430E-2,-9.39970E-3,-1.05674E-2,-1.18413E-2,-1.12917E-2,-1.04253E-2,-5.73726E-3,-9.97475E-3,-1.11567E-2,-8.51952E-3,-1.01800E-2,-9.47046E-3,-1.03670E-2,-8.19381E-3,-8.24200E-3,-8.38637E-3,-4.22054E-3,-8.34799E-3,-7.20443E-3,-5.11202E-3,-5.45837E-3,-7.38246E-3,-5.36261E-3,-6.68934E-3,-6.43187E-3,-4.30689E-3,-4.82756E-3,-6.18516E-3,-5.86621E-3,-6.79034E-3,-5.57440E-3,-6.76069E-3,-5.87349E-3,-5.45853E-3,-6.53124E-3,-3.39928E-3,-7.29452E-3,-4.18986E-3,-5.19368E-3,-4.85907E-3,-7.55484E-3,-4.01768E-3,-5.49216E-3,-3.47780E-3,-5.59982E-3,-3.85392E-3,-4.26716E-3,-5.66627E-3,-1.71559E-3,-2.85034E-3,-2.52867E-3,-3.86750E-3,-3.72514E-3,-4.65400E-3,-3.74255E-3,-3.85818E-3,-3.61021E-3,-3.62913E-3,-4.81182E-3,-2.74248E-3,-5.13805E-3,-2.23449E-3,-1.60448E-3,-1.19799E-3,-1.51421E-3,-2.95020E-3,-2.95460E-3,-2.26470E-3,-2.53559E-3,-2.26351E-3,-2.88711E-3,-2.97408E-3,-2.00122E-3,-1.72696E-3,-3.05406E-3,-3.86680E-3,-1.78709E-3,-1.11549E-3,-5.07699E-3,-1.71668E-3,-2.37886E-3,-3.39340E-3,-1.71869E-3,-2.26490E-3,-1.61932E-4,-2.37409E-3,-3.34813E-3,-1.03151E-3,-1.18223E-3,1.03521E-4,-2.51645E-3,-2.73560E-4,-6.45954E-4,-7.09458E-4,-2.01529E-3,-1.26763E-3,-2.30619E-3,-9.75670E-4,-5.29111E-4,-5.43711E-4,2.77815E-3,-9.51557E-4,-1.39142E-3,-3.51357E-3,-1.71703E-3,-3.93196E-4,-9.11905E-4,-1.15452E-3,-6.03481E-4,6.09857E-4,1.09709E-3,-1.81838E-3,-3.62690E-3,-2.45374E-3,-2.07681E-3,-2.14661E-3,-2.70769E-3,-4.09341E-4,-2.82844E-3,-2.09536E-3,2.03141E-4,-1.46069E-3,-1.23549E-3,-2.94859E-3,-3.12254E-3,-4.85000E-3,-8.36124E-4,-1.65192E-3,-3.23035E-3
1.41526E+3,8.58270E-4,-6.88914E-4,1.96388E-3,3.37239E-4,6.93244E-4,-1.25241E-3,7.50916E-4,4.96207E-3,1.14533E-3,-2.30055E-3,-1.86281E-3,-1.37210E-3,-3.78138E-4,-3.14055E-3,2.84516E-4,-5.94259E-4,8.82684E-4,-1.21331E-3,7.22454E-4,-1.46902E-3,-3.50707E-3,-4.58295E-3,-2.76982E-3,-4.86825E-3,-8.52676E-3,-7.57592E-3,-7.00563E-3,-1.05562E-2,-1.10803E-2,-9.35355E-3,-1.40970E-2,-1.34601E-2,-1.27882E-2,-1.36588E-2,-1.31390E-2,-1.35198E-2,-1.29460E-2,-1.02294E-2,-1.27779E-2,-1.19667E-2,-8.83636E-3,-9.08105E-3,-1.01767E-2,-9.12437E-3,-5.61299E-3,-1.05245E-2,-1.05960E-2,-8.26077E-3,-1.18679E-2,-1.00240E-2,-8.26280E-3,-9.28836E-3,-9.04018E-3,-7.21066E-3,-5.54110E-3,-7.42122E-3,-6.58812E-3,-4.82832E-3,-5.58026E-3,-6.15818E-3,-4.33514E-3,-7.91908E-3,-5.84310E-3,-6.10342E-3,-5.18997E-3,-5.35694E-3,-7.40500E-3,-5.46914E-3,-3.81700E-3,-4.53385E-3,-6.20915E-3,-3.70052E-3,-3.94985E-3,-5.73568E-3,-5.96345E-3,-5.78896E-3,-5.59848E-3,-4.23840E-3,-1.87576E-3,-4.81007E-3,-6.77488E-3,-2.17092E-3,-7.66527E-3,-1.75661E-3,-3.71226E-3,-2.85755E-3,-5.24245E-3,-2.51986E-3,-3.49826E-3,-5.57242E-3,-3.90920E-3,1.65528E-4,-3.90216E-3,-1.37969E-3,-2.52577E-3,-6.82436E-4,-1.37633E-3,-2.66909E-3,-3.45482E-3,-4.54032E-3,-2.52292E-3,-2.87043E-3,-3.35517E-3,-5.69204E-3,-7.99076E-4,-1.57629E-3,-2.79668E-3,-3.04856E-3,-1.90929E-3,-4.23123E-3,-2.15368E-3,-1.49471E-5,-1.42851E-3,-2.04905E-3,-2.24823E-3,-3.26190E-4,-1.81849E-3,-2.93591E-4,6.30995E-4,-1.77234E-3,-1.91044E-4,-4.50184E-3,-9.26393E-4,-2.53417E-3,-3.28462E-3,-1.32399E-3,-6.41099E-4,-1.14753E-3,-7.84332E-4,-8.33226E-4,-7.48313E-4,2.11275E-3,-2.04637E-4,-6.70287E-4,-1.63197E-3,5.59761E-4,-2.41362E-3,-2.89750E-3,-2.40466E-3,-1.05860E-3,-1.79137E-3,-2.30880E-3,9.85639E-4,-1.08977E-4,-3.10242E-6,4.27182E-4,1.34871E-3,-5.92112E-4,2.31177E-3,-1.59951E-3,-2.16592E-3,-3.06462E-3,-1.82731E-4,-5.71325E-4,-2.06156E-3,-3.78912E-3,-3.80376E-3,-2.34919E-3,3.93879E-5,-1.01300E-3,1.89670E-3,-4.71669E-3,1.58656E-4,-3.38202E-3,-2.46753E-3,-1.95398E-3,-1.83104E-3
1.41878E+3,-9.61501E-5,1.67211E-3,-5.22535E-5,1.58664E-3,8.40793E-4,-6.86599E-4,3.48489E-4,2.99166E-4,1.42866E-3,-1.15504E-3,-1.42982E-3,-7.66318E-4,-4.49620E-4,-2.40704E-3,8.66992E-4,-5.37689E-4,3.17775E-3,1.72840E-4,6.62437E-4,-3.22079E-3,-2.16583E-3,-3.44158E-3,-3.19552E-3,-4.53202E-3,-5.20754E-3,-8.44559E-3,-6.11653E-3,-1.09619E-2,-9.08259E-3,-1.32826E-2,-8.92788E-3,-1.31205E-2,-1.30585E-2,-1.54579E-2,-1.39564E-2,-1.54990E-2,-1.12920E-2,-1.04462E-2,-1.09295E-2,-1.13054E-2,-7.05765E-3,-9.93977E-3,-9.45813E-3,-9.54350E-3,-5.29523E-3,-1.13224E-2,-1.09276E-2,-7.73306E-3,-9.38177E-3,-6.37361E-3,-9.80211E-3,-6.69749E-3,-7.47845E-3,-7.08254E-3,-3.62926E-3,-8.74461E-3,-7.23924E-3,-4.94813E-3,-6.55970E-3,-5.48470E-3,-5.02013E-3,-8.02930E-3,-4.87790E-3,-6.62611E-3,-4.64972E-3,-5.36296E-3,-5.47232E-3,-7.08755E-3,-4.79909E-3,-7.42328E-3,-6.32594E-3,-4.96123E-3,-4.61018E-3,-3.44132E-3,-2.81788E-3,-5.37153E-3,-4.58151E-3,-4.67840E-3,-4.60325E-3,-1.76483E-3,-3.16603E-3,-2.62452E-3,-5.30920E-3,-4.33323E-3,-3.63163E-3,-1.80887E-3,-2.97864E-3,-3.56221E-3,-2.19941E-3,-6.54596E-3,-3.06307E-3,-9.39659E-4,-6.90098E-4,-3.16197E-3,-3.20715E-3,-2.62501E-4,-3.54410E-3,-1.07548E-3,-1.42864E-3,-2.33855E-3,-2.05329E-3,-1.57929E-3,-6.47781E-4,-1.49507E-3,-4.84867E-4,-5.22808E-3,-1.22360E-3,-1.02789E-3,-3.36256E-3,-2.33083E-3,-5.89876E-4,-1.94381E-3,-2.10068E-3,-9.15046E-4,-2.23047E-3,-7.06831E-4,-1.24726E-3,-1.68943E-3,8.06081E-4,-3.02177E-3,-1.34892E-3,-1.33650E-3,-8.00939E-4,-2.01552E-3,-3.25972E-3,1.11652E-3,8.74997E-4,1.96703E-4,1.04487E-3,1.72932E-4,-1.29217E-3,3.02847E-4,5.39994E-4,1.63555E-3,-7.29081E-4,9.73387E-5,-2.96891E-3,-2.69583E-3,2.51236E-3,-2.18521E-4,1.54080E-3,-1.16098E-3,1.88368E-3,9.02217E-4,1.05466E-3,-2.02673E-3,-5.79755E-4,-1.76389E-3,1.65302E-3,-1.90349E-3,-6.34308E-4,-1.65417E-3,-3.54001E-4,-1.47579E-3,-1.69151E-3,-2.91019E-3,-1.72863E-3,-9.38679E-4,1.79482E-3,-1.25098E-4,4.60895E-4,-2.87701E-3,-5.24736E-4,-1.23582E-3,-1.72259E-3,8.52985E-4,-2.03446E-3
1.42229E+3,-7.25138E-4,2.67889E-3,1.86568E-3,2.19069E-4,-2.29042E-3,-2.06380E-3,4.52486E-3,1.28063E-3,6.44422E-4,-3.36871E-3,-2.09538E-3,1.00251E-3,-8.85145E-4,-1.44452E-3,6.57041E-4,-1.41494E-3,2.05058E-3,-2.48173E-4,4.72625E-4,-1.66263E-3,-5.46491E-3,-2.37192E-3,-3.26083E-3,-4.32906E-3,-4.37003E-3,-6.48454E-3,-7.78815E-3,-9.38761E-3,-1.13394E-2,-1.17266E-2,-1.11719E-2,-1.32857E-2,-1.45629E-2,-1.24871E-2,-1.38637E-2,-1.30676E-2,-1.11739E-2,-9.65427E-3,-1.18753E-2,-1.00709E-2,-1.07221E-2,-9.37161E-3,-8.06961E-3,-1.00042E-2,-8.30037E-3,-1.29730E-2,-9.89295E-3,-1.21601E-2,-8.53917E-3,-8.09636E-3,-9.15034E-3,-7.44791E-3,-9.30983E-3,-7.19123E-3,-7.18899E-3,-9.31623E-3,-5.07531E-3,-5.14933E-3,-6.30026E-3,-2.53403E-3,-5.24482E-3,-7.94831E-3,-6.19306E-3,-5.40728E-3,-4.82889E-3,-5.96297E-3,-8.12345E-3,-7.58385E-3,-5.12826E-3,-5.07571E-3,-4.05066E-3,-4.32776E-3,-5.51567E-3,-4.43023E-3,-5.43876E-3,-8.09669E-3,-5.06751E-3,-4.15414E-3,-5.33359E-3,-2.09957E-3,-2.80903E-3,-3.60115E-3,-5.27644E-3,-3.90409E-3,-2.70460E-3,-4.70026E-3,-3.69107E-3,-2.12139E-3,-5.27601E-3,-4.32958E-3,-2.54839E-3,5.42268E-4,-1.43596E-3,-3.59065E-3,-3.28833E-3,-2.82755E-3,-1.57044E-3,-2.24926E-3,-1.51886E-3,-4.27423E-3,-2.01918E-3,-2.66231E-3,8.19944E-4,-1.53063E-3,-1.12267E-3,-4.37155E-3,-3.06660E-3,-3.13042E-3,-3.51661E-3,-3.86651E-3,-3.10836E-3,1.03026E-3,-1.34965E-3,-2.42964E-3,-1.70316E-3,-1.00778E-3,-1.45477E-3,-8.23630E-4,-5.01052E-4,-3.31812E-3,2.26072E-4,6.81272E-4,-1.03731E-3,-1.67402E-3,-2.55369E-3,-7.00130E-4,-1.03705E-3,-1.25160E-3,-9.71995E-4,-1.81239E-3,3.39496E-4,-1.63395E-3,-2.12277E-5,-9.61275E-4,-1.73083E-3,-3.11112E-3,-1.85278E-3,-1.72615E-3,1.20822E-4,-8.53953E-4,-6.13571E-4,-1.40666E-3,1.69154E-3,1.65651E-3,-1.34529E-3,4.18111E-4,-1.68513E-3,7.40301E-4,-1.00142E-3,-2.42612E-3,-2.50673E-3,-3.81237E-3,-1.50729E-3,1.10271E-3,-1.55768E-4,-6.94019E-4,-3.48303E-3,-1.25540E-3,2.28963E-3,-1.81550E-3,-2.47581E-3,-3.35323E-3,-3.24861E-3,-2.72831E-3,-2.24714E-3,-3.44086E-3,-1.70150E-3
1.42581E+3,1.09369E-3,2.54798E-3,-5.86309E-4,-3.56969E-5,-5.31078E-4,9.08950E-4,2.29638E-3,-1.77585E-4,1.82428E-3,-1.80029E-3,-7.38788E-4,-8.34141E-4,-8.20285E-4,-4.73599E-3,1.58889E-3,1.42590E-3,-1.35572E-4,1.06233E-3,2.51479E-3,-3.64300E-3,-3.02579E-3,-1.60532E-3,-1.58018E-3,-3.49142E-3,-6.67048E-3,-6.91217E-3,-7.65443E-3,-9.44253E-3,-1.00062E-2,-1.10933E-2,-1.27687E-2,-1.46201E-2,-1.37100E-2,-1.37209E-2,-1.52699E-2,-1.39485E-2,-1.17016E-2,-1.19599E-2,-1.25814E-2,-1.21087E-2,-8.84995E-3,-1.11872E-2,-1.20856E-2,-1.23941E-2,-7.15880E-3,-1.22770E-2,-1.07781E-2,-9.76251E-3,-1.20266E-2,-9.02256E-3,-1.00960E-2,-6.75737E-3,-1.01404E-2,-9.15781E-3,-3.93868E-3,-9.98443E-3,-6.24086E-3,-8.30664E-3,-7.61147E-3,-7.15974E-3,-6.19509E-3,-8.07396E-3,-5.32610E-3,-5.45076E-3,-7.10944E-3,-8.35330E-3,-4.33989E-3,-6.04566E-3,-4.71843E-3,-5.39510E-3,-8.16159E-3,-6.62413E-3,-6.64337E-3,-5.01385E-3,-6.23992E-3,-6.06329E-3,-6.27918E-3,-5.32844E-3,-4.63849E-3,-5.23416E-3,-4.81389E-3,-3.09242E-3,-4.14375E-3,-3.05192E-3,-2.03741E-3,-5.03495E-3,-3.84577E-3,-3.42892E-3,-2.42904E-3,-5.96085E-3,-5.19436E-3,-3.48518E-3,-2.56138E-3,-3.67751E-3,-5.09565E-3,-3.23581E-3,-3.01095E-3,-8.82236E-4,-3.31241E-3,-3.70607E-3,-2.23392E-3,-1.26453E-3,-1.01578E-4,-2.02890E-3,-2.03720E-3,-4.89207E-3,-5.44715E-3,-2.94195E-3,-3.84884E-3,-3.33583E-4,-3.79472E-3,-3.01663E-3,-1.41823E-3,-1.60184E-3,-1.39723E-3,-4.79961E-4,-1.04682E-3,-3.02942E-3,-2.56962E-3,-1.85914E-3,-2.38321E-4,-1.44229E-3,-1.03472E-3,-5.16021E-4,-7.10933E-4,-4.56957E-3,-3.10617E-3,-2.89668E-3,1.11444E-3,-7.41593E-4,7.70764E-4,-1.06513E-3,5.74118E-4,-1.43151E-3,3.02057E-4,-6.70992E-4,-7.68535E-4,1.28379E-3,-6.27763E-4,6.20978E-4,-1.63785E-3,-2.12396E-3,-2.78397E-3,-1.05783E-3,-6.47168E-4,-2.63519E-4,-1.42196E-3,-1.53261E-4,-1.49963E-3,-5.68384E-4,-7.74242E-4,-3.01597E-3,-2.72309E-3,-2.53004E-3,-1.29710E-3,-2.81522E-3,-1.78085E-4,-1.69231E-3,-7.07345E-4,2.69643E-4,-3.60706E-3,-3.98041E-3,-2.14693E-3,-1.79190E-3,-1.84720E-5,-1.24203E-3,-3.22489E-3
1.42933E+3,-1.26990E-3,-2.04222E-3,-3.05216E-4,-1.89986E-5,1.40965E-4,-5.71415E-4,1.07074E-3,1.73047E-3,3.19450E-3,-1.60385E-3,3.73959E-3,2.98864E-4,1.25760E-4,-1.92092E-3,-2.56838E-3,-5.08323E-4,1.57207E-4,-2.83563E-3,-8.77853E-4,-2.57465E-3,-2.99358E-3,-1.29446E-3,-3.91237E-3,-3.97977E-3,-7.77596E-3,-1.04772E-2,-9.61851E-3,-1.20962E-2,-1.10457E-2,-1.26591E-2,-1.16700E-2,-1.57076E-2,-1.65735E-2,-1.72512E-2,-1.66192E-2,-1.27473E-2,-1.25891E-2,-1.01645E-2,-1.31892E-2,-1.21112E-2,-9.94310E-3,-1.15522E-2,-1.10161E-2,-1.27335E-2,-6.89094E-3,-1.14574E-2,-1.11352E-2,-1.04360E-2,-8.29959E-3,-1.23300E-2,-1.23983E-2,-1.08182E-2,-8.70314E-3,-8.75681E-3,-5.34120E-3,-9.85315E-3,-7.64027E-3,-4.83496E-3,-8.60155E-3,-6.77644E-3,-5.44678E-3,-8.48653E-3,-7.66113E-3,-4.60222E-3,-5.01867E-3,-6.95356E-3,-7.69525E-3,-6.59485E-3,-7.56499E-3,-7.85430E-3,-5.51236E-3,-2.30653E-3,-7.37175E-3,-6.16753E-3,-7.42174E-3,-4.65514E-3,-6.98487E-3,-5.41964E-3,-4.39516E-3,-3.71300E-3,-7.03824E-3,-3.22385E-3,-3.53960E-3,-5.62714E-3,-3.91205E-3,-6.27916E-3,-4.86838E-3,-5.64830E-3,-3.54740E-3,-6.97708E-3,-4.52830E-3,-6.51125E-4,-3.55711E-3,-4.08950E-3,-4.25983E-3,-4.52683E-3,-3.05780E-3,-2.93338E-3,-5.37359E-3,-4.42666E-3,-3.80190E-3,-4.81903E-3,-3.57590E-3,-5.44832E-3,-1.99983E-3,-3.86214E-3,-5.66247E-3,-3.45372E-3,-3.41887E-3,-5.16857E-3,-2.21529E-3,-4.82949E-4,-3.76828E-3,-2.69786E-3,-3.25906E-3,-7.41953E-4,-3.68382E-3,-1.93167E-3,-3.87728E-4,-2.17877E-3,4.18600E-4,1.24037E-3,-1.01335E-4,-1.56554E-3,-2.04633E-3,-1.06322E-4,-1.66402E-3,-1.80363E-3,-2.25503E-3,-1.64562E-3,6.56213E-4,-3.52325E-3,-1.41464E-3,-1.07422E-3,-1.80792E-3,-1.21917E-3,-2.04212E-3,-1.90506E-3,-8.65004E-4,-7.01882E-4,-2.11758E-3,-3.09475E-3,-3.15283E-3,-1.19579E-3,-1.86392E-4,-2.04456E-3,1.74132E-3,-7.19865E-4,-4.20859E-4,-4.15234E-3,5.46310E-4,-3.31124E-3,-2.95482E-4,-3.13087E-3,-1.03943E-3,-4.54654E-3,-3.01601E-3,-1.76137E-3,2.18160E-3,-3.09905E-3,1.22229E-3,-5.28288E-3,-2.73619E-3,-2.00698E-3,-1.32466E-3,-1.91234E-3,-1.39622E-3
1.43285E+3,2.23308E-3,-1.44016E-3,2.20915E-4,7.90562E-5,-4.50405E-4,-5.56987E-4,-2.48359E-3,1.89837E-3,4.09702E-3,-3.36928E-4,-9.99143E-4,9.04410E-4,-1.32484E-3,-3.11725E-3,1.27645E-3,1.98573E-3,3.39848E-4,-2.56273E-3,-2.33391E-4,-1.36826E-3,-1.94187E-3,-2.57044E-3,-4.96461E-3,-4.36419E-3,-4.32630E-3,-7.40867E-3,-7.47851E-3,-7.75517E-3,-1.02548E-2,-1.09818E-2,-1.24563E-2,-1.26851E-2,-1.32088E-2,-1.62581E-2,-1.43886E-2,-1.41250E-2,-9.47330E-3,-7.35778E-3,-9.08427E-3,-1.34752E-2,-1.24533E-2,-1.12094E-2,-7.64302E-3,-9.63507E-3,-7.26333E-3,-9.97526E-3,-8.77942E-3,-8.68130E-3,-9.59286E-3,-8.60057E-3,-9.68981E-3,-6.13091E-3,-7.54212E-3,-9.17704E-3,-5.40803E-3,-7.78052E-3,-7.52029E-3,-6.50090E-3,-6.70287E-3,-8.55782E-3,-7.50009E-3,-8.43922E-3,-5.00428E-3,-5.31206E-3,-5.15569E-3,-7.45851E-3,-6.29786E-3,-4.08936E-3,-5.79944E-3,-5.71665E-3,-5.75108E-3,-3.07776E-3,-2.72331E-3,-4.54993E-3,-4.88325E-3,-5.54941E-3,-5.99428E-3,-4.66186E-3,-4.51907E-3,-5.64047E-3,-3.30227E-3,-4.00953E-3,-2.06985E-3,-6.29271E-3,1.98283E-4,-2.94627E-3,-3.15160E-3,-3.26103E-3,-3.75430E-3,-4.63741E-3,-3.28433E-3,-1.03870E-3,-1.12836E-3,-6.42379E-4,-9.51397E-4,-2.43363E-3,-3.61609E-3,-3.27619E-3,-5.24185E-3,-1.56708E-3,-1.69369E-3,-2.30405E-3,-1.73233E-3,-3.77705E-3,6.22277E-4,-2.44439E-3,-3.42546E-3,-4.87410E-3,-1.92292E-3,-3.73274E-3,-2.26342E-3,-1.74225E-3,-1.48132E-3,-4.95050E-3,-8.95538E-4,-1.09655E-3,1.81267E-4,-4.75896E-4,-1.59918E-3,-2.29853E-3,7.75661E-4,-2.60975E-3,-2.34776E-3,-1.56339E-3,-8.71838E-4,-2.20491E-3,-1.62152E-3,1.99912E-3,1.01003E-3,-9.98902E-4,2.31450E-3,-1.33527E-3,-4.53778E-4,-1.27629E-3,-8.22568E-4,-5.62349E-4,6.17982E-4,-1.41039E-3,1.66967E-3,-1.25769E-3,-5.58937E-5,-3.28604E-3,4.81632E-6,2.41677E-4,-2.01890E-3,-2.28710E-3,-4.20117E-4,2.17569E-4,-2.74152E-3,-1.63870E-3,-1.20321E-3,-3.30855E-3,-1.11966E-3,2.31742E-3,-1.53678E-3,-2.76759E-3,-1.90469E-3,-1.46803E-4,9.19721E-4,-9.43290E-4,-1.00066E-3,-1.74514E-3,-1.34899E-3,-2.26911E-3,4.95114E-4,-3.21805E-3,-1.63009E-3
1.43638E+3,1.76735E-5,1.02231E-3,-6.08266E-4,-1.73584E-3,2.42383E-3,-1.93307E-3,-3.40704E-4,-1.75392E-4,2.69302E-3,-1.99551E-3,-2.06221E-3,2.83280E-3,-2.67738E-4,-9.55263E-4,1.08437E-3,1.00842E-3,-1.34567E-4,2.49310E-4,-8.73943E-4,-5.17304E-4,-3.89452E-3,-4.03250E-3,-5.33938E-3,-4.16842E-3,-4.64459E-3,-6.20461E-3,-8.06010E-3,-1.06782E-2,-8.64151E-3,-1.22772E-2,-1.23142E-2,-1.40178E-2,-1.32745E-2,-1.12665E-2,-1.45757E-2,-1.13962E-2,-1.40019E-2,-9.80670E-3,-1.27098E-2,-1.12544E-2,-8.76225E-3,-1.03019E-2,-1.18071E-2,-9.43131E-3,-8.59226E-3,-1.17883E-2,-8.84802E-3,-8.16786E-3,-1.05682E-2,-8.61040E-3,-7.51696E-3,-7.73362E-3,-1.09341E-2,-8.47137E-3,-5.74640E-3,-8.05423E-3,-7.93943E-3,-4.51647E-3,-6.45887E-3,-4.80658E-3,-7.43065E-3,-8.11297E-3,-5.04124E-3,-5.38036E-3,-5.64611E-3,-6.70024E-3,-6.68137E-3,-8.71278E-3,-6.16510E-3,-4.96466E-3,-2.87025E-3,-6.65839E-3,-2.75300E-3,-2.80074E-3,-5.59770E-3,-6.61221E-3,-2.77062E-3,-3.74077E-3,-2.04894E-3,-3.79123E-3,-2.15771E-3,-3.41739E-3,-2.33727E-3,-5.60158E-3,-2.89690E-3,-3.22835E-3,-3.77767E-3,-3.13830E-3,-5.33483E-3,-6.39028E-3,-5.53542E-3,-2.92571E-3,9.50365E-4,-1.89366E-3,-4.55796E-3,-2.94965E-3,-3.32093E-3,-4.47266E-3,-4.91364E-3,-4.88499E-4,-1.94039E-3,-3.98376E-3,-2.10252E-3,-2.82737E-3,-1.61066E-3,-7.41361E-3,-3.67758E-3,-1.93374E-3,-3.30391E-3,-4.91556E-3,-3.67467E-3,-1.93011E-3,-2.59128E-3,-3.18045E-3,-5.21237E-3,-5.29297E-4,-9.11153E-4,-3.87336E-3,-2.71433E-3,-2.82668E-3,-2.95158E-3,-4.33134E-4,-8.93743E-4,-8.91240E-4,-2.91071E-3,-2.75312E-3,1.55099E-3,5.52610E-5,-1.38799E-3,6.76774E-4,1.25803E-3,5.42184E-4,-1.61254E-3,2.76971E-4,-2.52186E-3,-2.68571E-3,-3.24446E-3,2.98172E-4,-1.75749E-5,-1.30348E-3,8.46086E-4,-1.29030E-3,-1.97219E-3,-3.41539E-3,-2.98464E-3,-2.81435E-3,-1.00275E-3,-2.60708E-3,-1.69717E-3,-8.89983E-4,1.47055E-3,-3.37814E-3,-1.17189E-3,-5.52723E-3,1.59667E-3,-1.69365E-3,-1.14009E-3,-1.07814E-3,-8.55865E-4,-5.59844E-4,-1.77822E-3,-3.63303E-3,-2.13511E-3,-1.62956E-3,-1.22415E-3,-2.78353E-3,-4.93455E-3
1.43990E+3,2.41669E-3,4.11621E-4,-1.22148E-3,1.69633E-3,-1.97723E-4,-2.51304E-3,7.01639E-4,1.18904E-3,-3.42617E-7,-1.42011E-3,9.75862E-4,-5.56239E-4,-1.81592E-3,-1.56695E-3,1.90061E-3,8.07985E-4,8.04791E-5,-1.63611E-3,3.64987E-4,3.58840E-4,-2.67295E-4,-1.24278E-3,-2.09377E-3,-3.12662E-3,-6.93206E-3,-6.50700E-3,-5.47578E-3,-8.94020E-3,-9.19130E-3,-1.40692E-2,-1.17594E-2,-1.52657E-2,-1.23501E-2,-1.47962E-2,-1.38059E-2,-1.54308E-2,-1.32756E-2,-1.08025E-2,-1.15561E-2,-7.89349E-3,-7.61918E-3,-1.06205E-2,-8.62651E-3,-9.84583E-3,-3.93948E-3,-9.38510E-3,-9.42145E-3,-9.76999E-3,-1.04762E-2,-9.90758E-3,-1.06673E-2,-7.86613E-3,-4.89733E-3,-9.55825E-3,-5.36746E-3,-8.96623E-3,-8.20482E-3,-5.23562E-3,-4.10880E-3,-4.52495E-3,-6.94443E-3,-6.02451E-3,-5.11751E-3,-4.16501E-3,-5.46019E-3,-5.75315E-3,-4.85676E-3,-5.32644E-3,-6.65360E-3,-6.76041E-3,-6.88675E-3,-3.67561E-3,-2.78177E-3,-5.53346E-3,-5.39290E-3,-5.78248E-3,-2.88761E-3,-5.98943E-3,-2.22054E-3,-4.79296E-3,-2.38102E-3,-2.07405E-3,-6.12387E-3,-5.09079E-3,-1.32047E-3,-2.62984E-3,-2.42572E-3,-5.45305E-3,-4.09360E-3,-7.39840E-3,-3.98501E-3,-1.61731E-3,-4.64492E-3,-3.09634E-3,-4.98263E-3,-7.70586E-4,-4.93669E-3,-1.00138E-3,-1.67152E-3,1.22293E-3,-4.43181E-3,-6.42119E-4,-1.11961E-3,-4.58145E-5,7.63559E-4,-1.94910E-3,-4.14129E-3,-1.38559E-3,-1.66228E-3,-4.91947E-3,-2.88436E-3,-6.67906E-4,-1.18381E-3,-3.28750E-3,-1.07344E-3,-2.99372E-3,-2.24126E-3,-3.01126E-4,2.16232E-3,-1.03663E-4,-7.97234E-4,3.06279E-3,7.77205E-4,4.79319E-4,-2.31823E-3,-2.33002E-3,6.28572E-4,1.00808E-3,-8.21858E-4,2.91761E-4,-7.32017E-4,1.78871E-3,4.72455E-4,3.18134E-3,-1.62546E-3,-3.46826E-5,2.43501E-4,-5.14236E-5,3.95112E-4,-2.34349E-3,9.02192E-4,1.44668E-3,-2.54503E-3,-2.81401E-3,-1.08354E-3,-5.36480E-4,-1.64723E-4,7.70334E-4,2.19000E-3,-1.67901E-3,3.41158E-3,-2.03289E-3,-1.18082E-3,-3.76732E-3,-8.92644E-4,-1.46550E-3,6.06824E-4,-2.83954E-3,1.91431E-3,2.52339E-3,2.03827E-3,1.43113E-4,4.25002E-4,-1.46957E-3,-6.00608E-4,-1.25162E-3,-1.41931E-3
1.44342E+3,4.45734E-4,8.65034E-4,1.08629E-3,-4.06583E-5,1.34263E-3,-2.75101E-3,3.19593E-3,1.07505E-3,2.75546E-3,-1.31468E-3,3.71157E-4,-1.36825E-3,-3.83909E-4,-4.31921E-3,-9.59556E-4,-6.49744E-5,1.10495E-3,1.60132E-3,-1.98607E-3,-1.11978E-3,-5.26345E-3,1.50151E-3,-2.58889E-3,-3.51146E-3,-7.19673E-3,-6.95750E-3,-7.06757E-3,-9.49287E-3,-1.01929E-2,-1.27055E-2,-9.89455E-3,-1.40665E-2,-1.46651E-2,-1.57737E-2,-1.72125E-2,-1.52744E-2,-1.21049E-2,-1.29509E-2,-1.47504E-2,-1.03538E-2,-1.28086E-2,-1.15622E-2,-1.06813E-2,-1.32919E-2,-6.49182E-3,-1.54051E-2,-8.92674E-3,-1.01818E-2,-1.02517E-2,-7.58731E-3,-9.03376E-3,-9.98687E-3,-9.37250E-3,-9.30323E-3,-4.26080E-3,-1.03432E-2,-6.48723E-3,-7.41575E-3,-7.81576E-3,-7.31611E-3,-8.92070E-3,-7.29872E-3,-7.64505E-3,-8.83816E-3,-5.52258E-3,-9.68048E-3,-7.06334E-3,-7.11847E-3,-5.28212E-3,-3.79114E-3,-3.41953E-3,-7.05239E-3,-3.35622E-3,-6.03075E-3,-6.94765E-3,-6.94572E-3,-7.89543E-3,-5.22807E-3,-3.46540E-3,-5.02141E-3,-3.86156E-3,-4.53254E-3,-7.03837E-3,-5.73697E-3,-3.93738E-3,-7.97072E-3,-8.13985E-3,-6.05713E-3,-4.38382E-3,-5.00216E-3,-4.00933E-3,-3.63678E-3,-1.54953E-3,-8.03628E-4,5.93484E-4,-1.41879E-3,-5.34538E-3,-6.63485E-3,-2.88707E-3,-2.10585E-3,-3.71943E-3,-7.13006E-3,-2.81716E-3,-2.34938E-3,1.24951E-3,-5.28936E-3,-3.06645E-3,-4.81752E-3,-2.58392E-3,-4.21077E-3,-5.48286E-3,-1.46498E-3,-4.41621E-3,-4.36078E-3,-2.92269E-3,-1.59658E-3,-3.21594E-3,-4.69646E-3,-2.48645E-3,-5.36729E-4,-5.63728E-3,-1.68487E-3,7.84010E-4,-2.00005E-3,-1.17438E-3,-1.51580E-3,6.38549E-4,-5.59399E-3,-1.72481E-3,-2.04017E-3,1.35721E-3,-1.79058E-3,-9.48792E-5,-3.47388E-3,-2.48312E-3,-4.51121E-3,-3.47085E-4,-1.50832E-3,1.22892E-3,-5.74205E-4,-2.00775E-3,-2.33708E-3,1.19386E-3,5.86585E-4,-2.80520E-3,-7.90689E-4,-5.24699E-3,-2.61761E-3,-3.00923E-3,-3.65837E-3,-2.46621E-4,-4.22351E-3,-1.87643E-3,-1.80217E-3,-2.40223E-3,-9.33981E-5,-4.48600E-3,-3.07236E-3,2.40583E-3,-3.21306E-3,4.09451E-3,-2.86043E-3,-2.56057E-3,-1.77074E-3,-1.94005E-4,-1.59341E-3,-1.67131E-3
1.44694E+3,5.84064E-4,-2.59646E-3,-9.94615E-4,-8.83614E-5,6.41174E-4,-2.43623E-3,1.53282E-3,-5.66378E-4,5.08953E-4,8.77583E-4,-3.09671E-5,3.01550E-3,7.35972E-4,-2.20078E-3,1.01772E-3,1.26021E-3,1.02909E-3,3.64197E-3,4.25010E-4,-1.93319E-3,1.44721E-3,-2.27406E-3,6.19644E-4,-4.62975E-3,-2.76460E-3,-6.05859E-3,-6.21158E-3,-7.59574E-3,-9.17654E-3,-1.34865E-2,-1.08033E-2,-1.34680E-2,-1.30933E-2,-1.29776E-2,-1.37565E-2,-1.45592E-2,-1.34800E-2,-1.04029E-2,-1.45358E-2,-1.03455E-2,-5.48764E-3,-1.06253E-2,-9.36217E-3,-1.10241E-2,-6.56886E-3,-1.18871E-2,-1.13264E-2,-1.05518E-2,-1.15462E-2,-1.00125E-2,-9.70818E-3,-9.75708E-3,-7.45517E-3,-9.19073E-3,-6.36852E-3,-8.91565E-3,-5.22932E-3,-6.57183E-3,-8.42767E-3,-5.19537E-3,-5.68897E-3,-8.37980E-3,-7.40781E-3,-5.53287E-3,-9.40236E-3,-7.41307E-3,-7.17846E-3,-6.54407E-3,-7.71455E-3,-9.87824E-3,-3.28847E-3,-5.25682E-3,-5.11156E-3,-7.13145E-3,-4.37146E-3,-4.57260E-3,-6.64361E-3,-5.45532E-3,-5.07200E-3,-3.44818E-3,-5.48700E-3,-6.02428E-3,-1.65037E-3,-3.33607E-3,-3.25114E-3,-2.92149E-3,-5.37953E-3,-5.57602E-3,-3.84608E-3,-5.06253E-3,-3.92474E-3,-1.61891E-3,-3.33497E-3,-1.67783E-3,-1.72897E-3,-4.01916E-3,-4.03890E-3,-3.31846E-3,-1.58455E-3,-1.62315E-3,-2.13498E-3,-4.16934E-3,1.49202E-3,-3.05652E-3,-1.58378E-3,-2.03457E-3,-2.75909E-3,-2.92875E-3,-3.92609E-3,-1.37530E-3,-3.21306E-3,6.00215E-4,-1.65933E-3,-4.76304E-3,-3.14194E-3,-2.61229E-3,2.40900E-3,-1.79007E-3,-8.20048E-5,-2.42912E-3,-3.17358E-3,-3.33504E-3,-2.09532E-3,-2.39076E-3,-1.90789E-3,-1.15147E-3,1.42777E-3,3.28700E-3,9.17115E-4,3.55818E-5,2.94727E-3,-4.07004E-3,-3.94608E-3,-1.24393E-3,9.39703E-4,-2.59563E-3,1.08226E-3,-1.73407E-4,3.06172E-5,-1.81335E-3,-5.23513E-3,-1.83499E-3,1.06329E-3,-2.28290E-3,-2.46595E-3,-2.65728E-3,4.39164E-4,1.89620E-3,1.71336E-3,-1.24899E-3,4.87761E-4,-9.25760E-4,-4.39184E-3,9.65957E-4,-1.44156E-3,-2.09876E-3,-4.66076E-3,1.56450E-3,-3.19072E-3,-7.90959E-4,-1.08984E-3,-2.55749E-3,-2.26715E-3,-2.51206E-3,-3.00101E-5,-4.06466E-3,-8.31082E-4
1.45047E+3,5.78757E-4,-5.29218E-4,-1.99182E-4,9.34357E-4,2.83296E-4,-2.92175E-3,4.91185E-3,9.04026E-4,-3.79108E-3,-1.57970E-3,-1.89133E-4,4.92637E-3,-4.07427E-4,-1.58974E-3,-1.33143E-3,-1.41022E-3,-1.01913E-4,2.09148E-4,-2.12170E-3,-7.55754E-4,-1.36134E-3,-7.21423E-4,-2.89137E-3,-4.70642E-3,-5.85627E-3,-6.54232E-3,-6.12343E-3,-8.69181E-3,-1.10408E-2,-1.24941E-2,-1.04943E-2,-1.49272E-2,-1.30790E-2,-1.42375E-2,-1.72574E-2,-1.48739E-2,-1.42987E-2,-9.77108E-3,-1.33042E-2,-9.67912E-3,-8.75307E-3,-9.34295E-3,-1.02915E-2,-1.23861E-2,-7.28374E-3,-1.07551E-2,-1.17386E-2,-1.23027E-2,-9.63807E-3,-8.52482E-3,-9.55550E-3,-7.30308E-3,-9.71578E-3,-9.41195E-3,-6.78191E-3,-7.87122E-3,-7.90267E-3,-7.41963E-3,-7.59917E-3,-5.38197E-3,-6.24907E-3,-8.62709E-3,-7.01852E-3,-6.50776E-3,-6.16575E-3,-8.66016E-3,-8.37868E-3,-6.39345E-3,-7.68529E-3,-7.06660E-3,-9.87094E-3,-5.36291E-3,-5.34262E-3,-6.28400E-3,-8.71791E-3,-6.78404E-3,-6.52984E-3,-3.40030E-3,-5.71288E-3,-4.83937E-3,-4.61787E-3,-6.48291E-3,-5.64920E-3,-2.66108E-3,-5.62425E-3,-6.70112E-3,-3.32284E-3,-6.99955E-3,-1.86111E-3,-6.17446E-3,-5.23630E-3,-5.36893E-3,-1.12632E-3,-2.91988E-3,-3.71233E-3,-5.27363E-3,-4.64177E-3,-4.97291E-3,-5.48084E-3,-5.17313E-3,-1.47757E-3,-5.20751E-3,-5.67181E-3,4.87907E-4,-5.19266E-3,-5.01676E-3,-2.66533E-3,-1.36514E-3,-5.21360E-3,-3.14059E-3,-7.90507E-3,-2.72530E-3,-2.86795E-3,-4.54961E-3,-4.23416E-3,-5.65561E-3,-2.98840E-3,-1.07097E-3,-3.57234E-3,-4.24656E-3,-1.60271E-3,-3.35120E-3,-1.44306E-3,-9.26228E-4,-3.96635E-3,-3.27783E-3,1.70976E-3,-2.24080E-3,-1.76227E-3,-2.16151E-4,-2.27114E-3,-4.89067E-3,-4.92298E-3,-2.47986E-3,1.11272E-3,-3.15724E-3,-2.58208E-3,2.12745E-4,5.47587E-5,-1.11885E-3,-3.22493E-3,-2.49656E-3,-8.86442E-4,-3.58978E-3,1.56762E-3,-3.44089E-3,-3.49540E-3,-2.51636E-3,-2.60465E-3,-2.75740E-3,-2.84133E-3,-1.58026E-3,-3.69204E-3,-5.77505E-3,3.20950E-5,-2.51462E-3,-9.50195E-4,-4.38554E-3,3.65360E-4,-3.40221E-3,-2.93474E-3,-3.50499E-3,-2.48226E-3,-4.24551E-3,-6.72934E-4,-2.42037E-3,-3.21263E-3
1.45399E+3,2.91167E-3,-1.84424E-3,-8.67892E-4,-2.24688E-3,-1.24328E-4,-1.28201E-3,2.78010E-3,-2.01342E-4,3.96603E-3,-5.21680E-3,1.44923E-3,2.98031E-3,1.37701E-3,-2.81019E-3,-8.70658E-4,-1.20608E-3,-2.22750E-3,-3.24214E-3,1.45258E-3,-3.43854E-4,-1.26648E-3,1.36183E-4,3.73460E-4,-4.58326E-3,-3.82294E-3,-8.43152E-3,-4.80956E-3,-1.01522E-2,-6.65752E-3,-9.27559E-3,-1.42387E-2,-1.71811E-2,-1.52824E-2,-1.18279E-2,-1.43333E-2,-1.51890E-2,-1.47111E-2,-9.55853E-3,-1.33245E-2,-1.30073E-2,-1.05974E-2,-1.13602E-2,-8.12769E-3,-1.19534E-2,-7.87186E-3,-9.97921E-3,-1.16474E-2,-9.01576E-3,-9.84589E-3,-9.79529E-3,-1.07707E-2,-7.24717E-3,-9.91928E-3,-8.54311E-3,-3.88671E-3,-7.73895E-3,-5.90934E-3,-4.93425E-3,-3.17059E-3,-6.97652E-3,-5.88617E-3,-9.15134E-3,-3.54574E-3,-6.74347E-3,-4.78919E-3,-7.79197E-3,-8.44568E-3,-4.61830E-3,-7.13927E-3,-5.24630E-3,-6.20944E-3,-4.25800E-3,-9.15353E-4,-4.99497E-3,-4.43747E-3,-4.90993E-3,-4.47866E-3,-4.55728E-3,-3.87911E-3,-4.12388E-3,-5.48678E-3,-3.20330E-3,-7.58500E-3,-5.97597E-3,-4.68156E-3,-6.61527E-3,-2.59461E-3,-6.72171E-3,-5.17182E-3,-3.35870E-3,-8.98235E-4,-4.05707E-3,-2.44157E-3,-3.12075E-3,-8.84230E-4,-4.96177E-3,-3.19199E-3,-2.94190E-3,-6.51983E-3,-4.54155E-3,-5.27654E-3,2.04656E-4,-1.48283E-3,-3.62620E-3,-2.40876E-4,-6.70119E-3,-1.33167E-3,-3.82235E-3,-5.71985E-3,-4.84532E-3,-7.37610E-4,1.18189E-4,-2.99220E-3,-1.15480E-3,-7.10632E-4,7.04532E-4,-9.57709E-4,-5.33378E-3,-7.79021E-4,-2.79827E-3,-1.85706E-4,-4.98086E-4,-9.31004E-4,-1.82387E-3,-3.28463E-3,-9.64483E-4,1.00894E-3,-1.31477E-3,-2.82639E-3,-3.02039E-4,-8.86411E-4,-2.63475E-3,1.22154E-3,-7.30056E-4,-1.20419E-3,-4.89710E-3,-2.58683E-3,-1.90448E-3,2.41422E-4,-2.45933E-3,-4.22170E-4,-3.48747E-3,1.00473E-5,-1.01892E-3,2.31575E-3,-2.53912E-3,3.76862E-4,1.27418E-3,5.13271E-4,-1.98769E-4,1.36876E-3,-3.18526E-3,1.56005E-3,-4.26835E-4,-4.61989E-3,-4.06907E-3,-1.42024E-3,-4.74621E-4,-2.81313E-3,9.40574E-4,8.81796E-4,-2.85876E-3,-1.24142E-3,-4.03086E-3,-3.81922E-3,-5.23871E-3,-4.46683E-3
1.45752E+3,-7.48128E-4,-2.62057E-3,-1.44048E-3,1.80547E-3,-1.60593E-3,-1.27497E-3,2.53904E-3,4.10852E-3,2.51518E-3,-1.49712E-3,-7.21339E-4,-1.32811E-3,1.06259E-3,-3.62678E-3,2.83262E-3,-1.42921E-3,1.09099E-3,-2.30414E-3,-2.39232E-4,2.70328E-5,8.31329E-4,2.59051E-4,2.06791E-3,-3.19394E-3,-3.03087E-3,-9.56662E-3,-6.62144E-3,-8.44017E-3,-7.34099E-3,-1.03547E-2,-1.40882E-2,-1.23456E-2,-1.49603E-2,-1.36640E-2,-1.61849E-2,-1.78825E-2,-1.40698E-2,-1.07511E-2,-1.32900E-2,-9.45252E-3,-1.06846E-2,-1.14709E-2,-9.95294E-3,-9.52496E-3,-8.48833E-3,-1.13783E-2,-1.22400E-2,-8.79775E-3,-9.51653E-3,-9.43387E-3,-8.31393E-3,-8.41680E-3,-6.55822E-3,-9.53032E-3,-9.45635E-3,-1.08728E-2,-8.61916E-3,-7.61005E-3,-3.26928E-3,-7.55849E-3,-7.52368E-3,-8.98235E-3,-5.44229E-3,-7.44530E-3,-5.61515E-3,-1.03725E-2,-8.44904E-3,-7.69704E-3,-6.70105E-3,-7.16610E-3,-7.03137E-3,-3.36395E-3,-2.02927E-3,-5.10695E-3,-6.23208E-3,-6.28718E-3,-6.41420E-3,-5.29987E-3,-3.47885E-3,-4.15627E-3,-2.48294E-3,-2.00582E-3,-3.00922E-3,-6.81611E-3,-2.86940E-3,-7.47394E-3,-3.47276E-3,-3.22436E-3,-1.14948E-3,-6.14551E-3,-1.18421E-3,-2.40084E-3,-2.82166E-3,1.69891E-3,-5.27151E-3,-4.48057E-3,-4.04376E-3,-6.51358E-3,-7.13501E-3,-2.43440E-3,-3.77996E-3,-4.60967E-3,1.22359E-3,-3.50348E-3,-4.46312E-3,-5.31396E-3,-5.48795E-4,-5.34825E-4,-3.82876E-3,-3.93345E-3,-3.73207E-3,-6.46883E-3,-2.01929E-3,-3.71613E-3,-1.38560E-4,-1.56237E-3,-8.18585E-4,-8.53295E-4,2.06937E-4,-4.68089E-3,-1.52673E-4,-2.31066E-3,-1.34275E-3,-3.59627E-3,-2.33958E-3,-5.53696E-3,1.39184E-4,4.15205E-3,4.00410E-4,-3.22168E-3,1.19739E-3,5.40709E-4,9.89410E-4,-3.86556E-3,-7.73347E-4,-7.84818E-5,-2.69897E-3,-1.41865E-3,3.75003E-3,1.83243E-4,-1.00586E-3,-2.34546E-3,-1.68097E-3,-1.65140E-3,2.49747E-3,-2.57967E-3,-2.79362E-5,-5.72048E-4,1.46839E-3,-1.11874E-3,1.31448E-3,-8.68131E-4,-1.69112E-3,-2.39895E-3,4.92796E-4,-4.47629E-3,-1.46229E-3,-4.49490E-3,-1.59054E-3,-1.84320E-3,4.56580E-3,-1.63317E-3,-3.83291E-3,-2.35660E-3,1.60080E-3,-3.63861E-3,7.26195E-4
1.46105E+3,2.20750E-3,-1.90847E-3,-2.64135E-3,1.73979E-3,-1.07668E-3,-2.85951E-3,1.14561E-3,1.93361E-4,-1.19727E-3,2.10908E-3,1.98555E-3,4.36878E-3,-3.55347E-3,1.97341E-4,-7.10265E-4,-1.93788E-3,4.42696E-4,-8.03055E-4,1.42136E-3,3.31197E-3,8.34353E-4,2.17355E-3,4.45360E-4,-2.48142E-3,-8.01804E-4,-8.14267E-3,-6.12706E-3,-7.48994E-3,-7.70549E-3,-1.52942E-2,-1.51351E-2,-1.56202E-2,-1.31601E-2,-1.63014E-2,-1.65492E-2,-1.62576E-2,-1.41448E-2,-1.14421E-2,-1.56416E-2,-1.02779E-2,-8.88318E-3,-9.57505E-3,-4.91579E-3,-1.26742E-2,-1.11445E-2,-1.19101E-2,-1.31307E-2,-1.26642E-2,-1.35401E-2,-1.07072E-2,-6.54467E-3,-1.15815E-2,-1.06059E-2,-1.25499E-2,-5.45593E-3,-1.05579E-2,-8.60981E-3,-9.15687E-3,-5.49716E-3,-1.05240E-2,-9.30867E-3,-9.56475E-3,-5.72486E-3,-8.79205E-3,-4.63899E-3,-4.78375E-3,-7.77221E-3,-8.99820E-3,-5.62350E-3,-5.90333E-3,-7.88492E-3,-8.76954E-3,-4.36922E-3,-4.12515E-3,-6.60780E-3,-4.28506E-3,-3.23594E-3,-8.27149E-3,-4.83469E-3,-7.02935E-3,-9.91754E-3,-4.21541E-3,-6.67494E-3,-7.73466E-3,-4.31243E-3,-5.89175E-3,-4.73592E-3,-6.85031E-3,-3.19232E-3,-3.64840E-3,-3.54155E-3,-3.84128E-3,-3.45477E-3,-7.17757E-3,-3.32396E-3,-3.04132E-3,-4.78346E-3,-5.09043E-3,-7.10581E-3,-4.44632E-3,-3.45767E-3,-2.28030E-3,-2.39049E-3,-3.26568E-4,-5.56183E-4,-6.69467E-3,-6.84378E-4,-2.48647E-3,-4.01733E-3,-9.77978E-3,-7.76767E-3,-1.62077E-3,-2.37158E-3,-2.21965E-3,-4.79213E-3,-3.35445E-3,-5.11805E-3,-2.50142E-3,-3.91829E-3,-4.64280E-3,-1.54152E-3,-2.86771E-3,6.75243E-4,-9.64640E-4,-4.62220E-3,-3.91023E-3,-1.28151E-3,3.19559E-3,5.88405E-5,-1.42358E-5,2.20774E-4,-7.44944E-4,-4.10482E-3,6.85697E-4,-5.06921E-3,-2.30122E-3,-6.27286E-3,-1.16953E-3,-1.14508E-3,-2.61434E-3,8.80732E-5,-5.76913E-3,-1.39690E-3,-2.47086E-3,-9.33218E-4,-1.62011E-3,-3.90895E-3,-2.21202E-3,-4.98431E-3,-1.41671E-3,-4.19460E-3,-3.70344E-3,-1.08420E-3,1.96315E-4,-3.26253E-3,-4.57758E-3,-2.54321E-3,-4.38010E-3,2.59412E-3,3.96278E-3,4.56435E-3,-2.63591E-3,-3.27819E-3,-5.79073E-3,-4.76671E-4,-5.38982E-3,-2.43576E-3
1.46457E+3,-4.87621E-4,5.89641E-4,-5.27676E-4,5.80629E-4,-7.84231E-4,-1.77561E-3,-7.07015E-4,-8.34664E-4,1.36765E-3,1.79078E-3,1.61556E-4,-1.73389E-3,2.37774E-3,-2.25008E-4,2.07719E-4,3.10628E-4,2.96588E-3,-3.15446E-3,3.21331E-3,1.26748E-3,-7.61656E-5,-5.45930E-6,3.35204E-3,-1.36245E-3,1.82310E-4,-8.95349E-3,-3.37830E-3,-9.96245E-3,-9.09007E-3,-1.26149E-2,-1.67025E-2,-1.39453E-2,-1.31074E-2,-1.40733E-2,-1.79006E-2,-1.31680E-2,-1.16071E-2,-1.15544E-2,-1.35192E-2,-9.23296E-3,-8.76748E-3,-1.02777E-2,-1.22197E-2,-1.07847E-2,-7.92545E-3,-1.57491E-2,-1.08129E-2,-8.79819E-3,-6.75683E-3,-1.11255E-2,-9.17323E-3,-8.15477E-3,-6.30209E-3,-9.12624E-3,-6.64410E-3,-9.27999E-3,-5.76139E-3,-5.86650E-3,-5.68820E-3,-9.47716E-3,-6.72082E-3,-7.54276E-3,-2.64037E-3,-3.76625E-3,-5.20485E-3,-5.02077E-3,-9.12528E-3,-8.74678E-3,-6.47509E-3,-5.06711E-3,-5.36941E-3,-6.69762E-3,-5.00998E-3,-6.65356E-3,-5.31477E-3,-6.43987E-3,-1.74339E-3,-7.98098E-3,-5.95777E-3,-1.46806E-3,-2.88931E-3,-2.56430E-3,-2.75410E-3,-6.40531E-3,5.53264E-4,-3.27125E-3,-1.42490E-3,-8.18475E-4,-1.07552E-3,-2.00476E-3,-4.35286E-3,-2.49858E-3,-3.22922E-3,-5.03913E-3,6.26547E-5,-3.60644E-4,-4.61771E-3,-1.83479E-3,-3.73645E-3,-4.82626E-3,1.60504E-3,-2.58371E-3,-8.06875E-4,-1.75236E-3,-7.07427E-4,-3.40970E-3,-8.70899E-4,-2.88863E-3,-4.04980E-3,-4.35108E-3,-3.06335E-3,-3.08124E-4,1.84882E-3,-4.70874E-3,2.48142E-3,-4.45219E-3,1.86733E-3,-6.13182E-4,-1.23524E-3,-1.45984E-3,-1.55434E-4,-7.14329E-4,-3.27270E-5,-2.68003E-3,-2.70490E-4,-1.33317E-3,7.10531E-3,-1.00619E-3,-1.82100E-3,2.63366E-3,-9.79518E-4,-3.05168E-3,1.41297E-3,4.36949E-5,-4.48351E-3,2.44791E-3,-1.95185E-3,9.11898E-4,1.34841E-3,1.64474E-3,2.85518E-3,-2.04407E-3,2.24231E-4,4.96055E-3,1.03333E-3,-2.65954E-3,-1.18798E-4,2.78377E-3,3.08842E-4,-5.76057E-3,9.89225E-4,-3.92037E-3,-1.32990E-3,2.92969E-3,-3.07596E-3,-4.23392E-3,-2.83535E-3,-3.08342E-3,1.68001E-3,1.36543E-3,7.82322E-3,-5.35223E-3,-3.70923E-3,-3.06897E-3,-6.97428E-4,-5.63666E-3,2.13449E-3
1.46810E+3,3.87365E-3,-2.46072E-3,4.28006E-5,2.22167E-3,-2.41786E-3,-8.53229E-4,5.75953E-3,1.70706E-3,4.31014E-3,-1.46720E-3,-3.58541E-3,7.72391E-4,-2.56076E-3,-1.39065E-3,-3.95142E-3,-2.24641E-3,-6.48980E-4,-2.09612E-4,3.96490E-3,2.08291E-3,-3.43022E-3,-1.87383E-3,-2.70230E-3,-5.04522E-3,-4.76499E-3,-1.04344E-2,-8.58379E-3,-1.11593E-2,-1.00078E-2,-1.63626E-2,-1.45509E-2,-1.82952E-2,-1.48009E-2,-1.81069E-2,-1.61142E-2,-2.02402E-2,-1.11628E-2,-1.16292E-2,-1.23550E-2,-1.05436E-2,-1.04104E-2,-1.40558E-2,-1.06700E-2,-8.60956E-3,-1.14143E-2,-1.37322E-2,-1.31107E-2,-1.24815E-2,-1.17507E-2,-8.52135E-3,-6.69206E-3,-8.48440E-3,-9.97028E-3,-1.20419E-2,-7.92112E-3,-1.47255E-2,-1.13900E-2,-8.88206E-3,-5.44933E-3,-4.13174E-3,-6.50039E-3,-1.06005E-2,-9.28505E-3,-7.02852E-3,-4.88485E-3,-6.15839E-3,-1.09627E-2,-1.32140E-2,-1.05716E-2,-8.27855E-3,-5.50044E-3,-7.59741E-3,-1.93933E-3,-7.88033E-3,-9.88362E-3,-8.86271E-3,-4.05675E-3,-5.41555E-3,-2.02772E-3,-8.39296E-3,-3.16675E-3,-5.02186E-3,-6.56050E-3,-6.81217E-3,-3.35928E-3,-8.85443E-3,-6.36389E-3,-3.86549E-3,-5.31534E-3,-9.34743E-3,-5.05575E-3,-4.73686E-3,-4.48083E-3,-6.53142E-3,-7.91778E-3,-4.84616E-3,-6.80748E-3,-8.00393E-3,-6.28429E-3,-5.38041E-3,-1.39749E-3,-6.10999E-3,-3.28822E-3,-8.41743E-4,-2.34189E-3,-6.52385E-3,-3.10143E-3,-5.12201E-3,-4.43697E-3,-4.75930E-3,-7.51800E-3,-4.25174E-3,-4.63753E-3,-1.97788E-3,-9.14426E-3,-6.06701E-3,-2.48569E-3,-4.56007E-3,-5.49981E-3,-2.35487E-3,-2.99161E-3,-1.90574E-3,-2.33797E-3,-7.94382E-4,-3.16613E-3,-2.80418E-3,-3.27069E-3,6.21854E-4,-8.44923E-4,-6.83737E-3,6.04091E-4,-5.17273E-3,-5.22438E-3,-5.69806E-3,-1.96208E-3,-3.46283E-3,-2.35113E-3,-2.77539E-3,-1.73251E-3,-4.02895E-3,-2.52276E-3,-2.05740E-3,-3.46898E-3,1.68555E-3,-1.13044E-3,-1.54574E-3,-3.25954E-3,7.55192E-4,-9.81892E-4,-4.36654E-3,-5.28856E-3,-5.69948E-3,-1.68211E-3,-6.05426E-3,-6.01815E-3,-4.54948E-3,-1.70782E-3,-5.61944E-3,2.10704E-3,-5.53350E-5,2.21956E-3,-1.37643E-3,-1.43789E-3,-5.39410E-3,-5.14926E-3,-3.74132E-3,-1.06221E-3
1.47163E+3,-3.14233E-4,-3.15541E-3,8.08830E-4,-3.69573E-4,1.76891E-3,-2.83699E-3,-1.42000E-3,-1.36170E-3,1.69569E-3,-3.72586E-3,2.84047E-3,2.61845E-3,3.03697E-3,-1.68281E-3,2.09724E-3,-5.22045E-4,-2.16868E-3,9.27188E-4,1.55655E-3,1.22655E-3,9.61127E-4,-4.03505E-3,2.85621E-3,-5.20025E-3,-5.13549E-3,-1.18687E-2,-1.03652E-2,-1.10539E-2,-1.12610E-2,-1.68612E-2,-1.66487E-2,-1.94873E-2,-1.21206E-2,-1.66094E-2,-2.18256E-2,-1.97303E-2,-1.65512E-2,-1.81975E-2,-1.30847E-2,-1.07298E-2,-1.07316E-2,-1.39365E-2,-1.05395E-2,-1.20459E-2,-1.21131E-2,-1.26704E-2,-1.34989E-2,-7.07650E-3,-1.32529E-2,-1.22615E-2,-1.24527E-2,-9.24073E-3,-6.39141E-3,-1.04917E-2,-9.76830E-3,-1.15591E-2,-7.90617E-3,-8.55244E-3,-7.19860E-3,-6.47769E-3,-9.57435E-3,-8.38587E-3,-3.08905E-3,-1.08749E-2,-4.68497E-3,-9.26472E-3,-9.35578E-3,-1.15803E-2,-7.16168E-3,-9.63654E-3,-9.70098E-3,-1.00776E-2,-6.03355E-3,-4.94352E-3,-6.65158E-3,-7.66857E-3,-5.66042E-3,-9.20085E-3,-7.76496E-3,-6.16885E-3,-5.76345E-3,-6.04671E-3,-2.50951E-3,-3.07178E-3,-7.66937E-3,-6.88176E-3,-6.80668E-3,-6.89851E-3,-8.12406E-3,-1.12216E-2,-6.32502E-3,-4.81809E-3,-2.76089E-3,-1.62178E-3,-3.19012E-3,-2.86911E-3,-6.27368E-3,-5.53982E-3,-8.12610E-3,-6.51112E-3,-5.16814E-3,-2.75110E-3,-1.83731E-3,-4.70421E-3,2.44365E-3,-1.85918E-3,-2.48290E-3,-2.94603E-3,-4.49949E-3,-4.52187E-3,-5.24004E-3,-7.24477E-4,2.87778E-3,-8.03191E-3,-5.66137E-3,-1.20396E-3,-4.95759E-3,-1.52236E-3,-5.00238E-3,-5.57950E-3,-3.41050E-3,-5.00144E-3,-1.59627E-3,1.77878E-4,-7.22886E-3,-8.44561E-3,5.18731E-3,-1.72094E-3,-4.09887E-3,-6.90831E-4,-2.97342E-3,-1.63383E-3,-4.57450E-3,-1.30529E-3,-2.23564E-3,-7.20162E-3,1.24957E-4,-1.01125E-3,3.50784E-3,-8.28702E-4,-3.77411E-3,-6.74515E-3,9.27185E-4,1.14470E-3,1.46383E-4,-6.02177E-3,-6.07161E-3,1.75529E-3,1.19359E-3,-7.06007E-3,-3.16292E-3,-3.68898E-3,-4.63210E-3,-3.48115E-4,-5.02844E-3,-5.45519E-3,-2.03188E-3,-3.46355E-3,-1.16264E-4,4.78226E-4,8.36969E-3,-5.78530E-3,-2.65971E-3,-4.97190E-3,-1.26055E-3,-2.11153E-3,-7.09974E-3
1.47516E+3,9.50272E-4,-2.27792E-3,-3.95796E-3,2.26849E-3,-4.21138E-3,-3.28758E-3,5.05676E-3,2.07600E-4,5.93631E-4,2.67321E-3,7.22339E-3,2.64838E-5,1.47056E-3,-3.31074E-3,-3.42484E-3,-1.67850E-3,2.96820E-3,3.37653E-3,1.68109E-3,4.87287E-3,-2.49507E-3,-8.58141E-4,1.18985E-3,-3.15391E-3,-1.97215E-3,-1.12482E-2,-6.33734E-3,-1.37587E-2,-1.03172E-2,-1.68529E-2,-1.79812E-2,-1.97357E-2,-1.58522E-2,-1.69565E-2,-2.08823E-2,-1.68192E-2,-1.77821E-2,-9.14335E-3,-1.28143E-2,-1.39990E-2,-7.89769E-3,-1.10971E-2,-1.30398E-2,-1.45703E-2,-1.20211E-2,-1.39240E-2,-1.47607E-2,-7.21190E-3,-1.39281E-2,-9.78477E-3,-1.57600E-2,-1.31784E-2,-9.99637E-3,-8.22541E-3,-3.89885E-3,-1.60415E-2,-7.47767E-3,-5.36702E-3,-6.30295E-3,-3.44808E-3,-1.13011E-2,-7.37781E-3,-1.05031E-2,-1.38345E-2,-6.95983E-3,-1.07618E-2,-1.06542E-2,-1.29685E-2,-1.05667E-2,-1.01232E-2,-7.62118E-3,-5.15463E-3,-4.06100E-3,-1.47447E-3,-8.77428E-3,-4.84930E-3,-1.07935E-2,-6.98967E-3,-1.06788E-2,-6.81665E-3,-6.03487E-3,-2.17132E-3,-5.66825E-3,-1.17121E-2,-4.73090E-3,-9.45943E-3,-8.55995E-3,-4.87264E-3,-6.20285E-3,-8.24315E-3,-7.96886E-3,-1.50570E-3,1.26751E-3,7.31362E-4,-3.31815E-3,-4.85685E-3,-6.78655E-3,-7.75740E-3,-2.64693E-3,-3.52333E-3,-9.06662E-3,-6.03848E-3,-4.84651E-3,1.87630E-3,-3.18584E-3,-6.80346E-3,-2.74184E-3,-3.39454E-3,-5.30637E-3,-5.97662E-3,-8.74813E-3,-6.15816E-3,-3.35873E-3,-4.75663E-3,-1.25591E-3,-8.43285E-4,8.21027E-3,-5.37075E-3,-3.43861E-3,-5.96825E-3,-4.68773E-3,-5.23990E-3,-1.25944E-3,-2.76156E-3,-6.12179E-3,-2.29282E-3,-2.71151E-3,-6.61714E-3,-1.95017E-3,-4.51532E-3,4.65511E-4,-2.10239E-3,-8.17156E-4,-3.05948E-3,-2.07886E-3,-2.51419E-3,-4.64736E-3,-7.23313E-4,-3.55995E-3,-4.26518E-3,-9.69499E-4,-4.89071E-3,-2.95449E-3,-2.54882E-3,9.94214E-4,-1.85798E-3,-5.09851E-3,3.27849E-3,-1.06063E-3,-4.73586E-4,-5.21946E-3,-5.24083E-3,-4.24582E-4,-8.40213E-4,-4.64960E-3,-3.04818E-3,-4.21264E-3,-5.64076E-3,8.93441E-4,-2.07827E-4,4.52185E-3,-8.14506E-3,-6.37380E-3,-6.46386E-3,-5.77069E-3,-5.62411E-3,-4.82878E-3
1.47869E+3,3.41142E-4,-3.01511E-3,-3.54473E-4,2.42914E-4,-1.65892E-4,2.18372E-4,1.08486E-3,4.09368E-3,3.60019E-3,2.52935E-3,-2.86649E-3,-3.70681E-3,3.21485E-3,-3.65556E-3,-1.56102E-3,5.47689E-4,-3.33345E-4,3.93136E-4,2.95342E-3,9.04638E-3,1.50993E-3,-1.98051E-3,2.87369E-3,-4.94658E-3,-1.64919E-3,-1.13640E-2,-4.68961E-3,-1.52239E-2,-9.42607E-3,-1.82664E-2,-1.74083E-2,-1.35860E-2,-1.35984E-2,-1.81229E-2,-1.90508E-2,-1.75450E-2,-8.58667E-3,-9.78840E-3,-1.57330E-2,-1.27370E-2,-6.32132E-3,-1.11651E-2,-5.99289E-3,-1.23034E-2,-9.48696E-3,-1.47610E-2,-6.82669E-3,-9.21695E-3,-1.18967E-2,-1.24778E-2,-7.45146E-3,-7.70191E-3,-8.07385E-3,-9.39797E-3,-1.46111E-3,-9.61198E-3,-9.15900E-3,-3.44290E-3,-4.54444E-3,-4.55240E-3,-6.52162E-3,-7.99915E-3,-7.76562E-3,-8.78642E-3,-8.26174E-3,-7.75557E-3,-1.00161E-2,-5.23872E-3,-1.03851E-2,-6.97078E-3,-6.69234E-3,-1.14532E-2,-3.15969E-3,-5.97921E-3,-6.07741E-3,-1.05498E-2,-4.57508E-3,-2.62239E-3,-4.63966E-3,-3.39646E-3,-4.09957E-4,3.17391E-3,1.21153E-3,-3.25445E-3,-3.22928E-3,-9.57664E-3,-5.91265E-3,-1.33719E-3,-4.48737E-3,-6.23226E-3,-3.26630E-3,-4.07307E-3,2.51213E-4,-5.41115E-3,-3.06573E-3,5.41743E-4,-8.01168E-3,-6.31027E-3,-2.03613E-3,-4.30195E-3,1.21422E-3,-4.72154E-3,1.73812E-3,-1.69713E-3,3.16231E-3,-6.58195E-3,4.25414E-4,-3.50694E-3,-4.04039E-3,-6.54660E-3,-8.20231E-3,2.33871E-3,4.02004E-4,-8.58944E-3,-6.08094E-4,5.41545E-3,4.80699E-3,-1.87819E-3,-3.66933E-3,-3.09457E-3,-2.98630E-4,-6.81986E-4,2.11211E-3,2.31635E-5,-1.39797E-3,-4.02181E-3,5.07240E-3,8.90153E-4,-1.14365E-3,-3.67971E-3,6.89793E-4,1.69110E-3,1.60802E-3,-2.71015E-3,-4.61640E-3,3.83065E-3,-4.00614E-3,1.95922E-3,-5.98069E-4,9.57585E-4,-8.54451E-4,4.63193E-3,-1.08046E-3,2.26736E-3,1.47642E-3,-3.93469E-3,2.11255E-3,6.60592E-3,4.18159E-3,3.71787E-4,3.76318E-3,-4.55730E-3,3.44131E-4,1.57709E-3,-3.64850E-3,-2.81150E-3,1.35533E-3,-3.06447E-3,4.05599E-4,-4.92203E-4,6.11278E-4,-5.24960E-3,-5.68203E-3,-5.39737E-3,-8.88111E-4,-5.44483E-3,-8.54460E-4
1.48222E+3,-1.33360E-3,-1.50424E-3,-5.69012E-3,1.93300E-3,-1.91835E-3,-3.59815E-4,4.75762E-3,3.54403E-3,4.25888E-3,4.76852E-3,3.37908E-3,-2.67396E-3,-4.06058E-3,-2.55479E-3,-2.54570E-3,-1.15422E-3,-1.06939E-3,1.97810E-3,4.09101E-3,1.86194E-3,-2.18303E-4,-4.23853E-3,-1.61373E-3,-6.93681E-3,-6.05002E-3,-1.49211E-2,-6.74063E-3,-1.33917E-2,-1.57214E-2,-1.90565E-2,-1.88555E-2,-1.72202E-2,-1.36419E-2,-1.67647E-2,-1.81542E-2,-2.23404E-2,-1.48051E-2,-1.65398E-2,-1.68993E-2,-9.28146E-3,-9.31913E-3,-1.06396E-2,-1.20575E-2,-9.71966E-3,-6.51308E-3,-1.69080E-2,-1.25453E-2,-7.70328E-3,-1.04873E-2,-1.31678E-2,-1.20186E-2,-1.16325E-2,-1.36328E-2,-1.06363E-2,-6.70061E-3,-1.18241E-2,-9.17239E-3,-1.12518E-2,-6.13289E-3,-9.12470E-3,-4.68859E-3,-6.28457E-3,-7.16720E-3,-1.31784E-2,-7.81726E-3,-8.85516E-3,-1.26357E-2,-9.93422E-3,-9.91311E-3,-9.95092E-3,-1.48617E-2,-1.01286E-2,-3.60156E-3,-7.69789E-3,-8.27325E-3,-1.08475E-2,-6.53649E-3,-4.56545E-3,-4.64208E-3,-7.11823E-3,-1.74315E-3,-2.46196E-3,-5.31866E-3,-9.20510E-3,-2.72712E-3,-1.11454E-2,-5.01640E-3,-4.33949E-3,-4.39699E-3,-7.34940E-3,-9.40530E-3,-5.29476E-3,-2.05276E-3,-4.32670E-3,-8.29719E-3,-1.99719E-3,-8.95289E-3,-8.86953E-3,-2.09275E-3,-9.45962E-3,-8.69172E-3,-5.37264E-3,-4.79950E-3,2.53825E-3,-1.43988E-3,-6.42305E-3,-5.59688E-3,-3.16485E-3,-1.88254E-3,-8.38931E-3,-5.93549E-3,-6.21135E-4,-5.00219E-3,-7.93328E-3,-1.72488E-3,1.65896E-3,-1.23328E-3,-4.17443E-3,-5.21798E-3,-3.64148E-3,-6.07210E-3,-7.15838E-3,-3.37318E-3,1.26827E-3,-5.61200E-3,-4.68138E-3,3.36232E-4,-1.31195E-3,-3.82525E-3,-4.18530E-3,-3.06046E-3,1.27992E-3,8.74872E-5,-2.75405E-3,-8.25577E-3,1.30114E-3,-3.49784E-3,-3.77623E-3,-3.60235E-3,-4.14928E-3,-1.86160E-3,-3.33817E-3,1.23139E-3,-2.60078E-3,1.06065E-3,-6.03921E-3,-6.20655E-3,6.17661E-3,-1.67171E-3,2.69558E-3,-5.24055E-3,-5.03656E-3,-5.23091E-3,-1.95326E-3,-4.68476E-3,-3.87550E-3,2.45060E-3,-7.31967E-3,1.71063E-3,-1.36853E-3,4.97019E-3,-5.37591E-3,-3.11183E-3,-5.26400E-3,-6.15798E-3,-9.41561E-3,-2.99179E-3
1.48575E+3,-1.18796E-3,-5.29610E-4,-1.18473E-3,1.18797E-3,-5.81706E-3,-3.58957E-3,-6.67950E-4,3.40599E-3,8.35647E-5,7.27725E-5,3.03466E-3,2.04817E-3,3.86445E-3,-2.26259E-3,1.54190E-3,1.85781E-4,4.80090E-4,4.08692E-3,4.79247E-3,5.51627E-3,4.06110E-3,-3.34111E-3,4.19807E-3,-1.11000E-2,-1.78275E-3,-1.58103E-2,-6.82002E-3,-1.65636E-2,-1.60456E-2,-1.88053E-2,-1.72701E-2,-1.98039E-2,-1.28861E-2,-1.98750E-2,-1.88950E-2,-1.85045E-2,-1.50297E-2,-1.08297E-2,-1.63601E-2,-9.06530E-3,-7.75203E-3,-1.76189E-2,-1.72780E-2,-1.21877E-2,-4.86063E-3,-1.32365E-2,-1.45301E-2,-3.17596E-3,-1.07894E-2,-1.05551E-2,-1.00352E-2,-1.02053E-2,-6.35420E-3,-1.03796E-2,-7.29815E-3,-1.42920E-2,-1.16662E-2,-8.15927E-3,-4.00549E-3,-5.36315E-3,-8.52530E-3,-9.16500E-3,-9.29028E-3,-8.97876E-3,-1.29587E-2,-8.13715E-3,-1.12283E-2,-9.37568E-3,-1.12891E-2,-8.90988E-3,-9.71077E-3,-6.40140E-3,-1.06137E-3,-3.55352E-3,-7.08498E-3,-8.33650E-3,-6.09317E-3,-5.98677E-3,-1.89602E-3,-1.01313E-2,5.89384E-4,1.55601E-4,-5.51205E-3,-6.36903E-3,-9.95651E-4,-9.79678E-3,-9.64917E-3,-1.98225E-3,-6.91864E-3,-4.39260E-3,-3.20137E-3,3.79258E-3,-2.31139E-3,-3.12403E-4,-3.42604E-3,-2.54991E-3,-8.66416E-3,-7.40211E-3,-5.58123E-3,-5.93022E-3,-2.40637E-3,-2.92826E-3,1.00725E-3,5.33520E-3,2.75400E-3,-5.19802E-3,-3.58509E-3,-6.90290E-3,-2.75627E-3,-8.27128E-3,-6.14686E-3,-5.75822E-3,-1.86992E-3,-3.44793E-3,-4.58078E-3,-1.80721E-4,5.45206E-3,-2.15308E-3,-4.23887E-4,-4.70301E-3,-4.33722E-3,-6.86096E-3,7.43769E-4,-3.05127E-3,-3.68937E-3,-1.07064E-2,4.82637E-3,3.45137E-3,-3.40318E-4,6.73501E-4,-2.97398E-3,3.34873E-3,1.15213E-4,4.42771E-4,-4.85634E-3,-3.99638E-4,-1.09960E-3,-1.97802E-3,2.32474E-3,9.88861E-4,1.05931E-3,-4.36541E-3,5.62552E-4,1.68477E-3,3.65569E-3,-6.21899E-3,-2.72255E-3,2.28542E-3,-4.79554E-3,1.03302E-3,5.35886E-4,-9.17987E-3,7.87831E-4,2.30037E-3,-3.06346E-3,-2.69985E-3,5.18345E-4,-4.39703E-3,-3.78403E-3,-2.35670E-3,5.35142E-3,-1.68977E-3,-6.58072E-3,-5.42987E-3,-4.12302E-4,-8.03821E-3,3.67358E-3
1.48928E+3,3.13290E-3,1.04233E-4,-5.47891E-4,-2.66116E-4,-4.11369E-3,-4.67908E-3,5.86031E-4,3.60452E-3,5.38948E-3,-1.81561E-3,3.91483E-3,5.09319E-3,-6.56205E-3,-3.45430E-3,-3.86439E-4,-2.57598E-3,6.25271E-3,5.40661E-4,2.75857E-4,6.74606E-3,-3.07382E-3,-2.45322E-3,-3.01384E-3,-7.69617E-3,-6.08839E-3,-1.33098E-2,-1.04224E-2,-2.03075E-2,-1.59943E-2,-2.37607E-2,-1.87991E-2,-2.28644E-2,-1.49247E-2,-1.73560E-2,-2.11919E-2,-1.82126E-2,-9.96963E-3,-8.28520E-3,-1.74965E-2,-1.43470E-2,-5.76948E-3,-1.26215E-2,-1.08921E-2,-1.33100E-2,-2.16931E-3,-1.65120E-2,-1.83132E-2,-6.35549E-3,-1.41079E-2,-1.13986E-2,-1.46615E-2,-6.85081E-3,-7.85388E-3,-1.60076E-2,-4.36237E-3,-1.37904E-2,-1.26207E-2,-1.24637E-2,-8.54220E-3,-6.98002E-3,-1.10157E-2,-4.91097E-3,-1.23768E-2,-9.07205E-3,-1.23913E-2,-9.64578E-3,-1.57669E-2,-9.04349E-3,-1.71053E-2,-1.38424E-2,-1.09155E-2,-1.10858E-2,-4.29508E-3,-7.95729E-3,-1.23356E-2,-8.09983E-3,-5.91579E-3,-6.57619E-3,-2.12922E-3,-1.13922E-2,-3.24296E-3,-7.04969E-3,-9.89969E-3,-4.60022E-3,-3.55412E-3,-1.20153E-2,-1.38312E-3,-1.31754E-2,-4.59996E-3,-1.10205E-2,-7.61601E-3,-3.73205E-3,2.15599E-3,-4.85701E-3,-3.53244E-3,-2.26969E-3,-6.57388E-3,-8.30060E-3,-7.07799E-3,-7.03357E-3,-3.31034E-3,-7.01590E-3,2.13577E-3,-5.46235E-4,6.36226E-3,-4.22414E-3,-3.12948E-3,-3.75538E-3,-3.62965E-3,-9.72811E-3,-8.32653E-3,-7.62327E-3,-2.28134E-3,-5.96985E-3,-3.08464E-3,-6.33163E-4,6.67680E-3,1.70352E-3,-2.29630E-3,-1.49536E-3,-6.01934E-3,-5.82988E-3,-5.44576E-3,-3.53196E-3,-6.52987E-3,-8.25353E-3,3.75748E-3,1.99623E-3,1.29552E-3,-2.32513E-3,-2.51240E-4,-4.60383E-3,2.27346E-3,-3.06454E-3,-5.49675E-3,-2.67034E-3,-3.38476E-3,1.13187E-3,-5.24399E-4,2.59862E-4,-1.00984E-4,-4.27076E-3,-1.75320E-3,-1.31666E-3,1.68250E-3,-3.97921E-3,-3.07137E-3,1.01805E-3,-5.29852E-4,-8.36600E-5,1.44583E-3,-5.14724E-3,3.18824E-3,1.00185E-3,-2.52152E-3,1.30613E-3,-2.97411E-3,-7.97337E-3,2.34300E-3,-6.07980E-4,6.17126E-3,-8.45210E-3,-9.97542E-3,-6.02342E-3,-3.40043E-3,-1.05438E-2,-1.65087E-3
1.49281E+3,-6.09087E-3,-1.01055E-3,-4.35269E-4,-2.61450E-3,-8.39485E-3,-4.91331E-3,5.27164E-3,2.79571E-3,8.96721E-3,5.48670E-3,2.28232E-3,4.19541E-3,-8.58915E-4,-2.26356E-3,-2.41716E-3,-3.20614E-3,6.20847E-3,7.97256E-3,2.42541E-3,5.93467E-3,-5.23236E-3,-9.16744E-3,-2.11412E-4,-8.88561E-3,-1.18640E-2,-1.69699E-2,-1.47326E-2,-2.35644E-2,-1.71257E-2,-2.24195E-2,-2.43330E-2,-2.44313E-2,-1.38543E-2,-2.00233E-2,-2.32683E-2,-2.10519E-2,-1.45129E-2,-1.08296E-2,-2.03866E-2,-9.34192E-3,-5.43741E-3,-1.26495E-2,-7.64753E-3,-1.38946E-2,-7.85200E-3,-2.09153E-2,-2.09834E-2,-1.06637E-2,-1.79690E-2,-1.18152E-2,-9.08666E-3,-5.72436E-3,-1.00370E-2,-1.27695E-2,-8.92880E-3,-1.65732E-2,-1.12323E-2,-8.80172E-3,-4.49129E-3,-4.79569E-3,-1.47862E-2,-1.20224E-2,-1.29603E-2,-1.08452E-2,-1.17378E-2,-8.63408E-3,-1.50217E-2,-7.54032E-3,-1.55486E-2,-1.35727E-2,-1.10883E-2,-8.41502E-3,-1.48055E-3,-8.13902E-3,-1.44878E-2,-1.50642E-2,-1.06831E-2,-5.09084E-3,-8.70023E-3,-1.20651E-2,-7.59146E-3,8.00672E-4,-7.01988E-3,-6.86697E-3,-7.64143E-3,-1.70843E-2,-1.06684E-2,-4.91588E-3,-7.92858E-3,-7.44490E-3,-1.04688E-2,-8.78370E-3,-5.78568E-3,-5.45380E-3,-6.45098E-3,-3.55087E-3,-1.16955E-2,-9.42092E-3,-1.23502E-2,-8.45070E-3,-6.11020E-3,-9.62990E-3,-3.00775E-3,5.68656E-3,-8.70461E-4,-1.01060E-2,-1.17451E-3,-7.75228E-3,-9.85863E-3,-5.67969E-3,-1.04417E-2,-2.07572E-3,-5.25431E-3,-1.08875E-2,-2.89424E-3,-3.87646E-3,2.96357E-3,-3.82587E-3,-4.31882E-3,-6.20050E-3,-4.56542E-3,-6.16924E-3,-3.09311E-3,-3.93380E-3,-1.33798E-2,-1.09036E-2,2.09019E-3,-9.80194E-4,-1.35792E-3,-3.39944E-3,-9.57284E-4,-3.82746E-3,8.42589E-4,-4.78754E-3,-9.25370E-3,-3.93571E-4,-4.90961E-3,3.54597E-3,-6.09709E-3,-7.60976E-3,-6.70556E-3,-3.80781E-3,-4.29966E-3,2.06385E-3,-4.69308E-3,-4.87879E-3,-6.02519E-3,1.30516E-3,4.34303E-3,3.94458E-3,2.31514E-3,-6.59523E-3,8.17023E-4,-4.28731E-3,-4.18271E-3,-8.85271E-3,3.57643E-3,-5.55077E-3,2.28452E-3,-2.67864E-3,1.72963E-3,-6.49287E-3,-5.02125E-3,-8.70640E-3,-7.12347E-3,-1.17615E-2,-5.28850E-3
1.49635E+3,-1.06871E-3,-3.89100E-3,-6.39434E-3,1.13525E-3,-5.21506E-3,-2.14732E-4,7.14708E-3,-4.17137E-3,-8.32627E-5,5.48027E-3,9.38690E-3,2.06386E-3,6.57644E-4,-2.70857E-3,-2.12396E-3,-7.15138E-3,4.79610E-3,-1.21266E-3,3.08833E-3,-3.41725E-3,-4.18152E-3,-5.63669E-3,1.55902E-4,-1.45227E-2,-6.41452E-3,-1.90874E-2,-1.53476E-2,-2.30551E-2,-2.02317E-2,-2.72567E-2,-2.01257E-2,-2.24826E-2,-1.98893E-2,-2.22696E-2,-2.79165E-2,-2.00034E-2,-9.64977E-3,-9.78283E-3,-1.87737E-2,-1.71080E-2,-7.37786E-3,-2.00548E-2,-9.58235E-3,-1.30970E-2,-1.69659E-2,-1.42136E-2,-2.42479E-2,-1.16238E-2,-1.16054E-2,-1.18839E-2,-1.08905E-2,-3.57868E-3,-1.23671E-2,-1.32895E-2,-9.25123E-3,-1.59358E-2,-9.93982E-3,-1.42044E-2,-4.66947E-3,-6.94597E-3,-1.97554E-2,-1.17488E-2,-1.00440E-2,-1.33576E-2,-1.44987E-2,-1.27114E-2,-1.71809E-2,-1.41195E-2,-1.65295E-2,-1.42233E-2,-1.71320E-2,-1.36006E-2,-5.17188E-3,-7.82326E-3,-1.31235E-2,-8.75275E-3,-6.67239E-3,-1.06754E-2,-2.66153E-3,-1.06421E-2,-1.28267E-2,-2.57351E-3,-4.54079E-3,-1.15853E-2,-9.81846E-3,-1.51256E-2,-9.49762E-3,1.32695E-4,-7.62602E-3,-1.54094E-2,-1.26094E-2,-9.22517E-3,-5.14006E-3,-7.09652E-3,-1.96113E-3,-8.97841E-3,-9.17053E-3,-1.20825E-2,-8.56806E-3,-1.21741E-2,-5.60216E-3,-1.13562E-2,-2.36933E-3,-3.66495E-3,5.03328E-3,-8.56842E-3,-6.37979E-3,-6.42670E-3,-8.66520E-3,-8.76994E-3,-8.69467E-3,-5.60134E-3,-7.14386E-3,-1.14225E-2,-2.69256E-3,4.44490E-3,9.10838E-3,-6.19211E-3,-6.99619E-3,-7.11000E-3,-3.79419E-3,-7.76087E-3,-6.15984E-3,-2.54516E-3,-1.37936E-2,-1.14366E-2,-4.26901E-3,1.64713E-3,-4.78473E-3,5.95150E-4,-2.92475E-3,2.90848E-3,-8.44104E-3,-5.47386E-3,-5.83755E-3,-1.87610E-3,-6.12928E-3,1.98436E-3,-4.95558E-3,-6.04390E-3,-5.16752E-3,-2.29862E-3,-2.03344E-3,3.23195E-3,-1.84505E-4,-4.22734E-3,-2.67492E-3,1.39731E-3,1.50538E-3,-1.48384E-3,9.75957E-4,-8.21608E-3,-5.60769E-3,-3.63801E-3,-7.75830E-3,-6.07461E-4,-2.53512E-3,-1.38675E-2,-1.14864E-4,-3.70666E-3,7.03047E-3,-8.00262E-3,-5.32790E-3,-1.18297E-2,-6.28875E-3,-1.03583E-2,-2.35410E-3
1.49988E+3,7.37593E-4,-1.08519E-2,-6.44015E-3,3.78759E-3,-1.01423E-2,-5.95299E-3,1.50560E-3,8.86094E-3,8.45791E-3,-2.63259E-5,5.54274E-3,4.67270E-3,-9.36575E-4,1.12480E-3,-3.39590E-4,-5.35810E-3,2.85324E-3,5.88765E-3,-1.60135E-3,-3.29103E-3,-5.68320E-3,-1.28602E-2,-3.56132E-3,-1.41228E-2,-1.30392E-2,-2.27358E-2,-1.50363E-2,-2.67958E-2,-1.99884E-2,-2.95816E-2,-2.60879E-2,-2.77982E-2,-1.70668E-2,-2.54335E-2,-2.47246E-2,-2.54818E-2,-1.71130E-2,-1.14031E-2,-1.93652E-2,-1.26316E-2,-3.18995E-3,-1.65329E-2,-8.60505E-3,-1.45382E-2,-8.52432E-3,-1.69858E-2,-1.72405E-2,-8.64212E-3,-5.72840E-3,-7.87453E-3,-1.02209E-2,-9.86753E-3,-6.90185E-3,-1.56832E-2,-1.12443E-2,-1.91300E-2,-1.48165E-2,-1.35329E-2,-9.38178E-3,-1.02320E-2,-9.79506E-3,-1.04210E-2,-1.52964E-2,-1.27579E-2,-1.06216E-2,-1.54110E-2,-1.68089E-2,-1.07246E-2,-1.78456E-2,-1.01152E-2,-1.37444E-2,-1.38046E-2,-4.32122E-3,-9.84837E-3,-1.39087E-2,-1.18901E-2,-1.22438E-2,-1.00295E-2,-4.95146E-4,-1.08831E-2,2.23432E-3,-1.25894E-2,-6.81079E-3,-8.42458E-3,-1.29247E-2,-1.95605E-2,-7.24411E-3,-5.30733E-3,-2.78727E-3,-1.43151E-2,-9.27805E-3,-5.95400E-3,4.18501E-4,-7.28327E-3,-3.46545E-4,4.39751E-5,-4.24137E-3,-1.49866E-2,-3.97063E-3,-1.39385E-2,-8.47410E-4,-1.32142E-2,-8.23151E-4,1.81820E-3,2.32149E-3,-4.93699E-3,-1.59561E-3,-9.31187E-3,-9.37054E-3,-1.03474E-2,-1.07078E-2,-7.98373E-3,-5.67111E-3,-9.18121E-3,9.70884E-4,-3.48062E-3,2.76422E-3,-1.65043E-3,-1.11450E-2,-6.41111E-3,-4.17824E-3,2.36418E-3,-2.68633E-3,-4.66131E-3,-9.80559E-3,-1.63234E-2,1.23926E-3,3.33759E-3,-2.32208E-3,-2.57453E-3,-5.24363E-3,-3.95680E-3,-4.50086E-3,-5.03366E-3,-7.43705E-3,-2.47832E-3,-9.30423E-3,-4.77374E-3,-6.00631E-3,-3.61956E-3,-4.03776E-3,-7.44647E-3,-3.57058E-3,4.22740E-3,2.37413E-3,-6.81726E-3,-5.76905E-3,1.15379E-2,-3.39730E-3,-6.92298E-3,-2.37570E-3,-9.87962E-3,2.00306E-3,-8.91208E-3,-7.74556E-3,-5.70907E-3,-1.15333E-3,-9.71940E-3,-3.94392E-3,1.31186E-3,9.09444E-3,-1.23262E-2,-4.56589E-3,-1.21726E-2,-6.08133E-3,-1.41139E-2,-1.34783E-4
1.50341E+3,-2.32217E-3,-5.14046E-3,-5.41859E-3,-1.96120E-3,-8.19042E-3,-6.21809E-3,5.81904E-3,3.69315E-3,2.33472E-4,5.54910E-3,6.93125E-3,1.71125E-3,2.16433E-3,2.11949E-3,1.02984E-3,-1.40835E-3,2.17359E-3,4.21055E-3,-1.57317E-3,-4.34209E-3,-5.05693E-3,-1.43932E-2,-3.31854E-3,-1.62544E-2,-1.53326E-2,-1.89554E-2,-1.57610E-2,-3.00462E-2,-1.74095E-2,-2.81424E-2,-2.39550E-2,-3.02581E-2,-1.54730E-2,-2.53194E-2,-2.40275E-2,-2.24163E-2,-2.11464E-2,-7.49992E-3,-2.01180E-2,-1.31934E-2,-6.91564E-3,-1.75124E-2,-1.09575E-2,-1.28079E-2,-7.09456E-3,-2.07000E-2,-2.55950E-2,-1.47541E-2,-1.28754E-2,-1.77947E-2,-1.33367E-2,-9.05757E-3,-1.44338E-2,-1.75301E-2,-1.32357E-2,-1.95703E-2,-8.79604E-3,-1.26593E-2,-1.39467E-2,-8.30851E-3,-1.63114E-2,-1.01096E-2,-1.62016E-2,-1.60957E-2,-1.46358E-2,-1.66992E-2,-1.36559E-2,-6.83622E-3,-1.71818E-2,-1.29162E-2,-1.54350E-2,-1.50469E-2,-5.18727E-3,-8.94762E-3,-1.38663E-2,-1.35116E-2,-9.99444E-3,-1.20095E-2,-4.51566E-3,-7.71297E-3,1.80617E-3,-3.52721E-3,-1.27981E-2,-1.40136E-2,-6.25134E-3,-1.75833E-2,-6.81400E-3,-4.57294E-3,-2.63735E-3,-1.18009E-2,-1.15622E-3,-4.41184E-3,-8.31695E-4,-8.93504E-3,-5.29291E-3,-4.66236E-3,-9.64055E-3,-1.66387E-2,-1.25136E-2,-1.45603E-2,-1.03755E-2,-1.15700E-2,-4.31879E-3,3.82114E-3,-5.63734E-3,-1.27324E-2,1.64025E-6,-1.17023E-2,-1.58995E-2,-9.72442E-3,-1.31408E-2,-5.75756E-3,-6.44856E-3,-9.94596E-3,-2.09610E-3,-1.23906E-3,9.34858E-3,-9.34907E-3,-8.06655E-3,-1.14957E-2,-5.57278E-3,-4.56846E-3,-2.89474E-3,-3.41500E-3,-1.23286E-2,-1.46980E-2,4.23340E-3,-3.64293E-4,-6.70822E-3,-5.23273E-3,-8.93164E-3,-2.94451E-3,-4.53544E-3,-7.10854E-3,-5.76246E-3,-2.69250E-3,-8.31846E-3,-4.31111E-4,-1.26323E-3,-4.80235E-3,-2.81835E-3,-1.33030E-3,-6.42496E-3,3.06790E-3,3.88429E-3,-6.35618E-3,-3.12342E-3,1.17487E-2,-1.95722E-3,-6.43702E-3,2.34694E-3,-7.98776E-3,-4.45241E-3,-4.07955E-3,-8.44520E-3,-8.44737E-3,-4.09290E-3,-1.00429E-2,1.64319E-3,-8.34895E-3,5.29909E-3,-9.02003E-3,-9.69054E-3,-8.66043E-3,-9.39706E-3,-1.56138E-2,-6.42960E-3
1.50695E+3,4.88244E-4,-4.70536E-3,-5.45659E-3,5.85442E-3,-9.88187E-3,-6.37294E-3,2.55764E-3,-4.26421E-4,1.00143E-2,-3.49658E-3,1.21635E-2,1.61583E-3,-5.21580E-3,-1.01400E-3,3.87564E-3,-3.39633E-3,4.22249E-3,5.00658E-3,-1.34467E-3,-5.52800E-3,-7.18035E-3,-1.60486E-2,-1.98229E-3,-1.59586E-2,-9.30051E-3,-2.19966E-2,-1.01420E-2,-3.12594E-2,-1.93341E-2,-2.45050E-2,-1.86026E-2,-2.59838E-2,-1.50044E-2,-2.21883E-2,-2.89868E-2,-2.96405E-2,-1.59586E-2,-7.15838E-3,-1.49226E-2,-1.61796E-2,3.76145E-3,-1.79091E-2,-3.16194E-4,-7.86305E-3,-8.85114E-3,-1.20033E-2,-1.85262E-2,-7.42013E-3,-1.74770E-2,-1.57129E-2,-1.32140E-2,8.00795E-5,-1.73493E-2,-1.39752E-2,-7.10259E-3,-1.65702E-2,-8.71597E-3,-5.28880E-3,-1.12328E-2,-6.62660E-3,-1.67569E-2,-8.30327E-3,-1.66862E-2,-1.49402E-2,-1.26195E-2,-6.36946E-3,-1.64055E-2,-1.53313E-2,-1.62037E-2,-1.63503E-2,-1.26021E-2,-1.31368E-2,1.66068E-3,-3.33659E-3,-1.62952E-2,-1.65117E-2,-6.00681E-3,-9.46582E-3,1.39591E-3,-8.53574E-3,-8.29997E-3,2.34091E-3,-1.24883E-2,-6.53318E-3,-8.60415E-3,-1.60346E-2,-7.06373E-3,-9.07321E-3,-7.53193E-3,-1.18971E-2,-1.24995E-2,-2.68207E-3,-1.38609E-3,-9.55104E-3,2.82184E-3,-9.30249E-4,-1.06367E-2,-1.32246E-2,-5.53195E-3,-7.01074E-3,-1.18689E-2,-9.51359E-3,-3.23517E-3,-1.15083E-3,2.92000E-3,-8.00259E-3,-7.57135E-3,-8.50174E-3,-1.52763E-2,-1.01863E-2,-9.99665E-3,-4.55353E-4,-3.67932E-3,-1.14738E-2,-6.99067E-3,5.85673E-3,1.92174E-3,-1.71463E-3,-8.70810E-3,-1.01962E-2,-6.69449E-4,-2.17517E-4,5.09287E-3,-6.80776E-4,-1.08088E-2,-1.30831E-2,2.58896E-3,7.47121E-3,-4.69620E-3,-1.57098E-3,-4.65924E-3,6.21074E-3,6.78362E-3,-3.04262E-3,-1.08677E-3,-3.77282E-4,-3.92008E-3,7.02526E-3,-2.72944E-3,-6.26347E-3,-2.26410E-3,4.98332E-4,2.05453E-3,6.81177E-3,1.10417E-3,-3.35310E-3,-4.60835E-3,6.29729E-3,-6.14015E-3,-5.50218E-4,-9.06992E-4,-7.43236E-3,1.22605E-3,-2.50951E-4,-1.31935E-2,-5.48599E-3,-1.77762E-3,-1.25384E-2,3.84399E-3,6.13835E-3,6.36341E-3,-7.67399E-3,-6.52955E-3,-1.18282E-2,-4.43955E-3,-1.18122E-2,-5.91718E-3
1.51048E+3,-7.57068E-3,-1.33999E-3,2.59117E-3,-2.41988E-4,-1.40674E-2,-5.63657E-3,4.63567E-3,1.05256E-3,3.23769E-3,2.39479E-3,1.20160E-2,3.82027E-3,1.53793E-3,-3.96722E-3,1.53769E-3,-5.33625E-3,-2.13625E-3,-2.61392E-3,-6.96569E-4,-4.85724E-3,-8.45365E-3,-1.71203E-2,-2.27192E-3,-1.59892E-2,-1.56164E-2,-2.54068E-2,-2.01590E-2,-3.13532E-2,-2.67045E-2,-3.14192E-2,-2.52679E-2,-3.60409E-2,-1.56318E-2,-2.18678E-2,-2.42218E-2,-1.73552E-2,-1.77727E-2,-9.85658E-3,-1.65274E-2,-1.51967E-2,-2.11500E-3,-1.99994E-2,-1.65310E-2,-9.67754E-3,-7.50243E-3,-1.33227E-2,-2.41429E-2,-7.87240E-3,-1.50813E-2,-2.29416E-2,1.05127E-4,-7.51042E-3,-7.65474E-3,-2.09003E-2,-1.98370E-2,-1.61277E-2,-8.90539E-3,-1.16231E-2,-1.06608E-2,-8.33880E-3,-1.54260E-2,-8.98119E-3,-1.99413E-2,-1.60215E-2,-1.57765E-2,-1.01698E-2,-1.99663E-2,-1.23986E-2,-1.54581E-2,-1.27440E-2,-1.19346E-2,-1.24559E-2,-9.86449E-4,-9.20016E-3,-1.35149E-2,-1.74993E-2,-8.34108E-3,-6.96334E-3,-1.22599E-2,-1.06126E-2,1.38552E-3,3.78016E-4,-1.27036E-2,-9.95295E-3,-2.86761E-3,-2.06461E-2,-6.63525E-3,-4.96644E-3,-5.91156E-3,-1.10114E-2,-1.30663E-2,7.39106E-4,-2.06433E-3,-5.09545E-3,-4.48337E-3,-2.97666E-3,-8.43487E-3,-1.49312E-2,-1.07846E-2,-8.61395E-3,-1.04029E-2,-1.13366E-2,-3.12076E-3,-1.32601E-3,-1.16592E-3,-1.45045E-2,-1.36641E-2,-1.17854E-2,-1.31412E-2,-7.50772E-3,-1.09555E-2,-2.94074E-3,-8.10578E-4,-1.49142E-2,-9.49328E-3,1.37399E-3,1.06635E-2,-6.28729E-3,-2.66196E-3,1.88555E-3,-3.16322E-3,-4.71402E-3,-2.82366E-3,-4.97651E-3,-1.52412E-2,-1.36793E-2,1.53356E-3,-2.98880E-4,-7.06755E-3,-2.08767E-3,-7.91604E-3,-1.50316E-3,-9.72611E-3,-5.99167E-3,-7.20319E-3,-1.38740E-3,-1.07568E-2,1.01643E-3,-8.95969E-3,-6.83814E-3,-6.05786E-3,-1.14135E-3,-2.48783E-3,1.54614E-3,-1.59260E-3,-1.01231E-2,-6.72328E-3,2.88669E-3,1.53087E-3,-5.65020E-3,3.38483E-3,-1.08433E-2,4.79068E-3,-1.46138E-3,-1.38022E-2,-2.45617E-3,-2.96085E-3,-9.53017E-3,-1.33533E-3,5.74862E-3,-4.79724E-4,-1.11832E-2,-9.39178E-3,-9.33800E-3,-6.62488E-3,-1.66647E-2,-5.95027E-3
1.51402E+3,-2.21671E-3,-8.94544E-4,-6.63263E-3,-1.76413E-3,-1.10926E-2,-3.32081E-3,2.07968E-3,1.27274E-3,5.90674E-3,1.75877E-3,7.10334E-3,4.20708E-3,-1.43000E-3,-3.83778E-3,8.86087E-3,-1.13159E-3,1.30537E-4,3.73593E-3,-5.97856E-3,-9.49521E-3,-1.09815E-2,-1.76198E-2,-1.72592E-3,-1.99202E-2,-1.59442E-2,-2.64681E-2,-1.88421E-2,-3.54422E-2,-3.19445E-2,-3.46299E-2,-2.40903E-2,-3.45114E-2,-2.17237E-2,-2.02820E-2,-2.98342E-2,-2.65313E-2,-2.07318E-2,-1.07356E-2,-2.17188E-2,-1.75050E-2,1.91633E-3,-2.43285E-2,-1.47853E-2,-1.17901E-2,-1.23635E-2,-1.61725E-2,-2.52640E-2,-1.24276E-2,-1.71521E-2,-1.89647E-2,-9.01327E-3,-7.39026E-3,-1.33628E-2,-1.82460E-2,-1.16118E-2,-2.17044E-2,-1.48485E-2,-8.03165E-3,-1.34430E-2,-9.75891E-3,-1.61617E-2,-1.58688E-2,-2.06161E-2,-2.15367E-2,-1.46571E-2,-1.18774E-2,-1.82988E-2,-1.45173E-2,-2.26421E-2,-9.37895E-3,-2.03016E-2,-8.46035E-3,-6.72983E-3,-8.55055E-3,-1.61885E-2,-1.14911E-2,-1.14040E-2,4.03762E-4,-1.24422E-2,-1.77610E-2,-2.39433E-3,-6.16205E-3,-1.19514E-2,-1.27501E-2,-7.77175E-3,-1.94743E-2,-1.51523E-2,1.15631E-3,-3.12239E-3,-8.71699E-3,-9.89354E-3,-7.47239E-3,-1.92958E-3,-6.71475E-3,1.11554E-3,-3.58392E-3,-1.12860E-2,-1.87163E-2,-9.96879E-3,-1.14318E-2,-1.28976E-2,-1.70195E-2,-4.33210E-3,-3.58005E-3,-7.06778E-3,-1.20524E-2,-7.58294E-3,-1.00222E-2,-1.02947E-2,-1.03506E-2,-1.20659E-2,4.43039E-3,-2.24567E-3,-1.55311E-2,-9.19970E-3,-2.06707E-4,3.18080E-3,-2.65689E-4,-6.83695E-3,-1.01650E-2,-5.17333E-3,-9.85624E-3,4.13014E-3,-6.65140E-3,-1.54011E-2,-2.03431E-2,-3.63598E-3,-3.60175E-3,-4.76407E-3,-9.79551E-3,-1.02337E-2,-3.96889E-3,3.04712E-3,-3.50423E-3,-1.15302E-2,-2.36004E-3,-1.07563E-2,4.97959E-3,1.10477E-3,-3.97582E-3,-1.55287E-2,7.81555E-5,-5.16457E-3,1.89350E-4,3.43549E-4,-6.48084E-3,-4.26453E-3,1.17953E-2,-1.15504E-3,-4.83432E-3,-1.49942E-4,-1.25375E-2,4.13648E-3,-3.15835E-3,-1.14331E-2,-1.68202E-3,1.07497E-3,-1.24268E-2,-3.56157E-3,-4.16026E-3,7.36614E-3,-1.48071E-2,-8.75217E-3,-1.03854E-2,-7.36937E-3,-1.83311E-2,-8.28568E-3
1.51756E+3,-4.41220E-3,-8.58357E-3,-8.06272E-3,1.33460E-3,-7.87302E-3,-7.60791E-3,3.32220E-3,3.57296E-3,4.91267E-3,3.82566E-3,8.97851E-3,6.66222E-3,4.27707E-3,-4.09341E-3,3.74695E-3,1.02540E-3,4.45785E-3,5.00729E-3,-6.39481E-3,-6.32640E-3,-1.69965E-2,-1.66706E-2,-1.54249E-3,-2.02966E-2,-1.57938E-2,-2.73397E-2,-2.08166E-2,-3.54285E-2,-2.83925E-2,-3.29129E-2,-2.82439E-2,-3.34162E-2,-1.54972E-2,-2.17814E-2,-3.35767E-2,-2.16434E-2,-2.23773E-2,-1.09770E-2,-2.27617E-2,-1.56783E-2,2.20026E-3,-1.31663E-2,-8.72518E-3,-1.65542E-2,-1.53920E-2,-1.06599E-2,-2.46409E-2,-2.78762E-3,-1.33818E-2,-1.45326E-2,-1.34645E-2,-4.73119E-3,-1.69821E-2,-2.10569E-2,-1.25562E-2,-2.74891E-2,-9.33025E-3,-1.24303E-2,-8.70259E-3,-1.66865E-2,-1.77498E-2,-1.33006E-2,-1.65335E-2,-1.57857E-2,-1.15410E-2,-1.77927E-2,-1.78223E-2,-1.23544E-2,-1.67808E-2,-2.07830E-2,-1.26109E-2,-1.75156E-2,-4.77081E-3,-2.87397E-3,-1.95266E-2,-1.59193E-2,-7.37126E-3,-6.95940E-3,-4.45989E-3,-1.64996E-2,7.66874E-3,-3.61406E-3,-1.24492E-2,-6.14774E-3,-2.83422E-3,-1.66906E-2,-1.61722E-2,-2.29651E-3,-8.46283E-3,-1.27826E-2,-1.01240E-2,3.27836E-4,3.88849E-3,-8.36649E-3,2.15703E-3,-2.54953E-3,-1.05649E-2,-1.67345E-2,-1.15876E-2,-1.24619E-2,-1.18176E-2,-1.57121E-2,-3.52535E-3,6.47126E-3,-7.38340E-3,-9.85590E-3,-7.54415E-3,-1.67277E-2,-1.37571E-2,-5.94512E-3,-1.35457E-2,2.66155E-3,-4.93510E-3,-1.26159E-2,-1.09349E-2,-4.40183E-3,1.17954E-2,-4.75276E-3,-7.49916E-3,-5.76977E-3,-3.80511E-3,-6.02739E-3,5.19657E-3,-5.60591E-3,-1.43696E-2,-1.97769E-2,-7.21429E-3,5.84615E-3,-4.55498E-3,2.16974E-3,-1.22801E-3,1.13779E-2,-4.20983E-3,-9.41556E-3,-1.16452E-2,-8.90298E-3,-9.57149E-3,6.43342E-3,-5.87780E-3,-8.29595E-3,-7.80317E-3,1.45418E-3,-5.34597E-3,9.49209E-3,6.27454E-3,-6.74998E-3,-3.80329E-3,1.21455E-2,-5.17136E-3,-3.05849E-4,2.66619E-3,-2.26383E-3,1.29738E-3,-5.33086E-3,-6.75468E-3,-1.00467E-2,1.99499E-3,-1.28000E-2,-3.93540E-4,4.79071E-3,7.42354E-3,-7.89160E-3,-1.18573E-2,-1.42932E-2,-6.78159E-3,-1.89297E-2,-1.04387E-2
1.52110E+3,-5.57216E-3,-3.37743E-3,-8.62269E-3,5.95345E-3,-8.72873E-3,-6.60427E-3,2.28588E-3,1.65580E-3,1.34586E-2,-1.81117E-3,1.02934E-2,-1.04825E-3,2.41488E-3,-5.97135E-3,5.67405E-3,-7.73948E-3,8.76288E-6,1.77746E-3,8.82264E-4,-1.66592E-2,-1.69554E-2,-2.36914E-2,-9.16258E-3,-2.19272E-2,-2.52364E-2,-3.42895E-2,-2.45354E-2,-3.47533E-2,-2.96543E-2,-2.84128E-2,-2.75881E-2,-3.81501E-2,-2.08370E-2,-2.85032E-2,-3.89440E-2,-3.15841E-2,-2.24018E-2,-6.83944E-3,-2.49659E-2,-1.82570E-2,6.59365E-3,-2.35303E-2,-7.94918E-3,-1.55196E-2,-1.96933E-2,-1.93458E-2,-2.41397E-2,-7.86654E-3,-1.95271E-2,-1.47180E-2,-1.36512E-2,-7.59560E-3,-1.86332E-2,-2.70336E-2,-1.43762E-2,-2.55354E-2,-1.24105E-2,-1.73986E-2,-1.39038E-2,-1.53812E-2,-1.68689E-2,-1.54429E-2,-2.09091E-2,-1.75025E-2,-1.39297E-2,-1.40702E-2,-1.91847E-2,-1.04541E-2,-2.25221E-2,-2.16509E-2,-1.71641E-2,-1.56030E-2,-5.00617E-4,-7.06396E-3,-1.36010E-2,-1.61025E-2,-1.63430E-2,-1.51931E-2,-3.78443E-3,-1.17795E-2,-1.36731E-2,-9.49004E-3,-1.82300E-2,-5.92918E-3,-1.20054E-2,-2.32296E-2,-1.22076E-2,-2.62089E-3,-8.39032E-3,-7.34574E-3,-2.05540E-2,-5.14065E-3,-1.56803E-4,-6.71746E-3,-2.24180E-3,-1.16127E-3,-1.05657E-2,-1.74387E-2,-1.34755E-2,-1.78810E-2,-1.31372E-2,-2.33525E-2,1.15060E-3,-3.18976E-3,-3.60670E-3,-3.54674E-3,-1.21200E-2,-1.32187E-2,-1.61912E-2,-1.12909E-2,-1.94676E-2,-1.97030E-3,-2.93255E-3,-1.54223E-2,-6.91639E-3,5.24557E-3,7.10720E-3,-5.38426E-3,-1.25303E-2,-9.83460E-3,-8.39000E-3,-1.10585E-4,4.16654E-3,-7.03561E-3,-1.55233E-2,-1.89995E-2,4.75113E-3,1.37353E-3,-1.06730E-2,-3.57021E-3,-2.30318E-3,7.46328E-3,-4.62401E-3,-7.01293E-3,-6.50972E-3,-1.13001E-2,-1.30060E-2,4.05483E-3,-9.14254E-3,-4.37433E-3,-1.14181E-2,1.32298E-3,-8.66125E-3,2.91620E-3,-2.92653E-3,-1.08802E-2,-2.71994E-3,2.13051E-2,-6.33625E-4,-7.71640E-3,-4.51899E-4,-6.19617E-3,-1.49734E-3,-3.03265E-3,-1.34839E-2,-2.64676E-3,-6.16832E-3,-1.29952E-2,-4.81614E-3,7.96789E-3,1.52681E-2,-1.58517E-2,-1.08079E-2,-1.22667E-2,-1.22461E-2,-1.91682E-2,-3.99413E-3
1.52464E+3,-8.66823E-3,-1.22149E-2,-9.68474E-3,2.11652E-3,-1.01185E-2,-1.02364E-2,4.00085E-3,8.53592E-3,2.11232E-2,-3.09534E-3,1.80834E-2,3.21868E-3,4.85545E-4,-6.34635E-3,2.80043E-3,-6.91159E-3,-4.05041E-3,-2.40898E-3,-3.18311E-3,-2.24710E-2,-1.83788E-2,-1.42592E-2,-7.79343E-3,-2.89512E-2,-1.79433E-2,-3.03889E-2,-2.35263E-2,-4.17309E-2,-2.63142E-2,-2.78433E-2,-2.73101E-2,-3.81704E-2,-2.61063E-2,-2.91888E-2,-3.64469E-2,-2.61576E-2,-2.21221E-2,-8.28008E-3,-2.34014E-2,-1.23580E-2,-8.09935E-4,-2.48484E-2,-1.59823E-2,-2.23620E-2,-9.86526E-3,-2.69926E-2,-2.62238E-2,-3.76734E-3,-1.33315E-2,-2.26749E-2,-1.75932E-2,-5.73458E-3,-1.52877E-2,-2.33906E-2,-1.49884E-2,-2.28746E-2,-1.18735E-2,-1.02248E-2,-1.11658E-2,-1.60137E-2,-2.31668E-2,-2.16543E-2,-1.71275E-2,-2.13300E-2,-1.65750E-2,-1.54928E-2,-2.31730E-2,-1.43293E-2,-1.51010E-2,-1.93069E-2,-1.99119E-2,-1.20506E-2,-6.29400E-4,-7.67699E-3,-1.69934E-2,-1.79700E-2,-1.02535E-2,-1.50895E-2,-3.63198E-3,-1.11306E-2,5.31915E-3,-8.98780E-3,-1.67199E-2,-1.53558E-2,-2.79296E-3,-2.21292E-2,-1.05207E-2,-1.05910E-3,-6.89398E-3,-9.84118E-3,-2.29720E-2,8.71625E-5,5.39640E-4,-5.31523E-3,-3.64258E-4,-1.90137E-3,-7.66886E-3,-1.73087E-2,-8.55697E-3,-1.38505E-2,-1.04112E-2,-1.75264E-2,-9.95976E-3,5.95344E-3,1.41256E-2,-1.10862E-2,-1.35962E-2,-1.23259E-2,-1.72761E-2,-9.64822E-3,-1.48282E-2,5.37767E-3,-3.25889E-3,-1.33336E-2,-4.98879E-3,2.73114E-3,3.31581E-5,-6.12692E-4,-4.19696E-3,-8.60154E-3,-4.62998E-3,-3.03363E-3,3.62844E-3,-6.06604E-3,-1.67279E-2,-1.83796E-2,3.34609E-3,5.54972E-3,-9.11618E-3,-2.52272E-3,-1.07637E-2,7.70719E-3,-1.10234E-4,-8.99493E-3,-9.38684E-3,-1.19418E-2,-1.02033E-2,6.75000E-3,-1.19868E-3,-5.58749E-3,-9.77623E-3,2.79083E-3,-8.97880E-3,7.34485E-3,9.48619E-3,-1.61448E-2,-1.12296E-2,2.35135E-2,-8.58151E-3,-7.55602E-4,2.38145E-3,-9.09061E-3,2.03618E-3,-8.20755E-3,-1.16620E-2,-5.06179E-3,-7.21872E-4,-1.40929E-2,3.37215E-3,3.31398E-3,9.99362E-3,-1.49740E-2,-1.07794E-2,-1.69133E-2,-1.08191E-2,-1.88562E-2,-8.37653E-3
1.52817E+3,-9.06349E-3,-1.24607E-3,-1.06034E-2,-3.20965E-4,-8.13397E-3,-7.47458E-3,7.61837E-3,3.09159E-3,1.07453E-2,-4.09363E-3,1.04955E-2,5.27088E-3,8.69851E-3,-1.02107E-2,5.22667E-3,-1.17181E-2,-9.41128E-3,4.39193E-3,-6.20817E-3,-1.66246E-2,-2.17779E-2,-2.55021E-2,-9.90208E-3,-3.13479E-2,-2.93487E-2,-3.86491E-2,-2.42108E-2,-4.75066E-2,-3.29672E-2,-3.41291E-2,-2.64291E-2,-3.60076E-2,-2.75229E-2,-2.76633E-2,-3.71826E-2,-3.19990E-2,-2.42266E-2,-6.90339E-3,-2.07931E-2,-2.59013E-2,6.93816E-3,-3.05347E-2,-1.18776E-2,-1.33883E-2,-1.20581E-2,-2.24193E-2,-2.52707E-2,-6.64196E-3,-2.12778E-2,-2.32174E-2,-1.24044E-2,-5.95249E-3,-1.85760E-2,-2.43241E-2,-2.05478E-2,-2.60673E-2,-1.79602E-2,-1.44409E-2,-1.25061E-2,-2.41104E-2,-2.07736E-2,-1.71216E-2,-2.10610E-2,-1.98167E-2,-1.37133E-2,-1.96790E-2,-2.52446E-2,-1.08863E-2,-2.16585E-2,-2.03247E-2,-2.18412E-2,-1.67530E-2,-4.63200E-3,-9.32456E-3,-2.91114E-2,-1.82494E-2,-9.41880E-3,-6.91358E-3,-8.01441E-4,-1.50558E-2,-3.25498E-3,-9.64684E-3,-2.04204E-2,-3.23877E-3,-7.59003E-3,-2.43281E-2,-1.32482E-2,-1.56838E-3,-1.10170E-2,-1.48620E-2,-2.16036E-2,9.35956E-4,-2.85860E-3,-7.79726E-3,-3.09499E-3,-1.72737E-3,-1.10287E-2,-2.06660E-2,-1.67297E-2,-1.44093E-2,-1.25487E-2,-2.11228E-2,1.61762E-3,4.77836E-4,3.20011E-3,-1.21701E-2,-8.31680E-3,-1.28040E-2,-2.34591E-2,-1.91977E-2,-1.73192E-2,-3.84903E-3,-6.90891E-3,-1.11763E-2,-3.73311E-3,-1.52400E-3,9.71563E-3,-2.88466E-3,-6.73805E-3,-4.28174E-3,-3.98816E-3,-3.48161E-3,-3.46321E-3,-1.03048E-2,-2.00978E-2,-2.15973E-2,2.90285E-3,8.24626E-3,-8.04102E-3,-9.30677E-4,-2.02237E-2,-4.45599E-3,7.59600E-3,-8.01935E-3,-1.26199E-2,-1.25504E-2,-1.65789E-2,1.22592E-2,3.73731E-4,-8.57803E-3,-1.15702E-2,-2.92709E-3,-8.22211E-3,3.16051E-3,-2.96790E-3,-1.91369E-2,-4.74229E-3,1.60872E-2,1.31593E-3,-9.79866E-3,4.51999E-3,-9.44949E-3,6.19055E-3,-4.28551E-3,-1.24434E-2,-5.43205E-3,-9.39487E-3,-2.21304E-2,-6.68667E-3,2.46942E-3,9.21603E-3,-1.83665E-2,-9.41652E-3,-1.41068E-2,-1.19814E-2,-2.46435E-2,-8.33739E-3
1.53171E+3,-1.01688E-2,2.91573E-4,-1.05185E-2,-4.63196E-3,-1.18697E-2,-4.40362E-3,1.30294E-2,5.75850E-3,1.30831E-2,-8.55988E-3,1.05570E-2,8.69412E-3,1.73354E-4,-1.11518E-2,9.71721E-3,-4.72501E-3,-1.66577E-3,2.72049E-3,-9.64304E-3,-2.08267E-2,-1.82971E-2,-3.03117E-2,-1.33522E-2,-2.99736E-2,-2.71539E-2,-3.63420E-2,-2.13247E-2,-4.76102E-2,-3.03046E-2,-3.13326E-2,-2.92547E-2,-3.58723E-2,-3.03922E-2,-3.11366E-2,-4.04436E-2,-3.34146E-2,-1.82143E-2,-1.33994E-2,-2.36336E-2,-1.62887E-2,1.50721E-2,-2.75946E-2,-1.74001E-2,-1.00017E-2,-1.61787E-2,-2.16595E-2,-2.75665E-2,-3.58287E-3,-1.93616E-2,-1.72249E-2,-9.56843E-3,-2.98584E-3,-2.17413E-2,-1.71954E-2,-1.49881E-2,-2.43515E-2,-1.77639E-2,-1.06273E-2,-9.49241E-3,-1.43940E-2,-2.42288E-2,-1.88588E-2,-2.31179E-2,-2.12398E-2,-2.18354E-2,-1.71733E-2,-2.41166E-2,-1.25899E-2,-1.47613E-2,-2.57806E-2,-2.05242E-2,-1.57989E-2,7.87044E-4,-9.97039E-3,-1.39570E-2,-2.55178E-2,-1.46591E-2,-8.54489E-3,-2.83989E-3,-6.93459E-3,-8.26298E-3,-5.23792E-3,-1.99452E-2,-3.85414E-3,-1.02174E-2,-2.85751E-2,-1.37055E-2,-1.85495E-3,-6.59160E-3,-1.59200E-2,-1.98861E-2,-7.20324E-3,1.84482E-3,-7.66541E-3,4.24242E-3,1.41385E-3,-4.62851E-3,-1.51125E-2,-6.50144E-3,-1.47986E-2,-1.39923E-2,-2.68533E-2,1.28266E-3,-2.76424E-3,1.00659E-2,-1.62496E-2,-1.27754E-2,-1.09832E-2,-1.96055E-2,-1.17869E-2,-1.47175E-2,-6.66508E-3,-4.44279E-3,-1.52196E-2,-4.27362E-3,-3.12509E-3,2.18200E-3,5.47396E-3,-5.64630E-3,-3.45365E-3,1.47200E-4,-7.75603E-3,3.86658E-3,-2.65026E-3,-2.32858E-2,-2.12546E-2,-3.29252E-3,-1.05526E-3,-1.21893E-2,-2.60423E-3,-5.74856E-3,3.08746E-3,-1.16721E-2,-1.14256E-2,-1.52394E-2,-1.31806E-2,-1.36223E-2,3.08857E-3,-3.24147E-3,-2.96435E-3,-1.27687E-2,1.53260E-4,-8.19200E-3,1.11403E-2,-2.81513E-4,-2.14835E-2,-3.31286E-3,1.46603E-2,3.40327E-3,-6.56360E-3,-2.32330E-3,-1.14524E-2,-3.07000E-4,-7.22232E-3,-1.34005E-2,-2.72676E-3,-3.57701E-3,-1.78846E-2,4.53071E-3,3.72803E-3,1.11102E-2,-1.12606E-2,-1.34600E-2,-1.86444E-2,-1.09248E-2,-2.24128E-2,-1.75528E-2
1.53526E+3,-1.45841E-2,2.27283E-3,-1.07580E-2,2.67183E-3,-6.99751E-3,-5.64781E-3,1.23948E-2,-1.59318E-3,1.63911E-2,-9.55125E-3,1.05521E-2,1.26414E-2,3.80089E-3,-1.10092E-2,-5.83925E-4,-7.75802E-3,-3.72490E-3,1.57276E-3,-9.90899E-3,-2.26167E-2,-2.47828E-2,-3.05355E-2,-5.82324E-4,-2.53465E-2,-1.46860E-2,-4.10938E-2,-2.31609E-2,-3.49023E-2,-3.11413E-2,-3.19149E-2,-2.77541E-2,-4.15892E-2,-2.45508E-2,-2.40203E-2,-3.42101E-2,-3.23244E-2,-1.61838E-2,-8.92210E-3,-2.37797E-2,-1.66802E-2,1.82960E-2,-2.60579E-2,-1.43566E-2,-1.05354E-2,-1.18798E-2,-7.61669E-3,-2.88672E-2,-2.80256E-3,-1.78573E-2,-1.27860E-2,-1.52144E-2,-4.99006E-3,-1.77005E-2,-2.22887E-2,-2.10008E-2,-2.51690E-2,-1.17937E-2,-1.29086E-2,-1.58241E-2,-9.94217E-3,-2.59579E-2,-2.04272E-2,-2.38326E-2,-1.91010E-2,-1.21745E-2,-2.29415E-2,-2.54403E-2,-9.43322E-3,-2.24432E-2,-2.09981E-2,-1.21361E-2,-1.34560E-2,-4.10335E-4,-6.32770E-3,-2.17157E-2,-1.71578E-2,-1.93132E-2,-3.96714E-3,-1.24282E-2,-9.97303E-3,1.24521E-3,2.84920E-3,-1.94892E-2,-2.25926E-3,-6.70090E-3,-2.46366E-2,-9.45416E-3,-1.05990E-2,-2.88752E-3,-1.68019E-2,-1.49479E-2,-4.39243E-3,2.10106E-3,-1.16540E-2,1.78556E-3,-2.97798E-3,-9.31462E-3,-1.91386E-2,-1.43141E-2,-1.15302E-2,-1.87361E-2,-2.36088E-2,4.02529E-3,5.90584E-3,1.15616E-3,-1.33876E-2,-3.27962E-3,-9.93173E-3,-2.22180E-2,-1.62012E-2,-1.66661E-2,-1.74428E-3,-1.26829E-2,-1.70966E-2,-9.58551E-3,3.40260E-3,-7.21835E-5,-2.63255E-3,1.31364E-4,-9.65850E-3,1.18249E-2,5.78156E-3,-5.87949E-3,-6.01429E-3,-1.55135E-2,-1.91152E-2,1.93269E-3,3.33634E-3,-7.96151E-3,2.35245E-3,-4.01648E-3,5.23473E-3,-1.01051E-2,-9.65363E-3,-9.63877E-3,-8.36491E-3,-1.57515E-2,8.51588E-3,-4.24108E-3,-5.90306E-3,-1.01414E-2,-1.88911E-3,-8.45413E-3,3.35331E-3,6.04549E-3,-1.21850E-2,-4.22560E-3,1.68849E-2,-4.53889E-3,-3.67718E-3,3.28531E-3,-3.18824E-3,5.13597E-3,-8.37528E-3,-1.63117E-2,-2.58508E-3,1.10239E-2,-9.52858E-3,-4.87447E-3,-4.59419E-3,1.19007E-2,-1.33365E-2,-1.12287E-2,-1.44444E-2,-6.03022E-3,-1.70533E-2,-1.32381E-2
1.53880E+3,-9.69586E-3,5.81967E-3,-1.32601E-2,2.48557E-3,-7.43506E-3,-1.53677E-2,1.83974E-2,7.15058E-3,1.27551E-2,-2.63624E-3,9.68274E-3,1.37726E-2,-7.07318E-3,-1.40371E-2,-5.58360E-4,-4.28019E-3,5.75624E-4,-1.21706E-2,-7.68768E-3,-2.90422E-2,-2.10675E-2,-3.33627E-2,-8.69021E-3,-2.20276E-2,-2.80317E-2,-3.83426E-2,-2.55261E-2,-4.88649E-2,-2.95876E-2,-3.54177E-2,-2.45677E-2,-3.70823E-2,-2.88538E-2,-2.39919E-2,-3.20395E-2,-2.58982E-2,-2.64118E-2,-1.13315E-2,-1.84556E-2,-2.00507E-2,-6.35990E-3,-2.47629E-2,-1.90826E-2,-7.02126E-3,-1.22928E-2,-2.69829E-2,-3.30541E-2,-2.91383E-3,-1.60958E-2,-1.35735E-2,-1.64073E-2,-2.01171E-2,-1.32355E-2,-2.12094E-2,-2.03771E-2,-2.29032E-2,-2.11349E-2,-1.92005E-2,-4.74170E-3,-2.09687E-2,-2.90890E-2,-2.49527E-2,-2.06790E-2,-2.40576E-2,-2.10719E-2,-1.26872E-2,-1.43062E-2,-3.00905E-3,-1.30607E-2,-2.11694E-2,-2.03536E-2,-1.28126E-2,-3.17188E-3,-3.77093E-3,-2.20461E-2,-1.47086E-2,-1.87080E-2,-1.47706E-2,-3.60463E-3,-1.45459E-2,8.75233E-3,-9.08294E-5,-1.67543E-2,-7.83843E-3,-6.74924E-3,-1.99794E-2,-1.25267E-2,-2.48534E-3,-7.16857E-3,-1.18045E-2,-2.11816E-2,2.04514E-4,5.14567E-3,-2.42810E-3,2.53105E-3,-1.50700E-3,-1.67771E-2,-1.86498E-2,-1.29842E-2,-1.52184E-2,-1.54397E-2,-1.43726E-2,1.75473E-4,1.85086E-3,4.47263E-3,-1.27256E-2,-7.22355E-3,-1.24713E-2,-2.61361E-2,-1.77949E-2,-1.54965E-2,-3.35795E-3,-1.39291E-2,-1.95719E-2,-9.64730E-3,-1.64565E-3,1.49268E-2,3.59261E-4,-8.96345E-3,-8.39949E-3,3.56142E-3,-6.68370E-3,-3.15522E-3,-7.99476E-3,-1.44654E-2,-2.62819E-2,8.33948E-3,1.38681E-2,-3.92982E-3,-1.62716E-3,-1.13745E-2,-2.30494E-3,2.10469E-3,-9.29824E-3,-4.20636E-3,-2.26820E-3,-1.07829E-2,1.54906E-3,-5.30255E-3,-1.13705E-2,-1.36664E-2,-4.56406E-3,-1.04742E-2,1.84383E-2,7.73293E-3,-1.17798E-2,8.20475E-3,2.53807E-2,3.70248E-4,-3.31422E-3,-5.71546E-3,-1.08972E-2,9.43973E-3,-8.18411E-3,-1.58572E-2,-7.63783E-3,5.99693E-4,-2.10050E-2,5.11470E-3,5.73525E-3,1.77053E-2,-1.95554E-2,-7.69645E-3,-1.14129E-2,-4.98571E-3,-2.22470E-2,-1.52276E-2
1.54234E+3,-1.50683E-2,1.02581E-2,-8.53152E-3,4.42951E-5,-1.22850E-2,-1.66038E-2,6.43670E-3,8.49279E-3,1.58240E-2,-9.24098E-4,2.15555E-2,1.48338E-2,-5.17681E-3,-1.48635E-2,-3.99221E-3,-6.24492E-3,-4.61483E-3,-3.02266E-3,-1.10288E-2,-2.53310E-2,-2.52096E-2,-2.12723E-2,-1.40774E-2,-3.36944E-2,-2.29446E-2,-3.85674E-2,-2.43314E-2,-4.51230E-2,-3.69084E-2,-3.23512E-2,-2.92667E-2,-4.79257E-2,-3.28740E-2,-2.33620E-2,-4.63714E-2,-3.48717E-2,-3.00900E-2,-1.72353E-2,-2.39882E-2,-2.51399E-2,9.37495E-3,-2.24180E-2,-8.09962E-3,-1.54947E-2,-1.15839E-2,-1.57679E-2,-3.75883E-2,-1.82047E-2,-1.48375E-2,-5.48147E-3,-1.29191E-2,-6.85390E-3,-2.57455E-2,-2.68983E-2,-1.94574E-2,-2.70497E-2,-1.55904E-2,-1.19350E-2,-1.37067E-2,-1.37676E-2,-2.17238E-2,-2.03212E-2,-2.84272E-2,-1.62186E-2,-2.08390E-2,-1.36221E-2,-2.07353E-2,-1.69738E-2,-1.56948E-2,-1.66008E-2,-2.00498E-2,-1.50728E-2,5.89241E-3,-1.43729E-2,-2.17191E-2,-1.65488E-2,-1.55684E-2,-4.74541E-3,-7.63489E-4,-1.43609E-2,-4.51106E-4,-8.83244E-4,-2.33550E-2,-8.73294E-3,-4.09253E-3,-3.00392E-2,-3.07129E-3,-2.45808E-3,-1.19120E-2,-6.29158E-3,-2.52708E-2,-1.55654E-2,1.15528E-3,-1.68749E-2,8.30743E-3,3.02382E-4,-8.10084E-3,-1.22104E-2,-1.79243E-2,-1.77093E-2,-1.84357E-2,-2.48276E-2,7.30210E-3,1.12800E-2,-2.79957E-3,-1.71858E-2,-1.75213E-2,-2.14400E-2,-2.11807E-2,-1.51171E-2,-6.89986E-3,-5.62987E-3,-1.41560E-2,-1.63285E-2,-6.14360E-3,4.77541E-3,7.96573E-3,-3.27919E-4,-8.06361E-3,-1.19071E-2,-3.72319E-4,-7.62769E-3,1.04174E-2,7.80037E-4,-2.62554E-2,-2.20141E-2,3.66073E-3,3.13502E-3,-9.22124E-3,-7.02774E-3,-7.48089E-3,3.10685E-3,-1.30541E-2,-1.21354E-2,-4.03624E-3,-3.78131E-3,-1.60680E-2,2.38480E-3,-2.38574E-3,-1.20055E-2,-1.73397E-2,-9.71705E-3,-8.25960E-3,8.03501E-4,-1.54488E-5,-1.10779E-2,1.01783E-3,2.43952E-2,-7.27516E-4,-1.50598E-2,-2.93710E-3,-1.06785E-2,4.99914E-3,-1.46571E-2,-1.47930E-2,-1.26386E-3,-2.44981E-3,-2.26639E-2,9.95753E-3,-1.37982E-3,5.84093E-3,-2.57124E-2,-1.51002E-2,-1.41807E-2,-1.06066E-2,-2.35128E-2,-2.38575E-2
1.54588E+3,-2.06201E-2,2.17731E-3,-1.48177E-2,-3.23952E-3,-1.90538E-2,-1.33996E-2,2.00950E-2,5.87612E-3,1.78383E-2,-6.16471E-3,2.46125E-2,1.08097E-2,-6.70194E-4,-6.87238E-3,3.42913E-3,-1.38762E-2,-7.70635E-3,2.98708E-3,-1.11309E-2,-2.52606E-2,-2.05772E-2,-2.94095E-2,-7.89804E-3,-3.60752E-2,-2.41910E-2,-4.24149E-2,-2.27429E-2,-4.63874E-2,-3.68700E-2,-2.82335E-2,-1.86493E-2,-3.67680E-2,-3.47777E-2,-3.32215E-2,-4.54760E-2,-3.21793E-2,-2.20808E-2,-4.11929E-3,-2.49487E-2,-1.74872E-2,1.99177E-2,-2.27090E-2,-1.93014E-2,-2.19092E-2,-1.32047E-3,-1.83427E-2,-3.41689E-2,-1.09209E-2,-6.78225E-3,-1.21551E-2,-1.13204E-2,-1.20309E-3,-2.54100E-2,-2.18340E-2,-2.55286E-2,-3.30513E-2,-1.70469E-2,-2.00890E-2,-1.43496E-2,-2.58747E-2,-2.65349E-2,-2.44083E-2,-2.57057E-2,-2.20100E-2,-2.11922E-2,-2.12198E-2,-1.93112E-2,-2.13598E-3,-2.21229E-2,-1.64411E-2,-1.72866E-2,-1.13412E-2,4.23134E-5,-9.35015E-3,-2.04330E-2,-1.88848E-2,-8.89447E-3,-6.58378E-3,7.17717E-3,-1.23281E-2,6.75848E-3,-9.75480E-3,-1.34546E-2,-1.00166E-2,-5.06310E-3,-2.38825E-2,-1.65782E-2,-5.27497E-3,-6.77622E-3,-8.66323E-3,-1.54953E-2,6.15912E-3,-2.24347E-3,-7.10774E-3,-9.90390E-4,2.26108E-3,-1.71254E-2,-1.40588E-2,-9.77431E-3,-1.14879E-2,-1.83214E-2,-2.65267E-2,1.38913E-2,-2.06533E-3,1.29882E-2,-1.32534E-2,-5.26242E-3,-2.00900E-2,-2.32616E-2,-1.36310E-2,-1.16031E-2,-3.32967E-4,-8.69486E-3,-1.03931E-2,1.67015E-3,-4.85534E-3,8.85146E-3,4.41450E-3,-7.74341E-3,-1.01192E-2,-5.05486E-3,4.30865E-3,-6.21458E-3,-4.52103E-3,-1.60419E-2,-1.95988E-2,1.34648E-2,1.10734E-2,-9.50255E-3,3.24267E-3,-1.17551E-2,-4.12498E-4,2.54002E-3,-1.18399E-2,-1.98623E-3,-1.22146E-2,-1.69944E-2,1.71505E-2,-2.04929E-3,-8.83038E-3,-1.73006E-2,2.31211E-3,-1.22313E-2,8.15284E-3,4.98675E-3,-1.32867E-2,2.23010E-3,2.32370E-2,1.77363E-2,-9.15391E-3,7.62930E-3,-4.23187E-3,-2.84011E-3,-2.71204E-3,-2.43251E-2,1.58101E-3,-2.53211E-3,-2.13758E-2,-7.74942E-3,1.79694E-2,2.29305E-2,-1.72790E-2,-6.72304E-3,-1.46318E-2,-4.10196E-3,-2.10243E-2,-1.24495E-2
1.54942E+3,-1.48341E-2,2.86341E-3,-1.22312E-2,3.93150E-3,-1.27699E-2,-1.36785E-2,1.37552E-2,1.11244E-2,1.86108E-2,-6.29898E-3,1.33932E-2,8.08415E-3,-5.44248E-3,-1.58037E-2,9.29610E-3,-1.53151E-2,6.06964E-3,-4.32231E-3,-5.49115E-3,-2.87052E-2,-2.46138E-2,-3.31544E-2,-5.72807E-4,-3.58129E-2,-2.37094E-2,-4.54617E-2,-2.21682E-2,-3.68152E-2,-3.88322E-2,-3.57932E-2,-2.51128E-2,-4.55736E-2,-2.60309E-2,-3.08620E-2,-4.75537E-2,-3.81355E-2,-2.38607E-2,-3.84019E-3,-2.25217E-2,-1.70763E-2,2.17513E-2,-2.70578E-2,-1.38493E-2,-2.18036E-2,-6.85250E-3,-1.28114E-2,-3.21385E-2,-1.79456E-2,-1.24063E-2,-2.57341E-2,-2.88640E-3,-8.77608E-3,-2.83356E-2,-2.77558E-2,-1.83441E-2,-2.90076E-2,-9.07800E-3,-2.49615E-2,-1.32414E-2,-1.97576E-2,-3.54393E-2,-2.42449E-2,-2.81179E-2,-2.25009E-2,-1.87966E-2,-2.68358E-2,-2.78808E-2,-4.60416E-3,-1.56632E-2,-2.45142E-2,-2.20602E-2,-2.14119E-2,-8.60151E-4,-5.11491E-4,-2.20734E-2,-1.75247E-2,-1.61616E-2,-9.69899E-3,1.34331E-3,-1.95306E-2,-9.92584E-3,7.89125E-4,-1.32242E-2,-9.36374E-3,-1.09956E-2,-2.89427E-2,-5.39426E-3,-4.78505E-3,-4.86236E-3,-1.78325E-2,-2.89841E-2,-1.40491E-2,3.60267E-3,-1.23444E-3,-4.67589E-3,-3.72815E-3,-6.86100E-3,-1.72212E-2,-7.47615E-3,-1.59066E-2,-1.66924E-2,-1.79894E-2,-3.07647E-3,1.45873E-2,5.87829E-3,-1.67733E-2,-8.28137E-3,-1.87930E-2,-2.55227E-2,-1.54131E-2,-1.73935E-2,-1.08645E-2,-9.01759E-3,-1.67748E-2,-6.16364E-4,7.76190E-3,1.62550E-2,2.53336E-3,-1.53621E-2,-4.15205E-3,2.56309E-3,-4.24132E-3,3.44282E-3,2.06133E-3,-1.70173E-2,-2.36130E-2,4.61598E-3,1.04986E-2,-1.19675E-2,1.04798E-3,-1.84497E-2,1.74818E-2,-1.02207E-2,-1.32575E-2,-2.38046E-2,-5.75155E-3,-1.53503E-2,9.28137E-3,1.70230E-3,-1.06023E-2,-1.35288E-2,1.09791E-3,-1.22973E-2,4.49402E-3,-5.55601E-3,-1.39202E-2,-7.04596E-3,2.19744E-2,1.37224E-3,-2.90444E-3,-2.77883E-3,-1.59075E-2,-4.61789E-4,1.61388E-4,-2.39087E-2,5.60815E-4,-5.73711E-3,-2.91348E-2,-5.81679E-4,2.20444E-3,2.01202E-2,-2.21712E-2,-1.74069E-2,-2.15175E-2,-1.01811E-2,-2.66430E-2,-1.42008E-2
1.55297E+3,-6.73554E-3,5.06156E-3,-1.53058E-2,4.04592E-3,-1.42554E-2,-1.83014E-2,1.21004E-2,6.16708E-3,1.48957E-2,-6.31395E-3,1.32060E-2,9.76695E-3,-1.27331E-3,-9.96920E-3,6.91098E-3,-1.66906E-2,8.37329E-4,-6.77684E-3,-9.55161E-3,-2.61571E-2,-2.74569E-2,-3.37237E-2,-3.10511E-3,-2.80849E-2,-2.46027E-2,-4.42429E-2,-1.95050E-2,-4.48604E-2,-3.69655E-2,-3.50495E-2,-2.08309E-2,-3.95799E-2,-3.17987E-2,-3.17084E-2,-4.51096E-2,-3.25672E-2,-2.93042E-2,-1.56463E-2,-1.77142E-2,-2.28552E-2,2.07879E-2,-3.52287E-2,-1.40884E-2,-1.39406E-2,-8.67542E-3,-6.49090E-3,-3.06787E-2,-1.25278E-2,-1.75534E-2,-1.48914E-2,-1.34035E-2,-1.42962E-2,-2.52171E-2,-2.95379E-2,-2.38484E-2,-3.22145E-2,-1.86510E-2,-1.96464E-2,-1.06210E-2,-1.60262E-2,-3.12948E-2,-1.70600E-2,-2.72576E-2,-1.70622E-2,-1.71840E-2,-2.27331E-2,-2.78554E-2,-1.46736E-2,-2.94801E-2,-2.20553E-2,-1.95467E-2,-1.49825E-3,3.51055E-3,-1.39669E-3,-2.54956E-2,-1.56607E-2,-9.91624E-3,-1.73371E-2,2.66513E-3,-4.32915E-3,1.08248E-3,3.26968E-3,-1.56837E-2,-1.80604E-2,-1.02265E-2,-1.95948E-2,-1.42830E-2,-1.08910E-2,4.35865E-4,-1.55388E-2,-1.88680E-2,-8.26006E-3,5.21600E-3,-1.55556E-2,1.53059E-3,2.14744E-3,-1.54991E-2,-2.50961E-2,-1.33767E-2,-8.99776E-3,-1.79390E-2,-1.55900E-2,4.53292E-3,1.80047E-2,8.95221E-3,-7.97963E-3,-1.81833E-2,-2.25593E-2,-2.27328E-2,-2.39929E-2,-1.65756E-2,-5.13138E-3,-1.05502E-2,-1.86681E-2,-9.80753E-4,-5.65411E-3,1.44611E-2,-2.31759E-4,-3.89993E-3,-3.91465E-3,-7.53452E-3,-2.82873E-3,-2.90676E-3,-4.76593E-3,-1.80788E-2,-2.63815E-2,-1.27899E-3,3.53638E-3,-4.16407E-3,6.92613E-3,-8.43343E-3,-1.17579E-3,-1.17879E-2,-1.24285E-2,-7.54255E-3,-9.57671E-3,-1.59499E-2,5.76543E-3,-2.30428E-4,-7.02285E-3,-2.99647E-3,-9.76680E-4,-1.34927E-2,1.10950E-2,1.25540E-4,-1.25500E-2,2.45385E-3,2.76870E-2,-3.24392E-3,-1.94457E-2,9.77783E-4,-1.27114E-2,-6.88196E-3,-4.20764E-3,-1.87557E-2,-3.25018E-3,-1.48399E-2,-2.59526E-2,2.20563E-3,1.20030E-2,1.26841E-2,-1.82476E-2,-1.41614E-2,-8.18547E-3,-9.99666E-3,-2.57278E-2,-2.14635E-2
1.55651E+3,-1.93880E-2,4.13419E-3,-3.26691E-3,-5.20743E-3,-1.16384E-2,-2.14582E-2,2.66726E-2,1.16599E-2,1.14890E-2,-1.55273E-3,1.04312E-2,1.88072E-2,-3.58476E-3,-2.17742E-2,4.67657E-3,-7.67362E-3,-9.52590E-3,7.30339E-3,-8.93045E-3,-2.54302E-2,-3.01277E-2,-2.83278E-2,-1.44996E-2,-3.83889E-2,-2.24452E-2,-3.67980E-2,-2.18861E-2,-4.12433E-2,-2.81836E-2,-3.37746E-2,-3.33133E-2,-4.13638E-2,-2.96292E-2,-2.45719E-2,-4.33185E-2,-2.95007E-2,-1.65120E-2,-9.63469E-3,-1.96954E-2,-2.12320E-2,2.90766E-3,-2.24386E-2,-1.81696E-2,-1.46317E-2,-5.96565E-3,-1.42175E-2,-3.32899E-2,-1.45820E-2,-8.29590E-3,-1.06618E-2,-5.46501E-3,-5.98855E-3,-2.22135E-2,-2.30825E-2,-1.25355E-2,-2.05356E-2,-1.77298E-2,-1.51863E-2,-4.84304E-3,-1.90004E-2,-3.54273E-2,-1.45437E-2,-2.37011E-2,-1.59884E-2,-1.63803E-2,-1.64149E-2,-2.02936E-2,-4.10205E-3,-2.31988E-2,-1.74885E-2,-2.33795E-2,-1.32355E-2,2.25230E-3,-6.34352E-3,-1.13267E-2,-2.45687E-2,-8.68220E-3,-1.35187E-2,8.16833E-3,-1.77563E-2,3.46344E-3,4.23723E-3,-2.24667E-2,-1.18078E-2,-9.06311E-3,-1.92548E-2,1.16490E-3,7.31226E-3,-5.16037E-3,-1.75002E-2,-2.01543E-2,-8.36845E-4,1.51589E-2,-8.47818E-3,9.60490E-3,3.16201E-3,-9.50017E-3,-1.72583E-2,-7.76524E-3,-1.09501E-2,-1.65477E-2,-2.12994E-2,1.50534E-2,4.72589E-3,1.26125E-2,-1.33931E-2,-6.75341E-3,-9.91634E-3,-2.18924E-2,-1.93915E-2,-1.46309E-2,6.50820E-3,-6.60110E-3,-1.03831E-2,-9.60562E-3,-8.50471E-3,1.23752E-2,5.54026E-3,-8.69675E-3,1.53505E-3,6.82829E-3,1.52393E-2,-1.44387E-3,-9.07183E-3,-1.52244E-2,-2.25818E-2,-7.59482E-4,2.20918E-2,-7.39618E-3,-2.05847E-3,-1.43962E-2,-1.32059E-3,-7.23068E-3,-1.20407E-2,-3.86601E-3,-8.55605E-3,-1.04544E-2,7.70330E-4,-5.62210E-3,-1.13746E-2,-1.01561E-2,5.81728E-3,-1.24094E-2,1.69625E-2,3.20439E-3,-1.21041E-2,-2.84494E-3,2.77440E-2,3.85564E-3,-1.38521E-2,5.50411E-3,-1.22434E-3,6.63183E-3,-2.59555E-3,-1.56314E-2,-2.27885E-3,-8.46111E-4,-2.17524E-2,8.99287E-3,1.06982E-3,2.74520E-2,-1.31353E-2,-8.27688E-3,-1.83949E-2,-3.93536E-3,-2.40669E-2,-1.57411E-2
1.56006E+3,-9.21030E-3,-2.35098E-3,-6.90056E-3,-4.91194E-3,-1.07909E-2,-1.16660E-2,1.18419E-2,9.44747E-4,2.42583E-2,-9.21261E-3,3.11147E-2,1.06170E-2,-7.13420E-3,-2.82749E-2,1.16760E-2,-2.16866E-2,-1.97303E-3,-5.09729E-3,-5.44045E-3,-3.71262E-2,-3.52129E-2,-4.17122E-2,-1.45760E-2,-2.75324E-2,-2.98245E-2,-5.18696E-2,-2.41981E-2,-4.93415E-2,-4.21700E-2,-3.67114E-2,-2.67945E-2,-4.02650E-2,-3.49379E-2,-3.29730E-2,-4.78068E-2,-4.20944E-2,-3.73017E-2,-6.13255E-3,-2.27033E-2,-2.06563E-2,7.24777E-3,-2.36335E-2,-1.31823E-2,-2.09015E-2,-9.57448E-3,-1.10471E-2,-3.18963E-2,-5.03439E-3,-2.19631E-2,-9.13136E-3,-8.36739E-3,-1.46333E-2,-2.45387E-2,-2.12366E-2,-7.99627E-3,-4.21303E-2,-1.46345E-2,-1.86171E-2,-9.05635E-3,-2.31692E-2,-2.97910E-2,-3.05462E-2,-3.51279E-2,-1.54597E-2,-2.19556E-2,-2.34687E-2,-2.31386E-2,-1.26849E-2,-2.20885E-2,-3.15481E-2,-1.52489E-2,-1.98377E-2,4.16904E-3,-1.51581E-2,-2.51986E-2,-1.45666E-2,-2.05548E-2,-1.21481E-2,5.78847E-3,-1.99411E-2,-1.16261E-4,-3.56911E-4,-1.75153E-2,-1.97181E-2,-9.47489E-3,-2.12456E-2,-1.94260E-2,-6.51302E-4,-1.09922E-2,-2.41096E-2,-3.58577E-2,6.01145E-3,6.15301E-3,-7.50799E-3,9.19543E-3,1.63079E-3,-3.95680E-3,-2.33004E-2,-1.69053E-2,-1.31171E-2,-2.59791E-2,-2.64958E-2,-4.67558E-3,-2.16627E-3,8.31333E-3,-1.07356E-2,-1.44161E-2,-2.08716E-2,-2.68578E-2,-2.43855E-2,-1.57911E-2,-5.00874E-3,-1.79143E-2,-2.24056E-2,-8.31201E-4,5.91397E-4,3.53136E-3,-1.05506E-3,-4.62326E-3,1.79852E-3,-4.96620E-3,5.06926E-3,8.78467E-3,-5.10183E-3,-2.32368E-2,-2.01380E-2,1.29537E-2,1.26496E-2,-7.52084E-3,-2.00612E-3,-1.22858E-2,-7.13411E-4,-7.14462E-3,-1.12619E-2,-1.45209E-2,-7.03946E-3,-1.71280E-2,-1.93395E-4,5.80497E-3,-1.27993E-2,-1.74304E-2,-3.71660E-3,-1.28037E-2,4.60127E-3,-2.67914E-4,-1.86413E-2,6.65475E-3,3.48488E-2,-3.47948E-3,-2.40576E-2,-5.19735E-3,-2.49958E-2,-8.62276E-3,-4.43315E-3,-2.84434E-2,-2.01708E-2,-2.62754E-4,-2.27197E-2,4.34662E-3,1.03312E-2,3.99140E-2,-2.37391E-2,-2.56980E-2,-1.34203E-2,-1.28238E-2,-1.65203E-2,-2.10029E-2
1.56361E+3,-1.62348E-2,6.72532E-4,-1.32667E-2,3.85615E-3,-1.28303E-2,-1.90626E-2,9.58106E-3,1.06663E-2,1.73280E-2,3.15020E-3,1.28031E-2,2.33280E-2,3.64485E-3,-2.93757E-2,5.73995E-3,-1.67013E-2,-1.72603E-3,-7.45594E-3,-4.09738E-3,-2.85849E-2,-3.59190E-2,-3.27925E-2,-6.54156E-3,-3.79631E-2,-2.26297E-2,-4.94195E-2,-2.22494E-2,-4.70147E-2,-4.24180E-2,-3.88423E-2,-2.24756E-2,-4.47618E-2,-3.26240E-2,-3.79578E-2,-4.37133E-2,-3.51800E-2,-2.38725E-2,-1.31311E-2,-1.94944E-2,-1.78900E-2,2.36867E-2,-2.27058E-2,-1.91297E-2,-2.34053E-2,-6.85393E-4,-5.72325E-3,-3.65108E-2,-4.33333E-3,-1.42753E-2,-1.39532E-2,-8.78409E-3,-1.02159E-2,-3.38085E-2,-2.92612E-2,-2.07121E-2,-3.39462E-2,-1.72192E-2,-1.91695E-2,-1.64199E-2,-2.64685E-2,-2.66175E-2,-2.01061E-2,-3.23200E-2,-2.59344E-2,-1.92109E-2,-2.11973E-2,-2.44490E-2,-1.12890E-2,-2.04062E-2,-2.02218E-2,-2.39384E-2,-1.75404E-2,-5.95924E-3,-4.83605E-3,-2.45008E-2,-6.06488E-3,-1.40942E-2,-9.93723E-3,7.22154E-3,-1.28402E-2,-2.68282E-3,1.59559E-2,-1.86216E-2,-3.13245E-3,-2.01362E-2,-1.98032E-2,-1.09616E-2,1.49595E-2,-1.60516E-2,-1.44346E-2,-2.87258E-2,-3.80570E-3,8.81338E-3,-1.39316E-2,6.45942E-3,-1.64752E-4,-1.52143E-2,-2.07245E-2,-1.39475E-2,-7.60495E-3,-2.78994E-2,-1.72901E-2,-9.84126E-4,1.98110E-2,1.21343E-2,-1.54372E-2,-1.81433E-2,-1.70833E-2,-3.07699E-2,-1.84106E-2,-1.33802E-2,9.10603E-3,-7.05493E-3,-1.60197E-2,1.31573E-2,2.88251E-3,-1.57909E-3,3.07926E-3,-7.72390E-3,-7.38881E-3,-1.52652E-3,-3.04770E-4,-1.64109E-4,2.40504E-3,-1.99483E-2,-1.80278E-2,1.51515E-2,1.21390E-2,-1.60068E-2,3.35074E-3,-4.95346E-4,-1.08146E-2,-1.92570E-3,-1.19861E-2,-1.09697E-2,-9.56717E-3,-1.07509E-2,7.62860E-4,-2.28891E-3,-7.14548E-3,-2.31769E-2,-8.47926E-3,-1.73090E-2,1.78913E-2,3.75364E-3,-1.38371E-2,-2.76149E-3,9.36497E-3,-4.70875E-3,-1.62099E-2,3.42690E-3,-1.70149E-2,3.35320E-3,1.14124E-2,-2.42610E-2,4.25859E-3,1.36292E-3,-2.08013E-2,-8.31899E-3,-3.48058E-4,7.02109E-2,-2.24801E-2,-1.22048E-2,-1.99183E-2,-1.81597E-3,-2.04045E-2,-1.20288E-2
1.56715E+3,-1.27140E-2,-4.43238E-3,-1.20846E-2,-2.14349E-3,-5.11408E-3,-1.77611E-2,2.64186E-2,9.29165E-3,1.05130E-2,1.63640E-3,2.31194E-2,-7.01517E-3,4.47850E-4,-1.14297E-2,1.26766E-3,-2.22777E-2,-7.49527E-4,-5.96836E-3,-9.50256E-3,-3.04659E-2,-2.97717E-2,-2.93692E-2,-1.07471E-2,-3.24093E-2,-2.85004E-2,-4.14422E-2,-1.98043E-2,-4.57370E-2,-4.18653E-2,-3.58517E-2,-2.58151E-2,-3.84365E-2,-3.53032E-2,-2.57051E-2,-3.93901E-2,-3.64810E-2,-3.35119E-2,-8.03838E-3,-2.08035E-2,-2.80230E-2,2.35957E-2,-2.13307E-2,-5.40471E-3,-1.68676E-2,4.78276E-3,-6.16688E-3,-2.75187E-2,-6.08082E-3,-1.56424E-2,-1.64234E-2,-1.22333E-2,-8.29617E-3,-2.84810E-2,-2.94532E-2,-9.55910E-3,-2.18240E-2,-1.90201E-2,-1.63755E-2,-1.72249E-2,-2.10603E-2,-2.97575E-2,-1.24834E-2,-2.67444E-2,-1.37836E-2,-1.80500E-2,-1.98837E-2,-1.87181E-2,-3.03346E-3,-2.11933E-2,-1.94040E-2,-2.62521E-2,-1.24607E-2,1.27875E-2,-4.47335E-3,-2.58532E-2,-7.91896E-3,-1.75718E-2,-1.25188E-2,4.56536E-3,-1.64951E-3,-4.62051E-3,8.79907E-4,-1.55993E-2,2.55088E-3,-6.05029E-3,-2.36377E-2,-1.26191E-2,-6.62217E-3,-5.98643E-3,-1.12108E-2,-2.27171E-2,1.31475E-2,4.55520E-3,-8.93030E-3,8.75046E-3,5.24940E-3,-1.18803E-2,-2.12770E-2,-1.56382E-2,-1.76484E-2,-3.34196E-2,-2.94012E-2,-4.77231E-3,1.25978E-2,1.55929E-2,-8.21373E-3,-2.39473E-2,-2.29471E-2,-2.92600E-2,-2.06924E-2,-1.24566E-2,1.86879E-3,-1.27002E-2,-9.30988E-3,2.64766E-3,8.37995E-3,1.33932E-3,-1.77601E-3,-1.53430E-2,-1.11065E-3,-3.37587E-3,-1.10911E-3,4.28117E-3,-7.63410E-4,-2.45421E-2,-1.75483E-2,-8.61480E-3,1.66799E-2,-3.79679E-3,-2.32281E-3,-4.95430E-3,5.75591E-3,-2.86601E-4,-1.47464E-2,-1.31158E-2,-1.12752E-2,-1.71528E-2,9.23057E-3,3.73345E-4,-8.60657E-3,-9.45349E-3,-1.01402E-2,-1.12605E-2,4.83456E-3,9.98583E-3,-1.36787E-2,7.10278E-3,3.27971E-2,3.26385E-3,-2.15744E-2,5.59503E-3,-1.05033E-2,3.52313E-3,-1.48212E-4,-1.56369E-2,-1.21693E-2,-2.83368E-4,-2.08451E-2,-2.99251E-3,4.42242E-4,1.92894E-2,-2.49006E-2,-1.74720E-2,-1.23785E-2,-6.20831E-3,-2.49049E-2,-1.55605E-2
1.57070E+3,-1.80854E-2,1.31945E-2,-2.80003E-2,7.07994E-4,-6.24116E-3,-1.57139E-2,2.48960E-2,1.69835E-2,3.21479E-2,-9.05535E-3,1.78388E-2,1.09627E-2,-1.08239E-2,-2.64730E-2,-2.33815E-3,-2.98867E-2,1.04380E-2,-1.15809E-2,-7.91060E-3,-2.78588E-2,-2.64997E-2,-2.94969E-2,-1.77278E-2,-4.65551E-2,-2.79209E-2,-4.65464E-2,-3.98341E-2,-5.52910E-2,-4.23532E-2,-3.72568E-2,-4.20794E-2,-5.27956E-2,-4.06678E-2,-3.78065E-2,-5.40817E-2,-4.06143E-2,-1.64521E-2,3.25054E-3,-3.32089E-2,-9.80586E-3,1.09394E-2,-3.71093E-2,-2.01962E-2,-2.20828E-2,-1.94728E-2,-7.72714E-3,-3.92897E-2,-1.84905E-2,-3.21772E-2,-2.86958E-2,-1.59501E-2,-1.42994E-2,-2.72775E-2,-3.77970E-2,-5.68065E-3,-3.52353E-2,-1.39847E-2,-2.03056E-2,-1.91635E-2,-2.61609E-2,-4.49296E-2,-2.39704E-2,-3.57279E-2,-2.02566E-2,-2.48151E-2,-1.89482E-2,-2.90847E-2,-1.42400E-2,-2.84002E-2,-3.16689E-2,-2.40667E-2,-2.49327E-2,3.83475E-3,-6.34927E-3,-2.87760E-2,-1.42616E-2,-2.18913E-2,-1.89226E-2,6.06036E-3,-2.63704E-4,8.63943E-4,2.50875E-3,-1.87230E-2,-6.57482E-3,3.36274E-3,-2.44219E-2,-9.19651E-3,-4.27699E-4,-2.14537E-2,-2.12683E-2,-2.76345E-2,-7.72925E-3,8.33242E-3,-1.01043E-2,1.05950E-2,-5.28583E-3,-1.59756E-2,-2.68554E-2,-1.91098E-2,-2.38511E-2,-2.83899E-2,-3.34476E-2,8.37159E-4,1.13020E-2,1.69118E-2,-5.95665E-3,-1.59068E-2,-2.11778E-2,-3.02362E-2,-2.91474E-2,-1.73376E-2,-6.68066E-3,-2.22650E-2,-1.79817E-2,1.17964E-2,1.11589E-3,1.20045E-2,-1.19480E-4,3.25112E-3,-1.30697E-2,-1.05703E-3,-6.88021E-3,-6.84046E-3,-2.55259E-3,-2.44803E-2,-1.33177E-2,1.47108E-2,2.45758E-2,-1.13748E-2,-4.45369E-3,-1.12428E-2,1.48975E-2,-1.89427E-3,-1.92788E-2,-2.29017E-2,-7.13713E-3,-2.26234E-2,4.06122E-3,5.09820E-4,-3.37864E-3,-2.53467E-2,-5.04003E-3,-1.57242E-2,1.60215E-2,1.60734E-3,-1.27604E-2,-9.39985E-3,4.63229E-2,1.01575E-4,-1.80296E-2,-6.80231E-3,-1.49312E-2,-1.51051E-2,-3.19278E-3,-2.53405E-2,-2.43339E-2,1.27290E-2,-2.89452E-2,1.12134E-2,2.92128E-3,2.60383E-2,-2.96115E-2,-1.78230E-2,-2.14050E-2,-1.81548E-2,-3.50159E-2,-2.59289E-2
1.57425E+3,-6.35152E-3,4.03688E-4,-1.48312E-2,2.04573E-3,-1.18091E-2,-1.54227E-2,2.44452E-2,-9.85194E-3,2.12724E-2,-7.02288E-3,1.78597E-2,2.49610E-2,-8.81677E-3,-2.06011E-2,3.71964E-3,-1.87485E-2,-1.18970E-3,-8.40461E-3,-8.37449E-3,-3.50616E-2,-2.94772E-2,-3.62860E-2,-1.12027E-2,-3.49596E-2,-2.13332E-2,-3.91216E-2,-2.42314E-2,-4.60533E-2,-3.82992E-2,-2.61476E-2,-2.04961E-2,-4.23661E-2,-3.52076E-2,-3.13247E-2,-3.70935E-2,-4.66425E-2,-1.89146E-2,-2.81946E-3,-2.70770E-2,-1.68875E-2,1.94463E-2,-2.82689E-2,-2.50636E-2,-1.55288E-2,-1.18123E-3,-1.49261E-2,-3.30110E-2,-2.04359E-2,-9.01518E-3,-5.78268E-3,3.60735E-3,-5.14149E-3,-2.11894E-2,-3.49798E-2,-1.74985E-2,-3.52835E-2,-2.21448E-2,-1.20494E-2,-2.03068E-2,-1.82138E-2,-2.95973E-2,-2.16258E-2,-2.80140E-2,-2.40797E-2,-2.57621E-2,-1.41284E-2,-1.85005E-2,2.55190E-3,-2.60264E-2,-1.52076E-2,-1.50383E-2,-2.17603E-2,-5.45667E-3,6.34807E-3,-2.19585E-2,-1.37707E-2,-8.54870E-3,-1.25724E-2,1.03677E-2,7.75843E-3,7.00228E-3,1.91586E-2,-2.17045E-2,3.75001E-3,-1.00896E-2,-2.55089E-2,-7.51094E-3,-3.87287E-3,1.06185E-2,-2.22733E-2,-1.32702E-2,-8.24733E-3,1.11289E-2,-3.78396E-3,9.98647E-6,4.79826E-4,-1.91218E-2,-1.67640E-2,-4.02184E-3,-7.64240E-3,-2.12606E-2,-2.20738E-2,1.26860E-3,7.07340E-3,2.18115E-2,-1.19612E-2,-1.28026E-2,-5.54819E-3,-2.47584E-2,-2.58316E-2,-6.98981E-3,1.94968E-2,-8.62310E-3,-3.55579E-3,3.41561E-3,1.17888E-2,1.45962E-2,-3.03866E-3,-7.07712E-4,-6.80680E-3,-6.97502E-3,6.45658E-4,1.53078E-3,2.55636E-3,-2.02799E-2,-2.16033E-2,2.10927E-2,1.56893E-2,-4.89870E-3,8.51542E-3,-6.70697E-3,1.02859E-2,-1.31724E-2,-1.41144E-2,-5.09030E-3,-1.00686E-2,-1.38102E-2,6.45863E-3,-5.81615E-3,-9.06942E-3,-2.79892E-3,-5.29233E-3,-2.73729E-3,3.01865E-2,1.26142E-2,-9.42456E-3,3.45050E-3,7.98037E-3,1.82850E-3,-1.76643E-3,-4.89738E-3,-8.97468E-3,-2.04111E-3,4.31749E-3,-1.38141E-2,-1.93076E-2,-7.74345E-3,-2.49270E-2,-2.38645E-3,-1.72988E-3,2.08025E-2,-1.65922E-2,-1.62615E-3,-1.51500E-2,-1.58976E-2,-2.18664E-2,-2.08265E-2
1.57780E+3,-1.27012E-2,1.84621E-2,-1.34135E-2,-5.30335E-3,-1.00249E-2,-2.69606E-2,2.89886E-2,2.42699E-3,1.90000E-2,-3.83871E-3,1.87064E-2,1.39290E-2,-2.83799E-3,-2.81870E-2,1.75408E-3,-1.89579E-2,-7.42226E-3,-2.74867E-3,-6.74501E-3,-2.93327E-2,-2.37590E-2,-2.82801E-2,-1.55986E-2,-2.91426E-2,-3.40929E-2,-4.13814E-2,-1.89877E-2,-4.88031E-2,-3.88464E-2,-3.35966E-2,-3.13147E-2,-3.96254E-2,-4.66843E-2,-3.66624E-2,-4.52378E-2,-3.51250E-2,-2.66623E-2,3.14053E-3,-2.49889E-2,-2.35897E-2,1.43290E-2,-2.57445E-2,-2.34189E-2,-1.44426E-2,-9.71781E-3,-1.14316E-2,-3.80860E-2,-1.12565E-2,-2.98196E-2,-1.45296E-2,-6.36854E-3,-7.14821E-3,-2.29176E-2,-3.25145E-2,-1.63040E-2,-3.68868E-2,-2.91735E-2,-1.99791E-2,-1.49106E-2,-1.67867E-2,-3.12642E-2,-1.65521E-2,-2.85212E-2,-1.51457E-2,-2.07313E-2,-2.01996E-2,-2.54522E-2,-7.95838E-3,-8.72535E-3,-2.43571E-2,-2.17605E-2,-1.15446E-2,9.05603E-3,-7.03057E-3,-3.35279E-2,-2.22513E-2,-1.25514E-2,-4.38542E-3,2.10801E-2,1.38690E-3,1.09462E-2,4.09271E-3,-1.64691E-2,3.91265E-3,-1.95797E-2,-2.38515E-2,-7.39608E-3,-1.35383E-2,-7.71675E-3,-1.63909E-2,-3.04710E-2,3.48494E-3,2.02018E-2,-8.50789E-3,2.14287E-2,8.77160E-3,-1.07997E-2,-8.00883E-3,-3.17892E-3,-1.66947E-2,-2.46858E-2,-1.71404E-2,2.13442E-5,9.97654E-3,1.63887E-2,-9.94458E-3,-1.04601E-2,-1.95237E-2,-2.99711E-2,-2.06042E-2,-8.39276E-3,1.47369E-3,-1.08917E-2,-1.29882E-2,1.81884E-4,-8.99468E-3,1.73898E-2,1.27265E-3,-8.21349E-3,-7.62662E-3,5.21903E-4,5.44569E-3,7.47027E-3,5.68991E-3,-2.31541E-2,-8.62938E-3,3.60597E-3,2.59478E-2,-3.44654E-3,-1.49068E-2,-1.05044E-2,2.58139E-3,-1.88212E-2,-8.63323E-3,-1.33686E-2,-1.76271E-3,-1.58888E-2,1.62251E-2,2.62603E-3,-9.56646E-3,-6.32704E-3,2.53665E-3,-5.25636E-3,1.42932E-2,4.40401E-4,-1.15512E-2,1.40035E-2,2.44962E-2,1.03418E-2,-1.07361E-2,6.38139E-3,-2.26823E-2,-5.70689E-4,3.22172E-3,-1.99252E-2,-1.11428E-2,5.71557E-3,-2.88953E-2,-5.11644E-4,2.80887E-2,1.88871E-2,-1.16903E-2,-1.87078E-2,-7.38334E-3,-1.71920E-2,-2.14520E-2,-2.39664E-2
1.58135E+3,-1.68552E-2,2.12749E-2,-2.72064E-2,-6.75998E-4,-1.40062E-2,-2.80334E-2,2.68580E-2,-1.29330E-2,2.14803E-2,-6.21604E-3,2.19481E-2,4.20923E-2,-3.48346E-3,-3.28383E-2,8.59432E-3,-2.46574E-2,-7.09392E-3,2.39581E-3,-1.20546E-2,-3.27132E-2,-3.11960E-2,-2.70139E-2,-3.21005E-3,-3.86999E-2,-3.66872E-2,-4.77299E-2,-2.29899E-2,-4.49856E-2,-3.38485E-2,-4.55649E-2,-2.63555E-2,-6.02611E-2,-4.00035E-2,-4.18904E-2,-5.56352E-2,-3.68287E-2,-2.21045E-2,-9.88078E-3,-2.76348E-2,-2.53767E-2,4.48366E-2,-3.88105E-2,-1.91299E-2,-2.49320E-2,-8.45275E-3,-1.55939E-2,-4.92942E-2,-4.60233E-3,-2.37930E-2,-2.76288E-2,-8.83117E-3,-7.18471E-3,-2.82293E-2,-3.34397E-2,-6.64467E-3,-3.31387E-2,-2.49310E-2,-3.88673E-2,-1.25981E-2,-2.71859E-2,-4.22381E-2,-3.31344E-2,-2.97722E-2,-2.18659E-2,-2.00440E-2,-3.66805E-2,-2.32021E-2,-1.80774E-2,-2.45871E-2,-2.13000E-2,-2.18829E-2,-1.05610E-2,-9.70383E-5,-1.19988E-2,-2.68771E-2,-5.89629E-3,-1.58948E-2,-1.59162E-2,1.81299E-2,-6.52403E-3,-4.19295E-3,5.88842E-3,-3.66447E-2,-7.52269E-3,3.88872E-3,-3.13823E-2,-1.81677E-2,-4.26338E-3,-1.19433E-2,-1.84448E-2,-4.64037E-2,-1.20210E-2,1.51951E-2,-1.37672E-2,4.29856E-3,4.31143E-3,-1.01937E-2,-3.05963E-2,-7.34721E-3,-1.75818E-2,-2.58671E-2,-3.99876E-2,9.83358E-3,2.79182E-3,9.32343E-3,-2.58182E-2,-1.36322E-2,-2.31199E-2,-2.08393E-2,-2.63083E-2,-1.62421E-2,3.07738E-2,-2.11751E-2,-2.35831E-2,-2.20599E-3,-8.69473E-3,2.09077E-2,4.04982E-3,-4.54702E-3,-1.01501E-2,-3.89312E-3,-6.14706E-3,-5.09340E-4,2.36540E-3,-2.88273E-2,-2.44471E-2,2.04511E-2,2.03724E-2,-1.01745E-2,3.13862E-2,-5.05802E-3,1.21083E-2,2.66414E-3,-9.62854E-3,-2.81515E-2,-1.70690E-2,-2.92948E-2,1.26964E-2,-1.56769E-2,-1.46697E-2,-2.12297E-2,-1.79203E-2,-1.64952E-2,1.85195E-2,2.75469E-3,-9.93981E-3,2.29008E-2,5.69186E-2,2.06348E-2,-6.46320E-3,6.64677E-3,-2.46425E-2,-4.55500E-3,3.48951E-3,-2.88819E-2,-2.13967E-2,-5.75330E-3,-2.06667E-2,1.39030E-4,2.55848E-2,4.31604E-2,-2.25175E-2,-1.65133E-2,-2.65696E-2,-1.10703E-2,-3.74519E-2,-4.42976E-3
1.58490E+3,-1.49290E-2,7.74349E-3,-2.43507E-2,-2.60170E-2,-7.42776E-3,-2.91410E-2,1.65969E-2,3.69375E-4,2.20734E-2,1.13466E-2,2.65886E-2,3.02547E-2,5.21971E-3,-2.70125E-2,8.68528E-3,-1.11694E-2,-2.45999E-3,-1.04135E-2,-1.14793E-2,-2.82970E-2,-1.78536E-2,-3.96851E-2,-4.33221E-3,-4.08534E-2,-2.86593E-2,-4.16065E-2,-1.86756E-2,-5.42479E-2,-3.15988E-2,-2.78123E-2,-3.04667E-2,-4.39351E-2,-4.73378E-2,-3.74655E-2,-4.56597E-2,-3.43975E-2,-2.62819E-2,1.70424E-2,-2.57777E-2,-2.45381E-2,3.53593E-2,-3.73578E-2,-1.40678E-2,-1.76741E-2,9.00846E-3,1.43255E-2,-3.15136E-2,-7.25730E-3,-1.02492E-2,-2.87363E-2,-1.04832E-2,-1.41149E-2,-2.10444E-2,-2.76219E-2,-1.53060E-2,-3.21756E-2,-1.47180E-2,-1.47250E-2,-1.64404E-3,-1.21910E-2,-3.55799E-2,-2.50536E-2,-3.15842E-2,-1.15666E-2,-1.91985E-2,-2.68468E-2,-2.43167E-2,-1.45121E-2,-9.60459E-3,-2.76979E-2,-1.01274E-2,2.53842E-3,-3.47592E-3,-8.57605E-3,-2.34385E-2,-2.64217E-2,-9.65636E-3,-2.54760E-2,-3.71182E-3,-6.02124E-3,1.06618E-2,-3.42795E-3,-1.20289E-2,9.62590E-4,-1.07440E-2,-3.08475E-2,-1.24520E-2,-1.30425E-3,-8.78413E-3,-9.64838E-3,-1.30578E-2,2.86352E-3,7.01612E-3,-5.35219E-3,2.80309E-2,1.55481E-2,-5.77880E-3,-2.61287E-2,-3.25742E-2,-9.43008E-3,-1.82514E-2,-2.61745E-2,2.29595E-2,8.89533E-3,2.43679E-2,9.38488E-4,-1.26871E-2,-9.44635E-3,-3.29805E-2,-1.83020E-2,-1.54405E-2,7.86273E-3,-7.11686E-3,-5.15184E-3,-2.13170E-4,7.10572E-3,1.26785E-2,-1.54264E-3,5.84715E-3,-9.76345E-3,-6.18290E-3,4.20357E-3,1.14671E-2,-8.01971E-3,-2.03669E-2,-3.14373E-2,1.24409E-2,2.04067E-2,-1.45562E-2,1.93690E-4,-1.40955E-2,1.27107E-2,-6.54202E-3,-2.26484E-2,-9.05663E-3,-8.74177E-3,-1.41896E-2,2.09631E-2,4.33867E-3,-1.13754E-2,-1.00366E-2,-1.74341E-2,-1.47617E-2,7.38184E-3,1.85412E-2,-1.81295E-2,1.27673E-4,3.19264E-2,2.12316E-3,1.04203E-2,-2.98230E-4,-1.29432E-2,-1.43691E-2,-1.62668E-2,-2.19534E-2,-2.01564E-2,5.01852E-3,-3.16190E-2,2.08096E-2,3.33645E-2,1.47273E-2,-2.08768E-2,-7.78472E-3,-1.79189E-2,-1.30720E-2,-1.99200E-2,-1.35876E-2
1.58845E+3,-2.14253E-2,1.55736E-2,-2.58159E-2,-5.76637E-4,-6.49623E-3,-3.22382E-2,3.80085E-2,3.46526E-3,2.21049E-2,-8.09329E-4,2.65734E-2,3.79213E-2,-9.70349E-3,-3.31599E-2,-1.34221E-2,-3.17176E-2,-1.10777E-2,-1.53250E-2,-7.02199E-3,-3.27234E-2,-4.47552E-2,-3.68237E-2,1.63902E-3,-5.20572E-2,-4.79025E-2,-5.22937E-2,-3.61737E-2,-6.87984E-2,-4.08211E-2,-4.63145E-2,-3.59048E-2,-5.81692E-2,-5.33012E-2,-3.52607E-2,-6.71173E-2,-4.47544E-2,-5.05402E-2,3.02612E-2,-2.70547E-2,-2.58687E-2,2.93176E-2,-3.98799E-2,-2.84537E-2,-1.98940E-2,-9.95715E-3,1.72791E-2,-4.25662E-2,-3.36557E-2,-2.55803E-2,-2.10657E-3,-1.51733E-2,-4.04107E-2,-3.68774E-2,-4.47090E-2,-2.56090E-2,-3.75551E-2,-3.45682E-2,-2.10679E-2,-2.05563E-2,-2.33667E-2,-3.74068E-2,-3.87274E-2,-2.81844E-2,-2.04241E-2,-1.95670E-2,-2.94922E-2,-1.53786E-2,-2.47210E-2,-4.13612E-2,-3.11343E-2,-4.34999E-2,-1.22381E-2,-1.58863E-2,-1.98307E-2,-3.12640E-2,-3.64584E-3,-1.78986E-2,-1.97349E-2,1.69431E-2,-4.30636E-3,-2.91515E-2,5.08889E-3,-1.32737E-2,-8.15969E-3,6.39839E-3,-3.00774E-2,-2.29751E-2,1.65894E-3,-2.83465E-2,-2.85436E-2,-3.40080E-2,4.16844E-4,2.71304E-2,-9.91745E-3,1.13588E-2,2.11617E-2,-1.42801E-2,-3.19206E-2,-2.22809E-2,-1.76092E-2,-3.27083E-2,-4.22272E-2,8.38687E-3,1.44171E-2,5.07312E-2,-2.29554E-2,-3.27181E-2,-2.77837E-2,-4.60442E-2,-4.51202E-2,-4.14231E-2,-4.59231E-3,-2.03378E-2,-3.70426E-2,4.24773E-2,1.81742E-2,2.40659E-2,-5.33283E-3,-4.14678E-3,-1.52611E-2,-3.51168E-3,8.77102E-3,-7.74908E-3,6.78385E-3,-3.40044E-2,-1.85294E-2,1.99744E-2,2.60688E-2,-1.32326E-2,-1.88160E-2,-8.57910E-3,2.92331E-2,-1.76253E-2,-2.42652E-2,-1.67495E-2,-2.48458E-2,-2.60422E-2,2.48189E-2,-7.36432E-3,-2.12732E-2,-3.67982E-2,2.53300E-3,-4.11567E-3,4.37504E-2,1.67046E-2,-3.49215E-2,1.61498E-3,5.04005E-2,1.96080E-2,-2.06801E-2,-8.96370E-3,-2.44397E-2,7.27419E-3,1.05688E-2,-4.55404E-2,-3.68239E-2,-2.00655E-2,-3.79878E-2,6.59850E-3,1.37569E-3,7.79689E-2,-3.27960E-2,-1.10510E-2,-3.42519E-2,6.65546E-4,-2.72730E-2,-4.78161E-2
1.59200E+3,-9.32652E-3,-1.59265E-2,-4.12897E-2,-1.13882E-2,8.76129E-3,-3.44570E-2,3.55627E-2,-2.31034E-3,2.16981E-2,-1.70976E-3,5.26621E-2,1.45692E-2,-5.97223E-3,-2.20218E-2,1.11487E-2,-2.16189E-2,2.19917E-4,-6.31495E-3,-8.21321E-3,-2.10154E-2,-2.54739E-2,-2.98073E-2,-1.35135E-2,-4.22140E-2,-3.61266E-2,-5.47662E-2,-1.82194E-2,-6.41728E-2,-4.93106E-2,-1.82945E-2,-5.68161E-3,-5.76124E-2,-4.10701E-2,-3.16083E-2,-6.89309E-2,-4.14613E-2,-3.52884E-2,2.21712E-2,-2.03031E-2,-1.47926E-2,6.22613E-2,-2.77527E-2,-3.71456E-2,-3.60950E-2,2.85298E-3,-1.63023E-3,-4.77951E-2,-1.95536E-2,-1.03649E-2,-4.43664E-2,-1.25501E-2,-1.36898E-2,-3.83702E-2,-4.96694E-2,-3.13675E-2,-4.11681E-2,-1.33940E-2,-1.83738E-2,-1.52599E-2,-2.81843E-2,-3.40595E-2,-2.00439E-2,-4.05213E-2,-2.74402E-2,-2.62203E-2,-3.41726E-2,-3.70348E-2,-1.18668E-2,-2.28371E-2,-2.84900E-2,-2.92169E-2,-2.75163E-2,4.61008E-2,1.35352E-3,-3.60344E-2,5.91766E-3,-2.01333E-2,-3.22149E-3,3.02755E-2,6.11343E-3,1.15318E-2,-4.78516E-3,-1.76505E-2,-1.17785E-2,4.32345E-3,-2.42578E-2,-1.02667E-2,-7.33510E-3,4.23967E-3,-2.81834E-2,-2.63246E-2,1.34230E-2,2.48415E-2,-2.28590E-2,1.23233E-2,1.25513E-2,-1.97337E-2,-1.75986E-2,1.91984E-3,-2.32760E-2,-3.44031E-2,-3.34410E-2,4.72957E-3,3.16566E-2,2.49941E-2,-2.98702E-2,-2.28480E-2,-9.50216E-3,-3.13913E-2,-3.42062E-2,-2.24772E-2,-8.77680E-4,-1.05348E-2,-1.19330E-2,7.14274E-3,-6.89013E-3,7.34375E-3,-3.81171E-3,-1.31582E-2,-2.14318E-2,1.53126E-2,1.42475E-4,1.12408E-2,1.27411E-3,-2.42689E-2,-3.02430E-2,3.00303E-2,3.02270E-2,-7.95115E-3,-1.31823E-2,-1.91086E-2,1.60937E-2,3.30128E-3,-9.63668E-3,5.72266E-3,-5.21013E-3,-1.41406E-2,7.94479E-3,-1.65778E-2,-2.08849E-2,-1.68584E-2,-1.60883E-2,-1.99425E-2,4.19936E-2,1.72360E-2,-1.41080E-2,-1.46690E-2,4.09287E-2,-1.36019E-2,-3.22104E-3,1.35661E-3,-1.43001E-2,1.55510E-2,1.66743E-3,-3.68496E-2,-3.26242E-2,1.11004E-2,-2.82214E-2,5.22560E-4,3.10741E-2,3.00776E-2,-2.26112E-2,-3.23094E-2,-2.82055E-2,-1.45039E-2,-2.76476E-2,-2.85140E-2
1.59555E+3,-4.04564E-2,9.79938E-2,-4.76160E-2,9.87543E-3,-3.02504E-2,-5.10463E-2,4.37552E-2,8.21783E-3,3.44655E-2,-4.56584E-3,3.98511E-2,4.20758E-2,-2.29469E-2,-6.23067E-2,-1.70461E-2,-5.45895E-2,-4.76602E-2,-3.31651E-2,-3.78863E-2,-7.19991E-2,-4.85879E-2,-6.85508E-2,-2.90354E-2,-6.99066E-2,-6.55006E-2,-8.15321E-2,-5.17464E-2,-7.32387E-2,-7.10073E-2,-5.16332E-2,-4.76162E-2,-8.45893E-2,-7.55415E-2,-6.04831E-2,-7.54910E-2,-7.45082E-2,-6.28186E-2,2.66253E-2,-4.37344E-2,-2.69009E-2,1.51353E-2,-7.02149E-2,-3.41818E-2,-5.57607E-2,-8.27398E-3,5.46737E-3,-6.62534E-2,-3.71575E-2,-6.45110E-2,-2.88246E-2,-3.87911E-2,-4.93861E-2,-6.27445E-2,-7.59046E-2,-5.84770E-2,-6.57554E-2,-5.13408E-2,-5.27316E-2,-3.92902E-2,-5.92143E-2,-5.84582E-2,-5.88689E-2,-4.42207E-2,-4.58439E-2,-4.01747E-2,-6.68365E-2,-5.39504E-2,-4.09718E-2,-4.52911E-2,-4.03185E-2,-5.19379E-2,-3.15223E-2,1.02055E-3,-4.55895E-2,-6.84716E-2,-4.70522E-2,-3.93514E-2,-4.90434E-2,7.04589E-4,-4.19640E-2,-2.71629E-2,3.27505E-2,-3.01848E-2,1.40162E-4,-3.83203E-2,-6.02440E-2,-2.44623E-2,-3.61201E-2,-4.22616E-2,-5.00350E-2,-6.36739E-2,-4.22434E-2,4.89825E-2,-2.47263E-2,-9.93388E-3,3.10347E-2,-3.48914E-2,-3.69250E-2,-3.08592E-2,-4.41097E-2,-5.90500E-2,-5.83035E-2,1.51557E-2,3.46215E-3,7.35592E-3,-4.50080E-2,-3.87865E-2,-4.12771E-2,-5.31776E-2,-6.82123E-2,-5.43421E-2,2.00273E-3,-3.17089E-2,-3.25202E-2,-6.87075E-3,-2.39430E-2,7.11742E-2,-1.08152E-2,-3.63412E-2,-3.33446E-2,-2.21246E-2,1.02175E-2,-2.31899E-2,-4.45649E-3,-6.05817E-2,-5.46798E-2,7.83960E-4,2.87262E-3,-5.20747E-2,-1.41937E-2,-4.55268E-2,7.38670E-3,-3.76096E-2,-4.92473E-2,-2.55048E-2,-2.88080E-2,-4.62910E-2,-2.05796E-2,-3.23780E-2,-3.88980E-2,-4.49114E-2,-2.26226E-2,-1.17689E-2,-1.64886E-2,-1.49299E-2,-3.64041E-2,1.66755E-3,1.27446E-1,5.99412E-2,-3.20962E-2,-3.35468E-2,-4.41464E-2,-4.31794E-2,-1.82469E-2,-6.35166E-2,-4.88960E-2,1.19814E-2,-6.23481E-2,3.89180E-3,2.06929E-2,5.99845E-2,-4.25731E-2,-4.19519E-2,-6.41129E-2,-7.19565E-3,-7.08102E-2,-5.09379E-2
1.59911E+3,-8.04890E-3,8.31598E-3,-1.97374E-2,-1.61102E-2,-1.39405E-3,-3.34438E-2,3.76540E-2,-8.42960E-3,2.87680E-2,1.15727E-2,1.12420E-2,3.31740E-2,-1.80887E-2,-3.75643E-2,1.20902E-2,-2.20872E-2,-4.95483E-3,-1.10233E-3,-8.88044E-3,-3.44818E-2,-3.42558E-2,-1.99725E-2,-5.18391E-3,-4.08097E-2,-4.07644E-2,-5.72050E-2,-2.33890E-2,-5.98472E-2,-3.58305E-2,-4.06432E-2,-3.17345E-2,-5.17337E-2,-3.86976E-2,-2.41456E-2,-6.40917E-2,-4.72553E-2,-3.31059E-2,1.11176E-2,-3.36345E-2,-1.76899E-2,4.71879E-2,-6.42631E-2,-7.63184E-3,-6.59601E-3,-5.73584E-3,-2.31800E-2,-4.41773E-2,-1.59853E-2,-1.18264E-2,-2.87639E-2,-1.73099E-2,-1.58593E-2,-3.62150E-2,-4.96433E-2,-6.92084E-3,-3.90237E-2,-2.47062E-2,-1.85063E-2,-5.13606E-3,-2.20323E-2,-3.71083E-2,-3.02561E-2,-2.58332E-2,-1.64060E-2,-2.56001E-2,-2.35323E-2,-4.11220E-2,-1.61476E-2,-1.96794E-2,-1.86255E-2,-2.99600E-2,-6.72532E-3,-1.24944E-2,-9.11867E-3,-4.12595E-2,-1.83164E-2,-1.21467E-2,-1.85750E-2,4.08323E-2,-7.43547E-3,5.00490E-3,2.64943E-2,-1.40647E-2,-5.54564E-3,3.11329E-3,-3.45592E-2,-7.76733E-3,-6.54388E-3,-2.08530E-2,-2.42901E-2,-3.40697E-2,-1.79613E-2,1.50126E-2,-2.18944E-2,-1.24053E-3,3.67597E-3,-1.10696E-2,-1.95023E-2,-4.57086E-2,-1.75329E-2,-2.88528E-2,-4.06531E-2,1.30931E-2,4.00213E-2,2.90472E-2,-1.58818E-2,-2.02638E-2,-1.98401E-2,-3.67757E-2,-5.06760E-2,-1.61161E-2,2.54108E-2,-1.66114E-2,-1.04812E-2,2.59060E-3,-7.10606E-3,4.91077E-2,-3.51176E-3,-2.42458E-2,-1.88552E-2,-1.06108E-2,2.57504E-3,2.14690E-3,6.63980E-3,-1.84001E-2,-1.29288E-2,2.03041E-2,3.02332E-2,-2.41280E-2,-1.05245E-2,-1.57282E-2,1.44257E-2,3.81722E-4,-2.37042E-2,-2.32278E-2,-2.43587E-3,-2.14050E-2,1.42349E-2,7.47526E-3,-2.10692E-2,7.66350E-4,-1.60110E-2,-1.88815E-2,2.53930E-2,1.53876E-2,-1.61341E-2,-2.49623E-3,2.36285E-2,1.88062E-2,-1.50010E-2,-9.80388E-3,-1.96666E-2,2.02662E-2,2.17560E-2,-3.38154E-2,-2.37146E-2,-6.83424E-4,-4.38747E-2,4.65730E-4,2.59182E-2,2.57064E-2,-3.56147E-2,-1.71554E-2,-3.51299E-2,-1.67535E-3,-3.30847E-2,-1.88233E-2
1.60266E+3,-1.85682E-2,2.54651E-2,-5.63614E-3,-7.08402E-3,-5.50007E-3,-4.29466E-2,1.02160E-3,-9.31462E-3,1.63907E-2,2.67507E-3,3.72781E-2,3.28156E-2,-2.10635E-3,-2.99627E-2,5.47257E-3,-3.56676E-2,-1.37563E-2,-2.10710E-2,-1.49298E-2,-4.14263E-2,-3.67277E-2,-1.85797E-2,-1.33693E-2,-4.80084E-2,-3.22354E-2,-5.28496E-2,-2.56868E-2,-6.89505E-2,-4.03867E-2,-4.35216E-2,-2.91425E-2,-4.04585E-2,-4.60798E-2,-5.80853E-2,-5.64534E-2,-5.24060E-2,-1.72415E-2,1.00159E-2,-2.37106E-2,-1.63721E-2,3.25475E-2,-4.08730E-2,1.64108E-3,-9.15104E-3,1.05460E-2,-1.32273E-2,-3.82322E-2,-2.32899E-2,-1.85362E-2,-2.71818E-2,-1.03769E-2,-1.70469E-2,-4.71306E-2,-3.96985E-2,-1.20470E-2,-4.24701E-2,-2.87343E-2,-6.77186E-3,-1.65517E-2,-2.55399E-2,-4.70056E-2,-3.12031E-2,-3.88638E-2,-2.77306E-2,-2.46503E-2,-2.18892E-2,-3.47712E-2,-1.80446E-2,-9.34797E-3,-2.72473E-2,-3.19804E-2,-9.28845E-3,9.94999E-3,-4.86094E-3,-3.94288E-2,-2.37029E-2,-7.60638E-3,-3.13821E-2,2.41963E-2,-1.10464E-2,-1.98550E-2,2.48747E-3,-2.76823E-2,-9.33159E-3,-8.48866E-3,-3.84594E-2,-5.24180E-3,-1.06117E-3,-1.05928E-2,-4.91308E-2,-3.79373E-2,-3.51611E-3,1.10286E-3,-8.73297E-3,7.10033E-3,-1.52721E-2,-2.22802E-2,-3.03720E-2,-1.80711E-2,-3.28655E-2,-1.68146E-2,-2.89736E-2,1.52172E-2,9.77138E-3,3.29962E-2,-2.34045E-2,-1.72498E-2,-2.62631E-2,-3.67201E-2,-2.91731E-2,-2.04043E-2,4.93960E-3,-1.18807E-2,-2.63279E-2,2.51780E-2,1.77310E-2,6.63003E-3,6.61300E-3,-7.21601E-3,-2.09656E-2,-1.23233E-2,-1.57511E-3,-2.68386E-3,7.02075E-3,-1.47578E-2,-2.62998E-2,4.28516E-2,2.70644E-2,1.99305E-5,-4.87939E-3,-1.50162E-2,-8.79032E-3,-1.14197E-3,-1.75256E-3,-1.32743E-2,-1.88369E-2,-5.63134E-3,1.61074E-2,-1.19512E-2,-8.81845E-3,-1.69044E-2,4.13373E-3,-1.04322E-2,1.93990E-2,7.36990E-3,-1.84943E-2,1.32051E-2,3.49019E-2,-1.58178E-2,-2.69280E-2,8.66847E-3,-2.34079E-2,2.68537E-2,-2.28146E-2,-2.95848E-2,-3.01127E-2,2.83941E-3,-4.11756E-2,1.90928E-2,1.90821E-2,1.52750E-2,-1.09306E-2,-2.19316E-2,-3.49488E-2,-3.60507E-2,-2.38927E-2,-2.40334E-2
1.60621E+3,3.52270E-3,-3.37858E-3,-3.43349E-2,-1.16976E-2,6.77282E-3,-4.87757E-2,1.49396E-2,7.01158E-3,1.07111E-2,-1.59321E-2,2.72970E-2,7.22467E-2,7.74573E-4,-2.25207E-2,-6.63632E-3,-4.44663E-2,-9.51200E-3,-5.52514E-3,-3.18719E-2,-1.69049E-2,-1.08832E-2,-3.61033E-2,6.36391E-3,-4.80911E-2,-1.33557E-2,-6.84160E-2,-2.92734E-2,-6.26494E-2,-3.31718E-2,-5.00517E-2,-2.14775E-2,-4.75983E-2,-4.34044E-2,-3.89722E-2,-6.53719E-2,-5.27894E-2,-2.21065E-2,1.46811E-2,-3.14130E-2,-3.02130E-2,2.28891E-2,-4.61797E-2,6.48593E-3,-3.62100E-2,8.05959E-3,5.69911E-3,-3.98964E-2,-1.30897E-2,-1.93617E-2,-2.73333E-2,-1.55458E-2,-1.60685E-2,-4.34712E-2,-4.35047E-2,-2.35746E-2,-4.67800E-2,-3.42133E-2,-2.64259E-2,-7.94882E-3,-1.73445E-2,-4.37659E-2,-2.57041E-2,-4.60436E-2,-2.83764E-2,-3.78257E-2,-4.21177E-2,-2.36403E-2,-2.10086E-2,-3.53535E-2,-2.87985E-2,-4.04410E-2,-2.03012E-2,2.42713E-2,-4.24214E-3,-3.60938E-2,-1.27806E-2,-2.49966E-2,-2.32304E-2,1.21318E-2,2.07757E-2,-7.02080E-3,5.75320E-3,-9.98884E-3,-6.77634E-3,-1.05571E-2,-4.77946E-2,-4.00972E-2,3.48445E-3,4.64051E-3,-1.73618E-2,-3.87224E-2,6.57631E-3,3.30933E-2,-1.92177E-2,2.63319E-2,2.69777E-4,-3.06307E-2,-4.94838E-2,-2.12000E-2,-1.86952E-2,-4.18274E-2,-2.57903E-2,3.61614E-3,1.38882E-2,9.72587E-3,-2.10835E-2,7.96997E-3,-2.53305E-2,-3.59763E-2,-4.02258E-2,-3.13074E-2,3.97084E-2,1.48481E-3,1.71909E-3,1.07393E-2,2.44321E-2,3.17127E-2,1.74251E-2,-8.81287E-3,-2.89390E-2,-1.15659E-2,-1.07197E-2,-7.35843E-3,-7.81051E-3,-1.14720E-2,-2.58583E-3,4.96573E-2,1.11015E-2,1.23077E-3,1.78421E-2,7.94171E-3,2.12959E-2,-1.04426E-2,-1.55227E-2,-3.11642E-2,-2.09487E-3,-2.00146E-2,3.56808E-2,1.99683E-2,-1.99809E-2,-1.10765E-2,-1.96590E-2,-1.93125E-3,5.36748E-2,2.31148E-2,1.62982E-2,1.22562E-2,3.34865E-2,2.97225E-2,-1.59298E-2,-2.66158E-2,-2.56477E-2,2.04828E-2,-1.34274E-2,-3.80633E-2,-2.94394E-2,1.81780E-2,-2.82774E-2,5.05411E-2,1.36705E-2,-7.32523E-4,-3.56580E-2,-6.39709E-3,-3.66615E-2,-2.80293E-2,-1.80723E-2,-1.36247E-2
1.60977E+3,2.38885E-2,-9.18357E-2,1.48363E-2,-1.85681E-2,-1.15596E-2,-1.12563E-3,-2.71346E-2,-2.65886E-2,3.20870E-2,3.72319E-2,-1.74127E-2,3.69508E-3,2.77073E-2,1.12053E-2,4.35736E-2,2.85629E-3,1.77452E-2,4.63599E-2,3.67689E-2,9.67051E-3,-1.18404E-2,2.90953E-3,4.35320E-2,-1.22929E-2,-5.54579E-4,-1.89939E-2,3.13524E-2,-1.28485E-2,1.35680E-2,1.51585E-2,1.79102E-2,-2.73682E-2,-4.50113E-5,2.89864E-3,-2.66465E-2,-2.17866E-2,-1.56509E-2,-8.41601E-2,-1.02691E-3,1.27974E-2,-7.31288E-2,-5.23130E-3,-1.04952E-1,3.22296E-2,-1.15072E-2,-4.67952E-2,-1.18498E-2,-1.48349E-2,1.93355E-2,-2.14332E-2,3.90826E-2,-2.02633E-2,-1.05297E-2,-7.97481E-3,1.35289E-2,-3.33544E-3,1.75110E-2,1.26727E-2,9.36243E-3,3.07600E-2,9.86851E-3,1.83613E-2,-1.10012E-2,1.95135E-2,1.83077E-2,2.49872E-2,1.42119E-2,1.88195E-2,3.30003E-2,1.20893E-2,4.91100E-3,3.71862E-2,-1.20177E-2,1.86928E-2,5.47871E-3,1.21820E-2,-1.07832E-2,-1.43803E-2,-7.16265E-2,4.00447E-2,5.58107E-2,-5.12339E-2,1.85155E-2,2.39419E-2,1.97884E-2,-5.79202E-3,4.38479E-5,4.24653E-2,-3.77699E-4,9.40846E-3,-3.24900E-4,3.64989E-2,1.01122E-2,2.20377E-2,-1.90630E-2,3.93672E-2,5.28487E-3,1.59529E-2,4.76966E-3,1.78319E-2,1.88382E-2,5.24313E-3,8.84819E-2,-2.81256E-2,-1.04870E-2,-1.67806E-2,1.33052E-2,-6.13611E-3,-1.51647E-3,2.32325E-3,1.45039E-2,2.59717E-2,1.83672E-2,3.99104E-2,-2.87879E-2,2.75111E-2,-6.83030E-2,1.51652E-2,4.10015E-2,1.36145E-2,-3.78338E-3,9.56006E-3,4.36160E-2,2.03509E-2,1.78520E-2,1.89771E-2,-1.10645E-2,1.94868E-2,1.71200E-2,1.98398E-2,5.42646E-2,3.35469E-2,5.14326E-2,1.29738E-2,-3.27685E-3,8.64876E-3,1.44192E-2,3.77143E-2,5.17587E-2,3.22473E-2,3.27082E-2,1.24159E-2,3.51058E-2,-1.26475E-2,-3.65558E-4,1.75945E-2,1.71248E-2,1.51898E-2,-1.52033E-1,-5.80489E-3,4.36455E-2,1.77718E-2,9.10142E-3,9.72089E-3,-5.85368E-3,1.40452E-2,3.86271E-2,-1.10123E-2,7.29808E-2,2.20948E-3,-1.00761E-1,-2.63335E-2,1.47215E-2,3.30984E-3,-1.82006E-2,4.74307E-3,3.03149E-2
1.61332E+3,-1.88326E-1,2.69287E-1,-2.77809E-1,5.35155E-2,-1.06585E-1,-2.78723E-1,2.28961E-1,-1.00091E-1,2.50184E-1,1.40869E-1,3.39892E-1,2.44078E-1,-2.03716E-1,-2.79349E-1,-9.21878E-2,-2.88083E-1,-2.81975E-1,1.63259E-1,-2.44841E-1,-2.08857E-1,-2.70881E-1,-2.70612E-1,-9.30400E-2,-2.54197E-1,-3.06992E-1,-3.07497E-1,-2.48061E-1,-3.19599E-1,-2.89850E-1,-1.90878E-1,-2.74640E-1,-3.06344E-1,-2.88143E-1,-1.32869E-1,-3.24773E-1,-3.01304E-1,-2.26160E-1,2.84729E-1,-1.83977E-1,-2.27938E-1,4.43290E-1,-2.40992E-1,1.82979E-1,-1.57492E-1,9.12368E-2,-8.81135E-2,-2.29408E-1,-2.02246E-1,-9.03381E-2,-7.43031E-2,-2.48673E-1,-1.55272E-1,-3.00718E-1,-2.94650E-1,-2.55594E-1,-2.96755E-1,-1.98462E-1,-1.15925E-1,-1.81611E-1,-1.36317E-1,-2.21812E-1,-2.02376E-1,-1.72008E-1,-2.01737E-1,-2.18934E-1,-2.99065E-1,-2.83720E-1,-2.14370E-1,-1.99781E-1,-2.07191E-1,-2.79248E-1,-1.43854E-1,1.49713E-1,-5.50211E-2,-3.09809E-1,-1.97506E-1,-1.12779E-1,-2.74968E-1,2.83456E-1,-2.39221E-1,-1.44948E-1,3.79467E-1,-1.50146E-1,-1.47869E-1,-8.79603E-2,-2.75346E-1,-2.31955E-1,-9.32276E-2,-2.53344E-1,-1.68017E-1,-2.15161E-1,-1.79207E-2,1.96013E-1,-1.77991E-1,-8.93794E-2,-1.08013E-1,-2.47416E-2,-2.83629E-1,-1.88593E-1,-2.25184E-1,-2.80293E-1,-2.86085E-1,-9.36381E-2,4.99975E-1,2.15867E-1,-1.95506E-1,-2.53693E-1,-2.70562E-1,-2.55245E-1,-2.59267E-1,-2.31365E-1,-1.43828E-2,-2.23067E-1,-2.42738E-1,2.11933E-1,-1.72389E-1,2.98697E-1,-6.67036E-2,-1.67246E-1,-1.25050E-1,-1.66327E-1,9.60366E-2,-5.61030E-2,4.96778E-2,-2.73056E-1,-2.63254E-1,2.67765E-1,2.23628E-1,-2.36965E-1,-1.20652E-1,-1.89996E-1,-1.44329E-1,-2.52605E-1,-2.91309E-1,-2.62430E-1,-1.34926E-1,-2.33237E-1,-8.24152E-2,-1.55949E-1,-2.67209E-1,-2.62918E-1,-7.45242E-3,-6.75071E-2,7.26948E-2,3.10841E-2,-1.31453E-1,-1.79197E-1,1.41211E-1,4.63757E-1,-1.60725E-1,-5.36936E-2,-1.94510E-1,-1.39115E-1,-1.69485E-2,-2.21861E-1,-2.75865E-1,1.74863E-1,-2.94065E-1,-3.29678E-2,3.79826E-1,7.16232E-1,-2.22707E-1,-2.70960E-1,-3.09027E-1,-2.05965E-2,-2.69626E-1,-2.66380E-1
1.61688E+3,8.23942E-2,-1.72604E-2,1.46351E-1,5.42997E-2,-2.28094E-2,1.05081E-1,-1.37107E-1,5.66517E-2,-2.46314E-1,-8.11553E-2,-2.76669E-1,-9.00258E-2,1.33872E-1,1.21912E-1,1.70780E-1,1.33153E-1,1.46310E-1,1.18467E-1,1.47131E-1,9.07075E-2,1.01425E-1,1.28164E-1,3.05711E-2,9.81630E-2,1.27778E-1,3.27224E-2,8.19707E-2,9.95695E-2,1.30422E-1,1.17783E-1,9.71477E-2,1.24990E-1,9.74231E-2,1.28716E-1,1.00778E-1,1.20566E-1,1.07669E-1,-2.95745E-1,9.07613E-2,4.95644E-2,-3.10520E-1,1.09689E-1,-2.17029E-2,1.22625E-1,-2.02050E-2,-3.49910E-2,1.20016E-1,5.28931E-2,1.27186E-1,-3.73403E-2,7.93378E-2,3.98497E-2,1.29850E-1,1.11315E-1,1.22820E-1,1.25151E-1,1.36434E-1,1.30333E-1,4.88953E-2,-2.14453E-2,1.38945E-1,1.40301E-1,1.17717E-1,1.38430E-1,1.13951E-1,1.32688E-1,1.43442E-1,3.42767E-2,1.04211E-1,1.33446E-1,1.36872E-1,1.25401E-1,-5.23400E-2,-5.84962E-2,1.30845E-1,4.05662E-2,1.49155E-1,1.43769E-1,-1.56166E-1,2.17412E-2,9.19903E-2,-3.87924E-1,1.67835E-1,1.14581E-1,-8.53677E-3,1.11326E-1,4.65010E-2,2.54024E-2,9.90665E-2,6.53363E-2,6.69662E-2,1.31740E-1,-1.79530E-1,1.43651E-1,8.48278E-2,1.04060E-1,3.23281E-2,1.35863E-1,1.07056E-1,1.43083E-1,9.82003E-2,1.33655E-1,-9.30165E-2,-3.60349E-1,-5.38062E-2,6.60665E-2,1.40240E-1,1.33016E-1,1.21262E-1,7.79639E-2,1.32262E-1,-2.60656E-2,3.17198E-2,1.60621E-1,-5.43770E-2,1.05168E-1,-1.87826E-1,1.39029E-1,8.91620E-2,9.84652E-2,9.76234E-2,5.78458E-2,1.40392E-1,1.65151E-3,9.09785E-2,1.07261E-1,-2.53890E-1,-8.21770E-2,1.31818E-1,1.19357E-1,5.27745E-2,6.55837E-2,8.27697E-2,1.39993E-1,9.44378E-2,1.43032E-1,9.31686E-2,1.48912E-1,-2.26700E-2,1.49921E-1,1.45773E-1,-9.43089E-3,8.86890E-3,8.85115E-2,5.03104E-2,9.08455E-2,1.48540E-2,-1.51684E-1,-1.34101E-1,3.88117E-2,1.00296E-1,1.33372E-1,1.46365E-1,-1.63343E-2,1.15578E-1,9.71646E-2,-6.07407E-2,1.18783E-1,8.49971E-2,7.61770E-2,-4.12017E-1,4.22507E-3,9.30200E-2,1.32388E-1,-3.03225E-2,1.38670E-1,1.53409E-1
1.62044E+3,-1.27796E-1,3.60012E-2,-1.63009E-1,-3.32073E-2,-2.90879E-2,-1.62322E-1,2.16269E-1,2.84568E-2,6.27751E-2,6.48028E-2,1.86163E-1,1.85590E-1,-5.33304E-2,-1.68654E-1,-4.26518E-2,-1.90041E-1,-1.57790E-1,5.49586E-2,-1.37299E-1,-1.61467E-1,-1.26713E-1,-1.47822E-1,-9.43176E-2,-1.59039E-1,-1.77467E-1,-1.82003E-1,-7.80609E-2,-2.08260E-1,-1.90740E-1,-1.53372E-1,-1.05553E-1,-1.78315E-1,-1.51295E-1,-1.09558E-1,-2.04581E-1,-1.69140E-1,-1.42377E-1,1.22243E-1,-3.93280E-2,-1.07334E-1,2.16853E-1,-1.99653E-1,3.78294E-2,-1.20995E-1,6.14766E-2,-1.23865E-2,-1.63540E-1,-1.02599E-1,-1.41862E-1,-9.49262E-2,-1.53630E-1,-1.08287E-1,-1.94337E-1,-2.16542E-1,-1.60057E-1,-2.00054E-1,-1.25211E-1,-1.50990E-1,-4.80277E-2,-5.96483E-2,-1.66210E-1,-1.30699E-1,-1.46175E-1,-1.48733E-1,-1.62119E-1,-1.48725E-1,-1.85116E-1,-1.58577E-1,-1.38326E-1,-1.70982E-1,-1.74297E-1,-9.36885E-2,1.64591E-1,-7.49051E-2,-1.81407E-1,-1.14217E-1,-6.85143E-2,-1.50008E-1,1.82193E-1,-4.25219E-2,-5.39543E-2,1.22295E-1,-1.08033E-1,-7.50328E-2,-3.46337E-2,-1.82278E-1,-9.98550E-2,-1.29373E-1,-6.04390E-2,-1.13232E-1,-1.72167E-1,-7.80049E-2,2.79425E-2,-7.48461E-2,3.96028E-3,-8.35272E-2,-1.15886E-1,-1.90415E-1,-1.56744E-1,-1.34213E-1,-1.40581E-1,-1.77240E-1,-4.00538E-2,2.73607E-1,1.61755E-1,-1.24752E-1,-1.08782E-1,-1.04611E-1,-1.82254E-1,-1.95532E-1,-1.60107E-1,-3.68008E-2,-1.22757E-1,-5.91761E-2,1.13020E-1,-3.26348E-2,2.67009E-1,9.70901E-3,-1.07044E-1,-1.11602E-1,-6.68665E-2,-1.04097E-1,-5.52048E-2,1.65162E-2,-1.46991E-1,-1.27921E-1,1.51223E-1,1.03694E-1,-1.01471E-1,-2.84652E-2,-9.03167E-2,2.04074E-2,-4.71844E-2,-1.40725E-1,1.31806E-2,-1.59664E-1,-4.99873E-2,3.47330E-3,-1.54341E-2,-1.53612E-1,-1.13363E-1,-1.22320E-1,-9.15930E-2,6.07657E-2,-1.47974E-2,-2.44303E-2,-8.30323E-2,3.56972E-1,1.43002E-1,-7.52765E-2,-4.44791E-2,-1.15487E-1,-8.27831E-2,-3.20579E-2,-1.63286E-1,-1.69802E-1,1.15439E-2,-1.95593E-1,7.89088E-2,2.05203E-2,2.68295E-1,-1.23255E-1,-1.17341E-1,-1.74663E-1,-8.32240E-2,-1.88402E-1,-7.61743E-2
1.62400E+3,-5.98062E-2,-1.62209E-2,-1.54382E-1,-3.60200E-2,-4.41027E-2,-1.23541E-1,1.74016E-1,1.01324E-1,8.29059E-2,2.58807E-2,2.60713E-1,1.01025E-1,-7.72429E-2,-1.81224E-1,-5.33255E-2,-1.70366E-1,-1.09777E-1,-1.60654E-2,-8.62837E-2,-1.02744E-1,-4.69747E-2,-6.76970E-2,-5.63132E-2,-1.66927E-1,-1.45146E-1,-1.79673E-1,-8.36399E-2,-2.07848E-1,-1.85957E-1,-1.67716E-1,-1.50700E-1,-1.40755E-1,-1.28436E-1,-1.69316E-1,-2.08940E-1,-1.83483E-1,-7.83365E-2,9.24565E-2,-6.71215E-2,-9.60536E-3,3.12112E-1,-1.65919E-1,1.10770E-1,-1.34451E-1,3.86295E-2,2.47212E-2,-1.63274E-1,-8.02125E-2,-5.97375E-2,-6.93966E-2,-1.01277E-1,-1.44948E-1,-1.57398E-1,-1.94225E-1,-4.35395E-2,-1.98481E-1,-1.07475E-1,-9.83150E-2,-4.68870E-2,-1.65761E-1,-1.28255E-1,-1.17916E-1,-1.60358E-1,-1.58808E-1,-1.02209E-1,-1.16207E-1,-1.38688E-1,-8.77673E-2,-1.83338E-1,-1.12653E-1,-1.45881E-1,-1.40306E-1,1.38980E-1,-3.78691E-2,-1.63282E-1,-1.14365E-1,-8.67499E-2,-1.03489E-1,1.42637E-1,-1.59141E-2,9.45331E-2,1.21452E-1,-7.92067E-2,-7.76098E-2,5.74425E-3,-1.64587E-1,-1.33343E-1,-4.77100E-2,-3.40529E-2,-1.07220E-1,-1.68524E-1,5.32486E-2,8.41557E-2,-9.78057E-2,2.42509E-2,3.79414E-3,-8.25711E-2,-1.75141E-1,-1.28105E-1,-1.24007E-1,-1.44759E-1,-1.91552E-1,-5.80360E-2,2.13075E-1,1.09316E-1,-1.51067E-1,-6.89435E-2,-1.48769E-1,-1.54505E-1,-1.82094E-1,-1.20734E-1,7.77118E-2,-1.22319E-1,-6.70806E-2,3.04654E-2,-4.43950E-2,2.38498E-1,3.41118E-2,-1.18959E-1,-6.24171E-2,-5.88348E-2,-1.05254E-3,-8.73638E-2,-2.74139E-2,-1.16954E-1,-1.01986E-1,2.40524E-1,1.82049E-1,-9.59277E-2,-8.26902E-2,-1.51031E-1,-7.99523E-2,-7.34305E-2,-8.87503E-2,-5.11679E-2,-6.47208E-2,-9.77594E-2,-4.91882E-2,-1.26153E-1,-1.19273E-1,-9.43658E-2,1.57078E-3,-2.62200E-2,3.85209E-2,-5.78509E-2,-6.51631E-2,-5.47861E-2,2.33304E-1,9.65674E-2,-8.99617E-3,-5.28625E-2,-1.68058E-1,-1.06808E-2,7.93168E-2,-1.79194E-1,-1.55082E-1,1.35282E-1,-1.57976E-1,1.00721E-1,2.28384E-2,3.03241E-1,-1.44178E-1,-1.01376E-1,-1.71897E-1,-8.11010E-2,-1.87321E-1,-1.33106E-1
1.62756E+3,-7.99819E-2,1.34878E-1,-1.71755E-1,-1.51847E-1,-5.76185E-2,-2.24080E-1,3.13539E-1,-3.62438E-2,3.15501E-1,1.47078E-2,1.64458E-1,8.83226E-2,-9.58763E-2,-1.51124E-1,-6.28775E-2,-2.09138E-1,-7.25525E-2,-6.86437E-2,-1.26422E-1,-1.27068E-1,-1.07426E-1,-9.88849E-2,-3.00822E-2,-1.94160E-1,-1.91171E-1,-2.51042E-1,-1.40372E-1,-2.55945E-1,-1.21415E-1,-1.97904E-1,-1.55841E-1,-1.86204E-1,-1.44734E-1,-1.24474E-1,-1.85895E-1,-1.16229E-1,-1.40989E-1,1.99609E-1,-7.51960E-2,-7.45981E-2,3.97558E-1,-1.78686E-1,8.11167E-3,-1.68547E-1,1.12951E-1,-1.89122E-2,-2.11809E-1,-1.06307E-1,-1.84243E-1,-7.35794E-2,-7.16344E-2,-1.19214E-1,-2.05360E-1,-1.99886E-1,-1.12540E-1,-2.06129E-1,-1.48948E-1,-2.01475E-1,-1.28657E-1,-5.38425E-2,-1.40612E-1,-1.54608E-1,-8.68216E-2,-1.76642E-1,-1.73351E-1,-2.19349E-1,-1.86037E-1,-4.78501E-2,-1.58360E-1,-1.79995E-1,-1.61260E-1,-3.84556E-2,1.23808E-1,-5.21730E-2,-1.72332E-1,-1.23188E-1,-1.21022E-1,-1.29522E-1,7.50195E-2,-3.47264E-3,-5.88958E-3,5.82767E-3,-3.12305E-2,-3.00563E-2,1.09569E-1,-2.08407E-1,-1.23427E-1,-8.61247E-2,-6.19246E-2,-9.97357E-2,-1.95715E-1,-2.70997E-2,4.78600E-2,-1.55131E-1,5.43278E-2,-3.40845E-2,-1.15599E-1,-2.26640E-1,-1.70829E-1,-1.45806E-1,-1.68594E-1,-2.09712E-1,-6.43161E-2,2.68196E-1,5.41049E-2,-1.40371E-1,-4.53018E-2,-1.90479E-1,-2.41289E-1,-2.27923E-1,-2.17037E-1,3.55323E-2,-6.62461E-2,-1.36072E-1,3.08564E-2,-2.93251E-2,4.49912E-1,-3.76268E-2,-5.16949E-2,-1.43788E-1,-4.15815E-2,-1.01510E-1,-9.52737E-2,-5.04929E-2,-1.21188E-1,-1.71761E-1,1.02179E-1,2.60612E-1,-1.74389E-1,-4.44116E-2,-1.19214E-2,-2.12022E-3,7.32423E-3,-1.76799E-1,-7.41275E-2,-9.13205E-2,-1.77426E-1,-6.49458E-2,-8.23511E-2,-1.28937E-1,-1.02852E-1,1.28340E-3,-5.69626E-2,3.14280E-2,-3.11991E-2,-9.30175E-2,1.88042E-2,3.30995E-1,1.12846E-1,-2.35550E-2,-8.07219E-2,-2.01194E-1,-8.64632E-3,1.77467E-2,-2.34873E-1,-1.80826E-1,3.87213E-2,-1.86890E-1,6.31027E-2,1.07202E-2,2.47345E-1,-9.33812E-2,-9.68689E-2,-2.19922E-1,-9.45936E-2,-1.82143E-1,-1.37279E-1
1.63111E+3,-3.87736E-3,-3.67185E-2,-2.65324E-1,-1.16808E-1,-1.12916E-1,-2.35592E-1,1.48228E-1,9.80577E-2,1.97284E-1,-1.21629E-2,3.59597E-1,3.60922E-1,-1.18134E-1,-2.33671E-1,-2.88842E-2,-2.74558E-1,-1.05403E-1,1.46532E-2,-1.58388E-1,-1.79729E-1,-1.97965E-1,-2.18159E-1,2.56213E-2,-2.39621E-1,-2.06014E-1,-2.19898E-1,1.12007E-3,-3.32397E-1,-2.34257E-1,-2.26480E-1,-9.88190E-2,-2.50335E-1,-1.12487E-1,-6.75867E-2,-2.77588E-1,-2.12158E-1,-6.65684E-2,1.90655E-1,-1.45450E-1,-8.25176E-2,3.62045E-1,-2.22746E-1,-5.85440E-2,-8.34633E-2,6.39051E-2,-7.25469E-2,-1.52464E-1,-9.73383E-2,-1.90673E-1,-1.48092E-1,-7.13862E-2,-5.96574E-2,-2.27938E-1,-3.18126E-1,-1.04816E-1,-3.01346E-1,-1.70240E-1,-1.07919E-1,-4.69971E-2,-1.08255E-1,-1.88861E-1,-5.57847E-2,-1.76359E-1,-1.52075E-1,-2.26616E-1,-1.58807E-1,-2.55328E-1,-2.04823E-1,-2.09001E-1,-1.76927E-1,-1.80396E-1,-1.12939E-1,7.01043E-2,-5.63104E-2,-2.54297E-1,-1.43192E-1,-1.54297E-1,-1.45224E-1,1.19536E-1,-4.01277E-2,1.27221E-2,-8.65023E-3,-1.91274E-1,-2.50350E-2,3.77106E-2,-2.58450E-1,-1.01094E-1,-9.12977E-2,-6.48517E-2,-1.44430E-1,-2.47222E-1,-4.51242E-2,1.58464E-1,-1.79640E-1,2.01171E-2,-3.99989E-2,-2.33344E-1,-2.79177E-1,-2.05029E-1,-1.85108E-1,-1.90134E-1,-2.69903E-1,-1.14626E-1,2.39430E-1,2.77093E-1,-1.24056E-1,-6.69318E-2,-2.22210E-1,-2.84812E-1,-2.94020E-1,-2.13249E-1,-2.32128E-2,-9.34709E-2,-1.93691E-1,1.93111E-3,5.19965E-2,2.23843E-1,-2.63984E-2,-4.55030E-2,-1.33456E-1,-8.73827E-2,-1.47717E-1,-7.83918E-2,7.40541E-2,-2.04059E-1,-1.11338E-1,3.26535E-1,1.64598E-1,-9.79284E-2,2.34691E-2,-1.40477E-1,6.05067E-2,-9.11831E-2,-1.31600E-1,-4.96157E-2,-1.05790E-1,-1.38238E-1,1.14818E-1,2.47168E-2,-1.80302E-1,-1.39689E-1,-3.84402E-2,-7.61205E-2,2.53048E-1,6.39400E-2,-4.48150E-2,-5.51037E-2,2.79806E-1,6.55351E-2,-2.65228E-2,-2.91565E-2,-2.71663E-1,-4.67723E-2,2.15641E-1,-2.79245E-1,-2.03163E-1,8.89988E-2,-2.92315E-1,1.96182E-1,1.93164E-1,1.07930E-1,-1.99096E-1,-1.41574E-1,-2.94065E-1,-6.62605E-2,-2.13403E-1,-1.41130E-1
file info:Date: March 26, 2026
Sample: 
Solvent: 
Pump energy (uJ): 
Pump wavelength (nm): 
Cuvette length (mm): 2
Comments: Time Zero: 1189.860 ps
Averaging time: 1.0 s
Number of scans: 2
Measurement time: 00:22:04
Mar 31, 2026 9:13 AM : Background subtracted. Spectra used: 15
Mar 31, 2026 9:13 AM : Data saved.
Apr 7, 2026 2:55 PM : Data saved.
Time units: ps
Z axis title: dA