0.00000E+0,-2.18870E+0,-2.08870E+0,-1.98870E+0,-1.88870E+0,-1.78870E+0,-1.68870E+0,-1.58870E+0,-1.48870E+0,-1.38870E+0,-1.28870E+0,-1.18870E+0,-1.15370E+0,-1.11870E+0,-1.08370E+0,-1.04870E+0,-1.01370E+0,-9.78704E-1,-9.43704E-1,-9.08704E-1,-8.73704E-1,-8.38704E-1,-8.03704E-1,-7.68704E-1,-7.33704E-1,-6.98704E-1,-6.63704E-1,-6.28704E-1,-5.93704E-1,-5.58704E-1,-5.23704E-1,-4.88704E-1,-4.53704E-1,-4.18704E-1,-3.83704E-1,-3.48704E-1,-3.13704E-1,-2.78704E-1,-2.43704E-1,-2.08704E-1,-1.73704E-1,-1.38704E-1,-1.03704E-1,-6.87045E-2,-3.37045E-2,1.29551E-3,3.62955E-2,7.12955E-2,1.06296E-1,1.41296E-1,1.76296E-1,2.11296E-1,2.46296E-1,2.81296E-1,3.16296E-1,3.51296E-1,3.86296E-1,4.21296E-1,4.56296E-1,4.91296E-1,5.26296E-1,5.61296E-1,5.96296E-1,6.31296E-1,6.66296E-1,7.01296E-1,7.36296E-1,7.71296E-1,8.06296E-1,8.41296E-1,8.76296E-1,9.11296E-1,9.46296E-1,9.81296E-1,1.01630E+0,1.05130E+0,1.08630E+0,1.12130E+0,1.15630E+0,1.19130E+0,1.22630E+0,1.26130E+0,1.29630E+0,1.33130E+0,1.36630E+0,1.40130E+0,1.43630E+0,1.47130E+0,1.50630E+0,1.54130E+0,1.57630E+0,1.61130E+0,1.64630E+0,1.68130E+0,1.71630E+0,1.75130E+0,1.78630E+0,1.93630E+0,2.08630E+0,2.23630E+0,2.38630E+0,2.53630E+0,2.68630E+0,2.83630E+0,2.98630E+0,3.13630E+0,3.28630E+0,3.43630E+0,3.58630E+0,3.73630E+0,3.88630E+0,4.03630E+0,4.18630E+0,4.33630E+0,4.48630E+0,4.63630E+0,4.78630E+0,6.78630E+0,8.78630E+0,1.07863E+1,1.27863E+1,1.47863E+1,1.67863E+1,1.87863E+1,2.07863E+1,2.27863E+1,2.47863E+1,2.67863E+1,2.87863E+1,3.07863E+1,3.27863E+1,3.47863E+1,3.67863E+1,3.87863E+1,4.07863E+1,4.27863E+1,4.47863E+1,4.67863E+1
7.49570E+2,NaN,NaN,NaN,NaN,NaN,NaN,NaN,NaN,NaN,NaN,NaN,NaN,NaN,NaN,NaN,NaN,NaN,NaN,NaN,NaN,NaN,NaN,NaN,NaN,NaN,NaN,NaN,NaN,NaN,NaN,NaN,NaN,NaN,NaN,NaN,NaN,NaN,NaN,NaN,NaN,NaN,NaN,NaN,NaN,NaN,NaN,NaN,NaN,NaN,NaN,NaN,NaN,NaN,NaN,NaN,NaN,NaN,NaN,NaN,NaN,NaN,NaN,NaN,NaN,NaN,NaN,NaN,NaN,NaN,NaN,NaN,NaN,NaN,NaN,NaN,NaN,NaN,NaN,NaN,NaN,NaN,NaN,NaN,NaN,NaN,NaN,NaN,NaN,NaN,NaN,NaN,NaN,NaN,NaN,NaN,NaN,NaN,NaN,NaN,-7.95734E-2,1.40783E-2,-7.93955E-2,1.86903E-1,1.71906E-2,5.26749E-3,8.28938E-2,2.33049E-2,-2.72057E-1,-1.21195E-1,-2.49693E-1,-2.18694E-1,-3.01352E-2,-1.43278E-2,-2.07269E-1,-4.18251E-1,-4.03786E-1,-6.08717E-1,-7.27453E-1,-7.34053E-1,-7.11176E-1,-4.75455E-1,-6.23497E-1,-7.90687E-1,-7.76888E-1,-6.00828E-1,-5.08531E-1,-3.81549E-1,-4.00482E-1,-3.31861E-1,-1.12451E-1,-2.30415E-1,-5.11107E-1,-3.28507E-1,-5.34651E-1,-3.72667E-1,-4.13828E-1,-5.71744E-1
7.52953E+2,NaN,NaN,NaN,NaN,NaN,NaN,NaN,NaN,NaN,NaN,NaN,NaN,NaN,NaN,NaN,NaN,NaN,NaN,NaN,NaN,NaN,NaN,NaN,NaN,NaN,NaN,NaN,NaN,NaN,NaN,NaN,NaN,NaN,NaN,NaN,NaN,NaN,NaN,NaN,NaN,NaN,NaN,NaN,NaN,NaN,NaN,NaN,NaN,NaN,NaN,NaN,NaN,NaN,NaN,NaN,NaN,NaN,NaN,NaN,NaN,NaN,NaN,NaN,NaN,NaN,NaN,NaN,NaN,NaN,NaN,NaN,NaN,NaN,NaN,NaN,NaN,NaN,NaN,NaN,NaN,NaN,NaN,NaN,NaN,NaN,NaN,NaN,NaN,NaN,NaN,NaN,NaN,NaN,NaN,NaN,NaN,NaN,NaN,NaN,1.38406E-2,-9.71481E-2,1.93751E-2,5.56162E-2,-5.91466E-2,-3.62978E-3,9.08407E-3,5.49176E-2,8.84519E-4,-3.96089E-2,-1.14588E-2,9.10587E-3,-9.25409E-2,-1.14386E-1,-1.10996E-1,-1.24888E-1,-1.19644E-1,-2.06403E-1,-3.04345E-1,-2.55346E-1,-2.41868E-1,-1.46115E-1,-2.55386E-1,-2.68503E-1,-2.44581E-1,-1.75885E-1,-2.30365E-1,-1.16721E-1,-1.93523E-1,-1.40330E-1,-4.54878E-2,-9.49746E-2,-1.71122E-1,-1.52275E-1,-1.11705E-1,-7.85573E-2,-1.32721E-1,-2.40866E-1
7.56337E+2,NaN,NaN,NaN,NaN,NaN,NaN,NaN,NaN,NaN,NaN,NaN,NaN,NaN,NaN,NaN,NaN,NaN,NaN,NaN,NaN,NaN,NaN,NaN,NaN,NaN,NaN,NaN,NaN,NaN,NaN,NaN,NaN,NaN,NaN,NaN,NaN,NaN,NaN,NaN,NaN,NaN,NaN,NaN,NaN,NaN,NaN,NaN,NaN,NaN,NaN,NaN,NaN,NaN,NaN,NaN,NaN,NaN,NaN,NaN,NaN,NaN,NaN,NaN,NaN,NaN,NaN,NaN,NaN,NaN,NaN,NaN,NaN,NaN,NaN,NaN,NaN,NaN,NaN,NaN,NaN,NaN,NaN,NaN,NaN,NaN,NaN,NaN,NaN,NaN,NaN,NaN,NaN,NaN,NaN,NaN,NaN,NaN,NaN,2.45767E-2,1.04846E-2,-7.50502E-2,5.42471E-2,-9.86666E-3,-4.95661E-2,3.14684E-2,-2.06350E-3,-1.06245E-1,-2.65032E-2,-6.53425E-2,-3.17305E-2,-8.72582E-3,-1.02639E-1,-4.08215E-2,-1.97969E-1,-1.84547E-1,-1.68043E-2,-1.07179E-1,-2.54989E-1,-1.83089E-1,-1.98061E-1,-1.42527E-1,-2.44145E-1,-1.68460E-1,-2.86694E-1,-1.71890E-1,-1.64011E-1,-1.15210E-1,-1.26631E-1,-1.56678E-1,-8.95476E-2,-1.19229E-1,-2.61122E-1,-1.47222E-1,-1.20645E-1,-1.86917E-1,-8.68791E-2,-1.65717E-1
7.59722E+2,NaN,NaN,NaN,NaN,NaN,NaN,NaN,NaN,NaN,NaN,NaN,NaN,NaN,NaN,NaN,NaN,NaN,NaN,NaN,NaN,NaN,NaN,NaN,NaN,NaN,NaN,NaN,NaN,NaN,NaN,NaN,NaN,NaN,NaN,NaN,NaN,NaN,NaN,NaN,NaN,NaN,NaN,NaN,NaN,NaN,NaN,NaN,NaN,NaN,NaN,NaN,NaN,NaN,NaN,NaN,NaN,NaN,NaN,NaN,NaN,NaN,NaN,NaN,NaN,NaN,NaN,NaN,NaN,NaN,NaN,NaN,NaN,NaN,NaN,NaN,NaN,NaN,NaN,NaN,NaN,NaN,NaN,NaN,NaN,NaN,NaN,NaN,NaN,NaN,NaN,NaN,NaN,NaN,NaN,NaN,NaN,NaN,NaN,-2.55508E-2,-4.01585E-2,-3.66045E-2,4.00310E-2,-5.67795E-2,-1.05620E-1,-3.36116E-2,-1.47614E-1,-4.70878E-2,-1.58507E-2,3.07172E-2,-2.65576E-2,-6.35331E-2,-3.48251E-2,-3.80578E-2,-5.00972E-2,-1.61283E-1,-1.59606E-1,-1.73746E-1,-2.83148E-1,-2.14520E-1,-1.55204E-1,-1.84969E-1,-2.61311E-1,-1.90493E-1,-2.12321E-1,-3.02489E-1,-2.18356E-1,-1.26739E-1,-1.89011E-1,-1.54918E-1,-1.86663E-1,-7.26217E-2,-1.07729E-1,-1.74297E-1,-1.96046E-1,-6.82387E-2,-1.81097E-1,-2.70215E-1
7.63107E+2,NaN,NaN,NaN,NaN,NaN,NaN,NaN,NaN,NaN,NaN,NaN,NaN,NaN,NaN,NaN,NaN,NaN,NaN,NaN,NaN,NaN,NaN,NaN,NaN,NaN,NaN,NaN,NaN,NaN,NaN,NaN,NaN,NaN,NaN,NaN,NaN,NaN,NaN,NaN,NaN,NaN,NaN,NaN,NaN,NaN,NaN,NaN,NaN,NaN,NaN,NaN,NaN,NaN,NaN,NaN,NaN,NaN,NaN,NaN,NaN,NaN,NaN,NaN,NaN,NaN,NaN,NaN,NaN,NaN,NaN,NaN,NaN,NaN,NaN,NaN,NaN,NaN,NaN,NaN,NaN,NaN,NaN,NaN,NaN,NaN,NaN,NaN,NaN,NaN,NaN,NaN,NaN,NaN,NaN,NaN,NaN,NaN,2.33379E-2,-3.85793E-2,6.23080E-2,-1.01680E-2,1.05651E-2,-9.30865E-3,-2.62287E-2,2.19105E-2,2.64263E-2,-2.84987E-3,1.70107E-2,3.51439E-2,-1.24405E-2,3.79142E-2,-3.51205E-2,7.40671E-2,7.60114E-2,1.19213E-2,1.21405E-1,1.67700E-1,1.84148E-1,2.00327E-1,1.07585E-1,1.46162E-1,2.54531E-1,1.45961E-1,1.24728E-1,1.26713E-1,1.52905E-1,9.28687E-2,1.22126E-1,6.60245E-2,2.31697E-2,6.17095E-2,9.54747E-2,1.01941E-1,1.27231E-1,1.03934E-1,1.17929E-1,1.57686E-1
7.66493E+2,NaN,NaN,NaN,NaN,NaN,NaN,NaN,NaN,NaN,NaN,NaN,NaN,NaN,NaN,NaN,NaN,NaN,NaN,NaN,NaN,NaN,NaN,NaN,NaN,NaN,NaN,NaN,NaN,NaN,NaN,NaN,NaN,NaN,NaN,NaN,NaN,NaN,NaN,NaN,NaN,NaN,NaN,NaN,NaN,NaN,NaN,NaN,NaN,NaN,NaN,NaN,NaN,NaN,NaN,NaN,NaN,NaN,NaN,NaN,NaN,NaN,NaN,NaN,NaN,NaN,NaN,NaN,NaN,NaN,NaN,NaN,NaN,NaN,NaN,NaN,NaN,NaN,NaN,NaN,NaN,NaN,NaN,NaN,NaN,NaN,NaN,NaN,NaN,NaN,NaN,NaN,NaN,NaN,NaN,NaN,NaN,NaN,5.19849E-2,1.22142E-2,-8.29837E-2,3.53596E-2,-3.11871E-2,-7.39906E-2,6.03290E-2,-2.11336E-2,-6.28271E-2,1.11933E-1,-4.46565E-2,-1.19228E-2,1.63110E-1,3.42301E-2,7.43858E-2,-1.96512E-1,-1.07013E-1,-1.10487E-1,-1.42869E-1,-2.48252E-1,-2.29064E-1,-3.90822E-1,-2.73124E-1,-2.68487E-1,-4.18902E-1,-2.60109E-1,-2.11211E-1,-3.04366E-1,-2.51389E-1,-1.79194E-1,-2.45768E-1,-2.64522E-1,-9.39314E-2,-1.26818E-1,-2.36069E-1,-1.36478E-1,-2.79155E-1,-2.01547E-1,-2.32220E-1,-2.57782E-1
7.69879E+2,NaN,NaN,NaN,NaN,NaN,NaN,NaN,NaN,NaN,NaN,NaN,NaN,NaN,NaN,NaN,NaN,NaN,NaN,NaN,NaN,NaN,NaN,NaN,NaN,NaN,NaN,NaN,NaN,NaN,NaN,NaN,NaN,NaN,NaN,NaN,NaN,NaN,NaN,NaN,NaN,NaN,NaN,NaN,NaN,NaN,NaN,NaN,NaN,NaN,NaN,NaN,NaN,NaN,NaN,NaN,NaN,NaN,NaN,NaN,NaN,NaN,NaN,NaN,NaN,NaN,NaN,NaN,NaN,NaN,NaN,NaN,NaN,NaN,NaN,NaN,NaN,NaN,NaN,NaN,NaN,NaN,NaN,NaN,NaN,NaN,NaN,NaN,NaN,NaN,NaN,NaN,NaN,NaN,NaN,NaN,NaN,NaN,2.32764E-2,-3.14342E-2,-3.45543E-2,6.57743E-3,-6.22275E-2,1.17015E-1,-1.33140E-1,1.32673E-2,-6.95442E-2,-7.89954E-2,-9.30740E-2,-1.42900E-1,-2.04511E-1,-2.90666E-1,-1.46737E-1,-2.33951E-1,-2.38708E-1,-3.18306E-1,-2.71365E-1,-3.10869E-1,-4.14761E-1,-4.07778E-1,-4.25118E-1,-3.70898E-1,-5.18497E-1,-4.61101E-1,-1.58434E-1,-4.27186E-1,-3.47940E-1,-3.00666E-1,-2.82159E-1,-1.52942E-1,-5.50042E-2,-1.92351E-1,-4.29186E-1,-2.62517E-1,-4.66659E-1,-2.83266E-1,-2.55922E-1,-4.54903E-1
7.73266E+2,NaN,NaN,NaN,NaN,NaN,NaN,NaN,NaN,NaN,NaN,NaN,NaN,NaN,NaN,NaN,NaN,NaN,NaN,NaN,NaN,NaN,NaN,NaN,NaN,NaN,NaN,NaN,NaN,NaN,NaN,NaN,NaN,NaN,NaN,NaN,NaN,NaN,NaN,NaN,NaN,NaN,NaN,NaN,NaN,NaN,NaN,NaN,NaN,NaN,NaN,NaN,NaN,NaN,NaN,NaN,NaN,NaN,NaN,NaN,NaN,NaN,NaN,NaN,NaN,NaN,NaN,NaN,NaN,NaN,NaN,NaN,NaN,NaN,NaN,NaN,NaN,NaN,NaN,NaN,NaN,NaN,NaN,NaN,NaN,NaN,NaN,NaN,NaN,NaN,NaN,NaN,NaN,NaN,NaN,NaN,NaN,9.87925E-3,-3.31714E-2,-1.37328E-2,1.00194E-2,4.97976E-2,1.71545E-2,1.35716E-2,-5.53799E-3,-3.56196E-2,-1.66628E-3,2.31514E-2,5.71556E-3,-2.23844E-2,-7.10466E-2,3.46755E-2,1.74842E-3,-6.05650E-2,-3.20633E-2,-3.13089E-2,-4.82099E-2,-6.32093E-2,-7.77507E-2,-6.07766E-2,-8.94041E-2,-5.15435E-2,-8.62914E-2,-1.05127E-1,-1.58789E-2,-6.77370E-2,-6.71256E-2,-4.77095E-2,-4.80205E-2,-9.54867E-3,-2.69634E-2,-6.16289E-2,-6.07605E-2,8.05166E-3,-5.28814E-2,-2.80676E-2,-1.57785E-2,-1.11431E-1
7.76653E+2,NaN,NaN,NaN,NaN,NaN,NaN,NaN,NaN,NaN,NaN,NaN,NaN,NaN,NaN,NaN,NaN,NaN,NaN,NaN,NaN,NaN,NaN,NaN,NaN,NaN,NaN,NaN,NaN,NaN,NaN,NaN,NaN,NaN,NaN,NaN,NaN,NaN,NaN,NaN,NaN,NaN,NaN,NaN,NaN,NaN,NaN,NaN,NaN,NaN,NaN,NaN,NaN,NaN,NaN,NaN,NaN,NaN,NaN,NaN,NaN,NaN,NaN,NaN,NaN,NaN,NaN,NaN,NaN,NaN,NaN,NaN,NaN,NaN,NaN,NaN,NaN,NaN,NaN,NaN,NaN,NaN,NaN,NaN,NaN,NaN,NaN,NaN,NaN,NaN,NaN,NaN,NaN,NaN,NaN,NaN,NaN,8.30193E-3,-3.79663E-2,-6.73674E-2,5.01542E-2,3.12873E-2,2.02914E-2,1.46253E-2,-2.17011E-2,5.55109E-2,-1.05459E-2,1.27686E-2,-5.32019E-2,2.21323E-2,-2.59513E-2,8.17163E-2,-4.51367E-2,6.91664E-3,-4.27483E-2,1.62134E-2,1.20266E-2,-4.40265E-2,-3.32082E-2,-9.92334E-2,-7.98633E-2,-4.39986E-2,-5.29126E-2,1.36732E-2,-1.76565E-2,-6.65681E-2,-1.99356E-2,-3.14537E-2,-3.62951E-2,-3.08454E-2,-3.01497E-2,-3.12163E-2,1.29102E-2,-4.12607E-2,-3.11410E-2,-6.28750E-2,-5.54632E-4,4.76646E-2
7.80041E+2,NaN,NaN,NaN,NaN,NaN,NaN,NaN,NaN,NaN,NaN,NaN,NaN,NaN,NaN,NaN,NaN,NaN,NaN,NaN,NaN,NaN,NaN,NaN,NaN,NaN,NaN,NaN,NaN,NaN,NaN,NaN,NaN,NaN,NaN,NaN,NaN,NaN,NaN,NaN,NaN,NaN,NaN,NaN,NaN,NaN,NaN,NaN,NaN,NaN,NaN,NaN,NaN,NaN,NaN,NaN,NaN,NaN,NaN,NaN,NaN,NaN,NaN,NaN,NaN,NaN,NaN,NaN,NaN,NaN,NaN,NaN,NaN,NaN,NaN,NaN,NaN,NaN,NaN,NaN,NaN,NaN,NaN,NaN,NaN,NaN,NaN,NaN,NaN,NaN,NaN,NaN,NaN,NaN,NaN,NaN,NaN,-2.75899E-3,6.67568E-2,-4.33142E-2,-4.59993E-2,-7.67768E-2,-1.27265E-1,-2.61187E-2,-1.48187E-2,-1.22613E-2,-7.42828E-2,1.71667E-2,2.13979E-2,5.52111E-2,-1.22138E-3,3.20016E-2,7.66862E-2,1.64800E-2,3.52817E-2,-1.43843E-2,3.02375E-2,1.95966E-2,1.35279E-1,1.37532E-1,6.61758E-2,1.21955E-1,1.93443E-1,2.25127E-1,1.34714E-1,4.28043E-2,5.83274E-2,9.94398E-3,7.42686E-2,8.40811E-2,-3.85336E-2,1.36236E-1,1.02657E-1,8.45773E-2,7.99189E-2,5.14221E-3,9.81451E-2,1.88259E-1
7.83430E+2,NaN,NaN,NaN,NaN,NaN,NaN,NaN,NaN,NaN,NaN,NaN,NaN,NaN,NaN,NaN,NaN,NaN,NaN,NaN,NaN,NaN,NaN,NaN,NaN,NaN,NaN,NaN,NaN,NaN,NaN,NaN,NaN,NaN,NaN,NaN,NaN,NaN,NaN,NaN,NaN,NaN,NaN,NaN,NaN,NaN,NaN,NaN,NaN,NaN,NaN,NaN,NaN,NaN,NaN,NaN,NaN,NaN,NaN,NaN,NaN,NaN,NaN,NaN,NaN,NaN,NaN,NaN,NaN,NaN,NaN,NaN,NaN,NaN,NaN,NaN,NaN,NaN,NaN,NaN,NaN,NaN,NaN,NaN,NaN,NaN,NaN,NaN,NaN,NaN,NaN,NaN,NaN,NaN,NaN,-5.92193E-2,-5.05607E-2,3.10418E-2,-3.49606E-2,2.41307E-2,2.90152E-2,-5.70805E-2,-1.30466E-2,-1.22782E-2,-1.11155E-1,-9.37983E-2,-1.12578E-1,-1.09713E-1,4.72330E-2,-1.34458E-1,-8.59533E-2,-7.97493E-2,-1.51256E-1,-3.49449E-2,-1.58108E-1,-1.32655E-1,-1.65902E-1,-2.42979E-1,-2.62016E-1,-3.20120E-1,-2.88269E-1,-3.66303E-1,-3.62097E-1,-2.24161E-1,-3.01752E-1,-2.46867E-1,-2.12643E-1,-5.87402E-2,-1.98432E-1,-2.71577E-1,-1.25543E-1,-2.07477E-1,-1.98975E-1,-2.00102E-1,-2.45933E-1,-1.54599E-1,-1.11196E-1,-2.50679E-1
7.86819E+2,NaN,NaN,NaN,NaN,NaN,NaN,NaN,NaN,NaN,NaN,NaN,NaN,NaN,NaN,NaN,NaN,NaN,NaN,NaN,NaN,NaN,NaN,NaN,NaN,NaN,NaN,NaN,NaN,NaN,NaN,NaN,NaN,NaN,NaN,NaN,NaN,NaN,NaN,NaN,NaN,NaN,NaN,NaN,NaN,NaN,NaN,NaN,NaN,NaN,NaN,NaN,NaN,NaN,NaN,NaN,NaN,NaN,NaN,NaN,NaN,NaN,NaN,NaN,NaN,NaN,NaN,NaN,NaN,NaN,NaN,NaN,NaN,NaN,NaN,NaN,NaN,NaN,NaN,NaN,NaN,NaN,NaN,NaN,NaN,NaN,NaN,NaN,NaN,NaN,NaN,NaN,NaN,NaN,1.97465E-2,5.16812E-3,-9.00389E-3,-9.38681E-3,3.22085E-2,-1.87972E-2,-6.24979E-2,3.76548E-2,5.12876E-3,-1.06723E-2,1.11720E-2,5.08904E-2,5.67547E-3,6.07450E-2,7.37017E-2,5.28380E-2,3.42480E-2,1.15954E-1,-1.89479E-3,1.64393E-1,1.34646E-1,9.49176E-2,1.88393E-1,1.43395E-1,1.24411E-1,2.21034E-1,1.28766E-1,7.06085E-2,1.83844E-1,2.02956E-1,1.73089E-1,9.82701E-2,1.24648E-1,1.10651E-1,1.06190E-1,3.41266E-2,7.74567E-2,1.18244E-1,1.92408E-1,1.20222E-1,8.97420E-2,1.03797E-1,1.41517E-1,1.44034E-1
7.90209E+2,NaN,NaN,NaN,NaN,NaN,NaN,NaN,NaN,NaN,NaN,NaN,NaN,NaN,NaN,NaN,NaN,NaN,NaN,NaN,NaN,NaN,NaN,NaN,NaN,NaN,NaN,NaN,NaN,NaN,NaN,NaN,NaN,NaN,NaN,NaN,NaN,NaN,NaN,NaN,NaN,NaN,NaN,NaN,NaN,NaN,NaN,NaN,NaN,NaN,NaN,NaN,NaN,NaN,NaN,NaN,NaN,NaN,NaN,NaN,NaN,NaN,NaN,NaN,NaN,NaN,NaN,NaN,NaN,NaN,NaN,NaN,NaN,NaN,NaN,NaN,NaN,NaN,NaN,NaN,NaN,NaN,NaN,NaN,NaN,NaN,NaN,NaN,NaN,NaN,NaN,NaN,1.38050E-1,5.36029E-2,-3.08441E-2,-6.45798E-2,-4.95267E-2,-3.83844E-2,1.42399E-2,-5.54740E-2,-8.32847E-3,-2.43888E-2,3.27813E-2,1.38831E-1,-6.47062E-3,-2.84915E-3,1.20140E-1,-1.21498E-1,3.27332E-2,9.15589E-2,7.20105E-2,3.34624E-1,1.34887E-1,2.57398E-1,1.37003E-1,1.45903E-1,3.71665E-1,3.51833E-1,3.92684E-1,2.81605E-1,5.03630E-1,3.21342E-1,5.30272E-1,4.06723E-1,4.34504E-1,2.76951E-1,2.23009E-1,2.53568E-1,2.87965E-1,1.77819E-1,3.82794E-2,1.24940E-1,3.85376E-1,2.74999E-1,2.83735E-1,1.44634E-1,3.15074E-1,3.18468E-1
7.93600E+2,NaN,NaN,NaN,NaN,NaN,NaN,NaN,NaN,NaN,NaN,NaN,NaN,NaN,NaN,NaN,NaN,NaN,NaN,NaN,NaN,NaN,NaN,NaN,NaN,NaN,NaN,NaN,NaN,NaN,NaN,NaN,NaN,NaN,NaN,NaN,NaN,NaN,NaN,NaN,NaN,NaN,NaN,NaN,NaN,NaN,NaN,NaN,NaN,NaN,NaN,NaN,NaN,NaN,NaN,NaN,NaN,NaN,NaN,NaN,NaN,NaN,NaN,NaN,NaN,NaN,NaN,NaN,NaN,NaN,NaN,NaN,NaN,NaN,NaN,NaN,NaN,NaN,NaN,NaN,NaN,NaN,NaN,NaN,NaN,NaN,NaN,NaN,NaN,NaN,NaN,-4.28830E-2,-1.33277E-2,1.62276E-2,1.89055E-2,2.08527E-2,1.77033E-2,-6.20234E-2,5.52102E-2,1.28940E-1,-2.49675E-3,9.82484E-3,-8.21046E-4,-2.10740E-1,-1.18188E-1,-2.18945E-1,-1.38046E-1,-4.17191E-2,-2.74373E-1,-1.86817E-1,-3.63015E-1,-2.33282E-1,-2.52009E-1,-1.79182E-1,-6.49488E-2,-3.21443E-1,-3.98101E-1,-4.24458E-1,-5.31003E-1,-4.41221E-1,-4.74946E-1,-3.70186E-1,-5.29823E-1,-4.95011E-1,-4.16834E-1,-4.70353E-1,-3.92499E-1,-1.98292E-1,-4.01752E-1,-1.61836E-1,-2.48244E-1,-3.10162E-1,-3.39043E-1,-2.70973E-1,-1.85825E-1,-2.42494E-1,-3.31906E-1,-4.83521E-1
7.96991E+2,NaN,NaN,NaN,NaN,NaN,NaN,NaN,NaN,NaN,NaN,NaN,NaN,NaN,NaN,NaN,NaN,NaN,NaN,NaN,NaN,NaN,NaN,NaN,NaN,NaN,NaN,NaN,NaN,NaN,NaN,NaN,NaN,NaN,NaN,NaN,NaN,NaN,NaN,NaN,NaN,NaN,NaN,NaN,NaN,NaN,NaN,NaN,NaN,NaN,NaN,NaN,NaN,NaN,NaN,NaN,NaN,NaN,NaN,NaN,NaN,NaN,NaN,NaN,NaN,NaN,NaN,NaN,NaN,NaN,NaN,NaN,NaN,NaN,NaN,NaN,NaN,NaN,NaN,NaN,NaN,NaN,NaN,NaN,NaN,NaN,NaN,NaN,NaN,-3.54665E-3,1.51323E-2,3.38113E-2,3.15456E-3,-9.78245E-2,-1.98804E-1,-2.46114E-1,-2.50422E-1,2.34327E-2,2.27921E-1,-1.05797E-1,1.19370E-1,-1.38043E-2,5.23038E-2,-8.19143E-2,-2.61636E-1,2.24841E-2,-3.03032E-1,-1.27074E-1,-2.43447E-1,-2.80486E-1,-1.97761E-1,-3.72638E-1,-5.49861E-1,-4.76707E-1,-6.78887E-2,-4.69817E-1,-3.91879E-1,-6.64519E-1,-7.64646E-1,-7.56503E-1,-5.44850E-1,-7.11068E-1,-1.00293E+0,-8.30279E-1,-7.47946E-1,-6.14952E-1,-5.84448E-1,-3.30366E-1,-6.52560E-1,-4.37025E-1,-2.49914E-1,-4.51369E-1,-4.91291E-1,-1.41206E-1,-7.06162E-1,-5.68714E-1,-5.96834E-1,-8.51943E-1
8.00382E+2,NaN,NaN,NaN,NaN,NaN,NaN,NaN,NaN,NaN,NaN,NaN,NaN,NaN,NaN,NaN,NaN,NaN,NaN,NaN,NaN,NaN,NaN,NaN,NaN,NaN,NaN,NaN,NaN,NaN,NaN,NaN,NaN,NaN,NaN,NaN,NaN,NaN,NaN,NaN,NaN,NaN,NaN,NaN,NaN,NaN,NaN,NaN,NaN,NaN,NaN,NaN,NaN,NaN,NaN,NaN,NaN,NaN,NaN,NaN,NaN,NaN,NaN,NaN,NaN,NaN,NaN,NaN,NaN,NaN,NaN,NaN,NaN,NaN,NaN,NaN,NaN,NaN,NaN,NaN,NaN,NaN,NaN,NaN,NaN,NaN,NaN,NaN,-1.45766E-2,-1.21377E-2,-9.69887E-3,-8.10791E-3,-6.69483E-3,-5.28175E-3,-1.31092E-2,-2.12278E-2,-2.78916E-2,1.42302E-2,3.23268E-2,-9.30385E-3,-2.87456E-2,-1.27517E-2,-4.28814E-2,-5.86677E-2,-2.33739E-2,-2.16140E-2,-7.43169E-2,-1.70437E-2,-3.57902E-3,3.38995E-2,-4.10193E-2,-1.17903E-2,-5.81157E-2,-4.03336E-2,-1.11765E-2,1.02554E-3,7.92640E-3,-1.03398E-2,-4.33140E-2,-2.57011E-2,-4.86700E-2,-3.22388E-2,1.92847E-2,4.17681E-2,-5.83891E-2,-7.15797E-2,-8.13157E-3,1.34898E-2,-1.24784E-2,3.03621E-2,-3.87950E-2,-4.43119E-2,-4.29661E-2,-2.01728E-2,-2.02690E-2,-6.64651E-2,-4.27495E-2,1.61484E-2
8.03775E+2,NaN,NaN,NaN,NaN,NaN,NaN,NaN,NaN,NaN,NaN,NaN,NaN,NaN,NaN,NaN,NaN,NaN,NaN,NaN,NaN,NaN,NaN,NaN,NaN,NaN,NaN,NaN,NaN,NaN,NaN,NaN,NaN,NaN,NaN,NaN,NaN,NaN,NaN,NaN,NaN,NaN,NaN,NaN,NaN,NaN,NaN,NaN,NaN,NaN,NaN,NaN,NaN,NaN,NaN,NaN,NaN,NaN,NaN,NaN,NaN,NaN,NaN,NaN,NaN,NaN,NaN,NaN,NaN,NaN,NaN,NaN,NaN,NaN,NaN,NaN,NaN,NaN,NaN,NaN,NaN,NaN,NaN,NaN,NaN,NaN,-2.98198E-3,-4.54550E-3,-6.10902E-3,-1.01457E-2,-2.31067E-2,-3.60677E-2,-5.97535E-2,-1.02518E-1,-1.45283E-1,-1.18815E-1,-2.38610E-2,-6.13980E-2,1.28348E-1,-4.08434E-2,-1.18207E-2,-1.27804E-2,-1.38799E-1,-6.06627E-2,-1.31920E-1,-1.68087E-1,6.69348E-2,-5.08434E-2,-4.91717E-2,-1.97591E-1,-2.60642E-1,-1.01502E-1,-1.19599E-1,-7.18198E-2,-2.73307E-1,-2.46027E-1,-2.23690E-1,-2.53846E-1,-3.42065E-1,-3.70284E-1,-3.37865E-1,-3.12782E-1,-3.78255E-1,-3.88653E-1,-3.34237E-1,-3.33679E-1,-3.24803E-1,-2.00717E-1,-2.92359E-1,-1.14589E-1,-5.75235E-2,-1.89341E-1,-2.87121E-1,-2.61025E-1,-2.72541E-1,-2.06392E-1,-2.66755E-1,-4.53879E-1
8.07167E+2,NaN,NaN,NaN,NaN,NaN,NaN,NaN,NaN,NaN,NaN,NaN,NaN,NaN,NaN,NaN,NaN,NaN,NaN,NaN,NaN,NaN,NaN,NaN,NaN,NaN,NaN,NaN,NaN,NaN,NaN,NaN,NaN,NaN,NaN,NaN,NaN,NaN,NaN,NaN,NaN,NaN,NaN,NaN,NaN,NaN,NaN,NaN,NaN,NaN,NaN,NaN,NaN,NaN,NaN,NaN,NaN,NaN,NaN,NaN,NaN,NaN,NaN,NaN,NaN,NaN,NaN,NaN,NaN,NaN,NaN,NaN,NaN,NaN,NaN,NaN,NaN,NaN,NaN,NaN,NaN,NaN,NaN,NaN,NaN,-8.15458E-2,-3.66181E-2,8.30967E-3,2.72859E-2,2.77802E-2,2.82745E-2,1.85978E-2,5.10007E-3,-8.39769E-3,-7.91354E-3,-5.33585E-3,-2.76041E-3,2.96781E-2,-4.68476E-3,1.77578E-2,2.77063E-3,-1.76776E-2,-3.73274E-3,4.41593E-3,-2.35470E-2,-1.00754E-2,-1.45339E-3,-1.28039E-1,2.33572E-2,8.80031E-3,3.44021E-3,-3.44382E-2,-1.27161E-1,-3.58607E-2,-8.67041E-2,-5.39753E-2,-1.27489E-1,-3.59658E-2,-9.31785E-2,-1.39842E-1,-9.51004E-2,-8.35769E-2,-1.40657E-1,-1.42365E-1,-1.05883E-1,-1.13985E-1,-1.06497E-1,-5.38575E-2,-6.06040E-2,-9.69459E-2,-3.64918E-2,-7.18417E-2,-4.06157E-2,-5.67558E-2,-9.95559E-2,-6.93559E-2,-9.28655E-2,-8.53292E-2
8.10561E+2,NaN,NaN,NaN,NaN,NaN,NaN,NaN,NaN,NaN,NaN,NaN,NaN,NaN,NaN,NaN,NaN,NaN,NaN,NaN,NaN,NaN,NaN,NaN,NaN,NaN,NaN,NaN,NaN,NaN,NaN,NaN,NaN,NaN,NaN,NaN,NaN,NaN,NaN,NaN,NaN,NaN,NaN,NaN,NaN,NaN,NaN,NaN,NaN,NaN,NaN,NaN,NaN,NaN,NaN,NaN,NaN,NaN,NaN,NaN,NaN,NaN,NaN,NaN,NaN,NaN,NaN,NaN,NaN,NaN,NaN,NaN,NaN,NaN,NaN,NaN,NaN,NaN,NaN,NaN,NaN,NaN,NaN,NaN,-8.81185E-2,-5.79824E-2,-2.78463E-2,-1.53848E-3,2.44738E-2,4.65561E-2,1.73701E-2,-1.18159E-2,-2.86789E-2,-2.95477E-4,2.80880E-2,3.69321E-2,1.05699E-2,1.02844E-1,5.69637E-2,4.66426E-2,-2.81946E-2,-9.34453E-2,1.91841E-2,-3.64298E-2,-6.52677E-2,6.90055E-3,-7.25840E-2,-5.89483E-2,-8.50941E-2,-1.68415E-1,-7.42014E-2,-1.10747E-1,-2.25814E-3,-7.81282E-2,-1.81321E-1,-1.42656E-1,-9.91914E-2,-3.47801E-2,-2.10734E-1,-1.76192E-1,-2.56142E-1,-2.86425E-1,-2.82048E-1,-2.12859E-1,-1.76411E-1,-2.62462E-1,-1.92100E-1,-1.24196E-1,-1.30593E-1,-9.29357E-2,-4.63988E-2,-1.35043E-1,-1.64727E-1,-9.78793E-2,-1.36758E-1,-1.51677E-1,-2.22384E-1,-1.78156E-1
8.13955E+2,NaN,NaN,NaN,NaN,NaN,NaN,NaN,NaN,NaN,NaN,NaN,NaN,NaN,NaN,NaN,NaN,NaN,NaN,NaN,NaN,NaN,NaN,NaN,NaN,NaN,NaN,NaN,NaN,NaN,NaN,NaN,NaN,NaN,NaN,NaN,NaN,NaN,NaN,NaN,NaN,NaN,NaN,NaN,NaN,NaN,NaN,NaN,NaN,NaN,NaN,NaN,NaN,NaN,NaN,NaN,NaN,NaN,NaN,NaN,NaN,NaN,NaN,NaN,NaN,NaN,NaN,NaN,NaN,NaN,NaN,NaN,NaN,NaN,NaN,NaN,NaN,NaN,NaN,NaN,NaN,NaN,-5.91252E-2,-1.10096E-2,3.71059E-2,6.32595E-2,2.36606E-2,-1.59383E-2,-3.17955E-2,-1.10195E-2,9.75657E-3,5.07766E-3,-2.16285E-2,-4.83346E-2,-3.21316E-2,4.36145E-3,4.08545E-2,4.96490E-3,-4.56780E-2,1.35123E-2,-1.26068E-3,4.97634E-3,-5.49257E-2,-7.73749E-2,-2.95866E-2,-4.36393E-2,-1.39086E-1,-6.16980E-2,-1.02849E-1,-2.43991E-2,-4.95263E-2,-7.76958E-2,-8.82053E-2,-2.24923E-1,-1.62259E-1,-1.17959E-1,-1.07331E-1,-8.13544E-2,-2.63713E-1,-2.78767E-1,-2.19521E-1,-1.46476E-1,-2.34939E-1,-2.38099E-1,-2.65676E-1,-2.09439E-1,-2.21443E-1,-1.10722E-1,-1.80541E-1,-1.11000E-1,-7.17207E-2,-2.43400E-1,-1.83155E-1,-1.42429E-1,-2.26407E-1,-1.99173E-1,-1.51510E-1,-2.07173E-1
8.17349E+2,NaN,NaN,NaN,NaN,NaN,NaN,NaN,NaN,NaN,NaN,NaN,NaN,NaN,NaN,NaN,NaN,NaN,NaN,NaN,NaN,NaN,NaN,NaN,NaN,NaN,NaN,NaN,NaN,NaN,NaN,NaN,NaN,NaN,NaN,NaN,NaN,NaN,NaN,NaN,NaN,NaN,NaN,NaN,NaN,NaN,NaN,NaN,NaN,NaN,NaN,NaN,NaN,NaN,NaN,NaN,NaN,NaN,NaN,NaN,NaN,NaN,NaN,NaN,NaN,NaN,NaN,NaN,NaN,NaN,NaN,NaN,NaN,NaN,NaN,NaN,NaN,NaN,NaN,NaN,NaN,-1.67613E-2,2.37872E-3,2.15187E-2,2.82307E-2,2.48029E-2,2.13751E-2,2.66454E-2,3.57588E-2,4.48723E-2,1.99354E-2,-1.16615E-2,-4.32583E-2,-3.96196E-2,-3.52348E-2,-2.99132E-2,-1.78573E-2,-2.38825E-2,8.82500E-3,1.51371E-2,-4.64336E-2,4.08084E-2,-6.57084E-3,-4.71306E-2,-1.02523E-2,2.19156E-2,1.64900E-2,1.64231E-2,-2.67697E-2,-7.98336E-3,2.37822E-2,-2.76586E-4,1.84868E-2,-3.76545E-2,-4.00765E-2,-3.84314E-3,4.78601E-4,1.34906E-2,-4.42268E-3,-3.53955E-2,3.51392E-2,6.34462E-2,1.60653E-2,-1.45736E-2,-2.94336E-2,-2.35480E-2,-5.21401E-2,-4.35831E-2,-8.08245E-3,1.93045E-2,-2.38248E-2,-2.10788E-2,-1.93118E-2,9.26505E-3,2.41223E-2,-2.57348E-2,-3.84414E-2,-1.08022E-3
8.20744E+2,NaN,NaN,NaN,NaN,NaN,NaN,NaN,NaN,NaN,NaN,NaN,NaN,NaN,NaN,NaN,NaN,NaN,NaN,NaN,NaN,NaN,NaN,NaN,NaN,NaN,NaN,NaN,NaN,NaN,NaN,NaN,NaN,NaN,NaN,NaN,NaN,NaN,NaN,NaN,NaN,NaN,NaN,NaN,NaN,NaN,NaN,NaN,NaN,NaN,NaN,NaN,NaN,NaN,NaN,NaN,NaN,NaN,NaN,NaN,NaN,NaN,NaN,NaN,NaN,NaN,NaN,NaN,NaN,NaN,NaN,NaN,NaN,NaN,NaN,NaN,NaN,NaN,NaN,NaN,2.17011E-2,3.11366E-2,4.05721E-2,4.36132E-2,4.53425E-2,4.70718E-2,1.84015E-2,-1.11239E-2,-3.40798E-2,-6.72463E-3,2.06305E-2,2.94269E-2,-1.50521E-2,-5.95311E-2,-7.71587E-2,-5.47121E-2,-3.22655E-2,-1.69082E-2,5.63445E-2,3.81786E-2,-8.23660E-3,6.66990E-2,1.12528E-2,5.54329E-2,3.94209E-2,7.04119E-2,8.88932E-2,1.03608E-2,1.18262E-1,8.94020E-2,8.71627E-2,4.82364E-2,5.04608E-2,2.08590E-1,1.27347E-1,8.90389E-2,1.33273E-1,6.75355E-2,1.81220E-1,1.53155E-1,1.61076E-1,1.74367E-1,1.74479E-1,1.70943E-1,1.12066E-1,1.73323E-1,1.81336E-1,1.39473E-1,1.54009E-1,8.87764E-2,4.37674E-2,9.21992E-2,1.53737E-1,8.92890E-2,1.00365E-1,9.17727E-2,1.88167E-1,1.89649E-1
8.24140E+2,NaN,NaN,NaN,NaN,NaN,NaN,NaN,NaN,NaN,NaN,NaN,NaN,NaN,NaN,NaN,NaN,NaN,NaN,NaN,NaN,NaN,NaN,NaN,NaN,NaN,NaN,NaN,NaN,NaN,NaN,NaN,NaN,NaN,NaN,NaN,NaN,NaN,NaN,NaN,NaN,NaN,NaN,NaN,NaN,NaN,NaN,NaN,NaN,NaN,NaN,NaN,NaN,NaN,NaN,NaN,NaN,NaN,NaN,NaN,NaN,NaN,NaN,NaN,NaN,NaN,NaN,NaN,NaN,NaN,NaN,NaN,NaN,NaN,NaN,NaN,NaN,NaN,NaN,2.80811E-3,1.85407E-2,3.05595E-2,4.15362E-3,-2.22523E-2,-3.18707E-2,1.43989E-2,6.06685E-2,7.39177E-2,3.18618E-2,-1.01940E-2,-2.77705E-2,-2.24506E-2,-1.71307E-2,-1.68769E-2,-1.92382E-2,-2.15994E-2,-1.05601E-2,-1.68568E-2,-1.09254E-2,3.44843E-2,5.65087E-2,2.07640E-2,5.55112E-2,3.87863E-2,2.47346E-2,6.76544E-2,6.70535E-2,8.91485E-2,1.44638E-1,8.74821E-2,8.18353E-2,8.48744E-3,7.91678E-2,2.05703E-1,1.50098E-1,1.60519E-1,7.24692E-2,9.13466E-2,1.89800E-1,1.45105E-1,1.33172E-1,1.39189E-1,2.14004E-1,2.14513E-1,1.81723E-1,1.56917E-1,9.96496E-2,1.05345E-1,1.48836E-1,7.61742E-2,5.69178E-2,1.00116E-1,1.47481E-1,9.09567E-2,1.34573E-2,5.41595E-2,1.35986E-1,1.44592E-1
8.27536E+2,NaN,NaN,NaN,NaN,NaN,NaN,NaN,NaN,NaN,NaN,NaN,NaN,NaN,NaN,NaN,NaN,NaN,NaN,NaN,NaN,NaN,NaN,NaN,NaN,NaN,NaN,NaN,NaN,NaN,NaN,NaN,NaN,NaN,NaN,NaN,NaN,NaN,NaN,NaN,NaN,NaN,NaN,NaN,NaN,NaN,NaN,NaN,NaN,NaN,NaN,NaN,NaN,NaN,NaN,NaN,NaN,NaN,NaN,NaN,NaN,NaN,NaN,NaN,NaN,NaN,NaN,NaN,NaN,NaN,NaN,NaN,NaN,NaN,NaN,NaN,NaN,-5.41581E-3,-5.38643E-3,-5.35705E-3,-7.37518E-3,-1.36223E-2,-1.98693E-2,-1.42329E-2,4.85399E-3,2.39408E-2,1.61384E-2,-8.71611E-3,-3.35707E-2,-2.93499E-2,-1.56836E-2,-2.01717E-3,1.30479E-2,2.82725E-2,4.13896E-2,4.58702E-3,-3.22156E-2,-1.50986E-2,-6.72906E-2,-1.84160E-2,-3.43784E-2,-2.33584E-3,-1.51351E-2,1.13849E-2,1.18738E-2,2.75988E-2,-4.54791E-2,7.98020E-3,-4.03231E-3,-3.98616E-2,-2.89858E-2,8.21389E-3,4.58312E-2,-1.79856E-2,-2.45249E-2,3.38005E-2,-7.53081E-3,2.04803E-2,2.42369E-3,-8.54169E-3,1.74632E-2,7.29910E-4,3.21220E-2,3.75168E-2,5.83847E-3,2.71687E-2,1.16682E-2,2.36039E-2,2.48686E-2,4.68958E-2,3.54695E-2,-3.36501E-3,1.83913E-2,3.70408E-2,4.00662E-2,-9.21946E-3,-1.70694E-2,9.27775E-4
8.30933E+2,NaN,NaN,NaN,NaN,NaN,NaN,NaN,NaN,NaN,NaN,NaN,NaN,NaN,NaN,NaN,NaN,NaN,NaN,NaN,NaN,NaN,NaN,NaN,NaN,NaN,NaN,NaN,NaN,NaN,NaN,NaN,NaN,NaN,NaN,NaN,NaN,NaN,NaN,NaN,NaN,NaN,NaN,NaN,NaN,NaN,NaN,NaN,NaN,NaN,NaN,NaN,NaN,NaN,NaN,NaN,NaN,NaN,NaN,NaN,NaN,NaN,NaN,NaN,NaN,NaN,NaN,NaN,NaN,NaN,NaN,NaN,NaN,NaN,NaN,NaN,3.20592E-2,2.86971E-2,2.53350E-2,1.53532E-2,-1.66331E-4,-1.56859E-2,-4.62726E-4,2.87439E-2,5.79504E-2,4.49745E-2,2.33717E-2,1.76896E-3,-3.36797E-2,-6.95116E-2,-9.70670E-2,-6.15043E-2,-2.59417E-2,3.57091E-3,1.57549E-2,2.79388E-2,3.11313E-2,2.80384E-2,2.43159E-2,2.92711E-2,1.00125E-2,-7.64842E-4,-2.79269E-2,6.55431E-2,1.34739E-1,1.00169E-1,6.89946E-2,1.23766E-1,1.13720E-1,1.66638E-1,1.29898E-1,8.17399E-2,2.17082E-1,2.08267E-1,1.93259E-1,2.31242E-1,9.40132E-2,1.12798E-1,2.54576E-1,2.41984E-1,2.02964E-1,1.89250E-1,2.32996E-1,2.25073E-1,2.02618E-1,1.71296E-1,1.73682E-1,1.30724E-1,1.42983E-1,4.77127E-2,7.81356E-2,1.46955E-1,8.79853E-2,4.68598E-2,1.18161E-1,1.30489E-1,1.74647E-1,2.16623E-1
8.34331E+2,NaN,NaN,NaN,NaN,NaN,NaN,NaN,NaN,NaN,NaN,NaN,NaN,NaN,NaN,NaN,NaN,NaN,NaN,NaN,NaN,NaN,NaN,NaN,NaN,NaN,NaN,NaN,NaN,NaN,NaN,NaN,NaN,NaN,NaN,NaN,NaN,NaN,NaN,NaN,NaN,NaN,NaN,NaN,NaN,NaN,NaN,NaN,NaN,NaN,NaN,NaN,NaN,NaN,NaN,NaN,NaN,NaN,NaN,NaN,NaN,NaN,NaN,NaN,NaN,NaN,NaN,NaN,NaN,NaN,NaN,NaN,NaN,NaN,NaN,-7.08296E-2,-4.83619E-2,-2.58943E-2,-3.35110E-3,1.92182E-2,4.17874E-2,1.59034E-2,-1.61983E-2,-4.76240E-2,-5.65139E-2,-6.54038E-2,-6.41524E-2,-1.40760E-2,3.60004E-2,7.46751E-2,8.85372E-2,1.02399E-1,7.43606E-2,-3.32410E-3,-8.10088E-2,-7.78117E-2,-2.08180E-2,2.72855E-2,7.17575E-3,-8.15134E-2,1.67475E-2,-5.69844E-2,-9.30544E-2,1.48272E-2,-1.42460E-1,-2.25095E-2,-9.96507E-3,-1.85687E-1,-1.07576E-1,-1.38992E-1,-3.51960E-2,-1.34835E-1,-1.14445E-1,-1.72430E-1,-1.57034E-1,-1.19507E-1,-1.43268E-1,-3.06976E-2,-2.34641E-1,-2.65752E-1,-1.67958E-1,-1.31496E-1,-1.84264E-1,-1.31155E-1,-1.52224E-1,-1.65511E-1,-6.45815E-2,-7.51547E-2,-1.48400E-1,-6.84809E-2,-6.40829E-2,-1.32120E-1,-1.58563E-1,-1.24547E-1,-7.34929E-2,-5.51532E-2,-1.10517E-1,-1.13553E-1
8.37729E+2,NaN,NaN,NaN,NaN,NaN,NaN,NaN,NaN,NaN,NaN,NaN,NaN,NaN,NaN,NaN,NaN,NaN,NaN,NaN,NaN,NaN,NaN,NaN,NaN,NaN,NaN,NaN,NaN,NaN,NaN,NaN,NaN,NaN,NaN,NaN,NaN,NaN,NaN,NaN,NaN,NaN,NaN,NaN,NaN,NaN,NaN,NaN,NaN,NaN,NaN,NaN,NaN,NaN,NaN,NaN,NaN,NaN,NaN,NaN,NaN,NaN,NaN,NaN,NaN,NaN,NaN,NaN,NaN,NaN,NaN,NaN,NaN,NaN,9.14349E-2,7.61516E-2,6.08683E-2,1.75472E-2,-2.80999E-2,-6.55817E-2,1.20165E-2,8.96148E-2,1.40605E-1,9.09578E-2,4.13107E-2,4.16676E-3,-9.95698E-3,-2.40807E-2,-6.41270E-2,-1.30638E-1,-1.97149E-1,-1.66993E-1,-8.19114E-2,3.16982E-3,2.53014E-2,2.97336E-2,3.41658E-2,-1.17130E-1,5.29689E-3,1.77648E-1,4.82859E-2,1.53976E-1,5.58012E-2,1.25884E-3,1.17094E-1,2.19595E-1,2.39154E-1,3.42880E-1,8.75619E-2,8.84677E-2,1.67583E-1,2.19333E-1,3.05761E-1,2.05812E-1,2.87745E-1,1.40801E-1,2.93498E-1,1.77427E-1,3.34265E-1,3.26252E-1,2.76997E-1,3.15810E-1,3.86905E-1,3.16171E-1,2.96039E-1,2.21048E-1,1.80546E-1,2.84052E-1,2.78421E-1,1.93571E-1,1.80995E-1,1.90284E-1,2.27076E-1,2.35556E-1,2.44203E-1,1.51802E-1,2.93329E-1,3.85611E-1
8.41128E+2,NaN,NaN,NaN,NaN,NaN,NaN,NaN,NaN,NaN,NaN,NaN,NaN,NaN,NaN,NaN,NaN,NaN,NaN,NaN,NaN,NaN,NaN,NaN,NaN,NaN,NaN,NaN,NaN,NaN,NaN,NaN,NaN,NaN,NaN,NaN,NaN,NaN,NaN,NaN,NaN,NaN,NaN,NaN,NaN,NaN,NaN,NaN,NaN,NaN,NaN,NaN,NaN,NaN,NaN,NaN,NaN,NaN,NaN,NaN,NaN,NaN,NaN,NaN,NaN,NaN,NaN,NaN,NaN,NaN,NaN,NaN,NaN,2.74805E-2,3.87291E-2,4.50379E-2,-1.91907E-3,-4.88761E-2,-8.55295E-2,-8.72408E-2,-8.89521E-2,-7.51536E-2,-3.50124E-2,5.12884E-3,2.71961E-2,3.21354E-2,3.70747E-2,4.03934E-2,4.28633E-2,4.53333E-2,2.70008E-2,3.44003E-3,-2.01207E-2,-1.77316E-2,-1.37450E-2,-9.03365E-3,3.49218E-3,5.45179E-2,1.35853E-2,-3.10385E-2,1.43467E-2,3.31732E-2,-8.78009E-3,1.70934E-3,-1.64802E-2,2.30018E-2,-1.46407E-2,-6.92123E-2,9.36149E-3,-3.09697E-2,-4.18314E-2,-8.30445E-2,-4.38643E-2,-1.30640E-1,-9.84537E-2,-2.31949E-2,-8.48455E-2,-5.02507E-2,-1.17347E-1,-9.92343E-2,-1.13178E-1,-1.71493E-1,-1.78616E-1,-1.65537E-1,-1.47988E-1,-1.20225E-1,-7.13646E-2,-5.52519E-2,-9.69954E-2,-6.31330E-2,-4.96765E-2,-1.19365E-1,-1.15035E-1,-9.69774E-2,-8.95289E-2,-6.81318E-2,-7.00043E-2,-7.25844E-2
8.44527E+2,NaN,NaN,NaN,NaN,NaN,NaN,NaN,NaN,NaN,NaN,NaN,NaN,NaN,NaN,NaN,NaN,NaN,NaN,NaN,NaN,NaN,NaN,NaN,NaN,NaN,NaN,NaN,NaN,NaN,NaN,NaN,NaN,NaN,NaN,NaN,NaN,NaN,NaN,NaN,NaN,NaN,NaN,NaN,NaN,NaN,NaN,NaN,NaN,NaN,NaN,NaN,NaN,NaN,NaN,NaN,NaN,NaN,NaN,NaN,NaN,NaN,NaN,NaN,NaN,NaN,NaN,NaN,NaN,NaN,NaN,1.79128E-2,7.05164E-3,-3.80949E-3,-1.23117E-2,-1.28371E-2,-1.33625E-2,-1.50868E-2,-1.88430E-2,-2.25992E-2,-1.78459E-2,-5.04486E-3,7.75616E-3,4.04936E-3,-8.28318E-3,-2.06157E-2,-4.75615E-3,1.81664E-2,4.10889E-2,1.08861E-2,-2.25567E-2,-5.16927E-2,-3.46902E-2,-1.76877E-2,-4.39096E-3,-3.62524E-3,-2.85953E-3,-5.09240E-3,-1.66866E-2,-1.48310E-2,-4.11241E-2,-5.27381E-2,-3.18755E-2,-4.33752E-2,-2.37464E-2,1.37167E-2,-2.71573E-2,-4.11107E-2,-6.55609E-2,-5.95684E-3,-9.18108E-2,-2.41178E-2,-5.70064E-2,3.09211E-2,-3.36455E-2,-2.94921E-2,-2.77705E-2,-3.61377E-2,-4.83858E-2,-2.18208E-2,-7.01849E-3,-1.51547E-2,8.39702E-3,-5.21060E-3,-4.23811E-2,-3.24446E-2,-2.93700E-2,-3.36583E-2,-4.36395E-2,-2.85863E-2,-1.30867E-2,-3.56630E-2,-5.16782E-2,-6.19958E-2,-5.18579E-2,-2.04376E-3,-3.66155E-3,-2.96469E-2
8.47927E+2,NaN,NaN,NaN,NaN,NaN,NaN,NaN,NaN,NaN,NaN,NaN,NaN,NaN,NaN,NaN,NaN,NaN,NaN,NaN,NaN,NaN,NaN,NaN,NaN,NaN,NaN,NaN,NaN,NaN,NaN,NaN,NaN,NaN,NaN,NaN,NaN,NaN,NaN,NaN,NaN,NaN,NaN,NaN,NaN,NaN,NaN,NaN,NaN,NaN,NaN,NaN,NaN,NaN,NaN,NaN,NaN,NaN,NaN,NaN,NaN,NaN,NaN,NaN,NaN,NaN,NaN,NaN,NaN,NaN,-2.33384E-2,-2.03525E-2,-1.73665E-2,-1.98943E-2,-3.24886E-2,-4.50830E-2,-5.05761E-2,-4.88749E-2,-4.71738E-2,-2.50402E-2,8.60637E-3,4.22530E-2,3.13074E-2,7.96434E-3,-1.53787E-2,2.24082E-2,6.51289E-2,1.01701E-1,5.42303E-2,6.75963E-3,-2.68396E-2,-8.57866E-3,9.68225E-3,3.24125E-2,6.33025E-2,9.41926E-2,1.06159E-1,4.84456E-2,-5.73472E-2,-2.10658E-2,-9.84333E-2,-2.85522E-2,1.51709E-2,-5.89589E-2,-8.37271E-3,-3.43591E-2,-1.18131E-1,-5.08686E-2,-9.55632E-2,-4.21200E-2,-4.99710E-2,-1.17275E-1,-1.48292E-1,-1.50512E-1,-6.27830E-2,-1.26481E-1,-9.95627E-2,-8.80060E-2,-1.80911E-1,-1.77367E-1,-2.00883E-1,-2.11758E-1,-2.19511E-1,-1.65977E-1,-1.44581E-1,-1.13292E-1,-4.72202E-2,-7.57029E-2,-1.08695E-1,-8.35697E-2,-1.14262E-1,-1.57871E-1,-1.09812E-1,-7.86292E-2,-8.72794E-2,-1.03346E-1,-2.05347E-1,-1.59277E-1
8.51327E+2,NaN,NaN,NaN,NaN,NaN,NaN,NaN,NaN,NaN,NaN,NaN,NaN,NaN,NaN,NaN,NaN,NaN,NaN,NaN,NaN,NaN,NaN,NaN,NaN,NaN,NaN,NaN,NaN,NaN,NaN,NaN,NaN,NaN,NaN,NaN,NaN,NaN,NaN,NaN,NaN,NaN,NaN,NaN,NaN,NaN,NaN,NaN,NaN,NaN,NaN,NaN,NaN,NaN,NaN,NaN,NaN,NaN,NaN,NaN,NaN,NaN,NaN,NaN,NaN,NaN,NaN,NaN,NaN,8.26520E-2,2.48506E-2,-3.29508E-2,-4.44922E-2,-2.21110E-3,4.00700E-2,4.24858E-2,1.88821E-2,-4.72161E-3,-9.67933E-3,-8.35302E-3,-7.02671E-3,-3.35210E-3,6.10419E-4,3.43659E-3,-2.63729E-2,-5.61825E-2,-7.56432E-2,-4.68207E-2,-1.79982E-2,1.59396E-2,6.07793E-2,1.05619E-1,9.05614E-2,5.81478E-3,-7.89319E-2,-9.87433E-2,-7.61726E-2,-2.07377E-2,4.47280E-3,-2.80175E-2,1.03569E-1,1.03806E-1,-7.40769E-2,-9.80358E-4,2.60193E-2,1.58535E-1,6.42050E-2,6.72012E-2,1.15078E-1,6.47775E-2,3.62680E-2,2.22919E-1,1.40942E-1,1.32946E-1,6.16612E-2,1.84184E-1,1.22208E-1,9.42534E-2,1.72963E-1,1.94899E-1,1.66257E-1,2.22857E-1,2.82873E-1,2.10073E-1,1.91216E-1,1.76091E-1,1.03167E-1,1.09107E-1,8.96638E-2,5.31724E-2,8.04264E-2,1.57262E-1,1.47971E-1,5.59058E-2,2.95174E-2,1.08305E-1,2.06595E-1,1.39708E-1
8.54728E+2,NaN,NaN,NaN,NaN,NaN,NaN,NaN,NaN,NaN,NaN,NaN,NaN,NaN,NaN,NaN,NaN,NaN,NaN,NaN,NaN,NaN,NaN,NaN,NaN,NaN,NaN,NaN,NaN,NaN,NaN,NaN,NaN,NaN,NaN,NaN,NaN,NaN,NaN,NaN,NaN,NaN,NaN,NaN,NaN,NaN,NaN,NaN,NaN,NaN,NaN,NaN,NaN,NaN,NaN,NaN,NaN,NaN,NaN,NaN,NaN,NaN,NaN,NaN,NaN,NaN,NaN,NaN,6.33376E-2,1.53795E-1,2.44253E-1,2.23785E-1,1.13870E-1,3.95524E-3,-7.39627E-1,-1.75939E+0,-2.77915E+0,-2.26832E+0,-1.46446E+0,-6.60589E-1,-1.37806E-1,3.79874E-1,9.04692E-1,1.47946E+0,2.05423E+0,2.09621E+0,6.82059E-1,-7.32089E-1,-1.38219E+0,-9.36165E-1,-4.90139E-1,-3.55280E-1,-4.71336E-1,-5.87392E-1,-1.66514E-1,4.88384E-1,1.14328E+0,-8.08744E-1,-2.14109E+0,-9.04222E-1,5.12233E-1,-3.22844E+0,-1.36756E+0,-1.74019E+0,6.54839E-1,-2.41032E+0,-3.00797E+0,-3.47115E+0,-4.13506E+0,-1.80813E+0,-3.91497E+0,-3.61138E+0,-5.70434E+0,-4.75716E+0,-1.62778E+0,-5.99552E+0,-6.57785E+0,-4.35993E+0,-6.45602E+0,-6.89996E+0,-5.93306E+0,-7.24620E+0,-8.18636E+0,-6.92973E+0,-4.90570E+0,-4.39357E+0,-4.20733E+0,-4.59964E+0,-5.57612E+0,-3.72430E+0,-3.38426E+0,-5.03609E+0,-4.50978E+0,-4.94826E+0,-4.72007E+0,-4.45859E+0,-6.40729E+0,-6.00612E+0
8.58130E+2,NaN,NaN,NaN,NaN,NaN,NaN,NaN,NaN,NaN,NaN,NaN,NaN,NaN,NaN,NaN,NaN,NaN,NaN,NaN,NaN,NaN,NaN,NaN,NaN,NaN,NaN,NaN,NaN,NaN,NaN,NaN,NaN,NaN,NaN,NaN,NaN,NaN,NaN,NaN,NaN,NaN,NaN,NaN,NaN,NaN,NaN,NaN,NaN,NaN,NaN,NaN,NaN,NaN,NaN,NaN,NaN,NaN,NaN,NaN,NaN,NaN,NaN,NaN,NaN,NaN,NaN,4.72584E-2,3.29848E-2,1.87112E-2,1.36762E-2,1.41046E-2,1.45330E-2,-2.14820E-2,-6.83065E-2,-1.15131E-1,-7.44421E-2,-2.55291E-2,2.05600E-2,1.98951E-2,1.92301E-2,1.72247E-2,9.85113E-3,2.47759E-3,-6.18069E-3,-1.73034E-2,-2.84262E-2,-3.19921E-2,-2.75505E-2,-2.31090E-2,-2.69098E-2,-3.55851E-2,-4.42603E-2,-1.28547E-2,3.04393E-2,7.37334E-2,1.87858E-2,1.50660E-2,-1.57524E-2,-6.28311E-2,-7.60026E-2,-8.25144E-3,-5.17273E-2,-5.00888E-2,-2.15483E-2,-8.71502E-2,-8.95760E-2,-3.11107E-2,-7.85686E-2,-5.14816E-2,-1.19731E-1,-6.55398E-2,-5.32598E-2,-1.64456E-1,-7.15062E-2,-7.98079E-2,-7.91798E-2,-1.13889E-1,-4.94921E-2,-4.70106E-2,-5.01834E-2,-1.29607E-1,-1.01950E-1,-8.39333E-2,-1.28178E-1,-1.46325E-1,-1.06589E-1,-6.83326E-2,-8.11794E-2,-7.16583E-2,-3.98493E-2,-6.05404E-2,-6.13690E-2,-5.70701E-2,-1.14604E-1,-9.53870E-2,-7.65748E-2,-8.98229E-2
8.61532E+2,NaN,NaN,NaN,NaN,NaN,NaN,NaN,NaN,NaN,NaN,NaN,NaN,NaN,NaN,NaN,NaN,NaN,NaN,NaN,NaN,NaN,NaN,NaN,NaN,NaN,NaN,NaN,NaN,NaN,NaN,NaN,NaN,NaN,NaN,NaN,NaN,NaN,NaN,NaN,NaN,NaN,NaN,NaN,NaN,NaN,NaN,NaN,NaN,NaN,NaN,NaN,NaN,NaN,NaN,NaN,NaN,NaN,NaN,NaN,NaN,NaN,NaN,NaN,NaN,NaN,-2.53947E-2,-1.13101E-2,2.77452E-3,-2.97732E-3,-1.77695E-2,-3.25616E-2,-1.43502E-2,1.06310E-2,3.56122E-2,2.31497E-2,9.63433E-3,-1.36460E-3,6.90616E-3,1.51769E-2,1.98962E-2,1.44208E-2,8.94550E-3,8.52355E-3,1.56433E-2,2.27630E-2,3.14901E-2,4.15642E-2,5.16383E-2,4.61764E-2,3.36340E-2,2.10917E-2,2.26689E-2,2.71423E-2,3.16158E-2,-1.81219E-4,4.38974E-2,2.13685E-2,1.14530E-2,1.88032E-2,2.68448E-2,1.41624E-2,1.68497E-2,5.12973E-2,5.25522E-2,-9.31268E-3,1.62075E-2,-3.07597E-2,3.34450E-2,2.05112E-2,5.93531E-2,1.11788E-2,2.75670E-2,1.96465E-2,5.30826E-2,8.71518E-3,2.60639E-2,4.16632E-3,-1.93491E-2,-6.91307E-5,1.40942E-2,1.81727E-2,8.08193E-3,1.35962E-2,1.07544E-2,-7.58437E-4,-4.87379E-2,-4.82909E-2,-2.45543E-2,1.82189E-2,2.92117E-2,6.65408E-3,-4.36931E-3,6.88880E-3,-1.96721E-2,-3.44769E-2,-3.60964E-2,-2.32574E-2
8.64935E+2,NaN,NaN,NaN,NaN,NaN,NaN,NaN,NaN,NaN,NaN,NaN,NaN,NaN,NaN,NaN,NaN,NaN,NaN,NaN,NaN,NaN,NaN,NaN,NaN,NaN,NaN,NaN,NaN,NaN,NaN,NaN,NaN,NaN,NaN,NaN,NaN,NaN,NaN,NaN,NaN,NaN,NaN,NaN,NaN,NaN,NaN,NaN,NaN,NaN,NaN,NaN,NaN,NaN,NaN,NaN,NaN,NaN,NaN,NaN,NaN,NaN,NaN,NaN,NaN,1.20689E-2,2.17013E-2,3.13337E-2,2.60791E-2,1.53070E-2,4.53484E-3,1.83651E-2,3.57923E-2,5.23256E-2,1.13574E-2,-2.96109E-2,-6.13446E-2,-4.39262E-2,-2.65078E-2,-1.47229E-2,-1.60194E-2,-1.73159E-2,-2.03050E-2,-2.54149E-2,-3.05247E-2,-2.54015E-2,-1.30706E-2,-7.39632E-4,2.75119E-3,2.96561E-3,3.18003E-3,-1.59266E-2,-3.78580E-2,-5.90707E-2,-3.48954E-2,-6.33993E-2,7.93134E-3,-2.88241E-2,7.36347E-3,6.30831E-3,-1.65438E-2,3.42215E-3,-4.03313E-2,2.08362E-2,3.75786E-2,-6.42188E-3,-3.35523E-2,9.00748E-3,-2.44878E-2,3.92317E-2,3.94654E-2,2.15617E-2,1.14212E-2,2.81545E-2,-8.84167E-3,-3.64634E-2,-6.90660E-3,-2.83875E-2,2.86424E-2,2.87519E-2,2.49494E-2,1.77671E-2,-7.52489E-3,5.14620E-3,-8.86595E-3,-7.22385E-3,-1.58115E-3,-1.60278E-2,4.00521E-2,3.79487E-2,-2.47922E-2,-1.03910E-2,2.89295E-2,2.14433E-2,2.63418E-2,1.74886E-2,-1.88211E-3,-2.44508E-2
8.68338E+2,NaN,NaN,NaN,NaN,NaN,NaN,NaN,NaN,NaN,NaN,NaN,NaN,NaN,NaN,NaN,NaN,NaN,NaN,NaN,NaN,NaN,NaN,NaN,NaN,NaN,NaN,NaN,NaN,NaN,NaN,NaN,NaN,NaN,NaN,NaN,NaN,NaN,NaN,NaN,NaN,NaN,NaN,NaN,NaN,NaN,NaN,NaN,NaN,NaN,NaN,NaN,NaN,NaN,NaN,NaN,NaN,NaN,NaN,NaN,NaN,NaN,NaN,NaN,-7.59728E-2,-2.00179E-2,3.59370E-2,2.72844E-2,-2.14279E-3,-3.15699E-2,-1.10794E-1,-1.95580E-1,-2.74590E-1,-2.23170E-1,-1.71749E-1,-1.13414E-1,-2.46624E-2,6.40887E-2,1.52944E-1,2.42012E-1,3.31081E-1,3.21928E-1,2.02447E-1,8.29655E-2,-1.82597E-2,-1.08000E-1,-1.97740E-1,-1.45469E-1,-4.75341E-2,5.04004E-2,1.29871E-1,2.07281E-1,2.50806E-1,-4.09128E-1,2.66588E-1,-3.54984E-1,-4.92035E-2,-1.48883E-1,-4.72975E-3,1.92951E-1,-2.87346E-1,-3.85671E-1,-1.04530E-1,3.05335E-3,-5.15221E-1,-6.54033E-1,-4.43543E-1,-7.88020E-1,-4.04770E-1,-8.09620E-1,-9.70810E-1,-9.80283E-1,-7.25288E-1,-1.03915E-1,-9.10044E-1,-9.03491E-1,-6.90208E-1,-7.34258E-1,-9.52520E-1,-9.35288E-1,-1.15047E+0,-1.30733E+0,-1.35025E+0,-1.01518E+0,-8.82628E-1,-8.76303E-1,-7.65472E-1,-5.48895E-1,-4.54304E-1,-5.48204E-1,-5.87159E-1,-6.64301E-1,-5.64530E-1,-6.27575E-1,-6.77435E-1,-5.83862E-1,-1.12343E+0,-9.48024E-1
8.71742E+2,NaN,NaN,NaN,NaN,NaN,NaN,NaN,NaN,NaN,NaN,NaN,NaN,NaN,NaN,NaN,NaN,NaN,NaN,NaN,NaN,NaN,NaN,NaN,NaN,NaN,NaN,NaN,NaN,NaN,NaN,NaN,NaN,NaN,NaN,NaN,NaN,NaN,NaN,NaN,NaN,NaN,NaN,NaN,NaN,NaN,NaN,NaN,NaN,NaN,NaN,NaN,NaN,NaN,NaN,NaN,NaN,NaN,NaN,NaN,NaN,NaN,NaN,-7.76004E-2,-3.52189E-2,7.16263E-3,1.26606E-2,7.05091E-3,1.44120E-3,-3.68393E-3,-8.76195E-3,-1.13720E-2,2.90321E-2,6.94363E-2,9.72824E-2,7.39782E-2,5.06741E-2,2.66427E-2,1.19932E-3,-2.42440E-2,-1.84976E-2,2.06565E-2,5.98107E-2,5.53726E-2,2.48561E-2,-5.66032E-3,-5.78623E-2,-1.16595E-1,-1.75328E-1,-1.03320E-1,-1.86038E-2,5.48224E-2,-5.77725E-2,1.15083E-2,-1.84506E-2,-5.03079E-2,-5.01923E-2,6.86621E-2,-1.09244E-2,-8.04838E-2,-2.78067E-2,-9.70341E-2,-1.11720E-1,-1.26350E-2,-1.38218E-1,-1.32749E-1,-1.27027E-1,-1.71734E-1,-2.32238E-1,-2.70651E-1,-4.79767E-2,-2.51413E-1,-4.14855E-1,-1.26909E-1,-1.19148E-1,-2.41150E-1,-2.56282E-1,-2.55104E-1,-3.29001E-1,-1.98508E-1,-2.22468E-1,-3.03134E-1,-3.12907E-1,-2.68446E-1,-2.88068E-1,-2.18513E-1,-2.03934E-1,-3.02586E-1,-2.56425E-1,-1.72640E-1,-2.00937E-1,-2.15770E-1,-1.98996E-1,-2.58915E-1,-2.55786E-1,-3.18560E-1,-3.05131E-1,-2.25866E-1
8.75147E+2,NaN,NaN,NaN,NaN,NaN,NaN,NaN,NaN,NaN,NaN,NaN,NaN,NaN,NaN,NaN,NaN,NaN,NaN,NaN,NaN,NaN,NaN,NaN,NaN,NaN,NaN,NaN,NaN,NaN,NaN,NaN,NaN,NaN,NaN,NaN,NaN,NaN,NaN,NaN,NaN,NaN,NaN,NaN,NaN,NaN,NaN,NaN,NaN,NaN,NaN,NaN,NaN,NaN,NaN,NaN,NaN,NaN,NaN,NaN,NaN,NaN,-1.54382E-1,-1.48148E-1,-1.41914E-1,-1.02652E-1,-5.32726E-2,-3.89275E-3,-9.77477E-2,-2.06056E-1,-3.02953E-1,-1.88392E-1,-7.38302E-2,3.30686E-2,1.08144E-1,1.83219E-1,2.47434E-1,2.90274E-1,3.33113E-1,2.48573E-1,2.59106E-2,-1.96752E-1,-2.41896E-1,-1.79449E-1,-1.17002E-1,-1.21345E-1,-1.46149E-1,-1.70953E-1,-1.13106E-1,-4.69187E-2,7.70139E-3,-1.41411E-1,-8.91292E-2,2.94367E-2,-1.67033E-1,1.33106E-1,-1.12784E-1,-5.45715E-2,-3.21629E-1,-2.63118E-1,3.54464E-3,-3.55285E-1,3.14568E-2,-2.83088E-1,-9.22341E-1,-1.74870E-1,-7.37517E-1,2.34879E-2,-6.87831E-1,-8.84176E-1,-8.64352E-1,-5.60593E-1,-6.36703E-1,-6.26488E-1,-8.05852E-1,-6.44022E-1,-6.16928E-1,-1.06450E+0,-8.24589E-1,-6.67330E-1,-7.98810E-1,-1.15505E+0,-1.05505E+0,-8.79549E-1,-9.25523E-1,-7.79757E-1,-4.96928E-1,-5.14822E-1,-5.39473E-1,-4.25017E-1,-5.36303E-1,-6.81664E-1,-3.53926E-1,-5.10692E-1,-6.08551E-1,-6.69303E-1,-1.08664E+0,-8.58276E-1
8.78552E+2,NaN,NaN,NaN,NaN,NaN,NaN,NaN,NaN,NaN,NaN,NaN,NaN,NaN,NaN,NaN,NaN,NaN,NaN,NaN,NaN,NaN,NaN,NaN,NaN,NaN,NaN,NaN,NaN,NaN,NaN,NaN,NaN,NaN,NaN,NaN,NaN,NaN,NaN,NaN,NaN,NaN,NaN,NaN,NaN,NaN,NaN,NaN,NaN,NaN,NaN,NaN,NaN,NaN,NaN,NaN,NaN,NaN,NaN,NaN,NaN,-5.75254E-3,-1.74547E-2,-2.91569E-2,-3.00266E-2,-2.72433E-2,-2.44599E-2,-8.27537E-3,9.55421E-3,2.65307E-2,1.89147E-2,1.12986E-2,5.54512E-3,8.48883E-3,1.14325E-2,1.30177E-2,1.17059E-2,1.03941E-2,3.88693E-3,-8.66792E-3,-2.12228E-2,-2.65414E-2,-2.71345E-2,-2.77277E-2,-2.68433E-2,-2.54605E-2,-2.40777E-2,-1.18853E-2,1.63398E-3,1.32036E-2,-2.92500E-2,-1.00184E-2,-2.49595E-2,-4.07541E-2,8.64281E-4,6.68911E-2,1.14948E-2,-1.74305E-2,-9.52421E-3,7.63792E-2,-1.09487E-2,2.19262E-3,3.18815E-2,9.17144E-2,1.00735E-1,5.95004E-2,8.19878E-2,2.84237E-2,2.74079E-2,1.12065E-1,4.81986E-2,5.28411E-2,7.51399E-2,1.35304E-1,1.17540E-1,7.80965E-2,5.65974E-2,1.10281E-1,1.31923E-1,1.55133E-1,1.15868E-1,1.50083E-1,1.75222E-1,1.26958E-1,9.11965E-2,1.11957E-1,1.57118E-1,1.45978E-1,1.04964E-1,2.88777E-2,3.71563E-2,1.18812E-1,8.01205E-2,2.85931E-2,4.61924E-2,6.03909E-2,9.33964E-2,6.06505E-2
8.81958E+2,NaN,NaN,NaN,NaN,NaN,NaN,NaN,NaN,NaN,NaN,NaN,NaN,NaN,NaN,NaN,NaN,NaN,NaN,NaN,NaN,NaN,NaN,NaN,NaN,NaN,NaN,NaN,NaN,NaN,NaN,NaN,NaN,NaN,NaN,NaN,NaN,NaN,NaN,NaN,NaN,NaN,NaN,NaN,NaN,NaN,NaN,NaN,NaN,NaN,NaN,NaN,NaN,NaN,NaN,NaN,NaN,NaN,NaN,NaN,-5.84661E-2,-5.77441E-2,-5.70222E-2,-4.70597E-2,-3.34289E-2,-1.97980E-2,-2.78407E-2,-3.94505E-2,-5.10904E-2,-8.23775E-2,-1.13665E-1,-1.25069E-1,-1.86576E-2,8.77537E-2,1.63382E-1,1.62629E-1,1.61876E-1,1.39667E-1,8.90282E-2,3.83897E-2,3.62143E-2,7.01587E-2,1.04103E-1,1.08227E-1,1.00512E-1,9.27964E-2,9.45409E-2,9.78424E-2,1.00991E-1,4.65697E-3,-2.76677E-2,2.84843E-2,8.20098E-2,5.30630E-2,-6.08123E-2,-1.62254E-1,-6.31491E-2,1.91555E-2,-2.82582E-2,9.63572E-3,9.43083E-2,-5.09401E-2,7.32519E-2,1.03846E-2,-8.84422E-2,-1.13487E-1,-1.29701E-1,-2.08358E-2,-1.90715E-1,-1.84590E-1,-1.66439E-1,-6.64763E-2,-3.91229E-2,-1.55397E-1,-1.99340E-1,-1.41922E-1,-2.71643E-1,-1.53855E-1,-1.92014E-1,-2.66629E-1,-1.79503E-1,-1.54447E-1,-1.94031E-1,-2.17416E-1,-1.94524E-1,-1.51741E-1,-4.54924E-2,-8.57843E-2,-1.06873E-1,-2.85295E-2,-8.46121E-2,-1.30610E-1,-1.19432E-1,-9.67925E-2,-1.45326E-1,-9.21045E-2,-1.91455E-1,-1.86802E-1
8.85364E+2,NaN,NaN,NaN,NaN,NaN,NaN,NaN,NaN,NaN,NaN,NaN,NaN,NaN,NaN,NaN,NaN,NaN,NaN,NaN,NaN,NaN,NaN,NaN,NaN,NaN,NaN,NaN,NaN,NaN,NaN,NaN,NaN,NaN,NaN,NaN,NaN,NaN,NaN,NaN,NaN,NaN,NaN,NaN,NaN,NaN,NaN,NaN,NaN,NaN,NaN,NaN,NaN,NaN,NaN,NaN,NaN,NaN,NaN,2.89981E-2,-1.52031E-3,-3.20387E-2,-3.11544E-2,-1.47898E-2,1.57488E-3,7.05188E-3,1.00191E-2,1.29863E-2,6.47942E-3,-4.68440E-4,-6.09584E-3,3.78364E-4,6.85257E-3,8.59702E-3,-4.53501E-3,-1.76670E-2,-3.64308E-2,-6.42253E-2,-9.20198E-2,-8.33360E-2,-4.19053E-2,-4.74622E-4,1.31341E-2,1.30275E-2,1.29210E-2,-4.46413E-3,-2.58323E-2,-4.72004E-2,-2.55820E-2,-2.04259E-2,5.56353E-2,3.05900E-2,-1.19663E-2,3.13143E-2,1.92539E-2,1.18261E-4,-1.03139E-2,-1.51576E-2,8.37255E-3,2.25454E-2,5.92071E-2,3.04600E-2,-3.09209E-2,6.64691E-2,-1.35403E-2,1.04081E-1,6.82927E-2,8.57895E-2,1.54459E-1,3.01720E-2,4.99322E-2,1.09055E-1,2.70745E-2,2.39084E-2,4.86920E-2,8.37327E-2,1.10455E-1,6.05297E-2,1.03939E-1,1.07367E-1,8.43982E-2,1.06127E-1,7.89276E-2,9.81514E-2,1.02275E-1,1.06464E-1,6.59858E-2,8.34029E-2,8.04195E-2,4.13090E-2,6.64008E-2,1.19204E-1,8.09215E-2,4.62752E-2,3.58674E-2,2.56003E-2,9.97523E-2,1.10378E-1
8.88771E+2,NaN,NaN,NaN,NaN,NaN,NaN,NaN,NaN,NaN,NaN,NaN,NaN,NaN,NaN,NaN,NaN,NaN,NaN,NaN,NaN,NaN,NaN,NaN,NaN,NaN,NaN,NaN,NaN,NaN,NaN,NaN,NaN,NaN,NaN,NaN,NaN,NaN,NaN,NaN,NaN,NaN,NaN,NaN,NaN,NaN,NaN,NaN,NaN,NaN,NaN,NaN,NaN,NaN,NaN,NaN,NaN,NaN,-3.47138E-1,2.45034E-2,3.96145E-1,2.76474E-1,-1.57242E-1,-5.90958E-1,-6.17238E-1,-5.09807E-1,-4.02376E-1,-2.41077E-1,-7.35106E-2,9.11641E-2,1.83858E-1,2.76553E-1,3.69992E-1,4.66793E-1,5.63594E-1,6.02858E-1,5.22264E-1,4.41669E-1,3.14748E-1,1.34996E-1,-4.47568E-2,-9.37278E-2,-5.91036E-2,-2.44794E-2,5.14067E-2,1.40834E-1,2.30261E-1,-3.85959E-1,-5.95449E-2,-2.09437E-1,-4.96731E-1,-1.35730E-1,-3.65385E-1,-1.05851E+0,-3.07229E-1,8.37251E-1,3.72496E-1,2.15710E-1,-2.98932E-1,3.69770E-2,-7.34389E-1,-6.22201E-1,-7.88986E-1,-1.36912E+0,-5.72242E-1,-1.07425E+0,2.09315E-1,-7.72516E-1,-1.91430E+0,-1.07053E+0,-1.41393E+0,-1.50491E+0,-1.58801E+0,-1.15693E+0,-1.32234E+0,-1.01358E+0,-7.14759E-1,-1.77605E+0,-1.76473E+0,-1.59495E+0,-1.43899E+0,-2.00151E+0,-1.79668E+0,-1.81873E+0,-1.39019E+0,-1.10232E+0,-5.81520E-1,-1.02811E+0,-6.67710E-1,-1.27465E-1,-3.31074E-1,-1.13939E+0,-1.14369E+0,-1.32274E+0,-8.57092E-1,-1.28733E+0,-1.95114E+0,-1.42664E+0
8.92178E+2,NaN,NaN,NaN,NaN,NaN,NaN,NaN,NaN,NaN,NaN,NaN,NaN,NaN,NaN,NaN,NaN,NaN,NaN,NaN,NaN,NaN,NaN,NaN,NaN,NaN,NaN,NaN,NaN,NaN,NaN,NaN,NaN,NaN,NaN,NaN,NaN,NaN,NaN,NaN,NaN,NaN,NaN,NaN,NaN,NaN,NaN,NaN,NaN,NaN,NaN,NaN,NaN,NaN,NaN,NaN,NaN,1.36238E-1,1.20522E-1,1.04807E-1,7.87939E-2,4.38974E-2,9.00089E-3,5.85601E-2,1.47919E-1,2.37278E-1,1.58848E-1,4.42196E-2,-7.04084E-2,-1.17022E-1,-1.61199E-1,-2.01175E-1,-2.06550E-1,-2.11924E-1,-1.96770E-1,-1.20397E-1,-4.40246E-2,2.99818E-2,1.00348E-1,1.70715E-1,1.74573E-1,1.21051E-1,6.75291E-2,3.33864E-2,8.37628E-3,-1.66338E-2,1.03302E-1,5.42615E-2,2.08872E-1,2.79284E-2,1.73500E-1,1.44417E-1,3.16493E-1,3.27423E-1,9.69063E-2,1.38757E-1,1.63567E-1,1.34140E-1,1.40604E-1,1.34526E-1,4.66597E-1,2.15613E-1,4.29891E-1,4.39852E-1,1.58874E-1,3.97610E-1,2.41475E-1,2.29647E-1,4.77246E-1,3.50895E-1,3.56674E-1,4.87601E-1,3.63424E-1,3.04830E-1,4.21954E-1,3.15672E-1,2.56337E-1,4.03168E-1,5.74912E-1,5.38065E-1,4.88373E-1,6.49805E-1,5.97430E-1,4.38523E-1,4.19880E-1,4.19141E-1,3.89211E-1,5.10174E-1,2.99248E-1,1.55797E-1,1.24233E-1,3.43949E-1,3.91428E-1,4.73356E-1,2.05413E-1,3.67168E-1,5.57554E-1,3.63127E-1
8.95586E+2,NaN,NaN,NaN,NaN,NaN,NaN,NaN,NaN,NaN,NaN,NaN,NaN,NaN,NaN,NaN,NaN,NaN,NaN,NaN,NaN,NaN,NaN,NaN,NaN,NaN,NaN,NaN,NaN,NaN,NaN,NaN,NaN,NaN,NaN,NaN,NaN,NaN,NaN,NaN,NaN,NaN,NaN,NaN,NaN,NaN,NaN,NaN,NaN,NaN,NaN,NaN,NaN,NaN,NaN,NaN,1.64987E-2,-7.58308E-2,-1.68160E-1,-1.70843E-1,-6.41427E-2,4.25574E-2,1.31820E-1,2.09130E-1,2.86439E-1,2.34540E-1,1.36326E-1,3.81131E-2,-6.80580E-3,-4.43879E-2,-8.17815E-2,-1.10732E-1,-1.39683E-1,-1.55367E-1,-1.03768E-1,-5.21698E-2,-2.27246E-2,-4.31541E-2,-6.35835E-2,-1.21973E-1,-2.26678E-1,-3.31384E-1,-3.04273E-1,-1.86796E-1,-6.93198E-2,7.86199E-2,1.01418E-1,3.18164E-2,2.11480E-2,-1.17565E-2,1.15420E-1,5.20130E-1,3.38568E-1,-1.04892E-1,1.18963E-1,2.45870E-1,2.21987E-1,1.93680E-1,-7.33720E-4,-1.15093E-1,3.53740E-1,9.09172E-2,5.43730E-1,4.62483E-1,1.51347E-1,5.69359E-1,1.72874E-1,7.34050E-1,6.83801E-1,6.13157E-1,4.50994E-1,2.64783E-1,8.64987E-1,8.08920E-1,6.75802E-1,6.38841E-1,4.70025E-1,7.64963E-1,9.00014E-1,9.06767E-1,1.06967E+0,1.25026E+0,1.01617E+0,7.67903E-1,7.92078E-1,7.50913E-1,4.71274E-1,9.73210E-1,4.24004E-1,3.10043E-1,5.08595E-1,7.39307E-1,6.25134E-1,6.59568E-1,5.73592E-1,6.35574E-1,6.91660E-1,5.94757E-1
8.98995E+2,NaN,NaN,NaN,NaN,NaN,NaN,NaN,NaN,NaN,NaN,NaN,NaN,NaN,NaN,NaN,NaN,NaN,NaN,NaN,NaN,NaN,NaN,NaN,NaN,NaN,NaN,NaN,NaN,NaN,NaN,NaN,NaN,NaN,NaN,NaN,NaN,NaN,NaN,NaN,NaN,NaN,NaN,NaN,NaN,NaN,NaN,NaN,NaN,NaN,NaN,NaN,NaN,NaN,NaN,-3.60938E-2,-2.74446E-2,-1.87955E-2,-1.04931E-2,-2.83149E-3,4.83008E-3,1.06769E-2,1.46645E-2,1.86520E-2,1.96634E-2,1.89771E-2,1.82908E-2,1.85087E-2,1.89821E-2,1.94555E-2,8.23862E-3,-3.96034E-3,-1.55979E-2,-1.92065E-2,-2.28152E-2,-2.67693E-2,-3.20374E-2,-3.73054E-2,-3.48539E-2,-1.81334E-2,-1.41288E-3,-3.69976E-3,-2.54613E-2,-4.72227E-2,-5.74101E-2,-1.71235E-2,-2.56744E-2,-2.32155E-2,-3.38909E-2,-4.60608E-2,-8.06860E-2,-6.51155E-2,-4.19929E-2,-3.78570E-2,-5.56985E-2,-3.58315E-2,-3.55704E-2,-3.23776E-2,-3.49179E-2,-7.23902E-3,1.65343E-2,-3.54101E-2,8.14644E-3,-7.79424E-2,-6.81186E-2,-5.36183E-2,-1.77220E-2,-7.28753E-2,-2.35044E-2,-8.61322E-2,-1.84657E-2,-2.32314E-2,-1.17966E-1,6.95300E-3,-5.15084E-2,-7.11237E-2,-4.72236E-3,-4.99986E-2,-4.51883E-2,-8.41028E-2,-6.14594E-2,-9.80873E-2,-1.01399E-1,-6.54080E-2,-3.96088E-2,-5.21032E-2,-5.34184E-2,-4.43986E-2,-3.30833E-2,-1.66733E-2,4.85397E-4,-3.24819E-2,-3.57824E-2,-2.08841E-2,-5.38485E-2,-3.76839E-2,-3.48343E-2,-4.52272E-2
9.02404E+2,NaN,NaN,NaN,NaN,NaN,NaN,NaN,NaN,NaN,NaN,NaN,NaN,NaN,NaN,NaN,NaN,NaN,NaN,NaN,NaN,NaN,NaN,NaN,NaN,NaN,NaN,NaN,NaN,NaN,NaN,NaN,NaN,NaN,NaN,NaN,NaN,NaN,NaN,NaN,NaN,NaN,NaN,NaN,NaN,NaN,NaN,NaN,NaN,NaN,NaN,NaN,NaN,NaN,1.02404E-3,-7.64059E-3,-1.63052E-2,-2.30329E-2,-2.35946E-2,-2.41563E-2,2.08258E-2,1.39520E-1,2.58214E-1,2.55998E-1,1.44281E-1,3.25635E-2,-1.75068E-2,-3.68851E-2,-5.62634E-2,-1.00964E-1,-1.51587E-1,-2.02209E-1,-2.27333E-1,-2.51209E-1,-2.63426E-1,-1.66096E-1,-6.87659E-2,-2.19476E-3,-3.35395E-2,-6.48842E-2,-1.02686E-1,-1.50939E-1,-1.99191E-1,-2.94768E-1,-1.95133E-1,1.44406E-2,6.52476E-3,-7.25349E-2,1.33063E-1,3.56549E-1,3.28297E-1,2.01926E-1,1.12502E-1,2.01742E-1,1.56365E-1,-6.25672E-2,-2.02757E-2,1.79810E-1,5.98545E-2,1.74124E-1,1.57704E-1,2.29573E-1,3.87834E-1,9.91847E-2,4.95631E-1,3.83582E-1,3.33024E-1,8.16367E-1,5.37071E-1,6.09932E-1,6.71806E-1,7.27415E-1,4.69792E-1,6.28563E-1,5.18044E-1,4.52565E-1,4.67618E-1,9.08927E-1,9.28630E-1,8.48867E-1,6.50955E-1,1.13952E+0,1.15763E+0,9.31222E-1,7.38023E-1,6.57599E-1,4.88340E-1,4.69601E-1,3.10399E-1,3.46190E-1,4.73866E-1,7.38810E-1,3.70665E-1,6.29399E-1,5.91517E-1,5.74176E-1,7.53162E-1,5.78456E-1
9.05814E+2,NaN,NaN,NaN,NaN,NaN,NaN,NaN,NaN,NaN,NaN,NaN,NaN,NaN,NaN,NaN,NaN,NaN,NaN,NaN,NaN,NaN,NaN,NaN,NaN,NaN,NaN,NaN,NaN,NaN,NaN,NaN,NaN,NaN,NaN,NaN,NaN,NaN,NaN,NaN,NaN,NaN,NaN,NaN,NaN,NaN,NaN,NaN,NaN,NaN,NaN,NaN,NaN,NaN,2.09709E-2,-2.57617E-2,-6.52731E-2,-4.89841E-2,-3.26951E-2,-1.43580E-2,9.88673E-3,3.41315E-2,4.27142E-2,2.78329E-2,1.29516E-2,1.71067E-2,3.72731E-2,5.74395E-2,2.51122E-2,-3.12414E-2,-8.75951E-2,-9.83574E-2,-9.97069E-2,-1.01056E-1,-6.67842E-2,-3.14756E-2,-2.15917E-3,-1.91455E-2,-3.61318E-2,-4.77756E-2,-4.40093E-2,-4.02430E-2,-2.64858E-2,-9.17681E-3,-7.82225E-3,1.35661E-2,2.15824E-2,8.21011E-3,6.40648E-2,8.47432E-2,2.29001E-2,-2.31980E-2,2.29987E-2,6.34313E-2,6.91417E-3,-1.96677E-2,1.52194E-2,5.47357E-2,1.92590E-2,6.62973E-2,1.25946E-2,1.33932E-2,1.10729E-1,1.29472E-1,7.18676E-2,-8.34822E-3,1.12813E-1,2.10981E-1,9.58945E-2,1.22261E-1,1.36028E-1,1.86270E-1,8.72783E-2,1.47051E-1,1.47853E-1,8.74507E-2,9.60354E-2,1.24465E-1,1.25245E-1,2.07866E-1,1.91732E-1,1.97592E-1,1.65776E-1,1.82841E-1,1.84984E-1,1.29961E-1,5.13047E-2,8.60522E-2,1.12004E-1,3.68101E-2,7.83073E-2,1.21504E-1,6.89964E-2,9.56416E-2,1.04824E-1,8.82504E-2,2.04204E-1,1.63297E-1
9.09225E+2,NaN,NaN,NaN,NaN,NaN,NaN,NaN,NaN,NaN,NaN,NaN,NaN,NaN,NaN,NaN,NaN,NaN,NaN,NaN,NaN,NaN,NaN,NaN,NaN,NaN,NaN,NaN,NaN,NaN,NaN,NaN,NaN,NaN,NaN,NaN,NaN,NaN,NaN,NaN,NaN,NaN,NaN,NaN,NaN,NaN,NaN,NaN,NaN,NaN,NaN,NaN,NaN,7.84130E-3,2.14289E-3,-3.55552E-3,-1.10175E-2,-1.85193E-2,-2.51493E-2,-2.54345E-2,-2.57197E-2,-2.40523E-2,-1.69316E-2,-9.81082E-3,-3.61547E-3,1.22878E-3,6.07304E-3,1.42548E-2,2.51743E-2,3.60938E-2,3.49947E-2,2.85519E-2,2.21091E-2,8.56835E-3,-6.37413E-3,-2.13166E-2,8.20112E-3,3.87220E-2,6.33690E-2,4.52625E-2,2.71559E-2,2.00812E-2,3.51725E-2,1.28815E-2,-1.26333E-2,3.93234E-2,2.58238E-2,-8.37192E-3,1.83585E-3,-3.70650E-2,6.57252E-2,3.18290E-2,3.73560E-2,2.07362E-2,4.19098E-2,1.39485E-2,1.59860E-2,2.37347E-3,4.40231E-2,3.46523E-2,-1.23860E-2,1.29334E-2,7.03655E-3,-1.92238E-2,-9.47044E-3,5.49487E-2,-5.91365E-2,-2.48929E-2,-1.57989E-2,6.09173E-3,1.65335E-2,-4.11360E-2,-3.98492E-2,-2.07727E-2,-3.26961E-2,8.54436E-5,-1.53464E-2,-1.86955E-2,-8.10210E-3,3.81473E-2,1.07966E-2,-1.29015E-2,-3.83718E-2,-2.18080E-2,-8.27083E-2,-4.47060E-2,-7.88668E-3,-4.99130E-2,-2.32052E-2,-8.68517E-4,-1.63388E-2,-5.17018E-3,1.61169E-3,5.22239E-3,-1.26986E-2,-3.39734E-2,-3.51334E-2,-6.91644E-2
9.12636E+2,NaN,NaN,NaN,NaN,NaN,NaN,NaN,NaN,NaN,NaN,NaN,NaN,NaN,NaN,NaN,NaN,NaN,NaN,NaN,NaN,NaN,NaN,NaN,NaN,NaN,NaN,NaN,NaN,NaN,NaN,NaN,NaN,NaN,NaN,NaN,NaN,NaN,NaN,NaN,NaN,NaN,NaN,NaN,NaN,NaN,NaN,NaN,NaN,NaN,NaN,NaN,3.25309E-1,5.35126E-1,7.44943E-1,7.77440E-1,7.73447E-1,7.69454E-1,2.46998E-2,-7.41244E-1,-1.40312E+0,-1.26451E+0,-1.12590E+0,-8.74843E-1,-3.00249E-1,2.74345E-1,5.44799E-1,3.60491E-1,1.76183E-1,1.48146E-1,2.51300E-1,3.54455E-1,2.92661E-1,1.55533E-1,1.84050E-2,7.20409E-2,1.64934E-1,2.57826E-1,3.53665E-1,4.49588E-1,4.38341E-1,-1.78575E-1,5.93660E-1,-7.04488E-1,-5.45482E-1,-3.23177E-1,-2.18114E+0,-2.00819E+0,-2.11282E+0,-3.72679E-1,1.40633E-1,1.37490E-1,-7.84369E-1,4.14791E-3,1.99823E-1,-2.35749E+0,-3.06484E+0,-1.98959E+0,-1.08076E+0,-1.58985E+0,-1.67110E+0,-3.61192E+0,-3.54333E+0,-2.62443E+0,-1.77404E+0,-2.29328E+0,-4.60201E+0,-4.48177E+0,-3.54359E+0,-4.13108E+0,-2.26776E+0,-4.33028E+0,-4.00307E+0,-1.68784E+0,-1.70467E+0,-2.23915E+0,-5.24169E+0,-5.43107E+0,-5.87493E+0,-4.87706E+0,-5.69322E+0,-6.11183E+0,-6.05990E+0,-5.74263E+0,-4.94831E+0,-4.31501E+0,-3.69624E+0,-4.09002E+0,-3.55050E+0,-1.85419E+0,-2.38040E+0,-4.08290E+0,-2.52343E+0,-2.36917E+0,-1.15548E+0,-2.58080E+0,-5.46198E+0,-4.02868E+0
9.16047E+2,NaN,NaN,NaN,NaN,NaN,NaN,NaN,NaN,NaN,NaN,NaN,NaN,NaN,NaN,NaN,NaN,NaN,NaN,NaN,NaN,NaN,NaN,NaN,NaN,NaN,NaN,NaN,NaN,NaN,NaN,NaN,NaN,NaN,NaN,NaN,NaN,NaN,NaN,NaN,NaN,NaN,NaN,NaN,NaN,NaN,NaN,NaN,NaN,NaN,NaN,-3.93628E-2,4.70440E-2,1.33451E-1,1.17372E-1,5.05892E-2,-1.61938E-2,-1.36819E-1,-2.69922E-1,-4.03024E-1,-2.67286E-1,-1.18798E-1,1.98633E-2,6.76449E-2,1.15426E-1,1.55249E-1,1.69930E-1,1.84610E-1,1.91319E-1,1.85201E-1,1.79083E-1,1.62346E-1,1.36046E-1,1.09745E-1,1.18458E-1,1.44493E-1,1.70528E-1,1.48990E-1,1.16429E-1,8.38669E-2,7.81665E-2,-1.60267E-1,-2.95300E-2,-2.73235E-2,1.12564E-1,-1.94300E-1,-2.04741E-1,-3.63815E-1,-1.85188E-1,3.32181E-3,-3.14198E-1,-1.33077E-1,1.21361E-1,1.48837E-1,-3.96075E-1,-3.43026E-1,1.36992E-2,-2.04843E-1,-5.12576E-2,-2.69802E-1,2.31276E-2,-2.69809E-1,-4.59729E-1,-5.17482E-1,-3.97456E-1,-1.27212E-1,-5.08705E-1,-2.77865E-1,-4.87943E-1,-6.82224E-1,-1.58060E-1,-4.99276E-1,-6.95339E-1,-5.60028E-1,-6.21110E-1,-4.70906E-1,-5.80080E-1,-7.91678E-1,-6.74922E-1,-7.22031E-1,-8.14015E-1,-8.74433E-1,-7.04942E-1,-6.60410E-1,-6.39303E-1,-6.29764E-1,-3.53357E-1,-4.60439E-1,-3.96628E-1,-3.43677E-1,-2.93762E-1,-6.28565E-1,-4.73552E-1,-5.45527E-1,-4.20175E-1,-5.06252E-1,-7.12454E-1,-5.70139E-1
9.19460E+2,NaN,NaN,NaN,NaN,NaN,NaN,NaN,NaN,NaN,NaN,NaN,NaN,NaN,NaN,NaN,NaN,NaN,NaN,NaN,NaN,NaN,NaN,NaN,NaN,NaN,NaN,NaN,NaN,NaN,NaN,NaN,NaN,NaN,NaN,NaN,NaN,NaN,NaN,NaN,NaN,NaN,NaN,NaN,NaN,NaN,NaN,NaN,NaN,NaN,3.89423E-2,2.92145E-2,1.94868E-2,1.38069E-2,1.22208E-2,1.06347E-2,4.76210E-3,-3.52119E-3,-1.18045E-2,-1.56994E-2,-1.83774E-2,-2.10553E-2,-7.84410E-3,6.64138E-3,1.83929E-2,-6.96719E-3,-3.23273E-2,-5.04537E-2,-4.16079E-2,-3.27620E-2,-2.40080E-2,-1.54214E-2,-6.83482E-3,5.57108E-4,6.74084E-3,1.29246E-2,1.05235E-2,3.29448E-3,-3.93459E-3,-3.88106E-2,-1.56891E-2,-1.23836E-4,-2.63533E-3,-1.57370E-2,-1.82330E-2,-3.04023E-2,2.04037E-2,-1.35765E-2,-1.60374E-2,-1.16856E-2,4.67096E-3,1.07787E-2,7.92799E-3,1.39073E-2,4.58699E-3,2.60479E-3,7.90550E-4,3.28314E-2,-2.96094E-2,1.27198E-2,-2.98314E-2,-3.24806E-2,-7.82441E-3,-2.78741E-2,-4.97650E-2,-2.07272E-2,-2.33078E-2,-1.74920E-2,3.32075E-3,-3.97029E-3,-2.65954E-2,2.22989E-2,-6.54600E-2,-2.90542E-3,1.83023E-2,-3.26069E-2,-3.44421E-2,-2.05618E-2,-1.63347E-2,-1.36708E-2,-4.19752E-2,-8.84937E-2,-1.41080E-2,-2.35642E-2,-3.28488E-2,8.23043E-3,1.60897E-2,-2.11179E-2,-1.36114E-3,1.20987E-2,-1.52556E-2,-1.39829E-2,8.18760E-3,-4.21243E-3,2.02759E-2,-4.07867E-2,-4.84317E-2,-1.67950E-2
9.22873E+2,NaN,NaN,NaN,NaN,NaN,NaN,NaN,NaN,NaN,NaN,NaN,NaN,NaN,NaN,NaN,NaN,NaN,NaN,NaN,NaN,NaN,NaN,NaN,NaN,NaN,NaN,NaN,NaN,NaN,NaN,NaN,NaN,NaN,NaN,NaN,NaN,NaN,NaN,NaN,NaN,NaN,NaN,NaN,NaN,NaN,NaN,NaN,NaN,-8.18003E-3,-1.66120E-3,4.85763E-3,9.71783E-3,1.09558E-2,1.21937E-2,6.89816E-3,-6.16235E-3,-1.92229E-2,-1.50706E-2,5.66517E-4,1.62036E-2,8.64307E-3,-6.95597E-3,-2.25550E-2,-1.19422E-2,2.05951E-3,1.51464E-2,-3.09789E-3,-2.13422E-2,-3.68972E-2,-3.94349E-2,-4.19726E-2,-4.20522E-2,-3.67637E-2,-3.14751E-2,-1.70842E-2,8.12440E-3,3.33330E-2,6.88416E-3,1.09385E-2,3.06353E-2,-2.25725E-2,-5.16529E-2,-5.28071E-2,-5.93032E-2,-3.02990E-2,-1.69828E-2,2.30788E-3,6.38994E-3,2.62754E-2,6.34720E-3,-6.47028E-3,-1.64983E-2,-3.31019E-2,-1.04217E-4,2.88779E-2,-6.16967E-3,-9.78197E-3,-6.22764E-2,-4.63117E-2,-2.09132E-2,-4.08794E-3,-3.91552E-2,-3.10307E-2,-4.26568E-2,2.82828E-3,-3.45724E-2,-7.96578E-2,-2.59585E-2,-3.79517E-2,-3.70177E-2,-6.88597E-2,-2.87456E-2,-1.31634E-2,-1.51474E-2,-3.78947E-2,-6.71605E-2,-1.85761E-2,-6.13722E-2,-2.97320E-2,-6.31095E-2,-1.14275E-1,-5.45983E-2,-7.25414E-2,-5.04399E-2,-1.58827E-2,1.71306E-2,-3.13502E-2,-1.93651E-2,-6.23640E-2,-3.83468E-3,3.29249E-2,-6.62376E-3,-3.07475E-2,-7.60623E-2,-2.44424E-2,-1.03036E-1,-3.39414E-2
9.26286E+2,NaN,NaN,NaN,NaN,NaN,NaN,NaN,NaN,NaN,NaN,NaN,NaN,NaN,NaN,NaN,NaN,NaN,NaN,NaN,NaN,NaN,NaN,NaN,NaN,NaN,NaN,NaN,NaN,NaN,NaN,NaN,NaN,NaN,NaN,NaN,NaN,NaN,NaN,NaN,NaN,NaN,NaN,NaN,NaN,NaN,NaN,NaN,NaN,-3.99308E-2,5.85217E-1,1.07025E+0,5.26900E-1,-1.64478E-2,-4.32865E-1,-4.93169E-1,-5.53472E-1,-5.39914E-1,-4.18124E-1,-2.96334E-1,-3.17767E-1,-4.57101E-1,-5.96435E-1,-1.45364E-1,5.69299E-1,1.28396E+0,4.95825E-1,-5.91001E-1,-1.67783E+0,-1.08464E+0,-4.51998E-1,1.52167E-1,5.47348E-1,9.42529E-1,1.19965E+0,1.06942E+0,9.39188E-1,2.13243E-1,1.11000E-1,1.13267E+0,5.40071E-1,3.04980E-1,-1.79085E-2,-1.15468E+0,-1.52665E+0,-5.65295E-1,6.66766E-1,6.63479E-1,7.63018E-1,9.15029E-1,1.49673E-1,-1.26919E+0,-1.57924E+0,1.12751E-2,1.00085E-1,-1.62256E+0,-1.29494E+0,2.26261E-1,-2.54063E+0,-3.61409E-1,-1.95659E+0,-3.61321E+0,-9.71944E-1,-2.17800E+0,-5.55597E-1,-1.38260E+0,-4.13877E+0,-2.28414E+0,-3.73648E+0,-2.90925E+0,-4.26912E+0,-4.08828E+0,-4.93053E+0,-4.21403E+0,-2.65717E+0,-3.41222E+0,-4.41039E+0,-4.63880E+0,-4.99771E+0,-3.98528E+0,-4.42860E+0,-7.39587E+0,-6.02350E+0,-4.35609E+0,-5.02147E+0,-4.78105E+0,-1.28189E+0,-2.56766E+0,-1.96193E+0,-1.77114E+0,-2.48727E+0,-3.93256E+0,-1.25519E+0,-2.95634E+0,-2.39002E+0,-3.38732E+0,-6.35719E+0,-3.83321E+0
9.29700E+2,NaN,NaN,NaN,NaN,NaN,NaN,NaN,NaN,NaN,NaN,NaN,NaN,NaN,NaN,NaN,NaN,NaN,NaN,NaN,NaN,NaN,NaN,NaN,NaN,NaN,NaN,NaN,NaN,NaN,NaN,NaN,NaN,NaN,NaN,NaN,NaN,NaN,NaN,NaN,NaN,NaN,NaN,NaN,NaN,NaN,NaN,NaN,-1.78491E-1,6.98800E-1,1.57609E+0,1.41020E+0,1.14725E+0,9.20296E-1,1.28056E+0,1.64082E+0,1.84796E+0,1.44490E+0,1.04183E+0,3.94573E-1,-7.19462E-1,-1.83350E+0,-2.33580E+0,-2.19194E+0,-2.04807E+0,-1.62040E+0,-1.02545E+0,-4.30500E-1,-3.77237E-2,2.95354E-1,6.28431E-1,4.73688E-1,2.73561E-1,6.74030E-2,-2.37182E-1,-5.41767E-1,-8.32907E-1,-1.14678E+0,-1.30297E+0,1.25338E-1,2.99205E-1,8.45584E-2,1.93167E+0,2.74127E+0,1.36036E+0,1.66687E-1,-2.24858E-1,4.32257E-1,-1.13942E-1,-4.46647E-2,8.54607E-1,2.87902E+0,3.69628E+0,6.18173E-1,1.54203E+0,1.23782E+0,1.57584E+0,-1.03959E+0,3.35823E+0,2.68104E+0,2.01269E+0,3.12108E+0,2.96035E+0,3.28874E+0,1.10185E+0,2.76300E+0,4.21427E+0,4.81529E+0,3.52260E+0,3.21138E+0,4.55229E+0,4.66189E+0,4.74137E+0,5.65064E+0,3.11254E+0,4.70311E+0,5.11278E+0,7.37132E+0,4.99744E+0,5.35827E+0,6.23908E+0,7.40750E+0,6.45788E+0,6.26986E+0,3.44793E+0,4.51876E+0,2.69871E+0,3.28555E+0,2.18753E+0,3.02447E+0,4.29870E+0,4.40976E+0,1.41150E+0,2.19737E+0,2.13280E+0,4.66154E+0,5.14098E+0,5.47704E+0
9.33114E+2,NaN,NaN,NaN,NaN,NaN,NaN,NaN,NaN,NaN,NaN,NaN,NaN,NaN,NaN,NaN,NaN,NaN,NaN,NaN,NaN,NaN,NaN,NaN,NaN,NaN,NaN,NaN,NaN,NaN,NaN,NaN,NaN,NaN,NaN,NaN,NaN,NaN,NaN,NaN,NaN,NaN,NaN,NaN,NaN,NaN,NaN,1.18668E-1,8.80524E-2,5.74366E-2,1.99336E-2,-2.05322E-2,-6.09981E-2,-1.98139E-2,3.66848E-2,9.31835E-2,8.48591E-2,7.55420E-2,5.95358E-2,-2.13293E-3,-6.38016E-2,-1.14505E-1,-1.35655E-1,-1.56805E-1,-1.58447E-1,-1.32417E-1,-1.06388E-1,-9.96959E-2,-1.08424E-1,-1.17152E-1,-9.93379E-2,-7.01047E-2,-4.08716E-2,-2.40840E-3,3.77860E-2,7.79803E-2,1.42662E-1,7.14255E-2,-9.64493E-2,-2.04655E-1,-1.14764E-2,9.48568E-2,3.75970E-1,7.75709E-2,-7.30976E-2,2.36941E-3,9.99595E-2,3.92170E-3,-5.46215E-2,-5.28531E-2,2.27543E-1,2.94829E-1,6.24506E-2,-9.80544E-2,2.30995E-1,-3.66296E-2,1.49402E-1,-1.10944E-1,8.32284E-2,6.09029E-2,2.26281E-1,1.78131E-1,1.05709E-1,9.01586E-2,1.97502E-1,5.12761E-1,3.56869E-1,6.73249E-1,2.40562E-1,2.54814E-1,3.58264E-1,3.62149E-1,2.86162E-1,2.24830E-1,5.41488E-2,3.25844E-1,5.65200E-1,5.05268E-1,4.89543E-1,5.60570E-1,4.39865E-1,7.24647E-1,5.35638E-1,3.32318E-1,4.30799E-1,2.93692E-1,2.72023E-1,2.15816E-1,3.50888E-2,5.00822E-2,2.15447E-1,4.17718E-1,1.14705E-1,2.53492E-1,2.01069E-1,3.29272E-1,4.76790E-1,3.84054E-1
9.36530E+2,NaN,NaN,NaN,NaN,NaN,NaN,NaN,NaN,NaN,NaN,NaN,NaN,NaN,NaN,NaN,NaN,NaN,NaN,NaN,NaN,NaN,NaN,NaN,NaN,NaN,NaN,NaN,NaN,NaN,NaN,NaN,NaN,NaN,NaN,NaN,NaN,NaN,NaN,NaN,NaN,NaN,NaN,NaN,NaN,NaN,-2.52087E-1,-5.92984E-3,2.40227E-1,2.94367E-1,1.34622E-1,-2.51225E-2,-1.63254E-1,-2.87908E-1,-4.12562E-1,-3.93258E-1,-3.28187E-1,-2.63117E-1,-7.94140E-2,1.17232E-1,3.07293E-1,3.55943E-1,4.04594E-1,4.13382E-1,2.49260E-1,8.51382E-2,-3.59207E-2,-6.96300E-2,-1.03339E-1,9.64330E-2,5.56277E-1,1.01612E+0,1.04654E+0,8.09184E-1,5.71825E-1,7.21183E-1,3.60743E-1,3.04202E-1,7.29462E-1,5.28887E-1,1.70228E-3,-6.95009E-1,-3.72345E-1,3.04080E-2,6.34494E-1,3.39763E-1,-5.70209E-2,-9.20731E-2,2.11477E-1,-7.78854E-1,-6.21508E-1,1.97378E-1,-2.08106E-1,-2.86879E-1,2.71069E-1,-3.29457E-1,-8.10846E-1,-6.54630E-1,-1.32264E-1,-3.97696E-1,-5.34487E-1,-1.05398E+0,-7.36930E-1,-1.01045E+0,2.58378E-1,-2.01415E+0,-8.38901E-1,-1.54026E+0,-1.34186E+0,-7.68532E-1,-8.73450E-1,-1.65955E+0,-1.19749E+0,-1.40093E+0,-1.50561E+0,-1.39524E+0,-1.53589E+0,-2.05617E+0,-2.16294E+0,-2.14432E+0,-1.82684E+0,-2.48908E+0,-2.54571E+0,-2.25196E+0,-1.40861E+0,-1.36572E+0,-1.01898E+0,-8.91412E-1,-6.03323E-1,-1.91057E-1,-7.76840E-1,-1.39789E+0,-6.42014E-1,-1.07426E+0,-7.43988E-1,-1.56305E+0,-2.56423E+0,-2.22688E+0
9.39945E+2,NaN,NaN,NaN,NaN,NaN,NaN,NaN,NaN,NaN,NaN,NaN,NaN,NaN,NaN,NaN,NaN,NaN,NaN,NaN,NaN,NaN,NaN,NaN,NaN,NaN,NaN,NaN,NaN,NaN,NaN,NaN,NaN,NaN,NaN,NaN,NaN,NaN,NaN,NaN,NaN,NaN,NaN,NaN,NaN,3.95903E-2,1.89231E-2,-1.74402E-3,-2.28702E-2,-4.54770E-2,-6.80839E-2,-6.35445E-2,-1.46228E-2,3.42990E-2,5.26693E-2,4.31052E-2,3.35411E-2,2.96781E-2,2.86839E-2,2.76898E-2,3.48656E-3,-2.62286E-2,-5.59437E-2,-3.52204E-2,-1.18951E-2,8.20724E-3,-2.82638E-3,-1.38600E-2,-2.47602E-2,-3.52302E-2,-4.57002E-2,-5.03202E-2,-4.53760E-2,-4.04317E-2,-4.20656E-3,5.36201E-3,-4.65199E-2,-5.57777E-2,-2.69625E-2,4.54008E-2,8.14331E-2,5.82577E-2,1.05324E-2,-4.20566E-3,1.74405E-2,-7.96602E-3,-4.00722E-2,-1.27341E-2,2.75707E-2,6.37878E-2,4.61004E-2,3.22840E-2,4.11491E-2,1.59582E-2,5.84562E-2,8.75530E-2,2.06381E-3,3.73042E-2,-4.90248E-2,6.73374E-2,6.85205E-2,4.54650E-2,7.25268E-2,4.31330E-2,9.39256E-2,1.76973E-1,1.09824E-1,1.00832E-1,1.54115E-1,9.86359E-2,8.84170E-2,1.55849E-1,1.40394E-1,9.57546E-2,1.02497E-1,1.75930E-1,1.65713E-1,2.17393E-1,2.01746E-1,2.22696E-1,1.57209E-1,2.69779E-1,2.67838E-1,1.71824E-1,1.50371E-1,1.65034E-1,1.03204E-1,1.26575E-1,7.29517E-2,5.97976E-2,1.01634E-1,1.12264E-1,8.09781E-2,9.63241E-2,4.57342E-2,8.27801E-2,1.78108E-1,5.45073E-2
9.43362E+2,NaN,NaN,NaN,NaN,NaN,NaN,NaN,NaN,NaN,NaN,NaN,NaN,NaN,NaN,NaN,NaN,NaN,NaN,NaN,NaN,NaN,NaN,NaN,NaN,NaN,NaN,NaN,NaN,NaN,NaN,NaN,NaN,NaN,NaN,NaN,NaN,NaN,NaN,NaN,NaN,NaN,NaN,NaN,NaN,7.51385E-2,-1.81560E-2,-1.11451E-1,-4.13035E-2,3.04645E-2,8.93666E-2,6.44260E-2,3.94853E-2,1.74794E-2,3.17577E-3,-1.11279E-2,-2.68518E-2,-4.45472E-2,-6.22426E-2,-6.93103E-2,-6.80821E-2,-6.68539E-2,-7.64244E-2,-9.05252E-2,-1.04626E-1,-4.45322E-2,2.89305E-2,1.02393E-1,4.91064E-2,-5.43738E-3,-4.77638E-2,-1.04730E-2,2.68177E-2,9.72730E-3,-6.10979E-2,4.98390E-2,1.00409E-2,-2.41716E-2,8.13531E-2,1.93154E-1,1.54525E-1,9.87348E-2,6.38319E-2,1.01906E-1,1.33411E-1,7.85121E-2,5.49196E-3,5.21196E-2,2.20915E-1,1.10278E-1,2.16470E-2,1.24778E-1,1.09735E-1,1.29275E-1,1.78667E-1,1.24095E-1,9.89098E-2,2.50480E-1,9.63400E-2,1.56025E-1,3.33237E-1,1.56425E-1,2.34842E-1,8.36908E-2,2.29438E-1,4.17284E-1,1.45398E-1,3.58920E-1,1.31068E-1,1.57942E-1,2.87090E-1,3.18630E-1,2.59587E-1,2.31101E-1,2.55739E-1,3.50258E-1,3.36071E-1,3.71805E-1,4.55937E-1,2.66038E-1,3.24349E-1,6.02511E-1,4.09764E-1,2.85343E-1,2.89760E-1,2.74038E-1,2.81692E-1,2.49717E-1,1.32162E-1,1.12470E-1,2.31131E-1,2.71201E-1,2.17055E-1,2.58191E-1,2.37551E-1,2.23618E-1,4.38984E-1,1.64660E-1
9.46779E+2,NaN,NaN,NaN,NaN,NaN,NaN,NaN,NaN,NaN,NaN,NaN,NaN,NaN,NaN,NaN,NaN,NaN,NaN,NaN,NaN,NaN,NaN,NaN,NaN,NaN,NaN,NaN,NaN,NaN,NaN,NaN,NaN,NaN,NaN,NaN,NaN,NaN,NaN,NaN,NaN,NaN,NaN,NaN,3.01819E-2,-7.98851E-3,-4.61589E-2,-4.95823E-2,-4.04013E-2,-3.12203E-2,6.90243E-3,4.90968E-2,8.96282E-2,4.66540E-2,3.67972E-3,-3.27678E-2,-3.55487E-2,-3.83296E-2,-3.42746E-2,-1.46603E-2,4.95404E-3,-1.74497E-3,-4.08531E-2,-7.99613E-2,-9.24520E-2,-8.65188E-2,-8.05856E-2,-5.55906E-2,-2.36809E-2,8.22870E-3,-1.49844E-2,-4.59523E-2,-7.58177E-2,-5.01053E-2,-1.62016E-2,-1.07280E-1,-9.53139E-2,-8.20676E-3,4.94185E-3,8.59921E-2,-2.10576E-2,5.11690E-2,-1.97773E-2,9.01172E-3,2.03877E-3,-3.08185E-2,-1.02505E-1,6.21595E-3,8.27798E-2,-5.69082E-2,1.18682E-1,9.73525E-2,-3.74313E-2,9.93816E-2,9.22982E-2,-3.00135E-3,-5.87307E-2,-5.78190E-3,2.96574E-2,1.43526E-1,1.29460E-1,6.03968E-2,1.38059E-1,1.80176E-2,1.43247E-1,1.70674E-1,9.60486E-2,2.11082E-1,1.38404E-1,1.98171E-1,1.03306E-1,1.23382E-1,1.32042E-1,1.29281E-1,1.85792E-1,8.99148E-2,1.08314E-1,1.84746E-1,1.61054E-1,2.09222E-1,1.70748E-1,2.51418E-1,1.81513E-1,1.86051E-1,2.04311E-1,1.63505E-1,8.26752E-2,1.24341E-1,8.73326E-2,-4.78083E-2,1.00980E-1,9.55559E-2,5.32850E-2,6.03480E-2,1.05251E-1,7.29263E-2,2.17129E-1,9.27788E-2
9.50196E+2,NaN,NaN,NaN,NaN,NaN,NaN,NaN,NaN,NaN,NaN,NaN,NaN,NaN,NaN,NaN,NaN,NaN,NaN,NaN,NaN,NaN,NaN,NaN,NaN,NaN,NaN,NaN,NaN,NaN,NaN,NaN,NaN,NaN,NaN,NaN,NaN,NaN,NaN,NaN,NaN,NaN,NaN,1.43358E-1,6.46170E-2,-1.41237E-2,-5.21608E-2,-4.38780E-2,-3.55952E-2,-3.88144E-2,-4.93691E-2,-5.99239E-2,-7.53832E-2,-9.24475E-2,-1.09512E-1,-4.38142E-2,3.14586E-2,1.02217E-1,6.22146E-2,2.22118E-2,-1.30307E-3,4.92793E-2,9.98617E-2,1.25387E-1,9.88393E-2,7.22919E-2,3.86277E-2,-3.13522E-3,-4.48982E-2,-7.76917E-2,-1.04765E-1,-1.31838E-1,-2.09654E-2,5.84322E-2,1.82288E-2,3.69720E-2,1.68917E-2,1.23600E-1,1.70544E-1,1.32408E-1,2.51357E-2,2.22660E-2,3.41936E-2,5.26755E-2,7.84170E-2,2.23207E-1,8.38524E-2,1.63151E-1,6.51783E-2,1.04197E-1,1.94335E-1,1.10753E-1,9.62315E-2,9.13437E-2,8.73101E-2,9.32774E-2,1.01064E-1,1.01125E-1,1.00111E-1,1.82070E-1,6.26350E-2,1.41315E-1,1.35378E-1,1.45216E-1,2.49759E-1,2.91585E-1,2.04167E-1,2.39978E-1,1.61127E-1,3.25029E-1,2.72740E-1,2.51009E-1,3.20089E-1,1.84362E-1,3.70145E-1,1.56276E-1,2.38028E-1,2.46741E-1,4.20779E-1,4.05461E-1,3.40369E-1,3.77618E-1,4.12443E-1,3.56862E-1,3.52446E-1,3.02779E-1,7.35684E-2,2.57317E-1,1.33172E-1,1.57976E-1,2.23439E-1,2.97285E-1,1.95393E-1,2.60821E-1,8.46355E-2,2.36989E-1,2.62320E-1,1.92752E-1
9.53614E+2,NaN,NaN,NaN,NaN,NaN,NaN,NaN,NaN,NaN,NaN,NaN,NaN,NaN,NaN,NaN,NaN,NaN,NaN,NaN,NaN,NaN,NaN,NaN,NaN,NaN,NaN,NaN,NaN,NaN,NaN,NaN,NaN,NaN,NaN,NaN,NaN,NaN,NaN,NaN,NaN,NaN,1.72291E-2,3.30859E-2,4.89427E-2,5.89016E-2,4.40584E-2,2.92152E-2,9.29135E-3,-2.07192E-2,-5.07298E-2,-6.25068E-2,-5.43584E-2,-4.62099E-2,-2.98029E-2,-8.34899E-3,1.31049E-2,1.16621E-2,3.12861E-3,-5.40492E-3,-5.48106E-3,-4.68385E-3,-3.17536E-3,1.20619E-2,2.72991E-2,3.69879E-2,2.33449E-2,9.70177E-3,1.74989E-2,6.78620E-2,1.18225E-1,6.59242E-2,-3.92414E-3,1.77880E-2,3.73621E-3,-1.27858E-2,-4.11395E-2,-7.25303E-2,-6.32711E-2,-1.95610E-2,-7.64751E-3,-4.29550E-2,-1.46984E-2,4.05614E-2,3.36001E-2,-4.05806E-3,-5.38265E-2,-5.08006E-2,-1.16874E-2,-3.62269E-2,-6.54351E-2,-7.74716E-2,-3.97274E-2,-1.67857E-3,-1.11413E-3,-1.22974E-2,-3.56197E-2,-6.40738E-2,2.71951E-2,-7.92133E-2,-1.06713E-1,-1.82609E-1,-1.20044E-1,-4.96670E-2,-4.76333E-2,-8.43581E-2,-1.71601E-1,-7.87307E-2,-1.76640E-2,-1.31416E-1,-1.59643E-1,-1.67492E-1,-1.71168E-1,-1.04541E-1,-1.82653E-1,-1.57502E-1,-1.41221E-1,-1.93603E-1,-1.10023E-1,-1.73943E-1,-1.22864E-1,-1.99739E-1,-2.80464E-1,-1.61364E-1,-2.40644E-1,-1.35178E-1,-6.13401E-2,-6.39303E-2,-2.08397E-1,2.22686E-2,-6.88178E-2,-1.91056E-1,-8.69228E-2,-8.61267E-2,-5.24870E-2,-9.82746E-2,-1.84017E-1,-1.12615E-1
9.57033E+2,NaN,NaN,NaN,NaN,NaN,NaN,NaN,NaN,NaN,NaN,NaN,NaN,NaN,NaN,NaN,NaN,NaN,NaN,NaN,NaN,NaN,NaN,NaN,NaN,NaN,NaN,NaN,NaN,NaN,NaN,NaN,NaN,NaN,NaN,NaN,NaN,NaN,NaN,NaN,NaN,NaN,2.57517E-2,-1.09257E-2,-4.76031E-2,-4.01882E-2,-2.82596E-2,-1.55868E-2,1.12299E-2,3.80466E-2,5.96375E-2,5.93566E-2,5.90757E-2,4.88513E-2,1.89508E-2,-1.09497E-2,-3.51412E-2,-5.31123E-2,-7.10834E-2,-6.00323E-2,-3.13004E-2,-2.56852E-3,5.46214E-3,7.10806E-3,8.75399E-3,7.54978E-3,6.05380E-3,4.51107E-3,2.07982E-3,-3.51434E-4,-8.75895E-6,-1.39873E-2,-9.84371E-2,-2.41551E-2,1.72448E-2,-3.84444E-2,4.01724E-2,1.04549E-1,1.85704E-3,-5.44706E-2,5.74744E-2,7.44875E-2,4.10050E-2,-8.04938E-2,2.87392E-3,1.02164E-1,7.53849E-2,3.86758E-2,3.58077E-2,1.23920E-3,9.77463E-2,8.32226E-2,1.66848E-2,-5.20526E-2,-8.01760E-2,3.89933E-2,8.43915E-2,8.63255E-2,2.30325E-2,7.21925E-2,1.32946E-1,1.02879E-1,1.78739E-1,5.15594E-2,1.99543E-1,1.35299E-1,1.07765E-1,2.38762E-1,8.43275E-2,1.64521E-1,1.83910E-1,1.22221E-1,1.73887E-1,1.43965E-1,1.89529E-1,2.06148E-1,1.11618E-1,2.48140E-1,2.32699E-1,2.22092E-1,1.53461E-1,3.11830E-1,2.60693E-1,1.62794E-1,2.08710E-1,9.14289E-2,3.35242E-2,1.90985E-1,5.91031E-3,3.26861E-2,3.65332E-2,1.34384E-1,7.40177E-2,1.54636E-1,9.03091E-2,7.08544E-2,2.80899E-1,1.80552E-1
9.60452E+2,NaN,NaN,NaN,NaN,NaN,NaN,NaN,NaN,NaN,NaN,NaN,NaN,NaN,NaN,NaN,NaN,NaN,NaN,NaN,NaN,NaN,NaN,NaN,NaN,NaN,NaN,NaN,NaN,NaN,NaN,NaN,NaN,NaN,NaN,NaN,NaN,NaN,NaN,NaN,NaN,2.82008E-1,1.18411E-1,-4.51865E-2,-1.02441E-1,-9.25483E-2,-8.26554E-2,-3.72389E-2,1.96543E-2,7.65475E-2,3.91760E-2,-8.82368E-3,-5.39653E-2,-3.31487E-2,-1.23320E-2,-8.70919E-3,-8.11402E-2,-1.53571E-1,-1.69987E-1,-7.12456E-2,2.74955E-2,8.92747E-2,1.09391E-1,1.29507E-1,7.98366E-2,-1.38981E-2,-1.07633E-1,-9.69792E-2,-5.26008E-2,-8.22236E-3,9.69024E-2,-3.72641E-2,2.55452E-1,2.53961E-1,7.95411E-2,2.39799E-1,4.45378E-1,4.35120E-1,1.97219E-1,2.93830E-1,1.38277E-1,1.31677E-2,6.37510E-2,1.83533E-1,3.67290E-1,4.35209E-1,2.44441E-1,2.72198E-1,3.15642E-1,1.90827E-1,4.33655E-1,1.65098E-1,8.75747E-2,-1.93749E-2,8.29068E-2,1.41519E-1,2.71709E-1,2.07026E-1,2.30118E-1,3.80873E-1,3.39081E-1,4.79981E-1,2.22160E-1,4.87994E-1,7.21494E-1,5.98823E-1,6.60335E-1,4.02279E-1,6.64965E-1,4.93560E-1,6.39540E-1,5.03083E-1,5.40812E-1,6.26424E-1,7.89311E-1,6.26259E-1,4.14325E-1,7.19980E-1,7.64136E-1,9.25985E-1,5.57153E-1,8.33924E-1,7.16853E-1,6.97189E-1,8.33121E-1,7.47630E-1,3.80905E-1,6.63561E-1,2.76294E-1,2.15850E-1,4.50708E-1,6.15186E-1,2.53696E-1,3.76848E-1,4.24263E-1,4.52210E-1,5.76949E-1,5.21302E-1
9.63872E+2,NaN,NaN,NaN,NaN,NaN,NaN,NaN,NaN,NaN,NaN,NaN,NaN,NaN,NaN,NaN,NaN,NaN,NaN,NaN,NaN,NaN,NaN,NaN,NaN,NaN,NaN,NaN,NaN,NaN,NaN,NaN,NaN,NaN,NaN,NaN,NaN,NaN,NaN,NaN,5.74534E-2,4.74795E-2,3.75056E-2,2.49648E-2,6.70410E-3,-1.15566E-2,-2.27629E-2,-2.54375E-2,-2.81121E-2,-2.86569E-2,-2.77548E-2,-2.68528E-2,-2.44614E-2,-2.15421E-2,-1.86228E-2,-1.08198E-2,-2.35820E-3,6.37909E-3,2.63102E-2,4.62414E-2,5.70268E-2,2.21590E-2,-1.27089E-2,-3.05956E-2,-1.06417E-2,9.31211E-3,2.85033E-2,4.67720E-2,6.50408E-2,9.41699E-3,-1.24573E-2,-8.94315E-3,1.33114E-2,-2.56159E-2,-3.10884E-2,-4.01997E-2,4.42032E-3,2.87985E-2,8.18691E-3,2.27033E-3,-8.28563E-3,-1.49742E-3,3.84549E-2,3.48690E-3,-5.74961E-2,-3.98843E-2,-2.50711E-2,-2.01081E-2,-8.95623E-3,5.37120E-3,-9.14010E-3,-1.80053E-2,1.37753E-2,4.61780E-2,1.49719E-2,-2.33380E-2,-5.38975E-2,-1.57721E-2,-3.61240E-2,-7.88537E-2,2.24298E-3,-4.35474E-2,1.19731E-2,-2.74181E-2,-3.61596E-2,-3.41547E-2,-2.13831E-2,-9.32400E-2,-8.27454E-2,1.03017E-2,-7.17226E-2,-5.99933E-2,-4.76627E-2,-1.13597E-1,-1.20090E-1,-7.71251E-2,-7.27311E-2,-7.62788E-2,-1.00048E-1,-2.25625E-2,-4.35254E-2,-7.15312E-2,-8.23072E-2,-1.42912E-1,-9.37310E-2,-8.70407E-2,-9.72377E-2,-5.50398E-2,-5.91098E-3,-3.92819E-3,3.96177E-3,-1.19278E-1,-2.09384E-2,-5.50513E-2,-2.41514E-2,-2.40969E-2,-2.53086E-2,-6.34869E-2
9.67293E+2,NaN,NaN,NaN,NaN,NaN,NaN,NaN,NaN,NaN,NaN,NaN,NaN,NaN,NaN,NaN,NaN,NaN,NaN,NaN,NaN,NaN,NaN,NaN,NaN,NaN,NaN,NaN,NaN,NaN,NaN,NaN,NaN,NaN,NaN,NaN,NaN,NaN,NaN,NaN,8.07319E-2,4.10415E-2,1.35109E-3,-1.54188E-2,-3.21351E-2,-3.90027E-2,1.43641E-2,6.77310E-2,8.89643E-2,2.89402E-2,-3.10840E-2,-6.63039E-2,-6.81357E-2,-6.99674E-2,-6.44533E-2,-5.33772E-2,-4.23011E-2,-7.19362E-4,5.32043E-2,1.07128E-1,9.03434E-2,6.15495E-2,3.27556E-2,7.99649E-3,-1.67533E-2,-3.88928E-2,-4.50685E-2,-5.12442E-2,-2.93162E-2,3.03858E-2,1.60464E-2,3.24617E-2,3.28274E-2,3.19742E-3,8.21809E-2,1.15661E-1,7.13861E-2,9.57733E-2,7.85407E-2,6.26766E-2,4.50230E-2,3.55156E-2,7.68139E-3,1.09118E-1,9.06959E-2,4.27793E-2,7.30739E-2,6.45483E-2,5.27335E-2,9.19844E-2,2.98483E-2,1.25665E-2,-2.12964E-2,4.33131E-2,9.54742E-2,7.47352E-2,1.40976E-1,5.50859E-2,1.34455E-1,2.53804E-1,5.40573E-2,1.70879E-1,4.53045E-2,1.51702E-1,2.60570E-1,1.27728E-1,1.59983E-1,8.79595E-2,1.75429E-1,1.61622E-1,1.95256E-1,2.06503E-1,2.72157E-1,2.20488E-1,2.30496E-1,2.14520E-1,1.93305E-1,2.71114E-1,1.84145E-1,2.62925E-1,1.14188E-1,3.82718E-1,2.09570E-1,2.33285E-1,2.08827E-1,1.05393E-1,1.17314E-1,2.46655E-1,1.10509E-1,2.99595E-2,1.22813E-1,1.95062E-1,1.28970E-1,1.90924E-1,1.56919E-1,1.82777E-1,2.50344E-1,1.59301E-1
9.70714E+2,NaN,NaN,NaN,NaN,NaN,NaN,NaN,NaN,NaN,NaN,NaN,NaN,NaN,NaN,NaN,NaN,NaN,NaN,NaN,NaN,NaN,NaN,NaN,NaN,NaN,NaN,NaN,NaN,NaN,NaN,NaN,NaN,NaN,NaN,NaN,NaN,NaN,NaN,1.80177E-2,2.47513E-2,3.14848E-2,2.05954E-2,1.29330E-3,-1.80088E-2,-1.98244E-2,-1.77945E-2,-1.57647E-2,2.68596E-3,2.17747E-2,3.67524E-2,1.68544E-2,-3.04362E-3,-1.91962E-2,-2.40102E-2,-2.88242E-2,-3.04586E-2,-2.71440E-2,-2.38294E-2,-1.48651E-2,-9.70783E-4,1.29235E-2,1.72772E-2,1.70766E-2,1.68759E-2,2.20938E-2,2.85032E-2,3.49126E-2,2.32290E-2,-5.26052E-2,3.33556E-2,-1.82596E-2,2.52425E-2,-1.63382E-2,1.90065E-2,-1.77826E-2,1.57633E-2,8.15403E-3,2.28086E-2,6.85942E-3,2.15192E-2,-3.90107E-3,-6.19072E-2,1.23672E-2,-1.37926E-3,6.37484E-3,3.71139E-2,4.54052E-2,8.52557E-3,2.79101E-3,1.22040E-2,-4.63908E-2,1.18739E-2,3.90931E-2,-7.21722E-3,3.07090E-2,4.89208E-3,5.88100E-2,7.67715E-2,-4.63264E-4,3.69540E-2,1.37918E-2,-5.11621E-3,3.20583E-2,-1.34346E-2,3.92712E-2,3.35424E-2,2.61374E-3,3.85301E-2,-1.52248E-3,1.86185E-2,3.43474E-2,-4.72881E-2,-1.89821E-2,2.49959E-2,-5.15229E-2,6.45937E-2,5.88802E-2,5.95758E-2,3.29268E-2,6.66754E-2,9.91331E-3,9.70866E-2,6.27802E-3,6.09367E-2,4.92541E-2,1.06560E-2,1.57164E-2,-9.57589E-3,2.61304E-2,7.35938E-2,5.79633E-2,-3.67750E-2,-2.59784E-2,-4.88763E-3,3.01250E-2,7.49435E-3,-4.27889E-3
9.74135E+2,NaN,NaN,NaN,NaN,NaN,NaN,NaN,NaN,NaN,NaN,NaN,NaN,NaN,NaN,NaN,NaN,NaN,NaN,NaN,NaN,NaN,NaN,NaN,NaN,NaN,NaN,NaN,NaN,NaN,NaN,NaN,NaN,NaN,NaN,NaN,NaN,NaN,6.88088E-2,2.25593E-2,-2.36902E-2,-4.70271E-2,-2.73442E-2,-7.66129E-3,8.26202E-3,2.02781E-2,3.22943E-2,2.99640E-2,1.93243E-2,8.68460E-3,-1.92288E-2,-5.21258E-2,-8.50229E-2,-5.37256E-2,-1.67662E-2,1.81233E-2,2.15885E-2,2.50538E-2,2.25217E-2,-3.31707E-3,-2.91558E-2,-5.20838E-2,-6.95465E-2,-8.70093E-2,-7.88914E-2,-4.41886E-2,-9.48586E-3,-1.83133E-4,7.45085E-3,1.36633E-2,-2.36384E-2,-6.56466E-2,9.49811E-3,7.03144E-2,7.95952E-2,7.45169E-2,1.82001E-2,-1.25725E-3,2.64767E-2,-5.81836E-3,-3.45119E-2,3.87448E-2,6.56997E-2,2.74372E-2,4.40857E-2,6.24151E-2,4.63140E-2,5.08377E-2,2.55289E-2,2.37641E-2,3.54011E-2,3.19945E-2,2.02639E-2,2.21960E-2,5.34663E-2,5.28018E-2,8.93432E-2,5.46072E-2,1.20954E-1,4.61789E-2,3.77452E-2,8.05121E-2,3.55347E-2,9.58072E-2,-6.69700E-4,1.69762E-1,1.17191E-1,5.93512E-2,9.94064E-2,1.20395E-1,4.87547E-2,1.03217E-1,1.01485E-1,1.54760E-1,7.44153E-2,1.31322E-1,1.45331E-1,1.50551E-1,1.54071E-1,1.37003E-1,1.26605E-1,1.40619E-1,1.92492E-1,1.16215E-1,1.08428E-1,1.64469E-1,7.72881E-2,1.45458E-1,7.38164E-2,2.02580E-3,3.70356E-2,1.30389E-1,5.56978E-3,1.02804E-1,1.51994E-2,1.31451E-1,1.86214E-1,8.42914E-2
9.77558E+2,NaN,NaN,NaN,NaN,NaN,NaN,NaN,NaN,NaN,NaN,NaN,NaN,NaN,NaN,NaN,NaN,NaN,NaN,NaN,NaN,NaN,NaN,NaN,NaN,NaN,NaN,NaN,NaN,NaN,NaN,NaN,NaN,NaN,NaN,NaN,NaN,NaN,-2.70002E-2,2.62148E-2,7.85219E-2,3.85435E-2,-1.43489E-3,-4.03945E-2,-7.36970E-2,-1.06999E-1,-1.10881E-1,-4.46046E-2,2.16715E-2,4.92333E-2,2.71838E-2,5.13429E-3,1.81318E-2,5.63863E-2,9.46408E-2,1.10078E-1,1.16819E-1,1.23560E-1,1.07436E-1,8.78021E-2,6.83962E-2,7.22040E-2,7.60118E-2,7.84791E-2,7.35021E-2,6.85252E-2,3.52871E-2,-1.25593E-2,1.32820E-2,-3.48878E-2,-4.41788E-3,-5.08152E-2,-8.82074E-2,-1.70051E-1,-7.69616E-2,3.41027E-2,2.14005E-3,-4.01491E-2,-3.45371E-2,-3.24389E-2,-4.67054E-2,-9.13093E-2,-7.82194E-2,-5.17809E-2,-8.58037E-2,-1.29617E-1,-5.51346E-2,-7.31216E-3,1.51972E-2,-3.69875E-2,9.59405E-4,1.09634E-2,-1.03264E-1,-2.66335E-2,-5.29531E-2,-4.95878E-2,-7.70330E-2,-6.80260E-2,-1.61595E-1,-1.39879E-1,-7.79598E-2,-1.15128E-1,-1.71292E-1,-1.72507E-1,-1.51759E-1,-2.43443E-1,-3.10591E-1,-1.47712E-1,-1.12510E-1,-2.69282E-1,-2.48890E-1,-1.91119E-1,-1.69390E-1,-2.08585E-1,-1.60153E-1,-1.42775E-1,-2.25013E-1,-2.42015E-1,-2.08425E-1,-2.03448E-1,-1.81701E-1,-4.77754E-1,-2.51969E-1,-2.28264E-1,-3.13866E-1,-2.83730E-1,-1.47848E-1,-1.13649E-1,-9.53106E-2,-4.08705E-2,-1.68868E-1,-2.49090E-1,-1.95653E-1,-2.50405E-1,-2.06014E-1,-1.34585E-1,-3.73124E-1,-2.50909E-1
9.80980E+2,NaN,NaN,NaN,NaN,NaN,NaN,NaN,NaN,NaN,NaN,NaN,NaN,NaN,NaN,NaN,NaN,NaN,NaN,NaN,NaN,NaN,NaN,NaN,NaN,NaN,NaN,NaN,NaN,NaN,NaN,NaN,NaN,NaN,NaN,NaN,NaN,3.39523E-3,7.40432E-2,1.44691E-1,1.68424E-1,1.68385E-1,1.68346E-1,4.56056E-1,8.12779E-1,1.16950E+0,1.14838E+0,1.10712E+0,9.97214E-1,2.11905E-1,-5.73405E-1,-1.19155E+0,-1.26592E+0,-1.34029E+0,-1.20782E+0,-7.34969E-1,-2.62122E-1,-9.65360E-2,-2.13618E-1,-3.30700E-1,-6.20335E-1,-9.97404E-1,-1.37447E+0,-1.17932E+0,-8.46927E-1,-5.14534E-1,-1.04258E-1,-5.83339E-1,-1.70773E-1,-5.41987E-1,-1.00956E+0,1.13006E+0,1.55537E+0,4.01275E-1,2.55784E-1,4.05661E-2,-2.01143E-1,-7.83815E-1,8.20952E-1,-8.20296E-2,5.49602E-1,1.39607E+0,-2.65917E-1,8.80438E-1,1.30668E+0,-2.63888E-1,1.44025E+0,-1.47783E-1,-4.38211E-1,-7.43050E-1,-2.63304E-1,6.98213E-1,7.88100E-1,4.22573E-1,5.72038E-1,5.78534E-1,7.24165E-1,1.63848E+0,1.50027E+0,1.42245E+0,1.47776E+0,9.99325E-1,1.48822E+0,2.85405E+0,1.85661E+0,2.10992E+0,2.30406E+0,1.35704E+0,9.12647E-1,2.35202E+0,2.16284E+0,1.50292E+0,1.68845E+0,2.76558E+0,2.52185E+0,2.08764E+0,2.49911E+0,1.62018E+0,2.19068E+0,1.42092E+0,2.13640E+0,3.03536E+0,2.35894E+0,1.68206E+0,9.56822E-1,1.13052E+0,1.00802E+0,2.23131E+0,1.20832E+0,1.14342E+0,1.43940E+0,2.81108E+0,1.72894E+0,2.19040E+0,2.12948E+0,9.35389E-1,3.82873E+0,8.15973E-1
9.84404E+2,NaN,NaN,NaN,NaN,NaN,NaN,NaN,NaN,NaN,NaN,NaN,NaN,NaN,NaN,NaN,NaN,NaN,NaN,NaN,NaN,NaN,NaN,NaN,NaN,NaN,NaN,NaN,NaN,NaN,NaN,NaN,NaN,NaN,NaN,NaN,-5.83329E-2,-8.21664E-2,-1.06000E-1,-1.13039E-1,-8.26157E-2,-5.21923E-2,-5.97884E-3,5.93482E-2,1.24675E-1,1.30980E-1,9.71506E-2,6.33214E-2,4.16031E-2,2.41820E-2,6.76084E-3,3.88423E-3,2.97292E-3,1.31713E-3,-3.08506E-2,-6.30184E-2,-8.56372E-2,-6.05141E-2,-3.53909E-2,-2.44745E-2,-4.52486E-2,-6.60227E-2,-7.31230E-2,-6.36715E-2,-5.42199E-2,-4.76976E-2,-4.91519E-2,-7.28406E-2,-5.82411E-2,-2.52959E-2,6.06080E-2,1.29229E-1,-1.83266E-2,-3.11791E-2,9.52682E-3,-1.85145E-2,1.63292E-2,-2.87569E-2,-1.08153E-1,4.47819E-2,9.27832E-2,-4.72427E-2,1.76314E-2,1.36654E-1,5.00053E-2,2.30905E-2,-3.19161E-2,-6.97233E-2,-2.74004E-2,-2.54973E-2,-1.33235E-2,5.98010E-2,5.15908E-2,6.09770E-2,4.37425E-2,9.81672E-2,5.63800E-2,7.49078E-2,1.84481E-1,2.22931E-1,8.34807E-2,-9.78322E-2,1.01251E-1,2.04860E-1,1.74658E-1,1.61200E-1,1.56401E-1,1.99293E-1,1.89378E-1,2.09179E-1,1.81344E-1,2.06519E-1,1.31824E-1,1.93395E-1,1.98679E-1,9.22988E-2,2.10891E-1,3.07105E-1,3.10477E-1,2.29322E-1,2.50962E-1,4.01364E-1,3.19977E-1,2.09918E-1,2.11936E-1,1.09958E-1,1.56904E-1,1.63027E-1,2.20781E-2,1.10389E-2,1.22339E-1,1.88490E-1,1.54988E-1,3.33511E-1,1.43571E-1,1.39052E-1,3.64535E-1,1.52137E-1
9.87828E+2,NaN,NaN,NaN,NaN,NaN,NaN,NaN,NaN,NaN,NaN,NaN,NaN,NaN,NaN,NaN,NaN,NaN,NaN,NaN,NaN,NaN,NaN,NaN,NaN,NaN,NaN,NaN,NaN,NaN,NaN,NaN,NaN,NaN,NaN,NaN,9.65096E-3,-3.86954E-3,-1.73900E-2,-1.79216E-2,-1.77317E-2,-1.72693E-2,-1.40591E-2,-1.08489E-2,-4.53217E-3,1.20055E-2,2.85431E-2,3.64152E-2,2.99031E-2,2.33911E-2,1.01144E-2,-9.43643E-3,-2.89873E-2,-1.11538E-2,2.57957E-2,6.27453E-2,4.32601E-2,1.00627E-2,-2.31346E-2,-3.82358E-2,-5.23318E-2,-6.11021E-2,-1.61789E-2,2.87443E-2,4.53717E-2,-2.07803E-2,-2.61350E-2,3.45149E-2,1.23332E-2,-1.09334E-2,4.74327E-2,5.43184E-2,4.58234E-2,1.12884E-2,4.85032E-2,1.31630E-3,3.61602E-2,-7.77298E-3,-6.61822E-3,4.34626E-2,7.85578E-2,-1.63609E-2,8.63185E-3,2.08596E-2,1.54508E-2,-6.61710E-3,7.30082E-3,-1.28569E-2,-5.82751E-4,1.67813E-2,2.84932E-2,1.40799E-2,4.21475E-2,3.23052E-2,4.53896E-2,2.40976E-2,3.82344E-2,4.12239E-2,-9.49734E-3,2.29344E-2,5.01747E-2,3.72692E-2,3.62656E-2,5.75302E-2,9.03000E-2,5.44292E-2,4.32766E-2,6.12596E-2,6.51323E-2,7.22927E-2,1.69373E-2,5.67404E-2,8.61123E-2,6.83701E-2,1.84189E-2,6.06457E-2,6.88663E-2,4.47439E-2,1.27069E-1,5.65622E-2,9.97535E-2,1.35187E-1,1.18363E-1,3.53016E-2,1.78921E-2,9.21991E-2,2.38841E-2,3.89351E-2,-2.00270E-2,7.80068E-2,1.80332E-2,2.21874E-2,4.78523E-2,4.67495E-2,1.53674E-2,2.95739E-2,4.08258E-2,7.65442E-2
9.91252E+2,NaN,NaN,NaN,NaN,NaN,NaN,NaN,NaN,NaN,NaN,NaN,NaN,NaN,NaN,NaN,NaN,NaN,NaN,NaN,NaN,NaN,NaN,NaN,NaN,NaN,NaN,NaN,NaN,NaN,NaN,NaN,NaN,NaN,NaN,4.74357E-3,-4.75433E-3,-1.42522E-2,-2.30347E-2,-3.12935E-2,-3.95524E-2,-2.79717E-2,-8.68452E-3,1.06026E-2,1.64255E-2,2.01124E-2,2.37098E-2,1.23271E-2,9.44427E-4,-7.09212E-3,4.01227E-3,1.51167E-2,2.21912E-2,1.94785E-2,1.67659E-2,9.62596E-3,-3.27556E-3,-1.61771E-2,-3.54388E-2,-5.93561E-2,-8.32733E-2,-7.31751E-2,-4.98637E-2,-2.65524E-2,-4.65584E-2,-3.30416E-2,1.51167E-2,3.55134E-3,2.32435E-2,3.71908E-2,6.12144E-2,2.53037E-2,-7.36320E-2,1.65421E-2,5.73010E-3,1.64567E-2,-3.83767E-2,3.11413E-2,8.23462E-2,9.72387E-2,1.95848E-3,2.17664E-2,1.19660E-2,-2.90968E-2,4.59206E-2,5.38442E-2,3.22694E-2,-2.86305E-2,-1.73953E-2,4.72797E-2,1.37023E-2,1.45151E-2,1.92922E-2,4.14176E-2,2.05243E-2,2.23223E-2,3.27179E-2,5.54844E-2,1.91410E-2,4.46972E-3,2.68757E-2,7.65863E-3,4.35951E-2,3.95132E-2,8.22917E-2,8.75918E-2,4.41489E-2,1.04567E-1,3.15025E-2,6.51927E-2,7.71129E-2,6.48586E-2,9.45735E-2,9.21666E-2,6.07852E-2,7.51476E-2,1.06822E-1,8.73579E-2,8.27981E-2,7.81911E-2,1.22391E-1,1.67561E-1,1.46621E-1,1.18488E-1,6.60687E-2,5.24126E-2,-4.25235E-2,4.60564E-2,2.42217E-2,7.77226E-2,1.23315E-1,1.23108E-1,7.93875E-2,3.39910E-2,4.20968E-2,6.85753E-2,9.85450E-2,1.08967E-1
9.94678E+2,NaN,NaN,NaN,NaN,NaN,NaN,NaN,NaN,NaN,NaN,NaN,NaN,NaN,NaN,NaN,NaN,NaN,NaN,NaN,NaN,NaN,NaN,NaN,NaN,NaN,NaN,NaN,NaN,NaN,NaN,NaN,NaN,NaN,4.16400E-1,2.03904E-1,-8.59159E-3,-1.65674E-1,-1.00624E-1,-3.55739E-2,3.21127E-2,1.04860E-1,1.77608E-1,1.72765E-1,8.56551E-2,-1.45516E-3,-4.24296E-2,-5.61014E-2,-6.97733E-2,-1.51816E-1,-2.54157E-1,-3.56498E-1,-2.50018E-1,-1.23875E-1,-3.54185E-3,2.02987E-2,4.41392E-2,2.85545E-2,-1.45073E-1,-3.18700E-1,-3.99762E-1,-3.03133E-1,-2.06503E-1,-1.05392E-1,-2.72026E-3,-1.78693E-2,-7.47298E-2,-3.03554E-2,1.05361E-1,3.92838E-1,4.09062E-1,1.23841E-1,-8.24551E-3,6.95012E-2,1.11584E-1,-4.01860E-2,5.77278E-2,2.94611E-1,3.26681E-1,1.47562E-1,1.50382E-1,3.13911E-1,2.42375E-1,3.03145E-1,2.25429E-1,-5.51284E-3,-1.27619E-2,-4.87294E-2,8.96971E-2,3.07093E-1,2.22200E-1,1.66273E-1,2.84009E-1,3.17810E-1,1.34956E-1,6.96615E-2,1.52000E-1,4.56743E-1,4.15321E-1,2.39520E-1,4.10615E-1,1.86077E-1,7.26562E-1,3.67854E-1,9.71615E-1,4.84744E-1,3.89367E-1,5.31440E-1,8.06983E-1,4.88460E-1,5.66309E-1,1.51634E-1,7.40123E-1,6.22462E-1,4.87071E-1,3.79934E-1,6.19842E-1,7.11624E-1,7.41623E-1,6.03620E-1,7.06164E-1,7.80180E-1,6.50449E-1,7.41378E-1,6.87072E-1,5.35682E-1,3.96694E-1,3.13821E-1,3.06281E-1,1.86016E-1,4.66999E-1,5.41430E-1,2.07491E-1,5.64095E-1,5.41063E-1,5.77662E-1,7.73935E-1,5.21504E-1
9.98103E+2,NaN,NaN,NaN,NaN,NaN,NaN,NaN,NaN,NaN,NaN,NaN,NaN,NaN,NaN,NaN,NaN,NaN,NaN,NaN,NaN,NaN,NaN,NaN,NaN,NaN,NaN,NaN,NaN,NaN,NaN,NaN,NaN,NaN,6.93046E-2,4.51410E-2,2.09774E-2,1.84026E-2,2.07496E-2,2.30965E-2,4.50572E-2,6.78948E-2,8.49772E-2,5.02990E-2,1.56208E-2,-1.72511E-2,-4.44935E-2,-7.17360E-2,-9.19923E-2,-1.01125E-1,-1.10258E-1,-8.59278E-2,-3.17586E-2,2.24106E-2,1.17530E-2,-3.06194E-2,-7.29917E-2,-6.04109E-2,-3.53020E-2,-1.01931E-2,-1.79868E-2,-2.72516E-2,-3.34473E-2,-9.63000E-3,2.18375E-2,-5.79478E-2,-1.45122E-2,-5.79438E-2,-7.04304E-3,9.94719E-2,3.85220E-3,-7.51870E-5,2.84194E-2,4.36252E-2,7.73024E-3,3.85892E-2,6.02644E-2,8.06781E-2,5.65710E-2,4.84774E-2,6.42217E-2,-1.91720E-3,2.59747E-2,8.01788E-2,4.20604E-2,2.82608E-2,2.55127E-2,-4.04831E-2,4.74333E-2,9.77894E-2,1.11189E-1,7.30593E-2,8.04638E-2,1.05031E-1,-1.35267E-2,3.07577E-2,-7.80313E-3,7.91985E-2,8.86311E-2,1.19346E-1,1.28996E-1,4.47091E-2,1.44860E-1,3.88111E-2,1.22416E-1,8.80986E-2,8.98070E-2,1.22756E-1,1.60153E-1,1.43102E-1,8.50748E-2,9.21304E-2,1.65889E-1,1.71542E-1,9.51315E-2,1.54429E-1,1.76178E-1,1.32307E-1,1.80702E-1,1.04267E-1,2.00386E-1,2.55948E-1,1.84670E-1,1.40933E-1,1.32174E-1,1.20893E-1,7.32614E-2,3.99272E-2,5.52146E-2,6.77476E-2,7.79051E-2,1.58180E-1,3.24621E-2,5.91489E-2,1.23020E-2,1.04229E-1,1.49292E-1,9.74305E-2
1.00153E+3,NaN,NaN,NaN,NaN,NaN,NaN,NaN,NaN,NaN,NaN,NaN,NaN,NaN,NaN,NaN,NaN,NaN,NaN,NaN,NaN,NaN,NaN,NaN,NaN,NaN,NaN,NaN,NaN,NaN,NaN,NaN,NaN,-3.63195E-2,1.33103E-2,6.29401E-2,4.73266E-2,-5.78017E-2,-1.62930E-1,-1.79245E-1,-1.27025E-1,-7.48057E-2,1.31345E-3,8.73230E-2,1.73332E-1,1.83527E-1,1.80359E-1,1.77190E-1,6.81020E-2,-4.17316E-2,-1.30578E-1,-8.59469E-2,-4.13154E-2,-2.20009E-2,-6.82007E-2,-1.14401E-1,-1.20529E-1,-7.16772E-2,-2.28259E-2,3.50478E-2,9.98838E-2,1.64720E-1,1.15472E-1,1.52848E-1,7.28617E-2,1.36879E-1,-1.68382E-2,-3.49582E-2,-1.29063E-2,-5.89875E-2,-4.37909E-2,-4.26090E-2,3.05948E-2,7.22368E-2,-5.40151E-2,-5.81186E-2,3.98785E-2,5.10302E-2,-1.45465E-3,1.34981E-2,3.22541E-2,-1.09319E-1,4.17554E-2,-5.39373E-2,4.00771E-2,-8.26088E-2,-5.20726E-2,7.18269E-3,-1.07989E-1,2.02210E-3,8.09067E-2,-6.23823E-2,6.99273E-2,1.38438E-1,-1.91301E-2,-8.77934E-2,3.51619E-4,-1.23524E-1,2.16811E-2,-2.83422E-2,2.25379E-2,3.56757E-2,5.80905E-2,8.20176E-2,1.23665E-1,1.66530E-2,4.40205E-2,7.02429E-2,1.24404E-1,-3.79850E-2,4.05323E-2,1.43614E-1,1.73975E-1,1.41852E-1,3.21591E-2,4.81631E-2,1.22137E-1,-1.55576E-2,8.45261E-2,1.13632E-1,9.29830E-2,3.87661E-2,1.10972E-1,9.89406E-2,9.28849E-2,1.67203E-1,1.12299E-1,9.40238E-2,-5.33841E-3,2.57362E-2,7.37983E-2,2.93277E-2,7.97474E-2,3.64291E-2,1.53899E-1,9.52452E-3,5.01823E-3,-5.61467E-3
1.00496E+3,NaN,NaN,NaN,NaN,NaN,NaN,NaN,NaN,NaN,NaN,NaN,NaN,NaN,NaN,NaN,NaN,NaN,NaN,NaN,NaN,NaN,NaN,NaN,NaN,NaN,NaN,NaN,NaN,NaN,NaN,NaN,NaN,3.09720E-2,1.41414E-2,-2.23036E-3,2.30114E-3,6.83263E-3,1.18368E-2,1.92447E-2,2.66525E-2,2.90691E-2,2.02292E-2,1.13893E-2,-3.36946E-3,-2.53608E-2,-4.73522E-2,-5.21034E-2,-4.50176E-2,-3.79318E-2,-2.39075E-2,-7.39145E-3,9.12458E-3,-6.64720E-3,-2.68792E-2,-4.69165E-2,-5.80809E-2,-6.92453E-2,-7.25595E-2,-3.59558E-2,6.47974E-4,1.66221E-2,5.36747E-3,-1.17995E-2,-7.54078E-2,-3.19606E-2,-4.63564E-2,1.09611E-2,7.01254E-2,7.71164E-2,9.27650E-3,3.81399E-2,6.10113E-2,5.37839E-2,-1.09647E-2,3.96603E-3,6.90280E-2,-1.68554E-2,-2.47667E-3,3.24591E-2,1.50389E-2,8.15064E-2,7.60774E-2,4.61097E-2,2.88417E-2,1.18510E-2,2.69545E-2,4.86073E-2,3.07519E-2,3.85598E-2,1.50839E-2,4.75217E-2,5.44487E-2,2.99882E-2,5.17422E-3,-1.49143E-2,5.47303E-2,3.05136E-2,6.92015E-2,4.01575E-2,6.59658E-2,1.21505E-1,1.35421E-1,1.07075E-1,8.47958E-2,9.00807E-2,1.37258E-1,8.92739E-2,1.04775E-1,5.52690E-2,6.03223E-2,7.05503E-2,1.07086E-1,1.31056E-1,8.61585E-2,6.88981E-2,1.00204E-1,1.24508E-1,1.03106E-1,1.11484E-1,1.21963E-1,1.33734E-1,1.15597E-1,6.07334E-2,1.27313E-1,2.53867E-2,6.65412E-2,3.58270E-2,1.62503E-2,7.62080E-2,6.08538E-2,1.12880E-1,4.71599E-2,2.15949E-2,3.83068E-2,4.70355E-2,1.49944E-1,2.76351E-2
1.00838E+3,NaN,NaN,NaN,NaN,NaN,NaN,NaN,NaN,NaN,NaN,NaN,NaN,NaN,NaN,NaN,NaN,NaN,NaN,NaN,NaN,NaN,NaN,NaN,NaN,NaN,NaN,NaN,NaN,NaN,NaN,NaN,7.07787E-2,8.48426E-2,9.89065E-2,8.78669E-2,6.10573E-2,3.42476E-2,2.34321E-2,1.77499E-2,1.20678E-2,-8.39274E-3,-3.04974E-2,-5.25361E-2,-7.30996E-2,-9.36632E-2,-1.06203E-1,-8.35365E-2,-6.08698E-2,-4.79830E-2,-5.50916E-2,-6.22001E-2,-5.47798E-2,-3.10623E-2,-7.34480E-3,-1.02936E-2,-2.99943E-2,-4.96950E-2,-3.56995E-2,-1.08892E-2,1.39211E-2,1.36062E-1,6.36621E-2,7.64111E-2,1.40063E-1,5.68971E-2,4.08453E-2,5.55300E-3,4.01115E-2,5.68991E-2,8.57806E-3,2.87658E-2,8.87304E-2,1.66222E-1,3.65350E-2,1.88844E-2,7.62986E-2,5.46975E-2,5.28588E-2,1.15244E-1,3.83173E-2,2.85894E-2,4.56375E-2,6.64036E-2,7.82945E-2,5.50894E-2,6.63727E-2,1.13721E-1,-2.24055E-2,2.74928E-2,3.06538E-2,1.50129E-2,3.49383E-2,-1.14826E-2,1.17623E-1,5.50729E-2,4.52114E-2,3.52484E-2,5.46714E-2,3.38866E-2,3.77067E-2,9.16720E-4,-6.34692E-3,-2.91415E-2,-1.65332E-2,-5.11803E-2,1.82032E-2,6.96811E-3,-2.06443E-2,2.82733E-3,7.10016E-2,3.80319E-2,-2.39348E-2,2.09366E-3,-6.15018E-3,-2.62783E-3,2.94341E-2,1.03703E-2,3.94718E-2,1.54657E-2,-1.74204E-2,-7.09656E-2,-5.23165E-2,1.76433E-2,-2.19837E-2,1.95934E-2,1.59983E-2,9.01489E-2,7.52804E-3,2.27884E-2,2.27366E-2,-2.81784E-2,7.77209E-2,6.45212E-3,6.89672E-2,9.55568E-2,1.13877E-2,3.74581E-2
1.01181E+3,NaN,NaN,NaN,NaN,NaN,NaN,NaN,NaN,NaN,NaN,NaN,NaN,NaN,NaN,NaN,NaN,NaN,NaN,NaN,NaN,NaN,NaN,NaN,NaN,NaN,NaN,NaN,NaN,NaN,NaN,2.94287E-2,2.91287E-2,2.88288E-2,2.92344E-2,3.24661E-2,3.56979E-2,3.73422E-2,3.59407E-2,3.45392E-2,2.57460E-2,9.11896E-3,-7.50809E-3,-3.03268E-2,-5.68078E-2,-8.32888E-2,-7.24215E-2,-5.04738E-2,-2.85260E-2,-3.30129E-2,-3.99853E-2,-4.68473E-2,-5.18811E-2,-5.69149E-2,-5.91848E-2,-5.03833E-2,-4.15817E-2,-2.58924E-2,3.01214E-3,3.19166E-2,5.03871E-2,4.23153E-2,1.60703E-2,7.18520E-4,2.46327E-2,3.39937E-2,9.94260E-3,2.14687E-3,1.97960E-2,4.07769E-2,2.67041E-2,2.60491E-2,3.79263E-2,2.41017E-2,6.91385E-3,6.27517E-3,3.10080E-2,3.29153E-2,2.02414E-2,1.92451E-2,2.32071E-2,3.16109E-2,3.59433E-2,4.10921E-2,3.19788E-2,2.24992E-2,2.49218E-2,2.19301E-2,2.03332E-2,2.89176E-2,2.00181E-2,1.15904E-2,1.67034E-2,2.82092E-2,3.78242E-2,2.61516E-2,1.74636E-2,1.29051E-2,3.05656E-2,1.56672E-2,3.87989E-2,9.19231E-3,1.36539E-2,1.70586E-2,1.84022E-3,2.16607E-2,2.18188E-2,1.51192E-2,1.44380E-2,1.19193E-2,1.70118E-2,1.54310E-2,4.92078E-3,1.00308E-2,2.07094E-2,1.92070E-2,1.81563E-2,2.44535E-2,2.76179E-2,3.46210E-2,1.99252E-2,1.40466E-2,3.05896E-2,1.23784E-2,3.93392E-2,2.91009E-2,3.77705E-2,3.31885E-2,4.29565E-2,2.69700E-2,4.29724E-2,2.10237E-2,2.71403E-2,3.20574E-2,3.91486E-2,3.59999E-2,1.88114E-2,2.25100E-2
1.01524E+3,NaN,NaN,NaN,NaN,NaN,NaN,NaN,NaN,NaN,NaN,NaN,NaN,NaN,NaN,NaN,NaN,NaN,NaN,NaN,NaN,NaN,NaN,NaN,NaN,NaN,NaN,NaN,NaN,NaN,NaN,2.64636E-2,3.56307E-2,4.47977E-2,4.58894E-2,4.46821E-2,4.34748E-2,4.13799E-2,3.92091E-2,3.66116E-2,2.77839E-2,1.89562E-2,3.65503E-3,-3.64509E-2,-7.65568E-2,-9.70881E-2,-8.12380E-2,-6.53879E-2,-5.69925E-2,-5.62733E-2,-5.55541E-2,-5.51933E-2,-5.50380E-2,-5.48827E-2,-5.92165E-2,-6.48283E-2,-7.04401E-2,-3.60775E-2,1.70229E-3,3.96485E-2,7.57941E-2,4.93179E-2,1.19897E-2,1.31310E-3,2.95646E-2,2.16027E-2,1.22321E-2,2.69783E-2,2.72734E-2,3.04369E-2,2.44168E-2,2.70552E-2,3.40450E-2,3.35127E-2,2.92266E-2,4.07561E-2,3.00298E-2,3.11608E-2,2.86046E-2,4.44209E-2,3.85192E-2,3.76535E-2,3.25900E-2,4.62061E-2,3.49138E-2,2.84440E-2,4.05282E-2,3.11196E-2,2.57184E-2,2.21788E-2,2.07834E-2,2.16415E-2,2.74264E-2,3.44169E-2,2.64169E-2,3.29774E-2,2.03820E-2,3.26317E-2,3.35929E-2,1.92964E-2,1.93404E-2,2.13939E-2,1.65837E-2,1.71849E-2,1.62675E-2,3.02174E-2,1.96540E-2,1.52389E-2,1.13261E-2,2.26565E-2,3.24134E-2,2.90111E-2,2.75576E-2,3.38769E-2,3.28158E-2,2.42140E-2,3.36169E-2,1.59150E-2,2.39858E-2,2.95205E-2,2.27797E-2,1.58345E-2,2.13422E-2,2.59409E-2,1.92991E-2,3.07669E-2,3.93703E-2,4.93183E-2,5.33029E-2,3.20074E-2,3.83093E-2,1.90361E-2,3.97594E-2,3.48873E-2,4.48921E-2,4.19493E-2,2.03696E-2,2.15267E-2
1.01867E+3,NaN,NaN,NaN,NaN,NaN,NaN,NaN,NaN,NaN,NaN,NaN,NaN,NaN,NaN,NaN,NaN,NaN,NaN,NaN,NaN,NaN,NaN,NaN,NaN,NaN,NaN,NaN,NaN,NaN,2.95409E-2,3.00174E-2,3.04939E-2,3.04453E-2,2.94221E-2,2.83990E-2,2.88679E-2,3.08712E-2,3.28745E-2,3.17710E-2,2.88884E-2,2.60058E-2,-1.12437E-3,-3.51445E-2,-6.91646E-2,-7.29397E-2,-7.41413E-2,-7.46317E-2,-6.47964E-2,-5.49611E-2,-4.75674E-2,-4.95106E-2,-5.14537E-2,-5.38827E-2,-5.72133E-2,-6.05439E-2,-4.80749E-2,-1.93585E-2,9.35781E-3,4.03964E-2,5.58511E-2,3.76021E-2,1.41778E-2,1.30464E-2,1.90804E-2,1.94652E-2,2.02935E-2,2.21001E-2,2.35436E-2,2.31026E-2,2.35601E-2,2.71174E-2,2.80116E-2,2.49362E-2,2.60667E-2,2.25099E-2,2.34421E-2,2.70214E-2,2.53142E-2,2.39473E-2,2.36970E-2,2.66195E-2,2.78749E-2,2.30089E-2,2.04601E-2,2.33189E-2,2.24000E-2,2.26184E-2,2.39852E-2,2.28842E-2,2.25186E-2,2.40867E-2,2.19097E-2,2.08807E-2,1.91165E-2,2.05861E-2,2.32718E-2,2.28437E-2,2.35188E-2,1.96418E-2,1.86917E-2,1.71297E-2,1.84775E-2,1.99047E-2,1.68223E-2,2.07748E-2,1.79751E-2,1.83640E-2,1.61664E-2,1.73085E-2,2.14405E-2,2.20167E-2,1.88733E-2,2.22191E-2,1.73768E-2,2.11427E-2,2.21198E-2,1.69828E-2,2.14169E-2,1.79730E-2,1.88298E-2,1.59352E-2,1.93745E-2,1.92014E-2,1.87801E-2,2.31540E-2,2.48740E-2,2.80688E-2,2.79896E-2,2.51079E-2,2.39538E-2,2.44478E-2,2.61923E-2,2.73253E-2,2.50188E-2,2.57916E-2,2.35947E-2,2.66340E-2
1.02210E+3,NaN,NaN,NaN,NaN,NaN,NaN,NaN,NaN,NaN,NaN,NaN,NaN,NaN,NaN,NaN,NaN,NaN,NaN,NaN,NaN,NaN,NaN,NaN,NaN,NaN,NaN,NaN,NaN,NaN,2.96069E-2,2.96120E-2,2.96170E-2,2.94635E-2,2.92952E-2,2.91802E-2,2.99296E-2,3.06789E-2,3.11288E-2,3.03879E-2,2.96469E-2,1.93960E-2,-9.01135E-3,-3.74187E-2,-5.96311E-2,-7.53074E-2,-9.09837E-2,-8.59478E-2,-6.87189E-2,-5.14901E-2,-4.95366E-2,-5.20865E-2,-5.46364E-2,-5.79533E-2,-6.13413E-2,-6.32403E-2,-4.09674E-2,-1.86944E-2,7.42298E-3,4.39388E-2,5.37342E-2,3.30209E-2,1.03697E-2,9.03583E-3,1.62728E-2,1.84208E-2,2.03117E-2,2.00424E-2,2.41893E-2,1.99726E-2,2.04774E-2,2.23788E-2,2.23951E-2,2.20945E-2,2.37951E-2,2.15301E-2,2.15299E-2,2.38299E-2,2.28399E-2,2.17388E-2,2.15929E-2,2.42645E-2,2.48321E-2,2.11043E-2,2.00107E-2,1.99378E-2,2.08886E-2,1.92666E-2,2.00676E-2,1.94617E-2,2.00851E-2,2.06094E-2,2.12740E-2,2.05754E-2,1.91833E-2,1.83043E-2,1.72951E-2,1.68408E-2,1.63988E-2,1.66508E-2,1.49455E-2,1.57336E-2,1.56675E-2,1.66435E-2,1.81288E-2,1.73254E-2,1.51501E-2,1.58270E-2,1.61707E-2,1.55350E-2,1.85376E-2,2.07401E-2,1.75661E-2,1.88418E-2,1.49452E-2,1.62588E-2,1.76594E-2,1.51726E-2,1.78580E-2,1.69892E-2,1.57606E-2,1.56238E-2,1.87560E-2,1.81151E-2,1.60721E-2,1.87347E-2,1.97734E-2,1.96966E-2,2.04308E-2,1.91943E-2,1.85149E-2,2.07235E-2,2.03223E-2,2.25072E-2,2.09176E-2,2.10382E-2,2.17021E-2,2.09129E-2
1.02553E+3,NaN,NaN,NaN,NaN,NaN,NaN,NaN,NaN,NaN,NaN,NaN,NaN,NaN,NaN,NaN,NaN,NaN,NaN,NaN,NaN,NaN,NaN,NaN,NaN,NaN,NaN,NaN,NaN,2.62551E-2,2.70133E-2,2.77715E-2,2.83136E-2,2.86153E-2,2.89170E-2,2.92108E-2,2.94996E-2,2.97883E-2,3.03825E-2,3.10736E-2,3.17646E-2,1.18439E-2,-1.03133E-2,-3.27639E-2,-6.14464E-2,-9.01288E-2,-1.09261E-1,-8.70972E-2,-6.49335E-2,-5.15348E-2,-5.58766E-2,-6.02185E-2,-6.39023E-2,-6.68545E-2,-6.98066E-2,-5.97837E-2,-4.16859E-2,-2.35882E-2,1.47226E-2,4.82427E-2,5.42011E-2,2.97780E-2,9.95409E-3,1.29264E-2,1.89564E-2,1.88939E-2,1.91655E-2,2.11501E-2,1.96804E-2,2.12877E-2,2.27403E-2,2.32800E-2,2.06847E-2,2.07461E-2,1.88654E-2,1.93053E-2,2.02785E-2,2.14930E-2,2.08891E-2,1.94010E-2,1.98416E-2,1.99413E-2,1.80482E-2,2.03083E-2,2.11371E-2,1.96038E-2,1.90588E-2,1.95142E-2,1.62923E-2,1.77748E-2,1.81991E-2,2.03055E-2,1.87315E-2,1.75011E-2,1.71471E-2,1.85538E-2,1.67321E-2,1.73773E-2,1.76935E-2,1.49244E-2,1.32560E-2,1.49276E-2,1.71778E-2,1.54997E-2,1.55475E-2,1.53977E-2,1.58697E-2,1.42455E-2,1.47446E-2,1.63298E-2,1.57884E-2,1.84560E-2,1.63830E-2,1.70598E-2,1.59137E-2,1.58245E-2,1.55664E-2,1.36897E-2,1.63970E-2,1.89882E-2,1.68948E-2,1.47874E-2,1.59349E-2,1.78559E-2,1.64445E-2,1.70568E-2,1.83315E-2,1.88770E-2,1.80930E-2,1.84803E-2,2.02515E-2,1.87084E-2,1.89759E-2,2.08088E-2,2.02452E-2,1.96008E-2,2.02775E-2,2.00296E-2
1.02896E+3,NaN,NaN,NaN,NaN,NaN,NaN,NaN,NaN,NaN,NaN,NaN,NaN,NaN,NaN,NaN,NaN,NaN,NaN,NaN,NaN,NaN,NaN,NaN,NaN,NaN,NaN,NaN,NaN,2.27528E-2,2.33471E-2,2.39309E-2,2.41072E-2,2.42836E-2,2.45052E-2,2.49503E-2,2.53953E-2,2.62168E-2,2.78720E-2,2.95271E-2,2.33999E-2,7.91172E-3,-7.57645E-3,-3.45165E-2,-6.91929E-2,-1.03869E-1,-9.96714E-2,-8.17914E-2,-6.39114E-2,-6.38414E-2,-6.61421E-2,-6.84376E-2,-7.05320E-2,-7.26265E-2,-7.26031E-2,-6.21099E-2,-5.16167E-2,-3.00572E-2,1.47763E-2,4.92627E-2,5.28251E-2,2.52629E-2,6.47661E-3,9.42728E-3,1.46237E-2,1.43898E-2,1.54330E-2,1.65308E-2,1.65178E-2,1.62821E-2,1.68481E-2,1.68604E-2,1.69245E-2,1.63782E-2,1.58427E-2,1.55918E-2,1.48224E-2,1.58505E-2,1.59749E-2,1.59523E-2,1.54870E-2,1.51420E-2,1.40470E-2,1.47811E-2,1.36682E-2,1.34158E-2,1.49108E-2,1.41545E-2,1.42902E-2,1.32861E-2,1.30557E-2,1.27273E-2,1.27133E-2,1.20594E-2,1.06867E-2,1.25204E-2,1.23147E-2,1.13764E-2,1.07093E-2,1.04046E-2,9.85308E-3,9.87917E-3,1.00347E-2,8.42640E-3,9.01839E-3,9.51948E-3,8.59082E-3,9.83162E-3,1.00485E-2,1.07125E-2,1.03832E-2,1.04352E-2,1.15678E-2,1.00395E-2,9.22934E-3,9.82288E-3,1.01697E-2,9.62690E-3,1.12220E-2,1.16856E-2,1.03367E-2,1.03691E-2,1.15646E-2,1.17015E-2,1.09640E-2,1.25325E-2,1.34827E-2,1.37148E-2,1.26468E-2,1.25134E-2,1.24391E-2,1.33990E-2,1.23137E-2,1.20716E-2,1.21622E-2,1.28070E-2,1.41690E-2,1.43875E-2
1.03239E+3,NaN,NaN,NaN,NaN,NaN,NaN,NaN,NaN,NaN,NaN,NaN,NaN,NaN,NaN,NaN,NaN,NaN,NaN,NaN,NaN,NaN,NaN,NaN,NaN,NaN,NaN,NaN,1.95073E-2,1.93317E-2,1.91561E-2,1.92996E-2,1.96828E-2,2.00661E-2,2.01585E-2,2.01342E-2,2.01100E-2,2.17735E-2,2.37199E-2,2.56662E-2,1.73363E-2,8.99991E-3,-3.54258E-3,-4.14515E-2,-7.93605E-2,-1.03553E-1,-9.33495E-2,-8.31458E-2,-7.63118E-2,-7.39824E-2,-7.16529E-2,-7.19233E-2,-7.41487E-2,-7.63740E-2,-7.29137E-2,-6.71721E-2,-6.14306E-2,-2.64562E-2,1.72344E-2,5.41414E-2,4.75449E-2,1.70336E-2,2.71162E-3,1.18980E-2,1.27914E-2,1.26255E-2,1.37779E-2,1.27898E-2,1.27193E-2,1.27486E-2,1.42652E-2,1.28351E-2,1.34720E-2,1.24505E-2,1.22663E-2,1.22148E-2,1.20471E-2,1.27178E-2,1.23786E-2,1.21908E-2,1.19677E-2,1.06999E-2,1.08748E-2,1.07133E-2,1.07315E-2,1.13277E-2,1.06590E-2,1.07082E-2,9.95562E-3,9.68233E-3,9.50809E-3,1.02597E-2,1.00041E-2,9.14190E-3,9.78132E-3,9.88080E-3,8.81138E-3,7.82018E-3,6.84976E-3,6.24903E-3,5.84635E-3,6.71843E-3,5.65389E-3,6.30888E-3,6.76602E-3,5.31087E-3,6.43058E-3,6.51175E-3,7.45089E-3,7.68123E-3,7.53189E-3,7.56671E-3,8.23120E-3,8.07182E-3,7.43674E-3,7.71641E-3,7.78900E-3,7.11680E-3,7.96691E-3,8.30104E-3,8.25335E-3,8.01440E-3,8.42342E-3,7.42954E-3,7.03152E-3,8.60949E-3,8.48640E-3,8.09279E-3,7.30716E-3,7.76945E-3,9.32877E-3,9.95155E-3,9.26252E-3,1.02356E-2,9.49490E-3,9.04832E-3,1.02230E-2,9.68603E-3
1.03583E+3,NaN,NaN,NaN,NaN,NaN,NaN,NaN,NaN,NaN,NaN,NaN,NaN,NaN,NaN,NaN,NaN,NaN,NaN,NaN,NaN,NaN,NaN,NaN,NaN,NaN,NaN,NaN,1.41204E-2,1.40979E-2,1.40878E-2,1.41791E-2,1.42703E-2,1.44203E-2,1.47439E-2,1.50675E-2,1.55326E-2,1.62138E-2,1.68950E-2,1.58196E-2,1.32387E-2,1.06578E-2,-1.27475E-2,-4.58931E-2,-7.90386E-2,-8.70211E-2,-8.96357E-2,-9.22502E-2,-8.41904E-2,-7.57667E-2,-6.84981E-2,-7.05856E-2,-7.26731E-2,-7.39916E-2,-7.30367E-2,-7.20818E-2,-5.98946E-2,-2.53689E-2,1.89700E-2,4.87057E-2,3.91230E-2,1.22342E-2,8.24673E-4,6.45072E-3,7.47965E-3,7.60857E-3,8.16851E-3,7.62627E-3,8.09724E-3,8.30393E-3,8.09094E-3,7.83566E-3,7.11901E-3,6.63038E-3,6.91406E-3,7.42329E-3,7.45704E-3,7.00466E-3,6.52167E-3,6.46420E-3,6.13721E-3,5.64371E-3,5.29446E-3,5.05115E-3,5.35150E-3,5.50159E-3,5.60773E-3,5.00286E-3,4.74396E-3,4.52300E-3,4.12794E-3,4.45848E-3,3.93948E-3,3.50500E-3,3.80640E-3,3.39835E-3,3.45928E-3,3.09885E-3,1.60962E-3,1.69674E-3,9.88467E-4,1.34758E-3,1.68535E-3,1.07933E-3,4.91598E-4,1.31968E-3,1.82562E-3,8.53818E-4,2.23970E-3,1.97464E-3,1.59572E-3,1.92913E-3,1.99783E-3,1.63155E-3,2.04059E-3,2.42099E-3,2.40409E-3,1.76768E-3,2.80526E-3,3.20062E-3,2.70276E-3,2.75577E-3,2.65892E-3,2.80382E-3,1.67804E-3,3.19986E-3,3.56474E-3,3.80265E-3,2.99377E-3,3.34142E-3,3.46708E-3,3.94512E-3,3.95691E-3,3.97031E-3,3.68538E-3,3.84749E-3,3.94338E-3,4.14294E-3
1.03926E+3,NaN,NaN,NaN,NaN,NaN,NaN,NaN,NaN,NaN,NaN,NaN,NaN,NaN,NaN,NaN,NaN,NaN,NaN,NaN,NaN,NaN,NaN,NaN,NaN,NaN,NaN,1.04622E-2,1.03253E-2,1.01885E-2,1.02556E-2,1.04361E-2,1.06166E-2,1.06165E-2,1.05672E-2,1.05178E-2,1.09710E-2,1.14629E-2,1.19419E-2,1.22539E-2,1.25658E-2,6.85986E-3,-2.09236E-2,-4.87070E-2,-7.24573E-2,-8.89451E-2,-1.05433E-1,-1.06364E-1,-9.17333E-2,-7.71024E-2,-7.36427E-2,-7.63917E-2,-7.91408E-2,-8.07432E-2,-8.20328E-2,-8.33224E-2,-6.47115E-2,-2.66336E-2,2.66456E-2,4.66244E-2,3.36867E-2,2.96078E-3,-5.70909E-4,4.19894E-3,4.83186E-3,4.95742E-3,4.27012E-3,4.18145E-3,4.28130E-3,4.78054E-3,4.14723E-3,4.55139E-3,3.55829E-3,3.14344E-3,3.02572E-3,3.34550E-3,2.94923E-3,3.58444E-3,2.76367E-3,2.54573E-3,2.81213E-3,2.09840E-3,1.47105E-3,1.39121E-3,2.21846E-3,1.44067E-3,1.63003E-3,1.33725E-3,7.16158E-4,-1.65375E-4,2.03857E-4,8.41607E-4,-2.36581E-5,3.17502E-4,-6.82435E-4,-8.57015E-4,-7.43516E-4,-1.76246E-3,-2.16792E-3,-2.66797E-3,-2.73763E-3,-3.07321E-3,-3.58673E-3,-3.53592E-3,-3.30743E-3,-3.04981E-3,-2.88563E-3,-2.96103E-3,-2.46670E-3,-2.10510E-3,-2.30292E-3,-2.46844E-3,-2.16497E-3,-1.85755E-3,-1.82703E-3,-1.46114E-3,-1.29969E-3,-2.42486E-3,-1.57246E-3,-8.35671E-4,-1.63865E-3,-2.17189E-3,-1.63712E-3,-1.62250E-3,-2.47293E-3,-8.94299E-4,-1.14526E-3,-5.53554E-4,-3.47519E-4,-1.08711E-3,-6.80555E-4,-3.61284E-4,5.79494E-5,-3.92072E-4,-2.24364E-4,1.09200E-4,4.18462E-4,2.89060E-4
1.04269E+3,NaN,NaN,NaN,NaN,NaN,NaN,NaN,NaN,NaN,NaN,NaN,NaN,NaN,NaN,NaN,NaN,NaN,NaN,NaN,NaN,NaN,NaN,NaN,NaN,NaN,6.44404E-3,6.26015E-3,6.07626E-3,5.95890E-3,6.16751E-3,6.37611E-3,6.49476E-3,6.41539E-3,6.33601E-3,6.33268E-3,6.42036E-3,6.50803E-3,7.54707E-3,9.22542E-3,1.09038E-2,-2.77029E-3,-2.18121E-2,-4.08539E-2,-6.81054E-2,-9.64362E-2,-1.23558E-1,-1.06544E-1,-8.95287E-2,-7.57721E-2,-7.79786E-2,-8.01852E-2,-8.24372E-2,-8.47895E-2,-8.71418E-2,-8.38194E-2,-6.44805E-2,-2.21754E-2,2.31596E-2,3.98567E-2,2.46297E-2,1.03966E-3,-4.03212E-3,2.52885E-4,1.00390E-3,2.71145E-4,3.93459E-4,4.33119E-4,6.72072E-4,5.18281E-4,4.26760E-4,1.59920E-4,-4.79262E-4,-6.81976E-4,-9.32930E-4,-9.31397E-4,-5.69711E-4,-9.52558E-4,-1.21193E-3,-1.26679E-3,-1.74437E-3,-2.14413E-3,-2.21959E-3,-2.29288E-3,-2.81144E-3,-2.91460E-3,-2.67884E-3,-3.25994E-3,-3.68680E-3,-3.76457E-3,-4.02729E-3,-4.23816E-3,-4.24793E-3,-4.47363E-3,-4.89783E-3,-4.84901E-3,-4.98693E-3,-6.09074E-3,-6.24922E-3,-6.77764E-3,-7.08571E-3,-7.30960E-3,-7.30530E-3,-7.95597E-3,-7.33219E-3,-7.69279E-3,-6.85473E-3,-6.94017E-3,-6.45947E-3,-6.19244E-3,-6.24682E-3,-6.33603E-3,-6.06908E-3,-6.29033E-3,-5.69656E-3,-5.96478E-3,-6.07704E-3,-7.04404E-3,-6.08121E-3,-5.67804E-3,-5.59637E-3,-6.18645E-3,-6.23510E-3,-6.06412E-3,-6.40026E-3,-5.25286E-3,-5.34682E-3,-5.03859E-3,-5.09000E-3,-5.02541E-3,-4.83708E-3,-4.35153E-3,-4.15672E-3,-4.44404E-3,-4.29663E-3,-4.08115E-3,-4.04187E-3,-3.57154E-3
1.04613E+3,NaN,NaN,NaN,NaN,NaN,NaN,NaN,NaN,NaN,NaN,NaN,NaN,NaN,NaN,NaN,NaN,NaN,NaN,NaN,NaN,NaN,NaN,NaN,NaN,NaN,2.91801E-3,2.84740E-3,2.77679E-3,2.76060E-3,2.76885E-3,2.77709E-3,2.74481E-3,2.70441E-3,2.66400E-3,2.58531E-3,2.50567E-3,2.70457E-3,4.96939E-3,7.23422E-3,6.03065E-3,-4.95985E-3,-1.59504E-2,-3.75104E-2,-7.46298E-2,-1.11749E-1,-1.21006E-1,-1.07223E-1,-9.34404E-2,-8.89450E-2,-8.86176E-2,-8.82902E-2,-9.06710E-2,-9.35943E-2,-9.65177E-2,-9.45228E-2,-7.34431E-2,-1.95237E-2,2.24259E-2,3.84623E-2,1.78329E-2,-7.62882E-3,-7.29417E-3,-2.43894E-3,-3.23651E-3,-3.15503E-3,-3.37557E-3,-3.51585E-3,-2.87341E-3,-2.96986E-3,-3.35386E-3,-3.42182E-3,-4.36722E-3,-4.24029E-3,-4.21587E-3,-4.48099E-3,-4.41301E-3,-4.82003E-3,-4.75911E-3,-5.26878E-3,-6.03172E-3,-6.36666E-3,-5.35275E-3,-6.41557E-3,-6.76709E-3,-6.57075E-3,-6.62509E-3,-7.63568E-3,-7.42102E-3,-7.96577E-3,-7.59560E-3,-8.28829E-3,-8.44302E-3,-9.14941E-3,-9.28925E-3,-8.92785E-3,-9.28307E-3,-9.68657E-3,-1.06780E-2,-1.10620E-2,-1.07976E-2,-1.12548E-2,-1.17051E-2,-1.19161E-2,-1.19032E-2,-1.14265E-2,-1.13386E-2,-1.08643E-2,-1.08356E-2,-1.08162E-2,-1.05003E-2,-1.05067E-2,-9.85795E-3,-1.08152E-2,-1.01080E-2,-1.01276E-2,-1.01342E-2,-1.11877E-2,-1.02901E-2,-9.65437E-3,-9.84560E-3,-1.01978E-2,-9.97459E-3,-1.01003E-2,-1.05819E-2,-9.65919E-3,-9.47363E-3,-8.92461E-3,-9.16240E-3,-9.06965E-3,-9.03555E-3,-8.57630E-3,-8.31924E-3,-8.32855E-3,-8.70136E-3,-8.34925E-3,-8.01210E-3,-8.23013E-3
1.04956E+3,NaN,NaN,NaN,NaN,NaN,NaN,NaN,NaN,NaN,NaN,NaN,NaN,NaN,NaN,NaN,NaN,NaN,NaN,NaN,NaN,NaN,NaN,NaN,NaN,-2.08020E-5,-1.64818E-4,-3.08835E-4,-3.93507E-4,-2.48068E-4,-1.02629E-4,-9.50237E-5,-3.45799E-4,-5.96574E-4,-6.51026E-4,-5.01742E-4,-3.52459E-4,1.00049E-3,3.04951E-3,5.09854E-3,2.93463E-3,-4.42234E-4,-3.81910E-3,-4.16799E-2,-8.25675E-2,-1.20534E-1,-1.14424E-1,-1.08314E-1,-1.02496E-1,-9.78157E-2,-9.31350E-2,-9.13572E-2,-9.50214E-2,-9.86856E-2,-1.02639E-1,-9.94516E-2,-7.04063E-2,-2.27906E-2,1.64893E-2,2.89393E-2,1.06571E-2,-7.78550E-3,-8.96792E-3,-6.22998E-3,-5.88527E-3,-6.11122E-3,-6.13001E-3,-5.97747E-3,-5.58459E-3,-5.69761E-3,-6.15197E-3,-6.57851E-3,-6.88906E-3,-7.05920E-3,-7.07985E-3,-7.03031E-3,-7.22151E-3,-7.73788E-3,-8.02106E-3,-8.38830E-3,-8.87176E-3,-8.79513E-3,-8.97712E-3,-9.59810E-3,-9.63395E-3,-9.54669E-3,-1.00102E-2,-1.02249E-2,-1.05250E-2,-1.11365E-2,-1.11517E-2,-1.12181E-2,-1.17381E-2,-1.23415E-2,-1.22723E-2,-1.23144E-2,-1.26792E-2,-1.31632E-2,-1.33900E-2,-1.41963E-2,-1.42557E-2,-1.45521E-2,-1.49798E-2,-1.46650E-2,-1.51107E-2,-1.48775E-2,-1.44147E-2,-1.43076E-2,-1.38402E-2,-1.38186E-2,-1.35427E-2,-1.36193E-2,-1.33072E-2,-1.37407E-2,-1.31975E-2,-1.33727E-2,-1.32494E-2,-1.40489E-2,-1.32269E-2,-1.29243E-2,-1.29670E-2,-1.34845E-2,-1.31501E-2,-1.32558E-2,-1.38031E-2,-1.26489E-2,-1.26441E-2,-1.22210E-2,-1.23143E-2,-1.23838E-2,-1.22202E-2,-1.16900E-2,-1.13978E-2,-1.13209E-2,-1.15301E-2,-1.14971E-2,-1.13848E-2,-1.10544E-2
1.05300E+3,NaN,NaN,NaN,NaN,NaN,NaN,NaN,NaN,NaN,NaN,NaN,NaN,NaN,NaN,NaN,NaN,NaN,NaN,NaN,NaN,NaN,NaN,NaN,NaN,-1.80632E-3,-1.82935E-3,-1.85238E-3,-1.80671E-3,-1.73352E-3,-1.66032E-3,-1.92133E-3,-2.23817E-3,-2.55502E-3,-2.55008E-3,-2.54504E-3,-2.34262E-3,-9.52867E-4,4.36888E-4,2.18295E-3,4.82118E-3,7.45941E-3,-7.80163E-3,-4.69593E-2,-8.61169E-2,-1.05932E-1,-1.11221E-1,-1.16510E-1,-1.11205E-1,-1.01656E-1,-9.21071E-2,-9.40795E-2,-9.79772E-2,-1.01875E-1,-1.09162E-1,-1.07748E-1,-7.16452E-2,-2.37537E-2,1.91589E-2,3.06792E-2,2.54498E-3,-1.10621E-2,-1.09762E-2,-6.68247E-3,-7.61998E-3,-7.56413E-3,-7.94007E-3,-7.18925E-3,-7.32656E-3,-7.58067E-3,-7.99138E-3,-8.52574E-3,-8.75782E-3,-8.53544E-3,-8.90516E-3,-8.69484E-3,-9.47237E-3,-9.45351E-3,-9.34602E-3,-1.02183E-2,-1.05635E-2,-1.01019E-2,-1.09700E-2,-1.13175E-2,-1.12431E-2,-1.13144E-2,-1.19731E-2,-1.16698E-2,-1.28826E-2,-1.28125E-2,-1.30561E-2,-1.30712E-2,-1.41042E-2,-1.38009E-2,-1.40217E-2,-1.44894E-2,-1.45555E-2,-1.51682E-2,-1.55757E-2,-1.64742E-2,-1.62235E-2,-1.67142E-2,-1.71646E-2,-1.65346E-2,-1.72094E-2,-1.66687E-2,-1.63498E-2,-1.63251E-2,-1.57752E-2,-1.58076E-2,-1.55662E-2,-1.56417E-2,-1.54908E-2,-1.57434E-2,-1.53158E-2,-1.55655E-2,-1.51355E-2,-1.61789E-2,-1.55821E-2,-1.52048E-2,-1.51539E-2,-1.53279E-2,-1.53852E-2,-1.51364E-2,-1.57159E-2,-1.48872E-2,-1.49205E-2,-1.43374E-2,-1.43925E-2,-1.40524E-2,-1.41787E-2,-1.37570E-2,-1.33027E-2,-1.34786E-2,-1.36485E-2,-1.37616E-2,-1.34355E-2,-1.31836E-2
1.05643E+3,NaN,NaN,NaN,NaN,NaN,NaN,NaN,NaN,NaN,NaN,NaN,NaN,NaN,NaN,NaN,NaN,NaN,NaN,NaN,NaN,NaN,NaN,NaN,-2.47830E-3,-2.46695E-3,-2.45561E-3,-2.44495E-3,-2.43677E-3,-2.42859E-3,-2.51383E-3,-2.76510E-3,-3.01637E-3,-3.16818E-3,-3.22166E-3,-3.27514E-3,-2.85544E-3,-2.17615E-3,-1.49687E-3,3.19844E-3,8.97033E-3,1.47422E-2,-1.50008E-2,-4.73573E-2,-7.86249E-2,-9.63284E-2,-1.14032E-1,-1.25109E-1,-1.12297E-1,-9.94856E-2,-9.24761E-2,-9.57797E-2,-9.90833E-2,-1.04386E-1,-1.11555E-1,-1.04041E-1,-7.10091E-2,-2.37803E-2,1.58834E-2,2.09824E-2,2.59325E-3,-9.53587E-3,-1.03146E-2,-7.76653E-3,-7.68919E-3,-8.01911E-3,-7.87439E-3,-7.63483E-3,-7.74109E-3,-7.92658E-3,-8.40453E-3,-8.86284E-3,-8.82530E-3,-9.01277E-3,-9.15286E-3,-9.34515E-3,-9.91112E-3,-9.85259E-3,-9.98481E-3,-1.06706E-2,-1.05339E-2,-1.07575E-2,-1.15363E-2,-1.18229E-2,-1.18707E-2,-1.21858E-2,-1.23045E-2,-1.27288E-2,-1.34878E-2,-1.35065E-2,-1.36438E-2,-1.41842E-2,-1.45306E-2,-1.46525E-2,-1.49983E-2,-1.52425E-2,-1.51273E-2,-1.58512E-2,-1.63356E-2,-1.68723E-2,-1.72922E-2,-1.76302E-2,-1.80029E-2,-1.73191E-2,-1.77648E-2,-1.74455E-2,-1.71377E-2,-1.71145E-2,-1.65360E-2,-1.63926E-2,-1.62770E-2,-1.64232E-2,-1.62789E-2,-1.62657E-2,-1.61898E-2,-1.61603E-2,-1.60901E-2,-1.67797E-2,-1.63792E-2,-1.60571E-2,-1.57463E-2,-1.59166E-2,-1.58396E-2,-1.59608E-2,-1.65960E-2,-1.59062E-2,-1.56429E-2,-1.51340E-2,-1.52278E-2,-1.49377E-2,-1.49912E-2,-1.44198E-2,-1.39372E-2,-1.39957E-2,-1.46041E-2,-1.46044E-2,-1.41631E-2,-1.40673E-2
1.05987E+3,NaN,NaN,NaN,NaN,NaN,NaN,NaN,NaN,NaN,NaN,NaN,NaN,NaN,NaN,NaN,NaN,NaN,NaN,NaN,NaN,NaN,NaN,NaN,-2.34700E-3,-2.15029E-3,-1.95357E-3,-1.89904E-3,-1.90127E-3,-1.90350E-3,-2.10034E-3,-2.32952E-3,-2.55866E-3,-2.70894E-3,-2.85922E-3,-2.97811E-3,-2.90933E-3,-2.84056E-3,-1.04985E-3,5.03673E-3,1.11233E-2,5.21202E-3,-1.66687E-2,-3.85495E-2,-6.44330E-2,-9.33134E-2,-1.22194E-1,-1.21391E-1,-1.08739E-1,-9.60874E-2,-9.56110E-2,-9.71567E-2,-9.87041E-2,-1.04033E-1,-1.15992E-1,-1.08953E-1,-7.32664E-2,-2.03388E-2,2.37451E-2,2.03979E-2,1.92154E-3,-1.07203E-2,-9.38287E-3,-6.09675E-3,-7.46004E-3,-7.58845E-3,-7.07647E-3,-6.85803E-3,-7.06187E-3,-6.91930E-3,-7.98980E-3,-8.19511E-3,-7.97026E-3,-8.57557E-3,-8.38560E-3,-9.09791E-3,-9.41131E-3,-8.77359E-3,-1.00686E-2,-1.04784E-2,-9.76001E-3,-1.09603E-2,-1.14179E-2,-1.12918E-2,-1.14939E-2,-1.21839E-2,-1.18848E-2,-1.31406E-2,-1.30673E-2,-1.30330E-2,-1.34153E-2,-1.46213E-2,-1.43077E-2,-1.43082E-2,-1.50213E-2,-1.47041E-2,-1.48070E-2,-1.56717E-2,-1.62313E-2,-1.63750E-2,-1.72987E-2,-1.76094E-2,-1.78499E-2,-1.72943E-2,-1.75250E-2,-1.70437E-2,-1.69835E-2,-1.69015E-2,-1.65276E-2,-1.64337E-2,-1.63102E-2,-1.62973E-2,-1.61326E-2,-1.60963E-2,-1.62018E-2,-1.61606E-2,-1.60402E-2,-1.66059E-2,-1.61617E-2,-1.58329E-2,-1.53751E-2,-1.58894E-2,-1.59577E-2,-1.60380E-2,-1.66911E-2,-1.59111E-2,-1.56580E-2,-1.52420E-2,-1.52721E-2,-1.48079E-2,-1.48914E-2,-1.42066E-2,-1.38821E-2,-1.39631E-2,-1.44809E-2,-1.44765E-2,-1.41744E-2,-1.38498E-2
1.06330E+3,NaN,NaN,NaN,NaN,NaN,NaN,NaN,NaN,NaN,NaN,NaN,NaN,NaN,NaN,NaN,NaN,NaN,NaN,NaN,NaN,NaN,NaN,-1.46059E-3,-1.29238E-3,-1.12417E-3,-9.95341E-4,-1.01769E-3,-1.04003E-3,-1.09807E-3,-1.22253E-3,-1.34699E-3,-1.53799E-3,-1.79757E-3,-2.05715E-3,-2.23753E-3,-2.37242E-3,-2.50731E-3,7.72512E-4,5.02610E-3,9.27969E-3,4.57549E-4,-9.48671E-3,-2.11573E-2,-5.81512E-2,-9.51450E-2,-1.22738E-1,-1.14246E-1,-1.05755E-1,-9.97664E-2,-9.84356E-2,-9.71049E-2,-9.81515E-2,-1.05998E-1,-1.15208E-1,-1.06555E-1,-6.98857E-2,-1.74712E-2,1.78764E-2,1.85193E-2,3.20896E-3,-7.25431E-3,-7.24359E-3,-5.24916E-3,-5.94676E-3,-6.20147E-3,-6.11872E-3,-6.22529E-3,-6.03826E-3,-6.23668E-3,-6.77524E-3,-6.79729E-3,-7.13945E-3,-7.30426E-3,-7.47201E-3,-8.04471E-3,-8.01022E-3,-8.45046E-3,-9.23994E-3,-9.13296E-3,-9.33338E-3,-1.00502E-2,-1.02192E-2,-1.03069E-2,-1.08774E-2,-1.10326E-2,-1.13289E-2,-1.20496E-2,-1.22260E-2,-1.23942E-2,-1.31162E-2,-1.34089E-2,-1.33082E-2,-1.37950E-2,-1.39274E-2,-1.38750E-2,-1.41877E-2,-1.51543E-2,-1.55718E-2,-1.55703E-2,-1.64268E-2,-1.70123E-2,-1.72407E-2,-1.65412E-2,-1.66862E-2,-1.61782E-2,-1.62856E-2,-1.59924E-2,-1.57489E-2,-1.55988E-2,-1.55871E-2,-1.56448E-2,-1.53452E-2,-1.51661E-2,-1.54752E-2,-1.53492E-2,-1.53528E-2,-1.56408E-2,-1.54648E-2,-1.51141E-2,-1.43675E-2,-1.48975E-2,-1.52589E-2,-1.54333E-2,-1.60580E-2,-1.52602E-2,-1.48600E-2,-1.47096E-2,-1.46708E-2,-1.39335E-2,-1.41746E-2,-1.36086E-2,-1.31821E-2,-1.31751E-2,-1.38046E-2,-1.40292E-2,-1.34547E-2,-1.32528E-2
1.06674E+3,NaN,NaN,NaN,NaN,NaN,NaN,NaN,NaN,NaN,NaN,NaN,NaN,NaN,NaN,NaN,NaN,NaN,NaN,NaN,NaN,NaN,NaN,-5.78189E-4,-4.17350E-4,-2.56512E-4,-1.40271E-4,-4.37716E-5,5.27279E-5,-2.93448E-5,-1.46443E-4,-2.63541E-4,-5.11907E-4,-7.63106E-4,-1.01428E-3,-1.26524E-3,-1.51620E-3,-1.19544E-3,7.14357E-4,2.62415E-3,3.89633E-3,4.24123E-3,4.58612E-3,-1.73821E-2,-5.75839E-2,-9.77857E-2,-1.09574E-1,-1.08785E-1,-1.07996E-1,-1.03917E-1,-9.91927E-2,-9.44687E-2,-9.61188E-2,-1.05787E-1,-1.19927E-1,-1.09854E-1,-6.82708E-2,-8.40064E-3,2.48381E-2,1.96463E-2,3.27315E-3,-8.06693E-3,-4.62591E-3,-3.56844E-3,-5.04120E-3,-4.77850E-3,-4.69973E-3,-4.88922E-3,-4.43355E-3,-5.10848E-3,-5.53361E-3,-5.56158E-3,-6.32976E-3,-5.74311E-3,-6.66989E-3,-7.00624E-3,-6.22133E-3,-7.62747E-3,-8.13961E-3,-7.61302E-3,-8.54322E-3,-9.11582E-3,-8.94051E-3,-9.45960E-3,-1.00051E-2,-9.79444E-3,-1.05990E-2,-1.09683E-2,-1.08772E-2,-1.11582E-2,-1.25447E-2,-1.21167E-2,-1.26436E-2,-1.32350E-2,-1.27356E-2,-1.29831E-2,-1.34270E-2,-1.41076E-2,-1.45286E-2,-1.49234E-2,-1.53253E-2,-1.58982E-2,-1.59859E-2,-1.54921E-2,-1.54522E-2,-1.53522E-2,-1.55427E-2,-1.50851E-2,-1.50732E-2,-1.47569E-2,-1.48162E-2,-1.48169E-2,-1.44222E-2,-1.43489E-2,-1.46633E-2,-1.42449E-2,-1.44191E-2,-1.46241E-2,-1.45018E-2,-1.40641E-2,-1.33910E-2,-1.40697E-2,-1.44937E-2,-1.47662E-2,-1.52378E-2,-1.43999E-2,-1.40913E-2,-1.38823E-2,-1.37089E-2,-1.29138E-2,-1.33215E-2,-1.26429E-2,-1.23822E-2,-1.23288E-2,-1.29968E-2,-1.30940E-2,-1.24082E-2,-1.22694E-2
1.07018E+3,NaN,NaN,NaN,NaN,NaN,NaN,NaN,NaN,NaN,NaN,NaN,NaN,NaN,NaN,NaN,NaN,NaN,NaN,NaN,NaN,NaN,1.08328E-4,2.52554E-4,3.96780E-4,5.27981E-4,5.97456E-4,6.66931E-4,7.33452E-4,7.93608E-4,8.53765E-4,6.65343E-4,1.85063E-4,-2.95217E-4,-6.24466E-4,-8.54204E-4,-1.08394E-3,-9.98720E-4,-8.06076E-4,-6.13432E-4,5.84100E-3,1.30810E-2,1.88926E-2,-1.93759E-2,-5.76444E-2,-9.08925E-2,-1.00349E-1,-1.09806E-1,-1.13700E-1,-1.05613E-1,-9.75265E-2,-9.37940E-2,-9.74329E-2,-1.08389E-1,-1.18256E-1,-1.05273E-1,-6.09441E-2,-6.29597E-3,2.18245E-2,1.85275E-2,4.05871E-3,-4.93269E-3,-3.77830E-3,-3.10643E-3,-3.84007E-3,-3.60398E-3,-3.67779E-3,-3.56829E-3,-3.66581E-3,-4.10165E-3,-4.24111E-3,-4.71682E-3,-4.85891E-3,-5.10906E-3,-5.87859E-3,-5.79203E-3,-5.93113E-3,-6.82959E-3,-6.88158E-3,-7.11996E-3,-7.84282E-3,-7.96802E-3,-8.05510E-3,-8.58580E-3,-8.79387E-3,-9.15783E-3,-9.84710E-3,-1.00259E-2,-1.01470E-2,-1.08529E-2,-1.13450E-2,-1.13057E-2,-1.19818E-2,-1.22317E-2,-1.21344E-2,-1.24246E-2,-1.27403E-2,-1.35472E-2,-1.38431E-2,-1.43237E-2,-1.47944E-2,-1.49464E-2,-1.53523E-2,-1.50614E-2,-1.47284E-2,-1.47988E-2,-1.47515E-2,-1.42445E-2,-1.44291E-2,-1.40071E-2,-1.40745E-2,-1.41273E-2,-1.36260E-2,-1.35453E-2,-1.40673E-2,-1.34948E-2,-1.36733E-2,-1.39823E-2,-1.38601E-2,-1.33514E-2,-1.27458E-2,-1.34608E-2,-1.38034E-2,-1.41187E-2,-1.44978E-2,-1.34005E-2,-1.32163E-2,-1.31450E-2,-1.30288E-2,-1.22390E-2,-1.23557E-2,-1.18496E-2,-1.16938E-2,-1.16350E-2,-1.21381E-2,-1.24613E-2,-1.18515E-2,-1.15233E-2
1.07362E+3,NaN,NaN,NaN,NaN,NaN,NaN,NaN,NaN,NaN,NaN,NaN,NaN,NaN,NaN,NaN,NaN,NaN,NaN,NaN,NaN,NaN,5.60291E-4,7.30878E-4,9.01465E-4,9.53660E-4,9.42108E-4,9.30555E-4,1.00167E-3,1.09439E-3,1.18711E-3,8.16001E-4,4.13034E-4,6.62663E-6,-4.40130E-4,-8.86886E-4,-1.32217E-3,-1.71714E-3,-2.11211E-3,1.24043E-3,1.11325E-2,2.10246E-2,9.82208E-3,-2.18803E-2,-5.35827E-2,-7.78273E-2,-9.80563E-2,-1.18285E-1,-1.14679E-1,-1.04845E-1,-9.50106E-2,-9.45934E-2,-9.77594E-2,-1.11075E-1,-1.22662E-1,-1.07764E-1,-5.54990E-2,4.17661E-3,2.33104E-2,1.92957E-2,1.62666E-3,-4.89244E-3,-2.48426E-3,-2.84774E-3,-3.09644E-3,-2.79982E-3,-3.00590E-3,-2.82397E-3,-3.41337E-3,-3.41297E-3,-3.88242E-3,-4.33083E-3,-4.02891E-3,-4.73504E-3,-5.25364E-3,-4.60695E-3,-5.73023E-3,-6.52846E-3,-6.09509E-3,-7.02903E-3,-7.30299E-3,-7.25474E-3,-7.86748E-3,-8.30042E-3,-8.28775E-3,-9.01877E-3,-9.38082E-3,-9.66797E-3,-9.71943E-3,-1.07912E-2,-1.04822E-2,-1.11934E-2,-1.17275E-2,-1.15270E-2,-1.18892E-2,-1.20273E-2,-1.26134E-2,-1.32606E-2,-1.36032E-2,-1.44592E-2,-1.46360E-2,-1.50183E-2,-1.52163E-2,-1.53776E-2,-1.46963E-2,-1.43937E-2,-1.45772E-2,-1.38839E-2,-1.42589E-2,-1.37123E-2,-1.38089E-2,-1.38971E-2,-1.32828E-2,-1.32562E-2,-1.38275E-2,-1.31500E-2,-1.35057E-2,-1.37235E-2,-1.34122E-2,-1.30224E-2,-1.25462E-2,-1.32351E-2,-1.35417E-2,-1.39782E-2,-1.43599E-2,-1.31439E-2,-1.29576E-2,-1.29837E-2,-1.26289E-2,-1.19418E-2,-1.21657E-2,-1.16566E-2,-1.15314E-2,-1.15013E-2,-1.18047E-2,-1.20102E-2,-1.13733E-2,-1.11139E-2
1.07706E+3,NaN,NaN,NaN,NaN,NaN,NaN,NaN,NaN,NaN,NaN,NaN,NaN,NaN,NaN,NaN,NaN,NaN,NaN,NaN,NaN,NaN,6.75094E-4,8.15878E-4,9.37930E-4,9.23310E-4,9.08690E-4,9.35295E-4,1.07719E-3,1.21909E-3,1.16047E-3,8.08763E-4,4.57062E-4,-2.11250E-5,-6.03176E-4,-1.18523E-3,-1.66673E-3,-2.10348E-3,-2.54022E-3,5.14008E-3,1.44265E-2,2.37129E-2,2.33626E-3,-1.97406E-2,-4.27592E-2,-7.26490E-2,-1.02539E-1,-1.22106E-1,-1.12802E-1,-1.03499E-1,-9.71469E-2,-9.66109E-2,-1.01568E-1,-1.13736E-1,-1.21818E-1,-1.01929E-1,-4.81571E-2,2.99487E-3,2.09912E-2,1.64308E-2,2.06274E-3,-3.88151E-3,-2.64821E-3,-2.08313E-3,-2.44818E-3,-2.45115E-3,-2.63261E-3,-2.74806E-3,-2.97764E-3,-3.20123E-3,-3.55463E-3,-3.66931E-3,-3.88540E-3,-4.55347E-3,-4.68596E-3,-4.70708E-3,-5.51953E-3,-5.96372E-3,-6.19877E-3,-6.75116E-3,-6.81012E-3,-6.99190E-3,-7.54645E-3,-7.77659E-3,-8.17818E-3,-8.73818E-3,-9.00714E-3,-9.23105E-3,-9.59372E-3,-1.01381E-2,-1.04586E-2,-1.12319E-2,-1.13478E-2,-1.12250E-2,-1.15342E-2,-1.19678E-2,-1.23015E-2,-1.31913E-2,-1.39904E-2,-1.44810E-2,-1.46155E-2,-1.51831E-2,-1.54648E-2,-1.51205E-2,-1.49836E-2,-1.41569E-2,-1.43976E-2,-1.37111E-2,-1.40338E-2,-1.35962E-2,-1.38189E-2,-1.40636E-2,-1.32091E-2,-1.32446E-2,-1.35825E-2,-1.29834E-2,-1.35974E-2,-1.35364E-2,-1.31941E-2,-1.29784E-2,-1.25870E-2,-1.32511E-2,-1.33277E-2,-1.37457E-2,-1.43175E-2,-1.30161E-2,-1.27018E-2,-1.26943E-2,-1.24430E-2,-1.18627E-2,-1.19637E-2,-1.16086E-2,-1.14660E-2,-1.13914E-2,-1.17207E-2,-1.19244E-2,-1.12384E-2,-1.10200E-2
1.08050E+3,NaN,NaN,NaN,NaN,NaN,NaN,NaN,NaN,NaN,NaN,NaN,NaN,NaN,NaN,NaN,NaN,NaN,NaN,NaN,NaN,7.48484E-4,7.24730E-4,7.00977E-4,6.81194E-4,6.64216E-4,6.47239E-4,7.55279E-4,9.09852E-4,1.06443E-3,9.19092E-4,7.29581E-4,5.32221E-4,-1.99866E-4,-9.31953E-4,-1.58312E-3,-1.80087E-3,-2.01861E-3,-1.84897E-4,6.43149E-3,1.30479E-2,1.19490E-2,1.15099E-3,-9.64705E-3,-3.59066E-2,-7.30943E-2,-1.10282E-1,-1.16140E-1,-1.10337E-1,-1.04534E-1,-9.93528E-2,-9.86851E-2,-1.03239E-1,-1.17543E-1,-1.26973E-1,-1.01699E-1,-3.74156E-2,4.19127E-3,2.13681E-2,1.40168E-2,3.22506E-4,-4.12156E-3,-1.44065E-3,-1.91394E-3,-1.91140E-3,-2.14051E-3,-2.38835E-3,-2.53661E-3,-2.68574E-3,-3.10086E-3,-3.24886E-3,-3.47973E-3,-3.94346E-3,-4.43359E-3,-4.01511E-3,-4.72538E-3,-5.57769E-3,-5.56027E-3,-6.12884E-3,-6.39504E-3,-6.47391E-3,-7.05973E-3,-7.56943E-3,-7.66304E-3,-8.25207E-3,-8.54085E-3,-8.91000E-3,-8.99986E-3,-9.62385E-3,-9.85483E-3,-1.06904E-2,-1.09733E-2,-1.09688E-2,-1.12879E-2,-1.13430E-2,-1.20644E-2,-1.21068E-2,-1.32200E-2,-1.36128E-2,-1.43089E-2,-1.46240E-2,-1.51168E-2,-1.51966E-2,-1.50211E-2,-1.53412E-2,-1.43509E-2,-1.43384E-2,-1.37705E-2,-1.39871E-2,-1.36136E-2,-1.39246E-2,-1.38894E-2,-1.34362E-2,-1.34766E-2,-1.35942E-2,-1.30985E-2,-1.37507E-2,-1.37294E-2,-1.31415E-2,-1.29076E-2,-1.26860E-2,-1.32065E-2,-1.32768E-2,-1.38192E-2,-1.43565E-2,-1.28788E-2,-1.25075E-2,-1.23616E-2,-1.22894E-2,-1.18782E-2,-1.18567E-2,-1.14644E-2,-1.14107E-2,-1.13770E-2,-1.15073E-2,-1.16722E-2,-1.10331E-2,-1.08577E-2
1.08394E+3,NaN,NaN,NaN,NaN,NaN,NaN,NaN,NaN,NaN,NaN,NaN,NaN,NaN,NaN,NaN,NaN,NaN,NaN,NaN,NaN,7.35350E-4,6.78436E-4,6.22068E-4,5.76975E-4,5.31883E-4,5.11851E-4,5.99331E-4,6.86811E-4,7.51307E-4,7.69534E-4,7.87760E-4,4.30720E-4,-3.41513E-4,-1.11375E-3,-1.54538E-3,-1.76614E-3,-1.98689E-3,7.80458E-4,4.48904E-3,8.19763E-3,8.08680E-3,7.56718E-3,5.19079E-3,-3.55412E-2,-7.62731E-2,-1.09434E-1,-1.10113E-1,-1.10791E-1,-1.08378E-1,-1.02047E-1,-1.01546E-1,-1.07046E-1,-1.20576E-1,-1.25926E-1,-9.48295E-2,-3.62728E-2,1.88641E-3,1.79311E-2,1.26981E-2,8.31196E-4,-3.33845E-3,-1.19485E-3,-1.36327E-3,-1.58706E-3,-1.86896E-3,-2.19901E-3,-2.34402E-3,-2.62309E-3,-2.73495E-3,-2.91163E-3,-3.35739E-3,-3.70300E-3,-3.93823E-3,-3.87665E-3,-4.45131E-3,-5.19237E-3,-5.38723E-3,-5.76797E-3,-5.95906E-3,-6.32140E-3,-6.91624E-3,-7.29344E-3,-7.39893E-3,-7.85813E-3,-8.34562E-3,-8.74073E-3,-8.81535E-3,-9.21570E-3,-9.79619E-3,-1.05298E-2,-1.06772E-2,-1.07906E-2,-1.09879E-2,-1.11710E-2,-1.18181E-2,-1.21243E-2,-1.31087E-2,-1.33223E-2,-1.40682E-2,-1.47183E-2,-1.52093E-2,-1.49858E-2,-1.49322E-2,-1.51909E-2,-1.42551E-2,-1.39697E-2,-1.36990E-2,-1.37723E-2,-1.35265E-2,-1.37240E-2,-1.36612E-2,-1.33527E-2,-1.33127E-2,-1.32853E-2,-1.30330E-2,-1.36211E-2,-1.36777E-2,-1.30650E-2,-1.29756E-2,-1.27497E-2,-1.31533E-2,-1.30862E-2,-1.35892E-2,-1.43071E-2,-1.27050E-2,-1.23807E-2,-1.23258E-2,-1.21598E-2,-1.18786E-2,-1.15149E-2,-1.14658E-2,-1.13952E-2,-1.12564E-2,-1.11098E-2,-1.13617E-2,-1.08265E-2,-1.07112E-2
1.08738E+3,NaN,NaN,NaN,NaN,NaN,NaN,NaN,NaN,NaN,NaN,NaN,NaN,NaN,NaN,NaN,NaN,NaN,NaN,NaN,7.61179E-4,6.65087E-4,5.68996E-4,5.23278E-4,5.27643E-4,5.32008E-4,5.22318E-4,5.04870E-4,4.87421E-4,6.42825E-4,8.44967E-4,1.04711E-3,3.78461E-4,-3.55710E-4,-1.07011E-3,-1.53298E-3,-1.99586E-3,-2.01179E-3,-4.02935E-4,1.20592E-3,4.77695E-3,1.18577E-2,1.89384E-2,2.38977E-3,-3.76517E-2,-7.76932E-2,-9.81763E-2,-1.07862E-1,-1.17548E-1,-1.10334E-1,-1.05014E-1,-1.03472E-1,-1.10688E-1,-1.25612E-1,-1.30017E-1,-8.62916E-2,-3.59849E-2,1.18647E-3,1.70342E-2,1.12793E-2,-7.98333E-5,-2.08146E-3,-7.22472E-4,-9.68738E-4,-1.16536E-3,-1.65830E-3,-1.87990E-3,-2.02306E-3,-2.11816E-3,-2.23706E-3,-2.72409E-3,-3.04643E-3,-3.37605E-3,-3.37613E-3,-3.49593E-3,-4.30841E-3,-4.63225E-3,-5.03688E-3,-5.22581E-3,-5.74456E-3,-6.13762E-3,-6.70861E-3,-6.82584E-3,-6.96586E-3,-7.62629E-3,-8.22822E-3,-8.34027E-3,-8.31770E-3,-8.83902E-3,-9.81918E-3,-9.97060E-3,-1.03474E-2,-1.06508E-2,-1.06076E-2,-1.10927E-2,-1.15628E-2,-1.18909E-2,-1.28090E-2,-1.33316E-2,-1.39963E-2,-1.47096E-2,-1.51538E-2,-1.46123E-2,-1.48744E-2,-1.50692E-2,-1.41551E-2,-1.38474E-2,-1.35982E-2,-1.34760E-2,-1.33810E-2,-1.37207E-2,-1.35846E-2,-1.35261E-2,-1.32755E-2,-1.30031E-2,-1.29686E-2,-1.35960E-2,-1.37205E-2,-1.30242E-2,-1.28270E-2,-1.28188E-2,-1.30579E-2,-1.29031E-2,-1.33026E-2,-1.40438E-2,-1.25791E-2,-1.21478E-2,-1.19226E-2,-1.18119E-2,-1.17022E-2,-1.13701E-2,-1.12013E-2,-1.11701E-2,-1.10239E-2,-1.08177E-2,-1.10343E-2,-1.05614E-2,-1.03918E-2
1.09082E+3,NaN,NaN,NaN,NaN,NaN,NaN,NaN,NaN,NaN,NaN,NaN,NaN,NaN,NaN,NaN,NaN,NaN,NaN,NaN,7.17745E-4,5.88574E-4,4.59403E-4,4.17401E-4,3.79815E-4,3.40607E-4,2.85888E-4,2.31169E-4,2.92769E-4,7.27801E-4,1.16283E-3,1.18416E-3,5.31537E-4,-1.21085E-4,-8.67820E-4,-1.70031E-3,-2.53281E-3,-2.48731E-3,-2.00165E-3,-1.51599E-3,7.78142E-3,1.91601E-2,3.05388E-2,-2.32324E-3,-3.74260E-2,-7.11110E-2,-9.12346E-2,-1.11358E-1,-1.23759E-1,-1.13041E-1,-1.07939E-1,-1.06281E-1,-1.14947E-1,-1.29247E-1,-1.30084E-1,-8.66060E-2,-3.87260E-2,-8.77268E-4,1.69881E-2,1.14234E-2,4.54461E-4,-2.45575E-3,-2.49185E-4,-7.24886E-4,-9.38327E-4,-1.35374E-3,-1.62943E-3,-1.70122E-3,-1.70773E-3,-1.82423E-3,-2.27547E-3,-2.55151E-3,-2.94377E-3,-3.16054E-3,-3.24540E-3,-3.98983E-3,-4.35212E-3,-4.58972E-3,-4.82614E-3,-5.42817E-3,-5.84741E-3,-6.40309E-3,-6.49687E-3,-6.76666E-3,-7.55610E-3,-7.92769E-3,-7.83878E-3,-7.71347E-3,-8.69479E-3,-9.50518E-3,-9.50731E-3,-1.01635E-2,-1.03056E-2,-1.00298E-2,-1.08597E-2,-1.14765E-2,-1.19199E-2,-1.23592E-2,-1.33026E-2,-1.38755E-2,-1.41775E-2,-1.48278E-2,-1.43347E-2,-1.47720E-2,-1.46509E-2,-1.40073E-2,-1.36116E-2,-1.33404E-2,-1.31670E-2,-1.32023E-2,-1.33935E-2,-1.33430E-2,-1.33056E-2,-1.29587E-2,-1.27076E-2,-1.28359E-2,-1.32762E-2,-1.37550E-2,-1.28775E-2,-1.25544E-2,-1.27142E-2,-1.28374E-2,-1.26219E-2,-1.30450E-2,-1.38789E-2,-1.23708E-2,-1.18214E-2,-1.14299E-2,-1.13405E-2,-1.15411E-2,-1.12320E-2,-1.11458E-2,-1.10350E-2,-1.07848E-2,-1.05258E-2,-1.06797E-2,-1.02049E-2,-1.01233E-2
1.09426E+3,NaN,NaN,NaN,NaN,NaN,NaN,NaN,NaN,NaN,NaN,NaN,NaN,NaN,NaN,NaN,NaN,NaN,NaN,6.58572E-4,4.79209E-4,2.99846E-4,1.91693E-4,1.91573E-4,1.91454E-4,1.62406E-4,1.08731E-4,5.50547E-5,3.38888E-4,7.79375E-4,1.21986E-3,9.95094E-4,6.30040E-4,2.64986E-4,-7.39535E-4,-1.76471E-3,-2.68707E-3,-2.79064E-3,-2.89421E-3,1.18264E-4,1.22623E-2,2.44064E-2,2.13370E-2,-4.81331E-3,-3.09636E-2,-5.96720E-2,-9.05583E-2,-1.21445E-1,-1.24315E-1,-1.16978E-1,-1.09543E-1,-1.10184E-1,-1.18531E-1,-1.36613E-1,-1.27254E-1,-8.82335E-2,-4.11130E-2,-1.12442E-4,1.65279E-2,1.09008E-2,-2.14743E-4,-1.53834E-3,-1.02890E-4,-2.30800E-4,-7.35464E-4,-1.03552E-3,-1.21465E-3,-1.28656E-3,-1.34848E-3,-1.56797E-3,-1.90171E-3,-2.51820E-3,-2.97708E-3,-2.84916E-3,-3.24121E-3,-3.62579E-3,-4.20868E-3,-4.30380E-3,-4.79545E-3,-5.02484E-3,-5.77436E-3,-6.18159E-3,-6.02262E-3,-6.74941E-3,-7.44298E-3,-7.58510E-3,-7.01762E-3,-7.64488E-3,-8.71221E-3,-8.92184E-3,-9.70975E-3,-1.03048E-2,-9.77514E-3,-1.01047E-2,-1.09114E-2,-1.15035E-2,-1.20671E-2,-1.18157E-2,-1.32959E-2,-1.40363E-2,-1.38923E-2,-1.46095E-2,-1.42586E-2,-1.46562E-2,-1.45306E-2,-1.38970E-2,-1.34933E-2,-1.34489E-2,-1.32074E-2,-1.31893E-2,-1.31495E-2,-1.32948E-2,-1.33041E-2,-1.28054E-2,-1.24403E-2,-1.27771E-2,-1.31324E-2,-1.37154E-2,-1.28021E-2,-1.25313E-2,-1.26379E-2,-1.28019E-2,-1.26134E-2,-1.29217E-2,-1.35039E-2,-1.20656E-2,-1.15450E-2,-1.13083E-2,-1.12268E-2,-1.15738E-2,-1.13126E-2,-1.11484E-2,-1.09868E-2,-1.05913E-2,-1.02188E-2,-1.05295E-2,-1.00145E-2,-9.95983E-3
1.09771E+3,NaN,NaN,NaN,NaN,NaN,NaN,NaN,NaN,NaN,NaN,NaN,NaN,NaN,NaN,NaN,NaN,NaN,NaN,4.00722E-4,2.54409E-4,1.08095E-4,6.97408E-5,5.22612E-5,3.47815E-5,-4.88286E-5,-1.33731E-4,-1.46091E-4,3.55491E-4,8.57073E-4,1.17941E-3,1.00851E-3,8.37621E-4,2.90844E-4,-7.98173E-4,-1.88719E-3,-2.62722E-3,-3.08432E-3,-3.54141E-3,3.72008E-3,1.43670E-2,2.50139E-2,1.42005E-2,-7.62123E-4,-1.57248E-2,-5.52398E-2,-9.52346E-2,-1.29784E-1,-1.25655E-1,-1.20064E-1,-1.10567E-1,-1.13062E-1,-1.21364E-1,-1.42212E-1,-1.32152E-1,-9.25702E-2,-4.26261E-2,3.74249E-3,1.89234E-2,1.15735E-2,-2.38263E-3,-1.14771E-3,7.05278E-4,-2.11087E-4,-6.67519E-4,-8.56464E-4,-9.77389E-4,-8.48872E-4,-1.01497E-3,-1.17869E-3,-1.79338E-3,-2.45045E-3,-2.97913E-3,-2.47949E-3,-3.14253E-3,-3.42691E-3,-4.19505E-3,-3.90640E-3,-4.77769E-3,-4.82628E-3,-5.63265E-3,-5.81302E-3,-5.56304E-3,-6.78383E-3,-7.14896E-3,-7.00876E-3,-6.30638E-3,-7.81008E-3,-8.77946E-3,-8.74126E-3,-9.99524E-3,-1.01273E-2,-9.21303E-3,-1.01036E-2,-1.11212E-2,-1.15985E-2,-1.20159E-2,-1.21846E-2,-1.36759E-2,-1.40605E-2,-1.37862E-2,-1.42310E-2,-1.44997E-2,-1.42881E-2,-1.43898E-2,-1.38184E-2,-1.34954E-2,-1.35020E-2,-1.30716E-2,-1.31977E-2,-1.30543E-2,-1.33473E-2,-1.31941E-2,-1.26165E-2,-1.23880E-2,-1.28216E-2,-1.29486E-2,-1.37189E-2,-1.27150E-2,-1.24747E-2,-1.25385E-2,-1.26723E-2,-1.25146E-2,-1.27004E-2,-1.32098E-2,-1.19212E-2,-1.14063E-2,-1.09675E-2,-1.08757E-2,-1.12675E-2,-1.11373E-2,-1.12864E-2,-1.10292E-2,-1.04248E-2,-1.02683E-2,-1.04955E-2,-9.83929E-3,-9.82441E-3
1.10115E+3,NaN,NaN,NaN,NaN,NaN,NaN,NaN,NaN,NaN,NaN,NaN,NaN,NaN,NaN,NaN,NaN,NaN,2.57630E-4,1.44702E-4,3.17745E-5,-5.49585E-5,-7.22706E-5,-8.95826E-5,-1.64700E-4,-3.20693E-4,-4.76687E-4,-2.74644E-4,2.09087E-4,6.92818E-4,9.73519E-4,1.16825E-3,1.36298E-3,4.46239E-4,-6.73782E-4,-1.79380E-3,-2.63575E-3,-3.47439E-3,-3.14320E-3,4.94124E-3,1.30257E-2,1.80039E-2,1.47499E-2,1.14960E-2,-9.83443E-3,-5.64563E-2,-1.03078E-1,-1.26551E-1,-1.28506E-1,-1.20881E-1,-1.14149E-1,-1.14748E-1,-1.29268E-1,-1.45393E-1,-1.34665E-1,-9.55233E-2,-3.97683E-2,4.30474E-3,1.84217E-2,8.65121E-3,-1.08821E-3,-3.35838E-4,5.60688E-4,-2.22744E-4,-6.19602E-4,-8.72664E-4,-7.07053E-4,-5.37523E-4,-6.16613E-4,-1.03309E-3,-1.74858E-3,-2.64256E-3,-2.54361E-3,-2.51397E-3,-2.89996E-3,-3.63070E-3,-3.77777E-3,-3.86908E-3,-4.24217E-3,-4.83148E-3,-5.49300E-3,-5.34926E-3,-5.87233E-3,-6.64353E-3,-6.78115E-3,-6.21569E-3,-6.73492E-3,-8.02826E-3,-8.40252E-3,-9.12160E-3,-9.91239E-3,-9.42407E-3,-9.36229E-3,-1.03149E-2,-1.10527E-2,-1.16365E-2,-1.15075E-2,-1.27241E-2,-1.40083E-2,-1.40269E-2,-1.41574E-2,-1.37426E-2,-1.42310E-2,-1.41139E-2,-1.44214E-2,-1.37352E-2,-1.34136E-2,-1.36752E-2,-1.30174E-2,-1.30931E-2,-1.28758E-2,-1.34578E-2,-1.31428E-2,-1.27008E-2,-1.21862E-2,-1.26440E-2,-1.27122E-2,-1.36469E-2,-1.25565E-2,-1.23078E-2,-1.23767E-2,-1.27012E-2,-1.25057E-2,-1.25083E-2,-1.29495E-2,-1.19107E-2,-1.12916E-2,-1.07687E-2,-1.07680E-2,-1.11980E-2,-1.11310E-2,-1.13030E-2,-1.10734E-2,-1.04254E-2,-1.03137E-2,-1.06389E-2,-9.86201E-3,-9.88784E-3
1.10459E+3,NaN,NaN,NaN,NaN,NaN,NaN,NaN,NaN,NaN,NaN,NaN,NaN,NaN,NaN,NaN,NaN,NaN,1.88002E-4,4.21829E-5,-1.03636E-4,-1.68619E-4,-1.99826E-4,-2.31032E-4,-4.18023E-4,-6.32904E-4,-8.47785E-4,-3.62865E-4,1.28404E-4,6.05309E-4,9.89279E-4,1.37325E-3,1.37070E-3,3.57881E-4,-6.54934E-4,-1.74260E-3,-2.93382E-3,-4.12504E-3,-1.81474E-3,3.21964E-3,8.25403E-3,1.46198E-2,2.15420E-2,2.84641E-2,-1.23849E-2,-6.17866E-2,-1.11188E-1,-1.28350E-1,-1.34461E-1,-1.22355E-1,-1.16031E-1,-1.15096E-1,-1.35355E-1,-1.56438E-1,-1.43264E-1,-1.00061E-1,-3.06818E-2,1.29409E-2,2.35434E-2,5.52127E-3,-2.30903E-3,1.11519E-3,6.40685E-4,-1.34847E-4,-4.05808E-4,-6.74848E-4,-2.86310E-4,-2.44347E-4,-2.02544E-4,-7.75328E-4,-1.74457E-3,-2.75192E-3,-1.99839E-3,-2.42647E-3,-2.52363E-3,-3.74308E-3,-3.24681E-3,-3.76636E-3,-3.86224E-3,-4.89254E-3,-5.21279E-3,-4.97407E-3,-5.92418E-3,-6.37901E-3,-6.49504E-3,-5.70792E-3,-7.36085E-3,-8.19382E-3,-8.16709E-3,-9.51430E-3,-9.73755E-3,-8.83929E-3,-9.58690E-3,-1.03744E-2,-1.10282E-2,-1.15360E-2,-1.10483E-2,-1.26184E-2,-1.34084E-2,-1.41453E-2,-1.43689E-2,-1.39564E-2,-1.37190E-2,-1.37001E-2,-1.41016E-2,-1.36011E-2,-1.35977E-2,-1.38063E-2,-1.27416E-2,-1.30320E-2,-1.29187E-2,-1.34317E-2,-1.29498E-2,-1.26454E-2,-1.19810E-2,-1.28102E-2,-1.26741E-2,-1.34044E-2,-1.24427E-2,-1.22087E-2,-1.22271E-2,-1.23630E-2,-1.22542E-2,-1.23162E-2,-1.26635E-2,-1.17850E-2,-1.10848E-2,-1.07751E-2,-1.07547E-2,-1.11103E-2,-1.11232E-2,-1.12242E-2,-1.08868E-2,-1.03403E-2,-1.05571E-2,-1.07344E-2,-9.78479E-3,-9.91108E-3
1.10804E+3,NaN,NaN,NaN,NaN,NaN,NaN,NaN,NaN,NaN,NaN,NaN,NaN,NaN,NaN,NaN,NaN,NaN,7.19229E-5,8.05739E-5,7.82294E-5,3.61356E-6,-7.10023E-5,-1.91153E-4,-4.31404E-4,-6.71654E-4,-6.51558E-4,-2.68620E-4,1.14319E-4,5.05717E-4,9.03746E-4,1.30178E-3,8.44393E-4,2.64516E-5,-7.91490E-4,-2.18627E-3,-3.68579E-3,-5.18530E-3,-2.65348E-3,-7.76117E-5,3.91905E-3,1.72543E-2,3.05896E-2,2.72666E-2,-1.99939E-2,-6.72543E-2,-1.06923E-1,-1.30178E-1,-1.35495E-1,-1.26464E-1,-1.18760E-1,-1.22903E-1,-1.43109E-1,-1.57523E-1,-1.42356E-1,-9.16707E-2,-2.59973E-2,1.43316E-2,1.99977E-2,6.58157E-3,-2.20761E-4,8.60871E-4,8.97669E-4,2.01679E-4,5.30664E-5,-1.44910E-4,-1.33602E-5,1.07238E-4,-1.87094E-4,-7.81963E-4,-1.54277E-3,-2.00853E-3,-2.05142E-3,-2.21733E-3,-2.66674E-3,-3.14884E-3,-3.03480E-3,-3.41659E-3,-3.90068E-3,-4.65523E-3,-4.82771E-3,-5.12818E-3,-5.65383E-3,-6.12754E-3,-6.33257E-3,-6.81356E-3,-7.64610E-3,-8.00444E-3,-8.43944E-3,-9.06045E-3,-9.02261E-3,-8.96962E-3,-9.68794E-3,-1.04292E-2,-1.09161E-2,-1.10849E-2,-1.14562E-2,-1.25242E-2,-1.28487E-2,-1.39327E-2,-1.39458E-2,-1.38384E-2,-1.35479E-2,-1.41866E-2,-1.41654E-2,-1.37809E-2,-1.36057E-2,-1.38277E-2,-1.24641E-2,-1.31732E-2,-1.28444E-2,-1.32609E-2,-1.28778E-2,-1.29197E-2,-1.21872E-2,-1.30642E-2,-1.25014E-2,-1.32509E-2,-1.23856E-2,-1.22744E-2,-1.20708E-2,-1.20289E-2,-1.21041E-2,-1.22994E-2,-1.25237E-2,-1.19756E-2,-1.12877E-2,-1.09493E-2,-1.08920E-2,-1.08753E-2,-1.08043E-2,-1.08710E-2,-1.07249E-2,-1.01853E-2,-1.04843E-2,-1.06548E-2,-9.79319E-3,-9.86370E-3
1.11148E+3,NaN,NaN,NaN,NaN,NaN,NaN,NaN,NaN,NaN,NaN,NaN,NaN,NaN,NaN,NaN,NaN,5.86413E-5,8.82452E-5,1.17849E-4,9.90225E-5,4.12535E-5,-1.65155E-5,-2.04465E-4,-4.48965E-4,-6.93465E-4,-4.93018E-4,-2.07826E-4,7.73664E-5,3.42799E-4,6.07887E-4,7.88054E-4,3.77694E-4,-3.26658E-5,-7.72660E-4,-2.41033E-3,-4.04801E-3,-4.79157E-3,-4.25610E-3,-3.72063E-3,5.24245E-3,2.09821E-2,3.67217E-2,1.36146E-2,-2.63677E-2,-6.63501E-2,-1.07095E-1,-1.35010E-1,-1.38171E-1,-1.27873E-1,-1.18846E-1,-1.26250E-1,-1.50007E-1,-1.61377E-1,-1.44202E-1,-8.01621E-2,-1.40625E-2,2.18735E-2,2.04139E-2,5.47289E-3,-5.51071E-5,2.01656E-3,1.27617E-3,8.95847E-4,7.93101E-4,4.95833E-4,3.95383E-4,5.17050E-4,2.84304E-4,-5.19287E-4,-1.04882E-3,-1.13526E-3,-1.67548E-3,-1.61803E-3,-2.34021E-3,-2.43378E-3,-2.87775E-3,-2.94627E-3,-3.67732E-3,-4.21144E-3,-4.60782E-3,-5.08637E-3,-5.36643E-3,-5.71531E-3,-6.43424E-3,-6.96845E-3,-7.39097E-3,-7.87115E-3,-8.27624E-3,-8.80530E-3,-8.78535E-3,-9.27087E-3,-9.75571E-3,-1.02154E-2,-1.05662E-2,-1.07192E-2,-1.12574E-2,-1.26511E-2,-1.26154E-2,-1.36294E-2,-1.35893E-2,-1.37260E-2,-1.38557E-2,-1.43185E-2,-1.40282E-2,-1.33934E-2,-1.33265E-2,-1.33383E-2,-1.24840E-2,-1.31075E-2,-1.28092E-2,-1.28385E-2,-1.23827E-2,-1.27577E-2,-1.16256E-2,-1.27676E-2,-1.21596E-2,-1.27025E-2,-1.22529E-2,-1.20005E-2,-1.16823E-2,-1.17639E-2,-1.20586E-2,-1.20370E-2,-1.20332E-2,-1.17254E-2,-1.13545E-2,-1.11319E-2,-1.10284E-2,-1.07211E-2,-1.04063E-2,-1.02625E-2,-1.02810E-2,-1.00467E-2,-1.02707E-2,-1.01124E-2,-9.62751E-3,-9.78367E-3
1.11493E+3,NaN,NaN,NaN,NaN,NaN,NaN,NaN,NaN,NaN,NaN,NaN,NaN,NaN,NaN,NaN,NaN,7.18086E-5,6.61818E-5,6.05550E-5,6.63720E-5,7.25176E-5,6.90732E-5,-8.20832E-6,-8.54898E-5,-1.57668E-4,-2.15154E-4,-2.72641E-4,-2.71337E-4,-1.82090E-4,-9.28440E-5,1.24454E-5,1.31208E-4,2.49971E-4,-8.47026E-4,-2.49953E-3,-4.15204E-3,-4.99083E-3,-5.66205E-3,-6.33327E-3,7.42942E-3,2.16065E-2,3.08124E-2,1.74311E-3,-2.73262E-2,-6.17206E-2,-1.07892E-1,-1.37166E-1,-1.41575E-1,-1.29818E-1,-1.22228E-1,-1.30626E-1,-1.51606E-1,-1.59411E-1,-1.36120E-1,-6.93172E-2,-5.44698E-3,2.58676E-2,2.18392E-2,5.56127E-3,-4.48941E-4,2.55561E-3,1.88348E-3,1.64687E-3,1.73715E-3,1.14339E-3,7.15548E-4,8.91214E-4,5.71560E-4,-8.80116E-5,-3.49698E-4,-7.99780E-4,-1.00482E-3,-9.90570E-4,-1.62896E-3,-2.15410E-3,-2.34185E-3,-2.73667E-3,-3.45362E-3,-3.87725E-3,-4.50467E-3,-4.81907E-3,-5.05446E-3,-5.82972E-3,-6.68495E-3,-6.34636E-3,-7.12118E-3,-7.92545E-3,-8.16026E-3,-8.71143E-3,-8.71368E-3,-9.20788E-3,-9.39269E-3,-9.64901E-3,-1.00414E-2,-1.07297E-2,-1.11209E-2,-1.23520E-2,-1.25492E-2,-1.31747E-2,-1.33314E-2,-1.36189E-2,-1.37639E-2,-1.38464E-2,-1.38741E-2,-1.35381E-2,-1.31844E-2,-1.30984E-2,-1.26101E-2,-1.27834E-2,-1.24682E-2,-1.22863E-2,-1.18954E-2,-1.22279E-2,-1.12129E-2,-1.21614E-2,-1.21802E-2,-1.23084E-2,-1.21807E-2,-1.18464E-2,-1.12713E-2,-1.16415E-2,-1.22493E-2,-1.19724E-2,-1.16149E-2,-1.15004E-2,-1.14255E-2,-1.12239E-2,-1.08816E-2,-1.04378E-2,-1.01233E-2,-1.00711E-2,-1.01450E-2,-9.93497E-3,-9.77094E-3,-9.81227E-3,-9.87184E-3,-9.67611E-3
1.11838E+3,NaN,NaN,NaN,NaN,NaN,NaN,NaN,NaN,NaN,NaN,NaN,NaN,NaN,NaN,NaN,-4.02898E-4,-2.64444E-4,-1.25990E-4,-2.96113E-5,-2.98236E-7,2.90149E-5,1.54794E-4,3.66681E-4,5.78568E-4,3.75930E-4,-2.97512E-5,-4.35433E-4,-5.06158E-4,-5.00386E-4,-4.94614E-4,-6.36751E-5,3.86397E-4,6.25514E-4,-1.03835E-3,-2.70221E-3,-4.26633E-3,-5.51915E-3,-6.77197E-3,-3.58379E-3,6.68329E-3,1.69504E-2,1.26065E-2,-4.77952E-3,-2.21656E-2,-6.41070E-2,-1.11835E-1,-1.42233E-1,-1.44070E-1,-1.32828E-1,-1.25647E-1,-1.36615E-1,-1.51876E-1,-1.57120E-1,-1.21925E-1,-5.48853E-2,4.66268E-3,2.96033E-2,2.06930E-2,3.86752E-3,1.02926E-3,2.71414E-3,2.48167E-3,2.65132E-3,2.75302E-3,1.40602E-3,1.27817E-3,1.34214E-3,6.00164E-4,3.16326E-4,6.63881E-5,-3.75636E-4,-2.35002E-4,-5.69683E-4,-1.29921E-3,-1.58967E-3,-2.28088E-3,-2.70925E-3,-3.01938E-3,-3.62856E-3,-4.39988E-3,-4.75330E-3,-5.14426E-3,-5.99459E-3,-5.69473E-3,-5.81839E-3,-7.23223E-3,-7.84686E-3,-8.41586E-3,-8.58240E-3,-8.85863E-3,-9.15050E-3,-9.38726E-3,-9.28287E-3,-9.96481E-3,-1.06128E-2,-1.07924E-2,-1.20760E-2,-1.21175E-2,-1.33558E-2,-1.26745E-2,-1.37760E-2,-1.39671E-2,-1.31535E-2,-1.36311E-2,-1.34745E-2,-1.28773E-2,-1.28417E-2,-1.27216E-2,-1.24458E-2,-1.20846E-2,-1.19496E-2,-1.14757E-2,-1.15685E-2,-1.07117E-2,-1.13739E-2,-1.19540E-2,-1.18642E-2,-1.20453E-2,-1.15952E-2,-1.09723E-2,-1.17765E-2,-1.25726E-2,-1.18830E-2,-1.13981E-2,-1.14298E-2,-1.17521E-2,-1.13949E-2,-1.06882E-2,-1.03825E-2,-1.00136E-2,-9.92761E-3,-1.01421E-2,-9.87469E-3,-9.52811E-3,-9.84308E-3,-1.01195E-2,-9.67963E-3
1.12182E+3,NaN,NaN,NaN,NaN,NaN,NaN,NaN,NaN,NaN,NaN,NaN,NaN,NaN,NaN,NaN,-4.23305E-4,-2.19899E-4,-1.64930E-5,-3.19059E-5,-1.03882E-4,-1.75858E-4,1.34130E-4,4.69601E-4,7.34924E-4,1.96995E-4,-3.40933E-4,-7.50560E-4,-7.13589E-4,-6.76619E-4,-3.97217E-4,3.02079E-4,1.00138E-3,5.02818E-4,-1.15176E-3,-2.80633E-3,-4.29175E-3,-5.68679E-3,-7.08183E-3,-2.48403E-3,3.66286E-3,9.80976E-3,3.94720E-3,-2.71656E-3,-1.30946E-2,-6.58285E-2,-1.15449E-1,-1.49273E-1,-1.46454E-1,-1.35047E-1,-1.25518E-1,-1.38150E-1,-1.49043E-1,-1.52815E-1,-1.12251E-1,-4.19550E-2,1.65667E-2,3.70103E-2,1.99899E-2,7.63647E-4,1.42486E-3,3.69202E-3,3.07125E-3,3.83784E-3,3.88502E-3,8.88056E-4,2.11706E-3,1.64944E-3,6.92341E-4,1.08166E-3,4.77179E-4,8.33220E-5,2.87721E-4,-3.00546E-4,-1.01784E-3,-9.48367E-4,-2.36145E-3,-2.34359E-3,-2.91684E-3,-3.52395E-3,-4.17333E-3,-4.34343E-3,-4.95433E-3,-5.27718E-3,-4.63339E-3,-5.52536E-3,-7.73187E-3,-7.58053E-3,-8.46015E-3,-8.20313E-3,-8.43408E-3,-8.88216E-3,-9.24919E-3,-9.16509E-3,-1.02364E-2,-1.04916E-2,-9.87892E-3,-1.17935E-2,-1.19226E-2,-1.38387E-2,-1.25419E-2,-1.38024E-2,-1.39374E-2,-1.29969E-2,-1.32236E-2,-1.33339E-2,-1.26400E-2,-1.27191E-2,-1.24059E-2,-1.18060E-2,-1.16670E-2,-1.16354E-2,-1.11328E-2,-1.11359E-2,-1.03300E-2,-1.08400E-2,-1.16713E-2,-1.17124E-2,-1.19796E-2,-1.13867E-2,-1.09484E-2,-1.20555E-2,-1.27397E-2,-1.16322E-2,-1.10321E-2,-1.12027E-2,-1.15652E-2,-1.12290E-2,-1.04422E-2,-1.01388E-2,-1.01716E-2,-1.01051E-2,-9.92763E-3,-9.53630E-3,-9.56012E-3,-1.01884E-2,-1.03568E-2,-9.60698E-3
1.12527E+3,NaN,NaN,NaN,NaN,NaN,NaN,NaN,NaN,NaN,NaN,NaN,NaN,NaN,NaN,-6.60674E-4,-4.15467E-4,-1.70260E-4,1.10188E-5,-6.43162E-5,-1.39651E-4,-5.81902E-5,3.24548E-4,7.07287E-4,5.94107E-4,-4.53496E-5,-6.84806E-4,-7.98167E-4,-5.99904E-4,-4.01640E-4,6.69650E-5,6.15928E-4,1.16489E-3,-3.59063E-5,-1.40192E-3,-2.77599E-3,-4.28426E-3,-5.79254E-3,-6.37316E-3,-3.23009E-3,-8.70256E-5,2.41293E-3,3.67715E-3,4.94138E-3,-1.70602E-2,-6.68388E-2,-1.17987E-1,-1.47026E-1,-1.47239E-1,-1.35657E-1,-1.30407E-1,-1.37832E-1,-1.47127E-1,-1.40766E-1,-9.77745E-2,-3.20761E-2,2.07351E-2,3.43262E-2,1.68499E-2,2.67243E-3,2.21234E-3,3.69969E-3,3.86831E-3,4.59601E-3,3.19826E-3,2.06445E-3,2.56621E-3,1.68673E-3,1.30168E-3,1.40542E-3,8.95235E-4,6.23679E-4,2.98797E-4,-1.82675E-4,-1.48703E-4,-9.54296E-4,-2.09742E-3,-2.32997E-3,-2.81741E-3,-3.47854E-3,-3.88756E-3,-4.41255E-3,-4.77182E-3,-4.25331E-3,-4.51686E-3,-6.34552E-3,-7.48186E-3,-7.92216E-3,-8.11090E-3,-7.94868E-3,-8.49353E-3,-8.97213E-3,-8.83815E-3,-9.39467E-3,-1.02410E-2,-9.88643E-3,-1.00739E-2,-1.17019E-2,-1.17713E-2,-1.35441E-2,-1.32499E-2,-1.39788E-2,-1.37063E-2,-1.28429E-2,-1.29349E-2,-1.30052E-2,-1.25972E-2,-1.27235E-2,-1.22806E-2,-1.15374E-2,-1.15680E-2,-1.15073E-2,-1.10914E-2,-1.09960E-2,-1.02364E-2,-1.08478E-2,-1.15602E-2,-1.15664E-2,-1.18207E-2,-1.12599E-2,-1.07808E-2,-1.20620E-2,-1.26172E-2,-1.14656E-2,-1.10333E-2,-1.12967E-2,-1.13820E-2,-1.10174E-2,-1.01854E-2,-1.00749E-2,-1.02522E-2,-1.00193E-2,-9.72805E-3,-9.34003E-3,-9.63697E-3,-1.05511E-2,-1.04734E-2,-9.52494E-3
1.12872E+3,NaN,NaN,NaN,NaN,NaN,NaN,NaN,NaN,NaN,NaN,NaN,NaN,NaN,NaN,-5.83957E-4,-2.47494E-4,8.89693E-5,1.55751E-4,4.28005E-5,-7.01498E-5,8.82673E-5,3.40582E-4,5.92897E-4,1.45061E-4,-3.93050E-4,-9.08302E-4,-6.48436E-4,-3.88570E-4,-9.79972E-5,3.40912E-4,7.79821E-4,7.45873E-4,-3.19401E-4,-1.38468E-3,-2.70006E-3,-4.31237E-3,-5.92468E-3,-5.93228E-3,-4.87043E-3,-3.80857E-3,1.33200E-3,7.88388E-3,1.44358E-2,-1.71563E-2,-6.70932E-2,-1.25049E-1,-1.48876E-1,-1.49768E-1,-1.35184E-1,-1.31323E-1,-1.37579E-1,-1.46538E-1,-1.38563E-1,-8.97359E-2,-2.15836E-2,3.16414E-2,3.42771E-2,1.24329E-2,1.71864E-3,3.30008E-3,3.86506E-3,4.64411E-3,5.25096E-3,2.27312E-3,3.04137E-3,2.60765E-3,1.47435E-3,1.94670E-3,1.65686E-3,1.19402E-3,7.51692E-4,1.19966E-4,8.76454E-5,1.98707E-4,-1.35659E-3,-2.17427E-3,-2.24620E-3,-2.88467E-3,-3.58720E-3,-3.52022E-3,-4.49569E-3,-4.48348E-3,-3.82319E-3,-5.19610E-3,-7.13094E-3,-7.26770E-3,-8.12579E-3,-7.58308E-3,-7.78047E-3,-8.52990E-3,-9.00539E-3,-8.84020E-3,-9.94953E-3,-1.00185E-2,-9.52641E-3,-1.00731E-2,-1.17629E-2,-1.18137E-2,-1.31055E-2,-1.36760E-2,-1.35528E-2,-1.31522E-2,-1.31331E-2,-1.29161E-2,-1.27145E-2,-1.25558E-2,-1.25109E-2,-1.19494E-2,-1.15170E-2,-1.17830E-2,-1.15156E-2,-1.13668E-2,-1.11205E-2,-1.04722E-2,-1.09542E-2,-1.15381E-2,-1.15259E-2,-1.16271E-2,-1.14218E-2,-1.09565E-2,-1.19377E-2,-1.24045E-2,-1.13325E-2,-1.10350E-2,-1.12696E-2,-1.12749E-2,-1.08756E-2,-1.02052E-2,-1.02512E-2,-1.04523E-2,-1.00456E-2,-9.54638E-3,-9.28798E-3,-9.94937E-3,-1.06830E-2,-1.02498E-2,-9.40405E-3
1.13217E+3,NaN,NaN,NaN,NaN,NaN,NaN,NaN,NaN,NaN,NaN,NaN,NaN,NaN,NaN,-1.89122E-4,2.23224E-5,2.33767E-4,1.19376E-4,3.86574E-6,-7.02140E-5,1.11417E-4,2.93048E-4,3.11948E-4,-8.28906E-5,-4.77730E-4,-5.96711E-4,-3.42697E-4,-8.86835E-5,1.14463E-4,2.78922E-4,4.43380E-4,2.17921E-4,-1.66135E-4,-5.50191E-4,-2.14692E-3,-3.95144E-3,-5.75596E-3,-5.92616E-3,-6.09075E-3,-4.91068E-3,4.56849E-3,1.40477E-2,1.40068E-2,-1.62994E-2,-6.73357E-2,-1.22349E-1,-1.46588E-1,-1.48058E-1,-1.35050E-1,-1.29781E-1,-1.36137E-1,-1.42678E-1,-1.31060E-1,-8.19953E-2,-1.51523E-2,3.23084E-2,3.06650E-2,1.17650E-2,2.50524E-3,3.56660E-3,4.59416E-3,5.01281E-3,4.61124E-3,2.85430E-3,3.09656E-3,2.45527E-3,2.01041E-3,2.31654E-3,1.89573E-3,1.55036E-3,9.66806E-4,4.46375E-4,5.39479E-4,6.41170E-5,-1.25926E-3,-1.87857E-3,-2.09248E-3,-2.73747E-3,-3.20838E-3,-3.54509E-3,-4.32449E-3,-4.07215E-3,-4.06865E-3,-5.77627E-3,-6.95675E-3,-7.16764E-3,-7.53545E-3,-7.37413E-3,-7.88173E-3,-8.55743E-3,-8.60623E-3,-9.18812E-3,-9.93448E-3,-9.71971E-3,-9.56571E-3,-1.01487E-2,-1.16713E-2,-1.18198E-2,-1.26924E-2,-1.37519E-2,-1.31608E-2,-1.28507E-2,-1.33238E-2,-1.26436E-2,-1.24996E-2,-1.25812E-2,-1.23334E-2,-1.19390E-2,-1.17006E-2,-1.18244E-2,-1.14987E-2,-1.15427E-2,-1.11131E-2,-1.07873E-2,-1.12058E-2,-1.16892E-2,-1.16652E-2,-1.16142E-2,-1.13610E-2,-1.08624E-2,-1.15865E-2,-1.19300E-2,-1.10423E-2,-1.11028E-2,-1.12936E-2,-1.09953E-2,-1.06261E-2,-1.01549E-2,-1.01555E-2,-1.02007E-2,-9.90326E-3,-9.46427E-3,-9.33305E-3,-1.00395E-2,-1.05862E-2,-9.93260E-3,-9.14488E-3
1.13562E+3,NaN,NaN,NaN,NaN,NaN,NaN,NaN,NaN,NaN,NaN,NaN,NaN,NaN,-1.31719E-4,2.20536E-6,1.36130E-4,2.03035E-4,1.64669E-4,1.26303E-4,1.44501E-4,2.12487E-4,2.80474E-4,1.55441E-4,-6.26511E-5,-2.80743E-4,-2.94985E-4,-2.63739E-4,-2.32493E-4,-1.24080E-4,-1.24876E-5,9.19415E-5,1.34175E-4,1.76408E-4,-2.33652E-4,-2.02898E-3,-3.82430E-3,-5.27128E-3,-6.17109E-3,-7.07089E-3,-2.03697E-3,8.21997E-3,1.84769E-2,1.35619E-2,-1.53944E-2,-7.21303E-2,-1.21354E-1,-1.47240E-1,-1.47215E-1,-1.34781E-1,-1.32065E-1,-1.38648E-1,-1.45211E-1,-1.27055E-1,-7.49933E-2,-4.62978E-3,3.07150E-2,2.60696E-2,1.01299E-2,3.48708E-3,4.17434E-3,5.18678E-3,5.28884E-3,3.97179E-3,3.47740E-3,3.15458E-3,2.70092E-3,2.78048E-3,2.49188E-3,2.00790E-3,1.43868E-3,9.04333E-4,7.86848E-4,8.08714E-4,-1.54850E-4,-1.29261E-3,-1.68561E-3,-2.20474E-3,-2.60774E-3,-2.86399E-3,-3.60408E-3,-4.07148E-3,-3.79074E-3,-4.79350E-3,-6.23680E-3,-6.60346E-3,-6.89441E-3,-7.05009E-3,-7.35143E-3,-7.95376E-3,-8.36890E-3,-8.66318E-3,-9.46931E-3,-9.83693E-3,-9.71829E-3,-9.75762E-3,-1.01598E-2,-1.13440E-2,-1.21110E-2,-1.25190E-2,-1.36440E-2,-1.30586E-2,-1.29523E-2,-1.33696E-2,-1.25443E-2,-1.21985E-2,-1.24960E-2,-1.21304E-2,-1.19008E-2,-1.18160E-2,-1.17222E-2,-1.15911E-2,-1.16545E-2,-1.11350E-2,-1.10934E-2,-1.13158E-2,-1.16985E-2,-1.16714E-2,-1.14055E-2,-1.12245E-2,-1.07797E-2,-1.13286E-2,-1.15865E-2,-1.08979E-2,-1.10467E-2,-1.12243E-2,-1.09489E-2,-1.06533E-2,-1.02323E-2,-1.00212E-2,-9.93844E-3,-9.73263E-3,-9.33931E-3,-9.31897E-3,-9.98667E-3,-1.03019E-2,-9.66588E-3,-9.10565E-3
1.13907E+3,NaN,NaN,NaN,NaN,NaN,NaN,NaN,NaN,NaN,NaN,NaN,NaN,NaN,1.22928E-4,1.11291E-4,9.96543E-5,1.18357E-4,1.45748E-4,1.73139E-4,1.61433E-4,1.46339E-4,1.26707E-4,3.96954E-5,-4.73159E-5,-1.34129E-4,-2.20178E-4,-3.06228E-4,-3.24899E-4,-2.17788E-4,-1.10677E-4,1.14479E-4,4.61675E-4,8.08871E-4,-9.10322E-5,-1.70921E-3,-3.32739E-3,-4.86800E-3,-6.38641E-3,-7.90481E-3,9.44324E-4,1.06919E-2,1.97648E-2,1.72378E-2,-1.11287E-2,-7.34612E-2,-1.21260E-1,-1.49126E-1,-1.47530E-1,-1.33112E-1,-1.32102E-1,-1.40278E-1,-1.47523E-1,-1.27847E-1,-7.17244E-2,6.11605E-3,3.21405E-2,2.53144E-2,8.25011E-3,3.10746E-3,5.14620E-3,5.59455E-3,5.26511E-3,4.03037E-3,3.77854E-3,3.53406E-3,3.07935E-3,3.07880E-3,2.84642E-3,2.22311E-3,1.51703E-3,1.26995E-3,1.11909E-3,1.00132E-3,-4.01326E-4,-1.15836E-3,-1.22358E-3,-1.80653E-3,-2.21232E-3,-2.78996E-3,-3.42516E-3,-3.88341E-3,-3.77556E-3,-5.16736E-3,-5.98451E-3,-5.93501E-3,-6.40945E-3,-6.76429E-3,-7.30442E-3,-7.77020E-3,-8.16786E-3,-8.67269E-3,-9.27827E-3,-9.79491E-3,-9.76273E-3,-9.81983E-3,-9.81283E-3,-1.12555E-2,-1.21928E-2,-1.23464E-2,-1.34345E-2,-1.33133E-2,-1.27470E-2,-1.31572E-2,-1.24281E-2,-1.19264E-2,-1.24227E-2,-1.19472E-2,-1.18863E-2,-1.18561E-2,-1.16486E-2,-1.16518E-2,-1.16618E-2,-1.09970E-2,-1.10854E-2,-1.12934E-2,-1.17328E-2,-1.16964E-2,-1.12890E-2,-1.09856E-2,-1.04690E-2,-1.10018E-2,-1.13471E-2,-1.08224E-2,-1.09474E-2,-1.10939E-2,-1.08457E-2,-1.06192E-2,-1.03401E-2,-9.88836E-3,-9.71226E-3,-9.57206E-3,-9.30464E-3,-9.38246E-3,-9.83179E-3,-9.96058E-3,-9.41869E-3,-8.99839E-3
1.14252E+3,NaN,NaN,NaN,NaN,NaN,NaN,NaN,NaN,NaN,NaN,NaN,NaN,2.00236E-4,1.61776E-4,1.23315E-4,9.39259E-5,1.11526E-4,1.29127E-4,1.37417E-4,1.24459E-4,1.11502E-4,1.12740E-4,1.31501E-4,1.50262E-4,4.04520E-5,-1.58559E-4,-3.57569E-4,-3.78418E-4,-3.34454E-4,-2.90491E-4,1.86772E-4,7.25307E-4,1.22808E-3,-1.19051E-4,-1.46618E-3,-2.89619E-3,-4.75547E-3,-6.61476E-3,-5.34853E-3,3.05051E-3,1.14495E-2,1.95855E-2,1.76907E-2,-1.46667E-2,-6.92105E-2,-1.17028E-1,-1.44366E-1,-1.44611E-1,-1.34716E-1,-1.34635E-1,-1.43021E-1,-1.45650E-1,-1.22777E-1,-6.12963E-2,2.70946E-3,2.68250E-2,2.25995E-2,9.03150E-3,4.34235E-3,5.68678E-3,5.91178E-3,5.21551E-3,4.43241E-3,4.04553E-3,3.95895E-3,3.59452E-3,3.38045E-3,2.96876E-3,2.35981E-3,1.95747E-3,1.71071E-3,1.44666E-3,6.83503E-4,-2.01895E-4,-6.87911E-4,-1.05802E-3,-1.44205E-3,-2.06942E-3,-2.67237E-3,-3.00947E-3,-3.39373E-3,-4.08003E-3,-5.05675E-3,-5.38054E-3,-5.59272E-3,-6.11715E-3,-6.63536E-3,-7.09973E-3,-7.59706E-3,-8.17859E-3,-8.65254E-3,-9.15306E-3,-9.64382E-3,-9.79626E-3,-9.87506E-3,-9.97385E-3,-1.13166E-2,-1.22145E-2,-1.24816E-2,-1.28648E-2,-1.33751E-2,-1.27945E-2,-1.29047E-2,-1.24548E-2,-1.19367E-2,-1.22418E-2,-1.17660E-2,-1.17779E-2,-1.18088E-2,-1.13309E-2,-1.16007E-2,-1.12313E-2,-1.07274E-2,-1.11339E-2,-1.12546E-2,-1.17843E-2,-1.15394E-2,-1.10327E-2,-1.08167E-2,-1.03240E-2,-1.06914E-2,-1.11040E-2,-1.06775E-2,-1.07402E-2,-1.08471E-2,-1.07749E-2,-1.06684E-2,-1.02995E-2,-9.77005E-3,-9.49005E-3,-9.55417E-3,-9.57095E-3,-9.51282E-3,-9.49741E-3,-9.70535E-3,-9.38474E-3,-8.94167E-3
1.14597E+3,NaN,NaN,NaN,NaN,NaN,NaN,NaN,NaN,NaN,NaN,NaN,NaN,4.71337E-4,2.23480E-4,-2.43781E-5,-9.22828E-5,-8.33502E-6,7.56128E-5,7.88772E-5,4.50736E-5,1.12701E-5,9.72317E-5,2.08062E-4,3.18892E-4,2.85268E-5,-2.73856E-4,-5.33015E-4,-4.55484E-4,-3.77953E-4,-1.92030E-4,3.07868E-4,8.07765E-4,7.18556E-4,-2.56200E-4,-1.23096E-3,-2.78126E-3,-4.81723E-3,-6.85320E-3,-3.05743E-3,3.41759E-3,9.89261E-3,2.23206E-2,2.31349E-2,-1.30172E-2,-6.57430E-2,-1.15643E-1,-1.44226E-1,-1.42286E-1,-1.33520E-1,-1.35971E-1,-1.44994E-1,-1.48603E-1,-1.24323E-1,-5.03217E-2,4.12168E-3,2.79516E-2,2.06168E-2,7.46172E-3,4.84305E-3,6.27965E-3,5.86829E-3,5.49028E-3,4.69662E-3,4.58389E-3,4.23493E-3,3.53926E-3,3.64523E-3,2.93904E-3,2.40385E-3,2.38680E-3,2.25267E-3,1.61900E-3,5.88033E-4,1.17785E-4,-5.21644E-4,-6.68415E-4,-1.18894E-3,-1.98429E-3,-2.24132E-3,-2.46360E-3,-3.05591E-3,-4.07053E-3,-4.63727E-3,-4.84389E-3,-5.34371E-3,-5.97647E-3,-6.56086E-3,-6.97862E-3,-7.46976E-3,-8.26967E-3,-8.35476E-3,-9.33022E-3,-9.61691E-3,-9.78091E-3,-9.63232E-3,-1.01420E-2,-1.15081E-2,-1.21347E-2,-1.22827E-2,-1.27035E-2,-1.30827E-2,-1.27652E-2,-1.34979E-2,-1.24421E-2,-1.19381E-2,-1.19953E-2,-1.15764E-2,-1.17812E-2,-1.15855E-2,-1.11175E-2,-1.14360E-2,-1.07092E-2,-1.06321E-2,-1.09521E-2,-1.11071E-2,-1.16330E-2,-1.15300E-2,-1.09924E-2,-1.06489E-2,-1.01506E-2,-1.05506E-2,-1.10920E-2,-1.07512E-2,-1.06271E-2,-1.06463E-2,-1.07277E-2,-1.06762E-2,-1.02764E-2,-9.61869E-3,-9.29218E-3,-9.53508E-3,-9.76601E-3,-9.59699E-3,-9.29253E-3,-9.47869E-3,-9.28494E-3,-8.82541E-3
1.14942E+3,NaN,NaN,NaN,NaN,NaN,NaN,NaN,NaN,NaN,NaN,NaN,NaN,2.30492E-4,-5.16230E-5,-3.33738E-4,-2.22780E-4,-7.71818E-5,5.74766E-5,2.62401E-5,-4.99651E-6,-9.80155E-6,8.80702E-5,1.85942E-4,1.74266E-4,-4.30336E-5,-2.60333E-4,-3.07569E-4,-1.78109E-4,-4.86486E-5,1.76658E-4,4.57463E-4,7.38269E-4,4.28741E-4,-5.10439E-5,-5.30828E-4,-2.46652E-3,-4.53052E-3,-6.21381E-3,-2.12418E-3,1.96545E-3,8.45501E-3,2.27706E-2,2.37080E-2,-9.38144E-3,-6.12180E-2,-1.12304E-1,-1.42447E-1,-1.41340E-1,-1.34330E-1,-1.37131E-1,-1.45272E-1,-1.48676E-1,-1.20041E-1,-4.69994E-2,4.04958E-3,2.81668E-2,1.98524E-2,7.15136E-3,4.81513E-3,6.63575E-3,6.03149E-3,5.65216E-3,4.98576E-3,5.09041E-3,4.50317E-3,3.66122E-3,3.79691E-3,3.04448E-3,2.71486E-3,2.98722E-3,2.47544E-3,1.50596E-3,6.89855E-4,5.35597E-4,-1.58241E-4,-1.32718E-4,-1.01736E-3,-1.86938E-3,-1.71055E-3,-1.76507E-3,-2.91146E-3,-3.83526E-3,-4.09471E-3,-4.45787E-3,-5.27059E-3,-5.84399E-3,-6.30370E-3,-6.83551E-3,-7.45912E-3,-8.07474E-3,-8.11371E-3,-9.39691E-3,-9.26357E-3,-9.55712E-3,-9.85623E-3,-1.03669E-2,-1.14796E-2,-1.19330E-2,-1.18373E-2,-1.24507E-2,-1.25055E-2,-1.24097E-2,-1.37546E-2,-1.23539E-2,-1.16739E-2,-1.17426E-2,-1.14025E-2,-1.16166E-2,-1.12687E-2,-1.10007E-2,-1.09640E-2,-1.00201E-2,-1.03887E-2,-1.07911E-2,-1.10813E-2,-1.13297E-2,-1.14645E-2,-1.07766E-2,-1.04470E-2,-1.00888E-2,-1.04767E-2,-1.09823E-2,-1.06082E-2,-1.03812E-2,-1.03617E-2,-1.04225E-2,-1.03118E-2,-1.01029E-2,-9.47639E-3,-9.17039E-3,-9.61788E-3,-9.84628E-3,-9.52692E-3,-8.92348E-3,-9.19715E-3,-9.24330E-3,-8.71273E-3
1.15287E+3,NaN,NaN,NaN,NaN,NaN,NaN,NaN,NaN,NaN,NaN,NaN,3.97506E-4,1.28027E-4,-1.41452E-4,-3.07351E-4,-2.21947E-4,-1.36544E-4,-1.06976E-4,-1.50012E-4,-1.93047E-4,-1.12422E-4,5.86406E-5,2.29703E-4,1.40629E-4,-4.93890E-5,-2.39407E-4,-1.30214E-4,2.63577E-5,1.81893E-4,1.70080E-4,1.58267E-4,1.52928E-4,1.84560E-4,2.16192E-4,-3.77754E-4,-2.48946E-3,-4.60117E-3,-5.00630E-3,-3.19238E-3,-1.37846E-3,8.43576E-3,2.40351E-2,2.35521E-2,-6.71113E-3,-5.80143E-2,-1.10801E-1,-1.39337E-1,-1.40907E-1,-1.37172E-1,-1.39580E-1,-1.48924E-1,-1.52300E-1,-1.11497E-1,-4.70861E-2,5.43463E-3,2.57009E-2,1.75988E-2,7.13236E-3,5.64247E-3,6.50317E-3,6.38912E-3,5.86841E-3,5.58058E-3,5.43261E-3,4.27443E-3,4.13546E-3,4.00580E-3,3.13645E-3,3.23881E-3,3.32646E-3,2.34152E-3,1.28439E-3,1.03640E-3,6.82043E-4,4.88435E-4,-1.08032E-4,-1.18883E-3,-1.48766E-3,-9.53794E-4,-1.59191E-3,-2.75794E-3,-3.15860E-3,-3.63433E-3,-4.49828E-3,-5.14157E-3,-5.58112E-3,-6.25133E-3,-7.03546E-3,-7.74249E-3,-7.61977E-3,-8.38523E-3,-8.91028E-3,-9.18451E-3,-9.63871E-3,-1.00836E-2,-9.99306E-3,-1.12701E-2,-1.17694E-2,-1.15377E-2,-1.23922E-2,-1.18427E-2,-1.20819E-2,-1.37615E-2,-1.23869E-2,-1.17958E-2,-1.14182E-2,-1.11733E-2,-1.13003E-2,-1.08943E-2,-1.09204E-2,-1.06234E-2,-9.58120E-3,-1.02208E-2,-1.06212E-2,-1.10671E-2,-1.12638E-2,-1.13900E-2,-1.06657E-2,-1.03378E-2,-1.01062E-2,-1.05392E-2,-1.08811E-2,-1.04218E-2,-1.01662E-2,-9.97487E-3,-9.98923E-3,-9.93517E-3,-9.99120E-3,-9.56205E-3,-9.17305E-3,-9.64899E-3,-9.89540E-3,-9.46575E-3,-8.94721E-3,-9.20930E-3,-9.10816E-3,-8.67513E-3
1.15633E+3,NaN,NaN,NaN,NaN,NaN,NaN,NaN,NaN,NaN,NaN,NaN,3.26779E-4,-7.00615E-5,-4.66902E-4,-5.29168E-4,-4.19828E-4,-3.10489E-4,-2.69916E-4,-2.46124E-4,-2.22333E-4,-1.14199E-4,-1.31643E-6,1.00181E-4,8.59302E-5,7.16795E-5,8.97165E-5,2.14391E-4,3.39066E-4,3.08298E-4,1.87563E-5,-2.70786E-4,-2.09724E-4,1.77411E-4,5.64546E-4,-4.37372E-4,-2.15174E-3,-3.86610E-3,-4.46557E-3,-4.79298E-3,-5.12039E-3,7.68891E-3,2.65243E-2,3.06774E-2,4.64824E-4,-5.32214E-2,-1.12657E-1,-1.40759E-1,-1.40279E-1,-1.37793E-1,-1.38219E-1,-1.51421E-1,-1.59745E-1,-1.08340E-1,-4.48316E-2,1.39598E-2,2.78955E-2,1.60082E-2,5.04118E-3,6.34431E-3,6.81729E-3,6.96193E-3,5.84973E-3,5.76861E-3,5.58085E-3,3.70218E-3,4.75366E-3,4.18559E-3,3.01617E-3,3.69085E-3,3.70228E-3,2.08898E-3,1.45578E-3,1.34937E-3,5.69298E-4,8.68510E-4,-1.51610E-4,-1.22090E-3,-9.68903E-4,3.01305E-4,-1.67945E-3,-2.64211E-3,-2.65070E-3,-3.67109E-3,-4.74430E-3,-4.83288E-3,-5.36791E-3,-6.28962E-3,-7.09994E-3,-7.96006E-3,-7.18993E-3,-8.92407E-3,-8.52563E-3,-8.96119E-3,-9.74766E-3,-1.02362E-2,-1.00364E-2,-1.12197E-2,-1.14269E-2,-1.13159E-2,-1.24864E-2,-1.21838E-2,-1.19903E-2,-1.35514E-2,-1.22988E-2,-1.15510E-2,-1.10347E-2,-1.10755E-2,-1.10191E-2,-1.07598E-2,-1.10551E-2,-1.02475E-2,-9.34069E-3,-1.01260E-2,-1.04770E-2,-1.10993E-2,-1.09572E-2,-1.12527E-2,-1.05645E-2,-1.03945E-2,-1.01741E-2,-1.05572E-2,-1.08593E-2,-1.02669E-2,-9.99521E-3,-9.82467E-3,-9.77799E-3,-9.53490E-3,-9.69935E-3,-9.49635E-3,-9.12956E-3,-9.47094E-3,-9.67582E-3,-9.26375E-3,-8.79295E-3,-9.16607E-3,-8.97588E-3,-8.43922E-3
1.15978E+3,NaN,NaN,NaN,NaN,NaN,NaN,NaN,NaN,NaN,NaN,NaN,6.43909E-5,-2.68600E-4,-5.90736E-4,-5.12490E-4,-4.34244E-4,-3.73792E-4,-4.00681E-4,-4.27570E-4,-3.97811E-4,-2.43196E-4,-8.85810E-5,6.25963E-5,2.09656E-4,3.56715E-4,4.62331E-4,5.40067E-4,6.17802E-4,2.55713E-4,-2.60365E-4,-7.76442E-4,-2.59017E-4,3.94639E-4,9.94471E-4,-3.91131E-4,-1.77673E-3,-3.25814E-3,-5.20980E-3,-7.16145E-3,-5.30322E-3,7.71691E-3,2.59515E-2,3.14652E-2,3.73247E-3,-5.03567E-2,-1.08596E-1,-1.38182E-1,-1.41113E-1,-1.38944E-1,-1.40008E-1,-1.54418E-1,-1.53795E-1,-1.07535E-1,-4.19882E-2,1.28542E-2,2.55771E-2,1.50874E-2,5.87715E-3,6.21692E-3,7.09209E-3,6.88916E-3,6.12793E-3,5.89113E-3,5.26730E-3,4.14461E-3,4.87961E-3,4.08579E-3,3.33756E-3,4.02496E-3,3.41332E-3,2.01723E-3,1.60855E-3,1.30106E-3,9.85114E-4,8.01551E-4,-2.60246E-4,-1.03746E-3,-2.06571E-4,3.99908E-4,-1.59033E-3,-2.27512E-3,-2.66884E-3,-4.01865E-3,-4.58914E-3,-4.57928E-3,-5.25551E-3,-6.27995E-3,-7.41932E-3,-7.64698E-3,-7.31187E-3,-8.56712E-3,-8.36684E-3,-8.89848E-3,-9.88326E-3,-1.01072E-2,-1.03742E-2,-1.11959E-2,-1.12059E-2,-1.14707E-2,-1.26817E-2,-1.27214E-2,-1.21822E-2,-1.32789E-2,-1.20767E-2,-1.15152E-2,-1.10115E-2,-1.09644E-2,-1.09256E-2,-1.07915E-2,-1.09622E-2,-9.77977E-3,-9.21901E-3,-1.00763E-2,-1.04374E-2,-1.10057E-2,-1.08709E-2,-1.11992E-2,-1.04353E-2,-1.04413E-2,-1.03136E-2,-1.06340E-2,-1.07335E-2,-1.00451E-2,-9.83538E-3,-9.52509E-3,-9.34593E-3,-9.12106E-3,-9.56079E-3,-9.51080E-3,-9.16765E-3,-9.40270E-3,-9.42064E-3,-9.02706E-3,-8.80287E-3,-9.17335E-3,-8.82350E-3,-8.22812E-3
1.16323E+3,NaN,NaN,NaN,NaN,NaN,NaN,NaN,NaN,NaN,NaN,2.29584E-4,-7.07046E-5,-3.70993E-4,-5.39874E-4,-5.01622E-4,-4.63369E-4,-4.82790E-4,-5.53146E-4,-6.23503E-4,-5.48673E-4,-4.03579E-4,-2.58484E-4,7.23696E-5,4.44907E-4,8.17445E-4,8.02356E-4,7.70943E-4,6.77859E-4,4.44600E-5,-5.88939E-4,-8.89651E-4,-1.66806E-4,5.56039E-4,6.53537E-4,-2.34680E-4,-1.12290E-3,-3.00762E-3,-5.77244E-3,-8.53726E-3,-5.20318E-3,7.49164E-3,2.92015E-2,3.47215E-2,8.19211E-3,-5.03022E-2,-1.09493E-1,-1.36075E-1,-1.42358E-1,-1.37524E-1,-1.42163E-1,-1.60029E-1,-1.52724E-1,-1.05786E-1,-3.36504E-2,1.50059E-2,2.40082E-2,1.29693E-2,6.34917E-3,6.79007E-3,7.38406E-3,6.77668E-3,6.14175E-3,6.20107E-3,4.87873E-3,4.94007E-3,5.19270E-3,3.75218E-3,3.95216E-3,4.23808E-3,2.88061E-3,2.12163E-3,1.76045E-3,1.47681E-3,1.39933E-3,5.43904E-4,-5.01145E-4,-6.95358E-4,8.35293E-4,-1.69980E-4,-1.67689E-3,-1.81000E-3,-3.06601E-3,-4.14407E-3,-3.96699E-3,-4.39256E-3,-5.51017E-3,-6.50645E-3,-7.61294E-3,-7.15345E-3,-7.83374E-3,-8.29473E-3,-7.93498E-3,-9.02395E-3,-9.71222E-3,-1.03776E-2,-1.07845E-2,-1.12666E-2,-1.08428E-2,-1.20268E-2,-1.29314E-2,-1.31050E-2,-1.24534E-2,-1.28941E-2,-1.19028E-2,-1.13263E-2,-1.08328E-2,-1.09842E-2,-1.08086E-2,-1.06658E-2,-1.08521E-2,-9.66844E-3,-9.33153E-3,-1.00266E-2,-1.04890E-2,-1.09184E-2,-1.06346E-2,-1.09664E-2,-1.02196E-2,-1.04847E-2,-1.02989E-2,-1.04878E-2,-1.04776E-2,-9.82047E-3,-9.70250E-3,-9.23022E-3,-8.87429E-3,-8.51687E-3,-9.23182E-3,-9.56715E-3,-9.23763E-3,-9.32555E-3,-9.15718E-3,-8.75186E-3,-8.67587E-3,-8.92093E-3,-8.44873E-3,-7.91698E-3
1.16669E+3,NaN,NaN,NaN,NaN,NaN,NaN,NaN,NaN,NaN,NaN,2.42221E-4,-7.25057E-5,-3.87232E-4,-4.38356E-4,-3.99880E-4,-3.61404E-4,-5.00113E-4,-6.60905E-4,-8.10977E-4,-6.37130E-4,-4.63283E-4,-2.49393E-4,1.53411E-4,5.56216E-4,8.16170E-4,7.69408E-4,7.22645E-4,4.21714E-4,-1.76860E-4,-7.75434E-4,-6.20998E-4,2.82376E-5,6.77473E-4,5.41362E-4,1.38310E-4,-2.64743E-4,-3.10108E-3,-6.24068E-3,-9.17990E-3,-5.81198E-3,5.73449E-3,3.30566E-2,4.11431E-2,1.62043E-2,-4.93401E-2,-1.14636E-1,-1.36520E-1,-1.44898E-1,-1.35441E-1,-1.43259E-1,-1.64840E-1,-1.58881E-1,-1.05668E-1,-2.35916E-2,2.13934E-2,2.59613E-2,1.13067E-2,5.54591E-3,7.43076E-3,7.56195E-3,6.61092E-3,5.97681E-3,6.39915E-3,4.65320E-3,5.47031E-3,5.46014E-3,3.18053E-3,4.30817E-3,4.11279E-3,2.65541E-3,2.20489E-3,1.68501E-3,1.73778E-3,1.42129E-3,2.60626E-4,-5.76048E-4,-2.63369E-4,1.60640E-3,-6.76644E-4,-1.84274E-3,-1.40060E-3,-3.60044E-3,-4.11119E-3,-3.41184E-3,-4.53822E-3,-5.50232E-3,-6.62041E-3,-7.65862E-3,-6.63365E-3,-8.02694E-3,-8.28836E-3,-7.27064E-3,-9.31866E-3,-9.30653E-3,-1.05927E-2,-1.07588E-2,-1.12654E-2,-1.08698E-2,-1.24609E-2,-1.29524E-2,-1.30053E-2,-1.28458E-2,-1.24938E-2,-1.17270E-2,-1.11987E-2,-1.05873E-2,-1.09423E-2,-1.08231E-2,-1.06626E-2,-1.05958E-2,-9.54847E-3,-9.39789E-3,-9.98683E-3,-1.05030E-2,-1.08791E-2,-1.05934E-2,-1.07962E-2,-9.97871E-3,-1.04217E-2,-1.03436E-2,-1.03266E-2,-1.01904E-2,-9.71495E-3,-9.60930E-3,-8.98891E-3,-8.44539E-3,-8.13164E-3,-9.14261E-3,-9.56469E-3,-9.23276E-3,-9.12264E-3,-8.72755E-3,-8.40072E-3,-8.66531E-3,-8.78491E-3,-8.02708E-3,-7.61789E-3
1.17014E+3,NaN,NaN,NaN,NaN,NaN,NaN,NaN,NaN,NaN,NaN,1.24176E-4,-1.11019E-4,-3.13255E-4,-2.21922E-4,-1.30590E-4,-1.40770E-4,-4.65825E-4,-7.90880E-4,-9.10749E-4,-7.05130E-4,-4.99512E-4,-1.71177E-4,2.66197E-4,7.03571E-4,7.84218E-4,6.91037E-4,5.97857E-4,1.64247E-4,-3.46524E-4,-8.57295E-4,-4.37902E-4,2.21899E-5,4.37393E-4,4.52773E-4,4.68152E-4,-2.62653E-4,-3.30798E-3,-6.35330E-3,-7.90782E-3,-5.30636E-3,7.99022E-3,3.10346E-2,3.96740E-2,1.32906E-2,-5.04360E-2,-1.09130E-1,-1.35293E-1,-1.42464E-1,-1.39337E-1,-1.48912E-1,-1.64939E-1,-1.54764E-1,-9.69237E-2,-2.27115E-2,1.88172E-2,2.34640E-2,1.17991E-2,6.35044E-3,7.32070E-3,7.41836E-3,6.47921E-3,6.31552E-3,6.01483E-3,5.14110E-3,5.64372E-3,4.91772E-3,3.71594E-3,4.28717E-3,3.75801E-3,2.78149E-3,2.21930E-3,1.86506E-3,1.86716E-3,1.06109E-3,-2.83746E-5,-3.61143E-4,5.50018E-4,6.98199E-4,-1.11423E-3,-1.61232E-3,-2.29833E-3,-3.78832E-3,-3.48547E-3,-3.45185E-3,-4.72245E-3,-5.54332E-3,-6.70871E-3,-7.27385E-3,-6.98665E-3,-7.88354E-3,-7.79412E-3,-7.62483E-3,-8.91085E-3,-9.65204E-3,-1.04877E-2,-1.05506E-2,-1.12637E-2,-1.10566E-2,-1.24646E-2,-1.26783E-2,-1.29464E-2,-1.32685E-2,-1.20591E-2,-1.15255E-2,-1.11310E-2,-1.07183E-2,-1.09146E-2,-1.06245E-2,-1.07144E-2,-1.04362E-2,-9.48264E-3,-9.56002E-3,-1.01282E-2,-1.06495E-2,-1.07657E-2,-1.04553E-2,-1.05725E-2,-9.73561E-3,-1.02373E-2,-1.00813E-2,-1.01049E-2,-9.86606E-3,-9.35964E-3,-9.28580E-3,-8.64630E-3,-8.04483E-3,-7.55717E-3,-8.78482E-3,-9.41755E-3,-9.14229E-3,-8.94700E-3,-8.41909E-3,-8.19465E-3,-8.63309E-3,-8.73686E-3,-7.78474E-3,-7.32472E-3
1.17360E+3,NaN,NaN,NaN,NaN,NaN,NaN,NaN,NaN,NaN,NaN,2.20514E-5,-1.63933E-5,-4.72345E-5,-6.88592E-5,-9.04838E-5,-2.52903E-4,-5.11194E-4,-7.69485E-4,-7.36609E-4,-6.00238E-4,-4.63867E-4,-2.72353E-5,4.50100E-4,9.12255E-4,7.43090E-4,5.73925E-4,3.63806E-4,-5.15695E-5,-4.66945E-4,-6.72123E-4,-4.07674E-4,-1.43225E-4,1.82374E-4,5.82095E-4,9.81816E-4,-4.84786E-4,-3.22222E-3,-5.95966E-3,-7.46697E-3,-6.90121E-3,8.68893E-3,3.17212E-2,4.29662E-2,1.29305E-2,-5.62827E-2,-1.07533E-1,-1.35722E-1,-1.42098E-1,-1.41317E-1,-1.54323E-1,-1.71930E-1,-1.55299E-1,-8.71175E-2,-1.63545E-2,2.15624E-2,2.21955E-2,1.10000E-2,6.56616E-3,7.53938E-3,7.28672E-3,6.52423E-3,6.63998E-3,5.83399E-3,5.62830E-3,6.00903E-3,4.46710E-3,4.18534E-3,4.18370E-3,3.49903E-3,3.01655E-3,2.18044E-3,2.16487E-3,1.80603E-3,8.68092E-4,3.40476E-5,-3.38802E-5,1.02917E-3,-8.94969E-5,-1.23588E-3,-1.13458E-3,-2.90465E-3,-3.43473E-3,-2.76756E-3,-3.83756E-3,-4.63871E-3,-5.45847E-3,-6.82492E-3,-6.58153E-3,-6.89918E-3,-8.07476E-3,-7.02607E-3,-7.94901E-3,-8.56155E-3,-9.76576E-3,-1.02276E-2,-1.01884E-2,-1.13633E-2,-1.16253E-2,-1.22371E-2,-1.24213E-2,-1.26108E-2,-1.25346E-2,-1.15405E-2,-1.11899E-2,-1.08703E-2,-1.06328E-2,-1.09363E-2,-1.05720E-2,-1.06763E-2,-1.02341E-2,-9.33911E-3,-9.39788E-3,-9.97708E-3,-1.05488E-2,-1.03119E-2,-1.00961E-2,-1.01830E-2,-9.46804E-3,-9.95766E-3,-9.65969E-3,-9.69990E-3,-9.47037E-3,-9.16166E-3,-9.22248E-3,-8.51341E-3,-7.89727E-3,-7.38000E-3,-8.55216E-3,-9.20380E-3,-8.91367E-3,-8.60458E-3,-8.07784E-3,-7.99479E-3,-8.38369E-3,-8.26894E-3,-7.40182E-3,-7.07365E-3
1.17705E+3,NaN,NaN,NaN,NaN,NaN,NaN,NaN,NaN,NaN,NaN,-3.24317E-5,-1.90018E-5,5.01472E-5,1.33251E-4,2.16355E-4,-1.82463E-4,-6.10647E-4,-9.71810E-4,-6.15440E-4,-2.59069E-4,7.11483E-5,3.12950E-4,5.54753E-4,6.31802E-4,4.29693E-4,2.27584E-4,-6.94283E-6,-2.72121E-4,-5.37300E-4,-5.13583E-4,-3.38944E-4,-1.64305E-4,4.45112E-4,1.16342E-3,1.88173E-3,-3.67995E-4,-2.79857E-3,-5.14910E-3,-6.69657E-3,-7.50634E-3,6.74616E-3,3.10709E-2,4.64660E-2,1.66759E-2,-5.71118E-2,-1.05020E-1,-1.35026E-1,-1.44083E-1,-1.41839E-1,-1.56978E-1,-1.76201E-1,-1.56286E-1,-8.21014E-2,-1.07388E-2,2.63779E-2,2.26707E-2,9.92460E-3,5.41227E-3,7.96010E-3,6.72331E-3,6.33938E-3,6.61379E-3,5.63396E-3,5.72587E-3,5.70184E-3,3.84737E-3,4.21930E-3,3.94673E-3,3.12433E-3,2.82527E-3,2.05211E-3,2.14917E-3,1.46057E-3,4.15415E-4,-1.72509E-4,1.23364E-4,6.80182E-4,-6.64826E-4,-1.43001E-3,-1.46262E-3,-3.52010E-3,-3.03389E-3,-2.70087E-3,-4.33926E-3,-4.71795E-3,-5.46277E-3,-6.74749E-3,-6.58739E-3,-7.13997E-3,-8.24651E-3,-6.61904E-3,-8.26602E-3,-8.70481E-3,-1.00618E-2,-9.77641E-3,-9.79595E-3,-1.11881E-2,-1.22379E-2,-1.22353E-2,-1.22040E-2,-1.22807E-2,-1.18934E-2,-1.13283E-2,-1.12437E-2,-1.09786E-2,-1.08313E-2,-1.11435E-2,-1.08018E-2,-1.06309E-2,-1.01602E-2,-9.65737E-3,-9.57263E-3,-9.98553E-3,-1.05040E-2,-1.02102E-2,-1.02441E-2,-9.99871E-3,-9.34509E-3,-9.77570E-3,-9.39970E-3,-9.45133E-3,-9.30086E-3,-9.08799E-3,-9.32341E-3,-8.70697E-3,-7.94908E-3,-7.46525E-3,-8.64638E-3,-9.12806E-3,-8.82464E-3,-8.55439E-3,-8.02635E-3,-8.00006E-3,-8.37769E-3,-8.18896E-3,-7.25619E-3,-7.12054E-3
1.18051E+3,NaN,NaN,NaN,NaN,NaN,NaN,NaN,NaN,NaN,NaN,9.24617E-5,1.55224E-4,1.44775E-4,1.34327E-4,2.80095E-5,-3.16690E-4,-6.61389E-4,-7.08549E-4,-3.60774E-4,-1.29993E-5,2.06237E-4,3.29502E-4,4.52767E-4,3.67860E-4,2.00134E-4,3.24084E-5,-1.19498E-4,-2.68792E-4,-4.17925E-4,-4.21998E-4,-4.26070E-4,-3.17683E-4,4.59433E-4,1.23655E-3,1.24550E-3,-6.55637E-4,-2.55677E-3,-4.41922E-3,-7.06035E-3,-6.43628E-3,6.26891E-3,2.95354E-2,4.14364E-2,8.28778E-3,-5.36478E-2,-1.01736E-1,-1.34062E-1,-1.45405E-1,-1.48080E-1,-1.63421E-1,-1.74638E-1,-1.45938E-1,-7.65368E-2,-8.65837E-3,2.47889E-2,2.19908E-2,9.94080E-3,6.15738E-3,7.71357E-3,6.87482E-3,6.51145E-3,6.42784E-3,5.94147E-3,5.77620E-3,5.14748E-3,4.21112E-3,4.17131E-3,3.81018E-3,3.25837E-3,2.69880E-3,2.40300E-3,2.23027E-3,1.11802E-3,4.19129E-4,9.46267E-5,1.50906E-4,-1.14991E-4,-1.09303E-3,-1.47616E-3,-2.24959E-3,-3.27465E-3,-2.96041E-3,-3.41344E-3,-4.39607E-3,-4.61735E-3,-5.51071E-3,-6.24297E-3,-6.48743E-3,-7.34021E-3,-7.47696E-3,-7.11092E-3,-8.08773E-3,-8.95022E-3,-9.43077E-3,-9.44694E-3,-9.77282E-3,-1.10832E-2,-1.24436E-2,-1.19986E-2,-1.18431E-2,-1.18139E-2,-1.15129E-2,-1.11665E-2,-1.12269E-2,-1.10760E-2,-1.07774E-2,-1.10805E-2,-1.07434E-2,-1.05451E-2,-1.00275E-2,-9.60557E-3,-9.51414E-3,-9.91155E-3,-1.05898E-2,-9.84028E-3,-9.89349E-3,-9.88918E-3,-9.24305E-3,-9.56728E-3,-9.12951E-3,-9.28454E-3,-9.29532E-3,-9.22052E-3,-9.22789E-3,-8.45544E-3,-8.05917E-3,-7.67670E-3,-8.45689E-3,-8.79252E-3,-8.60703E-3,-8.45591E-3,-8.09334E-3,-8.04100E-3,-8.19574E-3,-8.05301E-3,-7.30285E-3,-7.21718E-3
1.18397E+3,NaN,NaN,NaN,NaN,NaN,NaN,NaN,NaN,NaN,NaN,1.33046E-4,2.29423E-4,1.96542E-4,1.63661E-4,-4.09953E-7,-2.42290E-4,-4.84171E-4,-3.10881E-4,-1.39717E-5,2.82937E-4,2.64753E-4,2.16702E-4,1.68777E-4,1.22967E-4,7.71566E-5,3.47019E-5,5.74206E-6,-2.32178E-5,-8.55337E-5,-2.12028E-4,-3.38523E-4,-9.12710E-5,5.53088E-4,1.19745E-3,7.06288E-4,-4.58351E-4,-1.62299E-3,-3.53363E-3,-7.18739E-3,-7.56232E-3,4.34694E-3,2.89204E-2,4.28290E-2,4.07465E-3,-5.05940E-2,-9.93596E-2,-1.36941E-1,-1.46843E-1,-1.52195E-1,-1.67687E-1,-1.76448E-1,-1.41090E-1,-6.97702E-2,-6.89142E-4,2.73794E-2,2.14523E-2,8.17807E-3,6.86330E-3,7.47785E-3,6.81013E-3,6.73633E-3,6.39072E-3,5.81866E-3,5.82864E-3,4.96658E-3,4.49860E-3,4.05803E-3,3.63067E-3,3.31316E-3,2.55604E-3,2.88203E-3,1.91929E-3,1.02149E-3,6.82308E-4,3.69951E-4,2.48235E-4,-6.38597E-4,-1.11845E-3,-1.49544E-3,-2.69701E-3,-2.97866E-3,-2.69145E-3,-3.83074E-3,-4.17202E-3,-4.59875E-3,-5.54842E-3,-5.94907E-3,-6.10663E-3,-7.46695E-3,-6.89748E-3,-7.13169E-3,-8.01688E-3,-8.68825E-3,-8.77301E-3,-9.16936E-3,-9.62815E-3,-1.08656E-2,-1.18007E-2,-1.15381E-2,-1.14439E-2,-1.18304E-2,-1.15370E-2,-1.08730E-2,-1.10655E-2,-1.08589E-2,-1.05154E-2,-1.09280E-2,-1.04490E-2,-1.03601E-2,-9.64643E-3,-9.47892E-3,-9.14501E-3,-9.69318E-3,-1.04355E-2,-9.61351E-3,-9.79709E-3,-9.73761E-3,-9.03017E-3,-9.21313E-3,-8.71304E-3,-8.93100E-3,-9.02508E-3,-8.91169E-3,-8.87659E-3,-8.62390E-3,-8.37858E-3,-7.71927E-3,-8.18197E-3,-8.45729E-3,-8.48945E-3,-8.33912E-3,-7.89068E-3,-7.89878E-3,-7.82630E-3,-7.77072E-3,-7.56769E-3,-7.49812E-3
1.18743E+3,NaN,NaN,NaN,NaN,NaN,NaN,NaN,NaN,NaN,NaN,1.87328E-4,2.07822E-4,2.02351E-4,1.96881E-4,-3.23854E-5,-2.69702E-4,-4.52029E-4,-1.80797E-4,9.04341E-5,2.77046E-4,2.11136E-4,1.45225E-4,7.19153E-5,-1.27816E-5,-9.74784E-5,-1.36978E-4,-1.37463E-4,-1.37948E-4,-2.26366E-4,-3.56247E-4,-4.86128E-4,-6.62186E-5,4.72406E-4,1.01103E-3,4.01906E-4,-2.48509E-4,-1.05784E-3,-3.37981E-3,-7.20758E-3,-8.44970E-3,2.39305E-3,2.65384E-2,4.29259E-2,5.60526E-3,-4.71061E-2,-9.80784E-2,-1.41408E-1,-1.51708E-1,-1.57091E-1,-1.70917E-1,-1.77188E-1,-1.39980E-1,-6.52366E-2,6.13597E-3,3.18943E-2,2.15002E-2,6.29304E-3,6.77393E-3,8.04189E-3,6.95627E-3,6.71511E-3,6.52261E-3,5.89035E-3,5.85303E-3,4.89524E-3,4.71980E-3,4.15188E-3,3.53457E-3,3.36073E-3,2.74678E-3,3.00750E-3,1.69428E-3,8.99041E-4,6.96686E-4,1.49125E-4,-1.74752E-4,-7.56882E-4,-1.17826E-3,-1.78649E-3,-2.76335E-3,-2.77275E-3,-2.88796E-3,-4.07119E-3,-4.16356E-3,-4.58777E-3,-5.50277E-3,-6.16245E-3,-6.21554E-3,-7.20566E-3,-6.82742E-3,-7.33327E-3,-8.35617E-3,-8.76378E-3,-8.49252E-3,-9.08354E-3,-9.43799E-3,-1.03120E-2,-1.11218E-2,-1.11897E-2,-1.12322E-2,-1.18431E-2,-1.18359E-2,-1.07841E-2,-1.10123E-2,-1.10272E-2,-1.02705E-2,-1.08170E-2,-1.05126E-2,-1.03656E-2,-9.46619E-3,-9.26821E-3,-8.90895E-3,-9.83283E-3,-1.01723E-2,-9.41530E-3,-9.71517E-3,-9.57599E-3,-8.96631E-3,-8.96393E-3,-8.49036E-3,-8.86712E-3,-9.12538E-3,-9.06314E-3,-8.85478E-3,-8.55230E-3,-8.46845E-3,-8.07068E-3,-8.48075E-3,-8.42115E-3,-8.32849E-3,-8.32585E-3,-7.99119E-3,-7.94230E-3,-7.81382E-3,-7.70231E-3,-7.50241E-3,-7.67123E-3
1.19089E+3,NaN,NaN,NaN,NaN,NaN,NaN,NaN,NaN,NaN,-2.38900E-4,2.04342E-4,2.39027E-4,2.73712E-4,2.31895E-4,1.12098E-5,-2.09476E-4,-2.57539E-4,-8.80546E-5,8.14299E-5,1.02326E-4,1.79361E-5,-6.64536E-5,-5.70317E-5,-1.25845E-5,3.18627E-5,2.14793E-5,2.97509E-6,-1.74493E-5,-1.74530E-4,-3.31610E-4,-4.12699E-4,-8.48729E-5,2.42953E-4,4.63702E-4,4.34096E-4,4.04489E-4,-5.62484E-4,-3.27621E-3,-7.31341E-3,-8.09151E-3,2.46287E-3,2.57288E-2,3.53833E-2,6.24066E-3,-4.35400E-2,-9.99079E-2,-1.43008E-1,-1.57243E-1,-1.64339E-1,-1.75388E-1,-1.74078E-1,-1.34122E-1,-5.92767E-2,7.59098E-3,3.11270E-2,1.99595E-2,7.48626E-3,7.13508E-3,8.14950E-3,7.26934E-3,7.04772E-3,6.71770E-3,6.33836E-3,5.97856E-3,5.49256E-3,4.84095E-3,4.17077E-3,3.93122E-3,3.54693E-3,3.15846E-3,2.78850E-3,1.79504E-3,1.18213E-3,8.13778E-4,2.83308E-4,-2.80503E-4,-6.43282E-4,-1.02317E-3,-1.75085E-3,-2.39888E-3,-2.39028E-3,-2.70617E-3,-3.51388E-3,-3.95148E-3,-4.50658E-3,-5.08590E-3,-5.47377E-3,-5.94195E-3,-6.51577E-3,-6.51989E-3,-7.43866E-3,-8.15820E-3,-8.02563E-3,-8.30093E-3,-8.79713E-3,-8.93869E-3,-9.96657E-3,-1.05967E-2,-1.09257E-2,-1.10277E-2,-1.16682E-2,-1.14233E-2,-1.07126E-2,-1.07377E-2,-1.06683E-2,-9.97065E-3,-1.04641E-2,-1.00838E-2,-9.94253E-3,-9.25024E-3,-9.19783E-3,-8.72777E-3,-9.30385E-3,-9.63609E-3,-9.18014E-3,-9.49595E-3,-9.42738E-3,-8.88030E-3,-8.81539E-3,-8.09928E-3,-8.53137E-3,-9.07789E-3,-8.97044E-3,-8.69845E-3,-8.54700E-3,-8.38376E-3,-8.10603E-3,-8.17460E-3,-7.93071E-3,-7.90256E-3,-7.93164E-3,-7.64410E-3,-7.56776E-3,-7.44740E-3,-7.43011E-3,-7.25060E-3,-7.30215E-3
1.19435E+3,NaN,NaN,NaN,NaN,NaN,NaN,NaN,NaN,NaN,-2.62788E-4,7.99860E-5,5.27857E-5,2.55854E-5,-4.50250E-5,-1.41061E-4,-2.37096E-4,-4.74667E-5,2.25816E-4,4.99100E-4,3.31383E-4,1.23410E-4,-6.99975E-5,-3.19587E-5,6.08013E-6,2.42404E-5,-3.60979E-5,-9.64363E-5,-1.65174E-4,-2.49865E-4,-3.34555E-4,-2.94504E-4,-1.23462E-4,4.75808E-5,3.17722E-4,6.45905E-4,9.74089E-4,-1.72795E-4,-2.94091E-3,-7.46296E-3,-8.50384E-3,7.65400E-4,2.68423E-2,3.61698E-2,8.39433E-3,-3.99599E-2,-1.04786E-1,-1.46829E-1,-1.60988E-1,-1.68830E-1,-1.79039E-1,-1.76617E-1,-1.31392E-1,-5.09764E-2,1.55859E-2,3.22441E-2,1.72296E-2,7.00143E-3,7.94475E-3,7.99607E-3,7.25320E-3,7.47346E-3,7.03616E-3,6.54408E-3,5.99386E-3,5.47218E-3,4.88730E-3,4.48535E-3,4.18451E-3,3.43724E-3,3.32143E-3,2.62525E-3,1.63455E-3,1.30555E-3,1.03253E-3,5.03049E-4,-7.51294E-5,-3.47163E-4,-1.02278E-3,-1.96026E-3,-2.28028E-3,-2.05500E-3,-3.07344E-3,-3.42714E-3,-4.00474E-3,-4.63936E-3,-5.18210E-3,-5.22018E-3,-5.90855E-3,-6.10506E-3,-6.31780E-3,-7.42206E-3,-7.68992E-3,-7.65131E-3,-8.11257E-3,-8.48143E-3,-8.74497E-3,-9.73023E-3,-1.05076E-2,-1.07014E-2,-1.09449E-2,-1.14904E-2,-1.09540E-2,-1.05172E-2,-1.05094E-2,-1.03082E-2,-9.84322E-3,-1.01576E-2,-9.71968E-3,-9.66920E-3,-9.10064E-3,-9.04739E-3,-8.52486E-3,-9.06340E-3,-9.35946E-3,-8.74516E-3,-9.24230E-3,-9.19393E-3,-8.67267E-3,-8.52512E-3,-7.87463E-3,-8.39718E-3,-8.81359E-3,-8.56782E-3,-8.36241E-3,-8.50849E-3,-8.41456E-3,-7.83271E-3,-7.87365E-3,-7.71316E-3,-7.56648E-3,-7.67634E-3,-7.59512E-3,-7.40588E-3,-7.17203E-3,-7.23088E-3,-7.23787E-3,-7.25009E-3
1.19781E+3,NaN,NaN,NaN,NaN,NaN,NaN,NaN,NaN,NaN,1.22138E-4,1.74875E-4,1.22892E-4,7.09101E-5,-5.71660E-5,-1.88536E-4,-2.86932E-4,-9.30313E-5,1.00870E-4,2.24324E-4,1.29775E-4,3.52263E-5,-5.86984E-5,-1.51635E-4,-2.44572E-4,-2.28786E-4,-1.16563E-4,-4.34065E-6,-3.80361E-5,-1.42696E-4,-2.47355E-4,-2.64002E-4,-2.60757E-4,-2.57512E-4,2.35283E-4,7.49267E-4,1.17455E-3,5.12014E-4,-2.93731E-3,-7.17232E-3,-8.55509E-3,-5.55679E-4,2.49961E-2,3.86720E-2,1.18835E-2,-3.73006E-2,-1.08983E-1,-1.51829E-1,-1.66486E-1,-1.72874E-1,-1.80019E-1,-1.77353E-1,-1.29247E-1,-4.41383E-2,2.43391E-2,3.42237E-2,1.60638E-2,6.30193E-3,8.83182E-3,8.01894E-3,7.58284E-3,7.94202E-3,7.23273E-3,7.21527E-3,6.38722E-3,5.77898E-3,5.12398E-3,4.62673E-3,4.24917E-3,3.63596E-3,3.74696E-3,2.55768E-3,1.83423E-3,1.66828E-3,1.33419E-3,6.00166E-4,7.27073E-5,-1.13032E-4,-6.32806E-4,-1.67053E-3,-2.00788E-3,-2.02595E-3,-2.74682E-3,-3.12485E-3,-3.68196E-3,-4.15363E-3,-4.77830E-3,-4.89853E-3,-5.61645E-3,-5.51772E-3,-6.09234E-3,-7.27827E-3,-7.28607E-3,-7.43645E-3,-7.80888E-3,-8.06517E-3,-8.32334E-3,-9.29599E-3,-1.01648E-2,-1.03400E-2,-1.06111E-2,-1.10085E-2,-1.05232E-2,-1.03733E-2,-9.95962E-3,-1.01770E-2,-9.55904E-3,-9.69838E-3,-9.33061E-3,-8.94543E-3,-8.61197E-3,-8.40531E-3,-8.24856E-3,-8.77711E-3,-8.95861E-3,-8.57696E-3,-8.71725E-3,-8.87380E-3,-8.46113E-3,-8.35169E-3,-7.50908E-3,-8.14001E-3,-8.64130E-3,-8.53648E-3,-8.30181E-3,-8.17140E-3,-7.98861E-3,-7.56824E-3,-7.52023E-3,-7.18480E-3,-7.34967E-3,-7.43306E-3,-7.23062E-3,-7.07802E-3,-6.85545E-3,-7.06642E-3,-6.97740E-3,-6.92198E-3
1.20127E+3,NaN,NaN,NaN,NaN,NaN,NaN,NaN,NaN,NaN,1.27000E-4,1.47885E-4,1.42282E-4,1.19847E-4,5.48196E-5,-1.02081E-5,-4.83270E-5,-5.02034E-5,-5.20797E-5,-5.99507E-5,-7.23633E-5,-8.47759E-5,-1.19321E-4,-1.62827E-4,-2.06332E-4,-1.71797E-4,-1.23991E-4,-7.61849E-5,-1.88496E-4,-3.01203E-4,-4.03678E-4,-4.43500E-4,-4.83322E-4,-3.10622E-4,3.99872E-4,1.11037E-3,1.50921E-3,4.42422E-4,-2.70951E-3,-6.66671E-3,-8.35393E-3,1.20206E-3,2.51230E-2,3.63684E-2,1.31174E-2,-4.15312E-2,-1.09128E-1,-1.52406E-1,-1.70213E-1,-1.77635E-1,-1.83883E-1,-1.74090E-1,-1.21336E-1,-3.73677E-2,2.30442E-2,3.05958E-2,1.60911E-2,8.07890E-3,8.70478E-3,8.37511E-3,8.28138E-3,8.24323E-3,7.66450E-3,7.16699E-3,6.51166E-3,5.91277E-3,5.43186E-3,4.99881E-3,4.44899E-3,4.17760E-3,3.85122E-3,2.93756E-3,2.30274E-3,2.04233E-3,1.38926E-3,6.27205E-4,3.50653E-4,6.51221E-5,-7.67217E-4,-1.46445E-3,-1.56255E-3,-1.92713E-3,-2.47514E-3,-3.02123E-3,-3.78200E-3,-4.28959E-3,-4.49648E-3,-4.92106E-3,-5.39009E-3,-5.49180E-3,-6.18975E-3,-6.96787E-3,-7.06066E-3,-7.28341E-3,-7.67246E-3,-7.99112E-3,-8.21319E-3,-9.17710E-3,-9.92247E-3,-9.72511E-3,-1.05468E-2,-1.08738E-2,-1.01120E-2,-9.91800E-3,-9.70895E-3,-9.67597E-3,-9.12014E-3,-9.38797E-3,-9.23821E-3,-8.90214E-3,-8.29878E-3,-8.21570E-3,-8.05701E-3,-8.55955E-3,-8.62847E-3,-8.28078E-3,-8.37999E-3,-8.43233E-3,-8.04476E-3,-7.71218E-3,-6.87089E-3,-7.79987E-3,-8.31699E-3,-8.08170E-3,-7.72450E-3,-7.88817E-3,-7.85716E-3,-7.51417E-3,-7.42145E-3,-6.90720E-3,-7.05944E-3,-7.07055E-3,-6.67051E-3,-6.63256E-3,-6.78745E-3,-6.95403E-3,-6.69655E-3,-6.54726E-3
1.20473E+3,NaN,NaN,NaN,NaN,NaN,NaN,NaN,NaN,NaN,1.42250E-5,6.72459E-5,1.51315E-4,9.98408E-5,-4.01768E-5,-1.80194E-4,-5.45268E-5,1.60779E-4,3.76086E-4,2.57025E-4,9.68851E-5,-6.12316E-5,-1.60863E-4,-2.60494E-4,-3.27474E-4,-2.41903E-4,-1.56332E-4,-1.09901E-4,-1.46964E-4,-1.84027E-4,-2.37726E-4,-3.10795E-4,-3.83865E-4,-5.33150E-5,5.40900E-4,1.13511E-3,1.70241E-3,9.55927E-4,-2.60241E-3,-6.55465E-3,-8.92673E-3,8.98011E-4,2.89042E-2,3.77194E-2,1.62238E-2,-4.53937E-2,-1.13129E-1,-1.56234E-1,-1.74346E-1,-1.81307E-1,-1.89132E-1,-1.76516E-1,-1.16704E-1,-2.49306E-2,2.63989E-2,2.99844E-2,1.48668E-2,8.51911E-3,8.93057E-3,8.48773E-3,8.78690E-3,8.26262E-3,7.67781E-3,7.57132E-3,6.58369E-3,6.06383E-3,5.65451E-3,5.14542E-3,4.64321E-3,4.33035E-3,3.77447E-3,2.96982E-3,2.58716E-3,2.29469E-3,1.50803E-3,1.03799E-3,7.89072E-4,2.30186E-4,-7.10712E-4,-1.04060E-3,-1.19997E-3,-1.95499E-3,-2.43581E-3,-2.95593E-3,-3.46856E-3,-3.69234E-3,-4.11686E-3,-4.76619E-3,-4.91814E-3,-5.37465E-3,-6.32244E-3,-6.43086E-3,-6.79074E-3,-7.16842E-3,-7.35149E-3,-7.79298E-3,-8.08149E-3,-8.96167E-3,-9.61478E-3,-9.76566E-3,-1.05023E-2,-1.04452E-2,-9.66376E-3,-9.76171E-3,-9.60157E-3,-9.31760E-3,-9.18614E-3,-9.18868E-3,-8.87332E-3,-8.49789E-3,-8.04005E-3,-7.96078E-3,-8.08715E-3,-8.53524E-3,-8.40509E-3,-8.03223E-3,-8.11581E-3,-8.48472E-3,-8.12557E-3,-7.87050E-3,-6.77065E-3,-7.36801E-3,-8.05950E-3,-7.90954E-3,-7.51526E-3,-7.68889E-3,-7.72578E-3,-7.27220E-3,-7.25445E-3,-6.82336E-3,-6.81213E-3,-6.83914E-3,-6.51521E-3,-6.39574E-3,-6.45624E-3,-6.49102E-3,-6.24909E-3,-6.36492E-3
1.20819E+3,NaN,NaN,NaN,NaN,NaN,NaN,NaN,NaN,NaN,2.10123E-4,-7.93392E-5,-1.89139E-4,-1.99402E-4,-2.01412E-4,-1.97841E-4,-1.15666E-4,-3.34909E-5,2.66936E-5,3.72318E-6,-1.92472E-5,-3.95636E-5,-5.49940E-5,-7.04245E-5,-1.39981E-5,1.15778E-4,2.45554E-4,1.48818E-4,-7.66000E-5,-3.02018E-4,-3.26601E-4,-2.94727E-4,-2.62854E-4,1.77350E-4,6.51411E-4,1.13291E-3,1.65126E-3,1.02678E-3,-2.25821E-3,-5.92698E-3,-9.52906E-3,-7.29106E-4,3.05518E-2,4.04885E-2,2.02437E-2,-4.48160E-2,-1.15229E-1,-1.59829E-1,-1.78937E-1,-1.84822E-1,-1.93923E-1,-1.81173E-1,-1.15545E-1,-1.47775E-2,3.01652E-2,3.13913E-2,1.39171E-2,7.35024E-3,1.01080E-2,8.58158E-3,9.10013E-3,8.55239E-3,7.94457E-3,7.99650E-3,6.59726E-3,6.25128E-3,5.59063E-3,5.16047E-3,4.88441E-3,4.63486E-3,3.82892E-3,2.96806E-3,2.84028E-3,2.71248E-3,1.61794E-3,1.12416E-3,7.68199E-4,3.40145E-4,-5.41416E-4,-1.08941E-3,-1.04972E-3,-1.70638E-3,-2.19760E-3,-2.80857E-3,-3.10680E-3,-3.40168E-3,-4.14409E-3,-4.73903E-3,-4.55940E-3,-4.94607E-3,-6.41179E-3,-6.33006E-3,-6.67358E-3,-6.71728E-3,-7.18001E-3,-7.60632E-3,-7.80241E-3,-8.74732E-3,-9.29425E-3,-9.45980E-3,-1.00618E-2,-9.88920E-3,-9.54370E-3,-9.52069E-3,-9.16082E-3,-8.90780E-3,-8.74829E-3,-8.86881E-3,-8.43295E-3,-8.15999E-3,-7.86864E-3,-7.74664E-3,-7.81031E-3,-8.15059E-3,-8.03246E-3,-7.78459E-3,-7.93242E-3,-7.92982E-3,-7.66904E-3,-7.48619E-3,-6.45460E-3,-7.13185E-3,-7.75059E-3,-7.66660E-3,-7.19694E-3,-7.32151E-3,-7.34656E-3,-6.79655E-3,-6.75705E-3,-6.62459E-3,-6.66318E-3,-6.57401E-3,-6.31448E-3,-6.18349E-3,-6.25159E-3,-6.50469E-3,-6.13256E-3,-6.20017E-3
1.21165E+3,NaN,NaN,NaN,NaN,NaN,NaN,NaN,NaN,NaN,1.71830E-4,-1.54596E-4,-2.29891E-4,-1.46929E-4,-6.39665E-5,3.43500E-5,1.57525E-4,2.80701E-4,1.97106E-4,-7.38052E-5,-3.44717E-4,-3.56278E-4,-2.38673E-4,-1.21068E-4,-4.28167E-5,2.62274E-5,9.52715E-5,3.45246E-5,-3.25873E-5,-9.76039E-5,-1.42914E-4,-1.88224E-4,-1.75367E-4,2.27339E-5,2.20834E-4,9.39237E-4,1.90399E-3,9.67155E-4,-1.92812E-3,-5.78857E-3,-7.82873E-3,3.81376E-3,2.84256E-2,3.80869E-2,1.45315E-2,-4.67005E-2,-1.14384E-1,-1.60367E-1,-1.82549E-1,-1.90981E-1,-1.96882E-1,-1.76194E-1,-1.03508E-1,-1.45290E-2,2.77214E-2,3.05435E-2,1.49725E-2,8.25991E-3,9.84391E-3,9.09920E-3,9.27934E-3,8.74358E-3,8.29743E-3,7.80103E-3,7.05482E-3,6.55914E-3,6.04140E-3,5.52392E-3,5.14736E-3,5.03451E-3,4.43960E-3,3.73700E-3,3.29382E-3,2.90112E-3,2.07938E-3,1.43245E-3,1.11557E-3,4.87684E-4,-3.50200E-4,-5.42648E-4,-9.33253E-4,-1.40584E-3,-1.86979E-3,-2.61255E-3,-3.03781E-3,-3.46619E-3,-4.08920E-3,-4.18875E-3,-4.24046E-3,-5.02203E-3,-5.64234E-3,-5.87051E-3,-6.10554E-3,-6.37639E-3,-6.78929E-3,-7.24162E-3,-7.53470E-3,-8.42208E-3,-8.84450E-3,-9.27050E-3,-9.75148E-3,-9.41625E-3,-9.13727E-3,-9.12126E-3,-8.97368E-3,-8.60235E-3,-8.45548E-3,-8.52977E-3,-8.21676E-3,-7.78857E-3,-7.57106E-3,-7.36488E-3,-7.55216E-3,-7.84068E-3,-7.63228E-3,-7.42644E-3,-7.68571E-3,-7.70736E-3,-7.47042E-3,-7.01103E-3,-5.83515E-3,-6.63829E-3,-7.34938E-3,-7.33102E-3,-6.92288E-3,-7.01705E-3,-7.05141E-3,-6.80643E-3,-6.70794E-3,-6.14699E-3,-6.28573E-3,-6.24851E-3,-5.81689E-3,-5.81310E-3,-5.84798E-3,-6.11022E-3,-5.67725E-3,-5.67560E-3
1.21511E+3,NaN,NaN,NaN,NaN,NaN,NaN,NaN,NaN,NaN,-4.78826E-5,-5.61776E-5,-6.21274E-5,-9.93701E-5,-1.36613E-4,-9.66258E-5,-2.26466E-5,5.13327E-5,6.92950E-5,7.63670E-5,8.34390E-5,-2.75361E-5,-1.40909E-4,-2.25421E-4,-1.04039E-4,1.73428E-5,8.27164E-5,-6.61490E-6,-9.59461E-5,-1.72301E-4,-2.29880E-4,-2.87458E-4,-2.67978E-4,-1.85835E-4,-1.03692E-4,1.01477E-3,1.81132E-3,1.21636E-3,-1.50312E-3,-5.44457E-3,-8.61120E-3,5.20431E-3,2.80472E-2,3.90211E-2,1.53433E-2,-4.74485E-2,-1.13547E-1,-1.63703E-1,-1.84601E-1,-1.96349E-1,-2.03056E-1,-1.78397E-1,-9.28802E-2,-1.18271E-2,3.03683E-2,2.96876E-2,1.30419E-2,9.72106E-3,9.83914E-3,9.49251E-3,9.15586E-3,8.72738E-3,8.41828E-3,7.57423E-3,6.98631E-3,6.73791E-3,6.20612E-3,5.59684E-3,5.26580E-3,4.77808E-3,4.12993E-3,3.71939E-3,3.66400E-3,2.62872E-3,1.97804E-3,1.66305E-3,1.42103E-3,5.21503E-4,-7.02351E-5,-2.02021E-4,-7.33851E-4,-1.43635E-3,-2.15708E-3,-2.61715E-3,-2.66557E-3,-3.58383E-3,-3.99941E-3,-3.90631E-3,-4.07604E-3,-4.86702E-3,-5.35160E-3,-5.79638E-3,-5.88404E-3,-6.46259E-3,-6.93523E-3,-7.19153E-3,-7.35926E-3,-8.21253E-3,-8.62590E-3,-9.11808E-3,-9.65795E-3,-9.28405E-3,-8.82359E-3,-8.69331E-3,-8.63794E-3,-8.23474E-3,-8.13432E-3,-8.27453E-3,-8.12786E-3,-7.64026E-3,-7.34800E-3,-7.22782E-3,-7.33248E-3,-7.32320E-3,-7.28567E-3,-7.05494E-3,-7.38191E-3,-7.55041E-3,-7.44343E-3,-7.21180E-3,-5.94297E-3,-6.62348E-3,-7.29215E-3,-7.28799E-3,-6.62711E-3,-6.74626E-3,-6.81199E-3,-6.44634E-3,-6.40630E-3,-6.08960E-3,-6.12956E-3,-6.09298E-3,-5.95507E-3,-5.84207E-3,-5.69667E-3,-5.73402E-3,-5.41493E-3,-5.48698E-3
1.21858E+3,NaN,NaN,NaN,NaN,NaN,NaN,NaN,NaN,NaN,-2.14836E-4,-4.10807E-5,-5.06760E-5,-7.35634E-5,-9.60301E-5,-1.31519E-5,6.97263E-5,1.32613E-4,7.93407E-5,2.60684E-5,-1.27074E-5,-1.59385E-5,-1.91696E-5,1.76885E-5,1.07139E-4,1.96589E-4,1.83900E-4,9.58432E-5,7.78614E-6,-4.99686E-6,1.17462E-5,2.84892E-5,3.06248E-5,3.04045E-5,3.30121E-5,7.46173E-4,2.04816E-3,1.75861E-3,-1.10313E-3,-4.34344E-3,-9.39204E-3,3.46890E-3,2.75843E-2,4.21979E-2,2.29649E-2,-4.51765E-2,-1.12024E-1,-1.70691E-1,-1.86279E-1,-2.01273E-1,-2.10391E-1,-1.85031E-1,-8.42394E-2,-6.13699E-3,3.97846E-2,3.12403E-2,8.45815E-3,1.01303E-2,1.03554E-2,9.54276E-3,9.78721E-3,8.99316E-3,8.87149E-3,7.76857E-3,7.37021E-3,7.02972E-3,6.52177E-3,5.82054E-3,5.52846E-3,5.07632E-3,4.34306E-3,3.88977E-3,3.95132E-3,2.86328E-3,2.63929E-3,2.03579E-3,1.54843E-3,2.86631E-4,-9.79047E-5,4.62331E-5,-5.39804E-4,-1.49553E-3,-1.70485E-3,-2.52401E-3,-2.36185E-3,-3.47541E-3,-3.70587E-3,-3.62848E-3,-4.27174E-3,-4.71571E-3,-5.01680E-3,-5.48564E-3,-5.50480E-3,-6.64412E-3,-6.43697E-3,-6.80768E-3,-6.89250E-3,-7.83205E-3,-8.11756E-3,-8.55001E-3,-9.13237E-3,-8.81250E-3,-8.61103E-3,-8.15569E-3,-8.20920E-3,-7.97936E-3,-7.94821E-3,-7.83873E-3,-7.62403E-3,-7.23864E-3,-6.86807E-3,-6.75036E-3,-6.77216E-3,-6.83598E-3,-7.10155E-3,-7.01732E-3,-7.19300E-3,-7.51604E-3,-7.12925E-3,-6.73491E-3,-5.35999E-3,-6.24920E-3,-7.03566E-3,-7.04118E-3,-6.38583E-3,-6.54144E-3,-6.57551E-3,-6.06666E-3,-6.13689E-3,-5.81381E-3,-5.59302E-3,-5.48051E-3,-5.53680E-3,-5.50591E-3,-5.51764E-3,-5.55286E-3,-5.23529E-3,-5.25261E-3
1.22204E+3,NaN,NaN,NaN,NaN,NaN,NaN,NaN,NaN,3.26787E-4,1.28528E-4,-1.30064E-4,-1.27093E-4,-1.24122E-4,-9.34446E-5,-1.29266E-6,9.08593E-5,1.17321E-4,6.46307E-5,1.19403E-5,-8.29626E-5,-2.06434E-4,-3.29905E-4,-2.38358E-4,-7.09678E-5,9.64228E-5,1.42618E-4,1.72614E-4,2.03951E-4,2.87675E-4,3.71400E-4,3.89282E-4,8.06502E-5,-2.27981E-4,-1.25611E-4,9.31503E-4,1.77115E-3,1.29399E-3,-7.04630E-4,-4.21084E-3,-6.92282E-3,3.50798E-3,2.55247E-2,3.90124E-2,1.90802E-2,-4.22673E-2,-1.12001E-1,-1.68497E-1,-1.90192E-1,-2.07259E-1,-2.11061E-1,-1.71884E-1,-8.24067E-2,-4.97923E-3,3.72991E-2,2.91441E-2,1.05632E-2,9.97887E-3,1.04200E-2,9.62201E-3,9.65599E-3,9.18187E-3,8.93180E-3,8.09876E-3,7.47666E-3,7.09087E-3,6.38165E-3,6.04583E-3,5.66911E-3,5.35330E-3,4.64311E-3,4.31730E-3,4.08304E-3,3.19923E-3,2.68374E-3,2.02814E-3,1.87649E-3,5.87153E-4,1.88311E-4,2.62509E-5,-6.64844E-4,-1.45193E-3,-1.95803E-3,-2.29972E-3,-2.41819E-3,-3.24757E-3,-3.62241E-3,-3.57339E-3,-4.09793E-3,-4.78252E-3,-5.17066E-3,-5.32429E-3,-5.64368E-3,-6.54878E-3,-6.56775E-3,-6.69304E-3,-6.97316E-3,-7.92441E-3,-7.69285E-3,-8.73333E-3,-8.52723E-3,-8.64033E-3,-8.82233E-3,-8.50033E-3,-8.32053E-3,-8.02157E-3,-7.66383E-3,-7.57176E-3,-7.42918E-3,-7.00788E-3,-6.78597E-3,-6.97160E-3,-7.00961E-3,-6.82069E-3,-6.81764E-3,-6.56928E-3,-7.27533E-3,-7.06009E-3,-7.01576E-3,-6.90855E-3,-5.22524E-3,-6.07310E-3,-7.16937E-3,-7.08798E-3,-6.28589E-3,-6.45195E-3,-6.59032E-3,-6.07578E-3,-6.17633E-3,-5.69745E-3,-5.47191E-3,-5.48669E-3,-5.58632E-3,-5.29431E-3,-5.16717E-3,-5.46618E-3,-5.07143E-3,-5.04387E-3
1.22551E+3,NaN,NaN,NaN,NaN,NaN,NaN,NaN,NaN,9.74414E-5,-2.17045E-4,-2.25480E-4,-5.64637E-6,2.14187E-4,3.01093E-4,3.04606E-4,3.08118E-4,1.91528E-4,3.64568E-5,-1.18614E-4,-1.24928E-4,-1.14750E-4,-9.72871E-5,8.20847E-5,2.61456E-4,3.87472E-4,2.79859E-4,1.72247E-4,1.22962E-4,1.92759E-4,2.62556E-4,1.27990E-4,-2.35519E-4,-5.99029E-4,-1.49960E-4,9.05092E-4,1.93292E-3,1.71926E-3,2.40731E-4,-3.95963E-3,-7.06797E-3,3.20789E-3,2.43114E-2,4.12100E-2,1.91576E-2,-3.90390E-2,-1.15413E-1,-1.66864E-1,-1.94822E-1,-2.14520E-1,-2.16485E-1,-1.64638E-1,-7.96371E-2,1.67917E-3,3.74992E-2,2.52991E-2,1.10453E-2,1.03103E-2,1.05751E-2,1.00818E-2,9.69251E-3,9.40807E-3,8.82179E-3,8.27152E-3,7.93237E-3,7.15296E-3,6.63016E-3,6.21616E-3,6.02237E-3,5.39978E-3,4.87374E-3,5.02072E-3,4.36122E-3,3.63115E-3,2.79802E-3,2.45067E-3,1.66034E-3,1.02477E-3,6.39106E-4,2.26171E-4,-5.35858E-4,-1.15503E-3,-1.51521E-3,-1.71762E-3,-2.42302E-3,-2.96323E-3,-2.90528E-3,-3.23557E-3,-4.14387E-3,-4.37222E-3,-4.60422E-3,-4.90076E-3,-5.63388E-3,-6.06952E-3,-6.12959E-3,-6.16878E-3,-6.48901E-3,-7.17586E-3,-7.62977E-3,-8.02393E-3,-8.29702E-3,-8.32681E-3,-8.55077E-3,-7.92561E-3,-7.95961E-3,-7.43855E-3,-7.51986E-3,-7.18532E-3,-6.92844E-3,-6.64829E-3,-6.39175E-3,-6.50385E-3,-6.43424E-3,-6.51283E-3,-6.84832E-3,-6.35254E-3,-6.74486E-3,-7.12936E-3,-6.85181E-3,-6.64143E-3,-5.11017E-3,-5.85080E-3,-6.84631E-3,-6.74151E-3,-6.02098E-3,-6.06551E-3,-6.10724E-3,-5.84713E-3,-5.72228E-3,-5.20607E-3,-5.33071E-3,-5.34795E-3,-5.16195E-3,-5.06627E-3,-5.29951E-3,-5.33204E-3,-4.94091E-3,-4.74273E-3
1.22897E+3,NaN,NaN,NaN,NaN,NaN,NaN,NaN,NaN,-1.31997E-4,-1.96505E-4,-1.75357E-4,-9.71841E-5,-1.90113E-5,1.32133E-4,2.90015E-4,4.29257E-4,2.67598E-4,1.05938E-4,-1.25426E-5,4.04130E-5,9.33687E-5,1.63015E-4,2.64481E-4,3.65948E-4,3.88228E-4,3.27060E-4,2.65893E-4,2.78697E-4,3.34989E-4,3.91281E-4,2.83488E-4,1.27407E-4,-2.86748E-5,-3.75665E-4,1.00862E-3,2.04551E-3,2.05440E-3,1.08822E-3,-3.50890E-3,-9.09889E-3,9.74615E-4,2.30830E-2,4.82037E-2,2.52893E-2,-3.31974E-2,-1.19748E-1,-1.66330E-1,-1.99759E-1,-2.20688E-1,-2.22845E-1,-1.63468E-1,-7.62772E-2,1.47960E-2,4.25640E-2,2.26053E-2,8.82225E-3,1.11944E-2,1.01590E-2,1.02183E-2,9.73879E-3,9.53416E-3,8.84692E-3,8.11427E-3,8.15262E-3,7.12318E-3,6.91235E-3,6.37538E-3,6.09808E-3,5.63416E-3,4.82722E-3,4.89426E-3,3.85375E-3,3.58187E-3,2.37018E-3,2.82829E-3,1.52909E-3,9.35038E-4,1.04780E-3,2.82914E-4,-6.16850E-4,-1.33799E-3,-1.31140E-3,-1.79763E-3,-2.68366E-3,-3.18217E-3,-2.73683E-3,-3.14648E-3,-4.00370E-3,-4.40756E-3,-4.68897E-3,-4.70639E-3,-5.89937E-3,-5.68126E-3,-5.71692E-3,-5.93657E-3,-6.59294E-3,-7.06548E-3,-7.72662E-3,-8.10131E-3,-7.96051E-3,-8.04924E-3,-8.43633E-3,-7.60179E-3,-7.91044E-3,-7.33281E-3,-7.27272E-3,-6.95505E-3,-6.88665E-3,-6.53670E-3,-6.12355E-3,-6.45856E-3,-6.53135E-3,-6.49274E-3,-6.59828E-3,-6.12087E-3,-6.38772E-3,-6.78154E-3,-6.67532E-3,-6.40403E-3,-4.94356E-3,-5.70469E-3,-6.53182E-3,-6.48625E-3,-5.93109E-3,-6.03033E-3,-5.87858E-3,-5.53624E-3,-5.53782E-3,-5.29581E-3,-5.03003E-3,-5.11563E-3,-5.20356E-3,-4.96292E-3,-5.23321E-3,-5.10849E-3,-4.61675E-3,-4.65758E-3
1.23244E+3,NaN,NaN,NaN,NaN,NaN,NaN,NaN,NaN,-7.85525E-5,-1.10188E-4,-1.39355E-4,-7.14226E-5,5.22444E-6,1.13943E-4,2.22662E-4,2.28875E-4,5.00754E-5,-1.28724E-4,-1.27477E-4,5.42631E-5,2.36004E-4,2.72105E-4,2.27075E-4,1.82046E-4,2.53840E-4,3.57614E-4,4.61388E-4,3.98820E-4,3.23337E-4,2.40008E-4,5.37180E-5,-1.32572E-4,-2.63825E-4,8.04382E-6,9.93847E-4,1.84092E-3,2.22206E-3,9.03846E-4,-3.73938E-3,-8.78522E-3,-1.19503E-4,2.18666E-2,4.54204E-2,2.69744E-2,-3.34684E-2,-1.16866E-1,-1.67651E-1,-2.05237E-1,-2.26502E-1,-2.20021E-1,-1.62308E-1,-7.10076E-2,1.73510E-2,4.06326E-2,2.28678E-2,8.50565E-3,1.09697E-2,1.05775E-2,1.03974E-2,9.95012E-3,9.51944E-3,8.84566E-3,8.61328E-3,8.38727E-3,7.21168E-3,7.08455E-3,6.36421E-3,6.13809E-3,5.64758E-3,5.16659E-3,4.97730E-3,4.00256E-3,3.77835E-3,3.20846E-3,2.70993E-3,1.76182E-3,1.24896E-3,1.37391E-3,4.27100E-4,-5.00074E-4,-8.79698E-4,-8.87100E-4,-1.43350E-3,-2.43015E-3,-2.70481E-3,-2.46203E-3,-3.22986E-3,-3.67780E-3,-4.12309E-3,-4.30434E-3,-4.64060E-3,-5.35861E-3,-5.29969E-3,-5.61253E-3,-5.68856E-3,-6.29658E-3,-6.92704E-3,-7.30119E-3,-7.86957E-3,-7.79589E-3,-7.66328E-3,-7.57641E-3,-7.43088E-3,-7.39327E-3,-7.03208E-3,-6.93384E-3,-6.93366E-3,-6.47961E-3,-6.42670E-3,-6.18236E-3,-5.93612E-3,-6.31598E-3,-5.93156E-3,-6.17351E-3,-6.10163E-3,-5.97572E-3,-6.66012E-3,-6.50247E-3,-6.16143E-3,-4.49124E-3,-5.06098E-3,-5.81003E-3,-6.06080E-3,-5.67225E-3,-5.81532E-3,-5.49926E-3,-5.43811E-3,-5.51501E-3,-4.93368E-3,-4.68522E-3,-4.66166E-3,-4.62568E-3,-4.56665E-3,-4.56632E-3,-4.87287E-3,-4.48472E-3,-4.27311E-3
1.23590E+3,NaN,NaN,NaN,NaN,NaN,NaN,NaN,NaN,-8.96469E-5,-6.17155E-5,1.44003E-4,1.24316E-4,1.89583E-4,3.36774E-4,4.83965E-4,3.11452E-4,-3.17442E-5,-3.74940E-4,-3.71711E-4,-2.79043E-4,-1.86375E-4,1.30887E-4,4.63082E-4,7.48913E-4,5.05259E-4,2.61604E-4,1.01655E-4,2.32737E-4,3.63820E-4,3.82731E-4,2.07527E-4,3.23218E-5,-1.98064E-4,-1.55082E-4,6.38487E-4,1.82545E-3,2.46287E-3,1.37564E-3,-4.23549E-3,-8.32634E-3,-8.46262E-4,2.40484E-2,4.55968E-2,3.05500E-2,-3.38318E-2,-1.10532E-1,-1.67822E-1,-2.08854E-1,-2.29588E-1,-2.17819E-1,-1.58858E-1,-6.10568E-2,1.79250E-2,3.78828E-2,2.14720E-2,9.36833E-3,1.04275E-2,1.08386E-2,1.03806E-2,1.00469E-2,9.68087E-3,8.99879E-3,8.56382E-3,8.03031E-3,7.53840E-3,7.12177E-3,6.57756E-3,6.03189E-3,5.33861E-3,5.25945E-3,4.78256E-3,4.09368E-3,3.80130E-3,3.47417E-3,2.83994E-3,2.00629E-3,1.34839E-3,9.43520E-4,2.25786E-4,-5.20883E-4,-6.87606E-4,-7.95197E-4,-1.55243E-3,-2.25099E-3,-2.12545E-3,-2.44003E-3,-3.17184E-3,-3.76317E-3,-4.13578E-3,-4.30049E-3,-4.89443E-3,-5.28095E-3,-5.04930E-3,-5.25347E-3,-5.82178E-3,-6.08995E-3,-6.99489E-3,-7.65188E-3,-7.60692E-3,-7.82935E-3,-7.45389E-3,-7.77120E-3,-7.42592E-3,-7.16937E-3,-7.09228E-3,-6.79475E-3,-6.48646E-3,-6.82000E-3,-6.44150E-3,-6.05413E-3,-5.44487E-3,-6.20561E-3,-5.72823E-3,-5.93606E-3,-5.59821E-3,-5.94959E-3,-6.42882E-3,-6.34438E-3,-6.07811E-3,-4.48845E-3,-5.13205E-3,-6.10330E-3,-6.13196E-3,-5.43044E-3,-5.29289E-3,-5.26586E-3,-5.31279E-3,-5.12364E-3,-4.50368E-3,-4.39839E-3,-4.39209E-3,-4.62836E-3,-4.74369E-3,-4.60523E-3,-4.73618E-3,-4.01891E-3,-4.13922E-3
1.23937E+3,NaN,NaN,NaN,NaN,NaN,NaN,NaN,NaN,-9.51385E-5,-1.22369E-4,4.20589E-5,1.60116E-4,2.19370E-4,2.64086E-4,3.08802E-4,1.69642E-4,1.97038E-5,-1.14367E-4,-8.29522E-5,-5.15373E-5,1.12102E-5,1.78648E-4,3.46085E-4,4.81851E-4,5.64425E-4,6.46998E-4,6.42001E-4,5.54883E-4,4.67766E-4,2.91605E-4,6.93521E-5,-1.52901E-4,-3.62936E-4,2.59019E-5,5.85105E-4,1.67008E-3,2.53770E-3,1.84761E-3,-4.58686E-3,-8.50828E-3,-3.16584E-3,2.51422E-2,4.96005E-2,3.56975E-2,-3.53804E-2,-1.07131E-1,-1.69788E-1,-2.12134E-1,-2.33212E-1,-2.20521E-1,-1.54628E-1,-4.62803E-2,2.38635E-2,3.93660E-2,1.68646E-2,9.14558E-3,1.14092E-2,1.09256E-2,1.04022E-2,1.03842E-2,9.36747E-3,9.03911E-3,8.79219E-3,8.14043E-3,7.28998E-3,6.82672E-3,6.49525E-3,6.17362E-3,5.39869E-3,5.44412E-3,4.63395E-3,4.28487E-3,3.57886E-3,3.40547E-3,2.66445E-3,2.00808E-3,1.71182E-3,1.45350E-3,6.39799E-4,3.05533E-5,-6.84450E-4,-8.37333E-4,-2.10368E-3,-2.26638E-3,-1.93374E-3,-2.54841E-3,-3.28754E-3,-3.70228E-3,-3.80662E-3,-4.08560E-3,-4.80139E-3,-4.95254E-3,-5.14882E-3,-5.28407E-3,-6.08586E-3,-5.81582E-3,-6.42958E-3,-7.23329E-3,-7.23253E-3,-7.95631E-3,-7.62544E-3,-7.95852E-3,-7.39325E-3,-7.02448E-3,-6.73875E-3,-6.70017E-3,-6.92903E-3,-6.28036E-3,-6.17466E-3,-5.93750E-3,-5.93022E-3,-5.60306E-3,-5.60397E-3,-5.59033E-3,-5.59134E-3,-5.81847E-3,-6.35509E-3,-6.07405E-3,-5.75735E-3,-3.96489E-3,-4.88428E-3,-5.87313E-3,-5.71904E-3,-5.52265E-3,-5.42149E-3,-4.99665E-3,-5.18234E-3,-5.15061E-3,-4.42049E-3,-4.44879E-3,-4.47092E-3,-4.45780E-3,-4.49143E-3,-4.27588E-3,-4.44226E-3,-4.16497E-3,-4.21393E-3
1.24284E+3,NaN,NaN,NaN,NaN,NaN,NaN,NaN,NaN,-1.93179E-5,-1.85025E-4,1.91793E-4,4.13006E-4,3.24501E-4,2.35996E-4,1.51276E-4,7.89050E-5,6.53380E-6,-4.90550E-5,-7.69683E-5,-1.04882E-4,-1.74045E-5,1.76439E-4,3.70283E-4,3.26334E-4,1.61625E-4,-3.08357E-6,4.67942E-6,5.39396E-5,1.03200E-4,6.26552E-5,1.72762E-5,7.68166E-6,2.39880E-4,-4.89936E-4,3.30709E-4,1.76235E-3,2.43089E-3,1.75693E-3,-3.93540E-3,-8.66696E-3,-4.88267E-3,2.35346E-2,5.10702E-2,3.72314E-2,-3.47001E-2,-1.07299E-1,-1.76924E-1,-2.19032E-1,-2.38007E-1,-2.23534E-1,-1.50677E-1,-3.63054E-2,2.89962E-2,4.40219E-2,1.43901E-2,7.61281E-3,1.21756E-2,1.09489E-2,1.01711E-2,9.85966E-3,9.32607E-3,8.75667E-3,8.61035E-3,7.60690E-3,7.68450E-3,7.17192E-3,6.77502E-3,6.10591E-3,5.61243E-3,5.40327E-3,4.37092E-3,4.43469E-3,3.64222E-3,3.19891E-3,2.47883E-3,1.73264E-3,1.74238E-3,1.12554E-3,1.21435E-4,-2.89843E-4,-1.03296E-3,-8.47397E-4,-1.94696E-3,-2.15428E-3,-2.14699E-3,-2.51194E-3,-3.31065E-3,-4.00891E-3,-3.57379E-3,-4.42561E-3,-5.19531E-3,-5.31275E-3,-4.84203E-3,-5.16481E-3,-5.34560E-3,-5.61498E-3,-6.94847E-3,-7.20968E-3,-7.63355E-3,-7.57246E-3,-7.62169E-3,-7.53938E-3,-7.36664E-3,-6.74968E-3,-6.33424E-3,-6.49878E-3,-6.51523E-3,-6.46203E-3,-6.14545E-3,-5.85897E-3,-5.80504E-3,-6.18440E-3,-5.36775E-3,-5.74213E-3,-5.65588E-3,-5.72995E-3,-6.06468E-3,-5.69115E-3,-5.73447E-3,-4.03685E-3,-4.48547E-3,-5.60824E-3,-5.78509E-3,-5.37065E-3,-5.28536E-3,-5.15440E-3,-5.30438E-3,-4.87811E-3,-4.40528E-3,-4.36561E-3,-4.10044E-3,-4.02982E-3,-4.20423E-3,-4.05963E-3,-4.25310E-3,-4.05770E-3,-3.89422E-3
1.24631E+3,NaN,NaN,NaN,NaN,NaN,NaN,NaN,NaN,-8.27145E-5,-4.35250E-5,-9.43340E-5,-5.16276E-5,1.16954E-4,2.85536E-4,3.06041E-4,1.90933E-4,7.58259E-5,-2.77368E-5,-1.25479E-4,-2.23221E-4,-6.38385E-5,1.56769E-4,3.77376E-4,3.80895E-4,3.73117E-4,3.58223E-4,2.74258E-4,1.90294E-4,1.21887E-4,1.03774E-4,8.56613E-5,-3.96170E-6,-1.45349E-4,-1.65927E-4,3.73114E-4,1.54308E-3,2.26447E-3,1.34170E-3,-3.04722E-3,-7.93247E-3,-2.79646E-3,2.23370E-2,4.64833E-2,2.96778E-2,-3.17558E-2,-1.08338E-1,-1.78574E-1,-2.21505E-1,-2.39689E-1,-2.16627E-1,-1.35606E-1,-3.26923E-2,2.96438E-2,4.00357E-2,1.50144E-2,8.66058E-3,1.19511E-2,1.08458E-2,1.01534E-2,9.69270E-3,9.21988E-3,8.92899E-3,8.66729E-3,7.93345E-3,7.09940E-3,6.61784E-3,6.49254E-3,6.18334E-3,5.61750E-3,5.15357E-3,5.06541E-3,4.84651E-3,3.75772E-3,3.12385E-3,2.48028E-3,1.93325E-3,1.83493E-3,1.17124E-3,5.37514E-4,1.25359E-4,-2.07877E-4,-9.07322E-4,-1.64451E-3,-1.61689E-3,-1.80829E-3,-2.56181E-3,-3.42535E-3,-3.70625E-3,-3.72287E-3,-4.23323E-3,-4.82871E-3,-4.67916E-3,-4.75802E-3,-5.07632E-3,-5.24235E-3,-5.62667E-3,-6.50749E-3,-6.92265E-3,-7.41715E-3,-7.31352E-3,-7.13101E-3,-7.40639E-3,-6.87488E-3,-6.13617E-3,-6.13834E-3,-6.30845E-3,-6.29216E-3,-6.68445E-3,-6.11939E-3,-5.70954E-3,-5.38226E-3,-5.55481E-3,-5.16668E-3,-5.44166E-3,-5.56359E-3,-6.13807E-3,-6.01070E-3,-5.75469E-3,-5.69717E-3,-4.12801E-3,-4.70457E-3,-5.15003E-3,-5.08440E-3,-5.36333E-3,-5.39237E-3,-5.02244E-3,-4.85624E-3,-4.42231E-3,-4.12188E-3,-4.43160E-3,-4.15086E-3,-3.82844E-3,-3.75508E-3,-3.88689E-3,-4.44487E-3,-3.68382E-3,-3.50752E-3
1.24978E+3,NaN,NaN,NaN,NaN,NaN,NaN,NaN,NaN,-4.61254E-6,-1.50239E-4,1.59535E-4,1.60779E-4,9.53059E-5,2.98324E-5,5.86537E-5,1.10073E-4,1.61493E-4,1.40845E-4,1.16366E-4,1.05510E-4,2.28480E-4,3.51450E-4,3.94168E-4,1.75999E-4,-4.21705E-5,-1.60788E-4,-1.15664E-4,-7.05394E-5,2.43499E-6,1.01018E-4,1.99602E-4,2.45801E-4,2.30694E-4,-5.68964E-5,3.51023E-4,1.12765E-3,2.18980E-3,1.22683E-3,-2.72100E-3,-7.98329E-3,-2.60111E-3,2.36513E-2,4.58132E-2,2.64596E-2,-3.12006E-2,-1.12680E-1,-1.82333E-1,-2.28458E-1,-2.44335E-1,-2.12885E-1,-1.19931E-1,-2.58633E-2,3.71848E-2,3.64920E-2,1.34826E-2,1.04136E-2,1.15859E-2,1.09166E-2,1.05615E-2,1.01770E-2,9.59839E-3,9.24340E-3,8.76294E-3,8.25930E-3,7.42896E-3,6.91231E-3,6.85738E-3,6.15126E-3,5.45255E-3,5.10660E-3,4.85162E-3,4.49148E-3,3.68656E-3,3.04088E-3,2.49886E-3,2.35306E-3,2.04027E-3,1.03642E-3,6.12783E-4,1.91715E-4,-9.35877E-5,-9.38653E-4,-1.21850E-3,-1.19352E-3,-1.66214E-3,-2.38000E-3,-2.98253E-3,-3.30127E-3,-3.65860E-3,-4.14865E-3,-4.51176E-3,-4.22318E-3,-4.52046E-3,-5.09467E-3,-5.08215E-3,-5.35800E-3,-6.51134E-3,-6.90009E-3,-7.08320E-3,-7.10484E-3,-7.02063E-3,-7.24612E-3,-6.67403E-3,-6.33256E-3,-6.04967E-3,-6.18809E-3,-6.14295E-3,-6.41312E-3,-5.74320E-3,-5.51954E-3,-5.43161E-3,-5.58963E-3,-5.21575E-3,-5.27759E-3,-5.07543E-3,-5.63750E-3,-5.08556E-3,-5.58866E-3,-5.61673E-3,-3.74975E-3,-4.47517E-3,-5.31416E-3,-5.18921E-3,-5.06624E-3,-4.87806E-3,-4.13367E-3,-4.04168E-3,-4.40844E-3,-4.28142E-3,-4.07456E-3,-3.61442E-3,-3.54923E-3,-3.75705E-3,-3.28212E-3,-3.81882E-3,-3.70589E-3,-3.67053E-3
1.25324E+3,NaN,NaN,NaN,NaN,NaN,NaN,NaN,NaN,-7.15514E-6,-9.32331E-5,3.81640E-4,2.63344E-4,1.28568E-4,1.45370E-7,-6.30631E-5,-1.26272E-4,-1.55207E-4,-7.04580E-5,1.42906E-5,9.02587E-5,1.51561E-4,2.12864E-4,2.09507E-4,1.45829E-4,8.21507E-5,9.43735E-5,1.45659E-4,1.96945E-4,2.43595E-5,-2.03123E-4,-4.30605E-4,1.30812E-4,-1.54534E-4,-2.71463E-4,5.00778E-4,1.05193E-3,2.20546E-3,1.30548E-3,-2.27693E-3,-8.17190E-3,-4.89602E-3,2.12870E-2,4.43278E-2,2.85555E-2,-2.86825E-2,-1.19462E-1,-1.87208E-1,-2.34929E-1,-2.46001E-1,-2.10889E-1,-1.08230E-1,-1.80340E-2,5.30126E-2,3.60663E-2,9.97078E-3,1.11352E-2,1.20815E-2,1.13015E-2,1.04975E-2,1.05221E-2,9.64059E-3,9.28902E-3,8.88406E-3,7.81459E-3,7.86869E-3,7.20812E-3,6.85907E-3,6.26867E-3,5.63829E-3,5.51622E-3,5.37393E-3,5.01221E-3,3.64223E-3,2.97831E-3,2.27577E-3,2.06714E-3,2.12613E-3,1.21016E-3,5.68743E-4,3.98651E-4,-2.86658E-4,-1.14197E-3,-6.82773E-4,-7.88375E-4,-1.65550E-3,-2.33015E-3,-3.50922E-3,-3.31587E-3,-3.65616E-3,-4.08413E-3,-4.07927E-3,-3.88802E-3,-5.13086E-3,-5.08860E-3,-4.06450E-3,-5.78958E-3,-6.23949E-3,-6.86865E-3,-7.44581E-3,-7.16493E-3,-7.21304E-3,-7.13016E-3,-6.36496E-3,-5.86504E-3,-6.05208E-3,-5.98712E-3,-5.98085E-3,-6.06275E-3,-5.52384E-3,-5.52211E-3,-5.16124E-3,-5.26088E-3,-5.00845E-3,-5.03858E-3,-5.15236E-3,-5.55619E-3,-5.20443E-3,-5.03133E-3,-5.19374E-3,-3.62679E-3,-4.29431E-3,-5.02392E-3,-4.93688E-3,-4.78862E-3,-4.65016E-3,-4.27393E-3,-4.23903E-3,-4.50998E-3,-4.16665E-3,-4.08348E-3,-3.65754E-3,-3.61256E-3,-3.71012E-3,-3.44785E-3,-3.96163E-3,-3.61658E-3,-3.22361E-3
1.25671E+3,NaN,NaN,NaN,NaN,NaN,NaN,NaN,-2.43250E-4,-3.45492E-6,1.67241E-4,1.83794E-4,1.96588E-4,2.09382E-4,1.77409E-4,6.86658E-5,-4.00776E-5,-1.10667E-4,-1.44774E-4,-1.78880E-4,-7.62604E-5,9.86793E-5,2.73619E-4,2.37512E-4,1.47618E-4,5.77250E-5,-4.51736E-5,-1.48906E-4,-2.37056E-4,-1.52186E-4,-6.73172E-5,1.50638E-5,6.82291E-5,-5.66524E-5,-2.98976E-4,2.85453E-4,8.81893E-4,1.79541E-3,1.61880E-3,-1.54150E-3,-5.97986E-3,-3.12505E-3,1.76949E-2,3.64737E-2,2.55166E-2,-3.17378E-2,-1.18578E-1,-1.90374E-1,-2.37492E-1,-2.42179E-1,-1.98536E-1,-1.01677E-1,-1.17770E-2,5.15275E-2,3.59628E-2,1.10551E-2,1.02547E-2,1.20094E-2,1.06300E-2,1.04135E-2,1.00906E-2,9.74148E-3,9.46417E-3,8.95863E-3,7.70246E-3,7.93748E-3,7.58079E-3,6.21249E-3,5.43380E-3,5.46186E-3,5.57242E-3,5.27591E-3,4.55593E-3,2.99750E-3,2.57500E-3,2.31122E-3,2.53811E-3,2.04521E-3,1.17153E-3,7.10232E-4,-1.98232E-4,-5.61390E-4,-1.07578E-3,-1.10025E-3,-1.23151E-3,-2.14837E-3,-2.77531E-3,-3.18206E-3,-3.27307E-3,-3.62398E-3,-4.36779E-3,-4.21002E-3,-4.25322E-3,-4.77405E-3,-5.25117E-3,-5.07063E-3,-5.76490E-3,-6.43121E-3,-6.95124E-3,-7.24697E-3,-7.20645E-3,-6.93992E-3,-6.77464E-3,-6.32559E-3,-6.04541E-3,-6.00269E-3,-6.26213E-3,-6.27327E-3,-6.58615E-3,-5.72413E-3,-5.21674E-3,-5.29638E-3,-5.59777E-3,-5.17655E-3,-4.98037E-3,-5.13829E-3,-5.43117E-3,-5.26730E-3,-5.23063E-3,-5.21018E-3,-3.70316E-3,-4.51371E-3,-4.99522E-3,-4.87043E-3,-5.15930E-3,-4.98505E-3,-4.33187E-3,-4.02560E-3,-4.13001E-3,-4.12220E-3,-3.78949E-3,-3.38462E-3,-3.23618E-3,-3.42234E-3,-3.58257E-3,-3.85910E-3,-3.30250E-3,-3.13689E-3
1.26019E+3,NaN,NaN,NaN,NaN,NaN,NaN,NaN,1.18289E-4,-5.47533E-5,1.72951E-4,-3.29599E-6,-1.01388E-4,-1.99481E-4,-1.51716E-4,-2.37957E-5,1.04124E-4,3.96551E-5,-7.65087E-5,-1.92673E-4,-1.73407E-4,-1.44115E-4,-1.15487E-4,-9.51790E-5,-7.48709E-5,-3.95936E-5,4.97669E-5,1.39127E-4,1.06340E-4,-1.43941E-4,-3.94221E-4,-3.11615E-4,1.12982E-4,1.25362E-4,-9.63402E-5,7.03029E-5,5.36155E-4,1.36185E-3,1.33483E-3,-1.26293E-3,-5.85613E-3,-2.34714E-3,1.51180E-2,3.30556E-2,2.20512E-2,-3.83752E-2,-1.21362E-1,-1.93349E-1,-2.35391E-1,-2.35964E-1,-1.82284E-1,-9.29958E-2,1.58095E-3,5.03736E-2,3.32840E-2,1.20613E-2,1.01368E-2,1.17898E-2,1.08131E-2,1.05581E-2,1.02276E-2,9.84438E-3,9.26931E-3,8.53311E-3,7.85686E-3,7.46099E-3,7.14256E-3,6.67529E-3,6.16977E-3,5.96628E-3,5.53549E-3,4.79125E-3,4.07542E-3,3.02515E-3,2.53516E-3,2.49703E-3,2.35806E-3,1.64338E-3,7.44882E-4,3.38729E-4,-3.81780E-5,-9.53345E-4,-1.43304E-3,-1.19616E-3,-1.72808E-3,-2.04988E-3,-2.71141E-3,-3.43920E-3,-3.43166E-3,-3.71966E-3,-4.17895E-3,-4.18826E-3,-4.53160E-3,-5.02419E-3,-4.98193E-3,-5.22723E-3,-5.67403E-3,-6.67312E-3,-7.00700E-3,-7.65480E-3,-7.45752E-3,-7.05815E-3,-6.74394E-3,-6.31151E-3,-6.57771E-3,-6.65723E-3,-6.35271E-3,-6.25020E-3,-6.19869E-3,-5.68788E-3,-5.31655E-3,-5.43093E-3,-5.63930E-3,-5.50755E-3,-5.16290E-3,-4.99245E-3,-5.59396E-3,-4.97289E-3,-5.23523E-3,-5.36747E-3,-3.71167E-3,-4.86397E-3,-4.93769E-3,-4.79895E-3,-5.37642E-3,-5.10545E-3,-4.33754E-3,-4.37361E-3,-4.24373E-3,-4.04295E-3,-4.25884E-3,-4.01082E-3,-3.55431E-3,-3.40075E-3,-3.20110E-3,-3.64210E-3,-3.54567E-3,-3.52953E-3
1.26366E+3,NaN,NaN,NaN,NaN,NaN,NaN,NaN,-8.50022E-5,2.07854E-4,-7.62448E-5,-2.98089E-5,4.88518E-5,1.27513E-4,1.50877E-4,1.69424E-4,1.77491E-4,2.89510E-5,-1.19589E-4,-2.25478E-4,-1.66555E-4,-1.07632E-4,-3.88997E-5,4.81768E-5,1.35253E-4,1.93605E-4,2.22215E-4,2.50825E-4,1.59338E-4,-1.43256E-6,-1.62203E-4,1.59270E-5,1.32260E-4,-6.44392E-6,-5.67384E-5,9.68525E-5,7.66750E-4,1.55978E-3,1.36671E-3,-6.26310E-4,-5.25677E-3,-2.32607E-3,1.17513E-2,3.15308E-2,1.98223E-2,-4.35594E-2,-1.26198E-1,-2.00043E-1,-2.38502E-1,-2.35230E-1,-1.72732E-1,-8.61736E-2,1.85481E-2,5.40198E-2,3.05737E-2,1.03077E-2,1.15981E-2,1.16588E-2,1.05007E-2,1.05467E-2,9.91191E-3,9.34669E-3,9.46253E-3,8.22585E-3,8.11809E-3,7.39268E-3,7.25508E-3,6.65757E-3,6.14054E-3,5.88459E-3,5.62754E-3,4.86699E-3,3.99740E-3,3.12313E-3,2.93945E-3,2.93181E-3,2.68523E-3,1.70938E-3,1.02922E-3,5.73334E-4,-1.07158E-4,-5.60676E-4,-8.74900E-4,-6.64800E-4,-1.77095E-3,-1.91040E-3,-3.18848E-3,-3.44731E-3,-3.56179E-3,-3.98337E-3,-4.30772E-3,-4.49845E-3,-4.91760E-3,-5.00546E-3,-5.01176E-3,-5.07583E-3,-5.60409E-3,-6.48113E-3,-6.73694E-3,-6.97891E-3,-7.01420E-3,-6.56236E-3,-6.46647E-3,-6.40027E-3,-6.04874E-3,-6.21408E-3,-6.20505E-3,-6.07151E-3,-6.04736E-3,-5.81922E-3,-5.54486E-3,-5.52475E-3,-5.47113E-3,-5.23736E-3,-5.09349E-3,-4.94684E-3,-4.92794E-3,-4.98488E-3,-5.28548E-3,-5.44001E-3,-3.55046E-3,-4.10484E-3,-4.20396E-3,-4.65514E-3,-5.24233E-3,-4.95710E-3,-3.97260E-3,-3.85674E-3,-3.90152E-3,-4.09971E-3,-4.14537E-3,-3.90156E-3,-3.36708E-3,-3.36336E-3,-3.46376E-3,-3.77560E-3,-3.28687E-3,-3.30109E-3
1.26713E+3,NaN,NaN,NaN,NaN,NaN,NaN,NaN,2.69999E-4,1.84923E-4,-1.57582E-4,-2.74264E-4,3.03217E-5,2.36812E-4,3.02579E-5,-1.76296E-4,-2.75835E-4,-1.62725E-4,-4.96150E-5,4.25063E-5,1.11673E-4,1.80839E-4,2.49638E-5,-2.68555E-4,-5.62073E-4,-5.10179E-4,-3.51197E-4,-1.92216E-4,-3.12338E-4,-4.61350E-4,-5.82295E-4,-1.76492E-4,-1.02112E-4,6.43295E-5,5.87286E-4,-1.98114E-4,3.67390E-4,9.44533E-4,1.34044E-3,-3.43908E-4,-5.00128E-3,-3.88809E-3,9.18204E-3,3.05605E-2,2.02410E-2,-4.58526E-2,-1.33189E-1,-2.06788E-1,-2.43690E-1,-2.34175E-1,-1.68733E-1,-8.02621E-2,3.52851E-2,5.94076E-2,2.90700E-2,5.92731E-3,1.18262E-2,1.11133E-2,1.00412E-2,1.04888E-2,9.90303E-3,9.69656E-3,9.59596E-3,8.48569E-3,8.13080E-3,7.29174E-3,6.64546E-3,6.28247E-3,5.50536E-3,5.94483E-3,4.99406E-3,4.22262E-3,3.73869E-3,2.93373E-3,2.55811E-3,2.61794E-3,2.65803E-3,8.48732E-4,9.06825E-4,7.55449E-5,-6.23798E-4,-9.74836E-4,-7.97595E-4,-5.55294E-4,-1.65188E-3,-2.15631E-3,-3.81314E-3,-3.81677E-3,-3.58163E-3,-4.05796E-3,-4.51342E-3,-4.49458E-3,-4.76325E-3,-4.98050E-3,-4.81664E-3,-5.43521E-3,-6.26716E-3,-6.73804E-3,-7.00233E-3,-7.57887E-3,-7.55939E-3,-6.80820E-3,-6.74708E-3,-6.26426E-3,-6.18645E-3,-6.56663E-3,-6.28413E-3,-6.31391E-3,-6.29953E-3,-5.86682E-3,-5.51237E-3,-5.61052E-3,-5.70151E-3,-5.63919E-3,-5.55823E-3,-5.41007E-3,-5.35439E-3,-5.46098E-3,-5.69420E-3,-5.75069E-3,-4.05265E-3,-4.64235E-3,-4.73684E-3,-4.66538E-3,-5.28095E-3,-4.70354E-3,-4.29884E-3,-4.14549E-3,-4.29394E-3,-4.48030E-3,-4.57801E-3,-3.80457E-3,-3.63444E-3,-3.66125E-3,-3.87390E-3,-3.78714E-3,-3.54216E-3,-3.62747E-3
1.27060E+3,NaN,NaN,NaN,NaN,NaN,NaN,NaN,1.64388E-4,2.20230E-5,-6.23399E-5,-2.08837E-4,-1.29142E-4,-3.92292E-5,6.26043E-5,1.64438E-4,1.08487E-4,-5.07472E-5,-2.09982E-4,-1.84194E-4,-9.58202E-5,-7.44642E-6,1.51457E-4,3.19069E-4,4.74437E-4,2.70456E-4,6.64742E-5,-1.11527E-4,-1.67732E-4,-2.23938E-4,-1.27842E-4,1.87026E-4,2.30611E-4,1.87912E-4,1.08383E-4,1.35704E-4,6.58040E-4,1.29364E-3,1.42984E-3,-2.94517E-4,-3.29300E-3,-2.38049E-3,1.01405E-2,2.57287E-2,1.06478E-2,-5.04542E-2,-1.34935E-1,-2.07850E-1,-2.44124E-1,-2.27518E-1,-1.64864E-1,-6.67480E-2,3.40963E-2,5.62206E-2,2.83197E-2,8.19540E-3,1.13706E-2,1.09820E-2,1.05358E-2,1.05164E-2,9.92538E-3,9.56456E-3,9.05385E-3,8.16369E-3,8.00323E-3,7.58233E-3,7.23215E-3,6.57226E-3,6.35138E-3,6.27005E-3,5.27087E-3,4.31592E-3,3.78599E-3,3.12305E-3,2.81163E-3,2.59466E-3,2.17074E-3,1.09190E-3,3.46973E-4,-6.04322E-6,-1.91739E-4,-7.75065E-4,-5.01106E-4,-7.21530E-4,-1.85709E-3,-2.22323E-3,-3.16551E-3,-3.07423E-3,-3.28714E-3,-4.00603E-3,-4.41870E-3,-4.59120E-3,-4.98212E-3,-4.87289E-3,-5.07465E-3,-5.28441E-3,-5.64105E-3,-6.96378E-3,-6.80646E-3,-7.16824E-3,-7.51397E-3,-6.57010E-3,-6.38916E-3,-5.89022E-3,-6.13199E-3,-6.36719E-3,-6.05950E-3,-6.05359E-3,-6.07161E-3,-5.64262E-3,-5.31244E-3,-5.42171E-3,-5.54606E-3,-5.53030E-3,-5.55877E-3,-5.39082E-3,-5.14215E-3,-4.99397E-3,-5.50076E-3,-6.01850E-3,-3.80741E-3,-4.49231E-3,-4.30259E-3,-4.39798E-3,-4.84050E-3,-4.71855E-3,-4.15676E-3,-4.14380E-3,-3.98530E-3,-3.98435E-3,-3.87084E-3,-3.71240E-3,-3.11997E-3,-3.37906E-3,-3.58674E-3,-3.79740E-3,-3.57214E-3,-3.64879E-3
1.27407E+3,NaN,NaN,NaN,NaN,NaN,NaN,NaN,1.17665E-5,1.82464E-4,-1.37199E-4,-6.37146E-5,1.75293E-4,1.62854E-4,5.68085E-5,-4.92365E-5,-3.72019E-5,-7.76862E-6,2.16492E-5,5.00117E-5,7.83742E-5,1.10859E-4,1.65432E-4,2.20004E-4,2.59800E-4,2.65141E-4,2.70482E-4,2.07041E-4,5.71195E-5,-9.28018E-5,-2.14825E-4,1.25048E-4,3.39829E-4,1.19057E-4,-2.14024E-5,2.06102E-4,5.79915E-4,1.23965E-3,1.35477E-3,-1.76304E-4,-2.95306E-3,-1.83514E-3,1.11093E-2,2.46299E-2,8.18211E-3,-5.29310E-2,-1.35966E-1,-2.10836E-1,-2.44064E-1,-2.24065E-1,-1.61938E-1,-5.09178E-2,3.95781E-2,5.42539E-2,2.44479E-2,9.30419E-3,1.11353E-2,1.11397E-2,1.08860E-2,1.06081E-2,9.89629E-3,9.65617E-3,9.03015E-3,8.57825E-3,8.04830E-3,7.53090E-3,7.07882E-3,6.28486E-3,6.12944E-3,5.88926E-3,4.99562E-3,4.16965E-3,3.58025E-3,2.89733E-3,2.56716E-3,2.59634E-3,1.85657E-3,1.25413E-3,7.16281E-4,3.22315E-5,-7.26044E-4,-1.00755E-3,-5.33522E-4,-1.34038E-3,-1.83264E-3,-2.25945E-3,-2.68761E-3,-3.02206E-3,-3.76558E-3,-4.45224E-3,-4.42526E-3,-4.65929E-3,-4.98831E-3,-4.76202E-3,-4.81875E-3,-5.03382E-3,-5.46741E-3,-6.65724E-3,-7.35062E-3,-7.06251E-3,-6.94141E-3,-6.47065E-3,-6.26341E-3,-5.98038E-3,-6.13823E-3,-6.27940E-3,-6.54093E-3,-6.13071E-3,-5.79615E-3,-5.59788E-3,-5.49189E-3,-5.29054E-3,-5.19139E-3,-5.20238E-3,-4.99856E-3,-5.37885E-3,-5.16705E-3,-5.14201E-3,-5.46138E-3,-5.75008E-3,-3.86130E-3,-4.37317E-3,-4.20529E-3,-4.25664E-3,-4.89485E-3,-4.70490E-3,-4.26149E-3,-4.20391E-3,-4.52685E-3,-4.57662E-3,-4.03840E-3,-3.79754E-3,-3.42842E-3,-3.46162E-3,-3.32155E-3,-3.36329E-3,-3.35086E-3,-3.63036E-3
1.27755E+3,NaN,NaN,NaN,NaN,NaN,NaN,NaN,1.98543E-4,-2.33165E-5,-4.51902E-4,-5.49294E-6,3.68270E-4,2.15409E-4,5.91212E-5,-8.24753E-5,-1.31053E-4,-1.79630E-4,-1.70439E-4,-1.21459E-5,1.46147E-4,2.93836E-4,4.27008E-4,5.60180E-4,5.41177E-4,4.04995E-4,2.68813E-4,3.10145E-4,4.24753E-4,5.39361E-4,2.75455E-5,2.94635E-4,7.58897E-4,4.14502E-4,4.86237E-4,1.72502E-4,2.46206E-4,1.42672E-3,1.64242E-3,6.38458E-4,-2.50251E-3,-1.44189E-3,1.23854E-2,2.52957E-2,1.07036E-2,-5.24511E-2,-1.37818E-1,-2.19243E-1,-2.47057E-1,-2.26820E-1,-1.62161E-1,-3.45762E-2,4.99161E-2,5.58681E-2,1.79507E-2,9.39490E-3,1.20066E-2,1.09022E-2,1.08226E-2,1.00908E-2,1.02436E-2,9.27227E-3,8.57969E-3,8.02148E-3,7.53062E-3,7.57298E-3,6.64624E-3,6.30171E-3,6.21223E-3,5.61862E-3,4.66465E-3,4.17879E-3,3.63298E-3,3.30877E-3,2.94763E-3,2.68880E-3,1.56760E-3,1.16933E-3,6.02112E-4,1.44406E-4,-6.02788E-4,-4.36414E-4,-1.55157E-4,-1.31218E-3,-1.38939E-3,-2.72351E-3,-2.95424E-3,-2.69925E-3,-3.20176E-3,-4.14958E-3,-4.32919E-3,-4.86248E-3,-5.02087E-3,-4.76837E-3,-4.61301E-3,-5.27741E-3,-5.64073E-3,-6.50427E-3,-6.87675E-3,-7.15985E-3,-6.64494E-3,-6.83166E-3,-6.18417E-3,-6.29204E-3,-6.05825E-3,-6.25923E-3,-6.37347E-3,-5.86700E-3,-5.79231E-3,-5.22547E-3,-5.17297E-3,-5.77859E-3,-5.33579E-3,-5.32891E-3,-5.45463E-3,-5.04644E-3,-5.25317E-3,-5.14712E-3,-5.01969E-3,-5.32085E-3,-3.47760E-3,-4.18705E-3,-4.50884E-3,-4.60531E-3,-4.97737E-3,-4.48918E-3,-4.28332E-3,-4.15085E-3,-4.54805E-3,-4.30697E-3,-4.13869E-3,-3.62668E-3,-3.39366E-3,-3.56726E-3,-3.94897E-3,-3.98230E-3,-3.46285E-3,-3.37521E-3
1.28102E+3,NaN,NaN,NaN,NaN,NaN,NaN,NaN,-3.04969E-4,1.55133E-4,9.22867E-5,1.03574E-4,8.22556E-5,-1.55130E-4,-3.92516E-4,-4.17026E-4,-1.20699E-4,1.75628E-4,3.31252E-4,3.67842E-4,4.04433E-4,4.49512E-4,4.98502E-4,5.47492E-4,4.23230E-4,2.62834E-4,1.02439E-4,1.73310E-4,2.51264E-4,3.64570E-4,7.34965E-4,9.07523E-4,7.16193E-4,2.89222E-4,6.19989E-4,5.88047E-4,1.91388E-4,1.32279E-3,1.20071E-3,9.39594E-4,-1.21636E-3,-4.60240E-4,1.20600E-2,2.47317E-2,1.30274E-2,-4.89399E-2,-1.36571E-1,-2.21747E-1,-2.47374E-1,-2.27621E-1,-1.56769E-1,-2.45213E-2,5.67206E-2,5.69820E-2,1.60397E-2,8.10284E-3,1.23399E-2,1.07246E-2,1.10080E-2,1.06733E-2,9.74818E-3,9.35536E-3,8.57632E-3,8.29208E-3,7.69058E-3,7.78668E-3,6.92438E-3,6.40008E-3,6.35968E-3,5.48966E-3,4.81944E-3,4.55278E-3,3.54906E-3,3.06084E-3,3.30892E-3,2.85113E-3,1.81721E-3,1.72300E-3,9.48221E-4,2.41318E-4,-3.17316E-4,-5.80940E-4,-7.21345E-4,-1.41819E-3,-1.60783E-3,-2.38528E-3,-2.70589E-3,-2.70828E-3,-3.43129E-3,-4.12937E-3,-4.24549E-3,-4.33272E-3,-4.81414E-3,-3.96458E-3,-4.47820E-3,-5.23732E-3,-5.56132E-3,-6.02028E-3,-6.11547E-3,-6.45592E-3,-6.75348E-3,-6.31342E-3,-6.20118E-3,-5.94020E-3,-5.72164E-3,-6.29260E-3,-6.12437E-3,-5.67071E-3,-5.73457E-3,-5.11142E-3,-4.83489E-3,-5.09441E-3,-5.02190E-3,-4.94866E-3,-4.68751E-3,-4.71803E-3,-4.97452E-3,-5.18701E-3,-5.07495E-3,-5.24356E-3,-3.35106E-3,-3.89851E-3,-4.13065E-3,-4.54294E-3,-4.83975E-3,-4.40286E-3,-4.01119E-3,-4.40716E-3,-4.26885E-3,-3.91022E-3,-4.00973E-3,-3.89878E-3,-3.72009E-3,-3.41046E-3,-3.46491E-3,-3.38562E-3,-3.01397E-3,-3.20663E-3
1.28450E+3,NaN,NaN,NaN,NaN,NaN,NaN,NaN,-1.71446E-4,1.40394E-4,-3.26546E-4,2.07994E-4,2.51006E-4,7.96619E-5,-9.16821E-5,-7.29936E-5,4.40283E-5,1.61050E-4,3.44219E-4,5.43732E-4,7.43246E-4,5.53447E-4,3.40864E-4,1.45633E-4,1.31193E-4,1.16754E-4,1.10611E-4,1.32177E-4,1.53743E-4,2.85746E-4,5.68766E-4,6.40334E-4,4.16771E-4,4.02975E-4,5.82372E-4,2.35045E-4,1.82703E-4,9.48380E-4,1.37310E-3,5.61269E-4,-8.99836E-4,1.42554E-3,1.25237E-2,2.44906E-2,1.14566E-2,-4.86171E-2,-1.40576E-1,-2.22109E-1,-2.50221E-1,-2.31087E-1,-1.46722E-1,-1.98155E-2,5.50117E-2,5.15887E-2,1.73230E-2,8.99210E-3,1.22625E-2,1.07346E-2,1.09145E-2,1.03326E-2,9.82246E-3,9.04278E-3,8.55164E-3,8.58583E-3,8.02052E-3,7.29589E-3,6.65155E-3,6.34766E-3,6.14326E-3,5.50158E-3,4.77210E-3,4.10492E-3,3.54362E-3,3.20881E-3,3.04359E-3,2.39188E-3,1.62436E-3,1.08329E-3,4.04210E-4,-1.29983E-4,-7.47808E-4,-7.06212E-4,-9.16560E-4,-1.64762E-3,-2.13147E-3,-2.58681E-3,-2.66206E-3,-2.98802E-3,-3.64973E-3,-4.34694E-3,-4.58744E-3,-4.95408E-3,-4.79227E-3,-4.81872E-3,-5.31828E-3,-5.68127E-3,-5.66617E-3,-6.17603E-3,-6.96546E-3,-6.76170E-3,-6.93703E-3,-6.62393E-3,-6.60227E-3,-6.56457E-3,-6.21267E-3,-6.43937E-3,-6.22609E-3,-6.05101E-3,-5.63031E-3,-5.22034E-3,-5.14068E-3,-4.87462E-3,-4.76195E-3,-5.13718E-3,-5.07054E-3,-5.33983E-3,-5.04515E-3,-5.31412E-3,-4.85963E-3,-5.00402E-3,-3.24894E-3,-4.27376E-3,-4.30045E-3,-4.60477E-3,-5.00894E-3,-4.36000E-3,-3.79905E-3,-4.06430E-3,-4.63719E-3,-4.21283E-3,-4.15781E-3,-4.04823E-3,-3.68198E-3,-3.74457E-3,-3.99908E-3,-3.80059E-3,-3.26920E-3,-3.27554E-3
1.28797E+3,NaN,NaN,NaN,NaN,NaN,NaN,NaN,-3.97487E-4,2.12453E-4,-5.80777E-5,3.06513E-4,6.83713E-5,-2.82904E-4,-6.34180E-4,-3.62444E-4,-3.42009E-5,2.77666E-4,3.31609E-4,3.85551E-4,4.17622E-4,3.63588E-4,3.09554E-4,2.40514E-4,1.43039E-4,4.55640E-5,8.86314E-5,2.78993E-4,4.69355E-4,4.29273E-4,6.79961E-4,5.64452E-4,1.86822E-4,3.85739E-4,3.54532E-4,6.60218E-5,5.85332E-4,9.10494E-4,1.27303E-3,5.95301E-4,-7.02453E-4,1.98910E-3,1.25694E-2,2.63678E-2,1.15737E-2,-4.94946E-2,-1.47254E-1,-2.23512E-1,-2.53685E-1,-2.31734E-1,-1.32523E-1,-8.00939E-3,5.84435E-2,4.63360E-2,1.53877E-2,1.01533E-2,1.14371E-2,1.08680E-2,1.06326E-2,1.03122E-2,9.50822E-3,8.79921E-3,8.44397E-3,8.01530E-3,8.06613E-3,7.54129E-3,6.95901E-3,6.56238E-3,5.81133E-3,5.19049E-3,4.98305E-3,4.28557E-3,3.23292E-3,3.17538E-3,3.05336E-3,2.64984E-3,1.80924E-3,1.02454E-3,6.30346E-4,-9.69572E-6,-3.86434E-4,-4.45972E-4,-1.03738E-3,-1.77202E-3,-2.44104E-3,-2.40551E-3,-2.28572E-3,-2.79858E-3,-3.51948E-3,-3.81166E-3,-4.12723E-3,-4.44743E-3,-4.50688E-3,-4.63110E-3,-4.86825E-3,-5.64039E-3,-5.55805E-3,-5.42659E-3,-6.44146E-3,-6.57931E-3,-6.73246E-3,-6.74314E-3,-6.18508E-3,-5.91542E-3,-6.22307E-3,-6.47302E-3,-5.73906E-3,-5.29897E-3,-5.37267E-3,-5.31776E-3,-5.19870E-3,-4.57476E-3,-4.73284E-3,-5.17357E-3,-4.87049E-3,-4.55658E-3,-4.66531E-3,-5.03636E-3,-4.77407E-3,-4.96925E-3,-3.07481E-3,-3.90834E-3,-4.20198E-3,-4.25592E-3,-4.40109E-3,-3.98453E-3,-3.97648E-3,-4.13113E-3,-4.19820E-3,-3.97911E-3,-3.52021E-3,-3.39940E-3,-3.44072E-3,-3.65686E-3,-3.87484E-3,-3.37817E-3,-2.73932E-3,-2.76994E-3
1.29145E+3,NaN,NaN,NaN,NaN,NaN,NaN,2.78321E-4,-6.01267E-4,3.17877E-4,-3.05389E-4,4.59930E-4,1.64842E-4,-1.30246E-4,-3.38694E-4,-1.31288E-4,7.61173E-5,3.12483E-4,6.11746E-4,9.11008E-4,1.06224E-3,1.03839E-3,1.01453E-3,9.43747E-4,8.41805E-4,7.39862E-4,6.44031E-4,5.50305E-4,4.56579E-4,5.68589E-4,1.17303E-3,7.72234E-4,5.01766E-4,4.33104E-4,7.92677E-4,3.10327E-4,8.78533E-4,8.28131E-4,2.22541E-3,1.08636E-3,-3.14641E-4,1.79196E-3,1.37064E-2,3.28892E-2,1.92329E-2,-4.48359E-2,-1.52325E-1,-2.28166E-1,-2.65105E-1,-2.41515E-1,-1.25721E-1,5.76624E-3,6.79892E-2,4.44771E-2,1.11355E-2,1.14846E-2,1.08666E-2,1.16243E-2,1.06705E-2,1.06889E-2,9.58903E-3,9.34995E-3,9.38112E-3,8.32266E-3,8.32508E-3,7.23000E-3,7.04982E-3,7.21115E-3,6.41738E-3,5.52641E-3,4.99287E-3,4.47116E-3,4.01893E-3,3.68807E-3,3.21905E-3,2.53695E-3,1.81013E-3,1.24249E-3,1.00768E-3,6.58109E-5,-5.03941E-4,-3.62488E-4,-1.26083E-3,-1.61638E-3,-2.44301E-3,-2.49886E-3,-2.43499E-3,-2.95343E-3,-3.83955E-3,-3.82830E-3,-3.90146E-3,-4.66585E-3,-3.90387E-3,-4.74732E-3,-4.80505E-3,-5.21458E-3,-5.17097E-3,-5.06111E-3,-6.12380E-3,-6.60889E-3,-7.13818E-3,-6.09548E-3,-6.38758E-3,-5.38765E-3,-5.98814E-3,-6.27505E-3,-5.92790E-3,-5.57848E-3,-5.47212E-3,-4.82191E-3,-5.01894E-3,-4.61600E-3,-4.82187E-3,-5.00525E-3,-4.31928E-3,-4.82586E-3,-5.00541E-3,-5.22130E-3,-4.53589E-3,-4.45254E-3,-3.03862E-3,-3.87521E-3,-4.37604E-3,-4.16656E-3,-4.10350E-3,-3.91881E-3,-3.66930E-3,-3.90542E-3,-4.45798E-3,-3.74111E-3,-3.33412E-3,-3.59105E-3,-3.56195E-3,-3.67389E-3,-3.62131E-3,-3.44827E-3,-2.66074E-3,-2.76309E-3
1.29492E+3,NaN,NaN,NaN,NaN,NaN,NaN,1.69267E-4,-2.65211E-4,-1.03105E-4,-2.41844E-4,2.55234E-4,1.03741E-4,-4.77527E-5,-7.21454E-5,7.48907E-5,2.21927E-4,3.05109E-4,3.39848E-4,3.74586E-4,3.87084E-4,3.90563E-4,3.94041E-4,4.39328E-4,4.91744E-4,5.44160E-4,5.87237E-4,6.30288E-4,6.20398E-4,4.72877E-4,1.25266E-3,7.81174E-4,9.72664E-4,7.42556E-4,1.25333E-3,4.76837E-4,8.82045E-4,5.96369E-4,2.34079E-3,1.29657E-3,2.78250E-4,2.87378E-3,1.49606E-2,3.43984E-2,2.34863E-2,-4.15683E-2,-1.49796E-1,-2.27794E-1,-2.68200E-1,-2.35722E-1,-1.18266E-1,1.32984E-2,6.94440E-2,4.39078E-2,9.60839E-3,1.04449E-2,1.07972E-2,1.13789E-2,1.07586E-2,1.03592E-2,9.62927E-3,9.55426E-3,8.79506E-3,8.60573E-3,8.20922E-3,7.18470E-3,7.09969E-3,7.22168E-3,6.24725E-3,5.69910E-3,5.26485E-3,4.46582E-3,3.49542E-3,3.41679E-3,3.00478E-3,2.42325E-3,1.63623E-3,1.17868E-3,8.77101E-4,-6.05310E-4,-6.68130E-4,-7.24454E-4,-1.21488E-3,-1.64273E-3,-1.75992E-3,-2.27232E-3,-2.40788E-3,-2.79777E-3,-3.33224E-3,-3.30807E-3,-3.77619E-3,-4.41795E-3,-4.42431E-3,-4.59864E-3,-4.70904E-3,-5.64257E-3,-4.89055E-3,-5.46067E-3,-5.79689E-3,-6.42662E-3,-6.96940E-3,-6.34564E-3,-6.47112E-3,-5.78268E-3,-5.46253E-3,-6.23658E-3,-5.53196E-3,-4.83893E-3,-4.87472E-3,-4.86327E-3,-5.07583E-3,-4.36047E-3,-4.62355E-3,-5.05147E-3,-4.89292E-3,-5.02059E-3,-4.93989E-3,-5.07576E-3,-4.66874E-3,-4.68007E-3,-2.94419E-3,-3.83858E-3,-4.10669E-3,-4.13410E-3,-3.89350E-3,-3.49827E-3,-3.32481E-3,-4.11671E-3,-4.15325E-3,-3.57075E-3,-3.58681E-3,-3.68277E-3,-3.58258E-3,-3.52075E-3,-3.47969E-3,-2.96776E-3,-2.72258E-3,-2.73761E-3
1.29840E+3,NaN,NaN,NaN,NaN,NaN,NaN,4.89046E-4,-3.59573E-4,-3.14005E-4,-1.92893E-4,1.40021E-4,-2.06513E-4,-5.53047E-4,-3.53527E-4,1.06665E-4,5.66858E-4,5.90484E-4,5.18106E-4,4.45729E-4,5.96088E-4,7.55103E-4,8.92287E-4,8.44275E-4,7.96263E-4,7.18728E-4,5.51816E-4,3.84904E-4,4.35613E-4,8.32361E-4,9.60316E-4,7.03557E-4,6.90386E-4,1.02471E-3,1.05421E-3,6.93501E-4,5.45395E-4,1.17768E-3,1.92109E-3,7.57622E-4,5.14081E-4,3.12299E-3,1.70120E-2,3.38229E-2,2.12768E-2,-4.73532E-2,-1.49776E-1,-2.32889E-1,-2.71644E-1,-2.27822E-1,-1.08328E-1,1.67085E-2,6.56896E-2,4.10512E-2,1.12294E-2,9.77915E-3,1.14232E-2,1.14977E-2,1.09731E-2,1.00189E-2,9.68016E-3,9.39695E-3,8.65063E-3,8.49648E-3,7.92386E-3,7.33155E-3,7.42158E-3,7.21657E-3,6.53048E-3,5.84804E-3,5.17681E-3,4.42412E-3,4.01938E-3,3.55554E-3,3.18966E-3,2.53822E-3,1.37623E-3,1.06029E-3,6.71126E-4,-2.14979E-4,-3.11763E-4,-5.51454E-4,-1.33928E-3,-1.60911E-3,-1.99449E-3,-2.24252E-3,-2.76804E-3,-3.31878E-3,-3.68113E-3,-3.65818E-3,-3.72965E-3,-4.10130E-3,-3.99326E-3,-4.23865E-3,-4.62774E-3,-4.86410E-3,-4.79634E-3,-5.74272E-3,-5.47608E-3,-6.23315E-3,-6.93716E-3,-6.53517E-3,-6.37093E-3,-5.88466E-3,-5.69451E-3,-5.92242E-3,-5.36765E-3,-4.96417E-3,-5.07509E-3,-4.58245E-3,-4.45526E-3,-4.79178E-3,-4.97591E-3,-4.72298E-3,-4.78656E-3,-4.83033E-3,-4.58828E-3,-5.06897E-3,-4.59848E-3,-4.39590E-3,-2.64797E-3,-3.89945E-3,-4.31213E-3,-3.92577E-3,-3.63309E-3,-3.38771E-3,-3.36653E-3,-3.48272E-3,-3.89328E-3,-3.75980E-3,-3.83598E-3,-3.73664E-3,-3.84623E-3,-3.43883E-3,-3.33583E-3,-3.09452E-3,-2.97146E-3,-2.95436E-3
1.30188E+3,NaN,NaN,NaN,NaN,NaN,NaN,1.67514E-5,2.82693E-5,2.48760E-4,-3.51563E-5,-2.45048E-4,-3.68857E-4,-4.92667E-4,-2.30623E-4,6.23401E-5,3.33026E-4,3.01563E-4,2.70100E-4,2.54608E-4,2.98650E-4,3.42692E-4,4.44657E-4,6.52147E-4,8.59637E-4,8.59691E-4,6.50005E-4,4.40320E-4,4.68610E-4,8.44200E-4,6.61557E-4,6.10341E-4,9.04191E-4,1.17552E-3,9.82616E-4,7.15307E-4,2.66069E-4,1.60049E-3,1.90953E-3,1.18121E-3,3.23569E-4,3.49711E-3,1.88161E-2,3.61401E-2,2.39132E-2,-5.15587E-2,-1.51619E-1,-2.41763E-1,-2.75068E-1,-2.23204E-1,-9.50704E-2,2.59472E-2,6.61116E-2,3.62440E-2,1.10427E-2,1.01323E-2,1.15659E-2,1.12141E-2,1.07819E-2,1.02456E-2,9.79583E-3,9.11243E-3,8.83347E-3,8.53483E-3,7.77266E-3,7.58836E-3,7.61193E-3,7.07386E-3,6.21740E-3,5.61529E-3,4.76267E-3,4.01857E-3,3.73329E-3,3.70069E-3,3.09856E-3,2.56584E-3,1.75444E-3,1.66036E-3,4.54453E-4,-2.45233E-4,-1.78633E-4,-7.12537E-4,-1.27150E-3,-1.85361E-3,-1.86251E-3,-2.10745E-3,-2.77078E-3,-3.39563E-3,-3.60776E-3,-3.84470E-3,-4.11023E-3,-4.07755E-3,-3.86880E-3,-4.00671E-3,-5.10406E-3,-4.75068E-3,-4.82793E-3,-5.45060E-3,-5.52543E-3,-5.87236E-3,-7.42481E-3,-6.61255E-3,-6.53492E-3,-5.60954E-3,-5.60765E-3,-5.64422E-3,-5.37509E-3,-5.18935E-3,-5.01208E-3,-4.45825E-3,-4.85842E-3,-4.40035E-3,-4.60350E-3,-4.91921E-3,-4.57781E-3,-4.18108E-3,-4.44072E-3,-4.96849E-3,-4.36098E-3,-4.48943E-3,-2.63449E-3,-3.67600E-3,-4.34105E-3,-3.95812E-3,-3.66960E-3,-3.23091E-3,-3.11465E-3,-3.27293E-3,-3.92108E-3,-3.99600E-3,-3.55757E-3,-3.84677E-3,-4.11621E-3,-3.29035E-3,-3.59794E-3,-3.13602E-3,-2.57820E-3,-2.50635E-3
1.30536E+3,NaN,NaN,NaN,NaN,NaN,NaN,3.77278E-5,-3.86488E-4,9.46797E-5,-1.91387E-4,-1.61506E-4,-2.37745E-4,-2.45073E-4,7.79813E-5,4.01036E-4,6.02936E-4,5.41905E-4,4.80875E-4,4.59066E-4,4.83615E-4,5.08165E-4,5.94535E-4,7.21922E-4,8.49309E-4,7.59711E-4,5.95456E-4,4.31200E-4,4.97672E-4,1.16343E-3,5.18799E-4,3.66809E-4,9.53124E-4,9.84186E-4,7.64791E-4,6.72157E-4,6.93318E-5,1.38607E-3,1.14568E-3,1.43813E-3,4.05558E-4,1.95554E-3,1.75154E-2,3.90598E-2,3.06709E-2,-4.98082E-2,-1.49758E-1,-2.51681E-1,-2.80675E-1,-2.24623E-1,-8.22766E-2,3.92154E-2,7.24117E-2,3.00293E-2,7.00739E-3,1.11877E-2,1.11259E-2,1.08260E-2,1.02040E-2,9.86293E-3,9.31324E-3,8.87160E-3,8.36015E-3,7.76846E-3,7.60255E-3,7.20943E-3,7.35954E-3,6.69766E-3,5.88784E-3,5.16179E-3,4.24816E-3,3.78800E-3,3.36937E-3,3.34698E-3,2.47665E-3,1.55314E-3,1.35351E-3,1.09835E-3,-1.71014E-4,-2.99770E-4,-4.34856E-4,-1.62403E-3,-1.51822E-3,-1.91856E-3,-2.39569E-3,-2.46858E-3,-3.34819E-3,-3.39516E-3,-3.54211E-3,-4.37067E-3,-4.25786E-3,-4.21755E-3,-4.35371E-3,-4.56802E-3,-5.16289E-3,-4.76886E-3,-5.69937E-3,-5.65150E-3,-5.83374E-3,-6.28317E-3,-7.55503E-3,-6.84219E-3,-6.75168E-3,-5.60652E-3,-5.88230E-3,-5.93032E-3,-5.27623E-3,-5.47339E-3,-4.89749E-3,-4.59147E-3,-4.59356E-3,-4.70112E-3,-4.74049E-3,-4.90940E-3,-4.62731E-3,-4.51430E-3,-4.57400E-3,-4.79812E-3,-4.63229E-3,-4.76170E-3,-2.82630E-3,-4.22701E-3,-4.51729E-3,-4.14152E-3,-4.21378E-3,-3.75360E-3,-3.35837E-3,-4.00530E-3,-4.30284E-3,-3.70418E-3,-3.65116E-3,-3.85426E-3,-4.10808E-3,-3.55338E-3,-3.79493E-3,-3.61320E-3,-3.39077E-3,-3.17464E-3
1.30883E+3,NaN,NaN,NaN,NaN,NaN,NaN,-1.86338E-4,-2.32969E-4,-1.19779E-4,1.97996E-5,1.53135E-4,6.34937E-5,6.50474E-5,1.93986E-4,3.22924E-4,4.03912E-4,4.47235E-4,4.90557E-4,4.11941E-4,2.81791E-4,1.51641E-4,2.64731E-4,4.22170E-4,5.79610E-4,4.09545E-4,2.35718E-4,1.85528E-4,8.80487E-4,9.71331E-4,3.93334E-4,1.02464E-3,7.01697E-4,7.06370E-4,6.12512E-4,7.02575E-5,3.14336E-4,6.89672E-4,6.57254E-4,1.04700E-3,2.98414E-4,2.52862E-3,1.70879E-2,3.89577E-2,3.12067E-2,-4.69756E-2,-1.51699E-1,-2.58026E-1,-2.79438E-1,-2.20199E-1,-7.50998E-2,4.45752E-2,7.49687E-2,2.94456E-2,4.44458E-3,1.24506E-2,1.09294E-2,1.06570E-2,9.77023E-3,9.51610E-3,9.07624E-3,8.66535E-3,8.53816E-3,7.74335E-3,7.12520E-3,7.41380E-3,7.75563E-3,6.88409E-3,5.82448E-3,5.07093E-3,4.27140E-3,3.95315E-3,3.47213E-3,3.50618E-3,2.68028E-3,1.72182E-3,1.05827E-3,1.17990E-3,2.05965E-4,-2.82999E-4,5.30490E-5,-1.09433E-3,-1.63617E-3,-2.21638E-3,-2.14653E-3,-2.45970E-3,-2.89123E-3,-3.50855E-3,-3.55878E-3,-3.96324E-3,-3.84422E-3,-4.01150E-3,-4.08438E-3,-4.64650E-3,-5.28353E-3,-4.70087E-3,-5.19778E-3,-5.63122E-3,-5.98845E-3,-6.33933E-3,-7.57038E-3,-6.35122E-3,-6.32572E-3,-5.76934E-3,-5.79201E-3,-5.93285E-3,-5.36618E-3,-5.36224E-3,-4.86699E-3,-4.27285E-3,-4.54121E-3,-4.48106E-3,-4.64291E-3,-4.73609E-3,-5.01911E-3,-5.05505E-3,-5.20062E-3,-4.47410E-3,-4.46322E-3,-4.74240E-3,-2.92041E-3,-4.27649E-3,-4.68877E-3,-4.30856E-3,-3.93293E-3,-3.15874E-3,-2.91576E-3,-3.82392E-3,-4.41298E-3,-3.98746E-3,-3.79793E-3,-4.26643E-3,-4.43544E-3,-3.50021E-3,-3.15172E-3,-3.44855E-3,-3.49501E-3,-3.56201E-3
1.31231E+3,NaN,NaN,NaN,NaN,NaN,NaN,-4.63746E-4,-8.86258E-5,8.41627E-5,7.62749E-5,1.19155E-4,1.09684E-4,2.02181E-4,3.47269E-4,4.92357E-4,4.22937E-4,3.00756E-4,1.78576E-4,1.46717E-4,1.20069E-4,1.25014E-4,4.56117E-4,7.87220E-4,1.00077E-3,8.23379E-4,6.45983E-4,4.79697E-4,6.19354E-4,9.09685E-4,7.86836E-4,8.50042E-4,8.39234E-4,7.81633E-4,6.20994E-4,4.22342E-4,3.44671E-4,6.53753E-4,1.00932E-3,1.19883E-3,8.34814E-4,3.19901E-3,1.77350E-2,3.82835E-2,2.64245E-2,-4.60531E-2,-1.56780E-1,-2.56218E-1,-2.76191E-1,-2.07806E-1,-6.70470E-2,4.52779E-2,6.87113E-2,2.81529E-2,7.25359E-3,1.20657E-2,1.13108E-2,1.06591E-2,9.73377E-3,9.42139E-3,9.05214E-3,8.85319E-3,8.50783E-3,7.62551E-3,7.19303E-3,7.44992E-3,7.63706E-3,6.53520E-3,5.69059E-3,5.01388E-3,3.93503E-3,3.57569E-3,3.86724E-3,3.59488E-3,2.77708E-3,1.92075E-3,1.24049E-3,6.89036E-4,-1.38723E-5,-3.59501E-4,-5.29487E-4,-1.34762E-3,-1.62307E-3,-1.87367E-3,-2.20986E-3,-2.59015E-3,-2.84206E-3,-3.19984E-3,-3.47448E-3,-3.96359E-3,-4.28780E-3,-4.09601E-3,-4.27592E-3,-4.72532E-3,-5.06595E-3,-4.63538E-3,-5.06349E-3,-5.63972E-3,-6.08638E-3,-6.73101E-3,-6.98059E-3,-6.36387E-3,-6.22548E-3,-5.71007E-3,-5.51281E-3,-5.52379E-3,-5.33921E-3,-5.52089E-3,-5.01486E-3,-4.52178E-3,-4.61269E-3,-4.73624E-3,-4.83521E-3,-4.50215E-3,-4.35917E-3,-4.82182E-3,-5.18541E-3,-4.62666E-3,-4.34716E-3,-4.22459E-3,-2.60998E-3,-4.14811E-3,-4.37869E-3,-4.38555E-3,-3.89772E-3,-3.35235E-3,-3.28871E-3,-3.24033E-3,-3.97635E-3,-3.95979E-3,-3.60910E-3,-3.89231E-3,-4.12785E-3,-3.38067E-3,-3.37870E-3,-3.54562E-3,-3.59999E-3,-3.23188E-3
1.31579E+3,NaN,NaN,NaN,NaN,NaN,NaN,-2.97615E-4,-8.33902E-5,-1.15626E-4,6.57693E-5,7.06089E-5,-5.03634E-5,8.70291E-5,2.53074E-4,4.06661E-4,2.83186E-4,1.59711E-4,8.37958E-5,2.16171E-4,3.48545E-4,5.47173E-4,8.81083E-4,1.21499E-3,1.13712E-3,5.97881E-4,5.86385E-5,1.36780E-4,6.79036E-4,7.71921E-4,6.96282E-4,8.14762E-4,9.31631E-4,8.73138E-4,4.55836E-4,1.19852E-4,3.23671E-4,4.67145E-4,1.07972E-3,1.67033E-3,6.98671E-4,2.82681E-3,1.80192E-2,4.15882E-2,2.77349E-2,-4.36521E-2,-1.64258E-1,-2.57033E-1,-2.78077E-1,-1.98763E-1,-5.84280E-2,5.18018E-2,6.46896E-2,2.33735E-2,9.31653E-3,1.16385E-2,1.10312E-2,1.02276E-2,9.75724E-3,9.40725E-3,9.02082E-3,8.74534E-3,8.32108E-3,7.31629E-3,7.10870E-3,7.72240E-3,7.21805E-3,6.17923E-3,5.46005E-3,4.77160E-3,4.27075E-3,3.60021E-3,3.63298E-3,2.92122E-3,2.43168E-3,1.99525E-3,1.61637E-3,5.11054E-4,-2.26941E-4,1.91494E-4,-6.13085E-4,-1.38013E-3,-1.73312E-3,-1.72032E-3,-2.28532E-3,-2.84919E-3,-3.13396E-3,-3.11918E-3,-3.68406E-3,-4.31619E-3,-4.35584E-3,-3.99703E-3,-4.20790E-3,-5.22459E-3,-4.85091E-3,-4.81799E-3,-5.31580E-3,-6.29177E-3,-6.48943E-3,-7.09182E-3,-6.89618E-3,-6.39725E-3,-6.26158E-3,-5.96842E-3,-5.82872E-3,-5.61462E-3,-5.15316E-3,-5.05183E-3,-4.77666E-3,-4.56018E-3,-4.57180E-3,-4.49523E-3,-4.44287E-3,-4.43427E-3,-4.81455E-3,-4.71267E-3,-4.68439E-3,-4.74992E-3,-4.83709E-3,-4.77341E-3,-2.87931E-3,-4.16327E-3,-4.46225E-3,-4.13907E-3,-3.90709E-3,-3.54110E-3,-3.47378E-3,-3.33913E-3,-4.32500E-3,-3.96163E-3,-3.79246E-3,-4.27363E-3,-4.20456E-3,-3.31074E-3,-3.67838E-3,-3.63854E-3,-3.68714E-3,-3.89814E-3
1.31927E+3,NaN,NaN,NaN,NaN,NaN,NaN,-1.62193E-4,-9.96292E-5,7.64739E-5,-2.94132E-5,-3.43145E-6,4.73119E-5,1.16694E-4,1.86077E-4,2.65277E-4,3.69546E-4,4.73815E-4,5.11206E-4,4.57839E-4,4.04473E-4,4.24897E-4,5.01644E-4,5.78392E-4,4.66303E-4,2.77075E-4,8.78457E-5,5.37170E-4,7.41886E-4,5.65852E-4,2.80775E-4,8.82062E-4,7.00554E-4,6.88202E-4,3.80653E-4,2.73457E-4,3.26591E-4,2.01974E-4,7.70601E-4,1.89661E-3,7.05476E-4,7.90657E-4,1.60573E-2,4.37600E-2,3.18638E-2,-4.21056E-2,-1.75625E-1,-2.63136E-1,-2.85663E-1,-1.92975E-1,-4.55448E-2,6.78705E-2,6.52778E-2,1.63381E-2,1.05134E-2,1.15385E-2,1.10013E-2,1.00288E-2,9.84679E-3,9.29837E-3,8.70369E-3,8.46571E-3,7.95690E-3,7.38382E-3,7.65794E-3,7.73535E-3,7.06925E-3,6.03930E-3,5.57540E-3,4.64263E-3,4.18427E-3,4.10161E-3,3.54295E-3,2.55084E-3,2.11768E-3,1.75920E-3,1.69333E-3,5.74598E-4,-2.16771E-5,-1.17533E-5,-1.22356E-3,-9.90562E-4,-1.71738E-3,-1.87315E-3,-2.29158E-3,-2.82577E-3,-2.77488E-3,-3.43915E-3,-3.95608E-3,-3.88516E-3,-4.00665E-3,-4.28100E-3,-4.46812E-3,-5.19525E-3,-4.71157E-3,-5.15510E-3,-5.23645E-3,-5.60557E-3,-6.54732E-3,-6.78639E-3,-6.62178E-3,-6.45729E-3,-5.99616E-3,-5.64242E-3,-5.82265E-3,-5.84644E-3,-5.48482E-3,-5.14781E-3,-4.41034E-3,-4.13004E-3,-4.39530E-3,-4.17989E-3,-4.47135E-3,-4.74029E-3,-4.58813E-3,-4.83382E-3,-5.43724E-3,-4.67301E-3,-4.68652E-3,-4.86591E-3,-2.55465E-3,-4.18812E-3,-4.21285E-3,-4.32043E-3,-3.95078E-3,-3.38439E-3,-3.52271E-3,-3.76324E-3,-4.28786E-3,-4.06758E-3,-4.04041E-3,-4.42732E-3,-4.63466E-3,-3.17893E-3,-3.24405E-3,-3.34626E-3,-3.43269E-3,-3.36092E-3
1.32276E+3,NaN,NaN,NaN,NaN,NaN,NaN,-1.43769E-4,8.87403E-5,-9.68472E-5,-3.80762E-4,-1.04616E-4,3.71217E-5,1.66506E-4,2.95891E-4,2.96075E-4,1.75910E-4,5.57452E-5,-3.17433E-5,-1.02443E-4,-1.73143E-4,-7.28777E-5,6.92112E-5,2.11300E-4,1.20626E-4,1.67459E-5,-4.52835E-5,2.83820E-4,2.47548E-4,2.63769E-4,2.11545E-4,5.97182E-4,3.00556E-4,4.20411E-4,1.95966E-5,-3.78657E-4,-6.67723E-5,-1.71291E-4,9.03926E-4,1.50479E-3,6.13294E-4,-3.88479E-4,1.41178E-2,4.36444E-2,3.41719E-2,-4.31752E-2,-1.82369E-1,-2.66338E-1,-2.86234E-1,-1.90120E-1,-3.79989E-2,7.61950E-2,6.48557E-2,1.26053E-2,9.31419E-3,1.19925E-2,1.01925E-2,9.39389E-3,9.56910E-3,9.24216E-3,8.42871E-3,8.32904E-3,8.17111E-3,7.43146E-3,7.01381E-3,7.37979E-3,6.41939E-3,5.75240E-3,5.38699E-3,4.53613E-3,4.05394E-3,3.95802E-3,3.47874E-3,2.44603E-3,2.08715E-3,1.83489E-3,1.16799E-3,5.51421E-4,-1.65364E-4,1.45165E-5,-8.22502E-4,-1.37747E-3,-1.75506E-3,-1.63040E-3,-2.09132E-3,-2.71552E-3,-3.55819E-3,-3.22667E-3,-3.62578E-3,-4.22960E-3,-4.29833E-3,-4.07785E-3,-4.88220E-3,-5.09948E-3,-4.59861E-3,-5.01573E-3,-4.95272E-3,-5.95918E-3,-6.75546E-3,-6.65750E-3,-6.47694E-3,-6.28212E-3,-6.20758E-3,-5.90082E-3,-6.04039E-3,-5.85254E-3,-5.39804E-3,-5.03126E-3,-4.61107E-3,-4.37716E-3,-4.28877E-3,-4.39923E-3,-4.62130E-3,-4.59689E-3,-4.96408E-3,-4.98949E-3,-5.10603E-3,-5.02626E-3,-5.06114E-3,-5.26677E-3,-3.11324E-3,-4.52600E-3,-4.33323E-3,-4.44205E-3,-4.08364E-3,-3.84838E-3,-3.55020E-3,-3.44272E-3,-4.35356E-3,-4.44745E-3,-4.13062E-3,-4.17693E-3,-4.68009E-3,-3.86545E-3,-3.60642E-3,-3.30961E-3,-3.66911E-3,-3.55463E-3
1.32624E+3,NaN,NaN,NaN,NaN,NaN,NaN,-7.15080E-5,3.22445E-4,2.88422E-4,-2.21074E-4,-3.54602E-4,-2.51058E-4,-6.67316E-5,1.17595E-4,1.73802E-4,1.87769E-4,2.01736E-4,3.19934E-4,4.50372E-4,5.73718E-4,5.16383E-4,4.59049E-4,3.95886E-4,3.06284E-4,2.16682E-4,1.26101E-4,1.58641E-4,2.15230E-4,1.20262E-4,6.04140E-4,5.69136E-4,2.23290E-4,3.39977E-4,3.82961E-4,-6.12432E-7,-5.77158E-5,-6.13311E-4,5.24370E-4,1.56838E-3,3.19783E-4,6.75197E-4,1.65092E-2,4.20676E-2,3.09788E-2,-5.28461E-2,-1.80622E-1,-2.67259E-1,-2.78063E-1,-1.81249E-1,-3.17743E-2,7.06303E-2,5.97713E-2,1.60883E-2,8.99438E-3,1.18539E-2,1.01257E-2,9.55192E-3,9.05238E-3,8.90845E-3,8.97474E-3,8.20385E-3,7.69848E-3,7.18530E-3,7.08583E-3,6.95784E-3,5.88147E-3,5.52005E-3,5.37553E-3,4.08813E-3,3.59706E-3,3.76372E-3,3.36096E-3,2.48121E-3,1.84355E-3,1.61835E-3,1.24398E-3,4.84499E-4,3.24596E-4,-1.42071E-5,-9.53880E-4,-1.48728E-3,-1.48908E-3,-2.09086E-3,-2.73141E-3,-3.07993E-3,-3.44509E-3,-3.35331E-3,-3.69510E-3,-3.84718E-3,-3.90049E-3,-4.21912E-3,-4.80391E-3,-5.23781E-3,-5.01372E-3,-5.49833E-3,-5.22252E-3,-5.80284E-3,-6.48302E-3,-6.74230E-3,-6.59275E-3,-6.41506E-3,-6.35235E-3,-6.24697E-3,-6.34385E-3,-5.92550E-3,-5.59063E-3,-5.02716E-3,-4.40859E-3,-4.30211E-3,-4.03741E-3,-4.29667E-3,-4.72892E-3,-4.73253E-3,-4.91734E-3,-4.71607E-3,-5.24630E-3,-4.87530E-3,-4.83289E-3,-5.05732E-3,-2.59198E-3,-4.12080E-3,-4.68693E-3,-4.43194E-3,-4.24342E-3,-4.02639E-3,-3.91086E-3,-3.57455E-3,-4.06420E-3,-4.13116E-3,-4.26393E-3,-4.32974E-3,-4.50920E-3,-3.76203E-3,-3.76609E-3,-3.47043E-3,-3.73283E-3,-3.98496E-3
1.32972E+3,NaN,NaN,NaN,NaN,NaN,NaN,-5.54616E-5,1.14970E-4,1.32503E-4,-4.65582E-4,4.51426E-4,4.63292E-4,4.10948E-4,3.58603E-4,3.80392E-4,4.03357E-4,4.19505E-4,3.88890E-4,3.58275E-4,3.34851E-4,3.30860E-4,3.26868E-4,3.10304E-4,2.75866E-4,2.41428E-4,2.45557E-4,4.03755E-4,6.33083E-4,4.61344E-4,4.31232E-4,4.85653E-4,6.66541E-4,7.11654E-4,2.99340E-4,3.49608E-4,-1.53463E-4,-1.10266E-4,8.70050E-4,1.65602E-3,1.56490E-4,9.35915E-4,1.91374E-2,4.48256E-2,3.23174E-2,-5.95321E-2,-1.81126E-1,-2.70885E-1,-2.75900E-1,-1.74944E-1,-2.03822E-2,7.03859E-2,5.36535E-2,1.55190E-2,9.58457E-3,1.13475E-2,9.66840E-3,9.69101E-3,9.44600E-3,9.11239E-3,8.90494E-3,8.31534E-3,7.65196E-3,7.43027E-3,7.39128E-3,7.01769E-3,6.41226E-3,5.93861E-3,5.08739E-3,4.44104E-3,4.17622E-3,3.84732E-3,3.17799E-3,2.43483E-3,2.05518E-3,1.27430E-3,9.66377E-4,3.97212E-4,-6.95149E-5,-6.17652E-4,-1.24141E-3,-1.32131E-3,-1.51975E-3,-2.06524E-3,-2.57606E-3,-3.20622E-3,-3.09788E-3,-3.38851E-3,-3.67602E-3,-3.54476E-3,-3.76179E-3,-4.52414E-3,-5.12313E-3,-4.57384E-3,-4.71332E-3,-5.05454E-3,-5.50504E-3,-6.14393E-3,-6.64614E-3,-6.48358E-3,-6.38326E-3,-6.20284E-3,-6.10605E-3,-6.04697E-3,-5.95371E-3,-5.79988E-3,-5.46705E-3,-4.96679E-3,-4.54665E-3,-4.56141E-3,-4.31920E-3,-4.67562E-3,-4.35062E-3,-4.40002E-3,-4.96247E-3,-4.71655E-3,-4.99173E-3,-4.98200E-3,-4.69912E-3,-4.86679E-3,-2.60116E-3,-4.08700E-3,-4.34997E-3,-4.25806E-3,-4.08416E-3,-3.93582E-3,-3.73672E-3,-3.51018E-3,-4.12848E-3,-4.16614E-3,-4.09488E-3,-4.20742E-3,-4.08008E-3,-3.73084E-3,-3.37523E-3,-3.40166E-3,-3.86132E-3,-3.72167E-3
1.33320E+3,NaN,NaN,NaN,NaN,NaN,-1.95912E-4,-4.45196E-4,1.22023E-4,-7.42379E-5,4.48720E-5,2.69063E-4,2.77111E-4,2.85159E-4,2.89149E-4,2.78304E-4,2.67458E-4,2.34958E-4,1.63555E-4,9.21520E-5,1.29801E-4,2.76305E-4,4.22809E-4,4.56426E-4,4.27453E-4,3.98480E-4,2.98867E-4,4.07768E-4,6.11983E-4,1.81091E-4,6.38122E-4,5.45409E-4,6.59781E-4,8.32507E-5,2.50943E-4,3.11977E-4,-1.92092E-4,-3.60458E-4,6.52634E-4,2.42034E-3,1.27289E-3,1.12275E-3,1.93451E-2,4.82996E-2,3.47052E-2,-6.59497E-2,-1.84911E-1,-2.79171E-1,-2.78039E-1,-1.69004E-1,-2.53010E-3,7.62286E-2,4.80536E-2,1.05499E-2,1.09341E-2,1.06038E-2,1.00087E-2,9.98141E-3,9.25539E-3,8.97731E-3,8.91905E-3,8.15607E-3,7.47365E-3,7.21098E-3,7.10832E-3,6.71955E-3,6.29814E-3,6.08488E-3,4.75797E-3,4.19218E-3,4.09529E-3,3.47471E-3,2.75400E-3,2.13701E-3,2.28729E-3,1.97557E-3,7.84774E-4,1.64629E-4,3.56651E-4,-2.74746E-4,-6.93845E-4,-1.70276E-3,-1.35938E-3,-1.99362E-3,-2.31648E-3,-2.72619E-3,-3.05472E-3,-3.27732E-3,-3.57262E-3,-3.83689E-3,-3.66887E-3,-4.63860E-3,-5.18842E-3,-4.79065E-3,-4.97757E-3,-4.97760E-3,-5.52564E-3,-6.22385E-3,-6.29725E-3,-6.22006E-3,-6.43454E-3,-6.26398E-3,-5.97972E-3,-6.09461E-3,-5.90018E-3,-5.72372E-3,-5.47830E-3,-4.87860E-3,-4.31807E-3,-4.12621E-3,-4.21716E-3,-4.27325E-3,-4.11167E-3,-4.09990E-3,-4.47011E-3,-4.66121E-3,-5.08968E-3,-4.71482E-3,-4.05531E-3,-4.49653E-3,-2.69552E-3,-4.18789E-3,-4.10158E-3,-4.38360E-3,-4.13982E-3,-4.21117E-3,-3.84228E-3,-3.65694E-3,-3.91237E-3,-3.96908E-3,-3.81657E-3,-3.99465E-3,-4.10157E-3,-3.37844E-3,-3.49417E-3,-3.48548E-3,-3.76115E-3,-3.81880E-3
1.33669E+3,NaN,NaN,NaN,NaN,NaN,-5.45302E-4,-1.83165E-4,2.29136E-4,-1.28944E-6,-1.16394E-4,4.17080E-4,3.68062E-4,3.19044E-4,2.33414E-4,1.01780E-4,-2.98551E-5,-4.72922E-5,1.59462E-5,7.91847E-5,5.84432E-5,6.46176E-6,-4.55197E-5,6.27231E-5,1.94543E-4,3.27730E-4,5.37799E-4,-2.74266E-4,3.20112E-4,-3.24648E-4,-3.96669E-5,1.28290E-4,5.88326E-4,-1.56521E-4,-4.49485E-4,2.46694E-4,-7.53238E-4,-6.09640E-4,2.54355E-4,3.24228E-3,1.73940E-3,-8.42468E-4,1.67517E-2,4.97062E-2,3.81228E-2,-7.05272E-2,-1.90857E-1,-2.94484E-1,-2.89646E-1,-1.70325E-1,1.35459E-2,8.62479E-2,4.60442E-2,2.64819E-3,1.17078E-2,9.63618E-3,9.87148E-3,9.13272E-3,9.30002E-3,8.59882E-3,8.52742E-3,8.25789E-3,7.61134E-3,7.39633E-3,6.62831E-3,5.93971E-3,5.69419E-3,5.45907E-3,4.44492E-3,4.52914E-3,3.75416E-3,3.55620E-3,2.90369E-3,2.55424E-3,2.90565E-3,1.91766E-3,1.99147E-4,4.12554E-4,1.39967E-4,-7.87065E-4,-8.04361E-4,-1.29248E-3,-1.28625E-3,-2.35325E-3,-2.49359E-3,-2.94979E-3,-2.71221E-3,-3.45630E-3,-3.79604E-3,-3.45946E-3,-3.67777E-3,-4.43871E-3,-4.83064E-3,-4.68823E-3,-5.24427E-3,-4.97846E-3,-5.12964E-3,-6.01003E-3,-6.31678E-3,-6.19645E-3,-6.22250E-3,-6.29087E-3,-6.38614E-3,-6.23644E-3,-6.09012E-3,-5.93100E-3,-5.45036E-3,-5.34363E-3,-4.81778E-3,-4.63562E-3,-4.28919E-3,-4.83162E-3,-4.57579E-3,-4.99837E-3,-4.56541E-3,-4.49779E-3,-4.94369E-3,-4.77413E-3,-4.83960E-3,-4.81003E-3,-2.74057E-3,-4.32025E-3,-4.24957E-3,-4.56075E-3,-4.37207E-3,-3.87737E-3,-3.68612E-3,-3.79011E-3,-4.31149E-3,-3.94670E-3,-4.00643E-3,-4.08556E-3,-3.96812E-3,-3.99725E-3,-3.50162E-3,-3.45572E-3,-3.71998E-3,-3.86499E-3
1.34017E+3,NaN,NaN,NaN,NaN,NaN,-3.98107E-4,-3.82154E-4,7.00773E-4,2.76931E-4,-1.56434E-4,-4.10045E-5,9.82849E-6,6.06615E-5,8.74261E-5,1.02317E-4,1.17208E-4,1.84055E-4,2.62894E-4,3.41732E-4,4.14001E-4,4.85964E-4,5.37432E-4,4.00716E-4,2.64000E-4,1.95281E-4,3.77172E-4,5.35701E-4,2.68061E-4,1.56058E-4,3.66906E-4,4.52602E-4,7.27686E-4,4.99002E-4,1.98484E-4,2.85956E-4,3.65323E-6,7.80268E-4,1.66386E-3,2.63759E-3,1.34506E-3,7.68057E-4,1.80380E-2,4.65675E-2,2.88324E-2,-6.80195E-2,-1.89030E-1,-2.87347E-1,-2.79012E-1,-1.57439E-1,1.01594E-2,7.83298E-2,4.49445E-2,4.98101E-3,1.07061E-2,1.06224E-2,9.81618E-3,9.29916E-3,9.08729E-3,8.67933E-3,8.35432E-3,8.14725E-3,7.67893E-3,7.73089E-3,7.04386E-3,6.54820E-3,5.82165E-3,5.46083E-3,4.64819E-3,4.67520E-3,4.13628E-3,3.70179E-3,3.16469E-3,2.70108E-3,2.63091E-3,1.98879E-3,8.58726E-4,6.24981E-4,7.76996E-4,-8.38513E-6,-6.11041E-4,-1.24284E-3,-1.05730E-3,-1.81158E-3,-2.32891E-3,-2.24653E-3,-1.91227E-3,-2.93725E-3,-3.05641E-3,-3.73375E-3,-3.93798E-3,-4.51309E-3,-4.61000E-3,-4.24950E-3,-4.54494E-3,-4.46275E-3,-4.74734E-3,-5.64214E-3,-5.93022E-3,-5.74100E-3,-5.85086E-3,-5.82200E-3,-5.70162E-3,-6.07346E-3,-5.40624E-3,-5.59506E-3,-4.99288E-3,-4.45457E-3,-3.95069E-3,-3.96584E-3,-4.01167E-3,-4.15265E-3,-4.32315E-3,-4.50073E-3,-4.28365E-3,-3.97889E-3,-4.57030E-3,-4.72316E-3,-4.27139E-3,-4.50507E-3,-2.42975E-3,-3.40238E-3,-3.45113E-3,-4.24791E-3,-3.87703E-3,-3.77665E-3,-3.80109E-3,-3.89562E-3,-3.79080E-3,-3.48547E-3,-3.31971E-3,-3.68928E-3,-3.97186E-3,-3.37418E-3,-2.89353E-3,-2.82935E-3,-3.47309E-3,-3.50886E-3
1.34365E+3,NaN,NaN,NaN,NaN,NaN,-4.88691E-4,-4.17551E-4,-4.75775E-5,8.60753E-5,3.43422E-5,4.85449E-4,5.59797E-4,6.34145E-4,5.19444E-4,3.82380E-4,2.46634E-4,1.45102E-4,4.35694E-5,-2.33994E-5,6.71524E-5,1.57704E-4,2.16966E-4,2.10585E-4,2.04203E-4,4.91831E-4,5.05111E-4,4.79574E-5,1.08412E-5,1.85167E-4,3.00218E-4,4.97893E-4,6.51949E-4,1.65237E-4,-8.65655E-5,3.35349E-4,7.12404E-4,7.75253E-4,7.10176E-4,1.24752E-3,-5.00252E-4,2.03236E-4,1.96454E-2,4.57683E-2,2.22412E-2,-7.07613E-2,-1.97378E-1,-2.89537E-1,-2.74341E-1,-1.42141E-1,1.43315E-2,7.17177E-2,3.75508E-2,6.99940E-3,9.78959E-3,1.01032E-2,9.62671E-3,9.24756E-3,8.91024E-3,8.97680E-3,8.31714E-3,7.64819E-3,7.57319E-3,7.34595E-3,6.61198E-3,6.14788E-3,6.18944E-3,5.33953E-3,4.47075E-3,4.32656E-3,4.02815E-3,3.68396E-3,3.05513E-3,2.84763E-3,2.41728E-3,1.37223E-3,7.41731E-4,6.96244E-4,5.88144E-4,-1.25682E-4,-8.38650E-4,-1.22336E-3,-1.26133E-3,-1.69351E-3,-2.12828E-3,-2.24273E-3,-2.58406E-3,-3.04325E-3,-3.19042E-3,-3.18197E-3,-3.61807E-3,-4.41452E-3,-4.53857E-3,-4.52489E-3,-4.55368E-3,-4.78970E-3,-4.77121E-3,-5.21112E-3,-6.01792E-3,-5.74447E-3,-5.92872E-3,-6.19637E-3,-5.91736E-3,-5.92696E-3,-5.77673E-3,-5.65982E-3,-4.65401E-3,-4.44313E-3,-4.18528E-3,-4.01565E-3,-4.23702E-3,-4.53030E-3,-4.27370E-3,-4.31042E-3,-4.38445E-3,-4.32617E-3,-5.03850E-3,-5.05111E-3,-4.75182E-3,-4.80412E-3,-2.34076E-3,-3.95281E-3,-3.70857E-3,-4.01189E-3,-4.00813E-3,-3.70574E-3,-3.72465E-3,-3.63041E-3,-3.69643E-3,-3.78123E-3,-3.34824E-3,-3.49216E-3,-3.84961E-3,-4.04381E-3,-3.50753E-3,-3.10663E-3,-3.68079E-3,-3.68798E-3
1.34714E+3,NaN,NaN,NaN,NaN,NaN,-3.68803E-4,-2.66456E-4,-5.27122E-5,1.11703E-4,3.87235E-4,1.92877E-4,1.86414E-4,1.74753E-4,1.23838E-4,7.29226E-5,1.38147E-5,-6.86364E-5,-1.51088E-4,-2.43608E-4,-3.51067E-4,-4.58525E-4,-4.58092E-4,-3.67768E-4,-2.77443E-4,2.72390E-4,5.85394E-5,-4.69468E-4,-4.99020E-4,-1.19743E-4,-7.76019E-5,2.59249E-4,1.37234E-4,-1.06708E-4,-3.03012E-4,-2.55529E-4,-2.80904E-4,-6.56828E-4,-5.38874E-4,3.43375E-4,-2.13716E-3,-1.32429E-3,2.04871E-2,4.76692E-2,2.20196E-2,-6.97383E-2,-2.07206E-1,-2.97974E-1,-2.76922E-1,-1.30286E-1,2.32490E-2,7.30796E-2,2.95019E-2,6.97472E-3,9.54725E-3,1.01465E-2,8.86568E-3,8.72249E-3,8.42288E-3,8.41460E-3,8.33791E-3,7.84558E-3,7.13733E-3,6.82109E-3,6.21529E-3,5.66914E-3,5.47913E-3,4.91484E-3,4.50297E-3,3.91358E-3,3.70181E-3,3.12289E-3,2.43760E-3,2.40150E-3,1.97237E-3,1.23235E-3,1.09515E-4,2.09296E-4,-5.72637E-5,-8.47775E-4,-8.93376E-4,-1.18820E-3,-1.83315E-3,-2.40478E-3,-2.40899E-3,-2.20665E-3,-2.97048E-3,-3.26420E-3,-3.89647E-3,-3.95815E-3,-4.16405E-3,-5.02292E-3,-4.83083E-3,-4.69534E-3,-4.93014E-3,-5.11353E-3,-4.81497E-3,-6.12560E-3,-6.56426E-3,-6.28656E-3,-6.29303E-3,-6.38170E-3,-6.47207E-3,-6.03780E-3,-5.95617E-3,-6.01060E-3,-5.20474E-3,-4.59855E-3,-4.72575E-3,-4.96351E-3,-4.41110E-3,-4.68840E-3,-4.56845E-3,-4.81182E-3,-4.96598E-3,-4.25361E-3,-5.38554E-3,-5.49799E-3,-4.64773E-3,-4.42162E-3,-2.42095E-3,-3.91048E-3,-4.00439E-3,-3.93028E-3,-4.38398E-3,-4.50650E-3,-3.92171E-3,-3.70147E-3,-3.98515E-3,-3.81792E-3,-4.03036E-3,-4.12215E-3,-4.01529E-3,-3.61665E-3,-3.52181E-3,-3.81361E-3,-4.14789E-3,-3.94238E-3
1.35063E+3,NaN,NaN,NaN,NaN,NaN,-2.69178E-4,-4.02572E-4,-4.20120E-5,2.23256E-4,1.72551E-4,1.69532E-4,2.55114E-4,3.08257E-4,2.97800E-4,2.87344E-4,2.62998E-4,2.23644E-4,1.84289E-4,8.50207E-5,-5.04285E-5,-1.85878E-4,-2.03299E-4,-1.84736E-4,-1.66172E-4,3.91034E-4,3.18866E-4,-7.02618E-5,-1.64113E-4,1.81591E-4,1.91124E-4,7.67462E-4,6.37005E-5,-1.58370E-4,-3.43496E-4,-4.51170E-4,-3.75312E-4,-9.98894E-4,-9.52921E-4,5.96842E-4,-6.64814E-4,-6.59195E-4,2.18887E-2,5.26609E-2,2.96538E-2,-6.58828E-2,-2.21853E-1,-3.12126E-1,-2.85012E-1,-1.19616E-1,3.77906E-2,7.91471E-2,1.98908E-2,5.99172E-3,1.14181E-2,9.97432E-3,8.99040E-3,9.63669E-3,8.94801E-3,8.31749E-3,8.48677E-3,7.59060E-3,6.95457E-3,6.69275E-3,6.69175E-3,6.27026E-3,5.91813E-3,4.68182E-3,4.81577E-3,4.00485E-3,4.05883E-3,3.44402E-3,3.05437E-3,2.94555E-3,2.00346E-3,1.50166E-3,9.52770E-4,1.02100E-3,3.98417E-4,-4.49336E-4,-1.08310E-3,-8.53106E-4,-1.46614E-3,-2.05373E-3,-2.22370E-3,-2.10482E-3,-3.18413E-3,-2.93412E-3,-3.73378E-3,-3.40863E-3,-3.87353E-3,-5.32269E-3,-4.76640E-3,-4.44124E-3,-4.96853E-3,-4.90242E-3,-4.96373E-3,-5.34422E-3,-6.05608E-3,-6.31197E-3,-6.22769E-3,-6.06674E-3,-6.07575E-3,-5.87491E-3,-5.96080E-3,-5.62389E-3,-4.59871E-3,-4.12042E-3,-4.55571E-3,-4.27120E-3,-4.14140E-3,-4.28751E-3,-4.11789E-3,-4.26049E-3,-3.91217E-3,-4.26514E-3,-4.80842E-3,-4.70891E-3,-4.49973E-3,-4.67813E-3,-2.15914E-3,-3.87350E-3,-3.76394E-3,-3.85207E-3,-4.02641E-3,-3.99378E-3,-3.74984E-3,-3.42855E-3,-3.58228E-3,-3.75844E-3,-3.14994E-3,-3.37974E-3,-3.85878E-3,-3.06151E-3,-3.35658E-3,-3.08881E-3,-3.47372E-3,-3.43592E-3
1.35411E+3,NaN,NaN,NaN,NaN,NaN,-3.48972E-4,-1.64056E-4,2.14661E-4,1.49300E-4,1.81093E-4,1.30170E-4,-2.64894E-5,-2.41052E-5,1.04881E-4,2.33867E-4,1.52826E-4,-1.83805E-5,-1.89587E-4,-1.51937E-4,-7.52435E-5,1.45016E-6,1.62155E-4,3.24107E-4,5.48796E-4,9.83671E-4,9.02519E-5,8.57381E-5,-2.71266E-4,5.63468E-4,-8.82367E-5,5.43953E-4,4.49140E-4,1.70324E-4,8.35986E-5,-3.20880E-4,-1.38994E-4,-2.07337E-4,1.19681E-4,2.12970E-3,1.55501E-3,2.35205E-3,2.28949E-2,5.20047E-2,3.14346E-2,-6.94438E-2,-2.32206E-1,-3.19433E-1,-2.83178E-1,-1.15929E-1,3.91669E-2,7.72041E-2,1.82380E-2,4.31017E-3,1.12562E-2,9.90308E-3,9.31053E-3,9.11762E-3,8.88935E-3,8.12952E-3,8.18749E-3,7.54647E-3,7.16098E-3,7.10075E-3,6.15963E-3,6.20375E-3,5.89585E-3,4.69452E-3,4.69631E-3,4.34495E-3,3.77780E-3,3.40500E-3,2.98089E-3,2.64267E-3,1.86702E-3,1.25742E-3,7.37992E-4,4.58073E-4,2.38324E-4,-1.05943E-4,-5.07865E-4,-5.94249E-4,-1.55064E-3,-1.94660E-3,-1.40504E-3,-1.83496E-3,-2.97139E-3,-2.81505E-3,-3.40020E-3,-2.99744E-3,-4.20995E-3,-4.60035E-3,-4.06192E-3,-4.68221E-3,-4.45167E-3,-4.54424E-3,-4.67182E-3,-5.51296E-3,-6.35599E-3,-5.56086E-3,-5.98686E-3,-6.42363E-3,-5.95605E-3,-5.60157E-3,-5.28689E-3,-5.12746E-3,-5.03035E-3,-4.20825E-3,-4.58951E-3,-4.43692E-3,-4.24566E-3,-4.79597E-3,-3.95258E-3,-4.67854E-3,-3.81028E-3,-4.00070E-3,-4.58509E-3,-4.85757E-3,-4.07933E-3,-3.80063E-3,-1.67794E-3,-3.77514E-3,-3.96096E-3,-4.02551E-3,-4.24153E-3,-3.99348E-3,-3.68571E-3,-3.41439E-3,-3.82404E-3,-3.57798E-3,-3.47828E-3,-3.50566E-3,-3.64016E-3,-3.55506E-3,-3.56867E-3,-3.26382E-3,-3.85075E-3,-3.54144E-3
1.35760E+3,NaN,NaN,NaN,NaN,NaN,-4.73930E-4,-4.73460E-4,-4.56076E-6,1.38641E-4,4.13142E-4,3.86660E-4,2.24032E-4,2.78386E-4,3.96106E-4,5.13825E-4,5.27758E-4,5.32276E-4,5.32344E-4,4.62313E-4,3.92282E-4,3.23196E-4,2.57829E-4,1.92462E-4,2.49920E-4,3.12003E-4,-1.27782E-4,-2.12389E-4,2.23581E-4,-2.89356E-5,3.45802E-4,9.07932E-4,3.24422E-4,2.71059E-4,2.97704E-4,3.92302E-4,8.66776E-4,1.40396E-3,1.89878E-3,3.20597E-3,3.24370E-3,5.98938E-3,2.57724E-2,5.00122E-2,2.70265E-2,-8.43475E-2,-2.39486E-1,-3.18843E-1,-2.68659E-1,-1.05416E-1,4.00078E-2,6.87697E-2,1.97389E-2,5.74024E-3,1.07754E-2,9.49005E-3,9.11807E-3,9.16278E-3,9.18370E-3,8.46518E-3,7.92556E-3,7.61203E-3,7.23598E-3,6.33664E-3,6.01070E-3,5.94602E-3,5.61793E-3,5.08036E-3,4.78840E-3,4.62393E-3,4.25917E-3,3.69279E-3,3.01838E-3,2.62055E-3,1.67729E-3,1.17963E-3,1.01510E-3,8.39735E-4,2.02391E-4,-1.78265E-4,-4.30582E-4,-1.14806E-3,-1.79603E-3,-2.01277E-3,-1.90862E-3,-2.45565E-3,-3.14690E-3,-3.52957E-3,-3.88150E-3,-3.87016E-3,-4.53173E-3,-4.43356E-3,-4.88024E-3,-5.03080E-3,-4.59671E-3,-5.02305E-3,-5.14956E-3,-5.31703E-3,-5.99748E-3,-6.26875E-3,-6.24219E-3,-6.43490E-3,-6.12031E-3,-5.49368E-3,-5.31393E-3,-5.41234E-3,-5.22705E-3,-4.38656E-3,-4.57281E-3,-4.12153E-3,-4.09299E-3,-4.52816E-3,-4.17748E-3,-4.13257E-3,-4.37066E-3,-4.53658E-3,-4.89442E-3,-4.86164E-3,-4.18743E-3,-4.02891E-3,-1.46422E-3,-3.41169E-3,-3.83435E-3,-4.47133E-3,-4.30171E-3,-4.05674E-3,-4.04170E-3,-3.48653E-3,-3.68329E-3,-3.81188E-3,-3.72896E-3,-3.93972E-3,-4.15749E-3,-3.61022E-3,-3.41840E-3,-3.49086E-3,-3.41454E-3,-3.82573E-3
1.36109E+3,NaN,NaN,NaN,NaN,NaN,-4.38360E-4,2.92246E-6,3.35372E-4,5.05971E-4,1.74804E-4,-2.09070E-4,-2.98475E-4,-1.45949E-5,2.73295E-4,4.86448E-4,2.09131E-4,-6.81858E-5,-2.29632E-4,-8.57333E-5,5.81658E-5,1.59925E-4,2.02997E-4,2.46070E-4,4.17884E-5,-8.62030E-5,7.34262E-5,3.37279E-4,2.28392E-4,2.06251E-5,5.04717E-4,6.57599E-4,3.32246E-4,1.67836E-4,8.83799E-5,4.39585E-4,8.97134E-4,1.24128E-3,1.78108E-3,3.53903E-3,3.41226E-3,5.54736E-3,2.54975E-2,5.17457E-2,2.89734E-2,-9.40796E-2,-2.45873E-1,-3.20243E-1,-2.59632E-1,-9.67971E-2,4.24569E-2,5.89021E-2,1.78800E-2,7.07836E-3,9.62487E-3,9.02290E-3,9.08165E-3,9.04217E-3,8.43974E-3,8.11737E-3,7.86092E-3,7.56560E-3,7.00913E-3,6.39786E-3,6.45221E-3,6.13638E-3,5.35425E-3,5.18023E-3,5.01569E-3,4.33317E-3,3.84482E-3,3.32896E-3,3.20379E-3,2.53243E-3,1.74669E-3,8.22306E-4,3.74762E-4,4.66467E-4,2.66092E-4,-2.33107E-4,-4.64344E-4,-1.17657E-3,-2.03243E-3,-2.02542E-3,-1.71615E-3,-2.28177E-3,-2.69757E-3,-3.11136E-3,-3.48368E-3,-3.85355E-3,-4.14093E-3,-4.42846E-3,-4.67632E-3,-4.48068E-3,-4.74844E-3,-4.82935E-3,-4.75938E-3,-5.44888E-3,-6.10148E-3,-5.50829E-3,-6.16006E-3,-5.80391E-3,-5.78259E-3,-5.57614E-3,-5.65406E-3,-5.01312E-3,-4.81242E-3,-4.41408E-3,-4.22261E-3,-4.09920E-3,-4.41135E-3,-4.40985E-3,-3.94367E-3,-3.97506E-3,-4.17720E-3,-4.31429E-3,-4.80055E-3,-4.91520E-3,-4.32371E-3,-3.90974E-3,-1.25734E-3,-4.06826E-3,-4.09112E-3,-4.08228E-3,-3.76916E-3,-3.55951E-3,-3.65581E-3,-3.59482E-3,-3.79880E-3,-3.67402E-3,-3.35459E-3,-3.79780E-3,-3.56516E-3,-3.79592E-3,-3.28416E-3,-3.38410E-3,-3.42960E-3,-3.48544E-3
1.36457E+3,NaN,NaN,NaN,NaN,NaN,-5.21639E-4,-3.89224E-4,1.43258E-4,3.90372E-4,2.07605E-4,1.61929E-4,1.58060E-4,6.62487E-5,-2.55627E-5,-1.35918E-4,-2.81348E-4,-4.26779E-4,-4.31154E-4,-2.87952E-4,-1.44750E-4,-3.05623E-5,6.66994E-5,1.63961E-4,4.63088E-4,-3.65856E-4,-1.20833E-4,8.85967E-5,8.31400E-5,1.39522E-5,2.31289E-4,3.50703E-4,-2.17855E-4,-3.88104E-4,-3.31045E-4,-4.98649E-4,-2.23892E-5,3.40124E-4,4.97362E-4,2.48284E-3,1.92332E-3,3.07464E-3,2.42936E-2,5.64218E-2,3.36385E-2,-1.05563E-1,-2.57768E-1,-3.28122E-1,-2.55559E-1,-8.13360E-2,5.75105E-2,5.58888E-2,1.42809E-2,8.27433E-3,9.09019E-3,8.47952E-3,8.71143E-3,8.65804E-3,8.25054E-3,7.94687E-3,7.41680E-3,7.42836E-3,7.02447E-3,6.34580E-3,5.68596E-3,5.89330E-3,5.25880E-3,4.48233E-3,4.45743E-3,4.42427E-3,3.91419E-3,2.95399E-3,2.71484E-3,2.15500E-3,1.51206E-3,1.11219E-3,9.10575E-4,8.93529E-4,-8.64170E-6,-3.45519E-4,-8.14229E-4,-1.10183E-3,-2.00110E-3,-2.10480E-3,-2.10845E-3,-2.55016E-3,-2.49425E-3,-3.54591E-3,-3.36385E-3,-3.92850E-3,-4.34792E-3,-4.18148E-3,-4.49654E-3,-4.40563E-3,-4.62772E-3,-4.77353E-3,-4.88858E-3,-5.77230E-3,-6.34230E-3,-6.19777E-3,-5.95039E-3,-6.26887E-3,-6.05555E-3,-5.51455E-3,-5.63446E-3,-5.44744E-3,-4.97439E-3,-4.72517E-3,-4.60450E-3,-5.17669E-3,-4.81474E-3,-4.75582E-3,-4.36589E-3,-3.92950E-3,-3.94650E-3,-4.07534E-3,-5.15000E-3,-4.96085E-3,-4.02659E-3,-4.52851E-3,-1.49808E-3,-3.61410E-3,-3.93691E-3,-3.84705E-3,-3.74448E-3,-4.17667E-3,-3.86314E-3,-4.31233E-3,-4.15398E-3,-3.52709E-3,-4.00414E-3,-3.76935E-3,-3.75304E-3,-3.29282E-3,-3.16147E-3,-3.33168E-3,-3.78763E-3,-3.58450E-3
1.36806E+3,NaN,NaN,NaN,NaN,NaN,-5.58226E-5,1.37640E-4,-1.73352E-4,-5.23786E-4,2.26836E-5,4.04546E-4,4.17606E-4,3.09876E-4,2.02147E-4,1.34099E-4,9.75215E-5,6.09438E-5,1.58913E-5,-3.27835E-5,-8.14583E-5,2.73873E-5,1.65476E-4,3.03566E-4,6.59274E-4,-3.80371E-4,6.71157E-4,-1.42565E-5,8.30062E-5,9.75625E-5,7.16629E-4,5.39396E-4,-2.13097E-4,8.59511E-5,-2.27329E-4,-2.61195E-4,-7.38027E-4,-4.00116E-4,-1.11587E-3,1.04355E-3,5.93706E-4,-8.87834E-5,2.08895E-2,6.40778E-2,4.47160E-2,-1.08581E-1,-2.67779E-1,-3.37071E-1,-2.57161E-1,-6.83025E-2,7.48938E-2,5.98370E-2,8.49228E-3,7.61038E-3,1.00253E-2,8.79940E-3,8.86243E-3,8.16589E-3,7.85459E-3,8.31349E-3,7.64985E-3,7.75300E-3,6.27023E-3,5.97431E-3,6.12091E-3,5.49050E-3,5.42693E-3,4.64260E-3,4.90719E-3,4.15094E-3,4.12704E-3,3.16862E-3,3.27399E-3,2.21893E-3,1.31849E-3,9.32040E-4,9.38802E-4,6.36325E-4,8.78613E-5,-2.06685E-4,-8.83597E-4,-8.83556E-4,-1.90848E-3,-1.44046E-3,-2.29272E-3,-2.13518E-3,-2.50038E-3,-4.03683E-3,-3.17507E-3,-3.72564E-3,-4.68738E-3,-4.61956E-3,-4.93621E-3,-5.25000E-3,-4.85193E-3,-4.99216E-3,-5.34707E-3,-5.85383E-3,-6.07336E-3,-5.89786E-3,-5.86464E-3,-5.76034E-3,-5.94018E-3,-5.66182E-3,-5.52147E-3,-6.17980E-3,-5.14637E-3,-4.60730E-3,-4.76781E-3,-4.82427E-3,-4.70821E-3,-4.91847E-3,-4.60957E-3,-4.46209E-3,-4.22626E-3,-4.43551E-3,-4.86229E-3,-4.93243E-3,-4.62999E-3,-4.82860E-3,-1.33915E-3,-3.33326E-3,-4.11102E-3,-4.29577E-3,-3.88360E-3,-4.20573E-3,-4.12733E-3,-3.84274E-3,-3.58058E-3,-3.72997E-3,-4.00659E-3,-3.65390E-3,-3.98114E-3,-3.84949E-3,-3.62882E-3,-3.75399E-3,-3.66300E-3,-3.50171E-3
1.37155E+3,NaN,NaN,NaN,NaN,NaN,-2.90268E-4,-3.34073E-4,3.57018E-4,7.78621E-4,-1.18592E-4,-3.96639E-4,-2.57899E-4,-3.21009E-6,2.51479E-4,2.66373E-4,2.08760E-4,1.51147E-4,-9.45501E-5,-3.58693E-4,-5.97483E-4,-3.88137E-4,-1.78791E-4,9.77649E-5,3.01145E-4,-5.11210E-4,1.57758E-4,1.89746E-4,5.37280E-4,-1.67638E-5,2.88388E-4,-2.59223E-4,4.08104E-6,-7.57686E-5,-3.17402E-4,-1.00117E-4,-7.22806E-4,-8.06347E-4,-1.51565E-3,-8.27600E-4,-6.31289E-4,-5.31229E-4,2.02248E-2,5.52886E-2,2.63585E-2,-1.15676E-1,-2.63951E-1,-3.21577E-1,-2.42226E-1,-6.35790E-2,6.44002E-2,5.67403E-2,1.12699E-2,7.10252E-3,9.51462E-3,8.62681E-3,8.88444E-3,8.25829E-3,8.01238E-3,7.60550E-3,7.09828E-3,6.91421E-3,6.13254E-3,6.19974E-3,6.34704E-3,6.07562E-3,4.73759E-3,4.39378E-3,3.84413E-3,4.35459E-3,3.76869E-3,3.00036E-3,2.89889E-3,1.83011E-3,1.46658E-3,8.65903E-4,9.17034E-4,5.91845E-4,-1.96570E-4,-4.40536E-4,-1.57114E-4,-1.13861E-3,-2.20287E-3,-1.47121E-3,-2.29547E-3,-2.68829E-3,-3.39250E-3,-3.76072E-3,-3.29566E-3,-4.03285E-3,-4.32485E-3,-4.35957E-3,-4.97145E-3,-4.69020E-3,-5.13013E-3,-5.32744E-3,-5.36475E-3,-5.58296E-3,-6.12344E-3,-6.15152E-3,-6.04966E-3,-6.09464E-3,-6.33890E-3,-5.61450E-3,-5.78845E-3,-5.61554E-3,-4.90207E-3,-4.67361E-3,-5.07776E-3,-4.92360E-3,-4.58671E-3,-4.80046E-3,-4.69942E-3,-4.58193E-3,-4.22383E-3,-4.98705E-3,-5.16201E-3,-5.21814E-3,-4.60710E-3,-4.90267E-3,-1.66118E-3,-3.33285E-3,-3.77037E-3,-4.26687E-3,-4.05418E-3,-4.42067E-3,-4.21075E-3,-3.89716E-3,-4.26056E-3,-3.84890E-3,-3.97752E-3,-4.28035E-3,-3.95941E-3,-3.93458E-3,-3.75230E-3,-3.81685E-3,-3.63327E-3,-3.31955E-3
1.37504E+3,NaN,NaN,NaN,NaN,NaN,-2.32145E-4,2.83597E-4,3.79195E-4,2.82230E-4,-3.16305E-4,8.70180E-5,1.05869E-5,-1.13823E-4,-2.38233E-4,-1.50813E-4,-5.82352E-5,2.33880E-5,2.39815E-5,2.45750E-5,2.39319E-5,1.98049E-5,1.56778E-5,2.71938E-5,-1.18042E-4,-4.19933E-4,-2.40418E-4,3.99113E-4,5.99337E-4,3.30132E-4,5.34112E-4,4.48286E-4,3.07686E-5,3.40571E-4,1.55066E-4,1.37174E-5,3.15654E-4,5.38299E-6,-8.07612E-4,-6.16711E-4,-1.84661E-3,-9.04649E-5,2.31388E-2,5.29881E-2,1.17826E-2,-1.26247E-1,-2.66905E-1,-3.14832E-1,-2.28804E-1,-5.52929E-2,6.07771E-2,5.39745E-2,1.31419E-2,6.81340E-3,9.81987E-3,8.83119E-3,8.86726E-3,8.58610E-3,7.83036E-3,7.40535E-3,7.35896E-3,7.12284E-3,6.41734E-3,6.61979E-3,6.32790E-3,5.57593E-3,4.89093E-3,4.64859E-3,4.17986E-3,3.79028E-3,3.46062E-3,3.21170E-3,2.70774E-3,1.77704E-3,1.29117E-3,1.01362E-3,8.10196E-4,3.30770E-4,-1.05354E-4,-1.34818E-4,-7.57916E-4,-1.59781E-3,-1.59350E-3,-1.81559E-3,-2.41250E-3,-2.81591E-3,-3.46635E-3,-3.66576E-3,-3.69159E-3,-4.26155E-3,-4.06212E-3,-4.39177E-3,-4.45319E-3,-4.26207E-3,-4.58703E-3,-4.92021E-3,-4.95403E-3,-5.78086E-3,-6.32974E-3,-6.35765E-3,-6.12817E-3,-6.05776E-3,-5.76572E-3,-5.87334E-3,-5.62179E-3,-5.77803E-3,-5.05650E-3,-4.71823E-3,-4.85248E-3,-4.96431E-3,-4.67353E-3,-4.65403E-3,-4.51529E-3,-4.06230E-3,-4.39551E-3,-4.45184E-3,-4.57455E-3,-4.61983E-3,-4.72132E-3,-4.45566E-3,-1.46835E-3,-3.11221E-3,-4.30202E-3,-4.25385E-3,-4.12126E-3,-4.20427E-3,-4.11425E-3,-3.71198E-3,-3.80914E-3,-3.66486E-3,-3.66554E-3,-3.71875E-3,-3.40547E-3,-3.26689E-3,-3.81833E-3,-3.43620E-3,-3.38563E-3,-3.18298E-3
1.37853E+3,NaN,NaN,NaN,NaN,-5.62576E-4,2.21386E-4,4.85770E-4,4.69071E-5,2.66700E-4,-6.11700E-4,1.65734E-4,2.12520E-4,2.59305E-4,3.00834E-4,3.18885E-4,3.36937E-4,2.51631E-4,-4.75609E-5,-3.46753E-4,-3.44894E-4,-1.71026E-6,3.41473E-4,2.91485E-4,4.54542E-5,-4.22224E-5,-3.12646E-4,-1.72752E-4,-2.50502E-4,5.74392E-5,1.75058E-4,2.27993E-4,1.50047E-4,1.15531E-4,2.25335E-4,4.64945E-4,9.59614E-4,9.04681E-4,3.78416E-4,1.15859E-3,-9.96324E-4,6.25309E-5,2.52025E-2,5.36317E-2,5.64528E-3,-1.34294E-1,-2.69662E-1,-3.14098E-1,-2.17611E-1,-4.11511E-2,6.55171E-2,5.03671E-2,1.20684E-2,7.48724E-3,9.37430E-3,8.76392E-3,8.56636E-3,8.42253E-3,8.03618E-3,7.24830E-3,7.24516E-3,7.27015E-3,6.53636E-3,6.00266E-3,5.82603E-3,5.32528E-3,4.72008E-3,4.78898E-3,4.38911E-3,3.49046E-3,3.30246E-3,3.11132E-3,2.49884E-3,2.12311E-3,1.52092E-3,1.06587E-3,6.97495E-4,5.79184E-5,-3.11336E-4,-2.21585E-4,-8.88145E-4,-1.46973E-3,-1.69767E-3,-1.94705E-3,-2.30350E-3,-2.90800E-3,-3.47944E-3,-3.29964E-3,-3.76188E-3,-4.46549E-3,-4.27134E-3,-4.61104E-3,-5.00480E-3,-5.14751E-3,-5.51996E-3,-5.41097E-3,-5.74472E-3,-6.08193E-3,-6.26673E-3,-6.47737E-3,-6.13277E-3,-5.93286E-3,-5.64075E-3,-5.77313E-3,-6.10135E-3,-5.80388E-3,-5.18425E-3,-5.11845E-3,-5.18805E-3,-4.65591E-3,-4.43219E-3,-4.54144E-3,-4.32644E-3,-4.27074E-3,-4.49261E-3,-4.77644E-3,-4.93048E-3,-5.07937E-3,-4.45040E-3,-4.44845E-3,-1.34882E-3,-3.30197E-3,-3.85821E-3,-3.80348E-3,-3.87701E-3,-4.12668E-3,-4.18225E-3,-3.85806E-3,-3.59981E-3,-3.57634E-3,-4.17590E-3,-4.10307E-3,-3.79003E-3,-3.53753E-3,-4.12738E-3,-3.74923E-3,-3.19026E-3,-3.23670E-3
1.38202E+3,NaN,NaN,NaN,NaN,-3.49624E-5,-5.86117E-4,9.84172E-5,-2.25654E-4,4.17391E-4,3.19245E-4,2.47913E-5,8.26567E-5,1.40522E-4,1.69959E-4,1.54550E-4,1.39140E-4,1.34139E-4,1.38337E-4,1.42536E-4,1.23477E-4,9.31535E-5,6.28298E-5,1.01020E-4,-2.96441E-4,1.11433E-4,-1.80684E-4,3.96010E-5,-1.42121E-4,4.87400E-4,-1.78764E-4,-6.15322E-5,-1.38525E-4,-1.64477E-5,-4.11402E-4,-1.68466E-4,3.00941E-4,1.15610E-3,3.32992E-4,2.07336E-3,-3.86006E-4,-5.82893E-4,2.63998E-2,5.67992E-2,5.18585E-3,-1.44173E-1,-2.79079E-1,-3.26162E-1,-2.11888E-1,-2.55776E-2,7.95383E-2,4.83355E-2,7.92479E-3,9.35591E-3,9.23796E-3,8.81456E-3,7.99547E-3,7.63832E-3,7.81760E-3,6.89046E-3,7.28299E-3,6.71233E-3,6.51808E-3,6.76486E-3,6.03372E-3,5.41984E-3,5.48120E-3,4.98312E-3,4.50838E-3,3.67738E-3,3.33991E-3,2.69072E-3,2.21702E-3,1.87893E-3,7.38694E-4,7.19167E-4,8.43693E-4,5.68316E-4,-3.92869E-4,-4.86553E-4,-1.12217E-3,-1.69404E-3,-1.83041E-3,-1.99432E-3,-2.36015E-3,-3.14379E-3,-3.35961E-3,-3.82198E-3,-4.01685E-3,-4.54586E-3,-4.68055E-3,-5.19246E-3,-4.91793E-3,-4.48138E-3,-5.37774E-3,-5.23537E-3,-5.98697E-3,-6.18555E-3,-6.13465E-3,-5.88437E-3,-6.09744E-3,-6.02368E-3,-6.13130E-3,-6.04371E-3,-5.72231E-3,-5.40199E-3,-5.16566E-3,-4.87189E-3,-4.69850E-3,-4.82603E-3,-4.68246E-3,-4.61225E-3,-4.77313E-3,-4.37818E-3,-4.62421E-3,-4.71378E-3,-5.06131E-3,-5.15458E-3,-4.55471E-3,-4.53548E-3,-7.93078E-4,-3.56191E-3,-4.08630E-3,-4.53076E-3,-4.32163E-3,-4.76346E-3,-3.90362E-3,-3.82275E-3,-3.60282E-3,-3.58070E-3,-3.89446E-3,-4.07474E-3,-3.79519E-3,-3.70236E-3,-3.60718E-3,-3.06282E-3,-3.11030E-3,-3.48902E-3
1.38552E+3,NaN,NaN,NaN,NaN,-1.05827E-5,-2.66669E-4,7.36603E-5,2.05360E-4,1.32000E-4,-5.57327E-4,4.35837E-4,3.07363E-4,1.78888E-4,1.69825E-4,2.43289E-4,3.16752E-4,1.87389E-4,-1.54096E-5,-2.18208E-4,-1.90514E-4,-1.30506E-4,-5.50514E-5,7.46343E-4,-1.45208E-4,2.01495E-4,2.02771E-4,3.15706E-4,-5.88505E-5,7.21389E-4,8.85783E-4,-2.98846E-4,-3.01117E-4,3.18180E-4,-2.48716E-4,-7.62214E-4,2.45799E-4,6.60221E-4,8.33122E-4,3.02782E-3,2.11792E-3,1.12169E-3,2.52235E-2,5.47602E-2,7.35590E-3,-1.53527E-1,-2.85614E-1,-3.35686E-1,-2.12706E-1,-1.25791E-2,9.71128E-2,4.58146E-2,9.30555E-4,1.04736E-2,8.14977E-3,8.19444E-3,7.93555E-3,8.20173E-3,7.69692E-3,7.40882E-3,8.06949E-3,6.51368E-3,6.13851E-3,6.51483E-3,6.02393E-3,4.84847E-3,5.19676E-3,4.76661E-3,4.22893E-3,4.41291E-3,3.59723E-3,3.25467E-3,2.77574E-3,1.31229E-3,8.62242E-4,1.14788E-3,1.33348E-3,-1.09811E-4,-3.77427E-4,-6.06599E-4,-8.80225E-4,-1.78838E-3,-1.44439E-3,-1.74644E-3,-2.55812E-3,-2.91472E-3,-3.70207E-3,-3.53475E-3,-4.01459E-3,-3.94137E-3,-4.20345E-3,-4.32028E-3,-5.26635E-3,-4.70191E-3,-5.40591E-3,-4.24254E-3,-5.07443E-3,-5.92769E-3,-6.24373E-3,-6.38343E-3,-5.78884E-3,-5.58223E-3,-5.84258E-3,-5.94551E-3,-5.92482E-3,-5.52484E-3,-5.11669E-3,-4.89903E-3,-4.66947E-3,-4.43013E-3,-4.39104E-3,-4.50234E-3,-4.47664E-3,-4.14699E-3,-4.33314E-3,-4.46028E-3,-4.59833E-3,-4.72846E-3,-4.65538E-3,-4.30748E-3,-1.20298E-3,-3.33473E-3,-4.05807E-3,-4.19028E-3,-3.86485E-3,-4.06675E-3,-3.91105E-3,-4.15150E-3,-3.80125E-3,-3.38307E-3,-3.28991E-3,-4.09217E-3,-3.94278E-3,-4.23399E-3,-3.36000E-3,-3.54680E-3,-3.49436E-3,-3.27381E-3
1.38901E+3,NaN,NaN,NaN,NaN,2.49085E-4,-3.00334E-4,2.55193E-4,-1.74900E-4,4.57514E-4,-2.94906E-4,-3.24736E-4,-2.26659E-4,-1.28582E-4,7.87407E-5,3.14573E-4,5.50405E-4,4.16725E-4,2.57738E-4,9.52759E-5,-1.07841E-4,-3.10957E-4,-3.98845E-4,-1.14011E-4,-5.27741E-6,-2.54626E-4,-6.73094E-4,-2.53793E-4,-3.84892E-4,2.17162E-4,1.45309E-4,-5.65222E-4,-1.51771E-4,-4.06876E-4,5.86259E-5,-1.63934E-4,-1.69811E-4,-1.70652E-4,3.36223E-4,2.20114E-3,3.36786E-3,5.66758E-3,2.67517E-2,4.65595E-2,-5.64102E-3,-1.53941E-1,-2.82408E-1,-3.22080E-1,-1.97873E-1,-1.01955E-2,9.37690E-2,4.69221E-2,2.69765E-3,9.26961E-3,8.29943E-3,8.40973E-3,8.30210E-3,7.34235E-3,7.05759E-3,7.18040E-3,6.31200E-3,6.22596E-3,6.43243E-3,6.32471E-3,5.34492E-3,5.17124E-3,5.12936E-3,4.56068E-3,3.61105E-3,3.87078E-3,3.33146E-3,2.91019E-3,2.65762E-3,1.55200E-3,1.10056E-3,1.38080E-3,1.00861E-3,-2.22072E-4,-5.72709E-4,-4.77401E-4,-1.47161E-3,-1.98031E-3,-1.81104E-3,-2.34424E-3,-2.52655E-3,-2.82225E-3,-3.21312E-3,-3.56054E-3,-3.63785E-3,-4.30463E-3,-4.75752E-3,-5.33562E-3,-5.19559E-3,-5.56566E-3,-5.20307E-3,-5.24260E-3,-5.70734E-3,-6.13344E-3,-7.11061E-3,-6.51484E-3,-6.60089E-3,-6.21913E-3,-6.21928E-3,-6.49567E-3,-6.61295E-3,-6.01078E-3,-5.30054E-3,-5.54711E-3,-5.38531E-3,-5.22672E-3,-5.19002E-3,-4.71131E-3,-4.97403E-3,-4.99908E-3,-4.75639E-3,-5.28608E-3,-5.37170E-3,-4.72829E-3,-4.47714E-3,-4.49997E-3,-1.57774E-3,-4.06736E-3,-4.11251E-3,-4.49720E-3,-4.51159E-3,-4.49778E-3,-4.02725E-3,-3.77990E-3,-3.92937E-3,-3.62221E-3,-4.06254E-3,-4.30497E-3,-4.17100E-3,-3.92959E-3,-3.77065E-3,-3.62867E-3,-3.46913E-3,-3.51469E-3
1.39250E+3,NaN,NaN,NaN,NaN,-1.19591E-4,1.60323E-4,2.90825E-7,2.32280E-4,2.07062E-4,-2.57387E-4,-1.62545E-4,-1.19234E-4,-7.59242E-5,-1.37713E-4,-2.00228E-4,-2.65626E-4,-3.49333E-4,-4.33040E-4,-4.64421E-4,-3.60482E-4,-2.56544E-4,-1.07421E-4,-9.49932E-5,-1.51775E-4,-3.19905E-4,-5.82282E-4,-1.98964E-4,5.74235E-5,-3.27866E-4,-6.04865E-4,-2.71108E-4,-3.90796E-4,-2.37978E-4,1.31905E-4,-4.25711E-5,-1.22701E-4,-1.31549E-4,-2.69055E-5,1.89542E-3,3.73465E-3,8.74377E-3,2.81042E-2,4.33124E-2,-1.62810E-2,-1.57983E-1,-2.86236E-1,-3.13116E-1,-1.86404E-1,2.36340E-3,8.89153E-2,4.13935E-2,5.14869E-3,8.26127E-3,8.10052E-3,7.88217E-3,7.48589E-3,7.64045E-3,7.22522E-3,6.54401E-3,6.23518E-3,6.06610E-3,5.98183E-3,5.71427E-3,4.73537E-3,4.16163E-3,4.11209E-3,3.61807E-3,3.38324E-3,3.18288E-3,2.92734E-3,2.47682E-3,1.77658E-3,1.00622E-3,9.04135E-4,5.15783E-4,2.19979E-5,-3.36984E-4,-6.14001E-4,-4.46996E-4,-1.34473E-3,-1.74204E-3,-1.88008E-3,-2.57308E-3,-3.00862E-3,-3.38881E-3,-3.82446E-3,-4.06230E-3,-4.14728E-3,-4.59620E-3,-5.17892E-3,-5.29907E-3,-5.13389E-3,-5.37127E-3,-5.35004E-3,-5.55014E-3,-5.63218E-3,-5.92593E-3,-6.54411E-3,-6.63244E-3,-6.52376E-3,-6.35251E-3,-6.19261E-3,-5.94935E-3,-5.98057E-3,-5.80367E-3,-5.35212E-3,-5.37180E-3,-5.46094E-3,-4.94683E-3,-4.56948E-3,-4.80626E-3,-4.84437E-3,-4.65849E-3,-4.68563E-3,-5.13429E-3,-5.10138E-3,-5.85940E-3,-5.57390E-3,-4.66999E-3,-1.27222E-3,-4.15607E-3,-4.46543E-3,-4.88509E-3,-4.61014E-3,-4.28312E-3,-3.68943E-3,-3.85012E-3,-4.24388E-3,-4.12951E-3,-3.76492E-3,-3.88717E-3,-3.74468E-3,-3.63280E-3,-3.66044E-3,-3.55647E-3,-3.33403E-3,-3.43048E-3
1.39600E+3,NaN,NaN,NaN,NaN,-3.19252E-4,-3.08004E-4,4.55295E-4,2.82865E-4,2.81902E-4,-1.75215E-4,-2.56572E-4,-1.79878E-4,-1.32939E-4,-2.11527E-4,-2.90115E-4,-3.21190E-4,-2.57728E-4,-1.94267E-4,-9.41183E-5,4.62000E-5,1.86518E-4,-3.58161E-5,1.20226E-4,2.40307E-4,5.82972E-5,1.88578E-4,1.79354E-4,-3.59446E-6,2.40404E-4,2.00691E-5,-5.32367E-4,-5.24320E-4,-3.60016E-4,-7.23439E-6,3.88387E-6,-4.53104E-4,-4.07414E-4,-5.45247E-4,2.57228E-3,4.62371E-3,1.02229E-2,3.05064E-2,4.92104E-2,-2.20455E-2,-1.63093E-1,-2.96568E-1,-3.14013E-1,-1.79654E-1,1.99353E-2,8.92538E-2,3.58499E-2,6.79971E-3,8.13437E-3,8.62147E-3,8.13907E-3,8.02445E-3,7.38997E-3,7.41890E-3,7.20447E-3,6.67088E-3,6.09642E-3,5.79037E-3,5.72342E-3,4.92078E-3,4.57733E-3,4.28973E-3,3.86362E-3,3.83197E-3,3.20680E-3,2.71924E-3,2.48767E-3,2.01342E-3,1.48060E-3,9.61162E-4,6.09111E-4,2.42771E-5,-9.71823E-5,-2.00109E-4,-8.38007E-4,-1.44721E-3,-1.51586E-3,-1.72395E-3,-2.17731E-3,-3.10143E-3,-3.65263E-3,-3.43458E-3,-3.88718E-3,-4.46475E-3,-4.71075E-3,-4.99680E-3,-5.41763E-3,-5.26888E-3,-5.27612E-3,-5.39912E-3,-5.62912E-3,-5.40382E-3,-5.93742E-3,-6.29263E-3,-6.51594E-3,-6.03011E-3,-6.27671E-3,-6.32254E-3,-6.09664E-3,-5.98685E-3,-5.55949E-3,-5.21020E-3,-5.16145E-3,-5.36470E-3,-4.74075E-3,-4.50211E-3,-5.01159E-3,-5.16771E-3,-5.00015E-3,-5.02591E-3,-5.16457E-3,-5.01513E-3,-4.75007E-3,-4.98774E-3,-4.28843E-3,-1.60569E-3,-3.72952E-3,-3.92209E-3,-4.21382E-3,-4.63481E-3,-4.31210E-3,-4.73353E-3,-4.41871E-3,-4.61162E-3,-3.91791E-3,-3.78479E-3,-3.81880E-3,-3.82076E-3,-3.85851E-3,-3.92632E-3,-3.98701E-3,-3.65731E-3,-3.72893E-3
1.39949E+3,NaN,NaN,NaN,NaN,2.07881E-4,5.64567E-5,-4.36407E-8,-5.84955E-5,5.75136E-6,-1.68328E-4,-5.76182E-5,1.75367E-4,2.79089E-4,1.79370E-4,7.96500E-5,1.11909E-4,2.60561E-4,4.09212E-4,3.36400E-4,1.56585E-4,-2.32305E-5,1.72757E-4,-8.04454E-5,4.03726E-4,1.07218E-4,6.40173E-4,5.44354E-4,5.27686E-4,8.52247E-4,5.22851E-4,-1.24728E-4,3.62572E-4,1.49088E-4,-6.98257E-5,4.65770E-4,6.99471E-4,7.35223E-4,-2.70308E-4,2.84532E-3,4.38796E-3,1.03517E-2,3.15623E-2,5.84002E-2,-1.80086E-2,-1.61361E-1,-3.05597E-1,-3.19958E-1,-1.75547E-1,4.54428E-2,9.35851E-2,2.69167E-2,6.75843E-3,8.35000E-3,8.16621E-3,7.69700E-3,7.34955E-3,7.47003E-3,7.24099E-3,6.73117E-3,6.47791E-3,5.89393E-3,6.27377E-3,5.80724E-3,5.07036E-3,4.82814E-3,4.46821E-3,3.81768E-3,3.61410E-3,3.04975E-3,2.71674E-3,2.93414E-3,1.90044E-3,1.24848E-3,1.31935E-3,1.20859E-3,4.69831E-4,-6.53408E-4,-6.92075E-4,-5.61599E-4,-1.76413E-3,-1.46989E-3,-1.84860E-3,-2.55687E-3,-2.39838E-3,-3.18221E-3,-3.09267E-3,-3.93867E-3,-4.17126E-3,-4.34799E-3,-4.83853E-3,-4.91930E-3,-4.76830E-3,-4.78927E-3,-4.98255E-3,-5.72330E-3,-5.50889E-3,-5.82769E-3,-5.91216E-3,-6.21906E-3,-5.66855E-3,-5.78902E-3,-5.99662E-3,-5.98792E-3,-5.98278E-3,-5.33483E-3,-5.37023E-3,-5.46902E-3,-5.51206E-3,-5.30418E-3,-4.74044E-3,-4.73292E-3,-4.39305E-3,-4.24912E-3,-4.30407E-3,-4.55694E-3,-4.96869E-3,-5.03868E-3,-4.46350E-3,-4.12348E-3,-1.33191E-3,-3.90997E-3,-3.84858E-3,-4.70560E-3,-4.62302E-3,-3.90362E-3,-3.66705E-3,-4.28285E-3,-4.02316E-3,-3.87332E-3,-4.05263E-3,-3.91244E-3,-3.93391E-3,-4.19703E-3,-4.02436E-3,-3.49176E-3,-3.56630E-3,-3.46852E-3
1.40298E+3,NaN,NaN,NaN,NaN,-1.07118E-4,3.01425E-4,4.05426E-4,1.96622E-5,-1.51095E-4,-2.26025E-4,-4.19102E-4,-5.03947E-4,-3.88832E-4,-1.31187E-4,1.26459E-4,1.10412E-4,-8.56811E-6,-1.27548E-4,6.85347E-5,3.11881E-4,5.51876E-4,5.22355E-4,2.61874E-4,-1.07989E-4,-2.41107E-4,4.12142E-4,-1.28448E-4,-1.07833E-6,4.61145E-4,4.94522E-5,-2.55908E-4,-2.74226E-6,1.88508E-4,-3.36723E-4,-2.53205E-4,-2.63894E-4,8.01569E-4,-7.23605E-4,1.78960E-3,4.33988E-3,9.14748E-3,3.16568E-2,6.75054E-2,-1.20537E-2,-1.57762E-1,-3.17602E-1,-3.31373E-1,-1.71031E-1,7.75123E-2,1.08392E-1,1.93241E-2,3.49397E-3,9.39954E-3,7.48583E-3,7.29771E-3,7.41468E-3,7.28872E-3,6.82754E-3,6.26016E-3,5.45226E-3,5.30916E-3,5.50028E-3,4.42375E-3,5.03514E-3,4.82238E-3,3.82664E-3,3.15232E-3,3.99249E-3,2.49730E-3,2.38100E-3,1.97906E-3,1.21247E-3,5.88772E-4,3.80500E-4,4.83050E-4,-7.53700E-4,-6.08574E-4,-9.51492E-4,-9.13721E-4,-2.16767E-3,-2.16802E-3,-2.67218E-3,-3.04729E-3,-2.97425E-3,-3.62493E-3,-3.90153E-3,-3.95968E-3,-4.37557E-3,-4.59733E-3,-4.94463E-3,-5.44091E-3,-5.32657E-3,-5.04396E-3,-6.17246E-3,-5.89342E-3,-6.14631E-3,-6.59476E-3,-6.20880E-3,-6.41050E-3,-6.46573E-3,-6.46674E-3,-6.22414E-3,-6.42508E-3,-6.04624E-3,-6.05347E-3,-5.81721E-3,-5.48428E-3,-5.55783E-3,-4.88026E-3,-4.85094E-3,-5.07593E-3,-5.24377E-3,-5.07148E-3,-4.72642E-3,-5.19269E-3,-5.76315E-3,-5.11480E-3,-5.09076E-3,-5.10679E-3,-1.51479E-3,-4.31768E-3,-4.90774E-3,-5.04908E-3,-4.88385E-3,-4.58437E-3,-4.43257E-3,-4.38229E-3,-4.36915E-3,-4.13788E-3,-4.14391E-3,-4.39688E-3,-4.54748E-3,-4.34323E-3,-3.42713E-3,-3.27594E-3,-3.76834E-3,-4.35572E-3
1.40648E+3,NaN,NaN,NaN,NaN,3.38510E-4,4.44488E-4,6.11217E-5,-3.33538E-4,-2.02337E-4,-2.58433E-4,-8.44604E-5,1.17336E-4,1.96455E-4,2.40487E-4,2.84520E-4,5.23773E-4,7.79896E-4,9.99615E-4,6.80845E-4,3.62075E-4,1.75724E-4,3.40896E-4,-3.53674E-5,-9.20529E-5,4.83516E-5,8.87300E-5,1.05591E-4,5.21244E-5,-2.12439E-4,8.02241E-5,-2.49755E-4,5.97092E-4,2.05264E-4,-4.22101E-4,2.79511E-5,2.37098E-4,2.98338E-4,-2.81630E-4,8.03737E-4,4.57233E-3,1.14035E-2,3.40803E-2,5.39952E-2,-2.02519E-2,-1.67355E-1,-3.09027E-1,-3.16363E-1,-1.54084E-1,7.11111E-2,9.72781E-2,2.27641E-2,2.33681E-3,8.77120E-3,7.62977E-3,7.38780E-3,6.97194E-3,6.96098E-3,6.59089E-3,6.31130E-3,5.95792E-3,5.44748E-3,5.74601E-3,4.51963E-3,4.72741E-3,4.09025E-3,3.97299E-3,3.37935E-3,3.36419E-3,2.76917E-3,2.14883E-3,1.79666E-3,2.86294E-4,1.12256E-3,2.45174E-4,6.10893E-5,-5.85518E-4,-4.08075E-4,-8.43705E-4,-1.23584E-3,-1.98621E-3,-2.09647E-3,-2.34334E-3,-2.65466E-3,-2.43178E-3,-3.68741E-3,-4.11911E-3,-4.12288E-3,-3.84782E-3,-5.00217E-3,-5.53366E-3,-5.39691E-3,-6.08675E-3,-5.25505E-3,-5.33878E-3,-5.72722E-3,-5.74844E-3,-6.74677E-3,-6.44274E-3,-7.03970E-3,-6.89693E-3,-6.31919E-3,-6.26627E-3,-6.30782E-3,-6.12941E-3,-5.70648E-3,-5.95188E-3,-5.34292E-3,-5.91447E-3,-5.41809E-3,-5.20140E-3,-5.20220E-3,-4.84622E-3,-4.66251E-3,-4.62533E-3,-5.22991E-3,-5.77885E-3,-5.38814E-3,-4.63186E-3,-4.56162E-3,-1.89412E-3,-3.94067E-3,-4.55112E-3,-5.19772E-3,-5.00458E-3,-4.17689E-3,-3.81693E-3,-4.88805E-3,-4.51415E-3,-4.08286E-3,-4.54967E-3,-4.41563E-3,-4.50442E-3,-4.79418E-3,-4.26461E-3,-3.85380E-3,-3.39081E-3,-3.94707E-3
1.40998E+3,NaN,NaN,NaN,NaN,-2.20904E-4,2.84941E-4,6.75496E-4,4.16570E-4,-3.98870E-4,-3.36967E-4,2.57904E-4,4.60296E-4,1.60942E-4,-1.54019E-4,-4.38518E-4,-4.83163E-4,-5.27807E-4,-5.06601E-4,-2.93557E-4,-8.05134E-5,1.70077E-4,3.33905E-4,2.00608E-4,-1.01541E-4,-2.51388E-4,-8.56003E-5,5.97974E-5,5.83752E-5,-2.24282E-4,-3.11526E-4,-1.52471E-4,-1.02837E-4,6.35085E-6,-1.66919E-4,-4.01812E-4,-2.23607E-4,1.32837E-4,1.82488E-4,1.36247E-3,4.75427E-3,1.22048E-2,3.88925E-2,5.20464E-2,-1.83912E-2,-1.67105E-1,-3.05629E-1,-3.07291E-1,-1.31975E-1,6.93532E-2,8.81575E-2,2.33374E-2,2.86995E-3,8.68801E-3,7.31792E-3,6.96848E-3,6.80457E-3,6.75706E-3,6.54732E-3,5.99961E-3,5.32112E-3,5.38260E-3,5.37941E-3,4.63712E-3,4.16401E-3,3.77080E-3,3.42030E-3,3.31232E-3,2.89973E-3,2.14461E-3,2.08334E-3,1.64232E-3,8.13299E-4,2.62754E-4,-1.62567E-4,-4.92966E-4,-8.42408E-4,-9.58603E-4,-1.13265E-3,-1.40578E-3,-2.03923E-3,-2.47439E-3,-2.73269E-3,-2.99200E-3,-3.32943E-3,-3.61186E-3,-3.65069E-3,-4.32409E-3,-4.91704E-3,-5.27292E-3,-5.44239E-3,-5.82386E-3,-5.44758E-3,-5.03212E-3,-5.77227E-3,-6.00657E-3,-6.01032E-3,-6.53169E-3,-6.89314E-3,-6.42154E-3,-6.76024E-3,-6.48638E-3,-6.28248E-3,-5.86839E-3,-6.29322E-3,-6.26246E-3,-6.28746E-3,-5.38937E-3,-5.53943E-3,-5.44267E-3,-5.47582E-3,-5.43336E-3,-4.92120E-3,-5.40264E-3,-4.99555E-3,-5.68630E-3,-5.99638E-3,-5.91372E-3,-5.25535E-3,-5.16509E-3,-2.11013E-3,-5.05138E-3,-4.91096E-3,-5.25997E-3,-5.20272E-3,-4.48492E-3,-5.08324E-3,-5.11535E-3,-4.87798E-3,-4.65342E-3,-4.07019E-3,-4.21013E-3,-4.05151E-3,-4.52862E-3,-4.60007E-3,-4.41886E-3,-3.91706E-3,-4.04107E-3
1.41347E+3,NaN,NaN,NaN,NaN,-1.14192E-4,1.69826E-4,4.18839E-4,1.55344E-4,-5.29630E-5,-2.09285E-4,-5.63456E-4,-6.32503E-4,-2.83153E-4,6.61974E-5,2.59170E-4,9.30902E-5,-7.29900E-5,-8.47033E-5,9.51378E-5,2.74979E-4,2.10336E-4,1.21389E-4,5.51703E-4,1.89352E-4,-1.19484E-4,1.63387E-4,4.13166E-4,1.69274E-4,4.02725E-4,6.65175E-5,1.78476E-4,3.46523E-4,4.06331E-6,9.32955E-6,-2.40627E-4,-2.14476E-4,6.59569E-5,-8.34242E-4,6.71791E-4,4.48811E-3,1.29724E-2,4.30513E-2,5.35429E-2,-1.76432E-2,-1.73203E-1,-3.09041E-1,-3.03870E-1,-1.06115E-1,7.60909E-2,8.18919E-2,2.03879E-2,4.78325E-3,8.34191E-3,6.98648E-3,6.95262E-3,6.41111E-3,6.12848E-3,6.35083E-3,5.61583E-3,5.11367E-3,5.19151E-3,4.68125E-3,3.89676E-3,3.91951E-3,3.53360E-3,3.14442E-3,3.13563E-3,2.78530E-3,2.46848E-3,1.93848E-3,1.01554E-3,4.05044E-4,1.09902E-4,-2.75036E-4,-5.42068E-4,-1.06030E-3,-1.32470E-3,-1.12265E-3,-1.76686E-3,-2.26091E-3,-2.54494E-3,-2.74494E-3,-3.15829E-3,-3.48035E-3,-3.69143E-3,-4.05038E-3,-4.44220E-3,-4.69518E-3,-5.24504E-3,-5.66443E-3,-5.93387E-3,-5.53390E-3,-5.74499E-3,-5.85430E-3,-5.90195E-3,-6.06757E-3,-6.59990E-3,-6.51248E-3,-6.86552E-3,-6.68159E-3,-6.69512E-3,-6.84605E-3,-6.65435E-3,-6.11270E-3,-6.34625E-3,-6.43176E-3,-6.07047E-3,-5.97787E-3,-5.39610E-3,-4.67665E-3,-4.58356E-3,-5.44698E-3,-4.99297E-3,-5.29505E-3,-5.62009E-3,-6.15147E-3,-6.30008E-3,-5.73147E-3,-5.57549E-3,-2.13931E-3,-5.35687E-3,-4.60698E-3,-5.56957E-3,-5.52489E-3,-5.05436E-3,-4.85057E-3,-4.52534E-3,-4.35299E-3,-4.56198E-3,-4.59260E-3,-4.66536E-3,-4.27448E-3,-4.70871E-3,-4.36159E-3,-4.24740E-3,-4.57613E-3,-3.82782E-3
1.41697E+3,NaN,NaN,NaN,NaN,1.27390E-4,5.11150E-4,1.96696E-5,-1.44460E-4,-3.97475E-5,6.86998E-5,-2.63459E-4,-3.46227E-4,-2.83944E-4,-2.21660E-4,-1.52215E-4,-7.53932E-5,1.42893E-6,-1.40694E-6,-4.99428E-5,-9.84786E-5,2.92809E-5,5.76414E-5,4.46484E-4,3.36763E-4,1.51136E-4,-1.72126E-4,4.93806E-4,2.35440E-4,-2.94895E-4,-5.30146E-4,7.84261E-5,3.45177E-5,1.06099E-4,2.88590E-4,-5.05875E-5,-3.21001E-4,-2.41271E-5,-1.03759E-3,7.05363E-4,4.16796E-3,1.30759E-2,4.65839E-2,5.97423E-2,-1.34315E-2,-1.79759E-1,-3.19140E-1,-3.09377E-1,-8.26187E-2,8.93608E-2,8.00711E-2,1.27830E-2,6.00188E-3,7.21141E-3,6.49405E-3,5.95941E-3,5.86094E-3,6.24786E-3,5.24532E-3,4.64460E-3,4.48938E-3,4.36827E-3,3.74689E-3,3.62685E-3,3.58184E-3,3.16488E-3,2.09277E-3,2.29475E-3,2.27163E-3,1.74007E-3,1.38254E-3,3.15954E-4,2.22177E-4,-1.15584E-4,-5.39686E-4,-9.08410E-4,-1.44855E-3,-1.45706E-3,-1.71607E-3,-2.46432E-3,-2.52169E-3,-2.64449E-3,-2.90187E-3,-3.46700E-3,-3.33965E-3,-3.89260E-3,-4.60909E-3,-5.20315E-3,-5.69990E-3,-5.68369E-3,-5.77687E-3,-6.32847E-3,-5.54001E-3,-5.74120E-3,-6.15206E-3,-5.97180E-3,-6.26963E-3,-7.21831E-3,-6.57308E-3,-7.16729E-3,-7.29133E-3,-6.87009E-3,-6.56271E-3,-6.58910E-3,-6.84697E-3,-6.42372E-3,-5.97367E-3,-5.81107E-3,-5.81753E-3,-5.46495E-3,-6.16176E-3,-5.80204E-3,-5.50139E-3,-5.53152E-3,-5.54734E-3,-5.61951E-3,-6.47364E-3,-5.76272E-3,-6.11911E-3,-5.80426E-3,-2.24874E-3,-5.19519E-3,-4.67389E-3,-5.35699E-3,-5.55137E-3,-5.33923E-3,-4.89875E-3,-5.56102E-3,-5.22338E-3,-5.14944E-3,-5.12658E-3,-5.08453E-3,-4.84565E-3,-5.39995E-3,-4.64489E-3,-4.95428E-3,-4.48748E-3,-4.63447E-3
1.42047E+3,NaN,NaN,NaN,NaN,1.00403E-4,-3.28283E-4,-2.13041E-4,-2.65053E-4,1.04379E-4,-4.36565E-5,-1.06603E-4,6.61035E-5,3.94627E-4,7.23151E-4,6.40225E-4,3.63936E-4,8.76477E-5,1.55449E-4,2.97178E-4,4.38906E-4,1.24876E-4,1.29166E-4,-9.64225E-5,-1.90145E-4,2.01295E-4,1.39325E-4,3.28580E-4,2.35087E-4,2.99222E-4,-1.83739E-4,-1.51068E-4,-1.63045E-4,-8.09526E-5,7.78567E-4,-1.87152E-4,-4.93424E-4,5.67946E-4,-1.49382E-3,6.87185E-5,3.68776E-3,1.17669E-2,4.59504E-2,6.81575E-2,-2.51509E-3,-1.77598E-1,-3.26654E-1,-3.15915E-1,-6.04198E-2,1.04666E-1,8.28467E-2,1.57190E-3,7.22017E-3,6.42976E-3,5.91353E-3,5.72707E-3,6.00083E-3,5.39892E-3,5.39758E-3,4.06990E-3,4.46939E-3,4.60405E-3,3.43838E-3,3.43225E-3,3.14697E-3,2.73677E-3,2.64978E-3,2.25850E-3,1.85615E-3,1.27177E-3,9.33056E-4,4.04008E-4,-3.11111E-4,-3.05435E-4,-8.49303E-4,-1.06037E-3,-1.23410E-3,-2.13311E-3,-1.43046E-3,-3.00802E-3,-2.20150E-3,-3.37879E-3,-2.94740E-3,-3.39046E-3,-3.67877E-3,-4.19188E-3,-4.71565E-3,-4.68616E-3,-6.06943E-3,-5.76202E-3,-6.43716E-3,-6.72830E-3,-6.13463E-3,-6.05465E-3,-5.83047E-3,-6.45018E-3,-6.60146E-3,-7.43398E-3,-6.91671E-3,-7.36885E-3,-7.13416E-3,-7.33121E-3,-7.60392E-3,-7.12670E-3,-6.80983E-3,-6.59722E-3,-6.28008E-3,-6.24714E-3,-6.63081E-3,-5.65165E-3,-5.93831E-3,-5.53448E-3,-6.04465E-3,-6.10752E-3,-5.77020E-3,-5.98895E-3,-6.25597E-3,-6.74270E-3,-6.14099E-3,-5.91259E-3,-2.58539E-3,-5.62464E-3,-5.44301E-3,-5.57883E-3,-5.81737E-3,-5.75763E-3,-5.29139E-3,-5.49517E-3,-5.19005E-3,-5.56154E-3,-4.58881E-3,-4.97414E-3,-5.01427E-3,-5.50074E-3,-4.79987E-3,-5.21688E-3,-5.07413E-3,-4.17365E-3
1.42396E+3,NaN,NaN,NaN,NaN,-3.17370E-5,1.78196E-4,6.36010E-5,4.36396E-4,2.09420E-4,-4.95940E-4,-4.43810E-4,-3.10191E-4,-1.43982E-4,2.22273E-5,1.63485E-4,3.00899E-4,4.34292E-4,1.42884E-4,-1.48524E-4,-3.59219E-4,-1.00515E-4,1.75466E-4,1.63561E-5,1.62968E-4,-4.38468E-4,1.60308E-4,9.09032E-5,5.11092E-4,-1.81801E-4,-8.59611E-4,-2.76530E-4,-1.09535E-4,-2.04293E-4,-2.22454E-4,-1.47392E-5,-2.35879E-4,3.51691E-4,-8.38048E-4,2.88860E-5,3.98445E-3,1.38351E-2,4.59209E-2,6.79489E-2,-1.60892E-3,-1.74528E-1,-3.17931E-1,-2.95771E-1,-6.05917E-2,9.66917E-2,8.27315E-2,1.49116E-3,6.17750E-3,6.53549E-3,5.94551E-3,5.32294E-3,5.16180E-3,5.17711E-3,4.32912E-3,4.02119E-3,4.05623E-3,4.09892E-3,3.01403E-3,2.86912E-3,2.97818E-3,2.85845E-3,2.23959E-3,2.21446E-3,1.85701E-3,1.54984E-3,5.42622E-4,8.95188E-6,5.83687E-5,-8.04143E-4,-1.61394E-3,-1.32278E-3,-2.00249E-3,-2.56649E-3,-2.58441E-3,-2.57309E-3,-2.78330E-3,-3.47434E-3,-3.72023E-3,-4.15996E-3,-4.36456E-3,-4.91010E-3,-5.26882E-3,-5.26339E-3,-6.14644E-3,-5.40010E-3,-5.93197E-3,-6.33893E-3,-6.56255E-3,-6.62839E-3,-6.57105E-3,-6.85337E-3,-7.28183E-3,-7.26804E-3,-7.21259E-3,-7.30906E-3,-7.47076E-3,-7.64540E-3,-8.45864E-3,-7.39957E-3,-7.08872E-3,-6.51066E-3,-7.27683E-3,-6.66589E-3,-6.87126E-3,-5.87330E-3,-6.26505E-3,-5.95744E-3,-6.02170E-3,-6.24432E-3,-6.41996E-3,-6.57768E-3,-6.28453E-3,-7.13551E-3,-6.62058E-3,-5.99934E-3,-2.91832E-3,-5.82479E-3,-5.26073E-3,-6.28977E-3,-6.35732E-3,-6.30156E-3,-5.80413E-3,-5.74489E-3,-5.17518E-3,-5.54453E-3,-5.61464E-3,-5.96214E-3,-5.15824E-3,-5.82794E-3,-5.18250E-3,-5.15048E-3,-5.84015E-3,-5.07301E-3
1.42746E+3,NaN,NaN,NaN,NaN,2.00315E-4,-1.92758E-4,5.03458E-5,4.01024E-4,2.85463E-4,1.52845E-4,-4.73785E-4,-4.29788E-4,-3.58674E-4,-2.85417E-4,-1.72525E-4,-5.96320E-5,3.42580E-5,4.92744E-5,6.42907E-5,1.65741E-4,2.77575E-4,2.32604E-4,4.48752E-5,-4.48639E-4,1.70006E-5,-3.83979E-5,-1.92536E-4,2.43008E-4,5.51834E-4,-1.91514E-4,-5.27660E-4,-3.48301E-4,-2.63931E-4,2.51298E-4,1.16171E-4,2.77388E-4,3.76964E-4,-1.25787E-4,3.25946E-4,4.07147E-3,1.60286E-2,4.88619E-2,6.87419E-2,-4.94082E-3,-1.71334E-1,-3.08396E-1,-2.69413E-1,-5.55847E-2,8.98285E-2,7.64074E-2,5.80715E-3,5.50127E-3,6.77846E-3,5.60680E-3,4.96957E-3,4.94622E-3,5.02106E-3,4.19851E-3,3.78615E-3,4.18179E-3,3.74299E-3,3.30476E-3,3.07364E-3,2.75919E-3,1.86730E-3,2.01458E-3,1.94210E-3,1.18069E-3,4.29114E-4,1.04459E-4,-2.55743E-4,-6.83422E-4,-8.19629E-4,-1.31135E-3,-1.62841E-3,-2.12838E-3,-2.35289E-3,-2.87058E-3,-3.38613E-3,-3.63191E-3,-4.07010E-3,-4.49145E-3,-4.51272E-3,-4.75345E-3,-5.48027E-3,-6.08727E-3,-5.90050E-3,-6.18536E-3,-6.47519E-3,-6.75868E-3,-7.06473E-3,-6.49440E-3,-6.80291E-3,-6.99821E-3,-6.98329E-3,-7.18111E-3,-7.80843E-3,-7.29684E-3,-7.63210E-3,-8.17152E-3,-8.14419E-3,-7.68469E-3,-7.99701E-3,-7.51218E-3,-7.55002E-3,-7.04541E-3,-7.24916E-3,-6.95329E-3,-6.64488E-3,-6.85731E-3,-6.13144E-3,-6.54970E-3,-6.92430E-3,-6.60081E-3,-6.71264E-3,-6.76347E-3,-7.65241E-3,-7.10705E-3,-6.43839E-3,-3.96075E-3,-6.75845E-3,-6.01045E-3,-6.51950E-3,-7.45653E-3,-6.89204E-3,-6.57426E-3,-6.46293E-3,-6.25220E-3,-6.00445E-3,-5.79817E-3,-6.15542E-3,-5.74169E-3,-6.86209E-3,-6.04605E-3,-5.95752E-3,-6.32915E-3,-6.08465E-3
1.43096E+3,NaN,NaN,NaN,-4.29344E-4,2.13411E-4,5.82960E-5,4.01322E-4,5.60440E-5,4.93294E-5,-3.31906E-4,9.59649E-5,2.35299E-4,3.74633E-4,5.25058E-4,7.11665E-4,8.98272E-4,8.47671E-4,4.05875E-4,-3.59205E-5,-8.82395E-5,2.58092E-4,5.52539E-5,-1.02770E-5,1.22380E-4,2.66795E-4,4.15644E-4,3.71205E-4,2.96021E-4,1.15394E-4,3.95665E-5,3.40481E-4,2.69316E-4,-1.03336E-4,-3.68403E-4,-1.74853E-4,4.48459E-5,-3.49860E-4,-7.83250E-4,5.86798E-4,3.59826E-3,1.59111E-2,5.09748E-2,6.96153E-2,-1.04716E-2,-1.78323E-1,-3.11926E-1,-2.52583E-1,-4.94189E-2,8.77602E-2,6.41310E-2,7.11961E-3,4.58571E-3,6.44295E-3,5.38562E-3,5.19460E-3,5.06187E-3,4.31829E-3,3.84152E-3,3.77435E-3,3.76090E-3,2.80656E-3,2.12136E-3,2.47823E-3,2.15255E-3,1.84253E-3,2.01691E-3,1.82279E-3,1.09360E-3,3.99683E-4,-4.77468E-5,-4.67002E-4,-9.33032E-4,-1.49720E-3,-1.76933E-3,-1.81602E-3,-1.96562E-3,-2.15578E-3,-2.70273E-3,-3.36829E-3,-3.72290E-3,-4.10374E-3,-4.22178E-3,-4.65675E-3,-5.15555E-3,-5.66497E-3,-6.28929E-3,-6.48876E-3,-6.51030E-3,-6.31586E-3,-6.84656E-3,-7.01328E-3,-6.74969E-3,-6.81053E-3,-6.74782E-3,-7.15212E-3,-7.49808E-3,-7.90952E-3,-7.25745E-3,-8.18554E-3,-8.04318E-3,-8.23634E-3,-8.18320E-3,-8.52321E-3,-7.29695E-3,-7.32545E-3,-7.13876E-3,-7.22506E-3,-7.06540E-3,-6.91269E-3,-6.90357E-3,-6.93297E-3,-5.78967E-3,-6.45044E-3,-6.46937E-3,-6.93903E-3,-6.83088E-3,-7.25811E-3,-7.03572E-3,-6.49206E-3,-3.74325E-3,-7.03156E-3,-6.59809E-3,-6.68093E-3,-6.08030E-3,-6.65313E-3,-6.39704E-3,-6.91735E-3,-5.82503E-3,-6.78274E-3,-6.10675E-3,-6.23690E-3,-6.13116E-3,-6.32017E-3,-6.12294E-3,-5.50879E-3,-5.75545E-3,-5.55216E-3
1.43446E+3,NaN,NaN,NaN,-5.25609E-4,-5.68957E-4,1.01226E-4,7.27092E-4,1.09235E-4,-1.19753E-4,2.40886E-4,-8.32792E-4,-6.27668E-4,-4.22543E-4,-2.43719E-4,-1.01738E-4,4.02429E-5,1.33912E-4,1.89527E-4,2.45141E-4,-2.77266E-4,-5.14651E-5,-1.08909E-4,-2.67662E-4,1.48451E-5,-7.55696E-6,3.45217E-4,3.70945E-4,-6.09428E-5,-3.42327E-4,-1.88417E-4,-2.29718E-4,-1.90839E-4,-4.63079E-4,-4.09889E-4,-6.39556E-4,-8.62192E-5,7.10569E-4,-5.15792E-4,7.75605E-4,2.58721E-3,1.52942E-2,5.51700E-2,7.63666E-2,-9.28110E-3,-1.83806E-1,-3.21816E-1,-2.43263E-1,-4.05816E-2,9.64848E-2,5.36323E-2,6.35347E-3,4.62864E-3,6.22121E-3,5.28186E-3,4.28871E-3,4.38974E-3,4.19732E-3,3.87044E-3,3.46175E-3,3.64164E-3,2.84937E-3,2.29031E-3,2.38655E-3,1.47267E-3,1.42948E-3,1.25669E-3,5.64363E-4,7.30324E-4,1.25846E-4,-2.53562E-4,-8.84473E-4,-1.14598E-3,-1.38486E-3,-1.67457E-3,-2.26603E-3,-2.62384E-3,-3.36342E-3,-3.37774E-3,-3.47730E-3,-4.10240E-3,-4.90283E-3,-4.66581E-3,-4.79577E-3,-5.54339E-3,-5.52514E-3,-5.84956E-3,-6.37384E-3,-6.99264E-3,-6.71793E-3,-7.15700E-3,-7.43123E-3,-7.00953E-3,-6.83443E-3,-6.84148E-3,-7.55442E-3,-8.06779E-3,-7.82718E-3,-7.55051E-3,-7.97939E-3,-8.52606E-3,-8.31284E-3,-8.00500E-3,-8.53960E-3,-7.97453E-3,-7.67215E-3,-6.80331E-3,-7.94845E-3,-7.88486E-3,-7.39932E-3,-7.13388E-3,-6.63292E-3,-6.44601E-3,-7.22374E-3,-7.09758E-3,-7.12030E-3,-7.15601E-3,-7.83204E-3,-7.72063E-3,-6.74194E-3,-3.97135E-3,-7.38179E-3,-7.31019E-3,-7.35724E-3,-6.64037E-3,-7.06145E-3,-6.70250E-3,-7.25713E-3,-6.67765E-3,-6.94292E-3,-6.49146E-3,-6.86581E-3,-6.49299E-3,-6.63354E-3,-6.10744E-3,-6.24900E-3,-6.17832E-3,-5.97207E-3
1.43796E+3,NaN,NaN,NaN,-1.00731E-4,-1.28249E-4,-1.80154E-4,-1.51692E-4,-9.42235E-6,2.55026E-4,2.74890E-4,-3.28050E-4,-2.77084E-4,-2.26119E-4,-2.71175E-4,-3.81050E-4,-4.90924E-4,-5.39831E-4,-5.67301E-4,-5.94771E-4,-5.62352E-4,-2.42611E-4,-3.22337E-4,-1.47505E-4,6.78756E-6,2.90102E-4,-2.85301E-4,-1.55402E-4,-1.43478E-4,-2.68454E-4,8.81536E-5,4.53891E-4,-3.84623E-4,-4.47957E-4,1.13563E-4,-1.91058E-4,4.47995E-4,6.57026E-4,-5.75926E-4,5.46197E-4,2.06464E-3,1.34191E-2,5.76016E-2,8.65027E-2,2.77176E-4,-1.84118E-1,-3.33908E-1,-2.41742E-1,-3.44270E-2,1.12665E-1,4.59533E-2,3.86039E-4,5.83627E-3,5.82863E-3,4.11765E-3,4.47279E-3,4.34887E-3,3.34175E-3,3.07442E-3,2.93726E-3,2.73594E-3,2.28974E-3,2.20689E-3,9.57028E-4,1.03047E-3,1.37481E-3,7.71406E-4,2.93704E-4,6.37702E-4,-3.05195E-4,-5.43033E-6,-1.20000E-3,-1.80459E-3,-2.43183E-3,-2.24982E-3,-2.12473E-3,-2.92561E-3,-3.33685E-3,-3.17226E-3,-3.89616E-3,-4.05602E-3,-5.00703E-3,-4.96076E-3,-5.49706E-3,-6.51277E-3,-6.76570E-3,-6.27421E-3,-6.55979E-3,-7.32728E-3,-7.46177E-3,-7.58482E-3,-7.39560E-3,-7.53229E-3,-7.39272E-3,-7.76467E-3,-7.78151E-3,-8.31075E-3,-8.66467E-3,-8.09102E-3,-8.27740E-3,-8.81576E-3,-8.38933E-3,-9.24238E-3,-9.06168E-3,-8.07510E-3,-7.41188E-3,-7.45446E-3,-7.99143E-3,-7.32511E-3,-7.71333E-3,-7.78283E-3,-7.57786E-3,-7.27055E-3,-7.44767E-3,-7.57302E-3,-7.19292E-3,-7.59463E-3,-8.06961E-3,-8.00355E-3,-7.53534E-3,-4.29409E-3,-7.67489E-3,-7.21412E-3,-7.34144E-3,-7.71408E-3,-7.41320E-3,-7.10989E-3,-7.61233E-3,-6.35687E-3,-6.88382E-3,-6.94181E-3,-7.03214E-3,-6.26854E-3,-7.30684E-3,-6.36408E-3,-6.41735E-3,-7.22367E-3,-6.63925E-3
1.44146E+3,NaN,NaN,NaN,6.44208E-5,3.72946E-4,3.94393E-6,-3.98638E-4,7.62948E-5,1.16550E-4,-3.01282E-4,-2.62290E-4,-1.42804E-4,-2.33168E-5,1.44857E-4,3.27078E-4,5.09298E-4,3.16938E-4,9.15391E-5,-1.26394E-4,-2.08441E-4,3.78742E-5,3.91416E-5,-3.89951E-4,3.15486E-5,-2.12110E-4,-1.04165E-4,6.93634E-4,3.00473E-4,-6.74393E-4,-1.70892E-4,4.78087E-4,-9.32471E-4,-6.20664E-4,-4.45047E-4,-6.25434E-4,5.44129E-5,-1.40341E-4,7.01688E-5,2.74648E-4,1.81938E-3,1.39023E-2,5.85520E-2,8.77166E-2,3.74665E-3,-1.86190E-1,-3.37486E-1,-2.42298E-1,-3.15441E-2,1.21278E-1,4.50464E-2,-4.71982E-3,6.79262E-3,5.16858E-3,3.73625E-3,4.69100E-3,3.60939E-3,3.42043E-3,3.63988E-3,3.13648E-3,2.57825E-3,1.36683E-3,1.57938E-3,1.65127E-3,1.61339E-3,1.18230E-3,8.08775E-4,1.62952E-4,4.61997E-4,-1.08148E-3,-7.69181E-4,-1.58446E-3,-1.56610E-3,-2.61097E-3,-2.57173E-3,-2.72883E-3,-2.80522E-3,-3.47727E-3,-3.11685E-3,-4.33592E-3,-4.75453E-3,-5.26669E-3,-4.84623E-3,-5.85459E-3,-6.01908E-3,-6.48832E-3,-6.87847E-3,-7.26207E-3,-7.11324E-3,-7.23435E-3,-7.58222E-3,-7.57613E-3,-7.51422E-3,-7.58811E-3,-8.04371E-3,-7.90028E-3,-9.18076E-3,-8.55993E-3,-7.52202E-3,-8.03807E-3,-9.04853E-3,-9.13859E-3,-9.06744E-3,-8.77648E-3,-8.70301E-3,-8.22725E-3,-8.06307E-3,-8.07274E-3,-7.60503E-3,-7.79102E-3,-7.36162E-3,-7.13327E-3,-7.62168E-3,-7.23874E-3,-6.93423E-3,-7.47547E-3,-8.01716E-3,-8.70902E-3,-8.63520E-3,-8.02551E-3,-4.68403E-3,-7.75450E-3,-7.91552E-3,-7.83003E-3,-7.64898E-3,-7.50661E-3,-7.75145E-3,-7.66948E-3,-6.36501E-3,-7.33042E-3,-6.92500E-3,-7.06683E-3,-6.87916E-3,-7.36959E-3,-6.53365E-3,-6.54323E-3,-7.31071E-3,-6.03921E-3
1.44497E+3,NaN,NaN,NaN,-1.99406E-4,1.72025E-4,1.63412E-4,2.10533E-4,-3.48254E-5,-6.05333E-5,-2.04769E-4,-9.87244E-5,1.83503E-5,1.35425E-4,3.66510E-4,6.03118E-4,7.74986E-4,3.41755E-4,-9.14752E-5,-3.68314E-4,-4.06155E-5,2.93753E-4,-1.43641E-4,1.99157E-4,1.78870E-4,4.32330E-4,1.80864E-4,2.04622E-4,3.85673E-4,-5.40386E-4,-1.23386E-5,2.79813E-4,2.67892E-5,-3.54249E-4,3.34831E-4,-7.95959E-5,-2.87387E-4,-2.74941E-4,-1.52569E-5,2.28783E-4,3.21463E-3,1.80837E-2,6.09295E-2,8.28607E-2,6.64806E-4,-1.83100E-1,-3.15883E-1,-2.30962E-1,-2.87763E-2,1.06049E-1,4.58666E-2,-3.40174E-3,6.33663E-3,5.05034E-3,3.80067E-3,4.10494E-3,3.53281E-3,3.32073E-3,2.79191E-3,2.36844E-3,1.94688E-3,1.32790E-3,1.26110E-3,1.02607E-3,1.38664E-3,7.01544E-4,3.21946E-4,-1.07029E-4,3.87246E-5,-5.44675E-4,-5.31420E-4,-1.84941E-3,-1.59085E-3,-2.01086E-3,-2.51547E-3,-3.07395E-3,-3.37976E-3,-3.51378E-3,-3.59804E-3,-4.90270E-3,-5.00766E-3,-5.25290E-3,-5.70409E-3,-6.45046E-3,-6.36643E-3,-6.90259E-3,-6.92398E-3,-7.89848E-3,-8.03054E-3,-7.58298E-3,-7.89583E-3,-7.89322E-3,-7.35307E-3,-7.69138E-3,-8.20951E-3,-8.69038E-3,-9.17357E-3,-8.87816E-3,-8.31455E-3,-8.46894E-3,-9.04281E-3,-8.94952E-3,-8.83797E-3,-9.27046E-3,-8.72064E-3,-8.55892E-3,-7.93251E-3,-7.97387E-3,-7.41915E-3,-8.47058E-3,-8.54909E-3,-7.73613E-3,-7.61196E-3,-7.67918E-3,-8.01222E-3,-7.73265E-3,-8.31480E-3,-8.63894E-3,-8.20355E-3,-7.79374E-3,-4.76916E-3,-8.07190E-3,-7.92567E-3,-8.29986E-3,-8.37924E-3,-7.60254E-3,-7.91474E-3,-7.72018E-3,-6.97655E-3,-7.33168E-3,-7.02925E-3,-8.02172E-3,-7.41412E-3,-7.96228E-3,-7.42104E-3,-7.03436E-3,-6.86875E-3,-6.50911E-3
1.44847E+3,NaN,NaN,NaN,1.67795E-4,2.50159E-4,1.10458E-4,5.33998E-5,4.05108E-5,-3.27335E-4,-3.12882E-4,-1.08877E-4,-2.72035E-4,-3.95790E-4,-2.56147E-4,-1.16504E-4,-8.84151E-5,-3.57421E-4,-6.26428E-4,-6.78886E-4,-2.78543E-4,1.35963E-5,-3.56388E-4,-8.44628E-4,-7.17820E-4,-2.99439E-4,-8.13665E-5,1.91495E-4,-7.03543E-5,-3.90550E-4,-1.43264E-4,-2.59883E-4,-7.92131E-4,-8.32213E-4,-4.01203E-4,-6.63574E-4,-4.86744E-4,-2.47709E-4,-1.19471E-4,-3.71297E-4,1.87879E-3,1.95343E-2,6.10449E-2,8.06101E-2,-3.70942E-3,-1.90659E-1,-3.08332E-1,-2.25020E-1,-2.28580E-2,9.19479E-2,4.10632E-2,-1.90398E-3,4.34129E-3,4.05488E-3,3.30358E-3,3.63261E-3,3.15991E-3,2.22603E-3,2.26989E-3,2.20398E-3,1.60997E-3,1.11661E-3,9.89295E-4,8.50260E-4,3.25572E-4,-6.28649E-6,-4.15649E-4,-3.66051E-4,-3.72410E-4,-1.01760E-3,-1.27362E-3,-1.71376E-3,-2.45738E-3,-3.17154E-3,-3.44364E-3,-3.35743E-3,-3.63161E-3,-4.05133E-3,-4.06454E-3,-4.54053E-3,-5.28737E-3,-5.78835E-3,-6.07655E-3,-6.46711E-3,-6.81409E-3,-7.20579E-3,-7.33983E-3,-7.97237E-3,-8.10744E-3,-8.23959E-3,-8.34195E-3,-7.91984E-3,-8.19377E-3,-8.36777E-3,-8.23637E-3,-8.99872E-3,-9.25268E-3,-9.32709E-3,-8.91140E-3,-9.38885E-3,-8.91178E-3,-8.95330E-3,-9.04428E-3,-9.02165E-3,-9.05419E-3,-9.11177E-3,-8.54500E-3,-8.65505E-3,-8.45321E-3,-8.55638E-3,-8.06809E-3,-8.04228E-3,-8.08814E-3,-7.90392E-3,-8.13480E-3,-8.03950E-3,-8.29691E-3,-8.47757E-3,-8.81733E-3,-8.16239E-3,-5.15112E-3,-8.25285E-3,-8.54623E-3,-8.61155E-3,-8.20456E-3,-8.08125E-3,-8.35120E-3,-8.26938E-3,-7.56503E-3,-8.08827E-3,-7.21794E-3,-8.24234E-3,-7.52658E-3,-7.97655E-3,-7.35451E-3,-7.82092E-3,-7.47721E-3,-7.33088E-3
1.45197E+3,NaN,NaN,NaN,8.27399E-5,2.13370E-4,1.24014E-4,9.24527E-5,-6.88177E-5,-2.47359E-4,-3.06266E-4,-4.47461E-4,-5.55125E-4,-5.80493E-4,-4.18421E-4,-2.56350E-4,-1.95469E-4,-2.59289E-4,-3.23108E-4,-6.02302E-4,-4.56574E-4,-2.23347E-4,-4.55848E-4,-6.58452E-4,-4.42421E-4,-9.18314E-5,1.51517E-4,-8.06498E-7,-4.98687E-4,-3.01373E-4,2.25562E-4,-2.55310E-4,-3.62049E-4,-3.20737E-4,-4.83251E-4,-3.39050E-4,-5.32955E-4,9.38235E-5,-2.99969E-4,-4.78164E-4,1.48874E-3,2.18036E-2,6.62482E-2,8.88587E-2,-4.34839E-3,-2.01569E-1,-3.13003E-1,-2.21865E-1,-8.70841E-3,8.83798E-2,3.35531E-2,3.23104E-4,4.25534E-3,4.00332E-3,3.64578E-3,3.53613E-3,2.81867E-3,2.12542E-3,2.15013E-3,1.95871E-3,1.41714E-3,1.09133E-3,9.16706E-4,6.51336E-4,2.30164E-4,-3.42126E-5,-1.42251E-4,-4.43673E-4,-1.13560E-3,-1.72985E-3,-2.30489E-3,-2.56764E-3,-2.89311E-3,-3.10348E-3,-3.36073E-3,-3.88293E-3,-4.38639E-3,-4.22776E-3,-4.52588E-3,-5.01775E-3,-5.65687E-3,-5.96558E-3,-6.66626E-3,-6.90957E-3,-7.02534E-3,-7.32829E-3,-7.83955E-3,-8.44288E-3,-8.37565E-3,-8.25573E-3,-8.63702E-3,-8.27033E-3,-8.18023E-3,-8.35797E-3,-8.63132E-3,-9.23652E-3,-9.13966E-3,-9.61645E-3,-8.78988E-3,-9.65433E-3,-9.92132E-3,-9.84239E-3,-9.39060E-3,-9.18853E-3,-9.39600E-3,-9.08457E-3,-8.81513E-3,-8.86370E-3,-8.38921E-3,-8.55343E-3,-8.74235E-3,-8.18822E-3,-8.10990E-3,-8.05467E-3,-8.44088E-3,-8.54538E-3,-9.06583E-3,-9.45541E-3,-8.94188E-3,-8.35113E-3,-5.29973E-3,-8.42499E-3,-8.05681E-3,-8.35958E-3,-8.76361E-3,-8.70497E-3,-8.78348E-3,-8.00811E-3,-7.66417E-3,-8.34027E-3,-8.09172E-3,-8.31889E-3,-7.69398E-3,-8.13472E-3,-7.84453E-3,-7.44699E-3,-7.59858E-3,-7.58370E-3
1.45547E+3,NaN,NaN,NaN,-2.07241E-5,2.18920E-4,-1.35514E-4,-1.52142E-4,2.87389E-4,1.42041E-4,-2.91179E-4,-5.16342E-4,-7.06731E-4,-6.06595E-4,-1.90129E-4,2.26336E-4,1.84376E-4,-1.36656E-4,-4.57687E-4,-8.12627E-4,-4.99992E-4,-3.46453E-5,-6.30329E-4,-5.47588E-4,-5.74156E-4,4.23017E-4,6.24261E-4,5.14907E-5,-1.60227E-4,-5.10517E-4,-3.15532E-4,-2.59524E-4,-5.01642E-4,-4.66542E-4,-6.36724E-4,-5.28553E-4,-1.01169E-3,-9.15463E-5,-8.59162E-4,-7.77490E-4,3.34416E-4,1.99242E-2,6.64568E-2,1.00722E-1,1.39682E-3,-2.09126E-1,-3.21128E-1,-2.20416E-1,4.69753E-3,8.80551E-2,2.31735E-2,1.26330E-3,4.72095E-3,3.47540E-3,3.12964E-3,2.69948E-3,2.55046E-3,1.94818E-3,2.06914E-3,1.63775E-3,8.88413E-4,1.34075E-3,1.03661E-3,1.06992E-4,1.55748E-4,-1.05078E-4,-4.78438E-4,-8.52740E-4,-1.81400E-3,-1.66437E-3,-2.17913E-3,-2.50334E-3,-2.82631E-3,-3.41415E-3,-3.52775E-3,-3.46278E-3,-3.97454E-3,-4.00758E-3,-4.69706E-3,-5.54876E-3,-6.10435E-3,-6.11138E-3,-6.94122E-3,-7.01222E-3,-7.15293E-3,-7.37877E-3,-7.99631E-3,-8.13772E-3,-8.33228E-3,-8.39945E-3,-8.66154E-3,-8.53731E-3,-8.50692E-3,-8.60083E-3,-8.66208E-3,-9.68512E-3,-9.44520E-3,-9.57830E-3,-8.86870E-3,-9.79512E-3,-1.00557E-2,-1.00213E-2,-9.70797E-3,-9.33592E-3,-9.15441E-3,-8.86382E-3,-9.06012E-3,-9.39122E-3,-8.68391E-3,-8.64340E-3,-9.01578E-3,-9.04891E-3,-8.60943E-3,-8.58019E-3,-8.33262E-3,-8.37583E-3,-9.01561E-3,-9.63026E-3,-9.18452E-3,-8.47839E-3,-5.84336E-3,-8.86111E-3,-8.80641E-3,-8.71138E-3,-9.15244E-3,-8.66452E-3,-8.93845E-3,-8.76992E-3,-7.21470E-3,-8.48650E-3,-7.34342E-3,-7.86959E-3,-8.19336E-3,-8.43765E-3,-7.84202E-3,-7.25925E-3,-8.01958E-3,-8.16005E-3
1.45898E+3,NaN,NaN,NaN,4.43506E-4,2.42453E-4,-1.63228E-4,-3.75488E-4,-5.76903E-5,-1.44027E-4,-8.86517E-5,1.77880E-4,1.39909E-4,4.67628E-5,-7.59574E-5,-1.98678E-4,-2.19161E-4,-2.13104E-4,-2.07047E-4,-1.06211E-3,-3.28275E-4,9.02075E-6,-8.87581E-4,-9.01276E-4,-7.00516E-4,2.97635E-4,-9.12465E-5,-1.09000E-4,-9.14668E-4,-3.51558E-4,1.49743E-4,-7.46275E-4,-6.31851E-4,-5.28008E-4,-6.25924E-4,-4.50875E-4,-1.25010E-3,-4.80884E-4,-8.74588E-4,-9.06366E-4,1.39153E-4,1.73368E-2,6.65100E-2,1.14493E-1,8.41775E-3,-2.23435E-1,-3.46323E-1,-2.24767E-1,2.13578E-2,1.00347E-1,1.31880E-2,-4.70803E-4,4.80630E-3,3.37113E-3,3.10590E-3,3.06049E-3,2.20712E-3,1.92333E-3,2.04300E-3,1.39575E-3,1.07584E-3,3.05857E-4,4.00448E-4,4.02906E-4,1.96514E-5,-1.47346E-4,-1.14572E-3,-1.28411E-3,-1.80352E-3,-1.80194E-3,-2.02757E-3,-2.40126E-3,-2.83797E-3,-3.15921E-3,-3.68292E-3,-3.52757E-3,-4.64154E-3,-4.38659E-3,-4.70521E-3,-5.44020E-3,-6.25534E-3,-7.10578E-3,-7.03075E-3,-7.30462E-3,-7.49270E-3,-7.23654E-3,-8.41538E-3,-8.61999E-3,-8.21100E-3,-8.90271E-3,-8.50544E-3,-8.37254E-3,-8.26770E-3,-8.93364E-3,-8.64567E-3,-1.02012E-2,-9.06422E-3,-1.00485E-2,-9.12017E-3,-9.87930E-3,-1.02660E-2,-1.01258E-2,-1.00100E-2,-9.93758E-3,-1.00615E-2,-9.42067E-3,-9.49455E-3,-9.17546E-3,-9.01292E-3,-9.19384E-3,-9.30563E-3,-8.71120E-3,-8.66076E-3,-8.63709E-3,-8.44358E-3,-8.97163E-3,-8.93653E-3,-9.17324E-3,-8.91990E-3,-8.70910E-3,-6.04749E-3,-8.98667E-3,-8.68099E-3,-9.31616E-3,-9.14961E-3,-8.74895E-3,-8.51995E-3,-8.51610E-3,-8.26834E-3,-8.68854E-3,-7.88288E-3,-8.23422E-3,-8.60942E-3,-8.82922E-3,-7.97161E-3,-8.21324E-3,-8.69621E-3,-8.21410E-3
1.46248E+3,NaN,NaN,NaN,2.72459E-4,1.92894E-4,2.08202E-4,-1.01850E-4,-2.08955E-4,-4.76435E-4,1.70145E-5,1.80988E-4,-1.57079E-5,-1.47871E-5,2.89142E-5,7.26154E-5,1.93903E-4,3.18013E-4,3.25367E-4,-4.72370E-4,-6.02804E-5,-6.14675E-4,-3.71950E-4,-3.22411E-4,1.61198E-5,-7.32869E-5,5.82011E-4,-6.62624E-5,-5.58432E-4,-6.25444E-5,-1.75488E-4,-6.99555E-4,-4.99000E-4,-3.02029E-4,-3.73636E-4,2.73208E-4,-1.17173E-4,-5.65400E-4,-5.57088E-4,-5.92374E-4,1.26877E-3,1.74346E-2,6.79985E-2,1.19051E-1,1.44728E-2,-2.18489E-1,-3.44860E-1,-2.17205E-1,1.98613E-2,9.89162E-2,1.33366E-2,-1.95370E-3,5.05786E-3,3.39187E-3,2.83611E-3,2.74120E-3,1.90637E-3,1.68272E-3,2.24648E-3,1.18533E-3,7.11882E-4,1.27817E-3,7.40840E-4,4.45816E-4,-4.78828E-4,-6.76723E-4,-5.57435E-4,-1.06983E-3,-1.96924E-3,-1.68558E-3,-2.47146E-3,-2.68940E-3,-2.75761E-3,-3.20505E-3,-3.20378E-3,-3.85277E-3,-4.32317E-3,-4.36103E-3,-5.08674E-3,-5.57044E-3,-5.91331E-3,-7.13660E-3,-7.56123E-3,-7.15913E-3,-7.78776E-3,-7.64526E-3,-8.32239E-3,-8.58723E-3,-7.95237E-3,-9.38936E-3,-8.90832E-3,-8.16560E-3,-8.58670E-3,-8.50890E-3,-8.58427E-3,-1.00629E-2,-9.57845E-3,-9.88765E-3,-9.27569E-3,-9.94638E-3,-1.00914E-2,-1.04074E-2,-1.00979E-2,-9.77349E-3,-9.79637E-3,-9.48084E-3,-9.32104E-3,-9.57442E-3,-9.25039E-3,-9.11389E-3,-9.18762E-3,-9.15963E-3,-8.83233E-3,-8.79737E-3,-8.97851E-3,-9.09785E-3,-9.07661E-3,-9.24532E-3,-9.31236E-3,-8.81350E-3,-6.05151E-3,-9.11298E-3,-9.25476E-3,-9.41415E-3,-9.14013E-3,-8.95851E-3,-9.20809E-3,-9.10212E-3,-8.37932E-3,-9.17402E-3,-8.02258E-3,-8.29080E-3,-8.10049E-3,-8.65953E-3,-8.14330E-3,-8.01007E-3,-8.67762E-3,-8.24353E-3
1.46599E+3,NaN,NaN,NaN,-1.78551E-4,1.21773E-4,2.29682E-4,2.87392E-4,2.58508E-4,-4.46803E-4,1.35287E-4,1.02462E-4,-1.92156E-4,-3.91892E-4,-5.90838E-4,-7.56959E-4,-7.12030E-4,-6.67101E-4,-7.70252E-4,-8.28138E-4,-1.19205E-4,-4.64158E-4,-9.66602E-4,-9.47119E-4,-6.50252E-4,-4.28479E-5,2.79482E-4,-1.63789E-4,-5.25983E-4,-4.74179E-4,-3.98736E-4,-6.40236E-4,-6.78864E-4,-3.38479E-4,-5.40354E-4,-1.25606E-4,-5.42495E-4,-5.83142E-4,-2.13359E-4,-1.26969E-3,1.60508E-3,1.98369E-2,7.37091E-2,1.13357E-1,2.97809E-3,-2.22441E-1,-3.37160E-1,-2.06802E-1,1.36674E-2,8.70102E-2,1.68372E-2,-2.38894E-3,3.94454E-3,2.55408E-3,2.65963E-3,2.39993E-3,9.52560E-4,9.09581E-4,1.30332E-3,4.96609E-4,7.66007E-4,5.37671E-4,-4.31163E-6,-6.21159E-4,-5.66919E-4,-8.88541E-4,-1.09865E-3,-1.95986E-3,-2.37881E-3,-2.52624E-3,-3.02799E-3,-3.20625E-3,-3.54087E-3,-3.95842E-3,-3.97541E-3,-4.57130E-3,-5.06402E-3,-5.33112E-3,-5.53606E-3,-6.38585E-3,-6.89171E-3,-7.20831E-3,-7.39898E-3,-8.23458E-3,-8.33543E-3,-8.47556E-3,-9.36815E-3,-9.23488E-3,-9.25971E-3,-9.56037E-3,-9.28757E-3,-9.29441E-3,-9.02031E-3,-8.93108E-3,-9.45247E-3,-1.05871E-2,-1.07035E-2,-1.07141E-2,-9.69279E-3,-1.05825E-2,-1.07035E-2,-1.05574E-2,-1.08179E-2,-1.07469E-2,-1.04628E-2,-1.00321E-2,-1.00576E-2,-9.99290E-3,-9.81873E-3,-9.83138E-3,-9.59491E-3,-9.58973E-3,-9.42536E-3,-9.12483E-3,-9.37569E-3,-9.22171E-3,-9.46413E-3,-1.00065E-2,-9.42146E-3,-8.68278E-3,-6.34764E-3,-9.11603E-3,-1.00957E-2,-1.01090E-2,-9.88849E-3,-9.93241E-3,-9.28732E-3,-9.97119E-3,-9.11275E-3,-1.02543E-2,-8.78199E-3,-9.04919E-3,-8.63251E-3,-9.57790E-3,-8.57461E-3,-8.88882E-3,-8.73156E-3,-8.70048E-3
1.46949E+3,NaN,NaN,NaN,-3.75301E-5,4.26193E-4,2.72221E-5,2.54522E-4,1.27317E-4,-4.89864E-4,-1.85297E-4,-1.47951E-4,-2.10647E-4,-1.51728E-4,-9.28091E-5,-8.43198E-5,-1.91833E-4,-2.99346E-4,-7.03905E-4,-7.16837E-4,-8.68457E-5,-4.39137E-4,-7.67817E-4,-5.49209E-4,-2.17403E-4,2.50622E-4,3.55819E-6,-2.78008E-4,-2.32123E-4,1.00439E-4,-3.28565E-4,-6.64794E-4,-3.26885E-4,-3.79703E-4,-1.85091E-4,-6.98610E-5,-7.22915E-4,-2.26735E-4,-6.49415E-4,-1.03982E-3,1.41039E-3,1.97591E-2,7.84272E-2,1.11782E-1,-7.73659E-3,-2.32808E-1,-3.29334E-1,-1.89550E-1,1.63270E-2,7.39645E-2,1.70919E-2,-9.44455E-4,3.69311E-3,2.49518E-3,2.95721E-3,2.52985E-3,1.13403E-3,1.10337E-3,1.20773E-3,5.06539E-4,2.31944E-4,2.28337E-4,1.04590E-4,-2.48644E-4,-6.98021E-4,-1.26831E-3,-1.67067E-3,-1.82131E-3,-1.88415E-3,-2.13377E-3,-3.06605E-3,-3.51110E-3,-3.88247E-3,-3.89449E-3,-3.97841E-3,-4.26579E-3,-4.70961E-3,-5.24617E-3,-5.65221E-3,-6.31644E-3,-6.86937E-3,-7.19684E-3,-7.33307E-3,-7.11282E-3,-7.65780E-3,-8.16343E-3,-8.88108E-3,-8.69171E-3,-8.81146E-3,-9.14323E-3,-9.07048E-3,-9.00108E-3,-8.96209E-3,-9.23452E-3,-9.65077E-3,-9.87761E-3,-9.89385E-3,-1.05307E-2,-9.84905E-3,-1.01029E-2,-1.05362E-2,-1.07739E-2,-1.05449E-2,-1.03650E-2,-1.00233E-2,-9.73407E-3,-1.01379E-2,-9.87088E-3,-9.39958E-3,-9.48867E-3,-9.24772E-3,-9.17910E-3,-9.12466E-3,-9.03130E-3,-9.56462E-3,-9.74515E-3,-9.47815E-3,-9.73479E-3,-9.57716E-3,-9.06138E-3,-6.21595E-3,-9.42762E-3,-9.67231E-3,-9.87414E-3,-9.65137E-3,-9.82519E-3,-9.62073E-3,-9.38532E-3,-8.96935E-3,-9.38789E-3,-8.32208E-3,-8.65571E-3,-8.80399E-3,-8.91281E-3,-8.35605E-3,-8.65309E-3,-8.71487E-3,-8.52153E-3
1.47300E+3,NaN,NaN,NaN,2.83111E-4,1.43928E-4,5.17427E-4,-2.54325E-4,-4.40208E-5,-6.21478E-4,-3.15649E-4,-2.53225E-4,-2.70301E-4,-2.27647E-4,-1.84993E-4,-1.32078E-4,-6.75993E-5,-3.12066E-6,-5.10112E-4,-7.77109E-4,-8.37359E-4,-8.28446E-4,-1.00110E-3,-8.04278E-4,-2.75484E-5,1.26894E-4,-2.36833E-4,-6.02534E-4,3.44308E-5,-2.50470E-4,-9.06838E-4,-6.50239E-4,-3.71772E-4,-5.61632E-4,-2.84119E-4,-4.15601E-4,-3.14733E-4,1.82356E-4,-8.00897E-4,-4.04428E-4,-3.46831E-4,1.94756E-2,8.78965E-2,1.23436E-1,-9.84547E-3,-2.49605E-1,-3.30807E-1,-1.79433E-1,2.38856E-2,6.60896E-2,1.44805E-2,-3.54512E-4,3.24189E-3,2.42273E-3,2.36556E-3,1.86831E-3,1.10188E-3,1.04320E-3,1.28941E-3,7.18070E-4,4.90913E-4,2.40560E-5,-7.21028E-4,-7.08184E-4,-7.92032E-4,-1.10183E-3,-1.42454E-3,-2.12977E-3,-2.49630E-3,-3.06878E-3,-3.18930E-3,-3.33152E-3,-3.92736E-3,-4.03041E-3,-4.51718E-3,-5.00050E-3,-5.38292E-3,-5.21311E-3,-5.36721E-3,-6.34235E-3,-6.90255E-3,-7.78742E-3,-8.05094E-3,-8.19718E-3,-8.27491E-3,-8.81589E-3,-9.15480E-3,-8.83393E-3,-9.31241E-3,-9.52628E-3,-9.38623E-3,-9.32606E-3,-9.64030E-3,-9.79260E-3,-1.03614E-2,-1.03724E-2,-1.01303E-2,-1.10632E-2,-1.03587E-2,-1.06754E-2,-1.08859E-2,-1.08451E-2,-1.05487E-2,-1.05650E-2,-1.04402E-2,-1.05063E-2,-1.07630E-2,-1.00136E-2,-9.28153E-3,-9.45521E-3,-9.56232E-3,-9.52012E-3,-9.48273E-3,-9.55862E-3,-9.75259E-3,-9.92797E-3,-1.01046E-2,-9.98860E-3,-9.45781E-3,-9.36938E-3,-6.22719E-3,-9.55984E-3,-9.86838E-3,-1.02073E-2,-9.43424E-3,-1.05062E-2,-9.91581E-3,-1.00348E-2,-9.09509E-3,-9.44835E-3,-8.04842E-3,-9.40209E-3,-9.34921E-3,-9.74854E-3,-9.32142E-3,-8.82760E-3,-9.09265E-3,-9.29106E-3
1.47651E+3,NaN,NaN,NaN,2.87731E-4,8.01873E-4,2.75960E-5,-9.71545E-5,-1.43743E-4,-7.46119E-4,-6.49370E-5,-4.86766E-4,-4.92854E-4,-2.44513E-4,3.82776E-6,4.66775E-5,-2.80757E-5,-1.02829E-4,-9.76948E-4,-7.11238E-4,-5.67046E-4,-9.50737E-4,-6.58920E-4,-7.51542E-4,-2.24386E-4,5.74293E-4,1.35955E-4,-6.78629E-4,-5.04377E-4,-4.74915E-4,-6.22684E-4,-8.25446E-4,-4.61339E-4,-1.82695E-4,1.21477E-4,-5.90811E-4,-6.91755E-4,3.24497E-4,-8.22725E-4,-8.35230E-5,-1.62212E-3,1.78428E-2,9.11230E-2,1.35722E-1,-8.97513E-3,-2.70545E-1,-3.35878E-1,-1.69941E-1,3.99503E-2,6.42612E-2,8.89190E-3,4.67103E-4,2.81238E-3,2.79443E-3,2.47790E-3,2.17845E-3,1.75590E-3,1.38836E-3,1.29494E-3,6.65255E-4,8.21960E-4,7.26475E-4,-3.98662E-4,-8.83678E-4,-1.09058E-3,-1.04377E-3,-1.49866E-3,-1.96119E-3,-2.04585E-3,-2.57275E-3,-2.92888E-3,-3.32800E-3,-4.10865E-3,-3.67564E-3,-3.95825E-3,-4.53396E-3,-5.13929E-3,-5.69256E-3,-5.84144E-3,-6.54255E-3,-7.61694E-3,-7.86226E-3,-7.85195E-3,-8.03051E-3,-7.81229E-3,-8.86457E-3,-9.42299E-3,-8.95707E-3,-9.42616E-3,-9.80567E-3,-8.96787E-3,-8.97317E-3,-9.45986E-3,-9.46730E-3,-1.08290E-2,-1.05775E-2,-1.02160E-2,-1.04338E-2,-1.00249E-2,-1.05492E-2,-1.08118E-2,-1.08442E-2,-1.09265E-2,-1.08594E-2,-1.04022E-2,-1.01412E-2,-1.04382E-2,-1.01967E-2,-9.94460E-3,-9.56665E-3,-9.40746E-3,-9.53251E-3,-9.43586E-3,-9.34197E-3,-9.63468E-3,-9.74801E-3,-1.00011E-2,-9.99258E-3,-9.69099E-3,-9.15628E-3,-6.40616E-3,-9.44256E-3,-1.00358E-2,-1.06597E-2,-9.95734E-3,-9.88101E-3,-1.03563E-2,-9.66035E-3,-8.97992E-3,-8.93314E-3,-8.71226E-3,-9.51558E-3,-8.92562E-3,-9.54826E-3,-9.17367E-3,-9.36246E-3,-9.05171E-3,-9.59610E-3
1.48002E+3,NaN,NaN,NaN,7.64667E-5,1.31724E-4,-5.57185E-5,-5.09736E-5,-2.30548E-5,-1.62098E-4,4.45402E-4,-3.19860E-4,-2.84736E-4,-5.53797E-5,1.73976E-4,1.92924E-4,1.59477E-4,1.26031E-4,-1.54400E-4,1.46625E-4,-3.88352E-5,-9.41356E-4,-8.01364E-4,-6.15175E-4,3.37977E-5,3.89006E-4,2.61802E-4,-1.26635E-3,3.99049E-4,-5.21908E-4,-6.16853E-4,-5.58773E-4,-3.97823E-4,-3.14549E-5,-3.79820E-5,-9.85461E-5,-1.43097E-4,-2.44692E-6,-9.86835E-4,5.14687E-4,-3.46783E-3,1.43121E-2,9.54888E-2,1.58540E-1,-1.93022E-5,-2.96498E-1,-3.48156E-1,-1.67238E-1,5.67906E-2,6.87672E-2,1.95627E-3,1.58808E-3,2.90022E-3,2.60956E-3,2.41214E-3,1.75899E-3,4.11697E-4,9.87988E-4,1.09855E-3,7.53422E-4,3.75512E-4,-4.48992E-5,-9.26935E-4,-3.58132E-4,-1.49412E-3,-1.69700E-3,-1.97322E-3,-2.59025E-3,-2.16248E-3,-2.48645E-3,-3.27271E-3,-4.09780E-3,-4.18070E-3,-3.84569E-3,-4.11699E-3,-4.69885E-3,-5.75165E-3,-5.48125E-3,-5.98762E-3,-6.38260E-3,-7.17316E-3,-8.04795E-3,-7.99246E-3,-7.96878E-3,-8.32962E-3,-9.20860E-3,-9.53156E-3,-8.95781E-3,-9.34801E-3,-1.03096E-2,-9.36523E-3,-9.04206E-3,-9.55704E-3,-9.86336E-3,-1.08539E-2,-1.08587E-2,-1.04389E-2,-1.08414E-2,-1.02021E-2,-1.09872E-2,-1.08793E-2,-1.05505E-2,-1.09361E-2,-1.10010E-2,-1.05787E-2,-1.02143E-2,-1.02291E-2,-1.00916E-2,-9.75219E-3,-9.70017E-3,-9.66771E-3,-9.48104E-3,-1.00246E-2,-1.02755E-2,-1.00588E-2,-1.01564E-2,-9.97388E-3,-1.00922E-2,-9.98879E-3,-9.31666E-3,-7.25720E-3,-9.95891E-3,-1.00908E-2,-1.08948E-2,-9.96615E-3,-1.01708E-2,-1.04852E-2,-1.04732E-2,-9.74867E-3,-9.49865E-3,-8.99084E-3,-9.54739E-3,-8.54813E-3,-9.75460E-3,-9.06424E-3,-9.36079E-3,-8.95053E-3,-8.48901E-3
1.48352E+3,NaN,NaN,NaN,3.48447E-4,2.36014E-4,-4.07041E-4,1.99954E-4,3.38167E-4,-6.88846E-4,-2.21901E-4,-1.95309E-4,-2.55261E-4,-3.27523E-4,-3.99785E-4,-4.23995E-4,-4.46412E-4,-5.20031E-4,-9.37509E-4,-6.65825E-4,-4.92227E-4,-3.53832E-4,-9.33688E-4,-9.87013E-4,-5.45541E-4,-1.40248E-5,1.63270E-4,-1.70933E-5,1.42356E-4,-5.32307E-5,-1.21844E-3,-3.01901E-4,-5.80794E-4,-6.80854E-5,-2.75105E-4,-1.38236E-3,-3.91951E-4,-6.51653E-4,1.91276E-4,-1.20999E-4,-2.72392E-3,1.78610E-2,9.60502E-2,1.53560E-1,-1.12350E-2,-3.02761E-1,-3.42780E-1,-1.64605E-1,5.28733E-2,6.78289E-2,2.08582E-3,5.24187E-4,3.23276E-3,3.07216E-3,2.50030E-3,1.62567E-3,5.53802E-4,1.53613E-3,1.00355E-3,-1.36240E-5,6.71952E-4,3.59330E-4,-1.05749E-3,-6.78026E-4,-6.53848E-4,-1.55900E-3,-1.81499E-3,-1.85251E-3,-1.73549E-3,-3.45451E-3,-3.51528E-3,-3.32912E-3,-4.38449E-3,-4.12647E-3,-4.70077E-3,-4.79252E-3,-5.75088E-3,-5.00743E-3,-5.92019E-3,-7.09868E-3,-7.44891E-3,-8.60670E-3,-8.15171E-3,-8.30191E-3,-7.41439E-3,-9.03797E-3,-9.24029E-3,-9.08102E-3,-9.40095E-3,-9.62622E-3,-9.49693E-3,-9.58143E-3,-9.87984E-3,-9.81591E-3,-1.07740E-2,-1.05915E-2,-1.03453E-2,-1.03791E-2,-1.05110E-2,-1.11743E-2,-1.13506E-2,-1.13682E-2,-1.12842E-2,-1.11661E-2,-1.06405E-2,-1.04994E-2,-1.06596E-2,-1.03957E-2,-1.03977E-2,-1.03996E-2,-1.01389E-2,-9.54931E-3,-9.29421E-3,-1.00045E-2,-1.03064E-2,-1.02190E-2,-1.03591E-2,-1.00686E-2,-9.76832E-3,-9.50164E-3,-7.32755E-3,-9.56774E-3,-1.01212E-2,-1.05329E-2,-9.70266E-3,-1.02960E-2,-1.01984E-2,-1.00992E-2,-9.37375E-3,-9.76668E-3,-9.07963E-3,-9.87580E-3,-9.60521E-3,-9.83471E-3,-8.92528E-3,-9.32824E-3,-9.07679E-3,-9.19923E-3
1.48703E+3,NaN,NaN,NaN,3.49520E-4,6.41047E-5,2.90141E-4,9.49652E-5,-4.04438E-6,-5.90098E-4,-1.76839E-4,-9.25638E-5,-1.03557E-4,-1.15225E-4,-1.19545E-4,-7.29785E-5,-2.64125E-5,-2.25335E-4,-5.29974E-4,7.43690E-5,-7.77526E-4,-9.82745E-4,-1.03888E-3,-9.21265E-4,-3.15324E-4,-2.29044E-5,-2.82966E-4,-4.30083E-4,-2.42131E-5,-6.45359E-4,-5.22350E-4,-6.64464E-4,-7.22870E-4,-6.54438E-4,-7.27697E-5,-1.97495E-4,-5.26271E-4,-3.92572E-4,8.81884E-4,-6.29496E-4,-1.59859E-3,2.29139E-2,1.03190E-1,1.49104E-1,-2.10841E-2,-2.91785E-1,-3.26918E-1,-1.52686E-1,4.43099E-2,6.44570E-2,6.08309E-3,7.01700E-4,2.94227E-3,2.86916E-3,2.54663E-3,2.01977E-3,1.11151E-3,1.60803E-3,1.28735E-3,8.07111E-4,5.25697E-4,-2.88422E-4,-1.12130E-3,-7.73648E-4,-1.02128E-3,-1.49401E-3,-1.73540E-3,-1.75185E-3,-1.96118E-3,-3.00210E-3,-3.40630E-3,-4.08825E-3,-4.79844E-3,-4.09914E-3,-4.64829E-3,-5.37680E-3,-5.43003E-3,-5.95635E-3,-6.70707E-3,-7.35040E-3,-7.46172E-3,-8.13003E-3,-8.29830E-3,-8.52011E-3,-8.79726E-3,-9.65616E-3,-1.00888E-2,-9.25838E-3,-9.48384E-3,-1.00773E-2,-9.38778E-3,-9.54809E-3,-1.02147E-2,-1.04483E-2,-1.08472E-2,-1.08848E-2,-1.08360E-2,-1.04061E-2,-1.05085E-2,-1.11232E-2,-1.13508E-2,-1.19672E-2,-1.15179E-2,-1.13102E-2,-1.08453E-2,-1.11506E-2,-1.11019E-2,-1.03498E-2,-1.01884E-2,-1.03947E-2,-1.03620E-2,-1.00384E-2,-9.95003E-3,-9.98766E-3,-1.01680E-2,-1.04686E-2,-1.07459E-2,-1.06130E-2,-1.01990E-2,-1.01166E-2,-7.40176E-3,-9.99290E-3,-1.09059E-2,-1.05926E-2,-1.05169E-2,-1.06557E-2,-1.04152E-2,-1.05025E-2,-9.63990E-3,-1.01885E-2,-9.01875E-3,-9.81879E-3,-9.55993E-3,-9.90231E-3,-8.98942E-3,-9.42829E-3,-8.82522E-3,-9.65523E-3
1.49054E+3,NaN,NaN,-1.28549E-4,3.30017E-4,2.46841E-4,1.20589E-4,5.22044E-4,-1.68025E-4,-8.95965E-4,3.44826E-4,-3.01505E-4,-1.29223E-4,4.30591E-5,2.02801E-4,3.31413E-4,4.60024E-4,3.37633E-4,-1.22087E-4,-6.02202E-4,-9.40009E-4,-1.04727E-3,-1.14530E-3,-1.05136E-3,-3.85823E-4,1.23419E-4,-2.49080E-4,-3.80746E-4,-4.30599E-4,-7.96567E-4,-5.78044E-4,-6.97734E-4,-8.21760E-4,-1.92471E-4,-2.83234E-4,-5.64338E-4,-4.58231E-4,-9.57165E-5,7.90785E-5,-1.64147E-3,-2.06326E-3,2.55437E-2,1.10510E-1,1.44217E-1,-4.28396E-2,-2.91775E-1,-3.17693E-1,-1.41822E-1,3.97610E-2,5.56054E-2,7.15398E-3,3.78350E-4,2.79997E-3,2.52055E-3,2.23693E-3,1.29256E-3,1.15750E-3,1.28752E-3,7.48577E-4,3.09605E-4,4.23794E-4,-5.91999E-5,-9.29379E-4,-1.06694E-3,-1.13147E-3,-1.22613E-3,-2.05312E-3,-2.44697E-3,-2.59928E-3,-3.00729E-3,-3.54426E-3,-3.80565E-3,-3.93267E-3,-3.94013E-3,-4.28261E-3,-5.08845E-3,-6.02784E-3,-5.95163E-3,-6.45864E-3,-7.00569E-3,-7.69431E-3,-8.32151E-3,-8.79170E-3,-8.96766E-3,-8.95432E-3,-9.16066E-3,-9.25529E-3,-9.43078E-3,-9.59013E-3,-9.87571E-3,-1.01671E-2,-1.04415E-2,-1.04352E-2,-1.05393E-2,-1.10490E-2,-1.08715E-2,-1.10138E-2,-1.06023E-2,-1.07746E-2,-1.12396E-2,-1.12941E-2,-1.14928E-2,-1.16399E-2,-1.14039E-2,-1.09538E-2,-1.10443E-2,-1.07043E-2,-1.02415E-2,-1.01212E-2,-1.07503E-2,-1.05975E-2,-1.00984E-2,-9.89703E-3,-1.04424E-2,-1.04927E-2,-9.85307E-3,-1.04059E-2,-1.03023E-2,-9.83827E-3,-1.00069E-2,-7.89310E-3,-1.01848E-2,-1.12680E-2,-1.14492E-2,-1.02810E-2,-1.08294E-2,-1.07225E-2,-1.04008E-2,-9.89594E-3,-1.01265E-2,-9.78520E-3,-1.00850E-2,-9.31086E-3,-1.00023E-2,-9.19290E-3,-9.67952E-3,-9.34962E-3,-9.86863E-3
1.49405E+3,NaN,NaN,2.43877E-4,2.63812E-4,2.02053E-4,2.35229E-4,2.53354E-4,-3.96624E-4,-8.25056E-4,-2.51753E-5,-3.51766E-4,-1.47541E-4,5.66845E-5,1.17966E-4,2.34149E-6,-1.13283E-4,-6.99280E-4,-5.38166E-4,-2.13441E-4,-5.48009E-4,-7.76464E-4,-7.95041E-4,-8.65496E-4,-3.94583E-4,6.88896E-5,-2.02312E-4,-1.82138E-4,-3.41405E-4,-8.48613E-4,-6.95865E-4,-7.14864E-4,-2.80726E-4,-1.92062E-4,-1.30052E-4,1.58364E-5,-8.50234E-4,-1.04997E-4,-3.38751E-5,-1.03145E-3,-3.00086E-3,2.65056E-2,1.21498E-1,1.52705E-1,-6.04596E-2,-2.95626E-1,-3.13109E-1,-1.26853E-1,4.47341E-2,5.03460E-2,8.12151E-3,1.38266E-3,2.81321E-3,2.20283E-3,2.32246E-3,1.37805E-3,1.06173E-3,9.98509E-4,6.77311E-4,4.99622E-4,5.39346E-4,-1.46940E-4,-9.88951E-4,-1.30663E-3,-1.38385E-3,-1.50275E-3,-1.96130E-3,-2.12000E-3,-2.74705E-3,-3.82365E-3,-4.25640E-3,-4.34250E-3,-4.12658E-3,-4.30986E-3,-4.61397E-3,-5.62126E-3,-5.93972E-3,-5.80150E-3,-6.11759E-3,-6.91955E-3,-8.05819E-3,-8.14648E-3,-8.30075E-3,-8.30978E-3,-8.90006E-3,-9.88840E-3,-9.93083E-3,-9.61511E-3,-9.82642E-3,-1.05040E-2,-1.02965E-2,-9.82927E-3,-9.99787E-3,-1.06755E-2,-1.11109E-2,-1.09960E-2,-1.09951E-2,-1.05600E-2,-1.09156E-2,-1.15390E-2,-1.14226E-2,-1.16902E-2,-1.18910E-2,-1.17305E-2,-1.11205E-2,-1.13975E-2,-1.11716E-2,-1.10190E-2,-1.01454E-2,-1.06680E-2,-1.01501E-2,-9.88720E-3,-1.01841E-2,-1.03302E-2,-1.04922E-2,-1.01607E-2,-1.03853E-2,-1.01057E-2,-1.06030E-2,-9.80109E-3,-7.82651E-3,-9.95427E-3,-1.02774E-2,-1.07786E-2,-1.01702E-2,-1.10048E-2,-1.07646E-2,-1.09003E-2,-1.03598E-2,-9.53493E-3,-9.10457E-3,-9.61149E-3,-9.20396E-3,-1.03662E-2,-9.17775E-3,-9.71917E-3,-9.32123E-3,-9.37174E-3
1.49756E+3,NaN,NaN,-4.74844E-4,4.92310E-4,-2.38029E-5,1.66433E-4,3.66176E-4,-3.56564E-5,-4.41670E-4,-3.14077E-4,1.06840E-4,2.82603E-4,4.58366E-4,5.07499E-4,4.74122E-4,4.40745E-4,3.46960E-5,-3.97801E-5,1.59833E-4,-3.40616E-4,-6.77989E-4,-1.05995E-3,-4.29175E-4,1.66871E-4,-1.29153E-4,-2.94473E-4,-2.20806E-4,-3.15225E-4,-6.59182E-4,-7.15645E-4,9.22663E-6,-2.89484E-4,4.14515E-4,2.16598E-4,-2.13851E-4,-3.50763E-4,6.25554E-4,5.74658E-5,1.99933E-4,-4.41883E-3,2.66527E-2,1.30830E-1,1.68668E-1,-7.43413E-2,-3.03306E-1,-3.13113E-1,-1.12357E-1,5.53976E-2,4.58433E-2,6.78405E-3,2.22157E-3,2.79994E-3,3.22143E-3,3.20353E-3,1.81180E-3,1.44769E-3,1.16597E-3,1.17080E-3,9.08915E-4,4.42676E-4,3.55307E-5,-3.63166E-4,-6.64321E-4,-6.66284E-4,-1.18026E-3,-1.93781E-3,-2.03415E-3,-2.63906E-3,-2.67317E-3,-3.02170E-3,-4.38427E-3,-4.04335E-3,-4.09399E-3,-4.08148E-3,-4.92942E-3,-5.57478E-3,-6.09232E-3,-6.22621E-3,-6.84445E-3,-7.81077E-3,-8.05140E-3,-8.61857E-3,-8.50848E-3,-9.13472E-3,-9.71935E-3,-9.14094E-3,-9.13376E-3,-9.62977E-3,-1.00509E-2,-9.92022E-3,-9.73479E-3,-9.99102E-3,-1.04124E-2,-1.03177E-2,-1.05787E-2,-1.07137E-2,-9.74049E-3,-1.06573E-2,-1.12654E-2,-1.18260E-2,-1.17892E-2,-1.10304E-2,-1.19381E-2,-1.06766E-2,-1.10532E-2,-1.08568E-2,-1.00178E-2,-1.04505E-2,-1.05072E-2,-1.00763E-2,-9.68297E-3,-1.05314E-2,-1.02073E-2,-1.03205E-2,-1.01909E-2,-1.07044E-2,-1.07066E-2,-1.00786E-2,-9.33231E-3,-7.31363E-3,-1.03363E-2,-1.04939E-2,-1.06675E-2,-1.09012E-2,-1.08301E-2,-1.06312E-2,-1.06859E-2,-9.59134E-3,-1.00195E-2,-9.50759E-3,-9.50348E-3,-8.87007E-3,-1.01011E-2,-9.75612E-3,-9.53435E-3,-9.13951E-3,-9.32225E-3
1.50107E+3,NaN,NaN,-2.07824E-4,2.18120E-4,8.11572E-4,1.11088E-4,1.28354E-4,-5.70413E-4,-6.52486E-4,-8.22577E-4,-2.60290E-4,-4.36798E-4,-6.13307E-4,-4.45738E-4,-1.71223E-4,1.03292E-4,-4.99423E-4,-6.15866E-4,-6.70935E-5,-3.81020E-4,-1.09879E-3,-8.68994E-4,-5.54077E-4,-2.28676E-4,-7.85946E-4,-7.94213E-4,-4.04553E-4,-8.42126E-4,-1.15516E-3,-5.79758E-4,-5.98102E-4,-8.22183E-4,-3.12875E-4,-8.29197E-4,-6.49226E-4,-9.86054E-4,-2.65709E-4,-7.53324E-4,5.65464E-5,-5.96064E-3,2.40229E-2,1.33422E-1,1.85961E-1,-8.97566E-2,-3.18832E-1,-3.25215E-1,-1.00749E-1,6.93159E-2,4.26533E-2,3.10760E-3,2.61625E-3,2.78318E-3,2.24276E-3,2.02760E-3,6.32963E-4,1.05291E-3,1.12899E-3,5.35600E-4,1.28134E-4,-7.97262E-5,-9.34283E-4,-1.17581E-3,-9.25019E-4,-1.01387E-3,-1.90643E-3,-2.42813E-3,-2.25977E-3,-3.32036E-3,-3.95215E-3,-4.20747E-3,-4.91532E-3,-4.06375E-3,-4.36026E-3,-4.63162E-3,-5.83512E-3,-5.65825E-3,-6.13554E-3,-7.06829E-3,-7.38527E-3,-8.47505E-3,-8.74803E-3,-9.11999E-3,-8.88961E-3,-9.75034E-3,-9.56030E-3,-9.81946E-3,-1.01240E-2,-1.01451E-2,-1.02712E-2,-1.05232E-2,-9.83797E-3,-1.09695E-2,-1.07582E-2,-1.02819E-2,-1.06780E-2,-1.15384E-2,-1.09885E-2,-1.09788E-2,-1.18448E-2,-1.17329E-2,-1.20145E-2,-1.21144E-2,-1.22055E-2,-1.14577E-2,-1.14007E-2,-1.11394E-2,-1.09174E-2,-1.04010E-2,-1.05329E-2,-1.04283E-2,-1.03735E-2,-1.01526E-2,-1.05179E-2,-1.03923E-2,-1.08583E-2,-1.05968E-2,-1.10426E-2,-1.04506E-2,-1.05314E-2,-8.27868E-3,-1.06231E-2,-1.13338E-2,-1.10588E-2,-1.07761E-2,-1.11868E-2,-1.10029E-2,-1.04913E-2,-1.00194E-2,-1.05179E-2,-9.33764E-3,-1.00564E-2,-9.58591E-3,-9.34462E-3,-9.84664E-3,-1.06291E-2,-9.94080E-3,-9.98309E-3
1.50459E+3,NaN,NaN,-1.58381E-4,3.79677E-4,2.84275E-4,7.53043E-6,6.87485E-5,-1.18742E-4,-4.56259E-4,-2.87400E-4,-1.65101E-4,-1.59125E-4,-1.53150E-4,6.30013E-5,2.97648E-4,4.72773E-4,-2.28063E-4,-5.33326E-4,-5.96671E-4,-1.06643E-3,-1.14819E-3,-1.20917E-3,-5.07115E-4,-6.88993E-4,-5.16554E-4,-7.62253E-4,-4.63576E-6,-3.20083E-4,-3.66794E-4,-2.14111E-4,4.10493E-4,-5.50621E-4,3.84755E-4,6.13026E-6,3.50413E-5,-6.21416E-4,-1.24489E-3,-5.08540E-4,5.23934E-4,-4.91446E-3,2.44956E-2,1.34410E-1,1.94512E-1,-9.03659E-2,-3.20917E-1,-3.26055E-1,-9.73306E-2,7.60312E-2,4.44814E-2,8.91024E-4,3.23250E-3,3.22385E-3,2.83365E-3,2.63256E-3,1.46937E-3,1.67557E-3,9.96021E-4,9.62575E-4,7.69358E-4,6.96575E-4,3.25240E-4,-7.01629E-4,-6.97566E-4,-7.94473E-4,-1.12881E-3,-2.32147E-3,-2.17676E-3,-2.81256E-3,-2.97977E-3,-4.19303E-3,-4.86572E-3,-3.65060E-3,-4.46615E-3,-4.75883E-3,-6.06852E-3,-5.64438E-3,-6.20493E-3,-6.69787E-3,-7.11047E-3,-8.30741E-3,-8.69212E-3,-9.43003E-3,-8.84138E-3,-9.69221E-3,-1.00230E-2,-9.78304E-3,-9.22497E-3,-1.08385E-2,-1.03352E-2,-1.04946E-2,-1.03881E-2,-1.01544E-2,-1.08436E-2,-1.10676E-2,-1.04732E-2,-1.19710E-2,-1.02086E-2,-1.17409E-2,-1.19773E-2,-1.16944E-2,-1.20044E-2,-1.17237E-2,-1.22073E-2,-1.13172E-2,-1.14538E-2,-1.15543E-2,-1.06938E-2,-1.03432E-2,-1.05506E-2,-1.05064E-2,-1.04303E-2,-1.00822E-2,-1.06243E-2,-1.06935E-2,-1.04488E-2,-1.05468E-2,-1.01558E-2,-1.06047E-2,-9.96636E-3,-8.38429E-3,-1.04787E-2,-1.10975E-2,-1.16196E-2,-1.02039E-2,-1.14378E-2,-1.10489E-2,-1.16266E-2,-1.01364E-2,-9.99731E-3,-9.55369E-3,-1.01664E-2,-9.25957E-3,-1.09145E-2,-9.38443E-3,-1.07931E-2,-8.85319E-3,-9.70860E-3
1.50810E+3,NaN,NaN,1.09537E-4,1.35610E-4,1.51335E-4,9.42695E-5,1.02287E-4,-1.89884E-4,-4.95385E-4,-1.62129E-4,-1.60414E-4,-1.84075E-4,-1.85078E-4,9.66169E-5,3.78312E-4,2.71427E-4,-8.09320E-4,-5.98244E-4,-8.74227E-4,4.02497E-5,-3.33935E-4,-9.01423E-4,-4.50926E-4,-1.10661E-4,-2.96412E-4,-4.00395E-4,4.14206E-4,-8.14905E-6,-1.82884E-4,-6.09409E-5,5.96504E-5,-6.54106E-4,4.96329E-4,2.59132E-4,-1.44835E-4,-3.87660E-4,-8.00311E-4,1.90639E-4,-6.82687E-4,-1.47433E-3,3.16906E-2,1.38010E-1,1.74829E-1,-8.70858E-2,-3.11690E-1,-3.10920E-1,-9.29915E-2,6.43606E-2,4.37582E-2,3.33461E-3,2.70283E-3,3.06887E-3,2.18127E-3,2.16516E-3,1.63540E-3,1.77462E-3,1.29631E-3,1.19669E-3,8.67654E-4,9.86364E-4,-2.30671E-4,-1.52781E-5,-5.75274E-4,-9.68455E-4,-8.66856E-4,-1.79438E-3,-2.11071E-3,-2.69891E-3,-3.01632E-3,-3.53671E-3,-3.88369E-3,-3.62682E-3,-4.86540E-3,-5.04504E-3,-5.79843E-3,-4.92731E-3,-6.27150E-3,-6.71213E-3,-7.07115E-3,-7.75021E-3,-7.71788E-3,-8.64090E-3,-8.82013E-3,-9.68113E-3,-9.37409E-3,-9.12839E-3,-9.81051E-3,-1.08311E-2,-9.75557E-3,-9.97194E-3,-9.77230E-3,-1.02231E-2,-1.07994E-2,-1.10704E-2,-1.10363E-2,-1.06404E-2,-1.06411E-2,-1.15882E-2,-1.19151E-2,-1.13876E-2,-1.17771E-2,-1.17594E-2,-1.17921E-2,-1.04750E-2,-1.06646E-2,-1.07180E-2,-1.06081E-2,-9.78741E-3,-1.08106E-2,-1.02573E-2,-1.02329E-2,-9.60789E-3,-1.04508E-2,-1.10054E-2,-9.74434E-3,-1.04007E-2,-1.11110E-2,-1.01107E-2,-1.00274E-2,-7.92230E-3,-1.01505E-2,-1.05394E-2,-1.15658E-2,-1.06390E-2,-1.10624E-2,-1.03227E-2,-1.10823E-2,-1.02305E-2,-1.03256E-2,-9.32218E-3,-9.57717E-3,-9.02637E-3,-1.00297E-2,-9.74803E-3,-9.81570E-3,-9.50475E-3,-9.89717E-3
1.51161E+3,NaN,NaN,-3.26319E-4,2.70246E-4,-1.05641E-4,2.65782E-4,6.07854E-4,-7.48261E-6,-4.68310E-4,-1.46866E-4,-1.07407E-4,-1.92186E-4,-2.26252E-4,-8.87482E-5,4.87556E-5,-5.95665E-5,-5.22857E-4,-5.41365E-4,-2.11075E-4,-4.13612E-4,-7.22728E-4,-7.08613E-4,-4.37987E-4,-4.14781E-4,-5.95000E-4,-7.63762E-6,-3.90361E-5,-3.25045E-4,-1.55184E-4,-1.00715E-4,-3.57787E-5,2.36281E-4,4.00812E-4,3.89883E-4,4.87145E-4,-1.82632E-4,-3.26012E-4,6.99527E-4,-8.37727E-4,-3.61801E-4,3.66156E-2,1.42685E-1,1.49919E-1,-9.22094E-2,-3.06335E-1,-2.93601E-1,-8.48111E-2,5.74502E-2,4.09061E-2,5.00994E-3,3.29898E-3,3.51182E-3,2.78883E-3,2.26742E-3,1.34416E-3,1.45462E-3,1.92928E-3,1.54780E-3,6.29094E-4,4.59226E-4,-4.31811E-4,-8.28706E-4,-7.70183E-4,-7.26695E-4,-9.32705E-4,-2.01263E-3,-2.07551E-3,-2.56296E-3,-2.89048E-3,-3.40038E-3,-4.26511E-3,-3.32091E-3,-4.19604E-3,-5.38063E-3,-6.06888E-3,-5.40715E-3,-6.09439E-3,-6.35571E-3,-7.34613E-3,-8.37029E-3,-8.61042E-3,-8.75799E-3,-8.44712E-3,-9.31703E-3,-9.66610E-3,-9.70166E-3,-9.82712E-3,-1.07873E-2,-1.05841E-2,-9.88348E-3,-9.72743E-3,-1.02718E-2,-1.03613E-2,-1.06804E-2,-1.11060E-2,-1.17533E-2,-1.02030E-2,-1.12188E-2,-1.27073E-2,-1.24039E-2,-1.22504E-2,-1.13412E-2,-1.20626E-2,-1.10529E-2,-1.10035E-2,-1.11858E-2,-1.16028E-2,-1.08353E-2,-1.06677E-2,-1.00854E-2,-9.89566E-3,-9.81590E-3,-1.02617E-2,-1.11538E-2,-1.10661E-2,-1.06467E-2,-1.09774E-2,-1.00453E-2,-9.84574E-3,-7.99001E-3,-1.10082E-2,-1.15584E-2,-1.13285E-2,-1.05159E-2,-1.07715E-2,-1.09469E-2,-1.11422E-2,-1.00051E-2,-1.04565E-2,-1.02068E-2,-9.94037E-3,-1.01734E-2,-1.04501E-2,-9.63533E-3,-9.64026E-3,-9.70187E-3,-9.44509E-3
1.51512E+3,NaN,NaN,4.38758E-4,6.23001E-4,1.16896E-4,-1.00627E-4,5.62833E-5,-4.86636E-4,-9.90064E-4,-4.06493E-4,-3.01843E-4,-4.72668E-4,-5.38891E-4,-4.35143E-4,-3.31396E-4,-5.44162E-4,-6.16763E-4,-4.59237E-4,-1.05095E-4,-2.64861E-4,-9.05939E-4,-9.88817E-4,-6.26518E-4,-3.51046E-4,-4.70554E-4,-4.45664E-4,-2.98657E-4,-6.94844E-4,-8.62385E-4,-8.48970E-4,-4.31179E-4,2.05752E-4,1.84036E-4,3.90447E-4,8.43404E-5,-6.45217E-4,-8.40731E-5,2.28524E-4,-7.95106E-4,-1.53476E-3,3.64245E-2,1.58362E-1,1.44330E-1,-9.64135E-2,-3.11987E-1,-2.84570E-1,-7.49382E-2,5.31976E-2,3.70131E-2,5.33932E-3,2.72019E-3,3.04805E-3,2.35213E-3,1.64356E-3,7.65404E-4,8.61831E-4,1.13007E-3,7.03004E-4,7.03085E-4,1.19781E-5,-5.47788E-4,-2.70137E-4,-5.36124E-4,-1.01286E-3,-1.99135E-3,-2.04763E-3,-2.28668E-3,-3.33343E-3,-3.69586E-3,-4.20420E-3,-4.15574E-3,-4.68375E-3,-5.07902E-3,-5.34391E-3,-5.86826E-3,-6.03105E-3,-6.45288E-3,-6.48863E-3,-7.50174E-3,-8.42260E-3,-8.94909E-3,-8.92187E-3,-9.23581E-3,-9.88659E-3,-9.89263E-3,-9.87611E-3,-1.03900E-2,-1.06979E-2,-1.04066E-2,-1.02237E-2,-1.00037E-2,-1.02837E-2,-1.10786E-2,-1.11595E-2,-1.13989E-2,-1.23399E-2,-1.08953E-2,-1.18626E-2,-1.19502E-2,-1.15071E-2,-1.19046E-2,-1.22599E-2,-1.26794E-2,-1.06713E-2,-1.09217E-2,-1.13126E-2,-1.06123E-2,-1.13543E-2,-1.11464E-2,-9.95978E-3,-1.05208E-2,-1.03281E-2,-1.06959E-2,-1.11576E-2,-1.06705E-2,-1.14595E-2,-1.14172E-2,-1.11888E-2,-9.82287E-3,-8.71171E-3,-1.19109E-2,-1.16822E-2,-1.18916E-2,-1.10001E-2,-1.11898E-2,-1.13158E-2,-1.08468E-2,-1.01592E-2,-1.08234E-2,-9.72359E-3,-1.02177E-2,-1.00362E-2,-9.50854E-3,-9.91164E-3,-9.60982E-3,-9.66190E-3,-1.00162E-2
1.51864E+3,NaN,NaN,6.17587E-6,-1.99876E-5,2.92493E-4,5.54859E-4,5.41365E-5,-3.19024E-4,-6.26382E-4,-2.04024E-4,6.71369E-5,5.67107E-5,1.30028E-4,2.76819E-4,4.23610E-4,-5.38193E-4,-6.83653E-4,-6.09087E-4,-3.14197E-4,-9.90937E-4,-4.80736E-4,-6.71701E-4,-3.96991E-4,-3.03604E-4,-6.05941E-4,-1.63833E-4,-1.48486E-4,-4.14823E-4,-2.00921E-4,-3.11912E-4,-8.20792E-5,2.67025E-4,1.32589E-5,1.46335E-4,-7.57974E-4,-3.48887E-4,1.29488E-3,1.66856E-5,1.17975E-4,-3.18268E-3,3.47161E-2,1.71882E-1,1.42390E-1,-1.01700E-1,-3.22187E-1,-2.76617E-1,-5.92215E-2,5.53984E-2,3.31072E-2,6.06177E-3,3.45543E-3,3.36458E-3,2.74613E-3,1.61894E-3,1.03845E-3,1.11333E-3,9.65498E-4,5.98674E-4,3.16213E-4,8.02293E-5,-2.45153E-4,-6.21429E-4,-9.31098E-4,-7.58169E-4,-1.21204E-3,-1.74129E-3,-2.84140E-3,-3.20748E-3,-3.16924E-3,-4.51373E-3,-3.91629E-3,-3.85776E-3,-4.22775E-3,-5.51225E-3,-5.66171E-3,-6.00170E-3,-6.41394E-3,-6.76377E-3,-7.67705E-3,-8.54510E-3,-9.28506E-3,-8.63397E-3,-8.96575E-3,-9.27240E-3,-9.52068E-3,-9.71829E-3,-1.05547E-2,-1.07386E-2,-1.02067E-2,-9.79452E-3,-9.80244E-3,-1.08254E-2,-1.09631E-2,-1.11688E-2,-1.11680E-2,-1.17374E-2,-1.03728E-2,-1.14033E-2,-1.27751E-2,-1.23276E-2,-1.25928E-2,-1.21139E-2,-1.22385E-2,-1.09788E-2,-1.13573E-2,-1.10626E-2,-1.09217E-2,-1.05171E-2,-1.05252E-2,-1.07569E-2,-1.05252E-2,-1.07986E-2,-1.08517E-2,-1.02770E-2,-1.02700E-2,-1.10765E-2,-1.07115E-2,-1.03192E-2,-1.03772E-2,-8.65381E-3,-1.02075E-2,-1.09435E-2,-1.16745E-2,-1.07569E-2,-1.09701E-2,-1.08185E-2,-1.13936E-2,-1.03835E-2,-1.03909E-2,-9.95445E-3,-9.64763E-3,-9.34498E-3,-1.00668E-2,-1.00662E-2,-9.81813E-3,-9.38436E-3,-9.45065E-3
1.52215E+3,NaN,NaN,-2.65456E-4,-5.69204E-5,1.36868E-4,2.65637E-4,3.92988E-4,-7.36844E-5,1.26235E-5,4.23673E-4,-1.03492E-4,-4.26297E-4,-3.82971E-4,-1.69912E-4,4.31462E-5,-3.98290E-4,-4.56829E-4,-1.18727E-3,-8.95047E-4,-1.38693E-3,-1.09716E-3,-1.08232E-3,-2.19422E-4,-8.39577E-4,-9.25540E-4,-1.60250E-4,-3.15605E-4,-1.11058E-3,-4.58756E-4,-3.88191E-4,-4.14074E-4,-3.52685E-4,5.60500E-5,-1.19461E-4,-1.43609E-3,-8.54188E-4,1.43744E-3,-1.38316E-3,8.21860E-4,-4.60542E-3,2.99338E-2,1.81575E-1,1.46512E-1,-1.11128E-1,-3.45985E-1,-2.77471E-1,-4.32471E-2,6.22202E-2,2.88817E-2,5.28251E-3,3.56962E-3,3.13979E-3,2.50072E-3,1.79955E-3,1.55921E-3,1.71878E-3,1.70438E-3,1.22926E-3,5.56634E-4,-1.31944E-4,3.40388E-5,8.74687E-5,-6.46817E-4,1.14623E-6,-1.83204E-3,-2.17317E-3,-3.02867E-3,-3.79615E-3,-3.02507E-3,-4.44473E-3,-3.53877E-3,-4.15379E-3,-4.42939E-3,-5.07188E-3,-5.61162E-3,-6.19440E-3,-6.86158E-3,-7.46614E-3,-8.68710E-3,-8.58614E-3,-9.34368E-3,-8.89361E-3,-8.89448E-3,-9.34326E-3,-9.44861E-3,-9.14256E-3,-1.04125E-2,-1.11672E-2,-1.04022E-2,-1.07075E-2,-1.07812E-2,-1.11045E-2,-1.14070E-2,-1.10089E-2,-1.10297E-2,-1.22684E-2,-1.10066E-2,-1.11708E-2,-1.22558E-2,-1.19804E-2,-1.19955E-2,-1.21252E-2,-1.29410E-2,-1.13108E-2,-1.20873E-2,-1.18321E-2,-1.10573E-2,-1.12993E-2,-1.12948E-2,-1.02165E-2,-1.08336E-2,-1.17624E-2,-1.12772E-2,-1.07272E-2,-1.16683E-2,-1.09096E-2,-1.17796E-2,-1.00660E-2,-1.05531E-2,-8.68652E-3,-1.12290E-2,-1.07268E-2,-1.20679E-2,-1.10176E-2,-1.11701E-2,-1.13976E-2,-1.11921E-2,-1.06411E-2,-1.06460E-2,-1.00033E-2,-1.11185E-2,-1.01529E-2,-1.02734E-2,-9.05984E-3,-9.79598E-3,-9.49979E-3,-9.32624E-3
1.52567E+3,NaN,NaN,-1.21963E-4,-4.36400E-5,-9.60690E-5,7.18342E-4,3.39129E-4,-2.71137E-4,-6.41222E-4,-3.02279E-4,-3.85519E-4,-6.74982E-4,-4.57388E-4,-1.37958E-4,1.81471E-4,-1.17667E-3,-6.88174E-4,-6.91074E-4,-7.90828E-4,-1.23819E-3,-8.83656E-4,-1.02009E-3,-6.37473E-4,-1.16577E-3,-1.06443E-3,1.59641E-5,-3.78907E-4,-1.16250E-3,-8.95936E-4,-9.46115E-4,-5.20136E-4,1.59097E-4,-3.63675E-5,-6.48918E-4,-7.29908E-4,-1.94330E-4,1.01700E-3,-1.89798E-3,1.75952E-3,-5.73643E-3,2.30244E-2,1.94162E-1,1.70606E-1,-1.09427E-1,-3.75175E-1,-2.82939E-1,-2.68900E-2,7.35004E-2,2.53151E-2,2.12790E-3,3.08958E-3,3.35806E-3,2.42706E-3,1.47088E-3,4.26156E-4,1.40699E-3,4.81869E-4,7.71450E-4,2.95121E-4,8.62776E-5,-1.10987E-3,-1.29236E-3,-1.68243E-3,-8.75186E-4,-1.81339E-3,-1.99109E-3,-3.22512E-3,-3.68420E-3,-2.52905E-3,-5.10862E-3,-4.29580E-3,-4.91728E-3,-4.69111E-3,-6.24783E-3,-5.99557E-3,-5.90047E-3,-6.79749E-3,-7.49123E-3,-8.04719E-3,-8.48872E-3,-9.57404E-3,-8.68822E-3,-9.97509E-3,-9.87371E-3,-9.40556E-3,-9.09142E-3,-1.09803E-2,-1.09414E-2,-1.00874E-2,-1.12053E-2,-1.15708E-2,-1.12616E-2,-1.16455E-2,-1.12099E-2,-1.12783E-2,-1.29315E-2,-1.11528E-2,-1.19901E-2,-1.29916E-2,-1.25662E-2,-1.28578E-2,-1.26261E-2,-1.32342E-2,-1.01426E-2,-1.12221E-2,-1.17454E-2,-1.10842E-2,-1.14841E-2,-1.18290E-2,-1.08328E-2,-1.05662E-2,-1.12096E-2,-1.04201E-2,-1.03189E-2,-1.13286E-2,-1.19153E-2,-1.17550E-2,-1.04839E-2,-1.00200E-2,-8.80266E-3,-1.10463E-2,-1.13457E-2,-1.10291E-2,-1.05627E-2,-1.17323E-2,-1.09581E-2,-1.17426E-2,-1.03382E-2,-1.13226E-2,-1.00690E-2,-1.11663E-2,-1.01408E-2,-1.07510E-2,-9.72168E-3,-1.05072E-2,-9.87662E-3,-1.03187E-2
1.52918E+3,NaN,NaN,3.75907E-4,5.93118E-4,1.79304E-4,3.68780E-4,2.37282E-4,-7.73853E-4,-7.78916E-4,-3.96055E-5,-6.27835E-5,-2.20197E-4,-6.30510E-5,1.00134E-4,2.34639E-4,1.23180E-4,-2.48325E-4,-2.91770E-4,-3.59624E-4,-4.58763E-4,1.56943E-4,-6.24445E-4,6.22442E-5,3.12900E-5,-4.32114E-4,7.93561E-4,-7.53875E-4,-8.57361E-4,1.15754E-4,-5.46422E-4,2.21168E-4,1.15659E-3,1.41678E-3,-4.48342E-4,-5.88009E-4,7.51019E-4,5.15011E-4,-1.24775E-3,1.03664E-3,-1.37726E-3,3.77757E-2,1.83305E-1,1.67170E-1,-1.07119E-1,-3.55944E-1,-2.67291E-1,-2.89300E-2,6.91317E-2,2.61283E-2,1.73872E-3,4.15936E-3,4.64516E-3,2.92621E-3,2.26533E-3,2.64358E-3,2.73396E-3,2.08971E-3,1.78193E-3,7.27913E-4,-3.67643E-4,9.21760E-5,-9.44518E-4,-4.83513E-4,-1.22925E-4,-1.17926E-3,-1.55707E-3,-2.68925E-3,-3.72138E-3,-2.84231E-3,-3.37141E-3,-3.26242E-3,-4.67436E-3,-4.97014E-3,-5.79011E-3,-6.15862E-3,-5.63147E-3,-6.66059E-3,-7.83171E-3,-8.31989E-3,-8.90906E-3,-1.01285E-2,-9.18747E-3,-9.62913E-3,-1.05595E-2,-9.03612E-3,-1.06259E-2,-1.12778E-2,-1.02882E-2,-1.09841E-2,-1.06477E-2,-9.82520E-3,-1.15954E-2,-1.19731E-2,-1.08264E-2,-1.20281E-2,-1.23247E-2,-1.01053E-2,-1.18978E-2,-1.20281E-2,-1.31378E-2,-1.31857E-2,-1.17672E-2,-1.26498E-2,-1.08685E-2,-1.17022E-2,-1.13744E-2,-1.00887E-2,-1.14274E-2,-1.12676E-2,-9.86054E-3,-1.10384E-2,-1.12953E-2,-1.05443E-2,-1.00348E-2,-1.08697E-2,-1.11385E-2,-1.17283E-2,-1.10261E-2,-1.03615E-2,-7.89558E-3,-1.16612E-2,-1.16936E-2,-1.16723E-2,-1.03995E-2,-1.12858E-2,-1.15611E-2,-1.13304E-2,-1.06124E-2,-9.79650E-3,-9.22236E-3,-1.05193E-2,-9.96267E-3,-1.08836E-2,-9.78010E-3,-1.10950E-2,-9.43033E-3,-9.58778E-3
1.53270E+3,NaN,NaN,4.84431E-4,-1.07982E-4,-2.86258E-4,-1.60408E-5,2.33703E-4,1.33499E-4,-4.69746E-4,-1.88498E-4,-3.63585E-4,-5.46056E-4,-6.02458E-4,-6.58860E-4,-4.70373E-4,-7.05374E-5,-6.44355E-4,-4.76912E-4,-2.59444E-4,-8.13467E-4,-9.43352E-4,-8.28840E-4,-1.42146E-3,-1.89838E-3,-9.33312E-4,4.35770E-4,-1.21167E-4,-9.20479E-4,-2.11368E-4,2.77894E-4,-3.02351E-4,2.80598E-4,6.60377E-4,1.85137E-4,-3.72296E-4,-7.02331E-5,-5.62902E-6,-6.10999E-4,8.69895E-4,1.20345E-3,4.56818E-2,1.67534E-1,1.55558E-1,-1.11000E-1,-3.41169E-1,-2.51188E-1,-3.08003E-2,6.02334E-2,2.56340E-2,2.28380E-3,3.32262E-3,2.81676E-3,2.18604E-3,1.16711E-3,2.05131E-3,1.90038E-3,1.92599E-3,5.83917E-4,7.11973E-4,6.71430E-6,-4.65079E-4,-9.04363E-4,-9.41019E-4,-4.65272E-4,-1.26298E-3,-2.51668E-3,-3.04737E-3,-2.86619E-3,-3.85594E-3,-4.37879E-3,-3.67840E-3,-4.80839E-3,-5.77777E-3,-6.34235E-3,-5.60628E-3,-5.50257E-3,-5.93619E-3,-7.30362E-3,-8.69041E-3,-8.79134E-3,-9.07957E-3,-8.58413E-3,-1.01651E-2,-9.89591E-3,-9.45356E-3,-1.02269E-2,-1.14070E-2,-1.13524E-2,-1.18659E-2,-1.08192E-2,-1.06209E-2,-1.21655E-2,-1.16223E-2,-1.11739E-2,-1.24923E-2,-1.23873E-2,-1.23826E-2,-1.36535E-2,-1.22600E-2,-1.25343E-2,-1.26816E-2,-1.23797E-2,-1.28044E-2,-1.09573E-2,-1.13279E-2,-1.16675E-2,-1.13921E-2,-1.18079E-2,-1.07217E-2,-1.03078E-2,-1.09858E-2,-1.10368E-2,-1.15035E-2,-1.03163E-2,-1.08155E-2,-1.13467E-2,-1.11904E-2,-9.71545E-3,-9.88762E-3,-9.37237E-3,-1.09053E-2,-1.14429E-2,-1.16274E-2,-1.04237E-2,-1.13122E-2,-1.19036E-2,-1.13742E-2,-1.06255E-2,-1.08169E-2,-1.01461E-2,-1.05478E-2,-9.77446E-3,-1.09849E-2,-9.75134E-3,-1.02817E-2,-9.46167E-3,-9.40880E-3
1.53622E+3,NaN,NaN,-2.25191E-4,-4.61077E-4,4.15137E-4,1.53291E-4,5.14004E-4,2.43958E-5,2.27603E-4,3.37352E-4,1.14429E-4,1.06996E-5,-1.06927E-4,-2.24553E-4,-7.78474E-5,-6.03353E-4,-1.35274E-3,-8.10664E-4,-8.99412E-4,-1.05387E-3,-5.81451E-4,-2.79764E-4,-9.19126E-4,-8.24682E-4,-6.35893E-5,6.09552E-4,-3.45037E-4,-1.01906E-3,-7.52150E-4,-9.07747E-4,-5.34677E-4,4.82245E-4,-1.30748E-4,-3.35751E-4,-2.73445E-4,1.41435E-5,4.45604E-5,-3.03986E-4,8.68765E-4,1.44998E-3,5.03741E-2,1.70896E-1,1.50821E-1,-1.25331E-1,-3.37474E-1,-2.39523E-1,-2.81960E-2,5.39022E-2,2.36952E-2,2.33422E-3,3.32852E-3,3.48135E-3,2.87416E-3,1.44857E-3,1.02467E-3,1.89292E-3,1.76834E-3,1.47336E-3,9.64668E-4,2.72057E-5,-6.15599E-4,-3.79067E-4,1.32091E-4,-1.08473E-4,-1.53504E-3,-2.16682E-3,-2.27186E-3,-2.71909E-3,-3.49242E-3,-3.93477E-3,-3.55338E-3,-4.11292E-3,-5.50958E-3,-6.17818E-3,-5.86305E-3,-6.17510E-3,-6.22150E-3,-7.63160E-3,-8.73059E-3,-9.00276E-3,-9.73900E-3,-9.72574E-3,-1.00867E-2,-9.31973E-3,-9.20189E-3,-1.00712E-2,-1.06048E-2,-1.02986E-2,-1.07774E-2,-1.09620E-2,-1.10984E-2,-1.14589E-2,-1.12816E-2,-1.11682E-2,-1.22166E-2,-1.24456E-2,-1.16762E-2,-1.23180E-2,-1.20174E-2,-1.31023E-2,-1.32687E-2,-1.27420E-2,-1.20364E-2,-1.09381E-2,-1.14282E-2,-1.18187E-2,-1.13694E-2,-1.16439E-2,-1.11444E-2,-9.77665E-3,-1.05619E-2,-1.13742E-2,-1.07416E-2,-1.08254E-2,-1.06722E-2,-1.03558E-2,-1.22509E-2,-1.07689E-2,-1.08191E-2,-8.96614E-3,-1.11933E-2,-1.13341E-2,-1.23254E-2,-1.02505E-2,-1.14418E-2,-1.14110E-2,-1.11636E-2,-1.04407E-2,-1.06172E-2,-9.65373E-3,-1.06599E-2,-9.41883E-3,-1.00014E-2,-8.93684E-3,-1.04740E-2,-9.18401E-3,-1.03399E-2
1.53974E+3,NaN,NaN,2.39687E-4,-4.97595E-4,3.15153E-4,4.53035E-4,-4.95308E-4,4.81636E-5,-1.74490E-4,-1.93956E-5,-5.41073E-4,-7.31143E-4,-8.26825E-4,-9.22506E-4,-7.38942E-4,-3.33854E-4,-7.13831E-5,-2.86894E-4,-5.60159E-4,-5.55301E-4,-1.63736E-4,4.35893E-4,-3.54829E-4,-1.54343E-3,-3.94514E-4,7.54793E-4,4.99625E-5,-2.39239E-4,-3.94436E-4,-1.01043E-3,-3.34328E-4,5.68465E-4,4.57581E-4,2.46786E-4,-3.26215E-4,-3.20143E-4,-7.22150E-5,-1.03818E-3,2.17003E-3,2.16737E-3,5.47530E-2,1.76207E-1,1.37167E-1,-1.49296E-1,-3.36416E-1,-2.22766E-1,-2.05266E-2,5.00859E-2,2.15797E-2,3.58729E-3,4.58864E-3,4.14628E-3,2.74537E-3,1.78748E-3,1.72240E-3,1.80480E-3,1.27022E-3,1.27860E-3,8.42269E-4,1.69971E-4,2.46241E-5,-4.07555E-7,4.90075E-5,-7.37767E-4,-1.66783E-3,-2.13109E-3,-2.44606E-3,-2.55013E-3,-2.85656E-3,-3.28725E-3,-4.28371E-3,-5.24690E-3,-5.67552E-3,-5.71137E-3,-6.06961E-3,-6.33167E-3,-6.64802E-3,-8.18271E-3,-8.49739E-3,-8.88510E-3,-9.21956E-3,-9.91347E-3,-1.07812E-2,-1.00403E-2,-1.00737E-2,-1.08534E-2,-1.11404E-2,-1.12643E-2,-1.05506E-2,-1.06564E-2,-1.15886E-2,-1.20449E-2,-1.17870E-2,-1.19518E-2,-1.21206E-2,-1.13394E-2,-1.19694E-2,-1.10716E-2,-1.25871E-2,-1.27862E-2,-1.37354E-2,-1.32206E-2,-1.31739E-2,-1.17012E-2,-1.17963E-2,-1.14858E-2,-1.14294E-2,-1.12852E-2,-1.06463E-2,-1.01854E-2,-1.06295E-2,-1.18161E-2,-1.10745E-2,-1.05680E-2,-1.12746E-2,-1.06796E-2,-1.12239E-2,-1.12046E-2,-1.01772E-2,-8.84017E-3,-1.18594E-2,-1.27504E-2,-1.18453E-2,-1.08260E-2,-1.13415E-2,-1.10124E-2,-1.09423E-2,-9.20449E-3,-1.07951E-2,-1.05925E-2,-1.05330E-2,-9.68347E-3,-1.04696E-2,-1.01844E-2,-1.01771E-2,-9.90233E-3,-8.98703E-3
1.54325E+3,NaN,NaN,1.07643E-3,3.34754E-4,2.24056E-4,2.97641E-4,-1.20761E-3,-6.73205E-4,3.47831E-4,3.56355E-4,-1.18172E-3,-1.25299E-3,-8.97173E-4,-5.41358E-4,-4.81247E-4,-1.14771E-3,-2.95030E-4,-4.01496E-4,-1.06782E-3,-1.23099E-3,-1.18078E-3,-3.95504E-4,-9.69384E-4,-1.61446E-3,-8.96984E-4,-7.29811E-4,-1.27888E-3,-9.37662E-4,-9.20916E-4,-8.87104E-4,2.05065E-4,-1.32700E-4,-9.41820E-4,-2.76346E-4,-1.42469E-3,-1.82501E-4,4.68053E-4,-2.01277E-3,4.82392E-3,3.50882E-4,4.81173E-2,1.88406E-1,1.40255E-1,-1.71757E-1,-3.46529E-1,-2.11330E-1,-1.10003E-2,4.67938E-2,1.69103E-2,3.09049E-3,4.02375E-3,2.91726E-3,1.45357E-3,1.66436E-3,1.65109E-3,1.75130E-3,1.39170E-3,8.00141E-4,5.20748E-4,2.06176E-6,-1.69679E-4,-5.76520E-4,-1.64994E-4,-6.91544E-4,-1.89103E-3,-2.55655E-3,-3.10315E-3,-3.30961E-3,-3.77419E-3,-3.78656E-3,-4.65784E-3,-5.12751E-3,-5.51230E-3,-6.30697E-3,-5.88077E-3,-6.36789E-3,-7.46137E-3,-7.92802E-3,-8.12526E-3,-9.33293E-3,-9.07216E-3,-9.14966E-3,-1.00481E-2,-1.02163E-2,-1.00868E-2,-1.08595E-2,-1.11396E-2,-1.10325E-2,-1.07629E-2,-1.06098E-2,-1.18558E-2,-1.21616E-2,-1.08901E-2,-1.10157E-2,-1.23604E-2,-1.23230E-2,-1.19259E-2,-1.30138E-2,-1.28184E-2,-1.31501E-2,-1.30785E-2,-1.27630E-2,-1.15126E-2,-1.05210E-2,-1.20677E-2,-1.17164E-2,-1.13759E-2,-1.14154E-2,-1.12189E-2,-9.31279E-3,-1.03919E-2,-1.08186E-2,-1.07502E-2,-1.16557E-2,-1.14046E-2,-1.11189E-2,-1.17882E-2,-1.12772E-2,-1.00346E-2,-9.45456E-3,-1.23192E-2,-1.28332E-2,-1.24086E-2,-1.17501E-2,-1.12425E-2,-1.25017E-2,-1.18577E-2,-9.84639E-3,-9.77361E-3,-9.70354E-3,-1.05509E-2,-9.97069E-3,-1.01852E-2,-1.04883E-2,-1.14283E-2,-1.02050E-2,-9.82978E-3
1.54677E+3,NaN,NaN,1.53707E-3,-5.39154E-4,8.40359E-5,6.95000E-4,-9.72297E-4,-8.96233E-4,-1.55536E-4,3.90253E-4,-1.16934E-3,-1.37593E-3,-1.40782E-3,-1.43971E-3,-8.35742E-4,-1.40140E-3,-7.08073E-4,-6.52584E-4,-1.03618E-3,-1.38166E-3,-1.52112E-3,-3.68661E-4,-1.18379E-3,-6.87420E-4,-4.89367E-5,-1.03908E-3,-3.19835E-4,-7.79936E-4,-1.54941E-3,-2.21039E-3,-8.88232E-4,-6.09094E-4,-7.98999E-4,-9.74883E-4,-8.50660E-4,-2.41382E-4,1.15422E-3,-2.92793E-3,8.69062E-3,-3.42337E-3,3.53626E-2,2.10950E-1,1.57843E-1,-1.88894E-1,-3.61624E-1,-2.03055E-1,3.26839E-3,4.79644E-2,1.21578E-2,3.16918E-3,3.79920E-3,2.86791E-3,1.65801E-3,7.63612E-4,1.39065E-3,5.54261E-4,9.16000E-4,6.77073E-4,-4.59234E-4,-3.96293E-4,-4.05844E-4,-7.79809E-5,-2.15643E-4,-1.28524E-3,-2.50773E-3,-2.42755E-3,-2.71942E-3,-3.35925E-3,-3.78617E-3,-3.22836E-3,-4.96668E-3,-4.81025E-3,-6.55526E-3,-6.68500E-3,-5.65244E-3,-6.23653E-3,-7.31685E-3,-7.98805E-3,-9.84375E-3,-9.74193E-3,-8.85251E-3,-1.02268E-2,-9.29647E-3,-1.00540E-2,-1.01137E-2,-1.12874E-2,-1.10095E-2,-1.19638E-2,-1.13765E-2,-1.14363E-2,-1.17036E-2,-1.27629E-2,-1.04869E-2,-1.27484E-2,-1.26836E-2,-1.25543E-2,-1.14557E-2,-1.27425E-2,-1.30067E-2,-1.31616E-2,-1.31053E-2,-1.29187E-2,-1.24292E-2,-1.10136E-2,-1.24987E-2,-1.22859E-2,-1.11763E-2,-1.06398E-2,-1.09314E-2,-1.02400E-2,-1.12871E-2,-1.07261E-2,-1.11586E-2,-1.01862E-2,-1.12034E-2,-1.16086E-2,-1.18059E-2,-1.15298E-2,-1.02842E-2,-9.35205E-3,-1.22946E-2,-1.28912E-2,-1.31145E-2,-1.18486E-2,-1.21114E-2,-1.21170E-2,-1.09775E-2,-9.92177E-3,-9.97441E-3,-1.12750E-2,-1.00982E-2,-1.01597E-2,-1.13582E-2,-9.83370E-3,-1.17021E-2,-1.05420E-2,-8.55706E-3
1.55029E+3,NaN,NaN,6.89308E-4,-2.48616E-4,5.07910E-4,5.30429E-4,8.82287E-5,-3.80743E-4,2.05154E-4,-2.76899E-5,-6.93710E-4,-7.73746E-4,-8.25327E-4,-8.76908E-4,-4.88903E-4,-1.71532E-3,-4.07207E-6,-1.39722E-4,-8.60746E-4,-1.48591E-3,-6.96275E-4,-2.57282E-4,-2.65994E-4,-1.05127E-3,5.46256E-4,-7.61646E-5,-9.72132E-4,-4.87076E-4,-1.70908E-4,-7.15174E-4,1.56287E-4,1.42437E-3,1.90744E-4,1.21590E-3,-5.35831E-4,2.67466E-4,1.66776E-3,-3.55431E-3,1.17444E-2,-2.62629E-3,2.83147E-2,2.26831E-1,1.76067E-1,-2.14628E-1,-3.90444E-1,-2.03127E-1,1.85312E-2,5.46590E-2,7.81527E-3,3.77990E-3,4.69861E-3,3.01732E-3,3.13997E-3,2.20925E-3,2.73219E-3,1.95224E-3,2.96998E-4,1.19342E-3,3.20221E-4,8.15784E-4,2.39326E-4,5.54461E-4,6.03524E-4,-1.06934E-3,-2.49299E-3,-2.29137E-3,-2.52825E-3,-3.17698E-3,-4.47948E-3,-2.70446E-3,-3.95595E-3,-4.66695E-3,-4.80179E-3,-5.83067E-3,-6.44572E-3,-6.66124E-3,-6.41357E-3,-7.24128E-3,-9.33377E-3,-7.93204E-3,-8.50061E-3,-9.26949E-3,-1.00250E-2,-1.07289E-2,-9.89244E-3,-1.16198E-2,-1.11394E-2,-1.09216E-2,-1.09924E-2,-1.08926E-2,-1.17825E-2,-1.15137E-2,-9.82387E-3,-1.15767E-2,-1.02647E-2,-1.15042E-2,-1.03605E-2,-1.24002E-2,-1.19733E-2,-1.25293E-2,-1.28595E-2,-1.23821E-2,-1.24670E-2,-1.09907E-2,-1.12309E-2,-1.14365E-2,-1.09177E-2,-1.01915E-2,-9.74660E-3,-8.74678E-3,-1.12615E-2,-1.16166E-2,-9.84571E-3,-1.03725E-2,-1.13212E-2,-1.13549E-2,-1.20306E-2,-1.07429E-2,-1.01610E-2,-9.44381E-3,-1.15050E-2,-1.26311E-2,-1.25949E-2,-1.14290E-2,-1.16278E-2,-1.19963E-2,-9.64780E-3,-8.69924E-3,-9.01271E-3,-1.04125E-2,-1.02856E-2,-1.04233E-2,-1.05356E-2,-8.90771E-3,-1.03947E-2,-1.03998E-2,-1.03795E-2
1.55381E+3,NaN,NaN,1.90297E-3,-7.37661E-4,4.45818E-5,6.65825E-4,-9.06780E-4,-4.47111E-4,6.69053E-5,4.65735E-4,-3.49471E-4,-8.55061E-4,-1.36274E-3,-1.63014E-3,-7.38678E-4,-1.91307E-3,-1.66081E-4,-2.03047E-3,-1.67660E-3,-1.70898E-3,-1.65474E-3,-1.15104E-4,-9.79359E-4,-6.55173E-4,-1.00007E-3,-3.81831E-4,-1.49437E-4,-1.67139E-3,-1.77641E-3,-5.92706E-4,2.06362E-4,-4.67371E-4,-7.54413E-5,-4.19680E-4,-6.13093E-4,6.99928E-4,1.89033E-3,-3.42598E-3,8.75826E-3,1.43882E-3,3.80697E-2,2.04746E-1,1.46805E-1,-2.03318E-1,-3.69042E-1,-1.91551E-1,1.08350E-2,4.82649E-2,7.75762E-3,2.81763E-3,4.54820E-3,2.55472E-3,2.47173E-3,8.57380E-4,2.22834E-3,1.32675E-3,1.09845E-3,-2.65659E-5,-6.06238E-4,4.48834E-5,-6.46398E-4,-1.58914E-3,-4.19343E-4,-1.45586E-3,-3.10575E-3,-2.29839E-3,-1.95790E-3,-3.25639E-3,-4.95462E-3,-3.68559E-3,-4.55533E-3,-4.51344E-3,-5.57153E-3,-6.45014E-3,-6.17923E-3,-6.70331E-3,-6.49604E-3,-8.07247E-3,-9.92564E-3,-9.52079E-3,-9.37621E-3,-1.08544E-2,-1.04992E-2,-1.03132E-2,-1.06959E-2,-1.17193E-2,-1.12103E-2,-1.14410E-2,-1.15485E-2,-1.07616E-2,-1.10799E-2,-1.11193E-2,-1.09221E-2,-1.25509E-2,-1.31255E-2,-1.15452E-2,-1.21685E-2,-1.25170E-2,-1.18388E-2,-1.25104E-2,-1.38836E-2,-1.33169E-2,-1.26548E-2,-1.13417E-2,-1.10090E-2,-1.13707E-2,-1.09549E-2,-1.07692E-2,-1.11634E-2,-1.02377E-2,-1.07701E-2,-1.13948E-2,-1.07376E-2,-1.04461E-2,-1.03974E-2,-1.04832E-2,-1.25185E-2,-1.09898E-2,-1.01401E-2,-8.82720E-3,-1.28919E-2,-1.36911E-2,-1.31496E-2,-1.23017E-2,-1.27669E-2,-1.28245E-2,-1.04863E-2,-1.00167E-2,-9.67489E-3,-1.08677E-2,-9.37744E-3,-9.30445E-3,-9.87933E-3,-8.63141E-3,-1.19702E-2,-1.07829E-2,-1.02634E-2
1.55733E+3,NaN,-6.15965E-4,1.15240E-3,2.62064E-4,8.88311E-4,-3.03188E-4,-8.53613E-4,-4.53732E-4,9.42380E-4,4.43490E-4,-1.78194E-4,-2.65684E-4,-3.53173E-4,-1.88902E-4,2.27043E-4,-4.32064E-4,-5.06545E-4,3.05887E-4,-2.90316E-4,-1.17148E-3,-7.56407E-4,-1.88133E-4,-4.46776E-4,7.30895E-4,5.06157E-4,1.62069E-3,1.88648E-4,1.93140E-5,2.22198E-5,-2.79089E-4,4.42386E-4,1.04601E-4,6.42474E-4,5.12547E-4,-8.18756E-5,1.94643E-3,2.30657E-4,-1.08215E-3,8.77135E-3,6.25578E-3,5.59927E-2,1.94029E-1,1.18676E-1,-2.04176E-1,-3.46608E-1,-1.82368E-1,4.99412E-3,4.51299E-2,1.03266E-2,5.27146E-3,4.99916E-3,4.04770E-3,3.36005E-3,2.70862E-3,2.96872E-3,2.73839E-3,1.38806E-3,1.24914E-3,1.33311E-3,9.59801E-5,3.85445E-4,1.17839E-3,1.02367E-3,-1.15770E-3,-1.47950E-3,-4.40062E-4,-3.43691E-4,-2.04839E-3,-2.93071E-3,-3.68871E-3,-4.05041E-3,-4.46376E-3,-5.43809E-3,-4.87434E-3,-5.62956E-3,-5.64011E-3,-6.95678E-3,-7.40201E-3,-7.54562E-3,-9.17564E-3,-8.10711E-3,-8.20255E-3,-8.48681E-3,-9.90864E-3,-1.06022E-2,-1.05575E-2,-9.61454E-3,-9.85553E-3,-1.03421E-2,-1.06733E-2,-1.18167E-2,-1.14627E-2,-1.07118E-2,-1.09567E-2,-1.17539E-2,-1.13266E-2,-1.15545E-2,-1.19606E-2,-1.19467E-2,-1.25522E-2,-1.22296E-2,-1.22052E-2,-1.19505E-2,-1.14592E-2,-1.14205E-2,-1.07046E-2,-9.91707E-3,-1.03005E-2,-9.92247E-3,-9.59678E-3,-1.04277E-2,-1.08596E-2,-1.02587E-2,-9.47415E-3,-9.48070E-3,-1.02071E-2,-1.14663E-2,-9.57681E-3,-1.02734E-2,-8.86886E-3,-1.17731E-2,-1.04279E-2,-1.18371E-2,-9.77796E-3,-1.13455E-2,-1.16582E-2,-1.12240E-2,-8.67431E-3,-9.67885E-3,-9.51958E-3,-9.18454E-3,-9.51494E-3,-9.52680E-3,-8.26901E-3,-1.16167E-2,-9.72962E-3,-7.71559E-3
1.56085E+3,NaN,-5.00088E-4,1.01469E-3,-7.63016E-4,2.37015E-3,-5.37950E-4,-1.23067E-3,-2.54173E-4,4.86064E-4,1.51745E-3,3.27848E-4,-6.24393E-5,-4.52727E-4,1.46494E-4,3.10465E-4,-1.14100E-3,-9.70269E-4,9.89087E-5,5.63879E-4,-6.92905E-4,-1.43678E-5,9.25389E-4,-3.54579E-4,-3.74717E-4,8.41427E-4,1.37791E-3,8.99615E-4,1.51485E-4,8.82290E-5,5.56307E-4,1.35746E-3,7.00379E-4,2.89563E-5,-1.08932E-3,-1.73340E-4,1.76762E-3,-4.89195E-4,2.04585E-4,6.15326E-3,4.95265E-3,6.75867E-2,1.88144E-1,9.44693E-2,-2.09266E-1,-3.29470E-1,-1.68998E-1,2.80407E-3,3.87476E-2,1.08424E-2,5.68392E-3,6.30767E-3,4.34704E-3,3.65729E-3,3.29339E-3,3.03996E-3,3.49574E-3,2.75284E-3,1.58362E-3,1.18549E-3,2.90492E-4,-1.07982E-4,2.14467E-4,5.21411E-4,-8.71633E-4,-1.40898E-3,-1.65739E-3,-2.14694E-3,-2.54111E-3,-2.98301E-3,-3.70072E-3,-3.89970E-3,-4.97344E-3,-5.64423E-3,-4.96369E-3,-5.97022E-3,-6.06877E-3,-6.63485E-3,-7.63736E-3,-8.22195E-3,-8.17610E-3,-8.30167E-3,-9.82418E-3,-9.94811E-3,-9.34121E-3,-9.92625E-3,-1.07635E-2,-1.04158E-2,-1.06968E-2,-1.02172E-2,-1.06228E-2,-1.15173E-2,-1.13646E-2,-1.01835E-2,-1.12005E-2,-1.13788E-2,-1.06309E-2,-1.14267E-2,-1.16819E-2,-1.02729E-2,-1.15590E-2,-1.24630E-2,-1.14636E-2,-1.11965E-2,-1.05046E-2,-1.13451E-2,-1.07194E-2,-9.99593E-3,-1.03740E-2,-9.73513E-3,-9.47206E-3,-9.90712E-3,-1.03488E-2,-1.01375E-2,-9.64456E-3,-9.94618E-3,-9.99415E-3,-1.09853E-2,-1.02534E-2,-9.80599E-3,-9.27817E-3,-1.18063E-2,-1.20251E-2,-1.28909E-2,-1.05398E-2,-1.06175E-2,-1.04602E-2,-9.44789E-3,-8.23359E-3,-9.11346E-3,-8.54105E-3,-9.27435E-3,-9.21284E-3,-8.78907E-3,-7.74176E-3,-1.07427E-2,-9.80887E-3,-8.60628E-3
1.56438E+3,NaN,-6.48129E-4,5.23103E-5,-5.73157E-4,9.61984E-4,-3.70638E-5,2.18466E-4,2.15540E-4,6.27661E-4,7.60651E-4,-1.44370E-3,-1.09808E-3,-7.52464E-4,3.84049E-4,-4.78579E-4,-1.50817E-3,2.64670E-4,7.51270E-4,-2.05771E-4,-1.01936E-3,-8.08911E-4,-4.91598E-4,-8.79385E-4,-3.51152E-5,2.97539E-4,2.21558E-4,1.11384E-3,8.78118E-4,-4.70935E-4,1.85072E-4,9.02632E-4,7.10335E-4,6.51379E-4,-1.65520E-4,-1.55610E-4,3.04967E-4,-5.39149E-4,1.03753E-3,8.29107E-3,4.76222E-3,7.23777E-2,1.89060E-1,7.75931E-2,-2.27553E-1,-3.27875E-1,-1.60579E-1,6.35735E-3,3.46252E-2,1.04842E-2,6.02964E-3,5.61921E-3,3.98717E-3,3.83597E-3,4.07872E-3,3.63122E-3,3.14495E-3,2.86861E-3,3.14883E-3,2.16250E-3,8.31611E-4,7.67279E-4,1.72005E-3,7.69378E-4,-9.57229E-4,-1.65262E-3,-1.02463E-3,-8.06051E-4,-9.03278E-4,-2.06501E-3,-4.06132E-3,-4.28689E-3,-5.27210E-3,-5.93759E-3,-5.60361E-3,-5.58217E-3,-5.58073E-3,-6.34399E-3,-7.49896E-3,-8.41523E-3,-8.56305E-3,-9.48328E-3,-9.80637E-3,-9.21400E-3,-9.43374E-3,-1.07552E-2,-1.11967E-2,-1.04206E-2,-1.06531E-2,-1.08914E-2,-1.13644E-2,-1.09457E-2,-1.09089E-2,-1.18712E-2,-1.18249E-2,-1.21132E-2,-1.21764E-2,-1.25392E-2,-1.21878E-2,-1.17987E-2,-1.24969E-2,-1.28163E-2,-1.23004E-2,-1.10533E-2,-1.11349E-2,-1.01475E-2,-9.25777E-3,-1.02170E-2,-1.04280E-2,-1.02465E-2,-9.66384E-3,-1.02500E-2,-1.04902E-2,-9.31969E-3,-9.48156E-3,-1.04647E-2,-1.07488E-2,-1.14626E-2,-1.11477E-2,-1.11718E-2,-1.00559E-2,-1.26601E-2,-1.19352E-2,-1.26609E-2,-1.09027E-2,-1.13081E-2,-1.15111E-2,-1.19755E-2,-9.50612E-3,-9.54769E-3,-9.22543E-3,-8.01813E-3,-8.63246E-3,-9.01192E-3,-9.32661E-3,-9.92336E-3,-8.76678E-3,-8.05303E-3
1.56790E+3,NaN,-1.09920E-4,1.75981E-3,9.13611E-5,7.35577E-4,-3.52292E-4,-6.60995E-4,-1.07923E-3,9.92818E-4,-3.21557E-4,3.20836E-4,-3.70958E-4,-1.06275E-3,-2.86142E-4,-8.98499E-4,6.43520E-5,4.11404E-4,3.91230E-4,-3.08634E-4,1.12198E-4,7.92838E-4,6.62310E-4,-8.54927E-4,-2.46212E-4,1.18827E-3,9.82947E-4,6.51191E-4,5.06480E-5,-2.85384E-4,9.28668E-4,5.18153E-4,2.54874E-4,1.42567E-3,7.55084E-5,1.98368E-4,5.49019E-4,6.79403E-4,1.33725E-5,1.07225E-2,5.44362E-3,7.41899E-2,1.91316E-1,6.28812E-2,-2.47086E-1,-3.19637E-1,-1.45665E-1,1.09016E-2,2.95885E-2,9.28678E-3,5.77249E-3,4.84819E-3,4.64825E-3,5.18697E-3,4.76367E-3,3.58962E-3,3.22182E-3,2.59525E-3,2.48756E-3,1.88583E-3,1.10080E-3,1.27400E-3,1.93744E-3,-1.16626E-4,-4.84635E-4,-1.44996E-3,-7.16479E-4,-6.79650E-4,-1.12803E-3,-2.94860E-3,-4.80801E-3,-4.10232E-3,-5.14183E-3,-4.59264E-3,-4.46827E-3,-6.42858E-3,-6.01790E-3,-6.04560E-3,-7.89120E-3,-9.36099E-3,-8.02414E-3,-8.84828E-3,-9.37749E-3,-1.01463E-2,-1.06143E-2,-1.14842E-2,-9.92049E-3,-1.03142E-2,-1.00503E-2,-1.05371E-2,-1.21009E-2,-1.22754E-2,-1.20694E-2,-1.10210E-2,-1.07468E-2,-1.12815E-2,-1.16141E-2,-1.17303E-2,-1.22003E-2,-1.25713E-2,-1.17295E-2,-1.10816E-2,-1.15324E-2,-1.17449E-2,-1.07962E-2,-9.98740E-3,-1.04405E-2,-1.10952E-2,-1.06022E-2,-9.93626E-3,-9.84021E-3,-1.17211E-2,-1.23263E-2,-9.80890E-3,-9.43576E-3,-9.96784E-3,-1.00276E-2,-1.07357E-2,-1.13288E-2,-1.08159E-2,-9.48147E-3,-1.28167E-2,-1.07486E-2,-1.26056E-2,-1.03777E-2,-1.13356E-2,-1.08835E-2,-1.04337E-2,-9.56224E-3,-8.50826E-3,-1.10026E-2,-8.88445E-3,-8.67516E-3,-8.22907E-3,-8.11036E-3,-1.22102E-2,-8.65045E-3,-8.80517E-3
1.57142E+3,NaN,-6.22316E-4,1.49987E-3,4.94516E-4,8.61759E-4,-8.37222E-4,-5.86331E-4,-2.59424E-4,1.14360E-3,1.34630E-3,-9.87687E-4,-1.66483E-3,-2.34197E-3,1.91866E-3,-6.56797E-4,1.21065E-3,1.02803E-3,2.29230E-4,3.34641E-4,-1.64369E-4,5.82424E-4,1.02019E-3,4.09305E-5,4.76612E-4,1.57676E-3,1.33177E-3,8.52971E-4,-3.67628E-4,-9.26222E-4,2.08903E-3,1.85406E-3,8.25597E-4,1.69027E-3,-3.23200E-4,4.57987E-4,-3.59625E-4,1.73048E-3,-3.66799E-3,1.72685E-2,4.43668E-3,6.91687E-2,2.04150E-1,6.46908E-2,-2.74574E-1,-3.30092E-1,-1.37058E-1,1.93082E-2,2.72517E-2,9.89917E-3,6.56822E-3,6.26458E-3,4.86232E-3,4.04763E-3,4.32497E-3,4.01424E-3,2.44838E-3,2.74018E-3,1.28526E-3,1.36228E-3,1.70070E-3,7.95111E-4,2.40281E-3,1.11138E-3,-7.69895E-4,2.07149E-5,5.45027E-4,-7.38790E-4,-6.99334E-4,-3.49848E-3,-4.30387E-3,-4.36833E-3,-4.93447E-3,-4.88550E-3,-4.39211E-3,-6.22027E-3,-5.28162E-3,-6.61924E-3,-7.91217E-3,-8.69495E-3,-7.98214E-3,-9.82661E-3,-8.23764E-3,-1.05238E-2,-1.12964E-2,-1.21692E-2,-9.85302E-3,-9.78302E-3,-9.87806E-3,-9.70102E-3,-1.20695E-2,-1.26685E-2,-1.09763E-2,-1.22710E-2,-1.15405E-2,-1.10753E-2,-1.14715E-2,-1.18499E-2,-1.21699E-2,-1.26191E-2,-1.33616E-2,-1.22549E-2,-1.11190E-2,-1.05559E-2,-1.04045E-2,-1.04638E-2,-9.76793E-3,-1.00613E-2,-1.10888E-2,-1.09295E-2,-9.78752E-3,-1.03286E-2,-1.12104E-2,-1.06041E-2,-9.41638E-3,-8.96537E-3,-9.35065E-3,-1.13587E-2,-1.18280E-2,-1.13496E-2,-1.05490E-2,-1.26939E-2,-1.35003E-2,-1.18802E-2,-9.92692E-3,-1.11875E-2,-1.19912E-2,-9.51282E-3,-1.00392E-2,-9.35188E-3,-1.06925E-2,-7.20630E-3,-7.84783E-3,-9.06772E-3,-8.35835E-3,-1.14527E-2,-1.05813E-2,-7.26484E-3
1.57494E+3,NaN,-2.15407E-4,1.47802E-3,-4.05386E-4,-4.77210E-4,-7.33490E-4,4.85043E-4,5.06376E-4,7.41220E-4,4.91519E-6,-7.52350E-4,-1.57938E-3,-2.40640E-3,2.98181E-4,-7.61481E-4,1.16944E-3,1.86217E-3,3.39160E-3,6.31981E-4,-1.03870E-4,-2.51491E-4,-5.04230E-4,1.53487E-5,8.93914E-4,3.41949E-3,2.35903E-3,1.94996E-3,1.82340E-3,7.57154E-4,1.34390E-3,1.09951E-3,1.69303E-5,1.79740E-3,-2.49024E-4,1.21100E-3,-1.29821E-3,3.10481E-3,-6.76918E-3,2.36776E-2,8.05637E-3,5.37424E-2,1.99027E-1,6.93366E-2,-3.12604E-1,-3.51655E-1,-1.29374E-1,3.47765E-2,2.84411E-2,7.83697E-3,5.98725E-3,6.10550E-3,8.52541E-3,7.88155E-3,4.27695E-3,5.34648E-3,1.18169E-3,3.15134E-3,2.46890E-3,3.21817E-3,1.07140E-3,-4.41326E-4,8.55951E-4,-8.07258E-4,5.76418E-5,-1.20152E-3,1.55164E-3,-4.18011E-4,-8.07968E-4,-3.71635E-3,-4.29697E-3,-3.45389E-3,-3.85964E-3,-4.85786E-3,-5.75836E-3,-4.20638E-3,-5.37026E-3,-5.74309E-3,-5.90907E-3,-8.56265E-3,-8.91765E-3,-9.96803E-3,-8.47098E-3,-1.04522E-2,-1.03612E-2,-1.11332E-2,-9.87915E-3,-1.02181E-2,-1.06003E-2,-1.10079E-2,-1.09471E-2,-1.02043E-2,-1.01079E-2,-9.66253E-3,-1.10231E-2,-1.07926E-2,-1.18325E-2,-1.07697E-2,-1.25067E-2,-1.18218E-2,-1.17902E-2,-1.26922E-2,-1.18882E-2,-1.12696E-2,-1.11667E-2,-1.07772E-2,-9.99589E-3,-9.72307E-3,-1.04867E-2,-1.06116E-2,-1.01448E-2,-1.07288E-2,-1.08512E-2,-1.08942E-2,-1.03541E-2,-1.08013E-2,-1.13948E-2,-1.08600E-2,-1.18905E-2,-1.15977E-2,-1.21010E-2,-1.21037E-2,-9.76191E-3,-1.14986E-2,-8.85811E-3,-1.02833E-2,-8.91592E-3,-1.01098E-2,-8.56337E-3,-9.11646E-3,-9.66933E-3,-8.23992E-3,-5.57368E-3,-8.97720E-3,-8.86482E-3,-1.18210E-2,-8.18378E-3,-7.84582E-3
1.57847E+3,NaN,-5.15823E-4,3.89401E-4,6.65430E-4,4.19066E-4,-1.44745E-3,-2.03023E-4,1.33591E-3,6.88203E-4,-5.05842E-4,-2.35216E-3,-2.83472E-3,-2.98415E-3,-1.94208E-4,-2.58767E-5,1.47658E-3,2.39664E-3,4.06037E-3,1.86625E-3,-2.30062E-4,-8.50966E-5,-4.50855E-4,-7.65700E-4,4.71781E-4,2.65982E-3,1.00808E-3,1.02583E-3,-2.03736E-4,9.24727E-4,2.29255E-4,7.87214E-4,1.28885E-3,2.34437E-3,-7.25696E-4,1.31316E-3,2.57005E-4,3.98170E-3,-5.20008E-3,2.29253E-2,1.45300E-2,5.10977E-2,1.84236E-1,5.92579E-2,-3.05858E-1,-3.38627E-1,-1.28657E-1,3.07553E-2,2.72951E-2,9.44668E-3,5.22037E-3,4.96814E-3,6.01404E-3,5.92649E-3,4.46108E-3,2.60557E-3,1.53888E-3,1.89179E-3,4.60097E-3,3.29283E-3,2.85223E-3,1.56737E-3,1.78803E-3,6.27007E-4,-2.89447E-4,1.21309E-3,1.84689E-3,-1.05472E-3,-3.70231E-4,-3.21357E-3,-4.08991E-3,-3.16716E-3,-2.55304E-3,-4.47929E-3,-7.14451E-3,-5.93274E-3,-7.05992E-3,-6.18364E-3,-7.71855E-3,-7.58955E-3,-9.21930E-3,-9.23506E-3,-9.28993E-3,-1.03886E-2,-1.07017E-2,-1.10007E-2,-1.16031E-2,-1.20952E-2,-9.14617E-3,-1.19644E-2,-1.10066E-2,-9.75412E-3,-1.00680E-2,-1.07666E-2,-1.13265E-2,-1.19805E-2,-1.19089E-2,-1.15680E-2,-1.15469E-2,-1.10590E-2,-1.22511E-2,-1.23721E-2,-1.16877E-2,-1.20458E-2,-1.02140E-2,-9.51659E-3,-1.06424E-2,-1.00277E-2,-1.02126E-2,-9.86045E-3,-1.00644E-2,-1.05994E-2,-9.95595E-3,-9.59033E-3,-1.10651E-2,-1.13824E-2,-1.03244E-2,-9.84879E-3,-1.10561E-2,-1.17642E-2,-1.21368E-2,-1.18097E-2,-1.00024E-2,-1.12655E-2,-1.13918E-2,-9.50161E-3,-7.51486E-3,-1.05455E-2,-1.00470E-2,-9.61748E-3,-1.09083E-2,-9.19475E-3,-1.00731E-2,-6.84077E-3,-1.03677E-2,-1.14309E-2,-1.01019E-2,-9.27130E-3
1.58199E+3,NaN,-3.14768E-4,1.03111E-3,5.77978E-5,-4.70946E-4,-8.93707E-4,1.12506E-3,9.81128E-4,1.07289E-3,-9.10749E-4,-1.41360E-3,-1.99026E-3,-1.73672E-3,1.82279E-4,-4.30603E-4,2.75040E-3,2.56028E-3,2.47940E-3,6.94990E-4,1.32770E-3,4.54378E-4,2.76540E-4,-2.36170E-4,1.04191E-3,2.16800E-3,1.67335E-3,1.99063E-4,1.31124E-3,2.16303E-3,5.81811E-5,-7.35749E-5,1.81448E-3,1.60642E-3,3.43097E-4,1.15731E-3,-2.09525E-4,6.99597E-5,-2.40791E-3,1.99627E-2,1.60992E-2,4.85764E-2,1.56688E-1,3.15887E-2,-2.98606E-1,-3.28997E-1,-1.23723E-1,2.15379E-2,2.61319E-2,9.34319E-3,4.48434E-3,5.38412E-3,6.06509E-3,5.22802E-3,3.75794E-3,6.94760E-3,3.03333E-3,2.30335E-3,2.61942E-3,1.86912E-3,-3.89167E-5,1.40400E-3,-3.87177E-4,2.81407E-4,-5.26026E-4,-3.45736E-4,3.95047E-3,5.48879E-4,-1.55811E-3,-4.14441E-3,-4.51573E-3,-5.80509E-3,-4.50339E-3,-6.79805E-3,-6.61838E-3,-6.69730E-3,-5.68801E-3,-4.74085E-3,-6.96111E-3,-8.08692E-3,-8.06914E-3,-9.34239E-3,-8.96686E-3,-1.06574E-2,-1.00467E-2,-1.04877E-2,-1.11412E-2,-1.23049E-2,-1.07868E-2,-1.23064E-2,-1.14086E-2,-1.15581E-2,-9.49281E-3,-9.57261E-3,-1.08300E-2,-1.15006E-2,-1.06395E-2,-1.14598E-2,-1.05560E-2,-1.03273E-2,-1.13689E-2,-1.27414E-2,-1.23035E-2,-1.15911E-2,-9.82028E-3,-9.50949E-3,-9.14377E-3,-8.94818E-3,-1.10459E-2,-1.09027E-2,-9.54334E-3,-1.04991E-2,-9.60650E-3,-9.26988E-3,-1.08160E-2,-1.07615E-2,-1.04579E-2,-1.11060E-2,-1.14434E-2,-1.18206E-2,-1.16678E-2,-1.30030E-2,-1.06266E-2,-1.01652E-2,-9.11796E-3,-1.00324E-2,-9.40224E-3,-8.04637E-3,-1.06192E-2,-8.79785E-3,-1.13621E-2,-7.51576E-3,-7.12504E-3,-7.97765E-3,-9.42065E-3,-1.02172E-2,-8.01566E-3,-9.78248E-3
1.58552E+3,NaN,-6.01524E-5,-1.18448E-6,1.83683E-4,-5.89156E-4,-5.16111E-4,1.27517E-3,8.19987E-4,1.55291E-3,6.86318E-4,-1.05981E-4,-8.96891E-4,-8.89634E-4,3.12630E-4,1.89295E-3,2.78413E-3,2.01972E-3,3.46257E-3,2.32782E-3,1.38793E-3,1.52997E-3,1.51319E-3,-2.90969E-4,1.62943E-3,3.59469E-3,1.75174E-3,6.39476E-4,5.16955E-4,1.95444E-3,2.19097E-3,3.01343E-3,2.46335E-3,1.77875E-3,5.42766E-4,1.32475E-3,2.20263E-3,-1.92709E-4,3.22311E-3,2.14541E-2,1.70508E-2,5.98151E-2,1.54157E-1,1.08727E-2,-2.93671E-1,-3.10860E-1,-1.19497E-1,1.73082E-2,2.66245E-2,9.87936E-3,7.05589E-3,6.54291E-3,7.27177E-3,6.51078E-3,5.94339E-3,4.62970E-3,3.07849E-3,4.48464E-3,4.34647E-3,3.63798E-3,2.87018E-3,2.51749E-3,1.58529E-3,-8.85818E-4,-1.10544E-3,6.29872E-4,2.22220E-3,7.86472E-4,-1.26261E-3,-4.99360E-3,-4.56586E-3,-3.11897E-3,-3.44183E-3,-4.95747E-3,-6.12385E-3,-5.98416E-3,-5.14475E-3,-5.07016E-3,-7.32270E-3,-7.92434E-3,-8.46940E-3,-8.71663E-3,-8.17564E-3,-1.00918E-2,-1.15902E-2,-1.10154E-2,-8.02326E-3,-9.65015E-3,-9.54519E-3,-1.06693E-2,-1.18510E-2,-1.06281E-2,-9.42655E-3,-8.71374E-3,-1.04373E-2,-1.07529E-2,-1.18352E-2,-1.06761E-2,-1.07661E-2,-1.16320E-2,-1.25463E-2,-1.17809E-2,-1.09541E-2,-1.07572E-2,-8.97440E-3,-1.00909E-2,-8.17375E-3,-9.28209E-3,-9.59740E-3,-1.02329E-2,-1.09110E-2,-1.01793E-2,-1.06630E-2,-1.01483E-2,-1.01789E-2,-9.88520E-3,-9.31655E-3,-1.12948E-2,-1.18369E-2,-1.33561E-2,-1.07710E-2,-1.16239E-2,-9.93397E-3,-1.20524E-2,-1.02241E-2,-8.91776E-3,-9.49410E-3,-8.81301E-3,-1.04590E-2,-8.56011E-3,-1.07397E-2,-6.15545E-3,-8.22187E-3,-7.43094E-3,-7.91131E-3,-1.12933E-2,-7.50921E-3,-6.06842E-3
1.58904E+3,NaN,9.32530E-7,6.08409E-4,9.37268E-4,-1.09593E-3,-2.10740E-3,8.14708E-4,2.02472E-3,1.90291E-3,2.09286E-3,-1.42946E-4,-2.04749E-3,-1.09006E-3,5.22932E-4,2.47283E-3,3.98273E-3,3.45796E-3,2.94640E-3,1.50393E-3,1.30463E-3,1.20840E-3,-4.82700E-4,-1.82078E-3,3.42155E-5,2.80428E-3,2.92343E-3,1.17577E-3,9.29967E-4,1.82480E-3,1.38934E-3,1.68314E-3,3.85920E-3,2.99406E-3,1.04496E-3,3.36351E-4,5.24552E-4,-2.11382E-4,5.14868E-3,2.26783E-2,1.51522E-2,5.68527E-2,1.37822E-1,-2.78265E-2,-3.02619E-1,-3.01336E-1,-1.08401E-1,1.68893E-2,2.56672E-2,1.12690E-2,7.68415E-3,9.35028E-3,9.16573E-3,5.56514E-3,5.23622E-3,4.02927E-3,3.05081E-3,5.01837E-3,5.54956E-3,4.02064E-3,3.12322E-3,3.13363E-3,1.60429E-3,5.03151E-4,4.87676E-4,2.54544E-3,2.40944E-3,6.08102E-4,-1.05766E-3,-3.66775E-3,-4.31392E-3,-3.76996E-3,-3.49888E-3,-5.87606E-3,-6.28996E-3,-6.17515E-3,-7.00271E-3,-6.56342E-3,-7.20353E-3,-7.80160E-3,-8.16465E-3,-9.15608E-3,-1.03607E-2,-1.10236E-2,-1.11937E-2,-9.07070E-3,-8.45916E-3,-9.51807E-3,-8.48413E-3,-9.02862E-3,-1.11109E-2,-1.16684E-2,-1.06264E-2,-1.03069E-2,-1.08603E-2,-1.12681E-2,-1.20316E-2,-9.36543E-3,-9.47478E-3,-9.43864E-3,-1.19000E-2,-1.36808E-2,-1.19779E-2,-1.23692E-2,-9.44673E-3,-8.28708E-3,-1.00513E-2,-9.56008E-3,-8.40341E-3,-8.28926E-3,-9.88974E-3,-1.04973E-2,-1.12522E-2,-1.13297E-2,-1.11461E-2,-9.16864E-3,-9.46353E-3,-1.15658E-2,-1.31971E-2,-1.08330E-2,-9.31061E-3,-1.04157E-2,-8.03585E-3,-1.07140E-2,-8.26765E-3,-8.99759E-3,-7.91681E-3,-9.07441E-3,-1.19486E-2,-1.03587E-2,-1.14234E-2,-5.42138E-3,-5.38431E-3,-5.62343E-3,-8.98736E-3,-1.10161E-2,-8.66888E-3,-6.96928E-3
1.59257E+3,NaN,2.51242E-4,2.61943E-4,-6.75985E-4,-4.97014E-4,9.10460E-4,6.16311E-4,4.47901E-4,8.14024E-4,-6.11087E-4,-2.06307E-3,-2.61366E-3,-1.14923E-3,-2.40065E-4,3.60945E-3,4.88640E-3,5.02143E-3,4.26018E-3,2.65219E-3,1.12538E-3,1.74912E-5,-4.18095E-4,-3.97403E-4,1.08450E-3,2.51313E-3,2.82809E-3,7.58047E-4,1.01365E-3,8.77653E-4,5.59311E-4,4.83863E-4,1.90061E-3,1.28064E-3,6.02628E-4,1.86376E-3,1.92153E-3,-4.59868E-4,4.92917E-3,2.61660E-2,1.02238E-2,6.09086E-2,1.51057E-1,-4.14100E-2,-3.03464E-1,-2.87416E-1,-9.79068E-2,1.74418E-2,2.52656E-2,1.06444E-2,4.86095E-3,7.83418E-3,9.60160E-3,7.47655E-3,7.43729E-3,5.71455E-3,3.28853E-3,4.63222E-3,5.60967E-3,4.30763E-3,4.93141E-3,3.70998E-3,7.41485E-4,-3.92268E-4,-1.02057E-3,2.04572E-3,2.29722E-3,2.20768E-3,-1.34399E-3,-3.81864E-3,-4.49321E-3,-3.44064E-3,-2.67298E-3,-5.68860E-3,-6.47363E-3,-6.09209E-3,-7.05802E-3,-7.79624E-3,-6.92495E-3,-6.08364E-3,-7.49629E-3,-9.76767E-3,-9.31108E-3,-9.50464E-3,-1.12453E-2,-1.03668E-2,-1.03908E-2,-1.11243E-2,-9.70607E-3,-9.26418E-3,-9.64144E-3,-1.01387E-2,-1.00852E-2,-9.20296E-3,-1.03828E-2,-1.30919E-2,-1.24679E-2,-8.63023E-3,-9.28769E-3,-1.03330E-2,-1.07866E-2,-1.25377E-2,-1.17328E-2,-1.16819E-2,-9.58777E-3,-1.10163E-2,-9.68436E-3,-9.14329E-3,-1.06934E-2,-1.08830E-2,-1.06782E-2,-9.00216E-3,-9.15262E-3,-9.65371E-3,-9.21894E-3,-8.87389E-3,-8.99990E-3,-1.03251E-2,-1.26072E-2,-1.21902E-2,-1.23380E-2,-1.14214E-2,-8.83465E-3,-9.28228E-3,-7.65720E-3,-9.31209E-3,-7.16693E-3,-7.91064E-3,-1.02875E-2,-7.18241E-3,-1.24772E-2,-5.70050E-3,-9.00108E-3,-6.43024E-3,-9.94275E-3,-1.00460E-2,-9.51351E-3,-7.83401E-3
1.59610E+3,NaN,2.37863E-4,1.07747E-3,1.00511E-3,-4.21451E-4,-7.27565E-4,-3.28962E-4,-6.04189E-4,4.97666E-4,-2.24568E-4,-1.33506E-3,-1.24200E-3,1.22076E-3,8.30316E-4,4.43941E-3,3.37157E-3,5.10406E-3,4.39656E-3,3.12173E-3,1.98914E-3,8.71732E-4,8.70259E-5,9.04190E-4,1.89779E-3,3.02238E-3,3.12196E-3,8.74301E-4,2.86905E-3,2.58727E-3,1.02302E-3,5.33204E-5,2.54213E-3,2.09101E-3,1.49616E-3,7.66012E-4,-2.53527E-4,2.90571E-3,4.91016E-3,3.01740E-2,5.00667E-3,5.77885E-2,1.63758E-1,-5.94417E-2,-3.17698E-1,-2.79476E-1,-8.82594E-2,1.79538E-2,2.21508E-2,1.23766E-2,7.14083E-3,8.76613E-3,8.25817E-3,6.97397E-3,6.85035E-3,3.36723E-3,3.43411E-3,6.56932E-3,6.56686E-3,4.00498E-3,1.32394E-3,1.33244E-3,1.86972E-3,8.27970E-4,-1.65587E-3,4.29914E-3,3.39178E-3,-2.01152E-4,-2.42330E-3,-3.49356E-3,-4.40016E-3,-2.65657E-3,-4.27930E-3,-5.78944E-3,-5.32668E-3,-4.33377E-3,-4.20482E-3,-5.08996E-3,-5.97347E-3,-6.30652E-3,-8.25019E-3,-8.74701E-3,-9.91017E-3,-1.07345E-2,-1.09550E-2,-8.88884E-3,-1.05383E-2,-1.06241E-2,-1.10205E-2,-1.02228E-2,-9.72318E-3,-9.35142E-3,-9.96984E-3,-9.62767E-3,-1.26852E-2,-1.30643E-2,-1.32942E-2,-9.11259E-3,-7.60862E-3,-9.24884E-3,-1.11714E-2,-1.26246E-2,-1.02596E-2,-1.06077E-2,-7.03167E-3,-7.87637E-3,-8.89311E-3,-9.15281E-3,-9.48448E-3,-1.08703E-2,-1.01212E-2,-9.53742E-3,-9.51305E-3,-8.95136E-3,-8.17475E-3,-8.16183E-3,-8.39278E-3,-9.01749E-3,-1.23936E-2,-1.08593E-2,-1.01197E-2,-1.15328E-2,-8.40628E-3,-9.20270E-3,-9.63272E-3,-8.68762E-3,-7.17600E-3,-7.90120E-3,-1.02633E-2,-8.25770E-3,-1.02885E-2,-7.22766E-3,-7.32514E-3,-5.91301E-3,-7.81072E-3,-1.04323E-2,-9.49239E-3,-7.15544E-3
1.59963E+3,NaN,1.45114E-3,6.78234E-4,-1.28745E-3,-1.80614E-3,-4.15531E-4,1.56371E-3,2.77736E-3,2.21882E-3,1.47887E-3,-2.16826E-3,-4.22360E-3,-8.71256E-4,-5.76859E-4,6.30413E-3,4.92543E-3,4.80606E-3,3.87409E-3,2.48900E-3,3.02884E-3,2.66152E-3,-8.47705E-4,-1.33509E-3,1.95044E-3,4.89605E-3,4.55309E-3,2.30566E-3,3.07155E-3,3.51114E-3,2.02989E-3,2.90681E-3,3.74756E-3,1.32577E-3,2.30207E-3,-4.12759E-4,-1.71677E-3,8.29868E-3,7.75398E-4,4.22797E-2,5.10148E-3,5.13309E-2,1.67650E-1,-7.54123E-2,-3.47169E-1,-2.80855E-1,-7.68055E-2,2.51033E-2,2.03149E-2,8.50725E-3,7.93004E-3,8.19486E-3,7.79501E-3,6.56121E-3,8.07348E-3,3.04006E-3,4.07353E-3,6.91348E-3,4.40774E-3,3.29660E-3,4.33650E-3,1.69038E-3,2.45307E-3,8.90988E-4,6.20842E-4,4.86604E-3,2.86756E-3,2.94759E-3,-2.56742E-3,-3.54142E-3,-2.39884E-3,-2.41407E-3,-2.13100E-3,-5.05535E-3,-5.58483E-3,-6.11684E-3,-3.97876E-3,-6.49683E-3,-6.13679E-3,-6.70334E-3,-7.53789E-3,-7.82829E-3,-1.18764E-2,-1.15631E-2,-1.05986E-2,-7.52392E-3,-1.02533E-2,-7.87242E-3,-8.12232E-3,-1.09092E-2,-1.15212E-2,-1.22430E-2,-8.40892E-3,-9.59891E-3,-1.38345E-2,-1.10605E-2,-1.35121E-2,-8.26040E-3,-7.77108E-3,-6.76563E-3,-8.16588E-3,-1.13965E-2,-8.92893E-3,-1.06615E-2,-8.72768E-3,-9.98773E-3,-8.40330E-3,-9.25749E-3,-8.61935E-3,-1.01284E-2,-1.01812E-2,-1.02875E-2,-8.58483E-3,-8.36220E-3,-1.00995E-2,-8.23686E-3,-9.95049E-3,-7.77781E-3,-1.14085E-2,-1.16877E-2,-1.12319E-2,-1.00111E-2,-7.09063E-3,-8.21537E-3,-1.00668E-2,-1.05398E-2,-6.28832E-3,-8.04947E-3,-1.05348E-2,-7.93120E-3,-1.14927E-2,-4.39076E-3,-4.09764E-3,-6.70822E-3,-6.77593E-3,-9.36880E-3,-8.84565E-3,-7.54469E-3
1.60315E+3,NaN,1.79960E-3,9.00402E-4,-7.13988E-4,-2.37442E-3,-1.89837E-4,6.62222E-4,2.53534E-3,2.43365E-3,1.39151E-3,-1.44248E-3,-2.82382E-3,5.63975E-4,2.99349E-3,1.05480E-2,5.67500E-3,5.85224E-3,4.59240E-3,4.27815E-3,2.82986E-3,3.21183E-3,-3.61276E-4,9.14306E-4,3.00795E-3,3.83339E-3,5.94251E-3,2.73680E-3,2.33569E-3,3.94257E-4,7.56151E-4,4.86606E-3,7.59043E-3,2.32899E-4,2.36974E-3,1.73181E-3,-1.77396E-3,1.47739E-2,-4.21862E-3,5.03737E-2,5.60761E-3,4.58942E-2,1.92614E-1,-7.76235E-2,-3.66296E-1,-2.92100E-1,-6.74567E-2,3.63962E-2,2.16837E-2,9.71499E-3,7.46546E-3,1.17143E-2,1.08015E-2,5.18401E-3,9.45949E-3,2.79807E-3,5.04601E-3,7.52824E-3,7.55371E-3,3.60466E-3,5.83363E-3,2.12123E-3,3.23164E-3,2.74490E-3,1.77663E-3,7.78573E-3,3.69980E-3,4.98112E-3,-6.15670E-3,-2.58644E-3,-3.68538E-3,-1.18662E-3,-2.73870E-3,-6.67888E-3,-5.99039E-3,-6.98131E-3,-5.41338E-3,-3.92127E-3,-7.87301E-3,-7.24556E-3,-5.33028E-3,-9.30566E-3,-8.80075E-3,-1.04622E-2,-1.14941E-2,-4.28886E-3,-1.23363E-2,-1.01358E-2,-9.26817E-3,-7.10835E-3,-1.05068E-2,-1.13411E-2,-9.21311E-3,-9.02208E-3,-1.31219E-2,-1.05244E-2,-1.08811E-2,-9.95466E-3,-8.55078E-3,-9.08623E-3,-1.04457E-2,-1.15597E-2,-8.76219E-3,-8.70230E-3,-7.01214E-3,-8.88246E-3,-8.43523E-3,-1.02541E-2,-9.56054E-3,-9.98562E-3,-9.65448E-3,-9.76392E-3,-9.25626E-3,-9.14454E-3,-8.99159E-3,-7.37440E-3,-9.95429E-3,-7.31908E-3,-1.31492E-2,-1.43453E-2,-1.00516E-2,-6.96435E-3,-8.47067E-3,-1.12739E-2,-1.00919E-2,-8.26559E-3,-8.41619E-3,-9.47091E-3,-8.73209E-3,-5.84890E-3,-1.17568E-2,-3.72155E-3,-7.09967E-3,-5.37000E-3,-7.33384E-3,-8.50147E-3,-9.23976E-3,-9.31071E-3
1.60668E+3,NaN,1.83104E-3,-5.34767E-4,-1.74888E-3,-1.44830E-3,1.01672E-3,-6.42661E-4,-2.90492E-5,1.15785E-3,1.37549E-3,-2.20508E-3,-3.14405E-3,9.79979E-4,2.31237E-3,5.13971E-3,2.71021E-3,4.48085E-3,5.03250E-3,5.24141E-3,2.90407E-3,1.13619E-3,-4.05447E-4,1.35192E-3,2.04788E-3,1.51968E-3,1.29425E-3,6.99662E-4,1.86737E-3,1.10269E-3,-1.33428E-3,1.53010E-3,2.10200E-3,-5.11874E-4,2.49571E-3,3.04744E-3,2.24729E-3,1.07055E-2,-1.29810E-3,4.48628E-2,1.77269E-2,5.82236E-2,1.61135E-1,-7.72903E-2,-3.43280E-1,-2.72600E-1,-7.30191E-2,3.23997E-2,2.04919E-2,8.70445E-3,7.85015E-3,9.94483E-3,1.09643E-2,6.24269E-3,8.62400E-3,4.55550E-3,6.88294E-3,7.32604E-3,2.90992E-3,2.39396E-3,3.81683E-3,1.14910E-3,3.57385E-3,6.21075E-4,3.13650E-4,6.82112E-3,3.63475E-3,2.39711E-3,-1.66508E-3,-3.53000E-3,-2.19439E-3,-1.68513E-4,-4.36447E-3,-7.63498E-3,-6.06676E-3,-6.27770E-3,-5.06180E-3,-4.83579E-3,-5.40281E-3,-9.10554E-3,-8.25602E-3,-9.27395E-3,-9.97245E-3,-1.11986E-2,-9.97598E-3,-6.86960E-3,-1.03839E-2,-7.52017E-3,-1.00894E-2,-7.11633E-3,-1.13150E-2,-1.20756E-2,-7.46340E-3,-1.16811E-2,-1.42139E-2,-1.13191E-2,-1.12411E-2,-9.02984E-3,-8.00329E-3,-9.80243E-3,-1.00850E-2,-1.18267E-2,-1.07312E-2,-1.16083E-2,-1.01322E-2,-9.58783E-3,-7.65441E-3,-9.64493E-3,-1.30816E-2,-1.15302E-2,-9.59153E-3,-1.18606E-2,-9.82718E-3,-9.41978E-3,-1.06261E-2,-9.30947E-3,-9.75307E-3,-1.06062E-2,-1.31319E-2,-1.16245E-2,-1.00771E-2,-9.67948E-3,-4.63364E-3,-8.69501E-3,-9.06665E-3,-9.74859E-3,-7.09632E-3,-5.62862E-3,-1.02982E-2,-7.45121E-3,-7.94528E-3,-8.17819E-3,-5.13218E-3,-9.05190E-3,-9.71851E-3,-6.43125E-3,-8.60316E-3,-8.50186E-3
1.61021E+3,NaN,3.39392E-3,7.39756E-4,-2.39266E-3,-1.90521E-3,6.52276E-4,-4.19356E-5,-2.19048E-3,-2.18766E-3,-1.86917E-3,-3.52321E-3,-3.33034E-3,-6.27822E-4,1.52497E-3,3.19141E-3,2.06315E-3,3.05872E-3,1.75764E-3,1.19326E-3,1.13082E-3,-9.50054E-4,-1.96190E-3,-1.06280E-3,1.59171E-3,2.76960E-3,8.89310E-4,3.05084E-4,3.40535E-5,-8.29567E-4,-2.16052E-3,1.10631E-3,8.54739E-4,-1.02424E-3,-1.28566E-3,-2.08810E-3,4.37336E-3,7.75021E-3,-6.35004E-5,3.70838E-2,2.13666E-2,6.64846E-2,1.32951E-1,-9.49748E-2,-3.40318E-1,-2.69128E-1,-7.54780E-2,2.54060E-2,1.91615E-2,8.56199E-3,7.29082E-3,8.23319E-3,5.98801E-3,6.55735E-3,7.28391E-3,3.74111E-3,6.15317E-3,4.01683E-3,2.57340E-3,2.03958E-3,1.68735E-3,-1.11287E-3,2.54036E-4,-1.20547E-3,-1.17513E-4,3.89374E-3,4.17560E-3,-1.98323E-3,-5.68950E-3,-4.60803E-3,-2.10784E-3,-3.38962E-3,-6.12686E-3,-1.01710E-2,-1.00960E-2,-8.89625E-3,-8.32622E-3,-9.59037E-3,-8.46430E-3,-8.96556E-3,-1.05079E-2,-1.15949E-2,-1.12742E-2,-1.22037E-2,-1.19709E-2,-1.08862E-2,-1.32676E-2,-1.18790E-2,-1.29433E-2,-1.03018E-2,-1.19084E-2,-1.39294E-2,-1.16843E-2,-1.20350E-2,-1.47441E-2,-1.26987E-2,-1.22077E-2,-1.16845E-2,-9.90599E-3,-1.17130E-2,-1.00383E-2,-1.42294E-2,-1.48691E-2,-1.45394E-2,-1.11835E-2,-1.01872E-2,-1.11091E-2,-1.41509E-2,-1.27887E-2,-1.28575E-2,-1.27943E-2,-1.17108E-2,-1.16265E-2,-1.15572E-2,-1.13353E-2,-1.00205E-2,-1.12632E-2,-1.21515E-2,-1.64183E-2,-1.77329E-2,-1.13537E-2,-1.27597E-2,-9.07336E-3,-1.28103E-2,-1.33188E-2,-9.89409E-3,-8.59118E-3,-8.84648E-3,-1.46061E-2,-9.68315E-3,-1.34661E-2,-4.39874E-3,-7.27179E-3,-6.89398E-3,-1.12018E-2,-1.17880E-2,-1.32827E-2,-1.03372E-2
1.61374E+3,NaN,1.24552E-3,-1.19768E-3,-7.38325E-4,2.90260E-4,-4.27524E-4,1.07512E-3,5.78875E-4,6.51963E-4,1.26507E-4,-1.25703E-3,-7.88796E-4,1.25635E-3,5.18100E-3,6.14064E-3,4.01353E-3,7.22371E-3,4.70130E-3,5.42782E-3,4.53607E-3,8.61613E-4,-8.56164E-4,1.77732E-3,4.08030E-3,5.06546E-3,2.78102E-3,3.19006E-3,5.40485E-3,8.50890E-4,-8.07564E-4,1.28485E-3,1.68186E-3,-1.28884E-4,-6.10453E-4,-9.36604E-4,6.01688E-3,5.91066E-3,8.22668E-3,3.47785E-2,2.55778E-2,7.97004E-2,1.15636E-1,-1.07815E-1,-3.23791E-1,-2.51012E-1,-6.64391E-2,2.49029E-2,2.11050E-2,1.25911E-2,7.78291E-3,1.06121E-2,8.66277E-3,6.43064E-3,7.76172E-3,6.79491E-3,1.03939E-2,7.67397E-3,3.65354E-3,1.97876E-3,2.39790E-3,1.91262E-3,3.56420E-3,1.05621E-3,2.29630E-3,6.57637E-3,6.38002E-3,3.47536E-3,-7.27724E-4,-2.56047E-3,-8.83932E-5,1.12163E-4,-4.66428E-3,-5.64162E-3,-6.33872E-3,-6.66648E-3,-5.59488E-3,-6.22736E-3,-6.16467E-3,-6.30077E-3,-7.91912E-3,-1.00946E-2,-9.31095E-3,-1.07045E-2,-1.08683E-2,-9.31631E-3,-9.14007E-3,-8.28300E-3,-8.60844E-3,-9.35414E-3,-1.18350E-2,-1.08284E-2,-9.03834E-3,-1.04962E-2,-1.26969E-2,-1.16135E-2,-1.05545E-2,-7.32010E-3,-6.75564E-3,-8.83762E-3,-7.68008E-3,-1.24833E-2,-1.20069E-2,-9.89248E-3,-9.51598E-3,-1.08015E-2,-6.81676E-3,-1.09471E-2,-1.13135E-2,-1.10940E-2,-1.12756E-2,-8.90003E-3,-9.27434E-3,-9.81804E-3,-8.14002E-3,-9.11846E-3,-6.51171E-3,-9.96261E-3,-1.26391E-2,-1.55834E-2,-1.19394E-2,-8.27198E-3,-5.57368E-3,-8.56860E-3,-8.76301E-3,-8.07941E-3,-6.58509E-3,-5.10493E-3,-1.34012E-2,-6.91648E-3,-7.50831E-3,-2.87842E-3,-3.90485E-3,-5.96970E-3,-8.72902E-3,-1.18698E-2,-1.04164E-2,-9.60280E-3
1.61727E+3,NaN,5.16700E-4,-2.79932E-4,-1.29618E-3,-1.19791E-4,8.67059E-4,-3.83169E-5,2.41532E-3,-5.84304E-4,1.05724E-3,-1.22690E-4,7.01811E-4,3.77488E-3,9.19919E-3,8.47267E-3,6.31186E-3,6.53607E-3,5.82032E-3,5.99535E-3,3.84045E-3,2.14495E-3,3.58611E-3,4.34116E-3,3.16490E-3,2.25072E-3,1.81238E-3,3.92649E-3,6.87627E-3,3.69038E-3,6.57251E-4,2.01219E-3,2.94715E-3,1.47278E-3,-2.18685E-3,-1.15253E-3,7.97752E-3,6.84596E-3,1.85303E-2,3.45956E-2,2.47942E-2,8.74967E-2,1.01371E-1,-1.29214E-1,-3.23341E-1,-2.43421E-1,-6.35596E-2,1.92674E-2,1.68958E-2,1.00295E-2,9.70603E-3,9.75913E-3,7.70660E-3,1.03543E-2,9.49899E-3,6.77808E-3,8.37707E-3,7.29416E-3,4.11163E-3,2.65124E-3,-1.47053E-4,-1.29375E-3,2.73821E-3,2.93085E-3,2.72333E-3,7.66404E-3,9.48757E-3,2.55744E-3,-2.74453E-3,-1.26114E-3,2.31567E-3,6.66886E-4,-5.50142E-3,-8.42433E-3,-8.12125E-3,-5.82050E-3,-5.38477E-3,-5.55673E-3,-5.51665E-3,-6.06457E-3,-9.21812E-3,-1.09877E-2,-1.02435E-2,-1.13067E-2,-8.82791E-3,-7.55491E-3,-8.47025E-3,-7.28885E-3,-8.33028E-3,-1.04548E-2,-1.23157E-2,-1.08074E-2,-1.01860E-2,-1.38313E-2,-1.30549E-2,-1.09001E-2,-9.62491E-3,-8.62622E-3,-6.29737E-3,-6.68611E-3,-1.07823E-2,-1.17221E-2,-1.44744E-2,-1.12716E-2,-5.68463E-3,-1.06735E-2,-6.83244E-3,-1.28697E-2,-1.01925E-2,-1.31676E-2,-1.09702E-2,-1.09679E-2,-1.11590E-2,-8.98698E-3,-1.02421E-2,-8.10723E-3,-8.76322E-3,-1.14455E-2,-1.38515E-2,-1.11438E-2,-1.13743E-2,-1.11948E-2,-2.24868E-3,-8.12556E-3,-1.06184E-2,-7.30556E-3,-6.65375E-3,-5.22007E-3,-1.26938E-2,-2.17623E-3,-1.04340E-2,-3.75061E-3,-4.36875E-3,-6.65222E-3,-7.26381E-3,-1.00354E-2,-8.77534E-3,-1.00354E-2
1.62080E+3,NaN,8.48516E-3,-2.60375E-4,-4.55359E-3,-1.97495E-3,-1.46125E-3,-2.79437E-3,-7.21180E-4,-1.10629E-3,1.80043E-3,-3.90972E-3,-3.07244E-3,2.12688E-3,8.23822E-3,6.34734E-3,6.42981E-3,5.42948E-3,6.81018E-3,7.08361E-3,5.61200E-3,2.79053E-3,9.47959E-4,1.49379E-3,4.97451E-3,6.68871E-3,1.74982E-3,5.35886E-3,7.34597E-3,-9.28841E-4,-1.57285E-3,-9.14013E-5,-1.66045E-4,-2.13069E-3,-3.42239E-3,4.24987E-4,7.72239E-3,4.89970E-3,1.92040E-2,3.68764E-2,2.51573E-2,1.02571E-1,1.11081E-1,-1.39018E-1,-3.16472E-1,-2.27449E-1,-5.12683E-2,1.82999E-2,1.48797E-2,7.73107E-3,1.03524E-2,1.21436E-2,5.17673E-3,9.76635E-3,7.26376E-3,6.35621E-3,9.87305E-3,7.09492E-3,5.31330E-4,2.37608E-3,9.81826E-4,1.92455E-4,2.29043E-3,-6.52935E-4,3.73728E-3,7.30575E-3,3.86369E-3,-1.84456E-3,-3.92850E-3,-7.79297E-4,1.75434E-3,-2.89774E-3,-8.98294E-3,-1.14054E-2,-1.18596E-2,-1.12483E-2,-6.72158E-3,-5.30339E-3,-8.41263E-3,-8.01884E-3,-1.02684E-2,-1.15830E-2,-1.13093E-2,-1.11918E-2,-9.31698E-3,-8.64301E-3,-8.50056E-3,-9.34138E-3,-9.88435E-3,-1.34320E-2,-1.45618E-2,-1.09058E-2,-1.19884E-2,-1.54797E-2,-1.34166E-2,-1.35294E-2,-1.02277E-2,-8.16590E-3,-6.45585E-3,-7.41406E-3,-8.96527E-3,-1.29718E-2,-1.24245E-2,-1.32167E-2,-7.55622E-3,-1.08361E-2,-9.07274E-3,-1.29394E-2,-1.28234E-2,-1.49045E-2,-1.37424E-2,-1.16025E-2,-1.14875E-2,-1.33941E-2,-1.33249E-2,-7.80046E-3,-1.16224E-2,-1.00493E-2,-1.78665E-2,-1.59844E-2,-1.80468E-2,-9.63691E-3,-4.24879E-3,-1.11075E-2,-7.07631E-3,-1.31731E-2,-6.35295E-3,-5.01559E-3,-1.68431E-2,-2.86952E-3,-1.34530E-2,-3.10424E-3,-3.94992E-3,-1.08753E-2,-8.25052E-3,-1.31209E-2,-1.05076E-2,-1.24903E-2
1.62434E+3,NaN,5.62366E-2,2.86393E-2,-6.41955E-2,-1.00473E-1,1.76693E-2,4.91907E-2,-5.27801E-2,5.86973E-2,3.87522E-2,7.29068E-2,-8.92591E-2,-5.09461E-2,-1.20491E-1,-7.06096E-2,-1.12932E-2,-8.99030E-2,-1.75519E-1,-1.18572E-1,-1.35011E-1,-9.04125E-2,-4.11300E-2,2.43871E-4,-5.84856E-2,6.74137E-3,-8.89753E-2,-1.39018E-1,-2.70802E-2,-9.83715E-2,-1.13538E-1,-6.89687E-2,-1.20756E-1,-1.10353E-1,-1.31078E-2,2.02655E-3,1.93691E-3,-4.85412E-2,-7.85641E-2,-1.12753E-1,-1.85438E-1,-1.35151E-1,-1.33960E-1,-6.12381E-2,-5.86305E-2,-6.20695E-2,-3.68408E-2,-1.38994E-1,-1.77720E-1,-1.70304E-1,-1.89590E-1,-1.39504E-1,-2.26785E-1,-1.52720E-1,-1.33491E-1,-1.12504E-1,-5.95833E-2,-1.00928E-1,-1.29278E-1,-2.06856E-1,-1.42422E-1,-1.33746E-1,-8.99372E-2,-5.23380E-2,-6.73313E-2,-1.15183E-1,-9.38639E-2,-1.21561E-1,-6.62996E-2,-1.37662E-1,-2.03106E-1,-2.28792E-1,-2.08169E-1,-2.66806E-1,-2.02581E-1,-2.00563E-1,-1.83060E-1,-1.98761E-1,-1.84023E-1,-2.76520E-1,-2.75029E-1,-1.56417E-1,-2.24340E-1,-1.31913E-1,-2.08518E-1,-2.75835E-1,-2.17604E-1,-1.67068E-1,-1.14389E-1,-2.22173E-1,-2.40219E-1,-2.03348E-1,-2.25162E-1,-1.62384E-1,-1.52286E-1,-1.77134E-1,-2.89305E-1,-1.88975E-1,-2.39281E-1,-1.35080E-1,-2.50963E-1,-1.90034E-1,-1.67170E-1,-1.14538E-1,-2.33422E-1,-2.43916E-1,-9.85643E-2,-7.40942E-2,-1.30194E-1,-1.42237E-1,-2.25640E-1,-2.65331E-1,-3.23658E-1,-3.18737E-1,-2.45739E-1,-2.88847E-1,-3.22660E-1,-2.59285E-1,-2.31640E-1,-2.30339E-1,-2.75073E-1,-3.60076E-1,-2.63216E-1,-1.23201E-1,-1.53911E-1,-2.15093E-1,-1.79215E-1,-1.04432E-1,-7.93941E-2,-1.31512E-1,-2.18879E-1,-1.05636E-1,-2.53566E-1,-1.72998E-1,-1.71262E-1,-3.46327E-1,-2.53719E-1,-2.03179E-1
1.62787E+3,NaN,-1.54025E-2,-1.27640E-3,6.25361E-2,-1.15821E-2,8.46716E-3,-4.34855E-2,-6.98832E-2,5.47657E-2,-6.98626E-2,7.41266E-2,4.49788E-2,5.70289E-2,8.79971E-2,9.97648E-2,3.55807E-2,5.45292E-2,1.31369E-1,6.16586E-2,1.28691E-2,2.14593E-2,1.03974E-2,2.34935E-2,-4.82378E-2,-2.74661E-2,2.38446E-2,1.31605E-1,1.00108E-2,8.78053E-2,9.88963E-2,3.31121E-3,7.44596E-2,1.13678E-1,3.53413E-2,-6.19676E-3,-2.35507E-2,8.47754E-2,-9.50602E-3,3.31480E-2,5.00806E-2,7.47433E-2,3.99497E-2,5.23153E-2,9.75305E-2,-6.26222E-3,1.13018E-1,5.70960E-2,1.62517E-1,1.33020E-2,4.42222E-2,1.96521E-1,1.89408E-1,1.14013E-1,5.32988E-2,4.21471E-2,-3.30310E-2,2.22594E-2,6.77406E-2,2.81592E-2,1.18551E-1,6.74066E-2,7.34853E-2,4.98008E-2,-3.01179E-2,7.77454E-2,8.68037E-2,1.26563E-1,1.30415E-1,1.59989E-1,1.85246E-1,1.59422E-1,1.82815E-1,1.82155E-1,2.17342E-1,1.32215E-1,8.19941E-2,8.56554E-2,8.75181E-2,2.01262E-1,1.51345E-1,1.38371E-1,2.46298E-1,1.19286E-1,2.16966E-1,2.47557E-1,2.42123E-1,1.51561E-1,7.85530E-2,1.02210E-1,2.03103E-1,1.32920E-1,1.19090E-1,1.21440E-1,1.30755E-1,1.20231E-1,2.29718E-1,2.31040E-1,4.65579E-2,1.88568E-1,2.48598E-1,2.28325E-1,1.11196E-1,6.92377E-2,2.08508E-1,1.36296E-1,6.44234E-2,7.27205E-2,7.25598E-2,4.72569E-2,6.54968E-2,2.09757E-1,2.63318E-1,2.24074E-1,2.41247E-1,2.21019E-1,1.46836E-1,2.12637E-1,2.97602E-1,1.48118E-1,3.70018E-1,1.84282E-1,1.87117E-1,1.37598E-1,1.07891E-1,5.70099E-2,1.30625E-1,1.66274E-1,1.21344E-1,8.73406E-2,1.51860E-1,-4.14129E-2,1.62442E-1,1.66296E-1,1.80633E-1,2.11678E-1,1.39150E-1,1.21099E-1
1.63140E+3,2.07531E-2,8.86680E-3,4.23972E-2,-4.51102E-2,-2.25339E-2,2.05208E-2,-2.48938E-2,2.49386E-2,-5.38353E-2,-9.71936E-3,-2.62310E-2,1.70684E-2,-5.08342E-2,-4.17753E-2,-4.50269E-2,-4.94591E-3,5.58962E-2,1.02653E-1,3.20303E-2,6.53475E-2,-3.77913E-2,-5.01917E-2,-1.75702E-2,2.44647E-2,-1.53618E-2,7.17637E-2,2.93523E-2,-2.97828E-2,6.92463E-3,-3.66593E-2,2.75249E-2,1.70183E-1,1.08050E-1,1.97374E-2,-7.17497E-2,-4.82802E-2,7.11183E-2,2.03202E-2,8.19333E-2,6.13685E-2,1.23763E-1,-2.33146E-2,8.43743E-2,9.01965E-2,2.81431E-2,9.45115E-2,4.84964E-2,2.08801E-1,1.23671E-1,4.41911E-2,1.27554E-1,1.60733E-1,6.45479E-2,7.72918E-2,3.86973E-2,5.96299E-2,4.63058E-2,7.58450E-2,7.74965E-2,9.52964E-2,9.31619E-2,8.44853E-2,1.09255E-2,3.26938E-2,5.90554E-2,1.30239E-2,1.25386E-1,4.56051E-2,9.98152E-2,1.36207E-1,1.20364E-1,1.61719E-1,1.40782E-1,1.18012E-1,1.09928E-1,1.26770E-1,5.09284E-2,2.07705E-1,2.40954E-1,1.87055E-1,1.44759E-1,4.68895E-2,1.72271E-1,1.44734E-1,1.93969E-1,3.76332E-2,5.05852E-2,3.35061E-2,8.41766E-2,1.47209E-1,9.36613E-2,1.12103E-1,7.38746E-2,7.06235E-2,9.90028E-2,1.46566E-1,5.09975E-2,1.16328E-1,-3.32210E-2,1.01841E-1,1.83738E-1,4.58327E-2,5.45247E-2,1.39063E-1,1.19410E-1,4.30139E-2,8.40859E-2,3.60867E-2,9.23734E-2,5.34306E-2,1.62239E-1,1.19375E-1,1.73513E-1,2.13690E-1,1.17616E-1,1.75818E-1,7.79131E-2,1.04357E-1,6.93129E-2,1.73861E-1,1.85226E-1,1.64411E-1,1.07950E-1,1.28689E-1,7.46866E-2,1.22470E-1,9.98607E-2,-6.28067E-2,7.07885E-2,1.06825E-1,7.38679E-2,4.27673E-2,8.29072E-2,1.16927E-2,1.83458E-1,1.76213E-1,NaN
file info:Date: December 22, 2025
Sample: 
Solvent: 
Pump energy (uJ): 
Pump wavelength (nm): 
Cuvette length (mm): 2
Comments: Time Zero: 67.480 ps
Averaging time: 1.5 s
Number of scans: 4
Measurement time: 00:19:25
Dec 24, 2025 9:55 PM : Background subtracted. Spectra used: 7
Dec 24, 2025 9:55 PM : Chirp corrected
Dec 24, 2025 9:55 PM : Data saved.
Jan 9, 2026 6:02 PM : Data saved.
Time units: ps
Z axis title: dA