0.00000E+0,-2.18870E+0,-2.08870E+0,-1.98870E+0,-1.88870E+0,-1.78870E+0,-1.68870E+0,-1.58870E+0,-1.48870E+0,-1.38870E+0,-1.28870E+0,-1.18870E+0,-1.15370E+0,-1.11870E+0,-1.08370E+0,-1.04870E+0,-1.01370E+0,-9.78704E-1,-9.43704E-1,-9.08704E-1,-8.73704E-1,-8.38704E-1,-8.03704E-1,-7.68704E-1,-7.33704E-1,-6.98704E-1,-6.63704E-1,-6.28704E-1,-5.93704E-1,-5.58704E-1,-5.23704E-1,-4.88704E-1,-4.53704E-1,-4.18704E-1,-3.83704E-1,-3.48704E-1,-3.13704E-1,-2.78704E-1,-2.43704E-1,-2.08704E-1,-1.73704E-1,-1.38704E-1,-1.03704E-1,-6.87045E-2,-3.37045E-2,1.29551E-3,3.62955E-2,7.12955E-2,1.06296E-1,1.41296E-1,1.76296E-1,2.11296E-1,2.46296E-1,2.81296E-1,3.16296E-1,3.51296E-1,3.86296E-1,4.21296E-1,4.56296E-1,4.91296E-1,5.26296E-1,5.61296E-1,5.96296E-1,6.31296E-1,6.66296E-1,7.01296E-1,7.36296E-1,7.71296E-1,8.06296E-1,8.41296E-1,8.76296E-1,9.11296E-1,9.46296E-1,9.81296E-1,1.01630E+0,1.05130E+0,1.08630E+0,1.12130E+0,1.15630E+0,1.19130E+0,1.22630E+0,1.26130E+0,1.29630E+0,1.33130E+0,1.36630E+0,1.40130E+0,1.43630E+0,1.47130E+0,1.50630E+0,1.54130E+0,1.57630E+0,1.61130E+0,1.64630E+0,1.68130E+0,1.71630E+0,1.75130E+0,1.78630E+0,1.93630E+0,2.08630E+0,2.23630E+0,2.38630E+0,2.53630E+0,2.68630E+0,2.83630E+0,2.98630E+0,3.13630E+0,3.28630E+0,3.43630E+0,3.58630E+0,3.73630E+0,3.88630E+0,4.03630E+0,4.18630E+0,4.33630E+0,4.48630E+0,4.63630E+0,4.78630E+0,6.78630E+0,8.78630E+0,1.07863E+1,1.27863E+1,1.47863E+1,1.67863E+1,1.87863E+1,2.07863E+1,2.27863E+1,2.47863E+1,2.67863E+1,2.87863E+1,3.07863E+1,3.27863E+1,3.47863E+1,3.67863E+1,3.87863E+1,4.07863E+1,4.27863E+1,4.47863E+1,4.67863E+1
7.49570E+2,NaN,NaN,NaN,NaN,NaN,NaN,NaN,NaN,NaN,NaN,NaN,NaN,NaN,NaN,NaN,NaN,NaN,NaN,NaN,NaN,NaN,NaN,NaN,NaN,NaN,NaN,NaN,NaN,NaN,NaN,NaN,NaN,NaN,NaN,NaN,NaN,NaN,NaN,NaN,NaN,NaN,NaN,NaN,NaN,NaN,NaN,NaN,NaN,NaN,NaN,NaN,NaN,NaN,NaN,NaN,NaN,NaN,NaN,NaN,NaN,NaN,NaN,NaN,NaN,NaN,NaN,NaN,NaN,NaN,NaN,NaN,NaN,NaN,NaN,NaN,NaN,NaN,NaN,NaN,NaN,NaN,NaN,NaN,NaN,NaN,NaN,NaN,NaN,NaN,NaN,NaN,NaN,NaN,NaN,NaN,NaN,NaN,NaN,NaN,-6.50803E-2,1.28874E-1,1.67395E-1,8.76618E-2,-4.29645E-1,-4.93474E-1,-4.25342E-1,-3.00978E-1,-5.45680E-1,-6.27531E-1,-6.23535E-1,-8.66283E-1,-5.68363E-1,-5.64666E-1,-7.36235E-1,-7.90357E-1,-7.62653E-1,-2.80264E-1,-6.21100E-1,-5.85509E-1,-9.85841E-1,-9.76984E-1,-6.17211E-1,-4.25697E-1,-4.36440E-1,-5.47834E-1,-6.84188E-1,-6.90782E-1,-6.46983E-1,-8.35198E-1,-6.84891E-1,-7.42953E-1,-6.50804E-1,-7.00675E-1,-7.60994E-1,-7.19365E-1,-9.46886E-1,-6.00871E-1
7.52953E+2,NaN,NaN,NaN,NaN,NaN,NaN,NaN,NaN,NaN,NaN,NaN,NaN,NaN,NaN,NaN,NaN,NaN,NaN,NaN,NaN,NaN,NaN,NaN,NaN,NaN,NaN,NaN,NaN,NaN,NaN,NaN,NaN,NaN,NaN,NaN,NaN,NaN,NaN,NaN,NaN,NaN,NaN,NaN,NaN,NaN,NaN,NaN,NaN,NaN,NaN,NaN,NaN,NaN,NaN,NaN,NaN,NaN,NaN,NaN,NaN,NaN,NaN,NaN,NaN,NaN,NaN,NaN,NaN,NaN,NaN,NaN,NaN,NaN,NaN,NaN,NaN,NaN,NaN,NaN,NaN,NaN,NaN,NaN,NaN,NaN,NaN,NaN,NaN,NaN,NaN,NaN,NaN,NaN,NaN,NaN,NaN,NaN,NaN,NaN,3.51243E-2,7.05958E-2,-3.39828E-2,-1.19398E-1,-1.14430E-1,-2.33113E-1,-1.61764E-1,-9.77044E-2,-1.17011E-1,-1.57342E-1,-1.18621E-1,-1.51249E-1,-1.35531E-1,-2.82844E-1,-1.77772E-1,-2.46779E-1,-2.30758E-1,-1.44404E-1,-1.53893E-1,-2.44978E-1,-3.37116E-1,-3.28575E-1,-1.93086E-1,-2.21746E-1,-2.14215E-1,-1.76636E-1,-1.54723E-1,-2.13727E-1,-2.30144E-1,-2.01294E-1,-2.43926E-1,-2.76644E-1,-2.58855E-1,-1.49227E-1,-2.21558E-1,-3.27681E-1,-3.98901E-1,-2.53531E-1
7.56337E+2,NaN,NaN,NaN,NaN,NaN,NaN,NaN,NaN,NaN,NaN,NaN,NaN,NaN,NaN,NaN,NaN,NaN,NaN,NaN,NaN,NaN,NaN,NaN,NaN,NaN,NaN,NaN,NaN,NaN,NaN,NaN,NaN,NaN,NaN,NaN,NaN,NaN,NaN,NaN,NaN,NaN,NaN,NaN,NaN,NaN,NaN,NaN,NaN,NaN,NaN,NaN,NaN,NaN,NaN,NaN,NaN,NaN,NaN,NaN,NaN,NaN,NaN,NaN,NaN,NaN,NaN,NaN,NaN,NaN,NaN,NaN,NaN,NaN,NaN,NaN,NaN,NaN,NaN,NaN,NaN,NaN,NaN,NaN,NaN,NaN,NaN,NaN,NaN,NaN,NaN,NaN,NaN,NaN,NaN,NaN,NaN,NaN,NaN,6.21641E-2,2.03781E-2,-3.10061E-2,1.56853E-1,-2.23397E-1,-7.55826E-2,-1.22350E-1,-1.12221E-1,-1.24012E-1,-1.79399E-1,-7.63293E-2,-1.93670E-1,-8.91484E-2,-1.62690E-1,-2.13591E-1,-1.51383E-1,-4.78531E-2,-1.82742E-1,-2.20655E-1,-1.20895E-1,-1.08220E-1,-1.67519E-1,-1.88890E-1,-1.60980E-1,-1.91949E-1,-1.42181E-1,-2.28776E-1,-3.34464E-1,-1.55861E-1,-2.13774E-1,-8.76524E-2,-1.53683E-1,-1.30201E-1,-2.29596E-1,-2.61179E-1,-2.26454E-1,-2.05838E-1,-2.97954E-1,-1.59679E-1
7.59722E+2,NaN,NaN,NaN,NaN,NaN,NaN,NaN,NaN,NaN,NaN,NaN,NaN,NaN,NaN,NaN,NaN,NaN,NaN,NaN,NaN,NaN,NaN,NaN,NaN,NaN,NaN,NaN,NaN,NaN,NaN,NaN,NaN,NaN,NaN,NaN,NaN,NaN,NaN,NaN,NaN,NaN,NaN,NaN,NaN,NaN,NaN,NaN,NaN,NaN,NaN,NaN,NaN,NaN,NaN,NaN,NaN,NaN,NaN,NaN,NaN,NaN,NaN,NaN,NaN,NaN,NaN,NaN,NaN,NaN,NaN,NaN,NaN,NaN,NaN,NaN,NaN,NaN,NaN,NaN,NaN,NaN,NaN,NaN,NaN,NaN,NaN,NaN,NaN,NaN,NaN,NaN,NaN,NaN,NaN,NaN,NaN,NaN,NaN,6.72534E-2,9.89952E-4,3.09583E-2,-8.07719E-2,-1.17887E-1,-2.71605E-1,-8.59616E-2,-1.70152E-3,-6.87406E-2,-1.53179E-1,-1.57895E-1,3.80284E-3,-1.32377E-1,-1.84748E-1,-1.94909E-1,-2.12402E-1,-1.43819E-1,-1.95495E-1,-1.17557E-1,-5.57618E-2,-7.11751E-2,-1.70563E-1,-2.31428E-1,-3.79416E-2,-1.99742E-1,-1.20712E-1,-8.45857E-2,-1.51414E-1,-2.45982E-1,-2.66264E-1,-9.65872E-2,-1.45984E-1,-8.45180E-2,-2.41385E-1,-1.80817E-1,-1.32968E-1,-1.95555E-1,-2.47663E-1,-6.72270E-2
7.63107E+2,NaN,NaN,NaN,NaN,NaN,NaN,NaN,NaN,NaN,NaN,NaN,NaN,NaN,NaN,NaN,NaN,NaN,NaN,NaN,NaN,NaN,NaN,NaN,NaN,NaN,NaN,NaN,NaN,NaN,NaN,NaN,NaN,NaN,NaN,NaN,NaN,NaN,NaN,NaN,NaN,NaN,NaN,NaN,NaN,NaN,NaN,NaN,NaN,NaN,NaN,NaN,NaN,NaN,NaN,NaN,NaN,NaN,NaN,NaN,NaN,NaN,NaN,NaN,NaN,NaN,NaN,NaN,NaN,NaN,NaN,NaN,NaN,NaN,NaN,NaN,NaN,NaN,NaN,NaN,NaN,NaN,NaN,NaN,NaN,NaN,NaN,NaN,NaN,NaN,NaN,NaN,NaN,NaN,NaN,NaN,NaN,NaN,-9.74762E-2,-7.13885E-3,-8.65682E-2,3.29189E-2,1.64088E-1,1.33923E-1,1.43384E-1,1.46587E-1,1.23784E-1,1.09091E-1,1.49520E-1,1.04490E-1,1.73947E-1,1.69686E-1,1.95277E-1,1.56357E-1,2.72790E-1,2.19751E-1,1.30017E-1,1.10937E-1,1.23615E-1,1.92043E-1,2.36566E-1,3.83995E-1,2.88152E-1,1.84697E-1,2.19081E-1,1.00663E-1,2.00202E-1,1.68202E-1,1.74763E-1,1.99506E-1,1.36412E-1,1.84151E-1,1.83106E-1,1.96942E-1,2.26309E-1,2.13256E-1,3.86002E-1,1.86295E-1
7.66493E+2,NaN,NaN,NaN,NaN,NaN,NaN,NaN,NaN,NaN,NaN,NaN,NaN,NaN,NaN,NaN,NaN,NaN,NaN,NaN,NaN,NaN,NaN,NaN,NaN,NaN,NaN,NaN,NaN,NaN,NaN,NaN,NaN,NaN,NaN,NaN,NaN,NaN,NaN,NaN,NaN,NaN,NaN,NaN,NaN,NaN,NaN,NaN,NaN,NaN,NaN,NaN,NaN,NaN,NaN,NaN,NaN,NaN,NaN,NaN,NaN,NaN,NaN,NaN,NaN,NaN,NaN,NaN,NaN,NaN,NaN,NaN,NaN,NaN,NaN,NaN,NaN,NaN,NaN,NaN,NaN,NaN,NaN,NaN,NaN,NaN,NaN,NaN,NaN,NaN,NaN,NaN,NaN,NaN,NaN,NaN,NaN,NaN,-3.15364E-2,1.53593E-1,1.35786E-2,3.02764E-2,-2.11741E-1,-2.87112E-1,-2.87858E-1,-5.60768E-2,-3.29190E-1,-1.48487E-1,-1.35749E-1,-1.73341E-1,-1.72424E-1,-1.80013E-1,-2.42924E-1,-3.68166E-1,-4.61197E-1,-3.81668E-1,-1.66967E-1,-3.01015E-2,-2.62827E-1,-2.15252E-1,-3.81733E-1,-4.72860E-1,-4.48708E-1,-2.61526E-1,-2.67824E-1,-2.27096E-1,-2.93413E-1,-3.53698E-1,-2.48071E-1,-3.12070E-1,-2.48246E-1,-2.95457E-1,-4.17779E-1,-4.96934E-1,-3.01874E-1,-2.98026E-1,-4.91414E-1,-2.58470E-1
7.69879E+2,NaN,NaN,NaN,NaN,NaN,NaN,NaN,NaN,NaN,NaN,NaN,NaN,NaN,NaN,NaN,NaN,NaN,NaN,NaN,NaN,NaN,NaN,NaN,NaN,NaN,NaN,NaN,NaN,NaN,NaN,NaN,NaN,NaN,NaN,NaN,NaN,NaN,NaN,NaN,NaN,NaN,NaN,NaN,NaN,NaN,NaN,NaN,NaN,NaN,NaN,NaN,NaN,NaN,NaN,NaN,NaN,NaN,NaN,NaN,NaN,NaN,NaN,NaN,NaN,NaN,NaN,NaN,NaN,NaN,NaN,NaN,NaN,NaN,NaN,NaN,NaN,NaN,NaN,NaN,NaN,NaN,NaN,NaN,NaN,NaN,NaN,NaN,NaN,NaN,NaN,NaN,NaN,NaN,NaN,NaN,NaN,NaN,-1.12795E-1,1.48716E-2,1.98866E-1,-2.24669E-1,-3.62242E-1,-3.57893E-1,-2.83771E-1,-9.26900E-2,-2.80071E-1,-2.40441E-1,-1.72959E-1,-2.31228E-1,-3.18608E-1,-4.90372E-1,-3.36755E-1,-5.23507E-1,-4.02928E-1,-4.25831E-1,-2.23114E-1,-3.74960E-1,-3.39743E-1,-3.55579E-1,-4.33970E-1,-5.91632E-1,-5.77620E-1,-4.61842E-1,-3.68929E-1,-5.21162E-1,-5.47314E-1,-3.18333E-1,-5.90638E-1,-3.39987E-1,-4.02026E-1,-4.15619E-1,-4.35020E-1,-5.54827E-1,-4.52863E-1,-4.78704E-1,-5.64566E-1,-5.06540E-1
7.73266E+2,NaN,NaN,NaN,NaN,NaN,NaN,NaN,NaN,NaN,NaN,NaN,NaN,NaN,NaN,NaN,NaN,NaN,NaN,NaN,NaN,NaN,NaN,NaN,NaN,NaN,NaN,NaN,NaN,NaN,NaN,NaN,NaN,NaN,NaN,NaN,NaN,NaN,NaN,NaN,NaN,NaN,NaN,NaN,NaN,NaN,NaN,NaN,NaN,NaN,NaN,NaN,NaN,NaN,NaN,NaN,NaN,NaN,NaN,NaN,NaN,NaN,NaN,NaN,NaN,NaN,NaN,NaN,NaN,NaN,NaN,NaN,NaN,NaN,NaN,NaN,NaN,NaN,NaN,NaN,NaN,NaN,NaN,NaN,NaN,NaN,NaN,NaN,NaN,NaN,NaN,NaN,NaN,NaN,NaN,NaN,NaN,3.74053E-2,2.02907E-2,-1.40791E-2,-9.92475E-3,-6.14662E-2,-9.52224E-2,-7.40616E-2,2.85384E-2,-8.37457E-2,-7.32253E-2,-1.16431E-1,-9.08113E-2,-4.68629E-2,-9.82668E-2,-5.79098E-2,-1.51120E-2,-1.36360E-1,-4.83669E-2,-5.59808E-2,-3.14079E-2,-9.87239E-2,-1.25001E-1,-1.36367E-1,-9.79095E-2,-7.66296E-2,-1.31170E-1,-9.68512E-2,-8.22748E-2,-7.74225E-2,-8.13176E-2,-7.01640E-2,-1.04172E-1,-1.73872E-1,-3.46570E-2,-2.93108E-3,-9.95271E-2,-5.00280E-2,-1.38751E-1,-1.23128E-1,-1.54038E-1,-9.45389E-2
7.76653E+2,NaN,NaN,NaN,NaN,NaN,NaN,NaN,NaN,NaN,NaN,NaN,NaN,NaN,NaN,NaN,NaN,NaN,NaN,NaN,NaN,NaN,NaN,NaN,NaN,NaN,NaN,NaN,NaN,NaN,NaN,NaN,NaN,NaN,NaN,NaN,NaN,NaN,NaN,NaN,NaN,NaN,NaN,NaN,NaN,NaN,NaN,NaN,NaN,NaN,NaN,NaN,NaN,NaN,NaN,NaN,NaN,NaN,NaN,NaN,NaN,NaN,NaN,NaN,NaN,NaN,NaN,NaN,NaN,NaN,NaN,NaN,NaN,NaN,NaN,NaN,NaN,NaN,NaN,NaN,NaN,NaN,NaN,NaN,NaN,NaN,NaN,NaN,NaN,NaN,NaN,NaN,NaN,NaN,NaN,NaN,NaN,1.54346E-2,-1.06903E-2,-2.73342E-2,3.24599E-2,-4.86282E-3,-5.69257E-2,-6.93396E-2,-2.51061E-3,-8.17284E-2,-1.86771E-2,-4.29038E-2,-6.58309E-2,-1.17006E-1,-7.90222E-2,-4.26214E-2,-8.16757E-2,-7.08407E-2,-1.64952E-2,-6.08310E-2,-7.14338E-2,-6.81583E-2,-7.03624E-2,-5.71089E-2,-5.38613E-2,1.15017E-2,-9.47213E-2,-5.88514E-2,-1.02897E-1,-9.58221E-2,-4.87957E-3,-7.58919E-2,-3.14483E-2,5.87990E-3,-5.58863E-2,-6.11044E-2,-9.54512E-2,-2.72780E-3,-1.12374E-1,-1.27379E-1,-4.96240E-2,-2.77193E-2
7.80041E+2,NaN,NaN,NaN,NaN,NaN,NaN,NaN,NaN,NaN,NaN,NaN,NaN,NaN,NaN,NaN,NaN,NaN,NaN,NaN,NaN,NaN,NaN,NaN,NaN,NaN,NaN,NaN,NaN,NaN,NaN,NaN,NaN,NaN,NaN,NaN,NaN,NaN,NaN,NaN,NaN,NaN,NaN,NaN,NaN,NaN,NaN,NaN,NaN,NaN,NaN,NaN,NaN,NaN,NaN,NaN,NaN,NaN,NaN,NaN,NaN,NaN,NaN,NaN,NaN,NaN,NaN,NaN,NaN,NaN,NaN,NaN,NaN,NaN,NaN,NaN,NaN,NaN,NaN,NaN,NaN,NaN,NaN,NaN,NaN,NaN,NaN,NaN,NaN,NaN,NaN,NaN,NaN,NaN,NaN,NaN,NaN,-6.21835E-2,-3.15467E-3,3.91259E-2,7.91282E-2,5.06554E-2,2.01857E-1,5.84898E-2,1.48639E-2,-3.08961E-2,1.65149E-1,8.18082E-2,4.75293E-2,2.07240E-1,1.33371E-1,9.64652E-2,1.59008E-1,1.46508E-1,6.98319E-2,7.27855E-2,1.67838E-1,9.11708E-2,2.87672E-2,9.63791E-2,1.92138E-1,2.64142E-1,2.60419E-1,5.73007E-2,8.57317E-2,1.14493E-1,1.80084E-1,1.27695E-1,1.73521E-1,9.41465E-2,1.24624E-1,1.29935E-1,1.42562E-1,1.80287E-1,1.93614E-1,2.42397E-1,2.82461E-1,1.55663E-1
7.83430E+2,NaN,NaN,NaN,NaN,NaN,NaN,NaN,NaN,NaN,NaN,NaN,NaN,NaN,NaN,NaN,NaN,NaN,NaN,NaN,NaN,NaN,NaN,NaN,NaN,NaN,NaN,NaN,NaN,NaN,NaN,NaN,NaN,NaN,NaN,NaN,NaN,NaN,NaN,NaN,NaN,NaN,NaN,NaN,NaN,NaN,NaN,NaN,NaN,NaN,NaN,NaN,NaN,NaN,NaN,NaN,NaN,NaN,NaN,NaN,NaN,NaN,NaN,NaN,NaN,NaN,NaN,NaN,NaN,NaN,NaN,NaN,NaN,NaN,NaN,NaN,NaN,NaN,NaN,NaN,NaN,NaN,NaN,NaN,NaN,NaN,NaN,NaN,NaN,NaN,NaN,NaN,NaN,NaN,NaN,2.18715E-2,4.57052E-2,6.94560E-2,2.31525E-3,9.15267E-2,-1.57614E-1,-5.99351E-2,-1.86707E-1,3.69801E-2,-2.42151E-1,-2.84405E-1,-2.88856E-1,-2.43670E-1,-2.60752E-1,-3.50236E-1,-1.62949E-1,-3.41525E-1,-4.23360E-1,-3.30659E-1,-2.21910E-1,-1.02911E-1,-1.72218E-1,-2.78068E-1,-2.96811E-1,-1.47470E-1,-3.38575E-1,-4.35600E-1,-1.93254E-1,-1.97134E-1,-2.63470E-1,-1.40817E-1,-3.27839E-1,-2.59536E-1,-4.21693E-1,-2.31597E-1,-2.43651E-1,-2.35991E-1,-2.61403E-1,-3.01879E-1,-1.84201E-1,-2.93769E-1,-4.08785E-1,-1.83927E-1
7.86819E+2,NaN,NaN,NaN,NaN,NaN,NaN,NaN,NaN,NaN,NaN,NaN,NaN,NaN,NaN,NaN,NaN,NaN,NaN,NaN,NaN,NaN,NaN,NaN,NaN,NaN,NaN,NaN,NaN,NaN,NaN,NaN,NaN,NaN,NaN,NaN,NaN,NaN,NaN,NaN,NaN,NaN,NaN,NaN,NaN,NaN,NaN,NaN,NaN,NaN,NaN,NaN,NaN,NaN,NaN,NaN,NaN,NaN,NaN,NaN,NaN,NaN,NaN,NaN,NaN,NaN,NaN,NaN,NaN,NaN,NaN,NaN,NaN,NaN,NaN,NaN,NaN,NaN,NaN,NaN,NaN,NaN,NaN,NaN,NaN,NaN,NaN,NaN,NaN,NaN,NaN,NaN,NaN,NaN,-3.82238E-2,-3.64973E-3,3.01558E-2,3.30973E-2,-9.42978E-3,-8.62135E-3,6.28176E-2,1.96038E-2,-3.81412E-3,3.08822E-2,6.86494E-2,9.70166E-2,1.89232E-2,5.31620E-2,7.79518E-2,1.78974E-1,1.76975E-1,1.75337E-1,1.25930E-1,4.15564E-2,1.97095E-2,6.30905E-2,6.37621E-2,7.02624E-2,1.16568E-1,1.25196E-1,2.26773E-1,1.97344E-1,2.02532E-1,9.47356E-2,1.83719E-1,1.22564E-1,1.87545E-1,1.14750E-1,1.97482E-1,1.73891E-1,1.18058E-1,9.38312E-2,1.50542E-1,1.08717E-1,1.53725E-1,1.52862E-1,2.47015E-1,1.78955E-1
7.90209E+2,NaN,NaN,NaN,NaN,NaN,NaN,NaN,NaN,NaN,NaN,NaN,NaN,NaN,NaN,NaN,NaN,NaN,NaN,NaN,NaN,NaN,NaN,NaN,NaN,NaN,NaN,NaN,NaN,NaN,NaN,NaN,NaN,NaN,NaN,NaN,NaN,NaN,NaN,NaN,NaN,NaN,NaN,NaN,NaN,NaN,NaN,NaN,NaN,NaN,NaN,NaN,NaN,NaN,NaN,NaN,NaN,NaN,NaN,NaN,NaN,NaN,NaN,NaN,NaN,NaN,NaN,NaN,NaN,NaN,NaN,NaN,NaN,NaN,NaN,NaN,NaN,NaN,NaN,NaN,NaN,NaN,NaN,NaN,NaN,NaN,NaN,NaN,NaN,NaN,NaN,NaN,-8.37676E-2,-3.93576E-2,5.05233E-3,5.91253E-3,-3.51260E-2,-9.99073E-3,1.84710E-2,1.41001E-1,1.68291E-1,3.00666E-1,1.10976E-1,7.12971E-2,1.66531E-1,1.76435E-1,2.35317E-1,2.15556E-1,2.11409E-1,3.16608E-1,3.05146E-1,3.51864E-1,4.00107E-1,2.61404E-1,8.80555E-2,1.22014E-1,2.80598E-1,1.91980E-1,4.36106E-1,2.19879E-1,5.93892E-1,5.36588E-1,5.68236E-1,3.08676E-1,3.32317E-1,3.68967E-1,2.03423E-1,4.05015E-1,3.56504E-1,3.64208E-1,1.89734E-1,2.60669E-1,3.19910E-1,3.06527E-1,3.64340E-1,3.63491E-1,5.99071E-1,3.38760E-1
7.93600E+2,NaN,NaN,NaN,NaN,NaN,NaN,NaN,NaN,NaN,NaN,NaN,NaN,NaN,NaN,NaN,NaN,NaN,NaN,NaN,NaN,NaN,NaN,NaN,NaN,NaN,NaN,NaN,NaN,NaN,NaN,NaN,NaN,NaN,NaN,NaN,NaN,NaN,NaN,NaN,NaN,NaN,NaN,NaN,NaN,NaN,NaN,NaN,NaN,NaN,NaN,NaN,NaN,NaN,NaN,NaN,NaN,NaN,NaN,NaN,NaN,NaN,NaN,NaN,NaN,NaN,NaN,NaN,NaN,NaN,NaN,NaN,NaN,NaN,NaN,NaN,NaN,NaN,NaN,NaN,NaN,NaN,NaN,NaN,NaN,NaN,NaN,NaN,NaN,NaN,NaN,1.46357E-1,1.34486E-1,1.22615E-1,8.46245E-2,4.59241E-2,1.10288E-2,-9.83832E-2,2.25582E-2,-1.47491E-1,-2.48480E-1,-1.84537E-1,-8.96905E-2,-3.14805E-1,-3.83949E-1,-2.86103E-1,-4.20069E-1,-2.65388E-1,-4.41634E-1,-5.77595E-1,-4.94668E-1,-3.69652E-1,-3.48786E-1,-2.53535E-1,-3.24629E-2,-3.15433E-1,-3.38679E-1,-2.80458E-1,-4.63667E-1,-4.33037E-1,-6.20859E-1,-4.75169E-1,-4.33584E-1,-4.10474E-1,-4.05530E-1,-3.24767E-1,-5.03815E-1,-3.15037E-1,-5.16902E-1,-3.69133E-1,-3.82756E-1,-3.66398E-1,-4.31356E-1,-4.78256E-1,-4.19689E-1,-4.39876E-1,-7.98877E-1,-4.52784E-1
7.96991E+2,NaN,NaN,NaN,NaN,NaN,NaN,NaN,NaN,NaN,NaN,NaN,NaN,NaN,NaN,NaN,NaN,NaN,NaN,NaN,NaN,NaN,NaN,NaN,NaN,NaN,NaN,NaN,NaN,NaN,NaN,NaN,NaN,NaN,NaN,NaN,NaN,NaN,NaN,NaN,NaN,NaN,NaN,NaN,NaN,NaN,NaN,NaN,NaN,NaN,NaN,NaN,NaN,NaN,NaN,NaN,NaN,NaN,NaN,NaN,NaN,NaN,NaN,NaN,NaN,NaN,NaN,NaN,NaN,NaN,NaN,NaN,NaN,NaN,NaN,NaN,NaN,NaN,NaN,NaN,NaN,NaN,NaN,NaN,NaN,NaN,NaN,NaN,NaN,9.79457E-2,6.05424E-2,2.31391E-2,5.99218E-3,1.77185E-2,2.94449E-2,3.63784E-2,3.94715E-2,-2.89578E-2,-9.91528E-2,-2.59320E-1,-3.76309E-1,-2.85743E-1,-1.75662E-1,-5.79708E-1,-7.90702E-1,-6.43343E-1,-2.54150E-1,-4.76479E-1,-1.00237E+0,-5.06454E-1,-9.44196E-1,-8.03972E-1,-4.66129E-1,-3.59040E-1,-5.25320E-1,-7.49940E-2,-7.62252E-1,-4.13207E-1,-7.55312E-1,-4.04348E-1,-7.38634E-1,-1.06068E+0,-7.96820E-1,-4.48174E-1,-5.35946E-1,-6.39744E-1,-8.24308E-1,-6.87672E-1,-7.21454E-1,-4.73400E-1,-6.25834E-1,-7.66101E-1,-8.93759E-1,-8.29921E-1,-7.38391E-1,-7.60844E-1,-1.05496E+0,-5.88168E-1
8.00382E+2,NaN,NaN,NaN,NaN,NaN,NaN,NaN,NaN,NaN,NaN,NaN,NaN,NaN,NaN,NaN,NaN,NaN,NaN,NaN,NaN,NaN,NaN,NaN,NaN,NaN,NaN,NaN,NaN,NaN,NaN,NaN,NaN,NaN,NaN,NaN,NaN,NaN,NaN,NaN,NaN,NaN,NaN,NaN,NaN,NaN,NaN,NaN,NaN,NaN,NaN,NaN,NaN,NaN,NaN,NaN,NaN,NaN,NaN,NaN,NaN,NaN,NaN,NaN,NaN,NaN,NaN,NaN,NaN,NaN,NaN,NaN,NaN,NaN,NaN,NaN,NaN,NaN,NaN,NaN,NaN,NaN,NaN,NaN,NaN,NaN,NaN,NaN,5.00757E-2,3.35805E-2,1.70854E-2,5.60555E-3,-4.82215E-3,-1.52499E-2,-2.85451E-2,-4.19308E-2,-5.42071E-2,-1.15217E-2,2.23487E-2,-1.96065E-2,-1.67519E-2,-4.82841E-2,1.99654E-2,2.08474E-3,3.34725E-2,-2.76015E-2,1.07919E-2,3.36400E-2,-1.76315E-2,6.00724E-2,-1.56992E-2,-1.64789E-2,5.28357E-3,-5.36012E-2,-7.35038E-3,-4.55073E-2,5.45222E-3,-1.29427E-2,2.17954E-2,5.35062E-3,-5.55352E-3,1.36786E-2,-3.33332E-2,6.34142E-4,1.38469E-2,-5.15403E-2,9.17771E-4,1.07885E-2,-4.63355E-2,-4.48646E-2,-3.04526E-2,-1.68237E-2,1.12451E-2,4.11025E-3,-7.30330E-3,1.20500E-2,1.47365E-2,-1.28036E-2
8.03775E+2,NaN,NaN,NaN,NaN,NaN,NaN,NaN,NaN,NaN,NaN,NaN,NaN,NaN,NaN,NaN,NaN,NaN,NaN,NaN,NaN,NaN,NaN,NaN,NaN,NaN,NaN,NaN,NaN,NaN,NaN,NaN,NaN,NaN,NaN,NaN,NaN,NaN,NaN,NaN,NaN,NaN,NaN,NaN,NaN,NaN,NaN,NaN,NaN,NaN,NaN,NaN,NaN,NaN,NaN,NaN,NaN,NaN,NaN,NaN,NaN,NaN,NaN,NaN,NaN,NaN,NaN,NaN,NaN,NaN,NaN,NaN,NaN,NaN,NaN,NaN,NaN,NaN,NaN,NaN,NaN,NaN,NaN,NaN,NaN,NaN,2.60326E-1,1.49213E-1,3.81004E-2,-6.01630E-2,-1.12059E-1,-1.63955E-1,-1.65126E-1,-7.60622E-2,1.30020E-2,5.00325E-2,3.55891E-2,8.43841E-2,-1.49655E-1,-2.91791E-1,-2.13623E-1,3.72131E-2,-2.50173E-1,-3.29788E-1,-3.45036E-1,-3.72840E-1,-2.10640E-1,-4.36940E-1,-4.07272E-1,-4.12054E-1,-3.97008E-1,-3.17175E-1,-2.86029E-1,-6.16563E-2,-2.36558E-1,-2.60404E-1,-1.80845E-1,-2.05264E-1,-2.72212E-1,-2.43256E-1,-4.68820E-1,-5.41605E-1,-3.68968E-1,-2.76689E-1,-3.81225E-1,-3.00529E-1,-2.68865E-1,-3.49280E-1,-3.82986E-1,-2.75045E-1,-2.36913E-1,-3.37978E-1,-3.64490E-1,-3.26619E-1,-2.90098E-1,-5.16483E-1,-5.70681E-1,-3.07909E-1
8.07167E+2,NaN,NaN,NaN,NaN,NaN,NaN,NaN,NaN,NaN,NaN,NaN,NaN,NaN,NaN,NaN,NaN,NaN,NaN,NaN,NaN,NaN,NaN,NaN,NaN,NaN,NaN,NaN,NaN,NaN,NaN,NaN,NaN,NaN,NaN,NaN,NaN,NaN,NaN,NaN,NaN,NaN,NaN,NaN,NaN,NaN,NaN,NaN,NaN,NaN,NaN,NaN,NaN,NaN,NaN,NaN,NaN,NaN,NaN,NaN,NaN,NaN,NaN,NaN,NaN,NaN,NaN,NaN,NaN,NaN,NaN,NaN,NaN,NaN,NaN,NaN,NaN,NaN,NaN,NaN,NaN,NaN,NaN,NaN,NaN,1.51176E-2,7.94236E-3,7.67167E-4,-1.06457E-2,-2.50765E-2,-3.95073E-2,-4.12792E-2,-3.82955E-2,-3.53117E-2,1.31163E-2,6.83488E-2,1.22446E-1,-3.07677E-2,-9.84214E-2,-1.37734E-1,-1.41207E-1,-3.93519E-2,-1.28378E-1,-1.07927E-1,-1.56597E-1,-7.88787E-2,-9.06203E-2,-2.03622E-1,-1.67878E-1,-2.04740E-1,-1.24501E-1,-1.29446E-1,-8.84747E-2,-8.58995E-2,-1.22749E-1,-2.04097E-1,-3.62391E-2,-1.18674E-1,-2.02351E-1,-1.58492E-1,-1.67481E-1,-1.84848E-1,-1.58261E-1,-1.84856E-1,-2.04034E-1,-1.24917E-1,-1.36418E-1,-1.78384E-1,-1.13300E-1,-9.89559E-2,-1.24479E-1,-1.45007E-1,-1.65906E-1,-1.89276E-1,-1.26704E-1,-1.93243E-1,-1.75661E-1,-1.57328E-1
8.10561E+2,NaN,NaN,NaN,NaN,NaN,NaN,NaN,NaN,NaN,NaN,NaN,NaN,NaN,NaN,NaN,NaN,NaN,NaN,NaN,NaN,NaN,NaN,NaN,NaN,NaN,NaN,NaN,NaN,NaN,NaN,NaN,NaN,NaN,NaN,NaN,NaN,NaN,NaN,NaN,NaN,NaN,NaN,NaN,NaN,NaN,NaN,NaN,NaN,NaN,NaN,NaN,NaN,NaN,NaN,NaN,NaN,NaN,NaN,NaN,NaN,NaN,NaN,NaN,NaN,NaN,NaN,NaN,NaN,NaN,NaN,NaN,NaN,NaN,NaN,NaN,NaN,NaN,NaN,NaN,NaN,NaN,NaN,NaN,5.27382E-2,-2.31107E-2,-9.89597E-2,-4.94279E-2,9.78237E-3,6.27432E-2,3.41771E-2,5.61088E-3,-1.56728E-2,-1.02174E-2,-4.76194E-3,2.67667E-3,1.36886E-2,-8.19281E-2,-1.77638E-1,-2.38002E-1,-1.05165E-1,-6.34270E-2,-7.51538E-2,-1.51528E-1,-1.34915E-1,-1.04627E-1,-1.25676E-1,-2.21236E-1,-1.25955E-1,-2.08326E-1,-2.19385E-1,-1.56845E-1,-2.89470E-2,-1.05036E-1,-1.65908E-1,-3.98882E-2,-2.11178E-2,-1.44049E-1,-2.58427E-1,-2.00960E-1,-3.44245E-1,-2.72693E-1,-2.08002E-1,-1.89417E-1,-1.64236E-1,-1.48468E-1,-2.65340E-1,-1.74225E-1,-2.49702E-1,-1.28951E-1,-1.53685E-1,-1.61413E-1,-2.18632E-1,-1.62946E-1,-2.45270E-1,-2.80840E-1,-2.89880E-1,-2.35533E-1
8.13955E+2,NaN,NaN,NaN,NaN,NaN,NaN,NaN,NaN,NaN,NaN,NaN,NaN,NaN,NaN,NaN,NaN,NaN,NaN,NaN,NaN,NaN,NaN,NaN,NaN,NaN,NaN,NaN,NaN,NaN,NaN,NaN,NaN,NaN,NaN,NaN,NaN,NaN,NaN,NaN,NaN,NaN,NaN,NaN,NaN,NaN,NaN,NaN,NaN,NaN,NaN,NaN,NaN,NaN,NaN,NaN,NaN,NaN,NaN,NaN,NaN,NaN,NaN,NaN,NaN,NaN,NaN,NaN,NaN,NaN,NaN,NaN,NaN,NaN,NaN,NaN,NaN,NaN,NaN,NaN,NaN,NaN,5.70722E-2,-1.05248E-2,-7.81218E-2,-1.19367E-1,-8.17178E-2,-4.40683E-2,4.20049E-3,6.88549E-2,1.33509E-1,1.26870E-1,5.85361E-2,-9.79737E-3,-1.97663E-2,-2.13693E-3,1.54924E-2,-1.00884E-1,-1.10314E-1,-1.69021E-1,-9.08765E-2,-1.48572E-1,-2.25352E-1,-1.51992E-1,-1.16846E-1,-2.75876E-1,-2.84165E-1,-2.45644E-1,-2.86723E-1,-3.32231E-1,-3.03790E-1,-2.12430E-1,-4.61315E-2,-8.26640E-2,-2.02552E-1,-1.17354E-1,-1.16060E-1,-8.72603E-2,-2.19049E-1,-1.96908E-1,-2.10510E-1,-3.09696E-1,-2.47200E-1,-2.33023E-1,-2.04725E-1,-1.27238E-1,-1.61570E-1,-2.92401E-1,-3.09063E-1,-2.33113E-1,-2.52063E-1,-1.66153E-1,-2.33155E-1,-2.08409E-1,-2.71047E-1,-2.40134E-1,-3.14943E-1,-2.39734E-1
8.17349E+2,NaN,NaN,NaN,NaN,NaN,NaN,NaN,NaN,NaN,NaN,NaN,NaN,NaN,NaN,NaN,NaN,NaN,NaN,NaN,NaN,NaN,NaN,NaN,NaN,NaN,NaN,NaN,NaN,NaN,NaN,NaN,NaN,NaN,NaN,NaN,NaN,NaN,NaN,NaN,NaN,NaN,NaN,NaN,NaN,NaN,NaN,NaN,NaN,NaN,NaN,NaN,NaN,NaN,NaN,NaN,NaN,NaN,NaN,NaN,NaN,NaN,NaN,NaN,NaN,NaN,NaN,NaN,NaN,NaN,NaN,NaN,NaN,NaN,NaN,NaN,NaN,NaN,NaN,NaN,NaN,8.84363E-3,-1.01949E-2,-2.92335E-2,-2.40338E-2,9.41661E-4,2.59171E-2,1.55943E-2,-1.03252E-2,-3.62447E-2,-3.58200E-2,-3.02427E-2,-2.46654E-2,1.53372E-2,5.60687E-2,8.62262E-2,4.03732E-2,-4.18911E-2,-2.06682E-2,3.21001E-2,1.39559E-3,2.47145E-2,-1.42471E-2,-1.32220E-1,1.18548E-2,1.33576E-2,2.36666E-2,-9.51048E-3,-1.96519E-2,-2.36122E-2,-1.12426E-2,-2.78359E-2,-1.47840E-2,6.72356E-3,-3.55860E-2,1.94897E-3,-5.58678E-2,-2.63676E-2,-1.23476E-2,-3.33994E-2,1.22212E-2,5.01618E-2,9.00062E-3,-4.07700E-2,1.79408E-2,1.29823E-2,4.48810E-2,3.86664E-2,8.61114E-3,-5.41996E-3,-1.61175E-2,-1.24386E-2,-4.12716E-2,-4.22607E-2,-3.75288E-3,-5.36700E-2,1.88986E-2,-1.15675E-2
8.20744E+2,NaN,NaN,NaN,NaN,NaN,NaN,NaN,NaN,NaN,NaN,NaN,NaN,NaN,NaN,NaN,NaN,NaN,NaN,NaN,NaN,NaN,NaN,NaN,NaN,NaN,NaN,NaN,NaN,NaN,NaN,NaN,NaN,NaN,NaN,NaN,NaN,NaN,NaN,NaN,NaN,NaN,NaN,NaN,NaN,NaN,NaN,NaN,NaN,NaN,NaN,NaN,NaN,NaN,NaN,NaN,NaN,NaN,NaN,NaN,NaN,NaN,NaN,NaN,NaN,NaN,NaN,NaN,NaN,NaN,NaN,NaN,NaN,NaN,NaN,NaN,NaN,NaN,NaN,NaN,-9.57260E-3,-2.80510E-2,-4.65293E-2,-4.32190E-2,-3.54392E-2,-2.76593E-2,-3.37087E-2,-4.01470E-2,-4.05252E-2,5.50660E-3,5.15384E-2,7.90877E-2,5.35802E-2,2.80728E-2,1.40021E-2,1.70002E-2,1.99984E-2,7.86343E-2,1.33751E-1,1.10446E-3,5.14857E-2,1.69149E-2,1.24081E-1,1.31161E-1,3.62039E-2,8.05723E-2,2.09830E-1,1.29388E-1,1.28531E-1,5.20078E-2,1.56793E-1,1.94978E-2,5.47156E-2,5.94406E-2,1.10580E-1,4.20022E-2,7.21637E-2,1.20361E-1,1.88138E-1,1.64996E-1,2.06596E-1,2.22027E-1,2.15581E-1,1.38387E-1,1.28288E-1,5.96818E-2,1.37699E-1,1.76196E-1,1.19436E-1,1.06491E-1,1.33652E-1,1.82056E-1,1.72513E-1,1.50855E-1,1.64804E-1,2.51187E-1,2.77054E-1,2.34283E-1
8.24140E+2,NaN,NaN,NaN,NaN,NaN,NaN,NaN,NaN,NaN,NaN,NaN,NaN,NaN,NaN,NaN,NaN,NaN,NaN,NaN,NaN,NaN,NaN,NaN,NaN,NaN,NaN,NaN,NaN,NaN,NaN,NaN,NaN,NaN,NaN,NaN,NaN,NaN,NaN,NaN,NaN,NaN,NaN,NaN,NaN,NaN,NaN,NaN,NaN,NaN,NaN,NaN,NaN,NaN,NaN,NaN,NaN,NaN,NaN,NaN,NaN,NaN,NaN,NaN,NaN,NaN,NaN,NaN,NaN,NaN,NaN,NaN,NaN,NaN,NaN,NaN,NaN,NaN,NaN,-1.08059E-2,-4.93664E-2,-8.34044E-2,-7.06506E-2,-5.78969E-2,-4.03975E-2,-7.09903E-3,2.61994E-2,3.88197E-2,1.68066E-2,-5.20644E-3,-2.12631E-2,-3.17485E-2,-4.22339E-2,-7.16528E-3,5.14164E-2,1.09998E-1,1.15976E-1,9.98596E-2,1.05616E-1,5.55433E-2,4.89091E-2,1.64464E-1,1.09617E-1,9.96656E-2,1.85592E-1,2.07247E-1,1.79418E-1,2.41798E-1,1.56909E-1,1.97086E-1,1.46632E-1,7.99218E-2,1.61458E-2,1.82643E-1,8.06960E-2,1.23126E-1,5.11809E-2,1.26842E-1,2.05379E-1,2.09752E-1,3.23301E-1,3.05762E-1,2.18709E-1,1.35822E-1,1.20896E-1,1.76643E-1,2.29055E-1,2.18900E-1,1.94493E-1,1.52528E-1,1.37047E-1,1.29721E-1,1.87998E-1,2.09058E-1,2.02079E-1,2.58316E-1,2.94571E-1,2.33858E-1
8.27536E+2,NaN,NaN,NaN,NaN,NaN,NaN,NaN,NaN,NaN,NaN,NaN,NaN,NaN,NaN,NaN,NaN,NaN,NaN,NaN,NaN,NaN,NaN,NaN,NaN,NaN,NaN,NaN,NaN,NaN,NaN,NaN,NaN,NaN,NaN,NaN,NaN,NaN,NaN,NaN,NaN,NaN,NaN,NaN,NaN,NaN,NaN,NaN,NaN,NaN,NaN,NaN,NaN,NaN,NaN,NaN,NaN,NaN,NaN,NaN,NaN,NaN,NaN,NaN,NaN,NaN,NaN,NaN,NaN,NaN,NaN,NaN,NaN,NaN,NaN,NaN,NaN,-2.04101E-2,-2.57205E-2,-3.10309E-2,-3.12494E-2,-2.09512E-2,-1.06530E-2,-7.50092E-3,-1.24371E-2,-1.73734E-2,-1.61829E-2,-1.11072E-2,-6.03145E-3,4.52146E-3,1.68537E-2,2.91860E-2,3.74890E-2,4.53325E-2,5.25650E-2,4.53253E-2,3.80857E-2,2.30260E-2,-4.41287E-2,9.38839E-3,8.23525E-3,-5.84351E-5,2.93106E-2,-2.07178E-2,8.29750E-3,-5.19557E-3,1.25512E-2,-6.76760E-3,2.59279E-2,-7.76813E-2,-2.02384E-2,-2.75527E-2,-6.15611E-2,9.24029E-3,-1.17419E-1,-1.58339E-2,-4.83961E-2,-1.41885E-2,-7.88730E-3,2.72784E-2,3.28035E-2,3.76678E-2,-3.20193E-2,7.56531E-3,6.07102E-4,-2.38861E-3,1.28175E-2,3.25716E-3,5.38051E-2,4.62424E-2,-1.41694E-2,-2.26353E-2,1.90838E-2,-1.36700E-2,3.24679E-2,3.98822E-2,5.34271E-2,4.05117E-2
8.30933E+2,NaN,NaN,NaN,NaN,NaN,NaN,NaN,NaN,NaN,NaN,NaN,NaN,NaN,NaN,NaN,NaN,NaN,NaN,NaN,NaN,NaN,NaN,NaN,NaN,NaN,NaN,NaN,NaN,NaN,NaN,NaN,NaN,NaN,NaN,NaN,NaN,NaN,NaN,NaN,NaN,NaN,NaN,NaN,NaN,NaN,NaN,NaN,NaN,NaN,NaN,NaN,NaN,NaN,NaN,NaN,NaN,NaN,NaN,NaN,NaN,NaN,NaN,NaN,NaN,NaN,NaN,NaN,NaN,NaN,NaN,NaN,NaN,NaN,NaN,NaN,-1.18341E-1,-8.16800E-2,-4.50189E-2,-2.83552E-2,-2.84204E-2,-2.84856E-2,-3.16044E-2,-3.61122E-2,-4.06200E-2,7.27877E-3,6.58953E-2,1.24512E-1,9.67518E-2,6.66011E-2,4.09720E-2,4.98253E-2,5.86785E-2,6.40976E-2,5.96805E-2,5.52635E-2,4.58326E-2,1.09196E-1,9.17622E-2,-1.26460E-2,1.03605E-1,-6.91412E-2,7.64397E-2,1.10217E-1,1.05207E-1,1.89998E-1,8.76853E-2,1.70760E-1,1.16653E-1,1.52902E-1,1.03617E-1,1.02244E-1,7.33792E-2,1.39868E-1,-1.18859E-2,6.45744E-2,5.77829E-2,6.31520E-2,9.57923E-2,1.23089E-1,1.69051E-1,1.97385E-1,1.39274E-1,3.13926E-2,6.81909E-2,1.02874E-1,1.95736E-1,2.19175E-1,1.46485E-1,9.94811E-2,1.08163E-1,1.08567E-1,1.83430E-1,1.58850E-1,1.47249E-1,2.66909E-1,2.91151E-1,2.26825E-1
8.34331E+2,NaN,NaN,NaN,NaN,NaN,NaN,NaN,NaN,NaN,NaN,NaN,NaN,NaN,NaN,NaN,NaN,NaN,NaN,NaN,NaN,NaN,NaN,NaN,NaN,NaN,NaN,NaN,NaN,NaN,NaN,NaN,NaN,NaN,NaN,NaN,NaN,NaN,NaN,NaN,NaN,NaN,NaN,NaN,NaN,NaN,NaN,NaN,NaN,NaN,NaN,NaN,NaN,NaN,NaN,NaN,NaN,NaN,NaN,NaN,NaN,NaN,NaN,NaN,NaN,NaN,NaN,NaN,NaN,NaN,NaN,NaN,NaN,NaN,NaN,-3.59784E-2,-4.19247E-2,-4.78709E-2,-1.67998E-2,2.70477E-2,7.08953E-2,7.27078E-2,6.91263E-2,6.47558E-2,3.40870E-2,3.41816E-3,-1.95215E-2,-5.24900E-3,9.02349E-3,1.04986E-2,-1.58759E-2,-4.22504E-2,-6.29113E-2,-7.68024E-2,-9.06935E-2,-1.14855E-1,-1.45848E-1,-2.54351E-1,-5.17137E-2,-6.91775E-2,-8.66514E-2,-2.10787E-1,-5.80635E-2,-1.77399E-1,-2.25833E-1,-1.86441E-1,-2.08456E-1,-2.26960E-1,-1.68647E-1,-2.31274E-1,-3.93504E-2,-1.61323E-1,-1.93744E-1,-1.54543E-1,-9.43609E-2,-1.35142E-1,-8.21840E-2,-1.61271E-1,-2.33990E-1,-2.19889E-1,-2.82551E-1,-2.56807E-1,-2.05098E-1,-2.07479E-1,-1.89810E-1,-2.42034E-1,-2.70578E-1,-1.87568E-1,-2.40931E-1,-2.40131E-1,-2.31660E-1,-2.74517E-1,-2.84590E-1,-2.25556E-1,-2.41467E-1,-2.66016E-1,-2.53824E-1,-2.30097E-1
8.37729E+2,NaN,NaN,NaN,NaN,NaN,NaN,NaN,NaN,NaN,NaN,NaN,NaN,NaN,NaN,NaN,NaN,NaN,NaN,NaN,NaN,NaN,NaN,NaN,NaN,NaN,NaN,NaN,NaN,NaN,NaN,NaN,NaN,NaN,NaN,NaN,NaN,NaN,NaN,NaN,NaN,NaN,NaN,NaN,NaN,NaN,NaN,NaN,NaN,NaN,NaN,NaN,NaN,NaN,NaN,NaN,NaN,NaN,NaN,NaN,NaN,NaN,NaN,NaN,NaN,NaN,NaN,NaN,NaN,NaN,NaN,NaN,NaN,NaN,-7.89911E-2,-5.85348E-2,-3.80784E-2,-6.34207E-2,-9.25625E-2,-1.17358E-1,-8.08943E-2,-4.44309E-2,-7.70019E-3,3.00418E-2,6.77837E-2,8.63783E-2,6.97193E-2,5.30603E-2,5.94184E-2,8.92750E-2,1.19132E-1,1.30947E-1,1.32512E-1,1.34077E-1,1.56575E-1,1.84960E-1,2.13344E-1,1.79691E-1,8.83117E-3,1.44062E-1,2.04239E-1,2.25329E-1,2.04209E-1,2.56545E-1,2.96433E-1,2.00977E-1,4.31876E-1,2.99706E-1,2.15605E-1,7.96977E-2,-4.05766E-2,2.12490E-1,1.85183E-1,1.07964E-1,1.12878E-1,7.91401E-2,1.88544E-1,2.87598E-1,2.19487E-1,2.69651E-1,3.31006E-1,2.61521E-1,2.29689E-1,1.82430E-1,1.34658E-1,2.35718E-1,2.24877E-1,1.72557E-1,3.33302E-1,3.24005E-1,2.11346E-1,3.02649E-1,2.72030E-1,1.89421E-1,2.75989E-1,3.24401E-1,4.45874E-1,3.86665E-1
8.41128E+2,NaN,NaN,NaN,NaN,NaN,NaN,NaN,NaN,NaN,NaN,NaN,NaN,NaN,NaN,NaN,NaN,NaN,NaN,NaN,NaN,NaN,NaN,NaN,NaN,NaN,NaN,NaN,NaN,NaN,NaN,NaN,NaN,NaN,NaN,NaN,NaN,NaN,NaN,NaN,NaN,NaN,NaN,NaN,NaN,NaN,NaN,NaN,NaN,NaN,NaN,NaN,NaN,NaN,NaN,NaN,NaN,NaN,NaN,NaN,NaN,NaN,NaN,NaN,NaN,NaN,NaN,NaN,NaN,NaN,NaN,NaN,NaN,2.26675E-2,4.38992E-2,6.19687E-2,4.59413E-2,2.99138E-2,1.86549E-2,2.35678E-2,2.84806E-2,1.93025E-2,-1.38086E-2,-4.69197E-2,-3.95215E-2,6.26537E-3,5.20522E-2,2.46847E-2,-4.09940E-2,-1.06673E-1,-1.05410E-1,-8.73240E-2,-6.92375E-2,-6.92344E-2,-7.03444E-2,-7.33138E-2,-9.63332E-2,-1.23771E-1,-5.28709E-2,-1.17840E-1,-1.52887E-1,-1.15158E-1,-9.25893E-2,-1.37552E-1,-1.67504E-1,-2.33858E-1,-1.74097E-1,-1.34118E-1,-7.81973E-2,-1.45982E-1,-6.76138E-2,-1.39742E-1,-1.45712E-1,-4.48239E-2,-1.28674E-1,-8.76603E-2,-1.17502E-1,-1.47515E-1,-1.68810E-1,-2.07672E-1,-2.55624E-1,-1.87684E-1,-1.75935E-1,-1.77585E-1,-1.81741E-1,-1.96610E-1,-2.26952E-1,-2.08643E-1,-1.73005E-1,-1.05894E-1,-1.31359E-1,-1.63660E-1,-1.40342E-1,-1.69430E-1,-1.83624E-1,-1.98871E-1,-2.17761E-1,-1.76338E-1
8.44527E+2,NaN,NaN,NaN,NaN,NaN,NaN,NaN,NaN,NaN,NaN,NaN,NaN,NaN,NaN,NaN,NaN,NaN,NaN,NaN,NaN,NaN,NaN,NaN,NaN,NaN,NaN,NaN,NaN,NaN,NaN,NaN,NaN,NaN,NaN,NaN,NaN,NaN,NaN,NaN,NaN,NaN,NaN,NaN,NaN,NaN,NaN,NaN,NaN,NaN,NaN,NaN,NaN,NaN,NaN,NaN,NaN,NaN,NaN,NaN,NaN,NaN,NaN,NaN,NaN,NaN,NaN,NaN,NaN,NaN,NaN,-2.64694E-2,-1.69479E-2,-7.42651E-3,3.36691E-3,1.84616E-2,3.35563E-2,4.07408E-2,3.45195E-2,2.82982E-2,1.77372E-2,3.07217E-3,-1.15929E-2,-1.47713E-2,-1.19476E-2,-9.12399E-3,-1.05793E-2,-1.31066E-2,-1.56339E-2,-4.25871E-2,-7.10299E-2,-9.61159E-2,-8.52392E-2,-7.43624E-2,-6.51279E-2,-6.14463E-2,-5.77647E-2,-4.81696E-2,8.32317E-3,-3.61423E-2,-3.62789E-2,-2.27571E-2,-7.44106E-2,-2.54944E-2,2.79328E-2,-4.73516E-2,-5.60329E-2,-5.61540E-2,-2.58796E-4,-4.42212E-2,-1.57687E-2,1.73257E-3,-7.74814E-2,-6.75459E-2,-3.04819E-2,-3.81698E-2,-4.45319E-2,-3.75397E-2,-2.67250E-2,-3.06428E-2,-5.49279E-2,-5.99444E-2,-7.61336E-2,-4.79038E-2,-4.44039E-2,-4.51815E-2,-3.60383E-2,-8.01920E-2,-4.10668E-2,-4.98393E-2,-9.07614E-2,-4.29672E-2,-3.36050E-2,-4.35006E-2,-4.66335E-2,-2.32001E-2,1.65004E-2,1.84535E-2
8.47927E+2,NaN,NaN,NaN,NaN,NaN,NaN,NaN,NaN,NaN,NaN,NaN,NaN,NaN,NaN,NaN,NaN,NaN,NaN,NaN,NaN,NaN,NaN,NaN,NaN,NaN,NaN,NaN,NaN,NaN,NaN,NaN,NaN,NaN,NaN,NaN,NaN,NaN,NaN,NaN,NaN,NaN,NaN,NaN,NaN,NaN,NaN,NaN,NaN,NaN,NaN,NaN,NaN,NaN,NaN,NaN,NaN,NaN,NaN,NaN,NaN,NaN,NaN,NaN,NaN,NaN,NaN,NaN,NaN,NaN,-3.92720E-2,-4.56555E-2,-5.20390E-2,-3.86798E-2,1.07249E-2,6.01295E-2,7.50785E-2,5.51203E-2,3.51622E-2,2.63182E-2,2.37369E-2,2.11555E-2,3.54936E-2,5.45357E-2,7.35778E-2,1.36388E-2,-5.26747E-2,-1.13459E-1,-9.86738E-2,-8.38882E-2,-7.22058E-2,-7.21250E-2,-7.20441E-2,-7.20578E-2,-7.22437E-2,-7.24297E-2,-7.27521E-2,6.52055E-2,-1.04400E-1,-2.99136E-2,-7.50782E-2,-1.03796E-1,-1.27567E-1,-1.74398E-1,-1.06521E-1,-1.33282E-1,-1.68578E-1,-1.37102E-1,-9.86571E-2,-3.81379E-2,-3.01295E-2,-2.56858E-1,-1.06687E-1,-9.74643E-2,-6.02534E-2,-7.92351E-2,-8.11983E-2,-7.76596E-2,-1.91272E-1,-1.28490E-1,-1.86943E-1,-1.84266E-1,-1.36088E-1,-1.45274E-1,-1.53390E-1,-1.87571E-1,-1.12166E-1,-9.55228E-2,-1.94199E-1,-1.67622E-1,-1.47395E-1,-1.62927E-1,-1.73157E-1,-2.03109E-1,-2.40661E-1,-2.74450E-1,-2.13522E-1,-1.58155E-1
8.51327E+2,NaN,NaN,NaN,NaN,NaN,NaN,NaN,NaN,NaN,NaN,NaN,NaN,NaN,NaN,NaN,NaN,NaN,NaN,NaN,NaN,NaN,NaN,NaN,NaN,NaN,NaN,NaN,NaN,NaN,NaN,NaN,NaN,NaN,NaN,NaN,NaN,NaN,NaN,NaN,NaN,NaN,NaN,NaN,NaN,NaN,NaN,NaN,NaN,NaN,NaN,NaN,NaN,NaN,NaN,NaN,NaN,NaN,NaN,NaN,NaN,NaN,NaN,NaN,NaN,NaN,NaN,NaN,NaN,-1.32640E-1,-8.40302E-2,-3.54205E-2,-1.94708E-2,-4.15200E-2,-6.35692E-2,-5.57844E-2,-2.85274E-2,-1.27032E-3,3.24472E-2,6.83419E-2,1.04237E-1,6.99319E-2,2.70208E-2,-1.27406E-2,3.79590E-2,8.86587E-2,1.28759E-1,1.19406E-1,1.10053E-1,8.62100E-2,3.14862E-2,-2.32376E-2,-1.65721E-2,6.15185E-2,1.39609E-1,1.51492E-1,1.20163E-1,-5.84031E-2,1.52500E-1,2.07764E-1,1.10265E-1,1.49459E-1,1.87395E-1,2.23592E-1,1.94680E-1,2.65941E-1,2.08831E-1,6.66811E-2,1.16269E-1,-4.09679E-2,8.04756E-2,4.58434E-2,7.74810E-2,5.40285E-2,1.10874E-1,7.72281E-3,5.19489E-2,2.16764E-1,2.88732E-1,2.15771E-1,2.54339E-1,2.47058E-1,2.16088E-1,1.94985E-1,1.71840E-1,1.59521E-1,2.05008E-1,2.37667E-1,2.62112E-1,2.41779E-1,1.70775E-1,1.45525E-1,2.00459E-1,2.29095E-1,2.38445E-1,3.44619E-1,3.16715E-1,3.27280E-1
8.54728E+2,NaN,NaN,NaN,NaN,NaN,NaN,NaN,NaN,NaN,NaN,NaN,NaN,NaN,NaN,NaN,NaN,NaN,NaN,NaN,NaN,NaN,NaN,NaN,NaN,NaN,NaN,NaN,NaN,NaN,NaN,NaN,NaN,NaN,NaN,NaN,NaN,NaN,NaN,NaN,NaN,NaN,NaN,NaN,NaN,NaN,NaN,NaN,NaN,NaN,NaN,NaN,NaN,NaN,NaN,NaN,NaN,NaN,NaN,NaN,NaN,NaN,NaN,NaN,NaN,NaN,NaN,NaN,2.66824E+0,1.70756E+0,7.46878E-1,2.11336E-1,1.86139E-2,-1.74108E-1,1.25858E-1,6.40560E-1,1.15526E+0,6.30986E-1,-9.22077E-2,-8.15401E-1,-1.51317E-1,5.37955E-1,8.85498E-1,-1.15851E+0,-3.20251E+0,-4.54716E+0,-3.98048E+0,-3.41380E+0,-3.14737E+0,-3.31172E+0,-3.47606E+0,-3.56158E+0,-3.58355E+0,-3.60552E+0,-3.37571E+0,-3.03617E+0,-2.69663E+0,-2.21018E+0,-3.49814E+0,-4.74962E+0,-5.28690E+0,-4.03033E+0,-3.74986E+0,-4.66048E+0,-6.50275E+0,-7.84945E+0,-5.87314E+0,-4.79367E+0,-2.19081E+0,-2.73195E+0,-2.77822E+0,-6.24458E+0,-1.58100E+0,-3.16165E+0,-1.21352E+0,-5.49917E+0,-2.43866E+0,-5.68249E+0,-5.68311E+0,-6.26028E+0,-9.16162E+0,-8.16805E+0,-4.76829E+0,-5.98755E+0,-6.35542E+0,-4.72629E+0,-4.14713E+0,-4.02524E+0,-6.45620E+0,-5.64833E+0,-3.94029E+0,-4.96297E+0,-6.43239E+0,-5.36092E+0,-5.09772E+0,-9.16980E+0,-9.78069E+0,-7.77568E+0
8.58130E+2,NaN,NaN,NaN,NaN,NaN,NaN,NaN,NaN,NaN,NaN,NaN,NaN,NaN,NaN,NaN,NaN,NaN,NaN,NaN,NaN,NaN,NaN,NaN,NaN,NaN,NaN,NaN,NaN,NaN,NaN,NaN,NaN,NaN,NaN,NaN,NaN,NaN,NaN,NaN,NaN,NaN,NaN,NaN,NaN,NaN,NaN,NaN,NaN,NaN,NaN,NaN,NaN,NaN,NaN,NaN,NaN,NaN,NaN,NaN,NaN,NaN,NaN,NaN,NaN,NaN,NaN,4.24772E-2,2.25043E-2,2.53139E-3,-1.10792E-2,-2.09272E-2,-3.07752E-2,-1.53394E-3,3.93016E-2,8.01372E-2,3.41711E-2,-1.99521E-2,-6.92037E-2,-3.77952E-2,-6.38676E-3,1.42421E-2,-8.29783E-3,-3.08378E-2,-4.57412E-2,-4.59957E-2,-4.62502E-2,-6.38926E-2,-9.99595E-2,-1.36026E-1,-1.45938E-1,-1.40382E-1,-1.34825E-1,-1.10980E-1,-8.17088E-2,-5.24381E-2,-8.84566E-4,-6.52995E-2,-7.22719E-2,-5.17984E-2,-6.67279E-2,-9.61425E-2,-9.90244E-2,-8.28632E-2,-8.95945E-2,-1.08328E-1,-1.16732E-1,-1.00041E-1,2.03346E-2,-8.13331E-2,-5.96369E-2,-6.66876E-2,-2.32378E-2,-5.81333E-2,-1.01029E-1,-1.19096E-1,-7.78583E-2,-6.97983E-2,-8.67133E-2,-8.87281E-2,-1.32452E-1,-1.18794E-1,-8.75220E-2,-8.66753E-2,-1.33246E-1,-1.53979E-1,-1.21455E-1,-1.30661E-1,-1.56695E-1,-1.36639E-1,-1.23100E-1,-1.07078E-1,-1.34295E-1,-1.61996E-1,-1.56390E-1,-9.31318E-2,-8.36860E-2,-1.09183E-1
8.61532E+2,NaN,NaN,NaN,NaN,NaN,NaN,NaN,NaN,NaN,NaN,NaN,NaN,NaN,NaN,NaN,NaN,NaN,NaN,NaN,NaN,NaN,NaN,NaN,NaN,NaN,NaN,NaN,NaN,NaN,NaN,NaN,NaN,NaN,NaN,NaN,NaN,NaN,NaN,NaN,NaN,NaN,NaN,NaN,NaN,NaN,NaN,NaN,NaN,NaN,NaN,NaN,NaN,NaN,NaN,NaN,NaN,NaN,NaN,NaN,NaN,NaN,NaN,NaN,NaN,NaN,3.78565E-2,-5.55900E-3,-4.89745E-2,-4.16200E-2,-1.11275E-2,1.93651E-2,8.82962E-3,-1.01215E-2,-2.90727E-2,4.43490E-3,3.94176E-2,6.92839E-2,5.99713E-2,5.06587E-2,3.00307E-2,-2.30781E-2,-7.61869E-2,-8.99285E-2,-4.49188E-2,9.09822E-5,1.87871E-2,1.54331E-2,1.20792E-2,-5.42371E-3,-2.93748E-2,-5.33260E-2,-7.93601E-2,-1.05822E-1,-1.32283E-1,-1.04956E-1,-3.03233E-2,-7.10919E-2,-1.20589E-2,-1.84164E-2,-2.64761E-2,-7.41445E-2,-3.61030E-2,-4.18590E-2,-3.85129E-2,-5.40055E-2,-5.83651E-2,-4.38535E-2,-8.25275E-2,-3.61744E-2,-3.81208E-2,-3.72040E-2,-4.34969E-2,-7.17892E-2,-4.80203E-2,-1.67540E-2,-5.50237E-2,-5.57528E-2,-4.45855E-2,-3.38040E-2,-4.84658E-2,-5.59056E-2,-4.28968E-2,-3.43170E-2,-1.47650E-2,-1.52170E-2,-2.86024E-2,-4.37283E-2,-1.01878E-1,-8.70821E-2,-3.45252E-2,-6.24013E-2,-6.46901E-2,-3.59755E-2,-4.27369E-2,-3.62311E-2,-4.64113E-2,-3.91314E-2
8.64935E+2,NaN,NaN,NaN,NaN,NaN,NaN,NaN,NaN,NaN,NaN,NaN,NaN,NaN,NaN,NaN,NaN,NaN,NaN,NaN,NaN,NaN,NaN,NaN,NaN,NaN,NaN,NaN,NaN,NaN,NaN,NaN,NaN,NaN,NaN,NaN,NaN,NaN,NaN,NaN,NaN,NaN,NaN,NaN,NaN,NaN,NaN,NaN,NaN,NaN,NaN,NaN,NaN,NaN,NaN,NaN,NaN,NaN,NaN,NaN,NaN,NaN,NaN,NaN,NaN,1.49515E-2,8.66380E-3,2.37605E-3,1.28746E-2,2.95947E-2,4.63147E-2,3.65483E-2,2.29097E-2,9.22856E-3,-7.18448E-3,-2.35975E-2,-3.51082E-2,-2.05259E-2,-5.94359E-3,-8.42483E-4,-1.77571E-2,-3.46717E-2,-3.07179E-2,-6.18814E-4,2.94803E-2,2.18408E-2,-1.23798E-2,-4.66004E-2,-5.22278E-2,-4.72576E-2,-4.22874E-2,-4.34189E-2,-4.54424E-2,-4.65376E-2,1.12806E-2,1.72936E-2,4.15236E-2,9.86139E-3,2.51243E-2,-2.48743E-4,-2.72470E-2,-1.59847E-2,2.20232E-2,1.23868E-2,9.53186E-4,3.06052E-2,1.30136E-2,6.83214E-3,-7.20043E-3,8.00476E-3,2.29905E-2,-3.02163E-2,1.52825E-2,-9.53122E-3,-3.06965E-2,2.88296E-2,2.76679E-2,-6.19800E-3,-1.06087E-2,2.76383E-2,7.33588E-2,4.05255E-2,4.04399E-2,3.59899E-2,4.06696E-3,3.38217E-2,3.42398E-2,4.28424E-2,4.90447E-2,7.34852E-3,5.55490E-3,2.13409E-2,3.04530E-2,5.70254E-3,2.12701E-2,2.74282E-2,-3.76936E-3,2.63293E-2
8.68338E+2,NaN,NaN,NaN,NaN,NaN,NaN,NaN,NaN,NaN,NaN,NaN,NaN,NaN,NaN,NaN,NaN,NaN,NaN,NaN,NaN,NaN,NaN,NaN,NaN,NaN,NaN,NaN,NaN,NaN,NaN,NaN,NaN,NaN,NaN,NaN,NaN,NaN,NaN,NaN,NaN,NaN,NaN,NaN,NaN,NaN,NaN,NaN,NaN,NaN,NaN,NaN,NaN,NaN,NaN,NaN,NaN,NaN,NaN,NaN,NaN,NaN,NaN,NaN,2.74192E-1,1.44624E-1,1.50568E-2,6.30230E-3,3.63952E-2,6.64881E-2,2.09480E-1,3.65080E-1,4.99027E-1,1.43970E-1,-2.11088E-1,-4.46667E-1,-1.56802E-1,1.33063E-1,2.04237E-1,-1.72405E-1,-5.49047E-1,-7.07699E-1,-6.21490E-1,-5.35282E-1,-5.41311E-1,-6.05367E-1,-6.69423E-1,-7.60211E-1,-8.59595E-1,-9.58979E-1,-7.78396E-1,-5.66549E-1,-3.62899E-1,-3.49650E-1,-4.17948E-1,3.03164E-1,-3.00604E-2,-5.25610E-1,-7.27044E-1,-1.05688E+0,-7.46931E-1,-8.78259E-1,-8.56968E-1,-1.67071E+0,-1.01918E+0,-1.06504E+0,-1.34840E+0,-5.42513E-1,-3.30013E-1,-3.60563E-1,-8.28781E-1,2.40396E-2,-4.93398E-1,-3.31448E-2,-4.87610E-1,-2.74541E-1,-4.37678E-1,-1.08995E+0,-7.79867E-1,-1.26352E+0,-1.36901E+0,-1.10942E+0,-8.24833E-1,-7.19816E-1,-5.14394E-1,-7.23513E-1,-7.63291E-1,-9.01368E-1,-1.02551E+0,-9.30214E-1,-9.15215E-1,-1.02468E+0,-8.78991E-1,-8.16948E-1,-1.14048E+0,-1.52608E+0,-1.19184E+0,-1.31205E+0
8.71742E+2,NaN,NaN,NaN,NaN,NaN,NaN,NaN,NaN,NaN,NaN,NaN,NaN,NaN,NaN,NaN,NaN,NaN,NaN,NaN,NaN,NaN,NaN,NaN,NaN,NaN,NaN,NaN,NaN,NaN,NaN,NaN,NaN,NaN,NaN,NaN,NaN,NaN,NaN,NaN,NaN,NaN,NaN,NaN,NaN,NaN,NaN,NaN,NaN,NaN,NaN,NaN,NaN,NaN,NaN,NaN,NaN,NaN,NaN,NaN,NaN,NaN,NaN,2.06349E-3,-1.30463E-2,-2.81560E-2,-5.06277E-3,2.95355E-2,6.41339E-2,1.03605E-1,1.43551E-1,1.75834E-1,7.45752E-2,-2.66838E-2,-8.72074E-2,1.81881E-2,1.23584E-1,1.32854E-1,-4.44925E-2,-2.21839E-1,-2.77154E-1,-2.01760E-1,-1.26366E-1,-8.39084E-2,-6.11543E-2,-3.84003E-2,-8.93600E-2,-1.62519E-1,-2.35678E-1,-1.93630E-1,-1.40383E-1,-9.44855E-2,-1.68355E-1,-9.42175E-2,1.75818E-2,-9.99805E-2,-6.56303E-2,-1.46882E-1,-1.69535E-1,-2.24030E-1,-3.16360E-1,-9.37104E-2,-2.29854E-1,-2.03490E-1,-3.74113E-1,-2.45565E-1,-3.17401E-1,-2.16415E-1,-1.64176E-1,-1.70748E-1,-1.73127E-1,-4.41797E-2,-1.01084E-1,-1.40341E-2,-2.71210E-1,-1.19034E-1,-1.94308E-1,-4.02120E-1,-3.97826E-1,-2.69880E-1,-2.80937E-1,-2.62122E-1,-2.22433E-1,-2.96896E-1,-2.50032E-1,-3.50271E-1,-2.94477E-1,-2.36219E-1,-2.43261E-1,-1.89353E-1,-1.22619E-1,-2.56040E-1,-2.60213E-1,-2.09977E-1,-3.03289E-1,-5.02405E-1,-3.21728E-1,-1.91655E-1
8.75147E+2,NaN,NaN,NaN,NaN,NaN,NaN,NaN,NaN,NaN,NaN,NaN,NaN,NaN,NaN,NaN,NaN,NaN,NaN,NaN,NaN,NaN,NaN,NaN,NaN,NaN,NaN,NaN,NaN,NaN,NaN,NaN,NaN,NaN,NaN,NaN,NaN,NaN,NaN,NaN,NaN,NaN,NaN,NaN,NaN,NaN,NaN,NaN,NaN,NaN,NaN,NaN,NaN,NaN,NaN,NaN,NaN,NaN,NaN,NaN,NaN,NaN,2.75450E-1,2.07178E-1,1.38906E-1,1.64378E-1,2.18570E-1,2.72761E-1,2.21591E-1,1.59789E-1,9.76043E-2,2.83137E-2,-4.09768E-2,-9.88254E-2,-1.09154E-1,-1.19483E-1,-1.81784E-1,-3.46371E-1,-5.10958E-1,-6.05839E-1,-6.25137E-1,-6.44436E-1,-6.02925E-1,-5.24559E-1,-4.46193E-1,-5.96607E-1,-8.17110E-1,-1.03761E+0,-9.52257E-1,-8.36038E-1,-7.06138E-1,-3.54121E-1,-5.46993E-1,-9.04191E-2,-4.16729E-1,-4.07268E-2,-3.95371E-1,-5.89844E-1,-9.14092E-1,-6.02912E-1,-7.74824E-1,-1.08596E+0,-8.60522E-1,-7.44863E-1,-1.18547E+0,-9.68082E-1,-9.60653E-1,-2.28730E-1,-5.98757E-1,-8.72778E-1,-3.66214E-1,-4.88336E-1,-2.13349E-1,-6.03930E-1,-4.27187E-1,-6.57309E-1,-6.82066E-1,-1.29445E+0,-1.00985E+0,-1.25049E+0,-1.39330E+0,-1.20921E+0,-1.17335E+0,-1.07368E+0,-9.40209E-1,-1.04577E+0,-8.90312E-1,-9.47686E-1,-1.29819E+0,-1.10200E+0,-1.01001E+0,-1.19364E+0,-1.12868E+0,-1.22031E+0,-1.41273E+0,-1.60270E+0,-1.19049E+0,-1.02730E+0
8.78552E+2,NaN,NaN,NaN,NaN,NaN,NaN,NaN,NaN,NaN,NaN,NaN,NaN,NaN,NaN,NaN,NaN,NaN,NaN,NaN,NaN,NaN,NaN,NaN,NaN,NaN,NaN,NaN,NaN,NaN,NaN,NaN,NaN,NaN,NaN,NaN,NaN,NaN,NaN,NaN,NaN,NaN,NaN,NaN,NaN,NaN,NaN,NaN,NaN,NaN,NaN,NaN,NaN,NaN,NaN,NaN,NaN,NaN,NaN,NaN,NaN,-2.64081E-2,-7.79775E-3,1.08126E-2,1.06131E-2,4.07024E-3,-2.47264E-3,-4.09977E-2,-8.34487E-2,-1.21897E-1,-4.49487E-2,3.19993E-2,8.47675E-2,2.46280E-2,-3.55114E-2,-5.32835E-2,1.92904E-2,9.18643E-2,1.18730E-1,9.23878E-2,6.60460E-2,5.72785E-2,5.99873E-2,6.26961E-2,6.70313E-2,7.19150E-2,7.67987E-2,8.14268E-2,8.60235E-2,8.87675E-2,3.76484E-2,-2.52207E-2,-4.67705E-2,3.21185E-2,-3.25704E-2,6.56767E-2,4.54350E-2,1.41224E-1,1.31310E-1,1.86567E-1,1.17848E-1,1.78380E-1,1.37572E-1,2.10292E-1,2.44726E-1,1.48524E-1,1.01896E-1,5.72450E-2,5.69595E-2,6.71125E-2,1.18889E-1,2.37398E-2,7.34403E-2,6.63753E-2,4.48856E-2,1.17882E-1,1.45511E-1,2.28473E-1,1.80968E-1,1.98680E-1,2.70376E-1,2.08002E-1,1.20567E-1,1.01826E-1,1.13043E-1,1.37039E-1,1.01410E-1,9.36964E-2,1.47075E-1,1.63036E-1,1.53533E-1,1.76079E-1,1.78259E-1,2.08575E-1,1.92134E-1,2.72177E-1,2.07307E-1,1.73633E-1
8.81958E+2,NaN,NaN,NaN,NaN,NaN,NaN,NaN,NaN,NaN,NaN,NaN,NaN,NaN,NaN,NaN,NaN,NaN,NaN,NaN,NaN,NaN,NaN,NaN,NaN,NaN,NaN,NaN,NaN,NaN,NaN,NaN,NaN,NaN,NaN,NaN,NaN,NaN,NaN,NaN,NaN,NaN,NaN,NaN,NaN,NaN,NaN,NaN,NaN,NaN,NaN,NaN,NaN,NaN,NaN,NaN,NaN,NaN,NaN,NaN,7.78412E-2,8.92278E-3,-5.99956E-2,-3.51361E-2,2.69529E-2,8.90419E-2,9.28669E-2,8.71028E-2,8.13201E-2,6.34245E-2,4.55288E-2,3.16136E-2,4.12850E-2,5.09563E-2,2.13716E-2,-1.05618E-1,-2.32608E-1,-2.76993E-1,-2.11926E-1,-1.46858E-1,-1.06038E-1,-8.32886E-2,-6.05396E-2,-7.86083E-2,-1.12881E-1,-1.47154E-1,-1.49257E-1,-1.46064E-1,-1.42832E-1,-1.13714E-1,-7.93359E-2,-5.17250E-3,-8.84006E-2,1.29828E-1,5.37635E-2,-1.37594E-1,-2.04156E-1,-2.04379E-1,-1.59547E-1,-1.55133E-1,-2.18872E-1,-2.31550E-1,-2.34083E-1,-3.12174E-1,-2.63085E-1,-1.98424E-1,-1.32645E-1,-1.35456E-1,-1.41907E-1,-2.40562E-1,-1.92827E-1,-9.16449E-3,-2.41208E-2,3.60964E-2,2.37427E-2,-1.32057E-2,-1.58878E-1,-2.32695E-1,-1.79348E-1,-2.40622E-1,-2.91661E-1,-3.07309E-1,-2.27527E-1,-1.75047E-1,-1.45219E-1,-2.12296E-1,-2.90422E-1,-2.39797E-1,-2.52143E-1,-1.87545E-1,-2.22618E-1,-2.91556E-1,-2.45017E-1,-2.54888E-1,-2.40943E-1,-3.03657E-1,-1.86186E-1,-2.00955E-1
8.85364E+2,NaN,NaN,NaN,NaN,NaN,NaN,NaN,NaN,NaN,NaN,NaN,NaN,NaN,NaN,NaN,NaN,NaN,NaN,NaN,NaN,NaN,NaN,NaN,NaN,NaN,NaN,NaN,NaN,NaN,NaN,NaN,NaN,NaN,NaN,NaN,NaN,NaN,NaN,NaN,NaN,NaN,NaN,NaN,NaN,NaN,NaN,NaN,NaN,NaN,NaN,NaN,NaN,NaN,NaN,NaN,NaN,NaN,NaN,-1.16963E-2,4.24022E-3,2.01767E-2,1.98118E-2,1.14110E-2,3.01006E-3,-7.05606E-3,-1.75060E-2,-2.79560E-2,-2.21373E-2,-1.55614E-2,-1.02712E-2,-1.67647E-2,-2.32582E-2,-2.07853E-2,9.88960E-3,4.05645E-2,6.26378E-2,7.09182E-2,7.91987E-2,8.48963E-2,8.82752E-2,9.16540E-2,9.56434E-2,9.99337E-2,1.04224E-1,7.99917E-2,4.91844E-2,1.83770E-2,1.40517E-2,6.96445E-2,-9.37737E-4,-4.94687E-2,4.35568E-2,3.06476E-2,2.56804E-2,6.87815E-2,5.26461E-2,8.84262E-2,7.57032E-2,1.20350E-1,8.84780E-2,1.31218E-1,1.06023E-1,1.49017E-1,1.05258E-1,1.90436E-2,5.36930E-3,4.36820E-2,3.99089E-2,1.03585E-1,3.03244E-2,4.03383E-2,1.00578E-2,4.41288E-2,5.93161E-2,1.25545E-1,5.16491E-2,8.99140E-2,1.03406E-1,1.60350E-1,1.52542E-1,1.64888E-1,1.03278E-1,1.10401E-1,8.46057E-2,9.63043E-2,1.06077E-1,1.36627E-1,1.47899E-1,9.77180E-2,1.00668E-1,1.56263E-1,1.26078E-1,5.49939E-2,9.45604E-2,1.88544E-1,1.53007E-1,1.35622E-1
8.88771E+2,NaN,NaN,NaN,NaN,NaN,NaN,NaN,NaN,NaN,NaN,NaN,NaN,NaN,NaN,NaN,NaN,NaN,NaN,NaN,NaN,NaN,NaN,NaN,NaN,NaN,NaN,NaN,NaN,NaN,NaN,NaN,NaN,NaN,NaN,NaN,NaN,NaN,NaN,NaN,NaN,NaN,NaN,NaN,NaN,NaN,NaN,NaN,NaN,NaN,NaN,NaN,NaN,NaN,NaN,NaN,NaN,NaN,3.54806E-1,8.24879E-2,-1.89831E-1,-2.80284E-1,-2.54490E-1,-2.28696E-1,-1.67711E-1,-9.51757E-2,-2.26408E-2,1.46302E-1,3.26463E-1,5.01663E-1,5.53390E-1,6.05116E-1,5.36729E-1,-7.33854E-2,-6.83500E-1,-1.04226E+0,-8.77409E-1,-7.12557E-1,-5.74155E-1,-4.65918E-1,-3.57680E-1,-6.66048E-1,-1.24071E+0,-1.81537E+0,-1.56904E+0,-1.05328E+0,-5.37513E-1,-8.34208E-1,-5.51169E-2,-2.43692E-1,-9.61415E-1,1.07190E-1,-6.55136E-1,-7.01205E-1,-1.08333E+0,-1.51648E+0,1.94064E-1,-1.40128E+0,-9.05884E-1,-7.90298E-1,-6.09057E-1,-1.58899E+0,-1.49168E+0,-1.78405E+0,-1.26920E+0,-6.22211E-1,-1.97764E-1,-6.04080E-1,-7.34887E-1,-1.04032E+0,5.30060E-2,-1.55326E-1,-9.45573E-1,-8.73702E-1,-8.82197E-1,-1.19472E+0,-8.00353E-1,-1.02705E+0,-1.55592E+0,-1.82867E+0,-2.01133E+0,-2.12746E+0,-2.07063E+0,-1.71247E+0,-1.74129E+0,-2.29696E+0,-1.52554E+0,-1.26012E+0,-1.40977E+0,-1.64899E+0,-1.49765E+0,-1.27122E+0,-1.74288E+0,-2.08223E+0,-1.35015E+0,-2.50553E+0,-2.52790E+0,-2.50590E+0
8.92178E+2,NaN,NaN,NaN,NaN,NaN,NaN,NaN,NaN,NaN,NaN,NaN,NaN,NaN,NaN,NaN,NaN,NaN,NaN,NaN,NaN,NaN,NaN,NaN,NaN,NaN,NaN,NaN,NaN,NaN,NaN,NaN,NaN,NaN,NaN,NaN,NaN,NaN,NaN,NaN,NaN,NaN,NaN,NaN,NaN,NaN,NaN,NaN,NaN,NaN,NaN,NaN,NaN,NaN,NaN,NaN,NaN,2.17447E-2,-4.08961E-2,-1.03537E-1,-1.16105E-1,-8.54713E-2,-5.48380E-2,-1.17568E-1,-2.24295E-1,-3.31022E-1,-1.58573E-1,7.41018E-2,3.06777E-1,1.35410E-1,-5.04344E-2,-1.93476E-1,1.60354E-2,2.25547E-1,3.68643E-1,3.13679E-1,2.58716E-1,2.12990E-1,1.81475E-1,1.49960E-1,1.61483E-1,2.10138E-1,2.58792E-1,2.16840E-1,1.32190E-1,4.75392E-2,1.99419E-1,2.86430E-1,4.34300E-2,8.30665E-2,2.98414E-2,1.51989E-1,4.28070E-1,3.18814E-1,3.06406E-1,-7.20016E-2,3.51597E-1,5.46971E-1,4.40350E-1,4.08480E-1,7.35225E-1,4.60777E-1,3.55796E-1,6.13027E-1,4.53195E-1,3.37163E-1,1.54855E-1,9.38223E-2,3.96563E-1,3.09933E-1,3.32983E-1,3.47694E-1,1.82497E-1,1.82531E-1,1.18332E-1,2.09853E-1,2.90182E-1,4.63948E-1,3.75324E-1,6.15969E-1,5.06261E-1,4.36812E-1,4.22188E-1,2.45911E-1,4.37796E-1,5.44744E-1,6.04224E-1,6.53541E-1,5.98706E-1,4.35373E-1,5.32449E-1,7.13580E-1,7.15176E-1,5.20723E-1,4.12857E-1,6.36352E-1,6.37514E-1,6.47219E-1
8.95586E+2,NaN,NaN,NaN,NaN,NaN,NaN,NaN,NaN,NaN,NaN,NaN,NaN,NaN,NaN,NaN,NaN,NaN,NaN,NaN,NaN,NaN,NaN,NaN,NaN,NaN,NaN,NaN,NaN,NaN,NaN,NaN,NaN,NaN,NaN,NaN,NaN,NaN,NaN,NaN,NaN,NaN,NaN,NaN,NaN,NaN,NaN,NaN,NaN,NaN,NaN,NaN,NaN,NaN,NaN,NaN,-4.60402E-1,-3.46706E-1,-2.33010E-1,-1.72669E-1,-1.77427E-1,-1.82186E-1,-1.41103E-1,-6.85930E-2,3.91702E-3,1.56514E-1,3.37818E-1,5.19122E-1,3.13645E-1,5.49204E-2,-1.92933E-1,4.58395E-2,2.84612E-1,4.98478E-1,5.86029E-1,6.73581E-1,6.76914E-1,4.90642E-1,3.04369E-1,2.41235E-1,3.28346E-1,4.15457E-1,4.02854E-1,3.21892E-1,2.40930E-1,3.67509E-1,2.95818E-1,2.48891E-2,8.94610E-2,-7.78013E-2,1.08563E-1,2.75926E-1,5.90347E-1,4.79326E-1,2.18984E-1,4.21590E-1,9.09743E-1,1.04942E+0,9.28803E-1,9.71470E-1,1.20824E+0,6.13003E-1,1.07091E+0,1.16955E+0,9.26841E-1,6.74498E-1,1.44950E-1,5.84975E-1,4.90848E-1,4.62933E-1,2.07464E-1,1.49537E-1,4.20824E-1,6.02151E-2,5.54803E-1,2.98354E-1,3.38444E-1,7.28026E-1,5.37290E-1,1.08434E+0,1.18075E+0,1.02953E+0,7.05313E-1,6.97043E-1,6.75715E-1,8.82873E-1,8.63891E-1,8.26761E-1,8.44060E-1,7.45878E-1,7.47322E-1,9.20596E-1,9.12573E-1,6.81319E-1,7.13573E-1,1.06993E+0,8.20999E-1,1.00928E+0
8.98995E+2,NaN,NaN,NaN,NaN,NaN,NaN,NaN,NaN,NaN,NaN,NaN,NaN,NaN,NaN,NaN,NaN,NaN,NaN,NaN,NaN,NaN,NaN,NaN,NaN,NaN,NaN,NaN,NaN,NaN,NaN,NaN,NaN,NaN,NaN,NaN,NaN,NaN,NaN,NaN,NaN,NaN,NaN,NaN,NaN,NaN,NaN,NaN,NaN,NaN,NaN,NaN,NaN,NaN,NaN,-7.65028E-3,3.97053E-3,1.55913E-2,1.61841E-2,-3.60766E-3,-2.33994E-2,-1.99040E-2,7.45103E-3,3.48060E-2,4.01044E-2,3.28221E-2,2.55397E-2,2.26561E-2,2.10157E-2,1.93753E-2,-8.78390E-3,-3.91710E-2,-6.59190E-2,-4.06265E-2,-1.53340E-2,-2.28722E-4,-2.38625E-2,-4.74963E-2,-6.46839E-2,-6.99561E-2,-7.52284E-2,-6.82105E-2,-4.86003E-2,-2.89901E-2,4.27841E-3,-2.91322E-2,-1.69637E-2,3.84538E-3,-4.10721E-3,-2.73974E-2,-2.63598E-2,-4.72770E-2,-5.83614E-2,1.18870E-2,-1.52047E-2,-5.24497E-2,-8.74487E-2,-2.86335E-2,-5.34321E-2,-1.04902E-1,-6.85086E-2,-9.88921E-2,-1.22332E-1,-4.46361E-2,-7.09834E-2,-1.37815E-2,-4.73077E-2,-4.81333E-2,-1.67322E-1,-8.39251E-2,-4.49690E-2,-5.28620E-3,-7.28827E-2,-7.17506E-2,-1.33343E-2,-9.11628E-2,-1.25459E-1,-3.94991E-2,-3.73958E-2,-9.56565E-2,-9.54387E-2,-1.41861E-1,-9.57999E-2,-7.14154E-2,-8.18597E-2,-1.31906E-1,-8.85550E-2,-4.56622E-2,-6.96642E-2,-9.92719E-2,-9.23103E-2,-7.76763E-2,-5.99166E-2,-1.14110E-1,-1.22903E-1,-1.15495E-1,-9.13298E-2,-1.29412E-1
9.02404E+2,NaN,NaN,NaN,NaN,NaN,NaN,NaN,NaN,NaN,NaN,NaN,NaN,NaN,NaN,NaN,NaN,NaN,NaN,NaN,NaN,NaN,NaN,NaN,NaN,NaN,NaN,NaN,NaN,NaN,NaN,NaN,NaN,NaN,NaN,NaN,NaN,NaN,NaN,NaN,NaN,NaN,NaN,NaN,NaN,NaN,NaN,NaN,NaN,NaN,NaN,NaN,NaN,NaN,-2.81744E-1,-2.07812E-1,-1.33880E-1,-1.02850E-1,-2.08394E-1,-3.13938E-1,-3.42469E-1,-2.46358E-1,-1.50246E-1,-5.59570E-2,3.66808E-2,1.29319E-1,1.36957E-1,1.02278E-1,6.75984E-2,2.22164E-1,4.20985E-1,6.19805E-1,5.36840E-1,4.40079E-1,3.44466E-1,2.59645E-1,1.74823E-1,1.60677E-1,3.71514E-1,5.82351E-1,6.65363E-1,5.41491E-1,4.17619E-1,2.61672E-1,1.25743E-2,-2.83633E-2,1.51842E-1,1.36387E-1,2.05478E-1,4.26702E-1,6.80763E-1,5.92780E-1,3.94720E-1,7.27028E-1,9.45556E-1,6.37497E-1,6.38855E-1,5.40752E-1,7.25021E-1,6.62508E-1,1.10086E+0,6.50997E-1,1.08444E+0,1.20511E+0,1.01625E+0,3.46811E-1,5.93345E-1,2.76760E-1,5.37753E-1,5.76379E-2,4.66925E-1,3.51386E-1,4.97427E-1,2.89316E-1,4.61880E-1,4.56121E-1,4.29640E-1,6.93885E-1,1.05911E+0,9.60623E-1,1.19647E+0,7.96864E-1,3.48814E-1,7.35077E-1,7.78641E-1,8.99757E-1,9.41740E-1,6.79808E-1,1.08934E+0,8.14850E-1,7.73448E-1,7.90475E-1,6.61337E-1,9.53429E-1,1.47324E+0,1.44370E+0,1.05183E+0,1.50623E+0
9.05814E+2,NaN,NaN,NaN,NaN,NaN,NaN,NaN,NaN,NaN,NaN,NaN,NaN,NaN,NaN,NaN,NaN,NaN,NaN,NaN,NaN,NaN,NaN,NaN,NaN,NaN,NaN,NaN,NaN,NaN,NaN,NaN,NaN,NaN,NaN,NaN,NaN,NaN,NaN,NaN,NaN,NaN,NaN,NaN,NaN,NaN,NaN,NaN,NaN,NaN,NaN,NaN,NaN,NaN,-5.11729E-2,-2.56373E-2,-7.56655E-3,-4.71782E-2,-8.67898E-2,-1.10347E-1,-8.75982E-2,-6.48491E-2,-3.70899E-2,-1.82466E-3,3.34406E-2,3.89168E-2,1.93376E-2,-2.41516E-4,4.39491E-2,1.17327E-1,1.90705E-1,1.45519E-1,7.58548E-2,6.19022E-3,2.21003E-2,4.05003E-2,5.73810E-2,6.25215E-2,6.76621E-2,6.08965E-2,1.97889E-2,-2.13186E-2,-8.72468E-3,2.60901E-2,-3.06215E-2,-3.96245E-2,-1.02077E-2,-1.50859E-2,3.46178E-2,5.03332E-2,1.96302E-2,1.29825E-2,3.42206E-2,1.08162E-1,1.11065E-1,1.06307E-1,1.47638E-1,5.58699E-2,1.17743E-1,9.83565E-2,1.52544E-1,5.29271E-2,1.96387E-1,9.66386E-2,5.13654E-2,1.44088E-2,2.45894E-2,7.48642E-2,-1.30092E-2,2.67784E-2,-3.72324E-2,4.17397E-2,6.17116E-2,3.35556E-2,7.42218E-2,5.50323E-2,3.98825E-2,6.92449E-2,7.96094E-2,1.88734E-1,2.27309E-1,1.28952E-1,3.27335E-2,5.69344E-2,7.86709E-2,1.69816E-1,9.72105E-2,1.11854E-1,8.29341E-2,1.73180E-1,1.03589E-1,6.48853E-2,1.40562E-1,1.33913E-1,2.38957E-1,2.40181E-1,1.59054E-1,1.89078E-1
9.09225E+2,NaN,NaN,NaN,NaN,NaN,NaN,NaN,NaN,NaN,NaN,NaN,NaN,NaN,NaN,NaN,NaN,NaN,NaN,NaN,NaN,NaN,NaN,NaN,NaN,NaN,NaN,NaN,NaN,NaN,NaN,NaN,NaN,NaN,NaN,NaN,NaN,NaN,NaN,NaN,NaN,NaN,NaN,NaN,NaN,NaN,NaN,NaN,NaN,NaN,NaN,NaN,NaN,-5.67585E-2,-2.99603E-2,-3.16200E-3,-1.45341E-2,-2.67675E-2,-3.77129E-2,-3.92838E-2,-4.08546E-2,-2.98804E-2,1.61313E-2,6.21429E-2,8.02075E-2,5.74697E-2,3.47318E-2,2.88733E-2,3.68607E-2,4.48481E-2,2.26262E-2,-1.30275E-2,-4.86812E-2,-7.14600E-2,-9.16962E-2,-1.11932E-1,-1.12405E-1,-1.12431E-1,-1.09961E-1,-8.93151E-2,-6.86696E-2,-4.91804E-2,-2.92150E-2,-1.78774E-4,4.91928E-3,-2.78973E-2,-3.42877E-2,-9.96190E-2,-8.98021E-2,-1.49843E-2,-2.29090E-2,-4.98027E-2,-6.03385E-2,-5.80467E-2,-4.37438E-2,-9.29737E-2,-7.67199E-2,-9.54317E-2,-1.66095E-2,-4.20687E-2,-8.46525E-2,-8.87111E-2,-5.91002E-2,-7.21237E-2,-4.89781E-2,-3.48905E-2,-5.96353E-2,-6.45054E-2,-3.62539E-2,-5.96641E-2,-2.81445E-2,-4.28182E-2,-4.19732E-2,-5.56269E-2,-5.16940E-2,-7.68725E-2,-8.83755E-2,-9.89153E-2,-7.98006E-2,-7.50107E-2,-1.22359E-1,-1.00893E-1,-8.93693E-2,-7.96991E-2,-9.03201E-2,-1.03853E-1,-9.45025E-2,-1.28707E-1,-1.04211E-1,-9.30565E-2,-1.77855E-2,-4.65361E-2,-8.33930E-2,-6.27389E-2,-1.20993E-1,-6.83944E-2,-9.78325E-2,-5.70775E-2
9.12636E+2,NaN,NaN,NaN,NaN,NaN,NaN,NaN,NaN,NaN,NaN,NaN,NaN,NaN,NaN,NaN,NaN,NaN,NaN,NaN,NaN,NaN,NaN,NaN,NaN,NaN,NaN,NaN,NaN,NaN,NaN,NaN,NaN,NaN,NaN,NaN,NaN,NaN,NaN,NaN,NaN,NaN,NaN,NaN,NaN,NaN,NaN,NaN,NaN,NaN,NaN,NaN,8.15619E-1,6.21991E-1,4.28363E-1,1.78005E-1,-8.40274E-2,-3.46060E-1,-1.49663E-2,3.33093E-1,6.50101E-1,7.28253E-1,8.06405E-1,9.77642E-1,1.41672E+0,1.85580E+0,1.17438E+0,-1.18247E+0,-3.53932E+0,-4.44802E+0,-4.14097E+0,-3.83393E+0,-3.59513E+0,-3.38751E+0,-3.17989E+0,-4.01018E+0,-5.05407E+0,-6.09795E+0,-5.14962E+0,-4.14431E+0,-2.84629E+0,-4.53397E-2,-2.34421E+0,-4.97328E-2,-7.29808E-1,2.19511E+0,-2.01025E+0,-3.41443E+0,-5.72959E+0,-3.75314E+0,-2.71748E+0,-5.88444E+0,-4.73432E+0,-3.52452E+0,-1.73788E+0,-4.40244E+0,-6.24643E+0,-5.62298E+0,-5.13365E+0,-8.13997E+0,-5.18601E+0,-6.48188E+0,-5.10121E+0,-3.10793E+0,-3.49485E+0,-2.56619E-1,-4.56996E+0,-5.32623E+0,-2.72381E+0,-3.26493E+0,-4.47295E+0,-2.79305E+0,-2.90526E+0,-5.32199E+0,-2.70030E+0,-3.75407E+0,-3.78121E+0,-4.62819E+0,-4.52373E+0,-8.67184E+0,-8.28873E+0,-5.87026E+0,-5.05914E+0,-6.46186E+0,-7.20212E+0,-8.65999E+0,-4.63367E+0,-4.98481E+0,-5.17289E+0,-4.29078E+0,-4.72752E+0,-6.57962E+0,-6.01548E+0,-5.88194E+0,-7.74776E+0,-7.83262E+0,-4.96345E+0,-7.80850E+0
9.16047E+2,NaN,NaN,NaN,NaN,NaN,NaN,NaN,NaN,NaN,NaN,NaN,NaN,NaN,NaN,NaN,NaN,NaN,NaN,NaN,NaN,NaN,NaN,NaN,NaN,NaN,NaN,NaN,NaN,NaN,NaN,NaN,NaN,NaN,NaN,NaN,NaN,NaN,NaN,NaN,NaN,NaN,NaN,NaN,NaN,NaN,NaN,NaN,NaN,NaN,NaN,1.23984E-1,1.18987E-1,1.13990E-1,5.74093E-2,-2.46928E-2,-1.06795E-1,-4.41722E-2,5.19875E-2,1.48147E-1,1.21558E-1,8.91484E-2,6.82967E-2,1.54335E-1,2.40374E-1,2.26574E-1,-1.02622E-1,-4.31819E-1,-5.95944E-1,-4.94478E-1,-3.93012E-1,-3.45600E-1,-3.46867E-1,-3.48134E-1,-4.39470E-1,-5.75368E-1,-7.11265E-1,-5.52410E-1,-3.25251E-1,-9.80928E-2,-4.77098E-1,-2.96468E-1,1.94833E-1,-2.55767E-1,1.86738E-1,-8.44740E-2,-5.75836E-1,-5.71950E-1,-2.85618E-1,-1.40154E-1,-4.62859E-1,-8.67242E-1,-3.98029E-1,-7.15742E-1,-7.85350E-1,-6.20871E-1,-3.72278E-1,-6.26932E-1,-6.28171E-1,-7.35115E-1,-1.00332E+0,-7.80167E-1,-8.87067E-1,-6.69504E-1,-2.61210E-1,-3.84293E-1,-4.98407E-1,-7.34718E-1,-4.00381E-1,-4.25158E-1,-1.09681E-1,-2.41768E-1,-4.95049E-1,-4.52536E-1,-5.27236E-1,-4.06035E-1,-4.25226E-1,-7.63059E-1,-6.13441E-1,-9.00283E-1,-1.01289E+0,-7.93030E-1,-8.10064E-1,-6.63887E-1,-5.64629E-1,-7.92756E-1,-9.94238E-1,-6.37966E-1,-7.39293E-1,-5.97158E-1,-6.43073E-1,-7.24422E-1,-7.31343E-1,-8.32373E-1,-7.72739E-1,-1.03942E+0,-9.20908E-1,-8.89364E-1
9.19460E+2,NaN,NaN,NaN,NaN,NaN,NaN,NaN,NaN,NaN,NaN,NaN,NaN,NaN,NaN,NaN,NaN,NaN,NaN,NaN,NaN,NaN,NaN,NaN,NaN,NaN,NaN,NaN,NaN,NaN,NaN,NaN,NaN,NaN,NaN,NaN,NaN,NaN,NaN,NaN,NaN,NaN,NaN,NaN,NaN,NaN,NaN,NaN,NaN,NaN,6.11387E-2,3.38091E-2,6.47949E-3,-1.20099E-2,-2.15589E-2,-3.11079E-2,-3.13799E-2,-2.64345E-2,-2.14892E-2,-2.06151E-2,-2.08700E-2,-2.11250E-2,4.52262E-3,3.22475E-2,5.55821E-2,1.93237E-2,-1.69348E-2,-4.59354E-2,-4.78735E-2,-4.98116E-2,-5.38928E-2,-6.18794E-2,-6.98659E-2,-6.78501E-2,-5.57186E-2,-4.35872E-2,-2.81186E-2,-1.07730E-2,6.57249E-3,-5.20497E-2,5.63002E-3,-1.11806E-2,-9.32956E-3,-3.55569E-2,-2.76128E-2,-8.29254E-2,-1.00617E-1,-5.86039E-2,-9.71866E-2,-9.53398E-2,-1.94026E-3,-3.97633E-2,-5.81024E-2,-2.97743E-2,-8.52770E-2,-1.63559E-2,-3.06022E-2,-6.86139E-2,-2.81678E-2,-9.12166E-2,5.73844E-3,-2.09311E-2,-2.51081E-2,-5.91830E-2,-2.77767E-2,2.13049E-2,-5.20341E-2,-3.19855E-2,-5.44266E-2,-3.51757E-2,-2.06351E-2,-4.10246E-2,-3.51304E-2,-4.67069E-2,-4.00355E-2,-4.75314E-2,-5.07700E-2,-1.60607E-2,-6.15755E-2,2.43669E-2,-1.09622E-2,-9.62317E-3,-4.53917E-2,-4.29402E-2,-1.54287E-2,-8.44149E-2,-6.01014E-2,-4.76696E-2,-7.50979E-2,-4.40547E-2,-1.05966E-1,-5.50302E-2,-8.25164E-2,-5.96241E-2,-5.72934E-2,-6.47545E-2,-1.43092E-2,5.20441E-4
9.22873E+2,NaN,NaN,NaN,NaN,NaN,NaN,NaN,NaN,NaN,NaN,NaN,NaN,NaN,NaN,NaN,NaN,NaN,NaN,NaN,NaN,NaN,NaN,NaN,NaN,NaN,NaN,NaN,NaN,NaN,NaN,NaN,NaN,NaN,NaN,NaN,NaN,NaN,NaN,NaN,NaN,NaN,NaN,NaN,NaN,NaN,NaN,NaN,NaN,-5.31923E-2,-2.74508E-2,-1.70918E-3,1.42010E-2,8.64065E-3,3.08031E-3,-2.13417E-3,-6.93760E-3,-1.17410E-2,5.36943E-3,3.71015E-2,6.88335E-2,7.75040E-2,7.81831E-2,7.88621E-2,2.32691E-2,-3.95993E-2,-1.00986E-1,-1.11606E-1,-1.22226E-1,-1.27015E-1,-1.03577E-1,-8.01398E-2,-6.36976E-2,-6.25320E-2,-6.13663E-2,-6.26491E-2,-6.68419E-2,-7.10347E-2,-8.63153E-2,-1.27071E-1,-7.92784E-2,-1.36536E-2,-2.27636E-2,-5.14526E-2,-7.63768E-2,-1.01301E-1,-1.06041E-1,-1.03467E-1,-1.39581E-1,-1.10210E-1,-6.70636E-2,-1.14174E-1,-9.05129E-2,-1.18566E-1,-1.56524E-1,-1.14448E-1,-1.15684E-1,-2.42142E-2,-9.23294E-2,-9.09082E-2,-1.10155E-1,-1.34311E-1,-6.66783E-2,-5.61103E-2,-7.71075E-2,-5.08974E-2,-1.29792E-1,-6.54159E-2,-6.49548E-2,-7.58731E-2,-8.09322E-2,-7.44419E-2,-8.84459E-2,-7.45746E-2,-9.58822E-2,-9.07388E-2,-6.44768E-2,-5.70276E-2,-9.39566E-2,-7.99586E-2,-2.96604E-3,-3.24592E-2,-4.65906E-2,-1.17666E-1,-1.01620E-1,-7.80780E-2,-1.15948E-1,-8.04054E-2,-5.16716E-2,-8.95348E-2,-8.76827E-2,-7.33558E-2,-9.76455E-2,-8.90935E-2,-1.01088E-1,-7.96974E-2,-6.90435E-2,-1.27658E-1
9.26286E+2,NaN,NaN,NaN,NaN,NaN,NaN,NaN,NaN,NaN,NaN,NaN,NaN,NaN,NaN,NaN,NaN,NaN,NaN,NaN,NaN,NaN,NaN,NaN,NaN,NaN,NaN,NaN,NaN,NaN,NaN,NaN,NaN,NaN,NaN,NaN,NaN,NaN,NaN,NaN,NaN,NaN,NaN,NaN,NaN,NaN,NaN,NaN,NaN,1.91835E+0,7.26360E-1,-2.48945E-1,3.66056E-1,9.81056E-1,1.41798E+0,1.35530E+0,1.29262E+0,9.46400E-1,1.84699E-1,-5.77002E-1,-6.90393E-1,-2.70091E-1,1.50210E-1,-9.51462E-1,-2.73264E+0,-4.51381E+0,-4.23530E+0,-3.54742E+0,-2.85953E+0,-3.16635E+0,-3.49653E+0,-3.73355E+0,-3.28692E+0,-2.84029E+0,-2.49363E+0,-2.42744E+0,-2.36126E+0,-2.19403E+0,-8.49841E-1,1.24899E+0,1.09492E+0,2.22851E-1,2.96668E-1,-6.14773E-1,-2.80126E+0,-3.75309E+0,-1.38074E+0,-1.80508E+0,-4.46107E+0,-5.34709E+0,-5.80226E+0,-5.51157E+0,-4.34624E+0,-3.65747E+0,-4.02092E+0,-3.31155E+0,-4.50907E+0,-2.51507E+0,-7.33573E+0,-5.28884E+0,-3.74097E+0,-6.43958E+0,-7.14572E+0,-3.54856E+0,-1.04233E-1,-1.64112E+0,-3.42658E+0,-2.03375E+0,-2.81354E+0,-1.84738E+0,-1.22543E+0,-1.78414E+0,-2.88014E+0,-2.68556E+0,-3.03650E+0,-2.54970E+0,-2.87769E-1,-6.21899E+0,-3.93411E+0,-7.14998E+0,-9.22048E+0,-6.20611E+0,-3.59505E+0,-4.40550E+0,-3.53826E+0,-4.93679E+0,-6.49283E+0,-7.09652E+0,-6.60231E+0,-4.85729E+0,-6.45934E+0,-5.81015E+0,-5.23173E+0,-7.15377E+0,-5.01239E+0,-1.01586E+1,-7.33603E+0,-5.86386E+0
9.29700E+2,NaN,NaN,NaN,NaN,NaN,NaN,NaN,NaN,NaN,NaN,NaN,NaN,NaN,NaN,NaN,NaN,NaN,NaN,NaN,NaN,NaN,NaN,NaN,NaN,NaN,NaN,NaN,NaN,NaN,NaN,NaN,NaN,NaN,NaN,NaN,NaN,NaN,NaN,NaN,NaN,NaN,NaN,NaN,NaN,NaN,NaN,NaN,-1.98873E+0,-1.09844E+0,-2.08165E-1,1.86904E-1,5.35903E-1,8.13545E-1,-7.31991E-2,-9.59944E-1,-1.48294E+0,-5.56379E-1,3.70180E-1,6.61707E-1,-2.60675E-1,-1.18306E+0,-6.44507E-1,1.43720E+0,3.51890E+0,3.80275E+0,3.02695E+0,2.25115E+0,3.08815E+0,4.40138E+0,5.71460E+0,5.62517E+0,5.40524E+0,5.14477E+0,4.22277E+0,3.30077E+0,2.89928E+0,3.43470E+0,1.24630E-1,1.10045E-1,1.31397E+0,-9.89630E-1,-3.32071E-1,3.40072E+0,4.17720E+0,5.20055E+0,3.07449E+0,4.87396E+0,7.53458E+0,6.11149E+0,5.64784E+0,3.98977E+0,4.57032E+0,4.86322E+0,4.00040E+0,6.69235E+0,8.40730E+0,6.76442E+0,8.53205E+0,6.06897E+0,7.02483E+0,5.70163E+0,5.39009E+0,7.36680E+0,1.44460E+0,4.43369E+0,5.42512E+0,4.05409E+0,1.56789E+0,1.77810E+0,2.19881E+0,2.13057E+0,5.55311E+0,3.52303E+0,4.17318E+0,4.54415E+0,2.67897E+0,7.34500E+0,6.86522E+0,7.64626E+0,6.48289E+0,7.69216E+0,6.37675E+0,4.67373E+0,5.59174E+0,6.97561E+0,7.77822E+0,7.78741E+0,4.73869E+0,8.83098E+0,7.45975E+0,6.23145E+0,5.32415E+0,7.65479E+0,8.27542E+0,8.70803E+0,6.46356E+0,8.04141E+0
9.33114E+2,NaN,NaN,NaN,NaN,NaN,NaN,NaN,NaN,NaN,NaN,NaN,NaN,NaN,NaN,NaN,NaN,NaN,NaN,NaN,NaN,NaN,NaN,NaN,NaN,NaN,NaN,NaN,NaN,NaN,NaN,NaN,NaN,NaN,NaN,NaN,NaN,NaN,NaN,NaN,NaN,NaN,NaN,NaN,NaN,NaN,NaN,-2.09992E-2,-3.95317E-3,1.30928E-2,-7.49078E-2,-2.08100E-1,-3.41291E-1,-2.77614E-1,-1.77012E-1,-7.64097E-2,-1.12008E-3,7.37819E-2,1.28771E-1,4.78324E-2,-3.31065E-2,-4.52870E-2,1.27841E-1,3.00968E-1,3.93610E-1,3.72085E-1,3.50561E-1,3.25700E-1,2.98178E-1,2.70656E-1,2.55102E-1,2.44696E-1,2.34290E-1,2.66358E-1,3.06393E-1,3.46428E-1,2.79949E-1,3.14019E-1,9.50382E-2,1.16913E-2,1.03806E-1,1.36418E-1,2.38493E-1,4.21336E-1,4.81064E-1,1.20165E-1,2.93643E-1,5.19511E-1,2.72307E-1,2.23078E-1,6.02450E-1,4.64186E-1,4.66193E-1,2.14125E-1,3.42695E-1,5.26052E-1,1.94244E-1,3.63330E-1,6.15761E-1,6.41035E-1,5.03062E-1,6.66454E-1,3.01502E-1,5.65322E-1,1.12263E-1,3.58792E-1,3.58354E-1,5.66689E-2,2.31112E-1,2.73194E-1,2.99791E-1,1.40154E-1,5.05723E-1,2.15480E-1,3.09056E-1,1.95048E-1,2.83995E-1,6.96789E-1,3.71221E-1,6.23045E-1,8.02805E-1,5.79747E-1,2.79662E-1,4.68525E-1,2.98749E-1,5.67499E-1,4.76211E-1,4.79969E-1,6.19936E-1,3.67660E-1,4.38730E-1,4.38155E-1,5.81673E-1,5.05058E-1,6.22081E-1,8.99175E-1,7.21897E-1,8.15033E-1
9.36530E+2,NaN,NaN,NaN,NaN,NaN,NaN,NaN,NaN,NaN,NaN,NaN,NaN,NaN,NaN,NaN,NaN,NaN,NaN,NaN,NaN,NaN,NaN,NaN,NaN,NaN,NaN,NaN,NaN,NaN,NaN,NaN,NaN,NaN,NaN,NaN,NaN,NaN,NaN,NaN,NaN,NaN,NaN,NaN,NaN,NaN,5.85213E-1,2.34143E-2,-5.38384E-1,-6.27599E-1,-1.90410E-1,2.46778E-1,4.56117E-1,5.23372E-1,5.90627E-1,3.63198E-1,4.20850E-2,-2.79027E-1,-8.02192E-2,1.75311E-1,3.96329E-1,-1.23834E-1,-6.43997E-1,-1.08950E+0,-1.21117E+0,-1.33283E+0,-1.39138E+0,-1.32191E+0,-1.25243E+0,-1.29958E+0,-1.47663E+0,-1.65368E+0,-1.54387E+0,-1.25517E+0,-9.66473E-1,-6.66696E-1,-8.98286E-1,-3.83675E-1,-5.35562E-1,1.02669E-1,-7.09702E-1,-1.12277E+0,-1.45879E+0,-1.74392E+0,-1.41681E+0,-1.73429E+0,-2.22642E+0,-1.64169E+0,-1.62206E+0,-2.03003E+0,-2.17720E+0,-2.52094E+0,-1.36541E+0,-1.59199E+0,-1.78044E+0,-1.36781E+0,-1.61549E+0,-1.92805E+0,-2.38262E+0,-1.58279E+0,-2.76703E+0,-2.11402E+0,-1.97041E+0,-1.11214E+0,-1.49341E+0,-1.29525E+0,-2.14276E+0,-4.61806E-1,-1.20047E+0,-6.50176E-1,-1.63051E+0,-1.17553E+0,-1.55047E+0,-1.40356E+0,-1.50908E+0,-1.04435E+0,-8.65283E-1,-2.30367E+0,-2.39196E+0,-2.77925E+0,-3.13485E+0,-2.19691E+0,-2.04721E+0,-1.91781E+0,-2.00069E+0,-1.72157E+0,-1.72994E+0,-2.91795E+0,-2.73544E+0,-2.00703E+0,-2.32827E+0,-2.37389E+0,-2.45851E+0,-2.82297E+0,-2.83749E+0,-3.82466E+0,-1.69649E+0,-3.98325E+0
9.39945E+2,NaN,NaN,NaN,NaN,NaN,NaN,NaN,NaN,NaN,NaN,NaN,NaN,NaN,NaN,NaN,NaN,NaN,NaN,NaN,NaN,NaN,NaN,NaN,NaN,NaN,NaN,NaN,NaN,NaN,NaN,NaN,NaN,NaN,NaN,NaN,NaN,NaN,NaN,NaN,NaN,NaN,NaN,NaN,NaN,-1.37974E-1,-8.27857E-2,-2.75973E-2,1.69004E-2,2.69154E-2,3.69304E-2,3.77026E-2,2.33634E-2,9.02415E-3,-1.12140E-2,-3.68459E-2,-6.24778E-2,-5.48834E-2,-3.05684E-2,-6.25331E-3,4.29683E-2,9.81049E-2,1.53241E-1,1.06289E-1,5.40706E-2,9.12887E-3,3.44872E-2,5.98454E-2,8.12604E-2,8.99561E-2,9.86519E-2,8.72555E-2,4.30100E-2,-1.23548E-3,3.82933E-2,5.38576E-2,3.26647E-2,-3.77542E-2,-7.69927E-2,-7.87210E-3,1.18395E-2,4.80486E-2,7.57034E-2,2.02621E-2,4.79219E-2,1.58794E-1,1.22539E-1,1.12760E-1,1.22806E-1,1.06703E-1,1.36335E-1,9.49592E-2,5.36683E-2,9.53658E-2,1.38795E-1,1.08901E-1,1.29912E-1,1.21674E-1,2.01607E-1,1.17731E-1,1.36461E-1,1.68971E-1,5.87789E-2,2.96058E-2,-1.50768E-2,1.16714E-1,1.40518E-1,8.91377E-3,-6.03804E-3,6.61930E-2,1.01550E-1,8.89567E-2,1.11778E-1,7.33894E-2,1.05753E-1,4.61025E-2,6.69909E-2,1.64028E-1,1.37321E-1,2.42500E-1,2.24136E-1,2.05631E-1,8.68834E-2,1.33226E-1,6.33002E-2,1.38362E-1,1.29064E-1,1.78429E-1,2.41460E-1,1.74831E-1,1.66334E-1,1.79390E-1,1.44737E-1,2.13789E-1,1.92887E-1,3.28763E-1,1.26387E-1,2.62650E-1
9.43362E+2,NaN,NaN,NaN,NaN,NaN,NaN,NaN,NaN,NaN,NaN,NaN,NaN,NaN,NaN,NaN,NaN,NaN,NaN,NaN,NaN,NaN,NaN,NaN,NaN,NaN,NaN,NaN,NaN,NaN,NaN,NaN,NaN,NaN,NaN,NaN,NaN,NaN,NaN,NaN,NaN,NaN,NaN,NaN,NaN,-9.78946E-3,-5.10314E-2,-9.22734E-2,-9.51897E-2,-9.77259E-2,-1.04332E-1,-1.37461E-1,-1.70590E-1,-1.77393E-1,-1.15102E-1,-5.28114E-2,6.82929E-4,4.19671E-2,8.32513E-2,1.35931E-1,1.97507E-1,2.59083E-1,2.74684E-1,2.70997E-1,2.67310E-1,2.35548E-1,1.98728E-1,1.61908E-1,2.45253E-1,3.29789E-1,3.95456E-1,3.38155E-1,2.80854E-1,1.52327E-1,-1.76507E-2,6.39071E-2,-7.17055E-2,1.42766E-2,-1.34395E-1,-8.33091E-2,1.84674E-1,3.28454E-1,2.08951E-1,1.66586E-1,2.87858E-1,3.18556E-1,1.24951E-1,1.65506E-1,4.04272E-1,3.72373E-1,2.27056E-1,2.05491E-1,2.11172E-1,2.17269E-1,2.67476E-1,2.22845E-1,2.41345E-1,3.25307E-1,2.29844E-1,3.85917E-1,4.13487E-1,3.94251E-1,1.99777E-1,1.00131E-1,2.73564E-1,2.03470E-1,1.97841E-1,2.36753E-1,1.55136E-1,9.75692E-2,1.48213E-1,2.40462E-1,2.48684E-1,2.54984E-1,2.92385E-1,1.07828E-1,7.71930E-2,2.64024E-1,2.75314E-1,5.14409E-1,6.28620E-1,4.89678E-1,3.45624E-1,4.16484E-1,2.97544E-1,2.37500E-1,4.49331E-1,3.86454E-1,5.37082E-1,3.74337E-1,1.88531E-1,4.73297E-1,4.80406E-1,3.33557E-1,4.25837E-1,9.02819E-1,4.48524E-1,4.35438E-1
9.46779E+2,NaN,NaN,NaN,NaN,NaN,NaN,NaN,NaN,NaN,NaN,NaN,NaN,NaN,NaN,NaN,NaN,NaN,NaN,NaN,NaN,NaN,NaN,NaN,NaN,NaN,NaN,NaN,NaN,NaN,NaN,NaN,NaN,NaN,NaN,NaN,NaN,NaN,NaN,NaN,NaN,NaN,NaN,NaN,-4.38565E-2,-4.21830E-2,-4.05095E-2,-5.30654E-2,-7.07831E-2,-8.85007E-2,-8.30577E-2,-7.43564E-2,-6.47749E-2,-1.09905E-2,4.27938E-2,8.67544E-2,8.00410E-2,7.33276E-2,7.03994E-2,7.60865E-2,8.17737E-2,1.01236E-1,1.37664E-1,1.74092E-1,1.69605E-1,1.36797E-1,1.03989E-1,1.14395E-1,1.40478E-1,1.66561E-1,1.12850E-1,4.79146E-2,-1.58245E-2,-1.83933E-2,2.96710E-2,-8.64450E-2,1.06310E-3,1.55391E-3,6.40115E-2,8.65345E-2,1.23155E-1,6.37513E-2,-1.15820E-1,8.04919E-3,1.88000E-1,1.13607E-1,8.43445E-2,2.33574E-1,1.30569E-1,1.20077E-1,5.97131E-3,1.64938E-1,9.84112E-2,1.37015E-1,1.29763E-1,1.95504E-1,9.30385E-2,2.09235E-1,1.82069E-1,1.25093E-1,3.01285E-1,1.80058E-1,5.99041E-2,-6.75154E-3,8.75247E-2,9.36271E-2,1.72608E-1,2.08920E-2,3.73041E-2,2.56312E-2,2.14043E-2,7.05550E-2,1.18769E-2,6.05639E-2,5.27068E-2,2.97120E-2,7.94381E-2,1.08755E-1,1.06921E-1,3.05936E-1,3.25196E-1,1.87438E-1,1.53851E-1,2.02210E-1,1.47950E-1,2.53830E-1,1.33298E-1,1.95845E-1,2.52348E-1,8.23920E-2,5.67461E-2,1.55691E-1,2.26728E-1,1.36148E-1,1.10976E-1,3.04986E-1,1.44415E-1,1.77872E-1
9.50196E+2,NaN,NaN,NaN,NaN,NaN,NaN,NaN,NaN,NaN,NaN,NaN,NaN,NaN,NaN,NaN,NaN,NaN,NaN,NaN,NaN,NaN,NaN,NaN,NaN,NaN,NaN,NaN,NaN,NaN,NaN,NaN,NaN,NaN,NaN,NaN,NaN,NaN,NaN,NaN,NaN,NaN,NaN,-1.49385E-1,-8.01336E-2,-1.08817E-2,2.60595E-2,2.62316E-2,2.64038E-2,2.92951E-2,3.39206E-2,3.85460E-2,3.52225E-2,2.92977E-2,2.33729E-2,-1.19409E-2,-5.06550E-2,-8.46638E-2,-3.22062E-3,7.82225E-2,1.59889E-1,2.42558E-1,3.25228E-1,3.65181E-1,3.16365E-1,2.67549E-1,2.45660E-1,2.54414E-1,2.63168E-1,2.60349E-1,2.50149E-1,2.39949E-1,1.35211E-1,2.29442E-1,7.88499E-2,1.31089E-1,1.44669E-1,1.12463E-1,1.78530E-1,3.43165E-1,2.32482E-1,1.79785E-1,1.80146E-1,2.12802E-1,2.98540E-1,2.31734E-1,2.88443E-1,1.83702E-1,3.19376E-1,3.31337E-1,3.90417E-1,2.62737E-1,2.20142E-1,1.23626E-1,1.91848E-1,2.66391E-1,3.29871E-1,3.25160E-1,3.54607E-1,4.70542E-1,3.35975E-1,3.48150E-1,2.23231E-1,2.40569E-1,3.22040E-1,3.50880E-1,2.03553E-1,3.32560E-1,6.17677E-2,2.19656E-1,1.65433E-1,5.59756E-1,3.06681E-1,2.02546E-1,2.38790E-1,8.51743E-2,3.31100E-1,3.46974E-1,2.84443E-1,3.49544E-1,4.81934E-1,2.89862E-1,2.18067E-1,2.62885E-1,3.09333E-1,3.65046E-1,2.11697E-1,4.02163E-1,4.76101E-1,2.59918E-1,2.59238E-1,2.07923E-1,3.70188E-1,3.78827E-1,3.69996E-1,6.13092E-1,4.62111E-1,3.40895E-1
9.53614E+2,NaN,NaN,NaN,NaN,NaN,NaN,NaN,NaN,NaN,NaN,NaN,NaN,NaN,NaN,NaN,NaN,NaN,NaN,NaN,NaN,NaN,NaN,NaN,NaN,NaN,NaN,NaN,NaN,NaN,NaN,NaN,NaN,NaN,NaN,NaN,NaN,NaN,NaN,NaN,NaN,NaN,1.14996E-1,4.50772E-2,-2.48416E-2,-7.66560E-2,-5.23369E-2,-2.80178E-2,4.47505E-3,5.31953E-2,1.01916E-1,1.01873E-1,4.85428E-2,-4.78743E-3,1.02600E-3,4.29833E-2,8.49407E-2,1.00584E-2,-1.01007E-1,-2.12073E-1,-2.03019E-1,-1.81561E-1,-1.60981E-1,-1.57356E-1,-1.53731E-1,-1.48408E-1,-1.35944E-1,-1.23480E-1,-1.23696E-1,-1.49089E-1,-1.74482E-1,-1.17115E-1,-2.99625E-2,-1.25981E-2,-1.52357E-2,-2.92920E-2,-3.90298E-2,-6.08436E-2,-1.94963E-1,-2.63192E-1,-1.43772E-1,-1.49615E-1,-2.25199E-1,-1.74128E-1,-1.37064E-1,-2.39445E-1,-2.75703E-1,-2.22545E-1,-2.16162E-1,-2.20215E-1,-2.38978E-1,-2.27608E-1,-2.31906E-1,-1.62785E-1,-1.06930E-1,-1.61877E-1,-1.94018E-1,-2.39607E-1,-2.86750E-1,-3.49554E-1,-3.28059E-1,-2.32620E-1,-1.29788E-1,-1.49115E-1,-1.93001E-1,-2.40520E-1,-1.40384E-1,-1.41720E-1,-7.89206E-2,-2.15257E-1,-1.57438E-1,-2.72984E-1,-4.89014E-2,-1.99494E-1,-2.17067E-1,-1.29885E-1,-2.21241E-1,-3.15472E-1,-1.57810E-1,-3.00321E-1,-4.03566E-1,-3.24767E-1,-2.21953E-1,-2.70928E-1,-2.01945E-1,-2.79237E-1,-2.37397E-1,-1.98368E-1,-2.66429E-1,-1.70413E-1,-3.09831E-1,-2.21046E-1,-2.52652E-1,-2.04709E-1,-3.30887E-1,-3.66320E-1,-2.76617E-1,-3.11585E-1
9.57033E+2,NaN,NaN,NaN,NaN,NaN,NaN,NaN,NaN,NaN,NaN,NaN,NaN,NaN,NaN,NaN,NaN,NaN,NaN,NaN,NaN,NaN,NaN,NaN,NaN,NaN,NaN,NaN,NaN,NaN,NaN,NaN,NaN,NaN,NaN,NaN,NaN,NaN,NaN,NaN,NaN,NaN,-1.67337E-2,-3.60222E-3,9.52928E-3,2.61652E-3,-6.34820E-3,-1.65524E-2,-5.03112E-2,-8.40699E-2,-1.01243E-1,-4.90000E-2,3.24324E-3,3.24572E-2,1.61010E-2,-2.55117E-4,1.16214E-2,5.42597E-2,9.68979E-2,1.16404E-1,1.21817E-1,1.27230E-1,1.15199E-1,9.77870E-2,8.03751E-2,1.12671E-1,1.50055E-1,1.84066E-1,1.53980E-1,1.23893E-1,1.03042E-1,1.07735E-1,4.91337E-2,-3.08171E-2,-5.54481E-2,-5.88835E-2,4.74959E-2,6.72059E-2,1.61467E-1,7.38364E-2,7.49686E-4,1.23993E-1,1.82266E-1,1.20170E-1,1.49212E-1,1.50000E-1,1.23734E-1,2.18273E-1,6.12795E-2,1.71231E-1,2.15290E-1,1.47458E-1,1.12339E-1,8.03855E-2,1.33402E-1,1.87195E-1,1.58502E-1,2.74056E-1,1.48129E-1,2.39155E-1,2.48760E-1,1.01243E-1,4.66739E-2,5.01620E-2,7.73620E-2,1.16433E-1,9.24157E-2,5.90112E-2,7.44278E-3,1.39648E-1,3.38130E-2,1.42360E-1,8.43692E-2,8.81565E-2,4.92515E-2,4.44806E-2,7.44255E-2,2.13277E-1,1.24247E-1,2.57559E-1,4.05182E-1,2.47707E-1,1.66648E-1,1.46096E-1,1.40166E-1,1.21579E-1,1.78849E-1,2.57823E-1,2.39910E-1,2.84788E-1,2.23030E-1,2.64440E-1,2.20026E-1,1.39296E-1,3.19240E-1,4.54683E-1,1.90973E-1,3.14094E-1
9.60452E+2,NaN,NaN,NaN,NaN,NaN,NaN,NaN,NaN,NaN,NaN,NaN,NaN,NaN,NaN,NaN,NaN,NaN,NaN,NaN,NaN,NaN,NaN,NaN,NaN,NaN,NaN,NaN,NaN,NaN,NaN,NaN,NaN,NaN,NaN,NaN,NaN,NaN,NaN,NaN,NaN,1.30094E-2,1.80021E-2,2.29947E-2,3.68869E-3,-3.09601E-2,-6.56089E-2,-1.60899E-1,-2.75780E-1,-3.90662E-1,-2.11119E-1,1.61916E-3,2.02770E-1,1.36507E-1,7.02443E-2,2.92913E-2,1.00293E-1,1.71294E-1,2.29135E-1,2.59920E-1,2.90706E-1,3.12402E-1,3.23852E-1,3.35302E-1,4.01221E-1,5.01532E-1,6.01844E-1,4.89238E-1,3.07844E-1,1.26451E-1,9.64671E-2,3.98630E-1,-1.84688E-1,1.97229E-1,-1.00655E-1,6.69422E-2,2.37128E-1,5.19750E-1,3.31853E-1,3.04337E-1,6.00561E-1,6.16702E-1,4.41223E-1,3.09873E-1,5.68141E-1,6.16658E-1,4.26977E-1,4.65385E-1,4.60646E-1,8.15862E-1,4.93297E-1,5.39483E-1,5.65514E-1,6.49064E-1,7.18575E-1,5.15645E-1,6.88860E-1,4.69226E-1,4.88267E-1,7.91548E-1,4.73260E-1,4.84098E-1,2.61905E-1,2.43431E-1,3.16911E-1,3.67257E-1,5.57519E-2,1.65651E-1,2.45028E-1,3.63562E-1,4.20578E-1,5.50296E-1,2.97256E-1,3.33265E-1,2.80885E-1,3.54986E-1,6.27687E-1,8.22113E-1,5.53647E-1,9.23053E-1,9.73863E-1,1.03296E+0,6.23178E-1,5.25752E-1,5.65840E-1,7.11082E-1,6.38483E-1,7.75106E-1,6.39025E-1,7.87953E-1,5.03170E-1,1.00867E+0,7.71552E-1,8.92591E-1,6.56129E-1,1.22848E+0,6.47283E-1,1.03705E+0
9.63872E+2,NaN,NaN,NaN,NaN,NaN,NaN,NaN,NaN,NaN,NaN,NaN,NaN,NaN,NaN,NaN,NaN,NaN,NaN,NaN,NaN,NaN,NaN,NaN,NaN,NaN,NaN,NaN,NaN,NaN,NaN,NaN,NaN,NaN,NaN,NaN,NaN,NaN,NaN,NaN,4.05029E-2,3.52731E-2,3.00432E-2,2.35859E-2,1.43933E-2,5.20067E-3,-2.37180E-4,-1.13395E-3,-2.03073E-3,1.28401E-3,7.45985E-3,1.36357E-2,1.43594E-2,1.31507E-2,1.19421E-2,-2.04101E-2,-5.69616E-2,-9.19761E-2,-6.45880E-2,-3.71999E-2,-1.93392E-2,-4.90370E-2,-7.87349E-2,-1.02558E-1,-1.13289E-1,-1.24020E-1,-1.11760E-1,-7.16959E-2,-3.16314E-2,-7.08441E-2,-1.04580E-1,-1.89722E-2,-2.94487E-2,-3.21839E-2,4.60746E-3,-5.22110E-2,-6.95098E-2,-9.41142E-2,-1.18069E-1,-1.03673E-1,-8.61901E-2,-8.19735E-2,-1.22226E-1,-1.10272E-1,-8.76848E-2,-8.21820E-2,-8.03752E-2,-9.72137E-2,-1.06755E-1,-5.75961E-2,-7.99300E-2,-8.14154E-2,-6.69503E-2,-8.54130E-2,-6.06065E-2,-6.00789E-2,-1.12480E-1,-1.57126E-1,-7.82887E-2,-1.08329E-1,-1.52703E-1,-9.83260E-2,-1.70264E-2,-9.79849E-2,-5.38666E-2,-6.59243E-2,-1.29320E-2,-1.02315E-1,-9.20538E-2,-1.06980E-1,-1.39965E-1,-1.27041E-1,-1.00735E-1,-1.45412E-1,-1.27956E-1,-1.21121E-1,-1.10476E-1,-1.58669E-1,-1.02476E-1,-1.78100E-1,-1.81428E-1,-1.88701E-1,-1.20861E-1,-7.14640E-2,-7.84978E-2,-1.19476E-1,-1.27536E-1,-1.35837E-1,-5.25001E-2,-1.27254E-1,-1.17757E-1,-8.90417E-2,-1.12417E-1,-8.06898E-2,-1.02006E-1,-1.32529E-1,-1.07274E-1,-1.43049E-1
9.67293E+2,NaN,NaN,NaN,NaN,NaN,NaN,NaN,NaN,NaN,NaN,NaN,NaN,NaN,NaN,NaN,NaN,NaN,NaN,NaN,NaN,NaN,NaN,NaN,NaN,NaN,NaN,NaN,NaN,NaN,NaN,NaN,NaN,NaN,NaN,NaN,NaN,NaN,NaN,NaN,-1.09661E-2,-2.16112E-2,-3.22563E-2,-6.21823E-2,-9.21533E-2,-1.13485E-1,-8.19791E-2,-5.04732E-2,-2.21709E-2,-1.96930E-3,1.82323E-2,2.41014E-2,1.06780E-2,-2.74542E-3,2.47726E-2,8.32897E-2,1.41807E-1,1.56880E-1,1.54377E-1,1.51874E-1,1.51475E-1,1.51433E-1,1.51392E-1,2.06292E-1,2.61319E-1,2.97335E-1,2.17076E-1,1.36816E-1,8.51695E-2,1.01137E-1,7.64760E-2,1.04419E-3,1.33392E-2,8.07474E-2,6.46509E-2,1.05588E-1,2.30648E-1,6.03676E-2,7.24872E-2,1.96597E-1,1.89741E-1,1.14468E-1,1.96557E-1,2.38207E-1,2.46323E-1,2.21172E-1,1.29073E-1,1.47109E-1,1.58272E-1,1.79482E-1,2.17789E-1,2.50132E-1,2.37749E-1,2.31167E-1,2.16624E-1,2.41334E-1,2.55170E-1,1.73788E-1,2.98916E-1,3.50635E-1,2.59682E-1,2.45285E-1,1.23189E-1,7.39414E-2,1.42575E-1,2.37733E-1,1.23982E-1,6.81545E-2,5.45927E-2,1.04074E-1,2.52253E-1,1.97928E-1,1.24202E-1,7.08720E-2,3.71167E-2,9.17593E-2,1.66157E-1,2.28119E-1,2.08408E-1,2.69158E-1,3.64398E-1,3.37113E-1,1.61398E-1,2.35128E-1,2.27863E-1,3.76089E-1,1.90973E-1,3.41104E-1,2.86850E-1,1.12136E-1,1.29485E-1,2.50137E-1,1.64645E-1,2.31885E-1,2.64765E-1,5.13244E-1,2.21515E-1,3.11806E-1
9.70714E+2,NaN,NaN,NaN,NaN,NaN,NaN,NaN,NaN,NaN,NaN,NaN,NaN,NaN,NaN,NaN,NaN,NaN,NaN,NaN,NaN,NaN,NaN,NaN,NaN,NaN,NaN,NaN,NaN,NaN,NaN,NaN,NaN,NaN,NaN,NaN,NaN,NaN,NaN,1.38567E-4,-1.43916E-2,-2.89218E-2,-2.75617E-2,-1.86161E-2,-9.67055E-3,-6.93620E-3,-5.56775E-3,-4.19931E-3,9.46659E-3,2.36104E-2,3.37861E-2,1.02991E-2,-1.31879E-2,-2.53375E-2,-3.16576E-3,1.90060E-2,3.13779E-2,2.84965E-2,2.56151E-2,2.00228E-2,1.20652E-2,4.10752E-3,-3.04200E-3,-9.80575E-3,-1.65695E-2,-1.09479E-2,-2.60262E-3,5.74264E-3,-2.54288E-2,6.55280E-2,6.48466E-2,1.25491E-2,-2.81395E-2,-5.83322E-2,-6.64578E-2,-5.51945E-2,6.93716E-2,3.45985E-2,-2.44060E-2,-2.51912E-2,6.12191E-2,2.24886E-2,1.09314E-2,-8.31075E-2,1.94390E-2,6.67881E-2,-1.02368E-1,3.36685E-2,-4.69748E-2,4.90756E-2,1.40927E-2,5.37508E-2,5.96088E-2,2.94314E-2,2.39759E-2,-3.64950E-2,2.05103E-2,3.90213E-2,4.93949E-2,-6.02510E-2,3.60648E-2,-1.11240E-2,4.18388E-2,-1.15138E-3,6.81668E-2,-4.15292E-2,-1.47827E-2,1.48723E-2,2.93791E-2,1.87299E-2,3.66827E-2,1.08512E-2,1.48829E-2,-2.43136E-2,5.12349E-2,4.02937E-2,2.23448E-2,1.34489E-2,-2.57444E-2,6.27002E-2,4.72120E-2,1.07949E-1,1.64028E-2,-2.39763E-2,-3.76054E-3,-3.47334E-2,1.74233E-3,3.32360E-3,2.51593E-2,1.26802E-2,3.10268E-2,3.96651E-2,-2.17314E-3,-8.92142E-3,4.51908E-2,-4.00815E-3,9.53615E-2,5.32226E-2
9.74135E+2,NaN,NaN,NaN,NaN,NaN,NaN,NaN,NaN,NaN,NaN,NaN,NaN,NaN,NaN,NaN,NaN,NaN,NaN,NaN,NaN,NaN,NaN,NaN,NaN,NaN,NaN,NaN,NaN,NaN,NaN,NaN,NaN,NaN,NaN,NaN,NaN,NaN,-6.67042E-2,-7.50642E-3,5.16914E-2,7.66460E-2,3.73069E-2,-2.03224E-3,-2.09907E-2,-1.87683E-2,-1.65459E-2,1.10540E-2,5.33525E-2,9.56511E-2,4.99463E-2,-2.11485E-2,-9.22434E-2,-6.03096E-2,-1.92884E-2,2.06285E-2,4.37802E-2,6.69319E-2,8.22875E-2,6.73461E-2,5.24048E-2,5.32528E-2,8.37463E-2,1.14240E-1,1.01870E-1,4.49536E-2,-1.19626E-2,4.27488E-2,3.89090E-2,4.52458E-2,-3.30757E-3,-2.30516E-2,2.64761E-3,-5.30620E-4,4.42347E-2,7.36319E-2,6.77017E-2,7.35955E-2,1.01167E-1,6.55662E-2,4.62863E-2,8.45620E-2,9.66395E-2,1.09166E-1,8.29162E-2,1.08199E-1,1.50482E-1,1.16706E-1,6.96061E-2,7.89106E-2,1.36310E-1,1.98101E-1,1.54486E-1,1.78123E-1,2.14782E-1,1.94953E-1,1.83333E-1,1.69887E-1,1.90183E-1,1.68294E-1,1.37761E-1,1.53965E-1,6.01381E-2,8.39091E-2,1.32824E-1,5.64711E-2,1.07549E-1,1.61474E-2,6.79299E-2,4.33168E-2,1.33094E-1,1.26766E-1,7.15843E-2,9.86796E-2,7.64762E-2,1.61901E-1,9.28403E-2,1.72294E-1,1.92899E-1,1.98379E-1,2.29615E-1,1.14286E-1,1.09900E-1,1.35883E-1,1.62332E-1,1.32270E-1,1.19615E-1,9.99084E-2,9.63469E-2,1.05679E-1,1.25734E-1,2.12751E-1,7.29675E-2,1.48963E-1,1.68594E-1,2.41949E-1,5.83699E-2,1.96460E-1
9.77558E+2,NaN,NaN,NaN,NaN,NaN,NaN,NaN,NaN,NaN,NaN,NaN,NaN,NaN,NaN,NaN,NaN,NaN,NaN,NaN,NaN,NaN,NaN,NaN,NaN,NaN,NaN,NaN,NaN,NaN,NaN,NaN,NaN,NaN,NaN,NaN,NaN,NaN,8.31856E-2,3.63476E-2,-9.76694E-3,1.76419E-2,4.50507E-2,6.82759E-2,6.82689E-2,6.82619E-2,5.68243E-2,1.81293E-2,-2.05657E-2,-2.37253E-2,1.86527E-2,6.10307E-2,4.42360E-3,-1.23518E-1,-2.51460E-1,-2.77886E-1,-2.65618E-1,-2.53350E-1,-2.10813E-1,-1.63628E-1,-1.17784E-1,-2.08293E-1,-2.98802E-1,-3.61425E-1,-2.69196E-1,-1.76967E-1,-7.90252E-2,-1.52636E-2,-5.03109E-2,-6.18403E-2,-6.26292E-2,2.14096E-2,1.23220E-2,-1.31390E-1,-1.81700E-1,-1.02546E-1,-1.23265E-1,-2.37282E-1,-2.07854E-1,-2.50015E-1,-2.34549E-1,-1.75360E-1,-2.29806E-1,-2.06908E-1,-1.84701E-1,-2.43150E-1,-2.98191E-1,-1.72904E-1,-1.75685E-1,-2.29399E-1,-3.59292E-1,-4.19522E-1,-2.85597E-1,-3.10317E-1,-3.43368E-1,-2.73306E-1,-2.62001E-1,-2.87211E-1,-2.37094E-1,-3.89279E-1,-2.37739E-1,-6.16459E-2,-1.45979E-1,-2.11283E-1,-2.47539E-1,-4.28537E-2,-1.56155E-1,-1.29286E-1,-2.18539E-1,-1.67334E-1,-2.66563E-1,-1.43780E-1,-1.05318E-1,-1.61139E-1,-1.92469E-1,-2.81849E-1,-1.18196E-1,-4.48842E-1,-3.01573E-1,-3.06216E-1,-3.81704E-1,-3.86715E-1,-1.22080E-1,-2.81149E-1,-2.06157E-1,-2.28774E-1,-3.00158E-1,-4.10284E-1,-4.56522E-1,-3.01326E-1,-4.62615E-1,-3.93442E-1,-3.11084E-1,-3.06128E-1,-3.55344E-1,-4.86146E-1,-1.75842E-1,-4.40019E-1
9.80980E+2,NaN,NaN,NaN,NaN,NaN,NaN,NaN,NaN,NaN,NaN,NaN,NaN,NaN,NaN,NaN,NaN,NaN,NaN,NaN,NaN,NaN,NaN,NaN,NaN,NaN,NaN,NaN,NaN,NaN,NaN,NaN,NaN,NaN,NaN,NaN,NaN,-1.04457E+0,-1.49077E-1,7.46416E-1,5.78157E-1,-1.29106E-1,-8.36370E-1,-7.09302E-1,-3.82130E-1,-5.49577E-2,1.38062E-1,3.23934E-1,4.53167E-1,2.52137E-2,-4.02740E-1,-5.29064E-1,3.25806E-1,1.18068E+0,1.70716E+0,1.69324E+0,1.67933E+0,1.43286E+0,9.72458E-1,5.12053E-1,6.26939E-1,1.03333E+0,1.43971E+0,1.35140E+0,1.14445E+0,9.37489E-1,9.24579E-1,1.86298E-1,1.38314E-1,1.56523E+0,-3.47747E-1,-4.23544E-1,4.37395E-1,2.32421E+0,1.50017E+0,5.25304E-1,1.79960E+0,2.51204E+0,1.48529E+0,3.09905E+0,1.83631E+0,1.77942E+0,2.09097E+0,1.47267E+0,1.50804E+0,2.77865E+0,2.14274E+0,3.42383E+0,1.64390E+0,2.78048E+0,2.27645E+0,2.82190E+0,1.13390E+0,3.19867E+0,2.65224E+0,2.11336E+0,4.41468E+0,2.27265E+0,3.37649E+0,2.54154E+0,2.46338E+0,9.21437E-1,2.52601E+0,1.66981E+0,2.54430E+0,9.85261E-1,6.96420E-1,7.56269E-1,1.77023E+0,1.92080E+0,2.38902E+0,1.64845E+0,1.37939E+0,1.15181E+0,1.61771E+0,2.30087E+0,1.72986E+0,3.39250E+0,3.36466E+0,3.19728E+0,3.31682E+0,2.74171E+0,3.13270E+0,1.45180E+0,3.56572E+0,2.52686E+0,3.41952E+0,3.45557E+0,3.79566E+0,3.39734E+0,2.44088E+0,2.20938E+0,2.34654E+0,2.82471E+0,3.29537E+0,4.48801E+0,1.82692E+0,4.89495E+0
9.84404E+2,NaN,NaN,NaN,NaN,NaN,NaN,NaN,NaN,NaN,NaN,NaN,NaN,NaN,NaN,NaN,NaN,NaN,NaN,NaN,NaN,NaN,NaN,NaN,NaN,NaN,NaN,NaN,NaN,NaN,NaN,NaN,NaN,NaN,NaN,NaN,-1.27805E-1,-5.62483E-2,1.53082E-2,5.91734E-2,4.12683E-2,2.33632E-2,2.39075E-3,-2.22946E-2,-4.69799E-2,-3.71728E-2,-3.91185E-3,2.93491E-2,-1.30713E-2,-8.23453E-2,-1.51619E-1,-3.65001E-2,1.03535E-1,2.40113E-1,2.34994E-1,2.29875E-1,2.22860E-1,2.06364E-1,1.89868E-1,1.78107E-1,1.76909E-1,1.75711E-1,1.71567E-1,1.63856E-1,1.56145E-1,1.75532E-1,1.39881E-1,1.26414E-2,-4.97472E-2,-3.61898E-2,4.57220E-2,8.52191E-2,1.53756E-1,1.35582E-1,1.07421E-1,1.82756E-1,2.05292E-1,2.23892E-1,2.67659E-1,2.57562E-1,2.50248E-1,2.29021E-1,2.07238E-1,2.34054E-1,3.37395E-1,3.47199E-1,2.81984E-1,2.12787E-1,2.66281E-1,3.23149E-1,2.68208E-1,2.81557E-1,4.61703E-1,4.48991E-1,3.33001E-1,3.22177E-1,3.19093E-1,3.70429E-1,3.29203E-1,3.32823E-1,2.15803E-1,1.26713E-1,1.78653E-1,1.77187E-1,1.64221E-1,7.57453E-2,1.05496E-1,2.19732E-1,2.05814E-1,1.63447E-1,2.51315E-1,2.27396E-1,2.36198E-1,1.74234E-1,2.09470E-1,2.24388E-1,1.69174E-1,3.01541E-1,2.97992E-1,5.35243E-1,5.82878E-1,2.78621E-1,2.47723E-1,9.75904E-2,3.47789E-1,3.51172E-1,2.31446E-1,2.52476E-1,3.42221E-1,2.68401E-1,1.80046E-1,3.46248E-1,2.41564E-1,3.78442E-1,3.84687E-1,7.09326E-1,3.63308E-1,4.04838E-1
9.87828E+2,NaN,NaN,NaN,NaN,NaN,NaN,NaN,NaN,NaN,NaN,NaN,NaN,NaN,NaN,NaN,NaN,NaN,NaN,NaN,NaN,NaN,NaN,NaN,NaN,NaN,NaN,NaN,NaN,NaN,NaN,NaN,NaN,NaN,NaN,NaN,-1.69013E-2,-2.91739E-3,1.10665E-2,2.02103E-2,2.90853E-2,3.54889E-2,1.69752E-2,-1.53850E-3,-1.51067E-2,-1.24033E-2,-9.70002E-3,-4.54094E-3,4.69456E-3,1.39300E-2,1.22350E-2,4.02027E-4,-1.14310E-2,-1.08861E-2,-4.01200E-3,2.86214E-3,-8.52855E-4,-7.14075E-3,-1.34286E-2,-7.37434E-3,-6.34506E-4,6.22739E-3,1.43199E-2,2.24124E-2,2.71707E-2,2.47131E-2,2.34407E-2,-1.28110E-2,-3.03793E-2,2.06311E-2,1.01769E-1,3.86064E-2,6.20050E-2,-3.32833E-2,-1.78870E-2,3.91274E-2,4.07685E-2,5.48122E-2,1.02868E-1,7.34691E-2,-1.28083E-2,2.43639E-2,3.90937E-2,-1.86621E-2,2.81483E-2,2.48126E-2,2.23742E-2,2.80731E-2,3.89196E-2,-9.64463E-3,4.07306E-2,1.36418E-2,6.00419E-2,7.01121E-2,3.08336E-2,4.53543E-2,1.12655E-2,9.14793E-2,4.43177E-2,1.90819E-2,-3.71152E-2,-3.00467E-3,4.02613E-2,4.27142E-2,5.93530E-2,-8.51519E-3,2.15403E-2,2.85409E-3,5.61044E-2,3.69724E-2,1.74056E-2,6.67341E-2,6.80877E-2,2.02416E-2,3.32583E-2,2.67130E-2,1.26896E-2,6.53702E-2,7.15049E-3,7.54593E-2,8.96352E-2,6.43888E-2,-2.09110E-3,1.86514E-2,4.69035E-2,7.25996E-2,1.03163E-1,4.10089E-2,7.73081E-2,1.01485E-2,2.31127E-2,1.38451E-1,2.29852E-2,6.00535E-2,3.30940E-2,1.25477E-1,3.59913E-2,4.66434E-2
9.91252E+2,NaN,NaN,NaN,NaN,NaN,NaN,NaN,NaN,NaN,NaN,NaN,NaN,NaN,NaN,NaN,NaN,NaN,NaN,NaN,NaN,NaN,NaN,NaN,NaN,NaN,NaN,NaN,NaN,NaN,NaN,NaN,NaN,NaN,NaN,1.99923E-3,-5.41136E-3,-1.28220E-2,-6.09107E-3,1.09911E-2,2.80732E-2,8.87915E-3,-2.44061E-2,-5.76913E-2,-3.19299E-2,3.19809E-3,3.79290E-2,6.28175E-3,-2.53655E-2,-4.67506E-2,-9.43337E-3,2.78839E-2,5.24727E-2,4.61488E-2,3.98249E-2,3.22707E-2,2.31155E-2,1.39602E-2,1.39778E-2,2.07097E-2,2.74417E-2,2.73657E-2,2.46454E-2,2.19250E-2,-2.98125E-2,6.50830E-3,3.97899E-2,5.63667E-2,-3.33508E-2,5.14863E-3,1.12656E-2,6.22868E-2,8.41371E-2,8.94883E-2,5.25349E-3,-5.40700E-3,4.78576E-2,2.08109E-2,9.66576E-2,1.22799E-1,2.97246E-2,-8.20318E-3,2.95666E-2,1.78985E-2,4.73800E-2,8.76198E-2,5.42560E-2,5.56107E-2,9.49713E-2,3.39542E-2,-5.30055E-3,1.20389E-1,9.37230E-2,1.03368E-1,3.07085E-2,9.87029E-2,6.03147E-2,7.49693E-2,8.75902E-2,6.47925E-2,8.54998E-2,-7.33666E-3,3.69133E-2,3.83330E-2,6.83004E-2,3.29758E-2,9.61042E-3,4.10862E-3,6.17523E-2,6.68706E-2,4.29363E-2,6.15765E-2,1.00779E-2,-2.26616E-2,8.72050E-2,8.64057E-2,7.02049E-2,6.00369E-2,4.56653E-2,8.11849E-2,2.59901E-1,5.84518E-2,-3.57413E-2,8.65523E-2,5.08398E-2,9.02435E-2,7.17163E-2,9.31699E-2,8.31804E-2,1.01195E-1,1.14538E-1,1.20921E-1,7.99297E-2,1.50931E-1,7.67398E-2,1.19067E-1,1.19716E-1,1.64250E-1
9.94678E+2,NaN,NaN,NaN,NaN,NaN,NaN,NaN,NaN,NaN,NaN,NaN,NaN,NaN,NaN,NaN,NaN,NaN,NaN,NaN,NaN,NaN,NaN,NaN,NaN,NaN,NaN,NaN,NaN,NaN,NaN,NaN,NaN,NaN,-4.63296E-2,1.69419E-4,4.66684E-2,6.67609E-2,-1.90012E-2,-1.04763E-1,-1.77626E-1,-2.25728E-1,-2.73829E-1,-2.23768E-1,-6.96268E-2,8.45143E-2,1.14193E-1,7.02161E-2,2.62393E-2,8.38192E-2,1.71549E-1,2.59279E-1,2.71328E-1,2.76251E-1,2.83672E-1,3.32571E-1,3.81470E-1,4.42893E-1,5.54522E-1,6.66150E-1,6.74388E-1,4.84154E-1,2.93920E-1,1.36043E-1,4.80824E-2,-1.17572E-1,-3.88802E-2,-9.50434E-2,-2.60320E-1,1.74300E-2,2.76023E-1,3.39509E-1,1.87337E-1,2.29325E-1,4.97025E-1,4.97153E-1,4.57058E-1,6.48876E-1,6.93326E-1,7.37298E-1,5.86375E-1,5.09729E-1,7.33871E-1,6.53447E-1,6.23952E-1,4.75726E-1,4.94806E-1,8.50967E-1,7.09885E-1,5.31354E-1,7.28957E-1,9.46178E-1,9.30713E-1,8.76408E-1,6.45658E-1,7.57758E-1,9.62163E-1,8.79090E-1,8.30386E-1,6.39598E-1,3.36289E-1,1.36413E-1,3.76710E-1,6.01276E-1,2.83611E-1,3.55947E-1,2.83782E-1,2.31883E-1,3.56548E-2,4.84427E-1,1.41887E-1,7.10477E-2,2.74854E-1,1.66684E-1,5.94134E-1,5.60167E-1,3.69078E-1,6.41306E-1,6.90801E-1,1.14626E+0,7.63596E-1,9.01095E-1,4.65419E-1,5.76657E-1,5.49403E-1,7.17214E-1,6.67137E-1,6.94986E-1,7.89796E-1,5.59981E-1,7.11561E-1,6.30532E-1,6.38383E-1,7.09210E-1,6.70353E-1,1.05987E+0,4.39950E-1,9.08406E-1
9.98103E+2,NaN,NaN,NaN,NaN,NaN,NaN,NaN,NaN,NaN,NaN,NaN,NaN,NaN,NaN,NaN,NaN,NaN,NaN,NaN,NaN,NaN,NaN,NaN,NaN,NaN,NaN,NaN,NaN,NaN,NaN,NaN,NaN,NaN,-1.41218E-2,-8.99266E-3,-3.86348E-3,-1.02938E-2,-1.93594E-2,-2.84251E-2,-4.10747E-2,-5.38845E-2,-6.23867E-2,-3.21473E-2,-1.90795E-3,2.04591E-2,1.82912E-2,1.61234E-2,2.34512E-2,4.58979E-2,6.83447E-2,8.15327E-2,8.64651E-2,9.13974E-2,7.34475E-2,4.43029E-2,1.51584E-2,2.21637E-2,3.74104E-2,5.26570E-2,4.08015E-2,2.77342E-2,1.76533E-2,2.86913E-2,-1.24320E-2,-4.71211E-2,1.06088E-2,-1.18780E-2,-4.77114E-2,3.22823E-2,2.94573E-2,6.58404E-2,-5.16808E-3,1.91767E-1,1.35077E-1,8.06848E-2,1.10765E-1,1.46334E-1,1.32205E-1,9.19486E-2,2.98417E-2,1.87843E-1,1.70406E-1,1.61889E-1,7.99960E-2,2.25794E-1,1.37155E-1,1.87976E-1,2.25302E-2,1.13898E-1,2.43908E-1,1.76323E-1,1.95080E-1,2.33076E-1,1.71065E-1,1.65971E-1,1.81286E-1,2.11646E-1,1.71938E-1,1.33083E-1,4.58368E-2,2.49660E-2,1.37047E-2,1.40936E-1,7.01350E-2,7.56989E-2,-3.60420E-2,1.16029E-1,-3.76692E-2,9.22787E-2,4.13049E-2,1.07518E-1,1.05638E-1,9.26342E-2,1.33443E-1,1.22910E-1,7.84066E-2,1.96711E-1,1.35737E-1,2.67589E-1,2.52998E-1,1.83706E-1,1.41876E-1,1.44922E-1,1.29469E-1,1.24878E-1,1.38769E-1,1.70750E-1,1.82834E-1,1.24308E-1,7.54670E-2,1.52595E-1,6.33011E-2,1.65346E-1,2.22862E-1,2.95873E-1,2.51610E-1,2.39552E-1
1.00153E+3,NaN,NaN,NaN,NaN,NaN,NaN,NaN,NaN,NaN,NaN,NaN,NaN,NaN,NaN,NaN,NaN,NaN,NaN,NaN,NaN,NaN,NaN,NaN,NaN,NaN,NaN,NaN,NaN,NaN,NaN,NaN,NaN,-2.15494E-2,-2.62759E-2,-3.10025E-2,-4.55384E-2,-7.35332E-2,-1.01528E-1,-1.17451E-1,-1.24059E-1,-1.30667E-1,-1.05954E-1,-6.82799E-2,-3.06058E-2,1.03160E-2,5.18103E-2,9.33046E-2,1.41578E-1,1.89900E-1,2.10226E-1,5.24949E-2,-1.05236E-1,-2.09913E-1,-1.77298E-1,-1.44683E-1,-1.27152E-1,-1.30316E-1,-1.33479E-1,-8.49268E-2,3.53313E-3,9.19931E-2,-4.26738E-2,-2.81297E-2,1.55000E-1,-1.20534E-2,-5.04754E-2,-8.58641E-2,-1.29627E-2,-1.27917E-1,-2.14938E-1,-1.20392E-1,-6.80666E-2,-6.64818E-2,-1.27112E-1,-1.02410E-1,-2.53563E-1,-1.57957E-1,-2.77298E-2,-2.68098E-2,-1.96687E-1,-1.17979E-1,-1.35934E-1,-1.07606E-1,-7.56763E-2,-1.32024E-1,-1.30673E-1,-2.37226E-1,-1.21888E-1,-2.62044E-1,-2.25820E-1,-1.12634E-1,5.88734E-3,-2.60856E-2,6.67264E-3,-9.19369E-2,-2.50762E-1,-2.41100E-1,-1.53444E-1,-3.90637E-1,-1.28629E-1,-2.09571E-1,-2.06458E-1,-2.17784E-1,1.77941E-1,-1.25778E-1,-1.91600E-1,-1.63985E-1,-1.04241E-1,-1.66100E-1,-1.75805E-1,-1.89689E-1,-2.24472E-1,-1.88926E-1,-2.13514E-1,-2.30491E-1,-1.76768E-1,-1.43260E-1,-2.11836E-1,-1.22511E-2,-4.10846E-2,-7.64569E-2,-1.09684E-1,-1.36082E-2,9.28697E-3,1.23615E-1,-5.37708E-3,-5.49285E-2,-2.12796E-1,-3.48138E-1,-5.34639E-2,-9.83482E-2,-1.08101E-1,-1.24623E-1,-3.47411E-2,-1.66670E-1,-2.13316E-1,-1.68112E-1
1.00496E+3,NaN,NaN,NaN,NaN,NaN,NaN,NaN,NaN,NaN,NaN,NaN,NaN,NaN,NaN,NaN,NaN,NaN,NaN,NaN,NaN,NaN,NaN,NaN,NaN,NaN,NaN,NaN,NaN,NaN,NaN,NaN,NaN,-3.47644E-3,1.77879E-2,3.81645E-2,1.81113E-2,-1.94189E-3,-1.60185E-2,2.95378E-4,1.66093E-2,2.72548E-2,2.51168E-2,2.29788E-2,1.22860E-2,-8.86030E-3,-3.00066E-2,-3.24352E-2,-2.20124E-2,-1.15895E-2,5.64404E-3,2.53235E-2,4.50030E-2,6.00540E-2,7.44655E-2,8.88370E-2,1.01380E-1,1.13922E-1,1.17838E-1,7.78842E-2,3.79306E-2,1.41869E-2,2.49481E-2,1.00964E-2,-7.36875E-3,2.92560E-2,-8.22695E-3,3.45023E-2,8.38088E-2,9.41968E-2,6.79581E-2,5.71550E-2,1.33707E-1,6.55830E-2,9.35537E-2,1.40857E-1,1.10317E-1,1.21466E-1,1.31125E-1,1.16319E-1,1.06402E-1,1.11913E-1,1.23849E-1,1.20828E-1,1.03580E-1,1.64252E-1,1.54515E-1,7.52203E-2,7.54761E-2,1.42049E-1,1.72051E-1,1.21553E-1,1.43276E-1,2.06287E-1,1.64100E-1,1.59182E-1,1.39373E-1,1.14431E-1,8.20953E-2,9.61759E-2,-2.23966E-2,1.88018E-2,8.69006E-2,7.70516E-2,1.67390E-2,3.82716E-2,8.30067E-2,1.23342E-1,-4.22516E-2,1.17870E-2,1.38177E-2,4.27244E-2,2.93884E-2,8.25453E-2,1.09234E-1,1.07957E-1,8.79452E-2,1.61424E-1,1.18802E-1,2.53864E-1,2.06013E-1,2.37560E-1,1.91428E-1,1.24781E-1,8.74339E-2,4.81071E-2,1.46469E-1,1.75590E-1,1.78498E-1,1.30872E-1,7.33486E-2,1.50198E-1,9.04652E-2,1.52568E-1,2.38519E-1,3.20903E-1,1.39801E-1,1.88100E-1
1.00838E+3,NaN,NaN,NaN,NaN,NaN,NaN,NaN,NaN,NaN,NaN,NaN,NaN,NaN,NaN,NaN,NaN,NaN,NaN,NaN,NaN,NaN,NaN,NaN,NaN,NaN,NaN,NaN,NaN,NaN,NaN,NaN,1.43583E-2,1.23786E-3,-1.18826E-2,-1.37671E-2,-8.59317E-3,-3.41922E-3,-3.20983E-3,-4.59382E-3,-5.97782E-3,-7.71527E-3,-9.49205E-3,-9.82461E-3,2.21860E-2,5.41966E-2,7.08689E-2,2.02386E-2,-3.03917E-2,-7.71247E-2,-1.15890E-1,-1.54655E-1,-1.74463E-1,-1.73008E-1,-1.71553E-1,-1.64676E-1,-1.54393E-1,-1.44110E-1,-1.22765E-1,-9.78693E-2,-7.29736E-2,-1.61785E-1,-9.05547E-2,-3.21089E-2,-1.38891E-2,8.91062E-2,1.07995E-1,1.57395E-2,-8.13871E-2,-7.70710E-2,1.00840E-2,6.00960E-4,4.33763E-2,5.73444E-2,4.14237E-2,2.17018E-2,-3.28857E-2,4.07010E-2,-3.42092E-2,6.67291E-2,-2.15786E-2,3.92785E-2,5.49546E-2,4.84048E-3,-6.21785E-2,-6.69422E-2,1.00854E-1,3.43105E-2,6.14001E-2,3.45505E-2,-3.38496E-2,-2.59497E-2,-6.63179E-2,-6.49244E-2,-1.55130E-2,-2.40610E-2,4.22877E-2,-4.17790E-2,-2.64367E-2,-4.58138E-2,-3.74242E-2,3.69467E-2,-2.13128E-2,2.25542E-2,-8.57360E-3,-1.15580E-2,-8.23045E-2,-1.52622E-1,7.57604E-2,-8.18584E-3,-4.52216E-2,-1.82402E-2,-1.57690E-2,1.14295E-2,-1.48663E-2,-8.19904E-2,-8.23190E-2,-6.23606E-2,5.30974E-2,-3.92192E-2,-9.07336E-2,-1.38281E-3,-5.47336E-3,-1.17638E-1,-2.74461E-2,-4.07129E-2,4.16129E-2,-6.04941E-3,-3.97889E-2,-8.98962E-2,-9.32090E-2,-1.17920E-2,1.93729E-2,-5.30169E-2,-7.37806E-2,-9.39862E-2,-7.44119E-2,-6.40861E-2
1.01181E+3,NaN,NaN,NaN,NaN,NaN,NaN,NaN,NaN,NaN,NaN,NaN,NaN,NaN,NaN,NaN,NaN,NaN,NaN,NaN,NaN,NaN,NaN,NaN,NaN,NaN,NaN,NaN,NaN,NaN,NaN,2.51066E-2,7.51188E-3,-1.00829E-2,-2.07787E-2,-3.83941E-3,1.30999E-2,2.50655E-2,2.74885E-2,2.99115E-2,2.18976E-2,2.82290E-3,-1.62519E-2,-1.92189E-2,-1.26583E-2,-6.09774E-3,-1.12918E-2,-1.99734E-2,-2.86549E-2,-6.98537E-2,-1.14110E-1,-1.54564E-1,-1.32017E-1,-1.09470E-1,-9.23304E-2,-9.68535E-2,-1.01377E-1,-1.04243E-1,-1.03930E-1,-1.03618E-1,-9.84115E-2,-9.23662E-2,-7.55795E-2,-4.52933E-2,-7.48148E-3,3.53147E-2,6.75722E-2,2.92574E-2,-3.09631E-2,-1.86413E-2,-1.31463E-2,-5.64567E-3,1.48608E-2,2.20769E-2,3.24440E-2,4.11897E-2,5.79564E-2,3.92278E-2,1.75918E-2,9.46278E-3,1.35700E-3,1.89566E-3,5.90911E-4,-1.93644E-3,-1.24872E-2,5.20611E-3,1.72928E-2,6.69107E-3,-6.31095E-3,2.84393E-3,1.11120E-2,-4.52383E-3,-1.43223E-2,-2.14029E-2,-1.01911E-3,2.11706E-2,-5.47891E-3,-2.56738E-2,-2.57045E-3,-1.21005E-2,1.48434E-2,2.08387E-2,-1.83918E-2,-2.83973E-2,-3.52035E-2,-1.39862E-2,-7.84236E-3,-1.00937E-2,-1.89522E-3,5.96472E-3,-1.75509E-2,-2.19808E-2,-5.07160E-2,-4.39056E-2,-2.54156E-2,-1.61004E-2,-1.24086E-2,-3.53430E-2,-3.17273E-2,-6.62199E-2,-7.51606E-3,8.48166E-3,-1.83014E-2,-4.56355E-2,-3.38559E-2,-7.93852E-3,-3.85186E-2,-3.69670E-2,-2.58685E-2,-3.05143E-2,-4.08902E-2,-2.98287E-2,-1.19750E-2,-2.01345E-2,-9.00930E-3,-3.83466E-2,-1.13436E-2,-1.75193E-2
1.01524E+3,NaN,NaN,NaN,NaN,NaN,NaN,NaN,NaN,NaN,NaN,NaN,NaN,NaN,NaN,NaN,NaN,NaN,NaN,NaN,NaN,NaN,NaN,NaN,NaN,NaN,NaN,NaN,NaN,NaN,NaN,5.64271E-3,5.70986E-3,5.77702E-3,6.23465E-3,6.80345E-3,7.37224E-3,-5.07154E-4,-9.10872E-3,-1.67988E-2,-1.11821E-2,-5.56549E-3,-8.63307E-4,3.34856E-4,1.53302E-3,1.67990E-3,-1.27110E-4,-1.93413E-3,-2.82522E-2,-7.98099E-2,-1.31368E-1,-1.38341E-1,-1.19747E-1,-1.01152E-1,-9.59294E-2,-9.45132E-2,-9.30970E-2,-9.48881E-2,-9.69533E-2,-9.92383E-2,-1.04084E-1,-9.83952E-2,-7.54828E-2,-2.61162E-2,5.25706E-2,1.10945E-1,8.46839E-2,4.59141E-2,1.95243E-2,1.72202E-2,2.88792E-2,4.59012E-2,5.57105E-2,3.40698E-2,4.19848E-2,3.61316E-2,4.97153E-2,3.15522E-2,3.39598E-2,4.38578E-2,3.10546E-2,3.05298E-2,3.79651E-2,2.41918E-2,2.21796E-2,3.02109E-2,3.81849E-2,3.87774E-2,1.58926E-2,2.10866E-2,1.27883E-2,2.43994E-2,1.15273E-2,1.21012E-2,1.36733E-2,9.19085E-3,1.15603E-2,3.55321E-3,7.30588E-3,3.04434E-3,1.67715E-2,8.69443E-3,-7.70298E-3,-3.71302E-4,-1.30512E-2,-6.98571E-3,8.76924E-3,7.87385E-3,7.55573E-3,-4.80539E-4,-1.13526E-3,-4.83787E-3,-1.85621E-2,-1.01281E-2,-1.19088E-2,-1.17242E-2,-1.16598E-2,7.05685E-4,-5.09706E-3,-8.48668E-3,-1.88614E-2,-7.96806E-3,-1.49698E-2,-2.09059E-2,-1.48944E-2,3.83318E-3,-2.29239E-3,-2.16354E-2,-1.24590E-2,-4.91656E-3,-1.24802E-2,-5.96782E-3,3.50913E-3,-8.45076E-3,-1.68766E-2,-1.14761E-2,-6.07020E-3,-1.11846E-2
1.01867E+3,NaN,NaN,NaN,NaN,NaN,NaN,NaN,NaN,NaN,NaN,NaN,NaN,NaN,NaN,NaN,NaN,NaN,NaN,NaN,NaN,NaN,NaN,NaN,NaN,NaN,NaN,NaN,NaN,NaN,-1.46815E-3,4.33487E-4,2.33512E-3,2.96473E-3,1.23359E-3,-4.97546E-4,-2.75500E-4,1.95510E-3,4.18570E-3,3.82107E-3,1.97028E-3,1.19482E-4,1.66294E-3,4.17088E-3,6.67881E-3,8.13989E-4,-5.76327E-3,-1.43055E-2,-5.13757E-2,-8.84459E-2,-1.16601E-1,-1.10662E-1,-1.04724E-1,-9.74546E-2,-8.77134E-2,-7.79722E-2,-7.47880E-2,-7.83467E-2,-8.19053E-2,-8.49046E-2,-8.64839E-2,-7.81194E-2,-5.25770E-2,-1.10843E-2,5.34220E-2,8.92864E-2,7.89965E-2,5.08282E-2,3.30959E-2,2.90898E-2,3.62133E-2,4.18756E-2,3.84110E-2,3.84532E-2,3.62873E-2,3.71647E-2,3.55156E-2,3.46482E-2,3.45230E-2,3.26190E-2,3.08554E-2,2.92341E-2,2.95720E-2,2.57573E-2,2.56880E-2,2.77075E-2,2.60592E-2,2.37539E-2,2.31400E-2,2.21112E-2,1.89482E-2,1.58011E-2,1.57530E-2,1.72365E-2,1.81269E-2,1.36911E-2,1.24962E-2,1.02959E-2,7.77352E-3,7.09864E-3,5.21370E-3,5.62885E-3,1.15904E-3,-1.32481E-3,-6.38061E-3,-4.85469E-4,-4.84259E-4,1.33367E-3,1.79866E-3,-4.36084E-3,-3.63404E-3,-2.17731E-3,-1.77449E-3,-3.00671E-3,-4.69296E-3,-3.54344E-3,-1.42364E-3,-1.83843E-3,-3.23090E-3,-2.21355E-3,-3.71100E-3,-1.01978E-3,-6.54343E-3,-8.89988E-3,-5.03426E-3,-2.71846E-3,-4.34084E-3,-5.00968E-3,-3.24907E-3,7.58708E-4,-6.15066E-3,-3.88031E-3,-1.94494E-3,-3.50944E-3,-6.45522E-3,-3.72250E-3,-3.74521E-3,-4.11517E-3
1.02210E+3,NaN,NaN,NaN,NaN,NaN,NaN,NaN,NaN,NaN,NaN,NaN,NaN,NaN,NaN,NaN,NaN,NaN,NaN,NaN,NaN,NaN,NaN,NaN,NaN,NaN,NaN,NaN,NaN,NaN,-4.88587E-4,4.91089E-4,1.47077E-3,9.75037E-4,3.42544E-4,-2.19933E-4,3.54205E-4,9.28344E-4,1.29389E-3,8.29640E-4,3.65391E-4,3.05814E-4,1.01883E-3,1.73185E-3,1.12730E-3,-8.67389E-4,-2.86208E-3,-2.46018E-2,-5.79649E-2,-9.13281E-2,-1.04041E-1,-1.10666E-1,-1.17291E-1,-1.03217E-1,-8.72250E-2,-7.23807E-2,-7.61768E-2,-7.99729E-2,-8.28245E-2,-8.30923E-2,-8.62723E-2,-7.93936E-2,-5.56083E-2,-5.61546E-3,6.67315E-2,9.65877E-2,7.94533E-2,5.08094E-2,3.52982E-2,3.32012E-2,4.05057E-2,4.17623E-2,3.88241E-2,3.68495E-2,3.59499E-2,3.60075E-2,3.25717E-2,3.40166E-2,3.28715E-2,3.18300E-2,2.87952E-2,2.79439E-2,2.87403E-2,2.72387E-2,2.53105E-2,2.26779E-2,2.31426E-2,2.54342E-2,2.18244E-2,2.02204E-2,1.98212E-2,1.82676E-2,1.61822E-2,1.57565E-2,1.47963E-2,1.31689E-2,1.11816E-2,9.11529E-3,9.61344E-3,4.10499E-3,4.96428E-3,2.80815E-3,2.29428E-4,-1.77380E-3,-3.91329E-3,-1.96645E-3,-3.82121E-3,-4.81854E-3,-5.21070E-3,-4.23490E-3,-2.23727E-3,-3.76451E-3,-3.79828E-3,-3.75963E-3,-5.42674E-3,-6.42477E-3,-4.25006E-3,-3.56290E-3,-2.03528E-3,-2.34407E-3,-3.87426E-3,-3.12809E-4,-5.71040E-3,-9.01543E-3,-7.96515E-3,-4.56064E-3,-3.89590E-3,-6.16465E-3,-2.56280E-3,-3.86264E-3,-5.10738E-3,-4.96026E-3,-2.47205E-3,-4.57004E-3,-4.38939E-3,-4.51266E-3,-5.80099E-3,-2.98903E-3
1.02553E+3,NaN,NaN,NaN,NaN,NaN,NaN,NaN,NaN,NaN,NaN,NaN,NaN,NaN,NaN,NaN,NaN,NaN,NaN,NaN,NaN,NaN,NaN,NaN,NaN,NaN,NaN,NaN,NaN,-1.22472E-3,-7.75419E-4,-3.26122E-4,-2.64531E-5,1.06868E-4,2.40188E-4,2.36978E-4,1.48802E-4,6.06261E-5,-8.53666E-5,-2.49692E-4,-4.14017E-4,-5.78695E-5,3.54753E-4,7.49836E-4,7.72451E-4,7.95065E-4,-4.35203E-3,-3.18531E-2,-5.93541E-2,-8.36231E-2,-1.01351E-1,-1.19078E-1,-1.19854E-1,-1.01784E-1,-8.37146E-2,-7.87615E-2,-8.19711E-2,-8.51808E-2,-8.68387E-2,-8.90793E-2,-9.17429E-2,-8.07875E-2,-5.39732E-2,1.50357E-2,7.81609E-2,9.76139E-2,7.88343E-2,5.17464E-2,3.89944E-2,3.92891E-2,4.18310E-2,4.24805E-2,4.03902E-2,3.86902E-2,3.86086E-2,3.57295E-2,3.53114E-2,3.45178E-2,3.31205E-2,3.07175E-2,2.81149E-2,2.91267E-2,2.62523E-2,2.55003E-2,2.27698E-2,2.27169E-2,2.24242E-2,2.07936E-2,2.02775E-2,1.86722E-2,1.88199E-2,1.68518E-2,1.60794E-2,1.64910E-2,1.51008E-2,1.30331E-2,1.29987E-2,1.07015E-2,6.32137E-3,4.75888E-3,2.46579E-3,-4.44920E-4,-1.10259E-3,-3.60170E-3,-3.17042E-3,-3.97756E-3,-5.20149E-3,-3.22041E-3,-5.19801E-3,-5.23810E-3,-7.23729E-3,-6.76556E-3,-5.06952E-3,-5.94504E-3,-4.98692E-3,-5.73427E-3,-5.58088E-3,-5.50055E-3,-6.63460E-3,-4.83171E-3,-5.06033E-3,-4.15672E-3,-4.66580E-3,-6.04855E-3,-6.56836E-3,-6.55971E-3,-6.45801E-3,-5.71862E-3,-6.08831E-3,-4.85267E-3,-4.75247E-3,-5.10677E-3,-4.53165E-3,-5.29206E-3,-4.22311E-3,-5.35783E-3,-6.53304E-3,-5.09096E-3
1.02896E+3,NaN,NaN,NaN,NaN,NaN,NaN,NaN,NaN,NaN,NaN,NaN,NaN,NaN,NaN,NaN,NaN,NaN,NaN,NaN,NaN,NaN,NaN,NaN,NaN,NaN,NaN,NaN,NaN,-2.54328E-4,5.16036E-5,3.42965E-4,7.49125E-5,-1.93140E-4,-4.63048E-4,-7.42137E-4,-1.02123E-3,-1.18147E-3,-1.07854E-3,-9.75603E-4,-8.62420E-4,-7.36909E-4,-6.11397E-4,2.42394E-4,1.58818E-3,2.93398E-3,-1.16860E-2,-3.19252E-2,-5.21644E-2,-7.78351E-2,-1.04229E-1,-1.29554E-1,-1.13840E-1,-9.81268E-2,-8.52154E-2,-8.61560E-2,-8.70966E-2,-8.76552E-2,-8.83014E-2,-9.17568E-2,-9.31299E-2,-8.12128E-2,-4.31776E-2,2.66387E-2,8.11144E-2,9.60037E-2,7.75991E-2,5.08890E-2,4.12741E-2,4.17621E-2,4.37338E-2,4.20557E-2,3.97938E-2,3.92957E-2,3.72748E-2,3.52724E-2,3.41964E-2,3.40214E-2,3.23835E-2,3.07233E-2,2.97371E-2,2.89569E-2,2.69730E-2,2.63353E-2,2.46969E-2,2.33106E-2,2.34362E-2,2.18070E-2,2.02507E-2,1.91225E-2,1.85879E-2,1.76913E-2,1.66407E-2,1.56149E-2,1.44313E-2,1.30011E-2,1.29628E-2,1.00652E-2,6.19252E-3,3.24420E-3,1.92969E-3,1.12092E-3,-3.08438E-3,-3.05976E-3,-3.08113E-3,-3.94673E-3,-5.05188E-3,-5.12273E-3,-6.15728E-3,-6.04350E-3,-5.99808E-3,-6.06996E-3,-6.13484E-3,-6.66780E-3,-6.01580E-3,-5.96643E-3,-6.28833E-3,-5.52342E-3,-5.75495E-3,-5.65696E-3,-4.61069E-3,-2.76680E-3,-5.14956E-3,-6.09527E-3,-7.59450E-3,-6.49976E-3,-6.28701E-3,-5.73383E-3,-6.01602E-3,-4.39416E-3,-5.42446E-3,-5.40273E-3,-5.48678E-3,-5.41470E-3,-5.70741E-3,-5.18698E-3,-5.22721E-3,-4.69531E-3
1.03239E+3,NaN,NaN,NaN,NaN,NaN,NaN,NaN,NaN,NaN,NaN,NaN,NaN,NaN,NaN,NaN,NaN,NaN,NaN,NaN,NaN,NaN,NaN,NaN,NaN,NaN,NaN,NaN,-4.19512E-4,-5.20533E-4,-6.21553E-4,-5.93021E-4,-4.67075E-4,-3.41129E-4,-4.95850E-4,-7.63184E-4,-1.03052E-3,-8.10985E-4,-5.09893E-4,-2.08801E-4,-6.14589E-4,-1.02082E-3,-1.10234E-3,7.74466E-4,2.65127E-3,2.72236E-4,-1.27792E-2,-2.58305E-2,-4.67519E-2,-7.81935E-2,-1.09635E-1,-1.18354E-1,-1.09988E-1,-1.01621E-1,-9.68105E-2,-9.34260E-2,-9.00416E-2,-9.01507E-2,-9.18037E-2,-9.78569E-2,-9.83678E-2,-8.48232E-2,-3.15945E-2,3.85890E-2,9.00996E-2,9.97908E-2,7.37265E-2,5.11922E-2,4.67036E-2,4.71139E-2,4.73256E-2,4.49154E-2,4.36234E-2,4.20714E-2,4.00365E-2,3.83274E-2,3.76613E-2,3.59582E-2,3.49422E-2,3.30005E-2,3.23905E-2,3.05845E-2,2.93522E-2,2.79074E-2,2.74760E-2,2.66479E-2,2.47644E-2,2.34158E-2,2.18928E-2,2.11594E-2,2.09436E-2,1.86252E-2,1.84352E-2,1.63808E-2,1.55080E-2,1.49580E-2,1.37678E-2,1.10223E-2,6.60381E-3,3.78194E-3,1.73399E-3,3.66839E-4,-1.77657E-3,-3.14731E-3,-4.42838E-3,-5.18210E-3,-5.48372E-3,-6.41512E-3,-6.40457E-3,-6.41321E-3,-7.07056E-3,-6.91687E-3,-6.77604E-3,-6.53016E-3,-6.48325E-3,-6.39297E-3,-6.54846E-3,-6.29812E-3,-6.15252E-3,-6.80681E-3,-5.74282E-3,-3.20935E-3,-6.28493E-3,-6.34213E-3,-8.30000E-3,-6.78647E-3,-6.63957E-3,-6.46982E-3,-6.03389E-3,-6.36940E-3,-6.94459E-3,-6.26358E-3,-6.27873E-3,-5.97899E-3,-5.46494E-3,-5.73136E-3,-6.16694E-3,-5.34946E-3
1.03583E+3,NaN,NaN,NaN,NaN,NaN,NaN,NaN,NaN,NaN,NaN,NaN,NaN,NaN,NaN,NaN,NaN,NaN,NaN,NaN,NaN,NaN,NaN,NaN,NaN,NaN,NaN,NaN,-5.03916E-4,-4.38285E-4,-3.80590E-4,-3.87168E-4,-3.93745E-4,-4.50328E-4,-6.54750E-4,-8.59173E-4,-9.21960E-4,-7.68363E-4,-6.14767E-4,-4.10650E-4,-1.63232E-4,8.41860E-5,7.70266E-4,1.66152E-3,2.55278E-3,-2.20609E-3,-8.17028E-3,-1.41345E-2,-4.57158E-2,-7.81704E-2,-1.07100E-1,-1.07478E-1,-1.07857E-1,-1.06473E-1,-9.98775E-2,-9.32822E-2,-8.93438E-2,-9.04034E-2,-9.43721E-2,-9.94776E-2,-9.78061E-2,-7.55299E-2,-2.26444E-2,4.28045E-2,8.75747E-2,9.34288E-2,7.06563E-2,5.26302E-2,4.89856E-2,4.83277E-2,4.77438E-2,4.53254E-2,4.36463E-2,4.21455E-2,4.07988E-2,3.97967E-2,3.82286E-2,3.65064E-2,3.48264E-2,3.40240E-2,3.27205E-2,3.06212E-2,3.01470E-2,2.91550E-2,2.78311E-2,2.68913E-2,2.54207E-2,2.38029E-2,2.25151E-2,2.18336E-2,2.08770E-2,1.96805E-2,1.84696E-2,1.73421E-2,1.67530E-2,1.56063E-2,1.42708E-2,1.09975E-2,7.76259E-3,4.37266E-3,3.08125E-3,9.93613E-5,-1.11154E-3,-2.65844E-3,-3.62755E-3,-5.29738E-3,-4.86517E-3,-5.61972E-3,-6.17458E-3,-6.51620E-3,-6.42512E-3,-6.60639E-3,-6.62607E-3,-6.62849E-3,-6.48520E-3,-6.24114E-3,-6.36362E-3,-6.56062E-3,-7.00654E-3,-6.57362E-3,-5.67640E-3,-2.80952E-3,-5.83898E-3,-6.29077E-3,-7.41566E-3,-6.74244E-3,-6.36330E-3,-5.92493E-3,-6.07979E-3,-5.28771E-3,-5.72127E-3,-5.50678E-3,-5.65387E-3,-5.65642E-3,-5.55781E-3,-5.22474E-3,-5.60359E-3,-5.10941E-3
1.03926E+3,NaN,NaN,NaN,NaN,NaN,NaN,NaN,NaN,NaN,NaN,NaN,NaN,NaN,NaN,NaN,NaN,NaN,NaN,NaN,NaN,NaN,NaN,NaN,NaN,NaN,NaN,9.35299E-5,2.64892E-4,4.36255E-4,4.51001E-4,3.78704E-4,3.06407E-4,8.50358E-5,-1.77014E-4,-4.39064E-4,-5.04802E-4,-5.55417E-4,-5.97057E-4,-5.21850E-4,-4.46644E-4,-3.09649E-4,5.40280E-5,4.17705E-4,3.64045E-4,-4.41119E-4,-1.24628E-3,-1.63757E-2,-4.58345E-2,-7.52934E-2,-9.25084E-2,-1.02919E-1,-1.13329E-1,-1.08289E-1,-9.90321E-2,-8.97757E-2,-8.85025E-2,-9.10011E-2,-9.57826E-2,-1.01312E-1,-9.94517E-2,-7.29431E-2,-1.56599E-2,4.81317E-2,9.25344E-2,9.06319E-2,6.33737E-2,5.34692E-2,5.00990E-2,4.95784E-2,4.81121E-2,4.62245E-2,4.45485E-2,4.26171E-2,4.18203E-2,4.05099E-2,3.83967E-2,3.69970E-2,3.55311E-2,3.49865E-2,3.28508E-2,3.12152E-2,2.98277E-2,2.88781E-2,2.78732E-2,2.71615E-2,2.58386E-2,2.38422E-2,2.24667E-2,2.21026E-2,2.10444E-2,1.98605E-2,1.86312E-2,1.74350E-2,1.67236E-2,1.58458E-2,1.44592E-2,1.09031E-2,7.25288E-3,4.82957E-3,3.29741E-3,7.81876E-4,-1.45752E-3,-2.57409E-3,-3.45903E-3,-4.41442E-3,-5.10362E-3,-5.61337E-3,-6.21460E-3,-6.11516E-3,-6.23813E-3,-6.28401E-3,-6.52044E-3,-6.64775E-3,-6.55494E-3,-6.53339E-3,-6.42568E-3,-6.13401E-3,-6.20933E-3,-6.13731E-3,-5.95853E-3,-2.69793E-3,-6.33054E-3,-5.97084E-3,-7.33700E-3,-5.73399E-3,-6.09783E-3,-5.71676E-3,-5.90120E-3,-5.68998E-3,-5.57212E-3,-5.45702E-3,-5.66584E-3,-5.23025E-3,-5.23073E-3,-5.32029E-3,-5.63605E-3,-5.24658E-3
1.04269E+3,NaN,NaN,NaN,NaN,NaN,NaN,NaN,NaN,NaN,NaN,NaN,NaN,NaN,NaN,NaN,NaN,NaN,NaN,NaN,NaN,NaN,NaN,NaN,NaN,NaN,3.73685E-4,4.03228E-4,4.32771E-4,4.43149E-4,3.59631E-4,2.76114E-4,1.68224E-4,6.68076E-6,-1.54862E-4,-2.59226E-4,-2.95163E-4,-3.31101E-4,-3.58006E-4,-3.78841E-4,-3.99676E-4,-3.14394E-4,-1.92009E-4,-6.96243E-5,1.79472E-3,3.88811E-3,5.28205E-3,-1.88649E-2,-4.30119E-2,-6.64930E-2,-8.67115E-2,-1.06930E-1,-1.17701E-1,-1.07674E-1,-9.76465E-2,-9.13024E-2,-9.18440E-2,-9.52261E-2,-9.97380E-2,-1.03671E-1,-9.80388E-2,-6.78210E-2,-1.19447E-2,4.79266E-2,8.54752E-2,8.21632E-2,6.17230E-2,5.31557E-2,5.06849E-2,4.90732E-2,4.76332E-2,4.57071E-2,4.35556E-2,4.21985E-2,4.13426E-2,3.94443E-2,3.75356E-2,3.62836E-2,3.54687E-2,3.42145E-2,3.24638E-2,3.11881E-2,3.03060E-2,2.90324E-2,2.76178E-2,2.63641E-2,2.50985E-2,2.39799E-2,2.27905E-2,2.17052E-2,2.07467E-2,1.97356E-2,1.84413E-2,1.74506E-2,1.66150E-2,1.54315E-2,1.43136E-2,1.15099E-2,7.42820E-3,5.26949E-3,3.22192E-3,8.86671E-4,-1.52508E-3,-2.63792E-3,-3.06819E-3,-4.02726E-3,-4.76807E-3,-5.30797E-3,-5.62418E-3,-5.64415E-3,-5.99284E-3,-5.85174E-3,-6.15939E-3,-6.40110E-3,-5.99291E-3,-5.84333E-3,-6.22826E-3,-6.13060E-3,-6.11800E-3,-5.92917E-3,-5.47394E-3,-2.45454E-3,-5.95438E-3,-5.97236E-3,-7.25901E-3,-5.40156E-3,-5.31494E-3,-5.61718E-3,-5.53896E-3,-5.32313E-3,-5.62334E-3,-4.76936E-3,-5.47569E-3,-5.06706E-3,-4.68498E-3,-5.09547E-3,-5.15711E-3,-5.01338E-3
1.04613E+3,NaN,NaN,NaN,NaN,NaN,NaN,NaN,NaN,NaN,NaN,NaN,NaN,NaN,NaN,NaN,NaN,NaN,NaN,NaN,NaN,NaN,NaN,NaN,NaN,NaN,5.00920E-4,4.50437E-4,3.99955E-4,3.95283E-4,4.11171E-4,4.27060E-4,2.42401E-4,1.75637E-5,-2.07274E-4,-1.42044E-4,-6.96653E-5,-2.29693E-5,-1.66770E-4,-3.10570E-4,-4.43350E-4,-5.45034E-4,-6.46719E-4,8.28297E-4,4.62434E-3,8.42038E-3,5.41405E-4,-1.69916E-2,-3.45247E-2,-5.92138E-2,-8.71145E-2,-1.15015E-1,-1.13169E-1,-1.05364E-1,-9.75579E-2,-9.34859E-2,-9.61214E-2,-9.85891E-2,-1.04513E-1,-1.08062E-1,-1.05301E-1,-7.01171E-2,-1.06581E-2,5.46861E-2,9.28974E-2,7.73545E-2,5.68907E-2,5.46398E-2,5.17683E-2,4.98156E-2,4.83578E-2,4.64785E-2,4.43725E-2,4.43229E-2,4.29160E-2,4.06668E-2,3.90203E-2,3.75290E-2,3.65094E-2,3.48125E-2,3.29766E-2,3.25205E-2,3.19142E-2,3.01761E-2,2.84981E-2,2.71852E-2,2.62455E-2,2.43595E-2,2.38661E-2,2.27526E-2,2.18718E-2,1.99501E-2,1.89727E-2,1.81971E-2,1.75337E-2,1.61050E-2,1.51239E-2,1.22707E-2,8.24838E-3,5.44358E-3,3.10877E-3,7.64978E-4,-8.60482E-4,-2.96711E-3,-2.89080E-3,-3.79218E-3,-4.88639E-3,-4.80447E-3,-5.47009E-3,-5.43530E-3,-5.64514E-3,-6.16531E-3,-5.85791E-3,-6.26239E-3,-6.06369E-3,-5.95485E-3,-6.04386E-3,-5.82994E-3,-6.02826E-3,-6.12683E-3,-5.15581E-3,-2.31116E-3,-5.99512E-3,-6.13646E-3,-7.37028E-3,-5.53705E-3,-5.11437E-3,-5.47499E-3,-5.82525E-3,-5.28244E-3,-5.42229E-3,-4.78995E-3,-5.73941E-3,-4.92756E-3,-4.84205E-3,-4.90398E-3,-4.75749E-3,-4.92312E-3
1.04956E+3,NaN,NaN,NaN,NaN,NaN,NaN,NaN,NaN,NaN,NaN,NaN,NaN,NaN,NaN,NaN,NaN,NaN,NaN,NaN,NaN,NaN,NaN,NaN,NaN,4.27871E-4,4.71678E-4,5.15485E-4,5.58225E-4,5.96828E-4,6.35431E-4,5.76722E-4,3.35596E-4,9.44698E-5,-1.24274E-4,-3.19789E-4,-5.15305E-4,-5.38787E-4,-4.62781E-4,-3.86775E-4,-4.46208E-4,-5.44637E-4,-6.43065E-4,3.16963E-3,7.32563E-3,1.06043E-2,6.47514E-4,-9.30931E-3,-2.40859E-2,-5.75515E-2,-9.10170E-2,-1.11842E-1,-1.08971E-1,-1.06099E-1,-1.01331E-1,-9.85526E-2,-1.00190E-1,-1.03827E-1,-1.08835E-1,-1.14185E-1,-1.06281E-1,-6.85813E-2,-7.08687E-3,5.64426E-2,8.49218E-2,7.28084E-2,5.79161E-2,5.46267E-2,5.27935E-2,5.04680E-2,4.88746E-2,4.69782E-2,4.58301E-2,4.48248E-2,4.28002E-2,4.10501E-2,3.95974E-2,3.83076E-2,3.70410E-2,3.54013E-2,3.40361E-2,3.30591E-2,3.20085E-2,3.06187E-2,2.90546E-2,2.76627E-2,2.65452E-2,2.51587E-2,2.38685E-2,2.29870E-2,2.18853E-2,2.02743E-2,1.94670E-2,1.89071E-2,1.74995E-2,1.63414E-2,1.55930E-2,1.15470E-2,8.29428E-3,5.75169E-3,2.89004E-3,1.06920E-3,-5.67514E-4,-2.53880E-3,-2.53915E-3,-4.11275E-3,-4.83132E-3,-4.80077E-3,-5.37050E-3,-5.41923E-3,-5.46368E-3,-6.40812E-3,-5.75074E-3,-6.32281E-3,-6.22426E-3,-6.00160E-3,-5.66504E-3,-5.62834E-3,-5.63802E-3,-5.98419E-3,-4.78513E-3,-2.01937E-3,-6.07963E-3,-6.39964E-3,-7.57365E-3,-5.12060E-3,-5.13493E-3,-5.23880E-3,-5.20392E-3,-5.25023E-3,-5.24047E-3,-4.72996E-3,-5.59507E-3,-5.13121E-3,-5.07069E-3,-4.66038E-3,-4.31442E-3,-5.01088E-3
1.05300E+3,NaN,NaN,NaN,NaN,NaN,NaN,NaN,NaN,NaN,NaN,NaN,NaN,NaN,NaN,NaN,NaN,NaN,NaN,NaN,NaN,NaN,NaN,NaN,NaN,5.27047E-4,4.63431E-4,3.99815E-4,3.88160E-4,3.97323E-4,4.06486E-4,2.82194E-4,1.35601E-4,-1.09920E-5,-6.25554E-5,-1.14089E-4,-1.92557E-4,-4.33055E-4,-6.73553E-4,-7.94735E-4,-6.17164E-4,-4.39593E-4,1.03237E-3,4.23243E-3,7.43248E-3,7.28145E-3,4.61384E-3,1.94624E-3,-2.41204E-2,-5.95611E-2,-9.50019E-2,-1.03854E-1,-1.08264E-1,-1.12674E-1,-1.03420E-1,-1.02277E-1,-1.03798E-1,-1.07929E-1,-1.12749E-1,-1.24521E-1,-1.15326E-1,-7.14199E-2,-2.88486E-3,7.03430E-2,8.88518E-2,6.83991E-2,5.58709E-2,5.66396E-2,5.30479E-2,5.06477E-2,4.99230E-2,4.72804E-2,4.73625E-2,4.58027E-2,4.33129E-2,4.17676E-2,4.04101E-2,3.93390E-2,3.75520E-2,3.60166E-2,3.49275E-2,3.40415E-2,3.21152E-2,3.10642E-2,2.97449E-2,2.82389E-2,2.67750E-2,2.58392E-2,2.46011E-2,2.36670E-2,2.24289E-2,2.09575E-2,2.04824E-2,1.96588E-2,1.77653E-2,1.67630E-2,1.58481E-2,1.20893E-2,9.07929E-3,6.37443E-3,3.20399E-3,1.49185E-3,-3.52929E-4,-1.43081E-3,-2.13160E-3,-3.88101E-3,-4.48021E-3,-4.61274E-3,-5.16858E-3,-4.90642E-3,-5.18936E-3,-5.90025E-3,-5.23265E-3,-5.81518E-3,-6.01510E-3,-5.74319E-3,-5.51454E-3,-5.06322E-3,-5.15852E-3,-5.29760E-3,-4.27985E-3,-1.62036E-3,-5.82039E-3,-5.98402E-3,-7.06718E-3,-4.91212E-3,-4.77855E-3,-5.02507E-3,-4.97105E-3,-4.92407E-3,-5.15804E-3,-4.31136E-3,-5.10592E-3,-4.79352E-3,-4.55920E-3,-4.32736E-3,-4.35770E-3,-4.55492E-3
1.05643E+3,NaN,NaN,NaN,NaN,NaN,NaN,NaN,NaN,NaN,NaN,NaN,NaN,NaN,NaN,NaN,NaN,NaN,NaN,NaN,NaN,NaN,NaN,NaN,5.08382E-4,4.56627E-4,4.04873E-4,3.72542E-4,4.10225E-4,4.47908E-4,4.24186E-4,2.91314E-4,1.58442E-4,8.53965E-5,7.14911E-5,5.75857E-5,-1.82924E-4,-5.47751E-4,-9.12577E-4,-8.55632E-4,-6.85621E-4,-5.15610E-4,1.15338E-3,2.93268E-3,4.81064E-3,7.91759E-3,1.10245E-2,6.27804E-3,-2.67778E-2,-5.98337E-2,-8.59132E-2,-9.95916E-2,-1.13270E-1,-1.14861E-1,-1.07303E-1,-1.04987E-1,-1.06905E-1,-1.10358E-1,-1.19111E-1,-1.27932E-1,-1.13228E-1,-6.57326E-2,6.97893E-3,6.86166E-2,8.35488E-2,6.81060E-2,5.75893E-2,5.62736E-2,5.33151E-2,5.13136E-2,5.02432E-2,4.91727E-2,4.81293E-2,4.56794E-2,4.35707E-2,4.21706E-2,4.11341E-2,3.96134E-2,3.76943E-2,3.63917E-2,3.53505E-2,3.43069E-2,3.28605E-2,3.12957E-2,3.00818E-2,2.88221E-2,2.72228E-2,2.60794E-2,2.49986E-2,2.38037E-2,2.25550E-2,2.17214E-2,2.09601E-2,1.95410E-2,1.81992E-2,1.72793E-2,1.60973E-2,1.30361E-2,9.40267E-3,6.85525E-3,3.75881E-3,1.66325E-3,-1.78127E-4,-1.14161E-3,-2.27112E-3,-3.20996E-3,-4.09035E-3,-4.41104E-3,-4.60873E-3,-4.57870E-3,-5.02718E-3,-5.38092E-3,-4.85732E-3,-5.27842E-3,-5.52247E-3,-5.32798E-3,-5.07656E-3,-4.60753E-3,-4.75336E-3,-5.11449E-3,-3.74497E-3,-1.29372E-3,-5.47109E-3,-5.99375E-3,-6.83031E-3,-4.28409E-3,-4.19651E-3,-4.48616E-3,-4.45089E-3,-4.44756E-3,-4.55369E-3,-3.94648E-3,-4.64339E-3,-4.45939E-3,-4.25089E-3,-3.80414E-3,-3.84190E-3,-4.21700E-3
1.05987E+3,NaN,NaN,NaN,NaN,NaN,NaN,NaN,NaN,NaN,NaN,NaN,NaN,NaN,NaN,NaN,NaN,NaN,NaN,NaN,NaN,NaN,NaN,NaN,7.27238E-4,4.92720E-4,2.58201E-4,2.14586E-4,2.47174E-4,2.79762E-4,2.57310E-4,2.25718E-4,1.94140E-4,1.98399E-4,2.02657E-4,1.57791E-4,-1.80809E-4,-5.19409E-4,-7.82679E-4,-8.58015E-4,-9.33352E-4,-7.39264E-4,-1.86564E-4,3.66136E-4,4.39525E-3,1.10272E-2,1.76591E-2,-4.63048E-4,-2.84662E-2,-5.64693E-2,-8.05022E-2,-1.03876E-1,-1.27235E-1,-1.18079E-1,-1.10544E-1,-1.07993E-1,-1.11520E-1,-1.12897E-1,-1.26255E-1,-1.40000E-1,-1.18976E-1,-6.53031E-2,2.17374E-2,8.29347E-2,8.90363E-2,6.24776E-2,5.63442E-2,5.76319E-2,5.34797E-2,5.26963E-2,5.06064E-2,5.02026E-2,4.84511E-2,4.59486E-2,4.43956E-2,4.26140E-2,4.22010E-2,3.96168E-2,3.86851E-2,3.69626E-2,3.57613E-2,3.45394E-2,3.30056E-2,3.17258E-2,3.06802E-2,2.90287E-2,2.76525E-2,2.69181E-2,2.56418E-2,2.42550E-2,2.29562E-2,2.29230E-2,2.13422E-2,1.99445E-2,1.86443E-2,1.78572E-2,1.63861E-2,1.32035E-2,9.79466E-3,7.01633E-3,4.19900E-3,2.00088E-3,-3.17330E-5,-7.77576E-4,-2.21310E-3,-2.98907E-3,-3.78185E-3,-4.19098E-3,-4.44808E-3,-4.34147E-3,-4.91726E-3,-5.09163E-3,-4.74422E-3,-5.14998E-3,-5.35619E-3,-5.00515E-3,-4.74956E-3,-4.23160E-3,-4.61280E-3,-4.62563E-3,-3.39633E-3,-9.11504E-4,-5.25352E-3,-5.72026E-3,-6.43849E-3,-4.07607E-3,-4.00614E-3,-4.29450E-3,-4.28189E-3,-4.45407E-3,-4.31847E-3,-3.73787E-3,-4.42330E-3,-4.27211E-3,-4.27570E-3,-3.78073E-3,-3.61978E-3,-3.93905E-3
1.06330E+3,NaN,NaN,NaN,NaN,NaN,NaN,NaN,NaN,NaN,NaN,NaN,NaN,NaN,NaN,NaN,NaN,NaN,NaN,NaN,NaN,NaN,NaN,6.83062E-4,5.54978E-4,4.26893E-4,3.13966E-4,2.59222E-4,2.04478E-4,1.32091E-4,2.68723E-5,-7.83463E-5,-5.70045E-5,9.48076E-5,2.46620E-4,1.25863E-4,-1.51397E-4,-4.28657E-4,-5.92378E-4,-7.23721E-4,-8.55064E-4,-1.22506E-3,-1.61555E-3,-1.49870E-3,6.05984E-3,1.36184E-2,1.54356E-2,-4.78470E-3,-2.50050E-2,-4.95467E-2,-8.21304E-2,-1.14714E-1,-1.29115E-1,-1.22225E-1,-1.14284E-1,-1.12545E-1,-1.14603E-1,-1.20088E-1,-1.34691E-1,-1.40142E-1,-1.14971E-1,-5.19048E-2,3.01218E-2,8.40147E-2,8.50957E-2,6.34444E-2,5.68393E-2,5.72779E-2,5.45687E-2,5.26212E-2,5.15844E-2,5.04956E-2,4.84416E-2,4.63368E-2,4.46433E-2,4.34465E-2,4.20464E-2,4.01133E-2,3.88032E-2,3.75662E-2,3.62426E-2,3.48875E-2,3.34287E-2,3.21228E-2,3.07192E-2,2.93143E-2,2.83146E-2,2.72170E-2,2.59289E-2,2.48163E-2,2.39675E-2,2.28468E-2,2.14217E-2,2.01905E-2,1.91300E-2,1.79103E-2,1.67650E-2,1.33303E-2,1.02999E-2,7.82535E-3,4.13022E-3,2.22699E-3,1.87184E-4,-6.36431E-4,-1.96195E-3,-2.99710E-3,-3.50226E-3,-3.98577E-3,-4.18901E-3,-4.32018E-3,-4.81657E-3,-4.65773E-3,-4.47626E-3,-4.87184E-3,-5.09454E-3,-4.65106E-3,-4.51997E-3,-4.14065E-3,-4.27425E-3,-4.47192E-3,-2.92838E-3,-7.14329E-4,-4.90947E-3,-5.30673E-3,-5.99545E-3,-3.81591E-3,-3.80943E-3,-3.95577E-3,-4.07423E-3,-4.05449E-3,-3.84366E-3,-3.44689E-3,-3.98330E-3,-3.91593E-3,-3.69992E-3,-3.32958E-3,-3.32178E-3,-3.65649E-3
1.06674E+3,NaN,NaN,NaN,NaN,NaN,NaN,NaN,NaN,NaN,NaN,NaN,NaN,NaN,NaN,NaN,NaN,NaN,NaN,NaN,NaN,NaN,NaN,5.36942E-4,5.09100E-4,4.81257E-4,4.87492E-4,5.08813E-4,5.30133E-4,2.87175E-4,-7.61922E-6,-3.02414E-4,-1.58627E-4,-5.37764E-6,1.08289E-4,-6.36201E-5,-2.35529E-4,-4.22636E-4,-6.51983E-4,-8.81331E-4,-1.23944E-3,-1.78480E-3,-2.33016E-3,1.00049E-3,7.49851E-3,1.39965E-2,7.78640E-3,-4.04913E-3,-1.58846E-2,-5.05822E-2,-8.97640E-2,-1.28946E-1,-1.33077E-1,-1.25345E-1,-1.14516E-1,-1.16293E-1,-1.17135E-1,-1.23311E-1,-1.43882E-1,-1.45599E-1,-1.17289E-1,-4.06829E-2,4.95534E-2,1.00612E-1,8.42791E-2,5.70977E-2,5.76482E-2,5.79678E-2,5.40520E-2,5.25966E-2,5.20674E-2,5.10215E-2,4.82129E-2,4.66745E-2,4.47038E-2,4.42350E-2,4.19143E-2,4.05025E-2,3.92184E-2,3.78734E-2,3.68228E-2,3.51302E-2,3.35792E-2,3.21542E-2,3.11735E-2,2.97825E-2,2.93604E-2,2.77457E-2,2.65361E-2,2.53822E-2,2.48261E-2,2.28383E-2,2.15159E-2,2.03412E-2,1.98029E-2,1.79176E-2,1.75666E-2,1.37187E-2,1.07367E-2,8.65145E-3,4.42874E-3,2.23013E-3,9.38271E-4,-1.59608E-4,-1.56903E-3,-2.18883E-3,-3.03794E-3,-3.66032E-3,-3.66410E-3,-3.98646E-3,-4.42925E-3,-4.05800E-3,-3.94433E-3,-4.26386E-3,-4.40403E-3,-3.87573E-3,-3.98520E-3,-3.84217E-3,-3.97067E-3,-4.07653E-3,-2.28948E-3,-9.00222E-5,-4.38780E-3,-4.60063E-3,-5.10824E-3,-3.40105E-3,-3.40589E-3,-3.50543E-3,-3.66412E-3,-3.44041E-3,-3.30530E-3,-3.01662E-3,-3.41736E-3,-3.46025E-3,-3.14494E-3,-2.79982E-3,-3.09395E-3,-3.17682E-3
1.07018E+3,NaN,NaN,NaN,NaN,NaN,NaN,NaN,NaN,NaN,NaN,NaN,NaN,NaN,NaN,NaN,NaN,NaN,NaN,NaN,NaN,NaN,4.72364E-4,4.86616E-4,5.00868E-4,5.20564E-4,5.66059E-4,6.11554E-4,5.12311E-4,1.01367E-4,-3.09577E-4,-4.10616E-4,-1.47794E-4,1.15027E-4,1.75668E-4,1.03095E-4,3.05232E-5,-3.37451E-4,-8.06178E-4,-1.27491E-3,-1.62409E-3,-1.95827E-3,-2.14095E-3,2.35190E-3,6.84475E-3,9.92322E-3,6.29895E-3,2.67467E-3,-1.35818E-2,-5.70425E-2,-1.00503E-1,-1.30379E-1,-1.37017E-1,-1.29239E-1,-1.21042E-1,-1.21008E-1,-1.23216E-1,-1.33769E-1,-1.48198E-1,-1.46581E-1,-1.07858E-1,-2.75300E-2,5.78427E-2,9.66358E-2,8.10111E-2,5.93139E-2,5.67715E-2,5.67335E-2,5.38049E-2,5.28262E-2,5.22644E-2,5.03714E-2,4.82052E-2,4.65579E-2,4.53528E-2,4.39495E-2,4.20850E-2,4.09576E-2,3.96166E-2,3.82521E-2,3.71457E-2,3.52372E-2,3.35637E-2,3.26030E-2,3.13095E-2,3.02536E-2,2.93171E-2,2.79157E-2,2.68921E-2,2.59730E-2,2.45161E-2,2.28756E-2,2.18578E-2,2.10834E-2,1.96293E-2,1.85182E-2,1.84858E-2,1.41456E-2,1.10250E-2,8.66645E-3,4.86961E-3,2.33578E-3,1.24870E-3,-2.99094E-4,-1.24137E-3,-1.38629E-3,-2.97482E-3,-3.64258E-3,-3.67184E-3,-4.27620E-3,-3.87460E-3,-3.59928E-3,-3.76874E-3,-4.16722E-3,-4.06609E-3,-3.37912E-3,-3.82934E-3,-3.89560E-3,-3.90668E-3,-3.79300E-3,-1.97469E-3,-6.37205E-5,-4.13824E-3,-4.30359E-3,-4.68967E-3,-3.26727E-3,-3.28231E-3,-3.43540E-3,-3.52642E-3,-3.24516E-3,-2.98150E-3,-2.74767E-3,-2.98689E-3,-3.19663E-3,-2.97224E-3,-2.60013E-3,-2.63585E-3,-2.79263E-3
1.07362E+3,NaN,NaN,NaN,NaN,NaN,NaN,NaN,NaN,NaN,NaN,NaN,NaN,NaN,NaN,NaN,NaN,NaN,NaN,NaN,NaN,NaN,3.14920E-4,3.45659E-4,3.76397E-4,4.16950E-4,4.62787E-4,5.08625E-4,2.65969E-4,-5.20556E-5,-3.70080E-4,-2.31914E-4,-6.24102E-5,9.61608E-5,1.26534E-4,1.56907E-4,8.22063E-5,-3.61932E-4,-8.06070E-4,-1.21545E-3,-1.56417E-3,-1.91288E-3,-9.52192E-4,1.28099E-3,3.51417E-3,6.40313E-3,9.64520E-3,1.28873E-2,-2.09838E-2,-6.45506E-2,-1.08117E-1,-1.34297E-1,-1.43910E-1,-1.30250E-1,-1.25642E-1,-1.24360E-1,-1.27486E-1,-1.39461E-1,-1.54346E-1,-1.53494E-1,-1.05355E-1,-1.23402E-2,7.67090E-2,1.04266E-1,7.58723E-2,5.47220E-2,5.63259E-2,5.61206E-2,5.27552E-2,5.33783E-2,5.23052E-2,4.96728E-2,4.80913E-2,4.63171E-2,4.55153E-2,4.32713E-2,4.19785E-2,4.11659E-2,3.93383E-2,3.85687E-2,3.68606E-2,3.49880E-2,3.36068E-2,3.25527E-2,3.10700E-2,3.08596E-2,2.91860E-2,2.79745E-2,2.73810E-2,2.59920E-2,2.41423E-2,2.27772E-2,2.20229E-2,2.08009E-2,1.93250E-2,1.93568E-2,1.92108E-2,1.42422E-2,1.12533E-2,8.52666E-3,5.36225E-3,2.80102E-3,1.20020E-3,-2.45697E-4,-1.29654E-3,-1.43410E-3,-2.77147E-3,-3.40042E-3,-3.49819E-3,-4.15622E-3,-3.59854E-3,-3.69497E-3,-3.39507E-3,-4.04518E-3,-3.86526E-3,-3.25646E-3,-3.70798E-3,-3.70774E-3,-3.78289E-3,-3.74202E-3,-2.10702E-3,1.61370E-4,-3.78441E-3,-3.77468E-3,-4.07488E-3,-2.95447E-3,-2.97346E-3,-3.17475E-3,-3.23393E-3,-2.72517E-3,-2.62421E-3,-2.58523E-3,-2.81442E-3,-3.05053E-3,-2.49449E-3,-2.56272E-3,-2.75246E-3,-2.34228E-3
1.07706E+3,NaN,NaN,NaN,NaN,NaN,NaN,NaN,NaN,NaN,NaN,NaN,NaN,NaN,NaN,NaN,NaN,NaN,NaN,NaN,NaN,NaN,2.88287E-4,4.83703E-4,6.55728E-4,6.57076E-4,6.58424E-4,5.25232E-4,1.57759E-5,-4.93680E-4,-6.92084E-4,-4.35862E-4,-1.79641E-4,6.37182E-5,2.96515E-4,5.29312E-4,1.76235E-4,-4.37658E-4,-1.05155E-3,-1.43244E-3,-1.76723E-3,-2.10202E-3,-1.43823E-3,-7.51636E-4,7.88778E-4,8.55924E-3,1.63297E-2,1.15611E-2,-2.82753E-2,-6.81118E-2,-1.05915E-1,-1.34939E-1,-1.42863E-1,-1.33794E-1,-1.27946E-1,-1.26407E-1,-1.31045E-1,-1.42225E-1,-1.55594E-1,-1.47300E-1,-9.03653E-2,2.66740E-3,7.99642E-2,9.96128E-2,7.47126E-2,5.46659E-2,5.47838E-2,5.54828E-2,5.29887E-2,5.33907E-2,5.15709E-2,4.93132E-2,4.77609E-2,4.63372E-2,4.47526E-2,4.32718E-2,4.24011E-2,4.11006E-2,3.96293E-2,3.84469E-2,3.62754E-2,3.47443E-2,3.36866E-2,3.25091E-2,3.15577E-2,3.07056E-2,2.90477E-2,2.81216E-2,2.72557E-2,2.57006E-2,2.41130E-2,2.28840E-2,2.20509E-2,2.08556E-2,2.00235E-2,2.00447E-2,1.88130E-2,1.44915E-2,1.09309E-2,8.46689E-3,5.33467E-3,3.30960E-3,1.10311E-3,-1.01147E-4,-1.21198E-3,-2.10002E-3,-2.95626E-3,-3.23964E-3,-3.48617E-3,-4.44326E-3,-3.25266E-3,-3.51093E-3,-3.49565E-3,-4.12830E-3,-3.47813E-3,-3.28341E-3,-3.62442E-3,-3.88396E-3,-3.71530E-3,-3.38995E-3,-1.55043E-3,5.31078E-4,-3.51524E-3,-3.35533E-3,-3.41744E-3,-2.83954E-3,-3.01710E-3,-3.20278E-3,-3.17767E-3,-2.48704E-3,-2.43786E-3,-2.24665E-3,-2.48852E-3,-2.81010E-3,-2.44819E-3,-2.52121E-3,-2.66829E-3,-2.53461E-3
1.08050E+3,NaN,NaN,NaN,NaN,NaN,NaN,NaN,NaN,NaN,NaN,NaN,NaN,NaN,NaN,NaN,NaN,NaN,NaN,NaN,NaN,3.20953E-5,2.94189E-4,5.56283E-4,6.61108E-4,6.54776E-4,6.48443E-4,3.13303E-4,-1.44223E-4,-6.01750E-4,-5.45290E-4,-4.13117E-4,-2.79242E-4,-2.94240E-5,2.20394E-4,3.67809E-4,-3.32891E-5,-4.34387E-4,-9.27409E-4,-1.63474E-3,-2.34207E-3,-2.84853E-3,-3.10248E-3,-3.35642E-3,2.23790E-3,1.19657E-2,2.16936E-2,6.28292E-5,-3.32400E-2,-6.65428E-2,-1.07980E-1,-1.43308E-1,-1.47576E-1,-1.40308E-1,-1.32080E-1,-1.30602E-1,-1.34934E-1,-1.47585E-1,-1.64478E-1,-1.51689E-1,-8.04356E-2,1.80804E-2,9.21084E-2,1.01083E-1,6.84337E-2,5.18651E-2,5.68978E-2,5.37455E-2,5.39158E-2,5.31696E-2,5.05792E-2,4.85594E-2,4.75694E-2,4.56237E-2,4.41569E-2,4.30290E-2,4.22839E-2,4.03761E-2,3.98981E-2,3.79077E-2,3.56852E-2,3.45531E-2,3.38115E-2,3.19982E-2,3.19649E-2,3.02817E-2,2.87509E-2,2.83803E-2,2.71060E-2,2.54304E-2,2.38139E-2,2.28838E-2,2.17953E-2,2.09834E-2,2.07116E-2,2.02047E-2,1.78553E-2,1.45109E-2,1.14012E-2,8.05416E-3,5.25955E-3,3.79989E-3,1.25179E-3,6.93639E-5,-7.17022E-4,-1.98088E-3,-2.83183E-3,-3.31986E-3,-3.52881E-3,-4.19244E-3,-2.89240E-3,-3.47371E-3,-3.37968E-3,-3.79815E-3,-3.42119E-3,-3.36231E-3,-3.38725E-3,-3.89830E-3,-3.81100E-3,-3.51898E-3,-1.33251E-3,9.51630E-4,-3.30437E-3,-3.12931E-3,-2.91943E-3,-2.58829E-3,-2.97523E-3,-3.04833E-3,-2.74809E-3,-2.23985E-3,-2.15929E-3,-2.16795E-3,-2.51598E-3,-2.67982E-3,-2.26520E-3,-2.52246E-3,-2.74782E-3,-2.32389E-3
1.08394E+3,NaN,NaN,NaN,NaN,NaN,NaN,NaN,NaN,NaN,NaN,NaN,NaN,NaN,NaN,NaN,NaN,NaN,NaN,NaN,NaN,8.64497E-5,3.85482E-4,6.73070E-4,7.24257E-4,7.75443E-4,7.01729E-4,9.21774E-5,-5.17374E-4,-8.86769E-4,-7.72716E-4,-6.58662E-4,-4.31832E-4,-8.02291E-5,2.71374E-4,2.77802E-4,7.05093E-5,-1.36783E-4,-9.75890E-4,-2.01401E-3,-3.05214E-3,-3.57234E-3,-4.03710E-3,-4.04774E-3,5.32264E-3,1.46930E-2,1.76767E-2,-6.73957E-3,-3.11558E-2,-6.31218E-2,-1.10043E-1,-1.46156E-1,-1.54369E-1,-1.46710E-1,-1.37553E-1,-1.34401E-1,-1.39542E-1,-1.53584E-1,-1.67968E-1,-1.46218E-1,-6.97181E-2,2.52943E-2,9.23693E-2,9.89106E-2,6.86710E-2,5.31452E-2,5.51480E-2,5.38894E-2,5.35267E-2,5.20502E-2,4.95300E-2,4.81444E-2,4.68199E-2,4.50233E-2,4.39919E-2,4.30630E-2,4.18238E-2,4.02989E-2,3.92994E-2,3.70048E-2,3.53310E-2,3.45765E-2,3.33318E-2,3.22244E-2,3.17010E-2,2.97934E-2,2.87031E-2,2.78578E-2,2.65115E-2,2.53023E-2,2.38399E-2,2.29257E-2,2.16769E-2,2.11968E-2,2.10386E-2,1.98668E-2,1.79580E-2,1.45268E-2,1.13847E-2,8.14404E-3,5.33095E-3,3.94283E-3,1.09613E-3,-1.66696E-4,-4.56739E-4,-1.92136E-3,-2.87108E-3,-3.36743E-3,-3.50250E-3,-3.95970E-3,-2.79513E-3,-3.66361E-3,-3.56580E-3,-3.62730E-3,-3.15168E-3,-3.51592E-3,-3.32809E-3,-3.99385E-3,-3.77430E-3,-3.32247E-3,-1.08092E-3,1.19464E-3,-3.15731E-3,-2.97135E-3,-2.52247E-3,-2.56705E-3,-2.88649E-3,-3.05911E-3,-2.58155E-3,-2.03442E-3,-2.10148E-3,-1.87830E-3,-2.22369E-3,-2.56419E-3,-2.16320E-3,-2.60376E-3,-2.80523E-3,-2.20958E-3
1.08738E+3,NaN,NaN,NaN,NaN,NaN,NaN,NaN,NaN,NaN,NaN,NaN,NaN,NaN,NaN,NaN,NaN,NaN,NaN,NaN,-1.27153E-4,2.42658E-4,6.12469E-4,8.05254E-4,8.22036E-4,8.38817E-4,4.60069E-4,-1.37035E-4,-7.34139E-4,-7.50443E-4,-6.09708E-4,-4.68972E-4,-3.03177E-4,-1.35495E-4,1.73785E-5,-1.81272E-5,-5.36330E-5,-3.37828E-4,-1.52609E-3,-2.71435E-3,-3.65624E-3,-4.15746E-3,-4.65867E-3,-1.23772E-3,6.08272E-3,1.34032E-2,7.04467E-3,-6.86538E-3,-2.07754E-2,-6.06010E-2,-1.14141E-1,-1.52296E-1,-1.59323E-1,-1.51367E-1,-1.39174E-1,-1.36565E-1,-1.41380E-1,-1.59376E-1,-1.75961E-1,-1.41936E-1,-6.07468E-2,3.58490E-2,9.82767E-2,9.64152E-2,6.71720E-2,5.44523E-2,5.41827E-2,5.37322E-2,5.32999E-2,5.08289E-2,4.87823E-2,4.79688E-2,4.57003E-2,4.44637E-2,4.35912E-2,4.29336E-2,4.11343E-2,4.02106E-2,3.86116E-2,3.65944E-2,3.52939E-2,3.43897E-2,3.27923E-2,3.24296E-2,3.09463E-2,2.95095E-2,2.86991E-2,2.74691E-2,2.64521E-2,2.48277E-2,2.38404E-2,2.26952E-2,2.20484E-2,2.16105E-2,2.10886E-2,1.88796E-2,1.79842E-2,1.45582E-2,1.17675E-2,8.76731E-3,5.54158E-3,4.00485E-3,1.46355E-3,4.73886E-5,-4.28213E-4,-1.88566E-3,-2.75514E-3,-3.17647E-3,-3.40346E-3,-3.29561E-3,-2.85749E-3,-3.47187E-3,-3.14711E-3,-3.18826E-3,-3.02027E-3,-3.22819E-3,-2.83863E-3,-3.69599E-3,-3.71057E-3,-3.11651E-3,-8.71196E-4,1.58277E-3,-2.84613E-3,-2.64704E-3,-1.98251E-3,-2.06757E-3,-2.56240E-3,-2.81089E-3,-2.35005E-3,-1.79101E-3,-1.87661E-3,-1.86006E-3,-2.04251E-3,-2.22209E-3,-1.89571E-3,-2.41433E-3,-2.58918E-3,-1.86603E-3
1.09082E+3,NaN,NaN,NaN,NaN,NaN,NaN,NaN,NaN,NaN,NaN,NaN,NaN,NaN,NaN,NaN,NaN,NaN,NaN,NaN,-5.02272E-5,4.15500E-4,8.81226E-4,8.89070E-4,8.73723E-4,8.08792E-4,2.69585E-4,-2.69622E-4,-6.73039E-4,-6.40518E-4,-6.07998E-4,-5.55082E-4,-4.68942E-4,-3.82803E-4,-2.29011E-4,-1.35717E-5,2.01867E-4,-5.21810E-4,-1.71629E-3,-2.91077E-3,-3.55003E-3,-4.05815E-3,-4.56627E-3,-3.11653E-4,4.18419E-3,7.92670E-3,4.46339E-3,1.00009E-3,-1.16876E-2,-5.80385E-2,-1.15261E-1,-1.55958E-1,-1.62092E-1,-1.54205E-1,-1.39746E-1,-1.36622E-1,-1.42508E-1,-1.62413E-1,-1.76099E-1,-1.37510E-1,-5.51664E-2,4.06246E-2,9.98074E-2,9.80649E-2,6.78440E-2,5.07461E-2,5.30417E-2,5.33274E-2,5.17015E-2,4.91476E-2,4.78115E-2,4.68647E-2,4.44405E-2,4.36072E-2,4.29334E-2,4.18675E-2,4.02158E-2,3.92072E-2,3.74999E-2,3.55732E-2,3.47821E-2,3.36363E-2,3.22873E-2,3.15246E-2,2.99116E-2,2.87146E-2,2.77745E-2,2.67818E-2,2.62011E-2,2.43430E-2,2.34209E-2,2.23876E-2,2.19299E-2,2.11670E-2,1.99350E-2,1.84052E-2,1.76749E-2,1.41194E-2,1.15706E-2,8.82497E-3,5.77837E-3,3.34358E-3,1.52795E-3,2.02669E-4,-5.80287E-4,-1.85554E-3,-2.62031E-3,-3.08284E-3,-3.31186E-3,-3.12303E-3,-3.14183E-3,-3.44917E-3,-3.34712E-3,-3.07477E-3,-2.95525E-3,-3.08237E-3,-2.93777E-3,-3.69384E-3,-3.63146E-3,-3.15616E-3,-6.60599E-4,1.71600E-3,-2.89351E-3,-2.53850E-3,-1.86978E-3,-2.23936E-3,-2.47278E-3,-2.75164E-3,-2.18596E-3,-1.74004E-3,-1.74102E-3,-1.70353E-3,-2.05199E-3,-2.37988E-3,-1.99007E-3,-2.43486E-3,-2.64904E-3,-1.95134E-3
1.09426E+3,NaN,NaN,NaN,NaN,NaN,NaN,NaN,NaN,NaN,NaN,NaN,NaN,NaN,NaN,NaN,NaN,NaN,NaN,-2.53983E-4,2.17651E-4,6.89285E-4,9.57398E-4,9.16744E-4,8.76089E-4,5.85880E-4,8.32044E-5,-4.19472E-4,-5.81695E-4,-5.85898E-4,-5.90101E-4,-6.36025E-4,-6.90747E-4,-7.45469E-4,-3.37933E-4,8.45353E-5,3.37142E-4,-7.62952E-4,-1.86305E-3,-2.82057E-3,-3.36027E-3,-3.89998E-3,-3.54515E-3,-1.83317E-3,-1.21194E-4,3.46395E-3,8.64388E-3,1.38238E-2,-7.98514E-3,-5.89116E-2,-1.21385E-1,-1.55753E-1,-1.65588E-1,-1.54693E-1,-1.42188E-1,-1.37492E-1,-1.45097E-1,-1.70517E-1,-1.76239E-1,-1.33980E-1,-4.70923E-2,4.72260E-2,1.00632E-1,9.66073E-2,6.39256E-2,5.05965E-2,5.22444E-2,5.23508E-2,5.00693E-2,4.80825E-2,4.71918E-2,4.49016E-2,4.36604E-2,4.30342E-2,4.21837E-2,4.08675E-2,3.95971E-2,3.82060E-2,3.62321E-2,3.52525E-2,3.41989E-2,3.28496E-2,3.19343E-2,3.07290E-2,2.93641E-2,2.81021E-2,2.71237E-2,2.67180E-2,2.52750E-2,2.40990E-2,2.28633E-2,2.22960E-2,2.16128E-2,2.08187E-2,1.91351E-2,1.81479E-2,1.69259E-2,1.36300E-2,1.12904E-2,8.21239E-3,5.71870E-3,3.19437E-3,1.58836E-3,3.73496E-4,-6.12845E-4,-1.77161E-3,-2.50164E-3,-2.99862E-3,-3.02667E-3,-2.86849E-3,-3.15146E-3,-3.03824E-3,-2.92589E-3,-2.84487E-3,-3.03293E-3,-2.93935E-3,-2.95794E-3,-3.46135E-3,-3.45718E-3,-2.93279E-3,-3.51289E-4,2.10223E-3,-2.62770E-3,-2.36715E-3,-1.77684E-3,-2.00231E-3,-2.14345E-3,-2.53289E-3,-2.02200E-3,-1.71232E-3,-1.83057E-3,-1.69680E-3,-1.85379E-3,-2.12019E-3,-1.75306E-3,-2.27634E-3,-2.46828E-3,-1.71307E-3
1.09771E+3,NaN,NaN,NaN,NaN,NaN,NaN,NaN,NaN,NaN,NaN,NaN,NaN,NaN,NaN,NaN,NaN,NaN,NaN,-8.57888E-6,4.58414E-4,9.25407E-4,9.19421E-4,8.21983E-4,7.24546E-4,4.24137E-4,1.19762E-4,-1.59310E-4,-2.59121E-4,-3.58932E-4,-4.99672E-4,-7.53036E-4,-1.00640E-3,-9.41009E-4,-4.15792E-4,1.09424E-4,-1.07748E-4,-9.26799E-4,-1.74585E-3,-2.55620E-3,-3.36274E-3,-4.16928E-3,-4.33482E-3,-4.37642E-3,-4.41802E-3,5.92950E-3,1.64800E-2,2.30138E-2,-2.61623E-3,-5.69645E-2,-1.23647E-1,-1.52555E-1,-1.66660E-1,-1.54640E-1,-1.42010E-1,-1.36408E-1,-1.45036E-1,-1.72489E-1,-1.78825E-1,-1.34829E-1,-4.34316E-2,5.19852E-2,1.05445E-1,9.59570E-2,5.68950E-2,4.73080E-2,5.17700E-2,5.07395E-2,4.77312E-2,4.63093E-2,4.58837E-2,4.28595E-2,4.22151E-2,4.16300E-2,4.08058E-2,3.95797E-2,3.79811E-2,3.66954E-2,3.48154E-2,3.42877E-2,3.29219E-2,3.16050E-2,3.06164E-2,2.95660E-2,2.81768E-2,2.70431E-2,2.63513E-2,2.59787E-2,2.42654E-2,2.34179E-2,2.21139E-2,2.16586E-2,2.08267E-2,1.95131E-2,1.81422E-2,1.74535E-2,1.61209E-2,1.35231E-2,1.04543E-2,7.50396E-3,5.21645E-3,2.82672E-3,1.29799E-3,2.41323E-4,-7.67204E-4,-1.78753E-3,-2.48642E-3,-2.85114E-3,-2.80065E-3,-2.79966E-3,-3.12017E-3,-3.00880E-3,-2.86985E-3,-2.70877E-3,-2.99157E-3,-2.79572E-3,-2.96213E-3,-3.04891E-3,-3.16166E-3,-2.66582E-3,-2.38381E-4,1.93204E-3,-2.54679E-3,-2.40844E-3,-1.87966E-3,-1.91965E-3,-1.91991E-3,-2.26380E-3,-1.80635E-3,-1.47678E-3,-1.62025E-3,-1.60881E-3,-1.89294E-3,-2.11219E-3,-1.84698E-3,-2.25995E-3,-2.27039E-3,-1.55823E-3
1.10115E+3,NaN,NaN,NaN,NaN,NaN,NaN,NaN,NaN,NaN,NaN,NaN,NaN,NaN,NaN,NaN,NaN,NaN,-9.49279E-5,2.39045E-4,5.73018E-4,8.11140E-4,7.95239E-4,7.79337E-4,6.26267E-4,2.81278E-4,-6.37108E-5,-1.97461E-4,-1.65019E-4,-1.32576E-4,-4.01358E-4,-7.97687E-4,-1.19402E-3,-8.40378E-4,-3.49579E-4,1.41220E-4,-3.20008E-4,-7.92561E-4,-1.35912E-3,-2.54870E-3,-3.73829E-3,-4.85204E-3,-5.76485E-3,-6.67766E-3,-2.01238E-3,1.04574E-2,2.29272E-2,2.37304E-2,-2.53041E-3,-6.14089E-2,-1.15255E-1,-1.49563E-1,-1.63552E-1,-1.56066E-1,-1.43050E-1,-1.37197E-1,-1.49621E-1,-1.74178E-1,-1.77310E-1,-1.28221E-1,-3.74831E-2,5.38419E-2,9.94946E-2,8.60161E-2,5.61609E-2,4.72320E-2,4.92822E-2,4.81531E-2,4.58489E-2,4.52117E-2,4.33671E-2,4.16427E-2,4.10541E-2,4.02398E-2,3.95095E-2,3.80547E-2,3.65846E-2,3.50384E-2,3.36867E-2,3.26703E-2,3.15362E-2,3.03654E-2,2.95576E-2,2.83747E-2,2.69338E-2,2.59553E-2,2.56762E-2,2.46927E-2,2.34158E-2,2.23135E-2,2.14528E-2,2.07849E-2,1.97098E-2,1.86331E-2,1.74431E-2,1.61084E-2,1.54875E-2,1.33315E-2,9.92996E-3,7.16801E-3,4.34948E-3,2.16711E-3,1.10778E-3,2.43326E-5,-1.40646E-3,-1.73634E-3,-2.51737E-3,-2.73759E-3,-2.76969E-3,-3.13705E-3,-3.34946E-3,-3.00425E-3,-2.91981E-3,-2.71475E-3,-3.08869E-3,-2.79817E-3,-2.92111E-3,-2.93482E-3,-3.03725E-3,-2.69453E-3,-2.95327E-4,1.81671E-3,-2.45687E-3,-2.37067E-3,-2.12193E-3,-1.75434E-3,-1.48140E-3,-1.98841E-3,-1.80855E-3,-1.63287E-3,-1.78836E-3,-1.69543E-3,-1.90579E-3,-2.02364E-3,-1.82945E-3,-2.16237E-3,-2.08621E-3,-1.57515E-3
1.10459E+3,NaN,NaN,NaN,NaN,NaN,NaN,NaN,NaN,NaN,NaN,NaN,NaN,NaN,NaN,NaN,NaN,NaN,2.59561E-4,5.34594E-4,8.09627E-4,8.67120E-4,8.33713E-4,8.00307E-4,5.37238E-4,2.33052E-4,-7.11342E-5,-1.15790E-4,-1.58092E-4,-2.46897E-4,-6.36590E-4,-1.02628E-3,-1.20217E-3,-8.19241E-4,-4.36310E-4,-2.48137E-4,-3.29378E-4,-4.10620E-4,-1.28222E-3,-2.76869E-3,-4.25516E-3,-5.47760E-3,-6.58972E-3,-7.70183E-3,1.70681E-3,1.29990E-2,2.42913E-2,2.81027E-2,3.43178E-3,-6.36148E-2,-1.07121E-1,-1.49264E-1,-1.67491E-1,-1.57866E-1,-1.43082E-1,-1.36247E-1,-1.49041E-1,-1.80218E-1,-1.86655E-1,-1.30066E-1,-3.28891E-2,6.34663E-2,1.01721E-1,8.24043E-2,4.96502E-2,4.46372E-2,4.81431E-2,4.57179E-2,4.37449E-2,4.41066E-2,4.06333E-2,4.03060E-2,3.97107E-2,3.88562E-2,3.83427E-2,3.59942E-2,3.54372E-2,3.33067E-2,3.24451E-2,3.12350E-2,3.02788E-2,2.88877E-2,2.86362E-2,2.69373E-2,2.56501E-2,2.50905E-2,2.51136E-2,2.31068E-2,2.25443E-2,2.11406E-2,2.01792E-2,2.00192E-2,1.86326E-2,1.76888E-2,1.62912E-2,1.48494E-2,1.49027E-2,1.25370E-2,9.42162E-3,6.95886E-3,3.61374E-3,2.06696E-3,8.82906E-4,5.46221E-5,-1.52100E-3,-1.78328E-3,-2.52345E-3,-2.50834E-3,-2.87874E-3,-3.49261E-3,-3.19867E-3,-2.83153E-3,-2.71825E-3,-2.67036E-3,-2.93983E-3,-3.10570E-3,-3.05021E-3,-2.79206E-3,-2.72862E-3,-2.46739E-3,-2.79335E-4,1.63029E-3,-2.37109E-3,-2.26873E-3,-2.20908E-3,-1.77910E-3,-1.23250E-3,-1.73860E-3,-1.88310E-3,-1.72149E-3,-1.81963E-3,-1.56484E-3,-1.88542E-3,-2.14763E-3,-1.89845E-3,-2.18206E-3,-2.06640E-3,-1.38717E-3
1.10804E+3,NaN,NaN,NaN,NaN,NaN,NaN,NaN,NaN,NaN,NaN,NaN,NaN,NaN,NaN,NaN,NaN,NaN,3.90428E-4,6.44824E-4,8.58846E-4,8.07491E-4,7.56137E-4,6.62911E-4,4.59244E-4,2.55577E-4,1.04816E-4,2.77909E-5,-4.92345E-5,-2.89259E-4,-6.57030E-4,-1.02480E-3,-1.01309E-3,-8.41420E-4,-6.69752E-4,-3.48142E-4,6.91481E-7,3.49525E-4,-1.08458E-3,-2.53816E-3,-3.95773E-3,-5.15375E-3,-6.34978E-3,-5.01386E-3,3.00028E-3,1.10144E-2,2.09002E-2,2.49776E-2,-2.31735E-3,-5.25684E-2,-9.89231E-2,-1.43113E-1,-1.64108E-1,-1.57415E-1,-1.43899E-1,-1.37935E-1,-1.51287E-1,-1.78035E-1,-1.77424E-1,-1.20986E-1,-2.81461E-2,5.48811E-2,9.00689E-2,7.87755E-2,5.12679E-2,4.31122E-2,4.49895E-2,4.35188E-2,4.23310E-2,4.11046E-2,3.88471E-2,3.84414E-2,3.77848E-2,3.74109E-2,3.62674E-2,3.43519E-2,3.31610E-2,3.16048E-2,3.05323E-2,2.94795E-2,2.84522E-2,2.76992E-2,2.71100E-2,2.54216E-2,2.46431E-2,2.42420E-2,2.32553E-2,2.20691E-2,2.11414E-2,1.97914E-2,1.91480E-2,1.85534E-2,1.73715E-2,1.63569E-2,1.49026E-2,1.41684E-2,1.45131E-2,1.13479E-2,8.50282E-3,6.11291E-3,3.61381E-3,1.13094E-3,8.53515E-4,-3.49492E-4,-1.29247E-3,-1.77553E-3,-2.82253E-3,-2.40375E-3,-3.42039E-3,-3.76010E-3,-3.19646E-3,-3.30330E-3,-2.81089E-3,-2.67974E-3,-2.87934E-3,-3.52481E-3,-3.13833E-3,-2.66495E-3,-2.55730E-3,-2.45573E-3,-5.02446E-4,1.21299E-3,-2.49938E-3,-2.46265E-3,-2.50087E-3,-1.84494E-3,-1.07828E-3,-1.64890E-3,-2.03592E-3,-2.10000E-3,-2.22743E-3,-1.63161E-3,-2.00809E-3,-2.38082E-3,-1.98897E-3,-2.16814E-3,-2.01719E-3,-1.26265E-3
1.11148E+3,NaN,NaN,NaN,NaN,NaN,NaN,NaN,NaN,NaN,NaN,NaN,NaN,NaN,NaN,NaN,NaN,3.72843E-4,5.89307E-4,8.05772E-4,8.69681E-4,8.10920E-4,7.52160E-4,5.57656E-4,3.04184E-4,5.07119E-5,5.13227E-6,-8.51785E-7,-6.83584E-6,-3.79940E-4,-7.59444E-4,-1.07984E-3,-9.89246E-4,-8.98648E-4,-7.02983E-4,-2.21195E-4,2.60593E-4,2.52616E-5,-1.23591E-3,-2.49708E-3,-3.78525E-3,-5.09513E-3,-6.40501E-3,-3.78347E-3,5.45903E-4,4.87527E-3,1.88521E-2,2.74719E-2,-1.53293E-3,-4.15955E-2,-9.20739E-2,-1.45548E-1,-1.63412E-1,-1.57852E-1,-1.44225E-1,-1.36159E-1,-1.50163E-1,-1.81648E-1,-1.77584E-1,-1.17939E-1,-2.25023E-2,5.12618E-2,9.33648E-2,7.58196E-2,4.70249E-2,4.16805E-2,4.28212E-2,4.07405E-2,4.08036E-2,3.75334E-2,3.68273E-2,3.66054E-2,3.59289E-2,3.59366E-2,3.38245E-2,3.26875E-2,3.09457E-2,2.96422E-2,2.84604E-2,2.78932E-2,2.61087E-2,2.67624E-2,2.50617E-2,2.38811E-2,2.30581E-2,2.30792E-2,2.11394E-2,2.07032E-2,1.93500E-2,1.80103E-2,1.81030E-2,1.67741E-2,1.60787E-2,1.44942E-2,1.32953E-2,1.31302E-2,1.41294E-2,1.00881E-2,7.32930E-3,5.19266E-3,3.08780E-3,6.55528E-4,7.69727E-4,-1.33556E-3,-1.64443E-3,-1.87069E-3,-3.15925E-3,-2.43688E-3,-3.81543E-3,-4.06252E-3,-3.23957E-3,-3.29495E-3,-2.91463E-3,-2.97558E-3,-3.01236E-3,-3.87649E-3,-3.16641E-3,-2.84423E-3,-2.68820E-3,-2.66610E-3,-6.97733E-4,8.13136E-4,-2.59300E-3,-2.39576E-3,-2.82560E-3,-2.05914E-3,-9.89409E-4,-1.42931E-3,-2.22224E-3,-2.21411E-3,-2.38059E-3,-1.90128E-3,-2.25438E-3,-2.54721E-3,-2.24039E-3,-2.43735E-3,-2.21906E-3,-1.53390E-3
1.11493E+3,NaN,NaN,NaN,NaN,NaN,NaN,NaN,NaN,NaN,NaN,NaN,NaN,NaN,NaN,NaN,NaN,6.49591E-4,6.44161E-4,6.38730E-4,6.70492E-4,7.03322E-4,7.10411E-4,5.19315E-4,3.28218E-4,1.74569E-4,1.28724E-4,8.28795E-5,-9.53473E-5,-4.71598E-4,-8.47849E-4,-1.06290E-3,-1.14258E-3,-1.22225E-3,-8.09421E-4,-1.71549E-4,4.66323E-4,-1.08188E-4,-9.32363E-4,-1.75654E-3,-3.32852E-3,-4.92197E-3,-6.18151E-3,-4.87010E-3,-3.55868E-3,9.49787E-4,1.54459E-2,2.43334E-2,5.51245E-3,-3.20208E-2,-8.57973E-2,-1.41445E-1,-1.60076E-1,-1.57027E-1,-1.43738E-1,-1.35218E-1,-1.47274E-1,-1.75586E-1,-1.71339E-1,-1.12587E-1,-2.48833E-2,4.84672E-2,9.40823E-2,7.51051E-2,4.49655E-2,3.88201E-2,4.01418E-2,3.86512E-2,3.77679E-2,3.48547E-2,3.46358E-2,3.44344E-2,3.36817E-2,3.31532E-2,3.13754E-2,3.03365E-2,2.86732E-2,2.74201E-2,2.65262E-2,2.57946E-2,2.45255E-2,2.52090E-2,2.31346E-2,2.23431E-2,2.16824E-2,2.09678E-2,1.93367E-2,1.89117E-2,1.75286E-2,1.63801E-2,1.64259E-2,1.51493E-2,1.44614E-2,1.27716E-2,1.20966E-2,1.24756E-2,1.28858E-2,8.85878E-3,5.92865E-3,4.50976E-3,2.09425E-3,6.85272E-4,5.00361E-4,-2.15053E-3,-1.91436E-3,-2.14399E-3,-3.41177E-3,-2.77854E-3,-4.35367E-3,-4.44633E-3,-3.19823E-3,-3.41758E-3,-3.20035E-3,-3.08197E-3,-3.49936E-3,-4.38109E-3,-3.32717E-3,-3.34496E-3,-2.87277E-3,-3.02799E-3,-1.14786E-3,4.39924E-4,-2.61502E-3,-2.56028E-3,-3.13753E-3,-2.15647E-3,-1.18030E-3,-1.84658E-3,-2.68829E-3,-2.75455E-3,-2.91249E-3,-2.12307E-3,-2.39587E-3,-2.86327E-3,-2.52733E-3,-2.67636E-3,-2.33605E-3,-1.65790E-3
1.11838E+3,NaN,NaN,NaN,NaN,NaN,NaN,NaN,NaN,NaN,NaN,NaN,NaN,NaN,NaN,NaN,7.89722E-4,6.79085E-4,5.68448E-4,4.99734E-4,4.97846E-4,4.95958E-4,4.65338E-4,4.09072E-4,3.52806E-4,2.37879E-4,9.42195E-5,-4.94400E-5,-3.27333E-4,-6.35882E-4,-9.44432E-4,-1.00957E-3,-1.06376E-3,-1.06459E-3,-5.84108E-4,-1.03628E-4,1.71021E-4,-1.96759E-4,-5.64538E-4,-1.45295E-3,-3.17125E-3,-4.88954E-3,-6.06380E-3,-6.75244E-3,-7.44108E-3,-2.17282E-3,1.34972E-2,2.44539E-2,1.14864E-2,-2.35233E-2,-8.57865E-2,-1.35181E-1,-1.56677E-1,-1.56435E-1,-1.43932E-1,-1.32499E-1,-1.46186E-1,-1.72379E-1,-1.66155E-1,-1.07219E-1,-3.03294E-2,5.59589E-2,9.21087E-2,7.01413E-2,4.40935E-2,3.70683E-2,3.69962E-2,3.64383E-2,3.39685E-2,3.25342E-2,3.26380E-2,3.19692E-2,3.17044E-2,3.03459E-2,2.91327E-2,2.79393E-2,2.63434E-2,2.50659E-2,2.47401E-2,2.33171E-2,2.37483E-2,2.27573E-2,2.13649E-2,2.04946E-2,2.04557E-2,1.87992E-2,1.78763E-2,1.72266E-2,1.54021E-2,1.53600E-2,1.47546E-2,1.39359E-2,1.24953E-2,1.12067E-2,1.08824E-2,1.19439E-2,1.10704E-2,7.36794E-3,4.99517E-3,3.50418E-3,9.84082E-4,5.14797E-4,4.90126E-5,-2.61291E-3,-2.47310E-3,-2.71861E-3,-3.60252E-3,-3.24681E-3,-4.73147E-3,-4.80817E-3,-3.57887E-3,-3.68330E-3,-3.63828E-3,-3.47663E-3,-3.81706E-3,-4.61750E-3,-3.18342E-3,-3.55085E-3,-3.05047E-3,-3.28844E-3,-1.41850E-3,-2.64081E-4,-2.91336E-3,-2.77704E-3,-3.54837E-3,-2.75764E-3,-1.68718E-3,-1.99752E-3,-3.00096E-3,-3.27848E-3,-3.44276E-3,-2.52629E-3,-2.76237E-3,-3.38328E-3,-3.19387E-3,-3.22312E-3,-2.69627E-3,-1.89403E-3
1.12182E+3,NaN,NaN,NaN,NaN,NaN,NaN,NaN,NaN,NaN,NaN,NaN,NaN,NaN,NaN,NaN,6.19697E-4,4.98882E-4,3.78066E-4,4.15474E-4,4.93780E-4,5.72087E-4,4.83755E-4,3.84306E-4,2.78512E-4,1.00061E-4,-7.83896E-5,-2.57313E-4,-4.37883E-4,-6.18454E-4,-7.63502E-4,-8.47027E-4,-9.30552E-4,-9.05727E-4,-7.76335E-4,-6.46943E-4,-5.38585E-4,-4.41466E-4,-3.44347E-4,-1.68658E-3,-3.40088E-3,-5.11518E-3,-6.44165E-3,-7.74224E-3,-8.74439E-3,-5.32981E-3,1.00106E-2,2.83895E-2,1.68577E-2,-1.44405E-2,-8.34621E-2,-1.30328E-1,-1.55480E-1,-1.57774E-1,-1.43400E-1,-1.26800E-1,-1.38930E-1,-1.68658E-1,-1.64801E-1,-1.07565E-1,-3.27419E-2,6.94559E-2,9.74200E-2,6.87387E-2,3.92825E-2,3.23705E-2,3.52265E-2,3.32393E-2,3.04561E-2,2.99451E-2,3.05058E-2,2.92176E-2,2.88880E-2,2.73111E-2,2.63999E-2,2.50689E-2,2.34185E-2,2.25639E-2,2.26214E-2,2.07654E-2,2.22483E-2,2.01584E-2,1.92422E-2,1.83749E-2,1.86940E-2,1.62491E-2,1.61635E-2,1.52010E-2,1.32596E-2,1.40728E-2,1.25559E-2,1.22111E-2,1.04948E-2,9.46558E-3,9.59665E-3,1.07092E-2,9.14636E-3,6.01784E-3,4.02654E-3,2.02946E-3,-1.53755E-4,-9.36140E-4,-4.23095E-4,-3.37475E-3,-2.98698E-3,-3.36213E-3,-4.25400E-3,-4.00037E-3,-5.10588E-3,-5.10709E-3,-3.94115E-3,-4.04135E-3,-3.99782E-3,-3.78349E-3,-4.24930E-3,-5.07622E-3,-3.72216E-3,-4.07617E-3,-3.64424E-3,-3.74630E-3,-1.97067E-3,-6.21094E-4,-2.92741E-3,-2.90999E-3,-3.93837E-3,-3.44528E-3,-2.53042E-3,-2.61205E-3,-3.45475E-3,-3.90887E-3,-4.23399E-3,-3.13794E-3,-3.24118E-3,-3.97989E-3,-3.83845E-3,-3.74816E-3,-3.09860E-3,-2.39761E-3
1.12527E+3,NaN,NaN,NaN,NaN,NaN,NaN,NaN,NaN,NaN,NaN,NaN,NaN,NaN,NaN,6.77968E-4,5.45105E-4,4.12242E-4,2.96642E-4,2.50338E-4,2.04034E-4,2.32005E-4,4.02693E-4,5.73381E-4,5.22077E-4,2.35192E-4,-5.16931E-5,-2.77069E-4,-4.66012E-4,-6.54954E-4,-7.71443E-4,-8.66396E-4,-9.61349E-4,-9.39924E-4,-9.07510E-4,-8.64032E-4,-6.36061E-4,-4.08091E-4,-4.92412E-4,-1.83031E-3,-3.16820E-3,-4.61192E-3,-6.25898E-3,-7.90604E-3,-9.36353E-3,-6.15359E-3,1.01157E-2,2.38692E-2,1.80708E-2,-1.90414E-2,-7.69682E-2,-1.23841E-1,-1.52359E-1,-1.57332E-1,-1.42371E-1,-1.28395E-1,-1.39310E-1,-1.62022E-1,-1.55128E-1,-1.07967E-1,-1.88387E-2,6.80394E-2,9.03346E-2,6.62056E-2,3.75393E-2,3.03908E-2,3.25262E-2,3.02141E-2,2.82155E-2,2.84622E-2,2.82390E-2,2.70509E-2,2.62212E-2,2.51516E-2,2.43244E-2,2.30899E-2,2.16778E-2,2.13164E-2,2.03304E-2,1.98564E-2,1.98233E-2,1.85459E-2,1.74603E-2,1.71006E-2,1.64517E-2,1.52789E-2,1.47621E-2,1.31654E-2,1.27424E-2,1.28004E-2,1.16167E-2,1.04069E-2,8.96937E-3,8.34673E-3,9.01315E-3,8.93115E-3,7.79321E-3,5.29568E-3,3.22514E-3,8.27448E-4,-3.43645E-4,-2.05365E-3,-1.18908E-3,-3.43266E-3,-3.40063E-3,-4.08884E-3,-4.58197E-3,-4.49942E-3,-5.56319E-3,-5.34076E-3,-4.33057E-3,-4.34376E-3,-4.30133E-3,-4.08293E-3,-4.63577E-3,-5.02450E-3,-3.97782E-3,-4.48333E-3,-3.98181E-3,-4.12996E-3,-2.12256E-3,-8.86564E-4,-3.24904E-3,-3.38627E-3,-4.29523E-3,-3.93185E-3,-3.19242E-3,-3.06322E-3,-3.80102E-3,-4.27211E-3,-4.48814E-3,-3.33255E-3,-3.49061E-3,-4.37597E-3,-4.39770E-3,-4.09240E-3,-3.30673E-3,-2.62392E-3
1.12872E+3,NaN,NaN,NaN,NaN,NaN,NaN,NaN,NaN,NaN,NaN,NaN,NaN,NaN,NaN,6.19264E-4,4.75176E-4,3.31088E-4,2.48991E-4,2.08207E-4,1.67424E-4,2.69803E-4,4.21719E-4,5.73635E-4,3.11819E-4,-3.34190E-6,-3.13092E-4,-4.39357E-4,-5.65623E-4,-6.73630E-4,-6.93437E-4,-7.13244E-4,-7.98383E-4,-1.02602E-3,-1.25365E-3,-1.21250E-3,-8.52255E-4,-4.92010E-4,-8.02265E-4,-1.55938E-3,-2.31650E-3,-3.87971E-3,-5.72185E-3,-7.56399E-3,-9.78041E-3,-8.62827E-3,1.05827E-2,2.15560E-2,2.28476E-2,-1.77187E-2,-7.09139E-2,-1.20149E-1,-1.53001E-1,-1.59758E-1,-1.41271E-1,-1.25553E-1,-1.37587E-1,-1.61937E-1,-1.56233E-1,-1.12937E-1,-2.68749E-3,7.32684E-2,9.27582E-2,6.19293E-2,2.85821E-2,2.89004E-2,2.98014E-2,2.67911E-2,2.60990E-2,2.71555E-2,2.58705E-2,2.49331E-2,2.38915E-2,2.26987E-2,2.22216E-2,2.03225E-2,1.96687E-2,1.95595E-2,1.78821E-2,1.86658E-2,1.76551E-2,1.65872E-2,1.54411E-2,1.62382E-2,1.43559E-2,1.36039E-2,1.32770E-2,1.11013E-2,1.21028E-2,1.11785E-2,1.00179E-2,8.60923E-3,7.66174E-3,7.35044E-3,8.08946E-3,7.28503E-3,6.70834E-3,4.58584E-3,2.38264E-3,-2.57189E-4,-7.37167E-4,-2.16279E-3,-2.50110E-3,-3.74365E-3,-3.95880E-3,-4.74344E-3,-4.93648E-3,-4.99273E-3,-6.02405E-3,-5.66430E-3,-4.64918E-3,-4.51506E-3,-4.62787E-3,-4.38528E-3,-5.21705E-3,-5.19348E-3,-4.31430E-3,-4.85108E-3,-4.31330E-3,-4.40787E-3,-2.38780E-3,-1.24511E-3,-3.54139E-3,-3.59314E-3,-4.25383E-3,-4.17061E-3,-3.70650E-3,-3.46585E-3,-4.14932E-3,-4.81674E-3,-4.73126E-3,-3.67569E-3,-3.98946E-3,-4.95646E-3,-4.87625E-3,-4.40673E-3,-3.85722E-3,-3.40260E-3
1.13217E+3,NaN,NaN,NaN,NaN,NaN,NaN,NaN,NaN,NaN,NaN,NaN,NaN,NaN,NaN,4.31234E-4,4.16355E-4,4.01476E-4,3.35149E-4,2.68645E-4,2.29799E-4,3.61659E-4,4.93518E-4,4.96328E-4,1.71034E-4,-1.54260E-4,-3.85580E-4,-4.89836E-4,-5.94092E-4,-6.44183E-4,-6.53078E-4,-6.61973E-4,-8.84461E-4,-1.19383E-3,-1.50319E-3,-1.36484E-3,-1.14977E-3,-9.34707E-4,-1.09273E-3,-1.25204E-3,-1.65504E-3,-3.56207E-3,-5.46911E-3,-7.48494E-3,-9.81358E-3,-7.64773E-3,5.84210E-3,1.78031E-2,1.78805E-2,-1.43153E-2,-6.41339E-2,-1.14413E-1,-1.50239E-1,-1.59115E-1,-1.43110E-1,-1.29489E-1,-1.36536E-1,-1.55388E-1,-1.53726E-1,-1.00743E-1,8.43485E-4,7.03573E-2,9.09785E-2,5.76736E-2,2.52251E-2,2.58351E-2,2.76032E-2,2.46726E-2,2.48242E-2,2.51811E-2,2.37606E-2,2.27695E-2,2.16023E-2,2.07441E-2,2.00867E-2,1.84349E-2,1.82298E-2,1.77856E-2,1.64088E-2,1.68086E-2,1.60398E-2,1.48679E-2,1.43013E-2,1.43890E-2,1.28661E-2,1.24319E-2,1.15180E-2,1.02494E-2,1.10740E-2,1.00048E-2,8.47073E-3,7.23473E-3,6.67953E-3,6.63159E-3,6.96451E-3,6.34568E-3,5.70480E-3,3.96902E-3,1.83180E-3,-8.64765E-4,-1.09530E-3,-1.74421E-3,-3.71118E-3,-4.03062E-3,-4.23591E-3,-5.00493E-3,-5.07866E-3,-5.11973E-3,-6.11963E-3,-5.72808E-3,-4.96170E-3,-4.90710E-3,-4.98128E-3,-4.48700E-3,-5.42825E-3,-5.08076E-3,-4.55957E-3,-5.17838E-3,-4.66679E-3,-4.71289E-3,-2.60143E-3,-1.66856E-3,-3.97331E-3,-3.93071E-3,-4.39993E-3,-4.55744E-3,-4.38403E-3,-4.00096E-3,-4.43782E-3,-4.97423E-3,-4.88665E-3,-4.03825E-3,-4.32714E-3,-5.21326E-3,-5.05560E-3,-4.58161E-3,-4.00725E-3,-3.68248E-3
1.13562E+3,NaN,NaN,NaN,NaN,NaN,NaN,NaN,NaN,NaN,NaN,NaN,NaN,NaN,2.55144E-4,4.43792E-4,6.32440E-4,6.84010E-4,5.20269E-4,3.56527E-4,3.15331E-4,3.82002E-4,4.48673E-4,2.61609E-4,-4.77873E-5,-3.57183E-4,-5.29243E-4,-6.70657E-4,-8.12071E-4,-7.02599E-4,-5.82789E-4,-5.18045E-4,-9.31406E-4,-1.34477E-3,-1.65113E-3,-1.62979E-3,-1.60844E-3,-1.48786E-3,-1.21141E-3,-9.34960E-4,-1.82625E-3,-3.74542E-3,-5.66459E-3,-7.39188E-3,-1.04744E-2,-7.28091E-3,2.14959E-3,1.56498E-2,1.60253E-2,-1.15907E-2,-5.93469E-2,-1.11461E-1,-1.50478E-1,-1.58812E-1,-1.45530E-1,-1.32373E-1,-1.37445E-1,-1.55943E-1,-1.53720E-1,-8.57381E-2,2.48009E-3,7.43634E-2,8.65877E-2,4.70254E-2,2.34818E-2,2.47763E-2,2.46939E-2,2.30904E-2,2.34675E-2,2.30043E-2,2.16173E-2,2.05285E-2,1.95156E-2,1.92026E-2,1.76903E-2,1.68752E-2,1.66529E-2,1.53954E-2,1.50015E-2,1.51570E-2,1.42114E-2,1.28138E-2,1.31550E-2,1.23853E-2,1.12841E-2,1.10261E-2,9.64059E-3,9.67213E-3,9.87746E-3,8.55923E-3,7.02164E-3,5.94226E-3,5.51933E-3,5.91024E-3,5.67670E-3,5.17179E-3,4.78676E-3,3.38946E-3,7.49571E-4,-1.48044E-3,-1.68475E-3,-2.18799E-3,-4.07940E-3,-5.08815E-3,-4.54988E-3,-5.57744E-3,-5.61961E-3,-5.69301E-3,-6.52974E-3,-5.96089E-3,-5.24261E-3,-5.33860E-3,-5.61747E-3,-4.91413E-3,-5.90591E-3,-5.17986E-3,-4.91482E-3,-5.54963E-3,-5.15851E-3,-5.32396E-3,-3.06467E-3,-2.25068E-3,-4.70568E-3,-4.72952E-3,-4.92440E-3,-5.09980E-3,-4.89669E-3,-4.38565E-3,-4.95266E-3,-5.44198E-3,-5.35246E-3,-4.44912E-3,-4.68928E-3,-5.81361E-3,-5.67658E-3,-5.03467E-3,-4.57995E-3,-4.13278E-3
1.13907E+3,NaN,NaN,NaN,NaN,NaN,NaN,NaN,NaN,NaN,NaN,NaN,NaN,NaN,1.72581E-4,3.57489E-4,5.42397E-4,4.40988E-4,2.57593E-4,7.41977E-5,2.12233E-4,3.78125E-4,5.14764E-4,2.17130E-4,-8.05044E-5,-3.45854E-4,-4.86740E-4,-6.27626E-4,-6.55438E-4,-4.72162E-4,-2.88885E-4,-4.40875E-4,-9.39481E-4,-1.43809E-3,-1.75478E-3,-1.96670E-3,-2.17862E-3,-1.78614E-3,-1.22058E-3,-6.55028E-4,-2.20693E-3,-3.94234E-3,-5.66945E-3,-7.41633E-3,-1.09376E-2,-8.93663E-3,-1.03481E-3,1.27620E-2,1.92817E-2,-6.75752E-3,-5.38264E-2,-1.09717E-1,-1.54463E-1,-1.64013E-1,-1.52149E-1,-1.35125E-1,-1.37433E-1,-1.59342E-1,-1.56238E-1,-8.22177E-2,1.48701E-3,8.47020E-2,8.83482E-2,3.80889E-2,1.82348E-2,2.46482E-2,2.30937E-2,2.16176E-2,2.25576E-2,2.17011E-2,2.02341E-2,1.92818E-2,1.81242E-2,1.79952E-2,1.62919E-2,1.57182E-2,1.53691E-2,1.39183E-2,1.40849E-2,1.44276E-2,1.25063E-2,1.16619E-2,1.28090E-2,1.11898E-2,1.03893E-2,1.01246E-2,8.29620E-3,9.35742E-3,9.55949E-3,7.14295E-3,5.76278E-3,5.15202E-3,4.97403E-3,5.54947E-3,5.14514E-3,4.61991E-3,4.49445E-3,2.64702E-3,-1.37114E-4,-2.16943E-3,-2.20090E-3,-2.53708E-3,-3.93165E-3,-5.68987E-3,-4.63293E-3,-5.75333E-3,-5.74355E-3,-5.70221E-3,-6.69857E-3,-6.26234E-3,-5.48263E-3,-5.48099E-3,-5.66318E-3,-5.17049E-3,-5.98727E-3,-4.99630E-3,-4.97058E-3,-5.80474E-3,-5.34917E-3,-5.23589E-3,-2.80284E-3,-2.34952E-3,-5.02673E-3,-4.81643E-3,-4.77491E-3,-5.36684E-3,-5.21111E-3,-4.76416E-3,-5.32603E-3,-5.37490E-3,-5.08054E-3,-4.35599E-3,-4.69969E-3,-5.93041E-3,-5.68500E-3,-4.97516E-3,-4.69566E-3,-4.43071E-3
1.14252E+3,NaN,NaN,NaN,NaN,NaN,NaN,NaN,NaN,NaN,NaN,NaN,NaN,-2.38464E-4,7.52062E-5,3.88876E-4,6.18065E-4,4.09676E-4,2.01287E-4,1.04203E-4,2.61132E-4,4.18060E-4,3.76254E-4,8.91204E-5,-1.98013E-4,-3.77529E-4,-4.82381E-4,-5.87233E-4,-4.66992E-4,-2.64864E-4,-6.27361E-5,-3.91460E-4,-7.95251E-4,-1.20095E-3,-1.70533E-3,-2.20971E-3,-2.52039E-3,-1.82779E-3,-1.13519E-3,-1.05180E-3,-2.35870E-3,-3.66559E-3,-5.19819E-3,-7.90451E-3,-1.03067E-2,-9.05643E-3,-2.40230E-3,1.12597E-2,1.65737E-2,-5.05788E-3,-4.96563E-2,-1.05912E-1,-1.49736E-1,-1.64073E-1,-1.54828E-1,-1.39348E-1,-1.41518E-1,-1.57003E-1,-1.41968E-1,-8.13187E-2,7.08733E-3,7.82020E-2,7.51463E-2,3.62169E-2,1.93982E-2,2.20665E-2,2.17433E-2,2.08870E-2,2.10927E-2,1.99743E-2,1.87666E-2,1.77185E-2,1.70378E-2,1.61203E-2,1.49600E-2,1.46980E-2,1.39308E-2,1.31012E-2,1.34506E-2,1.29831E-2,1.15361E-2,1.14553E-2,1.12741E-2,1.00321E-2,9.53744E-3,8.72959E-3,8.20590E-3,8.89495E-3,7.95139E-3,5.98935E-3,4.89295E-3,4.28625E-3,4.55219E-3,4.94207E-3,4.48063E-3,4.26972E-3,3.72177E-3,1.84384E-3,-1.20227E-3,-2.35738E-3,-2.64353E-3,-3.04176E-3,-4.08949E-3,-5.21347E-3,-4.57434E-3,-5.75152E-3,-5.80533E-3,-5.73113E-3,-6.84370E-3,-6.19399E-3,-5.56110E-3,-5.77516E-3,-5.80557E-3,-5.27528E-3,-6.06123E-3,-4.92724E-3,-4.86744E-3,-6.14425E-3,-5.62885E-3,-5.30345E-3,-3.02564E-3,-2.75913E-3,-5.17120E-3,-4.99131E-3,-4.83574E-3,-5.45146E-3,-5.23605E-3,-4.75964E-3,-5.36015E-3,-5.22843E-3,-5.16909E-3,-4.49615E-3,-4.70123E-3,-5.89785E-3,-5.54475E-3,-4.93840E-3,-4.68975E-3,-4.44421E-3
1.14597E+3,NaN,NaN,NaN,NaN,NaN,NaN,NaN,NaN,NaN,NaN,NaN,NaN,-1.87607E-4,9.35187E-5,3.74644E-4,4.41838E-4,3.28506E-4,2.15175E-4,2.66512E-4,3.93502E-4,5.20491E-4,2.74954E-4,-4.79362E-5,-3.70826E-4,-4.57973E-4,-5.38057E-4,-5.82228E-4,-3.46656E-4,-1.11084E-4,-1.67229E-5,-3.31402E-4,-6.46082E-4,-1.07338E-3,-1.66995E-3,-2.26653E-3,-2.20067E-3,-1.57581E-3,-9.50943E-4,-1.30858E-3,-2.11759E-3,-2.92661E-3,-4.73012E-3,-8.31888E-3,-1.00177E-2,-9.52069E-3,-4.42622E-3,1.26800E-2,1.87892E-2,6.20211E-4,-4.31187E-2,-1.04012E-1,-1.49260E-1,-1.66916E-1,-1.55991E-1,-1.38868E-1,-1.42420E-1,-1.57003E-1,-1.40716E-1,-8.55473E-2,1.92956E-2,8.11267E-2,6.73778E-2,2.85235E-2,1.83290E-2,2.07774E-2,1.95151E-2,1.99776E-2,1.97588E-2,1.84219E-2,1.73905E-2,1.62872E-2,1.58247E-2,1.43199E-2,1.37242E-2,1.33289E-2,1.23770E-2,1.21208E-2,1.27554E-2,1.14661E-2,1.01270E-2,1.08726E-2,9.54803E-3,8.50886E-3,8.54192E-3,7.22839E-3,7.85429E-3,8.62049E-3,6.32722E-3,4.95185E-3,4.20368E-3,3.91374E-3,4.54287E-3,4.46468E-3,3.84732E-3,3.77119E-3,2.82782E-3,1.47881E-3,-1.02427E-3,-3.08497E-3,-3.15139E-3,-3.07914E-3,-4.61091E-3,-4.59676E-3,-4.64362E-3,-6.08948E-3,-6.13571E-3,-5.99908E-3,-6.87847E-3,-6.36018E-3,-5.70169E-3,-5.99623E-3,-5.93547E-3,-5.36440E-3,-6.17934E-3,-4.92514E-3,-4.94082E-3,-6.35145E-3,-6.03426E-3,-5.46969E-3,-3.07796E-3,-3.08515E-3,-5.54383E-3,-5.12286E-3,-4.77633E-3,-5.48383E-3,-5.28723E-3,-4.92827E-3,-5.47605E-3,-5.09747E-3,-4.80061E-3,-4.26674E-3,-4.65086E-3,-5.78134E-3,-5.36509E-3,-4.85397E-3,-4.80482E-3,-4.48306E-3
1.14942E+3,NaN,NaN,NaN,NaN,NaN,NaN,NaN,NaN,NaN,NaN,NaN,NaN,-1.80467E-4,7.17505E-5,3.23968E-4,3.42567E-4,3.40578E-4,3.37361E-4,3.15516E-4,2.93672E-4,2.34815E-4,3.21731E-5,-1.70468E-4,-3.04406E-4,-3.09384E-4,-3.14362E-4,-2.56255E-4,-1.32603E-4,-8.95129E-6,-8.35138E-5,-2.72851E-4,-4.62188E-4,-9.30472E-4,-1.47921E-3,-2.02794E-3,-1.74913E-3,-1.39739E-3,-1.07951E-3,-1.27519E-3,-1.47086E-3,-2.04885E-3,-4.54277E-3,-8.27844E-3,-9.90664E-3,-9.35096E-3,-3.88542E-3,1.18109E-2,1.89973E-2,4.08529E-3,-3.83261E-2,-1.00164E-1,-1.48253E-1,-1.68516E-1,-1.57657E-1,-1.41795E-1,-1.42681E-1,-1.53328E-1,-1.42573E-1,-8.28812E-2,2.28493E-2,7.69576E-2,6.33289E-2,2.55049E-2,1.59139E-2,1.90399E-2,1.82120E-2,1.88033E-2,1.84943E-2,1.70322E-2,1.59130E-2,1.49402E-2,1.40388E-2,1.28821E-2,1.25574E-2,1.21074E-2,1.14343E-2,1.13243E-2,1.18712E-2,1.03925E-2,9.45259E-3,9.78573E-3,8.37606E-3,7.78923E-3,7.52230E-3,6.54085E-3,7.68715E-3,7.63361E-3,5.11114E-3,4.07933E-3,3.49093E-3,3.45973E-3,4.06678E-3,3.82802E-3,3.40309E-3,3.47669E-3,2.38290E-3,1.21412E-3,-8.25593E-4,-3.21538E-3,-3.32307E-3,-3.36046E-3,-5.00579E-3,-4.19189E-3,-4.63162E-3,-6.12433E-3,-6.05838E-3,-6.02852E-3,-7.07610E-3,-6.47540E-3,-5.81100E-3,-6.15311E-3,-5.66810E-3,-5.38093E-3,-5.96360E-3,-4.89875E-3,-4.71764E-3,-6.29473E-3,-6.00880E-3,-5.49241E-3,-3.08007E-3,-3.19908E-3,-5.63179E-3,-5.19719E-3,-4.81711E-3,-5.39320E-3,-5.07618E-3,-4.94620E-3,-5.57570E-3,-4.88593E-3,-4.74741E-3,-4.45246E-3,-4.63091E-3,-5.69354E-3,-5.26608E-3,-4.90693E-3,-4.93371E-3,-4.57064E-3
1.15287E+3,NaN,NaN,NaN,NaN,NaN,NaN,NaN,NaN,NaN,NaN,NaN,-5.44551E-4,-2.53487E-4,3.75778E-5,2.52564E-4,2.82970E-4,3.13377E-4,3.15857E-4,2.82024E-4,2.48191E-4,1.60218E-4,3.26490E-5,-9.49202E-5,-1.37091E-4,-1.46124E-4,-1.55157E-4,-8.89699E-5,-1.08719E-5,6.63376E-5,1.41678E-7,-6.60543E-5,-2.00095E-4,-7.21580E-4,-1.24307E-3,-1.61834E-3,-1.63886E-3,-1.65939E-3,-1.53230E-3,-1.21327E-3,-8.94243E-4,-1.63336E-3,-4.73216E-3,-8.10975E-3,-9.67255E-3,-9.93008E-3,-2.50571E-3,1.17468E-2,1.97097E-2,7.49012E-3,-3.62001E-2,-9.64253E-2,-1.47522E-1,-1.66883E-1,-1.57686E-1,-1.44655E-1,-1.45333E-1,-1.56650E-1,-1.46485E-1,-7.16484E-2,2.34030E-2,7.02619E-2,5.49059E-2,2.40302E-2,1.52772E-2,1.70854E-2,1.76374E-2,1.77346E-2,1.70200E-2,1.57639E-2,1.47814E-2,1.39305E-2,1.26996E-2,1.20483E-2,1.17530E-2,1.10154E-2,1.05187E-2,1.09855E-2,1.07042E-2,9.28974E-3,9.11599E-3,8.51228E-3,7.34435E-3,7.14414E-3,6.32460E-3,6.34548E-3,7.52042E-3,6.29322E-3,4.39205E-3,3.36564E-3,2.99969E-3,3.50370E-3,3.67535E-3,3.33992E-3,3.45679E-3,2.65812E-3,2.17848E-3,8.10230E-4,-9.13442E-4,-3.03358E-3,-3.80953E-3,-3.58987E-3,-5.16923E-3,-4.22051E-3,-4.85382E-3,-6.03163E-3,-6.24642E-3,-6.10463E-3,-6.82864E-3,-6.16826E-3,-5.91193E-3,-6.37402E-3,-5.58159E-3,-5.41037E-3,-5.66094E-3,-4.90823E-3,-4.90817E-3,-6.37117E-3,-6.08155E-3,-5.46366E-3,-3.18317E-3,-3.38574E-3,-5.58640E-3,-5.15744E-3,-4.65275E-3,-5.18345E-3,-4.98553E-3,-4.96441E-3,-5.53537E-3,-4.65691E-3,-4.61930E-3,-4.45797E-3,-4.69250E-3,-5.59166E-3,-5.10155E-3,-4.91234E-3,-4.88807E-3,-4.58402E-3
1.15633E+3,NaN,NaN,NaN,NaN,NaN,NaN,NaN,NaN,NaN,NaN,NaN,-2.47347E-4,-3.15462E-5,1.84255E-4,2.72398E-4,2.95065E-4,3.17733E-4,2.68066E-4,2.00748E-4,1.33430E-4,-4.61703E-5,-2.32093E-4,-3.91557E-4,-2.82035E-4,-1.72513E-4,-6.99006E-5,9.89185E-6,8.96843E-5,1.14526E-4,4.78892E-5,-1.87481E-5,-2.50492E-4,-6.35790E-4,-1.02109E-3,-1.33233E-3,-1.60560E-3,-1.87886E-3,-1.41557E-3,-7.72543E-4,-1.29515E-4,-1.07325E-3,-4.92640E-3,-8.02995E-3,-9.64246E-3,-1.07744E-2,-3.45104E-3,1.15681E-2,2.27289E-2,1.56037E-2,-3.05046E-2,-9.37107E-2,-1.51837E-1,-1.67759E-1,-1.57723E-1,-1.44027E-1,-1.44711E-1,-1.65179E-1,-1.56574E-1,-6.45978E-2,2.93892E-2,7.63723E-2,4.95141E-2,1.71891E-2,1.30518E-2,1.72150E-2,1.64184E-2,1.73286E-2,1.59351E-2,1.47959E-2,1.37698E-2,1.28527E-2,1.14342E-2,1.13246E-2,1.08318E-2,1.00538E-2,9.71769E-3,1.07601E-2,1.00106E-2,8.14845E-3,8.96487E-3,7.25448E-3,6.71785E-3,6.82330E-3,5.34519E-3,6.56472E-3,7.34268E-3,4.70909E-3,3.65904E-3,2.94857E-3,2.76025E-3,3.47923E-3,3.38236E-3,2.95351E-3,3.47517E-3,1.94518E-3,2.09427E-3,4.42092E-4,-1.70173E-3,-3.06085E-3,-3.97191E-3,-4.01276E-3,-5.33035E-3,-4.30410E-3,-5.07782E-3,-6.02921E-3,-6.18392E-3,-6.16458E-3,-6.80666E-3,-6.39717E-3,-6.02524E-3,-6.33176E-3,-5.36072E-3,-5.31682E-3,-5.31958E-3,-4.91025E-3,-4.85424E-3,-6.41626E-3,-6.22689E-3,-5.26110E-3,-2.99697E-3,-3.43543E-3,-5.46039E-3,-5.08289E-3,-4.68245E-3,-5.10113E-3,-4.86853E-3,-4.90132E-3,-5.34677E-3,-4.42170E-3,-4.49291E-3,-4.26394E-3,-4.53259E-3,-5.51514E-3,-4.95399E-3,-4.84526E-3,-4.92982E-3,-4.58997E-3
1.15978E+3,NaN,NaN,NaN,NaN,NaN,NaN,NaN,NaN,NaN,NaN,NaN,-2.39617E-4,-6.25759E-5,1.11142E-4,1.62290E-4,2.13438E-4,2.39891E-4,1.45133E-4,5.03742E-5,-4.28924E-6,2.94178E-5,6.31248E-5,6.16994E-5,1.81865E-5,-2.53265E-5,-3.25144E-5,-1.52651E-5,1.98415E-6,5.73007E-5,1.25945E-4,1.94589E-4,-6.70048E-5,-3.72129E-4,-6.79296E-4,-1.06183E-3,-1.44437E-3,-1.64748E-3,-9.69926E-4,-2.92374E-4,-1.31140E-5,-1.30855E-3,-4.34874E-3,-7.30995E-3,-9.24584E-3,-9.52003E-3,-2.60630E-3,1.09364E-2,2.28002E-2,1.58993E-2,-2.62618E-2,-8.96057E-2,-1.45117E-1,-1.62890E-1,-1.56573E-1,-1.45415E-1,-1.49070E-1,-1.65818E-1,-1.44843E-1,-6.15711E-2,2.59576E-2,6.72517E-2,4.48382E-2,1.61848E-2,1.17985E-2,1.59238E-2,1.56745E-2,1.58259E-2,1.43910E-2,1.34667E-2,1.23701E-2,1.12286E-2,1.04058E-2,1.02691E-2,9.74203E-3,9.26789E-3,9.41571E-3,9.68301E-3,8.56686E-3,7.61035E-3,7.63198E-3,6.29002E-3,5.92804E-3,5.53986E-3,5.06008E-3,6.34649E-3,5.95780E-3,3.74100E-3,2.86235E-3,2.30197E-3,2.51634E-3,2.78300E-3,2.68150E-3,2.56265E-3,2.48423E-3,1.58851E-3,2.04978E-3,-3.53898E-4,-2.44761E-3,-3.26942E-3,-4.10281E-3,-4.51941E-3,-5.59216E-3,-4.62369E-3,-5.28632E-3,-6.15412E-3,-6.16334E-3,-6.32131E-3,-6.84917E-3,-6.51835E-3,-6.30196E-3,-6.38901E-3,-5.43831E-3,-5.58696E-3,-5.40921E-3,-5.00659E-3,-4.94774E-3,-6.39821E-3,-6.21749E-3,-5.27282E-3,-3.01759E-3,-3.50782E-3,-5.46153E-3,-5.26843E-3,-4.87011E-3,-5.03780E-3,-4.90366E-3,-5.09695E-3,-5.43080E-3,-4.40084E-3,-4.58741E-3,-4.57645E-3,-4.75285E-3,-5.52222E-3,-5.03754E-3,-4.96782E-3,-4.98979E-3,-4.71769E-3
1.16323E+3,NaN,NaN,NaN,NaN,NaN,NaN,NaN,NaN,NaN,NaN,-3.86221E-4,-1.37885E-4,1.10452E-4,2.36791E-4,1.70831E-4,1.04870E-4,6.88273E-5,5.92070E-5,4.95867E-5,1.83628E-5,-2.33165E-5,-6.49957E-5,-9.47082E-6,6.78663E-5,1.45203E-4,9.47047E-5,3.88221E-5,-6.68318E-6,3.87328E-5,8.41489E-5,7.96047E-5,-7.86487E-5,-2.36902E-4,-4.71323E-4,-8.25805E-4,-1.18029E-3,-1.08783E-3,-6.00636E-4,-1.13445E-4,7.34395E-5,-1.32067E-3,-4.21950E-3,-6.43789E-3,-9.10303E-3,-9.33477E-3,-3.07820E-3,1.03017E-2,2.56026E-2,1.93547E-2,-2.16643E-2,-8.96108E-2,-1.41279E-1,-1.59918E-1,-1.56003E-1,-1.46200E-1,-1.55368E-1,-1.70966E-1,-1.39919E-1,-5.90438E-2,3.00644E-2,6.09477E-2,3.71901E-2,1.37896E-2,1.22691E-2,1.45570E-2,1.48844E-2,1.39850E-2,1.29042E-2,1.19131E-2,1.10074E-2,9.80540E-3,9.34412E-3,8.93765E-3,8.49781E-3,8.32295E-3,8.57726E-3,8.31189E-3,7.06932E-3,6.96277E-3,6.25561E-3,5.27123E-3,5.11205E-3,4.37061E-3,4.88020E-3,5.64010E-3,4.13122E-3,2.87284E-3,2.02548E-3,1.64650E-3,1.99356E-3,2.18225E-3,1.84124E-3,2.08072E-3,1.46465E-3,1.09452E-3,1.57528E-3,-1.02022E-3,-2.64842E-3,-3.45705E-3,-4.27423E-3,-5.32306E-3,-5.81873E-3,-4.98439E-3,-5.75063E-3,-6.48410E-3,-6.45302E-3,-6.49763E-3,-7.00923E-3,-6.72327E-3,-6.54360E-3,-6.23790E-3,-5.42503E-3,-5.64881E-3,-5.60174E-3,-5.36198E-3,-5.10025E-3,-6.54591E-3,-6.42053E-3,-5.40768E-3,-3.43814E-3,-4.00045E-3,-5.66018E-3,-5.42057E-3,-5.11460E-3,-5.18216E-3,-5.10743E-3,-5.46929E-3,-5.61314E-3,-4.58800E-3,-4.84229E-3,-4.72887E-3,-4.81615E-3,-5.48966E-3,-5.10028E-3,-5.12938E-3,-5.21716E-3,-4.99346E-3
1.16669E+3,NaN,NaN,NaN,NaN,NaN,NaN,NaN,NaN,NaN,NaN,-2.87269E-4,-9.17056E-5,1.03858E-4,1.49455E-4,1.44078E-4,1.38702E-4,9.49064E-5,4.63229E-5,-1.89070E-6,-3.89274E-5,-7.59642E-5,-9.37729E-5,-2.08689E-5,5.20352E-5,1.03708E-4,1.09795E-4,1.15882E-4,1.34165E-4,1.66732E-4,1.99298E-4,1.91026E-4,1.55919E-4,1.20812E-4,-1.10607E-4,-4.08754E-4,-7.06900E-4,-6.67857E-4,-5.86789E-4,-4.93145E-4,-6.37994E-5,-1.01954E-3,-3.39292E-3,-5.72558E-3,-9.08574E-3,-9.90607E-3,-4.70606E-3,8.58373E-3,2.78988E-2,2.61204E-2,-1.43880E-2,-8.95193E-2,-1.40666E-1,-1.59913E-1,-1.56983E-1,-1.45993E-1,-1.57169E-1,-1.73338E-1,-1.43302E-1,-5.67306E-2,4.11683E-2,6.40214E-2,3.16332E-2,8.96264E-3,1.19124E-2,1.42640E-2,1.35494E-2,1.27493E-2,1.16101E-2,1.07884E-2,9.88254E-3,8.86858E-3,8.90947E-3,7.96426E-3,7.89166E-3,7.80609E-3,7.91390E-3,7.29745E-3,6.02325E-3,6.39613E-3,5.18943E-3,4.44198E-3,4.23826E-3,3.32145E-3,4.78056E-3,5.04693E-3,2.87404E-3,2.15108E-3,1.43820E-3,1.58293E-3,1.73258E-3,1.66569E-3,1.36394E-3,1.87574E-3,5.50204E-4,1.03401E-3,1.49994E-3,-1.60180E-3,-2.78210E-3,-3.67738E-3,-4.51914E-3,-5.31476E-3,-6.02406E-3,-5.33075E-3,-5.94206E-3,-6.41175E-3,-6.49367E-3,-6.64587E-3,-6.95995E-3,-6.71535E-3,-6.71124E-3,-6.26753E-3,-5.58698E-3,-5.73897E-3,-5.56679E-3,-5.42394E-3,-5.02978E-3,-6.33735E-3,-6.11844E-3,-5.44532E-3,-3.64853E-3,-4.16770E-3,-5.87969E-3,-5.70624E-3,-5.36674E-3,-5.19139E-3,-5.05405E-3,-5.47097E-3,-5.56874E-3,-4.73579E-3,-4.92312E-3,-4.76285E-3,-4.95777E-3,-5.52820E-3,-5.12918E-3,-5.11366E-3,-5.15437E-3,-5.01336E-3
1.17014E+3,NaN,NaN,NaN,NaN,NaN,NaN,NaN,NaN,NaN,NaN,-2.12007E-4,-1.65740E-4,-1.16232E-4,-3.78522E-5,4.05272E-5,7.73237E-5,-1.48622E-5,-1.07048E-4,-1.17058E-4,3.28834E-6,1.23635E-4,1.66166E-4,1.39555E-4,1.12944E-4,1.17301E-4,1.36748E-4,1.56195E-4,1.24119E-4,8.03639E-5,3.66093E-5,1.84973E-4,3.41743E-4,4.49903E-4,1.25093E-4,-1.99716E-4,-4.80740E-4,-6.25949E-4,-7.71158E-4,-6.05386E-4,-2.20306E-4,-8.68009E-4,-2.71799E-3,-5.37423E-3,-8.50608E-3,-9.68216E-3,-5.21545E-3,8.44660E-3,2.63413E-2,2.56097E-2,-1.58426E-2,-8.29550E-2,-1.33280E-1,-1.56442E-1,-1.56525E-1,-1.50638E-1,-1.59055E-1,-1.67388E-1,-1.36738E-1,-4.98976E-2,3.49906E-2,5.42758E-2,2.92457E-2,1.08760E-2,1.09818E-2,1.32637E-2,1.23045E-2,1.15958E-2,1.05897E-2,9.65982E-3,8.77343E-3,8.16310E-3,7.86939E-3,7.28131E-3,7.26987E-3,7.22164E-3,6.92633E-3,6.14329E-3,5.59591E-3,5.36705E-3,4.48878E-3,4.07962E-3,3.64667E-3,3.62715E-3,4.32912E-3,3.59357E-3,2.15193E-3,1.50240E-3,1.17583E-3,1.28253E-3,1.33161E-3,1.04016E-3,1.00825E-3,1.09940E-3,4.59609E-4,7.49849E-4,7.50278E-4,-1.86914E-3,-2.78394E-3,-3.92165E-3,-4.77512E-3,-5.34727E-3,-5.93576E-3,-5.54089E-3,-6.10758E-3,-6.50095E-3,-6.44096E-3,-6.59472E-3,-6.90441E-3,-6.65793E-3,-6.70049E-3,-6.09075E-3,-5.62263E-3,-5.77008E-3,-5.67113E-3,-5.51274E-3,-5.11734E-3,-6.22444E-3,-6.12117E-3,-5.51166E-3,-3.69194E-3,-4.13697E-3,-5.76276E-3,-5.70840E-3,-5.50772E-3,-5.26148E-3,-5.13464E-3,-5.45513E-3,-5.44415E-3,-4.88367E-3,-5.07703E-3,-5.05093E-3,-5.34666E-3,-5.73492E-3,-5.23189E-3,-5.23126E-3,-5.33507E-3,-5.14465E-3
1.17360E+3,NaN,NaN,NaN,NaN,NaN,NaN,NaN,NaN,NaN,NaN,-1.50377E-4,-1.56392E-4,-1.17636E-4,-2.46108E-5,6.84146E-5,6.96449E-5,8.36916E-6,-5.29066E-5,-8.24571E-6,7.40697E-5,1.56385E-4,9.94753E-5,2.36919E-5,-4.86727E-5,2.11450E-5,9.09628E-5,1.41602E-4,9.61216E-5,5.06409E-5,6.90803E-5,2.30331E-4,3.91581E-4,4.08539E-4,2.50595E-4,9.26507E-5,-2.44424E-4,-7.03473E-4,-1.16252E-3,-8.69660E-4,-1.92467E-4,-4.13980E-4,-1.94988E-3,-4.54266E-3,-8.23410E-3,-1.01615E-2,-6.94122E-3,7.32065E-3,2.85189E-2,3.08407E-2,-1.33302E-2,-7.74502E-2,-1.27693E-1,-1.54151E-1,-1.53074E-1,-1.48969E-1,-1.56617E-1,-1.70746E-1,-1.35050E-1,-3.96832E-2,3.81906E-2,4.90647E-2,2.47677E-2,9.44975E-3,1.07052E-2,1.14540E-2,1.06630E-2,9.99171E-3,9.06371E-3,8.34739E-3,7.40554E-3,7.23000E-3,6.53926E-3,6.35334E-3,6.41979E-3,6.21396E-3,5.58628E-3,4.54736E-3,4.73642E-3,4.12383E-3,3.56469E-3,3.22756E-3,2.69540E-3,3.09237E-3,3.30385E-3,2.09752E-3,1.38624E-3,8.58066E-4,6.82807E-4,6.04425E-4,5.85554E-4,1.76376E-4,5.04941E-4,2.17133E-5,-9.68821E-5,3.33408E-4,-8.15632E-5,-2.40616E-3,-3.52732E-3,-4.47041E-3,-5.27827E-3,-5.67395E-3,-6.06338E-3,-5.93234E-3,-6.55860E-3,-6.66595E-3,-6.50880E-3,-6.86893E-3,-7.20036E-3,-6.87301E-3,-6.97939E-3,-6.19227E-3,-5.80525E-3,-5.83452E-3,-5.70895E-3,-5.64281E-3,-5.18884E-3,-6.12098E-3,-6.06113E-3,-5.73300E-3,-4.10037E-3,-4.40650E-3,-5.91676E-3,-5.93701E-3,-5.70669E-3,-5.33220E-3,-5.40234E-3,-5.68599E-3,-5.37193E-3,-5.04185E-3,-5.34527E-3,-5.28339E-3,-5.40377E-3,-5.61781E-3,-5.41240E-3,-5.57611E-3,-5.53830E-3,-5.29237E-3
1.17705E+3,NaN,NaN,NaN,NaN,NaN,NaN,NaN,NaN,NaN,NaN,-1.35885E-4,-8.18694E-5,-8.73294E-5,-1.07685E-4,-1.28042E-4,-1.18280E-4,-1.06682E-4,-8.57079E-5,3.56624E-5,1.57033E-4,2.21360E-4,9.28470E-5,-3.56656E-5,-5.10151E-5,1.25380E-4,3.01776E-4,3.06857E-4,1.49952E-4,-6.95286E-6,6.18906E-5,2.48667E-4,4.35444E-4,4.49885E-4,4.21164E-4,3.92442E-4,-3.24270E-4,-1.08290E-3,-1.72356E-3,-1.06953E-3,-1.54055E-4,-1.56120E-4,-1.33572E-3,-3.83492E-3,-7.95915E-3,-1.04939E-2,-8.32705E-3,5.36416E-3,2.95265E-2,3.56030E-2,-8.21251E-3,-7.23008E-2,-1.24441E-1,-1.54523E-1,-1.51378E-1,-1.46424E-1,-1.52720E-1,-1.73713E-1,-1.34124E-1,-3.14270E-2,4.48107E-2,4.93036E-2,2.19735E-2,5.75897E-3,1.01247E-2,1.02045E-2,9.44251E-3,8.69034E-3,7.88091E-3,7.50487E-3,6.60688E-3,6.58163E-3,5.56385E-3,5.70881E-3,5.79286E-3,5.21159E-3,4.37560E-3,3.82930E-3,4.20750E-3,3.33170E-3,2.68771E-3,2.79042E-3,2.29637E-3,2.57016E-3,2.26747E-3,1.00429E-3,8.87947E-4,3.93206E-4,2.66008E-4,2.22335E-4,-8.44389E-5,-1.65969E-4,1.41721E-4,-6.25914E-4,-3.89390E-4,-1.36709E-4,-7.00948E-4,-2.72878E-3,-3.96626E-3,-4.79404E-3,-5.37518E-3,-5.71191E-3,-5.96420E-3,-6.38485E-3,-6.57237E-3,-6.67975E-3,-6.69357E-3,-6.79462E-3,-6.99666E-3,-6.85309E-3,-6.91244E-3,-6.22820E-3,-5.89648E-3,-5.80983E-3,-5.83760E-3,-5.83537E-3,-5.21664E-3,-6.08235E-3,-6.19527E-3,-6.00587E-3,-4.33322E-3,-4.45235E-3,-5.89852E-3,-6.08804E-3,-5.91894E-3,-5.50640E-3,-5.55768E-3,-5.73282E-3,-5.48650E-3,-5.41984E-3,-5.50432E-3,-5.47323E-3,-5.57571E-3,-5.58860E-3,-5.35831E-3,-5.50464E-3,-5.54567E-3,-5.29163E-3
1.18051E+3,NaN,NaN,NaN,NaN,NaN,NaN,NaN,NaN,NaN,NaN,-1.96508E-4,-2.13776E-4,-1.99495E-4,-1.85215E-4,-1.63159E-4,-1.21771E-4,-8.03829E-5,2.98075E-5,2.31322E-4,4.32837E-4,3.71997E-4,1.15277E-4,-1.41444E-4,-8.70584E-5,9.10980E-5,2.69254E-4,2.11109E-4,1.13935E-4,1.70207E-5,1.55391E-4,2.93762E-4,4.21956E-4,4.89639E-4,5.57323E-4,3.74620E-4,-4.30675E-4,-1.23597E-3,-1.60257E-3,-1.16340E-3,-4.07801E-4,-1.38154E-4,-1.00536E-3,-3.72455E-3,-7.67302E-3,-1.03912E-2,-8.50970E-3,5.36669E-3,2.77790E-2,3.01093E-2,-8.17169E-3,-6.73104E-2,-1.21221E-1,-1.49863E-1,-1.50348E-1,-1.46200E-1,-1.57432E-1,-1.67656E-1,-1.19772E-1,-2.63253E-2,3.88779E-2,4.37021E-2,2.02058E-2,6.72030E-3,8.49777E-3,9.22557E-3,8.25511E-3,7.58243E-3,6.98378E-3,6.53198E-3,6.22027E-3,5.75636E-3,5.04744E-3,5.24547E-3,4.98539E-3,4.17436E-3,3.46179E-3,3.38657E-3,3.23854E-3,2.58347E-3,2.15701E-3,2.05127E-3,1.98698E-3,1.85758E-3,1.28225E-3,7.43264E-4,3.50168E-4,1.32679E-4,8.45495E-5,-1.68592E-4,-5.14938E-4,-4.57986E-4,-5.47372E-4,-9.68551E-4,-6.88785E-4,-7.08035E-4,-1.41628E-3,-3.12304E-3,-4.28944E-3,-5.03969E-3,-5.59019E-3,-5.90528E-3,-6.14339E-3,-6.43831E-3,-6.67054E-3,-6.63890E-3,-6.74995E-3,-6.73035E-3,-6.75239E-3,-6.64762E-3,-6.78315E-3,-6.15980E-3,-5.90815E-3,-5.71917E-3,-5.69713E-3,-5.74109E-3,-5.12338E-3,-5.93137E-3,-6.05039E-3,-6.01352E-3,-4.50576E-3,-4.58307E-3,-5.91706E-3,-6.13789E-3,-6.02509E-3,-5.61267E-3,-5.59852E-3,-5.63056E-3,-5.40373E-3,-5.50116E-3,-5.41878E-3,-5.49494E-3,-5.66190E-3,-5.58093E-3,-5.38814E-3,-5.56270E-3,-5.60630E-3,-5.29440E-3
1.18397E+3,NaN,NaN,NaN,NaN,NaN,NaN,NaN,NaN,NaN,NaN,-4.44485E-5,-8.84797E-5,-1.49443E-4,-2.10407E-4,-2.16868E-4,-1.91003E-4,-1.65138E-4,-1.57770E-5,1.70356E-4,3.56489E-4,1.74784E-4,-4.17877E-5,-2.35346E-4,-4.29793E-5,1.49387E-4,2.64683E-4,7.00240E-5,-1.24635E-4,-1.61288E-4,1.06073E-4,3.73435E-4,4.93877E-4,4.58218E-4,4.22559E-4,2.30217E-5,-5.92333E-4,-1.20769E-3,-1.51773E-3,-1.16222E-3,-2.37141E-4,3.18474E-4,-1.04554E-4,-3.31240E-3,-7.13644E-3,-1.04905E-2,-9.69498E-3,4.00539E-3,2.82669E-2,3.18030E-2,-4.90930E-3,-6.29829E-2,-1.21488E-1,-1.45662E-1,-1.47536E-1,-1.42324E-1,-1.59961E-1,-1.67241E-1,-1.10616E-1,-1.46856E-2,4.21239E-2,4.11488E-2,1.52137E-2,5.56281E-3,8.05138E-3,7.56111E-3,7.16234E-3,6.44422E-3,6.20708E-3,5.66671E-3,5.55733E-3,4.52686E-3,4.57723E-3,4.56026E-3,4.18051E-3,3.03540E-3,2.72476E-3,2.91875E-3,2.44065E-3,1.94634E-3,1.70413E-3,1.74865E-3,1.46683E-3,1.09479E-3,5.84685E-4,1.99804E-4,-1.52259E-4,-2.83202E-4,-5.48553E-4,-7.25853E-4,-1.17031E-3,-9.16061E-4,-1.26646E-3,-1.54660E-3,-1.22660E-3,-1.15092E-3,-2.07562E-3,-3.47074E-3,-4.31740E-3,-5.41807E-3,-5.94510E-3,-5.93664E-3,-6.46898E-3,-6.35798E-3,-6.83747E-3,-6.79071E-3,-6.70137E-3,-6.74916E-3,-6.88204E-3,-6.68212E-3,-6.73389E-3,-6.27416E-3,-5.86248E-3,-5.54215E-3,-5.82483E-3,-5.81069E-3,-5.28042E-3,-5.83919E-3,-6.06900E-3,-6.45631E-3,-4.89146E-3,-4.66589E-3,-5.93101E-3,-6.16069E-3,-6.00554E-3,-5.62489E-3,-5.65704E-3,-5.54580E-3,-5.34569E-3,-5.75500E-3,-5.76490E-3,-5.67695E-3,-5.62630E-3,-5.55727E-3,-5.45416E-3,-5.66418E-3,-5.69953E-3,-5.29559E-3
1.18743E+3,NaN,NaN,NaN,NaN,NaN,NaN,NaN,NaN,NaN,NaN,1.46625E-4,9.19818E-5,4.37442E-6,-8.32329E-5,-1.20193E-4,-1.55330E-4,-1.67672E-4,8.00433E-6,1.83681E-4,2.67418E-4,7.67875E-5,-1.13843E-4,-1.78603E-4,-4.96406E-5,7.93218E-5,1.06886E-4,4.69202E-5,-1.30454E-5,5.85343E-5,1.92143E-4,3.25751E-4,3.23180E-4,2.91205E-4,2.59229E-4,-1.20634E-4,-5.13011E-4,-9.03301E-4,-1.27003E-3,-1.45253E-3,-5.38188E-4,3.79051E-4,3.43570E-4,-3.06718E-3,-6.47721E-3,-1.01143E-2,-9.91329E-3,2.24705E-3,2.70517E-2,3.49987E-2,3.11733E-4,-5.90425E-2,-1.20669E-1,-1.42508E-1,-1.47882E-1,-1.42597E-1,-1.59917E-1,-1.65751E-1,-1.06705E-1,-7.27392E-3,4.59474E-2,3.97824E-2,1.12920E-2,3.19377E-3,7.67734E-3,6.08168E-3,5.98001E-3,5.14083E-3,5.12204E-3,4.74049E-3,4.50012E-3,3.42089E-3,4.09867E-3,3.69142E-3,3.07727E-3,1.75841E-3,2.00768E-3,2.05577E-3,1.44125E-3,1.03989E-3,1.12397E-3,1.29917E-3,7.00965E-4,1.60479E-4,-9.89933E-5,-2.03275E-4,-7.23509E-4,-7.70090E-4,-1.15686E-3,-1.27910E-3,-1.71903E-3,-1.50728E-3,-2.06584E-3,-1.93997E-3,-1.81778E-3,-1.91759E-3,-2.96695E-3,-4.14202E-3,-4.50704E-3,-5.91540E-3,-6.18859E-3,-6.17316E-3,-6.81878E-3,-6.70438E-3,-6.94879E-3,-7.07362E-3,-6.96410E-3,-6.89214E-3,-6.75014E-3,-6.58736E-3,-6.60447E-3,-6.56426E-3,-6.03330E-3,-5.59057E-3,-6.08482E-3,-6.06344E-3,-5.43312E-3,-5.91384E-3,-6.16344E-3,-6.54604E-3,-5.18140E-3,-5.04978E-3,-6.16307E-3,-6.21993E-3,-6.10549E-3,-5.89573E-3,-5.83281E-3,-5.71442E-3,-5.31477E-3,-5.74819E-3,-5.68898E-3,-5.71059E-3,-5.79334E-3,-5.57624E-3,-5.49326E-3,-5.65283E-3,-5.71623E-3,-5.44836E-3
1.19089E+3,NaN,NaN,NaN,NaN,NaN,NaN,NaN,NaN,NaN,-2.88520E-4,1.78296E-4,3.84536E-5,-1.01389E-4,-2.04347E-4,-2.21067E-4,-2.37787E-4,-1.18014E-4,1.73775E-4,4.65564E-4,4.52549E-4,2.23559E-4,-5.43091E-6,-3.91626E-5,7.10721E-9,3.91768E-5,5.29307E-5,6.29203E-5,7.43835E-5,1.90721E-4,3.07058E-4,3.99532E-4,3.63599E-4,3.27667E-4,1.89073E-4,-1.89555E-4,-5.68182E-4,-8.56900E-4,-1.04155E-3,-1.08485E-3,-4.86998E-4,4.30015E-4,-1.73892E-4,-2.76984E-3,-6.07910E-3,-9.32717E-3,-9.19017E-3,2.54539E-3,2.48735E-2,3.15126E-2,6.89174E-4,-5.88486E-2,-1.12433E-1,-1.38974E-1,-1.46412E-1,-1.46512E-1,-1.58899E-1,-1.54695E-1,-9.28017E-2,-4.24929E-3,4.10294E-2,3.33023E-2,1.04528E-2,3.83983E-3,5.75997E-3,5.21511E-3,4.99806E-3,4.43235E-3,4.20160E-3,3.97323E-3,3.39491E-3,3.14557E-3,3.22571E-3,2.52799E-3,1.83231E-3,1.25938E-3,1.25900E-3,1.18195E-3,8.80601E-4,4.04324E-4,4.52652E-4,4.63196E-4,-2.08376E-4,-5.14170E-4,-5.03177E-4,-7.41314E-4,-1.02886E-3,-1.30908E-3,-1.70669E-3,-1.86312E-3,-1.99398E-3,-2.27106E-3,-2.59827E-3,-2.57717E-3,-2.38274E-3,-2.70050E-3,-3.43094E-3,-4.65078E-3,-4.55514E-3,-6.08695E-3,-6.43268E-3,-6.48716E-3,-7.08185E-3,-6.78470E-3,-7.08389E-3,-7.03613E-3,-7.13901E-3,-6.55589E-3,-6.54853E-3,-6.61559E-3,-6.34502E-3,-6.73801E-3,-5.96852E-3,-5.74946E-3,-6.17750E-3,-5.97012E-3,-5.57948E-3,-6.09944E-3,-6.37601E-3,-6.49664E-3,-4.92610E-3,-5.08102E-3,-6.29125E-3,-6.26369E-3,-6.07852E-3,-5.96399E-3,-5.96461E-3,-5.68899E-3,-5.40607E-3,-5.89890E-3,-5.75745E-3,-5.71764E-3,-5.76893E-3,-5.55992E-3,-5.43517E-3,-5.75990E-3,-5.81119E-3,-5.46404E-3
1.19435E+3,NaN,NaN,NaN,NaN,NaN,NaN,NaN,NaN,NaN,-2.96378E-5,1.24389E-4,4.45808E-5,-3.52275E-5,-1.32112E-4,-2.38998E-4,-3.45884E-4,-1.41974E-4,1.52949E-4,4.47871E-4,2.52411E-4,1.21851E-5,-2.07685E-4,-1.04107E-4,-5.28688E-7,8.72572E-5,1.12681E-4,1.38105E-4,1.87588E-4,2.82767E-4,3.77945E-4,3.41518E-4,1.66890E-4,-7.73674E-6,-1.34976E-4,-2.34460E-4,-3.33943E-4,-3.67122E-4,-1.01769E-3,-1.54984E-3,-4.50273E-4,7.24476E-4,8.84789E-5,-2.34187E-3,-5.32575E-3,-8.74435E-3,-1.00984E-2,7.18490E-4,2.51192E-2,3.29886E-2,2.91088E-3,-5.92456E-2,-1.06022E-1,-1.40284E-1,-1.45416E-1,-1.45224E-1,-1.57653E-1,-1.52759E-1,-8.07288E-2,5.24142E-3,4.16459E-2,2.82949E-2,7.20641E-3,4.30811E-3,4.73520E-3,4.71881E-3,4.00190E-3,3.60917E-3,3.54144E-3,3.46642E-3,2.50973E-3,3.03501E-3,2.39729E-3,1.85111E-3,1.04170E-3,7.94780E-4,7.67848E-4,5.86132E-4,1.76715E-4,-3.43392E-4,1.95482E-4,-2.94508E-4,-7.41705E-4,-9.32232E-4,-8.32510E-4,-1.33000E-3,-1.28565E-3,-1.83084E-3,-1.99958E-3,-2.17575E-3,-2.32681E-3,-2.79954E-3,-2.85902E-3,-2.94913E-3,-2.50610E-3,-3.12936E-3,-3.91050E-3,-4.60106E-3,-4.41383E-3,-6.06333E-3,-6.23860E-3,-6.21827E-3,-7.20640E-3,-6.89241E-3,-7.07830E-3,-6.75393E-3,-7.18189E-3,-6.52723E-3,-6.23476E-3,-6.25358E-3,-6.22995E-3,-6.37079E-3,-5.89008E-3,-5.56598E-3,-5.98134E-3,-5.65099E-3,-5.67268E-3,-5.87988E-3,-6.32063E-3,-6.60549E-3,-5.20430E-3,-5.15596E-3,-6.16776E-3,-6.19764E-3,-5.95166E-3,-5.70014E-3,-5.73283E-3,-5.65613E-3,-5.27856E-3,-5.63073E-3,-5.46025E-3,-5.46080E-3,-5.48300E-3,-5.42448E-3,-5.43063E-3,-5.60416E-3,-5.64543E-3,-5.31521E-3
1.19781E+3,NaN,NaN,NaN,NaN,NaN,NaN,NaN,NaN,NaN,-8.31854E-5,1.65167E-4,-9.27539E-6,-1.83718E-4,-3.02947E-4,-4.19787E-4,-4.90603E-4,-1.53417E-4,1.83769E-4,4.08160E-4,2.83502E-4,1.58844E-4,8.84095E-5,1.03832E-4,1.19254E-4,1.46933E-4,1.85486E-4,2.24039E-4,2.31873E-4,2.24769E-4,2.17664E-4,8.51547E-5,-7.56970E-5,-2.36549E-4,-1.22946E-4,2.53640E-6,1.10019E-4,-1.48409E-5,-7.82290E-4,-1.35707E-3,-4.18528E-4,5.05479E-4,1.42995E-4,-2.17929E-3,-4.60755E-3,-7.74824E-3,-1.01197E-2,-7.59547E-4,2.40488E-2,3.53128E-2,5.56953E-3,-5.52956E-2,-1.01250E-1,-1.43639E-1,-1.46736E-1,-1.43828E-1,-1.54203E-1,-1.50558E-1,-7.36819E-2,1.21140E-2,4.18720E-2,2.55804E-2,4.35320E-3,2.51711E-3,4.28800E-3,3.74057E-3,3.16981E-3,2.79985E-3,2.83526E-3,2.39034E-3,1.85251E-3,2.60171E-3,1.31237E-3,1.07159E-3,2.21282E-4,2.84511E-4,2.24745E-4,-1.42144E-4,-3.55410E-4,-7.03415E-4,-1.52394E-4,-8.65939E-4,-1.47071E-3,-1.11741E-3,-9.44645E-4,-1.64163E-3,-1.62257E-3,-2.61603E-3,-2.24595E-3,-2.52739E-3,-2.90366E-3,-3.14629E-3,-3.24884E-3,-3.47995E-3,-2.97898E-3,-3.82959E-3,-4.00461E-3,-4.84113E-3,-4.53912E-3,-6.51713E-3,-6.52861E-3,-6.22132E-3,-7.08542E-3,-6.86239E-3,-6.70383E-3,-6.90195E-3,-7.14736E-3,-6.29340E-3,-6.01591E-3,-6.34369E-3,-6.14215E-3,-6.42759E-3,-5.84198E-3,-5.57856E-3,-6.13635E-3,-5.82850E-3,-5.66881E-3,-5.97394E-3,-6.43882E-3,-6.55284E-3,-5.23053E-3,-5.40605E-3,-6.18781E-3,-5.98435E-3,-5.77837E-3,-5.50422E-3,-5.62568E-3,-5.66781E-3,-5.44081E-3,-5.63250E-3,-5.39257E-3,-5.46835E-3,-5.47591E-3,-5.36866E-3,-5.27812E-3,-5.44238E-3,-5.49992E-3,-5.18816E-3
1.20127E+3,NaN,NaN,NaN,NaN,NaN,NaN,NaN,NaN,NaN,1.10681E-4,2.52288E-4,1.36986E-4,-1.14466E-5,-2.43716E-4,-4.75986E-4,-4.81186E-4,-1.80555E-4,1.20077E-4,2.04253E-4,1.24443E-4,4.46333E-5,8.91911E-6,-8.94255E-6,-2.68042E-5,-2.62984E-5,-2.26695E-5,-1.90406E-5,2.08568E-5,6.08440E-5,7.35728E-5,-8.06069E-5,-2.34787E-4,-2.87900E-4,-8.52641E-5,1.17372E-4,2.29505E-4,5.06388E-5,-7.52700E-4,-1.29781E-3,-5.03545E-4,4.10201E-4,1.24227E-4,-1.58242E-3,-3.85314E-3,-7.14793E-3,-8.79228E-3,1.42983E-3,2.38719E-2,3.26531E-2,3.72232E-3,-4.71513E-2,-1.00506E-1,-1.40248E-1,-1.45666E-1,-1.45230E-1,-1.54336E-1,-1.38154E-1,-6.52362E-2,8.95533E-3,3.45346E-2,2.21483E-2,4.86410E-3,1.69274E-3,3.26443E-3,2.46303E-3,2.14686E-3,2.04086E-3,2.10328E-3,1.48750E-3,1.38782E-3,1.27708E-3,3.35649E-4,8.70599E-5,-8.59838E-5,-3.49499E-4,-6.19797E-4,-9.66260E-4,-1.36488E-3,-1.27805E-3,-1.01932E-3,-1.68950E-3,-1.85500E-3,-1.47395E-3,-1.62772E-3,-1.87517E-3,-2.34395E-3,-2.75888E-3,-2.51571E-3,-2.99374E-3,-3.35109E-3,-3.62024E-3,-3.92814E-3,-3.94153E-3,-3.68593E-3,-4.22773E-3,-4.28741E-3,-4.80067E-3,-4.67393E-3,-6.51017E-3,-6.57449E-3,-6.19605E-3,-7.12590E-3,-6.89694E-3,-6.93302E-3,-6.92565E-3,-7.15506E-3,-6.33305E-3,-6.22354E-3,-6.29724E-3,-6.27576E-3,-6.44266E-3,-6.08786E-3,-5.78427E-3,-6.09069E-3,-5.66104E-3,-5.92475E-3,-6.03816E-3,-6.70310E-3,-6.65232E-3,-5.38452E-3,-5.66359E-3,-6.35312E-3,-6.06161E-3,-5.98310E-3,-5.74733E-3,-5.68661E-3,-5.66068E-3,-5.47937E-3,-5.55448E-3,-5.26855E-3,-5.38776E-3,-5.60297E-3,-5.52358E-3,-5.40653E-3,-5.41136E-3,-5.41704E-3,-5.28257E-3
1.20473E+3,NaN,NaN,NaN,NaN,NaN,NaN,NaN,NaN,NaN,3.34822E-6,9.93669E-5,-8.24434E-5,-2.60166E-4,-4.35217E-4,-6.10268E-4,-3.65119E-4,2.18011E-5,4.08721E-4,3.49051E-4,2.34514E-4,1.25219E-4,1.67461E-4,2.09703E-4,2.49394E-4,2.77167E-4,3.04939E-4,3.12192E-4,2.75673E-4,2.39153E-4,1.11610E-4,-1.21924E-4,-3.55458E-4,-2.98369E-4,-5.14313E-5,1.95507E-4,2.99583E-4,9.43755E-5,-8.28555E-4,-1.22044E-3,-6.65638E-4,5.14159E-5,-1.39089E-4,-1.62087E-3,-3.59641E-3,-7.14425E-3,-9.37659E-3,1.22454E-3,2.52524E-2,3.33569E-2,3.82136E-3,-4.21988E-2,-1.06429E-1,-1.41281E-1,-1.45765E-1,-1.45283E-1,-1.59244E-1,-1.34480E-1,-5.51833E-2,1.13281E-2,3.23269E-2,1.83911E-2,2.58125E-3,2.57123E-3,2.32582E-3,1.91949E-3,1.29753E-3,1.60252E-3,1.23808E-3,8.25911E-4,1.40284E-3,3.64596E-4,-1.34097E-4,-3.29947E-4,-5.40066E-4,-7.84508E-4,-1.17868E-3,-1.49055E-3,-2.04111E-3,-1.53380E-3,-1.61462E-3,-1.99091E-3,-1.75653E-3,-1.59366E-3,-2.07692E-3,-2.03023E-3,-2.96250E-3,-2.79832E-3,-2.94558E-3,-3.46901E-3,-3.78087E-3,-3.75259E-3,-4.45692E-3,-3.88223E-3,-4.01393E-3,-4.44419E-3,-4.09230E-3,-4.61150E-3,-4.85635E-3,-6.26536E-3,-6.51052E-3,-6.26686E-3,-7.04329E-3,-6.94283E-3,-6.88429E-3,-6.90852E-3,-6.99200E-3,-6.16246E-3,-6.12891E-3,-6.35417E-3,-6.11456E-3,-6.35720E-3,-5.87231E-3,-5.54327E-3,-5.94126E-3,-5.76625E-3,-5.96642E-3,-5.95974E-3,-6.32676E-3,-6.26035E-3,-5.39665E-3,-5.68624E-3,-6.19203E-3,-5.88102E-3,-5.72906E-3,-5.40671E-3,-5.63601E-3,-5.79099E-3,-5.48731E-3,-5.35817E-3,-5.09375E-3,-5.14876E-3,-5.27485E-3,-5.42055E-3,-5.41692E-3,-5.42400E-3,-5.23224E-3,-5.01455E-3
1.20819E+3,NaN,NaN,NaN,NaN,NaN,NaN,NaN,NaN,NaN,2.02141E-4,6.49510E-5,-1.35862E-4,-2.44449E-4,-3.45388E-4,-4.26008E-4,-2.20408E-4,-1.48083E-5,1.36708E-4,8.37145E-5,3.07210E-5,1.98076E-5,8.63588E-5,1.52910E-4,1.92615E-4,2.04915E-4,2.17215E-4,1.59725E-4,6.25884E-5,-3.45487E-5,-1.56462E-4,-2.85340E-4,-4.14219E-4,-2.56116E-4,-7.42169E-5,1.17196E-4,4.03491E-4,1.03453E-4,-6.55671E-4,-8.83300E-4,-6.81090E-4,1.10445E-4,7.80217E-5,-9.51793E-4,-2.95821E-3,-6.31072E-3,-8.82513E-3,5.46570E-4,2.54103E-2,3.62442E-2,1.06839E-2,-3.60461E-2,-1.08990E-1,-1.40829E-1,-1.44163E-1,-1.42726E-1,-1.59516E-1,-1.34513E-1,-4.91252E-2,1.41003E-2,3.34367E-2,1.60751E-2,-1.27089E-3,2.42304E-3,1.22351E-3,1.19043E-3,3.18377E-4,7.97322E-4,3.70291E-4,1.50116E-4,6.64366E-4,-6.84197E-4,-1.26548E-3,-1.06812E-3,-1.24663E-3,-1.59778E-3,-2.02895E-3,-2.21984E-3,-2.83354E-3,-1.89438E-3,-2.33771E-3,-2.83006E-3,-2.31126E-3,-2.03906E-3,-2.51455E-3,-2.57766E-3,-3.74877E-3,-2.83650E-3,-3.43514E-3,-3.78601E-3,-4.22755E-3,-4.11811E-3,-5.07517E-3,-3.88020E-3,-4.35352E-3,-4.69668E-3,-4.31638E-3,-5.00788E-3,-5.41955E-3,-5.94491E-3,-6.58570E-3,-6.57989E-3,-7.13404E-3,-7.05275E-3,-6.96485E-3,-7.05622E-3,-7.00441E-3,-6.33083E-3,-6.28802E-3,-6.23568E-3,-6.04975E-3,-6.25084E-3,-5.90408E-3,-5.87893E-3,-5.91488E-3,-5.65798E-3,-5.99515E-3,-5.96860E-3,-6.47571E-3,-6.45388E-3,-5.62910E-3,-5.74792E-3,-6.22346E-3,-6.01875E-3,-5.86172E-3,-5.43119E-3,-5.53876E-3,-5.85624E-3,-5.62306E-3,-5.31634E-3,-5.09576E-3,-5.31722E-3,-5.41788E-3,-5.37343E-3,-5.42462E-3,-5.29134E-3,-5.20599E-3,-5.11641E-3
1.21165E+3,NaN,NaN,NaN,NaN,NaN,NaN,NaN,NaN,NaN,4.19592E-4,4.96046E-6,-2.42160E-4,-3.21566E-4,-4.00973E-4,-3.83535E-4,-2.09308E-4,-3.50803E-5,1.05767E-5,-6.02408E-5,-1.31058E-4,-4.46742E-5,1.20003E-4,2.84680E-4,2.76965E-4,2.28918E-4,1.80870E-4,1.41909E-4,1.03394E-4,5.37824E-5,-1.00196E-4,-2.54174E-4,-3.31772E-4,-1.66121E-4,-4.70891E-7,2.87243E-4,6.09998E-4,2.21424E-4,-7.04263E-4,-9.90329E-4,-7.08983E-4,-3.94831E-4,-8.77830E-5,-5.54759E-4,-2.74560E-3,-6.11455E-3,-7.52217E-3,2.61833E-3,2.38312E-2,3.29355E-2,1.28146E-2,-4.05944E-2,-1.05395E-1,-1.37193E-1,-1.44194E-1,-1.48976E-1,-1.57358E-1,-1.24367E-1,-4.89475E-2,9.44653E-3,2.80602E-2,1.31272E-2,-1.25009E-4,7.71253E-4,6.36520E-4,1.86807E-4,-4.64848E-4,-2.98317E-5,-2.80914E-4,-2.93323E-4,-5.04084E-4,-1.38725E-3,-1.65367E-3,-1.55829E-3,-1.96855E-3,-2.34841E-3,-2.61418E-3,-3.01411E-3,-2.99877E-3,-2.57413E-3,-2.99510E-3,-3.14611E-3,-2.69357E-3,-2.62547E-3,-2.90571E-3,-3.27511E-3,-3.81599E-3,-3.57651E-3,-3.90536E-3,-4.20194E-3,-4.44942E-3,-4.74866E-3,-4.89551E-3,-4.38542E-3,-4.82499E-3,-4.80260E-3,-4.86891E-3,-5.13855E-3,-5.64198E-3,-6.51477E-3,-6.38533E-3,-6.61800E-3,-7.31715E-3,-7.20290E-3,-6.93049E-3,-7.10351E-3,-7.01358E-3,-6.39672E-3,-6.46882E-3,-6.29828E-3,-6.13077E-3,-6.42265E-3,-6.11328E-3,-6.06681E-3,-6.03695E-3,-5.80890E-3,-5.99326E-3,-6.05856E-3,-6.36934E-3,-6.35783E-3,-5.73960E-3,-6.05611E-3,-6.42136E-3,-6.04860E-3,-5.87333E-3,-5.37519E-3,-5.54977E-3,-5.94025E-3,-5.52707E-3,-5.24427E-3,-5.22626E-3,-5.29835E-3,-5.49066E-3,-5.45873E-3,-5.31817E-3,-5.27329E-3,-5.28705E-3,-5.19560E-3
1.21511E+3,NaN,NaN,NaN,NaN,NaN,NaN,NaN,NaN,NaN,1.63532E-4,-9.46940E-6,-1.16113E-4,-2.32493E-4,-3.48873E-4,-3.14617E-4,-2.14059E-4,-1.13502E-4,-6.36446E-5,-2.36440E-5,1.63566E-5,1.58702E-4,3.03126E-4,4.23868E-4,3.75662E-4,3.27456E-4,2.54785E-4,1.14533E-4,-2.57188E-5,-1.15163E-4,-1.31089E-4,-1.47015E-4,-9.62427E-5,8.76668E-6,1.13776E-4,3.71475E-4,7.46505E-4,3.89701E-4,-4.68314E-4,-7.22626E-4,-7.98085E-4,-2.04677E-4,5.41107E-4,-9.18842E-5,-2.03200E-3,-5.53576E-3,-7.47345E-3,3.49086E-3,2.50123E-2,3.62825E-2,1.86582E-2,-4.26102E-2,-1.01411E-1,-1.33491E-1,-1.40542E-1,-1.50889E-1,-1.60356E-1,-1.17406E-1,-4.57997E-2,1.19321E-2,2.56596E-2,8.49533E-3,-1.02978E-4,9.47538E-5,3.74762E-4,-8.37050E-4,-6.85929E-4,-7.92494E-4,-8.13902E-4,-7.93859E-4,-1.27720E-3,-1.96725E-3,-1.86361E-3,-2.00014E-3,-2.68094E-3,-3.07835E-3,-3.20607E-3,-3.56489E-3,-3.31361E-3,-3.08305E-3,-3.40102E-3,-3.16745E-3,-2.75837E-3,-3.03537E-3,-3.14863E-3,-3.74306E-3,-3.60438E-3,-3.67755E-3,-4.33932E-3,-4.54861E-3,-4.51001E-3,-5.11256E-3,-4.53785E-3,-4.65488E-3,-5.00386E-3,-4.60144E-3,-5.12874E-3,-5.35937E-3,-6.00507E-3,-6.73782E-3,-6.54165E-3,-6.55640E-3,-7.11873E-3,-7.11122E-3,-6.79208E-3,-6.90128E-3,-6.67836E-3,-6.33762E-3,-6.59818E-3,-6.20109E-3,-5.95132E-3,-6.37680E-3,-6.10098E-3,-5.99066E-3,-5.92721E-3,-6.01524E-3,-6.12193E-3,-5.73356E-3,-6.20592E-3,-6.19153E-3,-5.54238E-3,-5.86465E-3,-6.18657E-3,-5.99925E-3,-5.75984E-3,-5.31472E-3,-5.66602E-3,-6.10669E-3,-5.61778E-3,-4.97961E-3,-4.85676E-3,-5.06784E-3,-5.17053E-3,-5.26855E-3,-5.22078E-3,-5.19533E-3,-5.08845E-3,-5.12823E-3
1.21858E+3,NaN,NaN,NaN,NaN,NaN,NaN,NaN,NaN,NaN,2.10296E-4,-1.73285E-4,-1.83697E-4,-1.71144E-4,-1.58745E-4,-1.84830E-4,-2.10915E-4,-2.11046E-4,-6.03796E-5,9.02869E-5,2.33936E-4,3.60377E-4,4.86818E-4,4.91435E-4,3.36233E-4,1.81031E-4,1.28904E-4,1.52835E-4,1.76766E-4,1.54282E-4,1.13591E-4,7.29002E-5,-4.07322E-5,-1.66129E-4,-2.88212E-4,4.18493E-4,8.85764E-4,5.89483E-4,-1.32741E-4,-6.61083E-4,-1.10914E-3,-5.36700E-4,6.86595E-4,4.09351E-4,-1.90578E-3,-5.08571E-3,-8.77476E-3,1.53092E-3,2.49595E-2,4.16853E-2,2.48646E-2,-4.44344E-2,-1.00972E-1,-1.35741E-1,-1.40709E-1,-1.53630E-1,-1.68379E-1,-1.16900E-1,-4.26896E-2,1.96020E-2,2.69747E-2,4.47837E-3,-2.72635E-3,-1.17151E-4,-5.14375E-4,-1.69067E-3,-8.85971E-4,-1.64648E-3,-1.30332E-3,-1.12997E-3,-1.88733E-3,-2.73613E-3,-2.00643E-3,-2.46858E-3,-3.27516E-3,-3.16062E-3,-3.27497E-3,-3.95642E-3,-3.44801E-3,-3.55940E-3,-3.64542E-3,-3.57784E-3,-2.99175E-3,-3.46699E-3,-3.41277E-3,-4.13483E-3,-3.49489E-3,-4.10103E-3,-4.55013E-3,-4.72340E-3,-4.62576E-3,-5.49934E-3,-4.23085E-3,-4.46260E-3,-5.05519E-3,-4.56096E-3,-5.28720E-3,-5.71419E-3,-5.94529E-3,-6.92521E-3,-6.63627E-3,-6.16342E-3,-7.02341E-3,-6.92504E-3,-6.62504E-3,-6.97946E-3,-6.60826E-3,-6.55229E-3,-6.68229E-3,-6.10451E-3,-5.77225E-3,-6.12600E-3,-5.97095E-3,-6.01108E-3,-5.73827E-3,-5.64123E-3,-5.73886E-3,-5.65651E-3,-5.97611E-3,-6.04609E-3,-5.44488E-3,-5.82681E-3,-6.13211E-3,-5.95479E-3,-5.73656E-3,-5.02854E-3,-5.53592E-3,-6.02968E-3,-5.56305E-3,-4.99256E-3,-4.74012E-3,-4.89560E-3,-5.26240E-3,-5.27640E-3,-5.16570E-3,-4.98066E-3,-4.92358E-3,-4.90065E-3
1.22204E+3,NaN,NaN,NaN,NaN,NaN,NaN,NaN,NaN,-2.53448E-4,7.87759E-5,-2.41362E-4,-2.40015E-4,-2.38669E-4,-2.39587E-4,-2.45531E-4,-2.51475E-4,-2.07237E-4,-1.02534E-4,2.16924E-6,2.15978E-4,5.03627E-4,7.91275E-4,6.86109E-4,4.42384E-4,1.98658E-4,1.06868E-4,3.53848E-5,-3.29358E-5,2.22898E-5,7.75154E-5,8.30301E-5,-1.57971E-4,-3.98973E-4,-3.35820E-4,4.40022E-4,9.13719E-4,4.20139E-4,-9.07158E-5,-5.27600E-4,-1.29784E-3,-4.37355E-4,6.03060E-4,1.91025E-4,-1.93342E-3,-5.18411E-3,-6.84739E-3,2.77064E-3,2.41245E-2,3.91570E-2,1.75092E-2,-4.13324E-2,-9.74672E-2,-1.34052E-1,-1.45940E-1,-1.60588E-1,-1.61583E-1,-1.13250E-1,-4.10251E-2,1.57021E-2,2.17161E-2,4.53242E-3,-2.94749E-3,-7.48219E-4,-1.30989E-3,-2.09137E-3,-1.48148E-3,-1.90259E-3,-1.83244E-3,-2.04797E-3,-2.60346E-3,-3.11257E-3,-3.02993E-3,-3.44299E-3,-3.72909E-3,-3.60256E-3,-3.94721E-3,-4.14867E-3,-3.63758E-3,-3.94217E-3,-4.10106E-3,-3.79632E-3,-3.64255E-3,-3.88448E-3,-3.84714E-3,-3.93845E-3,-3.96250E-3,-4.46519E-3,-4.70030E-3,-4.55619E-3,-5.01180E-3,-5.18070E-3,-4.67690E-3,-4.79244E-3,-4.98362E-3,-5.02342E-3,-5.17049E-3,-5.80105E-3,-5.94514E-3,-7.32545E-3,-6.64332E-3,-6.12395E-3,-7.22888E-3,-7.24514E-3,-6.88767E-3,-7.03385E-3,-6.54886E-3,-6.67913E-3,-6.83552E-3,-6.03172E-3,-5.52163E-3,-6.21952E-3,-5.98878E-3,-6.12351E-3,-5.95881E-3,-5.97958E-3,-6.14356E-3,-5.43339E-3,-5.56437E-3,-5.98856E-3,-5.81957E-3,-5.94818E-3,-6.13502E-3,-6.04643E-3,-5.68652E-3,-5.26497E-3,-5.71051E-3,-5.85886E-3,-5.50663E-3,-5.06790E-3,-4.98776E-3,-5.14541E-3,-5.09923E-3,-5.16128E-3,-5.22372E-3,-5.01370E-3,-4.87818E-3,-5.05644E-3
1.22551E+3,NaN,NaN,NaN,NaN,NaN,NaN,NaN,NaN,-4.87461E-4,-8.08044E-5,-1.26417E-4,-2.31915E-5,8.00344E-5,2.83077E-5,-1.20630E-4,-2.69568E-4,-1.91980E-4,-4.18152E-5,1.08350E-4,3.59015E-4,6.20821E-4,8.61289E-4,6.27585E-4,3.93882E-4,2.03953E-4,2.05694E-4,2.07436E-4,2.11619E-4,2.20784E-4,2.29950E-4,1.11057E-4,-1.51297E-4,-4.13651E-4,-1.29112E-4,8.32192E-4,1.18782E-3,6.03758E-4,3.98868E-4,-5.23472E-4,-1.12482E-3,-2.25911E-4,1.06900E-3,7.84495E-4,-1.19095E-3,-4.78346E-3,-6.07700E-3,3.64232E-3,2.62237E-2,4.10882E-2,1.74289E-2,-3.53740E-2,-9.45768E-2,-1.29589E-1,-1.46539E-1,-1.65050E-1,-1.58742E-1,-1.10232E-1,-3.38710E-2,1.55873E-2,1.81247E-2,2.00272E-3,-2.60245E-3,-1.23801E-3,-2.02985E-3,-2.09738E-3,-2.25234E-3,-2.15874E-3,-2.16090E-3,-2.49324E-3,-3.21169E-3,-3.39913E-3,-3.12985E-3,-3.84750E-3,-4.10887E-3,-3.99164E-3,-4.41327E-3,-4.08516E-3,-3.90006E-3,-3.78375E-3,-4.11636E-3,-3.97957E-3,-3.94107E-3,-3.85665E-3,-3.85621E-3,-3.93407E-3,-4.30395E-3,-4.62803E-3,-4.53429E-3,-4.78955E-3,-5.11081E-3,-4.54084E-3,-4.18783E-3,-4.69736E-3,-4.97862E-3,-5.31793E-3,-4.85879E-3,-5.80891E-3,-5.78587E-3,-6.97982E-3,-6.62420E-3,-6.00863E-3,-7.02115E-3,-6.89069E-3,-6.40680E-3,-6.53216E-3,-6.23007E-3,-6.92519E-3,-6.76723E-3,-6.03953E-3,-5.41602E-3,-6.25853E-3,-5.79847E-3,-5.81989E-3,-5.56635E-3,-5.79299E-3,-5.88451E-3,-4.99494E-3,-5.03972E-3,-5.67045E-3,-5.49444E-3,-5.84303E-3,-6.19229E-3,-6.10560E-3,-5.45955E-3,-5.22704E-3,-5.66822E-3,-5.85342E-3,-5.39654E-3,-4.87413E-3,-4.91988E-3,-5.20434E-3,-5.31034E-3,-4.84835E-3,-4.78837E-3,-4.84813E-3,-4.77350E-3,-4.99461E-3
1.22897E+3,NaN,NaN,NaN,NaN,NaN,NaN,NaN,NaN,-3.56251E-4,-2.15146E-4,-6.90986E-5,-3.40609E-5,9.76739E-7,-1.40188E-4,-2.97620E-4,-4.37527E-4,-2.94516E-4,-1.51505E-4,5.17464E-5,4.94176E-4,9.36606E-4,1.03407E-3,4.73846E-4,-8.63808E-5,-2.73812E-4,-6.83982E-5,1.37016E-4,1.78468E-4,1.23526E-4,6.85849E-5,-1.22662E-4,-3.54022E-4,-5.85383E-4,-2.85292E-4,7.35905E-4,5.37034E-4,2.26792E-4,5.36328E-4,-1.23648E-3,-1.43238E-3,-1.86090E-4,1.05825E-3,7.08174E-4,-1.11412E-3,-5.00794E-3,-6.62933E-3,1.24206E-3,2.53410E-2,4.17080E-2,1.93063E-2,-3.26081E-2,-1.00117E-1,-1.32834E-1,-1.51392E-1,-1.69560E-1,-1.59646E-1,-1.08634E-1,-2.16467E-2,2.05293E-2,1.74902E-2,-2.81199E-3,-2.87127E-3,-1.44683E-3,-3.08249E-3,-2.29774E-3,-2.86345E-3,-2.52809E-3,-2.94953E-3,-2.96774E-3,-3.98999E-3,-3.49008E-3,-3.62626E-3,-4.33889E-3,-4.21856E-3,-4.39164E-3,-4.80408E-3,-4.04702E-3,-4.17494E-3,-3.72417E-3,-4.39197E-3,-4.36087E-3,-4.28276E-3,-4.00311E-3,-3.54338E-3,-3.91795E-3,-4.69345E-3,-4.57728E-3,-4.23378E-3,-4.94519E-3,-4.99172E-3,-4.04291E-3,-3.86792E-3,-4.97394E-3,-4.95782E-3,-5.33915E-3,-4.48984E-3,-6.24495E-3,-6.02562E-3,-6.69752E-3,-6.29465E-3,-6.04429E-3,-6.90523E-3,-6.75828E-3,-6.55002E-3,-6.55410E-3,-6.06462E-3,-6.79333E-3,-6.65189E-3,-5.93258E-3,-5.23369E-3,-6.00346E-3,-5.51315E-3,-5.89994E-3,-5.91407E-3,-5.79406E-3,-6.10407E-3,-4.98030E-3,-4.66182E-3,-5.78866E-3,-5.91059E-3,-6.17588E-3,-6.17414E-3,-6.18695E-3,-5.68885E-3,-5.14358E-3,-5.69721E-3,-5.88160E-3,-5.48231E-3,-4.88442E-3,-4.76590E-3,-5.23055E-3,-4.96575E-3,-4.88398E-3,-4.67984E-3,-4.78464E-3,-4.98697E-3,-5.25305E-3
1.23244E+3,NaN,NaN,NaN,NaN,NaN,NaN,NaN,NaN,-4.99209E-4,-1.72151E-4,-7.11054E-5,-1.06900E-4,-1.44508E-4,-1.88793E-4,-2.33077E-4,-2.33059E-4,-1.53079E-4,-7.30992E-5,2.11005E-4,6.99743E-4,1.18848E-3,1.06220E-3,5.93327E-4,1.24450E-4,4.55165E-5,7.33246E-5,1.01133E-4,1.72872E-4,2.48023E-4,2.79211E-4,-2.66524E-4,-8.12260E-4,-1.04157E-3,-6.20492E-5,7.79086E-4,5.45390E-4,5.35012E-4,3.79117E-4,-1.19066E-3,-1.14173E-3,-5.75196E-4,5.99672E-4,8.11492E-4,-9.81525E-4,-4.48086E-3,-5.26581E-3,1.75897E-3,2.28217E-2,3.76621E-2,2.05702E-2,-3.19023E-2,-1.00362E-1,-1.35792E-1,-1.56721E-1,-1.68634E-1,-1.56020E-1,-1.01676E-1,-1.78768E-2,1.95689E-2,1.53327E-2,-4.04637E-3,-3.92026E-3,-1.86928E-3,-3.47472E-3,-3.03056E-3,-3.37797E-3,-3.12079E-3,-3.23311E-3,-3.40476E-3,-4.25673E-3,-3.88441E-3,-4.14846E-3,-4.96614E-3,-4.85107E-3,-5.00550E-3,-4.89597E-3,-4.03651E-3,-4.46046E-3,-3.89913E-3,-5.35471E-3,-4.82807E-3,-4.49453E-3,-4.14186E-3,-4.12054E-3,-4.45279E-3,-5.05670E-3,-4.66417E-3,-4.54896E-3,-5.06470E-3,-4.29205E-3,-3.69856E-3,-4.10310E-3,-5.02366E-3,-5.57845E-3,-5.70615E-3,-5.00075E-3,-6.28036E-3,-6.17667E-3,-6.81411E-3,-5.84348E-3,-5.93415E-3,-6.71256E-3,-6.51223E-3,-6.42551E-3,-6.87719E-3,-6.24047E-3,-7.08785E-3,-6.69904E-3,-6.21048E-3,-5.18150E-3,-6.68484E-3,-5.65705E-3,-6.09267E-3,-5.66881E-3,-5.96404E-3,-5.95621E-3,-4.94925E-3,-4.90894E-3,-5.90854E-3,-5.85640E-3,-5.93784E-3,-6.36367E-3,-6.57804E-3,-5.57290E-3,-5.22725E-3,-5.70432E-3,-5.59188E-3,-5.33786E-3,-4.95270E-3,-4.86297E-3,-5.28191E-3,-4.96964E-3,-4.72510E-3,-4.55514E-3,-4.65149E-3,-4.76211E-3,-5.04154E-3
1.23590E+3,NaN,NaN,NaN,NaN,NaN,NaN,NaN,NaN,-4.66126E-4,-2.46999E-4,-1.48542E-5,-3.91187E-5,-1.36155E-4,-3.03366E-4,-4.70576E-4,-3.80168E-4,-1.52221E-4,7.57251E-5,4.70438E-4,9.08207E-4,1.34598E-3,8.28255E-4,2.47006E-4,-2.67408E-4,-1.85388E-5,2.30331E-4,3.99033E-4,2.89006E-4,1.78979E-4,-6.13645E-5,-5.27226E-4,-9.93087E-4,-8.44938E-4,6.06735E-5,5.03201E-4,5.33978E-4,9.11808E-4,-1.35011E-5,-1.09960E-3,-1.04548E-3,-4.82754E-4,5.16178E-4,6.88358E-4,-9.54635E-4,-3.45656E-3,-5.15198E-3,2.59715E-3,2.23174E-2,3.74887E-2,2.36083E-2,-3.44144E-2,-9.92646E-2,-1.37745E-1,-1.59812E-1,-1.69145E-1,-1.54163E-1,-9.06765E-2,-1.48988E-2,1.92604E-2,1.09604E-2,-4.63546E-3,-4.36898E-3,-3.30277E-3,-4.21639E-3,-3.91847E-3,-3.95310E-3,-4.05610E-3,-4.02940E-3,-4.32637E-3,-4.74518E-3,-4.69383E-3,-5.24697E-3,-5.59757E-3,-5.39040E-3,-5.57799E-3,-5.13766E-3,-4.78405E-3,-4.34753E-3,-4.69431E-3,-5.49250E-3,-5.37569E-3,-4.87021E-3,-4.09343E-3,-4.19107E-3,-5.17128E-3,-5.28451E-3,-4.46881E-3,-4.69694E-3,-4.79996E-3,-3.89714E-3,-3.53057E-3,-4.54610E-3,-5.64301E-3,-5.95323E-3,-5.35106E-3,-5.51754E-3,-6.71394E-3,-6.40072E-3,-6.77008E-3,-5.34009E-3,-5.82753E-3,-6.80844E-3,-6.87905E-3,-6.59409E-3,-6.51907E-3,-5.88567E-3,-7.20319E-3,-7.15782E-3,-6.18764E-3,-5.34113E-3,-6.65041E-3,-5.73206E-3,-5.56889E-3,-5.79241E-3,-6.15511E-3,-5.74146E-3,-4.76095E-3,-4.68374E-3,-6.09202E-3,-6.09136E-3,-6.16710E-3,-6.52884E-3,-6.73024E-3,-5.45663E-3,-5.25313E-3,-5.84127E-3,-5.85759E-3,-5.57577E-3,-5.29812E-3,-4.82242E-3,-5.25024E-3,-5.07411E-3,-4.87784E-3,-4.57627E-3,-4.82826E-3,-5.23929E-3,-5.40195E-3
1.23937E+3,NaN,NaN,NaN,NaN,NaN,NaN,NaN,NaN,-4.43121E-4,-1.54674E-4,-4.31837E-5,-8.64453E-5,-2.05092E-4,-3.42375E-4,-4.79659E-4,-3.03578E-4,-1.09130E-4,1.08624E-4,5.69463E-4,1.03030E-3,1.28593E-3,8.55911E-4,4.25891E-4,1.93407E-4,2.92682E-4,3.91957E-4,4.10192E-4,3.52432E-4,2.94673E-4,-1.44908E-5,-4.53790E-4,-8.93088E-4,-4.91617E-4,5.38517E-4,3.45103E-4,5.94442E-4,1.30277E-3,-5.34626E-4,-1.13932E-3,-1.35292E-3,-5.73737E-4,4.14863E-4,9.03903E-4,-6.25024E-4,-2.30860E-3,-5.48008E-3,1.59311E-3,2.00917E-2,3.94672E-2,2.70715E-2,-4.12233E-2,-1.04151E-1,-1.42590E-1,-1.61829E-1,-1.69099E-1,-1.53944E-1,-7.66241E-2,-5.30261E-3,2.46378E-2,5.79765E-3,-6.23020E-3,-3.05394E-3,-4.40693E-3,-4.29737E-3,-4.12288E-3,-4.22114E-3,-4.34625E-3,-4.51694E-3,-4.62708E-3,-4.95081E-3,-4.72050E-3,-5.86097E-3,-5.84171E-3,-5.74591E-3,-5.88981E-3,-4.69329E-3,-5.03519E-3,-3.51252E-3,-5.72260E-3,-5.49608E-3,-5.16911E-3,-4.47014E-3,-3.93556E-3,-3.99558E-3,-4.95861E-3,-4.42125E-3,-3.88839E-3,-5.13818E-3,-3.73201E-3,-2.95965E-3,-3.31920E-3,-4.57820E-3,-5.83542E-3,-5.88330E-3,-5.17515E-3,-5.72047E-3,-6.22893E-3,-6.09718E-3,-6.29929E-3,-4.44483E-3,-5.43818E-3,-6.58711E-3,-6.69323E-3,-6.71154E-3,-6.58260E-3,-5.70065E-3,-6.92762E-3,-6.73104E-3,-6.26281E-3,-5.52431E-3,-6.27805E-3,-5.50422E-3,-5.40221E-3,-5.55747E-3,-5.98442E-3,-5.39052E-3,-4.69013E-3,-4.70488E-3,-5.87120E-3,-6.13177E-3,-6.18968E-3,-6.40757E-3,-6.64877E-3,-5.07811E-3,-5.20653E-3,-5.61768E-3,-5.45298E-3,-5.16595E-3,-5.23728E-3,-4.65599E-3,-4.92203E-3,-4.65280E-3,-4.59865E-3,-3.90259E-3,-4.07369E-3,-4.96426E-3,-5.09898E-3
1.24284E+3,NaN,NaN,NaN,NaN,NaN,NaN,NaN,NaN,-5.47409E-4,-1.45499E-4,-3.42844E-5,-8.32319E-5,-2.32770E-4,-3.82309E-4,-4.30500E-4,-1.48097E-4,1.34306E-4,4.42332E-4,7.92612E-4,1.14289E-3,9.43632E-4,2.37808E-4,-4.68016E-4,-3.80070E-4,1.10978E-4,6.02027E-4,5.54450E-4,3.77278E-4,2.00106E-4,-3.88429E-4,-9.99108E-4,-1.44270E-3,-2.01307E-4,1.08231E-3,-4.77016E-5,1.17330E-3,1.51614E-3,-6.48408E-4,-7.80743E-4,-1.31334E-3,-1.12817E-3,4.84452E-4,1.03455E-3,-5.22776E-4,-1.66396E-3,-5.19383E-3,7.00871E-4,1.74839E-2,4.05670E-2,2.80279E-2,-4.63085E-2,-1.10337E-1,-1.48728E-1,-1.65805E-1,-1.69550E-1,-1.52312E-1,-6.73799E-2,3.98760E-3,3.04201E-2,2.35884E-3,-8.42539E-3,-2.86198E-3,-4.92992E-3,-4.52959E-3,-4.69845E-3,-4.85678E-3,-4.75246E-3,-4.74298E-3,-5.16953E-3,-4.85081E-3,-4.65834E-3,-6.03323E-3,-6.27698E-3,-5.87968E-3,-5.92664E-3,-4.56944E-3,-4.75941E-3,-3.22144E-3,-6.51998E-3,-5.79563E-3,-5.21869E-3,-4.35547E-3,-3.86270E-3,-3.66631E-3,-5.76612E-3,-4.41260E-3,-4.30969E-3,-5.38176E-3,-3.01573E-3,-2.66581E-3,-3.31635E-3,-4.94752E-3,-6.06360E-3,-5.81973E-3,-5.00814E-3,-5.78956E-3,-5.66886E-3,-6.58480E-3,-5.74360E-3,-4.76061E-3,-5.54647E-3,-5.88533E-3,-6.21226E-3,-6.39144E-3,-6.30297E-3,-5.22643E-3,-6.80249E-3,-6.57100E-3,-6.32018E-3,-5.55706E-3,-6.45389E-3,-5.23723E-3,-5.50870E-3,-5.59432E-3,-5.88011E-3,-4.75409E-3,-4.61532E-3,-4.74443E-3,-6.05732E-3,-6.29593E-3,-6.16103E-3,-6.19150E-3,-6.55256E-3,-4.81191E-3,-5.06421E-3,-5.66468E-3,-5.34014E-3,-5.18564E-3,-5.30320E-3,-4.22503E-3,-4.46185E-3,-4.30292E-3,-3.97311E-3,-3.46684E-3,-4.08378E-3,-4.89773E-3,-4.94126E-3
1.24631E+3,NaN,NaN,NaN,NaN,NaN,NaN,NaN,NaN,-6.67253E-4,-4.87999E-4,-1.84476E-6,-2.98261E-5,-4.00897E-4,-7.71969E-4,-6.70198E-4,-1.35386E-4,3.99427E-4,8.43406E-4,1.24159E-3,1.63978E-3,1.15374E-3,4.57169E-4,-2.39407E-4,1.93963E-4,6.86130E-4,1.10646E-3,8.29497E-4,5.52531E-4,1.77682E-4,-5.13596E-4,-1.20487E-3,-1.03788E-3,3.11619E-4,4.37143E-4,1.17187E-4,1.08758E-3,6.10341E-4,-5.08338E-4,-6.08911E-4,-1.35055E-3,-8.57100E-4,3.96069E-4,4.34995E-4,-6.79687E-6,-1.61949E-3,-3.78218E-3,9.44664E-4,1.80676E-2,3.74437E-2,1.57365E-2,-5.16208E-2,-1.13003E-1,-1.51765E-1,-1.67181E-1,-1.68199E-1,-1.36112E-1,-5.73362E-2,9.81092E-3,2.53963E-2,8.00346E-4,-7.36412E-3,-3.91336E-3,-4.89446E-3,-4.76356E-3,-4.97838E-3,-4.88623E-3,-4.71678E-3,-4.91350E-3,-5.07542E-3,-5.00850E-3,-5.40778E-3,-6.48662E-3,-6.72785E-3,-6.37896E-3,-5.67905E-3,-4.45545E-3,-3.89045E-3,-4.07644E-3,-6.02743E-3,-5.56109E-3,-5.03915E-3,-4.16446E-3,-3.56207E-3,-4.18009E-3,-4.89096E-3,-4.08249E-3,-4.55565E-3,-4.61213E-3,-2.60841E-3,-2.56656E-3,-3.63814E-3,-5.13831E-3,-6.18497E-3,-5.64072E-3,-4.92355E-3,-5.09826E-3,-4.92447E-3,-6.51771E-3,-6.17240E-3,-5.17992E-3,-5.28125E-3,-5.59319E-3,-6.04804E-3,-6.63016E-3,-5.84178E-3,-5.46672E-3,-6.64599E-3,-6.27657E-3,-6.12503E-3,-5.41060E-3,-6.04930E-3,-5.18553E-3,-5.23667E-3,-5.45458E-3,-5.40364E-3,-4.21600E-3,-4.67711E-3,-4.66137E-3,-6.07557E-3,-6.50434E-3,-6.31802E-3,-6.07542E-3,-6.62182E-3,-4.67402E-3,-5.08247E-3,-5.80602E-3,-5.21572E-3,-4.62118E-3,-4.59350E-3,-3.90862E-3,-4.12516E-3,-3.79748E-3,-3.63302E-3,-2.86614E-3,-3.83801E-3,-4.69242E-3,-4.74344E-3
1.24978E+3,NaN,NaN,NaN,NaN,NaN,NaN,NaN,NaN,-9.64883E-4,-2.99051E-4,1.96435E-4,7.64790E-5,-1.84135E-4,-4.44749E-4,-1.11314E-4,3.64488E-4,8.40290E-4,9.35153E-4,1.00977E-3,1.02419E-3,4.47291E-4,-1.29609E-4,-4.29033E-4,1.73578E-4,7.76189E-4,9.65817E-4,4.76179E-4,-1.34589E-5,-3.63882E-4,-5.86291E-4,-8.08701E-4,-6.58823E-4,3.57217E-4,-7.08288E-5,3.92965E-4,9.86953E-4,-4.65700E-4,-5.89741E-4,-9.83995E-4,-1.79948E-3,-1.18463E-3,-4.94934E-5,-8.55490E-6,2.06796E-4,-1.70123E-3,-3.71687E-3,-3.59651E-4,1.81758E-2,3.74219E-2,8.14224E-3,-5.61832E-2,-1.17596E-1,-1.55715E-1,-1.69332E-1,-1.70845E-1,-1.27417E-1,-4.71725E-2,2.02210E-2,2.19549E-2,-2.13468E-3,-6.17990E-3,-5.00860E-3,-5.07420E-3,-5.26283E-3,-5.83354E-3,-5.08550E-3,-5.17270E-3,-5.42541E-3,-5.28785E-3,-5.07452E-3,-5.94353E-3,-7.23776E-3,-6.70906E-3,-7.06262E-3,-5.67614E-3,-5.05295E-3,-3.29713E-3,-5.24686E-3,-6.27860E-3,-5.94352E-3,-4.95571E-3,-3.94978E-3,-3.87620E-3,-5.03135E-3,-4.52092E-3,-3.83397E-3,-4.97763E-3,-3.36260E-3,-2.38978E-3,-2.71640E-3,-4.02704E-3,-5.78364E-3,-6.53114E-3,-5.13669E-3,-5.45967E-3,-5.17046E-3,-4.46727E-3,-6.11477E-3,-7.37064E-3,-6.47662E-3,-4.81384E-3,-5.30433E-3,-6.21467E-3,-6.74763E-3,-6.00883E-3,-5.12300E-3,-6.37155E-3,-6.23207E-3,-6.10930E-3,-5.40047E-3,-5.76717E-3,-5.14705E-3,-5.37146E-3,-5.17806E-3,-4.89914E-3,-3.54558E-3,-4.73133E-3,-4.74537E-3,-5.92019E-3,-6.58716E-3,-6.42741E-3,-6.53339E-3,-6.81720E-3,-4.38662E-3,-5.05387E-3,-5.55880E-3,-4.68058E-3,-4.89027E-3,-5.30937E-3,-4.50093E-3,-4.14228E-3,-3.51343E-3,-3.35296E-3,-3.14192E-3,-4.00035E-3,-4.44051E-3,-4.61569E-3
1.25324E+3,NaN,NaN,NaN,NaN,NaN,NaN,NaN,NaN,-9.80788E-4,-3.94972E-4,5.86386E-4,1.85707E-4,-2.57654E-4,-6.05984E-4,2.09874E-5,6.47958E-4,1.10462E-3,9.96346E-4,8.88077E-4,6.77293E-4,2.95285E-4,-8.67223E-5,-6.02080E-5,3.47415E-4,7.55038E-4,7.02009E-4,4.11900E-4,1.21792E-4,-1.31820E-4,-3.76482E-4,-6.21144E-4,9.31072E-5,8.15657E-4,-6.90246E-4,4.35300E-4,1.62308E-3,-1.95925E-4,-1.41580E-4,-1.46913E-3,-1.99511E-3,-7.97778E-4,-4.35443E-4,3.75609E-4,9.77414E-4,-1.81703E-3,-2.89063E-3,-6.86428E-4,1.78379E-2,3.79924E-2,4.07071E-3,-6.09564E-2,-1.24577E-1,-1.61545E-1,-1.72675E-1,-1.72482E-1,-1.21109E-1,-3.33043E-2,3.70760E-2,2.07631E-2,-7.45729E-3,-5.80403E-3,-5.44021E-3,-4.61489E-3,-5.48403E-3,-6.00798E-3,-4.45393E-3,-5.21456E-3,-5.25561E-3,-5.22567E-3,-4.80991E-3,-5.96324E-3,-7.23939E-3,-6.97086E-3,-7.56772E-3,-4.27800E-3,-5.00919E-3,-2.31742E-3,-6.59269E-3,-6.06384E-3,-6.36456E-3,-4.68854E-3,-3.52108E-3,-3.83672E-3,-4.50970E-3,-3.52137E-3,-3.74103E-3,-5.06869E-3,-1.80034E-3,-1.81503E-3,-3.35224E-3,-4.38620E-3,-6.02434E-3,-6.12831E-3,-4.89652E-3,-5.56116E-3,-4.50563E-3,-4.03718E-3,-6.05381E-3,-7.54578E-3,-6.20198E-3,-4.89546E-3,-5.10241E-3,-5.92157E-3,-6.65011E-3,-5.44418E-3,-4.58076E-3,-6.08291E-3,-5.99690E-3,-5.78000E-3,-5.17575E-3,-5.18169E-3,-4.56594E-3,-5.07267E-3,-4.81564E-3,-4.85223E-3,-3.67178E-3,-4.74022E-3,-5.07454E-3,-6.02755E-3,-6.47873E-3,-6.43491E-3,-6.20722E-3,-6.17917E-3,-3.83476E-3,-4.92757E-3,-5.54307E-3,-4.58042E-3,-4.21100E-3,-4.45490E-3,-4.05069E-3,-3.86274E-3,-3.26661E-3,-3.42168E-3,-2.82635E-3,-3.39689E-3,-3.69987E-3,-4.27225E-3
1.25671E+3,NaN,NaN,NaN,NaN,NaN,NaN,NaN,-2.31958E-4,-9.63702E-4,-7.47537E-4,6.31213E-4,9.82230E-5,-4.34767E-4,-5.02481E-4,2.27713E-4,9.57907E-4,1.20859E-3,1.00075E-3,7.92918E-4,5.10671E-4,1.89064E-4,-1.32542E-4,1.87189E-4,6.70367E-4,1.15354E-3,8.78881E-4,5.55641E-4,2.40747E-4,1.85185E-5,-2.03710E-4,-2.05529E-4,5.76334E-4,8.37608E-4,-3.44519E-4,7.09407E-4,1.05972E-3,-2.65703E-4,-3.25908E-4,-1.20524E-3,-1.33599E-3,-2.47343E-4,-1.58178E-4,9.70369E-4,4.77171E-4,-1.78025E-3,-2.61272E-3,1.33588E-3,1.58559E-2,2.65445E-2,-3.88201E-3,-6.57308E-2,-1.28950E-1,-1.65691E-1,-1.77159E-1,-1.63679E-1,-1.10858E-1,-2.37968E-2,3.69973E-2,1.94245E-2,-7.79936E-3,-7.29511E-3,-4.99745E-3,-5.29625E-3,-5.35536E-3,-5.72552E-3,-4.14225E-3,-5.65441E-3,-4.61395E-3,-4.65807E-3,-5.19468E-3,-6.73590E-3,-8.05378E-3,-7.14438E-3,-6.80034E-3,-4.48518E-3,-4.22230E-3,-3.29002E-3,-6.81337E-3,-5.92160E-3,-5.87259E-3,-4.44653E-3,-3.91633E-3,-4.03598E-3,-4.30236E-3,-3.76930E-3,-4.32318E-3,-4.87138E-3,-2.03147E-3,-2.46064E-3,-3.68779E-3,-4.54909E-3,-6.21056E-3,-5.97387E-3,-5.08180E-3,-5.44868E-3,-5.00580E-3,-4.27426E-3,-5.19139E-3,-7.63150E-3,-6.43965E-3,-4.74690E-3,-4.72906E-3,-5.87310E-3,-6.55194E-3,-4.60434E-3,-4.36144E-3,-5.77501E-3,-5.71002E-3,-5.45426E-3,-5.06832E-3,-4.54443E-3,-4.31654E-3,-4.94858E-3,-4.66786E-3,-4.18634E-3,-3.17543E-3,-4.89739E-3,-4.98298E-3,-5.88964E-3,-6.68518E-3,-6.58892E-3,-5.67315E-3,-5.58131E-3,-3.65094E-3,-4.57038E-3,-5.29765E-3,-4.28004E-3,-3.86156E-3,-3.86760E-3,-3.82213E-3,-3.47538E-3,-2.90484E-3,-2.94545E-3,-2.35972E-3,-3.01181E-3,-3.60475E-3,-4.20149E-3
1.26019E+3,NaN,NaN,NaN,NaN,NaN,NaN,NaN,-5.62838E-4,-1.05160E-3,-3.02170E-4,5.64285E-4,2.60906E-4,-4.24727E-5,2.13320E-4,7.76401E-4,1.33948E-3,1.08214E-3,6.04363E-4,1.26582E-4,3.97944E-5,-1.80447E-5,-3.84019E-5,4.10794E-4,8.59991E-4,1.13204E-3,7.64066E-4,3.96091E-4,1.20989E-4,1.12530E-5,-9.84834E-5,8.90856E-6,4.38291E-4,-5.47202E-5,1.65087E-4,1.30524E-3,9.22917E-4,3.43887E-4,-2.04841E-4,-1.18965E-3,-1.05093E-3,-7.22161E-4,-2.37664E-4,9.04601E-4,-2.72235E-4,-2.27096E-3,-2.24559E-3,2.25205E-3,1.50983E-2,1.89176E-2,-1.10582E-2,-7.23738E-2,-1.33981E-1,-1.71825E-1,-1.80456E-1,-1.60117E-1,-9.99573E-2,-1.05893E-2,3.47983E-2,1.49089E-2,-7.72234E-3,-8.15763E-3,-5.89612E-3,-6.13736E-3,-6.46492E-3,-5.98404E-3,-5.82244E-3,-5.71226E-3,-5.20156E-3,-5.40643E-3,-5.92073E-3,-7.47142E-3,-7.99336E-3,-7.71647E-3,-6.67527E-3,-5.32322E-3,-3.80910E-3,-4.86285E-3,-6.65311E-3,-6.12823E-3,-5.59841E-3,-4.55784E-3,-4.33517E-3,-4.80691E-3,-4.61395E-3,-4.15530E-3,-5.30900E-3,-4.09725E-3,-2.41770E-3,-3.59064E-3,-4.48888E-3,-5.57564E-3,-6.19085E-3,-5.60844E-3,-5.29089E-3,-5.23551E-3,-5.15389E-3,-4.93948E-3,-5.31587E-3,-6.91271E-3,-6.79930E-3,-5.11332E-3,-4.69261E-3,-5.82046E-3,-6.68223E-3,-4.90417E-3,-4.85514E-3,-5.92979E-3,-5.93706E-3,-5.53072E-3,-5.03048E-3,-4.73532E-3,-4.33967E-3,-4.88602E-3,-4.49771E-3,-3.70103E-3,-3.03537E-3,-5.21487E-3,-5.21765E-3,-5.97643E-3,-6.36542E-3,-6.39564E-3,-6.31961E-3,-5.42035E-3,-3.51911E-3,-5.05251E-3,-5.63403E-3,-4.55837E-3,-3.73513E-3,-3.81355E-3,-4.22908E-3,-3.99187E-3,-3.00357E-3,-3.05406E-3,-2.74233E-3,-3.39567E-3,-3.85044E-3,-4.27983E-3
1.26366E+3,NaN,NaN,NaN,NaN,NaN,NaN,NaN,-4.33142E-4,-9.09499E-4,-6.44634E-4,4.78409E-4,1.51104E-4,-1.76201E-4,3.11471E-4,8.70137E-4,1.37066E-3,1.00232E-3,6.33975E-4,2.91235E-4,4.74235E-5,-1.96388E-4,-2.36945E-4,1.02574E-4,4.42092E-4,5.31967E-4,3.63355E-4,1.94743E-4,1.57412E-4,1.95818E-4,2.34224E-4,4.23299E-4,5.64713E-4,-6.18469E-4,1.52139E-4,9.94745E-4,1.10449E-4,2.96855E-4,-6.92266E-4,-9.31813E-4,-5.51003E-4,-1.03367E-3,-2.91053E-4,1.27178E-3,-1.22769E-3,-2.49068E-3,-2.05608E-3,1.74777E-3,1.24150E-2,1.55962E-2,-1.53270E-2,-7.94771E-2,-1.40352E-1,-1.82116E-1,-1.82138E-1,-1.60003E-1,-9.08101E-2,5.55263E-3,3.95894E-2,9.63147E-3,-9.07541E-3,-7.05949E-3,-5.84116E-3,-6.03753E-3,-6.63451E-3,-5.41094E-3,-6.50209E-3,-5.08968E-3,-4.97888E-3,-5.30119E-3,-5.86905E-3,-7.90672E-3,-7.44791E-3,-7.54437E-3,-5.45451E-3,-5.28469E-3,-3.83480E-3,-6.39677E-3,-6.54347E-3,-6.31396E-3,-5.77449E-3,-4.51500E-3,-4.10337E-3,-4.22655E-3,-4.27702E-3,-4.46142E-3,-5.30511E-3,-2.88136E-3,-3.13126E-3,-3.75862E-3,-4.61856E-3,-5.90324E-3,-5.74901E-3,-5.52791E-3,-5.01869E-3,-4.96869E-3,-4.54550E-3,-4.99727E-3,-5.46033E-3,-5.63032E-3,-6.89588E-3,-5.33913E-3,-5.07659E-3,-5.93849E-3,-6.30677E-3,-4.29389E-3,-4.46737E-3,-5.40373E-3,-5.29648E-3,-5.02176E-3,-4.96400E-3,-4.16186E-3,-4.08662E-3,-5.04364E-3,-4.26034E-3,-3.39944E-3,-2.79910E-3,-5.19561E-3,-5.15632E-3,-5.96615E-3,-6.43868E-3,-6.11036E-3,-5.44006E-3,-4.96158E-3,-3.47475E-3,-4.57272E-3,-5.49221E-3,-4.37183E-3,-3.50864E-3,-3.72256E-3,-4.41366E-3,-3.63859E-3,-2.74660E-3,-2.91636E-3,-2.57187E-3,-2.82210E-3,-3.58775E-3,-4.18173E-3
1.26713E+3,NaN,NaN,NaN,NaN,NaN,NaN,NaN,-6.09203E-4,-8.54154E-4,-4.29427E-4,5.62067E-4,5.12592E-4,5.43805E-4,9.14760E-4,1.28572E-3,1.31695E-3,6.73121E-4,2.92932E-5,-2.76398E-4,-2.12277E-4,-1.48156E-4,4.97437E-5,3.29468E-4,6.09193E-4,5.93707E-4,4.86699E-4,3.79690E-4,4.09887E-4,4.54286E-4,5.11752E-4,7.89727E-4,3.95492E-4,-5.88150E-4,7.72432E-4,1.51020E-3,1.06359E-4,6.77867E-4,-6.61401E-4,-1.89942E-3,-3.18922E-4,-8.22869E-4,-1.09731E-4,1.67009E-3,-1.41426E-3,-2.64924E-3,-1.19021E-3,1.84563E-3,1.00141E-2,1.52326E-2,-1.49635E-2,-8.32752E-2,-1.48340E-1,-1.95159E-1,-1.87365E-1,-1.64310E-1,-8.64905E-2,1.73032E-2,4.57282E-2,5.59203E-3,-1.32269E-2,-6.78016E-3,-6.61419E-3,-6.71763E-3,-7.16976E-3,-5.35359E-3,-7.26533E-3,-5.16237E-3,-5.76331E-3,-5.78217E-3,-6.87981E-3,-8.32132E-3,-7.43115E-3,-7.79813E-3,-4.91498E-3,-5.86721E-3,-3.75884E-3,-7.57885E-3,-6.22650E-3,-6.38332E-3,-5.84321E-3,-4.99229E-3,-4.58437E-3,-4.63351E-3,-4.46116E-3,-4.08510E-3,-5.86231E-3,-1.92301E-3,-3.47849E-3,-4.56225E-3,-5.00626E-3,-6.43521E-3,-6.08584E-3,-5.31881E-3,-4.94869E-3,-4.84604E-3,-4.46522E-3,-5.95756E-3,-5.85544E-3,-4.34167E-3,-6.56324E-3,-4.92792E-3,-4.95811E-3,-6.37063E-3,-5.74130E-3,-4.17407E-3,-4.79472E-3,-5.18667E-3,-5.28914E-3,-4.95285E-3,-5.05996E-3,-4.05814E-3,-4.31779E-3,-5.04783E-3,-4.10193E-3,-3.31258E-3,-2.55271E-3,-4.78092E-3,-5.38244E-3,-5.90142E-3,-6.32670E-3,-5.92647E-3,-5.26024E-3,-4.89759E-3,-3.18226E-3,-4.50713E-3,-5.51406E-3,-3.97198E-3,-3.04948E-3,-3.32076E-3,-4.37523E-3,-3.92060E-3,-3.08729E-3,-3.21300E-3,-2.85046E-3,-3.34859E-3,-3.84749E-3,-4.24884E-3
1.27060E+3,NaN,NaN,NaN,NaN,NaN,NaN,NaN,-6.41377E-4,-9.52878E-4,-3.05978E-5,6.41539E-4,5.05068E-4,5.80629E-4,9.03577E-4,1.22652E-3,9.62965E-4,3.15484E-4,-3.31997E-4,-2.79964E-4,8.68890E-6,2.97342E-4,2.29681E-4,1.18024E-4,1.20127E-5,7.16968E-5,1.31381E-4,2.09116E-4,3.71474E-4,5.33833E-4,7.05627E-4,7.34248E-4,2.55488E-4,-1.06259E-4,5.67180E-4,8.26950E-4,4.35641E-4,4.42178E-4,-6.38954E-4,-4.49227E-4,-5.71777E-5,-3.48932E-4,8.11859E-4,1.23029E-3,-1.20021E-3,-1.85727E-3,-2.45697E-4,2.71533E-3,9.83905E-3,1.03123E-2,-2.22963E-2,-8.71019E-2,-1.54924E-1,-1.96099E-1,-1.89629E-1,-1.56583E-1,-7.38749E-2,1.82843E-2,4.04177E-2,5.40401E-3,-1.23057E-2,-7.17358E-3,-6.88723E-3,-7.06620E-3,-6.73462E-3,-5.68965E-3,-6.51271E-3,-5.32019E-3,-5.86820E-3,-6.05800E-3,-6.79620E-3,-7.44737E-3,-7.44037E-3,-6.59145E-3,-5.49117E-3,-5.49513E-3,-4.73578E-3,-7.19326E-3,-6.53190E-3,-6.66344E-3,-6.09492E-3,-5.04483E-3,-4.84695E-3,-4.90294E-3,-4.85492E-3,-4.73043E-3,-4.80883E-3,-2.56080E-3,-3.79926E-3,-4.79955E-3,-5.33327E-3,-5.66083E-3,-5.87968E-3,-5.74639E-3,-5.10778E-3,-5.06691E-3,-4.73743E-3,-5.85551E-3,-5.97182E-3,-4.78717E-3,-6.17305E-3,-5.31104E-3,-5.04998E-3,-6.10839E-3,-5.57851E-3,-4.15223E-3,-4.92793E-3,-5.18879E-3,-4.89947E-3,-4.70351E-3,-4.89500E-3,-3.23247E-3,-4.08040E-3,-4.90551E-3,-3.89364E-3,-3.23226E-3,-1.97504E-3,-4.75526E-3,-4.70729E-3,-5.14901E-3,-5.39827E-3,-4.58720E-3,-4.78681E-3,-5.09311E-3,-3.32108E-3,-4.59038E-3,-5.30799E-3,-3.58408E-3,-3.23070E-3,-3.30598E-3,-4.55031E-3,-3.51639E-3,-2.82599E-3,-2.86939E-3,-2.36279E-3,-2.97533E-3,-3.22066E-3,-4.02486E-3
1.27407E+3,NaN,NaN,NaN,NaN,NaN,NaN,NaN,-5.73552E-4,-1.02945E-3,2.05881E-4,1.10435E-3,1.03958E-3,9.77089E-4,9.15437E-4,8.53786E-4,2.84790E-4,-3.58963E-4,-9.89277E-4,-7.02015E-4,-4.14753E-4,-1.45832E-4,2.48241E-5,1.95480E-4,3.15922E-4,3.19279E-4,3.22636E-4,2.35855E-4,3.57415E-5,-1.64372E-4,3.61444E-4,4.38734E-4,-3.88459E-4,-2.57007E-4,3.45002E-4,4.54765E-4,6.52461E-4,-2.75774E-5,-1.12005E-3,-8.77999E-4,-5.40900E-4,-4.64869E-4,1.11503E-3,5.96262E-4,-1.75338E-3,-1.88193E-3,-8.73679E-4,1.82376E-3,1.01097E-2,9.06743E-3,-2.55955E-2,-9.24295E-2,-1.65936E-1,-1.99547E-1,-1.95704E-1,-1.55989E-1,-6.43610E-2,2.44243E-2,3.66722E-2,2.04222E-3,-1.14042E-2,-8.32273E-3,-7.44283E-3,-7.77622E-3,-6.46178E-3,-6.38493E-3,-5.87025E-3,-5.88658E-3,-6.30246E-3,-6.64197E-3,-7.52352E-3,-7.92510E-3,-7.82148E-3,-6.15080E-3,-5.97482E-3,-5.27910E-3,-6.06597E-3,-6.64849E-3,-6.32912E-3,-6.20923E-3,-5.60269E-3,-5.16679E-3,-4.91589E-3,-4.92764E-3,-4.45410E-3,-5.22969E-3,-4.08291E-3,-3.24379E-3,-4.26154E-3,-5.08560E-3,-5.71219E-3,-5.82788E-3,-5.60515E-3,-4.52854E-3,-4.66090E-3,-4.79364E-3,-4.61437E-3,-6.32587E-3,-6.06191E-3,-5.06259E-3,-6.25611E-3,-5.47911E-3,-4.77203E-3,-6.67788E-3,-5.46591E-3,-4.29742E-3,-5.34524E-3,-4.88016E-3,-4.99903E-3,-4.84597E-3,-4.96012E-3,-2.99698E-3,-4.17857E-3,-4.46664E-3,-3.01676E-3,-2.75987E-3,-2.50844E-3,-4.27338E-3,-4.40425E-3,-4.76250E-3,-5.40090E-3,-5.17818E-3,-4.49492E-3,-4.14981E-3,-3.27432E-3,-4.71392E-3,-5.31600E-3,-3.51290E-3,-2.76926E-3,-3.03904E-3,-4.37236E-3,-3.74932E-3,-3.13582E-3,-2.93761E-3,-2.67171E-3,-3.51186E-3,-3.51910E-3,-3.88345E-3
1.27755E+3,NaN,NaN,NaN,NaN,NaN,NaN,NaN,-4.84157E-4,-9.34543E-4,5.42909E-4,1.13266E-3,9.78829E-4,8.04058E-4,6.29151E-4,4.06752E-4,-1.16359E-4,-6.39469E-4,-9.23540E-4,-5.90644E-4,-2.57747E-4,-4.71785E-6,1.38969E-4,2.82656E-4,3.58608E-4,3.82400E-4,4.06193E-4,2.95589E-4,1.29507E-4,-3.65748E-5,3.14064E-4,4.16498E-4,-4.58019E-4,-3.20415E-5,1.03756E-3,3.89701E-4,1.22683E-3,-1.69519E-4,-1.21698E-3,-6.01637E-4,4.11362E-4,2.62788E-4,1.54599E-3,3.75258E-4,-1.95998E-3,-8.66228E-4,-3.52960E-4,2.61495E-3,1.26441E-2,1.28699E-2,-2.30475E-2,-9.44018E-2,-1.74929E-1,-2.03940E-1,-2.02213E-1,-1.59383E-1,-5.57582E-2,3.74663E-2,3.85956E-2,-3.08518E-3,-1.11071E-2,-7.74389E-3,-7.63234E-3,-8.02847E-3,-6.07802E-3,-6.85461E-3,-5.28629E-3,-6.32649E-3,-6.54191E-3,-6.74136E-3,-7.09744E-3,-7.43545E-3,-7.03196E-3,-5.05852E-3,-6.33315E-3,-4.45264E-3,-6.67847E-3,-6.00083E-3,-6.08323E-3,-6.53929E-3,-5.24785E-3,-5.06868E-3,-4.57819E-3,-4.70716E-3,-3.98184E-3,-5.09904E-3,-3.30286E-3,-3.45085E-3,-4.37856E-3,-4.85250E-3,-5.45609E-3,-5.35592E-3,-5.63593E-3,-4.11570E-3,-4.82182E-3,-3.49678E-3,-4.26878E-3,-5.64079E-3,-5.81365E-3,-5.06464E-3,-5.42465E-3,-5.39775E-3,-4.18808E-3,-5.96446E-3,-5.06430E-3,-3.84174E-3,-4.91683E-3,-5.04301E-3,-4.84084E-3,-4.61507E-3,-4.88996E-3,-2.76618E-3,-3.72870E-3,-4.30933E-3,-2.33357E-3,-2.48045E-3,-2.33767E-3,-3.95089E-3,-4.09024E-3,-4.87087E-3,-5.46046E-3,-4.24830E-3,-3.53277E-3,-3.55951E-3,-3.37630E-3,-4.57742E-3,-4.78327E-3,-3.17321E-3,-2.65791E-3,-2.69407E-3,-4.02153E-3,-3.53678E-3,-2.54814E-3,-2.52858E-3,-1.86673E-3,-3.21515E-3,-3.26093E-3,-3.45552E-3
1.28102E+3,NaN,NaN,NaN,NaN,NaN,NaN,NaN,-6.79095E-4,-7.59609E-4,9.44897E-4,7.25587E-4,4.55925E-4,5.08638E-4,5.61351E-4,3.89570E-4,-1.20559E-4,-6.30688E-4,-7.54513E-4,-5.51527E-4,-3.48541E-4,-2.33777E-4,-1.59664E-4,-8.55509E-5,-5.23642E-5,-2.77134E-5,-3.06255E-6,-7.48514E-5,-1.49594E-4,-1.29223E-4,5.16498E-4,1.84215E-4,-3.68719E-4,-3.26414E-4,4.56161E-4,6.15122E-5,7.82502E-4,-1.12867E-3,-1.27421E-3,-7.62028E-4,-4.10146E-5,-1.94315E-4,1.21780E-3,3.65272E-4,-1.85814E-3,-1.44717E-3,-1.43087E-3,3.06470E-3,1.25240E-2,1.22312E-2,-2.47995E-2,-1.01395E-1,-1.81353E-1,-2.09614E-1,-2.04725E-1,-1.57838E-1,-4.85387E-2,4.46421E-2,3.98951E-2,-6.35228E-3,-1.32986E-2,-7.15690E-3,-7.87046E-3,-8.23630E-3,-6.16050E-3,-7.34249E-3,-5.65716E-3,-7.00872E-3,-6.97860E-3,-7.08972E-3,-7.31126E-3,-7.94579E-3,-7.39297E-3,-6.02436E-3,-6.86640E-3,-5.27590E-3,-7.43762E-3,-6.59150E-3,-6.17725E-3,-7.04540E-3,-5.47158E-3,-5.74376E-3,-5.16637E-3,-5.79222E-3,-4.79296E-3,-5.46290E-3,-3.00417E-3,-4.28443E-3,-5.17352E-3,-5.70944E-3,-5.45632E-3,-6.08888E-3,-5.58603E-3,-4.74035E-3,-4.96630E-3,-4.08258E-3,-5.50280E-3,-5.47510E-3,-6.12021E-3,-5.82289E-3,-5.59433E-3,-5.62579E-3,-5.08422E-3,-6.84987E-3,-4.91822E-3,-4.39485E-3,-4.97782E-3,-4.41308E-3,-4.74755E-3,-4.94559E-3,-4.80579E-3,-2.71643E-3,-4.31183E-3,-4.31897E-3,-2.79552E-3,-2.87082E-3,-2.29358E-3,-4.06105E-3,-3.92379E-3,-4.85239E-3,-5.22717E-3,-3.83476E-3,-3.84806E-3,-3.55708E-3,-3.22515E-3,-4.68327E-3,-4.80797E-3,-3.06154E-3,-2.74825E-3,-3.04498E-3,-3.96308E-3,-3.43379E-3,-2.61091E-3,-2.84788E-3,-2.66534E-3,-3.58149E-3,-3.52163E-3,-3.81787E-3
1.28450E+3,NaN,NaN,NaN,NaN,NaN,NaN,NaN,-3.03709E-4,-4.00803E-4,1.15036E-3,4.39938E-4,2.14667E-4,1.84887E-4,1.55107E-4,-1.03392E-4,-4.80242E-4,-8.57092E-4,-7.99584E-4,-6.34742E-4,-4.69899E-4,-2.44344E-4,-1.52345E-5,2.08121E-4,3.71522E-4,5.34924E-4,6.11512E-4,3.98164E-4,1.84816E-4,9.38057E-5,3.63973E-4,3.55592E-4,-2.09962E-4,-7.75765E-7,2.54313E-4,4.10803E-4,5.31233E-4,-2.32473E-4,-5.80373E-4,-1.96924E-4,5.04607E-4,7.05775E-4,1.01813E-3,1.05199E-4,-6.92780E-4,-1.20833E-3,-7.79042E-4,4.78136E-3,1.34645E-2,1.03024E-2,-2.87605E-2,-1.06294E-1,-1.80353E-1,-2.12665E-1,-2.07490E-1,-1.50790E-1,-4.10190E-2,4.33045E-2,3.67049E-2,-4.07074E-3,-1.22542E-2,-6.84070E-3,-8.33250E-3,-7.99066E-3,-6.89418E-3,-6.92965E-3,-6.16868E-3,-6.99389E-3,-6.76551E-3,-6.86141E-3,-7.00290E-3,-7.16261E-3,-6.37603E-3,-5.92472E-3,-5.89159E-3,-5.51105E-3,-6.64139E-3,-5.52544E-3,-6.10898E-3,-6.21885E-3,-5.25630E-3,-5.16037E-3,-5.03238E-3,-4.71945E-3,-4.42417E-3,-4.38324E-3,-2.57496E-3,-3.72282E-3,-4.66253E-3,-4.97037E-3,-5.27048E-3,-5.15750E-3,-4.80325E-3,-4.55620E-3,-4.27851E-3,-4.05570E-3,-5.08288E-3,-4.10483E-3,-5.48446E-3,-4.77396E-3,-4.97536E-3,-5.42935E-3,-4.41838E-3,-5.77562E-3,-4.45664E-3,-3.40433E-3,-4.92780E-3,-4.51595E-3,-5.05230E-3,-4.54712E-3,-4.17529E-3,-2.43089E-3,-4.12517E-3,-3.45871E-3,-1.87095E-3,-2.12553E-3,-1.89860E-3,-3.59026E-3,-3.03960E-3,-3.85105E-3,-4.10825E-3,-3.42320E-3,-3.27832E-3,-3.16892E-3,-3.09664E-3,-4.03166E-3,-4.07775E-3,-2.74042E-3,-2.36298E-3,-2.20617E-3,-3.73953E-3,-3.31005E-3,-2.54654E-3,-2.14619E-3,-1.64471E-3,-2.88421E-3,-2.81385E-3,-3.21996E-3
1.28797E+3,NaN,NaN,NaN,NaN,NaN,NaN,NaN,-9.14946E-4,-1.84895E-4,1.33882E-3,5.67988E-5,2.18884E-4,5.84463E-4,9.50042E-4,3.21446E-4,-3.97321E-4,-1.06472E-3,-9.23117E-4,-7.81510E-4,-6.44172E-4,-5.23639E-4,-4.03107E-4,-2.52703E-4,-4.56895E-5,1.61324E-4,1.70616E-4,-2.73117E-5,-2.25240E-4,-4.12665E-4,4.23392E-5,-5.20537E-4,-5.49836E-4,-8.63910E-5,-1.08677E-4,2.71315E-5,3.66138E-4,-2.24412E-4,-9.69616E-4,-3.19603E-4,4.02222E-4,7.44906E-4,3.63066E-4,-3.73184E-4,-9.10984E-4,-2.38348E-3,-1.25052E-3,5.65019E-3,1.54417E-2,1.12195E-2,-3.33294E-2,-1.14028E-1,-1.84193E-1,-2.17488E-1,-2.12442E-1,-1.46359E-1,-2.77326E-2,4.83412E-2,3.19641E-2,-5.85076E-3,-1.01853E-2,-7.14646E-3,-8.06924E-3,-7.13188E-3,-7.30866E-3,-6.21753E-3,-6.37190E-3,-6.89546E-3,-7.26215E-3,-7.15474E-3,-7.37456E-3,-7.20209E-3,-5.86552E-3,-6.63621E-3,-5.88414E-3,-6.05620E-3,-6.30218E-3,-5.75424E-3,-6.40565E-3,-6.09825E-3,-6.11383E-3,-5.83379E-3,-5.62802E-3,-4.71916E-3,-5.07200E-3,-4.07022E-3,-3.41086E-3,-4.32963E-3,-5.55659E-3,-5.82977E-3,-5.50236E-3,-5.31251E-3,-4.45972E-3,-4.62022E-3,-4.07459E-3,-4.38837E-3,-4.86636E-3,-4.04894E-3,-5.61306E-3,-4.41409E-3,-4.71789E-3,-5.90176E-3,-4.63049E-3,-6.18111E-3,-4.37922E-3,-3.66014E-3,-5.17280E-3,-4.08503E-3,-4.24920E-3,-4.78966E-3,-4.10181E-3,-2.53418E-3,-4.14791E-3,-3.18614E-3,-1.27725E-3,-2.70614E-3,-2.21625E-3,-3.21486E-3,-3.18062E-3,-3.72532E-3,-4.16618E-3,-3.21031E-3,-2.93553E-3,-3.30896E-3,-2.86784E-3,-3.88764E-3,-3.92352E-3,-2.52713E-3,-1.96284E-3,-1.82930E-3,-3.57853E-3,-3.63751E-3,-2.49831E-3,-2.30671E-3,-1.90910E-3,-3.16699E-3,-3.23672E-3,-3.12270E-3
1.29145E+3,NaN,NaN,NaN,NaN,NaN,NaN,3.30070E-5,-9.36607E-4,-2.62482E-4,1.08431E-3,9.53351E-4,6.43580E-4,3.33810E-4,1.55265E-5,-3.43617E-4,-7.02760E-4,-8.67220E-4,-6.08862E-4,-3.50504E-4,-1.71347E-4,-8.58663E-5,-3.85523E-7,-8.24955E-5,-2.75872E-4,-4.69248E-4,-5.41793E-4,-5.72727E-4,-6.03661E-4,-1.67713E-4,9.09872E-5,-6.70599E-4,-3.01696E-4,-3.75997E-4,-2.34719E-4,1.38484E-4,2.00221E-4,-7.19683E-4,-1.19558E-3,-2.95182E-5,9.72788E-5,2.82520E-4,-8.48343E-4,-1.02184E-4,-3.51858E-4,-2.74662E-3,-1.66497E-3,5.46299E-3,1.62163E-2,1.29963E-2,-3.47087E-2,-1.20725E-1,-1.93577E-1,-2.28832E-1,-2.23210E-1,-1.49012E-1,-1.21905E-2,6.34602E-2,2.97295E-2,-1.20994E-2,-7.35686E-3,-7.39678E-3,-8.40287E-3,-6.86154E-3,-7.78269E-3,-5.92567E-3,-7.08025E-3,-7.08584E-3,-7.08387E-3,-7.17142E-3,-6.77133E-3,-6.27419E-3,-5.68666E-3,-7.19364E-3,-4.93764E-3,-6.04876E-3,-5.99415E-3,-5.56026E-3,-6.64552E-3,-5.75343E-3,-6.38207E-3,-5.43310E-3,-5.72045E-3,-4.25796E-3,-5.57143E-3,-3.54169E-3,-3.74126E-3,-4.75205E-3,-5.37482E-3,-5.27306E-3,-5.48568E-3,-5.77176E-3,-4.98131E-3,-4.88687E-3,-3.72634E-3,-5.28783E-3,-4.59050E-3,-4.28960E-3,-5.07633E-3,-4.57702E-3,-4.53264E-3,-5.45294E-3,-4.85064E-3,-6.04641E-3,-3.91689E-3,-3.63711E-3,-4.48423E-3,-4.16080E-3,-4.25513E-3,-4.48994E-3,-3.98929E-3,-2.81411E-3,-3.67249E-3,-3.39099E-3,-1.49367E-3,-2.15480E-3,-2.14762E-3,-3.49825E-3,-2.65183E-3,-3.50406E-3,-4.10137E-3,-3.43886E-3,-2.99233E-3,-2.92669E-3,-2.84753E-3,-3.60042E-3,-3.76786E-3,-3.00956E-3,-2.42447E-3,-2.28528E-3,-3.70213E-3,-3.04573E-3,-1.95479E-3,-2.01275E-3,-2.02520E-3,-2.89747E-3,-3.36865E-3,-2.92761E-3
1.29492E+3,NaN,NaN,NaN,NaN,NaN,NaN,1.49763E-5,-6.59313E-4,-3.27859E-4,8.80101E-4,2.84872E-4,3.50662E-4,4.16452E-4,2.95485E-4,-7.73759E-5,-4.50236E-4,-4.95042E-4,-2.90964E-4,-8.68853E-5,-1.07900E-4,-2.20199E-4,-3.32499E-4,-1.00755E-4,1.89653E-4,4.80061E-4,1.87152E-4,-1.07403E-4,-3.54146E-4,-1.99932E-4,3.60516E-4,-4.46255E-4,-1.21143E-4,8.62751E-5,1.51873E-4,7.73347E-4,1.22615E-4,-5.98679E-4,-3.67240E-4,3.25873E-4,-3.87405E-4,4.15151E-4,-3.64843E-4,5.44069E-4,2.38744E-4,-2.40133E-3,-1.52376E-3,5.92563E-3,1.66391E-2,1.30759E-2,-3.49478E-2,-1.20847E-1,-1.95389E-1,-2.33290E-1,-2.24917E-1,-1.45393E-1,-4.49482E-3,6.81333E-2,3.02914E-2,-1.38169E-2,-6.64959E-3,-7.25023E-3,-8.34659E-3,-6.30244E-3,-6.73253E-3,-5.50485E-3,-7.00866E-3,-7.02850E-3,-6.83201E-3,-6.60476E-3,-6.10037E-3,-5.95595E-3,-5.71771E-3,-6.27314E-3,-4.74465E-3,-6.25988E-3,-5.59696E-3,-5.27217E-3,-5.77675E-3,-5.19494E-3,-5.70394E-3,-5.25788E-3,-5.25513E-3,-4.27552E-3,-4.83543E-3,-2.53033E-3,-3.93270E-3,-4.67843E-3,-5.59217E-3,-5.12658E-3,-4.55953E-3,-4.73225E-3,-4.07703E-3,-4.29216E-3,-3.35516E-3,-4.75673E-3,-4.71113E-3,-4.57123E-3,-4.68038E-3,-3.38495E-3,-4.18234E-3,-4.85699E-3,-4.08948E-3,-5.17842E-3,-4.35682E-3,-2.97992E-3,-3.47504E-3,-3.67191E-3,-3.50230E-3,-4.12787E-3,-3.11857E-3,-1.63072E-3,-3.14734E-3,-2.56700E-3,-1.09284E-3,-1.91670E-3,-2.14772E-3,-2.89753E-3,-2.75041E-3,-3.18358E-3,-3.22342E-3,-2.23151E-3,-2.32397E-3,-2.17278E-3,-2.51300E-3,-3.23877E-3,-3.32107E-3,-2.18082E-3,-2.04991E-3,-1.94690E-3,-3.15843E-3,-2.60063E-3,-1.81614E-3,-1.84163E-3,-1.64294E-3,-2.48136E-3,-2.45501E-3,-2.05501E-3
1.29840E+3,NaN,NaN,NaN,NaN,NaN,NaN,-2.30762E-4,-2.44452E-4,5.08099E-5,6.57012E-4,1.78172E-4,-1.53296E-5,-2.08831E-4,-2.42355E-4,-1.99511E-4,-1.56666E-4,-1.33042E-4,-1.13646E-4,-9.42490E-5,-2.15134E-4,-3.41470E-4,-4.32530E-4,-2.24329E-4,-1.61275E-5,1.16374E-4,1.97104E-5,-7.69532E-5,-1.76888E-6,1.89340E-4,-2.29820E-4,-6.45868E-4,-3.66970E-4,-3.50329E-4,5.78495E-5,5.30871E-4,3.09465E-5,-7.53814E-4,-5.12214E-4,3.93268E-4,7.09096E-4,4.20753E-5,-4.05100E-4,2.15370E-4,-2.61850E-4,-2.06487E-3,-6.15774E-4,6.73312E-3,1.61932E-2,8.16447E-3,-4.22082E-2,-1.24661E-1,-1.99189E-1,-2.37346E-1,-2.22665E-1,-1.30538E-1,4.95108E-3,6.52067E-2,2.70389E-2,-9.79022E-3,-7.23144E-3,-7.14409E-3,-7.92871E-3,-6.91543E-3,-6.55362E-3,-5.83281E-3,-6.43106E-3,-6.72745E-3,-6.71289E-3,-6.59055E-3,-6.24946E-3,-5.59423E-3,-5.34456E-3,-5.35641E-3,-4.93779E-3,-4.84231E-3,-4.80511E-3,-5.12257E-3,-5.83797E-3,-5.71725E-3,-5.36288E-3,-5.30979E-3,-4.84627E-3,-4.92825E-3,-4.61082E-3,-3.05179E-3,-3.51280E-3,-4.47920E-3,-4.86504E-3,-4.95398E-3,-4.98126E-3,-4.23232E-3,-3.98264E-3,-4.00674E-3,-3.90119E-3,-4.45856E-3,-3.78991E-3,-4.92814E-3,-4.56106E-3,-3.73511E-3,-4.16172E-3,-4.35886E-3,-4.14889E-3,-4.80959E-3,-3.40440E-3,-3.21226E-3,-3.40097E-3,-3.56001E-3,-4.40606E-3,-3.66082E-3,-3.09183E-3,-1.97449E-3,-2.85471E-3,-2.06499E-3,-1.26522E-3,-1.92735E-3,-2.28180E-3,-2.85234E-3,-2.29599E-3,-2.60519E-3,-3.16121E-3,-2.61994E-3,-2.22980E-3,-1.98784E-3,-2.54821E-3,-2.97790E-3,-2.81703E-3,-2.32901E-3,-2.18061E-3,-1.78762E-3,-2.74718E-3,-2.09988E-3,-1.58213E-3,-1.28828E-3,-1.22671E-3,-2.43015E-3,-2.30257E-3,-2.35406E-3
1.30188E+3,NaN,NaN,NaN,NaN,NaN,NaN,1.51273E-4,-5.22351E-4,-9.84363E-5,1.34766E-4,-3.28325E-5,9.78349E-5,2.28502E-4,1.84314E-4,1.26114E-4,6.00355E-5,-1.12900E-4,-2.85836E-4,-4.30781E-4,-4.71383E-4,-5.11986E-4,-4.80830E-4,-3.18941E-4,-1.57052E-4,-1.10907E-4,-1.81792E-4,-2.52677E-4,-1.87504E-4,-2.68660E-4,-4.06753E-4,-2.23590E-4,-1.65749E-4,2.83203E-6,6.37412E-4,8.36066E-4,4.74397E-6,-7.31934E-4,3.02130E-4,9.46222E-4,6.97062E-4,-8.85940E-6,-2.16173E-4,4.87310E-4,-3.41932E-4,-1.73635E-3,-6.83892E-4,7.11621E-3,1.78519E-2,8.65081E-3,-4.44148E-2,-1.29654E-1,-2.04753E-1,-2.42876E-1,-2.26249E-1,-1.18239E-1,2.00273E-2,6.38142E-2,1.92331E-2,-7.76741E-3,-7.45369E-3,-7.81834E-3,-7.42706E-3,-7.28233E-3,-6.46707E-3,-6.36147E-3,-6.98090E-3,-7.21768E-3,-6.87498E-3,-6.05628E-3,-5.78452E-3,-5.98903E-3,-5.84609E-3,-5.56163E-3,-5.65840E-3,-5.91528E-3,-5.56091E-3,-5.87867E-3,-5.66039E-3,-5.65471E-3,-5.72827E-3,-5.29061E-3,-4.68608E-3,-4.90627E-3,-4.20116E-3,-3.60087E-3,-4.30258E-3,-4.44433E-3,-4.41456E-3,-4.50129E-3,-4.78886E-3,-4.53491E-3,-4.34635E-3,-3.98815E-3,-4.31661E-3,-4.02414E-3,-3.51675E-3,-5.06473E-3,-4.78850E-3,-3.84435E-3,-3.91763E-3,-4.55674E-3,-4.28310E-3,-4.30370E-3,-3.54528E-3,-2.95878E-3,-3.32771E-3,-3.15495E-3,-3.56098E-3,-3.76106E-3,-2.64689E-3,-2.09738E-3,-2.84711E-3,-1.83606E-3,-1.14833E-3,-1.53455E-3,-1.77694E-3,-2.30216E-3,-2.20392E-3,-2.64858E-3,-2.80457E-3,-2.50797E-3,-2.37112E-3,-1.79036E-3,-2.37697E-3,-2.91079E-3,-2.93844E-3,-2.35129E-3,-1.79789E-3,-1.14305E-3,-2.46436E-3,-1.84373E-3,-1.38931E-3,-1.42725E-3,-1.19798E-3,-2.72459E-3,-2.38782E-3,-2.07737E-3
1.30536E+3,NaN,NaN,NaN,NaN,NaN,NaN,-2.91149E-4,-4.77553E-4,3.34365E-4,6.96194E-4,5.00578E-5,1.08347E-4,1.23628E-4,-6.72914E-5,-2.58211E-4,-3.33701E-4,-1.58688E-4,1.63253E-5,3.88262E-5,-1.18942E-4,-2.76711E-4,-1.99622E-4,3.32870E-5,2.66196E-4,2.50013E-4,1.48125E-4,4.62363E-5,3.58629E-4,-1.08605E-4,-5.24594E-4,-3.24107E-4,-2.43008E-4,-2.51695E-4,7.13504E-4,9.02369E-4,2.42063E-4,-3.45316E-4,4.06884E-4,5.12966E-4,4.97542E-4,-2.29883E-4,-2.84119E-4,9.15711E-4,-3.40042E-4,-1.47785E-3,-1.95749E-3,5.44632E-3,1.82527E-2,1.05922E-2,-4.40472E-2,-1.34459E-1,-2.10429E-1,-2.49839E-1,-2.31623E-1,-1.08053E-1,4.28051E-2,7.21365E-2,1.20293E-2,-1.05193E-2,-6.98741E-3,-8.39926E-3,-7.41589E-3,-7.81378E-3,-6.58202E-3,-6.23667E-3,-6.81260E-3,-6.71023E-3,-6.79700E-3,-6.16371E-3,-5.89625E-3,-5.52802E-3,-5.94791E-3,-5.35648E-3,-4.83897E-3,-5.49187E-3,-5.30625E-3,-6.02553E-3,-5.41015E-3,-5.28390E-3,-4.80037E-3,-4.77596E-3,-4.63208E-3,-5.30471E-3,-3.78460E-3,-3.49264E-3,-3.80566E-3,-4.19726E-3,-5.00760E-3,-4.60420E-3,-4.56170E-3,-3.62768E-3,-4.18234E-3,-3.43740E-3,-4.39941E-3,-3.23779E-3,-3.49630E-3,-4.62553E-3,-4.32648E-3,-3.68617E-3,-3.88607E-3,-4.17289E-3,-4.16632E-3,-4.40188E-3,-3.38835E-3,-2.26452E-3,-2.55283E-3,-3.27533E-3,-3.57658E-3,-3.15269E-3,-2.38059E-3,-2.36726E-3,-2.56682E-3,-1.58609E-3,-5.76733E-4,-1.52031E-3,-1.26395E-3,-2.26262E-3,-1.82530E-3,-2.20088E-3,-2.22248E-3,-1.56766E-3,-1.65544E-3,-1.98029E-3,-2.07848E-3,-2.25506E-3,-2.82511E-3,-2.39686E-3,-1.59322E-3,-9.43120E-4,-1.64139E-3,-1.28111E-3,-1.03213E-3,-1.07111E-3,-7.96839E-4,-1.61836E-3,-1.67507E-3,-1.45332E-3
1.30883E+3,NaN,NaN,NaN,NaN,NaN,NaN,-3.30139E-4,-5.35061E-4,1.94890E-5,3.50648E-4,1.48757E-4,1.58180E-4,1.81555E-4,2.24419E-4,2.67283E-4,3.10403E-4,3.53723E-4,3.97043E-4,1.67226E-4,-1.78023E-4,-5.23272E-4,-2.22619E-4,1.95804E-4,6.14226E-4,2.15935E-4,-1.91737E-4,-4.93130E-4,-1.25853E-4,-3.47531E-5,-2.51006E-4,-5.86457E-5,-2.16424E-5,2.68650E-4,7.11071E-4,7.14503E-4,-6.14331E-6,-3.61530E-4,8.31260E-4,8.41161E-4,1.82705E-4,-4.78196E-4,-5.00932E-4,3.12935E-4,-3.40169E-4,-1.15076E-3,-2.31112E-3,5.48715E-3,1.72577E-2,8.89643E-3,-4.47511E-2,-1.39727E-1,-2.15548E-1,-2.52946E-1,-2.27515E-1,-9.66927E-2,5.12208E-2,7.25494E-2,1.08896E-2,-1.40900E-2,-7.07797E-3,-8.23558E-3,-7.41056E-3,-7.49310E-3,-6.32751E-3,-6.50516E-3,-7.02868E-3,-6.61293E-3,-6.64440E-3,-6.02553E-3,-6.02839E-3,-5.93458E-3,-5.68642E-3,-5.43313E-3,-4.90887E-3,-5.29148E-3,-5.20166E-3,-5.89529E-3,-5.49082E-3,-5.71088E-3,-4.95331E-3,-4.80013E-3,-4.87522E-3,-5.27218E-3,-3.79612E-3,-3.57872E-3,-4.15545E-3,-4.27112E-3,-4.57496E-3,-4.22533E-3,-4.32968E-3,-4.20971E-3,-4.04681E-3,-3.82345E-3,-4.15718E-3,-3.35943E-3,-3.69325E-3,-4.27745E-3,-3.90981E-3,-3.69215E-3,-3.68798E-3,-3.86486E-3,-4.10432E-3,-3.64858E-3,-3.04092E-3,-2.51153E-3,-2.41631E-3,-3.04410E-3,-3.46406E-3,-2.92558E-3,-2.40849E-3,-2.04604E-3,-2.16714E-3,-1.64389E-3,-1.16983E-3,-1.34131E-3,-1.75648E-3,-2.61384E-3,-2.15600E-3,-2.18161E-3,-2.11530E-3,-2.01131E-3,-2.00013E-3,-1.46763E-3,-1.74421E-3,-1.92328E-3,-2.40062E-3,-2.07890E-3,-1.66997E-3,-8.93580E-4,-1.45088E-3,-1.24370E-3,-1.26114E-3,-1.16285E-3,-9.30214E-4,-1.82556E-3,-1.92643E-3,-1.57338E-3
1.31231E+3,NaN,NaN,NaN,NaN,NaN,NaN,-3.82943E-4,-4.81879E-4,-1.63488E-5,2.94003E-4,3.15235E-4,4.56580E-4,4.50395E-4,3.68121E-4,2.85847E-4,1.95906E-4,1.04078E-4,1.22511E-5,1.09805E-4,2.18285E-4,3.17993E-4,3.27144E-4,3.36295E-4,3.34766E-4,2.97718E-4,2.60670E-4,2.70694E-4,2.37006E-4,-1.54911E-4,-2.73356E-4,1.15661E-4,1.23638E-4,6.51134E-4,1.04025E-3,6.16454E-4,8.38208E-5,3.43880E-4,5.36030E-4,3.79322E-4,9.66823E-6,-4.63571E-4,-2.16286E-4,1.42169E-4,-2.97427E-4,-1.96431E-3,-2.55777E-3,4.50734E-3,1.40687E-2,3.13646E-3,-5.38312E-2,-1.45239E-1,-2.20787E-1,-2.58901E-1,-2.19743E-1,-8.33764E-2,5.05227E-2,6.79155E-2,1.21777E-2,-1.44207E-2,-7.89425E-3,-7.40262E-3,-7.20950E-3,-6.82355E-3,-6.50993E-3,-6.86461E-3,-6.97101E-3,-6.79599E-3,-6.34882E-3,-5.72116E-3,-5.58088E-3,-5.63481E-3,-5.42418E-3,-4.66429E-3,-4.75254E-3,-5.19826E-3,-5.34472E-3,-5.58212E-3,-5.26518E-3,-4.87926E-3,-4.68302E-3,-4.74869E-3,-4.54246E-3,-4.34711E-3,-3.46614E-3,-3.75045E-3,-4.00856E-3,-3.87150E-3,-3.92248E-3,-4.07227E-3,-4.26473E-3,-3.69199E-3,-3.75012E-3,-3.86448E-3,-3.61843E-3,-2.87018E-3,-3.32611E-3,-3.65482E-3,-3.01694E-3,-3.35938E-3,-3.05508E-3,-3.10650E-3,-3.40577E-3,-3.39057E-3,-2.79821E-3,-2.31990E-3,-2.70212E-3,-2.81315E-3,-3.08975E-3,-2.61162E-3,-2.27832E-3,-1.99432E-3,-1.58000E-3,-6.90028E-4,-8.27999E-4,-1.52296E-3,-1.44480E-3,-2.00498E-3,-1.57607E-3,-1.43246E-3,-1.75218E-3,-1.43336E-3,-1.52165E-3,-1.27926E-3,-1.46157E-3,-1.56370E-3,-2.03978E-3,-1.61989E-3,-9.31157E-4,-4.22859E-4,-1.07979E-3,-9.27375E-4,-1.01687E-3,-8.30296E-4,-5.00170E-4,-1.42675E-3,-1.40813E-3,-6.93710E-4
1.31579E+3,NaN,NaN,NaN,NaN,NaN,NaN,-4.01798E-4,-2.61077E-4,2.84819E-4,2.59669E-4,3.95028E-4,5.70821E-4,2.95183E-4,-3.05178E-5,-3.26280E-4,4.37766E-5,4.13834E-4,6.54560E-4,3.28871E-4,3.18090E-6,-1.58280E-4,1.55945E-5,1.89469E-4,2.24153E-4,1.02884E-4,-1.83860E-5,4.38636E-4,1.40447E-4,-3.41710E-4,3.98310E-5,-3.04964E-4,-1.43114E-4,4.26946E-4,5.38503E-4,3.24192E-4,1.21756E-4,4.80935E-4,5.50483E-4,1.21919E-4,3.80466E-5,-2.62175E-4,4.54499E-5,5.70770E-4,1.37141E-4,-1.60253E-3,-2.56367E-3,4.60710E-3,1.41383E-2,3.21568E-3,-6.11786E-2,-1.49837E-1,-2.25418E-1,-2.62474E-1,-2.12916E-1,-6.55858E-2,5.83088E-2,6.26915E-2,4.42873E-3,-1.33856E-2,-8.08786E-3,-7.89329E-3,-7.85500E-3,-6.93252E-3,-6.42344E-3,-7.01937E-3,-6.53473E-3,-6.25604E-3,-5.84536E-3,-5.86108E-3,-5.97319E-3,-5.58310E-3,-5.47645E-3,-5.17096E-3,-5.48334E-3,-5.72425E-3,-5.62686E-3,-5.22171E-3,-4.84863E-3,-4.63134E-3,-4.70809E-3,-4.66600E-3,-4.92467E-3,-4.53025E-3,-3.92140E-3,-3.93021E-3,-3.98867E-3,-3.60793E-3,-3.58151E-3,-4.07791E-3,-3.90894E-3,-3.96197E-3,-4.00055E-3,-3.79464E-3,-3.31491E-3,-3.13408E-3,-3.61213E-3,-3.06285E-3,-3.68178E-3,-3.42928E-3,-3.30373E-3,-3.19921E-3,-3.49576E-3,-3.10601E-3,-2.81612E-3,-2.73902E-3,-2.22266E-3,-2.39599E-3,-2.89545E-3,-2.36005E-3,-1.85362E-3,-1.35720E-3,-1.05755E-3,-5.83525E-4,-7.18649E-4,-1.13329E-3,-1.17747E-3,-2.29376E-3,-1.66676E-3,-1.74901E-3,-1.77877E-3,-1.72184E-3,-1.42642E-3,-8.03253E-4,-1.18043E-3,-1.52153E-3,-2.04365E-3,-1.04948E-3,-8.95021E-4,-6.98151E-4,-9.11138E-4,-8.04867E-4,-7.25127E-4,-7.42106E-4,-4.02187E-4,-7.84967E-4,-1.22480E-3,-9.07857E-4
1.31927E+3,NaN,NaN,NaN,NaN,NaN,NaN,8.23079E-5,-5.91766E-4,1.32363E-4,1.81517E-4,-4.16110E-5,-7.14530E-5,-7.22795E-5,-7.31060E-5,-1.93992E-5,1.73566E-4,3.66531E-4,3.47514E-4,4.08280E-5,-2.65858E-4,-2.50640E-4,1.02882E-5,2.71217E-4,2.25928E-4,5.55490E-5,-1.14830E-4,4.09782E-4,-1.54629E-5,-3.39815E-4,-8.64488E-4,-3.52096E-4,-2.52009E-6,5.27382E-4,5.44988E-4,-1.00358E-5,4.39400E-5,2.72438E-4,8.58424E-4,-5.27361E-4,-4.92966E-4,-5.87560E-4,-2.26214E-4,4.72505E-4,2.48086E-4,-1.93069E-3,-3.56951E-3,4.48008E-3,1.63752E-2,8.10188E-3,-6.20334E-2,-1.50691E-1,-2.29309E-1,-2.68152E-1,-2.11750E-1,-5.09382E-2,7.06773E-2,6.34072E-2,-9.55620E-3,-1.31818E-2,-8.68744E-3,-8.39837E-3,-8.44380E-3,-7.72129E-3,-7.29183E-3,-7.81047E-3,-7.03928E-3,-7.38845E-3,-6.41304E-3,-6.73428E-3,-6.38075E-3,-5.74659E-3,-6.45067E-3,-5.54651E-3,-5.99700E-3,-6.12106E-3,-6.42772E-3,-5.82788E-3,-5.69389E-3,-5.33761E-3,-5.17819E-3,-5.15428E-3,-5.42602E-3,-4.65851E-3,-4.08583E-3,-4.28113E-3,-3.78811E-3,-4.41947E-3,-4.34009E-3,-4.28013E-3,-4.00958E-3,-4.39263E-3,-4.63451E-3,-4.19189E-3,-4.12518E-3,-3.78333E-3,-4.27432E-3,-3.84371E-3,-3.67223E-3,-4.01668E-3,-3.63301E-3,-3.66531E-3,-3.44526E-3,-3.46718E-3,-3.21371E-3,-2.92703E-3,-2.76573E-3,-3.08903E-3,-3.10015E-3,-2.26408E-3,-1.86349E-3,-1.61016E-3,-1.56405E-3,-1.22521E-3,-1.36054E-3,-1.48054E-3,-1.28199E-3,-2.38311E-3,-2.19777E-3,-1.47590E-3,-1.01735E-3,-1.16829E-3,-1.36647E-3,-1.44217E-3,-1.48482E-3,-1.37063E-3,-2.18032E-3,-1.17047E-3,-1.25246E-3,-6.29105E-4,-1.50638E-3,-7.99814E-4,-4.72412E-4,-5.99635E-4,-5.46967E-4,-1.58915E-3,-1.77156E-3,-1.07213E-3
1.32276E+3,NaN,NaN,NaN,NaN,NaN,NaN,-1.53233E-4,-3.27020E-4,2.85293E-4,3.29601E-4,3.51278E-4,3.18558E-4,1.83093E-4,4.76270E-5,2.58108E-5,1.09857E-4,1.93904E-4,1.35583E-4,4.11448E-6,-1.27354E-4,2.37279E-4,7.23275E-4,1.20927E-3,9.37514E-4,6.22765E-4,3.77726E-4,6.97590E-4,-3.22593E-4,2.33694E-4,-9.82805E-5,3.30486E-4,1.06088E-4,3.12301E-4,2.48227E-4,4.62072E-4,3.67196E-4,3.25726E-4,4.45409E-4,-1.44881E-4,-4.07631E-4,1.54638E-4,1.33051E-4,5.88787E-4,-3.25589E-4,-1.43665E-3,-3.86530E-3,3.48379E-3,1.60742E-2,6.38634E-3,-6.43620E-2,-1.56599E-1,-2.35638E-1,-2.70290E-1,-2.09041E-1,-4.04159E-2,8.06339E-2,6.69991E-2,-1.91336E-2,-1.26569E-2,-7.72363E-3,-8.13047E-3,-8.15779E-3,-7.15204E-3,-7.31129E-3,-7.90414E-3,-6.77879E-3,-6.68974E-3,-6.34498E-3,-6.74000E-3,-6.40013E-3,-5.76892E-3,-6.09796E-3,-5.36766E-3,-6.46306E-3,-6.50967E-3,-5.69069E-3,-5.26600E-3,-5.29143E-3,-4.42772E-3,-4.68443E-3,-4.98227E-3,-5.19168E-3,-4.11840E-3,-4.60342E-3,-4.50224E-3,-3.97155E-3,-4.13092E-3,-4.68421E-3,-4.23956E-3,-3.40124E-3,-3.71631E-3,-4.16476E-3,-3.85708E-3,-3.44376E-3,-3.49355E-3,-3.83631E-3,-3.61313E-3,-3.17767E-3,-3.57053E-3,-3.26605E-3,-2.91266E-3,-3.12289E-3,-3.24915E-3,-2.86906E-3,-2.88151E-3,-2.71340E-3,-2.72054E-3,-2.77465E-3,-2.56746E-3,-2.13261E-3,-1.57732E-3,-1.39917E-3,-9.09200E-4,-9.57600E-4,-1.30094E-3,-1.08079E-3,-2.13026E-3,-1.28378E-3,-1.25635E-3,-7.25848E-4,-1.39902E-3,-1.71771E-3,-1.27649E-3,-1.37088E-3,-1.55358E-3,-1.96312E-3,-1.19490E-3,-7.57019E-4,-7.06260E-4,-1.06839E-3,-8.49407E-4,-8.50682E-4,-1.22099E-3,-9.19083E-4,-1.22899E-3,-1.38025E-3,-9.38533E-4
1.32624E+3,NaN,NaN,NaN,NaN,NaN,NaN,-2.45858E-4,-1.45473E-4,1.30272E-4,1.70703E-4,-7.77588E-5,-4.36562E-5,7.69504E-5,1.97557E-4,4.21163E-4,6.78727E-4,9.36291E-4,7.43257E-4,4.97310E-4,2.65183E-4,3.85154E-4,5.05124E-4,5.89971E-4,5.15488E-4,4.41005E-4,3.73763E-4,3.44826E-4,2.91166E-4,-4.91334E-5,-3.57102E-4,-2.07330E-5,1.10615E-4,3.26174E-5,2.04609E-4,2.60632E-4,5.10217E-4,6.60696E-4,8.26647E-4,1.48190E-4,-1.69646E-5,1.06928E-4,3.97884E-4,5.00458E-4,2.45921E-4,-1.88970E-3,-2.58764E-3,5.53319E-3,1.58667E-2,-8.88110E-4,-6.85608E-2,-1.59111E-1,-2.37853E-1,-2.65506E-1,-1.92926E-1,-3.42385E-2,7.55637E-2,5.50587E-2,-1.62425E-2,-1.32208E-2,-8.41171E-3,-8.43508E-3,-8.61084E-3,-7.89797E-3,-8.08173E-3,-7.89180E-3,-7.21183E-3,-7.42968E-3,-7.07565E-3,-7.26962E-3,-6.72645E-3,-6.66903E-3,-6.83805E-3,-6.16295E-3,-6.92668E-3,-6.64322E-3,-6.11504E-3,-5.53538E-3,-5.23644E-3,-4.97218E-3,-5.18243E-3,-5.38475E-3,-5.53180E-3,-4.90580E-3,-4.59162E-3,-4.37630E-3,-3.90629E-3,-4.01156E-3,-4.38141E-3,-4.48092E-3,-3.91882E-3,-4.13171E-3,-4.11342E-3,-4.08159E-3,-3.94589E-3,-3.74462E-3,-3.47116E-3,-3.25410E-3,-3.04143E-3,-3.94286E-3,-2.98456E-3,-3.39178E-3,-3.31498E-3,-3.26639E-3,-3.08475E-3,-3.03803E-3,-2.69394E-3,-2.68204E-3,-2.55359E-3,-2.51418E-3,-2.20259E-3,-1.74684E-3,-1.36303E-3,-7.07673E-4,-1.31680E-3,-1.72707E-3,-1.59083E-3,-2.15808E-3,-1.90669E-3,-1.68853E-3,-1.34620E-3,-1.01067E-3,-1.71228E-3,-1.40673E-3,-1.77037E-3,-1.46946E-3,-1.78257E-3,-1.10769E-3,-1.16618E-3,-7.76956E-4,-1.15598E-3,-9.71213E-4,-8.84772E-4,-1.09960E-3,-8.46655E-4,-1.18416E-3,-1.23764E-3,-7.90934E-4
1.32972E+3,NaN,NaN,NaN,NaN,NaN,NaN,-3.81911E-4,2.23232E-4,-4.55826E-5,3.73871E-4,3.14781E-4,1.79005E-4,2.35745E-5,-1.31856E-4,-1.69359E-5,1.02273E-4,1.75654E-4,-6.53124E-5,-3.06278E-4,-3.84997E-4,-2.52592E-5,3.34478E-4,4.60424E-4,2.54017E-4,4.76102E-5,4.15635E-4,-8.55504E-5,-1.69473E-4,-9.50519E-6,-2.76946E-5,3.98079E-4,1.30572E-4,-1.09222E-4,-2.81090E-4,-1.27238E-4,2.18000E-4,1.70021E-4,-2.54621E-4,-3.95605E-4,-1.68333E-4,3.32473E-4,2.18655E-4,-1.94145E-4,-8.30435E-5,-1.75718E-3,-1.51668E-3,7.50573E-3,1.64552E-2,-5.65532E-3,-7.51311E-2,-1.65249E-1,-2.43352E-1,-2.68409E-1,-1.83690E-1,-2.40242E-2,7.92886E-2,3.86366E-2,-1.48909E-2,-1.31638E-2,-8.67712E-3,-9.02928E-3,-8.91291E-3,-8.30420E-3,-8.32289E-3,-7.90732E-3,-7.59731E-3,-7.37289E-3,-7.17138E-3,-6.97402E-3,-6.77269E-3,-6.54912E-3,-5.96472E-3,-5.99404E-3,-6.59877E-3,-6.56815E-3,-6.17891E-3,-5.74782E-3,-5.40555E-3,-5.37614E-3,-5.64892E-3,-5.80761E-3,-5.07912E-3,-4.43799E-3,-4.42480E-3,-4.30106E-3,-4.42350E-3,-4.60579E-3,-4.52692E-3,-4.52464E-3,-4.61126E-3,-4.62652E-3,-4.34307E-3,-3.82159E-3,-4.02944E-3,-3.98616E-3,-3.99983E-3,-3.68819E-3,-3.67571E-3,-3.74416E-3,-3.31277E-3,-3.48675E-3,-3.55972E-3,-3.50783E-3,-3.18631E-3,-3.13035E-3,-2.68801E-3,-2.78295E-3,-2.42946E-3,-2.49034E-3,-2.14069E-3,-1.58445E-3,-1.50534E-3,-9.66909E-4,-1.55974E-3,-1.62550E-3,-1.32134E-3,-1.89606E-3,-2.10480E-3,-1.52913E-3,-2.02052E-3,-2.01066E-3,-1.67125E-3,-8.71551E-4,-9.22323E-4,-1.72220E-3,-2.01670E-3,-1.00136E-3,-1.01986E-3,-7.06860E-4,-1.16863E-3,-1.13605E-3,-1.27596E-3,-1.51166E-3,-9.07524E-4,-1.45595E-3,-1.19415E-3,-7.52829E-4
1.33320E+3,NaN,NaN,NaN,NaN,NaN,-5.11826E-4,-3.15906E-5,-2.44518E-4,4.76149E-4,-2.26259E-4,2.56930E-4,2.73077E-4,2.89224E-4,2.97472E-4,2.76838E-4,2.56204E-4,2.82821E-4,3.94324E-4,5.05827E-4,6.67488E-4,8.79217E-4,1.09095E-3,9.83114E-4,6.98101E-4,4.13088E-4,5.23435E-4,-5.11446E-4,-4.05309E-4,-3.75592E-4,-2.00509E-4,-2.09529E-4,1.67331E-5,-3.60481E-4,-2.94181E-4,2.23910E-4,-2.25682E-5,7.72309E-4,-2.50055E-4,-2.69976E-4,3.79325E-5,4.44918E-4,-6.65685E-5,2.02647E-4,7.09115E-4,-5.12781E-4,8.77254E-4,9.68433E-3,1.67934E-2,-5.70948E-3,-7.89052E-2,-1.68951E-1,-2.50967E-1,-2.75791E-1,-1.78631E-1,-1.02366E-2,9.07765E-2,2.17063E-2,-1.45618E-2,-1.24104E-2,-8.73462E-3,-9.73190E-3,-9.01456E-3,-8.55961E-3,-8.85991E-3,-8.03014E-3,-8.13181E-3,-7.20402E-3,-7.17107E-3,-7.16857E-3,-6.80476E-3,-7.01362E-3,-6.87064E-3,-7.21675E-3,-7.19376E-3,-6.53188E-3,-6.18731E-3,-5.65133E-3,-5.01131E-3,-5.33152E-3,-5.63319E-3,-5.37583E-3,-5.14119E-3,-5.06791E-3,-4.61876E-3,-4.05486E-3,-4.60498E-3,-4.84134E-3,-4.27216E-3,-4.36621E-3,-4.23950E-3,-4.32993E-3,-4.51221E-3,-4.57861E-3,-4.35758E-3,-3.93516E-3,-4.47057E-3,-3.79792E-3,-3.55161E-3,-3.86461E-3,-3.00396E-3,-3.31778E-3,-3.41787E-3,-3.15680E-3,-3.06688E-3,-3.20165E-3,-2.34623E-3,-2.94105E-3,-2.38308E-3,-2.37589E-3,-2.11036E-3,-1.87569E-3,-1.62484E-3,-9.62473E-4,-1.63583E-3,-1.24278E-3,-1.17568E-3,-2.04143E-3,-1.92354E-3,-1.76525E-3,-1.20107E-3,-1.48340E-3,-1.70570E-3,-1.59826E-3,-1.15616E-3,-2.03109E-3,-1.78921E-3,-1.08265E-3,-8.45443E-4,-9.08835E-4,-1.41659E-3,-7.94265E-4,-9.19745E-4,-1.28007E-3,-1.16825E-3,-1.03863E-3,-1.08461E-3,-7.81907E-4
1.33669E+3,NaN,NaN,NaN,NaN,NaN,-3.72425E-5,-1.16602E-4,-1.13538E-4,2.43779E-4,1.87159E-4,1.83023E-4,-3.87200E-5,-2.60463E-4,-2.80928E-4,-4.84751E-5,1.83978E-4,1.41227E-4,-9.59435E-5,-3.33114E-4,-2.43990E-4,-3.34879E-5,1.77014E-4,1.95662E-4,1.86077E-4,1.77467E-4,2.23854E-4,-4.47149E-4,1.12574E-4,-3.07325E-4,-2.25100E-4,4.03953E-4,6.76966E-4,1.79808E-4,-1.54998E-4,1.11246E-4,6.44683E-5,-1.42825E-4,3.19197E-4,9.34808E-5,4.79543E-5,-6.18844E-5,-2.80702E-4,1.26018E-3,1.87558E-3,9.47641E-4,7.71296E-4,9.34991E-3,1.70847E-2,-1.19158E-3,-8.25190E-2,-1.73126E-1,-2.60187E-1,-2.88271E-1,-1.83710E-1,1.51860E-3,1.08917E-1,9.99505E-3,-1.78926E-2,-1.24266E-2,-8.27725E-3,-1.02029E-2,-8.30009E-3,-8.81323E-3,-8.70597E-3,-8.19564E-3,-8.07055E-3,-7.73728E-3,-7.48656E-3,-8.29016E-3,-7.54577E-3,-6.87722E-3,-6.38919E-3,-7.04781E-3,-7.25538E-3,-6.55999E-3,-5.99603E-3,-5.88009E-3,-6.44563E-3,-5.68653E-3,-5.36234E-3,-6.22727E-3,-4.86343E-3,-4.92788E-3,-4.39111E-3,-5.09713E-3,-4.82982E-3,-5.17869E-3,-4.96429E-3,-3.35071E-3,-4.55489E-3,-5.06691E-3,-4.41290E-3,-4.73224E-3,-4.26611E-3,-4.11344E-3,-4.40957E-3,-3.79662E-3,-3.89066E-3,-3.26037E-3,-3.19636E-3,-3.44383E-3,-3.47260E-3,-2.62110E-3,-2.84489E-3,-2.78987E-3,-2.39278E-3,-2.60750E-3,-2.31191E-3,-2.55174E-3,-2.11749E-3,-1.68933E-3,-1.80973E-3,-1.06878E-3,-1.31796E-3,-1.20251E-3,-1.06222E-3,-1.99058E-3,-2.12486E-3,-1.65739E-3,-1.40529E-3,-2.13022E-3,-1.72477E-3,-1.24914E-3,-9.70808E-4,-1.39228E-3,-1.47881E-3,-7.62136E-4,-1.03470E-3,-1.31444E-3,-1.60927E-3,-9.57680E-4,-1.81027E-3,-1.49414E-3,-1.28956E-3,-1.28573E-3,-1.10507E-3,-7.15887E-4
1.34017E+3,NaN,NaN,NaN,NaN,NaN,9.48193E-6,1.55028E-4,-7.60903E-5,3.08804E-6,6.79859E-8,-1.07721E-4,-4.95028E-5,8.71592E-6,-3.20676E-5,-1.21693E-4,-2.11318E-4,-1.11746E-4,3.14868E-5,1.74720E-4,3.79202E-4,5.86547E-4,7.48379E-4,4.92314E-4,2.36248E-4,2.59405E-4,6.98305E-4,-8.88742E-5,-2.26992E-4,-4.27790E-4,-9.90582E-6,3.07346E-4,9.66674E-5,-6.11313E-4,-1.58115E-4,4.80877E-4,2.14814E-4,2.64528E-4,2.27657E-5,-2.39284E-4,3.76308E-4,9.02141E-4,9.86129E-4,1.89191E-3,2.39462E-3,1.06440E-3,4.75042E-4,8.42566E-3,1.40008E-2,-8.44865E-3,-8.41012E-2,-1.74322E-1,-2.59909E-1,-2.75644E-1,-1.69508E-1,3.79169E-3,8.82337E-2,1.50059E-2,-1.54378E-2,-1.29233E-2,-9.92388E-3,-1.08553E-2,-9.62248E-3,-9.69376E-3,-9.21803E-3,-8.92291E-3,-8.55485E-3,-8.57700E-3,-8.61150E-3,-8.17904E-3,-8.08046E-3,-8.01208E-3,-7.85107E-3,-8.14729E-3,-7.31024E-3,-7.18110E-3,-6.87984E-3,-6.41289E-3,-6.52182E-3,-5.76138E-3,-6.00735E-3,-6.06525E-3,-6.15486E-3,-5.87880E-3,-5.13790E-3,-5.47436E-3,-5.25196E-3,-5.32434E-3,-5.23092E-3,-4.73520E-3,-4.75351E-3,-5.03591E-3,-5.29978E-3,-5.15098E-3,-4.79403E-3,-4.11682E-3,-4.52468E-3,-4.67453E-3,-4.07581E-3,-4.29970E-3,-3.10698E-3,-3.39025E-3,-3.33210E-3,-3.36476E-3,-3.25720E-3,-3.16293E-3,-2.36112E-3,-2.62088E-3,-2.11243E-3,-2.43381E-3,-2.64421E-3,-2.01746E-3,-2.08401E-3,-1.34142E-3,-2.06719E-3,-1.56969E-3,-1.69839E-3,-2.43926E-3,-2.26430E-3,-1.66775E-3,-2.17318E-3,-2.02425E-3,-1.91120E-3,-1.89330E-3,-1.94609E-3,-2.22716E-3,-2.01524E-3,-1.45662E-3,-1.38209E-3,-1.08693E-3,-1.39749E-3,-1.41554E-3,-1.17143E-3,-1.67102E-3,-1.34771E-3,-1.67210E-3,-1.28334E-3,-1.00054E-3
1.34365E+3,NaN,NaN,NaN,NaN,NaN,1.18230E-5,-1.39110E-4,-2.54610E-4,1.92227E-4,-1.64899E-4,-2.02927E-5,2.26621E-4,4.73536E-4,3.58105E-4,1.99814E-4,4.15743E-5,-1.15355E-4,-2.72284E-4,-3.58069E-4,-1.19621E-4,1.18827E-4,2.30678E-4,7.69381E-5,-7.68016E-5,-1.02490E-5,-2.48343E-4,-3.09578E-4,-8.89895E-6,-1.63573E-4,-2.50719E-5,9.36034E-6,-2.21867E-4,-3.32322E-4,-4.10181E-4,-2.72426E-4,1.37261E-4,1.01332E-4,-1.18707E-4,1.39743E-4,5.75791E-4,5.86234E-4,5.87992E-4,9.46549E-4,7.58552E-4,-1.12758E-3,2.81048E-4,8.14030E-3,1.52794E-2,-1.04748E-2,-8.41554E-2,-1.79736E-1,-2.62993E-1,-2.70271E-1,-1.58111E-1,1.28628E-2,7.27218E-2,1.66008E-2,-1.39278E-2,-1.32500E-2,-1.08385E-2,-1.08540E-2,-9.87537E-3,-9.92696E-3,-9.78779E-3,-9.64381E-3,-9.31216E-3,-8.89300E-3,-8.65637E-3,-8.36331E-3,-8.12397E-3,-7.95820E-3,-8.05049E-3,-8.09437E-3,-7.75804E-3,-7.01542E-3,-6.31678E-3,-6.67164E-3,-6.93679E-3,-6.79130E-3,-6.58666E-3,-6.19409E-3,-6.09976E-3,-5.96254E-3,-5.94831E-3,-5.84148E-3,-5.66812E-3,-5.14464E-3,-5.12738E-3,-5.11264E-3,-5.16739E-3,-5.37233E-3,-5.08852E-3,-5.26564E-3,-4.76762E-3,-4.36973E-3,-4.50334E-3,-4.43301E-3,-4.70939E-3,-4.31771E-3,-3.24749E-3,-3.59692E-3,-3.35813E-3,-3.61341E-3,-3.36785E-3,-3.30737E-3,-2.54570E-3,-2.73416E-3,-2.31372E-3,-2.83989E-3,-2.64159E-3,-2.02415E-3,-2.23911E-3,-2.01567E-3,-2.37296E-3,-1.80483E-3,-1.77533E-3,-2.38132E-3,-2.25075E-3,-1.30325E-3,-2.38369E-3,-2.15228E-3,-2.08242E-3,-2.03384E-3,-1.84981E-3,-2.16858E-3,-2.05293E-3,-1.54566E-3,-2.00626E-3,-1.50855E-3,-1.26739E-3,-1.60333E-3,-1.51452E-3,-1.71558E-3,-1.56666E-3,-2.11099E-3,-1.65498E-3,-1.13196E-3
1.34714E+3,NaN,NaN,NaN,NaN,NaN,-4.06650E-4,2.90657E-5,4.93819E-4,7.69684E-5,-3.24912E-5,7.86659E-5,-2.80359E-5,-9.13150E-5,1.73334E-4,4.37983E-4,5.63036E-4,2.90341E-4,1.76453E-5,-3.95939E-6,3.46947E-4,6.97854E-4,6.58192E-4,2.93121E-4,-7.19498E-5,3.00852E-4,-2.40229E-4,-3.28584E-4,-3.51046E-4,2.78284E-5,4.94482E-4,-1.26195E-5,-3.53422E-4,1.21350E-4,5.65146E-5,8.98234E-5,7.18340E-5,-1.07262E-4,-1.48898E-4,1.27989E-4,3.62688E-4,-3.81119E-5,-2.46158E-4,-2.90927E-4,-9.34086E-4,-2.93520E-3,1.03930E-4,9.48603E-3,2.00818E-2,-1.07925E-2,-8.42384E-2,-1.85057E-1,-2.73154E-1,-2.74658E-1,-1.50463E-1,2.78767E-2,6.97898E-2,1.62781E-2,-1.37399E-2,-1.30656E-2,-1.11404E-2,-1.07121E-2,-1.02772E-2,-1.06071E-2,-1.00946E-2,-9.61889E-3,-9.25707E-3,-9.14930E-3,-8.89029E-3,-8.65279E-3,-8.72549E-3,-8.40996E-3,-8.55336E-3,-8.11744E-3,-8.03343E-3,-7.24624E-3,-6.94146E-3,-7.76286E-3,-7.23959E-3,-6.81765E-3,-6.50739E-3,-6.45748E-3,-5.86521E-3,-5.77788E-3,-5.97245E-3,-5.73684E-3,-5.79316E-3,-5.60878E-3,-5.52013E-3,-5.18958E-3,-5.86248E-3,-5.62979E-3,-5.41062E-3,-5.32896E-3,-4.64892E-3,-4.97839E-3,-4.81566E-3,-4.59044E-3,-4.25874E-3,-3.80214E-3,-3.44837E-3,-3.89868E-3,-4.01776E-3,-3.46367E-3,-3.60064E-3,-2.92084E-3,-2.76590E-3,-3.05178E-3,-2.80796E-3,-2.74289E-3,-3.06369E-3,-1.88889E-3,-1.83287E-3,-1.42398E-3,-2.11662E-3,-1.18756E-3,-1.54309E-3,-2.87395E-3,-2.64607E-3,-1.54429E-3,-2.92181E-3,-2.24247E-3,-2.03693E-3,-2.19834E-3,-2.00803E-3,-1.81733E-3,-1.78163E-3,-1.92518E-3,-1.97384E-3,-1.82241E-3,-2.07816E-3,-1.86652E-3,-1.59412E-3,-1.80237E-3,-2.01616E-3,-2.15092E-3,-1.83346E-3,-1.34940E-3
1.35063E+3,NaN,NaN,NaN,NaN,NaN,-1.19175E-4,-2.46502E-4,-2.24188E-5,-2.23518E-4,-9.62786E-5,4.24044E-4,4.20847E-4,3.59697E-4,1.84930E-4,1.01621E-5,-6.38728E-5,-2.90579E-5,5.75706E-6,4.72367E-5,9.27409E-5,1.38245E-4,7.92373E-5,-1.16350E-5,-1.02507E-4,2.17993E-4,-6.81469E-4,-9.34959E-5,-4.02626E-4,-1.82939E-4,1.83529E-4,4.17210E-4,1.15899E-4,-1.41513E-4,1.34589E-4,-6.26263E-5,1.20346E-4,-1.15599E-4,-2.87619E-4,-1.18235E-4,-1.98799E-4,-6.87821E-4,-1.34453E-3,-9.48670E-4,-1.80801E-3,-2.89807E-3,6.93414E-4,1.07465E-2,2.47266E-2,-9.87429E-3,-8.75811E-2,-1.99103E-1,-2.92907E-1,-2.91210E-1,-1.52752E-1,4.57960E-2,7.92211E-2,1.15343E-2,-1.64849E-2,-1.26603E-2,-1.15565E-2,-1.09042E-2,-1.09913E-2,-1.04842E-2,-9.90514E-3,-9.93298E-3,-9.87677E-3,-9.79736E-3,-9.39893E-3,-9.07885E-3,-8.66017E-3,-8.61633E-3,-8.75091E-3,-8.13740E-3,-8.22625E-3,-7.62874E-3,-7.01556E-3,-7.23291E-3,-6.99747E-3,-7.20567E-3,-6.68621E-3,-6.98443E-3,-6.45490E-3,-6.49611E-3,-6.03375E-3,-6.60506E-3,-6.10638E-3,-5.85180E-3,-6.14024E-3,-5.88728E-3,-6.07210E-3,-5.61439E-3,-5.75119E-3,-5.17883E-3,-4.52411E-3,-5.31564E-3,-4.38609E-3,-5.00860E-3,-4.33734E-3,-4.06474E-3,-3.67513E-3,-3.68506E-3,-3.12089E-3,-3.47405E-3,-4.02000E-3,-3.43761E-3,-2.50275E-3,-2.37932E-3,-2.34231E-3,-2.61257E-3,-2.30481E-3,-1.88943E-3,-1.73619E-3,-2.24562E-3,-2.27502E-3,-1.47731E-3,-1.84230E-3,-2.86432E-3,-2.45380E-3,-1.73636E-3,-3.14671E-3,-2.27645E-3,-1.83262E-3,-1.76428E-3,-1.70918E-3,-1.85218E-3,-1.89233E-3,-1.74309E-3,-1.54953E-3,-1.34416E-3,-1.82081E-3,-1.87020E-3,-1.98539E-3,-1.89035E-3,-2.00442E-3,-2.27557E-3,-1.68825E-3,-1.17326E-3
1.35411E+3,NaN,NaN,NaN,NaN,NaN,-1.23770E-4,2.56272E-5,-1.56656E-4,-2.17322E-4,1.40014E-5,2.66185E-4,4.54851E-4,4.68437E-4,3.42656E-4,2.16874E-4,2.05761E-4,2.43875E-4,2.81989E-4,2.70673E-4,2.50117E-4,2.29561E-4,1.07728E-4,-1.56095E-5,-1.32795E-4,-2.21599E-4,-3.84690E-4,-4.53378E-4,-5.75624E-4,-1.47909E-4,-3.69168E-4,2.44867E-4,2.85312E-5,3.44627E-4,-2.53302E-4,-4.51745E-4,4.27434E-4,6.13034E-4,1.27760E-4,1.51849E-4,-5.41552E-5,2.24239E-4,-1.08281E-4,-6.99246E-6,-1.08959E-4,-3.55555E-4,2.78892E-3,1.40124E-2,2.38693E-2,-1.20962E-2,-9.17812E-2,-2.08393E-1,-3.00427E-1,-2.93109E-1,-1.47654E-1,4.79541E-2,9.22058E-2,1.37033E-2,-1.83266E-2,-1.27704E-2,-1.14576E-2,-1.12721E-2,-1.13911E-2,-1.07033E-2,-9.63615E-3,-9.57759E-3,-9.67357E-3,-9.57656E-3,-9.59276E-3,-9.43579E-3,-9.14582E-3,-8.67558E-3,-8.33313E-3,-8.09146E-3,-7.89185E-3,-7.24089E-3,-7.12182E-3,-6.94973E-3,-7.13436E-3,-7.43706E-3,-6.62282E-3,-6.51039E-3,-6.63388E-3,-6.40359E-3,-6.12547E-3,-6.53415E-3,-6.41739E-3,-6.21095E-3,-5.72442E-3,-5.85984E-3,-5.95118E-3,-5.35321E-3,-6.20495E-3,-5.32335E-3,-4.75784E-3,-5.02508E-3,-4.45409E-3,-4.51483E-3,-4.33267E-3,-3.85718E-3,-3.62786E-3,-3.67398E-3,-3.76994E-3,-3.16664E-3,-3.76822E-3,-3.14453E-3,-2.34906E-3,-2.27617E-3,-2.58044E-3,-3.15831E-3,-2.82968E-3,-1.73727E-3,-1.65613E-3,-2.01649E-3,-2.12316E-3,-1.38108E-3,-1.80931E-3,-2.39677E-3,-2.36645E-3,-1.22082E-3,-3.57329E-3,-2.88338E-3,-2.38131E-3,-2.20223E-3,-2.07735E-3,-1.41388E-3,-1.70435E-3,-1.39717E-3,-1.80275E-3,-1.97507E-3,-2.30028E-3,-1.59096E-3,-2.32893E-3,-2.19736E-3,-1.51953E-3,-1.63340E-3,-1.76593E-3,-1.19618E-3
1.35760E+3,NaN,NaN,NaN,NaN,NaN,1.49064E-4,8.41883E-5,-4.10225E-4,-1.53038E-4,1.62251E-4,1.16824E-4,1.25848E-4,3.14674E-5,-9.31105E-5,-2.17688E-4,-1.10740E-4,1.72101E-5,1.26042E-4,-6.62951E-5,-2.58632E-4,-4.05845E-4,-3.75404E-4,-3.44962E-4,-2.97258E-4,-2.40964E-4,-2.20444E-4,-4.82902E-4,-8.60959E-4,-3.17448E-4,8.74452E-5,-1.82742E-4,-5.02176E-4,-3.96854E-4,-5.48007E-4,-1.94143E-4,2.21585E-4,-6.83770E-5,-3.55078E-4,1.68055E-4,4.17911E-4,7.31400E-4,1.10794E-3,1.35146E-3,1.21938E-3,1.45061E-3,5.45351E-3,1.75783E-2,2.24802E-2,-1.33160E-2,-9.92156E-2,-2.17278E-1,-3.01974E-1,-2.84160E-1,-1.34408E-1,4.65955E-2,8.69885E-2,1.42314E-2,-1.74580E-2,-1.29809E-2,-1.11743E-2,-1.16636E-2,-1.08897E-2,-1.08760E-2,-1.07932E-2,-1.07758E-2,-1.05185E-2,-1.02459E-2,-9.72179E-3,-9.35697E-3,-9.01386E-3,-8.83659E-3,-8.87287E-3,-8.56479E-3,-8.20881E-3,-8.06670E-3,-8.14332E-3,-7.90723E-3,-7.47119E-3,-7.54110E-3,-7.07793E-3,-7.25464E-3,-7.15022E-3,-6.83865E-3,-6.75011E-3,-7.03136E-3,-6.58409E-3,-6.06011E-3,-6.22945E-3,-6.58190E-3,-6.62289E-3,-6.20989E-3,-6.02090E-3,-5.37340E-3,-4.95001E-3,-5.41453E-3,-5.18738E-3,-4.77776E-3,-4.66648E-3,-4.03094E-3,-4.41862E-3,-4.05709E-3,-3.51661E-3,-2.98709E-3,-3.82126E-3,-3.26765E-3,-2.84516E-3,-2.55936E-3,-2.87722E-3,-2.87716E-3,-3.04287E-3,-2.18778E-3,-2.08889E-3,-2.48410E-3,-2.71184E-3,-1.44811E-3,-1.75396E-3,-3.21398E-3,-3.01369E-3,-1.43169E-3,-4.10440E-3,-3.42746E-3,-2.11871E-3,-2.27215E-3,-2.54952E-3,-1.92896E-3,-1.76957E-3,-2.37206E-3,-2.47387E-3,-1.95662E-3,-2.01615E-3,-1.98029E-3,-2.46032E-3,-2.73621E-3,-2.39949E-3,-2.41212E-3,-2.06772E-3,-1.56994E-3
1.36109E+3,NaN,NaN,NaN,NaN,NaN,5.02981E-5,1.66456E-4,7.36778E-5,-5.07169E-5,-1.79017E-5,-8.84363E-5,-1.47332E-4,-1.90510E-4,-2.33518E-4,-2.52090E-4,-1.10298E-4,3.14946E-5,6.65969E-5,-1.79454E-4,-4.25506E-4,-5.33783E-4,-4.50184E-4,-3.66586E-4,-1.58045E-4,-2.27585E-4,-5.08433E-4,-4.62721E-4,-2.85833E-4,-1.72864E-4,1.26983E-4,5.10764E-5,-2.73239E-4,-2.85439E-4,-2.25464E-4,-4.02984E-4,-3.55999E-4,-4.02360E-4,-6.32468E-5,-5.43096E-5,2.10639E-4,8.02314E-4,1.17943E-3,1.85867E-3,2.28665E-3,2.30299E-3,7.08227E-3,2.08051E-2,2.26285E-2,-1.44510E-2,-1.06074E-1,-2.26415E-1,-3.08553E-1,-2.80480E-1,-1.20078E-1,6.19852E-2,8.56551E-2,1.21829E-2,-1.65973E-2,-1.32196E-2,-1.21289E-2,-1.23433E-2,-1.19726E-2,-1.14950E-2,-1.11013E-2,-1.09124E-2,-1.10822E-2,-1.06628E-2,-9.96193E-3,-9.89809E-3,-9.83110E-3,-9.39482E-3,-8.91852E-3,-8.78184E-3,-8.47600E-3,-8.36500E-3,-8.70969E-3,-8.58252E-3,-8.48462E-3,-8.11932E-3,-7.84582E-3,-7.70738E-3,-7.41858E-3,-7.52128E-3,-7.51353E-3,-7.27615E-3,-7.14034E-3,-6.80050E-3,-6.90937E-3,-7.00595E-3,-6.14317E-3,-6.32584E-3,-6.27991E-3,-5.24717E-3,-5.54960E-3,-5.60114E-3,-5.41643E-3,-5.31248E-3,-5.00103E-3,-4.53635E-3,-4.24202E-3,-4.16342E-3,-3.87200E-3,-3.47032E-3,-4.39416E-3,-3.60781E-3,-3.34118E-3,-3.28769E-3,-3.20823E-3,-3.55092E-3,-3.23917E-3,-2.36296E-3,-2.24549E-3,-2.32575E-3,-2.63350E-3,-2.02857E-3,-2.83980E-3,-3.65070E-3,-2.94961E-3,-2.31784E-3,-5.28781E-3,-3.45977E-3,-2.65548E-3,-2.60022E-3,-2.43257E-3,-2.39957E-3,-2.21318E-3,-2.54297E-3,-2.62336E-3,-1.85107E-3,-2.52812E-3,-2.08473E-3,-2.76467E-3,-2.90878E-3,-2.52847E-3,-2.52892E-3,-2.26778E-3,-1.53108E-3
1.36457E+3,NaN,NaN,NaN,NaN,NaN,1.11063E-4,5.90733E-5,-1.67859E-4,-2.20878E-4,5.24283E-5,1.89639E-4,1.94401E-4,1.53839E-4,1.13277E-4,3.42405E-5,-1.17567E-4,-2.69375E-4,-2.80553E-4,-1.44598E-4,-8.64310E-6,-2.35297E-5,-1.26414E-4,-2.29299E-4,-2.44336E-4,-6.11753E-5,-8.26490E-5,-3.15391E-4,1.24004E-4,1.66337E-4,2.45605E-4,-1.68360E-4,2.51558E-4,2.88087E-4,-2.52930E-4,-1.98432E-4,2.89877E-4,5.76797E-5,-2.48001E-4,-4.63306E-4,-1.85901E-4,-3.20798E-4,-2.95887E-4,2.99444E-4,1.60209E-3,1.55289E-3,6.55558E-3,2.17494E-2,2.50551E-2,-1.12201E-2,-1.10675E-1,-2.34127E-1,-3.16841E-1,-2.82854E-1,-1.07831E-1,9.53752E-2,8.73512E-2,6.53842E-3,-1.47991E-2,-1.16810E-2,-1.18956E-2,-1.17299E-2,-1.12833E-2,-1.06783E-2,-1.03931E-2,-1.06863E-2,-1.02967E-2,-1.02411E-2,-9.13870E-3,-9.38674E-3,-8.90704E-3,-8.90182E-3,-8.67338E-3,-8.57460E-3,-8.27084E-3,-8.04829E-3,-7.92419E-3,-7.68732E-3,-7.83990E-3,-7.13317E-3,-7.16110E-3,-6.66263E-3,-6.56366E-3,-6.27319E-3,-7.04503E-3,-6.69785E-3,-6.64278E-3,-6.34683E-3,-6.05641E-3,-6.80492E-3,-5.82519E-3,-6.07828E-3,-5.76777E-3,-4.79970E-3,-5.00598E-3,-4.99243E-3,-4.75720E-3,-4.32057E-3,-4.75817E-3,-3.90957E-3,-3.91247E-3,-3.85708E-3,-3.50669E-3,-3.62644E-3,-4.12194E-3,-3.18317E-3,-2.37939E-3,-2.85477E-3,-3.16288E-3,-2.91249E-3,-2.67725E-3,-1.84343E-3,-1.77798E-3,-1.70851E-3,-2.18087E-3,-1.46346E-3,-1.45129E-3,-2.77405E-3,-2.30926E-3,-1.59093E-3,-5.37343E-3,-3.08208E-3,-2.30259E-3,-2.20693E-3,-1.91276E-3,-1.37942E-3,-1.44970E-3,-2.07846E-3,-2.26708E-3,-1.84011E-3,-2.54569E-3,-1.60205E-3,-2.24096E-3,-2.27832E-3,-1.71005E-3,-1.63255E-3,-1.88503E-3,-8.12426E-4
1.36806E+3,NaN,NaN,NaN,NaN,NaN,4.82523E-4,4.23149E-4,-3.82991E-4,-3.06747E-4,-2.58361E-4,2.64977E-5,1.23361E-4,1.76556E-4,2.29750E-4,2.06018E-4,1.21279E-4,3.65388E-5,1.23615E-4,2.84129E-4,4.44644E-4,1.71254E-4,-1.82689E-4,-5.36632E-4,-3.85206E-5,-8.49408E-4,-1.80593E-4,-4.79534E-4,-2.61846E-4,1.88265E-4,3.31912E-5,-5.11885E-4,1.47772E-4,1.46262E-4,-1.97060E-4,-4.24797E-5,-7.22056E-5,-2.76741E-4,-6.51916E-4,-4.61598E-4,-1.06920E-3,-1.12953E-3,-1.04424E-3,-5.52868E-4,4.82668E-4,-7.64296E-4,4.62372E-3,2.17290E-2,2.93374E-2,-4.36337E-3,-1.07908E-1,-2.42193E-1,-3.22779E-1,-2.87439E-1,-9.65717E-2,1.42446E-1,9.29583E-2,-5.84413E-3,-1.59420E-2,-1.02523E-2,-1.26168E-2,-1.11413E-2,-1.12697E-2,-1.06451E-2,-1.00946E-2,-1.10672E-2,-1.07526E-2,-1.02734E-2,-9.59031E-3,-1.04452E-2,-9.36947E-3,-9.20592E-3,-9.43925E-3,-9.10258E-3,-8.13936E-3,-8.29567E-3,-8.52093E-3,-7.94239E-3,-8.53520E-3,-7.37529E-3,-7.70521E-3,-7.54629E-3,-6.85707E-3,-6.56760E-3,-7.32320E-3,-7.06604E-3,-6.98390E-3,-6.34334E-3,-6.50662E-3,-6.92134E-3,-5.72753E-3,-6.26041E-3,-6.04063E-3,-4.97417E-3,-5.35888E-3,-5.20300E-3,-4.86169E-3,-4.59155E-3,-4.46841E-3,-3.58945E-3,-3.83259E-3,-3.72235E-3,-3.26152E-3,-3.74803E-3,-3.79094E-3,-3.20934E-3,-2.80962E-3,-3.47188E-3,-2.99270E-3,-2.40237E-3,-2.80013E-3,-2.02534E-3,-1.63713E-3,-1.98268E-3,-1.50078E-3,-1.47229E-3,-1.69186E-3,-3.09154E-3,-2.33063E-3,-1.49579E-3,-5.64511E-3,-3.49630E-3,-1.64498E-3,-2.38446E-3,-1.81098E-3,-1.32510E-3,-1.19056E-3,-2.25277E-3,-2.67647E-3,-1.88886E-3,-2.28676E-3,-1.81631E-3,-2.36723E-3,-2.33084E-3,-2.38456E-3,-2.41686E-3,-2.03020E-3,-1.10096E-3
1.37155E+3,NaN,NaN,NaN,NaN,NaN,1.59919E-4,4.35856E-6,-1.05635E-4,-5.92221E-4,-2.53922E-4,1.55592E-5,1.38053E-5,-3.91932E-5,-9.21918E-5,-1.39720E-4,-1.85594E-4,-2.31468E-4,-4.90112E-5,1.55839E-4,3.39675E-4,1.52056E-4,-3.55630E-5,-2.34646E-4,-3.61530E-4,-2.10083E-4,-8.10681E-4,-7.59157E-4,9.12889E-7,-1.94699E-4,-3.01917E-4,-2.99448E-5,-7.54829E-6,-3.35657E-4,6.11601E-5,-5.63121E-4,1.18038E-4,3.71556E-5,-2.19359E-4,-4.28698E-4,-5.95349E-4,-9.16732E-4,-1.02029E-3,-1.46100E-3,-8.85278E-4,-1.92616E-3,4.17834E-3,1.89137E-2,2.55959E-2,-1.15925E-2,-1.14291E-1,-2.38548E-1,-3.11913E-1,-2.67793E-1,-7.91504E-2,1.30122E-1,8.66559E-2,-1.23306E-3,-1.57873E-2,-1.12358E-2,-1.26079E-2,-1.19125E-2,-1.15130E-2,-1.11150E-2,-1.12168E-2,-1.12529E-2,-1.10983E-2,-1.07786E-2,-1.00425E-2,-1.00915E-2,-9.11704E-3,-9.74279E-3,-9.58405E-3,-9.12112E-3,-8.83273E-3,-8.41154E-3,-8.61618E-3,-8.30133E-3,-8.19437E-3,-7.61859E-3,-7.97678E-3,-7.81350E-3,-7.26026E-3,-6.87938E-3,-6.99753E-3,-7.01317E-3,-7.04436E-3,-6.77161E-3,-6.96892E-3,-6.54153E-3,-6.39947E-3,-6.36640E-3,-5.80672E-3,-5.06703E-3,-5.62337E-3,-5.24058E-3,-4.98173E-3,-4.77613E-3,-5.21896E-3,-4.31279E-3,-4.06620E-3,-3.95171E-3,-3.58560E-3,-3.93898E-3,-3.70651E-3,-3.34269E-3,-3.24969E-3,-2.74288E-3,-3.45233E-3,-3.15557E-3,-2.97689E-3,-2.32735E-3,-2.41283E-3,-2.48733E-3,-2.31915E-3,-1.91634E-3,-2.06133E-3,-3.73401E-3,-2.72492E-3,-1.49983E-3,-6.30560E-3,-4.09629E-3,-2.45922E-3,-2.63686E-3,-2.47006E-3,-2.03233E-3,-1.32978E-3,-2.70535E-3,-2.67809E-3,-2.44673E-3,-2.43573E-3,-1.88226E-3,-2.49917E-3,-2.75608E-3,-2.44488E-3,-2.40690E-3,-2.29790E-3,-1.29285E-3
1.37504E+3,NaN,NaN,NaN,NaN,NaN,-1.18717E-5,1.46840E-4,-2.87563E-4,-1.01677E-4,-5.17732E-5,-5.40761E-5,3.49841E-5,1.42191E-4,2.49397E-4,1.03559E-4,-4.84396E-5,-1.60107E-4,2.65576E-5,2.13222E-4,2.96239E-4,8.72257E-5,-1.21788E-4,-3.26633E-4,-1.69446E-4,1.99214E-4,9.40894E-5,5.61379E-5,1.88460E-4,3.30599E-4,1.61745E-4,-1.71767E-4,-2.97328E-4,-1.98174E-4,-6.50738E-7,-2.23851E-5,1.75696E-4,1.38872E-5,-1.61526E-4,-2.93389E-4,4.25617E-5,2.88595E-4,2.48648E-6,-4.51023E-4,-1.26026E-3,-1.88757E-3,3.27419E-3,1.75558E-2,2.34679E-2,-1.81344E-2,-1.22848E-1,-2.44852E-1,-3.11051E-1,-2.57301E-1,-5.06733E-2,1.24158E-1,8.08392E-2,2.44430E-3,-1.51545E-2,-1.13787E-2,-1.15848E-2,-1.15799E-2,-1.12832E-2,-1.06724E-2,-1.07848E-2,-1.08305E-2,-1.09255E-2,-1.03201E-2,-9.86222E-3,-9.51064E-3,-8.86601E-3,-9.09741E-3,-9.02177E-3,-8.72050E-3,-8.60310E-3,-8.47037E-3,-8.30181E-3,-8.16666E-3,-7.62085E-3,-7.04211E-3,-7.38883E-3,-7.04469E-3,-6.98761E-3,-7.17275E-3,-6.66735E-3,-6.35807E-3,-6.66090E-3,-6.76255E-3,-6.96349E-3,-6.52057E-3,-6.04203E-3,-5.86254E-3,-5.06446E-3,-5.01765E-3,-5.10984E-3,-4.96294E-3,-4.88315E-3,-4.42788E-3,-4.64966E-3,-3.85733E-3,-3.32062E-3,-3.59625E-3,-3.40078E-3,-3.62867E-3,-3.36997E-3,-3.00771E-3,-2.86611E-3,-2.69315E-3,-2.50139E-3,-2.70780E-3,-3.13404E-3,-2.26009E-3,-2.16585E-3,-2.23189E-3,-1.92532E-3,-1.68101E-3,-1.62955E-3,-3.48850E-3,-2.71756E-3,-1.45625E-3,-6.92847E-3,-3.47609E-3,-1.52556E-3,-2.29855E-3,-2.46928E-3,-1.69791E-3,-1.79384E-3,-2.30062E-3,-2.56572E-3,-2.05102E-3,-2.47116E-3,-1.44627E-3,-2.15097E-3,-2.53010E-3,-2.59882E-3,-2.32001E-3,-1.93716E-3,-1.29132E-3
1.37853E+3,NaN,NaN,NaN,NaN,5.10473E-4,9.33781E-6,4.52711E-4,-1.27859E-4,-5.47721E-4,-5.40663E-4,2.33384E-4,7.27553E-5,-8.78735E-5,-2.23983E-4,-2.50580E-4,-2.77176E-4,-2.14352E-4,3.35222E-5,2.81396E-4,4.14876E-4,4.18658E-4,4.22440E-4,-1.78662E-5,-2.51903E-4,-3.81981E-4,-2.97004E-4,-4.75432E-4,-1.12577E-4,1.32521E-4,-2.87630E-4,-9.29989E-5,2.27441E-4,1.63122E-4,-2.88982E-4,-5.45125E-4,-2.31212E-4,-3.79092E-4,-5.97812E-4,-1.51876E-4,2.85752E-5,8.70288E-4,1.18117E-3,9.43852E-4,-1.87713E-4,-1.89783E-3,2.92479E-3,1.91962E-2,2.45244E-2,-2.11554E-2,-1.29132E-1,-2.48673E-1,-3.11863E-1,-2.49771E-1,-1.51902E-2,1.22519E-1,7.20152E-2,1.41014E-3,-1.44929E-2,-1.21637E-2,-1.16170E-2,-1.15740E-2,-1.11380E-2,-1.04350E-2,-1.06206E-2,-1.07719E-2,-1.09286E-2,-1.01166E-2,-1.00500E-2,-9.40987E-3,-9.09721E-3,-9.08119E-3,-8.71488E-3,-8.51251E-3,-8.60673E-3,-8.34870E-3,-8.03035E-3,-8.49230E-3,-7.72075E-3,-7.63070E-3,-7.70140E-3,-7.15158E-3,-6.90275E-3,-6.93138E-3,-6.83029E-3,-7.09804E-3,-7.03743E-3,-6.86119E-3,-6.70356E-3,-6.21073E-3,-6.10924E-3,-6.04695E-3,-5.28980E-3,-5.03778E-3,-5.36992E-3,-4.92638E-3,-5.29793E-3,-4.55546E-3,-5.00397E-3,-4.04973E-3,-3.46189E-3,-3.33197E-3,-3.20834E-3,-3.92041E-3,-3.46487E-3,-2.72524E-3,-2.92379E-3,-2.94419E-3,-2.71470E-3,-2.75910E-3,-3.10993E-3,-2.03005E-3,-2.17181E-3,-2.33443E-3,-2.20437E-3,-1.80303E-3,-1.77367E-3,-2.96535E-3,-2.65688E-3,-2.09138E-3,-8.19209E-3,-4.10373E-3,-2.14878E-3,-2.33943E-3,-2.53536E-3,-1.44001E-3,-1.09741E-3,-2.38314E-3,-2.36612E-3,-2.41305E-3,-2.21943E-3,-1.42604E-3,-2.39025E-3,-2.55706E-3,-2.42831E-3,-2.65410E-3,-1.86059E-3,-1.33691E-3
1.38202E+3,NaN,NaN,NaN,NaN,3.86618E-4,6.50971E-4,6.89257E-4,-2.22838E-4,-5.39262E-4,-7.13121E-4,-2.80951E-4,-1.65339E-4,-4.97266E-5,-4.52728E-5,-2.16178E-4,-3.87084E-4,-3.16418E-4,-3.22323E-5,2.51953E-4,2.61927E-4,1.39076E-4,1.62251E-5,1.09305E-6,3.64226E-5,-3.08262E-4,1.36688E-4,-5.19305E-4,4.42314E-5,7.77221E-5,-2.18623E-4,3.01945E-4,5.54932E-5,-2.87471E-4,-7.82399E-4,-3.88090E-4,-3.83347E-4,-5.76726E-4,-9.22746E-4,-1.35378E-4,1.98875E-4,7.46511E-4,4.83320E-4,1.66834E-3,7.12419E-4,-1.45864E-3,2.60172E-3,2.18546E-2,2.92320E-2,-1.84471E-2,-1.32974E-1,-2.55618E-1,-3.21328E-1,-2.52672E-1,1.80407E-2,1.25962E-1,6.39227E-2,-7.40816E-3,-1.43684E-2,-1.28754E-2,-1.26590E-2,-1.21330E-2,-1.15329E-2,-1.13510E-2,-1.14151E-2,-1.11806E-2,-1.17648E-2,-1.04491E-2,-1.07766E-2,-9.60654E-3,-9.84948E-3,-1.00297E-2,-9.61959E-3,-9.13485E-3,-9.25050E-3,-9.13871E-3,-9.04020E-3,-9.08790E-3,-8.20903E-3,-8.51798E-3,-8.00953E-3,-7.92549E-3,-7.70909E-3,-7.45067E-3,-7.12523E-3,-7.64097E-3,-6.74765E-3,-7.08609E-3,-7.35367E-3,-6.78641E-3,-6.37727E-3,-6.13878E-3,-5.41438E-3,-5.66249E-3,-5.95908E-3,-5.35938E-3,-5.32775E-3,-5.22898E-3,-5.29720E-3,-4.22354E-3,-4.06286E-3,-3.85161E-3,-3.67667E-3,-4.37876E-3,-4.09469E-3,-3.40431E-3,-3.09757E-3,-3.11051E-3,-2.94606E-3,-2.89803E-3,-3.02577E-3,-2.27581E-3,-2.42139E-3,-2.69577E-3,-2.57713E-3,-2.17319E-3,-2.16558E-3,-3.31277E-3,-3.04983E-3,-1.82230E-3,-9.38346E-3,-4.79223E-3,-2.82133E-3,-2.45161E-3,-2.55328E-3,-1.57611E-3,-1.24934E-3,-2.85490E-3,-2.71496E-3,-2.51738E-3,-2.98152E-3,-2.13028E-3,-2.44513E-3,-2.71847E-3,-2.55908E-3,-2.51105E-3,-1.87764E-3,-1.65372E-3
1.38552E+3,NaN,NaN,NaN,NaN,7.39329E-4,4.42981E-4,2.07738E-4,-4.97708E-4,-4.33618E-4,-5.51981E-4,-1.32314E-5,3.90057E-5,9.12428E-5,2.26313E-5,-1.29500E-4,-2.81632E-4,-1.32798E-4,1.25002E-4,3.82802E-4,2.00485E-4,-4.35350E-5,-2.84472E-4,-3.67273E-4,-1.49325E-4,-2.90858E-4,4.04509E-5,-2.70837E-4,5.36281E-5,3.32068E-4,-4.47717E-4,-1.54178E-5,8.12122E-6,1.76602E-4,-5.72953E-4,-4.70955E-4,-2.42925E-4,-3.62582E-4,-6.59092E-4,-7.04982E-4,-1.01204E-3,2.89753E-4,2.13841E-4,1.46837E-3,8.11671E-4,-1.26539E-3,2.84879E-3,2.52855E-2,3.54092E-2,-1.31549E-2,-1.32531E-1,-2.61771E-1,-3.27312E-1,-2.55948E-1,4.59240E-2,1.34800E-1,6.52337E-2,-2.00499E-2,-1.42648E-2,-1.23048E-2,-1.28776E-2,-1.27172E-2,-1.13192E-2,-1.20487E-2,-1.12856E-2,-1.11394E-2,-1.23595E-2,-1.02681E-2,-1.06993E-2,-9.94614E-3,-1.03734E-2,-9.98083E-3,-9.82353E-3,-9.42314E-3,-9.53963E-3,-9.24809E-3,-8.98487E-3,-9.31377E-3,-8.34411E-3,-8.90580E-3,-8.13025E-3,-7.72237E-3,-7.85822E-3,-7.50352E-3,-7.32299E-3,-7.70191E-3,-7.52488E-3,-7.57165E-3,-7.79443E-3,-7.01905E-3,-6.95208E-3,-6.35384E-3,-5.87119E-3,-6.19613E-3,-6.38678E-3,-5.59892E-3,-5.78565E-3,-5.08554E-3,-4.76893E-3,-4.56658E-3,-4.31912E-3,-4.00751E-3,-3.71693E-3,-4.23178E-3,-4.00259E-3,-3.38495E-3,-3.20801E-3,-3.43176E-3,-3.13181E-3,-3.36653E-3,-3.68230E-3,-2.69340E-3,-2.59397E-3,-2.98449E-3,-2.76834E-3,-2.05510E-3,-2.10487E-3,-3.14943E-3,-2.67566E-3,-2.19553E-3,-9.93315E-3,-4.94516E-3,-2.40697E-3,-2.65154E-3,-2.96769E-3,-1.36044E-3,-1.22213E-3,-2.26711E-3,-2.53398E-3,-2.59053E-3,-2.67282E-3,-1.93903E-3,-3.02945E-3,-3.31166E-3,-2.91261E-3,-2.56089E-3,-2.59502E-3,-1.98250E-3
1.38901E+3,NaN,NaN,NaN,NaN,7.06322E-4,5.36032E-4,2.65192E-4,-1.73714E-4,-2.39676E-4,-6.26379E-4,-5.41012E-4,-1.04376E-4,3.32260E-4,2.33142E-4,-5.78618E-6,-2.44715E-4,-7.31479E-5,1.26532E-4,3.04148E-4,2.23677E-4,1.43205E-4,2.99234E-5,-1.55328E-4,-1.12253E-4,2.02893E-4,2.87635E-4,-1.36402E-4,4.75735E-4,2.41470E-4,-1.96915E-4,5.29803E-4,-4.12756E-5,-3.22392E-4,-4.43775E-4,-4.77430E-4,-3.55691E-4,-1.97874E-4,-5.93332E-4,1.15289E-4,-4.84846E-4,-2.82865E-4,-2.38430E-4,9.66708E-4,1.37834E-3,3.14885E-4,6.12540E-3,2.59293E-2,3.19008E-2,-1.83237E-2,-1.34638E-1,-2.58707E-1,-3.17851E-1,-2.22788E-1,3.43962E-2,1.21455E-1,6.40690E-2,-1.80543E-2,-1.42430E-2,-1.21021E-2,-1.21934E-2,-1.20675E-2,-1.09247E-2,-1.13177E-2,-1.14439E-2,-1.13969E-2,-1.13609E-2,-1.04786E-2,-1.02459E-2,-9.84874E-3,-9.99444E-3,-1.00379E-2,-9.48569E-3,-8.92511E-3,-8.84918E-3,-9.11569E-3,-8.58006E-3,-8.57255E-3,-7.60292E-3,-8.17624E-3,-8.06105E-3,-7.79004E-3,-7.38825E-3,-7.54466E-3,-7.41066E-3,-7.29382E-3,-7.23314E-3,-7.68692E-3,-7.32671E-3,-6.57546E-3,-6.19264E-3,-6.03540E-3,-5.59623E-3,-5.68143E-3,-5.93255E-3,-5.25124E-3,-5.32204E-3,-4.62986E-3,-4.29460E-3,-4.15179E-3,-4.09852E-3,-3.74676E-3,-3.59820E-3,-4.12297E-3,-3.81670E-3,-3.22271E-3,-3.07678E-3,-3.18268E-3,-2.80768E-3,-3.10678E-3,-3.24574E-3,-2.52769E-3,-2.59433E-3,-2.95196E-3,-2.90367E-3,-2.40439E-3,-2.20939E-3,-3.23027E-3,-2.77668E-3,-1.93300E-3,-1.04017E-2,-4.91739E-3,-2.65296E-3,-2.40607E-3,-2.52564E-3,-1.70009E-3,-1.44189E-3,-2.34383E-3,-2.44530E-3,-2.22213E-3,-2.53437E-3,-1.65725E-3,-2.61623E-3,-2.92521E-3,-2.44412E-3,-2.60061E-3,-1.92899E-3,-1.48614E-3
1.39250E+3,NaN,NaN,NaN,NaN,3.69215E-4,3.33950E-4,4.54877E-4,-3.22593E-4,-4.58641E-4,-4.70243E-4,-1.74889E-5,3.62688E-5,9.00265E-5,1.39576E-4,1.89096E-4,2.42160E-4,3.17739E-4,3.93317E-4,4.85375E-4,6.20051E-4,7.54727E-4,3.67394E-4,-3.68988E-4,-1.45272E-4,1.70542E-4,-2.54906E-4,-3.33541E-5,3.11235E-4,-2.13460E-4,-2.38280E-4,7.00251E-5,2.60919E-4,2.08631E-4,-7.20577E-5,-4.51730E-4,-2.19489E-4,-2.72040E-4,-3.24449E-4,2.91351E-4,8.96684E-5,1.78386E-4,1.94737E-4,1.08960E-3,1.41547E-3,7.08395E-4,7.71506E-3,2.63893E-2,3.05191E-2,-2.16220E-2,-1.34355E-1,-2.54357E-1,-3.10245E-1,-1.90994E-1,2.81251E-2,1.08855E-1,5.33813E-2,-1.49860E-2,-1.43919E-2,-1.24949E-2,-1.24828E-2,-1.19266E-2,-1.11900E-2,-1.15039E-2,-1.14728E-2,-1.17397E-2,-1.17472E-2,-1.07761E-2,-1.01762E-2,-9.92727E-3,-1.04899E-2,-1.01263E-2,-9.75821E-3,-9.49234E-3,-9.38756E-3,-9.34198E-3,-9.45797E-3,-9.14026E-3,-8.73612E-3,-9.35604E-3,-8.48408E-3,-8.02870E-3,-7.82958E-3,-7.63541E-3,-7.56066E-3,-7.50970E-3,-7.40944E-3,-7.41714E-3,-7.43620E-3,-6.97403E-3,-6.67637E-3,-6.26384E-3,-5.88484E-3,-5.96131E-3,-5.82823E-3,-5.44236E-3,-5.76908E-3,-5.06030E-3,-4.63112E-3,-4.48730E-3,-4.58452E-3,-3.88264E-3,-3.66932E-3,-4.65104E-3,-4.05312E-3,-3.10802E-3,-3.34367E-3,-3.45164E-3,-2.75194E-3,-3.13286E-3,-3.08728E-3,-2.59865E-3,-2.93032E-3,-3.30016E-3,-3.04296E-3,-2.52445E-3,-2.75322E-3,-3.30939E-3,-2.87516E-3,-1.97412E-3,-1.11268E-2,-5.17995E-3,-2.82076E-3,-2.41462E-3,-2.54977E-3,-1.55433E-3,-1.58642E-3,-2.78721E-3,-2.72138E-3,-2.55807E-3,-2.49727E-3,-1.93003E-3,-3.38092E-3,-3.12602E-3,-2.53652E-3,-2.47614E-3,-2.18812E-3,-1.59213E-3
1.39600E+3,NaN,NaN,NaN,NaN,7.53138E-4,5.84394E-4,2.15829E-4,-4.75140E-4,-7.58901E-4,-4.17254E-4,-1.09033E-4,8.80272E-5,2.25701E-4,1.12850E-4,-4.48556E-10,-3.17641E-5,9.78109E-5,2.27386E-4,2.53994E-4,1.67858E-4,8.17231E-5,-1.59979E-4,-6.99847E-4,-2.76051E-4,5.55576E-5,1.76331E-5,2.04246E-4,4.00936E-4,-1.59046E-4,-2.12742E-6,-1.03130E-5,2.09524E-5,1.32353E-4,-4.80891E-4,-7.97784E-4,-1.58862E-4,-7.70794E-4,-3.83575E-4,1.63786E-4,4.89207E-4,2.12963E-4,1.32089E-4,6.09129E-4,1.16690E-3,4.65273E-4,8.58712E-3,2.87512E-2,3.50234E-2,-2.06592E-2,-1.36086E-1,-2.57807E-1,-3.13649E-1,-1.69367E-1,2.78425E-2,1.07203E-1,3.83257E-2,-1.38867E-2,-1.45602E-2,-1.33235E-2,-1.29493E-2,-1.15389E-2,-1.12570E-2,-1.17913E-2,-1.17408E-2,-1.23434E-2,-1.16535E-2,-1.13143E-2,-1.04662E-2,-1.04730E-2,-1.07067E-2,-1.01411E-2,-9.65858E-3,-9.13253E-3,-9.23412E-3,-9.43611E-3,-9.51565E-3,-8.46389E-3,-8.73279E-3,-9.26298E-3,-8.64542E-3,-8.01055E-3,-7.80989E-3,-7.84872E-3,-7.76834E-3,-7.49040E-3,-7.65467E-3,-7.87722E-3,-7.50240E-3,-7.06577E-3,-7.26919E-3,-6.73690E-3,-6.36146E-3,-6.43742E-3,-5.80090E-3,-5.91393E-3,-6.15737E-3,-4.95760E-3,-5.23984E-3,-4.42257E-3,-4.42950E-3,-3.92368E-3,-4.24065E-3,-5.06242E-3,-4.47916E-3,-3.53661E-3,-3.52942E-3,-3.72524E-3,-3.13833E-3,-3.44396E-3,-3.30538E-3,-2.82579E-3,-3.16141E-3,-3.69084E-3,-3.39863E-3,-2.59938E-3,-2.70602E-3,-3.39089E-3,-2.99201E-3,-2.35005E-3,-1.19138E-2,-5.00200E-3,-2.70864E-3,-2.66815E-3,-2.54373E-3,-1.57549E-3,-1.55052E-3,-2.73939E-3,-2.73709E-3,-2.86706E-3,-2.90258E-3,-1.85889E-3,-3.06530E-3,-3.19508E-3,-2.93372E-3,-2.15774E-3,-2.30416E-3,-1.69522E-3
1.39949E+3,NaN,NaN,NaN,NaN,4.42332E-4,6.27717E-4,1.76441E-4,-6.59629E-4,-5.85553E-4,-1.87146E-4,1.27498E-4,2.00933E-4,2.88549E-4,3.98484E-4,5.08419E-4,5.00266E-4,3.87971E-4,2.75676E-4,3.56718E-4,5.31174E-4,7.05630E-4,1.20565E-4,-1.13608E-4,-8.01654E-5,4.36031E-4,9.19441E-5,5.92319E-4,6.99752E-4,2.21026E-4,2.32128E-4,3.08146E-4,3.86181E-4,-2.23387E-4,-3.58675E-4,-1.72325E-4,2.19394E-4,-2.43625E-4,6.61242E-5,-1.11838E-4,2.60589E-4,1.95543E-4,2.59703E-4,8.68038E-4,1.65790E-3,2.25005E-4,8.97982E-3,3.09300E-2,4.03273E-2,-1.93592E-2,-1.39842E-1,-2.66130E-1,-3.26051E-1,-1.59039E-1,3.18139E-2,1.18476E-1,2.32927E-2,-1.35246E-2,-1.31579E-2,-1.22381E-2,-1.24843E-2,-1.11449E-2,-1.11356E-2,-1.13331E-2,-1.07831E-2,-1.20579E-2,-1.08046E-2,-1.07801E-2,-9.66567E-3,-9.93104E-3,-1.00356E-2,-9.30963E-3,-8.69877E-3,-8.42304E-3,-8.91626E-3,-8.64718E-3,-9.08010E-3,-8.03398E-3,-8.98429E-3,-8.61550E-3,-7.92396E-3,-7.34439E-3,-7.54380E-3,-7.82257E-3,-7.03629E-3,-7.07356E-3,-6.78975E-3,-7.20591E-3,-6.95692E-3,-6.01594E-3,-6.74214E-3,-6.07942E-3,-5.78951E-3,-5.98307E-3,-4.65689E-3,-5.55972E-3,-5.32783E-3,-4.85957E-3,-4.39915E-3,-4.34003E-3,-4.08753E-3,-3.36235E-3,-3.60435E-3,-4.62761E-3,-3.82623E-3,-2.86842E-3,-2.96209E-3,-2.99122E-3,-2.44812E-3,-3.26801E-3,-2.78989E-3,-2.24944E-3,-2.65732E-3,-3.26560E-3,-3.31773E-3,-2.31772E-3,-2.22097E-3,-2.84744E-3,-2.42860E-3,-1.81185E-3,-1.21174E-2,-5.26278E-3,-2.88735E-3,-2.08690E-3,-2.75460E-3,-1.48959E-3,-1.23483E-3,-2.71075E-3,-2.25805E-3,-2.52790E-3,-2.41868E-3,-1.66492E-3,-2.74812E-3,-3.14275E-3,-2.28082E-3,-1.93804E-3,-1.95909E-3,-1.21623E-3
1.40298E+3,NaN,NaN,NaN,NaN,3.92299E-4,7.38561E-4,2.62007E-4,-3.34721E-4,-6.11499E-4,-5.22971E-4,-8.01711E-5,-6.58115E-5,6.27737E-5,2.72778E-4,4.82783E-4,5.27660E-4,5.10435E-4,4.93211E-4,4.00778E-4,2.97063E-4,1.90021E-4,-1.85346E-4,-8.28422E-4,2.28940E-4,1.44852E-4,4.79469E-4,4.38198E-4,2.19445E-4,-5.30206E-4,2.78282E-4,2.22620E-4,1.17083E-5,2.18736E-6,-3.09676E-4,1.74007E-5,2.11854E-4,-3.79220E-4,9.01721E-4,-5.41790E-4,3.47206E-4,-1.47672E-4,1.90344E-4,9.48711E-4,1.55963E-3,-2.32663E-4,7.49475E-3,3.26733E-2,4.93473E-2,-9.25225E-3,-1.32173E-1,-2.65750E-1,-3.32649E-1,-1.57655E-1,3.28377E-2,1.27856E-1,9.18406E-3,-1.72828E-2,-1.40485E-2,-1.29361E-2,-1.32997E-2,-1.16408E-2,-1.18648E-2,-1.22252E-2,-1.17152E-2,-1.28418E-2,-1.13525E-2,-1.17824E-2,-1.02105E-2,-1.03804E-2,-1.07832E-2,-1.00041E-2,-9.76477E-3,-9.38340E-3,-9.21775E-3,-9.49611E-3,-1.00563E-2,-8.31890E-3,-1.02084E-2,-9.04055E-3,-8.74993E-3,-8.03909E-3,-8.04352E-3,-7.80618E-3,-8.30825E-3,-7.96459E-3,-7.60865E-3,-8.16034E-3,-7.72764E-3,-7.30553E-3,-7.52221E-3,-6.24873E-3,-6.69204E-3,-6.71151E-3,-5.26958E-3,-5.95607E-3,-6.15459E-3,-5.74038E-3,-5.23536E-3,-4.91568E-3,-4.81585E-3,-3.87188E-3,-4.24710E-3,-5.29163E-3,-4.26064E-3,-3.56986E-3,-3.65300E-3,-3.56664E-3,-2.87721E-3,-3.95636E-3,-3.33831E-3,-2.93100E-3,-3.48553E-3,-3.86696E-3,-3.77376E-3,-2.87073E-3,-3.25896E-3,-3.39722E-3,-3.23917E-3,-2.19050E-3,-1.33247E-2,-5.64180E-3,-2.97508E-3,-2.64960E-3,-2.99682E-3,-2.09134E-3,-1.63984E-3,-2.95719E-3,-2.95171E-3,-2.95267E-3,-3.22768E-3,-2.21304E-3,-3.39629E-3,-3.56498E-3,-3.14224E-3,-2.52474E-3,-2.38333E-3,-1.66246E-3
1.40648E+3,NaN,NaN,NaN,NaN,5.20656E-4,7.50050E-4,-1.35615E-6,-4.21219E-4,-5.06523E-4,-4.41928E-4,2.06071E-5,1.91885E-4,1.69756E-4,9.23134E-5,1.48708E-5,2.79701E-5,4.88930E-5,7.78476E-5,2.25613E-4,3.73379E-4,3.82791E-4,-1.18141E-4,-4.02534E-4,-1.70661E-4,9.63552E-5,3.45228E-4,6.33404E-4,2.12685E-4,-2.87887E-4,3.59486E-4,8.06845E-5,-1.82419E-4,-4.51906E-4,-1.24644E-4,1.73059E-4,8.54759E-5,-8.60182E-4,-1.49458E-4,-6.65216E-5,1.92826E-4,-1.26269E-4,7.61718E-5,7.33765E-4,1.41524E-3,-1.18363E-4,8.62061E-3,3.23175E-2,4.25871E-2,-1.76827E-2,-1.40440E-1,-2.69916E-1,-3.13908E-1,-1.59528E-1,2.62557E-2,1.10892E-1,1.49777E-2,-1.60554E-2,-1.39738E-2,-1.20747E-2,-1.24166E-2,-1.14094E-2,-1.13007E-2,-1.09846E-2,-1.11108E-2,-1.16954E-2,-1.10170E-2,-1.08489E-2,-9.49007E-3,-1.02020E-2,-1.03505E-2,-9.38277E-3,-9.25847E-3,-8.74870E-3,-9.22003E-3,-9.25411E-3,-9.22691E-3,-8.21500E-3,-9.73930E-3,-8.95915E-3,-8.18110E-3,-7.59632E-3,-7.70589E-3,-7.65210E-3,-7.47073E-3,-7.58058E-3,-7.48568E-3,-7.54956E-3,-7.11634E-3,-7.20289E-3,-7.18147E-3,-5.90907E-3,-5.93831E-3,-6.05159E-3,-5.38946E-3,-5.95288E-3,-5.79802E-3,-5.32593E-3,-5.02264E-3,-4.94139E-3,-4.72222E-3,-3.69905E-3,-4.32042E-3,-5.03086E-3,-4.16742E-3,-3.42271E-3,-3.68836E-3,-3.49307E-3,-2.74425E-3,-4.08575E-3,-3.45319E-3,-2.94014E-3,-3.37885E-3,-3.75431E-3,-3.77983E-3,-2.76126E-3,-2.91021E-3,-2.92731E-3,-2.73430E-3,-2.13355E-3,-1.37010E-2,-5.73666E-3,-3.15581E-3,-2.71901E-3,-2.79729E-3,-1.63333E-3,-1.41961E-3,-2.60261E-3,-2.64365E-3,-2.61250E-3,-2.42106E-3,-2.34924E-3,-3.35842E-3,-3.18451E-3,-2.87093E-3,-2.06041E-3,-2.16224E-3,-1.67776E-3
1.40998E+3,NaN,NaN,NaN,NaN,6.30622E-4,5.42115E-4,-1.30111E-4,-1.39602E-4,-5.85191E-4,-5.07375E-4,1.12899E-4,3.20580E-4,2.76513E-4,2.24616E-4,1.97195E-4,3.62511E-4,5.27828E-4,6.62267E-4,7.06756E-4,7.51244E-4,4.97728E-4,-6.00175E-5,-7.53126E-5,2.70227E-4,2.89774E-4,3.83338E-4,6.22672E-4,2.59314E-4,1.16681E-4,4.03446E-4,1.88518E-4,1.47437E-4,1.92424E-6,-8.59786E-5,5.02960E-4,5.42632E-5,-3.93009E-4,3.32451E-5,6.97390E-5,5.05954E-4,2.51413E-4,5.16096E-6,1.11594E-3,1.15853E-3,2.49671E-4,9.85935E-3,3.45099E-2,4.16222E-2,-1.88063E-2,-1.41333E-1,-2.71916E-1,-2.97913E-1,-1.57881E-1,2.68128E-2,9.09601E-2,1.60555E-2,-1.56117E-2,-1.38825E-2,-1.22566E-2,-1.23185E-2,-1.12497E-2,-1.11060E-2,-1.12021E-2,-1.15251E-2,-1.14028E-2,-1.08181E-2,-1.04070E-2,-9.58365E-3,-1.02414E-2,-9.93251E-3,-9.24695E-3,-9.05426E-3,-8.71838E-3,-8.82779E-3,-9.24794E-3,-8.90905E-3,-8.57885E-3,-9.59142E-3,-8.79727E-3,-7.94313E-3,-7.68519E-3,-7.76095E-3,-8.07348E-3,-7.68654E-3,-7.23977E-3,-7.46152E-3,-7.65783E-3,-7.32679E-3,-7.43048E-3,-7.16437E-3,-6.20477E-3,-6.28071E-3,-6.15174E-3,-5.45737E-3,-5.89231E-3,-5.73512E-3,-5.57579E-3,-5.19167E-3,-4.78905E-3,-4.41419E-3,-3.62242E-3,-4.11346E-3,-5.15320E-3,-4.51552E-3,-3.35538E-3,-3.64537E-3,-3.49314E-3,-2.94656E-3,-3.84438E-3,-3.17945E-3,-2.82739E-3,-3.58660E-3,-3.66023E-3,-3.48041E-3,-2.65846E-3,-3.18076E-3,-3.23139E-3,-2.96315E-3,-1.75187E-3,-1.38180E-2,-5.64345E-3,-2.66791E-3,-2.39252E-3,-2.55382E-3,-1.70508E-3,-1.59645E-3,-2.54093E-3,-2.72085E-3,-2.52212E-3,-2.26317E-3,-1.77565E-3,-3.27681E-3,-2.89972E-3,-3.08143E-3,-2.02665E-3,-1.93534E-3,-1.49945E-3
1.41347E+3,NaN,NaN,NaN,NaN,6.25783E-4,6.53084E-4,-3.35448E-4,-5.01356E-4,-5.49881E-4,-2.33684E-4,-1.64938E-4,-1.82420E-4,-6.15668E-5,5.92863E-5,1.44975E-4,1.49924E-4,1.54874E-4,1.99844E-4,2.94475E-4,3.89107E-4,3.32433E-4,-3.18074E-4,-3.75206E-4,2.69425E-4,1.24672E-4,1.50843E-4,1.98408E-4,-2.06333E-4,-4.15928E-6,1.64150E-4,1.40769E-4,-5.61694E-6,-5.30937E-4,-6.13282E-4,-3.90418E-5,-5.64465E-4,-2.85938E-4,2.85134E-4,6.76736E-4,4.23614E-5,-3.99646E-4,-4.11057E-4,9.18047E-4,6.75153E-4,-2.66334E-4,9.35754E-3,3.64960E-2,4.37407E-2,-1.76817E-2,-1.42637E-1,-2.77973E-1,-2.94928E-1,-1.58695E-1,3.26710E-2,7.78127E-2,1.31846E-2,-1.56386E-2,-1.36326E-2,-1.30979E-2,-1.24561E-2,-1.15999E-2,-1.17771E-2,-1.18141E-2,-1.21461E-2,-1.17570E-2,-1.13956E-2,-1.04740E-2,-1.01956E-2,-1.04355E-2,-9.97251E-3,-9.79825E-3,-9.51618E-3,-9.36405E-3,-9.45228E-3,-9.82425E-3,-9.14865E-3,-9.76781E-3,-9.73390E-3,-8.69884E-3,-8.24643E-3,-8.23562E-3,-8.37125E-3,-8.20906E-3,-7.74029E-3,-7.94379E-3,-8.08930E-3,-7.60223E-3,-7.42861E-3,-7.87769E-3,-7.35653E-3,-6.51971E-3,-6.74486E-3,-6.02212E-3,-5.62921E-3,-6.06797E-3,-5.95633E-3,-6.00304E-3,-5.40839E-3,-5.27779E-3,-4.58765E-3,-3.73054E-3,-4.66646E-3,-5.75236E-3,-4.62605E-3,-3.53848E-3,-3.80365E-3,-4.03842E-3,-3.16594E-3,-4.12695E-3,-3.25839E-3,-3.16339E-3,-3.94654E-3,-4.23426E-3,-4.20740E-3,-3.10715E-3,-3.79699E-3,-3.73665E-3,-3.10281E-3,-2.17479E-3,-1.43469E-2,-5.62390E-3,-3.38821E-3,-3.01089E-3,-3.34953E-3,-2.15416E-3,-1.86769E-3,-3.34174E-3,-2.90340E-3,-3.73262E-3,-3.03330E-3,-2.40658E-3,-3.64211E-3,-3.66664E-3,-3.70187E-3,-2.62706E-3,-2.42274E-3,-1.70743E-3
1.41697E+3,NaN,NaN,NaN,NaN,5.38564E-4,8.59236E-4,-5.50617E-4,-3.93040E-4,-6.13063E-4,-1.73589E-4,5.54988E-5,7.03481E-5,5.78849E-5,4.54217E-5,1.22491E-4,2.91788E-4,4.61084E-4,5.13679E-4,4.99322E-4,4.84965E-4,2.37437E-4,-3.24110E-5,5.85697E-5,8.58665E-4,1.99570E-4,1.24107E-4,-5.26960E-5,-4.54210E-4,4.79624E-4,2.66016E-4,-9.05537E-5,-1.81322E-4,-9.01903E-4,-6.06973E-4,2.38780E-4,-5.73927E-4,2.11328E-6,-2.58079E-4,-1.27098E-4,-1.92647E-4,-7.80599E-5,-1.75203E-4,1.30281E-3,5.82265E-4,-1.31314E-3,8.16874E-3,3.90909E-2,5.00902E-2,-1.27836E-2,-1.41570E-1,-2.85873E-1,-3.01657E-1,-1.59650E-1,4.70822E-2,7.58176E-2,4.59993E-3,-1.59238E-2,-1.32972E-2,-1.33974E-2,-1.19576E-2,-1.16904E-2,-1.20568E-2,-1.11802E-2,-1.19151E-2,-1.13344E-2,-1.14188E-2,-1.00376E-2,-1.04915E-2,-1.08037E-2,-1.01665E-2,-1.02141E-2,-9.45874E-3,-9.72619E-3,-9.81757E-3,-9.65237E-3,-8.76497E-3,-1.01432E-2,-9.42632E-3,-8.68453E-3,-7.98668E-3,-8.01528E-3,-8.54252E-3,-8.63003E-3,-8.26911E-3,-7.97409E-3,-8.20336E-3,-7.87724E-3,-7.85327E-3,-8.53273E-3,-7.03763E-3,-6.96292E-3,-6.81127E-3,-5.72783E-3,-6.29992E-3,-6.47249E-3,-5.69418E-3,-5.98712E-3,-5.87667E-3,-5.92893E-3,-5.30666E-3,-3.99433E-3,-4.75713E-3,-5.57454E-3,-4.75255E-3,-3.90742E-3,-3.97476E-3,-4.09462E-3,-3.11044E-3,-4.54530E-3,-3.78787E-3,-3.83793E-3,-4.46829E-3,-4.62840E-3,-4.48848E-3,-3.03451E-3,-3.79983E-3,-3.96239E-3,-3.36807E-3,-2.54020E-3,-1.46035E-2,-5.92316E-3,-3.10781E-3,-2.72770E-3,-3.05382E-3,-2.61143E-3,-2.49837E-3,-3.78407E-3,-3.44358E-3,-3.60652E-3,-2.88178E-3,-2.07619E-3,-3.55521E-3,-3.82357E-3,-3.93299E-3,-2.43742E-3,-2.44921E-3,-1.89629E-3
1.42047E+3,NaN,NaN,NaN,NaN,2.75477E-4,3.47002E-4,-5.72030E-4,-3.68478E-4,-2.76396E-4,2.64906E-4,1.73640E-4,1.55188E-4,1.91001E-4,2.26815E-4,2.91912E-4,3.70770E-4,4.49629E-4,5.11020E-4,5.68659E-4,6.26297E-4,2.13992E-6,-5.50849E-4,4.08967E-4,4.04372E-4,8.77776E-5,4.86336E-4,1.57383E-4,-2.30745E-4,7.22633E-4,9.14127E-5,-1.05519E-4,3.49294E-4,-1.43084E-4,-1.68655E-4,-2.62859E-4,-6.64835E-4,-3.18009E-5,1.74014E-4,-3.40821E-4,-3.03189E-4,3.63387E-4,2.86577E-4,1.68184E-3,7.26615E-4,-2.40944E-3,5.07532E-3,3.81417E-2,5.62104E-2,-6.47066E-3,-1.37287E-1,-2.93432E-1,-3.17560E-1,-1.64823E-1,6.12663E-2,8.37066E-2,-8.08331E-3,-1.64233E-2,-1.31879E-2,-1.37646E-2,-1.18606E-2,-1.16896E-2,-1.17157E-2,-1.13526E-2,-1.24206E-2,-1.12551E-2,-1.16046E-2,-1.00950E-2,-1.07360E-2,-1.08261E-2,-9.88378E-3,-1.01629E-2,-9.70912E-3,-1.02473E-2,-9.85565E-3,-1.03574E-2,-8.31349E-3,-1.07626E-2,-9.77199E-3,-8.97048E-3,-8.58181E-3,-7.90078E-3,-9.08348E-3,-8.86422E-3,-8.03512E-3,-8.14583E-3,-8.58272E-3,-7.93525E-3,-7.67814E-3,-8.37949E-3,-6.70940E-3,-6.84660E-3,-7.39083E-3,-5.85067E-3,-6.24651E-3,-6.49236E-3,-6.14425E-3,-6.54063E-3,-5.95388E-3,-5.48685E-3,-5.02878E-3,-4.07503E-3,-5.15847E-3,-6.35896E-3,-4.78062E-3,-3.79130E-3,-4.06572E-3,-4.50766E-3,-3.29941E-3,-4.98220E-3,-3.36659E-3,-3.81420E-3,-4.56299E-3,-4.36372E-3,-4.82561E-3,-2.74841E-3,-3.58449E-3,-3.87522E-3,-3.35378E-3,-2.43016E-3,-1.47020E-2,-5.79695E-3,-3.31000E-3,-3.30821E-3,-3.66389E-3,-2.75450E-3,-2.66967E-3,-3.28526E-3,-3.44077E-3,-3.65139E-3,-3.14845E-3,-2.81758E-3,-4.00878E-3,-4.05229E-3,-3.89103E-3,-3.06449E-3,-2.71669E-3,-1.96631E-3
1.42396E+3,NaN,NaN,NaN,NaN,5.77935E-4,8.30708E-4,-9.85533E-4,-4.19471E-4,-2.87284E-4,1.18573E-4,-3.19770E-4,-3.02828E-4,-2.08215E-4,-1.13603E-4,-7.87984E-5,-5.32070E-5,-2.56632E-5,2.08095E-4,4.41853E-4,5.11379E-4,-2.12951E-4,-1.82284E-4,2.63342E-4,3.58047E-4,7.45688E-6,9.87949E-5,3.72911E-5,-1.51177E-4,8.39301E-4,-1.61076E-5,-1.91458E-4,-1.54560E-4,-5.93518E-4,-7.31571E-4,-6.24695E-5,-6.91870E-4,1.98951E-4,-3.48405E-4,-8.04926E-5,-4.44815E-4,-1.36248E-5,4.98508E-4,9.03184E-4,2.74739E-4,-1.76970E-3,6.68898E-3,3.68162E-2,5.10574E-2,-1.38897E-2,-1.47514E-1,-2.94841E-1,-3.15000E-1,-1.55605E-1,5.57826E-2,8.35312E-2,-9.63013E-3,-1.54916E-2,-1.25644E-2,-1.26337E-2,-1.14851E-2,-1.12640E-2,-1.14248E-2,-1.13804E-2,-1.14724E-2,-1.10737E-2,-1.07770E-2,-9.41194E-3,-9.98343E-3,-9.83309E-3,-9.61097E-3,-9.94886E-3,-9.34671E-3,-9.35325E-3,-9.69633E-3,-9.89098E-3,-8.63142E-3,-1.04530E-2,-9.66431E-3,-8.62629E-3,-7.93211E-3,-7.74401E-3,-8.43535E-3,-8.51214E-3,-8.11104E-3,-7.48878E-3,-8.04607E-3,-7.47528E-3,-7.73771E-3,-8.11971E-3,-6.83591E-3,-6.74854E-3,-6.75826E-3,-5.41662E-3,-6.36776E-3,-6.13357E-3,-5.72096E-3,-6.69642E-3,-5.84926E-3,-5.32302E-3,-5.47819E-3,-3.75769E-3,-4.81053E-3,-5.85413E-3,-4.77075E-3,-3.86419E-3,-3.83887E-3,-4.47348E-3,-2.90307E-3,-5.49493E-3,-3.13880E-3,-3.67233E-3,-4.36059E-3,-4.22248E-3,-4.67106E-3,-2.75142E-3,-3.75299E-3,-3.67909E-3,-3.21380E-3,-2.31107E-3,-1.45531E-2,-5.96126E-3,-3.34694E-3,-3.21099E-3,-3.67283E-3,-2.50701E-3,-2.18444E-3,-3.66180E-3,-3.57486E-3,-3.70036E-3,-2.70459E-3,-2.47903E-3,-3.80766E-3,-3.83223E-3,-3.80526E-3,-2.54800E-3,-2.82439E-3,-2.35529E-3
1.42746E+3,NaN,NaN,NaN,NaN,7.15931E-4,6.75132E-4,-8.21071E-4,-5.32295E-4,-5.27919E-4,5.25050E-4,3.58848E-4,3.01523E-4,2.45749E-4,1.84786E-4,2.78653E-5,-1.29056E-4,-2.04544E-4,5.79663E-5,3.20477E-4,3.44430E-4,-1.69547E-4,-2.58921E-4,3.77061E-4,1.01301E-4,-2.30468E-4,-2.94285E-5,-2.32252E-5,2.58759E-4,7.44232E-4,-6.24963E-5,-1.37025E-4,-3.81420E-4,-3.49018E-4,-2.90125E-4,-2.26161E-4,-5.85341E-4,-2.99951E-4,-3.87307E-5,-2.14045E-4,-2.21802E-4,-2.27072E-4,3.19851E-4,7.52399E-4,6.78780E-5,-1.42438E-3,8.80715E-3,3.89943E-2,5.11317E-2,-1.32537E-2,-1.49845E-1,-2.93051E-1,-3.07235E-1,-1.46311E-1,4.47571E-2,6.95902E-2,-7.89366E-3,-1.54347E-2,-1.36211E-2,-1.28695E-2,-1.17144E-2,-1.16233E-2,-1.20253E-2,-1.16893E-2,-1.17179E-2,-1.13732E-2,-1.11294E-2,-1.02873E-2,-1.06702E-2,-1.05668E-2,-1.03066E-2,-1.03919E-2,-9.76691E-3,-9.71267E-3,-1.01377E-2,-9.91509E-3,-9.41131E-3,-1.07971E-2,-9.84141E-3,-8.63587E-3,-7.97659E-3,-8.16245E-3,-8.94032E-3,-8.70468E-3,-8.59332E-3,-8.53653E-3,-8.69758E-3,-8.25871E-3,-8.23138E-3,-8.18850E-3,-7.52205E-3,-7.81402E-3,-7.40781E-3,-6.24541E-3,-6.74334E-3,-6.55348E-3,-6.25439E-3,-6.97875E-3,-6.22960E-3,-5.97276E-3,-5.57172E-3,-4.13464E-3,-5.35001E-3,-6.07219E-3,-5.09459E-3,-4.49979E-3,-4.66490E-3,-4.73571E-3,-3.44335E-3,-5.40769E-3,-3.44652E-3,-3.96140E-3,-4.65818E-3,-4.96967E-3,-4.76436E-3,-3.23799E-3,-4.93993E-3,-4.35582E-3,-3.58949E-3,-2.97607E-3,-1.54224E-2,-6.08089E-3,-3.88730E-3,-3.48984E-3,-4.43398E-3,-2.99281E-3,-2.72823E-3,-4.06592E-3,-3.45532E-3,-3.90181E-3,-3.09456E-3,-3.32966E-3,-4.10625E-3,-4.47937E-3,-4.46995E-3,-3.16029E-3,-3.19136E-3,-2.50116E-3
1.43096E+3,NaN,NaN,NaN,3.47477E-4,4.09885E-4,8.63055E-4,-7.84559E-4,-8.57702E-6,-5.88281E-4,-2.52650E-4,-7.29856E-5,-6.95520E-6,5.90752E-5,9.61281E-5,3.86498E-5,-1.88284E-5,7.35630E-6,1.71515E-4,3.35674E-4,3.60188E-4,1.87107E-6,-2.91326E-4,1.02983E-4,2.69356E-4,-3.39763E-5,1.10338E-4,1.87677E-4,5.95082E-4,7.13452E-4,1.54436E-4,5.14915E-5,-2.14809E-4,-2.53165E-4,2.28385E-5,-4.17359E-4,-2.21964E-4,2.66852E-4,3.53802E-4,1.67515E-4,-4.68594E-4,-2.67334E-4,3.46785E-4,6.64766E-4,-4.29011E-4,-1.80023E-3,8.79489E-3,4.08170E-2,5.03275E-2,-1.44797E-2,-1.57274E-1,-3.00390E-1,-3.03294E-1,-1.33647E-1,4.73418E-2,5.35220E-2,-7.25376E-3,-1.52462E-2,-1.37382E-2,-1.22445E-2,-1.16152E-2,-1.17196E-2,-1.16144E-2,-1.14587E-2,-1.15019E-2,-1.17629E-2,-1.11125E-2,-1.03767E-2,-1.05911E-2,-1.03759E-2,-9.96957E-3,-9.95620E-3,-1.01362E-2,-1.00401E-2,-1.02318E-2,-9.53955E-3,-1.00242E-2,-1.06897E-2,-9.76850E-3,-9.03012E-3,-8.46152E-3,-8.47207E-3,-8.73635E-3,-8.91527E-3,-8.61769E-3,-8.51086E-3,-8.24619E-3,-8.20661E-3,-8.44871E-3,-7.75585E-3,-7.43428E-3,-7.76839E-3,-6.78834E-3,-6.50669E-3,-6.93534E-3,-6.54399E-3,-6.16381E-3,-7.31249E-3,-6.38814E-3,-6.00699E-3,-5.66885E-3,-4.31838E-3,-5.36400E-3,-5.84157E-3,-4.35787E-3,-4.29570E-3,-4.58838E-3,-4.39378E-3,-3.70196E-3,-5.12060E-3,-3.30168E-3,-4.49812E-3,-4.60083E-3,-5.23694E-3,-5.31036E-3,-3.49042E-3,-5.11512E-3,-3.95197E-3,-3.83942E-3,-2.59651E-3,-1.52823E-2,-5.97015E-3,-4.01619E-3,-3.60374E-3,-4.18598E-3,-2.92546E-3,-3.02295E-3,-4.27537E-3,-4.04476E-3,-4.45178E-3,-3.40748E-3,-2.82528E-3,-4.32950E-3,-4.48508E-3,-4.60799E-3,-3.18031E-3,-3.48977E-3,-2.59782E-3
1.43446E+3,NaN,NaN,NaN,6.49830E-4,6.98796E-4,2.71011E-4,-8.10306E-4,-5.42312E-4,-3.66064E-4,4.04602E-5,7.14325E-6,-7.46015E-5,-1.56346E-4,-1.36565E-4,2.54377E-5,1.87441E-4,3.54250E-4,5.24844E-4,6.95438E-4,5.13241E-5,-3.29602E-4,-1.47505E-4,4.35263E-4,3.28701E-4,4.89345E-4,1.54037E-4,2.53914E-4,6.19152E-4,3.40886E-4,5.61659E-4,3.29890E-4,-6.28182E-4,-4.68880E-4,-5.61852E-6,-4.04424E-4,-2.21244E-4,4.29538E-4,4.35094E-4,-2.40859E-5,-3.91663E-4,-1.34460E-4,1.87408E-5,2.75432E-4,-8.21826E-4,-2.09480E-3,7.81192E-3,4.23216E-2,4.94977E-2,-1.80649E-2,-1.69965E-1,-3.18556E-1,-3.04798E-1,-1.18927E-1,6.64604E-2,4.02947E-2,-7.55537E-3,-1.42231E-2,-1.28303E-2,-1.16592E-2,-1.10332E-2,-1.14218E-2,-1.10868E-2,-1.13430E-2,-1.09293E-2,-1.12704E-2,-9.90336E-3,-9.91506E-3,-1.01555E-2,-9.64410E-3,-9.71862E-3,-9.70840E-3,-9.53666E-3,-9.49815E-3,-9.74562E-3,-8.79934E-3,-1.00797E-2,-9.83808E-3,-9.11147E-3,-8.37399E-3,-8.11228E-3,-8.59262E-3,-8.40999E-3,-8.24313E-3,-7.95455E-3,-8.48357E-3,-7.89131E-3,-7.74499E-3,-8.21741E-3,-7.46283E-3,-7.08813E-3,-7.25047E-3,-6.45301E-3,-6.39470E-3,-6.64029E-3,-6.30839E-3,-5.84473E-3,-7.44725E-3,-5.99841E-3,-5.68787E-3,-5.46746E-3,-4.14345E-3,-5.79142E-3,-5.79722E-3,-4.47226E-3,-3.87812E-3,-4.35520E-3,-4.50242E-3,-3.46795E-3,-5.14092E-3,-3.34399E-3,-4.36299E-3,-4.83039E-3,-4.31376E-3,-4.99566E-3,-3.35531E-3,-5.05542E-3,-3.94277E-3,-3.07470E-3,-2.36607E-3,-1.50852E-2,-6.06724E-3,-3.47813E-3,-3.80870E-3,-4.39132E-3,-2.64999E-3,-2.51157E-3,-4.19587E-3,-3.92054E-3,-4.30432E-3,-3.59912E-3,-3.13573E-3,-3.96260E-3,-4.08941E-3,-4.34289E-3,-3.16411E-3,-3.36010E-3,-2.66414E-3
1.43796E+3,NaN,NaN,NaN,6.41356E-4,6.92441E-4,5.75382E-4,-7.61049E-4,-3.03736E-4,-6.91588E-4,-2.32443E-4,1.29523E-4,1.14765E-4,1.00007E-4,1.08224E-4,1.31950E-4,1.55676E-4,2.55641E-4,3.82411E-4,5.09182E-4,2.75012E-4,-2.87699E-4,2.50127E-5,6.84260E-4,-4.26975E-4,-3.49789E-4,-2.53290E-4,1.86480E-4,6.43932E-4,5.65205E-4,1.01988E-4,-7.22009E-5,-1.10409E-4,1.92027E-4,-2.92612E-5,-7.09484E-4,2.23347E-5,1.61714E-4,-3.62073E-4,-4.33816E-4,-3.54330E-4,7.43226E-6,8.87518E-5,2.46840E-4,1.57812E-4,-1.92032E-3,5.77679E-3,4.56712E-2,5.57408E-2,-1.19386E-2,-1.75570E-1,-3.35105E-1,-3.07383E-1,-1.10133E-1,8.88483E-2,2.70933E-2,-9.46399E-3,-1.45977E-2,-1.26444E-2,-1.20617E-2,-1.10874E-2,-1.18152E-2,-1.09403E-2,-1.12631E-2,-1.11645E-2,-1.14154E-2,-9.89217E-3,-9.83473E-3,-1.01462E-2,-9.99982E-3,-1.00853E-2,-9.86398E-3,-9.88388E-3,-9.87506E-3,-1.00909E-2,-8.58751E-3,-1.05110E-2,-1.01710E-2,-8.85151E-3,-8.53439E-3,-8.47250E-3,-8.71459E-3,-8.68165E-3,-8.47114E-3,-8.16185E-3,-8.74390E-3,-8.09973E-3,-8.35309E-3,-8.64045E-3,-7.05186E-3,-7.16513E-3,-7.63213E-3,-6.47053E-3,-6.71115E-3,-6.87900E-3,-6.65382E-3,-6.29085E-3,-7.16933E-3,-6.49902E-3,-5.80169E-3,-5.53082E-3,-4.21287E-3,-5.44033E-3,-5.85019E-3,-4.86262E-3,-4.12794E-3,-4.52437E-3,-4.05893E-3,-3.56174E-3,-5.62836E-3,-3.85363E-3,-4.11033E-3,-5.01315E-3,-4.86345E-3,-5.47554E-3,-3.54477E-3,-4.99760E-3,-4.69022E-3,-4.01623E-3,-2.57491E-3,-1.44349E-2,-6.14110E-3,-3.96104E-3,-3.80704E-3,-4.64479E-3,-3.01586E-3,-3.20272E-3,-3.97512E-3,-4.07421E-3,-4.56843E-3,-3.64501E-3,-3.26948E-3,-4.21925E-3,-4.38885E-3,-4.32113E-3,-3.33026E-3,-3.51935E-3,-3.31987E-3
1.44146E+3,NaN,NaN,NaN,5.06416E-4,6.25371E-4,3.76327E-4,-5.04295E-4,-4.23551E-4,-5.07163E-4,-1.43557E-4,1.35448E-4,1.03552E-4,7.16570E-5,4.72861E-5,2.50862E-5,2.88620E-6,2.40837E-5,4.91089E-5,5.75280E-5,-1.85860E-4,-3.89588E-4,-5.76339E-5,1.60582E-4,-5.27121E-4,1.63615E-4,8.43040E-5,7.40293E-5,1.17416E-3,6.53047E-5,-6.62126E-5,-8.28722E-4,-3.47315E-4,-4.60105E-4,-2.35726E-4,-1.15471E-3,3.47973E-5,-1.89186E-4,-4.95908E-4,-2.37052E-4,-1.38194E-4,1.24436E-6,4.90150E-4,-1.48994E-4,4.19765E-4,-1.58171E-3,6.41507E-3,4.62517E-2,5.94734E-2,-1.09533E-2,-1.81837E-1,-3.44958E-1,-3.03164E-1,-1.01764E-1,9.96815E-2,2.09020E-2,-1.20678E-2,-1.46830E-2,-1.19927E-2,-1.18729E-2,-1.14347E-2,-1.12566E-2,-1.11030E-2,-1.14206E-2,-1.11095E-2,-1.15119E-2,-9.63120E-3,-1.00508E-2,-1.01589E-2,-1.00630E-2,-1.02325E-2,-1.03215E-2,-1.00472E-2,-1.00844E-2,-1.04008E-2,-8.80064E-3,-1.05037E-2,-9.75904E-3,-9.09244E-3,-8.54888E-3,-8.22162E-3,-8.92478E-3,-8.60977E-3,-8.87838E-3,-8.36366E-3,-8.64821E-3,-7.91998E-3,-8.26759E-3,-8.47002E-3,-7.73153E-3,-7.80205E-3,-8.27672E-3,-6.65769E-3,-7.24156E-3,-6.90521E-3,-6.94091E-3,-6.29837E-3,-7.19637E-3,-6.97824E-3,-5.86772E-3,-5.97015E-3,-4.71504E-3,-5.60371E-3,-6.35421E-3,-5.49043E-3,-5.12198E-3,-5.05773E-3,-5.02286E-3,-4.40709E-3,-5.36427E-3,-3.74900E-3,-4.47138E-3,-5.14311E-3,-4.97681E-3,-5.33853E-3,-3.79904E-3,-5.59084E-3,-4.08132E-3,-4.22002E-3,-2.93440E-3,-1.43789E-2,-6.03433E-3,-4.03848E-3,-4.17817E-3,-4.62084E-3,-3.11467E-3,-3.02193E-3,-4.25675E-3,-4.40224E-3,-4.54192E-3,-3.92768E-3,-3.31994E-3,-4.74842E-3,-4.96793E-3,-4.67825E-3,-3.37691E-3,-3.80163E-3,-2.91726E-3
1.44497E+3,NaN,NaN,NaN,5.71161E-4,8.48613E-4,9.55361E-5,-5.49424E-4,-6.84960E-4,-5.84435E-4,2.57223E-4,1.82513E-4,1.37540E-4,9.25659E-5,-4.89145E-5,-1.95070E-4,-3.18726E-4,-2.32083E-4,-1.45441E-4,-1.30905E-4,-2.77284E-4,-1.89210E-4,-9.57315E-5,-1.14939E-4,1.45503E-5,8.76249E-5,3.06199E-4,7.84367E-4,1.15341E-3,2.80335E-4,2.08818E-4,-3.13346E-4,-7.90305E-4,-2.13721E-4,-1.30086E-4,-9.75224E-4,2.09976E-5,4.19910E-4,7.04295E-7,-1.84335E-4,-6.49196E-6,-3.38180E-5,1.48271E-4,2.85905E-5,5.93715E-4,-9.48469E-4,9.61283E-3,4.46926E-2,5.40201E-2,-2.40162E-2,-1.93943E-1,-3.36189E-1,-2.85246E-1,-8.94012E-2,8.04957E-2,2.24923E-2,-1.10166E-2,-1.36988E-2,-1.16396E-2,-1.09573E-2,-1.07227E-2,-1.09955E-2,-1.04064E-2,-1.08972E-2,-1.04364E-2,-1.03041E-2,-8.89706E-3,-9.30013E-3,-9.78155E-3,-9.62319E-3,-1.00116E-2,-9.23637E-3,-9.32944E-3,-9.55747E-3,-9.65391E-3,-9.11036E-3,-1.02979E-2,-9.23178E-3,-8.88244E-3,-8.60641E-3,-8.26139E-3,-8.75829E-3,-8.82151E-3,-9.05450E-3,-8.03798E-3,-8.22006E-3,-7.85951E-3,-7.84255E-3,-7.76731E-3,-7.21474E-3,-7.75405E-3,-7.83694E-3,-6.16360E-3,-6.71130E-3,-6.70293E-3,-7.05716E-3,-6.34599E-3,-6.96463E-3,-6.51718E-3,-6.25914E-3,-5.76830E-3,-4.55563E-3,-5.79398E-3,-6.10267E-3,-4.96225E-3,-4.57946E-3,-4.89058E-3,-4.75284E-3,-4.18001E-3,-5.13868E-3,-3.91103E-3,-4.58551E-3,-5.09643E-3,-5.19371E-3,-4.94938E-3,-3.24121E-3,-5.18881E-3,-4.46562E-3,-3.87249E-3,-2.77990E-3,-1.38897E-2,-5.73590E-3,-3.92275E-3,-3.69121E-3,-4.12194E-3,-3.09307E-3,-3.37747E-3,-4.13329E-3,-3.92946E-3,-4.57230E-3,-3.71679E-3,-3.38479E-3,-4.36618E-3,-4.71505E-3,-5.10890E-3,-3.61294E-3,-3.57124E-3,-3.04713E-3
1.44847E+3,NaN,NaN,NaN,3.54534E-4,8.41384E-4,1.07186E-4,-4.93707E-4,-1.67796E-4,-5.52656E-4,2.09478E-5,2.04650E-4,5.83605E-5,-5.02797E-5,9.27646E-5,2.35809E-4,3.37943E-4,3.31124E-4,3.24305E-4,1.04189E-4,-1.64653E-4,-1.98109E-4,-1.04588E-4,1.51353E-4,1.62318E-4,1.66144E-4,1.07424E-4,6.23169E-4,8.79608E-4,2.71075E-4,-1.71229E-4,-6.31140E-4,-5.18396E-4,-2.75185E-4,-7.57969E-4,-9.02021E-4,-9.04344E-5,4.64975E-5,-1.03294E-4,2.22533E-4,1.67817E-4,3.14223E-4,3.38895E-4,4.28029E-4,3.70674E-4,-8.18256E-4,1.21419E-2,4.52047E-2,5.09314E-2,-3.44181E-2,-2.08245E-1,-3.31015E-1,-2.71397E-1,-7.00814E-2,6.53126E-2,2.19136E-2,-9.55969E-3,-1.19559E-2,-1.12087E-2,-1.05755E-2,-1.04428E-2,-1.06597E-2,-1.07798E-2,-1.06239E-2,-1.03955E-2,-9.85483E-3,-8.77379E-3,-8.84059E-3,-9.12333E-3,-9.54791E-3,-9.50021E-3,-8.92717E-3,-9.01544E-3,-9.25442E-3,-9.20754E-3,-9.18721E-3,-9.75312E-3,-9.09311E-3,-8.47028E-3,-8.15135E-3,-8.05373E-3,-8.14188E-3,-8.22471E-3,-7.88155E-3,-7.61555E-3,-7.64061E-3,-7.33487E-3,-7.48926E-3,-7.23829E-3,-6.87301E-3,-7.45405E-3,-7.18905E-3,-6.37403E-3,-6.75871E-3,-6.64257E-3,-6.60003E-3,-6.21939E-3,-6.37050E-3,-6.17539E-3,-5.80030E-3,-5.20055E-3,-4.31705E-3,-5.28695E-3,-5.41665E-3,-4.78794E-3,-4.45138E-3,-4.53843E-3,-4.64736E-3,-4.20933E-3,-5.17564E-3,-3.82153E-3,-4.33855E-3,-4.84249E-3,-4.89017E-3,-4.82260E-3,-3.56938E-3,-4.75666E-3,-3.98455E-3,-4.12137E-3,-3.04769E-3,-1.34567E-2,-5.85439E-3,-4.40906E-3,-3.70510E-3,-4.76943E-3,-2.73166E-3,-3.08343E-3,-3.85475E-3,-3.94179E-3,-4.58045E-3,-3.23830E-3,-3.27444E-3,-4.54961E-3,-4.23997E-3,-4.44713E-3,-3.64695E-3,-3.68554E-3,-2.54228E-3
1.45197E+3,NaN,NaN,NaN,5.47995E-4,6.12788E-4,-8.38995E-5,-4.97620E-4,-2.77867E-4,-4.70724E-4,-3.83321E-5,2.22451E-5,1.06490E-4,1.58524E-4,1.37199E-4,1.15873E-4,1.62182E-4,2.91840E-4,4.21499E-4,1.41914E-4,-5.34697E-5,5.33391E-5,4.96578E-4,2.45797E-4,-9.45082E-5,-8.76544E-5,2.40756E-4,1.37644E-3,1.13099E-3,4.69863E-4,1.36549E-4,1.47156E-4,-2.39962E-4,-1.53975E-4,-2.90682E-4,-1.29683E-4,3.57544E-4,1.49286E-4,-2.04677E-4,1.20440E-4,2.08238E-4,3.91849E-4,1.44017E-4,6.09927E-4,7.78871E-4,-7.95765E-4,1.36368E-2,4.90574E-2,5.39448E-2,-3.84353E-2,-2.21447E-1,-3.26925E-1,-2.60047E-1,-4.81469E-2,5.37215E-2,1.69035E-2,-9.85340E-3,-1.23592E-2,-1.12505E-2,-1.07404E-2,-1.09967E-2,-1.08075E-2,-1.09241E-2,-1.06209E-2,-1.09391E-2,-1.02941E-2,-9.25675E-3,-9.29280E-3,-9.39231E-3,-9.89691E-3,-9.81828E-3,-9.37316E-3,-9.39532E-3,-9.85390E-3,-9.05725E-3,-9.76574E-3,-1.01179E-2,-9.26905E-3,-8.41553E-3,-8.42065E-3,-8.52465E-3,-8.56555E-3,-8.55280E-3,-8.20799E-3,-8.19065E-3,-8.01800E-3,-7.80099E-3,-7.87800E-3,-7.57111E-3,-7.28431E-3,-7.82056E-3,-7.17817E-3,-6.80266E-3,-6.86145E-3,-6.47699E-3,-6.47565E-3,-6.29618E-3,-6.54557E-3,-6.72791E-3,-6.59807E-3,-6.13858E-3,-5.02576E-3,-5.82745E-3,-5.72896E-3,-4.92675E-3,-4.79461E-3,-4.72614E-3,-4.50223E-3,-4.31886E-3,-5.22034E-3,-4.37596E-3,-4.67753E-3,-5.14542E-3,-5.61244E-3,-4.97344E-3,-3.70419E-3,-4.70006E-3,-4.51734E-3,-4.57472E-3,-3.38545E-3,-1.30755E-2,-5.58722E-3,-4.37772E-3,-4.49538E-3,-4.55893E-3,-2.95477E-3,-3.93732E-3,-4.57166E-3,-4.05741E-3,-4.71804E-3,-3.57320E-3,-3.57208E-3,-4.69272E-3,-5.00922E-3,-4.94803E-3,-3.69358E-3,-3.81668E-3,-3.49616E-3
1.45547E+3,NaN,NaN,NaN,4.56431E-4,6.28552E-4,-2.51585E-4,-5.00698E-4,-4.20806E-4,-9.61273E-5,3.15703E-4,-9.35347E-5,-3.07851E-4,-2.79754E-4,1.22862E-5,3.04326E-4,3.39773E-4,2.19015E-4,9.82574E-5,3.29439E-5,9.64788E-5,-1.66165E-4,-1.88028E-4,-2.20719E-4,-6.61418E-5,-2.36331E-4,-2.64074E-5,8.30040E-4,5.35596E-4,3.11861E-4,-3.73742E-4,-1.07278E-3,-6.43143E-4,-1.45739E-4,-8.66967E-4,-3.83659E-4,7.62461E-5,3.75329E-4,2.10924E-4,2.10415E-4,2.54658E-4,4.37643E-4,-7.03528E-6,8.34295E-4,9.80047E-4,-1.40901E-3,1.29567E-2,5.27414E-2,5.75678E-2,-4.10845E-2,-2.35211E-1,-3.23536E-1,-2.53027E-1,-2.48032E-2,5.25930E-2,1.13938E-2,-9.67535E-3,-1.26016E-2,-1.11986E-2,-1.02588E-2,-1.06635E-2,-9.99071E-3,-1.02528E-2,-1.03405E-2,-1.05416E-2,-9.20507E-3,-8.94890E-3,-9.53538E-3,-9.25616E-3,-9.59173E-3,-9.46754E-3,-9.24535E-3,-9.10768E-3,-9.93595E-3,-9.24842E-3,-1.03414E-2,-9.74600E-3,-8.98271E-3,-8.56836E-3,-8.25241E-3,-8.52417E-3,-8.60898E-3,-8.67520E-3,-8.02282E-3,-8.18134E-3,-8.20381E-3,-8.07111E-3,-7.52040E-3,-7.46126E-3,-7.21472E-3,-8.31370E-3,-7.16307E-3,-7.31391E-3,-6.98031E-3,-7.04570E-3,-6.73721E-3,-6.10741E-3,-6.32227E-3,-6.82241E-3,-6.49569E-3,-5.77510E-3,-4.94156E-3,-6.07297E-3,-6.10471E-3,-5.23368E-3,-4.87656E-3,-5.05797E-3,-4.78123E-3,-4.76051E-3,-5.32789E-3,-4.12913E-3,-4.77019E-3,-5.31548E-3,-5.27385E-3,-4.75035E-3,-4.17077E-3,-5.21222E-3,-4.21292E-3,-4.31799E-3,-3.34813E-3,-1.30193E-2,-5.89569E-3,-4.64375E-3,-4.65602E-3,-5.16343E-3,-2.66875E-3,-3.85246E-3,-4.47988E-3,-4.62245E-3,-5.14039E-3,-4.05832E-3,-3.99200E-3,-4.94603E-3,-5.21936E-3,-5.20878E-3,-4.25490E-3,-4.37837E-3,-3.83080E-3
1.45898E+3,NaN,NaN,NaN,5.68963E-4,5.61180E-4,-4.41962E-4,-4.03449E-4,-3.71829E-4,-1.83200E-4,2.29834E-4,-4.73202E-5,-1.24882E-4,-2.38228E-5,1.72974E-4,3.69771E-4,4.26930E-4,4.47839E-4,4.68749E-4,3.25425E-4,1.43538E-4,-3.59317E-4,-1.67750E-4,-2.51059E-4,-8.15216E-5,-1.33817E-4,-8.09265E-5,7.45832E-4,3.83480E-4,-1.33003E-4,-4.83702E-4,-8.63214E-4,-9.69566E-4,5.59999E-5,-1.19399E-3,-3.37070E-4,9.37112E-6,3.07599E-4,-3.09777E-4,-8.46599E-5,-5.58993E-4,2.13464E-5,-2.04718E-4,1.41948E-4,8.96862E-4,-2.08711E-3,1.17279E-2,5.59367E-2,6.04879E-2,-4.65622E-2,-2.55666E-1,-3.29071E-1,-2.53344E-1,-2.18555E-3,6.27439E-2,4.66276E-3,-9.43898E-3,-1.23157E-2,-9.91261E-3,-9.49826E-3,-1.03648E-2,-9.83220E-3,-1.08498E-2,-9.39806E-3,-1.03101E-2,-8.37741E-3,-8.41475E-3,-9.33833E-3,-8.81548E-3,-9.20033E-3,-8.91792E-3,-8.80751E-3,-9.06404E-3,-9.24817E-3,-8.11614E-3,-9.80437E-3,-9.48509E-3,-8.97943E-3,-8.52758E-3,-8.32118E-3,-8.53466E-3,-8.46889E-3,-8.40314E-3,-7.99777E-3,-7.79865E-3,-7.37683E-3,-7.32497E-3,-7.56992E-3,-7.17529E-3,-6.95156E-3,-7.73115E-3,-6.54456E-3,-7.47770E-3,-6.74731E-3,-6.63532E-3,-7.02889E-3,-6.15387E-3,-5.88272E-3,-6.43008E-3,-6.47219E-3,-5.67019E-3,-4.95839E-3,-6.02674E-3,-5.74862E-3,-4.85392E-3,-4.96254E-3,-5.08397E-3,-5.04018E-3,-4.87373E-3,-5.22547E-3,-4.40760E-3,-4.73309E-3,-5.41382E-3,-5.20610E-3,-4.82026E-3,-4.08809E-3,-4.89953E-3,-4.36348E-3,-4.11873E-3,-3.28321E-3,-1.23372E-2,-5.88178E-3,-5.04948E-3,-4.39975E-3,-4.48677E-3,-3.00859E-3,-3.92100E-3,-4.35321E-3,-4.44508E-3,-4.94558E-3,-4.20961E-3,-4.14288E-3,-4.82677E-3,-4.86310E-3,-5.03586E-3,-3.93416E-3,-3.91322E-3,-3.27026E-3
1.46248E+3,NaN,NaN,NaN,6.85749E-4,7.90412E-4,-3.08043E-4,-6.43999E-4,-5.53274E-4,-1.06148E-4,4.32808E-4,3.20958E-4,1.80096E-4,2.23313E-4,3.06380E-4,3.89447E-4,3.04819E-4,2.14091E-4,1.20502E-4,-1.25301E-5,-1.99380E-4,2.14063E-4,2.57340E-4,-3.20822E-4,-5.35315E-5,-1.05874E-4,-2.48843E-4,6.81854E-4,2.17575E-4,4.51745E-4,-7.65483E-4,-7.82469E-4,-6.04788E-4,-8.39432E-5,-7.39889E-4,-2.11338E-4,4.34831E-4,3.15545E-4,-4.23772E-4,1.77583E-5,2.32829E-4,5.00994E-4,2.06091E-4,1.76996E-5,1.34455E-3,-1.16151E-3,1.34512E-2,5.54206E-2,5.78672E-2,-5.30501E-2,-2.52663E-1,-3.16557E-1,-2.35976E-1,-9.18095E-4,6.18888E-2,1.84226E-3,-9.72528E-3,-1.19389E-2,-1.00051E-2,-9.92279E-3,-1.00684E-2,-9.81221E-3,-1.07860E-2,-1.04191E-2,-9.91160E-3,-8.51791E-3,-8.79407E-3,-8.77434E-3,-9.28220E-3,-9.78279E-3,-9.23116E-3,-8.98390E-3,-9.40077E-3,-9.13291E-3,-8.67586E-3,-9.65303E-3,-8.54306E-3,-8.65698E-3,-8.53457E-3,-7.91235E-3,-8.31355E-3,-8.43471E-3,-8.28897E-3,-7.97422E-3,-8.23109E-3,-8.49674E-3,-7.46539E-3,-7.39903E-3,-7.07048E-3,-7.40870E-3,-7.99038E-3,-6.56525E-3,-6.57549E-3,-7.12423E-3,-6.87614E-3,-6.84881E-3,-6.18129E-3,-5.70705E-3,-6.59552E-3,-6.63876E-3,-6.20991E-3,-5.30838E-3,-6.02925E-3,-5.94368E-3,-5.37366E-3,-5.08109E-3,-4.74833E-3,-4.92993E-3,-5.14473E-3,-5.45306E-3,-4.85329E-3,-5.12396E-3,-5.23030E-3,-5.58088E-3,-5.33670E-3,-4.52826E-3,-5.05065E-3,-4.52943E-3,-4.23825E-3,-3.39812E-3,-1.18163E-2,-5.96484E-3,-4.79450E-3,-4.74658E-3,-4.35987E-3,-3.36293E-3,-3.62892E-3,-5.10903E-3,-4.72938E-3,-5.38176E-3,-4.17920E-3,-4.09206E-3,-4.83138E-3,-5.28845E-3,-5.30254E-3,-4.15255E-3,-4.10254E-3,-3.66731E-3
1.46599E+3,NaN,NaN,NaN,9.55607E-4,7.04764E-4,-4.90478E-4,-3.81772E-4,-4.03152E-4,-4.03351E-4,3.46872E-4,4.45174E-4,3.05817E-4,3.64366E-4,4.24565E-4,4.62146E-4,3.54302E-4,2.46457E-4,1.87882E-4,9.61078E-5,-1.54006E-4,3.03752E-4,5.21835E-4,8.43960E-5,-1.70037E-4,-4.93677E-4,1.58989E-4,4.34283E-4,5.40979E-5,9.09504E-5,1.27032E-4,-3.36155E-4,1.43465E-4,-4.25456E-5,-5.51379E-4,2.47105E-4,6.06700E-4,4.37626E-4,1.08271E-4,5.27427E-4,2.19889E-4,1.96265E-4,-1.06747E-4,3.24023E-4,9.56056E-4,1.61361E-5,1.69573E-2,5.47871E-2,4.99339E-2,-6.91729E-2,-2.47541E-1,-3.04132E-1,-2.12859E-1,-7.36182E-3,5.53818E-2,3.70225E-3,-9.27293E-3,-1.12627E-2,-9.23219E-3,-9.27519E-3,-9.22907E-3,-9.44064E-3,-1.03498E-2,-9.59499E-3,-9.08971E-3,-7.72549E-3,-8.42008E-3,-8.64207E-3,-8.96341E-3,-9.08944E-3,-8.81776E-3,-8.99340E-3,-8.53450E-3,-8.73524E-3,-8.80933E-3,-9.10831E-3,-8.36740E-3,-8.42849E-3,-8.31238E-3,-7.97993E-3,-8.22544E-3,-8.00954E-3,-8.06712E-3,-7.74901E-3,-7.71250E-3,-7.88344E-3,-7.23954E-3,-7.06572E-3,-6.99312E-3,-7.34084E-3,-7.85639E-3,-6.44124E-3,-6.92629E-3,-7.14968E-3,-6.64521E-3,-6.47222E-3,-6.41540E-3,-5.91287E-3,-6.51496E-3,-6.66357E-3,-5.89531E-3,-5.71474E-3,-6.41889E-3,-5.91102E-3,-5.18962E-3,-5.00349E-3,-4.96395E-3,-4.55869E-3,-5.13184E-3,-5.47719E-3,-4.34715E-3,-4.93695E-3,-5.31097E-3,-5.23563E-3,-4.71016E-3,-4.63504E-3,-5.00836E-3,-3.96445E-3,-4.17321E-3,-3.39104E-3,-1.13184E-2,-5.69753E-3,-4.73311E-3,-3.98250E-3,-4.91604E-3,-3.18806E-3,-4.05036E-3,-4.47522E-3,-3.82408E-3,-4.83382E-3,-4.45925E-3,-3.62698E-3,-4.84290E-3,-4.40414E-3,-4.69658E-3,-3.77689E-3,-3.72595E-3,-3.23263E-3
1.46949E+3,NaN,NaN,NaN,5.09447E-4,4.35729E-4,-3.10180E-4,-3.84386E-4,-3.61217E-4,-1.27120E-4,8.51855E-5,1.74629E-5,-9.97523E-6,1.06865E-4,2.23705E-4,2.66024E-4,1.36922E-4,7.81931E-6,-9.01566E-5,1.04192E-4,6.79319E-5,3.01595E-5,1.74867E-4,2.58463E-4,4.49006E-4,-1.11290E-4,3.17397E-4,5.23949E-4,-5.36649E-5,-1.18572E-4,-4.57344E-4,-5.02157E-4,6.02807E-5,-4.75639E-4,-9.32129E-4,1.73869E-4,6.21488E-4,4.75641E-4,5.19091E-4,4.87992E-4,3.01640E-4,7.02583E-4,5.57275E-4,6.59873E-4,4.12012E-4,6.39604E-4,2.00595E-2,5.52550E-2,4.10879E-2,-8.98416E-2,-2.46751E-1,-2.94300E-1,-1.87027E-1,9.71962E-5,4.83235E-2,3.51794E-3,-8.99502E-3,-1.02475E-2,-8.70952E-3,-8.67653E-3,-9.04584E-3,-9.05931E-3,-9.20468E-3,-9.40329E-3,-9.02943E-3,-7.83112E-3,-8.12246E-3,-8.58864E-3,-8.53018E-3,-8.38238E-3,-8.40378E-3,-8.43314E-3,-8.22566E-3,-8.13599E-3,-8.22268E-3,-8.85563E-3,-8.18403E-3,-7.94093E-3,-7.64153E-3,-7.51412E-3,-7.82281E-3,-7.81143E-3,-7.28673E-3,-6.82775E-3,-7.28549E-3,-7.24049E-3,-6.56312E-3,-6.54917E-3,-6.47761E-3,-7.17046E-3,-7.07525E-3,-6.24650E-3,-6.54478E-3,-6.63405E-3,-6.37149E-3,-5.94981E-3,-5.99534E-3,-5.30335E-3,-6.24285E-3,-6.24463E-3,-5.49617E-3,-4.93321E-3,-5.85302E-3,-5.93151E-3,-5.10193E-3,-4.79078E-3,-4.65485E-3,-4.23038E-3,-4.65960E-3,-4.81325E-3,-4.19174E-3,-4.68636E-3,-5.16004E-3,-5.40482E-3,-4.72489E-3,-4.60628E-3,-4.78875E-3,-4.15456E-3,-3.85931E-3,-2.93607E-3,-1.02864E-2,-5.42326E-3,-4.69529E-3,-3.73862E-3,-4.34045E-3,-2.97977E-3,-3.49946E-3,-4.17876E-3,-3.59918E-3,-4.57646E-3,-4.25227E-3,-3.58095E-3,-4.80296E-3,-4.77340E-3,-4.29763E-3,-3.57989E-3,-3.90800E-3,-3.15482E-3
1.47300E+3,NaN,NaN,NaN,9.34423E-4,1.47589E-4,-4.87442E-4,6.81061E-5,-6.21921E-4,-3.82019E-4,6.41856E-4,3.84484E-4,2.74664E-4,4.32001E-4,5.89338E-4,6.57712E-4,6.25821E-4,5.93930E-4,5.01938E-4,2.95946E-4,1.90917E-4,4.38696E-4,1.31380E-4,-7.68885E-6,-6.13412E-4,-3.90420E-4,1.34464E-4,-2.51537E-4,8.08475E-5,3.08820E-4,-5.00785E-4,-4.31495E-4,-1.30537E-4,-7.22962E-4,-3.38562E-4,-8.00680E-5,7.54871E-5,8.76348E-5,4.94303E-4,2.69578E-4,2.59760E-4,4.36691E-4,1.95859E-5,8.79906E-4,-7.84176E-5,7.46274E-5,2.19798E-2,5.83336E-2,3.91189E-2,-1.04946E-1,-2.45205E-1,-2.90733E-1,-1.69490E-1,1.15775E-2,4.00938E-2,2.95186E-3,-8.75366E-3,-9.71341E-3,-8.53910E-3,-8.58787E-3,-8.64190E-3,-8.77438E-3,-8.77446E-3,-8.65704E-3,-8.24977E-3,-7.73675E-3,-8.14603E-3,-8.29444E-3,-8.47950E-3,-8.46615E-3,-8.56342E-3,-8.10008E-3,-8.06531E-3,-7.78369E-3,-8.33700E-3,-8.35541E-3,-8.33597E-3,-8.11986E-3,-7.63933E-3,-7.34359E-3,-7.38706E-3,-7.49948E-3,-7.53393E-3,-7.29679E-3,-7.64603E-3,-7.09163E-3,-6.96820E-3,-7.10358E-3,-6.86662E-3,-7.38874E-3,-6.74207E-3,-6.42668E-3,-6.52235E-3,-6.58637E-3,-6.36115E-3,-5.79325E-3,-5.85298E-3,-6.30411E-3,-6.54245E-3,-6.39951E-3,-5.71222E-3,-5.76992E-3,-6.35745E-3,-5.90666E-3,-5.09629E-3,-4.88964E-3,-4.79382E-3,-4.32731E-3,-4.63688E-3,-4.75614E-3,-4.20147E-3,-4.67091E-3,-5.13041E-3,-5.13222E-3,-4.60474E-3,-4.58537E-3,-4.79214E-3,-4.09200E-3,-4.04668E-3,-3.54329E-3,-9.39219E-3,-5.90015E-3,-5.21743E-3,-4.04427E-3,-4.92167E-3,-3.60246E-3,-3.79797E-3,-4.46341E-3,-4.10525E-3,-4.66925E-3,-3.92468E-3,-3.48354E-3,-4.86598E-3,-4.79583E-3,-3.94375E-3,-3.83467E-3,-3.77531E-3,-3.25847E-3
1.47651E+3,NaN,NaN,NaN,5.97899E-4,3.18246E-4,-1.94863E-5,5.05486E-5,-7.24135E-4,-5.27375E-5,2.04469E-4,1.25980E-4,1.08861E-4,1.15558E-4,1.22256E-4,1.49117E-5,-1.57700E-4,-3.30311E-4,-3.92465E-4,-1.51189E-4,-8.61450E-6,4.68667E-4,2.47246E-4,3.79539E-4,3.01116E-5,2.84426E-5,2.11090E-4,3.93300E-5,-2.94307E-4,2.12645E-4,-5.13573E-4,-4.23379E-4,5.55853E-5,-1.16407E-3,-4.79242E-4,2.31589E-4,-5.40507E-5,-5.20649E-4,1.02150E-4,2.53839E-4,-1.21934E-5,2.08592E-4,2.39474E-5,7.59329E-4,-7.35147E-5,-7.71883E-4,2.31090E-2,6.42430E-2,4.35207E-2,-1.14195E-1,-2.43689E-1,-2.93017E-1,-1.57128E-1,2.87979E-2,3.30015E-2,-3.69785E-4,-9.04604E-3,-9.11307E-3,-8.67335E-3,-8.88694E-3,-8.23419E-3,-9.25994E-3,-8.76613E-3,-9.46694E-3,-8.21070E-3,-7.89832E-3,-8.27343E-3,-8.53541E-3,-8.85999E-3,-8.20824E-3,-8.58257E-3,-8.46911E-3,-9.09443E-3,-8.24206E-3,-8.88974E-3,-8.44275E-3,-8.00105E-3,-8.14129E-3,-7.67981E-3,-7.72516E-3,-7.75387E-3,-7.81860E-3,-7.39889E-3,-7.06727E-3,-7.53152E-3,-7.54225E-3,-6.84821E-3,-7.36588E-3,-7.13227E-3,-7.34354E-3,-6.77300E-3,-7.30243E-3,-6.93339E-3,-7.05004E-3,-6.63846E-3,-6.11537E-3,-6.38011E-3,-5.67220E-3,-6.45298E-3,-6.53759E-3,-6.14501E-3,-5.87442E-3,-5.92831E-3,-5.70276E-3,-5.40846E-3,-5.10539E-3,-4.81821E-3,-4.49000E-3,-5.24442E-3,-5.35634E-3,-4.72432E-3,-5.08758E-3,-5.20843E-3,-5.38857E-3,-4.83467E-3,-5.12029E-3,-5.01929E-3,-4.40571E-3,-4.79500E-3,-4.27565E-3,-9.69880E-3,-5.47384E-3,-5.30447E-3,-4.23468E-3,-4.57315E-3,-3.89542E-3,-4.25613E-3,-4.83184E-3,-4.02041E-3,-4.58284E-3,-3.89895E-3,-4.05888E-3,-5.09877E-3,-4.69517E-3,-4.71282E-3,-4.19334E-3,-4.20555E-3,-3.68300E-3
1.48002E+3,NaN,NaN,NaN,5.25381E-4,5.75313E-4,-5.78372E-4,-1.99232E-4,-5.01049E-4,-8.85657E-5,1.06754E-3,1.00093E-3,7.67193E-4,4.56396E-4,1.45599E-4,2.24978E-4,4.01512E-4,5.78047E-4,3.83439E-4,3.12849E-4,5.52576E-4,1.31560E-3,1.12838E-3,5.69233E-4,2.41847E-4,9.71198E-5,7.44772E-4,-2.13857E-4,4.47970E-4,3.47480E-4,4.80718E-4,4.54148E-4,7.41525E-4,-3.48340E-4,5.33465E-4,5.10787E-4,6.26231E-4,5.83696E-4,6.92824E-4,5.19651E-4,1.01237E-3,8.53482E-4,4.65848E-4,8.36033E-4,7.49211E-4,-1.27498E-3,2.20423E-2,6.77147E-2,5.28179E-2,-1.14156E-1,-2.35585E-1,-2.94419E-1,-1.51514E-1,5.02133E-2,2.88724E-2,-4.59938E-3,-8.80742E-3,-8.83908E-3,-8.17297E-3,-9.07748E-3,-8.05504E-3,-9.41082E-3,-8.80763E-3,-9.14175E-3,-7.84270E-3,-7.90761E-3,-8.23713E-3,-8.07578E-3,-8.54407E-3,-8.05416E-3,-8.30371E-3,-7.88093E-3,-8.52993E-3,-7.87482E-3,-8.96516E-3,-8.20191E-3,-7.74495E-3,-8.19573E-3,-7.77337E-3,-7.92603E-3,-7.83453E-3,-7.66091E-3,-7.38468E-3,-6.93204E-3,-8.08215E-3,-7.52242E-3,-7.09897E-3,-6.99378E-3,-7.13848E-3,-7.70866E-3,-7.07196E-3,-7.02309E-3,-6.45820E-3,-7.14783E-3,-6.69096E-3,-6.13059E-3,-6.39618E-3,-6.04082E-3,-6.23081E-3,-6.94959E-3,-6.25657E-3,-6.25384E-3,-6.51578E-3,-5.79644E-3,-5.37654E-3,-5.21091E-3,-4.85495E-3,-4.68227E-3,-5.44174E-3,-4.93108E-3,-4.06055E-3,-4.87026E-3,-5.26028E-3,-5.39750E-3,-4.86942E-3,-4.96696E-3,-4.53501E-3,-4.39714E-3,-4.43546E-3,-4.14469E-3,-9.54828E-3,-5.84851E-3,-5.26832E-3,-4.28151E-3,-5.20708E-3,-4.16984E-3,-4.66744E-3,-4.77747E-3,-4.04748E-3,-4.43505E-3,-4.01258E-3,-4.21775E-3,-5.20711E-3,-5.07377E-3,-4.86637E-3,-4.14251E-3,-4.13147E-3,-3.52278E-3
1.48352E+3,NaN,NaN,NaN,9.72163E-4,8.43276E-5,-2.07088E-4,-2.33680E-4,-6.69314E-4,-5.04986E-6,2.58477E-4,4.25328E-4,4.85242E-4,5.45818E-4,6.06393E-4,4.02596E-4,1.88934E-4,3.05388E-6,4.07813E-6,-3.21524E-4,-8.58622E-5,1.01101E-3,2.82776E-4,5.91981E-4,-8.63439E-5,-3.76057E-4,-3.70819E-5,2.07898E-4,-2.12350E-4,-2.16242E-4,-1.73924E-4,-2.27915E-4,5.33468E-4,-1.06223E-3,4.25285E-4,1.14244E-4,7.28941E-4,6.83790E-5,3.71999E-4,1.35769E-4,1.32680E-4,6.91106E-5,2.97278E-4,2.89739E-6,3.79499E-4,-4.69377E-4,2.24354E-2,6.38679E-2,4.53390E-2,-1.10349E-1,-2.25108E-1,-2.77192E-1,-1.42315E-1,5.11023E-2,2.81435E-2,-7.03658E-3,-7.70955E-3,-9.54159E-3,-8.72969E-3,-8.65539E-3,-8.77726E-3,-9.85166E-3,-9.12264E-3,-9.00441E-3,-8.15402E-3,-8.21373E-3,-8.81875E-3,-8.48711E-3,-8.57378E-3,-7.97073E-3,-8.37976E-3,-8.50953E-3,-8.30653E-3,-8.45296E-3,-8.90340E-3,-8.35295E-3,-7.70454E-3,-8.30221E-3,-7.31546E-3,-8.39542E-3,-7.77398E-3,-8.45441E-3,-7.72463E-3,-7.52321E-3,-8.37333E-3,-7.27853E-3,-7.11688E-3,-6.97746E-3,-6.75219E-3,-7.76709E-3,-6.93736E-3,-7.71320E-3,-7.15132E-3,-6.92047E-3,-6.61509E-3,-7.03190E-3,-6.70761E-3,-6.12349E-3,-7.06306E-3,-6.98409E-3,-6.11160E-3,-6.08749E-3,-6.25908E-3,-5.93490E-3,-5.89766E-3,-5.73314E-3,-5.45080E-3,-4.84803E-3,-5.35545E-3,-5.29442E-3,-4.82821E-3,-5.67809E-3,-5.57646E-3,-5.51799E-3,-5.20242E-3,-5.51695E-3,-5.02437E-3,-4.64077E-3,-5.09411E-3,-4.40506E-3,-8.34012E-3,-6.56589E-3,-5.40459E-3,-4.07673E-3,-4.80697E-3,-4.13442E-3,-4.62683E-3,-4.66371E-3,-4.03602E-3,-4.42005E-3,-4.75491E-3,-4.71057E-3,-5.52353E-3,-5.10622E-3,-4.45506E-3,-4.48184E-3,-4.29156E-3,-3.90083E-3
1.48703E+3,NaN,NaN,NaN,5.79472E-4,3.25471E-4,-8.58821E-4,9.59167E-5,-5.62596E-4,2.04869E-4,4.16739E-4,1.03237E-4,1.44652E-4,1.88647E-4,2.16993E-4,1.36978E-4,5.69621E-5,2.36346E-5,1.74750E-4,3.41571E-4,4.04224E-4,8.66760E-4,4.12259E-4,1.98186E-4,2.51233E-4,3.34568E-4,3.45993E-4,1.54651E-5,3.44974E-4,1.70084E-4,-1.74599E-4,-2.31965E-4,5.24816E-4,-3.63371E-4,-9.15931E-5,1.94056E-4,4.70774E-4,8.39937E-5,2.06729E-5,4.16326E-5,2.19845E-4,5.31935E-5,-8.26419E-5,-4.94184E-5,-1.42943E-4,1.91856E-3,2.52711E-2,5.95031E-2,2.53216E-2,-1.14525E-1,-2.23686E-1,-2.57809E-1,-1.19428E-1,4.45631E-2,2.71395E-2,-6.46745E-3,-7.01311E-3,-8.86524E-3,-7.83759E-3,-8.08397E-3,-8.03362E-3,-8.35514E-3,-8.31529E-3,-7.48800E-3,-7.62228E-3,-7.64837E-3,-7.80579E-3,-7.91874E-3,-7.84848E-3,-7.72101E-3,-8.23810E-3,-8.03149E-3,-7.73278E-3,-7.30579E-3,-8.07361E-3,-7.61840E-3,-7.58984E-3,-7.57577E-3,-6.97499E-3,-7.46145E-3,-7.58695E-3,-7.83491E-3,-7.25556E-3,-7.20441E-3,-7.70449E-3,-6.94769E-3,-6.55583E-3,-6.79686E-3,-7.05618E-3,-7.05928E-3,-6.41490E-3,-6.83524E-3,-6.75591E-3,-6.69546E-3,-6.43073E-3,-6.53705E-3,-6.68072E-3,-6.03225E-3,-6.29135E-3,-6.50338E-3,-6.27807E-3,-6.20191E-3,-6.07323E-3,-6.24376E-3,-5.79011E-3,-5.47604E-3,-5.44832E-3,-4.84244E-3,-5.20582E-3,-4.85297E-3,-4.51492E-3,-5.45337E-3,-5.55483E-3,-5.23434E-3,-4.67245E-3,-4.81117E-3,-4.53666E-3,-3.93083E-3,-4.34273E-3,-4.46660E-3,-7.31788E-3,-5.36393E-3,-4.74492E-3,-4.21352E-3,-5.14677E-3,-3.68934E-3,-4.40815E-3,-4.70340E-3,-3.96991E-3,-4.05626E-3,-4.07521E-3,-4.31855E-3,-5.37017E-3,-5.22989E-3,-4.54551E-3,-4.03260E-3,-4.42307E-3,-3.54574E-3
1.49054E+3,NaN,NaN,6.83523E-5,5.88576E-4,1.25669E-4,-2.47715E-4,-1.56894E-4,-5.70453E-4,2.22444E-4,6.50383E-4,9.51305E-4,7.80794E-4,6.10283E-4,4.62201E-4,3.69801E-4,2.77401E-4,1.59211E-4,2.54345E-4,6.23037E-4,9.29537E-4,9.34067E-4,6.05614E-4,1.81572E-4,-2.54593E-4,-6.11990E-5,1.06091E-4,5.43564E-5,1.82672E-4,4.09077E-5,2.95350E-5,3.17406E-4,-6.59367E-5,-5.68708E-4,-2.09170E-4,-2.48128E-5,3.51504E-4,2.65534E-4,3.33229E-4,2.18268E-4,2.15722E-4,2.12985E-4,-1.22285E-4,3.46984E-4,-2.60756E-4,2.49007E-3,2.81394E-2,6.11862E-2,1.32029E-2,-1.15918E-1,-2.24140E-1,-2.45606E-1,-1.01456E-1,3.69349E-2,2.38026E-2,-4.80286E-3,-6.88363E-3,-8.64853E-3,-7.90010E-3,-8.02014E-3,-8.15243E-3,-8.07819E-3,-7.71727E-3,-7.24809E-3,-7.34113E-3,-7.40800E-3,-7.81297E-3,-8.07453E-3,-7.61967E-3,-7.94509E-3,-8.32459E-3,-7.63256E-3,-7.48863E-3,-7.64537E-3,-7.97556E-3,-7.48277E-3,-7.41042E-3,-7.04155E-3,-6.91194E-3,-7.37326E-3,-7.03069E-3,-7.16246E-3,-6.53257E-3,-6.63412E-3,-7.54218E-3,-6.73569E-3,-6.73940E-3,-7.04530E-3,-6.91348E-3,-6.72157E-3,-6.59406E-3,-6.78742E-3,-6.73343E-3,-6.33842E-3,-5.47370E-3,-6.06647E-3,-6.77349E-3,-6.34520E-3,-6.62665E-3,-6.64469E-3,-6.26138E-3,-6.25214E-3,-6.11710E-3,-6.27662E-3,-5.66579E-3,-5.28250E-3,-5.17944E-3,-4.97494E-3,-5.22813E-3,-4.96633E-3,-4.58609E-3,-5.12942E-3,-5.16527E-3,-5.13818E-3,-4.56737E-3,-4.86431E-3,-4.39693E-3,-4.25958E-3,-4.39443E-3,-4.26181E-3,-7.63527E-3,-5.37205E-3,-4.92276E-3,-4.51684E-3,-4.57933E-3,-4.14001E-3,-4.19191E-3,-3.87553E-3,-3.41379E-3,-4.35355E-3,-4.50398E-3,-3.80967E-3,-4.53031E-3,-4.46914E-3,-4.40143E-3,-3.89233E-3,-3.76653E-3,-3.83590E-3
1.49405E+3,NaN,NaN,-5.79242E-4,7.35606E-4,4.58942E-4,-1.63480E-4,-4.38960E-4,-2.42235E-4,2.77672E-4,-1.85112E-4,6.38386E-4,5.91809E-4,5.45232E-4,4.16901E-4,1.87394E-4,-4.21139E-5,8.67758E-5,4.74076E-4,2.39260E-4,2.19030E-4,4.90727E-4,4.06165E-4,-3.88757E-4,-1.07392E-3,-3.44201E-4,-9.33680E-5,1.43672E-4,4.77600E-4,-1.18427E-4,-2.69740E-4,-1.19520E-5,-6.34035E-4,-4.81021E-4,-1.02003E-4,-1.63797E-4,1.21301E-4,3.86761E-6,2.59413E-5,1.12991E-4,4.55658E-6,5.74012E-5,-2.05384E-4,5.10853E-4,-1.34924E-3,2.20014E-3,2.82426E-2,6.08981E-2,4.53092E-3,-1.11305E-1,-2.22666E-1,-2.38132E-1,-8.01059E-2,3.47338E-2,1.74255E-2,-4.32514E-3,-6.79832E-3,-7.33144E-3,-7.39801E-3,-7.74370E-3,-7.90785E-3,-8.31148E-3,-7.69422E-3,-7.27437E-3,-7.60620E-3,-8.03570E-3,-8.01271E-3,-7.92823E-3,-7.52345E-3,-7.91129E-3,-8.14480E-3,-7.71335E-3,-7.56121E-3,-7.85383E-3,-7.84486E-3,-7.39295E-3,-7.42968E-3,-7.50745E-3,-7.66741E-3,-7.49215E-3,-7.51254E-3,-7.74364E-3,-6.98300E-3,-7.48772E-3,-7.39812E-3,-6.95378E-3,-7.00031E-3,-6.90068E-3,-7.11817E-3,-7.36503E-3,-7.15599E-3,-7.20753E-3,-7.60230E-3,-6.61596E-3,-6.33298E-3,-6.58006E-3,-6.77062E-3,-6.31770E-3,-6.63372E-3,-6.99647E-3,-6.49969E-3,-6.42123E-3,-6.40380E-3,-6.33165E-3,-5.97023E-3,-5.57550E-3,-5.02553E-3,-4.92436E-3,-5.18946E-3,-5.17510E-3,-4.72839E-3,-5.64759E-3,-5.35663E-3,-5.52756E-3,-4.96221E-3,-4.79282E-3,-4.16488E-3,-4.61618E-3,-4.79435E-3,-4.78216E-3,-7.07287E-3,-5.52117E-3,-5.77235E-3,-4.94771E-3,-4.79360E-3,-4.24425E-3,-4.25500E-3,-4.81811E-3,-3.84735E-3,-4.90146E-3,-4.87402E-3,-4.92072E-3,-4.93800E-3,-4.56621E-3,-4.44666E-3,-4.28555E-3,-4.43191E-3,-4.41092E-3
1.49756E+3,NaN,NaN,1.20892E-4,2.98874E-5,-3.40303E-4,-2.31618E-4,1.22444E-4,2.36482E-4,2.85275E-5,-1.14992E-4,-2.55261E-4,-2.08777E-4,-1.62293E-4,-3.36341E-4,-6.54081E-4,-9.71821E-4,-7.56121E-4,-2.30401E-4,1.13507E-4,7.25984E-4,6.57049E-4,1.60842E-4,-3.08905E-4,-9.17504E-4,-9.21663E-5,-4.67079E-4,-4.32245E-4,2.00597E-4,-1.22921E-4,-5.53323E-4,-1.13460E-4,-5.06628E-4,-7.25286E-4,-8.11969E-4,-3.60676E-4,2.97572E-5,6.41795E-5,4.90036E-4,-2.00945E-5,2.63174E-4,5.50876E-5,-3.94659E-4,5.81280E-4,-1.88073E-3,1.20609E-3,2.89351E-2,6.82102E-2,1.23309E-3,-1.11179E-1,-2.27519E-1,-2.38261E-1,-5.99146E-2,3.69689E-2,1.12192E-2,-4.92017E-3,-7.76592E-3,-8.04961E-3,-8.80369E-3,-8.91541E-3,-8.22422E-3,-8.34296E-3,-8.52676E-3,-8.55722E-3,-8.29148E-3,-8.63290E-3,-8.67141E-3,-8.63797E-3,-8.44628E-3,-9.13298E-3,-8.78518E-3,-8.42317E-3,-8.28014E-3,-8.41858E-3,-8.58853E-3,-8.65495E-3,-8.30060E-3,-8.07809E-3,-7.81137E-3,-7.52995E-3,-7.78298E-3,-8.14528E-3,-7.23442E-3,-8.06503E-3,-7.33460E-3,-7.33627E-3,-7.84079E-3,-7.88025E-3,-8.01155E-3,-7.91104E-3,-7.60375E-3,-7.84336E-3,-8.34871E-3,-7.05540E-3,-6.80773E-3,-7.49401E-3,-8.01827E-3,-6.76609E-3,-7.62362E-3,-7.18047E-3,-6.94321E-3,-7.00080E-3,-6.51536E-3,-7.06862E-3,-6.60960E-3,-5.73114E-3,-5.91004E-3,-5.68182E-3,-5.49723E-3,-5.84590E-3,-5.23107E-3,-6.15605E-3,-5.79184E-3,-5.65116E-3,-5.23587E-3,-5.83356E-3,-4.92895E-3,-4.99421E-3,-5.58053E-3,-5.55059E-3,-6.55850E-3,-6.03598E-3,-5.50448E-3,-4.91881E-3,-4.89930E-3,-5.21145E-3,-4.74988E-3,-5.23035E-3,-5.02488E-3,-5.08337E-3,-4.68586E-3,-4.54709E-3,-5.81672E-3,-5.88534E-3,-4.85153E-3,-4.72155E-3,-4.30726E-3,-4.93292E-3
1.50107E+3,NaN,NaN,5.09138E-5,6.03615E-4,1.32237E-5,-3.96661E-4,-2.90552E-4,-8.69190E-5,3.37077E-4,8.78615E-4,7.19077E-4,7.29386E-4,7.39695E-4,4.00413E-4,-4.75292E-5,-4.95472E-4,3.09159E-4,7.05368E-4,2.39001E-4,1.25182E-3,1.12292E-3,3.92514E-4,-1.01058E-4,1.47003E-4,6.62651E-4,1.27713E-4,-6.73993E-5,1.11586E-3,1.12610E-3,-2.54939E-4,4.87126E-4,-5.51414E-4,3.45247E-4,-7.23566E-4,3.05267E-4,5.71477E-4,2.54713E-4,3.93416E-4,3.67117E-4,6.27159E-4,-1.46860E-4,2.35079E-4,1.00814E-3,-1.97314E-3,-4.64194E-4,2.80855E-2,7.20696E-2,2.61427E-3,-1.06036E-1,-2.30217E-1,-2.44177E-1,-4.34314E-2,4.35602E-2,6.19682E-3,-5.12483E-3,-8.42269E-3,-7.73716E-3,-8.90924E-3,-8.46820E-3,-8.17955E-3,-8.54125E-3,-7.56699E-3,-7.96986E-3,-7.57007E-3,-8.26853E-3,-8.36267E-3,-8.94869E-3,-8.14154E-3,-8.22555E-3,-7.84504E-3,-8.08726E-3,-8.44066E-3,-7.56095E-3,-8.46360E-3,-7.98843E-3,-8.07623E-3,-7.65593E-3,-8.47792E-3,-7.28259E-3,-8.31905E-3,-7.89667E-3,-6.82309E-3,-7.77017E-3,-7.43026E-3,-7.16909E-3,-8.14393E-3,-7.44003E-3,-7.48894E-3,-7.40666E-3,-7.24824E-3,-7.00983E-3,-7.73508E-3,-6.95021E-3,-7.18432E-3,-7.50766E-3,-6.97597E-3,-6.27012E-3,-7.18605E-3,-6.68334E-3,-6.36557E-3,-6.38661E-3,-5.90033E-3,-6.40970E-3,-6.44587E-3,-6.00036E-3,-5.43649E-3,-4.86439E-3,-5.76375E-3,-4.94366E-3,-4.74680E-3,-5.38529E-3,-5.11785E-3,-5.40187E-3,-5.07477E-3,-4.81785E-3,-4.02066E-3,-4.54589E-3,-4.86611E-3,-5.37353E-3,-6.32229E-3,-5.89606E-3,-5.44330E-3,-5.05826E-3,-5.67355E-3,-4.99043E-3,-5.24656E-3,-5.38107E-3,-4.92210E-3,-4.96745E-3,-5.14176E-3,-4.67869E-3,-5.19113E-3,-4.75147E-3,-4.96016E-3,-4.79724E-3,-4.01334E-3,-4.16331E-3
1.50459E+3,NaN,NaN,-1.95274E-4,5.28973E-4,-1.14378E-4,-4.11889E-4,4.90231E-5,2.12634E-5,3.69277E-4,3.18152E-4,1.85884E-4,2.27774E-4,2.69664E-4,2.04403E-4,1.29713E-4,1.42955E-5,-5.62622E-4,1.02030E-3,-3.38913E-5,1.36552E-3,3.79359E-4,3.22992E-4,-2.62134E-4,-7.97213E-4,6.36164E-6,-3.10243E-4,3.05476E-4,6.06878E-4,7.08727E-4,1.85140E-4,1.25428E-4,-5.66563E-4,-3.25063E-4,-8.70582E-4,3.41995E-4,7.67923E-4,-3.51672E-4,7.17183E-4,-3.82349E-5,1.32937E-4,-2.23412E-4,4.42901E-4,5.64719E-4,-1.47852E-3,-6.68573E-5,2.81576E-2,7.07774E-2,3.02593E-3,-1.02736E-1,-2.23549E-1,-2.36595E-1,-3.29913E-2,4.82584E-2,3.75712E-3,-8.28285E-3,-8.30622E-3,-8.40576E-3,-9.42832E-3,-8.50431E-3,-7.90924E-3,-8.94842E-3,-9.20472E-3,-8.52822E-3,-7.71482E-3,-8.13453E-3,-8.80774E-3,-8.90836E-3,-8.16617E-3,-9.68907E-3,-8.13622E-3,-7.88291E-3,-9.49206E-3,-8.03349E-3,-8.51274E-3,-7.74323E-3,-8.47759E-3,-8.10931E-3,-8.57743E-3,-7.90433E-3,-8.01974E-3,-7.52334E-3,-6.78403E-3,-8.48267E-3,-7.29313E-3,-7.03401E-3,-7.97033E-3,-8.18168E-3,-7.48060E-3,-8.51704E-3,-7.46729E-3,-7.41340E-3,-8.33452E-3,-7.41035E-3,-7.88886E-3,-7.32096E-3,-7.70355E-3,-6.19272E-3,-7.43104E-3,-7.20833E-3,-7.32747E-3,-7.31285E-3,-6.45934E-3,-7.46380E-3,-6.65439E-3,-6.46433E-3,-5.62853E-3,-5.50255E-3,-5.38511E-3,-5.26352E-3,-5.34660E-3,-5.76331E-3,-6.03528E-3,-5.44455E-3,-5.19218E-3,-5.53983E-3,-4.29581E-3,-4.93151E-3,-5.43341E-3,-6.02418E-3,-5.71259E-3,-5.93414E-3,-6.23374E-3,-4.95672E-3,-5.76120E-3,-5.37914E-3,-5.36881E-3,-5.63351E-3,-4.63355E-3,-5.70573E-3,-4.82403E-3,-4.70302E-3,-5.26900E-3,-5.39393E-3,-5.61646E-3,-5.25802E-3,-4.77806E-3,-4.92798E-3
1.50810E+3,NaN,NaN,1.90009E-4,2.48831E-4,-1.23433E-4,-3.33500E-4,-1.50530E-4,-1.68246E-4,4.39085E-4,4.90806E-4,3.53757E-4,7.18929E-5,-1.97648E-4,-3.13436E-4,-4.29224E-4,-5.64182E-4,-3.97441E-4,5.99081E-4,1.44950E-4,8.69456E-4,7.29848E-4,3.26432E-4,5.63623E-4,-2.37944E-4,2.51042E-4,-2.49273E-4,2.02843E-4,7.68664E-4,6.38031E-4,1.18640E-4,3.19708E-4,-5.01367E-4,-3.60014E-4,-1.24057E-4,7.69018E-4,2.68252E-4,-3.62121E-4,1.04223E-4,-1.17847E-4,-9.94381E-5,-1.33480E-4,-9.00362E-5,-6.82622E-4,-1.45479E-3,1.55698E-3,3.03643E-2,5.80837E-2,-3.15781E-3,-1.08641E-1,-2.20996E-1,-2.12130E-1,-3.33957E-2,4.20408E-2,5.31417E-3,-9.57695E-3,-8.12251E-3,-8.42419E-3,-8.15804E-3,-8.55020E-3,-8.28852E-3,-8.22442E-3,-7.65277E-3,-8.04117E-3,-8.04854E-3,-8.47687E-3,-8.74087E-3,-8.95509E-3,-7.82437E-3,-8.28767E-3,-7.61590E-3,-7.76267E-3,-8.73260E-3,-7.43710E-3,-7.97901E-3,-8.06010E-3,-7.91136E-3,-7.81055E-3,-7.80385E-3,-7.57097E-3,-7.96385E-3,-7.37976E-3,-6.78955E-3,-7.75541E-3,-6.94678E-3,-6.89839E-3,-7.90308E-3,-7.51896E-3,-7.90858E-3,-7.81163E-3,-7.52427E-3,-7.42326E-3,-7.92495E-3,-7.29022E-3,-7.55014E-3,-7.35353E-3,-7.82582E-3,-6.52172E-3,-7.37953E-3,-6.86693E-3,-7.41941E-3,-6.97079E-3,-6.21745E-3,-6.86606E-3,-6.34835E-3,-6.27804E-3,-5.53009E-3,-5.88296E-3,-5.63524E-3,-5.40222E-3,-5.24777E-3,-6.42613E-3,-5.61562E-3,-5.25707E-3,-5.55313E-3,-4.91844E-3,-4.21197E-3,-4.96532E-3,-5.60678E-3,-6.38371E-3,-6.23068E-3,-6.29982E-3,-5.73645E-3,-4.84837E-3,-5.44649E-3,-5.21146E-3,-5.44109E-3,-5.26048E-3,-4.74047E-3,-5.23850E-3,-4.66392E-3,-4.67188E-3,-4.25406E-3,-4.89068E-3,-4.52277E-3,-4.54663E-3,-4.71246E-3,-4.61202E-3
1.51161E+3,NaN,NaN,8.97288E-5,2.86878E-4,-2.54914E-4,-3.73222E-4,-3.36634E-4,3.99355E-4,5.42863E-4,3.86581E-4,2.81657E-5,1.24480E-4,1.66956E-4,2.72889E-5,-1.12378E-4,-2.10144E-4,2.21959E-4,8.48153E-4,8.35505E-4,1.07741E-3,5.01989E-4,-8.25603E-5,-2.41796E-4,-6.34206E-4,-5.86323E-4,-2.92780E-4,2.99903E-4,1.08229E-3,8.64979E-4,1.05971E-4,-8.80946E-5,-5.96683E-4,-8.03488E-4,-9.54593E-4,2.27356E-4,1.68380E-4,-4.30843E-4,-2.24709E-4,-3.48772E-4,-2.73117E-6,-1.40391E-4,2.57058E-4,5.99158E-5,-1.56830E-3,3.06270E-3,3.40030E-2,5.36618E-2,-1.17039E-3,-1.08612E-1,-2.16599E-1,-1.93225E-1,-3.27149E-2,3.51889E-2,4.98568E-3,-1.03285E-2,-8.32869E-3,-1.00668E-2,-9.87482E-3,-9.15948E-3,-8.53744E-3,-8.70323E-3,-8.69448E-3,-9.06997E-3,-8.95489E-3,-9.24420E-3,-9.49583E-3,-9.27266E-3,-8.56337E-3,-8.57204E-3,-8.00396E-3,-8.54885E-3,-8.80797E-3,-7.95185E-3,-7.92043E-3,-8.34931E-3,-8.64037E-3,-8.15874E-3,-8.59114E-3,-7.75915E-3,-7.82795E-3,-7.68178E-3,-7.68888E-3,-8.27290E-3,-7.05719E-3,-7.66027E-3,-9.11847E-3,-8.85658E-3,-8.21909E-3,-8.56972E-3,-8.66904E-3,-8.47783E-3,-8.13009E-3,-7.82486E-3,-8.20013E-3,-7.65972E-3,-7.92127E-3,-7.27560E-3,-7.61498E-3,-7.46586E-3,-7.66723E-3,-7.50572E-3,-6.54489E-3,-7.04500E-3,-6.75432E-3,-6.85155E-3,-6.09268E-3,-6.84998E-3,-5.79309E-3,-6.26817E-3,-5.20649E-3,-5.96039E-3,-5.79898E-3,-5.57512E-3,-5.62830E-3,-6.00221E-3,-4.52639E-3,-4.13932E-3,-5.19039E-3,-6.73918E-3,-5.50754E-3,-6.59712E-3,-6.68500E-3,-5.24840E-3,-5.44035E-3,-5.27894E-3,-5.89612E-3,-5.39643E-3,-5.14183E-3,-5.39945E-3,-5.01614E-3,-5.40480E-3,-5.37199E-3,-6.22449E-3,-6.34533E-3,-5.84956E-3,-5.49643E-3,-4.83615E-3
1.51512E+3,NaN,NaN,4.86257E-4,6.75510E-5,-2.61529E-4,-4.11120E-4,-5.14660E-4,6.57713E-5,5.43188E-4,7.67954E-4,1.00950E-3,9.57447E-4,6.22834E-4,-1.70917E-4,-9.64667E-4,-1.00465E-3,5.99747E-4,7.30622E-4,5.59159E-4,1.17475E-3,5.77370E-4,-1.96300E-4,-1.85914E-4,1.86275E-4,-2.09658E-4,-3.54535E-4,-3.65755E-5,7.07929E-4,5.49067E-4,3.37625E-5,-5.99622E-5,-2.91920E-4,-7.52599E-4,-3.90239E-4,2.77944E-4,2.38909E-4,2.16006E-4,-1.53718E-4,-2.82580E-4,2.06568E-7,-1.23248E-4,-2.58581E-4,2.24566E-5,-2.42262E-3,3.52791E-3,3.58205E-2,4.90790E-2,-3.39503E-3,-1.14660E-1,-2.22590E-1,-1.76672E-1,-2.50246E-2,3.10320E-2,2.81578E-3,-1.02143E-2,-8.61164E-3,-9.95219E-3,-1.01105E-2,-9.23106E-3,-8.52577E-3,-8.59423E-3,-9.01259E-3,-9.32327E-3,-9.28338E-3,-9.17681E-3,-9.23122E-3,-8.99646E-3,-9.07752E-3,-8.89463E-3,-8.35502E-3,-8.69296E-3,-7.86743E-3,-7.62173E-3,-8.06311E-3,-8.64995E-3,-8.90544E-3,-8.81020E-3,-8.50222E-3,-7.96731E-3,-8.29384E-3,-7.56018E-3,-7.90747E-3,-8.47250E-3,-7.48800E-3,-7.91492E-3,-8.68498E-3,-8.32442E-3,-8.36167E-3,-8.60792E-3,-8.66154E-3,-8.81348E-3,-8.29870E-3,-8.37543E-3,-8.21473E-3,-7.91078E-3,-7.84400E-3,-6.71766E-3,-8.14875E-3,-7.61027E-3,-8.24441E-3,-7.48186E-3,-6.08041E-3,-7.14876E-3,-7.28621E-3,-6.48739E-3,-5.66982E-3,-6.16181E-3,-5.45876E-3,-6.09042E-3,-5.83476E-3,-6.09877E-3,-5.13178E-3,-5.59885E-3,-5.45689E-3,-4.93330E-3,-4.57812E-3,-5.15510E-3,-4.91241E-3,-6.24040E-3,-5.56660E-3,-6.13585E-3,-6.03262E-3,-5.46977E-3,-4.74632E-3,-5.72938E-3,-6.71700E-3,-5.24068E-3,-5.09422E-3,-6.03703E-3,-4.90842E-3,-5.33624E-3,-5.11021E-3,-4.77315E-3,-4.63723E-3,-6.12515E-3,-5.34555E-3,-5.19963E-3
1.51864E+3,NaN,NaN,6.12926E-4,1.98375E-4,-4.39140E-5,-4.05325E-5,-5.74660E-4,-3.35632E-4,2.57692E-4,6.07084E-4,5.51352E-4,4.69870E-4,3.01262E-4,5.62136E-5,-1.88835E-4,-3.72711E-4,9.14798E-4,5.85629E-4,7.70683E-4,7.58595E-4,1.42284E-4,5.34409E-5,-1.32893E-4,-4.82824E-4,-7.76299E-5,3.09757E-4,-4.45002E-5,6.98898E-4,5.14591E-4,5.59409E-4,2.86978E-4,-1.47582E-4,-6.80588E-4,-1.03438E-5,3.02660E-4,1.73250E-4,1.54982E-4,-5.50020E-4,-1.97431E-6,2.87606E-5,-4.00654E-4,-5.40524E-4,2.87810E-4,-2.63113E-3,3.94719E-3,3.84715E-2,5.08058E-2,-2.04790E-3,-1.18329E-1,-2.28134E-1,-1.65106E-1,-1.53904E-2,2.91441E-2,-2.52291E-3,-1.03141E-2,-1.01003E-2,-1.01943E-2,-1.08325E-2,-9.39915E-3,-9.42293E-3,-9.48721E-3,-1.01066E-2,-9.65411E-3,-9.92746E-3,-1.01165E-2,-1.04240E-2,-9.94634E-3,-9.89644E-3,-9.26454E-3,-8.20582E-3,-9.65369E-3,-8.73017E-3,-8.69576E-3,-9.13157E-3,-9.46648E-3,-8.91074E-3,-8.95418E-3,-8.50806E-3,-8.42310E-3,-9.12070E-3,-7.54500E-3,-7.95694E-3,-8.33072E-3,-7.24914E-3,-8.17081E-3,-8.88153E-3,-8.68582E-3,-9.34762E-3,-8.95889E-3,-9.11771E-3,-9.56958E-3,-8.54366E-3,-8.67794E-3,-8.63159E-3,-8.60948E-3,-7.26500E-3,-7.37323E-3,-8.96347E-3,-8.58770E-3,-8.35545E-3,-7.77800E-3,-6.23119E-3,-8.42319E-3,-6.82640E-3,-7.02540E-3,-6.40267E-3,-6.10804E-3,-5.50161E-3,-7.01466E-3,-6.51525E-3,-6.49757E-3,-6.14806E-3,-5.95317E-3,-5.88143E-3,-5.60307E-3,-4.62200E-3,-5.47293E-3,-6.19159E-3,-7.40849E-3,-5.54766E-3,-6.31685E-3,-6.14182E-3,-5.88681E-3,-6.18834E-3,-6.64868E-3,-7.03053E-3,-5.75792E-3,-5.36048E-3,-5.82534E-3,-6.02621E-3,-6.26163E-3,-5.53715E-3,-5.24427E-3,-5.85443E-3,-5.97876E-3,-4.96684E-3,-6.08087E-3
1.52215E+3,NaN,NaN,2.52067E-4,5.51277E-6,-4.23157E-4,-6.47366E-5,-9.63340E-5,1.07767E-4,8.96907E-4,1.20215E-3,7.21662E-4,4.14803E-4,-5.54972E-5,-6.01565E-4,-1.14763E-3,2.34081E-5,1.11650E-3,7.65489E-5,4.62057E-4,1.74724E-3,1.30803E-3,-3.79442E-4,-3.25461E-4,-5.05916E-4,1.25498E-4,7.93827E-5,3.35370E-4,2.05320E-3,1.04513E-3,6.27645E-4,-3.01307E-4,7.08247E-4,-1.33297E-4,9.42092E-4,8.07922E-4,1.46257E-4,5.00332E-4,-3.13425E-4,3.50726E-4,5.56709E-4,-8.57161E-5,1.44768E-4,1.23308E-3,-2.95432E-3,3.71680E-3,4.18083E-2,5.71171E-2,-9.91332E-4,-1.25196E-1,-2.39218E-1,-1.59451E-1,-3.39925E-3,3.01452E-2,-8.42249E-3,-9.48136E-3,-1.02883E-2,-1.06628E-2,-1.15053E-2,-8.53926E-3,-9.62134E-3,-9.73023E-3,-1.05350E-2,-9.86799E-3,-1.00325E-2,-1.02755E-2,-1.02507E-2,-1.01766E-2,-1.03885E-2,-9.75889E-3,-8.33219E-3,-9.61200E-3,-8.40212E-3,-8.85963E-3,-8.38320E-3,-9.24517E-3,-8.78476E-3,-9.17517E-3,-8.38405E-3,-9.19634E-3,-9.00345E-3,-7.38143E-3,-8.64675E-3,-8.47367E-3,-7.93510E-3,-8.91367E-3,-9.68170E-3,-8.83344E-3,-1.01416E-2,-8.69630E-3,-9.07070E-3,-9.79628E-3,-8.82976E-3,-9.45254E-3,-9.20183E-3,-8.88536E-3,-7.63396E-3,-7.61188E-3,-9.21445E-3,-8.53728E-3,-8.84996E-3,-8.00418E-3,-6.81533E-3,-8.32418E-3,-7.67724E-3,-6.96917E-3,-6.33730E-3,-7.21010E-3,-5.43820E-3,-6.81689E-3,-5.95609E-3,-5.44136E-3,-6.24767E-3,-6.12151E-3,-6.71437E-3,-5.27399E-3,-4.85041E-3,-5.60823E-3,-6.46693E-3,-6.71158E-3,-4.99510E-3,-7.30741E-3,-7.32084E-3,-7.02200E-3,-5.97642E-3,-6.58756E-3,-7.49908E-3,-6.13181E-3,-6.09224E-3,-5.54015E-3,-5.39834E-3,-5.93347E-3,-5.25946E-3,-5.51658E-3,-4.76415E-3,-6.25110E-3,-5.58976E-3,-5.52785E-3
1.52567E+3,NaN,NaN,-1.17131E-5,4.45552E-5,3.31804E-4,-1.22484E-5,-3.73972E-4,1.26030E-5,2.41520E-4,1.28509E-3,6.67070E-4,-1.31902E-4,-2.96694E-4,-3.34119E-4,-3.71543E-4,-4.01848E-4,1.54956E-3,5.50632E-4,1.21059E-3,1.23118E-3,1.00075E-4,5.70379E-4,2.09850E-4,-2.84385E-4,-7.48148E-4,2.83971E-4,-7.07841E-4,1.21796E-3,2.21166E-4,8.39834E-4,2.05237E-4,4.81398E-5,-6.02811E-4,1.01494E-3,1.18004E-3,4.35251E-4,3.91070E-4,-3.47627E-4,5.75723E-5,1.85281E-4,-2.55917E-4,-3.34496E-4,6.90016E-4,-3.42876E-3,3.13038E-3,4.18796E-2,5.58162E-2,-7.05029E-3,-1.35929E-1,-2.50893E-1,-1.55800E-1,1.40401E-2,3.71339E-2,-1.59066E-2,-9.73874E-3,-1.06075E-2,-1.08660E-2,-1.14960E-2,-9.19663E-3,-9.94410E-3,-9.36887E-3,-1.05278E-2,-1.02554E-2,-9.65737E-3,-9.82515E-3,-1.00779E-2,-9.96464E-3,-9.02572E-3,-8.73083E-3,-7.51039E-3,-9.90948E-3,-7.58712E-3,-8.84875E-3,-8.26867E-3,-9.26522E-3,-8.67533E-3,-9.12882E-3,-8.54220E-3,-8.34404E-3,-8.51009E-3,-7.02192E-3,-9.09974E-3,-8.05654E-3,-6.27637E-3,-9.50342E-3,-9.66777E-3,-7.87296E-3,-1.00842E-2,-9.70650E-3,-9.66386E-3,-9.90914E-3,-8.38764E-3,-9.30211E-3,-9.28486E-3,-8.38397E-3,-6.81466E-3,-7.91367E-3,-8.37789E-3,-8.76177E-3,-9.68187E-3,-7.47654E-3,-6.52398E-3,-8.29181E-3,-7.53573E-3,-7.23264E-3,-6.97631E-3,-6.50974E-3,-5.73381E-3,-6.49799E-3,-5.65972E-3,-5.47108E-3,-5.84013E-3,-5.55671E-3,-5.75835E-3,-4.21362E-3,-4.63588E-3,-5.77800E-3,-5.84289E-3,-7.07888E-3,-5.34902E-3,-6.04593E-3,-6.59260E-3,-5.90592E-3,-6.19536E-3,-6.45114E-3,-6.68759E-3,-5.81926E-3,-4.95341E-3,-5.18706E-3,-5.70629E-3,-5.82288E-3,-4.69190E-3,-4.92362E-3,-5.02063E-3,-5.30097E-3,-5.55411E-3,-5.70954E-3
1.52918E+3,NaN,NaN,-4.07756E-4,-1.38122E-4,3.02643E-4,5.20139E-4,2.60433E-4,1.47333E-4,6.31399E-4,9.34159E-4,6.59483E-4,4.98809E-4,1.00357E-4,-3.02659E-4,-6.11921E-4,-4.99539E-5,1.51942E-3,1.79602E-4,1.52316E-3,1.45939E-3,1.34884E-5,3.19924E-4,9.99758E-5,-7.10715E-4,-6.68592E-4,3.26730E-5,6.49824E-4,2.91527E-3,8.56605E-4,7.72106E-4,-2.13573E-4,-5.51812E-4,-3.18929E-4,1.28274E-3,1.07652E-3,3.43919E-4,3.81055E-4,-6.96732E-4,1.06735E-3,3.50209E-4,-1.33139E-4,-2.50846E-5,-4.35197E-4,-1.85898E-3,5.81889E-3,4.06565E-2,5.78758E-2,-7.17525E-3,-1.32977E-1,-2.36869E-1,-1.50678E-1,8.34267E-3,3.42796E-2,-1.57467E-2,-1.06218E-2,-1.22162E-2,-1.26297E-2,-1.15649E-2,-9.11121E-3,-1.09705E-2,-1.17924E-2,-1.09363E-2,-1.11765E-2,-1.16025E-2,-1.07667E-2,-1.15698E-2,-1.05789E-2,-1.04838E-2,-9.25245E-3,-9.26595E-3,-1.07860E-2,-9.71324E-3,-9.64268E-3,-9.35252E-3,-1.04662E-2,-9.24923E-3,-9.01860E-3,-9.38243E-3,-9.58646E-3,-9.51844E-3,-7.92413E-3,-8.88213E-3,-9.16791E-3,-8.07297E-3,-9.99767E-3,-1.05049E-2,-8.95888E-3,-1.09692E-2,-1.02160E-2,-1.00223E-2,-1.08235E-2,-9.26620E-3,-9.95431E-3,-9.00978E-3,-9.07656E-3,-7.85424E-3,-8.39363E-3,-9.69213E-3,-9.17344E-3,-9.51401E-3,-8.02474E-3,-6.71955E-3,-8.80877E-3,-7.71211E-3,-7.53809E-3,-6.79019E-3,-6.85103E-3,-6.48941E-3,-7.33920E-3,-6.18922E-3,-5.49572E-3,-6.10427E-3,-5.82469E-3,-5.52418E-3,-4.38161E-3,-4.92752E-3,-6.17784E-3,-6.43120E-3,-7.61319E-3,-4.90752E-3,-6.30304E-3,-7.35075E-3,-6.33526E-3,-6.59450E-3,-7.51062E-3,-8.11531E-3,-5.79692E-3,-5.97333E-3,-5.97859E-3,-5.25371E-3,-6.08781E-3,-5.28693E-3,-4.81643E-3,-6.16532E-3,-6.30305E-3,-5.91649E-3,-5.98667E-3
1.53270E+3,NaN,NaN,-4.06292E-4,-1.33722E-4,5.10977E-4,-6.27750E-5,1.06439E-4,5.95560E-4,4.27329E-4,9.47212E-4,7.92130E-4,5.57527E-4,2.22936E-4,-1.11654E-4,-5.07528E-4,-7.97354E-5,1.53995E-3,1.82373E-4,1.03611E-3,6.94475E-4,1.17572E-4,6.17387E-4,-4.40512E-5,-5.24622E-4,-8.04603E-4,-6.66940E-5,-4.43287E-7,1.06541E-3,6.84537E-5,-3.92675E-4,-9.69242E-5,-7.80414E-4,-7.27867E-4,-1.65366E-4,5.78621E-5,-1.52131E-4,-6.05095E-4,-1.08988E-3,8.92428E-5,-1.35048E-4,-9.46468E-4,2.32415E-4,-9.32349E-4,-1.36105E-3,7.45524E-3,4.09711E-2,5.42859E-2,-1.24750E-2,-1.38825E-1,-2.29389E-1,-1.45565E-1,4.82352E-4,2.65785E-2,-1.55395E-2,-1.31900E-2,-1.24786E-2,-1.31495E-2,-1.25843E-2,-1.14887E-2,-1.19848E-2,-1.21103E-2,-1.30644E-2,-1.22687E-2,-1.21962E-2,-1.26111E-2,-1.22066E-2,-1.17634E-2,-1.17150E-2,-1.08061E-2,-1.14712E-2,-1.21363E-2,-1.01483E-2,-1.02378E-2,-1.04623E-2,-1.10192E-2,-1.10708E-2,-1.12591E-2,-1.02707E-2,-1.04555E-2,-1.01526E-2,-9.73501E-3,-1.06493E-2,-1.02457E-2,-9.98828E-3,-1.10423E-2,-1.06350E-2,-1.02742E-2,-1.20519E-2,-1.11452E-2,-1.12218E-2,-1.17824E-2,-1.07701E-2,-1.11083E-2,-9.90014E-3,-9.47428E-3,-9.04588E-3,-9.00404E-3,-1.07348E-2,-9.33497E-3,-1.04367E-2,-8.06926E-3,-8.21974E-3,-9.23619E-3,-8.93213E-3,-8.81828E-3,-7.82114E-3,-8.00328E-3,-6.59248E-3,-7.96929E-3,-6.44751E-3,-6.49329E-3,-5.94714E-3,-6.19083E-3,-7.00143E-3,-5.22296E-3,-5.29682E-3,-6.58702E-3,-6.86423E-3,-8.61084E-3,-6.57318E-3,-8.10214E-3,-7.98165E-3,-7.12745E-3,-6.80565E-3,-8.62101E-3,-7.74798E-3,-6.33159E-3,-6.05978E-3,-6.42309E-3,-6.63254E-3,-7.37299E-3,-6.18558E-3,-5.51693E-3,-5.45991E-3,-6.96192E-3,-6.46720E-3,-7.08526E-3
1.53622E+3,NaN,NaN,-3.48803E-4,-6.99076E-4,5.06561E-5,1.51460E-4,8.78001E-4,5.59874E-4,8.51014E-6,1.68700E-3,5.68733E-4,-1.73032E-4,-7.31054E-4,-1.28908E-3,-9.37964E-4,1.03519E-3,1.67520E-3,6.45210E-4,8.49390E-4,6.67601E-4,5.36105E-5,-3.04140E-4,-6.59403E-4,-7.07172E-4,-3.36614E-4,-7.01527E-5,7.71647E-4,8.96794E-4,-4.77803E-5,-8.44859E-5,-2.19746E-4,-8.24925E-4,-1.27083E-4,5.82701E-4,3.60582E-4,1.05577E-3,-3.64490E-4,-6.93157E-4,9.30186E-4,2.22059E-4,4.15321E-4,1.46497E-4,-1.35141E-3,-1.61769E-3,1.01375E-2,4.41688E-2,5.00174E-2,-2.36504E-2,-1.52494E-1,-2.24318E-1,-1.32024E-1,3.97958E-3,2.18559E-2,-1.35161E-2,-1.38423E-2,-1.32221E-2,-1.41305E-2,-1.26058E-2,-1.17553E-2,-1.26715E-2,-1.29161E-2,-1.27644E-2,-1.24855E-2,-1.31001E-2,-1.30128E-2,-1.24467E-2,-1.21465E-2,-1.20745E-2,-1.13548E-2,-1.21130E-2,-1.22236E-2,-9.97029E-3,-1.03418E-2,-1.11280E-2,-1.15210E-2,-1.11458E-2,-1.07073E-2,-1.05398E-2,-1.07989E-2,-9.66125E-3,-9.50207E-3,-1.05400E-2,-9.20463E-3,-9.56845E-3,-1.10342E-2,-1.10342E-2,-1.08280E-2,-1.15553E-2,-1.06964E-2,-1.11435E-2,-1.13077E-2,-1.11676E-2,-1.15353E-2,-1.06096E-2,-9.58979E-3,-8.80951E-3,-9.40855E-3,-1.00553E-2,-9.42002E-3,-1.08856E-2,-8.16531E-3,-7.67975E-3,-1.00789E-2,-8.77333E-3,-8.64112E-3,-7.52183E-3,-8.06999E-3,-6.28798E-3,-7.59235E-3,-6.55918E-3,-5.59415E-3,-6.77839E-3,-6.13646E-3,-6.67106E-3,-4.06226E-3,-5.80883E-3,-6.78460E-3,-6.86961E-3,-8.82437E-3,-5.77302E-3,-8.15396E-3,-7.42570E-3,-6.92274E-3,-7.19873E-3,-8.52852E-3,-7.92565E-3,-6.45397E-3,-5.95777E-3,-5.90738E-3,-7.43641E-3,-7.03550E-3,-5.70199E-3,-5.19216E-3,-5.94306E-3,-7.30935E-3,-6.14661E-3,-6.34793E-3
1.53974E+3,NaN,NaN,-5.98247E-5,-6.75829E-4,6.78367E-4,6.00865E-4,-4.84769E-5,-3.76812E-4,2.44215E-4,6.55593E-4,3.50327E-4,-4.54355E-5,-7.65423E-4,-1.48541E-3,-1.41211E-3,1.13480E-3,1.11679E-3,7.30249E-5,9.43661E-4,4.72868E-4,3.15140E-4,1.19932E-4,-8.92306E-4,-6.75975E-4,-3.05008E-4,-1.50115E-4,7.41260E-4,1.49600E-3,9.09730E-4,-4.99927E-4,-1.01557E-3,-1.23752E-3,-3.80829E-4,6.58652E-4,2.60063E-4,-2.40030E-4,-1.10022E-3,-2.21361E-4,8.79505E-4,-5.51901E-5,-1.95844E-4,-9.64116E-4,-1.22344E-3,-1.98060E-3,1.20834E-2,4.75812E-2,4.54190E-2,-3.30924E-2,-1.59719E-1,-2.18917E-1,-1.19455E-1,8.04175E-3,1.67775E-2,-1.30254E-2,-1.56016E-2,-1.43290E-2,-1.49916E-2,-1.32068E-2,-1.23130E-2,-1.33616E-2,-1.31347E-2,-1.32728E-2,-1.38832E-2,-1.33268E-2,-1.27196E-2,-1.31269E-2,-1.28556E-2,-1.23216E-2,-1.23387E-2,-1.34382E-2,-1.22069E-2,-1.10323E-2,-1.17666E-2,-1.22890E-2,-1.22977E-2,-1.24280E-2,-1.18629E-2,-1.09444E-2,-1.12381E-2,-9.56069E-3,-9.73937E-3,-1.09701E-2,-1.00880E-2,-1.02583E-2,-1.12288E-2,-1.13684E-2,-1.21541E-2,-1.22783E-2,-1.14248E-2,-1.19523E-2,-1.09654E-2,-1.08874E-2,-1.11755E-2,-1.09530E-2,-9.64828E-3,-9.77671E-3,-9.79967E-3,-1.03353E-2,-9.85803E-3,-1.04965E-2,-8.27788E-3,-7.82702E-3,-9.00180E-3,-9.33280E-3,-8.51145E-3,-7.39945E-3,-7.70166E-3,-6.22054E-3,-7.96618E-3,-6.76460E-3,-5.81940E-3,-6.95839E-3,-6.75593E-3,-7.57532E-3,-5.29608E-3,-6.71946E-3,-6.68692E-3,-6.84641E-3,-9.18938E-3,-5.99208E-3,-7.61963E-3,-8.01248E-3,-7.42712E-3,-6.28416E-3,-8.48019E-3,-8.88338E-3,-7.07218E-3,-6.12303E-3,-6.31391E-3,-7.85717E-3,-8.09387E-3,-4.92061E-3,-6.41081E-3,-5.60979E-3,-8.32084E-3,-6.72211E-3,-8.55092E-3
1.54325E+3,NaN,NaN,-1.28124E-3,-3.70714E-4,1.08546E-3,6.06036E-4,6.85669E-4,-2.40462E-4,5.35393E-4,2.62141E-3,6.43118E-4,-2.20796E-4,-1.01095E-3,-1.80111E-3,-3.69947E-4,1.84315E-3,5.60613E-4,1.16466E-3,2.07043E-3,1.19550E-3,1.25269E-4,-4.86500E-5,-8.21817E-4,2.83362E-4,2.24326E-4,-9.74288E-5,1.05774E-3,1.22951E-3,6.97845E-4,6.15148E-4,4.29378E-4,-2.65246E-4,1.11446E-3,1.44282E-3,2.72885E-4,7.52236E-4,-6.08837E-4,2.16051E-4,1.77502E-4,-2.09295E-4,3.90802E-4,-5.75453E-4,3.83781E-4,-2.73113E-3,1.30056E-2,5.42366E-2,4.66900E-2,-3.85484E-2,-1.74031E-1,-2.28682E-1,-1.12736E-1,1.32107E-2,1.15524E-2,-1.48865E-2,-1.56397E-2,-1.45410E-2,-1.69826E-2,-1.33982E-2,-1.36871E-2,-1.42820E-2,-1.49390E-2,-1.39368E-2,-1.42101E-2,-1.39758E-2,-1.43567E-2,-1.40044E-2,-1.40378E-2,-1.31242E-2,-1.16949E-2,-1.41257E-2,-1.21547E-2,-1.22769E-2,-1.18742E-2,-1.23990E-2,-1.24744E-2,-1.24733E-2,-1.15835E-2,-1.18359E-2,-1.25937E-2,-1.15644E-2,-1.19408E-2,-1.15126E-2,-9.59773E-3,-1.06903E-2,-1.18990E-2,-1.12621E-2,-1.21473E-2,-1.17802E-2,-1.13778E-2,-1.19476E-2,-1.18018E-2,-1.22097E-2,-1.12811E-2,-1.09499E-2,-9.40694E-3,-1.00045E-2,-1.04407E-2,-1.09403E-2,-1.01880E-2,-1.12725E-2,-7.75493E-3,-8.20439E-3,-1.03754E-2,-9.63581E-3,-9.16125E-3,-8.50750E-3,-8.52317E-3,-6.54556E-3,-8.72851E-3,-7.11158E-3,-6.46039E-3,-5.84977E-3,-7.03557E-3,-7.75711E-3,-5.33177E-3,-6.03163E-3,-6.50465E-3,-6.25515E-3,-9.74127E-3,-6.31474E-3,-7.61976E-3,-7.71682E-3,-7.42717E-3,-8.33178E-3,-8.29480E-3,-9.11618E-3,-7.12405E-3,-6.13840E-3,-6.56731E-3,-6.83899E-3,-7.72520E-3,-5.82542E-3,-4.91019E-3,-5.94538E-3,-7.08870E-3,-6.18402E-3,-8.03668E-3
1.54677E+3,NaN,NaN,6.35678E-5,-1.26166E-3,3.74118E-4,-1.29103E-4,1.21868E-3,3.15004E-4,1.08786E-4,1.99860E-3,1.83755E-4,-5.71535E-4,-1.31154E-3,-2.05155E-3,-1.25503E-3,2.46462E-3,7.09258E-4,2.15441E-3,1.08893E-3,1.54368E-4,-3.70614E-4,-6.23073E-4,-1.16473E-3,-6.21351E-4,3.11069E-4,-4.47111E-4,7.06171E-4,2.71334E-4,8.93969E-5,2.65507E-4,3.18955E-4,-1.49192E-3,4.41760E-4,1.98279E-3,-3.15436E-4,1.54024E-4,-9.98582E-4,1.23025E-3,8.53785E-4,-1.02835E-3,1.67985E-4,-2.52119E-4,1.07580E-3,-4.06717E-3,1.23443E-2,5.99810E-2,4.77336E-2,-4.22963E-2,-1.87479E-1,-2.42806E-1,-1.07179E-1,2.24201E-2,8.45876E-3,-1.89411E-2,-1.68291E-2,-1.63599E-2,-1.80573E-2,-1.38399E-2,-1.50061E-2,-1.46227E-2,-1.62432E-2,-1.58195E-2,-1.56417E-2,-1.54874E-2,-1.52051E-2,-1.51103E-2,-1.50996E-2,-1.36617E-2,-1.32406E-2,-1.52131E-2,-1.25204E-2,-1.33373E-2,-1.32245E-2,-1.34469E-2,-1.37468E-2,-1.39488E-2,-1.28777E-2,-1.17850E-2,-1.25996E-2,-1.13891E-2,-1.25307E-2,-1.14420E-2,-1.13247E-2,-1.26844E-2,-1.31549E-2,-1.11153E-2,-1.38545E-2,-1.28029E-2,-1.27991E-2,-1.35055E-2,-1.25245E-2,-1.25892E-2,-1.10558E-2,-1.16942E-2,-9.73320E-3,-1.11220E-2,-1.11276E-2,-1.13203E-2,-1.05297E-2,-1.15801E-2,-9.07390E-3,-8.61787E-3,-1.06503E-2,-9.90562E-3,-9.03868E-3,-8.29670E-3,-9.01482E-3,-6.66760E-3,-8.73804E-3,-7.49839E-3,-7.22523E-3,-7.13559E-3,-6.33112E-3,-8.11166E-3,-5.86553E-3,-6.89965E-3,-7.00405E-3,-6.86631E-3,-9.48273E-3,-6.43238E-3,-8.02917E-3,-9.22196E-3,-7.79143E-3,-7.76892E-3,-8.60381E-3,-9.62440E-3,-7.31862E-3,-6.18061E-3,-7.20474E-3,-8.82996E-3,-8.02658E-3,-6.13695E-3,-5.08398E-3,-5.21508E-3,-7.49730E-3,-8.06177E-3,-8.92515E-3
1.55029E+3,NaN,NaN,-6.28641E-4,-8.08743E-4,2.91347E-4,1.50927E-3,7.04519E-5,1.04939E-3,1.10447E-3,1.22768E-3,5.68498E-4,4.97679E-5,-5.17283E-4,-1.08433E-3,-6.45194E-4,1.71543E-3,2.63078E-4,-3.46664E-4,1.76167E-3,-6.62413E-4,5.66317E-5,-6.60722E-4,-1.66287E-3,-9.54670E-4,1.60134E-4,-6.37109E-4,2.44183E-3,-5.42923E-4,-4.54875E-4,4.64169E-4,1.28177E-3,-1.55475E-3,4.65081E-4,6.09971E-6,-4.16729E-4,1.26846E-3,-2.44814E-3,2.16489E-4,6.73888E-4,-1.07095E-3,-7.23437E-4,-4.41186E-5,1.79135E-3,-3.87955E-3,1.39274E-2,6.64175E-2,5.06019E-2,-4.75567E-2,-1.97716E-1,-2.56382E-1,-1.02502E-1,3.64287E-2,9.19424E-3,-2.51474E-2,-1.68932E-2,-1.76796E-2,-2.01354E-2,-1.45387E-2,-1.61273E-2,-1.77772E-2,-1.82591E-2,-1.75881E-2,-1.80897E-2,-1.75465E-2,-1.59694E-2,-1.61905E-2,-1.62753E-2,-1.52240E-2,-1.39627E-2,-1.80308E-2,-1.38620E-2,-1.54080E-2,-1.55834E-2,-1.37811E-2,-1.50555E-2,-1.44748E-2,-1.36467E-2,-1.40783E-2,-1.39115E-2,-1.21793E-2,-1.35547E-2,-1.29395E-2,-1.17577E-2,-1.48970E-2,-1.41254E-2,-1.24091E-2,-1.47273E-2,-1.41151E-2,-1.45104E-2,-1.51075E-2,-1.35271E-2,-1.43904E-2,-1.18156E-2,-1.25654E-2,-1.04018E-2,-1.17764E-2,-1.27284E-2,-1.22572E-2,-1.15114E-2,-1.25747E-2,-9.23346E-3,-9.51521E-3,-1.10017E-2,-9.94433E-3,-9.64377E-3,-8.91306E-3,-8.63224E-3,-7.17509E-3,-9.62821E-3,-7.32567E-3,-6.33556E-3,-7.00953E-3,-7.35311E-3,-8.03071E-3,-5.28788E-3,-7.18355E-3,-9.16758E-3,-8.76831E-3,-9.60552E-3,-7.15263E-3,-8.82856E-3,-9.28985E-3,-8.48702E-3,-9.41574E-3,-9.88692E-3,-1.08764E-2,-7.64400E-3,-6.53858E-3,-6.50085E-3,-7.94892E-3,-9.00370E-3,-6.13039E-3,-5.47618E-3,-6.23338E-3,-7.51274E-3,-7.88957E-3,-8.90013E-3
1.55381E+3,NaN,NaN,-4.16607E-4,-2.57931E-4,1.43161E-3,4.55092E-4,2.20438E-4,-5.86577E-4,-7.89162E-4,1.89097E-3,-1.06605E-3,-1.35018E-3,-1.62709E-3,-1.59907E-3,3.71427E-4,1.69318E-3,5.96723E-4,6.50424E-4,2.89606E-4,3.83663E-5,-4.75730E-4,-5.33070E-4,-1.76140E-3,-1.04052E-3,4.89089E-4,-7.55665E-4,1.64612E-3,1.81539E-4,2.48120E-4,3.96459E-4,-7.80995E-4,-8.68831E-4,5.22394E-4,7.92157E-4,3.18751E-4,-7.54731E-4,-1.49310E-3,6.59874E-4,6.93474E-4,-1.73207E-3,-6.21671E-4,2.99483E-4,1.11609E-3,-1.96244E-3,1.72290E-2,6.16093E-2,4.16621E-2,-5.45750E-2,-1.96849E-1,-2.45406E-1,-1.01862E-1,2.63765E-2,1.12730E-2,-2.61738E-2,-1.87129E-2,-1.95242E-2,-2.00678E-2,-1.51934E-2,-1.82275E-2,-1.90948E-2,-1.98086E-2,-1.82453E-2,-1.82341E-2,-1.88149E-2,-1.79989E-2,-1.82795E-2,-1.67513E-2,-1.55605E-2,-1.56639E-2,-1.92011E-2,-1.56471E-2,-1.56595E-2,-1.49312E-2,-1.61330E-2,-1.63191E-2,-1.50824E-2,-1.41576E-2,-1.45562E-2,-1.44926E-2,-1.17828E-2,-1.35044E-2,-1.42349E-2,-1.33143E-2,-1.53542E-2,-1.44078E-2,-1.37561E-2,-1.54028E-2,-1.34311E-2,-1.52987E-2,-1.49991E-2,-1.38231E-2,-1.49629E-2,-1.37514E-2,-1.35294E-2,-1.07162E-2,-1.34844E-2,-1.31414E-2,-1.25873E-2,-1.23749E-2,-1.28383E-2,-1.00351E-2,-1.09476E-2,-1.17678E-2,-1.12043E-2,-1.01484E-2,-9.87954E-3,-9.65768E-3,-7.22265E-3,-8.90451E-3,-8.27744E-3,-7.30006E-3,-7.08188E-3,-7.52215E-3,-8.97383E-3,-6.55890E-3,-7.59495E-3,-8.98499E-3,-8.39187E-3,-1.11271E-2,-8.07467E-3,-9.49573E-3,-8.78964E-3,-8.72161E-3,-9.54677E-3,-9.93441E-3,-1.18569E-2,-7.87388E-3,-7.64710E-3,-8.12954E-3,-9.46473E-3,-9.12594E-3,-6.17944E-3,-6.32328E-3,-6.65395E-3,-8.53745E-3,-8.28900E-3,-9.43596E-3
1.55733E+3,NaN,-6.82606E-4,-5.15542E-4,-1.32198E-3,1.26974E-3,7.88680E-5,1.66001E-3,-4.15829E-4,9.29564E-4,1.56195E-3,8.89076E-5,-1.61352E-4,-4.11611E-4,-6.02464E-4,1.62805E-4,1.68493E-3,4.06542E-4,1.43217E-3,1.54329E-3,-5.71926E-4,-6.68504E-5,-3.08440E-4,-6.82854E-4,-1.48625E-4,6.97839E-4,8.02986E-4,2.54001E-3,1.02497E-3,1.05775E-3,1.20393E-3,1.98976E-4,2.10268E-5,1.71811E-3,4.85955E-4,3.27474E-4,-3.55172E-4,-7.13694E-4,1.17366E-3,5.85090E-4,-3.97411E-4,9.35516E-4,6.27662E-4,9.76840E-4,4.64060E-4,2.26308E-2,6.03750E-2,3.64096E-2,-6.36861E-2,-1.98109E-1,-2.33231E-1,-9.54734E-2,1.91886E-2,9.35321E-3,-2.48529E-2,-1.98743E-2,-1.95813E-2,-1.94487E-2,-1.62103E-2,-1.84007E-2,-1.93916E-2,-1.76329E-2,-1.82306E-2,-1.90000E-2,-1.84377E-2,-1.73611E-2,-1.71365E-2,-1.70134E-2,-1.66543E-2,-1.59147E-2,-1.75984E-2,-1.52817E-2,-1.50090E-2,-1.54499E-2,-1.52550E-2,-1.52199E-2,-1.47477E-2,-1.38280E-2,-1.46309E-2,-1.47303E-2,-1.30400E-2,-1.42735E-2,-1.27482E-2,-1.29907E-2,-1.53349E-2,-1.32933E-2,-1.26047E-2,-1.55127E-2,-1.51997E-2,-1.48518E-2,-1.49364E-2,-1.40319E-2,-1.52141E-2,-1.36289E-2,-1.28263E-2,-1.12600E-2,-1.31275E-2,-1.23831E-2,-1.20226E-2,-1.21931E-2,-1.24091E-2,-9.86423E-3,-1.01074E-2,-1.04308E-2,-1.00661E-2,-9.89863E-3,-9.44800E-3,-7.46103E-3,-6.00934E-3,-8.62320E-3,-7.57071E-3,-6.89688E-3,-6.78532E-3,-8.11669E-3,-8.18506E-3,-6.09913E-3,-7.77287E-3,-7.95689E-3,-8.39752E-3,-9.97274E-3,-7.49489E-3,-9.54102E-3,-9.05862E-3,-8.19178E-3,-8.12464E-3,-9.84836E-3,-1.06034E-2,-7.78588E-3,-7.90330E-3,-7.46135E-3,-8.08126E-3,-8.51473E-3,-5.05548E-3,-5.24584E-3,-6.64862E-3,-7.38865E-3,-7.17323E-3,-1.08425E-2
1.56085E+3,NaN,-1.48735E-3,-5.00668E-4,-1.49053E-3,1.08355E-3,1.02472E-3,1.80904E-3,-3.51003E-4,-4.13754E-4,1.82297E-3,-9.16553E-4,-1.64179E-3,-2.36702E-3,-1.96773E-3,3.36447E-4,1.29495E-3,1.01111E-4,2.91738E-4,2.45189E-4,-9.38042E-4,-9.81815E-4,-1.16521E-3,-8.28023E-4,-2.63844E-4,-1.01197E-3,-9.89056E-4,5.70885E-4,6.32391E-5,-8.86343E-5,1.70975E-4,-7.47871E-4,-5.02589E-4,5.48018E-4,-1.40033E-4,-1.19998E-5,2.91658E-4,-2.71640E-4,1.02904E-4,-2.93249E-4,-2.32627E-4,2.99661E-4,2.62031E-4,-3.72196E-4,5.44800E-4,2.67150E-2,5.81031E-2,2.93359E-2,-7.58015E-2,-2.11323E-1,-2.29746E-1,-9.26060E-2,1.47411E-2,4.81218E-3,-2.58367E-2,-2.13175E-2,-2.09021E-2,-2.01517E-2,-1.85036E-2,-2.09036E-2,-2.16594E-2,-2.07500E-2,-2.05705E-2,-2.10445E-2,-1.99213E-2,-1.92229E-2,-1.94283E-2,-1.90702E-2,-1.77883E-2,-1.89715E-2,-2.00606E-2,-1.70243E-2,-1.76793E-2,-1.65758E-2,-1.68809E-2,-1.77704E-2,-1.64498E-2,-1.53201E-2,-1.55524E-2,-1.58477E-2,-1.50810E-2,-1.52783E-2,-1.51732E-2,-1.52415E-2,-1.57200E-2,-1.46556E-2,-1.51924E-2,-1.71464E-2,-1.59458E-2,-1.66276E-2,-1.60222E-2,-1.49194E-2,-1.50364E-2,-1.40689E-2,-1.32364E-2,-1.29103E-2,-1.36986E-2,-1.38619E-2,-1.35201E-2,-1.33051E-2,-1.34912E-2,-1.02267E-2,-1.04644E-2,-1.18201E-2,-1.18381E-2,-1.13595E-2,-1.11000E-2,-9.38465E-3,-7.92740E-3,-9.68519E-3,-8.60373E-3,-8.23053E-3,-7.78420E-3,-8.26876E-3,-7.56411E-3,-5.87349E-3,-8.23095E-3,-9.13453E-3,-8.87413E-3,-1.19487E-2,-8.51902E-3,-9.85270E-3,-1.06662E-2,-9.66299E-3,-1.06319E-2,-1.15694E-2,-1.15051E-2,-8.55886E-3,-7.87924E-3,-7.42310E-3,-8.89948E-3,-8.96858E-3,-5.79380E-3,-6.38874E-3,-7.14265E-3,-8.12976E-3,-8.82394E-3,-1.01173E-2
1.56438E+3,NaN,-1.31990E-3,-1.86773E-3,-2.18788E-4,2.24256E-3,1.06520E-3,1.19696E-3,-9.76762E-4,-7.27416E-5,1.36614E-3,-1.00027E-4,-9.07427E-4,-1.71483E-3,-6.98583E-4,1.54335E-3,1.49465E-3,9.22382E-4,3.78571E-4,-4.14770E-4,-7.59942E-4,-5.23361E-4,-1.41111E-3,-4.75921E-4,7.30549E-4,-2.35107E-4,2.18015E-4,-5.01215E-4,2.98697E-4,1.44465E-3,6.47067E-4,-2.06360E-4,2.55195E-4,6.89272E-4,2.24745E-5,7.56484E-5,-4.70672E-4,1.73595E-4,3.98782E-4,-7.71831E-4,-4.44100E-4,-7.77279E-5,-1.48668E-5,-5.84107E-4,1.18043E-3,3.22324E-2,5.92103E-2,2.49134E-2,-8.86905E-2,-2.28315E-1,-2.30119E-1,-8.66886E-2,1.63016E-2,7.24690E-4,-2.54232E-2,-2.26798E-2,-2.31693E-2,-2.11336E-2,-2.07624E-2,-2.25574E-2,-2.22254E-2,-2.15282E-2,-2.15792E-2,-2.20778E-2,-2.14384E-2,-2.08656E-2,-2.04648E-2,-2.02529E-2,-2.00714E-2,-2.13877E-2,-2.09333E-2,-1.87172E-2,-1.85385E-2,-1.80279E-2,-1.74499E-2,-1.78287E-2,-1.73170E-2,-1.65835E-2,-1.70935E-2,-1.57971E-2,-1.50037E-2,-1.61670E-2,-1.50444E-2,-1.55211E-2,-1.68412E-2,-1.55001E-2,-1.65138E-2,-1.72902E-2,-1.65941E-2,-1.69415E-2,-1.60467E-2,-1.58708E-2,-1.57743E-2,-1.43967E-2,-1.36542E-2,-1.44899E-2,-1.47031E-2,-1.48015E-2,-1.37522E-2,-1.34977E-2,-1.39143E-2,-1.03187E-2,-1.12998E-2,-1.22652E-2,-1.12022E-2,-1.11266E-2,-1.06590E-2,-9.47590E-3,-8.08318E-3,-9.19637E-3,-7.52983E-3,-7.28362E-3,-7.70523E-3,-9.59974E-3,-9.66349E-3,-7.10652E-3,-9.16611E-3,-1.00137E-2,-1.04430E-2,-1.18918E-2,-8.04195E-3,-9.17122E-3,-9.42031E-3,-9.87289E-3,-9.70249E-3,-1.16003E-2,-1.08191E-2,-9.15115E-3,-8.99045E-3,-8.02175E-3,-1.00740E-2,-9.05766E-3,-5.62881E-3,-6.26345E-3,-7.89384E-3,-7.41371E-3,-8.96009E-3,-1.06867E-2
1.56790E+3,NaN,-6.73355E-4,-1.35666E-3,-4.25795E-4,8.76090E-4,5.46533E-4,8.18667E-4,2.35505E-4,-1.53289E-4,5.68091E-4,-8.55239E-4,-1.96340E-3,-3.07156E-3,-9.88106E-4,1.84931E-3,1.20383E-3,3.62908E-4,5.18062E-4,-5.63432E-4,-1.01157E-3,-2.67692E-4,-2.22438E-3,-1.30983E-3,-1.22059E-3,-2.56832E-3,-8.11641E-4,1.36748E-4,3.87228E-4,1.24491E-3,6.61301E-4,-7.40747E-4,-7.62898E-4,-9.27799E-4,-8.86077E-4,-4.25877E-4,-9.08956E-4,-9.78648E-6,6.33249E-4,-8.41643E-4,9.48749E-5,1.37828E-4,1.03729E-4,-1.67716E-3,2.88090E-4,3.71478E-2,6.32778E-2,2.53682E-2,-9.94263E-2,-2.44432E-1,-2.27395E-1,-7.71764E-2,1.98714E-2,-4.89901E-3,-2.63536E-2,-2.43835E-2,-2.50544E-2,-2.15525E-2,-2.21229E-2,-2.37022E-2,-2.39308E-2,-2.41336E-2,-2.46398E-2,-2.39245E-2,-2.26119E-2,-2.22820E-2,-2.16471E-2,-2.12061E-2,-2.17921E-2,-2.27007E-2,-2.14723E-2,-2.10577E-2,-1.84601E-2,-1.76108E-2,-1.89229E-2,-1.91575E-2,-1.85298E-2,-1.76735E-2,-1.68573E-2,-1.62026E-2,-1.69108E-2,-1.77227E-2,-1.66233E-2,-1.80264E-2,-1.77778E-2,-1.59848E-2,-1.77960E-2,-1.75814E-2,-1.80470E-2,-1.81807E-2,-1.74744E-2,-1.80237E-2,-1.68662E-2,-1.58249E-2,-1.47552E-2,-1.51108E-2,-1.48133E-2,-1.61822E-2,-1.51095E-2,-1.50137E-2,-1.43291E-2,-1.13846E-2,-1.19416E-2,-1.26868E-2,-1.30112E-2,-1.28317E-2,-1.20681E-2,-1.00265E-2,-8.98744E-3,-1.07564E-2,-9.40141E-3,-8.88342E-3,-8.64188E-3,-9.69379E-3,-9.05535E-3,-7.46444E-3,-9.88877E-3,-9.83349E-3,-9.49403E-3,-1.19624E-2,-8.83324E-3,-1.00687E-2,-1.16669E-2,-9.65754E-3,-1.18672E-2,-1.25963E-2,-1.32798E-2,-9.80205E-3,-8.05281E-3,-9.36235E-3,-1.07334E-2,-1.12490E-2,-7.71490E-3,-7.72066E-3,-8.09800E-3,-8.62119E-3,-9.11220E-3,-9.67420E-3
1.57142E+3,NaN,-1.48640E-3,-1.01136E-3,1.06912E-4,8.86389E-4,1.15637E-3,7.40626E-4,-2.94517E-4,-4.13404E-4,6.48829E-4,-3.07574E-3,-2.71417E-3,-2.35260E-3,3.90648E-5,8.26374E-4,-1.01250E-3,-3.32843E-4,-3.26003E-4,-7.77205E-4,-1.51494E-3,-1.26638E-3,-1.92163E-3,-1.09193E-3,2.54376E-5,-1.15503E-3,8.37901E-4,1.13617E-4,9.01226E-4,-1.15711E-5,-6.54530E-4,-1.33319E-3,-3.66074E-4,-5.45699E-4,4.26865E-4,-7.51182E-5,-1.25152E-3,-3.22699E-4,1.82792E-4,-1.17491E-3,-3.03921E-5,-5.69168E-4,-1.92037E-3,-8.38028E-4,-1.29500E-3,3.90369E-2,6.32231E-2,2.41922E-2,-1.01544E-1,-2.57277E-1,-2.26874E-1,-6.94763E-2,2.47341E-2,-1.12431E-2,-2.83664E-2,-2.70363E-2,-2.74562E-2,-2.31508E-2,-2.48467E-2,-2.57399E-2,-2.47185E-2,-2.47941E-2,-2.50464E-2,-2.55164E-2,-2.30141E-2,-2.32690E-2,-2.09946E-2,-2.09292E-2,-2.12608E-2,-2.37426E-2,-2.17679E-2,-2.31046E-2,-2.15632E-2,-1.96166E-2,-2.08808E-2,-2.07667E-2,-1.90707E-2,-1.83002E-2,-1.93003E-2,-1.81263E-2,-1.90555E-2,-1.82768E-2,-1.76155E-2,-1.91493E-2,-1.68141E-2,-1.56791E-2,-1.96257E-2,-1.90093E-2,-1.83285E-2,-1.87729E-2,-1.92723E-2,-1.95047E-2,-1.72460E-2,-1.68513E-2,-1.54149E-2,-1.54871E-2,-1.51076E-2,-1.69729E-2,-1.57329E-2,-1.55005E-2,-1.42588E-2,-1.11394E-2,-1.27126E-2,-1.39487E-2,-1.31123E-2,-1.23160E-2,-1.17614E-2,-9.52660E-3,-9.21748E-3,-1.14122E-2,-9.93846E-3,-8.16483E-3,-8.09001E-3,-1.03375E-2,-9.18950E-3,-7.51489E-3,-9.64706E-3,-1.04494E-2,-1.15348E-2,-1.39740E-2,-9.80944E-3,-1.03696E-2,-1.20013E-2,-1.09324E-2,-1.18050E-2,-1.26010E-2,-1.29227E-2,-9.42426E-3,-9.95094E-3,-9.42507E-3,-1.07417E-2,-1.06098E-2,-8.92256E-3,-7.71314E-3,-9.09002E-3,-8.92299E-3,-8.90655E-3,-1.16270E-2
1.57494E+3,NaN,-1.14707E-3,-1.51438E-3,-7.82724E-4,1.17030E-3,1.67391E-3,6.90889E-4,2.11075E-4,3.69363E-4,7.18786E-4,-3.74153E-4,-4.91752E-4,-6.09351E-4,9.88422E-4,1.25385E-3,-6.97306E-4,3.40952E-4,1.41067E-3,1.73687E-4,-9.36505E-4,5.16599E-4,-6.96768E-4,1.47053E-3,2.03287E-3,-7.85086E-5,1.24434E-3,-6.58207E-4,1.03468E-3,1.61308E-3,7.20244E-4,5.12159E-4,-6.32992E-4,-2.99073E-4,-3.08463E-5,7.63483E-4,5.61255E-5,1.14112E-3,-1.05218E-5,-9.42807E-4,-6.33447E-4,-6.38669E-4,-1.20196E-3,5.53372E-4,-3.26654E-3,4.53099E-2,7.18946E-2,3.47276E-2,-1.06980E-1,-2.75461E-1,-2.34280E-1,-6.51643E-2,3.63620E-2,-1.44088E-2,-3.12853E-2,-2.58599E-2,-3.04050E-2,-2.40545E-2,-2.47054E-2,-2.56610E-2,-2.63532E-2,-2.59317E-2,-2.58756E-2,-2.47315E-2,-2.40230E-2,-2.49534E-2,-2.42802E-2,-2.39609E-2,-2.34677E-2,-2.57678E-2,-2.26729E-2,-2.34900E-2,-2.19459E-2,-2.10146E-2,-2.13337E-2,-2.13134E-2,-2.07268E-2,-1.82773E-2,-1.97184E-2,-1.87525E-2,-1.81986E-2,-1.91260E-2,-1.89506E-2,-1.99911E-2,-1.86911E-2,-1.63442E-2,-2.07643E-2,-1.95528E-2,-2.01145E-2,-2.07649E-2,-1.89035E-2,-2.01544E-2,-1.70290E-2,-1.71744E-2,-1.58792E-2,-1.67854E-2,-1.45723E-2,-1.72105E-2,-1.59968E-2,-1.67416E-2,-1.51250E-2,-1.18249E-2,-1.26243E-2,-1.37185E-2,-1.33037E-2,-1.16892E-2,-1.11826E-2,-9.30045E-3,-9.58119E-3,-1.04433E-2,-8.23765E-3,-8.50305E-3,-9.53444E-3,-1.20514E-2,-1.05563E-2,-8.59934E-3,-9.72108E-3,-1.07462E-2,-1.10948E-2,-1.28417E-2,-9.89765E-3,-1.11431E-2,-1.20911E-2,-1.06283E-2,-1.13204E-2,-1.29028E-2,-1.34894E-2,-9.12112E-3,-9.44524E-3,-7.53988E-3,-1.00963E-2,-1.15347E-2,-7.17748E-3,-8.21336E-3,-7.73052E-3,-9.23524E-3,-1.06546E-2,-1.26638E-2
1.57847E+3,NaN,-1.25967E-3,-8.66243E-4,-6.61934E-4,1.35502E-3,1.03614E-3,6.30245E-4,1.74330E-4,4.30228E-4,9.00417E-4,-1.58564E-3,-1.51631E-3,-1.20363E-3,1.26359E-3,1.55119E-3,-8.65076E-5,9.39759E-4,-4.57628E-4,-1.38923E-3,-7.18232E-4,-8.10606E-4,-1.77480E-3,-1.10176E-3,-2.33739E-4,-6.73947E-4,7.66929E-4,4.88338E-5,-3.76858E-4,4.88278E-4,9.20807E-4,-7.61411E-4,7.96120E-4,1.22179E-3,-7.28988E-4,4.37709E-4,-1.68904E-4,2.48933E-4,5.02905E-4,-2.12347E-3,1.46086E-3,-7.01921E-4,-1.32076E-3,7.70768E-5,-8.64690E-4,4.04682E-2,6.57579E-2,2.45534E-2,-1.14432E-1,-2.74157E-1,-2.29183E-1,-6.64291E-2,3.25730E-2,-1.48811E-2,-3.20245E-2,-2.95574E-2,-2.98997E-2,-2.23242E-2,-2.50816E-2,-2.83517E-2,-2.68585E-2,-2.67192E-2,-2.71632E-2,-2.53177E-2,-2.53768E-2,-2.56340E-2,-2.47615E-2,-2.37807E-2,-2.34324E-2,-2.65844E-2,-2.46177E-2,-2.33707E-2,-2.32142E-2,-2.28540E-2,-2.23235E-2,-2.11794E-2,-2.11256E-2,-1.86396E-2,-2.12427E-2,-1.98576E-2,-1.88242E-2,-1.97581E-2,-1.95710E-2,-2.12999E-2,-1.92640E-2,-1.72886E-2,-2.01160E-2,-1.99055E-2,-2.06655E-2,-2.09647E-2,-1.88518E-2,-1.95006E-2,-1.87941E-2,-1.62941E-2,-1.50042E-2,-1.73737E-2,-1.57282E-2,-1.73718E-2,-1.73465E-2,-1.73356E-2,-1.57220E-2,-1.34009E-2,-1.42401E-2,-1.38747E-2,-1.29158E-2,-1.26342E-2,-1.26690E-2,-9.70949E-3,-9.75340E-3,-1.14769E-2,-9.40017E-3,-8.57047E-3,-8.92500E-3,-1.07493E-2,-8.07699E-3,-7.13144E-3,-1.09439E-2,-1.25448E-2,-1.07674E-2,-1.31890E-2,-1.10380E-2,-1.04426E-2,-1.13405E-2,-1.08809E-2,-1.14702E-2,-1.40968E-2,-1.38491E-2,-1.07715E-2,-7.96848E-3,-8.65159E-3,-1.19946E-2,-1.22344E-2,-7.79968E-3,-9.16895E-3,-8.57642E-3,-9.65147E-3,-1.03832E-2,-1.16782E-2
1.58199E+3,NaN,-6.44629E-4,-3.14183E-4,-1.89166E-4,2.33372E-4,4.92162E-4,5.95590E-4,7.41363E-4,1.36090E-3,2.82436E-4,-1.49542E-3,-1.90978E-3,-1.17249E-3,2.24788E-3,1.04097E-3,-1.01891E-3,-7.62692E-4,1.34897E-4,-1.63379E-3,-5.57318E-5,1.79716E-4,-1.43479E-3,-8.46603E-4,9.29661E-4,-8.69618E-4,-9.05679E-4,-2.45090E-3,-3.21808E-4,2.07766E-3,2.29984E-4,-9.73260E-4,-1.39231E-3,-1.14015E-3,-7.38999E-4,1.89427E-4,-1.42977E-3,6.92259E-6,6.88856E-4,3.20456E-4,1.13865E-3,-7.29535E-4,-1.70055E-3,4.85130E-4,3.14304E-3,4.49815E-2,6.64322E-2,2.01630E-2,-1.23943E-1,-2.70165E-1,-2.23249E-1,-6.93282E-2,2.39257E-2,-1.59241E-2,-3.48112E-2,-3.01783E-2,-3.10626E-2,-2.73215E-2,-2.91199E-2,-2.89203E-2,-3.05343E-2,-2.97008E-2,-2.87017E-2,-2.81273E-2,-2.73682E-2,-2.72569E-2,-2.66059E-2,-2.66891E-2,-2.76137E-2,-2.69182E-2,-2.53569E-2,-2.54399E-2,-2.46987E-2,-2.45631E-2,-2.40245E-2,-2.26350E-2,-2.24957E-2,-2.20075E-2,-2.25227E-2,-2.05376E-2,-2.16205E-2,-2.21523E-2,-2.08516E-2,-2.17393E-2,-1.92903E-2,-1.85603E-2,-2.05694E-2,-2.01290E-2,-2.12496E-2,-2.11989E-2,-1.99295E-2,-2.05422E-2,-2.06982E-2,-1.95493E-2,-1.95541E-2,-1.80960E-2,-1.62839E-2,-1.87170E-2,-1.73744E-2,-1.85686E-2,-1.74137E-2,-1.48262E-2,-1.43230E-2,-1.37189E-2,-1.30163E-2,-1.28604E-2,-1.33318E-2,-9.71321E-3,-1.05038E-2,-1.09049E-2,-9.02087E-3,-9.44505E-3,-9.64009E-3,-1.16628E-2,-1.05231E-2,-1.08495E-2,-1.19027E-2,-1.26483E-2,-1.24251E-2,-1.10924E-2,-1.07778E-2,-1.09751E-2,-1.20205E-2,-1.11252E-2,-1.23668E-2,-1.41651E-2,-1.45491E-2,-1.07919E-2,-9.77655E-3,-8.61715E-3,-1.15084E-2,-1.38663E-2,-9.37972E-3,-9.73438E-3,-8.41936E-3,-8.17776E-3,-9.92811E-3,-1.22606E-2
1.58552E+3,NaN,-1.17515E-3,-2.03844E-4,3.29298E-6,7.74856E-4,1.36829E-3,2.16238E-4,-2.93316E-4,-4.49946E-5,-9.27541E-4,-1.72404E-3,-1.25759E-3,-1.12254E-3,-5.31666E-4,4.89250E-4,-4.49229E-4,-1.56828E-4,-2.94323E-4,-1.41260E-3,-1.74051E-3,-1.94580E-3,-1.73979E-3,-4.97288E-4,-7.96430E-4,-1.01908E-3,-4.73463E-4,2.08384E-4,8.79549E-4,1.81879E-4,-9.64166E-4,-1.34079E-3,-1.53496E-3,-3.98757E-4,-2.68239E-4,-3.75947E-4,-1.66783E-3,-1.07386E-3,-4.84968E-4,-7.52977E-4,3.76693E-5,-1.67993E-4,1.68042E-4,-8.70831E-4,7.93122E-3,4.47745E-2,6.46066E-2,1.57527E-2,-1.37947E-1,-2.75390E-1,-2.21865E-1,-6.78054E-2,1.57911E-2,-1.64647E-2,-3.56107E-2,-3.31348E-2,-3.26703E-2,-2.93641E-2,-3.11262E-2,-3.17984E-2,-3.14223E-2,-3.13979E-2,-3.05741E-2,-2.91936E-2,-2.91700E-2,-2.87067E-2,-2.79035E-2,-2.75578E-2,-2.79934E-2,-2.77078E-2,-2.56573E-2,-2.79252E-2,-2.53366E-2,-2.40773E-2,-2.47360E-2,-2.37706E-2,-2.32924E-2,-2.32604E-2,-2.32164E-2,-2.09630E-2,-2.26670E-2,-2.40021E-2,-2.26787E-2,-2.23610E-2,-2.03393E-2,-1.98187E-2,-2.15874E-2,-1.93374E-2,-2.07967E-2,-2.11278E-2,-2.09976E-2,-2.13761E-2,-2.05992E-2,-1.89022E-2,-1.80405E-2,-1.90123E-2,-1.76761E-2,-1.90636E-2,-1.68969E-2,-1.86547E-2,-1.64536E-2,-1.37296E-2,-1.52803E-2,-1.55830E-2,-1.45510E-2,-1.26929E-2,-1.33933E-2,-9.65989E-3,-9.95082E-3,-1.22407E-2,-1.09715E-2,-1.07929E-2,-1.01311E-2,-1.21895E-2,-1.08292E-2,-1.08730E-2,-1.25392E-2,-1.20982E-2,-1.16577E-2,-1.37645E-2,-1.18033E-2,-1.14278E-2,-1.23604E-2,-1.24886E-2,-1.36336E-2,-1.50650E-2,-1.32585E-2,-1.09798E-2,-1.07078E-2,-1.11076E-2,-1.26755E-2,-1.31153E-2,-8.75274E-3,-9.07713E-3,-9.07914E-3,-8.48470E-3,-1.13752E-2,-1.17477E-2
1.58904E+3,NaN,-1.82345E-3,-1.02689E-3,9.67302E-4,1.35965E-3,8.50960E-4,3.68163E-4,-4.39218E-4,-3.12360E-4,-3.48439E-4,-6.12055E-4,-2.12035E-4,7.32742E-6,-5.12636E-4,-1.64521E-3,-1.22130E-3,5.77408E-4,4.50075E-5,-1.36973E-3,-1.20892E-3,-7.65857E-4,1.11428E-5,3.88290E-4,-9.53955E-4,-2.68152E-4,-1.47231E-4,-1.12620E-3,9.77836E-4,1.38828E-3,-2.26877E-4,-5.53017E-4,5.19875E-4,3.47138E-4,-1.06011E-3,-1.08071E-3,-2.88747E-4,-1.54192E-4,4.37411E-5,8.45027E-4,5.15681E-4,-6.78065E-4,5.10375E-4,-1.58877E-3,1.03328E-2,4.46621E-2,6.39429E-2,8.92392E-3,-1.52012E-1,-2.69798E-1,-2.11246E-1,-6.05955E-2,1.04912E-2,-1.77599E-2,-3.42674E-2,-3.30228E-2,-3.04409E-2,-2.90806E-2,-3.11031E-2,-3.11203E-2,-3.09501E-2,-3.10955E-2,-3.03928E-2,-2.90123E-2,-2.96606E-2,-2.93388E-2,-2.84265E-2,-2.83218E-2,-2.93706E-2,-2.93146E-2,-2.84317E-2,-2.81898E-2,-2.59696E-2,-2.55028E-2,-2.47672E-2,-2.42072E-2,-2.30945E-2,-2.30293E-2,-2.35527E-2,-2.21661E-2,-2.27342E-2,-2.36033E-2,-2.39771E-2,-2.26981E-2,-2.04019E-2,-2.03856E-2,-2.16242E-2,-2.25008E-2,-2.28076E-2,-2.22939E-2,-2.20620E-2,-2.06586E-2,-1.88099E-2,-1.89164E-2,-1.96225E-2,-1.90821E-2,-1.83847E-2,-1.84424E-2,-1.73397E-2,-1.84842E-2,-1.49507E-2,-1.30530E-2,-1.46900E-2,-1.45640E-2,-1.33431E-2,-1.29261E-2,-1.43541E-2,-1.04543E-2,-1.09777E-2,-1.24393E-2,-1.04933E-2,-9.99785E-3,-8.84404E-3,-1.12904E-2,-1.02745E-2,-9.45674E-3,-1.15045E-2,-1.09677E-2,-1.09880E-2,-1.24468E-2,-8.93103E-3,-1.21212E-2,-1.24835E-2,-1.31851E-2,-1.11510E-2,-1.58775E-2,-1.44560E-2,-9.98274E-3,-1.10562E-2,-7.84559E-3,-1.23041E-2,-1.23358E-2,-8.32601E-3,-9.27937E-3,-9.87145E-3,-1.05435E-2,-1.03656E-2,-1.07860E-2
1.59257E+3,NaN,-4.22644E-4,5.78430E-4,-1.93178E-4,2.08136E-4,7.36662E-4,-6.35145E-6,3.13215E-4,8.45655E-4,5.49854E-4,2.46830E-4,2.30026E-4,1.27283E-3,1.09847E-3,-1.12155E-3,3.64039E-4,1.93440E-3,8.72304E-4,-4.67501E-5,4.04718E-4,-7.65125E-5,-8.99083E-5,2.28478E-4,3.67835E-4,1.12158E-3,4.12734E-4,1.23098E-3,2.15963E-3,1.40557E-3,-1.24722E-4,-6.73070E-4,2.65677E-4,9.81232E-4,7.51097E-4,2.04971E-6,6.44796E-4,1.09323E-3,-2.66841E-4,9.76383E-4,2.49504E-3,1.79265E-4,6.70244E-4,-2.53852E-3,1.28119E-2,4.66340E-2,6.91932E-2,8.68989E-3,-1.76935E-1,-2.91714E-1,-2.22188E-1,-5.70599E-2,6.30204E-3,-2.12836E-2,-3.66716E-2,-3.62798E-2,-3.15885E-2,-3.13391E-2,-3.22274E-2,-3.32897E-2,-3.41508E-2,-3.39185E-2,-3.33653E-2,-3.24115E-2,-3.09786E-2,-2.92603E-2,-2.97063E-2,-3.08923E-2,-3.17007E-2,-3.10041E-2,-3.16369E-2,-3.02882E-2,-2.71284E-2,-2.65953E-2,-2.68950E-2,-2.60385E-2,-2.32436E-2,-2.48046E-2,-2.36419E-2,-2.30656E-2,-2.41232E-2,-2.37169E-2,-2.48968E-2,-2.38359E-2,-2.17431E-2,-2.21966E-2,-2.38759E-2,-2.45321E-2,-2.36813E-2,-2.29361E-2,-2.36673E-2,-2.29047E-2,-2.03752E-2,-2.01408E-2,-2.00510E-2,-1.87480E-2,-1.88009E-2,-1.90763E-2,-1.82996E-2,-1.92449E-2,-1.55530E-2,-1.37769E-2,-1.52680E-2,-1.45430E-2,-1.36575E-2,-1.20385E-2,-1.39622E-2,-1.07197E-2,-1.15726E-2,-1.20007E-2,-9.96112E-3,-8.73943E-3,-9.64355E-3,-1.40468E-2,-9.58301E-3,-8.57844E-3,-1.03902E-2,-8.89031E-3,-1.09388E-2,-1.30186E-2,-1.08514E-2,-1.29525E-2,-1.23834E-2,-1.06084E-2,-1.21667E-2,-1.56207E-2,-1.36547E-2,-1.06946E-2,-1.10103E-2,-9.00449E-3,-1.12218E-2,-1.26378E-2,-8.43302E-3,-8.91934E-3,-9.57776E-3,-1.11256E-2,-1.12654E-2,-1.21406E-2
1.59610E+3,NaN,-1.13619E-3,-1.05047E-3,2.01756E-4,9.38757E-4,8.67280E-4,8.68431E-4,-2.74715E-5,9.28857E-4,4.59830E-4,-1.65303E-3,-2.17301E-3,6.31468E-4,1.23270E-3,-3.42754E-4,-1.28981E-3,-3.31396E-4,6.72256E-4,-4.69810E-4,4.03221E-4,-1.27124E-3,-9.23658E-4,6.39412E-4,5.58982E-4,1.90473E-3,8.00635E-4,1.68571E-3,2.60211E-3,1.42342E-3,7.57892E-4,1.34798E-3,1.98294E-3,7.61156E-4,-7.39829E-4,4.78290E-4,1.37728E-3,-1.31486E-3,-1.01613E-3,-6.99148E-4,5.21063E-4,5.29452E-4,3.51315E-3,-2.51198E-3,1.32221E-2,4.78450E-2,7.47524E-2,1.34787E-2,-1.91780E-1,-2.99356E-1,-2.24639E-1,-5.00000E-2,4.74836E-3,-2.52936E-2,-3.75810E-2,-3.82651E-2,-3.41053E-2,-3.36163E-2,-3.55394E-2,-3.68998E-2,-3.70997E-2,-3.64669E-2,-3.45413E-2,-3.36433E-2,-3.34045E-2,-3.29991E-2,-3.20827E-2,-3.14785E-2,-3.22798E-2,-3.18527E-2,-3.21998E-2,-2.99695E-2,-2.89725E-2,-2.86800E-2,-2.86167E-2,-2.79939E-2,-2.70598E-2,-2.65841E-2,-2.38070E-2,-2.38751E-2,-2.51284E-2,-2.48310E-2,-2.57339E-2,-2.39946E-2,-2.35183E-2,-2.41879E-2,-2.39495E-2,-2.35106E-2,-2.40910E-2,-2.29222E-2,-2.40829E-2,-2.24126E-2,-2.16060E-2,-2.30082E-2,-2.14445E-2,-2.03151E-2,-2.03887E-2,-2.04957E-2,-1.75049E-2,-1.96175E-2,-1.57228E-2,-1.30652E-2,-1.52969E-2,-1.64510E-2,-1.60140E-2,-1.41120E-2,-1.48417E-2,-1.14991E-2,-1.21772E-2,-1.20794E-2,-1.00410E-2,-1.07302E-2,-8.68629E-3,-1.10326E-2,-8.91116E-3,-9.35073E-3,-1.11368E-2,-1.27951E-2,-1.19516E-2,-1.46667E-2,-1.11675E-2,-1.13312E-2,-1.21438E-2,-1.23152E-2,-1.09564E-2,-1.49549E-2,-1.63900E-2,-1.31205E-2,-1.17603E-2,-9.54881E-3,-1.38633E-2,-1.34121E-2,-8.66249E-3,-1.11045E-2,-1.25553E-2,-1.18980E-2,-1.17194E-2,-1.42567E-2
1.59963E+3,NaN,-8.43917E-4,-3.66505E-4,3.93580E-4,1.22867E-3,1.15572E-3,-1.84336E-4,-9.76237E-4,2.67906E-4,2.93594E-4,-2.07360E-3,-3.14127E-3,9.43454E-4,1.07308E-3,6.39675E-4,-2.02737E-4,-5.69647E-4,1.20205E-3,-5.17826E-4,4.43663E-4,-1.09717E-3,1.01353E-4,2.04589E-3,3.22063E-4,1.96137E-3,1.66451E-4,-5.57362E-4,2.56758E-3,5.33167E-4,-8.63858E-4,-8.19840E-4,1.67243E-4,3.32393E-4,-2.01909E-3,-1.24222E-3,-8.30998E-4,-5.07573E-4,-1.25218E-4,5.61857E-4,-3.11007E-4,-5.87411E-4,1.91310E-3,-5.92824E-3,9.88622E-3,4.66560E-2,7.89010E-2,1.77685E-2,-2.00332E-1,-2.96567E-1,-2.13966E-1,-3.81717E-2,7.11954E-3,-2.90148E-2,-3.76043E-2,-3.98101E-2,-3.29744E-2,-3.40146E-2,-3.70341E-2,-3.62163E-2,-3.70435E-2,-3.47456E-2,-3.49177E-2,-3.18463E-2,-3.32140E-2,-3.38650E-2,-3.29558E-2,-3.26051E-2,-3.35815E-2,-2.94866E-2,-3.20287E-2,-3.02032E-2,-2.79181E-2,-2.83806E-2,-2.96952E-2,-2.58155E-2,-2.61533E-2,-2.68056E-2,-2.46957E-2,-2.36318E-2,-2.71918E-2,-2.61752E-2,-2.58532E-2,-2.34957E-2,-2.42211E-2,-2.56153E-2,-2.51541E-2,-2.41782E-2,-2.51753E-2,-2.31978E-2,-2.40455E-2,-2.09424E-2,-2.19256E-2,-2.18074E-2,-2.14823E-2,-2.03156E-2,-2.00160E-2,-1.99051E-2,-1.91631E-2,-1.98283E-2,-1.64942E-2,-1.56719E-2,-1.59559E-2,-1.64750E-2,-1.48204E-2,-1.30029E-2,-1.29957E-2,-1.07332E-2,-1.11452E-2,-1.20170E-2,-1.17425E-2,-1.07850E-2,-9.06844E-3,-1.32517E-2,-1.04616E-2,-8.90925E-3,-1.15944E-2,-1.34892E-2,-1.13320E-2,-1.15778E-2,-1.09150E-2,-1.09570E-2,-1.30220E-2,-1.22876E-2,-1.26990E-2,-1.56027E-2,-1.30848E-2,-1.27490E-2,-1.24750E-2,-8.74636E-3,-1.25067E-2,-1.41082E-2,-1.02957E-2,-1.12832E-2,-1.11508E-2,-9.65585E-3,-1.31968E-2,-1.20472E-2
1.60315E+3,NaN,-1.28242E-3,-2.78056E-4,6.32969E-4,1.37080E-3,-5.93517E-5,3.88129E-4,-1.66094E-3,-6.07151E-4,-1.35439E-3,-1.55061E-3,-1.05031E-3,6.43148E-4,1.88150E-3,-1.61397E-3,3.60080E-3,-1.24072E-3,-1.99489E-3,-2.65425E-3,2.02216E-3,-1.46193E-3,-1.71434E-3,-6.25956E-4,1.37034E-3,3.10163E-4,-7.80093E-4,-2.20519E-4,1.28136E-3,-1.17934E-3,-2.64764E-3,-5.42062E-3,7.96246E-4,-1.41045E-3,-7.52609E-4,-3.30094E-3,-1.63849E-3,-2.63026E-3,-1.07783E-3,-2.10015E-3,-1.02562E-3,-3.04771E-3,1.00319E-3,-3.88385E-3,8.12131E-3,4.49450E-2,8.37706E-2,2.35606E-2,-2.23020E-1,-3.21539E-1,-2.27596E-1,-3.44935E-2,1.22406E-2,-3.34116E-2,-4.04701E-2,-4.07406E-2,-3.46071E-2,-3.62231E-2,-3.98160E-2,-3.75435E-2,-3.77905E-2,-3.73929E-2,-3.69778E-2,-3.33897E-2,-3.50799E-2,-3.37603E-2,-3.53012E-2,-3.42589E-2,-3.69277E-2,-3.38754E-2,-3.62755E-2,-3.18278E-2,-2.88754E-2,-3.04836E-2,-2.78494E-2,-3.00595E-2,-2.63414E-2,-2.71110E-2,-2.46138E-2,-2.64608E-2,-2.76786E-2,-2.76929E-2,-2.58997E-2,-2.39717E-2,-2.22408E-2,-2.46131E-2,-2.51691E-2,-2.50755E-2,-2.56678E-2,-2.60497E-2,-2.46257E-2,-2.28054E-2,-2.14097E-2,-2.32111E-2,-2.28173E-2,-2.13487E-2,-2.22846E-2,-2.11996E-2,-1.87110E-2,-2.08641E-2,-1.62396E-2,-1.53407E-2,-1.59315E-2,-1.68195E-2,-1.63561E-2,-1.49654E-2,-1.51603E-2,-1.16046E-2,-1.33237E-2,-1.31096E-2,-1.20761E-2,-1.16742E-2,-1.19897E-2,-1.27514E-2,-8.06238E-3,-1.11039E-2,-1.20653E-2,-1.36158E-2,-1.31013E-2,-1.31006E-2,-1.32645E-2,-1.23916E-2,-1.31859E-2,-1.49511E-2,-1.29448E-2,-1.41418E-2,-1.38798E-2,-1.13013E-2,-1.16673E-2,-8.49554E-3,-1.17233E-2,-1.39765E-2,-7.98200E-3,-1.17139E-2,-1.16030E-2,-1.05776E-2,-1.15847E-2,-1.25723E-2
1.60668E+3,NaN,-1.51007E-3,-1.02448E-3,4.91716E-4,1.79197E-3,8.38375E-4,2.92773E-4,-1.50543E-3,-1.02175E-3,-7.42674E-4,-1.57599E-3,-1.50616E-3,7.85644E-4,-1.24626E-4,-6.26084E-5,-1.83313E-3,-6.62072E-4,-6.11828E-4,-1.25305E-3,1.33088E-3,-1.51380E-3,-1.62944E-3,-7.06994E-4,1.06514E-4,6.10043E-4,3.09212E-5,7.75430E-5,1.27677E-3,-1.98001E-3,1.25543E-4,-1.60761E-3,5.68878E-4,-1.10462E-3,-2.71013E-4,-1.22454E-3,-2.64484E-4,-9.65337E-4,3.10560E-5,-8.84440E-4,-8.20804E-4,-8.48974E-4,-7.22933E-4,-2.44763E-3,9.91631E-3,4.77289E-2,8.80796E-2,1.80412E-2,-2.21137E-1,-3.13330E-1,-2.27926E-1,-4.66394E-2,6.18162E-3,-3.36525E-2,-4.68831E-2,-4.53068E-2,-3.70735E-2,-4.14539E-2,-4.30829E-2,-4.24299E-2,-4.27030E-2,-4.05933E-2,-4.00451E-2,-3.84340E-2,-4.07471E-2,-3.86463E-2,-3.82170E-2,-3.70196E-2,-4.08581E-2,-3.71538E-2,-3.57194E-2,-3.27968E-2,-3.36770E-2,-3.50869E-2,-3.33066E-2,-3.35740E-2,-3.20361E-2,-3.16579E-2,-2.75505E-2,-2.86683E-2,-3.04252E-2,-2.99798E-2,-3.06477E-2,-2.71080E-2,-2.56630E-2,-3.09713E-2,-2.95129E-2,-2.80163E-2,-2.74277E-2,-2.61007E-2,-2.75301E-2,-2.68858E-2,-2.42955E-2,-2.53502E-2,-2.54757E-2,-2.36811E-2,-2.23424E-2,-2.31708E-2,-1.85449E-2,-2.12236E-2,-1.65475E-2,-1.77629E-2,-1.91830E-2,-1.72943E-2,-1.52539E-2,-1.50792E-2,-1.63665E-2,-1.03055E-2,-1.17869E-2,-1.49220E-2,-1.28145E-2,-1.24058E-2,-1.02515E-2,-1.42597E-2,-1.05150E-2,-1.07252E-2,-1.31461E-2,-1.74859E-2,-1.36756E-2,-1.28334E-2,-1.28670E-2,-1.34342E-2,-1.46077E-2,-1.45651E-2,-1.32090E-2,-1.54722E-2,-1.65560E-2,-1.11395E-2,-1.17482E-2,-8.24685E-3,-1.23166E-2,-1.70975E-2,-1.28270E-2,-1.05241E-2,-1.11041E-2,-1.23538E-2,-1.30241E-2,-1.33370E-2
1.61021E+3,NaN,-1.19868E-3,1.50260E-4,-1.03296E-3,1.20788E-3,5.38911E-4,1.81542E-4,-4.27307E-4,1.28004E-3,1.42745E-4,-1.65715E-3,-1.53111E-3,-2.43562E-4,-4.70297E-4,8.81471E-4,7.26176E-4,-1.75804E-3,-2.32322E-3,-1.33725E-3,-4.39745E-4,-4.63653E-4,-1.51388E-3,9.22010E-4,1.06738E-3,3.18360E-3,-1.84022E-4,-1.51813E-3,-5.20527E-4,-2.06317E-5,-1.67604E-3,-2.20891E-3,-1.20361E-4,-2.36647E-3,-2.42709E-3,-1.97853E-3,-1.00780E-3,-6.60724E-4,-4.26258E-4,1.83663E-3,9.21369E-5,-1.15781E-3,9.85625E-4,-1.18810E-3,9.60582E-3,4.99736E-2,8.80320E-2,2.48935E-3,-2.27939E-1,-3.16115E-1,-2.26434E-1,-5.52804E-2,-1.53673E-4,-3.43756E-2,-4.75949E-2,-4.52440E-2,-4.05797E-2,-4.17824E-2,-4.32480E-2,-4.24073E-2,-4.16434E-2,-4.15928E-2,-4.12176E-2,-3.91453E-2,-4.04035E-2,-3.90735E-2,-4.01842E-2,-4.07392E-2,-4.17311E-2,-3.91391E-2,-3.75742E-2,-3.64174E-2,-3.40069E-2,-3.55697E-2,-3.35889E-2,-3.45346E-2,-3.34234E-2,-3.19318E-2,-2.92074E-2,-2.98225E-2,-3.13098E-2,-3.12344E-2,-3.20253E-2,-2.76857E-2,-2.85688E-2,-3.07414E-2,-2.96074E-2,-2.98311E-2,-2.94119E-2,-2.93015E-2,-2.62726E-2,-2.50994E-2,-2.52517E-2,-2.46166E-2,-2.45590E-2,-2.22491E-2,-2.42471E-2,-2.48235E-2,-2.23243E-2,-2.21976E-2,-2.08200E-2,-1.86515E-2,-1.91696E-2,-1.76001E-2,-1.63495E-2,-1.56378E-2,-1.61236E-2,-1.33622E-2,-1.53311E-2,-1.56813E-2,-1.27612E-2,-1.30621E-2,-1.09385E-2,-1.50636E-2,-9.43569E-3,-1.37538E-2,-1.40959E-2,-1.46092E-2,-1.32161E-2,-1.52945E-2,-1.24240E-2,-1.38313E-2,-1.36797E-2,-1.36326E-2,-1.61319E-2,-1.51178E-2,-1.57324E-2,-1.17675E-2,-1.56012E-2,-1.22389E-2,-1.59883E-2,-1.56494E-2,-1.24882E-2,-1.32961E-2,-1.35265E-2,-1.27850E-2,-1.42064E-2,-1.40077E-2
1.61374E+3,NaN,-1.53046E-3,-1.64499E-3,1.88772E-3,2.61205E-3,-4.21538E-4,5.79326E-4,-5.19937E-4,-4.77715E-4,-2.01452E-3,-1.92578E-4,1.47519E-3,1.73434E-3,-7.10873E-4,-7.03134E-4,1.22272E-4,-3.23504E-4,-1.85489E-3,-8.05469E-4,-2.32143E-5,-1.24593E-3,-2.05735E-4,-4.90581E-4,2.93586E-4,1.16143E-4,-7.70826E-4,8.24242E-4,1.60791E-3,-1.16730E-3,-1.83198E-3,1.38547E-3,2.01038E-3,-8.89640E-4,-2.13428E-3,-1.05979E-3,-4.11516E-4,-6.54513E-4,-7.11633E-4,-9.24247E-4,-1.12124E-3,-3.89293E-4,2.10104E-3,-9.26365E-4,8.89596E-3,5.53726E-2,9.63623E-2,-6.10509E-3,-2.26705E-1,-3.09975E-1,-2.15703E-1,-5.83635E-2,-7.16393E-3,-3.48899E-2,-5.07515E-2,-4.84431E-2,-4.24275E-2,-4.19863E-2,-4.39630E-2,-4.52438E-2,-4.49351E-2,-4.42054E-2,-4.38979E-2,-4.33772E-2,-4.29967E-2,-4.19860E-2,-4.07657E-2,-3.94791E-2,-4.19149E-2,-4.22388E-2,-3.86781E-2,-3.71742E-2,-3.69537E-2,-3.77091E-2,-3.59944E-2,-3.56339E-2,-3.59308E-2,-3.52942E-2,-3.29744E-2,-3.21626E-2,-3.23067E-2,-3.20770E-2,-3.18577E-2,-2.85581E-2,-2.90164E-2,-3.10572E-2,-3.08434E-2,-3.05655E-2,-2.95294E-2,-2.82439E-2,-2.80670E-2,-2.69320E-2,-2.63168E-2,-2.61047E-2,-2.70812E-2,-2.61856E-2,-2.57523E-2,-2.46075E-2,-2.09715E-2,-2.43805E-2,-1.99523E-2,-1.77292E-2,-1.83024E-2,-1.64554E-2,-1.66850E-2,-1.73462E-2,-1.82439E-2,-1.15949E-2,-1.48346E-2,-1.34877E-2,-1.30926E-2,-1.56895E-2,-1.22813E-2,-1.36187E-2,-1.30732E-2,-1.37881E-2,-1.19629E-2,-1.55389E-2,-1.66497E-2,-1.39556E-2,-1.40911E-2,-1.27828E-2,-1.55539E-2,-1.43824E-2,-1.44482E-2,-1.74586E-2,-1.44811E-2,-1.08192E-2,-1.42474E-2,-1.04773E-2,-1.54528E-2,-1.35689E-2,-1.29557E-2,-1.18111E-2,-1.28444E-2,-1.33543E-2,-1.40970E-2,-1.38796E-2
1.61727E+3,NaN,7.20046E-4,-4.54656E-4,1.40085E-3,-8.44758E-4,9.68039E-4,-9.50581E-4,-1.63299E-3,3.21792E-4,-8.57372E-4,1.16637E-3,2.31318E-3,1.40236E-3,-2.58927E-4,5.95615E-4,1.77424E-3,4.47955E-4,-1.29673E-4,5.53837E-4,5.82494E-4,1.51007E-3,1.45587E-3,2.89414E-4,9.27291E-4,2.90000E-4,-1.31430E-3,6.29350E-4,6.14682E-4,-6.39514E-4,-9.96428E-4,1.58210E-3,1.66499E-3,-1.10092E-4,1.69532E-3,1.04562E-3,-9.18010E-5,2.52868E-4,1.43004E-3,2.35658E-3,9.32166E-4,5.76700E-4,4.57789E-4,-3.12544E-3,8.53807E-3,5.44238E-2,9.33505E-2,-2.15253E-2,-2.21334E-1,-2.93741E-1,-1.96081E-1,-5.20434E-2,-9.33400E-3,-3.22394E-2,-4.45082E-2,-4.31224E-2,-4.10362E-2,-4.25384E-2,-4.41998E-2,-4.31993E-2,-4.20683E-2,-4.03364E-2,-3.95013E-2,-4.19843E-2,-4.07456E-2,-3.90547E-2,-3.92030E-2,-3.74864E-2,-3.70940E-2,-3.73322E-2,-3.57236E-2,-3.32457E-2,-3.22133E-2,-3.31605E-2,-3.42595E-2,-3.36215E-2,-3.20645E-2,-3.02683E-2,-2.86361E-2,-2.95050E-2,-3.08156E-2,-3.05044E-2,-2.83641E-2,-2.79302E-2,-2.80881E-2,-2.66807E-2,-2.83663E-2,-2.97184E-2,-2.66217E-2,-2.54573E-2,-2.66309E-2,-2.57124E-2,-2.46700E-2,-2.44054E-2,-2.45486E-2,-2.37474E-2,-2.37449E-2,-2.41696E-2,-2.06511E-2,-2.16176E-2,-1.57914E-2,-1.68242E-2,-1.88508E-2,-1.64580E-2,-1.64881E-2,-1.46735E-2,-1.40751E-2,-1.29692E-2,-1.46201E-2,-1.29168E-2,-1.29074E-2,-1.29319E-2,-1.25413E-2,-1.48995E-2,-1.07790E-2,-9.81426E-3,-1.29263E-2,-1.70300E-2,-1.35580E-2,-1.50375E-2,-1.26949E-2,-1.64761E-2,-1.25574E-2,-1.24791E-2,-1.53823E-2,-1.41759E-2,-1.41435E-2,-1.48065E-2,-1.23701E-2,-1.31681E-2,-1.38860E-2,-1.19112E-2,-1.42990E-2,-1.15381E-2,-1.23238E-2,-1.20130E-2,-1.19150E-2,-1.23834E-2
1.62080E+3,NaN,-4.47180E-4,4.64499E-4,-1.17086E-3,-6.83989E-4,1.60021E-3,1.39465E-3,-8.05418E-4,-2.51642E-3,-2.55710E-3,-2.13954E-3,-1.19100E-3,1.34687E-4,4.43229E-4,1.37237E-3,1.84407E-3,4.05208E-4,-1.33295E-3,-1.64769E-3,-2.02775E-3,-8.17842E-4,-1.44353E-3,-1.61014E-4,1.96113E-3,1.19489E-3,-6.25022E-4,-9.37699E-4,-9.41130E-4,2.38277E-4,-9.71903E-4,3.82294E-5,1.28992E-4,-2.24802E-3,-1.23917E-3,-2.48765E-3,-7.28201E-4,-1.66730E-3,-4.93119E-4,1.32361E-3,-7.19155E-4,-1.38464E-3,5.27221E-4,-2.84818E-3,6.39845E-3,5.76576E-2,1.04329E-1,-2.89548E-2,-2.30842E-1,-3.03684E-1,-1.96814E-1,-5.42457E-2,-1.69439E-2,-3.70296E-2,-4.87155E-2,-4.69938E-2,-4.57635E-2,-4.54579E-2,-4.62330E-2,-4.54006E-2,-4.41627E-2,-4.34057E-2,-4.36941E-2,-4.33209E-2,-4.24750E-2,-4.22143E-2,-4.12163E-2,-3.97701E-2,-4.26655E-2,-4.06549E-2,-3.60643E-2,-3.49450E-2,-3.54551E-2,-3.45572E-2,-3.48652E-2,-3.40742E-2,-3.41838E-2,-3.37439E-2,-3.16994E-2,-3.23304E-2,-3.19195E-2,-3.23946E-2,-2.96083E-2,-2.73488E-2,-2.78185E-2,-2.80876E-2,-2.81808E-2,-2.80642E-2,-2.71484E-2,-2.72598E-2,-2.73984E-2,-2.64895E-2,-2.55608E-2,-2.71680E-2,-2.81085E-2,-2.46131E-2,-2.39904E-2,-2.24980E-2,-2.16538E-2,-2.24224E-2,-1.83371E-2,-1.54465E-2,-1.79391E-2,-1.90618E-2,-1.73598E-2,-1.24797E-2,-1.47671E-2,-1.36249E-2,-1.28804E-2,-1.65823E-2,-1.44485E-2,-1.36803E-2,-1.21865E-2,-1.41042E-2,-7.72014E-3,-1.06270E-2,-1.34874E-2,-1.52292E-2,-1.25012E-2,-1.27418E-2,-1.28343E-2,-1.48691E-2,-1.45978E-2,-1.14827E-2,-1.11946E-2,-1.24808E-2,-1.48539E-2,-1.23335E-2,-1.41013E-2,-1.46627E-2,-1.33356E-2,-1.40072E-2,-1.12892E-2,-1.30746E-2,-1.25368E-2,-1.04658E-2,-1.34751E-2,-1.36389E-2
1.62434E+3,NaN,-4.11394E-4,2.01267E-2,3.47937E-2,-1.11084E-1,4.05856E-2,-9.67621E-2,-2.03512E-1,-1.13042E-1,-1.54287E-1,-7.87847E-2,-9.47510E-2,-5.92628E-2,-7.55008E-2,-7.59668E-2,-1.85881E-2,-1.27760E-1,-1.75419E-1,-1.99629E-1,-1.24557E-1,-9.37740E-2,-2.04633E-1,-2.62272E-1,-2.36657E-1,-1.86565E-1,-1.28799E-1,-1.77659E-1,-1.81610E-1,-9.69313E-2,-1.53249E-1,-2.45949E-1,-1.93746E-1,-1.28983E-1,-1.46315E-1,-7.20032E-2,-1.38680E-1,-2.16937E-1,-2.03021E-1,-2.37506E-1,-2.78543E-1,-2.84494E-1,-2.02530E-1,-1.62238E-1,-1.81726E-1,-2.66455E-1,-2.43094E-1,-2.72433E-1,-2.60499E-1,-2.56279E-1,-2.65990E-1,-2.25374E-1,-3.35903E-1,-2.06217E-1,-2.76149E-1,-2.00291E-1,-3.27435E-1,-2.08303E-1,-2.24308E-1,-2.16253E-1,-1.38703E-1,-1.63822E-1,-1.63053E-1,-1.03847E-1,-1.15884E-1,4.05117E-2,-7.55388E-2,-1.90668E-1,-1.46054E-1,-1.63823E-1,-2.04935E-1,-1.76313E-1,-1.87904E-1,-2.24603E-1,-1.37925E-1,-1.87211E-1,-2.38064E-1,-6.03422E-2,-2.56729E-1,-1.61493E-1,-1.50018E-1,-2.23079E-2,-2.77666E-3,-7.15324E-2,-9.40157E-2,-2.51141E-2,-1.08383E-1,-1.57620E-1,-1.00945E-2,-4.86129E-2,-1.68870E-1,-1.31767E-1,-1.67607E-1,-1.19330E-1,-1.51775E-1,-1.41889E-1,-1.29520E-1,-2.21893E-1,-1.59229E-1,-1.80008E-1,-2.01738E-1,-1.27203E-1,-1.13939E-1,-1.39108E-1,-1.06407E-1,-1.48677E-1,-6.95072E-2,-1.77372E-1,-1.89762E-1,-1.51932E-1,-2.87275E-1,-2.91129E-1,-3.21263E-1,-2.79480E-1,-2.36878E-1,-2.38172E-1,-2.48283E-1,-2.25801E-1,-2.82034E-1,-1.96344E-1,-3.56564E-1,-1.38757E-1,-2.72976E-1,-2.12258E-1,-2.33580E-1,-1.68572E-1,-2.00576E-1,-2.29946E-1,-1.33164E-1,-2.11377E-1,-3.17634E-1,-2.71263E-1,-2.16407E-1,-3.98356E-1,-3.88692E-1,-1.75624E-1,-3.32831E-1,-3.18233E-1
1.62787E+3,NaN,-3.90782E-2,-2.46891E-2,-2.70615E-2,1.18138E-1,-6.34658E-3,4.35747E-2,6.97510E-3,8.95433E-2,9.06227E-2,-3.14343E-2,4.98118E-2,-2.16900E-2,-3.72239E-2,3.72494E-2,-1.29831E-2,4.40124E-2,1.51972E-1,5.72622E-2,4.12172E-2,6.26741E-2,1.38388E-1,1.52632E-1,1.25887E-1,6.66105E-2,1.30353E-1,1.12738E-1,1.16276E-1,1.44629E-1,9.89400E-2,2.12342E-1,6.26709E-2,8.67381E-2,1.01331E-1,8.23884E-2,3.38931E-2,-2.58527E-2,-7.26113E-2,1.06281E-1,8.36358E-2,1.79630E-1,1.22714E-1,1.02512E-1,1.30024E-1,1.37223E-1,-4.32822E-2,1.60287E-1,1.81394E-1,1.59589E-1,1.48430E-1,1.32382E-1,2.00324E-1,1.19203E-1,2.07701E-1,9.17306E-2,9.73930E-2,7.16551E-2,1.24073E-2,6.38625E-2,-1.09834E-4,6.47477E-2,9.34722E-2,6.38444E-2,1.86954E-2,-1.40295E-1,-2.41343E-2,-2.32580E-2,5.45576E-2,1.69451E-1,6.90220E-2,1.06797E-1,-8.48421E-3,1.56096E-1,8.10319E-2,9.59244E-2,1.08512E-1,6.45023E-2,1.10164E-1,-2.34806E-3,-2.86627E-2,-9.24940E-2,-5.06310E-2,1.78708E-2,8.27223E-2,-3.73898E-2,6.00260E-2,-1.23755E-2,1.87018E-2,9.53222E-2,9.32355E-2,3.74714E-2,8.25583E-2,1.34051E-1,1.06005E-1,2.86402E-2,3.31665E-4,1.83434E-1,1.06328E-1,1.08608E-1,5.37786E-2,-2.40238E-2,1.14741E-1,1.02062E-1,-1.18425E-3,8.03131E-2,4.76626E-2,9.95555E-2,2.12430E-1,1.85609E-1,1.33103E-1,1.69283E-1,1.67595E-1,5.22149E-2,1.61225E-1,2.26615E-1,2.12237E-1,1.26663E-1,1.55805E-1,2.11894E-1,1.56244E-1,1.05068E-1,1.04990E-1,2.09047E-1,1.19109E-1,1.57411E-1,1.43296E-1,1.70788E-1,1.97279E-1,9.05377E-2,2.23651E-1,7.78045E-2,1.50658E-1,2.69257E-1,3.59758E-1,1.30776E-1,2.60575E-1,1.90085E-1
1.63140E+3,2.11747E-2,-8.54903E-2,8.37974E-4,-7.67207E-3,-4.66589E-2,-3.98789E-2,1.57687E-1,8.50025E-2,1.09841E-1,1.85760E-1,7.20601E-2,1.49005E-2,7.41970E-2,-2.29196E-2,-5.27619E-2,8.13482E-3,9.05367E-2,5.70463E-2,1.22525E-1,6.23656E-2,8.97291E-2,1.01422E-1,1.60627E-1,6.10464E-3,1.19961E-1,8.02865E-2,1.65357E-1,6.34973E-2,-3.29642E-2,2.74279E-2,1.01300E-1,1.10150E-1,6.63294E-2,1.00090E-1,1.66758E-1,8.54845E-3,1.36986E-1,6.66724E-2,1.28687E-1,7.71270E-3,1.32019E-1,1.91234E-1,1.41134E-1,1.08732E-1,9.46510E-2,1.56272E-1,1.26912E-1,7.66708E-2,1.33579E-1,8.93854E-2,2.05825E-1,2.02824E-1,1.05438E-1,8.92738E-2,1.47102E-1,7.72975E-2,2.94517E-2,1.94847E-1,7.18572E-2,3.13633E-2,8.36064E-3,1.40146E-2,-6.84634E-2,5.40422E-2,6.33839E-2,3.20458E-2,1.22027E-1,9.40910E-2,1.32980E-1,3.13471E-2,7.10754E-2,5.52903E-2,9.87069E-2,8.80542E-2,4.13496E-2,-1.16580E-2,-4.10567E-2,1.19678E-1,1.19881E-1,1.39459E-2,-7.88110E-3,3.89981E-2,1.57685E-1,9.30719E-3,1.81937E-2,3.36270E-2,8.81695E-2,9.47011E-2,-2.83286E-2,1.45645E-1,8.86428E-2,4.47419E-2,5.03653E-2,5.38365E-2,1.07421E-1,6.13272E-2,1.66714E-1,7.94922E-2,-6.76044E-3,3.14531E-2,1.37903E-2,1.08577E-1,5.69078E-2,4.09898E-2,1.17653E-2,1.83357E-1,4.30323E-2,7.50114E-2,1.46297E-1,1.05989E-1,2.13307E-1,1.17359E-1,1.94429E-2,1.61016E-1,1.05023E-1,1.18178E-1,1.95456E-2,1.54248E-1,2.82493E-1,2.28362E-1,1.23830E-1,4.51402E-2,-2.68801E-2,1.45505E-1,8.91946E-2,1.59984E-1,8.90564E-2,1.18005E-1,1.10408E-1,1.38423E-1,1.18710E-1,1.27944E-1,1.21647E-1,3.25090E-1,1.72751E-1,1.80516E-1,NaN
file info:Date: December 18, 2025
Sample: 
Solvent: 
Pump energy (uJ): 
Pump wavelength (nm): 
Cuvette length (mm): 2
Comments: Time Zero: 67.480 ps
Averaging time: 1.5 s
Number of scans: 3
Measurement time: 00:14:36
Dec 24, 2025 9:39 PM : Background subtracted. Spectra used: 7
Dec 24, 2025 9:42 PM : Chirp corrected
Dec 24, 2025 9:42 PM : Data saved.
Jan 9, 2026 5:47 PM : Data saved.
Time units: ps
Z axis title: dA