0.00000E+0,-2.18870E+0,-2.08870E+0,-1.98870E+0,-1.88870E+0,-1.78870E+0,-1.68870E+0,-1.58870E+0,-1.48870E+0,-1.38870E+0,-1.28870E+0,-1.18870E+0,-1.15370E+0,-1.11870E+0,-1.08370E+0,-1.04870E+0,-1.01370E+0,-9.78704E-1,-9.43704E-1,-9.08704E-1,-8.73704E-1,-8.38704E-1,-8.03704E-1,-7.68704E-1,-7.33704E-1,-6.98704E-1,-6.63704E-1,-6.28704E-1,-5.93704E-1,-5.58704E-1,-5.23704E-1,-4.88704E-1,-4.53704E-1,-4.18704E-1,-3.83704E-1,-3.48704E-1,-3.13704E-1,-2.78704E-1,-2.43704E-1,-2.08704E-1,-1.73704E-1,-1.38704E-1,-1.03704E-1,-6.87045E-2,-3.37045E-2,1.29551E-3,3.62955E-2,7.12955E-2,1.06296E-1,1.41296E-1,1.76296E-1,2.11296E-1,2.46296E-1,2.81296E-1,3.16296E-1,3.51296E-1,3.86296E-1,4.21296E-1,4.56296E-1,4.91296E-1,5.26296E-1,5.61296E-1,5.96296E-1,6.31296E-1,6.66296E-1,7.01296E-1,7.36296E-1,7.71296E-1,8.06296E-1,8.41296E-1,8.76296E-1,9.11296E-1,9.46296E-1,9.81296E-1,1.01630E+0,1.05130E+0,1.08630E+0,1.12130E+0,1.15630E+0,1.19130E+0,1.22630E+0,1.26130E+0,1.29630E+0,1.33130E+0,1.36630E+0,1.40130E+0,1.43630E+0,1.47130E+0,1.50630E+0,1.54130E+0,1.57630E+0,1.61130E+0,1.64630E+0,1.68130E+0,1.71630E+0,1.75130E+0,1.78630E+0,1.93630E+0,2.08630E+0,2.23630E+0,2.38630E+0,2.53630E+0,2.68630E+0,2.83630E+0,2.98630E+0,3.13630E+0,3.28630E+0,3.43630E+0,3.58630E+0,3.73630E+0,3.88630E+0,4.03630E+0,4.18630E+0,4.33630E+0,4.48630E+0,4.63630E+0,4.78630E+0,6.78630E+0,8.78630E+0,1.07863E+1,1.27863E+1,1.47863E+1,1.67863E+1,1.87863E+1,2.07863E+1,2.27863E+1,2.47863E+1,2.67863E+1,2.87863E+1,3.07863E+1,3.27863E+1,3.47863E+1,3.67863E+1,3.87863E+1,4.07863E+1,4.27863E+1,4.47863E+1,4.67863E+1
7.49570E+2,NaN,NaN,NaN,NaN,NaN,NaN,NaN,NaN,NaN,NaN,NaN,NaN,NaN,NaN,NaN,NaN,NaN,NaN,NaN,NaN,NaN,NaN,NaN,NaN,NaN,NaN,NaN,NaN,NaN,NaN,NaN,NaN,NaN,NaN,NaN,NaN,NaN,NaN,NaN,NaN,NaN,NaN,NaN,NaN,NaN,NaN,NaN,NaN,NaN,NaN,NaN,NaN,NaN,NaN,NaN,NaN,NaN,NaN,NaN,NaN,NaN,NaN,NaN,NaN,NaN,NaN,NaN,NaN,NaN,NaN,NaN,NaN,NaN,NaN,NaN,NaN,NaN,NaN,NaN,NaN,NaN,NaN,NaN,NaN,NaN,NaN,NaN,NaN,NaN,NaN,NaN,NaN,NaN,NaN,NaN,NaN,NaN,NaN,NaN,-8.32793E-2,-7.21071E-2,5.69567E-2,1.45839E-1,-1.32144E-1,-1.60366E-1,-2.36944E-1,8.31746E-2,2.93252E-2,-1.00534E-1,-2.12041E-1,3.70120E-1,4.75101E-1,2.47510E-1,2.80227E-1,1.00296E-2,1.75168E-1,-3.25312E-1,6.28382E-2,-2.19089E-1,-1.04524E-1,-4.10623E-2,-3.05961E-1,-3.32159E-1,2.64906E-2,-9.47819E-2,-2.24958E-1,-5.19219E-2,-4.38095E-1,-4.97631E-1,-7.42554E-1,-6.73988E-1,-4.55638E-1,-2.34704E-1,-3.67282E-1,-4.15363E-1,-3.56479E-1,-1.95492E-1
7.52953E+2,NaN,NaN,NaN,NaN,NaN,NaN,NaN,NaN,NaN,NaN,NaN,NaN,NaN,NaN,NaN,NaN,NaN,NaN,NaN,NaN,NaN,NaN,NaN,NaN,NaN,NaN,NaN,NaN,NaN,NaN,NaN,NaN,NaN,NaN,NaN,NaN,NaN,NaN,NaN,NaN,NaN,NaN,NaN,NaN,NaN,NaN,NaN,NaN,NaN,NaN,NaN,NaN,NaN,NaN,NaN,NaN,NaN,NaN,NaN,NaN,NaN,NaN,NaN,NaN,NaN,NaN,NaN,NaN,NaN,NaN,NaN,NaN,NaN,NaN,NaN,NaN,NaN,NaN,NaN,NaN,NaN,NaN,NaN,NaN,NaN,NaN,NaN,NaN,NaN,NaN,NaN,NaN,NaN,NaN,NaN,NaN,NaN,NaN,NaN,3.18805E-2,6.50615E-2,-5.68058E-2,3.70271E-2,-4.89739E-2,2.56604E-2,1.90055E-2,6.46559E-3,6.26395E-2,1.20682E-2,1.58382E-1,8.16687E-2,1.22841E-1,1.04919E-1,1.05081E-1,5.94045E-2,2.13824E-2,-1.12979E-2,7.87992E-2,-1.56930E-1,-1.33340E-1,-3.62444E-2,-3.65055E-2,-8.61043E-2,7.93623E-3,-1.87036E-2,-3.04244E-3,-4.09535E-2,-5.56768E-2,-1.62523E-1,-2.23006E-1,-2.62305E-1,-1.98583E-1,-7.45105E-2,-6.78190E-2,-7.05853E-2,-1.32434E-1,-1.04099E-1
7.56337E+2,NaN,NaN,NaN,NaN,NaN,NaN,NaN,NaN,NaN,NaN,NaN,NaN,NaN,NaN,NaN,NaN,NaN,NaN,NaN,NaN,NaN,NaN,NaN,NaN,NaN,NaN,NaN,NaN,NaN,NaN,NaN,NaN,NaN,NaN,NaN,NaN,NaN,NaN,NaN,NaN,NaN,NaN,NaN,NaN,NaN,NaN,NaN,NaN,NaN,NaN,NaN,NaN,NaN,NaN,NaN,NaN,NaN,NaN,NaN,NaN,NaN,NaN,NaN,NaN,NaN,NaN,NaN,NaN,NaN,NaN,NaN,NaN,NaN,NaN,NaN,NaN,NaN,NaN,NaN,NaN,NaN,NaN,NaN,NaN,NaN,NaN,NaN,NaN,NaN,NaN,NaN,NaN,NaN,NaN,NaN,NaN,NaN,NaN,-8.96062E-2,-3.93648E-3,5.44198E-2,-4.94202E-2,5.69102E-2,2.16564E-2,4.44481E-2,5.33066E-2,2.38085E-1,7.98730E-2,-1.18234E-2,1.97189E-1,5.39142E-2,1.44166E-1,1.91588E-1,9.35849E-2,8.82296E-2,-2.34159E-2,-8.18500E-2,1.61328E-1,-9.24318E-3,-1.18462E-1,-9.64194E-3,-2.74548E-2,3.86651E-2,5.17152E-2,1.76707E-2,-9.01230E-2,-7.82644E-2,-1.28833E-1,-1.27065E-1,-1.26920E-1,-1.74978E-2,-5.15373E-3,-1.27567E-1,-5.35636E-2,-6.25399E-2,-1.36324E-1,1.87076E-2
7.59722E+2,NaN,NaN,NaN,NaN,NaN,NaN,NaN,NaN,NaN,NaN,NaN,NaN,NaN,NaN,NaN,NaN,NaN,NaN,NaN,NaN,NaN,NaN,NaN,NaN,NaN,NaN,NaN,NaN,NaN,NaN,NaN,NaN,NaN,NaN,NaN,NaN,NaN,NaN,NaN,NaN,NaN,NaN,NaN,NaN,NaN,NaN,NaN,NaN,NaN,NaN,NaN,NaN,NaN,NaN,NaN,NaN,NaN,NaN,NaN,NaN,NaN,NaN,NaN,NaN,NaN,NaN,NaN,NaN,NaN,NaN,NaN,NaN,NaN,NaN,NaN,NaN,NaN,NaN,NaN,NaN,NaN,NaN,NaN,NaN,NaN,NaN,NaN,NaN,NaN,NaN,NaN,NaN,NaN,NaN,NaN,NaN,NaN,NaN,2.92603E-2,-1.37518E-2,8.46170E-3,5.04060E-2,-6.54296E-2,5.18755E-2,1.74942E-2,7.66440E-2,5.47596E-2,2.13531E-1,1.99281E-1,2.04522E-1,1.99009E-1,6.62105E-2,1.43919E-1,9.72111E-2,2.13724E-3,1.85437E-1,-8.90248E-2,1.34129E-1,2.98741E-2,6.62563E-2,-2.69358E-2,-3.20923E-2,1.02107E-1,1.53645E-2,8.17005E-2,3.84197E-3,4.93788E-2,-1.82894E-1,-5.26948E-2,-3.02306E-1,-6.13059E-2,-3.31201E-2,-7.51079E-2,-3.13713E-3,-8.36213E-3,-2.40883E-2,-2.87128E-2
7.63107E+2,NaN,NaN,NaN,NaN,NaN,NaN,NaN,NaN,NaN,NaN,NaN,NaN,NaN,NaN,NaN,NaN,NaN,NaN,NaN,NaN,NaN,NaN,NaN,NaN,NaN,NaN,NaN,NaN,NaN,NaN,NaN,NaN,NaN,NaN,NaN,NaN,NaN,NaN,NaN,NaN,NaN,NaN,NaN,NaN,NaN,NaN,NaN,NaN,NaN,NaN,NaN,NaN,NaN,NaN,NaN,NaN,NaN,NaN,NaN,NaN,NaN,NaN,NaN,NaN,NaN,NaN,NaN,NaN,NaN,NaN,NaN,NaN,NaN,NaN,NaN,NaN,NaN,NaN,NaN,NaN,NaN,NaN,NaN,NaN,NaN,NaN,NaN,NaN,NaN,NaN,NaN,NaN,NaN,NaN,NaN,NaN,NaN,2.39185E-3,-4.11770E-2,-1.14479E-2,7.17675E-2,-4.97846E-2,-5.07066E-3,9.12683E-2,-6.79568E-3,7.30345E-2,5.88180E-2,-4.08624E-2,-1.11675E-1,-1.15176E-1,-1.04802E-1,-2.67809E-2,-1.46461E-2,-4.27111E-2,2.49785E-2,-5.85916E-2,9.78486E-2,4.45109E-2,1.02457E-1,-6.87408E-3,3.29556E-2,9.29604E-2,6.23027E-2,-3.50265E-2,-3.22150E-2,-5.35412E-2,8.10363E-2,9.73989E-2,1.43248E-1,2.48587E-1,1.87097E-1,4.19539E-2,1.30876E-1,4.92070E-2,1.07726E-1,3.79288E-2,4.12337E-2
7.66493E+2,NaN,NaN,NaN,NaN,NaN,NaN,NaN,NaN,NaN,NaN,NaN,NaN,NaN,NaN,NaN,NaN,NaN,NaN,NaN,NaN,NaN,NaN,NaN,NaN,NaN,NaN,NaN,NaN,NaN,NaN,NaN,NaN,NaN,NaN,NaN,NaN,NaN,NaN,NaN,NaN,NaN,NaN,NaN,NaN,NaN,NaN,NaN,NaN,NaN,NaN,NaN,NaN,NaN,NaN,NaN,NaN,NaN,NaN,NaN,NaN,NaN,NaN,NaN,NaN,NaN,NaN,NaN,NaN,NaN,NaN,NaN,NaN,NaN,NaN,NaN,NaN,NaN,NaN,NaN,NaN,NaN,NaN,NaN,NaN,NaN,NaN,NaN,NaN,NaN,NaN,NaN,NaN,NaN,NaN,NaN,NaN,NaN,-8.39238E-2,1.54250E-1,-8.08353E-2,2.74721E-2,-3.00310E-2,-6.70504E-2,-3.69949E-2,6.74165E-2,4.84290E-2,-1.32761E-2,-3.10925E-2,8.69652E-2,1.00442E-1,1.03133E-1,1.12433E-1,9.99243E-2,2.32451E-1,3.06098E-2,1.51763E-1,-1.74591E-2,-1.46994E-2,-7.13455E-2,-6.08513E-2,-5.24222E-2,-2.27206E-1,-6.47134E-2,-2.03828E-2,4.67281E-2,-5.88798E-4,-1.54599E-1,-3.48243E-1,-3.33938E-1,-3.92906E-1,-2.96228E-1,-2.30447E-1,-1.88758E-1,-1.47915E-1,-1.30155E-1,-1.17555E-1,4.23611E-3
7.69879E+2,NaN,NaN,NaN,NaN,NaN,NaN,NaN,NaN,NaN,NaN,NaN,NaN,NaN,NaN,NaN,NaN,NaN,NaN,NaN,NaN,NaN,NaN,NaN,NaN,NaN,NaN,NaN,NaN,NaN,NaN,NaN,NaN,NaN,NaN,NaN,NaN,NaN,NaN,NaN,NaN,NaN,NaN,NaN,NaN,NaN,NaN,NaN,NaN,NaN,NaN,NaN,NaN,NaN,NaN,NaN,NaN,NaN,NaN,NaN,NaN,NaN,NaN,NaN,NaN,NaN,NaN,NaN,NaN,NaN,NaN,NaN,NaN,NaN,NaN,NaN,NaN,NaN,NaN,NaN,NaN,NaN,NaN,NaN,NaN,NaN,NaN,NaN,NaN,NaN,NaN,NaN,NaN,NaN,NaN,NaN,NaN,NaN,-8.55358E-2,1.36131E-1,-1.80511E-1,1.43426E-1,-1.36359E-1,-1.88943E-2,-1.72515E-1,-7.44663E-3,-1.32180E-1,-1.22043E-2,2.60874E-1,4.32245E-2,1.77700E-1,9.97169E-2,1.05100E-1,6.72902E-2,1.33700E-2,9.79577E-2,1.38583E-1,-2.00702E-1,1.51150E-1,-2.32622E-1,-5.27464E-2,-9.55184E-2,-1.85889E-1,-2.47844E-1,1.03235E-1,-2.21597E-2,-1.81133E-2,2.10626E-2,-2.61004E-1,-4.35925E-1,-3.30558E-1,-6.59282E-1,-2.23289E-1,-2.14680E-1,-3.00305E-1,-1.74827E-1,-3.42181E-1,-2.16615E-1
7.73266E+2,NaN,NaN,NaN,NaN,NaN,NaN,NaN,NaN,NaN,NaN,NaN,NaN,NaN,NaN,NaN,NaN,NaN,NaN,NaN,NaN,NaN,NaN,NaN,NaN,NaN,NaN,NaN,NaN,NaN,NaN,NaN,NaN,NaN,NaN,NaN,NaN,NaN,NaN,NaN,NaN,NaN,NaN,NaN,NaN,NaN,NaN,NaN,NaN,NaN,NaN,NaN,NaN,NaN,NaN,NaN,NaN,NaN,NaN,NaN,NaN,NaN,NaN,NaN,NaN,NaN,NaN,NaN,NaN,NaN,NaN,NaN,NaN,NaN,NaN,NaN,NaN,NaN,NaN,NaN,NaN,NaN,NaN,NaN,NaN,NaN,NaN,NaN,NaN,NaN,NaN,NaN,NaN,NaN,NaN,NaN,NaN,-9.93944E-3,1.37641E-2,-1.08358E-2,1.42348E-2,-1.76519E-2,-1.17091E-2,-3.85271E-2,-7.96701E-3,-1.08637E-2,-5.09106E-2,-1.15036E-1,4.61814E-2,2.29285E-3,3.93110E-3,2.57828E-2,-5.95034E-2,-6.27852E-2,-9.31774E-2,3.08956E-2,6.83745E-3,-2.91583E-2,-6.25948E-2,-6.90910E-2,-1.02197E-1,-1.54299E-1,-1.42557E-1,-6.94721E-2,-1.99186E-2,-2.61030E-2,-5.11321E-2,-4.14205E-2,-1.11010E-1,-1.47482E-1,-1.27647E-1,-1.53422E-1,-1.19238E-1,-9.81752E-2,-1.28684E-1,-6.10597E-2,-7.80359E-2,-9.54620E-2
7.76653E+2,NaN,NaN,NaN,NaN,NaN,NaN,NaN,NaN,NaN,NaN,NaN,NaN,NaN,NaN,NaN,NaN,NaN,NaN,NaN,NaN,NaN,NaN,NaN,NaN,NaN,NaN,NaN,NaN,NaN,NaN,NaN,NaN,NaN,NaN,NaN,NaN,NaN,NaN,NaN,NaN,NaN,NaN,NaN,NaN,NaN,NaN,NaN,NaN,NaN,NaN,NaN,NaN,NaN,NaN,NaN,NaN,NaN,NaN,NaN,NaN,NaN,NaN,NaN,NaN,NaN,NaN,NaN,NaN,NaN,NaN,NaN,NaN,NaN,NaN,NaN,NaN,NaN,NaN,NaN,NaN,NaN,NaN,NaN,NaN,NaN,NaN,NaN,NaN,NaN,NaN,NaN,NaN,NaN,NaN,NaN,NaN,-4.64207E-2,3.30127E-2,-1.74909E-2,-1.70792E-2,4.18084E-4,4.17099E-2,-5.29882E-2,9.01783E-2,4.56046E-2,3.55329E-3,5.18829E-2,4.19967E-2,8.60281E-2,7.85170E-2,-3.61008E-2,3.91156E-2,7.22401E-2,8.73827E-2,9.41062E-2,4.29519E-2,2.30949E-2,9.68975E-3,2.62283E-2,-5.67765E-2,5.12690E-2,-4.25072E-2,2.28416E-2,-3.04159E-2,4.32221E-2,-3.01502E-3,5.64720E-3,-5.94903E-2,4.32324E-2,-1.72607E-2,-4.38443E-2,1.37450E-2,1.67873E-2,-4.99634E-3,-1.02486E-2,-6.09991E-2,2.77595E-2
7.80041E+2,NaN,NaN,NaN,NaN,NaN,NaN,NaN,NaN,NaN,NaN,NaN,NaN,NaN,NaN,NaN,NaN,NaN,NaN,NaN,NaN,NaN,NaN,NaN,NaN,NaN,NaN,NaN,NaN,NaN,NaN,NaN,NaN,NaN,NaN,NaN,NaN,NaN,NaN,NaN,NaN,NaN,NaN,NaN,NaN,NaN,NaN,NaN,NaN,NaN,NaN,NaN,NaN,NaN,NaN,NaN,NaN,NaN,NaN,NaN,NaN,NaN,NaN,NaN,NaN,NaN,NaN,NaN,NaN,NaN,NaN,NaN,NaN,NaN,NaN,NaN,NaN,NaN,NaN,NaN,NaN,NaN,NaN,NaN,NaN,NaN,NaN,NaN,NaN,NaN,NaN,NaN,NaN,NaN,NaN,NaN,NaN,-1.10860E-2,-1.02125E-1,5.41714E-2,-4.35352E-2,-5.58792E-2,7.38251E-2,1.66181E-2,5.18560E-2,5.70195E-3,-3.20075E-3,-1.01538E-1,-1.61095E-2,-9.89754E-2,-7.88097E-2,8.90724E-2,-4.53651E-2,-2.97083E-2,1.09274E-2,-1.34900E-1,-1.22652E-2,-8.60235E-2,-2.24856E-3,1.02101E-1,8.46308E-2,2.88436E-2,3.34474E-2,-3.45527E-2,1.58946E-2,2.69881E-3,3.01845E-2,-9.55613E-3,1.02395E-1,1.45825E-1,1.75758E-1,2.08340E-1,1.65036E-1,1.25002E-1,1.34194E-1,2.69935E-2,-2.38252E-2,5.04345E-2
7.83430E+2,NaN,NaN,NaN,NaN,NaN,NaN,NaN,NaN,NaN,NaN,NaN,NaN,NaN,NaN,NaN,NaN,NaN,NaN,NaN,NaN,NaN,NaN,NaN,NaN,NaN,NaN,NaN,NaN,NaN,NaN,NaN,NaN,NaN,NaN,NaN,NaN,NaN,NaN,NaN,NaN,NaN,NaN,NaN,NaN,NaN,NaN,NaN,NaN,NaN,NaN,NaN,NaN,NaN,NaN,NaN,NaN,NaN,NaN,NaN,NaN,NaN,NaN,NaN,NaN,NaN,NaN,NaN,NaN,NaN,NaN,NaN,NaN,NaN,NaN,NaN,NaN,NaN,NaN,NaN,NaN,NaN,NaN,NaN,NaN,NaN,NaN,NaN,NaN,NaN,NaN,NaN,NaN,NaN,NaN,-3.10274E-2,-1.51845E-2,-3.03260E-2,3.72722E-2,-7.63205E-2,1.92242E-2,5.53393E-4,-2.27048E-2,1.82980E-1,2.23016E-1,-3.53536E-2,-3.33688E-2,1.51806E-1,1.31558E-1,1.06181E-1,1.59794E-2,1.40549E-1,2.51555E-2,5.27475E-2,1.01745E-1,2.56333E-2,5.62031E-2,2.11499E-2,-1.60739E-1,-4.91134E-2,1.13485E-2,3.05544E-2,-4.40538E-2,-1.13097E-1,1.51099E-2,-1.39133E-2,-1.06294E-1,1.15872E-2,-2.06780E-1,-1.83246E-1,-3.53135E-1,-1.91525E-1,-1.85191E-1,-1.97554E-1,-4.91403E-2,-1.39246E-1,-1.07593E-1,-1.51436E-1
7.86819E+2,NaN,NaN,NaN,NaN,NaN,NaN,NaN,NaN,NaN,NaN,NaN,NaN,NaN,NaN,NaN,NaN,NaN,NaN,NaN,NaN,NaN,NaN,NaN,NaN,NaN,NaN,NaN,NaN,NaN,NaN,NaN,NaN,NaN,NaN,NaN,NaN,NaN,NaN,NaN,NaN,NaN,NaN,NaN,NaN,NaN,NaN,NaN,NaN,NaN,NaN,NaN,NaN,NaN,NaN,NaN,NaN,NaN,NaN,NaN,NaN,NaN,NaN,NaN,NaN,NaN,NaN,NaN,NaN,NaN,NaN,NaN,NaN,NaN,NaN,NaN,NaN,NaN,NaN,NaN,NaN,NaN,NaN,NaN,NaN,NaN,NaN,NaN,NaN,NaN,NaN,NaN,NaN,NaN,2.86234E-2,1.99765E-2,1.06885E-2,-1.58252E-3,1.85435E-2,-3.10770E-2,6.73604E-2,7.78117E-2,-1.54784E-2,9.91814E-2,4.53389E-2,3.74517E-2,6.02766E-2,-1.98447E-2,-5.35528E-2,-1.01351E-2,-2.56968E-4,5.84445E-2,4.58217E-2,4.85816E-2,-6.58070E-2,9.15095E-2,6.24327E-3,3.77385E-2,3.09635E-2,1.83360E-2,-2.18595E-3,1.02945E-2,8.09116E-2,5.80204E-2,-7.95371E-3,1.97453E-2,-3.30127E-2,1.80780E-2,1.79186E-1,1.79572E-1,2.63547E-1,1.50324E-1,7.97931E-2,1.67088E-1,8.71596E-2,7.97005E-2,1.27066E-1,9.38126E-3
7.90209E+2,NaN,NaN,NaN,NaN,NaN,NaN,NaN,NaN,NaN,NaN,NaN,NaN,NaN,NaN,NaN,NaN,NaN,NaN,NaN,NaN,NaN,NaN,NaN,NaN,NaN,NaN,NaN,NaN,NaN,NaN,NaN,NaN,NaN,NaN,NaN,NaN,NaN,NaN,NaN,NaN,NaN,NaN,NaN,NaN,NaN,NaN,NaN,NaN,NaN,NaN,NaN,NaN,NaN,NaN,NaN,NaN,NaN,NaN,NaN,NaN,NaN,NaN,NaN,NaN,NaN,NaN,NaN,NaN,NaN,NaN,NaN,NaN,NaN,NaN,NaN,NaN,NaN,NaN,NaN,NaN,NaN,NaN,NaN,NaN,NaN,NaN,NaN,NaN,NaN,NaN,NaN,1.32361E-1,9.02717E-2,4.81826E-2,4.95056E-3,-3.93812E-2,-1.44998E-1,6.10049E-2,-4.99143E-2,-5.44055E-2,-1.63652E-2,1.15975E-2,4.43915E-2,1.31688E-1,1.84032E-2,-2.24911E-1,-1.48801E-1,-1.35124E-1,-1.72547E-1,-7.77541E-2,-1.10368E-1,-7.29855E-2,-8.41450E-2,-1.77227E-1,-3.64757E-2,-1.44842E-1,-1.91384E-1,9.80861E-2,3.02000E-2,-1.08009E-1,-9.41073E-2,-1.41407E-1,-4.20799E-2,-3.61109E-3,3.89988E-2,-7.35288E-2,-4.19819E-2,1.49788E-1,2.78738E-1,3.26065E-1,3.84133E-1,1.55867E-1,1.27534E-1,1.92539E-1,1.12499E-1,1.17964E-1,5.91013E-2
7.93600E+2,NaN,NaN,NaN,NaN,NaN,NaN,NaN,NaN,NaN,NaN,NaN,NaN,NaN,NaN,NaN,NaN,NaN,NaN,NaN,NaN,NaN,NaN,NaN,NaN,NaN,NaN,NaN,NaN,NaN,NaN,NaN,NaN,NaN,NaN,NaN,NaN,NaN,NaN,NaN,NaN,NaN,NaN,NaN,NaN,NaN,NaN,NaN,NaN,NaN,NaN,NaN,NaN,NaN,NaN,NaN,NaN,NaN,NaN,NaN,NaN,NaN,NaN,NaN,NaN,NaN,NaN,NaN,NaN,NaN,NaN,NaN,NaN,NaN,NaN,NaN,NaN,NaN,NaN,NaN,NaN,NaN,NaN,NaN,NaN,NaN,NaN,NaN,NaN,NaN,NaN,-7.18350E-2,-1.23373E-2,4.71604E-2,4.75834E-2,4.64002E-2,4.51674E-2,-3.14124E-2,-8.56098E-2,4.74426E-2,2.80058E-2,8.26054E-3,5.99683E-2,1.14356E-1,-1.35149E-1,-7.29840E-2,1.28530E-1,1.48597E-1,1.51720E-1,-2.93466E-2,5.49114E-2,3.19686E-2,1.12103E-1,2.28857E-1,-5.89501E-2,7.39204E-2,4.07575E-1,2.56146E-2,-1.92692E-1,-2.14328E-1,-1.62241E-1,-1.02346E-1,-3.06786E-1,-1.71831E-1,1.79449E-2,-7.69831E-2,-2.37512E-1,-1.35864E-2,-3.78968E-1,-3.62804E-1,-4.90990E-1,-4.29213E-1,-2.39575E-1,-1.25474E-1,-1.88385E-1,-2.84867E-1,-1.24981E-1,9.18824E-2
7.96991E+2,NaN,NaN,NaN,NaN,NaN,NaN,NaN,NaN,NaN,NaN,NaN,NaN,NaN,NaN,NaN,NaN,NaN,NaN,NaN,NaN,NaN,NaN,NaN,NaN,NaN,NaN,NaN,NaN,NaN,NaN,NaN,NaN,NaN,NaN,NaN,NaN,NaN,NaN,NaN,NaN,NaN,NaN,NaN,NaN,NaN,NaN,NaN,NaN,NaN,NaN,NaN,NaN,NaN,NaN,NaN,NaN,NaN,NaN,NaN,NaN,NaN,NaN,NaN,NaN,NaN,NaN,NaN,NaN,NaN,NaN,NaN,NaN,NaN,NaN,NaN,NaN,NaN,NaN,NaN,NaN,NaN,NaN,NaN,NaN,NaN,NaN,NaN,NaN,-2.23318E-1,-2.03571E-1,-1.83825E-1,-1.16576E-1,1.83816E-2,1.53340E-1,1.91868E-1,1.53130E-1,7.59724E-2,1.91475E-2,-1.19450E-1,9.44095E-2,2.01634E-1,5.33525E-2,1.49531E-1,2.09556E-1,4.34515E-1,3.88837E-1,5.04378E-1,1.03882E-1,2.34234E-1,4.87613E-1,3.78612E-1,3.44668E-1,5.29822E-1,-3.66617E-2,7.67055E-2,4.77550E-1,2.42959E-2,-1.60676E-1,-2.46748E-1,-2.25609E-1,-2.15980E-2,-4.60651E-1,-7.55354E-2,1.79281E-1,1.07164E-1,-6.99821E-2,-5.75666E-2,-2.22472E-1,-4.83945E-1,-6.81454E-1,-3.40161E-1,-4.44858E-2,-1.46283E-1,-3.13691E-1,-1.28286E-1,-2.51019E-1,3.57827E-1
8.00382E+2,NaN,NaN,NaN,NaN,NaN,NaN,NaN,NaN,NaN,NaN,NaN,NaN,NaN,NaN,NaN,NaN,NaN,NaN,NaN,NaN,NaN,NaN,NaN,NaN,NaN,NaN,NaN,NaN,NaN,NaN,NaN,NaN,NaN,NaN,NaN,NaN,NaN,NaN,NaN,NaN,NaN,NaN,NaN,NaN,NaN,NaN,NaN,NaN,NaN,NaN,NaN,NaN,NaN,NaN,NaN,NaN,NaN,NaN,NaN,NaN,NaN,NaN,NaN,NaN,NaN,NaN,NaN,NaN,NaN,NaN,NaN,NaN,NaN,NaN,NaN,NaN,NaN,NaN,NaN,NaN,NaN,NaN,NaN,NaN,NaN,NaN,NaN,-6.58197E-4,-9.03144E-4,-1.14809E-3,1.19439E-2,2.78337E-2,4.37235E-2,1.78637E-2,-9.31149E-3,-3.18594E-2,-2.15059E-3,-6.15737E-3,1.53176E-2,-4.42725E-3,6.17321E-3,4.89320E-2,-6.31573E-2,-9.04759E-5,5.22292E-3,-3.12877E-2,8.97544E-3,4.29272E-2,-2.18153E-2,4.91956E-2,-1.05712E-2,1.92840E-2,2.48090E-2,-1.14030E-2,1.46018E-2,-2.77377E-2,-2.34167E-3,-3.39299E-2,-5.11068E-3,6.56658E-3,1.85946E-2,-6.11959E-2,-1.15300E-2,-5.91474E-4,-3.18665E-2,-3.84192E-3,-9.76117E-4,-7.04214E-2,-5.69730E-2,-1.09889E-2,-3.56684E-2,-1.44875E-2,-2.79098E-2,4.57600E-3,-1.86466E-2,-1.40207E-2,-1.57746E-2
8.03775E+2,NaN,NaN,NaN,NaN,NaN,NaN,NaN,NaN,NaN,NaN,NaN,NaN,NaN,NaN,NaN,NaN,NaN,NaN,NaN,NaN,NaN,NaN,NaN,NaN,NaN,NaN,NaN,NaN,NaN,NaN,NaN,NaN,NaN,NaN,NaN,NaN,NaN,NaN,NaN,NaN,NaN,NaN,NaN,NaN,NaN,NaN,NaN,NaN,NaN,NaN,NaN,NaN,NaN,NaN,NaN,NaN,NaN,NaN,NaN,NaN,NaN,NaN,NaN,NaN,NaN,NaN,NaN,NaN,NaN,NaN,NaN,NaN,NaN,NaN,NaN,NaN,NaN,NaN,NaN,NaN,NaN,NaN,NaN,NaN,NaN,8.01058E-2,3.00471E-2,-2.00117E-2,-6.12446E-2,-7.06299E-2,-8.00151E-2,-7.36176E-2,-3.91432E-2,-4.66890E-3,-6.15441E-3,-4.32128E-2,5.42376E-2,-4.53350E-2,6.85741E-2,6.00061E-2,2.33145E-2,2.11039E-1,-1.76753E-2,-7.95625E-2,2.04340E-1,1.74834E-1,1.19364E-1,-3.46063E-2,5.70033E-2,4.65858E-2,4.98291E-2,2.39243E-1,7.77297E-2,5.58756E-2,2.11813E-2,6.78174E-2,-1.22332E-1,-1.14572E-1,-1.54024E-1,-3.16046E-2,-3.60579E-2,-4.75142E-2,-1.50601E-1,6.07728E-4,7.58054E-2,-7.43470E-2,-1.37708E-1,-2.60356E-1,-4.07985E-1,-3.38108E-1,-1.84156E-1,-2.04822E-1,-1.14717E-1,-2.57189E-1,-1.26071E-1,-1.11615E-1,-3.93866E-4
8.07167E+2,NaN,NaN,NaN,NaN,NaN,NaN,NaN,NaN,NaN,NaN,NaN,NaN,NaN,NaN,NaN,NaN,NaN,NaN,NaN,NaN,NaN,NaN,NaN,NaN,NaN,NaN,NaN,NaN,NaN,NaN,NaN,NaN,NaN,NaN,NaN,NaN,NaN,NaN,NaN,NaN,NaN,NaN,NaN,NaN,NaN,NaN,NaN,NaN,NaN,NaN,NaN,NaN,NaN,NaN,NaN,NaN,NaN,NaN,NaN,NaN,NaN,NaN,NaN,NaN,NaN,NaN,NaN,NaN,NaN,NaN,NaN,NaN,NaN,NaN,NaN,NaN,NaN,NaN,NaN,NaN,NaN,NaN,NaN,NaN,-1.23078E-1,-7.47706E-2,-2.64633E-2,-4.03537E-3,-3.80158E-5,3.95934E-3,2.26421E-2,4.68419E-2,7.10418E-2,4.26571E-2,6.39886E-3,-2.90886E-2,5.05389E-2,-4.24147E-2,5.62849E-2,3.43591E-3,-1.18804E-2,6.01534E-2,-1.84127E-2,1.00532E-1,4.81508E-2,1.07406E-1,1.22879E-1,8.13323E-2,1.28170E-2,1.11995E-2,9.30068E-2,9.30671E-2,-6.70238E-2,6.02243E-2,-4.37397E-3,4.90522E-2,4.55777E-3,-3.56190E-2,-6.76200E-2,-3.14334E-2,1.90665E-2,-4.41687E-2,1.23278E-2,3.37408E-2,-2.43911E-2,2.19648E-3,-5.65125E-2,-1.04644E-1,-1.16582E-1,-1.36357E-1,-1.42447E-1,-9.93998E-2,-6.43987E-2,-1.19117E-1,-5.25185E-2,-5.72133E-2,-2.51148E-2
8.10561E+2,NaN,NaN,NaN,NaN,NaN,NaN,NaN,NaN,NaN,NaN,NaN,NaN,NaN,NaN,NaN,NaN,NaN,NaN,NaN,NaN,NaN,NaN,NaN,NaN,NaN,NaN,NaN,NaN,NaN,NaN,NaN,NaN,NaN,NaN,NaN,NaN,NaN,NaN,NaN,NaN,NaN,NaN,NaN,NaN,NaN,NaN,NaN,NaN,NaN,NaN,NaN,NaN,NaN,NaN,NaN,NaN,NaN,NaN,NaN,NaN,NaN,NaN,NaN,NaN,NaN,NaN,NaN,NaN,NaN,NaN,NaN,NaN,NaN,NaN,NaN,NaN,NaN,NaN,NaN,NaN,NaN,NaN,NaN,4.80489E-2,2.57763E-3,-4.28937E-2,-4.17575E-2,-3.70235E-2,-3.14314E-2,-1.46442E-2,2.14314E-3,1.19636E-2,-3.79633E-3,-1.95562E-2,-2.50024E-2,-1.18651E-2,1.68190E-3,-7.18280E-2,-4.93737E-2,1.98793E-3,1.22353E-2,-1.20244E-1,-4.12746E-2,1.45672E-1,1.85792E-1,1.81400E-1,1.22652E-1,-7.21630E-2,7.43261E-2,-8.10207E-2,6.40083E-2,1.48120E-1,-6.34926E-2,1.41245E-1,3.39672E-2,3.03679E-2,-2.06375E-2,-1.46620E-1,-1.76897E-1,-8.06138E-2,-8.94274E-2,-8.75930E-2,-7.54601E-2,-5.26029E-3,-7.42005E-2,-1.22453E-1,-1.34801E-1,-2.51230E-1,-2.72245E-1,-3.03505E-1,-1.90588E-1,-1.64082E-1,-2.21348E-1,-2.36485E-1,-1.42600E-1,-1.51490E-1,3.53859E-2
8.13955E+2,NaN,NaN,NaN,NaN,NaN,NaN,NaN,NaN,NaN,NaN,NaN,NaN,NaN,NaN,NaN,NaN,NaN,NaN,NaN,NaN,NaN,NaN,NaN,NaN,NaN,NaN,NaN,NaN,NaN,NaN,NaN,NaN,NaN,NaN,NaN,NaN,NaN,NaN,NaN,NaN,NaN,NaN,NaN,NaN,NaN,NaN,NaN,NaN,NaN,NaN,NaN,NaN,NaN,NaN,NaN,NaN,NaN,NaN,NaN,NaN,NaN,NaN,NaN,NaN,NaN,NaN,NaN,NaN,NaN,NaN,NaN,NaN,NaN,NaN,NaN,NaN,NaN,NaN,NaN,NaN,NaN,-1.93585E-2,-1.59710E-2,-1.25835E-2,-1.66969E-2,-4.32674E-2,-6.98380E-2,-6.10438E-2,2.31779E-3,6.56794E-2,7.22976E-2,2.98133E-2,-1.26711E-2,-1.84903E-2,-6.97200E-3,4.54626E-3,-5.10563E-2,-6.57710E-2,-1.96983E-2,4.42330E-2,3.03422E-2,-9.92928E-2,-2.59172E-2,2.03689E-1,8.22702E-2,4.98900E-2,-4.79661E-2,-2.29013E-2,-2.31937E-2,2.83724E-2,2.24805E-3,2.05622E-3,-8.87595E-3,2.80473E-2,1.59485E-1,8.76972E-2,-9.55529E-2,-1.29075E-1,-2.19275E-1,-1.35059E-1,-1.12180E-1,-7.47644E-2,-8.18137E-2,-4.91285E-2,-6.76306E-2,-1.32733E-1,-1.32831E-1,-1.41616E-1,-1.99620E-1,-2.05283E-1,-3.04603E-1,-2.12048E-1,-1.63191E-1,-1.82320E-1,-1.58462E-1,-2.15635E-1,-1.29229E-1
8.17349E+2,NaN,NaN,NaN,NaN,NaN,NaN,NaN,NaN,NaN,NaN,NaN,NaN,NaN,NaN,NaN,NaN,NaN,NaN,NaN,NaN,NaN,NaN,NaN,NaN,NaN,NaN,NaN,NaN,NaN,NaN,NaN,NaN,NaN,NaN,NaN,NaN,NaN,NaN,NaN,NaN,NaN,NaN,NaN,NaN,NaN,NaN,NaN,NaN,NaN,NaN,NaN,NaN,NaN,NaN,NaN,NaN,NaN,NaN,NaN,NaN,NaN,NaN,NaN,NaN,NaN,NaN,NaN,NaN,NaN,NaN,NaN,NaN,NaN,NaN,NaN,NaN,NaN,NaN,NaN,NaN,3.73189E-2,4.24072E-2,4.74956E-2,3.70142E-2,1.38298E-2,-9.35457E-3,-2.27077E-2,-3.17169E-2,-4.07260E-2,-3.03275E-2,-1.61332E-2,-1.93881E-3,7.86860E-5,1.83835E-3,2.03723E-3,-8.98358E-3,5.82019E-2,4.62531E-2,7.05436E-2,3.07736E-2,6.22134E-2,-6.16823E-3,-2.83127E-2,6.29233E-2,1.61529E-2,9.44881E-2,3.22210E-2,9.37249E-2,2.60027E-2,6.78098E-2,6.35089E-2,3.32568E-2,4.86015E-2,1.60340E-2,6.79261E-2,-3.64987E-2,-2.61592E-2,-3.37107E-2,-2.20869E-2,-2.16919E-2,-2.44142E-2,3.66602E-2,2.63230E-2,2.04461E-2,1.42784E-2,4.29343E-2,-2.20071E-2,4.20270E-3,5.31731E-3,-2.01913E-2,-3.20718E-2,-1.68922E-2,1.73104E-2,-1.74112E-3,-2.64985E-2,-1.82719E-2,-2.77963E-2
8.20744E+2,NaN,NaN,NaN,NaN,NaN,NaN,NaN,NaN,NaN,NaN,NaN,NaN,NaN,NaN,NaN,NaN,NaN,NaN,NaN,NaN,NaN,NaN,NaN,NaN,NaN,NaN,NaN,NaN,NaN,NaN,NaN,NaN,NaN,NaN,NaN,NaN,NaN,NaN,NaN,NaN,NaN,NaN,NaN,NaN,NaN,NaN,NaN,NaN,NaN,NaN,NaN,NaN,NaN,NaN,NaN,NaN,NaN,NaN,NaN,NaN,NaN,NaN,NaN,NaN,NaN,NaN,NaN,NaN,NaN,NaN,NaN,NaN,NaN,NaN,NaN,NaN,NaN,NaN,NaN,2.69886E-2,2.24394E-2,1.78903E-2,-1.37600E-3,-2.36613E-2,-4.59465E-2,-3.24835E-2,-1.80150E-2,-2.07580E-4,4.31700E-2,8.65475E-2,1.00374E-1,2.93684E-2,-4.16369E-2,-7.65523E-2,-5.76054E-2,-3.86584E-2,5.27554E-2,-2.03407E-2,6.51964E-2,9.20927E-2,6.46339E-2,1.06642E-2,-3.76817E-2,-5.45097E-3,-7.21979E-2,1.68039E-2,-1.76080E-2,1.15781E-2,-3.71561E-2,4.71560E-2,-8.20153E-2,-8.67644E-3,-1.04215E-1,-7.80146E-2,-2.78212E-2,-1.23210E-1,-7.13970E-2,7.25409E-2,6.90319E-2,-3.49323E-2,5.95405E-2,1.05113E-1,9.45920E-2,3.19712E-2,1.49448E-2,-1.05030E-3,8.88408E-5,8.73259E-2,1.32510E-1,1.82074E-1,1.40678E-1,8.70586E-2,7.86845E-2,5.57453E-2,5.22131E-2,4.80827E-2,-6.03929E-2
8.24140E+2,NaN,NaN,NaN,NaN,NaN,NaN,NaN,NaN,NaN,NaN,NaN,NaN,NaN,NaN,NaN,NaN,NaN,NaN,NaN,NaN,NaN,NaN,NaN,NaN,NaN,NaN,NaN,NaN,NaN,NaN,NaN,NaN,NaN,NaN,NaN,NaN,NaN,NaN,NaN,NaN,NaN,NaN,NaN,NaN,NaN,NaN,NaN,NaN,NaN,NaN,NaN,NaN,NaN,NaN,NaN,NaN,NaN,NaN,NaN,NaN,NaN,NaN,NaN,NaN,NaN,NaN,NaN,NaN,NaN,NaN,NaN,NaN,NaN,NaN,NaN,NaN,NaN,NaN,6.35404E-2,2.42259E-2,-1.26955E-2,-2.48571E-2,-3.70187E-2,-4.64832E-2,-4.69684E-2,-4.74535E-2,-3.89833E-2,-1.55138E-2,7.95563E-3,3.15034E-2,5.51243E-2,7.87453E-2,4.34283E-2,-2.23099E-2,-8.80480E-2,-3.80062E-2,4.14957E-2,4.62267E-3,1.37224E-2,-3.49804E-2,4.00876E-2,-2.66122E-3,-7.50534E-2,-6.29209E-2,-9.80867E-2,-1.54725E-1,2.04957E-2,-1.82194E-2,2.60698E-2,-3.06811E-2,-2.13077E-2,1.87711E-2,-8.05621E-2,-2.35015E-2,-2.76288E-2,9.36589E-2,-6.13860E-2,9.63552E-2,1.17075E-1,6.57728E-2,3.63252E-2,6.78905E-2,-8.75691E-4,-4.22465E-2,-3.52888E-2,-2.24420E-2,4.41065E-2,1.75133E-1,1.61325E-1,1.67768E-1,1.18163E-1,7.28384E-2,1.03721E-1,2.34011E-2,-5.23223E-4,9.93793E-3,2.79662E-2
8.27536E+2,NaN,NaN,NaN,NaN,NaN,NaN,NaN,NaN,NaN,NaN,NaN,NaN,NaN,NaN,NaN,NaN,NaN,NaN,NaN,NaN,NaN,NaN,NaN,NaN,NaN,NaN,NaN,NaN,NaN,NaN,NaN,NaN,NaN,NaN,NaN,NaN,NaN,NaN,NaN,NaN,NaN,NaN,NaN,NaN,NaN,NaN,NaN,NaN,NaN,NaN,NaN,NaN,NaN,NaN,NaN,NaN,NaN,NaN,NaN,NaN,NaN,NaN,NaN,NaN,NaN,NaN,NaN,NaN,NaN,NaN,NaN,NaN,NaN,NaN,NaN,NaN,1.22022E-2,2.18661E-3,-7.82894E-3,-1.53499E-2,-1.77184E-2,-2.00869E-2,-2.38154E-2,-2.90834E-2,-3.43513E-2,-8.91038E-3,3.60049E-2,8.09202E-2,6.31733E-2,2.50692E-2,-1.30348E-2,-1.68675E-2,-1.67925E-2,-1.51481E-2,2.36694E-2,6.24870E-2,6.87693E-2,3.53629E-2,5.56247E-2,1.71512E-2,2.51829E-2,3.38961E-2,-1.56432E-2,-1.17187E-2,-1.54269E-2,7.26958E-3,2.04437E-2,-1.06293E-2,1.30343E-2,-4.18466E-2,-6.39345E-4,-1.25832E-2,-3.00427E-2,-2.27457E-2,3.74029E-3,-6.15127E-2,6.14559E-3,-1.21274E-3,-1.62525E-3,1.53869E-3,3.98382E-2,-3.42271E-4,-4.05928E-2,2.44722E-3,1.44916E-2,5.55579E-2,-2.44008E-3,-5.96542E-2,2.33880E-2,4.76403E-2,6.65806E-2,3.02220E-2,3.59318E-2,4.52001E-2,6.49533E-3,-3.59718E-2,-2.98396E-2
8.30933E+2,NaN,NaN,NaN,NaN,NaN,NaN,NaN,NaN,NaN,NaN,NaN,NaN,NaN,NaN,NaN,NaN,NaN,NaN,NaN,NaN,NaN,NaN,NaN,NaN,NaN,NaN,NaN,NaN,NaN,NaN,NaN,NaN,NaN,NaN,NaN,NaN,NaN,NaN,NaN,NaN,NaN,NaN,NaN,NaN,NaN,NaN,NaN,NaN,NaN,NaN,NaN,NaN,NaN,NaN,NaN,NaN,NaN,NaN,NaN,NaN,NaN,NaN,NaN,NaN,NaN,NaN,NaN,NaN,NaN,NaN,NaN,NaN,NaN,NaN,NaN,4.02269E-2,-9.81487E-4,-4.21899E-2,-2.50246E-2,4.09735E-2,1.06972E-1,6.45082E-2,-2.72893E-2,-1.19087E-1,-8.39798E-2,-2.29194E-2,3.81410E-2,1.47349E-2,-1.10090E-2,-3.21860E-2,-1.85356E-2,-4.88512E-3,3.36728E-3,-3.84162E-3,-1.10505E-2,-1.28272E-2,7.99221E-2,4.50764E-2,1.40947E-1,-9.46185E-4,2.42328E-2,-6.65195E-2,-6.40140E-2,-7.85134E-2,-7.46346E-2,-3.00927E-2,-4.58610E-2,4.02034E-2,-7.00202E-2,-9.81803E-2,1.31751E-1,5.30904E-2,5.58970E-2,-1.25562E-1,6.39658E-2,8.60050E-2,5.38276E-2,8.74957E-2,7.57678E-2,1.19103E-1,1.44062E-1,6.94667E-2,3.68101E-2,-1.99844E-4,2.62259E-3,4.32230E-2,7.30398E-2,1.05851E-1,1.62189E-1,2.27466E-1,1.93033E-1,1.16233E-1,1.42100E-1,-1.07359E-2,3.35169E-2,4.50212E-2,8.17169E-2
8.34331E+2,NaN,NaN,NaN,NaN,NaN,NaN,NaN,NaN,NaN,NaN,NaN,NaN,NaN,NaN,NaN,NaN,NaN,NaN,NaN,NaN,NaN,NaN,NaN,NaN,NaN,NaN,NaN,NaN,NaN,NaN,NaN,NaN,NaN,NaN,NaN,NaN,NaN,NaN,NaN,NaN,NaN,NaN,NaN,NaN,NaN,NaN,NaN,NaN,NaN,NaN,NaN,NaN,NaN,NaN,NaN,NaN,NaN,NaN,NaN,NaN,NaN,NaN,NaN,NaN,NaN,NaN,NaN,NaN,NaN,NaN,NaN,NaN,NaN,NaN,-3.47936E-2,-3.64371E-2,-3.80806E-2,-3.64862E-3,4.32347E-2,9.01180E-2,7.06420E-2,4.26505E-2,1.49010E-2,-4.78077E-3,-2.44626E-2,-3.92801E-2,-3.06787E-2,-2.20773E-2,-1.23810E-2,-3.01802E-4,1.17774E-2,1.26092E-2,1.14580E-4,-1.23800E-2,-1.11300E-2,-7.37952E-4,-2.91025E-2,-4.71901E-2,5.85855E-2,-7.20838E-2,3.78351E-2,7.48955E-2,1.14599E-1,1.75111E-1,2.00569E-1,3.63779E-3,7.88455E-2,-2.76302E-2,1.21630E-1,1.38078E-1,-5.14925E-2,1.30129E-1,1.26621E-1,1.44856E-2,-6.84663E-2,-1.19859E-1,-2.39566E-2,-1.31669E-1,-6.41006E-2,2.09754E-2,-4.13369E-2,-6.18347E-2,-3.66891E-2,6.18309E-2,2.08788E-2,-2.31106E-2,-6.55614E-2,-1.51569E-1,-1.71471E-1,-1.41694E-1,-1.78039E-1,-1.24937E-1,-8.31348E-3,1.07559E-2,-7.56031E-2,-3.98460E-2,3.01688E-2
8.37729E+2,NaN,NaN,NaN,NaN,NaN,NaN,NaN,NaN,NaN,NaN,NaN,NaN,NaN,NaN,NaN,NaN,NaN,NaN,NaN,NaN,NaN,NaN,NaN,NaN,NaN,NaN,NaN,NaN,NaN,NaN,NaN,NaN,NaN,NaN,NaN,NaN,NaN,NaN,NaN,NaN,NaN,NaN,NaN,NaN,NaN,NaN,NaN,NaN,NaN,NaN,NaN,NaN,NaN,NaN,NaN,NaN,NaN,NaN,NaN,NaN,NaN,NaN,NaN,NaN,NaN,NaN,NaN,NaN,NaN,NaN,NaN,NaN,NaN,4.42821E-2,3.82405E-2,3.21988E-2,1.45651E-2,-4.03033E-3,-2.30803E-2,-4.85370E-2,-7.39936E-2,-7.88123E-2,-5.57435E-3,6.76636E-2,8.96967E-2,1.74530E-2,-5.47907E-2,-7.35804E-2,-3.77979E-2,-2.01539E-3,3.28686E-2,6.72421E-2,1.01616E-1,1.13202E-1,1.18382E-1,1.23561E-1,-3.29884E-3,-1.04968E-1,2.63221E-2,6.96693E-2,1.05408E-2,-1.20366E-1,-1.41617E-1,-1.98583E-1,-1.64768E-1,-1.30536E-2,-1.41358E-3,-4.98588E-2,1.08608E-2,-4.39904E-2,-4.89845E-2,-1.23076E-1,-2.02790E-1,-1.06467E-1,1.47300E-3,1.25222E-1,1.62822E-1,1.45562E-1,1.02455E-1,-9.74661E-3,1.85763E-2,4.37017E-2,6.07385E-2,-2.88048E-2,-6.27806E-2,2.70940E-2,5.48999E-2,1.15823E-1,2.99075E-1,4.12699E-1,2.60869E-1,1.20430E-1,6.17425E-2,7.02815E-2,1.46617E-1,1.84449E-1,3.86256E-2
8.41128E+2,NaN,NaN,NaN,NaN,NaN,NaN,NaN,NaN,NaN,NaN,NaN,NaN,NaN,NaN,NaN,NaN,NaN,NaN,NaN,NaN,NaN,NaN,NaN,NaN,NaN,NaN,NaN,NaN,NaN,NaN,NaN,NaN,NaN,NaN,NaN,NaN,NaN,NaN,NaN,NaN,NaN,NaN,NaN,NaN,NaN,NaN,NaN,NaN,NaN,NaN,NaN,NaN,NaN,NaN,NaN,NaN,NaN,NaN,NaN,NaN,NaN,NaN,NaN,NaN,NaN,NaN,NaN,NaN,NaN,NaN,NaN,NaN,-7.71333E-2,-5.71949E-2,-3.89150E-2,-3.85183E-2,-3.81216E-2,-3.27189E-2,-1.03397E-2,1.20396E-2,3.05477E-2,4.24808E-2,5.44139E-2,5.56565E-2,4.67682E-2,3.78799E-2,3.86573E-2,4.44966E-2,5.03360E-2,3.29812E-2,9.79710E-3,-1.33870E-2,-1.05385E-2,-6.08745E-3,-1.03578E-3,1.04925E-2,6.91555E-2,9.81605E-4,-1.23429E-3,8.15427E-2,8.07800E-2,1.58189E-1,2.28473E-2,9.01376E-2,1.11662E-2,-3.04214E-3,9.75979E-2,2.41391E-2,6.81111E-2,8.76275E-2,-9.86859E-3,1.08235E-2,2.72312E-3,1.38372E-2,-1.00779E-2,-4.23889E-2,2.15376E-2,-6.62039E-2,-8.72097E-2,-5.80100E-2,-1.32905E-2,-1.05363E-2,-2.79474E-2,-1.70564E-3,-3.02069E-2,-5.22117E-2,-8.96446E-2,-1.37878E-1,-1.71971E-1,-9.56343E-2,-3.77053E-2,-4.75275E-2,-9.83203E-2,-8.35847E-2,-4.72949E-2,-4.46787E-2,-1.71567E-2
8.44527E+2,NaN,NaN,NaN,NaN,NaN,NaN,NaN,NaN,NaN,NaN,NaN,NaN,NaN,NaN,NaN,NaN,NaN,NaN,NaN,NaN,NaN,NaN,NaN,NaN,NaN,NaN,NaN,NaN,NaN,NaN,NaN,NaN,NaN,NaN,NaN,NaN,NaN,NaN,NaN,NaN,NaN,NaN,NaN,NaN,NaN,NaN,NaN,NaN,NaN,NaN,NaN,NaN,NaN,NaN,NaN,NaN,NaN,NaN,NaN,NaN,NaN,NaN,NaN,NaN,NaN,NaN,NaN,NaN,NaN,NaN,7.07426E-2,4.95836E-2,2.84247E-2,1.23384E-2,1.34056E-2,1.44728E-2,5.44818E-3,-2.06797E-2,-4.68076E-2,-5.57984E-2,-4.85823E-2,-4.13661E-2,-4.18483E-2,-4.63532E-2,-5.08580E-2,-2.31763E-2,1.25692E-2,4.83146E-2,2.29768E-2,-6.08634E-3,-3.16061E-2,-1.91667E-2,-6.72730E-3,1.35560E-3,-5.29307E-3,-1.19417E-2,4.53029E-2,2.44658E-2,4.53962E-2,2.44217E-2,1.33815E-2,3.26524E-2,6.47851E-2,2.58545E-2,-2.89299E-2,-2.99272E-2,2.56324E-2,3.46028E-2,2.87396E-2,2.76722E-2,-2.63277E-3,3.92171E-2,2.05886E-2,3.04463E-2,1.96027E-2,-3.67894E-2,8.17615E-3,-5.04677E-3,3.69831E-2,3.07922E-2,1.33660E-2,2.51021E-2,-2.37534E-2,-1.05858E-2,2.34720E-2,1.78189E-2,-1.41945E-2,3.81915E-2,2.66566E-2,-1.49169E-2,-1.49546E-2,-1.39396E-2,-1.79361E-2,2.20647E-2,2.82572E-2,1.45344E-3,2.89412E-2
8.47927E+2,NaN,NaN,NaN,NaN,NaN,NaN,NaN,NaN,NaN,NaN,NaN,NaN,NaN,NaN,NaN,NaN,NaN,NaN,NaN,NaN,NaN,NaN,NaN,NaN,NaN,NaN,NaN,NaN,NaN,NaN,NaN,NaN,NaN,NaN,NaN,NaN,NaN,NaN,NaN,NaN,NaN,NaN,NaN,NaN,NaN,NaN,NaN,NaN,NaN,NaN,NaN,NaN,NaN,NaN,NaN,NaN,NaN,NaN,NaN,NaN,NaN,NaN,NaN,NaN,NaN,NaN,NaN,NaN,NaN,-1.27131E-1,-9.16565E-2,-5.61819E-2,-1.27006E-2,4.53991E-2,1.03499E-1,1.34287E-1,1.37406E-1,1.40525E-1,1.03676E-1,4.43067E-2,-1.50631E-2,-2.81433E-2,-2.83542E-2,-2.85650E-2,-3.55012E-2,-4.29802E-2,-5.05424E-2,-5.92405E-2,-6.79386E-2,-7.84400E-2,-9.56831E-2,-1.12926E-1,-1.08873E-1,-6.59366E-2,-2.30005E-2,2.04216E-3,-4.45735E-2,5.89035E-2,-7.64997E-2,5.51309E-3,1.18507E-1,1.02535E-1,2.48242E-2,1.50028E-1,-5.26882E-2,-2.27002E-4,-5.51266E-3,1.62911E-1,5.60114E-2,-1.21607E-2,1.85624E-1,5.61211E-2,-1.96849E-2,-4.07917E-2,-7.34072E-2,-9.40608E-2,-2.46228E-2,-5.78055E-2,-1.96774E-2,1.36174E-2,-2.77562E-3,-6.18495E-2,2.22787E-2,8.63051E-2,4.53541E-2,-2.93210E-2,-9.88154E-2,-1.32940E-1,-2.01584E-1,-1.39834E-1,-7.45733E-2,-8.72127E-2,-1.45929E-1,-1.25926E-1,-1.10548E-1,-1.22928E-1,-8.51037E-2
8.51327E+2,NaN,NaN,NaN,NaN,NaN,NaN,NaN,NaN,NaN,NaN,NaN,NaN,NaN,NaN,NaN,NaN,NaN,NaN,NaN,NaN,NaN,NaN,NaN,NaN,NaN,NaN,NaN,NaN,NaN,NaN,NaN,NaN,NaN,NaN,NaN,NaN,NaN,NaN,NaN,NaN,NaN,NaN,NaN,NaN,NaN,NaN,NaN,NaN,NaN,NaN,NaN,NaN,NaN,NaN,NaN,NaN,NaN,NaN,NaN,NaN,NaN,NaN,NaN,NaN,NaN,NaN,NaN,NaN,1.37312E-2,-1.78524E-2,-4.94361E-2,-6.25566E-2,-5.41956E-2,-4.58346E-2,-2.69532E-2,-1.20520E-3,2.45428E-2,2.50057E-2,1.69471E-2,8.88853E-3,2.90306E-2,5.26300E-2,7.42015E-2,3.75298E-2,8.58166E-4,-3.12675E-2,-4.21837E-2,-5.30999E-2,-4.52679E-2,2.52114E-3,5.03102E-2,6.67210E-2,4.66239E-2,2.65268E-2,-1.33146E-2,-6.60428E-2,-2.52540E-1,-6.79971E-2,2.59456E-2,-2.56271E-2,-2.01698E-1,-7.99402E-2,-1.39545E-1,7.24082E-3,-6.93809E-2,-8.06082E-2,3.35028E-2,-1.23470E-1,-1.04605E-1,-2.22806E-2,-1.91730E-1,-1.35702E-1,-5.72463E-2,-5.14126E-2,1.02562E-1,1.15465E-1,5.73872E-2,5.14128E-2,2.01579E-2,-2.29663E-3,3.74591E-3,3.75004E-2,-5.17426E-2,-9.07760E-2,-3.61939E-2,-1.71925E-2,6.21561E-2,1.62540E-1,1.67079E-1,8.10914E-2,8.44833E-2,8.21721E-2,9.19923E-2,1.38073E-1,1.48554E-1,8.75310E-2,-1.46657E-2
8.54728E+2,NaN,NaN,NaN,NaN,NaN,NaN,NaN,NaN,NaN,NaN,NaN,NaN,NaN,NaN,NaN,NaN,NaN,NaN,NaN,NaN,NaN,NaN,NaN,NaN,NaN,NaN,NaN,NaN,NaN,NaN,NaN,NaN,NaN,NaN,NaN,NaN,NaN,NaN,NaN,NaN,NaN,NaN,NaN,NaN,NaN,NaN,NaN,NaN,NaN,NaN,NaN,NaN,NaN,NaN,NaN,NaN,NaN,NaN,NaN,NaN,NaN,NaN,NaN,NaN,NaN,NaN,NaN,-1.06120E+0,-8.81972E-1,-7.02743E-1,-4.59578E-1,-1.64856E-1,1.29865E-1,8.92688E-1,1.85953E+0,2.82637E+0,1.89164E+0,5.92847E-1,-7.05948E-1,-8.80267E-1,-1.03417E+0,-1.09780E+0,-5.29658E-1,3.84837E-2,2.64293E-1,-4.45485E-1,-1.15526E+0,-1.35688E+0,-8.29468E-1,-3.02056E-1,-2.55640E-2,4.85938E-2,1.22752E-1,-2.98999E-1,-9.36888E-1,-1.57478E+0,-1.20129E+0,1.17786E+0,3.59662E-1,3.59524E+0,1.77492E+0,3.49633E+0,4.11418E+0,2.65158E+0,1.95336E+0,2.03267E+0,1.85302E+0,2.59147E+0,3.48253E-1,1.58133E+0,2.30685E+0,2.45925E+0,-5.00197E-1,8.06308E-1,-4.02880E-1,-4.89919E+0,-1.90172E+0,-1.39787E+0,-1.00403E+0,-1.30330E+0,-1.58721E+0,-1.84719E+0,-5.31163E-1,2.95748E-1,-5.76054E-1,-2.23547E+0,-3.26997E+0,-3.89430E+0,-5.03369E+0,-5.51264E+0,-5.93921E+0,-4.67253E+0,-3.12029E+0,-2.80691E+0,-3.40405E+0,-2.96806E+0,-1.73733E+0
8.58130E+2,NaN,NaN,NaN,NaN,NaN,NaN,NaN,NaN,NaN,NaN,NaN,NaN,NaN,NaN,NaN,NaN,NaN,NaN,NaN,NaN,NaN,NaN,NaN,NaN,NaN,NaN,NaN,NaN,NaN,NaN,NaN,NaN,NaN,NaN,NaN,NaN,NaN,NaN,NaN,NaN,NaN,NaN,NaN,NaN,NaN,NaN,NaN,NaN,NaN,NaN,NaN,NaN,NaN,NaN,NaN,NaN,NaN,NaN,NaN,NaN,NaN,NaN,NaN,NaN,NaN,NaN,-1.76609E-2,-1.50941E-2,-1.25274E-2,1.43812E-3,2.21446E-2,4.28511E-2,4.05460E-2,3.14154E-2,2.22849E-2,2.71828E-2,3.33990E-2,3.65439E-2,-1.11643E-2,-5.88726E-2,-8.89198E-2,-4.82403E-2,-7.56072E-3,8.15473E-3,-2.40174E-2,-5.61895E-2,-4.95054E-2,-1.64848E-3,4.62084E-2,5.28877E-2,3.52152E-2,1.75428E-2,2.08752E-2,3.04379E-2,4.00006E-2,3.65372E-2,3.36249E-2,-1.13974E-2,2.41626E-2,6.16398E-2,8.22493E-2,1.17362E-1,4.95544E-2,7.94778E-2,4.42765E-2,-8.27406E-3,4.73368E-2,4.09784E-2,-3.88238E-2,4.86970E-2,6.09586E-3,-2.94773E-3,-4.52486E-2,-5.71796E-2,-2.59109E-2,-3.24325E-2,-2.40981E-2,-6.68662E-2,-4.26507E-2,-3.96124E-2,-4.04881E-2,-6.65608E-2,-3.54254E-2,3.71032E-2,4.35871E-2,-1.19318E-2,-7.30500E-2,-7.38259E-2,-9.66642E-2,-1.16641E-1,-6.68680E-2,-5.83176E-2,-7.22977E-2,-7.63221E-2,-8.66259E-2,-7.32069E-2,-4.55004E-2
8.61532E+2,NaN,NaN,NaN,NaN,NaN,NaN,NaN,NaN,NaN,NaN,NaN,NaN,NaN,NaN,NaN,NaN,NaN,NaN,NaN,NaN,NaN,NaN,NaN,NaN,NaN,NaN,NaN,NaN,NaN,NaN,NaN,NaN,NaN,NaN,NaN,NaN,NaN,NaN,NaN,NaN,NaN,NaN,NaN,NaN,NaN,NaN,NaN,NaN,NaN,NaN,NaN,NaN,NaN,NaN,NaN,NaN,NaN,NaN,NaN,NaN,NaN,NaN,NaN,NaN,NaN,-3.90755E-2,-5.02953E-2,-6.15152E-2,-5.72935E-2,-4.60344E-2,-3.47754E-2,-6.57785E-4,3.81485E-2,7.69549E-2,6.67416E-2,5.51500E-2,4.32337E-2,2.88318E-2,1.44298E-2,3.78919E-3,3.94550E-3,4.10181E-3,5.74655E-4,-8.44968E-3,-1.74740E-2,-1.59526E-2,-5.59405E-3,4.76447E-3,-3.66962E-3,-2.06683E-2,-3.76669E-2,-4.59080E-2,-5.23528E-2,-5.87975E-2,-3.70976E-2,-4.57914E-2,3.87577E-2,-9.10739E-3,-4.82549E-2,-6.16922E-3,-6.82281E-3,2.58011E-2,5.20367E-2,-2.20957E-2,2.09753E-2,-6.42487E-2,2.06611E-4,1.24157E-2,-4.06655E-2,1.73631E-2,-4.58160E-2,1.21088E-2,-1.74736E-2,-2.46493E-2,7.49565E-3,-5.24515E-2,-2.04247E-2,-3.48877E-2,-1.79730E-2,-9.09537E-3,-3.53814E-2,-2.02635E-2,-8.67853E-3,-1.02028E-2,-3.13373E-2,-2.83619E-2,-7.21052E-2,-6.15109E-2,-4.74939E-2,-3.51663E-2,-4.01608E-2,-8.06466E-2,-4.05446E-2,1.32786E-2,-6.67683E-3,-2.75333E-2,-2.10825E-2
8.64935E+2,NaN,NaN,NaN,NaN,NaN,NaN,NaN,NaN,NaN,NaN,NaN,NaN,NaN,NaN,NaN,NaN,NaN,NaN,NaN,NaN,NaN,NaN,NaN,NaN,NaN,NaN,NaN,NaN,NaN,NaN,NaN,NaN,NaN,NaN,NaN,NaN,NaN,NaN,NaN,NaN,NaN,NaN,NaN,NaN,NaN,NaN,NaN,NaN,NaN,NaN,NaN,NaN,NaN,NaN,NaN,NaN,NaN,NaN,NaN,NaN,NaN,NaN,NaN,NaN,-6.15171E-3,1.24791E-3,8.64754E-3,1.71961E-2,2.61704E-2,3.51448E-2,2.00826E-2,1.50621E-3,-1.69299E-2,-2.63443E-2,-3.57588E-2,-4.07444E-2,-2.21573E-2,-3.57030E-3,9.96762E-3,1.17813E-2,1.35950E-2,1.32518E-2,1.02060E-2,7.16031E-3,1.58820E-2,3.28919E-2,4.99019E-2,2.83950E-2,-7.38734E-3,-4.31697E-2,-3.19387E-2,-1.38345E-2,3.93806E-3,9.10385E-4,3.26467E-2,6.63885E-2,3.00103E-2,-9.70387E-4,-3.81165E-2,3.02355E-2,5.27468E-2,4.58344E-2,3.42182E-2,-2.20716E-2,8.13351E-2,3.63894E-2,4.12690E-2,6.31708E-3,-4.40309E-3,5.68196E-3,-1.30175E-2,1.98634E-2,1.05231E-2,2.61621E-2,1.99997E-2,7.12898E-2,-6.33905E-2,9.95865E-3,3.45560E-2,3.59681E-2,2.38095E-2,3.23005E-2,3.68817E-2,8.17709E-3,-7.03160E-4,1.22537E-2,2.78120E-3,8.35465E-3,9.92087E-3,3.19774E-2,3.09464E-2,2.61399E-2,1.59903E-2,1.49921E-2,1.65863E-2,1.04836E-2,-1.35688E-2
8.68338E+2,NaN,NaN,NaN,NaN,NaN,NaN,NaN,NaN,NaN,NaN,NaN,NaN,NaN,NaN,NaN,NaN,NaN,NaN,NaN,NaN,NaN,NaN,NaN,NaN,NaN,NaN,NaN,NaN,NaN,NaN,NaN,NaN,NaN,NaN,NaN,NaN,NaN,NaN,NaN,NaN,NaN,NaN,NaN,NaN,NaN,NaN,NaN,NaN,NaN,NaN,NaN,NaN,NaN,NaN,NaN,NaN,NaN,NaN,NaN,NaN,NaN,NaN,NaN,-3.03368E-2,-7.74798E-2,-1.24623E-1,-1.48286E-1,-1.64400E-1,-1.80513E-1,-1.03609E-1,-1.63163E-2,6.41593E-2,-9.31350E-3,-8.27862E-2,-1.35999E-1,-1.00112E-1,-6.42244E-2,1.44624E-2,1.80790E-1,3.47118E-1,2.46319E-1,-1.54533E-1,-5.55385E-1,-5.67173E-1,-3.34197E-1,-1.01220E-1,-1.13771E-1,-2.05272E-1,-2.96772E-1,-1.81858E-1,-4.38923E-2,6.76767E-2,-3.85646E-1,-1.08367E-1,6.51579E-1,-4.03965E-1,2.97783E-2,-7.17742E-3,7.60432E-2,3.78767E-1,6.59732E-1,4.07983E-1,9.27885E-2,-2.43080E-2,3.80113E-1,5.18259E-2,5.75409E-1,1.50317E-1,1.06521E-1,2.84212E-1,6.61121E-1,-9.36052E-2,-5.85636E-2,-5.39427E-1,-7.68539E-1,-4.55970E-1,-4.05376E-1,-5.80781E-1,-3.35586E-1,-1.45578E-1,-1.27788E-1,-2.14450E-1,1.14599E-1,1.00708E-1,-1.73952E-1,-2.52553E-1,-4.62681E-1,-8.29195E-1,-1.17638E+0,-1.24844E+0,-7.98392E-1,-6.88667E-1,-6.36592E-1,-4.39634E-1,-5.00594E-1,-3.81631E-1,-1.21199E-1
8.71742E+2,NaN,NaN,NaN,NaN,NaN,NaN,NaN,NaN,NaN,NaN,NaN,NaN,NaN,NaN,NaN,NaN,NaN,NaN,NaN,NaN,NaN,NaN,NaN,NaN,NaN,NaN,NaN,NaN,NaN,NaN,NaN,NaN,NaN,NaN,NaN,NaN,NaN,NaN,NaN,NaN,NaN,NaN,NaN,NaN,NaN,NaN,NaN,NaN,NaN,NaN,NaN,NaN,NaN,NaN,NaN,NaN,NaN,NaN,NaN,NaN,NaN,NaN,2.01883E-3,-4.97038E-2,-1.01427E-1,-7.09827E-2,-1.57940E-2,3.93947E-2,3.63861E-2,2.77203E-2,1.89031E-2,7.44631E-3,-4.01044E-3,-1.29985E-2,-1.19313E-2,-1.08641E-2,-4.36051E-3,1.26971E-2,2.97547E-2,-5.18575E-4,-8.14884E-2,-1.62458E-1,-1.34365E-1,-4.10258E-2,5.23132E-2,9.84162E-2,1.30294E-1,1.62172E-1,1.59142E-1,1.52720E-1,1.38098E-1,-8.42918E-3,3.92545E-2,1.14336E-1,-2.73534E-2,-1.69810E-1,6.02099E-2,3.94516E-2,1.88788E-1,2.08092E-1,1.88686E-1,8.86487E-2,9.94360E-2,5.70605E-2,2.78239E-2,4.22998E-2,3.22836E-1,9.29091E-2,9.11196E-2,1.56208E-1,-9.50301E-2,8.75769E-3,-6.55422E-2,-1.89520E-1,-2.11771E-1,-1.56639E-1,-4.35312E-3,-8.58601E-2,-1.09332E-1,1.18338E-1,7.03960E-2,-1.13805E-1,-4.74403E-3,2.30934E-2,-1.36266E-2,5.57377E-3,-1.70606E-1,-3.36315E-1,-3.26033E-1,-2.87939E-1,-2.58966E-1,-2.68321E-1,-1.94470E-1,-1.73298E-1,-2.29386E-1,-2.03958E-1,-4.28081E-2
8.75147E+2,NaN,NaN,NaN,NaN,NaN,NaN,NaN,NaN,NaN,NaN,NaN,NaN,NaN,NaN,NaN,NaN,NaN,NaN,NaN,NaN,NaN,NaN,NaN,NaN,NaN,NaN,NaN,NaN,NaN,NaN,NaN,NaN,NaN,NaN,NaN,NaN,NaN,NaN,NaN,NaN,NaN,NaN,NaN,NaN,NaN,NaN,NaN,NaN,NaN,NaN,NaN,NaN,NaN,NaN,NaN,NaN,NaN,NaN,NaN,NaN,NaN,-8.72411E-2,-2.79566E-2,3.13278E-2,8.29944E-3,-3.99462E-2,-8.81919E-2,2.33381E-2,1.50990E-1,2.61716E-1,5.87765E-2,-1.44163E-1,-2.90553E-1,-2.02089E-1,-1.13624E-1,-1.75745E-2,9.34033E-2,2.04381E-1,1.80436E-1,1.01913E-2,-1.60054E-1,-1.37251E-1,2.55735E-3,1.42365E-1,1.54742E-1,1.28078E-1,1.01414E-1,5.92832E-2,1.55921E-2,-3.23940E-2,-1.53274E-1,-1.12944E-1,5.46565E-1,-2.23715E-2,-2.78469E-1,1.07650E-1,-1.69447E-1,-1.45627E-3,6.55299E-1,4.95555E-1,5.33663E-1,9.98389E-1,-1.69771E-1,5.46037E-1,-8.42650E-2,4.71048E-1,3.56905E-1,1.27383E-1,3.91300E-1,2.54363E-1,2.61315E-1,-1.97123E-1,-4.23201E-1,-7.43063E-1,-4.55561E-1,-3.08438E-1,-3.62587E-1,-2.01694E-1,-1.51225E-1,-1.79178E-1,-3.42344E-1,-3.10089E-1,7.00919E-2,1.40761E-1,-1.92660E-1,-1.43457E-1,-2.24765E-1,-5.62746E-1,-7.29377E-1,-9.00116E-1,-6.29025E-1,-3.48054E-1,-4.12443E-1,-4.46127E-1,-3.36898E-1,-5.09366E-2,1.44039E-1
8.78552E+2,NaN,NaN,NaN,NaN,NaN,NaN,NaN,NaN,NaN,NaN,NaN,NaN,NaN,NaN,NaN,NaN,NaN,NaN,NaN,NaN,NaN,NaN,NaN,NaN,NaN,NaN,NaN,NaN,NaN,NaN,NaN,NaN,NaN,NaN,NaN,NaN,NaN,NaN,NaN,NaN,NaN,NaN,NaN,NaN,NaN,NaN,NaN,NaN,NaN,NaN,NaN,NaN,NaN,NaN,NaN,NaN,NaN,NaN,NaN,NaN,-1.41432E-2,2.04636E-3,1.82360E-2,-2.22912E-3,-3.50555E-2,-6.78818E-2,-5.23718E-2,-3.09284E-2,-9.74065E-3,4.07950E-3,1.78997E-2,2.92490E-2,2.90611E-2,2.88733E-2,2.83566E-2,2.71386E-2,2.59207E-2,3.12975E-2,4.43508E-2,5.74042E-2,3.99088E-2,2.46466E-3,-3.49795E-2,-2.01285E-2,1.23583E-2,4.48450E-2,3.12434E-2,1.19843E-2,-4.57827E-3,5.11185E-2,-5.04965E-2,-1.26647E-1,3.64835E-2,4.66713E-2,4.53463E-2,-1.77425E-2,6.79692E-2,4.57722E-2,-3.02896E-2,-7.45980E-2,-5.63302E-2,-5.23970E-2,-1.04597E-2,-2.29680E-2,3.94936E-2,-5.05472E-2,-5.75332E-3,-9.40870E-3,-3.08924E-2,-7.19741E-2,-1.08485E-1,3.29994E-2,9.21303E-2,1.64351E-1,1.27683E-1,1.09655E-1,1.84492E-2,6.92307E-2,3.01658E-2,-3.64582E-2,8.09683E-3,7.79032E-2,2.74416E-2,6.32190E-3,2.15636E-2,7.34960E-3,5.18064E-2,1.08034E-1,1.60051E-1,1.54506E-1,8.14738E-2,4.83450E-2,6.85162E-2,2.99276E-2,6.35304E-2,2.30023E-2,-3.20828E-2
8.81958E+2,NaN,NaN,NaN,NaN,NaN,NaN,NaN,NaN,NaN,NaN,NaN,NaN,NaN,NaN,NaN,NaN,NaN,NaN,NaN,NaN,NaN,NaN,NaN,NaN,NaN,NaN,NaN,NaN,NaN,NaN,NaN,NaN,NaN,NaN,NaN,NaN,NaN,NaN,NaN,NaN,NaN,NaN,NaN,NaN,NaN,NaN,NaN,NaN,NaN,NaN,NaN,NaN,NaN,NaN,NaN,NaN,NaN,NaN,NaN,-2.97258E-2,-1.27843E-2,4.15732E-3,6.50811E-3,3.06641E-3,-3.75277E-4,6.95083E-3,1.60491E-2,2.50653E-2,-1.92447E-2,-6.35548E-2,-9.25993E-2,-3.11877E-2,3.02240E-2,6.99400E-2,5.58230E-2,4.17061E-2,8.00973E-3,-5.16294E-2,-1.11268E-1,-9.78475E-2,-2.99742E-2,3.78991E-2,5.52573E-2,5.25613E-2,4.98653E-2,3.88218E-2,2.64045E-2,1.40978E-2,7.35336E-2,2.36511E-2,8.59331E-2,-8.56283E-3,-5.93378E-2,9.59989E-2,1.37441E-1,3.56194E-2,2.13545E-2,-6.49389E-2,1.95910E-1,8.70727E-2,3.17274E-2,5.98502E-2,4.55427E-2,9.24755E-2,1.08116E-1,1.19675E-1,-3.44530E-2,5.30421E-2,1.06627E-1,5.18865E-2,5.15346E-2,-6.07765E-2,-5.50298E-2,-1.35218E-1,-1.89921E-1,-1.11849E-1,-6.89407E-2,-6.84168E-2,-1.94248E-2,1.44529E-2,-1.54882E-2,-4.16974E-2,3.73761E-2,4.05758E-3,-1.86195E-2,-4.72453E-2,-7.10861E-2,-1.13112E-1,-2.22270E-1,-2.15270E-1,-1.67155E-1,-1.07472E-1,-8.22373E-2,-1.26732E-1,-6.70695E-2,-1.63349E-2,-9.08429E-2
8.85364E+2,NaN,NaN,NaN,NaN,NaN,NaN,NaN,NaN,NaN,NaN,NaN,NaN,NaN,NaN,NaN,NaN,NaN,NaN,NaN,NaN,NaN,NaN,NaN,NaN,NaN,NaN,NaN,NaN,NaN,NaN,NaN,NaN,NaN,NaN,NaN,NaN,NaN,NaN,NaN,NaN,NaN,NaN,NaN,NaN,NaN,NaN,NaN,NaN,NaN,NaN,NaN,NaN,NaN,NaN,NaN,NaN,NaN,NaN,6.70783E-3,2.96892E-2,5.26705E-2,3.81376E-2,5.11141E-3,-2.79148E-2,-4.98271E-2,-6.91775E-2,-8.85279E-2,-3.90663E-2,1.35983E-2,6.02513E-2,5.18100E-2,4.33687E-2,3.13595E-2,8.12803E-3,-1.51035E-2,-1.53316E-2,2.13266E-2,5.79849E-2,5.40165E-2,1.35771E-2,-2.68622E-2,-1.17481E-2,3.07518E-2,7.32517E-2,7.46964E-2,6.66772E-2,5.86580E-2,-3.39131E-2,2.12172E-2,-2.93206E-2,1.35453E-1,1.30552E-1,7.57935E-2,4.83730E-2,4.61624E-3,1.63912E-2,3.51152E-2,-9.65158E-3,-3.57824E-2,-6.62837E-2,-3.82395E-2,1.84062E-2,4.03831E-2,2.67772E-2,4.90336E-2,-3.71994E-3,5.59976E-2,-1.70238E-2,2.15858E-2,-3.51306E-2,3.67896E-2,2.05649E-2,9.83329E-2,1.20049E-1,6.74491E-2,8.06986E-2,4.01304E-2,6.73216E-2,2.99227E-2,7.85404E-2,8.22961E-2,2.79223E-2,5.92952E-2,4.75406E-2,6.27286E-2,5.97049E-2,8.12452E-2,1.01008E-1,1.01077E-1,1.51974E-1,1.24320E-1,1.18490E-1,1.30929E-1,8.45695E-2,3.77722E-2,1.40380E-2,-9.65903E-3
8.88771E+2,NaN,NaN,NaN,NaN,NaN,NaN,NaN,NaN,NaN,NaN,NaN,NaN,NaN,NaN,NaN,NaN,NaN,NaN,NaN,NaN,NaN,NaN,NaN,NaN,NaN,NaN,NaN,NaN,NaN,NaN,NaN,NaN,NaN,NaN,NaN,NaN,NaN,NaN,NaN,NaN,NaN,NaN,NaN,NaN,NaN,NaN,NaN,NaN,NaN,NaN,NaN,NaN,NaN,NaN,NaN,NaN,NaN,-3.71386E-1,-2.78417E-1,-1.85449E-1,-7.59268E-2,4.41760E-2,1.64279E-1,4.69198E-1,8.34770E-1,1.20034E+0,6.72599E-1,4.09107E-2,-5.55272E-1,-2.67747E-1,1.97774E-2,2.03528E-1,-8.07591E-2,-3.65046E-1,-6.10132E-1,-7.73557E-1,-9.36982E-1,-8.86532E-1,-5.92174E-1,-2.97817E-1,-1.76724E-1,-1.66382E-1,-1.56040E-1,-1.36671E-1,-1.14339E-1,-9.20064E-2,5.42667E-1,-3.38562E-1,1.09138E+0,-3.51513E-1,7.01195E-2,-2.35164E-1,5.46506E-1,-7.30946E-2,-1.49781E-1,-7.98991E-1,-4.13170E-1,8.19635E-1,-3.05962E-1,3.64060E-1,6.29531E-1,1.04963E-1,-3.88166E-2,-7.70793E-1,1.63610E+0,6.01173E-1,6.64397E-1,1.74478E-1,4.05645E-1,-8.72290E-2,-5.80201E-1,-1.06182E+0,-1.27451E+0,-1.33415E+0,-1.08942E+0,-1.31039E+0,3.27898E-1,-1.18400E+0,-4.25927E-1,-3.31181E-1,-5.21970E-1,-6.12562E-1,-2.29945E-1,-3.67293E-1,-5.15140E-1,-3.73471E-1,-1.19498E+0,-1.05246E+0,-1.19624E+0,-1.90277E+0,-1.58431E+0,-9.91999E-1,-7.61616E-1,-1.30997E+0,-1.88836E+0,-8.99257E-1,-4.73294E-1
8.92178E+2,NaN,NaN,NaN,NaN,NaN,NaN,NaN,NaN,NaN,NaN,NaN,NaN,NaN,NaN,NaN,NaN,NaN,NaN,NaN,NaN,NaN,NaN,NaN,NaN,NaN,NaN,NaN,NaN,NaN,NaN,NaN,NaN,NaN,NaN,NaN,NaN,NaN,NaN,NaN,NaN,NaN,NaN,NaN,NaN,NaN,NaN,NaN,NaN,NaN,NaN,NaN,NaN,NaN,NaN,NaN,NaN,2.56954E-1,1.36026E-1,1.50981E-2,-6.04653E-2,-9.68898E-2,-1.33314E-1,-9.71291E-2,-2.67265E-2,4.36760E-2,3.88601E-2,1.78173E-2,-3.22556E-3,-9.55246E-3,-1.53521E-2,-2.54450E-2,-7.09004E-2,-1.16356E-1,-1.02560E-1,8.79319E-2,2.78424E-1,3.08351E-1,9.12976E-2,-1.25756E-1,-1.93568E-1,-1.32621E-1,-7.16731E-2,-2.39043E-2,1.76540E-2,5.92122E-2,-3.71195E-2,2.36864E-2,-2.33489E-1,5.36305E-3,1.48700E-1,2.27624E-1,-4.03928E-2,-1.92556E-1,-1.46282E-1,9.51449E-2,2.11954E-1,-9.83726E-2,-2.51107E-1,-2.33062E-1,-3.63714E-1,-7.47993E-2,-1.19242E-1,-2.89498E-2,5.92765E-2,-1.13696E-1,-5.24275E-2,2.28006E-1,-2.11482E-1,-5.37708E-2,-3.79404E-2,2.40075E-1,3.42882E-1,1.43626E-1,2.72847E-1,2.31686E-1,1.10461E-1,-2.66257E-1,3.00468E-1,6.21549E-2,1.55820E-1,1.39825E-1,9.51391E-2,-1.19822E-1,-7.99373E-2,1.02962E-1,7.16290E-2,2.68552E-1,5.08021E-1,6.75350E-1,4.69819E-1,2.76219E-1,2.29403E-1,3.09815E-1,2.59959E-1,1.68720E-1,2.42264E-1,3.51154E-2
8.95586E+2,NaN,NaN,NaN,NaN,NaN,NaN,NaN,NaN,NaN,NaN,NaN,NaN,NaN,NaN,NaN,NaN,NaN,NaN,NaN,NaN,NaN,NaN,NaN,NaN,NaN,NaN,NaN,NaN,NaN,NaN,NaN,NaN,NaN,NaN,NaN,NaN,NaN,NaN,NaN,NaN,NaN,NaN,NaN,NaN,NaN,NaN,NaN,NaN,NaN,NaN,NaN,NaN,NaN,NaN,NaN,-7.64262E-2,-7.47531E-2,-7.30799E-2,-7.28674E-2,-7.44371E-2,-7.60068E-2,-1.41194E-1,-2.49994E-1,-3.58795E-1,-1.78350E-1,1.05774E-1,3.89898E-1,3.66005E-1,2.99708E-1,2.32713E-1,1.34451E-1,3.61884E-2,-2.60491E-2,9.44101E-2,2.14869E-1,2.85952E-1,2.45871E-1,2.05789E-1,1.64628E-1,1.22150E-1,7.96724E-2,9.57327E-2,1.51924E-1,2.08115E-1,1.29302E-1,-1.78009E-1,-4.74235E-1,1.22319E-1,3.16950E-1,1.73769E-1,-1.26426E-2,-1.26745E-1,8.76848E-2,4.22931E-2,3.21938E-1,-8.88097E-2,-3.30530E-2,-4.32513E-1,-4.16317E-1,-2.74576E-1,-5.42365E-2,-1.35667E-1,-2.06641E-1,-7.59769E-2,-4.48391E-1,-9.67899E-2,-1.76650E-1,-4.16917E-1,-4.53671E-1,6.55386E-3,3.36765E-1,1.96890E-1,7.14230E-1,2.95086E-1,6.89941E-1,3.42518E-2,-9.30354E-2,4.12014E-1,7.26196E-2,2.21221E-2,4.13819E-1,3.00293E-1,1.09448E-1,-8.75401E-2,-4.55005E-2,1.94076E-1,4.01163E-1,6.59894E-1,1.09044E+0,8.04512E-1,8.27246E-1,4.14633E-1,3.00679E-1,4.32506E-1,2.52678E-1,-3.31149E-2,1.06396E-1
8.98995E+2,NaN,NaN,NaN,NaN,NaN,NaN,NaN,NaN,NaN,NaN,NaN,NaN,NaN,NaN,NaN,NaN,NaN,NaN,NaN,NaN,NaN,NaN,NaN,NaN,NaN,NaN,NaN,NaN,NaN,NaN,NaN,NaN,NaN,NaN,NaN,NaN,NaN,NaN,NaN,NaN,NaN,NaN,NaN,NaN,NaN,NaN,NaN,NaN,NaN,NaN,NaN,NaN,NaN,NaN,-6.30099E-3,1.32362E-2,3.27733E-2,3.12890E-2,-9.05174E-3,-4.93925E-2,-5.61815E-2,-2.85941E-2,-1.00673E-3,9.16258E-3,9.39688E-3,9.63118E-3,1.34841E-2,1.83597E-2,2.32353E-2,1.35403E-2,2.62124E-3,-7.32492E-3,-3.35828E-3,6.08371E-4,4.02837E-3,5.36964E-3,6.71090E-3,1.00763E-2,1.71832E-2,2.42901E-2,2.98596E-2,3.38539E-2,3.78482E-2,4.83285E-2,4.44347E-2,2.86460E-2,2.98668E-2,6.31572E-2,3.89431E-2,7.67666E-2,6.72215E-2,3.48826E-2,1.11939E-2,-5.32345E-3,3.34756E-2,4.16111E-2,1.20858E-1,6.21167E-2,5.16538E-2,2.73316E-2,3.87657E-2,7.18619E-2,4.43470E-2,6.48899E-2,7.87299E-2,3.38725E-2,2.38377E-2,3.54154E-2,8.35699E-2,-1.93668E-2,2.69761E-4,-2.67692E-2,-1.91432E-2,4.27438E-2,-9.87830E-2,2.54433E-2,8.01326E-2,1.81682E-2,2.82139E-2,-1.32844E-2,-2.39971E-2,-4.65423E-2,4.16701E-2,4.55279E-2,3.45525E-2,2.29931E-2,1.55658E-3,-8.50979E-3,-1.99331E-3,-1.04047E-3,2.05775E-2,-1.09200E-2,-1.83802E-2,-6.09744E-2,1.72467E-2,-3.77087E-2,-5.97217E-3
9.02404E+2,NaN,NaN,NaN,NaN,NaN,NaN,NaN,NaN,NaN,NaN,NaN,NaN,NaN,NaN,NaN,NaN,NaN,NaN,NaN,NaN,NaN,NaN,NaN,NaN,NaN,NaN,NaN,NaN,NaN,NaN,NaN,NaN,NaN,NaN,NaN,NaN,NaN,NaN,NaN,NaN,NaN,NaN,NaN,NaN,NaN,NaN,NaN,NaN,NaN,NaN,NaN,NaN,NaN,2.80137E-1,2.46126E-1,2.12115E-1,1.76168E-1,1.34058E-1,9.19480E-2,2.26725E-2,-9.05701E-2,-2.03813E-1,-1.85198E-1,-4.71674E-2,9.08630E-2,6.25939E-2,-4.84706E-2,-1.59535E-1,-1.95762E-1,-2.14488E-1,-2.33215E-1,-1.34338E-1,-2.97036E-2,5.45085E-2,-5.31754E-2,-1.60859E-1,-2.35146E-1,-2.03120E-1,-1.71093E-1,-1.62938E-1,-1.93419E-1,-2.23899E-1,-9.88969E-2,-1.18426E-1,-3.27351E-1,-1.61365E-1,1.02654E-1,-6.18216E-2,-3.91805E-1,-4.32956E-1,-3.33620E-1,-4.51173E-2,2.51875E-1,1.24464E-1,8.33790E-3,-6.59045E-2,-2.72148E-1,-5.00824E-1,-8.42935E-1,-6.03894E-1,-7.25296E-1,-3.48806E-1,-2.19730E-1,-1.69236E-1,-8.25697E-1,-2.08914E-1,-4.37633E-1,-2.93431E-1,-3.87736E-1,-1.55273E-2,-2.57452E-1,4.79816E-1,4.94650E-1,3.75263E-1,3.26529E-1,-7.57861E-2,-3.74577E-1,4.65080E-1,1.50440E-1,2.05420E-1,1.38337E-1,1.36512E-1,-1.92888E-1,-3.81247E-1,1.18658E-1,4.94981E-2,3.63487E-1,5.54975E-1,9.29769E-1,7.64072E-1,6.10051E-1,3.36539E-1,3.38916E-2,1.81043E-1,4.64021E-1,1.09155E-1,2.06405E-1
9.05814E+2,NaN,NaN,NaN,NaN,NaN,NaN,NaN,NaN,NaN,NaN,NaN,NaN,NaN,NaN,NaN,NaN,NaN,NaN,NaN,NaN,NaN,NaN,NaN,NaN,NaN,NaN,NaN,NaN,NaN,NaN,NaN,NaN,NaN,NaN,NaN,NaN,NaN,NaN,NaN,NaN,NaN,NaN,NaN,NaN,NaN,NaN,NaN,NaN,NaN,NaN,NaN,NaN,NaN,2.44265E-2,3.68553E-2,4.44746E-2,1.49292E-2,-1.46161E-2,-3.16242E-2,-1.24702E-2,6.68382E-3,1.26012E-2,-1.31176E-3,-1.52247E-2,-4.31113E-3,2.74839E-2,5.92789E-2,3.11413E-2,-2.44275E-2,-7.99962E-2,-6.89411E-2,-4.41307E-2,-1.93203E-2,-7.42194E-4,1.76546E-2,3.47929E-2,4.22075E-2,4.96221E-2,4.18504E-2,-9.72436E-3,-6.12991E-2,-3.56410E-2,2.12354E-2,-4.73083E-2,-4.80253E-2,2.69554E-2,3.90526E-2,1.35386E-3,-3.94431E-2,-1.59905E-2,5.46699E-2,6.51580E-2,1.32922E-2,-2.78981E-2,-1.97528E-2,6.36171E-3,-5.39107E-2,-2.41725E-2,5.92489E-3,-5.72837E-2,3.12809E-3,2.27023E-2,1.65244E-2,-8.50860E-2,-9.36778E-3,-2.63620E-2,-8.49855E-2,-2.76257E-3,2.70247E-2,7.38733E-2,5.49506E-2,6.42910E-2,1.22060E-1,8.56419E-2,3.39602E-2,7.66708E-2,-6.53292E-2,1.04644E-1,1.45409E-3,-9.72902E-4,7.72809E-2,8.18206E-2,4.99992E-3,-1.34292E-2,2.42494E-2,7.07519E-3,4.37254E-2,8.04648E-2,1.25366E-1,1.66295E-1,1.24240E-1,3.48498E-2,7.73222E-2,1.03565E-1,3.57457E-2,5.06057E-3,-3.91027E-3
9.09225E+2,NaN,NaN,NaN,NaN,NaN,NaN,NaN,NaN,NaN,NaN,NaN,NaN,NaN,NaN,NaN,NaN,NaN,NaN,NaN,NaN,NaN,NaN,NaN,NaN,NaN,NaN,NaN,NaN,NaN,NaN,NaN,NaN,NaN,NaN,NaN,NaN,NaN,NaN,NaN,NaN,NaN,NaN,NaN,NaN,NaN,NaN,NaN,NaN,NaN,NaN,NaN,NaN,9.00498E-3,-1.40407E-2,-3.70863E-2,-1.53301E-2,7.43698E-3,2.45025E-2,6.82815E-5,-2.43659E-2,-3.78956E-2,-2.09696E-2,-4.04366E-3,5.31351E-3,3.62038E-3,1.92724E-3,4.22507E-3,9.79663E-3,1.53682E-2,6.99618E-3,-7.57551E-3,-2.21472E-2,-1.99366E-2,-1.44115E-2,-8.88653E-3,9.99197E-3,2.91718E-2,4.31574E-2,1.93370E-2,-4.48345E-3,-2.83808E-2,-4.36935E-2,-6.84451E-4,7.85386E-2,1.68588E-2,-4.42576E-3,-3.10878E-2,2.77354E-2,-1.49634E-2,1.31893E-3,-1.38138E-2,1.50432E-2,5.23672E-2,1.15637E-2,-4.56457E-2,-3.05146E-2,1.19491E-2,1.45136E-2,2.96681E-2,4.67283E-2,-6.75425E-2,2.36945E-2,9.92636E-3,-1.15184E-2,7.10052E-3,-3.15020E-2,4.38956E-2,-1.10548E-2,7.78702E-2,-4.54874E-2,-3.66912E-2,-7.97225E-3,-2.65313E-2,-5.53324E-2,-4.09793E-2,-1.45735E-2,8.35230E-2,-8.85423E-2,-5.73650E-2,-3.47423E-2,9.45543E-3,2.35734E-2,-9.89778E-4,3.53906E-2,-9.17930E-3,3.85700E-4,-3.85753E-2,-1.03882E-2,9.42493E-3,-1.94821E-2,-2.82839E-2,-1.05731E-1,-6.17202E-2,-1.13957E-1,-8.32928E-2,-7.15935E-2,-4.67801E-2
9.12636E+2,NaN,NaN,NaN,NaN,NaN,NaN,NaN,NaN,NaN,NaN,NaN,NaN,NaN,NaN,NaN,NaN,NaN,NaN,NaN,NaN,NaN,NaN,NaN,NaN,NaN,NaN,NaN,NaN,NaN,NaN,NaN,NaN,NaN,NaN,NaN,NaN,NaN,NaN,NaN,NaN,NaN,NaN,NaN,NaN,NaN,NaN,NaN,NaN,NaN,NaN,NaN,-1.15618E+0,-1.33049E+0,-1.50481E+0,-1.05301E+0,-4.72376E-1,1.08261E-1,2.97601E-1,4.75748E-1,6.20595E-1,5.09299E-1,3.98002E-1,2.82800E-1,1.56359E-1,2.99181E-2,1.77112E-1,7.33458E-1,1.28980E+0,1.13846E+0,3.93000E-1,-3.52462E-1,-5.80993E-1,-5.73434E-1,-5.65876E-1,-3.08379E-1,5.50797E-4,3.09481E-1,9.09957E-1,1.51877E+0,1.59989E+0,-1.70938E+0,2.75572E-1,2.78214E+0,5.92606E-1,2.20620E-1,1.28383E+0,2.09712E+0,9.63130E-1,1.32562E+0,-5.65288E-1,-2.43856E+0,-8.44184E-1,-6.91961E-1,6.40661E-1,-7.11614E-1,-9.72206E-2,3.17288E+0,1.48057E+0,2.63915E+0,1.61739E+0,3.57772E-1,3.40793E+0,4.56137E-1,3.03436E+0,7.81775E-1,4.40523E-1,1.36704E+0,2.70210E+0,8.74763E-1,-1.35070E+0,-1.07207E+0,-4.49897E+0,-1.96612E+0,-2.27462E+0,-1.23574E+0,-2.66966E+0,1.49804E+0,-2.57550E+0,-1.80384E+0,-1.21115E+0,-2.24159E+0,-2.78309E+0,-1.00863E+0,-5.69167E-1,-1.15247E+0,-1.67385E+0,-3.74872E+0,-6.28129E+0,-6.40791E+0,-6.88140E+0,-4.32113E+0,-2.08837E+0,-2.41983E+0,-2.87186E+0,-2.40137E+0,1.57505E-1,1.43538E+0
9.16047E+2,NaN,NaN,NaN,NaN,NaN,NaN,NaN,NaN,NaN,NaN,NaN,NaN,NaN,NaN,NaN,NaN,NaN,NaN,NaN,NaN,NaN,NaN,NaN,NaN,NaN,NaN,NaN,NaN,NaN,NaN,NaN,NaN,NaN,NaN,NaN,NaN,NaN,NaN,NaN,NaN,NaN,NaN,NaN,NaN,NaN,NaN,NaN,NaN,NaN,NaN,-3.60066E-2,-7.16360E-2,-1.07265E-1,-6.63105E-2,1.25343E-2,9.13791E-2,7.51884E-2,3.69751E-2,-1.23825E-3,-7.59862E-2,-1.52467E-1,-2.11965E-1,-1.14407E-1,-1.68496E-2,6.90375E-2,1.18057E-1,1.67077E-1,1.52839E-1,3.68228E-2,-7.91935E-2,-1.38160E-1,-1.45749E-1,-1.53337E-1,-9.50319E-2,-4.12573E-3,8.67804E-2,6.43143E-2,1.55766E-2,-3.31612E-2,1.03268E-1,1.55143E-1,1.90382E-1,-7.40457E-2,-2.11936E-1,1.51739E-1,4.44901E-1,1.45382E-1,1.03164E-1,-2.99124E-1,-1.67598E-1,1.62949E-1,5.26194E-2,2.09287E-1,5.75807E-2,-9.53264E-2,1.10714E-1,7.28068E-1,4.75808E-1,3.10420E-1,8.94196E-2,3.74473E-1,1.88222E-1,2.26916E-1,4.47313E-1,9.83441E-2,1.78448E-1,8.06535E-2,3.84130E-1,1.99557E-1,3.59163E-2,-1.97191E-1,-5.16397E-1,-2.66893E-1,-3.82096E-1,-1.27764E-1,-3.17226E-1,4.44468E-1,-4.33793E-1,-7.50042E-3,8.80746E-3,-3.03219E-1,-2.87241E-1,3.74248E-1,1.75117E-1,-1.61957E-1,-1.01266E-1,-2.46761E-1,-4.74839E-1,-7.03159E-1,-6.42717E-1,-6.51473E-1,-4.32411E-1,-3.97747E-1,-3.64480E-1,-1.02942E-1,-3.03213E-1,5.41571E-2
9.19460E+2,NaN,NaN,NaN,NaN,NaN,NaN,NaN,NaN,NaN,NaN,NaN,NaN,NaN,NaN,NaN,NaN,NaN,NaN,NaN,NaN,NaN,NaN,NaN,NaN,NaN,NaN,NaN,NaN,NaN,NaN,NaN,NaN,NaN,NaN,NaN,NaN,NaN,NaN,NaN,NaN,NaN,NaN,NaN,NaN,NaN,NaN,NaN,NaN,NaN,5.80283E-2,1.64488E-2,-2.51307E-2,-4.27115E-2,-3.60221E-2,-2.93328E-2,-1.06353E-2,1.48155E-2,4.02662E-2,1.86192E-2,-1.60882E-2,-5.07955E-2,-2.32492E-2,9.28956E-3,3.78808E-2,1.28875E-2,-1.21059E-2,-2.86033E-2,-1.34218E-2,1.75975E-3,2.36384E-2,5.77206E-2,9.18028E-2,8.69740E-2,4.27938E-2,-1.38640E-3,-1.22430E-2,-4.35866E-3,3.52571E-3,-2.55197E-2,-2.75505E-3,2.69647E-2,9.03357E-2,1.54122E-2,3.64917E-2,3.28778E-2,7.08279E-2,2.01049E-2,7.29811E-2,1.03122E-2,5.09379E-2,2.84619E-2,1.16425E-2,-3.80544E-2,1.97200E-2,6.06431E-2,7.57805E-2,7.00695E-2,6.39455E-2,3.69763E-2,7.59831E-2,4.18122E-2,-5.63686E-3,5.21103E-2,8.36978E-2,-3.17538E-2,4.36454E-2,5.46599E-2,1.60525E-2,1.97881E-2,3.33594E-2,-8.75840E-3,-8.59593E-3,-3.57196E-2,-1.65558E-2,3.17217E-2,3.54360E-2,5.24257E-2,-4.43869E-2,1.02351E-2,-2.05299E-2,-1.91770E-2,6.29747E-3,6.12023E-2,6.50406E-3,2.90720E-2,-1.55525E-2,-2.49181E-2,-1.92348E-2,-1.82630E-2,-1.56269E-2,1.40581E-2,-1.86605E-2,1.19631E-2,3.31632E-2,-1.34521E-2,-4.09094E-2,-1.37131E-3
9.22873E+2,NaN,NaN,NaN,NaN,NaN,NaN,NaN,NaN,NaN,NaN,NaN,NaN,NaN,NaN,NaN,NaN,NaN,NaN,NaN,NaN,NaN,NaN,NaN,NaN,NaN,NaN,NaN,NaN,NaN,NaN,NaN,NaN,NaN,NaN,NaN,NaN,NaN,NaN,NaN,NaN,NaN,NaN,NaN,NaN,NaN,NaN,NaN,NaN,2.30054E-2,1.81083E-2,1.32113E-2,1.04955E-2,1.25432E-2,1.45909E-2,4.17154E-3,-2.10645E-2,-4.63006E-2,-5.13563E-2,-4.29469E-2,-3.45376E-2,-1.87599E-2,-4.28886E-4,1.79021E-2,1.98065E-2,1.95870E-2,1.84843E-2,-1.28679E-2,-4.42201E-2,-6.57348E-2,-3.96336E-2,-1.35324E-2,9.60314E-3,2.62621E-2,4.29210E-2,3.26138E-2,-9.74192E-3,-5.20976E-2,-3.46895E-2,-4.02014E-2,-2.61763E-2,-8.82015E-3,2.54836E-2,4.07303E-2,3.55406E-2,2.81205E-2,4.92093E-2,4.06947E-2,-5.87850E-3,-9.28515E-3,-1.19512E-2,-4.16328E-2,-2.48323E-2,-1.31369E-2,3.05424E-2,2.46029E-2,2.13928E-2,-2.46873E-3,2.48880E-2,4.91186E-3,-1.94955E-2,-1.12163E-2,4.89100E-2,2.08180E-2,3.17676E-2,2.43780E-2,3.75968E-2,2.86474E-2,-1.32661E-2,2.61040E-3,-8.53172E-2,-8.33387E-2,-5.63891E-2,-4.70247E-2,-1.79177E-2,-2.69193E-2,-5.23606E-2,4.81605E-2,-3.77471E-3,-8.32143E-3,-2.13512E-2,-3.14361E-2,1.10103E-2,-1.26984E-2,-5.51446E-2,-2.29782E-2,-5.72934E-2,-3.13387E-2,1.13776E-2,-8.73241E-2,-7.09852E-2,-5.39431E-2,7.08276E-3,-7.11251E-2,-5.25528E-2,-6.90528E-2,-3.95012E-2,-5.47213E-2
9.26286E+2,NaN,NaN,NaN,NaN,NaN,NaN,NaN,NaN,NaN,NaN,NaN,NaN,NaN,NaN,NaN,NaN,NaN,NaN,NaN,NaN,NaN,NaN,NaN,NaN,NaN,NaN,NaN,NaN,NaN,NaN,NaN,NaN,NaN,NaN,NaN,NaN,NaN,NaN,NaN,NaN,NaN,NaN,NaN,NaN,NaN,NaN,NaN,NaN,-9.87580E-2,1.23683E-1,3.30553E-1,4.23143E-1,5.15733E-1,6.95317E-1,1.11897E+0,1.54263E+0,1.00755E+0,-9.32380E-1,-2.87231E+0,-3.27813E+0,-2.42106E+0,-1.56399E+0,-3.39960E-1,1.04790E+0,2.43577E+0,1.51145E+0,1.27566E-1,-1.25631E+0,-8.61546E-1,-4.25010E-1,-2.96359E-2,6.36429E-2,1.56922E-1,2.45516E-1,3.20966E-1,3.96417E-1,2.30619E-1,-8.32626E-1,-1.57644E-1,1.03332E+0,-2.13224E+0,-2.35865E+0,1.12947E+0,2.76181E+0,1.37361E+0,-1.18947E+0,-3.15483E+0,-1.60444E+0,-9.59763E-1,-1.10725E+0,-3.06171E-2,-5.10804E-1,1.50403E-2,2.71160E+0,3.28177E+0,3.66044E+0,1.68298E+0,1.85535E+0,4.19790E+0,1.28316E+0,2.56999E+0,-1.05577E+0,3.33852E+0,2.63917E+0,1.09629E+0,5.69726E+0,7.64219E-1,2.37940E+0,-4.89795E-1,-3.98259E+0,-2.84758E+0,-2.87664E+0,-1.17125E+0,-4.08518E-1,-4.00822E+0,-1.20500E+0,4.67343E-1,-2.53716E+0,-1.07714E-1,-2.07624E+0,-4.02934E-1,-1.75645E+0,9.73763E-1,3.93369E-1,1.63113E+0,1.94029E+0,-1.47726E+0,-4.96782E+0,-6.51316E+0,-5.18201E+0,-4.02679E+0,-3.43709E+0,-3.22550E+0,-3.43993E+0,-1.84358E+0,-7.17878E-1,-2.57195E+0
9.29700E+2,NaN,NaN,NaN,NaN,NaN,NaN,NaN,NaN,NaN,NaN,NaN,NaN,NaN,NaN,NaN,NaN,NaN,NaN,NaN,NaN,NaN,NaN,NaN,NaN,NaN,NaN,NaN,NaN,NaN,NaN,NaN,NaN,NaN,NaN,NaN,NaN,NaN,NaN,NaN,NaN,NaN,NaN,NaN,NaN,NaN,NaN,NaN,1.51979E+0,1.25736E+0,9.94928E-1,8.26873E-1,6.67597E-1,4.78550E-1,-1.96300E-1,-8.71150E-1,-1.26870E+0,-5.61224E-1,1.46255E-1,3.80025E-1,-2.91733E-1,-9.63492E-1,-1.27375E+0,-1.20218E+0,-1.13060E+0,-7.49502E-1,-1.85980E-1,3.77543E-1,5.88115E-1,6.94464E-1,8.00814E-1,-1.23719E-2,-9.11104E-1,-1.75210E+0,-1.65089E+0,-1.54969E+0,-1.16673E+0,-9.14443E-2,-1.12295E+0,-2.65812E+0,-9.03008E-1,-2.07710E+0,-8.46192E-1,-1.57505E+0,-1.36026E+0,1.02471E+0,1.96669E+0,8.45624E-1,-1.91731E+0,-1.12665E+0,-2.35183E+0,-9.30228E-1,-2.49997E-1,-2.89567E+0,-2.42999E+0,-4.48328E+0,-4.53119E+0,-3.05973E+0,-3.39042E+0,-1.68606E+0,-1.41957E+0,-2.10131E+0,-2.99922E+0,-3.71064E+0,-1.07682E+0,1.08014E-1,-4.06671E+0,-3.24621E+0,-2.59876E+0,4.37476E+0,2.33562E+0,3.79303E+0,3.55850E+0,-7.01162E-1,3.47495E-1,2.66432E+0,1.74641E+0,2.13363E-2,1.75861E+0,2.19340E+0,-8.14596E-1,3.95307E-1,1.58058E+0,-1.48979E+0,-2.38819E+0,-5.84379E-1,3.43137E-1,7.19124E-1,4.22310E+0,5.10258E+0,4.80312E+0,6.84882E-1,1.87533E+0,1.54519E+0,1.95054E+0,2.24203E+0,-1.04678E+0,2.99581E+0
9.33114E+2,NaN,NaN,NaN,NaN,NaN,NaN,NaN,NaN,NaN,NaN,NaN,NaN,NaN,NaN,NaN,NaN,NaN,NaN,NaN,NaN,NaN,NaN,NaN,NaN,NaN,NaN,NaN,NaN,NaN,NaN,NaN,NaN,NaN,NaN,NaN,NaN,NaN,NaN,NaN,NaN,NaN,NaN,NaN,NaN,NaN,NaN,7.15343E-2,1.51239E-1,2.30944E-1,1.47719E-1,-5.59954E-3,-1.58918E-1,-2.19420E-1,-2.62514E-1,-3.05608E-1,-1.66509E-1,-2.46204E-2,9.85574E-2,9.40097E-2,8.94620E-2,8.00688E-2,5.76170E-2,3.51652E-2,5.72328E-2,1.42449E-1,2.27665E-1,2.53370E-1,2.31617E-1,2.09865E-1,1.52131E-1,7.89191E-2,5.70693E-3,-2.13446E-2,-3.97380E-2,-5.81314E-2,1.00473E-1,5.64718E-2,-2.59948E-1,6.42704E-2,-1.70690E-2,5.63568E-2,9.16304E-3,8.41872E-2,8.09987E-2,4.52363E-2,2.32014E-1,5.14922E-2,8.75390E-2,-2.15264E-2,-3.90294E-2,1.29752E-1,3.55430E-2,-9.76788E-2,-2.55325E-1,-4.05909E-2,-4.13294E-1,-1.20866E-1,-1.61710E-1,-4.96171E-2,-1.16640E-1,-8.78117E-2,1.12772E-1,-2.12116E-1,-2.88670E-2,-7.55426E-2,-4.84174E-2,-3.11254E-2,7.24665E-2,1.68403E-1,1.63916E-1,3.79818E-1,3.09278E-1,3.84464E-1,2.00372E-1,2.42082E-1,2.91454E-1,-3.26720E-2,3.67622E-1,1.93287E-1,-5.78446E-2,1.33144E-1,1.13728E-1,-2.51998E-2,2.34963E-3,9.94402E-2,2.06349E-1,3.96754E-1,4.89791E-1,5.29875E-1,3.18467E-1,4.40767E-1,3.63362E-1,3.30401E-1,3.66258E-2,2.69292E-1,2.40669E-1,9.88294E-2
9.36530E+2,NaN,NaN,NaN,NaN,NaN,NaN,NaN,NaN,NaN,NaN,NaN,NaN,NaN,NaN,NaN,NaN,NaN,NaN,NaN,NaN,NaN,NaN,NaN,NaN,NaN,NaN,NaN,NaN,NaN,NaN,NaN,NaN,NaN,NaN,NaN,NaN,NaN,NaN,NaN,NaN,NaN,NaN,NaN,NaN,NaN,-7.26060E-1,-6.80308E-1,-6.34556E-1,-4.79994E-1,-2.04229E-1,7.15348E-2,2.30609E-1,3.16916E-1,4.03224E-1,8.16482E-2,-3.69597E-1,-8.20843E-1,-4.64841E-1,-2.07701E-2,4.16129E-1,6.99022E-1,9.81915E-1,1.07783E+0,3.62724E-1,-3.52385E-1,-7.56824E-1,-5.31094E-1,-3.05365E-1,-1.60319E-1,-1.05146E-1,-4.99736E-2,8.03266E-2,2.57475E-1,4.34624E-1,-9.42052E-2,-1.47936E-2,5.53574E-1,-4.42429E-2,-1.68213E-1,6.54366E-1,1.46227E+0,6.03452E-1,6.04483E-1,-5.62445E-1,-8.97620E-1,-2.95489E-1,-2.97152E-1,1.47742E-1,1.70533E-1,7.17446E-2,7.94300E-1,1.06544E+0,1.32423E+0,1.35488E+0,1.10235E+0,6.48342E-1,1.63357E+0,1.06038E+0,7.18391E-1,9.16293E-1,1.74799E-1,1.17792E+0,1.35398E+0,-1.01742E-2,6.63516E-1,8.26883E-1,7.33335E-1,-7.63189E-1,1.28617E-1,-9.35095E-1,-1.41786E+0,-1.24068E+0,-7.00003E-1,-6.16878E-1,-1.28454E+0,-7.75073E-1,4.20611E-1,-8.97485E-1,-3.32487E-1,-4.56723E-1,-8.53832E-1,-3.36052E-1,4.50085E-1,3.50153E-1,-2.50689E-1,-5.40002E-1,-1.22245E+0,-9.92474E-1,-2.80883E+0,-2.29098E+0,-1.63441E+0,-1.20573E+0,-1.09058E+0,-9.55205E-1,-1.97257E-1,-7.14178E-3,3.84217E-1
9.39945E+2,NaN,NaN,NaN,NaN,NaN,NaN,NaN,NaN,NaN,NaN,NaN,NaN,NaN,NaN,NaN,NaN,NaN,NaN,NaN,NaN,NaN,NaN,NaN,NaN,NaN,NaN,NaN,NaN,NaN,NaN,NaN,NaN,NaN,NaN,NaN,NaN,NaN,NaN,NaN,NaN,NaN,NaN,NaN,NaN,7.66154E-2,2.82288E-2,-2.01578E-2,-5.39948E-2,-4.09020E-2,-2.78092E-2,-1.40076E-2,9.53111E-4,1.59138E-2,2.21797E-2,2.04958E-2,1.88118E-2,7.75765E-3,-8.01199E-3,-2.37816E-2,-2.45643E-2,-2.17877E-2,-1.90111E-2,-1.24933E-3,1.72855E-2,3.49687E-2,4.44246E-2,5.38804E-2,5.26333E-2,1.68640E-2,-1.89052E-2,-3.49526E-2,-1.87559E-2,-2.55930E-3,2.21553E-2,1.67547E-2,-3.78235E-2,-3.21996E-2,5.29097E-2,7.74931E-2,3.01623E-3,-4.40119E-2,1.39390E-2,7.07495E-2,5.86520E-2,6.73351E-2,3.77317E-2,3.14530E-3,7.71674E-3,8.19281E-3,-5.68438E-3,-6.12396E-3,-4.55398E-2,-7.08097E-2,-7.73699E-2,-8.44377E-2,-4.65642E-2,-3.66889E-2,-6.62034E-2,-2.71694E-3,-5.54094E-2,3.59832E-2,-6.03361E-2,-4.17737E-2,2.93383E-2,-1.20939E-1,-4.31129E-2,-4.04580E-3,7.78031E-2,1.10268E-1,8.99969E-2,1.49427E-1,1.11642E-1,1.15092E-1,1.70994E-1,8.26280E-2,2.67817E-2,-1.49224E-2,9.62175E-2,-5.69875E-2,2.71078E-2,6.29297E-2,1.00145E-1,5.33604E-3,3.08157E-2,1.56584E-2,8.18603E-3,1.73134E-1,1.67509E-1,1.89893E-1,1.16728E-1,1.75663E-1,5.29563E-2,9.39948E-2,8.80018E-2,7.64539E-2,2.86777E-2,4.99987E-2
9.43362E+2,NaN,NaN,NaN,NaN,NaN,NaN,NaN,NaN,NaN,NaN,NaN,NaN,NaN,NaN,NaN,NaN,NaN,NaN,NaN,NaN,NaN,NaN,NaN,NaN,NaN,NaN,NaN,NaN,NaN,NaN,NaN,NaN,NaN,NaN,NaN,NaN,NaN,NaN,NaN,NaN,NaN,NaN,NaN,NaN,9.69300E-2,1.17324E-1,1.37719E-1,4.94924E-2,-3.98113E-2,-1.12218E-1,-7.45101E-2,-3.68025E-2,-5.60595E-3,8.50189E-3,2.26097E-2,4.02227E-2,6.27011E-2,8.51795E-2,3.37625E-2,-7.53373E-2,-1.84437E-1,-1.38330E-1,-2.71115E-2,8.41071E-2,6.33853E-2,1.88896E-2,-2.56061E-2,-3.50020E-2,-4.40498E-2,-4.91657E-2,-2.86583E-2,-8.15096E-3,-3.51464E-3,-2.19753E-2,-5.65731E-2,-1.36083E-1,2.83091E-2,-2.45214E-2,-6.38700E-2,-9.38913E-2,-8.50622E-2,2.20021E-3,1.78216E-1,1.44167E-1,6.76741E-3,-1.59529E-1,-8.16356E-2,-6.27951E-2,-6.56194E-2,-1.88714E-1,-1.93540E-1,-3.34928E-1,-2.20357E-1,-1.80785E-1,-1.50904E-1,-3.44287E-1,-2.16519E-1,-2.85671E-1,5.93549E-2,-1.99692E-1,4.10617E-2,-1.23502E-2,-2.04686E-1,-3.89104E-2,-3.06998E-1,-2.45265E-1,-2.05491E-1,6.24197E-2,5.19034E-2,1.17189E-1,1.02796E-1,5.63996E-3,4.55012E-2,9.49648E-2,1.83605E-1,-1.95321E-2,-2.07410E-1,1.23799E-1,1.26081E-2,1.33594E-1,-5.88133E-2,-4.23140E-2,4.58131E-2,-1.57891E-1,-1.96100E-1,3.26396E-3,1.59473E-1,2.29099E-1,2.37978E-1,1.59809E-1,2.50073E-1,2.70695E-1,2.07112E-1,2.36450E-2,7.53666E-2,5.31279E-2,-4.58905E-3
9.46779E+2,NaN,NaN,NaN,NaN,NaN,NaN,NaN,NaN,NaN,NaN,NaN,NaN,NaN,NaN,NaN,NaN,NaN,NaN,NaN,NaN,NaN,NaN,NaN,NaN,NaN,NaN,NaN,NaN,NaN,NaN,NaN,NaN,NaN,NaN,NaN,NaN,NaN,NaN,NaN,NaN,NaN,NaN,NaN,-7.10631E-3,1.55034E-2,3.81131E-2,2.94102E-2,9.34857E-3,-1.07130E-2,-1.58930E-2,-1.89794E-2,-2.19594E-2,-1.95927E-2,-1.72261E-2,-1.24414E-2,4.81626E-3,2.20739E-2,2.96457E-2,1.51714E-2,6.97176E-4,1.38473E-3,2.07465E-2,4.01083E-2,2.39989E-2,-1.66631E-2,-5.73251E-2,-6.54545E-2,-6.17826E-2,-5.81108E-2,-5.75551E-2,-5.74379E-2,-5.57489E-2,2.25486E-2,-1.61693E-2,-7.82968E-2,9.05475E-2,1.35251E-1,1.45760E-1,-1.20973E-1,-4.67565E-3,3.60424E-2,1.02274E-1,1.43847E-1,6.38053E-2,4.81522E-2,-4.98855E-2,-2.16800E-2,5.83161E-2,-1.31365E-1,-9.18251E-2,-7.33621E-2,-9.97570E-2,5.43566E-2,-6.33596E-2,-1.24831E-1,-1.16519E-1,-5.57653E-3,-4.28617E-2,-6.97360E-2,-2.72964E-2,1.05843E-1,1.93595E-3,-6.79569E-2,7.21168E-3,-7.79841E-2,-5.73591E-2,3.11761E-2,7.26545E-2,8.94075E-2,1.30768E-1,1.20024E-1,8.91037E-2,1.18766E-1,1.18186E-1,1.86944E-1,9.42550E-3,-4.29335E-3,1.60386E-1,1.11334E-1,1.26342E-1,6.86291E-2,1.71239E-2,-6.27216E-2,2.94266E-2,2.31811E-2,5.07905E-2,1.44305E-1,2.25445E-1,1.89262E-1,2.28103E-1,1.54290E-1,1.32166E-1,1.40139E-1,1.32225E-1,9.68808E-2,3.09084E-2,8.75362E-2
9.50196E+2,NaN,NaN,NaN,NaN,NaN,NaN,NaN,NaN,NaN,NaN,NaN,NaN,NaN,NaN,NaN,NaN,NaN,NaN,NaN,NaN,NaN,NaN,NaN,NaN,NaN,NaN,NaN,NaN,NaN,NaN,NaN,NaN,NaN,NaN,NaN,NaN,NaN,NaN,NaN,NaN,NaN,NaN,1.09863E-1,1.23949E-1,1.38036E-1,1.05806E-1,2.08688E-2,-6.40683E-2,-9.72356E-2,-9.73859E-2,-9.75362E-2,-3.66565E-2,4.41945E-2,1.25046E-1,1.14415E-1,9.32004E-2,6.82228E-2,-4.90852E-2,-1.66393E-1,-2.46539E-1,-1.59677E-1,-7.28141E-2,-6.75754E-3,1.60618E-2,3.88810E-2,5.21289E-2,5.44846E-2,5.68403E-2,3.46369E-2,-3.22933E-3,-4.10956E-2,-2.95434E-2,-7.67076E-2,-2.21675E-2,6.35965E-3,1.65619E-1,1.30608E-1,-3.42965E-2,-7.19117E-2,3.60943E-2,6.90992E-2,5.78765E-2,-3.61941E-4,-3.13630E-2,-6.14909E-2,1.03035E-1,1.91689E-1,1.34762E-2,-1.42486E-1,-1.47110E-1,-1.17802E-1,-2.26783E-1,-9.97992E-2,-1.29571E-1,-6.05687E-2,-1.13167E-1,-1.22260E-1,-1.66655E-1,-4.05506E-2,-6.04561E-2,-1.80455E-2,-9.70215E-2,-9.25705E-3,4.28759E-2,-8.68653E-3,-8.80605E-2,4.71874E-2,1.74332E-1,4.50460E-2,2.85437E-1,1.58813E-1,2.69169E-4,6.61462E-2,2.37359E-2,1.91338E-1,1.27808E-1,-6.92836E-2,9.02560E-2,1.78705E-1,6.40566E-2,6.64090E-2,1.53970E-1,-9.90951E-2,-5.66671E-2,6.84440E-3,5.13136E-2,2.33612E-1,2.42691E-1,3.31599E-1,2.36259E-1,-3.85991E-2,1.61148E-1,-2.38043E-2,2.28417E-1,-3.55936E-2,-5.38735E-2,-3.67008E-2
9.53614E+2,NaN,NaN,NaN,NaN,NaN,NaN,NaN,NaN,NaN,NaN,NaN,NaN,NaN,NaN,NaN,NaN,NaN,NaN,NaN,NaN,NaN,NaN,NaN,NaN,NaN,NaN,NaN,NaN,NaN,NaN,NaN,NaN,NaN,NaN,NaN,NaN,NaN,NaN,NaN,NaN,NaN,-7.38242E-2,-7.47719E-2,-7.57196E-2,-6.74385E-2,-2.03487E-2,2.67411E-2,6.05907E-2,6.81541E-2,7.57175E-2,7.61476E-2,6.87825E-2,6.14174E-2,4.61933E-2,2.61663E-2,6.13926E-3,-1.16623E-2,-2.87747E-2,-4.58871E-2,-5.63491E-2,-6.61243E-2,-7.36953E-2,-3.87219E-2,-3.74837E-3,2.06606E-2,6.43248E-4,-1.93741E-2,-1.81144E-2,2.53871E-2,6.88885E-2,2.11533E-2,2.64102E-3,7.90801E-2,5.08085E-2,1.02982E-2,-1.46358E-2,5.79876E-3,6.46350E-2,3.48641E-2,-3.76858E-2,-7.12768E-2,-9.11665E-3,2.00970E-2,-5.33889E-3,-1.46526E-2,-6.04522E-2,2.73201E-2,1.44477E-1,1.42019E-1,1.45108E-1,1.67272E-1,1.60696E-1,7.49469E-2,3.90156E-2,6.12975E-2,1.50332E-1,1.63436E-1,8.50821E-2,2.92413E-2,4.19971E-2,1.12042E-1,7.62347E-2,8.28115E-3,2.75545E-2,9.38566E-2,8.54707E-2,-2.46124E-2,4.52619E-3,-1.14232E-1,-1.63524E-1,-1.68737E-1,-7.21390E-2,5.99143E-2,-5.42428E-2,-3.79662E-2,2.29534E-2,-9.53073E-2,-1.83227E-1,-7.51704E-2,-6.58495E-2,-1.03152E-1,-1.16553E-1,1.63077E-1,-5.74786E-2,-3.36696E-2,-3.60462E-2,-1.54645E-1,-1.90566E-1,-2.80058E-1,-1.31787E-1,-9.09793E-2,-8.26539E-2,-1.29086E-1,-4.24422E-2,-5.37094E-2,-4.57631E-2,-9.48864E-2
9.57033E+2,NaN,NaN,NaN,NaN,NaN,NaN,NaN,NaN,NaN,NaN,NaN,NaN,NaN,NaN,NaN,NaN,NaN,NaN,NaN,NaN,NaN,NaN,NaN,NaN,NaN,NaN,NaN,NaN,NaN,NaN,NaN,NaN,NaN,NaN,NaN,NaN,NaN,NaN,NaN,NaN,NaN,2.51725E-2,5.02467E-2,7.53210E-2,1.87990E-2,-4.60761E-2,-1.07007E-1,-9.29907E-2,-7.89743E-2,-5.30783E-2,2.25378E-2,9.81539E-2,1.28625E-1,6.97639E-2,1.09027E-2,-2.26530E-2,-2.86365E-2,-3.46199E-2,-5.49428E-3,4.50203E-2,9.55348E-2,7.03719E-2,2.18683E-2,-2.66353E-2,-3.38646E-2,-3.68685E-2,-3.92687E-2,-3.01965E-2,-2.11242E-2,-1.92474E-2,-2.52189E-2,3.20012E-2,-3.37062E-3,7.38009E-2,3.73357E-2,-2.83279E-2,-7.95622E-2,-6.87496E-2,-6.76093E-2,5.72102E-2,7.98627E-2,3.93246E-2,-2.64383E-2,5.03627E-2,-6.77308E-3,-1.52206E-2,7.84185E-3,-3.62717E-2,-3.03071E-2,-9.33625E-2,-1.16175E-1,-8.11153E-2,-1.28587E-1,-8.26452E-2,-1.41871E-1,-1.45418E-1,-1.16377E-1,-2.18356E-2,-9.33116E-2,-2.85514E-2,-1.21896E-2,-9.72196E-2,-1.02163E-2,-8.05398E-2,-5.32152E-2,-1.21422E-1,-2.08587E-2,-1.95801E-3,6.57304E-2,1.82932E-1,1.11147E-1,6.03911E-2,9.68439E-2,1.08344E-1,4.72350E-2,-4.71842E-2,3.93928E-2,8.50025E-2,3.41376E-2,-4.88813E-2,3.96928E-2,7.72143E-2,-6.20053E-2,5.71502E-2,-9.61167E-3,-1.11114E-2,1.23317E-1,1.25439E-1,2.90956E-1,1.25735E-1,1.61197E-1,1.11548E-1,8.56918E-2,4.53375E-2,1.85589E-2,-8.85776E-3,2.98829E-2
9.60452E+2,NaN,NaN,NaN,NaN,NaN,NaN,NaN,NaN,NaN,NaN,NaN,NaN,NaN,NaN,NaN,NaN,NaN,NaN,NaN,NaN,NaN,NaN,NaN,NaN,NaN,NaN,NaN,NaN,NaN,NaN,NaN,NaN,NaN,NaN,NaN,NaN,NaN,NaN,NaN,NaN,6.16967E-2,1.38272E-1,2.14848E-1,2.16928E-1,1.71969E-1,1.27010E-1,1.28942E-1,1.46023E-1,1.63104E-1,1.29680E-1,9.05609E-2,4.71014E-2,-9.65318E-2,-2.40165E-1,-3.50182E-1,-3.11503E-1,-2.72825E-1,-1.81340E-1,1.87059E-2,2.18752E-1,2.45850E-1,7.80026E-2,-8.98446E-2,-1.03601E-1,-2.00592E-2,6.34823E-2,5.49361E-2,1.66392E-2,-2.16577E-2,2.43705E-2,-2.16120E-1,-4.34697E-1,-4.60540E-2,2.59021E-1,1.84986E-1,-2.85047E-1,-9.11426E-2,7.23101E-2,3.80163E-1,3.17010E-1,-1.17361E-1,9.76463E-2,-1.08521E-1,8.84095E-2,3.23305E-1,-7.30905E-2,-1.00069E-1,-3.73646E-1,-4.02727E-1,-5.58331E-1,-2.30607E-1,-1.55024E-1,-2.16452E-1,-1.47281E-1,-5.36689E-1,-3.35206E-1,-3.68837E-1,1.66782E-1,-8.47503E-4,1.52466E-1,-2.27029E-1,-3.60947E-1,3.89226E-3,-3.27853E-2,-2.04450E-1,-2.24217E-1,-5.56729E-2,1.49293E-1,3.04081E-1,3.85671E-1,4.01727E-1,2.95073E-1,2.37717E-1,3.86945E-1,2.94424E-1,-6.25881E-2,3.82246E-1,5.57703E-1,2.70833E-1,2.23780E-2,1.55225E-1,2.51350E-1,-9.59334E-2,1.05181E-1,3.40295E-1,-7.55353E-2,4.48985E-1,8.41789E-1,6.32593E-1,6.21708E-1,3.93232E-1,2.48807E-1,3.95285E-1,2.71229E-1,1.49987E-1,-4.37148E-2,4.11010E-1
9.63872E+2,NaN,NaN,NaN,NaN,NaN,NaN,NaN,NaN,NaN,NaN,NaN,NaN,NaN,NaN,NaN,NaN,NaN,NaN,NaN,NaN,NaN,NaN,NaN,NaN,NaN,NaN,NaN,NaN,NaN,NaN,NaN,NaN,NaN,NaN,NaN,NaN,NaN,NaN,NaN,-1.19234E-2,-5.39670E-3,1.13000E-3,3.92901E-3,-1.57868E-3,-7.08638E-3,-2.48715E-3,1.43355E-2,3.11581E-2,3.27520E-2,2.40003E-2,1.52485E-2,4.96514E-3,-5.86103E-3,-1.66872E-2,-1.72012E-2,-1.63248E-2,-1.54234E-2,-1.35116E-2,-1.15998E-2,-5.72287E-3,1.99469E-2,4.56167E-2,6.15178E-2,5.56505E-2,4.97832E-2,5.13611E-2,6.19433E-2,7.25255E-2,2.18499E-2,8.57936E-3,6.01859E-2,2.39044E-2,1.29251E-2,1.64577E-2,3.64675E-2,5.50506E-2,1.18539E-1,5.97428E-2,-4.18778E-5,4.66603E-2,5.57670E-2,5.08360E-2,2.75245E-2,3.60387E-3,5.12584E-2,2.99321E-2,3.73563E-2,7.57730E-2,6.39309E-2,6.10446E-2,3.30622E-2,7.61069E-2,4.98611E-2,6.00086E-2,1.16428E-1,9.04843E-2,9.40825E-2,1.10544E-1,5.03902E-2,4.13712E-2,1.03231E-1,6.47706E-2,2.45346E-2,7.97739E-2,8.98079E-2,4.45624E-2,-3.44158E-2,-8.45982E-2,9.08302E-2,-4.75919E-2,-5.85574E-3,1.27867E-3,-1.06521E-2,-3.79812E-2,-4.34040E-2,-3.33670E-3,-1.86266E-2,-3.20235E-2,8.34936E-3,7.96835E-3,4.99598E-3,2.57304E-2,6.10386E-2,2.39086E-2,5.43471E-2,1.36594E-2,-1.19575E-2,-6.96951E-2,-2.64062E-2,-7.13460E-2,1.90282E-2,-3.34112E-2,-4.31661E-2,-6.60950E-2,-4.90980E-3,8.40083E-2,4.38627E-2
9.67293E+2,NaN,NaN,NaN,NaN,NaN,NaN,NaN,NaN,NaN,NaN,NaN,NaN,NaN,NaN,NaN,NaN,NaN,NaN,NaN,NaN,NaN,NaN,NaN,NaN,NaN,NaN,NaN,NaN,NaN,NaN,NaN,NaN,NaN,NaN,NaN,NaN,NaN,NaN,NaN,5.81715E-2,6.56423E-2,7.31130E-2,5.06364E-2,2.80899E-2,9.49293E-3,1.50510E-2,2.06091E-2,2.82155E-2,4.10014E-2,5.37873E-2,3.81479E-2,-1.57539E-2,-6.96558E-2,-9.95705E-2,-1.11323E-1,-1.23076E-1,-1.07797E-1,-8.15807E-2,-5.53649E-2,-4.84874E-2,-4.48944E-2,-4.13014E-2,-7.98713E-3,2.53964E-2,4.68789E-2,-4.42439E-3,-5.57277E-2,-9.02386E-2,-1.00595E-1,-1.28227E-1,-5.51208E-2,3.23272E-2,-2.15427E-2,-9.05854E-2,-1.18528E-1,-1.09209E-2,4.53609E-2,6.14597E-2,-3.38983E-2,-1.24274E-1,-1.46619E-1,-8.44221E-2,-1.23514E-1,-4.06583E-2,-1.61039E-1,-1.19943E-1,-1.66618E-1,-1.32629E-1,-1.30088E-1,-1.88355E-1,-1.70493E-1,-1.62255E-1,-1.64189E-1,-2.12996E-1,-1.58307E-1,-1.26954E-1,-1.39764E-1,-7.74599E-2,-1.21739E-1,-7.13653E-2,-9.18660E-2,-1.46515E-1,-2.75848E-2,-1.01019E-1,-2.17294E-1,-1.15926E-1,7.61287E-2,1.04939E-1,5.40169E-2,5.07613E-2,9.50210E-2,3.03957E-2,1.93073E-2,6.69111E-2,3.93283E-3,-1.00620E-1,5.11559E-2,4.51703E-3,-1.36470E-2,-2.87250E-2,-2.18765E-2,1.91973E-3,-1.90534E-1,-4.64428E-2,-1.70333E-2,-6.62136E-4,1.50116E-1,1.38445E-1,2.77530E-1,1.05398E-1,7.24506E-2,1.48005E-1,1.11930E-1,5.55171E-2,4.79466E-2,-1.11718E-2,-8.22871E-2
9.70714E+2,NaN,NaN,NaN,NaN,NaN,NaN,NaN,NaN,NaN,NaN,NaN,NaN,NaN,NaN,NaN,NaN,NaN,NaN,NaN,NaN,NaN,NaN,NaN,NaN,NaN,NaN,NaN,NaN,NaN,NaN,NaN,NaN,NaN,NaN,NaN,NaN,NaN,NaN,-3.70640E-2,-1.60939E-2,4.87607E-3,1.62082E-2,2.29394E-2,2.96705E-2,1.19747E-2,-1.10929E-2,-3.41605E-2,-7.43596E-3,2.12236E-2,4.50167E-2,2.75250E-2,1.00333E-2,-3.10474E-3,-3.06314E-3,-3.02154E-3,-2.60811E-3,-1.61594E-3,-6.23772E-4,4.97382E-3,1.45901E-2,2.42063E-2,1.98797E-2,8.89707E-3,-2.08554E-3,-8.25709E-3,-1.33707E-2,-1.84842E-2,-6.49653E-2,-4.51045E-2,-4.04514E-2,3.03767E-3,-5.89038E-2,3.78537E-2,6.29758E-2,7.32453E-3,-3.33780E-2,3.62449E-2,-2.38859E-2,-2.65971E-2,3.98377E-3,-7.63570E-2,2.32770E-3,-2.77193E-2,2.61535E-2,-1.92685E-2,1.43011E-2,4.60779E-2,-1.21034E-2,2.45871E-2,-2.06945E-2,-3.36116E-2,1.32515E-2,-1.07261E-2,4.32292E-4,-2.04328E-2,3.67721E-2,1.17474E-3,-1.87767E-2,-4.90953E-2,-3.00997E-2,1.09419E-2,-4.35287E-2,-3.65024E-3,-3.18424E-2,-8.64443E-3,3.41735E-2,-1.40757E-2,-3.22404E-2,9.19870E-3,-3.83236E-2,-7.70189E-2,3.17829E-2,-8.97629E-3,2.82145E-2,-8.50109E-2,-1.67998E-2,2.63489E-3,-3.22516E-3,-8.41021E-2,-6.43179E-3,-5.48918E-2,-4.69665E-2,3.56937E-2,-5.47465E-2,-8.12446E-2,-5.65993E-2,-5.89931E-2,2.56483E-2,4.77742E-2,-2.54970E-2,1.39852E-2,-3.04871E-2,-9.29786E-3,-1.40186E-2,9.27507E-2,-2.92820E-2,-1.57988E-2
9.74135E+2,NaN,NaN,NaN,NaN,NaN,NaN,NaN,NaN,NaN,NaN,NaN,NaN,NaN,NaN,NaN,NaN,NaN,NaN,NaN,NaN,NaN,NaN,NaN,NaN,NaN,NaN,NaN,NaN,NaN,NaN,NaN,NaN,NaN,NaN,NaN,NaN,NaN,-6.79815E-2,-4.74366E-2,-2.68917E-2,-1.05299E-2,-2.02196E-3,6.48596E-3,1.42827E-2,2.13404E-2,2.83981E-2,4.41591E-2,6.49611E-2,8.57631E-2,6.37497E-2,2.93835E-2,-4.98263E-3,-1.77452E-2,-2.86023E-2,-3.41353E-2,4.11544E-2,1.16444E-1,1.70545E-1,1.42303E-1,1.14061E-1,8.32793E-2,4.77278E-2,1.21764E-2,-1.01564E-2,-1.87515E-2,-2.73467E-2,6.71934E-3,-9.25091E-3,-7.89467E-3,1.09680E-3,4.58072E-2,3.51282E-2,-2.96859E-3,3.50961E-2,1.41416E-2,6.54327E-2,1.08170E-1,6.03767E-2,2.97134E-2,2.52168E-2,-2.40933E-2,-1.95681E-2,-5.42253E-3,-4.62654E-2,-6.47004E-2,-7.74755E-2,-5.03765E-2,-5.50069E-3,2.89902E-2,-1.79840E-2,-4.12076E-2,-4.63893E-2,-8.70184E-2,-2.37041E-2,-3.08456E-2,-4.83533E-2,-2.56240E-2,-1.53228E-2,-2.03270E-2,-2.93539E-2,-6.78197E-2,-1.41407E-2,6.19684E-2,5.53051E-3,2.43851E-3,-6.03732E-2,9.39695E-2,1.26893E-1,1.62921E-1,1.19194E-1,9.67636E-2,5.28763E-2,8.94583E-2,8.72819E-2,-2.72419E-2,-6.67637E-3,9.84456E-2,9.18492E-2,2.51359E-2,3.66415E-2,3.26955E-2,2.82261E-2,3.00517E-2,5.65894E-3,6.91735E-2,7.67880E-2,1.16770E-1,1.04655E-1,2.03184E-1,1.43911E-1,9.32910E-2,9.37677E-2,1.33866E-1,1.12344E-1,8.78843E-2,1.51912E-2,2.11622E-2
9.77558E+2,NaN,NaN,NaN,NaN,NaN,NaN,NaN,NaN,NaN,NaN,NaN,NaN,NaN,NaN,NaN,NaN,NaN,NaN,NaN,NaN,NaN,NaN,NaN,NaN,NaN,NaN,NaN,NaN,NaN,NaN,NaN,NaN,NaN,NaN,NaN,NaN,NaN,-6.34019E-3,1.45268E-2,3.52349E-2,3.97900E-2,4.43452E-2,4.48475E-2,2.28436E-2,8.39791E-4,-2.09432E-2,-4.21994E-2,-6.34557E-2,-6.13386E-2,-2.92692E-2,2.80016E-3,1.59527E-2,1.54726E-2,1.49924E-2,2.14762E-2,3.06144E-2,3.97525E-2,4.91319E-2,5.85483E-2,6.79060E-2,7.13022E-2,7.46984E-2,8.08213E-2,1.02086E-1,1.23350E-1,1.28667E-1,1.13777E-1,1.63805E-1,1.78910E-1,7.26515E-2,1.28778E-1,1.02078E-1,1.17414E-1,5.99142E-2,6.60241E-2,-1.96277E-2,2.23991E-2,1.55009E-1,4.27065E-2,-4.65625E-3,-1.43841E-1,5.84302E-2,2.39947E-1,2.10044E-1,2.83177E-1,2.28283E-1,3.02756E-1,1.14453E-1,5.42727E-2,2.28017E-1,2.12716E-1,1.90170E-1,2.75383E-1,2.24899E-1,1.84621E-1,2.04428E-1,1.07078E-1,1.97404E-1,1.00207E-1,2.11579E-1,2.53313E-1,1.51432E-2,1.91557E-1,1.35831E-1,9.68832E-2,-1.15160E-1,1.06655E-1,-1.27282E-1,-2.11601E-1,-1.04376E-1,-7.00677E-2,-1.99711E-2,-9.22102E-2,-1.11986E-1,4.03075E-2,7.38058E-2,-3.24610E-2,-8.00743E-2,-3.37988E-3,6.58749E-2,-1.05830E-1,-2.20296E-2,1.99889E-1,7.10936E-2,-9.83968E-2,-9.86110E-2,-1.16017E-1,-2.10082E-1,-2.13007E-1,-2.01299E-1,-9.09189E-2,-1.09710E-1,-1.14768E-1,-6.12244E-2,-1.40511E-1,4.00522E-2,3.79528E-2
9.80980E+2,NaN,NaN,NaN,NaN,NaN,NaN,NaN,NaN,NaN,NaN,NaN,NaN,NaN,NaN,NaN,NaN,NaN,NaN,NaN,NaN,NaN,NaN,NaN,NaN,NaN,NaN,NaN,NaN,NaN,NaN,NaN,NaN,NaN,NaN,NaN,NaN,6.28581E-1,1.67556E-1,-2.93469E-1,-1.81810E-1,2.20031E-1,6.21872E-1,3.02147E-1,-1.90635E-1,-6.83417E-1,1.02472E-1,9.56488E-1,1.65668E+0,8.43589E-1,3.05004E-2,-6.70438E-1,-1.00656E+0,-1.34268E+0,-1.21999E+0,-3.42289E-1,5.35410E-1,7.39442E-1,3.23725E-1,-9.19917E-2,-3.19269E-1,-4.51065E-1,-5.82860E-1,-7.92457E-1,-1.02071E+0,-1.24897E+0,-1.21476E+0,-5.30580E-2,-1.50239E+0,1.46464E-1,6.32948E-1,7.87385E-1,-1.02429E+0,-1.30799E+0,-1.34065E-1,3.37768E-1,9.66547E-1,2.46820E-1,6.04688E-1,-2.63984E-1,3.44482E-1,8.84665E-1,-2.22638E+0,-1.22776E+0,-1.65518E+0,-1.10207E+0,-2.92814E+0,-4.77850E-1,-9.13841E-1,-1.73940E+0,-1.08409E+0,-1.71235E+0,-1.54354E+0,-7.32806E-1,-8.15586E-1,-1.41609E+0,-1.76645E+0,-1.42542E-1,-6.53487E-1,-9.78297E-1,-1.04343E+0,-2.03386E+0,1.70661E-1,-1.30334E-1,-1.00047E+0,-5.54369E-1,-9.19505E-2,1.43499E+0,2.01782E+0,1.86516E+0,1.59598E+0,1.99725E+0,1.58722E+0,1.32520E+0,6.20591E-1,-8.62244E-1,-1.01253E+0,6.73884E-1,2.16009E+0,3.26453E-1,1.67516E-1,-9.32567E-2,8.53644E-1,-1.18124E+0,1.40250E-1,4.90365E-1,1.52589E+0,2.48016E+0,2.58004E+0,4.35722E+0,3.28846E+0,1.81006E+0,2.79490E+0,1.42708E+0,2.45620E+0,1.08930E+0,6.15756E-1,6.32223E-1
9.84404E+2,NaN,NaN,NaN,NaN,NaN,NaN,NaN,NaN,NaN,NaN,NaN,NaN,NaN,NaN,NaN,NaN,NaN,NaN,NaN,NaN,NaN,NaN,NaN,NaN,NaN,NaN,NaN,NaN,NaN,NaN,NaN,NaN,NaN,NaN,NaN,8.66546E-2,7.50649E-2,6.34752E-2,5.11207E-2,3.70603E-2,2.29999E-2,-9.99236E-3,-6.59012E-2,-1.21810E-1,-1.13260E-1,-6.08793E-2,-8.49878E-3,1.97713E-2,3.94866E-2,5.92018E-2,1.73835E-2,-3.27495E-2,-8.09916E-2,-5.17423E-2,-2.24930E-2,-4.13894E-4,-1.41834E-2,-2.79530E-2,-4.80337E-2,-8.21927E-2,-1.16352E-1,-1.25590E-1,-1.04663E-1,-8.37351E-2,-5.58250E-2,-3.19573E-3,-8.97067E-2,-1.92466E-3,3.21862E-2,5.38824E-2,-2.62866E-2,-1.43870E-1,-1.10980E-1,9.51925E-2,1.76552E-1,1.00416E-1,4.00643E-2,-7.98866E-2,-8.66607E-2,1.92046E-2,-6.96561E-2,-9.51392E-2,-1.81454E-1,-2.38273E-1,-1.68032E-1,-1.06925E-1,-9.21388E-2,-1.14496E-1,-1.76485E-1,-2.50104E-1,-2.54751E-1,-1.68226E-1,-9.77135E-2,-1.02053E-1,-1.33981E-1,-1.52805E-1,6.62632E-2,-1.11216E-1,6.16125E-2,-8.01992E-2,-1.45270E-1,1.15389E-1,-9.95401E-2,2.30441E-2,3.79590E-2,6.20593E-2,1.29709E-1,-6.06998E-2,1.51183E-1,2.47030E-1,2.19852E-1,1.85041E-1,1.33466E-1,5.91939E-2,2.23576E-2,4.75797E-3,6.38381E-2,2.88092E-1,1.76489E-1,1.06904E-1,-1.77776E-2,-6.79220E-2,-7.65467E-2,-1.09375E-1,-1.18005E-1,5.96362E-2,1.33638E-1,1.71933E-1,2.98028E-1,1.70439E-1,2.27081E-1,1.01072E-1,1.38140E-1,1.08284E-1,1.88660E-1,1.79214E-1,9.81152E-2
9.87828E+2,NaN,NaN,NaN,NaN,NaN,NaN,NaN,NaN,NaN,NaN,NaN,NaN,NaN,NaN,NaN,NaN,NaN,NaN,NaN,NaN,NaN,NaN,NaN,NaN,NaN,NaN,NaN,NaN,NaN,NaN,NaN,NaN,NaN,NaN,NaN,7.54922E-3,-6.04189E-3,-1.96330E-2,-1.17759E-2,-2.72748E-3,3.54341E-3,-1.81890E-2,-3.99213E-2,-4.77672E-2,-9.92473E-3,2.79177E-2,4.78973E-2,3.82256E-2,2.85540E-2,1.54773E-2,-7.57539E-4,-1.69924E-2,-1.28554E-2,1.69858E-3,1.62526E-2,-1.81965E-3,-2.78192E-2,-5.38187E-2,-4.56188E-2,-3.55192E-2,-2.62872E-2,-2.58011E-2,-2.53151E-2,-2.91516E-2,-4.06224E-2,-3.09210E-2,-7.69650E-3,3.54076E-2,1.85071E-2,7.82453E-2,-8.21903E-3,-7.38930E-3,2.44553E-2,1.55990E-2,2.59997E-2,-3.51845E-3,-1.61252E-2,8.87746E-3,4.14819E-2,2.77383E-2,1.21112E-2,2.89802E-2,2.78763E-2,-9.21193E-3,-3.73240E-2,-1.97602E-2,-2.61744E-2,-3.90548E-3,-2.85810E-2,-5.35538E-2,2.58476E-2,2.87447E-2,-2.14101E-2,1.62124E-2,-1.74937E-2,9.88244E-3,3.26747E-2,1.77245E-3,-5.80888E-2,-1.24589E-2,1.87267E-2,-4.86157E-2,-5.59670E-3,1.17419E-2,-3.27473E-2,-1.18394E-2,-7.47928E-3,3.84548E-2,-2.30567E-3,-2.42583E-2,8.21718E-3,2.94376E-2,3.81912E-2,6.40780E-3,4.44164E-2,1.07892E-2,4.35203E-2,2.96555E-3,-5.54365E-2,-1.68016E-2,-8.35651E-2,5.68425E-2,2.74044E-2,-4.22080E-3,-2.92664E-2,-2.10203E-2,2.99500E-2,9.76372E-2,6.34422E-2,3.04905E-2,7.73577E-2,3.72607E-2,-9.54402E-3,7.32727E-2,-3.12678E-2,1.59802E-2,2.12668E-2
9.91252E+2,NaN,NaN,NaN,NaN,NaN,NaN,NaN,NaN,NaN,NaN,NaN,NaN,NaN,NaN,NaN,NaN,NaN,NaN,NaN,NaN,NaN,NaN,NaN,NaN,NaN,NaN,NaN,NaN,NaN,NaN,NaN,NaN,NaN,NaN,-3.47088E-2,-1.95575E-2,-4.40622E-3,-1.98605E-3,-8.88480E-3,-1.57836E-2,-1.53338E-2,-1.20296E-2,-8.72534E-3,9.24756E-3,2.95473E-2,4.96337E-2,3.40397E-2,1.84457E-2,5.44354E-3,7.26743E-3,9.09131E-3,1.47276E-2,2.96229E-2,4.45182E-2,3.48554E-2,-6.76731E-3,-4.83901E-2,-4.53377E-2,-9.58428E-3,2.61692E-2,4.91600E-2,6.71932E-2,8.52264E-2,4.70349E-2,7.54263E-3,-4.85237E-2,1.91244E-2,5.10100E-2,6.00581E-2,5.65603E-2,9.93366E-3,-2.06407E-2,2.78575E-2,7.56744E-2,6.78675E-3,-1.73401E-2,8.07263E-3,2.37899E-2,1.12542E-3,6.50289E-3,-1.67430E-2,-2.90096E-2,-9.14139E-2,-7.88507E-2,-2.41385E-3,-4.73478E-2,-1.11569E-1,-4.23399E-2,-2.64934E-2,-1.47169E-3,1.12354E-2,-3.45638E-2,-4.02352E-2,-4.85996E-2,-5.67873E-2,-3.26302E-3,-6.16119E-2,1.00489E-3,3.17676E-2,-3.78095E-2,-2.34398E-3,-7.57647E-3,-2.67276E-2,-2.52236E-2,1.66701E-2,1.85648E-2,5.23232E-2,5.65532E-2,7.44443E-2,5.93730E-2,-4.31139E-3,1.62621E-2,6.47697E-2,4.90805E-3,-4.25740E-2,3.19005E-2,2.84617E-2,7.38551E-2,9.31506E-3,-3.33354E-3,6.86341E-2,1.70372E-2,-3.33436E-2,-4.43811E-4,4.22878E-2,-3.07959E-2,9.44205E-2,1.11548E-1,7.70553E-2,1.01331E-1,7.49013E-2,4.21036E-2,3.92674E-2,6.65572E-2,4.88826E-2,-3.58737E-3,-3.92566E-2
9.94678E+2,NaN,NaN,NaN,NaN,NaN,NaN,NaN,NaN,NaN,NaN,NaN,NaN,NaN,NaN,NaN,NaN,NaN,NaN,NaN,NaN,NaN,NaN,NaN,NaN,NaN,NaN,NaN,NaN,NaN,NaN,NaN,NaN,NaN,2.12125E-1,1.78832E-1,1.45540E-1,1.15447E-1,9.81840E-2,8.09208E-2,4.84907E-2,-1.30539E-2,-7.45984E-2,-8.48033E-2,-4.05731E-2,3.65709E-3,6.89214E-3,-1.41331E-2,-3.51584E-2,-1.03762E-1,-1.86490E-1,-2.69219E-1,-1.11318E-1,6.92419E-2,2.32119E-1,1.01349E-1,-2.94210E-2,-1.22046E-1,-6.17637E-2,-1.48102E-3,-2.91097E-3,-1.22805E-1,-2.42700E-1,-3.43052E-1,-2.68673E-1,-3.49081E-1,-3.97225E-1,-6.35770E-2,-7.68044E-2,-2.32842E-1,-2.75149E-1,-2.76834E-1,3.98567E-2,2.25707E-1,6.07938E-2,5.32470E-3,-7.39374E-2,-1.86548E-1,-1.41091E-1,-2.71309E-1,-3.56605E-1,-3.73107E-1,-5.16020E-1,-4.60408E-1,-3.10579E-1,-3.37727E-1,-3.24095E-1,-3.25935E-1,-4.90682E-1,-4.65097E-1,-4.32199E-1,-3.50225E-1,-1.56317E-1,-1.90752E-1,-2.65183E-1,-2.16968E-1,-1.43699E-1,3.33260E-2,-8.73210E-2,-1.84908E-1,-4.47379E-1,-5.23004E-2,-1.86764E-1,-2.74746E-1,-2.76216E-1,-3.78070E-1,1.28680E-1,6.64768E-2,5.50382E-1,-2.33099E-2,3.59581E-1,6.24747E-2,5.11814E-1,4.42961E-3,-1.14479E-1,-2.77667E-1,2.59048E-1,9.40730E-2,3.60822E-1,2.47978E-1,-5.50742E-2,2.64512E-1,1.37372E-1,-3.02981E-1,-1.34810E-1,-6.05972E-2,5.64094E-2,4.83172E-1,5.65708E-1,7.75939E-1,7.75032E-1,4.68886E-1,1.84875E-1,2.74750E-1,2.26147E-1,1.83384E-1,2.93132E-1,-7.06843E-2
9.98103E+2,NaN,NaN,NaN,NaN,NaN,NaN,NaN,NaN,NaN,NaN,NaN,NaN,NaN,NaN,NaN,NaN,NaN,NaN,NaN,NaN,NaN,NaN,NaN,NaN,NaN,NaN,NaN,NaN,NaN,NaN,NaN,NaN,NaN,4.53376E-2,1.99340E-2,-5.46960E-3,-2.26385E-2,-3.79300E-2,-5.32216E-2,-7.43133E-2,-9.56644E-2,-1.10963E-1,-7.18295E-2,-3.26958E-2,4.57507E-3,3.60404E-2,6.75058E-2,7.95344E-2,6.06163E-2,4.16983E-2,4.89058E-2,7.94087E-2,1.09912E-1,8.99937E-2,4.54084E-2,8.23083E-4,1.07989E-5,9.17776E-3,1.83447E-2,1.90958E-2,1.94707E-2,1.82246E-2,6.10956E-3,1.54104E-2,-6.66532E-2,-1.01040E-2,-5.32368E-3,-2.57719E-2,-1.17736E-1,-6.78976E-2,-2.13267E-2,9.20951E-2,2.04926E-2,-3.90499E-2,-1.07697E-1,-6.72676E-2,4.36755E-2,3.50330E-2,-6.24348E-2,-7.23572E-2,-9.70327E-2,-1.22457E-1,-1.86325E-1,-8.52085E-2,-7.77565E-2,-8.69001E-2,-6.99141E-2,-1.51273E-1,-1.18010E-1,-1.54262E-1,-8.37517E-2,-8.32418E-2,-4.75368E-2,-1.45383E-1,-7.32134E-2,-5.40697E-2,-6.85430E-2,-4.60027E-2,-5.40659E-2,-1.36015E-1,-1.52001E-2,-1.55347E-2,4.29461E-3,-4.67489E-2,-2.35139E-2,3.26877E-2,5.45009E-4,6.68687E-2,3.64882E-2,6.12587E-2,3.87690E-2,8.83340E-2,3.59383E-2,-7.36317E-2,-6.17954E-2,-2.48915E-2,1.17229E-1,1.01411E-1,8.02637E-2,-5.07210E-2,1.00091E-2,2.46670E-2,-4.70603E-2,-3.40053E-2,3.51748E-2,6.46239E-2,9.43949E-2,1.09727E-1,1.35360E-1,1.45113E-1,2.32485E-2,7.59687E-2,1.09948E-1,1.90566E-2,3.37501E-2,8.25305E-2,5.05744E-2
1.00153E+3,NaN,NaN,NaN,NaN,NaN,NaN,NaN,NaN,NaN,NaN,NaN,NaN,NaN,NaN,NaN,NaN,NaN,NaN,NaN,NaN,NaN,NaN,NaN,NaN,NaN,NaN,NaN,NaN,NaN,NaN,NaN,NaN,-7.08547E-2,-8.54411E-2,-1.00028E-1,-1.00178E-1,-8.05212E-2,-6.08646E-2,-6.51025E-2,-8.77792E-2,-1.10456E-1,-6.34324E-2,1.24353E-2,8.83029E-2,3.15269E-2,-4.86286E-2,-1.28784E-1,4.57071E-2,2.21991E-1,3.56206E-1,2.22867E-1,8.95276E-2,-1.66678E-2,-5.26210E-2,-8.85742E-2,-1.03514E-1,-8.96227E-2,-7.57316E-2,-7.62316E-2,-8.78368E-2,-9.94419E-2,-7.67873E-2,7.95763E-2,5.15842E-2,9.78654E-2,5.03609E-2,2.39693E-1,3.57477E-1,2.29222E-1,1.86019E-1,1.26841E-1,4.72346E-2,9.13251E-2,1.09998E-1,1.58329E-1,-1.38882E-2,8.74231E-2,1.57327E-1,1.93704E-1,1.24767E-1,1.24720E-2,8.08052E-2,6.80477E-2,1.25867E-1,7.10005E-2,9.84416E-2,5.01146E-2,7.67935E-3,2.82440E-2,-1.83919E-3,1.48435E-2,8.01637E-2,1.04384E-1,2.47552E-2,-4.81535E-2,1.83215E-1,1.87224E-1,-2.39394E-2,5.76114E-2,-9.75316E-2,-2.22201E-2,1.57167E-1,-2.65050E-3,-1.02419E-1,-3.96133E-2,-1.54697E-1,-9.29747E-2,-3.77140E-2,-5.47983E-2,2.77143E-2,-3.32982E-3,5.45343E-2,1.43871E-2,8.62768E-2,4.01892E-2,6.61278E-2,9.47757E-2,2.08919E-2,1.69040E-1,-1.39999E-1,-2.18773E-1,-8.81834E-2,-7.41889E-2,9.18670E-2,-1.38482E-1,1.44893E-2,7.76563E-2,5.49879E-3,2.41748E-2,1.97354E-1,-5.01567E-2,3.41621E-2,-1.36513E-1,-8.19103E-2,-8.45092E-2,-5.19286E-3,-1.02038E-1
1.00496E+3,NaN,NaN,NaN,NaN,NaN,NaN,NaN,NaN,NaN,NaN,NaN,NaN,NaN,NaN,NaN,NaN,NaN,NaN,NaN,NaN,NaN,NaN,NaN,NaN,NaN,NaN,NaN,NaN,NaN,NaN,NaN,NaN,1.04966E-2,1.56226E-2,2.02804E-2,3.61465E-3,-1.30511E-2,-3.08353E-2,-5.43069E-2,-7.77785E-2,-7.80181E-2,-2.58640E-2,2.62900E-2,4.66134E-2,2.80415E-2,9.46951E-3,9.29602E-3,2.17548E-2,3.42135E-2,2.81968E-2,1.55451E-2,2.89341E-3,9.72651E-3,1.92512E-2,2.89634E-2,4.72097E-2,6.54560E-2,8.29069E-2,9.63131E-2,1.09719E-1,1.15264E-1,9.19759E-2,1.61769E-2,-2.16167E-2,1.16829E-1,1.17501E-1,3.35154E-2,-2.71245E-2,4.19947E-2,4.57188E-2,9.39658E-2,6.93513E-2,6.05844E-2,2.81254E-2,4.73085E-2,7.11244E-2,2.31925E-2,8.96332E-3,1.29649E-2,-3.67302E-2,-9.23590E-2,-4.83398E-2,-4.03365E-2,-2.78453E-2,-5.42698E-3,-5.42288E-2,-5.48703E-2,-2.05625E-2,3.24954E-2,2.73410E-2,2.02728E-2,-9.17161E-3,-1.72317E-2,5.42936E-2,-1.30257E-2,1.08947E-1,1.99523E-2,6.46642E-2,-3.29711E-2,-1.27607E-2,-3.33076E-2,2.30291E-2,2.67540E-2,2.88154E-3,5.48726E-2,5.52485E-2,1.51653E-1,1.26270E-1,7.65508E-2,8.16774E-2,1.16635E-1,1.72835E-1,1.26589E-1,1.36431E-2,6.84892E-3,7.19321E-2,1.35571E-1,1.45768E-1,1.62138E-1,4.33617E-2,1.19990E-1,9.38468E-2,4.62316E-2,6.37660E-2,6.33744E-2,9.04421E-2,1.84232E-1,2.33827E-1,2.20275E-1,1.73389E-1,8.65769E-2,2.02292E-1,8.07229E-2,9.19600E-2,1.41922E-1,1.28341E-1,1.88155E-1
1.00838E+3,NaN,NaN,NaN,NaN,NaN,NaN,NaN,NaN,NaN,NaN,NaN,NaN,NaN,NaN,NaN,NaN,NaN,NaN,NaN,NaN,NaN,NaN,NaN,NaN,NaN,NaN,NaN,NaN,NaN,NaN,NaN,2.58708E-2,-3.92396E-4,-2.66556E-2,-1.59819E-2,1.78958E-2,5.17735E-2,5.27896E-2,4.32587E-2,3.37278E-2,4.64533E-2,6.16549E-2,7.43058E-2,2.98335E-2,-1.46388E-2,-5.53218E-2,-7.93778E-2,-1.03434E-1,-1.27302E-1,-1.50788E-1,-1.74273E-1,-1.67950E-1,-1.28191E-1,-8.84320E-2,-8.41177E-2,-1.02070E-1,-1.20022E-1,-1.32823E-1,-1.43971E-1,-1.55119E-1,-8.14177E-2,-1.11639E-1,-3.23980E-2,-7.06260E-2,-3.14774E-2,4.14681E-2,-1.06144E-2,2.36673E-2,-1.75464E-2,-4.26318E-2,-5.74736E-2,-3.51016E-2,1.11979E-1,8.39515E-2,3.15087E-2,1.65604E-2,8.45912E-2,1.04122E-1,5.10504E-2,7.92980E-2,1.12977E-1,3.26341E-2,1.21945E-1,2.81532E-3,3.16070E-2,1.43320E-2,-2.33292E-2,5.57825E-2,7.61251E-2,4.27668E-2,2.69860E-2,4.66502E-2,2.16105E-2,2.00012E-2,4.20291E-2,-6.26575E-2,1.11327E-2,-1.29005E-2,3.49399E-2,8.59978E-2,-1.97495E-2,-3.20693E-2,8.73135E-2,-7.28916E-2,-7.29421E-2,-3.71484E-2,-5.19686E-2,-5.74240E-2,-8.50253E-3,7.17827E-3,-1.80303E-2,-5.87792E-2,-2.73455E-2,-3.45110E-2,-1.01930E-1,-5.66938E-2,6.94860E-2,-5.73186E-2,-7.93562E-2,-1.67408E-2,9.03179E-3,-1.94452E-3,-9.00785E-4,-4.08816E-2,-4.69327E-2,-6.50605E-2,-1.41709E-2,-5.93699E-2,-6.15657E-2,-2.90872E-2,-7.44444E-2,-1.51692E-1,-1.09984E-1,1.72527E-2,-8.02842E-3,-6.92139E-2,-1.18146E-1
1.01181E+3,NaN,NaN,NaN,NaN,NaN,NaN,NaN,NaN,NaN,NaN,NaN,NaN,NaN,NaN,NaN,NaN,NaN,NaN,NaN,NaN,NaN,NaN,NaN,NaN,NaN,NaN,NaN,NaN,NaN,NaN,1.12244E-3,-6.14205E-3,-1.34065E-2,-1.74740E-2,-8.73524E-3,3.55474E-6,9.76072E-4,-1.29520E-2,-2.68800E-2,-2.01171E-2,8.57402E-3,3.72651E-2,3.92811E-2,2.55191E-2,1.17570E-2,3.43576E-3,-3.27128E-3,-9.97832E-3,-4.24036E-2,-7.72471E-2,-1.08784E-1,-8.55335E-2,-6.22827E-2,-4.46822E-2,-4.97147E-2,-5.47472E-2,-5.79707E-2,-5.77234E-2,-5.74762E-2,-5.27569E-2,-3.77575E-2,-2.67251E-2,-8.53878E-3,1.39473E-2,4.36128E-2,3.85721E-2,1.79723E-2,3.09693E-2,2.00447E-2,8.71903E-3,1.63119E-3,1.76629E-2,3.15025E-2,1.55599E-2,1.48153E-2,6.19824E-3,-5.63094E-3,3.52451E-3,1.63488E-2,2.47917E-2,1.24997E-2,2.15561E-2,3.87506E-2,2.86405E-2,2.80164E-2,2.94943E-2,3.63045E-2,5.23158E-2,4.81046E-2,4.38176E-3,1.34671E-3,1.27299E-2,2.54798E-3,1.16452E-2,6.23177E-3,-4.11016E-4,-1.91661E-2,-1.88334E-3,1.42259E-2,-1.62307E-2,-1.07314E-2,-2.21547E-2,3.44921E-3,-1.70106E-2,-3.22052E-2,-1.19941E-2,-1.38156E-2,-3.49392E-3,-5.03399E-3,-6.12815E-3,-2.18319E-3,-1.74980E-2,-1.17965E-2,8.85102E-3,-1.39005E-2,-2.73517E-2,-1.24737E-2,-3.27068E-2,-9.72217E-3,-1.38514E-2,-1.15415E-2,-4.03928E-2,2.23254E-3,-3.64301E-2,-1.45493E-2,-1.15341E-2,-7.59411E-3,-1.94542E-2,1.54084E-3,-1.03767E-2,-9.49228E-3,-1.36362E-2,-2.16709E-2,-5.32134E-3,-3.02269E-2,-5.17349E-2,-4.04982E-2
1.01524E+3,NaN,NaN,NaN,NaN,NaN,NaN,NaN,NaN,NaN,NaN,NaN,NaN,NaN,NaN,NaN,NaN,NaN,NaN,NaN,NaN,NaN,NaN,NaN,NaN,NaN,NaN,NaN,NaN,NaN,NaN,-1.42396E-3,-9.56428E-4,-4.88897E-4,9.00019E-4,2.55125E-3,4.20249E-3,6.08154E-3,7.98007E-3,9.76071E-3,9.82038E-3,9.88004E-3,1.01648E-2,1.13122E-2,1.24597E-2,7.28929E-3,-9.62332E-3,-2.65359E-2,-4.74105E-2,-7.23648E-2,-9.73190E-2,-9.43054E-2,-7.52528E-2,-5.62002E-2,-5.04548E-2,-4.84979E-2,-4.65411E-2,-5.44240E-2,-6.31481E-2,-7.05677E-2,-5.95582E-2,-5.60965E-2,-3.30314E-2,-2.80517E-2,3.74392E-3,5.02040E-2,4.70360E-2,2.83859E-2,-4.02772E-3,6.70856E-3,1.59579E-2,2.22711E-2,2.46099E-2,1.11427E-2,1.97388E-2,8.41360E-3,3.14834E-2,2.05676E-2,2.58687E-2,4.09773E-2,2.82202E-2,2.09487E-2,3.01710E-2,5.18560E-3,1.67958E-2,2.17951E-2,2.05291E-2,1.31952E-2,2.47740E-2,1.72831E-2,1.46368E-2,2.83466E-2,8.48436E-3,1.23488E-2,3.95512E-3,-2.09636E-2,-5.66688E-3,-3.53169E-3,-4.59305E-3,7.85426E-3,1.33714E-3,-8.60175E-3,6.91183E-3,-7.17024E-3,-5.06073E-3,-1.79227E-2,-9.55192E-3,-3.33839E-2,-1.54850E-3,-7.85832E-3,-3.74123E-3,-4.97488E-3,-1.80004E-2,-4.42153E-3,-7.11318E-3,-2.49634E-3,-8.15672E-4,8.78416E-4,-1.01248E-2,-1.71061E-2,-8.59690E-3,4.14098E-3,-1.70956E-2,-1.27106E-2,-1.45079E-2,-7.19078E-3,-1.79961E-2,-7.96446E-3,-1.86797E-2,-1.20066E-2,-1.60527E-2,-2.40588E-2,-3.86221E-2,-1.75899E-2,-1.37808E-2,-5.04992E-4,-4.75465E-3,-1.85278E-2
1.01867E+3,NaN,NaN,NaN,NaN,NaN,NaN,NaN,NaN,NaN,NaN,NaN,NaN,NaN,NaN,NaN,NaN,NaN,NaN,NaN,NaN,NaN,NaN,NaN,NaN,NaN,NaN,NaN,NaN,NaN,-3.90956E-3,-2.51826E-3,-1.12696E-3,7.60425E-4,3.56847E-3,6.37651E-3,7.45897E-3,6.76695E-3,6.07493E-3,4.06894E-3,1.31050E-3,-1.44794E-3,-7.96122E-4,8.24713E-4,2.44555E-3,-1.39131E-3,-5.69256E-3,-1.11890E-2,-3.40370E-2,-5.68850E-2,-7.40892E-2,-6.97117E-2,-6.53342E-2,-6.03003E-2,-5.40482E-2,-4.77961E-2,-4.57892E-2,-4.81478E-2,-5.05063E-2,-4.92515E-2,-4.84071E-2,-4.36081E-2,-3.42794E-2,-8.31087E-3,2.99654E-2,5.45023E-2,4.92263E-2,3.01554E-2,1.66955E-2,1.46517E-2,1.97368E-2,2.32050E-2,2.08420E-2,1.90132E-2,1.68890E-2,1.94192E-2,2.02443E-2,1.91058E-2,2.18038E-2,2.09734E-2,2.02682E-2,1.89660E-2,1.60736E-2,1.75615E-2,1.61906E-2,1.49914E-2,1.36850E-2,1.22213E-2,1.10210E-2,9.27814E-3,1.15780E-2,1.14620E-2,9.03086E-3,6.73242E-3,4.71736E-3,4.95704E-3,5.00312E-3,5.69585E-3,2.01546E-3,3.66475E-3,-2.66407E-3,-4.26437E-4,3.01922E-3,-2.04055E-4,-1.99412E-3,-1.31641E-3,-3.55338E-3,-1.27938E-3,-1.32630E-3,-2.82151E-3,-1.55436E-3,-4.07675E-3,-5.12656E-3,-6.66672E-3,-5.68465E-3,4.87681E-4,2.31559E-3,-5.58152E-3,-3.43120E-3,-4.63447E-3,-3.25319E-3,-1.43883E-4,-4.89929E-3,-5.44504E-3,-3.05856E-3,-2.22871E-3,-4.18381E-3,-4.72297E-3,-3.15384E-3,-1.47531E-3,-4.20644E-3,-4.37146E-3,-2.53843E-3,2.45918E-4,-1.94688E-3,-1.64569E-4,-1.15900E-3,-3.97331E-3
1.02210E+3,NaN,NaN,NaN,NaN,NaN,NaN,NaN,NaN,NaN,NaN,NaN,NaN,NaN,NaN,NaN,NaN,NaN,NaN,NaN,NaN,NaN,NaN,NaN,NaN,NaN,NaN,NaN,NaN,NaN,1.09436E-3,2.27288E-4,-6.39779E-4,-3.30335E-4,8.81661E-5,4.71954E-4,2.92199E-4,1.12444E-4,8.85777E-6,2.08275E-4,4.07692E-4,6.46940E-4,9.62235E-4,1.27753E-3,6.01618E-4,-1.12011E-3,-2.84183E-3,-1.61558E-2,-3.62939E-2,-5.64319E-2,-6.37001E-2,-6.71740E-2,-7.06480E-2,-6.23256E-2,-5.29097E-2,-4.40737E-2,-4.46526E-2,-4.52315E-2,-4.59732E-2,-4.77097E-2,-4.92948E-2,-4.44251E-2,-3.32746E-2,-5.15707E-4,3.80861E-2,5.76030E-2,4.90923E-2,3.01096E-2,2.11328E-2,2.00303E-2,2.22689E-2,2.27950E-2,2.53861E-2,2.54088E-2,2.09757E-2,2.06977E-2,2.14749E-2,2.09282E-2,1.86425E-2,1.69930E-2,1.78822E-2,1.52344E-2,1.40807E-2,1.61235E-2,1.47805E-2,1.25053E-2,1.30335E-2,1.30653E-2,8.75297E-3,9.92865E-3,1.07520E-2,1.04088E-2,9.49949E-3,7.71310E-3,4.75462E-3,5.71013E-3,5.24669E-3,2.83793E-3,3.38972E-3,4.17963E-4,-8.08395E-4,4.26475E-5,-1.37195E-3,-2.26210E-3,-1.88941E-3,-1.03379E-3,-4.32414E-3,-4.13765E-3,-3.01559E-3,-5.99938E-4,-1.78065E-3,-6.18848E-4,-2.47985E-3,-2.71128E-3,-1.30308E-3,-3.06613E-4,-2.59625E-3,-4.16927E-3,-1.26120E-3,-2.96513E-3,-3.19601E-3,-1.37655E-3,-4.02588E-3,-3.63350E-3,-9.53045E-4,-2.13364E-3,-2.33736E-3,-2.83026E-3,-3.22621E-3,-1.73849E-3,-3.90585E-4,-7.02978E-4,-1.73910E-3,-1.53560E-3,-1.23942E-3,-1.06193E-3,-3.12538E-3,-2.73878E-3
1.02553E+3,NaN,NaN,NaN,NaN,NaN,NaN,NaN,NaN,NaN,NaN,NaN,NaN,NaN,NaN,NaN,NaN,NaN,NaN,NaN,NaN,NaN,NaN,NaN,NaN,NaN,NaN,NaN,NaN,-6.71341E-4,-2.61160E-4,1.49022E-4,4.71447E-4,6.96308E-4,9.21170E-4,9.40101E-4,8.30875E-4,7.21650E-4,2.22876E-4,-3.99415E-4,-1.02171E-3,-5.10343E-4,1.24030E-4,7.04095E-4,1.30832E-4,-4.42431E-4,-4.01319E-3,-2.05452E-2,-3.70772E-2,-5.19099E-2,-6.33032E-2,-7.46965E-2,-7.49042E-2,-6.26761E-2,-5.04481E-2,-4.65927E-2,-4.79477E-2,-4.93027E-2,-4.95868E-2,-5.01706E-2,-5.12868E-2,-4.70210E-2,-2.90137E-2,7.24830E-3,4.52829E-2,5.75053E-2,4.68156E-2,2.98410E-2,2.40455E-2,2.31488E-2,2.40788E-2,2.29646E-2,2.30380E-2,2.20370E-2,2.04569E-2,1.96413E-2,2.07308E-2,2.08464E-2,1.82435E-2,1.64445E-2,1.72910E-2,1.55081E-2,1.39284E-2,1.36740E-2,1.31407E-2,1.21417E-2,1.08993E-2,8.93588E-3,8.61577E-3,8.41752E-3,8.09627E-3,7.05520E-3,7.74792E-3,5.13676E-3,5.76287E-3,5.20058E-3,4.81177E-3,2.59536E-3,1.20478E-3,4.17577E-4,-1.34351E-3,-1.29883E-3,-1.53568E-3,-2.24209E-3,-1.81838E-3,-3.62722E-3,-3.52787E-3,-3.49057E-3,-3.40200E-3,-3.34308E-3,-4.41111E-3,-3.14980E-3,-3.01814E-3,-3.31139E-3,-4.27193E-3,-3.00772E-3,-3.37721E-3,-4.02428E-3,-2.86201E-3,-3.24580E-3,-3.63421E-3,-2.35311E-3,-3.55705E-3,-4.88691E-3,-3.84925E-3,-2.85916E-3,-4.56489E-3,-3.91292E-3,-4.62877E-3,-4.32127E-3,-3.20367E-3,-3.39662E-3,-2.30200E-3,-2.15769E-3,-3.45727E-3,-3.00829E-3,-3.20978E-3,-2.72498E-3
1.02896E+3,NaN,NaN,NaN,NaN,NaN,NaN,NaN,NaN,NaN,NaN,NaN,NaN,NaN,NaN,NaN,NaN,NaN,NaN,NaN,NaN,NaN,NaN,NaN,NaN,NaN,NaN,NaN,NaN,-3.32234E-4,-7.01675E-4,-1.05583E-3,-8.23105E-4,-5.90381E-4,-3.90160E-4,-3.50626E-4,-3.11092E-4,-3.11066E-4,-3.98529E-4,-4.85992E-4,-4.02918E-4,-1.14712E-4,1.73494E-4,6.45417E-4,1.24145E-3,1.83749E-3,-6.86936E-3,-1.88504E-2,-3.08314E-2,-4.74304E-2,-6.46441E-2,-8.11659E-2,-7.11191E-2,-6.10724E-2,-5.25041E-2,-5.12448E-2,-4.99854E-2,-4.94392E-2,-5.07187E-2,-5.21093E-2,-5.18020E-2,-4.58779E-2,-2.36295E-2,1.64314E-2,5.02347E-2,5.68923E-2,4.47070E-2,3.02348E-2,2.51873E-2,2.46658E-2,2.46414E-2,2.38403E-2,2.32601E-2,2.25235E-2,2.11346E-2,2.08192E-2,2.02637E-2,1.90263E-2,1.78941E-2,1.67023E-2,1.61038E-2,1.58636E-2,1.46083E-2,1.37934E-2,1.35959E-2,1.17542E-2,1.11263E-2,9.93576E-3,9.79865E-3,8.70130E-3,7.74774E-3,6.87986E-3,6.95430E-3,6.66213E-3,5.41692E-3,4.65260E-3,4.79735E-3,1.66864E-3,3.22531E-3,-2.84957E-4,-4.75197E-4,-2.25495E-3,-2.18509E-3,-3.47915E-3,-2.93880E-3,-2.60683E-3,-3.39258E-3,-2.49468E-3,-3.54622E-3,-3.17019E-3,-3.04956E-3,-2.58228E-3,-3.49091E-3,-3.82447E-3,-2.72043E-3,-2.92065E-3,-3.09171E-3,-3.45445E-3,-3.31991E-3,-3.63147E-3,-3.27758E-3,-8.21154E-4,-3.35405E-3,-5.11524E-3,-4.73327E-3,-3.27642E-3,-4.21107E-3,-3.64394E-3,-3.09453E-3,-3.16607E-3,-3.58106E-3,-2.57784E-3,-2.62128E-3,-2.94049E-3,-2.95794E-3,-2.57916E-3,-2.78163E-3,-2.45425E-3
1.03239E+3,NaN,NaN,NaN,NaN,NaN,NaN,NaN,NaN,NaN,NaN,NaN,NaN,NaN,NaN,NaN,NaN,NaN,NaN,NaN,NaN,NaN,NaN,NaN,NaN,NaN,NaN,NaN,-2.37801E-4,-4.24018E-4,-6.10235E-4,-5.41763E-4,-2.81783E-4,-2.18040E-5,-9.77548E-5,-3.08491E-4,-5.19227E-4,-7.96784E-4,-1.08553E-3,-1.37429E-3,-6.80761E-4,1.33792E-5,6.83561E-4,1.20925E-3,1.73495E-3,-8.55911E-5,-7.78976E-3,-1.54939E-2,-2.84523E-2,-4.84341E-2,-6.84160E-2,-7.37696E-2,-6.81240E-2,-6.24783E-2,-5.86896E-2,-5.56460E-2,-5.26024E-2,-5.25636E-2,-5.44815E-2,-5.52710E-2,-5.75988E-2,-4.89013E-2,-1.81546E-2,2.72098E-2,5.46326E-2,5.95767E-2,4.37439E-2,3.13954E-2,2.81608E-2,2.65814E-2,2.78623E-2,2.59038E-2,2.52647E-2,2.35758E-2,2.21993E-2,2.13624E-2,2.07357E-2,2.06973E-2,1.82279E-2,1.72845E-2,1.65800E-2,1.64528E-2,1.50542E-2,1.41177E-2,1.27880E-2,1.19654E-2,1.11103E-2,1.14291E-2,9.93401E-3,9.40077E-3,8.38203E-3,8.73401E-3,6.98372E-3,6.99559E-3,6.51910E-3,5.03909E-3,4.98362E-3,1.49070E-3,1.55413E-3,-2.66414E-4,-8.37875E-4,-2.39094E-3,-1.52720E-3,-3.72934E-3,-3.59362E-3,-3.38121E-3,-3.66744E-3,-4.09843E-3,-4.30279E-3,-4.30307E-3,-4.17767E-3,-3.57494E-3,-3.86759E-3,-4.13540E-3,-3.33335E-3,-3.69838E-3,-4.45424E-3,-3.99701E-3,-3.93520E-3,-3.66858E-3,-3.83409E-3,-2.44951E-3,-3.80404E-3,-3.69458E-3,-4.97765E-3,-4.04564E-3,-3.84566E-3,-3.84906E-3,-3.43005E-3,-3.88583E-3,-3.48007E-3,-3.54737E-3,-3.60227E-3,-3.40030E-3,-3.13289E-3,-3.06543E-3,-2.80589E-3,-3.10342E-3
1.03583E+3,NaN,NaN,NaN,NaN,NaN,NaN,NaN,NaN,NaN,NaN,NaN,NaN,NaN,NaN,NaN,NaN,NaN,NaN,NaN,NaN,NaN,NaN,NaN,NaN,NaN,NaN,NaN,-2.94501E-4,1.13458E-5,2.65936E-4,1.05363E-4,-5.52096E-5,-1.97569E-4,-2.86082E-4,-3.74596E-4,-4.02907E-4,-3.39246E-4,-2.75585E-4,-2.88498E-4,-3.67044E-4,-4.45590E-4,2.95365E-5,7.63633E-4,1.49773E-3,-1.12412E-3,-4.46188E-3,-7.79964E-3,-2.79441E-2,-4.86615E-2,-6.71154E-2,-6.72365E-2,-6.73576E-2,-6.60967E-2,-6.07503E-2,-5.54039E-2,-5.27434E-2,-5.43195E-2,-5.52501E-2,-5.65798E-2,-5.73732E-2,-4.44489E-2,-9.81861E-3,3.02986E-2,5.31827E-2,5.51636E-2,4.13787E-2,3.18083E-2,2.92129E-2,2.86000E-2,2.82823E-2,2.73454E-2,2.57956E-2,2.45077E-2,2.37312E-2,2.23464E-2,2.12473E-2,2.06210E-2,1.91610E-2,1.74217E-2,1.70360E-2,1.65438E-2,1.54425E-2,1.51899E-2,1.36493E-2,1.19940E-2,1.21629E-2,1.18106E-2,1.04770E-2,9.82715E-3,9.16427E-3,8.45048E-3,7.72736E-3,7.23143E-3,6.45073E-3,6.05413E-3,6.01714E-3,3.02235E-3,1.69761E-3,1.89128E-4,-2.81363E-4,-1.62462E-3,-2.18173E-3,-3.23777E-3,-2.75244E-3,-3.55933E-3,-3.12075E-3,-3.23117E-3,-3.66599E-3,-3.50434E-3,-3.42350E-3,-3.24070E-3,-3.46140E-3,-3.32221E-3,-3.07778E-3,-3.26068E-3,-3.52040E-3,-3.59429E-3,-3.90028E-3,-3.27435E-3,-3.07778E-3,-1.63119E-3,-3.98481E-3,-3.95089E-3,-4.48324E-3,-3.76553E-3,-3.71982E-3,-3.73831E-3,-2.97846E-3,-2.92241E-3,-2.65258E-3,-3.02060E-3,-2.99731E-3,-3.36571E-3,-3.11809E-3,-3.00695E-3,-3.17679E-3,-2.23487E-3
1.03926E+3,NaN,NaN,NaN,NaN,NaN,NaN,NaN,NaN,NaN,NaN,NaN,NaN,NaN,NaN,NaN,NaN,NaN,NaN,NaN,NaN,NaN,NaN,NaN,NaN,NaN,NaN,-9.15422E-4,-5.97594E-4,-2.79766E-4,-1.41053E-4,-1.01889E-4,-6.27252E-5,1.95097E-4,5.12585E-4,8.30073E-4,6.58636E-4,4.49537E-4,2.60112E-4,3.26791E-4,3.93470E-4,3.93014E-4,1.46262E-4,-1.00489E-4,-2.55917E-4,-2.46895E-4,-2.37874E-4,-9.32350E-3,-2.75071E-2,-4.56907E-2,-5.66965E-2,-6.37130E-2,-7.07296E-2,-6.65523E-2,-5.93206E-2,-5.20888E-2,-5.30673E-2,-5.46664E-2,-5.34315E-2,-5.71825E-2,-5.80250E-2,-4.15643E-2,-2.90080E-3,3.12366E-2,5.50693E-2,5.29534E-2,3.82395E-2,3.20562E-2,2.92220E-2,2.89799E-2,2.90457E-2,2.72150E-2,2.64462E-2,2.51077E-2,2.42667E-2,2.27460E-2,2.23942E-2,2.08541E-2,1.88155E-2,1.76865E-2,1.79020E-2,1.67773E-2,1.61994E-2,1.53430E-2,1.38203E-2,1.29840E-2,1.30472E-2,1.16930E-2,1.11189E-2,9.91929E-3,9.90662E-3,8.29571E-3,8.02349E-3,8.00329E-3,6.71657E-3,6.06257E-3,5.73619E-3,3.29327E-3,1.87023E-3,3.09693E-4,-8.47388E-4,-1.16743E-3,-1.61692E-3,-2.78263E-3,-2.81967E-3,-3.30939E-3,-3.10247E-3,-3.08508E-3,-3.65996E-3,-3.56682E-3,-3.55108E-3,-3.35710E-3,-3.33623E-3,-3.50765E-3,-3.27601E-3,-3.42927E-3,-3.27836E-3,-3.82714E-3,-3.79205E-3,-3.18972E-3,-2.63163E-3,-1.73135E-3,-4.01567E-3,-3.69717E-3,-4.61838E-3,-3.27660E-3,-3.51576E-3,-3.09046E-3,-3.16475E-3,-3.57515E-3,-2.78804E-3,-2.90973E-3,-3.17309E-3,-3.23547E-3,-2.51350E-3,-2.62850E-3,-2.96922E-3,-2.42554E-3
1.04269E+3,NaN,NaN,NaN,NaN,NaN,NaN,NaN,NaN,NaN,NaN,NaN,NaN,NaN,NaN,NaN,NaN,NaN,NaN,NaN,NaN,NaN,NaN,NaN,NaN,NaN,-5.34389E-4,-3.36964E-4,-1.39539E-4,3.54408E-5,1.00459E-4,1.65476E-4,2.90400E-4,5.47197E-4,8.03994E-4,7.41617E-4,2.97281E-4,-1.47055E-4,-2.03366E-4,1.07771E-6,2.05522E-4,4.31967E-5,-2.47363E-4,-5.37924E-4,9.21504E-4,2.61102E-3,3.86772E-3,-1.06803E-2,-2.52284E-2,-3.95340E-2,-5.26514E-2,-6.57687E-2,-7.24778E-2,-6.50802E-2,-5.76825E-2,-5.35443E-2,-5.39825E-2,-5.43094E-2,-5.54799E-2,-5.91072E-2,-5.61167E-2,-3.49293E-2,-1.26554E-3,3.09057E-2,5.02490E-2,4.79938E-2,3.72612E-2,3.19366E-2,2.98155E-2,2.88965E-2,2.84927E-2,2.73770E-2,2.62022E-2,2.50902E-2,2.39356E-2,2.29539E-2,2.20449E-2,2.04847E-2,1.91084E-2,1.85503E-2,1.81976E-2,1.69724E-2,1.61190E-2,1.48291E-2,1.38137E-2,1.35448E-2,1.29991E-2,1.21617E-2,1.15876E-2,1.10358E-2,9.88726E-3,8.82855E-3,8.42824E-3,7.87258E-3,7.18063E-3,6.41423E-3,5.78464E-3,3.56193E-3,2.40475E-3,9.76259E-4,-3.74900E-4,-9.55478E-4,-1.71005E-3,-2.51358E-3,-2.51049E-3,-2.78509E-3,-2.86259E-3,-2.90884E-3,-3.65461E-3,-2.93649E-3,-3.45123E-3,-2.97675E-3,-3.22523E-3,-3.45201E-3,-2.66887E-3,-2.94520E-3,-2.94920E-3,-3.22836E-3,-3.58032E-3,-3.13591E-3,-2.65033E-3,-1.42568E-3,-3.25447E-3,-2.99663E-3,-3.74448E-3,-3.31237E-3,-3.11008E-3,-2.87872E-3,-2.49216E-3,-2.23319E-3,-2.03335E-3,-2.34739E-3,-2.59891E-3,-3.21352E-3,-2.57075E-3,-2.69839E-3,-2.49930E-3,-2.35818E-3
1.04613E+3,NaN,NaN,NaN,NaN,NaN,NaN,NaN,NaN,NaN,NaN,NaN,NaN,NaN,NaN,NaN,NaN,NaN,NaN,NaN,NaN,NaN,NaN,NaN,NaN,NaN,-8.03780E-4,-4.10446E-4,-1.71122E-5,1.51581E-4,2.19458E-4,2.87335E-4,5.36311E-4,8.21570E-4,1.10683E-3,8.09699E-4,4.98215E-4,2.13601E-4,1.28285E-4,4.29694E-5,-8.24531E-5,-3.21047E-4,-5.59640E-4,3.07156E-4,2.80117E-3,5.29519E-3,7.67343E-4,-9.56689E-3,-1.99011E-2,-3.58087E-2,-5.42175E-2,-7.26263E-2,-7.06660E-2,-6.46247E-2,-5.85834E-2,-5.56516E-2,-5.79764E-2,-5.58177E-2,-5.92888E-2,-6.45354E-2,-6.06582E-2,-3.48113E-2,-8.22795E-4,3.54345E-2,5.46058E-2,4.61510E-2,3.53813E-2,3.25226E-2,3.00454E-2,3.03166E-2,2.87889E-2,2.81550E-2,2.65611E-2,2.58506E-2,2.39283E-2,2.39417E-2,2.20657E-2,2.03391E-2,1.94699E-2,1.93140E-2,1.84617E-2,1.76170E-2,1.66376E-2,1.49616E-2,1.45237E-2,1.44789E-2,1.32168E-2,1.27146E-2,1.25141E-2,1.04326E-2,9.02787E-3,8.76617E-3,8.67917E-3,7.65379E-3,7.63489E-3,6.16493E-3,5.84000E-3,4.40879E-3,2.15201E-3,9.13585E-4,-2.63449E-4,-1.39519E-3,-2.02674E-3,-2.52307E-3,-2.82567E-3,-2.67882E-3,-3.25085E-3,-3.10046E-3,-3.74327E-3,-3.10830E-3,-3.86409E-3,-3.54496E-3,-3.47298E-3,-3.64765E-3,-2.62380E-3,-3.18918E-3,-2.85125E-3,-3.56352E-3,-3.87025E-3,-3.38556E-3,-2.77832E-3,-1.27434E-3,-3.56297E-3,-3.37873E-3,-3.94366E-3,-3.06687E-3,-3.24854E-3,-2.92175E-3,-2.58829E-3,-2.85316E-3,-2.41866E-3,-2.62530E-3,-3.09750E-3,-3.32625E-3,-2.64537E-3,-2.90698E-3,-2.66825E-3,-2.52472E-3
1.04956E+3,NaN,NaN,NaN,NaN,NaN,NaN,NaN,NaN,NaN,NaN,NaN,NaN,NaN,NaN,NaN,NaN,NaN,NaN,NaN,NaN,NaN,NaN,NaN,NaN,-7.17177E-4,-3.39349E-4,3.84791E-5,3.32241E-4,3.00032E-4,2.67822E-4,3.13590E-4,5.05534E-4,6.97477E-4,6.58709E-4,3.80515E-4,1.02322E-4,1.34297E-5,3.40106E-5,5.45914E-5,-1.47071E-4,-4.12721E-4,-6.78371E-4,1.77109E-3,4.45887E-3,6.62582E-3,9.35065E-4,-4.75569E-3,-1.36822E-2,-3.51556E-2,-5.66290E-2,-6.96229E-2,-6.67214E-2,-6.38199E-2,-6.01407E-2,-5.86573E-2,-5.84355E-2,-5.87258E-2,-6.32009E-2,-6.66813E-2,-5.81607E-2,-3.43699E-2,6.66060E-4,3.61916E-2,5.14310E-2,4.49594E-2,3.60022E-2,3.25721E-2,3.15131E-2,3.06951E-2,2.97012E-2,2.84576E-2,2.69836E-2,2.57578E-2,2.49533E-2,2.42488E-2,2.25932E-2,2.09559E-2,2.02811E-2,1.97533E-2,1.89202E-2,1.79753E-2,1.67251E-2,1.55395E-2,1.50131E-2,1.44071E-2,1.33973E-2,1.28234E-2,1.19454E-2,1.05711E-2,9.62647E-3,9.33240E-3,8.82974E-3,8.27799E-3,7.48288E-3,6.48248E-3,5.57895E-3,4.25789E-3,2.50883E-3,9.99699E-4,-7.94472E-4,-1.93568E-3,-1.93349E-3,-2.09812E-3,-2.50992E-3,-2.84784E-3,-2.94028E-3,-3.06081E-3,-3.37770E-3,-3.27950E-3,-3.85908E-3,-3.57394E-3,-3.44678E-3,-3.06359E-3,-2.40187E-3,-3.22226E-3,-2.85575E-3,-3.48867E-3,-3.82794E-3,-3.22130E-3,-2.37944E-3,-1.12191E-3,-3.36355E-3,-3.08263E-3,-3.89156E-3,-3.02914E-3,-3.12137E-3,-2.76663E-3,-2.41979E-3,-2.62206E-3,-2.60360E-3,-2.39938E-3,-2.72803E-3,-2.77968E-3,-2.45430E-3,-2.59390E-3,-2.58592E-3,-2.70153E-3
1.05300E+3,NaN,NaN,NaN,NaN,NaN,NaN,NaN,NaN,NaN,NaN,NaN,NaN,NaN,NaN,NaN,NaN,NaN,NaN,NaN,NaN,NaN,NaN,NaN,NaN,-5.16019E-4,-1.15248E-4,2.85522E-4,3.22181E-4,2.12969E-4,1.03757E-4,3.05908E-4,5.60087E-4,8.14266E-4,6.18388E-4,4.22368E-4,2.37772E-4,1.21900E-4,6.02824E-6,-1.42547E-4,-3.73007E-4,-6.03468E-4,1.94695E-4,2.36613E-3,4.53757E-3,4.67781E-3,3.29267E-3,1.90754E-3,-1.45195E-2,-3.69726E-2,-5.94257E-2,-6.43456E-2,-6.63356E-2,-6.83257E-2,-6.12392E-2,-6.16743E-2,-5.95449E-2,-6.19339E-2,-6.71943E-2,-7.23229E-2,-6.22763E-2,-3.69324E-2,3.71738E-3,4.42279E-2,5.44347E-2,4.23824E-2,3.42272E-2,3.36747E-2,3.24870E-2,3.05339E-2,3.05401E-2,2.85565E-2,2.76477E-2,2.62907E-2,2.60058E-2,2.45686E-2,2.25176E-2,2.11749E-2,2.08378E-2,2.01559E-2,1.87751E-2,1.84286E-2,1.65907E-2,1.61053E-2,1.60702E-2,1.43907E-2,1.40075E-2,1.34475E-2,1.16065E-2,1.07560E-2,9.97998E-3,1.00089E-2,8.83734E-3,8.72793E-3,7.06324E-3,6.59066E-3,4.79629E-3,4.52415E-3,2.48937E-3,1.19224E-3,-9.29965E-4,-1.39553E-3,-1.88792E-3,-1.84092E-3,-2.52102E-3,-2.90625E-3,-2.97679E-3,-3.01234E-3,-3.17307E-3,-3.28510E-3,-3.72185E-3,-3.15286E-3,-3.06467E-3,-3.04455E-3,-2.37483E-3,-2.93529E-3,-2.83399E-3,-3.28475E-3,-3.62692E-3,-3.25913E-3,-2.27495E-3,-8.25742E-4,-3.26570E-3,-2.85605E-3,-3.48428E-3,-2.99945E-3,-3.00572E-3,-2.51195E-3,-2.47954E-3,-2.41254E-3,-2.43806E-3,-2.22195E-3,-2.51083E-3,-2.55053E-3,-2.38771E-3,-2.74632E-3,-2.49903E-3,-2.79865E-3
1.05643E+3,NaN,NaN,NaN,NaN,NaN,NaN,NaN,NaN,NaN,NaN,NaN,NaN,NaN,NaN,NaN,NaN,NaN,NaN,NaN,NaN,NaN,NaN,NaN,-4.10500E-4,-1.81290E-4,4.79201E-5,2.27470E-4,2.28012E-4,2.28554E-4,2.57792E-4,3.38041E-4,4.18290E-4,4.26483E-4,3.63448E-4,3.00413E-4,2.34218E-4,1.66290E-4,9.83615E-5,-1.73512E-4,-5.00058E-4,-8.26604E-4,4.44347E-4,1.83286E-3,3.26106E-3,5.18381E-3,7.10656E-3,4.15722E-3,-1.63546E-2,-3.68664E-2,-5.30146E-2,-6.14064E-2,-6.97981E-2,-6.93577E-2,-6.39197E-2,-6.19677E-2,-6.16711E-2,-6.44816E-2,-7.00727E-2,-7.25174E-2,-6.17258E-2,-3.30392E-2,9.37953E-3,4.38551E-2,5.10260E-2,4.13169E-2,3.50263E-2,3.41997E-2,3.26935E-2,3.14388E-2,3.02866E-2,2.88262E-2,2.77800E-2,2.68813E-2,2.61033E-2,2.45592E-2,2.29574E-2,2.21515E-2,2.16512E-2,2.06835E-2,1.94237E-2,1.81946E-2,1.71021E-2,1.67306E-2,1.59509E-2,1.46152E-2,1.39432E-2,1.28545E-2,1.14884E-2,1.07622E-2,1.04482E-2,9.95668E-3,9.29297E-3,8.36427E-3,7.29211E-3,5.89002E-3,5.16003E-3,4.74141E-3,2.99223E-3,1.46298E-3,-8.67237E-5,-6.51497E-4,-1.93385E-3,-1.64417E-3,-2.10178E-3,-2.71968E-3,-2.64762E-3,-2.57844E-3,-2.67088E-3,-3.08663E-3,-3.26877E-3,-2.83142E-3,-2.80747E-3,-2.59871E-3,-2.21156E-3,-2.47789E-3,-2.35545E-3,-2.99482E-3,-3.25393E-3,-2.67508E-3,-1.73338E-3,-2.05186E-4,-2.84845E-3,-2.72700E-3,-3.16544E-3,-2.54265E-3,-2.78403E-3,-2.15072E-3,-2.06780E-3,-2.11638E-3,-2.22431E-3,-2.12223E-3,-2.13431E-3,-2.08741E-3,-1.97227E-3,-2.56914E-3,-2.26600E-3,-2.41390E-3
1.05987E+3,NaN,NaN,NaN,NaN,NaN,NaN,NaN,NaN,NaN,NaN,NaN,NaN,NaN,NaN,NaN,NaN,NaN,NaN,NaN,NaN,NaN,NaN,NaN,-2.02046E-4,2.50604E-5,2.52167E-4,2.83660E-4,2.37070E-4,1.90481E-4,1.98844E-4,2.16334E-4,2.33842E-4,2.93138E-4,3.52435E-4,3.84479E-4,2.53576E-4,1.22673E-4,-5.73406E-5,-3.59877E-4,-6.62414E-4,-6.16588E-4,-1.07081E-4,4.02425E-4,2.83473E-3,6.70664E-3,1.05785E-2,-4.17262E-4,-1.73478E-2,-3.42783E-2,-4.95429E-2,-6.45307E-2,-7.95082E-2,-7.02193E-2,-6.64295E-2,-6.32535E-2,-6.45272E-2,-6.69272E-2,-7.40272E-2,-7.89519E-2,-6.53166E-2,-3.18401E-2,1.85080E-2,5.21540E-2,5.27413E-2,3.88346E-2,3.45590E-2,3.54656E-2,3.26049E-2,3.21391E-2,3.04436E-2,2.96477E-2,2.80043E-2,2.76125E-2,2.63018E-2,2.47885E-2,2.31920E-2,2.25755E-2,2.20913E-2,2.05996E-2,1.93455E-2,1.83707E-2,1.74194E-2,1.71506E-2,1.56689E-2,1.46900E-2,1.42152E-2,1.22603E-2,1.14597E-2,1.08729E-2,1.08158E-2,1.02038E-2,9.64610E-3,8.31582E-3,7.36808E-3,5.07602E-3,6.04062E-3,4.83321E-3,2.68603E-3,1.43502E-3,4.54478E-4,-7.16789E-4,-1.71245E-3,-1.58131E-3,-2.50503E-3,-2.66065E-3,-2.61972E-3,-2.38121E-3,-2.63839E-3,-2.93220E-3,-2.88869E-3,-2.68106E-3,-2.68643E-3,-2.40947E-3,-2.34793E-3,-2.57715E-3,-2.23856E-3,-2.83019E-3,-2.97647E-3,-2.73498E-3,-1.69958E-3,-4.70602E-5,-2.51737E-3,-2.61043E-3,-3.09030E-3,-2.60364E-3,-2.75153E-3,-2.15515E-3,-2.07077E-3,-2.11528E-3,-2.37561E-3,-2.05458E-3,-1.92743E-3,-1.77551E-3,-1.90081E-3,-2.55753E-3,-2.29160E-3,-2.30091E-3
1.06330E+3,NaN,NaN,NaN,NaN,NaN,NaN,NaN,NaN,NaN,NaN,NaN,NaN,NaN,NaN,NaN,NaN,NaN,NaN,NaN,NaN,NaN,NaN,2.53878E-5,5.53910E-5,8.53942E-5,1.19787E-4,1.71026E-4,2.22266E-4,1.95022E-4,2.17245E-5,-1.51572E-4,-7.11392E-5,2.70863E-4,6.12865E-4,5.91868E-4,3.62444E-4,1.33020E-4,-2.03995E-4,-5.71691E-4,-9.39388E-4,-8.36511E-4,-6.93250E-4,-2.88482E-4,3.95218E-3,8.19284E-3,9.08723E-3,-2.86267E-3,-1.48126E-2,-2.99666E-2,-5.10832E-2,-7.21999E-2,-7.97363E-2,-7.37727E-2,-6.81978E-2,-6.58594E-2,-6.74186E-2,-7.07787E-2,-7.82844E-2,-7.98684E-2,-6.26907E-2,-2.40978E-2,2.30775E-2,5.11291E-2,5.05470E-2,3.90926E-2,3.51469E-2,3.51380E-2,3.31663E-2,3.17128E-2,3.06607E-2,2.92847E-2,2.83027E-2,2.73719E-2,2.59841E-2,2.45738E-2,2.35179E-2,2.29296E-2,2.18232E-2,2.04383E-2,1.94837E-2,1.87460E-2,1.80430E-2,1.68266E-2,1.54379E-2,1.47498E-2,1.35974E-2,1.21678E-2,1.15706E-2,1.12602E-2,1.07615E-2,1.01578E-2,9.22723E-3,8.12108E-3,6.33359E-3,5.67497E-3,6.38645E-3,4.71733E-3,2.85822E-3,1.39857E-3,5.08853E-4,-4.72809E-4,-1.33189E-3,-1.88816E-3,-2.72350E-3,-2.83083E-3,-2.55143E-3,-2.19464E-3,-2.48171E-3,-2.79682E-3,-2.82594E-3,-2.81974E-3,-2.74216E-3,-2.40102E-3,-2.47549E-3,-2.60359E-3,-2.13065E-3,-2.60714E-3,-2.75479E-3,-2.46655E-3,-1.51972E-3,1.42097E-4,-2.43018E-3,-2.68232E-3,-3.03669E-3,-2.61329E-3,-2.74735E-3,-2.13620E-3,-2.01390E-3,-1.93721E-3,-2.34069E-3,-2.02212E-3,-1.87656E-3,-1.81364E-3,-1.81701E-3,-2.55574E-3,-2.20399E-3,-2.31271E-3
1.06674E+3,NaN,NaN,NaN,NaN,NaN,NaN,NaN,NaN,NaN,NaN,NaN,NaN,NaN,NaN,NaN,NaN,NaN,NaN,NaN,NaN,NaN,NaN,5.16869E-4,3.78490E-4,2.40110E-4,1.82636E-4,1.60977E-4,1.39318E-4,-5.29977E-5,-2.78786E-4,-5.04575E-4,-1.71535E-4,1.73563E-4,4.70773E-4,4.22487E-4,3.74200E-4,1.93193E-4,-3.56701E-4,-9.06594E-4,-1.18682E-3,-1.07487E-3,-9.62912E-4,9.79333E-4,4.41724E-3,7.85514E-3,4.34274E-3,-2.24628E-3,-8.83530E-3,-3.10713E-2,-5.63764E-2,-8.16814E-2,-8.11930E-2,-7.62581E-2,-6.76405E-2,-6.80563E-2,-6.98623E-2,-7.23179E-2,-8.45177E-2,-8.31537E-2,-6.34980E-2,-1.66884E-2,3.38758E-2,5.84906E-2,5.03470E-2,3.51021E-2,3.56056E-2,3.58100E-2,3.28356E-2,3.20396E-2,3.07356E-2,2.93398E-2,2.88878E-2,2.71618E-2,2.63484E-2,2.44328E-2,2.40380E-2,2.35232E-2,2.17482E-2,2.05794E-2,1.98672E-2,1.87763E-2,1.85272E-2,1.63868E-2,1.54043E-2,1.49950E-2,1.34347E-2,1.27725E-2,1.19421E-2,1.14383E-2,1.07345E-2,9.99053E-3,9.01444E-3,8.05750E-3,5.32906E-3,6.89951E-3,6.71808E-3,5.05838E-3,3.18897E-3,1.52481E-3,6.46205E-4,-1.04464E-4,-9.78047E-4,-1.73752E-3,-2.53128E-3,-2.63503E-3,-2.12470E-3,-1.97695E-3,-2.40370E-3,-2.38334E-3,-2.34036E-3,-2.55292E-3,-2.48515E-3,-2.14955E-3,-2.49821E-3,-2.35275E-3,-1.86165E-3,-2.46761E-3,-2.54147E-3,-2.36065E-3,-1.21327E-3,3.27472E-4,-2.02175E-3,-2.52107E-3,-2.75136E-3,-2.40686E-3,-2.40111E-3,-1.95709E-3,-1.89073E-3,-1.74562E-3,-2.21237E-3,-1.85360E-3,-1.69184E-3,-1.57172E-3,-1.74785E-3,-2.41353E-3,-2.18589E-3,-2.13930E-3
1.07018E+3,NaN,NaN,NaN,NaN,NaN,NaN,NaN,NaN,NaN,NaN,NaN,NaN,NaN,NaN,NaN,NaN,NaN,NaN,NaN,NaN,NaN,8.32903E-4,5.90247E-4,3.47592E-4,1.46788E-4,1.44320E-4,1.41853E-4,3.04761E-5,-3.15444E-4,-6.61365E-4,-6.32308E-4,-1.62989E-4,3.06331E-4,4.82327E-4,4.65059E-4,4.47792E-4,1.03551E-5,-5.70388E-4,-1.15113E-3,-1.05672E-3,-8.77616E-4,-6.36437E-4,1.52021E-3,3.67686E-3,5.16940E-3,3.51467E-3,1.85994E-3,-8.09524E-3,-3.59259E-2,-6.37566E-2,-8.17283E-2,-8.43918E-2,-7.83539E-2,-7.15530E-2,-7.15250E-2,-7.29656E-2,-7.90017E-2,-8.71867E-2,-8.36453E-2,-5.77984E-2,-9.71479E-3,3.68858E-2,5.69511E-2,4.81504E-2,3.61588E-2,3.54756E-2,3.52482E-2,3.28486E-2,3.17909E-2,3.06932E-2,2.96172E-2,2.84752E-2,2.71494E-2,2.59536E-2,2.47359E-2,2.42909E-2,2.31636E-2,2.14517E-2,2.04914E-2,1.98573E-2,1.90972E-2,1.78439E-2,1.62725E-2,1.55964E-2,1.46173E-2,1.34732E-2,1.27744E-2,1.20673E-2,1.13692E-2,1.06545E-2,1.00263E-2,9.02941E-3,6.85886E-3,6.01574E-3,7.07802E-3,6.99319E-3,5.24187E-3,3.32981E-3,1.78373E-3,7.08842E-4,-2.62259E-4,-8.86988E-4,-2.07973E-3,-2.03816E-3,-2.41365E-3,-2.28581E-3,-1.83069E-3,-2.40578E-3,-2.23349E-3,-2.38271E-3,-2.57338E-3,-2.59287E-3,-2.06758E-3,-2.26854E-3,-2.19915E-3,-1.90324E-3,-2.27095E-3,-2.25899E-3,-2.04342E-3,-8.21715E-4,3.94757E-4,-1.96139E-3,-2.39772E-3,-2.58892E-3,-2.25856E-3,-2.25288E-3,-1.88266E-3,-1.90704E-3,-1.63888E-3,-2.33239E-3,-2.06938E-3,-1.78480E-3,-1.59819E-3,-1.84488E-3,-2.47508E-3,-2.36257E-3,-2.12703E-3
1.07362E+3,NaN,NaN,NaN,NaN,NaN,NaN,NaN,NaN,NaN,NaN,NaN,NaN,NaN,NaN,NaN,NaN,NaN,NaN,NaN,NaN,NaN,6.91111E-4,5.51950E-4,4.12789E-4,3.04359E-4,2.12476E-4,1.20593E-4,-2.36867E-4,-6.63709E-4,-1.09055E-3,-6.31509E-4,-1.11612E-4,3.75131E-4,4.73110E-4,5.71089E-4,5.10074E-4,-1.09957E-4,-7.29989E-4,-1.04942E-3,-8.44277E-4,-6.39137E-4,-8.79214E-5,7.99611E-4,1.68714E-3,3.54944E-3,5.93660E-3,8.32376E-3,-1.29917E-2,-4.04994E-2,-6.80071E-2,-8.35658E-2,-8.87687E-2,-7.84551E-2,-7.35798E-2,-7.41705E-2,-7.42295E-2,-8.35623E-2,-9.08501E-2,-8.79132E-2,-5.55584E-2,-1.41363E-3,4.63556E-2,6.10650E-2,4.41982E-2,3.43054E-2,3.59858E-2,3.43919E-2,3.22710E-2,3.20427E-2,3.02451E-2,2.98677E-2,2.77439E-2,2.73554E-2,2.53047E-2,2.49701E-2,2.45347E-2,2.26183E-2,2.12583E-2,2.07224E-2,1.96522E-2,1.92293E-2,1.68778E-2,1.58156E-2,1.52499E-2,1.43841E-2,1.34771E-2,1.26829E-2,1.18863E-2,1.11326E-2,1.06288E-2,9.91115E-3,8.96391E-3,5.68576E-3,7.06139E-3,7.25597E-3,6.76855E-3,5.29058E-3,3.15137E-3,2.03314E-3,9.82713E-4,-3.28198E-4,-7.11327E-4,-2.58386E-3,-1.86980E-3,-2.11600E-3,-2.14816E-3,-1.82678E-3,-2.58579E-3,-1.90388E-3,-2.26668E-3,-2.31359E-3,-2.36660E-3,-1.95483E-3,-2.61058E-3,-2.34123E-3,-1.66315E-3,-2.03475E-3,-2.03124E-3,-1.86236E-3,-6.88420E-4,4.44407E-4,-1.73785E-3,-2.35782E-3,-2.62425E-3,-2.30818E-3,-2.08650E-3,-1.74524E-3,-1.94089E-3,-1.84150E-3,-2.26334E-3,-1.78952E-3,-1.88407E-3,-1.77465E-3,-1.87552E-3,-2.41490E-3,-2.12566E-3,-2.04945E-3
1.07706E+3,NaN,NaN,NaN,NaN,NaN,NaN,NaN,NaN,NaN,NaN,NaN,NaN,NaN,NaN,NaN,NaN,NaN,NaN,NaN,NaN,NaN,7.23176E-4,4.95035E-4,2.87665E-4,2.31849E-4,1.76033E-4,3.74581E-6,-4.94273E-4,-9.92292E-4,-1.08259E-3,-5.76975E-4,-7.13599E-5,2.68664E-4,4.72711E-4,6.76758E-4,3.22233E-4,-2.80952E-4,-8.84137E-4,-9.98994E-4,-1.01723E-3,-1.03546E-3,-9.24330E-4,-8.10246E-4,-1.13464E-4,4.83508E-3,9.78363E-3,6.92169E-3,-1.77838E-2,-4.24893E-2,-6.59749E-2,-8.37405E-2,-8.75737E-2,-8.00495E-2,-7.54121E-2,-7.44855E-2,-7.74071E-2,-8.48935E-2,-9.18017E-2,-8.41630E-2,-4.72743E-2,6.19264E-3,4.85562E-2,5.79156E-2,4.37762E-2,3.46797E-2,3.46399E-2,3.39410E-2,3.21371E-2,3.14390E-2,3.04381E-2,2.91329E-2,2.76331E-2,2.66344E-2,2.53762E-2,2.50195E-2,2.37944E-2,2.21202E-2,2.12636E-2,2.05458E-2,1.97451E-2,1.86423E-2,1.69997E-2,1.61214E-2,1.53244E-2,1.45179E-2,1.34370E-2,1.26660E-2,1.19906E-2,1.11614E-2,1.05788E-2,9.69903E-3,7.70917E-3,6.23963E-3,7.22763E-3,7.26297E-3,7.06383E-3,4.98575E-3,2.91740E-3,1.96058E-3,5.83870E-4,-4.67220E-4,-6.60914E-4,-2.35865E-3,-1.94861E-3,-2.09623E-3,-2.23576E-3,-1.83607E-3,-2.51140E-3,-1.82013E-3,-2.30499E-3,-2.44305E-3,-2.16439E-3,-1.66019E-3,-2.43485E-3,-1.90450E-3,-1.68096E-3,-1.94254E-3,-2.08435E-3,-1.80335E-3,-7.32533E-4,2.03031E-4,-1.85136E-3,-2.30993E-3,-2.31150E-3,-2.02831E-3,-1.94346E-3,-1.86039E-3,-1.95768E-3,-1.69044E-3,-2.21063E-3,-1.79635E-3,-1.73651E-3,-1.73125E-3,-1.93665E-3,-2.39758E-3,-2.26562E-3,-2.02875E-3
1.08050E+3,NaN,NaN,NaN,NaN,NaN,NaN,NaN,NaN,NaN,NaN,NaN,NaN,NaN,NaN,NaN,NaN,NaN,NaN,NaN,NaN,8.00921E-4,6.23214E-4,4.45507E-4,3.04572E-4,1.89627E-4,7.46813E-5,-2.57081E-4,-6.69546E-4,-1.08201E-3,-8.68299E-4,-5.62348E-4,-2.56472E-4,4.43810E-5,3.45234E-4,5.38363E-4,1.54486E-4,-2.29391E-4,-5.93641E-4,-9.12132E-4,-1.23062E-3,-1.50551E-3,-1.72557E-3,-1.94564E-3,1.30652E-3,7.01284E-3,1.27192E-2,-4.96921E-4,-2.07561E-2,-4.10154E-2,-6.70838E-2,-8.82535E-2,-9.02951E-2,-8.34241E-2,-7.77317E-2,-7.65650E-2,-8.08454E-2,-8.79265E-2,-9.84069E-2,-8.55346E-2,-4.18830E-2,1.50181E-2,5.51826E-2,5.74909E-2,4.12676E-2,3.34504E-2,3.47799E-2,3.30693E-2,3.18622E-2,3.11088E-2,3.02332E-2,2.83618E-2,2.77933E-2,2.57697E-2,2.55188E-2,2.48778E-2,2.31600E-2,2.18489E-2,2.11038E-2,2.01766E-2,1.95818E-2,1.76480E-2,1.68275E-2,1.60559E-2,1.53925E-2,1.40715E-2,1.34191E-2,1.27211E-2,1.15012E-2,1.10904E-2,1.02714E-2,9.32101E-3,6.02588E-3,6.77746E-3,7.63827E-3,7.35279E-3,7.20742E-3,4.96090E-3,2.77284E-3,1.69761E-3,2.90056E-4,-4.18389E-4,-1.22704E-3,-2.38335E-3,-2.25156E-3,-2.48717E-3,-2.18800E-3,-2.05480E-3,-2.57032E-3,-1.70831E-3,-2.32703E-3,-2.57465E-3,-2.37440E-3,-1.92151E-3,-2.54324E-3,-1.99324E-3,-1.83143E-3,-1.93811E-3,-2.06227E-3,-1.93248E-3,-7.42706E-4,1.85422E-4,-1.92761E-3,-2.15704E-3,-2.43804E-3,-2.25756E-3,-2.07112E-3,-1.92476E-3,-1.96475E-3,-1.83781E-3,-2.28585E-3,-1.94792E-3,-1.89226E-3,-2.00635E-3,-2.27648E-3,-2.35558E-3,-2.27556E-3,-2.05213E-3
1.08394E+3,NaN,NaN,NaN,NaN,NaN,NaN,NaN,NaN,NaN,NaN,NaN,NaN,NaN,NaN,NaN,NaN,NaN,NaN,NaN,NaN,6.96243E-4,5.42192E-4,3.87460E-4,2.18670E-4,4.98790E-5,-1.53722E-4,-5.06664E-4,-8.59606E-4,-1.00575E-3,-7.35599E-4,-4.65447E-4,-1.76388E-4,1.33589E-4,4.43566E-4,3.78603E-4,8.14916E-5,-2.15620E-4,-7.48937E-4,-1.35666E-3,-1.96438E-3,-2.09547E-3,-2.17554E-3,-2.01046E-3,3.21868E-3,8.44783E-3,9.95589E-3,-4.50001E-3,-1.89559E-2,-3.85106E-2,-6.76878E-2,-8.95803E-2,-9.40845E-2,-8.71757E-2,-8.04971E-2,-7.93530E-2,-8.34794E-2,-9.22113E-2,-1.00112E-1,-8.23043E-2,-3.57577E-2,1.89524E-2,5.46877E-2,5.70483E-2,4.18944E-2,3.31817E-2,3.36267E-2,3.28345E-2,3.15755E-2,3.09430E-2,2.93163E-2,2.79497E-2,2.71858E-2,2.56449E-2,2.53183E-2,2.42207E-2,2.26156E-2,2.17631E-2,2.07540E-2,2.00231E-2,1.90790E-2,1.76903E-2,1.69667E-2,1.61322E-2,1.52067E-2,1.40122E-2,1.33678E-2,1.25162E-2,1.14399E-2,1.10223E-2,1.01839E-2,8.37864E-3,6.25793E-3,7.36600E-3,7.72000E-3,7.28413E-3,7.36939E-3,4.86125E-3,2.68643E-3,1.78404E-3,1.22630E-4,-3.72882E-4,-1.74812E-3,-2.28830E-3,-2.21192E-3,-2.46643E-3,-2.25354E-3,-2.35069E-3,-2.34841E-3,-2.02396E-3,-2.32202E-3,-2.64388E-3,-2.18139E-3,-1.82895E-3,-2.31776E-3,-1.92157E-3,-1.89007E-3,-1.87096E-3,-1.86182E-3,-1.72274E-3,-9.47015E-4,2.38117E-5,-1.85597E-3,-1.97700E-3,-2.17897E-3,-1.96529E-3,-1.97502E-3,-2.02067E-3,-1.87392E-3,-1.72921E-3,-2.16235E-3,-1.75822E-3,-1.75637E-3,-1.94237E-3,-2.17985E-3,-2.31741E-3,-2.11096E-3,-1.83829E-3
1.08738E+3,NaN,NaN,NaN,NaN,NaN,NaN,NaN,NaN,NaN,NaN,NaN,NaN,NaN,NaN,NaN,NaN,NaN,NaN,NaN,5.83740E-4,4.54143E-4,3.24547E-4,1.53344E-4,-5.92249E-5,-2.71794E-4,-4.20962E-4,-5.35130E-4,-6.49298E-4,-6.36677E-4,-5.89774E-4,-5.42871E-4,-2.42922E-4,7.60681E-5,3.69944E-4,3.44331E-4,3.18717E-4,1.04058E-4,-7.97845E-4,-1.69975E-3,-2.28476E-3,-2.30297E-3,-2.32117E-3,-3.82031E-4,3.50314E-3,7.38830E-3,3.72940E-3,-4.09427E-3,-1.19179E-2,-3.70306E-2,-6.94815E-2,-9.32942E-2,-9.66913E-2,-8.92864E-2,-8.20333E-2,-8.12306E-2,-8.43251E-2,-9.74421E-2,-1.03543E-1,-8.01425E-2,-3.01439E-2,2.47404E-2,5.77305E-2,5.63901E-2,4.03376E-2,3.28855E-2,3.30078E-2,3.16532E-2,3.14274E-2,3.01531E-2,2.84809E-2,2.81478E-2,2.65359E-2,2.56020E-2,2.49689E-2,2.34354E-2,2.21973E-2,2.11850E-2,2.05163E-2,1.97062E-2,1.84330E-2,1.76534E-2,1.65910E-2,1.61084E-2,1.46163E-2,1.38105E-2,1.31966E-2,1.19019E-2,1.15704E-2,1.05604E-2,9.69519E-3,6.72156E-3,6.50239E-3,7.69388E-3,7.64714E-3,7.23963E-3,7.49391E-3,4.73235E-3,2.65810E-3,1.58558E-3,-9.95481E-5,-6.27396E-4,-1.76520E-3,-2.37331E-3,-2.91406E-3,-2.53791E-3,-2.26323E-3,-2.55562E-3,-2.64701E-3,-2.34067E-3,-2.58983E-3,-2.68537E-3,-2.33863E-3,-1.99521E-3,-2.17716E-3,-1.93716E-3,-2.05196E-3,-2.10736E-3,-2.07315E-3,-2.00074E-3,-1.09668E-3,-1.12138E-4,-1.93277E-3,-1.86119E-3,-2.24030E-3,-2.06908E-3,-2.08112E-3,-2.20617E-3,-2.00827E-3,-1.79105E-3,-1.97842E-3,-1.96156E-3,-1.95695E-3,-2.00341E-3,-2.29962E-3,-2.14743E-3,-1.98040E-3,-1.79038E-3
1.09082E+3,NaN,NaN,NaN,NaN,NaN,NaN,NaN,NaN,NaN,NaN,NaN,NaN,NaN,NaN,NaN,NaN,NaN,NaN,NaN,2.25702E-4,2.82833E-4,3.39964E-4,2.31201E-4,1.14035E-4,-6.10932E-7,-9.11592E-5,-1.81707E-4,-2.89146E-4,-4.50808E-4,-6.12471E-4,-5.91223E-4,-2.72005E-4,4.72138E-5,2.05711E-4,2.17754E-4,2.29796E-4,-3.23676E-4,-1.16065E-3,-1.99763E-3,-2.13540E-3,-2.10801E-3,-2.08063E-3,-1.12482E-4,1.95396E-3,3.70078E-3,2.39018E-3,1.07958E-3,-6.27118E-3,-3.50356E-2,-6.94002E-2,-9.47388E-2,-9.76196E-2,-9.10196E-2,-8.30835E-2,-8.11614E-2,-8.57591E-2,-9.89703E-2,-1.03543E-1,-7.76570E-2,-2.71536E-2,2.67185E-2,5.89279E-2,5.67370E-2,3.99656E-2,3.09334E-2,3.20533E-2,3.13827E-2,3.08579E-2,2.91675E-2,2.79756E-2,2.71783E-2,2.56797E-2,2.50863E-2,2.40256E-2,2.25785E-2,2.15279E-2,2.04921E-2,1.99998E-2,1.91362E-2,1.80215E-2,1.73162E-2,1.63103E-2,1.54233E-2,1.39646E-2,1.36728E-2,1.29032E-2,1.18351E-2,1.13953E-2,1.02669E-2,8.73107E-3,6.23642E-3,6.92376E-3,7.96074E-3,7.63560E-3,7.10290E-3,7.21692E-3,4.74509E-3,2.64374E-3,1.43304E-3,-2.32446E-5,-5.53297E-4,-1.84221E-3,-2.19739E-3,-2.66861E-3,-2.43875E-3,-2.25429E-3,-2.54641E-3,-2.64875E-3,-2.58359E-3,-2.71480E-3,-2.68395E-3,-2.16849E-3,-1.96743E-3,-2.19412E-3,-2.17987E-3,-2.30669E-3,-1.97495E-3,-2.05226E-3,-2.03465E-3,-1.18475E-3,-1.55518E-4,-1.87498E-3,-1.63749E-3,-2.16890E-3,-1.91923E-3,-2.08562E-3,-2.18487E-3,-1.81751E-3,-1.88009E-3,-1.88246E-3,-1.84821E-3,-2.04247E-3,-2.16376E-3,-2.34750E-3,-2.02769E-3,-1.95683E-3,-1.74125E-3
1.09426E+3,NaN,NaN,NaN,NaN,NaN,NaN,NaN,NaN,NaN,NaN,NaN,NaN,NaN,NaN,NaN,NaN,NaN,NaN,-4.75313E-5,1.24521E-5,7.24354E-5,4.91955E-5,-1.00305E-4,-2.49805E-4,-2.62731E-4,-1.59377E-4,-5.60230E-5,-1.25267E-4,-2.74623E-4,-4.23978E-4,-2.56183E-4,-2.15098E-5,2.13164E-4,3.23914E-4,4.30661E-4,4.29415E-4,-4.31833E-4,-1.29308E-3,-1.96571E-3,-2.08560E-3,-2.20549E-3,-1.99472E-3,-1.28229E-3,-5.69867E-4,1.76767E-3,5.48882E-3,9.20997E-3,-4.41111E-3,-3.48641E-2,-7.25701E-2,-9.42312E-2,-9.90138E-2,-9.27971E-2,-8.48310E-2,-8.18802E-2,-8.81841E-2,-1.02653E-1,-1.03830E-1,-7.50270E-2,-2.33206E-2,3.12399E-2,5.94295E-2,5.54364E-2,3.77724E-2,3.06176E-2,3.07743E-2,3.10098E-2,2.98299E-2,2.83431E-2,2.74184E-2,2.61160E-2,2.52553E-2,2.45097E-2,2.32975E-2,2.20193E-2,2.08436E-2,2.01337E-2,1.93426E-2,1.85558E-2,1.77676E-2,1.67616E-2,1.61388E-2,1.45944E-2,1.38884E-2,1.34821E-2,1.23861E-2,1.17251E-2,1.08037E-2,9.62746E-3,7.19320E-3,6.39586E-3,7.56783E-3,7.86515E-3,7.28749E-3,7.35190E-3,6.49623E-3,4.60217E-3,2.70321E-3,1.12050E-3,2.96699E-4,-3.09394E-4,-1.53289E-3,-1.87859E-3,-2.27065E-3,-2.32112E-3,-2.28001E-3,-2.68804E-3,-2.80258E-3,-2.68211E-3,-2.74067E-3,-2.72398E-3,-2.19847E-3,-1.88764E-3,-2.13752E-3,-2.40221E-3,-2.47188E-3,-1.94308E-3,-2.12451E-3,-2.16659E-3,-1.29252E-3,-2.28356E-4,-1.96254E-3,-1.61593E-3,-2.14399E-3,-1.82661E-3,-2.06915E-3,-2.33085E-3,-1.91205E-3,-1.82829E-3,-1.74271E-3,-1.97261E-3,-2.05944E-3,-2.15032E-3,-2.30977E-3,-1.93962E-3,-1.86035E-3,-1.57670E-3
1.09771E+3,NaN,NaN,NaN,NaN,NaN,NaN,NaN,NaN,NaN,NaN,NaN,NaN,NaN,NaN,NaN,NaN,NaN,NaN,-3.68950E-4,-9.50036E-6,3.49949E-4,1.69382E-4,-1.15597E-4,-4.00577E-4,-6.29827E-5,2.86778E-4,5.61851E-4,3.07790E-4,5.37296E-5,-1.24469E-4,-9.39196E-5,-6.33703E-5,-9.98469E-6,7.63438E-5,1.62672E-4,-1.15209E-4,-6.88368E-4,-1.26153E-3,-1.74065E-3,-2.17853E-3,-2.61640E-3,-2.75395E-3,-2.83344E-3,-2.91292E-3,3.81891E-3,1.06838E-2,1.49733E-2,-1.01243E-3,-3.29149E-2,-7.29396E-2,-9.18251E-2,-9.98071E-2,-9.39806E-2,-8.42428E-2,-8.11753E-2,-8.76967E-2,-1.03449E-1,-1.05418E-1,-7.48773E-2,-2.10493E-2,3.52243E-2,6.10936E-2,5.51318E-2,3.46815E-2,2.87053E-2,2.97793E-2,3.02293E-2,2.84693E-2,2.72171E-2,2.66700E-2,2.50926E-2,2.44906E-2,2.34523E-2,2.21065E-2,2.08975E-2,1.99173E-2,1.95621E-2,1.85768E-2,1.80983E-2,1.69884E-2,1.60358E-2,1.54735E-2,1.35669E-2,1.34131E-2,1.27393E-2,1.17993E-2,1.15568E-2,1.03410E-2,8.80307E-3,6.46693E-3,6.63902E-3,7.86885E-3,7.88264E-3,6.94662E-3,6.99348E-3,5.81521E-3,3.98109E-3,2.58246E-3,8.48260E-4,9.88134E-5,-7.88597E-4,-9.82229E-4,-1.69119E-3,-2.16676E-3,-2.19393E-3,-2.41896E-3,-2.67075E-3,-2.78814E-3,-2.73915E-3,-2.73221E-3,-2.68669E-3,-2.10268E-3,-1.82941E-3,-2.04851E-3,-2.52264E-3,-2.41944E-3,-2.00790E-3,-2.08593E-3,-1.89271E-3,-1.06967E-3,-1.39592E-4,-1.98198E-3,-1.52964E-3,-2.00490E-3,-1.71927E-3,-2.10435E-3,-2.33673E-3,-1.62882E-3,-1.68400E-3,-1.36724E-3,-1.71252E-3,-2.00343E-3,-2.11056E-3,-2.03191E-3,-1.67749E-3,-1.68620E-3,-1.32306E-3
1.10115E+3,NaN,NaN,NaN,NaN,NaN,NaN,NaN,NaN,NaN,NaN,NaN,NaN,NaN,NaN,NaN,NaN,NaN,-9.48939E-4,-3.75354E-4,1.98232E-4,5.28078E-4,2.11970E-4,-1.04137E-4,-1.04717E-4,3.36172E-4,7.77061E-4,7.48290E-4,3.50010E-4,-4.82703E-5,-1.35358E-4,-9.06782E-5,-4.59987E-5,-4.74711E-5,-5.73842E-5,-6.72973E-5,-2.60511E-4,-4.55906E-4,-7.18473E-4,-1.42624E-3,-2.13401E-3,-2.78498E-3,-3.28542E-3,-3.78586E-3,-8.55133E-4,6.87628E-3,1.46077E-2,1.51480E-2,-1.10463E-4,-3.43331E-2,-6.73819E-2,-8.95921E-2,-9.94470E-2,-9.43758E-2,-8.54684E-2,-8.18210E-2,-8.92433E-2,-1.04363E-1,-1.03595E-1,-7.17819E-2,-1.61824E-2,3.48207E-2,5.81644E-2,5.10789E-2,3.45826E-2,2.82557E-2,2.92817E-2,2.91669E-2,2.75532E-2,2.66481E-2,2.55155E-2,2.46344E-2,2.38562E-2,2.27483E-2,2.14507E-2,2.02897E-2,1.96724E-2,1.88067E-2,1.82288E-2,1.76133E-2,1.65167E-2,1.58053E-2,1.46420E-2,1.36739E-2,1.31874E-2,1.22507E-2,1.16409E-2,1.09539E-2,9.74766E-3,8.01061E-3,6.93562E-3,7.35050E-3,7.96251E-3,7.49562E-3,6.91765E-3,6.41795E-3,5.73542E-3,3.57780E-3,2.55621E-3,1.09787E-3,-2.60631E-4,-1.25306E-3,-7.33122E-4,-1.75443E-3,-1.78467E-3,-1.90552E-3,-2.15498E-3,-2.51690E-3,-2.61315E-3,-2.80787E-3,-2.70090E-3,-2.56961E-3,-1.83925E-3,-1.62970E-3,-1.97808E-3,-2.40758E-3,-1.96817E-3,-1.85525E-3,-2.07283E-3,-1.82103E-3,-9.03127E-4,2.10423E-5,-1.61578E-3,-1.36331E-3,-1.93116E-3,-1.53903E-3,-1.85582E-3,-1.92840E-3,-1.24552E-3,-1.33701E-3,-8.67977E-4,-1.36392E-3,-1.99831E-3,-2.13246E-3,-1.89139E-3,-1.42943E-3,-1.41213E-3,-1.20841E-3
1.10459E+3,NaN,NaN,NaN,NaN,NaN,NaN,NaN,NaN,NaN,NaN,NaN,NaN,NaN,NaN,NaN,NaN,NaN,-1.03991E-3,-2.50589E-4,5.38730E-4,5.22656E-4,1.70050E-4,-1.82555E-4,1.87706E-4,6.87385E-4,1.18706E-3,8.82384E-4,5.70407E-4,2.89778E-4,2.11972E-4,1.34165E-4,1.01966E-5,-2.34428E-4,-4.79053E-4,-5.68000E-4,-4.41592E-4,-3.15185E-4,-7.89828E-4,-1.73207E-3,-2.67432E-3,-3.27518E-3,-3.73339E-3,-4.19160E-3,1.41754E-3,8.11294E-3,1.48083E-2,1.80011E-2,4.06236E-3,-3.45537E-2,-6.23952E-2,-9.06695E-2,-1.02206E-1,-9.57996E-2,-8.58986E-2,-8.06865E-2,-8.74612E-2,-1.09038E-1,-1.08568E-1,-7.35603E-2,-1.09386E-2,3.83245E-2,6.08945E-2,5.00110E-2,3.14173E-2,2.61410E-2,2.93696E-2,2.82549E-2,2.64859E-2,2.55341E-2,2.42724E-2,2.38807E-2,2.29608E-2,2.18541E-2,2.06007E-2,1.98011E-2,1.90756E-2,1.76732E-2,1.76958E-2,1.65288E-2,1.58907E-2,1.49340E-2,1.36284E-2,1.32022E-2,1.25473E-2,1.18835E-2,1.14263E-2,1.03831E-2,9.28786E-3,7.49251E-3,6.80840E-3,7.29911E-3,8.20712E-3,7.13783E-3,6.41750E-3,6.45092E-3,5.34244E-3,3.09084E-3,2.79613E-3,1.20992E-3,-7.37917E-4,-1.33293E-3,-6.00169E-4,-1.86724E-3,-2.00766E-3,-1.91062E-3,-2.05271E-3,-2.08503E-3,-2.71370E-3,-2.52371E-3,-2.55049E-3,-2.54873E-3,-1.62749E-3,-1.58876E-3,-2.18802E-3,-2.69079E-3,-1.93653E-3,-1.88165E-3,-2.04516E-3,-1.70838E-3,-7.97609E-4,2.07167E-4,-1.64566E-3,-1.39809E-3,-1.70219E-3,-1.28910E-3,-1.79404E-3,-1.79918E-3,-1.22500E-3,-1.26675E-3,-5.61904E-4,-1.09657E-3,-1.81743E-3,-2.07786E-3,-1.72317E-3,-1.37309E-3,-1.30008E-3,-9.67975E-4
1.10804E+3,NaN,NaN,NaN,NaN,NaN,NaN,NaN,NaN,NaN,NaN,NaN,NaN,NaN,NaN,NaN,NaN,NaN,-7.00298E-4,1.26608E-4,8.06400E-4,5.19246E-4,2.32092E-4,1.61569E-4,6.62427E-4,1.16328E-3,1.31789E-3,9.89941E-4,6.61989E-4,4.23268E-4,2.54480E-4,8.56926E-5,-3.07587E-4,-7.95492E-4,-1.28340E-3,-8.63773E-4,-2.79377E-4,3.05019E-4,-5.58470E-4,-1.43778E-3,-2.27235E-3,-2.81293E-3,-3.35351E-3,-2.51039E-3,1.98235E-3,6.47509E-3,1.28606E-2,1.64927E-2,1.47505E-3,-2.78178E-2,-5.80489E-2,-8.67969E-2,-9.97735E-2,-9.61978E-2,-8.65094E-2,-8.06884E-2,-8.90139E-2,-1.06442E-1,-1.03745E-1,-6.65154E-2,-1.05337E-2,3.47872E-2,5.52795E-2,4.80888E-2,3.19605E-2,2.64574E-2,2.79137E-2,2.70255E-2,2.52614E-2,2.42079E-2,2.34830E-2,2.30606E-2,2.19624E-2,2.07763E-2,1.97624E-2,1.90598E-2,1.80559E-2,1.73808E-2,1.68731E-2,1.57766E-2,1.50455E-2,1.38449E-2,1.28856E-2,1.23731E-2,1.19526E-2,1.15787E-2,1.09267E-2,9.78905E-3,8.40076E-3,7.35134E-3,7.15984E-3,7.39915E-3,7.58236E-3,6.63977E-3,6.14220E-3,5.80566E-3,5.21012E-3,2.92803E-3,2.87338E-3,1.05501E-3,-1.03258E-4,-1.12290E-3,-4.96495E-4,-1.84424E-3,-1.85819E-3,-1.78877E-3,-1.89762E-3,-2.05186E-3,-2.85435E-3,-2.49703E-3,-2.46777E-3,-2.46822E-3,-1.11211E-3,-1.52046E-3,-2.12972E-3,-2.72540E-3,-1.78318E-3,-2.11829E-3,-2.09803E-3,-1.47113E-3,-4.01324E-4,4.02509E-4,-1.55014E-3,-1.30584E-3,-1.51414E-3,-1.01245E-3,-1.60094E-3,-1.56522E-3,-7.98751E-4,-7.42462E-4,-1.64916E-4,-7.55094E-4,-1.68241E-3,-1.94453E-3,-1.22972E-3,-1.16305E-3,-1.39189E-3,-8.46280E-4
1.11148E+3,NaN,NaN,NaN,NaN,NaN,NaN,NaN,NaN,NaN,NaN,NaN,NaN,NaN,NaN,NaN,NaN,-1.27779E-3,-2.69403E-4,7.38984E-4,9.14950E-4,4.21574E-4,-7.18011E-5,1.84299E-4,7.65976E-4,1.34765E-3,1.27016E-3,1.06712E-3,8.64078E-4,5.46934E-4,2.27800E-4,-1.16046E-4,-6.31744E-4,-1.14744E-3,-1.32609E-3,-5.86846E-4,1.52395E-4,2.82233E-4,-4.59679E-4,-1.20159E-3,-1.87867E-3,-2.50361E-3,-3.12855E-3,-1.87146E-3,2.03188E-4,2.27784E-3,1.21544E-2,1.82848E-2,2.48272E-3,-2.05459E-2,-5.49054E-2,-8.61502E-2,-1.00524E-1,-9.65291E-2,-8.64426E-2,-7.72309E-2,-8.94041E-2,-1.08719E-1,-1.04872E-1,-6.24398E-2,-9.28536E-3,3.51581E-2,5.68223E-2,4.67273E-2,2.97137E-2,2.61070E-2,2.72790E-2,2.55488E-2,2.42783E-2,2.27656E-2,2.28616E-2,2.24791E-2,2.12553E-2,1.96741E-2,1.89096E-2,1.81892E-2,1.70889E-2,1.71464E-2,1.59522E-2,1.52381E-2,1.38642E-2,1.30576E-2,1.22569E-2,1.17150E-2,1.14036E-2,1.12950E-2,1.02143E-2,9.05672E-3,7.79430E-3,7.54544E-3,6.82949E-3,7.70307E-3,7.15772E-3,5.53962E-3,6.02718E-3,5.26859E-3,5.37994E-3,2.81624E-3,1.99718E-3,8.75949E-4,5.56993E-4,-5.69141E-4,-4.44382E-4,-1.69840E-3,-1.62475E-3,-1.60251E-3,-1.93980E-3,-1.80392E-3,-2.90841E-3,-2.22338E-3,-2.00433E-3,-2.32924E-3,-7.31169E-4,-1.67828E-3,-2.13849E-3,-2.91286E-3,-1.47318E-3,-1.88868E-3,-1.87308E-3,-1.11029E-3,-7.75105E-5,5.45897E-4,-1.42696E-3,-1.03886E-3,-1.03522E-3,-5.58733E-4,-1.03601E-3,-1.08825E-3,-4.96539E-4,-5.21053E-4,1.41546E-4,-4.09813E-4,-1.43348E-3,-1.92927E-3,-1.09306E-3,-1.13610E-3,-1.22051E-3,-4.76252E-4
1.11493E+3,NaN,NaN,NaN,NaN,NaN,NaN,NaN,NaN,NaN,NaN,NaN,NaN,NaN,NaN,NaN,NaN,-7.21546E-4,2.33244E-4,1.18803E-3,7.34161E-4,2.39848E-4,-1.39748E-4,3.63906E-4,8.67559E-4,1.20833E-3,1.08019E-3,9.52043E-4,7.60104E-4,4.72738E-4,1.85372E-4,-2.74668E-4,-8.79728E-4,-1.48479E-3,-1.10916E-3,-2.85441E-4,5.38281E-4,2.08358E-4,-3.59135E-4,-9.26628E-4,-1.77135E-3,-2.62402E-3,-3.34373E-3,-3.03965E-3,-2.73557E-3,3.50784E-5,1.03122E-2,1.69499E-2,6.94336E-3,-1.55303E-2,-5.07786E-2,-8.29460E-2,-9.91386E-2,-9.58246E-2,-8.50230E-2,-7.68380E-2,-8.78578E-2,-1.05695E-1,-1.00239E-1,-6.00209E-2,-9.92909E-3,3.42780E-2,5.70502E-2,4.63320E-2,2.89382E-2,2.45420E-2,2.62717E-2,2.40805E-2,2.29023E-2,2.17875E-2,2.16860E-2,2.11227E-2,2.00766E-2,1.87106E-2,1.78497E-2,1.71428E-2,1.66057E-2,1.62959E-2,1.47716E-2,1.41582E-2,1.27775E-2,1.22936E-2,1.15144E-2,1.11247E-2,1.08093E-2,1.06079E-2,9.51966E-3,8.66912E-3,7.63167E-3,7.38317E-3,6.67048E-3,7.53162E-3,6.54372E-3,5.31481E-3,5.87728E-3,4.86449E-3,5.23874E-3,2.94598E-3,7.77057E-4,7.63169E-4,8.00217E-5,8.66335E-5,-3.20422E-4,-1.66603E-3,-1.49884E-3,-1.63764E-3,-1.73445E-3,-1.79678E-3,-2.73571E-3,-2.05111E-3,-1.98570E-3,-2.09056E-3,-5.70171E-4,-1.53939E-3,-2.04308E-3,-2.81629E-3,-1.56667E-3,-2.34414E-3,-1.94884E-3,-9.93374E-4,9.34158E-5,6.46631E-4,-1.42994E-3,-9.31518E-4,-7.21797E-4,-3.64149E-4,-8.35284E-4,-9.30078E-4,-3.14128E-4,-5.00600E-4,3.00468E-4,8.38902E-5,-1.05587E-3,-1.78482E-3,-9.85566E-4,-9.71541E-4,-1.16715E-3,-4.20605E-4
1.11838E+3,NaN,NaN,NaN,NaN,NaN,NaN,NaN,NaN,NaN,NaN,NaN,NaN,NaN,NaN,NaN,-1.40667E-3,-3.97834E-4,6.11006E-4,1.02689E-3,4.97614E-4,-3.16623E-5,-5.64942E-5,3.68958E-4,7.94410E-4,9.95106E-4,1.08571E-3,1.17631E-3,8.91292E-4,5.20482E-4,1.49672E-4,-4.33339E-4,-1.02590E-3,-1.49979E-3,-9.03182E-4,-3.06574E-4,1.07354E-4,-4.88961E-5,-2.05146E-4,-6.91091E-4,-1.70257E-3,-2.71404E-3,-3.53603E-3,-4.18889E-3,-4.84175E-3,-9.67508E-4,9.37300E-3,1.65068E-2,1.11671E-2,-1.23351E-2,-4.77752E-2,-8.15986E-2,-9.68396E-2,-9.54668E-2,-8.34491E-2,-7.67562E-2,-8.77274E-2,-1.04272E-1,-9.50957E-2,-5.86463E-2,-1.08937E-2,3.70174E-2,5.54876E-2,4.34193E-2,2.73164E-2,2.42719E-2,2.40556E-2,2.25307E-2,2.10055E-2,2.06408E-2,2.05288E-2,1.98185E-2,1.85445E-2,1.74754E-2,1.67027E-2,1.60430E-2,1.59746E-2,1.46287E-2,1.39343E-2,1.26030E-2,1.19304E-2,1.12191E-2,1.07736E-2,1.03438E-2,1.07039E-2,9.62106E-3,8.75251E-3,7.56208E-3,7.49277E-3,6.39003E-3,6.72420E-3,6.72009E-3,4.92441E-3,5.34057E-3,4.82834E-3,4.71950E-3,5.03332E-3,2.47375E-3,3.42901E-4,4.15332E-4,-3.39971E-4,3.93105E-4,-6.09003E-4,-1.62655E-3,-1.70718E-3,-1.74163E-3,-1.87530E-3,-1.84841E-3,-2.41919E-3,-1.99512E-3,-2.06153E-3,-2.09921E-3,-7.99856E-4,-1.80539E-3,-2.07025E-3,-2.87954E-3,-1.84234E-3,-2.45180E-3,-1.94231E-3,-8.54607E-4,1.14431E-4,4.88467E-4,-1.46218E-3,-8.33501E-4,-4.45204E-4,-9.94490E-5,-5.25669E-4,-7.62280E-4,-2.84829E-4,-3.36387E-4,2.54377E-4,6.00452E-6,-9.49811E-4,-1.79302E-3,-9.48228E-4,-1.05066E-3,-1.20538E-3,-3.65918E-4
1.12182E+3,NaN,NaN,NaN,NaN,NaN,NaN,NaN,NaN,NaN,NaN,NaN,NaN,NaN,NaN,NaN,-6.93527E-4,2.28477E-4,1.15048E-3,8.28348E-4,1.84613E-4,-4.59122E-4,-1.03769E-4,3.18237E-4,7.21063E-4,9.04276E-4,1.08749E-3,1.12985E-3,6.81928E-4,2.34006E-4,-2.27047E-4,-7.10844E-4,-1.19464E-3,-1.24025E-3,-8.62984E-4,-4.85716E-4,-2.90749E-4,-1.93194E-4,-9.56388E-5,-8.32924E-4,-1.78601E-3,-2.73910E-3,-3.67542E-3,-4.61063E-3,-5.30995E-3,-2.66958E-3,7.43618E-3,1.81986E-2,1.49100E-2,-7.41001E-3,-4.42555E-2,-8.07988E-2,-9.53327E-2,-9.58035E-2,-8.29034E-2,-7.44600E-2,-8.34372E-2,-1.02121E-1,-9.37992E-2,-5.90600E-2,-1.09547E-2,4.31633E-2,5.79507E-2,4.26445E-2,2.33344E-2,2.25244E-2,2.26706E-2,2.06712E-2,1.91296E-2,1.93737E-2,1.92075E-2,1.85498E-2,1.70112E-2,1.59117E-2,1.57531E-2,1.52499E-2,1.49579E-2,1.32568E-2,1.28611E-2,1.08099E-2,1.12198E-2,9.99384E-3,1.00383E-2,9.56288E-3,1.02013E-2,8.15856E-3,8.10582E-3,6.59702E-3,7.23607E-3,5.51498E-3,6.57424E-3,6.13947E-3,3.79068E-3,5.49112E-3,4.12850E-3,4.36433E-3,4.66057E-3,2.17280E-3,4.53780E-4,-1.89490E-4,-8.92573E-4,-2.06630E-4,-8.79376E-4,-1.51831E-3,-1.70775E-3,-1.79292E-3,-1.80835E-3,-2.10670E-3,-2.38120E-3,-1.87817E-3,-2.07542E-3,-2.07480E-3,-1.11444E-3,-1.70571E-3,-2.17558E-3,-2.85502E-3,-1.86798E-3,-2.51991E-3,-1.92100E-3,-1.11056E-3,-5.60984E-5,6.23815E-4,-1.50700E-3,-1.02477E-3,-4.87953E-4,-5.14066E-5,-2.94587E-4,-7.17182E-4,-3.14038E-4,-5.58411E-4,1.62395E-4,2.64664E-4,-9.85372E-4,-2.03772E-3,-1.15320E-3,-1.19150E-3,-1.39175E-3,-5.84208E-4
1.12527E+3,NaN,NaN,NaN,NaN,NaN,NaN,NaN,NaN,NaN,NaN,NaN,NaN,NaN,NaN,-9.40555E-4,-1.76130E-4,5.88295E-4,1.08787E-3,5.24327E-4,-3.92186E-5,-3.07995E-4,-1.03840E-5,2.87227E-4,5.20835E-4,6.86520E-4,8.52205E-4,7.07392E-4,3.78659E-4,4.99270E-5,-3.24902E-4,-7.13434E-4,-1.10197E-3,-1.02036E-3,-8.94373E-4,-7.52701E-4,-3.49590E-4,5.35214E-5,1.94674E-4,-7.15706E-4,-1.62609E-3,-2.52630E-3,-3.40698E-3,-4.28767E-3,-5.22010E-3,-2.78783E-3,6.89025E-3,1.62921E-2,1.35844E-2,-7.08316E-3,-4.34972E-2,-7.64758E-2,-9.33475E-2,-9.44003E-2,-8.37158E-2,-7.57123E-2,-8.32852E-2,-9.62644E-2,-8.94472E-2,-5.78148E-2,-5.12671E-3,4.18628E-2,5.41829E-2,3.95509E-2,2.37768E-2,2.09293E-2,2.09155E-2,1.91593E-2,1.81943E-2,1.82280E-2,1.80259E-2,1.70677E-2,1.57664E-2,1.51497E-2,1.49179E-2,1.47175E-2,1.36177E-2,1.26355E-2,1.16474E-2,1.06750E-2,1.02834E-2,9.71758E-3,9.39271E-3,9.55190E-3,9.07070E-3,7.84065E-3,6.83316E-3,6.46365E-3,6.17815E-3,5.88377E-3,6.34578E-3,4.67008E-3,4.27694E-3,4.55591E-3,3.92109E-3,4.38102E-3,3.32490E-3,2.09404E-3,9.72222E-4,-4.84533E-4,-1.43695E-3,-7.01299E-4,-1.34671E-3,-2.07974E-3,-1.67906E-3,-1.73397E-3,-1.86182E-3,-2.03395E-3,-2.17934E-3,-1.77805E-3,-2.05396E-3,-1.95077E-3,-1.20700E-3,-1.55740E-3,-2.07830E-3,-2.54324E-3,-1.83168E-3,-2.59260E-3,-1.62800E-3,-8.09133E-4,-1.34863E-5,7.08549E-4,-1.33851E-3,-9.41701E-4,-2.03736E-4,3.39889E-5,-1.96252E-4,-6.06504E-4,-3.43859E-4,-7.54817E-4,1.17098E-4,2.16416E-4,-1.08634E-3,-1.98254E-3,-1.08399E-3,-1.25004E-3,-1.31033E-3,-5.31775E-4
1.12872E+3,NaN,NaN,NaN,NaN,NaN,NaN,NaN,NaN,NaN,NaN,NaN,NaN,NaN,NaN,-6.79681E-4,4.93088E-5,7.78298E-4,8.11802E-4,3.81792E-4,-4.82177E-5,-8.42050E-5,1.61466E-5,1.16498E-4,3.61999E-4,6.26214E-4,8.73697E-4,5.53788E-4,2.33879E-4,-8.19816E-5,-3.78286E-4,-6.74591E-4,-9.23272E-4,-1.06809E-3,-1.21290E-3,-1.04386E-3,-5.02226E-4,3.94061E-5,-1.35502E-4,-7.87954E-4,-1.44041E-3,-2.23312E-3,-3.07437E-3,-3.91562E-3,-5.69975E-3,-3.79006E-3,6.01664E-3,1.49032E-2,1.52694E-2,-4.72248E-3,-4.36451E-2,-7.37993E-2,-9.42437E-2,-9.54365E-2,-8.47769E-2,-7.33466E-2,-8.15158E-2,-9.61230E-2,-9.02183E-2,-5.92691E-2,2.04167E-3,4.46009E-2,5.48951E-2,3.50144E-2,2.01581E-2,1.96545E-2,1.94311E-2,1.72475E-2,1.70037E-2,1.71320E-2,1.70117E-2,1.52433E-2,1.42116E-2,1.42193E-2,1.38133E-2,1.40855E-2,1.19323E-2,1.19688E-2,9.91863E-3,1.00111E-2,8.77942E-3,8.95442E-3,8.41855E-3,9.01286E-3,7.44521E-3,7.36511E-3,5.24775E-3,6.47369E-3,4.87278E-3,5.90528E-3,5.28239E-3,2.87738E-3,4.45709E-3,3.36595E-3,3.53725E-3,3.95438E-3,1.86190E-3,1.83693E-3,2.63359E-4,-5.29654E-4,-2.00011E-3,-8.96776E-4,-2.17511E-3,-2.54713E-3,-1.78813E-3,-1.96928E-3,-2.26293E-3,-2.20755E-3,-2.16110E-3,-1.87183E-3,-2.29658E-3,-2.06649E-3,-1.49322E-3,-1.45278E-3,-2.13493E-3,-2.44735E-3,-2.08114E-3,-2.50064E-3,-1.46669E-3,-9.95767E-4,-2.11600E-4,5.96364E-4,-1.48389E-3,-1.26846E-3,-4.87494E-4,-1.36640E-4,-2.51380E-4,-6.85184E-4,-6.20635E-4,-1.27556E-3,-4.01578E-4,1.12445E-4,-1.00076E-3,-2.05239E-3,-1.32887E-3,-1.46813E-3,-1.53455E-3,-8.26999E-4
1.13217E+3,NaN,NaN,NaN,NaN,NaN,NaN,NaN,NaN,NaN,NaN,NaN,NaN,NaN,NaN,-1.64389E-4,4.27170E-4,1.01873E-3,5.43588E-4,6.47810E-5,-3.24587E-4,-1.61945E-4,6.96886E-7,2.10578E-4,5.40565E-4,8.70551E-4,8.66026E-4,4.09197E-4,-4.76315E-5,-3.82508E-4,-6.24634E-4,-8.66760E-4,-1.07221E-3,-1.26275E-3,-1.45329E-3,-1.14861E-3,-7.59077E-4,-3.69545E-4,-5.32233E-4,-6.96819E-4,-9.86488E-4,-2.04816E-3,-3.10983E-3,-4.33637E-3,-5.46593E-3,-3.71277E-3,2.89645E-3,1.13065E-2,1.33540E-2,-5.02458E-3,-3.95457E-2,-7.00425E-2,-9.20304E-2,-9.55877E-2,-8.61510E-2,-7.50728E-2,-7.99625E-2,-9.24606E-2,-8.77324E-2,-5.38364E-2,3.25638E-3,4.27489E-2,5.17545E-2,3.32736E-2,1.79817E-2,1.77400E-2,1.79956E-2,1.61831E-2,1.61363E-2,1.59735E-2,1.52816E-2,1.39403E-2,1.33315E-2,1.32896E-2,1.31459E-2,1.24744E-2,1.08820E-2,1.06021E-2,9.15510E-3,8.90491E-3,7.90920E-3,8.03892E-3,7.62836E-3,7.92931E-3,6.83282E-3,5.93610E-3,4.67625E-3,5.49916E-3,4.88257E-3,5.37278E-3,4.12377E-3,2.84809E-3,3.80404E-3,3.00523E-3,3.22144E-3,2.92486E-3,1.20606E-3,1.77878E-3,-3.57589E-4,-8.82167E-4,-2.02971E-3,-1.39110E-3,-2.54556E-3,-2.91336E-3,-1.95211E-3,-2.09017E-3,-2.29904E-3,-2.40565E-3,-2.23304E-3,-1.81987E-3,-2.45514E-3,-2.18127E-3,-1.95202E-3,-1.65345E-3,-2.34320E-3,-2.46822E-3,-2.12043E-3,-2.45231E-3,-1.52269E-3,-1.20548E-3,-4.58213E-4,3.07991E-4,-1.68398E-3,-1.42483E-3,-6.49761E-4,-5.11513E-4,-6.37783E-4,-9.96611E-4,-9.42985E-4,-1.71355E-3,-9.70914E-4,-2.95870E-4,-1.22783E-3,-2.17703E-3,-1.62762E-3,-1.89445E-3,-1.88669E-3,-1.20612E-3
1.13562E+3,NaN,NaN,NaN,NaN,NaN,NaN,NaN,NaN,NaN,NaN,NaN,NaN,NaN,-3.80253E-4,-7.06487E-5,2.38956E-4,3.23630E-4,5.50013E-5,-2.13628E-4,-3.00015E-4,-2.25988E-4,-1.51962E-4,2.03454E-4,6.94533E-4,1.18561E-3,8.49410E-4,3.28606E-4,-1.92198E-4,-3.31800E-4,-4.55694E-4,-6.08925E-4,-1.01688E-3,-1.42483E-3,-1.63420E-3,-1.23538E-3,-8.36550E-4,-5.79687E-4,-5.45812E-4,-5.11936E-4,-1.02207E-3,-2.01104E-3,-3.00002E-3,-4.37499E-3,-5.25596E-3,-4.73490E-3,1.51951E-4,9.90394E-3,1.25225E-2,-6.25424E-3,-3.63951E-2,-6.91602E-2,-9.11752E-2,-9.69816E-2,-8.70803E-2,-7.62974E-2,-8.13712E-2,-9.21700E-2,-8.73660E-2,-4.71472E-2,5.12638E-3,4.31574E-2,4.86333E-2,2.84977E-2,1.64289E-2,1.66990E-2,1.62286E-2,1.52952E-2,1.50164E-2,1.47406E-2,1.36418E-2,1.25947E-2,1.21539E-2,1.21916E-2,1.21274E-2,1.06342E-2,1.00651E-2,8.94852E-3,8.49832E-3,7.48923E-3,7.39975E-3,6.95449E-3,7.33931E-3,6.57684E-3,6.03482E-3,4.29287E-3,4.72248E-3,4.63920E-3,4.78321E-3,4.54962E-3,2.64544E-3,3.03185E-3,3.00242E-3,2.63974E-3,2.84300E-3,1.62731E-3,8.26432E-4,1.26834E-3,-2.10875E-4,-1.27893E-3,-1.80811E-3,-2.02603E-3,-2.65389E-3,-2.80863E-3,-2.18478E-3,-2.54398E-3,-2.53353E-3,-2.52395E-3,-2.53113E-3,-2.04106E-3,-2.78866E-3,-2.61247E-3,-2.22974E-3,-1.89743E-3,-2.43336E-3,-2.54438E-3,-2.34951E-3,-2.47983E-3,-1.77757E-3,-1.58138E-3,-7.47507E-4,-1.46882E-4,-2.00315E-3,-1.87956E-3,-1.20440E-3,-1.05014E-3,-1.15264E-3,-1.31983E-3,-1.28046E-3,-2.04301E-3,-1.44116E-3,-7.78101E-4,-1.49343E-3,-2.27464E-3,-1.89011E-3,-2.07163E-3,-2.09450E-3,-1.67333E-3
1.13907E+3,NaN,NaN,NaN,NaN,NaN,NaN,NaN,NaN,NaN,NaN,NaN,NaN,NaN,-1.05693E-4,4.86377E-5,2.02969E-4,1.20298E-4,-3.02378E-5,-1.80774E-4,-2.27907E-4,-2.66079E-4,-2.73204E-4,1.80600E-4,6.34404E-4,8.99490E-4,4.37026E-4,-2.54380E-5,-3.12014E-4,-2.70242E-4,-2.28470E-4,-3.97417E-4,-7.84217E-4,-1.17102E-3,-1.26026E-3,-1.17812E-3,-1.09598E-3,-8.79708E-4,-6.25028E-4,-3.70349E-4,-1.18186E-3,-2.08578E-3,-3.02696E-3,-4.47555E-3,-5.28419E-3,-6.40117E-3,-2.18771E-3,8.70174E-3,1.33690E-2,-4.04122E-3,-3.29343E-2,-6.90012E-2,-9.23528E-2,-1.01347E-1,-9.08883E-2,-7.82601E-2,-8.20498E-2,-9.38910E-2,-8.93620E-2,-4.56509E-2,5.92989E-3,4.58490E-2,5.04412E-2,2.36169E-2,1.39636E-2,1.65140E-2,1.51703E-2,1.46833E-2,1.44857E-2,1.38181E-2,1.26313E-2,1.18405E-2,1.16024E-2,1.15335E-2,1.13196E-2,9.46426E-3,9.41337E-3,7.97526E-3,7.62860E-3,6.51925E-3,7.06986E-3,6.20102E-3,7.05190E-3,5.81271E-3,5.40774E-3,3.18468E-3,4.76327E-3,4.26461E-3,4.70608E-3,3.57188E-3,1.90988E-3,3.16742E-3,2.42619E-3,2.54154E-3,2.55136E-3,8.26513E-4,7.90219E-4,6.88033E-4,-1.84117E-4,-1.49410E-3,-2.09073E-3,-2.32476E-3,-2.95332E-3,-2.52418E-3,-2.53057E-3,-2.75943E-3,-2.74982E-3,-2.89363E-3,-2.84038E-3,-2.05752E-3,-2.98881E-3,-2.75327E-3,-2.31158E-3,-1.95541E-3,-2.48882E-3,-2.54340E-3,-2.25758E-3,-2.38598E-3,-1.87524E-3,-1.79535E-3,-7.83163E-4,-1.04233E-4,-2.00253E-3,-2.11568E-3,-1.48475E-3,-1.44514E-3,-1.63829E-3,-1.51351E-3,-1.41262E-3,-2.28441E-3,-1.73861E-3,-1.10079E-3,-1.78230E-3,-2.35626E-3,-2.07553E-3,-2.28655E-3,-2.28784E-3,-1.96518E-3
1.14252E+3,NaN,NaN,NaN,NaN,NaN,NaN,NaN,NaN,NaN,NaN,NaN,NaN,4.97587E-5,-9.14724E-6,-6.80532E-5,-1.12878E-4,-8.47719E-5,-5.66654E-5,-7.78174E-5,-2.11383E-4,-3.44949E-4,-2.21610E-4,2.18866E-4,6.59341E-4,6.47130E-4,3.20853E-4,-5.42384E-6,-1.26445E-4,-1.72797E-4,-2.19150E-4,-4.70046E-4,-7.49867E-4,-1.02643E-3,-1.13470E-3,-1.24297E-3,-1.28422E-3,-9.78340E-4,-6.72461E-4,-6.43602E-4,-1.24693E-3,-1.85027E-3,-2.98380E-3,-4.44631E-3,-5.92379E-3,-6.43330E-3,-2.03791E-3,7.28440E-3,1.04334E-2,-3.06403E-3,-3.17352E-2,-6.50482E-2,-9.05394E-2,-1.00696E-1,-9.27499E-2,-8.20028E-2,-8.36599E-2,-9.21776E-2,-8.21762E-2,-4.39156E-2,5.44649E-3,4.28798E-2,4.41279E-2,2.29126E-2,1.44105E-2,1.49478E-2,1.44282E-2,1.40211E-2,1.36746E-2,1.26429E-2,1.16889E-2,1.11666E-2,1.09607E-2,1.07284E-2,9.89506E-3,8.93332E-3,8.30061E-3,7.36747E-3,6.61853E-3,6.37327E-3,6.14764E-3,6.00491E-3,6.08769E-3,5.30911E-3,3.97620E-3,3.38298E-3,4.30782E-3,4.32716E-3,3.91272E-3,2.71742E-3,2.38397E-3,2.71491E-3,2.31206E-3,2.20632E-3,1.50188E-3,7.12848E-4,9.53093E-4,8.33371E-5,-1.85228E-4,-1.52317E-3,-2.55099E-3,-2.64550E-3,-3.17784E-3,-2.67676E-3,-2.66588E-3,-2.94241E-3,-2.97903E-3,-3.22442E-3,-3.12330E-3,-2.22026E-3,-2.79035E-3,-2.92843E-3,-2.26738E-3,-2.27302E-3,-2.39261E-3,-2.42062E-3,-1.90140E-3,-2.49740E-3,-2.00706E-3,-1.96923E-3,-9.83561E-4,-5.28151E-4,-2.37307E-3,-2.47541E-3,-1.79802E-3,-1.79460E-3,-2.05988E-3,-1.75957E-3,-1.56030E-3,-2.26969E-3,-1.74174E-3,-1.27022E-3,-1.94255E-3,-2.24066E-3,-2.05195E-3,-2.41726E-3,-2.44529E-3,-2.25922E-3
1.14597E+3,NaN,NaN,NaN,NaN,NaN,NaN,NaN,NaN,NaN,NaN,NaN,NaN,1.91943E-4,-9.21750E-5,-3.76293E-4,-4.06294E-4,-2.21858E-4,-3.74218E-5,-9.76761E-5,-2.70347E-4,-4.43018E-4,-1.03136E-4,3.43174E-4,7.89484E-4,5.22781E-4,2.34721E-4,-2.48822E-5,-6.28174E-5,-1.00753E-4,-1.57342E-4,-2.67967E-4,-3.78591E-4,-5.45348E-4,-7.96485E-4,-1.04762E-3,-1.09341E-3,-9.65919E-4,-8.38427E-4,-9.35925E-4,-1.13679E-3,-1.33765E-3,-2.85044E-3,-4.33970E-3,-6.35966E-3,-6.80318E-3,-3.03158E-3,7.26265E-3,1.18089E-2,5.92396E-4,-2.85836E-2,-6.13834E-2,-9.13884E-2,-1.02512E-1,-9.37592E-2,-8.13615E-2,-8.38461E-2,-9.26628E-2,-8.20477E-2,-4.42237E-2,7.36466E-3,4.78794E-2,3.93680E-2,1.91966E-2,1.36710E-2,1.39286E-2,1.35492E-2,1.35511E-2,1.25928E-2,1.16670E-2,1.11949E-2,1.05585E-2,1.01628E-2,9.76645E-3,8.62088E-3,8.27305E-3,7.68874E-3,6.78850E-3,5.85379E-3,5.85409E-3,5.38778E-3,5.87944E-3,5.35627E-3,4.47511E-3,2.48634E-3,3.74663E-3,3.83115E-3,3.78724E-3,3.14716E-3,2.26610E-3,2.43036E-3,2.32312E-3,2.16701E-3,1.96063E-3,5.29423E-4,8.56536E-4,7.90866E-4,-1.66688E-4,-6.58433E-4,-1.58591E-3,-3.18263E-3,-2.52674E-3,-3.28435E-3,-2.61127E-3,-2.96475E-3,-3.11036E-3,-2.99795E-3,-3.18074E-3,-3.18592E-3,-2.41942E-3,-2.68409E-3,-3.42359E-3,-2.21635E-3,-2.43987E-3,-2.11023E-3,-2.40834E-3,-1.80279E-3,-2.50544E-3,-2.23086E-3,-2.25210E-3,-1.06643E-3,-5.84562E-4,-2.31739E-3,-2.58283E-3,-2.10635E-3,-2.05844E-3,-2.31848E-3,-1.92945E-3,-1.58857E-3,-2.06954E-3,-1.72353E-3,-1.50748E-3,-1.99657E-3,-1.97642E-3,-1.85974E-3,-2.47376E-3,-2.51782E-3,-2.28853E-3
1.14942E+3,NaN,NaN,NaN,NaN,NaN,NaN,NaN,NaN,NaN,NaN,NaN,NaN,1.68728E-4,-2.17991E-4,-6.04710E-4,-5.05077E-4,-3.62583E-4,-2.27309E-4,-2.01533E-4,-1.75756E-4,-1.01589E-4,1.60559E-4,4.22708E-4,5.13227E-4,2.81594E-4,4.99607E-5,-5.19845E-5,-1.91848E-5,1.36149E-5,2.97990E-5,3.63620E-5,4.29249E-5,-2.83111E-4,-7.05071E-4,-1.12703E-3,-1.16778E-3,-1.17494E-3,-1.16767E-3,-9.41800E-4,-7.15926E-4,-8.33398E-4,-2.41006E-3,-4.53348E-3,-6.50119E-3,-6.41887E-3,-2.80089E-3,6.24787E-3,1.20082E-2,1.85736E-3,-2.50296E-2,-5.84149E-2,-9.12904E-2,-1.03621E-1,-9.52402E-2,-8.30157E-2,-8.43545E-2,-9.06401E-2,-8.22481E-2,-4.43067E-2,8.78652E-3,4.76371E-2,3.76534E-2,1.77589E-2,1.18379E-2,1.28385E-2,1.29565E-2,1.28465E-2,1.15605E-2,1.07562E-2,1.03074E-2,9.74859E-3,9.18486E-3,8.60458E-3,7.82942E-3,7.71074E-3,7.06509E-3,5.95265E-3,5.41146E-3,5.31496E-3,5.03659E-3,5.40570E-3,4.64874E-3,3.61793E-3,2.32908E-3,3.59497E-3,3.63020E-3,3.03716E-3,2.22588E-3,2.07183E-3,2.38504E-3,2.21698E-3,1.96623E-3,1.40960E-3,4.85526E-4,8.32982E-4,3.76744E-4,-2.32479E-4,-8.04505E-4,-1.79103E-3,-2.95906E-3,-2.46073E-3,-3.20511E-3,-2.78286E-3,-3.15336E-3,-2.99045E-3,-3.25279E-3,-3.14024E-3,-3.17902E-3,-2.56669E-3,-2.71682E-3,-3.58093E-3,-2.29534E-3,-2.73309E-3,-1.98977E-3,-2.27781E-3,-1.96839E-3,-2.62845E-3,-2.47084E-3,-2.41506E-3,-1.19885E-3,-7.54565E-4,-2.35939E-3,-2.71109E-3,-2.37024E-3,-2.41242E-3,-2.65697E-3,-2.19598E-3,-1.82248E-3,-2.15668E-3,-1.80827E-3,-1.72624E-3,-2.07360E-3,-1.93995E-3,-1.93762E-3,-2.59984E-3,-2.68438E-3,-2.30698E-3
1.15287E+3,NaN,NaN,NaN,NaN,NaN,NaN,NaN,NaN,NaN,NaN,NaN,6.51590E-4,8.59489E-5,-4.79692E-4,-8.07540E-4,-5.58460E-4,-3.09380E-4,-2.03048E-4,-2.82331E-4,-3.61614E-4,-2.27377E-4,6.30174E-5,3.53411E-4,3.57864E-4,2.51361E-4,1.44858E-4,1.34183E-4,1.38683E-4,1.43256E-4,1.59686E-4,1.76115E-4,1.30730E-4,-2.67669E-4,-6.66068E-4,-1.00589E-3,-1.20359E-3,-1.40130E-3,-1.25939E-3,-6.75904E-4,-9.24133E-5,-5.16228E-4,-2.31233E-3,-4.68883E-3,-6.10835E-3,-6.05674E-3,-2.17179E-3,6.85496E-3,1.21106E-2,3.05442E-3,-2.07694E-2,-5.72420E-2,-9.05616E-2,-1.02387E-1,-9.46193E-2,-8.53361E-2,-8.57118E-2,-9.24883E-2,-8.24699E-2,-4.32801E-2,1.35553E-2,4.37178E-2,3.38332E-2,1.68107E-2,1.13991E-2,1.24170E-2,1.29979E-2,1.20127E-2,1.08637E-2,1.03721E-2,9.99337E-3,9.29299E-3,8.61963E-3,7.88649E-3,7.37036E-3,7.28588E-3,6.39809E-3,5.60763E-3,5.33468E-3,5.01373E-3,5.14856E-3,5.12464E-3,4.25773E-3,2.70683E-3,2.93218E-3,3.68264E-3,3.46730E-3,2.71927E-3,2.29107E-3,2.24435E-3,2.32475E-3,2.19153E-3,1.83263E-3,8.99440E-4,8.55252E-4,9.24318E-4,2.56000E-4,-2.54553E-4,-8.55244E-4,-1.38836E-3,-2.61704E-3,-2.12294E-3,-3.00663E-3,-2.80699E-3,-3.26189E-3,-2.89832E-3,-3.14760E-3,-3.05979E-3,-2.89884E-3,-2.59356E-3,-2.57290E-3,-3.17910E-3,-2.17540E-3,-2.67460E-3,-1.68916E-3,-1.93082E-3,-1.75828E-3,-2.48338E-3,-2.45861E-3,-2.49413E-3,-1.21184E-3,-7.89272E-4,-2.40652E-3,-2.78973E-3,-2.36341E-3,-2.26992E-3,-2.47827E-3,-2.13133E-3,-1.77926E-3,-1.98772E-3,-1.75856E-3,-1.73467E-3,-1.97125E-3,-1.61913E-3,-1.64837E-3,-2.38504E-3,-2.39891E-3,-2.05432E-3
1.15633E+3,NaN,NaN,NaN,NaN,NaN,NaN,NaN,NaN,NaN,NaN,NaN,4.65761E-4,-2.26932E-4,-9.19625E-4,-9.65910E-4,-6.80652E-4,-3.95394E-4,-2.60120E-4,-1.61445E-4,-6.27707E-5,3.84346E-5,1.39782E-4,2.34660E-4,2.63756E-4,2.92852E-4,3.04149E-4,2.56661E-4,2.09174E-4,2.19483E-4,3.26011E-4,4.32539E-4,2.45862E-4,-2.13506E-4,-6.72874E-4,-1.04053E-3,-1.36114E-3,-1.68176E-3,-1.17157E-3,-4.58650E-4,2.54274E-4,-1.19318E-4,-2.19698E-3,-5.34721E-3,-6.06024E-3,-6.61309E-3,-3.14184E-3,6.83509E-3,1.35783E-2,7.25270E-3,-1.48311E-2,-5.69349E-2,-9.29550E-2,-1.03187E-1,-9.45852E-2,-8.55537E-2,-8.47551E-2,-9.79272E-2,-8.71289E-2,-4.41751E-2,2.26671E-2,4.72749E-2,3.06833E-2,1.26077E-2,9.54276E-3,1.24478E-2,1.22730E-2,1.10127E-2,1.01544E-2,9.84854E-3,9.45252E-3,8.49185E-3,7.84121E-3,7.23227E-3,6.81996E-3,7.11569E-3,5.82632E-3,5.25808E-3,4.69935E-3,4.41586E-3,5.02233E-3,4.69937E-3,3.55392E-3,2.03846E-3,3.10648E-3,3.47307E-3,2.81484E-3,2.14930E-3,2.21158E-3,2.14263E-3,2.36082E-3,1.84500E-3,1.47145E-3,5.13902E-5,1.19971E-3,5.78002E-4,-7.19357E-5,-6.58528E-4,-1.33774E-3,-1.63518E-3,-2.74760E-3,-2.46039E-3,-2.59996E-3,-2.82139E-3,-3.17461E-3,-3.09336E-3,-3.29583E-3,-3.06177E-3,-2.97858E-3,-2.66386E-3,-2.56777E-3,-3.04094E-3,-2.51143E-3,-2.71062E-3,-1.77713E-3,-1.88797E-3,-1.92801E-3,-2.49033E-3,-2.47971E-3,-2.61801E-3,-1.42497E-3,-9.62769E-4,-2.26923E-3,-2.74976E-3,-2.43244E-3,-2.38790E-3,-2.66972E-3,-2.33857E-3,-2.02907E-3,-2.05462E-3,-1.75268E-3,-1.79092E-3,-2.07767E-3,-1.83221E-3,-1.77951E-3,-2.37306E-3,-2.46041E-3,-2.12516E-3
1.15978E+3,NaN,NaN,NaN,NaN,NaN,NaN,NaN,NaN,NaN,NaN,NaN,2.96833E-4,-3.49792E-4,-9.73835E-4,-7.64840E-4,-5.55846E-4,-3.59569E-4,-2.25714E-4,-9.18595E-5,-1.24803E-6,-5.94536E-6,-1.06427E-5,7.08405E-6,5.16742E-5,9.62643E-5,1.72369E-4,2.69674E-4,3.66978E-4,4.10797E-4,4.35890E-4,4.60983E-4,1.59311E-4,-1.85433E-4,-5.32949E-4,-9.82690E-4,-1.43243E-3,-1.66992E-3,-8.65614E-4,-6.13039E-5,5.28518E-4,1.85065E-5,-2.20690E-3,-4.49976E-3,-5.43934E-3,-5.84290E-3,-2.33075E-3,6.32154E-3,1.32934E-2,9.63890E-3,-1.34612E-2,-5.44450E-2,-8.81211E-2,-9.92018E-2,-9.42119E-2,-8.62405E-2,-8.75882E-2,-9.71548E-2,-8.46980E-2,-3.85171E-2,2.13883E-2,4.26883E-2,2.79422E-2,1.18635E-2,9.17732E-3,1.18875E-2,1.14808E-2,1.00587E-2,9.41313E-3,9.16331E-3,8.67462E-3,7.86778E-3,7.32587E-3,6.83694E-3,6.68315E-3,6.43341E-3,5.26500E-3,4.80651E-3,4.23833E-3,4.33899E-3,4.71091E-3,4.13297E-3,2.86312E-3,2.29595E-3,3.10163E-3,3.04969E-3,2.47375E-3,2.04752E-3,2.13743E-3,2.06529E-3,2.15363E-3,1.59302E-3,9.63071E-4,3.41089E-4,9.95928E-4,5.25095E-4,-6.49966E-5,-7.87532E-4,-1.71048E-3,-1.67067E-3,-2.84525E-3,-2.88680E-3,-2.39532E-3,-2.98199E-3,-3.21578E-3,-3.09712E-3,-3.29924E-3,-3.11133E-3,-3.06376E-3,-2.61060E-3,-2.34546E-3,-2.60055E-3,-2.36770E-3,-2.38137E-3,-1.70549E-3,-1.79731E-3,-2.07707E-3,-2.62443E-3,-2.58899E-3,-2.79314E-3,-1.60146E-3,-1.01505E-3,-2.20965E-3,-2.66654E-3,-2.36239E-3,-2.17134E-3,-2.43503E-3,-2.50829E-3,-2.16254E-3,-1.92520E-3,-1.70119E-3,-1.79454E-3,-2.00788E-3,-1.81117E-3,-1.78431E-3,-2.38193E-3,-2.25400E-3,-1.80126E-3
1.16323E+3,NaN,NaN,NaN,NaN,NaN,NaN,NaN,NaN,NaN,NaN,6.37853E-4,7.97141E-5,-4.78425E-4,-7.55516E-4,-5.89598E-4,-4.23680E-4,-2.91410E-4,-1.88857E-4,-8.63046E-5,-6.72129E-5,-8.85130E-5,-1.09813E-4,-1.38999E-5,1.08316E-4,2.30531E-4,2.64574E-4,2.94904E-4,3.28898E-4,3.95006E-4,4.61113E-4,4.46645E-4,1.84278E-4,-7.80892E-5,-4.17556E-4,-8.78554E-4,-1.33955E-3,-1.21372E-3,-5.69606E-4,7.45061E-5,6.93119E-4,1.03318E-4,-2.18701E-3,-3.76802E-3,-5.19370E-3,-5.88156E-3,-2.39307E-3,5.99819E-3,1.47078E-2,1.33624E-2,-1.22596E-2,-5.32833E-2,-8.49721E-2,-9.69880E-2,-9.41078E-2,-8.63538E-2,-9.20984E-2,-9.98061E-2,-8.54162E-2,-3.13643E-2,2.43366E-2,3.86063E-2,2.36110E-2,1.01976E-2,9.26400E-3,1.10741E-2,1.02427E-2,9.19780E-3,8.92543E-3,8.65923E-3,7.96531E-3,7.11708E-3,6.70310E-3,6.16054E-3,6.27795E-3,5.41974E-3,4.75434E-3,4.17123E-3,3.86528E-3,4.18762E-3,4.32469E-3,3.40420E-3,2.29885E-3,2.41731E-3,2.77539E-3,2.49138E-3,1.77310E-3,1.80374E-3,1.80604E-3,1.93219E-3,1.67082E-3,1.21394E-3,2.17355E-4,6.29098E-4,5.58885E-4,1.83262E-4,-6.89983E-5,-1.06221E-3,-2.08626E-3,-2.01009E-3,-2.85894E-3,-2.90465E-3,-2.66220E-3,-2.91918E-3,-2.99813E-3,-3.00989E-3,-3.21853E-3,-3.07478E-3,-3.08552E-3,-2.75077E-3,-2.45184E-3,-2.55593E-3,-2.45006E-3,-2.37939E-3,-1.85642E-3,-1.88773E-3,-2.28704E-3,-2.65701E-3,-2.64953E-3,-2.90624E-3,-1.84178E-3,-1.34021E-3,-2.44910E-3,-2.72909E-3,-2.39085E-3,-2.33444E-3,-2.51358E-3,-2.52056E-3,-2.25992E-3,-2.11016E-3,-1.87340E-3,-1.83696E-3,-2.12757E-3,-2.10767E-3,-1.90410E-3,-2.26328E-3,-2.27320E-3,-1.86635E-3
1.16669E+3,NaN,NaN,NaN,NaN,NaN,NaN,NaN,NaN,NaN,NaN,4.54207E-4,-1.27374E-4,-7.08956E-4,-6.97925E-4,-4.85464E-4,-2.73003E-4,-1.68069E-4,-7.65354E-5,1.03934E-5,-4.18027E-5,-9.39989E-5,-1.18738E-4,-1.39392E-5,9.08592E-5,1.73597E-4,2.08969E-4,2.44341E-4,2.62041E-4,2.59046E-4,2.56052E-4,1.90479E-4,8.37861E-5,-2.29066E-5,-3.93215E-4,-8.53128E-4,-1.31304E-3,-9.96213E-4,-5.82579E-4,-1.59779E-4,5.05773E-4,8.53645E-5,-1.90611E-3,-3.14877E-3,-5.14532E-3,-6.39149E-3,-3.51065E-3,5.05874E-3,1.66749E-2,1.80500E-2,-9.20060E-3,-5.17148E-2,-8.35769E-2,-9.73528E-2,-9.48143E-2,-8.59141E-2,-9.38788E-2,-1.02080E-1,-8.83771E-2,-2.60150E-2,3.18800E-2,3.85104E-2,2.00681E-2,7.48488E-3,8.76524E-3,1.09265E-2,8.96545E-3,8.27185E-3,7.98868E-3,7.92232E-3,7.04025E-3,6.42532E-3,6.10865E-3,5.63949E-3,5.99650E-3,4.46915E-3,4.36324E-3,3.42336E-3,3.49378E-3,4.03506E-3,3.90165E-3,2.54224E-3,1.62918E-3,2.34208E-3,2.59058E-3,1.87369E-3,1.11570E-3,1.83586E-3,1.45218E-3,1.63998E-3,1.02512E-3,7.99982E-4,-3.55353E-4,6.65776E-4,1.74069E-4,-4.33013E-6,-1.91450E-4,-1.01136E-3,-2.22984E-3,-2.14707E-3,-3.20566E-3,-3.00464E-3,-2.94002E-3,-2.99829E-3,-3.12073E-3,-3.28437E-3,-3.31432E-3,-3.17445E-3,-3.26818E-3,-2.95960E-3,-2.61685E-3,-2.69725E-3,-2.81300E-3,-2.38988E-3,-2.00861E-3,-2.15302E-3,-2.53570E-3,-2.86904E-3,-2.90025E-3,-3.08703E-3,-2.07009E-3,-1.61345E-3,-2.54756E-3,-2.88615E-3,-2.59319E-3,-2.28573E-3,-2.57652E-3,-2.77034E-3,-2.50481E-3,-2.31491E-3,-2.10972E-3,-2.05595E-3,-2.28783E-3,-2.30501E-3,-2.04709E-3,-2.33149E-3,-2.30936E-3,-2.02049E-3
1.17014E+3,NaN,NaN,NaN,NaN,NaN,NaN,NaN,NaN,NaN,NaN,2.83917E-4,-1.12874E-4,-4.62336E-4,-3.90226E-4,-3.18116E-4,-2.39693E-4,-1.41686E-4,-4.36799E-5,-1.99230E-5,-1.13949E-4,-2.07974E-4,-1.90301E-4,-7.33794E-5,4.35424E-5,1.15080E-4,1.64502E-4,2.13924E-4,1.97711E-4,1.66620E-4,1.35530E-4,2.33732E-4,3.37592E-4,3.80325E-4,-1.21396E-4,-6.23116E-4,-9.77743E-4,-8.76113E-4,-7.74483E-4,-2.73668E-4,4.21824E-4,-1.58031E-4,-1.44021E-3,-2.80068E-3,-4.82733E-3,-6.02148E-3,-3.50482E-3,5.24656E-3,1.64856E-2,1.58003E-2,-8.82906E-3,-4.65862E-2,-7.84760E-2,-9.44559E-2,-9.40731E-2,-9.01075E-2,-9.51103E-2,-1.00321E-1,-7.94891E-2,-2.14389E-2,2.69221E-2,3.31370E-2,1.86451E-2,8.18698E-3,8.30826E-3,9.52671E-3,8.02518E-3,7.58681E-3,7.37695E-3,7.27660E-3,6.65749E-3,5.95746E-3,5.73393E-3,5.67765E-3,5.13009E-3,3.98871E-3,3.61078E-3,3.11973E-3,3.37783E-3,3.64629E-3,3.31053E-3,2.27710E-3,1.77410E-3,2.09252E-3,2.06612E-3,1.47541E-3,1.28752E-3,1.57829E-3,1.39561E-3,1.37382E-3,9.08822E-4,3.38015E-4,-4.49278E-5,2.87860E-4,-3.26113E-5,-6.81040E-5,-2.79990E-4,-1.11241E-3,-2.25048E-3,-1.95148E-3,-3.09996E-3,-2.78255E-3,-3.04055E-3,-3.16396E-3,-3.07292E-3,-3.04815E-3,-3.09927E-3,-3.23492E-3,-3.39221E-3,-2.99671E-3,-2.63216E-3,-2.76527E-3,-2.96024E-3,-2.41097E-3,-2.10609E-3,-2.19053E-3,-2.43575E-3,-2.75778E-3,-2.93065E-3,-3.05261E-3,-2.21936E-3,-1.89417E-3,-2.49803E-3,-2.65699E-3,-2.51615E-3,-2.42041E-3,-2.56651E-3,-2.79597E-3,-2.54071E-3,-2.24260E-3,-2.11322E-3,-2.01132E-3,-2.19819E-3,-2.32051E-3,-2.10893E-3,-2.21907E-3,-2.23461E-3,-1.99315E-3
1.17360E+3,NaN,NaN,NaN,NaN,NaN,NaN,NaN,NaN,NaN,NaN,1.13703E-4,-2.49655E-4,-4.27471E-4,-3.80384E-4,-3.33297E-4,-2.08689E-4,-3.12945E-5,1.46100E-4,9.07056E-5,-4.74322E-5,-1.85570E-4,-1.35796E-4,-6.05486E-5,1.42233E-5,6.92251E-5,1.24227E-4,1.48141E-4,1.62495E-5,-1.15642E-4,-1.53483E-4,1.88067E-5,1.91096E-4,9.93220E-5,-3.12535E-4,-7.24391E-4,-9.58626E-4,-1.07191E-3,-1.18520E-3,-5.99969E-4,2.96233E-5,-3.87235E-4,-8.58410E-4,-2.53598E-3,-4.91179E-3,-6.69027E-3,-4.27297E-3,4.66352E-3,1.73204E-2,1.75342E-2,-5.34777E-3,-4.18225E-2,-7.53941E-2,-9.25835E-2,-9.25503E-2,-8.98869E-2,-9.42058E-2,-1.01505E-1,-7.55170E-2,-1.39686E-2,2.65832E-2,2.98737E-2,1.58254E-2,7.09381E-3,8.04344E-3,7.80294E-3,7.07181E-3,6.49853E-3,6.55040E-3,6.44911E-3,5.61760E-3,5.27100E-3,5.05939E-3,5.06168E-3,3.90178E-3,3.38937E-3,2.95098E-3,2.73641E-3,2.80039E-3,2.89473E-3,2.25470E-3,1.60477E-3,1.35462E-3,1.55462E-3,1.36621E-3,6.98702E-4,8.36536E-4,8.90323E-4,8.71009E-4,5.48078E-4,5.46538E-4,-3.17390E-4,-2.51692E-4,-3.84960E-4,-5.34109E-4,-5.42856E-4,-8.62409E-4,-1.63510E-3,-2.36126E-3,-2.05635E-3,-3.20174E-3,-2.99815E-3,-2.95022E-3,-3.37310E-3,-3.34900E-3,-3.37692E-3,-3.44437E-3,-3.55270E-3,-3.51369E-3,-3.35078E-3,-2.87666E-3,-2.98775E-3,-3.19271E-3,-2.68782E-3,-2.53658E-3,-2.60625E-3,-2.72079E-3,-2.92675E-3,-3.06435E-3,-3.18810E-3,-2.52310E-3,-2.30813E-3,-2.91986E-3,-2.97591E-3,-2.66509E-3,-2.52602E-3,-2.76593E-3,-3.03784E-3,-2.87510E-3,-2.68906E-3,-2.44105E-3,-2.33743E-3,-2.51933E-3,-2.75025E-3,-2.49961E-3,-2.31812E-3,-2.36842E-3,-2.31621E-3
1.17705E+3,NaN,NaN,NaN,NaN,NaN,NaN,NaN,NaN,NaN,NaN,-8.33403E-5,-3.67312E-4,-3.57171E-4,-2.73369E-4,-1.89567E-4,6.29964E-6,2.08995E-4,3.78149E-4,1.88202E-4,-1.74546E-6,-1.50737E-4,-1.61278E-4,-1.71818E-4,-1.35238E-4,-1.88163E-5,9.76054E-5,3.97727E-5,-1.82825E-4,-4.05423E-4,-2.84104E-4,1.68810E-5,3.17866E-4,1.23653E-4,-1.94584E-4,-5.12821E-4,-8.01025E-4,-1.08740E-3,-1.31234E-3,-8.49083E-4,-1.18200E-4,-5.12472E-5,-4.46433E-4,-2.33847E-3,-4.61363E-3,-6.98535E-3,-4.95754E-3,3.23385E-3,1.65089E-2,1.99283E-2,-7.92890E-4,-3.75256E-2,-7.37564E-2,-9.21697E-2,-9.27983E-2,-8.86773E-2,-9.16259E-2,-1.00409E-1,-7.45303E-2,-8.25796E-3,2.79474E-2,2.94691E-2,1.40295E-2,4.89217E-3,7.33944E-3,6.63018E-3,6.15782E-3,5.48859E-3,5.78777E-3,5.61961E-3,4.62327E-3,4.68435E-3,4.50004E-3,4.22215E-3,2.95072E-3,2.93008E-3,2.26879E-3,2.34387E-3,2.26283E-3,2.36747E-3,1.78885E-3,1.32177E-3,1.11914E-3,1.34471E-3,9.60518E-4,2.00909E-4,7.36629E-4,5.67922E-4,1.93146E-4,1.47810E-4,1.97758E-4,-7.31191E-4,-4.13263E-4,-7.41620E-4,-8.21837E-4,-7.87403E-4,-1.16439E-3,-2.01416E-3,-2.55408E-3,-2.49407E-3,-3.31201E-3,-3.22526E-3,-2.83534E-3,-3.37648E-3,-3.33347E-3,-3.51983E-3,-3.41628E-3,-3.63968E-3,-3.71315E-3,-3.67205E-3,-2.94097E-3,-3.32938E-3,-3.21413E-3,-2.89985E-3,-2.75212E-3,-2.79801E-3,-2.78704E-3,-3.08593E-3,-3.17805E-3,-3.21213E-3,-2.69663E-3,-2.59973E-3,-3.12841E-3,-2.99773E-3,-2.79002E-3,-2.75994E-3,-2.91867E-3,-3.20453E-3,-3.08935E-3,-2.92699E-3,-2.74586E-3,-2.64232E-3,-2.77580E-3,-3.04998E-3,-2.61969E-3,-2.30163E-3,-2.35249E-3,-2.29257E-3
1.18051E+3,NaN,NaN,NaN,NaN,NaN,NaN,NaN,NaN,NaN,NaN,2.78889E-5,-8.05531E-5,-1.38793E-4,-1.97033E-4,-1.80181E-4,2.33891E-5,2.26959E-4,2.63756E-4,7.91865E-5,-1.05383E-4,-1.80992E-4,-1.75247E-4,-1.69503E-4,-1.11304E-4,-3.22368E-5,4.68304E-5,-1.13090E-4,-3.12483E-4,-5.11396E-4,-2.75063E-4,-3.87293E-5,1.25614E-4,-1.38119E-4,-4.01852E-4,-7.10517E-4,-1.13091E-3,-1.55130E-3,-1.52733E-3,-9.64290E-4,-4.49492E-4,-1.17020E-4,-6.26840E-4,-2.19812E-3,-4.69560E-3,-6.84605E-3,-5.33906E-3,2.42251E-3,1.47673E-2,1.84546E-2,1.97862E-4,-3.54107E-2,-7.07402E-2,-8.99018E-2,-9.24830E-2,-8.86633E-2,-9.22113E-2,-9.59120E-2,-6.47633E-2,-8.36144E-3,2.44334E-2,2.62639E-2,1.28426E-2,5.36339E-3,5.91652E-3,5.83286E-3,5.13557E-3,4.82959E-3,5.05782E-3,4.64660E-3,3.98532E-3,4.05971E-3,3.85358E-3,3.13010E-3,2.60012E-3,2.35663E-3,1.92517E-3,1.80636E-3,1.74061E-3,1.79726E-3,1.53980E-3,1.00328E-3,6.54348E-4,6.41973E-4,1.41342E-4,-9.22579E-5,1.68340E-4,2.60995E-5,-1.62109E-4,-1.64630E-4,-5.16741E-4,-8.84053E-4,-9.76953E-4,-1.31116E-3,-1.31129E-3,-1.25673E-3,-1.48700E-3,-2.15702E-3,-2.73119E-3,-2.81922E-3,-3.20994E-3,-3.52433E-3,-3.04837E-3,-3.60185E-3,-3.61045E-3,-3.52048E-3,-3.56039E-3,-4.20253E-3,-4.03181E-3,-3.85519E-3,-3.24359E-3,-3.55013E-3,-3.42382E-3,-3.07624E-3,-3.01752E-3,-2.95755E-3,-2.77571E-3,-3.07020E-3,-3.20064E-3,-3.29467E-3,-2.95929E-3,-2.82834E-3,-3.21476E-3,-3.21630E-3,-3.06785E-3,-3.11544E-3,-3.22159E-3,-3.39593E-3,-3.17321E-3,-3.02564E-3,-3.01112E-3,-2.97479E-3,-3.05534E-3,-3.18064E-3,-2.75308E-3,-2.35524E-3,-2.60551E-3,-2.77406E-3
1.18397E+3,NaN,NaN,NaN,NaN,NaN,NaN,NaN,NaN,NaN,NaN,-1.02137E-4,-1.10201E-4,-9.55429E-5,-8.08849E-5,5.15651E-5,2.53878E-4,4.56191E-4,3.78879E-4,2.18308E-4,5.77363E-5,-2.17790E-5,-9.36111E-5,-1.61356E-4,-1.60564E-4,-1.59772E-4,-2.00337E-4,-4.07233E-4,-6.14129E-4,-6.53424E-4,-3.70244E-4,-8.70640E-5,7.17749E-6,-9.93285E-5,-2.05835E-4,-5.04320E-4,-9.16668E-4,-1.32902E-3,-1.44450E-3,-1.24355E-3,-5.44712E-4,-2.90410E-5,-4.54872E-4,-1.95334E-3,-5.08292E-3,-6.97682E-3,-6.10627E-3,8.33741E-4,1.53193E-2,2.05055E-2,3.35347E-3,-3.38152E-2,-6.92445E-2,-8.89400E-2,-9.06593E-2,-8.58580E-2,-9.09556E-2,-9.73643E-2,-5.75641E-2,-4.38887E-3,2.57327E-2,2.42225E-2,9.82646E-3,4.30175E-3,5.07597E-3,5.01106E-3,4.24521E-3,4.29696E-3,4.40370E-3,3.54693E-3,3.61104E-3,3.85533E-3,3.12675E-3,2.17986E-3,2.06543E-3,1.83975E-3,1.49052E-3,1.25323E-3,1.26898E-3,1.23328E-3,1.02185E-3,2.57509E-4,2.21994E-4,1.79397E-4,-3.27601E-4,-1.76188E-4,-1.21100E-4,-2.32964E-4,-5.85780E-4,-6.05080E-4,-1.03124E-3,-1.08660E-3,-1.38486E-3,-1.54775E-3,-1.35838E-3,-1.83969E-3,-1.86436E-3,-2.31274E-3,-2.72130E-3,-3.01530E-3,-3.38915E-3,-3.87662E-3,-3.39281E-3,-3.74356E-3,-3.68235E-3,-3.52266E-3,-3.59315E-3,-4.17770E-3,-3.95707E-3,-4.02407E-3,-3.33173E-3,-3.69264E-3,-3.46353E-3,-3.36645E-3,-3.36563E-3,-3.09876E-3,-2.82493E-3,-3.13815E-3,-3.31767E-3,-3.32152E-3,-2.99063E-3,-3.12594E-3,-3.30607E-3,-3.22439E-3,-3.36440E-3,-3.32608E-3,-3.36655E-3,-3.51695E-3,-3.27497E-3,-3.29412E-3,-3.26156E-3,-3.05927E-3,-3.01857E-3,-3.19256E-3,-2.83718E-3,-2.51273E-3,-2.71042E-3,-2.95779E-3
1.18743E+3,NaN,NaN,NaN,NaN,NaN,NaN,NaN,NaN,NaN,NaN,1.76005E-5,-2.59237E-6,-4.13227E-5,-8.00530E-5,1.46062E-4,3.81704E-4,5.74071E-4,4.09510E-4,2.44948E-4,7.77541E-5,-9.72948E-5,-2.72344E-4,-3.43463E-4,-2.54627E-4,-1.65792E-4,-2.39441E-4,-4.53350E-4,-6.67259E-4,-5.41291E-4,-2.55056E-4,3.11790E-5,-7.11685E-5,-2.57421E-4,-4.43674E-4,-6.95389E-4,-9.49458E-4,-1.23319E-3,-1.67176E-3,-1.33843E-3,-7.45838E-4,-1.67549E-4,-2.14588E-4,-1.75605E-3,-4.71157E-3,-6.68834E-3,-6.85555E-3,-5.28423E-4,1.51373E-2,2.26725E-2,6.92047E-3,-3.14607E-2,-6.79896E-2,-8.82647E-2,-9.03998E-2,-8.46988E-2,-8.96072E-2,-9.78542E-2,-5.52647E-2,-1.62605E-3,2.81004E-2,2.34080E-2,7.58920E-3,2.79600E-3,4.69773E-3,3.85896E-3,3.52065E-3,3.60505E-3,3.54509E-3,2.60330E-3,3.05361E-3,2.97377E-3,2.25490E-3,1.79853E-3,1.69736E-3,1.30894E-3,9.53881E-4,5.90782E-4,8.85724E-4,8.40046E-4,5.74422E-4,-2.49415E-4,1.02305E-5,-3.86909E-4,-6.59098E-4,-3.16438E-4,-4.15405E-4,-8.19298E-4,-9.82584E-4,-8.91855E-4,-1.28670E-3,-1.44076E-3,-1.98172E-3,-1.81894E-3,-1.76542E-3,-2.09870E-3,-2.03966E-3,-2.35923E-3,-3.04809E-3,-3.42749E-3,-3.62041E-3,-3.97703E-3,-3.78013E-3,-4.03980E-3,-3.70230E-3,-3.54791E-3,-3.94821E-3,-4.09982E-3,-4.04258E-3,-4.03672E-3,-3.42214E-3,-3.77809E-3,-3.68293E-3,-3.56480E-3,-3.43407E-3,-3.29448E-3,-2.96104E-3,-3.08009E-3,-3.33362E-3,-3.47479E-3,-3.13735E-3,-3.19568E-3,-3.41209E-3,-3.41382E-3,-3.62107E-3,-3.59815E-3,-3.57983E-3,-3.53053E-3,-3.24521E-3,-3.38034E-3,-3.45191E-3,-3.30976E-3,-3.18540E-3,-3.22318E-3,-2.91061E-3,-2.67000E-3,-2.86317E-3,-3.03621E-3
1.19089E+3,NaN,NaN,NaN,NaN,NaN,NaN,NaN,NaN,NaN,-3.89460E-4,2.89673E-4,5.11012E-5,-1.87471E-4,-2.38428E-4,1.49280E-4,5.36987E-4,6.08958E-4,2.83018E-4,-4.29207E-5,-1.77545E-4,-1.76609E-4,-1.75673E-4,-1.15701E-4,-3.36893E-5,4.83229E-5,-1.02273E-4,-2.87320E-4,-4.67022E-4,-2.66266E-4,-6.55114E-5,8.25925E-5,-5.26237E-5,-1.87840E-4,-3.52722E-4,-5.86966E-4,-8.21211E-4,-1.10957E-3,-1.31662E-3,-1.22113E-3,-7.26024E-4,-9.01404E-5,-2.44605E-4,-1.82271E-3,-4.27047E-3,-6.39205E-3,-6.72228E-3,2.23603E-4,1.43381E-2,2.13535E-2,5.86077E-3,-2.97469E-2,-6.47704E-2,-8.53975E-2,-8.85524E-2,-8.46380E-2,-9.18250E-2,-8.97836E-2,-5.01199E-2,-1.36242E-4,2.51314E-2,1.99957E-2,6.91422E-3,2.64622E-3,3.53410E-3,3.08314E-3,2.88987E-3,2.87709E-3,2.54113E-3,2.25565E-3,2.57503E-3,2.16895E-3,1.46031E-3,1.25071E-3,1.34319E-3,1.01937E-3,5.22683E-4,2.33681E-4,2.50609E-4,4.62646E-4,1.99556E-5,-4.52227E-4,-4.31431E-4,-8.19643E-4,-7.57906E-4,-6.08653E-4,-8.21851E-4,-1.25139E-3,-1.44138E-3,-1.32168E-3,-1.51521E-3,-1.94120E-3,-2.24731E-3,-2.07742E-3,-2.08820E-3,-2.33393E-3,-2.36011E-3,-2.58120E-3,-3.29929E-3,-3.55107E-3,-3.69216E-3,-3.93805E-3,-4.19187E-3,-4.03126E-3,-3.76041E-3,-3.67680E-3,-3.96267E-3,-4.30640E-3,-4.09835E-3,-4.36007E-3,-3.54422E-3,-3.74850E-3,-3.57011E-3,-3.43523E-3,-3.67966E-3,-3.26429E-3,-3.03065E-3,-3.28120E-3,-3.30111E-3,-3.29652E-3,-2.96716E-3,-3.22425E-3,-3.44044E-3,-3.42401E-3,-3.70335E-3,-3.68134E-3,-3.58143E-3,-3.57234E-3,-3.22665E-3,-3.35638E-3,-3.68736E-3,-3.69514E-3,-3.39899E-3,-3.25995E-3,-2.98153E-3,-2.75979E-3,-2.94506E-3,-3.13963E-3
1.19435E+3,NaN,NaN,NaN,NaN,NaN,NaN,NaN,NaN,NaN,-3.22692E-4,2.71690E-4,-1.26793E-5,-2.97048E-4,-1.63324E-4,2.15277E-4,5.93878E-4,5.04861E-4,2.78907E-4,5.29540E-5,-1.02193E-4,-2.50876E-4,-3.79708E-4,-1.93115E-4,-6.52297E-6,1.05511E-4,-7.68801E-5,-2.59271E-4,-3.38454E-4,-2.21621E-4,-1.04789E-4,-8.81143E-5,-1.76617E-4,-2.65120E-4,-3.92577E-4,-5.42850E-4,-6.93123E-4,-1.02931E-3,-1.24160E-3,-1.34555E-3,-9.71559E-4,-1.44110E-4,-2.05410E-4,-2.05016E-3,-4.04370E-3,-5.97238E-3,-7.32888E-3,-2.01041E-4,1.35916E-2,2.23843E-2,6.56074E-3,-2.85993E-2,-6.30315E-2,-8.54533E-2,-8.71965E-2,-8.31450E-2,-9.43640E-2,-8.81797E-2,-4.48850E-2,5.58180E-3,2.50530E-2,1.69520E-2,4.58817E-3,2.42008E-3,2.99468E-3,2.56521E-3,2.31071E-3,2.33608E-3,1.51275E-3,1.83538E-3,2.17292E-3,1.50503E-3,9.66677E-4,8.75303E-4,8.21913E-4,5.33686E-4,-7.69086E-6,-1.06278E-4,1.58465E-4,3.90689E-4,-5.69958E-4,-5.08002E-4,-8.14715E-4,-7.83916E-4,-6.43836E-4,-8.60097E-4,-1.13419E-3,-1.65348E-3,-1.44028E-3,-1.43188E-3,-1.99163E-3,-2.35590E-3,-2.37202E-3,-2.15781E-3,-2.31382E-3,-2.55105E-3,-2.46185E-3,-2.77030E-3,-3.48482E-3,-3.71325E-3,-4.11034E-3,-3.91374E-3,-4.05913E-3,-4.13552E-3,-3.78927E-3,-3.73223E-3,-4.04929E-3,-4.16937E-3,-4.03382E-3,-4.19877E-3,-3.61127E-3,-3.51778E-3,-3.67323E-3,-3.53437E-3,-3.74964E-3,-3.24171E-3,-3.11212E-3,-3.04716E-3,-3.22294E-3,-3.39715E-3,-2.90081E-3,-3.13114E-3,-3.41742E-3,-3.48582E-3,-3.84696E-3,-3.76868E-3,-3.51694E-3,-3.50470E-3,-3.12244E-3,-3.21247E-3,-3.57675E-3,-3.57829E-3,-3.30257E-3,-3.21852E-3,-3.08668E-3,-2.88589E-3,-3.05699E-3,-3.21360E-3
1.19781E+3,NaN,NaN,NaN,NaN,NaN,NaN,NaN,NaN,NaN,-3.24843E-4,6.42825E-5,-1.64479E-4,-3.93240E-4,-2.38711E-5,3.71387E-4,7.02129E-4,4.60949E-4,2.19769E-4,2.04515E-5,-4.93209E-5,-1.19093E-4,-1.25770E-4,-3.25415E-5,6.06874E-5,1.73754E-5,-1.47049E-4,-3.11473E-4,-2.98096E-4,-1.98251E-4,-9.84048E-5,-5.81199E-5,-3.12961E-5,-4.47235E-6,-1.13469E-4,-2.28345E-4,-3.75501E-4,-7.80643E-4,-9.54898E-4,-1.24257E-3,-9.91489E-4,-2.55196E-4,-1.43797E-4,-1.78529E-3,-3.53314E-3,-5.17720E-3,-7.22640E-3,-1.28403E-3,1.18883E-2,2.29011E-2,8.37485E-3,-2.62706E-2,-6.12134E-2,-8.65711E-2,-8.68730E-2,-8.30614E-2,-9.28703E-2,-8.76444E-2,-4.09751E-2,1.04954E-2,2.53967E-2,1.53673E-2,2.49994E-3,1.65671E-3,2.63381E-3,2.02250E-3,1.83499E-3,2.06566E-3,1.08989E-3,1.52672E-3,1.47487E-3,7.64191E-4,5.42493E-4,9.13894E-4,5.55106E-4,5.88703E-5,-2.53898E-4,-3.40650E-4,7.70427E-6,-6.72342E-5,-9.22259E-4,-6.04244E-4,-9.23174E-4,-9.34437E-4,-7.01504E-4,-8.69051E-4,-1.26056E-3,-1.92724E-3,-1.46686E-3,-1.26718E-3,-2.06569E-3,-2.44321E-3,-2.54574E-3,-2.19760E-3,-2.53951E-3,-2.55744E-3,-2.49608E-3,-2.63570E-3,-3.47776E-3,-3.88126E-3,-4.06026E-3,-4.02011E-3,-4.04856E-3,-4.03162E-3,-3.66604E-3,-3.94925E-3,-4.14789E-3,-4.13135E-3,-4.11114E-3,-4.04747E-3,-3.60771E-3,-3.47281E-3,-3.47807E-3,-3.56030E-3,-3.83615E-3,-3.13578E-3,-3.13789E-3,-3.02040E-3,-3.20320E-3,-3.33239E-3,-2.85072E-3,-3.15630E-3,-3.24340E-3,-3.32790E-3,-3.91042E-3,-3.93967E-3,-3.65527E-3,-3.47934E-3,-2.96532E-3,-3.09565E-3,-3.45068E-3,-3.48626E-3,-3.16968E-3,-3.16446E-3,-2.99975E-3,-2.91478E-3,-3.07591E-3,-3.17793E-3
1.20127E+3,NaN,NaN,NaN,NaN,NaN,NaN,NaN,NaN,NaN,-3.19497E-4,1.10204E-4,-3.59052E-5,-5.68885E-5,2.38762E-4,5.34413E-4,6.03284E-4,3.66716E-4,1.30148E-4,-7.36184E-5,-2.52534E-4,-4.31449E-4,-2.80419E-4,4.19254E-6,2.88804E-4,2.56367E-4,1.70020E-4,8.36729E-5,-1.90839E-5,-1.21881E-4,-2.01263E-4,-1.37266E-4,-7.32698E-5,-4.19491E-5,-9.33156E-5,-1.44682E-4,-1.85032E-4,-3.64847E-4,-8.02696E-4,-9.87344E-4,-5.81467E-4,-3.01779E-5,-4.11252E-5,-1.13217E-3,-2.56847E-3,-4.65398E-3,-5.84901E-3,-7.31580E-4,1.18502E-2,2.05473E-2,7.46055E-3,-2.39458E-2,-5.97437E-2,-8.32638E-2,-8.58019E-2,-8.58980E-2,-9.22854E-2,-8.09661E-2,-3.50717E-2,8.75360E-3,2.15200E-2,1.30884E-2,2.75106E-3,1.21700E-3,2.34643E-3,1.93260E-3,1.53956E-3,1.12392E-3,9.27219E-4,1.21853E-3,1.03831E-3,6.57558E-4,5.37542E-4,5.73142E-4,2.89625E-4,-1.70994E-4,-3.93484E-4,-3.13488E-4,-1.78087E-4,-4.82858E-4,-7.39458E-4,-7.35617E-4,-1.01421E-3,-8.22614E-4,-7.90077E-4,-1.19620E-3,-1.64994E-3,-1.91675E-3,-1.72007E-3,-1.71776E-3,-2.16306E-3,-2.44358E-3,-2.38992E-3,-2.49934E-3,-2.71433E-3,-2.69343E-3,-2.73260E-3,-2.60896E-3,-3.18898E-3,-3.75079E-3,-3.85837E-3,-4.07225E-3,-3.88737E-3,-3.89830E-3,-3.67012E-3,-3.86261E-3,-4.00512E-3,-3.93730E-3,-3.91629E-3,-4.01419E-3,-3.60935E-3,-3.32628E-3,-3.37218E-3,-3.46882E-3,-3.51052E-3,-2.99224E-3,-3.02733E-3,-2.91001E-3,-3.17660E-3,-3.33184E-3,-2.69523E-3,-2.95446E-3,-3.03605E-3,-3.22815E-3,-3.68948E-3,-3.53554E-3,-3.34464E-3,-3.15141E-3,-2.70409E-3,-3.10223E-3,-3.47896E-3,-3.33226E-3,-2.93721E-3,-2.99845E-3,-2.93220E-3,-2.87636E-3,-2.92885E-3,-3.03843E-3
1.20473E+3,NaN,NaN,NaN,NaN,NaN,NaN,NaN,NaN,NaN,-1.46296E-4,5.71864E-6,-1.99081E-4,-1.10506E-4,1.69714E-4,4.49935E-4,4.29433E-4,3.07470E-4,1.85508E-4,-5.83670E-5,-3.17220E-4,-5.55287E-4,-1.92590E-4,1.70108E-4,4.44057E-4,3.03356E-4,1.62655E-4,2.37592E-5,-1.11285E-4,-2.46329E-4,-2.91210E-4,-2.31102E-4,-1.70993E-4,-1.48946E-4,-1.51762E-4,-1.54579E-4,-1.34376E-4,-2.35004E-4,-6.20222E-4,-9.01163E-4,-7.84220E-4,-2.58973E-4,-3.66630E-5,-1.13113E-3,-2.11198E-3,-5.00115E-3,-6.03267E-3,-1.95612E-3,1.17719E-2,2.08777E-2,7.62189E-3,-2.24483E-2,-6.23300E-2,-8.33473E-2,-8.63395E-2,-8.67685E-2,-9.56799E-2,-7.83407E-2,-2.79541E-2,9.97967E-3,1.99138E-2,1.02328E-2,1.59343E-3,1.55418E-3,1.54921E-3,1.27192E-3,1.01528E-3,5.16834E-4,8.70781E-4,8.17078E-4,4.41062E-4,1.66747E-4,2.98057E-4,1.39821E-4,-3.03838E-4,-4.48392E-4,-5.40209E-4,-5.55662E-4,-3.96249E-4,-8.84469E-4,-8.89029E-4,-1.30114E-3,-1.19122E-3,-9.30623E-4,-1.14703E-3,-1.35752E-3,-1.98842E-3,-2.07659E-3,-1.55270E-3,-1.91275E-3,-2.53980E-3,-2.44634E-3,-2.41395E-3,-2.68848E-3,-2.78477E-3,-2.65524E-3,-2.86626E-3,-2.52157E-3,-3.24117E-3,-3.88235E-3,-3.70296E-3,-3.80769E-3,-3.99887E-3,-3.89801E-3,-3.79193E-3,-3.80042E-3,-3.73170E-3,-3.88359E-3,-3.98858E-3,-3.89675E-3,-3.65364E-3,-3.47589E-3,-3.28872E-3,-3.49899E-3,-3.60302E-3,-2.98654E-3,-2.90136E-3,-2.92892E-3,-3.18976E-3,-3.31124E-3,-2.66435E-3,-2.89848E-3,-2.98919E-3,-3.17367E-3,-3.57758E-3,-3.53767E-3,-3.36514E-3,-3.00509E-3,-2.58776E-3,-3.03597E-3,-3.47892E-3,-3.47373E-3,-3.03629E-3,-2.86116E-3,-3.10717E-3,-3.15585E-3,-3.11427E-3,-3.05884E-3
1.20819E+3,NaN,NaN,NaN,NaN,NaN,NaN,NaN,NaN,NaN,-1.06073E-4,2.13483E-5,-1.24155E-4,5.78897E-5,2.67094E-4,4.57449E-4,3.82288E-4,3.07128E-4,1.87991E-4,-9.74378E-5,-3.82867E-4,-4.41455E-4,-8.24543E-5,2.76547E-4,4.36341E-4,3.92790E-4,3.49239E-4,1.99035E-4,-1.17580E-5,-2.22551E-4,-2.20857E-4,-1.59431E-4,-9.80052E-5,-1.61386E-4,-2.35115E-4,-2.92008E-4,-1.21240E-4,-1.18474E-4,-5.73237E-4,-6.27235E-4,-6.71721E-4,-2.05263E-4,3.19642E-4,-8.02404E-4,-1.77330E-3,-4.71560E-3,-5.44678E-3,-2.78134E-3,1.10891E-2,2.27713E-2,1.09117E-2,-1.90539E-2,-6.32601E-2,-8.28601E-2,-8.62933E-2,-8.48381E-2,-9.62123E-2,-7.73576E-2,-2.27365E-2,1.15747E-2,2.03564E-2,8.29383E-3,-1.70404E-4,1.52772E-3,1.41419E-3,8.42566E-4,6.80302E-4,-1.38260E-5,7.51966E-4,3.45912E-4,1.42442E-4,-1.04132E-4,2.39693E-4,-2.62391E-4,-4.93163E-4,-5.12314E-4,-8.10321E-4,-8.96850E-4,-4.06128E-4,-1.09807E-3,-8.44172E-4,-1.39704E-3,-1.06722E-3,-6.03390E-4,-1.60561E-3,-1.45147E-3,-2.02507E-3,-2.05313E-3,-1.47369E-3,-2.05786E-3,-2.60359E-3,-2.15658E-3,-2.37867E-3,-2.64098E-3,-2.67881E-3,-2.52778E-3,-2.77104E-3,-2.25711E-3,-3.03043E-3,-3.75151E-3,-3.28553E-3,-3.59823E-3,-4.02151E-3,-3.64700E-3,-3.52106E-3,-3.66683E-3,-3.59778E-3,-3.70915E-3,-3.79786E-3,-3.66646E-3,-3.50643E-3,-3.27759E-3,-3.29244E-3,-3.50510E-3,-3.40672E-3,-2.88875E-3,-2.87202E-3,-2.72760E-3,-2.87582E-3,-3.14700E-3,-2.50214E-3,-2.69756E-3,-2.80900E-3,-3.05283E-3,-3.47986E-3,-3.33210E-3,-3.06826E-3,-2.87480E-3,-2.55973E-3,-2.86403E-3,-3.23335E-3,-3.18713E-3,-2.61050E-3,-2.61932E-3,-2.92743E-3,-3.01486E-3,-2.94562E-3,-2.87968E-3
1.21165E+3,NaN,NaN,NaN,NaN,NaN,NaN,NaN,NaN,NaN,5.90289E-5,-3.18430E-5,-1.01567E-4,1.14815E-4,3.31198E-4,4.21145E-4,3.06393E-4,1.91641E-4,4.10824E-5,-1.41914E-4,-3.24910E-4,-2.38093E-4,-1.68983E-5,2.04296E-4,2.35764E-4,2.22842E-4,2.09920E-4,2.23997E-5,-1.73683E-4,-3.39771E-4,-2.23771E-4,-1.07772E-4,-2.68750E-5,-5.77697E-5,-8.86645E-5,-6.76899E-5,-1.02099E-5,-9.92367E-5,-3.39638E-4,-5.86866E-4,-6.26553E-4,-9.13766E-5,3.22844E-4,-4.16141E-4,-1.72048E-3,-4.00395E-3,-5.41427E-3,-1.64099E-3,1.07755E-2,2.00938E-2,1.06259E-2,-2.11498E-2,-6.07021E-2,-8.10868E-2,-8.59650E-2,-8.89214E-2,-9.34341E-2,-6.96795E-2,-2.28752E-2,8.84118E-3,1.68634E-2,7.32953E-3,4.55986E-4,1.02311E-3,1.09662E-3,5.74388E-4,3.58695E-4,3.68257E-4,2.37798E-4,-5.86468E-5,-2.43104E-4,-2.93042E-4,-2.27908E-4,-5.34890E-4,-6.60531E-4,-7.73646E-4,-8.37301E-4,-9.68626E-4,-8.76301E-4,-8.84145E-4,-1.19604E-3,-1.54316E-3,-1.15253E-3,-1.08559E-3,-1.40441E-3,-1.63196E-3,-2.05877E-3,-1.97176E-3,-1.88821E-3,-2.53663E-3,-2.66023E-3,-2.32113E-3,-2.61236E-3,-2.63981E-3,-2.59258E-3,-2.79757E-3,-2.51069E-3,-2.25434E-3,-3.22659E-3,-3.37833E-3,-3.37651E-3,-3.46129E-3,-3.91761E-3,-3.73369E-3,-3.65134E-3,-3.59368E-3,-3.50508E-3,-3.63422E-3,-3.65321E-3,-3.63018E-3,-3.43584E-3,-3.02142E-3,-2.90996E-3,-3.29335E-3,-3.20842E-3,-2.77769E-3,-2.77249E-3,-2.73855E-3,-2.81965E-3,-3.21907E-3,-2.58192E-3,-2.65392E-3,-2.55807E-3,-2.75496E-3,-3.36511E-3,-3.25342E-3,-2.79786E-3,-2.50248E-3,-2.41308E-3,-2.77961E-3,-3.02608E-3,-3.07845E-3,-2.60218E-3,-2.66264E-3,-3.06084E-3,-3.04944E-3,-2.90045E-3,-2.89066E-3
1.21511E+3,NaN,NaN,NaN,NaN,NaN,NaN,NaN,NaN,NaN,3.57855E-4,-9.31282E-5,-1.50851E-4,-6.69553E-5,1.69402E-5,-1.64022E-5,-1.01346E-4,-1.86290E-4,-2.09120E-4,-2.19873E-4,-2.30626E-4,-3.51088E-5,1.64599E-4,3.36043E-4,3.05860E-4,2.75677E-4,2.03924E-4,1.73446E-5,-1.69235E-4,-1.64541E-4,1.16930E-4,3.98401E-4,3.40000E-4,5.22205E-6,-3.29556E-4,-1.04899E-4,1.50863E-4,3.36743E-4,2.33308E-4,-4.19219E-4,-7.10866E-4,1.98988E-5,2.92534E-4,7.64405E-5,-1.25279E-3,-3.52726E-3,-5.46725E-3,-1.59794E-3,1.20375E-2,2.17318E-2,1.38179E-2,-2.22753E-2,-5.84289E-2,-7.91410E-2,-8.36219E-2,-8.99171E-2,-9.36199E-2,-6.37898E-2,-2.08552E-2,9.86919E-3,1.51369E-2,5.20831E-3,4.57859E-4,8.42090E-4,5.09125E-4,2.52853E-4,1.77792E-4,1.63427E-4,-8.26561E-5,-1.79878E-4,-5.90832E-4,-5.68349E-4,-5.58969E-4,-7.27478E-4,-8.31693E-4,-8.66408E-4,-1.00684E-3,-8.73631E-4,-9.16905E-4,-8.25172E-4,-1.39355E-3,-1.37436E-3,-1.13929E-3,-1.61869E-3,-1.89102E-3,-1.93139E-3,-2.27093E-3,-1.88126E-3,-1.86644E-3,-2.50666E-3,-2.28611E-3,-2.09811E-3,-2.43871E-3,-2.37737E-3,-2.52946E-3,-2.84415E-3,-2.14148E-3,-2.38550E-3,-3.24448E-3,-3.36509E-3,-3.36331E-3,-3.30318E-3,-3.81107E-3,-3.50265E-3,-3.64098E-3,-3.54999E-3,-3.33882E-3,-3.54341E-3,-3.52675E-3,-3.57519E-3,-3.21210E-3,-2.76616E-3,-2.78869E-3,-3.15186E-3,-3.21100E-3,-2.83016E-3,-2.59510E-3,-2.82298E-3,-2.93402E-3,-3.12793E-3,-2.20691E-3,-2.49597E-3,-2.66531E-3,-2.89246E-3,-3.05156E-3,-2.98978E-3,-2.48979E-3,-2.11509E-3,-2.19736E-3,-2.78806E-3,-3.04408E-3,-2.96060E-3,-2.50431E-3,-2.46476E-3,-2.82535E-3,-2.97788E-3,-2.86935E-3,-2.67221E-3
1.21858E+3,NaN,NaN,NaN,NaN,NaN,NaN,NaN,NaN,NaN,1.37166E-4,-2.93531E-5,-4.64995E-5,-5.59331E-5,-6.55812E-5,-1.28931E-4,-1.92281E-4,-2.42150E-4,-2.13686E-4,-1.85223E-4,-1.04880E-4,1.02668E-4,3.10217E-4,4.00788E-4,3.37898E-4,2.75009E-4,1.37000E-4,-5.64414E-5,-2.49882E-4,-1.38322E-4,9.28734E-5,3.24069E-4,6.61256E-5,-2.70706E-4,-6.02674E-4,2.79266E-4,1.80625E-4,4.06968E-4,4.25111E-5,-4.95727E-4,-6.42757E-4,2.14625E-4,2.68719E-4,8.94988E-4,-1.39663E-3,-3.21406E-3,-6.04272E-3,-2.95666E-3,1.21152E-2,2.42674E-2,1.84615E-2,-2.32077E-2,-5.86347E-2,-8.08907E-2,-8.39880E-2,-9.07666E-2,-9.72711E-2,-6.23664E-2,-1.87443E-2,1.36091E-2,1.55030E-2,2.78787E-3,-7.14928E-4,1.31430E-3,-3.49849E-5,-1.00080E-4,-1.58589E-4,-2.12366E-4,-5.16830E-4,-3.26047E-4,-1.09931E-3,-7.61615E-4,-1.04577E-3,-9.74127E-4,-8.06254E-4,-1.01986E-3,-1.44279E-3,-9.26029E-4,-9.73645E-4,-7.15724E-4,-1.96956E-3,-1.31464E-3,-1.10119E-3,-1.80893E-3,-1.73696E-3,-1.87606E-3,-2.54159E-3,-1.82797E-3,-2.16102E-3,-3.16635E-3,-1.79153E-3,-2.43236E-3,-2.42119E-3,-2.35945E-3,-2.75426E-3,-2.70855E-3,-1.88210E-3,-2.38044E-3,-3.38364E-3,-3.61354E-3,-3.54007E-3,-3.30029E-3,-3.53011E-3,-3.45073E-3,-3.49972E-3,-3.04089E-3,-3.09261E-3,-3.34717E-3,-3.30301E-3,-3.24184E-3,-3.10761E-3,-2.81861E-3,-2.60589E-3,-2.97744E-3,-2.95357E-3,-2.36484E-3,-2.47163E-3,-2.71598E-3,-2.81797E-3,-3.06791E-3,-2.24294E-3,-2.42731E-3,-2.49483E-3,-2.76796E-3,-2.92670E-3,-2.85659E-3,-2.43474E-3,-2.00436E-3,-2.27341E-3,-2.86234E-3,-2.98608E-3,-2.83277E-3,-2.20659E-3,-2.28326E-3,-2.67131E-3,-2.67059E-3,-2.68355E-3,-2.60633E-3
1.22204E+3,NaN,NaN,NaN,NaN,NaN,NaN,NaN,NaN,5.52340E-5,2.90299E-4,1.13183E-4,-6.73992E-5,-2.47981E-4,-3.48854E-4,-2.72865E-4,-1.96875E-4,-1.39787E-4,-1.05473E-4,-7.11590E-5,-2.40186E-5,3.18023E-5,8.76232E-5,1.37245E-4,1.84679E-4,2.32114E-4,-2.85197E-5,-3.30330E-4,-6.15978E-4,-2.70190E-4,7.55987E-5,3.07958E-4,-2.21755E-5,-3.52309E-4,-3.79891E-4,1.34795E-4,2.66528E-4,2.18029E-4,7.02204E-5,-4.66978E-4,-5.27416E-4,2.07044E-4,5.33195E-4,5.54096E-4,-1.14418E-3,-3.37523E-3,-5.13318E-3,-1.02612E-3,1.19370E-2,2.28562E-2,1.35171E-2,-2.23294E-2,-5.69725E-2,-7.94728E-2,-8.71292E-2,-9.41695E-2,-9.21185E-2,-6.03307E-2,-1.86252E-2,1.12608E-2,1.33591E-2,3.13714E-3,-7.49496E-4,3.76446E-4,-1.11301E-4,-2.00334E-4,-3.82231E-4,-5.25054E-4,-8.32968E-4,-8.74904E-4,-1.30511E-3,-1.05863E-3,-1.17605E-3,-9.70863E-4,-1.05155E-3,-1.40413E-3,-1.33495E-3,-1.01981E-3,-1.21373E-3,-1.47060E-3,-1.88676E-3,-1.46096E-3,-1.34564E-3,-2.04631E-3,-1.86777E-3,-2.19627E-3,-2.37850E-3,-1.84847E-3,-2.52380E-3,-2.73558E-3,-1.87350E-3,-2.39876E-3,-2.45800E-3,-2.61860E-3,-2.81265E-3,-2.36493E-3,-2.26179E-3,-2.54037E-3,-3.15690E-3,-3.71957E-3,-3.41020E-3,-3.42892E-3,-3.57294E-3,-3.27095E-3,-3.45592E-3,-2.87103E-3,-3.04091E-3,-3.18059E-3,-3.21404E-3,-3.40122E-3,-3.11344E-3,-2.78365E-3,-2.31516E-3,-2.88660E-3,-2.88831E-3,-2.11824E-3,-2.39921E-3,-2.78093E-3,-2.80596E-3,-2.87344E-3,-2.07330E-3,-2.47831E-3,-2.62328E-3,-2.72116E-3,-2.78770E-3,-2.88326E-3,-2.23461E-3,-1.91470E-3,-2.26633E-3,-2.89081E-3,-2.95348E-3,-2.63391E-3,-2.20752E-3,-2.27552E-3,-2.56890E-3,-2.49291E-3,-2.57415E-3,-2.70401E-3
1.22551E+3,NaN,NaN,NaN,NaN,NaN,NaN,NaN,NaN,4.16324E-5,4.05089E-4,-1.56705E-4,-2.58949E-4,-3.61193E-4,-3.39228E-4,-2.39340E-4,-1.39451E-4,-9.13784E-5,-5.99078E-5,-2.84371E-5,4.35697E-5,1.20070E-4,1.95798E-4,2.54353E-4,3.12908E-4,3.25253E-4,1.35261E-4,-5.47306E-5,-1.20635E-4,6.67928E-5,2.54221E-4,2.24086E-4,-4.97809E-5,-3.23648E-4,-2.18782E-4,1.53884E-5,2.70524E-4,2.16688E-4,-1.77691E-4,-6.26032E-4,-6.58546E-4,-2.02750E-4,8.52961E-4,5.64267E-4,-8.40900E-4,-3.30132E-3,-4.59658E-3,-2.00126E-4,1.24894E-2,2.44428E-2,1.24880E-2,-1.99453E-2,-5.50039E-2,-7.71717E-2,-8.72721E-2,-9.63177E-2,-8.98055E-2,-5.90687E-2,-1.58255E-2,1.14426E-2,1.10423E-2,1.50203E-3,-5.87920E-4,-1.29125E-4,-4.81538E-4,-5.55132E-4,-5.34984E-4,-8.24771E-4,-9.30500E-4,-1.50960E-3,-1.47208E-3,-1.37912E-3,-1.33508E-3,-1.26152E-3,-1.47294E-3,-1.69767E-3,-1.71792E-3,-1.49502E-3,-1.20630E-3,-1.79945E-3,-1.96642E-3,-1.37157E-3,-1.86761E-3,-2.12573E-3,-2.12707E-3,-2.61504E-3,-2.25571E-3,-2.06477E-3,-2.89993E-3,-2.35797E-3,-2.10154E-3,-2.51067E-3,-2.43277E-3,-2.74462E-3,-2.82741E-3,-2.35485E-3,-2.26698E-3,-2.28208E-3,-3.51154E-3,-3.87400E-3,-3.52700E-3,-3.76864E-3,-3.55769E-3,-3.11854E-3,-3.54845E-3,-2.84983E-3,-2.82244E-3,-3.05680E-3,-3.27877E-3,-3.66333E-3,-3.38422E-3,-2.74723E-3,-2.26159E-3,-2.91301E-3,-2.79500E-3,-2.04233E-3,-2.64191E-3,-3.01823E-3,-3.11756E-3,-2.90244E-3,-1.99017E-3,-2.77826E-3,-2.94958E-3,-2.85981E-3,-2.82522E-3,-2.67106E-3,-2.14367E-3,-1.96396E-3,-2.58341E-3,-3.04643E-3,-2.95188E-3,-2.81049E-3,-2.21963E-3,-2.31924E-3,-2.68143E-3,-2.48107E-3,-2.55436E-3,-2.72649E-3
1.22897E+3,NaN,NaN,NaN,NaN,NaN,NaN,NaN,NaN,3.73289E-4,4.03075E-4,-2.20602E-5,-5.98022E-4,-1.17398E-3,-9.02691E-4,-5.53175E-4,-2.14791E-4,-5.60990E-5,1.02592E-4,2.15581E-4,1.47110E-4,7.86394E-5,1.75329E-5,-2.95334E-5,-7.65997E-5,-5.39005E-5,4.23163E-5,1.38533E-4,9.12940E-5,-4.02827E-5,-1.71859E-4,-4.14416E-4,-6.89633E-4,-9.64850E-4,-5.97929E-4,1.76128E-5,1.61551E-4,2.25666E-4,-2.82659E-4,-1.05930E-3,-5.00835E-4,-2.93358E-4,9.39427E-4,2.26095E-4,-1.06270E-3,-3.85489E-3,-4.95486E-3,-1.53107E-3,1.20636E-2,2.52918E-2,1.26015E-2,-2.00850E-2,-5.76559E-2,-8.02991E-2,-9.02862E-2,-9.86523E-2,-9.04378E-2,-5.76475E-2,-9.50539E-3,1.54681E-2,9.56357E-3,-4.30336E-4,-4.18281E-4,-7.46063E-4,-9.20319E-4,-1.04209E-3,-7.90338E-4,-1.38547E-3,-9.70381E-4,-2.02691E-3,-1.76861E-3,-1.63710E-3,-1.54967E-3,-1.79426E-3,-1.77399E-3,-2.00759E-3,-1.91955E-3,-1.69411E-3,-1.46017E-3,-2.26877E-3,-2.01079E-3,-1.55066E-3,-2.48842E-3,-2.43735E-3,-2.17715E-3,-3.07290E-3,-1.87363E-3,-2.51825E-3,-3.24931E-3,-2.33945E-3,-2.60592E-3,-2.87144E-3,-2.29651E-3,-3.27526E-3,-2.92526E-3,-2.03233E-3,-2.63974E-3,-2.48379E-3,-3.14206E-3,-3.82495E-3,-3.06887E-3,-3.80797E-3,-3.55804E-3,-3.25555E-3,-3.56286E-3,-2.68130E-3,-3.36034E-3,-3.25213E-3,-3.44691E-3,-3.78953E-3,-3.43964E-3,-2.93297E-3,-1.98303E-3,-2.80635E-3,-2.79550E-3,-2.15803E-3,-2.83436E-3,-3.17862E-3,-3.03576E-3,-3.04026E-3,-2.19992E-3,-2.90850E-3,-3.25515E-3,-3.35069E-3,-2.97382E-3,-3.06916E-3,-2.29555E-3,-1.78908E-3,-2.67164E-3,-3.31744E-3,-3.37981E-3,-3.07785E-3,-2.05137E-3,-2.09533E-3,-2.69071E-3,-2.36848E-3,-2.50504E-3,-2.97091E-3
1.23244E+3,NaN,NaN,NaN,NaN,NaN,NaN,NaN,NaN,4.04786E-4,2.33046E-4,-1.43412E-5,-4.78316E-4,-8.05730E-4,-6.30568E-4,-4.55406E-4,-2.70634E-4,-6.85174E-5,1.33599E-4,1.56639E-4,1.57560E-7,-1.56324E-4,-3.29033E-4,-5.10781E-4,-6.92530E-4,-6.43666E-4,-5.31674E-4,-4.19683E-4,-3.90183E-4,-3.67088E-4,-3.61962E-4,-5.92647E-4,-8.23331E-4,-9.08347E-4,-5.23439E-4,-4.00148E-4,-3.25880E-4,-2.59479E-4,-5.53457E-4,-1.03401E-3,-9.42512E-4,-6.26477E-4,4.13592E-4,-1.75626E-4,-1.36867E-3,-3.60854E-3,-4.31569E-3,-1.07357E-3,1.08562E-2,2.19980E-2,1.16033E-2,-2.00487E-2,-5.75612E-2,-8.24225E-2,-9.43090E-2,-9.83568E-2,-8.88516E-2,-5.46637E-2,-7.25613E-3,1.50206E-2,7.85879E-3,-1.25433E-3,-1.51686E-3,-1.15360E-3,-1.36837E-3,-1.22817E-3,-1.35065E-3,-1.52330E-3,-1.75572E-3,-2.62176E-3,-1.89026E-3,-1.97203E-3,-1.84943E-3,-2.24761E-3,-2.52859E-3,-2.28722E-3,-2.55672E-3,-2.31515E-3,-2.02849E-3,-2.60543E-3,-2.44700E-3,-2.18948E-3,-3.14098E-3,-2.65053E-3,-2.86405E-3,-3.39834E-3,-2.38795E-3,-3.07866E-3,-3.24501E-3,-2.55441E-3,-2.67963E-3,-2.71071E-3,-2.69114E-3,-3.22618E-3,-2.84875E-3,-2.54403E-3,-2.75653E-3,-2.99198E-3,-2.99726E-3,-3.87272E-3,-3.48143E-3,-4.35610E-3,-3.70058E-3,-2.91009E-3,-3.81523E-3,-3.19241E-3,-3.47150E-3,-2.85252E-3,-3.57024E-3,-4.28318E-3,-3.71467E-3,-3.11395E-3,-2.06697E-3,-3.02777E-3,-3.09180E-3,-1.96887E-3,-3.20133E-3,-3.40830E-3,-3.28828E-3,-3.01638E-3,-2.22947E-3,-3.12636E-3,-3.65742E-3,-3.72446E-3,-3.08670E-3,-3.32343E-3,-2.52492E-3,-2.09793E-3,-3.01714E-3,-3.70101E-3,-3.67771E-3,-3.37060E-3,-2.55489E-3,-2.33386E-3,-2.53761E-3,-2.22613E-3,-2.81143E-3,-3.19871E-3
1.23590E+3,NaN,NaN,NaN,NaN,NaN,NaN,NaN,NaN,6.80712E-4,4.61258E-4,6.45074E-5,-4.94612E-4,-7.73612E-4,-7.82492E-4,-7.91372E-4,-6.18023E-4,-3.47386E-4,-7.67483E-5,-1.70692E-4,-3.58763E-4,-5.46834E-4,-6.15936E-4,-6.77129E-4,-7.33968E-4,-7.41097E-4,-7.48226E-4,-7.34035E-4,-6.45717E-4,-5.57399E-4,-5.94725E-4,-8.49484E-4,-1.10424E-3,-1.04837E-3,-6.63844E-4,-4.88070E-4,-4.99707E-4,-6.88277E-4,-1.10755E-3,-1.22755E-3,-1.23053E-3,-5.22462E-4,-9.98144E-5,-8.66580E-4,-2.07343E-3,-3.35255E-3,-4.53204E-3,-1.17083E-3,1.06041E-2,2.03679E-2,1.11441E-2,-2.05702E-2,-5.86232E-2,-8.54271E-2,-9.70681E-2,-9.98511E-2,-8.84491E-2,-5.00866E-2,-4.45173E-3,1.31493E-2,5.45486E-3,-1.77397E-3,-2.14198E-3,-1.76548E-3,-2.06170E-3,-1.94215E-3,-2.04157E-3,-2.11623E-3,-2.64432E-3,-3.05846E-3,-2.65239E-3,-2.43693E-3,-2.41939E-3,-2.98410E-3,-3.03637E-3,-2.81647E-3,-3.12529E-3,-2.75470E-3,-2.88263E-3,-3.26457E-3,-2.68743E-3,-2.94390E-3,-3.25546E-3,-2.90279E-3,-3.52734E-3,-3.16451E-3,-2.74580E-3,-3.53960E-3,-3.33444E-3,-2.93543E-3,-3.12832E-3,-3.28203E-3,-3.66234E-3,-3.76960E-3,-3.01657E-3,-2.86145E-3,-3.38109E-3,-4.17264E-3,-3.39738E-3,-4.25567E-3,-3.79694E-3,-5.38730E-3,-4.25252E-3,-3.62698E-3,-3.54170E-3,-2.90889E-3,-3.93255E-3,-3.56654E-3,-3.78686E-3,-4.82701E-3,-4.10422E-3,-3.40994E-3,-1.90719E-3,-3.29122E-3,-3.49908E-3,-1.64123E-3,-3.69811E-3,-4.00780E-3,-3.89010E-3,-3.50503E-3,-2.65439E-3,-3.77129E-3,-3.94947E-3,-3.74070E-3,-3.53254E-3,-3.88156E-3,-2.96421E-3,-2.56516E-3,-3.29972E-3,-4.02405E-3,-4.01654E-3,-3.75287E-3,-2.73699E-3,-2.50018E-3,-2.72763E-3,-2.56972E-3,-3.10272E-3,-3.58082E-3
1.23937E+3,NaN,NaN,NaN,NaN,NaN,NaN,NaN,NaN,5.46532E-4,4.88803E-4,-2.43482E-4,-8.17505E-4,-9.34157E-4,-9.37734E-4,-9.41311E-4,-6.30637E-4,-3.01544E-4,-3.26079E-6,-2.63042E-5,-4.93477E-5,-1.54141E-4,-5.32082E-4,-9.10022E-4,-1.04229E-3,-7.61957E-4,-4.81624E-4,-4.58134E-4,-6.75499E-4,-8.92864E-4,-1.05482E-3,-1.18809E-3,-1.32137E-3,-1.24260E-3,-9.20538E-4,-1.02886E-3,-7.27395E-4,-1.29751E-3,-1.57645E-3,-1.16302E-3,-1.65223E-3,-5.60050E-4,-1.31711E-3,-1.20690E-3,-2.85096E-3,-3.24413E-3,-5.18985E-3,-2.40549E-3,8.79357E-3,2.00751E-2,1.06715E-2,-2.30526E-2,-6.28347E-2,-9.10746E-2,-9.88471E-2,-1.00692E-1,-8.80825E-2,-4.27543E-2,3.03176E-3,1.28345E-2,3.17890E-3,-2.92055E-3,-2.23106E-3,-2.19780E-3,-2.50024E-3,-2.01940E-3,-2.70253E-3,-2.11657E-3,-3.51938E-3,-3.34362E-3,-2.97720E-3,-2.87972E-3,-3.16065E-3,-3.66962E-3,-3.45490E-3,-3.30144E-3,-3.88968E-3,-3.00640E-3,-3.57722E-3,-3.50416E-3,-2.79126E-3,-3.79697E-3,-3.78042E-3,-3.15246E-3,-4.08057E-3,-3.10080E-3,-3.07217E-3,-3.78238E-3,-3.25637E-3,-2.97523E-3,-3.60113E-3,-3.71254E-3,-4.25833E-3,-4.09559E-3,-2.89872E-3,-3.76237E-3,-3.80582E-3,-4.97507E-3,-3.73067E-3,-4.71549E-3,-3.66958E-3,-5.84929E-3,-4.39198E-3,-3.66679E-3,-4.00800E-3,-3.56416E-3,-4.35101E-3,-3.67806E-3,-3.99193E-3,-5.05623E-3,-4.30175E-3,-3.42456E-3,-1.61994E-3,-3.45954E-3,-2.97385E-3,-2.36092E-3,-3.99909E-3,-3.73898E-3,-3.74715E-3,-3.26139E-3,-2.83224E-3,-3.98998E-3,-4.59659E-3,-4.74375E-3,-3.90626E-3,-4.35610E-3,-3.26218E-3,-2.92903E-3,-3.63138E-3,-4.44133E-3,-4.88228E-3,-4.06853E-3,-2.45590E-3,-2.55223E-3,-2.75469E-3,-2.35586E-3,-3.24758E-3,-3.69087E-3
1.24284E+3,NaN,NaN,NaN,NaN,NaN,NaN,NaN,NaN,4.52733E-4,8.27008E-4,-1.33181E-4,-7.81213E-4,-9.81181E-4,-1.18115E-3,-1.25135E-3,-8.98230E-4,-5.45113E-4,-3.13192E-4,-2.81133E-4,-2.49074E-4,-4.63754E-4,-9.05878E-4,-1.34800E-3,-1.38510E-3,-1.21652E-3,-1.04794E-3,-9.22794E-4,-8.08104E-4,-6.93413E-4,-9.71830E-4,-1.27141E-3,-1.56616E-3,-1.72664E-3,-1.13554E-3,-1.52492E-3,-1.45643E-3,-1.53815E-3,-1.78710E-3,-1.25876E-3,-1.61500E-3,-6.54586E-4,-2.61398E-3,-1.44211E-3,-2.97118E-3,-2.66501E-3,-5.46620E-3,-3.29645E-3,7.04231E-3,1.89817E-2,1.01208E-2,-2.49539E-2,-6.83008E-2,-9.81769E-2,-1.01361E-1,-1.01529E-1,-8.74570E-2,-3.70408E-2,9.42340E-3,1.30121E-2,9.16137E-4,-4.90377E-3,-2.55111E-3,-3.02329E-3,-3.44312E-3,-2.43388E-3,-3.15315E-3,-2.35458E-3,-4.43002E-3,-3.87565E-3,-3.17485E-3,-3.20026E-3,-3.62517E-3,-4.21553E-3,-3.72992E-3,-3.78879E-3,-4.40826E-3,-2.76670E-3,-4.24399E-3,-3.75043E-3,-2.58306E-3,-4.23323E-3,-3.97469E-3,-3.51151E-3,-4.62258E-3,-3.09653E-3,-4.01983E-3,-3.97107E-3,-3.30079E-3,-3.50982E-3,-4.41387E-3,-4.28335E-3,-4.54195E-3,-3.96879E-3,-2.73330E-3,-3.96405E-3,-4.47547E-3,-5.00784E-3,-4.74598E-3,-5.07492E-3,-4.22161E-3,-5.71619E-3,-4.84428E-3,-4.00106E-3,-4.19775E-3,-4.02112E-3,-4.71560E-3,-4.12228E-3,-4.18315E-3,-5.70021E-3,-4.97907E-3,-3.55251E-3,-1.72177E-3,-4.10014E-3,-3.55898E-3,-2.72655E-3,-4.57698E-3,-4.10636E-3,-4.07727E-3,-3.45425E-3,-3.20519E-3,-4.27311E-3,-4.64722E-3,-4.95352E-3,-4.26870E-3,-4.48314E-3,-3.34411E-3,-2.95150E-3,-3.69287E-3,-4.53554E-3,-5.21733E-3,-4.71319E-3,-3.02945E-3,-2.81724E-3,-2.93522E-3,-2.24656E-3,-3.47152E-3,-4.03528E-3
1.24631E+3,NaN,NaN,NaN,NaN,NaN,NaN,NaN,NaN,2.30882E-4,7.78119E-4,-1.13272E-4,-6.17436E-4,-1.08638E-3,-1.55532E-3,-1.52933E-3,-1.05006E-3,-5.70803E-4,-3.45804E-4,-2.48993E-4,-1.52182E-4,-7.32578E-4,-1.47423E-3,-2.21587E-3,-1.63708E-3,-9.89579E-4,-4.30233E-4,-7.26631E-4,-1.02303E-3,-1.28510E-3,-1.43619E-3,-1.58729E-3,-1.91692E-3,-2.01818E-3,-1.52167E-3,-1.52313E-3,-1.67529E-3,-1.89304E-3,-1.73796E-3,-1.66670E-3,-1.93790E-3,-2.08242E-3,-3.02988E-3,-2.69714E-3,-3.04772E-3,-3.14281E-3,-5.11163E-3,-2.90227E-3,5.97954E-3,1.51762E-2,5.55841E-3,-2.93446E-2,-7.33366E-2,-1.00150E-1,-1.02580E-1,-9.99484E-2,-7.87060E-2,-2.95149E-2,8.51511E-3,1.05494E-2,-4.32993E-4,-4.88177E-3,-3.17172E-3,-3.24198E-3,-3.07858E-3,-3.04889E-3,-3.36737E-3,-3.24849E-3,-4.73845E-3,-3.81348E-3,-3.21969E-3,-3.78205E-3,-4.32671E-3,-4.37685E-3,-3.84739E-3,-4.31368E-3,-4.19293E-3,-3.69449E-3,-4.55603E-3,-3.51486E-3,-3.44103E-3,-4.14106E-3,-3.88499E-3,-4.06118E-3,-4.10443E-3,-3.38372E-3,-4.49332E-3,-4.58137E-3,-4.09325E-3,-4.13641E-3,-4.98979E-3,-4.76114E-3,-4.55348E-3,-4.20322E-3,-3.80332E-3,-4.83660E-3,-4.48115E-3,-4.52394E-3,-6.28051E-3,-5.43284E-3,-5.13134E-3,-6.46644E-3,-5.19667E-3,-4.17923E-3,-4.34438E-3,-4.55041E-3,-4.72523E-3,-4.32280E-3,-4.91735E-3,-5.73112E-3,-4.96066E-3,-3.57517E-3,-1.91438E-3,-4.83504E-3,-3.86890E-3,-2.68429E-3,-4.60693E-3,-4.48309E-3,-4.56487E-3,-3.62577E-3,-3.53282E-3,-4.98560E-3,-5.19179E-3,-5.37166E-3,-4.48815E-3,-5.01261E-3,-3.82032E-3,-3.50858E-3,-4.29818E-3,-5.10589E-3,-5.65246E-3,-4.81937E-3,-2.92461E-3,-2.90531E-3,-2.94203E-3,-2.13479E-3,-3.64904E-3,-4.54747E-3
1.24978E+3,NaN,NaN,NaN,NaN,NaN,NaN,NaN,NaN,2.25965E-4,7.06918E-4,-1.40704E-4,-5.65445E-4,-1.01457E-3,-1.46369E-3,-1.43758E-3,-1.29758E-3,-1.15758E-3,-8.09970E-4,-4.51321E-4,-1.75939E-4,-7.18555E-4,-1.26117E-3,-1.56797E-3,-1.10817E-3,-6.48360E-4,-4.43013E-4,-6.56195E-4,-8.69377E-4,-1.07052E-3,-1.26059E-3,-1.45067E-3,-1.99264E-3,-1.77587E-3,-1.82276E-3,-1.83416E-3,-1.97548E-3,-2.47788E-3,-1.71778E-3,-1.67655E-3,-1.34126E-3,-3.11732E-3,-3.02054E-3,-3.37563E-3,-2.36183E-3,-3.47659E-3,-5.05819E-3,-3.53545E-3,5.10350E-3,1.46283E-2,4.30412E-3,-3.32662E-2,-8.05630E-2,-1.01687E-1,-1.03746E-1,-1.01331E-1,-7.35508E-2,-2.13176E-2,1.02944E-2,9.27252E-3,-2.42967E-3,-4.83445E-3,-3.41681E-3,-3.84077E-3,-3.51988E-3,-4.21451E-3,-3.06887E-3,-4.60040E-3,-4.90369E-3,-4.03800E-3,-4.02520E-3,-4.41503E-3,-5.00093E-3,-4.67093E-3,-3.90552E-3,-4.96608E-3,-3.99077E-3,-4.37176E-3,-4.46781E-3,-3.11966E-3,-3.66994E-3,-4.11063E-3,-3.64169E-3,-4.76544E-3,-3.80998E-3,-3.85718E-3,-4.43602E-3,-4.64228E-3,-4.19338E-3,-5.01673E-3,-5.40302E-3,-5.13562E-3,-5.04548E-3,-3.78098E-3,-4.40610E-3,-5.22894E-3,-3.95588E-3,-4.38623E-3,-6.34496E-3,-5.63199E-3,-5.83742E-3,-6.60419E-3,-5.40136E-3,-4.49291E-3,-4.48865E-3,-4.95689E-3,-4.99277E-3,-4.28294E-3,-4.49771E-3,-5.79120E-3,-4.88173E-3,-3.25625E-3,-2.30677E-3,-4.43668E-3,-3.63678E-3,-3.00368E-3,-4.78057E-3,-4.66685E-3,-4.80632E-3,-4.04074E-3,-4.03365E-3,-5.24717E-3,-5.38707E-3,-5.86887E-3,-5.23968E-3,-5.38336E-3,-4.03432E-3,-3.79251E-3,-4.19788E-3,-4.79702E-3,-5.49195E-3,-4.96638E-3,-3.17167E-3,-3.15513E-3,-3.26264E-3,-1.97507E-3,-3.72003E-3,-4.21049E-3
1.25324E+3,NaN,NaN,NaN,NaN,NaN,NaN,NaN,NaN,-2.80516E-4,3.47998E-4,-3.68391E-4,-7.26222E-4,-1.08963E-3,-1.41298E-3,-1.32526E-3,-1.23754E-3,-1.05359E-3,-5.50481E-4,-4.73666E-5,-5.97053E-5,-9.32964E-4,-1.80622E-3,-1.94976E-3,-1.41256E-3,-8.75351E-4,-8.60278E-4,-1.11393E-3,-1.36757E-3,-1.29364E-3,-1.13937E-3,-9.85104E-4,-2.66981E-3,-1.15827E-3,-1.98887E-3,-2.01880E-3,-2.23907E-3,-2.61560E-3,-1.39537E-3,-2.54892E-3,-8.28389E-4,-4.76407E-3,-2.85689E-3,-4.30824E-3,-1.79672E-3,-4.21727E-3,-5.41369E-3,-3.91696E-3,3.60598E-3,1.51045E-2,4.68676E-3,-3.70016E-2,-9.03237E-2,-1.03699E-1,-1.04647E-1,-1.02436E-1,-6.90134E-2,-1.17653E-2,1.50788E-2,9.06890E-3,-6.23361E-3,-5.06674E-3,-3.66457E-3,-4.50894E-3,-3.86781E-3,-4.54301E-3,-2.54646E-3,-5.93727E-3,-4.78692E-3,-3.84704E-3,-3.89183E-3,-4.46290E-3,-5.23471E-3,-4.68546E-3,-4.10864E-3,-5.65387E-3,-3.09635E-3,-5.43460E-3,-4.73620E-3,-2.73996E-3,-4.15005E-3,-3.68759E-3,-3.58635E-3,-5.99140E-3,-3.47583E-3,-4.35194E-3,-4.19120E-3,-4.79577E-3,-3.98868E-3,-5.57253E-3,-5.57231E-3,-5.16860E-3,-5.36574E-3,-3.39051E-3,-4.91058E-3,-5.23476E-3,-3.15553E-3,-4.08397E-3,-6.20872E-3,-6.18131E-3,-6.12562E-3,-6.72612E-3,-5.51308E-3,-4.70872E-3,-4.60122E-3,-5.42259E-3,-4.98489E-3,-4.23389E-3,-4.77444E-3,-6.09911E-3,-5.04414E-3,-3.20644E-3,-2.47911E-3,-4.79801E-3,-3.48874E-3,-3.16902E-3,-4.84667E-3,-4.42514E-3,-4.89973E-3,-4.18090E-3,-4.49785E-3,-5.40314E-3,-5.16192E-3,-5.73976E-3,-4.92060E-3,-6.06986E-3,-4.57266E-3,-4.09233E-3,-4.45219E-3,-5.06052E-3,-6.31975E-3,-5.27040E-3,-2.54124E-3,-3.02864E-3,-3.01712E-3,-1.80019E-3,-4.10555E-3,-4.71018E-3
1.25671E+3,NaN,NaN,NaN,NaN,NaN,NaN,NaN,2.34402E-3,-3.66725E-4,1.98434E-4,-3.59846E-4,-8.59683E-4,-1.35952E-3,-1.61656E-3,-1.45723E-3,-1.29790E-3,-8.68704E-4,-1.81468E-4,5.05767E-4,1.58573E-4,-7.35768E-4,-1.63011E-3,-1.47481E-3,-1.05200E-3,-6.29190E-4,-9.87477E-4,-1.39583E-3,-1.75916E-3,-1.62253E-3,-1.48591E-3,-1.87343E-3,-3.05756E-3,-1.50728E-3,-2.12864E-3,-1.97808E-3,-2.55374E-3,-2.83872E-3,-1.88091E-3,-2.14244E-3,-1.28367E-3,-4.86044E-3,-3.38852E-3,-3.84572E-3,-2.08726E-3,-4.37664E-3,-5.40965E-3,-3.47957E-3,2.94961E-3,1.21681E-2,-1.53049E-4,-4.26321E-2,-9.21128E-2,-1.05465E-1,-1.07460E-1,-9.74679E-2,-6.23257E-2,-9.83635E-3,1.46364E-2,7.33004E-3,-6.94582E-3,-6.03602E-3,-3.40577E-3,-4.87998E-3,-4.53611E-3,-4.50705E-3,-3.35391E-3,-6.06733E-3,-4.86175E-3,-4.20941E-3,-4.63668E-3,-5.25275E-3,-5.24524E-3,-4.46630E-3,-4.64587E-3,-5.36015E-3,-3.61807E-3,-5.65176E-3,-4.65673E-3,-2.73383E-3,-3.66797E-3,-3.24231E-3,-4.37062E-3,-5.78915E-3,-3.43775E-3,-4.33730E-3,-4.61799E-3,-4.96343E-3,-4.88902E-3,-6.01849E-3,-6.13007E-3,-5.58712E-3,-5.17316E-3,-4.39998E-3,-5.99592E-3,-5.25572E-3,-3.13037E-3,-4.16484E-3,-6.36411E-3,-6.65338E-3,-5.34150E-3,-7.01937E-3,-5.95701E-3,-4.86376E-3,-4.84180E-3,-5.75524E-3,-5.16685E-3,-4.11230E-3,-5.28304E-3,-6.44088E-3,-4.84819E-3,-3.05642E-3,-3.21321E-3,-5.00574E-3,-3.39419E-3,-3.50863E-3,-4.76807E-3,-4.34147E-3,-4.88509E-3,-4.44449E-3,-5.00892E-3,-5.86642E-3,-5.74301E-3,-6.01959E-3,-5.12304E-3,-5.95777E-3,-4.63140E-3,-4.23066E-3,-4.52052E-3,-4.84600E-3,-5.94801E-3,-5.20246E-3,-2.64790E-3,-2.83164E-3,-2.40763E-3,-1.63252E-3,-4.32483E-3,-4.79671E-3
1.26019E+3,NaN,NaN,NaN,NaN,NaN,NaN,NaN,2.60466E-3,-2.96943E-4,-3.26881E-4,-3.20866E-4,-1.11246E-3,-1.90405E-3,-2.02689E-3,-1.78221E-3,-1.53753E-3,-7.83356E-4,1.07715E-4,9.98786E-4,1.62890E-4,-8.00866E-4,-1.66428E-3,-1.27065E-3,-8.77022E-4,-6.08128E-4,-7.89890E-4,-9.71652E-4,-1.12492E-3,-1.22745E-3,-1.32999E-3,-2.25359E-3,-2.20736E-3,-1.69075E-3,-1.97633E-3,-2.09410E-3,-2.87352E-3,-2.23196E-3,-1.83597E-3,-1.53683E-3,-2.63982E-3,-4.10892E-3,-4.14043E-3,-3.09858E-3,-2.74061E-3,-4.72508E-3,-4.73846E-3,-3.36815E-3,3.68857E-3,1.05596E-2,-4.81372E-3,-5.13255E-2,-9.25545E-2,-1.08005E-1,-1.09668E-1,-9.45787E-2,-5.43854E-2,-6.53737E-3,1.41475E-2,4.12380E-3,-7.17725E-3,-5.45239E-3,-4.64035E-3,-5.33398E-3,-4.98966E-3,-4.06506E-3,-4.50554E-3,-5.61887E-3,-4.89091E-3,-4.50112E-3,-4.71381E-3,-5.30772E-3,-5.51929E-3,-4.73335E-3,-5.16273E-3,-4.60632E-3,-4.55937E-3,-5.97925E-3,-4.19671E-3,-3.25618E-3,-3.32265E-3,-3.39920E-3,-5.15955E-3,-4.82379E-3,-3.91735E-3,-5.02834E-3,-5.52276E-3,-5.04771E-3,-5.21728E-3,-6.30092E-3,-6.29948E-3,-5.50468E-3,-4.44926E-3,-4.68142E-3,-6.12547E-3,-5.30225E-3,-4.44678E-3,-3.90206E-3,-5.62775E-3,-6.45636E-3,-5.09021E-3,-6.67615E-3,-6.06921E-3,-5.12286E-3,-5.23614E-3,-5.87870E-3,-5.19442E-3,-4.19011E-3,-5.05355E-3,-6.12182E-3,-4.75179E-3,-2.84894E-3,-3.57555E-3,-5.40618E-3,-3.66358E-3,-3.95281E-3,-5.01398E-3,-4.27497E-3,-4.81163E-3,-4.77048E-3,-5.09331E-3,-5.46581E-3,-5.14055E-3,-5.85188E-3,-5.53818E-3,-5.77582E-3,-4.36224E-3,-4.31127E-3,-4.48014E-3,-4.88028E-3,-5.60528E-3,-4.79126E-3,-2.15572E-3,-3.11041E-3,-2.48669E-3,-1.50853E-3,-3.92035E-3,-4.19245E-3
1.26366E+3,NaN,NaN,NaN,NaN,NaN,NaN,NaN,2.13504E-3,-2.28478E-4,-1.52459E-4,-5.62057E-4,-1.39209E-3,-2.22213E-3,-2.07068E-3,-1.83374E-3,-1.54849E-3,-5.41461E-4,4.65568E-4,1.04669E-3,-1.79767E-5,-1.08264E-3,-1.56180E-3,-9.46101E-4,-3.30400E-4,-2.13086E-4,-6.11817E-4,-1.01055E-3,-1.16315E-3,-1.17377E-3,-1.18439E-3,-2.32411E-3,-8.69062E-4,-1.15478E-3,-1.76271E-3,-2.13080E-3,-2.72622E-3,-1.15508E-3,-2.14196E-3,-2.46563E-4,-2.96052E-3,-2.97004E-3,-4.16966E-3,-2.00426E-3,-2.44778E-3,-4.24856E-3,-3.67451E-3,-3.30739E-3,4.69907E-3,1.03558E-2,-7.33894E-3,-5.97200E-2,-9.40445E-2,-1.12725E-1,-1.10870E-1,-9.35540E-2,-4.78558E-2,6.49673E-5,1.78057E-2,9.11015E-4,-7.43970E-3,-4.06010E-3,-5.15429E-3,-4.95415E-3,-4.98190E-3,-3.39546E-3,-5.24732E-3,-5.46043E-3,-4.50479E-3,-3.50375E-3,-4.13193E-3,-4.86163E-3,-4.45265E-3,-4.18048E-3,-5.16810E-3,-3.06248E-3,-5.10109E-3,-5.44561E-3,-2.37154E-3,-2.87237E-3,-2.85649E-3,-3.35653E-3,-5.46881E-3,-3.73445E-3,-3.66892E-3,-4.43328E-3,-5.23456E-3,-4.55415E-3,-4.85889E-3,-5.56734E-3,-5.02403E-3,-5.19155E-3,-4.08877E-3,-5.51883E-3,-5.91130E-3,-3.57651E-3,-3.83587E-3,-2.95488E-3,-5.25002E-3,-4.94440E-3,-3.82389E-3,-5.76188E-3,-5.29620E-3,-4.76077E-3,-4.89049E-3,-5.22544E-3,-4.36234E-3,-3.83317E-3,-5.13759E-3,-5.66115E-3,-4.42806E-3,-2.53885E-3,-3.28957E-3,-4.30955E-3,-2.49395E-3,-3.20924E-3,-3.98394E-3,-3.97260E-3,-4.49151E-3,-4.29271E-3,-5.38022E-3,-4.90800E-3,-4.51780E-3,-5.16140E-3,-4.78299E-3,-5.23094E-3,-4.07679E-3,-4.07110E-3,-4.11448E-3,-4.52381E-3,-5.45447E-3,-4.20566E-3,-1.18770E-3,-2.24038E-3,-2.23769E-3,-1.26021E-3,-3.31320E-3,-3.62807E-3
1.26713E+3,NaN,NaN,NaN,NaN,NaN,NaN,NaN,1.71970E-3,-5.38108E-4,-2.39314E-4,-5.88604E-4,-1.22767E-3,-1.74127E-3,-1.72652E-3,-1.71177E-3,-1.34721E-3,-2.87532E-4,7.72141E-4,8.81401E-4,-4.87792E-5,-9.78959E-4,-1.14672E-3,-8.48145E-4,-5.49574E-4,-6.69076E-4,-9.18191E-4,-1.16731E-3,-1.04743E-3,-8.89359E-4,-8.87421E-4,-3.61410E-3,-7.93872E-4,-2.26798E-3,-1.95630E-3,-2.46618E-3,-3.14226E-3,-1.19512E-3,-2.38192E-3,-6.12579E-5,-3.84381E-3,-3.23205E-3,-4.81727E-3,-9.46916E-4,-2.57597E-3,-5.30056E-3,-4.07101E-3,-4.15360E-3,4.42895E-3,1.05907E-2,-8.34492E-3,-6.37928E-2,-9.57435E-2,-1.20422E-1,-1.13347E-1,-9.57066E-2,-4.57007E-2,5.71451E-3,2.26858E-2,-2.50797E-3,-8.80518E-3,-3.21040E-3,-6.35251E-3,-5.51829E-3,-5.46225E-3,-3.54810E-3,-6.13076E-3,-4.46140E-3,-4.67405E-3,-4.23052E-3,-4.88139E-3,-4.41734E-3,-5.12970E-3,-4.30043E-3,-5.81937E-3,-2.91724E-3,-5.66780E-3,-5.53023E-3,-2.77977E-3,-3.70484E-3,-3.41295E-3,-4.22459E-3,-6.23252E-3,-3.75769E-3,-4.29887E-3,-4.82281E-3,-5.37180E-3,-4.43949E-3,-5.52569E-3,-6.05442E-3,-5.25917E-3,-5.27419E-3,-4.37740E-3,-6.31883E-3,-5.50711E-3,-3.42364E-3,-4.93595E-3,-2.65266E-3,-5.20818E-3,-4.46205E-3,-3.76432E-3,-5.84190E-3,-5.74169E-3,-4.87342E-3,-4.71143E-3,-5.30919E-3,-4.51765E-3,-3.63693E-3,-5.55128E-3,-5.81667E-3,-4.03363E-3,-2.59190E-3,-4.15328E-3,-4.74615E-3,-2.71538E-3,-3.62302E-3,-4.14856E-3,-3.91569E-3,-4.57915E-3,-4.36596E-3,-5.61601E-3,-5.20191E-3,-4.27666E-3,-5.07133E-3,-4.75850E-3,-5.29052E-3,-4.12136E-3,-4.31829E-3,-4.52653E-3,-4.62886E-3,-5.75160E-3,-4.86512E-3,-1.57489E-3,-2.70531E-3,-2.38937E-3,-1.57894E-3,-3.19803E-3,-3.75838E-3
1.27060E+3,NaN,NaN,NaN,NaN,NaN,NaN,NaN,1.27132E-3,-5.35738E-4,-2.66212E-4,-6.53326E-4,-1.23929E-3,-1.52777E-3,-1.46915E-3,-1.41053E-3,-8.55347E-4,2.48717E-5,9.05091E-4,5.85685E-4,-1.39511E-4,-8.64707E-4,-8.29321E-4,-7.00020E-4,-5.75836E-4,-6.01832E-4,-6.27827E-4,-6.90753E-4,-9.26808E-4,-1.16286E-3,-1.63812E-3,-1.82377E-3,-1.17227E-3,-1.93328E-3,-1.87971E-3,-2.20208E-3,-1.81159E-3,-1.13718E-3,-1.55610E-3,-6.77615E-4,-3.28306E-3,-3.35491E-3,-3.58095E-3,-1.45611E-3,-2.89688E-3,-4.18593E-3,-3.78334E-3,-1.71025E-3,5.15516E-3,7.17560E-3,-1.54857E-2,-6.27078E-2,-9.84655E-2,-1.21402E-1,-1.15030E-1,-9.07742E-2,-4.03852E-2,8.44177E-3,1.90321E-2,-1.75222E-3,-7.52896E-3,-4.53584E-3,-5.84247E-3,-5.47458E-3,-4.85587E-3,-4.03769E-3,-4.90406E-3,-4.02270E-3,-4.55493E-3,-4.60776E-3,-4.98075E-3,-4.39667E-3,-4.62885E-3,-4.56964E-3,-4.73578E-3,-3.64148E-3,-6.11348E-3,-4.78864E-3,-2.63703E-3,-3.22216E-3,-3.18367E-3,-5.04265E-3,-5.45435E-3,-3.43749E-3,-3.84362E-3,-4.64600E-3,-5.16043E-3,-4.89768E-3,-4.91345E-3,-5.31252E-3,-4.36623E-3,-5.06762E-3,-4.68477E-3,-5.78423E-3,-5.29400E-3,-4.02774E-3,-5.10680E-3,-2.31491E-3,-4.66815E-3,-4.34026E-3,-4.03727E-3,-5.43701E-3,-5.38960E-3,-4.39892E-3,-4.46081E-3,-4.97402E-3,-4.09576E-3,-3.55149E-3,-5.50263E-3,-5.48122E-3,-3.98563E-3,-2.51320E-3,-4.37268E-3,-4.32482E-3,-2.66834E-3,-3.65277E-3,-3.43582E-3,-3.93080E-3,-4.77152E-3,-4.42295E-3,-5.79031E-3,-5.12037E-3,-4.08694E-3,-4.57708E-3,-4.37295E-3,-4.57710E-3,-4.04087E-3,-4.27808E-3,-4.19398E-3,-4.03740E-3,-5.17320E-3,-3.98427E-3,-1.01766E-3,-2.71234E-3,-2.16479E-3,-9.30746E-4,-2.54679E-3,-3.15499E-3
1.27407E+3,NaN,NaN,NaN,NaN,NaN,NaN,NaN,1.49718E-3,-3.96016E-4,-5.47258E-4,-1.34770E-3,-1.94445E-3,-2.05861E-3,-1.99312E-3,-1.92763E-3,-7.85823E-4,5.14577E-4,1.78089E-3,7.19692E-4,-3.41506E-4,-1.19748E-3,-9.53901E-4,-7.10325E-4,-5.40477E-4,-5.42538E-4,-5.44598E-4,-6.70991E-4,-9.53707E-4,-1.23642E-3,-1.68767E-3,-8.81890E-4,-9.49485E-4,-1.33451E-3,-1.45904E-3,-1.98940E-3,-1.28328E-3,-1.94322E-3,-7.35861E-4,-1.29386E-3,-2.76431E-3,-3.63118E-3,-2.43317E-3,-1.21187E-3,-2.73391E-3,-4.01958E-3,-4.06457E-3,-1.15421E-3,5.28445E-3,6.43468E-3,-2.07910E-2,-6.25062E-2,-1.04627E-1,-1.24050E-1,-1.19289E-1,-9.06250E-2,-3.56355E-2,1.35132E-2,1.67178E-2,-1.89572E-3,-6.13276E-3,-4.95380E-3,-5.65598E-3,-5.49477E-3,-4.05140E-3,-4.32530E-3,-4.23387E-3,-4.44904E-3,-4.40063E-3,-4.58547E-3,-4.50308E-3,-4.37739E-3,-4.26525E-3,-5.10056E-3,-3.83494E-3,-4.52535E-3,-5.91734E-3,-3.74732E-3,-3.11141E-3,-3.17623E-3,-3.49988E-3,-5.18676E-3,-4.57391E-3,-3.40318E-3,-3.74610E-3,-4.67936E-3,-5.08659E-3,-4.55839E-3,-5.15070E-3,-4.76555E-3,-4.55868E-3,-4.46705E-3,-5.25234E-3,-5.51671E-3,-4.02823E-3,-4.01345E-3,-4.34278E-3,-1.79898E-3,-4.32740E-3,-4.51562E-3,-3.30900E-3,-4.80908E-3,-5.05057E-3,-4.60524E-3,-4.18640E-3,-4.85230E-3,-3.88087E-3,-3.25162E-3,-5.27329E-3,-4.54893E-3,-2.91594E-3,-2.03668E-3,-4.41524E-3,-4.07960E-3,-2.27983E-3,-3.03489E-3,-2.94702E-3,-3.62543E-3,-4.18731E-3,-4.38168E-3,-5.90120E-3,-4.85993E-3,-3.24617E-3,-3.84199E-3,-3.90298E-3,-4.30470E-3,-3.97657E-3,-3.93635E-3,-4.08835E-3,-3.82698E-3,-4.66322E-3,-3.75962E-3,-7.76170E-4,-2.12557E-3,-2.00833E-3,-1.04980E-3,-2.04307E-3,-2.42818E-3
1.27755E+3,NaN,NaN,NaN,NaN,NaN,NaN,NaN,9.95419E-4,-8.20052E-4,-6.57059E-4,-1.14468E-3,-1.53687E-3,-1.61680E-3,-1.69471E-3,-1.59549E-3,-3.74752E-4,8.45988E-4,1.45833E-3,5.00408E-4,-4.57519E-4,-9.20292E-4,-7.05167E-4,-4.90041E-4,-5.24382E-4,-7.50817E-4,-9.77252E-4,-9.06218E-4,-7.12393E-4,-5.18569E-4,-2.02117E-3,-5.64672E-4,-1.22627E-3,-1.10341E-3,-1.51404E-3,-2.27671E-3,-7.44410E-4,-1.75215E-3,6.34880E-4,-2.64512E-3,-2.17726E-3,-3.55233E-3,-1.29680E-3,-9.61774E-4,-2.83174E-3,-3.27154E-3,-4.12909E-3,-2.90159E-4,6.02720E-3,8.05886E-3,-2.10970E-2,-6.12555E-2,-1.10732E-1,-1.27664E-1,-1.24461E-1,-9.25793E-2,-2.99139E-2,2.22392E-2,1.55611E-2,-4.13303E-3,-5.78230E-3,-5.18742E-3,-5.85027E-3,-5.18554E-3,-3.69378E-3,-4.91496E-3,-4.05767E-3,-5.09765E-3,-4.36043E-3,-4.85745E-3,-3.79009E-3,-4.18241E-3,-4.39599E-3,-5.59694E-3,-3.47073E-3,-5.19378E-3,-5.66792E-3,-2.71439E-3,-3.49164E-3,-3.21556E-3,-3.88576E-3,-5.59193E-3,-3.68474E-3,-3.75440E-3,-3.92935E-3,-4.96100E-3,-5.13986E-3,-4.32120E-3,-4.62823E-3,-3.54592E-3,-4.28840E-3,-4.45679E-3,-5.97786E-3,-5.17234E-3,-3.78339E-3,-4.33368E-3,-4.53691E-3,-2.34940E-3,-4.24600E-3,-4.71196E-3,-3.53761E-3,-4.53053E-3,-4.92976E-3,-4.16856E-3,-4.19263E-3,-4.90025E-3,-3.67344E-3,-2.96303E-3,-5.45819E-3,-4.09422E-3,-3.23744E-3,-2.41504E-3,-4.41688E-3,-4.18320E-3,-2.41744E-3,-3.00709E-3,-2.91535E-3,-3.42615E-3,-3.93743E-3,-4.12505E-3,-5.91369E-3,-4.80282E-3,-3.37490E-3,-3.25770E-3,-3.30361E-3,-3.53936E-3,-3.75320E-3,-4.09061E-3,-3.78348E-3,-3.58325E-3,-4.64435E-3,-3.63981E-3,-4.74329E-4,-1.97187E-3,-1.85218E-3,-6.69231E-4,-1.91332E-3,-2.71318E-3
1.28102E+3,NaN,NaN,NaN,NaN,NaN,NaN,NaN,4.17067E-4,-6.19504E-4,-3.18440E-4,-1.15779E-3,-1.55840E-3,-1.78278E-3,-2.00717E-3,-1.53277E-3,-5.20934E-6,1.52235E-3,1.75356E-3,8.88054E-4,2.25486E-5,-1.32249E-4,4.04247E-5,2.13099E-4,-1.24223E-5,-3.20992E-4,-6.29562E-4,-6.09766E-4,-5.79913E-4,-6.96504E-4,-1.58722E-3,1.37364E-5,-1.51126E-3,-7.67194E-4,-1.17550E-3,-1.94899E-3,-4.39265E-4,-1.34536E-3,1.28134E-3,-1.74682E-3,-2.46248E-3,-3.00923E-3,-1.17343E-3,-9.03763E-4,-2.41734E-3,-3.10705E-3,-4.38819E-3,5.04196E-4,5.15270E-3,7.40951E-3,-2.00861E-2,-6.35057E-2,-1.14907E-1,-1.31535E-1,-1.27940E-1,-9.15326E-2,-2.28300E-2,2.81024E-2,1.67837E-2,-4.19138E-3,-6.74825E-3,-5.19452E-3,-6.24159E-3,-5.14045E-3,-3.89147E-3,-4.59617E-3,-2.96437E-3,-5.18178E-3,-4.03183E-3,-4.71656E-3,-4.05926E-3,-4.06039E-3,-3.86316E-3,-4.91432E-3,-3.00141E-3,-5.42235E-3,-5.32935E-3,-2.49562E-3,-3.29423E-3,-2.99185E-3,-4.36761E-3,-5.20785E-3,-3.43502E-3,-3.44923E-3,-3.72312E-3,-4.83000E-3,-4.96106E-3,-4.54827E-3,-4.85513E-3,-2.98270E-3,-4.20006E-3,-4.40094E-3,-5.99448E-3,-5.07594E-3,-3.29129E-3,-3.79521E-3,-3.93145E-3,-2.51560E-3,-3.76280E-3,-5.20131E-3,-3.37623E-3,-4.09212E-3,-4.56213E-3,-4.32339E-3,-3.63419E-3,-4.54410E-3,-3.41815E-3,-3.21394E-3,-5.35858E-3,-3.68477E-3,-2.74392E-3,-1.88892E-3,-4.30548E-3,-3.34314E-3,-1.82437E-3,-2.79903E-3,-2.58235E-3,-2.84096E-3,-3.39489E-3,-3.57697E-3,-5.24369E-3,-4.12641E-3,-3.10081E-3,-3.11753E-3,-3.06594E-3,-3.56329E-3,-3.67845E-3,-3.86381E-3,-3.21094E-3,-3.49290E-3,-4.24102E-3,-2.86582E-3,-2.46941E-4,-1.75366E-3,-1.58432E-3,-6.99353E-4,-1.48604E-3,-2.05570E-3
1.28450E+3,NaN,NaN,NaN,NaN,NaN,NaN,NaN,3.66318E-4,-1.02964E-3,-6.76386E-4,-8.90699E-4,-1.03603E-3,-1.18987E-3,-1.34370E-3,-7.44750E-4,2.43738E-4,1.23223E-3,9.81616E-4,4.24814E-4,-1.31988E-4,-5.11020E-5,6.71042E-5,1.53785E-4,-8.80093E-5,-3.29804E-4,-5.18149E-4,-5.27982E-4,-5.37815E-4,-5.78457E-4,-3.28604E-4,-2.94983E-4,-7.74677E-4,-6.45153E-4,-1.56755E-3,-1.28778E-3,-8.11407E-4,-4.29304E-4,4.88102E-4,-1.89431E-3,-2.40344E-3,-2.13145E-3,-7.86316E-4,-1.07911E-3,-2.24517E-3,-3.83818E-3,-3.74131E-3,3.82862E-4,6.10809E-3,4.86819E-3,-1.98705E-2,-6.64664E-2,-1.14075E-1,-1.34879E-1,-1.29348E-1,-8.71474E-2,-1.69877E-2,2.60342E-2,1.61828E-2,-2.91052E-3,-6.87346E-3,-5.23088E-3,-5.55540E-3,-4.71243E-3,-4.17625E-3,-4.17248E-3,-3.84286E-3,-4.72824E-3,-4.15001E-3,-4.26165E-3,-3.72079E-3,-4.19396E-3,-4.21580E-3,-4.37093E-3,-4.08732E-3,-5.16246E-3,-4.32676E-3,-3.31680E-3,-3.38696E-3,-3.14147E-3,-4.60540E-3,-4.28901E-3,-3.04706E-3,-3.26603E-3,-3.62901E-3,-4.35551E-3,-4.31086E-3,-3.97947E-3,-3.24153E-3,-2.48378E-3,-3.95346E-3,-4.79658E-3,-5.35984E-3,-3.89122E-3,-3.23378E-3,-3.71556E-3,-3.95028E-3,-2.77346E-3,-3.10109E-3,-3.82060E-3,-3.34970E-3,-3.68272E-3,-4.50191E-3,-4.26816E-3,-3.23518E-3,-3.89650E-3,-2.82686E-3,-2.62166E-3,-4.78254E-3,-3.20683E-3,-2.93959E-3,-1.84474E-3,-4.16378E-3,-2.78546E-3,-1.32298E-3,-1.99632E-3,-1.88225E-3,-2.56001E-3,-3.08437E-3,-3.21852E-3,-4.97988E-3,-3.93329E-3,-2.72329E-3,-2.28172E-3,-2.57109E-3,-3.43034E-3,-3.55774E-3,-3.51843E-3,-3.09486E-3,-2.75687E-3,-3.66311E-3,-2.47438E-3,1.43343E-5,-1.36269E-3,-1.25547E-3,-4.79922E-4,-1.03873E-3,-2.04012E-3
1.28797E+3,NaN,NaN,NaN,NaN,NaN,NaN,NaN,4.09150E-4,-5.56226E-4,-2.87097E-4,-1.35082E-3,-1.49575E-3,-1.56176E-3,-1.62776E-3,-7.95568E-4,1.18095E-4,9.49783E-4,4.90311E-4,3.08396E-5,-3.55733E-4,-4.55311E-4,-5.54889E-4,-6.02065E-4,-5.49935E-4,-4.97805E-4,-4.97248E-4,-5.50743E-4,-6.04237E-4,-1.23953E-3,-7.18718E-4,-1.08389E-3,-1.06885E-3,-8.53906E-4,-1.60456E-3,-8.23230E-4,-1.06567E-3,1.02859E-4,-4.23194E-4,-1.57656E-3,-2.38181E-3,-1.46182E-3,-4.49389E-4,-1.09642E-3,-1.67430E-3,-4.12910E-3,-3.31380E-3,-1.89804E-4,7.02045E-3,5.52613E-3,-2.05603E-2,-7.17565E-2,-1.16492E-1,-1.39313E-1,-1.33140E-1,-8.17946E-2,-6.87678E-3,2.76361E-2,1.45724E-2,-4.40093E-3,-7.21430E-3,-5.68185E-3,-5.17951E-3,-4.13876E-3,-4.42592E-3,-4.03160E-3,-4.64555E-3,-4.25832E-3,-4.31137E-3,-3.23305E-3,-3.35014E-3,-3.91978E-3,-4.84413E-3,-4.07498E-3,-4.18256E-3,-4.91992E-3,-3.56951E-3,-3.35622E-3,-2.94390E-3,-3.60683E-3,-4.60721E-3,-3.65723E-3,-2.78551E-3,-3.30993E-3,-4.19151E-3,-4.98709E-3,-4.44906E-3,-4.02381E-3,-2.73543E-3,-3.23927E-3,-4.10134E-3,-5.08736E-3,-4.64532E-3,-3.40572E-3,-3.56667E-3,-3.88801E-3,-3.85982E-3,-3.78882E-3,-3.01570E-3,-3.43314E-3,-2.88873E-3,-3.64491E-3,-4.37859E-3,-3.63363E-3,-2.85600E-3,-3.88887E-3,-2.55451E-3,-2.70168E-3,-4.23132E-3,-2.77147E-3,-2.53147E-3,-1.89286E-3,-4.11439E-3,-2.38141E-3,-1.85207E-3,-2.31872E-3,-1.76800E-3,-2.31916E-3,-2.45073E-3,-3.26471E-3,-4.82470E-3,-3.40893E-3,-1.96191E-3,-1.85731E-3,-2.38775E-3,-2.87150E-3,-2.86299E-3,-3.34153E-3,-3.32264E-3,-2.86406E-3,-3.41275E-3,-2.47941E-3,-5.57714E-4,-1.91524E-3,-1.79784E-3,-7.32509E-4,-8.29712E-4,-2.40343E-3
1.29145E+3,NaN,NaN,NaN,NaN,NaN,NaN,2.29224E-3,-2.14801E-4,-3.10304E-4,5.55411E-5,-1.76488E-3,-1.69778E-3,-1.63069E-3,-1.39097E-3,-3.22685E-4,7.45597E-4,1.24441E-3,5.06450E-4,-2.31512E-4,-6.11875E-4,-5.69281E-4,-5.26687E-4,-4.82011E-4,-4.35951E-4,-3.89891E-4,-2.67786E-4,-1.19494E-4,2.87980E-5,-2.97242E-4,3.02349E-4,-1.09816E-3,-9.41976E-4,-1.22072E-3,-1.42485E-3,-4.05006E-4,-1.05737E-3,2.49077E-4,-8.53560E-4,-1.25971E-3,-1.96494E-3,-1.67278E-4,-7.79788E-4,-7.46942E-4,-9.05569E-4,-4.22323E-3,-3.18569E-3,-1.28076E-3,7.90518E-3,8.36290E-3,-1.97339E-2,-7.53763E-2,-1.21581E-1,-1.47391E-1,-1.39028E-1,-7.92267E-2,4.83335E-3,3.26079E-2,1.37326E-2,-8.07632E-3,-6.39815E-3,-6.37549E-3,-5.41110E-3,-4.04089E-3,-4.54798E-3,-3.90547E-3,-5.13555E-3,-4.21247E-3,-4.93808E-3,-3.53269E-3,-3.38764E-3,-3.47936E-3,-4.61808E-3,-3.57925E-3,-4.85831E-3,-5.29578E-3,-2.45093E-3,-3.37265E-3,-2.89493E-3,-4.42659E-3,-4.81256E-3,-2.88783E-3,-2.99443E-3,-2.72189E-3,-4.01849E-3,-4.26827E-3,-3.51527E-3,-3.61429E-3,-1.79547E-3,-3.45522E-3,-4.07620E-3,-5.12480E-3,-3.94818E-3,-3.25843E-3,-3.25882E-3,-3.75450E-3,-3.64903E-3,-3.48390E-3,-3.83836E-3,-2.54617E-3,-2.56810E-3,-3.29847E-3,-4.25435E-3,-3.99388E-3,-3.33261E-3,-3.80960E-3,-2.64268E-3,-2.31958E-3,-4.24439E-3,-2.20143E-3,-2.86659E-3,-2.01147E-3,-3.21374E-3,-1.60465E-3,-1.97677E-3,-2.31154E-3,-1.64398E-3,-1.77256E-3,-2.29395E-3,-2.74813E-3,-4.64599E-3,-3.18862E-3,-1.97952E-3,-2.25638E-3,-2.23996E-3,-2.56073E-3,-3.05313E-3,-2.90484E-3,-2.90942E-3,-2.46924E-3,-2.95518E-3,-2.31301E-3,-6.37306E-4,-1.18168E-3,-7.86038E-4,-3.84264E-4,-1.06796E-3,-2.15530E-3
1.29492E+3,NaN,NaN,NaN,NaN,NaN,NaN,1.77931E-3,-6.09038E-4,-7.02842E-4,8.01249E-5,-1.21999E-3,-9.31390E-4,-6.42795E-4,-2.71818E-4,2.10273E-4,6.92364E-4,5.74334E-4,1.01365E-6,-5.72307E-4,-6.08710E-4,-4.27371E-4,-2.46031E-4,-3.93447E-4,-5.96919E-4,-8.00391E-4,-8.07226E-4,-8.13507E-4,-7.77287E-4,-4.67805E-4,-2.84159E-4,-1.05741E-3,-3.88582E-4,-1.25813E-3,-1.24618E-3,-7.34571E-4,-9.61139E-4,4.50293E-4,-1.23107E-3,-1.42068E-3,-1.77332E-3,-4.51867E-4,-5.08544E-4,-7.14707E-4,-8.61810E-4,-3.35932E-3,-2.82089E-3,-1.75698E-4,8.73521E-3,9.25844E-3,-2.02812E-2,-7.48294E-2,-1.22576E-1,-1.51108E-1,-1.39850E-1,-7.44366E-2,1.02925E-2,3.58539E-2,1.41698E-2,-9.05301E-3,-6.48511E-3,-5.74159E-3,-4.98258E-3,-3.90331E-3,-3.93807E-3,-3.46525E-3,-5.03489E-3,-4.30003E-3,-4.28910E-3,-3.43855E-3,-3.70216E-3,-3.31644E-3,-4.23264E-3,-3.35553E-3,-4.76631E-3,-4.46101E-3,-3.06995E-3,-3.78213E-3,-3.04713E-3,-3.98874E-3,-4.37358E-3,-3.02628E-3,-2.74148E-3,-3.16578E-3,-4.32170E-3,-3.95015E-3,-3.70569E-3,-3.06820E-3,-1.76723E-3,-3.53421E-3,-4.05473E-3,-4.66875E-3,-3.16728E-3,-3.10935E-3,-2.62941E-3,-3.23589E-3,-2.89551E-3,-3.56560E-3,-3.93074E-3,-2.68583E-3,-2.23771E-3,-3.71185E-3,-3.94273E-3,-3.73523E-3,-3.17490E-3,-3.48946E-3,-2.81409E-3,-2.40110E-3,-3.68909E-3,-2.97571E-3,-2.23257E-3,-1.43192E-3,-2.60209E-3,-1.47851E-3,-1.82421E-3,-2.04698E-3,-2.06924E-3,-1.66860E-3,-1.90283E-3,-2.50665E-3,-4.35566E-3,-3.03920E-3,-1.75569E-3,-2.12885E-3,-2.17731E-3,-2.40282E-3,-2.53894E-3,-3.13031E-3,-2.99191E-3,-2.54040E-3,-2.69977E-3,-1.98183E-3,-9.92441E-4,-1.51788E-3,-9.90148E-4,-6.40847E-4,-1.15790E-3,-1.83113E-3
1.29840E+3,NaN,NaN,NaN,NaN,NaN,NaN,1.56460E-3,-3.14723E-4,-3.89169E-4,-2.25283E-4,-1.22286E-3,-1.17828E-3,-1.13371E-3,-5.87375E-4,1.98481E-4,9.84336E-4,7.60281E-4,3.14140E-4,-1.32002E-4,-2.44899E-4,-3.44844E-4,-4.16438E-4,-2.47511E-4,-7.85845E-5,1.07849E-5,-1.40689E-4,-2.92164E-4,-3.64493E-4,-2.05396E-4,-4.52079E-4,-8.25284E-4,-5.70512E-4,-9.22591E-4,-8.88071E-4,-8.77616E-4,-1.20402E-4,2.19537E-4,-8.80918E-4,-1.07220E-3,-9.56082E-4,-2.03337E-5,-3.10215E-4,-1.13115E-4,-6.38078E-4,-2.77275E-3,-2.88965E-3,8.79018E-4,9.57395E-3,7.17984E-3,-2.44738E-2,-7.65251E-2,-1.25888E-1,-1.53020E-1,-1.35081E-1,-6.43216E-2,1.23457E-2,3.46118E-2,1.24499E-2,-7.60371E-3,-6.50806E-3,-5.04590E-3,-4.67620E-3,-4.33954E-3,-4.28741E-3,-4.18509E-3,-4.60517E-3,-4.40330E-3,-3.90952E-3,-3.43159E-3,-3.42247E-3,-3.33785E-3,-4.04015E-3,-4.10520E-3,-4.28280E-3,-3.61076E-3,-2.99510E-3,-3.12893E-3,-3.20365E-3,-3.89671E-3,-3.29490E-3,-2.66992E-3,-2.46733E-3,-2.54276E-3,-3.30744E-3,-3.36238E-3,-3.17510E-3,-2.07215E-3,-1.92142E-3,-3.22813E-3,-3.87738E-3,-3.99363E-3,-3.18576E-3,-2.58453E-3,-2.34338E-3,-2.90820E-3,-2.89682E-3,-3.25650E-3,-3.55260E-3,-2.03054E-3,-1.88683E-3,-3.18647E-3,-3.41798E-3,-3.12903E-3,-2.50182E-3,-2.71656E-3,-2.31215E-3,-2.48574E-3,-2.92909E-3,-2.34077E-3,-2.25961E-3,-2.03601E-3,-2.25975E-3,-1.64095E-3,-2.00558E-3,-1.58933E-3,-1.69626E-3,-1.24753E-3,-1.22698E-3,-1.91148E-3,-3.88849E-3,-2.79039E-3,-1.88728E-3,-1.55065E-3,-1.34048E-3,-1.52582E-3,-2.56910E-3,-2.75983E-3,-2.23908E-3,-1.64221E-3,-2.03150E-3,-1.13513E-3,-6.39235E-4,-1.17424E-3,-1.20483E-3,-8.92654E-4,-5.93883E-4,-1.46513E-3
1.30188E+3,NaN,NaN,NaN,NaN,NaN,NaN,1.20763E-3,-2.43985E-4,-9.87913E-5,-6.26530E-5,-8.19881E-4,-7.85974E-4,-7.52066E-4,-4.80757E-4,-1.90424E-4,5.52373E-5,-3.04979E-4,-6.65195E-4,-9.02998E-4,-6.84496E-4,-4.65995E-4,-2.56537E-4,-6.35562E-5,1.29425E-4,1.15500E-4,-1.07627E-4,-3.30755E-4,-3.28122E-4,-3.38194E-4,-9.64067E-4,-9.72961E-4,-7.78555E-4,-9.22183E-4,-7.30284E-4,-8.46926E-4,-2.77568E-4,-6.31523E-4,-6.96411E-4,-1.13944E-3,-6.41152E-4,-2.73417E-4,-5.02820E-4,2.31546E-4,-8.97487E-4,-2.05468E-3,-2.59396E-3,1.81259E-3,1.14885E-2,7.29802E-3,-2.56232E-2,-7.80743E-2,-1.30945E-1,-1.57647E-1,-1.34284E-1,-5.48980E-2,1.80571E-2,3.38582E-2,8.15690E-3,-7.68415E-3,-6.63787E-3,-4.90231E-3,-4.46181E-3,-4.29961E-3,-4.31482E-3,-4.56223E-3,-4.63198E-3,-4.71832E-3,-4.20354E-3,-3.78028E-3,-3.45984E-3,-3.75341E-3,-3.87341E-3,-4.36812E-3,-4.43525E-3,-3.24673E-3,-3.23844E-3,-2.99692E-3,-3.70547E-3,-4.05596E-3,-3.17994E-3,-2.69074E-3,-2.88410E-3,-3.31671E-3,-3.70397E-3,-3.56693E-3,-3.10523E-3,-2.09556E-3,-3.02080E-3,-3.92769E-3,-4.32126E-3,-3.37777E-3,-3.01996E-3,-2.89663E-3,-2.66556E-3,-2.93644E-3,-3.05319E-3,-3.76268E-3,-3.20158E-3,-2.97930E-3,-2.06595E-3,-3.69596E-3,-3.45546E-3,-3.23261E-3,-2.96681E-3,-2.93369E-3,-2.83765E-3,-2.14691E-3,-2.80035E-3,-2.26598E-3,-2.53960E-3,-1.95570E-3,-2.78454E-3,-1.78312E-3,-2.04917E-3,-1.68428E-3,-1.85489E-3,-1.04257E-3,-1.23349E-3,-1.72656E-3,-3.29657E-3,-2.38407E-3,-1.96960E-3,-2.02476E-3,-1.75786E-3,-1.87477E-3,-2.71795E-3,-2.71431E-3,-2.29539E-3,-2.00211E-3,-1.85108E-3,-1.38456E-3,-8.83309E-4,-1.07715E-3,-1.12164E-3,-6.65621E-4,-6.48065E-4,-1.40101E-3
1.30536E+3,NaN,NaN,NaN,NaN,NaN,NaN,5.36353E-4,-2.84699E-4,3.24991E-5,-1.99632E-4,-9.52911E-4,-7.56122E-4,-5.04829E-4,7.77236E-6,5.20374E-4,6.52766E-4,-3.99688E-5,-7.32704E-4,-1.04284E-3,-9.00737E-4,-7.58636E-4,-5.97492E-4,-4.23713E-4,-2.49934E-4,-3.89203E-4,-6.36182E-4,-8.83161E-4,-5.84136E-4,-4.30611E-4,-1.41951E-3,-1.25554E-3,-8.15275E-4,-1.04790E-3,-1.30306E-3,-8.81513E-4,-2.22859E-4,-8.64937E-4,-9.36492E-4,-1.17948E-3,-2.65062E-4,-1.00446E-4,-9.43504E-4,4.97021E-4,-1.56332E-3,-2.30676E-3,-3.86373E-3,1.36662E-3,1.23471E-2,7.35306E-3,-2.50345E-2,-8.01138E-2,-1.35774E-1,-1.62910E-1,-1.35934E-1,-4.61219E-2,2.90025E-2,3.72221E-2,4.60996E-3,-9.37795E-3,-6.06804E-3,-5.50203E-3,-4.59063E-3,-4.76799E-3,-4.23170E-3,-5.03099E-3,-4.78104E-3,-5.09599E-3,-4.30118E-3,-4.31314E-3,-3.70732E-3,-4.19776E-3,-3.89706E-3,-4.62004E-3,-4.78347E-3,-3.01232E-3,-3.33461E-3,-2.88620E-3,-3.93100E-3,-4.32323E-3,-3.22280E-3,-3.39485E-3,-2.90641E-3,-4.16946E-3,-3.49241E-3,-3.88116E-3,-2.98726E-3,-1.77207E-3,-2.97471E-3,-3.36002E-3,-3.92192E-3,-3.18006E-3,-2.64730E-3,-2.45334E-3,-2.61011E-3,-2.36905E-3,-2.63141E-3,-3.67325E-3,-3.17802E-3,-3.45320E-3,-2.02804E-3,-3.46415E-3,-3.08901E-3,-3.29475E-3,-3.24193E-3,-3.45877E-3,-2.91764E-3,-2.47172E-3,-2.89006E-3,-2.31479E-3,-1.98105E-3,-1.91466E-3,-2.23639E-3,-1.69708E-3,-2.25320E-3,-1.94847E-3,-2.09409E-3,-1.41523E-3,-1.11690E-3,-1.97498E-3,-3.44685E-3,-2.41855E-3,-1.66411E-3,-1.66500E-3,-1.81940E-3,-1.88115E-3,-2.65908E-3,-2.50143E-3,-2.43890E-3,-1.69032E-3,-1.68428E-3,-1.60587E-3,-1.29624E-3,-1.26058E-3,-8.78872E-4,-1.13071E-3,-1.44879E-3,-1.52612E-3
1.30883E+3,NaN,NaN,NaN,NaN,NaN,NaN,4.15815E-4,-5.99720E-5,4.73063E-5,-3.52143E-4,-5.49617E-4,-3.14466E-4,-1.20886E-4,1.46232E-5,1.50133E-4,3.22703E-5,-2.84611E-4,-6.01493E-4,-6.64268E-4,-6.19652E-4,-5.75037E-4,-5.41870E-4,-5.10791E-4,-4.79712E-4,-3.24299E-4,-1.67458E-4,-3.53765E-5,-6.52049E-5,-1.85554E-4,-7.85425E-4,-2.69779E-4,-5.64688E-4,-4.63691E-4,-2.64077E-4,-5.05708E-4,3.02537E-4,-5.87080E-4,-4.45764E-4,-8.41756E-4,-4.19541E-4,-5.17561E-5,-5.92994E-4,6.28505E-4,-7.13467E-4,-1.01771E-3,-2.63243E-3,2.02572E-3,1.21209E-2,7.19729E-3,-2.41170E-2,-8.06347E-2,-1.37152E-1,-1.61689E-1,-1.32380E-1,-3.90021E-2,3.41297E-2,3.77122E-2,4.27598E-3,-1.04829E-2,-4.94816E-3,-5.06976E-3,-4.48581E-3,-4.51284E-3,-4.59235E-3,-4.92717E-3,-4.81374E-3,-4.35749E-3,-3.61429E-3,-3.49319E-3,-3.03672E-3,-3.81998E-3,-3.70840E-3,-4.34323E-3,-4.01349E-3,-3.05406E-3,-3.05439E-3,-3.01176E-3,-3.21090E-3,-2.79349E-3,-2.96759E-3,-2.80261E-3,-2.20694E-3,-3.59144E-3,-3.35356E-3,-3.06602E-3,-2.10090E-3,-1.78191E-3,-3.36517E-3,-3.56871E-3,-3.73157E-3,-2.27610E-3,-2.89139E-3,-1.83085E-3,-2.49261E-3,-2.23157E-3,-2.51205E-3,-3.09846E-3,-2.59685E-3,-2.72086E-3,-2.05023E-3,-3.14540E-3,-2.66049E-3,-2.39604E-3,-2.78281E-3,-3.21056E-3,-2.43284E-3,-1.68614E-3,-2.37000E-3,-1.36652E-3,-1.17278E-3,-1.67810E-3,-1.79057E-3,-9.44986E-4,-1.54144E-3,-1.68364E-3,-1.97766E-3,-8.61529E-4,5.90650E-5,-1.34770E-3,-2.21094E-3,-1.81916E-3,-1.50196E-3,-1.49274E-3,-1.41701E-3,-1.34962E-3,-2.14241E-3,-2.32643E-3,-1.45798E-3,-9.55839E-4,-8.11148E-4,-1.02859E-3,-8.61778E-4,-8.40263E-4,-8.06329E-4,-9.17475E-4,-5.59422E-4,-1.08031E-3
1.31231E+3,NaN,NaN,NaN,NaN,NaN,NaN,1.74983E-4,-1.20486E-4,3.89662E-4,-2.33100E-4,-7.80177E-4,-6.57038E-4,-3.80676E-4,-2.52898E-5,3.30097E-4,3.28971E-5,-4.24812E-4,-8.82521E-4,-8.48297E-4,-7.85690E-4,-6.92519E-4,-2.83800E-4,1.24919E-4,3.99526E-4,2.28091E-4,5.66569E-5,-1.56834E-4,-3.12394E-4,-3.64043E-4,-6.43158E-4,-7.28475E-4,-4.60011E-4,-3.91741E-4,-7.56446E-4,-8.64810E-4,-1.46521E-4,-3.16221E-4,-4.37780E-4,-4.75698E-4,-2.98321E-4,-5.77927E-4,-4.46626E-4,3.45693E-4,-4.12296E-4,-1.66430E-3,-2.48150E-3,2.06070E-3,9.35756E-3,3.76591E-3,-2.86665E-2,-8.56364E-2,-1.39299E-1,-1.61104E-1,-1.24745E-1,-3.48868E-2,3.41038E-2,3.51770E-2,3.97969E-3,-9.82892E-3,-5.43151E-3,-5.07959E-3,-4.92334E-3,-4.75736E-3,-4.66710E-3,-5.06972E-3,-5.04780E-3,-4.83847E-3,-4.13355E-3,-3.96056E-3,-3.71758E-3,-3.89849E-3,-3.99296E-3,-4.10969E-3,-3.78348E-3,-3.13252E-3,-3.24514E-3,-3.50248E-3,-3.38147E-3,-3.13045E-3,-3.06450E-3,-2.91316E-3,-3.06438E-3,-3.40382E-3,-3.28735E-3,-3.49147E-3,-2.21722E-3,-2.38829E-3,-3.20411E-3,-3.21086E-3,-3.00051E-3,-2.73853E-3,-2.60133E-3,-2.07969E-3,-2.42521E-3,-2.58115E-3,-2.39071E-3,-2.99984E-3,-3.09837E-3,-2.57676E-3,-2.24887E-3,-3.04985E-3,-2.50939E-3,-2.55688E-3,-2.75648E-3,-2.84235E-3,-2.29322E-3,-1.88527E-3,-2.31127E-3,-1.76951E-3,-1.51124E-3,-1.52071E-3,-1.82677E-3,-1.44145E-3,-1.72495E-3,-1.79805E-3,-1.77749E-3,-5.40770E-4,-5.72954E-4,-1.46603E-3,-2.18276E-3,-2.18253E-3,-1.65143E-3,-1.76731E-3,-1.47944E-3,-1.32823E-3,-2.23658E-3,-1.91495E-3,-1.64709E-3,-1.34211E-3,-1.11787E-3,-1.11978E-3,-1.10675E-3,-9.22569E-4,-6.00697E-4,-1.18638E-3,-1.07715E-3,-1.15348E-3
1.31579E+3,NaN,NaN,NaN,NaN,NaN,NaN,-1.26168E-4,-4.73171E-5,3.31988E-4,-2.15892E-4,-6.50835E-4,-6.54506E-4,-1.76671E-4,3.54562E-4,8.36816E-4,2.29779E-4,-3.77259E-4,-8.71258E-4,-8.70196E-4,-8.69133E-4,-8.01307E-4,-5.97157E-4,-3.93008E-4,-2.56442E-4,-1.95599E-4,-1.34756E-4,7.07401E-5,-2.42435E-4,-4.38135E-4,-4.34830E-4,-5.01193E-4,-5.54267E-4,-4.24096E-4,-8.30800E-4,-9.28411E-4,-6.50967E-4,-2.72044E-4,-4.29347E-4,-6.93139E-4,-5.20129E-4,-8.16290E-4,-2.59146E-4,-2.11878E-4,-9.45501E-4,-2.26346E-3,-2.70317E-3,2.15075E-3,8.76926E-3,3.89794E-3,-3.15758E-2,-9.10782E-2,-1.44361E-1,-1.65268E-1,-1.20136E-1,-2.51063E-2,3.57788E-2,3.18298E-2,1.05038E-3,-8.07067E-3,-5.43374E-3,-4.94199E-3,-4.90469E-3,-4.69733E-3,-4.83864E-3,-5.08691E-3,-4.98211E-3,-4.78903E-3,-4.43813E-3,-3.53435E-3,-4.04806E-3,-4.31212E-3,-4.17667E-3,-4.07764E-3,-3.57359E-3,-3.48385E-3,-3.29371E-3,-3.21619E-3,-3.25394E-3,-3.08225E-3,-3.02197E-3,-2.70858E-3,-2.92375E-3,-3.20471E-3,-3.59618E-3,-3.19869E-3,-1.79588E-3,-2.71626E-3,-3.38509E-3,-3.34420E-3,-2.87414E-3,-2.96524E-3,-2.63307E-3,-2.28681E-3,-2.22644E-3,-2.52255E-3,-2.07787E-3,-3.21362E-3,-2.74478E-3,-3.22368E-3,-2.43683E-3,-3.15511E-3,-2.89022E-3,-2.62558E-3,-2.71662E-3,-2.77190E-3,-2.21943E-3,-1.96217E-3,-2.31569E-3,-1.69847E-3,-1.48260E-3,-1.86601E-3,-1.85424E-3,-1.45292E-3,-1.90213E-3,-1.99943E-3,-1.79896E-3,-1.25337E-3,-7.73989E-4,-1.63270E-3,-2.03529E-3,-1.96671E-3,-1.43959E-3,-1.23658E-3,-9.35694E-4,-1.39361E-3,-2.09382E-3,-1.73121E-3,-1.82623E-3,-1.09800E-3,-7.98448E-4,-1.06026E-3,-1.07918E-3,-7.19441E-4,-1.17639E-3,-1.61382E-3,-9.32085E-4,-9.37090E-4
1.31927E+3,NaN,NaN,NaN,NaN,NaN,NaN,-1.43698E-4,3.86872E-5,3.80276E-4,-1.38562E-4,-7.16065E-5,6.58577E-5,1.31168E-5,-3.96241E-5,-1.18712E-4,-2.65080E-4,-4.11447E-4,-5.54460E-4,-6.92920E-4,-8.31380E-4,-6.90282E-4,-3.35797E-4,1.86878E-5,8.86868E-5,4.24726E-5,-3.74159E-6,-1.42624E-4,-2.88128E-4,-9.92701E-5,-5.38295E-4,-5.55955E-4,-5.06943E-4,-7.11395E-4,-7.02300E-4,2.86831E-5,-3.63059E-4,4.30340E-5,-7.58409E-4,-1.02346E-3,-3.19613E-4,-6.25587E-4,-3.55673E-5,4.45096E-5,-1.27379E-4,-1.54502E-3,-2.61460E-3,1.77074E-3,1.01180E-2,8.11781E-3,-3.05631E-2,-9.18948E-2,-1.45503E-1,-1.68856E-1,-1.18358E-1,-1.39267E-2,4.12739E-2,3.29038E-2,-4.22836E-3,-6.96075E-3,-5.50797E-3,-5.23986E-3,-5.04633E-3,-5.20404E-3,-5.28248E-3,-5.70500E-3,-5.32693E-3,-5.05625E-3,-4.30742E-3,-3.50221E-3,-4.08180E-3,-3.86428E-3,-4.03394E-3,-4.18134E-3,-3.78873E-3,-3.69659E-3,-3.75364E-3,-3.96723E-3,-3.13859E-3,-3.30898E-3,-2.79986E-3,-2.60560E-3,-3.56767E-3,-3.36226E-3,-3.92862E-3,-3.05886E-3,-2.16597E-3,-3.23558E-3,-3.03962E-3,-3.12548E-3,-2.59785E-3,-3.22181E-3,-2.56649E-3,-2.15506E-3,-2.57607E-3,-2.73669E-3,-2.22826E-3,-3.10408E-3,-2.97332E-3,-2.45506E-3,-2.61864E-3,-3.07305E-3,-2.33936E-3,-2.36822E-3,-2.53873E-3,-2.54902E-3,-2.03134E-3,-1.81647E-3,-2.45953E-3,-2.12159E-3,-1.67400E-3,-1.66479E-3,-1.56377E-3,-1.37744E-3,-1.48575E-3,-1.51494E-3,-1.50743E-3,-9.51649E-4,-9.06546E-4,-1.84928E-3,-1.94900E-3,-1.88090E-3,-1.51372E-3,-1.47211E-3,-8.24861E-4,-1.03901E-3,-1.74325E-3,-1.96134E-3,-1.31111E-3,-4.86263E-4,-6.71444E-4,-1.18488E-3,-1.25020E-3,-1.24013E-3,-5.92238E-4,-1.39745E-3,-1.07260E-3,-6.26641E-4
1.32276E+3,NaN,NaN,NaN,NaN,NaN,NaN,1.17686E-4,1.80928E-4,4.69417E-4,-2.67246E-4,-3.59803E-4,-2.41672E-4,-3.00388E-5,1.81595E-4,4.70833E-5,-4.09857E-4,-8.66798E-4,-9.32581E-4,-7.97392E-4,-6.62203E-4,-5.16814E-4,-3.68931E-4,-2.21047E-4,-1.36257E-4,-5.50463E-5,3.15719E-5,1.25093E-4,-2.74176E-4,-6.07706E-4,-3.90335E-4,-3.58188E-4,-2.83432E-4,-3.89075E-4,-5.46395E-5,-4.29133E-4,-8.63564E-4,5.30739E-5,-4.72913E-4,-5.54195E-4,-2.94513E-4,-8.11193E-4,3.66969E-4,-5.57800E-4,-5.88298E-4,-1.43613E-3,-2.59591E-3,1.17354E-3,9.95676E-3,7.09500E-3,-3.18019E-2,-9.43551E-2,-1.48436E-1,-1.73576E-1,-1.16086E-1,-5.85438E-3,4.52208E-2,3.46739E-2,-8.14543E-3,-7.36912E-3,-5.57099E-3,-5.26364E-3,-5.34575E-3,-5.42909E-3,-5.57908E-3,-5.21629E-3,-5.45854E-3,-5.30488E-3,-4.52913E-3,-3.51609E-3,-4.03793E-3,-3.96341E-3,-4.12862E-3,-3.95098E-3,-3.55076E-3,-3.89466E-3,-3.69962E-3,-3.57244E-3,-3.24011E-3,-3.46253E-3,-3.60533E-3,-3.04068E-3,-3.39607E-3,-3.10118E-3,-3.61610E-3,-3.14194E-3,-2.32905E-3,-3.56613E-3,-3.17691E-3,-2.81567E-3,-2.64237E-3,-2.92838E-3,-2.24157E-3,-2.18271E-3,-2.70152E-3,-2.53820E-3,-1.96115E-3,-2.59998E-3,-2.81915E-3,-2.78432E-3,-2.74890E-3,-2.73131E-3,-2.32693E-3,-2.16488E-3,-2.42687E-3,-2.58761E-3,-2.04157E-3,-1.94854E-3,-2.07131E-3,-1.44472E-3,-1.34199E-3,-1.86727E-3,-1.41644E-3,-1.02080E-3,-1.34455E-3,-1.67346E-3,-1.47271E-3,-1.15834E-3,-1.15567E-3,-1.70805E-3,-1.43603E-3,-1.43395E-3,-1.26270E-3,-1.66074E-3,-9.07003E-4,-7.95889E-4,-1.32410E-3,-1.57406E-3,-1.55080E-3,-9.34421E-4,-9.55209E-4,-9.80052E-4,-8.97508E-4,-1.18290E-3,-8.72461E-4,-1.08736E-3,-7.73098E-4,-5.80995E-4
1.32624E+3,NaN,NaN,NaN,NaN,NaN,NaN,-7.68595E-5,-1.34289E-4,7.15297E-4,-3.50534E-4,-2.49729E-4,-7.75780E-5,1.29217E-4,3.36011E-4,1.10800E-4,-2.56840E-4,-6.24479E-4,-4.31031E-4,-1.71696E-4,8.19618E-5,1.90985E-4,3.00008E-4,3.40407E-4,6.95026E-5,-2.01401E-4,-1.97765E-4,1.33172E-4,-1.96991E-4,-6.99771E-4,-6.99814E-4,-3.54421E-4,-2.31015E-4,-2.00079E-4,-3.10981E-4,-2.46097E-4,-5.95722E-4,-2.17971E-4,-7.58389E-4,-4.00050E-4,-2.32747E-4,-4.80697E-4,-1.11804E-4,-3.61533E-4,-3.90179E-4,-1.53400E-3,-2.13292E-3,2.18472E-3,1.01325E-2,3.72386E-3,-3.58712E-2,-9.50425E-2,-1.48065E-1,-1.66704E-1,-1.04811E-1,-6.01857E-3,4.26191E-2,3.05433E-2,-6.23249E-3,-8.29309E-3,-6.24449E-3,-5.54644E-3,-5.94861E-3,-6.03762E-3,-6.16078E-3,-6.12606E-3,-5.68459E-3,-5.51763E-3,-4.60114E-3,-3.99655E-3,-4.40891E-3,-4.61493E-3,-4.72492E-3,-4.42305E-3,-3.97730E-3,-3.78275E-3,-4.03726E-3,-3.99865E-3,-3.40257E-3,-3.47405E-3,-3.67116E-3,-3.28293E-3,-3.35240E-3,-3.77700E-3,-3.94717E-3,-3.06748E-3,-2.45453E-3,-3.48917E-3,-3.29254E-3,-2.70950E-3,-2.80250E-3,-2.81425E-3,-2.27665E-3,-2.49376E-3,-2.58335E-3,-2.55554E-3,-2.46313E-3,-3.23495E-3,-1.88987E-3,-3.21870E-3,-2.69691E-3,-2.83805E-3,-2.11321E-3,-2.13555E-3,-2.51673E-3,-2.46526E-3,-2.07544E-3,-2.30181E-3,-2.13423E-3,-1.97395E-3,-1.37852E-3,-1.22569E-3,-1.57289E-3,-1.18240E-3,-1.25631E-3,-1.78788E-3,-1.83380E-3,-1.23170E-3,-1.35515E-3,-1.93296E-3,-1.80735E-3,-1.51172E-3,-1.12647E-3,-1.30624E-3,-9.83239E-4,-1.02065E-3,-1.11579E-3,-1.65779E-3,-1.57481E-3,-1.03880E-3,-7.85775E-4,-1.13103E-3,-1.11746E-3,-1.22691E-3,-6.50013E-4,-1.08461E-3,-7.83345E-4,-8.29716E-4
1.32972E+3,NaN,NaN,NaN,NaN,NaN,NaN,2.22617E-4,4.78357E-4,3.05839E-4,-4.38126E-4,8.26276E-5,9.90950E-5,7.93199E-5,5.95448E-5,-1.82391E-4,-4.27852E-4,-5.86941E-4,-1.53585E-4,2.79770E-4,5.59354E-4,4.23392E-4,2.87430E-4,1.19778E-4,-9.29233E-5,-3.05625E-4,-2.34053E-4,5.88622E-5,-4.48489E-4,-9.46722E-4,-5.22714E-4,-2.67152E-4,-6.64292E-4,-5.96507E-4,-4.64870E-4,-5.60913E-4,-1.79396E-4,-4.35870E-4,-6.34755E-4,-2.03235E-4,-4.48164E-4,-3.13411E-4,-7.17878E-4,-6.86245E-4,-8.68723E-4,-1.40021E-3,-1.36861E-3,3.51286E-3,1.07219E-2,8.15918E-4,-4.13168E-2,-9.91356E-2,-1.55447E-1,-1.68132E-1,-9.73886E-2,-3.16592E-3,4.56317E-2,2.46438E-2,-5.89103E-3,-8.49575E-3,-5.94011E-3,-5.80875E-3,-6.07726E-3,-5.94971E-3,-6.21168E-3,-6.14642E-3,-6.15662E-3,-5.90070E-3,-4.76555E-3,-4.30626E-3,-4.29849E-3,-4.68546E-3,-5.07619E-3,-5.26743E-3,-4.88401E-3,-3.99835E-3,-3.56758E-3,-3.78936E-3,-3.94248E-3,-4.21273E-3,-3.98612E-3,-3.87678E-3,-3.33271E-3,-3.39405E-3,-3.49583E-3,-2.67820E-3,-2.77101E-3,-3.17474E-3,-3.10649E-3,-3.14352E-3,-3.37992E-3,-2.90381E-3,-2.70454E-3,-3.00837E-3,-2.95424E-3,-2.50586E-3,-2.56750E-3,-2.96964E-3,-2.74791E-3,-3.01515E-3,-2.58697E-3,-2.56504E-3,-2.54546E-3,-2.58417E-3,-2.38191E-3,-2.34666E-3,-2.18880E-3,-2.34643E-3,-1.81535E-3,-1.72067E-3,-1.56322E-3,-1.91513E-3,-1.59864E-3,-1.14804E-3,-1.69153E-3,-1.54658E-3,-1.20226E-3,-1.35626E-3,-1.02836E-3,-1.99147E-3,-1.63601E-3,-1.12355E-3,-1.37885E-3,-1.84948E-3,-1.16915E-3,-1.30425E-3,-1.51510E-3,-1.70187E-3,-1.05934E-3,-8.02856E-4,-8.17607E-4,-9.73712E-4,-7.30980E-4,-1.17357E-3,-5.38799E-4,-1.22015E-3,-9.89305E-4,-7.91239E-4
1.33320E+3,NaN,NaN,NaN,NaN,NaN,-1.22350E-3,-9.26634E-5,2.91247E-4,4.87945E-4,4.91570E-5,4.22395E-4,3.06442E-4,1.90489E-4,1.75774E-5,-3.63620E-4,-7.44818E-4,-8.20446E-4,-3.47136E-4,1.26175E-4,3.32043E-4,2.70956E-4,2.09868E-4,6.96697E-5,-1.14392E-4,-2.98454E-4,-5.76036E-4,-5.61168E-4,-7.48196E-4,-1.09124E-3,-4.48704E-4,-7.68461E-4,-1.27392E-3,-8.65860E-4,-8.07872E-4,-1.05188E-3,-6.73855E-4,-6.54981E-4,-3.35367E-4,-2.64522E-4,-1.15643E-3,-1.17522E-3,-1.16442E-3,-4.91187E-4,-6.35919E-4,-4.93477E-4,-1.08508E-3,4.40329E-3,1.09106E-2,9.02070E-5,-4.41026E-2,-1.00950E-1,-1.63791E-1,-1.72938E-1,-8.98113E-2,1.42533E-3,5.14589E-2,1.80384E-2,-7.81927E-3,-8.46198E-3,-6.03515E-3,-6.63140E-3,-7.00792E-3,-6.88606E-3,-6.82804E-3,-6.46630E-3,-6.33653E-3,-5.76093E-3,-4.36367E-3,-4.76215E-3,-5.14731E-3,-5.02169E-3,-5.22653E-3,-5.16049E-3,-4.91539E-3,-4.46851E-3,-4.30032E-3,-4.31787E-3,-5.07059E-3,-4.46278E-3,-4.07688E-3,-3.81992E-3,-3.36572E-3,-4.48944E-3,-4.45833E-3,-3.62368E-3,-3.95732E-3,-3.19338E-3,-3.32046E-3,-3.16484E-3,-3.44738E-3,-3.33166E-3,-2.83764E-3,-2.85458E-3,-3.10717E-3,-2.71255E-3,-2.85096E-3,-3.76100E-3,-2.85680E-3,-2.75888E-3,-2.79662E-3,-2.80873E-3,-2.94393E-3,-2.70008E-3,-3.13697E-3,-2.64614E-3,-2.48581E-3,-2.81057E-3,-2.79851E-3,-2.28776E-3,-1.33419E-3,-1.49645E-3,-1.83967E-3,-1.60667E-3,-1.93819E-3,-2.04088E-3,-1.79660E-3,-1.80288E-3,-1.82099E-3,-2.27197E-3,-2.26906E-3,-1.63122E-3,-1.40072E-3,-2.20028E-3,-2.27442E-3,-1.83111E-3,-1.53647E-3,-1.78226E-3,-1.99167E-3,-1.70606E-3,-1.19664E-3,-1.52678E-3,-1.43244E-3,-1.83851E-3,-1.03710E-3,-1.50698E-3,-1.36987E-3,-9.54126E-4
1.33669E+3,NaN,NaN,NaN,NaN,NaN,-1.16579E-3,-1.99863E-4,2.99739E-4,1.06396E-4,8.81336E-4,-1.85095E-5,8.94080E-5,1.97325E-4,1.32668E-4,-1.48840E-4,-4.30348E-4,-3.09694E-4,9.50682E-5,4.99831E-4,4.02652E-4,1.18755E-4,-1.65142E-4,-1.24091E-4,-3.52229E-5,4.28051E-5,-5.84059E-4,6.35032E-4,3.07294E-5,-1.83942E-4,8.29394E-5,1.46787E-5,-5.44299E-4,1.63087E-4,-1.78683E-4,2.75245E-4,3.73554E-5,-5.43543E-4,2.07193E-4,2.36162E-4,-4.45797E-4,-4.87484E-4,-8.00776E-4,3.83122E-4,2.03152E-4,1.58061E-3,-6.03001E-4,4.77579E-3,1.13965E-2,2.07974E-3,-4.33827E-2,-1.04919E-1,-1.75484E-1,-1.83684E-1,-9.05813E-2,7.56760E-3,6.32283E-2,1.44726E-2,-1.20818E-2,-7.64282E-3,-5.60714E-3,-6.82004E-3,-6.42166E-3,-6.58764E-3,-6.10042E-3,-5.54984E-3,-6.28121E-3,-5.25351E-3,-3.74629E-3,-4.91117E-3,-4.36288E-3,-4.99663E-3,-4.54048E-3,-4.48177E-3,-4.37190E-3,-3.73297E-3,-4.40649E-3,-4.10068E-3,-4.29690E-3,-4.15722E-3,-4.30288E-3,-3.99740E-3,-3.03589E-3,-3.04333E-3,-3.82398E-3,-3.28255E-3,-3.65672E-3,-3.19537E-3,-3.04324E-3,-2.73556E-3,-3.01945E-3,-2.29641E-3,-2.83497E-3,-2.34503E-3,-2.84279E-3,-1.99421E-3,-1.97878E-3,-3.25492E-3,-2.55157E-3,-1.74218E-3,-2.95637E-3,-3.01366E-3,-2.32686E-3,-2.07083E-3,-1.99780E-3,-2.10993E-3,-2.32180E-3,-2.46512E-3,-1.85814E-3,-1.80173E-3,-1.62628E-3,-1.64220E-3,-1.00584E-3,-1.19641E-3,-1.46780E-3,-1.44406E-3,-1.42139E-3,-1.79535E-3,-1.05773E-3,-1.49832E-3,-1.24626E-3,-1.14877E-3,-1.07410E-3,-1.56946E-3,-1.48102E-3,-1.44929E-3,-1.09337E-3,-1.29433E-3,-1.00223E-3,-1.08048E-3,-6.43351E-4,-9.57809E-4,-1.37641E-3,-1.62343E-3,-3.64666E-4,-1.38655E-3,-9.33560E-4,-8.75261E-4
1.34017E+3,NaN,NaN,NaN,NaN,NaN,-1.13025E-3,-2.33403E-4,6.13795E-6,2.82939E-4,5.16734E-4,6.34052E-4,4.50253E-4,2.66455E-4,4.50818E-5,-1.94829E-4,-4.34739E-4,-2.28545E-4,8.05975E-5,3.89740E-4,5.20706E-4,6.43345E-4,7.20681E-4,3.82045E-4,4.34091E-5,-1.16654E-4,2.18925E-4,1.44927E-5,-8.26527E-4,-4.91649E-4,-4.38294E-4,-4.46469E-4,-6.56064E-4,-2.83009E-4,-2.72712E-4,-5.81364E-4,2.42060E-4,-2.61225E-4,-1.50488E-4,-1.36673E-4,-8.95854E-4,-8.67340E-5,1.04726E-4,8.86806E-4,1.13007E-3,3.80518E-4,-2.98895E-4,4.29716E-3,8.81663E-3,-2.07923E-3,-4.51767E-2,-1.07861E-1,-1.72956E-1,-1.71294E-1,-8.50818E-2,9.72316E-3,5.51617E-2,1.43707E-2,-1.13994E-2,-8.29305E-3,-6.80707E-3,-7.30276E-3,-7.30415E-3,-6.85198E-3,-6.27653E-3,-6.37448E-3,-6.43325E-3,-5.27268E-3,-4.07101E-3,-4.35232E-3,-4.52525E-3,-4.80747E-3,-5.62771E-3,-5.63939E-3,-4.86597E-3,-4.42945E-3,-3.77647E-3,-4.22000E-3,-4.42585E-3,-3.93685E-3,-4.28266E-3,-4.01004E-3,-3.79281E-3,-3.99673E-3,-3.76974E-3,-3.11363E-3,-3.48509E-3,-3.20046E-3,-3.23645E-3,-3.09454E-3,-2.80646E-3,-2.56417E-3,-2.78760E-3,-2.95603E-3,-3.10025E-3,-2.75514E-3,-2.96271E-3,-2.86020E-3,-2.82130E-3,-2.50504E-3,-2.82187E-3,-2.92648E-3,-2.29892E-3,-1.99606E-3,-2.28964E-3,-2.24782E-3,-2.45612E-3,-2.76464E-3,-2.23944E-3,-2.35708E-3,-1.93210E-3,-2.20180E-3,-1.21283E-3,-1.37927E-3,-1.59642E-3,-1.36073E-3,-1.48322E-3,-1.43159E-3,-1.89488E-3,-1.73359E-3,-1.48395E-3,-1.32877E-3,-1.39875E-3,-1.73783E-3,-1.56023E-3,-1.34820E-3,-1.20473E-3,-1.11281E-3,-1.07343E-3,-1.50698E-3,-1.43511E-3,-1.42592E-3,-8.75993E-4,-1.46512E-3,-7.98997E-4,-1.09919E-3,-1.35886E-3,-1.25407E-3
1.34365E+3,NaN,NaN,NaN,NaN,NaN,-6.50648E-4,-2.47313E-4,2.83024E-5,-3.87663E-5,2.23201E-4,5.60883E-4,5.02472E-4,4.44062E-4,1.40830E-4,-1.91361E-4,-4.95643E-4,-7.52328E-5,3.45177E-4,6.46500E-4,4.05095E-4,1.63691E-4,2.33782E-5,9.51480E-5,1.66918E-4,-1.23836E-5,6.70617E-5,4.83956E-5,-7.28590E-4,-6.95768E-4,-3.08550E-4,-2.14751E-4,-3.31831E-4,-2.19450E-4,1.33285E-4,4.95366E-5,-2.14485E-4,-3.30891E-4,1.18625E-4,-2.33937E-4,-6.62547E-4,-3.65047E-4,3.71837E-5,1.67178E-4,4.06266E-4,-8.39513E-4,-9.33266E-4,3.90629E-3,8.94821E-3,-3.16962E-3,-4.53141E-2,-1.14645E-1,-1.77629E-1,-1.66782E-1,-8.24066E-2,1.43755E-2,4.77509E-2,1.15381E-2,-1.05896E-2,-8.34175E-3,-7.02709E-3,-7.05740E-3,-6.73357E-3,-6.60418E-3,-6.21725E-3,-6.18429E-3,-6.28601E-3,-5.06831E-3,-4.44805E-3,-4.78801E-3,-5.01060E-3,-5.27456E-3,-5.32398E-3,-5.28922E-3,-4.92304E-3,-4.54352E-3,-4.22325E-3,-4.32050E-3,-4.31747E-3,-3.97831E-3,-4.00450E-3,-3.76353E-3,-3.73035E-3,-3.74588E-3,-3.54396E-3,-3.64189E-3,-3.32642E-3,-2.83155E-3,-2.94706E-3,-3.29653E-3,-3.27659E-3,-2.58870E-3,-2.12898E-3,-2.37286E-3,-2.89461E-3,-2.87607E-3,-2.91342E-3,-2.96271E-3,-2.23917E-3,-1.93699E-3,-2.22377E-3,-2.53175E-3,-2.22522E-3,-2.25812E-3,-2.96027E-3,-1.49234E-3,-1.85628E-3,-2.56063E-3,-1.55774E-3,-1.79098E-3,-1.43087E-3,-1.94629E-3,-1.46051E-3,-1.78249E-3,-1.33213E-3,-8.90607E-4,-1.33035E-3,-1.02263E-3,-1.44200E-3,-1.50900E-3,-2.11528E-3,-1.71038E-3,-1.51119E-3,-1.31355E-3,-1.51959E-3,-1.26289E-3,-1.27442E-3,-1.56598E-3,-1.21711E-3,-8.96495E-4,-7.26916E-4,-6.84407E-4,-7.20699E-4,-1.20558E-3,-6.80344E-4,-1.31886E-3,-1.33683E-3,-1.54191E-3
1.34714E+3,NaN,NaN,NaN,NaN,NaN,-6.78018E-4,1.75829E-4,1.03588E-4,-6.68544E-5,3.21678E-4,3.91689E-4,2.84473E-4,1.48572E-4,-2.03953E-4,-5.56478E-4,-6.49034E-4,-8.63539E-7,6.47307E-4,8.79630E-4,4.95013E-4,1.10397E-4,-5.77386E-5,-4.55097E-5,-3.32809E-5,-5.43843E-5,4.86540E-4,1.12665E-4,-2.15070E-4,-2.18048E-4,2.51181E-5,1.30762E-4,-1.72890E-4,-2.69153E-4,-3.00755E-4,-9.85872E-5,-4.27076E-4,3.25178E-5,4.85958E-4,-2.09547E-4,-5.91469E-4,-8.07941E-4,-8.25664E-4,-7.72304E-4,-7.92950E-4,-1.79941E-3,-4.09895E-4,4.96566E-3,1.14675E-2,-1.89908E-3,-4.63063E-2,-1.22721E-1,-1.84526E-1,-1.65512E-1,-8.00336E-2,2.41883E-2,4.71064E-2,6.09089E-3,-1.08353E-2,-8.24845E-3,-7.76471E-3,-7.10172E-3,-6.65835E-3,-6.95890E-3,-6.93317E-3,-6.60048E-3,-5.92485E-3,-5.02658E-3,-4.80543E-3,-5.03539E-3,-5.52545E-3,-6.10324E-3,-5.80871E-3,-5.43391E-3,-5.01695E-3,-4.55272E-3,-4.65928E-3,-4.50291E-3,-4.58811E-3,-4.32427E-3,-4.00504E-3,-4.09884E-3,-3.78553E-3,-3.89923E-3,-3.36147E-3,-3.59660E-3,-3.61434E-3,-3.38453E-3,-2.76046E-3,-3.03302E-3,-3.08495E-3,-3.26396E-3,-3.26360E-3,-3.25547E-3,-3.02612E-3,-3.08382E-3,-2.87121E-3,-2.51439E-3,-2.94863E-3,-1.91554E-3,-2.57117E-3,-3.19460E-3,-1.87807E-3,-2.50517E-3,-2.53876E-3,-1.58368E-3,-1.83137E-3,-2.62744E-3,-2.40109E-3,-2.29114E-3,-1.56135E-3,-2.02427E-3,-9.93930E-4,-1.65767E-3,-6.93442E-4,-1.12840E-3,-1.21099E-3,-1.61253E-3,-1.74566E-3,-1.53239E-3,-1.73966E-3,-1.47946E-3,-1.48531E-3,-1.45756E-3,-1.59541E-3,-1.60749E-3,-1.05719E-3,-1.38228E-3,-1.05736E-3,-1.16545E-3,-1.21645E-3,-7.44364E-4,-1.05421E-3,-1.21395E-3,-9.94022E-4,-1.26735E-3,-9.79703E-4,-1.05665E-3
1.35063E+3,NaN,NaN,NaN,NaN,NaN,-5.90800E-4,2.00991E-4,1.41963E-4,9.12212E-5,4.49191E-4,1.31833E-4,5.98198E-5,4.30291E-6,-1.88715E-5,-4.20459E-5,1.52419E-4,5.82060E-4,1.01170E-3,8.64018E-4,3.67704E-4,-1.28609E-4,4.07059E-6,3.28522E-4,6.52974E-4,9.48034E-5,2.95287E-4,-2.41649E-4,-2.65791E-4,-3.04142E-4,-1.45264E-4,-1.26357E-4,-3.04822E-4,-2.39686E-4,-1.73174E-4,-1.74353E-5,-1.06879E-4,5.45094E-4,-2.88479E-4,-9.42183E-4,-1.11322E-3,-1.04126E-3,-1.07933E-3,-9.69699E-4,-9.23511E-4,-2.12122E-3,-3.44346E-4,5.89292E-3,1.39178E-2,8.98358E-4,-4.69764E-2,-1.33080E-1,-1.98973E-1,-1.73726E-1,-8.16802E-2,3.64128E-2,5.25517E-2,-2.03545E-3,-1.08153E-2,-8.12949E-3,-7.75733E-3,-7.49179E-3,-7.54596E-3,-6.69995E-3,-6.50246E-3,-6.51788E-3,-5.94232E-3,-4.49094E-3,-4.64751E-3,-5.16592E-3,-5.41277E-3,-6.11334E-3,-5.30206E-3,-5.46196E-3,-4.99077E-3,-3.80739E-3,-4.33158E-3,-4.67941E-3,-4.78267E-3,-4.47707E-3,-3.99796E-3,-4.15999E-3,-3.89818E-3,-4.00512E-3,-3.37065E-3,-3.78788E-3,-3.53395E-3,-3.59689E-3,-2.40970E-3,-3.43765E-3,-3.02648E-3,-2.88350E-3,-3.03318E-3,-3.24041E-3,-3.40928E-3,-2.71491E-3,-3.01216E-3,-3.30302E-3,-2.73333E-3,-2.36636E-3,-2.30580E-3,-2.73710E-3,-1.93508E-3,-2.33075E-3,-2.83869E-3,-1.59502E-3,-2.41629E-3,-2.89510E-3,-2.02156E-3,-1.73346E-3,-1.84326E-3,-1.68667E-3,-1.14698E-3,-1.34420E-3,-1.28988E-3,-1.34996E-3,-1.53726E-3,-1.56835E-3,-1.71998E-3,-1.53927E-3,-1.90752E-3,-1.50539E-3,-1.56041E-3,-1.90326E-3,-1.91333E-3,-1.46835E-3,-8.12191E-4,-1.26475E-3,-1.20732E-3,-1.29905E-3,-1.06315E-3,-9.40300E-4,-1.08570E-3,-1.01756E-3,-8.08782E-4,-1.37375E-3,-1.28112E-3,-1.05871E-3
1.35411E+3,NaN,NaN,NaN,NaN,NaN,-7.82561E-4,1.70601E-5,3.62584E-5,3.22099E-4,7.83961E-4,3.24843E-4,4.36803E-5,7.23835E-5,3.47746E-4,6.23109E-4,7.11085E-4,7.18616E-4,7.26147E-4,7.07312E-4,6.83548E-4,6.59785E-4,6.45886E-4,6.32134E-4,6.42356E-4,8.55147E-4,1.08860E-3,-2.44501E-4,-5.43118E-4,3.68857E-4,5.09280E-5,1.31478E-4,6.94070E-5,-6.49970E-5,-2.02510E-4,2.58022E-4,2.25544E-4,7.22670E-4,2.77645E-4,-6.67218E-4,-5.19924E-4,-3.24211E-4,-2.21314E-4,5.02652E-4,1.12522E-4,-3.40151E-4,9.16649E-4,7.71824E-3,1.41980E-2,-5.57480E-4,-5.30626E-2,-1.40302E-1,-2.01641E-1,-1.74397E-1,-7.84001E-2,3.81761E-2,5.48421E-2,-4.48822E-3,-1.12902E-2,-8.35215E-3,-7.60557E-3,-6.96000E-3,-6.94757E-3,-6.71604E-3,-5.96797E-3,-6.72745E-3,-5.36098E-3,-4.54792E-3,-3.64941E-3,-4.89504E-3,-5.49911E-3,-5.90329E-3,-5.14032E-3,-4.79294E-3,-4.95425E-3,-4.09703E-3,-4.11688E-3,-4.58323E-3,-3.77916E-3,-4.59923E-3,-3.90780E-3,-4.23428E-3,-3.83894E-3,-3.74283E-3,-3.04607E-3,-3.44173E-3,-3.00862E-3,-3.06272E-3,-2.04524E-3,-2.81760E-3,-2.61640E-3,-2.72835E-3,-2.66904E-3,-2.73486E-3,-3.01991E-3,-3.13777E-3,-3.21844E-3,-2.16564E-3,-2.83059E-3,-1.99790E-3,-1.73794E-3,-2.92320E-3,-2.47607E-3,-1.76459E-3,-2.04929E-3,-1.77148E-3,-1.80055E-3,-2.65162E-3,-1.35907E-3,-1.61361E-3,-1.53886E-3,-1.01193E-3,-3.11218E-4,-1.39671E-3,-5.92461E-4,-1.17286E-3,-9.51049E-4,-1.43710E-3,-1.13122E-3,-1.08989E-3,-2.10506E-3,-1.28348E-3,-1.45971E-3,-1.08053E-3,-1.32781E-3,-8.77265E-4,-5.18285E-4,-6.77569E-4,-8.19358E-4,-1.04615E-3,-1.32992E-3,-9.99400E-4,-9.74764E-4,-8.24922E-4,-3.79597E-4,-1.02091E-3,-1.24215E-3,-1.23560E-3
1.35760E+3,NaN,NaN,NaN,NaN,NaN,-5.37293E-4,1.06510E-4,4.15049E-5,1.99208E-4,5.85142E-4,1.96340E-4,-7.99409E-5,-1.74202E-4,-2.15309E-4,-2.56415E-4,-5.52333E-5,1.67926E-4,3.76493E-4,3.55168E-4,3.33842E-4,3.11093E-4,2.82738E-4,2.54383E-4,1.85422E-5,-1.48859E-4,1.28266E-4,-4.54338E-4,-6.43272E-4,-2.95669E-4,-4.70605E-4,-1.74102E-4,6.42160E-5,-2.60371E-4,-2.32829E-4,-5.10374E-5,-3.23075E-5,3.90864E-4,-1.55906E-4,-4.22870E-4,-7.46701E-5,-7.11096E-5,4.18815E-4,1.42977E-3,1.47106E-3,9.42266E-4,2.82138E-3,9.46266E-3,1.43437E-2,-2.35798E-3,-5.97986E-2,-1.47249E-1,-2.02357E-1,-1.73677E-1,-7.22794E-2,3.55949E-2,4.58700E-2,-2.88566E-3,-1.05674E-2,-8.53508E-3,-7.66267E-3,-7.73157E-3,-7.57497E-3,-7.32480E-3,-6.89404E-3,-6.60528E-3,-5.66888E-3,-4.70904E-3,-4.67899E-3,-5.38585E-3,-5.68303E-3,-5.96445E-3,-5.81844E-3,-5.42530E-3,-5.43033E-3,-4.88208E-3,-5.04136E-3,-5.09988E-3,-4.41953E-3,-4.67916E-3,-4.44087E-3,-4.53026E-3,-4.30322E-3,-3.83968E-3,-3.69099E-3,-4.13720E-3,-3.67943E-3,-3.31506E-3,-2.61960E-3,-3.12015E-3,-3.14745E-3,-2.94746E-3,-3.03024E-3,-2.92964E-3,-3.07380E-3,-3.39941E-3,-3.56155E-3,-2.44376E-3,-3.41992E-3,-2.30892E-3,-2.55452E-3,-2.62800E-3,-1.97164E-3,-1.96239E-3,-2.24853E-3,-1.76965E-3,-2.12782E-3,-2.48769E-3,-1.64126E-3,-2.51790E-3,-2.23860E-3,-1.97868E-3,-1.49883E-3,-2.02557E-3,-1.49331E-3,-1.62679E-3,-1.29882E-3,-1.80313E-3,-1.54233E-3,-1.50863E-3,-2.79727E-3,-1.67048E-3,-1.66904E-3,-1.98395E-3,-1.79507E-3,-1.55125E-3,-1.21261E-3,-1.17538E-3,-9.06767E-4,-1.63457E-3,-1.45364E-3,-1.21025E-3,-1.81549E-3,-1.47346E-3,-1.36042E-3,-1.32386E-3,-1.35428E-3,-1.47885E-3
1.36109E+3,NaN,NaN,NaN,NaN,NaN,-2.86987E-4,-3.21789E-4,1.69595E-4,5.07078E-4,3.51142E-4,1.18584E-4,3.33236E-5,-2.25852E-5,-7.81786E-5,-1.09101E-4,2.18873E-5,1.52875E-4,2.40034E-4,2.11694E-4,1.83355E-4,1.77775E-4,2.03892E-4,2.30010E-4,1.61201E-4,3.22364E-4,2.80493E-4,-2.34812E-4,-1.99276E-4,-1.47238E-4,-3.86794E-4,9.34604E-5,3.73392E-4,6.75384E-5,1.22147E-4,1.52329E-4,2.59455E-4,9.94132E-5,-5.02961E-5,1.64420E-4,1.85778E-4,1.86369E-4,7.86154E-4,1.15288E-3,1.42925E-3,1.31299E-3,4.00425E-3,1.15700E-2,1.60316E-2,-3.65368E-3,-6.65619E-2,-1.54069E-1,-2.02858E-1,-1.70636E-1,-6.24039E-2,4.20408E-2,3.91541E-2,-1.91064E-3,-1.04376E-2,-8.49244E-3,-8.32437E-3,-8.19424E-3,-7.37429E-3,-6.98652E-3,-7.02135E-3,-6.43049E-3,-5.08609E-3,-4.49946E-3,-5.16072E-3,-5.44379E-3,-5.72966E-3,-6.04232E-3,-5.80492E-3,-5.66055E-3,-4.97884E-3,-4.54614E-3,-4.71529E-3,-4.39655E-3,-4.09913E-3,-4.22610E-3,-4.45894E-3,-4.25792E-3,-3.75121E-3,-3.65075E-3,-3.85248E-3,-3.61111E-3,-3.26566E-3,-2.70499E-3,-2.98804E-3,-3.04948E-3,-2.99673E-3,-3.18700E-3,-3.27066E-3,-3.11696E-3,-2.88825E-3,-2.97625E-3,-3.07896E-3,-2.71624E-3,-2.76846E-3,-2.70707E-3,-2.41853E-3,-2.79324E-3,-1.85992E-3,-2.09624E-3,-2.17248E-3,-1.96422E-3,-2.30727E-3,-2.22547E-3,-1.95322E-3,-1.47323E-3,-1.73508E-3,-1.45824E-3,-1.54099E-3,-2.10586E-3,-1.14111E-3,-1.16910E-3,-8.90850E-4,-1.80300E-3,-1.55461E-3,-1.65999E-3,-2.90538E-3,-1.87772E-3,-1.46565E-3,-1.16754E-3,-1.45504E-3,-9.03031E-4,-8.91497E-4,-1.00492E-3,-7.23730E-4,-9.91179E-4,-9.33917E-4,-8.24887E-4,-1.43100E-3,-9.57771E-4,-8.15948E-4,-1.41662E-3,-1.53081E-3,-1.53283E-3
1.36457E+3,NaN,NaN,NaN,NaN,NaN,-5.18807E-4,2.43624E-4,2.23598E-4,6.78925E-4,2.83632E-4,-1.77170E-4,-2.65225E-4,-2.70338E-4,-2.75451E-4,-2.59433E-4,-2.03444E-4,-1.47456E-4,-1.59208E-4,-2.41834E-4,-3.24459E-4,-2.52340E-4,-8.99453E-5,7.24493E-5,-9.29308E-5,-2.99031E-4,-3.40821E-4,-8.53905E-4,-4.97058E-4,-2.78306E-4,-1.71479E-4,2.32774E-4,-1.06383E-4,-1.42229E-4,-2.07565E-4,-1.46073E-4,-2.70237E-4,-7.19435E-4,-5.22350E-4,-4.25328E-4,-2.67562E-4,-4.60540E-4,-1.03714E-4,2.10580E-4,6.01024E-4,5.97934E-4,3.88356E-3,1.14049E-2,1.75173E-2,-2.05435E-3,-6.90891E-2,-1.62295E-1,-2.10357E-1,-1.74436E-1,-5.47610E-2,5.59487E-2,3.21330E-2,-3.42823E-3,-9.92847E-3,-7.79941E-3,-7.66234E-3,-7.91150E-3,-7.44072E-3,-6.81653E-3,-6.70564E-3,-6.01352E-3,-4.81035E-3,-4.41646E-3,-5.51942E-3,-5.95713E-3,-5.97904E-3,-5.56137E-3,-5.83796E-3,-5.60169E-3,-4.98402E-3,-4.20023E-3,-4.90139E-3,-4.55463E-3,-4.49880E-3,-4.39895E-3,-4.34109E-3,-4.14363E-3,-3.70965E-3,-3.67532E-3,-3.79799E-3,-3.42187E-3,-3.78189E-3,-2.72687E-3,-3.85872E-3,-3.01415E-3,-3.36677E-3,-3.23497E-3,-3.12576E-3,-3.53665E-3,-3.11179E-3,-3.18608E-3,-3.13326E-3,-2.10558E-3,-2.96002E-3,-2.55200E-3,-2.49440E-3,-2.46713E-3,-1.80452E-3,-2.03665E-3,-2.34495E-3,-2.22433E-3,-2.11861E-3,-2.10882E-3,-2.05027E-3,-2.00191E-3,-2.22251E-3,-2.03684E-3,-1.49261E-3,-2.52578E-3,-1.33046E-3,-1.32183E-3,-1.14584E-3,-2.07710E-3,-1.62396E-3,-1.44471E-3,-2.90906E-3,-1.98878E-3,-1.47088E-3,-1.33741E-3,-1.24215E-3,-1.16348E-3,-9.82876E-4,-1.04620E-3,-1.21350E-3,-1.65679E-3,-1.62661E-3,-1.39901E-3,-1.74966E-3,-1.37767E-3,-1.10201E-3,-1.67424E-3,-1.36897E-3,-1.84341E-3
1.36806E+3,NaN,NaN,NaN,NaN,NaN,-2.97093E-4,-2.22563E-4,2.14157E-4,8.20065E-4,2.60938E-4,-3.91272E-5,-7.61569E-5,-8.86240E-5,-1.01091E-4,-1.01144E-4,-9.13505E-5,-8.15574E-5,-6.72812E-5,-5.10889E-5,-3.48965E-5,1.20550E-4,3.01849E-4,4.83149E-4,5.73384E-4,-2.53938E-5,-5.50897E-4,-5.93242E-4,-5.79447E-5,-1.21869E-5,-8.94518E-5,5.39127E-4,-1.94752E-4,-2.65904E-4,2.88793E-4,4.39794E-6,-1.39709E-4,-3.27152E-4,-3.34901E-4,1.79546E-4,-3.94724E-4,-8.06379E-4,-4.15059E-4,-4.53013E-4,-2.98307E-4,-6.19030E-4,2.82635E-3,1.15601E-2,2.04536E-2,1.82585E-3,-6.70950E-2,-1.67150E-1,-2.17617E-1,-1.76974E-1,-4.58702E-2,7.65700E-2,2.96391E-2,-6.44637E-3,-1.06268E-2,-7.16907E-3,-8.53370E-3,-7.77744E-3,-7.83241E-3,-6.62006E-3,-6.99531E-3,-5.88857E-3,-4.11843E-3,-4.50097E-3,-5.19882E-3,-5.42455E-3,-5.74682E-3,-5.95489E-3,-5.97558E-3,-5.76070E-3,-4.36010E-3,-4.35720E-3,-5.20826E-3,-4.33653E-3,-4.37670E-3,-4.28821E-3,-4.72147E-3,-4.15394E-3,-3.83111E-3,-3.83931E-3,-3.93264E-3,-3.59555E-3,-3.25126E-3,-1.96465E-3,-3.25724E-3,-2.72388E-3,-3.06222E-3,-2.66224E-3,-3.14177E-3,-3.02339E-3,-3.54035E-3,-3.71338E-3,-3.04600E-3,-2.92589E-3,-2.62576E-3,-2.39571E-3,-2.04837E-3,-2.05518E-3,-1.96425E-3,-2.55339E-3,-2.10709E-3,-2.41294E-3,-2.15002E-3,-2.17079E-3,-1.69327E-3,-1.41678E-3,-2.24143E-3,-1.74621E-3,-1.50021E-3,-2.02219E-3,-8.74949E-4,-1.66269E-3,-1.29805E-3,-2.39141E-3,-1.60426E-3,-1.58052E-3,-3.29509E-3,-1.80336E-3,-1.38930E-3,-1.29436E-3,-1.74280E-3,-8.65879E-4,-1.60890E-3,-1.04313E-3,-7.87991E-4,-1.28769E-3,-2.19087E-4,-6.22084E-4,-1.11570E-3,-1.16836E-3,-1.21965E-3,-1.54549E-3,-1.37982E-3,-1.35062E-3
1.37155E+3,NaN,NaN,NaN,NaN,NaN,-7.20823E-5,-2.51982E-4,2.80151E-4,8.80103E-4,-1.19055E-7,-2.37695E-4,-2.64021E-4,-2.83695E-4,-3.03368E-4,-2.73037E-4,-2.27585E-4,-1.82133E-4,5.04944E-5,3.01479E-4,5.29694E-4,3.55445E-4,1.81196E-4,2.53087E-4,9.25505E-4,-4.17674E-5,-7.15258E-4,-3.99592E-4,4.73692E-4,4.17016E-4,1.91694E-4,4.66349E-4,4.99623E-4,1.92676E-4,3.58744E-4,-6.86473E-5,-1.35115E-4,-3.47767E-4,-1.05333E-4,2.12870E-4,3.93731E-4,-9.17483E-4,-3.12176E-4,-5.03823E-4,1.78236E-5,-8.06586E-4,2.35048E-3,1.05970E-2,1.72395E-2,-3.29467E-3,-7.13735E-2,-1.65186E-1,-2.09281E-1,-1.65421E-1,-4.14483E-2,6.55600E-2,3.03645E-2,-3.96329E-3,-1.03885E-2,-7.82196E-3,-8.07692E-3,-7.73925E-3,-7.67000E-3,-7.04164E-3,-6.75756E-3,-5.48789E-3,-4.08540E-3,-4.87475E-3,-5.94178E-3,-5.69543E-3,-5.84028E-3,-6.04894E-3,-5.47409E-3,-5.15849E-3,-4.56656E-3,-4.73286E-3,-5.09145E-3,-4.63039E-3,-4.44087E-3,-4.25146E-3,-4.48426E-3,-3.52143E-3,-3.64027E-3,-3.69913E-3,-3.54628E-3,-3.63394E-3,-3.41038E-3,-2.31210E-3,-3.32209E-3,-3.31446E-3,-3.62170E-3,-2.85188E-3,-3.08960E-3,-3.28388E-3,-3.72755E-3,-3.37569E-3,-2.66884E-3,-2.74270E-3,-2.01846E-3,-2.63992E-3,-2.74665E-3,-2.47304E-3,-2.16894E-3,-2.56278E-3,-2.37973E-3,-2.51636E-3,-1.83977E-3,-1.89592E-3,-1.38192E-3,-1.85644E-3,-2.04864E-3,-1.57041E-3,-1.78138E-3,-2.18168E-3,-1.08206E-3,-1.71147E-3,-1.00893E-3,-1.92963E-3,-1.68655E-3,-1.94487E-3,-3.60386E-3,-1.78936E-3,-1.25604E-3,-1.14159E-3,-1.00850E-3,-1.00440E-3,-1.44843E-3,-1.37993E-3,-6.93963E-4,-9.77025E-4,-1.11518E-3,-1.16775E-3,-1.19237E-3,-9.56451E-4,-1.09989E-3,-1.35999E-3,-1.24178E-3,-1.34926E-3
1.37504E+3,NaN,NaN,NaN,NaN,NaN,-5.95796E-5,5.70112E-4,5.44541E-4,3.05265E-4,-1.65126E-4,-3.04512E-4,-2.22699E-4,-1.16269E-4,-9.83870E-6,2.43025E-5,5.66839E-5,8.49605E-5,8.28742E-5,8.07879E-5,1.01134E-4,1.84687E-4,2.68239E-4,4.63851E-4,6.43361E-4,2.55262E-4,-2.21744E-4,8.38256E-5,4.35552E-4,2.57716E-4,3.52676E-4,5.88149E-4,3.85916E-4,5.27355E-4,6.96842E-4,3.16876E-4,4.99829E-5,-5.25228E-5,3.06054E-5,5.75276E-4,6.90845E-4,3.91377E-4,5.51397E-4,3.29989E-4,-4.22999E-4,-1.13119E-3,1.88684E-3,1.01242E-2,1.53560E-2,-7.42078E-3,-7.85146E-2,-1.68561E-1,-2.08404E-1,-1.58802E-1,-3.08440E-2,5.82403E-2,3.15781E-2,-2.36732E-3,-9.93460E-3,-7.87554E-3,-8.11036E-3,-7.86780E-3,-7.33657E-3,-6.56735E-3,-5.67953E-3,-4.62752E-3,-3.96745E-3,-4.61241E-3,-5.72917E-3,-6.01327E-3,-6.26008E-3,-5.94160E-3,-5.58048E-3,-5.13354E-3,-4.46434E-3,-4.89118E-3,-5.04928E-3,-4.43210E-3,-4.13903E-3,-3.52317E-3,-3.96303E-3,-3.87217E-3,-3.85591E-3,-3.79558E-3,-3.62061E-3,-3.49556E-3,-2.74969E-3,-2.41657E-3,-3.20160E-3,-2.93876E-3,-2.88240E-3,-2.39643E-3,-2.99376E-3,-3.36167E-3,-3.00441E-3,-2.80019E-3,-2.39013E-3,-2.51173E-3,-1.72535E-3,-1.83697E-3,-1.89923E-3,-1.76101E-3,-1.55518E-3,-1.79524E-3,-1.71613E-3,-1.76351E-3,-1.79703E-3,-1.81366E-3,-1.65764E-3,-1.29593E-3,-1.74798E-3,-1.32126E-3,-1.08223E-3,-1.45263E-3,-7.36197E-4,-1.26277E-3,-9.15214E-4,-1.72007E-3,-1.20503E-3,-1.10530E-3,-3.33562E-3,-1.73723E-3,-1.31489E-3,-6.40327E-4,-7.50134E-4,-6.35208E-4,-1.38102E-3,-9.13405E-4,-8.95558E-4,-7.10905E-4,-6.55453E-4,-5.39176E-4,-1.36796E-3,-9.45064E-4,-8.65978E-4,-1.48065E-3,-1.17268E-3,-1.15214E-3
1.37853E+3,NaN,NaN,NaN,NaN,-9.82252E-4,-3.33607E-4,2.41301E-4,3.81430E-4,7.58451E-4,3.29225E-4,-3.82941E-4,-3.05225E-4,-2.27508E-4,-1.64466E-4,-1.66967E-4,-1.69468E-4,-8.77786E-5,1.68134E-4,4.24047E-4,4.98325E-4,3.66670E-4,2.35015E-4,3.18662E-4,2.18963E-4,9.92872E-5,-1.99549E-4,6.66789E-5,4.32012E-4,4.52556E-4,6.20445E-4,2.54298E-4,4.44746E-4,6.65816E-4,4.93397E-4,2.08704E-4,3.29562E-5,-1.05203E-5,4.99226E-4,8.67484E-4,5.88767E-4,8.02531E-4,6.78330E-4,1.22462E-3,9.77034E-4,-3.89425E-4,1.69148E-3,1.06859E-2,1.63513E-2,-8.21379E-3,-8.28266E-2,-1.72291E-1,-2.08264E-1,-1.53371E-1,-1.47824E-2,5.66278E-2,3.04614E-2,-2.89358E-3,-9.15594E-3,-7.88657E-3,-8.11026E-3,-7.67881E-3,-7.01248E-3,-6.42503E-3,-5.84844E-3,-4.55375E-3,-4.00428E-3,-4.78439E-3,-5.23217E-3,-5.74126E-3,-6.10658E-3,-5.50950E-3,-5.14800E-3,-4.68043E-3,-4.10270E-3,-4.64617E-3,-4.72506E-3,-4.17154E-3,-3.72484E-3,-3.73616E-3,-3.63936E-3,-3.66244E-3,-3.87544E-3,-3.84764E-3,-3.59479E-3,-3.29915E-3,-2.11384E-3,-2.51373E-3,-2.98841E-3,-2.87644E-3,-2.52697E-3,-2.36390E-3,-2.90344E-3,-2.94289E-3,-2.98401E-3,-2.93409E-3,-2.45807E-3,-2.65274E-3,-1.75917E-3,-1.69845E-3,-1.87006E-3,-1.31614E-3,-1.28279E-3,-1.70379E-3,-1.41013E-3,-1.77786E-3,-1.78552E-3,-1.50228E-3,-1.35410E-3,-1.50287E-3,-1.83754E-3,-1.34058E-3,-1.11761E-3,-1.23119E-3,-1.07199E-3,-1.36319E-3,-8.16715E-4,-1.75780E-3,-6.68975E-4,-9.81297E-4,-3.86499E-3,-1.54219E-3,-9.53270E-4,-5.22612E-4,-5.16512E-4,5.98694E-5,-1.00731E-3,-6.47168E-4,-2.49634E-4,-8.09397E-4,-4.87777E-4,-6.34014E-4,-1.02873E-3,-1.40545E-3,-1.23063E-3,-1.20457E-3,-7.48898E-4,-9.82593E-4
1.38202E+3,NaN,NaN,NaN,NaN,-9.71547E-4,-4.66291E-4,2.95704E-4,9.62612E-4,7.14313E-4,1.56242E-4,-5.69021E-4,-1.94422E-4,1.80177E-4,3.82840E-4,3.14264E-4,2.45688E-4,3.78634E-4,6.89702E-4,1.00077E-3,9.84555E-4,8.09808E-4,6.35061E-4,7.03136E-4,6.99442E-4,5.95882E-5,1.36607E-4,1.05081E-3,4.53521E-4,2.07178E-4,4.32065E-4,3.35397E-5,5.64264E-4,9.83100E-4,5.82844E-4,8.82473E-5,-2.11845E-4,-3.34365E-4,2.21746E-4,8.79637E-4,1.12636E-4,9.52745E-4,7.35955E-4,2.07395E-3,1.54634E-3,-1.07894E-4,1.68758E-3,1.24507E-2,1.91043E-2,-5.07517E-3,-8.64328E-2,-1.79171E-1,-2.11987E-1,-1.55085E-1,2.01886E-3,6.05707E-2,2.75347E-2,-6.49685E-3,-9.02077E-3,-8.44244E-3,-8.49248E-3,-7.74609E-3,-6.76393E-3,-6.59617E-3,-5.40321E-3,-3.74967E-3,-4.01095E-3,-5.67088E-3,-5.76299E-3,-5.76284E-3,-6.11995E-3,-5.36859E-3,-4.91249E-3,-4.58075E-3,-4.13412E-3,-4.91100E-3,-4.98158E-3,-4.67576E-3,-3.79904E-3,-3.38210E-3,-3.20883E-3,-3.41598E-3,-3.95435E-3,-4.07339E-3,-3.54134E-3,-3.05899E-3,-2.16920E-3,-3.23240E-3,-3.00298E-3,-3.27091E-3,-2.60125E-3,-2.53081E-3,-3.23309E-3,-2.97501E-3,-3.20019E-3,-2.60109E-3,-2.60870E-3,-2.50366E-3,-1.89063E-3,-1.83754E-3,-1.88706E-3,-1.35425E-3,-1.26702E-3,-1.67386E-3,-1.71371E-3,-1.83969E-3,-1.54025E-3,-1.39645E-3,-1.52602E-3,-1.45902E-3,-1.60575E-3,-1.36808E-3,-1.27475E-3,-1.04867E-3,-7.90550E-4,-1.36169E-3,-9.92404E-4,-1.86862E-3,-6.89709E-4,-9.32126E-4,-4.78744E-3,-1.32226E-3,-8.64536E-4,-1.16870E-3,-5.83466E-4,3.52409E-4,-1.23201E-3,-4.70437E-4,-2.18290E-4,-4.85202E-4,-9.58917E-5,-6.47498E-4,-1.73782E-3,-1.42430E-3,-8.90387E-4,-1.26099E-3,-6.09878E-4,-6.43534E-4
1.38552E+3,NaN,NaN,NaN,NaN,-1.09873E-3,2.18453E-4,5.78087E-5,8.25818E-4,8.44403E-4,-3.56579E-5,-5.14211E-4,-7.50899E-5,3.64031E-4,4.09993E-4,1.84238E-4,-4.15177E-5,-9.07270E-8,1.38071E-4,2.76233E-4,4.94200E-4,7.23355E-4,9.49728E-4,1.03304E-3,8.19722E-4,5.58581E-4,2.06736E-4,9.76121E-4,8.37205E-4,3.65722E-4,9.34469E-4,-1.48939E-4,1.22636E-3,1.54974E-3,9.14811E-4,6.20135E-4,5.61339E-4,-5.97149E-6,7.58782E-4,1.30967E-3,2.36467E-4,1.01918E-3,5.53487E-4,2.64666E-3,2.27656E-3,1.23233E-4,1.31242E-3,1.36376E-2,2.39515E-2,1.76758E-4,-8.61061E-2,-1.85106E-1,-2.17514E-1,-1.55728E-1,1.56246E-2,7.20044E-2,2.75493E-2,-1.14584E-2,-8.64983E-3,-8.06990E-3,-8.59506E-3,-7.56684E-3,-6.92386E-3,-6.35744E-3,-5.17913E-3,-3.14857E-3,-3.77361E-3,-5.50057E-3,-5.11389E-3,-5.53748E-3,-5.88050E-3,-5.40152E-3,-5.43093E-3,-5.06352E-3,-3.87135E-3,-5.20938E-3,-4.38781E-3,-3.72987E-3,-3.30929E-3,-3.43661E-3,-3.20390E-3,-3.16903E-3,-3.99667E-3,-3.14219E-3,-3.52147E-3,-2.54177E-3,-2.20909E-3,-3.51526E-3,-2.70500E-3,-3.22704E-3,-1.97839E-3,-2.96098E-3,-3.70609E-3,-2.90608E-3,-2.64453E-3,-2.05032E-3,-2.35160E-3,-2.31224E-3,-2.02375E-3,-1.68547E-3,-1.63884E-3,-1.12625E-3,-1.30334E-3,-1.68636E-3,-1.34858E-3,-1.61325E-3,-1.34640E-3,-1.26300E-3,-1.08154E-3,-1.08170E-3,-1.41187E-3,-1.10575E-3,-1.31819E-3,-9.65909E-4,-6.28249E-4,-1.27820E-3,-6.70981E-4,-1.27060E-3,-5.56279E-4,-3.80730E-4,-4.44515E-3,-1.42330E-3,-6.79601E-4,-8.25198E-5,-5.12202E-4,8.57486E-5,-1.09941E-3,-6.68502E-4,3.05274E-4,-5.07315E-4,-2.91627E-4,-1.80802E-4,-1.36362E-3,-8.60373E-4,-8.79928E-4,-1.25616E-3,-8.98908E-4,-4.02361E-4
1.38901E+3,NaN,NaN,NaN,NaN,-7.87205E-4,5.43174E-5,2.86197E-4,4.70766E-4,6.24345E-4,1.59050E-4,-4.04091E-4,1.20863E-4,6.45817E-4,5.35153E-4,2.58617E-4,-1.79181E-5,4.79816E-5,1.37334E-4,2.40316E-4,5.02732E-4,7.65148E-4,1.02504E-3,1.11125E-3,6.44215E-4,3.61196E-4,5.89386E-4,1.22537E-3,9.32210E-4,5.41149E-4,1.00475E-3,3.68674E-4,1.16402E-3,1.73749E-3,1.32779E-3,3.37990E-4,4.03350E-4,8.47898E-4,1.29945E-3,1.81160E-3,3.85519E-4,3.59750E-4,9.78248E-4,2.73773E-3,2.21940E-3,9.05302E-4,3.24191E-3,1.38557E-2,2.13622E-2,-5.03022E-3,-8.93750E-2,-1.82618E-1,-2.10481E-1,-1.42054E-1,1.10253E-2,6.88606E-2,2.77121E-2,-1.06343E-2,-8.97936E-3,-7.93212E-3,-7.90464E-3,-7.32104E-3,-6.62911E-3,-5.88224E-3,-4.87647E-3,-3.41716E-3,-4.21006E-3,-5.80250E-3,-5.55933E-3,-5.43800E-3,-5.87219E-3,-4.99214E-3,-5.20918E-3,-4.57558E-3,-3.90346E-3,-5.17528E-3,-4.29331E-3,-4.49233E-3,-3.24930E-3,-3.15454E-3,-2.94238E-3,-3.33805E-3,-4.13820E-3,-3.65896E-3,-3.62565E-3,-2.70366E-3,-2.06821E-3,-3.24408E-3,-2.52585E-3,-2.72929E-3,-2.34329E-3,-2.92273E-3,-3.38189E-3,-2.79616E-3,-2.62593E-3,-1.81807E-3,-2.02902E-3,-2.50530E-3,-1.65820E-3,-1.69108E-3,-1.23812E-3,-7.83688E-4,-1.46110E-3,-1.69453E-3,-1.52743E-3,-1.64880E-3,-1.23672E-3,-1.18833E-3,-1.12141E-3,-1.24267E-3,-1.48350E-3,-9.50113E-4,-9.74881E-4,-7.54121E-4,-4.00566E-4,-7.51667E-4,-3.52572E-4,-1.36326E-3,-7.56128E-4,-9.23185E-4,-5.21787E-3,-1.38197E-3,-5.92220E-4,-5.52422E-4,-3.61048E-4,4.74717E-4,-7.24753E-4,-2.22899E-4,2.84081E-4,-1.26415E-4,3.79125E-4,1.40470E-4,-1.04229E-3,-1.02388E-3,-1.29774E-3,-1.57905E-3,-5.18309E-4,-6.53369E-5
1.39250E+3,NaN,NaN,NaN,NaN,-6.97644E-4,5.74435E-6,1.09378E-4,7.40319E-4,6.23967E-4,7.82733E-5,-3.45535E-4,1.76682E-4,6.98899E-4,4.78418E-4,2.52807E-4,8.70975E-5,3.01951E-4,5.16805E-4,7.04667E-4,8.22721E-4,9.40776E-4,1.03857E-3,1.06432E-3,8.43726E-4,6.90590E-4,9.32560E-4,1.17141E-3,9.34600E-4,7.40605E-4,6.53601E-4,4.33987E-4,1.41061E-3,1.60678E-3,1.06084E-3,4.11827E-4,7.86924E-4,9.99679E-4,1.51223E-3,1.56317E-3,8.70103E-4,9.68095E-4,1.37160E-3,2.14889E-3,1.67214E-3,1.07174E-3,4.22396E-3,1.46130E-2,2.14520E-2,-8.31397E-3,-9.12533E-2,-1.76423E-1,-2.02553E-1,-1.25427E-1,1.21510E-2,6.27262E-2,2.36810E-2,-9.03008E-3,-9.20588E-3,-8.18722E-3,-7.94942E-3,-7.17971E-3,-6.34108E-3,-5.58337E-3,-4.18025E-3,-2.81869E-3,-3.90483E-3,-5.38993E-3,-5.63791E-3,-5.93534E-3,-5.59897E-3,-5.10191E-3,-5.07122E-3,-3.99674E-3,-4.10189E-3,-4.87215E-3,-4.49002E-3,-3.89155E-3,-3.22540E-3,-3.03758E-3,-2.87090E-3,-3.32556E-3,-3.59898E-3,-3.28284E-3,-3.05845E-3,-2.51023E-3,-2.76016E-3,-3.43911E-3,-2.94587E-3,-2.80979E-3,-2.51965E-3,-3.04126E-3,-3.31464E-3,-3.00099E-3,-2.40972E-3,-2.00580E-3,-2.02745E-3,-2.36812E-3,-1.99002E-3,-1.09136E-3,-1.30556E-3,-8.81376E-4,-1.39580E-3,-1.36408E-3,-1.30823E-3,-1.54782E-3,-6.47028E-4,-8.36095E-4,-1.25841E-3,-1.47444E-3,-1.50536E-3,-1.16512E-3,-1.26663E-3,-7.51464E-4,-4.85799E-4,-8.70560E-4,-2.66590E-4,-1.59886E-3,-6.14080E-4,-9.87690E-4,-5.27964E-3,-8.55661E-4,-5.72139E-4,-3.07273E-4,-4.93193E-4,-1.60671E-4,-7.72610E-4,-2.47409E-4,3.16577E-4,3.73183E-5,-1.96880E-5,-3.31510E-4,-1.10287E-3,-8.95580E-4,-1.22149E-3,-1.36620E-3,-6.16670E-4,-2.93477E-4
1.39600E+3,NaN,NaN,NaN,NaN,-7.61297E-4,1.76397E-4,5.33601E-4,7.22605E-4,5.58581E-4,-2.87027E-4,-3.50262E-4,7.03183E-5,4.21689E-4,4.81094E-4,5.40498E-4,5.72915E-4,5.51636E-4,5.30356E-4,5.70568E-4,6.78111E-4,7.85654E-4,1.28714E-3,1.02905E-3,6.53698E-4,7.67721E-4,9.97323E-4,1.20888E-3,7.80437E-4,9.87556E-4,3.86861E-4,7.79642E-4,1.54572E-3,1.69250E-3,1.06237E-3,5.34797E-4,7.13996E-4,1.06888E-3,1.91070E-3,1.29164E-3,1.03215E-3,1.02217E-3,1.79042E-3,2.18679E-3,1.69931E-3,6.79950E-4,4.41676E-3,1.65622E-2,2.55366E-2,-8.41343E-3,-9.50470E-2,-1.77404E-1,-2.05050E-1,-1.15022E-1,2.04527E-2,6.13892E-2,1.79655E-2,-8.75393E-3,-8.96966E-3,-8.21702E-3,-8.03273E-3,-7.23427E-3,-6.34861E-3,-5.64433E-3,-4.01205E-3,-3.37099E-3,-4.94626E-3,-5.22505E-3,-4.94543E-3,-6.16468E-3,-5.71460E-3,-5.45960E-3,-4.85380E-3,-3.93061E-3,-4.76663E-3,-4.57911E-3,-4.32612E-3,-3.52832E-3,-2.98295E-3,-3.10117E-3,-2.94030E-3,-3.19508E-3,-3.64840E-3,-3.44806E-3,-3.00925E-3,-2.21635E-3,-2.89916E-3,-3.12404E-3,-2.80074E-3,-2.73968E-3,-2.90429E-3,-3.37651E-3,-3.40559E-3,-3.33953E-3,-2.24800E-3,-1.90773E-3,-1.59927E-3,-2.71569E-3,-2.20708E-3,-8.77600E-4,-7.69136E-4,-7.42524E-4,-1.40178E-3,-1.61310E-3,-1.51096E-3,-1.84065E-3,-1.21810E-3,-9.61087E-4,-1.05561E-3,-1.41976E-3,-1.19119E-3,-6.65921E-4,-1.19977E-3,-9.79591E-4,-8.25347E-4,-9.24353E-4,-5.89139E-4,-1.53470E-3,-7.04360E-4,-7.91309E-4,-6.22824E-3,-1.74498E-3,-7.21225E-4,-4.39281E-4,-2.21787E-4,5.38080E-4,-6.12410E-4,-1.50058E-4,3.20278E-4,1.58213E-4,3.91863E-5,-3.56772E-4,-1.49071E-3,-1.21828E-3,-8.05068E-4,-1.44434E-3,-5.95980E-4,-2.41243E-4
1.39949E+3,NaN,NaN,NaN,NaN,-6.41755E-4,-3.78273E-5,2.30619E-4,5.19302E-4,5.77029E-4,9.15284E-5,-1.80034E-4,7.40793E-5,2.51167E-4,3.07027E-4,3.62887E-4,3.30529E-4,2.20373E-4,1.10216E-4,2.85053E-4,5.97587E-4,9.10122E-4,1.56223E-3,1.30967E-3,1.01646E-3,9.91278E-4,1.27468E-3,1.63349E-3,5.65113E-4,1.11895E-3,2.33798E-4,1.25914E-3,1.38118E-3,1.81543E-3,8.42559E-4,8.76652E-4,1.01220E-3,1.15047E-3,2.29890E-3,8.53196E-4,1.08364E-3,1.00219E-3,2.03627E-3,2.08763E-3,1.71611E-3,6.97154E-4,4.91721E-3,1.76282E-2,2.92886E-2,-7.56676E-3,-9.99553E-2,-1.81779E-1,-2.13490E-1,-1.10257E-1,3.52336E-2,6.40016E-2,1.07004E-2,-8.84154E-3,-8.71759E-3,-7.71779E-3,-7.45022E-3,-6.50137E-3,-5.90252E-3,-4.92753E-3,-3.13092E-3,-3.04378E-3,-5.18562E-3,-5.20091E-3,-4.91056E-3,-6.15397E-3,-5.03275E-3,-5.21642E-3,-4.15009E-3,-3.15614E-3,-4.72402E-3,-4.28202E-3,-3.64049E-3,-3.40790E-3,-3.22527E-3,-2.90102E-3,-2.77497E-3,-3.77223E-3,-3.65509E-3,-3.28957E-3,-2.10695E-3,-1.58567E-3,-3.38352E-3,-2.87578E-3,-3.37940E-3,-2.29051E-3,-2.78670E-3,-3.52115E-3,-3.36208E-3,-3.16010E-3,-1.69843E-3,-1.66108E-3,-1.34174E-3,-2.57681E-3,-1.99797E-3,-1.12797E-3,-8.08205E-4,-8.60502E-4,-1.48992E-3,-1.29480E-3,-1.43603E-3,-1.44206E-3,-5.28846E-4,-7.82377E-4,-8.37548E-4,-1.36104E-3,-1.03119E-3,-8.74449E-4,-1.43049E-3,-8.86120E-4,-5.86981E-4,-6.59710E-4,-3.49284E-4,-6.50116E-4,-2.44378E-4,-8.29602E-4,-6.34984E-3,-1.55517E-3,-3.85229E-4,-2.90527E-4,-1.79387E-4,3.55306E-4,-6.66754E-4,5.40239E-5,8.01972E-4,4.50160E-4,4.45790E-5,1.16114E-4,-1.35436E-3,-5.21157E-4,-6.32816E-4,-1.22417E-3,-3.53850E-4,1.58031E-4
1.40298E+3,NaN,NaN,NaN,NaN,-6.00706E-4,2.26623E-4,3.24889E-4,7.34066E-4,8.28188E-4,-2.51525E-4,-2.47856E-4,3.38638E-4,6.84483E-4,8.58794E-4,1.03311E-3,8.15061E-4,4.49458E-4,8.38545E-5,1.57812E-4,2.97710E-4,4.44640E-4,1.13739E-3,7.37385E-4,2.06980E-4,9.99134E-4,1.14967E-3,1.19131E-3,1.74575E-4,9.82707E-4,-3.60034E-4,1.78415E-3,1.59228E-3,1.74331E-3,3.89534E-4,6.53319E-4,1.13319E-3,1.36124E-3,2.74673E-3,5.18183E-4,1.26748E-3,1.14674E-3,2.97171E-3,2.34031E-3,1.16656E-3,-6.40199E-5,4.52354E-3,1.79425E-2,3.47375E-2,-6.13832E-4,-9.57282E-2,-1.80324E-1,-2.19481E-1,-1.08483E-1,4.82348E-2,6.67541E-2,4.33246E-3,-1.10045E-2,-8.87454E-3,-8.32427E-3,-8.00236E-3,-6.96529E-3,-6.87928E-3,-5.36942E-3,-3.23385E-3,-3.37633E-3,-5.96789E-3,-5.53304E-3,-5.13306E-3,-6.71212E-3,-5.41933E-3,-5.20773E-3,-4.87556E-3,-2.90507E-3,-5.52419E-3,-4.93240E-3,-4.09945E-3,-3.56239E-3,-3.28381E-3,-2.83923E-3,-2.74575E-3,-4.41009E-3,-3.31660E-3,-3.33527E-3,-2.74071E-3,-2.27221E-3,-4.12517E-3,-2.88184E-3,-3.37784E-3,-2.11965E-3,-3.43177E-3,-3.82462E-3,-3.20199E-3,-3.12789E-3,-1.69548E-3,-2.47726E-3,-1.37615E-3,-2.59469E-3,-1.93146E-3,-8.55297E-4,-8.11165E-4,-8.82900E-4,-1.44915E-3,-1.73873E-3,-1.56150E-3,-1.59289E-3,-5.32258E-4,-1.06749E-3,-1.36964E-3,-1.98474E-3,-1.24991E-3,-1.02310E-3,-1.41858E-3,-9.86903E-4,-8.80645E-4,-1.06055E-3,-6.99965E-4,-1.39299E-3,-7.96205E-4,-7.58924E-4,-6.74715E-3,-1.40861E-3,-4.97762E-4,-2.97955E-5,-3.08790E-4,3.17336E-5,-9.19453E-4,-4.96966E-4,4.50654E-4,-2.25673E-4,3.95753E-4,-7.69857E-4,-1.87566E-3,-1.26775E-3,-1.38074E-3,-1.74835E-3,-1.00507E-3,-3.78285E-4
1.40648E+3,NaN,NaN,NaN,NaN,-4.29914E-4,4.67574E-5,4.54419E-5,8.60796E-4,6.57646E-4,-2.47115E-4,1.23546E-4,5.06089E-4,6.32768E-4,6.86270E-4,7.39772E-4,5.21094E-4,2.78897E-4,6.28106E-5,2.32974E-4,4.03138E-4,7.44629E-4,1.31849E-3,5.74497E-4,9.65897E-4,9.62404E-4,1.34770E-3,1.46651E-3,3.28258E-4,1.17976E-3,1.96791E-4,1.59930E-3,1.68422E-3,2.00073E-3,8.76290E-4,8.92700E-4,1.29001E-3,1.65914E-3,2.45429E-3,1.09544E-3,1.41046E-3,1.61298E-3,2.63397E-3,1.83404E-3,1.44890E-3,8.90335E-4,5.02755E-3,1.87060E-2,2.98283E-2,-8.30875E-3,-9.82079E-2,-1.82559E-1,-2.08783E-1,-1.01043E-1,4.30504E-2,5.90834E-2,5.88937E-3,-1.02856E-2,-8.61854E-3,-7.82339E-3,-7.30650E-3,-5.79411E-3,-5.79702E-3,-4.61471E-3,-3.09577E-3,-3.73506E-3,-5.50250E-3,-4.69672E-3,-5.05159E-3,-5.99853E-3,-5.07306E-3,-5.17027E-3,-3.91231E-3,-3.48237E-3,-4.93105E-3,-4.16346E-3,-3.67141E-3,-3.15753E-3,-3.24351E-3,-2.82198E-3,-2.20978E-3,-3.49378E-3,-3.33278E-3,-3.08688E-3,-2.14777E-3,-2.49226E-3,-3.58424E-3,-2.76699E-3,-3.09940E-3,-2.35213E-3,-3.33739E-3,-3.40272E-3,-3.11634E-3,-2.71070E-3,-1.72858E-3,-1.94053E-3,-1.69824E-3,-1.81384E-3,-1.76006E-3,-8.02823E-4,-7.55181E-4,-9.35870E-4,-1.43892E-3,-1.36129E-3,-1.51064E-3,-1.45112E-3,-5.48847E-5,-8.60442E-4,-8.55037E-4,-1.79824E-3,-9.02686E-4,-8.09091E-4,-1.24039E-3,-4.71336E-5,-7.56264E-4,-9.02660E-4,-7.62995E-5,-1.28844E-3,-6.27286E-4,-6.55804E-4,-7.12239E-3,-1.15947E-3,-5.20885E-4,-2.20857E-4,2.53988E-4,7.56592E-4,-6.61988E-4,-2.76720E-4,5.57058E-4,5.09433E-4,6.28646E-4,-1.39765E-4,-2.13565E-3,-1.10095E-3,-9.28640E-4,-1.37701E-3,-5.13051E-4,-1.45648E-4
1.40998E+3,NaN,NaN,NaN,NaN,-8.92040E-5,5.51611E-5,5.66039E-6,8.10621E-4,6.61830E-4,-2.78991E-4,-1.34134E-4,1.47447E-4,2.48007E-4,3.42937E-4,4.09951E-4,2.57161E-4,1.04372E-4,6.98496E-5,3.79861E-4,6.89872E-4,1.22387E-3,1.39657E-3,9.38584E-4,8.81526E-4,8.96543E-4,1.52837E-3,1.26879E-3,6.92485E-4,7.33330E-4,8.30370E-4,1.97077E-3,2.05830E-3,1.65052E-3,8.22174E-4,1.20270E-3,1.24112E-3,1.91534E-3,2.52106E-3,1.39698E-3,1.23837E-3,1.64181E-3,2.47555E-3,1.83897E-3,1.11244E-3,8.11372E-4,5.79876E-3,2.07781E-2,2.92409E-2,-1.07207E-2,-9.70370E-2,-1.83083E-1,-1.99991E-1,-8.87552E-2,3.88753E-2,4.99121E-2,6.39895E-3,-9.65631E-3,-8.46535E-3,-7.21406E-3,-6.90963E-3,-6.20040E-3,-5.61788E-3,-4.19669E-3,-2.95105E-3,-4.19910E-3,-5.35356E-3,-4.46299E-3,-5.52205E-3,-6.13025E-3,-4.90739E-3,-4.83507E-3,-3.70295E-3,-3.86705E-3,-4.57817E-3,-3.75445E-3,-3.54064E-3,-2.95648E-3,-3.03839E-3,-2.69658E-3,-2.80933E-3,-3.52829E-3,-3.33903E-3,-2.77221E-3,-2.15595E-3,-3.06524E-3,-3.36371E-3,-2.48604E-3,-2.25812E-3,-2.33134E-3,-3.54661E-3,-3.68182E-3,-3.06345E-3,-2.17404E-3,-1.60339E-3,-1.94262E-3,-1.77885E-3,-1.40898E-3,-1.41365E-3,-8.09198E-4,-7.50004E-4,-7.66918E-4,-1.54712E-3,-1.36230E-3,-1.54692E-3,-1.29259E-3,1.78288E-4,-7.46733E-4,-7.69243E-4,-1.70299E-3,-6.45774E-4,-5.72076E-4,-1.09929E-3,-3.24209E-4,-7.57089E-4,-1.13106E-3,-3.77375E-4,-8.97802E-4,-4.74648E-4,-7.78631E-4,-7.55201E-3,-1.25158E-3,-5.30695E-4,-2.95585E-4,2.45868E-4,7.07437E-4,-9.25957E-4,-6.65058E-5,6.81051E-4,2.70086E-4,5.29193E-4,1.57673E-4,-2.06461E-3,-7.52950E-4,-6.76106E-4,-1.22527E-3,-6.66523E-4,-1.11909E-4
1.41347E+3,NaN,NaN,NaN,NaN,-1.14254E-5,-2.63428E-4,3.76969E-5,8.96263E-4,8.22237E-4,-3.52241E-4,6.04566E-5,4.27006E-4,5.19295E-4,6.11584E-4,6.64347E-4,6.26357E-4,5.88367E-4,6.78958E-4,9.29108E-4,1.17926E-3,1.53369E-3,1.40439E-3,1.14698E-3,1.13510E-3,1.20801E-3,1.40385E-3,6.59062E-4,9.92905E-4,6.90387E-4,1.08958E-3,1.68803E-3,2.15362E-3,1.62397E-3,8.92825E-4,1.62014E-3,1.61231E-3,2.43139E-3,1.98562E-3,1.45461E-3,1.25009E-3,2.11820E-3,2.54899E-3,1.71588E-3,1.23380E-3,1.37355E-3,5.77553E-3,2.25518E-2,3.17383E-2,-1.05407E-2,-9.59381E-2,-1.86836E-1,-1.97019E-1,-7.65515E-2,3.73525E-2,4.24467E-2,4.80407E-3,-9.77911E-3,-8.33336E-3,-7.40682E-3,-6.66905E-3,-6.41007E-3,-5.64206E-3,-3.72379E-3,-2.65472E-3,-4.44178E-3,-4.99832E-3,-4.84522E-3,-5.94990E-3,-5.71317E-3,-5.19445E-3,-4.69202E-3,-3.55121E-3,-4.42520E-3,-4.80753E-3,-4.01574E-3,-3.34476E-3,-2.91409E-3,-2.95727E-3,-2.59877E-3,-3.12662E-3,-3.42010E-3,-3.22536E-3,-2.76900E-3,-2.39981E-3,-2.99609E-3,-2.92285E-3,-2.92495E-3,-2.46999E-3,-2.67080E-3,-3.44753E-3,-3.63279E-3,-3.21534E-3,-2.08705E-3,-1.86013E-3,-2.05532E-3,-2.04254E-3,-1.39310E-3,-1.59480E-3,-7.70984E-4,-5.05494E-4,-7.81246E-4,-1.33581E-3,-9.15567E-4,-1.25074E-3,-1.21798E-3,5.22515E-4,-7.03923E-4,-1.23179E-3,-1.84778E-3,-2.58369E-4,-7.99365E-4,-1.56779E-3,6.52036E-5,-7.59686E-4,-1.02079E-3,-4.33905E-4,-1.11928E-3,-7.77248E-4,-8.00848E-4,-7.78174E-3,-1.09236E-3,-4.65527E-4,-9.04114E-5,-1.48919E-6,7.56791E-4,-5.44001E-4,-1.89267E-4,5.74856E-4,2.39637E-4,4.77717E-4,-1.47961E-4,-2.03917E-3,-1.47198E-3,-1.17395E-3,-1.31880E-3,-6.46984E-4,5.36265E-5
1.41697E+3,NaN,NaN,NaN,NaN,4.34165E-5,2.81306E-4,-3.14895E-4,5.51209E-4,9.26269E-4,-4.11168E-4,4.15540E-4,7.40549E-4,6.36116E-4,5.31683E-4,4.49830E-4,3.91238E-4,3.32645E-4,5.38653E-4,8.96462E-4,1.25427E-3,1.42389E-3,1.38066E-3,1.54037E-3,1.36695E-3,1.61323E-3,1.52532E-3,2.70216E-4,7.64569E-4,8.62019E-5,1.67254E-3,2.26501E-3,2.47901E-3,1.67964E-3,1.04948E-3,1.50312E-3,1.03296E-3,2.84431E-3,1.49510E-3,1.90011E-3,1.36727E-3,1.83841E-3,2.15067E-3,1.70463E-3,1.41808E-3,1.02965E-3,5.04326E-3,2.40842E-2,3.58786E-2,-7.53610E-3,-9.38609E-2,-1.92823E-1,-2.00827E-1,-6.50159E-2,4.07836E-2,3.96424E-2,3.16405E-4,-9.57205E-3,-7.16481E-3,-7.42912E-3,-6.56297E-3,-6.58059E-3,-5.18367E-3,-3.35751E-3,-2.78121E-3,-5.27223E-3,-5.21553E-3,-4.74242E-3,-6.11700E-3,-5.14488E-3,-5.47635E-3,-4.66573E-3,-3.33770E-3,-5.33583E-3,-4.99113E-3,-4.16186E-3,-3.77810E-3,-3.35004E-3,-2.94731E-3,-2.30377E-3,-3.62839E-3,-3.22209E-3,-3.12094E-3,-2.54427E-3,-2.69464E-3,-3.79113E-3,-3.30326E-3,-3.30837E-3,-2.30549E-3,-2.67501E-3,-3.31339E-3,-3.10271E-3,-3.28617E-3,-1.85607E-3,-1.94564E-3,-1.89371E-3,-2.41407E-3,-1.35215E-3,-9.82145E-4,-6.13605E-4,-4.63008E-4,-9.91714E-4,-1.47491E-3,-1.22674E-3,-1.30891E-3,-1.27083E-3,4.28414E-4,-6.51369E-4,-1.05058E-3,-2.17770E-3,-4.82386E-4,-4.11968E-4,-1.66682E-3,1.12932E-4,-5.18100E-4,-6.82694E-4,-9.58563E-5,-7.65107E-4,-6.23223E-4,-8.06491E-4,-7.87619E-3,-1.30947E-3,-7.18658E-4,-2.16507E-4,-3.32450E-4,7.53422E-4,-4.63299E-4,4.89036E-5,6.65219E-4,5.65631E-4,8.48035E-4,2.70343E-4,-1.73950E-3,-9.46200E-4,-1.37302E-3,-1.39478E-3,-1.00512E-3,-4.85140E-4
1.42047E+3,NaN,NaN,NaN,NaN,-2.95498E-5,-8.50687E-5,-2.16367E-4,8.67002E-4,8.53805E-4,-4.82954E-4,4.57007E-4,6.95482E-4,7.11570E-4,7.27658E-4,6.09019E-4,4.27063E-4,2.45107E-4,5.71959E-4,1.00813E-3,1.44429E-3,1.91154E-3,1.10142E-3,1.50946E-3,1.28130E-3,1.79075E-3,1.81530E-3,1.29959E-4,1.29370E-3,2.80694E-4,1.92929E-3,1.97644E-3,2.74191E-3,7.11069E-4,1.29247E-3,1.67522E-3,1.35348E-3,3.26527E-3,1.22075E-3,1.66231E-3,7.63626E-4,2.99585E-3,2.45658E-3,1.69628E-3,1.41280E-3,1.39094E-3,3.84132E-3,2.33432E-2,3.99659E-2,-2.67430E-3,-8.87959E-2,-1.97379E-1,-2.07890E-1,-5.57169E-2,4.51835E-2,4.12424E-2,-5.83688E-3,-1.01124E-2,-7.14947E-3,-7.35696E-3,-5.65989E-3,-5.91360E-3,-5.08857E-3,-2.92806E-3,-2.47088E-3,-5.73259E-3,-4.69053E-3,-5.19620E-3,-5.99452E-3,-4.99527E-3,-5.46945E-3,-4.19421E-3,-3.12627E-3,-4.97669E-3,-4.41130E-3,-3.75226E-3,-3.31247E-3,-2.87827E-3,-2.66756E-3,-2.08686E-3,-3.70731E-3,-2.72002E-3,-3.00809E-3,-2.02823E-3,-2.33780E-3,-3.71187E-3,-2.23980E-3,-3.02109E-3,-1.90590E-3,-2.75312E-3,-3.40212E-3,-3.62959E-3,-2.98267E-3,-1.34573E-3,-2.21236E-3,-1.49697E-3,-2.46899E-3,-1.48567E-3,-1.09281E-3,-6.78822E-4,-5.54093E-4,-6.71125E-4,-1.35332E-3,-9.24992E-4,-1.16098E-3,-1.40700E-3,1.00701E-3,-7.75925E-4,-8.72752E-4,-1.73980E-3,-3.67565E-4,-7.35240E-4,-1.75171E-3,1.85522E-4,-8.38926E-4,-8.44862E-4,-3.73866E-5,-6.29375E-4,-5.61755E-4,-5.36670E-4,-7.83050E-3,-1.19846E-3,-3.88229E-4,3.73210E-5,9.67478E-5,4.74924E-4,-3.64904E-4,1.50726E-4,7.03320E-4,6.23200E-4,1.24853E-3,4.79867E-4,-1.95062E-3,-1.23181E-3,-1.17383E-3,-1.18714E-3,-4.80107E-4,-3.68213E-4
1.42396E+3,NaN,NaN,NaN,NaN,1.78984E-4,2.30180E-4,5.02659E-5,6.63961E-4,7.16727E-4,-7.99434E-4,7.16269E-4,8.18967E-4,7.12623E-4,6.06278E-4,6.31710E-4,6.77441E-4,7.25308E-4,9.98737E-4,1.27217E-3,1.56920E-3,1.77580E-3,9.66045E-4,1.28596E-3,1.10862E-3,1.22035E-3,1.99026E-3,4.42851E-4,1.28906E-3,2.03026E-4,1.94892E-3,2.03371E-3,2.17152E-3,9.25511E-4,1.00597E-3,1.81488E-3,1.57319E-3,2.66232E-3,7.41710E-4,1.19329E-3,8.77429E-4,2.50106E-3,2.25362E-3,1.02991E-3,1.17170E-3,9.46197E-4,4.78853E-3,2.28027E-2,3.62498E-2,-5.90818E-3,-9.40438E-2,-1.97188E-1,-1.97083E-1,-5.47994E-2,4.01785E-2,4.01242E-2,-6.47754E-3,-9.86462E-3,-7.07734E-3,-7.10882E-3,-5.81078E-3,-6.18904E-3,-4.85869E-3,-2.93953E-3,-2.87620E-3,-5.39500E-3,-4.45077E-3,-5.25994E-3,-6.20459E-3,-5.00839E-3,-5.09116E-3,-4.32593E-3,-3.99168E-3,-5.37585E-3,-4.43776E-3,-4.10076E-3,-3.19394E-3,-3.20397E-3,-3.05388E-3,-2.53614E-3,-3.81984E-3,-2.88871E-3,-2.91891E-3,-2.23865E-3,-2.13859E-3,-3.58838E-3,-2.95519E-3,-3.26067E-3,-2.16770E-3,-3.48663E-3,-3.66494E-3,-3.57873E-3,-2.83894E-3,-1.77880E-3,-2.33272E-3,-2.13511E-3,-2.12119E-3,-2.05660E-3,-9.15441E-4,-3.94187E-4,-5.86632E-4,-7.58250E-4,-1.33696E-3,-1.20514E-3,-1.50080E-3,-1.39244E-3,5.65422E-4,-1.11485E-3,-1.07909E-3,-2.20102E-3,-3.08924E-4,-9.09698E-4,-2.63375E-3,-1.83337E-4,-1.33598E-3,-8.02132E-4,1.06599E-4,-1.31052E-3,-1.07856E-3,-1.41762E-3,-8.15552E-3,-1.50527E-3,-1.15219E-3,-3.40483E-4,-5.08519E-4,4.14230E-4,-5.23435E-4,-2.52196E-4,4.66481E-4,2.59713E-4,8.70283E-4,-1.02450E-5,-2.57258E-3,-1.29049E-3,-1.24595E-3,-1.69015E-3,-6.58905E-4,-2.55222E-4
1.42746E+3,NaN,NaN,NaN,NaN,2.28724E-4,2.90844E-4,-5.80812E-4,1.18900E-3,9.39761E-4,-6.68880E-4,1.37368E-3,1.15266E-3,8.32988E-4,5.38045E-4,7.00450E-4,8.62856E-4,1.00840E-3,1.08399E-3,1.15957E-3,1.43875E-3,1.57950E-3,1.25473E-3,1.69771E-3,1.55124E-3,1.75519E-3,1.26399E-3,5.97991E-4,9.57920E-4,6.53577E-4,2.15077E-3,2.49705E-3,2.10192E-3,8.71828E-4,1.37158E-3,1.48432E-3,1.84117E-3,2.46136E-3,8.21625E-4,1.28422E-3,1.44542E-3,2.76370E-3,1.92180E-3,1.29554E-3,1.47558E-3,1.01242E-3,5.69278E-3,2.48531E-2,3.60377E-2,-4.03607E-3,-9.52480E-2,-1.93139E-1,-1.82695E-1,-5.64604E-2,3.24541E-2,3.47240E-2,-5.20081E-3,-9.44484E-3,-7.83041E-3,-6.95759E-3,-5.94850E-3,-5.80983E-3,-4.30512E-3,-3.05664E-3,-3.76381E-3,-5.27486E-3,-4.53515E-3,-5.51657E-3,-6.12218E-3,-5.25789E-3,-4.82485E-3,-3.86595E-3,-4.15521E-3,-5.21559E-3,-4.63258E-3,-3.59508E-3,-3.34789E-3,-3.19749E-3,-2.91535E-3,-2.79801E-3,-3.52428E-3,-2.83140E-3,-2.69481E-3,-2.09071E-3,-2.53903E-3,-3.69968E-3,-3.11314E-3,-2.80981E-3,-2.41980E-3,-3.47809E-3,-3.67201E-3,-3.26010E-3,-2.80427E-3,-1.75582E-3,-1.87712E-3,-2.07491E-3,-1.73331E-3,-1.99205E-3,-7.36255E-4,-5.43644E-4,-4.51719E-4,-9.03661E-4,-1.40725E-3,-1.16816E-3,-1.48520E-3,-1.48352E-3,9.75993E-4,-1.08096E-3,-9.85928E-4,-2.08237E-3,1.42321E-4,-8.15587E-4,-2.35588E-3,3.73403E-4,-7.06667E-4,-8.67569E-4,1.90770E-5,-9.66885E-4,-7.51318E-4,-6.45499E-4,-7.84720E-3,-1.23567E-3,-9.37267E-4,-1.53438E-4,-3.34505E-4,4.60320E-4,-8.52853E-4,9.54125E-6,4.36216E-4,2.90610E-4,4.64659E-4,-1.70243E-4,-2.46902E-3,-1.37487E-3,-1.20434E-3,-1.43829E-3,-6.59814E-4,-1.38494E-4
1.43096E+3,NaN,NaN,NaN,-7.48277E-4,2.98905E-4,-2.03072E-4,-5.08863E-4,1.19628E-3,9.46354E-4,-9.38943E-4,5.40142E-4,5.83030E-4,6.25919E-4,6.19880E-4,4.54227E-4,2.88575E-4,3.69304E-4,8.56357E-4,1.34341E-3,1.61292E-3,1.24717E-3,1.43958E-3,1.56674E-3,1.25916E-3,1.34434E-3,6.69250E-4,6.23574E-4,5.68477E-4,1.13263E-3,1.94288E-3,2.18094E-3,1.77034E-3,1.09737E-3,1.51556E-3,1.55901E-3,2.40628E-3,2.05572E-3,1.07756E-3,1.12293E-3,1.82897E-3,2.65340E-3,1.65090E-3,1.18358E-3,1.34423E-3,8.35108E-4,6.34755E-3,2.70695E-2,3.60470E-2,-3.24043E-3,-9.92023E-2,-1.95028E-1,-1.71045E-1,-5.47231E-2,3.07085E-2,2.69317E-2,-5.07306E-3,-8.61361E-3,-7.29958E-3,-6.52086E-3,-6.24405E-3,-5.71253E-3,-4.05756E-3,-2.80289E-3,-4.03534E-3,-4.90852E-3,-4.91653E-3,-6.03320E-3,-5.99275E-3,-5.45037E-3,-4.89993E-3,-4.04894E-3,-4.56783E-3,-5.12493E-3,-4.46870E-3,-3.54726E-3,-3.10311E-3,-3.06115E-3,-2.90858E-3,-3.91728E-3,-4.00958E-3,-3.08541E-3,-2.81161E-3,-2.48675E-3,-3.09355E-3,-3.38632E-3,-2.91102E-3,-2.35598E-3,-2.51236E-3,-3.40734E-3,-3.66343E-3,-3.25074E-3,-2.02293E-3,-1.99010E-3,-2.32431E-3,-2.06352E-3,-1.94142E-3,-2.71574E-3,-1.17818E-3,-5.90889E-4,-6.47691E-4,-1.11284E-3,-1.49842E-3,-1.57169E-3,-1.92447E-3,-1.35616E-3,5.63777E-4,-9.02191E-4,-1.64389E-3,-2.66552E-3,-1.09665E-4,-1.54730E-3,-2.70351E-3,-1.13862E-4,-1.22364E-3,-1.34344E-3,1.29161E-4,-1.18841E-3,-7.74622E-4,-1.13261E-3,-8.12962E-3,-1.38499E-3,-1.15056E-3,-3.03074E-4,-2.47393E-4,5.25543E-4,-8.99648E-4,-3.51114E-4,5.09075E-5,-2.30964E-4,5.69891E-4,-9.03380E-5,-2.64119E-3,-1.51007E-3,-1.35658E-3,-1.68753E-3,-1.26246E-3,-3.16810E-4
1.43446E+3,NaN,NaN,NaN,-1.11946E-3,3.77725E-4,-1.68055E-4,1.97664E-4,1.15936E-3,5.29729E-4,-7.77473E-4,7.69237E-4,6.63081E-4,5.56924E-4,5.32217E-4,6.21608E-4,7.10999E-4,8.88252E-4,1.13471E-3,1.38118E-3,1.46881E-3,9.67689E-4,1.18174E-3,1.03960E-3,1.20553E-3,1.42545E-3,6.10808E-4,1.30099E-3,3.69859E-4,1.48140E-3,1.95541E-3,2.28522E-3,1.20042E-3,1.08007E-3,1.37863E-3,1.40966E-3,2.75722E-3,1.32141E-3,9.13896E-4,9.91147E-4,2.11298E-3,2.35262E-3,1.17018E-3,7.43148E-4,1.15969E-3,8.38850E-4,5.65858E-3,2.85708E-2,3.65582E-2,-3.29579E-3,-1.06376E-1,-2.04104E-1,-1.64657E-1,-4.96355E-2,3.84675E-2,2.04321E-2,-5.09139E-3,-8.08832E-3,-7.52910E-3,-6.11029E-3,-5.99725E-3,-5.18230E-3,-3.54480E-3,-2.65333E-3,-4.74205E-3,-4.95548E-3,-4.53438E-3,-5.97439E-3,-5.45096E-3,-5.52173E-3,-4.57977E-3,-3.75791E-3,-5.22565E-3,-4.89887E-3,-4.35446E-3,-3.91924E-3,-3.48656E-3,-3.01789E-3,-2.60054E-3,-3.60781E-3,-2.92960E-3,-3.14967E-3,-2.60471E-3,-1.82159E-3,-3.21728E-3,-3.39593E-3,-3.05364E-3,-2.21492E-3,-2.62671E-3,-3.28113E-3,-3.74539E-3,-3.45673E-3,-2.08303E-3,-1.99616E-3,-2.15883E-3,-1.93550E-3,-1.46235E-3,-2.81425E-3,-1.10141E-3,-6.95985E-4,-5.63657E-4,-9.04740E-4,-1.44678E-3,-1.43620E-3,-1.51329E-3,-1.36281E-3,5.80224E-4,-1.38799E-3,-8.98238E-4,-2.29145E-3,-2.79461E-4,-1.15541E-3,-1.95792E-3,2.80037E-4,-1.45251E-3,-8.63493E-4,-1.33020E-5,-8.91136E-4,-4.59645E-4,-1.10200E-3,-7.81016E-3,-1.73675E-3,-1.42861E-3,-1.51699E-4,-2.82680E-4,4.17390E-4,-7.25791E-4,-2.45792E-4,2.15097E-4,-9.31909E-5,4.39366E-4,-4.59863E-4,-2.24970E-3,-1.37546E-3,-1.70555E-3,-1.86461E-3,-1.23396E-3,-6.99859E-4
1.43796E+3,NaN,NaN,NaN,-1.39061E-3,4.35325E-4,-1.21740E-4,2.07613E-4,1.29889E-3,7.68193E-4,-7.80602E-4,7.83551E-4,5.98752E-4,4.13953E-4,4.85716E-4,7.30666E-4,9.75617E-4,1.21070E-3,1.44232E-3,1.67393E-3,1.71899E-3,1.42641E-3,1.44535E-3,1.30115E-3,1.55139E-3,1.96230E-3,4.71882E-4,1.38728E-3,2.19149E-4,1.87734E-3,2.07582E-3,2.38045E-3,9.06441E-4,1.27333E-3,1.89823E-3,1.47128E-3,3.15910E-3,8.86737E-4,1.41121E-3,3.65983E-4,2.45991E-3,2.34988E-3,1.06753E-3,1.07830E-3,1.65716E-3,4.21047E-4,4.74807E-3,2.97026E-2,4.12001E-2,2.28365E-3,-1.07983E-1,-2.12904E-1,-1.62922E-1,-4.64281E-2,4.87584E-2,1.37132E-2,-6.21232E-3,-8.19255E-3,-7.20108E-3,-6.06617E-3,-6.45588E-3,-4.91351E-3,-3.43188E-3,-2.44047E-3,-5.52152E-3,-4.52463E-3,-4.83908E-3,-6.15363E-3,-5.14438E-3,-5.41848E-3,-4.50151E-3,-3.47722E-3,-5.23452E-3,-4.92646E-3,-3.81199E-3,-3.08026E-3,-3.58950E-3,-3.32645E-3,-2.63334E-3,-4.24247E-3,-3.10589E-3,-3.20253E-3,-2.46060E-3,-1.78071E-3,-3.77714E-3,-3.04794E-3,-3.33818E-3,-2.28657E-3,-2.89848E-3,-3.39584E-3,-3.21469E-3,-2.84205E-3,-1.89804E-3,-2.62312E-3,-2.09698E-3,-2.25992E-3,-1.60499E-3,-2.45346E-3,-1.37403E-3,-8.48819E-4,-7.84216E-4,-1.17103E-3,-1.64177E-3,-1.23960E-3,-1.86740E-3,-1.29327E-3,2.54164E-4,-1.10492E-3,-1.31506E-3,-2.31965E-3,-4.39580E-4,-1.69790E-3,-2.49302E-3,-7.33096E-5,-1.78091E-3,-1.00473E-3,7.35162E-5,-1.15352E-3,-4.52905E-4,-7.53767E-4,-7.97525E-3,-1.69635E-3,-1.18045E-3,-3.48705E-4,-1.06181E-3,9.09872E-5,-3.88074E-4,-9.30860E-5,4.40212E-4,-1.96286E-5,3.95036E-4,-2.49749E-4,-2.25548E-3,-9.83514E-4,-1.61293E-3,-1.88515E-3,-1.15955E-3,-3.21312E-4
1.44146E+3,NaN,NaN,NaN,-9.26646E-4,2.37099E-4,6.96932E-5,2.77117E-4,1.14281E-3,4.04672E-4,-8.09259E-4,3.45940E-4,8.01089E-5,-1.85722E-4,-2.63351E-5,2.55731E-4,5.37797E-4,7.27828E-4,9.09741E-4,1.12622E-3,1.75064E-3,7.05869E-4,1.17906E-3,8.47449E-4,1.24746E-3,1.96131E-3,4.49708E-5,1.38706E-3,-2.65503E-4,1.91509E-3,1.45825E-3,2.05194E-3,7.31697E-4,7.56275E-4,1.69022E-3,1.58206E-3,3.15296E-3,6.04136E-4,1.31132E-3,5.89421E-4,2.76730E-3,2.01158E-3,1.09181E-3,8.15072E-4,1.96092E-3,5.45140E-4,5.32793E-3,2.96775E-2,4.36438E-2,4.22984E-3,-1.10209E-1,-2.16381E-1,-1.61959E-1,-4.44792E-2,5.39658E-2,1.03777E-2,-7.58652E-3,-8.18479E-3,-6.84081E-3,-5.73066E-3,-6.28071E-3,-4.56777E-3,-3.15718E-3,-2.88819E-3,-5.92792E-3,-4.61861E-3,-5.40657E-3,-6.68276E-3,-4.98537E-3,-5.52080E-3,-4.80428E-3,-4.00523E-3,-6.25367E-3,-5.12527E-3,-4.03498E-3,-3.28197E-3,-3.73429E-3,-3.90838E-3,-3.52844E-3,-4.09961E-3,-2.80536E-3,-3.29805E-3,-2.14975E-3,-2.16571E-3,-4.39987E-3,-3.43798E-3,-3.92552E-3,-2.40320E-3,-3.04151E-3,-3.71546E-3,-3.96179E-3,-3.16690E-3,-1.96167E-3,-2.73109E-3,-2.05914E-3,-2.61032E-3,-1.64215E-3,-2.08465E-3,-1.49499E-3,-1.12889E-3,-9.35655E-4,-1.23966E-3,-1.51933E-3,-1.28396E-3,-2.06014E-3,-1.47433E-3,8.24606E-5,-1.36221E-3,-1.65450E-3,-2.39881E-3,-9.59471E-4,-1.47692E-3,-2.24652E-3,-3.81081E-4,-1.60516E-3,-1.04005E-3,-2.89503E-4,-1.09553E-3,-6.51202E-4,-1.26149E-3,-8.00447E-3,-1.87041E-3,-1.27486E-3,-5.24210E-4,-8.52463E-4,4.79358E-5,-1.31125E-3,-3.34730E-4,-2.60352E-4,-4.92702E-4,2.92369E-4,-7.48907E-4,-2.32366E-3,-1.52032E-3,-1.87494E-3,-1.75936E-3,-1.22923E-3,-4.59378E-4
1.44497E+3,NaN,NaN,NaN,-9.03189E-4,-1.60242E-4,-3.13855E-4,1.60315E-4,1.57372E-3,5.40925E-4,-2.96064E-4,6.78655E-4,3.95556E-4,1.12457E-4,1.54994E-4,2.13306E-4,3.06627E-4,7.27155E-4,1.14768E-3,1.61669E-3,1.71374E-3,6.77836E-4,1.07100E-3,8.06266E-4,1.29052E-3,1.36131E-3,2.96665E-4,1.04851E-3,2.41825E-4,1.44073E-3,1.65053E-3,1.83874E-3,6.86433E-4,9.52284E-4,1.15641E-3,1.54162E-3,2.51978E-3,7.03211E-4,5.87970E-4,9.35998E-4,2.33358E-3,1.44287E-3,5.34180E-4,3.85291E-4,1.23339E-3,5.78079E-4,7.33151E-3,2.92716E-2,4.03302E-2,-3.59227E-3,-1.15109E-1,-2.04548E-1,-1.56514E-1,-4.17069E-2,4.43134E-2,1.13459E-2,-7.20784E-3,-7.84026E-3,-6.68726E-3,-5.91350E-3,-5.86509E-3,-4.45307E-3,-3.15510E-3,-3.67679E-3,-5.46321E-3,-4.58714E-3,-5.52060E-3,-6.42782E-3,-5.08850E-3,-5.49302E-3,-4.55703E-3,-4.41182E-3,-5.58407E-3,-4.85193E-3,-4.18676E-3,-3.41768E-3,-3.29568E-3,-3.13401E-3,-3.11079E-3,-3.99063E-3,-3.14286E-3,-3.01165E-3,-2.29006E-3,-2.59839E-3,-4.08910E-3,-3.27981E-3,-2.94724E-3,-2.66000E-3,-3.43493E-3,-3.75328E-3,-3.45277E-3,-2.75727E-3,-2.27565E-3,-2.73857E-3,-2.48529E-3,-2.65575E-3,-2.29837E-3,-2.71015E-3,-1.36174E-3,-9.85456E-4,-1.02810E-3,-1.43875E-3,-1.81264E-3,-1.33745E-3,-1.94855E-3,-1.95386E-3,-1.05005E-4,-1.24204E-3,-1.48724E-3,-2.41818E-3,-1.08502E-3,-1.96159E-3,-2.58641E-3,-3.75850E-4,-1.40441E-3,-1.22843E-3,-4.65230E-4,-1.26610E-3,-7.03508E-4,-1.02767E-3,-7.19679E-3,-1.35970E-3,-1.16972E-3,-6.97769E-4,-1.36036E-3,-3.29932E-4,-1.04432E-3,-7.74849E-4,-2.01242E-4,-8.78686E-4,-7.12592E-6,-6.85287E-4,-2.62833E-3,-1.65967E-3,-1.99203E-3,-2.34877E-3,-1.84986E-3,-1.13274E-3
1.44847E+3,NaN,NaN,NaN,-7.19025E-4,-1.69966E-6,-1.75218E-4,2.79784E-4,1.09371E-3,3.51223E-4,-2.65012E-4,1.88790E-4,-1.16466E-4,-3.42647E-4,-4.02264E-5,2.62194E-4,5.38314E-4,7.44390E-4,9.50467E-4,1.15839E-3,1.02113E-3,8.90073E-4,1.25431E-3,1.31341E-3,1.57881E-3,1.23194E-3,5.19951E-4,4.64115E-4,3.99951E-4,1.43077E-3,1.92814E-3,1.52861E-3,6.48799E-4,6.96778E-4,9.81849E-4,1.68054E-3,1.65104E-3,6.20636E-4,7.62639E-4,1.54816E-3,2.00212E-3,9.06557E-4,6.03509E-4,1.27065E-3,1.59428E-3,8.03623E-4,8.22056E-3,2.96698E-2,3.94223E-2,-9.58680E-3,-1.21727E-1,-1.97897E-1,-1.51274E-1,-3.33519E-2,3.69060E-2,1.08627E-2,-6.11476E-3,-7.14535E-3,-6.03249E-3,-5.67557E-3,-5.52294E-3,-4.41725E-3,-3.08496E-3,-3.85125E-3,-5.12287E-3,-4.95413E-3,-5.71679E-3,-5.81659E-3,-5.39480E-3,-5.30927E-3,-4.60484E-3,-4.68719E-3,-5.64816E-3,-5.06469E-3,-4.10339E-3,-3.69792E-3,-3.57856E-3,-3.15321E-3,-3.51846E-3,-3.71806E-3,-3.16666E-3,-3.03343E-3,-1.89293E-3,-2.35501E-3,-3.72673E-3,-3.31479E-3,-3.03503E-3,-2.65878E-3,-3.41165E-3,-3.42239E-3,-3.22263E-3,-2.81020E-3,-2.73094E-3,-2.82076E-3,-2.47329E-3,-2.40531E-3,-1.97026E-3,-2.45335E-3,-1.51441E-3,-1.55953E-3,-1.31310E-3,-1.49895E-3,-1.86122E-3,-1.84939E-3,-2.48175E-3,-1.76991E-3,-2.12736E-4,-1.82349E-3,-1.84838E-3,-2.08388E-3,-1.27633E-3,-2.17790E-3,-2.10178E-3,-6.67408E-4,-1.85790E-3,-8.73794E-4,-2.48397E-4,-1.81533E-3,-7.72107E-4,-1.22384E-3,-7.10537E-3,-1.43598E-3,-1.11204E-3,-7.89554E-4,-1.19733E-3,-3.90559E-4,-1.26543E-3,-8.50133E-4,-3.74362E-4,-7.47260E-4,2.59985E-4,-6.99392E-4,-2.82591E-3,-1.89925E-3,-2.25580E-3,-2.57802E-3,-1.75086E-3,-9.20007E-4
1.45197E+3,NaN,NaN,NaN,-2.89431E-4,9.32249E-5,-7.30199E-5,5.34739E-4,7.96323E-4,-2.21590E-4,-1.54811E-4,3.54828E-4,-1.96916E-4,-4.29699E-4,6.39763E-5,5.57651E-4,8.78254E-4,9.85572E-4,1.09289E-3,1.33278E-3,9.90295E-4,9.90018E-4,1.06067E-3,1.38349E-3,1.81175E-3,7.05020E-4,1.00556E-3,1.00260E-3,1.36323E-3,2.20608E-3,2.29670E-3,1.43315E-3,1.09912E-3,1.33995E-3,1.51343E-3,2.32711E-3,1.47584E-3,8.18306E-4,6.33468E-4,1.74858E-3,2.08160E-3,1.23836E-3,5.50243E-4,1.27637E-3,1.54267E-3,1.35224E-3,8.86086E-3,3.20372E-2,4.17521E-2,-9.52114E-3,-1.26862E-1,-1.94311E-1,-1.45971E-1,-2.17230E-2,3.07437E-2,8.45024E-3,-5.91412E-3,-7.43889E-3,-6.46361E-3,-5.80650E-3,-5.12999E-3,-3.80451E-3,-2.97012E-3,-4.43044E-3,-4.99023E-3,-5.04675E-3,-6.06224E-3,-5.75508E-3,-5.47530E-3,-5.29360E-3,-4.21916E-3,-4.71249E-3,-5.33564E-3,-4.89311E-3,-4.02995E-3,-3.51246E-3,-3.17564E-3,-3.07332E-3,-3.88620E-3,-3.57930E-3,-3.00738E-3,-2.85262E-3,-2.21524E-3,-3.38217E-3,-3.75310E-3,-3.16424E-3,-2.69104E-3,-3.23346E-3,-3.67212E-3,-3.73113E-3,-3.57234E-3,-2.42460E-3,-2.39947E-3,-2.45617E-3,-2.38290E-3,-2.35605E-3,-2.12648E-3,-2.13496E-3,-1.67449E-3,-1.56984E-3,-1.23218E-3,-1.68120E-3,-1.74530E-3,-1.58061E-3,-1.96691E-3,-1.32209E-3,-4.29927E-5,-1.19942E-3,-1.41504E-3,-2.04273E-3,-1.17440E-3,-1.83520E-3,-1.98976E-3,-7.72399E-4,-1.84487E-3,-1.05300E-3,-7.01557E-4,-1.42317E-3,-7.22576E-4,-1.66145E-3,-6.11676E-3,-1.47983E-3,-1.17584E-3,-4.75142E-4,-1.03371E-3,-3.75375E-4,-1.64649E-3,-5.39302E-4,-5.43635E-4,-5.99529E-4,2.57294E-4,-4.58699E-4,-2.58487E-3,-2.11450E-3,-2.69240E-3,-2.78371E-3,-1.73467E-3,-8.39556E-4
1.45547E+3,NaN,NaN,NaN,-3.06551E-4,2.07837E-4,9.85563E-6,5.04782E-4,7.54430E-4,-2.36106E-4,-7.38531E-5,4.78762E-4,1.40987E-4,-2.42661E-5,-1.67507E-6,2.09160E-5,2.97053E-4,7.27539E-4,1.15803E-3,1.67636E-3,1.01893E-3,9.93580E-4,1.03607E-3,1.26551E-3,1.68405E-3,4.94829E-4,7.94466E-4,-3.92224E-4,1.46941E-3,1.71319E-3,1.83234E-3,7.01708E-4,3.72813E-4,7.71586E-4,1.11911E-3,2.29549E-3,1.03660E-3,7.70854E-4,8.20294E-4,1.97678E-3,1.84124E-3,7.20093E-4,6.13331E-5,9.08889E-4,1.17975E-3,7.71360E-4,7.51466E-3,3.42485E-2,4.40684E-2,-9.78373E-3,-1.35771E-1,-1.96460E-1,-1.43258E-1,-8.85727E-3,2.97349E-2,5.13675E-3,-6.05601E-3,-7.02600E-3,-5.92011E-3,-5.75397E-3,-5.03827E-3,-3.36140E-3,-3.04693E-3,-4.97561E-3,-4.91760E-3,-5.46640E-3,-6.17957E-3,-5.28961E-3,-5.19649E-3,-4.68947E-3,-4.02966E-3,-5.22599E-3,-5.46434E-3,-5.10952E-3,-3.77179E-3,-3.43845E-3,-3.25492E-3,-3.00066E-3,-3.87838E-3,-3.31229E-3,-3.30145E-3,-3.03744E-3,-2.00187E-3,-3.54685E-3,-3.43120E-3,-3.87067E-3,-2.80040E-3,-3.87873E-3,-4.19547E-3,-3.98751E-3,-3.74813E-3,-2.76877E-3,-2.87988E-3,-2.37367E-3,-2.81094E-3,-2.49029E-3,-2.33558E-3,-2.23501E-3,-1.97805E-3,-1.74026E-3,-1.39986E-3,-1.55348E-3,-2.04477E-3,-1.76954E-3,-2.15995E-3,-1.88717E-3,-9.40034E-4,-1.94309E-3,-2.04023E-3,-2.13683E-3,-1.29717E-3,-2.06313E-3,-2.28557E-3,-9.97097E-4,-1.97269E-3,-1.16306E-3,-7.86128E-4,-1.65930E-3,-3.41929E-4,-1.67058E-3,-6.29879E-3,-1.64090E-3,-1.39919E-3,-6.47372E-4,-1.39479E-3,-5.65060E-4,-1.51108E-3,-5.66340E-4,-9.41788E-4,-9.83396E-4,-2.26311E-4,-6.30640E-4,-3.18117E-3,-1.84764E-3,-2.18112E-3,-2.34519E-3,-1.51665E-3,-1.02134E-3
1.45898E+3,NaN,NaN,NaN,-3.74021E-4,-4.50481E-5,1.88827E-4,5.67884E-4,7.78248E-4,-7.98058E-5,-2.84829E-4,2.48620E-4,1.53311E-4,1.45947E-4,1.85720E-4,2.25493E-4,3.79979E-4,5.64244E-4,7.48510E-4,1.75780E-3,3.14716E-4,8.95921E-4,1.13257E-3,1.20416E-3,1.83184E-3,5.76921E-5,1.33882E-3,-3.90924E-4,1.86234E-3,1.46973E-3,1.68954E-3,5.77178E-4,7.64968E-4,1.09457E-3,1.43203E-3,2.31083E-3,7.62632E-4,7.60098E-4,4.71290E-4,1.94501E-3,1.44576E-3,1.52494E-3,4.09332E-4,1.03232E-3,1.50181E-3,5.47476E-4,6.17754E-3,3.56847E-2,4.56865E-2,-9.66877E-3,-1.47405E-1,-2.04203E-1,-1.43440E-1,5.10221E-3,3.49211E-2,1.08082E-3,-6.10534E-3,-6.95333E-3,-5.27205E-3,-5.34232E-3,-4.54837E-3,-2.58255E-3,-2.56774E-3,-5.06658E-3,-4.69596E-3,-5.01288E-3,-5.99321E-3,-4.68121E-3,-5.10452E-3,-5.00408E-3,-4.25422E-3,-5.19522E-3,-5.32444E-3,-4.93523E-3,-3.45575E-3,-4.04186E-3,-3.35841E-3,-2.66429E-3,-4.11692E-3,-2.84516E-3,-3.32164E-3,-3.02555E-3,-2.20742E-3,-4.30092E-3,-3.35814E-3,-3.57953E-3,-2.54576E-3,-3.54792E-3,-3.43010E-3,-3.88661E-3,-3.48169E-3,-2.18832E-3,-2.68051E-3,-2.77272E-3,-2.57896E-3,-1.91259E-3,-2.30011E-3,-2.72017E-3,-1.91838E-3,-1.61829E-3,-1.58504E-3,-1.81120E-3,-1.84393E-3,-1.79434E-3,-2.49433E-3,-1.53257E-3,-6.08318E-4,-1.55669E-3,-1.82697E-3,-1.93919E-3,-1.73705E-3,-2.56311E-3,-2.08205E-3,-1.25016E-3,-1.70122E-3,-7.07638E-4,-8.01443E-4,-1.76428E-3,-7.02106E-4,-1.38161E-3,-5.45582E-3,-1.28572E-3,-1.33582E-3,-9.53587E-4,-1.17714E-3,-3.33040E-4,-1.44996E-3,-8.14958E-4,-5.89882E-4,-1.03402E-3,-2.50157E-4,-6.75239E-4,-3.10662E-3,-2.24617E-3,-2.61961E-3,-2.61527E-3,-1.48437E-3,-9.73342E-4
1.46248E+3,NaN,NaN,NaN,-4.24325E-4,-8.72935E-5,1.95402E-4,9.13474E-4,8.13274E-4,-2.74544E-4,4.33225E-5,3.15284E-4,1.00044E-4,2.68047E-4,5.19014E-4,7.69982E-4,1.04452E-3,1.31992E-3,1.56647E-3,1.53238E-3,1.13107E-3,6.45537E-4,8.92961E-4,1.15230E-3,1.93388E-3,1.54769E-4,1.29840E-3,-3.76042E-5,1.44405E-3,1.83949E-3,1.78135E-3,5.14898E-4,4.81765E-4,1.07908E-3,1.39025E-3,1.99943E-3,5.07169E-4,7.37755E-4,8.70390E-4,2.19558E-3,1.13111E-3,4.44439E-4,3.46627E-4,9.70507E-4,1.15188E-3,1.11719E-3,7.82906E-3,3.54414E-2,4.33019E-2,-1.38538E-2,-1.45954E-1,-2.00152E-1,-1.34185E-1,6.12187E-3,3.46371E-2,-4.66223E-4,-6.22180E-3,-7.32267E-3,-5.36699E-3,-5.62352E-3,-4.36582E-3,-2.85593E-3,-3.11401E-3,-4.91835E-3,-4.28789E-3,-5.37929E-3,-5.41527E-3,-5.15414E-3,-5.43632E-3,-4.78392E-3,-4.33707E-3,-5.44990E-3,-5.24058E-3,-5.02652E-3,-3.40915E-3,-3.99739E-3,-3.20621E-3,-3.54807E-3,-4.32165E-3,-3.10565E-3,-3.16837E-3,-2.75186E-3,-2.02397E-3,-4.09095E-3,-3.52415E-3,-3.68998E-3,-2.86370E-3,-3.81975E-3,-3.74704E-3,-3.67144E-3,-3.79023E-3,-2.02728E-3,-2.50606E-3,-2.50775E-3,-2.93453E-3,-2.47716E-3,-2.42054E-3,-2.60724E-3,-2.20041E-3,-1.65596E-3,-1.38588E-3,-1.89129E-3,-1.97228E-3,-2.03775E-3,-2.29209E-3,-1.39822E-3,-9.63134E-4,-1.96450E-3,-2.53377E-3,-2.32038E-3,-1.71114E-3,-2.20244E-3,-1.79239E-3,-1.20841E-3,-1.93061E-3,-9.77155E-4,-8.75117E-4,-1.08193E-3,-7.60872E-4,-1.44226E-3,-5.56017E-3,-1.36380E-3,-1.59351E-3,-1.29026E-3,-1.70505E-3,-7.43494E-4,-1.27660E-3,-1.04794E-3,-5.70675E-4,-1.32657E-3,-5.00461E-4,-1.11596E-3,-2.82717E-3,-2.09086E-3,-3.06626E-3,-2.53510E-3,-1.62564E-3,-1.40409E-3
1.46599E+3,NaN,NaN,NaN,-2.03996E-6,-1.69787E-4,-1.25689E-5,5.70501E-4,5.97074E-4,-4.02354E-4,1.08986E-4,1.86780E-4,-6.68183E-5,2.03272E-4,4.77725E-4,7.24623E-4,7.94344E-4,8.64066E-4,9.35093E-4,8.70268E-4,5.88601E-4,6.19095E-4,6.02238E-4,1.07241E-3,1.32218E-3,5.62059E-4,5.33146E-4,-3.55130E-4,1.30368E-3,1.07525E-3,9.53339E-4,2.86706E-4,4.43468E-4,6.59554E-4,1.10868E-3,9.53949E-4,2.63410E-4,1.55002E-4,5.32798E-4,1.63769E-3,1.19033E-3,5.56974E-4,5.68075E-4,8.98489E-4,9.92293E-4,7.07682E-4,9.13697E-3,3.35491E-2,3.84911E-2,-2.39323E-2,-1.43503E-1,-1.91321E-1,-1.21054E-1,2.06181E-3,3.07119E-2,-4.36043E-4,-5.44794E-3,-6.67265E-3,-5.11209E-3,-5.39566E-3,-4.69143E-3,-2.85373E-3,-3.72196E-3,-5.24814E-3,-5.13515E-3,-5.51057E-3,-5.75898E-3,-5.08457E-3,-5.16695E-3,-4.87975E-3,-4.80354E-3,-5.47884E-3,-5.29484E-3,-4.59414E-3,-3.25283E-3,-3.41987E-3,-3.59018E-3,-3.86447E-3,-4.08264E-3,-3.60639E-3,-3.38452E-3,-2.71521E-3,-3.35584E-3,-4.60151E-3,-3.80681E-3,-4.04869E-3,-3.09579E-3,-3.62482E-3,-3.78098E-3,-3.77591E-3,-3.45461E-3,-2.88915E-3,-2.74671E-3,-2.54517E-3,-2.85308E-3,-2.43612E-3,-2.52010E-3,-2.93582E-3,-2.26186E-3,-2.08240E-3,-1.82984E-3,-1.77131E-3,-2.34020E-3,-2.40068E-3,-2.30633E-3,-1.77098E-3,-1.48142E-3,-2.07551E-3,-2.35912E-3,-2.37322E-3,-1.99275E-3,-2.34938E-3,-1.84244E-3,-1.06755E-3,-1.70630E-3,-1.11653E-3,-1.08513E-3,-1.88142E-3,-9.92189E-4,-1.95467E-3,-5.46238E-3,-1.93625E-3,-1.67319E-3,-1.27169E-3,-2.20223E-3,-9.74019E-4,-1.97328E-3,-1.04050E-3,-1.21351E-3,-1.66818E-3,-1.36994E-3,-1.33729E-3,-2.79097E-3,-2.24675E-3,-2.53261E-3,-3.00490E-3,-1.52462E-3,-1.21057E-3
1.46949E+3,NaN,NaN,NaN,1.96233E-5,-2.60106E-4,4.18409E-5,8.60515E-4,3.59019E-4,-4.13037E-4,2.39951E-4,-1.68573E-4,-4.27676E-4,-6.98067E-5,2.88063E-4,5.72071E-4,6.86174E-4,8.00276E-4,8.58610E-4,6.14506E-4,3.94936E-4,7.33338E-4,6.57813E-4,7.24165E-4,8.33847E-4,4.47103E-4,2.08405E-4,1.37287E-4,9.16377E-4,1.09550E-3,1.03107E-3,5.47595E-4,4.16207E-4,5.26712E-4,1.10711E-3,7.80790E-4,4.08836E-4,4.89977E-4,9.28503E-4,1.58049E-3,8.12219E-4,1.54704E-4,5.92722E-5,5.25517E-4,6.18797E-4,4.27407E-4,1.05754E-2,3.29734E-2,3.43472E-2,-3.67845E-2,-1.48434E-1,-1.86335E-1,-1.06594E-1,5.08980E-3,2.59552E-2,-3.76343E-4,-5.78186E-3,-6.51925E-3,-5.27608E-3,-4.73665E-3,-3.60994E-3,-3.24686E-3,-4.16437E-3,-4.62162E-3,-4.76355E-3,-5.48402E-3,-5.20897E-3,-4.99078E-3,-4.64178E-3,-4.22569E-3,-4.33541E-3,-5.00024E-3,-5.29237E-3,-4.28763E-3,-3.65533E-3,-3.83745E-3,-3.59761E-3,-3.84622E-3,-3.78329E-3,-3.34042E-3,-3.21422E-3,-2.67235E-3,-3.35934E-3,-4.40603E-3,-4.08421E-3,-3.46163E-3,-3.19258E-3,-3.85531E-3,-3.57275E-3,-3.44254E-3,-3.17087E-3,-2.76536E-3,-2.91661E-3,-3.10078E-3,-3.06479E-3,-2.86187E-3,-3.15204E-3,-3.08203E-3,-2.57749E-3,-1.97016E-3,-1.80192E-3,-2.14761E-3,-2.25155E-3,-2.60263E-3,-2.65226E-3,-1.63880E-3,-1.60280E-3,-2.17500E-3,-2.34766E-3,-2.26095E-3,-1.85062E-3,-2.30281E-3,-2.12311E-3,-1.77941E-3,-1.87197E-3,-1.09140E-3,-8.97137E-4,-2.07236E-3,-1.54224E-3,-2.19689E-3,-4.83088E-3,-1.49997E-3,-1.99505E-3,-1.05861E-3,-2.03608E-3,-8.10142E-4,-2.08917E-3,-9.99728E-4,-1.23447E-3,-1.61309E-3,-9.11321E-4,-1.17548E-3,-2.85616E-3,-2.23371E-3,-2.37955E-3,-3.14296E-3,-1.83232E-3,-1.50100E-3
1.47300E+3,NaN,NaN,NaN,1.56583E-4,-2.54716E-4,7.17385E-5,5.60893E-4,4.58462E-4,-4.17452E-4,-1.94738E-4,-1.47494E-4,-1.12692E-4,8.62994E-5,2.85291E-4,5.09397E-4,7.61808E-4,1.01422E-3,1.18660E-3,5.26240E-4,1.50492E-4,4.23950E-4,1.07933E-3,1.18180E-3,2.26122E-4,5.76896E-4,8.93409E-5,5.38087E-4,1.05795E-3,1.06804E-3,5.32449E-4,2.55598E-4,3.69206E-4,9.02589E-4,1.18738E-3,5.81490E-4,6.05700E-4,5.56318E-4,1.08759E-3,1.02560E-3,7.74829E-4,5.21339E-4,6.45482E-4,1.12945E-3,7.01568E-4,1.10620E-4,1.15946E-2,3.40375E-2,3.48056E-2,-4.50004E-2,-1.53226E-1,-1.82933E-1,-9.47503E-2,1.08165E-2,2.04035E-2,-6.85082E-4,-5.65540E-3,-5.65308E-3,-5.06728E-3,-4.96442E-3,-3.57875E-3,-2.84471E-3,-3.88493E-3,-4.49165E-3,-4.80319E-3,-5.04067E-3,-4.88993E-3,-4.73761E-3,-4.62108E-3,-4.13677E-3,-4.73350E-3,-5.27387E-3,-5.28593E-3,-3.89085E-3,-3.50098E-3,-3.32930E-3,-3.42641E-3,-3.70174E-3,-3.34512E-3,-3.28391E-3,-2.79286E-3,-2.47006E-3,-4.16244E-3,-4.18685E-3,-3.63868E-3,-3.48814E-3,-3.61772E-3,-3.95768E-3,-4.10289E-3,-3.72247E-3,-2.99120E-3,-3.17271E-3,-2.84356E-3,-2.72924E-3,-2.95527E-3,-2.70142E-3,-3.16818E-3,-3.02185E-3,-2.08328E-3,-1.71535E-3,-1.79880E-3,-2.12788E-3,-2.37139E-3,-2.63528E-3,-2.41040E-3,-1.76198E-3,-1.83299E-3,-2.16907E-3,-2.45869E-3,-2.21039E-3,-1.97704E-3,-2.47202E-3,-1.97412E-3,-1.49030E-3,-1.85912E-3,-1.71501E-3,-1.71615E-3,-2.23818E-3,-1.47177E-3,-1.77446E-3,-4.63517E-3,-1.69348E-3,-2.29701E-3,-1.22073E-3,-1.97129E-3,-9.49223E-4,-1.95760E-3,-1.10843E-3,-1.62553E-3,-1.25881E-3,-8.28562E-4,-1.03588E-3,-2.31439E-3,-2.19326E-3,-2.81237E-3,-2.84990E-3,-2.28310E-3,-1.35201E-3
1.47651E+3,NaN,NaN,NaN,1.54145E-5,9.16780E-5,4.82526E-4,4.08940E-4,7.09115E-5,-5.70128E-4,9.42479E-5,-3.22691E-5,8.83028E-6,2.21853E-4,4.34875E-4,5.29563E-4,5.56529E-4,5.83495E-4,1.09246E-3,6.25315E-4,5.23737E-4,4.42605E-4,4.72227E-4,1.08778E-3,-3.50027E-4,3.86786E-4,-3.52565E-4,3.21235E-4,1.52505E-4,4.52394E-4,8.30811E-5,-1.94848E-4,2.65425E-4,5.85202E-4,1.13455E-3,4.42507E-4,3.91831E-4,9.06441E-5,9.68576E-4,7.33673E-4,2.77701E-4,-7.26854E-4,1.86144E-4,1.07687E-3,6.74102E-4,-9.57933E-4,1.14622E-2,3.56579E-2,3.82823E-2,-4.91405E-2,-1.58972E-1,-1.82755E-1,-8.64768E-2,2.05822E-2,1.48316E-2,-1.62435E-3,-5.99092E-3,-5.80514E-3,-5.75670E-3,-5.46233E-3,-3.25001E-3,-3.00345E-3,-4.97551E-3,-5.10407E-3,-4.86327E-3,-5.32334E-3,-4.95640E-3,-5.32489E-3,-4.89729E-3,-4.68722E-3,-5.40470E-3,-5.44412E-3,-5.44709E-3,-3.81199E-3,-3.62428E-3,-3.25061E-3,-3.66170E-3,-4.24800E-3,-3.98715E-3,-3.55960E-3,-3.56859E-3,-2.72638E-3,-4.51170E-3,-4.42335E-3,-3.96084E-3,-3.47760E-3,-4.14700E-3,-4.47829E-3,-3.84684E-3,-3.63680E-3,-3.05872E-3,-3.63055E-3,-3.42748E-3,-3.32958E-3,-2.92519E-3,-2.76939E-3,-3.83662E-3,-4.08269E-3,-2.98530E-3,-2.55492E-3,-2.22696E-3,-2.51664E-3,-2.73554E-3,-3.06712E-3,-3.20500E-3,-2.22882E-3,-2.25661E-3,-2.83426E-3,-2.78323E-3,-2.68916E-3,-2.50768E-3,-2.73635E-3,-2.14655E-3,-1.68645E-3,-2.01242E-3,-1.77245E-3,-1.93264E-3,-2.62876E-3,-1.99973E-3,-1.79039E-3,-4.81606E-3,-2.62685E-3,-2.57650E-3,-1.30972E-3,-2.45902E-3,-1.61116E-3,-2.23860E-3,-1.44621E-3,-1.96411E-3,-1.64007E-3,-1.78131E-3,-1.67321E-3,-3.31983E-3,-2.39758E-3,-2.98255E-3,-3.01411E-3,-2.46536E-3,-1.93782E-3
1.48002E+3,NaN,NaN,NaN,-3.98307E-4,-2.73238E-4,7.03258E-4,9.21996E-4,-3.50694E-5,-4.73841E-4,3.66715E-5,-1.56342E-4,-2.42232E-4,-3.17332E-4,-3.92431E-4,-1.01466E-4,2.80652E-4,6.62771E-4,4.67783E-4,5.61002E-4,-4.06781E-4,-2.39218E-4,7.97457E-5,6.47941E-4,-9.14252E-4,4.60957E-6,-3.47831E-4,2.84458E-4,5.40195E-4,1.33275E-4,-1.04152E-4,-2.28344E-4,-1.48059E-4,-4.35283E-4,1.08937E-3,-8.04616E-5,-2.15740E-4,-1.17911E-4,6.25856E-4,-1.26062E-4,-6.44127E-5,-5.83207E-4,-8.26455E-5,-1.98124E-4,3.29912E-4,-2.20537E-3,9.77232E-3,3.51733E-2,4.34401E-2,-4.82608E-2,-1.62888E-1,-1.83055E-1,-8.06133E-2,3.26374E-2,1.02439E-2,-3.66771E-3,-6.15040E-3,-6.25330E-3,-5.80316E-3,-5.56839E-3,-3.69650E-3,-4.06253E-3,-5.42117E-3,-5.42637E-3,-5.18392E-3,-6.04182E-3,-5.25221E-3,-6.03064E-3,-5.22708E-3,-4.72140E-3,-5.05810E-3,-5.87239E-3,-5.51045E-3,-4.44694E-3,-4.43751E-3,-3.66132E-3,-4.04992E-3,-4.39676E-3,-4.15605E-3,-3.73396E-3,-3.90904E-3,-3.82555E-3,-4.76136E-3,-4.24482E-3,-4.47794E-3,-4.00694E-3,-4.85828E-3,-4.90248E-3,-4.56372E-3,-4.19919E-3,-3.93456E-3,-4.07373E-3,-4.11548E-3,-3.83532E-3,-3.93917E-3,-3.72257E-3,-4.52063E-3,-4.06530E-3,-3.12247E-3,-3.09016E-3,-3.28433E-3,-3.21102E-3,-3.30265E-3,-3.54470E-3,-3.59091E-3,-2.70481E-3,-2.65763E-3,-2.98639E-3,-2.82022E-3,-2.69037E-3,-3.06744E-3,-3.63265E-3,-2.95413E-3,-2.48015E-3,-2.47794E-3,-1.93620E-3,-2.17316E-3,-3.25872E-3,-2.45339E-3,-2.68624E-3,-4.20381E-3,-2.62375E-3,-3.05158E-3,-2.15059E-3,-2.66505E-3,-1.66396E-3,-2.50622E-3,-1.78412E-3,-1.96612E-3,-2.04293E-3,-1.83680E-3,-1.80960E-3,-3.23531E-3,-2.72067E-3,-3.56761E-3,-3.48016E-3,-3.39188E-3,-2.28498E-3
1.48352E+3,NaN,NaN,NaN,-1.84816E-4,-4.57450E-4,2.14783E-4,8.28366E-4,-5.33128E-5,-3.26468E-4,5.24337E-4,-1.86818E-4,-1.57992E-4,-6.03681E-5,3.72561E-5,4.55748E-4,8.86212E-4,1.19915E-3,5.26926E-4,-9.57386E-5,-4.64397E-5,3.32815E-4,6.12287E-4,1.41120E-3,5.72209E-6,2.04953E-4,-6.03197E-4,2.92282E-5,1.11570E-3,1.02719E-4,-5.13745E-4,-1.61414E-5,1.52691E-4,1.08688E-4,6.61154E-4,5.66561E-5,-3.72149E-4,1.59123E-4,9.23906E-4,4.93274E-4,4.69307E-4,-2.62605E-4,4.71757E-4,8.76818E-4,6.56611E-4,-6.08360E-4,9.22250E-3,3.35968E-2,3.86200E-2,-4.92521E-2,-1.57856E-1,-1.71606E-1,-7.53700E-2,3.26471E-2,1.01608E-2,-3.96301E-3,-5.46877E-3,-5.85626E-3,-5.29844E-3,-5.18535E-3,-3.45133E-3,-3.74716E-3,-4.91009E-3,-4.92325E-3,-5.88445E-3,-5.44484E-3,-4.71720E-3,-5.08296E-3,-5.35425E-3,-4.33308E-3,-5.19899E-3,-5.49802E-3,-5.39790E-3,-4.06164E-3,-4.33731E-3,-3.51793E-3,-4.20128E-3,-4.27367E-3,-3.88565E-3,-3.86296E-3,-3.53292E-3,-3.22524E-3,-4.91880E-3,-3.81228E-3,-3.96671E-3,-3.46090E-3,-4.31261E-3,-4.06103E-3,-4.19974E-3,-3.61408E-3,-3.61702E-3,-3.84643E-3,-3.05106E-3,-3.28534E-3,-3.15977E-3,-3.25454E-3,-4.09631E-3,-3.54483E-3,-3.01343E-3,-2.52059E-3,-2.84655E-3,-2.85122E-3,-2.86368E-3,-2.89788E-3,-2.93187E-3,-2.34996E-3,-2.57658E-3,-3.01126E-3,-2.72683E-3,-2.65381E-3,-2.59717E-3,-2.63631E-3,-2.49782E-3,-2.27236E-3,-2.24842E-3,-1.91464E-3,-2.11433E-3,-2.53387E-3,-1.85558E-3,-2.62707E-3,-3.36470E-3,-2.65568E-3,-2.75880E-3,-1.80244E-3,-2.63237E-3,-1.77009E-3,-2.22540E-3,-1.89229E-3,-1.64945E-3,-2.23175E-3,-1.90285E-3,-1.99754E-3,-2.76654E-3,-2.91431E-3,-2.26562E-3,-3.57217E-3,-2.09615E-3,-1.59379E-3
1.48703E+3,NaN,NaN,NaN,-3.25203E-5,-4.11192E-4,-1.89911E-4,6.12801E-4,6.87162E-4,-7.41925E-4,-2.46169E-4,-1.77621E-4,-2.65474E-4,-3.55206E-4,-4.02371E-4,-1.54780E-4,9.28109E-5,3.88762E-4,3.90191E-4,-3.00699E-4,1.16397E-4,-1.24062E-4,-3.55258E-4,3.58911E-4,-6.15027E-4,-3.56941E-4,-6.62557E-4,-1.10103E-4,2.51927E-4,-1.30718E-4,-6.19291E-4,-5.87504E-4,6.38859E-5,-7.18711E-5,8.19371E-5,-5.68101E-4,2.08915E-4,-1.11546E-5,4.00034E-4,-6.60751E-5,-5.47342E-4,-5.81846E-4,-5.39144E-4,-2.76835E-4,-4.78385E-4,-3.85671E-4,1.10256E-2,3.23503E-2,2.64071E-2,-5.85501E-2,-1.53698E-1,-1.57787E-1,-6.35088E-2,2.72428E-2,9.68883E-3,-4.81149E-3,-4.65422E-3,-5.64038E-3,-5.21927E-3,-4.55532E-3,-3.54013E-3,-4.38266E-3,-4.87775E-3,-5.30436E-3,-5.59441E-3,-5.29993E-3,-4.97715E-3,-5.50119E-3,-4.83417E-3,-4.53261E-3,-5.46984E-3,-5.46204E-3,-5.18086E-3,-3.97628E-3,-3.98127E-3,-3.74351E-3,-4.24744E-3,-4.64174E-3,-4.39325E-3,-4.01738E-3,-4.05305E-3,-4.17301E-3,-4.70036E-3,-3.96090E-3,-3.98424E-3,-4.40532E-3,-4.41823E-3,-4.59633E-3,-3.71070E-3,-3.50369E-3,-3.68828E-3,-4.04016E-3,-3.64701E-3,-4.07248E-3,-3.61352E-3,-4.36465E-3,-4.31402E-3,-3.78297E-3,-3.11277E-3,-2.88054E-3,-3.02749E-3,-2.90215E-3,-2.89702E-3,-3.43503E-3,-3.34734E-3,-3.09839E-3,-3.23010E-3,-3.19578E-3,-2.80198E-3,-2.82383E-3,-2.90580E-3,-2.92584E-3,-2.26771E-3,-2.42358E-3,-2.51420E-3,-1.69915E-3,-1.77005E-3,-3.36956E-3,-2.44160E-3,-2.60745E-3,-4.16048E-3,-2.72902E-3,-3.24157E-3,-1.99063E-3,-3.42638E-3,-2.32627E-3,-3.31216E-3,-2.09502E-3,-2.30853E-3,-2.62159E-3,-2.52717E-3,-2.25952E-3,-2.87312E-3,-2.96733E-3,-3.28359E-3,-2.83673E-3,-2.56615E-3,-2.14928E-3
1.49054E+3,NaN,NaN,-3.35110E-4,3.36622E-5,-2.42365E-4,3.26182E-4,2.17997E-4,-9.89467E-5,1.21784E-4,7.75578E-5,-4.23426E-4,-4.68723E-4,-5.14021E-4,-4.08565E-4,7.11356E-5,5.50836E-4,8.78009E-4,8.10085E-4,3.46305E-4,1.32637E-4,1.28882E-4,1.28333E-4,2.97823E-5,-1.34494E-4,5.52229E-5,-2.76730E-4,1.47819E-4,2.00366E-4,7.02081E-5,-1.02688E-4,-1.92664E-4,-3.64046E-5,4.44937E-5,4.15969E-5,-1.90098E-4,3.43837E-5,2.01456E-4,2.51741E-4,6.84082E-5,-1.91594E-4,-4.91583E-4,-4.44938E-4,-1.73355E-4,-8.03514E-4,6.56356E-5,1.20991E-2,3.50551E-2,2.12111E-2,-6.70886E-2,-1.52389E-1,-1.49158E-1,-5.38391E-2,2.22506E-2,8.99375E-3,-4.02931E-3,-4.74733E-3,-6.19851E-3,-5.62872E-3,-4.83494E-3,-4.15871E-3,-4.55911E-3,-5.08264E-3,-5.54868E-3,-5.20883E-3,-4.82945E-3,-4.69712E-3,-4.70636E-3,-4.90756E-3,-4.81845E-3,-5.19981E-3,-5.55896E-3,-4.61894E-3,-4.24081E-3,-4.50348E-3,-4.36165E-3,-4.46787E-3,-4.11969E-3,-4.08777E-3,-4.01941E-3,-4.04458E-3,-4.24640E-3,-4.12345E-3,-4.20028E-3,-4.06624E-3,-3.81582E-3,-4.34893E-3,-4.24563E-3,-4.02015E-3,-3.70044E-3,-3.64908E-3,-3.80392E-3,-3.80348E-3,-4.32682E-3,-3.98631E-3,-4.09123E-3,-3.98234E-3,-3.48316E-3,-3.09730E-3,-3.01992E-3,-3.11477E-3,-3.11832E-3,-3.42006E-3,-2.93266E-3,-3.35993E-3,-2.61673E-3,-3.05162E-3,-2.86468E-3,-2.71862E-3,-2.91204E-3,-2.39608E-3,-2.57520E-3,-2.61828E-3,-2.04827E-3,-2.55892E-3,-2.33872E-3,-1.99350E-3,-2.94614E-3,-2.88087E-3,-2.54503E-3,-4.03715E-3,-2.48631E-3,-3.73803E-3,-2.44665E-3,-3.11714E-3,-2.51254E-3,-2.36900E-3,-2.07600E-3,-1.87237E-3,-2.56238E-3,-2.38584E-3,-2.15480E-3,-2.67256E-3,-2.55539E-3,-3.42679E-3,-2.94850E-3,-2.62863E-3,-2.41854E-3
1.49405E+3,NaN,NaN,6.16447E-4,2.27391E-4,1.21877E-4,-1.87330E-4,-2.96692E-4,-4.92893E-4,-6.16832E-5,-2.51090E-5,-6.71603E-5,-1.49520E-4,-2.31880E-4,-2.21625E-4,-9.67511E-5,2.81231E-5,3.02729E-4,-2.23943E-4,-1.38603E-4,2.97690E-4,-7.05882E-4,-5.81710E-4,-6.09247E-4,-5.76990E-4,-4.80574E-4,-6.25554E-4,-5.17941E-4,-3.66319E-4,-2.27680E-4,-5.25715E-4,-4.51354E-4,-4.98473E-4,-2.53055E-4,-8.84021E-4,-8.05301E-4,-3.76898E-4,4.03474E-5,-2.24425E-4,-5.16313E-4,-1.03728E-3,-7.60098E-4,-1.94230E-4,-2.73210E-4,-1.15924E-3,2.72606E-4,1.17667E-2,3.56117E-2,1.69981E-2,-7.19069E-2,-1.49832E-1,-1.43273E-1,-4.13136E-2,1.92698E-2,5.89836E-3,-4.36035E-3,-5.12570E-3,-5.98175E-3,-5.31121E-3,-4.68777E-3,-4.64766E-3,-4.73979E-3,-5.06507E-3,-5.68620E-3,-5.31038E-3,-4.94194E-3,-4.90769E-3,-5.04085E-3,-5.09378E-3,-4.73781E-3,-5.13517E-3,-5.97129E-3,-4.97897E-3,-4.60585E-3,-4.27724E-3,-3.85625E-3,-4.50805E-3,-4.63956E-3,-4.44156E-3,-3.85566E-3,-4.09568E-3,-4.70040E-3,-4.55010E-3,-4.22725E-3,-4.01418E-3,-4.33334E-3,-4.74536E-3,-4.57784E-3,-4.21509E-3,-4.07499E-3,-4.51497E-3,-4.31160E-3,-4.20984E-3,-4.08140E-3,-3.99659E-3,-4.62963E-3,-4.38016E-3,-4.07280E-3,-3.63359E-3,-3.37208E-3,-3.44915E-3,-3.36205E-3,-3.33065E-3,-3.81910E-3,-3.52954E-3,-3.10414E-3,-3.28645E-3,-3.20765E-3,-3.06301E-3,-2.75175E-3,-2.98326E-3,-3.41295E-3,-2.80665E-3,-2.26208E-3,-3.18665E-3,-3.00529E-3,-2.91021E-3,-2.94955E-3,-2.84274E-3,-3.18617E-3,-3.81048E-3,-2.70765E-3,-3.93552E-3,-2.71109E-3,-2.70067E-3,-2.85800E-3,-3.43064E-3,-2.69335E-3,-2.77422E-3,-3.62823E-3,-2.34833E-3,-2.17049E-3,-2.62685E-3,-2.52293E-3,-2.97313E-3,-3.15318E-3,-3.04718E-3,-2.67138E-3
1.49756E+3,NaN,NaN,5.07449E-4,2.42292E-4,5.04546E-7,-1.13996E-4,-3.97826E-5,-2.78093E-4,-4.71334E-4,-4.03343E-4,-5.49465E-4,-7.61181E-4,-9.72896E-4,-9.00817E-4,-6.43825E-4,-3.86832E-4,-5.38335E-5,-6.17113E-4,-8.18393E-4,-2.56873E-4,-6.33759E-4,-6.27418E-4,-7.12904E-4,-7.93258E-4,-5.52342E-4,-9.62328E-4,-4.80167E-4,-5.10997E-4,-7.43686E-4,-1.12490E-3,-6.61964E-4,1.22731E-5,-2.13007E-4,-8.47432E-4,-4.45170E-4,-4.46154E-4,-3.18041E-4,-2.63163E-4,-9.10994E-5,-9.42277E-4,-5.33557E-4,-4.32503E-4,-1.09713E-4,-1.33319E-3,-2.05573E-4,1.19277E-2,3.97778E-2,1.65270E-2,-7.90731E-2,-1.50296E-1,-1.41555E-1,-2.90785E-2,1.96729E-2,1.96063E-3,-4.27239E-3,-6.15799E-3,-6.09956E-3,-5.84155E-3,-5.13157E-3,-4.85315E-3,-5.78442E-3,-6.42377E-3,-6.49783E-3,-5.16345E-3,-5.41463E-3,-5.57598E-3,-6.07644E-3,-6.04449E-3,-5.40903E-3,-6.12722E-3,-6.33927E-3,-4.74818E-3,-4.83555E-3,-4.84764E-3,-4.73876E-3,-4.46020E-3,-4.72072E-3,-5.05463E-3,-4.91796E-3,-4.96059E-3,-5.27202E-3,-4.89293E-3,-4.76972E-3,-4.07043E-3,-4.50132E-3,-4.86610E-3,-4.98722E-3,-4.66084E-3,-4.25297E-3,-5.03413E-3,-4.84447E-3,-5.00842E-3,-4.41340E-3,-4.22120E-3,-4.73188E-3,-4.43668E-3,-3.81161E-3,-4.16376E-3,-3.57175E-3,-4.26059E-3,-3.71535E-3,-3.90589E-3,-4.27417E-3,-4.37853E-3,-4.18679E-3,-4.04470E-3,-3.90204E-3,-3.58914E-3,-3.44285E-3,-3.35244E-3,-3.45270E-3,-2.92093E-3,-3.25021E-3,-3.34689E-3,-3.37014E-3,-2.74246E-3,-3.70959E-3,-3.10700E-3,-3.54956E-3,-4.15790E-3,-3.74994E-3,-4.66490E-3,-2.83999E-3,-3.02565E-3,-3.00603E-3,-3.67086E-3,-3.00605E-3,-3.24270E-3,-3.65855E-3,-3.00313E-3,-2.58090E-3,-2.33235E-3,-3.04614E-3,-3.38852E-3,-3.63374E-3,-3.07924E-3,-2.99622E-3
1.50107E+3,NaN,NaN,8.77950E-4,1.06657E-4,3.04172E-4,-3.18765E-4,-6.31099E-4,-4.06342E-4,-1.60921E-4,-1.08155E-4,-7.16844E-4,-6.86468E-4,-6.56092E-4,-4.04025E-4,-8.30516E-5,2.37922E-4,-8.35437E-4,-1.30654E-3,-8.22081E-4,-1.96088E-4,-5.54257E-4,-7.26457E-4,-1.29244E-4,-2.08515E-4,-9.51784E-4,-9.57525E-4,-7.55066E-4,-1.37107E-3,-7.01583E-4,-1.21748E-3,-6.61339E-4,-3.18609E-4,-5.93812E-4,-6.64924E-4,-5.60647E-4,-8.94049E-4,-4.93328E-4,-3.14675E-4,-5.36913E-4,-6.85365E-4,-1.09096E-3,-8.43088E-4,-2.66501E-4,-1.45445E-3,-1.53864E-3,1.10809E-2,4.34618E-2,2.02811E-2,-8.26639E-2,-1.50669E-1,-1.44605E-1,-1.85515E-2,2.34597E-2,-1.09986E-3,-4.25116E-3,-6.10840E-3,-6.79857E-3,-6.07040E-3,-4.79394E-3,-5.95050E-3,-5.51238E-3,-6.46381E-3,-6.42680E-3,-5.21835E-3,-5.69559E-3,-5.90269E-3,-5.86983E-3,-6.04783E-3,-5.87680E-3,-5.61682E-3,-5.75883E-3,-4.60992E-3,-5.26176E-3,-4.99934E-3,-5.30057E-3,-5.09085E-3,-5.33900E-3,-4.33465E-3,-4.72365E-3,-5.40499E-3,-5.36318E-3,-4.78031E-3,-4.73239E-3,-5.17699E-3,-4.79774E-3,-4.77459E-3,-5.47473E-3,-4.32173E-3,-4.68811E-3,-5.49224E-3,-4.64044E-3,-5.00281E-3,-4.59059E-3,-4.50973E-3,-4.71808E-3,-4.29856E-3,-4.10151E-3,-4.14628E-3,-4.00038E-3,-4.46261E-3,-4.04284E-3,-4.33539E-3,-3.91507E-3,-4.25323E-3,-3.71946E-3,-4.11339E-3,-3.28093E-3,-2.69581E-3,-3.88906E-3,-3.25850E-3,-3.48465E-3,-3.05047E-3,-2.84044E-3,-3.87284E-3,-3.25330E-3,-2.75772E-3,-3.27800E-3,-3.11317E-3,-3.16977E-3,-3.96658E-3,-3.43626E-3,-4.38884E-3,-3.05519E-3,-3.72652E-3,-3.89483E-3,-3.44201E-3,-2.83111E-3,-3.12744E-3,-3.39987E-3,-3.27057E-3,-2.70231E-3,-2.69778E-3,-3.05846E-3,-3.61437E-3,-3.32496E-3,-2.70622E-3,-3.51100E-3
1.50459E+3,NaN,NaN,1.96474E-4,-2.42231E-4,1.62290E-4,4.22569E-5,-1.03964E-4,-2.81708E-4,-1.72074E-4,-9.79201E-4,-7.01644E-4,-5.75250E-4,-4.48855E-4,-3.30585E-4,-2.13030E-4,-1.31847E-4,-5.59177E-4,-3.86835E-4,-7.13146E-4,-3.37097E-4,-5.34967E-4,-6.81304E-4,-9.84921E-4,-6.22768E-4,-7.61248E-4,-1.90928E-3,-8.16043E-4,-1.15005E-3,-5.57647E-4,-6.84426E-4,-8.45730E-4,-8.54546E-4,-7.87521E-4,-1.49955E-3,-7.93687E-4,-5.95786E-4,-8.74181E-4,-1.26384E-4,-7.67295E-4,-1.33509E-3,-1.18067E-3,-9.02669E-4,-8.37307E-4,-1.03266E-3,-8.82917E-4,1.12833E-2,4.15489E-2,1.70375E-2,-8.22216E-2,-1.44149E-1,-1.38446E-1,-1.26417E-2,2.65489E-2,-3.35297E-3,-4.21201E-3,-5.83023E-3,-6.26696E-3,-6.15195E-3,-4.98027E-3,-5.76257E-3,-5.45170E-3,-6.26227E-3,-6.43582E-3,-5.20560E-3,-5.40991E-3,-5.59156E-3,-6.29681E-3,-6.12209E-3,-6.04175E-3,-6.56112E-3,-6.09595E-3,-4.96782E-3,-5.12708E-3,-5.31339E-3,-5.59217E-3,-5.45351E-3,-5.48537E-3,-4.55789E-3,-5.33587E-3,-5.01800E-3,-5.28557E-3,-4.32466E-3,-5.27554E-3,-4.93525E-3,-4.92616E-3,-4.62612E-3,-4.61777E-3,-4.34690E-3,-5.02935E-3,-5.86144E-3,-4.79103E-3,-5.24011E-3,-4.47080E-3,-4.68847E-3,-4.97054E-3,-4.59908E-3,-4.04500E-3,-4.81342E-3,-4.13126E-3,-4.58046E-3,-4.27613E-3,-4.25444E-3,-4.15000E-3,-4.38181E-3,-4.34514E-3,-3.94963E-3,-3.30928E-3,-2.75037E-3,-3.36737E-3,-2.99583E-3,-3.11599E-3,-3.36097E-3,-2.99392E-3,-3.40172E-3,-2.73137E-3,-2.79271E-3,-3.62316E-3,-3.47834E-3,-3.46656E-3,-3.49537E-3,-3.68502E-3,-4.73257E-3,-3.37913E-3,-3.64593E-3,-3.56339E-3,-3.64799E-3,-3.79700E-3,-3.23208E-3,-4.00628E-3,-3.47617E-3,-2.57062E-3,-2.79181E-3,-2.95434E-3,-2.82295E-3,-2.40946E-3,-3.13769E-3,-3.26426E-3
1.50810E+3,NaN,NaN,1.28923E-3,8.88180E-5,4.19865E-5,-5.74386E-4,-1.09169E-3,-6.47004E-4,-1.01027E-4,-9.13007E-4,-5.66826E-4,-7.16101E-4,-8.55404E-4,-8.70290E-4,-8.85177E-4,-9.24046E-4,-9.36214E-4,-7.03481E-4,-9.47158E-4,-9.05529E-4,-1.29052E-3,-1.44365E-3,-1.15296E-3,-1.28099E-3,-1.09649E-3,-2.02436E-3,-1.26389E-3,-1.77075E-3,-1.24455E-3,-1.35805E-3,-1.71695E-3,-1.55077E-3,-1.71954E-3,-1.98629E-3,-1.56342E-3,-1.89338E-3,-1.20987E-3,-1.52533E-3,-1.33646E-3,-1.42774E-3,-1.70644E-3,-4.77592E-4,-1.55839E-3,-1.39977E-3,-1.32610E-3,1.37501E-2,3.62275E-2,5.85489E-3,-8.51956E-2,-1.42034E-1,-1.25791E-1,-1.36259E-2,2.29919E-2,-2.51504E-3,-5.55473E-3,-6.78092E-3,-7.14381E-3,-6.71232E-3,-5.73676E-3,-6.59497E-3,-6.48117E-3,-7.46697E-3,-7.07098E-3,-6.02243E-3,-6.70425E-3,-5.81361E-3,-6.90876E-3,-6.53727E-3,-5.48325E-3,-6.42246E-3,-6.82501E-3,-5.83948E-3,-6.31473E-3,-6.60623E-3,-6.29649E-3,-5.82503E-3,-6.21634E-3,-5.54222E-3,-6.02213E-3,-6.13827E-3,-5.65156E-3,-4.69688E-3,-4.59130E-3,-5.49321E-3,-5.69345E-3,-5.36068E-3,-5.06533E-3,-5.05694E-3,-5.42605E-3,-6.18854E-3,-5.62716E-3,-5.59543E-3,-5.61484E-3,-5.57474E-3,-5.91143E-3,-5.96951E-3,-5.00139E-3,-5.32496E-3,-4.75106E-3,-5.25122E-3,-4.86767E-3,-5.58751E-3,-5.30747E-3,-4.83166E-3,-4.32599E-3,-4.89153E-3,-4.44954E-3,-3.61542E-3,-4.48566E-3,-3.37716E-3,-3.60128E-3,-4.63533E-3,-3.57441E-3,-3.63671E-3,-3.85351E-3,-3.40548E-3,-3.35967E-3,-4.62251E-3,-3.75028E-3,-3.32009E-3,-3.58119E-3,-4.45385E-3,-4.36804E-3,-4.86364E-3,-4.46732E-3,-4.01391E-3,-4.04803E-3,-3.91548E-3,-4.59578E-3,-4.39484E-3,-3.78049E-3,-3.33535E-3,-3.67391E-3,-4.22781E-3,-4.14622E-3,-3.75025E-3,-3.72142E-3
1.51161E+3,NaN,NaN,5.32121E-4,-3.12593E-4,-3.10227E-4,-3.59051E-4,-2.60742E-4,-6.18457E-5,-2.73873E-5,-6.00252E-4,-2.23864E-4,-4.98459E-4,-6.80732E-4,-5.50665E-4,-4.20598E-4,-6.98873E-4,-1.06995E-3,-8.22848E-4,-8.49403E-4,-5.10238E-4,-8.76195E-4,-1.20004E-3,-1.17882E-3,-9.38093E-4,-1.05242E-3,-2.14278E-3,-1.85684E-3,-1.79689E-3,-7.00183E-4,-1.25449E-3,-1.26363E-3,-1.52093E-3,-2.12011E-3,-1.42492E-3,-1.53010E-3,-1.71982E-3,-1.54827E-3,-1.69047E-3,-1.92078E-3,-1.86476E-3,-1.63080E-3,-1.12915E-3,-1.26683E-3,-1.60342E-3,-3.27230E-4,1.60894E-2,3.47755E-2,8.92106E-4,-8.18668E-2,-1.36980E-1,-1.13017E-1,-1.41380E-2,1.97700E-2,-2.12876E-3,-7.07976E-3,-7.27208E-3,-8.16188E-3,-6.84266E-3,-6.52820E-3,-6.97933E-3,-6.69266E-3,-7.41426E-3,-6.37840E-3,-5.23916E-3,-5.93987E-3,-6.17453E-3,-6.90539E-3,-6.29713E-3,-6.19697E-3,-7.11654E-3,-6.99673E-3,-6.31511E-3,-6.58658E-3,-6.62149E-3,-6.15882E-3,-6.29837E-3,-6.56532E-3,-5.75539E-3,-6.45158E-3,-6.34763E-3,-5.82129E-3,-5.33063E-3,-5.21491E-3,-5.96680E-3,-5.47965E-3,-5.28881E-3,-5.28230E-3,-5.31439E-3,-5.88823E-3,-5.93171E-3,-5.48045E-3,-5.72247E-3,-4.99575E-3,-5.06600E-3,-5.64570E-3,-5.55066E-3,-5.27476E-3,-4.92770E-3,-5.07143E-3,-5.29811E-3,-5.21059E-3,-5.69486E-3,-5.79339E-3,-4.60931E-3,-4.51250E-3,-5.28607E-3,-3.95529E-3,-3.37891E-3,-4.34358E-3,-3.43366E-3,-2.76886E-3,-3.26013E-3,-3.56560E-3,-4.26624E-3,-3.74177E-3,-3.31709E-3,-3.65794E-3,-3.93994E-3,-4.01818E-3,-3.78150E-3,-4.38927E-3,-4.61321E-3,-4.32880E-3,-4.66178E-3,-4.98458E-3,-4.54867E-3,-4.24390E-3,-4.04901E-3,-4.90514E-3,-4.44828E-3,-3.85846E-3,-2.44811E-3,-3.72317E-3,-3.78340E-3,-3.48112E-3,-4.14666E-3,-4.73499E-3
1.51512E+3,NaN,NaN,1.25065E-3,-3.80722E-5,-5.16565E-4,-4.12185E-4,-7.29697E-4,-5.72891E-4,-4.44843E-4,-1.08412E-3,-6.57775E-4,-6.88963E-4,-7.73156E-4,-9.43479E-4,-1.11380E-3,-1.46691E-3,-1.67697E-3,-1.23020E-3,-6.51374E-4,-1.05041E-3,-1.87301E-3,-1.48640E-3,-1.22817E-3,-1.14808E-3,-1.80497E-3,-2.40430E-3,-2.51425E-3,-2.19817E-3,-1.69953E-3,-1.66784E-3,-1.81599E-3,-2.30501E-3,-1.84554E-3,-1.21171E-3,-1.35824E-3,-2.17616E-3,-2.16236E-3,-1.52989E-3,-1.94103E-3,-2.04287E-3,-1.23272E-3,-1.56348E-3,-1.23287E-3,-2.39893E-3,-1.82157E-5,1.86918E-2,3.45472E-2,-5.89035E-3,-8.30583E-2,-1.39887E-1,-1.03321E-1,-9.23305E-3,1.61150E-2,-3.07175E-3,-7.64196E-3,-7.13350E-3,-7.89561E-3,-7.10869E-3,-7.01708E-3,-6.77003E-3,-6.97039E-3,-7.95509E-3,-6.90208E-3,-6.05572E-3,-6.13066E-3,-6.79237E-3,-7.67698E-3,-6.86013E-3,-6.69390E-3,-7.28319E-3,-7.00273E-3,-6.82608E-3,-6.87681E-3,-7.04303E-3,-6.56476E-3,-6.38655E-3,-6.24143E-3,-6.12614E-3,-6.84636E-3,-6.71255E-3,-5.77730E-3,-5.15240E-3,-5.64529E-3,-5.77529E-3,-5.36187E-3,-5.83568E-3,-5.81420E-3,-6.07442E-3,-6.89302E-3,-6.14816E-3,-5.69885E-3,-6.36783E-3,-6.53071E-3,-5.98785E-3,-5.85903E-3,-5.43501E-3,-4.98908E-3,-5.54234E-3,-5.05582E-3,-5.61942E-3,-5.48649E-3,-5.43546E-3,-5.22707E-3,-4.59635E-3,-5.11027E-3,-4.31915E-3,-4.48557E-3,-2.64227E-3,-4.97002E-3,-4.23508E-3,-3.66876E-3,-4.77011E-3,-4.03119E-3,-4.45491E-3,-4.42449E-3,-3.58108E-3,-3.30757E-3,-4.77051E-3,-4.48729E-3,-4.03816E-3,-4.60701E-3,-5.15747E-3,-4.09859E-3,-5.09593E-3,-5.28671E-3,-4.19449E-3,-4.95342E-3,-4.86969E-3,-4.20508E-3,-4.05997E-3,-4.14620E-3,-2.72196E-3,-3.60384E-3,-3.67302E-3,-3.55924E-3,-4.18279E-3,-4.43594E-3
1.51864E+3,NaN,NaN,3.26414E-4,-1.88563E-4,3.93997E-4,-1.58392E-4,-8.99608E-4,-3.27071E-4,-5.01000E-4,-9.14619E-4,-6.92572E-4,-9.56386E-4,-1.04623E-3,-9.83435E-4,-9.20640E-4,-1.36860E-3,-1.70344E-3,-1.14574E-3,-2.53246E-4,-1.10671E-3,-1.86448E-3,-2.10984E-3,-2.34883E-3,-1.18481E-3,-2.73277E-3,-2.69331E-3,-3.12169E-3,-2.43953E-3,-1.74692E-3,-1.61646E-3,-1.86101E-3,-2.48304E-3,-1.79956E-3,-1.87739E-3,-1.73976E-3,-2.09144E-3,-2.06513E-3,-1.94815E-3,-1.72234E-3,-1.69480E-3,-1.51183E-3,-1.97900E-3,-1.09652E-3,-3.32174E-3,1.05957E-4,1.96494E-2,3.69319E-2,-8.73694E-3,-8.32645E-2,-1.42306E-1,-9.57828E-2,-1.96946E-3,1.40066E-2,-4.82488E-3,-7.57174E-3,-7.99108E-3,-8.24552E-3,-7.47848E-3,-8.07386E-3,-7.17166E-3,-8.23077E-3,-8.66643E-3,-6.78104E-3,-6.78896E-3,-6.24517E-3,-7.15961E-3,-7.83483E-3,-6.73959E-3,-6.87902E-3,-7.87294E-3,-7.40290E-3,-7.16924E-3,-7.52056E-3,-7.33213E-3,-6.85328E-3,-6.91471E-3,-6.41646E-3,-7.01230E-3,-6.98617E-3,-6.52166E-3,-5.80961E-3,-5.67209E-3,-6.80842E-3,-7.05459E-3,-6.37729E-3,-5.65789E-3,-5.48739E-3,-6.30900E-3,-7.01828E-3,-6.20068E-3,-5.89318E-3,-6.27426E-3,-6.33317E-3,-5.92691E-3,-6.28779E-3,-6.18377E-3,-5.70129E-3,-5.85541E-3,-6.09072E-3,-5.34244E-3,-5.79466E-3,-5.38532E-3,-5.43533E-3,-5.89327E-3,-5.14960E-3,-4.87041E-3,-5.27051E-3,-3.88254E-3,-5.40133E-3,-3.79918E-3,-3.98676E-3,-4.76283E-3,-4.03903E-3,-4.49249E-3,-4.57465E-3,-4.09331E-3,-3.93102E-3,-4.40815E-3,-4.53440E-3,-4.31837E-3,-5.09803E-3,-5.13928E-3,-5.15163E-3,-5.84279E-3,-6.17602E-3,-4.68170E-3,-5.65875E-3,-4.88825E-3,-5.02387E-3,-4.74245E-3,-4.00613E-3,-2.95516E-3,-3.99914E-3,-3.99443E-3,-3.54703E-3,-4.73904E-3,-4.48009E-3
1.52215E+3,NaN,NaN,7.52025E-4,2.16258E-4,2.41549E-4,-8.40260E-4,-1.49111E-3,-2.90030E-4,-2.22532E-4,-5.94671E-4,-9.63930E-4,-1.46075E-3,-1.64652E-3,-1.68807E-3,-1.72963E-3,-8.53651E-4,-9.81446E-4,-2.32048E-3,-1.07418E-3,-1.46293E-3,-1.80431E-3,-8.37812E-4,-1.40064E-3,-1.23792E-3,-2.73114E-3,-1.78161E-3,-3.00837E-3,-1.38711E-3,-1.54973E-3,-2.03179E-3,-1.94301E-3,-2.86508E-3,-1.49503E-3,-1.95185E-3,-1.90573E-3,-2.91354E-3,-2.93974E-3,-1.92526E-3,-1.84707E-3,-2.50801E-3,-1.81070E-3,-2.39117E-3,-7.57010E-4,-3.86455E-3,3.16212E-4,2.08140E-2,4.19267E-2,-1.11811E-2,-8.47946E-2,-1.48349E-1,-9.18226E-2,6.74741E-3,1.41802E-2,-7.74569E-3,-7.54059E-3,-8.37305E-3,-9.17987E-3,-7.90092E-3,-9.17577E-3,-7.26436E-3,-8.70285E-3,-8.87630E-3,-6.73498E-3,-7.22042E-3,-6.82779E-3,-8.06683E-3,-8.55240E-3,-6.60045E-3,-7.33272E-3,-8.54647E-3,-7.85680E-3,-7.43791E-3,-7.57610E-3,-8.03720E-3,-7.38273E-3,-7.32018E-3,-6.81210E-3,-6.89858E-3,-7.83442E-3,-7.12561E-3,-6.55482E-3,-6.82674E-3,-7.05960E-3,-6.61347E-3,-5.55116E-3,-5.62490E-3,-5.43612E-3,-6.60895E-3,-7.72374E-3,-6.70123E-3,-6.56756E-3,-7.04252E-3,-7.07889E-3,-6.31373E-3,-6.99643E-3,-6.25512E-3,-6.49298E-3,-5.19038E-3,-5.45482E-3,-5.92402E-3,-6.09291E-3,-5.97396E-3,-5.89504E-3,-5.47838E-3,-5.95281E-3,-5.25390E-3,-4.77415E-3,-3.30798E-3,-5.45616E-3,-4.47573E-3,-3.63012E-3,-5.26928E-3,-4.22029E-3,-4.38032E-3,-4.27062E-3,-3.99401E-3,-3.73513E-3,-4.95976E-3,-4.05776E-3,-4.09925E-3,-5.00445E-3,-5.89749E-3,-5.28227E-3,-5.67574E-3,-6.65601E-3,-5.01374E-3,-5.50937E-3,-5.20613E-3,-5.18172E-3,-5.03873E-3,-4.32771E-3,-2.81701E-3,-4.14976E-3,-3.92800E-3,-3.86417E-3,-4.49036E-3,-5.35042E-3
1.52567E+3,NaN,NaN,8.25996E-4,-9.01591E-4,2.84748E-4,2.05436E-4,-1.64244E-3,-7.16790E-4,-4.78256E-4,-5.57307E-4,-7.03652E-4,-1.02526E-3,-1.10658E-3,-1.13964E-3,-1.17270E-3,-2.00883E-3,-1.46685E-3,-1.93798E-3,-8.64861E-4,-1.71046E-3,-2.01350E-3,-2.10172E-3,-3.30091E-3,-7.08959E-4,-4.11522E-3,-2.16172E-3,-4.16406E-3,-1.66310E-3,-2.62481E-3,-2.84811E-3,-2.45202E-3,-3.77256E-3,-2.41694E-3,-2.69962E-3,-2.16033E-3,-3.52415E-3,-3.27800E-3,-2.65678E-3,-2.12925E-3,-2.50145E-3,-1.90382E-3,-3.09314E-3,-3.61937E-4,-4.22289E-3,-9.79482E-4,2.04111E-2,4.25436E-2,-1.73461E-2,-9.11991E-2,-1.56685E-1,-8.88306E-2,1.90171E-2,1.52733E-2,-1.32417E-2,-8.07672E-3,-9.78210E-3,-9.18793E-3,-8.49687E-3,-1.02448E-2,-7.62618E-3,-9.95553E-3,-9.56256E-3,-6.55879E-3,-7.63431E-3,-7.63961E-3,-9.13979E-3,-1.00926E-2,-7.22506E-3,-8.95281E-3,-9.05982E-3,-8.26312E-3,-7.38751E-3,-8.75741E-3,-9.12870E-3,-7.21953E-3,-8.50538E-3,-6.94304E-3,-7.96123E-3,-8.06435E-3,-8.03925E-3,-6.28382E-3,-7.13324E-3,-8.11949E-3,-6.43456E-3,-6.07946E-3,-6.71279E-3,-5.94621E-3,-7.67010E-3,-8.11246E-3,-6.56974E-3,-6.90102E-3,-7.65610E-3,-6.70417E-3,-5.60828E-3,-7.32694E-3,-5.39582E-3,-6.62050E-3,-6.68951E-3,-6.10673E-3,-5.63500E-3,-6.34617E-3,-7.56484E-3,-6.73765E-3,-5.32391E-3,-6.31782E-3,-5.88238E-3,-5.01267E-3,-3.76715E-3,-6.55905E-3,-4.23961E-3,-4.12870E-3,-6.57869E-3,-4.87100E-3,-5.51363E-3,-5.75357E-3,-4.88388E-3,-4.70718E-3,-5.56555E-3,-4.98340E-3,-5.40027E-3,-5.93926E-3,-5.59736E-3,-5.55931E-3,-6.19341E-3,-6.16885E-3,-5.50751E-3,-5.77522E-3,-6.25365E-3,-6.21761E-3,-5.73916E-3,-4.68045E-3,-3.07592E-3,-4.48833E-3,-4.45791E-3,-3.63063E-3,-5.29938E-3,-5.00303E-3
1.52918E+3,NaN,NaN,2.08225E-4,-5.90706E-6,7.59114E-4,-2.26707E-4,-2.02093E-3,-4.45493E-4,-8.72159E-4,-5.74424E-4,-4.35012E-4,-7.26151E-4,-1.20370E-3,-1.68482E-3,-2.06122E-3,-1.66674E-3,-1.22126E-3,-1.71984E-3,-7.81262E-4,-1.94844E-3,-1.85079E-3,-1.65018E-3,-2.95563E-3,-7.19895E-4,-3.06443E-3,-2.57347E-3,-3.91329E-3,-2.25021E-3,-1.67364E-3,-2.26508E-3,-2.84978E-3,-4.11274E-3,-2.24482E-3,-1.87920E-3,-1.68949E-3,-3.73147E-3,-2.44889E-3,-1.71527E-3,-1.30576E-3,-2.67096E-3,-2.33362E-3,-2.59580E-3,1.48867E-4,-2.83092E-3,4.87826E-4,2.11169E-2,3.82825E-2,-1.50030E-2,-8.77992E-2,-1.44882E-1,-8.50175E-2,1.67586E-2,1.45924E-2,-1.34448E-2,-8.81139E-3,-8.69053E-3,-9.62337E-3,-9.15997E-3,-1.03013E-2,-8.26124E-3,-1.00841E-2,-9.30713E-3,-5.77008E-3,-8.19909E-3,-7.47289E-3,-8.78116E-3,-9.31345E-3,-6.97565E-3,-8.98810E-3,-9.68221E-3,-8.98783E-3,-7.56440E-3,-8.61162E-3,-8.51923E-3,-7.60482E-3,-7.96584E-3,-7.24584E-3,-8.02939E-3,-7.98343E-3,-7.00199E-3,-6.66779E-3,-6.72450E-3,-8.03405E-3,-6.60879E-3,-6.18898E-3,-5.80416E-3,-6.32933E-3,-7.31901E-3,-7.54391E-3,-6.52955E-3,-6.17823E-3,-7.55120E-3,-7.55615E-3,-6.34848E-3,-6.92529E-3,-6.34454E-3,-7.26386E-3,-6.42321E-3,-6.44594E-3,-6.63724E-3,-6.44074E-3,-6.07950E-3,-5.73376E-3,-5.96145E-3,-7.18862E-3,-6.43376E-3,-5.34450E-3,-2.93847E-3,-5.64800E-3,-4.27125E-3,-4.21502E-3,-6.55249E-3,-4.92441E-3,-4.87409E-3,-5.17926E-3,-3.97407E-3,-4.18053E-3,-5.37355E-3,-5.14576E-3,-4.77789E-3,-6.04594E-3,-5.85606E-3,-5.37831E-3,-6.83657E-3,-6.79295E-3,-4.98432E-3,-6.48117E-3,-5.47616E-3,-5.60311E-3,-6.68865E-3,-6.05682E-3,-3.12288E-3,-4.55910E-3,-4.52013E-3,-2.97456E-3,-4.82846E-3,-4.85987E-3
1.53270E+3,NaN,NaN,2.34119E-4,-3.17440E-4,2.89808E-4,-6.23263E-4,-1.82473E-3,-5.92110E-5,-1.15718E-3,-1.17753E-3,-4.93994E-4,-4.35722E-4,-1.02173E-3,-1.60774E-3,-1.83502E-3,-1.48883E-3,-2.22132E-3,-2.35610E-3,-1.39825E-3,-2.37872E-3,-2.80119E-3,-2.57052E-3,-2.63182E-3,-1.84609E-3,-3.81861E-3,-3.62659E-3,-4.27195E-3,-1.95059E-3,-2.58025E-3,-3.03503E-3,-3.21541E-3,-3.55941E-3,-1.93904E-3,-2.51926E-3,-2.71548E-3,-4.17045E-3,-3.71284E-3,-2.08934E-3,-1.41482E-3,-2.95930E-3,-2.79609E-3,-2.21361E-3,-1.59431E-3,-3.51469E-3,1.12774E-3,2.20253E-2,3.37553E-2,-1.51406E-2,-9.04958E-2,-1.40531E-1,-8.00326E-2,1.09758E-2,1.09831E-2,-1.37811E-2,-1.01139E-2,-1.00326E-2,-1.06318E-2,-9.56796E-3,-1.03221E-2,-9.25524E-3,-1.07164E-2,-1.04634E-2,-7.26414E-3,-8.72143E-3,-8.43491E-3,-1.01465E-2,-9.69034E-3,-7.63159E-3,-8.73362E-3,-8.98512E-3,-8.58226E-3,-9.09985E-3,-9.46612E-3,-9.32129E-3,-8.75719E-3,-9.51459E-3,-8.41819E-3,-8.68470E-3,-8.74911E-3,-7.71301E-3,-7.38032E-3,-7.17941E-3,-8.39619E-3,-7.16308E-3,-6.73970E-3,-6.55041E-3,-6.75011E-3,-7.98760E-3,-8.21719E-3,-7.33040E-3,-7.82421E-3,-8.23933E-3,-7.63225E-3,-7.76273E-3,-7.70472E-3,-7.10686E-3,-8.12418E-3,-7.84333E-3,-6.64782E-3,-7.43829E-3,-7.31406E-3,-6.97357E-3,-6.60796E-3,-6.27227E-3,-7.03609E-3,-5.99799E-3,-5.02963E-3,-4.15065E-3,-5.85199E-3,-4.85401E-3,-4.08665E-3,-6.20381E-3,-5.04701E-3,-5.84014E-3,-4.48585E-3,-4.25196E-3,-5.03352E-3,-5.74635E-3,-5.48170E-3,-5.51781E-3,-6.70389E-3,-6.29193E-3,-6.71930E-3,-6.34067E-3,-6.96324E-3,-6.22831E-3,-6.83894E-3,-5.43074E-3,-5.86975E-3,-6.71584E-3,-5.28979E-3,-3.18505E-3,-5.62145E-3,-4.52051E-3,-2.99411E-3,-5.07820E-3,-5.59836E-3
1.53622E+3,NaN,NaN,4.06668E-4,2.45185E-4,4.79261E-5,-1.73236E-3,-1.90989E-3,2.27507E-4,-1.33167E-3,-1.02347E-3,-3.07525E-4,-3.77539E-4,-1.06753E-3,-1.75753E-3,-2.16267E-3,-1.95360E-3,-1.71514E-3,-1.52166E-3,-1.89787E-3,-2.88577E-3,-2.15865E-3,-1.78670E-3,-2.14549E-3,-2.24175E-3,-3.15096E-3,-3.76367E-3,-3.47307E-3,-2.24976E-3,-2.66734E-3,-2.84773E-3,-3.20205E-3,-3.02239E-3,-1.78975E-3,-1.93484E-3,-2.25375E-3,-3.77657E-3,-2.66092E-3,-1.25063E-3,-1.60960E-3,-2.54813E-3,-2.53946E-3,-2.25889E-3,-2.12986E-3,-3.44484E-3,3.14250E-3,2.47403E-2,2.78565E-2,-2.14231E-2,-9.75712E-2,-1.36581E-1,-7.05683E-2,1.17397E-2,8.83684E-3,-1.30001E-2,-1.12353E-2,-1.13402E-2,-1.10764E-2,-1.11646E-2,-1.13729E-2,-1.01675E-2,-1.10970E-2,-9.13710E-3,-7.78952E-3,-8.94081E-3,-8.93958E-3,-1.11917E-2,-9.78881E-3,-8.06966E-3,-9.65258E-3,-1.00352E-2,-9.72482E-3,-9.64617E-3,-9.90228E-3,-9.03775E-3,-8.55782E-3,-8.54565E-3,-8.58578E-3,-9.44534E-3,-8.80478E-3,-7.74858E-3,-7.42453E-3,-8.30537E-3,-8.40248E-3,-7.26104E-3,-6.40350E-3,-5.67993E-3,-7.40926E-3,-8.87605E-3,-8.65178E-3,-8.06630E-3,-8.22283E-3,-8.70100E-3,-7.65705E-3,-7.26015E-3,-7.19505E-3,-7.04386E-3,-7.69421E-3,-7.26472E-3,-7.27887E-3,-7.16994E-3,-7.01803E-3,-7.85122E-3,-6.38094E-3,-5.71065E-3,-6.89228E-3,-6.29613E-3,-5.42447E-3,-3.47883E-3,-6.90213E-3,-4.80318E-3,-4.22353E-3,-6.46274E-3,-5.52628E-3,-5.36971E-3,-5.83735E-3,-5.15849E-3,-5.53937E-3,-6.99905E-3,-5.48192E-3,-5.55600E-3,-7.24485E-3,-5.91165E-3,-6.65043E-3,-6.82199E-3,-7.67623E-3,-6.19139E-3,-6.49423E-3,-5.72223E-3,-5.28586E-3,-6.87057E-3,-5.52515E-3,-2.90773E-3,-4.80539E-3,-4.25823E-3,-2.99021E-3,-5.25155E-3,-5.61809E-3
1.53974E+3,NaN,NaN,4.01438E-4,1.80380E-4,-1.66342E-4,-1.17564E-3,-1.92767E-3,4.82346E-4,-2.08814E-3,-6.77138E-4,-6.57488E-4,-1.11149E-3,-1.85981E-3,-2.60813E-3,-2.72750E-3,-2.01664E-3,-2.26234E-3,-2.08715E-3,-2.24859E-3,-3.06111E-3,-1.98169E-3,-2.88339E-3,-1.70645E-3,-2.38305E-3,-4.02079E-3,-4.46933E-3,-4.05935E-3,-2.73933E-3,-2.60977E-3,-2.69241E-3,-4.29246E-3,-3.37664E-3,-2.71693E-3,-2.53229E-3,-4.34611E-3,-4.56393E-3,-2.81970E-3,-2.28893E-3,-3.05062E-3,-3.21066E-3,-3.68889E-3,-3.44267E-3,-2.91955E-3,-3.66964E-3,3.85047E-3,2.57466E-2,2.31319E-2,-2.62677E-2,-1.01290E-1,-1.33862E-1,-6.09342E-2,1.32483E-2,5.05613E-3,-1.32215E-2,-1.22816E-2,-1.18037E-2,-1.09713E-2,-1.15316E-2,-1.08867E-2,-1.10142E-2,-1.21995E-2,-9.47036E-3,-9.01186E-3,-9.73890E-3,-9.72812E-3,-1.12754E-2,-9.92375E-3,-8.80501E-3,-1.06038E-2,-1.10057E-2,-1.06559E-2,-1.07165E-2,-1.02075E-2,-9.19287E-3,-9.20363E-3,-9.05754E-3,-9.53900E-3,-9.94460E-3,-8.71423E-3,-7.90528E-3,-7.43476E-3,-8.49292E-3,-8.40414E-3,-7.32830E-3,-7.21786E-3,-7.08736E-3,-8.12532E-3,-9.26345E-3,-8.60160E-3,-7.50906E-3,-8.40974E-3,-8.66346E-3,-7.34941E-3,-7.91084E-3,-8.02086E-3,-8.29330E-3,-7.89849E-3,-7.20640E-3,-7.83516E-3,-7.72466E-3,-7.36009E-3,-7.11845E-3,-6.64111E-3,-7.43547E-3,-8.52300E-3,-6.07011E-3,-5.65948E-3,-4.34743E-3,-6.97471E-3,-4.98344E-3,-3.30605E-3,-5.91987E-3,-5.41636E-3,-6.64856E-3,-6.29096E-3,-5.07130E-3,-5.18756E-3,-6.86698E-3,-6.26020E-3,-6.11785E-3,-7.58927E-3,-5.32416E-3,-7.60533E-3,-6.67895E-3,-7.75100E-3,-6.41077E-3,-6.59888E-3,-6.09343E-3,-7.15765E-3,-8.49334E-3,-5.04191E-3,-3.06220E-3,-5.01916E-3,-4.85277E-3,-4.31282E-3,-5.31257E-3,-5.97124E-3
1.54325E+3,NaN,NaN,-3.82700E-4,6.48332E-4,5.42347E-4,-1.38073E-3,-2.85211E-3,9.47088E-4,-1.29676E-3,-1.51416E-3,-9.37553E-4,-1.20082E-3,-1.83326E-3,-2.46569E-3,-2.96017E-3,-2.93979E-3,-2.99968E-3,-2.40937E-3,-2.67644E-3,-3.60045E-3,-2.08201E-3,-3.24715E-3,-1.69916E-3,-3.36914E-3,-4.10417E-3,-5.53787E-3,-2.90523E-3,-2.86127E-3,-3.19570E-3,-3.04439E-3,-4.90882E-3,-3.57947E-3,-3.17875E-3,-2.63768E-3,-4.71272E-3,-4.95647E-3,-3.07756E-3,-2.02578E-3,-3.02093E-3,-3.33087E-3,-3.89606E-3,-2.35994E-3,-2.92531E-3,-4.53972E-3,3.64134E-3,2.87533E-2,2.32795E-2,-2.89214E-2,-1.09835E-1,-1.42203E-1,-5.50249E-2,1.49430E-2,1.14339E-3,-1.41381E-2,-1.32948E-2,-1.28933E-2,-1.13381E-2,-1.37730E-2,-1.17314E-2,-1.23821E-2,-1.32902E-2,-1.01475E-2,-9.75385E-3,-9.98483E-3,-1.09540E-2,-1.24021E-2,-9.33124E-3,-9.80127E-3,-1.11861E-2,-1.16654E-2,-1.11483E-2,-1.10856E-2,-1.10789E-2,-1.03510E-2,-1.03780E-2,-9.19641E-3,-1.09049E-2,-1.09883E-2,-9.82640E-3,-8.84791E-3,-8.39822E-3,-1.01106E-2,-1.00225E-2,-7.80334E-3,-7.04853E-3,-7.99379E-3,-9.14741E-3,-9.38319E-3,-8.92536E-3,-8.18256E-3,-9.36057E-3,-8.76550E-3,-7.72861E-3,-8.26165E-3,-7.86958E-3,-9.16305E-3,-8.45869E-3,-8.67653E-3,-8.67934E-3,-9.01016E-3,-8.52055E-3,-7.69690E-3,-6.36206E-3,-7.65092E-3,-8.83566E-3,-6.34199E-3,-5.56005E-3,-4.58088E-3,-7.58773E-3,-4.85264E-3,-5.53028E-3,-8.32451E-3,-6.49299E-3,-6.40632E-3,-5.75508E-3,-6.11197E-3,-5.81742E-3,-7.04584E-3,-6.50977E-3,-6.51529E-3,-7.87874E-3,-7.02358E-3,-8.53897E-3,-7.45402E-3,-8.56045E-3,-6.50391E-3,-8.19250E-3,-7.52761E-3,-7.77125E-3,-8.16831E-3,-5.94098E-3,-2.94765E-3,-5.99276E-3,-5.79401E-3,-4.38931E-3,-5.22694E-3,-6.51676E-3
1.54677E+3,NaN,NaN,-4.01716E-4,8.87582E-5,-7.03333E-4,-1.22858E-3,-1.69842E-3,2.59111E-4,-1.76074E-3,-8.88302E-4,-4.06908E-4,-9.41921E-4,-1.75519E-3,-2.56846E-3,-3.08537E-3,-3.10538E-3,-2.87849E-3,-1.93675E-3,-2.74548E-3,-3.45264E-3,-2.18842E-3,-4.19929E-3,-1.42413E-3,-4.70833E-3,-3.79727E-3,-5.25455E-3,-3.55217E-3,-2.67163E-3,-2.93484E-3,-4.15244E-3,-5.54984E-3,-2.40817E-3,-2.91819E-3,-2.32057E-3,-4.61642E-3,-4.59064E-3,-2.89985E-3,-1.61523E-3,-2.83679E-3,-2.89584E-3,-4.56580E-3,-3.04831E-3,-3.25146E-3,-3.93195E-3,4.56362E-3,2.99123E-2,2.64643E-2,-3.01651E-2,-1.18591E-1,-1.49940E-1,-4.69434E-2,1.97953E-2,-2.90497E-3,-1.64121E-2,-1.35767E-2,-1.37778E-2,-1.20715E-2,-1.39944E-2,-1.19455E-2,-1.41841E-2,-1.32868E-2,-8.82288E-3,-9.96088E-3,-9.67572E-3,-1.22509E-2,-1.40196E-2,-8.75364E-3,-1.06595E-2,-1.20120E-2,-1.15464E-2,-1.12891E-2,-1.17300E-2,-1.17003E-2,-9.74650E-3,-1.06625E-2,-1.04612E-2,-1.09248E-2,-1.17284E-2,-8.90590E-3,-8.98781E-3,-8.19625E-3,-1.09442E-2,-9.24841E-3,-8.03861E-3,-8.77928E-3,-7.41138E-3,-9.77023E-3,-1.03007E-2,-9.09673E-3,-7.71499E-3,-9.09304E-3,-8.84037E-3,-7.45796E-3,-8.59251E-3,-7.33393E-3,-1.01845E-2,-9.32205E-3,-8.52496E-3,-8.75693E-3,-8.47393E-3,-7.48545E-3,-7.23501E-3,-7.33939E-3,-7.56155E-3,-8.82953E-3,-5.87816E-3,-5.23211E-3,-5.32608E-3,-7.18059E-3,-5.05048E-3,-4.62345E-3,-6.62285E-3,-5.58234E-3,-6.46067E-3,-6.47924E-3,-5.79353E-3,-5.88875E-3,-7.54357E-3,-6.70766E-3,-6.65959E-3,-8.87508E-3,-6.62450E-3,-9.19276E-3,-8.39066E-3,-1.01186E-2,-6.63282E-3,-6.98667E-3,-7.78489E-3,-6.88919E-3,-8.58147E-3,-7.26204E-3,-2.15283E-3,-5.17524E-3,-5.15296E-3,-2.98879E-3,-5.96776E-3,-6.44646E-3
1.55029E+3,NaN,NaN,-7.38870E-4,-4.18600E-4,8.37330E-4,-1.83600E-3,-2.07550E-3,1.12659E-3,-1.36443E-3,-1.52705E-3,-3.17320E-4,-1.01179E-3,-1.90861E-3,-2.80543E-3,-2.83627E-3,-2.46068E-3,-3.38951E-3,-2.04701E-3,-3.43040E-3,-3.74052E-3,-8.17998E-4,-4.38369E-3,-2.20335E-4,-4.32410E-3,-3.99238E-3,-5.44899E-3,-3.73574E-3,-2.83113E-3,-3.28947E-3,-2.74829E-3,-6.56362E-3,-1.56631E-3,-4.13160E-3,-2.85115E-3,-6.34846E-3,-4.43474E-3,-2.22009E-3,-2.43979E-3,-3.13595E-3,-3.06118E-3,-3.99046E-3,-2.76547E-3,-3.17318E-3,-5.69021E-3,3.59291E-3,3.20957E-2,2.83854E-2,-3.33304E-2,-1.22499E-1,-1.59244E-1,-3.99833E-2,2.91645E-2,-3.29977E-3,-1.84483E-2,-1.46179E-2,-1.52967E-2,-1.35934E-2,-1.63841E-2,-1.14443E-2,-1.45726E-2,-1.41600E-2,-9.44138E-3,-1.20381E-2,-1.16587E-2,-1.34476E-2,-1.46879E-2,-9.69131E-3,-1.08375E-2,-1.34322E-2,-1.14821E-2,-1.19828E-2,-1.15934E-2,-1.21345E-2,-9.51811E-3,-1.21157E-2,-9.89844E-3,-1.19138E-2,-1.25275E-2,-1.01507E-2,-1.01295E-2,-8.52300E-3,-1.25346E-2,-9.90901E-3,-8.26478E-3,-7.93488E-3,-7.47974E-3,-1.12761E-2,-1.04843E-2,-9.44982E-3,-1.01611E-2,-1.07070E-2,-8.68499E-3,-7.41133E-3,-1.01944E-2,-7.22915E-3,-1.01628E-2,-9.50254E-3,-8.69031E-3,-8.94504E-3,-8.41200E-3,-7.79430E-3,-7.52408E-3,-6.98532E-3,-7.21120E-3,-8.81739E-3,-6.38382E-3,-6.05346E-3,-4.74488E-3,-7.74027E-3,-5.66558E-3,-5.60848E-3,-8.02282E-3,-6.06233E-3,-6.80445E-3,-6.91473E-3,-6.31582E-3,-5.80191E-3,-6.81502E-3,-6.90165E-3,-6.32457E-3,-8.43544E-3,-6.43543E-3,-8.43230E-3,-8.48469E-3,-8.22352E-3,-7.26094E-3,-7.94236E-3,-7.69327E-3,-7.30495E-3,-8.96022E-3,-6.08924E-3,-2.74975E-3,-5.38891E-3,-4.79477E-3,-3.43423E-3,-6.19950E-3,-6.91198E-3
1.55381E+3,NaN,NaN,-1.39222E-3,-1.25594E-3,5.67851E-4,-1.87419E-3,-2.32187E-3,2.58393E-3,-1.25069E-3,-1.07283E-3,6.10262E-4,-3.91600E-4,-1.40864E-3,-2.37167E-3,-2.72291E-3,-1.61653E-3,-1.95652E-3,-1.95795E-3,-3.53355E-3,-2.95774E-3,-3.32049E-4,-2.73304E-3,-6.58904E-4,-3.95213E-3,-3.48407E-3,-6.44896E-3,-2.57466E-3,-2.59547E-3,-2.70490E-3,-3.26945E-3,-5.34684E-3,-2.04698E-3,-3.59804E-3,-2.13801E-3,-4.90206E-3,-3.59894E-3,-2.80504E-3,-9.97884E-4,-3.49281E-3,-3.51147E-3,-3.30084E-3,-1.69837E-3,-2.04305E-3,-2.59611E-3,7.42194E-3,3.04165E-2,2.59660E-2,-3.63667E-2,-1.22954E-1,-1.50503E-1,-4.10381E-2,2.34681E-2,-1.65485E-3,-1.88315E-2,-1.44515E-2,-1.38952E-2,-1.34059E-2,-1.56838E-2,-1.15256E-2,-1.49104E-2,-1.36400E-2,-9.90149E-3,-1.26517E-2,-1.21518E-2,-1.34755E-2,-1.41614E-2,-9.48720E-3,-1.11791E-2,-1.26095E-2,-1.22036E-2,-1.22050E-2,-1.19422E-2,-1.25261E-2,-1.10271E-2,-1.23930E-2,-1.11020E-2,-1.15124E-2,-1.16451E-2,-8.15086E-3,-9.69341E-3,-7.83293E-3,-1.13383E-2,-8.95497E-3,-7.50219E-3,-7.55990E-3,-8.03510E-3,-1.06274E-2,-1.06149E-2,-7.69752E-3,-8.96861E-3,-1.00526E-2,-9.61113E-3,-8.49882E-3,-9.21039E-3,-7.97212E-3,-9.17733E-3,-9.29480E-3,-8.36265E-3,-8.82865E-3,-7.59436E-3,-7.03372E-3,-7.17817E-3,-6.15903E-3,-7.29344E-3,-8.93241E-3,-5.84525E-3,-4.54417E-3,-4.58451E-3,-8.06545E-3,-5.91308E-3,-4.77136E-3,-6.68811E-3,-4.88067E-3,-5.84494E-3,-6.00340E-3,-5.01392E-3,-4.24341E-3,-7.01598E-3,-5.87466E-3,-5.60117E-3,-8.14851E-3,-6.09888E-3,-7.17476E-3,-8.26445E-3,-9.28499E-3,-6.61871E-3,-6.94599E-3,-7.42385E-3,-6.97934E-3,-9.63496E-3,-6.26004E-3,-2.52244E-3,-4.57967E-3,-5.14344E-3,-3.37304E-3,-5.42496E-3,-6.36039E-3
1.55733E+3,NaN,3.81564E-3,-4.48230E-4,-3.88877E-4,-1.14406E-4,-2.11173E-3,-1.43898E-3,4.18906E-4,-1.77652E-3,-5.70375E-4,-1.07750E-5,-6.72405E-4,-1.33403E-3,-2.16201E-3,-2.88496E-3,-2.18342E-3,-1.63040E-3,-1.70908E-3,-2.70005E-3,-2.45432E-3,-1.69129E-3,-2.03381E-3,-4.17653E-4,-4.21601E-3,-4.37074E-3,-4.95014E-3,-1.98235E-3,-2.27716E-3,-2.02259E-3,-3.48242E-3,-4.41926E-3,-1.62122E-3,-3.10631E-3,-1.79638E-3,-4.23659E-3,-2.90746E-3,-7.22949E-4,-1.13929E-3,-2.93998E-3,-3.88111E-3,-3.25499E-3,-9.61438E-4,-2.16802E-3,-1.75364E-3,8.51496E-3,2.92607E-2,2.34523E-2,-3.94672E-2,-1.22729E-1,-1.36702E-1,-3.93343E-2,1.75028E-2,-1.01470E-3,-1.88835E-2,-1.45032E-2,-1.31576E-2,-1.29884E-2,-1.54155E-2,-1.27683E-2,-1.48508E-2,-1.32854E-2,-1.09405E-2,-1.18983E-2,-1.11227E-2,-1.32873E-2,-1.30185E-2,-8.76880E-3,-1.10682E-2,-1.19953E-2,-1.21749E-2,-1.26271E-2,-1.24628E-2,-1.13674E-2,-1.08741E-2,-1.11073E-2,-1.05045E-2,-1.11276E-2,-1.08977E-2,-9.39501E-3,-9.47576E-3,-9.39040E-3,-1.04433E-2,-8.95869E-3,-7.50934E-3,-7.12334E-3,-7.86383E-3,-9.59902E-3,-1.00928E-2,-9.33947E-3,-9.10757E-3,-9.26593E-3,-7.25534E-3,-6.76076E-3,-8.46987E-3,-7.70912E-3,-8.74761E-3,-9.13949E-3,-8.12842E-3,-8.31955E-3,-7.88235E-3,-7.19669E-3,-6.98309E-3,-6.09853E-3,-7.02542E-3,-7.78361E-3,-5.40039E-3,-4.65838E-3,-4.25246E-3,-6.71705E-3,-4.89470E-3,-4.25467E-3,-6.86994E-3,-6.57642E-3,-6.47069E-3,-6.80397E-3,-6.23071E-3,-4.88338E-3,-6.36016E-3,-6.41388E-3,-7.33825E-3,-8.83997E-3,-6.02605E-3,-8.31396E-3,-7.51784E-3,-9.61641E-3,-5.68825E-3,-7.55289E-3,-7.49277E-3,-7.95436E-3,-9.04789E-3,-5.67709E-3,-1.49402E-3,-3.90324E-3,-2.95767E-3,-3.43864E-3,-5.53964E-3,-6.18476E-3
1.56085E+3,NaN,3.64206E-3,-1.44181E-3,5.66085E-4,-6.45241E-4,-2.43498E-3,-1.51677E-3,1.26027E-3,-1.72404E-3,-5.18971E-4,-3.39795E-4,-1.05482E-3,-1.76985E-3,-2.88593E-3,-3.37443E-3,-3.27341E-3,-2.71216E-3,-1.86845E-3,-3.86004E-3,-2.94249E-3,-2.02657E-3,-2.02704E-3,-2.18196E-3,-4.69052E-3,-5.22937E-3,-5.04382E-3,-2.47222E-3,-2.43194E-3,-3.16886E-3,-5.34824E-3,-4.10478E-3,-2.55960E-3,-3.50228E-3,-4.09048E-3,-5.74384E-3,-4.06795E-3,-1.59187E-3,-1.97671E-3,-3.93987E-3,-3.69289E-3,-2.81285E-3,-1.46772E-3,-2.06213E-3,-2.64231E-3,8.21216E-3,2.91854E-2,1.99330E-2,-4.69127E-2,-1.33152E-1,-1.36121E-1,-3.99732E-2,1.37617E-2,-2.66280E-3,-1.91237E-2,-1.58123E-2,-1.54853E-2,-1.58506E-2,-1.56649E-2,-1.39337E-2,-1.60145E-2,-1.43178E-2,-1.25878E-2,-1.34946E-2,-1.39811E-2,-1.57613E-2,-1.36744E-2,-1.12811E-2,-1.36398E-2,-1.45352E-2,-1.40171E-2,-1.31189E-2,-1.30163E-2,-1.21576E-2,-1.12481E-2,-1.19810E-2,-1.14829E-2,-1.27010E-2,-1.21115E-2,-1.05515E-2,-1.01681E-2,-1.07668E-2,-1.15855E-2,-9.15059E-3,-8.66230E-3,-8.40555E-3,-9.61075E-3,-1.15660E-2,-1.08604E-2,-9.33499E-3,-9.96819E-3,-1.05228E-2,-8.75189E-3,-7.74266E-3,-8.64123E-3,-9.54258E-3,-9.61123E-3,-9.00503E-3,-8.51424E-3,-9.58968E-3,-8.86950E-3,-8.12940E-3,-7.56105E-3,-6.56152E-3,-7.67852E-3,-8.51972E-3,-6.90171E-3,-5.95000E-3,-5.76300E-3,-8.41337E-3,-6.14204E-3,-5.33594E-3,-6.38757E-3,-5.48971E-3,-6.65011E-3,-7.23675E-3,-6.50925E-3,-6.44831E-3,-6.58022E-3,-6.96128E-3,-6.45014E-3,-9.18263E-3,-6.25868E-3,-8.22890E-3,-7.86073E-3,-8.92052E-3,-7.00737E-3,-8.23783E-3,-7.55502E-3,-7.92485E-3,-1.03126E-2,-7.76784E-3,-2.95579E-3,-5.06319E-3,-4.77717E-3,-3.60515E-3,-4.90917E-3,-6.27785E-3
1.56438E+3,NaN,2.43106E-3,-2.35884E-4,6.70584E-5,-1.60563E-3,-2.67392E-3,-9.48009E-4,2.27305E-3,-1.83403E-3,-8.27123E-4,2.71662E-4,-8.53398E-4,-1.97846E-3,-3.65415E-3,-2.65142E-3,-2.09039E-3,-2.08997E-3,-2.26547E-3,-3.70204E-3,-1.59460E-3,-1.50851E-3,-8.29963E-4,-2.13341E-3,-3.97273E-3,-4.40926E-3,-4.12482E-3,-2.11158E-3,-1.33828E-3,-2.35669E-3,-4.44214E-3,-2.21233E-3,-1.94734E-3,-2.67672E-3,-4.04883E-3,-4.83565E-3,-2.91065E-3,-1.56156E-3,-2.25309E-3,-3.99220E-3,-4.39802E-3,-2.03014E-3,-1.15444E-3,-2.14339E-3,-1.38594E-3,1.07394E-2,3.29776E-2,1.90231E-2,-5.44416E-2,-1.43324E-1,-1.31746E-1,-3.61251E-2,1.27665E-2,-4.67159E-3,-1.88027E-2,-1.71378E-2,-1.53819E-2,-1.56568E-2,-1.51550E-2,-1.57473E-2,-1.72745E-2,-1.38386E-2,-1.29179E-2,-1.31671E-2,-1.30652E-2,-1.56512E-2,-1.40498E-2,-1.25888E-2,-1.39031E-2,-1.35957E-2,-1.34892E-2,-1.39834E-2,-1.42379E-2,-1.27316E-2,-1.20664E-2,-1.17307E-2,-1.15542E-2,-1.29446E-2,-1.21177E-2,-1.03903E-2,-9.93498E-3,-1.09573E-2,-1.14127E-2,-9.75997E-3,-8.27441E-3,-8.43135E-3,-1.01850E-2,-1.06142E-2,-1.06694E-2,-1.10433E-2,-1.07829E-2,-9.86052E-3,-8.59614E-3,-9.07763E-3,-9.25085E-3,-9.96216E-3,-8.95885E-3,-9.65654E-3,-9.56405E-3,-1.01250E-2,-9.61949E-3,-8.71813E-3,-7.42898E-3,-6.47478E-3,-7.82467E-3,-7.86432E-3,-6.28148E-3,-5.55767E-3,-5.59352E-3,-7.34332E-3,-5.37165E-3,-5.87335E-3,-7.31001E-3,-5.55204E-3,-6.59454E-3,-6.29218E-3,-6.48034E-3,-5.49725E-3,-6.60512E-3,-6.94234E-3,-7.46661E-3,-1.04154E-2,-7.09677E-3,-8.37283E-3,-8.50077E-3,-9.32546E-3,-8.22134E-3,-8.84177E-3,-8.53010E-3,-9.13989E-3,-9.36855E-3,-7.47478E-3,-2.23488E-3,-5.51344E-3,-5.52353E-3,-3.49783E-3,-5.71767E-3,-6.96511E-3
1.56790E+3,NaN,2.55236E-3,-8.18708E-4,3.52696E-5,-1.52233E-3,-2.90829E-3,1.88955E-4,1.70227E-3,-4.07754E-4,5.77332E-4,3.48933E-4,-4.01130E-4,-1.15119E-3,-2.04344E-3,-9.94393E-4,-1.45592E-3,-1.49703E-3,-1.93178E-3,-3.72744E-3,-2.62795E-3,-2.99428E-3,-9.62782E-4,-3.71211E-3,-4.13330E-3,-5.16927E-3,-5.08135E-3,-2.89845E-3,-2.75207E-3,-3.69843E-3,-4.99929E-3,-2.86441E-3,-3.09289E-3,-2.50573E-3,-4.29739E-3,-4.54154E-3,-2.23074E-3,-5.76173E-4,-1.61415E-3,-2.64254E-3,-2.49508E-3,-1.03527E-3,-1.05921E-3,-1.56595E-3,-1.51468E-3,1.19982E-2,3.69211E-2,1.91392E-2,-6.10486E-2,-1.54601E-1,-1.28990E-1,-3.13762E-2,1.37170E-2,-7.04488E-3,-1.91888E-2,-1.91588E-2,-1.58933E-2,-1.75905E-2,-1.57294E-2,-1.60930E-2,-1.71960E-2,-1.43905E-2,-1.47741E-2,-1.45883E-2,-1.49053E-2,-1.66548E-2,-1.32312E-2,-1.28494E-2,-1.48230E-2,-1.52289E-2,-1.58866E-2,-1.38510E-2,-1.34418E-2,-1.24693E-2,-1.37269E-2,-1.25679E-2,-1.30099E-2,-1.47803E-2,-1.26606E-2,-1.18559E-2,-1.04778E-2,-1.23623E-2,-1.10574E-2,-8.54943E-3,-6.57542E-3,-8.02579E-3,-1.08930E-2,-1.09296E-2,-1.08288E-2,-9.69791E-3,-1.13990E-2,-1.06448E-2,-7.66350E-3,-9.56398E-3,-8.63652E-3,-1.01570E-2,-7.83177E-3,-8.99992E-3,-9.78034E-3,-1.04012E-2,-9.04604E-3,-8.23445E-3,-7.68188E-3,-7.17391E-3,-8.62976E-3,-8.91055E-3,-6.45998E-3,-5.06960E-3,-5.67007E-3,-6.40444E-3,-4.64616E-3,-5.52984E-3,-6.40478E-3,-6.48013E-3,-8.18447E-3,-7.81465E-3,-6.72241E-3,-7.39335E-3,-8.04420E-3,-6.77875E-3,-7.15950E-3,-9.35086E-3,-6.25476E-3,-1.00512E-2,-9.54817E-3,-9.13544E-3,-6.83198E-3,-8.88578E-3,-6.87690E-3,-1.03511E-2,-9.16659E-3,-7.92918E-3,-3.08206E-3,-5.66207E-3,-6.00725E-3,-2.37135E-3,-5.61459E-3,-6.17927E-3
1.57142E+3,NaN,1.27463E-3,-1.01958E-3,3.29071E-7,-6.09218E-4,-2.56537E-3,8.51515E-4,1.55550E-3,1.05673E-4,7.26379E-4,3.79904E-4,-4.91479E-4,-1.36286E-3,-2.58438E-3,-2.27840E-3,-3.38439E-4,-1.09265E-3,-2.12774E-3,-2.88809E-3,-1.90401E-4,-3.06150E-3,1.45896E-3,-2.94428E-3,-3.27157E-3,-4.83210E-3,-1.81279E-3,-2.14105E-3,-2.41144E-3,-3.07812E-3,-5.60019E-3,-1.73081E-3,-2.50628E-3,-1.97255E-3,-5.17095E-3,-4.15688E-3,-2.53871E-3,-2.52619E-4,-6.58183E-4,-2.57197E-3,-2.66744E-3,6.47535E-4,-1.51298E-3,-1.77617E-3,-2.83924E-3,1.22267E-2,4.11743E-2,2.08066E-2,-6.16156E-2,-1.58100E-1,-1.24225E-1,-2.63650E-2,1.78759E-2,-1.14726E-2,-2.04172E-2,-1.90533E-2,-1.58736E-2,-1.85751E-2,-1.55093E-2,-1.69802E-2,-1.74524E-2,-1.26911E-2,-1.56497E-2,-1.43464E-2,-1.54535E-2,-1.76386E-2,-1.23014E-2,-1.26069E-2,-1.40674E-2,-1.45896E-2,-1.44841E-2,-1.42648E-2,-1.40780E-2,-1.20292E-2,-1.30574E-2,-1.15111E-2,-1.32793E-2,-1.49025E-2,-1.14009E-2,-1.19731E-2,-1.00139E-2,-1.26294E-2,-9.78477E-3,-7.27241E-3,-8.23676E-3,-8.92907E-3,-1.12612E-2,-1.04816E-2,-1.11847E-2,-9.67204E-3,-1.09841E-2,-1.01897E-2,-9.05191E-3,-8.52186E-3,-6.36026E-3,-9.48653E-3,-6.98631E-3,-9.74429E-3,-8.90479E-3,-9.16400E-3,-8.47155E-3,-7.71938E-3,-7.14575E-3,-6.22106E-3,-8.03978E-3,-7.46401E-3,-5.57146E-3,-5.09000E-3,-5.20537E-3,-7.28284E-3,-5.69218E-3,-5.10142E-3,-6.29604E-3,-5.49416E-3,-7.16097E-3,-7.24068E-3,-6.49641E-3,-5.35364E-3,-6.39515E-3,-6.78120E-3,-7.10404E-3,-9.57859E-3,-5.73417E-3,-7.16474E-3,-8.33989E-3,-9.25828E-3,-6.57952E-3,-7.83210E-3,-7.52734E-3,-7.66519E-3,-8.87294E-3,-6.64933E-3,-2.86190E-3,-4.99457E-3,-4.77507E-3,-2.53550E-3,-4.58828E-3,-5.65105E-3
1.57494E+3,NaN,7.00631E-4,-9.50289E-4,-8.62324E-4,-1.59728E-3,-1.82319E-3,9.96725E-4,2.60445E-3,-1.00703E-3,9.29253E-4,4.30326E-4,3.97169E-4,3.64013E-4,-3.40583E-3,-1.45082E-3,-2.51890E-3,-1.05297E-4,-3.61286E-3,-3.71190E-3,2.56475E-4,-2.53755E-3,2.17791E-3,-3.73948E-3,-2.86774E-3,-5.42836E-3,-1.70530E-3,-9.29321E-4,-1.29617E-3,-2.14603E-3,-3.76639E-3,-4.16721E-4,-3.67882E-3,-6.24103E-5,-4.64307E-3,-2.69387E-3,-3.21217E-3,-4.45765E-4,-2.29534E-3,-3.05236E-3,-3.97931E-3,-1.24728E-3,-2.39908E-3,1.37830E-5,-2.96980E-3,1.35039E-2,4.81011E-2,2.51995E-2,-6.48071E-2,-1.73200E-1,-1.31693E-1,-2.49105E-2,2.34999E-2,-1.54278E-2,-2.13475E-2,-1.90626E-2,-1.62706E-2,-1.99506E-2,-1.62780E-2,-1.93809E-2,-1.95345E-2,-1.33662E-2,-1.71066E-2,-1.60121E-2,-1.79480E-2,-2.06611E-2,-1.15228E-2,-1.29050E-2,-1.42847E-2,-1.48408E-2,-1.61393E-2,-1.47129E-2,-1.51341E-2,-1.08147E-2,-1.35753E-2,-1.15794E-2,-1.34796E-2,-1.38699E-2,-1.10763E-2,-1.21648E-2,-1.05846E-2,-1.39243E-2,-1.05794E-2,-8.44956E-3,-8.74126E-3,-9.46131E-3,-1.20550E-2,-1.08640E-2,-1.20167E-2,-9.91638E-3,-1.21808E-2,-9.80721E-3,-7.59065E-3,-9.65780E-3,-8.61060E-3,-9.79202E-3,-7.30715E-3,-9.91537E-3,-9.77750E-3,-1.03429E-2,-9.93061E-3,-7.57795E-3,-6.31783E-3,-6.11251E-3,-8.51051E-3,-7.51847E-3,-5.86976E-3,-5.19251E-3,-6.23779E-3,-8.08911E-3,-5.65960E-3,-6.12452E-3,-7.37352E-3,-6.81087E-3,-7.25698E-3,-6.28529E-3,-6.34589E-3,-4.72905E-3,-8.65628E-3,-8.10647E-3,-6.15619E-3,-7.99050E-3,-6.74121E-3,-6.70826E-3,-8.51152E-3,-8.72300E-3,-7.84452E-3,-7.61810E-3,-7.66947E-3,-9.03694E-3,-8.89580E-3,-7.34037E-3,-2.22923E-3,-5.54762E-3,-4.71638E-3,-3.09951E-3,-4.42944E-3,-6.59978E-3
1.57847E+3,NaN,3.10167E-4,-1.23566E-3,-5.55067E-4,-4.48660E-4,-1.11187E-3,5.26078E-4,1.79977E-3,-7.09001E-4,-6.25726E-4,-1.49652E-3,-1.51419E-3,-1.59055E-3,-2.13400E-3,-1.90802E-3,-3.38129E-3,-2.11248E-3,-3.85902E-3,-4.38061E-3,-2.50891E-4,-1.98636E-3,8.44794E-4,-4.78665E-3,-4.02925E-3,-5.10612E-3,-2.47650E-3,-1.15290E-3,-1.49745E-3,-3.93493E-3,-5.10461E-3,-2.36321E-3,-4.43029E-3,-1.87248E-3,-5.68756E-3,-3.72448E-3,-8.14075E-4,3.15076E-5,-2.39213E-3,-3.08768E-3,-3.36889E-3,-2.52347E-3,-1.88017E-3,-7.08847E-4,-3.40461E-3,1.30708E-2,4.47896E-2,2.12038E-2,-7.07192E-2,-1.69171E-1,-1.29300E-1,-2.63055E-2,2.16831E-2,-1.51160E-2,-2.32638E-2,-1.92829E-2,-1.65187E-2,-2.17863E-2,-1.61153E-2,-1.92735E-2,-1.83899E-2,-1.45133E-2,-1.86509E-2,-1.57563E-2,-1.88543E-2,-1.85243E-2,-1.19518E-2,-1.48840E-2,-1.51740E-2,-1.61994E-2,-1.60310E-2,-1.65356E-2,-1.36309E-2,-1.18387E-2,-1.49427E-2,-1.39151E-2,-1.38597E-2,-1.48000E-2,-1.15991E-2,-1.31462E-2,-1.16966E-2,-1.43052E-2,-9.95354E-3,-9.46777E-3,-9.74392E-3,-9.87713E-3,-1.16865E-2,-1.19052E-2,-1.30964E-2,-1.05286E-2,-1.36907E-2,-1.00340E-2,-8.32848E-3,-8.54123E-3,-8.56811E-3,-9.44796E-3,-7.45652E-3,-9.95601E-3,-1.01762E-2,-1.03219E-2,-9.06644E-3,-7.92804E-3,-7.48365E-3,-6.51650E-3,-8.64583E-3,-8.47077E-3,-7.57114E-3,-6.46093E-3,-7.15850E-3,-7.97553E-3,-6.10844E-3,-6.69602E-3,-7.19344E-3,-6.48008E-3,-6.47582E-3,-6.04844E-3,-6.36016E-3,-5.61658E-3,-6.29980E-3,-6.59965E-3,-7.63867E-3,-1.00832E-2,-6.13872E-3,-8.00483E-3,-9.94416E-3,-8.73978E-3,-7.39291E-3,-8.39049E-3,-7.13444E-3,-1.01831E-2,-1.07006E-2,-8.29528E-3,-2.45468E-3,-3.72454E-3,-6.11103E-3,-3.43701E-3,-5.03604E-3,-7.10348E-3
1.58199E+3,NaN,4.49405E-4,-2.05100E-4,-7.67501E-4,-2.27406E-3,-1.64936E-3,2.27982E-3,1.66712E-3,-1.79063E-4,4.42567E-4,-2.96857E-4,-1.01866E-3,-1.52337E-3,-1.36601E-3,-1.68550E-3,-2.24916E-3,-1.49211E-3,-2.01437E-3,-2.51282E-3,-1.68140E-3,-1.62791E-3,1.32030E-3,-4.78561E-3,-2.97432E-3,-5.11846E-3,-1.91879E-3,-1.81665E-3,-1.57693E-3,-2.62817E-3,-4.88250E-3,-1.15479E-3,-2.79618E-3,-2.51947E-3,-6.03599E-3,-3.34296E-3,-6.06691E-4,6.54968E-4,-3.82367E-3,-3.26364E-3,-2.17265E-3,-1.01703E-3,-2.15060E-3,1.91574E-4,-1.83528E-3,1.78616E-2,4.41859E-2,1.76986E-2,-7.67537E-2,-1.66223E-1,-1.28661E-1,-3.05103E-2,1.78784E-2,-1.48513E-2,-2.39987E-2,-2.12199E-2,-1.78346E-2,-1.98592E-2,-1.81146E-2,-1.92347E-2,-1.87034E-2,-1.75853E-2,-1.92845E-2,-1.68978E-2,-1.98778E-2,-1.99228E-2,-1.44776E-2,-1.54647E-2,-1.52645E-2,-1.59583E-2,-1.74046E-2,-1.73391E-2,-1.53851E-2,-1.28864E-2,-1.49790E-2,-1.51215E-2,-1.63681E-2,-1.50991E-2,-1.17199E-2,-1.39898E-2,-1.12229E-2,-1.31526E-2,-1.10420E-2,-8.94739E-3,-1.08464E-2,-1.14154E-2,-1.32442E-2,-1.12293E-2,-1.24577E-2,-1.03111E-2,-1.08780E-2,-1.02164E-2,-8.91690E-3,-1.07145E-2,-8.84417E-3,-1.04914E-2,-9.33484E-3,-1.03795E-2,-1.05945E-2,-1.08384E-2,-8.87881E-3,-7.74219E-3,-7.10658E-3,-7.14466E-3,-9.49252E-3,-7.54533E-3,-6.32307E-3,-6.04768E-3,-6.37433E-3,-7.92139E-3,-5.84365E-3,-6.97963E-3,-7.11894E-3,-6.07980E-3,-7.14458E-3,-6.47005E-3,-7.64519E-3,-6.29949E-3,-6.97934E-3,-7.32636E-3,-7.06323E-3,-9.82543E-3,-5.44475E-3,-9.59008E-3,-9.32105E-3,-1.00910E-2,-7.47226E-3,-9.46556E-3,-7.55872E-3,-9.23132E-3,-9.97908E-3,-7.52555E-3,-2.50784E-3,-4.55144E-3,-4.64942E-3,-3.18736E-3,-7.00942E-3,-6.64470E-3
1.58552E+3,NaN,4.49590E-4,-5.01074E-4,-3.67170E-4,-1.02675E-3,-5.40948E-4,9.15407E-4,3.71852E-4,-1.42633E-4,1.13181E-3,1.11911E-3,-2.63006E-5,-1.59534E-3,-2.33682E-3,-1.20901E-3,-1.27034E-3,-1.66106E-3,-3.50704E-3,-2.11040E-3,-4.46145E-5,-6.82097E-4,-4.11055E-4,-3.72871E-3,-4.21153E-3,-4.10012E-3,-2.67988E-3,-2.48584E-3,-3.10367E-3,-4.48743E-3,-3.46820E-3,-7.04723E-4,-1.02764E-3,-2.34557E-3,-4.72320E-3,-2.88134E-3,-1.02222E-3,-4.65902E-4,-3.01637E-3,-3.60319E-3,-2.36136E-3,-1.45208E-3,-1.33761E-3,-2.57570E-3,-7.64705E-4,2.20653E-2,4.60243E-2,1.57168E-2,-8.41662E-2,-1.66366E-1,-1.28150E-1,-3.09827E-2,1.27827E-2,-1.44348E-2,-2.55426E-2,-2.07058E-2,-1.89235E-2,-2.12384E-2,-1.84301E-2,-1.89908E-2,-1.82602E-2,-1.75209E-2,-1.91322E-2,-1.81686E-2,-2.02832E-2,-1.88900E-2,-1.48094E-2,-1.50675E-2,-1.65598E-2,-1.80019E-2,-1.75847E-2,-1.61579E-2,-1.50756E-2,-1.42064E-2,-1.47962E-2,-1.39968E-2,-1.56488E-2,-1.55954E-2,-1.36516E-2,-1.41701E-2,-1.27431E-2,-1.42562E-2,-1.06909E-2,-8.71786E-3,-9.74330E-3,-1.17047E-2,-1.37970E-2,-1.29016E-2,-1.27213E-2,-1.13836E-2,-1.20540E-2,-9.80417E-3,-8.90078E-3,-1.00386E-2,-1.07265E-2,-1.03811E-2,-8.47642E-3,-9.23419E-3,-9.40156E-3,-1.02638E-2,-9.35600E-3,-7.82635E-3,-6.66572E-3,-6.43075E-3,-9.05798E-3,-8.80229E-3,-7.56490E-3,-6.10997E-3,-7.02693E-3,-7.51841E-3,-6.23941E-3,-8.27261E-3,-7.06333E-3,-5.21782E-3,-7.21294E-3,-6.54692E-3,-6.47672E-3,-4.78953E-3,-8.27144E-3,-5.80365E-3,-7.56163E-3,-9.02798E-3,-4.96846E-3,-9.31044E-3,-8.55367E-3,-8.98717E-3,-7.04457E-3,-7.77968E-3,-1.05933E-2,-8.77604E-3,-7.82780E-3,-8.17084E-3,-2.04626E-3,-4.49760E-3,-3.04333E-3,-4.23061E-3,-5.95098E-3,-6.89189E-3
1.58904E+3,NaN,-1.00349E-4,-1.33593E-3,-5.49544E-4,-1.19593E-3,-4.60068E-4,1.77310E-3,6.86312E-4,-6.45532E-4,2.14226E-4,-1.15165E-3,-2.54741E-3,-3.04827E-3,-1.67464E-3,-1.28187E-3,-2.46794E-3,-2.97742E-3,-4.03015E-3,-2.19190E-3,-1.01405E-3,-2.69093E-4,1.14338E-4,-2.88329E-3,-4.54673E-3,-3.96082E-3,-2.63309E-3,-2.59483E-3,-2.27005E-3,-3.06644E-3,-2.53959E-3,-2.18804E-3,-2.43735E-3,-2.99089E-3,-3.31691E-3,-1.88018E-3,-1.23710E-3,-1.90378E-3,-2.68563E-3,-2.65342E-3,-2.18300E-3,-1.81227E-3,-1.36477E-3,-2.23712E-3,1.04654E-3,2.43722E-2,4.52075E-2,1.02248E-2,-9.17703E-2,-1.64126E-1,-1.23073E-1,-2.56920E-2,9.77425E-3,-1.46167E-2,-2.41429E-2,-1.98612E-2,-1.97209E-2,-2.08920E-2,-1.99689E-2,-2.06887E-2,-1.86687E-2,-1.86786E-2,-1.95159E-2,-1.93049E-2,-2.04271E-2,-1.81159E-2,-1.51014E-2,-1.58906E-2,-1.65342E-2,-1.77665E-2,-1.74761E-2,-1.72601E-2,-1.64092E-2,-1.46854E-2,-1.46282E-2,-1.42777E-2,-1.57803E-2,-1.46817E-2,-1.36588E-2,-1.35839E-2,-1.30006E-2,-1.28978E-2,-9.92834E-3,-8.70335E-3,-1.00446E-2,-1.30022E-2,-1.41036E-2,-1.27854E-2,-1.08677E-2,-1.11524E-2,-1.14045E-2,-9.15391E-3,-9.26539E-3,-9.84177E-3,-1.01242E-2,-9.96225E-3,-9.07360E-3,-9.03850E-3,-9.85905E-3,-1.03652E-2,-9.20987E-3,-8.07191E-3,-6.98024E-3,-7.02819E-3,-1.01140E-2,-8.15045E-3,-6.89186E-3,-5.95385E-3,-7.17529E-3,-7.69609E-3,-5.80726E-3,-7.62264E-3,-7.84315E-3,-6.25886E-3,-7.42277E-3,-6.70838E-3,-6.40763E-3,-5.44834E-3,-7.38175E-3,-6.46675E-3,-9.60620E-3,-1.01378E-2,-4.98373E-3,-8.53558E-3,-8.59000E-3,-8.82692E-3,-6.47753E-3,-8.13257E-3,-8.52091E-3,-9.72295E-3,-8.43495E-3,-7.74067E-3,-3.16428E-3,-5.69832E-3,-4.65205E-3,-4.05517E-3,-3.50625E-3,-7.41109E-3
1.59257E+3,NaN,3.77372E-4,-1.19302E-3,-1.12547E-3,-1.91243E-3,-9.95726E-4,2.48783E-3,1.42815E-3,1.05224E-4,1.60173E-3,3.77556E-4,-9.51259E-4,-9.90514E-4,-1.33186E-3,-1.68060E-3,-2.02400E-3,-2.03169E-3,-3.53121E-3,-1.95643E-3,-1.26171E-3,3.37072E-4,-1.67105E-3,-2.73107E-3,-4.52020E-3,-2.93580E-3,-2.10212E-3,-1.90349E-3,-2.27754E-3,-3.20509E-3,-2.33090E-3,-3.43611E-3,-1.81311E-3,-2.31882E-3,-4.07203E-3,-2.00127E-3,2.88479E-4,-2.41311E-4,-2.20149E-3,-2.23516E-3,-1.07017E-3,-1.71850E-3,-9.18973E-4,-2.67459E-3,-5.08960E-5,2.71880E-2,5.02330E-2,9.45021E-3,-1.08863E-1,-1.82029E-1,-1.31386E-1,-2.29158E-2,5.54458E-3,-1.78514E-2,-2.60707E-2,-1.99109E-2,-2.04984E-2,-2.10874E-2,-2.11567E-2,-2.26814E-2,-2.12452E-2,-2.11183E-2,-1.99694E-2,-2.16635E-2,-2.37983E-2,-2.00802E-2,-1.72786E-2,-1.83500E-2,-1.83585E-2,-1.92115E-2,-1.98071E-2,-1.92500E-2,-1.55373E-2,-1.45138E-2,-1.46013E-2,-1.55173E-2,-1.79364E-2,-1.44589E-2,-1.35702E-2,-1.46960E-2,-1.54323E-2,-1.30974E-2,-1.12117E-2,-1.03923E-2,-1.11156E-2,-1.24598E-2,-1.31167E-2,-1.17091E-2,-1.14446E-2,-1.24296E-2,-1.12147E-2,-9.57856E-3,-1.01465E-2,-1.03896E-2,-1.12903E-2,-1.02050E-2,-1.03664E-2,-1.19958E-2,-1.07332E-2,-1.03879E-2,-8.95617E-3,-7.70166E-3,-6.84510E-3,-6.25279E-3,-9.28454E-3,-7.01545E-3,-6.99827E-3,-6.73091E-3,-8.06024E-3,-8.97095E-3,-6.11151E-3,-8.96388E-3,-8.12901E-3,-6.73148E-3,-7.22562E-3,-5.75846E-3,-7.61836E-3,-5.87921E-3,-7.06261E-3,-6.15893E-3,-8.19953E-3,-1.03417E-2,-6.87655E-3,-7.50328E-3,-1.05610E-2,-8.81628E-3,-7.20969E-3,-7.36014E-3,-9.70792E-3,-9.80105E-3,-1.14366E-2,-8.52326E-3,-4.23398E-3,-5.25375E-3,-6.04298E-3,-4.56677E-3,-4.94214E-3,-6.97190E-3
1.59610E+3,NaN,-8.67412E-5,-7.00478E-4,-9.80214E-4,-1.09140E-3,-3.19495E-4,1.47002E-3,1.12599E-3,9.05486E-5,8.69831E-4,-1.48882E-3,-3.31255E-3,-2.28477E-3,-1.41316E-3,-3.58671E-3,-1.04212E-3,-1.12573E-3,-1.97863E-3,4.67805E-4,-1.29967E-3,1.81168E-3,-1.28949E-3,-2.73498E-3,-4.12038E-3,-2.33026E-3,-2.61752E-3,-1.47733E-3,-1.52625E-3,-3.42568E-3,-1.96713E-3,-2.31564E-3,-2.03495E-3,-2.78620E-3,-3.27237E-3,9.58158E-4,1.02858E-3,-1.50362E-3,-2.36467E-3,-2.02654E-3,-1.12866E-3,-6.72692E-4,-4.29327E-4,-2.68047E-3,1.79060E-3,2.93269E-2,5.35445E-2,1.29480E-2,-1.17254E-1,-1.90096E-1,-1.34315E-1,-1.74783E-2,3.33163E-3,-1.98567E-2,-2.59864E-2,-2.05904E-2,-2.20097E-2,-2.16406E-2,-2.40360E-2,-2.50450E-2,-2.13277E-2,-2.25989E-2,-2.21475E-2,-2.34560E-2,-2.35131E-2,-2.02491E-2,-1.87555E-2,-1.83664E-2,-1.86969E-2,-1.95453E-2,-1.94274E-2,-1.99250E-2,-1.77668E-2,-1.65600E-2,-1.44758E-2,-1.50302E-2,-1.83453E-2,-1.35487E-2,-1.52207E-2,-1.51095E-2,-1.58942E-2,-1.23746E-2,-1.09198E-2,-1.08285E-2,-1.14093E-2,-1.32859E-2,-1.47434E-2,-1.37496E-2,-1.18603E-2,-1.43136E-2,-1.14202E-2,-9.55692E-3,-1.06519E-2,-9.41394E-3,-1.20905E-2,-1.08217E-2,-1.04078E-2,-9.50175E-3,-1.02964E-2,-1.14447E-2,-1.04954E-2,-9.78749E-3,-8.56685E-3,-6.79002E-3,-9.43968E-3,-5.51370E-3,-6.08758E-3,-5.82379E-3,-7.21663E-3,-9.21685E-3,-6.79922E-3,-8.52026E-3,-6.71239E-3,-6.61311E-3,-7.81532E-3,-4.69008E-3,-8.72273E-3,-5.56692E-3,-6.44729E-3,-7.25280E-3,-8.04961E-3,-9.52117E-3,-7.02395E-3,-1.03494E-2,-9.62259E-3,-1.08177E-2,-7.96509E-3,-8.50947E-3,-9.89355E-3,-1.21060E-2,-1.12663E-2,-6.42525E-3,-2.48495E-3,-6.00578E-3,-4.23360E-3,-3.80408E-3,-6.11119E-3,-7.13138E-3
1.59963E+3,NaN,-9.05742E-4,-9.67595E-4,-9.65230E-4,-1.39204E-3,7.55791E-4,2.09223E-3,5.36464E-4,2.86815E-4,1.18787E-3,2.41864E-4,-4.60013E-4,4.60580E-4,-2.96145E-4,-1.19831E-3,-5.01852E-4,-2.91037E-3,-3.87752E-3,1.42130E-3,9.36378E-4,2.40585E-3,-3.05217E-3,-3.96200E-3,-3.62015E-3,-1.98885E-3,-1.50479E-3,-4.07804E-4,-3.52571E-4,-4.13478E-3,1.18959E-3,-2.75416E-4,-3.74190E-4,-3.35840E-3,-3.69312E-3,-2.13112E-4,1.76756E-3,-2.21180E-3,-3.79251E-3,-1.40112E-3,-1.29509E-4,-2.10633E-4,4.90495E-4,-2.20583E-3,9.25624E-4,3.01977E-2,5.66698E-2,1.44000E-2,-1.19912E-1,-1.89881E-1,-1.29156E-1,-8.85855E-3,5.08509E-3,-2.03791E-2,-2.62952E-2,-1.71993E-2,-2.27134E-2,-2.05135E-2,-2.13947E-2,-2.29152E-2,-2.03685E-2,-2.11025E-2,-2.08108E-2,-2.27671E-2,-2.26281E-2,-1.82488E-2,-1.70978E-2,-1.80277E-2,-1.81716E-2,-1.97164E-2,-1.82113E-2,-1.76293E-2,-1.57137E-2,-1.64218E-2,-1.45950E-2,-1.64576E-2,-1.76626E-2,-1.42595E-2,-1.54854E-2,-1.28775E-2,-1.41791E-2,-1.06924E-2,-9.53049E-3,-1.14424E-2,-1.26799E-2,-1.49301E-2,-1.31679E-2,-1.28019E-2,-1.31449E-2,-1.37743E-2,-9.93421E-3,-7.98630E-3,-9.83890E-3,-9.29595E-3,-1.12280E-2,-1.01431E-2,-8.56427E-3,-9.55847E-3,-7.98135E-3,-1.06846E-2,-8.89153E-3,-9.36116E-3,-8.42857E-3,-6.12588E-3,-9.31373E-3,-6.21612E-3,-7.29701E-3,-5.09220E-3,-5.07749E-3,-7.18179E-3,-5.38302E-3,-8.11411E-3,-6.56570E-3,-5.65000E-3,-6.41265E-3,-4.65516E-3,-6.35920E-3,-5.40483E-3,-7.14123E-3,-5.62307E-3,-8.39466E-3,-9.52764E-3,-7.49772E-3,-7.32625E-3,-7.64623E-3,-7.64138E-3,-7.45368E-3,-7.51515E-3,-7.96611E-3,-8.05779E-3,-9.87079E-3,-6.63389E-3,-2.98052E-3,-3.96925E-3,-3.33394E-3,-2.50637E-3,-4.62966E-3,-5.51616E-3
1.60315E+3,NaN,-3.69246E-4,-1.69320E-5,-8.08696E-4,-2.92872E-3,-7.35014E-4,3.18978E-3,1.09521E-3,3.69230E-4,5.79005E-4,-8.64521E-4,-1.52880E-3,-8.47333E-4,1.99149E-5,-9.74792E-4,1.39009E-4,-3.27081E-3,-4.48074E-3,3.29922E-4,-3.43200E-3,2.29939E-3,-3.13688E-3,-4.67032E-3,-4.52751E-3,-9.05464E-4,-3.45040E-3,-1.23971E-3,-3.67529E-3,-4.52926E-3,3.17578E-5,-1.87592E-3,2.43608E-4,-2.40901E-3,-2.33467E-3,3.59796E-3,7.24876E-4,-5.39086E-4,-3.04742E-3,-3.07126E-3,-8.44915E-4,-3.11408E-3,-1.83898E-3,-2.95067E-3,-2.37601E-3,3.08136E-2,5.96253E-2,1.97603E-2,-1.30388E-1,-2.06787E-1,-1.36200E-1,-2.85738E-3,3.84045E-3,-2.61004E-2,-2.77027E-2,-1.65004E-2,-2.42492E-2,-2.16020E-2,-2.33684E-2,-2.47969E-2,-2.28541E-2,-2.37699E-2,-2.23858E-2,-2.32527E-2,-2.41087E-2,-1.79168E-2,-1.91147E-2,-1.83865E-2,-1.92107E-2,-1.96794E-2,-1.93707E-2,-1.87603E-2,-1.66644E-2,-1.64879E-2,-1.45220E-2,-1.77954E-2,-1.75169E-2,-1.38355E-2,-1.67112E-2,-1.39731E-2,-1.43728E-2,-1.17774E-2,-9.44871E-3,-1.09390E-2,-1.13256E-2,-1.51865E-2,-1.10812E-2,-1.29800E-2,-1.18692E-2,-1.13290E-2,-1.01878E-2,-8.22619E-3,-1.16386E-2,-9.24411E-3,-1.18328E-2,-9.80898E-3,-9.95185E-3,-1.02977E-2,-9.92447E-3,-9.52793E-3,-6.86723E-3,-7.44732E-3,-7.68684E-3,-6.60317E-3,-9.17095E-3,-6.43289E-3,-7.22562E-3,-4.73039E-3,-5.57469E-3,-8.09930E-3,-7.63203E-3,-8.61071E-3,-6.12163E-3,-5.94247E-3,-7.92653E-3,-3.94752E-3,-5.76737E-3,-6.80633E-3,-6.30153E-3,-6.54901E-3,-5.46802E-3,-1.00041E-2,-5.91552E-3,-8.10413E-3,-7.94616E-3,-9.12826E-3,-7.97969E-3,-8.01867E-3,-9.26865E-3,-9.47539E-3,-9.74038E-3,-8.51706E-3,-3.78287E-3,-5.05909E-3,-5.19594E-3,-3.06816E-3,-5.06069E-3,-5.25871E-3
1.60668E+3,NaN,-2.14921E-3,-1.16502E-3,3.02009E-4,2.02712E-4,6.10248E-4,2.14634E-3,6.71987E-5,-4.25617E-5,2.44340E-3,1.46939E-4,-1.27850E-3,-1.39334E-3,-5.25900E-4,-1.72508E-3,-1.33708E-3,-1.40060E-3,-2.88794E-3,5.68337E-5,1.45650E-3,2.50095E-3,-4.47328E-3,-3.46234E-3,-1.98835E-3,-5.77516E-4,-2.30389E-3,-1.03000E-3,-1.15487E-3,-5.14835E-3,-1.32019E-3,-2.17585E-3,-1.81866E-3,-4.13140E-3,-2.14481E-3,7.91624E-4,1.14420E-3,-5.47265E-4,-2.49262E-3,-2.07730E-3,-9.55514E-4,-7.63473E-4,-8.22505E-4,-2.19968E-3,5.06859E-4,3.12644E-2,5.86692E-2,1.63087E-2,-1.35138E-1,-2.11893E-1,-1.42782E-1,-1.29067E-2,4.61150E-3,-2.45626E-2,-2.72479E-2,-1.99567E-2,-2.71325E-2,-2.32363E-2,-2.62613E-2,-2.66180E-2,-2.46744E-2,-2.51508E-2,-2.37447E-2,-2.50074E-2,-2.40286E-2,-2.05308E-2,-2.01782E-2,-2.14726E-2,-2.15755E-2,-2.02886E-2,-2.14732E-2,-1.92082E-2,-1.95979E-2,-1.93149E-2,-1.80925E-2,-1.86863E-2,-2.16978E-2,-1.63189E-2,-1.58642E-2,-1.38572E-2,-1.74647E-2,-1.42596E-2,-1.19847E-2,-1.20484E-2,-1.24204E-2,-1.61025E-2,-1.44768E-2,-1.59527E-2,-1.22213E-2,-1.40167E-2,-1.03964E-2,-1.00313E-2,-1.03576E-2,-9.30308E-3,-1.23468E-2,-1.10068E-2,-1.14975E-2,-1.07829E-2,-1.00681E-2,-1.10756E-2,-9.71009E-3,-7.88962E-3,-8.19070E-3,-6.14246E-3,-8.11115E-3,-6.21396E-3,-8.22675E-3,-7.26045E-3,-6.50434E-3,-8.19228E-3,-6.01832E-3,-9.56752E-3,-7.82438E-3,-7.35014E-3,-7.96265E-3,-5.88435E-3,-7.20707E-3,-4.42406E-3,-7.82591E-3,-7.82294E-3,-8.08614E-3,-1.10458E-2,-6.00268E-3,-7.26723E-3,-8.71764E-3,-8.74912E-3,-8.41022E-3,-8.62147E-3,-1.07081E-2,-8.49026E-3,-1.05654E-2,-6.75810E-3,-5.48722E-3,-4.81732E-3,-5.52852E-3,-5.19402E-3,-5.72835E-3,-6.08008E-3
1.61021E+3,NaN,-8.97667E-4,-1.03420E-3,-5.58710E-4,-4.73479E-4,2.72037E-4,1.37153E-3,1.08204E-3,3.62377E-4,2.09454E-3,6.70595E-4,-7.45441E-4,-2.09521E-3,-4.70639E-4,-2.43661E-5,6.38535E-4,-2.47654E-3,-1.43940E-3,1.54360E-3,1.15430E-4,1.55309E-3,-1.88545E-3,-2.69991E-3,-3.49499E-3,-1.74523E-3,-2.16263E-3,-2.01233E-3,-1.60956E-3,-3.17113E-3,-7.39971E-4,-1.99067E-3,-5.35258E-4,-2.40339E-3,-5.43625E-4,8.46768E-4,1.10865E-3,5.35095E-4,-2.45827E-4,-1.39481E-3,3.52078E-4,7.92273E-4,8.22393E-4,-1.14685E-3,3.83799E-3,3.14127E-2,6.04515E-2,1.02333E-2,-1.41665E-1,-2.12368E-1,-1.41054E-1,-2.05400E-2,-3.59541E-4,-2.45771E-2,-2.89528E-2,-2.25769E-2,-2.68630E-2,-2.56659E-2,-2.62745E-2,-2.51090E-2,-2.35211E-2,-2.70634E-2,-2.56133E-2,-2.73511E-2,-2.36496E-2,-1.93927E-2,-2.02144E-2,-2.15735E-2,-2.28262E-2,-2.12632E-2,-2.10341E-2,-2.15290E-2,-1.97305E-2,-1.76299E-2,-1.77019E-2,-2.03504E-2,-2.10307E-2,-1.45134E-2,-1.70666E-2,-1.49850E-2,-1.54039E-2,-1.30346E-2,-1.18677E-2,-1.21499E-2,-1.25246E-2,-1.50050E-2,-1.40239E-2,-1.39062E-2,-1.28663E-2,-1.21334E-2,-9.78059E-3,-1.15183E-2,-1.12825E-2,-1.16204E-2,-1.27985E-2,-8.96337E-3,-1.05495E-2,-1.04582E-2,-1.06502E-2,-1.12032E-2,-8.42371E-3,-7.33595E-3,-5.46374E-3,-6.71952E-3,-7.80443E-3,-5.25639E-3,-7.08102E-3,-6.66459E-3,-5.11238E-3,-4.96773E-3,-5.66629E-3,-7.88162E-3,-6.35692E-3,-6.25766E-3,-8.20696E-3,-4.95022E-3,-5.92978E-3,-6.22326E-3,-7.59293E-3,-6.53717E-3,-9.38177E-3,-1.11743E-2,-5.43480E-3,-7.26492E-3,-8.20923E-3,-1.01577E-2,-7.96030E-3,-9.98903E-3,-8.21259E-3,-9.64818E-3,-8.90551E-3,-7.59753E-3,-3.24362E-3,-7.03443E-3,-4.74176E-3,-4.25123E-3,-4.31079E-3,-5.87041E-3
1.61374E+3,NaN,-2.56220E-3,8.84558E-4,2.38750E-3,1.44393E-3,-9.82674E-6,3.80471E-4,1.44167E-5,1.56562E-4,2.55921E-3,-3.22431E-4,-9.24036E-4,-3.37203E-4,-1.09799E-3,-2.06824E-3,-1.94216E-3,-2.35407E-3,-4.12685E-4,1.29018E-3,5.85686E-4,2.31977E-4,-2.72474E-3,-1.62787E-3,-1.05664E-3,-9.99834E-4,-1.74319E-3,-2.31834E-3,-3.24724E-3,-2.34908E-3,-4.65004E-4,-7.82970E-4,-2.20985E-4,-1.51006E-3,-1.15293E-3,-4.32828E-4,-1.04622E-3,-1.24819E-3,-2.21389E-3,-1.55375E-3,-7.20309E-4,-9.38804E-4,6.34971E-4,-1.34693E-3,4.80743E-3,3.41444E-2,6.11328E-2,1.96830E-4,-1.45024E-1,-2.09773E-1,-1.33733E-1,-2.33521E-2,-3.84378E-3,-2.58905E-2,-2.81361E-2,-2.18581E-2,-2.67904E-2,-2.86143E-2,-2.92810E-2,-2.79206E-2,-2.69163E-2,-2.78693E-2,-2.69915E-2,-2.80457E-2,-2.70745E-2,-2.54070E-2,-2.59118E-2,-2.31223E-2,-2.28983E-2,-2.38341E-2,-2.30955E-2,-2.36434E-2,-2.18763E-2,-2.02864E-2,-1.88820E-2,-2.05042E-2,-2.03266E-2,-1.74573E-2,-1.91089E-2,-1.82611E-2,-1.69336E-2,-1.36373E-2,-1.28444E-2,-1.39702E-2,-1.61710E-2,-1.68256E-2,-1.48027E-2,-1.43995E-2,-1.49483E-2,-1.49506E-2,-1.16925E-2,-9.64925E-3,-1.04666E-2,-1.24758E-2,-1.46559E-2,-1.19222E-2,-1.20410E-2,-1.26740E-2,-1.15661E-2,-1.23744E-2,-9.39709E-3,-9.23871E-3,-9.40820E-3,-9.22677E-3,-8.30329E-3,-6.29711E-3,-9.93214E-3,-5.66623E-3,-6.54065E-3,-7.70170E-3,-6.65627E-3,-8.92244E-3,-1.02832E-2,-5.73950E-3,-8.85714E-3,-5.67069E-3,-7.45011E-3,-7.07260E-3,-1.04006E-2,-7.67147E-3,-7.94683E-3,-1.04507E-2,-5.97849E-3,-9.14120E-3,-9.63808E-3,-1.01753E-2,-7.24647E-3,-8.13216E-3,-1.06492E-2,-1.03614E-2,-9.09381E-3,-8.04058E-3,-3.90991E-3,-6.42392E-3,-3.83233E-3,-6.73114E-3,-6.75538E-3,-1.01918E-2
1.61727E+3,NaN,-1.72214E-3,7.64500E-4,-7.24027E-4,1.22993E-3,7.41633E-5,-4.50766E-4,-4.69269E-4,9.96065E-4,-5.43708E-4,-1.41769E-3,-4.46326E-4,-1.32249E-3,-2.72453E-3,-1.00033E-3,-9.98348E-4,-3.61788E-3,-2.51052E-3,-8.10617E-4,-1.22958E-3,-2.69324E-3,-4.95874E-3,-2.55058E-3,-1.05287E-3,-2.06014E-3,-1.27703E-3,-8.25801E-4,-2.68473E-3,-1.97204E-3,-1.01100E-3,-1.48651E-3,-2.50595E-3,-2.27005E-3,-1.77324E-4,5.70269E-4,1.61230E-4,-1.34732E-3,-2.47792E-3,-2.76220E-3,-1.73549E-3,-2.09093E-4,-1.21359E-4,-2.65079E-3,3.86429E-3,3.19763E-2,5.86858E-2,-8.14673E-3,-1.44597E-1,-2.00689E-1,-1.21165E-1,-2.40311E-2,-9.68554E-3,-2.55837E-2,-2.39905E-2,-2.33850E-2,-2.66530E-2,-2.59475E-2,-2.71506E-2,-2.58719E-2,-2.59401E-2,-2.59537E-2,-2.50929E-2,-2.54708E-2,-2.36702E-2,-2.35128E-2,-2.30268E-2,-2.18905E-2,-2.30554E-2,-2.26728E-2,-2.16534E-2,-2.04752E-2,-1.92874E-2,-1.97944E-2,-1.91222E-2,-1.94279E-2,-1.81525E-2,-1.60539E-2,-1.76799E-2,-1.72243E-2,-1.55517E-2,-1.45434E-2,-1.41207E-2,-1.43907E-2,-1.50171E-2,-1.61172E-2,-1.52769E-2,-1.34687E-2,-1.27955E-2,-1.28288E-2,-1.12807E-2,-1.02414E-2,-1.08273E-2,-1.15148E-2,-1.12904E-2,-1.04669E-2,-1.18237E-2,-9.63075E-3,-1.00808E-2,-1.19324E-2,-1.02290E-2,-7.83000E-3,-9.01541E-3,-7.77353E-3,-9.75510E-3,-7.49694E-3,-9.12927E-3,-5.69550E-3,-5.98078E-3,-6.89333E-3,-7.42629E-3,-6.17008E-3,-6.35784E-3,-5.92344E-3,-9.19731E-3,-7.17366E-3,-7.82368E-3,-6.17467E-3,-5.50225E-3,-7.42370E-3,-6.08406E-3,-1.09988E-2,-7.47524E-3,-8.38944E-3,-8.85760E-3,-9.06582E-3,-7.30653E-3,-8.14409E-3,-9.72510E-3,-7.78494E-3,-9.86728E-3,-4.71062E-3,-5.94905E-3,-3.07242E-3,-4.45378E-3,-2.88213E-3,-5.09216E-3,-7.60604E-3
1.62080E+3,NaN,-7.05318E-4,-3.92842E-5,8.86791E-4,2.93276E-3,-7.48851E-4,-1.04960E-3,-1.46682E-3,-9.95084E-4,-3.07613E-3,-5.64552E-3,-4.73093E-3,-3.89155E-3,-3.57610E-3,-2.94215E-3,-3.27367E-3,-4.66998E-3,-4.14072E-3,-3.74799E-3,-2.68381E-3,-4.75425E-3,-4.25030E-3,-5.08988E-3,-4.73499E-3,-3.37394E-3,-4.21543E-3,-5.42229E-3,-5.33650E-3,-3.52712E-3,-4.21559E-3,-4.27394E-3,-1.15259E-3,-2.47605E-3,-2.74041E-3,-9.42164E-4,-6.54182E-4,-5.57502E-4,-2.42548E-3,-3.87584E-3,-3.22100E-3,-2.16285E-3,-2.38079E-3,-5.09248E-3,4.89669E-4,3.37330E-2,6.64577E-2,-1.47004E-2,-1.58261E-1,-2.09963E-1,-1.22005E-1,-2.61043E-2,-1.20557E-2,-2.84540E-2,-2.89803E-2,-2.86117E-2,-2.88769E-2,-3.18297E-2,-3.18372E-2,-2.85560E-2,-2.94883E-2,-2.93959E-2,-2.82527E-2,-2.94558E-2,-2.65332E-2,-2.51537E-2,-2.44824E-2,-2.43273E-2,-2.56189E-2,-2.58734E-2,-2.62055E-2,-2.41813E-2,-2.29404E-2,-2.28374E-2,-2.13936E-2,-2.38194E-2,-2.17251E-2,-1.99870E-2,-2.07095E-2,-2.06291E-2,-1.83206E-2,-1.73384E-2,-1.76753E-2,-1.81525E-2,-1.78901E-2,-1.73421E-2,-1.42218E-2,-1.40794E-2,-1.38814E-2,-1.44165E-2,-1.44723E-2,-1.29483E-2,-1.20331E-2,-1.35265E-2,-1.31943E-2,-1.42053E-2,-1.45123E-2,-1.48490E-2,-1.43144E-2,-1.39417E-2,-1.34873E-2,-1.20473E-2,-1.29712E-2,-1.01731E-2,-1.31647E-2,-8.30329E-3,-9.12997E-3,-7.64190E-3,-8.67287E-3,-6.50634E-3,-6.50130E-3,-8.87916E-3,-6.81273E-3,-8.11255E-3,-8.67760E-3,-6.76155E-3,-1.01535E-2,-7.68305E-3,-7.92916E-3,-9.53067E-3,-9.16172E-3,-1.25778E-2,-7.48405E-3,-8.77491E-3,-1.10309E-2,-9.90171E-3,-1.11535E-2,-8.63779E-3,-9.55639E-3,-1.00261E-2,-1.14117E-2,-1.16037E-2,-7.87782E-3,-8.52143E-3,-7.20056E-3,-8.59651E-3,-9.80525E-3,-1.00493E-2
1.62434E+3,NaN,-1.80390E-2,2.15483E-2,1.36457E-1,-8.84960E-2,-2.92509E-2,7.40904E-2,-4.72991E-2,4.98581E-2,-1.54921E-2,-5.88885E-2,-2.04256E-2,1.41692E-2,1.78866E-1,4.38673E-2,-7.84838E-2,6.83241E-2,1.22594E-1,6.93212E-2,-1.75716E-2,-1.98267E-1,-1.63568E-1,-1.17453E-2,1.44930E-2,5.34789E-2,-1.92275E-2,-6.80908E-2,1.34742E-1,1.06625E-1,1.24544E-1,1.47037E-1,1.43670E-1,1.05912E-1,1.27533E-1,4.01991E-2,1.14841E-1,8.98972E-2,1.41914E-1,1.70549E-1,1.59305E-1,1.28115E-1,1.12132E-1,1.92670E-1,1.15743E-1,7.76897E-2,-1.04728E-2,-2.05559E-2,-1.76075E-2,1.95252E-2,1.38771E-1,7.70705E-2,-1.92722E-3,1.65278E-1,4.63819E-2,8.17139E-2,-1.06789E-1,1.41230E-2,4.48291E-2,-5.24663E-4,5.06861E-2,6.43847E-2,1.41478E-1,1.55082E-1,1.39338E-1,5.39228E-2,1.38208E-2,3.03003E-2,-7.29779E-3,1.25987E-2,1.26079E-2,6.70990E-2,1.01339E-1,2.43247E-2,1.87972E-1,8.76161E-2,5.15490E-2,8.12349E-2,1.09762E-1,7.01511E-2,3.77498E-2,-2.60418E-2,-3.31504E-2,1.71960E-2,2.77427E-2,-4.28676E-2,-3.36384E-3,-1.60500E-1,-1.23755E-1,-5.29079E-2,-1.57984E-1,-1.74333E-1,-4.29970E-2,-1.47828E-1,-2.09251E-1,-1.89988E-1,-1.31937E-1,-1.68089E-1,-1.61044E-1,-9.87510E-2,-5.09278E-2,-9.84334E-2,-3.75560E-2,2.00562E-2,5.02210E-2,-1.29236E-1,-3.63743E-2,-1.45913E-2,-1.39970E-1,-1.25119E-1,-1.44683E-1,-1.26827E-1,3.70491E-2,4.85735E-2,-3.51708E-2,-1.88592E-2,-1.07150E-2,-1.28092E-1,-1.87286E-2,-1.36335E-1,-1.13788E-1,-3.22703E-2,1.09245E-1,-9.08737E-3,-8.94246E-2,-1.20174E-1,-6.63115E-2,-9.54680E-2,-3.54828E-1,-1.31333E-1,-2.50830E-1,-1.60922E-1,-2.62378E-1,-3.34338E-2,-5.72987E-2,-4.59693E-2,-1.37136E-1,-1.45255E-2
1.62787E+3,NaN,-8.60737E-2,-7.56903E-2,-2.09904E-2,1.57806E-1,-2.23883E-2,2.23944E-2,1.40252E-1,1.04313E-2,-1.28284E-2,5.25787E-2,-3.02015E-2,-5.26342E-3,-2.08507E-2,-5.37056E-2,3.67385E-2,4.13572E-2,-1.81384E-2,2.89707E-2,2.63311E-2,1.53109E-1,1.83933E-2,6.45528E-2,6.48839E-2,-2.08665E-2,9.26859E-4,-1.47319E-2,-3.53850E-2,-1.19132E-2,-1.82674E-2,-1.49178E-1,-1.93788E-1,-1.15570E-1,-7.56873E-2,-7.38609E-2,-7.25147E-2,-1.01841E-1,-1.00120E-1,-4.17353E-2,-3.67259E-2,-9.61221E-2,-7.81163E-2,-1.72681E-1,4.02224E-3,2.77178E-2,-1.97902E-2,7.75949E-2,1.78481E-2,-5.01588E-2,-8.20738E-2,5.23915E-3,5.91331E-3,-4.75254E-2,-5.89324E-3,-2.36438E-2,8.42682E-3,5.02340E-2,-3.66575E-2,-2.12505E-2,-5.24294E-2,-1.18454E-1,-1.34326E-1,-6.71112E-2,-1.81178E-1,-2.23945E-2,-7.25538E-2,-2.34902E-2,-1.27366E-2,1.34650E-2,-2.69742E-2,-1.12697E-1,-5.60178E-2,-3.53026E-2,-1.91589E-2,-1.46550E-1,-9.25169E-2,2.39160E-2,-3.62620E-2,3.44290E-2,-1.84775E-1,-2.18502E-2,-1.10744E-1,-6.39414E-2,1.66147E-2,-6.63421E-2,4.86666E-3,7.78758E-2,-4.40081E-2,1.69668E-2,1.78437E-1,1.71884E-1,8.82134E-2,1.23526E-2,8.63336E-2,4.21146E-2,1.87828E-1,5.25525E-2,4.81251E-2,8.28417E-2,1.18238E-1,4.89965E-2,-7.03735E-3,-3.80214E-4,-8.86861E-2,1.25723E-3,-6.23207E-2,-6.90057E-2,7.47977E-2,-4.05887E-2,3.05813E-2,7.70472E-2,-4.21984E-2,-3.51485E-2,-1.22398E-1,5.19487E-3,2.18321E-2,1.03742E-1,-2.12136E-2,8.82219E-3,5.40310E-2,7.46381E-2,-4.93314E-2,-2.61273E-2,-7.29319E-3,-5.97120E-2,-2.28395E-2,1.11342E-1,1.87427E-1,2.21446E-1,1.15852E-1,2.05723E-1,2.16948E-1,5.76121E-2,-3.35810E-2,-6.33552E-3,-1.51240E-2,-4.48784E-2
1.63140E+3,1.07003E-2,2.78992E-2,-4.77408E-3,-6.78658E-3,1.31876E-2,-1.46336E-2,-2.55928E-2,-1.07294E-2,1.11555E-1,8.12039E-2,9.20791E-2,1.45851E-2,-1.65944E-2,3.70162E-2,9.34521E-2,7.81342E-2,1.60556E-1,1.12573E-1,7.37198E-2,1.21325E-1,6.60913E-2,6.14175E-2,1.35791E-2,-7.84109E-3,-1.07631E-2,6.11736E-3,-7.36642E-2,-2.27386E-2,-2.73375E-2,7.03522E-2,7.45215E-2,-5.97868E-2,-2.02821E-2,-1.51912E-2,6.30724E-2,4.94766E-2,1.27698E-2,1.45569E-2,3.15578E-2,8.89558E-3,1.10629E-2,1.57812E-2,-4.29574E-2,-6.44939E-2,9.57315E-2,2.25247E-3,4.05762E-2,1.98496E-4,5.36443E-2,-3.07960E-2,5.89420E-2,-5.23839E-2,-1.67949E-2,6.16800E-2,7.77141E-2,-1.04561E-2,9.04740E-2,5.25191E-2,9.70437E-2,1.93130E-2,1.07709E-3,8.63345E-3,-9.16629E-3,-9.69529E-2,1.80328E-2,-4.81278E-2,4.12106E-2,1.01301E-1,1.18154E-2,-4.51845E-3,-4.27935E-2,8.36145E-2,-7.41495E-2,-3.55403E-2,3.06384E-2,6.32196E-2,-4.94932E-2,-3.94478E-3,8.11194E-2,8.42278E-3,-1.14675E-2,3.93417E-2,8.25022E-2,3.89422E-2,8.98390E-2,1.87497E-2,1.19534E-3,5.10744E-2,2.47199E-2,6.28080E-2,7.87946E-2,7.00577E-2,1.76932E-1,1.16490E-1,4.04940E-2,1.70757E-1,1.07716E-1,1.27463E-1,1.23249E-1,8.95830E-2,8.14209E-2,7.05855E-2,-6.03960E-2,-3.41442E-2,3.56753E-2,1.50634E-3,-5.62863E-2,-1.19393E-2,-1.49304E-2,1.23111E-1,6.37763E-2,2.48931E-2,-6.46915E-2,6.11870E-2,-6.70884E-2,7.05088E-2,2.60583E-2,-9.08916E-2,4.97804E-2,9.18525E-2,-1.21928E-2,-9.15721E-3,8.68265E-2,8.24961E-3,7.40200E-2,4.00205E-2,6.89905E-2,1.50479E-1,2.74268E-1,9.15690E-2,7.97604E-2,1.88653E-2,-1.63546E-2,6.31491E-2,-1.96748E-2,7.64407E-2,NaN
file info:Date: December 18, 2025
Sample: 
Solvent: 
Pump energy (uJ): 
Pump wavelength (nm): 
Cuvette length (mm): 2
Comments: Time Zero: 67.480 ps
Averaging time: 1.5 s
Number of scans: 3
Measurement time: 00:14:32
Dec 24, 2025 9:43 PM : Background subtracted. Spectra used: 7
Dec 24, 2025 9:43 PM : Chirp corrected
Dec 24, 2025 9:43 PM : Data saved.
Jan 9, 2026 5:47 PM : Data saved.
Time units: ps
Z axis title: dA