Cu,Ni,Al,r,del_r,del_EN,S,VEC,resistivity
0.0,0.0,1.0,1.25,0.0,0.0,-0.0,3.0,427.12402
0.0,0.02,0.98,1.252,0.014,0.0419999999999999,0.8150971878076918,3.14,578.22107
0.0,0.04,0.96,1.254,0.0195959179422654,0.0587877538267962,1.3962876442619143,3.28,548.87384
0.0,0.06,0.94,1.2559999999999998,0.0237486841740758,0.0712460525222274,1.8870079820700256,3.42,534.501
0.0,0.08,0.92,1.2580000000000002,0.027129319932501,0.0813879597975031,2.317688556884036,3.5600000000000005,478.60425
0.0,0.1,0.9,1.26,0.03,0.0899999999999999,2.7027398407765,3.7,424.40314
0.0,0.12,0.88,1.262,0.0324961536185438,0.0974884608556314,3.050614377441308,3.84,370.98654
0.0,0.14,0.86,1.264,0.0346987031457949,0.1040961094373847,3.366866414821585,3.98,317.28162
0.0,0.16,0.84,1.266,0.0366606055596467,0.1099818166789401,3.6554153773427656,4.12,271.73608
0.0,0.18,0.82,1.2679999999999998,0.0384187454245971,0.1152562362737912,3.9191654493391233,4.26,247.39174
0.0,0.2,0.8,1.27,0.04,0.1199999999999999,4.160345749296494,4.4,233.9988
0.0,0.22,0.78,1.2720000000000002,0.0414246303544159,0.1242738910632478,4.380712791340496,4.54,217.96312
0.0,0.24,0.76,1.274,0.0427083130081252,0.1281249390243756,4.581678522115092,4.68,218.74252
0.0,0.26,0.74,1.276,0.0438634243989226,0.1315902731967677,4.764395209030629,4.82,227.92291
0.0,0.28,0.72,1.278,0.0448998886412873,0.1346996659238618,4.929813881258303,4.960000000000001,243.6924
0.0,0.3,0.7,1.28,0.0458257569495584,0.1374772708486751,5.078725807284385,5.1,251.83153
0.0,0.32,0.68,1.282,0.0466476151587624,0.1399428454762871,5.211792670257152,5.24,256.59717
0.0,0.34,0.66,1.2840000000000005,0.047370877129308,0.142112631387924,5.329568963103927,5.380000000000001,265.2698
0.0,0.36,0.64,1.286,0.048,0.1439999999999999,5.432518871514836,5.52,248.56885
0.0,0.38,0.62,1.288,0.0485386443980464,0.145615933194139,5.521029148253994,5.66,232.83188
0.0,0.4,0.6,1.29,0.0489897948556636,0.1469693845669906,5.595418999514958,5.8,248.57149
0.0,0.42,0.58,1.292,0.0493558507170123,0.1480675521510367,5.655947689597564,5.94,275.26602
0.0,0.44,0.56,1.294,0.0496386945839634,0.1489160837518902,5.702820359298228,6.08,305.81516
0.0,0.46,0.54,1.2960000000000005,0.0498397431775084,0.1495192295325252,5.736192407823133,6.220000000000001,326.5011
0.0,0.48,0.52,1.298,0.0499599839871872,0.1498799519615614,5.756172684385939,6.359999999999999,339.68292
0.0,0.5,0.5,1.3,0.05,0.1499999999999999,5.762825659175385,6.5,340.32907
0.0,0.52,0.48,1.302,0.0499599839871872,0.1498799519615614,5.756172684385939,6.640000000000001,341.00803
0.0,0.54,0.46,1.3040000000000005,0.0498397431775084,0.1495192295325252,5.736192407823133,6.78,338.17447
0.0,0.56,0.44,1.306,0.0496386945839634,0.1489160837518902,5.702820359298228,6.920000000000001,335.8239
0.0,0.58,0.42,1.308,0.0493558507170123,0.1480675521510367,5.655947689597564,7.06,330.07034
0.0,0.6,0.4,1.31,0.0489897948556636,0.1469693845669906,5.595418999514958,7.2,327.87735
0.0,0.62,0.38,1.312,0.0485386443980464,0.145615933194139,5.521029148253994,7.34,328.80075
0.0,0.64,0.36,1.314,0.048,0.1439999999999999,5.432518871514836,7.48,330.06436
0.0,0.66,0.34,1.3160000000000005,0.047370877129308,0.142112631387924,5.329568963103927,7.620000000000001,323.0658
0.0,0.68,0.32,1.318,0.0466476151587624,0.1399428454762871,5.211792670257152,7.760000000000001,314.3555
0.0,0.7,0.3,1.3199999999999998,0.0458257569495584,0.1374772708486751,5.078725807284385,7.9,303.9447
0.0,0.72,0.28,1.322,0.0448998886412873,0.1346996659238618,4.929813881258303,8.04,291.897
0.0,0.74,0.26,1.324,0.0438634243989226,0.1315902731967677,4.764395209030629,8.18,280.37833
0.0,0.76,0.24,1.326,0.0427083130081252,0.1281249390243756,4.581678522115092,8.32,267.1608
0.0,0.78,0.22,1.3280000000000003,0.0414246303544159,0.1242738910632478,4.380712791340496,8.46,252.30707
0.0,0.8,0.2,1.33,0.04,0.1199999999999999,4.160345749296494,8.6,233.6828
0.0,0.82,0.18,1.332,0.0384187454245971,0.1152562362737912,3.9191654493391233,8.739999999999998,212.36024
0.0,0.84,0.16,1.334,0.0366606055596467,0.1099818166789401,3.6554153773427656,8.88,188.81062
0.0,0.86,0.14,1.336,0.0346987031457949,0.1040961094373847,3.366866414821585,9.02,160.18546
0.0,0.88,0.12,1.338,0.0324961536185438,0.0974884608556314,3.050614377441308,9.16,122.34241
0.0,0.9,0.1,1.34,0.03,0.0899999999999999,2.7027398407765,9.3,96.1393
0.0,0.92,0.08,1.3420000000000003,0.0271293199325011,0.0813879597975031,2.317688556884036,9.44,85.14247
0.0,0.94,0.06,1.344,0.0237486841740758,0.0712460525222274,1.8870079820700256,9.579999999999998,78.42495
0.0,0.96,0.04,1.346,0.0195959179422654,0.0587877538267962,1.3962876442619143,9.72,80.63944
0.0,0.98,0.02,1.348,0.014,0.0419999999999999,0.8150971878076918,9.86,90.17962
0.0,1.0,0.0,1.35,0.0,0.0,-0.0,10.0,90.92478
0.02,0.0,0.98,1.252,0.014,0.0405999999999999,0.8150971878076918,3.16,586.698
0.02,0.02,0.96,1.254,0.0195959179422654,0.0578166066109037,1.6268006706289295,3.3,553.6752
0.02,0.04,0.94,1.2559999999999998,0.0237486841740758,0.0704638914622233,2.20452670978221,3.44,533.6439
0.02,0.06,0.92,1.2580000000000002,0.027129319932501,0.0807190188245619,2.691708908272897,3.58,479.9895
0.02,0.08,0.9,1.26,0.03,0.089408948098051,3.11877441570615,3.72,423.22427
0.02,0.1,0.88,1.262,0.0324961536185438,0.0969554536887945,3.500130284303043,3.86,367.47986
0.02,0.12,0.86,1.264,0.0346987031457949,0.1036086868944877,3.844225404656561,4.0,313.59512
0.02,0.14,0.84,1.266,0.0366606055596467,0.1095315479667843,4.156610116652528,4.140000000000001,268.10983
0.02,0.16,0.82,1.268,0.0384187454245971,0.1148371020184678,4.441199657410138,4.28,236.25542
0.02,0.18,0.8,1.27,0.04,0.1196075248468924,4.700893717451795,4.42,220.53723
0.02,0.2,0.78,1.2720000000000002,0.0414246303544159,0.1239046407524753,4.937916584280041,4.5600000000000005,209.30402
0.02,0.22,0.76,1.274,0.0427083130081252,0.1277762106184088,5.154019569266032,4.700000000000001,223.7588
0.02,0.24,0.74,1.276,0.0438634243989226,0.1312598948651109,5.350609005372801,4.84,245.03084
0.02,0.26,0.72,1.278,0.0448998886412873,0.1343858623516625,5.528831090953099,4.98,261.93063
0.02,0.28,0.7,1.28,0.0458257569495584,0.1371785697549,5.689630280115564,5.12,265.27646
0.02,0.3,0.68,1.282,0.0466476151587624,0.139658010869409,5.8337907024125135,5.26,265.1875
0.02,0.32,0.66,1.2840000000000005,0.047370877129308,0.1418406147758814,5.961966271803785,5.4,254.38574
0.02,0.34,0.64,1.286,0.048,0.1437399039932891,6.074703005324023,5.540000000000001,235.81648
0.02,0.36,0.62,1.288,0.0485386443980464,0.1453669838718543,6.172455817660577,5.68,238.43864
0.02,0.38,0.6,1.29,0.0489897948556636,0.1467309101723286,6.255601292785992,5.819999999999999,251.99867
0.02,0.4,0.58,1.292,0.0493558507170123,0.1478389664466035,6.324447450504078,5.959999999999999,264.64984
0.02,0.42,0.56,1.294,0.0496386945839634,0.1486968728655716,6.379241210637819,6.1,294.80188
0.02,0.44,0.54,1.2960000000000005,0.0498397431775084,0.1493089414603156,6.420174045813954,6.24,317.68997
0.02,0.46,0.52,1.298,0.0499599839871872,0.1496781881237208,6.447386167064016,6.380000000000001,320.01633
0.02,0.48,0.5,1.3,0.05,0.1498064084076511,6.460969481306342,6.52,315.17535
0.02,0.5,0.48,1.302,0.0499599839871872,0.1496942216653668,6.460969481306342,6.66,310.85434
0.02,0.52,0.46,1.3040000000000005,0.0498397431775084,0.1493410861082775,6.447386167064016,6.8,308.3504
0.02,0.54,0.44,1.306,0.0496386945839634,0.1487452856395791,6.420174045813954,6.94,302.95743
0.02,0.56,0.42,1.3080000000000005,0.0493558507170123,0.1479038877109049,6.379241210637819,7.08,296.27423
0.02,0.58,0.4,1.31,0.0489897948556636,0.1468126697529882,6.324447450504078,7.22,291.44803
0.02,0.6,0.38,1.312,0.0485386443980464,0.1454660097754797,6.255601292785992,7.359999999999999,289.58777
0.02,0.62,0.36,1.314,0.048,0.1438567342879713,6.172455817660577,7.5,290.66483
0.02,0.64,0.34,1.3160000000000005,0.047370877129308,0.1419759134501341,6.074703005324024,7.640000000000001,283.46307
0.02,0.66,0.32,1.318,0.0466476151587624,0.1398125888466413,5.961966271803785,7.78,273.8179
0.02,0.68,0.3,1.3200000000000005,0.0458257569495584,0.1373534127715798,5.8337907024125135,7.92,262.96133
0.02,0.7,0.28,1.322,0.0448998886412873,0.1345821682096108,5.689630280115564,8.06,252.34526
0.02,0.72,0.26,1.324,0.0438634243989226,0.1314791238181939,5.528831090953099,8.2,238.37598
0.02,0.74,0.24,1.326,0.0427083130081252,0.1280201546632403,5.350609005372801,8.34,222.92897
0.02,0.76,0.22,1.3279999999999998,0.0414246303544159,0.1241755209370992,5.154019569266032,8.479999999999999,205.81773
0.02,0.78,0.2,1.33,0.04,0.1199081315007451,4.937916584280041,8.620000000000001,187.41634
0.02,0.8,0.18,1.332,0.0384187454245971,0.1151710032951002,4.700893717451795,8.760000000000002,162.29642
0.02,0.82,0.16,1.334,0.0366606055596467,0.109903412139933,4.441199657410138,8.9,134.83401
0.02,0.84,0.14,1.336,0.0346987031457949,0.1040248047342555,4.156610116652528,9.04,117.86889
0.02,0.86,0.12,1.338,0.0324961536185438,0.0974246375410244,3.844225404656562,9.18,103.80162
0.02,0.88,0.1,1.34,0.03,0.0899442049272769,3.5001302843030424,9.320000000000002,94.497406
0.02,0.9,0.08,1.342,0.027129319932501,0.0813410105666261,3.1187744157061505,9.46,85.50062
0.02,0.92,0.06,1.344,0.0237486841740758,0.0712092690595823,2.691708908272897,9.6,73.860405
0.02,0.94,0.04,1.346,0.0195959179422654,0.058763594171902,2.20452670978221,9.739999999999998,65.50657
0.02,0.96,0.02,1.348,0.014,0.0419947615780825,1.6268006706289295,9.88,77.750305
0.02,0.98,0.0,1.35,2.220446049250313e-16,0.0014,0.8150971878076918,10.02,84.71282
0.04,0.0,0.96,1.254,0.0195959179422654,0.0568281620325696,1.3962876442619143,3.32,551.8073
0.04,0.02,0.94,1.2559999999999998,0.0237486841740758,0.0696723761615749,2.20452670978221,3.46,533.3071
0.04,0.04,0.92,1.2580000000000002,0.027129319932501,0.0800439879066503,2.7787146096180657,3.6000000000000005,480.5972
0.04,0.06,0.9,1.26,0.03,0.088813512485432,3.262281740727996,3.74,422.02002
0.04,0.08,0.88,1.262,0.0324961536185438,0.0964190852476831,3.685651832865677,3.88,365.89676
0.04,0.1,0.86,1.264,0.0346987031457949,0.10311857252697,4.063228285151281,4.02,311.51047
0.04,0.12,0.84,1.266,0.0366606055596467,0.1090790539012875,4.403456080120489,4.16,267.61765
0.04,0.14,0.82,1.268,0.0384187454245971,0.1144160827855943,4.711881370352884,4.3,235.681
0.04,0.16,0.8,1.27,0.04,0.1192134220631216,4.992414899155793,4.44,214.98438
0.04,0.18,0.78,1.272,0.0414246303544159,0.1235339629413708,5.2479515260683245,4.58,212.14146
0.04,0.2,0.76,1.274,0.0427083130081252,0.1274262139435994,5.480710335838562,4.720000000000001,227.54413
0.04,0.22,0.74,1.276,0.0438634243989226,0.1309283773671696,5.692437026156727,4.859999999999999,253.47964
0.04,0.24,0.72,1.278,0.0448998886412873,0.1340710259526642,5.884531860928256,5.0,274.40268
0.04,0.26,0.7,1.28,0.0458257569495584,0.1368789246012693,6.058134463443345,5.14,278.41418
0.04,0.28,0.68,1.282,0.0466476151587624,0.1393723071488736,6.214182148876677,5.28,274.09976
0.04,0.3,0.66,1.284,0.047370877129308,0.1415677929474072,6.3534512775921295,5.42,255.79837
0.04,0.32,0.64,1.286,0.048,0.1434790577052971,6.476587287656865,5.5600000000000005,232.93524
0.04,0.34,0.62,1.2880000000000005,0.0485386443980464,0.1451173318387572,6.584126925102747,5.7,233.59253
0.04,0.36,0.6,1.29,0.0489897948556636,0.1464917745131103,6.676514935825558,5.84,249.0574
0.04,0.38,0.58,1.292,0.0493558507170123,0.1476097557751518,6.754116717408096,5.98,259.22073
0.04,0.4,0.56,1.294,0.0496386945839634,0.1484770689365868,6.817227945177318,6.120000000000001,278.81808
0.04,0.42,0.54,1.2960000000000005,0.0498397431775084,0.1490980885189343,6.8660818707865285,6.260000000000001,294.80136
0.04,0.44,0.52,1.298,0.0499599839871872,0.1494758843425921,6.900854778687821,6.4,298.72043
0.04,0.46,0.5,1.3000000000000005,0.05,0.1496122989596777,6.921669937617403,6.540000000000001,294.27213
0.04,0.48,0.48,1.302,0.0499599839871872,0.1495079930973591,6.928600277070284,6.68,295.0369
0.04,0.5,0.46,1.3040000000000005,0.0498397431775084,0.1491624617656868,6.921669937617403,6.82,295.33597
0.04,0.52,0.44,1.306,0.0496386945839634,0.1485740219553875,6.900854778687821,6.960000000000001,291.5211
0.04,0.54,0.42,1.3080000000000005,0.0493558507170123,0.147739771219533,6.8660818707865285,7.1000000000000005,281.9511
0.04,0.56,0.4,1.31,0.0489897948556636,0.1466555147275409,6.817227945177318,7.240000000000001,274.8746
0.04,0.58,0.38,1.312,0.0485386443980464,0.1453156564173316,6.754116717408096,7.380000000000001,270.20535
0.04,0.6,0.36,1.314,0.048,0.1437130474243726,6.676514935825558,7.52,266.04172
0.04,0.62,0.34,1.3160000000000005,0.047370877129308,0.1418387817206562,6.584126925102747,7.66,256.31042
0.04,0.64,0.32,1.318,0.0466476151587624,0.1396819243853691,6.476587287656865,7.800000000000001,245.32951
0.04,0.66,0.3,1.3200000000000005,0.0458257569495584,0.1372291514219918,6.3534512775921295,7.940000000000001,234.55812
0.04,0.68,0.28,1.3220000000000005,0.0448998886412873,0.1344642703471817,6.214182148876677,8.080000000000002,220.27208
0.04,0.7,0.26,1.324,0.0438634243989226,0.1313675759082125,6.058134463443345,8.22,204.70807
0.04,0.72,0.24,1.326,0.0427083130081252,0.1279149717585865,5.884531860928256,8.36,190.36281
0.04,0.74,0.22,1.3279999999999998,0.0414246303544159,0.1240767504410072,5.692437026156727,8.5,172.20529
0.04,0.76,0.2,1.33,0.04,0.1198158587166155,5.480710335838562,8.639999999999999,149.89157
0.04,0.78,0.18,1.3320000000000003,0.0384187454245971,0.1150853596249322,5.2479515260683245,8.780000000000001,131.90448
0.04,0.8,0.16,1.334,0.0366606055596467,0.1098245874110164,4.992414899155793,8.92,122.63453
0.04,0.82,0.14,1.336,0.0346987031457949,0.1039530663328407,4.711881370352884,9.06,113.13621
0.04,0.84,0.12,1.338,0.0324961536185438,0.0973603615441109,4.403456080120489,9.2,105.4031
0.04,0.86,0.1,1.34,0.03,0.0898879302242519,4.063228285151281,9.34,96.46162
0.04,0.88,0.08,1.3420000000000003,0.0271293199325011,0.0812935421789455,3.685651832865677,9.48,86.74621
0.04,0.9,0.06,1.344,0.0237486841740758,0.0711719045691485,3.2622817407279965,9.62,73.26881
0.04,0.92,0.04,1.3460000000000003,0.0195959179422654,0.0587387436024979,2.7787146096180657,9.76,63.329792
0.04,0.94,0.02,1.348,0.014,0.0419885698732404,2.20452670978221,9.9,66.42336
0.04,0.96,0.0,1.35,0.0,0.0019595917942265,1.3962876442619143,10.04,84.01534
0.06,0.0,0.94,1.2559999999999998,0.0237486841740758,0.0688711841048198,1.8870079820700256,3.4799999999999995,533.5137
0.06,0.02,0.92,1.2580000000000002,0.027129319932501,0.0793627116472212,2.691708908272897,3.62,478.9689
0.06,0.04,0.9,1.26,0.03,0.0882136043929732,3.262281740727996,3.76,420.4283
0.06,0.06,0.88,1.262,0.0324961536185438,0.0958792991213431,3.742153456542354,3.9,364.5864
0.06,0.08,0.86,1.264,0.0346987031457949,0.1026257277684303,4.161744132368746,4.04,310.62878
0.06,0.1,0.84,1.266,0.0366606055596467,0.1086243066721255,4.53545325927004,4.18,268.80737
0.06,0.12,0.82,1.2679999999999998,0.0384187454245971,0.1139931576893981,4.871721632475676,4.32,236.81305
0.06,0.14,0.8,1.27,0.04,0.1188176754527708,5.17609091075337,4.460000000000001,212.54102
0.06,0.16,0.78,1.2720000000000002,0.041424630354416,0.1231618447409747,5.452467006427155,4.6,215.80452
0.06,0.18,0.76,1.274,0.0427083130081252,0.1270749385205437,5.703739576281678,4.74,234.32677
0.06,0.2,0.74,1.276,0.0438634243989226,0.1305957120276158,5.932122091384087,4.88,261.5439
0.06,0.22,0.72,1.278,0.0448998886412873,0.1337551494335825,6.139354180367012,5.0200000000000005,281.47806
0.06,0.24,0.7,1.28,0.0458257569495584,0.1365783291741408,6.326829532073333,5.159999999999999,287.41364
0.06,0.26,0.68,1.282,0.0466476151587624,0.1390857289587971,6.495680630859289,5.3,279.98373
0.06,0.28,0.66,1.2840000000000005,0.047370877129308,0.141294161238177,6.646837022711124,5.44,257.15744
0.06,0.3,0.64,1.286,0.048,0.1432174570364939,6.781066592100041,5.58,236.6905
0.06,0.32,0.62,1.288,0.0485386443980464,0.1448669734618625,6.899005506090419,5.720000000000001,238.21577
0.06,0.34,0.6,1.29,0.0489897948556636,0.1462519743456476,7.001180341922562,5.86,249.6207
0.06,0.36,0.58,1.2919999999999998,0.0493558507170123,0.1473799172207664,7.088024659102494,6.0,255.98328
0.06,0.38,0.56,1.294,0.0496386945839634,0.1482566693272177,7.159891510736166,6.140000000000001,267.91208
0.06,0.4,0.54,1.296,0.0498397431775084,0.1488866683084821,7.217062903980858,6.28,271.8197
0.06,0.42,0.52,1.298,0.0499599839871872,0.1492730384228845,7.259756902315227,6.42,273.65637
0.06,0.44,0.5,1.3,0.05,0.1494176696378309,7.288132847896039,6.5600000000000005,268.46152
0.06,0.46,0.48,1.302,0.0499599839871872,0.1493212643932537,7.302295032036175,6.700000000000001,272.27087
0.06,0.48,0.46,1.304,0.0498397431775084,0.1489833547749545,7.302295032036175,6.84,279.72876
0.06,0.5,0.44,1.306,0.0496386945839634,0.1484022910874356,7.28813284789604,6.98,278.74203
0.06,0.52,0.42,1.308,0.0493558507170123,0.1475752011687599,7.259756902315227,7.12,272.09702
0.06,0.54,0.4,1.31,0.0489897948556636,0.1464979180739438,7.217062903980858,7.260000000000001,266.41763
0.06,0.56,0.38,1.312,0.0485386443980464,0.1451648717837755,7.159891510736167,7.4,260.87003
0.06,0.58,0.36,1.314,0.048,0.1435689381447114,7.088024659102493,7.54,251.87015
0.06,0.6,0.34,1.316,0.047370877129308,0.1417012349981466,7.001180341922562,7.68,236.83966
0.06,0.62,0.32,1.318,0.0466476151587624,0.1395508509468859,6.899005506090419,7.82,224.20508
0.06,0.64,0.3,1.32,0.0458257569495584,0.1371044857034224,6.781066592100041,7.960000000000001,213.41159
0.06,0.66,0.28,1.322,0.0448998886412873,0.1343459712831016,6.646837022711125,8.100000000000001,196.18597
0.06,0.68,0.26,1.324,0.0438634243989226,0.1312556284507448,6.495680630859289,8.24,179.87222
0.06,0.7,0.24,1.326,0.0427083130081252,0.1278093893264496,6.326829532073332,8.38,162.16129
0.06,0.72,0.22,1.3279999999999998,0.0414246303544159,0.123977578618071,6.139354180367012,8.52,145.50206
0.06,0.74,0.2,1.33,0.04,0.1197231807128426,5.932122091384087,8.66,136.02347
0.06,0.76,0.18,1.332,0.0384187454245971,0.1149993043457219,5.703739576281677,8.8,127.377144
0.06,0.78,0.16,1.334,0.0366606055596467,0.1097453415867843,5.452467006427155,8.940000000000001,119.8471
0.06,0.8,0.14,1.336,0.0346987031457949,0.1038808933346262,5.176090910753372,9.08,114.71198
0.06,0.82,0.12,1.338,0.0324961536185438,0.0972956319677301,4.871721632475676,9.22,107.26243
0.06,0.84,0.1,1.34,0.03,0.0898311749895324,4.53545325927004,9.36,98.97802
0.06,0.86,0.08,1.342,0.027129319932501,0.0812455537244961,4.161744132368746,9.5,88.08054
0.06,0.88,0.06,1.344,0.0237486841740758,0.0711339581353378,3.7421534565423538,9.64,73.30508
0.06,0.9,0.04,1.346,0.0195959179422654,0.0587132012412881,3.2622817407279965,9.78,63.16661
0.06,0.92,0.02,1.348,0.014,0.0419814244636839,2.691708908272897,9.920000000000002,59.629093
0.06,0.94,0.0,1.35,2.220446049250313e-16,0.0023748684174075,1.8870079820700256,10.06,88.95394
0.08,0.0,0.92,1.2580000000000002,0.027129319932501,0.078675027804253,2.317688556884036,3.64,476.70065
0.08,0.02,0.9,1.26,0.03,0.0876091319441072,3.11877441570615,3.78,418.57666
0.08,0.04,0.88,1.262,0.0324961536185438,0.0953360372576917,3.685651832865677,3.92,362.60556
0.08,0.06,0.86,1.264,0.0346987031457949,0.1021301130910956,4.161744132368746,4.0600000000000005,309.68283
0.08,0.08,0.84,1.266,0.0366606055596467,0.1081672778616527,4.577467482810827,4.2,268.14877
0.08,0.1,0.82,1.268,0.0384187454245971,0.1135683054377407,4.94721718794855,4.34,236.84386
0.08,0.12,0.8,1.27,0.04,0.1184202685354157,5.279429549199486,4.48,212.66304
0.08,0.14,0.78,1.2720000000000002,0.041424630354416,0.1227882730556952,5.579641394348056,4.62,219.17516
0.08,0.16,0.76,1.274,0.0427083130081252,0.1267223737151414,5.851753432963831,4.76,240.76268
0.08,0.18,0.74,1.276,0.0438634243989226,0.1302618900523095,6.098649708150525,4.9,268.82727
0.08,0.2,0.72,1.278,0.0448998886412873,0.1334382254078642,6.322537621917695,5.04,286.79404
0.08,0.22,0.7,1.28,0.0458257569495584,0.1362767771852562,6.525150227835412,5.18,294.44736
0.08,0.24,0.68,1.282,0.0466476151587624,0.1387982708826013,6.7078740758126,5.32,284.07147
0.08,0.26,0.66,1.2840000000000005,0.047370877129308,0.1410197149337637,6.87183388101706,5.46,259.612
0.08,0.28,0.64,1.286,0.048,0.1429550978454422,7.017950713542359,5.6,243.18848
0.08,0.3,0.62,1.288,0.0485386443980464,0.1446159050727131,7.146983186856919,5.74,243.51193
0.08,0.32,0.6,1.29,0.0489897948556636,0.1460115063959,7.259557299233555,5.88,251.62416
0.08,0.34,0.58,1.292,0.0493558507170123,0.1471494478413017,7.35618844152282,6.02,253.70045
0.08,0.36,0.56,1.294,0.0496386945839634,0.1480356713768677,7.437297828753886,6.16,253.61638
0.08,0.38,0.54,1.296,0.0498397431775084,0.1486746784089341,7.503224845863031,6.3,252.73633
0.08,0.4,0.52,1.298,0.0499599839871872,0.1490696481514596,7.55423631183288,6.44,252.59047
0.08,0.42,0.5,1.3,0.05,0.1492225184079131,7.590533347846768,6.58,245.29802
0.08,0.44,0.48,1.302,0.0499599839871872,0.1491340336744097,7.612256318638135,6.720000000000001,250.6865
0.08,0.46,0.46,1.3040000000000005,0.0498397431775084,0.1488037633932689,7.619488163325391,6.86,258.63663
0.08,0.48,0.44,1.306,0.0496386945839634,0.1482300914119666,7.612256318638135,7.0,264.53244
0.08,0.5,0.42,1.308,0.0493558507170123,0.1474101760395121,7.590533347846768,7.14,261.82767
0.08,0.52,0.4,1.31,0.0489897948556636,0.1463398783653997,7.55423631183288,7.28,257.3788
0.08,0.54,0.38,1.312,0.0485386443980464,0.1450136545294958,7.503224845863031,7.42,251.88718
0.08,0.56,0.36,1.314,0.048,0.1434244051756882,7.437297828753886,7.56,240.40701
0.08,0.58,0.34,1.316,0.047370877129308,0.1415632720729497,7.35618844152282,7.699999999999999,224.52917
0.08,0.6,0.32,1.318,0.0466476151587624,0.1394193673777068,7.259557299233555,7.84,209.93153
0.08,0.62,0.3,1.32,0.0458257569495584,0.1369794145118162,7.146983186856919,7.98,198.85623
0.08,0.64,0.28,1.322,0.0448998886412873,0.1342272699565926,7.017950713542358,8.120000000000001,175.16753
0.08,0.66,0.26,1.324,0.0438634243989226,0.1311432804225972,6.871833881017059,8.26,156.6449
0.08,0.68,0.24,1.3260000000000003,0.0427083130081252,0.1277034063758676,6.7078740758126,8.4,142.59827
0.08,0.7,0.22,1.3279999999999998,0.0414246303544159,0.1238780045044316,6.525150227835412,8.54,136.92677
0.08,0.72,0.2,1.33,0.04,0.1196300965476496,6.322537621917696,8.68,130.78252
0.08,0.74,0.18,1.332,0.0384187454245971,0.1149128365327389,6.098649708150525,8.82,124.085594
0.08,0.76,0.16,1.334,0.0366606055596467,0.1096656737543703,5.85175343296383,8.96,120.9428
0.08,0.78,0.14,1.3360000000000003,0.0346987031457949,0.103808284833148,5.579641394348056,9.1,116.396126
0.08,0.8,0.12,1.338,0.0324961536185438,0.0972304479059928,5.279429549199485,9.24,109.24973
0.08,0.82,0.1,1.34,0.03,0.0897739383117394,4.94721718794855,9.38,101.2762
0.08,0.84,0.08,1.3420000000000003,0.0271293199325011,0.0811970442811805,4.577467482810827,9.52,89.00605
0.08,0.86,0.06,1.344,0.0237486841740758,0.0710954288263316,4.161744132368746,9.66,73.580605
0.08,0.88,0.04,1.3460000000000003,0.0195959179422654,0.0586869661850056,3.685651832865677,9.8,63.423977
0.08,0.9,0.02,1.348,0.014,0.0419733248623455,3.1187744157061505,9.94,56.286755
0.08,0.92,0.0,1.3500000000000003,2.220446049250313e-16,0.0027129319932501,2.317688556884036,10.080000000000002,95.076904
0.1,0.0,0.9,1.26,0.03,0.0869999999999999,2.7027398407765,3.8,417.70126
0.1,0.02,0.88,1.262,0.0324961536185438,0.0947892398956758,3.500130284303043,3.94,361.14902
0.1,0.04,0.86,1.264,0.0346987031457949,0.1016316879718131,4.063228285151281,4.08,307.87302
0.1,0.06,0.84,1.266,0.0366606055596467,0.1077079384260973,4.53545325927004,4.220000000000001,265.88354
0.1,0.08,0.82,1.268,0.0384187454245971,0.1131415043209165,4.94721718794855,4.36,235.40448
0.1,0.1,0.8,1.27,0.04,0.1180211845390478,5.312910881131571,4.5,212.24622
0.1,0.12,0.78,1.2720000000000002,0.0414246303544159,0.1224132345786189,5.640965809253383,4.64,219.64262
0.1,0.14,0.76,1.274,0.0427083130081252,0.1263685087353648,5.936913597343944,4.78,243.91064
0.1,0.16,0.74,1.276,0.0438634243989226,0.1299269025259972,6.20464934129189,4.92,273.88263
0.1,0.18,0.72,1.278,0.0448998886412873,0.1331202463940026,6.447051015143345,5.0600000000000005,292.88394
0.1,0.2,0.7,1.28,0.0458257569495584,0.1359742622704752,6.666319445845307,5.199999999999999,300.71255
0.1,0.22,0.68,1.282,0.0466476151587624,0.1385099274420428,6.86418054803389,5.34,286.92007
0.1,0.24,0.66,1.284,0.047370877129308,0.1407444492688787,7.042013102429582,5.48,261.83392
0.1,0.26,0.64,1.286,0.048,0.142691975948194,7.2009333483075055,5.62,246.3965
0.1,0.28,0.62,1.2880000000000005,0.0485386443980464,0.1443641229668922,7.341853084758449,5.76,247.80551
0.1,0.3,0.6,1.29,0.0489897948556636,0.145770367359076,7.465520756459266,5.9,254.04953
0.1,0.32,0.58,1.292,0.0493558507170123,0.1469183446680501,7.572551175293026,6.040000000000001,253.29036
0.1,0.34,0.56,1.294,0.0496386945839634,0.1478140724017844,7.663447387633424,6.18,241.30377
0.1,0.36,0.54,1.296,0.0498397431775084,0.1484621163799033,7.738616940339963,6.319999999999999,235.7237
0.1,0.38,0.52,1.298,0.0499599839871872,0.1488657112971283,7.798384030174264,6.460000000000001,232.10194
0.1,0.4,0.5,1.3,0.05,0.1490268432196024,7.842998533823633,6.6,228.48105
0.1,0.42,0.48,1.302,0.0499599839871872,0.1489462990476768,7.872642595048076,6.74,234.14613
0.1,0.44,0.46,1.3040000000000005,0.0498397431775084,0.1486236858646695,7.887435226386561,6.88,244.6614
0.1,0.46,0.44,1.306,0.0496386945839634,0.1480574212932265,7.887435226386562,7.020000000000001,248.43073
0.1,0.48,0.42,1.308,0.0493558507170123,0.1472446943016962,7.872642595048075,7.16,250.32336
0.1,0.5,0.4,1.31,0.0489897948556636,0.1461813941649209,7.842998533823632,7.3,251.20718
0.1,0.52,0.38,1.312,0.0485386443980464,0.144862003299692,7.798384030174264,7.440000000000001,247.20834
0.1,0.54,0.36,1.314,0.048,0.1432794472351145,7.738616940339962,7.58,232.61801
0.1,0.56,0.34,1.3160000000000005,0.047370877129308,0.1414248917270223,7.663447387633425,7.720000000000001,215.83379
0.1,0.58,0.32,1.318,0.0466476151587624,0.1392874725163752,7.572551175293026,7.86,202.3939
0.1,0.6,0.3,1.32,0.0458257569495584,0.1368539367354844,7.465520756459267,8.0,186.87698
0.1,0.62,0.28,1.322,0.0448998886412873,0.1341081652995073,7.341853084758449,8.14,159.20003
0.1,0.64,0.26,1.324,0.0438634243989226,0.1310305307933993,7.2009333483075055,8.28,144.10661
0.1,0.66,0.24,1.3260000000000003,0.0427083130081252,0.1275970219088203,7.042013102429582,8.420000000000002,137.72792
0.1,0.68,0.22,1.3280000000000003,0.0414246303544159,0.1237780271292121,6.86418054803389,8.56,130.84676
0.1,0.7,0.2,1.33,0.04,0.1195366052721925,6.666319445845307,8.7,125.30661
0.1,0.72,0.18,1.332,0.0384187454245971,0.1148259552540277,6.447051015143345,8.84,123.380295
0.1,0.74,0.16,1.334,0.0366606055596467,0.1095855829933846,6.20464934129189,8.98,119.81907
0.1,0.76,0.14,1.336,0.0346987031457949,0.1037352399139269,5.936913597343943,9.12,114.67656
0.1,0.78,0.12,1.338,0.0324961536185438,0.0971648084442098,5.640965809253383,9.26,107.7948
0.1,0.8,0.1,1.34,0.03,0.0897162192694274,5.312910881131571,9.4,100.39242
0.1,0.82,0.08,1.342,0.027129319932501,0.0811480129146733,4.94721718794855,9.54,86.47275
0.1,0.84,0.06,1.344,0.0237486841740758,0.071056315693962,4.53545325927004,9.68,70.49036
0.1,0.86,0.04,1.346,0.0195959179422654,0.0586600375042498,4.063228285151281,9.82,63.782375
0.1,0.88,0.02,1.348,0.014,0.0419642705167145,3.500130284303043,9.96,55.26015
0.1,0.9,0.0,1.35,0.0,0.003,2.7027398407765,10.1,100.438515
0.12,0.0,0.88,1.262,0.0324961536185438,0.094238845493777,3.050614377441308,3.96,360.7267
0.12,0.02,0.86,1.264,0.0346987031457949,0.1011304108564777,3.844225404656561,4.1,306.77823
0.12,0.04,0.84,1.266,0.0366606055596467,0.1072462586760022,4.403456080120489,4.24,262.41275
0.12,0.06,0.82,1.2679999999999998,0.0384187454245971,0.1127127322000491,4.871721632475676,4.38,232.59872
0.12,0.08,0.8,1.27,0.04,0.1176204063927683,5.279429549199486,4.5200000000000005,210.90189
0.12,0.1,0.78,1.2720000000000002,0.0414246303544159,0.1220367157866843,5.640965809253383,4.66,217.32996
0.12,0.12,0.76,1.274,0.0427083130081252,0.1260133326279405,5.964756680317184,4.8,243.854
0.12,0.14,0.74,1.276,0.0438634243989226,0.1295907404099536,6.2563281737399175,4.94,275.4617
0.12,0.16,0.72,1.278,0.0448998886412873,0.1328012048138117,6.519569316352625,5.08,296.61722
0.12,0.18,0.7,1.28,0.0458257569495584,0.135670777988482,6.757351507138872,5.219999999999999,304.87238
0.12,0.2,0.68,1.282,0.0466476151587624,0.1382206930962219,6.9718684341117,5.359999999999999,289.50668
0.12,0.22,0.66,1.2840000000000005,0.047370877129308,0.1404683594265982,7.164838242718788,5.5,264.13132
0.12,0.24,0.64,1.286,0.048,0.1424280871176748,7.337631237787943,5.64,249.4576
0.12,0.26,0.62,1.288,0.0485386443980464,0.1441116234035269,7.491354387591509,5.779999999999999,251.88197
0.12,0.28,0.6,1.29,0.0489897948556636,0.1455285538992261,7.626909322428712,5.92,256.94638
0.12,0.3,0.58,1.292,0.0493558507170123,0.1466866047054058,7.745033300586653,6.0600000000000005,253.05933
0.12,0.32,0.56,1.294,0.0496386945839634,0.1475918696947768,7.846328789471546,6.199999999999999,229.41432
0.12,0.34,0.54,1.2960000000000005,0.0498397431775084,0.1482489797604016,7.931285167287415,6.340000000000001,219.2218
0.12,0.36,0.52,1.298,0.0499599839871872,0.1486612256104461,8.000294792719112,6.48,214.46829
0.12,0.38,0.5,1.3,0.05,0.1488306420062749,8.053664920232931,6.619999999999999,215.07314
0.12,0.4,0.48,1.302,0.0499599839871872,0.1487580586052398,8.091626449092853,6.76,222.85707
0.12,0.42,0.46,1.3040000000000005,0.0498397431775084,0.1484431204199102,8.114340170864416,6.9,232.61778
0.12,0.44,0.44,1.306,0.0496386945839634,0.1478842790833426,8.121900957515647,7.040000000000001,235.2414
0.12,0.46,0.42,1.3080000000000005,0.0493558507170123,0.1470787544140892,8.114340170864416,7.18,237.2695
0.12,0.48,0.4,1.31,0.0489897948556636,0.1460224640252313,8.091626449092853,7.319999999999999,241.56
0.12,0.5,0.38,1.312,0.0485386443980464,0.1447099167299877,8.053664920232931,7.460000000000001,240.93633
0.12,0.52,0.36,1.314,0.048,0.1431340630318303,8.00029479271911,7.6,225.52657
0.12,0.54,0.34,1.3160000000000005,0.047370877129308,0.1412860927338567,7.931285167287415,7.74,209.16422
0.12,0.56,0.32,1.318,0.0466476151587624,0.1391551651933911,7.846328789471546,7.88,194.10263
0.12,0.58,0.3,1.32,0.0458257569495584,0.1367280512550368,7.745033300586653,8.02,178.111
0.12,0.6,0.28,1.322,0.0448998886412873,0.1339886562362649,7.626909322428713,8.16,155.5116
0.12,0.62,0.26,1.324,0.0438634243989226,0.1309173785255417,7.49135438759151,8.299999999999999,141.37949
0.12,0.64,0.24,1.326,0.0427083130081252,0.1274902349201694,7.337631237787943,8.440000000000001,133.59122
0.12,0.66,0.22,1.3280000000000003,0.0414246303544159,0.1236776455144582,7.164838242718788,8.58,126.50209
0.12,0.68,0.2,1.33,0.04,0.1194427059305003,6.9718684341117,8.72,124.61662
0.12,0.7,0.18,1.332,0.0384187454245971,0.114738659570347,6.757351507138871,8.86,122.531
0.12,0.72,0.16,1.334,0.0366606055596467,0.1095050683758518,6.519569316352625,9.0,119.14395
0.12,0.74,0.14,1.336,0.0346987031457949,0.103661757654402,6.2563281737399175,9.14,113.33549
0.12,0.76,0.12,1.338,0.0324961536185438,0.0970987126588194,5.964756680317184,9.28,106.48641
0.12,0.78,0.1,1.34,0.03,0.0896580169310028,5.640965809253383,9.420000000000002,97.730705
0.12,0.8,0.08,1.342,0.027129319932501,0.081098458678325,5.279429549199485,9.56,83.74026
0.12,0.82,0.06,1.344,0.0237486841740758,0.0710166177735887,4.871721632475676,9.7,67.43052
0.12,0.84,0.04,1.346,0.0195959179422654,0.0586324142433176,4.403456080120489,9.84,60.99529
0.12,0.86,0.02,1.348,0.014,0.0419542608086472,3.844225404656561,9.98,56.98206
0.12,0.88,0.0,1.35,0.0,0.0032496153618543,3.050614377441308,10.12,104.327484
0.14,0.0,0.86,1.264,0.0346987031457949,0.1006262391228052,3.366866414821585,4.12,307.52682
0.14,0.02,0.84,1.266,0.0366606055596467,0.1067822082558699,4.156610116652528,4.26,261.48892
0.14,0.04,0.82,1.268,0.0384187454245971,0.1122819664950698,4.711881370352884,4.4,229.02606
0.14,0.06,0.8,1.27,0.04,0.1172179167192455,5.17609091075337,4.540000000000001,208.83978
0.14,0.08,0.78,1.2720000000000002,0.041424630354416,0.1216587029357126,5.579641394348056,4.68,212.3329
0.14,0.1,0.76,1.274,0.0427083130081252,0.1256568342749409,5.936913597343944,4.82,240.28134
0.14,0.12,0.74,1.276,0.0438634243989226,0.1292533945395631,6.2563281737399175,4.96,273.74625
0.14,0.14,0.72,1.278,0.0448998886412873,0.1324810929906603,6.543405065827411,5.1000000000000005,296.90732
0.14,0.16,0.7,1.28,0.0458257569495584,0.1353663178194634,6.80202672537491,5.24,306.45456
0.14,0.18,0.68,1.282,0.0466476151587624,0.1379305622405708,7.035057412432025,5.38,290.93762
0.14,0.2,0.66,1.2840000000000005,0.047370877129308,0.1401914405375734,7.244683045823355,5.52,266.11923
0.14,0.22,0.64,1.286,0.048,0.1421634270830581,7.4326132951039074,5.66,252.70532
0.14,0.24,0.62,1.288,0.0485386443980464,0.1438584026047835,7.600209194098706,5.8,256.8878
0.14,0.26,0.6,1.29,0.0489897948556636,0.1452860626488307,7.748567542288532,5.94,260.05344
0.14,0.28,0.58,1.292,0.0493558507170123,0.1464542249305221,7.878578783582856,6.08,251.8161
0.14,0.3,0.56,1.294,0.0496386945839634,0.1473690605249283,7.990967831791931,6.220000000000001,219.02164
0.14,0.32,0.54,1.2960000000000005,0.0498397431775084,0.1480352660685958,8.086323486152295,6.36,203.90826
0.14,0.34,0.52,1.298,0.0499599839871872,0.1484561888235043,8.165119936693321,6.5,198.85516
0.14,0.36,0.5,1.3,0.05,0.1486339126848243,8.227732599804538,6.64,203.19003
0.14,0.38,0.48,1.302,0.0499599839871872,0.1485693104244614,8.274449752528913,6.779999999999999,211.44997
0.14,0.4,0.46,1.3040000000000005,0.0498397431775084,0.1482620652763207,8.305480941935954,6.92,220.47424
0.14,0.42,0.44,1.306,0.0496386945839634,0.1477106631221997,8.320962819020261,7.0600000000000005,222.62239
0.14,0.44,0.42,1.3080000000000005,0.0493558507170123,0.1469123548242283,8.320962819020261,7.2,224.89342
0.14,0.46,0.4,1.31,0.0489897948556636,0.1458630864886657,8.305480941935954,7.340000000000001,227.94864
0.14,0.48,0.38,1.312,0.0485386443980464,0.1445573934463401,8.274449752528913,7.48,228.3745
0.14,0.5,0.36,1.314,0.048,0.1429882512656196,8.227732599804536,7.62,217.6085
0.14,0.52,0.34,1.3160000000000005,0.047370877129308,0.1411468738584032,8.165119936693321,7.76,201.74548
0.14,0.54,0.32,1.318,0.0466476151587624,0.1390224442311383,8.086323486152295,7.9,187.1308
0.14,0.56,0.3,1.3200000000000005,0.0458257569495584,0.136601756943313,7.990967831791931,8.040000000000001,177.79694
0.14,0.58,0.28,1.322,0.0448998886412873,0.1338687416837851,7.878578783582856,8.18,157.24219
0.14,0.6,0.26,1.324,0.0438634243989226,0.1308038225741128,7.748567542288533,8.32,139.16222
0.14,0.62,0.24,1.326,0.0427083130081252,0.1273830443975962,7.600209194098706,8.46,130.1611
0.14,0.64,0.22,1.3280000000000003,0.0414246303544159,0.1235768586750771,7.4326132951039074,8.6,127.02616
0.14,0.66,0.2,1.33,0.04,0.1193483975594141,7.244683045823357,8.74,124.53655
0.14,0.68,0.18,1.3320000000000003,0.0384187454245971,0.114650948535108,7.035057412432025,8.879999999999999,121.636856
0.14,0.7,0.16,1.334,0.0366606055596467,0.109424128966147,6.80202672537491,9.02,118.1363
0.14,0.72,0.14,1.336,0.0346987031457949,0.103587837123863,6.543405065827411,9.159999999999998,112.10857
0.14,0.74,0.12,1.338,0.0324961536185438,0.0970321596173144,6.2563281737399175,9.3,105.744194
0.14,0.76,0.1,1.34,0.03,0.0895993303546404,5.936913597343943,9.44,94.770546
0.14,0.78,0.08,1.3420000000000003,0.0271293199325011,0.0810483806130634,5.579641394348056,9.58,81.28646
0.14,0.8,0.06,1.344,0.0237486841740758,0.0709763340839747,5.176090910753372,9.72,64.96401
0.14,0.82,0.04,1.346,0.0195959179422654,0.0586040954200301,4.711881370352884,9.859999999999998,58.20229
0.14,0.84,0.02,1.348,0.014,0.0419432950541561,4.156610116652528,10.000000000000002,59.926853
0.14,0.86,0.0,1.35,0.0,0.0034698703145794,3.366866414821585,10.14,106.98092
0.16,0.0,0.84,1.266,0.0366606055596467,0.1063157561229754,3.6554153773427656,4.28,262.4653
0.16,0.02,0.82,1.268,0.0384187454245971,0.1118491841722593,4.441199657410138,4.42,227.66238
0.16,0.04,0.8,1.27,0.04,0.1168136978269243,4.992414899155793,4.5600000000000005,207.22092
0.16,0.06,0.78,1.2720000000000002,0.041424630354416,0.1212791820552892,5.452467006427155,4.699999999999999,205.79639
0.16,0.08,0.76,1.274,0.0427083130081252,0.1252990023902823,5.851753432963831,4.84,233.16916
0.16,0.1,0.74,1.276,0.0438634243989226,0.1289148556218405,6.20464934129189,4.98,268.7249
0.16,0.12,0.72,1.278,0.0448998886412873,0.1321599031476641,6.519569316352625,5.12,293.49026
0.16,0.14,0.7,1.28,0.0458257569495584,0.1350608751637571,6.80202672537491,5.26,305.3154
0.16,0.16,0.68,1.282,0.0466476151587624,0.1376395292058207,7.055896881193276,5.4,291.7134
0.16,0.18,0.66,1.284,0.047370877129308,0.1399136876792259,7.2840362746688925,5.539999999999999,268.16205
0.16,0.2,0.64,1.286,0.048,0.1418979915291262,7.488622348733689,5.68,256.03976
0.16,0.22,0.62,1.2880000000000005,0.0485386443980464,0.1436044567553527,7.671355501939884,5.82,261.13644
0.16,0.24,0.6,1.29,0.0489897948556636,0.1450428902083793,7.833586599320941,5.96,262.975
0.16,0.26,0.58,1.292,0.0493558507170123,0.1462212022929642,7.9764012539678895,6.1,249.69174
0.16,0.28,0.56,1.294,0.0496386945839634,0.1471456421373055,8.100677565313347,6.24,211.5709
0.16,0.3,0.54,1.296,0.0498397431775084,0.1478209728015614,8.207126778997894,6.38,190.46223
0.16,0.32,0.52,1.298,0.0499599839871872,0.1482505986497187,8.296322506083415,6.52,185.8101
0.16,0.34,0.5,1.3,0.05,0.148436653155479,8.368721994303963,6.66,192.55804
0.16,0.36,0.48,1.302,0.0499599839871872,0.1483800525677221,8.424681682625732,6.799999999999999,201.66968
0.16,0.38,0.46,1.3040000000000005,0.0498397431775084,0.1480805186376654,8.464468495897226,6.94,209.683
0.16,0.4,0.44,1.306,0.0496386945839634,0.1475365717373152,8.488267840617013,7.08,212.45929
0.16,0.42,0.42,1.3080000000000005,0.0493558507170123,0.1467454939682986,8.496188931050089,7.22,213.83847
0.16,0.44,0.4,1.31,0.0489897948556636,0.1457032600870686,8.488267840617013,7.36,214.53659
0.16,0.46,0.38,1.3120000000000005,0.0485386443980464,0.1444044320649472,8.464468495897226,7.5,214.85619
0.16,0.48,0.36,1.314,0.048,0.1428420106271259,8.424681682625732,7.64,204.08537
0.16,0.5,0.34,1.316,0.047370877129308,0.1410072338569903,8.368721994303963,7.779999999999999,192.89685
0.16,0.52,0.32,1.318,0.0466476151587624,0.1388893084438106,8.296322506083417,7.92,183.94559
0.16,0.54,0.3,1.32,0.0458257569495584,0.136475052665313,8.207126778997894,8.06,176.39333
0.16,0.56,0.28,1.3220000000000005,0.0448998886412873,0.1337484205514217,8.100677565313347,8.200000000000001,159.21362
0.16,0.58,0.26,1.324,0.0438634243989226,0.1306898618868348,7.9764012539678895,8.34,137.10455
0.16,0.6,0.24,1.326,0.0427083130081252,0.1272754493215403,7.833586599320941,8.48,129.54446
0.16,0.62,0.22,1.3280000000000003,0.0414246303544159,0.1234756656187768,7.671355501939884,8.62,126.09692
0.16,0.64,0.2,1.33,0.04,0.1192536791885264,7.488622348733689,8.76,123.10122
0.16,0.66,0.18,1.3320000000000003,0.0384187454245971,0.1145628211943123,7.2840362746688925,8.900000000000002,119.40487
0.16,0.68,0.16,1.334,0.0366606055596467,0.1093427638209314,7.055896881193276,9.04,115.29101
0.16,0.7,0.14,1.336,0.0346987031457949,0.1035134773833822,6.80202672537491,9.18,109.00941
0.16,0.72,0.12,1.338,0.0324961536185438,0.0969651483781672,6.519569316352625,9.32,102.734665
0.16,0.74,0.1,1.34,0.03,0.0895401585881999,6.20464934129189,9.46,90.83822
0.16,0.76,0.08,1.342,0.027129319932501,0.0809977777472937,5.851753432963831,9.6,77.907036
0.16,0.78,0.06,1.344,0.0237486841740758,0.0709354636271589,5.452467006427155,9.74,62.08029
0.16,0.8,0.04,1.346,0.0195959179422654,0.0585750800255535,4.992414899155793,9.88,55.829205
0.16,0.82,0.02,1.348,0.014,0.0419313725031747,4.441199657410138,10.02,62.47745
0.16,0.84,0.0,1.35,0.0,0.0036660605559646,3.6554153773427656,10.16,106.60604
0.18,0.0,0.82,1.2679999999999998,0.0384187454245971,0.1114143617313315,3.9191654493391233,4.44,233.15216
0.18,0.02,0.8,1.27,0.04,0.1164077317019792,4.700893717451795,4.58,208.90883
0.18,0.04,0.78,1.272,0.0414246303544159,0.1208981389434923,5.2479515260683245,4.72,200.11652
0.18,0.06,0.76,1.274,0.0427083130081252,0.1249398255161258,5.703739576281678,4.86,224.1684
0.18,0.08,0.74,1.276,0.0438634243989226,0.1285751142328871,6.098649708150525,5.0,261.0897
0.18,0.1,0.72,1.278,0.0448998886412873,0.1318376274058357,6.447051015143345,5.140000000000001,286.5378
0.18,0.12,0.7,1.28,0.0458257569495584,0.1347544433404701,6.757351507138872,5.279999999999999,301.6445
0.18,0.14,0.68,1.282,0.0466476151587624,0.1373475882569474,7.035057412432025,5.42,291.62384
0.18,0.16,0.66,1.284,0.047370877129308,0.1396350958749267,7.2840362746688925,5.5600000000000005,270.37845
0.18,0.18,0.64,1.286,0.048,0.1416317760956205,7.507136108817975,5.699999999999999,259.441
0.18,0.2,0.62,1.288,0.0485386443980464,0.1433497820019269,7.706525086808414,5.84,263.3124
0.18,0.22,0.6,1.29,0.0489897948556636,0.1447990331459432,7.883893438400867,5.98,265.10153
0.18,0.24,0.58,1.2919999999999998,0.0493558507170123,0.1459875337143551,8.040580842239047,6.119999999999999,247.09528
0.18,0.26,0.56,1.294,0.0496386945839634,0.146921611752662,8.17766056693713,6.26,206.24469
0.18,0.28,0.54,1.296,0.0498397431775084,0.1476060974350313,8.295997043758058,6.4,180.79144
0.18,0.3,0.52,1.298,0.0499599839871872,0.1480444527836148,8.39628633016776,6.540000000000001,176.20486
0.18,0.32,0.5,1.3,0.05,0.1482388613016167,8.479085094932802,6.68,183.60516
0.18,0.34,0.48,1.302,0.0499599839871872,0.1481902830822587,8.544831608363904,6.82,193.44682
0.18,0.36,0.46,1.304,0.0498397431775084,0.1478984786940013,8.593860957232794,6.96,200.44325
0.18,0.38,0.44,1.306,0.0496386945839634,0.1473620032437126,8.626415925817032,7.1,203.73056
0.18,0.4,0.42,1.308,0.0493558507170123,0.1465781702710194,8.64265448388559,7.24,203.94519
0.18,0.42,0.4,1.31,0.0489897948556636,0.1455429833416918,8.64265448388559,7.38,203.90375
0.18,0.44,0.38,1.312,0.0485386443980464,0.1442510311921546,8.62641592581703,7.520000000000001,199.01328
0.18,0.46,0.36,1.314,0.048,0.1426953397977662,8.593860957232794,7.66,190.0638
0.18,0.48,0.34,1.316,0.047370877129308,0.1408671714772465,8.544831608363904,7.799999999999999,187.30719
0.18,0.5,0.32,1.318,0.0466476151587624,0.1387557566373373,8.479085094932802,7.94,182.32007
0.18,0.52,0.3,1.32,0.0458257569495584,0.1363479372781267,8.396286330167761,8.08,174.6362
0.18,0.54,0.28,1.322,0.0448998886412873,0.1336276917408962,8.295997043758058,8.22,160.76941
0.18,0.56,0.26,1.324,0.0438634243989226,0.1305754954039998,8.17766056693713,8.36,139.31226
0.18,0.58,0.24,1.326,0.0427083130081252,0.1271674486651359,8.040580842239047,8.5,129.13998
0.18,0.6,0.22,1.3279999999999998,0.0414246303544159,0.1233740653460036,7.883893438400868,8.64,125.62611
0.18,0.62,0.2,1.33,0.04,0.1191585498401184,7.706525086808414,8.78,121.978035
0.18,0.64,0.18,1.3320000000000003,0.0384187454245971,0.114474276586489,7.507136108817975,8.920000000000002,117.795815
0.18,0.66,0.16,1.334,0.0366606055596467,0.1092609719890867,7.284036274668893,9.06,112.46688
0.18,0.68,0.14,1.336,0.0346987031457949,0.103438677485745,7.035057412432024,9.2,105.554504
0.18,0.7,0.12,1.338,0.0324961536185438,0.0968976779907547,6.757351507138872,9.34,98.51986
0.18,0.72,0.1,1.34,0.03,0.0894805006691401,6.447051015143344,9.48,86.68438
0.18,0.74,0.08,1.342,0.027129319932501,0.080946649096797,6.098649708150525,9.62,73.967026
0.18,0.76,0.06,1.344,0.0237486841740758,0.0708940053883259,5.703739576281677,9.76,58.826244
0.18,0.78,0.04,1.3460000000000003,0.0195959179422654,0.0585453670242146,5.2479515260683245,9.9,52.738758
0.18,0.8,0.02,1.348,0.014,0.0419184923393005,4.700893717451794,10.04,61.558533
0.18,0.82,0.0,1.35,0.0,0.0038418745424597,3.9191654493391233,10.18,103.86941
0.2,0.0,0.8,1.27,0.04,0.1159999999999999,4.160345749296494,4.6000000000000005,217.92395
0.2,0.02,0.78,1.2720000000000002,0.0414246303544159,0.1205155591614625,4.937916584280041,4.74,205.73993
0.2,0.04,0.76,1.274,0.0427083130081252,0.1245792920191794,5.480710335838562,4.880000000000001,217.77846
0.2,0.06,0.74,1.276,0.0438634243989226,0.1282341608152834,5.932122091384087,5.02,251.57378
0.2,0.08,0.72,1.278,0.0448998886412873,0.1315142577821887,6.322537621917695,5.16,280.37967
0.2,0.1,0.7,1.28,0.0458257569495584,0.1344470155860664,6.666319445845307,5.3,296.14694
0.2,0.12,0.68,1.282,0.0466476151587624,0.1370547335920944,6.9718684341117,5.44,290.15234
0.2,0.14,0.66,1.2840000000000005,0.047370877129308,0.1393556600931586,7.244683045823355,5.58,272.00137
0.2,0.16,0.64,1.286,0.048,0.1413647763765782,7.488622348733689,5.720000000000001,262.91986
0.2,0.18,0.62,1.288,0.0485386443980464,0.1430943744526666,7.706525086808414,5.859999999999999,264.6897
0.2,0.2,0.6,1.29,0.0489897948556636,0.1445544879967411,7.9005492631851135,6.0,266.8494
0.2,0.22,0.58,1.292,0.0493558507170123,0.1457532160880163,8.07237392123469,6.140000000000001,244.9346
0.2,0.24,0.56,1.294,0.0496386945839634,0.1466969665671379,8.223326395124001,6.279999999999999,202.7103
0.2,0.26,0.54,1.296,0.0498397431775084,0.1473906374231415,8.354466285297555,6.420000000000001,174.4396
0.2,0.28,0.52,1.298,0.0499599839871872,0.1478377489006105,8.46664283484364,6.5600000000000005,170.15219
0.2,0.3,0.5,1.3,0.05,0.1480405349895763,8.560535158932865,6.7,177.4336
0.2,0.32,0.48,1.302,0.0499599839871872,0.1479999999999999,8.636680948908461,6.84,186.60185
0.2,0.34,0.46,1.3040000000000005,0.0498397431775084,0.1477159436215331,8.695497122886682,6.98,193.30159
0.2,0.36,0.44,1.306,0.0496386945839634,0.1471869559437927,8.737294627068314,7.12,195.72774
0.2,0.38,0.42,1.308,0.0493558507170123,0.1464103821455294,8.762288809001323,7.26,195.63127
0.2,0.4,0.4,1.31,0.0489897948556636,0.1453822547630899,8.770606276636803,7.4,193.17259
0.2,0.42,0.38,1.312,0.0485386443980464,0.1440971894243603,8.762288809001323,7.540000000000001,185.31172
0.2,0.44,0.36,1.314,0.048,0.1425482374496436,8.737294627068314,7.680000000000001,182.56685
0.2,0.46,0.34,1.3160000000000005,0.047370877129308,0.1407266854580181,8.69549712288668,7.82,182.6716
0.2,0.48,0.32,1.318,0.0466476151587624,0.1386217876093075,8.636680948908461,7.96,180.7179
0.2,0.5,0.3,1.32,0.0458257569495584,0.1362204096308625,8.560535158932865,8.1,173.09439
0.2,0.52,0.28,1.322,0.0448998886412873,0.133506554146229,8.46664283484364,8.24,163.39845
0.2,0.54,0.26,1.324,0.0438634243989226,0.1304607220584034,8.354466285297555,8.38,143.1042
0.2,0.56,0.24,1.3260000000000003,0.0427083130081252,0.1270590413941486,8.223326395124001,8.520000000000001,129.46655
0.2,0.58,0.22,1.3279999999999998,0.0414246303544159,0.1232720568498797,8.072373921234687,8.66,125.07482
0.2,0.6,0.2,1.33,0.04,0.1190630085290976,7.9005492631851135,8.799999999999999,121.128746
0.2,0.62,0.18,1.3320000000000003,0.0384187454245971,0.1143853137426303,7.706525086808414,8.940000000000001,116.182236
0.2,0.64,0.16,1.334,0.0366606055596467,0.1091787525116493,7.488622348733689,9.080000000000002,109.5525
0.2,0.66,0.14,1.336,0.0346987031457949,0.1033634364753803,7.244683045823356,9.22,102.67956
0.2,0.68,0.12,1.338,0.0324961536185438,0.0968297474952815,6.971868434111701,9.36,94.61582
0.2,0.7,0.1,1.34,0.03,0.0894203556244325,6.666319445845306,9.5,82.97029
0.2,0.72,0.08,1.342,0.027129319932501,0.0808949936646266,6.322537621917696,9.64,70.3867
0.2,0.74,0.06,1.344,0.0237486841740758,0.0708519583356733,5.932122091384087,9.78,55.882515
0.2,0.76,0.04,1.346,0.0195959179422654,0.0585149553533111,5.480710335838562,9.92,50.205307
0.2,0.78,0.02,1.348,0.014,0.0419046536795139,4.937916584280041,10.06,60.2529
0.2,0.8,0.0,1.35,0.0,0.004,4.160345749296494,10.2,102.292336
0.22,0.0,0.78,1.2720000000000002,0.0414246303544159,0.1201314280278062,4.380712791340496,4.76,219.42975
0.22,0.02,0.76,1.274,0.0427083130081252,0.1242173900868955,5.154019569266032,4.9,210.53123
0.22,0.04,0.74,1.276,0.0438634243989226,0.1278919856754127,5.692437026156727,5.039999999999999,241.56421
0.22,0.06,0.72,1.278,0.0448998886412873,0.1311897861877973,6.139354180367012,5.18,274.32535
0.22,0.08,0.7,1.28,0.0458257569495584,0.1341385850529219,6.525150227835412,5.319999999999999,289.50644
0.22,0.1,0.68,1.282,0.0466476151587624,0.1367609593414728,6.86418054803389,5.46,288.96
0.22,0.12,0.66,1.2840000000000005,0.047370877129308,0.1390753752466624,7.164838242718788,5.6,272.96802
0.22,0.14,0.64,1.286,0.048,0.1410969879196575,7.4326132951039074,5.74,264.7565
0.22,0.16,0.62,1.2880000000000005,0.0485386443980464,0.1428382301766581,7.671355501939884,5.879999999999999,265.65683
0.22,0.18,0.6,1.29,0.0489897948556636,0.1443092512626961,7.883893438400867,6.02,268.28262
0.22,0.2,0.58,1.292,0.0493558507170123,0.1455182462786023,8.07237392123469,6.16,244.05173
0.22,0.22,0.56,1.294,0.0496386945839634,0.1464717037519533,8.238463649335397,6.300000000000001,200.06761
0.22,0.24,0.54,1.296,0.0498397431775084,0.1471745901981723,8.383476288700182,6.44,171.0554
0.22,0.26,0.52,1.298,0.0499599839871872,0.1476304846567943,8.508456251598894,6.58,166.5932
0.22,0.28,0.5,1.3,0.05,0.1478416720684664,8.614235838824499,6.720000000000001,173.50609
0.22,0.3,0.48,1.302,0.0499599839871872,0.1478092013373997,8.701475188124277,6.859999999999999,181.28134
0.22,0.32,0.46,1.3040000000000005,0.0498397431775084,0.1475329115824668,8.770690638646993,7.0,187.38748
0.22,0.34,0.44,1.306,0.0496386945839634,0.1470114281272037,8.822274967937956,7.140000000000001,188.8001
0.22,0.36,0.42,1.308,0.0493558507170123,0.14624212799327,8.85651168546836,7.279999999999999,187.4595
0.22,0.38,0.4,1.31,0.0489897948556636,0.1452210728510155,8.873584776968292,7.42,183.24316
0.22,0.4,0.38,1.312,0.0485386443980464,0.143942905347919,8.873584776968292,7.56,176.42487
0.22,0.42,0.36,1.314,0.048,0.1424007022454593,8.85651168546836,7.7,177.7319
0.22,0.44,0.34,1.3160000000000005,0.047370877129308,0.1405857745292886,8.822274967937956,7.84,178.6903
0.22,0.46,0.32,1.318,0.0466476151587624,0.1384874001488943,8.770690638646993,7.98,177.65817
0.22,0.48,0.3,1.32,0.0458257569495584,0.1360924685645755,8.701475188124277,8.12,171.69882
0.22,0.5,0.28,1.322,0.0448998886412873,0.1333850066536714,8.614235838824499,8.26,165.34262
0.22,0.52,0.26,1.324,0.0438634243989226,0.1303455407752792,8.508456251598894,8.4,146.88655
0.22,0.54,0.24,1.3260000000000003,0.0427083130081252,0.1269502264669109,8.383476288700182,8.540000000000001,129.71472
0.22,0.56,0.22,1.3280000000000003,0.0414246303544159,0.1231696391161392,8.238463649335397,8.68,124.1889
0.22,0.58,0.2,1.33,0.04,0.1189670542629344,8.072373921234687,8.819999999999999,120.412636
0.22,0.6,0.18,1.3320000000000003,0.0384187454245971,0.1142959316861277,7.883893438400867,8.96,114.633
0.22,0.62,0.16,1.334,0.0366606055596467,0.1090961044217436,7.671355501939884,9.1,107.47619
0.22,0.64,0.14,1.336,0.0346987031457949,0.1032877533882889,7.432613295103907,9.24,100.336586
0.22,0.66,0.12,1.338,0.0324961536185438,0.0967613559227029,7.164838242718787,9.38,90.88022
0.22,0.68,0.1,1.3400000000000003,0.03,0.0893597224704731,6.86418054803389,9.52,79.5567
0.22,0.7,0.08,1.342,0.027129319932501,0.0808428104410032,6.525150227835412,9.66,67.09836
0.22,0.72,0.06,1.344,0.0237486841740758,0.0708093214202762,6.139354180367012,9.8,53.29179
0.22,0.74,0.04,1.346,0.0195959179422654,0.0584838439229159,5.692437026156727,9.94,47.60141
0.22,0.76,0.02,1.348,0.014,0.0418898555738737,5.154019569266032,10.08,59.103138
0.22,0.78,0.0,1.35,0.0,0.0041424630354415,4.380712791340496,10.22,101.98
0.24,0.0,0.76,1.274,0.0427083130081252,0.1238541077235631,4.581678522115092,4.92,221.1696
0.24,0.02,0.74,1.276,0.0438634243989226,0.1275485789807161,5.350609005372801,5.06,231.43942
0.24,0.04,0.72,1.278,0.0448998886412873,0.1308642044258091,5.884531860928256,5.199999999999999,265.274
0.24,0.06,0.7,1.28,0.0458257569495584,0.1338291448078481,6.326829532073333,5.34,284.1741
0.24,0.08,0.68,1.282,0.0466476151587624,0.1364662595662384,6.7078740758126,5.48,287.35007
0.24,0.1,0.66,1.284,0.047370877129308,0.1387942361915651,7.042013102429582,5.619999999999999,274.6759
0.24,0.12,0.64,1.286,0.048,0.1408284062254486,7.337631237787943,5.76,265.3021
0.24,0.14,0.62,1.288,0.0485386443980464,0.1425813452033609,7.600209194098706,5.9,265.9351
0.24,0.16,0.6,1.29,0.0489897948556636,0.1440633194119862,7.833586599320941,6.04,268.30606
0.24,0.18,0.58,1.2919999999999998,0.0493558507170123,0.1452826211217294,8.040580842239047,6.18,244.45709
0.24,0.2,0.56,1.294,0.0496386945839634,0.1462458204530987,8.223326395124001,6.32,198.89275
0.24,0.22,0.54,1.296,0.0498397431775084,0.146957953170286,8.383476288700182,6.46,170.66853
0.24,0.24,0.52,1.298,0.0499599839871872,0.1474226576887012,8.522329000790124,6.6,165.32973
0.24,0.26,0.5,1.3,0.05,0.1476422703699722,8.640912001368356,6.74,171.44875
0.24,0.28,0.48,1.302,0.0499599839871872,0.1476178850952687,8.740038613804517,6.879999999999999,177.70456
0.24,0.3,0.46,1.3040000000000005,0.0498397431775084,0.1473493807248607,8.820347623651411,7.02,182.92795
0.24,0.32,0.44,1.306,0.0496386945839634,0.1468354180707092,8.882331229486873,7.16,183.64874
0.24,0.34,0.42,1.3080000000000005,0.0493558507170123,0.1460734062038671,8.926354772126604,7.3,181.05598
0.24,0.36,0.4,1.31,0.0489897948556636,0.1450594360943126,8.952670399223933,7.439999999999999,175.33846
0.24,0.38,0.38,1.3119999999999998,0.0485386443980464,0.1437881775390452,8.961426023088388,7.58,172.3755
0.24,0.4,0.36,1.314,0.048,0.1422527328384238,8.952670399223933,7.72,173.74973
0.24,0.42,0.34,1.316,0.047370877129308,0.1404444374120953,8.926354772126608,7.859999999999999,175.29103
0.24,0.44,0.32,1.318,0.0466476151587624,0.1383525930367767,8.882331229486871,8.0,173.80063
0.24,0.46,0.3,1.32,0.0458257569495584,0.1359641129121945,8.820347623651413,8.14,171.61142
0.24,0.48,0.28,1.322,0.0448998886412873,0.1332630481416359,8.740038613804515,8.28,166.09644
0.24,0.5,0.26,1.324,0.0438634243989226,0.1302299504722319,8.640912001368356,8.42,150.13248
0.24,0.52,0.24,1.326,0.0427083130081252,0.1268410028342569,8.522329000790124,8.56,131.02444
0.24,0.54,0.22,1.3280000000000003,0.0414246303544159,0.1230668111230642,8.383476288700182,8.7,123.34875
0.24,0.56,0.2,1.33,0.04,0.1188706860415972,8.223326395124001,8.84,119.033936
0.24,0.58,0.18,1.332,0.0384187454245971,0.1142061294327059,8.040580842239047,8.98,113.30368
0.24,0.6,0.16,1.334,0.0366606055596467,0.1090130267445133,7.833586599320942,9.12,105.86718
0.24,0.62,0.14,1.336,0.0346987031457949,0.1032116272519718,7.600209194098706,9.26,98.449905
0.24,0.64,0.12,1.338,0.0324961536185438,0.0966925022946453,7.337631237787943,9.4,87.53449
0.24,0.66,0.1,1.34,0.03,0.0892986002129932,7.042013102429582,9.54,76.42371
0.24,0.68,0.08,1.3420000000000003,0.0271293199325011,0.0807900984032077,6.7078740758126,9.68,64.13725
0.24,0.7,0.06,1.344,0.0237486841740758,0.0707660935759491,6.326829532073333,9.82,51.04777
0.24,0.72,0.04,1.346,0.0195959179422654,0.058452031615676,5.884531860928256,9.96,45.52972
0.24,0.74,0.02,1.348,0.014,0.0418740970051892,5.350609005372801,10.1,58.052177
0.24,0.76,0.0,1.35,0.0,0.0042708313008125,4.581678522115092,10.239999999999998,102.152
0.26,0.0,0.74,1.276,0.0438634243989226,0.1272039307568755,4.764395209030629,5.08,223.35832
0.26,0.02,0.72,1.278,0.0448998886412873,0.130537504189409,5.528831090953099,5.220000000000001,250.56705
0.26,0.04,0.7,1.28,0.0458257569495584,0.1335186878305804,6.058134463443345,5.359999999999999,274.88654
0.26,0.06,0.68,1.282,0.0466476151587624,0.1361706282573447,6.495680630859289,5.5,284.17877
0.26,0.08,0.66,1.2840000000000005,0.047370877129308,0.138512237726491,6.87183388101706,5.640000000000001,276.459
0.26,0.1,0.64,1.286,0.048,0.1405590267467727,7.2009333483075055,5.78,264.2662
0.26,0.12,0.62,1.288,0.0485386443980464,0.1423237155220449,7.491354387591509,5.92,265.18478
0.26,0.14,0.6,1.29,0.0489897948556636,0.1438166888785859,7.748567542288532,6.0600000000000005,267.82175
0.26,0.16,0.58,1.292,0.0493558507170123,0.145046337423597,7.9764012539678895,6.200000000000001,246.26126
0.26,0.18,0.56,1.294,0.0496386945839634,0.1460193137910186,8.17766056693713,6.34,199.37646
0.26,0.2,0.54,1.296,0.0498397431775084,0.1467407237272597,8.354466285297555,6.48,173.07065
0.26,0.22,0.52,1.298,0.0499599839871872,0.1472142656130851,8.508456251598894,6.620000000000001,166.60715
0.26,0.24,0.5,1.3,0.05,0.1474423277081584,8.640912001368356,6.76,171.26192
0.26,0.26,0.48,1.302,0.0499599839871872,0.1474260492586027,8.75284202715714,6.9,175.80577
0.26,0.28,0.46,1.3040000000000005,0.0498397431775084,0.1471653491824756,8.845038300140422,7.04,179.8667
0.26,0.3,0.44,1.306,0.0496386945839634,0.1466589240380549,8.918115465300062,7.180000000000001,180.09872
0.26,0.32,0.42,1.3080000000000005,0.0493558507170123,0.1459042151550117,8.972538284484292,7.32,175.57526
0.26,0.34,0.4,1.31,0.0489897948556636,0.144897342970808,9.008640736690948,7.460000000000001,171.04001
0.26,0.36,0.38,1.3119999999999998,0.0485386443980464,0.1436330045637143,9.026638896152797,7.6,169.14766
0.26,0.38,0.36,1.314,0.048,0.1421043278721657,9.026638896152797,7.74,170.57007
0.26,0.4,0.34,1.316,0.047370877129308,0.1403026728184462,9.008640736690948,7.880000000000001,172.581
0.26,0.42,0.32,1.318,0.0466476151587624,0.1382173650450621,8.97253828448429,8.02,170.60834
0.26,0.44,0.3,1.32,0.0458257569495584,0.1358353414984479,8.918115465300062,8.16,171.30295
0.26,0.46,0.28,1.3220000000000005,0.0448998886412873,0.1331406774806256,8.845038300140422,8.3,166.26718
0.26,0.48,0.26,1.324,0.0438634243989226,0.1301139500591692,8.75284202715714,8.44,153.09238
0.26,0.5,0.24,1.326,0.0427083130081252,0.1267313694394563,8.640912001368354,8.58,132.6198
0.26,0.52,0.22,1.3280000000000003,0.0414246303544159,0.1229635718414196,8.508456251598894,8.72,123.06045
0.26,0.54,0.2,1.33,0.04,0.1187739028574879,8.354466285297555,8.860000000000001,117.79495
0.26,0.56,0.18,1.3320000000000003,0.0384187454245971,0.1141159059903569,8.17766056693713,9.0,111.92702
0.26,0.58,0.16,1.334,0.0366606055596467,0.1089295184970537,7.9764012539678895,9.14,104.432274
0.26,0.6,0.14,1.336,0.0346987031457949,0.1031350570853577,7.748567542288533,9.28,96.22179
0.26,0.62,0.12,1.338,0.0324961536185438,0.0966231856233274,7.49135438759151,9.42,84.944756
0.26,0.64,0.1,1.34,0.03,0.0892369878469684,7.2009333483075055,9.560000000000002,73.520195
0.26,0.66,0.08,1.3420000000000003,0.0271293199325011,0.0807368565154725,6.87183388101706,9.7,61.429195
0.26,0.68,0.06,1.344,0.0237486841740758,0.0707222737191048,6.495680630859289,9.84,49.015465
0.26,0.7,0.04,1.346,0.0195959179422654,0.0584195172866054,6.058134463443345,9.98,43.809067
0.26,0.72,0.02,1.348,0.014,0.0418573768886679,5.528831090953099,10.12,57.103775
0.26,0.74,0.0,1.35,0.0,0.0043863424398922,4.764395209030629,10.260000000000002,103.11703
0.28,0.0,0.72,1.278,0.0448998886412873,0.130209677059733,4.929813881258303,5.24,238.68994
0.28,0.02,0.7,1.28,0.0458257569495584,0.1332072070122333,5.689630280115564,5.38,267.07556
0.28,0.04,0.68,1.282,0.0466476151587624,0.1358740593343703,6.214182148876677,5.52,278.83707
0.28,0.06,0.66,1.2840000000000005,0.047370877129308,0.1382293745916546,6.646837022711124,5.66,274.7227
0.28,0.08,0.64,1.286,0.048,0.1402888448879667,7.017950713542359,5.8,261.64093
0.28,0.1,0.62,1.2880000000000005,0.0485386443980464,0.1420653370812175,7.341853084758449,5.94,264.62976
0.28,0.12,0.6,1.29,0.0489897948556636,0.1435693560618002,7.626909322428712,6.08,267.4803
0.28,0.14,0.58,1.292,0.0493558507170123,0.1448093919606044,7.878578783582856,6.220000000000001,249.07797
0.28,0.16,0.56,1.294,0.0496386945839634,0.1457921808602916,8.100677565313347,6.359999999999999,202.68246
0.28,0.18,0.54,1.296,0.0498397431775084,0.1465228992342152,8.295997043758058,6.5,178.40222
0.28,0.2,0.52,1.298,0.0499599839871872,0.1470053060266872,8.46664283484364,6.640000000000001,170.67334
0.28,0.22,0.5,1.3,0.05,0.14724184187927,8.614235838824499,6.78,173.15776
0.28,0.24,0.48,1.302,0.0499599839871872,0.147233691796409,8.740038613804517,6.92,175.81892
0.28,0.26,0.46,1.3040000000000005,0.0498397431775084,0.1469808150746211,8.845038300140422,7.06,178.81462
0.28,0.28,0.44,1.306,0.0496386945839634,0.1464819442798325,8.930002728436444,7.200000000000001,178.15549
0.28,0.3,0.42,1.3080000000000005,0.0493558507170123,0.1457345532123386,8.995519106944855,7.34,172.34314
0.28,0.32,0.4,1.31,0.0489897948556636,0.1447347919472024,9.042020835696007,7.48,168.50824
0.28,0.34,0.38,1.3120000000000005,0.0485386443980464,0.1434773849775635,9.069805820267186,7.620000000000001,166.93002
0.28,0.36,0.36,1.314,0.048,0.141955485980641,9.07904835586458,7.76,168.23323
0.28,0.38,0.34,1.316,0.047370877129308,0.1401604794512346,9.069805820267186,7.9,170.23953
0.28,0.4,0.32,1.318,0.0466476151587624,0.1380817149372065,9.042020835696007,8.04,168.8941
0.28,0.42,0.3,1.32,0.0458257569495584,0.1357061531397894,8.995519106944855,8.18,170.10428
0.28,0.44,0.28,1.3220000000000005,0.0448998886412873,0.1330178935331633,8.930002728436444,8.32,166.46143
0.28,0.46,0.26,1.324,0.0438634243989226,0.1299975384382334,8.845038300140422,8.46,155.67966
0.28,0.48,0.24,1.326,0.0427083130081252,0.1266213252181479,8.740038613804517,8.6,134.17317
0.28,0.5,0.22,1.3280000000000003,0.0414246303544159,0.1228599202343871,8.614235838824499,8.74,122.83552
0.28,0.52,0.2,1.33,0.04,0.1186767036953756,8.466642834843642,8.88,116.688225
0.28,0.54,0.18,1.3320000000000003,0.0384187454245971,0.1140252603592729,8.295997043758058,9.02,110.592415
0.28,0.56,0.16,1.334,0.0366606055596467,0.1088455786883417,8.100677565313347,9.16,102.94808
0.28,0.58,0.14,1.336,0.0346987031457949,0.103058041898728,7.878578783582856,9.3,94.0884
0.28,0.6,0.12,1.338,0.0324961536185438,0.0965534049114788,7.626909322428713,9.44,82.75625
0.28,0.62,0.1,1.34,0.03,0.0891748843565271,7.341853084758449,9.580000000000002,71.195984
0.28,0.64,0.08,1.3420000000000003,0.0271293199325011,0.0806830837288709,7.017950713542359,9.72,59.433247
0.28,0.66,0.06,1.344,0.0237486841740758,0.0706778607486106,6.646837022711125,9.86,47.424866
0.28,0.68,0.04,1.3460000000000003,0.0195959179422654,0.0583862997628724,6.214182148876677,10.0,42.43399
0.28,0.7,0.02,1.348,0.014,0.0418396940715392,5.689630280115564,10.14,56.23789
0.28,0.72,0.0,1.35,0.0,0.0044899888641287,4.929813881258303,10.28,103.90911
0.3,0.0,0.7,1.28,0.0458257569495584,0.1328946951537192,5.078725807284385,5.4,251.66351
0.3,0.02,0.68,1.282,0.0466476151587624,0.1355765466443218,5.8337907024125135,5.54,271.58685
0.3,0.04,0.66,1.284,0.047370877129308,0.1379456414679346,6.3534512775921295,5.68,273.65964
0.3,0.06,0.64,1.286,0.048,0.1400178560041539,6.781066592100041,5.82,259.4956
0.3,0.08,0.62,1.288,0.0485386443980464,0.1418062057880401,7.146983186856919,5.959999999999999,264.10217
0.3,0.1,0.6,1.29,0.0489897948556636,0.1433213173257906,7.465520756459266,6.1,267.94504
0.3,0.12,0.58,1.292,0.0493558507170123,0.1445717814789593,7.745033300586653,6.24,253.36044
0.3,0.14,0.56,1.294,0.0496386945839634,0.1455644187293034,7.990967831791931,6.380000000000001,209.49142
0.3,0.16,0.54,1.296,0.0498397431775084,0.1463044770333429,8.207126778997894,6.5200000000000005,187.5857
0.3,0.18,0.52,1.298,0.0499599839871872,0.1467957765060016,8.39628633016776,6.66,176.90689
0.3,0.2,0.5,1.3,0.05,0.1470408106615302,8.560535158932865,6.8,177.23586
0.3,0.22,0.48,1.302,0.0499599839871872,0.1470408106615302,8.701475188124277,6.94,177.80556
0.3,0.24,0.46,1.3040000000000005,0.0498397431775084,0.1467957765060016,8.820347623651411,7.079999999999999,179.91264
0.3,0.26,0.44,1.306,0.0496386945839634,0.1463044770333429,8.918115465300062,7.220000000000001,177.71936
0.3,0.28,0.42,1.3080000000000005,0.0493558507170123,0.1455644187293034,8.995519106944855,7.359999999999999,171.10745
0.3,0.3,0.4,1.31,0.0489897948556636,0.1445717814789593,9.05311439502019,7.5,167.11594
0.3,0.32,0.38,1.312,0.0485386443980464,0.1433213173257906,9.09129865613586,7.640000000000001,165.51476
0.3,0.34,0.36,1.314,0.048,0.1418062057880401,9.110328016842589,7.78,166.93921
0.3,0.36,0.34,1.316,0.047370877129308,0.1400178560041539,9.110328016842589,7.92,168.39789
0.3,0.38,0.32,1.318,0.0466476151587624,0.1379456414679346,9.091298656135864,8.059999999999999,167.93295
0.3,0.4,0.3,1.32,0.0458257569495584,0.1355765466443218,9.05311439502019,8.2,169.16061
0.3,0.42,0.28,1.322,0.0448998886412873,0.1328946951537192,8.995519106944855,8.34,166.49167
0.3,0.44,0.26,1.324,0.0438634243989226,0.1298807145037321,8.918115465300062,8.48,157.11526
0.3,0.46,0.24,1.3260000000000003,0.0427083130081252,0.1265108690982714,8.820347623651413,8.620000000000001,135.28702
0.3,0.48,0.22,1.3279999999999998,0.0414246303544159,0.1227558552574987,8.701475188124277,8.76,122.62765
0.3,0.5,0.2,1.33,0.04,0.11857908753233,8.560535158932865,8.9,115.71284
0.3,0.52,0.18,1.3320000000000003,0.0384187454245971,0.1139341915317784,8.396286330167761,9.04,109.444534
0.3,0.54,0.16,1.334,0.0366606055596467,0.108761206319165,8.207126778997894,9.18,101.48647
0.3,0.56,0.14,1.336,0.0346987031457949,0.1029805806936433,7.99096783179193,9.32,92.15324
0.3,0.58,0.12,1.338,0.0324961536185438,0.0964831591522582,7.745033300586653,9.46,80.701836
0.3,0.6,0.1,1.34,0.03,0.0891122887148567,7.465520756459266,9.6,69.15318
0.3,0.62,0.08,1.342,0.027129319932501,0.0806287789812049,7.146983186856919,9.74,57.648495
0.3,0.64,0.06,1.344,0.0237486841740758,0.0706328535456411,6.78106659210004,9.88,46.375416
0.3,0.66,0.04,1.3460000000000003,0.0195959179422654,0.0583523778435806,6.3534512775921295,10.02,41.46282
0.3,0.68,0.02,1.348,0.014,0.0418210473326529,5.8337907024125135,10.160000000000002,55.459717
0.3,0.7,0.0,1.35,0.0,0.0045825756949558,5.078725807284385,10.3,103.63035
0.32,0.0,0.68,1.282,0.0466476151587624,0.1352780839604108,5.211792670257152,5.5600000000000005,254.55765
0.32,0.02,0.66,1.2840000000000005,0.047370877129308,0.1376610329759296,5.961966271803785,5.7,277.3564
0.32,0.04,0.64,1.286,0.048,0.1397460554005013,6.476587287656865,5.84,262.43848
0.32,0.06,0.62,1.288,0.0485386443980464,0.141546317507733,6.899005506090419,5.98,265.8805
0.32,0.08,0.6,1.29,0.0489897948556636,0.1430725689990921,7.259557299233555,6.12,269.8354
0.32,0.1,0.58,1.292,0.0493558507170123,0.1443335026942808,7.572551175293026,6.26,261.02463
0.32,0.12,0.56,1.294,0.0496386945839634,0.1453360244399164,7.846328789471546,6.4,222.88045
0.32,0.14,0.54,1.2960000000000005,0.0498397431775084,0.1460854544436234,8.086323486152295,6.54,199.7392
0.32,0.16,0.52,1.298,0.0499599839871872,0.1465856746070364,8.296322506083415,6.68,184.5483
0.32,0.18,0.5,1.3,0.05,0.1468392318149341,8.479085094932802,6.82,183.40492
0.32,0.2,0.48,1.302,0.0499599839871872,0.1468474037904653,8.636680948908461,6.959999999999999,182.2001
0.32,0.22,0.46,1.3040000000000005,0.0498397431775084,0.1466102315665587,8.770690638646993,7.1000000000000005,182.8749
0.32,0.24,0.44,1.306,0.0496386945839634,0.1461265205224567,8.882331229486873,7.24,178.88649
0.32,0.26,0.42,1.3080000000000005,0.0493558507170123,0.1453938100470579,8.972538284484292,7.38,171.8297
0.32,0.28,0.4,1.31,0.0489897948556636,0.1444083100101929,9.042020835696007,7.52,166.86281
0.32,0.3,0.38,1.312,0.0485386443980464,0.1431648001430518,9.09129865613586,7.66,164.97263
0.32,0.32,0.36,1.314,0.048,0.1416564859086938,9.120727293387084,7.800000000000001,166.24707
0.32,0.34,0.34,1.3160000000000005,0.047370877129308,0.1398748011616101,9.130514118496414,7.939999999999999,167.28403
0.32,0.36,0.32,1.318,0.0466476151587624,0.1378091433831586,9.120727293387084,8.079999999999998,167.33208
0.32,0.38,0.3,1.32,0.0458257569495584,0.135446520811721,9.091298656135864,8.22,168.3494
0.32,0.4,0.28,1.322,0.0448998886412873,0.1327710811886383,9.042020835696007,8.36,166.48811
0.32,0.42,0.26,1.324,0.0438634243989226,0.1297634771420679,8.972538284484292,8.5,157.53761
0.32,0.44,0.24,1.3260000000000003,0.0427083130081252,0.1263999999999999,8.882331229486871,8.64,135.76605
0.32,0.46,0.22,1.3280000000000003,0.0414246303544159,0.122651375858569,8.770690638646993,8.780000000000001,122.2207
0.32,0.48,0.2,1.33,0.04,0.1184810533376538,8.636680948908461,8.92,114.64495
0.32,0.5,0.18,1.3320000000000003,0.0384187454245971,0.1138426984922616,8.479085094932802,9.06,108.28485
0.32,0.52,0.16,1.334,0.0366606055596467,0.1086764003820516,8.296322506083417,9.2,100.166855
0.32,0.54,0.14,1.336,0.0346987031457949,0.1029026724628665,8.086323486152295,9.34,90.10641
0.32,0.56,0.12,1.338,0.0324961536185438,0.09641244732917,7.846328789471546,9.48,78.92072
0.32,0.58,0.1,1.34,0.03,0.0890491998841089,7.572551175293026,9.62,67.34488
0.32,0.6,0.08,1.342,0.027129319932501,0.0805739411968906,7.259557299233556,9.76,56.089268
0.32,0.62,0.06,1.344,0.0237486841740758,0.0705872509735291,6.899005506090419,9.9,45.51746
0.32,0.64,0.04,1.3460000000000003,0.0195959179422654,0.0583177502995442,6.476587287656865,10.04,40.891518
0.32,0.66,0.02,1.348,0.014,0.0418014353820535,5.961966271803784,10.18,54.733223
0.32,0.68,0.0,1.35,0.0,0.0046647615158762,5.211792670257152,10.32,101.98815
0.34,0.0,0.66,1.2840000000000005,0.047370877129308,0.1373755436749932,5.329568963103927,5.720000000000001,271.39972
0.34,0.02,0.64,1.286,0.048,0.1394734383314614,6.074703005324023,5.86,267.8315
0.34,0.04,0.62,1.2880000000000005,0.0485386443980464,0.1412856680629708,6.584126925102747,6.0,271.68652
0.34,0.06,0.6,1.29,0.0489897948556636,0.142823107374122,7.001180341922562,6.14,273.33838
0.34,0.08,0.58,1.292,0.0493558507170123,0.1440945522911951,7.35618844152282,6.279999999999999,267.60486
0.34,0.1,0.56,1.294,0.0496386945839634,0.1451069950071324,7.663447387633424,6.42,236.94212
0.34,0.12,0.54,1.2960000000000005,0.0498397431775084,0.1458658287605427,7.931285167287415,6.5600000000000005,214.34094
0.34,0.14,0.52,1.298,0.0499599839871872,0.1463749978650725,8.165119936693321,6.700000000000001,194.59595
0.34,0.16,0.5,1.3,0.05,0.1466371030810414,8.368721994303963,6.84,191.58878
0.34,0.18,0.48,1.302,0.0499599839871872,0.1466534691031888,8.544831608363904,6.98,188.2873
0.34,0.2,0.46,1.3040000000000005,0.0498397431775084,0.1464241783313123,8.695497122886682,7.12,187.56366
0.34,0.22,0.44,1.306,0.0496386945839634,0.1459480729574734,8.822274967937956,7.260000000000001,182.66101
0.34,0.24,0.42,1.3080000000000005,0.0493558507170123,0.1452227254943246,8.926354772126604,7.4,174.53537
0.34,0.26,0.4,1.31,0.0489897948556636,0.1442443759735539,9.008640736690948,7.54,167.6047
0.34,0.28,0.38,1.3120000000000005,0.0485386443980464,0.1430078319533583,9.069805820267186,7.6800000000000015,165.33446
0.34,0.3,0.36,1.314,0.048,0.1415063249469788,9.110328016842589,7.82,166.17642
0.34,0.32,0.34,1.3160000000000005,0.047370877129308,0.1397313135986346,9.130514118496414,7.960000000000001,166.89139
0.34,0.34,0.32,1.318,0.0466476151587624,0.1376722194198959,9.130514118496414,8.100000000000001,167.08002
0.34,0.36,0.3,1.32,0.0458257569495584,0.135316074433158,9.110328016842589,8.24,168.00354
0.34,0.38,0.28,1.322,0.0448998886412873,0.1326470504760659,9.069805820267186,8.38,166.3703
0.34,0.4,0.26,1.324,0.0438634243989226,0.1296458252316671,9.008640736690948,8.52,157.29153
0.34,0.42,0.24,1.3260000000000003,0.0427083130081252,0.1262887168356697,8.926354772126608,8.66,135.74504
0.34,0.44,0.22,1.3280000000000003,0.0414246303544159,0.1225464809776273,8.822274967937956,8.8,121.75184
0.34,0.46,0.2,1.33,0.04,0.1183826000728146,8.69549712288668,8.94,113.644035
0.34,0.48,0.18,1.3320000000000003,0.0384187454245971,0.1137507802171043,8.544831608363904,9.079999999999998,107.10139
0.34,0.5,0.16,1.334,0.0366606055596467,0.1085911598611967,8.368721994303963,9.22,98.65658
0.34,0.52,0.14,1.336,0.0346987031457949,0.1028243161902863,8.165119936693321,9.36,88.014824
0.34,0.54,0.12,1.338,0.0324961536185438,0.0963412684159804,7.931285167287415,9.5,77.31309
0.34,0.56,0.1,1.3400000000000003,0.03,0.0889856168153033,7.663447387633424,9.64,65.79329
0.34,0.58,0.08,1.342,0.027129319932501,0.0805185692868421,7.35618844152282,9.78,54.77961
0.34,0.6,0.06,1.344,0.0237486841740758,0.0705410518776123,7.001180341922561,9.92,44.74291
0.34,0.62,0.04,1.3460000000000003,0.0195959179422654,0.0582824158730572,6.584126925102747,10.06,40.598103
0.34,0.64,0.02,1.348,0.014,0.0417808568605288,6.074703005324023,10.2,54.06998
0.34,0.66,0.0,1.35,0.0,0.0047370877129308,5.329568963103927,10.34,100.57206
0.36,0.0,0.64,1.286,0.048,0.1391999999999999,5.432518871514836,5.88,277.5881
0.36,0.02,0.62,1.288,0.0485386443980464,0.1410242532332647,6.172455817660577,6.02,275.7498
0.36,0.04,0.6,1.29,0.0489897948556636,0.1425729287066797,6.676514935825558,6.16,274.0618
0.36,0.06,0.58,1.2919999999999998,0.0493558507170123,0.1438549269229246,7.088024659102494,6.299999999999999,274.7214
0.36,0.08,0.56,1.294,0.0496386945839634,0.1448773274187509,7.437297828753886,6.44,252.82887
0.36,0.1,0.54,1.296,0.0498397431775084,0.1456455972558044,7.738616940339963,6.58,229.70267
0.36,0.12,0.52,1.298,0.0499599839871872,0.146163743794417,8.000294792719112,6.720000000000001,205.99298
0.36,0.14,0.5,1.3,0.05,0.146434422182764,8.227732599804538,6.86,200.33864
0.36,0.16,0.48,1.302,0.0499599839871872,0.1464590045029665,8.424681682625732,7.0,195.83466
0.36,0.18,0.46,1.304,0.0498397431775084,0.1462376148601992,8.593860957232794,7.14,193.91258
0.36,0.2,0.44,1.306,0.0496386945839634,0.1457691325349779,8.737294627068314,7.28,189.02255
0.36,0.22,0.42,1.308,0.0493558507170123,0.1450511633872682,8.85651168546836,7.42,179.78523
0.36,0.24,0.4,1.31,0.0489897948556636,0.1440799777901148,8.952670399223933,7.56,169.09415
0.36,0.26,0.38,1.3119999999999998,0.0485386443980464,0.1428504112699714,9.026638896152797,7.700000000000001,166.40976
0.36,0.28,0.36,1.314,0.048,0.1413557214972212,9.07904835586458,7.84,166.73859
0.36,0.3,0.34,1.316,0.047370877129308,0.1395873919807945,9.110328016842589,7.98,167.31581
0.36,0.32,0.32,1.318,0.0466476151587624,0.1375348683061862,9.120727293387084,8.120000000000001,167.16736
0.36,0.34,0.3,1.32,0.0458257569495584,0.135185206291221,9.110328016842589,8.26,168.10168
0.36,0.36,0.28,1.322,0.0448998886412873,0.1325226018458737,9.07904835586458,8.4,166.27446
0.36,0.38,0.26,1.324,0.0438634243989226,0.1295277576429082,9.026638896152797,8.54,156.60461
0.36,0.4,0.24,1.326,0.0427083130081252,0.1261770185097111,8.952670399223933,8.68,135.40225
0.36,0.42,0.22,1.3279999999999998,0.0414246303544159,0.122441169546848,8.85651168546836,8.82,121.27891
0.36,0.44,0.2,1.33,0.04,0.1182837266913753,8.737294627068314,8.959999999999999,112.853065
0.36,0.46,0.18,1.3320000000000003,0.0384187454245971,0.1136584356746123,8.593860957232794,9.1,106.150276
0.36,0.48,0.16,1.334,0.0366606055596467,0.1085054837323901,8.424681682625732,9.24,97.26513
0.36,0.5,0.14,1.336,0.0346987031457949,0.1027455108508395,8.227732599804536,9.38,86.30328
0.36,0.52,0.12,1.338,0.0324961536185438,0.0962696213766315,8.000294792719112,9.52,75.6784
0.36,0.54,0.1,1.34,0.03,0.0889215384482296,7.738616940339962,9.66,64.28506
0.36,0.56,0.08,1.342,0.027129319932501,0.0804626621483529,7.437297828753887,9.8,53.514767
0.36,0.58,0.06,1.344,0.0237486841740758,0.0704942550850776,7.088024659102494,9.94,43.987686
0.36,0.6,0.04,1.346,0.0195959179422654,0.0582463732776556,6.676514935825558,10.08,40.360447
0.36,0.62,0.02,1.348,0.014,0.0417593103391327,6.172455817660576,10.22,53.473427
0.36,0.64,0.0,1.35,0.0,0.0048,5.432518871514836,10.36,99.34865
0.38,0.0,0.62,1.288,0.0485386443980464,0.1407620687543344,5.521029148253994,6.039999999999999,284.6663
0.38,0.02,0.6,1.29,0.0489897948556636,0.1423220292154379,6.255601292785992,6.18,285.95596
0.38,0.04,0.58,1.292,0.0493558507170123,0.1436146232108693,6.754116717408096,6.32,285.10867
0.38,0.06,0.56,1.294,0.0496386945839634,0.1446470186350205,7.159891510736166,6.459999999999999,268.51065
0.38,0.08,0.54,1.296,0.0498397431775084,0.1454247571770363,7.503224845863031,6.6,245.77658
0.38,0.1,0.52,1.298,0.0499599839871872,0.1459519098881545,7.798384030174264,6.74,220.90363
0.38,0.12,0.5,1.3,0.05,0.1462311868241517,8.053664920232931,6.88,211.56174
0.38,0.14,0.48,1.302,0.0499599839871872,0.1462640078761688,8.274449752528913,7.02,205.62209
0.38,0.16,0.46,1.3040000000000005,0.0498397431775084,0.146050539197909,8.464468495897226,7.159999999999999,203.17351
0.38,0.18,0.44,1.306,0.0496386945839634,0.1455896974376963,8.626415925817032,7.3,197.55174
0.38,0.2,0.42,1.308,0.0493558507170123,0.1448791220293661,8.762288809001323,7.439999999999999,186.57086
0.38,0.22,0.4,1.31,0.0489897948556636,0.1439151138692527,8.873584776968292,7.58,171.9971
0.38,0.24,0.38,1.3119999999999998,0.0485386443980464,0.1426925365952963,8.961426023088388,7.720000000000001,168.48312
0.38,0.26,0.36,1.314,0.048,0.141204674143599,9.026638896152797,7.859999999999999,168.1495
0.38,0.28,0.34,1.316,0.047370877129308,0.1394430349641027,9.069805820267186,8.0,168.16629
0.38,0.3,0.32,1.318,0.0466476151587624,0.1373970887610067,9.091298656135864,8.14,167.86464
0.38,0.32,0.3,1.32,0.0458257569495584,0.1350539151598352,9.091298656135864,8.28,168.64545
0.38,0.34,0.28,1.322,0.0448998886412873,0.1323977341195837,9.069805820267186,8.42,166.23572
0.38,0.36,0.26,1.324,0.0438634243989226,0.1294092732380488,9.026638896152797,8.559999999999999,155.38979
0.38,0.38,0.24,1.326,0.0427083130081252,0.1260649039185767,8.961426023088384,8.7,134.66827
0.38,0.4,0.22,1.3279999999999998,0.0414246303544159,0.1223354404904808,8.873584776968292,8.84,120.77413
0.38,0.42,0.2,1.33,0.04,0.1181844321389242,8.762288809001323,8.979999999999999,112.25492
0.38,0.44,0.18,1.3320000000000003,0.0384187454245971,0.113565663824943,8.626415925817032,9.12,105.41828
0.38,0.46,0.16,1.334,0.0366606055596467,0.1084193709629418,8.464468495897226,9.260000000000002,96.16946
0.38,0.48,0.14,1.336,0.0346987031457949,0.1026662554104316,8.274449752528913,9.4,84.90223
0.38,0.5,0.12,1.338,0.0324961536185438,0.0961975051651548,8.053664920232931,9.54,74.23145
0.38,0.52,0.1,1.34,0.03,0.0888569637113489,7.798384030174263,9.68,63.00171
0.38,0.54,0.08,1.342,0.027129319932501,0.0804062186649763,7.503224845863031,9.82,52.339336
0.38,0.56,0.06,1.344,0.0237486841740758,0.0704468594048023,7.159891510736167,9.96,43.071987
0.38,0.58,0.04,1.346,0.0195959179422654,0.0582096211978741,6.754116717408096,10.1,40.042213
0.38,0.6,0.02,1.348,0.014,0.0417367943186823,6.255601292785992,10.24,52.65681
0.38,0.62,0.0,1.35,0.0,0.0048538644398046,5.521029148253994,10.38,98.178215
0.4,0.0,0.6,1.29,0.0489897948556636,0.1420704050814242,5.595418999514958,6.2,308.4083
0.4,0.02,0.58,1.292,0.0493558507170123,0.1433736377441821,6.324447450504078,6.34,301.20963
0.4,0.04,0.56,1.294,0.0496386945839634,0.1444160655882854,6.817227945177318,6.48,291.23267
0.4,0.06,0.54,1.296,0.0498397431775084,0.1452033057474931,7.217062903980858,6.62,262.28952
0.4,0.08,0.52,1.298,0.0499599839871872,0.1457394936178933,7.55423631183288,6.76,237.05312
0.4,0.1,0.5,1.3,0.05,0.1460273946901744,7.842998533823633,6.9,225.58392
0.4,0.12,0.48,1.302,0.0499599839871872,0.1460684770920816,8.091626449092853,7.040000000000001,218.13571
0.4,0.14,0.46,1.3040000000000005,0.0498397431775084,0.1458629493737185,8.305480941935954,7.180000000000001,213.37407
0.4,0.16,0.44,1.306,0.0496386945839634,0.1454097658343482,8.488267840617013,7.32,207.16765
0.4,0.18,0.42,1.308,0.0493558507170123,0.1447065997112777,8.64265448388559,7.46,195.1235
0.4,0.2,0.4,1.31,0.0489897948556636,0.1437497826085312,8.770606276636803,7.6,175.78769
0.4,0.22,0.38,1.312,0.0485386443980464,0.1425342064207745,8.873584776968292,7.74,171.42245
0.4,0.24,0.36,1.314,0.048,0.1410531814600435,8.952670399223933,7.880000000000001,170.28294
0.4,0.26,0.34,1.316,0.047370877129308,0.1392982411949267,9.008640736690948,8.02,169.51086
0.4,0.28,0.32,1.318,0.0466476151587624,0.1372588794941878,9.042020835696007,8.16,169.01462
0.4,0.3,0.3,1.32,0.0458257569495584,0.1349221998041833,9.05311439502019,8.3,169.63597
0.4,0.32,0.28,1.322,0.0448998886412873,0.1322724461102915,9.042020835696007,8.440000000000001,166.28369
0.4,0.34,0.26,1.324,0.0438634243989226,0.1292903708711518,9.008640736690948,8.58,153.22888
0.4,0.36,0.24,1.326,0.0427083130081252,0.1259523719506702,8.952670399223933,8.72,133.6079
0.4,0.38,0.22,1.3279999999999998,0.0414246303544159,0.1222292927247801,8.873584776968292,8.86,120.26679
0.4,0.4,0.2,1.33,0.04,0.118084715353004,8.770606276636803,9.0,111.8655
0.4,0.42,0.18,1.3320000000000003,0.0384187454245971,0.1134724636200342,8.642654483885588,9.14,104.86443
0.4,0.44,0.16,1.334,0.0366606055596467,0.1083328205116066,8.488267840617013,9.28,95.34984
0.4,0.46,0.14,1.336,0.0346987031457949,0.1025865488258572,8.305480941935954,9.42,83.78187
0.4,0.48,0.12,1.338,0.0324961536185438,0.0961249187255832,8.091626449092853,9.56,73.089966
0.4,0.5,0.1,1.34,0.03,0.0887918915216924,7.842998533823631,9.7,61.94121
0.4,0.52,0.08,1.342,0.027129319932501,0.0803492377064026,7.55423631183288,9.840000000000002,51.38164
0.4,0.54,0.06,1.344,0.0237486841740758,0.0703988636271921,7.217062903980858,9.98,42.28402
0.4,0.56,0.04,1.3460000000000003,0.0195959179422654,0.0581721582889959,6.817227945177318,10.12,39.693825
0.4,0.58,0.02,1.348,0.014,0.0417133072292284,6.324447450504078,10.26,51.92027
0.4,0.6,0.0,1.35,0.0,0.0048989794855663,5.595418999514958,10.4,97.184425
0.42,0.0,0.58,1.292,0.0493558507170123,0.1431319670793354,5.655947689597564,6.359999999999999,317.50912
0.42,0.02,0.56,1.294,0.0496386945839634,0.1441844651826263,6.379241210637819,6.5,308.82202
0.42,0.04,0.54,1.2960000000000005,0.0498397431775084,0.1449812401657537,6.8660818707865285,6.640000000000001,283.2282
0.42,0.06,0.52,1.298,0.0499599839871872,0.1455264924335083,7.259756902315227,6.779999999999999,259.01242
0.42,0.08,0.5,1.3,0.05,0.1458230434465005,7.590533347846768,6.92,240.50894
0.42,0.1,0.48,1.302,0.0499599839871872,0.1458724100027142,7.872642595048076,7.0600000000000005,232.22981
0.42,0.12,0.46,1.3040000000000005,0.0498397431775084,0.1456748434013229,8.114340170864416,7.2,225.35805
0.42,0.14,0.44,1.306,0.0496386945839634,0.1452293358794977,8.320962819020261,7.340000000000001,217.40538
0.42,0.16,0.42,1.3080000000000005,0.0493558507170123,0.1445335947107106,8.496188931050089,7.48,204.52106
0.42,0.18,0.4,1.31,0.0489897948556636,0.1435839823935803,8.64265448388559,7.62,181.64296
0.42,0.2,0.38,1.312,0.0485386443980464,0.1423754192267751,8.762288809001323,7.76,175.1813
0.42,0.22,0.36,1.314,0.048,0.1409012420101397,8.85651168546836,7.9,173.23486
0.42,0.24,0.34,1.316,0.047370877129308,0.1391530093098959,8.926354772126608,8.04,171.28787
0.42,0.26,0.32,1.318,0.0466476151587624,0.1371202392063256,8.97253828448429,8.18,170.63388
0.42,0.28,0.3,1.32,0.0458257569495584,0.1347900589806235,8.995519106944855,8.32,170.35272
0.42,0.3,0.28,1.322,0.0448998886412873,0.1321467366225892,8.995519106944855,8.46,166.27278
0.42,0.32,0.26,1.324,0.0438634243989226,0.129171049388011,8.972538284484292,8.6,150.47836
0.42,0.34,0.24,1.3260000000000003,0.0427083130081252,0.1258394214862734,8.926354772126608,8.74,132.20633
0.42,0.36,0.22,1.3279999999999998,0.0414246303544159,0.1221227251579327,8.85651168546836,8.879999999999999,119.8872
0.42,0.38,0.2,1.33,0.04,0.1179845752630401,8.762288809001323,9.02,111.67573
0.42,0.4,0.18,1.3320000000000003,0.0384187454245971,0.1133788340035298,8.642654483885588,9.16,104.53304
0.42,0.42,0.16,1.334,0.0366606055596467,0.1082458313285088,8.496188931050089,9.3,94.80778
0.42,0.44,0.14,1.336,0.0346987031457949,0.1025063900447186,8.320962819020261,9.44,82.95793
0.42,0.46,0.12,1.338,0.0324961536185438,0.096051860991862,8.114340170864416,9.58,72.27758
0.42,0.48,0.1,1.34,0.03,0.0887263207847592,7.872642595048076,9.72,61.11161
0.42,0.5,0.08,1.342,0.027129319932501,0.0802917181283349,7.590533347846768,9.86,50.65285
0.42,0.52,0.06,1.344,0.0237486841740758,0.0703502665240153,7.259756902315227,10.0,41.64253
0.42,0.54,0.04,1.3460000000000003,0.0195959179422654,0.0581339831767959,6.8660818707865285,10.14,39.353504
0.42,0.56,0.02,1.348,0.014,0.0416888474294984,6.379241210637819,10.28,51.29593
0.42,0.58,0.0,1.35,0.0,0.0049355850717012,5.655947689597564,10.42,96.360664
0.44,0.0,0.56,1.294,0.0496386945839634,0.1439522142934938,5.702820359298228,6.52,328.07224
0.44,0.02,0.54,1.2960000000000005,0.0498397431775084,0.144758557605414,6.420174045813954,6.66,301.3259
0.44,0.04,0.52,1.298,0.0499599839871872,0.1453129037628798,6.900854778687821,6.800000000000001,279.36386
0.44,0.06,0.5,1.3,0.05,0.1456181307392729,7.288132847896039,6.94,259.7045
0.44,0.08,0.48,1.302,0.0499599839871872,0.1456758044426045,7.612256318638135,7.08,244.44473
0.44,0.1,0.46,1.3040000000000005,0.0498397431775084,0.1454862192786656,7.887435226386561,7.22,239.00177
0.44,0.12,0.44,1.306,0.0496386945839634,0.145048405713403,8.121900957515647,7.36,229.62563
0.44,0.14,0.42,1.3080000000000005,0.0493558507170123,0.1443601052922862,8.320962819020261,7.5,215.50038
0.44,0.16,0.4,1.31,0.0489897948556636,0.1434177115979751,8.488267840617013,7.64,191.9899
0.44,0.18,0.38,1.312,0.0485386443980464,0.1422161734824839,8.62641592581703,7.779999999999999,179.75581
0.44,0.2,0.36,1.314,0.048,0.1407488543470247,8.737294627068314,7.92,177.02368
0.44,0.22,0.34,1.3160000000000005,0.047370877129308,0.1390073379358082,8.822274967937956,8.06,173.56728
0.44,0.24,0.32,1.318,0.0466476151587624,0.1369811665886956,8.882331229486871,8.2,172.67365
0.44,0.26,0.3,1.32,0.0458257569495584,0.1346574914366073,8.918115465300062,8.34,170.33826
0.44,0.28,0.28,1.3220000000000005,0.0448998886412873,0.1320206044524868,8.930002728436444,8.48,164.91776
0.44,0.3,0.26,1.324,0.0438634243989226,0.1290513076260755,8.918115465300062,8.62,147.61234
0.44,0.32,0.24,1.3260000000000003,0.0427083130081252,0.1257260513974728,8.882331229486871,8.76,130.62006
0.44,0.34,0.22,1.3280000000000003,0.0414246303544159,0.1220157366899859,8.822274967937956,8.9,119.74407
0.44,0.36,0.2,1.33,0.04,0.1178840107902678,8.737294627068314,9.04,111.6809
0.44,0.38,0.18,1.3320000000000003,0.0384187454245971,0.1132847739107069,8.626415925817032,9.18,104.43223
0.44,0.4,0.16,1.334,0.0366606055596467,0.1081584023550643,8.488267840617013,9.32,94.54444
0.44,0.42,0.14,1.336,0.0346987031457949,0.1024257780053438,8.320962819020261,9.46,82.42899
0.44,0.44,0.12,1.338,0.0324961536185438,0.0959783308877581,8.121900957515647,9.6,71.800514
0.44,0.46,0.1,1.3400000000000003,0.03,0.0886602503944128,7.887435226386562,9.740000000000002,60.474483
0.44,0.48,0.08,1.342,0.027129319932501,0.080233658772363,7.612256318638135,9.88,50.10338
0.44,0.5,0.06,1.344,0.0237486841740758,0.0703010668482349,7.28813284789604,10.02,41.12251
0.44,0.52,0.04,1.3460000000000003,0.0195959179422654,0.0580950944572775,6.900854778687821,10.159999999999998,39.01765
0.44,0.54,0.02,1.348,0.014,0.0416634132063132,6.420174045813954,10.3,50.779045
0.44,0.56,0.0,1.35,0.0,0.0049638694583963,5.702820359298228,10.44,95.699844
0.46,0.0,0.54,1.2960000000000005,0.0498397431775084,0.1445352552147744,5.736192407823133,6.680000000000001,327.22845
0.46,0.02,0.52,1.298,0.0499599839871872,0.1450987250116277,6.447386167064016,6.82,300.49973
0.46,0.04,0.5,1.3000000000000005,0.05,0.1454126541948807,6.921669937617403,6.960000000000001,276.34445
0.46,0.06,0.48,1.302,0.0499599839871872,0.1454786582286212,7.302295032036175,7.1,257.79282
0.46,0.08,0.46,1.3040000000000005,0.0498397431775084,0.1452970749877642,7.619488163325391,7.24,250.54077
0.46,0.1,0.44,1.306,0.0496386945839634,0.1448669734618625,7.887435226386562,7.380000000000001,244.35217
0.46,0.12,0.42,1.3080000000000005,0.0493558507170123,0.1441861297074027,8.114340170864416,7.52,228.16687
0.46,0.14,0.4,1.31,0.0489897948556636,0.1432509685831128,8.305480941935954,7.660000000000001,204.67577
0.46,0.16,0.38,1.3120000000000005,0.0485386443980464,0.1420564676457921,8.464468495897226,7.800000000000001,185.70761
0.46,0.18,0.36,1.314,0.048,0.1405960170132852,8.593860957232794,7.94,180.42448
0.46,0.2,0.34,1.3160000000000005,0.047370877129308,0.138861225689535,8.69549712288668,8.08,176.31125
0.46,0.22,0.32,1.318,0.0466476151587624,0.1368416603231632,8.770690638646993,8.22,173.67798
0.46,0.24,0.3,1.32,0.0458257569495584,0.134524495910596,8.820347623651413,8.360000000000001,170.29471
0.46,0.26,0.28,1.3220000000000005,0.0448998886412873,0.1318940483873324,8.845038300140422,8.5,161.34738
0.46,0.28,0.26,1.324,0.0438634243989226,0.1289311444143732,8.845038300140422,8.64,144.07277
0.46,0.3,0.24,1.3260000000000003,0.0427083130081252,0.1256122605480849,8.820347623651413,8.780000000000001,129.03613
0.46,0.32,0.22,1.3280000000000003,0.0414246303544159,0.1219083262127734,8.770690638646993,8.920000000000002,119.71293
0.46,0.34,0.2,1.33,0.04,0.1177830208476586,8.69549712288668,9.06,111.88142
0.46,0.36,0.18,1.3320000000000003,0.0384187454245971,0.1131902822683996,8.593860957232794,9.2,104.51866
0.46,0.38,0.16,1.334,0.0366606055596467,0.108070532523903,8.464468495897226,9.34,94.5653
0.46,0.4,0.14,1.336,0.0346987031457949,0.1023447116367034,8.305480941935954,9.48,82.2219
0.46,0.42,0.12,1.338,0.0324961536185438,0.0959043273267686,8.114340170864416,9.62,71.615105
0.46,0.44,0.1,1.3400000000000003,0.03,0.0885936792327759,7.887435226386562,9.760000000000002,60.022846
0.46,0.46,0.08,1.3420000000000003,0.0271293199325011,0.0801750584658345,7.619488163325391,9.9,49.732334
0.46,0.48,0.06,1.344,0.0237486841740758,0.0702512633338361,7.302295032036175,10.04,40.726242
0.46,0.5,0.04,1.3460000000000003,0.0195959179422654,0.0580554906964018,6.921669937617403,10.18,38.73673
0.46,0.52,0.02,1.348,0.014,0.0416370027739749,6.447386167064016,10.320000000000002,50.368614
0.46,0.54,0.0,1.35,0.0,0.0049839743177508,5.736192407823133,10.46,95.203285
0.48,0.0,0.52,1.298,0.0499599839871872,0.1448839535628427,5.756172684385939,6.84,327.01474
0.48,0.02,0.5,1.3,0.05,0.1452066114197283,6.460969481306342,6.98,292.5947
0.48,0.04,0.48,1.302,0.0499599839871872,0.1452809691597628,6.928600277070284,7.119999999999999,270.28226
0.48,0.06,0.46,1.304,0.0498397431775084,0.1451074084945354,7.302295032036175,7.259999999999999,260.0517
0.48,0.08,0.44,1.306,0.0496386945839634,0.1446850372360597,7.612256318638135,7.399999999999999,253.28473
0.48,0.1,0.42,1.308,0.0493558507170123,0.1440116661940968,7.872642595048075,7.539999999999999,240.49069
0.48,0.12,0.4,1.31,0.0489897948556636,0.1430837516980875,8.091626449092853,7.68,217.7265
0.48,0.14,0.38,1.312,0.0485386443980464,0.1418963001631824,8.274449752528913,7.82,192.93976
0.48,0.16,0.36,1.314,0.048,0.1404427285408539,8.424681682625732,7.959999999999999,183.03114
0.48,0.18,0.34,1.316,0.047370877129308,0.1387146711779254,8.544831608363904,8.1,177.98021
0.48,0.2,0.32,1.318,0.0466476151587624,0.1367017190820948,8.636680948908461,8.239999999999998,173.46591
0.48,0.22,0.3,1.32,0.0458257569495584,0.1343910711319765,8.701475188124277,8.379999999999999,169.61404
0.48,0.24,0.28,1.322,0.0448998886412873,0.1317670672057323,8.740038613804515,8.52,155.68176
0.48,0.26,0.26,1.324,0.0438634243989226,0.1288105585734336,8.75284202715714,8.659999999999998,140.04367
0.48,0.28,0.24,1.326,0.0427083130081252,0.1254980477935811,8.740038613804517,8.8,127.358246
0.48,0.3,0.22,1.3279999999999998,0.0414246303544159,0.1218004926098412,8.701475188124277,8.94,119.76873
0.48,0.32,0.2,1.33,0.04,0.1176816043398456,8.636680948908461,9.08,112.28238
0.48,0.34,0.18,1.3320000000000003,0.0384187454245971,0.1130953579949238,8.544831608363904,9.22,104.859535
0.48,0.36,0.16,1.334,0.0366606055596467,0.1079822207587896,8.424681682625732,9.36,94.99898
0.48,0.38,0.14,1.336,0.0346987031457949,0.1022631898583257,8.274449752528913,9.499999999999998,82.47437
0.48,0.4,0.12,1.338,0.0324961536185438,0.0958298492120278,8.091626449092853,9.64,71.673454
0.48,0.42,0.1,1.34,0.03,0.0885266061701226,7.872642595048076,9.78,59.892735
0.48,0.44,0.08,1.342,0.027129319932501,0.0801159160217243,7.612256318638135,9.92,49.5351
0.48,0.46,0.06,1.344,0.0237486841740758,0.0702008546956516,7.302295032036175,10.06,40.453243
0.48,0.48,0.04,1.346,0.0195959179422654,0.0580151704298108,6.928600277070284,10.199999999999998,38.46001
0.48,0.5,0.02,1.348,0.014,0.0416096142736266,6.460969481306342,10.34,50.063847
0.48,0.52,0.0,1.35,0.0,0.0049959983987187,5.756172684385939,10.48,94.8561
0.5,0.0,0.5,1.3,0.05,0.1449999999999999,5.762825659175385,7.0,324.03427
0.5,0.02,0.48,1.302,0.0499599839871872,0.1450827350169549,6.460969481306342,7.140000000000001,281.50327
0.5,0.04,0.46,1.3040000000000005,0.0498397431775084,0.1449172177486166,6.921669937617403,7.28,268.3032
0.5,0.06,0.44,1.306,0.0496386945839634,0.1445025951324057,7.28813284789604,7.42,259.98975
0.5,0.08,0.42,1.308,0.0493558507170123,0.1438367129769029,7.590533347846768,7.56,245.42558
0.5,0.1,0.4,1.31,0.0489897948556636,0.1429160592795644,7.842998533823632,7.7,225.34846
0.5,0.12,0.38,1.312,0.0485386443980464,0.141735669469615,8.053664920232931,7.84,202.49161
0.5,0.14,0.36,1.314,0.048,0.1402889874509042,8.227732599804536,7.98,184.65924
0.5,0.16,0.34,1.316,0.047370877129308,0.1385676729977088,8.368721994303963,8.12,179.12317
0.5,0.18,0.32,1.318,0.0466476151587624,0.136561341528267,8.479085094932802,8.26,173.17319
0.5,0.2,0.3,1.32,0.0458257569495584,0.1342572158209754,8.560535158932865,8.4,165.1665
0.5,0.22,0.28,1.322,0.0448998886412873,0.1316396596774694,8.614235838824499,8.540000000000001,149.63672
0.5,0.24,0.26,1.324,0.0438634243989226,0.128689548915209,8.640912001368356,8.68,135.59961
0.5,0.26,0.24,1.326,0.0427083130081252,0.1253834119810112,8.640912001368354,8.82,126.42608
0.5,0.28,0.22,1.3280000000000003,0.0414246303544159,0.1216922347563721,8.614235838824499,8.96,119.75678
0.5,0.3,0.2,1.33,0.04,0.1175797601630484,8.560535158932865,9.1,112.8987
0.5,0.32,0.18,1.3320000000000003,0.0384187454245971,0.1129999999999999,8.479085094932802,9.239999999999998,105.566185
0.5,0.34,0.16,1.334,0.0366606055596467,0.1078934659745435,8.368721994303963,9.38,95.734215
0.5,0.36,0.14,1.336,0.0346987031457949,0.1021812115802116,8.227732599804536,9.52,83.08545
0.5,0.38,0.12,1.338,0.0324961536185438,0.0957548954362124,8.053664920232931,9.66,72.03035
0.5,0.4,0.1,1.34,0.03,0.0884590300647706,7.842998533823631,9.8,60.133087
0.5,0.42,0.08,1.342,0.027129319932501,0.0800562302385016,7.590533347846768,9.94,49.515934
0.5,0.44,0.06,1.344,0.0237486841740758,0.0701498396291823,7.28813284789604,10.08,40.30044
0.5,0.46,0.04,1.3460000000000003,0.0195959179422654,0.0579741321625429,6.921669937617403,10.22,38.19099
0.5,0.48,0.02,1.348,0.014,0.0415812457725835,6.460969481306342,10.36,49.788517
0.5,0.5,0.0,1.35,0.0,0.005,5.762825659175385,10.5,94.651405
0.52,0.0,0.48,1.302,0.0499599839871872,0.1448839535628427,5.756172684385939,7.16,316.5454
0.52,0.02,0.46,1.3040000000000005,0.0498397431775084,0.144726500683185,6.447386167064016,7.300000000000001,279.4776
0.52,0.04,0.44,1.306,0.0496386945839634,0.1443196452323798,6.900854778687821,7.440000000000001,265.76035
0.52,0.06,0.42,1.308,0.0493558507170123,0.1436612682667112,7.259756902315227,7.58,251.01843
0.52,0.08,0.4,1.31,0.0489897948556636,0.1427478896516511,7.55423631183288,7.720000000000001,228.96463
0.52,0.1,0.38,1.312,0.0485386443980464,0.1415745739884107,7.798384030174264,7.860000000000001,209.36386
0.52,0.12,0.36,1.314,0.048,0.1401347922537439,8.00029479271911,8.0,186.93784
0.52,0.14,0.34,1.3160000000000005,0.047370877129308,0.1384202297353966,8.165119936693321,8.14,179.70586
0.52,0.16,0.32,1.318,0.0466476151587624,0.1364205263147741,8.296322506083417,8.280000000000001,171.79132
0.52,0.18,0.3,1.32,0.0458257569495584,0.1341229286885727,8.396286330167761,8.42,156.66745
0.52,0.2,0.28,1.322,0.0448998886412873,0.1315118245634208,8.46664283484364,8.56,143.75673
0.52,0.22,0.26,1.324,0.0438634243989226,0.1285681142429956,8.508456251598894,8.700000000000001,131.8325
0.52,0.24,0.24,1.326,0.0427083130081252,0.1252683519489259,8.522329000790124,8.840000000000002,126.20689
0.52,0.26,0.22,1.3280000000000003,0.0414246303544159,0.1215835515191096,8.508456251598894,8.98,119.6437
0.52,0.28,0.2,1.33,0.04,0.1174774872049959,8.466642834843642,9.12,113.83561
0.52,0.3,0.18,1.3320000000000003,0.0384187454245971,0.1129042071846748,8.396286330167761,9.260000000000002,106.573616
0.52,0.32,0.16,1.334,0.0366606055596467,0.1078042670769575,8.296322506083417,9.400000000000002,96.87981
0.52,0.34,0.14,1.336,0.0346987031457949,0.1020987757027477,8.165119936693321,9.54,84.04159
0.52,0.36,0.12,1.338,0.0324961536185438,0.0956794648814466,8.000294792719112,9.68,72.68354
0.52,0.38,0.1,1.34,0.03,0.0883909497629705,7.798384030174263,9.82,60.61195
0.52,0.4,0.08,1.342,0.027129319932501,0.0799959998999949,7.55423631183288,9.96,49.710144
0.52,0.42,0.06,1.344,0.0237486841740758,0.0700982168104153,7.259756902315227,10.1,40.270077
0.52,0.44,0.04,1.3460000000000003,0.0195959179422654,0.0579323743687413,6.900854778687821,10.24,37.92625
0.52,0.46,0.02,1.348,0.014,0.0415518952636338,6.447386167064016,10.38,49.623062
0.52,0.48,0.0,1.35,0.0,0.0049959983987187,5.756172684385939,10.52,94.63821
0.54,0.0,0.46,1.3040000000000005,0.0498397431775084,0.1445352552147744,5.736192407823133,7.32,315.64224
0.54,0.02,0.44,1.306,0.0496386945839634,0.1441361856023669,6.420174045813954,7.460000000000001,279.74808
0.54,0.04,0.42,1.3080000000000005,0.0493558507170123,0.1434853302606227,6.8660818707865285,7.6,257.62167
0.54,0.06,0.4,1.31,0.0489897948556636,0.1425792411257682,7.217062903980858,7.74,233.84592
0.54,0.08,0.38,1.312,0.0485386443980464,0.141413012131133,7.503224845863031,7.880000000000001,212.86214
0.54,0.1,0.36,1.314,0.048,0.1399801414487068,7.738616940339962,8.02,192.75287
0.54,0.12,0.34,1.3160000000000005,0.047370877129308,0.138272339967182,7.931285167287415,8.16,180.57388
0.54,0.14,0.32,1.318,0.0466476151587624,0.1362792720849358,8.086323486152295,8.3,165.74982
0.54,0.16,0.3,1.32,0.0458257569495584,0.1339882084364142,8.207126778997894,8.440000000000001,149.56094
0.54,0.18,0.28,1.322,0.0448998886412873,0.1313835606154741,8.295997043758058,8.58,137.79541
0.54,0.2,0.26,1.324,0.0438634243989226,0.128446253351353,8.354466285297555,8.72,130.41597
0.54,0.22,0.24,1.3260000000000003,0.0427083130081252,0.1251528665272992,8.383476288700182,8.860000000000001,125.98176
0.54,0.24,0.22,1.3280000000000003,0.0414246303544159,0.1214744417562804,8.383476288700182,9.0,120.3048
0.54,0.26,0.2,1.33,0.04,0.1173747843448497,8.354466285297555,9.14,114.6752
0.54,0.28,0.18,1.3320000000000003,0.0384187454245971,0.1128079784412431,8.295997043758058,9.28,107.89999
0.54,0.3,0.16,1.334,0.0366606055596467,0.1077146229627156,8.207126778997894,9.420000000000002,98.36261
0.54,0.32,0.14,1.336,0.0346987031457949,0.1020158811166182,8.086323486152295,9.56,85.34464
0.54,0.34,0.12,1.338,0.0324961536185438,0.0956035564192043,7.931285167287415,9.7,73.63698
0.54,0.36,0.1,1.34,0.03,0.0883223640987943,7.738616940339962,9.84,61.332954
0.54,0.38,0.08,1.342,0.027129319932501,0.0799352237752543,7.503224845863031,9.98,50.131935
0.54,0.4,0.06,1.344,0.0237486841740758,0.0700459848956383,7.217062903980858,10.12,40.36352
0.54,0.42,0.04,1.3460000000000003,0.0195959179422654,0.0578898954913549,6.8660818707865285,10.26,37.763805
0.54,0.44,0.02,1.348,0.014,0.0415215606643102,6.420174045813954,10.4,49.57399
0.54,0.46,0.0,1.35,0.0,0.0049839743177508,5.736192407823133,10.54,94.80048
0.56,0.0,0.44,1.306,0.0496386945839634,0.1439522142934938,5.702820359298228,7.48,314.92563
0.56,0.02,0.42,1.3080000000000005,0.0493558507170123,0.1433088971418033,6.379241210637819,7.62,273.3215
0.56,0.04,0.4,1.31,0.0489897948556636,0.1424101120005176,6.817227945177318,7.760000000000001,244.2528
0.56,0.06,0.38,1.312,0.0485386443980464,0.1412509822974692,7.159891510736167,7.9,218.22327
0.56,0.08,0.36,1.314,0.048,0.1398250335240438,7.437297828753886,8.04,197.93863
0.56,0.1,0.34,1.3160000000000005,0.047370877129308,0.1381240022588397,7.663447387633425,8.18,173.39447
0.56,0.12,0.32,1.318,0.0466476151587624,0.1361375774722026,7.846328789471546,8.32,161.40765
0.56,0.14,0.3,1.3200000000000005,0.0458257569495584,0.1338530537567222,7.990967831791931,8.46,144.19804
0.56,0.16,0.28,1.3220000000000005,0.0448998886412873,0.1312548665764434,8.100677565313347,8.6,133.8599
0.56,0.18,0.26,1.324,0.0438634243989226,0.128323965026023,8.17766056693713,8.74,129.93675
0.56,0.2,0.24,1.3260000000000003,0.0427083130081252,0.1250369545374485,8.223326395124001,8.88,125.64035
0.56,0.22,0.22,1.3280000000000003,0.0414246303544159,0.1213649043175166,8.238463649335397,9.02,121.483604
0.56,0.24,0.2,1.33,0.04,0.1172716504531252,8.223326395124001,9.16,115.8135
0.56,0.26,0.18,1.3320000000000003,0.0384187454245971,0.112711312653167,8.17766056693713,9.3,109.38128
0.56,0.28,0.16,1.334,0.0366606055596467,0.1076245325193098,8.100677565313347,9.44,99.91277
0.56,0.3,0.14,1.336,0.0346987031457949,0.1019325267027163,7.99096783179193,9.58,86.99046
0.56,0.32,0.12,1.338,0.0324961536185438,0.095527168910211,7.846328789471546,9.72,74.893394
0.56,0.34,0.1,1.3400000000000003,0.03,0.0882532718940209,7.663447387633424,9.86,62.313908
0.56,0.36,0.08,1.342,0.027129319932501,0.0798739006184122,7.437297828753887,10.0,50.771576
0.56,0.38,0.06,1.344,0.0237486841740758,0.0699931425212498,7.159891510736167,10.14,40.524998
0.56,0.4,0.04,1.3460000000000003,0.0195959179422654,0.0578466939418321,6.817227945177318,10.28,37.705585
0.56,0.42,0.02,1.348,0.014,0.0414902398161302,6.379241210637819,10.42,49.642956
0.56,0.44,0.0,1.35,0.0,0.0049638694583963,5.702820359298228,10.56,95.10511
0.58,0.0,0.42,1.308,0.0493558507170123,0.1431319670793354,5.655947689597564,7.64,307.6262
0.58,0.02,0.4,1.31,0.0489897948556636,0.1422405005615488,6.324447450504078,7.78,265.0359
0.58,0.04,0.38,1.312,0.0485386443980464,0.1410884828751091,6.754116717408096,7.92,232.83359
0.58,0.06,0.36,1.314,0.048,0.1396694669568119,7.088024659102493,8.059999999999999,205.73817
0.58,0.08,0.34,1.316,0.047370877129308,0.137975215165623,7.35618844152282,8.2,172.88219
0.58,0.1,0.32,1.318,0.0466476151587624,0.1359954411000603,7.572551175293026,8.34,156.57706
0.58,0.12,0.3,1.32,0.0458257569495584,0.1337174633322064,7.745033300586653,8.48,143.4497
0.58,0.14,0.28,1.322,0.0448998886412873,0.1311257411799833,7.878578783582856,8.620000000000001,133.04541
0.58,0.16,0.26,1.324,0.0438634243989226,0.1282012480438469,7.9764012539678895,8.76,129.42307
0.58,0.18,0.24,1.326,0.0427083130081252,0.1249206147919549,8.040580842239047,8.9,126.49498
0.58,0.2,0.22,1.3279999999999998,0.0414246303544159,0.1212549380437761,8.072373921234687,9.04,122.87014
0.58,0.22,0.2,1.33,0.04,0.1171680843916123,8.072373921234687,9.18,117.534874
0.58,0.24,0.18,1.332,0.0384187454245971,0.1126142086949954,8.040580842239047,9.32,111.16793
0.58,0.26,0.16,1.334,0.0366606055596467,0.1075339946249556,7.9764012539678895,9.46,101.80982
0.58,0.28,0.14,1.336,0.0346987031457949,0.1018487113320536,7.878578783582856,9.6,88.753914
0.58,0.3,0.12,1.338,0.0324961536185438,0.0954503012043439,7.745033300586653,9.739999999999998,76.33397
0.58,0.32,0.1,1.34,0.03,0.0881836719580217,7.572551175293026,9.88,63.516724
0.58,0.34,0.08,1.342,0.027129319932501,0.0798120291685407,7.35618844152282,10.02,51.885754
0.58,0.36,0.06,1.344,0.0237486841740758,0.0699396883035661,7.088024659102494,10.16,40.780266
0.58,0.38,0.04,1.346,0.0195959179422654,0.0578027680998064,6.754116717408096,10.3,37.691353
0.58,0.4,0.02,1.348,0.014,0.0414579304838048,6.324447450504078,10.44,49.83032
0.58,0.42,0.0,1.35,0.0,0.0049355850717012,5.655947689597564,10.58,95.56822
0.6,0.0,0.4,1.31,0.0489897948556636,0.1420704050814242,5.595418999514958,7.8,299.62128
0.6,0.02,0.38,1.312,0.0485386443980464,0.1409255122396224,6.255601292785992,7.939999999999999,255.93767
0.6,0.04,0.36,1.314,0.048,0.1395134402127622,6.676514935825558,8.08,222.62479
0.6,0.06,0.34,1.316,0.047370877129308,0.1378259772321603,7.001180341922562,8.219999999999999,182.34515
0.6,0.08,0.32,1.318,0.0466476151587624,0.1358528615819334,7.259557299233555,8.36,150.59216
0.6,0.1,0.3,1.32,0.0458257569495584,0.1335814358359722,7.465520756459267,8.5,142.36542
0.6,0.12,0.28,1.322,0.0448998886412873,0.1309961831505024,7.626909322428713,8.64,132.95135
0.6,0.14,0.26,1.324,0.0438634243989226,0.1280781011726828,7.748567542288533,8.78,130.46329
0.6,0.16,0.24,1.326,0.0427083130081252,0.1248038460945814,7.833586599320941,8.92,127.79105
0.6,0.18,0.22,1.3279999999999998,0.0414246303544159,0.1211445417672623,7.883893438400868,9.06,124.90281
0.6,0.2,0.2,1.33,0.04,0.1170640850132951,7.9005492631851135,9.2,119.90945
0.6,0.22,0.18,1.3320000000000003,0.0384187454245971,0.1125166654322815,7.883893438400867,9.34,113.06849
0.6,0.24,0.16,1.334,0.0366606055596467,0.1074430081485062,7.833586599320942,9.48,104.12663
0.6,0.26,0.14,1.336,0.0346987031457949,0.1017644338656683,7.748567542288533,9.62,91.00474
0.6,0.28,0.12,1.338,0.0324961536185438,0.0953729521405308,7.626909322428713,9.76,77.76999
0.6,0.3,0.1,1.34,0.03,0.0881135630876427,7.465520756459266,9.9,64.68951
0.6,0.32,0.08,1.342,0.027129319932501,0.0797496081495074,7.259557299233556,10.04,53.23115
0.6,0.34,0.06,1.344,0.0237486841740758,0.0698856208386245,7.001180341922561,10.18,41.33533
0.6,0.36,0.04,1.346,0.0195959179422654,0.0577581163127745,6.676514935825558,10.32,37.71455
0.6,0.38,0.02,1.348,0.014,0.0414246303544159,6.255601292785992,10.46,50.200512
0.6,0.4,0.0,1.35,0.0,0.0048989794855663,5.595418999514958,10.6,96.184685
0.62,0.0,0.38,1.312,0.0485386443980464,0.1407620687543344,5.521029148253994,7.960000000000001,291.1101
0.62,0.02,0.36,1.314,0.048,0.139356951746226,6.172455817660577,8.100000000000001,245.67236
0.62,0.04,0.34,1.3160000000000005,0.047370877129308,0.1376762869923502,6.584126925102747,8.24,202.31558
0.62,0.06,0.32,1.318,0.0466476151587624,0.1357098375210875,6.899005506090419,8.379999999999999,158.57477
0.62,0.08,0.3,1.32,0.0458257569495584,0.1334449699314289,7.146983186856919,8.52,142.25737
0.62,0.1,0.28,1.322,0.0448998886412873,0.1308661912030757,7.341853084758449,8.66,135.73334
0.62,0.12,0.26,1.324,0.0438634243989226,0.1279545231713204,7.49135438759151,8.799999999999999,131.95685
0.62,0.14,0.24,1.326,0.0427083130081252,0.1246866472401916,7.600209194098706,8.940000000000001,129.72995
0.62,0.16,0.22,1.3280000000000003,0.0414246303544159,0.1210337143113437,7.671355501939884,9.08,127.346275
0.62,0.18,0.2,1.33,0.04,0.1169596511622704,7.706525086808414,9.22,122.498985
0.62,0.2,0.18,1.3320000000000003,0.0384187454245971,0.1124186817215003,7.706525086808414,9.36,115.30715
0.62,0.22,0.16,1.334,0.0366606055596467,0.1073515719493663,7.671355501939884,9.5,106.60794
0.62,0.24,0.14,1.336,0.0346987031457949,0.101679693154533,7.600209194098706,9.64,93.57564
0.62,0.26,0.12,1.338,0.0324961536185438,0.095295120546647,7.49135438759151,9.78,79.464745
0.62,0.28,0.1,1.34,0.03,0.0880429440670857,7.341853084758449,9.920000000000002,65.98092
0.62,0.3,0.08,1.342,0.027129319932501,0.0796866362698287,7.146983186856919,10.06,54.49513
0.62,0.32,0.06,1.344,0.0237486841740758,0.0698309387019821,6.899005506090419,10.2,42.149002
0.62,0.34,0.04,1.3460000000000003,0.0195959179422654,0.0577127368957667,6.584126925102747,10.34,38.09551
0.62,0.36,0.02,1.348,0.014,0.0413903370365596,6.172455817660576,10.48,50.72787
0.62,0.38,0.0,1.35,0.0,0.0048538644398046,5.521029148253994,10.62,96.96382
0.64,0.0,0.36,1.314,0.048,0.1391999999999999,5.432518871514836,8.120000000000001,282.39926
0.64,0.02,0.34,1.3160000000000005,0.047370877129308,0.137526142969255,6.074703005324024,8.26,228.54999
0.64,0.04,0.32,1.318,0.0466476151587624,0.1355663675105296,6.476587287656865,8.4,180.1404
0.64,0.06,0.3,1.32,0.0458257569495584,0.1333080642721961,6.781066592100041,8.54,142.24426
0.64,0.08,0.28,1.322,0.0448998886412873,0.1307357640433557,7.017950713542358,8.68,136.20305
0.64,0.1,0.26,1.324,0.0438634243989226,0.1278305127893961,7.2009333483075055,8.819999999999999,132.47697
0.64,0.12,0.24,1.326,0.0427083130081252,0.1245690170146653,7.337631237787943,8.96,132.242
0.64,0.14,0.22,1.3280000000000003,0.0414246303544159,0.1209224544904708,7.4326132951039074,9.1,129.85489
0.64,0.16,0.2,1.33,0.04,0.1168547816736653,7.488622348733689,9.24,125.18318
0.64,0.18,0.18,1.3320000000000003,0.0384187454245971,0.1123202564099636,7.507136108817975,9.38,118.00574
0.64,0.2,0.16,1.334,0.0366606055596467,0.1072596848774039,7.488622348733689,9.52,109.31155
0.64,0.22,0.14,1.336,0.0346987031457949,0.10159448803946,7.432613295103907,9.66,97.18877
0.64,0.24,0.12,1.338,0.0324961536185438,0.0952168052394113,7.337631237787943,9.8,81.87017
0.64,0.26,0.1,1.34,0.03,0.0879718136677878,7.2009333483075055,9.94,67.83985
0.64,0.28,0.08,1.3420000000000003,0.0271293199325011,0.0796231122225198,7.017950713542359,10.08,55.870415
0.64,0.3,0.06,1.344,0.0237486841740758,0.0697756404485117,6.78106659210004,10.22,43.27672
0.64,0.32,0.04,1.3460000000000003,0.0195959179422654,0.0576666281310082,6.476587287656865,10.36,38.99338
0.64,0.34,0.02,1.348,0.014,0.0413550480594569,6.074703005324023,10.500000000000002,51.30847
0.64,0.36,0.0,1.35,0.0,0.0048,5.432518871514836,10.64,97.90858
0.66,0.0,0.34,1.3160000000000005,0.047370877129308,0.1373755436749932,5.329568963103927,8.280000000000001,271.5189
0.66,0.02,0.32,1.318,0.0466476151587624,0.135422450132908,5.961966271803785,8.420000000000002,210.79138
0.66,0.04,0.3,1.3200000000000005,0.0458257569495584,0.1331707175020093,6.3534512775921295,8.56,161.28107
0.66,0.06,0.28,1.322,0.0448998886412873,0.1306049003674823,6.646837022711125,8.700000000000001,138.15585
0.66,0.08,0.26,1.324,0.0438634243989226,0.1277060687673063,6.871833881017059,8.84,132.40846
0.66,0.1,0.24,1.3260000000000003,0.0427083130081252,0.1244509541948151,7.042013102429582,8.980000000000002,133.61243
0.66,0.12,0.22,1.3280000000000003,0.0414246303544159,0.120810761110093,7.164838242718788,9.12,132.64406
0.66,0.14,0.2,1.33,0.04,0.1167494753735535,7.244683045823357,9.26,128.203
0.66,0.16,0.18,1.3320000000000003,0.0384187454245971,0.1122213883357356,7.2840362746688925,9.400000000000002,121.11399
0.66,0.18,0.16,1.334,0.0366606055596467,0.1071673457728611,7.284036274668893,9.54,112.170586
0.66,0.2,0.14,1.336,0.0346987031457949,0.1015088173510064,7.244683045823356,9.68,101.37922
0.66,0.22,0.12,1.338,0.0324961536185438,0.0951380050242803,7.164838242718787,9.82,84.59528
0.66,0.24,0.1,1.34,0.03,0.0879001706482984,7.042013102429582,9.96,70.298256
0.66,0.26,0.08,1.3420000000000003,0.0271293199325011,0.0795590346849431,6.87183388101706,10.1,57.591022
0.66,0.28,0.06,1.344,0.0237486841740758,0.0697197246121927,6.646837022711125,10.24,44.65524
0.66,0.3,0.04,1.3460000000000003,0.0195959179422654,0.0576197882675734,6.3534512775921295,10.38,40.341263
0.66,0.32,0.02,1.348,0.014,0.04131876087203,5.961966271803784,10.52,51.74012
0.66,0.34,0.0,1.35,0.0,0.0047370877129308,5.329568963103927,10.66,99.08191
0.68,0.0,0.32,1.318,0.0466476151587624,0.1352780839604108,5.211792670257152,8.440000000000001,256.34146
0.68,0.02,0.3,1.3200000000000005,0.0458257569495584,0.1330329282546241,5.8337907024125135,8.58,195.22379
0.68,0.04,0.28,1.3220000000000005,0.0448998886412873,0.1304735988619919,6.214182148876677,8.72,144.29474
0.68,0.06,0.26,1.324,0.0438634243989226,0.1275811898361195,6.495680630859289,8.86,134.95148
0.68,0.08,0.24,1.3260000000000003,0.0427083130081252,0.1243324575483006,6.7078740758126,9.000000000000002,132.18971
0.68,0.1,0.22,1.3280000000000003,0.0414246303544159,0.1206986329665749,6.86418054803389,9.14,133.84332
0.68,0.12,0.2,1.33,0.04,0.116643731078871,6.9718684341117,9.28,131.50461
0.68,0.14,0.18,1.3320000000000003,0.0384187454245971,0.1121220763275457,7.035057412432025,9.420000000000002,124.59328
0.68,0.16,0.16,1.334,0.0366606055596467,0.1070745534662647,7.055896881193276,9.56,115.66824
0.68,0.18,0.14,1.336,0.0346987031457949,0.1014226799093772,7.035057412432024,9.7,105.8007
0.68,0.2,0.12,1.338,0.0324961536185438,0.095058718695341,6.971868434111701,9.84,88.03973
0.68,0.22,0.1,1.3400000000000003,0.03,0.0878280137541547,6.86418054803389,9.98,72.99239
0.68,0.24,0.08,1.3420000000000003,0.0271293199325011,0.0794944023186538,6.7078740758126,10.12,59.58297
0.68,0.26,0.06,1.344,0.0237486841740758,0.0696631897058984,6.495680630859289,10.26,46.61119
0.68,0.28,0.04,1.3460000000000003,0.0195959179422654,0.0575722155210305,6.214182148876677,10.4,41.88625
0.68,0.3,0.02,1.348,0.014,0.041281472841942,5.8337907024125135,10.54,52.269924
0.68,0.32,0.0,1.35,0.0,0.0046647615158762,5.211792670257152,10.68,100.50881
0.7,0.0,0.3,1.3199999999999998,0.0458257569495584,0.1328946951537192,5.078725807284385,8.6,242.45953
0.7,0.02,0.28,1.322,0.0448998886412873,0.1303418582037251,5.689630280115564,8.74,176.56415
0.7,0.04,0.26,1.324,0.0438634243989226,0.1274558747174879,6.058134463443345,8.879999999999999,137.62042
0.7,0.06,0.24,1.326,0.0427083130081252,0.1242135258335419,6.326829532073332,9.02,131.48315
0.7,0.08,0.22,1.3279999999999998,0.0414246303544159,0.1205860688471101,6.525150227835412,9.16,132.71701
0.7,0.1,0.2,1.33,0.04,0.1165375475973301,6.666319445845307,9.3,132.68433
0.7,0.12,0.18,1.332,0.0384187454245971,0.1120223192047012,6.757351507138871,9.439999999999998,128.48694
0.7,0.14,0.16,1.334,0.0366606055596467,0.1069813067783338,6.80202672537491,9.58,119.60473
0.7,0.16,0.14,1.336,0.0346987031457949,0.1013360745243271,6.80202672537491,9.72,109.656296
0.7,0.18,0.12,1.338,0.0324961536185438,0.0949789450352023,6.757351507138872,9.86,92.32483
0.7,0.2,0.1,1.34,0.03,0.0877553417177552,6.666319445845306,10.0,75.821465
0.7,0.22,0.08,1.342,0.027129319932501,0.0794292137692423,6.525150227835412,10.14,61.731594
0.7,0.24,0.06,1.344,0.0237486841740758,0.0696060342211793,6.326829532073333,10.28,48.770443
0.7,0.26,0.04,1.346,0.0195959179422654,0.0575239080730785,6.058134463443345,10.419999999999998,43.58468
0.7,0.28,0.02,1.348,0.014,0.0412431812546025,5.689630280115564,10.56,52.865177
0.7,0.3,0.0,1.35,0.0,0.0045825756949558,5.078725807284385,10.7,100.79261
0.72,0.0,0.28,1.322,0.0448998886412873,0.130209677059733,4.929813881258303,8.76,227.53156
0.72,0.02,0.26,1.324,0.0438634243989226,0.1273301221235571,5.528831090953099,8.899999999999999,155.83963
0.72,0.04,0.24,1.326,0.0427083130081252,0.124094157799632,5.884531860928256,9.04,134.94188
0.72,0.06,0.22,1.3279999999999998,0.0414246303544159,0.1204730675296349,6.139354180367012,9.18,131.05927
0.72,0.08,0.2,1.33,0.04,0.1164309237273327,6.322537621917696,9.32,132.34793
0.72,0.1,0.18,1.332,0.0384187454245971,0.111922115776999,6.447051015143345,9.46,130.20557
0.72,0.12,0.16,1.334,0.0366606055596467,0.106887604519888,6.519569316352625,9.6,124.074135
0.72,0.14,0.14,1.336,0.0346987031457949,0.1012489999950616,6.543405065827411,9.74,113.82023
0.72,0.16,0.12,1.338,0.0324961536185438,0.0948986828148841,6.519569316352625,9.88,96.971275
0.72,0.18,0.1,1.34,0.03,0.0876821532582314,6.447051015143344,10.02,78.848305
0.72,0.2,0.08,1.342,0.027129319932501,0.0793634676661749,6.322537621917696,10.16,64.079155
0.72,0.22,0.06,1.344,0.0237486841740758,0.069548256628042,6.139354180367012,10.3,51.13557
0.72,0.24,0.04,1.346,0.0195959179422654,0.0574748640711745,5.884531860928256,10.44,45.404247
0.72,0.26,0.02,1.348,0.014,0.0412038833121345,5.528831090953099,10.58,53.577557
0.72,0.28,0.0,1.35,0.0,0.0044899888641287,4.929813881258303,10.72,100.367134
0.74,0.0,0.26,1.324,0.0438634243989226,0.1272039307568755,4.764395209030629,8.92,211.28227
0.74,0.02,0.24,1.326,0.0427083130081252,0.1239743521862485,5.350609005372801,9.06,140.18626
0.74,0.04,0.22,1.3279999999999998,0.0414246303544159,0.120359627782741,5.692437026156727,9.2,131.09073
0.74,0.06,0.2,1.33,0.04,0.1163238582578826,5.932122091384087,9.34,131.38448
0.74,0.08,0.18,1.332,0.0384187454245971,0.1118214648446351,6.098649708150525,9.48,129.58632
0.74,0.1,0.16,1.334,0.0366606055596467,0.1067934454917528,6.20464934129189,9.62,125.88567
0.74,0.12,0.14,1.336,0.0346987031457949,0.1011614551101356,6.2563281737399175,9.76,118.13141
0.74,0.14,0.12,1.338,0.0324961536185438,0.0948179307937058,6.2563281737399175,9.9,101.70176
0.74,0.16,0.1,1.34,0.03,0.0876084470813173,6.20464934129189,10.04,82.201164
0.74,0.18,0.08,1.342,0.027129319932501,0.079297162622631,6.098649708150525,10.18,66.77136
0.74,0.2,0.06,1.344,0.0237486841740758,0.0694898553747235,5.932122091384087,10.32,53.8548
0.74,0.22,0.04,1.346,0.0195959179422654,0.0574250816281526,5.692437026156727,10.46,48.090256
0.74,0.24,0.02,1.348,0.014,0.0411635761323041,5.350609005372801,10.6,54.41441
0.74,0.26,0.0,1.35,0.0,0.0043863424398922,4.764395209030629,10.74,99.44433
0.76,0.0,0.24,1.326,0.0427083130081252,0.1238541077235631,4.581678522115092,9.08,190.83504
0.76,0.02,0.22,1.3279999999999998,0.0414246303544159,0.1202457483655866,5.154019569266032,9.22,135.96915
0.76,0.04,0.2,1.33,0.04,0.1162163499684961,5.480710335838562,9.36,129.31975
0.76,0.06,0.18,1.332,0.0384187454245971,0.1117203651981141,5.703739576281677,9.5,128.21603
0.76,0.08,0.16,1.334,0.0366606055596467,0.1066988284846651,5.85175343296383,9.64,124.798325
0.76,0.1,0.14,1.336,0.0346987031457949,0.1010734386473518,5.936913597343943,9.78,120.17223
0.76,0.12,0.12,1.338,0.0324961536185438,0.0947366877191723,5.964756680317184,9.919999999999998,106.956635
0.76,0.14,0.1,1.34,0.03,0.0875342218792169,5.936913597343943,10.06,86.301865
0.76,0.16,0.08,1.342,0.027129319932501,0.0792302972353379,5.851753432963831,10.2,70.186714
0.76,0.18,0.06,1.344,0.0237486841740758,0.0694308288874617,5.703739576281677,10.34,57.313473
0.76,0.2,0.04,1.346,0.0195959179422654,0.0573745588218331,5.480710335838562,10.48,51.268288
0.76,0.22,0.02,1.348,0.014,0.0411222567474111,5.154019569266032,10.62,55.762356
0.76,0.24,0.0,1.35,0.0,0.0042708313008125,4.581678522115092,10.76,98.20168
0.78,0.0,0.22,1.3280000000000003,0.0414246303544159,0.1201314280278062,4.380712791340496,9.24,167.07043
0.78,0.02,0.2,1.33,0.04,0.116108397629112,4.937916584280041,9.38,129.53839
0.78,0.04,0.18,1.3320000000000003,0.0384187454245971,0.1116188156181563,5.2479515260683245,9.52,126.95581
0.78,0.06,0.16,1.334,0.0366606055596467,0.1066037522791762,5.452467006427155,9.66,123.27674
0.78,0.08,0.14,1.3360000000000003,0.0346987031457949,0.1009849493736566,5.579641394348056,9.8,118.787125
0.78,0.1,0.12,1.338,0.0324961536185438,0.0946549523268592,5.640965809253383,9.94,110.80863
0.78,0.12,0.1,1.34,0.03,0.0874594763304697,5.640965809253383,10.08,90.88715
0.78,0.14,0.08,1.3420000000000003,0.0271293199325011,0.0791628700844025,5.579641394348056,10.22,74.03001
0.78,0.16,0.06,1.344,0.0237486841740758,0.0693711755702611,5.452467006427155,10.36,60.974136
0.78,0.18,0.04,1.3460000000000003,0.0195959179422654,0.0573232936946229,5.2479515260683245,10.499999999999998,54.880226
0.78,0.2,0.02,1.348,0.014,0.0410799221031393,4.937916584280041,10.64,58.174747
0.78,0.22,0.0,1.35,0.0,0.0041424630354415,4.380712791340496,10.78,97.72575
0.8,0.0,0.2,1.33,0.04,0.1159999999999999,4.160345749296494,9.4,140.93716
0.8,0.02,0.18,1.332,0.0384187454245971,0.1115168148756051,4.700893717451795,9.54,125.69691
0.8,0.04,0.16,1.334,0.0366606055596467,0.1065082156455547,4.992414899155793,9.68,121.86586
0.8,0.06,0.14,1.336,0.0346987031457949,0.1008959860450354,5.176090910753372,9.82,117.01388
0.8,0.08,0.12,1.338,0.0324961536185438,0.094572723340295,5.279429549199485,9.96,109.995995
0.8,0.1,0.1,1.34,0.03,0.0873842090998138,5.312910881131571,10.1,94.67459
0.8,0.12,0.08,1.342,0.027129319932501,0.0790948797331407,5.279429549199485,10.24,78.04041
0.8,0.14,0.06,1.344,0.0237486841740758,0.0693108938046537,5.176090910753372,10.38,64.97176
0.8,0.16,0.04,1.346,0.0195959179422654,0.0572712842531053,4.992414899155793,10.52,58.859016
0.8,0.18,0.02,1.348,0.014,0.0410365690573663,4.700893717451794,10.660000000000002,59.44997
0.8,0.2,0.0,1.35,0.0,0.004,4.160345749296494,10.8,98.2747
0.82,0.0,0.18,1.332,0.0384187454245971,0.1114143617313315,3.9191654493391233,9.56,129.88068
0.82,0.02,0.16,1.334,0.0366606055596467,0.1064122173436865,4.441199657410138,9.7,120.48929
0.82,0.04,0.14,1.336,0.0346987031457949,0.100806547406406,4.711881370352884,9.84,115.17826
0.82,0.06,0.12,1.338,0.0324961536185438,0.0944899994708434,4.871721632475676,9.98,108.08938
0.82,0.08,0.1,1.34,0.03,0.0873084188380478,4.94721718794855,10.12,94.71845
0.82,0.1,0.08,1.342,0.027129319932501,0.0790263247279031,4.94721718794855,10.26,80.48121
0.82,0.12,0.06,1.344,0.0237486841740758,0.069249981949456,4.871721632475676,10.4,69.29184
0.82,0.14,0.04,1.346,0.0195959179422654,0.0572185284676213,4.711881370352884,10.54,63.47582
0.82,0.16,0.02,1.348,0.014,0.0409921943789302,4.441199657410138,10.68,59.782074
0.82,0.18,0.0,1.35,0.0,0.0038418745424597,3.9191654493391233,10.82,99.80753
0.84,0.0,0.16,1.334,0.0366606055596467,0.1063157561229754,3.6554153773427656,9.72,118.57068
0.84,0.02,0.14,1.336,0.0346987031457949,0.1007166321915103,4.156610116652528,9.86,114.06223
0.84,0.04,0.12,1.338,0.0324961536185438,0.094406779417582,4.403456080120489,10.0,106.36477
0.84,0.06,0.1,1.34,0.03,0.0872321041818893,4.53545325927004,10.14,95.00095
0.84,0.08,0.08,1.3420000000000003,0.0271293199325011,0.0789572035978984,4.577467482810827,10.28,79.36535
0.84,0.1,0.06,1.344,0.0237486841740758,0.0691884383405204,4.53545325927004,10.42,69.9469
0.84,0.12,0.04,1.346,0.0195959179422654,0.0571650242718394,4.403456080120489,10.56,65.495285
0.84,0.14,0.02,1.348,0.014,0.0409467947463534,4.156610116652528,10.7,60.605053
0.84,0.16,0.0,1.35,0.0,0.0036660605559646,3.6554153773427656,10.84,101.84043
0.86,0.0,0.14,1.336,0.0346987031457949,0.1006262391228052,3.366866414821585,9.88,112.85111
0.86,0.02,0.12,1.338,0.0324961536185438,0.0943230618671806,3.844225404656562,10.019999999999998,105.03828
0.86,0.04,0.1,1.34,0.03,0.0871552637538318,4.063228285151281,10.16,95.158356
0.86,0.06,0.08,1.342,0.027129319932501,0.0788875148550136,4.161744132368746,10.3,79.01467
0.86,0.08,0.06,1.344,0.0237486841740758,0.069126261290482,4.161744132368746,10.44,68.329605
0.86,0.1,0.04,1.346,0.0195959179422654,0.0571107695623163,4.063228285151281,10.579999999999998,66.43134
0.86,0.12,0.02,1.348,0.014,0.0409003667465219,3.844225404656561,10.72,63.374638
0.86,0.14,0.0,1.35,0.0,0.0034698703145794,3.366866414821585,10.86,102.880486
0.88,0.0,0.12,1.338,0.0324961536185438,0.094238845493777,3.050614377441308,10.04,104.26728
0.88,0.02,0.1,1.34,0.03,0.0870778961619996,3.5001302843030424,10.18,93.88842
0.88,0.04,0.08,1.3420000000000003,0.0271293199325011,0.0788172569936304,3.685651832865677,10.32,79.44847
0.88,0.06,0.06,1.344,0.0237486841740758,0.0690634490885011,3.7421534565423538,10.46,68.71838
0.88,0.08,0.04,1.3460000000000003,0.0195959179422654,0.0570557621980461,3.685651832865677,10.6,66.24732
0.88,0.1,0.02,1.348,0.014,0.040852906873318,3.500130284303043,10.74,66.63698
0.88,0.12,0.0,1.35,0.0,0.0032496153618543,3.050614377441308,10.88,102.92741
0.9,0.0,0.1,1.34,0.03,0.0869999999999999,2.7027398407765,10.2,94.024605
0.9,0.02,0.08,1.342,0.027129319932501,0.07874642849044,3.1187744157061505,10.34,80.070595
0.9,0.04,0.06,1.344,0.0237486841740758,0.0689999999999999,3.2622817407279965,10.48,70.39919
0.9,0.06,0.04,1.346,0.0195959179422654,0.0569999999999999,3.2622817407279965,10.62,66.16006
0.9,0.08,0.02,1.348,0.014,0.0408044115262063,3.1187744157061505,10.760000000000002,70.04175
0.9,0.1,0.0,1.35,0.0,0.003,2.7027398407765,10.9,102.823494
0.92,0.0,0.08,1.3420000000000003,0.0271293199325011,0.078675027804253,2.317688556884036,10.36,86.0312
0.92,0.02,0.06,1.344,0.0237486841740758,0.0689359122663941,2.691708908272897,10.5,73.36684
0.92,0.04,0.04,1.3460000000000003,0.0195959179422654,0.056943480750653,2.7787146096180657,10.64,68.01003
0.92,0.06,0.02,1.348,0.014,0.0407548770087703,2.691708908272897,10.78,75.845985
0.92,0.08,0.0,1.3500000000000003,2.220446049250313e-16,0.0027129319932501,2.317688556884036,10.920000000000002,101.706635
0.94,0.0,0.06,1.344,0.0237486841740758,0.0688711841048198,1.8870079820700256,10.52,83.040596
0.94,0.02,0.04,1.346,0.0195959179422654,0.056886202193502,2.20452670978221,10.659999999999998,76.73995
0.94,0.04,0.02,1.348,0.014,0.0407042995271998,2.20452670978221,10.8,85.49663
0.94,0.06,0.0,1.35,2.220446049250313e-16,0.0023748684174075,1.8870079820700256,10.94,98.728966
0.96,0.0,0.04,1.346,0.0195959179422654,0.0568281620325696,1.3962876442619143,10.679999999999998,100.5054
0.96,0.02,0.02,1.348,0.014,0.0406526751887252,1.6268006706289295,10.82,94.05924
0.96,0.04,0.0,1.35,0.0,0.0019595917942265,1.3962876442619143,10.96,95.94053
0.98,0.0,0.02,1.348,0.014,0.0405999999999999,0.8150971878076918,10.84,107.574104
0.98,0.02,0.0,1.35,2.220446049250313e-16,0.0014,0.8150971878076918,10.98,97.870094
1.0,0.0,0.0,1.35,0.0,0.0,-0.0,11.0,109.45237
