0.00000E+0,-2.18870E+0,-2.08870E+0,-1.98870E+0,-1.88870E+0,-1.78870E+0,-1.68870E+0,-1.58870E+0,-1.48870E+0,-1.38870E+0,-1.28870E+0,-1.18870E+0,-1.15370E+0,-1.11870E+0,-1.08370E+0,-1.04870E+0,-1.01370E+0,-9.78704E-1,-9.43704E-1,-9.08704E-1,-8.73704E-1,-8.38704E-1,-8.03704E-1,-7.68704E-1,-7.33704E-1,-6.98704E-1,-6.63704E-1,-6.28704E-1,-5.93704E-1,-5.58704E-1,-5.23704E-1,-4.88704E-1,-4.53704E-1,-4.18704E-1,-3.83704E-1,-3.48704E-1,-3.13704E-1,-2.78704E-1,-2.43704E-1,-2.08704E-1,-1.73704E-1,-1.38704E-1,-1.03704E-1,-6.87045E-2,-3.37045E-2,1.29551E-3,3.62955E-2,7.12955E-2,1.06296E-1,1.41296E-1,1.76296E-1,2.11296E-1,2.46296E-1,2.81296E-1,3.16296E-1,3.51296E-1,3.86296E-1,4.21296E-1,4.56296E-1,4.91296E-1,5.26296E-1,5.61296E-1,5.96296E-1,6.31296E-1,6.66296E-1,7.01296E-1,7.36296E-1,7.71296E-1,8.06296E-1,8.41296E-1,8.76296E-1,9.11296E-1,9.46296E-1,9.81296E-1,1.01630E+0,1.05130E+0,1.08630E+0,1.12130E+0,1.15630E+0,1.19130E+0,1.22630E+0,1.26130E+0,1.29630E+0,1.33130E+0,1.36630E+0,1.40130E+0,1.43630E+0,1.47130E+0,1.50630E+0,1.54130E+0,1.57630E+0,1.61130E+0,1.64630E+0,1.68130E+0,1.71630E+0,1.75130E+0,1.78630E+0,1.93630E+0,2.08630E+0,2.23630E+0,2.38630E+0,2.53630E+0,2.68630E+0,2.83630E+0,2.98630E+0,3.13630E+0,3.28630E+0,3.43630E+0,3.58630E+0,3.73630E+0,3.88630E+0,4.03630E+0,4.18630E+0,4.33630E+0,4.48630E+0,4.63630E+0,4.78630E+0,6.78630E+0,8.78630E+0,1.07863E+1,1.27863E+1,1.47863E+1,1.67863E+1,1.87863E+1,2.07863E+1,2.27863E+1,2.47863E+1,2.67863E+1,2.87863E+1,3.07863E+1,3.27863E+1,3.47863E+1,3.67863E+1,3.87863E+1,4.07863E+1,4.27863E+1,4.47863E+1,4.67863E+1
7.49570E+2,NaN,NaN,NaN,NaN,NaN,NaN,NaN,NaN,NaN,NaN,NaN,NaN,NaN,NaN,NaN,NaN,NaN,NaN,NaN,NaN,NaN,NaN,NaN,NaN,NaN,NaN,NaN,NaN,NaN,NaN,NaN,NaN,NaN,NaN,NaN,NaN,NaN,NaN,NaN,NaN,NaN,NaN,NaN,NaN,NaN,NaN,NaN,NaN,NaN,NaN,NaN,NaN,NaN,NaN,NaN,NaN,NaN,NaN,NaN,NaN,NaN,NaN,NaN,NaN,NaN,NaN,NaN,NaN,NaN,NaN,NaN,NaN,NaN,NaN,NaN,NaN,NaN,NaN,NaN,NaN,NaN,NaN,NaN,NaN,NaN,NaN,NaN,NaN,NaN,NaN,NaN,NaN,NaN,NaN,NaN,NaN,NaN,NaN,NaN,1.98184E-2,-1.32486E-2,2.77337E-1,-8.17796E-2,-1.61614E-1,-4.56342E-2,6.89959E-2,-3.14604E-1,2.18448E-1,-3.24781E-1,-7.08614E-1,-1.43015E-1,-2.19522E-1,-2.26485E-1,-5.72132E-1,2.07087E-1,1.21447E-1,-1.51288E-1,1.91914E-3,-6.44165E-1,-4.85641E-1,-8.65420E-2,1.32875E-1,1.57828E-1,-1.13422E-1,9.71966E-2,6.71975E-1,6.54055E-1,5.02616E-1,5.71817E-1,5.32192E-1,2.59179E-1,3.69429E-1,6.42243E-1,6.09805E-1,7.87206E-1,1.00302E+0,8.74055E-1
7.52953E+2,NaN,NaN,NaN,NaN,NaN,NaN,NaN,NaN,NaN,NaN,NaN,NaN,NaN,NaN,NaN,NaN,NaN,NaN,NaN,NaN,NaN,NaN,NaN,NaN,NaN,NaN,NaN,NaN,NaN,NaN,NaN,NaN,NaN,NaN,NaN,NaN,NaN,NaN,NaN,NaN,NaN,NaN,NaN,NaN,NaN,NaN,NaN,NaN,NaN,NaN,NaN,NaN,NaN,NaN,NaN,NaN,NaN,NaN,NaN,NaN,NaN,NaN,NaN,NaN,NaN,NaN,NaN,NaN,NaN,NaN,NaN,NaN,NaN,NaN,NaN,NaN,NaN,NaN,NaN,NaN,NaN,NaN,NaN,NaN,NaN,NaN,NaN,NaN,NaN,NaN,NaN,NaN,NaN,NaN,NaN,NaN,NaN,NaN,NaN,4.46421E-2,9.08096E-3,3.15686E-2,-3.32893E-2,1.16881E-1,3.11760E-2,-5.75111E-2,-4.69117E-2,9.48145E-2,2.40307E-2,-6.23696E-2,-1.27974E-1,2.01347E-2,-2.23876E-2,4.29820E-2,1.09800E-1,-1.84817E-2,5.24235E-2,-7.72995E-2,-1.91208E-1,-6.21128E-2,5.62657E-2,-7.23869E-2,-3.53732E-2,-7.30716E-2,-6.08550E-2,9.64426E-2,2.50925E-1,3.01893E-1,2.42174E-1,8.61120E-2,7.34877E-2,2.02348E-1,1.47094E-1,2.70299E-1,3.11491E-1,2.99159E-1,3.13398E-1
7.56337E+2,NaN,NaN,NaN,NaN,NaN,NaN,NaN,NaN,NaN,NaN,NaN,NaN,NaN,NaN,NaN,NaN,NaN,NaN,NaN,NaN,NaN,NaN,NaN,NaN,NaN,NaN,NaN,NaN,NaN,NaN,NaN,NaN,NaN,NaN,NaN,NaN,NaN,NaN,NaN,NaN,NaN,NaN,NaN,NaN,NaN,NaN,NaN,NaN,NaN,NaN,NaN,NaN,NaN,NaN,NaN,NaN,NaN,NaN,NaN,NaN,NaN,NaN,NaN,NaN,NaN,NaN,NaN,NaN,NaN,NaN,NaN,NaN,NaN,NaN,NaN,NaN,NaN,NaN,NaN,NaN,NaN,NaN,NaN,NaN,NaN,NaN,NaN,NaN,NaN,NaN,NaN,NaN,NaN,NaN,NaN,NaN,NaN,NaN,-2.64978E-2,1.00415E-2,6.12838E-2,-6.45715E-4,-5.04499E-3,-3.42281E-2,7.01943E-2,4.06598E-2,1.58855E-1,-1.81451E-1,-5.41935E-2,-6.25281E-2,3.24455E-2,-5.31061E-2,3.94536E-2,1.15128E-1,-9.74528E-3,4.75075E-2,1.47439E-1,-5.26337E-2,-1.35148E-2,-9.14417E-2,-4.46864E-2,6.75193E-2,4.80724E-2,3.00348E-2,1.05518E-1,3.13430E-1,2.55058E-1,1.92958E-1,1.10706E-1,1.01974E-1,-2.11009E-2,1.22598E-1,1.01736E-1,2.72996E-1,1.39335E-1,2.81345E-1,1.89456E-1
7.59722E+2,NaN,NaN,NaN,NaN,NaN,NaN,NaN,NaN,NaN,NaN,NaN,NaN,NaN,NaN,NaN,NaN,NaN,NaN,NaN,NaN,NaN,NaN,NaN,NaN,NaN,NaN,NaN,NaN,NaN,NaN,NaN,NaN,NaN,NaN,NaN,NaN,NaN,NaN,NaN,NaN,NaN,NaN,NaN,NaN,NaN,NaN,NaN,NaN,NaN,NaN,NaN,NaN,NaN,NaN,NaN,NaN,NaN,NaN,NaN,NaN,NaN,NaN,NaN,NaN,NaN,NaN,NaN,NaN,NaN,NaN,NaN,NaN,NaN,NaN,NaN,NaN,NaN,NaN,NaN,NaN,NaN,NaN,NaN,NaN,NaN,NaN,NaN,NaN,NaN,NaN,NaN,NaN,NaN,NaN,NaN,NaN,NaN,NaN,-4.08351E-2,2.18312E-2,1.66964E-2,-1.19414E-2,2.68435E-2,-2.34563E-2,1.28057E-3,-1.41725E-1,-1.58906E-2,-2.05978E-1,-5.59517E-2,-3.95497E-1,-9.25047E-2,-1.08662E-1,-1.68888E-1,1.72350E-1,-1.31565E-1,3.67223E-2,-8.50263E-2,7.19903E-2,-9.61806E-2,-7.25303E-2,3.26240E-2,4.10831E-2,-9.38481E-2,-1.02775E-1,1.24850E-1,1.52941E-1,1.86686E-1,1.70788E-1,1.36165E-1,-5.38444E-2,-1.45106E-2,1.26746E-5,1.84576E-1,2.14758E-1,2.60210E-1,1.30259E-1,1.87818E-1
7.63107E+2,NaN,NaN,NaN,NaN,NaN,NaN,NaN,NaN,NaN,NaN,NaN,NaN,NaN,NaN,NaN,NaN,NaN,NaN,NaN,NaN,NaN,NaN,NaN,NaN,NaN,NaN,NaN,NaN,NaN,NaN,NaN,NaN,NaN,NaN,NaN,NaN,NaN,NaN,NaN,NaN,NaN,NaN,NaN,NaN,NaN,NaN,NaN,NaN,NaN,NaN,NaN,NaN,NaN,NaN,NaN,NaN,NaN,NaN,NaN,NaN,NaN,NaN,NaN,NaN,NaN,NaN,NaN,NaN,NaN,NaN,NaN,NaN,NaN,NaN,NaN,NaN,NaN,NaN,NaN,NaN,NaN,NaN,NaN,NaN,NaN,NaN,NaN,NaN,NaN,NaN,NaN,NaN,NaN,NaN,NaN,NaN,NaN,2.16914E-2,-3.88652E-2,-1.03267E-1,6.50846E-2,7.06200E-2,4.74101E-2,1.15961E-1,1.08852E-1,-1.13265E-1,-7.06338E-3,6.32101E-2,7.24802E-2,4.19261E-2,6.53218E-2,1.42055E-1,-1.48494E-1,3.31918E-2,-5.90159E-2,7.87743E-3,-1.31825E-1,3.91649E-3,4.96842E-2,9.71393E-2,4.62998E-3,-1.41620E-2,-2.10290E-2,-9.73714E-2,-4.84482E-2,-1.23638E-1,-8.12963E-2,-1.12697E-1,-1.41998E-1,-4.47478E-2,-6.64011E-2,-1.66350E-1,-1.07152E-1,-1.69637E-1,-1.37441E-1,-1.19915E-1,-1.47866E-1
7.66493E+2,NaN,NaN,NaN,NaN,NaN,NaN,NaN,NaN,NaN,NaN,NaN,NaN,NaN,NaN,NaN,NaN,NaN,NaN,NaN,NaN,NaN,NaN,NaN,NaN,NaN,NaN,NaN,NaN,NaN,NaN,NaN,NaN,NaN,NaN,NaN,NaN,NaN,NaN,NaN,NaN,NaN,NaN,NaN,NaN,NaN,NaN,NaN,NaN,NaN,NaN,NaN,NaN,NaN,NaN,NaN,NaN,NaN,NaN,NaN,NaN,NaN,NaN,NaN,NaN,NaN,NaN,NaN,NaN,NaN,NaN,NaN,NaN,NaN,NaN,NaN,NaN,NaN,NaN,NaN,NaN,NaN,NaN,NaN,NaN,NaN,NaN,NaN,NaN,NaN,NaN,NaN,NaN,NaN,NaN,NaN,NaN,NaN,5.56661E-2,5.12474E-2,1.21109E-1,-3.41035E-1,2.02425E-2,-1.33199E-1,-1.94606E-1,-1.33257E-1,-6.79200E-2,-1.81985E-1,-1.08998E-1,-2.11427E-1,-3.05902E-1,7.27191E-2,-1.71798E-1,1.05061E-1,-9.23630E-2,7.00971E-2,-1.66812E-3,1.88716E-2,-1.88236E-1,-1.38128E-1,-2.05514E-1,-1.03317E-1,-3.04092E-2,-3.40254E-2,-2.78491E-2,3.08978E-2,2.52429E-1,2.99732E-1,2.55750E-1,2.19595E-1,2.21144E-2,1.41803E-1,2.85146E-1,1.15787E-1,2.34227E-1,2.13120E-1,3.50403E-1,2.26553E-1
7.69879E+2,NaN,NaN,NaN,NaN,NaN,NaN,NaN,NaN,NaN,NaN,NaN,NaN,NaN,NaN,NaN,NaN,NaN,NaN,NaN,NaN,NaN,NaN,NaN,NaN,NaN,NaN,NaN,NaN,NaN,NaN,NaN,NaN,NaN,NaN,NaN,NaN,NaN,NaN,NaN,NaN,NaN,NaN,NaN,NaN,NaN,NaN,NaN,NaN,NaN,NaN,NaN,NaN,NaN,NaN,NaN,NaN,NaN,NaN,NaN,NaN,NaN,NaN,NaN,NaN,NaN,NaN,NaN,NaN,NaN,NaN,NaN,NaN,NaN,NaN,NaN,NaN,NaN,NaN,NaN,NaN,NaN,NaN,NaN,NaN,NaN,NaN,NaN,NaN,NaN,NaN,NaN,NaN,NaN,NaN,NaN,NaN,NaN,-5.14853E-2,1.63100E-1,3.81643E-2,-1.43585E-1,-1.65529E-1,-2.38456E-1,-4.02417E-1,-1.08887E-1,-1.18344E-1,-1.17369E-1,-2.31416E-1,-3.18045E-1,-1.42895E-2,7.88942E-2,-2.17184E-1,-4.09329E-2,-1.98758E-1,-1.33988E-1,-2.57960E-2,-3.08008E-1,-4.08069E-1,-3.69087E-1,-3.92932E-1,6.24603E-2,-9.22708E-3,-2.13735E-1,-2.69851E-1,-4.17560E-2,2.33561E-1,2.40979E-1,3.76910E-1,1.55260E-1,-9.58549E-2,9.16858E-2,2.59287E-1,2.38942E-1,1.34227E-1,3.06196E-1,1.43588E-1,3.63573E-1
7.73266E+2,NaN,NaN,NaN,NaN,NaN,NaN,NaN,NaN,NaN,NaN,NaN,NaN,NaN,NaN,NaN,NaN,NaN,NaN,NaN,NaN,NaN,NaN,NaN,NaN,NaN,NaN,NaN,NaN,NaN,NaN,NaN,NaN,NaN,NaN,NaN,NaN,NaN,NaN,NaN,NaN,NaN,NaN,NaN,NaN,NaN,NaN,NaN,NaN,NaN,NaN,NaN,NaN,NaN,NaN,NaN,NaN,NaN,NaN,NaN,NaN,NaN,NaN,NaN,NaN,NaN,NaN,NaN,NaN,NaN,NaN,NaN,NaN,NaN,NaN,NaN,NaN,NaN,NaN,NaN,NaN,NaN,NaN,NaN,NaN,NaN,NaN,NaN,NaN,NaN,NaN,NaN,NaN,NaN,NaN,NaN,NaN,4.71660E-2,-2.84246E-2,4.06222E-2,-2.54982E-2,-8.88520E-2,-5.17188E-2,-9.40692E-2,-7.96601E-2,-4.22919E-2,1.81623E-2,4.08988E-3,-6.32267E-2,1.77897E-3,-7.48713E-2,-5.92439E-2,-5.04853E-2,-7.55159E-2,-6.78794E-2,-5.09548E-2,-7.48612E-2,-6.73715E-2,-1.16237E-1,-1.11620E-2,-5.45830E-2,-4.95637E-2,4.98748E-2,-1.48004E-1,-5.52390E-2,1.78467E-2,-9.47917E-3,1.25192E-1,8.43389E-2,-4.57633E-2,1.55387E-2,-7.09393E-3,6.80663E-2,1.63702E-2,5.13691E-2,3.36220E-2,5.18265E-2,5.55176E-2
7.76653E+2,NaN,NaN,NaN,NaN,NaN,NaN,NaN,NaN,NaN,NaN,NaN,NaN,NaN,NaN,NaN,NaN,NaN,NaN,NaN,NaN,NaN,NaN,NaN,NaN,NaN,NaN,NaN,NaN,NaN,NaN,NaN,NaN,NaN,NaN,NaN,NaN,NaN,NaN,NaN,NaN,NaN,NaN,NaN,NaN,NaN,NaN,NaN,NaN,NaN,NaN,NaN,NaN,NaN,NaN,NaN,NaN,NaN,NaN,NaN,NaN,NaN,NaN,NaN,NaN,NaN,NaN,NaN,NaN,NaN,NaN,NaN,NaN,NaN,NaN,NaN,NaN,NaN,NaN,NaN,NaN,NaN,NaN,NaN,NaN,NaN,NaN,NaN,NaN,NaN,NaN,NaN,NaN,NaN,NaN,NaN,NaN,3.41392E-2,5.14096E-3,-4.81328E-3,-7.95383E-3,-1.17636E-2,-3.71935E-4,1.23339E-1,-2.59909E-2,-4.96212E-3,1.94457E-2,3.00211E-2,-2.66514E-2,-2.90426E-3,2.93670E-2,9.59751E-2,7.28848E-2,4.03936E-2,-3.31876E-2,4.85606E-3,9.27516E-2,3.65916E-2,7.84200E-2,1.00054E-1,-4.82420E-2,4.51016E-2,6.62904E-2,-8.06519E-2,1.15764E-1,1.68087E-1,9.64643E-2,5.85718E-2,5.84581E-2,6.18722E-2,3.96385E-2,1.44613E-1,2.81885E-2,9.95811E-2,3.32370E-2,1.45503E-1,2.00980E-2,1.24973E-1
7.80041E+2,NaN,NaN,NaN,NaN,NaN,NaN,NaN,NaN,NaN,NaN,NaN,NaN,NaN,NaN,NaN,NaN,NaN,NaN,NaN,NaN,NaN,NaN,NaN,NaN,NaN,NaN,NaN,NaN,NaN,NaN,NaN,NaN,NaN,NaN,NaN,NaN,NaN,NaN,NaN,NaN,NaN,NaN,NaN,NaN,NaN,NaN,NaN,NaN,NaN,NaN,NaN,NaN,NaN,NaN,NaN,NaN,NaN,NaN,NaN,NaN,NaN,NaN,NaN,NaN,NaN,NaN,NaN,NaN,NaN,NaN,NaN,NaN,NaN,NaN,NaN,NaN,NaN,NaN,NaN,NaN,NaN,NaN,NaN,NaN,NaN,NaN,NaN,NaN,NaN,NaN,NaN,NaN,NaN,NaN,NaN,NaN,5.27826E-2,-6.78257E-2,-2.58688E-2,1.35912E-1,-3.12872E-2,-2.03323E-2,-3.40832E-2,-3.10349E-3,8.87288E-3,-7.25856E-2,2.14382E-2,-7.92783E-2,2.03924E-2,2.05607E-2,-1.88838E-2,-7.32215E-2,-7.40260E-2,5.54773E-2,-1.33708E-1,5.56816E-2,-1.33598E-1,1.65780E-1,2.50540E-1,1.07699E-1,-7.99195E-2,-3.89778E-2,-9.82268E-2,-7.21247E-2,-2.09848E-1,-2.22287E-1,-5.40556E-2,-1.90110E-1,-1.55218E-1,-7.71356E-2,-1.32325E-1,-1.59114E-1,-7.32625E-2,-2.62607E-1,-2.19677E-1,-1.46369E-1,-9.40933E-2
7.83430E+2,NaN,NaN,NaN,NaN,NaN,NaN,NaN,NaN,NaN,NaN,NaN,NaN,NaN,NaN,NaN,NaN,NaN,NaN,NaN,NaN,NaN,NaN,NaN,NaN,NaN,NaN,NaN,NaN,NaN,NaN,NaN,NaN,NaN,NaN,NaN,NaN,NaN,NaN,NaN,NaN,NaN,NaN,NaN,NaN,NaN,NaN,NaN,NaN,NaN,NaN,NaN,NaN,NaN,NaN,NaN,NaN,NaN,NaN,NaN,NaN,NaN,NaN,NaN,NaN,NaN,NaN,NaN,NaN,NaN,NaN,NaN,NaN,NaN,NaN,NaN,NaN,NaN,NaN,NaN,NaN,NaN,NaN,NaN,NaN,NaN,NaN,NaN,NaN,NaN,NaN,NaN,NaN,NaN,NaN,2.60816E-3,2.42232E-2,-3.93887E-2,4.94175E-2,-5.77744E-2,-4.50982E-2,9.65127E-2,-8.62408E-2,-1.10980E-2,-6.70871E-2,5.58152E-2,-1.06477E-1,-1.11638E-1,3.01415E-2,-5.89266E-2,-1.16804E-1,2.97955E-1,-2.02883E-3,1.17701E-1,7.94604E-2,1.30823E-1,1.27582E-1,1.23900E-1,-1.21898E-1,-3.56616E-2,-3.76327E-2,4.45687E-2,-4.76734E-3,-1.33152E-1,1.74021E-1,2.14299E-1,2.12480E-1,1.77004E-1,2.71129E-1,1.85229E-1,2.34686E-1,1.86870E-1,3.00825E-1,3.02527E-1,2.79935E-1,3.25602E-1,3.38327E-1,3.99204E-1
7.86819E+2,NaN,NaN,NaN,NaN,NaN,NaN,NaN,NaN,NaN,NaN,NaN,NaN,NaN,NaN,NaN,NaN,NaN,NaN,NaN,NaN,NaN,NaN,NaN,NaN,NaN,NaN,NaN,NaN,NaN,NaN,NaN,NaN,NaN,NaN,NaN,NaN,NaN,NaN,NaN,NaN,NaN,NaN,NaN,NaN,NaN,NaN,NaN,NaN,NaN,NaN,NaN,NaN,NaN,NaN,NaN,NaN,NaN,NaN,NaN,NaN,NaN,NaN,NaN,NaN,NaN,NaN,NaN,NaN,NaN,NaN,NaN,NaN,NaN,NaN,NaN,NaN,NaN,NaN,NaN,NaN,NaN,NaN,NaN,NaN,NaN,NaN,NaN,NaN,NaN,NaN,NaN,NaN,NaN,-3.82033E-2,-4.90556E-2,-5.87319E-2,-3.41851E-2,-1.16870E-1,1.35710E-1,-9.47949E-2,3.45655E-2,3.81336E-2,8.34159E-2,8.97521E-3,3.31825E-2,1.48438E-1,3.49697E-2,1.13675E-1,1.05323E-1,9.76427E-2,-5.79416E-2,5.35256E-2,-2.09846E-2,-4.03910E-2,-8.17353E-2,1.43899E-1,4.11663E-2,1.03623E-1,1.53892E-1,-5.57164E-2,1.41136E-2,1.09936E-1,-1.63283E-1,-4.81590E-2,-1.26783E-1,-3.50670E-2,-5.36733E-2,-1.07537E-1,-1.05617E-1,-1.99278E-2,-5.26664E-2,-9.93369E-2,-1.77416E-1,-8.60650E-2,-1.91680E-1,-1.65755E-1,-4.73420E-2
7.90209E+2,NaN,NaN,NaN,NaN,NaN,NaN,NaN,NaN,NaN,NaN,NaN,NaN,NaN,NaN,NaN,NaN,NaN,NaN,NaN,NaN,NaN,NaN,NaN,NaN,NaN,NaN,NaN,NaN,NaN,NaN,NaN,NaN,NaN,NaN,NaN,NaN,NaN,NaN,NaN,NaN,NaN,NaN,NaN,NaN,NaN,NaN,NaN,NaN,NaN,NaN,NaN,NaN,NaN,NaN,NaN,NaN,NaN,NaN,NaN,NaN,NaN,NaN,NaN,NaN,NaN,NaN,NaN,NaN,NaN,NaN,NaN,NaN,NaN,NaN,NaN,NaN,NaN,NaN,NaN,NaN,NaN,NaN,NaN,NaN,NaN,NaN,NaN,NaN,NaN,NaN,NaN,1.53592E-2,-4.39193E-3,-2.41431E-2,5.66791E-3,8.31620E-2,-3.83906E-2,-4.61290E-2,-2.41539E-2,1.19151E-1,-7.64356E-2,-3.91442E-2,-1.53459E-1,-3.04741E-2,2.09942E-1,3.00001E-1,6.02211E-2,-1.20732E-2,1.04830E-1,2.38688E-1,2.15202E-1,5.83053E-2,1.07310E-1,-7.75045E-2,-2.94883E-2,-2.72341E-3,3.43001E-2,3.86958E-1,3.22068E-1,1.11056E-1,3.21890E-2,-2.53118E-2,-3.06432E-1,-1.16532E-1,-2.69263E-2,-2.99568E-1,-2.66354E-1,-2.96878E-1,-3.61486E-1,-2.94878E-1,-8.48725E-2,-3.00799E-1,-3.05649E-1,-2.17315E-1,-2.98597E-1,-3.14209E-1,-3.82071E-1
7.93600E+2,NaN,NaN,NaN,NaN,NaN,NaN,NaN,NaN,NaN,NaN,NaN,NaN,NaN,NaN,NaN,NaN,NaN,NaN,NaN,NaN,NaN,NaN,NaN,NaN,NaN,NaN,NaN,NaN,NaN,NaN,NaN,NaN,NaN,NaN,NaN,NaN,NaN,NaN,NaN,NaN,NaN,NaN,NaN,NaN,NaN,NaN,NaN,NaN,NaN,NaN,NaN,NaN,NaN,NaN,NaN,NaN,NaN,NaN,NaN,NaN,NaN,NaN,NaN,NaN,NaN,NaN,NaN,NaN,NaN,NaN,NaN,NaN,NaN,NaN,NaN,NaN,NaN,NaN,NaN,NaN,NaN,NaN,NaN,NaN,NaN,NaN,NaN,NaN,NaN,NaN,2.37787E-2,1.63330E-2,8.88732E-3,-1.21913E-2,-3.36407E-2,-4.95618E-2,1.50930E-1,-2.43075E-1,6.95978E-2,-1.28256E-1,-9.97117E-3,6.15238E-3,1.30476E-1,9.02108E-2,-2.18736E-1,-9.02740E-2,-1.87707E-1,-6.04356E-2,-2.47893E-3,1.26505E-1,6.56444E-3,1.41872E-1,1.92224E-1,2.31248E-2,9.34665E-2,-4.88345E-2,-4.81384E-2,-1.74450E-1,-2.75202E-2,2.83798E-2,1.61047E-1,1.46301E-2,1.87794E-1,2.31176E-1,1.41190E-1,3.20874E-1,3.32630E-1,4.27282E-1,5.76766E-1,3.30708E-1,2.08050E-1,4.66960E-1,4.47160E-1,3.45753E-1,5.20677E-1,4.65268E-1,5.67967E-1
7.96991E+2,NaN,NaN,NaN,NaN,NaN,NaN,NaN,NaN,NaN,NaN,NaN,NaN,NaN,NaN,NaN,NaN,NaN,NaN,NaN,NaN,NaN,NaN,NaN,NaN,NaN,NaN,NaN,NaN,NaN,NaN,NaN,NaN,NaN,NaN,NaN,NaN,NaN,NaN,NaN,NaN,NaN,NaN,NaN,NaN,NaN,NaN,NaN,NaN,NaN,NaN,NaN,NaN,NaN,NaN,NaN,NaN,NaN,NaN,NaN,NaN,NaN,NaN,NaN,NaN,NaN,NaN,NaN,NaN,NaN,NaN,NaN,NaN,NaN,NaN,NaN,NaN,NaN,NaN,NaN,NaN,NaN,NaN,NaN,NaN,NaN,NaN,NaN,NaN,2.47071E-1,2.30070E-1,2.13069E-1,1.44828E-1,3.54951E-3,-1.37729E-1,-1.08106E-1,5.84567E-2,-1.35645E-2,-2.40874E-1,-1.19742E-1,-3.49050E-1,-1.04222E-1,-2.74076E-1,-3.63139E-1,-3.09600E-1,-4.46939E-1,-4.14455E-1,1.92315E-2,4.30335E-2,-3.70402E-1,3.19199E-1,1.37427E-1,-1.12634E-1,-2.08292E-1,-8.03248E-2,-3.82592E-1,1.84519E-1,1.32326E-1,-7.48278E-1,-4.29198E-1,-1.91852E-2,5.20331E-2,-1.02357E-1,1.47795E-1,3.29957E-1,5.60956E-1,4.10864E-1,2.07870E-1,3.99019E-1,2.06849E-1,2.57752E-1,4.74086E-1,3.84807E-1,5.09697E-1,2.64971E-1,8.36605E-1,6.34148E-1,7.85188E-1
8.00382E+2,NaN,NaN,NaN,NaN,NaN,NaN,NaN,NaN,NaN,NaN,NaN,NaN,NaN,NaN,NaN,NaN,NaN,NaN,NaN,NaN,NaN,NaN,NaN,NaN,NaN,NaN,NaN,NaN,NaN,NaN,NaN,NaN,NaN,NaN,NaN,NaN,NaN,NaN,NaN,NaN,NaN,NaN,NaN,NaN,NaN,NaN,NaN,NaN,NaN,NaN,NaN,NaN,NaN,NaN,NaN,NaN,NaN,NaN,NaN,NaN,NaN,NaN,NaN,NaN,NaN,NaN,NaN,NaN,NaN,NaN,NaN,NaN,NaN,NaN,NaN,NaN,NaN,NaN,NaN,NaN,NaN,NaN,NaN,NaN,NaN,NaN,NaN,1.29959E-2,4.21681E-2,7.13402E-2,6.85750E-2,5.91101E-2,4.96451E-2,4.08931E-2,3.21636E-2,2.29902E-2,-2.49788E-2,-8.97162E-2,1.99070E-2,-5.79143E-2,-5.04700E-3,-5.24977E-2,-4.42208E-2,1.69357E-2,-3.42075E-2,-2.54095E-3,3.44939E-2,-2.48869E-4,-5.96200E-2,-3.38375E-2,-1.60042E-2,-5.93261E-3,-4.20536E-2,4.90849E-3,1.68220E-2,-3.55154E-3,-1.12055E-2,6.89819E-3,-4.31211E-2,-7.59572E-3,-4.32458E-3,8.05885E-3,4.47900E-3,-2.58588E-2,-1.67467E-2,-7.42981E-3,-4.16630E-2,1.83190E-2,5.55910E-3,-1.29750E-2,-5.98996E-2,1.26853E-2,2.33659E-2,9.49301E-3,2.25565E-3,2.20719E-2,8.09623E-2
8.03775E+2,NaN,NaN,NaN,NaN,NaN,NaN,NaN,NaN,NaN,NaN,NaN,NaN,NaN,NaN,NaN,NaN,NaN,NaN,NaN,NaN,NaN,NaN,NaN,NaN,NaN,NaN,NaN,NaN,NaN,NaN,NaN,NaN,NaN,NaN,NaN,NaN,NaN,NaN,NaN,NaN,NaN,NaN,NaN,NaN,NaN,NaN,NaN,NaN,NaN,NaN,NaN,NaN,NaN,NaN,NaN,NaN,NaN,NaN,NaN,NaN,NaN,NaN,NaN,NaN,NaN,NaN,NaN,NaN,NaN,NaN,NaN,NaN,NaN,NaN,NaN,NaN,NaN,NaN,NaN,NaN,NaN,NaN,NaN,NaN,NaN,2.14807E-1,1.20332E-1,2.58569E-2,-4.68102E-2,-4.07828E-2,-3.47553E-2,-2.31690E-3,7.71052E-2,1.56527E-1,1.46860E-1,4.90618E-2,-2.52063E-1,1.30405E-2,-3.01827E-1,-1.49436E-1,-9.28245E-2,9.66346E-2,-1.66981E-1,-4.10145E-1,-1.42456E-1,-5.25197E-2,-1.73401E-2,-1.71910E-1,4.96415E-2,-3.39912E-2,-9.42778E-2,-3.11285E-2,1.68150E-1,1.01778E-1,2.18128E-2,2.41309E-1,3.70587E-3,-5.18503E-1,-3.42711E-1,-2.82408E-2,2.44732E-1,4.70525E-2,1.85022E-1,2.95615E-1,1.99771E-1,3.96123E-1,2.95024E-1,4.98644E-1,2.07538E-1,1.03472E-1,2.13284E-1,3.06156E-1,2.21581E-1,3.53861E-1,4.31753E-1,2.85884E-1,4.87809E-1
8.07167E+2,NaN,NaN,NaN,NaN,NaN,NaN,NaN,NaN,NaN,NaN,NaN,NaN,NaN,NaN,NaN,NaN,NaN,NaN,NaN,NaN,NaN,NaN,NaN,NaN,NaN,NaN,NaN,NaN,NaN,NaN,NaN,NaN,NaN,NaN,NaN,NaN,NaN,NaN,NaN,NaN,NaN,NaN,NaN,NaN,NaN,NaN,NaN,NaN,NaN,NaN,NaN,NaN,NaN,NaN,NaN,NaN,NaN,NaN,NaN,NaN,NaN,NaN,NaN,NaN,NaN,NaN,NaN,NaN,NaN,NaN,NaN,NaN,NaN,NaN,NaN,NaN,NaN,NaN,NaN,NaN,NaN,NaN,NaN,NaN,4.87304E-2,5.43940E-2,6.00575E-2,3.72534E-2,-5.82448E-3,-4.89024E-2,-5.39129E-2,-4.46221E-2,-3.53314E-2,-8.46181E-3,2.10399E-2,4.91631E-2,-3.07275E-2,5.97724E-2,-6.32276E-2,6.63175E-2,-2.69825E-2,3.79922E-2,-6.17029E-3,-4.69735E-4,-1.82798E-2,5.04782E-2,1.94775E-2,3.53781E-2,5.65846E-2,-1.13753E-1,3.38512E-3,4.00432E-3,1.25109E-1,3.33858E-2,9.95052E-2,-3.33491E-2,5.48676E-2,-9.66185E-2,-9.57092E-2,5.97342E-2,6.24747E-2,-9.91022E-2,-1.10458E-2,-1.82507E-3,-4.61155E-2,2.23306E-1,2.19642E-1,2.02867E-1,1.23404E-1,7.85370E-2,8.24769E-2,1.24098E-1,1.20198E-1,1.49887E-1,2.24163E-1,2.52132E-1,2.29107E-1
8.10561E+2,NaN,NaN,NaN,NaN,NaN,NaN,NaN,NaN,NaN,NaN,NaN,NaN,NaN,NaN,NaN,NaN,NaN,NaN,NaN,NaN,NaN,NaN,NaN,NaN,NaN,NaN,NaN,NaN,NaN,NaN,NaN,NaN,NaN,NaN,NaN,NaN,NaN,NaN,NaN,NaN,NaN,NaN,NaN,NaN,NaN,NaN,NaN,NaN,NaN,NaN,NaN,NaN,NaN,NaN,NaN,NaN,NaN,NaN,NaN,NaN,NaN,NaN,NaN,NaN,NaN,NaN,NaN,NaN,NaN,NaN,NaN,NaN,NaN,NaN,NaN,NaN,NaN,NaN,NaN,NaN,NaN,NaN,NaN,7.90826E-3,1.46307E-2,2.13532E-2,-6.04369E-3,-3.60743E-2,-6.08704E-2,-1.73788E-2,2.61128E-2,6.47972E-2,8.58313E-2,1.06865E-1,8.86330E-2,-3.50648E-4,-1.05093E-2,-2.59549E-2,-6.64547E-2,7.25608E-2,5.97811E-2,5.42877E-2,9.77644E-2,-1.56350E-1,-7.97819E-2,-1.68363E-1,-4.64242E-2,8.68444E-5,-8.76802E-2,-1.18994E-1,-5.76662E-2,4.73498E-2,-4.10457E-2,-4.43235E-3,5.50036E-2,-4.89153E-2,-4.06496E-3,-1.03775E-1,-8.20417E-2,9.79214E-2,1.92506E-1,8.54306E-2,-7.34632E-2,-6.82696E-2,7.82922E-2,2.30419E-1,1.98505E-1,1.80297E-1,1.03295E-1,1.61581E-1,1.80499E-1,3.15818E-1,1.46626E-1,2.01302E-1,2.73579E-1,2.87135E-1,2.50483E-1
8.13955E+2,NaN,NaN,NaN,NaN,NaN,NaN,NaN,NaN,NaN,NaN,NaN,NaN,NaN,NaN,NaN,NaN,NaN,NaN,NaN,NaN,NaN,NaN,NaN,NaN,NaN,NaN,NaN,NaN,NaN,NaN,NaN,NaN,NaN,NaN,NaN,NaN,NaN,NaN,NaN,NaN,NaN,NaN,NaN,NaN,NaN,NaN,NaN,NaN,NaN,NaN,NaN,NaN,NaN,NaN,NaN,NaN,NaN,NaN,NaN,NaN,NaN,NaN,NaN,NaN,NaN,NaN,NaN,NaN,NaN,NaN,NaN,NaN,NaN,NaN,NaN,NaN,NaN,NaN,NaN,NaN,NaN,1.46492E-1,1.49800E-1,1.53108E-1,1.31113E-1,3.33632E-2,-6.43864E-2,-9.31664E-2,-1.55269E-2,6.21127E-2,8.37718E-2,5.69887E-2,3.02057E-2,-3.47104E-2,-1.17658E-1,-2.00606E-1,-1.82043E-3,-4.43863E-2,-5.46828E-2,1.77388E-2,9.29024E-2,-3.82224E-2,-7.44139E-2,-6.68185E-3,-1.05382E-1,-2.05552E-1,-1.35514E-2,1.03098E-1,-4.52969E-2,1.92371E-1,3.49609E-2,1.21225E-1,2.23732E-1,1.11533E-2,-1.24681E-2,7.10983E-2,2.52752E-2,-2.05313E-1,-4.27554E-2,1.20693E-1,1.95379E-1,8.27685E-2,7.34699E-2,1.23138E-1,4.83735E-2,1.77965E-1,1.45554E-1,2.02810E-1,1.38358E-1,-1.50713E-2,1.23157E-1,7.42307E-2,2.92644E-1,3.09082E-1,3.61511E-1,2.55994E-1,7.20824E-2
8.17349E+2,NaN,NaN,NaN,NaN,NaN,NaN,NaN,NaN,NaN,NaN,NaN,NaN,NaN,NaN,NaN,NaN,NaN,NaN,NaN,NaN,NaN,NaN,NaN,NaN,NaN,NaN,NaN,NaN,NaN,NaN,NaN,NaN,NaN,NaN,NaN,NaN,NaN,NaN,NaN,NaN,NaN,NaN,NaN,NaN,NaN,NaN,NaN,NaN,NaN,NaN,NaN,NaN,NaN,NaN,NaN,NaN,NaN,NaN,NaN,NaN,NaN,NaN,NaN,NaN,NaN,NaN,NaN,NaN,NaN,NaN,NaN,NaN,NaN,NaN,NaN,NaN,NaN,NaN,NaN,NaN,-2.47518E-2,-6.59771E-2,-1.07202E-1,-1.07442E-1,-7.42412E-2,-4.10407E-2,-2.18370E-2,-8.81799E-3,4.20107E-3,1.23953E-2,1.96458E-2,2.68963E-2,4.46159E-2,6.25572E-2,7.72191E-2,6.83073E-2,-7.67669E-2,3.16895E-3,1.33127E-2,-9.13514E-2,-5.37233E-2,3.25817E-2,-1.50145E-2,-4.70635E-2,-3.67115E-2,-1.18202E-2,2.21584E-2,-1.58624E-2,-6.22382E-2,1.66676E-2,-6.35876E-2,1.69157E-2,-6.42059E-2,-3.72902E-2,-8.32617E-2,-6.46665E-3,-7.85263E-2,-2.39803E-2,-2.02825E-2,7.31686E-3,-3.54123E-2,-1.18327E-2,-4.59686E-2,-1.26415E-1,-5.25337E-2,-4.83129E-2,1.52151E-3,-3.44222E-3,-6.32222E-2,-6.87973E-2,-3.52183E-2,1.37097E-2,-1.46204E-3,-3.37998E-3,-3.41992E-2,-3.99683E-2,-1.74492E-2
8.20744E+2,NaN,NaN,NaN,NaN,NaN,NaN,NaN,NaN,NaN,NaN,NaN,NaN,NaN,NaN,NaN,NaN,NaN,NaN,NaN,NaN,NaN,NaN,NaN,NaN,NaN,NaN,NaN,NaN,NaN,NaN,NaN,NaN,NaN,NaN,NaN,NaN,NaN,NaN,NaN,NaN,NaN,NaN,NaN,NaN,NaN,NaN,NaN,NaN,NaN,NaN,NaN,NaN,NaN,NaN,NaN,NaN,NaN,NaN,NaN,NaN,NaN,NaN,NaN,NaN,NaN,NaN,NaN,NaN,NaN,NaN,NaN,NaN,NaN,NaN,NaN,NaN,NaN,NaN,NaN,-1.54947E-2,2.10647E-2,5.76241E-2,8.73797E-2,1.15740E-1,1.44100E-1,7.19658E-2,-2.99478E-3,-6.95921E-2,-7.21427E-2,-7.46933E-2,-5.92287E-2,7.95085E-3,7.51304E-2,7.98371E-2,-8.69376E-3,-9.72246E-2,-3.77600E-2,4.93353E-3,1.14459E-1,2.56765E-2,-1.70006E-3,7.72655E-2,1.29514E-1,8.74273E-2,1.93374E-2,1.25130E-1,-2.49122E-2,-1.65086E-2,1.22542E-2,5.02592E-2,1.13971E-2,7.04571E-2,3.45183E-2,-4.48692E-2,4.29620E-2,-6.09412E-2,-1.66140E-3,1.78020E-1,1.42640E-1,8.21072E-2,1.07564E-1,-1.08925E-2,-7.28483E-2,4.01447E-2,-9.13957E-2,-1.64876E-1,-1.65910E-1,-9.14001E-2,-2.52291E-2,-3.14032E-2,-4.77974E-2,5.99365E-3,-9.18480E-2,-1.37504E-1,-8.02208E-2,-1.55837E-1,-2.34212E-1
8.24140E+2,NaN,NaN,NaN,NaN,NaN,NaN,NaN,NaN,NaN,NaN,NaN,NaN,NaN,NaN,NaN,NaN,NaN,NaN,NaN,NaN,NaN,NaN,NaN,NaN,NaN,NaN,NaN,NaN,NaN,NaN,NaN,NaN,NaN,NaN,NaN,NaN,NaN,NaN,NaN,NaN,NaN,NaN,NaN,NaN,NaN,NaN,NaN,NaN,NaN,NaN,NaN,NaN,NaN,NaN,NaN,NaN,NaN,NaN,NaN,NaN,NaN,NaN,NaN,NaN,NaN,NaN,NaN,NaN,NaN,NaN,NaN,NaN,NaN,NaN,NaN,NaN,NaN,NaN,-9.26035E-2,-4.29465E-2,6.11462E-3,4.90119E-2,9.19091E-2,1.20827E-1,1.03206E-1,8.55842E-2,6.29176E-2,3.18010E-2,6.84299E-4,-1.40345E-2,-1.34159E-2,-1.27972E-2,-1.78295E-2,-2.57785E-2,-3.37275E-2,-3.44054E-2,2.85831E-2,-2.63881E-2,-2.01264E-2,-8.50716E-2,-6.52127E-3,7.03782E-2,6.41244E-2,8.63489E-2,1.76636E-1,8.94923E-2,4.30462E-2,1.13095E-1,-1.49212E-2,-3.77345E-2,-6.31585E-2,-1.20521E-1,1.36540E-2,-4.11402E-2,1.21473E-2,1.53506E-2,-5.94500E-2,2.27830E-1,1.84874E-1,-1.94054E-3,2.72736E-2,1.97023E-3,-1.18909E-1,-4.21514E-2,-2.66438E-2,-3.15469E-2,-1.16632E-1,-1.33232E-1,-1.06485E-1,-7.20746E-2,-6.21908E-2,-6.88340E-2,-7.90942E-2,-2.36217E-1,-2.29114E-1,-1.16529E-1,-9.87071E-2
8.27536E+2,NaN,NaN,NaN,NaN,NaN,NaN,NaN,NaN,NaN,NaN,NaN,NaN,NaN,NaN,NaN,NaN,NaN,NaN,NaN,NaN,NaN,NaN,NaN,NaN,NaN,NaN,NaN,NaN,NaN,NaN,NaN,NaN,NaN,NaN,NaN,NaN,NaN,NaN,NaN,NaN,NaN,NaN,NaN,NaN,NaN,NaN,NaN,NaN,NaN,NaN,NaN,NaN,NaN,NaN,NaN,NaN,NaN,NaN,NaN,NaN,NaN,NaN,NaN,NaN,NaN,NaN,NaN,NaN,NaN,NaN,NaN,NaN,NaN,NaN,NaN,NaN,-1.77537E-2,-3.23973E-2,-4.70410E-2,-4.77776E-2,-1.97904E-2,8.19671E-3,1.39297E-2,-5.52552E-3,-2.49808E-2,-2.60465E-2,-1.54503E-2,-4.85404E-3,-4.44159E-3,-7.33755E-3,-1.02335E-2,2.23854E-2,5.90537E-2,9.22807E-2,4.39899E-2,-4.30088E-3,-2.74640E-2,-2.89284E-2,2.30713E-2,-1.51579E-3,3.72042E-2,1.25845E-1,4.34469E-2,-7.43554E-2,7.88672E-2,9.66576E-2,-2.34025E-2,-2.29739E-2,-8.49135E-3,4.51373E-5,-6.20977E-2,3.98421E-2,8.27681E-2,-2.42273E-2,1.42131E-1,-2.11658E-2,2.29986E-2,8.94932E-2,3.44047E-2,4.03376E-2,4.07975E-2,6.81829E-2,1.18871E-2,3.36333E-2,8.02002E-2,2.88301E-2,-8.43016E-3,-2.39003E-2,-6.45162E-2,-3.33197E-2,2.84036E-2,5.27831E-2,7.65566E-2,2.63727E-2,-5.23915E-3,-3.31995E-2,-2.41511E-2
8.30933E+2,NaN,NaN,NaN,NaN,NaN,NaN,NaN,NaN,NaN,NaN,NaN,NaN,NaN,NaN,NaN,NaN,NaN,NaN,NaN,NaN,NaN,NaN,NaN,NaN,NaN,NaN,NaN,NaN,NaN,NaN,NaN,NaN,NaN,NaN,NaN,NaN,NaN,NaN,NaN,NaN,NaN,NaN,NaN,NaN,NaN,NaN,NaN,NaN,NaN,NaN,NaN,NaN,NaN,NaN,NaN,NaN,NaN,NaN,NaN,NaN,NaN,NaN,NaN,NaN,NaN,NaN,NaN,NaN,NaN,NaN,NaN,NaN,NaN,NaN,NaN,-1.78442E-1,-9.54983E-2,-1.25548E-2,2.06584E-2,1.22693E-2,3.88021E-3,4.28434E-3,8.68809E-3,1.30918E-2,3.13442E-2,5.24287E-2,7.35132E-2,1.02795E-1,1.32304E-1,1.49489E-1,7.26873E-2,-4.11452E-3,-3.44646E-2,6.82342E-2,1.70933E-1,2.18368E-1,6.33740E-2,1.21351E-1,4.88400E-2,3.16163E-2,-5.60327E-2,1.11882E-1,1.13556E-1,1.77564E-2,2.83384E-2,7.26219E-2,-7.64444E-2,7.45971E-2,4.00755E-2,-1.07020E-1,-5.49041E-2,4.13917E-2,-7.77543E-2,-5.91494E-2,-9.08396E-2,-1.47263E-1,8.04189E-4,1.36753E-1,7.74201E-2,-1.00467E-2,6.91770E-2,6.56792E-3,-1.69414E-2,-5.65413E-2,-2.37436E-1,-1.50114E-1,-1.19654E-1,-6.50252E-2,-7.52746E-2,-1.21246E-1,-1.10625E-1,-1.44979E-1,-2.01181E-1,-1.62671E-1,-1.23949E-1,-1.83387E-1,-1.46887E-1
8.34331E+2,NaN,NaN,NaN,NaN,NaN,NaN,NaN,NaN,NaN,NaN,NaN,NaN,NaN,NaN,NaN,NaN,NaN,NaN,NaN,NaN,NaN,NaN,NaN,NaN,NaN,NaN,NaN,NaN,NaN,NaN,NaN,NaN,NaN,NaN,NaN,NaN,NaN,NaN,NaN,NaN,NaN,NaN,NaN,NaN,NaN,NaN,NaN,NaN,NaN,NaN,NaN,NaN,NaN,NaN,NaN,NaN,NaN,NaN,NaN,NaN,NaN,NaN,NaN,NaN,NaN,NaN,NaN,NaN,NaN,NaN,NaN,NaN,NaN,NaN,6.49270E-2,2.96442E-2,-5.63854E-3,-5.86809E-3,6.00093E-3,1.78700E-2,4.54596E-2,7.50665E-2,1.02959E-1,7.37115E-2,4.44638E-2,1.10671E-2,-4.23051E-2,-9.56774E-2,-1.26759E-1,-1.09333E-1,-9.19064E-2,-6.32803E-2,-2.13843E-2,2.05116E-2,3.72083E-2,3.71442E-2,-4.76306E-3,-7.83441E-2,1.36601E-2,5.98389E-2,-9.09557E-4,2.09977E-2,-2.90498E-2,7.64116E-2,2.15953E-2,6.26135E-2,-1.09568E-1,9.92890E-2,-6.92322E-3,1.40218E-1,3.34093E-2,-2.03780E-3,-6.43116E-3,9.12403E-3,7.16375E-2,-3.30932E-2,1.33249E-1,-1.00605E-1,6.17581E-4,4.68669E-2,3.67784E-2,-1.58705E-2,-2.36994E-2,2.14180E-2,1.86134E-1,2.07905E-1,1.53811E-1,1.48976E-1,7.56467E-2,1.01139E-1,8.85217E-2,1.30587E-1,1.40305E-1,1.70052E-1,2.25463E-1,2.31803E-1,2.09810E-1
8.37729E+2,NaN,NaN,NaN,NaN,NaN,NaN,NaN,NaN,NaN,NaN,NaN,NaN,NaN,NaN,NaN,NaN,NaN,NaN,NaN,NaN,NaN,NaN,NaN,NaN,NaN,NaN,NaN,NaN,NaN,NaN,NaN,NaN,NaN,NaN,NaN,NaN,NaN,NaN,NaN,NaN,NaN,NaN,NaN,NaN,NaN,NaN,NaN,NaN,NaN,NaN,NaN,NaN,NaN,NaN,NaN,NaN,NaN,NaN,NaN,NaN,NaN,NaN,NaN,NaN,NaN,NaN,NaN,NaN,NaN,NaN,NaN,NaN,NaN,-8.54823E-2,-2.72480E-2,3.09863E-2,2.82691E-2,2.04954E-2,1.12073E-2,-1.94250E-2,-5.00574E-2,-6.00417E-2,8.06788E-3,7.61775E-2,1.03269E-1,5.48391E-2,6.40915E-3,-5.52892E-3,1.97882E-2,4.51054E-2,7.02730E-2,9.53555E-2,1.20438E-1,1.50625E-1,1.82248E-1,2.13871E-1,1.83508E-2,2.32120E-1,5.17975E-2,5.40396E-2,2.15587E-1,2.51085E-1,9.96757E-2,1.81685E-1,3.46671E-1,7.05459E-2,1.58617E-1,4.14038E-2,-1.72477E-2,-2.33358E-2,-7.73585E-2,2.40294E-2,-7.97344E-2,2.71506E-2,-9.76052E-2,2.87786E-2,9.66587E-2,3.89292E-1,3.09195E-1,1.81278E-1,3.91488E-2,-6.51689E-2,6.10537E-2,-6.61747E-2,-2.52580E-1,-1.82199E-1,-1.54210E-1,-2.09395E-1,-9.02812E-3,5.33136E-2,-5.77182E-2,-1.29775E-1,-1.90618E-1,-2.03969E-1,-2.13344E-1,-1.32113E-1,-9.92077E-2
8.41128E+2,NaN,NaN,NaN,NaN,NaN,NaN,NaN,NaN,NaN,NaN,NaN,NaN,NaN,NaN,NaN,NaN,NaN,NaN,NaN,NaN,NaN,NaN,NaN,NaN,NaN,NaN,NaN,NaN,NaN,NaN,NaN,NaN,NaN,NaN,NaN,NaN,NaN,NaN,NaN,NaN,NaN,NaN,NaN,NaN,NaN,NaN,NaN,NaN,NaN,NaN,NaN,NaN,NaN,NaN,NaN,NaN,NaN,NaN,NaN,NaN,NaN,NaN,NaN,NaN,NaN,NaN,NaN,NaN,NaN,NaN,NaN,NaN,8.70850E-2,6.69752E-2,4.56176E-2,1.08040E-2,-2.40097E-2,-4.43804E-2,-1.57711E-2,1.28382E-2,2.23845E-2,-4.47049E-4,-2.32786E-2,-4.86244E-2,-7.63528E-2,-1.04081E-1,-8.44255E-2,-3.99545E-2,4.51654E-3,1.87690E-2,2.54269E-2,3.20847E-2,1.85637E-2,3.80049E-3,-1.17520E-2,-3.58157E-2,-1.54893E-2,-2.93675E-2,-2.69018E-2,-2.26842E-2,-1.19275E-1,3.93328E-2,-4.20476E-2,1.09100E-2,-6.87167E-2,9.61358E-2,4.61749E-2,9.96953E-2,9.54666E-2,2.93859E-2,3.01625E-2,8.31811E-2,7.71044E-2,6.90707E-2,5.24933E-2,-9.74027E-2,-8.06048E-2,-1.08411E-1,-6.60458E-2,3.23377E-2,4.99220E-2,6.15109E-2,8.69139E-2,4.57946E-2,1.02387E-1,1.50965E-1,1.54026E-1,1.54740E-1,1.24461E-1,1.10375E-1,9.40910E-2,1.28502E-1,1.17752E-1,6.48902E-2,8.25667E-2,1.31630E-1,1.72786E-1
8.44527E+2,NaN,NaN,NaN,NaN,NaN,NaN,NaN,NaN,NaN,NaN,NaN,NaN,NaN,NaN,NaN,NaN,NaN,NaN,NaN,NaN,NaN,NaN,NaN,NaN,NaN,NaN,NaN,NaN,NaN,NaN,NaN,NaN,NaN,NaN,NaN,NaN,NaN,NaN,NaN,NaN,NaN,NaN,NaN,NaN,NaN,NaN,NaN,NaN,NaN,NaN,NaN,NaN,NaN,NaN,NaN,NaN,NaN,NaN,NaN,NaN,NaN,NaN,NaN,NaN,NaN,NaN,NaN,NaN,NaN,NaN,-2.59339E-2,-2.31985E-2,-2.04631E-2,-1.12660E-2,1.97813E-2,5.08286E-2,5.64093E-2,1.88301E-2,-1.87490E-2,-2.73498E-2,-8.54503E-3,1.02597E-2,8.48351E-3,-4.04676E-3,-1.65770E-2,-9.95184E-3,1.47235E-3,1.28966E-2,8.65348E-3,3.45490E-3,-6.63660E-5,1.43813E-2,2.88290E-2,3.96270E-2,3.80841E-2,3.65411E-2,-5.03169E-2,4.19184E-2,-1.90185E-2,-5.75456E-2,9.20715E-2,-2.50461E-2,3.96510E-3,-3.57651E-2,-4.60698E-2,6.19036E-2,-4.77449E-2,4.17717E-2,-7.10416E-3,-1.12550E-2,4.93801E-2,8.05281E-2,4.73743E-2,4.29846E-2,-1.66843E-2,2.83808E-3,1.05820E-2,-2.32461E-5,-9.06340E-3,1.71640E-2,6.10151E-2,4.57467E-2,-2.01505E-2,-1.03087E-2,4.22399E-2,4.50914E-2,4.03126E-2,4.49833E-2,3.81437E-2,4.47091E-3,-5.17322E-3,3.05058E-2,3.79555E-2,4.06416E-2,2.91203E-2,2.40341E-3,4.76285E-3
8.47927E+2,NaN,NaN,NaN,NaN,NaN,NaN,NaN,NaN,NaN,NaN,NaN,NaN,NaN,NaN,NaN,NaN,NaN,NaN,NaN,NaN,NaN,NaN,NaN,NaN,NaN,NaN,NaN,NaN,NaN,NaN,NaN,NaN,NaN,NaN,NaN,NaN,NaN,NaN,NaN,NaN,NaN,NaN,NaN,NaN,NaN,NaN,NaN,NaN,NaN,NaN,NaN,NaN,NaN,NaN,NaN,NaN,NaN,NaN,NaN,NaN,NaN,NaN,NaN,NaN,NaN,NaN,NaN,NaN,NaN,5.68390E-2,5.46206E-2,5.24021E-2,4.55468E-2,3.02258E-2,1.49047E-2,9.36334E-3,1.37299E-2,1.80964E-2,1.59785E-4,-3.03440E-2,-6.08477E-2,-4.28530E-2,-1.13748E-2,2.01035E-2,-1.40012E-2,-5.33992E-2,-8.31408E-2,1.91028E-2,1.21346E-1,1.87540E-1,1.18956E-1,5.03729E-2,1.99217E-2,5.90909E-2,9.82601E-2,8.30566E-2,1.16209E-1,1.34894E-1,-3.97839E-2,-7.94471E-2,-1.19208E-1,-2.88059E-2,-1.42801E-2,-1.16431E-1,-4.88668E-2,-3.47000E-3,1.98118E-1,-3.72400E-2,1.23430E-1,2.83012E-2,4.33585E-2,1.72170E-1,-2.36834E-2,-1.76102E-3,2.19757E-2,5.56549E-2,4.34116E-2,-1.87967E-1,-1.44344E-1,-4.69268E-2,-1.35731E-2,1.09413E-2,4.87985E-2,-7.03973E-3,3.23837E-2,8.71651E-2,9.58828E-2,9.82993E-2,1.09197E-1,1.16760E-1,1.28625E-1,1.62048E-1,2.40639E-1,2.31034E-1,1.79219E-1,1.62718E-1,1.40642E-1
8.51327E+2,NaN,NaN,NaN,NaN,NaN,NaN,NaN,NaN,NaN,NaN,NaN,NaN,NaN,NaN,NaN,NaN,NaN,NaN,NaN,NaN,NaN,NaN,NaN,NaN,NaN,NaN,NaN,NaN,NaN,NaN,NaN,NaN,NaN,NaN,NaN,NaN,NaN,NaN,NaN,NaN,NaN,NaN,NaN,NaN,NaN,NaN,NaN,NaN,NaN,NaN,NaN,NaN,NaN,NaN,NaN,NaN,NaN,NaN,NaN,NaN,NaN,NaN,NaN,NaN,NaN,NaN,NaN,NaN,-5.45132E-2,-4.00379E-2,-2.55625E-2,-1.05944E-3,3.51107E-2,7.12808E-2,4.93450E-2,-1.05157E-2,-7.03764E-2,-1.00715E-1,-1.21104E-1,-1.41494E-1,-9.28458E-2,-3.57340E-2,2.15950E-2,8.51628E-2,1.48730E-1,1.80361E-1,6.29830E-2,-5.43946E-2,-9.24864E-2,3.83994E-2,1.69285E-1,2.26555E-1,1.98173E-1,1.69791E-1,1.37756E-1,1.03336E-1,1.63253E-2,-1.98908E-1,3.55997E-4,-3.67977E-2,8.92938E-2,-2.90233E-2,-2.82023E-2,1.54338E-1,-7.23571E-2,2.58183E-3,3.20547E-3,-9.05459E-2,-2.29698E-2,-4.02245E-3,6.21351E-2,-1.59394E-1,-1.00842E-2,-1.74456E-1,-2.71384E-2,-1.35574E-1,-3.87239E-2,1.75952E-1,3.07207E-2,-1.19197E-1,-1.56248E-1,-1.43856E-1,-1.39284E-1,-3.00838E-2,-3.77659E-2,-2.94271E-1,-3.38792E-1,-2.89798E-1,-2.16183E-1,-9.65798E-2,-1.66546E-1,-2.57670E-1,-2.41110E-1,-3.46371E-1,-3.62774E-1,-2.62270E-1,-3.16716E-1
8.54728E+2,NaN,NaN,NaN,NaN,NaN,NaN,NaN,NaN,NaN,NaN,NaN,NaN,NaN,NaN,NaN,NaN,NaN,NaN,NaN,NaN,NaN,NaN,NaN,NaN,NaN,NaN,NaN,NaN,NaN,NaN,NaN,NaN,NaN,NaN,NaN,NaN,NaN,NaN,NaN,NaN,NaN,NaN,NaN,NaN,NaN,NaN,NaN,NaN,NaN,NaN,NaN,NaN,NaN,NaN,NaN,NaN,NaN,NaN,NaN,NaN,NaN,NaN,NaN,NaN,NaN,NaN,NaN,2.00350E+0,1.33118E+0,6.58848E-1,3.43358E-1,3.15610E-1,2.87862E-1,3.57380E-1,4.69290E-1,5.81201E-1,9.25301E-1,1.31386E+0,1.70241E+0,1.66557E-1,-1.40423E+0,-2.76416E+0,-2.64833E+0,-2.53250E+0,-2.23253E+0,-1.42930E+0,-6.26065E-1,-7.34338E-1,-2.15029E+0,-3.56624E+0,-3.48492E+0,-2.19627E+0,-9.07608E-1,-1.11203E-1,4.70656E-1,1.05252E+0,-4.19704E+0,-1.86404E+0,-1.52150E+0,-5.84048E+0,-3.95168E+0,-1.68520E+0,-1.22565E+0,-1.48915E+0,2.09963E+0,8.64265E-1,4.49571E+0,1.20418E+0,5.83650E-1,7.17078E-1,2.97255E+0,-1.49983E+0,4.48713E+0,9.71024E-1,-2.63188E+0,-1.64135E+0,-1.73006E-1,-3.48301E+0,-1.64835E+0,-2.10460E+0,-7.91558E-1,3.44475E-1,4.01882E-2,6.49326E-1,2.50005E+0,5.34157E+0,5.35665E+0,5.55387E+0,3.47483E+0,2.72212E+0,5.13821E+0,4.47974E+0,2.62998E+0,4.04769E+0,4.69456E+0,5.36216E+0,6.03564E+0
8.58130E+2,NaN,NaN,NaN,NaN,NaN,NaN,NaN,NaN,NaN,NaN,NaN,NaN,NaN,NaN,NaN,NaN,NaN,NaN,NaN,NaN,NaN,NaN,NaN,NaN,NaN,NaN,NaN,NaN,NaN,NaN,NaN,NaN,NaN,NaN,NaN,NaN,NaN,NaN,NaN,NaN,NaN,NaN,NaN,NaN,NaN,NaN,NaN,NaN,NaN,NaN,NaN,NaN,NaN,NaN,NaN,NaN,NaN,NaN,NaN,NaN,NaN,NaN,NaN,NaN,NaN,NaN,4.64240E-2,2.50780E-2,3.73203E-3,-1.51401E-2,-3.25493E-2,-4.99584E-2,-2.69550E-2,8.03522E-3,4.30254E-2,2.50805E-2,2.16105E-3,-2.08974E-2,-4.62577E-2,-7.16180E-2,-8.08195E-2,-2.53106E-2,3.01984E-2,5.03835E-2,2.80820E-3,-4.47670E-2,-6.83068E-2,-6.63780E-2,-6.44493E-2,-5.02912E-2,-2.89009E-2,-7.51063E-3,-5.73796E-2,-1.28385E-1,-1.99390E-1,-8.71616E-2,3.93248E-2,-1.75277E-2,-2.33218E-2,-7.54914E-2,-6.55234E-2,-5.72081E-3,-6.86260E-2,-1.26200E-2,-1.22962E-1,-2.77396E-2,-6.44598E-2,-2.68346E-2,-6.27727E-2,-6.50725E-2,4.54912E-3,-3.81347E-2,4.83980E-2,3.10068E-2,-4.88051E-2,-4.69554E-2,-4.88737E-2,-7.82298E-2,-8.78934E-2,-6.93922E-2,-7.37530E-2,-5.45814E-2,-6.39534E-2,-8.61524E-2,-1.20816E-2,8.60774E-3,3.59897E-2,3.82956E-2,1.37674E-2,3.02257E-2,-1.95469E-3,-2.34364E-2,1.31337E-2,8.22992E-2,1.10753E-1,7.70470E-2,7.04367E-2
8.61532E+2,NaN,NaN,NaN,NaN,NaN,NaN,NaN,NaN,NaN,NaN,NaN,NaN,NaN,NaN,NaN,NaN,NaN,NaN,NaN,NaN,NaN,NaN,NaN,NaN,NaN,NaN,NaN,NaN,NaN,NaN,NaN,NaN,NaN,NaN,NaN,NaN,NaN,NaN,NaN,NaN,NaN,NaN,NaN,NaN,NaN,NaN,NaN,NaN,NaN,NaN,NaN,NaN,NaN,NaN,NaN,NaN,NaN,NaN,NaN,NaN,NaN,NaN,NaN,NaN,NaN,-2.23272E-2,7.60125E-3,3.75297E-2,2.89862E-2,2.90940E-3,-2.31674E-2,-8.56510E-3,1.43813E-2,3.73277E-2,3.93859E-2,4.08567E-2,4.22784E-2,4.33243E-2,4.43701E-2,3.14833E-2,-2.13972E-2,-7.42777E-2,-9.37329E-2,-6.33045E-2,-3.28761E-2,-1.61372E-2,-1.08697E-2,-5.60214E-3,-5.67718E-4,4.36048E-3,9.28867E-3,9.76919E-3,9.33741E-3,8.90562E-3,2.37186E-2,6.14680E-2,1.37349E-2,6.40978E-2,1.53462E-3,7.36505E-2,-1.37351E-2,4.63639E-2,-4.10194E-2,-1.38872E-2,6.04589E-2,9.96848E-2,2.04397E-2,1.63415E-2,4.75510E-2,9.66931E-2,7.67534E-2,7.71000E-2,-2.14380E-3,6.76412E-3,6.72300E-2,5.02013E-2,4.44668E-2,4.25805E-2,-3.81913E-2,-6.27794E-3,4.19038E-2,-2.53213E-2,2.18563E-3,8.38939E-3,1.48279E-2,4.90817E-3,-1.81090E-2,8.59555E-2,6.41159E-2,-8.47922E-3,3.04979E-2,3.59724E-2,4.20210E-2,8.80813E-2,9.33788E-2,6.65290E-2,4.59039E-2
8.64935E+2,NaN,NaN,NaN,NaN,NaN,NaN,NaN,NaN,NaN,NaN,NaN,NaN,NaN,NaN,NaN,NaN,NaN,NaN,NaN,NaN,NaN,NaN,NaN,NaN,NaN,NaN,NaN,NaN,NaN,NaN,NaN,NaN,NaN,NaN,NaN,NaN,NaN,NaN,NaN,NaN,NaN,NaN,NaN,NaN,NaN,NaN,NaN,NaN,NaN,NaN,NaN,NaN,NaN,NaN,NaN,NaN,NaN,NaN,NaN,NaN,NaN,NaN,NaN,NaN,1.31258E-2,1.66322E-2,2.01387E-2,6.64287E-3,-1.31545E-2,-3.29519E-2,-1.06199E-2,1.78714E-2,4.58187E-2,3.87671E-2,3.17155E-2,2.25822E-2,2.36932E-3,-1.78436E-2,-3.24398E-2,-3.39938E-2,-3.55478E-2,-2.28371E-2,7.74530E-3,3.83277E-2,2.79371E-2,-1.13129E-2,-5.05629E-2,-5.51756E-2,-4.69507E-2,-3.87258E-2,-5.04803E-2,-6.51559E-2,-7.87094E-2,-1.99320E-2,4.56366E-2,-6.45878E-2,-8.54097E-2,2.18003E-2,-6.89370E-3,2.04652E-2,-4.68287E-2,-8.08254E-2,5.62441E-2,-2.41178E-2,-6.78473E-2,2.46502E-2,-2.50711E-2,1.85168E-2,5.71341E-2,-2.13740E-2,-2.78651E-2,-6.11120E-2,1.54679E-2,-3.61886E-3,8.02948E-3,6.74321E-3,-3.68440E-2,3.78268E-2,3.04399E-2,-2.54729E-2,-6.24135E-2,-3.18080E-2,-4.94761E-3,4.27701E-3,-4.41038E-2,-3.30619E-2,3.67738E-2,4.87013E-2,-2.84896E-2,-4.25817E-2,4.22514E-2,-6.74830E-3,-3.82708E-2,-1.91142E-2,-3.72883E-2,-3.06157E-2,9.15336E-3
8.68338E+2,NaN,NaN,NaN,NaN,NaN,NaN,NaN,NaN,NaN,NaN,NaN,NaN,NaN,NaN,NaN,NaN,NaN,NaN,NaN,NaN,NaN,NaN,NaN,NaN,NaN,NaN,NaN,NaN,NaN,NaN,NaN,NaN,NaN,NaN,NaN,NaN,NaN,NaN,NaN,NaN,NaN,NaN,NaN,NaN,NaN,NaN,NaN,NaN,NaN,NaN,NaN,NaN,NaN,NaN,NaN,NaN,NaN,NaN,NaN,NaN,NaN,NaN,NaN,4.05310E-1,2.11113E-1,1.69157E-2,-5.42943E-2,-8.59578E-2,-1.17621E-1,-8.55895E-3,1.16219E-1,2.32754E-1,1.63144E-1,9.35339E-2,-1.98554E-2,-3.25779E-1,-6.31703E-1,-7.19124E-1,-3.59116E-1,8.91928E-4,1.12769E-1,-5.40695E-2,-2.20908E-1,-3.28243E-1,-3.98142E-1,-4.68041E-1,-4.32863E-1,-3.63897E-1,-2.94932E-1,-1.73961E-1,-4.71820E-2,5.91446E-2,-2.65638E-1,8.55641E-2,7.25020E-3,-2.86016E-2,-3.92337E-2,-5.05974E-1,-4.38404E-1,-6.75459E-1,-4.71146E-1,-2.26418E-1,2.96124E-1,-2.35875E-1,-1.76951E-2,1.02176E+0,-1.47518E-1,5.35977E-2,-7.37370E-1,6.17585E-1,-2.65088E-1,1.25846E+0,3.65398E-1,-2.46788E-1,3.44132E-2,-8.27386E-1,5.30648E-1,-9.94494E-1,-8.42801E-1,6.58459E-2,2.00502E-1,-2.04451E-2,5.39480E-2,1.81453E-1,1.63741E-1,1.02451E+0,1.09971E+0,7.05183E-1,5.17405E-1,3.96335E-1,6.13916E-1,9.27545E-1,1.06514E+0,9.80431E-1,1.07851E+0,1.51535E+0,1.19501E+0
8.71742E+2,NaN,NaN,NaN,NaN,NaN,NaN,NaN,NaN,NaN,NaN,NaN,NaN,NaN,NaN,NaN,NaN,NaN,NaN,NaN,NaN,NaN,NaN,NaN,NaN,NaN,NaN,NaN,NaN,NaN,NaN,NaN,NaN,NaN,NaN,NaN,NaN,NaN,NaN,NaN,NaN,NaN,NaN,NaN,NaN,NaN,NaN,NaN,NaN,NaN,NaN,NaN,NaN,NaN,NaN,NaN,NaN,NaN,NaN,NaN,NaN,NaN,NaN,1.14172E-1,-5.55482E-2,-2.25269E-1,-2.00388E-1,-1.16901E-1,-3.34141E-2,2.95426E-2,9.05037E-2,1.44475E-1,7.66304E-2,8.78523E-3,-4.16703E-2,-2.12967E-2,-9.23089E-4,5.70404E-3,-1.43561E-2,-3.44162E-2,-2.91850E-2,3.13602E-3,3.54570E-2,-1.22302E-2,-1.07781E-1,-2.03332E-1,-1.67316E-1,-9.16768E-2,-1.60379E-2,6.16178E-2,1.39470E-1,1.91521E-1,-1.69749E-1,7.74169E-2,-1.15315E-1,-2.55367E-1,-9.73862E-2,5.81418E-2,-1.33318E-1,-1.49006E-1,-6.80055E-2,-2.23186E-2,-7.24588E-2,9.90570E-2,2.04028E-1,-7.26753E-2,-1.26772E-1,5.00284E-2,5.10285E-2,-1.41073E-1,2.68281E-1,1.21408E-1,3.03079E-1,-7.62888E-3,-1.50717E-1,-1.53835E-1,-2.37143E-1,3.68037E-2,-1.14769E-1,-1.25724E-1,2.57306E-2,1.38314E-2,4.86281E-2,1.42955E-2,-1.31759E-2,9.09621E-2,2.00536E-1,2.40539E-1,3.18296E-1,2.33124E-1,8.07180E-2,2.79512E-1,1.78266E-1,2.54466E-1,3.19015E-1,2.98162E-1,3.32882E-1,3.06817E-1
8.75147E+2,NaN,NaN,NaN,NaN,NaN,NaN,NaN,NaN,NaN,NaN,NaN,NaN,NaN,NaN,NaN,NaN,NaN,NaN,NaN,NaN,NaN,NaN,NaN,NaN,NaN,NaN,NaN,NaN,NaN,NaN,NaN,NaN,NaN,NaN,NaN,NaN,NaN,NaN,NaN,NaN,NaN,NaN,NaN,NaN,NaN,NaN,NaN,NaN,NaN,NaN,NaN,NaN,NaN,NaN,NaN,NaN,NaN,NaN,NaN,NaN,NaN,2.81130E-1,2.01651E-1,1.22171E-1,4.89434E-2,-2.23689E-2,-9.36813E-2,2.26739E-2,1.57966E-1,2.88187E-1,3.24451E-1,3.60715E-1,3.14888E-1,-7.18756E-2,-4.58639E-1,-6.65571E-1,-5.18575E-1,-3.71579E-1,-1.92246E-1,2.21503E-2,2.36547E-1,2.50270E-1,1.42366E-1,3.44625E-2,6.31625E-2,1.33712E-1,2.04262E-1,1.44173E-1,7.09015E-2,1.42047E-2,2.54517E-1,2.91983E-1,5.06978E-2,-1.96492E-1,4.07877E-1,6.08691E-1,-1.25237E-1,-1.60005E-2,-1.44924E-1,-1.95133E-1,-4.15497E-1,8.51304E-2,-3.14946E-1,-1.06514E-1,1.92388E-1,3.86501E-1,2.95752E-1,2.40253E-1,-2.71990E-2,4.72658E-1,1.67917E-1,6.31319E-1,1.39065E-1,-5.83672E-2,-4.79266E-1,-3.98730E-1,6.83491E-1,-3.32726E-1,-3.83212E-1,-1.53373E-1,-2.49462E-1,-1.62344E-1,2.15088E-1,2.19051E-1,7.98449E-1,9.64147E-1,1.06708E+0,8.50694E-1,5.62317E-1,4.16360E-1,7.87630E-1,8.01410E-1,8.79502E-1,1.17056E+0,1.32271E+0,1.08925E+0,1.03580E+0
8.78552E+2,NaN,NaN,NaN,NaN,NaN,NaN,NaN,NaN,NaN,NaN,NaN,NaN,NaN,NaN,NaN,NaN,NaN,NaN,NaN,NaN,NaN,NaN,NaN,NaN,NaN,NaN,NaN,NaN,NaN,NaN,NaN,NaN,NaN,NaN,NaN,NaN,NaN,NaN,NaN,NaN,NaN,NaN,NaN,NaN,NaN,NaN,NaN,NaN,NaN,NaN,NaN,NaN,NaN,NaN,NaN,NaN,NaN,NaN,NaN,NaN,-8.24010E-3,-1.90375E-2,-2.98348E-2,-1.25394E-2,1.42299E-2,4.09992E-2,-3.01150E-3,-5.57106E-2,-1.05637E-1,-7.56420E-2,-4.56468E-2,-1.48135E-2,1.99333E-2,5.46800E-2,7.40053E-2,6.04451E-2,4.68849E-2,4.19689E-2,4.71149E-2,5.22610E-2,4.46553E-2,2.87223E-2,1.27894E-2,1.72992E-2,2.87031E-2,4.01070E-2,2.75775E-2,1.21101E-2,-2.38961E-3,7.08112E-3,-9.03884E-2,-8.81986E-3,6.14555E-2,2.19927E-3,-1.38832E-1,-2.66132E-2,8.17681E-2,1.06136E-1,7.97417E-2,8.91943E-2,9.32317E-2,1.30109E-1,-1.05436E-3,2.22745E-2,-9.09267E-2,5.63689E-2,-1.39700E-1,-2.27959E-2,8.40642E-2,-8.65114E-2,2.98973E-2,-5.73195E-2,5.03148E-2,-6.16560E-2,1.31614E-1,6.29798E-2,-9.29281E-2,7.93568E-2,-3.89600E-2,-2.63443E-2,3.61128E-2,5.53952E-2,-2.60668E-2,-5.46443E-2,-1.64603E-1,-1.43244E-1,-1.19708E-1,-1.99883E-1,-1.49810E-1,-7.25510E-2,-1.18957E-1,-1.68445E-1,-1.49476E-1,-1.89867E-1,-1.36982E-1,-1.93766E-1,-1.88631E-1
8.81958E+2,NaN,NaN,NaN,NaN,NaN,NaN,NaN,NaN,NaN,NaN,NaN,NaN,NaN,NaN,NaN,NaN,NaN,NaN,NaN,NaN,NaN,NaN,NaN,NaN,NaN,NaN,NaN,NaN,NaN,NaN,NaN,NaN,NaN,NaN,NaN,NaN,NaN,NaN,NaN,NaN,NaN,NaN,NaN,NaN,NaN,NaN,NaN,NaN,NaN,NaN,NaN,NaN,NaN,NaN,NaN,NaN,NaN,NaN,NaN,2.04080E-1,1.27467E-1,5.08541E-2,5.63564E-3,-2.71193E-2,-5.98742E-2,-4.20715E-2,-1.59480E-2,1.01481E-2,1.84544E-2,2.67607E-2,2.57125E-2,-3.07662E-2,-8.72450E-2,-1.27657E-1,-1.28202E-1,-1.28748E-1,-1.15323E-1,-8.33861E-2,-5.14497E-2,1.27933E-3,6.95053E-2,1.37731E-1,1.45690E-1,1.29723E-1,1.13755E-1,5.62786E-2,-8.02968E-3,-7.22843E-2,-1.01371E-1,6.07597E-2,7.10656E-2,-2.11387E-1,3.10441E-2,8.41951E-2,1.50245E-1,-2.50715E-2,-4.16439E-2,-7.64896E-2,-7.66394E-2,-1.64999E-1,-1.18430E-1,-7.84069E-2,-4.72507E-4,-1.45596E-1,-4.94550E-2,4.23705E-2,1.54741E-3,-7.33154E-3,1.11020E-1,-2.26799E-1,1.76870E-1,1.59373E-1,-5.61464E-2,-1.08918E-1,-1.50451E-1,-9.25479E-2,1.16028E-1,-8.78498E-2,-7.75463E-2,2.61954E-2,-6.43224E-2,-1.32498E-1,-5.99266E-2,7.54155E-2,8.87212E-2,2.57814E-1,2.86690E-1,2.22813E-1,1.49617E-1,3.39078E-2,9.68200E-2,1.90282E-1,1.63658E-1,1.54643E-1,2.38140E-1,3.64372E-1,2.07780E-1
8.85364E+2,NaN,NaN,NaN,NaN,NaN,NaN,NaN,NaN,NaN,NaN,NaN,NaN,NaN,NaN,NaN,NaN,NaN,NaN,NaN,NaN,NaN,NaN,NaN,NaN,NaN,NaN,NaN,NaN,NaN,NaN,NaN,NaN,NaN,NaN,NaN,NaN,NaN,NaN,NaN,NaN,NaN,NaN,NaN,NaN,NaN,NaN,NaN,NaN,NaN,NaN,NaN,NaN,NaN,NaN,NaN,NaN,NaN,NaN,-3.27259E-2,-3.56859E-2,-3.86459E-2,-2.44595E-2,-1.82074E-3,2.08181E-2,8.20287E-3,-1.25390E-2,-3.32809E-2,-3.65072E-2,-3.89182E-2,-3.68462E-2,6.31156E-3,4.94693E-2,7.85509E-2,6.33588E-2,4.81668E-2,3.68663E-2,3.18060E-2,2.67457E-2,2.29566E-2,2.03085E-2,1.76605E-2,-1.64158E-2,-6.59852E-2,-1.15555E-1,-9.52364E-2,-5.88080E-2,-2.23795E-2,1.86751E-2,-3.23302E-2,-3.63823E-2,7.06209E-3,1.21737E-2,-1.89604E-2,-5.12334E-2,1.01534E-1,2.39612E-2,5.55227E-2,5.56417E-2,-1.38832E-2,2.48555E-2,4.30783E-2,-7.58706E-2,-1.61941E-1,1.95605E-2,-2.69672E-2,-3.28918E-2,3.49993E-2,4.62269E-2,-5.67448E-2,5.27280E-2,-1.35119E-1,-7.32195E-2,-9.56382E-3,4.54459E-2,6.64369E-2,3.69989E-2,-6.74693E-2,3.97634E-2,9.01713E-2,1.62881E-2,-7.25633E-2,-8.59990E-2,-3.83835E-2,-1.02588E-2,-1.23107E-1,-1.44768E-1,-7.80187E-2,-1.29503E-1,-6.81604E-2,-6.60520E-2,-7.74955E-2,-8.64960E-2,-8.52070E-2,-1.04426E-1,-1.18685E-1,-1.42955E-1,-1.48440E-1
8.88771E+2,NaN,NaN,NaN,NaN,NaN,NaN,NaN,NaN,NaN,NaN,NaN,NaN,NaN,NaN,NaN,NaN,NaN,NaN,NaN,NaN,NaN,NaN,NaN,NaN,NaN,NaN,NaN,NaN,NaN,NaN,NaN,NaN,NaN,NaN,NaN,NaN,NaN,NaN,NaN,NaN,NaN,NaN,NaN,NaN,NaN,NaN,NaN,NaN,NaN,NaN,NaN,NaN,NaN,NaN,NaN,NaN,NaN,8.81276E-1,1.12039E+0,1.35951E+0,1.05274E+0,3.97043E-1,-2.58653E-1,-4.36664E-1,-4.57910E-1,-4.79156E-1,-4.69856E-1,-4.57003E-1,-4.51398E-1,-6.26209E-1,-8.01019E-1,-8.79787E-1,-5.25382E-1,-1.70978E-1,1.59318E-2,-1.46079E-1,-3.08089E-1,-3.35264E-1,-2.08670E-1,-8.20756E-2,-2.23714E-1,-5.36805E-1,-8.49897E-1,-5.19147E-1,2.28958E-2,5.64939E-1,-1.21343E+0,-2.93319E-1,4.36920E-1,-1.89660E-1,-3.73065E-1,1.32273E-1,4.21415E-2,-2.50314E-1,2.27115E-1,2.41173E-2,-3.41727E-1,5.05585E-2,-1.16432E+0,9.07074E-2,8.48483E-2,-2.43101E-1,-4.79399E-1,-1.56644E-1,-1.91508E-1,2.39897E-2,-5.44450E-1,-4.81299E-1,-4.76302E-2,-3.57167E-1,2.62680E-1,8.38325E-1,-3.77247E-1,-9.61676E-1,-1.37809E+0,-1.16181E+0,1.75554E-1,-1.41015E+0,-1.08740E+0,2.41874E-1,-5.81506E-1,-1.37768E-1,6.57281E-1,4.66024E-1,1.06682E+0,1.99771E+0,1.80981E+0,9.74442E-1,1.49737E-1,-4.75308E-3,8.80959E-1,1.44146E+0,1.36474E+0,1.69959E+0,1.37435E+0,1.02133E+0,1.43718E+0
8.92178E+2,NaN,NaN,NaN,NaN,NaN,NaN,NaN,NaN,NaN,NaN,NaN,NaN,NaN,NaN,NaN,NaN,NaN,NaN,NaN,NaN,NaN,NaN,NaN,NaN,NaN,NaN,NaN,NaN,NaN,NaN,NaN,NaN,NaN,NaN,NaN,NaN,NaN,NaN,NaN,NaN,NaN,NaN,NaN,NaN,NaN,NaN,NaN,NaN,NaN,NaN,NaN,NaN,NaN,NaN,NaN,NaN,-2.26362E-1,-1.95953E-1,-1.65543E-1,-9.43135E-2,1.21347E-2,1.18583E-1,8.79493E-2,-7.28422E-3,-1.02518E-1,-9.98207E-2,-7.59970E-2,-5.21733E-2,1.19209E-1,2.95879E-1,4.34515E-1,2.59881E-1,8.52465E-2,-5.31711E-2,-8.35852E-2,-1.13999E-1,-6.97381E-2,8.93890E-2,2.48516E-1,3.46329E-1,3.91242E-1,4.36154E-1,3.57371E-1,2.20296E-1,8.32203E-2,-2.68230E-2,2.37576E-2,1.96444E-1,7.84827E-2,-7.84534E-2,-7.54138E-2,-1.30235E-1,-2.14272E-2,2.13790E-2,-8.57466E-2,4.77846E-2,5.24958E-2,3.37154E-1,1.45239E-1,4.36472E-1,2.20373E-1,-2.42500E-1,-5.64252E-2,-3.53748E-2,2.23890E-1,6.00780E-2,-2.47484E-3,-1.44275E-1,-3.05565E-1,-8.60449E-2,8.59002E-3,-2.26562E-4,1.44169E-1,3.07237E-1,7.31141E-1,3.68901E-1,2.91804E-2,3.83218E-1,1.14259E-1,1.90279E-2,-1.50423E-1,-2.14361E-1,-2.14370E-1,-3.44971E-1,-3.56599E-1,-3.40407E-1,-4.59339E-1,-2.58338E-1,-4.91793E-1,9.88777E-3,-2.17921E-1,-2.72571E-1,-2.91082E-1,-5.76643E-1,-3.77441E-1,-4.44912E-1,-3.25458E-1
8.95586E+2,NaN,NaN,NaN,NaN,NaN,NaN,NaN,NaN,NaN,NaN,NaN,NaN,NaN,NaN,NaN,NaN,NaN,NaN,NaN,NaN,NaN,NaN,NaN,NaN,NaN,NaN,NaN,NaN,NaN,NaN,NaN,NaN,NaN,NaN,NaN,NaN,NaN,NaN,NaN,NaN,NaN,NaN,NaN,NaN,NaN,NaN,NaN,NaN,NaN,NaN,NaN,NaN,NaN,NaN,NaN,2.93513E-1,4.36819E-2,-2.06149E-1,-2.38870E-1,-6.68712E-3,2.25496E-1,1.35210E-1,-1.76145E-1,-4.87499E-1,-5.15542E-1,-4.42032E-1,-3.68523E-1,-4.25457E-2,3.18188E-1,6.65230E-1,3.99360E-1,1.33491E-1,-6.06694E-2,1.08834E-1,2.78337E-1,3.25781E-1,9.84255E-2,-1.28930E-1,-1.83220E-1,-2.63464E-2,1.30527E-1,5.92510E-2,-1.68433E-1,-3.96118E-1,-1.72585E-1,1.53309E-1,1.62987E-1,-1.88236E-2,-1.42381E-1,-8.02219E-1,-6.88795E-1,-1.07484E-1,-9.13018E-2,1.11928E-1,2.76997E-1,-3.20186E-2,7.00743E-2,6.39366E-1,2.70361E-1,4.17388E-1,3.06687E-1,-5.98995E-1,3.33226E-1,-4.69712E-1,-9.48576E-2,-2.06807E-1,-7.27429E-1,-3.61936E-1,-7.69224E-1,-1.03275E-1,-4.76577E-1,2.42412E-1,-2.09399E-1,5.48709E-1,7.37683E-1,1.31455E-1,-1.87669E-1,5.11622E-1,1.61314E-1,-2.35735E-1,-3.27037E-1,-1.03879E-1,-4.55728E-1,-2.02996E-1,-3.50020E-1,-5.98469E-1,-9.31798E-1,-7.78492E-1,-7.36510E-1,-7.68684E-1,-6.33157E-1,-3.78587E-1,-3.69417E-1,-9.78428E-1,-8.16829E-1,-9.92079E-1,-7.58810E-1
8.98995E+2,NaN,NaN,NaN,NaN,NaN,NaN,NaN,NaN,NaN,NaN,NaN,NaN,NaN,NaN,NaN,NaN,NaN,NaN,NaN,NaN,NaN,NaN,NaN,NaN,NaN,NaN,NaN,NaN,NaN,NaN,NaN,NaN,NaN,NaN,NaN,NaN,NaN,NaN,NaN,NaN,NaN,NaN,NaN,NaN,NaN,NaN,NaN,NaN,NaN,NaN,NaN,NaN,NaN,NaN,1.02328E-2,3.46002E-2,5.89675E-2,4.95497E-2,-2.23171E-2,-9.41840E-2,-1.11702E-1,-7.35337E-2,-3.53658E-2,-1.49288E-2,-4.60513E-3,5.71853E-3,1.27537E-2,1.88593E-2,2.49650E-2,2.97154E-2,3.43520E-2,3.45034E-2,-2.94847E-2,-9.34729E-2,-1.35191E-1,-9.22234E-2,-4.92556E-2,-1.97665E-2,-1.51915E-2,-1.06165E-2,-1.23108E-2,-2.04284E-2,-2.85461E-2,-8.11966E-2,-2.66593E-2,4.65397E-2,-7.00743E-2,-8.49300E-2,-3.66982E-2,-1.27795E-2,-3.54658E-3,1.57858E-2,-3.08283E-2,-1.18715E-1,-8.55079E-2,2.83110E-2,-1.61140E-3,6.37318E-2,6.98455E-2,-3.18934E-2,-7.05917E-2,4.31703E-2,5.15122E-2,1.22512E-2,2.75115E-2,-4.52768E-2,-4.62437E-2,5.54831E-2,-2.10476E-2,7.76233E-2,1.42130E-2,-8.16750E-2,-7.45436E-3,-5.57602E-2,-8.36724E-2,-7.44493E-2,3.56162E-2,-1.11551E-1,-5.63789E-2,-1.62887E-2,4.42583E-3,6.41707E-3,-6.30376E-3,4.32305E-2,3.90099E-2,5.70736E-2,7.61733E-2,6.84876E-3,-8.86686E-2,1.12189E-2,3.19964E-2,-3.54433E-2,5.75179E-2,9.90039E-2,8.23088E-2,3.28361E-2,1.04403E-1
9.02404E+2,NaN,NaN,NaN,NaN,NaN,NaN,NaN,NaN,NaN,NaN,NaN,NaN,NaN,NaN,NaN,NaN,NaN,NaN,NaN,NaN,NaN,NaN,NaN,NaN,NaN,NaN,NaN,NaN,NaN,NaN,NaN,NaN,NaN,NaN,NaN,NaN,NaN,NaN,NaN,NaN,NaN,NaN,NaN,NaN,NaN,NaN,NaN,NaN,NaN,NaN,NaN,NaN,NaN,-2.58717E-1,-2.47602E-1,-2.36488E-1,-1.77695E-1,3.28770E-2,2.43449E-1,2.65091E-1,-1.90446E-2,-3.03180E-1,-3.60916E-1,-2.13614E-1,-6.63124E-2,9.25028E-3,4.90963E-2,8.89422E-2,2.03376E-1,3.35253E-1,4.67129E-1,2.63529E-1,4.35056E-2,-1.32308E-1,1.07297E-1,3.46902E-1,5.01601E-1,3.86012E-1,2.70424E-1,1.91563E-1,1.72145E-1,1.52726E-1,2.40690E-1,1.14729E-1,1.47496E-2,1.76531E-1,1.16812E-1,-2.97183E-1,-4.27020E-1,-2.12000E-1,-7.56704E-3,1.28689E-1,3.56067E-1,5.73667E-1,2.53781E-1,1.78382E-2,4.52367E-1,6.94187E-1,-4.92788E-2,-6.18979E-2,-3.82617E-2,-6.17385E-2,-3.40549E-2,1.25900E-1,-2.25210E-1,-3.81539E-2,1.81550E-1,-1.51045E-1,4.38766E-2,-5.23887E-1,-3.31952E-1,2.14223E-1,5.72362E-1,6.63115E-1,5.43137E-1,4.09750E-1,9.38286E-2,8.20744E-1,3.87465E-1,3.28193E-2,8.88013E-2,-5.44156E-2,5.91079E-2,1.35017E-2,-2.80521E-1,-8.21904E-1,-4.93232E-1,-7.19929E-1,-4.65816E-1,-1.67686E-1,-4.72083E-1,-5.89028E-1,-4.32587E-1,-6.92276E-1,-4.69448E-1,-6.47739E-1,-8.55432E-1
9.05814E+2,NaN,NaN,NaN,NaN,NaN,NaN,NaN,NaN,NaN,NaN,NaN,NaN,NaN,NaN,NaN,NaN,NaN,NaN,NaN,NaN,NaN,NaN,NaN,NaN,NaN,NaN,NaN,NaN,NaN,NaN,NaN,NaN,NaN,NaN,NaN,NaN,NaN,NaN,NaN,NaN,NaN,NaN,NaN,NaN,NaN,NaN,NaN,NaN,NaN,NaN,NaN,NaN,NaN,-4.83871E-2,-3.75129E-2,-2.69446E-2,-1.87397E-2,-1.05347E-2,-8.18555E-3,-2.27266E-2,-3.72677E-2,-3.70867E-2,-1.48502E-2,7.38633E-3,3.51017E-2,6.74252E-2,9.97488E-2,8.58702E-2,5.08448E-2,1.58195E-2,1.65183E-2,2.45928E-2,3.26674E-2,3.54755E-2,3.81305E-2,3.89091E-2,2.51894E-2,1.14696E-2,1.18798E-2,5.30463E-2,9.42129E-2,1.06742E-1,3.27682E-2,2.90745E-3,8.92706E-2,5.46315E-2,-4.21661E-2,-7.18253E-2,-5.67354E-2,-6.08512E-2,-2.30233E-2,-3.29525E-3,-9.90851E-3,3.45156E-2,3.43293E-2,6.05947E-3,8.52047E-2,7.68796E-2,7.29456E-2,3.75884E-2,6.60287E-2,8.87321E-2,2.87617E-2,4.48070E-2,5.91356E-3,-2.97794E-2,8.46866E-2,-1.53014E-1,8.19059E-3,-4.46811E-3,2.60053E-2,-2.11015E-2,8.65671E-2,1.26025E-1,5.49947E-2,-5.10289E-2,5.38734E-2,1.74340E-1,9.88668E-2,-1.21841E-2,-4.70341E-2,-6.65304E-3,-6.21878E-2,-8.25845E-2,-1.04085E-1,-5.59134E-2,-9.62508E-2,-9.98313E-2,-8.69522E-2,-4.89884E-2,-1.07556E-1,-8.64729E-2,-1.11566E-1,-1.52398E-1,-1.24566E-1,-2.22488E-1,-1.63191E-1
9.09225E+2,NaN,NaN,NaN,NaN,NaN,NaN,NaN,NaN,NaN,NaN,NaN,NaN,NaN,NaN,NaN,NaN,NaN,NaN,NaN,NaN,NaN,NaN,NaN,NaN,NaN,NaN,NaN,NaN,NaN,NaN,NaN,NaN,NaN,NaN,NaN,NaN,NaN,NaN,NaN,NaN,NaN,NaN,NaN,NaN,NaN,NaN,NaN,NaN,NaN,NaN,NaN,NaN,1.20668E-2,2.31373E-2,3.42078E-2,4.55331E-2,5.68641E-2,6.15293E-2,1.76765E-2,-2.61763E-2,-5.25919E-2,-3.03069E-2,-8.02184E-3,-6.36862E-3,-3.48375E-2,-6.33064E-2,-5.66321E-2,-2.11303E-2,1.43715E-2,4.03717E-2,6.21473E-2,8.39229E-2,6.17384E-2,3.08720E-2,5.59313E-6,2.72011E-2,5.57066E-2,8.17445E-2,8.98222E-2,9.78999E-2,8.96013E-2,3.81771E-2,-5.15008E-3,-2.51138E-2,5.21208E-3,1.28760E-2,1.37560E-2,-8.44122E-3,2.52831E-3,2.32710E-2,4.38520E-3,-3.26499E-2,-7.30347E-2,-1.70702E-2,-3.79832E-2,-5.78076E-2,-3.76864E-2,4.52897E-3,-7.74942E-2,7.77626E-2,8.93336E-3,2.07864E-2,4.65384E-2,-3.53512E-2,5.62978E-2,-2.60483E-2,3.90314E-2,-1.30924E-2,3.51005E-2,5.73436E-2,-2.81711E-2,-4.75823E-2,-4.60565E-2,-2.64871E-2,-3.33628E-3,5.74715E-2,6.04119E-3,-3.81575E-2,-1.28412E-2,5.41299E-2,1.54442E-2,-9.00866E-3,-3.07832E-2,-1.79500E-2,-1.13130E-2,8.94454E-2,6.54986E-2,9.65295E-2,9.67187E-2,2.50495E-2,3.54609E-2,1.60192E-2,4.86845E-2,8.36016E-2,9.48220E-2,7.86208E-2,8.21272E-2
9.12636E+2,NaN,NaN,NaN,NaN,NaN,NaN,NaN,NaN,NaN,NaN,NaN,NaN,NaN,NaN,NaN,NaN,NaN,NaN,NaN,NaN,NaN,NaN,NaN,NaN,NaN,NaN,NaN,NaN,NaN,NaN,NaN,NaN,NaN,NaN,NaN,NaN,NaN,NaN,NaN,NaN,NaN,NaN,NaN,NaN,NaN,NaN,NaN,NaN,NaN,NaN,NaN,2.98378E+0,3.11566E+0,3.24753E+0,2.08186E+0,6.49172E-1,-7.83519E-1,-2.58231E-1,3.23064E-1,7.44749E-1,-6.12872E-2,-8.67323E-1,-1.57274E+0,-1.98865E+0,-2.40456E+0,-2.57024E+0,-2.36176E+0,-2.15329E+0,-2.00719E+0,-1.91347E+0,-1.81975E+0,-1.75274E+0,-1.69793E+0,-1.64312E+0,-1.62616E+0,-1.61699E+0,-1.60782E+0,-1.06230E+0,-5.01434E-1,5.04301E-3,-3.47413E-2,-9.42965E-1,-1.28381E+0,-3.55972E+0,-1.71198E+0,3.05405E-2,6.81521E-1,-2.47676E+0,-1.65449E+0,-4.39200E-1,3.47138E-1,-2.25670E+0,6.87321E-1,-4.75120E-2,-1.69499E+0,-3.10506E+0,-6.70561E-1,-1.12608E+0,-2.32127E+0,-1.43015E+0,-6.54975E-1,-3.73107E+0,-3.52597E+0,-1.54171E+0,-1.78978E-1,1.45835E+0,1.01485E+0,2.26629E+0,-1.60934E+0,2.32860E+0,-2.72615E+0,-3.39216E-1,-2.81814E+0,-4.61332E+0,-2.66988E+0,9.49307E-1,-1.29081E+0,-5.28914E+0,-2.49340E+0,-4.86721E-1,9.76051E-1,-2.49495E-1,3.17155E-1,6.22655E-1,5.07897E+0,4.44077E+0,3.32905E+0,3.76673E+0,3.67406E+0,2.04632E+0,3.49982E+0,3.42805E+0,4.42207E+0,7.18582E+0,3.64911E+0,5.25926E+0,6.07680E+0
9.16047E+2,NaN,NaN,NaN,NaN,NaN,NaN,NaN,NaN,NaN,NaN,NaN,NaN,NaN,NaN,NaN,NaN,NaN,NaN,NaN,NaN,NaN,NaN,NaN,NaN,NaN,NaN,NaN,NaN,NaN,NaN,NaN,NaN,NaN,NaN,NaN,NaN,NaN,NaN,NaN,NaN,NaN,NaN,NaN,NaN,NaN,NaN,NaN,NaN,NaN,NaN,1.12476E-1,1.65262E-1,2.18048E-1,1.18232E-1,-5.70848E-2,-2.32401E-1,-8.21707E-2,1.43499E-1,3.69168E-1,2.96745E-1,2.10187E-1,1.20632E-1,3.37056E-3,-1.13891E-1,-2.16454E-1,-2.72588E-1,-3.28722E-1,-3.20648E-1,-2.09265E-1,-9.78832E-2,-9.04848E-2,-1.76733E-1,-2.62982E-1,-2.38697E-1,-1.59727E-1,-8.07571E-2,-3.72476E-2,-1.95551E-3,3.33366E-2,-1.15771E-1,1.21246E-1,-3.63494E-1,-2.63694E-1,-1.77108E-1,-5.59139E-2,1.05954E-1,-1.61162E-1,6.31163E-2,1.15417E-1,1.14688E-1,-4.40267E-1,-1.22277E-1,-5.95947E-2,-4.15594E-1,-4.38051E-1,-4.60796E-1,-3.76404E-1,-2.02893E-1,-8.42537E-2,-2.96872E-1,-5.80196E-2,-3.97843E-1,-1.50945E-2,-8.20939E-2,-2.55519E-2,-2.84196E-1,5.03539E-1,4.95799E-2,5.26379E-1,5.35135E-1,-4.93397E-2,-3.27681E-1,-6.37265E-1,-6.98885E-1,5.12001E-2,-9.03612E-3,-1.99472E-1,-6.53469E-1,7.61038E-2,2.98491E-1,5.27218E-2,1.09083E-1,3.19771E-1,-1.64962E-1,3.09921E-1,6.51941E-1,5.47458E-1,5.14093E-1,3.53869E-1,3.02769E-1,7.46133E-1,6.24768E-1,3.48116E-1,1.02800E+0,1.08348E+0,1.02711E+0,7.21076E-1
9.19460E+2,NaN,NaN,NaN,NaN,NaN,NaN,NaN,NaN,NaN,NaN,NaN,NaN,NaN,NaN,NaN,NaN,NaN,NaN,NaN,NaN,NaN,NaN,NaN,NaN,NaN,NaN,NaN,NaN,NaN,NaN,NaN,NaN,NaN,NaN,NaN,NaN,NaN,NaN,NaN,NaN,NaN,NaN,NaN,NaN,NaN,NaN,NaN,NaN,NaN,2.03415E-3,1.52914E-2,2.85487E-2,3.67748E-2,3.99127E-2,4.30507E-2,1.08771E-2,-4.11555E-2,-9.31881E-2,-6.93744E-2,-2.45283E-2,2.03177E-2,2.24918E-2,2.12438E-2,1.92154E-2,6.59546E-3,-6.02451E-3,-2.05366E-2,-4.21039E-2,-6.36712E-2,-7.96260E-2,-8.53537E-2,-9.10814E-2,-9.01850E-2,-8.25896E-2,-7.49941E-2,-4.86655E-2,-1.18016E-2,2.50623E-2,5.66676E-3,-2.44953E-2,1.81173E-2,-4.61497E-2,6.93605E-2,1.39398E-2,-7.73294E-2,-3.01526E-2,-1.99447E-2,1.16135E-2,1.21979E-2,-4.59231E-3,-7.49193E-2,-8.84075E-2,-3.38630E-2,-8.73653E-2,-3.45940E-2,-7.11734E-4,-1.08284E-1,-3.75705E-2,-1.03633E-2,-5.92997E-2,3.07026E-2,-5.74316E-2,-1.29325E-1,-1.62691E-2,-3.12619E-2,2.17565E-2,-5.41540E-3,-2.63165E-2,2.51119E-2,3.70067E-2,4.58448E-2,-6.67850E-2,6.64439E-3,2.03286E-2,-1.87786E-2,-1.63196E-3,-4.19514E-2,1.40216E-2,-2.81801E-2,-4.76560E-2,-6.49149E-2,-1.07427E-1,-4.56969E-2,4.73994E-2,3.30645E-2,-1.67428E-4,2.72671E-2,3.00798E-2,-6.60309E-3,-1.71100E-3,1.30311E-2,5.74537E-2,9.66231E-3,1.42689E-2,-3.13560E-2,1.61108E-2,2.57647E-2
9.22873E+2,NaN,NaN,NaN,NaN,NaN,NaN,NaN,NaN,NaN,NaN,NaN,NaN,NaN,NaN,NaN,NaN,NaN,NaN,NaN,NaN,NaN,NaN,NaN,NaN,NaN,NaN,NaN,NaN,NaN,NaN,NaN,NaN,NaN,NaN,NaN,NaN,NaN,NaN,NaN,NaN,NaN,NaN,NaN,NaN,NaN,NaN,NaN,NaN,-8.20215E-2,-4.27144E-2,-3.40724E-3,2.75937E-2,4.04552E-2,5.33167E-2,5.45024E-2,4.18118E-2,2.91213E-2,3.07756E-2,4.20012E-2,5.32268E-2,4.97019E-2,4.10656E-2,3.24293E-2,-1.13739E-2,-5.97239E-2,-1.06086E-1,-8.43790E-2,-6.26715E-2,-5.19823E-2,-9.46239E-2,-1.37266E-1,-1.50118E-1,-9.79155E-2,-4.57129E-2,-2.08374E-2,-2.84396E-2,-3.60418E-2,-6.26292E-2,-5.07470E-2,-9.63088E-3,-3.78792E-2,-1.89311E-2,5.72506E-3,-5.98859E-2,-1.14062E-1,-1.28282E-1,-7.18231E-2,2.34762E-2,-1.30492E-2,3.88860E-2,7.09747E-3,-5.97840E-2,-5.87074E-2,-7.85555E-2,3.10302E-3,-1.05497E-2,1.91943E-2,5.03405E-2,-6.76056E-2,-3.40635E-2,-6.46437E-2,-1.67588E-1,-6.56950E-2,-8.11295E-2,-9.54752E-5,-4.11762E-2,-2.89858E-2,-9.03609E-2,4.08036E-3,-1.14058E-1,-1.38662E-2,-6.80562E-2,-9.67508E-2,-9.17137E-2,-9.59918E-3,-2.21429E-2,3.67246E-2,-8.49182E-2,-7.24709E-2,-3.54847E-2,2.29461E-2,-2.97693E-2,6.76269E-2,-2.12652E-2,-3.98498E-2,-3.73330E-2,-1.59595E-2,-3.57805E-2,-1.68980E-2,-1.01303E-2,2.03977E-2,2.31823E-2,1.66600E-2,-1.35785E-2,-9.76883E-2,8.61764E-2,9.77880E-2
9.26286E+2,NaN,NaN,NaN,NaN,NaN,NaN,NaN,NaN,NaN,NaN,NaN,NaN,NaN,NaN,NaN,NaN,NaN,NaN,NaN,NaN,NaN,NaN,NaN,NaN,NaN,NaN,NaN,NaN,NaN,NaN,NaN,NaN,NaN,NaN,NaN,NaN,NaN,NaN,NaN,NaN,NaN,NaN,NaN,NaN,NaN,NaN,NaN,NaN,2.52519E+0,4.81625E-1,-1.36220E+0,-1.74003E+0,-2.11786E+0,-2.09695E+0,-9.57325E-1,1.82299E-1,6.70618E-1,2.04570E-1,-2.61478E-1,-6.13213E-1,-8.70844E-1,-1.12848E+0,-9.12873E-1,-4.85991E-1,-5.91077E-2,-4.28969E-1,-9.57187E-1,-1.48540E+0,-2.29268E+0,-3.10650E+0,-3.67031E+0,-2.39914E+0,-1.12798E+0,-1.18507E-1,1.56783E-1,4.32073E-1,2.37523E-1,-1.04252E-1,-1.59125E-1,-2.39176E+0,-3.18138E+0,-1.74022E-1,7.56581E-2,4.21976E-2,1.09975E+0,9.70619E-1,-6.20954E-3,-2.20326E+0,-5.11125E+0,-2.28321E+0,-1.37852E+0,-4.27771E+0,-4.20631E+0,-3.63604E+0,-4.23596E+0,-4.43919E+0,6.01966E-1,-2.33597E+0,-3.06325E+0,2.74432E+0,-4.77688E+0,-2.52207E-1,6.29794E-1,-6.96436E-1,1.45535E+0,-3.88191E-1,3.38287E+0,2.74177E+0,5.08739E+0,-8.34108E-1,2.60877E+0,-1.20425E+0,-2.69022E+0,6.97099E-1,2.13799E+0,1.45806E+0,-8.03304E-1,-7.02129E+0,-2.76689E+0,-5.00453E-1,-4.34851E-1,-1.38508E+0,-1.84367E-1,-5.65669E-1,4.69730E+0,6.65850E+0,7.34250E+0,5.93170E+0,2.47496E+0,7.83667E-1,1.64130E+0,3.21929E+0,4.09926E+0,6.12328E+0,6.50433E+0,7.02733E+0,4.82947E+0
9.29700E+2,NaN,NaN,NaN,NaN,NaN,NaN,NaN,NaN,NaN,NaN,NaN,NaN,NaN,NaN,NaN,NaN,NaN,NaN,NaN,NaN,NaN,NaN,NaN,NaN,NaN,NaN,NaN,NaN,NaN,NaN,NaN,NaN,NaN,NaN,NaN,NaN,NaN,NaN,NaN,NaN,NaN,NaN,NaN,NaN,NaN,NaN,NaN,-1.18901E+0,-1.51480E+0,-1.84060E+0,-1.14835E+0,-3.61390E-1,3.51532E-1,-1.43717E-1,-6.38966E-1,-1.13456E+0,-1.63153E+0,-2.12851E+0,-1.53853E+0,1.12922E+0,3.79698E+0,4.41514E+0,2.86835E+0,1.32157E+0,7.60903E-1,7.81448E-1,8.01994E-1,8.50489E-1,9.07238E-1,9.63986E-1,1.57194E+0,2.23118E+0,2.80977E+0,2.07241E+0,1.33506E+0,1.23257E+0,2.29489E+0,-9.97921E-1,1.08648E+0,5.58170E+0,2.19895E+0,-2.84715E+0,-1.03468E+0,3.99355E+0,3.20866E-1,-8.85990E-2,8.52021E-1,2.65390E+0,3.23934E+0,3.48937E+0,1.11581E+0,1.43391E+0,1.61071E+0,3.96683E+0,4.84922E+0,1.12115E+0,4.38010E+0,2.36981E+0,6.71631E+0,-1.75867E+0,7.51255E-1,1.21349E+0,1.48778E+0,6.85967E-1,-3.57431E+0,-9.31653E-2,-1.84636E+0,-2.12452E-1,-2.94585E+0,3.52051E+0,3.35862E-1,2.26318E+0,3.71538E+0,-7.52673E-1,6.45127E-2,-9.72373E-1,2.56304E+0,3.32027E+0,9.26471E-1,-2.89820E-1,1.23128E-1,4.56193E-2,5.48275E-1,-1.63922E-1,-2.04777E+0,-6.23011E+0,-4.82478E+0,-6.15958E+0,-3.29950E+0,-3.10899E+0,-6.25412E+0,-6.02811E+0,-3.74626E+0,-8.87426E+0,-5.54047E+0,-6.63532E+0,-6.50619E+0
9.33114E+2,NaN,NaN,NaN,NaN,NaN,NaN,NaN,NaN,NaN,NaN,NaN,NaN,NaN,NaN,NaN,NaN,NaN,NaN,NaN,NaN,NaN,NaN,NaN,NaN,NaN,NaN,NaN,NaN,NaN,NaN,NaN,NaN,NaN,NaN,NaN,NaN,NaN,NaN,NaN,NaN,NaN,NaN,NaN,NaN,NaN,NaN,6.57310E-3,9.21093E-2,1.77645E-1,1.12184E-1,-1.82369E-2,-1.48658E-1,-1.74912E-1,-1.81628E-1,-1.88345E-1,-1.50256E-1,-1.11481E-1,-7.23500E-2,-3.07919E-2,1.07661E-2,5.91545E-2,1.25951E-1,1.92748E-1,2.39804E-1,2.58860E-1,2.77916E-1,2.53040E-1,1.93132E-1,1.33223E-1,1.10843E-1,1.04610E-1,9.83759E-2,-8.50493E-4,-1.17519E-1,-2.34187E-1,-1.74874E-1,-7.04001E-2,-1.23509E-2,-1.17446E-2,2.36857E-1,-2.64126E-2,-2.08637E-1,7.87408E-2,-1.97036E-1,-9.96320E-2,-1.84590E-1,1.65402E-1,2.97813E-1,2.15636E-2,-2.35076E-2,2.31919E-1,3.03438E-1,3.11666E-1,3.23091E-1,2.94454E-1,9.02707E-2,2.71099E-1,2.79970E-1,1.63078E-1,3.31639E-2,4.43605E-2,4.89924E-3,-1.31861E-1,-1.09988E-1,2.31823E-1,-4.81893E-2,-1.16297E-2,-1.44956E-1,-2.34653E-2,1.38720E-1,3.15774E-1,1.38689E-1,1.07093E-1,1.84251E-1,3.10918E-1,-1.00785E-1,3.30209E-1,5.79058E-1,7.26029E-2,2.09630E-1,1.27143E-1,1.99059E-1,9.98900E-2,-2.53238E-1,-3.15764E-1,-2.06430E-1,-1.65260E-1,-1.43762E-1,-2.14120E-1,1.95390E-2,-4.40580E-1,1.19900E-1,-2.10153E-1,-3.27007E-1,-4.84040E-1,-2.32342E-1,-3.13545E-1
9.36530E+2,NaN,NaN,NaN,NaN,NaN,NaN,NaN,NaN,NaN,NaN,NaN,NaN,NaN,NaN,NaN,NaN,NaN,NaN,NaN,NaN,NaN,NaN,NaN,NaN,NaN,NaN,NaN,NaN,NaN,NaN,NaN,NaN,NaN,NaN,NaN,NaN,NaN,NaN,NaN,NaN,NaN,NaN,NaN,NaN,NaN,8.68169E-1,7.52861E-1,6.37552E-1,3.28328E-1,-1.96897E-1,-7.22123E-1,-6.94212E-1,-3.21374E-1,5.14652E-2,7.72145E-2,-7.37942E-3,-9.19733E-2,-3.70518E-1,-6.70223E-1,-9.36148E-1,-4.76636E-1,-1.71240E-2,4.10957E-1,7.02700E-1,9.94443E-1,1.07133E+0,7.12389E-1,3.53450E-1,7.19333E-2,-1.23346E-1,-3.18624E-1,-3.93153E-1,-3.92384E-1,-3.91615E-1,-1.09545E+0,-4.38952E-2,-5.00038E-1,2.34411E-1,5.49252E-1,5.15169E-1,4.87382E-1,5.40367E-1,3.23587E-1,1.07817E-1,-3.60958E-2,-8.61167E-1,-1.43022E+0,-1.08202E+0,2.71022E-1,-1.89768E+0,-1.10850E+0,-6.43106E-1,-8.42133E-1,-1.80857E-1,-9.34003E-1,-3.41399E-1,-1.02303E+0,3.40891E-2,-1.25372E-1,8.39399E-1,-7.05072E-1,-6.29519E-1,-5.04681E-1,-3.87540E-1,-2.84832E-1,-2.12089E-1,-3.15709E-1,1.84930E+0,1.22752E+0,-1.34619E+0,-2.90831E-1,-8.30347E-1,-1.09706E+0,-2.55289E-1,9.20464E-2,2.28711E-1,-5.98583E-1,-1.09757E+0,-7.41825E-1,8.06441E-1,3.83137E-1,7.45040E-1,-1.14868E-1,-2.26893E-1,1.48620E+0,1.25283E+0,1.14005E+0,2.09060E+0,1.51702E+0,1.24863E+0,2.03783E+0,2.15550E+0,1.90434E+0,2.23957E+0,2.85694E+0,3.83355E+0,2.02065E+0
9.39945E+2,NaN,NaN,NaN,NaN,NaN,NaN,NaN,NaN,NaN,NaN,NaN,NaN,NaN,NaN,NaN,NaN,NaN,NaN,NaN,NaN,NaN,NaN,NaN,NaN,NaN,NaN,NaN,NaN,NaN,NaN,NaN,NaN,NaN,NaN,NaN,NaN,NaN,NaN,NaN,NaN,NaN,NaN,NaN,NaN,-6.79326E-2,-5.47642E-2,-4.15957E-2,-2.68198E-2,-6.85891E-3,1.31020E-2,1.01625E-2,-3.02177E-2,-7.05979E-2,-7.25077E-2,-3.92424E-2,-5.97711E-3,2.54063E-2,5.58426E-2,8.62789E-2,8.52500E-2,7.67483E-2,6.82467E-2,6.44312E-2,6.08573E-2,5.01790E-2,-2.91341E-2,-1.08447E-1,-1.60841E-1,-1.26408E-1,-9.19741E-2,-5.90649E-2,-2.86479E-2,1.76920E-3,-3.54782E-3,8.57618E-4,3.95598E-2,4.03648E-2,2.83651E-2,-4.68207E-2,-3.95896E-2,1.99696E-2,1.55923E-2,6.33752E-3,-4.53739E-2,-5.50835E-3,3.29644E-2,1.57302E-2,-3.36214E-2,2.82145E-2,8.48385E-2,2.10403E-2,4.94408E-2,8.14454E-2,7.75695E-2,4.35321E-2,6.50885E-2,-6.67304E-2,-5.00042E-2,-3.65028E-2,-5.63718E-2,-1.44669E-2,5.88695E-2,-4.98184E-2,4.84387E-2,-3.96522E-2,3.95999E-2,-1.97503E-2,-2.08355E-1,-4.63340E-2,2.96956E-2,4.31591E-2,4.16133E-2,3.75211E-2,1.52737E-2,5.64795E-2,1.76227E-2,-5.17090E-2,2.09076E-1,1.41105E-1,-2.52625E-2,-9.23097E-2,-1.72919E-1,-2.60844E-2,8.68835E-2,-1.36890E-1,-1.99356E-1,-1.69878E-1,-2.09725E-1,-1.20063E-1,-1.17258E-1,-1.56681E-1,-6.60129E-2,-1.07025E-1,-2.16929E-1,-1.49428E-1,-3.19312E-1,-2.20431E-1
9.43362E+2,NaN,NaN,NaN,NaN,NaN,NaN,NaN,NaN,NaN,NaN,NaN,NaN,NaN,NaN,NaN,NaN,NaN,NaN,NaN,NaN,NaN,NaN,NaN,NaN,NaN,NaN,NaN,NaN,NaN,NaN,NaN,NaN,NaN,NaN,NaN,NaN,NaN,NaN,NaN,NaN,NaN,NaN,NaN,NaN,-1.02238E-1,-4.65554E-2,9.12754E-3,1.25656E-2,1.54856E-2,5.69669E-3,-8.69121E-2,-1.79521E-1,-2.09277E-1,-7.40738E-2,6.11299E-2,1.42310E-1,1.48501E-1,1.54693E-1,1.40459E-1,1.10281E-1,8.01019E-2,9.71958E-2,1.34121E-1,1.71047E-1,1.68965E-1,1.59854E-1,1.50744E-1,2.32695E-1,3.15550E-1,3.70721E-1,2.45494E-1,1.20266E-1,2.75053E-2,1.04787E-2,6.09381E-2,3.36826E-1,3.55313E-1,-4.70225E-2,-9.20207E-2,-4.45792E-2,1.91186E-1,2.15289E-1,1.94980E-1,1.20579E-1,2.31333E-1,8.29414E-2,1.97433E-1,4.07353E-1,2.13382E-1,2.34824E-1,2.60323E-1,2.30940E-1,1.52057E-1,3.17585E-1,2.37401E-1,1.86121E-1,3.43586E-1,2.30779E-1,1.71270E-1,1.04047E-1,-2.92449E-2,2.47757E-1,-3.48530E-2,-1.77189E-2,1.75683E-1,-1.45344E-1,2.21364E-1,1.44964E-5,3.19251E-1,4.85547E-2,3.54311E-1,4.87744E-1,2.69181E-1,2.56979E-1,1.80536E-1,-4.48305E-2,2.82240E-1,2.99653E-1,2.63226E-1,4.93015E-2,4.12560E-1,9.14629E-2,2.97268E-3,-1.82686E-1,-1.73683E-1,-3.67917E-1,-1.09777E-1,-1.27084E-1,-7.22099E-3,-4.09329E-2,-1.65583E-1,-3.30543E-2,-1.06816E-1,-3.88560E-1,-1.10401E-1,-1.44551E-1,-8.54005E-2
9.46779E+2,NaN,NaN,NaN,NaN,NaN,NaN,NaN,NaN,NaN,NaN,NaN,NaN,NaN,NaN,NaN,NaN,NaN,NaN,NaN,NaN,NaN,NaN,NaN,NaN,NaN,NaN,NaN,NaN,NaN,NaN,NaN,NaN,NaN,NaN,NaN,NaN,NaN,NaN,NaN,NaN,NaN,NaN,NaN,-1.25853E-1,-4.91626E-2,2.75273E-2,5.80099E-2,7.17310E-2,8.54520E-2,6.34861E-2,3.64998E-2,9.41284E-3,-2.27232E-2,-5.48592E-2,-6.69973E-2,2.40196E-2,1.15037E-1,1.51700E-1,6.46482E-2,-2.24036E-2,-6.53920E-2,-5.41091E-2,-4.28263E-2,-2.29061E-2,2.99282E-3,2.88917E-2,4.89234E-2,6.68269E-2,8.47303E-2,5.80858E-2,2.51742E-2,-2.91760E-3,2.03620E-1,4.29591E-2,1.22095E-1,8.23258E-2,-4.73609E-3,-1.05104E-1,-1.63579E-1,1.69622E-1,-3.03116E-2,-2.95132E-2,4.42831E-2,6.97937E-2,6.23547E-2,8.48171E-2,-2.36331E-2,1.43719E-1,1.36336E-1,-9.52598E-2,1.16163E-1,5.82356E-2,8.98549E-2,1.26151E-1,1.44487E-1,-2.91584E-2,1.41347E-1,1.06379E-1,-1.20381E-2,4.20554E-2,-5.15430E-2,5.50254E-2,-6.89755E-2,-1.56958E-1,-6.72332E-2,-8.81811E-2,1.44925E-1,-2.20195E-2,4.64561E-2,-3.81669E-2,1.91299E-1,1.53818E-1,8.04462E-2,9.47214E-2,1.18434E-2,-7.03554E-2,1.73483E-1,1.21610E-1,2.21307E-1,4.67969E-2,-2.31549E-2,-1.60448E-2,-6.52443E-3,-9.83614E-2,-2.00975E-1,-1.44640E-1,-1.63542E-1,-1.54165E-1,-6.75915E-2,-6.96691E-2,-6.64212E-2,-1.49282E-1,-9.62896E-2,-2.86440E-1,-2.08824E-1,-2.54379E-1,-1.84985E-1
9.50196E+2,NaN,NaN,NaN,NaN,NaN,NaN,NaN,NaN,NaN,NaN,NaN,NaN,NaN,NaN,NaN,NaN,NaN,NaN,NaN,NaN,NaN,NaN,NaN,NaN,NaN,NaN,NaN,NaN,NaN,NaN,NaN,NaN,NaN,NaN,NaN,NaN,NaN,NaN,NaN,NaN,NaN,NaN,-6.94980E-3,-5.48304E-2,-1.02711E-1,-9.43268E-2,-2.19141E-2,5.04986E-2,1.36594E-2,-9.28572E-2,-1.99374E-1,-1.49433E-1,-4.82928E-2,5.28472E-2,1.04499E-1,1.50426E-1,1.92006E-1,1.26936E-1,6.18667E-2,-7.39245E-4,-5.22726E-2,-1.03806E-1,-1.44642E-1,-1.63248E-1,-1.81854E-1,-1.57062E-1,-8.28848E-2,-8.70753E-3,7.42580E-3,-1.34594E-2,-3.43446E-2,8.76452E-2,2.33328E-2,1.44134E-1,1.90035E-1,-1.54294E-1,-3.41278E-1,-1.87282E-1,-9.05594E-3,1.14192E-2,-4.38055E-2,3.46088E-2,7.33093E-2,3.13778E-2,-4.42493E-2,-2.48373E-3,1.44229E-1,8.22817E-2,9.69792E-2,-6.30290E-3,1.01131E-1,9.05097E-2,1.14765E-1,6.62562E-2,1.28779E-1,-1.33272E-2,6.55172E-2,2.17335E-1,6.04688E-4,1.64584E-1,-2.44955E-1,-1.02305E-1,-5.92561E-2,-7.59629E-2,-1.43149E-1,-1.20479E-1,-6.47430E-2,-1.29065E-1,3.38161E-2,1.11599E-2,2.33250E-3,7.82451E-2,-6.96234E-2,-8.78341E-2,-1.29029E-1,-1.71044E-1,-1.53429E-2,1.99806E-1,-2.35889E-2,-9.57697E-2,1.70435E-1,1.95479E-1,-1.53919E-1,-1.49472E-1,-1.91664E-1,-2.44345E-1,-4.25380E-1,-1.42602E-1,-1.18011E-1,-2.76038E-1,-2.86837E-1,3.92911E-2,-1.98081E-1,-3.28112E-1,-2.63634E-1,-5.09468E-1,-2.24469E-1
9.53614E+2,NaN,NaN,NaN,NaN,NaN,NaN,NaN,NaN,NaN,NaN,NaN,NaN,NaN,NaN,NaN,NaN,NaN,NaN,NaN,NaN,NaN,NaN,NaN,NaN,NaN,NaN,NaN,NaN,NaN,NaN,NaN,NaN,NaN,NaN,NaN,NaN,NaN,NaN,NaN,NaN,NaN,6.40429E-3,3.36623E-2,6.09203E-2,7.67824E-2,4.47224E-2,1.26623E-2,-1.35684E-2,-2.82262E-2,-4.28839E-2,-5.51215E-2,-6.47143E-2,-7.43072E-2,-5.78059E-2,-2.53581E-2,7.08968E-3,2.00040E-2,2.68690E-2,3.37341E-2,2.55391E-2,1.57889E-2,7.90392E-3,3.60219E-2,6.41399E-2,8.55371E-2,7.86714E-2,7.18058E-2,6.63371E-2,6.36418E-2,6.09466E-2,-2.95651E-2,-2.24187E-3,5.99908E-2,-4.27903E-2,-5.81687E-2,5.57267E-2,1.42855E-1,1.20163E-1,9.73698E-2,3.65434E-2,-1.76612E-2,-6.52050E-2,-1.20967E-1,-1.04503E-1,-1.03927E-1,-6.77875E-2,-6.89698E-2,-6.99874E-2,-6.33280E-2,-1.33148E-1,-1.02408E-1,-5.53785E-2,-1.54801E-2,-2.24348E-2,2.37944E-2,6.12148E-2,5.39825E-2,2.64123E-2,1.39233E-1,-5.21127E-2,4.79525E-2,7.79047E-3,-1.39755E-2,9.80698E-3,1.10267E-1,3.68429E-3,1.08166E-1,9.84425E-2,-9.18711E-2,-1.13531E-1,-2.18043E-1,-1.49834E-1,2.72311E-2,1.32279E-1,-8.90380E-3,3.84187E-2,-4.29067E-2,-1.16187E-1,-7.59595E-2,1.64614E-1,1.09418E-1,5.71598E-2,-1.07908E-1,-1.28068E-2,4.59232E-2,2.78095E-1,8.96521E-2,1.72129E-1,1.64408E-1,8.19850E-2,1.63471E-1,1.04750E-1,1.34723E-1,3.32302E-1,2.09402E-1,1.55109E-1,2.22185E-1
9.57033E+2,NaN,NaN,NaN,NaN,NaN,NaN,NaN,NaN,NaN,NaN,NaN,NaN,NaN,NaN,NaN,NaN,NaN,NaN,NaN,NaN,NaN,NaN,NaN,NaN,NaN,NaN,NaN,NaN,NaN,NaN,NaN,NaN,NaN,NaN,NaN,NaN,NaN,NaN,NaN,NaN,NaN,-8.02998E-2,-5.53497E-2,-3.03996E-2,7.74547E-3,4.72413E-2,8.03199E-2,-8.54889E-3,-9.74176E-2,-1.55543E-1,-8.49971E-2,-1.44509E-2,4.46025E-2,8.09142E-2,1.17226E-1,1.20600E-1,8.80867E-2,5.55730E-2,1.42911E-2,-3.23325E-2,-7.89561E-2,-1.05957E-1,-1.26905E-1,-1.47853E-1,-7.02315E-2,1.74807E-2,1.00044E-1,8.47571E-2,6.94705E-2,4.42863E-2,-2.15846E-2,-5.17758E-2,4.36974E-2,7.69409E-2,-7.12763E-3,-1.80183E-1,2.49229E-2,4.52032E-2,-7.62821E-2,-2.39938E-2,1.02683E-1,1.23906E-1,-4.41407E-2,-9.24868E-4,5.37381E-2,1.47185E-1,1.08501E-1,8.31351E-2,5.13543E-2,7.46956E-2,1.42025E-1,1.61984E-1,-2.71481E-2,5.02844E-2,2.55135E-2,-5.70518E-2,9.81915E-2,2.60964E-2,-8.54200E-2,6.30871E-2,1.00338E-2,7.51209E-2,4.80698E-2,4.91234E-2,-1.37378E-1,5.99116E-3,-9.65949E-2,-1.01961E-1,4.26099E-2,9.31609E-2,1.13206E-1,1.59288E-1,4.01522E-2,7.18695E-2,1.01667E-2,3.76204E-3,1.12103E-1,1.69905E-1,3.30479E-2,-4.03371E-2,8.57331E-2,-1.65248E-1,-7.79567E-2,6.90328E-2,-1.78559E-1,-8.59080E-2,-1.80013E-1,-1.01873E-1,-9.53915E-2,-9.63045E-2,-6.54833E-2,-1.68772E-1,-1.22637E-1,-2.25841E-1,-1.33245E-1,-3.99323E-1,-1.79481E-1
9.60452E+2,NaN,NaN,NaN,NaN,NaN,NaN,NaN,NaN,NaN,NaN,NaN,NaN,NaN,NaN,NaN,NaN,NaN,NaN,NaN,NaN,NaN,NaN,NaN,NaN,NaN,NaN,NaN,NaN,NaN,NaN,NaN,NaN,NaN,NaN,NaN,NaN,NaN,NaN,NaN,NaN,-1.68240E-1,-1.39489E-1,-1.10738E-1,-1.10253E-1,-1.27616E-1,-1.44978E-1,-1.88307E-1,-2.40025E-1,-2.91743E-1,-1.54216E-1,4.64805E-3,1.61185E-1,2.64017E-1,3.66849E-1,4.29373E-1,3.13597E-1,1.97821E-1,1.10363E-1,8.11227E-2,5.18822E-2,8.85187E-2,1.99412E-1,3.10304E-1,2.93047E-1,1.94871E-1,9.66954E-2,5.50272E-2,3.16149E-2,8.20258E-3,-2.72493E-2,-2.66528E-2,2.29871E-1,4.71011E-1,2.77752E-1,-9.84900E-2,-2.89462E-1,-1.40261E-1,3.96330E-1,1.38596E-1,-2.77475E-1,2.26909E-1,2.24408E-1,1.56595E-1,-5.83437E-2,4.34298E-1,2.10154E-1,2.68442E-1,1.22385E-1,2.49690E-1,1.80288E-2,-5.21970E-2,2.07872E-1,-5.30502E-3,4.51549E-1,4.26223E-2,2.65310E-1,2.01616E-1,1.30835E-1,1.99935E-1,-3.75604E-1,2.84024E-1,-1.51286E-1,1.02410E-1,1.37451E-1,-1.54388E-1,-1.26226E-1,-1.58235E-1,-1.88327E-1,6.19229E-2,2.79470E-1,2.96654E-1,2.46568E-1,-4.50421E-2,-1.34555E-1,-1.54604E-1,-1.48801E-1,4.77148E-1,4.49592E-1,2.37165E-2,-3.68643E-1,-1.18420E-1,-2.56956E-1,9.35173E-2,-1.41525E-1,-6.57152E-1,-4.03456E-1,-4.97558E-1,-4.75149E-1,-4.68272E-1,-1.77132E-1,-7.95319E-1,-2.58319E-1,-5.12952E-1,-6.87602E-1,-4.76597E-1,-7.68518E-1,-3.70204E-1
9.63872E+2,NaN,NaN,NaN,NaN,NaN,NaN,NaN,NaN,NaN,NaN,NaN,NaN,NaN,NaN,NaN,NaN,NaN,NaN,NaN,NaN,NaN,NaN,NaN,NaN,NaN,NaN,NaN,NaN,NaN,NaN,NaN,NaN,NaN,NaN,NaN,NaN,NaN,NaN,NaN,2.98972E-2,3.24979E-2,3.50986E-2,3.04910E-2,9.82065E-3,-1.08497E-2,-1.59436E-2,-2.19921E-3,1.15452E-2,3.19800E-2,5.69600E-2,8.19400E-2,3.17566E-2,-4.50660E-2,-1.21889E-1,-9.63945E-2,-5.71039E-2,-1.90281E-2,-3.02764E-2,-4.15247E-2,-5.00389E-2,-4.49047E-2,-3.97706E-2,-3.35141E-2,-2.47567E-2,-1.59993E-2,-2.64705E-2,-6.01970E-2,-9.39235E-2,-9.34407E-2,1.21656E-2,-2.02028E-2,-3.99309E-2,6.36671E-2,1.12261E-1,-7.26963E-3,-2.24593E-2,-9.58633E-3,3.64149E-3,2.96076E-2,4.19202E-2,3.73178E-2,2.04478E-2,-5.91924E-2,-2.62031E-2,9.63006E-3,-2.46209E-2,-7.16038E-2,-8.74028E-2,5.26735E-3,-2.07260E-5,-3.89997E-2,5.62532E-3,1.52752E-2,6.07457E-2,1.88737E-2,-5.84431E-2,-7.03709E-3,-8.98087E-2,-9.76816E-2,-2.02564E-1,-1.70478E-1,3.25775E-2,6.17421E-2,-5.03874E-2,3.59291E-2,-3.18854E-2,3.69517E-2,7.63619E-3,6.75805E-2,-3.44434E-2,-2.54534E-2,1.29182E-2,3.57953E-2,8.60567E-2,2.81547E-2,6.49034E-2,-1.99145E-1,-3.06270E-2,-6.36016E-2,-3.07967E-4,-7.98738E-2,-3.35566E-2,-4.77798E-2,6.68141E-2,4.68208E-2,1.47829E-1,3.83587E-2,2.64740E-2,1.51123E-1,7.50068E-2,9.35573E-2,1.29231E-1,1.35208E-1,2.11996E-1,2.44202E-1,1.33547E-1,2.18864E-2
9.67293E+2,NaN,NaN,NaN,NaN,NaN,NaN,NaN,NaN,NaN,NaN,NaN,NaN,NaN,NaN,NaN,NaN,NaN,NaN,NaN,NaN,NaN,NaN,NaN,NaN,NaN,NaN,NaN,NaN,NaN,NaN,NaN,NaN,NaN,NaN,NaN,NaN,NaN,NaN,NaN,-3.89656E-2,2.32855E-2,8.55365E-2,7.89676E-2,7.22381E-2,5.78565E-2,-3.32436E-3,-6.45052E-2,-1.01007E-1,-7.51005E-2,-4.91942E-2,-9.60385E-3,4.84061E-2,1.06416E-1,9.55385E-2,3.25024E-2,-3.05338E-2,-3.14737E-2,-7.29094E-3,1.68919E-2,5.20564E-2,8.90860E-2,1.26116E-1,1.29789E-1,1.33384E-1,1.29295E-1,7.82083E-2,2.71219E-2,4.30980E-2,1.11838E-1,-6.83076E-2,-1.67477E-2,1.56540E-1,-4.06955E-2,-1.15805E-1,-1.24317E-1,-2.29134E-2,-1.21561E-1,-7.68622E-2,-4.99462E-2,-2.30567E-3,5.08751E-2,4.08311E-2,4.51349E-2,1.79223E-1,1.84502E-1,8.96167E-2,1.41559E-1,1.08572E-1,1.16830E-1,1.46358E-1,7.00579E-2,3.23578E-2,1.90159E-1,1.02020E-1,1.14687E-1,1.75552E-1,6.72489E-2,-8.46263E-2,-2.05992E-2,-1.09143E-1,-5.12697E-2,7.17179E-2,-1.34355E-1,4.29310E-3,-1.03867E-1,-6.08283E-2,-1.07254E-1,1.56406E-1,8.00207E-3,4.08037E-2,1.90571E-1,7.49443E-2,4.48818E-2,-4.94938E-2,2.32834E-2,7.17076E-2,2.31595E-1,2.60260E-1,-4.51220E-2,7.31710E-3,2.43329E-2,-1.17597E-1,-8.52883E-2,-1.85846E-2,-1.26255E-1,-2.53680E-1,-2.60857E-1,-1.66320E-1,-1.18689E-1,-1.45207E-1,-8.15797E-2,-1.46927E-1,-1.87142E-1,-2.50773E-1,-2.51018E-1,-3.48997E-1,-1.79608E-1
9.70714E+2,NaN,NaN,NaN,NaN,NaN,NaN,NaN,NaN,NaN,NaN,NaN,NaN,NaN,NaN,NaN,NaN,NaN,NaN,NaN,NaN,NaN,NaN,NaN,NaN,NaN,NaN,NaN,NaN,NaN,NaN,NaN,NaN,NaN,NaN,NaN,NaN,NaN,NaN,-2.51200E-2,-3.83342E-2,-5.15483E-2,-4.38802E-2,-2.62434E-2,-8.60662E-3,2.22847E-2,5.60908E-2,8.98968E-2,6.46537E-2,3.71158E-2,1.02739E-2,-1.06635E-2,-3.16008E-2,-4.12259E-2,-1.66054E-2,8.01504E-3,2.11486E-2,1.64029E-2,1.16573E-2,1.09837E-2,1.38635E-2,1.67433E-2,1.01693E-2,-9.17764E-4,-1.20048E-2,-1.36156E-2,-1.31424E-2,-1.26693E-2,-5.61150E-2,-1.35144E-2,-1.75793E-2,-2.57874E-2,1.77446E-2,-4.32746E-4,-7.44368E-2,-7.66603E-3,-6.87783E-3,-3.51209E-2,-8.01805E-2,9.45074E-2,8.50253E-3,7.88645E-2,2.25557E-3,4.42097E-2,-2.01477E-2,-5.40273E-2,-3.86364E-2,-3.35649E-2,-1.62096E-2,1.20082E-2,-5.98310E-3,-6.21612E-2,3.14669E-2,4.33607E-2,3.21756E-2,-7.77351E-2,-5.40089E-2,5.97532E-2,-9.45385E-3,-4.51189E-2,-1.08345E-1,-4.16818E-3,8.68319E-3,-4.22518E-2,-2.80406E-2,-7.11033E-2,-6.01901E-2,-1.20781E-1,3.00334E-2,-1.24802E-1,-4.11323E-2,5.24309E-2,1.78559E-1,9.69232E-3,-3.63766E-2,1.78276E-2,-7.36609E-2,-2.10617E-3,-1.17557E-1,-1.67755E-1,1.34032E-1,-1.84436E-2,-6.46512E-2,-4.36083E-3,-4.75930E-2,-2.50392E-2,1.00548E-2,-4.35940E-2,7.70468E-2,4.87023E-2,-5.00875E-2,-8.51801E-3,7.73477E-2,-4.37210E-2,1.36058E-1,9.69361E-2,-3.60534E-3,1.13612E-2
9.74135E+2,NaN,NaN,NaN,NaN,NaN,NaN,NaN,NaN,NaN,NaN,NaN,NaN,NaN,NaN,NaN,NaN,NaN,NaN,NaN,NaN,NaN,NaN,NaN,NaN,NaN,NaN,NaN,NaN,NaN,NaN,NaN,NaN,NaN,NaN,NaN,NaN,NaN,-1.30450E-1,-7.80612E-2,-2.56726E-2,1.33453E-2,2.72589E-2,4.11726E-2,3.91854E-2,2.06729E-2,2.16051E-3,-1.26066E-2,-2.52043E-2,-3.78020E-2,1.73396E-2,9.20249E-2,1.66710E-1,1.03331E-1,2.77739E-2,-4.19078E-2,-2.23982E-2,-2.88856E-3,2.03399E-2,5.80205E-2,9.57011E-2,1.09657E-1,7.90683E-2,4.84796E-2,6.66499E-3,-4.68162E-2,-1.00297E-1,-7.35616E-3,-2.12771E-2,-9.79933E-2,1.19323E-2,7.31813E-2,-6.78158E-3,-4.09788E-2,-4.91686E-2,4.28231E-3,-2.67338E-2,-2.10756E-2,2.11147E-2,6.46966E-2,-3.18475E-2,3.54415E-2,1.11108E-1,9.38396E-2,6.61545E-2,4.75886E-2,6.67282E-2,4.71497E-2,3.35505E-2,6.81069E-2,-2.10950E-2,1.61712E-2,1.81630E-2,4.62849E-2,1.21059E-1,8.30446E-2,6.60387E-2,-2.38236E-2,-2.53207E-2,4.32310E-2,-4.89849E-2,2.19929E-2,-3.93172E-2,2.38504E-2,-1.17765E-1,9.09529E-3,-9.73378E-2,-6.61739E-2,1.68719E-2,5.83857E-2,3.22636E-2,4.13995E-2,2.50873E-2,-6.35799E-2,-5.35894E-2,-9.09556E-2,1.33033E-2,1.41174E-1,1.54304E-1,1.05685E-1,-4.32155E-2,-7.27238E-2,-2.66649E-2,-5.72316E-2,1.24028E-2,-1.56657E-1,-9.15959E-2,-2.66127E-1,-1.01716E-1,-9.16371E-2,-1.99758E-1,-1.57060E-1,-1.24468E-1,-1.56663E-1,-2.05338E-1,8.13303E-3,-3.26486E-1,-1.24928E-1
9.77558E+2,NaN,NaN,NaN,NaN,NaN,NaN,NaN,NaN,NaN,NaN,NaN,NaN,NaN,NaN,NaN,NaN,NaN,NaN,NaN,NaN,NaN,NaN,NaN,NaN,NaN,NaN,NaN,NaN,NaN,NaN,NaN,NaN,NaN,NaN,NaN,NaN,NaN,-3.62920E-2,-5.06624E-2,-6.45193E-2,-2.61906E-2,1.21382E-2,5.01686E-2,8.65427E-2,1.22917E-1,1.57686E-1,1.88628E-1,2.19570E-1,1.62212E-1,-8.29929E-3,-1.78811E-1,-2.17870E-1,-1.62197E-1,-1.06523E-1,-1.24138E-1,-1.69689E-1,-2.15240E-1,-2.08259E-1,-1.93212E-1,-1.77703E-1,-1.15245E-1,-5.27868E-2,-2.49483E-3,-1.97614E-2,-3.70280E-2,-4.94702E-2,-9.07697E-2,-1.58523E-1,-1.08146E-1,-8.54769E-2,9.55371E-2,1.19873E-1,7.20455E-2,3.39309E-2,-3.52229E-2,-2.30952E-2,-8.74952E-2,-1.91468E-1,-4.71956E-2,2.91488E-2,-1.03977E-1,-1.87554E-1,-1.84924E-1,-1.37785E-1,-1.96884E-1,-1.53373E-1,-2.82486E-1,-3.28746E-2,-6.79652E-2,-1.48220E-1,-6.60080E-2,2.76638E-2,-7.52087E-2,-2.25186E-1,-1.19439E-1,2.24990E-2,-8.62199E-2,9.82230E-2,2.21977E-2,-4.87790E-2,4.31020E-3,-1.57631E-2,-2.70447E-1,6.07452E-3,5.46354E-2,4.30068E-1,4.59780E-2,-1.36280E-1,-3.45999E-3,-6.33699E-2,-1.09373E-1,-1.10801E-1,-5.56956E-2,-1.01947E-1,-1.27523E-1,-1.42668E-2,-1.71951E-1,-2.76007E-1,-1.63595E-1,1.28528E-1,-3.13607E-2,4.53261E-3,1.11596E-1,9.79055E-2,3.45380E-1,1.13557E-1,1.58905E-1,2.13905E-1,2.71392E-1,2.22277E-1,2.85723E-1,3.74321E-1,1.83555E-1,2.98490E-1,2.60337E-1,3.98126E-1,2.50031E-1
9.80980E+2,NaN,NaN,NaN,NaN,NaN,NaN,NaN,NaN,NaN,NaN,NaN,NaN,NaN,NaN,NaN,NaN,NaN,NaN,NaN,NaN,NaN,NaN,NaN,NaN,NaN,NaN,NaN,NaN,NaN,NaN,NaN,NaN,NaN,NaN,NaN,NaN,-6.29183E-1,-9.42709E-2,4.40641E-1,6.16015E-1,6.09211E-1,6.02406E-1,1.82766E-1,-3.35889E-1,-8.54543E-1,-1.16930E+0,-1.47319E+0,-1.64253E+0,-4.88220E-1,6.66094E-1,1.48464E+0,1.21094E+0,9.37241E-1,8.97189E-1,1.24163E+0,1.58607E+0,1.47080E+0,9.32612E-1,3.94429E-1,1.74478E-1,1.15776E-1,5.70736E-2,7.53568E-2,1.12104E-1,1.48851E-1,5.93001E-2,2.50452E+0,-3.12206E-1,9.49013E-1,3.09997E-1,-1.22803E+0,-1.25256E+0,-2.77893E-1,-7.05104E-3,-2.40567E-1,-5.52779E-1,-1.06475E+0,3.38747E-1,-4.62625E-1,-3.58977E-1,1.99055E+0,7.69118E-1,2.20044E+0,2.31915E+0,2.06063E+0,1.58220E+0,1.57791E+0,-4.31707E-1,-8.90043E-1,4.31223E-1,4.88384E-1,-1.12853E+0,2.02658E+0,1.84768E+0,-4.18985E-1,5.47486E-2,9.63498E-1,1.01535E+0,1.25380E+0,1.25202E+0,3.42076E-1,-1.24835E-1,-1.39268E-2,-1.19622E+0,-3.11574E-1,-1.07302E+0,-9.92403E-1,1.83203E+0,7.24895E-1,1.52980E+0,2.01908E+0,-3.87235E-1,-1.59842E+0,-1.85255E+0,2.23691E-1,1.21739E+0,9.42525E-1,1.70141E+0,1.63470E+0,-7.82564E-2,-1.60280E+0,-1.43797E+0,-2.01820E+0,-1.18622E+0,-3.88594E+0,-2.41757E+0,-2.30730E+0,-4.14504E+0,-2.28015E+0,-2.12067E+0,-2.10674E+0,-3.04589E+0,-2.78628E+0,-4.64559E+0,-4.18518E+0,-4.85150E+0,-3.71005E+0
9.84404E+2,NaN,NaN,NaN,NaN,NaN,NaN,NaN,NaN,NaN,NaN,NaN,NaN,NaN,NaN,NaN,NaN,NaN,NaN,NaN,NaN,NaN,NaN,NaN,NaN,NaN,NaN,NaN,NaN,NaN,NaN,NaN,NaN,NaN,NaN,NaN,-1.11275E-1,-1.30082E-1,-1.48889E-1,-1.39684E-1,-6.79897E-2,3.70418E-3,1.89164E-2,-3.42412E-2,-8.73989E-2,-8.91253E-2,-5.58798E-2,-2.26342E-2,3.25739E-2,9.55747E-2,1.58576E-1,1.71546E-1,1.77756E-1,1.83076E-1,1.51929E-1,1.20781E-1,1.10309E-1,2.03205E-1,2.96100E-1,3.43459E-1,2.89241E-1,2.35022E-1,1.81983E-1,1.30372E-1,7.87610E-2,9.04140E-2,5.28117E-2,9.43780E-2,1.60023E-1,1.78209E-1,5.16689E-2,1.66794E-2,3.41715E-2,4.94079E-2,2.65902E-2,5.73532E-2,1.11968E-1,2.29539E-2,1.04866E-1,2.17034E-1,1.89551E-1,2.27973E-1,2.90754E-1,2.66182E-1,4.50218E-2,1.64082E-2,2.21705E-1,1.56075E-1,9.21878E-2,1.23670E-2,-1.12271E-1,-1.32021E-1,6.62762E-2,1.13463E-2,-4.37723E-3,1.69964E-1,1.25140E-1,2.31220E-2,8.44792E-2,3.48667E-2,2.66232E-1,-1.50055E-1,1.36071E-2,1.53339E-1,-1.05804E-2,3.91779E-2,-3.15265E-2,-4.20813E-2,-7.55353E-3,1.83226E-1,2.26023E-1,1.35434E-1,9.26608E-2,-3.15566E-2,2.11157E-2,1.54653E-1,1.72489E-1,4.93444E-1,2.37050E-1,1.02323E-1,-7.40137E-2,1.14206E-1,1.14508E-1,1.09319E-1,-1.18588E-1,-1.70543E-1,-6.79415E-2,-9.18130E-2,-1.82021E-1,4.54117E-2,-6.56831E-2,-1.21861E-1,-2.18627E-1,-2.85106E-1,-3.78545E-1,-2.65589E-1,-3.52904E-1,-3.28333E-1
9.87828E+2,NaN,NaN,NaN,NaN,NaN,NaN,NaN,NaN,NaN,NaN,NaN,NaN,NaN,NaN,NaN,NaN,NaN,NaN,NaN,NaN,NaN,NaN,NaN,NaN,NaN,NaN,NaN,NaN,NaN,NaN,NaN,NaN,NaN,NaN,NaN,3.97311E-3,3.37941E-2,6.36151E-2,3.06844E-2,-5.73190E-3,-3.98156E-2,-5.03823E-2,-6.09489E-2,-6.15344E-2,-2.92808E-2,2.97278E-3,2.66066E-2,3.59324E-2,4.52581E-2,3.88791E-2,1.79341E-2,-3.01090E-3,3.36569E-3,2.37129E-2,4.40601E-2,3.17756E-2,1.15624E-2,-8.65085E-3,9.00402E-3,2.87622E-2,4.54966E-2,3.17443E-2,1.79920E-2,2.41571E-2,3.80777E-2,-5.16864E-2,9.14767E-2,5.54826E-2,-2.01476E-3,-5.83685E-3,9.35411E-3,-5.67380E-2,-6.98441E-2,9.30941E-3,2.72237E-2,-9.64227E-2,3.82435E-2,-2.57254E-2,-9.03365E-3,4.37567E-2,9.55392E-3,-5.01784E-2,-4.90832E-2,6.73507E-2,4.36073E-2,2.05988E-2,-1.80869E-2,2.94067E-2,1.01995E-2,8.38900E-3,3.05646E-2,3.52077E-2,1.66331E-2,4.03891E-2,7.73851E-2,6.15097E-2,-5.86512E-2,1.86022E-1,-6.94240E-2,-4.58638E-2,-1.98025E-2,-6.19329E-2,2.51977E-2,8.83576E-3,4.04754E-2,-2.80795E-2,7.24584E-3,6.98924E-3,-4.73851E-3,6.76438E-2,6.53927E-2,3.76854E-3,-1.17769E-1,-7.06820E-2,5.24232E-3,-3.27690E-2,9.71804E-2,1.45430E-2,5.93465E-2,5.77983E-2,-2.29702E-2,4.82632E-2,-3.35864E-2,-6.91325E-3,-2.82247E-2,-7.51865E-2,-4.87626E-2,1.66814E-2,6.58885E-2,-9.04112E-4,-1.03721E-1,-7.90990E-2,-2.68903E-2,-4.82422E-2,2.48378E-2,-3.43300E-2,6.00392E-2
9.91252E+2,NaN,NaN,NaN,NaN,NaN,NaN,NaN,NaN,NaN,NaN,NaN,NaN,NaN,NaN,NaN,NaN,NaN,NaN,NaN,NaN,NaN,NaN,NaN,NaN,NaN,NaN,NaN,NaN,NaN,NaN,NaN,NaN,NaN,NaN,-1.88543E-2,2.22191E-2,6.32924E-2,7.57792E-2,6.73411E-2,5.89030E-2,1.48345E-2,-4.30744E-2,-1.00983E-1,-9.20816E-2,-7.25818E-2,-5.31189E-2,-3.98211E-2,-2.65232E-2,-1.04113E-2,2.17977E-2,5.40068E-2,5.45406E-2,-2.18535E-2,-9.82475E-2,-1.05073E-1,-2.13605E-2,6.23517E-2,7.86868E-2,4.57035E-2,1.27201E-2,-1.48760E-2,-4.03794E-2,-6.58829E-2,2.22000E-2,7.64292E-3,-5.46725E-3,-1.37288E-2,-1.95340E-2,2.37045E-2,-1.83915E-2,-1.48610E-3,-1.62760E-2,-4.78601E-2,-8.16277E-2,5.69469E-2,4.32687E-2,9.49011E-3,1.67513E-2,3.58640E-2,1.02856E-1,2.94476E-2,7.15239E-3,9.71788E-3,5.69234E-2,8.63282E-2,5.59156E-2,-5.90675E-2,-2.47782E-2,-1.08411E-1,1.50509E-2,3.80056E-2,5.44817E-2,5.42067E-2,2.17479E-2,-6.84241E-3,1.24404E-1,-6.15937E-2,7.38129E-2,6.65894E-2,-2.82145E-3,-6.12561E-2,-7.02801E-2,-3.06335E-2,-6.42001E-2,9.53443E-2,-1.78808E-2,-5.40467E-2,-9.48420E-2,2.45216E-2,5.65256E-3,8.33713E-4,4.71875E-2,4.31263E-2,4.70426E-3,2.40831E-2,-3.51248E-2,7.53048E-2,7.59254E-2,1.54640E-2,2.77858E-2,5.79530E-3,-3.64874E-2,-4.16510E-3,-4.72290E-2,-6.25215E-2,-1.51776E-1,-3.58894E-2,-4.15698E-3,3.69691E-2,-4.07893E-3,-3.03960E-2,-3.02900E-2,-6.17766E-2,-1.04710E-1,-7.45929E-2,-8.67453E-2,-5.33546E-2
9.94678E+2,NaN,NaN,NaN,NaN,NaN,NaN,NaN,NaN,NaN,NaN,NaN,NaN,NaN,NaN,NaN,NaN,NaN,NaN,NaN,NaN,NaN,NaN,NaN,NaN,NaN,NaN,NaN,NaN,NaN,NaN,NaN,NaN,NaN,3.21486E-2,6.11625E-2,9.01763E-2,1.24968E-1,1.82921E-1,2.40873E-1,2.02691E-1,-2.00335E-2,-2.42758E-1,-3.82207E-1,-4.33358E-1,-4.84510E-1,-3.85196E-1,-1.96838E-1,-8.48108E-3,1.34157E-1,2.63222E-1,3.92286E-1,2.41447E-1,6.42517E-2,-9.76669E-2,-5.88442E-3,8.58981E-2,1.72846E-1,2.40411E-1,3.07977E-1,3.14112E-1,2.02325E-1,9.05378E-2,1.65321E-1,-4.14667E-4,-1.38099E-1,1.17784E-1,-3.83549E-3,-2.37551E-1,-5.90123E-1,-2.76815E-1,2.36079E-2,-3.02992E-1,-1.86474E-1,1.10627E-1,1.91049E-1,2.32628E-2,1.56883E-1,3.04551E-1,3.21590E-1,2.48832E-1,3.68634E-1,2.06313E-1,4.06334E-2,3.37979E-1,3.38309E-1,1.70568E-1,5.95852E-2,-1.30921E-1,-4.14035E-2,1.56227E-1,8.29119E-2,1.03151E-1,1.42783E-1,9.99351E-2,2.16947E-1,2.13713E-1,-4.30453E-1,-1.29813E-1,-1.94924E-1,-3.60632E-2,6.97200E-2,-8.91946E-2,-1.98712E-1,-3.35406E-1,2.10454E-1,-2.69895E-1,-3.70161E-2,1.94477E-1,4.87917E-1,6.20116E-1,-1.43054E-1,-8.54405E-2,7.77629E-2,-5.74498E-2,-2.70200E-1,1.23929E-1,4.79609E-1,7.84109E-1,-1.75339E-1,-4.46835E-1,4.23016E-2,-3.29379E-1,-1.36217E-1,-8.88769E-2,-8.07924E-1,-3.43668E-1,-2.60472E-1,-4.60985E-1,-8.27653E-2,-3.26866E-1,-7.53297E-1,-3.30822E-1,-4.90507E-1,-6.39782E-1,-6.89014E-1,-1.09006E+0,-7.04464E-1
9.98103E+2,NaN,NaN,NaN,NaN,NaN,NaN,NaN,NaN,NaN,NaN,NaN,NaN,NaN,NaN,NaN,NaN,NaN,NaN,NaN,NaN,NaN,NaN,NaN,NaN,NaN,NaN,NaN,NaN,NaN,NaN,NaN,NaN,NaN,-7.97462E-2,-3.65524E-2,6.64151E-3,1.05710E-2,5.54907E-3,5.27158E-4,-9.30384E-3,-1.93498E-2,-2.81362E-2,-2.55929E-2,-2.30497E-2,-6.09993E-3,5.57494E-2,1.17599E-1,1.32920E-1,7.41609E-2,1.54016E-2,-1.55807E-2,-2.17949E-2,-2.80092E-2,1.17819E-2,7.40799E-2,1.36378E-1,1.37199E-1,1.24004E-1,1.10810E-1,6.46648E-2,1.70464E-2,-2.16527E-2,1.99675E-2,5.62947E-2,3.31330E-2,-2.61258E-2,-9.17869E-2,-7.17991E-2,-1.27050E-1,2.13269E-2,-4.93523E-2,3.61723E-2,-1.12525E-2,5.24006E-2,-4.23492E-2,2.65971E-2,9.85858E-2,1.98782E-1,1.19935E-1,1.55529E-1,9.78648E-2,6.45668E-2,7.20471E-2,1.91994E-1,1.38914E-1,9.77315E-2,9.28703E-2,5.40918E-2,4.75432E-2,6.46313E-2,7.21798E-2,-1.58723E-2,1.07831E-2,1.37520E-1,1.34553E-2,5.19022E-2,4.35452E-2,4.52625E-3,-1.06665E-1,5.27808E-2,3.86560E-2,8.82738E-2,-3.33587E-2,4.89027E-2,-1.05269E-2,-4.80467E-2,1.02692E-1,1.79068E-1,1.08176E-1,1.24115E-1,1.02513E-1,-5.95478E-2,-5.15166E-2,-9.50404E-2,-1.25857E-1,3.94035E-3,6.59905E-2,1.81211E-1,-4.97794E-2,2.01614E-2,-2.87735E-2,-4.72433E-2,-3.99940E-3,4.34075E-2,-6.21303E-2,-5.23692E-2,-1.26918E-1,-8.28084E-2,-3.15749E-2,-8.89018E-2,-1.84799E-1,-1.36282E-1,-9.08772E-2,-2.21734E-1,-3.35984E-2,-8.94198E-2,-1.77414E-1
1.00153E+3,NaN,NaN,NaN,NaN,NaN,NaN,NaN,NaN,NaN,NaN,NaN,NaN,NaN,NaN,NaN,NaN,NaN,NaN,NaN,NaN,NaN,NaN,NaN,NaN,NaN,NaN,NaN,NaN,NaN,NaN,NaN,NaN,7.62050E-3,-2.27528E-2,-5.31261E-2,-4.83692E-2,4.58724E-3,5.75436E-2,4.34914E-2,-2.22692E-2,-8.80299E-2,2.65933E-2,2.15866E-1,4.05138E-1,2.45678E-1,2.47522E-2,-1.96174E-1,-1.82699E-1,-1.67574E-1,-1.38793E-1,-2.31536E-2,9.24855E-2,1.30532E-1,-3.22113E-2,-1.94955E-1,-2.12633E-1,-3.12796E-2,1.50074E-1,2.00134E-1,1.48878E-1,9.76221E-2,7.09813E-2,-1.61464E-1,1.13928E-1,3.10144E-1,4.13303E-1,2.12819E-1,-2.06895E-1,-2.57179E-2,4.19840E-2,2.92447E-2,1.31168E-1,1.72971E-2,-6.92776E-2,-2.85424E-1,-2.16680E-1,-1.63850E-1,-1.27926E-1,3.14602E-1,-2.87508E-3,2.96617E-2,-7.61860E-2,-2.96966E-2,-2.97773E-2,-1.89481E-1,-2.28690E-1,-2.80046E-1,1.01465E-2,-5.10940E-2,-1.71025E-1,-1.09815E-1,-6.64593E-2,4.30605E-2,-1.78431E-2,-1.84586E-2,-1.29809E-1,1.12797E-2,-1.51088E-1,-1.04321E-1,-9.39397E-2,-1.88505E-1,-3.41395E-1,-8.72990E-2,-1.69756E-1,-1.56798E-1,7.48689E-3,-3.24008E-1,-1.22168E-1,-1.76129E-1,1.07237E-2,4.91293E-2,1.47695E-1,1.78545E-1,-2.54072E-2,-4.77930E-2,-1.00740E-2,-2.17941E-1,-1.52163E-1,7.01566E-2,5.28313E-2,-3.26932E-1,1.54541E-1,-1.38904E-1,9.78424E-2,5.25751E-2,-1.49377E-1,1.00559E-1,-1.82138E-1,8.03362E-3,6.80821E-2,-1.99003E-2,1.29027E-1,-6.04668E-2,-7.84709E-2,-4.47939E-1,-1.16824E-2,2.14894E-1
1.00496E+3,NaN,NaN,NaN,NaN,NaN,NaN,NaN,NaN,NaN,NaN,NaN,NaN,NaN,NaN,NaN,NaN,NaN,NaN,NaN,NaN,NaN,NaN,NaN,NaN,NaN,NaN,NaN,NaN,NaN,NaN,NaN,NaN,-9.81307E-2,-1.24743E-1,-1.49025E-1,-6.71641E-2,1.46966E-2,7.50236E-2,2.58529E-2,-2.33178E-2,-5.46318E-2,-4.56747E-2,-3.67176E-2,3.69774E-3,8.25536E-2,1.61410E-1,1.61258E-1,1.06862E-1,5.24653E-2,-1.01206E-3,-5.41593E-2,-1.07306E-1,-6.73758E-2,-1.45873E-2,3.68032E-2,2.45152E-2,1.22271E-2,7.82976E-4,-6.37022E-3,-1.35234E-2,-5.74608E-3,3.45264E-5,-3.90572E-2,-1.54751E-2,3.02382E-3,7.95656E-2,7.00426E-2,1.02021E-2,4.37033E-2,4.52819E-2,1.42082E-2,3.37393E-2,7.28502E-2,3.46350E-2,-1.61355E-2,9.54928E-2,1.94493E-1,1.62362E-1,7.74582E-2,7.23864E-2,4.71426E-2,3.98030E-2,8.26441E-2,6.94426E-2,4.83351E-2,1.35506E-2,2.40643E-2,2.52229E-2,1.08917E-1,6.77352E-3,-1.12271E-2,2.92394E-2,4.43939E-2,-3.52426E-3,4.62344E-2,6.75202E-2,-1.02567E-1,-2.12814E-2,5.60867E-2,-5.94381E-4,2.10567E-2,1.36360E-1,-9.74260E-2,3.27352E-2,-1.10339E-1,5.58126E-2,7.85373E-2,1.39927E-1,1.25722E-1,9.91038E-2,1.01859E-1,-7.60216E-3,-2.06591E-2,-4.69620E-2,-4.06840E-2,2.15090E-2,1.75971E-1,6.15070E-2,-2.04781E-2,-3.35903E-2,6.52488E-2,4.55352E-2,3.40760E-2,2.69247E-2,-1.67571E-1,-8.92125E-2,-6.45114E-2,-1.77993E-1,-2.98158E-2,-3.30849E-2,-8.23637E-2,-1.49809E-1,-3.87600E-2,-5.96380E-2,-2.12362E-1,-1.03349E-1,-8.12785E-2
1.00838E+3,NaN,NaN,NaN,NaN,NaN,NaN,NaN,NaN,NaN,NaN,NaN,NaN,NaN,NaN,NaN,NaN,NaN,NaN,NaN,NaN,NaN,NaN,NaN,NaN,NaN,NaN,NaN,NaN,NaN,NaN,NaN,3.83747E-2,1.77592E-3,-3.48229E-2,-4.46936E-2,-3.77735E-2,-3.08533E-2,-4.60023E-3,2.78578E-2,6.03159E-2,6.34217E-2,6.32620E-2,6.16428E-2,2.73371E-2,-6.96851E-3,-3.71396E-2,-4.91688E-2,-6.11981E-2,-6.45514E-2,-5.01667E-2,-3.57821E-2,-2.79109E-2,-2.73461E-2,-2.67813E-2,-2.79667E-2,-3.02516E-2,-3.25364E-2,-6.65025E-2,-1.10637E-1,-1.54771E-1,-4.50485E-2,-8.59238E-2,-1.14339E-1,7.07834E-3,-3.30035E-2,-1.19220E-1,4.17239E-2,3.76145E-2,-1.29575E-2,-1.72732E-2,5.12331E-3,-7.98940E-2,3.31551E-2,-7.73057E-3,-4.04314E-2,6.90404E-2,-2.23956E-3,-1.95315E-2,-5.85999E-2,2.37416E-2,1.14258E-1,1.40722E-2,6.38003E-2,-8.99956E-3,-1.76763E-2,1.25738E-3,5.70097E-2,8.78340E-2,1.49156E-1,1.04231E-1,1.52168E-2,9.47383E-2,1.42558E-1,-2.91930E-2,2.32114E-2,3.28701E-2,8.72116E-2,-2.15115E-2,2.10007E-2,8.00773E-2,4.05425E-2,8.01135E-2,1.14038E-1,1.68508E-2,1.15599E-1,1.67422E-2,-4.81398E-2,9.32910E-2,7.41847E-2,3.27940E-2,8.54333E-2,7.45333E-2,-1.10956E-2,-1.63553E-2,-1.64005E-2,-6.40128E-3,7.29811E-2,2.53111E-3,8.96226E-2,-7.24296E-3,-5.70460E-2,9.48045E-2,4.95615E-2,1.34707E-2,1.35945E-1,4.74175E-2,1.12187E-1,1.82321E-2,-9.36271E-3,8.54471E-3,1.49135E-1,1.49922E-1,4.62059E-2,-9.66222E-3,3.71665E-2,1.03434E-2,6.40319E-2
1.01181E+3,NaN,NaN,NaN,NaN,NaN,NaN,NaN,NaN,NaN,NaN,NaN,NaN,NaN,NaN,NaN,NaN,NaN,NaN,NaN,NaN,NaN,NaN,NaN,NaN,NaN,NaN,NaN,NaN,NaN,NaN,-5.21290E-2,-2.02762E-2,1.15766E-2,3.45169E-2,2.17556E-2,8.99438E-3,-9.33082E-4,-5.42359E-3,-9.91410E-3,-7.71313E-3,1.57946E-3,1.08720E-2,7.01599E-3,-4.61737E-3,-1.62507E-2,-4.87829E-3,1.33196E-2,3.15174E-2,-3.27089E-3,-4.30412E-2,-7.99305E-2,-6.90790E-2,-5.82275E-2,-4.74979E-2,-3.72561E-2,-2.70144E-2,-1.83182E-2,-1.25874E-2,-6.85657E-3,6.20017E-3,-3.18008E-2,-8.58747E-2,-6.27549E-2,-5.05757E-2,-3.50628E-2,2.53233E-3,2.83738E-2,7.13654E-2,3.42945E-2,-6.13754E-2,-6.80936E-2,-3.25579E-2,-2.52043E-2,-1.89490E-2,-4.10190E-2,-3.71609E-3,2.83802E-2,-7.92836E-3,-1.16579E-3,1.46611E-2,4.24961E-2,3.08965E-2,2.21843E-2,3.70289E-2,3.24580E-3,-3.46933E-2,7.82294E-3,6.08948E-2,5.01611E-2,6.33143E-3,-4.74672E-3,4.21074E-3,-2.43847E-2,-1.22058E-2,-3.08907E-3,-8.78211E-4,6.11680E-2,4.58157E-2,6.01100E-2,2.31488E-2,4.82677E-2,1.21915E-2,2.41763E-2,2.79423E-2,5.22081E-2,4.07890E-2,2.07273E-2,-1.90544E-2,-4.05898E-2,-1.23324E-2,-9.08652E-3,-2.50681E-2,-2.23569E-2,-7.43058E-3,1.36887E-2,9.12673E-3,5.70481E-3,-2.40754E-2,-8.14286E-4,-2.04650E-2,-1.11927E-2,1.33918E-2,5.04569E-2,3.94778E-2,7.44767E-2,2.71374E-2,3.39164E-2,-2.78008E-2,-3.75290E-2,2.14878E-2,2.45380E-2,-1.94674E-2,5.74446E-3,5.98599E-2,9.08703E-3,1.96987E-2,-1.80962E-2
1.01524E+3,NaN,NaN,NaN,NaN,NaN,NaN,NaN,NaN,NaN,NaN,NaN,NaN,NaN,NaN,NaN,NaN,NaN,NaN,NaN,NaN,NaN,NaN,NaN,NaN,NaN,NaN,NaN,NaN,NaN,NaN,-1.35273E-2,-5.42041E-3,2.68650E-3,1.12399E-3,-3.19139E-3,-7.50677E-3,-9.45965E-3,-1.12106E-2,-1.23252E-2,-4.14980E-3,4.02558E-3,1.09832E-2,1.32746E-2,1.55661E-2,1.58648E-2,1.24598E-2,9.05489E-3,3.07149E-4,-1.39422E-2,-2.81915E-2,-4.82533E-2,-7.16484E-2,-9.50435E-2,-8.64568E-2,-6.87648E-2,-5.10728E-2,-6.32762E-2,-7.80352E-2,-8.84791E-2,-3.97955E-2,-4.85627E-2,-7.20186E-2,-9.50349E-2,-1.10034E-1,-5.93872E-2,2.97034E-2,4.16485E-2,3.10352E-2,3.07521E-2,-2.93461E-2,-4.60203E-2,-2.61541E-2,-1.91167E-2,-2.61516E-2,8.11662E-3,1.52266E-2,-7.09982E-3,-7.19616E-3,-1.96796E-2,-5.15362E-3,-2.26289E-2,5.01525E-3,-3.01027E-3,-3.68136E-2,3.28135E-3,-6.19451E-3,2.40205E-3,5.59293E-4,-4.36542E-2,-2.32782E-2,9.28903E-3,5.77330E-3,-4.03113E-3,-7.81250E-3,3.13913E-2,-1.46556E-2,2.01250E-2,-2.88535E-3,-4.65819E-2,7.14813E-4,1.01926E-2,2.44519E-2,3.36786E-3,2.29368E-2,7.88145E-3,-9.05586E-3,1.87759E-2,-3.36075E-2,-1.82358E-2,-9.47191E-3,-7.20042E-3,2.11439E-2,3.69255E-3,2.44733E-2,-1.99473E-3,6.03014E-3,-5.08906E-3,-7.47217E-3,-1.02253E-2,-8.42052E-3,-5.99438E-3,-8.90197E-4,-3.28863E-3,-2.29515E-2,-2.26704E-2,2.20522E-3,1.55478E-2,2.26317E-3,5.57849E-3,3.46397E-2,3.89773E-3,-1.85546E-3,2.69801E-2,3.38221E-2,2.92863E-2,-5.48875E-3,1.78591E-2
1.01867E+3,NaN,NaN,NaN,NaN,NaN,NaN,NaN,NaN,NaN,NaN,NaN,NaN,NaN,NaN,NaN,NaN,NaN,NaN,NaN,NaN,NaN,NaN,NaN,NaN,NaN,NaN,NaN,NaN,NaN,1.21332E-3,-3.20738E-5,-1.27747E-3,-2.75008E-3,-4.64438E-3,-6.53869E-3,-5.88104E-3,-2.59908E-3,6.82869E-4,5.58329E-4,-1.51694E-3,-3.59221E-3,-2.87336E-3,-1.36057E-3,1.52228E-4,3.41451E-3,6.82566E-3,9.12447E-3,-4.72607E-3,-1.85766E-2,-3.32966E-2,-5.13415E-2,-6.93864E-2,-7.76512E-2,-6.77655E-2,-5.78799E-2,-5.32556E-2,-5.40419E-2,-5.48282E-2,-5.46392E-2,-5.47506E-2,-5.93226E-2,-6.15985E-2,-6.44640E-2,-5.33014E-2,-1.41124E-2,1.56232E-2,3.19496E-2,2.84938E-2,1.06456E-2,-6.91904E-3,-1.11255E-2,-8.36565E-3,-4.82870E-3,-4.90282E-3,-1.56960E-3,4.35345E-3,2.58633E-4,-1.21085E-4,1.53494E-3,-5.00249E-3,-3.91413E-3,-2.11597E-3,-1.79444E-3,1.77746E-3,-1.65890E-3,-3.14095E-3,-1.09793E-3,-3.12815E-3,-3.23685E-3,4.05103E-4,-1.50000E-3,7.35677E-4,6.05525E-3,7.76966E-3,-2.63682E-4,-5.03181E-3,-5.10413E-3,3.53527E-3,-2.21136E-3,-1.82737E-3,1.59655E-3,8.22080E-4,4.26029E-4,4.87786E-3,3.05504E-3,-4.54005E-3,-3.92102E-3,-4.37799E-3,-7.71444E-3,-5.75480E-3,-1.12983E-3,2.97195E-4,-1.22275E-3,4.44045E-3,-3.59132E-3,-7.18357E-4,-2.07648E-3,-2.71499E-3,2.37320E-3,-1.50682E-3,6.52172E-4,-1.47279E-3,1.40537E-3,5.23748E-3,6.64749E-3,8.08101E-3,1.13757E-3,2.73096E-3,-3.37745E-3,2.75073E-3,2.08591E-5,-5.65328E-4,5.37075E-3,-3.46613E-4,1.03990E-2,4.42904E-3,3.59373E-3
1.02210E+3,NaN,NaN,NaN,NaN,NaN,NaN,NaN,NaN,NaN,NaN,NaN,NaN,NaN,NaN,NaN,NaN,NaN,NaN,NaN,NaN,NaN,NaN,NaN,NaN,NaN,NaN,NaN,NaN,NaN,1.40204E-3,8.09967E-4,2.17893E-4,-1.48398E-3,-3.28872E-3,-4.93249E-3,-3.96306E-3,-2.99364E-3,-1.83503E-3,7.61961E-5,1.98742E-3,2.95556E-3,2.12319E-3,1.29082E-3,8.99602E-4,9.73828E-4,1.04806E-3,-2.24036E-3,-7.50829E-3,-1.27762E-2,-3.35951E-2,-5.89987E-2,-8.44023E-2,-8.17282E-2,-7.64514E-2,-7.11933E-2,-6.62381E-2,-6.12830E-2,-5.73478E-2,-5.77885E-2,-5.93563E-2,-6.11101E-2,-6.61348E-2,-6.83027E-2,-4.95844E-2,-1.50926E-2,1.26085E-2,3.12499E-2,2.62520E-2,5.30297E-3,-8.98877E-3,-6.41447E-3,-6.24332E-3,-4.01994E-3,-1.13827E-3,8.00862E-4,-1.74516E-3,-3.42417E-4,3.77727E-4,-3.34205E-3,-2.56921E-3,-3.81874E-3,-1.27283E-3,-1.38999E-3,1.96350E-3,-3.18360E-3,-2.23485E-3,-4.27844E-3,-6.72195E-3,-3.91513E-3,9.26672E-4,-1.05816E-3,8.79205E-4,-4.76632E-3,1.65347E-4,-3.22717E-4,1.94491E-3,-4.49906E-3,9.09311E-4,-2.22839E-3,-6.18872E-4,-2.40824E-3,-2.27623E-3,2.62120E-3,-7.12470E-4,-4.09399E-4,-3.62684E-3,-6.40684E-4,-2.24698E-3,-1.52350E-3,-1.81395E-3,-1.33515E-3,-5.50335E-3,6.03867E-4,-1.94083E-3,1.09392E-3,-3.84641E-6,-5.47073E-3,-1.46199E-3,-2.68354E-3,-6.20732E-5,3.25912E-3,-4.87341E-4,2.30662E-3,1.43160E-3,2.10997E-3,-1.22591E-3,2.68166E-3,-3.71133E-3,-2.64699E-3,1.29294E-3,-1.70243E-3,-7.28498E-4,2.88660E-3,1.34001E-3,7.09042E-4,2.57098E-3,2.67540E-3
1.02553E+3,NaN,NaN,NaN,NaN,NaN,NaN,NaN,NaN,NaN,NaN,NaN,NaN,NaN,NaN,NaN,NaN,NaN,NaN,NaN,NaN,NaN,NaN,NaN,NaN,NaN,NaN,NaN,NaN,-4.90674E-4,-9.07942E-4,-1.32521E-3,-1.29719E-3,-7.74122E-4,-2.51056E-4,-4.45645E-4,-1.08685E-3,-1.72805E-3,-1.70682E-3,-1.47554E-3,-1.24426E-3,2.05563E-4,1.78761E-3,3.27420E-3,2.73345E-3,2.19269E-3,1.49402E-3,1.12517E-4,-1.26899E-3,-1.12719E-2,-3.87249E-2,-6.61778E-2,-8.35548E-2,-8.97299E-2,-9.59050E-2,-9.05134E-2,-7.79236E-2,-6.53338E-2,-6.49578E-2,-6.79130E-2,-6.73978E-2,-7.04743E-2,-7.64590E-2,-7.10241E-2,-4.89567E-2,-1.60128E-2,1.62141E-2,3.37835E-2,2.34776E-2,1.27369E-4,-4.23820E-3,-3.51087E-3,-6.64637E-4,-3.88959E-4,-2.01889E-4,-1.24544E-3,-2.11043E-3,-1.88418E-3,1.10136E-4,-9.49217E-4,-2.05617E-3,-1.24253E-4,-3.05113E-4,-2.25407E-3,-3.01215E-3,-2.35342E-3,6.76371E-5,6.19256E-4,-9.47800E-4,-6.34337E-4,-4.95311E-4,2.56986E-3,5.22898E-4,-1.44484E-3,-2.86206E-3,-1.34010E-3,-1.75079E-3,1.01258E-3,-2.61148E-3,-2.68082E-3,-2.10507E-3,-2.64990E-3,-1.60676E-3,6.84869E-4,-4.71648E-3,4.87129E-5,9.98543E-4,-5.63801E-4,5.24332E-4,-1.34212E-3,1.42117E-3,-1.87631E-3,-2.08521E-3,-1.43651E-3,-4.37874E-4,-1.18686E-3,-1.58078E-5,-7.04453E-4,-1.64646E-3,-2.99581E-3,-4.42091E-3,-1.49963E-3,-1.69636E-3,-9.97184E-4,-1.08669E-3,4.74439E-4,-1.20658E-3,3.52309E-4,-1.67866E-3,-1.26717E-3,1.30984E-3,-2.74836E-3,-1.36980E-3,-1.20613E-3,-2.58767E-3,2.44998E-3,1.75546E-3,3.02286E-4
1.02896E+3,NaN,NaN,NaN,NaN,NaN,NaN,NaN,NaN,NaN,NaN,NaN,NaN,NaN,NaN,NaN,NaN,NaN,NaN,NaN,NaN,NaN,NaN,NaN,NaN,NaN,NaN,NaN,NaN,2.76612E-4,-3.03290E-4,-8.62538E-4,-6.28804E-4,-3.95071E-4,-3.02919E-4,-9.10720E-4,-1.51852E-3,-1.66066E-3,-7.71637E-4,1.17387E-4,8.92436E-4,1.53039E-3,2.16834E-3,1.74961E-3,6.17023E-4,-5.15567E-4,-4.37330E-5,9.92783E-4,2.02930E-3,-1.73319E-2,-3.94083E-2,-6.13302E-2,-7.73218E-2,-9.33135E-2,-1.04338E-1,-9.08084E-2,-7.72785E-2,-6.81936E-2,-6.90594E-2,-7.02782E-2,-7.17352E-2,-7.50257E-2,-8.05748E-2,-7.44483E-2,-4.96907E-2,-1.77577E-2,1.79676E-2,3.54884E-2,1.87112E-2,-2.57361E-3,-5.92209E-3,-3.65216E-3,-1.86800E-3,-1.57824E-3,-2.33857E-3,-4.52714E-3,-5.24043E-3,-3.37705E-3,-2.35081E-3,-3.63423E-3,-3.67525E-3,-1.91024E-3,-1.86413E-4,-8.72532E-4,-1.77956E-3,-2.35481E-3,-4.20796E-3,-2.56459E-3,-7.51098E-4,-1.96167E-3,-1.65148E-3,-2.50118E-3,-2.13667E-3,-1.36651E-3,-2.03979E-3,-2.10090E-3,-2.45484E-3,-2.43937E-3,-3.10744E-3,-5.58438E-4,-4.22250E-3,-3.92149E-3,-2.11136E-3,-2.34821E-3,-2.58462E-3,-3.87521E-3,-4.68810E-3,-7.89423E-4,-6.34469E-4,-1.78666E-3,-2.17356E-3,-2.34535E-3,-3.30611E-3,-1.70780E-3,-2.29929E-3,-1.98075E-3,-1.27206E-3,-2.09761E-3,-3.36828E-3,-4.40080E-3,-3.70289E-3,-1.67812E-3,-1.07565E-3,-1.28489E-3,-2.87708E-3,-2.47391E-3,-7.84387E-4,-1.78104E-3,-2.18309E-3,-3.16593E-3,-6.17082E-4,-2.81497E-3,-6.01861E-5,-1.23780E-3,-2.20857E-3,-1.92561E-3,-8.83679E-6,-5.65475E-4
1.03239E+3,NaN,NaN,NaN,NaN,NaN,NaN,NaN,NaN,NaN,NaN,NaN,NaN,NaN,NaN,NaN,NaN,NaN,NaN,NaN,NaN,NaN,NaN,NaN,NaN,NaN,NaN,NaN,6.86887E-5,-4.08755E-4,-8.86198E-4,-9.49919E-4,-7.02552E-4,-4.55185E-4,-2.27284E-4,-7.19359E-6,2.12897E-4,-4.38774E-5,-3.80537E-4,-7.17196E-4,-4.44226E-4,-1.70873E-4,1.40670E-4,6.82537E-4,1.22440E-3,2.20611E-3,4.29081E-3,6.37552E-3,2.43821E-4,-1.68712E-2,-3.39861E-2,-5.59053E-2,-8.14368E-2,-1.06968E-1,-1.03469E-1,-8.83213E-2,-7.31737E-2,-6.85038E-2,-7.23470E-2,-7.18757E-2,-7.33920E-2,-7.88453E-2,-8.48762E-2,-7.34152E-2,-4.82772E-2,-1.31045E-2,2.73715E-2,3.50476E-2,1.42226E-2,-1.23947E-3,-3.45191E-3,5.34058E-4,1.12327E-3,1.19000E-3,-1.56711E-3,-1.44136E-3,1.16603E-3,5.15991E-5,-2.41285E-3,-1.30546E-3,-7.43281E-4,2.25709E-4,-7.89862E-4,-1.64933E-3,7.08349E-4,-5.73961E-4,2.95282E-5,-4.78236E-4,-1.64296E-3,-5.56307E-4,7.13164E-4,2.20477E-4,-1.36526E-3,-1.71892E-3,-1.26966E-3,-4.14641E-3,-1.34087E-3,-2.57247E-4,-5.70498E-4,-3.40075E-4,2.30618E-4,-2.06528E-3,-1.61837E-3,-9.95194E-4,-1.36370E-3,-8.78884E-4,-8.67864E-4,-6.31147E-4,-1.02826E-3,-6.03673E-4,-9.04615E-4,-7.80504E-4,-1.29482E-3,-1.83996E-3,-1.22141E-3,-1.29916E-3,-1.20516E-3,-7.94776E-5,-3.50737E-4,-1.03061E-3,-1.84990E-3,-1.11868E-3,-1.39050E-4,-2.59911E-4,-1.88806E-3,-2.33121E-4,-1.11025E-3,-3.46799E-4,-6.63289E-4,-1.61868E-3,-9.32007E-4,3.60582E-4,1.24817E-3,1.47994E-3,7.19907E-5,-4.25798E-4,-1.26855E-3,-7.36193E-4
1.03583E+3,NaN,NaN,NaN,NaN,NaN,NaN,NaN,NaN,NaN,NaN,NaN,NaN,NaN,NaN,NaN,NaN,NaN,NaN,NaN,NaN,NaN,NaN,NaN,NaN,NaN,NaN,NaN,2.16158E-4,-1.29056E-4,-4.38334E-4,-4.56533E-4,-4.74733E-4,-4.38527E-4,-2.41474E-4,-4.44207E-5,1.42909E-4,3.15382E-4,4.87856E-4,3.76804E-4,2.27341E-5,-3.31336E-4,-2.96114E-4,-7.88069E-5,1.38500E-4,1.65821E-3,3.45576E-3,5.25331E-3,-4.34043E-3,-1.43224E-2,-2.62687E-2,-5.41245E-2,-8.19802E-2,-1.00203E-1,-8.99470E-2,-7.96908E-2,-7.03616E-2,-6.72995E-2,-7.03290E-2,-7.04806E-2,-7.10377E-2,-7.61440E-2,-7.87170E-2,-6.83035E-2,-4.54054E-2,-8.06835E-3,2.68303E-2,2.98708E-2,1.17388E-2,-1.30053E-3,-2.65092E-3,-2.31315E-4,8.14265E-4,1.20578E-3,-7.78460E-4,-1.69083E-3,-9.23882E-4,-1.69384E-3,-2.05302E-3,-8.18308E-4,-8.29592E-4,-1.32521E-3,-4.06647E-4,-1.32487E-3,-1.40075E-3,-1.11042E-3,-9.06913E-4,-1.31414E-3,-6.05513E-4,1.16185E-4,-7.75336E-4,-2.62374E-3,-1.70475E-3,-2.15404E-3,-3.14162E-3,-1.99319E-3,-1.97337E-3,-1.30141E-3,-1.15223E-3,-1.76832E-3,-1.58493E-3,-1.84712E-3,-1.73321E-3,-2.84052E-3,3.98903E-4,-5.61603E-4,-2.56485E-3,-1.53803E-3,-1.33859E-3,-1.59307E-3,-1.75344E-3,-1.81664E-3,-2.16592E-3,-2.16491E-3,-1.47599E-3,-1.65114E-3,-2.06433E-3,-1.79558E-3,-1.34269E-3,-1.77001E-3,-2.08510E-3,-7.15771E-4,-1.02860E-3,-1.85005E-3,-1.44717E-3,-7.33524E-5,-7.99548E-4,-8.45083E-4,-1.26916E-3,-2.10442E-3,-1.16063E-3,-1.20291E-3,1.19067E-4,-9.09687E-4,-1.03329E-3,-8.53875E-4,-3.34222E-4,-2.92312E-4
1.03926E+3,NaN,NaN,NaN,NaN,NaN,NaN,NaN,NaN,NaN,NaN,NaN,NaN,NaN,NaN,NaN,NaN,NaN,NaN,NaN,NaN,NaN,NaN,NaN,NaN,NaN,NaN,1.61342E-5,-2.33106E-4,-4.82347E-4,-5.71236E-4,-5.71006E-4,-5.70775E-4,-4.27848E-4,-2.45982E-4,-6.41164E-5,9.76239E-5,2.57814E-4,4.01173E-4,3.25425E-4,2.49678E-4,2.10066E-4,3.03027E-4,3.95988E-4,7.20547E-4,1.46215E-3,2.20375E-3,6.83419E-4,-3.09969E-3,-6.88279E-3,-2.74823E-2,-5.74281E-2,-8.73739E-2,-9.16137E-2,-8.88390E-2,-8.60643E-2,-7.24037E-2,-6.87323E-2,-7.03673E-2,-7.23107E-2,-7.35007E-2,-7.85751E-2,-8.19430E-2,-7.12161E-2,-4.50995E-2,7.27034E-4,3.10737E-2,2.70533E-2,8.17192E-3,-2.21830E-3,-1.45183E-3,8.02407E-4,1.19569E-3,2.30362E-5,-8.50802E-4,7.46376E-4,-5.91064E-4,-1.36480E-3,-8.06652E-4,-9.96319E-4,-4.66887E-4,-4.30446E-4,-1.34204E-3,-1.36561E-3,-1.67538E-3,-7.29400E-4,-1.05001E-3,-2.05825E-3,-1.82121E-3,-1.15453E-3,-2.02602E-3,-9.66622E-4,-2.22009E-3,-1.26557E-3,-1.72188E-3,-1.58251E-3,-1.12352E-3,-2.19593E-3,-2.11199E-3,-1.32576E-3,-1.13889E-3,-2.15637E-3,-1.47174E-3,-1.75488E-3,-9.11435E-4,-1.38224E-3,-1.46602E-3,-1.62643E-3,-1.00189E-3,-1.80782E-3,-1.96193E-3,-2.23004E-3,-1.60605E-3,-1.91449E-3,-1.39123E-3,-1.11999E-3,-1.61790E-3,-4.42057E-4,-1.30109E-3,-2.43555E-3,-2.09533E-3,-1.60141E-3,-1.96694E-4,-1.32827E-3,-1.89996E-3,-1.72647E-4,-3.73197E-4,-3.47609E-4,-1.47836E-4,-1.55881E-3,-1.11758E-3,-6.01628E-4,-8.46608E-4,-2.21584E-4,-8.93651E-5,-3.12880E-4,-1.85914E-3,-1.46632E-3
1.04269E+3,NaN,NaN,NaN,NaN,NaN,NaN,NaN,NaN,NaN,NaN,NaN,NaN,NaN,NaN,NaN,NaN,NaN,NaN,NaN,NaN,NaN,NaN,NaN,NaN,NaN,2.98575E-4,1.63547E-4,2.85197E-5,-8.30064E-5,-7.93929E-5,-7.57794E-5,-2.07449E-5,1.47484E-4,3.15713E-4,3.68911E-4,2.84450E-4,1.99988E-4,6.75614E-5,-9.70982E-5,-2.61758E-4,-3.32897E-4,-3.71339E-4,-4.09781E-4,1.71415E-4,8.34081E-4,1.46422E-3,9.06563E-4,3.48908E-4,-4.41080E-3,-2.97576E-2,-5.51043E-2,-7.48705E-2,-8.23520E-2,-8.98336E-2,-8.71365E-2,-7.50240E-2,-7.09173E-2,-7.16945E-2,-7.21985E-2,-7.51404E-2,-7.94063E-2,-8.00379E-2,-6.91496E-2,-3.72214E-2,4.92567E-3,2.87199E-2,2.52309E-2,9.88469E-3,2.02303E-4,-1.21829E-4,1.25131E-3,5.76732E-4,4.60582E-4,8.44652E-4,3.06919E-4,-2.34855E-4,-7.97570E-6,4.50453E-4,-1.05152E-4,-3.92152E-5,1.84487E-4,-7.75934E-4,-7.59496E-4,9.26590E-5,1.09544E-4,-4.93436E-4,-8.47931E-4,-8.33294E-4,-5.91076E-4,-3.72991E-4,-4.19044E-4,-1.29132E-3,-1.63449E-3,-1.33678E-3,-9.96431E-4,-1.02646E-3,-6.41580E-4,-6.04982E-4,-8.22967E-4,-1.28611E-3,-4.48227E-4,-2.78905E-4,-1.11350E-3,-1.12371E-3,-2.42691E-3,-7.02640E-4,-1.03110E-3,-6.36073E-4,-1.37719E-3,-9.14540E-4,-8.66831E-4,-5.97287E-4,-1.57032E-3,-1.10906E-3,-1.27152E-3,-1.61829E-3,-1.10748E-3,-1.19723E-3,-1.04275E-3,-8.10925E-4,-8.33838E-4,-7.50245E-4,-5.93452E-4,-1.20286E-3,3.50125E-4,3.25723E-4,4.42226E-4,2.75888E-4,-7.95917E-4,-2.32607E-4,4.87585E-4,1.79231E-4,5.74105E-4,-1.03956E-4,2.60685E-4,-4.42912E-4,-1.26728E-4
1.04613E+3,NaN,NaN,NaN,NaN,NaN,NaN,NaN,NaN,NaN,NaN,NaN,NaN,NaN,NaN,NaN,NaN,NaN,NaN,NaN,NaN,NaN,NaN,NaN,NaN,NaN,2.00034E-4,-2.59766E-5,-2.51987E-4,-3.49662E-4,-3.89741E-4,-4.29821E-4,-1.70535E-4,1.48729E-4,4.67994E-4,2.95269E-4,1.10418E-4,-4.06050E-5,5.92810E-5,1.59167E-4,1.91314E-4,3.23185E-5,-1.26677E-4,-2.10904E-4,-1.85067E-4,-1.59230E-4,9.71673E-4,3.01635E-3,5.06104E-3,-9.32462E-3,-3.10840E-2,-5.28434E-2,-7.11147E-2,-8.86872E-2,-1.06260E-1,-9.35185E-2,-7.74654E-2,-7.47758E-2,-7.72282E-2,-7.96070E-2,-8.11958E-2,-8.76178E-2,-8.84705E-2,-7.60472E-2,-3.40935E-2,9.74116E-3,3.02574E-2,2.40244E-2,6.33851E-3,-1.42363E-3,2.23613E-3,1.26981E-3,9.30030E-5,7.01873E-4,-1.39839E-4,2.28558E-7,-9.46601E-4,1.16934E-4,4.83978E-4,-2.04271E-4,4.25649E-4,-7.93383E-4,-8.70593E-4,-3.92647E-4,-5.16255E-4,-3.94805E-4,-1.59146E-3,-1.44166E-3,-5.06675E-4,-8.95700E-4,-5.21925E-4,-1.19947E-3,-1.27095E-3,-1.31531E-3,-1.56829E-3,-1.33559E-3,-2.19109E-3,-6.83372E-4,-8.73128E-4,-3.46376E-4,-1.76652E-3,-1.18541E-3,-1.09167E-3,-1.05959E-3,-1.16923E-3,-1.89962E-3,-3.62538E-4,-7.97703E-4,-5.01335E-4,-1.30091E-3,-1.05550E-3,-2.30470E-3,-1.32615E-3,-1.73175E-3,-1.25171E-3,-6.72975E-4,-1.12551E-3,-9.46976E-4,-1.50769E-3,-1.19286E-3,-1.45077E-3,-1.03414E-3,-1.53010E-4,-8.96347E-4,-1.78211E-3,-3.39738E-4,-9.82715E-4,1.88927E-4,1.37138E-4,-7.82998E-4,-4.27523E-4,-9.30100E-5,-1.40524E-4,1.08776E-4,-2.58010E-4,-2.03812E-4,-4.61914E-4,-2.30423E-4
1.04956E+3,NaN,NaN,NaN,NaN,NaN,NaN,NaN,NaN,NaN,NaN,NaN,NaN,NaN,NaN,NaN,NaN,NaN,NaN,NaN,NaN,NaN,NaN,NaN,NaN,3.78528E-4,2.34836E-4,9.11433E-5,-4.43328E-5,-1.47951E-4,-2.51569E-4,-2.70196E-4,-1.29500E-4,1.11959E-5,1.22533E-4,2.03404E-4,2.84274E-4,2.78355E-4,2.22245E-4,1.66135E-4,-4.99995E-5,-3.12208E-4,-5.74417E-4,-5.35717E-4,-4.70604E-4,-2.03911E-4,3.10395E-3,6.41182E-3,5.93607E-3,-9.21093E-3,-2.43579E-2,-4.30648E-2,-6.84450E-2,-9.38252E-2,-1.03244E-1,-9.18296E-2,-8.03070E-2,-7.68956E-2,-7.85401E-2,-8.05743E-2,-8.36562E-2,-8.87712E-2,-8.85488E-2,-6.89151E-2,-2.91921E-2,9.72501E-3,2.72800E-2,2.03839E-2,5.76896E-3,3.39586E-4,1.48687E-3,8.71095E-4,3.37849E-4,4.79553E-4,3.52195E-4,3.26320E-4,2.65597E-4,4.14445E-4,1.51382E-4,1.03792E-4,-1.36161E-4,-8.25367E-4,-5.68761E-4,-2.53202E-6,-1.75778E-4,-1.25860E-3,-1.68067E-3,-1.06338E-3,-8.36434E-4,-1.15679E-3,-1.49342E-3,-1.97916E-3,-2.03655E-3,-1.54500E-3,-1.24945E-3,-1.24441E-3,-1.22270E-3,-1.23471E-3,-1.57176E-3,-6.79790E-4,-1.01410E-3,-1.69048E-3,-1.53113E-3,-7.50501E-4,-1.04351E-3,-8.06730E-4,-8.99663E-4,-1.03385E-3,-5.76921E-4,-1.61669E-3,-1.47634E-3,-1.57705E-3,-1.32061E-3,-6.89199E-4,-9.93180E-4,-1.30775E-3,-1.35594E-3,-1.21958E-3,-1.50327E-3,-1.42267E-3,-1.28830E-3,-7.07309E-4,-5.02375E-4,-1.14389E-3,-2.31325E-3,-5.09452E-4,-3.67342E-4,4.24377E-4,-8.22661E-5,-2.67226E-4,-4.69582E-4,-1.83940E-4,6.20804E-4,5.05813E-4,5.35683E-5,7.25528E-5,-6.46794E-4,-9.09085E-5
1.05300E+3,NaN,NaN,NaN,NaN,NaN,NaN,NaN,NaN,NaN,NaN,NaN,NaN,NaN,NaN,NaN,NaN,NaN,NaN,NaN,NaN,NaN,NaN,NaN,NaN,4.99276E-4,1.35972E-4,-2.27332E-4,-3.79093E-4,-4.46106E-4,-5.13119E-4,-3.41649E-4,-1.30330E-4,8.09899E-5,3.09482E-4,5.37980E-4,7.17630E-4,6.03440E-4,4.89249E-4,2.59506E-4,-2.59565E-4,-7.78637E-4,-1.06308E-3,-1.03428E-3,-1.00549E-3,9.92677E-4,4.46978E-3,7.94688E-3,2.61936E-3,-6.23548E-3,-1.50903E-2,-4.25380E-2,-7.30925E-2,-1.03647E-1,-1.05204E-1,-9.27291E-2,-8.19619E-2,-7.88911E-2,-8.17702E-2,-8.33628E-2,-8.59804E-2,-9.33401E-2,-9.39345E-2,-6.94470E-2,-2.48545E-2,1.61682E-2,2.99630E-2,1.74890E-2,1.59923E-3,2.67508E-4,9.88110E-4,6.33630E-4,1.50328E-3,5.14725E-4,3.66664E-4,3.97240E-4,2.60896E-5,5.57625E-4,-9.59399E-4,9.13041E-4,-7.08894E-4,-1.29669E-3,-6.91257E-4,4.49715E-4,-8.64433E-5,-2.43974E-3,-1.94696E-3,-2.79327E-4,-7.49230E-4,-1.45662E-3,-1.78512E-3,-2.38383E-3,-1.95153E-3,-1.63910E-3,-1.30504E-3,-1.93544E-3,-1.15855E-3,-1.16849E-3,-1.16979E-3,-1.80114E-3,-3.79251E-4,-1.86779E-3,-1.84342E-3,-7.63315E-4,-1.36231E-3,-1.49235E-3,-1.00847E-3,-1.12618E-3,-1.10131E-3,-1.50465E-3,-1.97218E-3,-1.97646E-3,-1.51454E-3,-1.24969E-3,-1.04581E-3,-1.17502E-3,-1.74126E-3,-5.01608E-4,-1.86467E-3,-1.69354E-3,-1.49798E-3,-9.05095E-4,-9.22699E-4,-9.93394E-4,-1.55619E-3,-4.67464E-4,-1.28271E-3,-2.66935E-4,-2.43728E-4,-4.68220E-4,-6.21506E-4,-1.11861E-4,-2.91845E-4,2.42773E-4,-2.98427E-5,-4.81389E-4,-9.68729E-4,-5.79922E-4
1.05643E+3,NaN,NaN,NaN,NaN,NaN,NaN,NaN,NaN,NaN,NaN,NaN,NaN,NaN,NaN,NaN,NaN,NaN,NaN,NaN,NaN,NaN,NaN,NaN,2.97484E-4,1.04914E-4,-8.76564E-5,-2.23699E-4,-1.55978E-4,-8.82562E-5,-3.70148E-5,-1.50684E-5,6.87806E-6,1.07064E-4,2.84594E-4,4.62123E-4,5.01587E-4,4.65308E-4,4.29028E-4,3.10841E-5,-4.63813E-4,-9.58710E-4,-1.09065E-3,-1.19588E-3,-1.11600E-3,1.26964E-3,3.65528E-3,5.08673E-3,3.07862E-3,1.07051E-3,-1.20215E-2,-4.48162E-2,-7.76108E-2,-9.95264E-2,-1.02449E-1,-9.34796E-2,-8.42120E-2,-8.19456E-2,-8.34230E-2,-8.49493E-2,-8.91101E-2,-9.54735E-2,-9.13324E-2,-6.40560E-2,-2.06660E-2,1.44619E-2,2.46331E-2,1.39783E-2,3.36550E-3,1.19681E-3,5.70738E-4,8.50469E-4,8.15824E-4,2.22518E-4,3.35713E-4,3.90855E-4,5.02628E-4,2.99811E-5,1.96010E-4,-6.13242E-5,-1.28502E-3,-7.98003E-4,2.50244E-4,2.22045E-4,-1.07686E-3,-1.87915E-3,-9.89360E-4,-5.65198E-4,-1.29699E-3,-1.65607E-3,-2.22984E-3,-2.30752E-3,-1.98712E-3,-1.83733E-3,-2.03359E-3,-1.79437E-3,-1.55445E-3,-1.54936E-3,-7.63780E-4,-2.18891E-3,-7.17282E-4,-1.90010E-3,-2.10622E-3,-8.91587E-4,-2.00131E-3,-1.61383E-3,-1.21485E-3,-1.56720E-3,-1.37405E-3,-2.14132E-3,-2.07806E-3,-1.95499E-3,-1.56376E-3,-1.14531E-3,-8.41001E-4,-1.36050E-3,-1.89215E-3,-8.37550E-4,-2.15730E-3,-1.98338E-3,-1.84323E-3,-1.11335E-3,-9.88087E-4,-1.05208E-3,-1.56350E-3,-7.28307E-4,-1.22109E-3,-2.22090E-4,-7.67905E-4,-4.98130E-4,-9.47102E-4,-7.48478E-4,6.45373E-5,-1.36128E-5,-1.29335E-4,-2.30182E-4,-1.35052E-3,-9.46522E-4
1.05987E+3,NaN,NaN,NaN,NaN,NaN,NaN,NaN,NaN,NaN,NaN,NaN,NaN,NaN,NaN,NaN,NaN,NaN,NaN,NaN,NaN,NaN,NaN,NaN,1.47611E-4,-1.80518E-4,-5.08647E-4,-6.97314E-4,-8.30312E-4,-9.63310E-4,-6.21611E-4,-2.01070E-4,2.19432E-4,5.47717E-4,8.76002E-4,1.12773E-3,9.21736E-4,7.15739E-4,4.42033E-4,-5.96079E-7,-4.43225E-4,-8.35809E-4,-1.16178E-3,-1.48776E-3,-9.87388E-4,1.31662E-4,1.25071E-3,3.59811E-3,6.43584E-3,9.27356E-3,-1.66605E-2,-4.73733E-2,-7.80817E-2,-9.83887E-2,-1.04695E-1,-9.43666E-2,-8.53498E-2,-8.38323E-2,-8.53681E-2,-8.45144E-2,-9.03697E-2,-9.85313E-2,-9.50959E-2,-6.24948E-2,-1.40521E-2,1.89073E-2,2.48154E-2,9.56361E-3,2.87742E-3,4.69079E-4,8.37792E-4,1.48608E-3,1.50682E-5,3.86433E-4,5.95292E-5,-1.57951E-4,5.97617E-4,-7.41738E-4,1.13911E-3,-1.05729E-3,-1.63058E-3,-1.29387E-4,9.01096E-4,1.44841E-4,-2.73376E-3,-1.86355E-3,-3.48795E-4,-1.07040E-3,-1.85578E-3,-2.02345E-3,-3.09470E-3,-2.45432E-3,-2.25531E-3,-1.56272E-3,-2.59984E-3,-9.16488E-4,-1.87726E-3,-2.18330E-3,-1.43746E-4,-1.62062E-3,-1.58344E-3,-2.39308E-3,-2.02414E-3,-9.94812E-4,-2.10424E-3,-1.91506E-3,-1.32972E-3,-1.65032E-3,-1.80148E-3,-2.32647E-3,-2.30161E-3,-2.35206E-3,-1.69033E-3,-1.13562E-3,-9.52095E-4,-1.55013E-3,-2.16016E-3,-5.83154E-4,-2.27042E-3,-2.37111E-3,-1.98214E-3,-1.23403E-3,-1.05547E-3,-1.04118E-3,-1.43631E-3,-7.10987E-4,-1.13548E-3,-2.19011E-4,-5.58053E-4,-4.78603E-4,-9.24582E-4,-1.08529E-3,-5.48035E-5,-1.19628E-4,-2.21761E-4,-5.55306E-4,-1.61131E-3,-1.29183E-3
1.06330E+3,NaN,NaN,NaN,NaN,NaN,NaN,NaN,NaN,NaN,NaN,NaN,NaN,NaN,NaN,NaN,NaN,NaN,NaN,NaN,NaN,NaN,NaN,1.19414E-4,-2.00048E-4,-5.19509E-4,-7.79669E-4,-8.12205E-4,-8.44740E-4,-7.45106E-4,-3.99515E-4,-5.39246E-5,3.20916E-4,7.25909E-4,1.13090E-3,1.16409E-3,9.83786E-4,8.03486E-4,3.74570E-4,-1.25242E-4,-6.25054E-4,-9.67117E-4,-1.29564E-3,-1.58816E-3,-1.35245E-3,-1.11674E-3,2.13926E-4,5.74750E-3,1.12811E-2,5.90303E-3,-1.97807E-2,-4.54645E-2,-7.18288E-2,-9.49882E-2,-1.02514E-1,-9.56377E-2,-8.86108E-2,-8.62777E-2,-8.58168E-2,-8.63504E-2,-9.19482E-2,-9.94500E-2,-9.09831E-2,-5.67832E-2,-1.34351E-2,1.54940E-2,1.90585E-2,9.75813E-3,2.83468E-3,3.89701E-4,1.15073E-3,1.02006E-3,4.43542E-4,3.56765E-4,7.47176E-7,3.05580E-4,-2.75401E-4,2.62631E-4,5.00402E-4,-1.13664E-3,-7.97940E-4,5.90185E-4,6.84255E-4,-1.13264E-3,-2.37891E-3,-1.22996E-3,-2.77437E-4,-1.07511E-3,-1.83250E-3,-2.71939E-3,-2.91030E-3,-2.24974E-3,-1.77131E-3,-1.99539E-3,-1.84388E-3,-1.60514E-3,-1.35661E-3,-1.18020E-3,1.75229E-5,-1.31036E-3,-2.40055E-3,-2.83396E-3,-2.53680E-3,-1.61019E-4,-8.28085E-4,-2.33449E-3,-1.69007E-3,-1.41275E-3,-2.02207E-3,-2.61822E-3,-2.45547E-3,-2.41132E-3,-1.81293E-3,-1.15629E-3,-1.17916E-3,-1.76145E-3,-2.45370E-3,-4.40819E-4,-2.56103E-3,-2.85813E-3,-2.11984E-3,-1.38384E-3,-1.22969E-3,-1.14162E-3,-1.26630E-3,-8.10391E-4,-1.36142E-3,-2.06938E-4,-9.05080E-4,-4.31019E-4,-9.92154E-4,-1.40890E-3,-3.11395E-4,-2.23932E-4,-2.11170E-4,-1.98000E-4,-1.55980E-3,-1.44509E-3
1.06674E+3,NaN,NaN,NaN,NaN,NaN,NaN,NaN,NaN,NaN,NaN,NaN,NaN,NaN,NaN,NaN,NaN,NaN,NaN,NaN,NaN,NaN,NaN,1.15743E-5,-4.82937E-4,-9.77449E-4,-1.11711E-3,-1.09970E-3,-1.08228E-3,-6.96358E-4,-2.38151E-4,2.20056E-4,4.17781E-4,6.09885E-4,8.01332E-4,9.88038E-4,1.17474E-3,1.15392E-3,5.56283E-4,-4.13534E-5,-5.80555E-4,-1.03478E-3,-1.48900E-3,-1.86146E-3,-2.16711E-3,-2.47276E-3,1.52093E-3,7.41777E-3,1.33146E-2,-8.58702E-4,-1.89686E-2,-3.70785E-2,-6.82808E-2,-1.00264E-1,-1.04525E-1,-9.76228E-2,-9.02616E-2,-8.74791E-2,-8.62171E-2,-8.60675E-2,-9.33754E-2,-1.05316E-1,-9.37802E-2,-5.36211E-2,-8.46771E-3,1.85514E-2,1.72811E-2,8.05324E-3,8.65895E-4,1.27638E-4,2.06109E-3,-1.74103E-4,3.15287E-4,3.31150E-5,1.05067E-4,1.53761E-4,-1.50883E-3,1.59349E-3,-7.77116E-4,-1.59912E-3,-3.29436E-5,1.10484E-3,1.35853E-4,-2.41939E-3,-2.21865E-3,2.46322E-6,-1.10205E-3,-2.18716E-3,-2.06150E-3,-3.44062E-3,-2.44007E-3,-2.74041E-3,-1.19004E-3,-2.93469E-3,-1.24619E-3,-2.59857E-3,-2.11970E-4,-1.09108E-3,-7.16219E-4,-1.51169E-3,-2.77679E-3,-2.36327E-3,-3.07853E-3,-1.02637E-4,-9.28736E-4,-2.31821E-3,-2.46847E-3,-1.80979E-3,-2.57935E-3,-2.63453E-3,-2.64416E-3,-2.36362E-3,-1.61342E-3,-1.24557E-3,-1.26846E-3,-1.91475E-3,-2.85756E-3,-3.16640E-4,-2.48577E-3,-3.09029E-3,-2.48143E-3,-1.48385E-3,-1.55883E-3,-1.25303E-3,-1.34443E-3,-1.03799E-3,-1.40698E-3,-3.46372E-4,-1.23498E-3,-1.08460E-3,-1.39069E-3,-1.54781E-3,-3.61814E-4,-7.13994E-4,-6.20186E-4,-6.60920E-4,-2.14649E-3,-1.79540E-3
1.07018E+3,NaN,NaN,NaN,NaN,NaN,NaN,NaN,NaN,NaN,NaN,NaN,NaN,NaN,NaN,NaN,NaN,NaN,NaN,NaN,NaN,NaN,1.55601E-4,-2.89475E-4,-7.34551E-4,-1.12363E-3,-1.24737E-3,-1.37110E-3,-1.27290E-3,-6.96774E-4,-1.20645E-4,2.81662E-4,4.79883E-4,6.78103E-4,9.90576E-4,1.37833E-3,1.76608E-3,1.26740E-3,4.66385E-4,-3.34630E-4,-8.11213E-4,-1.24709E-3,-1.68043E-3,-2.03523E-3,-2.39002E-3,-1.89026E-3,2.65929E-3,7.20883E-3,7.23236E-3,-2.49111E-3,-1.22146E-2,-3.22930E-2,-6.86060E-2,-9.71063E-2,-1.03533E-1,-9.89646E-2,-9.21354E-2,-8.79176E-2,-8.64925E-2,-8.81414E-2,-9.69864E-2,-1.03637E-1,-8.82259E-2,-4.97494E-2,-8.17981E-3,1.48612E-2,1.55705E-2,6.47903E-3,6.20593E-4,7.79626E-4,1.05958E-3,1.39649E-4,2.39078E-5,-3.66409E-4,-2.34571E-4,-6.70826E-4,1.71073E-4,6.30706E-4,-1.05866E-3,-3.19478E-4,1.04392E-3,9.63577E-4,-1.14934E-3,-2.57595E-3,-9.60238E-4,-1.53186E-4,-1.51238E-3,-1.91580E-3,-2.68527E-3,-3.17085E-3,-2.54430E-3,-2.01774E-3,-2.25409E-3,-2.24404E-3,-1.83271E-3,-1.70757E-3,1.52617E-4,-1.32666E-3,-1.72534E-3,-1.98090E-3,-8.61519E-4,-5.49530E-4,-3.32231E-3,-4.40954E-4,-1.70201E-3,-2.22546E-3,-2.61355E-3,-1.85833E-3,-3.15032E-3,-2.63734E-3,-2.68431E-3,-2.42950E-3,-1.51244E-3,-1.04026E-3,-1.68004E-3,-2.64033E-3,-3.34969E-3,-2.91782E-4,-2.68109E-3,-3.33444E-3,-2.82469E-3,-1.87543E-3,-1.18799E-3,-9.74758E-4,-9.82849E-4,-9.89195E-4,-1.50084E-3,-5.74994E-4,-1.44157E-3,-8.90264E-4,-1.37149E-3,-2.03433E-3,-7.37667E-4,-7.76437E-4,-7.69843E-4,-8.46880E-4,-2.49463E-3,-2.18192E-3
1.07362E+3,NaN,NaN,NaN,NaN,NaN,NaN,NaN,NaN,NaN,NaN,NaN,NaN,NaN,NaN,NaN,NaN,NaN,NaN,NaN,NaN,NaN,-8.06387E-5,-5.03457E-4,-9.26275E-4,-1.23719E-3,-1.48785E-3,-1.73851E-3,-1.16786E-3,-3.82647E-4,4.02567E-4,5.91353E-4,7.39168E-4,8.92020E-4,1.10393E-3,1.31585E-3,1.35999E-3,8.14280E-4,2.68566E-4,-3.18347E-4,-9.77154E-4,-1.63596E-3,-2.01909E-3,-2.13432E-3,-2.24955E-3,-7.46251E-4,1.62854E-3,4.00333E-3,3.29113E-3,1.77246E-3,2.53788E-4,-2.74413E-2,-7.35075E-2,-9.88887E-2,-1.04947E-1,-1.01439E-1,-9.23329E-2,-8.85347E-2,-8.71425E-2,-8.88392E-2,-1.00849E-1,-1.08429E-1,-8.94370E-2,-4.63757E-2,-3.40993E-3,1.87440E-2,1.44041E-2,3.58957E-3,-1.69078E-4,2.20840E-3,-3.61617E-4,5.50325E-4,-7.83836E-4,-2.21438E-4,-4.99755E-4,-1.16937E-3,1.99477E-3,-5.17177E-4,-1.63188E-3,1.62540E-4,1.63284E-3,4.20331E-4,-2.53597E-3,-2.49264E-3,1.70874E-4,-8.15228E-4,-2.27026E-3,-1.91165E-3,-3.74965E-3,-2.37181E-3,-2.34202E-3,-1.45741E-3,-2.95205E-3,-1.17981E-3,-2.59854E-3,-6.16220E-4,8.96894E-4,-1.42265E-3,-9.15920E-4,-3.00127E-3,7.91830E-4,-1.35437E-3,-3.08322E-3,-1.00628E-3,-1.85224E-3,-1.88863E-3,-3.17636E-3,-1.67770E-3,-3.55408E-3,-2.69874E-3,-2.89805E-3,-2.66110E-3,-1.50295E-3,-1.00793E-3,-1.58174E-3,-2.80880E-3,-3.64492E-3,-2.07095E-4,-2.69171E-3,-3.73613E-3,-3.23259E-3,-2.09505E-3,-1.37025E-3,-1.13329E-3,-1.11893E-3,-9.75792E-4,-1.49605E-3,-7.15610E-4,-1.65598E-3,-9.17844E-4,-1.35254E-3,-2.18739E-3,-6.45549E-4,-6.12103E-4,-6.19533E-4,-6.77752E-4,-2.10003E-3,-2.19456E-3
1.07706E+3,NaN,NaN,NaN,NaN,NaN,NaN,NaN,NaN,NaN,NaN,NaN,NaN,NaN,NaN,NaN,NaN,NaN,NaN,NaN,NaN,NaN,-2.65285E-5,-6.38999E-4,-1.21440E-3,-1.51930E-3,-1.82421E-3,-1.81580E-3,-9.31168E-4,-4.65346E-5,4.87202E-4,5.08076E-4,5.28951E-4,7.61777E-4,1.16865E-3,1.57552E-3,1.27349E-3,6.55878E-4,3.82653E-5,-6.86582E-4,-1.43265E-3,-2.17871E-3,-2.13086E-3,-2.06487E-3,-1.95950E-3,-1.56675E-3,-1.17400E-3,4.13128E-4,5.34056E-3,1.02680E-2,3.75624E-3,-3.02514E-2,-7.30421E-2,-9.74258E-2,-1.05320E-1,-1.01714E-1,-9.31805E-2,-8.93865E-2,-8.85478E-2,-9.23553E-2,-1.02669E-1,-1.06914E-1,-8.54429E-2,-4.23671E-2,-9.36686E-4,1.79162E-2,1.17135E-2,1.84959E-3,4.24487E-5,1.28485E-3,4.93158E-5,2.77874E-5,-8.04476E-4,-3.38162E-4,-9.76896E-4,-2.63962E-4,8.58311E-4,-1.23070E-3,-6.32112E-4,1.15665E-3,1.19340E-3,-1.12625E-3,-2.86265E-3,-1.38116E-3,-1.89244E-4,-1.36752E-3,-1.89726E-3,-2.75613E-3,-3.49958E-3,-2.79036E-3,-2.07244E-3,-2.22878E-3,-2.41400E-3,-1.66629E-3,-1.80887E-3,1.29779E-4,4.39157E-4,-1.16579E-3,-1.90281E-4,-2.67823E-3,-1.66360E-3,-2.64715E-3,-2.69975E-3,-1.77973E-3,-1.21438E-3,-1.33553E-3,-3.33387E-3,-1.26087E-3,-4.19353E-3,-2.41748E-3,-2.89396E-3,-2.57955E-3,-1.17047E-3,-9.52432E-4,-1.78337E-3,-2.98355E-3,-3.93911E-3,-2.72913E-4,-2.69332E-3,-3.70578E-3,-3.33732E-3,-2.18023E-3,-1.22720E-3,-1.11559E-3,-1.05726E-3,-1.23180E-3,-1.45012E-3,-7.50081E-4,-1.87620E-3,-1.16509E-3,-1.35431E-3,-2.19533E-3,-5.47878E-4,-7.59195E-4,-6.84106E-4,-1.03486E-3,-2.50463E-3,-2.56143E-3
1.08050E+3,NaN,NaN,NaN,NaN,NaN,NaN,NaN,NaN,NaN,NaN,NaN,NaN,NaN,NaN,NaN,NaN,NaN,NaN,NaN,NaN,1.41570E-4,-5.55686E-4,-1.25294E-3,-1.64929E-3,-1.83295E-3,-2.01662E-3,-1.31360E-3,-2.80548E-4,7.52504E-4,7.84385E-4,6.68788E-4,5.58547E-4,8.13193E-4,1.06784E-3,1.23577E-3,9.39248E-4,6.42723E-4,1.93533E-4,-6.11573E-4,-1.41668E-3,-1.95151E-3,-2.14655E-3,-2.34160E-3,-2.84603E-3,-3.56913E-3,-4.29224E-3,2.05438E-3,1.10324E-2,2.00105E-2,7.67196E-3,-3.38813E-2,-7.39239E-2,-9.75550E-2,-1.08723E-1,-1.01142E-1,-9.18074E-2,-8.91838E-2,-8.91177E-2,-9.25858E-2,-1.06268E-1,-1.11866E-1,-8.43245E-2,-3.72328E-2,8.46772E-3,1.81494E-2,8.29223E-3,-1.33133E-3,1.54960E-3,3.12473E-4,6.90353E-4,-7.19449E-4,-3.30224E-4,-2.92202E-4,-1.74873E-3,1.52221E-3,-6.53059E-4,-1.31107E-3,2.43845E-4,1.78687E-3,2.66336E-4,-2.52539E-3,-2.86725E-3,-7.36549E-5,-1.03697E-3,-2.29119E-3,-2.13403E-3,-3.44500E-3,-2.99005E-3,-2.71164E-3,-1.12929E-3,-3.12101E-3,-1.24874E-3,-2.55386E-3,-1.02300E-3,9.50068E-4,-3.84784E-4,-7.69160E-4,-1.80112E-3,-1.06526E-3,-3.54068E-3,-2.75503E-3,-1.85268E-3,-2.72547E-3,-1.23390E-3,-1.81463E-3,-3.20597E-3,-1.80077E-3,-4.04292E-3,-2.67129E-3,-2.86811E-3,-2.67151E-3,-1.45789E-3,-8.49927E-4,-1.92536E-3,-3.07773E-3,-3.59622E-3,-2.58901E-4,-2.82662E-3,-3.95830E-3,-3.34465E-3,-1.82495E-3,-1.47120E-3,-1.37613E-3,-1.34959E-3,-1.43762E-3,-1.46110E-3,-8.12584E-4,-1.78296E-3,-1.04721E-3,-1.76130E-3,-2.72936E-3,-6.02540E-4,-8.02284E-4,-8.39641E-4,-1.11136E-3,-2.60399E-3,-2.64065E-3
1.08394E+3,NaN,NaN,NaN,NaN,NaN,NaN,NaN,NaN,NaN,NaN,NaN,NaN,NaN,NaN,NaN,NaN,NaN,NaN,NaN,NaN,-2.65831E-4,-8.29181E-4,-1.37697E-3,-1.60328E-3,-1.82959E-3,-1.85112E-3,-9.94098E-4,-1.37081E-4,4.68896E-4,5.69513E-4,6.70131E-4,8.50578E-4,1.11935E-3,1.38812E-3,1.27393E-3,9.22646E-4,5.71357E-4,-1.05219E-4,-8.84259E-4,-1.66330E-3,-2.05146E-3,-2.39779E-3,-2.78129E-3,-3.93264E-3,-5.08399E-3,-4.07240E-3,6.21846E-3,1.65093E-2,2.16146E-2,5.53398E-3,-3.39742E-2,-7.22523E-2,-9.76508E-2,-1.08852E-1,-1.01473E-1,-9.18439E-2,-8.98760E-2,-9.03567E-2,-9.50897E-2,-1.08682E-1,-1.10962E-1,-8.05864E-2,-3.01731E-2,1.12627E-2,1.65710E-2,5.95270E-3,-1.66550E-3,1.28700E-3,5.88069E-4,-6.97012E-4,-1.18243E-3,4.80416E-5,-6.33369E-4,-3.97613E-4,8.66537E-4,-8.44452E-4,-5.14732E-4,1.08607E-3,1.28170E-3,-1.04043E-3,-2.78640E-3,-1.59590E-3,-1.14604E-4,-1.59452E-3,-2.09376E-3,-2.26489E-3,-3.54044E-3,-2.77509E-3,-1.83110E-3,-1.61286E-3,-2.35600E-3,-1.46567E-3,-2.13360E-3,-1.46584E-4,6.43958E-4,-1.38613E-3,-3.63588E-4,-3.29803E-3,-7.15460E-4,-2.94104E-3,-2.29256E-3,-6.84041E-4,-3.18698E-3,-1.65799E-3,-2.02696E-3,-2.91163E-3,-1.83416E-3,-4.00176E-3,-2.69415E-3,-3.07851E-3,-2.36609E-3,-1.38738E-3,-1.20078E-3,-2.30874E-3,-3.35921E-3,-3.17134E-3,-1.45918E-4,-2.53352E-3,-4.14360E-3,-3.44607E-3,-1.71974E-3,-1.33868E-3,-1.33172E-3,-1.32197E-3,-1.45286E-3,-1.26879E-3,-6.95634E-4,-1.79896E-3,-1.01694E-3,-1.25276E-3,-2.39959E-3,-7.81069E-4,-1.06027E-3,-1.21445E-3,-1.42476E-3,-2.86451E-3,-2.71529E-3
1.08738E+3,NaN,NaN,NaN,NaN,NaN,NaN,NaN,NaN,NaN,NaN,NaN,NaN,NaN,NaN,NaN,NaN,NaN,NaN,NaN,1.73439E-4,-5.34922E-4,-1.24328E-3,-1.67082E-3,-1.81914E-3,-1.96746E-3,-1.49949E-3,-6.91290E-4,1.16912E-4,2.71315E-4,2.48942E-4,2.26569E-4,8.17824E-4,1.45525E-3,2.01008E-3,1.51407E-3,1.01806E-3,4.65786E-4,-2.90999E-4,-1.04778E-3,-1.72675E-3,-2.26651E-3,-2.80628E-3,-3.54278E-3,-4.47489E-3,-5.40700E-3,1.06901E-4,9.17936E-3,1.82518E-2,2.31547E-2,3.60649E-3,-3.53649E-2,-7.16138E-2,-1.01502E-1,-1.10511E-1,-9.99872E-2,-9.21938E-2,-9.06415E-2,-9.03403E-2,-9.74346E-2,-1.15340E-1,-1.11622E-1,-7.54112E-2,-1.61054E-2,1.43363E-2,1.61974E-2,1.51239E-3,-9.83930E-4,1.07326E-3,2.96231E-4,-8.29951E-4,-1.64364E-4,-4.04589E-4,-1.04158E-3,6.88598E-4,-5.50341E-4,-1.31213E-3,9.36495E-5,1.71250E-3,4.81148E-4,-2.24664E-3,-2.93307E-3,-2.97749E-4,-8.72916E-4,-2.13913E-3,-1.91741E-3,-3.45629E-3,-3.09927E-3,-2.52138E-3,-1.52476E-3,-2.73130E-3,-1.26261E-3,-2.21783E-3,-1.26918E-3,4.70708E-4,-4.55067E-4,-1.83961E-3,-1.29351E-4,-3.15026E-3,-1.17482E-3,-2.36285E-3,-2.31926E-3,-1.08528E-3,-3.74663E-3,-2.66362E-3,-1.92757E-3,-2.53775E-3,-2.26169E-3,-3.75001E-3,-2.51016E-3,-3.01619E-3,-2.36484E-3,-1.26905E-3,-1.46209E-3,-2.20328E-3,-3.32334E-3,-3.11879E-3,-5.57195E-4,-2.89677E-3,-4.01207E-3,-3.35096E-3,-1.90988E-3,-1.27649E-3,-1.31110E-3,-1.61064E-3,-1.45167E-3,-1.33824E-3,-8.29021E-4,-1.76592E-3,-9.90820E-4,-1.53979E-3,-2.26102E-3,-5.26062E-4,-9.25396E-4,-1.07191E-3,-1.08113E-3,-2.36048E-3,-2.41757E-3
1.09082E+3,NaN,NaN,NaN,NaN,NaN,NaN,NaN,NaN,NaN,NaN,NaN,NaN,NaN,NaN,NaN,NaN,NaN,NaN,NaN,1.11951E-4,-4.60237E-4,-1.03243E-3,-1.33671E-3,-1.62742E-3,-1.80335E-3,-8.81244E-4,4.08571E-5,7.04618E-4,5.39000E-4,3.73383E-4,3.84692E-4,6.84224E-4,9.83757E-4,9.63213E-4,6.51001E-4,3.38789E-4,-3.04804E-5,-4.28355E-4,-8.26230E-4,-1.44106E-3,-2.10714E-3,-2.77321E-3,-3.50320E-3,-4.23643E-3,-4.27500E-3,2.33108E-3,8.93716E-3,1.64892E-2,2.18415E-2,4.14083E-3,-3.35906E-2,-7.14238E-2,-1.04142E-1,-1.12381E-1,-1.00267E-1,-9.31235E-2,-8.99313E-2,-9.08008E-2,-1.00180E-1,-1.17502E-1,-1.10719E-1,-6.72568E-2,-8.15620E-3,1.66734E-2,1.69849E-2,4.15471E-4,-1.58182E-3,1.42458E-3,-2.81655E-5,-8.60480E-4,2.04169E-4,-5.48843E-4,-3.67495E-4,1.10927E-3,-5.25471E-4,-5.33112E-4,1.29689E-3,1.59158E-3,-2.58725E-4,-2.49541E-3,-1.99253E-3,-3.74126E-5,-1.28635E-3,-1.85663E-3,-1.83296E-3,-3.24347E-3,-2.28837E-3,-1.57056E-3,-1.42590E-3,-2.42769E-3,-1.22327E-3,-1.78383E-3,-1.95023E-4,6.25012E-4,-1.14049E-3,-1.59616E-3,1.07400E-4,-1.59317E-3,-1.94839E-3,-2.37159E-3,-3.00206E-3,-7.84032E-4,-2.67262E-3,-2.48894E-3,-2.19127E-3,-2.30854E-3,-2.19547E-3,-2.86038E-3,-2.37795E-3,-2.63825E-3,-1.90819E-3,-1.07633E-3,-1.22993E-3,-2.32648E-3,-3.26316E-3,-2.21625E-3,-1.49545E-4,-2.32563E-3,-3.64901E-3,-2.88811E-3,-1.43985E-3,-7.45074E-4,-8.73578E-4,-1.27274E-3,-1.21539E-3,-9.18930E-4,-5.92619E-4,-1.48884E-3,-7.43026E-4,-1.33078E-3,-2.31091E-3,-7.35214E-4,-1.01705E-3,-9.46794E-4,-1.11606E-3,-2.25575E-3,-2.40243E-3
1.09426E+3,NaN,NaN,NaN,NaN,NaN,NaN,NaN,NaN,NaN,NaN,NaN,NaN,NaN,NaN,NaN,NaN,NaN,NaN,1.62458E-4,-3.28361E-4,-8.19180E-4,-1.19704E-3,-1.40354E-3,-1.61004E-3,-1.24580E-3,-3.95655E-4,4.54492E-4,5.57757E-4,3.14360E-4,7.09625E-5,4.22960E-4,9.00511E-4,1.37806E-3,1.05196E-3,6.99886E-4,3.43166E-4,-5.05919E-5,-4.44350E-4,-9.11268E-4,-1.59259E-3,-2.27390E-3,-2.94228E-3,-3.59102E-3,-4.23976E-3,-2.46983E-3,1.35933E-3,5.18850E-3,1.54880E-2,2.13083E-2,2.33318E-3,-3.25920E-2,-7.51995E-2,-1.08752E-1,-1.12392E-1,-1.02798E-1,-9.37496E-2,-9.04276E-2,-9.18819E-2,-1.06548E-1,-1.20662E-1,-1.06884E-1,-5.19167E-2,-3.60710E-3,2.11545E-2,1.37391E-2,-6.58949E-4,-1.53127E-3,1.24270E-3,-5.26028E-4,-2.93934E-4,-5.31828E-5,-7.70853E-4,7.22009E-4,1.62717E-4,-8.13934E-4,1.92077E-4,1.33325E-3,6.34407E-4,-1.17790E-3,-1.90295E-3,-4.25354E-4,-5.60085E-4,-1.54448E-3,-1.72107E-3,-2.59008E-3,-2.62712E-3,-1.87468E-3,-1.22824E-3,-2.17265E-3,-1.18980E-3,-1.82436E-3,-1.29163E-3,1.61432E-4,-6.04460E-4,-1.66507E-3,-1.09755E-3,2.47527E-4,-1.33100E-3,-2.63173E-3,-2.67516E-3,-3.28567E-3,-4.52913E-4,-1.39833E-3,-2.31911E-3,-2.40914E-3,-2.10631E-3,-2.31154E-3,-2.61744E-3,-2.34093E-3,-2.33593E-3,-1.89990E-3,-1.40768E-3,-1.48054E-3,-2.17404E-3,-3.09794E-3,-1.72200E-3,-5.11108E-4,-2.08989E-3,-3.23253E-3,-2.86679E-3,-1.47038E-3,-8.23082E-4,-8.39823E-4,-1.13421E-3,-9.99049E-4,-7.27436E-4,-5.58344E-4,-1.34393E-3,-7.48920E-4,-1.24681E-3,-2.03353E-3,-5.09752E-4,-8.38448E-4,-1.14011E-3,-1.42162E-3,-2.01271E-3,-2.09787E-3
1.09771E+3,NaN,NaN,NaN,NaN,NaN,NaN,NaN,NaN,NaN,NaN,NaN,NaN,NaN,NaN,NaN,NaN,NaN,NaN,1.27501E-4,-4.83431E-4,-1.09436E-3,-1.20090E-3,-1.20992E-3,-1.21894E-3,-5.58254E-4,1.15517E-4,6.87659E-4,5.39795E-4,3.91931E-4,3.20750E-4,4.60578E-4,6.00407E-4,6.12043E-4,4.38752E-4,2.65461E-4,1.38644E-4,4.95043E-5,-3.96353E-5,-6.35864E-4,-1.45450E-3,-2.27314E-3,-2.79584E-3,-3.26131E-3,-3.72678E-3,-2.27033E-3,-7.76327E-4,2.05234E-3,1.44403E-2,2.37520E-2,4.07936E-3,-3.12831E-2,-7.73954E-2,-1.14264E-1,-1.14242E-1,-1.04704E-1,-9.25529E-2,-8.87161E-2,-9.18357E-2,-1.08757E-1,-1.21525E-1,-1.02239E-1,-4.07543E-2,2.84050E-3,2.91806E-2,1.48617E-2,-3.25198E-3,-2.59534E-3,2.60723E-3,-7.23886E-4,7.63805E-4,1.98303E-5,-4.95634E-4,1.41583E-3,1.50648E-4,-3.42043E-4,8.24446E-4,9.60428E-4,-1.95736E-4,-1.64744E-3,-1.59341E-3,-1.02463E-4,-7.10197E-4,-1.46241E-3,-1.31675E-3,-2.57076E-3,-1.78776E-3,-1.39700E-3,-9.32021E-4,-2.10652E-3,-6.77874E-4,-1.52620E-3,-5.97477E-4,3.81595E-4,-1.13395E-3,-1.51969E-3,-3.73551E-4,-3.15683E-4,-1.25184E-3,-2.87052E-3,-1.68276E-3,-2.70851E-3,-5.58625E-5,-4.37359E-4,-1.99484E-3,-1.84161E-3,-1.43340E-3,-2.02745E-3,-1.93817E-3,-2.05459E-3,-2.04109E-3,-1.54612E-3,-8.33928E-4,-1.11615E-3,-2.00257E-3,-2.47015E-3,-1.08912E-3,-5.46289E-4,-1.93848E-3,-2.61458E-3,-2.02338E-3,-7.63534E-4,-4.96619E-4,-3.77021E-4,-7.04450E-4,-7.97814E-4,-4.38013E-4,-1.63745E-4,-9.91308E-4,-6.76844E-4,-9.17573E-4,-1.44955E-3,-3.69444E-4,-5.35308E-4,-7.11982E-4,-7.98361E-4,-1.29342E-3,-1.62430E-3
1.10115E+3,NaN,NaN,NaN,NaN,NaN,NaN,NaN,NaN,NaN,NaN,NaN,NaN,NaN,NaN,NaN,NaN,NaN,3.21495E-4,1.30212E-5,-2.95452E-4,-5.70141E-4,-7.55293E-4,-9.40446E-4,-8.39552E-4,-3.38438E-4,1.62676E-4,3.97670E-4,4.23292E-4,4.48915E-4,4.36421E-4,4.07788E-4,3.79154E-4,2.61280E-4,1.27084E-4,-7.11161E-6,1.59520E-5,4.08862E-5,-9.86033E-6,-5.62194E-4,-1.11453E-3,-1.66946E-3,-2.23128E-3,-2.79311E-3,-2.99381E-3,-2.68925E-3,-2.38469E-3,2.39847E-3,1.61025E-2,2.10709E-2,4.40298E-3,-3.26122E-2,-8.17892E-2,-1.12526E-1,-1.16402E-1,-1.05827E-1,-9.28202E-2,-8.73709E-2,-9.40980E-2,-1.10211E-1,-1.17964E-1,-8.72552E-2,-3.61061E-2,1.11702E-2,2.96889E-2,1.38851E-2,-2.57385E-3,-9.35262E-4,1.57426E-3,6.61482E-4,8.66891E-4,4.11819E-4,7.02636E-4,5.83207E-4,-1.49825E-4,9.24104E-5,3.59326E-4,7.70523E-5,-4.56076E-4,-9.53000E-4,-4.47175E-4,-1.02324E-4,-7.25492E-4,-8.61180E-4,-1.39313E-3,-1.64200E-3,-1.01397E-3,-6.40870E-4,-1.07403E-3,-9.31348E-4,-8.56169E-4,-8.32503E-4,-2.66050E-4,-5.26432E-4,-1.17727E-3,-1.02254E-3,-1.03379E-3,-1.11115E-3,-1.08682E-3,-8.86355E-4,-6.30528E-4,-1.97774E-3,-4.99770E-4,-7.61869E-4,-1.71257E-3,-1.14524E-3,-1.22168E-3,-1.88190E-3,-1.30401E-3,-1.55637E-3,-1.19528E-3,-1.05078E-3,-8.63512E-4,-1.09472E-3,-1.66923E-3,-1.80240E-3,-8.57607E-4,-6.15068E-4,-1.39432E-3,-1.96498E-3,-1.38402E-3,-1.30534E-4,2.86819E-5,-2.13070E-5,-2.05908E-4,-2.48083E-4,1.18714E-4,-3.99637E-4,-5.46586E-4,1.61274E-5,-2.67682E-4,-5.44097E-4,-4.92019E-6,-2.33797E-4,-3.28150E-4,-2.70452E-4,-3.38828E-4,-8.06151E-4
1.10459E+3,NaN,NaN,NaN,NaN,NaN,NaN,NaN,NaN,NaN,NaN,NaN,NaN,NaN,NaN,NaN,NaN,NaN,4.99711E-4,1.94679E-4,-1.10353E-4,-3.21558E-4,-4.93557E-4,-6.65556E-4,-4.32996E-4,-1.28007E-4,1.76983E-4,8.48980E-5,-1.07895E-5,-9.03848E-5,-6.58606E-5,-4.13364E-5,-5.99192E-6,5.76339E-5,1.21260E-4,1.96602E-4,2.88153E-4,3.79704E-4,2.17474E-4,-1.42191E-4,-5.01857E-4,-1.07819E-3,-1.74506E-3,-2.41192E-3,-2.83166E-3,-3.20716E-3,-3.58265E-3,3.60497E-4,1.75634E-2,2.33357E-2,7.51589E-3,-3.18084E-2,-8.93263E-2,-1.16995E-1,-1.21362E-1,-1.07210E-1,-9.02824E-2,-8.46716E-2,-9.39395E-2,-1.10987E-1,-1.19969E-1,-7.90817E-2,-3.03616E-2,2.68088E-2,3.89871E-2,1.23958E-2,-7.75433E-3,1.08419E-3,2.03130E-3,7.83218E-4,1.04628E-3,4.85851E-4,1.04333E-3,3.97570E-4,5.52415E-4,4.92073E-4,-4.97579E-4,-1.13813E-4,4.23603E-5,-3.64608E-4,-3.82439E-4,-2.60222E-4,-7.34528E-4,-5.80109E-4,-1.39709E-3,-9.42415E-4,-7.37265E-4,-2.63116E-4,-8.40437E-4,-3.08038E-4,-4.88937E-4,-9.66020E-4,-4.22279E-4,-1.17242E-3,-1.12198E-3,-1.23412E-3,-1.26168E-3,-1.20357E-3,-1.03463E-3,-5.34318E-4,-6.73033E-4,-1.07597E-3,-8.36004E-4,-1.30046E-3,-1.04766E-3,-7.97857E-4,-9.26697E-4,-1.24941E-3,-5.39253E-4,-1.04640E-3,-8.85643E-4,-6.36970E-4,-8.79777E-4,-1.03475E-3,-1.35843E-3,-1.19402E-3,-8.67592E-4,-4.56348E-4,-7.39480E-4,-9.47677E-4,-3.49086E-4,4.04991E-4,3.77402E-4,8.20307E-5,1.69920E-4,9.41151E-5,3.42595E-4,5.89245E-5,-2.60271E-4,-1.10258E-4,1.28056E-4,1.69266E-4,4.73854E-4,-1.37027E-5,-3.77473E-4,-1.68099E-4,1.48372E-4,-1.56152E-4
1.10804E+3,NaN,NaN,NaN,NaN,NaN,NaN,NaN,NaN,NaN,NaN,NaN,NaN,NaN,NaN,NaN,NaN,NaN,2.20113E-4,1.75276E-4,1.27378E-4,5.93582E-5,-8.66123E-6,-4.72259E-5,-8.10171E-6,3.10225E-5,7.47118E-5,1.24763E-4,1.74815E-4,3.88497E-5,-2.42902E-4,-5.24654E-4,-4.54819E-4,-2.36787E-4,-1.87554E-5,2.47680E-4,5.22904E-4,7.98128E-4,5.55414E-4,3.07042E-4,8.23019E-6,-6.22116E-4,-1.25246E-3,-1.87540E-3,-2.47879E-3,-3.08217E-3,-2.86831E-3,3.07822E-3,1.53664E-2,1.99822E-2,4.07639E-3,-3.77400E-2,-8.81572E-2,-1.16856E-1,-1.21833E-1,-1.08706E-1,-9.19559E-2,-8.67927E-2,-9.55344E-2,-1.10111E-1,-1.07301E-1,-7.26802E-2,-1.89662E-2,2.99138E-2,3.71722E-2,1.30902E-2,-3.57903E-3,-4.88856E-4,2.33880E-3,1.01648E-3,9.29683E-4,6.31092E-4,7.89377E-4,9.19170E-4,7.19238E-4,-1.61150E-4,-6.79399E-4,2.91166E-4,9.15676E-4,1.38012E-4,-3.94085E-4,-1.91121E-4,-2.56876E-4,-5.24919E-4,-7.80505E-4,-4.38150E-4,-3.67559E-4,-3.07749E-4,-2.18078E-4,-3.43782E-4,-5.20402E-4,-1.19243E-3,-1.21897E-3,-1.10452E-3,-1.14518E-3,-1.27513E-3,-1.35170E-3,-1.06479E-3,-5.43200E-4,-9.33967E-4,-5.14400E-4,-5.34700E-4,-1.86569E-4,-6.54268E-4,-5.03900E-4,3.58979E-5,-8.32307E-4,-1.38114E-4,2.29534E-4,-5.10466E-4,-1.14283E-4,-6.26537E-4,-4.09522E-4,-5.84300E-4,-6.06454E-4,1.36696E-4,-9.05766E-4,-8.16519E-4,-1.44857E-4,-2.60929E-4,3.10776E-4,9.93469E-4,5.62767E-4,4.20111E-4,5.94455E-4,6.27446E-4,9.73997E-4,3.55784E-4,3.81137E-4,2.66626E-4,8.96808E-4,8.02644E-4,6.00822E-4,4.43838E-4,2.67095E-4,3.78405E-4,8.30808E-4,6.40354E-4
1.11148E+3,NaN,NaN,NaN,NaN,NaN,NaN,NaN,NaN,NaN,NaN,NaN,NaN,NaN,NaN,NaN,NaN,2.35727E-4,4.22916E-4,6.10106E-4,6.05859E-4,4.47680E-4,2.89500E-4,2.12755E-4,1.71386E-4,1.30017E-4,-5.19545E-6,-1.58281E-4,-3.11366E-4,-4.81526E-4,-6.51983E-4,-7.70261E-4,-5.25693E-4,-2.81124E-4,-1.37173E-5,3.15886E-4,6.45489E-4,8.40821E-4,8.44079E-4,8.47336E-4,5.92752E-4,1.30838E-4,-3.31075E-4,-9.55328E-4,-1.65010E-3,-2.34488E-3,-3.51736E-3,2.13123E-3,1.51495E-2,2.01800E-2,6.00520E-3,-4.13318E-2,-8.87433E-2,-1.16817E-1,-1.22305E-1,-1.07960E-1,-9.00049E-2,-8.47287E-2,-9.27154E-2,-1.09673E-1,-1.02690E-1,-6.82209E-2,-6.09584E-3,3.99339E-2,3.99780E-2,1.10315E-2,-5.33893E-3,9.48517E-4,1.68391E-3,1.23329E-3,1.52893E-3,3.66198E-4,5.43830E-4,1.16558E-3,2.15564E-4,-1.72722E-3,-7.52133E-4,1.35226E-3,1.21201E-3,-2.71947E-4,-8.24766E-5,-2.05701E-6,8.42676E-5,5.20250E-5,2.13506E-4,3.75913E-5,-2.28579E-4,5.81550E-4,-1.84194E-4,2.88917E-4,-1.17588E-3,-1.81216E-3,-9.61708E-4,-5.19391E-4,-1.19475E-3,-1.30732E-3,-1.58014E-3,-1.43831E-3,-3.22219E-4,-3.51749E-4,1.98651E-4,-4.19770E-4,-3.56179E-4,-8.05627E-4,-4.34343E-4,1.06708E-3,-8.31937E-4,5.53196E-4,7.84478E-4,-2.80601E-4,-2.59482E-4,-6.11892E-4,-4.86513E-4,-6.16415E-4,-5.44874E-4,1.31105E-3,-1.45677E-3,-1.19434E-3,1.59081E-4,4.49676E-4,1.11564E-3,1.67525E-3,9.52569E-4,6.84526E-4,1.04180E-3,9.73244E-4,1.24418E-3,3.92335E-4,9.11612E-4,8.25239E-4,1.48225E-3,1.46342E-3,5.47266E-4,2.97572E-4,2.91985E-4,9.06805E-4,1.72726E-3,1.23347E-3
1.11493E+3,NaN,NaN,NaN,NaN,NaN,NaN,NaN,NaN,NaN,NaN,NaN,NaN,NaN,NaN,NaN,NaN,5.51169E-4,9.19515E-4,1.28786E-3,1.08570E-3,8.67168E-4,6.36160E-4,3.09115E-4,-1.79309E-5,-3.08621E-4,-4.94648E-4,-6.80676E-4,-8.63165E-4,-1.04036E-3,-1.21756E-3,-1.02601E-3,-5.24776E-4,-2.35405E-5,3.87825E-4,7.58128E-4,1.12843E-3,1.19954E-3,1.20903E-3,1.21852E-3,9.61569E-4,6.96963E-4,3.63322E-4,-5.01865E-4,-1.36705E-3,-2.38141E-3,-2.98470E-3,1.47955E-3,1.26818E-2,1.77680E-2,3.05604E-3,-4.07601E-2,-8.53422E-2,-1.13035E-1,-1.20677E-1,-1.09456E-1,-9.10082E-2,-8.29433E-2,-9.04253E-2,-1.04224E-1,-9.79424E-2,-5.96460E-2,1.51871E-3,4.30025E-2,4.14619E-2,1.23732E-2,-6.72731E-3,5.16990E-4,2.28883E-3,1.54542E-3,1.81201E-3,8.88691E-5,1.31715E-3,1.12433E-3,-6.26928E-4,-1.76836E-3,1.17266E-4,2.17343E-3,1.28405E-3,-7.22490E-4,2.14292E-4,6.09459E-4,8.64524E-4,8.08387E-4,8.04136E-4,5.69662E-4,2.44298E-4,1.09485E-3,-2.49241E-4,4.11981E-4,-1.76114E-3,-2.32703E-3,-7.91139E-4,-5.61302E-4,-1.26641E-3,-1.28408E-3,-1.43467E-3,-4.65555E-5,-1.24206E-3,1.14941E-3,8.91766E-4,-8.02508E-4,5.10537E-4,-8.17274E-4,1.91605E-4,1.68903E-3,-1.67580E-4,1.90005E-3,1.31388E-3,8.89464E-4,3.60542E-4,-7.00740E-5,-3.33894E-4,-1.02763E-4,6.71353E-4,1.68752E-3,-1.37164E-3,-1.24047E-3,7.75484E-4,1.38706E-3,2.04980E-3,2.41902E-3,1.60460E-3,1.19441E-3,1.36301E-3,1.60586E-3,1.77772E-3,8.12305E-4,1.33854E-3,9.57728E-4,1.92818E-3,2.09436E-3,7.10553E-4,7.51851E-4,7.88923E-4,1.38946E-3,2.58140E-3,2.20138E-3
1.11838E+3,NaN,NaN,NaN,NaN,NaN,NaN,NaN,NaN,NaN,NaN,NaN,NaN,NaN,NaN,NaN,4.29089E-5,5.98916E-4,1.15492E-3,1.44297E-3,1.30389E-3,1.16481E-3,8.57800E-4,4.00897E-4,-5.60065E-5,-3.52374E-4,-5.70107E-4,-7.87839E-4,-1.00154E-3,-1.21432E-3,-1.42711E-3,-9.66267E-4,-4.75114E-4,2.68311E-5,6.26127E-4,1.22542E-3,1.67753E-3,1.67024E-3,1.66295E-3,1.66269E-3,1.67361E-3,1.68454E-3,1.14663E-3,1.18798E-4,-9.09032E-4,-2.34114E-3,-3.46471E-3,1.67255E-3,1.10829E-2,1.77087E-2,2.12343E-4,-4.01699E-2,-8.02286E-2,-1.07958E-1,-1.19346E-1,-1.08784E-1,-8.96268E-2,-8.03776E-2,-8.87952E-2,-1.01713E-1,-9.32504E-2,-4.91529E-2,9.32409E-3,4.48953E-2,4.09958E-2,8.36412E-3,-3.71850E-3,1.32378E-3,1.94811E-3,2.49061E-3,6.73500E-4,7.32317E-4,2.01025E-3,4.19194E-4,-2.31947E-3,-1.46821E-3,1.61878E-3,2.62137E-3,-1.06527E-4,-2.90258E-4,6.80842E-4,9.99110E-4,1.54037E-3,1.28814E-3,1.07108E-3,4.12633E-4,1.46235E-3,4.76249E-4,9.73912E-4,-5.92679E-4,-2.50864E-3,-1.68614E-3,-3.96138E-4,-1.13072E-3,-1.38919E-3,-1.34519E-3,-1.86712E-3,1.77176E-3,-1.66464E-3,8.90152E-4,1.14849E-3,-1.33304E-3,9.48022E-4,2.04197E-4,5.80135E-4,1.84315E-3,1.50731E-4,2.19970E-3,1.60803E-3,1.07891E-3,5.32710E-4,-2.42346E-4,-5.18700E-4,-2.91739E-5,1.08808E-3,1.71731E-3,-1.11305E-3,-1.49093E-3,1.13172E-3,1.86579E-3,2.42224E-3,2.67525E-3,1.94303E-3,1.65036E-3,1.66608E-3,1.92185E-3,1.91506E-3,8.36936E-4,1.65172E-3,1.31992E-3,2.49875E-3,2.44857E-3,7.58367E-4,6.65918E-4,7.00083E-4,1.73905E-3,3.17315E-3,2.43889E-3
1.12182E+3,NaN,NaN,NaN,NaN,NaN,NaN,NaN,NaN,NaN,NaN,NaN,NaN,NaN,NaN,NaN,3.13794E-4,9.37857E-4,1.56192E-3,1.57411E-3,1.42813E-3,1.28216E-3,7.18839E-4,1.27677E-4,-4.21747E-4,-4.93228E-4,-5.64709E-4,-6.99301E-4,-1.05357E-3,-1.40785E-3,-1.44913E-3,-9.48299E-4,-4.47470E-4,8.71964E-5,6.54518E-4,1.22184E-3,1.49562E-3,1.61255E-3,1.72949E-3,1.96488E-3,2.23090E-3,2.49691E-3,1.26938E-3,-5.77912E-5,-1.40812E-3,-3.02334E-3,-4.15470E-3,5.30376E-4,9.02217E-3,1.78117E-2,1.34992E-3,-3.80073E-2,-7.50959E-2,-1.04422E-1,-1.22304E-1,-1.11451E-1,-8.90848E-2,-7.84301E-2,-8.70031E-2,-1.03276E-1,-9.15570E-2,-4.39565E-2,1.46541E-2,4.93910E-2,4.41282E-2,3.82044E-3,-4.58133E-3,2.83714E-3,1.96630E-3,2.88364E-3,-4.18143E-4,1.51522E-3,2.02719E-3,-7.72999E-4,-3.26055E-3,-4.70864E-4,2.82940E-3,2.38677E-3,-1.41549E-3,2.99007E-4,8.63924E-4,1.06008E-3,2.23695E-3,1.49592E-3,1.25755E-3,2.54919E-4,2.35730E-3,-1.24356E-4,1.18778E-3,-2.18416E-3,-3.37514E-3,-9.20021E-4,-1.67340E-4,-1.74182E-3,-1.44339E-3,-1.63244E-3,-2.42175E-3,1.13261E-3,-1.68613E-3,4.26435E-4,1.24389E-3,-1.13464E-3,1.44876E-3,9.41694E-4,6.69882E-4,1.47522E-3,6.47772E-4,2.47282E-3,1.85599E-3,1.35975E-3,5.91905E-4,-2.57664E-4,-3.58983E-4,2.49449E-4,1.37305E-3,1.29959E-3,-7.21772E-4,-1.45278E-3,1.33850E-3,2.18548E-3,2.57342E-3,2.69727E-3,1.88909E-3,1.33250E-3,1.49338E-3,1.87630E-3,1.79691E-3,7.60048E-4,1.49176E-3,1.09909E-3,2.49908E-3,2.49803E-3,6.62739E-4,6.43067E-4,7.28337E-4,1.73709E-3,3.17192E-3,2.39910E-3
1.12527E+3,NaN,NaN,NaN,NaN,NaN,NaN,NaN,NaN,NaN,NaN,NaN,NaN,NaN,NaN,-1.71498E-4,4.61663E-4,1.09482E-3,1.58557E-3,1.50462E-3,1.42367E-3,1.14481E-3,4.85677E-4,-1.73460E-4,-5.27351E-4,-5.57310E-4,-5.87270E-4,-8.08996E-4,-1.14431E-3,-1.47963E-3,-1.16273E-3,-6.51962E-4,-1.41196E-4,4.60031E-4,1.06980E-3,1.64303E-3,1.60694E-3,1.57086E-3,1.63100E-3,2.07741E-3,2.52383E-3,2.33724E-3,9.34379E-4,-4.68486E-4,-1.97943E-3,-3.60728E-3,-3.66907E-3,-3.36944E-5,8.88320E-3,1.40571E-2,-1.62200E-3,-3.38773E-2,-6.82955E-2,-1.01926E-1,-1.20176E-1,-1.11026E-1,-9.08027E-2,-8.09318E-2,-9.01553E-2,-1.00244E-1,-8.32543E-2,-3.69688E-2,1.55341E-2,4.69543E-2,3.63912E-2,6.78875E-3,-1.50445E-3,2.09585E-3,3.03102E-3,1.20184E-3,4.31064E-4,2.13195E-3,1.09844E-3,-1.98883E-3,-2.11672E-3,1.13712E-3,2.84489E-3,5.63374E-4,-6.95145E-4,6.42502E-4,1.01225E-3,1.72244E-3,1.93826E-3,1.40202E-3,8.02422E-4,1.36331E-3,1.14556E-3,5.51597E-4,-4.76710E-5,-2.60717E-3,-2.29873E-3,-3.90592E-4,-6.62464E-4,-1.50345E-3,-1.44669E-3,-1.90304E-3,-2.30716E-3,-2.53664E-4,-1.45997E-3,1.28848E-3,1.52695E-3,-7.74874E-4,1.18342E-3,1.34591E-3,7.56762E-4,1.14318E-3,9.53991E-4,2.55148E-3,2.07694E-3,1.45719E-3,6.91339E-4,-1.56888E-4,-3.97432E-4,3.30248E-4,1.86190E-3,9.70717E-4,-3.54878E-4,-1.34973E-3,1.43547E-3,2.33832E-3,2.58796E-3,2.69190E-3,2.08478E-3,1.44893E-3,1.57000E-3,2.07080E-3,1.79892E-3,7.17598E-4,1.41345E-3,1.05945E-3,2.42825E-3,2.50664E-3,6.73240E-4,5.74984E-4,8.05753E-4,1.86583E-3,3.28149E-3,2.51133E-3
1.12872E+3,NaN,NaN,NaN,NaN,NaN,NaN,NaN,NaN,NaN,NaN,NaN,NaN,NaN,NaN,5.53664E-5,6.34792E-4,1.21422E-3,1.44192E-3,1.43522E-3,1.42851E-3,9.07626E-4,2.08819E-4,-4.89987E-4,-5.16404E-4,-4.56125E-4,-4.10435E-4,-8.59418E-4,-1.30840E-3,-1.58044E-3,-9.97706E-4,-4.14971E-4,1.54420E-4,6.94709E-4,1.23500E-3,1.48923E-3,1.40389E-3,1.31854E-3,1.58813E-3,2.09427E-3,2.60041E-3,1.79111E-3,5.26649E-4,-7.37811E-4,-2.30576E-3,-3.99064E-3,-3.85284E-3,-1.43445E-3,8.39495E-3,1.53789E-2,-1.57137E-5,-2.82753E-2,-6.14887E-2,-1.02594E-1,-1.20971E-1,-1.10695E-1,-8.95629E-2,-7.91789E-2,-9.13852E-2,-1.00654E-1,-8.11836E-2,-3.34587E-2,1.84576E-2,5.14200E-2,3.26974E-2,3.87592E-3,-1.64752E-3,2.60328E-3,3.13881E-3,-2.73084E-4,1.32414E-3,2.25688E-3,-4.07493E-4,-3.23142E-3,-1.11191E-3,2.29111E-3,2.67929E-3,-1.19918E-3,6.51257E-5,5.61083E-4,8.69615E-4,2.54272E-3,1.71720E-3,1.37456E-3,8.16345E-5,2.12964E-3,-1.20917E-4,1.22088E-3,-1.22362E-3,-3.34923E-3,-1.24384E-3,1.18785E-4,-1.53909E-3,-1.47920E-3,-1.46618E-3,-2.22285E-3,-2.33451E-3,-1.10863E-3,-1.18121E-4,2.14813E-3,1.67138E-3,-1.39049E-3,-2.58510E-4,1.13314E-3,8.45091E-4,7.74415E-4,1.16772E-3,2.27326E-3,1.83849E-3,1.30673E-3,3.19253E-4,-5.58465E-4,-4.95746E-4,3.51962E-4,1.96089E-3,4.09438E-4,-2.59907E-6,-1.36936E-3,1.50596E-3,2.29512E-3,2.41480E-3,2.44294E-3,1.86133E-3,1.21021E-3,1.35041E-3,1.95953E-3,1.52607E-3,5.10154E-4,1.26793E-3,8.34601E-4,2.13976E-3,2.20164E-3,4.96062E-4,4.42471E-4,5.79713E-4,1.69585E-3,3.07354E-3,2.13201E-3
1.13217E+3,NaN,NaN,NaN,NaN,NaN,NaN,NaN,NaN,NaN,NaN,NaN,NaN,NaN,NaN,7.01711E-5,6.86628E-4,1.30308E-3,1.33612E-3,1.36716E-3,1.29925E-3,6.20659E-4,-5.79324E-5,-5.27606E-4,-4.66112E-4,-4.04619E-4,-5.19766E-4,-8.73753E-4,-1.22774E-3,-1.09586E-3,-5.94447E-4,-9.30358E-5,3.88644E-4,8.62297E-4,1.33595E-3,1.32895E-3,1.23960E-3,1.15025E-3,1.70674E-3,2.26546E-3,2.59579E-3,1.51654E-3,4.37284E-4,-8.64739E-4,-2.62468E-3,-3.78361E-3,-3.82799E-3,-1.14049E-3,7.49999E-3,1.32629E-2,1.85030E-3,-2.29989E-2,-5.86797E-2,-9.95815E-2,-1.18375E-1,-1.11126E-1,-9.16815E-2,-8.23338E-2,-9.11679E-2,-9.72368E-2,-7.74821E-2,-3.20562E-2,1.84403E-2,4.67463E-2,3.14689E-2,4.53653E-3,-2.58408E-3,2.43182E-3,2.04589E-3,-3.09717E-4,1.63511E-3,1.24690E-3,-1.48538E-3,-2.49532E-3,1.30788E-4,2.46893E-3,1.24262E-3,-1.17408E-3,1.17906E-4,5.39867E-4,1.25140E-3,2.25916E-3,1.33375E-3,9.70029E-4,5.18855E-4,1.21779E-3,1.08260E-4,6.08056E-4,-1.79342E-3,-2.55305E-3,-6.93396E-4,-4.09570E-4,-1.62786E-3,-1.40834E-3,-1.69874E-3,-2.27023E-3,-1.79353E-3,-9.47254E-4,9.54511E-4,1.88504E-3,1.39840E-3,-2.01923E-3,-1.40213E-3,8.92896E-4,8.41714E-4,5.01920E-4,1.34490E-3,1.99691E-3,1.74595E-3,1.18880E-3,2.01462E-4,-6.50502E-4,-5.73550E-4,3.21544E-4,1.92374E-3,-1.63019E-4,3.28509E-4,-1.17774E-3,1.27954E-3,1.86456E-3,1.97404E-3,2.20524E-3,1.80247E-3,1.10396E-3,1.06347E-3,1.84129E-3,1.42496E-3,3.80686E-4,1.05619E-3,7.88969E-4,2.01998E-3,1.97232E-3,4.43864E-4,3.04511E-4,4.69954E-4,1.57466E-3,2.76564E-3,1.82297E-3
1.13562E+3,NaN,NaN,NaN,NaN,NaN,NaN,NaN,NaN,NaN,NaN,NaN,NaN,NaN,-2.10729E-4,2.77946E-4,7.66621E-4,1.08466E-3,1.13468E-3,1.18469E-3,8.92923E-4,3.00301E-4,-2.92321E-4,-4.24274E-4,-3.34130E-4,-2.43985E-4,-5.29768E-4,-8.99435E-4,-1.26910E-3,-8.34035E-4,-3.65805E-4,9.81601E-5,5.25100E-4,9.52040E-4,1.22798E-3,1.04143E-3,8.54884E-4,9.40466E-4,1.45349E-3,1.96651E-3,1.80669E-3,1.05461E-3,3.02539E-4,-1.37058E-3,-2.94073E-3,-3.73281E-3,-4.10577E-3,-1.36456E-3,7.95550E-3,1.30513E-2,4.06249E-3,-1.82063E-2,-5.87570E-2,-9.84210E-2,-1.17705E-1,-1.11256E-1,-9.30199E-2,-8.50310E-2,-9.37123E-2,-9.78663E-2,-7.58238E-2,-3.04632E-2,2.11165E-2,4.43010E-2,2.71406E-2,2.07238E-3,-1.86611E-3,2.37118E-3,3.75362E-4,5.23304E-4,1.54383E-3,-7.68580E-5,-2.20975E-3,-1.31737E-3,1.21990E-3,2.05724E-3,-3.95197E-4,-4.77925E-4,1.41907E-4,5.08753E-4,1.72133E-3,1.41738E-3,1.14551E-3,2.62482E-4,8.54463E-4,1.88317E-4,5.41406E-4,-4.83845E-4,-2.41763E-3,-1.77185E-3,-3.70564E-4,-1.00759E-3,-1.54116E-3,-1.46164E-3,-1.93369E-3,-2.14162E-3,-1.07182E-3,-8.34639E-4,1.62831E-4,1.43353E-4,1.17688E-3,-1.89933E-3,-6.47045E-4,4.81783E-4,4.82950E-4,8.76206E-5,1.37873E-3,1.67800E-3,1.55261E-3,9.20268E-4,-3.57888E-5,-8.16361E-4,-6.46078E-4,1.92525E-4,1.73085E-3,-5.58830E-4,4.71929E-4,-1.06751E-3,1.05684E-3,1.50708E-3,1.49301E-3,1.86178E-3,1.54673E-3,8.32664E-4,8.18722E-4,1.53345E-3,1.14651E-3,1.79973E-4,5.91260E-4,4.26015E-4,1.62626E-3,1.68221E-3,3.16551E-4,1.13552E-4,2.70922E-4,1.35539E-3,2.35505E-3,1.34366E-3
1.13907E+3,NaN,NaN,NaN,NaN,NaN,NaN,NaN,NaN,NaN,NaN,NaN,NaN,NaN,-4.74306E-5,3.30454E-4,7.08338E-4,8.51381E-4,9.27176E-4,1.00297E-3,4.99216E-4,-5.47645E-5,-5.61186E-4,-3.61527E-4,-1.61868E-4,-8.41647E-5,-4.76629E-4,-8.69094E-4,-9.64460E-4,-5.05199E-4,-4.59394E-5,3.31590E-4,6.24622E-4,9.17655E-4,9.27922E-4,7.75329E-4,6.22735E-4,8.56311E-4,1.20047E-3,1.54462E-3,1.22025E-3,8.37935E-4,3.57880E-4,-1.54267E-3,-2.94141E-3,-3.64850E-3,-4.34116E-3,-2.00438E-3,7.18687E-3,1.41964E-2,7.61610E-3,-1.32482E-2,-5.69194E-2,-9.74001E-2,-1.19110E-1,-1.12371E-1,-9.40696E-2,-8.41206E-2,-9.45304E-2,-9.95911E-2,-7.72366E-2,-3.00915E-2,2.40460E-2,4.72737E-2,2.43058E-2,-3.22298E-3,-2.56025E-3,3.10707E-3,-9.93356E-4,1.25383E-3,1.20867E-3,-8.92358E-4,-2.31180E-3,-4.63652E-4,1.57662E-3,1.27022E-3,-1.48363E-3,-1.18990E-4,2.47225E-5,5.61540E-4,1.76278E-3,7.21506E-4,9.62230E-4,-2.38469E-4,9.24303E-4,-3.94277E-4,4.47029E-4,-1.00856E-3,-2.59392E-3,-1.13226E-3,-2.44235E-4,-1.44986E-3,-1.48035E-3,-1.23977E-3,-2.11638E-3,-1.93027E-3,-8.13576E-4,-4.68553E-4,-1.60720E-3,-1.11633E-3,5.05037E-4,-1.21774E-3,-9.31842E-5,4.54108E-5,1.63273E-4,-1.42134E-4,1.24267E-3,1.09263E-3,1.19486E-3,6.64646E-4,-4.33633E-4,-1.02124E-3,-7.58064E-4,1.31813E-4,1.56021E-3,-1.06064E-3,5.24370E-4,-8.45188E-4,8.19510E-4,1.02500E-3,9.57123E-4,1.38285E-3,1.26559E-3,6.02279E-4,5.39673E-4,1.27459E-3,8.21200E-4,-9.78507E-6,3.29001E-4,2.43053E-4,1.19552E-3,1.20447E-3,1.77220E-4,-6.49022E-6,1.16293E-4,9.35023E-4,1.74877E-3,8.97336E-4
1.14252E+3,NaN,NaN,NaN,NaN,NaN,NaN,NaN,NaN,NaN,NaN,NaN,NaN,-2.30754E-4,6.91550E-5,3.69064E-4,6.33249E-4,7.12399E-4,7.91549E-4,6.97125E-4,2.06587E-4,-2.83951E-4,-4.57003E-4,-2.38134E-4,-1.92660E-5,-1.27578E-4,-4.62882E-4,-7.98185E-4,-6.23483E-4,-2.63248E-4,9.69865E-5,3.36524E-4,5.58994E-4,7.73956E-4,6.00605E-4,4.27254E-4,3.29716E-4,6.24853E-4,9.19991E-4,1.08032E-3,9.32993E-4,7.85667E-4,-1.46185E-4,-1.67836E-3,-2.67974E-3,-3.64872E-3,-4.21277E-3,-1.35165E-3,6.64786E-3,1.28000E-2,8.54638E-3,-1.44446E-2,-5.46314E-2,-9.39394E-2,-1.15040E-1,-1.11528E-1,-9.59813E-2,-8.87866E-2,-9.62865E-2,-9.76458E-2,-7.48907E-2,-2.74076E-2,2.24163E-2,3.97401E-2,1.89307E-2,-1.67052E-3,-1.66602E-3,1.11259E-3,-3.22206E-5,8.50671E-4,5.92373E-5,-1.42850E-3,-1.32452E-3,1.95785E-4,9.72902E-4,-1.94878E-4,-9.72057E-4,-2.74407E-4,-7.96425E-5,7.38035E-4,9.97510E-4,6.63618E-4,3.53793E-4,-2.64954E-5,-5.14321E-5,-2.24119E-4,-2.67452E-4,-1.45545E-3,-1.88872E-3,-9.60461E-4,-8.93630E-4,-1.43301E-3,-1.32509E-3,-1.53806E-3,-1.87750E-3,-1.28215E-3,-1.09801E-3,-2.24132E-4,-2.51333E-3,-8.11823E-4,-9.35901E-5,-6.26602E-4,-2.57854E-4,-3.52245E-4,-3.04847E-4,-3.19805E-4,1.03019E-3,5.41488E-4,9.58070E-4,3.12926E-4,-5.41543E-4,-1.11526E-3,-8.90710E-4,-2.22879E-5,1.22268E-3,-1.27726E-3,3.69469E-4,-8.96757E-4,4.85688E-4,5.79515E-4,4.54445E-4,9.70505E-4,9.76660E-4,2.74387E-4,3.21028E-4,1.05226E-3,6.44170E-4,-1.19359E-4,-6.35784E-7,-2.11605E-5,7.53412E-4,9.01392E-4,1.35799E-4,-1.90177E-4,-7.65226E-5,7.21185E-4,1.31376E-3,4.79354E-4
1.14597E+3,NaN,NaN,NaN,NaN,NaN,NaN,NaN,NaN,NaN,NaN,NaN,NaN,-1.23483E-4,7.97025E-5,2.82888E-4,4.12266E-4,4.79362E-4,5.46458E-4,3.03556E-4,-8.17669E-5,-4.67090E-4,-3.10857E-4,-4.21738E-5,2.26509E-4,-3.84937E-5,-3.19483E-4,-5.40740E-4,-2.96712E-4,-5.26841E-5,1.71756E-4,3.39454E-4,5.07153E-4,5.39448E-4,3.68201E-4,1.96955E-4,1.82062E-4,2.99108E-4,4.16154E-4,5.89677E-4,7.89146E-4,9.88615E-4,-2.17444E-4,-1.41933E-3,-2.41521E-3,-3.47084E-3,-4.42448E-3,-1.89457E-3,6.37814E-3,1.33916E-2,1.18670E-2,-1.23127E-2,-5.19268E-2,-9.37665E-2,-1.14308E-1,-1.12392E-1,-9.50563E-2,-9.14073E-2,-9.83252E-2,-1.00977E-1,-7.58921E-2,-2.47670E-2,2.73829E-2,3.73161E-2,1.27879E-2,-3.33203E-3,-3.21138E-4,-2.95098E-5,2.86473E-4,4.71776E-4,-5.77893E-4,-1.29642E-3,-4.97125E-4,4.19007E-4,4.51684E-4,-9.63849E-4,-4.75106E-4,-4.66226E-4,-4.57139E-5,8.73961E-4,3.18971E-4,5.91550E-4,-2.17348E-4,-2.83793E-4,-5.40637E-4,-2.96783E-4,-4.45280E-4,-1.55299E-3,-1.49090E-3,-6.65093E-4,-1.15968E-3,-1.42402E-3,-1.12466E-3,-1.54863E-3,-1.39182E-3,-9.35117E-4,-1.18563E-3,-3.22321E-4,-1.09050E-3,-6.05920E-4,-6.35950E-4,-4.32540E-4,-5.69363E-4,-6.25984E-4,-8.08725E-4,-3.77936E-4,7.66643E-4,7.24486E-5,5.99699E-4,2.50321E-5,-7.39048E-4,-1.20663E-3,-8.80282E-4,-1.56269E-4,6.10370E-4,-1.36284E-3,8.36821E-5,-7.06452E-4,1.94830E-4,1.72577E-5,-1.07352E-4,5.46932E-4,6.35188E-4,-2.70519E-5,1.05640E-4,7.61097E-4,3.83335E-4,-2.48905E-4,-2.43050E-4,-1.71802E-4,3.74714E-4,5.67833E-4,1.06188E-4,-2.87612E-4,-1.59523E-4,4.96447E-4,8.19451E-4,9.17881E-5
1.14942E+3,NaN,NaN,NaN,NaN,NaN,NaN,NaN,NaN,NaN,NaN,NaN,NaN,-7.02816E-5,2.36861E-5,1.17654E-4,1.55653E-4,1.88719E-4,2.05690E-4,-2.14108E-5,-2.48512E-4,-3.78732E-4,-1.32607E-4,1.13519E-4,2.18778E-4,5.96291E-5,-9.95200E-5,-1.26637E-4,-1.65733E-5,9.34903E-5,1.84643E-4,2.64845E-4,3.45047E-4,2.52991E-4,1.11256E-4,-3.04803E-5,-6.49420E-5,-8.99497E-5,-9.26031E-5,2.43722E-4,5.80048E-4,6.40043E-4,-2.93062E-4,-1.04219E-3,-2.28824E-3,-3.57106E-3,-4.52175E-3,-2.47939E-3,4.44753E-3,1.25607E-2,1.18986E-2,-9.90549E-3,-4.86541E-2,-9.04742E-2,-1.12365E-1,-1.12887E-1,-9.79456E-2,-9.43916E-2,-9.88625E-2,-1.02253E-1,-7.59493E-2,-2.36352E-2,2.62226E-2,3.32125E-2,1.13263E-2,-3.20106E-3,-8.25294E-4,6.63464E-5,1.38914E-4,4.98446E-5,-6.50052E-4,-7.12900E-4,-6.89133E-5,1.78656E-4,-1.54886E-4,-9.80046E-4,-4.51814E-4,-5.42595E-4,-5.74796E-5,4.05632E-4,2.02018E-5,3.26823E-4,-3.84699E-4,-6.34627E-4,-5.47237E-4,-5.26539E-4,-4.77465E-4,-1.35491E-3,-1.19844E-3,-7.10549E-4,-1.07719E-3,-1.15893E-3,-1.02212E-3,-1.26030E-3,-9.91880E-4,-7.65770E-4,-7.51181E-4,-7.29920E-4,-5.29328E-4,-7.98385E-4,-1.00995E-3,-4.74586E-4,-6.73529E-4,-7.44396E-4,-1.23914E-3,-2.59765E-4,3.18337E-4,-3.35566E-4,2.81938E-4,-2.20468E-4,-8.44439E-4,-1.06766E-3,-1.00684E-3,-3.98540E-4,1.13849E-4,-1.05912E-3,-1.40031E-4,-5.46901E-4,-1.87140E-4,-5.03457E-4,-5.48406E-4,2.33256E-4,3.59860E-4,-3.35510E-4,-8.76292E-5,5.85091E-4,3.27428E-4,-2.58387E-4,-5.43769E-4,-3.45942E-4,6.43285E-5,2.49593E-4,5.95355E-5,-3.38418E-4,-2.40062E-4,2.61144E-4,3.25916E-4,-2.84215E-4
1.15287E+3,NaN,NaN,NaN,NaN,NaN,NaN,NaN,NaN,NaN,NaN,NaN,-1.10854E-4,-1.35092E-4,-1.59331E-4,-1.61569E-4,-1.10430E-4,-5.92909E-5,-9.39070E-5,-2.40029E-4,-3.86152E-4,-2.56429E-4,7.50317E-5,4.06493E-4,3.95058E-4,2.50567E-4,1.06076E-4,1.13576E-4,1.45144E-4,1.76604E-4,1.90707E-4,2.04810E-4,2.01374E-4,9.77747E-5,-5.82477E-6,-1.30494E-4,-3.06283E-4,-4.82072E-4,-3.83865E-4,7.06160E-5,5.25097E-4,3.23395E-4,-4.71868E-5,-8.15716E-4,-2.05198E-3,-3.65420E-3,-4.60936E-3,-3.10127E-3,3.55550E-3,1.25002E-2,1.21571E-2,-7.64640E-3,-4.68710E-2,-8.61713E-2,-1.09893E-1,-1.10560E-1,-1.01275E-1,-9.56370E-2,-1.01766E-1,-1.02385E-1,-7.37330E-2,-1.92891E-2,2.25597E-2,2.71883E-2,9.53883E-3,-1.49967E-3,-1.19288E-3,-4.91400E-5,-2.21921E-4,-4.81695E-4,-3.84002E-4,-1.47964E-4,-3.06902E-4,-5.03896E-4,-7.55733E-4,-5.98058E-4,-5.90000E-4,-5.30482E-4,-1.58187E-4,-2.94657E-4,-6.91467E-5,-1.45956E-4,-9.09642E-4,-8.25084E-4,-7.24853E-4,-3.55244E-4,-4.76518E-4,-1.20760E-3,-1.09363E-3,-8.60021E-4,-1.05429E-3,-9.36646E-4,-8.97344E-4,-8.48797E-4,-7.13052E-4,-6.09068E-4,-8.76333E-4,-8.18023E-4,-6.76361E-4,-7.67084E-4,-1.01576E-3,-8.19369E-4,-5.76815E-4,-8.73938E-4,-1.60436E-3,-2.76956E-4,-2.67741E-4,-6.04253E-4,-3.33814E-5,-4.38821E-4,-9.74320E-4,-1.09035E-3,-1.17370E-3,-6.52081E-4,-4.22356E-4,-8.13859E-4,-5.36266E-4,-2.96770E-4,-4.60217E-4,-1.02261E-3,-1.03724E-3,-1.62496E-4,1.35369E-4,-5.79826E-4,-3.70979E-4,2.53871E-4,9.81212E-5,-3.96618E-4,-7.76110E-4,-5.09226E-4,-3.18773E-4,-2.20440E-5,4.12014E-5,-4.78238E-4,-4.51429E-4,-1.32418E-4,-1.93461E-4,-6.40256E-4
1.15633E+3,NaN,NaN,NaN,NaN,NaN,NaN,NaN,NaN,NaN,NaN,NaN,-8.81664E-5,-2.42535E-4,-3.96904E-4,-4.07826E-4,-3.45175E-4,-2.82524E-4,-2.94751E-4,-3.25251E-4,-3.55751E-4,-7.54708E-5,2.22308E-4,4.89143E-4,4.41402E-4,3.93661E-4,3.47058E-4,3.04211E-4,2.61365E-4,2.01545E-4,1.13467E-4,2.53892E-5,-4.29886E-5,-9.30448E-5,-1.43101E-4,-3.61093E-4,-6.65220E-4,-9.69347E-4,-6.21772E-4,-1.15161E-4,3.91449E-4,1.44712E-4,4.32585E-4,-7.20311E-4,-1.99566E-3,-3.96656E-3,-4.77876E-3,-5.31244E-3,2.22790E-3,1.24058E-2,1.60638E-2,-2.31697E-3,-4.45599E-2,-8.39266E-2,-1.11165E-1,-1.12180E-1,-1.04271E-1,-9.38670E-2,-1.05258E-1,-1.07581E-1,-7.56482E-2,-1.44168E-2,2.38903E-2,2.76405E-2,6.98964E-3,-3.00184E-3,-1.04931E-3,-3.68148E-5,-7.74966E-4,-5.13664E-4,1.33253E-4,8.11249E-5,-7.57157E-4,-9.43624E-4,-7.24943E-4,-3.88481E-4,-9.41152E-4,-6.15000E-4,-5.00448E-4,-8.02091E-4,-7.12272E-5,-3.88977E-4,-1.61891E-3,-6.39709E-4,-1.20000E-3,4.20625E-5,-4.34036E-4,-1.43193E-3,-9.47326E-4,-7.73452E-4,-1.12969E-3,-5.81172E-4,-7.23815E-4,-4.42578E-4,-6.94353E-4,-3.71076E-4,-1.46590E-3,-9.44744E-4,-9.53577E-4,-6.33250E-4,-9.04074E-4,-1.07965E-3,-7.77372E-4,-1.04719E-3,-1.85299E-3,-4.67699E-4,-7.51685E-4,-9.80724E-4,-4.16973E-4,-7.61339E-4,-1.05742E-3,-1.03719E-3,-1.26178E-3,-9.88930E-4,-8.60543E-4,-6.81708E-4,-9.44683E-4,-2.89070E-4,-8.64827E-4,-1.61119E-3,-1.58303E-3,-5.15669E-4,-1.29858E-4,-8.32239E-4,-5.59488E-4,-8.47198E-5,-7.93965E-5,-4.13384E-4,-9.62098E-4,-6.33047E-4,-6.71592E-4,-3.22517E-4,1.14249E-5,-5.70276E-4,-5.12890E-4,-2.76019E-4,-6.22930E-4,-1.03114E-3
1.15978E+3,NaN,NaN,NaN,NaN,NaN,NaN,NaN,NaN,NaN,NaN,NaN,-1.57604E-4,-3.72335E-4,-5.80790E-4,-5.57713E-4,-5.34636E-4,-5.07231E-4,-4.58582E-4,-4.09933E-4,-2.70486E-4,6.90803E-5,4.08647E-4,6.06482E-4,6.34527E-4,6.62572E-4,5.69188E-4,3.94114E-4,2.19040E-4,5.95895E-5,-9.43911E-5,-2.48372E-4,-2.83970E-4,-3.03965E-4,-3.32351E-4,-6.70309E-4,-1.00827E-3,-1.20455E-3,-7.05425E-4,-2.06301E-4,1.21093E-4,2.97691E-4,4.64659E-4,-5.70690E-4,-2.08332E-3,-3.85779E-3,-5.25204E-3,-5.30031E-3,1.42480E-3,1.10950E-2,1.58246E-2,-1.91360E-3,-4.06483E-2,-8.00503E-2,-1.07912E-1,-1.14075E-1,-1.05544E-1,-9.77282E-2,-1.06396E-1,-1.05996E-1,-7.16282E-2,-1.63749E-2,1.95479E-2,2.48489E-2,7.41563E-3,-2.51729E-3,-1.28219E-3,-3.15022E-4,-1.04401E-3,-8.76613E-5,4.18227E-4,-3.58119E-4,-1.28456E-3,-1.12561E-3,-5.85731E-4,-7.63892E-4,-1.11136E-3,-8.54163E-4,-9.62498E-4,-8.46102E-4,-3.74274E-4,-1.00859E-3,-1.60234E-3,-8.43539E-4,-9.06775E-4,2.46510E-4,-5.24740E-4,-1.45056E-3,-9.78054E-4,-8.14657E-4,-9.12605E-4,-5.06567E-4,-3.65176E-4,-3.75742E-4,-5.11502E-4,-7.32873E-4,-1.57462E-3,-1.29524E-3,-1.03325E-3,-9.01930E-4,-6.93108E-4,-1.56904E-3,-1.12424E-3,-1.34990E-3,-1.98833E-3,-7.41144E-4,-1.24649E-3,-1.25735E-3,-8.11500E-4,-8.73112E-4,-1.05022E-3,-1.07619E-3,-1.35575E-3,-1.27222E-3,-1.15033E-3,-7.24592E-4,-1.21947E-3,-1.42352E-4,-1.11536E-3,-2.04377E-3,-1.95079E-3,-7.89758E-4,-3.95449E-4,-1.12917E-3,-7.70160E-4,-3.03311E-4,-1.83270E-4,-5.22137E-4,-1.18630E-3,-7.61300E-4,-9.76572E-4,-5.63450E-4,-1.07291E-4,-7.24344E-4,-5.93462E-4,-5.35232E-4,-1.04888E-3,-1.35088E-3
1.16323E+3,NaN,NaN,NaN,NaN,NaN,NaN,NaN,NaN,NaN,NaN,1.54809E-5,-2.99948E-4,-6.15376E-4,-8.11590E-4,-8.19888E-4,-8.28186E-4,-7.38713E-4,-5.62889E-4,-3.87065E-4,-1.04262E-4,2.30314E-4,5.64891E-4,7.29229E-4,8.55365E-4,9.81502E-4,7.44081E-4,4.91348E-4,2.38236E-4,-1.81974E-5,-2.74631E-4,-4.60198E-4,-4.27737E-4,-3.95276E-4,-5.51984E-4,-1.00688E-3,-1.46177E-3,-1.40994E-3,-9.10589E-4,-4.11237E-4,-2.05725E-4,6.32942E-4,6.06558E-4,-3.64459E-4,-2.44224E-3,-3.64507E-3,-6.35024E-3,-5.16582E-3,1.02664E-4,1.22741E-2,1.85983E-2,-2.51118E-4,-3.68880E-2,-7.83710E-2,-1.08585E-1,-1.16429E-1,-1.05268E-1,-1.01316E-1,-1.11341E-1,-1.08385E-1,-6.85733E-2,-1.68697E-2,2.05583E-2,2.24325E-2,5.68269E-3,-2.22339E-3,-9.62546E-4,-1.12289E-3,-7.42818E-4,6.20013E-4,4.89402E-4,-1.13996E-3,-1.75895E-3,-8.58598E-4,-4.82454E-4,-1.02420E-3,-1.09505E-3,-1.29756E-3,-1.36822E-3,-7.88935E-4,-5.16177E-4,-1.87929E-3,-1.24355E-3,-1.41572E-3,-2.76998E-4,4.60013E-4,-9.21053E-4,-1.36671E-3,-7.68856E-4,-8.38521E-4,-6.06830E-4,-2.10158E-4,-2.26438E-5,-4.74996E-4,-1.57906E-4,-1.58080E-3,-1.23007E-3,-1.68080E-3,-1.45304E-3,-1.62924E-3,-6.02335E-4,-1.75144E-3,-1.79929E-3,-1.65855E-3,-2.07752E-3,-9.55180E-4,-1.68858E-3,-1.62811E-3,-1.11494E-3,-1.04045E-3,-9.97136E-4,-1.06215E-3,-1.40253E-3,-1.64661E-3,-1.33067E-3,-7.92493E-4,-1.33201E-3,-7.88027E-5,-1.49899E-3,-2.60361E-3,-2.43810E-3,-1.18540E-3,-7.60694E-4,-1.42559E-3,-9.29766E-4,-5.73682E-4,-3.59871E-4,-6.42316E-4,-1.39398E-3,-8.73558E-4,-1.31073E-3,-7.81185E-4,-6.44337E-5,-7.81776E-4,-6.59881E-4,-7.18609E-4,-1.44257E-3,-1.67145E-3
1.16669E+3,NaN,NaN,NaN,NaN,NaN,NaN,NaN,NaN,NaN,NaN,-1.12566E-4,-5.13585E-4,-9.14604E-4,-1.01417E-3,-1.01127E-3,-1.00837E-3,-7.93342E-4,-5.51872E-4,-3.06730E-4,4.93241E-5,4.05378E-4,7.31240E-4,9.14663E-4,1.09809E-3,1.11952E-3,7.93134E-4,4.66751E-4,1.43183E-4,-1.77088E-4,-4.97359E-4,-5.87494E-4,-5.26410E-4,-4.65325E-4,-8.49492E-4,-1.38500E-3,-1.92051E-3,-1.48281E-3,-9.23816E-4,-3.80942E-4,-2.82826E-4,1.03602E-3,6.26715E-4,-1.62404E-4,-2.83402E-3,-3.20437E-3,-7.10031E-3,-4.78227E-3,-2.19049E-3,1.33731E-2,2.36835E-2,5.07490E-3,-3.16893E-2,-7.72949E-2,-1.12522E-1,-1.18861E-1,-1.05358E-1,-1.01881E-1,-1.15550E-1,-1.13961E-1,-6.92474E-2,-1.57537E-2,2.67861E-2,2.28050E-2,3.16968E-3,-3.35785E-3,-2.46141E-4,-1.82983E-3,-1.76515E-4,1.45694E-3,2.36611E-4,-2.19377E-3,-2.06033E-3,-2.50663E-4,-5.85390E-4,-1.46415E-3,-1.20163E-3,-1.84143E-3,-1.51513E-3,-6.11745E-4,-6.12737E-4,-2.78304E-3,-6.49838E-4,-1.91072E-3,6.09704E-4,7.23652E-4,-1.59985E-3,-1.29569E-3,-3.11836E-4,-8.23508E-4,-2.88166E-4,1.61157E-4,3.16896E-4,-7.06431E-4,2.77562E-4,-2.63248E-3,-6.74218E-4,-2.03637E-3,-2.25454E-3,-2.44376E-3,-8.13861E-5,-1.01291E-3,-2.49257E-3,-2.03095E-3,-2.01057E-3,-1.13325E-3,-2.00468E-3,-1.75518E-3,-1.27187E-3,-1.22313E-3,-9.79788E-4,-1.12932E-3,-1.62855E-3,-2.00381E-3,-1.27213E-3,-9.51149E-4,-1.39737E-3,8.32085E-6,-1.74488E-3,-2.96182E-3,-2.79294E-3,-1.38957E-3,-7.92399E-4,-1.55968E-3,-1.06999E-3,-7.67352E-4,-4.13473E-4,-6.36033E-4,-1.47697E-3,-9.50627E-4,-1.51164E-3,-9.24973E-4,-1.00585E-4,-8.07382E-4,-6.71877E-4,-9.23340E-4,-1.78481E-3,-1.83889E-3
1.17014E+3,NaN,NaN,NaN,NaN,NaN,NaN,NaN,NaN,NaN,NaN,-2.78079E-4,-7.80202E-4,-1.23539E-3,-1.27250E-3,-1.30961E-3,-1.23741E-3,-8.26122E-4,-4.14834E-4,-4.82114E-5,2.47561E-4,5.43333E-4,8.37535E-4,1.13034E-3,1.42315E-3,1.23863E-3,8.21513E-4,4.04399E-4,-2.01314E-5,-4.46342E-4,-8.72553E-4,-7.97955E-4,-7.01445E-4,-6.72055E-4,-1.24050E-3,-1.80895E-3,-2.09893E-3,-1.52516E-3,-9.51397E-4,-6.54770E-4,-1.44615E-4,7.79278E-4,6.01725E-4,-7.21947E-4,-2.48752E-3,-4.08525E-3,-5.87743E-3,-5.24631E-3,-9.55869E-4,1.38834E-2,2.21666E-2,6.82859E-3,-2.92733E-2,-7.57205E-2,-1.09775E-1,-1.16170E-1,-1.08345E-1,-1.07565E-1,-1.17343E-1,-1.10088E-1,-6.93528E-2,-1.45310E-2,2.22493E-2,1.93054E-2,3.74726E-3,-2.32502E-3,-1.40902E-3,-1.36998E-3,5.39802E-4,1.26055E-3,-7.81418E-4,-2.51690E-3,-1.58895E-3,-3.17881E-4,-9.72089E-4,-1.52530E-3,-1.66434E-3,-1.99511E-3,-1.43652E-3,-7.60234E-4,-1.67818E-3,-2.28121E-3,-1.20768E-3,-1.02762E-3,9.37531E-4,3.45983E-5,-1.56645E-3,-1.05728E-3,-5.10178E-4,-5.39184E-4,3.02747E-5,4.68483E-4,8.03199E-5,-2.32248E-4,-8.65659E-4,-2.15461E-3,-6.40271E-4,-2.77029E-3,-3.27649E-3,-3.00406E-3,7.11417E-4,1.74623E-4,-3.05896E-3,-2.35334E-3,-1.87892E-3,-1.46332E-3,-2.33142E-3,-2.05618E-3,-1.53977E-3,-1.30212E-3,-8.88864E-4,-1.15749E-3,-1.74638E-3,-2.42483E-3,-1.19593E-3,-1.27884E-3,-1.47090E-3,4.79466E-5,-2.04400E-3,-3.35530E-3,-3.15402E-3,-1.72274E-3,-1.04681E-3,-1.78745E-3,-1.24950E-3,-1.06059E-3,-5.33591E-4,-7.38783E-4,-1.65463E-3,-1.06377E-3,-1.81718E-3,-1.10607E-3,-1.43029E-4,-9.41234E-4,-8.14218E-4,-1.22254E-3,-2.24515E-3,-2.20945E-3
1.17360E+3,NaN,NaN,NaN,NaN,NaN,NaN,NaN,NaN,NaN,NaN,-4.79671E-4,-1.03426E-3,-1.36118E-3,-1.41214E-3,-1.46311E-3,-1.22225E-3,-7.82682E-4,-3.43113E-4,4.80998E-5,4.22125E-4,7.96149E-4,1.10458E-3,1.40412E-3,1.68487E-3,1.18412E-3,6.83374E-4,1.90663E-4,-2.61767E-4,-7.14197E-4,-9.84770E-4,-8.49040E-4,-7.13309E-4,-9.28972E-4,-1.57057E-3,-2.21217E-3,-2.09510E-3,-1.46143E-3,-8.27755E-4,-7.36140E-4,2.80742E-4,6.75641E-4,5.57925E-4,-1.41232E-3,-2.15456E-3,-4.89513E-3,-4.27731E-3,-6.45706E-3,-1.24222E-3,1.58202E-2,2.45819E-2,1.11878E-2,-2.66021E-2,-7.71411E-2,-1.08357E-1,-1.15739E-1,-1.09711E-1,-1.10727E-1,-1.22022E-1,-1.12306E-1,-6.95187E-2,-8.21032E-3,2.18008E-2,1.66908E-2,2.40488E-3,-2.01696E-3,-2.14560E-3,-8.59751E-4,1.45465E-3,7.91853E-4,-2.03300E-3,-2.86637E-3,-7.91868E-4,-4.47722E-4,-1.41825E-3,-1.58079E-3,-2.22667E-3,-2.18820E-3,-1.34579E-3,-7.59264E-4,-2.79895E-3,-1.40277E-3,-1.92149E-3,7.51683E-5,1.37184E-3,-7.44632E-4,-1.60921E-3,-5.52281E-4,-4.72978E-4,-2.06587E-4,3.81616E-4,7.78167E-4,-2.17875E-4,5.36703E-4,-2.28960E-3,-1.37001E-3,-7.29564E-4,-3.54383E-3,-2.30065E-3,-3.47714E-3,1.79143E-3,4.91009E-4,-2.77870E-3,-2.88056E-3,-1.78443E-3,-1.87164E-3,-2.69563E-3,-2.21051E-3,-1.65295E-3,-1.30864E-3,-7.82724E-4,-1.25856E-3,-1.88419E-3,-2.73355E-3,-1.02362E-3,-1.65925E-3,-1.40198E-3,-9.90537E-6,-2.37471E-3,-3.67387E-3,-3.41705E-3,-1.91620E-3,-1.26588E-3,-2.02314E-3,-1.27746E-3,-1.18246E-3,-6.70830E-4,-7.94422E-4,-1.71851E-3,-1.15940E-3,-2.00859E-3,-1.18778E-3,-1.48402E-4,-9.83195E-4,-7.85834E-4,-1.30618E-3,-2.41342E-3,-2.31493E-3
1.17705E+3,NaN,NaN,NaN,NaN,NaN,NaN,NaN,NaN,NaN,NaN,-7.26249E-4,-1.35224E-3,-1.52171E-3,-1.57685E-3,-1.63199E-3,-1.15364E-3,-6.42777E-4,-1.44117E-4,2.23925E-4,5.91966E-4,9.52359E-4,1.28689E-3,1.62142E-3,1.62887E-3,1.08211E-3,5.35348E-4,1.82217E-5,-4.70881E-4,-9.59983E-4,-1.03643E-3,-8.97297E-4,-7.58165E-4,-1.28171E-3,-1.97123E-3,-2.66074E-3,-2.08047E-3,-1.42282E-3,-8.27978E-4,-7.91053E-4,3.67493E-4,4.18109E-4,3.97970E-4,-1.82036E-3,-2.01132E-3,-4.87661E-3,-2.85055E-3,-6.88976E-3,-2.16753E-3,1.60714E-2,2.75031E-2,1.64758E-2,-2.37002E-2,-7.79654E-2,-1.07220E-1,-1.18247E-1,-1.12822E-1,-1.12004E-1,-1.24971E-1,-1.17513E-1,-6.95676E-2,-2.37835E-3,2.31962E-2,1.62326E-2,9.43921E-4,-3.42836E-3,-2.25244E-3,-1.25884E-4,2.11300E-3,-4.19863E-5,-3.22487E-3,-2.77809E-3,-3.47361E-5,-6.79822E-4,-1.78430E-3,-1.81121E-3,-2.72028E-3,-2.10885E-3,-1.24648E-3,-9.36884E-4,-3.42646E-3,-7.45083E-4,-2.27269E-3,1.17072E-3,1.41614E-3,-1.50239E-3,-1.65571E-3,-2.60053E-4,-5.72624E-4,4.14129E-5,7.41218E-4,9.36514E-4,-4.48248E-4,6.11800E-4,-3.37935E-3,-6.47209E-4,-9.23527E-4,-1.95015E-3,-6.33109E-4,-3.69613E-3,1.65052E-3,-6.56244E-4,-2.29724E-3,-3.26638E-3,-1.69771E-3,-2.29029E-3,-2.87653E-3,-2.34530E-3,-1.76061E-3,-1.30150E-3,-7.26615E-4,-1.37262E-3,-1.94852E-3,-3.12274E-3,-6.60901E-4,-1.92206E-3,-1.22508E-3,4.33127E-5,-2.59942E-3,-3.98160E-3,-3.62568E-3,-2.11050E-3,-1.42430E-3,-2.17254E-3,-1.44950E-3,-1.46943E-3,-8.24953E-4,-9.08439E-4,-1.81541E-3,-1.22034E-3,-2.22564E-3,-1.23864E-3,-8.95682E-5,-1.02399E-3,-7.75367E-4,-1.49228E-3,-2.73942E-3,-2.57447E-3
1.18051E+3,NaN,NaN,NaN,NaN,NaN,NaN,NaN,NaN,NaN,NaN,-1.05944E-3,-1.68633E-3,-1.71855E-3,-1.75077E-3,-1.61396E-3,-1.05681E-3,-4.99669E-4,-1.20242E-5,3.83372E-4,7.78767E-4,1.16895E-3,1.55523E-3,1.94152E-3,1.59863E-3,9.65653E-4,3.32671E-4,-2.08855E-4,-7.35276E-4,-1.26092E-3,-1.08489E-3,-9.08868E-4,-8.61880E-4,-1.58221E-3,-2.30254E-3,-2.61874E-3,-1.93005E-3,-1.24137E-3,-8.48274E-4,-3.84552E-4,2.06355E-4,3.05268E-4,-4.35955E-4,-1.45172E-3,-2.58786E-3,-3.05553E-3,-3.27202E-3,-6.30975E-3,-4.17296E-4,1.57314E-2,2.73895E-2,1.64220E-2,-2.46024E-2,-7.25183E-2,-1.04000E-1,-1.18261E-1,-1.15554E-1,-1.16278E-1,-1.26766E-1,-1.15990E-1,-6.32683E-2,-4.56332E-3,1.90175E-2,1.41608E-2,1.08892E-3,-3.85097E-3,-1.88485E-3,8.91548E-4,1.54607E-3,-1.24826E-3,-3.32588E-3,-1.78455E-3,-1.90397E-4,-1.17156E-3,-1.90398E-3,-2.38929E-3,-2.77686E-3,-2.00157E-3,-1.06653E-3,-2.06507E-3,-2.54094E-3,-1.43575E-3,-9.54948E-4,1.63042E-3,5.52991E-4,-1.61202E-3,-1.16360E-3,-3.95384E-4,-3.39767E-4,3.48989E-4,1.06758E-3,5.06835E-4,1.11018E-4,-1.02768E-3,-2.51860E-3,-6.37638E-4,-1.49517E-3,8.68227E-5,1.25153E-3,-3.56418E-3,1.00574E-3,-1.95160E-3,-1.78119E-3,-3.59088E-3,-1.42381E-3,-2.66269E-3,-3.08306E-3,-2.50473E-3,-1.78583E-3,-1.28939E-3,-6.36740E-4,-1.45944E-3,-2.07316E-3,-3.44025E-3,-3.59962E-4,-2.28855E-3,-1.00831E-3,3.88819E-5,-2.79913E-3,-4.16069E-3,-3.84320E-3,-2.28722E-3,-1.51641E-3,-2.22764E-3,-1.37416E-3,-1.56343E-3,-8.52948E-4,-9.44286E-4,-1.88759E-3,-1.26900E-3,-2.37200E-3,-1.33475E-3,-1.56794E-4,-1.12962E-3,-8.26613E-4,-1.56484E-3,-2.83538E-3,-2.72220E-3
1.18397E+3,NaN,NaN,NaN,NaN,NaN,NaN,NaN,NaN,NaN,NaN,-1.28665E-3,-1.70473E-3,-1.79248E-3,-1.88024E-3,-1.52148E-3,-8.97889E-4,-2.74299E-4,1.74163E-4,5.70479E-4,9.66796E-4,1.34131E-3,1.71376E-3,2.02889E-3,1.38283E-3,7.36775E-4,1.07157E-4,-4.56342E-4,-1.01984E-3,-1.33246E-3,-1.16236E-3,-9.92270E-4,-1.26506E-3,-2.00842E-3,-2.75179E-3,-2.58028E-3,-1.86617E-3,-1.15206E-3,-8.36083E-4,-1.31923E-4,-2.61679E-5,8.39544E-5,-1.50640E-3,-1.21349E-3,-3.35401E-3,-1.24934E-3,-3.57905E-3,-6.74636E-3,-3.63823E-4,1.58020E-2,2.97492E-2,1.88552E-2,-2.49149E-2,-6.82078E-2,-1.05203E-1,-1.20985E-1,-1.15948E-1,-1.18397E-1,-1.33721E-1,-1.18078E-1,-5.62528E-2,-2.71892E-3,1.89505E-2,1.25101E-2,-1.36963E-3,-4.34323E-3,-1.03191E-3,1.82612E-3,7.58918E-4,-2.84330E-3,-3.60679E-3,-8.04171E-4,-5.02913E-4,-1.62000E-3,-2.03850E-3,-3.07739E-3,-2.74067E-3,-1.78710E-3,-8.86942E-4,-3.43148E-3,-1.47230E-3,-2.38841E-3,4.90367E-4,1.99412E-3,-6.38366E-4,-1.87435E-3,-6.51185E-4,-5.22930E-4,-5.92851E-5,6.05793E-4,1.38323E-3,-3.46704E-4,7.45179E-4,-3.00267E-3,-1.53501E-3,-8.23494E-4,-2.22379E-3,1.70385E-3,-1.84087E-4,-3.18906E-3,-8.16581E-5,-2.11160E-3,-1.42620E-3,-4.08918E-3,-1.21497E-3,-3.06932E-3,-3.26048E-3,-2.75932E-3,-2.01708E-3,-1.25856E-3,-6.58284E-4,-1.67329E-3,-2.19142E-3,-3.81684E-3,9.81101E-5,-2.68173E-3,-8.64041E-4,-8.60433E-5,-3.04441E-3,-4.40532E-3,-4.06194E-3,-2.50174E-3,-1.72788E-3,-2.45070E-3,-1.55592E-3,-1.74991E-3,-9.67546E-4,-1.08349E-3,-2.00145E-3,-1.45959E-3,-2.59342E-3,-1.42453E-3,-1.90703E-4,-1.21613E-3,-9.57759E-4,-1.82029E-3,-3.08896E-3,-2.96818E-3
1.18743E+3,NaN,NaN,NaN,NaN,NaN,NaN,NaN,NaN,NaN,NaN,-1.58088E-3,-1.82413E-3,-1.96296E-3,-2.10179E-3,-1.46256E-3,-7.95340E-4,-1.48410E-4,3.31154E-4,8.10719E-4,1.26119E-3,1.62485E-3,1.98851E-3,1.94184E-3,1.26365E-3,5.85457E-4,-6.12649E-5,-6.80822E-4,-1.30038E-3,-1.36071E-3,-1.15735E-3,-9.53990E-4,-1.55109E-3,-2.32104E-3,-3.09098E-3,-2.39672E-3,-1.64978E-3,-9.53705E-4,-6.25361E-4,4.87963E-6,-3.35691E-4,-4.18778E-4,-2.24301E-3,-9.56349E-4,-3.01877E-3,-9.43018E-5,-3.62149E-3,-6.15265E-3,-8.09782E-4,1.39714E-2,3.04970E-2,2.14257E-2,-2.08420E-2,-6.36489E-2,-1.06668E-1,-1.23770E-1,-1.16850E-1,-1.19272E-1,-1.38241E-1,-1.19190E-1,-5.31760E-2,-1.43215E-3,2.03314E-2,1.20953E-2,-3.89371E-3,-5.05464E-3,2.57639E-4,1.96433E-3,-1.28182E-4,-3.95937E-3,-3.51833E-3,6.03717E-7,-8.16688E-4,-2.13201E-3,-2.41166E-3,-3.62385E-3,-2.66527E-3,-1.47083E-3,-1.11894E-3,-4.00427E-3,-8.29542E-4,-2.56283E-3,1.80443E-3,1.90042E-3,-1.45560E-3,-1.99334E-3,-2.39899E-4,-4.48159E-4,1.71276E-4,8.20127E-4,1.48009E-3,-8.34439E-4,6.78377E-4,-4.10666E-3,-9.02467E-4,-1.17799E-3,-2.52293E-3,-1.32169E-4,-1.71029E-3,-2.89453E-3,-9.39613E-4,-1.33094E-3,-1.05824E-3,-4.53883E-3,-9.56314E-4,-3.59241E-3,-3.47179E-3,-2.86511E-3,-2.06595E-3,-1.16117E-3,-7.46269E-4,-1.79535E-3,-2.18038E-3,-4.15677E-3,3.60307E-4,-3.30202E-3,-4.85806E-4,-2.41615E-4,-3.27700E-3,-4.62642E-3,-4.23397E-3,-2.63736E-3,-1.99078E-3,-2.65584E-3,-1.57430E-3,-1.91107E-3,-1.06522E-3,-1.18145E-3,-2.08153E-3,-1.49800E-3,-2.71182E-3,-1.55201E-3,-3.27305E-4,-1.33648E-3,-9.22689E-4,-1.90401E-3,-3.19902E-3,-3.10736E-3
1.19089E+3,NaN,NaN,NaN,NaN,NaN,NaN,NaN,NaN,NaN,2.88851E-4,-1.93849E-3,-2.02662E-3,-2.11474E-3,-1.96759E-3,-1.27032E-3,-5.73052E-4,5.73081E-5,6.03348E-4,1.14939E-3,1.56001E-3,1.87469E-3,2.18936E-3,1.75055E-3,1.03040E-3,3.10264E-4,-2.96313E-4,-8.86070E-4,-1.46458E-3,-1.24226E-3,-1.01994E-3,-9.54601E-4,-1.73397E-3,-2.51334E-3,-2.85636E-3,-2.17914E-3,-1.50192E-3,-8.96858E-4,-2.39200E-4,-3.58147E-5,-4.29882E-4,-1.54142E-3,-1.82593E-3,-1.46719E-3,-1.09540E-3,-4.94554E-4,-3.42687E-3,-4.55420E-3,-5.17164E-4,1.31697E-2,2.80456E-2,1.89447E-2,-1.58841E-2,-6.25834E-2,-1.05957E-1,-1.22091E-1,-1.18502E-1,-1.25704E-1,-1.37806E-1,-1.11435E-1,-5.24240E-2,-2.92336E-3,1.75642E-2,9.32819E-3,-3.83844E-3,-3.71751E-3,1.00427E-3,1.28444E-3,-1.64566E-3,-4.16034E-3,-2.26461E-3,-2.90293E-4,-1.38573E-3,-2.25145E-3,-3.03554E-3,-3.50694E-3,-2.32752E-3,-1.20417E-3,-2.33669E-3,-2.72255E-3,-1.70484E-3,-8.73737E-4,2.26932E-3,8.63133E-4,-1.65851E-3,-1.42158E-3,-4.51748E-4,-1.87340E-4,4.09307E-4,1.20821E-3,6.26482E-4,7.02452E-5,-1.23852E-3,-2.98749E-3,-9.22335E-4,-1.82569E-3,-1.42990E-3,-2.10350E-3,-3.18425E-3,-2.01445E-3,-1.52919E-3,-2.67791E-4,-1.10376E-3,-4.64060E-3,-8.39263E-4,-3.73892E-3,-3.58121E-3,-2.94240E-3,-2.09902E-3,-1.04522E-3,-9.21469E-4,-1.64730E-3,-2.43105E-3,-4.10257E-3,7.60109E-4,-3.20698E-3,-2.45661E-4,-1.75473E-4,-3.41460E-3,-4.65871E-3,-4.23674E-3,-2.75528E-3,-2.02480E-3,-2.54072E-3,-1.38795E-3,-1.89034E-3,-1.11709E-3,-1.22850E-3,-2.01025E-3,-1.56415E-3,-2.80347E-3,-1.54511E-3,-2.98184E-4,-1.32973E-3,-9.02302E-4,-1.90124E-3,-3.24765E-3,-3.17717E-3
1.19435E+3,NaN,NaN,NaN,NaN,NaN,NaN,NaN,NaN,NaN,-3.01738E-5,-1.97501E-3,-2.09202E-3,-2.20904E-3,-1.81287E-3,-1.11614E-3,-4.19404E-4,2.05613E-4,8.09630E-4,1.41365E-3,1.75168E-3,2.06544E-3,2.31685E-3,1.57762E-3,8.38389E-4,1.10965E-4,-5.69841E-4,-1.25065E-3,-1.60669E-3,-1.34593E-3,-1.08518E-3,-1.35084E-3,-2.16930E-3,-2.98776E-3,-2.83279E-3,-2.10768E-3,-1.38258E-3,-7.40402E-4,-1.39672E-5,-1.87111E-4,-6.08290E-4,-2.73255E-3,-1.51410E-3,-1.78718E-3,4.43285E-4,-9.99856E-4,-3.01591E-3,-3.56076E-3,-2.60639E-3,1.17849E-2,2.88121E-2,2.21157E-2,-9.87908E-3,-6.25855E-2,-1.07638E-1,-1.21532E-1,-1.17924E-1,-1.30165E-1,-1.41322E-1,-1.08520E-1,-5.03894E-2,-4.61272E-4,1.79294E-2,5.85355E-3,-5.58461E-3,-1.99035E-3,1.26432E-3,6.46619E-4,-3.58765E-3,-4.38639E-3,-9.82957E-4,-6.69510E-4,-2.07606E-3,-2.55269E-3,-3.86565E-3,-3.40081E-3,-2.10070E-3,-8.81933E-4,-3.79916E-3,-1.65573E-3,-2.66385E-3,9.56473E-4,2.41760E-3,-3.82069E-4,-2.13757E-3,-9.16350E-4,-7.02015E-4,2.51870E-7,4.62795E-4,1.74632E-3,-5.57181E-4,7.68680E-4,-3.52886E-3,-2.02170E-3,-1.25696E-3,-2.65582E-3,-3.37310E-4,-3.80382E-3,-2.89275E-3,-1.26679E-3,-2.18905E-3,-4.51605E-4,-1.39971E-3,-4.40492E-3,-1.31815E-3,-3.91829E-3,-3.69254E-3,-3.11743E-3,-2.05973E-3,-1.05961E-3,-1.04089E-3,-1.80845E-3,-2.61452E-3,-3.86825E-3,4.57663E-4,-3.15536E-3,-5.37262E-4,-4.67283E-4,-3.74117E-3,-4.92806E-3,-4.48555E-3,-2.99767E-3,-2.28802E-3,-2.82350E-3,-1.48577E-3,-2.10781E-3,-1.33888E-3,-1.38925E-3,-2.13620E-3,-1.72593E-3,-2.95355E-3,-1.67830E-3,-4.90397E-4,-1.51217E-3,-9.94429E-4,-2.07075E-3,-3.42813E-3,-3.43555E-3
1.19781E+3,NaN,NaN,NaN,NaN,NaN,NaN,NaN,NaN,NaN,-2.73410E-4,-1.98479E-3,-2.12583E-3,-2.26688E-3,-1.62811E-3,-9.55595E-4,-2.86581E-4,3.51376E-4,9.89334E-4,1.55785E-3,1.91145E-3,2.26506E-3,2.16941E-3,1.36240E-3,5.55395E-4,-1.46309E-4,-7.54606E-4,-1.36290E-3,-1.41748E-3,-1.20276E-3,-9.88041E-4,-1.59614E-3,-2.39019E-3,-3.18425E-3,-2.49714E-3,-1.74592E-3,-1.01776E-3,-4.63163E-4,2.59870E-4,-1.23265E-5,-1.02330E-3,-3.43108E-3,-1.32289E-3,-1.24658E-3,1.26074E-3,-1.11233E-3,-2.08469E-3,-2.23567E-3,-4.38600E-3,8.99848E-3,2.86103E-2,2.76392E-2,-5.49406E-3,-6.20356E-2,-1.08874E-1,-1.22260E-1,-1.19692E-1,-1.31062E-1,-1.42569E-1,-1.09107E-1,-4.88729E-2,2.26389E-3,1.92575E-2,4.13002E-3,-6.93192E-3,-5.59324E-4,1.60468E-3,-1.99484E-4,-4.69505E-3,-4.05318E-3,-1.86928E-4,-1.17346E-3,-2.36350E-3,-2.96663E-3,-4.35177E-3,-3.07103E-3,-1.75968E-3,-9.89577E-4,-4.34219E-3,-8.73622E-4,-2.73317E-3,2.40705E-3,2.19555E-3,-1.12611E-3,-2.49905E-3,-6.61091E-4,-4.99939E-4,1.03411E-4,6.62122E-4,1.91178E-3,-1.29859E-3,8.20147E-4,-4.71258E-3,-1.35550E-3,-1.59174E-3,-2.85679E-3,4.37786E-4,-3.33565E-3,-2.53931E-3,-3.02578E-4,-2.93983E-3,-1.36047E-3,-1.72029E-3,-4.24322E-3,-1.54269E-3,-4.10753E-3,-3.75398E-3,-3.04100E-3,-1.91512E-3,-9.30542E-4,-1.25327E-3,-1.74671E-3,-2.68133E-3,-3.30735E-3,5.34375E-5,-3.03469E-3,-6.51549E-4,-4.42138E-4,-3.75803E-3,-4.84379E-3,-4.46989E-3,-3.18792E-3,-2.55775E-3,-2.97095E-3,-1.45339E-3,-2.03813E-3,-1.22807E-3,-1.32010E-3,-2.08943E-3,-1.77074E-3,-2.87957E-3,-1.61191E-3,-5.66624E-4,-1.68188E-3,-1.03120E-3,-2.08639E-3,-3.48127E-3,-3.55192E-3
1.20127E+3,NaN,NaN,NaN,NaN,NaN,NaN,NaN,NaN,NaN,-5.97892E-4,-2.09023E-3,-2.17568E-3,-2.05137E-3,-1.39628E-3,-7.41184E-4,-6.71225E-5,6.32484E-4,1.33209E-3,1.78885E-3,2.06161E-3,2.33438E-3,1.86654E-3,1.09885E-3,3.31168E-4,-2.98614E-4,-9.04946E-4,-1.51128E-3,-1.25580E-3,-9.98187E-4,-9.01092E-4,-1.78688E-3,-2.67267E-3,-3.08996E-3,-2.32171E-3,-1.55346E-3,-8.02952E-4,-4.09101E-5,2.61150E-4,-2.58869E-4,-2.03608E-3,-2.93833E-3,-1.56690E-3,-5.92335E-5,7.58068E-4,-7.93560E-4,-6.38646E-4,-3.01672E-3,-4.37961E-3,8.42053E-3,2.84539E-2,2.94499E-2,-5.35345E-3,-6.02519E-2,-1.03655E-1,-1.19185E-1,-1.22372E-1,-1.33581E-1,-1.39095E-1,-1.06699E-1,-4.76651E-2,9.48385E-4,1.49460E-2,2.58434E-3,-4.69054E-3,-5.56398E-4,8.52694E-4,-2.05360E-3,-4.94834E-3,-2.96751E-3,-7.38738E-4,-1.83623E-3,-2.82789E-3,-3.73455E-3,-4.10006E-3,-2.84426E-3,-1.44120E-3,-2.27940E-3,-2.94294E-3,-1.87850E-3,-8.18739E-4,2.68043E-3,1.01142E-3,-1.81978E-3,-2.03148E-3,-9.04687E-4,-4.37811E-4,2.49355E-4,1.26657E-3,6.40491E-4,-3.87983E-4,-1.32489E-3,-3.70939E-3,-1.57412E-3,-2.33309E-3,-1.80353E-3,-5.29220E-4,-3.14151E-3,-2.29862E-3,-6.09006E-4,-3.73042E-3,-2.25232E-3,-2.21751E-3,-3.95558E-3,-1.99017E-3,-4.13336E-3,-3.82811E-3,-3.15345E-3,-1.98304E-3,-9.26677E-4,-1.35203E-3,-1.82028E-3,-2.83694E-3,-2.97471E-3,-3.64400E-4,-2.74995E-3,-8.19874E-4,-5.09009E-4,-3.85889E-3,-4.82205E-3,-4.55711E-3,-3.36038E-3,-2.61488E-3,-2.89520E-3,-1.40881E-3,-2.20659E-3,-1.48726E-3,-1.56755E-3,-2.17303E-3,-2.00349E-3,-3.02999E-3,-1.71929E-3,-7.83894E-4,-1.73747E-3,-9.24105E-4,-2.09973E-3,-3.56214E-3,-3.76650E-3
1.20473E+3,NaN,NaN,NaN,NaN,NaN,NaN,NaN,NaN,NaN,-9.30852E-4,-2.20656E-3,-2.27449E-3,-1.87821E-3,-1.17868E-3,-4.79153E-4,2.47457E-4,9.83204E-4,1.71895E-3,2.03528E-3,2.30008E-3,2.52674E-3,1.65097E-3,7.75210E-4,-4.10982E-5,-5.79620E-4,-1.11814E-3,-1.39262E-3,-1.10380E-3,-8.14987E-4,-1.09925E-3,-2.05081E-3,-3.00238E-3,-2.92254E-3,-2.16893E-3,-1.41532E-3,-7.16962E-4,1.03684E-4,2.03404E-4,-5.61734E-4,-3.33444E-3,-2.47833E-3,-1.66890E-3,1.02846E-3,3.62821E-4,-2.87811E-4,1.14569E-3,-4.12989E-3,-5.79862E-3,8.30445E-3,3.39824E-2,3.35139E-2,-3.24665E-3,-5.97638E-2,-1.01484E-1,-1.18516E-1,-1.22102E-1,-1.36814E-1,-1.42716E-1,-1.05309E-1,-4.38764E-2,3.98491E-3,1.33169E-2,-2.15399E-4,-3.55826E-3,-6.43894E-7,2.85336E-4,-3.93468E-3,-5.24268E-3,-1.77264E-3,-1.31779E-3,-2.63129E-3,-3.17891E-3,-4.48917E-3,-4.11094E-3,-2.81927E-3,-1.18949E-3,-3.97421E-3,-1.72326E-3,-2.87701E-3,1.30482E-3,2.63600E-3,-9.25593E-5,-2.64083E-3,-1.51235E-3,-8.57715E-4,-2.27960E-4,2.38062E-4,1.94464E-3,-8.70850E-4,6.19635E-4,-3.63015E-3,-2.77726E-3,-1.82185E-3,-3.23509E-3,-5.68558E-4,-1.44001E-3,-3.03253E-3,-3.04481E-3,-9.08415E-4,-4.67846E-3,-3.10651E-3,-2.73952E-3,-3.80064E-3,-2.41318E-3,-4.40649E-3,-3.93317E-3,-3.28942E-3,-1.98610E-3,-1.13445E-3,-1.54941E-3,-1.92556E-3,-3.05185E-3,-2.66092E-3,-8.01431E-4,-2.50408E-3,-1.10998E-3,-7.88993E-4,-4.20349E-3,-5.10138E-3,-4.77523E-3,-3.57334E-3,-2.84563E-3,-3.09244E-3,-1.42883E-3,-2.32178E-3,-1.67127E-3,-1.76386E-3,-2.27379E-3,-2.20674E-3,-3.20407E-3,-1.88050E-3,-9.52824E-4,-1.97347E-3,-1.14513E-3,-2.35100E-3,-3.78403E-3,-3.85533E-3
1.20819E+3,NaN,NaN,NaN,NaN,NaN,NaN,NaN,NaN,NaN,-1.22826E-3,-2.26039E-3,-2.35352E-3,-1.73095E-3,-1.04904E-3,-3.56311E-4,4.88667E-4,1.33365E-3,2.04691E-3,2.26212E-3,2.47733E-3,2.29985E-3,1.39948E-3,4.99105E-4,-2.50638E-4,-8.46619E-4,-1.44260E-3,-1.47071E-3,-1.17622E-3,-8.81723E-4,-1.54945E-3,-2.48767E-3,-3.42588E-3,-2.81290E-3,-2.07130E-3,-1.31508E-3,-3.59994E-4,4.12462E-4,-1.48215E-5,-9.38309E-4,-3.83071E-3,-2.21120E-3,-1.52930E-3,1.53696E-3,1.16288E-4,5.07984E-4,2.42752E-3,-4.81809E-3,-7.51449E-3,6.77575E-3,3.82960E-2,3.80171E-2,1.89491E-3,-5.71867E-2,-1.00236E-1,-1.19858E-1,-1.22196E-1,-1.38144E-1,-1.49101E-1,-1.06844E-1,-4.12684E-2,7.92521E-3,1.44976E-2,-1.84478E-3,-4.09779E-3,3.56020E-4,-3.62922E-4,-5.70852E-3,-5.30434E-3,-9.64055E-4,-1.96605E-3,-2.99486E-3,-3.64978E-3,-5.14946E-3,-3.90731E-3,-2.29666E-3,-9.97467E-4,-4.67032E-3,-8.23512E-4,-3.50262E-3,2.90811E-3,2.07730E-3,-1.32086E-3,-3.33384E-3,-1.32906E-3,-1.12159E-3,-1.49207E-4,2.54090E-4,2.19833E-3,-1.97306E-3,8.87382E-4,-5.50815E-3,-2.20205E-3,-2.32888E-3,-3.70706E-3,3.97383E-4,-2.53330E-3,-4.19008E-3,-3.47021E-3,-1.62996E-3,-4.03788E-3,-3.91987E-3,-3.05363E-3,-3.49346E-3,-2.76062E-3,-4.53221E-3,-4.19765E-3,-3.38777E-3,-1.95775E-3,-1.17029E-3,-1.69850E-3,-2.14133E-3,-3.38596E-3,-2.31103E-3,-1.20546E-3,-2.26527E-3,-1.43151E-3,-1.07006E-3,-4.42930E-3,-5.14480E-3,-4.86982E-3,-3.75817E-3,-2.98627E-3,-2.95736E-3,-1.28067E-3,-2.40856E-3,-1.82317E-3,-1.78056E-3,-2.34350E-3,-2.47711E-3,-3.32096E-3,-2.08424E-3,-1.22380E-3,-2.25434E-3,-1.43871E-3,-2.62509E-3,-4.05173E-3,-4.08687E-3
1.21165E+3,NaN,NaN,NaN,NaN,NaN,NaN,NaN,NaN,NaN,-1.59600E-3,-2.34946E-3,-2.25658E-3,-1.54600E-3,-8.35425E-4,-3.56003E-5,9.08720E-4,1.85304E-3,2.38083E-3,2.53128E-3,2.68173E-3,2.10069E-3,1.15533E-3,2.09976E-4,-4.64999E-4,-1.07671E-3,-1.68843E-3,-1.44041E-3,-1.15022E-3,-9.66204E-4,-1.78064E-3,-2.59508E-3,-3.06501E-3,-2.43780E-3,-1.81059E-3,-9.49932E-4,6.52359E-5,3.81418E-4,-1.81540E-4,-1.93847E-3,-3.19478E-3,-2.16124E-3,-6.53468E-4,9.44661E-4,7.07769E-4,1.87595E-3,1.06131E-3,-5.16111E-3,-6.06832E-3,1.08626E-2,3.66018E-2,3.70193E-2,3.02815E-3,-5.12507E-2,-9.52041E-2,-1.16860E-1,-1.24555E-1,-1.40675E-1,-1.44931E-1,-1.02530E-1,-3.99306E-2,4.85042E-3,1.12313E-2,-5.53147E-4,-3.16846E-3,-3.73068E-4,-2.22707E-3,-5.81860E-3,-4.01848E-3,-1.44931E-3,-2.59645E-3,-3.49897E-3,-4.45725E-3,-5.00485E-3,-3.51770E-3,-1.75473E-3,-2.48543E-3,-3.52122E-3,-2.04974E-3,-1.31400E-3,2.72960E-3,9.90561E-4,-1.94319E-3,-2.63193E-3,-1.34066E-3,-8.61888E-4,-1.20761E-4,9.54511E-4,6.33895E-4,-8.71772E-4,-1.34068E-3,-4.56861E-3,-2.55591E-3,-3.08707E-3,-2.53747E-3,-9.16857E-4,-3.65063E-3,-5.01089E-3,-3.95806E-3,-1.11396E-3,-2.94574E-3,-4.52729E-3,-3.29277E-3,-3.24124E-3,-3.24501E-3,-4.71127E-3,-4.20147E-3,-3.40820E-3,-1.97415E-3,-1.44569E-3,-1.80404E-3,-2.10783E-3,-3.37861E-3,-1.89288E-3,-1.65324E-3,-1.93035E-3,-1.62705E-3,-1.13664E-3,-4.55427E-3,-4.96385E-3,-4.85701E-3,-3.94263E-3,-3.10603E-3,-2.81066E-3,-1.19538E-3,-2.52224E-3,-1.95375E-3,-1.90234E-3,-2.37662E-3,-2.49596E-3,-3.28638E-3,-2.13708E-3,-1.26904E-3,-2.31245E-3,-1.50284E-3,-2.64895E-3,-4.06770E-3,-4.13335E-3
1.21511E+3,NaN,NaN,NaN,NaN,NaN,NaN,NaN,NaN,NaN,-1.96347E-3,-2.20896E-3,-1.84201E-3,-1.20606E-3,-5.70113E-4,2.58075E-4,1.17088E-3,2.08368E-3,2.37331E-3,2.54179E-3,2.71027E-3,1.81576E-3,8.99654E-4,1.86633E-5,-6.11832E-4,-1.24233E-3,-1.66216E-3,-1.50012E-3,-1.33808E-3,-1.54923E-3,-2.30039E-3,-3.05156E-3,-2.99466E-3,-2.28067E-3,-1.56667E-3,-5.41573E-4,1.89457E-4,3.17003E-4,-6.23293E-4,-2.88292E-3,-2.96734E-3,-2.22568E-3,-3.04116E-4,2.76056E-4,8.35722E-4,3.38708E-3,2.02531E-4,-5.68773E-3,-6.52690E-3,1.37268E-2,3.78572E-2,4.12980E-2,7.26228E-3,-4.61449E-2,-9.24185E-2,-1.15235E-1,-1.24443E-1,-1.47654E-1,-1.45840E-1,-1.00402E-1,-3.61031E-2,6.15770E-3,9.03407E-3,-1.37210E-3,-2.83200E-3,-7.31336E-4,-4.35935E-3,-6.35987E-3,-2.94976E-3,-2.11432E-3,-3.24751E-3,-4.10163E-3,-5.40783E-3,-5.07535E-3,-3.57886E-3,-1.82947E-3,-4.15166E-3,-2.35266E-3,-3.25944E-3,6.60128E-4,2.08016E-3,-3.65079E-4,-2.96187E-3,-2.31941E-3,-1.65114E-3,-8.75762E-4,-2.92039E-4,1.53033E-3,-1.03552E-3,6.81552E-5,-3.80425E-3,-3.77760E-3,-2.66504E-3,-3.75433E-3,-1.40226E-3,-1.96624E-3,-4.68454E-3,-6.22641E-3,-4.13494E-3,-8.10546E-4,-1.77257E-3,-4.97431E-3,-3.62703E-3,-3.18944E-3,-3.72211E-3,-4.87981E-3,-4.36020E-3,-3.56753E-3,-2.04198E-3,-1.59524E-3,-1.94101E-3,-2.52768E-3,-3.86160E-3,-1.70627E-3,-2.23294E-3,-1.79879E-3,-2.00058E-3,-1.18091E-3,-4.60467E-3,-5.15523E-3,-5.05345E-3,-4.21426E-3,-3.29275E-3,-2.87402E-3,-1.45655E-3,-2.75214E-3,-2.19487E-3,-2.22446E-3,-2.65416E-3,-2.81535E-3,-3.49547E-3,-2.43904E-3,-1.62563E-3,-2.60256E-3,-1.69208E-3,-2.85285E-3,-4.33341E-3,-4.23154E-3
1.21858E+3,NaN,NaN,NaN,NaN,NaN,NaN,NaN,NaN,NaN,-1.95532E-3,-2.34450E-3,-1.78834E-3,-1.12482E-3,-4.59706E-4,6.04213E-4,1.66813E-3,2.57561E-3,2.57413E-3,2.57264E-3,2.29977E-3,1.36148E-3,4.23196E-4,-3.45679E-4,-8.92306E-4,-1.43893E-3,-1.51841E-3,-1.25317E-3,-9.87930E-4,-1.43360E-3,-2.15813E-3,-2.88266E-3,-2.49994E-3,-1.93864E-3,-1.37385E-3,6.42373E-5,7.00514E-4,2.66172E-4,-8.11289E-4,-3.13154E-3,-2.50406E-3,-1.93923E-3,-1.00761E-4,-1.18594E-4,1.55037E-3,4.44575E-3,-2.61901E-4,-5.28270E-3,-7.52864E-3,1.31751E-2,4.00090E-2,4.96692E-2,1.59842E-2,-4.07604E-2,-9.16210E-2,-1.16380E-1,-1.21606E-1,-1.53899E-1,-1.49859E-1,-1.00169E-1,-2.99870E-2,1.24668E-2,9.92686E-3,-3.21436E-3,-3.46690E-3,-3.40395E-4,-6.42536E-3,-6.47835E-3,-1.61061E-3,-2.78634E-3,-4.04602E-3,-4.49011E-3,-5.86961E-3,-4.76591E-3,-3.36770E-3,-1.47939E-3,-4.86411E-3,-1.19252E-3,-3.92799E-3,2.78545E-3,1.50803E-3,-1.58784E-3,-3.78070E-3,-1.79994E-3,-1.64532E-3,-7.66389E-4,-3.56294E-4,2.44262E-3,-2.52554E-3,7.04879E-4,-5.66450E-3,-3.01083E-3,-2.50548E-3,-4.22588E-3,-1.48985E-4,-2.71372E-3,-5.15664E-3,-4.50982E-3,-3.65955E-3,-5.73623E-4,-1.72129E-3,-4.23321E-3,-3.70947E-3,-2.87556E-3,-3.85372E-3,-4.79885E-3,-4.24856E-3,-3.28342E-3,-2.00568E-3,-1.96342E-3,-2.02704E-3,-2.53646E-3,-3.90835E-3,-1.42166E-3,-2.43867E-3,-1.13141E-3,-2.08139E-3,-1.19485E-3,-4.57899E-3,-4.91855E-3,-4.85597E-3,-4.19700E-3,-3.15138E-3,-2.69308E-3,-1.45148E-3,-2.73564E-3,-2.16890E-3,-2.28108E-3,-2.49204E-3,-2.73416E-3,-3.49730E-3,-2.62528E-3,-1.79456E-3,-2.53048E-3,-1.80302E-3,-2.93554E-3,-4.13117E-3,-3.99126E-3
1.22204E+3,NaN,NaN,NaN,NaN,NaN,NaN,NaN,NaN,-3.50906E-4,-1.58824E-3,-1.96841E-3,-1.43871E-3,-9.09004E-4,-2.18592E-4,8.28414E-4,1.87542E-3,2.39287E-3,2.27225E-3,2.15163E-3,1.64001E-3,8.63777E-4,8.75450E-5,-4.62784E-4,-9.33428E-4,-1.40407E-3,-1.31918E-3,-1.16003E-3,-1.02301E-3,-1.75045E-3,-2.47789E-3,-2.99504E-3,-2.46931E-3,-1.94358E-3,-1.07192E-3,1.08573E-4,1.49232E-4,-2.71526E-4,-1.55761E-3,-2.88918E-3,-2.18935E-3,-1.34361E-3,-3.83780E-4,2.95649E-4,2.69648E-3,3.54283E-3,-5.07652E-4,-5.10716E-3,-3.91153E-3,1.32396E-2,3.93689E-2,4.99134E-2,2.13650E-2,-3.42866E-2,-8.60505E-2,-1.13434E-1,-1.28015E-1,-1.51868E-1,-1.45469E-1,-9.70803E-2,-3.09072E-2,8.72524E-3,8.80823E-3,-2.11328E-3,-3.26972E-3,-2.71436E-3,-7.01347E-3,-5.47134E-3,-2.53320E-3,-3.85665E-3,-4.26417E-3,-4.99093E-3,-5.85514E-3,-4.50081E-3,-2.87741E-3,-2.55571E-3,-4.07263E-3,-2.34533E-3,-2.21980E-3,1.79563E-3,8.38644E-5,-2.34128E-3,-3.18453E-3,-1.90195E-3,-1.57146E-3,-8.28281E-4,1.86089E-4,4.66814E-4,-1.70306E-3,-1.31878E-3,-4.89702E-3,-2.97929E-3,-3.26146E-3,-3.17517E-3,-1.12755E-3,-3.58262E-3,-3.30665E-3,-3.20587E-3,-3.71411E-3,-1.08862E-3,-2.88314E-3,-3.55581E-3,-3.78112E-3,-3.07156E-3,-4.34982E-3,-4.72730E-3,-4.22491E-3,-3.01050E-3,-1.78897E-3,-2.04963E-3,-2.02512E-3,-2.72560E-3,-4.17697E-3,-1.27449E-3,-3.03077E-3,-1.06823E-3,-2.45189E-3,-1.50097E-3,-4.65992E-3,-4.69484E-3,-4.83418E-3,-4.22605E-3,-3.09586E-3,-2.68082E-3,-1.64027E-3,-2.92355E-3,-2.31542E-3,-2.39424E-3,-2.68208E-3,-3.02052E-3,-3.62189E-3,-2.72095E-3,-1.97635E-3,-2.68544E-3,-1.94670E-3,-2.98279E-3,-4.25480E-3,-3.96040E-3
1.22551E+3,NaN,NaN,NaN,NaN,NaN,NaN,NaN,NaN,-1.46263E-4,-1.62762E-3,-1.81853E-3,-1.22787E-3,-6.37212E-4,1.73708E-4,1.12281E-3,2.07191E-3,2.30772E-3,2.31498E-3,2.32225E-3,1.36673E-3,3.04473E-4,-7.24489E-4,-1.01368E-3,-1.30287E-3,-1.51887E-3,-1.41435E-3,-1.30982E-3,-1.43578E-3,-2.03227E-3,-2.62875E-3,-2.68492E-3,-2.13577E-3,-1.58661E-3,-5.95922E-4,1.70262E-4,3.32496E-4,-5.26703E-4,-2.08534E-3,-2.56458E-3,-2.19710E-3,-1.27839E-3,-6.17782E-4,6.94565E-4,2.90478E-3,2.08294E-3,-9.07833E-4,-4.92201E-3,-3.96717E-3,1.27060E-2,4.12277E-2,5.43311E-2,2.64463E-2,-2.99654E-2,-8.34970E-2,-1.09570E-1,-1.31517E-1,-1.52798E-1,-1.44674E-1,-9.28334E-2,-2.67985E-2,8.27057E-3,6.58733E-3,-2.61925E-3,-3.01868E-3,-4.95644E-3,-6.86234E-3,-4.05056E-3,-3.47106E-3,-4.30206E-3,-4.76522E-3,-5.75365E-3,-5.69490E-3,-4.50011E-3,-2.70365E-3,-3.78647E-3,-3.01796E-3,-3.14074E-3,-7.88989E-4,7.26986E-4,-8.26504E-4,-3.04494E-3,-2.94184E-3,-2.29859E-3,-1.72774E-3,-1.01697E-3,5.92569E-4,-1.18093E-3,-9.25965E-4,-3.33944E-3,-4.14270E-3,-2.89291E-3,-3.78805E-3,-2.09284E-3,-2.10130E-3,-4.20122E-3,-1.70492E-3,-1.72284E-3,-3.60693E-3,-2.10162E-3,-3.90051E-3,-2.84157E-3,-3.58266E-3,-2.93043E-3,-4.50436E-3,-4.75282E-3,-4.26236E-3,-3.29376E-3,-1.81195E-3,-2.15387E-3,-2.15523E-3,-3.16091E-3,-4.20763E-3,-1.17107E-3,-3.33039E-3,-1.09113E-3,-2.97337E-3,-1.76792E-3,-4.54637E-3,-4.73866E-3,-4.74319E-3,-4.11583E-3,-3.16653E-3,-2.35695E-3,-1.67370E-3,-3.14132E-3,-2.42633E-3,-2.57696E-3,-2.76461E-3,-2.90504E-3,-3.57884E-3,-3.08440E-3,-2.30130E-3,-2.60254E-3,-2.25162E-3,-3.29572E-3,-4.29065E-3,-3.83690E-3
1.22897E+3,NaN,NaN,NaN,NaN,NaN,NaN,NaN,NaN,-4.08349E-4,-1.48437E-3,-1.33985E-3,-7.15168E-4,-9.04849E-5,5.85910E-4,1.26708E-3,1.90281E-3,1.80501E-3,1.70721E-3,1.49589E-3,8.33873E-4,1.71854E-4,-4.19721E-4,-8.76987E-4,-1.33425E-3,-1.49932E-3,-1.35648E-3,-1.21363E-3,-1.48428E-3,-1.99803E-3,-2.51178E-3,-2.23011E-3,-1.71436E-3,-1.19861E-3,2.07704E-4,7.40217E-5,4.68902E-4,-3.76120E-4,-1.57165E-3,-2.31458E-3,-1.82780E-3,-1.03753E-3,-9.16665E-4,7.82977E-4,3.04818E-3,1.90215E-3,-7.16105E-4,-4.58650E-3,-6.01489E-3,1.00903E-2,4.27552E-2,6.43263E-2,3.41959E-2,-2.73137E-2,-8.56471E-2,-1.09043E-1,-1.32268E-1,-1.55810E-1,-1.49065E-1,-9.04727E-2,-1.89578E-2,1.30108E-2,5.93635E-3,-4.17199E-3,-2.99935E-3,-6.11138E-3,-6.57907E-3,-2.83492E-3,-3.85324E-3,-4.14960E-3,-4.61858E-3,-5.93924E-3,-4.81612E-3,-4.24016E-3,-2.37068E-3,-4.27901E-3,-2.04544E-3,-3.82474E-3,6.81714E-5,-1.52098E-4,-1.63277E-3,-3.73361E-3,-2.43897E-3,-2.38405E-3,-1.95221E-3,-8.26470E-4,8.40880E-4,-2.82463E-3,-2.80071E-4,-4.60022E-3,-3.18878E-3,-2.61758E-3,-4.09996E-3,-1.28721E-3,-2.34923E-3,-4.40124E-3,-4.72706E-4,-2.23795E-3,-3.56622E-3,-2.37116E-3,-4.42381E-3,-2.45912E-3,-3.17272E-3,-2.64219E-3,-4.08216E-3,-3.95109E-3,-4.14652E-3,-2.80440E-3,-2.16708E-3,-2.24518E-3,-2.00371E-3,-3.26411E-3,-3.92481E-3,-8.00906E-4,-3.24045E-3,-5.68498E-4,-2.98634E-3,-1.79906E-3,-4.41107E-3,-4.30932E-3,-4.23082E-3,-4.06735E-3,-3.09828E-3,-2.12026E-3,-1.83882E-3,-3.10518E-3,-2.30717E-3,-2.52549E-3,-2.55555E-3,-2.51395E-3,-3.21635E-3,-2.67422E-3,-1.96424E-3,-2.33863E-3,-2.24900E-3,-2.98300E-3,-3.61864E-3,-3.30648E-3
1.23244E+3,NaN,NaN,NaN,NaN,NaN,NaN,NaN,NaN,-3.14004E-4,-1.14679E-3,-1.07067E-3,-6.18918E-4,-1.41074E-4,4.32785E-4,1.00664E-3,1.40815E-3,1.49857E-3,1.58899E-3,1.29123E-3,6.04313E-4,-8.25998E-5,-5.16091E-4,-8.08410E-4,-1.10073E-3,-1.00204E-3,-7.96310E-4,-5.90583E-4,-9.85906E-4,-1.42790E-3,-1.81938E-3,-1.54809E-3,-1.27679E-3,-8.03348E-4,1.75878E-4,2.35854E-4,-5.00849E-6,-7.56288E-4,-1.47722E-3,-2.01189E-3,-1.40171E-3,-9.01555E-4,-5.89285E-4,1.05740E-3,2.88081E-3,1.62722E-3,-2.25354E-4,-3.98161E-3,-5.49165E-3,9.27225E-3,4.20157E-2,6.58250E-2,3.89675E-2,-2.20526E-2,-8.06178E-2,-1.08288E-1,-1.30887E-1,-1.52512E-1,-1.46146E-1,-8.75072E-2,-1.77380E-2,1.28318E-2,6.46903E-3,-3.91487E-3,-4.74107E-3,-6.40806E-3,-5.88196E-3,-3.02269E-3,-4.33066E-3,-4.29596E-3,-5.10328E-3,-5.88343E-3,-4.90202E-3,-4.20123E-3,-3.00400E-3,-4.17085E-3,-2.79100E-3,-3.58706E-3,-6.18898E-4,-9.70281E-4,-2.55763E-3,-3.23005E-3,-2.47240E-3,-2.30497E-3,-1.59322E-3,-6.32356E-4,-6.78525E-5,-2.41913E-3,-1.73783E-3,-4.48796E-3,-3.03078E-3,-2.64131E-3,-3.36237E-3,-1.66833E-3,-3.26673E-3,-3.74806E-3,-1.46842E-3,-2.88210E-3,-3.27592E-3,-2.75445E-3,-3.29887E-3,-2.60844E-3,-2.61488E-3,-3.22690E-3,-4.12204E-3,-3.62385E-3,-4.01879E-3,-3.19149E-3,-2.30146E-3,-2.25252E-3,-2.24856E-3,-3.87086E-3,-3.84911E-3,-8.11493E-4,-3.76945E-3,-7.98726E-4,-3.23505E-3,-1.99968E-3,-4.28929E-3,-4.08179E-3,-3.95776E-3,-3.86089E-3,-3.17417E-3,-2.05656E-3,-2.04651E-3,-3.18236E-3,-2.47144E-3,-2.54535E-3,-2.78365E-3,-2.57650E-3,-2.94533E-3,-2.57525E-3,-1.94163E-3,-2.05871E-3,-2.00915E-3,-2.97817E-3,-3.57756E-3,-2.93383E-3
1.23590E+3,NaN,NaN,NaN,NaN,NaN,NaN,NaN,NaN,-3.95185E-4,-1.10502E-3,-6.41295E-4,3.86235E-5,5.72619E-4,9.65900E-4,1.35918E-3,1.44617E-3,1.36964E-3,1.29310E-3,7.10199E-4,-3.43876E-6,-7.17076E-4,-7.26129E-4,-6.88335E-4,-6.35490E-4,-4.10774E-4,-1.86057E-4,-9.55066E-5,-4.71433E-4,-8.47359E-4,-1.02403E-3,-8.55881E-4,-6.87731E-4,7.43197E-5,6.05749E-4,6.32712E-4,4.47189E-4,-5.87921E-5,-8.27405E-4,-1.29288E-3,-7.10374E-4,-3.58930E-4,1.05085E-4,1.44093E-3,1.86083E-3,1.53914E-3,1.83208E-4,-4.15076E-3,-5.30493E-3,9.32225E-3,4.40943E-2,6.61652E-2,4.08014E-2,-2.08831E-2,-7.58492E-2,-1.06711E-1,-1.31375E-1,-1.54007E-1,-1.42774E-1,-8.08993E-2,-1.44822E-2,1.19149E-2,5.35106E-3,-3.87495E-3,-5.35422E-3,-5.83133E-3,-4.41550E-3,-3.24810E-3,-4.10561E-3,-4.37503E-3,-5.22511E-3,-5.24367E-3,-4.75864E-3,-3.62122E-3,-3.21147E-3,-2.98988E-3,-2.81358E-3,-2.54480E-3,-1.22588E-3,-1.28580E-3,-2.45686E-3,-2.64924E-3,-2.40380E-3,-2.21587E-3,-1.44626E-3,-4.27252E-4,-1.29932E-3,-1.97625E-3,-2.68378E-3,-3.31226E-3,-2.32183E-3,-2.90579E-3,-2.34811E-3,-1.71110E-3,-3.07700E-3,-2.29158E-3,-2.44004E-3,-3.02643E-3,-3.18643E-3,-2.63607E-3,-2.48030E-3,-2.36820E-3,-1.69516E-3,-2.65181E-3,-3.62704E-3,-2.82215E-3,-3.37932E-3,-1.94266E-3,-1.34782E-3,-1.57016E-3,-1.97845E-3,-3.29044E-3,-3.21828E-3,-6.59202E-4,-3.50408E-3,-6.98925E-4,-2.61863E-3,-1.94596E-3,-3.73097E-3,-3.56942E-3,-3.37024E-3,-2.93327E-3,-2.38522E-3,-1.58664E-3,-1.88674E-3,-2.92333E-3,-2.12940E-3,-2.18162E-3,-2.36626E-3,-1.95138E-3,-2.22390E-3,-2.11047E-3,-1.74938E-3,-1.94173E-3,-2.18675E-3,-2.58535E-3,-2.96578E-3,-2.15855E-3
1.23937E+3,NaN,NaN,NaN,NaN,NaN,NaN,NaN,NaN,-3.22553E-4,-8.83311E-4,-4.19111E-4,3.87870E-5,3.10473E-4,5.36121E-4,7.61769E-4,9.69760E-4,1.17672E-3,1.30832E-3,6.54008E-4,-3.03912E-7,-5.26829E-4,-6.26390E-4,-7.25951E-4,-7.05652E-4,-4.84050E-4,-2.62448E-4,-3.07562E-4,-6.02789E-4,-8.98015E-4,-8.87611E-4,-7.19001E-4,-5.50392E-4,1.85910E-4,-4.94170E-4,-1.80206E-5,-1.67657E-4,3.24985E-4,-1.16297E-3,-1.12066E-3,-6.09814E-4,-3.50162E-4,-2.02550E-6,1.19820E-3,1.80640E-3,1.12891E-3,5.80116E-5,-3.96215E-3,-6.66110E-3,6.04333E-3,4.44325E-2,6.90139E-2,4.30737E-2,-2.31024E-2,-7.54564E-2,-1.05617E-1,-1.28558E-1,-1.56901E-1,-1.42424E-1,-7.19776E-2,-7.18295E-3,1.37999E-2,3.81436E-3,-5.26663E-3,-5.26464E-3,-5.75197E-3,-3.49557E-3,-3.81145E-3,-3.78481E-3,-4.50644E-3,-5.49802E-3,-4.98888E-3,-4.54722E-3,-3.34332E-3,-3.40699E-3,-2.66125E-3,-3.14266E-3,-3.21896E-3,-2.07566E-3,-2.01646E-3,-2.72173E-3,-2.42011E-3,-2.65478E-3,-2.43612E-3,-1.74106E-3,-6.44938E-4,-1.95610E-3,-1.68118E-3,-2.83888E-3,-3.09488E-3,-2.69693E-3,-3.00924E-3,-1.82824E-3,-2.20739E-3,-3.06322E-3,-1.81351E-3,-3.50988E-3,-2.55985E-3,-2.34827E-3,-2.66520E-3,-2.51057E-3,-2.60100E-3,-1.53578E-3,-2.60394E-3,-3.45291E-3,-2.75377E-3,-3.49737E-3,-2.58429E-3,-1.63123E-3,-1.83223E-3,-2.39325E-3,-3.49190E-3,-3.31638E-3,-9.85649E-4,-3.26079E-3,-9.20503E-4,-2.92129E-3,-2.09243E-3,-3.52358E-3,-3.11457E-3,-2.80562E-3,-2.74744E-3,-2.15159E-3,-1.57184E-3,-2.23587E-3,-2.45220E-3,-1.98030E-3,-2.32652E-3,-2.12144E-3,-1.64592E-3,-2.13141E-3,-2.28576E-3,-1.80748E-3,-1.80870E-3,-2.34700E-3,-2.22486E-3,-1.99960E-3,-1.64397E-3
1.24284E+3,NaN,NaN,NaN,NaN,NaN,NaN,NaN,NaN,-3.74558E-4,-1.15698E-3,4.48076E-5,7.31698E-4,7.18678E-4,7.05657E-4,7.20539E-4,8.26435E-4,9.32332E-4,8.04664E-4,2.91827E-4,-2.21011E-4,-4.83070E-4,-5.13962E-4,-5.44854E-4,-4.43704E-4,-2.75498E-4,-1.07292E-4,-2.30515E-4,-4.23856E-4,-6.17198E-4,-5.43135E-4,-4.54678E-4,-2.61652E-4,8.06055E-4,2.78583E-4,-2.53637E-4,1.02743E-4,-1.60391E-4,-1.12625E-3,-9.87971E-4,4.60428E-4,-5.28824E-4,4.29968E-4,3.20486E-4,1.66574E-3,1.71960E-3,7.71045E-4,-2.77199E-3,-7.11016E-3,3.77019E-3,4.07315E-2,7.03352E-2,4.56189E-2,-2.29371E-2,-7.59976E-2,-1.07236E-1,-1.27878E-1,-1.58680E-1,-1.42561E-1,-6.47427E-2,-9.75047E-4,1.75591E-2,3.72892E-3,-7.23993E-3,-5.24744E-3,-4.59468E-3,-3.23541E-3,-4.12137E-3,-3.72426E-3,-4.38870E-3,-5.38631E-3,-4.04524E-3,-3.93382E-3,-2.78314E-3,-2.85230E-3,-2.24163E-3,-2.62228E-3,-3.01198E-3,-2.19518E-3,-2.23486E-3,-2.64927E-3,-2.20395E-3,-2.59840E-3,-1.85101E-3,-1.40409E-3,-5.89259E-4,-2.47824E-3,-2.21236E-3,-2.80493E-3,-2.50982E-3,-2.22953E-3,-2.69879E-3,-1.67772E-3,-2.55989E-3,-2.76386E-3,-9.46534E-4,-3.39622E-3,-2.51188E-3,-2.41005E-3,-2.72266E-3,-2.41518E-3,-2.39897E-3,-1.75362E-3,-3.05388E-3,-3.05494E-3,-1.81264E-3,-3.03839E-3,-2.11380E-3,-2.00900E-3,-2.03798E-3,-2.16575E-3,-3.40528E-3,-2.92518E-3,-1.29492E-3,-2.74928E-3,-1.49252E-3,-2.48713E-3,-1.50988E-3,-2.86612E-3,-2.92309E-3,-2.52404E-3,-2.33920E-3,-2.11787E-3,-1.35508E-3,-1.95044E-3,-2.24628E-3,-1.73466E-3,-2.17072E-3,-2.37522E-3,-1.45096E-3,-1.74464E-3,-2.33371E-3,-2.01058E-3,-1.63852E-3,-1.70777E-3,-1.29532E-3,-1.40913E-3,-1.57261E-3
1.24631E+3,NaN,NaN,NaN,NaN,NaN,NaN,NaN,NaN,-1.55836E-4,-9.16073E-4,4.50258E-4,7.28529E-4,3.24116E-4,-8.02964E-5,-9.11256E-5,2.58501E-4,6.08127E-4,5.25626E-4,2.25265E-4,-7.50950E-5,-2.13203E-4,-3.12676E-4,-4.12150E-4,-1.10416E-4,2.12194E-4,4.84194E-4,2.64904E-4,4.56134E-5,-1.35499E-4,-1.93191E-4,-2.50884E-4,3.37599E-4,7.32752E-4,-3.17380E-4,-2.83812E-4,1.11357E-4,-1.25921E-4,-1.32106E-3,-8.94413E-4,-1.63249E-4,-1.65640E-4,2.39774E-4,7.77762E-4,1.51606E-3,1.60460E-3,6.95224E-4,-2.78416E-3,-5.75055E-3,4.39838E-3,3.66581E-2,6.35535E-2,3.92666E-2,-2.21330E-2,-7.52232E-2,-1.06233E-1,-1.30345E-1,-1.54470E-1,-1.30525E-1,-5.82353E-2,-5.66945E-4,1.44689E-2,2.36229E-3,-5.91342E-3,-4.57624E-3,-3.98213E-3,-3.09866E-3,-3.47425E-3,-3.51685E-3,-4.28631E-3,-4.51175E-3,-3.94694E-3,-3.20250E-3,-2.10265E-3,-2.41599E-3,-2.95778E-3,-3.26278E-3,-2.76710E-3,-1.61297E-3,-1.80158E-3,-1.75212E-3,-2.25434E-3,-2.34792E-3,-1.91467E-3,-1.54616E-3,-1.26739E-3,-2.24514E-3,-2.66176E-3,-2.09282E-3,-2.14232E-3,-1.91694E-3,-1.90827E-3,-2.02764E-3,-2.66133E-3,-2.45467E-3,-2.31788E-3,-3.05606E-3,-2.67366E-3,-2.32660E-3,-2.66314E-3,-2.17949E-3,-2.13561E-3,-1.47508E-3,-2.53131E-3,-2.70255E-3,-1.54453E-3,-2.75645E-3,-1.89193E-3,-1.44823E-3,-1.72551E-3,-2.32926E-3,-2.92995E-3,-2.57315E-3,-1.68018E-3,-2.77490E-3,-2.18304E-3,-2.44435E-3,-1.34088E-3,-2.85848E-3,-3.00015E-3,-1.88180E-3,-1.49275E-3,-1.80000E-3,-1.74792E-3,-2.14201E-3,-1.49361E-3,-1.09022E-3,-1.54016E-3,-2.00219E-3,-1.01822E-3,-1.61074E-3,-1.95152E-3,-1.60309E-3,-1.41538E-3,-2.13556E-3,-1.63070E-3,-1.37903E-3,-1.64241E-3
1.24978E+3,NaN,NaN,NaN,NaN,NaN,NaN,NaN,NaN,-1.43263E-4,-1.01704E-3,7.85956E-4,7.48263E-4,3.07527E-4,-1.33208E-4,-7.98193E-5,9.19902E-5,2.63800E-4,1.53270E-4,2.77328E-5,-7.27815E-5,7.25199E-5,2.17821E-4,3.89823E-4,6.48623E-4,9.07422E-4,8.69399E-4,3.43168E-4,-1.83064E-4,-3.58630E-4,-2.11749E-4,-6.48675E-5,6.17702E-5,-5.16302E-5,-2.73350E-4,1.36381E-4,3.17648E-4,-4.44998E-4,-1.03390E-3,-2.64390E-4,-1.85622E-4,7.46094E-5,6.56840E-5,1.33024E-4,1.17542E-3,1.61015E-3,1.18426E-3,-2.44763E-3,-6.06659E-3,9.91145E-4,3.52923E-2,6.12849E-2,3.52646E-2,-2.41419E-2,-7.86803E-2,-1.05191E-1,-1.33672E-1,-1.55904E-1,-1.21204E-1,-4.94362E-2,4.48658E-3,1.35832E-2,7.49063E-5,-4.88630E-3,-4.26676E-3,-3.61775E-3,-3.51357E-3,-3.19086E-3,-3.30202E-3,-4.07719E-3,-3.96229E-3,-3.51243E-3,-2.48094E-3,-1.71301E-3,-2.02951E-3,-2.22059E-3,-3.11873E-3,-2.16615E-3,-1.58915E-3,-1.69539E-3,-1.63434E-3,-2.17593E-3,-2.53874E-3,-1.91099E-3,-1.24042E-3,-1.50637E-3,-2.48567E-3,-2.30499E-3,-1.88677E-3,-2.00141E-3,-2.31267E-3,-1.81690E-3,-2.22792E-3,-2.80206E-3,-1.55943E-3,-2.08974E-3,-1.79556E-3,-1.63627E-3,-2.53639E-3,-2.73867E-3,-1.89682E-3,-2.14667E-3,-2.03218E-3,-2.57416E-3,-2.53036E-3,-1.20520E-3,-2.28000E-3,-1.82757E-3,-1.11260E-3,-1.76242E-3,-2.43144E-3,-2.70703E-3,-2.08625E-3,-1.74087E-3,-2.17570E-3,-1.56457E-3,-1.86510E-3,-1.40831E-3,-2.65470E-3,-2.59790E-3,-2.04432E-3,-1.62260E-3,-1.81650E-3,-1.28123E-3,-1.88219E-3,-1.20213E-3,-1.44946E-3,-2.07364E-3,-2.17441E-3,-1.07429E-3,-1.79324E-3,-1.82481E-3,-1.40136E-3,-1.77917E-3,-1.62733E-3,-1.08771E-3,-1.71354E-3,-1.84552E-3
1.25324E+3,NaN,NaN,NaN,NaN,NaN,NaN,NaN,NaN,-9.03105E-4,-1.29315E-3,1.08466E-3,8.44485E-4,5.41949E-4,2.60383E-4,1.94035E-4,1.27686E-4,7.06007E-5,4.42433E-5,1.78858E-5,-2.70635E-5,-1.03065E-4,-1.79067E-4,-1.52282E-4,-2.96081E-5,9.30660E-5,-3.10920E-5,-2.82284E-4,-5.33476E-4,-6.67332E-4,-7.72415E-4,-8.77498E-4,3.17592E-4,5.44663E-4,-6.08914E-4,-1.51783E-4,-5.38836E-4,-6.45732E-4,-1.58662E-3,-1.65808E-4,-6.66468E-4,4.87931E-4,8.29021E-5,2.65067E-4,1.90185E-3,1.01303E-3,1.25875E-3,-2.20344E-3,-6.67075E-3,-5.40433E-3,3.12965E-2,6.11873E-2,3.53373E-2,-2.78070E-2,-8.45871E-2,-1.05518E-1,-1.33819E-1,-1.58132E-1,-1.16383E-1,-4.04216E-2,1.23020E-2,1.36758E-2,-2.62211E-3,-5.51240E-3,-4.23230E-3,-3.66036E-3,-4.03317E-3,-3.58153E-3,-3.52300E-3,-4.10333E-3,-2.92677E-3,-3.12856E-3,-1.52466E-3,-1.76719E-3,-2.17702E-3,-2.72544E-3,-3.84600E-3,-1.47022E-3,-1.53498E-3,-1.86219E-3,-1.53043E-3,-2.65434E-3,-2.24753E-3,-1.58514E-3,-1.52260E-3,-1.60855E-3,-3.97753E-3,-1.85346E-3,-1.28967E-3,-1.99323E-3,-2.48607E-3,-2.33447E-3,-2.28882E-3,-2.75034E-3,-2.09391E-3,-2.80862E-3,-1.57526E-3,-1.95006E-3,-2.19264E-3,-2.13226E-3,-1.95606E-3,-2.72277E-3,-2.55937E-3,-2.56299E-3,-2.57527E-3,-1.10828E-3,-2.24503E-3,-1.58343E-3,-1.42143E-3,-2.08299E-3,-2.46074E-3,-2.54174E-3,-2.12095E-3,-1.46361E-3,-1.74544E-3,-1.45974E-3,-1.56361E-3,-1.50602E-3,-2.52974E-3,-2.70481E-3,-2.32039E-3,-1.42454E-3,-1.85110E-3,-1.92449E-3,-1.91974E-3,-1.03968E-3,-1.38288E-3,-2.14733E-3,-1.99846E-3,-7.72425E-4,-1.95639E-3,-2.19110E-3,-1.83026E-3,-1.69999E-3,-1.60928E-3,-7.19628E-4,-1.27091E-3,-1.84795E-3
1.25671E+3,NaN,NaN,NaN,NaN,NaN,NaN,NaN,-1.38807E-4,-7.88682E-4,-9.02345E-4,1.77120E-3,9.50549E-4,1.29894E-4,-3.15806E-4,-1.18489E-4,7.88282E-5,1.88280E-4,2.13713E-4,2.39147E-4,2.95477E-4,3.68149E-4,4.40821E-4,2.43226E-4,-2.32470E-5,-2.89720E-4,-5.01198E-4,-7.09151E-4,-8.98904E-4,-8.86578E-4,-8.74253E-4,-6.90240E-4,7.07935E-5,3.44993E-4,-4.60388E-4,-1.30843E-4,-9.08456E-4,-1.25817E-3,-1.72052E-3,3.36538E-4,-9.85935E-5,2.98296E-4,4.28810E-5,3.94092E-4,1.77870E-3,9.99214E-4,1.60054E-3,-1.01860E-3,-5.48482E-3,-3.77663E-3,2.65048E-2,5.37654E-2,3.26711E-2,-2.93590E-2,-8.36333E-2,-1.06830E-1,-1.32639E-1,-1.47941E-1,-1.07628E-1,-3.63934E-2,1.17693E-2,1.18358E-2,-1.84218E-3,-5.53585E-3,-3.36142E-3,-3.40422E-3,-3.58500E-3,-3.15431E-3,-3.13142E-3,-3.58140E-3,-3.00387E-3,-2.04007E-3,-1.07799E-3,-2.08104E-3,-1.56039E-3,-2.23749E-3,-2.51149E-3,-1.41392E-3,-2.12543E-3,-1.76220E-3,-1.13549E-3,-1.34344E-3,-1.76521E-3,-1.69973E-3,-1.10459E-3,-1.68777E-3,-2.86138E-3,-1.24367E-3,-1.01848E-3,-2.25411E-3,-2.97488E-3,-2.77531E-3,-2.92752E-3,-2.05337E-3,-1.18993E-3,-2.06127E-3,-1.49646E-3,-1.38504E-3,-1.74878E-3,-2.64159E-3,-1.91263E-3,-2.23821E-3,-2.23581E-3,-2.10008E-3,-2.00814E-3,-1.00843E-3,-2.02706E-3,-1.46708E-3,-1.04159E-3,-1.63577E-3,-1.96234E-3,-1.95743E-3,-1.95951E-3,-1.66678E-3,-1.66229E-3,-1.19007E-3,-1.31640E-3,-1.09101E-3,-1.90025E-3,-2.44700E-3,-2.08240E-3,-7.85927E-4,-9.63595E-4,-1.97962E-3,-1.91214E-3,1.40969E-4,-7.54037E-4,-1.65876E-3,-1.83175E-3,-1.09028E-4,-1.45974E-3,-1.74875E-3,-1.47059E-3,-1.59806E-3,-1.09970E-3,-7.15975E-4,-1.42898E-3,-1.94166E-3
1.26019E+3,NaN,NaN,NaN,NaN,NaN,NaN,NaN,-7.85075E-5,-7.32695E-4,-7.08241E-4,1.60964E-3,5.32541E-4,-5.44558E-4,-6.83910E-4,-3.07931E-4,6.80477E-5,2.50298E-4,3.80495E-4,5.10691E-4,3.25774E-4,1.17527E-4,-6.66579E-5,5.05990E-5,1.67856E-4,1.46185E-4,-3.77427E-4,-9.01039E-4,-1.22188E-3,-1.18168E-3,-1.14148E-3,-6.50970E-4,2.40965E-4,7.66786E-5,-1.93105E-4,-5.99145E-4,-1.32935E-3,-1.85577E-3,-7.95316E-4,-1.40672E-5,1.03178E-4,7.07367E-4,3.46395E-4,1.00403E-3,1.46826E-3,1.45103E-3,1.18602E-3,-5.55408E-5,-5.69952E-3,-3.11129E-3,2.42391E-2,4.82646E-2,2.62043E-2,-3.43786E-2,-8.29663E-2,-1.08813E-1,-1.33637E-1,-1.40334E-1,-9.95922E-2,-3.08967E-2,9.60804E-3,9.46273E-3,-1.62211E-3,-5.17557E-3,-3.37562E-3,-3.40411E-3,-3.18221E-3,-2.79809E-3,-2.82624E-3,-2.72724E-3,-2.73784E-3,-1.72909E-3,-1.58239E-3,-2.03465E-3,-1.77109E-3,-2.03031E-3,-1.17027E-3,-6.22436E-4,-1.20540E-3,-7.34049E-4,-6.74406E-4,-1.60999E-3,-1.62054E-3,-1.32215E-3,-1.05209E-3,-1.38917E-3,-1.84499E-3,-8.84918E-4,-1.16411E-3,-2.22864E-3,-2.27709E-3,-2.30774E-3,-2.44933E-3,-1.63117E-3,-1.52128E-3,-1.53613E-3,-9.17989E-4,-2.29934E-3,-8.92269E-4,-1.08923E-3,-1.55756E-3,-2.29939E-3,-2.47650E-3,-2.47088E-3,-2.40910E-3,-1.11988E-3,-1.82851E-3,-1.47402E-3,-1.03860E-3,-1.70582E-3,-1.85025E-3,-2.68619E-3,-2.13404E-3,-9.57473E-4,-1.42465E-3,-1.23327E-3,-1.73181E-3,-1.18759E-3,-2.14392E-3,-2.33713E-3,-2.51948E-3,-1.01037E-3,-9.92398E-4,-1.22805E-3,-5.75004E-5,1.62925E-4,-8.31613E-4,-1.86740E-3,-2.06287E-3,-6.94575E-4,-2.40588E-3,-2.37664E-3,-1.74047E-3,-1.10050E-3,-1.09404E-3,-6.49906E-4,-1.51172E-3,-1.99384E-3
1.26366E+3,NaN,NaN,NaN,NaN,NaN,NaN,NaN,2.36279E-5,-1.36515E-3,-6.04762E-4,1.15841E-3,4.82481E-4,-1.93443E-4,6.95467E-5,4.14327E-4,7.23194E-4,4.95437E-4,2.67681E-4,8.45243E-5,7.37124E-5,6.29004E-5,3.30047E-5,-3.25763E-5,-9.81573E-5,-4.21637E-4,-1.01215E-3,-1.60266E-3,-1.58147E-3,-1.20738E-3,-8.33287E-4,-1.00456E-3,-7.28419E-4,-7.67805E-4,-6.51020E-4,-1.37515E-3,-1.86505E-3,-2.86831E-3,-6.09633E-4,-1.47457E-3,-6.61957E-4,5.97670E-4,8.88156E-5,1.75654E-3,8.23859E-4,5.94659E-4,3.26215E-4,9.10692E-4,-6.20663E-3,-6.25307E-3,2.16269E-2,4.94811E-2,2.23716E-2,-4.27862E-2,-8.61502E-2,-1.11080E-1,-1.35591E-1,-1.43317E-1,-9.45655E-2,-2.27737E-2,9.13160E-3,8.04556E-3,-3.65318E-3,-5.01309E-3,-3.09739E-3,-3.23640E-3,-4.11728E-3,-3.80648E-3,-2.86751E-3,-2.99120E-3,-3.23865E-3,-1.96538E-3,-3.38524E-3,-2.11412E-3,-1.79734E-3,-1.89284E-3,-7.16300E-4,-1.51935E-3,-1.67886E-3,-1.20973E-3,-1.51091E-3,-1.32200E-3,-7.78646E-4,-1.13442E-3,-5.39924E-4,-2.13372E-3,-2.47280E-3,-8.14302E-4,-5.93343E-4,-2.06452E-3,-2.06363E-3,-1.98687E-3,-2.23156E-3,-1.90154E-4,-2.66036E-3,-1.45403E-3,-1.45597E-3,-2.21497E-3,-1.01560E-3,-1.28110E-3,-1.72723E-3,-2.79489E-3,-2.45648E-3,-2.79422E-3,-2.49200E-3,-1.50678E-3,-2.03316E-3,-1.74142E-3,-1.09603E-3,-1.84044E-3,-2.68496E-3,-2.99337E-3,-2.15011E-3,-1.71351E-3,-1.47516E-3,-1.40813E-3,-1.88823E-3,-1.15157E-3,-1.91060E-3,-2.76829E-3,-2.72961E-3,-1.17658E-3,-1.20913E-3,-2.39003E-3,-1.08860E-3,2.14476E-4,-4.67005E-4,-1.84620E-3,-2.27316E-3,-8.29796E-4,-2.93652E-3,-2.14908E-3,-1.66145E-3,-1.58971E-3,-1.09788E-3,-1.56189E-3,-2.76320E-3,-2.43012E-3
1.26713E+3,NaN,NaN,NaN,NaN,NaN,NaN,NaN,-2.27217E-4,-1.41829E-3,-3.16897E-4,1.34314E-3,7.50730E-4,2.00315E-4,-1.73260E-4,-5.46835E-4,-5.73310E-4,8.99375E-5,7.53185E-4,8.69159E-4,3.86595E-4,-9.59686E-5,-2.74422E-4,-2.66871E-4,-2.59319E-4,-7.11062E-4,-1.30520E-3,-1.89933E-3,-1.49267E-3,-9.82417E-4,-4.76738E-4,-5.99540E-5,3.22477E-4,1.51996E-4,4.80194E-4,-1.74325E-3,-2.48679E-3,-3.41492E-3,9.00333E-4,-9.20568E-4,-6.97828E-4,7.26848E-4,3.49419E-4,9.73352E-4,5.89029E-4,1.50700E-5,3.12831E-4,2.72818E-3,-5.42264E-3,-8.43630E-3,1.89181E-2,5.39414E-2,2.18604E-2,-4.87979E-2,-9.01078E-2,-1.14181E-1,-1.35717E-1,-1.47921E-1,-9.29850E-2,-1.59259E-2,1.02463E-2,8.82364E-3,-6.91276E-3,-5.58066E-3,-1.99554E-3,-2.73042E-3,-3.23280E-3,-3.04176E-3,-2.65820E-3,-2.98670E-3,-3.09816E-3,-8.80068E-4,-3.58432E-3,-6.36628E-4,-2.50977E-3,-1.55009E-3,3.49603E-4,-1.93813E-3,-1.01060E-3,-9.64112E-5,-6.26774E-4,-2.95327E-4,4.29880E-4,-5.72814E-4,-5.85506E-5,-1.29726E-3,-2.53723E-3,5.28580E-4,-1.03027E-3,-2.53463E-3,-3.85011E-4,-2.34445E-3,-2.31793E-3,-3.72012E-4,-2.91025E-3,-7.43087E-4,-2.66449E-3,-2.99291E-3,7.00674E-5,4.02629E-4,-2.16023E-3,-2.73415E-3,-2.43713E-3,-2.82529E-3,-2.57735E-3,-1.65423E-3,-1.93469E-3,-1.34782E-3,-8.95110E-4,-1.77503E-3,-1.86464E-3,-2.69625E-3,-1.47886E-3,-1.71919E-3,-1.46183E-3,-1.44607E-3,-2.10163E-3,-4.69260E-4,-2.01455E-3,-3.14236E-3,-3.12227E-3,-1.73883E-3,-1.09863E-3,-2.34476E-3,-1.35669E-3,-2.85087E-4,-7.60308E-5,-2.18639E-3,-2.83370E-3,-6.63358E-4,-3.10770E-3,-1.85835E-3,-9.26713E-4,-1.34991E-3,-7.84864E-4,-1.60265E-3,-2.64397E-3,-2.40546E-3
1.27060E+3,NaN,NaN,NaN,NaN,NaN,NaN,NaN,-1.95076E-4,-1.22953E-3,-3.74337E-4,-2.35600E-4,-8.73827E-4,-8.26937E-4,1.93061E-5,8.65549E-4,1.19298E-3,1.18080E-3,1.16862E-3,7.21444E-4,1.27125E-4,-4.67194E-4,-7.15851E-4,-9.21826E-4,-1.14125E-3,-1.75548E-3,-2.36971E-3,-2.74506E-3,-2.00058E-3,-1.25611E-3,-1.13536E-3,-9.76822E-4,2.97496E-4,-9.51326E-4,-7.62325E-4,-2.83486E-3,-3.39806E-3,-2.63021E-3,5.38036E-4,-3.93607E-4,7.83102E-4,1.99295E-3,4.51576E-4,1.03165E-3,1.40807E-5,-5.75477E-4,1.38248E-4,1.25066E-3,-5.05465E-3,-4.53454E-3,2.10785E-2,4.55449E-2,1.30222E-2,-4.92589E-2,-9.26210E-2,-1.20338E-1,-1.40292E-1,-1.44001E-1,-8.85475E-2,-1.89703E-2,7.47818E-3,6.80242E-3,-4.95492E-3,-4.56538E-3,-1.91051E-3,-4.16796E-3,-3.76055E-3,-3.51113E-3,-4.12263E-3,-3.57665E-3,-2.94719E-3,-1.87923E-3,-2.92038E-3,-2.48839E-3,-2.77784E-3,-4.87893E-4,2.20474E-4,-1.41675E-3,-1.56330E-3,2.68085E-4,-1.00325E-3,-6.70503E-4,4.75202E-5,-1.31690E-4,-4.72706E-4,-2.41823E-3,-2.71811E-3,1.31210E-4,-1.29775E-3,-1.68309E-3,-7.40547E-4,-2.19415E-3,-2.63331E-3,-4.62881E-4,-1.96293E-3,-7.59184E-4,-2.14639E-3,-4.50976E-3,2.22725E-3,1.72660E-4,-2.38592E-3,-3.89306E-3,-2.12826E-3,-3.04147E-3,-3.17093E-3,-2.13839E-3,-2.02424E-3,-1.36265E-3,-4.23939E-4,-1.02099E-3,-2.18314E-3,-3.95849E-3,-2.12694E-3,-2.88371E-3,-2.16349E-3,-2.00904E-3,-2.31631E-3,-5.66617E-4,-2.86475E-3,-3.92354E-3,-4.22727E-3,-2.70648E-3,-2.24221E-3,-3.24488E-3,-1.39763E-3,-9.26791E-4,-1.74689E-4,-2.22562E-3,-2.72430E-3,-9.18205E-4,-3.01498E-3,-2.30960E-3,-9.72300E-4,-1.33137E-3,-1.09297E-3,-2.53894E-3,-3.03856E-3,-1.94361E-3
1.27407E+3,NaN,NaN,NaN,NaN,NaN,NaN,NaN,-4.11823E-4,-1.35833E-3,2.55945E-4,-3.36054E-5,-8.94616E-4,-7.09559E-4,-1.35081E-4,4.39396E-4,6.23484E-4,7.50049E-4,8.61432E-4,-6.38232E-5,-9.89078E-4,-1.78400E-3,-1.88065E-3,-1.97730E-3,-2.18485E-3,-2.65103E-3,-3.11720E-3,-3.00778E-3,-2.17466E-3,-1.34155E-3,-1.32190E-3,-1.55332E-3,-1.36754E-3,-4.34428E-4,-1.81349E-3,-3.17446E-3,-4.56195E-3,-1.77643E-3,-7.03290E-4,-1.68774E-3,6.22616E-4,9.64245E-4,1.20351E-3,9.83961E-4,9.21362E-5,-1.09354E-3,1.51993E-3,8.53907E-4,-5.37618E-3,-4.18073E-3,2.36893E-2,4.11602E-2,5.78592E-3,-5.08898E-2,-9.82061E-2,-1.27613E-1,-1.55308E-1,-1.49035E-1,-8.13655E-2,-1.88312E-2,6.44978E-3,2.20855E-3,-6.55084E-3,-4.03141E-3,-2.95177E-3,-4.29043E-3,-3.80966E-3,-4.00035E-3,-3.95266E-3,-3.81682E-3,-2.99558E-3,-4.28884E-3,-2.80536E-3,-2.07830E-3,-2.07140E-3,-8.20858E-6,-3.47261E-4,-2.01057E-3,-7.78815E-4,-6.01915E-4,-9.05043E-4,3.34872E-4,2.65661E-4,8.43104E-5,-7.79527E-4,-3.52545E-3,-1.28476E-3,-1.84247E-4,-2.83370E-3,-2.84300E-3,-1.62523E-3,-3.29974E-3,-7.83340E-4,-1.96249E-3,-2.52443E-3,-2.64710E-3,-1.78628E-3,-5.53080E-3,2.46308E-3,5.84082E-4,-3.79993E-3,-5.18711E-3,-3.16217E-3,-3.74616E-3,-3.11591E-3,-2.23403E-3,-2.24766E-3,-1.05119E-3,-2.02160E-4,-1.79098E-3,-2.31087E-3,-4.88781E-3,-1.47775E-3,-3.45787E-3,-2.75711E-3,-3.43591E-3,-3.22104E-3,-1.06659E-3,-3.56663E-3,-4.83175E-3,-4.65269E-3,-2.60907E-3,-1.46975E-3,-3.14729E-3,-2.54347E-3,-2.45143E-3,-1.42888E-3,-2.91163E-3,-2.47769E-3,-1.06784E-3,-3.66834E-3,-2.42064E-3,-1.12170E-3,-1.23750E-3,-1.99180E-3,-4.56342E-3,-5.15482E-3,-2.80501E-3
1.27755E+3,NaN,NaN,NaN,NaN,NaN,NaN,NaN,-1.38509E-3,-1.99390E-3,3.39222E-4,3.02755E-4,-3.10160E-4,4.25777E-4,1.17049E-3,1.75175E-3,1.29810E-3,8.44449E-4,3.44531E-4,-2.74801E-4,-8.94132E-4,-1.25574E-3,-1.26452E-3,-1.27330E-3,-1.97281E-3,-3.20421E-3,-4.43562E-3,-3.75077E-3,-2.27492E-3,-7.99069E-4,-6.53206E-4,1.02756E-3,5.38290E-5,-5.29759E-4,-2.95138E-3,-3.27832E-3,-4.64365E-3,7.08434E-4,-3.52428E-4,-1.37832E-3,2.20340E-3,1.24795E-3,2.21468E-3,2.72474E-4,-1.97747E-4,-1.40574E-3,3.04572E-3,5.34888E-4,-5.61860E-3,-4.11737E-3,2.71128E-2,4.30333E-2,2.96008E-3,-5.16377E-2,-1.01864E-1,-1.29415E-1,-1.65563E-1,-1.50290E-1,-7.11391E-2,-1.79082E-2,8.78882E-3,1.29349E-3,-7.21638E-3,-2.61202E-3,-3.68354E-3,-4.24743E-3,-4.23256E-3,-4.55966E-3,-4.66423E-3,-3.63821E-3,-2.05367E-3,-4.34679E-3,-1.49816E-3,-3.94736E-3,-1.15066E-3,2.40039E-3,-1.27794E-3,-2.98054E-3,2.45522E-4,7.93635E-4,-4.54149E-4,1.72817E-3,6.98876E-5,-9.25585E-4,-5.55727E-6,-4.03246E-3,9.81843E-4,-1.17091E-4,-2.95879E-3,-1.64363E-5,-3.16727E-4,-3.83279E-3,1.43960E-3,-3.78196E-3,-1.83591E-3,-4.56588E-3,-1.77814E-4,-4.53579E-3,3.15314E-3,4.49700E-4,-4.77225E-3,-5.76214E-3,-1.40026E-3,-3.67940E-3,-3.80809E-3,-3.59021E-3,-2.33001E-3,-2.22410E-3,-3.97700E-4,-1.22535E-3,-2.32480E-3,-4.90397E-3,-1.36019E-3,-4.84467E-3,-2.10261E-3,-2.96484E-3,-2.98953E-3,-4.01245E-4,-2.97544E-3,-4.13815E-3,-5.15645E-3,-3.23289E-3,-2.20261E-3,-3.32318E-3,-1.60551E-3,-2.41171E-3,5.51740E-5,-1.81359E-3,-1.73388E-3,-8.68363E-4,-4.10995E-3,-2.09745E-3,-7.00767E-4,-1.47919E-3,-7.68855E-4,-2.73180E-3,-3.73273E-3,-2.57151E-3
1.28102E+3,NaN,NaN,NaN,NaN,NaN,NaN,NaN,-1.50264E-3,-2.05523E-3,-8.66520E-5,1.66540E-4,2.54482E-4,1.16722E-3,2.07996E-3,2.31102E-3,1.51466E-3,7.18310E-4,-2.00516E-6,-6.57991E-4,-1.31398E-3,-1.17331E-3,-6.65563E-4,-1.57819E-4,-1.33462E-3,-2.86275E-3,-4.39089E-3,-3.36436E-3,-2.25959E-3,-1.14899E-3,-5.51494E-5,5.00733E-4,6.51939E-4,5.60086E-5,-4.02130E-3,-2.82184E-3,-5.07651E-3,1.24703E-3,-1.28323E-3,-1.13494E-3,3.28286E-3,1.33788E-3,2.32996E-3,-9.42406E-4,-5.74909E-4,4.07570E-4,2.64239E-3,-1.09141E-3,-4.30382E-3,-2.29202E-3,2.53736E-2,4.00296E-2,3.26156E-3,-5.50171E-2,-1.09987E-1,-1.38915E-1,-1.72233E-1,-1.53748E-1,-6.73523E-2,-1.58277E-2,9.64091E-3,1.41974E-3,-6.76916E-3,-9.41585E-4,-2.01175E-3,-3.16258E-3,-4.51892E-3,-4.66350E-3,-4.36348E-3,-2.70308E-3,-4.42130E-3,-4.76796E-3,-1.29362E-4,-2.53808E-3,7.97749E-4,3.34445E-3,-1.06843E-3,-1.87206E-3,1.71809E-3,4.35667E-6,-1.13539E-4,2.46750E-3,1.52755E-3,5.52314E-4,1.77499E-4,-3.20114E-3,1.51715E-3,-1.18520E-3,-3.40149E-3,5.44711E-4,-8.30355E-4,-3.84977E-3,3.10831E-3,-5.32064E-3,-9.20309E-4,-4.82217E-3,1.48192E-3,-4.61834E-3,2.61497E-3,-1.30960E-3,-3.35019E-3,-6.23773E-3,-1.51153E-3,-5.23355E-3,-3.73713E-3,-3.05304E-3,-2.47506E-3,-1.26839E-3,9.27452E-4,-6.28884E-4,-2.18977E-3,-6.15679E-3,5.48985E-6,-3.98107E-3,-2.68351E-3,-4.60793E-3,-4.03373E-3,1.07596E-4,-3.31812E-3,-4.76560E-3,-4.10842E-3,-3.36637E-3,-2.60262E-3,-4.22542E-3,-2.76416E-3,-3.19327E-3,3.05645E-4,-1.48973E-3,-1.80534E-3,-6.83683E-4,-4.21950E-3,-1.33312E-3,3.86398E-4,-1.09086E-3,-2.61615E-4,-3.22892E-3,-4.03078E-3,-2.21205E-3
1.28450E+3,NaN,NaN,NaN,NaN,NaN,NaN,NaN,-1.31028E-3,-2.06195E-3,-4.95208E-4,-1.31575E-3,-8.17295E-4,5.98149E-4,2.01359E-3,2.11170E-3,1.52814E-3,9.44578E-4,-3.92025E-4,-1.91471E-3,-3.43740E-3,-3.11147E-3,-2.67735E-3,-2.33630E-3,-2.96493E-3,-3.59356E-3,-3.93350E-3,-3.30927E-3,-2.68505E-3,-1.65229E-3,1.22004E-5,8.20111E-4,1.69975E-4,-2.03842E-3,-4.17768E-3,-3.74497E-3,-2.29027E-3,1.28343E-3,-5.71037E-5,8.70850E-4,3.53016E-3,2.02514E-3,7.07416E-4,-3.70647E-4,6.25714E-4,1.43575E-3,1.84934E-3,-1.99027E-3,-3.76273E-3,3.24398E-3,2.69432E-2,3.62316E-2,8.62329E-4,-6.08896E-2,-1.15159E-1,-1.54113E-1,-1.77482E-1,-1.46408E-1,-7.09088E-2,-1.77335E-2,5.16690E-3,-7.58387E-4,-5.85772E-3,-3.00769E-3,-4.25141E-3,-3.16485E-3,-4.19679E-3,-5.81146E-3,-4.39975E-3,-3.27403E-3,-4.66011E-3,-4.14605E-3,-2.01909E-3,-2.63472E-3,2.58686E-3,2.09295E-3,-2.07526E-3,-4.41954E-4,1.69475E-3,6.07343E-4,3.10260E-4,2.32968E-3,1.22800E-3,4.84641E-4,-1.56628E-3,-2.81411E-3,9.56327E-4,-1.64119E-3,-8.66542E-4,1.34177E-3,-1.54900E-3,-1.70286E-3,5.42123E-4,-3.39865E-3,-2.46672E-3,-3.56389E-3,-3.82669E-4,-3.98911E-3,2.26062E-3,-2.45016E-3,-2.36234E-3,-6.57744E-3,-1.11127E-3,-4.95140E-3,-4.39032E-3,-4.08309E-3,-4.37033E-3,-1.91875E-3,4.43831E-4,-4.32110E-4,-2.70823E-3,-6.18794E-3,7.93546E-4,-6.52306E-3,-1.30877E-3,-3.50187E-3,-3.39198E-3,-1.13034E-3,-5.14575E-3,-6.25970E-3,-5.73575E-3,-3.75023E-3,-2.29880E-3,-4.61043E-3,-2.30685E-3,-4.38263E-3,-4.14570E-5,-2.02954E-3,-3.34661E-3,-1.42554E-3,-4.36838E-3,-1.15069E-3,4.10673E-5,-1.52334E-3,-8.73279E-4,-3.61768E-3,-4.73866E-3,-3.10015E-3
1.28797E+3,NaN,NaN,NaN,NaN,NaN,NaN,NaN,-1.12884E-3,-2.53719E-3,5.32802E-4,-1.77141E-3,-4.24849E-4,1.60087E-3,3.62658E-3,2.41292E-3,9.05438E-4,-5.37260E-4,-9.59645E-4,-1.38203E-3,-1.65251E-3,-1.32495E-3,-9.97392E-4,-1.14151E-3,-2.17948E-3,-3.21745E-3,-3.18247E-3,-2.02301E-3,-8.63542E-4,1.01898E-3,1.47160E-3,4.16655E-4,-1.26409E-4,-3.38563E-3,-3.46115E-3,-4.46969E-3,-5.08450E-4,7.19118E-4,-9.98776E-4,2.90302E-3,3.47025E-3,1.13375E-3,-4.77511E-4,-5.70776E-4,9.39512E-4,3.74525E-3,4.02246E-4,-1.77021E-3,-2.65043E-3,6.49249E-3,2.84305E-2,3.51850E-2,-3.23161E-3,-6.79721E-2,-1.24834E-1,-1.67366E-1,-1.86073E-1,-1.39456E-1,-6.66389E-2,-1.53334E-2,3.14664E-3,-2.34989E-3,-3.67272E-3,-2.31517E-3,-3.66241E-3,-4.69344E-3,-6.07092E-3,-5.69747E-3,-4.59856E-3,-3.18641E-3,-4.84963E-3,-1.82169E-3,-2.24522E-3,-1.12452E-3,4.05316E-3,1.67685E-3,-2.45378E-3,2.79542E-4,1.79329E-3,1.20320E-3,1.26458E-3,2.32012E-3,1.71253E-3,2.27442E-3,-3.20228E-3,-1.44761E-3,-3.09467E-4,-2.53555E-3,5.52995E-4,1.35596E-3,-2.88526E-3,2.02212E-3,-1.94103E-3,-3.33153E-3,-4.10162E-3,-1.05314E-3,-1.36574E-3,-4.17883E-3,3.15285E-4,9.05414E-5,-1.44545E-3,-6.46677E-3,-2.04563E-3,-5.77065E-3,-5.11400E-3,-2.01633E-3,-4.04641E-3,-8.40434E-4,-9.54310E-4,-2.86016E-3,-2.13778E-3,-6.85636E-3,2.91117E-3,-4.14186E-3,-1.04961E-3,-4.76523E-3,-5.34437E-3,-1.24227E-3,-4.78753E-3,-6.79149E-3,-6.53332E-3,-3.95265E-3,-2.55892E-3,-5.19696E-3,-2.49564E-3,-4.64295E-3,-3.49600E-4,-2.13789E-3,-1.63494E-3,-1.60052E-3,-6.09622E-3,-2.05327E-3,6.34543E-4,-4.82212E-4,-6.22833E-5,-3.22425E-3,-5.83194E-3,-3.06662E-3
1.29145E+3,NaN,NaN,NaN,NaN,NaN,NaN,-3.80491E-4,-2.45528E-3,-3.01348E-3,9.23360E-5,4.83757E-4,1.82089E-3,3.15803E-3,4.07101E-3,2.94813E-3,1.82524E-3,6.31144E-4,-7.17597E-4,-2.06634E-3,-2.90695E-3,-3.14657E-3,-3.38619E-3,-3.43440E-3,-3.35552E-3,-3.27664E-3,-3.01861E-3,-2.69889E-3,-2.37917E-3,7.98282E-4,2.56037E-5,6.18143E-4,-1.41625E-3,-7.30708E-3,-5.10376E-3,-4.41524E-3,1.19535E-3,4.52563E-4,-1.68725E-3,4.62764E-3,3.61744E-3,2.20137E-3,-1.47434E-3,-6.12904E-5,-1.67001E-3,2.25927E-3,-1.39567E-3,-3.33067E-3,-3.43668E-3,6.50197E-3,2.87044E-2,4.05117E-2,-5.15256E-3,-7.39336E-2,-1.30771E-1,-1.78859E-1,-1.97257E-1,-1.31210E-1,-5.62622E-2,-1.21826E-2,2.95265E-4,-2.96607E-3,-1.59173E-3,-3.77316E-3,-3.50962E-3,-4.19512E-3,-6.36048E-3,-6.61860E-3,-4.52903E-3,-3.65813E-3,-6.66386E-3,-1.83330E-4,-3.34796E-3,-2.67463E-4,3.46074E-3,-6.65502E-4,-4.76675E-3,2.49986E-3,3.33617E-4,-2.85052E-4,3.48580E-4,2.39630E-3,7.22531E-4,2.51805E-3,-6.49054E-3,-3.44791E-4,-1.50099E-3,-3.50611E-3,9.87835E-4,-9.09926E-4,-6.77809E-3,3.57440E-3,-5.87324E-3,-7.28387E-4,-5.96817E-3,-5.04744E-4,-2.63540E-3,-4.40930E-3,-1.45494E-3,6.04925E-4,9.03602E-4,-8.08023E-3,-1.68127E-3,-4.93292E-3,-6.99702E-3,-3.39800E-3,-4.85856E-3,-3.39728E-4,-4.76279E-5,-1.80805E-3,-2.77123E-3,-1.05858E-2,2.95340E-3,-6.41155E-3,-1.79748E-3,-5.66287E-3,-4.94044E-3,-1.41815E-3,-6.01965E-3,-7.44021E-3,-5.46590E-3,-3.52921E-3,-3.41743E-3,-5.29556E-3,-2.71414E-3,-4.79272E-3,-2.22028E-4,-1.52866E-3,-2.65826E-3,-1.70275E-3,-4.57443E-3,-8.28551E-4,-4.46635E-4,-2.67907E-3,-1.09750E-3,-5.00034E-3,-5.34835E-3,-3.73017E-3
1.29492E+3,NaN,NaN,NaN,NaN,NaN,NaN,2.91363E-3,-4.00230E-3,-3.19999E-3,-1.63510E-3,3.04906E-5,1.98133E-3,3.93217E-3,4.44507E-3,3.01852E-3,1.59198E-3,2.11830E-4,-1.13313E-3,-2.47809E-3,-2.20787E-3,-1.28262E-3,-3.57379E-4,-9.32442E-4,-1.76333E-3,-2.59421E-3,-9.62075E-4,6.77014E-4,2.46442E-3,4.32989E-3,1.55716E-3,1.61161E-3,3.58577E-4,-4.84917E-3,-5.57975E-3,-3.17095E-3,1.31172E-3,1.70365E-3,6.41079E-4,7.52278E-3,4.27796E-3,-5.28249E-4,-1.55157E-3,-1.34078E-3,2.44276E-3,4.78797E-3,-3.31846E-3,-9.04269E-4,2.27340E-3,1.31247E-2,3.16007E-2,4.02009E-2,-8.14956E-3,-7.66936E-2,-1.36705E-1,-1.82193E-1,-1.90601E-1,-1.17816E-1,-4.73384E-2,-9.72600E-3,4.01073E-3,-9.23519E-5,1.20989E-3,-1.72344E-3,-2.00370E-3,-2.89700E-3,-5.90008E-3,-5.13388E-3,-3.43194E-3,-2.74726E-3,-6.97991E-3,7.08714E-4,-1.36015E-3,1.15654E-3,5.17749E-3,5.73429E-4,-8.55936E-4,3.37716E-3,2.48075E-3,8.21111E-4,3.46694E-3,4.49621E-3,2.17544E-3,1.56251E-3,-6.49926E-3,-1.54811E-3,-1.32164E-3,-1.96765E-3,4.73654E-3,9.11119E-4,-3.29316E-3,5.39844E-3,-5.99480E-3,-2.12733E-3,-2.45926E-3,3.41546E-3,-1.08456E-3,-9.07663E-4,-3.04934E-3,9.81475E-4,1.74166E-4,-3.41828E-3,7.08070E-5,-6.43705E-3,-4.58782E-3,-3.07944E-3,-2.27979E-3,1.39300E-3,-8.63923E-4,7.29950E-4,-5.41298E-4,-6.77795E-3,2.51774E-3,-4.60851E-3,8.74167E-4,-4.17129E-3,-4.16441E-3,-6.96820E-4,-4.25523E-3,-5.52857E-3,-5.10246E-3,-3.25762E-3,-1.99357E-3,-2.45201E-3,5.16298E-4,-2.45746E-3,9.53176E-4,4.61313E-4,-1.35362E-3,9.13623E-4,-3.25009E-3,-3.19032E-4,2.17664E-3,-1.98226E-4,3.97771E-4,-2.25181E-3,-2.73263E-3,-1.95704E-3
1.29840E+3,NaN,NaN,NaN,NaN,NaN,NaN,3.60330E-4,-3.44320E-3,-4.12980E-3,2.39288E-4,2.05900E-3,3.19838E-3,4.33777E-3,3.79796E-3,2.45655E-3,1.11514E-3,-2.55779E-4,-1.63319E-3,-3.01060E-3,-2.98274E-3,-2.90027E-3,-2.95108E-3,-4.13258E-3,-5.31408E-3,-5.96271E-3,-4.99820E-3,-4.03370E-3,-1.24568E-3,2.42932E-3,3.11568E-3,9.29519E-4,-3.93258E-3,-4.81944E-3,-3.93051E-3,-1.48203E-3,5.15769E-4,-7.43067E-4,2.16584E-3,5.44150E-3,2.49443E-3,5.13815E-4,-1.68806E-3,4.69288E-4,2.20991E-3,4.42398E-5,-3.94669E-3,-1.67352E-3,4.17065E-3,1.58878E-2,3.56945E-2,3.41054E-2,-1.65642E-2,-8.70233E-2,-1.51988E-1,-1.92718E-1,-1.76773E-1,-1.04186E-1,-3.90940E-2,-9.02788E-3,7.46123E-4,2.44324E-4,-8.67795E-4,-3.42518E-3,-5.60048E-3,-6.08871E-3,-6.38489E-3,-3.80782E-3,-2.31815E-3,-1.79550E-3,-2.42350E-3,1.07070E-4,-1.55214E-3,4.65972E-3,6.14911E-3,1.10809E-4,-1.46961E-3,2.74080E-3,1.03561E-3,1.08279E-4,3.41710E-3,2.70312E-3,1.35010E-3,6.01884E-4,-4.01198E-3,-8.78955E-5,-2.57720E-3,-1.45100E-3,7.48489E-4,-3.13119E-3,1.46885E-4,1.93062E-3,-4.43953E-3,-2.77059E-3,-2.69683E-3,-2.09811E-4,-2.03843E-3,4.99586E-4,-4.51222E-3,-4.37441E-4,-2.94598E-3,-4.31201E-3,-1.86803E-3,-7.48933E-3,-5.28017E-3,-5.66915E-3,-4.52849E-3,-1.26684E-3,2.16446E-4,-3.50328E-4,-2.59099E-3,-4.00611E-3,1.69101E-3,-6.25103E-3,-1.57518E-3,-4.62683E-3,-4.76128E-3,-1.75061E-3,-5.96760E-3,-7.72111E-3,-7.41585E-3,-2.99924E-3,-2.14783E-3,-1.86707E-3,1.04588E-3,-2.95068E-3,7.26844E-5,-1.43404E-3,-3.59558E-3,-2.09266E-3,-4.54816E-3,-4.03130E-3,-1.72475E-3,-1.33760E-3,1.84858E-3,-1.73129E-3,-4.11200E-3,-2.92577E-3
1.30188E+3,NaN,NaN,NaN,NaN,NaN,NaN,1.95001E-3,-2.43316E-3,-1.73524E-3,-2.26774E-4,6.63829E-4,1.25594E-3,1.84805E-3,1.08860E-3,2.20839E-4,-6.25322E-4,-1.17853E-3,-1.73174E-3,-2.15657E-3,-2.10284E-3,-2.04911E-3,-2.00820E-3,-1.99061E-3,-1.97303E-3,-1.62951E-3,-9.56446E-4,-2.83380E-4,2.37721E-3,2.29923E-4,1.09183E-3,-1.65789E-3,-3.61176E-3,-2.51981E-3,8.36974E-5,1.59577E-3,1.34682E-3,-4.37113E-5,4.04328E-3,3.71991E-3,5.33387E-4,-1.62712E-3,-3.54216E-4,1.06254E-3,1.89728E-3,1.67591E-4,-1.48271E-3,-3.23550E-3,4.09495E-3,1.92357E-2,3.83390E-2,2.82818E-2,-2.60491E-2,-9.29547E-2,-1.60182E-1,-1.97737E-1,-1.59768E-1,-7.89664E-2,-2.88799E-2,-8.55879E-3,-1.96698E-3,-1.04748E-3,-1.91189E-3,-2.42560E-3,-4.97322E-3,-6.93346E-3,-5.08083E-3,-4.59703E-3,-3.19298E-3,-5.22921E-3,-1.72978E-3,-2.45010E-3,-1.11356E-3,1.96939E-3,1.67224E-3,-2.47235E-3,-8.12148E-4,7.31821E-4,-1.31600E-4,5.20152E-4,2.90618E-3,-1.32135E-4,-3.06715E-4,-4.08434E-3,-2.69629E-3,-1.61066E-3,-3.63727E-3,-1.47106E-3,-1.94023E-3,-5.33863E-3,9.26764E-4,-7.17907E-4,-3.06447E-3,-5.79874E-3,-1.84583E-3,-1.10068E-3,-2.23344E-3,2.33210E-3,-2.47843E-3,-5.32365E-4,-1.54446E-4,-3.67991E-3,-2.25565E-3,-5.54014E-3,-3.43437E-3,-4.78461E-3,-2.70247E-3,4.44861E-4,9.25897E-4,-1.96839E-3,-2.02991E-3,-2.36456E-3,1.49592E-3,-2.47913E-3,1.33523E-4,-4.31452E-3,-6.51075E-3,-2.09892E-3,-5.57013E-3,-4.70259E-3,-4.22074E-3,-3.13785E-3,-3.19075E-3,-2.97354E-4,-3.57149E-4,-1.46358E-3,8.36893E-4,-7.38844E-5,1.24099E-5,-4.84966E-4,-3.09082E-3,-1.40024E-3,-1.98957E-3,-1.58100E-3,1.63004E-3,-2.83974E-3,-2.79303E-3,-1.48976E-3
1.30536E+3,NaN,NaN,NaN,NaN,NaN,NaN,-1.49959E-4,-3.03114E-3,-9.81641E-4,6.01203E-4,9.94236E-4,2.76034E-4,-1.74197E-4,6.60329E-4,1.49486E-3,1.63198E-3,2.55599E-4,-1.12078E-3,-1.65274E-3,-1.18659E-3,-7.20442E-4,-6.73281E-4,-9.04107E-4,-1.13493E-3,-1.25159E-3,-1.32896E-3,-1.40633E-3,-2.98136E-3,-1.25357E-3,6.98976E-4,-1.93098E-3,-2.01796E-3,-4.49667E-3,1.79448E-3,-2.48735E-3,-7.54574E-4,-4.41224E-5,3.42577E-3,-2.46595E-3,-1.95530E-3,-1.03434E-3,-2.06347E-3,2.99500E-3,-2.87038E-4,-2.81599E-3,-1.02898E-3,-6.39756E-3,5.80552E-3,2.27921E-2,4.14798E-2,2.34669E-2,-3.70594E-2,-1.01716E-1,-1.73768E-1,-1.96001E-1,-1.34637E-1,-5.07963E-2,-1.76137E-2,-6.29242E-3,-1.63035E-3,-1.01835E-3,-3.82222E-3,-4.02977E-3,-5.69259E-3,-8.15186E-3,-3.40792E-3,-4.36949E-3,-1.90190E-3,-3.47591E-3,9.62515E-4,-5.53323E-4,-7.05972E-4,2.28162E-3,4.23106E-4,-3.73887E-3,-2.98218E-3,-4.71931E-4,-1.20260E-3,4.35188E-4,1.16832E-3,-3.28851E-3,1.93946E-3,-3.68430E-3,-2.23261E-3,-2.37997E-5,-4.33032E-3,-4.17865E-4,-4.40179E-4,-2.50821E-3,1.04692E-3,-4.77129E-3,-3.16108E-3,-1.56853E-3,-1.50916E-3,-4.68957E-3,-4.46161E-3,5.75911E-4,-6.38019E-3,-3.78114E-3,-1.12035E-3,-4.42302E-4,-3.03639E-3,-6.97664E-3,-3.51443E-3,-5.85859E-3,-4.16480E-3,-3.03640E-3,-1.47108E-3,-2.40396E-3,-2.10135E-3,-2.56739E-3,2.76049E-3,-2.73893E-3,-3.39695E-3,-5.23169E-3,-5.10250E-3,-5.96209E-4,-3.83181E-3,-9.27023E-4,-3.37712E-3,-5.44127E-3,-2.29313E-3,1.94064E-3,-9.55946E-4,-5.19752E-3,-1.43395E-3,-1.75487E-3,3.89929E-4,-1.92636E-4,-8.47360E-4,-7.26900E-4,-1.44346E-3,-2.52057E-3,-1.06252E-3,-1.73096E-3,-2.47899E-3,7.94467E-4
1.30883E+3,NaN,NaN,NaN,NaN,NaN,NaN,2.09702E-4,2.62506E-4,-6.85108E-4,-1.83139E-3,-1.06675E-3,-6.36761E-4,1.39972E-4,1.40105E-3,2.66214E-3,2.19376E-3,3.66905E-4,-1.45995E-3,-1.62939E-3,-1.09838E-3,-5.67375E-4,-8.87318E-4,-1.36241E-3,-1.83751E-3,-1.88577E-3,-1.92913E-3,-1.39732E-3,2.29633E-3,1.92278E-3,1.94151E-3,-6.75254E-4,1.31540E-3,-9.82911E-4,3.38092E-3,-1.70389E-4,3.17774E-3,1.18236E-3,-1.19762E-3,3.20934E-3,-4.75221E-3,-8.43612E-4,1.82757E-3,6.08606E-3,-2.03656E-3,-1.21865E-3,-2.00715E-3,-3.91089E-3,6.76358E-3,2.58175E-2,3.93891E-2,1.92137E-2,-4.30971E-2,-1.06203E-1,-1.84771E-1,-1.91707E-1,-1.12876E-1,-2.89543E-2,-3.65660E-3,3.83711E-3,3.74462E-3,-3.69916E-3,-7.28669E-3,-5.22021E-3,-7.62416E-3,-6.62649E-3,-5.49775E-3,-3.74874E-3,-3.81081E-3,-7.86568E-4,2.83811E-3,-2.09748E-3,-2.37246E-3,-1.05039E-4,-2.93593E-3,-5.53495E-3,-3.82817E-3,-1.24417E-3,2.09934E-3,-2.08900E-3,1.00663E-3,-3.55007E-3,-2.78454E-4,-1.28391E-3,7.19749E-5,6.88040E-4,-1.51427E-3,-1.97997E-3,-1.52231E-4,-9.12284E-4,-1.64544E-3,-1.83250E-3,-2.38148E-3,-2.17748E-3,-3.82347E-3,-1.54745E-3,-1.69214E-3,4.16010E-3,-1.60680E-3,-5.87888E-4,4.35097E-4,1.16601E-3,-4.77648E-3,-8.42228E-4,-3.08729E-3,-2.53138E-3,8.49236E-4,3.43919E-4,-4.73044E-4,1.46939E-3,-4.11926E-4,-2.16307E-3,-6.93082E-4,-4.30119E-3,-2.38752E-3,-4.02006E-3,-2.10580E-3,-1.61184E-3,-1.17367E-3,2.16316E-3,1.39485E-3,-2.31959E-3,-1.39031E-3,3.41831E-3,4.12467E-4,-9.73111E-5,8.32355E-4,1.95752E-3,5.58226E-4,-8.47535E-4,1.08003E-3,-1.68277E-3,-6.56529E-4,-6.13799E-4,-1.08039E-3,-4.55871E-4,1.97434E-3,1.87556E-3
1.31231E+3,NaN,NaN,NaN,NaN,NaN,NaN,8.55906E-4,1.04961E-3,1.09579E-3,-7.32699E-4,-1.57572E-3,-1.47125E-3,-1.31749E-3,-1.13832E-3,-9.59144E-4,-8.20859E-4,-6.92632E-4,-5.64405E-4,-1.23519E-4,3.35406E-4,8.27341E-4,1.66007E-3,2.49280E-3,3.16624E-3,3.30995E-3,3.45365E-3,3.13573E-3,1.38952E-3,7.15099E-4,2.82262E-3,3.73029E-3,2.31556E-3,4.53419E-4,1.68645E-3,4.10844E-4,2.58899E-3,8.70960E-4,1.54595E-4,-1.48663E-4,9.51328E-5,-4.00170E-4,1.46337E-3,2.89142E-3,-2.74552E-3,-3.31149E-3,-2.33788E-3,-8.10236E-4,9.04363E-3,2.68645E-2,3.51186E-2,6.71701E-3,-5.05930E-2,-1.15257E-1,-1.78272E-1,-1.63230E-1,-8.14460E-2,-1.29994E-2,1.15037E-2,1.02127E-2,3.37432E-3,-4.33429E-3,-4.15790E-3,-1.97865E-3,-5.73503E-3,-7.19943E-3,-3.81557E-3,-2.24422E-3,-2.94750E-4,-2.24139E-4,-1.11077E-3,-3.50009E-3,-5.06624E-3,-1.49807E-3,3.31371E-4,-1.66239E-3,-2.27926E-3,-1.06439E-3,3.39763E-4,1.22220E-4,-5.37776E-4,-3.11985E-3,-4.01246E-4,8.06046E-4,-9.42949E-4,-1.68915E-3,-4.94504E-3,-3.51148E-3,-5.08523E-4,3.25118E-4,2.35230E-4,-1.24958E-3,-2.38593E-3,-2.47334E-3,-3.14648E-3,5.15627E-4,-5.47135E-4,-8.12801E-4,-4.22559E-3,4.80981E-4,2.91502E-3,2.23287E-3,-2.53998E-3,-3.86325E-4,-3.28714E-3,-2.28824E-3,-7.63730E-4,-1.64844E-3,-3.86553E-4,4.06160E-4,1.16957E-3,-6.37017E-4,-1.84336E-3,-3.12294E-3,-2.71085E-3,-2.95678E-3,-2.45156E-3,-1.69016E-3,-2.81395E-3,1.81002E-3,3.90598E-3,1.80625E-3,2.45922E-3,3.80998E-3,-1.38804E-3,-1.47863E-3,5.44082E-5,3.12075E-3,3.76743E-3,7.20628E-4,3.67789E-3,1.50294E-3,1.84021E-3,2.63402E-4,-2.58250E-4,-1.27684E-3,1.02867E-3,2.36335E-3
1.31579E+3,NaN,NaN,NaN,NaN,NaN,NaN,2.57143E-3,1.90878E-3,1.60337E-4,-9.03990E-4,-1.65403E-3,-1.84673E-3,-1.86806E-3,-1.87039E-3,-1.85567E-3,-1.46193E-3,-1.06819E-3,-4.33623E-4,1.25568E-3,2.94499E-3,4.31842E-3,5.04687E-3,5.77532E-3,5.93761E-3,5.46555E-3,4.99348E-3,3.78015E-3,9.33582E-4,1.50972E-3,2.10139E-3,5.94522E-3,4.44031E-3,4.91237E-3,2.37726E-3,3.50018E-3,4.11682E-3,1.45304E-3,8.19178E-4,-2.99775E-4,-3.88298E-4,8.21704E-5,1.81653E-3,1.06400E-3,-2.13881E-3,-1.76376E-3,-2.09656E-3,-1.58290E-3,1.24635E-2,3.12164E-2,3.52725E-2,-2.24780E-3,-5.64092E-2,-1.28766E-1,-1.83250E-1,-1.48972E-1,-6.56087E-2,5.51932E-3,3.09811E-2,2.23617E-2,3.13004E-3,-4.26877E-3,-2.35918E-3,-2.78289E-3,-5.33792E-3,-3.15530E-3,-2.07583E-3,-5.39204E-3,-1.54029E-3,-1.85661E-3,-1.09047E-3,-5.57482E-3,-7.25464E-3,-3.15261E-3,-2.03826E-3,-8.56407E-4,2.83153E-4,-9.01616E-4,-2.07851E-3,-1.69575E-3,-2.21523E-3,-1.60461E-3,2.88706E-4,-9.39453E-4,-6.75280E-5,2.58935E-3,1.24449E-3,1.15504E-3,1.27471E-3,1.63069E-3,2.09542E-3,6.92625E-4,4.42307E-3,-1.12785E-3,-9.65455E-4,-5.56949E-4,1.98153E-3,1.13704E-3,1.28501E-3,5.39341E-4,5.81353E-3,4.94871E-3,6.59102E-4,2.02190E-3,-1.12038E-3,5.66996E-4,7.36526E-4,4.56520E-4,1.10005E-3,1.11960E-3,3.23157E-3,1.77122E-3,-1.20333E-3,-2.85284E-3,-2.49681E-3,4.40323E-4,-3.03199E-4,9.79186E-4,2.01729E-3,3.50530E-3,5.97969E-3,2.40921E-3,2.68836E-3,3.97756E-3,3.46036E-4,-4.76548E-4,3.79789E-4,4.88187E-3,4.14849E-3,2.29094E-3,4.62902E-3,2.55013E-4,1.68847E-3,4.17728E-3,9.50511E-4,8.03447E-4,3.02665E-3,4.29468E-3
1.31927E+3,NaN,NaN,NaN,NaN,NaN,NaN,1.08423E-3,1.41135E-3,1.20539E-3,-7.67080E-4,-3.75886E-3,-4.49053E-3,-2.71996E-3,-9.49394E-4,4.25867E-4,7.91656E-4,1.15744E-3,1.18618E-3,7.57513E-4,3.28847E-4,2.30956E-3,6.12937E-3,9.94918E-3,9.66127E-3,7.69535E-3,5.72943E-3,1.61430E-3,1.36872E-3,7.98435E-5,2.64350E-3,6.43846E-3,7.34881E-3,6.10581E-3,2.88436E-3,3.45753E-3,1.61871E-3,-1.43180E-3,-5.65490E-4,3.00102E-5,-8.57326E-4,-2.01562E-3,-2.84344E-3,-2.94430E-3,1.15535E-4,2.90032E-3,-2.89985E-3,-3.09364E-3,1.16685E-2,3.50222E-2,3.43948E-2,-1.01543E-2,-5.62712E-2,-1.38455E-1,-1.87738E-1,-1.36245E-1,-5.06398E-2,3.02359E-2,5.24601E-2,2.94111E-2,-4.01395E-3,-6.02547E-3,-4.06986E-4,-5.05220E-3,-5.72323E-3,-4.54451E-3,-4.23554E-3,-4.33283E-3,1.85097E-3,-9.50768E-4,9.09097E-4,-6.58646E-3,-5.14533E-3,-3.58455E-3,-2.98810E-3,-3.10146E-3,-2.26634E-3,-1.96493E-3,-4.25424E-3,-1.65253E-3,-3.78097E-3,-1.31646E-3,3.09003E-3,-2.16678E-3,-3.14901E-3,3.07769E-4,-3.53715E-3,-2.82297E-3,2.59434E-3,-5.22342E-3,3.28356E-3,1.94157E-3,4.82258E-3,-5.45583E-3,1.23752E-3,1.15118E-3,1.17990E-3,-2.10157E-3,7.90698E-4,1.28375E-3,3.23266E-3,3.22977E-3,3.05089E-3,4.84896E-3,1.48052E-4,5.46404E-4,2.39226E-3,1.09211E-3,-2.14648E-4,2.64044E-4,3.71412E-3,2.15551E-3,-2.03235E-3,-1.39198E-3,-2.01409E-4,9.99259E-4,2.13925E-3,-1.77758E-3,-2.41126E-3,7.71928E-4,5.62313E-3,3.35745E-3,-1.03630E-3,3.43761E-3,1.67643E-6,2.89112E-3,1.77089E-3,3.61892E-3,1.94628E-3,9.47197E-4,4.92141E-3,2.86104E-3,-5.39555E-4,1.68246E-3,1.84100E-4,2.76685E-3,1.59798E-3,4.89065E-3
1.32276E+3,NaN,NaN,NaN,NaN,NaN,NaN,3.72350E-3,9.67498E-4,-2.65768E-4,-4.33746E-4,-3.05584E-3,-3.18250E-3,-1.59182E-3,-1.13133E-6,1.60937E-3,3.23833E-3,4.86729E-3,5.32942E-3,5.19203E-3,5.05465E-3,6.23325E-3,7.73379E-3,9.23433E-3,8.51894E-3,7.67782E-3,6.46896E-3,1.97912E-3,2.38805E-3,2.95892E-3,1.57975E-3,6.27032E-3,6.75157E-3,7.44631E-3,2.64248E-3,2.54899E-3,3.12330E-3,4.32396E-4,2.62627E-3,1.51317E-3,1.91125E-3,-2.85432E-3,-1.83956E-3,-1.90061E-4,-1.72101E-4,3.68542E-3,7.32979E-4,-2.08340E-3,1.43248E-2,3.09964E-2,3.29979E-2,-7.22534E-3,-6.15194E-2,-1.48737E-1,-1.84266E-1,-1.31051E-1,-4.64222E-2,4.51249E-2,6.72900E-2,2.57677E-2,-3.92054E-3,-3.56022E-3,-3.49433E-4,-3.82945E-3,-1.05869E-3,9.10138E-4,-1.00978E-3,-4.18857E-4,1.15932E-3,-2.49587E-3,1.22043E-3,-9.70747E-3,-5.08084E-3,-3.15527E-3,-4.19025E-3,-2.78124E-3,-3.70581E-3,-1.36652E-3,-4.96018E-3,-3.69056E-3,-6.23579E-4,-2.53641E-3,4.07900E-3,-3.39636E-3,-1.94656E-3,1.29555E-3,-1.55013E-3,-7.00783E-4,3.25060E-3,-7.41185E-3,4.44752E-3,3.19126E-3,5.28392E-3,-3.11856E-3,5.43020E-3,3.58184E-3,5.21076E-3,-3.17304E-3,-1.51867E-3,2.65843E-3,2.27176E-3,1.19748E-3,1.30245E-3,3.31636E-3,7.27715E-4,3.53185E-4,1.48606E-3,6.08471E-4,4.06318E-4,2.33211E-3,6.07723E-3,1.92788E-3,-6.12104E-4,1.17198E-3,1.01577E-3,2.59106E-3,3.80871E-3,-1.20830E-3,1.48287E-3,4.50594E-3,4.55239E-3,2.32788E-3,-7.12634E-4,2.71311E-3,2.50712E-3,3.79262E-3,-1.31671E-3,2.50785E-3,1.11250E-3,1.65706E-3,5.41980E-3,1.91322E-3,1.27484E-4,7.84565E-4,-1.31313E-3,2.26230E-3,4.41873E-3,5.22494E-3
1.32624E+3,NaN,NaN,NaN,NaN,NaN,NaN,4.69797E-3,4.42598E-3,-4.06276E-4,-4.16477E-3,-4.32509E-3,-3.39191E-3,-1.94269E-3,-4.93479E-4,2.07287E-3,5.00753E-3,7.94219E-3,6.69582E-3,4.95847E-3,3.32403E-3,4.31151E-3,5.29900E-3,5.96017E-3,5.14109E-3,4.32202E-3,3.42938E-3,2.39800E-3,1.88143E-3,2.13796E-3,3.02373E-3,5.67861E-3,6.62245E-3,4.25906E-3,-4.99718E-4,5.28486E-4,1.31597E-4,-2.62645E-3,1.14391E-3,1.48367E-3,1.64684E-3,3.20431E-4,1.58540E-3,2.64783E-3,4.76101E-3,3.51567E-3,1.48902E-3,3.19433E-3,1.55630E-2,3.19966E-2,2.70656E-2,-1.02871E-2,-7.07465E-2,-1.42883E-1,-1.73996E-1,-1.28410E-1,-3.69739E-2,5.63492E-2,6.83249E-2,2.54880E-2,-3.34830E-3,-4.45804E-3,-2.12143E-3,-2.12388E-3,8.73928E-5,-1.04585E-3,1.86784E-4,-4.66479E-4,3.07689E-3,-1.47562E-4,-9.52504E-4,-5.78006E-3,-4.14832E-3,-4.53232E-4,-1.67177E-3,-2.70538E-3,-3.88851E-3,-4.55957E-3,-4.54185E-3,-3.79581E-3,-3.41158E-3,-1.62010E-4,2.23834E-3,-2.99167E-3,2.32113E-3,1.76327E-3,-4.10437E-3,-1.70366E-4,7.62623E-4,-2.64372E-3,3.99476E-3,3.71494E-3,2.65165E-3,-1.44013E-3,2.43183E-3,2.67485E-3,3.21465E-3,-2.53778E-3,-3.23444E-3,4.03122E-3,2.05787E-3,1.70900E-3,2.25114E-3,4.12493E-3,4.03966E-3,1.72451E-3,2.61375E-3,1.89457E-3,8.45781E-4,1.57549E-3,4.25954E-3,1.63167E-3,2.07440E-3,8.50018E-4,1.23632E-3,3.52928E-3,4.56364E-3,2.15593E-4,1.85949E-3,4.65432E-3,4.42423E-3,3.54270E-3,-1.42444E-3,1.90465E-3,3.23197E-3,7.28633E-3,5.58398E-4,2.28933E-3,2.86818E-4,1.86750E-3,5.07029E-3,2.27824E-3,3.93947E-4,6.23705E-4,1.29185E-3,4.40278E-3,4.11618E-3,3.10058E-3
1.32972E+3,NaN,NaN,NaN,NaN,NaN,NaN,1.27505E-3,2.73953E-3,2.37695E-4,3.83617E-5,-3.85198E-3,-2.56845E-3,-7.71921E-4,1.02461E-3,1.44602E-3,1.84562E-3,2.17705E-3,2.04093E-3,1.90481E-3,2.06419E-3,3.02213E-3,3.98006E-3,4.56565E-3,4.62193E-3,4.67822E-3,2.68844E-3,6.22791E-4,-2.26460E-4,-4.22708E-4,1.85444E-3,5.25836E-3,5.02075E-3,1.34413E-3,-5.68502E-4,8.90073E-4,-1.39560E-3,-1.39653E-4,2.41057E-4,6.31091E-4,-9.99263E-4,-3.90005E-3,-2.50764E-3,2.10774E-5,1.31681E-3,1.13793E-3,-5.05828E-4,-1.53416E-4,1.45342E-2,3.19308E-2,2.27725E-2,-1.56827E-2,-8.22746E-2,-1.54238E-1,-1.80689E-1,-1.33660E-1,-2.35809E-2,6.85523E-2,7.10863E-2,2.46091E-2,-4.03139E-3,-4.51585E-3,-2.26018E-3,-2.65296E-3,-1.07787E-3,-2.37270E-3,-3.19037E-3,-1.84586E-3,-2.14492E-3,-1.10746E-3,-2.48084E-3,-7.01628E-3,-5.79568E-3,-1.93510E-3,-1.43891E-3,-3.47233E-3,-2.89256E-3,-4.65838E-3,-5.17025E-3,-5.66348E-3,-6.37326E-3,9.39025E-4,8.25559E-4,-3.18600E-3,-1.09440E-3,-1.65950E-3,-3.29032E-3,-4.22991E-4,-3.50151E-3,-9.76417E-4,2.70099E-3,4.80583E-3,1.64231E-3,3.24072E-4,2.60078E-3,3.28396E-3,2.22124E-3,-8.10871E-3,-6.03225E-3,1.72296E-3,-1.00213E-3,-4.64704E-4,1.21897E-3,3.11615E-3,3.32184E-3,1.61796E-3,-5.98997E-4,-3.03384E-3,-2.49073E-3,-1.52173E-3,1.68023E-3,-1.98105E-3,-4.10772E-4,-7.47467E-4,2.45933E-4,1.88902E-3,2.27750E-3,-1.43456E-3,1.47927E-3,2.03741E-3,3.73868E-3,2.98488E-3,6.53269E-4,-1.52948E-3,-3.17223E-4,5.11595E-3,-1.45626E-3,-2.28072E-3,-3.26401E-3,-6.21928E-4,-1.11116E-4,-2.53503E-3,-3.09129E-3,-2.80395E-3,-3.73818E-3,3.14859E-3,1.96878E-3,-8.66169E-4
1.33320E+3,NaN,NaN,NaN,NaN,NaN,1.03195E-3,1.18982E-3,3.44594E-4,-1.95381E-3,-1.36234E-3,-3.18789E-3,-6.02611E-4,1.98267E-3,4.12684E-3,4.65798E-3,5.18912E-3,5.16877E-3,4.15772E-3,3.14667E-3,3.11621E-3,4.06455E-3,5.01289E-3,4.33663E-3,2.75961E-3,1.18259E-3,8.15580E-4,1.75803E-3,1.18541E-3,-2.06238E-3,1.86747E-3,2.56080E-3,1.46295E-3,6.99170E-6,4.82851E-4,2.71506E-3,-1.38225E-4,-3.75879E-4,-7.62209E-4,-5.47767E-4,-2.13926E-3,-3.70216E-3,-2.71127E-3,2.76956E-3,1.42279E-3,4.12377E-3,1.59519E-3,1.12691E-3,1.74576E-2,3.12488E-2,2.21496E-2,-1.55148E-2,-8.52016E-2,-1.50923E-1,-1.86099E-1,-1.36872E-1,-1.55121E-2,7.31517E-2,6.75458E-2,2.21105E-2,-6.17499E-3,-2.44761E-3,-8.39525E-4,-8.80796E-4,-2.91670E-3,-2.80977E-3,-1.31622E-3,-4.81878E-4,-1.77595E-3,1.14831E-3,-2.25916E-3,-5.18632E-3,-3.55842E-3,-1.48516E-3,-1.64757E-3,-4.84133E-3,-3.50450E-3,-4.62891E-3,-5.45076E-3,-2.31288E-3,-5.70622E-3,1.32341E-3,-2.77615E-3,-3.01023E-3,-5.49870E-4,-1.44573E-3,-3.97644E-3,2.49273E-3,-6.87480E-3,2.36648E-3,3.07554E-3,5.34488E-3,-2.38051E-3,1.54721E-3,2.15065E-3,1.92958E-3,-1.82871E-4,-6.38620E-3,-4.00233E-3,1.63067E-3,-2.52336E-3,-2.27808E-3,1.33587E-3,3.34888E-3,1.86555E-3,3.97216E-4,-1.14803E-3,-3.32941E-3,-2.55926E-3,4.90733E-4,3.59603E-3,-6.95080E-4,8.78159E-4,-1.16032E-3,1.92501E-3,3.58739E-3,4.88256E-3,5.71339E-4,6.48937E-4,3.78424E-4,2.31868E-3,3.55285E-3,-8.38710E-4,1.75363E-3,1.69974E-3,5.84205E-3,-1.47318E-3,-1.06958E-3,-3.57798E-3,-1.18299E-3,2.09244E-3,-6.02468E-4,-4.36681E-3,-2.89871E-3,-2.52979E-3,3.43481E-3,2.62022E-3,-5.09035E-4
1.33669E+3,NaN,NaN,NaN,NaN,NaN,-9.59869E-4,2.03712E-3,2.47094E-3,-1.31293E-3,-5.70159E-4,-2.74847E-3,-1.14036E-3,4.67750E-4,1.63258E-3,2.24040E-3,2.84823E-3,2.64726E-3,1.87493E-3,1.10259E-3,1.23558E-3,1.70536E-3,2.17513E-3,2.20459E-3,2.16925E-3,2.06417E-3,-2.66214E-3,-1.19044E-3,-7.92841E-5,-1.51949E-3,1.45687E-3,5.03828E-3,4.11619E-4,-9.44905E-4,1.77326E-3,1.80261E-3,-2.64989E-3,-3.98531E-4,-2.16929E-3,9.92344E-4,-4.25512E-3,-2.99098E-3,8.22685E-4,2.69090E-3,3.35382E-4,5.72248E-3,1.27997E-3,1.97428E-3,1.27980E-2,2.97657E-2,2.49955E-2,-1.26170E-2,-7.72093E-2,-1.41393E-1,-1.85996E-1,-1.34061E-1,-1.03457E-2,7.43461E-2,5.93907E-2,1.96485E-2,-1.05653E-2,-4.19835E-3,-6.02840E-3,4.31289E-6,-1.02321E-3,-1.81129E-3,-4.07335E-3,1.30406E-3,-2.05389E-3,7.17717E-4,-3.32900E-3,-9.79375E-3,-5.42426E-3,-1.91349E-3,-3.46589E-3,-4.65786E-3,-2.71564E-3,-8.66401E-3,-3.72486E-3,-7.01694E-4,-7.09402E-3,3.67204E-3,-1.42087E-3,-3.00517E-3,-1.19960E-3,-1.67546E-3,-5.86195E-3,5.62562E-4,-8.15408E-3,2.08250E-3,-2.37122E-4,4.24303E-3,-4.62494E-3,1.59827E-4,-7.87550E-4,2.60214E-3,3.66516E-3,-5.12724E-3,-2.24835E-3,-7.84094E-4,-1.44855E-3,-1.26523E-3,1.03223E-4,5.12448E-4,3.24654E-3,4.64802E-4,-1.18112E-3,-4.61640E-3,-2.08154E-3,-3.41824E-4,3.54248E-3,-1.41654E-3,3.38568E-4,-1.10843E-3,2.53228E-3,3.85892E-3,3.76952E-3,-6.26357E-4,2.24021E-3,1.23182E-3,2.00661E-3,1.12431E-3,-6.19288E-4,1.39677E-3,3.05046E-4,4.68683E-3,-2.79808E-3,-2.07368E-3,-4.44367E-3,-1.86631E-3,4.81044E-4,-2.11445E-3,-4.78441E-3,-3.86798E-3,-3.72310E-3,2.28069E-3,-2.06748E-4,-2.93075E-3
1.34017E+3,NaN,NaN,NaN,NaN,NaN,3.23200E-4,1.87188E-3,1.30626E-3,-6.06019E-4,1.01135E-3,-3.69555E-3,-2.21825E-3,-7.40959E-4,3.03006E-4,1.13319E-3,1.96338E-3,1.39926E-3,5.13363E-4,-3.72530E-4,6.84633E-6,4.45351E-4,8.01728E-4,4.03998E-4,6.26863E-6,-5.13219E-4,-7.75775E-4,7.00445E-4,2.57228E-4,-1.75248E-3,8.80359E-4,6.14149E-4,-5.82699E-4,-6.84608E-4,1.02379E-3,7.13668E-4,-2.59820E-3,4.10999E-5,-3.60595E-4,5.51982E-5,-2.67137E-3,-3.43825E-3,-8.86417E-4,2.31442E-3,1.44911E-3,2.66449E-3,1.00667E-3,4.20148E-3,1.20792E-2,2.34172E-2,2.14890E-2,-1.69093E-2,-7.59274E-2,-1.42616E-1,-1.85253E-1,-1.28083E-1,-1.40993E-2,5.90946E-2,5.11240E-2,1.64700E-2,-8.64290E-3,-6.63595E-3,-2.01029E-3,1.39633E-3,-1.78348E-3,-1.64037E-3,-7.43991E-4,-1.03197E-3,-2.19848E-3,-2.17030E-3,-4.09772E-3,-7.16732E-3,-2.98974E-3,-1.61514E-3,-4.11851E-3,-4.60954E-3,-3.23449E-3,-6.88004E-3,-3.12247E-3,-2.43979E-3,-4.23168E-3,1.07356E-3,-2.89549E-3,-2.87515E-3,-5.79944E-4,-4.96962E-3,-3.58351E-3,-1.47112E-3,-6.07835E-3,2.69994E-3,1.04315E-3,3.22423E-4,-2.85772E-3,-1.02612E-3,-5.99327E-4,-1.34652E-3,-1.01042E-3,-4.13030E-3,-3.45290E-3,-7.98010E-4,-2.34583E-3,-3.94484E-3,-6.50868E-4,7.55769E-5,1.76604E-3,-8.38614E-4,-2.63438E-3,-4.01884E-3,-4.40158E-3,-1.08788E-3,1.60551E-3,-3.59480E-3,3.31375E-4,-1.40140E-3,3.13265E-3,2.15713E-3,2.81075E-3,-7.63208E-4,3.57609E-4,1.06506E-3,1.95036E-4,1.76325E-3,-1.14123E-3,-2.63410E-3,-1.03160E-3,3.48555E-3,-2.79676E-3,-3.81644E-3,-4.91112E-3,-2.25728E-3,-1.33804E-3,-2.39270E-3,-3.37843E-3,-3.77582E-3,-3.47730E-3,9.63512E-4,1.07708E-3,-1.40873E-3
1.34365E+3,NaN,NaN,NaN,NaN,NaN,-4.85174E-4,1.99675E-3,4.10767E-4,-2.37647E-3,-1.69842E-4,3.00116E-4,6.05469E-4,9.10822E-4,1.44601E-3,2.00839E-3,2.50574E-3,1.31458E-3,1.23415E-4,-6.83551E-4,2.60426E-4,1.20440E-3,1.60740E-3,8.75459E-4,1.43521E-4,-8.89728E-4,-1.79789E-3,-1.35533E-3,-1.40871E-3,-5.18551E-4,1.78543E-3,1.46973E-3,-1.00968E-4,-1.61124E-3,-1.16202E-3,-4.63796E-4,-3.62788E-4,6.57545E-4,3.98828E-4,-7.53276E-4,-2.79161E-3,-4.29056E-3,-7.97197E-4,7.18042E-4,-7.30538E-4,1.52152E-4,-1.11714E-3,1.75608E-4,1.00402E-2,2.47723E-2,1.95430E-2,-1.67765E-2,-7.01496E-2,-1.44006E-1,-1.82490E-1,-1.22427E-1,-1.53459E-2,5.03577E-2,4.85057E-2,1.61269E-2,-8.07774E-3,-6.85329E-3,-1.90939E-3,-2.18469E-3,-3.77941E-3,-3.17181E-3,-3.79413E-3,-4.35100E-3,-3.15236E-3,-2.67154E-3,-4.19812E-3,-4.76542E-3,-3.34103E-3,-3.34168E-3,-4.51993E-3,-4.42065E-3,-4.55666E-3,-5.01488E-3,-3.45797E-3,-4.47503E-3,-3.03550E-3,-7.63836E-4,-2.49664E-3,-1.31465E-3,-9.95835E-4,-3.09748E-3,-2.85844E-3,-4.37195E-3,-3.30645E-3,7.13288E-4,2.12518E-4,-1.06858E-3,-2.11318E-3,-1.31437E-3,-8.05589E-4,-6.89872E-4,-1.71734E-3,-4.48722E-3,-1.67705E-3,-1.81558E-3,-2.02541E-3,-3.26256E-3,5.77535E-4,3.70689E-4,2.28970E-3,8.32747E-4,-1.80330E-3,-4.29412E-3,-3.41370E-3,-2.32024E-3,1.68243E-3,-5.71217E-3,-6.12565E-4,-3.82349E-3,1.08882E-3,3.28157E-3,1.29658E-3,-1.37069E-3,6.35689E-5,1.88218E-4,-6.38014E-4,6.16489E-4,-1.01720E-4,-1.34845E-3,-9.66678E-4,1.87296E-3,-2.91603E-3,-1.99937E-3,-3.62145E-3,-1.56988E-3,-1.56295E-3,-2.92596E-3,-4.38131E-3,-4.71020E-3,-5.07720E-3,2.60651E-4,-1.50368E-3,-2.37573E-3
1.34714E+3,NaN,NaN,NaN,NaN,NaN,-1.14919E-3,3.75839E-4,7.18047E-4,-4.44533E-4,-3.58805E-4,-5.63957E-4,1.32235E-3,2.94893E-3,2.61402E-3,2.27911E-3,1.93267E-3,1.55343E-3,1.17418E-3,8.05477E-4,4.52416E-4,9.93547E-5,-7.20105E-5,-9.19918E-5,-1.11973E-4,1.10306E-4,-5.18573E-4,-1.63514E-3,-1.63538E-3,-6.27910E-4,6.18329E-4,-4.05600E-4,-9.43569E-4,-1.22895E-4,2.12415E-4,5.88766E-5,7.23270E-4,1.70960E-4,8.92013E-4,-1.63842E-3,-2.32739E-3,-2.07095E-3,1.22893E-3,-1.95283E-3,-1.64166E-3,6.00409E-4,-2.14730E-3,-1.87279E-3,7.40993E-3,2.41983E-2,1.67650E-2,-1.23687E-2,-6.20647E-2,-1.43704E-1,-1.70199E-1,-1.09926E-1,-1.26719E-2,4.04089E-2,4.24653E-2,1.02291E-2,-8.29750E-3,-5.77357E-3,-2.33012E-3,-1.80043E-3,-2.15869E-3,-2.83390E-3,-2.44571E-3,-3.60515E-3,-3.32618E-3,-3.19929E-3,-5.60445E-3,-5.51870E-3,-3.27235E-3,-3.44175E-3,-4.32229E-3,-2.63691E-3,-3.53226E-3,-4.07981E-3,-2.12494E-3,-3.01068E-3,-9.33801E-4,-1.64209E-3,-3.26281E-3,-2.00803E-3,-2.70984E-3,-4.72074E-3,-2.26217E-3,-4.27338E-3,-1.64258E-3,-9.11852E-5,1.42142E-4,-2.23425E-3,-1.69544E-3,-1.04769E-3,-1.81210E-3,4.34450E-4,-1.88508E-3,-2.95683E-3,-1.71743E-3,-2.03880E-3,-3.32789E-3,-1.17452E-3,-7.14927E-4,7.49944E-4,1.70227E-3,-5.55360E-4,-4.03946E-3,-2.88328E-3,-3.06899E-3,-7.76016E-4,5.83890E-4,-3.60572E-3,-7.10902E-4,-1.89476E-3,4.53951E-4,-2.52778E-4,-2.02467E-4,-2.26956E-3,-3.89980E-4,-1.53910E-3,-1.99989E-3,1.61668E-3,-1.38015E-3,-1.35399E-3,-6.13508E-4,1.07817E-3,-3.55981E-3,-2.96677E-3,-3.97001E-3,-2.68463E-3,-2.56973E-4,-9.23754E-5,-3.22292E-3,-3.32541E-3,-2.22812E-3,-8.89869E-4,-1.85525E-3,-2.65771E-3
1.35063E+3,NaN,NaN,NaN,NaN,NaN,-1.99680E-4,-4.06807E-4,3.57529E-4,8.58653E-4,5.00549E-4,-1.03976E-3,-6.77897E-4,-1.41211E-4,7.38225E-4,1.61766E-3,1.83496E-3,1.33678E-3,8.38592E-4,5.06205E-4,2.73938E-4,4.16723E-5,-1.65019E-4,-3.63913E-4,-5.62806E-4,-1.79218E-3,-2.07189E-4,-8.99329E-4,-1.85631E-4,-7.56894E-4,2.64037E-3,-8.73673E-4,6.03098E-4,-9.66247E-4,-7.03639E-4,-1.39621E-3,-1.91518E-3,-6.57953E-4,8.60280E-4,-7.56252E-4,-2.87428E-3,-2.49239E-3,-6.13601E-5,-1.45368E-3,5.52415E-5,-1.10282E-3,-2.26696E-3,-1.14028E-4,7.94415E-3,2.68401E-2,1.77433E-2,-4.23809E-3,-5.56308E-2,-1.55120E-1,-1.72731E-1,-1.14565E-1,-1.63583E-2,3.78715E-2,4.29205E-2,9.24091E-3,-1.16870E-2,-3.04996E-3,-2.29969E-3,-2.57729E-3,-1.91237E-3,-2.20916E-3,-4.78168E-3,-4.46157E-3,-2.56603E-3,-3.08941E-3,-4.25931E-3,-4.52197E-3,-1.91782E-3,-3.54384E-3,-5.25185E-3,-2.75681E-3,-4.33546E-3,-2.65569E-3,-1.99055E-3,-2.26174E-3,-1.17701E-3,-2.27726E-3,-2.79469E-3,-1.71872E-3,-3.02011E-3,-3.60526E-3,-2.75464E-3,-4.83658E-3,-8.59913E-4,-2.17165E-3,-1.37654E-3,-2.02037E-3,-2.31819E-3,-5.78094E-4,-1.86479E-3,-1.44971E-3,-2.96888E-3,-1.73511E-3,-1.57597E-3,-2.17244E-3,-4.61508E-3,-2.80054E-3,-1.06105E-3,-1.50122E-3,1.55318E-3,-1.56509E-3,-3.14864E-3,-4.04515E-3,-4.06063E-3,-1.66159E-3,-2.80053E-4,-3.27065E-3,1.16361E-3,-3.85656E-4,-2.32465E-5,-7.33377E-4,-9.67378E-4,-9.01148E-5,8.02266E-4,-1.57736E-3,-1.56880E-3,-3.41925E-4,-2.47363E-3,-1.63101E-3,-2.38090E-3,1.40389E-3,-4.52445E-4,-2.07922E-3,-4.17454E-3,-2.39396E-3,-1.29805E-3,-2.01274E-3,-2.21347E-3,-3.22959E-3,-2.84923E-3,-1.50941E-3,-2.16286E-3,-3.75266E-3
1.35411E+3,NaN,NaN,NaN,NaN,NaN,7.85784E-5,6.26155E-4,7.65928E-4,8.51971E-4,8.56619E-5,-1.76337E-3,-1.78577E-3,-1.13641E-3,4.77005E-5,1.23181E-3,1.19383E-3,6.31201E-4,6.85763E-5,9.63493E-5,2.34493E-4,3.72637E-4,4.79224E-4,5.85343E-4,5.70260E-4,-1.33312E-4,5.96766E-5,5.04385E-6,-4.81858E-4,-4.81193E-4,-6.40893E-4,-1.14187E-3,-2.12358E-4,-5.42607E-4,8.72181E-4,1.53744E-3,-1.59220E-4,8.55114E-4,1.59892E-3,-1.03196E-3,-2.04038E-3,-1.11512E-3,1.55960E-3,-2.33380E-3,-2.27225E-4,3.09999E-4,-5.90611E-4,1.99337E-5,8.88301E-3,2.60743E-2,1.98533E-2,-5.02418E-4,-5.86151E-2,-1.51884E-1,-1.70820E-1,-1.17758E-1,-2.82353E-2,2.65014E-2,4.01062E-2,9.03250E-3,-1.32175E-2,-2.67187E-3,-3.56120E-3,-4.15227E-3,-2.76824E-3,-2.10793E-3,-4.72179E-3,-2.83441E-3,-2.50359E-3,-2.48923E-3,-5.18532E-3,-4.17433E-3,-2.40119E-3,-2.59285E-3,-2.66938E-3,-2.89163E-3,-3.21187E-3,-2.61481E-3,-8.40901E-4,-3.40385E-3,-3.35669E-4,-1.71187E-3,-2.24097E-3,-1.06222E-3,-2.42144E-3,-2.73149E-3,-2.75637E-3,-3.86361E-3,-9.90985E-4,-7.80238E-4,-8.97297E-4,-9.63481E-4,-2.64919E-3,-4.83211E-4,-5.57489E-4,-2.00529E-3,-1.46049E-3,-1.48950E-3,-1.11767E-3,-2.17200E-3,-3.60619E-3,-2.15243E-3,-5.18697E-4,-9.56845E-4,8.67016E-4,-1.04027E-3,-3.81405E-3,-2.31288E-3,-4.02188E-3,-7.56113E-4,-3.16623E-4,-3.09148E-3,-1.69777E-3,-2.09764E-3,-1.77927E-3,4.01078E-4,-1.42845E-3,-1.76103E-3,-1.54320E-3,-2.20408E-3,-2.53579E-3,-1.01030E-3,-2.13080E-3,-3.24512E-3,-9.55674E-4,8.94584E-4,-1.42452E-3,-2.29244E-3,-3.16685E-3,-1.95415E-3,-1.57550E-3,-1.13159E-3,-2.66296E-3,-2.95735E-3,-2.29754E-3,-1.03173E-3,-2.53267E-3,-3.21181E-3
1.35760E+3,NaN,NaN,NaN,NaN,NaN,9.53925E-5,4.17722E-4,2.24505E-4,-5.37597E-4,-1.24154E-3,-1.31247E-4,8.87761E-4,1.04040E-3,9.40026E-4,8.39656E-4,5.25568E-4,1.92094E-4,-1.08695E-4,1.05398E-4,3.19491E-4,4.09437E-4,1.06022E-5,-3.88232E-4,-1.01317E-3,-1.64888E-3,-1.22357E-3,-6.13288E-4,-9.17526E-4,-8.95347E-4,-9.68308E-4,-2.06163E-3,-3.16764E-4,-9.23323E-4,-5.43351E-4,-1.29206E-3,-7.32806E-4,1.77170E-3,5.83417E-4,-1.74655E-3,-2.51880E-3,5.27038E-4,4.79800E-4,-7.95234E-4,6.14492E-4,8.18999E-4,2.70313E-4,1.75049E-3,1.03401E-2,2.39882E-2,2.12210E-2,1.28573E-3,-6.46061E-2,-1.47532E-1,-1.65963E-1,-1.21093E-1,-3.84232E-2,1.99841E-2,3.54446E-2,8.42876E-3,-1.19501E-2,-4.05023E-3,-3.36869E-3,-2.73167E-3,-3.14074E-3,-4.60474E-3,-5.54321E-3,-4.07636E-3,-3.87548E-3,-2.27005E-3,-3.55878E-3,-3.27908E-3,-3.52192E-3,-4.05866E-3,-2.90955E-3,-1.59184E-3,-2.45133E-3,-2.38676E-3,-2.02669E-3,-2.03122E-3,-2.44845E-3,-2.86773E-3,-1.79776E-3,-2.90068E-3,-3.62465E-3,-4.05934E-3,-3.05457E-3,-2.61754E-3,-1.09785E-3,-1.27881E-3,-1.39336E-3,-1.38296E-3,-2.74660E-3,-2.32667E-3,-3.29859E-3,-2.81183E-3,-3.72401E-3,-1.15322E-3,-2.43990E-4,-2.00870E-3,-4.62580E-3,-2.09621E-3,-1.04895E-3,-1.39274E-4,-3.09011E-4,-6.89979E-4,-2.34043E-3,-2.30060E-3,-3.83564E-3,-2.66973E-3,-5.09296E-4,-2.13796E-3,-1.77085E-3,-2.13641E-3,-2.31103E-3,-7.61952E-4,7.26324E-5,-1.94205E-3,-1.57364E-3,-3.07440E-3,-3.59344E-3,-6.55590E-4,-2.79342E-3,-3.76746E-3,-1.95714E-3,-1.11473E-3,-4.84068E-4,-2.96302E-3,-3.18914E-3,-2.59617E-3,-2.95342E-3,-1.50986E-3,-2.02335E-3,-3.01422E-3,-1.89199E-3,-1.57565E-3,-3.17766E-3,-4.04265E-3
1.36109E+3,NaN,NaN,NaN,NaN,NaN,1.69744E-4,-1.25603E-4,-7.18339E-4,7.07433E-5,2.12213E-4,2.42606E-4,3.79478E-4,5.69153E-4,7.59396E-4,8.75690E-4,5.06680E-4,1.37671E-4,-1.92727E-4,-4.21373E-4,-6.50018E-4,-3.24411E-4,7.73087E-4,1.87059E-3,5.58143E-4,-1.49246E-4,-2.15136E-4,-5.44955E-4,-7.04151E-4,-5.85359E-4,-1.70483E-3,-1.52367E-3,-8.52602E-4,-5.49362E-4,3.31889E-4,-4.98962E-4,-2.55392E-4,1.80361E-3,7.27079E-4,-1.31338E-3,-5.72291E-4,5.61968E-4,-1.01531E-3,-9.91827E-4,7.77215E-4,4.98790E-4,2.69955E-4,1.62236E-3,1.16312E-2,2.16076E-2,2.47065E-2,6.93025E-3,-6.32523E-2,-1.34341E-1,-1.56476E-1,-1.18338E-1,-4.39479E-2,1.55670E-2,3.31547E-2,5.84343E-3,-7.59145E-3,-3.15579E-3,-3.16524E-3,-3.18229E-3,-2.89106E-3,-3.54552E-3,-3.26227E-3,-2.23113E-3,-1.19872E-3,-1.03853E-3,-2.95390E-3,-2.77928E-3,-2.50881E-3,-2.72175E-3,-2.01547E-3,-1.79935E-3,-1.47500E-3,2.62736E-5,-5.18175E-4,-1.14849E-3,1.37404E-4,8.65896E-4,-2.20865E-4,-1.72370E-3,-1.91589E-3,-2.44134E-3,-2.64831E-3,-1.70309E-3,-8.01452E-4,-1.11644E-3,-2.24043E-4,-9.13140E-4,-1.45104E-3,-1.29030E-3,-9.88503E-4,-9.80533E-4,-3.19395E-3,-6.30841E-4,-1.33980E-3,-2.59971E-3,-4.25055E-3,-1.32438E-3,-6.51679E-4,-1.90095E-3,-8.30753E-4,-2.52639E-3,-2.41424E-3,-2.22839E-3,-3.29032E-3,1.30464E-4,-1.89796E-3,-2.77610E-3,-1.57461E-3,-1.61906E-3,-4.16327E-4,-9.61450E-4,-6.98629E-4,-4.98506E-4,-8.55864E-5,-2.51325E-3,-3.16973E-3,-2.42415E-4,-9.87774E-4,-2.26998E-3,-1.11617E-3,-1.18003E-3,-1.87188E-3,-1.91557E-3,-2.02281E-3,-1.73419E-3,-1.47333E-3,-1.44096E-3,-1.61620E-3,-3.78699E-3,-1.78044E-3,-8.33095E-4,-3.17233E-3,-3.61354E-3
1.36457E+3,NaN,NaN,NaN,NaN,NaN,2.41917E-4,-1.36591E-3,-9.67255E-4,1.07068E-3,1.41825E-3,-4.00031E-4,-9.37841E-4,-3.37115E-4,2.63611E-4,5.32517E-4,1.73796E-4,-1.84925E-4,-4.49078E-4,-6.14291E-4,-7.79503E-4,-1.00800E-3,-1.27341E-3,-1.53883E-3,-4.05665E-4,-8.66182E-5,-1.08158E-3,-5.79702E-4,-1.23107E-3,7.37845E-4,-9.63015E-4,8.90548E-4,4.32232E-4,5.00735E-4,1.16367E-3,1.62902E-3,1.65782E-3,2.36847E-3,-1.24687E-3,-3.53629E-3,-1.51929E-3,-1.32509E-3,-4.18023E-3,-3.66467E-3,-2.20923E-3,-1.20164E-3,-1.58040E-3,-1.84258E-3,7.31878E-3,1.81339E-2,2.86626E-2,1.25802E-2,-6.21594E-2,-1.28493E-1,-1.63757E-1,-1.26314E-1,-5.04117E-2,1.32431E-2,3.58036E-2,-1.27171E-3,-7.46480E-3,-4.65775E-3,-3.76241E-3,-3.96080E-3,-3.50542E-3,-6.69351E-3,-4.51796E-3,-3.54561E-3,-2.42538E-3,-2.79029E-3,-4.76445E-3,-2.40231E-3,-1.79681E-3,-1.62901E-3,-2.72841E-3,-2.31829E-3,-2.11157E-3,-3.02631E-4,-6.76566E-4,-2.42311E-3,-1.86184E-3,-6.47445E-4,-9.74057E-4,-1.22347E-3,-2.83473E-3,-3.41683E-3,-1.81679E-3,-2.41904E-3,-3.07082E-3,-3.14795E-3,-5.88599E-4,-2.64209E-3,-1.35286E-3,-4.09429E-3,-3.43573E-3,-2.30871E-3,-1.00718E-3,-2.32763E-3,-1.89410E-3,-1.76329E-3,-3.71874E-3,-1.63058E-3,-1.44621E-3,-2.33762E-3,-2.41815E-4,-1.58210E-3,-1.84042E-3,-3.85821E-3,-3.01212E-3,-2.21695E-3,-1.38447E-3,-8.28745E-4,-2.82103E-3,-3.48972E-3,-2.33899E-3,-1.83136E-3,-2.29577E-3,-1.49909E-4,-8.37468E-4,-3.79917E-3,-4.80515E-3,-1.12229E-3,-9.94926E-4,-2.85836E-3,-2.33619E-3,-2.12258E-3,-3.05422E-4,-2.82789E-3,-4.46471E-3,-2.83419E-3,-3.34910E-3,-1.69036E-4,-1.94342E-3,-2.64100E-3,-2.88838E-3,-2.71020E-3,-3.76965E-3,-3.05589E-3
1.36806E+3,NaN,NaN,NaN,NaN,NaN,-9.46899E-4,7.06837E-4,-4.42933E-4,2.20182E-4,-1.31410E-4,1.44714E-4,1.81443E-4,-2.70000E-6,-1.86843E-4,-5.07511E-4,-9.36451E-4,-1.36539E-3,-1.66563E-3,-1.91086E-3,-2.15609E-3,-1.28792E-3,-2.13046E-4,8.61826E-4,-5.35369E-4,-1.37201E-3,-4.79564E-4,1.25820E-5,-3.27708E-3,1.74187E-3,-2.31713E-3,1.40751E-3,7.07930E-4,-2.96627E-4,1.47734E-3,-1.19792E-3,3.15227E-3,3.39929E-3,1.34497E-3,3.07553E-4,-2.20730E-3,-1.86810E-3,-2.76958E-3,-2.82674E-3,-8.94677E-4,-2.83469E-3,-1.79052E-3,-4.46866E-3,5.02499E-3,1.55560E-2,3.26961E-2,1.94684E-2,-5.42240E-2,-1.18366E-1,-1.66814E-1,-1.28692E-1,-5.16465E-2,1.49486E-2,4.65016E-2,-7.38515E-3,-6.25811E-3,-2.42679E-3,-4.06554E-3,-3.37018E-3,-4.46438E-3,-6.61482E-3,-1.42958E-3,-4.51191E-3,-1.42418E-3,-1.05165E-3,-3.50327E-3,-3.33702E-3,-3.46588E-4,-2.66536E-3,-3.87042E-4,-1.64775E-3,-6.09273E-4,-2.83041E-3,1.12738E-3,-2.33839E-3,-1.04344E-3,7.02279E-4,-1.17889E-3,-4.31428E-5,-2.26430E-3,-2.28162E-3,-7.77471E-4,-2.69203E-3,-2.78410E-3,-4.35467E-3,1.84502E-4,-3.54729E-3,-1.74289E-3,-4.60346E-3,-3.78097E-3,-3.89868E-3,-1.49122E-3,-1.73006E-3,-1.72930E-3,-2.78025E-3,-4.38288E-3,-8.83795E-4,-2.04195E-3,-1.91745E-3,-1.71384E-3,-3.21818E-3,-9.05897E-4,-2.30060E-3,-2.72771E-3,-1.83067E-3,-2.60449E-3,-1.03144E-3,-2.71344E-3,-3.13051E-3,-1.38351E-3,-2.53562E-3,-2.60415E-3,-1.23756E-3,-3.85810E-3,-4.10428E-3,-3.89167E-3,-2.73635E-4,-1.30249E-3,-3.23412E-3,-2.90057E-3,-2.76347E-3,-9.87366E-4,-2.19359E-3,-2.57511E-3,-1.00169E-3,-1.80187E-3,-1.11256E-4,-7.75267E-4,-1.77843E-3,-1.50726E-3,-1.04668E-3,-2.15914E-3,-4.62594E-3
1.37155E+3,NaN,NaN,NaN,NaN,NaN,-1.63233E-3,6.80276E-4,-8.89536E-5,1.41640E-3,-1.20469E-3,1.73762E-3,1.68901E-3,7.94933E-4,-9.91493E-5,2.23081E-5,4.50838E-4,8.79369E-4,6.00171E-4,2.51565E-4,-4.50415E-5,5.77546E-4,1.20013E-3,1.14421E-3,-1.08774E-3,-3.13395E-4,1.66335E-3,-2.39389E-4,3.04056E-4,2.39646E-3,-3.19971E-4,1.07721E-3,4.11006E-4,1.78214E-3,1.96282E-3,5.29175E-4,2.13312E-3,2.62894E-3,1.34559E-4,4.69009E-6,5.32806E-4,-1.73409E-3,-1.82904E-3,-1.49644E-3,-8.95713E-4,-1.79228E-3,-1.31441E-3,-2.25349E-3,6.45576E-3,1.76285E-2,3.36981E-2,1.74456E-2,-4.59855E-2,-1.08814E-1,-1.61457E-1,-1.34530E-1,-5.88931E-2,1.15120E-2,4.22778E-2,-1.88783E-3,-7.44370E-3,-1.73094E-3,-2.66760E-3,-3.33375E-3,-5.45143E-3,-5.55098E-3,-2.55796E-3,-3.38140E-3,-7.92870E-4,-2.23976E-3,-3.21965E-3,-1.97196E-3,-8.44047E-4,-2.32309E-3,-7.81052E-4,-9.11430E-4,1.10054E-3,4.69056E-4,5.11296E-6,-3.78317E-3,-1.58034E-3,-1.97010E-4,7.71008E-4,2.55998E-4,-3.19235E-4,-1.21308E-3,-2.61180E-4,-1.54676E-3,-1.76329E-3,-2.16170E-3,7.70620E-4,-2.03126E-3,-1.71693E-3,-3.13242E-3,-2.46537E-3,-1.36110E-3,-7.05074E-4,-2.64135E-3,-1.59051E-3,-1.84702E-3,-4.17423E-3,-1.56860E-3,-1.21279E-3,-1.50895E-3,-1.06441E-3,2.55739E-4,-1.08174E-4,-2.39548E-3,-1.57206E-3,-2.04142E-3,-1.52738E-3,-1.86352E-3,-3.14229E-3,-1.49015E-3,-2.25863E-3,-2.07466E-3,-1.09673E-3,-6.37049E-4,-2.49538E-3,-3.80454E-3,-4.29143E-3,5.05419E-4,9.87146E-4,-1.09914E-3,-1.20422E-3,-2.31662E-3,-3.64359E-4,-2.15899E-3,-3.39578E-3,-1.58460E-3,-1.07119E-3,1.97242E-3,4.52713E-5,-1.30693E-3,4.94270E-5,-1.09874E-3,-2.76907E-3,-3.32083E-3
1.37504E+3,NaN,NaN,NaN,NaN,NaN,-1.39516E-7,-1.72387E-3,-8.43785E-4,1.72200E-3,-7.55055E-5,5.12168E-4,3.16789E-4,2.96877E-5,-2.57413E-4,-2.77603E-4,-2.91295E-4,-3.93633E-4,-1.15168E-3,-1.90973E-3,-2.13128E-3,-8.41205E-4,4.48868E-4,6.82871E-4,-9.79800E-4,-8.50481E-4,1.70912E-5,-2.40515E-3,-1.20121E-3,2.16960E-4,-1.55304E-3,2.33002E-4,1.12283E-3,1.05372E-3,1.19428E-3,1.98278E-4,5.64703E-4,1.81527E-3,9.85827E-5,2.86389E-4,-8.92965E-4,-2.51610E-3,-2.13485E-3,-8.36298E-4,-1.28286E-3,-2.37678E-3,-3.59842E-3,-3.21758E-3,2.72882E-3,1.73543E-2,3.30553E-2,1.60251E-2,-3.65237E-2,-1.07062E-1,-1.60649E-1,-1.35007E-1,-5.95031E-2,1.64171E-2,3.63744E-2,-7.72734E-4,-7.54071E-3,-3.00393E-3,-4.07770E-3,-3.31112E-3,-4.26977E-3,-4.78055E-3,-2.71017E-3,-1.85132E-3,-1.18997E-3,-2.69761E-3,-4.11704E-3,-1.98071E-3,-5.76226E-4,-1.96105E-3,-9.70354E-4,-1.61506E-4,-1.08148E-3,-5.59858E-4,-6.92950E-5,-2.63721E-3,-2.20229E-3,-1.70653E-3,-1.79731E-4,-1.68347E-3,-3.07592E-3,-1.98423E-3,-1.56556E-3,-2.64187E-3,-3.30971E-3,-1.43688E-3,5.98574E-4,-1.40523E-3,-1.73855E-3,-3.39783E-3,-2.42760E-3,-1.86966E-3,-5.21176E-4,-2.46350E-3,-2.68349E-3,-1.24649E-3,-2.33843E-3,-1.00474E-3,-3.75147E-4,-2.83611E-3,-1.51435E-3,-1.24005E-3,-2.58765E-3,-1.74604E-3,-1.53656E-3,-5.40112E-4,-4.71045E-4,-9.74922E-4,-2.82626E-3,-1.74223E-3,-1.42050E-3,-2.13754E-3,-2.40137E-3,4.09591E-4,-2.54496E-3,-3.04199E-3,-4.74285E-3,-1.41955E-3,-3.45732E-4,-3.13857E-3,-2.43733E-3,-3.42537E-3,2.15882E-4,-3.49093E-4,-2.81254E-3,-2.31592E-3,-2.17674E-3,3.29054E-4,-1.57425E-4,-1.42039E-3,-1.19735E-4,-1.96010E-3,-2.66131E-3,-3.74862E-3
1.37853E+3,NaN,NaN,NaN,NaN,-1.76537E-4,-1.13950E-3,5.54181E-4,-1.12611E-3,1.68143E-3,4.91613E-4,-3.07026E-4,-8.11206E-4,-1.31539E-3,-1.66211E-3,-1.30558E-3,-9.49054E-4,-8.47780E-4,-1.27473E-3,-1.70168E-3,-1.78092E-3,-1.46594E-3,-1.15096E-3,-1.05938E-3,-2.70862E-4,-1.01524E-4,-1.07852E-3,-3.01008E-3,-1.09758E-3,-7.79905E-4,1.47995E-4,3.04803E-5,-9.55636E-5,1.27670E-3,8.67706E-4,-7.14894E-4,8.33275E-4,1.06103E-3,-7.03647E-4,-1.00551E-4,-7.50597E-4,-1.89303E-3,-8.04105E-4,-7.90779E-4,-2.15194E-3,-1.44866E-3,-2.11365E-3,-2.10300E-3,2.66233E-3,1.85525E-2,3.34927E-2,1.68131E-2,-3.11434E-2,-1.12194E-1,-1.65727E-1,-1.35931E-1,-5.93803E-2,2.48412E-2,3.16500E-2,-2.67179E-3,-7.84881E-3,-4.63212E-3,-4.19032E-3,-4.16024E-3,-5.54044E-3,-5.39304E-3,-4.64435E-3,-1.55600E-3,-1.28298E-4,-2.47022E-3,-3.88744E-3,-3.08780E-3,-2.53703E-3,-1.71637E-3,-6.52286E-4,5.20396E-4,-3.62069E-4,9.54115E-4,-1.71689E-3,-2.15749E-3,-1.06490E-3,-1.30754E-3,-6.05892E-4,-8.75880E-4,-2.64555E-3,-1.16700E-3,-1.31631E-3,-2.12428E-3,-4.30538E-3,-1.00242E-3,-1.04104E-3,-2.50919E-3,-4.20923E-3,-3.23596E-3,-3.05039E-3,-2.00601E-3,-4.35550E-4,-3.61601E-3,-1.64056E-3,-1.58174E-3,-3.50914E-3,-7.18113E-4,-2.59879E-3,-3.61793E-3,-3.28691E-3,-1.53475E-3,-2.25115E-3,-2.16040E-3,-2.44799E-3,-2.17563E-3,-1.82179E-3,-1.76192E-3,-2.59782E-3,-2.07881E-3,-4.04197E-3,-3.17061E-3,-2.56814E-3,-2.87127E-4,-4.19699E-3,-5.53858E-3,-5.97372E-3,-1.46551E-3,4.85287E-4,-2.66924E-3,-2.18714E-3,-4.12892E-3,-1.66723E-4,-9.84655E-4,-2.51986E-3,-2.68474E-3,-1.82929E-3,3.91387E-4,-4.07266E-4,-2.17829E-3,-1.45363E-3,-3.14673E-3,-3.78141E-3,-4.16669E-3
1.38202E+3,NaN,NaN,NaN,NaN,1.15244E-3,-1.30713E-3,-1.21014E-3,-2.55101E-3,2.21262E-3,2.27909E-3,-7.52347E-4,-7.21373E-4,-6.90398E-4,-5.25273E-4,-1.48516E-4,2.28240E-4,-1.23492E-5,-7.98595E-4,-1.58484E-3,-1.25159E-3,-3.76076E-4,4.99443E-4,-2.52761E-3,-3.77912E-4,2.38085E-4,-1.46568E-3,-2.75561E-3,4.08355E-4,-1.11484E-3,6.79804E-4,-1.09653E-3,-7.76751E-4,2.96779E-3,-7.66344E-5,-9.16754E-4,1.00568E-3,4.51188E-4,6.95802E-4,4.69640E-4,-1.82323E-3,-3.28418E-3,-2.72060E-3,-1.49473E-3,-1.95827E-3,-1.13219E-3,-1.68949E-3,-1.85507E-3,1.96775E-3,2.04072E-2,3.41596E-2,2.08418E-2,-2.28539E-2,-1.17038E-1,-1.75228E-1,-1.39381E-1,-5.69809E-2,3.72258E-2,3.16424E-2,-7.37877E-3,-7.01143E-3,-5.62636E-3,-3.44622E-3,-3.93211E-3,-4.68432E-3,-3.20456E-3,-5.73275E-3,-1.12518E-3,-7.31826E-4,-4.51519E-3,-2.25911E-3,-1.60931E-3,-3.59809E-3,-2.12302E-3,-1.55825E-3,-2.90777E-4,-2.13847E-3,1.00907E-3,-3.50118E-3,-2.71856E-3,-1.33396E-3,-2.27961E-3,-1.97036E-4,-1.63717E-3,-4.27810E-3,3.62369E-4,-1.92206E-3,-2.80834E-3,-6.47503E-3,-4.52155E-5,-2.80473E-3,-2.50050E-3,-4.62432E-3,-2.96514E-3,-3.19315E-3,-1.85200E-4,-8.54610E-5,-4.94815E-3,-3.65738E-3,-2.35160E-3,-3.91867E-3,-2.58707E-3,-2.96191E-3,-3.89269E-3,-2.65593E-3,-1.89326E-3,-1.35846E-3,-1.09090E-3,-2.79576E-3,-3.61606E-3,-2.83450E-3,-1.73872E-3,-2.69610E-3,-2.95861E-3,-3.44426E-3,-2.87235E-3,-1.20751E-3,-9.75307E-4,-3.20879E-3,-5.34406E-3,-5.48104E-3,-1.31714E-3,-1.38220E-3,-2.09605E-3,-3.48255E-3,-4.81108E-3,-1.29020E-3,-2.22939E-3,-2.09248E-3,-2.36911E-3,-1.99536E-3,3.17447E-4,-5.76099E-4,-1.90786E-3,-1.41341E-3,-4.00024E-3,-3.63661E-3,-4.10510E-3
1.38552E+3,NaN,NaN,NaN,NaN,-1.04714E-4,-1.65628E-3,-5.27543E-5,-5.96550E-4,2.57240E-3,7.52947E-4,-1.04791E-3,-8.61535E-4,-6.75160E-4,-5.18401E-4,-3.82111E-4,-2.45822E-4,-1.05041E-3,-2.19564E-3,-3.34088E-3,-2.33426E-3,-1.02595E-3,1.96886E-4,-2.70959E-3,-1.62892E-3,-6.58151E-4,1.73919E-4,-3.22218E-3,1.35398E-3,-8.87144E-4,-4.48907E-4,-6.93445E-4,-6.13616E-4,2.99181E-3,-3.38702E-4,-2.27818E-4,-9.18296E-4,-5.88616E-4,1.05177E-3,-1.02045E-3,-1.56156E-3,-3.39477E-3,-2.82563E-3,-1.40650E-3,-2.56907E-3,-2.11375E-4,-2.33744E-3,-1.18855E-3,3.14186E-3,1.99363E-2,3.61666E-2,3.07341E-2,-1.96279E-2,-1.22832E-1,-1.86758E-1,-1.45379E-1,-5.24963E-2,5.54965E-2,3.56732E-2,-1.68409E-2,-4.81216E-3,-6.62430E-3,-3.34324E-3,-3.12585E-3,-5.31823E-3,-3.70593E-3,-4.71098E-3,-1.88896E-3,-9.86336E-4,-4.12911E-3,-3.40382E-3,-2.69689E-3,-3.48550E-3,-2.34401E-3,-7.45520E-4,-6.97557E-4,-1.80477E-3,2.09975E-3,-3.66069E-3,-2.34885E-3,-1.23053E-3,-2.36452E-3,-1.72124E-3,-3.63031E-3,-3.55203E-3,-2.89186E-4,-3.78939E-3,-2.89284E-3,-4.43243E-3,1.39553E-3,-2.28923E-3,-2.76833E-3,-4.90361E-3,-2.82964E-3,-3.13002E-3,-2.69050E-4,6.65925E-5,-3.37282E-3,-5.06613E-3,-3.65858E-3,-4.00535E-3,-1.15138E-3,-2.65980E-3,-3.96965E-3,-2.76857E-3,-2.06484E-3,-2.29920E-3,-2.32009E-3,-3.13120E-3,-3.45965E-3,-3.09732E-3,-2.34629E-3,-2.78915E-3,-2.13254E-3,-3.06141E-3,-2.94736E-3,-7.91609E-4,-1.72402E-3,-4.52137E-3,-4.94828E-3,-4.26717E-3,-3.50755E-3,-2.76766E-3,-2.88694E-3,-3.69516E-3,-4.25027E-3,1.70080E-4,-2.76799E-3,-3.21512E-3,-2.50070E-3,-2.32594E-3,-1.24030E-3,-7.46889E-6,-1.28200E-3,-7.73531E-4,-2.22157E-3,-1.37535E-3,-2.01033E-3
1.38901E+3,NaN,NaN,NaN,NaN,-8.43825E-4,-1.29559E-3,-2.13018E-4,5.03464E-4,1.20659E-3,1.03544E-3,-3.01804E-4,-2.68948E-4,-2.36091E-4,1.90756E-4,7.20419E-4,1.25008E-3,2.81618E-4,-7.89448E-4,-1.73329E-3,-1.18905E-3,-6.44802E-4,-3.98529E-4,-5.35623E-4,1.10655E-3,7.25572E-4,-1.96492E-4,-9.46257E-4,1.01483E-3,6.15558E-4,-2.96699E-4,-4.68338E-4,7.81274E-4,2.30538E-3,-1.42612E-3,4.70584E-4,2.12670E-3,9.31312E-4,1.31082E-3,-9.70550E-4,-1.84665E-3,-1.34483E-3,-1.52457E-3,-1.97632E-3,-2.06662E-3,-4.66509E-4,-3.32858E-4,2.93284E-4,5.44549E-3,1.95270E-2,3.44833E-2,3.04820E-2,-2.67465E-2,-1.24720E-1,-1.81719E-1,-1.37724E-1,-4.01176E-2,5.13801E-2,3.44070E-2,-1.49027E-2,-5.88501E-3,-4.28713E-3,-2.86906E-3,-3.02006E-3,-5.24200E-3,-2.38867E-3,-3.34638E-3,8.59239E-4,1.01640E-4,-2.87393E-3,-2.56403E-3,-1.86426E-3,-1.37374E-3,-1.06491E-3,-2.94869E-5,1.59053E-3,-1.22363E-3,3.43642E-3,-1.31691E-3,-1.00840E-3,2.39180E-5,-5.99637E-4,-9.01761E-4,-1.06500E-3,9.23879E-6,8.80656E-4,-2.29696E-3,-4.12890E-3,-3.99093E-3,-3.70107E-4,-9.42511E-4,-1.55329E-3,-2.74274E-3,-2.07847E-3,-1.44310E-3,-1.44056E-3,-1.03745E-3,4.35397E-4,-4.73174E-3,-2.91002E-3,-2.35458E-3,-1.18296E-3,-2.58446E-3,-3.72700E-3,-2.02875E-3,-1.72657E-3,-1.44207E-3,-7.49601E-4,-1.97335E-3,-1.56991E-3,-5.45830E-4,-1.00308E-3,-1.53364E-3,-1.70228E-3,-1.68713E-3,-8.02553E-4,-3.48617E-4,-7.62113E-4,-4.60600E-3,-3.37264E-3,-5.54469E-3,-2.44958E-3,-1.97530E-3,-1.32773E-3,-4.92742E-4,-4.48582E-3,-7.19996E-4,-1.22281E-3,-2.12961E-3,-2.16809E-3,-1.85201E-3,2.61854E-4,4.16542E-4,-2.28216E-3,-1.33895E-3,-2.63135E-3,-2.32535E-3,-1.79367E-3
1.39250E+3,NaN,NaN,NaN,NaN,1.07305E-4,-4.41897E-4,1.65534E-4,-3.63319E-5,9.39564E-4,2.33913E-4,-1.64661E-3,-1.71559E-3,-1.78458E-3,-1.58817E-3,-1.38993E-3,-1.20472E-3,-1.10225E-3,-9.99785E-4,-8.38561E-4,-5.25386E-4,-2.12211E-4,-7.04598E-4,-4.47527E-4,1.40084E-3,1.33373E-3,2.44509E-4,1.69603E-4,2.09806E-3,2.58938E-3,1.50259E-3,1.12957E-3,1.19449E-3,8.41886E-4,-2.05075E-4,1.94389E-3,2.26501E-3,2.87023E-4,3.79755E-4,-2.02115E-5,-1.21824E-3,-1.00929E-3,-1.07472E-3,-1.17577E-3,-1.51467E-3,-1.22554E-3,-3.08271E-4,3.78790E-4,5.64505E-3,1.97937E-2,3.57209E-2,2.57540E-2,-3.70010E-2,-1.31367E-1,-1.78913E-1,-1.31651E-1,-2.52575E-2,5.24522E-2,2.69140E-2,-1.29643E-2,-6.13212E-3,-3.41761E-3,-3.01606E-3,-3.77525E-3,-4.15123E-3,-2.71843E-3,-1.59692E-3,4.63177E-4,-1.32034E-3,-2.44569E-3,-2.10375E-3,-3.28863E-3,-1.75969E-3,-1.13338E-4,-1.07282E-4,-1.33309E-4,4.08272E-4,4.52663E-4,-2.26716E-3,-8.46750E-5,-3.68330E-5,-1.02303E-3,-1.08150E-3,-1.36667E-3,-8.40112E-4,-9.37618E-4,-2.52358E-3,-3.71160E-3,-1.07156E-3,4.17381E-4,-1.71676E-3,-1.16945E-3,-1.50604E-3,-2.02024E-3,-1.12985E-3,8.04759E-4,1.70875E-3,4.76316E-4,-4.42724E-3,-1.64922E-3,-3.09266E-3,-5.66360E-4,-9.71774E-4,-2.75552E-3,-7.73392E-4,-8.10639E-4,-2.20934E-3,-1.72029E-3,-1.99579E-3,-1.64427E-3,-1.34783E-3,-1.35198E-3,-1.07481E-3,-1.56939E-3,-2.42545E-3,-2.64711E-3,-2.63392E-3,-1.43610E-3,-2.86440E-3,-3.86248E-3,-4.82168E-3,-1.52385E-3,-7.33767E-5,1.35480E-3,3.96469E-5,-3.83651E-3,-8.87450E-4,-1.53093E-3,-2.39108E-3,-3.03618E-3,-4.03134E-4,-2.43976E-4,-2.97859E-4,-2.63910E-3,-1.14966E-3,-1.97703E-3,-1.12255E-4,-4.99205E-4
1.39600E+3,NaN,NaN,NaN,NaN,-3.67055E-4,1.91649E-4,-2.30847E-4,-1.32651E-4,1.61219E-3,-2.75199E-4,-1.09007E-3,-1.23480E-3,-1.35081E-3,-1.34564E-3,-1.34046E-3,-1.40818E-3,-1.62095E-3,-1.83372E-3,-1.32383E-3,-2.26744E-5,1.27848E-3,-5.85934E-4,-1.24185E-4,2.23414E-3,6.27170E-4,-2.79948E-4,7.53630E-4,2.46094E-3,2.14844E-3,1.10805E-3,1.90012E-4,1.35440E-3,2.82915E-4,-1.77877E-3,1.01509E-3,2.63522E-3,2.16559E-3,4.72246E-4,-1.42729E-3,-8.50173E-4,-8.24273E-4,-1.39668E-3,-9.46929E-4,-1.02480E-3,-2.89610E-4,-5.69257E-4,-3.99082E-4,5.73467E-3,2.06289E-2,3.72430E-2,2.19076E-2,-4.43278E-2,-1.41392E-1,-1.84071E-1,-1.26287E-1,-4.99837E-3,6.17784E-2,1.92069E-2,-1.16756E-2,-6.07342E-3,-2.60477E-3,-2.66908E-3,-3.91054E-3,-3.54788E-3,-4.96911E-3,-2.16882E-3,-1.37565E-3,-3.23791E-3,-3.62945E-3,-2.19831E-3,-9.68934E-4,-7.39102E-4,-7.99836E-4,4.32554E-4,-1.10615E-3,-7.53083E-5,-8.86313E-4,-2.47844E-3,-4.58561E-4,-1.71421E-4,-3.19240E-4,-1.35139E-3,-1.04326E-3,-4.03536E-4,-1.54415E-3,-2.54849E-3,-3.14219E-3,-6.62378E-4,3.63362E-4,-1.09525E-3,-1.77374E-3,2.50960E-4,-6.17000E-4,-9.20281E-4,-5.16691E-4,-1.23057E-3,1.59011E-3,-2.60147E-3,-1.71160E-3,-1.63633E-3,5.91888E-4,-1.48584E-3,-3.24797E-3,-8.13469E-4,-1.03678E-3,-1.76299E-3,-1.29892E-3,-1.66515E-3,-1.48130E-3,-1.64246E-3,-1.98330E-3,-2.05047E-3,-1.67905E-3,-2.75019E-3,-2.50542E-3,-2.45682E-4,-9.12608E-4,-2.28921E-3,-1.15345E-3,-4.48843E-3,-1.64254E-3,-1.13455E-3,-3.53331E-4,-1.47269E-3,-3.90225E-3,-4.36341E-4,-1.33130E-3,-1.90502E-3,-3.27186E-3,3.17229E-4,5.27341E-4,8.75762E-5,-1.92605E-3,-4.71682E-4,-3.63098E-3,-8.29265E-4,-2.99362E-4
1.39949E+3,NaN,NaN,NaN,NaN,1.19199E-3,4.25429E-4,-8.89531E-4,-1.32207E-3,6.07087E-4,-3.71836E-4,-1.65382E-3,-2.22845E-3,-2.41229E-3,-1.98108E-3,-1.54987E-3,-1.34905E-3,-1.35142E-3,-1.35378E-3,-1.09219E-3,-7.03064E-4,-3.13938E-4,-2.18062E-3,-1.92987E-3,8.76880E-5,2.60013E-4,-1.64609E-3,-1.40484E-3,3.70312E-3,1.40430E-3,1.00146E-3,-1.04888E-3,9.65713E-4,-2.40854E-3,-3.40314E-3,1.22585E-3,1.11123E-3,1.62384E-3,-1.52647E-3,-2.56169E-3,-2.31755E-3,-1.19869E-3,-1.50952E-3,-5.07379E-4,-6.21899E-4,-5.58503E-4,9.55408E-4,2.80442E-4,3.79328E-3,1.95167E-2,4.16969E-2,1.91277E-2,-4.66197E-2,-1.51885E-1,-1.90477E-1,-1.22758E-1,1.07344E-2,7.52459E-2,8.11328E-3,-1.38971E-2,-3.27332E-3,-2.57973E-3,-4.31674E-3,-6.15581E-3,-5.06012E-3,-4.67813E-3,-2.27410E-4,-1.13738E-3,-4.62401E-3,-3.77385E-3,-2.82958E-3,-1.57656E-3,-1.92426E-3,-2.99982E-4,1.03495E-3,-2.13617E-3,1.89466E-3,-1.47369E-3,-2.03313E-3,1.39002E-3,-1.82975E-3,-1.76253E-3,-7.21002E-4,-5.03336E-4,-1.87223E-3,-2.43593E-3,-4.31701E-3,-4.29915E-3,-1.34104E-3,-1.15089E-3,-3.29283E-3,-2.77025E-3,-1.65048E-3,-1.44013E-3,-6.93204E-4,-8.73833E-4,-1.41907E-3,1.56332E-3,-1.59540E-3,-1.47579E-3,-1.74852E-3,-2.89495E-4,-2.00957E-3,-1.85094E-3,-1.24658E-3,-2.31719E-3,-2.24125E-3,-6.93762E-4,-1.33917E-3,-1.18396E-3,-1.98453E-3,-3.26541E-3,-3.27271E-3,-2.11465E-3,-1.44156E-3,-1.06355E-3,5.02905E-5,-2.81208E-3,-2.67485E-3,-1.44366E-3,-3.59721E-3,-1.62767E-3,1.36062E-3,1.92561E-3,1.56357E-4,-3.55490E-3,-1.14626E-3,-1.04558E-3,-7.36263E-4,-2.26353E-3,1.32037E-3,-8.80257E-4,-1.53083E-3,-1.35126E-3,-1.65924E-3,-1.52863E-3,4.22455E-4,-6.13686E-4
1.40298E+3,NaN,NaN,NaN,NaN,-2.01698E-4,1.23317E-3,2.89810E-4,-1.73481E-4,1.14498E-4,-5.63594E-4,-1.19071E-3,-1.71562E-3,-1.66268E-3,-1.19786E-3,-7.33040E-4,-1.42706E-4,4.94831E-4,1.13237E-3,1.94538E-3,2.78472E-3,3.54983E-3,-1.50054E-3,6.47090E-4,2.94420E-3,1.08002E-3,4.60355E-4,2.77536E-3,5.02034E-3,5.48593E-4,9.44086E-4,-8.16357E-4,8.10893E-4,-9.12489E-4,-2.13873E-4,3.12376E-3,1.34031E-3,2.85724E-3,-1.71875E-3,-1.53778E-3,8.42382E-5,-9.44814E-5,-2.73449E-4,3.65318E-3,-2.83172E-3,2.40467E-3,2.63184E-4,3.82872E-4,4.08092E-3,1.96989E-2,4.22871E-2,1.74574E-2,-4.72080E-2,-1.63609E-1,-1.95721E-1,-1.14008E-1,3.00732E-2,9.99111E-2,-2.80106E-3,-1.56982E-2,2.63530E-4,-3.21812E-3,-2.57093E-3,-4.63593E-3,-4.35967E-3,-1.47366E-3,3.20667E-4,-2.20394E-3,-3.98770E-3,-1.08638E-3,-5.20360E-4,-1.09928E-3,-8.08049E-4,1.60000E-4,-3.70458E-4,-2.38306E-3,2.33009E-3,8.20379E-5,-2.36526E-3,1.03109E-3,-5.20955E-4,-1.61428E-3,-5.96067E-5,1.72880E-3,-1.70764E-3,-2.80983E-4,-2.65807E-3,-1.30030E-3,2.13273E-4,-3.05779E-4,-2.07963E-3,7.76907E-4,3.08155E-3,4.30966E-4,1.12321E-4,6.09617E-5,-1.22036E-3,1.01671E-3,1.08130E-3,1.84172E-3,-9.59338E-5,2.51371E-3,-1.26362E-3,-1.77374E-3,2.52606E-4,3.23033E-5,-3.15781E-4,3.45062E-4,7.74931E-5,5.15681E-5,-4.89490E-4,-1.41808E-3,-1.23991E-3,-1.33226E-3,-3.67975E-4,-6.27435E-4,1.61510E-3,9.20155E-5,1.50235E-4,4.81279E-4,-1.71083E-3,-1.23915E-3,2.96839E-3,4.55570E-3,8.63946E-4,-3.22263E-3,-3.05010E-5,1.61882E-3,1.77508E-3,-1.86482E-3,2.96104E-3,1.10930E-3,-9.26014E-4,-8.55992E-4,1.46839E-3,1.01924E-3,1.07682E-3,1.17346E-3
1.40648E+3,NaN,NaN,NaN,NaN,-2.57257E-4,1.80805E-3,5.02674E-4,-1.71613E-4,-4.41432E-4,-7.18621E-4,-1.49830E-3,-2.23004E-3,-1.87108E-3,-1.20019E-3,-5.29292E-4,-1.35203E-4,2.34967E-4,6.51471E-4,1.75339E-3,2.85530E-3,2.72964E-3,-7.06399E-4,9.26894E-4,7.96936E-4,-1.10052E-4,4.35299E-4,2.19739E-3,4.56525E-3,3.51278E-4,-3.89608E-4,-8.23948E-4,-9.13693E-4,-1.74753E-3,1.25415E-3,4.82947E-3,7.13283E-4,3.14506E-3,-1.94121E-3,-1.65870E-3,-3.28015E-4,-1.28840E-3,-8.29254E-4,2.75943E-3,3.16368E-6,3.42480E-3,-6.80438E-4,-6.56000E-4,3.44784E-3,1.84490E-2,3.26239E-2,7.85551E-3,-5.33489E-2,-1.59900E-1,-1.91430E-1,-1.01912E-1,3.99564E-2,8.96611E-2,-2.40388E-4,-1.59829E-2,1.75872E-3,-3.96459E-3,-2.97007E-3,-3.46578E-3,-4.97735E-3,-1.98589E-3,-7.26890E-4,-2.93423E-3,-2.94396E-3,-1.29223E-3,-6.31341E-4,-1.18993E-3,-1.61628E-3,1.62869E-4,-7.45045E-4,-3.61054E-3,7.29891E-4,-4.27449E-4,-4.05080E-4,2.45265E-3,-9.47029E-4,-6.84826E-4,-6.29185E-5,1.68081E-3,-2.12873E-3,-1.50737E-3,-3.56688E-3,-1.45067E-3,-3.01537E-4,9.15611E-5,-2.49053E-3,6.38386E-4,3.16648E-3,4.61145E-4,-1.78374E-3,-2.20954E-3,-2.05445E-3,2.87230E-4,1.92781E-3,1.80144E-3,-2.17329E-3,1.22044E-3,-1.61398E-3,-1.65968E-3,-6.86059E-5,-2.15598E-3,-6.83299E-4,7.47957E-4,8.80055E-4,8.84253E-4,-9.60233E-4,-5.61538E-4,-1.53170E-3,-1.29194E-3,-9.26260E-4,-8.63626E-4,1.97652E-3,-1.89476E-3,-1.26200E-3,3.47264E-4,-2.79798E-3,-3.64955E-3,2.74882E-3,5.44673E-3,-1.78277E-3,-3.84049E-3,-1.28724E-3,2.51512E-3,2.35128E-3,-2.23507E-3,2.38725E-3,1.61940E-3,8.47342E-4,6.54838E-4,-1.22337E-3,-6.17382E-4,2.55663E-3,1.94029E-3
1.40998E+3,NaN,NaN,NaN,NaN,1.48530E-3,3.14572E-3,3.15878E-4,-6.19438E-4,-1.77062E-3,-1.87533E-3,-1.94135E-3,-2.23123E-3,-1.57095E-3,-8.81101E-4,-1.77134E-4,6.38029E-4,1.45319E-3,2.12869E-3,2.39732E-3,2.66595E-3,1.71442E-3,-2.26916E-4,7.55720E-4,1.69703E-3,1.46725E-3,2.95344E-3,4.28679E-3,4.80773E-3,8.34944E-4,1.18436E-3,-2.61861E-4,-7.48342E-4,-6.86430E-4,2.11732E-3,2.92019E-3,2.04549E-3,1.21340E-3,-2.60003E-3,-1.95118E-3,-6.97874E-4,-5.89743E-4,1.42578E-3,2.66994E-3,1.24947E-3,2.57383E-3,-6.22121E-4,-1.23202E-3,3.51518E-3,1.93400E-2,2.75619E-2,2.70703E-3,-6.67413E-2,-1.63503E-1,-1.79671E-1,-8.14036E-2,5.73173E-2,8.18535E-2,7.44957E-4,-1.25628E-2,-4.76003E-4,-3.83648E-3,-3.74419E-3,-4.43197E-3,-4.58085E-3,-2.14562E-3,-1.61327E-3,-3.78250E-3,-3.40793E-3,-1.81650E-3,-2.10965E-3,-2.09695E-3,-8.37809E-4,1.28682E-4,-1.27877E-3,-1.60323E-3,9.56440E-4,-3.94295E-4,-4.71416E-4,2.18240E-3,-8.61167E-5,-1.50956E-4,1.62315E-3,6.49553E-4,-1.15898E-3,-9.18008E-4,-1.96133E-3,-1.27311E-3,-3.93007E-4,-2.06710E-4,-1.97565E-3,1.19708E-3,2.62524E-3,7.96704E-4,-1.10324E-3,-2.20749E-3,-1.64775E-3,1.25970E-3,2.52371E-3,3.92848E-3,-3.37496E-4,3.83028E-3,-7.30951E-4,-1.12700E-3,1.17061E-3,-1.45652E-3,-8.34656E-5,1.85195E-3,1.62217E-4,-3.00252E-4,-2.80818E-3,-7.38707E-4,-1.04325E-3,-9.62779E-4,-2.22642E-4,1.41676E-3,3.17041E-3,4.64261E-4,1.49681E-3,2.58940E-3,-9.68347E-4,-2.13117E-3,2.48012E-3,5.39819E-3,-3.29964E-4,-3.17768E-3,1.32115E-3,2.28085E-3,2.50337E-3,-2.40795E-3,4.14466E-3,2.82253E-3,1.44448E-3,1.49586E-3,5.62573E-4,-5.44461E-4,3.50531E-3,3.54593E-3
1.41347E+3,NaN,NaN,NaN,NaN,1.77258E-3,3.44134E-3,2.74565E-4,-7.87335E-4,-1.69414E-3,-2.93953E-3,-1.53017E-3,-7.12278E-4,-1.11382E-4,4.89515E-4,1.27770E-3,2.49591E-3,3.71412E-3,4.22102E-3,3.84526E-3,3.46949E-3,1.47027E-3,6.91145E-5,1.71618E-3,1.90663E-3,2.78669E-3,3.73115E-3,6.99231E-3,4.72023E-3,2.11060E-3,1.14780E-3,-7.01568E-4,-8.30632E-4,7.11291E-4,3.33211E-3,2.25917E-3,3.35815E-3,1.15374E-3,-2.47344E-3,-1.46467E-3,1.00971E-4,9.12552E-5,3.13089E-3,2.16537E-3,2.83425E-3,2.56536E-3,-8.37187E-5,-1.40903E-3,4.67565E-3,2.00787E-2,2.04687E-2,-2.45307E-4,-7.59280E-2,-1.70792E-1,-1.78321E-1,-6.36228E-2,8.27308E-2,7.49696E-2,-1.65254E-4,-6.71113E-3,-7.04906E-5,-2.63821E-3,-2.07513E-3,-2.48872E-3,-1.65178E-3,-1.27304E-3,-3.05138E-3,-3.20242E-3,-1.87500E-3,-1.62362E-3,-1.56831E-3,-1.14732E-3,-2.56645E-4,3.34206E-5,-2.25433E-3,-5.41898E-4,1.47881E-3,-3.86661E-4,1.20176E-3,2.58387E-3,-1.00886E-4,1.09596E-3,3.88867E-3,-6.79391E-4,-1.17275E-3,-1.05189E-3,-1.00736E-3,-1.00589E-3,1.14310E-3,-4.92126E-4,1.59687E-4,4.07182E-3,4.23754E-3,1.61521E-3,4.75882E-4,-1.34768E-3,-1.05368E-3,1.20806E-3,3.63849E-3,6.83223E-3,2.82418E-4,5.69527E-3,-6.87515E-4,8.71993E-4,2.62716E-3,-9.37744E-4,1.68157E-3,2.90797E-3,9.21751E-4,2.15842E-3,-2.13844E-3,9.08088E-4,-1.85102E-3,6.74020E-4,4.26456E-4,9.10609E-4,4.50983E-3,-1.27376E-4,2.25964E-3,4.46505E-3,2.02892E-3,-3.42923E-4,4.03813E-3,6.48892E-3,-3.53762E-4,-2.92707E-3,8.37710E-4,3.90433E-3,5.57775E-3,2.11766E-4,4.82618E-3,2.97895E-3,2.15075E-3,3.00889E-3,2.40714E-3,3.11422E-3,4.67196E-3,7.35982E-3
1.41697E+3,NaN,NaN,NaN,NaN,2.88069E-3,4.31420E-3,3.85851E-4,-2.18422E-3,-2.74871E-3,-1.97842E-3,-1.14006E-3,-6.63134E-4,1.97205E-4,1.05755E-3,2.04578E-3,3.16576E-3,4.28573E-3,4.53006E-3,4.27201E-3,4.01396E-3,1.54579E-3,1.40162E-4,2.11069E-3,2.75471E-3,4.20299E-3,4.09722E-3,8.96567E-3,2.90629E-3,3.43499E-3,9.89419E-4,-2.10560E-3,-2.40744E-3,3.86823E-4,3.51657E-3,1.56901E-3,3.55065E-3,-5.18616E-4,-2.26176E-3,-1.12097E-3,6.27316E-4,4.12167E-4,5.18459E-3,1.34763E-3,3.53649E-3,2.66607E-3,-1.14171E-3,-3.24344E-3,4.64417E-3,1.79582E-2,1.47214E-2,-1.65038E-3,-8.55866E-2,-1.84982E-1,-1.80756E-1,-4.40791E-2,1.13425E-1,6.78349E-2,-7.59539E-3,-3.49096E-3,-3.62055E-3,-3.92074E-3,-2.06406E-3,-3.12079E-3,-1.46603E-3,-3.07408E-3,-5.05888E-3,-4.24825E-3,-2.52641E-4,-8.94791E-4,-7.98100E-4,-1.70674E-3,-6.64892E-4,-9.34141E-4,-1.57679E-3,-3.89147E-5,1.41841E-3,3.04601E-4,2.03391E-3,2.53383E-3,-3.94601E-4,4.10181E-3,5.19896E-3,-2.32142E-3,-1.67578E-4,-1.85875E-3,9.41914E-4,-2.18904E-4,1.84791E-3,-1.67793E-3,1.80213E-3,4.34520E-3,3.79198E-3,1.10549E-3,5.93772E-4,-1.72780E-3,1.92424E-3,2.97102E-3,3.50219E-3,7.58162E-3,3.40382E-4,7.08253E-3,3.28811E-4,1.57491E-3,3.09080E-3,1.89527E-4,8.42064E-4,2.77959E-3,1.52127E-3,4.17752E-3,-1.84169E-3,-1.09214E-4,-2.58889E-3,1.13570E-3,5.62374E-4,1.72415E-3,5.30107E-3,7.71830E-4,2.14233E-3,5.45641E-3,3.02655E-3,2.54399E-4,4.80337E-3,7.48067E-3,-1.18648E-3,-3.31814E-3,6.28180E-4,4.35669E-3,5.69119E-3,1.15651E-4,5.98671E-3,4.46376E-3,3.30370E-3,4.09594E-3,9.89338E-4,1.42175E-3,7.10343E-3,7.95125E-3
1.42047E+3,NaN,NaN,NaN,NaN,3.88034E-3,4.38029E-3,-9.24618E-5,-1.41686E-3,-3.34862E-3,-3.11387E-3,1.53343E-4,1.00993E-3,1.47041E-3,1.93089E-3,3.12765E-3,4.67042E-3,6.21319E-3,5.99914E-3,5.40765E-3,4.81616E-3,1.66674E-3,6.46422E-4,2.04143E-3,2.25646E-3,6.06521E-3,4.38779E-3,9.18631E-3,3.43764E-4,3.15362E-3,1.42656E-3,-2.54691E-3,-2.69997E-3,9.44461E-4,5.23132E-3,2.56985E-3,4.41715E-3,-1.81631E-4,-1.10636E-3,-9.59107E-4,4.83043E-4,1.49674E-3,7.31392E-3,7.89156E-4,5.99077E-3,3.69226E-3,-1.72033E-3,-1.85969E-3,5.31762E-3,1.46234E-2,1.32346E-2,1.00145E-3,-8.90444E-2,-2.00974E-1,-1.88869E-1,-3.19456E-2,1.41558E-1,6.32035E-2,-1.64555E-2,1.52592E-3,-2.88839E-3,-4.63788E-3,-7.71574E-4,-2.95277E-3,1.24152E-3,-3.02156E-3,-6.34363E-3,-4.93332E-3,7.78361E-4,-1.32919E-3,-2.00417E-3,-2.29808E-3,-1.03160E-3,-1.67512E-3,-3.28099E-3,2.08077E-4,5.01903E-3,6.33874E-4,3.77616E-3,5.00053E-3,-1.63959E-3,2.71826E-3,5.90907E-3,-4.02324E-3,1.98785E-3,-2.29497E-3,1.65126E-3,-9.71465E-4,4.03616E-3,-2.25527E-3,2.56967E-3,4.99301E-3,5.36863E-3,6.70565E-4,9.50804E-4,-2.02697E-3,1.84959E-3,2.76450E-3,3.17934E-3,9.13728E-3,1.16312E-3,8.97448E-3,-7.13039E-4,2.66051E-3,4.15602E-3,2.64488E-4,1.44188E-3,2.39204E-3,2.55701E-3,4.41256E-3,-1.88299E-3,2.48944E-3,-1.71632E-3,1.15521E-3,1.47203E-3,2.66359E-3,6.63734E-3,3.87767E-4,3.20879E-3,6.35527E-3,3.15216E-3,3.47685E-4,3.88371E-3,6.50628E-3,1.53637E-4,-1.91629E-3,1.70792E-3,5.66449E-3,5.72504E-3,6.93581E-4,8.41030E-3,4.57994E-3,4.27744E-3,5.55549E-3,2.29192E-3,2.64410E-3,7.04858E-3,9.37489E-3
1.42396E+3,NaN,NaN,NaN,NaN,4.85071E-3,5.04529E-3,-5.03907E-4,-1.72259E-3,-3.30721E-3,-3.49191E-3,7.20275E-4,1.29427E-3,1.46386E-3,1.63345E-3,3.19000E-3,4.96020E-3,6.70646E-3,5.92476E-3,5.14305E-3,3.97425E-3,8.33625E-4,-6.14231E-4,1.45411E-3,2.96673E-3,7.07108E-3,7.06114E-3,8.44830E-3,9.94374E-4,3.50212E-3,9.94790E-4,-2.79627E-3,-1.86002E-3,2.22513E-3,5.64084E-3,1.61074E-3,4.06458E-3,-3.51345E-4,-1.32732E-3,5.95100E-4,5.56939E-4,3.02427E-3,8.22993E-3,2.39472E-3,5.25896E-3,2.90050E-3,-1.87661E-3,-3.42062E-3,3.91455E-3,1.06399E-2,1.21618E-2,-5.62649E-3,-9.56461E-2,-2.00721E-1,-1.79800E-1,-1.67072E-2,1.39227E-1,6.44924E-2,-1.20553E-2,-8.87935E-4,-4.49540E-3,-3.77799E-3,-5.25185E-4,-2.29519E-3,9.14403E-4,-3.74253E-3,-5.79140E-3,-3.38754E-3,7.02560E-4,-1.36436E-3,-1.21424E-3,-1.09129E-3,-3.55282E-4,-2.07681E-3,-2.63844E-3,-2.90536E-4,3.54248E-3,-1.03076E-3,3.97620E-3,3.07087E-3,-5.24029E-4,3.83840E-3,4.82039E-3,-4.49302E-3,1.28177E-3,-2.00666E-4,3.75755E-3,-7.48408E-4,4.94517E-3,2.23802E-4,3.73759E-3,4.04579E-3,4.59722E-3,-2.81839E-4,-1.67407E-4,-1.60954E-3,1.81365E-3,1.07806E-3,2.62323E-3,7.41035E-3,-1.03755E-3,9.21685E-3,-9.80838E-6,2.75641E-3,4.83680E-3,5.17411E-4,1.88498E-3,2.08310E-3,2.74515E-3,4.78258E-3,-1.76811E-3,1.41122E-3,-2.66285E-3,2.01089E-3,1.71540E-4,2.41307E-3,6.56530E-3,2.09969E-4,3.19604E-3,6.46172E-3,4.49879E-3,1.35353E-3,3.13883E-3,5.85703E-3,-1.73051E-3,-2.11665E-3,1.49324E-3,6.47419E-3,5.72785E-3,1.42356E-3,8.49824E-3,4.88505E-3,4.34422E-3,5.73004E-3,2.00514E-3,4.83778E-3,7.30668E-3,9.29036E-3
1.42746E+3,NaN,NaN,NaN,NaN,4.50744E-3,4.21504E-3,-7.25995E-4,-1.87054E-3,-3.69148E-3,-2.60884E-3,7.63741E-4,1.22727E-3,1.61597E-3,2.06514E-3,3.63268E-3,5.20021E-3,6.35418E-3,5.79156E-3,5.22895E-3,3.29629E-3,4.24580E-4,1.47578E-3,2.59372E-3,3.74539E-3,6.13439E-3,6.56788E-3,6.32029E-3,9.41097E-4,2.99056E-3,-3.26831E-5,-2.64778E-3,-2.75954E-4,3.80948E-3,4.42861E-3,2.80304E-3,2.55384E-3,-1.82342E-3,-1.67595E-3,-4.20047E-4,1.03727E-3,4.34062E-3,6.43798E-3,3.13805E-3,4.60144E-3,1.78899E-3,-3.03313E-3,-1.73869E-3,3.45200E-3,8.73887E-3,1.16601E-2,-1.40387E-2,-1.05858E-1,-1.99832E-1,-1.64022E-1,4.82512E-3,1.26281E-1,5.95367E-2,-5.20347E-3,-3.68045E-3,-3.50799E-3,-2.63680E-3,-7.69342E-4,-2.08286E-3,-5.32393E-4,-5.58122E-3,-5.94189E-3,-2.03930E-3,-6.36285E-5,-7.98696E-4,-2.24728E-3,-2.94950E-3,-1.58736E-3,-2.64781E-3,-2.49267E-3,8.12236E-4,2.54173E-3,-3.62070E-5,3.60848E-3,2.40609E-3,-7.00296E-4,3.67787E-3,1.60432E-3,-3.56802E-3,8.88322E-4,5.94089E-4,3.06328E-3,7.70880E-4,3.05557E-3,-3.82608E-5,3.47681E-3,4.16114E-3,2.92806E-3,-7.72182E-5,-1.23794E-3,-1.95692E-3,2.29463E-3,6.30308E-4,2.21597E-3,8.64333E-3,2.46266E-4,8.13142E-3,1.04149E-4,4.21213E-3,3.33678E-3,-4.29270E-4,1.08664E-3,2.99584E-3,1.56067E-3,5.55637E-3,-1.41657E-3,2.07163E-3,-3.42655E-3,2.80254E-3,1.91350E-3,4.11210E-3,8.02393E-3,3.01386E-4,2.13147E-3,5.98357E-3,4.01527E-3,1.20469E-3,4.70018E-3,6.70154E-3,-8.04790E-4,-1.38233E-3,1.35866E-3,4.45079E-3,5.15319E-3,2.71162E-3,8.67264E-3,5.04456E-3,4.08324E-3,4.97689E-3,1.72251E-3,3.71922E-3,7.34129E-3,8.66484E-3
1.43096E+3,NaN,NaN,NaN,-9.40004E-5,4.97647E-3,5.18301E-3,-8.68397E-4,-3.11358E-3,-4.85020E-3,-1.18258E-3,1.34535E-3,1.64664E-3,1.94793E-3,2.53006E-3,4.02830E-3,5.52654E-3,6.29317E-3,5.85325E-3,5.41332E-3,4.04454E-3,1.48806E-3,5.53048E-4,1.70255E-3,5.24047E-3,6.99980E-3,7.65303E-3,4.73505E-3,2.44318E-3,2.75148E-3,-9.07515E-4,-2.67081E-3,6.20470E-4,4.03417E-3,3.02864E-3,1.98845E-3,1.20871E-3,-5.25550E-5,-3.66687E-4,-1.63065E-4,1.35325E-3,5.88366E-3,5.80760E-3,4.59645E-3,5.70382E-3,1.01198E-3,-2.76644E-3,-4.52620E-4,2.85140E-3,9.04347E-3,1.34193E-2,-1.97592E-2,-1.20803E-1,-2.06023E-1,-1.56294E-1,2.25960E-2,1.20074E-1,5.54039E-2,-1.47566E-3,-3.88227E-3,-3.02024E-3,-1.71621E-3,-1.97369E-3,-9.80761E-4,-1.91181E-3,-6.10997E-3,-4.71124E-3,-3.65361E-4,2.79235E-4,-1.68747E-3,-2.15798E-3,-2.00003E-3,-1.95108E-3,-2.18829E-3,-1.56158E-3,2.35489E-3,2.01040E-3,9.67034E-4,3.04418E-3,9.55225E-4,1.69730E-3,5.32253E-3,9.79427E-5,-7.65956E-4,1.60295E-3,2.69026E-3,1.54808E-3,1.67746E-3,1.66080E-3,1.01030E-3,4.14594E-3,4.52094E-3,1.64266E-3,-1.58473E-4,-1.87650E-3,-1.11240E-3,3.15317E-3,-2.78129E-4,1.90082E-3,1.00652E-2,-3.24768E-4,9.39114E-3,7.04737E-4,3.44942E-3,4.28730E-3,-1.33898E-4,2.11149E-3,2.16654E-3,1.24781E-3,6.37796E-3,-1.85955E-3,1.15858E-3,-3.01152E-3,3.21021E-3,1.56562E-3,4.30590E-3,7.21820E-3,5.70671E-4,2.84038E-3,6.97495E-3,5.19989E-3,2.14953E-3,3.80482E-3,5.14938E-3,-9.29007E-4,-7.77663E-4,8.91997E-4,5.29666E-3,5.16471E-3,3.32602E-3,1.01085E-2,6.04161E-3,3.99034E-3,4.40063E-3,1.60423E-3,5.12063E-3,8.72207E-3,9.47358E-3
1.43446E+3,NaN,NaN,NaN,-3.06191E-4,5.09426E-3,4.38810E-3,-1.10981E-3,-2.98856E-3,-3.48872E-3,-1.38740E-3,1.26203E-3,1.39465E-3,1.52726E-3,2.32854E-3,4.06653E-3,5.80451E-3,6.36047E-3,5.98534E-3,5.61020E-3,2.91229E-3,-6.76448E-5,4.63423E-4,1.25343E-3,5.03270E-3,5.62907E-3,6.61084E-3,2.30957E-3,2.04678E-3,1.32587E-3,-3.24230E-3,-3.30821E-3,7.66760E-4,2.96430E-3,3.18531E-4,1.44466E-3,1.57707E-4,-7.54613E-4,-2.50175E-4,1.32432E-3,2.41131E-3,6.55312E-3,3.53232E-3,4.41527E-3,4.64107E-3,-9.73489E-4,-2.31255E-3,9.24525E-4,1.61797E-3,7.94271E-3,1.52849E-2,-2.10922E-2,-1.36952E-1,-2.18313E-1,-1.55172E-1,4.30671E-2,1.21458E-1,4.93665E-2,-3.53521E-3,-4.41945E-3,-3.38407E-3,-3.84925E-5,-2.24018E-3,-3.90002E-4,-3.51686E-3,-6.77098E-3,-4.99749E-3,-2.46602E-4,-9.93580E-4,-1.63810E-3,-2.44153E-3,-3.29622E-3,-3.51582E-3,-2.31401E-3,-2.79756E-3,2.56233E-3,-2.52305E-4,2.52131E-4,2.58625E-3,-1.24022E-3,1.41271E-5,4.40185E-3,-2.62180E-3,3.59365E-4,5.91841E-5,2.90400E-3,-9.33685E-4,2.13593E-3,7.65927E-4,1.02970E-3,2.80590E-3,4.16611E-3,1.79709E-4,-7.80893E-4,-2.73441E-3,-5.83529E-4,2.89683E-3,-1.74148E-3,5.20738E-4,8.04335E-3,8.67200E-4,7.69547E-3,1.26003E-3,5.08029E-3,2.76672E-3,-1.02922E-3,3.31085E-4,1.84518E-3,1.72805E-3,6.23646E-3,-2.97799E-3,2.11590E-3,-2.36676E-3,2.95308E-3,1.71845E-3,3.87362E-3,5.91017E-3,-7.09797E-4,3.30685E-3,5.53355E-3,3.88619E-3,1.54157E-3,3.72477E-3,5.67068E-3,-1.63679E-3,-1.50062E-3,-1.31796E-4,4.32482E-3,4.89709E-3,2.79565E-3,7.47687E-3,2.87386E-3,2.80822E-3,3.87219E-3,1.15879E-3,4.64119E-3,6.93757E-3,7.60718E-3
1.43796E+3,NaN,NaN,NaN,1.96317E-4,5.22040E-3,3.41841E-3,-1.50649E-3,-2.96086E-3,-2.86179E-3,-1.08774E-3,1.93874E-3,2.14468E-3,2.35063E-3,3.16603E-3,4.39283E-3,5.61963E-3,5.65261E-3,5.26584E-3,4.87906E-3,2.15210E-3,-5.98702E-4,1.10201E-3,1.75595E-3,6.05404E-3,5.92989E-3,6.70400E-3,6.17009E-4,1.37652E-3,1.20194E-3,-3.41382E-3,-1.91959E-3,7.46851E-4,3.62815E-3,9.52147E-4,2.42034E-3,2.14878E-4,2.76091E-4,2.86642E-4,2.24894E-3,2.01122E-3,6.67477E-3,2.58971E-3,5.37892E-3,4.12865E-3,-1.37071E-3,-1.80252E-3,2.54591E-3,1.64548E-4,8.97229E-3,1.67087E-2,-2.17789E-2,-1.51470E-1,-2.30515E-1,-1.54556E-1,6.64446E-2,1.32315E-1,4.48784E-2,-9.72677E-3,-1.58458E-3,-2.96490E-3,1.03970E-3,-3.18478E-3,1.08781E-3,-4.14018E-3,-7.16019E-3,-3.86000E-3,-1.77675E-4,-1.22970E-3,-1.63198E-3,-3.34367E-3,-3.90349E-3,-3.80148E-3,-1.72977E-3,-2.86958E-3,3.67270E-3,-7.29557E-4,1.03270E-3,2.87159E-3,-1.50557E-3,1.56406E-3,5.56904E-3,-4.76504E-3,2.81236E-3,3.27090E-4,5.52464E-3,-2.35289E-3,2.98109E-3,9.39267E-4,2.48976E-3,1.78542E-3,3.21658E-3,-1.17915E-3,-9.34148E-4,-3.62083E-3,-2.63546E-4,3.62763E-3,-3.06044E-4,9.67808E-4,7.27097E-3,7.61612E-4,8.35669E-3,2.31421E-3,4.87833E-3,2.44145E-3,-1.85112E-4,7.06622E-4,2.45422E-3,3.04921E-3,4.57511E-3,-2.54505E-3,3.31929E-3,-2.30343E-3,2.85224E-3,2.82934E-3,4.89415E-3,4.26204E-3,-8.76741E-4,3.13908E-3,6.28778E-3,3.46931E-3,2.26954E-3,4.47062E-3,5.56502E-3,-1.24626E-4,3.77118E-4,1.67425E-4,4.36995E-3,4.47696E-3,3.14651E-3,7.73348E-3,3.34722E-3,3.02355E-3,3.77501E-3,1.33198E-3,5.23461E-3,7.08855E-3,6.57068E-3
1.44146E+3,NaN,NaN,NaN,1.37884E-3,4.38333E-3,3.25435E-3,-1.45725E-3,-2.95196E-3,-3.64929E-3,-5.45525E-4,2.52475E-3,2.73043E-3,2.93612E-3,4.02696E-3,5.37318E-3,6.71940E-3,5.97670E-3,5.04977E-3,4.01706E-3,1.46748E-3,3.72003E-4,8.61139E-4,1.50291E-3,7.77765E-3,6.15312E-3,7.05058E-3,4.88515E-4,2.40201E-3,1.15676E-3,-3.64728E-3,8.92522E-5,1.96420E-3,4.32302E-3,1.16913E-3,2.44244E-3,-3.75709E-4,9.59480E-4,1.28406E-3,2.60443E-3,3.21773E-3,8.18229E-3,3.93865E-3,5.49751E-3,4.71727E-3,-1.41962E-3,-6.54096E-4,3.83336E-3,7.27045E-4,1.11731E-2,1.80803E-2,-2.48715E-2,-1.59763E-1,-2.36911E-1,-1.54655E-1,7.39370E-2,1.39845E-1,4.46257E-2,-1.69409E-2,2.40050E-3,-1.81534E-3,2.65202E-3,-2.37871E-3,2.25298E-3,-5.99546E-3,-6.44619E-3,-2.37989E-3,1.42647E-3,-8.21575E-4,-1.89980E-3,-2.42112E-3,-2.81529E-3,-3.45250E-3,-6.32213E-4,-1.37214E-3,4.38195E-3,-1.12770E-3,4.11440E-4,4.10952E-3,-2.08992E-3,1.49822E-3,5.47064E-3,-5.21631E-3,3.76214E-3,4.04211E-4,5.27403E-3,-2.59898E-3,4.02736E-3,1.75384E-3,3.36577E-3,2.42720E-3,4.57636E-3,-5.31833E-4,-5.31482E-5,-4.51235E-3,8.71086E-5,4.33071E-3,-4.04970E-4,1.07197E-3,6.13860E-3,1.78452E-3,7.32098E-3,3.76948E-3,5.24184E-3,2.03591E-3,1.04550E-3,1.02643E-3,2.33567E-3,2.45362E-3,4.96675E-3,-2.72925E-3,3.05189E-3,-1.10161E-3,3.42694E-3,2.65492E-3,4.95293E-3,4.78728E-3,-1.24965E-5,3.72718E-3,6.76611E-3,4.08522E-3,3.06815E-3,3.60199E-3,5.38260E-3,5.70151E-4,2.36578E-3,6.72006E-4,4.91735E-3,4.36889E-3,3.48379E-3,8.32599E-3,4.09014E-3,2.24328E-3,4.41173E-3,2.63321E-3,6.59325E-3,6.60593E-3,6.96446E-3
1.44497E+3,NaN,NaN,NaN,6.78549E-4,4.05191E-3,2.60654E-3,-1.76760E-3,-2.79553E-3,-2.36484E-3,4.38527E-4,2.64992E-3,3.01799E-3,3.38607E-3,4.34057E-3,5.32347E-3,6.12762E-3,5.26098E-3,4.39435E-3,3.21337E-3,1.21294E-3,3.22486E-4,9.55773E-4,2.10517E-3,5.40557E-3,4.62975E-3,4.31997E-3,5.75589E-4,2.28626E-3,2.17353E-4,-3.55540E-3,-6.91099E-4,9.18766E-4,1.57360E-3,9.15251E-4,1.12369E-3,4.97708E-4,2.21762E-3,2.15738E-3,3.43117E-3,3.45818E-3,5.58416E-3,3.30535E-3,5.74805E-3,3.75208E-3,-1.46474E-3,9.55158E-4,3.60034E-3,1.05234E-3,1.08281E-2,1.29745E-2,-4.00586E-2,-1.63537E-1,-2.27190E-1,-1.34520E-1,6.76863E-2,1.29617E-1,4.46696E-2,-1.53193E-2,1.24152E-3,-8.25300E-4,1.16753E-3,-1.33235E-3,2.41907E-4,-6.15216E-3,-5.87346E-3,-1.18457E-3,1.04896E-3,-1.33932E-3,-2.51100E-3,-3.01671E-3,-4.25892E-3,-3.83314E-3,-1.67723E-3,-1.60977E-3,3.05443E-3,-1.88003E-3,8.70141E-4,2.41443E-3,-1.48710E-3,1.84606E-3,2.81933E-3,-3.65598E-3,3.50678E-3,2.50576E-3,3.04180E-3,-2.00035E-3,2.41144E-3,2.41686E-3,3.02921E-3,1.92546E-3,1.51270E-3,-1.66815E-3,-2.20070E-3,-3.44242E-3,1.75734E-4,3.83707E-3,3.90348E-4,1.93552E-3,5.47811E-3,1.97077E-3,5.71616E-3,3.66012E-3,4.55037E-3,2.07706E-3,7.33623E-4,-5.76743E-4,1.17661E-3,2.68343E-3,5.36324E-3,-1.80808E-3,2.08748E-3,-1.18088E-3,3.07149E-3,2.72622E-3,4.73687E-3,3.46264E-3,-3.66712E-4,3.98725E-3,5.74469E-3,4.04274E-3,2.80275E-3,2.68523E-3,4.21794E-3,9.70194E-4,2.46029E-3,9.31803E-5,3.80895E-3,3.35108E-3,2.32182E-3,6.70414E-3,2.85464E-3,2.05109E-3,2.63455E-3,2.29250E-3,6.94216E-3,6.38355E-3,5.39493E-3
1.44847E+3,NaN,NaN,NaN,1.09430E-3,4.06760E-3,1.99441E-3,-1.59984E-3,-2.75245E-3,-2.37712E-3,6.41416E-4,2.22935E-3,1.94883E-3,1.85401E-3,3.00057E-3,4.14712E-3,4.86322E-3,4.43290E-3,4.00259E-3,2.27832E-3,-1.41793E-4,-2.28695E-4,4.34998E-4,2.55133E-3,5.10974E-3,5.15053E-3,3.00605E-3,-1.11270E-4,5.78963E-4,-2.26387E-3,-4.04045E-3,-6.36797E-4,9.16557E-4,6.12438E-4,-3.07157E-4,-3.40690E-4,6.89427E-5,1.08578E-3,1.01657E-3,2.26669E-3,3.62034E-3,4.30339E-3,2.38700E-3,3.85248E-3,1.34305E-3,-2.35272E-3,1.84676E-3,2.04483E-3,1.56537E-3,1.17022E-2,1.02386E-2,-5.21819E-2,-1.69205E-1,-2.25413E-1,-1.20943E-1,6.71773E-2,1.21525E-1,3.85017E-2,-1.21725E-2,-4.37228E-4,-9.53393E-4,-4.86179E-4,-6.41414E-4,-1.03414E-3,-7.35348E-3,-5.59830E-3,-7.94442E-4,-2.73007E-4,-2.31401E-3,-3.27010E-3,-4.82355E-3,-5.57421E-3,-4.27833E-3,-3.40244E-3,-7.59210E-4,1.40080E-3,-2.31411E-3,-1.08907E-4,-4.62016E-4,-2.32705E-3,1.61677E-3,-2.07565E-4,-2.83581E-3,1.42283E-3,2.21306E-3,1.66443E-3,-1.12170E-3,2.01647E-3,1.82579E-3,1.85503E-3,8.95881E-4,-1.18131E-4,-2.18840E-3,-3.65275E-3,-4.37143E-3,-4.04503E-4,2.80580E-3,4.07197E-5,9.92895E-4,4.15272E-3,4.79162E-4,5.17273E-3,2.83141E-3,3.48709E-3,7.04233E-4,-1.29846E-3,-9.82281E-4,3.50878E-4,2.77787E-3,3.54388E-3,-2.80728E-3,1.59743E-3,-1.15091E-3,1.74606E-3,2.61015E-3,3.82566E-3,2.16382E-3,-1.43171E-3,3.22130E-3,5.06677E-3,3.87824E-3,2.87633E-3,2.99945E-3,3.31917E-3,-3.92900E-4,2.57066E-3,-1.75839E-3,2.55814E-3,1.80304E-3,1.88621E-3,5.81256E-3,1.88435E-3,1.38950E-3,1.63021E-3,6.20495E-4,5.13140E-3,4.51380E-3,4.82026E-3
1.45197E+3,NaN,NaN,NaN,1.07346E-3,3.58051E-3,1.82353E-3,-1.38923E-3,-2.49252E-3,-2.37336E-3,1.04883E-3,2.65509E-3,2.64442E-3,2.89815E-3,3.75406E-3,4.60997E-3,4.61774E-3,3.58033E-3,2.54291E-3,1.31854E-3,-1.83498E-4,-2.73242E-4,1.16915E-5,3.14664E-3,4.87164E-3,4.37421E-3,9.04507E-4,5.27404E-4,1.05448E-3,-2.35777E-3,-2.67949E-3,-6.60161E-4,4.39685E-4,1.00175E-4,6.25454E-4,-2.06005E-4,1.50684E-3,2.31669E-3,2.08440E-3,2.12314E-3,3.66311E-3,3.68085E-3,3.16130E-3,4.58695E-3,4.39208E-4,-1.07156E-3,2.13650E-3,4.37923E-4,2.12280E-3,1.43148E-2,1.27554E-2,-5.99120E-2,-1.77990E-1,-2.30140E-1,-1.08133E-1,7.75812E-2,1.19080E-1,2.90375E-2,-6.99391E-3,-5.51184E-4,6.60200E-4,-6.22619E-4,-2.51338E-4,-2.66164E-3,-6.22011E-3,-4.30103E-3,-9.52018E-4,-2.03613E-3,-3.39294E-3,-3.13461E-3,-4.14795E-3,-4.99975E-3,-3.14569E-3,-3.69446E-3,3.92500E-4,3.79194E-4,-2.09426E-3,7.69984E-5,-1.39662E-3,-1.75144E-3,2.31958E-3,-2.02002E-3,-6.41337E-4,2.06983E-3,3.70312E-3,-6.49468E-4,-5.97872E-4,1.43497E-3,2.58984E-3,2.21603E-3,1.59547E-3,-1.40003E-3,-2.75761E-3,-4.56725E-3,-3.52637E-3,1.22519E-4,3.67577E-3,6.00462E-4,5.28297E-4,3.12943E-3,9.35888E-4,4.79061E-3,3.28370E-3,3.88643E-3,9.41853E-4,-1.60265E-4,-9.34025E-4,-4.73596E-5,2.16471E-3,3.33779E-3,-2.34618E-3,1.04956E-3,-1.41044E-3,2.24151E-3,2.94670E-3,4.04070E-3,1.88214E-3,1.66911E-4,3.15130E-3,5.61161E-3,2.94782E-3,2.98501E-3,2.55989E-3,2.20065E-3,6.12444E-4,3.23995E-3,-1.48785E-3,2.97619E-3,1.90435E-3,1.35868E-3,4.76477E-3,1.35232E-3,5.86270E-4,1.41426E-3,7.00238E-4,4.92608E-3,4.48454E-3,3.78611E-3
1.45547E+3,NaN,NaN,NaN,1.40291E-3,3.21416E-3,1.25428E-3,-1.11299E-3,-2.18355E-3,-2.08692E-3,7.60499E-4,2.74514E-3,2.93275E-3,3.31763E-3,3.91729E-3,4.51696E-3,4.01832E-3,2.85107E-3,1.68382E-3,5.58856E-4,1.96602E-6,-1.20486E-4,-2.07539E-4,3.80735E-3,4.38659E-3,4.10172E-3,2.82371E-4,4.60502E-4,5.91413E-4,-2.90719E-3,-1.09776E-3,-1.34046E-4,6.12392E-4,-5.88725E-4,-1.10009E-4,-2.88684E-4,2.41123E-3,1.67294E-3,2.51384E-3,2.09035E-3,4.03840E-3,3.60901E-3,3.35699E-3,4.14029E-3,-4.74544E-4,-3.76199E-5,2.79616E-3,-4.91847E-4,1.93859E-3,1.60170E-2,1.47042E-2,-6.52869E-2,-1.86144E-1,-2.37699E-1,-9.83795E-2,9.28523E-2,1.17182E-1,1.43887E-2,-2.53439E-3,-2.23108E-3,7.46230E-4,-1.48898E-3,2.83623E-4,-3.97346E-3,-7.12447E-3,-3.88933E-3,-4.67393E-4,-1.89152E-3,-2.52549E-3,-2.35490E-3,-4.62631E-3,-5.48723E-3,-2.92807E-3,-4.52609E-3,1.81252E-3,-1.07471E-3,-2.25356E-3,4.69474E-4,-2.31428E-3,-2.44737E-3,2.50424E-3,-3.84187E-3,1.38210E-3,1.39551E-3,4.14947E-3,-2.21829E-3,3.38026E-4,6.95378E-4,2.46888E-3,1.85014E-3,8.39592E-4,-2.53663E-3,-2.58968E-3,-5.36995E-3,-2.51345E-3,5.45735E-4,4.21464E-3,1.42440E-3,7.67078E-4,2.52634E-3,6.37650E-4,3.52098E-3,2.96470E-3,2.58041E-3,1.42497E-4,-1.15314E-3,-2.03740E-3,-1.94179E-4,2.43037E-3,2.23851E-3,-1.57438E-3,1.31357E-3,-7.76425E-4,2.70698E-3,2.94251E-3,3.00904E-3,8.29372E-4,-4.00276E-5,3.15173E-3,4.36501E-3,2.88637E-3,2.53256E-3,1.76148E-3,2.87106E-3,6.15887E-4,3.42077E-3,-1.60303E-3,2.02527E-3,1.39144E-3,8.69256E-4,4.65173E-3,1.55003E-4,9.86020E-5,1.02280E-3,-8.48361E-5,4.88167E-3,4.29205E-3,3.42670E-3
1.45898E+3,NaN,NaN,NaN,1.48397E-3,2.99125E-3,1.00371E-3,-1.10389E-3,-2.44144E-3,-1.67496E-3,1.70534E-3,3.24489E-3,3.13099E-3,3.47585E-3,4.06662E-3,4.65738E-3,4.04240E-3,3.11443E-3,2.18645E-3,8.85476E-4,-2.48160E-4,2.14016E-4,-5.35645E-5,4.35236E-3,4.68047E-3,4.43448E-3,-3.13395E-4,6.43913E-4,1.19531E-3,-3.36391E-3,-6.29845E-5,-1.62454E-5,1.30240E-3,-6.32216E-4,-3.22102E-5,-2.44172E-4,3.77133E-3,1.61494E-3,3.50617E-3,1.37127E-3,4.45036E-3,2.74884E-3,2.64866E-3,3.28928E-3,-1.54841E-3,1.22508E-3,4.60727E-3,-1.03950E-3,1.45255E-3,1.76170E-2,1.84870E-2,-6.82126E-2,-1.97465E-1,-2.53707E-1,-9.42420E-2,1.12597E-1,1.23265E-1,2.74360E-4,-1.23592E-3,-2.49303E-3,2.35670E-3,-2.56601E-3,1.08705E-3,-4.28483E-3,-6.76269E-3,-2.63368E-3,-4.77946E-5,-2.25618E-3,-2.09978E-3,-3.33889E-3,-5.48205E-3,-5.56458E-3,-2.26365E-3,-3.97058E-3,3.41465E-3,-1.46867E-3,-2.29095E-3,1.16370E-3,-2.12093E-3,-1.91516E-3,3.20605E-3,-5.36388E-3,3.00384E-3,1.56620E-3,4.99659E-3,-3.64540E-3,1.77870E-3,1.36599E-3,3.03349E-3,1.40372E-3,1.16171E-3,-3.54481E-3,-2.95453E-3,-5.31140E-3,-2.13623E-3,6.10566E-4,4.45112E-3,2.17144E-3,4.33441E-4,2.74890E-3,1.62533E-3,3.60640E-3,3.73416E-3,3.39297E-3,8.87285E-4,-6.79208E-4,-1.68841E-3,3.44590E-4,2.92675E-3,2.22037E-3,-1.12092E-3,1.61448E-3,-2.92027E-4,2.50826E-3,2.92814E-3,2.83183E-3,7.61133E-4,1.51549E-4,4.03782E-3,4.57561E-3,2.35547E-3,2.22807E-3,2.08027E-3,2.29618E-3,1.09356E-3,4.28780E-3,-1.26985E-3,2.09018E-3,8.74728E-4,1.60701E-3,4.40257E-3,2.70609E-5,1.61291E-4,7.56650E-4,6.11931E-5,4.55798E-3,3.70119E-3,2.67323E-3
1.46248E+3,NaN,NaN,NaN,1.65772E-3,2.76546E-3,4.70391E-4,-8.70049E-4,-1.94527E-3,-1.47466E-3,1.04945E-3,2.26707E-3,2.30159E-3,2.78956E-3,3.37569E-3,3.96182E-3,3.21357E-3,2.41679E-3,1.63831E-3,1.01528E-3,5.00521E-4,5.72894E-4,6.95741E-4,3.90479E-3,3.60415E-3,2.73239E-3,-4.33829E-4,1.06975E-3,4.69738E-4,-2.88589E-3,3.27092E-4,-1.97422E-4,8.54396E-4,-4.36143E-4,-2.69286E-4,-3.17213E-5,5.15347E-3,2.30327E-3,3.84681E-3,2.22702E-3,4.32025E-3,2.72696E-3,3.44761E-3,3.25804E-3,-1.09060E-4,3.35832E-3,4.36811E-3,-2.04912E-4,9.29066E-4,1.77236E-2,1.56120E-2,-6.93975E-2,-1.98359E-1,-2.49569E-1,-9.08462E-2,1.12835E-1,1.17810E-1,8.21401E-4,-2.39839E-3,-1.92423E-3,2.42070E-3,-1.96654E-3,8.95416E-4,-4.97756E-3,-5.41774E-3,-8.89269E-4,2.42881E-4,-2.33856E-3,-2.36231E-3,-2.65000E-3,-5.80494E-3,-5.34220E-3,-2.59071E-3,-3.96837E-3,2.90599E-3,-2.11097E-3,-2.36166E-3,7.55050E-4,-3.29302E-3,-1.39114E-3,2.20011E-3,-4.55655E-3,2.94561E-3,1.80980E-3,3.76177E-3,-2.97490E-3,1.94937E-3,1.85709E-3,2.97091E-3,1.89004E-3,1.50356E-4,-2.99631E-3,-3.03587E-3,-6.24234E-3,-2.41442E-3,5.05025E-4,3.80976E-3,1.68689E-3,2.61780E-4,1.93959E-3,1.07405E-3,2.89601E-3,3.32815E-3,3.16402E-3,1.36845E-3,-3.29909E-4,-1.46209E-3,4.67423E-4,2.73546E-3,1.77814E-3,-3.98542E-4,1.67394E-3,2.58251E-4,2.61748E-3,2.96606E-3,2.22161E-3,3.75199E-5,3.17813E-4,3.03104E-3,3.70058E-3,2.63061E-3,2.70930E-3,6.36874E-4,2.25542E-3,9.96694E-4,5.17598E-3,-1.59268E-3,1.62705E-3,8.46475E-4,1.05197E-3,3.82771E-3,-1.60781E-4,-1.41115E-4,1.81496E-4,-8.77700E-4,3.69272E-3,3.38335E-3,2.30694E-3
1.46599E+3,NaN,NaN,NaN,1.26892E-3,2.57246E-3,6.29997E-4,-9.52845E-4,-2.20386E-3,-1.00899E-3,1.98329E-3,2.88049E-3,2.76532E-3,3.19555E-3,3.63033E-3,3.89083E-3,3.03082E-3,2.17080E-3,1.09938E-3,-3.28958E-4,-9.04232E-4,-4.30029E-4,1.14609E-3,3.56211E-3,3.40736E-3,2.54289E-3,-2.99345E-4,4.89216E-4,5.55448E-5,-2.03112E-3,1.29058E-4,-9.62114E-6,4.98794E-5,-4.52148E-4,-1.40918E-4,1.13050E-3,4.18285E-3,2.28994E-3,3.17696E-3,2.05135E-3,3.12631E-3,2.79471E-3,3.52646E-3,3.54628E-3,4.32395E-4,4.03309E-3,3.81322E-3,-1.62915E-3,1.46268E-3,1.85296E-2,9.73487E-3,-7.53654E-2,-1.99946E-1,-2.35560E-1,-7.95878E-2,1.02977E-1,1.01943E-1,7.30491E-3,-4.51926E-3,-1.01705E-3,1.28589E-3,-4.00943E-4,4.41533E-5,-5.25013E-3,-4.26172E-3,-2.24117E-4,-2.60315E-4,-2.17353E-3,-1.56325E-3,-2.80746E-3,-5.33470E-3,-3.81095E-3,-1.44434E-3,-1.98522E-3,1.84433E-3,-2.21196E-3,-2.01395E-3,-4.52617E-4,-2.85761E-3,-1.05092E-3,4.84704E-4,-3.26088E-3,2.96176E-3,2.41668E-3,1.77757E-3,-2.19477E-3,1.75493E-3,2.28007E-3,2.90769E-3,1.73188E-3,-2.41757E-4,-2.51747E-3,-3.06761E-3,-5.05443E-3,-1.81920E-3,9.01803E-4,1.76971E-3,2.10639E-3,4.36096E-4,1.65842E-3,1.38213E-3,3.11075E-3,3.59708E-3,2.77416E-3,3.41428E-4,-8.86873E-4,-1.20693E-3,3.60075E-4,2.88514E-3,9.79880E-4,-4.83848E-4,1.60221E-3,3.78769E-4,2.90796E-3,3.47182E-3,2.25714E-3,-4.36154E-4,3.71848E-4,3.81131E-3,3.68262E-3,2.10588E-3,2.54323E-3,7.32302E-4,1.55180E-3,8.51349E-4,5.46407E-3,-1.34441E-3,1.23857E-3,7.15982E-6,1.32717E-3,3.57943E-3,-1.73227E-4,-6.73121E-4,-1.51898E-4,-1.78119E-4,4.12343E-3,3.38908E-3,1.85693E-3
1.46949E+3,NaN,NaN,NaN,1.31999E-3,2.18947E-3,-1.49025E-4,-7.93240E-4,-1.85479E-3,-4.09039E-4,1.86832E-3,1.42633E-3,1.09437E-3,1.75809E-3,2.42181E-3,2.59301E-3,1.63130E-3,6.69596E-4,-2.95078E-4,-8.26829E-4,-6.60416E-4,-4.59789E-4,9.84985E-4,2.47493E-3,1.92020E-3,6.45417E-4,-6.60857E-4,-1.73347E-4,-1.32340E-3,-1.73030E-3,3.55135E-4,4.59016E-5,-7.88571E-4,-1.54267E-3,-1.17282E-3,1.73021E-3,3.02772E-3,1.70760E-3,1.79085E-3,1.50664E-3,2.66115E-3,2.07892E-3,2.33894E-3,1.22432E-3,3.62303E-4,4.19446E-3,2.76136E-3,-3.36873E-3,2.36600E-3,2.08670E-2,7.51048E-3,-8.07445E-2,-2.06483E-1,-2.27777E-1,-6.66307E-2,9.72458E-2,8.59710E-2,9.11234E-3,-5.98216E-3,-4.75155E-4,-1.05260E-4,-1.10192E-3,-1.40169E-3,-4.91750E-3,-4.07032E-3,-1.21906E-3,-1.91538E-3,-3.44946E-3,-2.71855E-3,-4.13625E-3,-5.84174E-3,-3.94866E-3,-3.24265E-3,-2.01120E-3,-5.01362E-5,-3.03745E-3,-1.66442E-3,-1.53628E-3,-3.57063E-3,-8.46123E-4,-1.52402E-3,-2.00332E-3,1.54102E-3,1.65803E-3,5.49435E-5,-2.01271E-3,8.47728E-4,1.64283E-3,1.88222E-3,3.76286E-4,-1.82650E-3,-3.45759E-3,-4.69492E-3,-4.97872E-3,-2.13093E-3,6.43035E-4,-5.73027E-4,1.77927E-3,-3.28897E-4,9.21262E-4,7.52814E-4,2.25970E-3,2.95614E-3,1.33414E-3,-2.69232E-4,-1.31279E-3,-2.35470E-3,-1.04714E-3,1.68969E-3,2.37234E-4,-7.48281E-4,4.10747E-4,-2.13044E-4,1.41144E-3,1.64098E-3,8.72829E-4,-1.34949E-3,-7.56903E-4,2.97091E-3,3.11207E-3,1.54052E-3,2.17567E-3,8.23417E-5,6.24955E-5,3.62634E-4,4.31629E-3,-2.11282E-3,3.54282E-4,-7.03217E-4,5.55344E-4,2.42676E-3,-8.34947E-4,-1.22033E-3,-9.08463E-4,-1.14794E-3,2.98244E-3,2.09630E-3,8.20316E-4
1.47300E+3,NaN,NaN,NaN,1.16960E-3,1.96495E-3,-3.59822E-4,-5.08000E-4,-1.45716E-3,-3.31972E-4,1.92108E-3,1.36452E-3,1.16400E-3,1.59646E-3,2.02891E-3,1.92736E-3,1.22397E-3,5.20584E-4,1.47423E-4,-3.13406E-4,-2.32349E-4,-2.80527E-4,1.36332E-3,2.53641E-3,2.75814E-3,1.49265E-4,-8.69639E-4,-1.50065E-4,-2.11392E-3,-1.06304E-3,-6.30251E-4,-7.58407E-4,-1.18363E-3,-1.05276E-3,-5.77107E-4,2.86704E-3,2.90507E-3,2.49144E-3,1.78020E-3,1.92712E-3,2.03766E-3,2.14003E-3,3.66849E-3,5.69468E-4,1.11253E-4,3.86276E-3,2.47997E-3,-3.84992E-3,4.07147E-3,2.48678E-2,7.91029E-3,-8.62786E-2,-2.18194E-1,-2.25667E-1,-5.03063E-2,9.83373E-2,7.36695E-2,7.80007E-3,-4.33723E-3,1.02212E-4,-7.88453E-4,4.93207E-5,-1.78414E-3,-4.84678E-3,-3.42525E-3,-8.85543E-4,-2.84196E-3,-3.44834E-3,-2.46478E-3,-4.61389E-3,-5.84767E-3,-3.07391E-3,-3.27610E-3,-3.59115E-4,-5.90054E-4,-2.97668E-3,-1.33042E-3,-2.19642E-3,-3.37937E-3,-2.66957E-4,-2.30600E-3,-3.39697E-4,1.30865E-3,2.02895E-3,-1.29168E-3,-1.61596E-3,6.61725E-4,1.64498E-3,1.83883E-3,3.28338E-4,-2.40712E-3,-2.99440E-3,-4.66291E-3,-4.17976E-3,-1.90952E-3,1.06678E-3,-1.93000E-3,1.58432E-3,-5.14590E-4,3.36966E-4,6.03440E-4,1.97884E-3,2.81177E-3,1.43143E-3,-2.03508E-4,-1.36154E-3,-2.28108E-3,-7.45440E-4,2.02332E-3,-8.41684E-5,-3.64818E-4,7.20634E-4,6.98738E-4,2.45639E-3,2.50176E-3,8.63653E-4,-1.14697E-3,-5.29760E-5,3.30061E-3,2.89301E-3,1.40593E-3,2.05157E-3,3.85368E-4,5.50372E-4,2.28421E-4,5.00306E-3,-2.13905E-3,2.86074E-4,-6.86365E-4,1.37699E-4,1.44278E-3,-1.28508E-3,-1.77555E-3,-1.06504E-3,-5.96680E-4,2.92667E-3,1.35712E-3,1.79399E-4
1.47651E+3,NaN,NaN,NaN,1.24451E-3,1.66808E-3,-1.83184E-4,-2.27774E-4,-1.83655E-3,-2.38428E-4,2.45516E-3,9.22902E-4,8.82524E-4,1.68481E-3,2.48710E-3,1.99874E-3,7.71754E-4,-4.55234E-4,-7.00921E-4,-4.14780E-4,-4.65664E-4,-6.59872E-4,1.87465E-3,1.90122E-3,1.58310E-3,-7.07772E-4,-5.29354E-4,1.54975E-4,-2.31438E-3,-4.21331E-4,-1.20665E-3,-3.52263E-4,-1.34373E-3,-1.86168E-3,-1.28931E-3,3.40477E-3,2.10283E-3,2.91946E-3,8.54153E-4,1.69652E-3,1.74062E-3,1.94731E-3,3.08336E-3,7.52718E-4,1.29612E-3,3.76295E-3,1.42117E-3,-4.60772E-3,5.60857E-3,2.92965E-2,1.29902E-2,-8.67967E-2,-2.30345E-1,-2.29079E-1,-3.68517E-2,1.00558E-1,6.53031E-2,2.30226E-3,-1.84398E-3,1.22827E-3,-1.26628E-3,1.82572E-5,-2.34584E-3,-4.85726E-3,-3.06588E-3,-1.59608E-3,-3.07139E-3,-3.01689E-3,-3.09403E-3,-5.16180E-3,-5.93669E-3,-2.65564E-3,-4.53224E-3,2.39825E-4,-1.56657E-3,-3.22067E-3,-5.33205E-4,-2.75939E-3,-3.07355E-3,1.94023E-4,-4.07993E-3,5.58121E-4,1.22500E-3,2.17814E-3,-2.97324E-3,-1.29320E-3,7.21959E-4,1.41325E-3,1.38248E-3,-3.33779E-4,-3.00328E-3,-3.42806E-3,-6.06238E-3,-3.64102E-3,-1.59678E-3,1.42870E-3,-3.08862E-3,1.12799E-3,-6.79392E-4,-3.91130E-4,-1.74397E-4,1.89651E-3,2.42996E-3,4.63399E-4,-6.87861E-4,-2.03095E-3,-2.31409E-3,-6.36661E-4,1.70579E-3,-2.56569E-4,-4.64049E-4,3.05484E-4,3.49479E-4,1.48058E-3,2.08190E-3,6.61470E-4,-1.66639E-3,-4.33186E-4,2.47569E-3,2.71676E-3,8.71252E-4,1.09318E-3,-1.04557E-4,-7.24221E-5,2.78898E-4,5.13621E-3,-2.10554E-3,-4.92282E-4,-5.76494E-4,1.89185E-4,1.03995E-3,-1.53750E-3,-1.36278E-3,-8.75393E-4,-1.15514E-3,1.92337E-3,5.21116E-4,-2.46491E-4
1.48002E+3,NaN,NaN,NaN,7.36514E-4,1.37957E-3,-5.65563E-4,3.67504E-4,-1.42957E-3,3.10675E-5,2.00387E-3,7.15493E-4,8.38746E-4,1.34157E-3,1.84439E-3,1.35823E-3,6.25800E-4,-1.06630E-4,-4.62290E-7,-7.21907E-4,-7.07822E-4,-6.75652E-4,1.70924E-3,1.58992E-3,1.16008E-3,-5.69177E-4,-1.15055E-4,4.45773E-4,-2.27690E-3,9.95254E-4,-9.53364E-4,-4.14261E-4,-1.26346E-3,-1.08162E-3,-7.98478E-4,4.37602E-3,1.29946E-3,2.87139E-3,1.15657E-3,1.89452E-3,2.48728E-3,1.81896E-3,2.75953E-3,1.04788E-3,2.80512E-3,3.51822E-3,9.88900E-4,-4.66898E-3,5.71894E-3,3.47998E-2,2.28226E-2,-8.28468E-2,-2.43522E-1,-2.39690E-1,-2.57240E-2,1.06947E-1,6.37821E-2,-6.96687E-3,1.11320E-3,8.45466E-4,-1.57217E-3,5.77477E-4,-2.17342E-3,-4.26182E-3,-1.39277E-3,-4.71364E-4,-2.65642E-3,-2.43689E-3,-2.44129E-3,-5.40281E-3,-5.44295E-3,-7.32574E-4,-4.64522E-3,1.23605E-3,-2.76362E-3,-3.86466E-3,-4.98024E-4,-3.86156E-3,-3.05606E-3,7.64905E-4,-4.57829E-3,1.62826E-3,7.41693E-4,1.67588E-3,-3.79931E-3,-1.08388E-4,8.56122E-4,1.05498E-3,1.57496E-3,-7.41463E-4,-2.97570E-3,-2.87436E-3,-5.70819E-3,-3.38242E-3,-1.70215E-3,9.87290E-4,-4.00870E-3,9.72200E-4,-4.90897E-4,-2.10567E-4,-4.52346E-6,1.54574E-3,2.33902E-3,3.77230E-4,-3.26907E-4,-1.76628E-3,-2.23452E-3,-8.02344E-4,1.37336E-3,-7.18095E-4,4.78233E-5,2.29343E-4,2.35983E-4,1.18158E-3,1.29921E-3,-7.42842E-5,-1.65260E-3,-4.68303E-4,2.31296E-3,1.82274E-3,6.28014E-4,1.69196E-3,-3.04279E-4,-7.57661E-4,9.63587E-5,4.38724E-3,-2.19934E-3,-3.44502E-5,-9.92243E-4,-2.98383E-4,8.87818E-4,-2.44901E-3,-2.02547E-3,-1.25380E-3,-1.61318E-3,1.60736E-3,4.52663E-4,-4.77275E-4
1.48352E+3,NaN,NaN,NaN,1.16542E-3,1.69331E-3,-8.80664E-4,1.75643E-4,-1.37503E-3,-2.69175E-4,2.63015E-3,6.36283E-4,8.89207E-4,1.37464E-3,1.86006E-3,1.24116E-3,5.81047E-4,-1.03495E-4,-8.62613E-4,-5.81890E-4,-6.61152E-4,-5.17003E-4,1.45565E-3,1.11551E-3,1.55116E-3,-1.25366E-3,-8.70162E-4,-4.76728E-4,-2.25687E-3,4.87436E-4,-1.60224E-3,-8.70405E-4,-1.41446E-3,-1.80339E-3,-3.46118E-5,4.78610E-3,1.81639E-3,2.47114E-3,1.05391E-3,1.93956E-3,1.62539E-3,5.94469E-4,2.45435E-3,1.00123E-3,2.93189E-3,2.29759E-3,6.17212E-4,-2.36887E-3,7.63096E-3,3.60277E-2,2.27757E-2,-8.45453E-2,-2.41771E-1,-2.32166E-1,-2.73249E-2,9.54916E-2,6.27116E-2,-9.13822E-3,1.93290E-3,8.80878E-4,-1.85391E-3,-8.88454E-4,-3.26097E-3,-4.64959E-3,-9.40374E-4,-6.22823E-4,-3.07569E-3,-2.59781E-3,-2.74401E-3,-5.55594E-3,-5.44130E-3,-1.83857E-3,-4.51972E-3,1.64927E-4,-2.99607E-3,-3.54524E-3,-7.98564E-4,-3.79307E-3,-3.40550E-3,-5.58531E-4,-4.03297E-3,1.24807E-3,1.10698E-3,8.96445E-4,-4.36217E-3,-1.09213E-3,4.15314E-4,1.17667E-3,4.39438E-4,-2.01876E-3,-3.47054E-3,-3.30495E-3,-5.45570E-3,-2.67817E-3,-1.60550E-3,9.89527E-4,-3.81158E-3,6.90838E-5,-1.08710E-3,-8.94987E-4,-4.35162E-4,1.48194E-3,2.36819E-3,-1.63947E-4,-9.54160E-4,-2.42573E-3,-2.84702E-3,-1.23854E-3,7.71973E-4,-1.24884E-3,-1.59981E-4,-2.37205E-4,-6.09075E-4,8.18837E-4,1.05958E-3,-6.90718E-4,-2.02773E-3,-9.98146E-4,2.54475E-3,1.09351E-3,-9.94117E-5,8.64616E-4,-9.60731E-4,-9.84319E-4,-1.47209E-4,3.83548E-3,-2.78936E-3,-1.23056E-3,-1.69200E-3,-5.46681E-4,5.32751E-4,-2.19425E-3,-2.38358E-3,-1.88540E-3,-1.85622E-3,1.04729E-3,3.87351E-5,-1.07510E-3
1.48703E+3,NaN,NaN,NaN,1.24558E-3,1.38026E-3,-3.33118E-4,-1.09300E-4,-1.66451E-3,3.28896E-5,2.36702E-3,9.47873E-5,4.82566E-4,8.90554E-4,1.18423E-3,6.86394E-4,1.88556E-4,-2.10493E-4,-1.60743E-4,4.86876E-5,-4.51982E-4,2.69652E-4,1.99763E-3,1.48695E-3,1.00423E-3,-6.90809E-4,-1.39552E-4,-3.00664E-4,-1.20858E-3,3.22174E-4,-8.13434E-4,-6.96948E-4,-1.14730E-3,-4.66638E-4,1.01532E-3,3.75829E-3,1.75347E-3,2.53837E-3,1.17803E-3,1.85114E-3,1.57988E-3,2.01789E-3,2.20436E-3,8.83725E-4,4.17870E-3,2.62177E-3,-3.37138E-5,-7.40769E-4,1.00357E-2,3.60171E-2,1.96363E-2,-9.30695E-2,-2.37010E-1,-2.14907E-1,-2.92913E-2,8.17859E-2,5.70339E-2,-4.50288E-3,2.10993E-3,9.20442E-4,-1.76331E-3,-1.22837E-3,-3.15395E-3,-3.35377E-3,-2.24776E-4,-1.26074E-3,-3.54082E-3,-3.10503E-3,-3.39087E-3,-5.10186E-3,-3.91552E-3,-1.92891E-3,-3.12467E-3,-2.02863E-4,-2.73468E-3,-2.83648E-3,-1.62247E-3,-3.37792E-3,-2.36776E-3,-1.04488E-3,-3.04842E-3,8.84250E-4,2.45749E-4,2.95915E-4,-3.11450E-3,-6.56743E-4,8.30432E-4,1.11549E-3,2.02500E-4,-1.96316E-3,-3.17083E-3,-3.09893E-3,-4.65242E-3,-2.36025E-3,-9.80045E-4,-3.94313E-4,-3.01032E-3,-4.21523E-4,-1.05550E-3,-8.98120E-4,-5.42446E-4,9.95178E-4,1.68739E-3,-1.25071E-4,-8.13875E-4,-1.98395E-3,-2.33119E-3,-8.63135E-4,8.67775E-4,-1.56515E-3,7.02263E-5,1.91096E-4,1.49572E-4,1.13552E-3,1.20968E-3,-6.52488E-4,-1.87511E-3,-6.69432E-4,1.95030E-3,1.29828E-3,1.00144E-3,1.40628E-3,-4.80673E-4,-7.62423E-4,-1.14189E-4,3.83494E-3,-2.22850E-3,-6.02290E-4,-1.67580E-3,-4.19556E-4,4.84445E-4,-2.11727E-3,-2.16604E-3,-1.35662E-3,-1.94625E-3,8.05012E-4,3.02325E-4,-7.99091E-4
1.49054E+3,NaN,NaN,-7.74381E-4,1.19476E-3,1.46484E-3,-2.02619E-4,1.36131E-4,-1.24127E-3,-4.34081E-4,1.88461E-3,5.29321E-4,1.08491E-3,1.64049E-3,1.84963E-3,1.19871E-3,5.47786E-4,1.69511E-4,-1.24334E-4,-6.38018E-4,-6.88470E-4,2.59506E-4,1.12907E-3,5.52104E-4,-2.91791E-4,-6.79464E-4,-3.01217E-4,-6.60437E-4,-5.24014E-4,1.73182E-5,-1.01949E-3,-1.13488E-3,-1.31400E-3,-7.99951E-4,1.66503E-3,3.26937E-3,2.17644E-3,2.08456E-3,1.22197E-3,1.59983E-3,1.36483E-3,2.12935E-3,1.42826E-3,9.27978E-4,3.40383E-3,1.95562E-3,-8.20913E-4,-1.36455E-3,1.27420E-2,3.96690E-2,2.00016E-2,-1.00794E-1,-2.36418E-1,-1.99283E-1,-2.86397E-2,7.29074E-2,4.79498E-2,-1.79448E-3,1.95739E-3,1.16732E-3,-1.20938E-3,-1.92801E-3,-3.87269E-3,-2.79701E-3,-1.19538E-3,-2.49373E-3,-3.20092E-3,-2.45077E-3,-3.35615E-3,-5.08195E-3,-3.50521E-3,-2.54275E-3,-2.39655E-3,-8.05865E-4,-2.61111E-3,-2.49250E-3,-1.98723E-3,-3.34809E-3,-2.16718E-3,-2.10504E-3,-2.20809E-3,9.37784E-4,9.03572E-4,-8.30635E-4,-2.38589E-3,-5.22750E-4,3.85532E-4,6.93078E-4,-2.00040E-4,-2.17818E-3,-3.13233E-3,-3.76592E-3,-4.27022E-3,-2.97097E-3,-1.03932E-3,-1.17713E-3,-2.47151E-3,-1.02815E-3,-1.22804E-3,-9.88863E-4,-9.21687E-4,9.71345E-4,1.41261E-3,-2.50176E-4,-9.26891E-4,-2.00104E-3,-1.97985E-3,-9.60867E-4,3.48131E-4,-1.94851E-3,1.62969E-4,1.01944E-4,-5.75528E-5,4.18703E-4,8.41608E-4,-1.07955E-3,-2.37829E-3,-6.37405E-4,1.93027E-3,9.76835E-4,1.01769E-3,4.03698E-4,-6.92344E-4,-9.91997E-4,-1.31624E-4,3.42527E-3,-2.54448E-3,-1.16474E-3,-1.96149E-3,-5.17813E-4,9.00284E-6,-1.87224E-3,-1.83452E-3,-1.53940E-3,-1.55413E-3,-5.22701E-5,-4.19587E-4,-1.28268E-3
1.49405E+3,NaN,NaN,-2.56059E-4,4.26063E-4,1.20937E-3,-6.99526E-4,1.13390E-4,-8.78567E-4,3.07010E-4,1.57949E-3,1.16647E-4,2.99831E-4,4.83015E-4,4.77020E-4,2.36898E-4,-3.22309E-6,-2.14428E-4,-1.55010E-4,-4.06877E-4,-8.07869E-4,2.79094E-4,1.02213E-3,9.10880E-4,-2.83806E-4,-6.05991E-4,1.74885E-4,-7.10731E-4,-1.04001E-4,-4.84542E-4,-1.03174E-3,-8.09220E-4,-1.31251E-3,-1.13247E-3,2.11351E-3,2.55839E-3,2.32058E-3,1.99517E-3,1.15020E-3,1.11882E-3,1.14655E-3,1.86495E-3,9.76734E-4,1.00075E-3,3.02903E-3,1.50345E-3,-1.14870E-3,-1.84973E-3,1.55479E-2,4.56191E-2,2.27597E-2,-1.11188E-1,-2.43733E-1,-1.89610E-1,-2.74410E-2,7.10785E-2,3.87046E-2,7.96736E-4,2.61900E-3,8.15608E-4,-1.19444E-3,-1.91359E-3,-3.37626E-3,-2.86823E-3,-2.14899E-3,-2.76759E-3,-2.31810E-3,-2.41528E-3,-3.62623E-3,-4.86741E-3,-2.74848E-3,-2.54064E-3,-1.79613E-3,-1.35461E-3,-2.78824E-3,-2.00733E-3,-2.29476E-3,-3.12941E-3,-1.47182E-3,-2.22810E-3,-1.12981E-3,8.36301E-5,2.27171E-4,-1.91286E-3,-2.39032E-3,-6.96336E-4,-4.62105E-5,6.34867E-4,-7.84778E-4,-2.94681E-3,-3.31526E-3,-4.17882E-3,-3.85762E-3,-2.87369E-3,-8.00271E-4,-2.05431E-3,-2.08138E-3,-1.73051E-3,-1.39527E-3,-8.84364E-4,-8.47784E-4,1.09308E-3,1.04113E-3,-1.02768E-3,-1.26295E-3,-2.77238E-3,-2.53348E-3,-9.96081E-4,1.10845E-3,-1.70255E-3,4.70804E-6,-1.97738E-4,-2.85371E-4,7.07640E-5,1.71129E-4,-1.40317E-3,-2.42655E-3,-1.11206E-3,1.72894E-3,5.99836E-4,-3.72568E-4,2.62747E-4,-1.68086E-3,-1.49330E-3,-2.25756E-4,3.59384E-3,-2.79613E-3,-1.41818E-3,-1.99001E-3,-7.54884E-4,-5.17516E-4,-1.92579E-3,-2.21578E-3,-1.74228E-3,-1.62084E-3,-3.53418E-4,-6.75274E-4,-1.56016E-3
1.49756E+3,NaN,NaN,-1.14880E-4,5.00386E-4,5.58949E-4,-2.15820E-4,1.98352E-4,-8.27536E-4,1.87925E-4,1.33275E-3,2.48959E-4,3.33933E-4,4.18907E-4,1.80441E-4,-2.68770E-4,-7.17982E-4,-6.60974E-4,-2.09137E-4,-1.23244E-4,-4.41766E-4,4.73683E-4,7.59558E-4,3.76859E-4,-5.85183E-4,-3.76587E-4,5.97841E-5,-8.85187E-4,2.45876E-4,-2.38483E-4,-6.40672E-4,-1.00332E-3,-1.56002E-3,-5.05589E-4,3.00380E-3,1.89581E-3,1.59717E-3,9.82902E-4,7.22332E-4,1.52730E-3,7.70737E-4,6.49430E-4,1.50722E-3,7.51291E-4,3.05978E-3,7.25968E-4,-2.01457E-3,-2.99358E-3,1.64651E-2,5.29626E-2,3.02037E-2,-1.18395E-1,-2.55377E-1,-1.84066E-1,-2.46822E-2,7.44167E-2,2.89137E-2,-9.35811E-5,2.37689E-3,-3.69989E-4,-1.10441E-4,-9.73377E-4,-3.16969E-3,-2.70407E-3,-1.78287E-3,-2.17938E-3,-1.78712E-3,-1.91041E-3,-3.61947E-3,-4.91581E-3,-1.96598E-3,-2.84137E-3,-1.21674E-3,-1.93494E-3,-3.48770E-3,-1.96539E-3,-2.41382E-3,-3.37299E-3,-1.12840E-3,-3.07969E-3,-7.31182E-4,3.83594E-4,3.90669E-4,-2.41436E-3,-1.79311E-3,-4.85911E-4,-3.21516E-5,2.63735E-4,-1.69575E-3,-2.79614E-3,-2.82625E-3,-4.08190E-3,-3.57551E-3,-2.87479E-3,-8.07384E-4,-3.06729E-3,-1.69116E-3,-2.69573E-3,-2.12063E-3,-1.14216E-3,-1.07412E-3,5.37799E-4,8.10222E-4,-1.05215E-3,-1.05712E-3,-2.61125E-3,-2.52805E-3,-1.11821E-3,1.81280E-4,-1.63066E-3,6.75411E-4,-3.58929E-4,-6.46793E-4,-4.31309E-4,3.02882E-4,-1.60148E-3,-2.72404E-3,-1.20952E-3,1.17341E-3,2.64186E-4,-6.81253E-4,2.84126E-5,-1.38371E-3,-1.30545E-3,-5.54324E-4,2.41716E-3,-2.48955E-3,-1.45778E-3,-1.99903E-3,-1.21613E-3,-1.15923E-3,-2.72660E-3,-2.36560E-3,-2.09547E-3,-1.97152E-3,2.30160E-5,-1.56894E-3,-1.75257E-3
1.50107E+3,NaN,NaN,-5.43411E-4,3.03860E-4,2.34774E-4,-2.93791E-4,4.38997E-4,-8.62331E-6,2.48507E-4,7.75381E-4,8.11129E-5,1.83042E-4,2.84970E-4,6.82636E-5,-2.47482E-4,-5.63227E-4,-6.04906E-4,1.99385E-4,-6.69746E-4,-1.21066E-3,1.83714E-4,5.75814E-4,4.11229E-4,-7.32977E-4,-4.22665E-4,-1.13288E-4,-1.17575E-3,1.16590E-3,-2.61554E-4,-8.90231E-4,-8.43139E-4,-8.95077E-4,-2.43398E-4,3.30741E-3,1.43579E-3,1.47248E-3,5.01458E-4,8.22265E-4,1.74592E-3,-2.21223E-4,7.29824E-4,2.31476E-3,2.21161E-3,1.77729E-3,1.18955E-3,-3.37994E-3,-2.87012E-3,1.67309E-2,6.26385E-2,4.13920E-2,-1.23216E-1,-2.70376E-1,-1.85478E-1,-2.54446E-2,8.18990E-2,2.14200E-2,-2.79626E-3,2.43464E-3,-1.01757E-3,9.88624E-5,-5.68897E-4,-3.29059E-3,-1.54026E-3,-9.03695E-4,-1.91310E-3,-2.63023E-3,-2.28941E-3,-3.94224E-3,-6.04580E-3,-1.98683E-3,-3.75610E-3,-9.60895E-4,-1.95973E-3,-3.31135E-3,-2.28749E-3,-2.98784E-3,-4.04489E-3,-1.54238E-3,-3.95671E-3,-9.64092E-5,-2.73623E-4,-4.40751E-4,-3.01017E-3,-2.23769E-3,-4.81861E-4,-2.59265E-4,2.38585E-5,-1.90987E-3,-3.27025E-3,-3.19017E-3,-4.20897E-3,-3.24562E-3,-2.77973E-3,-4.41608E-4,-3.69835E-3,-1.06120E-3,-2.25761E-3,-2.43845E-3,-1.24836E-3,-1.76865E-3,5.25436E-4,4.85255E-4,-1.30605E-3,-1.47309E-3,-2.72664E-3,-2.37996E-3,-1.62600E-3,-4.42871E-4,-2.23719E-3,-3.38167E-4,-1.02936E-3,-1.17256E-3,-3.94939E-4,-1.28526E-4,-2.13765E-3,-2.99228E-3,-1.48728E-3,8.83958E-4,-4.70366E-4,-1.03582E-3,-1.28175E-4,-1.55841E-3,-2.47271E-3,-7.63860E-4,2.40634E-3,-2.91740E-3,-2.03376E-3,-2.40576E-3,-1.16690E-3,-1.16255E-3,-3.02180E-3,-2.46693E-3,-2.35196E-3,-2.08719E-3,-1.04795E-3,-1.55976E-3,-2.70765E-3
1.50459E+3,NaN,NaN,-8.72821E-5,5.07859E-4,-1.22529E-4,-5.47276E-4,-1.51460E-4,-1.60310E-5,9.19335E-4,1.10983E-3,1.79731E-4,2.72381E-4,3.65031E-4,6.26647E-5,-2.74464E-4,-6.47423E-4,-1.45442E-3,-6.67350E-4,-5.73833E-4,-6.16154E-4,2.45060E-4,1.55374E-4,-5.42695E-4,-1.00532E-3,-6.56594E-4,-3.64570E-4,-8.51685E-4,2.75860E-5,-1.05701E-3,-1.20320E-3,-1.36705E-3,-9.77009E-4,-5.85558E-4,3.20557E-3,7.50785E-4,1.23003E-3,5.37424E-4,7.80137E-5,3.33620E-4,-6.23147E-4,1.70598E-3,1.59810E-3,3.72989E-3,1.01500E-3,2.05303E-3,-4.90574E-3,-8.80657E-4,1.84496E-2,6.71453E-2,4.43995E-2,-1.23835E-1,-2.74382E-1,-1.87643E-1,-2.82883E-2,8.20734E-2,1.93567E-2,-7.05780E-3,8.72886E-4,-1.36830E-3,7.86080E-4,-5.18627E-5,-2.85376E-3,3.28855E-4,-1.57820E-6,-3.57628E-3,-3.60981E-3,-2.72633E-3,-4.54888E-3,-6.25398E-3,-1.81937E-3,-3.14823E-3,-1.32456E-3,-2.61764E-3,-3.87673E-3,-2.05308E-3,-3.40538E-3,-3.54813E-3,-2.20778E-3,-3.74387E-3,-9.22944E-4,-2.94007E-4,-1.05690E-3,-3.08452E-3,-2.19338E-3,-1.22966E-3,-7.46792E-4,-3.02596E-4,-2.78917E-3,-2.81434E-3,-3.03503E-3,-4.51628E-3,-3.31804E-3,-3.26577E-3,-1.40263E-3,-3.78125E-3,-1.67649E-3,-2.87519E-3,-2.99019E-3,-2.24496E-3,-2.56294E-3,4.38098E-4,-3.28023E-4,-1.78568E-3,-1.54466E-3,-2.94157E-3,-2.73098E-3,-1.62481E-3,-6.07592E-4,-2.77793E-3,-3.12901E-4,-9.55259E-4,-1.43137E-3,-1.05233E-3,-1.00506E-3,-2.33821E-3,-2.95594E-3,-1.61266E-3,1.95142E-5,-7.84888E-4,-1.61909E-3,-2.90186E-4,-2.33302E-3,-1.92629E-3,-9.51740E-4,1.98931E-3,-3.42621E-3,-2.20761E-3,-2.77773E-3,-1.73385E-3,-2.01586E-3,-3.09244E-3,-2.95701E-3,-2.72709E-3,-2.57675E-3,-1.23615E-3,-2.10135E-3,-3.06270E-3
1.50810E+3,NaN,NaN,-3.74673E-4,1.92924E-4,3.08635E-4,7.96080E-5,3.01844E-4,-2.18681E-4,2.87517E-4,5.61458E-4,-6.22581E-4,-4.73600E-4,-3.55944E-4,-6.29127E-4,-9.02311E-4,-9.59352E-4,-3.58524E-4,-2.86925E-4,-6.30424E-4,-1.01886E-3,-3.87855E-4,5.19891E-5,-3.39464E-4,-9.21140E-4,-8.61415E-4,-4.29126E-4,-3.22091E-4,5.23386E-5,-1.19652E-3,-1.31311E-3,-1.15259E-3,-1.00529E-3,6.48170E-4,2.86436E-3,1.41846E-3,1.18722E-3,-1.64928E-5,-1.22422E-4,-6.01774E-5,1.10477E-3,2.10533E-3,8.20176E-4,3.71485E-3,7.43622E-4,1.19509E-3,-2.93231E-3,2.16318E-3,2.27887E-2,6.65714E-2,3.45589E-2,-1.28350E-1,-2.61743E-1,-1.85827E-1,-3.27308E-2,6.76806E-2,1.94976E-2,-8.03104E-3,-1.32581E-3,-7.18801E-4,1.82281E-4,-5.35277E-4,-1.65369E-3,7.97319E-4,-2.22242E-3,-4.19062E-3,-3.22437E-3,-2.88089E-3,-4.01285E-3,-5.51715E-3,-1.94167E-3,-2.56532E-3,-1.57628E-3,-2.57758E-3,-3.28129E-3,-2.56450E-3,-2.96945E-3,-3.04828E-3,-2.17916E-3,-2.85110E-3,-1.79233E-4,-6.51907E-4,-2.01126E-3,-3.11638E-3,-2.01355E-3,-5.98489E-4,-1.31627E-3,-6.93124E-4,-3.33608E-3,-3.12592E-3,-3.09345E-3,-4.57888E-3,-3.47448E-3,-2.94162E-3,-1.71383E-3,-3.46669E-3,-2.52719E-3,-3.01475E-3,-2.65019E-3,-1.38542E-3,-2.54507E-3,1.70596E-4,-2.98004E-4,-2.42259E-3,-1.45798E-3,-3.19138E-3,-2.35443E-3,-1.62678E-3,-8.57231E-4,-2.44836E-3,-4.90944E-4,-5.88943E-4,-1.41884E-3,-8.07352E-4,-7.63065E-4,-2.83077E-3,-3.38355E-3,-2.19177E-3,-3.69305E-4,-1.48697E-3,-1.92811E-3,-5.84317E-4,-2.32370E-3,-2.07817E-3,-1.57740E-3,1.40237E-3,-3.04118E-3,-2.45089E-3,-2.87324E-3,-2.35149E-3,-2.31373E-3,-2.83481E-3,-2.64463E-3,-2.84844E-3,-2.42429E-3,-1.69371E-3,-2.05798E-3,-3.39720E-3
1.51161E+3,NaN,NaN,-4.29739E-4,-5.50200E-5,-9.04406E-5,2.67195E-4,7.04435E-4,-4.02730E-5,1.70948E-4,7.33854E-4,2.12283E-4,-2.42399E-4,-6.28551E-4,-7.82856E-4,-9.37161E-4,-1.05173E-3,-7.90189E-4,-2.51634E-4,-3.49965E-4,-7.21302E-4,-6.61070E-4,-4.51159E-4,-5.07590E-4,-5.08074E-4,-4.86893E-4,-3.84511E-4,-5.19138E-4,7.93076E-5,-1.34207E-3,-1.43557E-3,-1.31163E-3,-9.19877E-4,9.19068E-4,2.97681E-3,1.22224E-3,3.52494E-4,-5.75053E-4,-6.61791E-4,8.14634E-4,1.25546E-3,8.98810E-4,1.32930E-3,3.32553E-3,2.30863E-3,1.60763E-3,-6.15510E-4,4.32580E-3,2.85288E-2,6.81073E-2,2.62508E-2,-1.36351E-1,-2.52019E-1,-1.81740E-1,-3.08160E-2,5.54365E-2,1.67420E-2,-8.15090E-3,-1.50907E-3,-4.59148E-4,-1.72034E-3,-1.23349E-3,-6.04217E-4,-1.29879E-3,-4.04629E-3,-2.68074E-3,-1.24910E-3,-2.12347E-3,-4.42957E-3,-4.88759E-3,-2.19090E-3,-2.41966E-3,-2.01508E-3,-2.70132E-3,-3.09787E-3,-3.08214E-3,-3.30069E-3,-3.23305E-3,-2.40333E-3,-1.93854E-3,-9.22318E-4,-7.98620E-4,-1.45492E-3,-2.82662E-3,-2.12481E-3,-1.02001E-3,-1.04145E-3,-1.89086E-3,-3.09840E-3,-3.20620E-3,-3.87888E-3,-4.15839E-3,-3.31068E-3,-2.70193E-3,-2.76054E-3,-3.52655E-3,-2.59395E-3,-2.55448E-3,-3.68026E-3,-1.72732E-3,-2.98882E-3,-5.97345E-4,-1.03764E-3,-1.99071E-3,-2.30694E-3,-3.23998E-3,-3.01343E-3,-2.01590E-3,-1.39240E-3,-2.75833E-3,-1.14370E-3,-8.72623E-4,-1.22822E-3,-1.35400E-3,-1.05159E-3,-2.91316E-3,-3.29727E-3,-2.14129E-3,-6.23281E-4,-2.44085E-3,-2.55106E-3,-1.32218E-3,-2.48497E-3,-2.81614E-3,-1.17441E-3,6.05937E-4,-3.12525E-3,-2.91693E-3,-3.23085E-3,-2.02229E-3,-3.02293E-3,-3.48002E-3,-2.88109E-3,-2.50912E-3,-2.23627E-3,-2.02320E-3,-2.82438E-3,-3.41839E-3
1.51512E+3,NaN,NaN,-4.32902E-4,3.75761E-4,1.38605E-4,3.13274E-4,5.26248E-4,-1.72426E-4,1.50517E-4,2.08597E-4,-8.48572E-4,-8.69404E-4,-9.30245E-4,-1.05610E-3,-1.18195E-3,-1.18914E-3,-9.38605E-4,-7.05770E-4,-1.00572E-3,-9.06629E-4,-6.13585E-4,-7.86596E-4,-6.68220E-4,-7.85821E-4,-6.27652E-4,-1.20615E-4,2.36431E-4,-2.64686E-4,-1.32302E-3,-1.26057E-3,-7.65699E-4,-5.19559E-4,1.46804E-3,1.92938E-3,1.32467E-3,6.61930E-4,-5.77094E-4,6.91501E-4,1.10936E-3,4.16123E-5,7.89863E-4,1.58487E-3,2.55825E-3,2.11012E-3,1.11505E-3,2.15322E-3,4.45274E-3,3.20138E-2,7.34403E-2,2.47898E-2,-1.45488E-1,-2.49915E-1,-1.81260E-1,-2.70932E-2,4.51505E-2,1.15913E-2,-8.04334E-3,-2.60626E-3,-1.79541E-3,-2.54430E-3,-1.58507E-3,-1.71301E-3,-2.73029E-3,-2.07961E-3,-1.07917E-3,-1.13587E-3,-2.75160E-3,-6.04574E-3,-4.38205E-3,-2.22197E-3,-2.64400E-3,-2.06153E-3,-2.62951E-3,-2.97360E-3,-2.64366E-3,-3.18420E-3,-3.28965E-3,-3.30997E-3,-2.49934E-3,-1.25136E-3,-1.51081E-3,-2.59779E-3,-2.93174E-3,-1.99627E-3,-1.69520E-3,-1.20729E-3,-1.99466E-3,-3.21711E-3,-2.78619E-3,-3.12826E-3,-3.64479E-3,-3.35761E-3,-2.25778E-3,-2.45752E-3,-2.99059E-3,-2.63753E-3,-3.46284E-3,-3.30427E-3,-1.40780E-3,-3.28054E-3,-1.66298E-4,-8.10240E-4,-2.30139E-3,-2.30340E-3,-3.14466E-3,-2.28966E-3,-2.05403E-3,-1.84489E-3,-2.14700E-3,-2.95653E-5,-7.96987E-4,-2.03846E-3,-1.33936E-3,-2.39222E-3,-3.54234E-3,-3.08430E-3,-2.15853E-3,-8.33967E-4,-2.43307E-3,-2.89847E-3,-1.44338E-3,-2.27191E-3,-2.47311E-3,-1.04959E-3,1.29755E-3,-2.88816E-3,-2.87052E-3,-2.68655E-3,-2.25292E-3,-2.39952E-3,-3.23159E-3,-2.93478E-3,-2.85756E-3,-2.35746E-3,-2.43388E-3,-2.76419E-3,-3.35872E-3
1.51864E+3,NaN,NaN,-6.17209E-4,-3.76510E-4,-3.36597E-4,1.89113E-4,8.76923E-4,4.88519E-4,5.88265E-5,-3.58775E-4,-8.39200E-4,-9.54981E-4,-9.93001E-4,-9.62796E-4,-9.32592E-4,-1.16724E-3,-5.84741E-4,-6.71458E-4,-9.18184E-4,-9.52067E-4,-7.66752E-4,-1.41054E-3,-9.27676E-4,-9.45709E-4,-7.08195E-4,-1.11298E-4,7.74671E-4,-2.56157E-4,-1.68849E-3,-1.14172E-3,-1.03310E-3,-5.88232E-4,1.69440E-3,1.97433E-3,1.57678E-3,2.39952E-4,1.58237E-4,1.20497E-3,-5.67007E-4,-2.30102E-3,2.46380E-3,6.68639E-4,2.66042E-3,1.69825E-3,3.09418E-3,4.17918E-3,3.89865E-3,3.38373E-2,8.02226E-2,2.67256E-2,-1.56842E-1,-2.54325E-1,-1.82989E-1,-2.12737E-2,3.91595E-2,6.69752E-3,-6.48384E-3,-1.66326E-3,-2.40192E-3,-3.06726E-3,-1.49969E-3,-3.13314E-3,-2.69484E-3,-1.43777E-3,-2.41812E-3,-2.51499E-3,-3.20871E-3,-6.52378E-3,-3.45980E-3,-2.69751E-3,-2.66905E-3,-2.33104E-3,-3.58807E-3,-3.27489E-3,-3.10021E-3,-3.36945E-3,-3.45080E-3,-2.57786E-3,-2.03455E-3,-1.53997E-3,-1.79725E-3,-2.96727E-3,-3.43114E-3,-1.57556E-3,-1.18572E-3,-1.29009E-3,-3.02869E-3,-2.78257E-3,-2.55630E-3,-3.68858E-3,-4.06087E-3,-3.94072E-3,-2.91840E-3,-3.05706E-3,-2.97121E-3,-2.71101E-3,-3.37461E-3,-4.18816E-3,-1.68243E-3,-4.28765E-3,-1.14842E-3,-1.70131E-3,-3.10150E-3,-1.45025E-3,-3.24908E-3,-2.67500E-3,-2.39525E-3,-1.60495E-3,-2.02927E-3,-6.24728E-4,-5.72519E-4,-2.39104E-3,-1.81092E-3,-2.47924E-3,-4.35143E-3,-3.69951E-3,-2.60232E-3,-1.48421E-3,-2.91153E-3,-3.08466E-3,-1.91432E-3,-2.61893E-3,-3.42411E-3,-1.99310E-3,3.27194E-5,-2.95603E-3,-3.91802E-3,-3.29775E-3,-2.20782E-3,-3.41085E-3,-3.31346E-3,-3.55656E-3,-3.74190E-3,-2.91542E-3,-2.73185E-3,-3.27771E-3,-3.75428E-3
1.52215E+3,NaN,NaN,-7.66771E-4,-4.83993E-4,9.60711E-5,6.16966E-4,5.42779E-4,2.01199E-4,6.81251E-4,1.71798E-4,-6.12745E-4,-6.07977E-4,-8.52768E-4,-1.21325E-3,-1.57373E-3,-1.23106E-3,-3.47259E-4,-5.34877E-4,-9.38925E-4,-1.27837E-3,-5.94341E-4,-1.22866E-3,-5.25385E-4,-9.25947E-4,-7.96439E-5,3.23494E-4,2.21152E-4,-4.95845E-4,-1.62290E-3,-6.30480E-4,-7.76636E-4,-2.19303E-4,2.30189E-3,1.22640E-3,1.08482E-5,1.23514E-4,-4.56187E-4,-5.85286E-4,-1.61209E-3,-1.05852E-3,4.62745E-3,-6.64344E-4,3.11069E-3,6.08898E-4,4.99340E-3,3.97319E-3,4.37342E-3,3.43139E-2,8.90785E-2,3.21704E-2,-1.70448E-1,-2.66111E-1,-1.86918E-1,-1.36556E-2,3.67251E-2,2.96530E-3,-3.45416E-3,-6.15730E-4,-2.82946E-3,-1.67140E-3,-1.44064E-3,-1.81403E-3,-8.94207E-4,-2.11084E-3,-3.26322E-3,-3.03816E-3,-3.35992E-3,-7.37702E-3,-2.20807E-3,-2.13569E-3,-2.74815E-3,-2.44906E-3,-3.83453E-3,-2.93921E-3,-2.42150E-3,-3.23831E-3,-3.19518E-3,-2.64415E-3,-1.74563E-3,-1.69411E-3,-2.49132E-3,-3.01063E-3,-3.54073E-3,-2.06944E-3,-1.90281E-3,-1.53232E-3,-3.39256E-3,-2.66787E-3,-2.59850E-3,-2.97139E-3,-3.44295E-3,-4.10560E-3,-2.86224E-3,-3.64197E-3,-3.38142E-3,-2.78619E-3,-3.32224E-3,-4.66918E-3,-2.34865E-3,-4.37007E-3,-5.87813E-4,-2.14730E-3,-3.52889E-3,-2.00035E-3,-3.64297E-3,-2.62180E-3,-2.34780E-3,-1.55265E-3,-1.88260E-3,-8.57921E-4,-6.27811E-4,-2.80445E-3,-2.11975E-3,-1.86418E-3,-4.26176E-3,-3.87032E-3,-2.45780E-3,-2.08408E-3,-3.08731E-3,-3.36839E-3,-1.61086E-3,-3.13553E-3,-3.46834E-3,-1.57225E-3,-3.81419E-5,-3.61269E-3,-3.25283E-3,-3.50569E-3,-2.48489E-3,-3.81087E-3,-3.52004E-3,-3.72359E-3,-3.82481E-3,-2.69670E-3,-3.71494E-3,-3.59015E-3,-3.65672E-3
1.52567E+3,NaN,NaN,-3.71043E-4,-7.90626E-5,3.62567E-5,2.68206E-4,6.39371E-4,-1.33164E-4,-2.04184E-4,-4.33156E-4,-1.12730E-3,-1.29894E-3,-1.26641E-3,-1.19287E-3,-1.11933E-3,-3.37744E-4,6.52389E-4,-4.12186E-4,1.08897E-4,-1.82411E-3,-3.58107E-4,-1.12707E-3,-7.05299E-4,-9.46354E-4,-2.15029E-4,1.33446E-4,9.62680E-4,-4.43555E-4,-9.82183E-4,-1.04387E-3,-3.86519E-4,-3.03039E-4,2.03985E-3,7.37936E-4,-2.75671E-4,-5.25919E-4,-1.15684E-3,-1.16489E-3,5.96207E-4,1.98901E-3,3.83242E-3,1.31146E-3,2.17324E-3,-8.77059E-4,6.79709E-3,1.87981E-3,2.54439E-3,3.10425E-2,9.85535E-2,4.28805E-2,-1.83057E-1,-2.83250E-1,-1.93689E-1,-3.56755E-3,3.98555E-2,1.49216E-3,-1.64237E-4,-5.38209E-4,-4.49906E-4,1.12702E-3,-9.52699E-4,8.06322E-4,1.39659E-4,-3.23308E-3,-1.55511E-3,-1.63630E-3,-2.02065E-3,-8.61886E-3,-1.42719E-3,-2.47776E-3,-3.11431E-3,-1.91350E-3,-2.89704E-3,-3.45677E-3,-2.67083E-3,-3.47902E-3,-3.05114E-3,-2.52740E-3,-2.15621E-3,-2.33882E-3,-2.82066E-3,-2.66038E-3,-3.67814E-3,-1.73169E-3,-2.52596E-3,-2.27626E-3,-3.76960E-3,-2.11533E-3,-2.62668E-3,-2.82738E-3,-3.29499E-3,-3.78516E-3,-2.77487E-3,-3.07495E-3,-3.01744E-3,-2.92545E-3,-2.88113E-3,-4.33719E-3,-2.34812E-3,-3.51794E-3,-1.38798E-3,-2.57796E-3,-3.21360E-3,-2.06129E-3,-3.34858E-3,-2.95223E-3,-2.11822E-3,-2.10411E-3,-1.84395E-3,-1.43689E-3,-1.01323E-3,-3.18148E-3,-1.97985E-3,-2.44939E-3,-4.07341E-3,-3.16577E-3,-1.77050E-3,-1.99522E-3,-3.00824E-3,-3.15763E-3,-2.07506E-3,-2.48820E-3,-3.56580E-3,-1.59842E-3,4.08410E-4,-2.38804E-3,-3.72242E-3,-3.27149E-3,-2.16133E-3,-3.36694E-3,-3.12435E-3,-2.85286E-3,-3.56617E-3,-2.87033E-3,-3.15336E-3,-3.23701E-3,-3.95052E-3
1.52918E+3,NaN,NaN,-8.45697E-4,-8.29458E-4,-2.52953E-4,3.75018E-4,1.10937E-3,5.76087E-4,1.68816E-4,1.56755E-4,-5.75347E-4,-9.62614E-4,-1.02975E-3,-1.09074E-3,-9.87646E-4,1.71797E-4,4.21167E-4,-4.56043E-4,-2.11200E-4,-1.08528E-3,-1.27702E-3,-2.15820E-3,-1.05038E-3,-3.11850E-4,-2.05580E-4,-1.43569E-4,1.43787E-4,-1.15322E-3,-1.81986E-3,-5.58293E-4,-5.80251E-4,-1.55896E-4,8.14612E-4,-3.21109E-4,5.89344E-4,-9.06238E-4,-1.87165E-3,-2.87891E-4,1.32535E-3,1.88381E-3,8.63462E-5,3.86583E-3,-5.92571E-4,1.16702E-3,3.41526E-3,5.88272E-4,4.72470E-3,3.18498E-2,9.30478E-2,3.72480E-2,-1.77716E-1,-2.80533E-1,-1.90186E-1,-1.25228E-2,3.69044E-2,6.29922E-3,2.53082E-3,6.96393E-4,1.32795E-3,2.69609E-3,-1.67082E-4,2.47474E-3,-4.23740E-3,-3.55280E-3,-7.34712E-4,-1.91283E-3,-3.69790E-3,-9.39324E-3,-1.63686E-3,-2.04714E-3,-3.76063E-3,-2.75103E-3,-3.73389E-3,-3.02379E-3,-2.86253E-3,-4.33489E-3,-4.10182E-3,-2.16951E-3,-2.35454E-3,-1.25387E-3,-3.08690E-3,-2.47959E-3,-2.80990E-3,-2.45517E-3,-2.77943E-3,-2.76957E-3,-3.70200E-3,-2.22862E-3,-2.22161E-3,-2.87844E-3,-3.05622E-3,-3.79813E-3,-3.33128E-3,-3.66398E-3,-3.98052E-3,-3.32799E-3,-3.03937E-3,-4.34307E-3,-2.23101E-3,-4.27223E-3,-1.54413E-3,-2.79306E-3,-2.98542E-3,-2.58017E-3,-3.28084E-3,-2.88913E-3,-2.54749E-3,-2.98451E-3,-2.26824E-3,-2.31014E-3,-1.53123E-3,-3.05894E-3,-3.24600E-3,-3.62009E-3,-4.62578E-3,-4.16000E-3,-3.21034E-3,-3.01659E-3,-3.98842E-3,-3.43207E-3,-1.82167E-3,-3.28183E-3,-4.65711E-3,-1.77793E-3,-1.13902E-3,-2.29123E-3,-4.11351E-3,-3.89311E-3,-2.79715E-3,-3.67445E-3,-3.32462E-3,-4.08624E-3,-3.92423E-3,-2.08146E-3,-3.43161E-3,-3.83907E-3,-4.93041E-3
1.53270E+3,NaN,NaN,-8.45376E-4,-6.23015E-4,1.31312E-4,1.08120E-3,7.27935E-4,8.69958E-6,-1.79528E-4,-7.92789E-4,-1.58695E-3,-1.79661E-3,-1.63625E-3,-1.47590E-3,-1.20905E-3,-5.67671E-4,-8.91105E-5,-4.37514E-4,-6.51175E-4,-1.63078E-3,-1.36112E-3,-1.68783E-3,-3.39761E-4,-5.15619E-4,-6.03156E-6,7.94788E-4,-1.10860E-5,-1.44370E-3,-1.53141E-3,-7.05828E-4,3.97245E-4,3.54452E-4,7.15303E-4,5.59040E-5,-2.54364E-5,-2.04763E-4,2.75106E-5,1.26199E-3,3.95604E-4,8.62207E-5,8.50551E-4,3.87198E-3,-1.01844E-3,2.59996E-3,1.29581E-3,-5.35411E-4,5.34599E-3,3.55416E-2,9.22402E-2,2.86155E-2,-1.73738E-1,-2.75285E-1,-1.81606E-1,-1.77208E-2,3.22541E-2,1.05716E-2,3.02375E-3,1.26456E-4,2.46176E-3,2.35722E-3,2.34142E-4,-1.23301E-4,-3.08497E-3,-4.75989E-5,-1.05803E-3,-2.02319E-3,-5.17921E-3,-7.96622E-3,-2.16584E-3,-2.99666E-3,-2.85486E-3,-1.98163E-3,-3.13657E-3,-3.13719E-3,-2.33713E-3,-3.64828E-3,-3.61762E-3,-2.57898E-3,-2.93522E-3,-2.71383E-3,-3.50889E-3,-3.09214E-3,-3.22287E-3,-2.59707E-3,-2.43098E-3,-2.97471E-3,-3.38554E-3,-2.33926E-3,-2.48288E-3,-2.66152E-3,-4.01037E-3,-3.87286E-3,-3.39289E-3,-3.30802E-3,-3.17976E-3,-3.15328E-3,-3.23562E-3,-4.70563E-3,-2.97927E-3,-4.12303E-3,-1.86144E-3,-2.97439E-3,-3.67990E-3,-3.02380E-3,-3.39479E-3,-2.98885E-3,-3.24697E-3,-3.89889E-3,-1.79934E-3,-1.13721E-3,-1.31357E-3,-3.02753E-3,-2.74811E-3,-3.52865E-3,-3.90172E-3,-2.84963E-3,-2.79824E-3,-2.99613E-3,-3.90094E-3,-4.34608E-3,-2.68789E-3,-3.26795E-3,-4.58170E-3,-2.01942E-3,-1.38276E-3,-2.48015E-3,-4.26648E-3,-3.15725E-3,-2.52857E-3,-3.86578E-3,-3.53945E-3,-3.78988E-3,-4.06215E-3,-2.74465E-3,-3.89656E-3,-3.98160E-3,-5.28095E-3
1.53622E+3,NaN,NaN,-8.41222E-4,-8.88369E-4,6.84934E-5,6.28561E-4,1.12985E-3,9.03132E-5,-2.45232E-4,-7.77430E-4,-1.53024E-3,-1.65372E-3,-1.40469E-3,-1.15565E-3,-7.69378E-4,-2.40326E-4,-2.84520E-4,-6.09457E-4,-8.21958E-4,-1.52163E-3,-2.20654E-3,-1.77421E-3,-6.22741E-4,-8.65577E-4,-1.71703E-5,9.40977E-4,4.44278E-4,-8.15404E-4,-1.02360E-3,-3.90691E-4,3.36495E-5,6.25023E-4,3.69857E-4,-1.01543E-4,-2.02094E-4,-2.28702E-4,3.61808E-4,-3.98024E-4,-2.08121E-3,-1.55657E-4,2.37853E-3,1.10634E-3,1.12595E-3,3.00628E-3,-1.60927E-3,-9.10385E-4,3.28340E-3,4.05422E-2,9.57279E-2,1.89992E-2,-1.80712E-1,-2.75265E-1,-1.73198E-1,-1.91064E-2,3.00492E-2,1.33926E-2,3.10069E-3,6.49565E-4,2.13426E-3,1.54967E-3,-5.23166E-4,-2.27385E-3,-1.13903E-3,-8.04481E-4,-2.76005E-3,-2.66445E-3,-5.72749E-3,-6.84736E-3,-2.24370E-3,-2.76132E-3,-2.98629E-3,-2.61119E-3,-3.46942E-3,-3.17029E-3,-2.79926E-3,-3.66141E-3,-2.83370E-3,-1.83628E-3,-2.74295E-3,-3.14836E-3,-3.54437E-3,-3.47141E-3,-3.88531E-3,-3.18255E-3,-3.15372E-3,-3.50980E-3,-3.86855E-3,-2.65051E-3,-2.58000E-3,-2.52519E-3,-3.31460E-3,-3.97767E-3,-3.73059E-3,-3.86111E-3,-3.57133E-3,-3.10330E-3,-3.19764E-3,-4.31811E-3,-2.49027E-3,-4.08883E-3,-1.74952E-3,-3.05760E-3,-3.31663E-3,-2.42813E-3,-3.43259E-3,-3.28062E-3,-3.62246E-3,-3.45648E-3,-1.76630E-3,-2.07408E-3,-1.82320E-3,-3.96872E-3,-3.59848E-3,-3.98250E-3,-4.88487E-3,-3.61412E-3,-2.99444E-3,-3.23455E-3,-4.08294E-3,-3.84211E-3,-3.07759E-3,-3.27045E-3,-4.14846E-3,-1.98825E-3,-1.82127E-3,-2.72914E-3,-3.93325E-3,-3.67692E-3,-2.89991E-3,-3.99194E-3,-4.20077E-3,-3.31450E-3,-4.32429E-3,-2.55063E-3,-4.46764E-3,-4.05874E-3,-4.23557E-3
1.53974E+3,NaN,NaN,-4.09973E-4,-4.58333E-4,1.02826E-4,3.56842E-4,4.78606E-4,-2.19624E-4,-5.85419E-4,-1.00792E-3,-1.74866E-3,-1.82733E-3,-1.62354E-3,-1.41975E-3,-8.04608E-4,1.17034E-4,1.01800E-4,-2.13378E-4,-1.20824E-3,-1.26802E-3,-1.35674E-3,-5.24802E-4,4.04996E-5,-4.46859E-4,-4.82481E-5,1.60733E-5,-2.81952E-4,-9.39245E-4,-1.15639E-3,-3.81817E-4,9.82367E-5,4.17361E-4,6.02732E-5,-5.09547E-4,-8.61168E-4,-1.09876E-3,-6.43240E-4,-1.37807E-3,-2.08892E-3,1.95686E-3,3.02928E-3,1.24937E-3,4.31259E-3,2.30816E-3,-9.08819E-4,6.35620E-4,2.02955E-3,4.74720E-2,1.04423E-1,1.20372E-2,-1.92043E-1,-2.75571E-1,-1.61941E-1,-1.36641E-2,2.86985E-2,1.27240E-2,3.45116E-3,1.45218E-3,6.64742E-4,1.57944E-3,-7.93738E-4,-9.57491E-4,3.29128E-4,-1.28491E-3,-2.15769E-3,-1.14393E-3,-6.05631E-3,-5.27393E-3,-1.49710E-3,-3.09700E-3,-2.95702E-3,-2.54011E-3,-3.73594E-3,-3.03074E-3,-2.19569E-3,-3.43327E-3,-3.06784E-3,-2.91207E-3,-3.43376E-3,-3.77806E-3,-2.80574E-3,-2.87431E-3,-3.24767E-3,-3.36117E-3,-3.29045E-3,-3.52891E-3,-3.07023E-3,-2.09860E-3,-1.44496E-3,-1.97145E-3,-3.47659E-3,-3.62326E-3,-3.11539E-3,-3.21857E-3,-2.71939E-3,-3.21729E-3,-3.33682E-3,-4.47874E-3,-3.18320E-3,-4.31266E-3,-2.60204E-3,-2.87637E-3,-3.18163E-3,-2.94400E-3,-2.95755E-3,-3.48976E-3,-3.54322E-3,-4.17200E-3,-1.45550E-3,-3.00067E-3,-2.18122E-3,-3.44036E-3,-3.87720E-3,-4.23226E-3,-4.26294E-3,-3.05105E-3,-2.73379E-3,-2.99943E-3,-4.69316E-3,-4.37671E-3,-3.50241E-3,-2.24843E-3,-4.48314E-3,-1.72152E-3,-1.77471E-3,-1.99160E-3,-2.94266E-3,-3.64740E-3,-1.97936E-3,-3.86756E-3,-3.27662E-3,-3.30359E-3,-4.12877E-3,-1.90350E-3,-4.42929E-3,-3.89267E-3,-4.06052E-3
1.54325E+3,NaN,NaN,-9.86611E-4,-1.53080E-3,-5.65836E-4,6.49577E-4,1.51696E-3,2.57167E-4,-2.10073E-4,3.50467E-4,-8.89863E-4,-1.10498E-3,-1.05612E-3,-1.00726E-3,2.38850E-4,3.78918E-4,-4.51221E-4,1.83430E-4,-8.23680E-4,-1.70515E-3,-1.94691E-3,-8.37812E-4,-8.18889E-4,-7.13843E-4,1.29749E-3,1.06377E-3,-5.50084E-4,-1.88558E-3,-6.02182E-4,-3.82524E-4,7.27673E-5,-2.71105E-4,-1.73114E-4,-1.77489E-4,-2.64421E-4,-2.14268E-3,-2.20565E-3,-1.77285E-3,-1.73692E-3,2.79536E-3,-2.08811E-4,1.54269E-3,5.61320E-3,7.23692E-4,-4.01118E-4,5.22020E-4,-7.73985E-4,5.18087E-2,1.15226E-1,8.67918E-3,-2.08461E-1,-2.81528E-1,-1.51968E-1,-3.65331E-3,2.78675E-2,9.80160E-3,2.83075E-3,-3.59884E-4,-1.24956E-3,2.01723E-3,-5.33421E-4,-4.06738E-4,-2.09419E-3,-2.69984E-3,-1.17748E-3,-1.47399E-3,-8.35533E-3,-4.53084E-3,-1.75662E-3,-3.35713E-3,-2.36545E-3,-2.49187E-3,-3.33319E-3,-1.66709E-3,-2.54420E-3,-4.42657E-3,-1.98227E-3,-3.01813E-3,-3.33735E-3,-3.49709E-3,-2.83724E-3,-3.07524E-3,-2.37975E-3,-3.61512E-3,-4.41527E-3,-4.06189E-3,-2.43620E-3,-1.83914E-3,-1.18470E-3,-1.96943E-3,-3.32608E-3,-4.12218E-3,-3.41188E-3,-3.79470E-3,-2.84887E-3,-2.98600E-3,-3.72273E-3,-4.99773E-3,-3.34320E-3,-5.32903E-3,-3.09479E-3,-3.10800E-3,-2.85889E-3,-2.04793E-3,-3.16334E-3,-2.79326E-3,-3.12977E-3,-3.59379E-3,-2.07212E-3,-2.93998E-3,-2.71195E-3,-3.62502E-3,-3.37624E-3,-3.97351E-3,-4.50869E-3,-2.49365E-3,-3.07861E-3,-3.16770E-3,-4.43297E-3,-3.65292E-3,-2.50986E-3,-4.25005E-3,-4.29137E-3,-1.48140E-3,-2.74297E-3,-1.79819E-3,-3.95025E-3,-3.25644E-3,-2.29135E-3,-4.46308E-3,-2.93547E-3,-3.48796E-3,-4.10494E-3,-2.75282E-3,-4.45262E-3,-4.44861E-3,-4.91905E-3
1.54677E+3,NaN,NaN,-1.23162E-3,-1.37177E-3,-6.16243E-4,1.24915E-3,1.29043E-3,-2.17435E-4,-4.01808E-5,-8.55153E-4,-1.88586E-3,-1.77382E-3,-1.46486E-3,-1.15590E-3,3.83612E-4,3.17739E-4,-6.37147E-4,1.88324E-4,-1.95341E-3,-1.28122E-3,-2.76933E-3,-6.67575E-4,-1.15071E-3,-2.65550E-4,1.89469E-3,6.77023E-4,-5.79122E-4,-2.19819E-3,-2.11570E-4,8.37448E-4,4.96836E-4,4.19697E-4,-2.38214E-4,-7.19768E-4,-1.41645E-3,-2.44958E-3,-1.64727E-3,-1.88001E-4,-9.13851E-5,2.40063E-3,-3.23523E-3,1.73089E-3,3.21908E-3,8.82225E-4,1.52404E-3,-1.42194E-3,-3.23282E-3,5.39847E-2,1.27032E-1,1.04036E-2,-2.29656E-1,-2.92193E-1,-1.44815E-1,1.04623E-2,2.52763E-2,3.25863E-3,1.59785E-3,-3.73022E-3,-2.08471E-3,1.71655E-3,6.86398E-5,-2.14503E-3,-4.02912E-3,-1.39579E-3,-1.03707E-3,-2.47950E-3,-9.73667E-3,-4.05160E-3,-1.79412E-3,-3.79850E-3,-2.69046E-3,-3.79636E-3,-3.48017E-3,-2.51577E-3,-3.46950E-3,-4.99558E-3,-1.56638E-3,-3.79001E-3,-2.78364E-3,-4.49359E-3,-2.99804E-3,-3.80156E-3,-2.13533E-3,-2.98529E-3,-3.10616E-3,-4.37817E-3,-2.82173E-3,-2.53037E-3,-1.33313E-3,-2.05830E-3,-4.55194E-3,-4.62594E-3,-3.26216E-3,-3.92025E-3,-3.09759E-3,-3.75665E-3,-4.23827E-3,-4.83597E-3,-4.14902E-3,-5.81445E-3,-3.36668E-3,-4.34860E-3,-3.19050E-3,-2.11614E-3,-2.80648E-3,-2.98451E-3,-3.49709E-3,-3.49749E-3,-1.90999E-3,-2.90577E-3,-2.84156E-3,-4.58553E-3,-3.59989E-3,-4.44229E-3,-5.21385E-3,-2.87423E-3,-3.74325E-3,-4.29641E-3,-4.78590E-3,-3.94425E-3,-4.31489E-3,-4.58423E-3,-4.82176E-3,-2.28301E-3,-2.85183E-3,-2.08965E-3,-4.43305E-3,-4.61327E-3,-2.92757E-3,-4.37082E-3,-3.68327E-3,-4.26875E-3,-4.55509E-3,-1.77481E-3,-5.93984E-3,-4.85816E-3,-5.15094E-3
1.55029E+3,NaN,NaN,-8.52589E-4,-1.44409E-3,-1.44069E-4,7.52351E-4,1.10061E-3,9.00961E-5,1.54924E-4,-4.95148E-4,-1.27782E-3,-1.04219E-3,-7.15954E-4,-3.89713E-4,1.64311E-4,4.28464E-4,7.23792E-4,1.28666E-3,-1.58460E-3,-7.62992E-4,-1.80817E-3,5.43856E-4,-6.56642E-4,-1.64474E-4,1.79922E-3,2.50628E-4,3.62911E-4,-3.64441E-4,7.19053E-4,-3.52115E-4,1.16563E-3,2.68131E-4,-8.82645E-5,-1.39759E-3,2.79360E-4,-4.58221E-5,2.22265E-3,1.65407E-3,3.23276E-3,8.60146E-4,1.88591E-3,3.98924E-3,2.11753E-3,7.08214E-3,6.38434E-3,-7.37789E-4,-2.16939E-3,5.80669E-2,1.50580E-1,2.30260E-2,-2.51847E-1,-3.05123E-1,-1.37678E-1,3.12584E-2,2.55135E-2,-3.79004E-4,3.75852E-3,-1.85878E-3,1.51573E-3,3.99351E-3,5.17569E-3,-2.94023E-3,4.83291E-4,4.70524E-4,-8.89044E-4,-9.39191E-4,-8.92970E-3,-1.44388E-3,-1.28880E-3,-4.09720E-3,-1.10412E-3,-2.68205E-3,-3.58647E-3,-8.92532E-4,-2.32678E-3,-4.28461E-3,-2.06495E-4,-4.12591E-3,-3.37267E-3,-3.87694E-3,-1.85620E-3,-3.67873E-3,-2.69622E-3,-3.72485E-3,-3.16670E-3,-4.28228E-3,-1.60704E-3,-1.39742E-3,-4.23080E-4,-2.13598E-3,-3.95369E-3,-3.49764E-3,-1.59352E-3,-3.59516E-3,-6.20172E-4,-3.02870E-3,-2.91823E-3,-3.99313E-3,-3.29669E-3,-4.66540E-3,-3.33624E-3,-3.72990E-3,-3.07706E-3,-2.67507E-3,-2.54731E-3,-3.08531E-3,-3.62063E-3,-3.74702E-3,-2.27629E-3,-3.04472E-3,-1.98900E-3,-3.35096E-3,-3.45403E-3,-4.34821E-3,-4.00634E-3,-1.78965E-3,-2.58801E-3,-4.24823E-3,-4.57239E-3,-4.45149E-3,-3.00673E-3,-2.99847E-3,-4.23975E-3,-1.90415E-3,-3.15574E-3,-1.47709E-3,-3.17566E-3,-2.58872E-3,-2.70607E-3,-4.54173E-3,-2.06627E-3,-2.18477E-3,-2.87513E-3,-2.29117E-3,-3.94094E-3,-4.67532E-3,-4.19451E-3
1.55381E+3,NaN,NaN,-3.42141E-4,-6.00100E-4,1.04132E-4,-6.86674E-4,1.00308E-3,-3.49925E-4,-3.79006E-4,-2.88624E-4,-1.27280E-3,-8.69895E-4,-4.59852E-4,-4.51337E-5,3.48108E-4,2.53558E-4,-5.76402E-4,-2.75881E-4,-2.37767E-3,-1.00973E-3,-2.70305E-3,1.17925E-3,-3.05344E-4,-2.63659E-4,1.39520E-3,5.56452E-4,-4.74450E-4,-3.22402E-4,-2.76638E-4,-8.90329E-4,1.00713E-3,-6.12328E-4,-2.26332E-4,-3.46010E-4,-1.01959E-3,-8.00261E-4,-1.74659E-4,-1.53710E-3,-3.48004E-4,-6.84781E-4,4.01180E-3,2.71555E-4,2.15317E-3,9.03378E-3,6.35255E-3,-9.19617E-4,4.95061E-3,6.22013E-2,1.40691E-1,1.61513E-2,-2.44387E-1,-2.89735E-1,-1.29971E-1,2.74228E-2,2.06605E-2,-2.04072E-3,3.72664E-3,-1.22017E-3,3.28407E-3,2.93590E-3,2.31898E-3,-3.73295E-3,5.29424E-4,-1.44458E-3,-1.54835E-3,-8.63575E-4,-7.58075E-3,-1.14922E-3,-7.37178E-4,-4.37885E-3,-1.60365E-3,-2.26950E-3,-3.86688E-3,-1.39313E-3,-2.29191E-3,-4.41961E-3,8.54640E-4,-4.43703E-3,-2.62086E-3,-4.72840E-3,-1.73388E-3,-3.58633E-3,-3.65965E-3,-4.08515E-3,-4.58688E-3,-4.49429E-3,-1.63931E-3,-7.84627E-4,-8.11633E-4,-2.44087E-3,-3.92597E-3,-3.91329E-3,-1.64835E-3,-3.54436E-3,-1.79068E-3,-3.61394E-3,-3.14009E-3,-4.18365E-3,-3.54659E-3,-4.87030E-3,-3.38700E-3,-3.97710E-3,-3.31028E-3,-2.50397E-3,-2.55210E-3,-2.90712E-3,-4.17513E-3,-3.63130E-3,-1.37852E-3,-3.19978E-3,-2.81688E-3,-4.19798E-3,-4.23909E-3,-4.40078E-3,-4.30218E-3,-2.31477E-3,-3.18679E-3,-4.61318E-3,-5.70433E-3,-4.40337E-3,-3.35322E-3,-3.15895E-3,-3.72482E-3,-3.06950E-3,-3.93393E-3,-1.87750E-3,-3.51909E-3,-3.16930E-3,-2.01778E-3,-5.72369E-3,-2.76156E-3,-2.85259E-3,-3.50089E-3,-2.52430E-3,-4.52740E-3,-5.22667E-3,-4.37378E-3
1.55733E+3,NaN,8.07327E-4,-1.25140E-3,-1.88898E-3,-1.21838E-4,6.26134E-4,2.28538E-3,-5.08305E-4,-2.14501E-4,-6.08231E-5,-1.64234E-3,-1.23821E-3,-8.34073E-4,-1.66557E-4,7.15243E-4,3.39202E-4,2.43408E-4,-2.34843E-4,-2.12771E-3,-1.84763E-3,-1.61109E-3,4.10139E-4,-7.37892E-4,6.94957E-4,2.64069E-3,9.73973E-4,-1.20476E-3,-1.94688E-3,4.16730E-4,8.78561E-4,6.66000E-4,-5.64855E-4,-1.10518E-4,-8.78619E-4,-2.11826E-3,-2.83259E-3,-2.60461E-3,-4.87816E-3,-3.02899E-3,9.52876E-4,1.19856E-3,-3.45223E-3,4.91326E-4,7.06430E-3,2.74043E-3,-4.26197E-3,6.66681E-3,6.76411E-2,1.32680E-1,1.79392E-4,-2.44293E-1,-2.77935E-1,-1.21644E-1,1.81746E-2,1.20841E-2,-4.93609E-3,-8.46488E-4,-1.73337E-3,1.48987E-3,-4.32599E-4,-1.59364E-3,-3.24738E-3,-6.41663E-4,-2.09399E-3,-1.26591E-3,-3.34517E-3,-7.08652E-3,-1.15057E-3,-2.58604E-3,-4.04994E-3,-2.52304E-3,-3.25781E-3,-3.49705E-3,-2.06512E-3,-3.43719E-3,-3.88223E-3,-9.75845E-4,-4.14582E-3,-3.75628E-3,-4.86555E-3,-3.26494E-3,-3.52249E-3,-3.13955E-3,-4.60487E-3,-5.27794E-3,-3.49700E-3,-9.24899E-4,-1.37393E-3,-4.49277E-4,-2.08992E-3,-4.74687E-3,-4.58786E-3,-2.86468E-3,-4.01515E-3,-2.20946E-3,-3.82447E-3,-3.70842E-3,-4.35904E-3,-3.96320E-3,-5.87659E-3,-5.00893E-3,-4.85341E-3,-3.41617E-3,-2.04333E-3,-2.40663E-3,-3.11636E-3,-4.08867E-3,-3.26902E-3,-1.53956E-3,-3.31148E-3,-2.71229E-3,-4.50270E-3,-4.69634E-3,-5.49244E-3,-5.07936E-3,-1.73456E-3,-3.07037E-3,-5.00547E-3,-5.55755E-3,-4.56765E-3,-4.04348E-3,-4.29315E-3,-3.77332E-3,-1.41386E-3,-3.95857E-3,-1.60183E-3,-4.58036E-3,-3.60074E-3,-2.77692E-3,-5.03715E-3,-2.93584E-3,-2.91859E-3,-4.79090E-3,-1.93351E-3,-5.33383E-3,-4.77812E-3,-4.80970E-3
1.56085E+3,NaN,1.10192E-3,-1.82202E-3,-1.54932E-3,3.58480E-4,5.28965E-4,1.30318E-3,-1.09012E-4,-5.88117E-4,-7.14782E-4,-1.25114E-3,-1.01679E-3,-7.82434E-4,-5.12297E-4,5.67161E-5,2.11320E-4,-1.77166E-4,-9.14533E-4,-1.76998E-3,-2.06906E-3,-1.61300E-3,1.51203E-4,-8.16046E-4,7.57262E-4,9.38079E-4,-4.41065E-4,-6.70998E-4,-7.63255E-4,-5.24800E-5,4.94141E-4,4.06874E-4,-9.25191E-4,-2.10856E-4,-1.95481E-4,-8.67383E-4,-2.18904E-3,-1.17063E-3,-2.45495E-3,-3.38686E-4,4.25157E-3,6.84381E-4,-1.24190E-3,6.27320E-3,9.64327E-3,3.23213E-3,-1.19624E-3,1.29680E-2,8.07406E-2,1.35572E-1,-1.19092E-2,-2.40162E-1,-2.61313E-1,-1.05448E-1,1.61698E-2,1.13998E-2,-2.77766E-4,1.94361E-3,2.89342E-3,3.83548E-3,3.96446E-4,-8.81279E-4,1.02482E-3,-5.77232E-4,-6.89211E-4,-9.53939E-4,-4.60543E-3,-6.14134E-3,-2.04098E-3,-2.86657E-3,-3.30131E-3,-1.59601E-3,-3.33505E-3,-3.34424E-3,-2.07812E-3,-3.86111E-3,-3.11337E-3,-1.70631E-3,-3.78462E-3,-3.93488E-3,-3.55282E-3,-1.81694E-3,-3.21730E-3,-3.71810E-3,-5.18488E-3,-4.85147E-3,-3.05160E-3,-1.50266E-3,-7.76166E-4,-6.37924E-4,-3.13939E-3,-4.48301E-3,-3.51428E-3,-2.18819E-3,-2.73499E-3,-2.30722E-3,-3.86296E-3,-2.98504E-3,-3.97085E-3,-3.38378E-3,-4.93655E-3,-3.77928E-3,-4.64538E-3,-4.54843E-3,-2.09293E-3,-1.85547E-3,-3.34986E-3,-4.56226E-3,-3.52690E-3,-2.02344E-3,-3.78183E-3,-3.00001E-3,-4.00404E-3,-4.12488E-3,-4.20419E-3,-3.79849E-3,-1.81528E-3,-3.39598E-3,-4.84183E-3,-5.49497E-3,-4.56464E-3,-4.01311E-3,-3.52664E-3,-4.48461E-3,-2.24273E-3,-4.23244E-3,-2.04132E-3,-4.00122E-3,-2.91890E-3,-1.37165E-3,-5.77856E-3,-2.50026E-3,-2.10411E-3,-2.65990E-3,-8.50281E-4,-4.19384E-3,-4.90177E-3,-4.10041E-3
1.56438E+3,NaN,-1.36928E-5,-2.10793E-3,-2.19244E-3,2.53711E-4,1.02439E-3,2.48665E-3,3.41345E-4,-1.08142E-3,-9.91997E-4,-2.21375E-3,-1.79781E-3,-1.38187E-3,-4.37926E-4,5.31197E-4,1.92482E-4,1.13817E-4,-6.56051E-4,-1.66455E-3,-2.60939E-3,-1.14861E-3,-5.19387E-4,-6.65919E-4,1.80783E-3,1.39134E-3,-3.95785E-4,-9.51185E-4,-3.79841E-4,-2.30070E-4,4.21466E-5,-3.31604E-4,-8.34973E-5,-1.22669E-3,-1.25170E-3,-1.98035E-3,-2.00823E-3,-5.36615E-5,-7.14143E-4,1.65542E-3,1.97162E-3,-1.26826E-3,1.38933E-3,6.15626E-3,6.11981E-3,3.58734E-4,-1.81262E-3,1.23273E-2,9.10177E-2,1.41460E-1,-3.13311E-2,-2.49766E-1,-2.56825E-1,-9.16953E-2,1.30230E-2,9.28938E-3,7.10736E-4,2.35070E-3,3.38538E-3,2.92430E-3,-1.02314E-3,-1.65975E-3,-4.54425E-4,-2.10796E-4,1.54587E-4,-1.04177E-3,-4.78441E-3,-4.44989E-3,-1.93704E-3,-4.07630E-3,-3.53383E-3,-2.37646E-3,-4.05593E-3,-2.54065E-3,-2.09659E-3,-5.05089E-3,-1.98235E-3,-1.92340E-3,-3.69546E-3,-4.68427E-3,-3.55149E-3,-3.46397E-3,-4.38371E-3,-3.96776E-3,-5.25081E-3,-5.81471E-3,-3.64905E-3,-1.73406E-3,-5.00099E-4,-1.64106E-3,-3.49357E-3,-5.24413E-3,-3.63958E-3,-3.26954E-3,-3.30862E-3,-2.85314E-3,-4.52289E-3,-3.89774E-3,-4.16365E-3,-4.79031E-3,-5.80786E-3,-4.59068E-3,-4.27356E-3,-3.15202E-3,-2.46421E-3,-2.92313E-3,-3.69026E-3,-4.61178E-3,-3.62120E-3,-2.73016E-3,-4.04945E-3,-3.58792E-3,-4.69213E-3,-4.81963E-3,-5.47808E-3,-4.15064E-3,-1.86029E-3,-3.72402E-3,-5.71976E-3,-5.35690E-3,-5.57215E-3,-3.93858E-3,-3.80420E-3,-4.94578E-3,-2.71246E-3,-4.67324E-3,-1.37004E-3,-4.14399E-3,-2.85639E-3,-3.10867E-3,-5.54752E-3,-3.04129E-3,-3.04980E-3,-3.83635E-3,-1.58548E-3,-5.53937E-3,-4.92979E-3,-4.80585E-3
1.56790E+3,NaN,-5.02236E-5,-1.86289E-3,-7.68816E-4,1.70721E-4,4.14823E-4,2.56648E-3,-6.88918E-4,-8.35791E-4,-1.47290E-3,-1.89182E-3,-1.43149E-3,-9.71159E-4,-1.01862E-4,7.90151E-4,7.86459E-5,-1.61304E-4,-1.05215E-3,-2.40494E-3,-2.93629E-3,-2.11095E-5,-2.28560E-4,-1.14633E-3,1.37607E-3,5.00260E-4,2.12163E-4,-5.56957E-4,-4.06632E-4,7.28926E-5,9.46632E-4,-1.26502E-3,-1.36953E-3,-2.04617E-3,-1.00541E-3,-1.51870E-3,-4.60532E-4,2.92472E-4,5.28144E-4,2.67497E-3,-1.40939E-3,-2.19276E-3,3.02618E-3,4.22475E-3,2.57592E-3,-2.37309E-3,-2.54165E-3,8.18696E-3,9.99556E-2,1.54257E-1,-4.59814E-2,-2.56474E-1,-2.49860E-1,-7.67894E-2,8.92526E-3,6.12139E-3,-6.08341E-4,1.31895E-3,5.74752E-4,2.68518E-3,1.06117E-3,-2.05909E-3,-2.59116E-3,-4.75105E-4,-1.06069E-3,-7.38453E-4,-3.95442E-3,-3.17921E-3,-1.04458E-3,-4.23333E-3,-2.62827E-3,-1.80114E-3,-3.66387E-3,-2.02515E-3,-2.29873E-3,-5.36142E-3,-8.42925E-4,-3.26969E-3,-4.33530E-3,-5.44805E-3,-2.86682E-3,-3.46783E-3,-3.54810E-3,-4.16132E-3,-5.41276E-3,-5.41151E-3,-2.60429E-3,-1.88574E-3,-4.46257E-4,-1.65108E-3,-3.92645E-3,-5.00856E-3,-3.07229E-3,-3.91205E-3,-3.25435E-3,-3.52490E-3,-5.09935E-3,-5.06747E-3,-5.30881E-3,-4.50775E-3,-5.64726E-3,-4.89634E-3,-4.94854E-3,-4.09799E-3,-2.54461E-3,-2.22360E-3,-3.18168E-3,-4.87719E-3,-3.33228E-3,-2.57399E-3,-3.35597E-3,-2.75208E-3,-4.53165E-3,-4.29785E-3,-4.56976E-3,-4.01343E-3,-1.63214E-3,-3.60569E-3,-6.36314E-3,-5.73744E-3,-6.86668E-3,-4.21269E-3,-3.73526E-3,-5.28079E-3,-2.45377E-3,-4.67843E-3,-1.68848E-3,-4.75903E-3,-3.84556E-3,-2.71126E-3,-6.34278E-3,-2.46118E-3,-3.72671E-3,-3.42670E-3,-2.47644E-3,-5.86949E-3,-5.13174E-3,-5.11467E-3
1.57142E+3,NaN,8.02739E-4,-1.10587E-3,-9.64649E-4,-1.25323E-4,2.05407E-4,8.04705E-4,-2.65962E-4,-1.16891E-3,-9.65075E-4,-1.72557E-3,-1.34601E-3,-9.66461E-4,1.98933E-4,4.84450E-4,-1.59543E-4,-9.38796E-5,-1.19050E-3,-1.03203E-3,-2.41320E-3,2.99205E-4,-6.64274E-4,-8.14738E-4,3.23927E-3,1.35491E-3,6.20840E-4,-1.37451E-3,3.75219E-4,3.27549E-5,6.84781E-4,-1.83151E-3,-9.37514E-4,-7.82928E-4,-1.43501E-4,-1.18373E-3,-3.44956E-4,-1.38278E-3,1.02032E-3,4.28994E-4,-3.01189E-3,-2.63337E-4,5.82242E-3,4.02523E-3,2.73055E-3,-5.51056E-4,-9.69742E-4,5.84731E-3,1.08783E-1,1.72848E-1,-5.63584E-2,-2.65889E-1,-2.49601E-1,-6.10961E-2,1.31987E-2,9.80727E-3,2.09197E-3,1.15887E-3,8.26060E-4,4.34020E-3,3.45143E-3,-2.69594E-3,-3.96818E-5,-3.57833E-4,-1.75377E-3,4.75918E-4,-3.92758E-3,-2.33173E-3,-5.23171E-4,-4.03983E-3,-1.65504E-3,-2.08067E-3,-3.64756E-3,-1.11682E-3,-2.18328E-3,-4.60733E-3,3.31947E-4,-3.88842E-3,-3.13720E-3,-5.89792E-3,-1.31919E-3,-3.94508E-3,-2.84746E-3,-5.23767E-3,-5.59686E-3,-4.64813E-3,-1.99788E-3,-1.74505E-3,7.14943E-4,-1.32059E-3,-3.39063E-3,-6.16818E-3,-2.25861E-3,-3.23963E-3,-2.37908E-3,-3.19214E-3,-5.31525E-3,-4.54632E-3,-4.81756E-3,-4.90141E-3,-5.34818E-3,-4.57568E-3,-5.09916E-3,-4.01113E-3,-2.17914E-3,-2.51564E-3,-3.59806E-3,-5.02842E-3,-3.35518E-3,-2.52777E-3,-2.70099E-3,-2.98673E-3,-4.63427E-3,-4.43133E-3,-4.95539E-3,-3.35806E-3,-2.07310E-4,-2.51442E-3,-6.29173E-3,-6.58274E-3,-4.42642E-3,-3.56627E-3,-4.43096E-3,-5.93564E-3,-2.12500E-3,-3.50578E-3,-4.63747E-4,-4.78200E-3,-4.64457E-3,-1.89981E-3,-5.66148E-3,-1.49245E-3,-2.62648E-3,-2.09694E-3,-1.62998E-3,-5.73301E-3,-5.25105E-3,-5.66308E-3
1.57494E+3,NaN,-5.69180E-4,-2.79060E-3,-1.20370E-3,7.87009E-4,1.42822E-3,1.62428E-3,5.36824E-5,-1.39116E-3,-1.31185E-3,-3.44217E-3,-2.49087E-3,-1.53957E-3,-1.07435E-3,8.47746E-4,-3.36949E-4,2.06272E-4,-2.26262E-3,-3.59562E-3,-3.79498E-3,1.01105E-5,-1.26651E-3,-4.83226E-4,3.30853E-3,-7.77065E-5,-8.62072E-4,-1.57532E-3,-4.45891E-4,4.75674E-4,2.15413E-3,-3.25123E-3,-1.06223E-3,-2.03595E-3,-7.52188E-4,-3.11348E-3,-8.49138E-4,-3.17664E-3,-1.78353E-3,-1.90629E-3,-1.61780E-3,1.02980E-3,5.40264E-3,2.25587E-3,1.35054E-3,1.33533E-3,-1.21380E-3,2.37225E-3,1.18939E-1,1.99335E-1,-6.22835E-2,-2.80906E-1,-2.55852E-1,-4.57339E-2,1.84698E-2,1.26571E-2,2.22577E-3,-1.22760E-3,1.68760E-3,6.27805E-3,3.97241E-3,-5.32067E-3,5.65326E-4,-2.04561E-3,-7.44590E-4,5.51661E-4,-4.59836E-3,-3.19245E-3,-1.68028E-3,-6.34454E-3,-2.30670E-3,-2.17509E-3,-4.91391E-3,-1.09142E-3,-2.53626E-3,-7.24138E-3,-7.04967E-4,-6.44044E-3,-3.99493E-3,-6.61781E-3,-8.62884E-4,-5.89348E-3,-4.92517E-3,-5.79784E-3,-7.22561E-3,-5.38917E-3,-1.31414E-3,-2.48844E-3,-1.81117E-4,-2.94865E-3,-5.34491E-3,-6.68838E-3,-1.71952E-3,-5.07344E-3,-1.57148E-3,-3.88035E-3,-5.30136E-3,-6.50321E-3,-5.63827E-3,-5.41618E-3,-6.55511E-3,-6.53639E-3,-6.16661E-3,-4.20543E-3,-2.84999E-3,-3.19060E-3,-3.94312E-3,-5.74010E-3,-4.32797E-3,-3.36720E-3,-3.05030E-3,-3.43334E-3,-5.89809E-3,-6.15870E-3,-5.60988E-3,-4.83546E-3,-2.19177E-3,-4.53230E-3,-6.89015E-3,-6.66574E-3,-5.86836E-3,-4.95166E-3,-5.57379E-3,-4.84929E-3,-3.89966E-3,-4.79766E-3,-2.24067E-3,-5.36009E-3,-4.12673E-3,-2.28488E-3,-6.88200E-3,-3.34531E-3,-2.92974E-3,-4.17469E-3,-2.10778E-3,-6.80571E-3,-7.11843E-3,-5.47335E-3
1.57847E+3,NaN,1.44856E-5,-2.94005E-3,-1.98443E-3,7.25954E-4,1.38292E-3,2.30867E-3,-7.52451E-4,-1.97644E-3,-1.60859E-3,-1.89801E-3,-1.29627E-3,-6.35414E-4,4.36694E-4,-1.26638E-5,-4.97085E-5,6.65940E-5,-2.22897E-3,-2.18054E-3,-2.36115E-3,-1.95733E-4,-8.70363E-4,2.53067E-4,3.29608E-3,-2.11802E-4,-3.39024E-4,-1.94267E-3,-3.12081E-4,-5.00220E-6,1.52507E-3,-2.66168E-3,-1.16008E-3,-2.46505E-3,-9.81262E-4,-4.29776E-3,-3.60950E-3,-5.26651E-3,-4.25934E-3,-1.32017E-3,7.77607E-4,-6.61558E-4,2.50799E-3,1.45637E-3,-2.05634E-3,-3.88478E-3,-8.01192E-3,3.54586E-3,1.14646E-1,1.85128E-1,-6.54404E-2,-2.74668E-1,-2.49006E-1,-4.99565E-2,1.80180E-2,9.69557E-3,-5.98217E-4,-5.11174E-3,-6.43596E-4,2.89748E-3,-4.96146E-4,-3.66212E-3,-1.85554E-3,-2.19279E-3,-1.15059E-3,-1.18641E-3,-4.11276E-3,-9.08622E-4,-5.06772E-4,-5.26320E-3,-2.18475E-3,-3.13703E-3,-5.24059E-3,-1.36934E-3,-2.66643E-3,-6.13997E-3,5.89528E-4,-6.41516E-3,-5.38968E-3,-6.91799E-3,-2.80860E-3,-4.74816E-3,-4.76273E-3,-6.50702E-3,-6.18970E-3,-6.19516E-3,-2.14184E-3,-8.28459E-4,1.11026E-3,-2.92990E-3,-5.20648E-3,-6.55669E-3,-2.57105E-3,-5.73619E-3,-2.50959E-3,-4.96225E-3,-6.72156E-3,-5.28738E-3,-5.46179E-3,-6.43395E-3,-6.71864E-3,-6.31851E-3,-5.81025E-3,-4.94722E-3,-3.60259E-3,-2.85422E-3,-4.69250E-3,-6.54184E-3,-2.63384E-3,-2.63734E-3,-4.13738E-3,-4.11059E-3,-5.64215E-3,-6.62871E-3,-6.00816E-3,-4.43946E-3,-1.90553E-3,-4.26938E-3,-6.72122E-3,-6.60025E-3,-5.71138E-3,-6.04061E-3,-4.04433E-3,-5.31936E-3,-3.12968E-3,-5.78082E-3,-1.71203E-3,-4.54160E-3,-4.25654E-3,-3.16919E-3,-7.32034E-3,-3.25302E-3,-2.78143E-3,-3.60803E-3,-2.21673E-3,-6.79349E-3,-6.43055E-3,-5.30787E-3
1.58199E+3,NaN,4.20182E-4,-3.04516E-3,-1.68190E-3,1.28144E-3,1.79411E-3,1.02083E-3,-1.46200E-3,-1.97997E-3,-3.31060E-3,-4.34465E-3,-3.21463E-3,-1.69853E-3,3.28719E-4,-4.50603E-4,-7.09848E-4,1.84167E-4,-2.85885E-3,-2.78116E-3,-1.99689E-3,-7.71735E-4,-1.34227E-3,7.80561E-4,3.75668E-3,-4.85516E-4,-1.34194E-3,-1.04434E-3,-8.01402E-6,-2.23004E-4,8.72828E-4,-2.45475E-3,-1.19953E-3,-3.09727E-3,-1.42162E-3,-2.74108E-3,-2.39421E-3,-2.96842E-3,-3.29769E-3,1.40306E-3,1.59706E-3,-1.70089E-3,8.86635E-4,2.88515E-3,2.28385E-4,-2.37271E-3,-7.40761E-3,1.50331E-2,1.23689E-1,1.69096E-1,-6.58324E-2,-2.63907E-1,-2.36599E-1,-5.26025E-2,1.60832E-2,1.02165E-2,9.97257E-4,-3.95754E-3,1.58654E-3,2.30159E-3,-1.75576E-3,-2.05421E-3,-4.93634E-4,-1.78451E-3,-1.47070E-3,-6.80483E-4,-2.89534E-3,-1.87785E-3,-1.33367E-3,-5.28140E-3,-7.39881E-4,-2.44873E-3,-4.22890E-3,-7.69429E-5,-3.68063E-3,-5.10715E-3,-5.86957E-5,-5.72402E-3,-5.90238E-3,-6.34754E-3,-2.58637E-3,-5.31882E-3,-4.76899E-3,-6.79587E-3,-7.47053E-3,-5.71152E-3,-1.37058E-3,-1.70795E-3,-4.99290E-4,-3.48735E-3,-5.17152E-3,-6.77896E-3,-2.16143E-3,-4.62845E-3,-2.39749E-3,-3.98702E-3,-5.99952E-3,-5.96658E-3,-6.27560E-3,-6.98338E-3,-6.90127E-3,-6.45184E-3,-5.68429E-3,-3.89237E-3,-2.99696E-3,-3.15667E-3,-4.28989E-3,-6.33751E-3,-3.07793E-3,-3.06807E-3,-3.49381E-3,-4.25096E-3,-5.93333E-3,-6.47371E-3,-5.93868E-3,-4.96197E-3,-1.51525E-3,-5.47671E-3,-7.17741E-3,-7.04806E-3,-6.70636E-3,-5.70514E-3,-4.83187E-3,-6.03998E-3,-2.99832E-3,-5.40729E-3,-5.75859E-4,-5.84197E-3,-1.48394E-3,-2.92068E-3,-7.40831E-3,-2.87331E-3,-2.22334E-3,-3.46012E-3,-3.12291E-3,-7.11861E-3,-7.05797E-3,-4.95608E-3
1.58552E+3,NaN,6.14420E-5,-1.30135E-3,-1.27631E-3,4.80565E-6,3.89785E-4,1.63679E-3,-6.41714E-4,-1.32283E-3,-1.53475E-3,-3.07073E-3,-2.47791E-3,-1.58847E-3,-2.28738E-4,1.35233E-5,-7.74072E-4,-1.05222E-3,-3.41941E-3,-4.73514E-3,-1.58760E-3,4.37896E-4,-6.81731E-4,2.06516E-3,3.01933E-3,3.86372E-4,4.15276E-4,-5.73899E-4,-7.38036E-4,-5.82419E-4,2.86891E-5,-2.93351E-3,-2.41754E-3,-1.36161E-3,-1.66209E-3,-2.25586E-3,-1.63463E-3,-2.10261E-3,-4.19791E-4,2.08925E-4,-3.62377E-3,-4.12521E-3,5.93510E-4,2.67439E-3,-4.15153E-4,-3.77152E-3,-1.07028E-2,1.85792E-2,1.33670E-1,1.58544E-1,-6.74830E-2,-2.57825E-1,-2.21818E-1,-5.41952E-2,1.14690E-2,5.87255E-3,-2.06103E-3,-4.50661E-3,1.34524E-3,7.36518E-4,-1.75288E-3,-1.22251E-3,-6.75232E-4,-6.31350E-4,-4.51427E-4,-4.70758E-4,-2.27980E-3,-1.30790E-3,-2.58857E-3,-4.95918E-3,-7.10157E-4,-2.69612E-3,-3.70376E-3,-3.33917E-3,-4.81421E-3,-4.04961E-3,-1.04109E-3,-5.80589E-3,-6.24741E-3,-5.78632E-3,-2.94967E-3,-4.65640E-3,-4.37268E-3,-6.86053E-3,-7.12306E-3,-4.50767E-3,-2.02829E-3,-3.92963E-4,5.13154E-5,-3.71589E-3,-6.67430E-3,-6.19899E-3,-3.01412E-3,-4.61928E-3,-3.10276E-3,-5.43232E-3,-7.03725E-3,-5.76579E-3,-5.36769E-3,-5.26977E-3,-6.16237E-3,-6.12875E-3,-5.25104E-3,-2.77122E-3,-1.58689E-3,-3.34481E-3,-4.54618E-3,-6.75945E-3,-3.08965E-3,-3.53227E-3,-4.43251E-3,-5.66150E-3,-5.93106E-3,-5.91604E-3,-6.69827E-3,-4.84160E-3,-1.18740E-3,-3.33990E-3,-6.78392E-3,-8.06532E-3,-7.59761E-3,-5.66448E-3,-4.91192E-3,-3.94800E-3,-3.22183E-3,-5.36623E-3,-5.20126E-4,-5.05140E-3,-4.19535E-3,-3.33702E-3,-8.23654E-3,-3.09121E-3,-2.68838E-3,-5.24488E-3,-4.72791E-4,-7.41451E-3,-6.36705E-3,-4.37203E-3
1.58904E+3,NaN,-6.61979E-4,-3.01534E-3,-1.12117E-3,1.66870E-3,2.46776E-3,9.12841E-4,-1.56974E-3,-1.02370E-3,-1.26104E-3,-1.86819E-3,-1.53017E-3,-5.41038E-4,1.30442E-3,1.49811E-3,5.56179E-4,-5.16653E-4,-2.07266E-3,-2.72587E-3,-1.03114E-3,7.32742E-4,-1.62665E-4,2.22985E-3,3.61507E-3,6.49669E-4,-1.08056E-3,-2.98849E-4,1.10204E-3,2.27364E-3,1.52145E-4,-2.43635E-3,-2.75606E-3,-2.45449E-3,-1.93365E-3,-1.56819E-3,-1.53567E-3,-2.42341E-3,6.88926E-4,6.20116E-4,-3.27103E-3,-3.20377E-3,2.96233E-3,4.93340E-3,-1.51112E-4,-6.35296E-3,-1.28381E-2,2.61130E-2,1.47823E-1,1.44208E-1,-7.72904E-2,-2.59256E-1,-2.08812E-1,-5.13644E-2,6.53778E-3,2.66524E-3,-1.75045E-3,-1.22853E-3,2.83956E-3,-4.06582E-4,-3.49960E-3,-2.03418E-3,-1.88151E-3,-2.00821E-3,1.96098E-4,-4.61533E-4,-2.33005E-3,-1.31304E-3,-4.21211E-3,-4.69799E-3,-2.31616E-3,-3.05740E-3,-1.70204E-3,-1.76192E-3,-5.03622E-3,-2.58366E-3,-2.67439E-3,-4.97630E-3,-5.38491E-3,-4.40344E-3,-2.85199E-3,-5.20000E-3,-6.58986E-3,-7.39755E-3,-5.39227E-3,-2.66870E-3,-1.12250E-3,3.89677E-4,-1.66965E-4,-4.04553E-3,-7.43586E-3,-4.66962E-3,-2.81338E-3,-3.78873E-3,-3.38378E-3,-6.05466E-3,-6.07072E-3,-7.05830E-3,-5.55403E-3,-6.83898E-3,-7.11782E-3,-7.12126E-3,-6.57370E-3,-2.60314E-3,-1.67926E-3,-2.16378E-3,-3.90336E-3,-6.00246E-3,-1.18451E-3,-2.75557E-3,-3.35978E-3,-4.50805E-3,-5.86328E-3,-5.50156E-3,-6.04395E-3,-4.72760E-3,-8.48378E-4,-3.43401E-3,-7.80901E-3,-8.36225E-3,-7.15332E-3,-5.77081E-3,-4.59316E-3,-5.58817E-3,-2.56890E-3,-6.77307E-3,-1.88555E-3,-5.65119E-3,-2.36687E-3,-4.13997E-3,-6.62818E-3,-1.29704E-3,-2.61039E-3,-4.41593E-3,-3.15702E-3,-6.54179E-3,-5.56573E-3,-5.00090E-3
1.59257E+3,NaN,-1.51314E-3,-4.42162E-3,-1.26606E-3,1.88306E-3,2.80620E-3,1.72920E-3,-1.09460E-3,-1.17957E-3,-2.79771E-3,-3.62368E-3,-2.60236E-3,-1.06707E-3,-3.28843E-4,-7.66123E-4,-3.23635E-4,-2.07400E-3,-3.32179E-3,-4.62453E-3,-2.09675E-3,-7.06438E-4,-1.19186E-3,6.25715E-4,4.03705E-4,-8.46411E-5,-1.61030E-3,-7.64688E-4,-1.30888E-3,4.72064E-5,-1.58261E-3,-2.11113E-3,-2.61975E-3,-2.79948E-3,-3.01089E-3,-2.21055E-3,-3.00383E-3,-2.63647E-3,-9.00182E-4,-3.25725E-3,-4.20012E-3,-5.67355E-4,5.51145E-3,6.06843E-3,7.63508E-4,-5.45880E-3,-1.24113E-2,2.85430E-2,1.66167E-1,1.49780E-1,-7.65757E-2,-2.64983E-1,-1.96278E-1,-4.37728E-2,5.17865E-3,2.27485E-3,-2.48619E-3,-3.53614E-4,3.81423E-3,1.63629E-3,-3.54365E-3,-2.42201E-3,-1.60014E-3,-7.23837E-4,1.05612E-3,-1.20283E-3,-2.44779E-3,-3.93193E-4,-4.69876E-3,-4.16494E-3,-2.06495E-3,-4.53860E-3,-2.39822E-3,-1.88392E-3,-5.51178E-3,-2.49767E-3,-4.01790E-3,-5.03906E-3,-7.67633E-3,-5.27801E-3,-4.25490E-3,-4.43990E-3,-6.26434E-3,-7.86955E-3,-6.39841E-3,-2.86414E-3,-1.65536E-3,-1.23374E-4,-9.61883E-4,-4.98078E-3,-7.98867E-3,-4.99802E-3,-4.41213E-3,-3.43108E-3,-3.46832E-3,-6.16352E-3,-6.89549E-3,-6.54861E-3,-4.50893E-3,-6.12838E-3,-6.39838E-3,-7.07600E-3,-5.61188E-3,-3.72892E-3,-3.39648E-3,-4.24165E-3,-4.50817E-3,-7.16072E-3,-3.00130E-3,-3.95376E-3,-3.56055E-3,-4.97458E-3,-7.39029E-3,-6.52467E-3,-6.74736E-3,-4.93002E-3,-4.67542E-4,-5.40886E-3,-8.92639E-3,-8.24080E-3,-7.43922E-3,-5.86195E-3,-4.39824E-3,-2.98938E-3,-3.52656E-3,-7.46791E-3,-1.07278E-3,-6.01147E-3,-4.34191E-3,-4.52847E-3,-7.40030E-3,-1.09908E-3,-3.31651E-3,-4.69312E-3,6.30139E-4,-5.62286E-3,-5.92979E-3,-6.82234E-3
1.59610E+3,NaN,-1.57928E-3,-3.50836E-3,-1.11372E-3,1.69602E-3,2.08431E-3,1.22239E-3,-1.49789E-3,-1.77709E-3,-3.08329E-3,-1.94737E-3,-2.21583E-5,3.59376E-4,-1.37363E-3,-3.04190E-5,-2.33855E-4,-3.23291E-3,-4.90335E-3,-6.82167E-3,-1.06743E-3,-1.28263E-3,-2.14462E-3,1.46437E-3,7.47274E-4,-9.08595E-5,-1.62935E-3,-1.58446E-3,-2.04524E-3,1.15524E-3,-3.58928E-3,-1.24170E-3,-3.81965E-3,-3.25576E-3,-5.48371E-3,-4.74844E-3,-4.64540E-3,-6.10560E-3,-2.15822E-3,-4.00132E-3,-3.65082E-3,1.05599E-3,6.26669E-3,3.24810E-3,-3.03051E-3,-8.33446E-3,-1.39510E-2,2.63037E-2,1.79517E-1,1.51658E-1,-8.35881E-2,-2.80186E-1,-1.85130E-1,-3.51552E-2,3.83251E-4,-5.68532E-5,-2.69647E-3,-4.98048E-4,4.29513E-3,-2.44370E-4,-4.52215E-3,-1.02027E-3,-3.17289E-3,-1.38102E-3,-1.53596E-3,-9.60529E-4,-8.88839E-4,-2.09578E-3,-7.75798E-3,-5.52520E-3,-3.17382E-3,-6.10034E-3,-2.52965E-3,-3.19734E-3,-7.41255E-3,-1.15136E-3,-5.33355E-3,-5.73282E-3,-9.08911E-3,-4.01361E-3,-5.66878E-3,-5.35963E-3,-7.34942E-3,-7.91814E-3,-7.24689E-3,-2.72359E-3,-1.57728E-3,-2.93778E-4,-1.83026E-3,-5.69073E-3,-9.20227E-3,-4.30995E-3,-6.36425E-3,-4.15567E-3,-5.37665E-3,-7.92030E-3,-7.05346E-3,-8.17668E-3,-6.45775E-3,-8.78349E-3,-7.07002E-3,-7.31068E-3,-6.79648E-3,-5.02329E-3,-3.63020E-3,-4.19221E-3,-7.37008E-3,-1.02935E-2,-4.80137E-3,-6.35295E-3,-5.49727E-3,-6.64147E-3,-6.82508E-3,-7.36655E-3,-7.47015E-3,-5.67064E-3,-7.67045E-4,-6.21988E-3,-1.11104E-2,-1.05724E-2,-8.80043E-3,-7.39947E-3,-4.59351E-3,-6.20209E-3,-3.78777E-3,-5.93089E-3,-1.03549E-3,-5.99387E-3,-4.58034E-3,-4.20645E-3,-8.07085E-3,-4.14476E-3,-4.32076E-3,-5.40059E-3,-1.89386E-3,-7.96069E-3,-7.48042E-3,-7.54902E-3
1.59963E+3,NaN,-1.67214E-3,-3.80198E-3,-1.23166E-3,1.08801E-3,2.68318E-3,1.68563E-3,-8.88200E-4,-1.93617E-3,-3.83905E-3,-1.62026E-3,3.36284E-4,-8.28435E-4,-1.17589E-4,1.22757E-3,4.22080E-4,-1.86579E-3,-9.53840E-5,-3.18422E-3,1.76848E-3,-5.02287E-4,-6.20461E-4,4.43457E-3,1.17657E-3,5.37593E-4,-2.41462E-5,2.42346E-3,-4.48548E-4,3.46420E-3,-1.74507E-3,5.95984E-5,-2.09788E-3,-1.14041E-3,-4.04869E-3,-5.50274E-4,-1.26457E-3,-3.96677E-3,1.22621E-3,-1.92607E-3,-7.08023E-4,3.85338E-3,6.48379E-3,4.24437E-3,-2.49888E-3,-6.76901E-3,-1.12389E-2,2.64933E-2,2.00104E-1,1.68694E-1,-8.51157E-2,-2.95409E-1,-1.77605E-1,-2.46335E-2,-2.08209E-3,1.79130E-4,-4.43334E-4,1.72262E-3,5.49175E-3,2.87756E-3,-2.49748E-3,-6.78925E-4,-2.19644E-3,-4.35533E-4,2.59361E-3,7.02036E-4,2.23048E-4,6.05551E-4,-6.63310E-3,-3.19441E-3,-2.18735E-3,-5.46602E-3,-1.90890E-3,-2.43151E-3,-7.42457E-3,2.08430E-4,-4.79891E-3,-4.44159E-3,-8.77149E-3,-2.06125E-3,-2.78744E-3,-3.98881E-3,-6.19414E-3,-8.32727E-3,-6.15952E-3,-1.84774E-3,-9.82055E-4,6.26619E-4,-2.58500E-3,-5.82492E-3,-9.49792E-3,-1.08136E-4,-7.50378E-3,-1.86002E-3,-3.32168E-3,-6.32441E-3,-5.39364E-3,-7.09060E-3,-4.27679E-3,-5.40862E-3,-5.50827E-3,-6.65138E-3,-6.08108E-3,-3.34453E-3,-2.24499E-3,-2.61049E-3,-4.36457E-3,-8.06825E-3,-2.71921E-3,-5.88887E-3,-3.91561E-3,-3.92779E-3,-6.75417E-3,-6.15277E-3,-5.94334E-3,-4.21463E-3,3.35155E-4,-3.60061E-3,-8.56156E-3,-9.50253E-3,-5.08958E-3,-6.40640E-3,-5.05094E-3,-5.92282E-3,-4.13842E-3,-7.56325E-3,-1.16806E-3,-5.09829E-3,-3.09750E-3,-4.46051E-3,-1.06440E-2,-2.90828E-3,-2.09748E-3,-3.91447E-3,-3.50119E-3,-6.93448E-3,-7.01709E-3,-6.13037E-3
1.60315E+3,NaN,-1.34189E-3,-5.04385E-3,-1.50929E-3,2.20879E-3,3.78960E-3,1.21469E-3,-1.57335E-3,-9.87815E-4,-3.73086E-3,-1.70408E-3,3.33821E-4,7.15119E-4,4.00774E-4,-1.96520E-4,-1.28787E-3,-1.70431E-3,-3.52247E-3,-4.10482E-3,-3.88763E-4,-1.21529E-3,2.86918E-4,3.83032E-3,4.93618E-4,6.58222E-4,-1.72100E-3,1.75140E-3,4.60018E-4,2.65740E-3,-2.11540E-3,1.76361E-4,-2.59455E-3,-1.87045E-3,-4.79895E-3,-2.65371E-4,-8.82843E-4,-4.82705E-3,2.38543E-3,-8.49883E-5,-4.47308E-3,5.83342E-3,5.47644E-3,1.53608E-3,-3.51721E-3,-4.36150E-3,-8.98553E-3,2.28646E-2,2.04460E-1,1.83560E-1,-8.63264E-2,-3.20772E-1,-1.67626E-1,-1.23879E-2,-2.77437E-3,-1.48426E-3,-9.97590E-4,1.44202E-3,7.73850E-3,-3.42230E-4,-5.21356E-3,2.41621E-4,-1.28770E-3,7.00985E-5,1.85000E-3,1.86186E-4,-9.16560E-4,-1.88049E-4,-6.49756E-3,-8.67007E-4,-2.01239E-3,-6.13486E-3,-7.39118E-4,-4.54968E-3,-7.63372E-3,1.84550E-3,-7.26388E-3,-5.69065E-3,-7.90770E-3,7.20197E-4,-3.92259E-3,-5.93372E-3,-8.25973E-3,-7.98459E-3,-5.56236E-3,-1.92859E-3,-3.15824E-3,3.41592E-3,-2.23815E-3,-4.86921E-3,-6.55299E-3,-6.34097E-4,-4.87813E-3,5.81231E-4,-6.37145E-3,-7.34282E-3,-8.06855E-3,-8.38287E-3,-5.83818E-3,-7.18407E-3,-8.16833E-3,-7.46121E-3,-8.05560E-3,-4.94679E-3,-3.31130E-3,-3.67803E-3,-5.31081E-3,-7.57971E-3,-1.19832E-3,-3.87795E-3,-1.56460E-3,-4.29700E-3,-6.55345E-3,-6.02827E-3,-7.48927E-3,-4.99814E-3,1.78063E-3,-5.11979E-3,-9.98565E-3,-1.02218E-2,-6.69744E-3,-2.48592E-3,-5.96404E-3,-4.19078E-3,-4.21840E-3,-7.23867E-3,-1.30890E-3,-5.63447E-3,-5.52216E-3,-5.00354E-3,-1.09480E-2,-4.35676E-3,-2.55146E-3,-5.53898E-3,-1.17964E-3,-5.40359E-3,-6.41857E-3,-4.91936E-3
1.60668E+3,NaN,-1.25111E-3,-5.85826E-3,-1.09867E-3,9.86192E-4,3.59937E-3,1.60689E-3,-1.40341E-3,-3.01675E-3,-4.38978E-3,-1.50283E-3,1.13625E-4,9.49937E-4,-1.03238E-3,-8.29046E-4,-3.89524E-4,-5.80853E-3,-4.79426E-3,-3.16403E-3,-2.49014E-4,-3.11306E-3,1.41615E-3,4.14059E-3,-1.66182E-3,1.02308E-3,-2.23979E-3,7.21760E-4,5.08757E-4,4.12942E-3,-5.96537E-3,-2.21423E-3,-3.68676E-3,-3.81714E-3,-6.80395E-3,-3.75062E-3,-2.30444E-3,-4.87569E-3,2.59997E-3,-2.43591E-4,-2.92453E-3,5.87202E-3,2.39682E-3,-3.15620E-4,-9.58172E-3,-6.46449E-3,-7.65284E-3,3.12207E-2,1.97655E-1,1.76926E-1,-8.89415E-2,-3.13618E-1,-1.75144E-1,-2.16612E-2,-3.16584E-3,-4.31699E-3,-1.80143E-3,1.54373E-3,6.10312E-5,-2.71933E-3,-2.76394E-3,1.13949E-4,-2.41149E-3,-2.84541E-3,-4.73413E-4,-1.95425E-3,-2.57597E-3,-1.84661E-3,-8.61008E-3,-4.17108E-3,-3.89489E-3,-6.06395E-3,-1.31380E-3,-3.30799E-3,-7.83921E-3,1.09980E-3,-8.00788E-3,-6.96767E-3,-9.21092E-3,-7.78318E-4,-6.65790E-3,-6.20474E-3,-1.04224E-2,-8.30606E-3,-5.39084E-3,-2.15790E-3,-2.41538E-4,8.07763E-5,-2.80148E-3,-8.21655E-3,-1.04509E-2,-4.03709E-3,-5.53718E-3,-1.46099E-3,-6.92775E-3,-9.78882E-3,-6.64899E-3,-9.95029E-3,-4.49566E-3,-8.08329E-3,-8.74099E-3,-9.92146E-3,-8.30023E-3,-7.36201E-3,-6.73510E-3,-6.99247E-3,-7.34126E-3,-8.36257E-3,-2.33728E-4,-6.12773E-3,-3.89328E-3,-5.94948E-3,-7.40888E-3,-8.54293E-3,-1.00226E-2,-5.28921E-3,8.41092E-4,-6.82959E-3,-9.14139E-3,-1.25816E-2,-6.02822E-3,-8.23121E-3,-5.12601E-3,-4.91769E-3,-5.64664E-3,-6.49470E-3,-2.03425E-3,-8.92070E-3,-5.25086E-3,-4.98527E-3,-7.97420E-3,-1.09537E-3,-2.92428E-3,-6.69766E-3,-4.72544E-3,-7.88745E-3,-7.40679E-3,-4.70179E-3
1.61021E+3,NaN,-4.64924E-4,-3.95598E-3,7.45055E-4,1.51066E-3,2.35160E-3,4.53712E-5,-3.52016E-3,-2.48392E-3,-4.39783E-3,-9.76481E-4,-8.97189E-4,-3.52574E-3,1.35582E-4,-7.66803E-4,-1.60491E-3,-4.56946E-3,-3.69951E-3,-3.47130E-3,-7.58809E-4,-1.62748E-3,-2.01542E-4,4.17217E-3,-1.07089E-4,1.01502E-3,-1.07617E-3,-4.83095E-4,-3.96412E-4,2.11126E-4,-4.65129E-3,-6.39051E-4,-1.20330E-3,-1.62616E-3,-3.92795E-3,-1.92196E-3,-4.29310E-3,-9.22187E-4,1.34513E-3,-2.58787E-3,-2.61469E-3,4.84220E-4,3.35997E-3,2.03203E-4,-7.65144E-3,-4.18155E-3,-4.13790E-3,4.96552E-2,1.96658E-1,1.72220E-1,-9.43791E-2,-2.97322E-1,-1.64866E-1,-2.54790E-2,-6.67280E-3,-4.04130E-3,-3.40569E-3,8.78755E-5,-2.37369E-4,-6.78600E-3,-5.82079E-3,-2.02196E-3,-2.28059E-3,-2.30348E-4,1.00582E-3,-1.11743E-3,-2.00519E-3,-1.29202E-3,-8.93663E-3,-4.54787E-3,-2.65801E-3,-6.30440E-3,-3.92239E-3,-5.92936E-3,-6.36451E-3,-1.67575E-3,-7.80141E-3,-7.62085E-3,-8.01120E-3,-1.35454E-3,-6.89506E-3,-7.30988E-3,-8.88896E-3,-1.09654E-2,-6.35468E-3,-3.85206E-3,-2.38582E-3,1.01231E-3,-1.74756E-3,-7.96370E-3,-7.45805E-3,-1.84068E-3,-4.77123E-3,-2.05272E-3,-8.70610E-3,-1.00037E-2,-7.57075E-3,-8.73138E-3,-6.74628E-3,-8.64244E-3,-6.53632E-3,-7.58686E-3,-5.60747E-3,-2.19378E-3,-2.33968E-3,-3.66198E-3,-6.89395E-3,-9.62256E-3,-2.17583E-3,-8.52012E-3,-5.95982E-3,-7.05428E-3,-7.26963E-3,-8.54626E-3,-7.69395E-3,-7.01961E-3,-3.02455E-3,-5.31091E-3,-1.03759E-2,-1.12679E-2,-1.74295E-3,-3.34627E-3,-5.14149E-3,-6.63567E-3,-6.79615E-3,-9.74943E-3,-2.13579E-3,-5.03630E-3,-5.53333E-3,-4.80362E-3,-8.82601E-3,-1.48463E-3,-3.96702E-3,-3.93172E-3,-1.71248E-4,-7.58904E-3,-5.00721E-3,-1.86039E-4
1.61374E+3,NaN,-3.75787E-3,-5.48542E-3,-4.73819E-4,1.75984E-3,3.72824E-3,1.89549E-3,-3.40035E-5,-1.32786E-3,-3.38608E-3,-2.75086E-4,2.15597E-3,2.69312E-3,-7.03491E-4,-1.46933E-3,-1.69603E-3,-2.59200E-3,-2.57808E-3,-1.62658E-3,-6.25091E-4,-5.62955E-4,2.83550E-3,4.23660E-3,6.64671E-4,-5.17125E-4,-3.17438E-3,-1.57597E-3,3.49251E-4,1.66891E-3,-2.58033E-3,8.90398E-5,-1.44079E-3,-2.18586E-3,-2.85702E-3,-2.90674E-3,-2.73996E-3,6.83710E-4,3.20216E-4,-4.34361E-3,-4.39324E-3,1.71493E-3,3.38713E-3,-2.54832E-3,-7.24044E-3,-4.08405E-3,-3.65110E-3,6.21351E-2,2.09712E-1,1.75699E-1,-1.05968E-1,-2.83266E-1,-1.55519E-1,-2.77309E-2,-2.77857E-3,-1.20054E-3,6.00923E-4,3.54169E-3,-3.71843E-4,-5.95987E-3,-1.01272E-3,1.28981E-3,-2.38485E-3,-3.16842E-4,1.08001E-3,-1.27250E-3,-1.21345E-3,-1.66306E-3,-5.64937E-3,-3.38665E-3,-3.77651E-3,-3.63178E-3,-1.06097E-3,-5.81201E-3,-5.05780E-3,-1.08440E-3,-7.52867E-3,-7.20186E-3,-2.92506E-3,-1.65902E-3,-4.45685E-3,-5.71819E-3,-8.86514E-3,-7.11051E-3,-2.53533E-3,2.09636E-4,1.78640E-3,9.41087E-4,-3.64478E-3,-7.69896E-3,-7.07487E-3,-3.14749E-3,-4.74179E-3,-2.50555E-3,-6.35315E-3,-6.97424E-3,-6.40124E-3,-6.96217E-3,-6.80297E-3,-9.75962E-3,-6.39888E-3,-9.35147E-3,-7.49585E-3,1.14696E-4,-1.41379E-3,-2.42511E-3,-5.38446E-3,-7.49174E-3,4.26047E-3,-6.41277E-3,-4.82689E-3,-6.76444E-3,-7.06867E-3,-9.51735E-3,-7.86280E-3,-2.78167E-3,4.78675E-4,-4.17892E-3,-9.75019E-3,-8.42965E-3,-7.70166E-3,-5.13626E-3,-6.21837E-3,-8.99163E-3,8.35193E-5,-7.28832E-3,-1.51794E-3,-8.22749E-3,-2.85430E-3,-2.20929E-3,-8.65120E-3,-7.46290E-4,-4.52965E-3,-2.23632E-3,4.85666E-6,-7.72778E-3,-3.57972E-3,-7.21217E-3
1.61727E+3,NaN,-2.45013E-3,-5.74766E-3,1.57897E-4,1.02539E-3,2.20100E-3,2.59806E-3,-1.82691E-3,-3.94162E-3,-5.33778E-3,-2.23139E-3,-1.55566E-3,7.15086E-4,2.04991E-3,1.06988E-3,-1.99184E-3,-4.89108E-3,-3.66295E-3,-9.74816E-4,5.27022E-4,6.54302E-4,1.59662E-3,2.30316E-3,2.50535E-3,-1.91814E-5,-1.47437E-3,1.00648E-3,2.27815E-3,-3.40995E-3,-5.01795E-3,-7.98069E-4,-7.94103E-4,-2.87740E-3,-3.11488E-3,-2.32147E-3,-4.49073E-3,-1.82564E-3,-2.08427E-4,-4.61361E-3,-3.65100E-3,9.37585E-4,7.08315E-4,-4.68419E-3,-6.50801E-3,-3.55408E-3,-6.52790E-3,6.70758E-2,2.02214E-1,1.58571E-1,-1.19479E-1,-2.56863E-1,-1.32782E-1,-2.50316E-2,-2.04860E-3,-2.32990E-3,-1.26642E-3,2.12251E-3,-7.68048E-4,-5.35995E-3,-4.38725E-3,-1.53669E-3,-5.10389E-4,2.65183E-4,1.63747E-3,1.16714E-3,3.17518E-4,-6.39286E-3,-8.59095E-3,-1.22140E-3,-3.30117E-3,-4.38648E-3,-2.84253E-3,-6.24247E-3,-1.78875E-3,-2.38998E-3,-6.92029E-3,-7.66870E-3,-5.26205E-3,-3.41766E-3,-5.92067E-3,-8.42513E-3,-8.81874E-3,-6.75524E-3,-4.52242E-3,-2.23038E-3,2.44490E-4,-1.15597E-3,-5.23412E-3,-8.18652E-3,-6.39209E-3,-4.23367E-3,-3.02977E-3,-4.01894E-3,-9.32179E-3,-8.77985E-3,-6.64319E-3,-8.47057E-3,-5.50599E-3,-9.14035E-3,-6.91703E-3,-9.13742E-3,-4.83415E-3,-2.69361E-3,-3.26211E-3,-4.67033E-3,-6.05442E-3,-9.12310E-3,2.77106E-4,-7.41543E-3,-2.23018E-3,-5.41769E-3,-7.13711E-3,-6.33475E-3,-7.83044E-3,-3.39416E-3,3.33136E-4,-3.14127E-3,-1.02244E-2,-1.33323E-2,-8.54356E-3,-5.91857E-3,-4.73753E-3,-5.63047E-3,-2.22652E-3,-6.53079E-3,-5.59604E-4,-5.43060E-3,-4.14069E-3,-4.29117E-3,-9.93993E-3,-3.06141E-3,-3.22191E-3,-2.81810E-3,-4.19202E-3,-6.34690E-3,-7.47474E-3,-3.35575E-3
1.62080E+3,NaN,-1.36394E-3,-4.06104E-3,3.97849E-3,2.67431E-5,3.32532E-3,-1.56562E-3,-2.44893E-4,-5.82228E-4,-6.27152E-3,-2.49091E-3,7.57821E-4,2.44541E-3,3.49692E-3,1.84019E-3,1.70829E-4,-2.57202E-3,-5.19366E-3,-3.58970E-3,-8.12222E-5,-7.80962E-4,3.57349E-3,2.84902E-3,1.00674E-3,4.93115E-4,-4.38408E-4,-2.29464E-3,5.98344E-4,-6.91521E-4,6.77501E-4,-2.40402E-3,-4.44577E-4,-3.96006E-3,-4.26267E-3,-1.77553E-3,-3.78531E-3,-7.01641E-4,-1.70297E-3,-5.23658E-3,-9.68152E-5,3.01063E-3,-9.44574E-4,-4.95259E-3,-2.01754E-3,1.05886E-3,-6.12723E-3,7.70902E-2,2.24486E-1,1.63420E-1,-1.41692E-1,-2.52945E-1,-1.23726E-1,-2.46267E-2,-5.47273E-3,-4.25577E-3,-3.58441E-3,3.01971E-3,1.50839E-3,-5.43569E-3,-1.65693E-3,-3.78849E-3,-4.06184E-3,8.89802E-5,2.36843E-3,-1.72803E-3,-2.18054E-3,-5.46042E-3,-6.10725E-3,-2.63026E-3,-2.86554E-3,-3.57935E-3,-1.52757E-3,-6.63759E-3,-7.11058E-4,-3.99570E-3,-6.55027E-3,-6.74671E-3,-1.41515E-3,-3.93153E-3,-4.12258E-3,-6.51519E-3,-8.19556E-3,-6.52633E-3,-5.01157E-3,-2.03007E-3,1.52036E-3,2.31698E-3,-2.22836E-3,-8.85908E-3,-3.77511E-3,-4.43988E-3,-2.07173E-3,-2.33373E-3,-7.50107E-3,-7.28554E-3,-4.37487E-3,-6.50383E-3,-6.35901E-3,-9.96631E-3,-6.36356E-3,-8.50406E-3,-9.35052E-3,-5.06600E-3,-1.39320E-3,-4.79153E-3,-3.91351E-3,-9.12848E-3,-1.24813E-4,-4.42596E-3,-5.62458E-4,-2.10920E-3,-4.97883E-3,-3.66189E-3,-6.86285E-3,-2.42664E-3,-1.46536E-3,-6.72395E-3,-1.11194E-2,-9.35160E-3,-4.20535E-3,-5.22808E-3,-5.12442E-3,-5.60029E-3,-9.35640E-4,-9.01161E-3,-1.21577E-3,-3.14188E-3,-4.20994E-3,-1.12056E-3,-7.02417E-3,-2.64133E-3,-6.01060E-3,-2.17382E-3,-2.51538E-3,-9.42092E-3,-4.90212E-3,-3.43201E-3
1.62434E+3,NaN,8.02009E-2,-4.14308E-2,7.01918E-2,6.34102E-2,-1.37555E-1,-5.38359E-2,4.89085E-2,-3.69494E-2,-1.02977E-1,-3.47715E-2,2.51403E-3,4.09040E-2,-6.15856E-2,-2.65133E-1,6.23815E-3,1.42500E-1,1.16458E-1,1.34617E-2,-5.33879E-2,-1.04513E-1,1.18715E-1,-7.22267E-2,-1.76876E-1,5.28464E-2,-1.64606E-2,-2.65905E-1,-1.94176E-1,-8.37535E-2,-1.58762E-1,-5.36213E-2,-1.71750E-3,-1.53997E-1,-1.17956E-1,-7.53840E-2,-4.41199E-2,1.06974E-1,-1.31144E-3,-2.56863E-2,1.10002E-1,3.60403E-2,-8.81133E-2,-5.26132E-4,-7.84711E-2,6.21081E-2,9.12320E-3,-9.12814E-2,2.02136E-1,1.85954E-1,9.23641E-2,-1.08892E-2,4.31134E-2,2.88573E-2,4.60918E-2,5.89245E-2,3.31168E-2,2.07836E-2,1.11682E-1,-2.59003E-2,2.05223E-2,1.30392E-1,-4.23457E-2,1.04117E-1,5.65066E-2,7.07596E-2,1.15991E-1,1.18174E-1,-5.49838E-2,3.39276E-2,8.02674E-2,-3.67161E-2,-1.49653E-2,1.27419E-2,2.86276E-2,1.05737E-1,2.08551E-1,5.81296E-2,1.51670E-1,9.83251E-2,1.40055E-1,9.27452E-2,-6.61929E-2,8.98803E-2,2.30453E-1,1.71977E-1,1.18017E-1,1.44967E-1,1.33537E-1,1.75109E-1,4.56179E-3,-8.36331E-3,2.42645E-2,-2.13807E-1,-8.79213E-2,8.45892E-2,-1.90354E-2,-2.22702E-1,-9.72369E-2,-4.92457E-2,7.00075E-2,3.04956E-2,-6.35968E-2,8.05712E-2,-2.63160E-2,-8.18692E-2,7.67284E-2,1.33929E-2,-9.73156E-2,3.42073E-2,1.90885E-2,2.76281E-1,1.49793E-1,6.49841E-2,7.46564E-2,2.16574E-2,-1.83348E-1,-1.72085E-1,1.39905E-1,-9.62620E-3,-1.40798E-2,2.13610E-2,9.94874E-2,2.34090E-1,1.64073E-1,3.02928E-1,1.64893E-1,1.45077E-1,1.47213E-1,2.72842E-1,2.96458E-1,1.75235E-1,2.94887E-1,3.13566E-1,2.73093E-1,3.84475E-1,2.35768E-1,2.74493E-1
1.62787E+3,NaN,1.33692E-1,3.28840E-2,-1.78956E-2,9.46676E-2,8.25275E-2,-4.66665E-2,2.52117E-2,-2.55936E-2,-6.16486E-2,-4.20697E-3,-2.32359E-1,6.56475E-2,7.73714E-2,-3.03995E-2,-1.15002E-1,-1.04925E-1,-1.15633E-1,-2.67370E-2,-3.05105E-2,9.19810E-4,-1.34229E-1,1.92923E-2,-6.28085E-2,-6.71271E-2,-1.25085E-3,1.53713E-1,9.04975E-2,7.19799E-2,1.14393E-1,7.83212E-2,1.80573E-1,3.25270E-2,2.99542E-2,1.59447E-2,4.72676E-2,3.44991E-2,7.09129E-2,8.06544E-2,1.01188E-3,1.82448E-2,-2.87118E-2,6.79293E-2,6.30579E-2,3.61365E-2,1.12639E-1,-1.21830E-1,-1.07853E-1,-4.65149E-2,-1.10847E-1,-4.55050E-2,6.20410E-2,1.16520E-1,-5.92849E-2,-1.66876E-1,-1.15219E-1,-5.90542E-2,2.67237E-2,-4.33502E-2,6.68625E-2,1.32782E-2,8.37192E-2,-5.18608E-3,-1.18505E-1,-2.43638E-1,-1.02167E-1,3.74514E-2,-6.19090E-4,-1.54017E-1,-5.41638E-2,-4.91509E-5,-4.73452E-2,6.37653E-2,-9.72443E-3,-3.05433E-2,-2.67274E-3,-1.28293E-1,-6.46682E-2,-5.93555E-2,2.23497E-2,-7.77577E-2,3.99854E-3,-1.06766E-2,-1.05256E-1,-3.94303E-2,-1.24518E-1,-2.04479E-1,-1.73230E-1,-1.16004E-1,1.13006E-1,5.76943E-2,1.00989E-1,9.44025E-2,2.65529E-2,6.01218E-2,1.10047E-1,2.07513E-1,-3.87928E-2,6.19337E-2,-4.11899E-2,-1.33041E-1,7.22706E-2,5.07586E-2,9.36709E-4,-4.01783E-2,-1.41172E-1,-8.65878E-2,-9.87635E-2,1.77300E-1,8.47650E-2,-1.79610E-1,-7.31699E-4,3.90650E-2,1.73170E-2,-4.69715E-3,1.08893E-1,1.18676E-1,-1.83301E-1,1.46273E-1,9.27342E-2,-1.03668E-1,-9.73869E-2,-1.99379E-1,4.47410E-2,6.55825E-3,-6.16390E-2,-1.07809E-1,-1.28159E-1,-1.16418E-1,-2.45823E-1,-2.50669E-2,-1.46862E-1,-1.58268E-1,-5.88363E-2,-2.50494E-1,-2.26270E-1,-1.17480E-1
1.63140E+3,-6.50148E-2,-1.10015E-1,3.69545E-2,-1.93894E-2,5.22518E-2,7.56509E-2,2.95624E-2,8.52473E-3,-1.26008E-1,-1.24038E-2,-3.19461E-2,2.56930E-2,-2.09766E-2,2.55040E-2,4.10110E-2,9.38104E-2,-2.41127E-1,-1.27375E-1,2.03628E-2,-9.57203E-2,-5.02680E-2,3.34439E-2,-1.32355E-2,-3.50786E-2,4.32002E-2,6.69879E-2,1.83766E-1,2.63462E-2,6.87779E-3,3.18973E-2,-4.34242E-2,-3.16043E-2,1.07537E-1,-2.05862E-2,-1.45021E-2,3.25511E-2,-4.24516E-3,7.37367E-2,8.77718E-2,-6.86597E-2,4.71776E-2,6.76677E-2,-8.17272E-2,1.36726E-1,-3.04783E-2,7.92974E-2,1.41188E-2,-2.53277E-1,-8.55138E-3,-1.31089E-1,-1.86321E-2,-1.35429E-1,1.00471E-1,-9.35233E-2,1.42546E-1,-9.05210E-2,-2.18079E-1,-1.56450E-1,6.90080E-3,-3.99567E-2,-2.37061E-2,2.69338E-2,1.91182E-2,4.81843E-2,1.13596E-2,-1.50400E-1,4.84777E-2,-8.64959E-3,-1.74869E-1,2.41411E-2,2.58064E-2,-1.19758E-2,-1.17835E-2,-6.74399E-3,-1.32192E-1,2.12529E-2,1.31673E-1,-6.52886E-2,-1.83412E-2,-8.24962E-2,-1.14307E-1,1.13655E-1,-3.96352E-2,-1.87086E-1,6.27060E-2,-3.30949E-2,-1.52876E-1,-6.39631E-2,-1.50161E-1,-4.09911E-2,1.06921E-2,-2.60631E-2,8.78766E-2,-1.27065E-1,-2.18396E-1,-8.48466E-3,2.01496E-2,-1.19106E-2,1.50370E-2,6.52372E-2,-6.33951E-2,-2.67607E-2,4.08865E-2,6.43061E-2,-1.25805E-1,-8.83707E-2,2.00455E-2,-5.15434E-2,-1.27243E-2,6.35170E-2,-6.27066E-2,-3.37519E-2,-8.64123E-2,-4.34712E-2,7.78851E-2,1.51934E-1,-4.44093E-2,-1.00533E-1,-1.17578E-1,1.27815E-1,-4.93671E-2,-5.46808E-2,-1.14738E-1,-2.09489E-2,-1.58474E-1,-1.14994E-1,-3.07168E-2,-3.29770E-2,-5.45999E-2,1.67294E-2,-2.87010E-2,-1.34951E-1,-6.51004E-2,-3.40074E-2,-8.82947E-2,-1.89581E-1,NaN
file info:Date: December 18, 2025
Sample: 
Solvent: 
Pump energy (uJ): 
Pump wavelength (nm): 
Cuvette length (mm): 2
Comments: Time Zero: 67.480 ps
Averaging time: 1.5 s
Number of scans: 2
Measurement time: 00:13:57
Dec 24, 2025 10:03 PM : Background subtracted. Spectra used: 7
Dec 24, 2025 10:03 PM : Chirp corrected
Dec 24, 2025 10:03 PM : Data saved.
Jan 9, 2026 6:12 PM : Data saved.
Time units: ps
Z axis title: dA