0.00000E+0,-2.18870E+0,-2.08870E+0,-1.98870E+0,-1.88870E+0,-1.78870E+0,-1.68870E+0,-1.58870E+0,-1.48870E+0,-1.38870E+0,-1.28870E+0,-1.18870E+0,-1.15370E+0,-1.11870E+0,-1.08370E+0,-1.04870E+0,-1.01370E+0,-9.78704E-1,-9.43704E-1,-9.08704E-1,-8.73704E-1,-8.38704E-1,-8.03704E-1,-7.68704E-1,-7.33704E-1,-6.98704E-1,-6.63704E-1,-6.28704E-1,-5.93704E-1,-5.58704E-1,-5.23704E-1,-4.88704E-1,-4.53704E-1,-4.18704E-1,-3.83704E-1,-3.48704E-1,-3.13704E-1,-2.78704E-1,-2.43704E-1,-2.08704E-1,-1.73704E-1,-1.38704E-1,-1.03704E-1,-6.87045E-2,-3.37045E-2,1.29551E-3,3.62955E-2,7.12955E-2,1.06296E-1,1.41296E-1,1.76296E-1,2.11296E-1,2.46296E-1,2.81296E-1,3.16296E-1,3.51296E-1,3.86296E-1,4.21296E-1,4.56296E-1,4.91296E-1,5.26296E-1,5.61296E-1,5.96296E-1,6.31296E-1,6.66296E-1,7.01296E-1,7.36296E-1,7.71296E-1,8.06296E-1,8.41296E-1,8.76296E-1,9.11296E-1,9.46296E-1,9.81296E-1,1.01630E+0,1.05130E+0,1.08630E+0,1.12130E+0,1.15630E+0,1.19130E+0,1.22630E+0,1.26130E+0,1.29630E+0,1.33130E+0,1.36630E+0,1.40130E+0,1.43630E+0,1.47130E+0,1.50630E+0,1.54130E+0,1.57630E+0,1.61130E+0,1.64630E+0,1.68130E+0,1.71630E+0,1.75130E+0,1.78630E+0,1.93630E+0,2.08630E+0,2.23630E+0,2.38630E+0,2.53630E+0,2.68630E+0,2.83630E+0,2.98630E+0,3.13630E+0,3.28630E+0,3.43630E+0,3.58630E+0,3.73630E+0,3.88630E+0,4.03630E+0,4.18630E+0,4.33630E+0,4.48630E+0,4.63630E+0,4.78630E+0,6.78630E+0,8.78630E+0,1.07863E+1,1.27863E+1,1.47863E+1,1.67863E+1,1.87863E+1,2.07863E+1,2.27863E+1,2.47863E+1,2.67863E+1,2.87863E+1,3.07863E+1,3.27863E+1,3.47863E+1,3.67863E+1,3.87863E+1,4.07863E+1,4.27863E+1,4.47863E+1,4.67863E+1
7.49570E+2,NaN,NaN,NaN,NaN,NaN,NaN,NaN,NaN,NaN,NaN,NaN,NaN,NaN,NaN,NaN,NaN,NaN,NaN,NaN,NaN,NaN,NaN,NaN,NaN,NaN,NaN,NaN,NaN,NaN,NaN,NaN,NaN,NaN,NaN,NaN,NaN,NaN,NaN,NaN,NaN,NaN,NaN,NaN,NaN,NaN,NaN,NaN,NaN,NaN,NaN,NaN,NaN,NaN,NaN,NaN,NaN,NaN,NaN,NaN,NaN,NaN,NaN,NaN,NaN,NaN,NaN,NaN,NaN,NaN,NaN,NaN,NaN,NaN,NaN,NaN,NaN,NaN,NaN,NaN,NaN,NaN,NaN,NaN,NaN,NaN,NaN,NaN,NaN,NaN,NaN,NaN,NaN,NaN,NaN,NaN,NaN,NaN,NaN,NaN,-5.89669E-2,7.53220E-2,2.43277E-1,-1.28477E-1,-1.94873E-1,7.13123E-3,-3.71859E-1,-3.05045E-1,-2.68011E-1,-2.90741E-1,-6.70426E-2,-5.30418E-2,-1.58379E-1,-3.96261E-1,-1.72659E-1,-3.84824E-2,-2.07406E-1,2.36494E-2,1.91080E-2,1.26883E-1,1.96841E-1,1.64241E-2,2.69141E-2,1.57555E-1,1.69817E-1,1.04924E-2,1.66668E-1,1.53741E-1,1.05978E-1,-1.11335E-1,8.01437E-2,-5.37059E-3,-7.27060E-2,-4.95397E-2,1.07194E-1,-3.72188E-2,-4.89848E-2,-8.34950E-3
7.52953E+2,NaN,NaN,NaN,NaN,NaN,NaN,NaN,NaN,NaN,NaN,NaN,NaN,NaN,NaN,NaN,NaN,NaN,NaN,NaN,NaN,NaN,NaN,NaN,NaN,NaN,NaN,NaN,NaN,NaN,NaN,NaN,NaN,NaN,NaN,NaN,NaN,NaN,NaN,NaN,NaN,NaN,NaN,NaN,NaN,NaN,NaN,NaN,NaN,NaN,NaN,NaN,NaN,NaN,NaN,NaN,NaN,NaN,NaN,NaN,NaN,NaN,NaN,NaN,NaN,NaN,NaN,NaN,NaN,NaN,NaN,NaN,NaN,NaN,NaN,NaN,NaN,NaN,NaN,NaN,NaN,NaN,NaN,NaN,NaN,NaN,NaN,NaN,NaN,NaN,NaN,NaN,NaN,NaN,NaN,NaN,NaN,NaN,NaN,NaN,3.11124E-2,-1.57691E-2,6.09189E-2,-8.05256E-2,-1.98782E-2,1.65395E-3,2.46925E-2,-8.11400E-2,2.13354E-2,-1.38223E-2,-3.80846E-2,-3.14004E-2,-5.43927E-2,-5.99276E-2,8.60281E-2,2.18370E-2,-4.38091E-2,1.23896E-2,4.25161E-2,-1.48676E-2,4.18689E-2,-2.15935E-2,-4.96598E-2,4.56682E-2,6.28725E-2,2.81773E-2,3.25906E-2,-3.18618E-2,-9.37818E-2,-4.06407E-2,-1.02139E-2,3.84064E-2,4.01484E-2,3.11653E-2,-8.45250E-3,8.74682E-2,-2.49107E-2,-3.16765E-2
7.56337E+2,NaN,NaN,NaN,NaN,NaN,NaN,NaN,NaN,NaN,NaN,NaN,NaN,NaN,NaN,NaN,NaN,NaN,NaN,NaN,NaN,NaN,NaN,NaN,NaN,NaN,NaN,NaN,NaN,NaN,NaN,NaN,NaN,NaN,NaN,NaN,NaN,NaN,NaN,NaN,NaN,NaN,NaN,NaN,NaN,NaN,NaN,NaN,NaN,NaN,NaN,NaN,NaN,NaN,NaN,NaN,NaN,NaN,NaN,NaN,NaN,NaN,NaN,NaN,NaN,NaN,NaN,NaN,NaN,NaN,NaN,NaN,NaN,NaN,NaN,NaN,NaN,NaN,NaN,NaN,NaN,NaN,NaN,NaN,NaN,NaN,NaN,NaN,NaN,NaN,NaN,NaN,NaN,NaN,NaN,NaN,NaN,NaN,NaN,1.01962E-1,-1.34597E-2,5.13301E-2,-1.65954E-1,-4.86963E-2,-9.28805E-2,2.75780E-2,3.69050E-3,-6.85168E-3,-4.61708E-2,7.93257E-4,3.03023E-2,2.27954E-2,-8.12860E-2,8.87753E-3,2.03599E-2,-1.57594E-2,3.22610E-2,1.09608E-1,8.47803E-3,-9.91699E-2,-1.20327E-1,4.57996E-2,3.71386E-3,-1.13171E-1,-9.05622E-2,-6.90205E-2,5.91434E-3,-1.04307E-1,-4.66254E-2,5.56497E-2,3.00163E-2,-6.31467E-2,-2.50850E-3,2.44616E-2,-6.77844E-2,8.12937E-2,1.43659E-3,-7.54757E-2
7.59722E+2,NaN,NaN,NaN,NaN,NaN,NaN,NaN,NaN,NaN,NaN,NaN,NaN,NaN,NaN,NaN,NaN,NaN,NaN,NaN,NaN,NaN,NaN,NaN,NaN,NaN,NaN,NaN,NaN,NaN,NaN,NaN,NaN,NaN,NaN,NaN,NaN,NaN,NaN,NaN,NaN,NaN,NaN,NaN,NaN,NaN,NaN,NaN,NaN,NaN,NaN,NaN,NaN,NaN,NaN,NaN,NaN,NaN,NaN,NaN,NaN,NaN,NaN,NaN,NaN,NaN,NaN,NaN,NaN,NaN,NaN,NaN,NaN,NaN,NaN,NaN,NaN,NaN,NaN,NaN,NaN,NaN,NaN,NaN,NaN,NaN,NaN,NaN,NaN,NaN,NaN,NaN,NaN,NaN,NaN,NaN,NaN,NaN,NaN,6.09713E-2,-8.00093E-3,3.74621E-2,-1.34004E-1,6.29069E-2,-4.13008E-2,-7.97840E-2,-6.67782E-2,-2.27538E-2,1.03373E-1,5.53232E-2,1.75373E-1,-2.21239E-2,1.35593E-1,2.25760E-2,2.51738E-2,-4.10453E-2,-8.67352E-3,4.12750E-2,-4.33654E-2,-6.30826E-2,1.02520E-1,-7.59288E-2,1.28354E-1,4.62455E-2,2.05426E-1,-2.05602E-2,-1.84595E-2,-1.07479E-2,1.49413E-1,1.11857E-1,-3.70712E-2,-2.54644E-2,-3.81628E-2,3.89602E-2,1.02478E-1,4.17150E-3,1.30895E-3,-8.37580E-3
7.63107E+2,NaN,NaN,NaN,NaN,NaN,NaN,NaN,NaN,NaN,NaN,NaN,NaN,NaN,NaN,NaN,NaN,NaN,NaN,NaN,NaN,NaN,NaN,NaN,NaN,NaN,NaN,NaN,NaN,NaN,NaN,NaN,NaN,NaN,NaN,NaN,NaN,NaN,NaN,NaN,NaN,NaN,NaN,NaN,NaN,NaN,NaN,NaN,NaN,NaN,NaN,NaN,NaN,NaN,NaN,NaN,NaN,NaN,NaN,NaN,NaN,NaN,NaN,NaN,NaN,NaN,NaN,NaN,NaN,NaN,NaN,NaN,NaN,NaN,NaN,NaN,NaN,NaN,NaN,NaN,NaN,NaN,NaN,NaN,NaN,NaN,NaN,NaN,NaN,NaN,NaN,NaN,NaN,NaN,NaN,NaN,NaN,NaN,7.70943E-2,9.30821E-2,-6.52910E-2,-8.05146E-2,4.87600E-3,2.38437E-2,4.88565E-2,6.19946E-2,1.27733E-1,6.15529E-2,1.17506E-1,6.39082E-2,1.00620E-1,2.78352E-4,-5.17460E-2,2.63540E-3,-8.48166E-2,2.83044E-2,-1.65568E-1,-9.46312E-2,-3.82225E-2,6.08448E-3,1.92523E-2,1.66781E-2,3.42200E-2,-6.81539E-2,-1.90787E-2,-2.69321E-3,-9.33210E-2,-1.58389E-2,8.19283E-3,5.47351E-2,-9.91004E-2,-7.48016E-2,-1.34183E-1,-2.01392E-1,-1.96071E-1,-5.47830E-2,1.90306E-2,-6.02622E-2
7.66493E+2,NaN,NaN,NaN,NaN,NaN,NaN,NaN,NaN,NaN,NaN,NaN,NaN,NaN,NaN,NaN,NaN,NaN,NaN,NaN,NaN,NaN,NaN,NaN,NaN,NaN,NaN,NaN,NaN,NaN,NaN,NaN,NaN,NaN,NaN,NaN,NaN,NaN,NaN,NaN,NaN,NaN,NaN,NaN,NaN,NaN,NaN,NaN,NaN,NaN,NaN,NaN,NaN,NaN,NaN,NaN,NaN,NaN,NaN,NaN,NaN,NaN,NaN,NaN,NaN,NaN,NaN,NaN,NaN,NaN,NaN,NaN,NaN,NaN,NaN,NaN,NaN,NaN,NaN,NaN,NaN,NaN,NaN,NaN,NaN,NaN,NaN,NaN,NaN,NaN,NaN,NaN,NaN,NaN,NaN,NaN,NaN,NaN,-1.18020E-2,-1.05230E-1,5.71756E-2,-2.37380E-3,3.93637E-2,-8.85328E-2,-1.24248E-1,-6.59864E-2,-2.02192E-2,-1.10195E-1,-9.03193E-2,2.45357E-2,1.63541E-2,8.30035E-3,-6.60484E-2,2.29162E-2,-6.39026E-2,-3.65534E-2,4.07055E-2,6.65691E-2,9.33474E-2,3.51896E-2,7.91340E-2,-1.03404E-2,-5.57073E-2,3.14493E-1,9.08661E-2,4.17145E-2,-1.50117E-2,1.07011E-2,1.65971E-1,-3.01060E-2,8.14302E-2,1.77691E-1,1.51024E-1,1.01094E-1,4.83635E-2,4.59082E-2,-5.73070E-2,1.15801E-1
7.69879E+2,NaN,NaN,NaN,NaN,NaN,NaN,NaN,NaN,NaN,NaN,NaN,NaN,NaN,NaN,NaN,NaN,NaN,NaN,NaN,NaN,NaN,NaN,NaN,NaN,NaN,NaN,NaN,NaN,NaN,NaN,NaN,NaN,NaN,NaN,NaN,NaN,NaN,NaN,NaN,NaN,NaN,NaN,NaN,NaN,NaN,NaN,NaN,NaN,NaN,NaN,NaN,NaN,NaN,NaN,NaN,NaN,NaN,NaN,NaN,NaN,NaN,NaN,NaN,NaN,NaN,NaN,NaN,NaN,NaN,NaN,NaN,NaN,NaN,NaN,NaN,NaN,NaN,NaN,NaN,NaN,NaN,NaN,NaN,NaN,NaN,NaN,NaN,NaN,NaN,NaN,NaN,NaN,NaN,NaN,NaN,NaN,NaN,-2.42450E-2,5.15809E-2,1.41073E-1,-1.35802E-1,5.22725E-2,-6.07662E-2,-1.45865E-1,-1.14598E-1,-1.14480E-1,-2.09706E-1,1.31529E-1,-1.60626E-1,-5.51560E-2,3.89364E-2,-1.84703E-1,4.19770E-3,-1.69573E-2,3.24765E-2,5.25065E-2,-5.28392E-2,-8.96779E-2,-4.30574E-2,2.64260E-2,-5.68699E-2,2.69641E-2,-1.82489E-2,3.33908E-3,-9.95151E-2,1.92550E-2,9.40612E-2,-8.21869E-3,9.09633E-2,-8.33635E-2,1.67338E-1,1.13421E-1,1.45802E-1,3.16275E-2,2.00576E-1,-1.54317E-1,-1.99137E-1
7.73266E+2,NaN,NaN,NaN,NaN,NaN,NaN,NaN,NaN,NaN,NaN,NaN,NaN,NaN,NaN,NaN,NaN,NaN,NaN,NaN,NaN,NaN,NaN,NaN,NaN,NaN,NaN,NaN,NaN,NaN,NaN,NaN,NaN,NaN,NaN,NaN,NaN,NaN,NaN,NaN,NaN,NaN,NaN,NaN,NaN,NaN,NaN,NaN,NaN,NaN,NaN,NaN,NaN,NaN,NaN,NaN,NaN,NaN,NaN,NaN,NaN,NaN,NaN,NaN,NaN,NaN,NaN,NaN,NaN,NaN,NaN,NaN,NaN,NaN,NaN,NaN,NaN,NaN,NaN,NaN,NaN,NaN,NaN,NaN,NaN,NaN,NaN,NaN,NaN,NaN,NaN,NaN,NaN,NaN,NaN,NaN,NaN,3.75211E-3,-6.98954E-3,-2.34510E-2,-2.52252E-4,2.70923E-2,4.75189E-3,-3.34292E-2,-9.03640E-2,-2.21695E-2,1.81070E-2,-8.02264E-3,-3.92731E-2,-7.12332E-2,5.85018E-3,-3.42188E-2,-2.84913E-2,1.73753E-2,1.21294E-2,-1.41397E-2,-2.76783E-2,-1.11817E-2,5.70955E-2,2.91777E-2,4.76103E-2,-4.35434E-2,-3.43614E-2,-3.99314E-2,-4.79562E-2,-8.23548E-2,-6.36207E-2,-8.41179E-2,-5.76062E-2,-3.64762E-2,-1.26289E-1,1.58433E-2,-1.52520E-2,-9.13114E-2,-3.51564E-2,1.92585E-2,-4.29141E-2,-4.35309E-2
7.76653E+2,NaN,NaN,NaN,NaN,NaN,NaN,NaN,NaN,NaN,NaN,NaN,NaN,NaN,NaN,NaN,NaN,NaN,NaN,NaN,NaN,NaN,NaN,NaN,NaN,NaN,NaN,NaN,NaN,NaN,NaN,NaN,NaN,NaN,NaN,NaN,NaN,NaN,NaN,NaN,NaN,NaN,NaN,NaN,NaN,NaN,NaN,NaN,NaN,NaN,NaN,NaN,NaN,NaN,NaN,NaN,NaN,NaN,NaN,NaN,NaN,NaN,NaN,NaN,NaN,NaN,NaN,NaN,NaN,NaN,NaN,NaN,NaN,NaN,NaN,NaN,NaN,NaN,NaN,NaN,NaN,NaN,NaN,NaN,NaN,NaN,NaN,NaN,NaN,NaN,NaN,NaN,NaN,NaN,NaN,NaN,NaN,1.27826E-2,2.61793E-2,-9.73355E-2,6.61761E-3,6.40774E-3,-1.09750E-4,-3.37430E-3,-1.03739E-2,3.77790E-2,-4.35717E-2,-1.00271E-2,6.06662E-2,9.93267E-2,3.10842E-2,-6.98410E-2,9.38259E-3,2.38679E-2,-4.49321E-3,8.93663E-3,4.59341E-2,1.03520E-2,5.31196E-3,9.97303E-3,3.92787E-2,4.59879E-3,-2.06048E-2,-1.63771E-2,-3.89972E-3,2.14122E-2,6.04329E-3,-1.76403E-2,-4.70956E-2,-4.69251E-2,-2.98760E-2,-2.14953E-2,-6.24225E-3,-4.81381E-2,-5.02656E-2,-1.73431E-2,-1.60395E-2,5.91572E-2
7.80041E+2,NaN,NaN,NaN,NaN,NaN,NaN,NaN,NaN,NaN,NaN,NaN,NaN,NaN,NaN,NaN,NaN,NaN,NaN,NaN,NaN,NaN,NaN,NaN,NaN,NaN,NaN,NaN,NaN,NaN,NaN,NaN,NaN,NaN,NaN,NaN,NaN,NaN,NaN,NaN,NaN,NaN,NaN,NaN,NaN,NaN,NaN,NaN,NaN,NaN,NaN,NaN,NaN,NaN,NaN,NaN,NaN,NaN,NaN,NaN,NaN,NaN,NaN,NaN,NaN,NaN,NaN,NaN,NaN,NaN,NaN,NaN,NaN,NaN,NaN,NaN,NaN,NaN,NaN,NaN,NaN,NaN,NaN,NaN,NaN,NaN,NaN,NaN,NaN,NaN,NaN,NaN,NaN,NaN,NaN,NaN,NaN,2.61976E-2,-9.40690E-2,-7.15782E-2,1.09713E-1,7.07202E-3,1.09841E-1,1.01220E-1,2.24362E-1,7.82622E-2,1.44513E-1,1.25210E-2,1.34445E-1,4.17017E-2,2.74733E-2,6.66084E-2,6.31357E-3,5.94199E-2,-2.93091E-2,1.57412E-1,1.34415E-1,5.72987E-2,-1.04450E-1,-5.16742E-2,5.69885E-3,2.46913E-2,1.00954E-1,-3.41233E-2,1.13437E-1,-3.03208E-3,-1.02979E-1,8.76784E-3,1.47638E-1,-8.73684E-3,1.13021E-2,-1.89610E-1,-5.73255E-2,-7.35433E-2,-6.85175E-2,-2.32026E-2,6.40740E-2,9.45901E-2
7.83430E+2,NaN,NaN,NaN,NaN,NaN,NaN,NaN,NaN,NaN,NaN,NaN,NaN,NaN,NaN,NaN,NaN,NaN,NaN,NaN,NaN,NaN,NaN,NaN,NaN,NaN,NaN,NaN,NaN,NaN,NaN,NaN,NaN,NaN,NaN,NaN,NaN,NaN,NaN,NaN,NaN,NaN,NaN,NaN,NaN,NaN,NaN,NaN,NaN,NaN,NaN,NaN,NaN,NaN,NaN,NaN,NaN,NaN,NaN,NaN,NaN,NaN,NaN,NaN,NaN,NaN,NaN,NaN,NaN,NaN,NaN,NaN,NaN,NaN,NaN,NaN,NaN,NaN,NaN,NaN,NaN,NaN,NaN,NaN,NaN,NaN,NaN,NaN,NaN,NaN,NaN,NaN,NaN,NaN,NaN,-5.66533E-2,-6.83584E-2,-6.69045E-2,1.10671E-1,4.07972E-2,-8.53388E-2,-4.55557E-2,-1.56603E-1,-2.30332E-1,-1.56323E-1,-9.05716E-2,-1.67865E-1,-2.99128E-2,-7.70417E-2,-8.21462E-2,-4.19535E-2,-8.79349E-2,-4.04564E-3,1.41147E-2,-1.26930E-3,-7.90032E-2,-1.28138E-1,-1.53069E-1,1.58487E-1,-3.54598E-2,-6.71113E-2,-2.06714E-1,4.97564E-2,1.73384E-2,1.21242E-2,-4.41841E-2,-1.16824E-2,-1.38478E-2,-8.20694E-3,-1.05765E-1,1.83615E-2,1.36310E-2,6.01679E-2,1.58231E-2,-3.55015E-2,1.68912E-2,-7.26635E-2,-8.07873E-2
7.86819E+2,NaN,NaN,NaN,NaN,NaN,NaN,NaN,NaN,NaN,NaN,NaN,NaN,NaN,NaN,NaN,NaN,NaN,NaN,NaN,NaN,NaN,NaN,NaN,NaN,NaN,NaN,NaN,NaN,NaN,NaN,NaN,NaN,NaN,NaN,NaN,NaN,NaN,NaN,NaN,NaN,NaN,NaN,NaN,NaN,NaN,NaN,NaN,NaN,NaN,NaN,NaN,NaN,NaN,NaN,NaN,NaN,NaN,NaN,NaN,NaN,NaN,NaN,NaN,NaN,NaN,NaN,NaN,NaN,NaN,NaN,NaN,NaN,NaN,NaN,NaN,NaN,NaN,NaN,NaN,NaN,NaN,NaN,NaN,NaN,NaN,NaN,NaN,NaN,NaN,NaN,NaN,NaN,NaN,2.17760E-2,5.01035E-2,7.85709E-2,5.77053E-2,-2.13101E-1,1.05493E-2,7.29581E-2,2.74345E-2,2.63231E-1,1.55964E-1,9.37362E-2,1.61036E-1,1.66242E-1,1.61201E-1,2.82802E-2,3.87768E-2,9.23242E-2,8.04981E-2,1.04216E-3,1.13865E-2,5.66198E-2,1.81202E-1,2.04023E-1,1.63680E-1,-3.06833E-2,-6.31232E-2,5.30221E-2,9.85261E-2,8.58380E-2,-2.16477E-1,1.00517E-1,3.44498E-2,1.59070E-2,4.68765E-2,9.81021E-3,2.41049E-2,-4.47171E-2,-7.57549E-2,-6.74211E-2,-7.82677E-2,-6.39853E-2,3.36311E-2,1.76174E-1,1.27845E-1
7.90209E+2,NaN,NaN,NaN,NaN,NaN,NaN,NaN,NaN,NaN,NaN,NaN,NaN,NaN,NaN,NaN,NaN,NaN,NaN,NaN,NaN,NaN,NaN,NaN,NaN,NaN,NaN,NaN,NaN,NaN,NaN,NaN,NaN,NaN,NaN,NaN,NaN,NaN,NaN,NaN,NaN,NaN,NaN,NaN,NaN,NaN,NaN,NaN,NaN,NaN,NaN,NaN,NaN,NaN,NaN,NaN,NaN,NaN,NaN,NaN,NaN,NaN,NaN,NaN,NaN,NaN,NaN,NaN,NaN,NaN,NaN,NaN,NaN,NaN,NaN,NaN,NaN,NaN,NaN,NaN,NaN,NaN,NaN,NaN,NaN,NaN,NaN,NaN,NaN,NaN,NaN,NaN,1.05723E-1,1.15409E-1,1.25095E-1,1.44220E-1,1.72424E-1,-1.05073E-1,-2.01855E-1,7.89358E-2,4.84190E-2,1.11847E-1,2.03367E-1,3.21791E-1,6.67900E-2,2.23622E-1,8.69356E-2,3.42235E-1,1.28550E-1,9.52295E-3,7.50102E-3,-1.45899E-1,1.53714E-1,-1.73271E-1,2.38010E-1,2.46171E-1,2.04391E-1,2.13878E-1,-2.06960E-1,-9.67831E-2,-6.28890E-2,8.56441E-2,3.97214E-2,-8.20099E-2,1.89469E-2,4.88775E-2,-1.92843E-2,-8.98208E-2,-2.92295E-2,6.46660E-2,-1.90617E-1,-2.00217E-1,-2.98969E-2,-1.29679E-1,1.11965E-1,2.99414E-2,1.51930E-1,1.59413E-1
7.93600E+2,NaN,NaN,NaN,NaN,NaN,NaN,NaN,NaN,NaN,NaN,NaN,NaN,NaN,NaN,NaN,NaN,NaN,NaN,NaN,NaN,NaN,NaN,NaN,NaN,NaN,NaN,NaN,NaN,NaN,NaN,NaN,NaN,NaN,NaN,NaN,NaN,NaN,NaN,NaN,NaN,NaN,NaN,NaN,NaN,NaN,NaN,NaN,NaN,NaN,NaN,NaN,NaN,NaN,NaN,NaN,NaN,NaN,NaN,NaN,NaN,NaN,NaN,NaN,NaN,NaN,NaN,NaN,NaN,NaN,NaN,NaN,NaN,NaN,NaN,NaN,NaN,NaN,NaN,NaN,NaN,NaN,NaN,NaN,NaN,NaN,NaN,NaN,NaN,NaN,NaN,-3.25765E-2,-2.72154E-2,-2.18543E-2,-5.83697E-2,-9.60238E-2,-1.21116E-1,1.17027E-1,2.44531E-2,-5.61381E-2,-6.28829E-2,-1.77896E-1,-1.98814E-1,-9.72177E-2,-6.48007E-2,-8.50807E-2,1.29445E-1,-3.25858E-2,-8.62973E-2,-1.03608E-1,-1.63651E-1,3.94034E-2,-4.65760E-2,2.21237E-1,-1.26849E-2,-7.57241E-2,-2.95307E-1,1.52038E-2,5.52133E-2,1.63471E-1,9.36127E-2,-1.42329E-1,-7.31232E-2,1.93269E-1,-3.36198E-2,-9.77795E-2,5.56328E-2,1.79599E-2,-5.97606E-3,2.34347E-2,-4.51035E-2,1.05262E-1,1.16885E-1,1.46214E-1,-8.26779E-3,7.80382E-3,-5.08076E-2,-3.63995E-2
7.96991E+2,NaN,NaN,NaN,NaN,NaN,NaN,NaN,NaN,NaN,NaN,NaN,NaN,NaN,NaN,NaN,NaN,NaN,NaN,NaN,NaN,NaN,NaN,NaN,NaN,NaN,NaN,NaN,NaN,NaN,NaN,NaN,NaN,NaN,NaN,NaN,NaN,NaN,NaN,NaN,NaN,NaN,NaN,NaN,NaN,NaN,NaN,NaN,NaN,NaN,NaN,NaN,NaN,NaN,NaN,NaN,NaN,NaN,NaN,NaN,NaN,NaN,NaN,NaN,NaN,NaN,NaN,NaN,NaN,NaN,NaN,NaN,NaN,NaN,NaN,NaN,NaN,NaN,NaN,NaN,NaN,NaN,NaN,NaN,NaN,NaN,NaN,NaN,NaN,-1.26891E-1,-1.57947E-2,9.53014E-2,1.18498E-1,1.64023E-2,-8.56928E-2,-8.75199E-2,-9.00480E-3,4.18903E-1,-2.01648E-1,-2.32853E-1,-1.62336E-1,-4.32210E-1,-4.10583E-1,-2.79241E-2,2.70168E-1,-8.17489E-2,-1.63030E-1,-2.69398E-1,-1.12582E-1,-1.30146E-1,3.31396E-2,-8.43446E-2,2.74425E-1,2.03870E-1,-1.63498E-1,-1.94050E-1,-1.30406E-1,-2.67798E-2,2.01114E-1,8.04408E-2,9.42655E-2,-1.97205E-2,4.96253E-2,1.01343E-1,5.91320E-2,3.32989E-2,1.67658E-1,3.85004E-1,-1.60146E-1,-1.33606E-1,6.46831E-2,5.10255E-1,3.01552E-1,2.65616E-1,-2.43408E-2,1.52656E-1,2.32453E-1,3.65167E-2
8.00382E+2,NaN,NaN,NaN,NaN,NaN,NaN,NaN,NaN,NaN,NaN,NaN,NaN,NaN,NaN,NaN,NaN,NaN,NaN,NaN,NaN,NaN,NaN,NaN,NaN,NaN,NaN,NaN,NaN,NaN,NaN,NaN,NaN,NaN,NaN,NaN,NaN,NaN,NaN,NaN,NaN,NaN,NaN,NaN,NaN,NaN,NaN,NaN,NaN,NaN,NaN,NaN,NaN,NaN,NaN,NaN,NaN,NaN,NaN,NaN,NaN,NaN,NaN,NaN,NaN,NaN,NaN,NaN,NaN,NaN,NaN,NaN,NaN,NaN,NaN,NaN,NaN,NaN,NaN,NaN,NaN,NaN,NaN,NaN,NaN,NaN,NaN,NaN,1.88967E-2,-7.99788E-3,-3.48924E-2,-1.52823E-2,1.40836E-2,4.34495E-2,3.48674E-2,2.50897E-2,1.37466E-2,-7.50477E-3,-3.57847E-2,2.67685E-2,1.11747E-1,1.03967E-1,4.68118E-2,7.27276E-2,1.06481E-1,1.10896E-2,4.31908E-2,5.59280E-2,5.25782E-2,6.57606E-2,5.59832E-2,2.97270E-2,-1.83297E-2,5.46360E-2,4.31803E-2,1.73631E-2,1.00375E-1,-8.39205E-3,-2.12624E-2,1.04756E-2,5.22151E-2,7.44615E-2,3.90306E-2,4.00085E-2,-1.67490E-3,3.03674E-2,2.95452E-2,4.61246E-2,7.76294E-2,1.70674E-2,-1.12672E-2,2.26289E-3,-2.60122E-2,2.80773E-2,5.97637E-2,2.69544E-2,4.64902E-2,2.69703E-2
8.03775E+2,NaN,NaN,NaN,NaN,NaN,NaN,NaN,NaN,NaN,NaN,NaN,NaN,NaN,NaN,NaN,NaN,NaN,NaN,NaN,NaN,NaN,NaN,NaN,NaN,NaN,NaN,NaN,NaN,NaN,NaN,NaN,NaN,NaN,NaN,NaN,NaN,NaN,NaN,NaN,NaN,NaN,NaN,NaN,NaN,NaN,NaN,NaN,NaN,NaN,NaN,NaN,NaN,NaN,NaN,NaN,NaN,NaN,NaN,NaN,NaN,NaN,NaN,NaN,NaN,NaN,NaN,NaN,NaN,NaN,NaN,NaN,NaN,NaN,NaN,NaN,NaN,NaN,NaN,NaN,NaN,NaN,NaN,NaN,NaN,NaN,4.78265E-2,3.20894E-2,1.63523E-2,1.63360E-3,-9.41043E-3,-2.04545E-2,-1.91264E-2,4.21101E-3,2.75484E-2,8.33205E-2,1.71178E-1,-2.89988E-1,-8.74596E-2,-6.28116E-2,-1.89701E-1,-9.24915E-2,-2.36852E-1,-1.35970E-1,-2.18562E-1,1.00728E-1,-8.43175E-2,-3.18270E-2,-1.37156E-1,-9.03799E-2,8.07650E-2,6.86205E-3,-1.33496E-1,-4.27722E-2,-1.64891E-1,-9.33116E-2,-6.45912E-2,-2.47347E-1,1.69978E-1,-3.30321E-2,2.85543E-2,1.50429E-2,-5.80086E-2,5.83884E-2,8.15417E-2,6.36534E-2,-7.41138E-2,1.70650E-1,2.12759E-1,1.63321E-2,7.39061E-2,1.86404E-1,2.75389E-2,6.32600E-2,1.02668E-1,1.12997E-1,-1.47798E-1,-1.26835E-1
8.07167E+2,NaN,NaN,NaN,NaN,NaN,NaN,NaN,NaN,NaN,NaN,NaN,NaN,NaN,NaN,NaN,NaN,NaN,NaN,NaN,NaN,NaN,NaN,NaN,NaN,NaN,NaN,NaN,NaN,NaN,NaN,NaN,NaN,NaN,NaN,NaN,NaN,NaN,NaN,NaN,NaN,NaN,NaN,NaN,NaN,NaN,NaN,NaN,NaN,NaN,NaN,NaN,NaN,NaN,NaN,NaN,NaN,NaN,NaN,NaN,NaN,NaN,NaN,NaN,NaN,NaN,NaN,NaN,NaN,NaN,NaN,NaN,NaN,NaN,NaN,NaN,NaN,NaN,NaN,NaN,NaN,NaN,NaN,NaN,NaN,2.98886E-2,1.31523E-2,-3.58409E-3,-5.83254E-3,2.23685E-3,1.03062E-2,5.28962E-3,-4.64320E-3,-1.45760E-2,-5.14120E-3,7.19357E-3,1.92129E-2,-2.14107E-2,-2.03892E-2,3.08156E-3,5.20847E-2,1.42495E-2,1.66454E-2,4.85580E-2,-1.93537E-2,-2.24953E-2,-6.79146E-2,4.40222E-2,-1.38370E-2,-5.89743E-3,2.44959E-2,3.10660E-2,3.60927E-2,1.58980E-3,7.75089E-3,5.19756E-3,3.85787E-2,2.58996E-2,5.14097E-2,3.77255E-2,3.36028E-2,-5.63612E-3,1.84533E-2,-3.54699E-2,1.66697E-3,5.35786E-2,-3.94346E-4,1.24452E-2,1.65017E-3,4.14455E-3,1.82074E-2,1.32697E-2,4.00889E-2,2.20227E-2,-2.03118E-2,5.85682E-2,-3.64863E-2,-1.98614E-2
8.10561E+2,NaN,NaN,NaN,NaN,NaN,NaN,NaN,NaN,NaN,NaN,NaN,NaN,NaN,NaN,NaN,NaN,NaN,NaN,NaN,NaN,NaN,NaN,NaN,NaN,NaN,NaN,NaN,NaN,NaN,NaN,NaN,NaN,NaN,NaN,NaN,NaN,NaN,NaN,NaN,NaN,NaN,NaN,NaN,NaN,NaN,NaN,NaN,NaN,NaN,NaN,NaN,NaN,NaN,NaN,NaN,NaN,NaN,NaN,NaN,NaN,NaN,NaN,NaN,NaN,NaN,NaN,NaN,NaN,NaN,NaN,NaN,NaN,NaN,NaN,NaN,NaN,NaN,NaN,NaN,NaN,NaN,NaN,NaN,4.95787E-2,4.70440E-2,4.45093E-2,4.48516E-2,4.54160E-2,4.66815E-2,5.70924E-2,6.75032E-2,7.64764E-2,8.01708E-2,8.38652E-2,5.41834E-2,-3.56363E-2,-1.34306E-1,5.21995E-2,5.28032E-2,-6.14614E-2,-4.85122E-2,2.03168E-2,-3.66102E-2,-1.35489E-3,-2.30259E-2,-5.83819E-2,2.02809E-2,-2.22661E-2,9.55731E-2,-4.09408E-2,1.23664E-2,-4.01963E-2,-5.83269E-2,2.75042E-2,-4.66774E-2,1.25670E-1,9.10350E-2,6.01500E-2,2.51592E-2,3.60927E-2,5.04659E-2,7.86540E-2,1.47571E-1,4.01566E-2,9.44658E-2,1.33468E-1,3.64874E-2,2.47797E-2,7.71020E-2,4.42544E-2,1.19482E-1,-1.15765E-2,-5.53575E-2,3.62518E-2,-5.11866E-3,-7.86551E-2,-4.69804E-2
8.13955E+2,NaN,NaN,NaN,NaN,NaN,NaN,NaN,NaN,NaN,NaN,NaN,NaN,NaN,NaN,NaN,NaN,NaN,NaN,NaN,NaN,NaN,NaN,NaN,NaN,NaN,NaN,NaN,NaN,NaN,NaN,NaN,NaN,NaN,NaN,NaN,NaN,NaN,NaN,NaN,NaN,NaN,NaN,NaN,NaN,NaN,NaN,NaN,NaN,NaN,NaN,NaN,NaN,NaN,NaN,NaN,NaN,NaN,NaN,NaN,NaN,NaN,NaN,NaN,NaN,NaN,NaN,NaN,NaN,NaN,NaN,NaN,NaN,NaN,NaN,NaN,NaN,NaN,NaN,NaN,NaN,NaN,-6.11456E-2,-3.22269E-2,-3.30829E-3,1.61854E-2,7.46134E-3,-1.26271E-3,2.14399E-2,9.26336E-2,1.63827E-1,1.75713E-1,1.36278E-1,9.68428E-2,4.81691E-2,-4.87294E-3,-5.79150E-2,-4.71719E-2,3.46398E-2,4.51013E-2,1.68922E-2,-1.86260E-2,1.89397E-2,-5.85054E-2,9.37284E-2,-1.98671E-2,-5.37825E-2,-9.08265E-2,-6.47887E-2,9.55107E-2,1.73684E-2,2.00512E-2,-8.43736E-2,6.51393E-3,-3.75806E-3,2.60986E-2,1.28421E-2,7.73271E-2,2.88884E-2,1.75810E-2,1.65620E-1,5.94960E-3,1.07454E-1,4.78903E-2,1.58759E-2,8.05915E-2,7.35769E-2,1.01189E-1,1.05685E-1,1.25951E-1,-2.52917E-3,7.98675E-2,4.59807E-3,2.21375E-2,2.55520E-2,6.22750E-2,-5.11479E-2,3.18203E-2
8.17349E+2,NaN,NaN,NaN,NaN,NaN,NaN,NaN,NaN,NaN,NaN,NaN,NaN,NaN,NaN,NaN,NaN,NaN,NaN,NaN,NaN,NaN,NaN,NaN,NaN,NaN,NaN,NaN,NaN,NaN,NaN,NaN,NaN,NaN,NaN,NaN,NaN,NaN,NaN,NaN,NaN,NaN,NaN,NaN,NaN,NaN,NaN,NaN,NaN,NaN,NaN,NaN,NaN,NaN,NaN,NaN,NaN,NaN,NaN,NaN,NaN,NaN,NaN,NaN,NaN,NaN,NaN,NaN,NaN,NaN,NaN,NaN,NaN,NaN,NaN,NaN,NaN,NaN,NaN,NaN,NaN,2.71438E-2,4.01305E-2,5.31173E-2,4.69466E-2,2.51456E-2,3.34456E-3,-6.72640E-3,-1.16144E-2,-1.65023E-2,-4.80941E-2,-8.49087E-2,-1.21723E-1,-5.63008E-2,1.12864E-2,6.72466E-2,3.96267E-2,-1.25807E-2,5.35057E-3,8.09586E-2,1.92956E-2,5.15133E-2,6.87314E-2,1.20423E-1,1.95437E-2,5.13260E-2,6.97656E-2,6.67214E-2,2.64255E-2,8.01302E-2,5.18493E-2,4.16876E-2,6.60162E-2,5.91461E-2,4.85495E-2,4.20398E-2,-4.40270E-2,-5.39833E-2,-2.27926E-2,7.43557E-2,1.04144E-1,6.48114E-2,9.47326E-2,9.59318E-2,2.21091E-2,3.54149E-2,2.94903E-2,2.34174E-2,-1.66109E-2,5.16781E-2,-1.93998E-2,6.29507E-3,1.32540E-2,-7.05043E-3,2.31859E-2,2.01340E-2,2.20662E-2,1.44959E-2
8.20744E+2,NaN,NaN,NaN,NaN,NaN,NaN,NaN,NaN,NaN,NaN,NaN,NaN,NaN,NaN,NaN,NaN,NaN,NaN,NaN,NaN,NaN,NaN,NaN,NaN,NaN,NaN,NaN,NaN,NaN,NaN,NaN,NaN,NaN,NaN,NaN,NaN,NaN,NaN,NaN,NaN,NaN,NaN,NaN,NaN,NaN,NaN,NaN,NaN,NaN,NaN,NaN,NaN,NaN,NaN,NaN,NaN,NaN,NaN,NaN,NaN,NaN,NaN,NaN,NaN,NaN,NaN,NaN,NaN,NaN,NaN,NaN,NaN,NaN,NaN,NaN,NaN,NaN,NaN,NaN,5.99280E-2,6.41294E-2,6.83308E-2,9.23844E-2,1.20510E-1,1.48636E-1,6.90074E-2,-1.36527E-2,-9.35063E-2,-1.51867E-1,-2.10228E-1,-2.34772E-1,-1.62237E-1,-8.97020E-2,-2.41772E-2,3.08853E-2,8.59478E-2,7.49080E-2,5.25108E-2,1.75662E-1,2.12446E-1,1.87798E-1,3.02853E-1,-3.01681E-2,7.17521E-2,5.08140E-2,1.09824E-1,5.52140E-2,3.17896E-2,6.20252E-2,1.85103E-2,7.53504E-2,7.50940E-2,1.07452E-1,2.27908E-1,-7.24420E-3,-5.65329E-2,1.10914E-3,3.02903E-3,3.82922E-2,2.35178E-2,1.31236E-1,7.11432E-2,-1.13440E-2,7.61367E-2,1.17073E-2,2.51777E-2,5.05797E-2,9.05615E-2,2.45272E-2,-6.08109E-3,6.12063E-3,-3.37800E-2,3.98304E-3,1.46064E-2,-1.04084E-2,1.12241E-1,6.69825E-2
8.24140E+2,NaN,NaN,NaN,NaN,NaN,NaN,NaN,NaN,NaN,NaN,NaN,NaN,NaN,NaN,NaN,NaN,NaN,NaN,NaN,NaN,NaN,NaN,NaN,NaN,NaN,NaN,NaN,NaN,NaN,NaN,NaN,NaN,NaN,NaN,NaN,NaN,NaN,NaN,NaN,NaN,NaN,NaN,NaN,NaN,NaN,NaN,NaN,NaN,NaN,NaN,NaN,NaN,NaN,NaN,NaN,NaN,NaN,NaN,NaN,NaN,NaN,NaN,NaN,NaN,NaN,NaN,NaN,NaN,NaN,NaN,NaN,NaN,NaN,NaN,NaN,NaN,NaN,NaN,5.49050E-2,5.13533E-2,4.93799E-2,6.37362E-2,7.80926E-2,7.52104E-2,1.49385E-2,-4.53333E-2,-9.96713E-2,-1.44071E-1,-1.88470E-1,-1.67467E-1,-8.52902E-2,-3.11360E-3,3.58890E-2,5.26072E-2,6.93254E-2,3.79726E-2,-7.00024E-2,7.17061E-2,1.25536E-1,4.83880E-2,2.29050E-2,1.27824E-1,-6.74820E-2,-1.03992E-2,7.41258E-2,-3.48051E-2,-3.80706E-2,-9.47464E-2,6.77790E-2,-9.02328E-2,-3.18886E-2,-6.79601E-2,4.88747E-2,1.12010E-1,-1.26824E-1,-1.33046E-1,-6.48008E-2,-1.08216E-1,-6.25041E-2,-1.18964E-2,4.25223E-2,1.36791E-3,-1.25542E-1,-2.94723E-2,-9.67344E-2,-9.48318E-2,1.76084E-3,-4.54626E-2,-9.44465E-2,-1.51477E-1,-1.11250E-1,-1.43628E-1,-8.34315E-2,-2.54316E-2,-1.85148E-2,7.21798E-2,2.83899E-2
8.27536E+2,NaN,NaN,NaN,NaN,NaN,NaN,NaN,NaN,NaN,NaN,NaN,NaN,NaN,NaN,NaN,NaN,NaN,NaN,NaN,NaN,NaN,NaN,NaN,NaN,NaN,NaN,NaN,NaN,NaN,NaN,NaN,NaN,NaN,NaN,NaN,NaN,NaN,NaN,NaN,NaN,NaN,NaN,NaN,NaN,NaN,NaN,NaN,NaN,NaN,NaN,NaN,NaN,NaN,NaN,NaN,NaN,NaN,NaN,NaN,NaN,NaN,NaN,NaN,NaN,NaN,NaN,NaN,NaN,NaN,NaN,NaN,NaN,NaN,NaN,NaN,NaN,5.40019E-2,4.43955E-2,3.47890E-2,2.51195E-2,1.53197E-2,5.51990E-3,-6.02525E-3,-1.95458E-2,-3.30664E-2,-3.55711E-2,-3.10899E-2,-2.66086E-2,-2.29229E-2,-1.94956E-2,-1.60683E-2,-1.23051E-2,-8.50362E-3,-4.53739E-3,3.33108E-3,1.11995E-2,5.03305E-2,1.27786E-1,7.76418E-2,1.11512E-1,6.75575E-2,1.90711E-2,3.51679E-2,6.15080E-2,5.23548E-2,3.63965E-2,-1.26923E-2,1.05161E-2,-1.99158E-2,-8.12703E-3,-3.45646E-3,7.09692E-2,1.30789E-1,6.41974E-2,-1.39070E-3,-6.22158E-2,-1.57775E-3,2.62424E-2,1.51080E-3,-5.22797E-2,-1.62847E-2,2.74491E-2,2.37517E-2,-2.28415E-2,-2.81486E-2,9.42085E-4,5.77262E-2,-1.83723E-4,2.11214E-2,-1.83177E-2,-4.31626E-2,-4.08686E-2,3.02511E-2,4.85805E-2,1.03853E-2,1.48933E-2,3.25380E-2
8.30933E+2,NaN,NaN,NaN,NaN,NaN,NaN,NaN,NaN,NaN,NaN,NaN,NaN,NaN,NaN,NaN,NaN,NaN,NaN,NaN,NaN,NaN,NaN,NaN,NaN,NaN,NaN,NaN,NaN,NaN,NaN,NaN,NaN,NaN,NaN,NaN,NaN,NaN,NaN,NaN,NaN,NaN,NaN,NaN,NaN,NaN,NaN,NaN,NaN,NaN,NaN,NaN,NaN,NaN,NaN,NaN,NaN,NaN,NaN,NaN,NaN,NaN,NaN,NaN,NaN,NaN,NaN,NaN,NaN,NaN,NaN,NaN,NaN,NaN,NaN,NaN,3.62818E-2,-3.22491E-4,-3.69268E-2,-2.28237E-2,3.36991E-2,9.02218E-2,7.25712E-2,2.11828E-2,-3.02056E-2,-7.77347E-2,-1.24475E-1,-1.71214E-1,-1.03753E-1,-3.31304E-2,3.12329E-2,4.78639E-2,6.44949E-2,6.19479E-2,4.47028E-3,-5.30073E-2,-8.54993E-2,-9.97063E-3,9.17829E-2,-1.91452E-2,6.32103E-2,-3.17308E-2,7.78634E-2,3.26210E-2,8.12568E-2,1.56522E-3,-1.58038E-2,5.07757E-2,-1.83398E-2,-7.89787E-2,8.17012E-3,2.68313E-2,2.01498E-2,1.21161E-1,1.45197E-1,-1.39702E-1,-1.11243E-1,-1.08453E-1,-7.63210E-2,-1.37596E-1,-1.31432E-1,-7.73139E-2,-1.06719E-1,-1.02060E-1,-6.08022E-2,2.67086E-2,-3.41659E-2,-1.01361E-1,-4.29557E-2,5.68594E-3,-1.19467E-1,-1.54678E-1,-1.90105E-1,-2.08375E-1,-1.53605E-1,-1.01367E-1,-4.45967E-2,-5.68934E-2
8.34331E+2,NaN,NaN,NaN,NaN,NaN,NaN,NaN,NaN,NaN,NaN,NaN,NaN,NaN,NaN,NaN,NaN,NaN,NaN,NaN,NaN,NaN,NaN,NaN,NaN,NaN,NaN,NaN,NaN,NaN,NaN,NaN,NaN,NaN,NaN,NaN,NaN,NaN,NaN,NaN,NaN,NaN,NaN,NaN,NaN,NaN,NaN,NaN,NaN,NaN,NaN,NaN,NaN,NaN,NaN,NaN,NaN,NaN,NaN,NaN,NaN,NaN,NaN,NaN,NaN,NaN,NaN,NaN,NaN,NaN,NaN,NaN,NaN,NaN,NaN,-4.10648E-2,4.73144E-4,4.20111E-2,3.82377E-2,1.88250E-2,-5.87616E-4,1.47427E-2,3.45315E-2,5.31075E-2,3.12596E-2,9.41175E-3,-1.05528E-2,-2.14501E-2,-3.23474E-2,-3.42271E-2,-1.64823E-2,1.26250E-3,2.89015E-4,-2.28627E-2,-4.60145E-2,-3.43537E-2,4.61746E-4,1.78179E-2,2.01833E-2,-9.48086E-4,1.44173E-2,3.89722E-2,1.45396E-2,-1.76088E-1,5.29332E-2,-3.48613E-2,-3.33932E-2,1.31182E-2,-2.61230E-3,-4.11509E-3,-3.66638E-2,2.07907E-2,1.76871E-2,-4.71966E-2,-1.20018E-2,-8.30992E-3,6.19721E-2,-4.01196E-2,5.12472E-3,5.74444E-2,1.75097E-2,1.84078E-2,3.94641E-2,-3.26018E-2,-4.53271E-2,-5.25229E-2,-7.89541E-3,8.63603E-4,3.45627E-2,1.99190E-2,3.07785E-2,2.70915E-2,2.82038E-2,-1.19955E-2,-4.73800E-2,-5.65519E-2,4.21729E-2,1.22070E-2
8.37729E+2,NaN,NaN,NaN,NaN,NaN,NaN,NaN,NaN,NaN,NaN,NaN,NaN,NaN,NaN,NaN,NaN,NaN,NaN,NaN,NaN,NaN,NaN,NaN,NaN,NaN,NaN,NaN,NaN,NaN,NaN,NaN,NaN,NaN,NaN,NaN,NaN,NaN,NaN,NaN,NaN,NaN,NaN,NaN,NaN,NaN,NaN,NaN,NaN,NaN,NaN,NaN,NaN,NaN,NaN,NaN,NaN,NaN,NaN,NaN,NaN,NaN,NaN,NaN,NaN,NaN,NaN,NaN,NaN,NaN,NaN,NaN,NaN,NaN,5.42923E-2,6.93934E-2,8.44945E-2,6.56843E-2,4.40609E-2,2.36206E-2,1.98553E-2,1.60900E-2,-1.10697E-2,-1.26711E-1,-2.42352E-1,-2.72051E-1,-1.43513E-1,-1.49750E-2,5.90057E-2,7.72878E-2,9.55699E-2,6.41438E-2,4.47453E-3,-5.51948E-2,-5.51202E-2,-3.82477E-2,-2.13751E-2,1.18984E-1,2.38066E-1,1.29327E-1,1.42467E-1,-1.41885E-2,-2.33340E-1,9.44145E-2,1.64510E-1,-4.86285E-2,6.28702E-2,-7.58827E-2,-5.86222E-2,1.12778E-4,-6.86471E-2,1.82474E-1,1.34111E-1,1.19535E-1,-1.72813E-1,-5.44498E-2,1.35687E-3,-8.91425E-3,-1.83078E-1,-1.74056E-1,-9.46867E-2,2.24541E-2,-2.28912E-2,-7.56025E-2,-1.58758E-1,-1.65831E-1,-3.49785E-2,-1.60173E-2,-5.06128E-3,1.96657E-2,-4.56820E-2,-1.09118E-1,-2.17004E-1,-1.82666E-1,-2.47631E-1,-1.52071E-1,-4.23706E-2,-2.73431E-2
8.41128E+2,NaN,NaN,NaN,NaN,NaN,NaN,NaN,NaN,NaN,NaN,NaN,NaN,NaN,NaN,NaN,NaN,NaN,NaN,NaN,NaN,NaN,NaN,NaN,NaN,NaN,NaN,NaN,NaN,NaN,NaN,NaN,NaN,NaN,NaN,NaN,NaN,NaN,NaN,NaN,NaN,NaN,NaN,NaN,NaN,NaN,NaN,NaN,NaN,NaN,NaN,NaN,NaN,NaN,NaN,NaN,NaN,NaN,NaN,NaN,NaN,NaN,NaN,NaN,NaN,NaN,NaN,NaN,NaN,NaN,NaN,NaN,NaN,-1.16596E-2,-7.57108E-3,-3.14562E-3,4.91371E-3,1.29730E-2,1.33839E-2,-1.21433E-2,-3.76705E-2,-4.04799E-2,-4.70397E-3,3.10719E-2,4.28088E-2,3.17649E-2,2.07211E-2,1.03905E-2,4.33613E-4,-9.52332E-3,-9.03982E-3,-5.93236E-3,-2.82491E-3,1.92593E-2,4.25118E-2,5.92529E-2,5.78180E-3,-7.58168E-3,3.80698E-2,2.64931E-3,-5.59316E-2,-4.55622E-2,-5.54260E-2,-9.02881E-3,-4.05859E-2,8.63423E-2,2.18227E-2,-6.94103E-4,5.85971E-3,1.04547E-3,7.09982E-3,-4.65371E-2,-7.25225E-3,-1.00290E-2,-4.70656E-2,7.69717E-3,1.64663E-2,5.05047E-2,-8.25667E-2,3.55394E-3,1.08656E-2,5.01664E-3,1.94147E-2,5.65919E-3,-3.04503E-2,1.24811E-2,3.01619E-2,-2.08346E-3,-3.92304E-2,6.81881E-5,3.17779E-2,2.62799E-2,1.56966E-2,2.87099E-2,4.65735E-2,1.78273E-2,-4.41621E-2,-7.31007E-2
8.44527E+2,NaN,NaN,NaN,NaN,NaN,NaN,NaN,NaN,NaN,NaN,NaN,NaN,NaN,NaN,NaN,NaN,NaN,NaN,NaN,NaN,NaN,NaN,NaN,NaN,NaN,NaN,NaN,NaN,NaN,NaN,NaN,NaN,NaN,NaN,NaN,NaN,NaN,NaN,NaN,NaN,NaN,NaN,NaN,NaN,NaN,NaN,NaN,NaN,NaN,NaN,NaN,NaN,NaN,NaN,NaN,NaN,NaN,NaN,NaN,NaN,NaN,NaN,NaN,NaN,NaN,NaN,NaN,NaN,NaN,NaN,8.27402E-2,5.51497E-2,2.75591E-2,7.45669E-3,1.26751E-2,1.78935E-2,4.93552E-3,-3.88273E-2,-8.25900E-2,-8.78673E-2,-5.67477E-2,-2.56281E-2,-1.98898E-2,-2.74138E-2,-3.49378E-2,-1.42890E-2,1.34178E-2,4.11247E-2,4.07319E-2,3.86254E-2,3.50999E-2,1.63741E-2,-2.35167E-3,-1.27778E-2,4.86150E-3,2.25008E-2,1.10891E-2,1.01936E-1,4.64640E-2,1.06073E-1,6.01680E-2,3.52625E-2,8.38156E-3,6.67075E-2,1.60578E-2,3.94138E-2,-3.05504E-2,9.06932E-3,1.03716E-1,-2.04716E-2,5.95751E-2,6.54375E-2,-2.47942E-2,2.55679E-2,3.94509E-2,2.10685E-2,-4.79222E-2,-1.35931E-2,2.85015E-3,3.74363E-2,2.69462E-2,2.38376E-2,5.87077E-2,4.23471E-2,3.47148E-2,-9.89913E-4,-2.10202E-2,-2.63725E-2,3.73485E-2,-3.97463E-3,-5.84332E-2,-2.01703E-2,-6.19193E-3,3.53836E-2,7.05747E-2,8.14447E-2,5.13252E-3
8.47927E+2,NaN,NaN,NaN,NaN,NaN,NaN,NaN,NaN,NaN,NaN,NaN,NaN,NaN,NaN,NaN,NaN,NaN,NaN,NaN,NaN,NaN,NaN,NaN,NaN,NaN,NaN,NaN,NaN,NaN,NaN,NaN,NaN,NaN,NaN,NaN,NaN,NaN,NaN,NaN,NaN,NaN,NaN,NaN,NaN,NaN,NaN,NaN,NaN,NaN,NaN,NaN,NaN,NaN,NaN,NaN,NaN,NaN,NaN,NaN,NaN,NaN,NaN,NaN,NaN,NaN,NaN,NaN,NaN,NaN,-6.04163E-2,-5.16759E-2,-4.29356E-2,-3.62250E-2,-3.32204E-2,-3.02158E-2,-1.26063E-2,1.97994E-2,5.22050E-2,7.67038E-2,9.67472E-2,1.16791E-1,7.41086E-2,1.39876E-2,-4.61334E-2,-3.62230E-2,-2.06604E-2,-4.80541E-3,1.50448E-2,3.48950E-2,5.33947E-2,6.68455E-2,8.02962E-2,8.22174E-2,6.30883E-2,4.39593E-2,2.52057E-2,-3.78176E-2,-3.75307E-2,3.34885E-2,1.50199E-2,-1.08250E-1,4.49110E-3,-2.26085E-2,-2.13907E-2,-3.42886E-2,2.85466E-2,-2.90211E-2,1.16976E-3,5.00788E-2,-4.54321E-2,-2.23817E-2,9.44093E-4,1.63042E-1,-5.49004E-2,-1.46895E-2,8.64361E-2,8.96494E-2,-2.85665E-2,-4.05495E-2,-7.30889E-2,-3.38695E-2,3.27504E-2,-2.12638E-2,-7.18176E-2,6.56644E-3,3.65424E-2,-8.71091E-4,-7.55351E-2,-1.97793E-2,1.09259E-1,1.07720E-1,8.99807E-2,2.02272E-3,-3.96537E-2,-5.16885E-3,-1.27896E-2,-2.59760E-2
8.51327E+2,NaN,NaN,NaN,NaN,NaN,NaN,NaN,NaN,NaN,NaN,NaN,NaN,NaN,NaN,NaN,NaN,NaN,NaN,NaN,NaN,NaN,NaN,NaN,NaN,NaN,NaN,NaN,NaN,NaN,NaN,NaN,NaN,NaN,NaN,NaN,NaN,NaN,NaN,NaN,NaN,NaN,NaN,NaN,NaN,NaN,NaN,NaN,NaN,NaN,NaN,NaN,NaN,NaN,NaN,NaN,NaN,NaN,NaN,NaN,NaN,NaN,NaN,NaN,NaN,NaN,NaN,NaN,NaN,1.08370E-1,6.28271E-2,1.72838E-2,8.24105E-3,4.16658E-2,7.50906E-2,4.41871E-2,-2.87025E-2,-1.01592E-1,-1.35950E-1,-1.57322E-1,-1.78694E-1,-1.12472E-1,-3.55121E-2,3.90857E-2,4.58331E-2,5.25805E-2,6.12932E-2,7.91751E-2,9.70571E-2,9.61330E-2,5.51289E-2,1.41248E-2,9.24217E-3,4.63860E-2,8.35297E-2,1.01028E-1,1.05703E-1,1.45188E-1,1.43781E-1,1.55778E-1,1.12655E-1,6.31689E-2,9.23242E-2,1.11838E-1,1.36849E-1,-1.47232E-2,4.42148E-2,-5.05901E-2,-1.16711E-2,5.63527E-2,1.89194E-1,2.37872E-1,5.63819E-2,-1.06054E-1,8.77077E-2,-3.69517E-2,-1.69218E-2,1.01249E-1,-3.67580E-2,5.88222E-3,5.45011E-3,6.32744E-2,6.01164E-2,6.19390E-2,4.05926E-2,-2.16318E-2,1.62752E-2,7.10744E-2,2.66471E-2,-2.02644E-2,-4.16595E-2,-5.83088E-2,-8.34803E-2,-1.39073E-2,2.84146E-2,2.40868E-2,8.31343E-2,7.47914E-2
8.54728E+2,NaN,NaN,NaN,NaN,NaN,NaN,NaN,NaN,NaN,NaN,NaN,NaN,NaN,NaN,NaN,NaN,NaN,NaN,NaN,NaN,NaN,NaN,NaN,NaN,NaN,NaN,NaN,NaN,NaN,NaN,NaN,NaN,NaN,NaN,NaN,NaN,NaN,NaN,NaN,NaN,NaN,NaN,NaN,NaN,NaN,NaN,NaN,NaN,NaN,NaN,NaN,NaN,NaN,NaN,NaN,NaN,NaN,NaN,NaN,NaN,NaN,NaN,NaN,NaN,NaN,NaN,NaN,-2.87403E+0,-1.10291E+0,6.68207E-1,1.15251E+0,5.99160E-1,4.58115E-2,3.06807E-1,9.22731E-1,1.53866E+0,2.60802E+0,3.76419E+0,4.92036E+0,2.85631E+0,7.33802E-1,-1.21380E+0,-1.93728E+0,-2.66077E+0,-3.00285E+0,-2.30253E+0,-1.60222E+0,-1.33897E+0,-1.70277E+0,-2.06656E+0,-1.89512E+0,-1.29210E+0,-6.89070E-1,-1.34050E+0,-2.53867E+0,-3.73684E+0,-1.60197E+0,-1.12384E+0,-1.04469E-1,-1.65576E+0,-1.38295E+0,-3.18526E+0,-1.70970E+0,-1.47162E+0,-1.73156E+0,-1.59846E-1,8.50192E-2,6.37935E-1,-1.65909E+0,-2.95820E+0,-2.03246E+0,-2.02268E+0,9.53226E-1,-1.42220E+0,4.25904E+0,4.12710E+0,1.09808E+0,-9.80529E-1,1.29444E+0,3.24503E-1,-9.26516E-1,1.51054E+0,1.62103E+0,4.96007E-2,1.39821E+0,9.21560E-1,1.77370E-1,-1.25318E+0,-1.02542E+0,1.93605E+0,1.46819E+0,1.02331E+0,6.65233E-1,1.12013E-1,1.72140E-1,-6.11560E-1,-1.07500E+0
8.58130E+2,NaN,NaN,NaN,NaN,NaN,NaN,NaN,NaN,NaN,NaN,NaN,NaN,NaN,NaN,NaN,NaN,NaN,NaN,NaN,NaN,NaN,NaN,NaN,NaN,NaN,NaN,NaN,NaN,NaN,NaN,NaN,NaN,NaN,NaN,NaN,NaN,NaN,NaN,NaN,NaN,NaN,NaN,NaN,NaN,NaN,NaN,NaN,NaN,NaN,NaN,NaN,NaN,NaN,NaN,NaN,NaN,NaN,NaN,NaN,NaN,NaN,NaN,NaN,NaN,NaN,NaN,-2.29342E-2,-2.05034E-2,-1.80727E-2,6.08075E-3,4.30806E-2,8.00804E-2,5.84391E-2,1.94043E-2,-1.96305E-2,-7.37441E-3,9.70167E-3,2.39789E-2,-8.08657E-3,-4.01520E-2,-6.01080E-2,-3.15695E-2,-3.03108E-3,2.43549E-2,4.95300E-2,7.47051E-2,7.70045E-2,5.50644E-2,3.31242E-2,3.53925E-2,5.19773E-2,6.85621E-2,5.71997E-2,3.75478E-2,1.78959E-2,7.82405E-2,6.40032E-2,5.79145E-2,3.84191E-2,4.17978E-2,5.73905E-2,6.34769E-2,2.75152E-2,-6.99492E-2,4.07721E-3,1.53860E-2,1.90275E-2,4.91617E-3,9.93950E-2,9.66590E-2,1.83427E-2,9.89226E-2,4.59808E-2,1.67893E-2,8.77562E-2,3.82952E-2,-1.72294E-2,6.71252E-2,5.78747E-2,-5.16785E-3,-3.61744E-4,3.33705E-2,4.39725E-2,3.30041E-2,2.48074E-2,-1.76841E-2,-5.50351E-2,-6.58633E-3,6.44907E-2,5.30686E-2,2.54031E-2,4.50700E-2,3.91290E-2,2.35960E-2,5.04184E-2,3.98128E-2,4.04085E-2
8.61532E+2,NaN,NaN,NaN,NaN,NaN,NaN,NaN,NaN,NaN,NaN,NaN,NaN,NaN,NaN,NaN,NaN,NaN,NaN,NaN,NaN,NaN,NaN,NaN,NaN,NaN,NaN,NaN,NaN,NaN,NaN,NaN,NaN,NaN,NaN,NaN,NaN,NaN,NaN,NaN,NaN,NaN,NaN,NaN,NaN,NaN,NaN,NaN,NaN,NaN,NaN,NaN,NaN,NaN,NaN,NaN,NaN,NaN,NaN,NaN,NaN,NaN,NaN,NaN,NaN,NaN,1.25513E-2,-4.75472E-3,-2.20607E-2,-5.85064E-3,2.56341E-2,5.71188E-2,5.59572E-2,4.80993E-2,4.02413E-2,-5.05068E-3,-5.13953E-2,-8.96196E-2,-6.56624E-2,-4.17052E-2,-2.00249E-2,-4.88057E-3,1.02638E-2,1.57360E-2,6.77352E-3,-2.18895E-3,-4.52752E-3,-1.31544E-3,1.89665E-3,2.25145E-2,5.10649E-2,7.96153E-2,7.92826E-2,7.30253E-2,6.67680E-2,-3.09550E-3,2.71025E-3,6.08909E-3,1.71132E-2,-9.88352E-3,1.95480E-2,5.78956E-2,-3.24535E-2,-4.20672E-2,-2.17476E-2,-2.14874E-2,3.02120E-2,1.61820E-2,2.77860E-2,-2.76248E-2,-7.03420E-2,4.23038E-2,2.37160E-3,2.03729E-4,-3.23483E-2,-1.05784E-1,-2.61699E-2,-9.23420E-2,-3.05523E-2,-4.68163E-2,-1.39250E-2,-1.62062E-3,-4.66596E-2,-4.27836E-2,-5.43211E-2,-3.51903E-2,-2.00242E-2,-2.15971E-2,9.20636E-3,5.88074E-3,-2.95650E-2,-6.06317E-2,-9.17441E-2,-7.71400E-2,-3.60876E-2,-1.13981E-2,-2.60017E-3,-9.75804E-3
8.64935E+2,NaN,NaN,NaN,NaN,NaN,NaN,NaN,NaN,NaN,NaN,NaN,NaN,NaN,NaN,NaN,NaN,NaN,NaN,NaN,NaN,NaN,NaN,NaN,NaN,NaN,NaN,NaN,NaN,NaN,NaN,NaN,NaN,NaN,NaN,NaN,NaN,NaN,NaN,NaN,NaN,NaN,NaN,NaN,NaN,NaN,NaN,NaN,NaN,NaN,NaN,NaN,NaN,NaN,NaN,NaN,NaN,NaN,NaN,NaN,NaN,NaN,NaN,NaN,NaN,-1.51264E-2,-3.21120E-3,8.70395E-3,2.85471E-2,5.13286E-2,7.41101E-2,3.94458E-2,-3.61697E-3,-4.60895E-2,-5.05929E-2,-5.50963E-2,-5.32152E-2,-1.73529E-2,1.85095E-2,3.84067E-2,2.12324E-2,4.05808E-3,2.65143E-3,2.09997E-2,3.93479E-2,3.46439E-2,1.37029E-2,-7.23800E-3,-1.56793E-2,-1.94879E-2,-2.32965E-2,1.52818E-2,6.00570E-2,1.04780E-1,1.45204E-1,1.21340E-1,-1.90714E-2,9.35588E-2,7.82486E-2,6.45965E-2,2.87601E-2,7.86385E-2,7.88305E-2,1.05118E-1,6.79802E-2,1.30978E-2,3.86694E-2,6.82339E-2,5.34086E-2,6.33884E-2,9.18385E-2,3.45256E-2,2.02021E-2,8.34562E-2,4.85005E-2,-5.37810E-3,-2.91971E-2,4.30470E-2,-5.69722E-4,1.54661E-2,6.85248E-2,5.00678E-2,1.33241E-2,5.51001E-2,1.07440E-1,7.11349E-2,7.51032E-2,6.90363E-2,3.03195E-3,-5.74653E-3,5.23948E-2,7.00794E-2,-1.25590E-3,-8.65729E-3,3.59631E-2,3.44874E-2,5.39962E-2,5.90757E-2
8.68338E+2,NaN,NaN,NaN,NaN,NaN,NaN,NaN,NaN,NaN,NaN,NaN,NaN,NaN,NaN,NaN,NaN,NaN,NaN,NaN,NaN,NaN,NaN,NaN,NaN,NaN,NaN,NaN,NaN,NaN,NaN,NaN,NaN,NaN,NaN,NaN,NaN,NaN,NaN,NaN,NaN,NaN,NaN,NaN,NaN,NaN,NaN,NaN,NaN,NaN,NaN,NaN,NaN,NaN,NaN,NaN,NaN,NaN,NaN,NaN,NaN,NaN,NaN,NaN,-8.06949E-2,-4.49473E-2,-9.19976E-3,-1.02960E-1,-2.38363E-1,-3.73767E-1,-1.78094E-1,5.45511E-2,2.90189E-1,5.93416E-1,8.96642E-1,1.04413E+0,5.06720E-1,-3.06922E-2,-4.08650E-1,-4.60091E-1,-5.11532E-1,-4.66558E-1,-3.13284E-1,-1.60011E-1,-1.23439E-1,-1.60286E-1,-1.97133E-1,-1.95580E-1,-1.81678E-1,-1.67776E-1,-4.59163E-1,-7.84643E-1,-1.06617E+0,-3.98664E-1,-6.89925E-1,-4.20770E-1,-6.37816E-1,-4.92471E-1,-4.22020E-1,4.32508E-1,-6.22893E-1,-7.69665E-1,-1.43238E-1,-7.68319E-1,-5.20911E-3,-1.13188E-1,-1.56837E-1,-9.71773E-2,-4.06909E-1,-9.16034E-1,-7.24024E-1,-4.30137E-1,1.20621E-1,7.62719E-2,5.61060E-1,5.36094E-1,2.40224E-2,-9.85568E-2,2.56828E-1,5.84109E-2,-3.17040E-1,-1.50360E-1,-7.88910E-2,-2.83071E-1,-3.10615E-1,1.94811E-1,1.65750E-1,1.74826E-1,9.71653E-2,-1.26698E-1,-1.99087E-1,-1.83293E-1,5.53811E-2,3.91859E-1,3.42778E-1,-1.35467E-2,-1.59344E-1,-2.86193E-2
8.71742E+2,NaN,NaN,NaN,NaN,NaN,NaN,NaN,NaN,NaN,NaN,NaN,NaN,NaN,NaN,NaN,NaN,NaN,NaN,NaN,NaN,NaN,NaN,NaN,NaN,NaN,NaN,NaN,NaN,NaN,NaN,NaN,NaN,NaN,NaN,NaN,NaN,NaN,NaN,NaN,NaN,NaN,NaN,NaN,NaN,NaN,NaN,NaN,NaN,NaN,NaN,NaN,NaN,NaN,NaN,NaN,NaN,NaN,NaN,NaN,NaN,NaN,NaN,-3.70153E-3,1.33854E-3,6.37860E-3,3.50764E-2,7.08989E-2,1.06721E-1,8.20272E-2,5.14504E-2,2.26432E-2,2.46797E-2,2.67163E-2,1.99587E-2,-2.26181E-2,-6.51948E-2,-9.03070E-2,-8.15137E-2,-7.27203E-2,-7.87056E-2,-1.00521E-1,-1.22335E-1,-1.13953E-1,-8.75047E-2,-6.10567E-2,-8.72337E-2,-1.29259E-1,-1.71284E-1,-1.36615E-1,-9.44911E-2,-5.99946E-2,-1.60835E-1,-2.90206E-1,-1.82737E-1,4.51440E-2,-1.68164E-1,1.09478E-2,-1.23892E-1,1.36024E-1,-8.37852E-2,-6.80609E-2,-6.54226E-2,-1.22389E-1,-7.52288E-2,2.98258E-3,-8.31128E-2,-1.17906E-1,6.81905E-2,-1.01541E-1,-2.51688E-1,1.31574E-2,1.21154E-1,2.56591E-2,6.96275E-3,-1.28829E-2,1.06147E-1,1.53084E-2,5.51026E-2,5.23115E-3,2.05928E-2,9.52435E-2,1.57252E-2,-4.93835E-2,-2.99706E-2,-1.99334E-2,5.06476E-2,5.32992E-2,-3.33173E-2,-4.27844E-2,2.50263E-2,-6.61346E-2,-1.47058E-1,-2.01813E-1,-1.26871E-1,-8.90021E-4,-1.26502E-1,-1.35138E-1
8.75147E+2,NaN,NaN,NaN,NaN,NaN,NaN,NaN,NaN,NaN,NaN,NaN,NaN,NaN,NaN,NaN,NaN,NaN,NaN,NaN,NaN,NaN,NaN,NaN,NaN,NaN,NaN,NaN,NaN,NaN,NaN,NaN,NaN,NaN,NaN,NaN,NaN,NaN,NaN,NaN,NaN,NaN,NaN,NaN,NaN,NaN,NaN,NaN,NaN,NaN,NaN,NaN,NaN,NaN,NaN,NaN,NaN,NaN,NaN,NaN,NaN,NaN,1.29711E-1,-4.98976E-2,-2.29506E-1,-2.65848E-1,-2.58300E-1,-2.50752E-1,-9.30348E-2,7.98349E-2,2.50024E-1,3.70542E-1,4.91059E-1,5.18351E-1,1.58466E-1,-2.01420E-1,-4.01352E-1,-2.86477E-1,-1.71603E-1,-1.51663E-1,-2.34662E-1,-3.17661E-1,-2.36775E-1,-5.65604E-2,1.23655E-1,6.17926E-2,-7.42320E-2,-2.10257E-1,-3.38817E-1,-4.66624E-1,-5.83845E-1,-4.95649E-1,-2.65256E-1,-5.61571E-1,-6.17309E-1,-5.13075E-1,-4.85405E-1,-2.79719E-1,-3.47722E-1,-1.08403E-1,-4.17366E-1,-4.84546E-1,-1.64126E-1,-3.56601E-2,8.41177E-2,-2.67457E-1,2.78990E-2,-1.88037E-1,-1.09520E-1,-1.96435E-1,-7.18046E-1,9.07347E-2,2.10701E-1,-2.25438E-1,1.34883E-1,2.78988E-1,-1.49343E-1,3.64433E-1,1.96497E-1,2.78652E-2,-1.70423E-1,1.71977E-1,2.00280E-1,-1.77212E-1,-3.88132E-1,-1.85117E-1,1.30208E-1,1.08325E-1,-1.35636E-1,-5.17809E-2,2.76902E-1,7.70501E-2,-1.24997E-1,-2.14106E-1,3.59120E-2,-4.37318E-2,-8.70110E-2,-1.81740E-1
8.78552E+2,NaN,NaN,NaN,NaN,NaN,NaN,NaN,NaN,NaN,NaN,NaN,NaN,NaN,NaN,NaN,NaN,NaN,NaN,NaN,NaN,NaN,NaN,NaN,NaN,NaN,NaN,NaN,NaN,NaN,NaN,NaN,NaN,NaN,NaN,NaN,NaN,NaN,NaN,NaN,NaN,NaN,NaN,NaN,NaN,NaN,NaN,NaN,NaN,NaN,NaN,NaN,NaN,NaN,NaN,NaN,NaN,NaN,NaN,NaN,NaN,4.39288E-2,6.06193E-2,7.73098E-2,7.06626E-2,5.61451E-2,4.16277E-2,6.19068E-3,-3.18142E-2,-7.01866E-2,-1.19155E-1,-1.68123E-1,-1.94166E-1,-1.13163E-1,-3.21593E-2,3.14360E-2,5.79094E-2,8.43828E-2,8.53038E-2,5.64805E-2,2.76572E-2,2.87855E-2,4.94726E-2,7.01596E-2,5.77033E-2,3.40698E-2,1.04362E-2,5.52503E-2,1.08466E-1,1.55302E-1,2.61494E-2,1.21184E-1,8.52203E-2,1.17462E-1,1.42883E-1,1.71237E-1,6.07870E-2,1.12288E-2,5.22817E-2,-3.23472E-2,3.81501E-3,4.44863E-2,2.86286E-2,1.63193E-1,1.84180E-2,-6.18189E-2,5.97408E-2,-2.49159E-2,8.49181E-2,1.25720E-1,-1.37855E-2,2.88758E-2,-7.96263E-2,-4.26797E-2,-5.88449E-2,-1.34453E-2,3.85049E-2,-5.08315E-2,1.01311E-2,-7.23564E-2,-1.76810E-2,4.25631E-2,-4.27174E-2,3.51941E-3,4.23440E-2,-2.49991E-2,3.19795E-2,3.62803E-2,-1.45709E-2,-3.08617E-2,-4.02414E-2,-1.65088E-2,-6.91463E-2,-1.18349E-1,-6.13644E-2,4.43278E-2,5.73704E-2,-5.68060E-3
8.81958E+2,NaN,NaN,NaN,NaN,NaN,NaN,NaN,NaN,NaN,NaN,NaN,NaN,NaN,NaN,NaN,NaN,NaN,NaN,NaN,NaN,NaN,NaN,NaN,NaN,NaN,NaN,NaN,NaN,NaN,NaN,NaN,NaN,NaN,NaN,NaN,NaN,NaN,NaN,NaN,NaN,NaN,NaN,NaN,NaN,NaN,NaN,NaN,NaN,NaN,NaN,NaN,NaN,NaN,NaN,NaN,NaN,NaN,NaN,NaN,-2.53413E-3,-3.55382E-2,-6.85422E-2,-5.84820E-2,-3.13256E-2,-4.16906E-3,3.20556E-3,7.32449E-3,1.14747E-2,3.59730E-2,6.04713E-2,7.49631E-2,3.01611E-2,-1.46409E-2,-4.03247E-2,-1.85707E-2,3.18330E-3,-6.93856E-3,-5.92959E-2,-1.11653E-1,-1.23769E-1,-1.05892E-1,-8.80158E-2,-5.54461E-2,-1.70433E-2,2.13595E-2,-9.92187E-3,-5.26718E-2,-9.51570E-2,3.41786E-2,-3.51490E-2,1.98239E-2,-9.62832E-2,-4.38107E-2,-1.08459E-1,-9.32106E-3,4.56179E-3,-2.94795E-3,-3.77797E-2,5.22444E-2,-3.63371E-2,-4.28619E-2,-5.37265E-2,1.75690E-2,-1.40701E-2,3.18249E-2,-1.95738E-2,5.80165E-2,3.35795E-3,-5.00329E-2,-2.95499E-2,-9.97449E-2,-7.61501E-3,1.39078E-1,-3.22729E-2,1.03648E-1,2.10043E-2,3.02997E-2,1.77261E-2,7.92861E-2,8.66939E-2,-2.32850E-2,5.71963E-2,7.68577E-2,8.45330E-2,1.24671E-1,5.45303E-2,9.98549E-2,8.91185E-2,1.25081E-1,4.92751E-2,4.81464E-2,1.92259E-1,1.20182E-1,1.08959E-1,7.10742E-2,-7.71856E-2,-5.41283E-2
8.85364E+2,NaN,NaN,NaN,NaN,NaN,NaN,NaN,NaN,NaN,NaN,NaN,NaN,NaN,NaN,NaN,NaN,NaN,NaN,NaN,NaN,NaN,NaN,NaN,NaN,NaN,NaN,NaN,NaN,NaN,NaN,NaN,NaN,NaN,NaN,NaN,NaN,NaN,NaN,NaN,NaN,NaN,NaN,NaN,NaN,NaN,NaN,NaN,NaN,NaN,NaN,NaN,NaN,NaN,NaN,NaN,NaN,NaN,NaN,1.58247E-2,2.95423E-2,4.32599E-2,6.86612E-2,9.98220E-2,1.30983E-1,8.60057E-2,2.34773E-2,-3.90512E-2,-7.92108E-2,-1.18329E-1,-1.48479E-1,-9.64381E-2,-4.43968E-2,-3.89273E-3,3.23030E-4,4.53879E-3,1.56997E-2,3.79972E-2,6.02948E-2,6.39517E-2,5.08748E-2,3.77979E-2,5.86904E-2,9.63285E-2,1.33967E-1,1.37082E-1,1.32240E-1,1.27398E-1,4.03127E-2,1.32061E-1,1.23293E-1,1.35944E-1,1.40873E-1,1.62314E-1,8.64967E-2,1.78553E-1,8.69730E-2,1.07726E-1,1.19235E-2,8.50763E-2,1.03719E-1,4.48339E-2,1.94305E-3,7.69545E-2,6.78138E-2,-6.15896E-3,1.95030E-2,8.17824E-2,9.53164E-2,1.63619E-1,-9.54587E-3,-8.39962E-2,8.44162E-2,-6.81691E-2,-3.96065E-2,4.08547E-3,8.99009E-2,1.29792E-2,-6.95334E-2,-4.61960E-2,-2.16260E-4,3.15485E-3,-3.65486E-2,-4.89619E-2,4.30755E-2,1.75552E-2,-1.11063E-2,1.55479E-2,8.64949E-2,1.40645E-2,-5.98519E-2,-5.67239E-2,1.16992E-2,-4.16210E-2,-5.11299E-2,-8.28063E-3,8.89618E-2,1.77062E-2
8.88771E+2,NaN,NaN,NaN,NaN,NaN,NaN,NaN,NaN,NaN,NaN,NaN,NaN,NaN,NaN,NaN,NaN,NaN,NaN,NaN,NaN,NaN,NaN,NaN,NaN,NaN,NaN,NaN,NaN,NaN,NaN,NaN,NaN,NaN,NaN,NaN,NaN,NaN,NaN,NaN,NaN,NaN,NaN,NaN,NaN,NaN,NaN,NaN,NaN,NaN,NaN,NaN,NaN,NaN,NaN,NaN,NaN,NaN,1.35419E-1,1.06753E-1,7.80866E-2,-1.97471E-1,-6.30840E-1,-1.06421E+0,-9.31845E-1,-6.13818E-1,-2.95791E-1,1.60973E-1,6.33880E-1,1.07356E+0,6.86153E-1,2.98748E-1,-7.77982E-3,5.04570E-2,1.08694E-1,1.39100E-1,1.11530E-1,8.39597E-2,2.42035E-1,6.11823E-1,9.81612E-1,8.43440E-1,3.80581E-1,-8.22783E-2,-6.20666E-2,1.16678E-1,2.95422E-1,-9.79468E-1,-1.37697E-1,-8.39521E-1,-4.57864E-1,4.83412E-3,-3.44504E-1,-1.00216E+0,-2.16860E-1,-3.00040E-1,1.84642E-1,-7.78956E-1,1.29960E-1,-5.68237E-2,4.75710E-1,8.65469E-1,-1.57205E-1,4.31401E-1,2.81526E-1,2.35723E-1,9.29758E-2,8.96870E-1,-9.07255E-1,-8.16215E-1,1.39027E+0,6.80756E-1,3.63671E-1,1.38599E+0,9.73558E-1,2.92541E-1,2.57621E-1,-2.77691E-1,6.32087E-1,1.19576E+0,9.73576E-1,2.49700E-1,4.48494E-1,9.39215E-1,1.43608E-1,1.67998E-1,1.61450E-1,-2.94877E-1,-7.61516E-2,4.73909E-1,5.75908E-1,-1.64924E-1,1.46632E-1,4.83305E-1,1.03731E+0,2.32256E-2,2.68843E-1,6.61677E-1
8.92178E+2,NaN,NaN,NaN,NaN,NaN,NaN,NaN,NaN,NaN,NaN,NaN,NaN,NaN,NaN,NaN,NaN,NaN,NaN,NaN,NaN,NaN,NaN,NaN,NaN,NaN,NaN,NaN,NaN,NaN,NaN,NaN,NaN,NaN,NaN,NaN,NaN,NaN,NaN,NaN,NaN,NaN,NaN,NaN,NaN,NaN,NaN,NaN,NaN,NaN,NaN,NaN,NaN,NaN,NaN,NaN,NaN,7.26526E-3,1.09912E-1,2.12559E-1,2.30881E-1,1.76451E-1,1.22021E-1,3.48382E-2,-6.77801E-2,-1.70398E-1,-2.62850E-1,-3.53108E-1,-4.43366E-1,-2.11644E-1,3.16147E-2,2.41206E-1,1.73484E-1,1.05762E-1,5.07820E-2,3.38019E-2,1.68217E-2,1.03573E-2,2.00683E-2,2.97793E-2,7.89187E-2,1.62075E-1,2.45232E-1,3.43110E-1,4.47926E-1,5.52742E-1,3.34424E-1,4.03744E-1,4.32226E-1,2.56340E-1,4.05471E-1,6.14686E-1,3.85558E-1,4.40484E-1,4.10630E-1,8.57347E-2,8.79188E-2,7.17408E-2,6.12364E-2,1.41803E-1,1.68463E-1,3.16204E-2,2.03354E-1,-1.56594E-1,4.10363E-2,-7.51134E-3,1.76722E-1,3.00572E-1,1.87804E-1,2.04145E-1,-4.41180E-2,-3.56304E-1,-2.50636E-1,-7.03234E-2,-1.72116E-1,7.69435E-2,-3.95365E-2,-6.54831E-2,-4.33851E-1,-2.83415E-1,-1.16089E-2,4.68366E-2,2.26627E-2,-1.61507E-2,5.53727E-2,8.38592E-2,8.64656E-2,6.84685E-2,1.63884E-1,-1.82291E-1,-2.76952E-1,-2.25398E-1,-3.19097E-2,-8.33760E-2,-7.72684E-2,1.76555E-1,3.79728E-2,-1.46155E-2
8.95586E+2,NaN,NaN,NaN,NaN,NaN,NaN,NaN,NaN,NaN,NaN,NaN,NaN,NaN,NaN,NaN,NaN,NaN,NaN,NaN,NaN,NaN,NaN,NaN,NaN,NaN,NaN,NaN,NaN,NaN,NaN,NaN,NaN,NaN,NaN,NaN,NaN,NaN,NaN,NaN,NaN,NaN,NaN,NaN,NaN,NaN,NaN,NaN,NaN,NaN,NaN,NaN,NaN,NaN,NaN,NaN,2.80758E-1,1.87658E-1,9.45577E-2,7.58688E-2,1.47972E-1,2.20076E-1,1.64554E-1,2.15405E-2,-1.21473E-1,-3.55162E-1,-6.21352E-1,-8.87543E-1,-5.25614E-1,-7.72144E-2,3.59506E-1,2.73407E-1,1.87308E-1,1.02998E-1,2.77618E-2,-4.74747E-2,-7.99050E-2,-1.59632E-2,4.79786E-2,1.02475E-1,1.45448E-1,1.88421E-1,3.03947E-1,4.69213E-1,6.34479E-1,5.68545E-1,2.66352E-1,3.53553E-1,1.78412E-1,3.47960E-1,5.71294E-1,2.72527E-1,3.16513E-1,3.29236E-1,3.46820E-1,2.16193E-1,3.60990E-1,4.39240E-1,1.14767E-1,3.23756E-1,4.15442E-1,9.39742E-2,1.35014E-2,2.87951E-1,1.76666E-1,2.64882E-1,-4.56815E-3,1.17927E-1,6.88121E-1,-1.38553E-1,-1.38784E-1,1.32032E-1,-3.27537E-1,-3.02116E-1,-6.59987E-1,5.33988E-1,4.63522E-1,1.05958E-1,-2.83870E-1,-5.63283E-1,1.68259E-1,2.98026E-1,2.42334E-2,-1.34102E-1,1.12965E-1,-1.34858E-1,-2.05706E-1,-2.54781E-1,4.13418E-2,-2.86651E-1,-1.76055E-1,-1.80439E-1,-9.29271E-2,-1.80148E-1,-8.91887E-2,-5.09812E-2,2.65909E-1,1.59068E-1
8.98995E+2,NaN,NaN,NaN,NaN,NaN,NaN,NaN,NaN,NaN,NaN,NaN,NaN,NaN,NaN,NaN,NaN,NaN,NaN,NaN,NaN,NaN,NaN,NaN,NaN,NaN,NaN,NaN,NaN,NaN,NaN,NaN,NaN,NaN,NaN,NaN,NaN,NaN,NaN,NaN,NaN,NaN,NaN,NaN,NaN,NaN,NaN,NaN,NaN,NaN,NaN,NaN,NaN,NaN,NaN,-3.36900E-2,-1.89428E-2,-4.19566E-3,1.03616E-2,2.45680E-2,3.87743E-2,4.32013E-2,3.76086E-2,3.20159E-2,1.87173E-2,1.02331E-3,-1.66707E-2,-3.69500E-2,-5.79601E-2,-7.89701E-2,-3.62984E-2,1.17231E-2,5.54056E-2,3.70365E-2,1.86674E-2,-1.82973E-3,-3.04194E-2,-5.90091E-2,-6.59472E-2,-3.28642E-2,2.18825E-4,1.77679E-2,1.94013E-2,2.10347E-2,-8.17499E-3,-4.76164E-5,5.62603E-2,4.50689E-2,4.65073E-2,4.21591E-2,4.51904E-2,4.75008E-2,-3.73255E-2,-7.38416E-3,-4.85745E-3,-2.33504E-2,-4.19215E-2,-3.71903E-2,3.13457E-2,-1.74905E-2,5.57505E-2,2.51215E-2,-2.54232E-2,-5.22412E-2,5.42876E-2,-7.25734E-3,7.90876E-3,4.63038E-2,-3.74298E-2,-3.68936E-2,2.26543E-2,-3.02851E-2,4.95994E-2,3.40849E-3,-4.16054E-2,-3.73552E-2,1.21658E-3,1.30626E-2,6.30567E-2,-1.47782E-2,-4.85337E-2,-2.42275E-2,-2.79903E-2,-1.86259E-2,-7.04203E-2,-2.13390E-2,9.93048E-3,-7.97044E-3,4.82592E-3,-1.82943E-2,4.28016E-4,-1.78245E-2,3.35888E-2,4.12488E-3,2.52181E-2,-4.25218E-2,-2.52521E-2,-3.38154E-2
9.02404E+2,NaN,NaN,NaN,NaN,NaN,NaN,NaN,NaN,NaN,NaN,NaN,NaN,NaN,NaN,NaN,NaN,NaN,NaN,NaN,NaN,NaN,NaN,NaN,NaN,NaN,NaN,NaN,NaN,NaN,NaN,NaN,NaN,NaN,NaN,NaN,NaN,NaN,NaN,NaN,NaN,NaN,NaN,NaN,NaN,NaN,NaN,NaN,NaN,NaN,NaN,NaN,NaN,NaN,5.30624E-1,3.24107E-1,1.17589E-1,-2.50032E-2,3.58993E-2,9.68018E-2,8.16723E-2,-5.65139E-2,-1.94700E-1,-3.40882E-1,-4.94306E-1,-6.47730E-1,-4.95293E-1,-1.90576E-1,1.14140E-1,1.63365E-1,1.52845E-1,1.42324E-1,1.31707E-1,1.21086E-1,1.08963E-1,8.27319E-2,5.65011E-2,6.40970E-2,1.79375E-1,2.94652E-1,3.73121E-1,3.92014E-1,4.10908E-1,3.16309E-1,5.70151E-1,7.21560E-1,5.62892E-1,5.31905E-1,6.59153E-1,7.23897E-1,6.40094E-1,5.94054E-1,4.51871E-1,3.96139E-1,5.26303E-1,3.66302E-1,4.34882E-1,3.95649E-1,1.32121E-1,4.64160E-2,3.46610E-1,1.37765E-1,3.57032E-1,7.00873E-2,-3.95901E-2,4.98798E-2,2.79449E-1,3.66251E-1,6.00257E-1,1.06089E-1,-4.71727E-1,-8.62946E-2,-4.09091E-1,-1.68975E-1,3.56190E-2,4.96970E-1,1.73250E-1,-1.48442E-1,-2.34505E-1,-1.49464E-1,8.65673E-2,-6.00962E-2,-1.46598E-1,-2.54127E-1,3.25643E-1,3.87622E-2,-1.04244E-1,2.09374E-2,1.91008E-1,-1.32002E-2,-2.92685E-1,-1.91260E-1,-3.49963E-1,-1.23021E-1,-2.15225E-1,2.91829E-1,1.22449E-1,1.42617E-1
9.05814E+2,NaN,NaN,NaN,NaN,NaN,NaN,NaN,NaN,NaN,NaN,NaN,NaN,NaN,NaN,NaN,NaN,NaN,NaN,NaN,NaN,NaN,NaN,NaN,NaN,NaN,NaN,NaN,NaN,NaN,NaN,NaN,NaN,NaN,NaN,NaN,NaN,NaN,NaN,NaN,NaN,NaN,NaN,NaN,NaN,NaN,NaN,NaN,NaN,NaN,NaN,NaN,NaN,NaN,9.13409E-2,7.32918E-2,5.59782E-2,4.43476E-2,3.27170E-2,9.39165E-3,-4.76660E-2,-1.04724E-1,-1.40407E-1,-1.44069E-1,-1.47731E-1,-1.01526E-1,-1.33789E-2,7.47686E-2,7.67985E-2,3.94123E-2,2.02623E-3,-1.40260E-2,-2.56736E-2,-3.73212E-2,-4.70552E-2,-5.67334E-2,-5.54265E-2,3.07659E-2,1.16958E-1,1.82791E-1,1.89900E-1,1.97009E-1,1.48206E-1,1.12747E-1,1.49577E-1,1.09251E-1,8.03679E-2,1.00242E-1,1.54110E-1,1.14837E-1,1.29949E-1,8.23549E-2,7.65205E-2,5.10442E-2,5.48152E-2,3.02049E-2,7.04685E-2,4.84974E-2,6.08181E-2,7.34256E-2,4.37346E-2,6.10844E-2,2.39643E-2,7.08542E-2,-5.07624E-3,1.69579E-2,9.91175E-2,7.88147E-2,9.75608E-2,-1.19504E-1,-5.63775E-2,-3.11495E-2,-5.31182E-3,-1.03651E-1,6.48052E-2,8.49693E-2,2.90526E-3,-3.38558E-2,7.91115E-3,-3.76785E-2,6.59893E-2,1.02999E-1,3.02275E-2,-5.75074E-2,-6.88972E-3,-2.76130E-2,-7.18576E-4,1.39955E-2,7.35972E-2,-5.88646E-2,-9.63115E-2,-4.52370E-2,-4.40335E-2,1.38239E-2,1.48609E-2,1.10309E-1,5.85458E-2,-3.57096E-2
9.09225E+2,NaN,NaN,NaN,NaN,NaN,NaN,NaN,NaN,NaN,NaN,NaN,NaN,NaN,NaN,NaN,NaN,NaN,NaN,NaN,NaN,NaN,NaN,NaN,NaN,NaN,NaN,NaN,NaN,NaN,NaN,NaN,NaN,NaN,NaN,NaN,NaN,NaN,NaN,NaN,NaN,NaN,NaN,NaN,NaN,NaN,NaN,NaN,NaN,NaN,NaN,NaN,NaN,-7.28862E-3,-1.15793E-2,-1.58700E-2,1.00661E-2,3.66841E-2,5.78953E-2,3.97519E-2,2.16085E-2,3.76312E-3,-1.32501E-2,-3.02633E-2,-3.93176E-2,-3.67518E-2,-3.41860E-2,-2.19249E-2,-1.71066E-3,1.85035E-2,3.46574E-2,4.90060E-2,6.33545E-2,6.82336E-2,7.12425E-2,7.42514E-2,7.03920E-2,6.63777E-2,6.11558E-2,4.71443E-2,3.31328E-2,2.41055E-2,3.69803E-2,5.22719E-2,3.15694E-2,5.64578E-2,5.91317E-2,5.30014E-2,5.27858E-4,-1.70603E-2,1.29545E-2,-4.29641E-2,4.42573E-2,1.56070E-2,2.07197E-2,3.10354E-2,2.09938E-2,1.13516E-2,7.85919E-3,2.48545E-2,-4.39989E-2,-4.22993E-2,6.31909E-2,7.86302E-3,3.09807E-2,-5.67445E-3,-8.07116E-3,3.96823E-2,3.97380E-2,1.80614E-2,5.30375E-3,5.07580E-2,-3.91896E-3,-3.83684E-2,-1.14163E-2,-6.35022E-3,5.39921E-3,5.72701E-2,4.44468E-2,1.54031E-2,7.65131E-2,4.67654E-2,-1.96045E-3,4.39797E-2,1.41878E-2,1.23086E-2,-1.14573E-2,6.62420E-5,-1.56903E-2,-1.02003E-2,3.11443E-2,3.90678E-2,-3.94817E-2,-4.34715E-2,1.64226E-2,3.47475E-2,-2.38160E-2,3.17372E-2
9.12636E+2,NaN,NaN,NaN,NaN,NaN,NaN,NaN,NaN,NaN,NaN,NaN,NaN,NaN,NaN,NaN,NaN,NaN,NaN,NaN,NaN,NaN,NaN,NaN,NaN,NaN,NaN,NaN,NaN,NaN,NaN,NaN,NaN,NaN,NaN,NaN,NaN,NaN,NaN,NaN,NaN,NaN,NaN,NaN,NaN,NaN,NaN,NaN,NaN,NaN,NaN,NaN,-1.54596E+0,-1.42394E+0,-1.30192E+0,-1.36472E+0,-1.46555E+0,-1.56638E+0,2.27945E-1,2.07648E+0,3.66311E+0,3.23523E+0,2.80736E+0,2.22007E+0,1.17413E+0,1.28193E-1,-6.00271E-1,-8.54028E-1,-1.10779E+0,-1.33552E+0,-1.54141E+0,-1.74730E+0,-1.29727E+0,-5.47679E-1,2.01915E-1,-8.63028E-2,-5.88089E-1,-1.08988E+0,-2.56187E+0,-4.06162E+0,-5.01012E+0,-2.06118E+0,-1.92225E+0,-3.16117E+0,-4.23177E+0,-2.22512E+0,-3.83305E+0,-2.52964E+0,-3.41350E+0,-1.67044E+0,-6.26704E-1,-2.77872E-1,-2.07390E+0,1.72665E+0,-2.63592E+0,-5.98746E-1,-1.05336E+0,1.14923E+0,-2.28216E+0,-4.97836E-1,-2.09359E+0,-8.37476E-1,-1.89729E+0,-2.24382E+0,9.72624E-1,-7.83313E-1,-4.39964E+0,-3.51207E+0,-1.42127E+0,9.89310E-1,2.20776E-1,1.17357E+0,6.72111E-1,9.91888E-1,-2.42838E+0,1.27158E+0,4.05162E-1,5.13335E-1,4.77007E-1,1.52239E+0,-9.56564E-1,7.18131E-1,4.54603E-1,1.15445E-1,-2.54768E+0,7.57691E-1,-3.06463E-1,-1.64337E+0,-1.20909E+0,-1.06983E-1,1.70578E-1,1.54516E+0,9.15917E-1,6.03179E-1,-3.95630E-1,-1.87473E+0,-9.75747E-1,3.06005E-1
9.16047E+2,NaN,NaN,NaN,NaN,NaN,NaN,NaN,NaN,NaN,NaN,NaN,NaN,NaN,NaN,NaN,NaN,NaN,NaN,NaN,NaN,NaN,NaN,NaN,NaN,NaN,NaN,NaN,NaN,NaN,NaN,NaN,NaN,NaN,NaN,NaN,NaN,NaN,NaN,NaN,NaN,NaN,NaN,NaN,NaN,NaN,NaN,NaN,NaN,NaN,NaN,-1.31513E-1,-1.20709E-1,-1.09905E-1,-1.38751E-1,-1.87212E-1,-2.35673E-1,-1.45051E-1,-2.21978E-2,1.00655E-1,2.45846E-1,3.92097E-1,5.00128E-1,2.54705E-1,9.28210E-3,-1.59267E-1,-8.49669E-2,-1.06665E-2,3.36774E-2,2.98226E-2,2.59679E-2,-2.57114E-2,-1.20461E-1,-2.15210E-1,-2.22937E-1,-1.87608E-1,-1.52280E-1,-1.86343E-1,-2.36487E-1,-2.86631E-1,-4.20788E-1,-5.76296E-2,-3.32473E-1,-3.50459E-1,-1.52887E-1,-4.43664E-1,-3.17962E-1,-4.83468E-1,3.61043E-2,-2.16225E-2,-4.58564E-1,-5.43550E-1,2.71194E-1,1.00283E-2,-1.52853E-1,-9.86973E-2,-3.90821E-2,-8.05554E-2,-1.17074E-2,-2.29664E-1,-3.49065E-1,-1.96127E-1,1.61469E-2,2.28447E-1,-3.00132E-1,-4.51553E-2,-3.48127E-1,-9.80176E-2,1.08083E-2,3.40953E-1,1.79642E-1,6.73615E-1,1.32192E-1,3.69331E-1,-1.38332E-1,2.17873E-1,1.90127E-1,2.42633E-1,3.63760E-1,4.11029E-1,-2.04662E-1,6.68348E-2,-2.94763E-2,4.89672E-2,6.55173E-2,1.32981E-1,5.08659E-2,-8.70683E-2,-4.06462E-2,2.46074E-1,4.49934E-1,3.23071E-1,2.44962E-1,2.10322E-1,2.29471E-1,-1.56072E-1,-1.49208E-1,-6.20739E-2
9.19460E+2,NaN,NaN,NaN,NaN,NaN,NaN,NaN,NaN,NaN,NaN,NaN,NaN,NaN,NaN,NaN,NaN,NaN,NaN,NaN,NaN,NaN,NaN,NaN,NaN,NaN,NaN,NaN,NaN,NaN,NaN,NaN,NaN,NaN,NaN,NaN,NaN,NaN,NaN,NaN,NaN,NaN,NaN,NaN,NaN,NaN,NaN,NaN,NaN,NaN,2.18274E-2,3.06091E-2,3.93907E-2,4.10960E-2,3.56448E-2,3.01937E-2,2.08128E-2,9.22183E-3,-2.36914E-3,-3.56872E-2,-7.50303E-2,-1.14373E-1,-8.27419E-2,-4.54187E-2,-9.38979E-3,9.06881E-3,2.75274E-2,3.83277E-2,2.05722E-2,2.81658E-3,-1.13305E-2,-1.89020E-2,-2.64735E-2,-2.18319E-2,-4.83881E-3,1.21543E-2,2.45181E-2,3.42785E-2,4.40389E-2,-6.25069E-2,-5.26591E-2,-9.57156E-3,5.02829E-2,1.85091E-2,2.49901E-2,-3.48753E-2,-3.46761E-3,-4.54621E-2,-2.59096E-2,2.84619E-2,1.28504E-2,2.88416E-2,1.47963E-2,4.28754E-2,-3.48605E-2,-4.47402E-2,-1.34087E-2,-3.97595E-3,-1.52021E-2,-1.44043E-2,-5.12527E-2,1.28564E-3,-7.17343E-2,-7.39388E-3,6.55138E-2,9.19880E-2,4.16930E-2,2.12952E-2,-5.58939E-2,-5.10420E-2,2.11566E-2,-4.97834E-2,-5.78798E-2,-2.23479E-2,-1.84637E-2,-6.58050E-2,-3.83740E-3,-3.34676E-2,-3.01292E-2,1.58221E-2,5.52367E-2,-5.22816E-2,-3.36776E-2,-7.12329E-2,-1.46048E-2,-5.69606E-2,1.53895E-2,-1.54988E-2,9.20547E-3,6.31572E-3,-1.90750E-2,-3.53022E-2,-4.20435E-2,4.36028E-2,2.24535E-2,-6.29449E-2,2.31404E-2,-6.15020E-2
9.22873E+2,NaN,NaN,NaN,NaN,NaN,NaN,NaN,NaN,NaN,NaN,NaN,NaN,NaN,NaN,NaN,NaN,NaN,NaN,NaN,NaN,NaN,NaN,NaN,NaN,NaN,NaN,NaN,NaN,NaN,NaN,NaN,NaN,NaN,NaN,NaN,NaN,NaN,NaN,NaN,NaN,NaN,NaN,NaN,NaN,NaN,NaN,NaN,NaN,-5.42571E-3,-1.90068E-3,1.62435E-3,-3.06472E-3,-2.56923E-2,-4.83200E-2,-4.33197E-2,-5.48452E-3,3.23507E-2,3.36291E-2,1.05158E-2,-1.25975E-2,-1.38615E-2,-7.55442E-3,-1.24729E-3,1.02290E-2,2.23735E-2,3.32677E-2,1.33811E-3,-3.05915E-2,-5.63009E-2,-5.19029E-2,-4.75049E-2,-4.36405E-2,-4.09411E-2,-3.82417E-2,-2.58211E-2,-1.84717E-3,2.21268E-2,-4.44211E-2,-4.71289E-2,6.70481E-3,-1.81696E-2,-4.54832E-3,5.07562E-2,6.76235E-2,1.19966E-2,-1.90868E-2,2.07315E-2,2.31582E-2,6.46239E-2,1.12263E-1,7.64489E-2,3.77676E-2,2.95189E-2,1.56715E-2,-1.91008E-2,-7.98948E-3,-6.02087E-2,3.17261E-2,-7.18443E-2,-4.81132E-2,4.08973E-2,-6.18454E-2,4.34121E-3,-7.56251E-3,-4.03269E-3,-1.23722E-2,-2.62369E-2,-3.47108E-2,-8.24952E-2,-3.97730E-2,-1.65124E-2,-1.98379E-2,-2.17101E-2,-3.14199E-2,-3.67583E-2,-9.71332E-3,1.33622E-2,5.66269E-2,-5.84991E-2,-7.18158E-2,-7.45286E-2,7.65770E-3,4.48695E-2,-1.84001E-2,4.43306E-2,8.72078E-3,-3.45834E-2,-9.26532E-2,-6.20797E-4,-5.62639E-2,-1.21728E-1,-5.60320E-2,-9.75166E-2,-6.68660E-2,-3.66075E-2,-5.18785E-2,3.99712E-2
9.26286E+2,NaN,NaN,NaN,NaN,NaN,NaN,NaN,NaN,NaN,NaN,NaN,NaN,NaN,NaN,NaN,NaN,NaN,NaN,NaN,NaN,NaN,NaN,NaN,NaN,NaN,NaN,NaN,NaN,NaN,NaN,NaN,NaN,NaN,NaN,NaN,NaN,NaN,NaN,NaN,NaN,NaN,NaN,NaN,NaN,NaN,NaN,NaN,NaN,-1.63020E+0,-1.43085E+0,-1.26027E+0,-1.30081E+0,-1.34136E+0,-1.03979E+0,2.21642E-1,1.48308E+0,2.58358E+0,3.44829E+0,4.31299E+0,3.54077E+0,1.42103E+0,-6.98715E-1,-1.29943E+0,-1.22195E+0,-1.14447E+0,-1.17126E+0,-1.21877E+0,-1.26629E+0,-7.58851E-1,-2.38384E-1,2.24953E-2,-1.62183E+0,-3.26615E+0,-4.32366E+0,-3.73481E+0,-3.14596E+0,-2.65852E+0,-2.52990E+0,-3.47528E+0,-3.47883E+0,-2.19833E+0,-3.06613E+0,-2.97477E+0,-3.38221E+0,-2.90392E+0,-9.26015E-1,-2.38571E+0,-2.35140E+0,-2.27240E+0,-5.46278E+0,-5.04516E+0,-3.08949E+0,-1.07927E+0,1.09455E+0,6.87785E-1,1.07718E+0,-1.37106E+0,-1.08459E+0,1.26366E+0,-2.17623E-1,1.52526E+0,-8.39949E-1,1.00850E+0,1.53926E+0,-8.57888E-1,-9.26615E-1,-4.21585E-1,2.83028E+0,1.42049E+0,2.88398E+0,3.87489E+0,2.00271E+0,-7.75836E-1,3.81011E-1,1.06057E+0,-4.44783E-2,3.41758E+0,1.21688E+0,4.03945E+0,1.19802E+0,1.52706E-1,2.67479E+0,1.25216E+0,6.57141E-1,8.81183E-1,1.95004E+0,1.00319E+0,-9.94488E-1,1.80610E+0,1.15705E+0,1.47286E+0,1.67616E+0,1.96069E+0,7.81517E-1,-4.01504E-1,-6.92745E-1,-9.25518E-1
9.29700E+2,NaN,NaN,NaN,NaN,NaN,NaN,NaN,NaN,NaN,NaN,NaN,NaN,NaN,NaN,NaN,NaN,NaN,NaN,NaN,NaN,NaN,NaN,NaN,NaN,NaN,NaN,NaN,NaN,NaN,NaN,NaN,NaN,NaN,NaN,NaN,NaN,NaN,NaN,NaN,NaN,NaN,NaN,NaN,NaN,NaN,NaN,NaN,2.63092E+0,3.05770E+0,3.48448E+0,2.25683E+0,8.75275E-1,-4.51648E-1,-8.87013E-1,-1.32238E+0,-1.95833E+0,-3.39365E+0,-4.82897E+0,-4.97245E+0,-2.64650E+0,-3.20557E-1,9.24885E-1,1.02901E+0,1.13314E+0,1.06873E+0,9.04988E-1,7.41248E-1,4.93519E-1,2.20988E-1,-5.15421E-2,-6.20316E-2,-4.81427E-2,4.20722E-2,1.37778E+0,2.71349E+0,3.65379E+0,3.03646E+0,2.31201E+0,1.21515E+0,1.39001E+0,1.30099E+0,1.30632E+0,1.01316E+0,2.42200E+0,-6.69628E-1,1.68171E+0,-6.42508E-1,1.30585E+0,7.31474E-1,9.15739E-1,-9.66838E-1,6.58630E-1,2.48982E-1,8.32891E-1,-1.41196E-1,-2.39609E+0,-7.33913E-1,-2.16132E-1,2.89766E+0,1.36057E-1,-7.49379E-1,1.20598E+0,1.37972E+0,-5.66330E-1,3.34817E-1,1.46211E+0,2.90058E+0,-1.45854E+0,-2.58743E+0,-3.70646E+0,-1.36916E+0,-2.75716E+0,1.66431E+0,5.67497E-1,1.55990E+0,-1.07734E+0,-6.37610E-1,5.69657E-1,-8.12939E-1,8.38756E-1,-1.76896E+0,-1.28411E+0,-8.28847E-1,-1.10443E+0,-1.57339E+0,-3.49159E+0,1.97384E-1,4.42329E-2,-1.72751E+0,-1.69826E+0,-2.98208E+0,-2.49718E+0,1.95228E+0,-1.95660E-1,4.14409E-1,-8.20866E-1,-1.55011E+0
9.33114E+2,NaN,NaN,NaN,NaN,NaN,NaN,NaN,NaN,NaN,NaN,NaN,NaN,NaN,NaN,NaN,NaN,NaN,NaN,NaN,NaN,NaN,NaN,NaN,NaN,NaN,NaN,NaN,NaN,NaN,NaN,NaN,NaN,NaN,NaN,NaN,NaN,NaN,NaN,NaN,NaN,NaN,NaN,NaN,NaN,NaN,NaN,1.32002E-1,4.91570E-2,-3.36881E-2,2.59205E-2,1.46813E-1,2.67705E-1,1.44952E-1,-2.35004E-2,-1.91952E-1,-2.99951E-1,-4.07024E-1,-4.70578E-1,-2.37056E-1,-3.53334E-3,1.62532E-1,1.46798E-1,1.31064E-1,1.02528E-1,5.58317E-2,9.13580E-3,1.30343E-3,2.44625E-2,4.76216E-2,1.26033E-1,2.28215E-1,3.30397E-1,3.07937E-1,2.62100E-1,2.16262E-1,1.48952E-1,1.93110E-1,5.41180E-1,4.49014E-1,3.82961E-1,6.76493E-1,4.13217E-1,4.76789E-1,3.39139E-1,3.86039E-1,3.01339E-1,2.83926E-1,5.40265E-1,4.38156E-1,-1.69011E-2,3.67577E-1,6.91092E-3,-5.01946E-2,2.61829E-1,-2.39201E-3,2.66272E-1,2.10884E-1,3.13094E-1,2.55525E-1,1.31811E-1,1.66843E-1,5.14144E-2,7.28507E-2,1.57079E-1,3.69703E-1,4.12712E-1,2.01073E-1,-9.21868E-2,6.04478E-3,-2.47979E-1,-2.23757E-2,-1.26756E-1,2.68088E-1,2.02414E-1,1.29153E-1,2.39654E-2,1.62306E-1,-1.51592E-1,-5.49867E-3,-3.53766E-2,3.08880E-1,-8.69309E-2,5.22528E-2,8.21357E-2,-1.98704E-1,-1.26602E-1,3.35585E-1,2.61976E-1,3.27490E-2,-1.74934E-1,-4.75531E-2,-1.35463E-1,-7.67505E-2,2.03518E-1,2.61667E-1,1.62422E-1,1.68867E-1
9.36530E+2,NaN,NaN,NaN,NaN,NaN,NaN,NaN,NaN,NaN,NaN,NaN,NaN,NaN,NaN,NaN,NaN,NaN,NaN,NaN,NaN,NaN,NaN,NaN,NaN,NaN,NaN,NaN,NaN,NaN,NaN,NaN,NaN,NaN,NaN,NaN,NaN,NaN,NaN,NaN,NaN,NaN,NaN,NaN,NaN,NaN,1.80384E-1,-8.15603E-2,-3.43504E-1,-5.08268E-1,-5.64783E-1,-6.21298E-1,-4.12878E-1,-3.92482E-2,3.34382E-1,6.14598E-1,8.65117E-1,1.11564E+0,7.44691E-1,3.05947E-1,-1.20761E-1,-2.88962E-1,-4.57164E-1,-6.11893E-1,-7.08188E-1,-8.04483E-1,-7.88677E-1,-5.45484E-1,-3.02292E-1,2.24808E-2,4.38125E-1,8.53769E-1,6.49331E-1,5.82179E-2,-5.32895E-1,2.04507E-1,6.60717E-2,-7.14519E-1,-1.05247E+0,-1.04874E+0,-1.27709E+0,-5.54288E-1,-4.97879E-1,-7.65704E-2,6.81332E-1,-8.24531E-1,-5.29252E-1,-4.32585E-1,-9.66161E-1,-7.03889E-2,-9.55793E-2,-5.82307E-1,5.23541E-1,2.96138E-3,3.32734E-1,-4.64188E-1,-3.64335E-1,-7.38535E-1,-5.12260E-1,-1.87997E-1,-5.41913E-1,-1.66398E-1,1.53651E-1,-1.77584E-1,-2.18347E-1,-6.41584E-1,-1.03552E+0,3.43065E-1,1.14837E+0,2.56380E-1,6.82102E-1,5.88474E-1,9.58430E-1,-1.22890E+0,-1.83436E-1,3.67263E-1,1.53231E+0,1.58602E-1,-2.49587E-1,8.32498E-1,-5.75337E-1,-4.01631E-1,7.63963E-1,1.10616E+0,-1.97800E-1,2.23178E-1,5.91532E-2,-6.50989E-1,1.68855E-1,5.48816E-1,1.08166E+0,-4.03774E-1,9.07493E-2,-1.39223E-1,-1.58232E-1,-2.64356E-1,-1.09309E-2,1.12990E+0
9.39945E+2,NaN,NaN,NaN,NaN,NaN,NaN,NaN,NaN,NaN,NaN,NaN,NaN,NaN,NaN,NaN,NaN,NaN,NaN,NaN,NaN,NaN,NaN,NaN,NaN,NaN,NaN,NaN,NaN,NaN,NaN,NaN,NaN,NaN,NaN,NaN,NaN,NaN,NaN,NaN,NaN,NaN,NaN,NaN,NaN,6.75959E-2,3.56022E-2,3.60853E-3,-1.53251E-2,7.86614E-3,3.10574E-2,4.44223E-2,4.17217E-2,3.90211E-2,-4.20511E-3,-8.44854E-2,-1.64766E-1,-1.48575E-1,-8.38357E-2,-1.90967E-2,1.36982E-2,3.89067E-2,6.41152E-2,6.22428E-2,5.89734E-2,5.30155E-2,2.10847E-2,-1.08461E-2,-2.31273E-2,2.79712E-2,7.90697E-2,1.13801E-1,1.21773E-1,1.29745E-1,1.26006E-1,1.46171E-1,1.21194E-1,1.02602E-1,1.52832E-1,1.45993E-1,1.38726E-1,1.58680E-1,1.29625E-1,6.04053E-2,7.75186E-2,1.23801E-1,1.34674E-1,1.79581E-1,1.37852E-1,8.65012E-2,9.72283E-3,-4.65181E-2,1.92811E-2,6.30351E-3,6.77052E-2,1.21698E-1,1.27102E-1,4.22557E-2,-2.73150E-2,1.01100E-1,1.51522E-2,6.15264E-2,2.79562E-2,5.73454E-2,1.01342E-1,7.25537E-2,3.45807E-2,-8.41251E-2,-1.06124E-1,-8.54314E-3,-7.27375E-2,-4.62605E-2,1.53663E-2,-7.40674E-3,-5.20543E-2,4.14566E-2,9.29208E-2,-3.42308E-2,5.98523E-3,-5.65219E-2,1.45856E-1,5.42110E-2,-4.78745E-2,-1.86289E-2,2.34163E-2,-1.17285E-1,-5.39639E-2,4.55441E-2,2.61037E-2,-4.65397E-2,-1.35948E-1,-1.13401E-1,-4.93108E-2,3.92355E-2,-2.28337E-2,6.96128E-2,-1.34395E-2,-1.91235E-2
9.43362E+2,NaN,NaN,NaN,NaN,NaN,NaN,NaN,NaN,NaN,NaN,NaN,NaN,NaN,NaN,NaN,NaN,NaN,NaN,NaN,NaN,NaN,NaN,NaN,NaN,NaN,NaN,NaN,NaN,NaN,NaN,NaN,NaN,NaN,NaN,NaN,NaN,NaN,NaN,NaN,NaN,NaN,NaN,NaN,NaN,3.35963E-2,1.00305E-1,1.67015E-1,1.66743E-1,1.65807E-1,1.53619E-1,6.81027E-2,-1.74132E-2,-1.14684E-1,-2.42808E-1,-3.70932E-1,-3.65488E-1,-1.74647E-1,1.61950E-2,1.02863E-1,1.08213E-1,1.13563E-1,7.29829E-2,1.31345E-2,-4.67138E-2,-4.17023E-2,-2.50040E-2,-8.30559E-3,7.79852E-2,1.64966E-1,2.46468E-1,2.92267E-1,3.38066E-1,3.11619E-1,1.86694E-1,2.34016E-1,1.41555E-1,2.08974E-1,3.57182E-1,2.35271E-1,1.36077E-1,1.68582E-1,-2.01904E-2,1.30825E-1,2.00044E-1,2.09173E-1,2.25838E-1,2.43513E-1,7.93031E-2,9.04898E-2,-9.15479E-2,-6.88927E-2,-3.70610E-2,-1.97916E-2,1.66926E-1,1.78676E-1,-1.43847E-3,1.10014E-1,-8.69913E-2,7.78843E-2,-5.63147E-3,2.82069E-2,-1.50637E-1,3.53097E-2,3.15070E-2,5.70680E-2,1.18214E-1,-4.24123E-1,-1.32106E-1,-7.46013E-2,-2.77773E-1,-1.40887E-1,6.52265E-2,-3.47164E-2,-1.19377E-1,-1.29068E-1,1.67275E-3,-1.09340E-1,2.97116E-2,8.28880E-3,5.01843E-2,3.40323E-2,-5.34558E-2,-2.17415E-1,-5.82603E-2,-8.65638E-2,-5.40810E-2,-3.02933E-2,-1.51753E-1,5.12928E-2,-9.18422E-2,-1.51614E-1,-1.53036E-1,-9.14874E-2,-8.52571E-2,-1.82860E-2,3.11023E-2,-2.88018E-2
9.46779E+2,NaN,NaN,NaN,NaN,NaN,NaN,NaN,NaN,NaN,NaN,NaN,NaN,NaN,NaN,NaN,NaN,NaN,NaN,NaN,NaN,NaN,NaN,NaN,NaN,NaN,NaN,NaN,NaN,NaN,NaN,NaN,NaN,NaN,NaN,NaN,NaN,NaN,NaN,NaN,NaN,NaN,NaN,NaN,5.05614E-2,4.35114E-2,3.64614E-2,3.66571E-2,3.94812E-2,4.23052E-2,1.54903E-2,-1.54943E-2,-4.67347E-2,-9.08225E-2,-1.34910E-1,-1.58724E-1,-7.79596E-2,2.80508E-3,5.54892E-2,4.42586E-2,3.30280E-2,1.33588E-2,-1.67041E-2,-4.67669E-2,-4.89215E-2,-3.17586E-2,-1.45957E-2,4.98311E-2,1.31403E-1,2.12975E-1,2.24599E-1,2.26382E-1,2.24805E-1,5.83938E-2,8.85014E-2,1.53548E-1,1.10228E-1,1.91265E-1,2.02420E-1,1.01610E-1,6.52930E-2,1.28415E-1,-6.11454E-3,4.28257E-2,1.57353E-1,1.06520E-1,1.61358E-1,6.20478E-3,6.12360E-2,-6.16028E-2,-8.30835E-2,4.87960E-2,2.82717E-2,7.81948E-2,-3.11220E-2,9.71834E-2,1.19308E-2,1.46431E-1,5.82242E-2,6.33570E-2,-5.55355E-2,3.13631E-2,1.04830E-1,-1.24540E-1,4.56061E-2,1.73072E-1,1.17928E-1,4.86571E-3,-8.43742E-2,-1.24057E-1,-4.95313E-2,-7.06811E-2,1.01903E-1,-5.49079E-2,4.07775E-2,5.20668E-2,-3.06198E-2,-5.75658E-2,-1.56364E-1,1.36481E-2,9.10605E-2,-6.34124E-2,-9.80145E-2,-4.61876E-2,-1.08462E-2,-3.54762E-2,-8.87576E-2,-5.11550E-2,-3.80315E-2,-6.89304E-2,-1.36568E-1,-1.49691E-1,-1.49693E-1,-6.11571E-3,-5.81530E-2,5.00772E-2,3.66122E-3,-4.01863E-2
9.50196E+2,NaN,NaN,NaN,NaN,NaN,NaN,NaN,NaN,NaN,NaN,NaN,NaN,NaN,NaN,NaN,NaN,NaN,NaN,NaN,NaN,NaN,NaN,NaN,NaN,NaN,NaN,NaN,NaN,NaN,NaN,NaN,NaN,NaN,NaN,NaN,NaN,NaN,NaN,NaN,NaN,NaN,NaN,7.35430E-2,2.59298E-2,-2.16833E-2,1.34851E-2,1.42858E-1,2.72230E-1,2.19350E-1,5.02359E-2,-1.18878E-1,-1.96008E-1,-2.43037E-1,-2.90066E-1,-1.95210E-1,-8.39393E-2,2.35910E-2,3.93319E-2,5.50728E-2,7.04587E-2,8.42494E-2,9.80401E-2,9.37240E-2,5.17798E-2,9.83569E-3,-9.25755E-3,-2.34681E-3,4.56394E-3,7.91091E-2,1.96789E-1,3.14469E-1,1.41731E-1,1.41218E-1,1.58151E-1,1.01517E-1,1.88404E-1,3.16641E-1,1.81658E-1,1.44132E-1,1.85753E-2,7.35828E-3,1.04885E-1,2.01163E-1,1.53192E-1,2.85122E-1,7.20396E-2,7.48859E-2,1.03557E-1,1.29679E-1,1.12141E-1,1.27158E-2,1.58518E-1,4.43745E-2,1.20201E-1,1.54506E-1,1.02612E-1,2.47561E-1,1.44193E-1,4.29715E-2,1.62953E-2,1.09301E-1,-2.39724E-2,1.66898E-1,2.60949E-1,2.15051E-1,1.82164E-1,6.82874E-2,1.16682E-2,-1.08314E-2,-1.81354E-1,-1.26428E-1,1.38517E-1,-5.31821E-3,2.27186E-1,7.12370E-2,-1.13275E-2,1.84024E-3,1.05225E-1,-4.12158E-3,4.53686E-2,5.69445E-2,-2.16283E-1,-2.31886E-1,6.86575E-2,-9.78962E-2,2.00628E-2,-5.74913E-2,1.01906E-1,-2.81271E-2,-4.45023E-2,6.70071E-2,3.89633E-3,-1.10566E-1,-1.26329E-1,7.41732E-2,-6.32039E-3,-2.76523E-2
9.53614E+2,NaN,NaN,NaN,NaN,NaN,NaN,NaN,NaN,NaN,NaN,NaN,NaN,NaN,NaN,NaN,NaN,NaN,NaN,NaN,NaN,NaN,NaN,NaN,NaN,NaN,NaN,NaN,NaN,NaN,NaN,NaN,NaN,NaN,NaN,NaN,NaN,NaN,NaN,NaN,NaN,NaN,-3.72487E-2,-5.25380E-2,-6.78272E-2,-7.63495E-2,-5.64154E-2,-3.64812E-2,-1.42735E-2,1.24482E-2,3.91699E-2,6.27619E-2,8.29336E-2,1.03105E-1,9.01531E-2,5.69583E-2,2.37636E-2,9.99886E-4,-1.85334E-2,-3.80668E-2,-2.33785E-2,-5.15630E-3,1.18886E-2,6.20964E-3,5.30715E-4,-2.43779E-3,5.99166E-3,1.44211E-2,1.93109E-2,1.71732E-2,1.50355E-2,-3.52351E-2,-8.46990E-2,-9.78807E-2,-4.96500E-2,-4.41305E-3,-5.24567E-2,-5.27252E-2,-2.62016E-2,-4.13208E-2,-1.63519E-2,8.67686E-3,-5.10775E-2,-1.01860E-1,-8.06259E-2,-7.15166E-2,-1.03632E-2,1.05148E-1,6.64392E-2,1.31520E-2,1.34421E-2,2.46498E-2,2.44825E-2,-4.37969E-3,-5.21473E-2,-7.38620E-2,-1.93779E-2,2.64441E-3,-2.42962E-2,-1.30669E-1,-9.93174E-2,7.07661E-2,-2.51001E-2,-8.42477E-2,5.69285E-3,-3.51646E-2,-8.78258E-2,2.05575E-2,-1.01154E-2,5.53863E-2,7.50657E-2,7.43774E-2,6.51227E-2,9.71101E-2,5.33931E-3,-4.14559E-2,-1.25091E-1,1.40397E-2,6.31051E-2,4.27582E-2,-4.31829E-2,-9.46024E-2,1.23155E-2,-6.33335E-3,-1.85357E-1,4.96808E-2,1.90457E-2,-1.09052E-2,-8.29544E-2,-3.41618E-2,2.78747E-2,1.22873E-1,1.04311E-2,4.63048E-2,-2.96788E-2,-4.31105E-2,1.00396E-1,-4.23405E-2
9.57033E+2,NaN,NaN,NaN,NaN,NaN,NaN,NaN,NaN,NaN,NaN,NaN,NaN,NaN,NaN,NaN,NaN,NaN,NaN,NaN,NaN,NaN,NaN,NaN,NaN,NaN,NaN,NaN,NaN,NaN,NaN,NaN,NaN,NaN,NaN,NaN,NaN,NaN,NaN,NaN,NaN,NaN,6.92905E-2,4.54896E-2,2.16886E-2,7.92355E-3,-4.81410E-3,-1.73760E-2,-2.65973E-2,-3.58186E-2,-5.29425E-2,-1.03142E-1,-1.53342E-1,-1.55842E-1,-6.39556E-2,2.79309E-2,7.38705E-2,6.97470E-2,6.56234E-2,5.99084E-2,5.32239E-2,4.65393E-2,2.57354E-2,5.76750E-4,-2.45819E-2,4.14962E-2,1.16914E-1,1.88071E-1,1.78251E-1,1.68431E-1,1.42049E-1,9.84805E-2,2.28537E-1,1.78216E-1,1.71713E-1,2.14579E-1,1.59400E-1,1.61620E-1,1.67762E-1,1.24218E-1,1.07091E-1,6.60922E-4,1.50837E-1,1.40400E-1,1.74218E-1,1.24616E-1,9.97914E-2,2.52331E-2,4.53321E-2,6.20839E-2,-6.28716E-3,1.08214E-1,1.14997E-1,2.15993E-1,-4.50941E-3,2.14553E-1,1.23877E-1,6.33035E-2,9.72029E-2,4.20650E-2,5.35764E-2,1.59189E-2,1.52182E-2,1.27619E-1,9.87941E-2,1.38042E-1,5.43808E-2,-1.54526E-1,3.39463E-2,-1.40840E-1,-4.66134E-2,-2.22983E-2,1.48710E-2,-6.74509E-2,-1.05087E-1,-2.39277E-3,4.40111E-2,-3.02961E-2,4.96875E-2,-5.33242E-2,1.36106E-1,4.08300E-2,-2.62568E-3,-2.63236E-2,2.65864E-2,1.79297E-2,1.41718E-1,1.75955E-2,1.36260E-1,-2.39742E-2,3.66434E-3,1.58760E-2,-4.26835E-2,-6.80723E-2,-9.97108E-3,1.14578E-1,7.24508E-2,1.76503E-2
9.60452E+2,NaN,NaN,NaN,NaN,NaN,NaN,NaN,NaN,NaN,NaN,NaN,NaN,NaN,NaN,NaN,NaN,NaN,NaN,NaN,NaN,NaN,NaN,NaN,NaN,NaN,NaN,NaN,NaN,NaN,NaN,NaN,NaN,NaN,NaN,NaN,NaN,NaN,NaN,NaN,NaN,6.87749E-2,8.46599E-2,1.00545E-1,1.53602E-1,2.30131E-1,3.06659E-1,2.03668E-1,4.26788E-2,-1.18310E-1,-2.76189E-1,-4.33717E-1,-5.75534E-1,-3.54773E-1,-1.34012E-1,5.46838E-2,1.01546E-1,1.48409E-1,1.71864E-1,1.47197E-1,1.22531E-1,1.07753E-1,1.04122E-1,1.00490E-1,2.10048E-1,3.91075E-1,5.72103E-1,5.93952E-1,5.64375E-1,5.34798E-1,3.58025E-1,4.80532E-1,2.29653E-1,6.34777E-1,4.44660E-1,4.38212E-1,6.01434E-1,2.99256E-1,2.94504E-1,4.62600E-2,6.57758E-2,8.42001E-2,2.81045E-1,4.17206E-1,4.19347E-1,2.24403E-1,1.17903E-1,1.76878E-1,2.99734E-1,-1.23342E-1,1.92509E-1,2.70570E-1,2.26607E-1,2.16327E-1,2.18193E-1,1.16187E-1,2.62388E-1,1.24297E-1,2.03770E-1,5.84777E-2,-3.89225E-2,5.27227E-2,2.16556E-1,7.66695E-2,4.90681E-1,3.64471E-1,-2.37102E-1,-7.20494E-2,9.43843E-2,-3.22945E-2,-1.90471E-1,1.22161E-1,1.78460E-1,2.33896E-1,1.51580E-1,1.19070E-1,2.21170E-1,-1.03502E-1,2.17639E-2,-9.47371E-3,1.41886E-1,1.61909E-1,7.53488E-2,1.08444E-2,3.05977E-1,-2.15893E-1,-2.93164E-2,1.56883E-1,4.38649E-1,9.05827E-2,-4.49175E-2,-7.06663E-2,-1.63456E-1,8.16438E-2,-1.25795E-1,2.22420E-1,9.33285E-2,-1.03251E-2
9.63872E+2,NaN,NaN,NaN,NaN,NaN,NaN,NaN,NaN,NaN,NaN,NaN,NaN,NaN,NaN,NaN,NaN,NaN,NaN,NaN,NaN,NaN,NaN,NaN,NaN,NaN,NaN,NaN,NaN,NaN,NaN,NaN,NaN,NaN,NaN,NaN,NaN,NaN,NaN,NaN,1.31923E-2,1.38308E-2,1.44694E-2,8.90148E-3,-1.04968E-2,-2.98951E-2,-3.23720E-2,-1.43841E-2,3.60376E-3,1.21686E-2,1.43318E-2,1.64950E-2,2.55422E-2,3.70292E-2,4.85162E-2,1.43561E-2,-2.59590E-2,-6.42580E-2,-2.07044E-2,2.28492E-2,5.69056E-2,4.35541E-2,3.02025E-2,1.83535E-2,9.85259E-3,1.35167E-3,5.10644E-3,2.36834E-2,4.22603E-2,3.36060E-2,2.72204E-2,-2.30764E-2,2.26708E-2,8.22653E-2,5.60107E-2,3.70255E-2,3.55298E-2,5.11229E-2,1.63862E-2,-1.98712E-2,2.48071E-2,1.01349E-2,2.87411E-2,8.72210E-2,6.72517E-2,8.52632E-3,-6.21936E-2,-2.74887E-3,5.19462E-2,4.67438E-2,5.21629E-2,1.30942E-2,-3.68120E-3,3.21443E-2,6.11412E-2,3.25268E-2,4.43596E-2,-1.66665E-2,8.84806E-3,-4.83146E-2,4.99054E-2,3.43786E-3,1.04165E-2,-4.94465E-2,9.36835E-2,-4.21932E-2,6.01810E-2,6.06474E-2,1.34708E-2,4.41920E-2,1.84545E-2,-3.90361E-2,-4.00170E-2,3.49238E-2,6.07400E-2,4.80044E-2,1.76789E-2,-4.78699E-2,7.39751E-2,5.65552E-2,-6.92645E-2,7.77137E-2,8.85714E-2,-8.43661E-3,-1.97608E-2,1.76164E-2,7.86570E-2,2.09195E-2,8.44300E-2,-8.58304E-3,1.65550E-2,-2.56431E-3,1.07036E-1,6.95950E-2,1.83956E-2,2.73221E-2,-1.53894E-2,-4.32276E-2
9.67293E+2,NaN,NaN,NaN,NaN,NaN,NaN,NaN,NaN,NaN,NaN,NaN,NaN,NaN,NaN,NaN,NaN,NaN,NaN,NaN,NaN,NaN,NaN,NaN,NaN,NaN,NaN,NaN,NaN,NaN,NaN,NaN,NaN,NaN,NaN,NaN,NaN,NaN,NaN,NaN,3.46123E-2,3.35114E-2,3.24104E-2,4.25893E-2,5.27944E-2,5.26542E-2,-1.07580E-2,-7.41702E-2,-1.27664E-1,-1.56077E-1,-1.84489E-1,-1.50600E-1,-3.28476E-2,8.49045E-2,1.19627E-1,9.14832E-2,6.33393E-2,4.58414E-2,3.26507E-2,1.94600E-2,-4.05511E-2,-1.08514E-1,-1.76477E-1,-4.76408E-2,8.16548E-2,1.88322E-1,1.56595E-1,1.24869E-1,8.52753E-2,5.28761E-2,7.62801E-2,8.08506E-2,8.44255E-2,6.74033E-2,1.74538E-1,1.83251E-1,1.68733E-1,2.53164E-2,1.55028E-2,1.43896E-1,1.14983E-1,3.79151E-2,8.51365E-2,3.27159E-2,-4.49976E-2,-8.98454E-2,-1.03442E-1,-5.74865E-3,-7.81904E-2,5.74432E-2,1.77305E-2,1.08147E-2,-7.34132E-2,1.75435E-2,5.93406E-2,1.05608E-1,1.49268E-1,4.51189E-2,8.34231E-2,1.76971E-4,2.00089E-3,-4.95997E-2,-7.19280E-2,4.33669E-2,6.97912E-2,1.08356E-1,-1.97604E-1,-8.18261E-2,-1.12469E-1,-1.55455E-1,-9.25095E-2,9.17328E-2,-1.82738E-2,1.39527E-2,-6.62492E-2,6.60997E-2,1.43436E-1,-1.67879E-1,-8.40464E-2,-2.06986E-1,3.51677E-2,-5.79216E-3,-1.18470E-1,-1.58954E-1,-6.44226E-2,-6.17044E-2,-8.56023E-2,-5.87236E-2,-1.06012E-1,-7.50323E-2,-1.13075E-2,-1.09249E-1,-1.19399E-1,9.20755E-3,-1.27093E-1,3.34669E-2,4.58775E-2,7.74924E-2
9.70714E+2,NaN,NaN,NaN,NaN,NaN,NaN,NaN,NaN,NaN,NaN,NaN,NaN,NaN,NaN,NaN,NaN,NaN,NaN,NaN,NaN,NaN,NaN,NaN,NaN,NaN,NaN,NaN,NaN,NaN,NaN,NaN,NaN,NaN,NaN,NaN,NaN,NaN,NaN,2.09380E-2,-1.31798E-2,-4.72976E-2,-4.84196E-2,-3.37904E-2,-1.91612E-2,-6.87508E-3,4.89573E-3,1.66665E-2,1.45770E-2,1.19488E-2,1.02933E-2,1.68891E-2,2.34849E-2,2.42799E-2,7.51411E-3,-9.25171E-3,-1.90071E-2,-1.78507E-2,-1.66944E-2,-1.00050E-2,1.51232E-3,1.30297E-2,1.65268E-2,1.61954E-2,1.58639E-2,3.30052E-2,5.39889E-2,7.49726E-2,4.44093E-2,5.40020E-2,4.04094E-2,2.34360E-2,2.74829E-2,7.49570E-2,5.18908E-2,3.58988E-4,4.50948E-2,-3.75347E-3,-4.24332E-2,9.43998E-3,4.77577E-2,7.76468E-2,2.22919E-2,5.63694E-2,-8.84614E-3,-2.01577E-2,-6.42050E-4,-3.08491E-2,1.24938E-2,3.37457E-2,2.10704E-2,-7.76852E-2,5.43628E-2,1.90276E-3,5.82980E-2,1.84535E-2,1.05617E-3,5.31766E-3,2.22103E-2,-4.54741E-2,2.92934E-2,4.42770E-2,3.29795E-2,1.10720E-1,2.84759E-2,-1.88759E-2,-5.06518E-4,-1.97429E-2,1.93536E-2,-2.25757E-2,-2.13264E-2,-9.22184E-3,1.48090E-2,-1.05467E-2,2.43935E-2,-3.00623E-2,-5.63222E-2,-2.12150E-2,2.09782E-2,1.57470E-2,-4.11184E-2,7.26736E-2,-1.70377E-2,-8.37887E-3,-1.87847E-2,-3.07349E-2,-2.28228E-2,-3.49277E-3,-3.27228E-2,-5.44257E-2,-5.69707E-2,5.24920E-4,-7.93448E-2,6.80930E-2,-4.70802E-2,2.27569E-2,-2.46587E-2,-4.81666E-2
9.74135E+2,NaN,NaN,NaN,NaN,NaN,NaN,NaN,NaN,NaN,NaN,NaN,NaN,NaN,NaN,NaN,NaN,NaN,NaN,NaN,NaN,NaN,NaN,NaN,NaN,NaN,NaN,NaN,NaN,NaN,NaN,NaN,NaN,NaN,NaN,NaN,NaN,NaN,8.58338E-3,1.41646E-2,1.97458E-2,2.90918E-2,4.55065E-2,6.19211E-2,4.40139E-2,-9.56279E-3,-6.31394E-2,-9.48793E-2,-1.13971E-1,-1.33063E-1,-8.59565E-2,-1.97504E-2,4.64556E-2,5.67651E-2,6.21442E-2,6.63813E-2,5.32796E-2,4.01780E-2,3.41848E-2,5.58162E-2,7.74475E-2,8.60200E-2,7.00737E-2,5.41275E-2,6.06401E-2,9.04933E-2,1.20346E-1,1.03330E-1,8.65904E-2,9.08645E-2,1.18120E-1,1.53460E-1,1.62302E-1,8.05959E-2,9.53140E-2,8.49687E-2,8.69134E-2,7.30581E-2,9.31077E-2,1.24100E-1,9.95697E-2,9.14379E-2,4.73645E-2,-4.22193E-2,1.33637E-2,6.90953E-2,3.67134E-3,6.94578E-2,3.96180E-2,3.20679E-2,6.00257E-2,1.02452E-1,6.81200E-2,-5.14022E-3,-4.11895E-3,9.99235E-2,6.83192E-2,1.10077E-1,6.20849E-2,1.12457E-2,-2.72287E-2,8.21875E-2,4.98545E-3,-3.13404E-4,1.42889E-1,3.44786E-2,-4.61530E-2,8.30297E-3,-1.23882E-1,-5.77710E-3,-1.36472E-1,4.62044E-2,7.68260E-3,-1.92074E-2,-1.82090E-2,1.31265E-1,6.86876E-2,-9.37226E-2,6.08583E-3,1.83853E-2,-1.56094E-2,-5.54611E-2,4.56164E-2,-2.84748E-2,8.61210E-2,-7.34132E-2,-1.44331E-1,9.92655E-2,8.69944E-2,-3.76507E-2,-4.73556E-2,-1.32877E-1,-8.86445E-2,-1.13536E-1,-5.81763E-2,6.69965E-2,2.14090E-2,5.22014E-2
9.77558E+2,NaN,NaN,NaN,NaN,NaN,NaN,NaN,NaN,NaN,NaN,NaN,NaN,NaN,NaN,NaN,NaN,NaN,NaN,NaN,NaN,NaN,NaN,NaN,NaN,NaN,NaN,NaN,NaN,NaN,NaN,NaN,NaN,NaN,NaN,NaN,NaN,NaN,-1.04107E-1,-9.98888E-2,-9.52724E-2,-5.02112E-2,-5.15014E-3,3.48079E-2,4.64282E-2,5.80485E-2,8.36977E-2,1.42800E-1,2.01902E-1,1.94369E-1,1.01445E-1,8.51996E-3,-4.46575E-2,-6.91907E-2,-9.37239E-2,-5.64631E-2,4.35108E-3,6.51653E-2,3.49752E-2,-9.18899E-3,-5.36371E-2,-1.26941E-1,-2.00245E-1,-2.51108E-1,-1.77350E-1,-1.03593E-1,-6.29735E-2,-7.30170E-2,-5.15673E-2,-1.21773E-1,-1.29784E-1,-5.11024E-2,-1.31429E-1,-1.01570E-1,-1.09322E-1,-2.74881E-2,-5.65859E-2,-1.26256E-1,-1.71795E-1,-1.43430E-1,-2.32643E-1,-5.26925E-2,-9.40554E-2,6.85938E-2,8.41841E-3,-6.50764E-2,-5.02043E-2,-1.83236E-1,-6.46580E-2,-5.48499E-2,-1.78910E-1,3.95921E-2,4.95745E-2,-2.84837E-2,-1.40725E-1,-2.51039E-1,-1.20847E-1,1.14414E-3,-8.56029E-2,3.26888E-2,5.44039E-2,5.01536E-3,-8.34079E-2,1.69755E-2,-1.75454E-1,5.62529E-2,1.75170E-1,-2.48001E-2,1.80479E-1,1.49747E-1,6.99750E-2,-9.89562E-2,3.68483E-2,1.25169E-2,-1.61881E-2,-4.17878E-2,1.09916E-2,2.20458E-1,5.83502E-2,9.56208E-2,-6.62774E-3,3.53862E-2,-3.68387E-2,3.49242E-2,-7.35184E-2,4.69609E-2,1.94290E-2,-2.29010E-2,3.19367E-2,9.46599E-2,1.04865E-1,7.60563E-2,9.42599E-2,8.28423E-2,-1.54031E-1,-6.19029E-2,7.46428E-3,-3.92134E-2
9.80980E+2,NaN,NaN,NaN,NaN,NaN,NaN,NaN,NaN,NaN,NaN,NaN,NaN,NaN,NaN,NaN,NaN,NaN,NaN,NaN,NaN,NaN,NaN,NaN,NaN,NaN,NaN,NaN,NaN,NaN,NaN,NaN,NaN,NaN,NaN,NaN,NaN,-3.51724E-1,-7.93271E-1,-1.23482E+0,-8.58717E-1,-6.83130E-2,7.22091E-1,5.14314E-1,6.71370E-2,-3.80040E-1,-9.44713E-1,-1.51565E+0,-1.94738E+0,-1.00971E+0,-7.20459E-2,7.91331E-1,1.41305E+0,2.03476E+0,2.21534E+0,1.66999E+0,1.12463E+0,6.22142E-1,1.59086E-1,-3.03970E-1,-2.12581E-1,1.59747E-1,5.32075E-1,1.07004E+0,1.64773E+0,2.22543E+0,1.12453E+0,1.10291E+0,1.84691E+0,8.33169E-1,2.26685E+0,2.43653E+0,1.30687E+0,6.71513E-1,1.29357E+0,1.39938E+0,1.48456E+0,2.14552E+0,1.49174E+0,2.81964E+0,2.77240E+0,1.57474E+0,1.44759E+0,1.69591E+0,6.44952E-1,-3.95776E-1,1.96727E+0,1.21332E+0,8.83369E-1,-2.06013E-1,1.11141E+0,1.00939E+0,1.06950E+0,1.75030E+0,2.13859E+0,1.83211E+0,1.03247E+0,5.95958E-1,5.09099E-1,1.49510E+0,1.35524E+0,9.80193E-1,2.11212E+0,7.71586E-1,3.33438E+0,1.34384E-1,-5.83541E-1,-1.39420E-1,-2.09938E-1,1.55788E-1,1.11104E+0,1.40866E+0,1.70882E-1,-4.15209E-1,8.44037E-2,1.14983E+0,2.19862E+0,7.63891E-1,1.32303E-1,5.04383E-1,1.11289E+0,1.83685E-1,-1.37563E-1,3.06150E-1,1.01756E+0,-1.56719E-1,3.97465E-2,5.49564E-1,3.59524E-1,-3.77985E-1,-2.10427E-1,1.16974E+0,-8.03422E-2,-2.56874E-1,-5.87951E-1,1.81044E+0,9.88658E-1,1.43240E+0
9.84404E+2,NaN,NaN,NaN,NaN,NaN,NaN,NaN,NaN,NaN,NaN,NaN,NaN,NaN,NaN,NaN,NaN,NaN,NaN,NaN,NaN,NaN,NaN,NaN,NaN,NaN,NaN,NaN,NaN,NaN,NaN,NaN,NaN,NaN,NaN,NaN,1.54228E-2,6.65443E-2,1.17666E-1,1.37525E-1,8.76469E-2,3.77692E-2,-1.33171E-2,-6.58662E-2,-1.18415E-1,-1.65631E-1,-2.09219E-1,-2.52808E-1,-1.58938E-1,-1.62959E-2,1.26347E-1,1.26964E-1,1.08391E-1,8.97391E-2,6.78525E-2,4.59659E-2,2.85986E-2,3.38263E-2,3.90540E-2,5.01948E-2,7.45258E-2,9.88567E-2,1.54727E-1,2.48775E-1,3.42823E-1,2.16848E-1,1.07823E-1,1.82827E-1,1.23125E-1,1.36800E-1,1.58321E-1,2.67295E-1,2.21772E-1,1.78290E-1,1.87439E-1,1.55319E-1,9.53636E-2,4.90301E-2,4.93730E-2,1.34329E-1,1.58717E-1,-2.03316E-2,-6.52847E-2,3.53412E-2,-5.95106E-2,2.88962E-2,4.22895E-2,1.15136E-1,1.90932E-1,1.56309E-1,1.63824E-1,3.98542E-2,1.02899E-1,9.35763E-2,3.06415E-2,1.25564E-1,1.01419E-1,3.48397E-2,-1.35052E-1,1.07584E-2,-3.67726E-2,9.35472E-2,5.13730E-3,3.97486E-2,1.49588E-1,-7.82175E-2,-1.39687E-2,-2.57841E-2,-2.86751E-1,-3.71861E-2,9.76125E-2,1.41037E-1,1.16370E-1,5.61892E-2,4.53858E-2,8.78533E-2,1.05471E-1,-6.93798E-2,-2.59011E-3,-1.50329E-1,-9.06047E-2,3.23077E-2,-7.04186E-3,-1.07654E-1,1.55805E-2,-2.98921E-2,-4.60754E-3,-4.63872E-2,-4.63174E-2,-7.99705E-2,1.56679E-1,-8.82576E-2,-1.62444E-1,-3.82762E-2,-7.45415E-2,9.05900E-2,7.47603E-2,-5.37342E-2
9.87828E+2,NaN,NaN,NaN,NaN,NaN,NaN,NaN,NaN,NaN,NaN,NaN,NaN,NaN,NaN,NaN,NaN,NaN,NaN,NaN,NaN,NaN,NaN,NaN,NaN,NaN,NaN,NaN,NaN,NaN,NaN,NaN,NaN,NaN,NaN,NaN,8.16935E-2,5.25765E-2,2.34595E-2,7.40967E-3,-7.91438E-3,-2.24748E-2,-2.93363E-2,-3.61978E-2,-4.18518E-2,-4.35329E-2,-4.52140E-2,-4.24831E-2,-3.24288E-2,-2.23745E-2,-1.43396E-2,-8.17774E-3,-2.01588E-3,-1.57025E-3,-4.04755E-3,-6.52485E-3,-2.57597E-3,2.93432E-3,8.44461E-3,2.28031E-2,3.76530E-2,5.17961E-2,5.88133E-2,6.58305E-2,6.17975E-2,2.42113E-2,-9.26729E-3,-2.50426E-2,5.92742E-2,8.55384E-2,5.64373E-2,4.20146E-3,1.81272E-2,7.75708E-2,6.66020E-3,-2.53520E-2,-2.04139E-3,-2.73037E-2,2.38048E-2,9.51905E-3,8.08240E-2,8.77871E-2,1.60637E-2,-3.27866E-2,-1.68030E-2,8.62105E-2,3.92887E-2,5.69482E-2,1.32382E-2,2.56302E-2,6.63917E-2,-2.87776E-2,-3.10133E-2,6.90135E-3,6.26358E-2,5.10079E-2,-1.09111E-2,-1.03846E-3,1.59514E-2,3.45929E-2,2.77828E-2,-2.02262E-2,7.01020E-4,3.75948E-2,4.97792E-2,-7.62281E-2,-7.58387E-2,6.54989E-2,-2.01542E-2,3.73822E-3,5.06104E-3,-4.50017E-2,-6.23272E-4,-1.28556E-2,-1.40061E-2,4.86631E-3,2.04169E-3,-8.12758E-2,1.39318E-2,-4.46006E-2,2.83283E-2,-9.44184E-3,3.32267E-2,4.67558E-3,2.10861E-2,-9.55746E-3,-1.84975E-3,-2.30683E-2,5.57436E-3,-4.76936E-2,1.03866E-2,1.59033E-2,3.09931E-2,-8.04801E-3,-1.74653E-2,1.72476E-2,9.18216E-2,-8.17095E-3
9.91252E+2,NaN,NaN,NaN,NaN,NaN,NaN,NaN,NaN,NaN,NaN,NaN,NaN,NaN,NaN,NaN,NaN,NaN,NaN,NaN,NaN,NaN,NaN,NaN,NaN,NaN,NaN,NaN,NaN,NaN,NaN,NaN,NaN,NaN,NaN,2.35687E-2,3.23464E-2,4.11241E-2,3.84200E-2,2.73114E-2,1.62027E-2,2.87784E-3,-1.13079E-2,-2.54937E-2,-4.97499E-2,-7.56036E-2,-1.01169E-1,-7.86165E-2,-5.60637E-2,-3.03676E-2,1.33088E-2,5.69852E-2,8.24358E-2,6.36228E-2,4.48098E-2,2.04397E-2,-1.11624E-2,-4.27645E-2,-2.95225E-2,1.65444E-2,6.26112E-2,1.02310E-1,1.39536E-1,1.76762E-1,5.47992E-2,3.09378E-3,7.97572E-2,7.17262E-2,8.93358E-2,1.11962E-1,1.07675E-1,1.36917E-1,-1.00341E-2,3.86279E-2,-9.69231E-3,9.51484E-2,4.93998E-2,3.87615E-2,-3.20401E-2,6.35758E-2,9.03954E-2,1.29862E-2,5.06011E-2,-5.22810E-2,3.39701E-2,1.62114E-3,1.14462E-1,5.21005E-2,6.68687E-2,5.03818E-2,-4.60752E-3,-1.14536E-2,4.48835E-2,3.57506E-2,3.57806E-2,2.51378E-2,2.21739E-2,5.18156E-2,4.37434E-3,-4.07086E-2,4.04242E-2,-2.15199E-3,6.18091E-2,1.33361E-1,4.53277E-2,-8.26658E-2,-2.11045E-2,-5.62603E-2,-3.52508E-2,1.12187E-2,4.78538E-2,1.27109E-2,2.28337E-2,-4.02247E-2,-3.85370E-2,2.10964E-2,2.77709E-2,-2.06237E-2,-2.32683E-2,-9.15418E-2,-8.25644E-2,-1.48506E-2,-1.91358E-2,-3.13812E-2,6.10787E-2,-3.63712E-2,2.31674E-2,-4.47186E-2,6.98360E-2,2.41096E-3,1.66178E-2,2.26468E-2,-6.61746E-2,-6.24777E-2,-9.33469E-2,-9.00001E-3,4.53812E-2,2.23253E-2
9.94678E+2,NaN,NaN,NaN,NaN,NaN,NaN,NaN,NaN,NaN,NaN,NaN,NaN,NaN,NaN,NaN,NaN,NaN,NaN,NaN,NaN,NaN,NaN,NaN,NaN,NaN,NaN,NaN,NaN,NaN,NaN,NaN,NaN,NaN,3.02203E-1,1.43622E-1,-1.49579E-2,-1.14994E-1,1.96532E-2,1.54301E-1,1.93592E-1,4.98386E-2,-9.39152E-2,-1.98507E-1,-2.61577E-1,-3.24646E-1,-3.00697E-1,-2.25251E-1,-1.49806E-1,-3.29774E-2,9.61365E-2,2.25250E-1,1.97027E-1,1.53988E-1,1.11520E-1,7.85209E-2,4.55219E-2,5.43442E-2,2.30814E-1,4.07284E-1,5.39527E-1,5.86870E-1,6.34214E-1,6.84812E-1,7.05718E-1,5.35128E-1,2.95313E-1,4.77140E-1,5.95501E-1,4.42819E-1,4.32036E-1,4.46440E-1,4.01283E-1,3.78381E-1,4.44769E-1,3.73490E-1,3.96899E-1,2.79514E-1,1.75626E-2,9.72145E-2,1.57733E-1,2.43911E-1,1.91137E-1,1.04436E-1,2.43977E-1,3.24772E-1,2.68961E-1,1.83670E-1,3.76403E-1,4.32770E-1,2.86846E-1,1.98376E-1,6.84479E-2,1.58523E-1,2.54043E-1,2.93466E-1,3.54485E-1,2.47255E-1,9.24710E-2,1.16275E-1,1.63021E-1,-4.02102E-2,3.54513E-1,3.98818E-1,2.75929E-1,-2.53307E-2,-2.20076E-2,-5.00669E-1,-2.13206E-1,-6.76601E-2,4.99206E-3,3.42453E-1,1.27295E-1,2.94041E-1,2.03121E-1,6.83446E-2,1.94840E-1,1.20103E-1,-8.87833E-2,-2.66081E-1,4.32478E-1,1.53414E-1,-1.69863E-1,8.42425E-2,7.92286E-2,7.55799E-2,2.66975E-1,1.51935E-1,1.64541E-1,4.71361E-2,-1.17865E-1,-2.21315E-1,-6.86855E-2,-2.01392E-1,-1.14548E-1,3.33188E-1,2.26378E-1,-4.91083E-2
9.98103E+2,NaN,NaN,NaN,NaN,NaN,NaN,NaN,NaN,NaN,NaN,NaN,NaN,NaN,NaN,NaN,NaN,NaN,NaN,NaN,NaN,NaN,NaN,NaN,NaN,NaN,NaN,NaN,NaN,NaN,NaN,NaN,NaN,NaN,3.77058E-2,5.63362E-2,7.49666E-2,6.35700E-2,4.53280E-2,2.70859E-2,-4.75693E-3,-3.72078E-2,-6.94106E-2,-9.93821E-2,-1.29354E-1,-1.40415E-1,-9.25427E-2,-4.46701E-2,8.10188E-4,4.24815E-2,8.41529E-2,8.69004E-2,5.49407E-2,2.29810E-2,-7.79650E-3,-3.79955E-2,-6.81946E-2,-8.49693E-2,-9.86836E-2,-1.12398E-1,-2.62620E-2,6.43382E-2,1.47196E-1,1.55227E-1,1.14336E-1,5.88936E-2,5.75386E-2,8.34319E-2,1.52438E-1,1.31832E-1,6.80974E-2,2.97448E-2,4.76803E-2,-2.28278E-2,9.65621E-2,3.99132E-2,1.47906E-1,1.52051E-2,-5.69061E-3,2.12289E-2,-8.34131E-2,4.70621E-2,2.40321E-2,5.48904E-2,2.78635E-2,-1.39192E-2,-1.75910E-2,1.10093E-1,9.88307E-2,3.37518E-2,1.72082E-1,1.14531E-1,1.24722E-1,9.19266E-2,1.98873E-2,1.30653E-1,1.75060E-1,7.01278E-2,7.28652E-2,-3.44710E-3,-1.79008E-2,6.26184E-2,4.94103E-2,8.09180E-2,5.28922E-2,-1.24665E-1,-1.68932E-2,-1.62951E-1,3.58726E-3,-1.80361E-2,1.03704E-1,4.27923E-2,-5.46898E-2,-3.37758E-2,5.62352E-2,7.12041E-2,8.48819E-2,-1.77277E-2,-6.57182E-2,-6.58915E-3,5.64278E-2,5.09907E-2,-4.20249E-2,-8.05820E-2,9.96948E-2,-4.18563E-2,3.46141E-2,6.98009E-2,4.64105E-2,-3.29816E-2,-1.48847E-2,-1.07003E-1,-5.20748E-2,2.53206E-2,2.48874E-3,3.56699E-2,3.61823E-2,-6.15213E-2
1.00153E+3,NaN,NaN,NaN,NaN,NaN,NaN,NaN,NaN,NaN,NaN,NaN,NaN,NaN,NaN,NaN,NaN,NaN,NaN,NaN,NaN,NaN,NaN,NaN,NaN,NaN,NaN,NaN,NaN,NaN,NaN,NaN,NaN,6.95245E-3,6.71594E-2,1.27366E-1,1.30775E-1,5.62559E-2,-1.82634E-2,2.11454E-5,8.99196E-2,1.79818E-1,1.91109E-1,1.69870E-1,1.48630E-1,7.54303E-2,-6.92793E-3,-8.92862E-2,-1.84917E-1,-2.80641E-1,-3.38739E-1,-1.57535E-1,2.36684E-2,1.53757E-1,1.51572E-1,1.49388E-1,1.01964E-1,-7.52968E-3,-1.17023E-1,-1.05133E-1,4.24373E-4,1.05982E-1,4.77441E-2,-5.69112E-2,-1.73029E-1,-6.27769E-2,2.42017E-2,5.01086E-2,-1.16649E-1,-1.67422E-1,-1.17027E-1,-7.27434E-2,9.20931E-2,9.88153E-2,1.24104E-1,1.11302E-1,-8.30963E-2,-2.37519E-2,7.65237E-2,6.66257E-2,-6.42992E-3,2.05477E-1,1.27974E-1,1.98870E-1,8.42066E-2,3.04250E-2,7.85571E-2,7.51783E-2,-1.04248E-1,1.06877E-1,7.57030E-2,7.78386E-2,9.52941E-2,-2.76063E-2,-6.62767E-2,-1.12759E-1,-1.28505E-1,-1.73224E-1,1.57762E-1,8.53963E-2,-3.82246E-2,1.66714E-1,-4.31125E-3,-2.40859E-1,-1.46058E-1,-2.65893E-2,6.77685E-2,2.18860E-1,1.52214E-1,1.02735E-1,-1.15522E-1,-1.64838E-2,1.15795E-1,2.54307E-2,-3.22990E-2,-1.11419E-1,3.72701E-2,7.10957E-2,-3.43865E-3,3.63769E-1,1.18044E-1,-3.68706E-2,4.67612E-2,1.20712E-1,7.61556E-2,-5.80560E-2,-6.56064E-2,-2.01560E-1,-2.76025E-1,-3.90112E-2,-7.14543E-3,6.91431E-2,-3.83808E-2,1.70582E-1,1.06167E-1,-5.87009E-2,1.91471E-2,1.33800E-1
1.00496E+3,NaN,NaN,NaN,NaN,NaN,NaN,NaN,NaN,NaN,NaN,NaN,NaN,NaN,NaN,NaN,NaN,NaN,NaN,NaN,NaN,NaN,NaN,NaN,NaN,NaN,NaN,NaN,NaN,NaN,NaN,NaN,NaN,1.32460E-2,2.17264E-2,3.05445E-2,5.47427E-2,7.89410E-2,8.76568E-2,1.76461E-2,-5.23646E-2,-9.94862E-2,-9.49871E-2,-9.04881E-2,-7.04213E-2,-3.13317E-2,7.75802E-3,2.50319E-2,2.73272E-2,2.96226E-2,1.03793E-2,-1.65990E-2,-4.35773E-2,-3.48414E-2,-2.11719E-2,-8.10339E-3,-2.24061E-2,-3.67088E-2,-3.59011E-2,4.17425E-2,1.19386E-1,1.24927E-1,1.67578E-2,5.29953E-2,7.73027E-2,-9.48778E-3,6.97911E-2,4.94504E-2,5.41717E-3,-2.79572E-2,-6.62774E-2,5.51209E-2,8.24186E-2,-1.93237E-2,3.40594E-2,7.22526E-2,-3.18767E-3,-9.29277E-3,8.30691E-3,5.01938E-2,5.52342E-2,3.17963E-2,8.18482E-2,8.35930E-2,2.31818E-2,4.39092E-3,5.78276E-2,1.61713E-3,-5.56382E-3,4.88987E-2,8.25073E-2,5.08501E-2,2.93601E-2,2.24133E-2,8.07476E-2,5.84036E-2,1.33118E-2,1.51333E-2,-7.86481E-2,-4.61318E-2,8.49116E-3,2.64815E-2,3.61796E-2,1.13018E-2,-2.71643E-2,-2.71363E-2,-3.20879E-2,-1.68716E-2,-8.70907E-2,-2.84355E-2,3.72602E-5,-1.80732E-2,-1.40986E-2,-1.68205E-2,4.44938E-2,5.23075E-3,4.66757E-2,-5.22480E-2,-8.01841E-2,-9.82735E-2,-2.83284E-2,-2.12087E-2,-7.05332E-2,-4.30940E-2,3.04594E-2,-1.99550E-2,2.72099E-2,-3.90282E-2,-6.34363E-2,-8.09464E-2,-6.57968E-2,-5.73354E-2,-7.63847E-2,-1.54261E-2,-9.57246E-2,2.25664E-2,-4.62541E-2,-2.11449E-2
1.00838E+3,NaN,NaN,NaN,NaN,NaN,NaN,NaN,NaN,NaN,NaN,NaN,NaN,NaN,NaN,NaN,NaN,NaN,NaN,NaN,NaN,NaN,NaN,NaN,NaN,NaN,NaN,NaN,NaN,NaN,NaN,NaN,3.56323E-2,2.54273E-2,1.52223E-2,2.17781E-2,3.88632E-2,5.59483E-2,1.19655E-2,-5.16170E-2,-1.15199E-1,-1.28387E-1,-1.35969E-1,-1.39190E-1,-4.47623E-2,4.96649E-2,1.20059E-1,8.50004E-2,4.99415E-2,3.22071E-2,4.98931E-2,6.75790E-2,7.31496E-2,6.51301E-2,5.71105E-2,5.02414E-2,4.40949E-2,3.79484E-2,4.85427E-2,6.45101E-2,8.04775E-2,3.16674E-2,-2.96390E-2,8.20355E-2,-4.64941E-2,-1.49030E-1,-1.64089E-1,-1.11212E-1,-7.51938E-2,-3.57565E-2,-1.22619E-1,-7.82150E-2,-5.11605E-2,-4.91528E-2,-5.68070E-2,-1.43693E-1,-1.14766E-1,-1.52836E-1,-1.37474E-1,2.50730E-2,-3.05240E-4,2.06359E-1,1.65106E-1,8.59554E-2,-6.75926E-2,-1.30123E-1,-3.10056E-2,-1.84938E-2,6.87226E-4,1.71085E-2,9.13440E-2,6.35829E-3,-1.26203E-2,5.94169E-2,-1.80518E-2,-1.48441E-2,-4.67514E-2,4.27122E-2,2.36017E-2,-8.08876E-2,-4.38381E-2,6.41627E-2,-5.95815E-3,7.38742E-2,-2.99968E-2,-6.17523E-2,7.05201E-3,4.69372E-2,-1.93682E-2,1.17908E-2,1.34898E-2,-4.06771E-2,-7.25729E-2,-5.14158E-2,3.15564E-2,4.24181E-2,2.86760E-2,3.19110E-2,6.51444E-2,-8.53788E-3,-3.85627E-2,-5.66105E-2,-1.08047E-1,-2.81702E-2,-4.04352E-2,-1.00106E-1,-8.89690E-2,-2.25815E-1,-7.87069E-2,-8.73703E-2,-4.88359E-2,3.73826E-2,-5.66460E-2,1.31903E-2,-5.66987E-2,2.55084E-2,2.11696E-2,-2.26106E-2
1.01181E+3,NaN,NaN,NaN,NaN,NaN,NaN,NaN,NaN,NaN,NaN,NaN,NaN,NaN,NaN,NaN,NaN,NaN,NaN,NaN,NaN,NaN,NaN,NaN,NaN,NaN,NaN,NaN,NaN,NaN,NaN,-8.60421E-3,-2.02228E-2,-3.18413E-2,-2.78485E-2,3.86793E-2,1.05207E-1,1.27703E-1,6.57196E-2,3.73591E-3,-4.48047E-2,-7.90982E-2,-1.13392E-1,-7.82459E-2,-2.02703E-3,7.41918E-2,5.68577E-2,1.17681E-2,-3.33215E-2,-1.95030E-2,-1.45804E-4,1.79143E-2,1.44804E-2,1.10464E-2,1.32616E-2,3.81058E-2,6.29499E-2,8.10496E-2,8.62092E-2,9.13687E-2,5.96342E-2,3.99381E-2,6.10181E-2,6.40207E-2,7.92358E-2,1.40103E-2,-1.05527E-2,2.36394E-2,-3.84311E-3,-2.36614E-2,-6.30872E-3,4.73241E-2,4.23695E-2,4.17769E-2,2.21278E-2,-4.91339E-2,-9.20680E-2,-8.46001E-2,-1.96887E-2,6.74407E-3,3.94988E-2,1.54506E-1,1.49012E-1,2.73953E-2,-7.20229E-3,3.64264E-2,9.34774E-3,-2.38584E-2,3.50498E-2,6.02917E-2,3.19014E-2,1.07874E-2,-5.57536E-3,5.31133E-2,6.68643E-2,1.45336E-2,3.12984E-2,-1.77391E-2,6.78724E-2,1.97482E-2,2.80032E-2,2.61732E-2,2.48128E-2,4.06310E-2,-2.38110E-2,-5.19168E-2,-5.82410E-2,-3.53697E-2,3.38711E-2,6.30274E-2,-1.73091E-3,2.01401E-2,-1.64530E-2,-1.14917E-2,-1.78248E-2,1.02852E-2,2.24861E-2,9.47472E-2,3.11442E-2,1.26371E-4,-1.68372E-3,2.31441E-2,4.01006E-2,7.46498E-2,2.43796E-2,-3.15995E-3,-4.01621E-2,-1.67758E-2,-2.10478E-2,-1.12354E-1,2.44401E-3,-1.46828E-2,-1.36604E-2,1.22986E-2,-2.42163E-2,-6.33161E-2,4.41023E-2,-7.84098E-5
1.01524E+3,NaN,NaN,NaN,NaN,NaN,NaN,NaN,NaN,NaN,NaN,NaN,NaN,NaN,NaN,NaN,NaN,NaN,NaN,NaN,NaN,NaN,NaN,NaN,NaN,NaN,NaN,NaN,NaN,NaN,NaN,1.24196E-1,8.64335E-2,4.86708E-2,1.00971E-2,-2.87073E-2,-6.75118E-2,-4.27615E-2,-1.25784E-2,1.32393E-2,-2.46721E-2,-6.25835E-2,-8.79877E-2,-6.54672E-2,-4.29468E-2,-2.63874E-2,-2.09072E-2,-1.54271E-2,-1.86168E-2,-3.07340E-2,-4.28512E-2,-3.54919E-2,-1.69632E-2,1.56536E-3,1.19064E-2,1.99166E-2,2.79267E-2,8.72157E-2,1.50888E-1,2.03424E-1,9.72692E-2,5.09809E-2,4.84620E-2,5.67787E-2,1.27608E-1,7.31055E-2,-9.07223E-2,-3.52693E-2,-4.77605E-2,-9.55925E-2,7.27809E-2,4.33684E-2,7.97271E-2,7.77007E-2,-5.53677E-2,1.38926E-2,-4.93169E-2,-9.28360E-2,-3.12905E-2,-1.02192E-1,1.14337E-1,1.98512E-1,1.77893E-1,4.59292E-2,4.85406E-2,-2.20685E-2,2.44348E-2,9.19691E-2,-4.91058E-2,5.37147E-2,9.17966E-2,1.12030E-1,-4.56968E-2,-3.09067E-2,2.77874E-3,-3.63983E-2,6.37650E-2,-1.69024E-2,4.29925E-2,3.55244E-2,7.43986E-2,2.49595E-2,8.30355E-2,-3.99961E-2,-1.10636E-1,4.54377E-2,-4.77915E-2,-4.14445E-2,-9.47912E-2,3.11104E-2,7.37752E-2,2.84215E-2,6.90080E-2,9.62233E-2,3.64808E-2,6.22730E-2,7.27965E-2,6.72530E-3,-1.18860E-2,6.93588E-2,-5.10457E-2,-1.56715E-2,3.60731E-2,-9.14308E-5,-8.75782E-3,-1.14485E-1,-4.09195E-2,-9.43818E-3,-7.33073E-2,-1.49250E-1,-1.17583E-1,7.77866E-2,-8.68475E-2,-7.58680E-3,-5.31760E-2,-2.37171E-2,-3.28643E-3,6.08203E-2
1.01867E+3,NaN,NaN,NaN,NaN,NaN,NaN,NaN,NaN,NaN,NaN,NaN,NaN,NaN,NaN,NaN,NaN,NaN,NaN,NaN,NaN,NaN,NaN,NaN,NaN,NaN,NaN,NaN,NaN,NaN,-2.98308E-2,-4.16693E-2,-5.35078E-2,-6.07051E-2,-5.92888E-2,-5.78726E-2,-4.26623E-2,-1.32670E-2,1.61283E-2,3.72674E-2,5.36784E-2,7.00894E-2,8.32345E-2,9.54515E-2,1.07669E-1,5.31235E-2,-7.10230E-3,-5.99293E-2,-5.33818E-3,4.92529E-2,8.61537E-2,5.54073E-2,2.46609E-2,1.32205E-2,3.76100E-2,6.19994E-2,4.55779E-2,-1.28116E-2,-7.12011E-2,-1.40882E-2,-1.05545E-2,-4.19114E-2,-7.16473E-2,-1.15637E-1,-1.74346E-1,-1.72206E-1,-2.00902E-1,-2.35208E-1,-1.48751E-1,-1.65368E-1,-5.32630E-2,-6.71863E-2,-1.49532E-1,-1.49597E-1,-1.15444E-1,-1.74417E-1,-1.85665E-1,-1.63954E-1,-1.24007E-1,-8.47683E-3,1.01573E-1,1.35889E-1,5.97511E-2,-3.45531E-2,-9.06720E-2,-7.30018E-4,1.64841E-3,-4.54387E-2,-1.02835E-1,-6.84929E-2,1.59766E-2,-4.28426E-2,-5.66806E-2,-5.45541E-2,-5.49811E-2,-4.52731E-2,-6.59425E-2,-4.90631E-2,-1.32902E-2,2.75917E-2,-7.02552E-3,-6.30804E-2,-2.22472E-2,3.79123E-2,1.27747E-2,-2.25933E-2,1.73507E-1,-1.89822E-2,2.82611E-2,-1.09064E-1,-8.44290E-2,5.67677E-3,-5.85618E-2,-8.16813E-2,-3.08038E-2,-3.59058E-3,-6.86760E-2,5.51908E-2,1.21814E-1,6.19256E-2,-7.75307E-2,2.12360E-3,-4.96229E-2,-1.32348E-2,-4.27593E-2,-7.11197E-3,1.88408E-1,2.21325E-2,6.94178E-2,1.63665E-2,7.80472E-2,-7.80358E-3,-2.65315E-3,-5.75519E-2,6.77778E-3,-1.05160E-2,-6.71397E-2,-1.10604E-1
1.02210E+3,NaN,NaN,NaN,NaN,NaN,NaN,NaN,NaN,NaN,NaN,NaN,NaN,NaN,NaN,NaN,NaN,NaN,NaN,NaN,NaN,NaN,NaN,NaN,NaN,NaN,NaN,NaN,NaN,NaN,-7.52504E-5,-2.27275E-3,-4.47026E-3,-3.64394E-3,-2.53733E-3,-1.37960E-3,6.07809E-4,2.59522E-3,3.99740E-3,3.07149E-3,2.14558E-3,1.11830E-3,-1.02529E-4,-1.32336E-3,-1.48883E-3,-5.40815E-4,4.07203E-4,1.30244E-3,2.16661E-3,3.03078E-3,2.99690E-3,2.69825E-3,2.39959E-3,4.67345E-3,7.18576E-3,9.06634E-3,6.91455E-4,-7.68343E-3,-1.08653E-2,3.21349E-5,-8.43299E-3,3.69587E-3,-1.31944E-2,-4.72940E-2,-9.53660E-2,-1.32277E-1,-1.75637E-1,-1.77723E-1,-1.50392E-1,-1.12593E-1,-1.08477E-1,-1.14572E-1,-1.18969E-1,-1.15896E-1,-1.14503E-1,-1.30704E-1,-1.33817E-1,-1.29232E-1,-8.10943E-2,1.15564E-2,9.65993E-2,1.41471E-1,7.13919E-2,-1.04267E-2,-2.78355E-2,-4.27449E-4,-2.47007E-3,-7.52123E-3,-9.82051E-3,-1.01710E-4,2.57428E-3,5.37285E-3,-5.10152E-4,2.41206E-4,-8.50650E-3,-1.16702E-2,-1.13358E-2,-5.58121E-3,-5.62102E-3,-1.47587E-2,-6.18838E-3,-1.17381E-2,-1.88356E-3,-3.40325E-3,-2.35492E-3,-1.74258E-2,-3.37155E-3,-3.20003E-3,-9.71585E-3,-5.50236E-3,-1.30487E-2,-1.45384E-2,-1.31180E-2,-1.04053E-2,-9.45184E-3,-1.81213E-2,-6.86527E-3,-9.44357E-3,-2.69901E-3,-2.11375E-2,-8.71003E-3,-8.86730E-3,-6.97843E-3,2.28362E-3,-7.67099E-3,-3.53593E-4,-1.44040E-4,-6.55201E-3,-2.52742E-3,-8.04053E-3,-2.34774E-3,-8.56751E-3,1.41441E-4,-7.13297E-3,-6.39211E-3,-1.49387E-2,-9.18741E-3,8.46201E-4
1.02553E+3,NaN,NaN,NaN,NaN,NaN,NaN,NaN,NaN,NaN,NaN,NaN,NaN,NaN,NaN,NaN,NaN,NaN,NaN,NaN,NaN,NaN,NaN,NaN,NaN,NaN,NaN,NaN,NaN,-6.29250E-4,-1.32377E-3,-2.01830E-3,-2.45312E-3,-2.59923E-3,-2.74533E-3,-2.38231E-3,-1.70244E-3,-1.02257E-3,-3.41465E-4,3.40037E-4,1.02154E-3,2.10802E-3,3.23844E-3,4.26639E-3,3.11821E-3,1.97004E-3,1.22512E-3,2.22389E-3,3.22267E-3,3.43063E-3,2.03798E-3,6.45329E-4,1.34610E-3,4.37422E-3,7.40234E-3,6.26601E-3,2.53803E-3,-1.18995E-3,3.51256E-3,5.90928E-3,5.39170E-3,2.31482E-3,-1.03857E-2,-3.97248E-2,-7.38495E-2,-1.26629E-1,-1.71888E-1,-1.73906E-1,-1.49409E-1,-1.13258E-1,-1.07187E-1,-1.07135E-1,-1.17280E-1,-1.22598E-1,-1.32111E-1,-1.38068E-1,-1.38582E-1,-1.23639E-1,-6.03839E-2,2.51240E-2,1.03945E-1,1.22109E-1,5.98221E-2,-1.12657E-3,-3.05708E-3,4.69073E-3,4.52246E-3,5.18938E-3,5.43879E-3,3.51653E-3,6.13262E-3,5.77906E-3,-1.10613E-4,3.39513E-4,-2.97939E-3,-5.86550E-3,2.50381E-3,-3.20982E-3,-9.32251E-5,-6.91145E-3,-7.35480E-3,-1.60795E-2,-9.72368E-4,-5.85958E-3,-8.01539E-3,-1.56800E-2,-1.01705E-2,-7.88153E-3,-6.67052E-3,-8.97238E-3,-7.06643E-3,-7.51408E-3,-9.42422E-3,-8.66134E-3,-6.23173E-3,-8.31107E-3,-8.44758E-3,-8.78104E-3,-7.25493E-3,-4.92007E-3,-5.81932E-3,-3.01099E-3,-7.03082E-3,-3.42906E-3,-8.95232E-4,2.17477E-3,-2.73186E-3,-4.80904E-3,-4.94461E-3,-8.94612E-4,1.62837E-3,-6.02432E-3,-4.73549E-3,-1.34384E-2,-3.89985E-3,-1.18998E-3,-1.10918E-3,-6.71850E-3
1.02896E+3,NaN,NaN,NaN,NaN,NaN,NaN,NaN,NaN,NaN,NaN,NaN,NaN,NaN,NaN,NaN,NaN,NaN,NaN,NaN,NaN,NaN,NaN,NaN,NaN,NaN,NaN,NaN,NaN,-8.95430E-4,-1.75231E-4,5.11908E-4,-7.02319E-5,-6.52372E-4,-1.28827E-3,-2.18997E-3,-3.09167E-3,-3.09119E-3,-1.09293E-3,9.05340E-4,1.78608E-3,1.32260E-3,8.59118E-4,1.19713E-3,2.07660E-3,2.95608E-3,2.92974E-3,2.58461E-3,2.23947E-3,4.72057E-4,-1.48468E-3,-3.30024E-3,3.04196E-4,3.90863E-3,6.45456E-3,3.76742E-3,1.08027E-3,-2.66941E-4,6.01264E-4,2.58272E-3,6.06991E-3,4.90440E-4,-7.49110E-3,-3.15076E-2,-7.15909E-2,-1.24178E-1,-1.65616E-1,-1.70273E-1,-1.44535E-1,-1.14320E-1,-1.03218E-1,-1.05768E-1,-1.14777E-1,-1.22168E-1,-1.26896E-1,-1.33829E-1,-1.40303E-1,-1.23005E-1,-5.60228E-2,3.33294E-2,1.14202E-1,1.12200E-1,4.77484E-2,-1.96913E-3,-5.10743E-3,5.65981E-3,5.29996E-3,3.73861E-3,1.55692E-3,2.83426E-3,1.84542E-3,1.00542E-3,-1.08280E-3,9.70368E-4,-2.92288E-3,-9.11548E-5,-4.83695E-4,-5.07539E-3,-7.02807E-3,-3.29419E-3,-4.15690E-3,-1.11964E-2,-3.67060E-3,-6.27960E-3,-9.47086E-4,-3.58180E-3,-6.88390E-3,-6.95144E-3,-6.70559E-3,-4.84489E-3,-4.92990E-3,-5.77959E-3,-6.69374E-3,-1.02526E-2,-8.71729E-3,-6.75520E-3,-8.27082E-3,-6.21042E-3,-4.30436E-3,-4.69102E-3,-6.78553E-3,-4.16382E-3,-8.42489E-3,-3.68463E-3,-2.81413E-3,-3.47461E-3,-1.44550E-3,-3.77275E-3,-2.12238E-4,-2.51087E-3,-2.45698E-3,-7.96203E-3,-7.47034E-3,-1.04112E-2,-5.64526E-3,-4.22419E-3,-7.56424E-3,-3.19098E-3
1.03239E+3,NaN,NaN,NaN,NaN,NaN,NaN,NaN,NaN,NaN,NaN,NaN,NaN,NaN,NaN,NaN,NaN,NaN,NaN,NaN,NaN,NaN,NaN,NaN,NaN,NaN,NaN,NaN,-6.32380E-4,2.00673E-4,1.03373E-3,7.91816E-4,-2.58384E-4,-1.30858E-3,-1.66894E-3,-1.75252E-3,-1.83609E-3,-1.01121E-3,-3.41551E-5,9.42904E-4,1.65414E-3,2.36522E-3,2.78405E-3,1.44046E-3,9.68707E-5,-8.10296E-4,-6.23042E-4,-4.35789E-4,1.12314E-4,1.14278E-3,2.17325E-3,2.27127E-3,1.66817E-3,1.06507E-3,2.01052E-4,-7.67651E-4,-1.73635E-3,-1.11332E-3,-2.10378E-3,1.62442E-3,2.84475E-3,4.13467E-3,-4.81062E-3,-3.10751E-2,-7.65894E-2,-1.37910E-1,-1.78045E-1,-1.84450E-1,-1.53931E-1,-1.26827E-1,-1.14784E-1,-1.23567E-1,-1.31361E-1,-1.38446E-1,-1.44055E-1,-1.51687E-1,-1.61143E-1,-1.23679E-1,-5.33712E-2,5.99081E-2,1.28484E-1,1.10769E-1,4.07026E-2,-9.18594E-3,-1.61792E-3,3.93702E-3,2.56438E-3,2.03601E-3,-2.60162E-3,3.33553E-4,-2.05007E-4,1.15620E-3,-1.22822E-3,-2.93585E-3,-2.90843E-3,-1.58987E-3,-2.20713E-3,-6.37196E-3,-6.54057E-3,-5.94033E-3,-7.37913E-3,-1.11629E-2,-8.38913E-3,-6.17297E-3,-6.52483E-3,-9.04955E-3,-7.68643E-3,-8.48247E-3,-8.53563E-3,-6.48097E-3,-7.52103E-3,-9.49594E-3,-1.07906E-2,-9.13093E-3,-7.99796E-3,-7.78544E-3,-7.40898E-3,-9.60184E-3,-8.74924E-3,-7.30957E-3,-8.96581E-3,-5.04665E-3,-1.06038E-2,-7.00084E-3,-6.29270E-3,-5.05244E-3,-6.30417E-3,-1.07589E-2,-8.67401E-3,-5.68360E-3,-9.34680E-3,-9.33674E-3,-7.42105E-3,-8.09752E-3,-6.87520E-3,-7.14763E-3,-5.19857E-3,-3.31779E-3
1.03583E+3,NaN,NaN,NaN,NaN,NaN,NaN,NaN,NaN,NaN,NaN,NaN,NaN,NaN,NaN,NaN,NaN,NaN,NaN,NaN,NaN,NaN,NaN,NaN,NaN,NaN,NaN,NaN,-7.23939E-4,-9.41848E-4,-1.01401E-3,9.43023E-5,1.20262E-3,1.79289E-3,8.51624E-4,-8.96469E-5,-6.23378E-4,-5.34490E-4,-4.45601E-4,2.39987E-7,7.52036E-4,1.50383E-3,1.07441E-3,9.24874E-5,-8.89432E-4,-4.75816E-4,2.35505E-4,9.46826E-4,6.93133E-4,4.06548E-4,1.79386E-4,4.33532E-4,6.87679E-4,8.85918E-4,9.18869E-4,9.51820E-4,1.36924E-4,5.17946E-6,1.78843E-3,1.78978E-3,2.79028E-3,3.90111E-3,-3.74707E-3,-2.71860E-2,-6.94922E-2,-1.22262E-1,-1.58191E-1,-1.64612E-1,-1.45201E-1,-1.18580E-1,-1.08147E-1,-1.14784E-1,-1.21074E-1,-1.28522E-1,-1.32096E-1,-1.40501E-1,-1.38751E-1,-1.03968E-1,-2.89440E-2,6.58303E-2,1.15362E-1,9.56246E-2,3.26143E-2,-2.18357E-3,5.27054E-3,7.75005E-3,5.06415E-3,4.28747E-3,3.16785E-3,1.75702E-3,1.67692E-3,1.72145E-3,1.64934E-3,1.75021E-3,5.74313E-4,-7.31175E-4,-2.30902E-3,-2.80370E-3,-4.20862E-3,-5.02649E-3,-5.09535E-3,-6.22719E-3,-5.76752E-3,-6.79041E-3,-6.03754E-3,-8.82883E-3,-7.59899E-3,-7.68094E-3,-7.38118E-3,-6.01120E-3,-7.11378E-3,-1.00459E-2,-8.79634E-3,-8.12054E-3,-8.67959E-3,-8.09058E-3,-6.79256E-3,-5.92120E-3,-6.70274E-3,-8.70951E-3,-6.69823E-3,-5.36775E-3,-6.17474E-3,-5.09725E-3,-7.34301E-3,-6.91425E-3,-8.13384E-3,-6.20679E-3,-4.72583E-3,-5.24926E-3,-5.23575E-3,-6.21832E-3,-8.13873E-3,-7.59660E-3,-6.90687E-3,-7.17387E-3,-6.12953E-3,-4.45157E-3
1.03926E+3,NaN,NaN,NaN,NaN,NaN,NaN,NaN,NaN,NaN,NaN,NaN,NaN,NaN,NaN,NaN,NaN,NaN,NaN,NaN,NaN,NaN,NaN,NaN,NaN,NaN,NaN,3.15224E-4,2.04140E-4,9.30558E-5,-1.60130E-4,-4.92292E-4,-8.24454E-4,-1.01752E-3,-1.17264E-3,-1.32775E-3,-1.37466E-4,1.15646E-3,2.29981E-3,1.48313E-3,6.66444E-4,-2.00729E-5,-2.29048E-4,-4.38022E-4,-6.01088E-4,-6.81484E-4,-7.61881E-4,-2.48560E-4,8.58697E-4,1.96595E-3,1.96953E-3,1.35971E-3,7.49882E-4,7.20905E-4,8.50427E-4,9.79949E-4,7.09145E-4,4.14682E-5,1.86711E-3,2.18078E-3,4.94706E-3,5.73452E-3,-3.45814E-3,-2.47666E-2,-7.27473E-2,-1.20101E-1,-1.60530E-1,-1.68229E-1,-1.48105E-1,-1.21317E-1,-1.15263E-1,-1.17274E-1,-1.26063E-1,-1.27220E-1,-1.33491E-1,-1.45882E-1,-1.42271E-1,-1.04007E-1,-1.04654E-2,7.54520E-2,1.21491E-1,8.62121E-2,1.21121E-2,-1.90446E-3,9.26210E-3,6.00435E-3,6.29722E-3,2.21519E-3,3.75711E-3,3.22180E-3,2.63312E-3,2.19068E-3,1.29728E-3,-5.03326E-4,9.85779E-4,2.39491E-3,-1.93205E-3,-2.15261E-3,-2.82132E-3,-6.82360E-3,-6.69591E-3,-5.77349E-3,-6.20356E-3,-4.56747E-3,-7.70196E-3,-7.78166E-3,-6.22724E-3,-6.39071E-3,-6.57553E-3,-5.18867E-3,-6.47455E-3,-7.23927E-3,-6.56197E-3,-7.62867E-3,-7.15137E-3,-7.78071E-3,-7.76110E-3,-5.82089E-3,-6.16391E-3,-6.19362E-3,-4.58442E-3,-2.84682E-3,-4.26332E-3,-5.27278E-3,-6.15869E-3,-5.91644E-3,-6.10096E-3,-6.00110E-3,-5.68530E-3,-6.77288E-3,-5.38095E-3,-6.81663E-3,-8.10157E-3,-6.61513E-3,-6.23661E-3,-5.05377E-3,-5.18841E-3,-5.05200E-3
1.04269E+3,NaN,NaN,NaN,NaN,NaN,NaN,NaN,NaN,NaN,NaN,NaN,NaN,NaN,NaN,NaN,NaN,NaN,NaN,NaN,NaN,NaN,NaN,NaN,NaN,NaN,-1.06995E-3,-7.03194E-4,-3.36437E-4,-6.40428E-6,1.43701E-4,2.93807E-4,3.07536E-4,2.10538E-5,-2.65428E-4,-2.39181E-4,1.61312E-4,5.61805E-4,4.44388E-4,-2.10680E-5,-4.86524E-4,-1.85049E-4,3.84572E-4,9.54192E-4,4.71772E-4,-1.48972E-4,-7.42980E-4,-3.60718E-4,2.15443E-5,4.11773E-4,8.41029E-4,1.27029E-3,1.21980E-3,1.13224E-4,-9.93349E-4,-1.30224E-3,-5.82063E-4,8.79640E-5,1.06034E-4,6.31485E-4,3.26980E-3,4.57841E-3,-2.28894E-3,-2.69720E-2,-7.07670E-2,-1.21761E-1,-1.62412E-1,-1.72594E-1,-1.54990E-1,-1.34315E-1,-1.24257E-1,-1.24500E-1,-1.30847E-1,-1.36669E-1,-1.45390E-1,-1.54202E-1,-1.44030E-1,-9.01811E-2,-2.90769E-3,7.67027E-2,1.08556E-1,6.76253E-2,1.12554E-2,1.14548E-3,9.02009E-3,6.81603E-3,4.30771E-3,3.78723E-3,3.96491E-3,3.20716E-3,2.07912E-3,9.11845E-4,1.57370E-3,1.87139E-3,4.89368E-4,-2.50042E-4,-5.59174E-4,-1.48427E-3,-3.93165E-3,-4.64963E-3,-5.04397E-3,-6.39346E-3,-7.59363E-3,-5.96714E-3,-6.13773E-3,-9.11494E-3,-6.05577E-3,-7.20242E-3,-6.19301E-3,-6.06760E-3,-6.65153E-3,-7.56713E-3,-7.36657E-3,-7.07138E-3,-6.79245E-3,-6.94278E-3,-6.54682E-3,-7.59592E-3,-6.85742E-3,-7.48539E-3,-5.73348E-3,-3.84475E-3,-6.41940E-3,-5.74899E-3,-6.32950E-3,-6.54212E-3,-5.16632E-3,-5.23412E-3,-6.24956E-3,-5.28704E-3,-5.54891E-3,-6.16058E-3,-7.49226E-3,-6.04346E-3,-6.31505E-3,-6.76663E-3,-6.20198E-3,-5.38652E-3
1.04613E+3,NaN,NaN,NaN,NaN,NaN,NaN,NaN,NaN,NaN,NaN,NaN,NaN,NaN,NaN,NaN,NaN,NaN,NaN,NaN,NaN,NaN,NaN,NaN,NaN,NaN,5.35657E-4,1.65911E-4,-2.03835E-4,-1.19205E-4,1.69343E-4,4.57891E-4,2.12515E-4,-1.39833E-4,-4.92181E-4,-1.30621E-4,2.48533E-4,5.36246E-4,1.45715E-4,-2.44815E-4,-5.27793E-4,-5.07282E-4,-4.86771E-4,-4.68587E-4,-4.53827E-4,-4.39068E-4,-3.32914E-4,-1.51186E-4,3.05423E-5,-2.24140E-4,-6.74677E-4,-1.12521E-3,-1.37057E-3,-1.57482E-3,-1.77907E-3,-8.99532E-4,-1.35677E-3,-8.90421E-5,-1.30239E-3,-1.08873E-3,3.26587E-3,6.37596E-3,1.50112E-3,-2.47910E-2,-7.00276E-2,-1.26114E-1,-1.70828E-1,-1.77925E-1,-1.59466E-1,-1.41088E-1,-1.31076E-1,-1.34742E-1,-1.38736E-1,-1.42657E-1,-1.53486E-1,-1.67160E-1,-1.54185E-1,-8.74255E-2,2.99469E-3,8.98897E-2,1.10810E-1,5.15753E-2,-1.98890E-3,6.16884E-3,8.62586E-3,5.67296E-3,3.70328E-3,3.18607E-3,3.79805E-3,3.27793E-3,2.74956E-3,8.49095E-4,1.45449E-3,1.94249E-3,-9.06810E-4,-1.51074E-3,1.39254E-4,-1.97457E-3,-5.40039E-3,-6.38242E-3,-6.43519E-3,-7.07169E-3,-8.02753E-3,-7.25361E-3,-7.59883E-3,-8.19192E-3,-7.53423E-3,-8.40178E-3,-7.91574E-3,-7.18696E-3,-7.89363E-3,-7.95614E-3,-6.81476E-3,-7.87702E-3,-8.67914E-3,-8.56510E-3,-7.84047E-3,-8.09316E-3,-7.71579E-3,-9.24601E-3,-7.37575E-3,-5.67247E-3,-7.05852E-3,-7.37559E-3,-7.58539E-3,-7.00143E-3,-5.82115E-3,-7.72010E-3,-8.33338E-3,-7.91105E-3,-8.58457E-3,-7.87384E-3,-7.19038E-3,-6.91434E-3,-7.41191E-3,-7.33427E-3,-7.61396E-3,-6.95767E-3
1.04956E+3,NaN,NaN,NaN,NaN,NaN,NaN,NaN,NaN,NaN,NaN,NaN,NaN,NaN,NaN,NaN,NaN,NaN,NaN,NaN,NaN,NaN,NaN,NaN,NaN,4.62935E-4,4.99238E-4,5.35541E-4,4.90202E-4,1.28292E-4,-2.33618E-4,-4.36950E-4,-3.43018E-4,-2.49085E-4,-1.22477E-4,3.80388E-5,1.98555E-4,1.72514E-4,3.85867E-5,-9.53409E-5,-2.23388E-4,-3.49742E-4,-4.76097E-4,-4.14324E-4,-3.36039E-4,-2.65215E-4,-3.06974E-4,-3.48732E-4,-3.46025E-4,-1.70901E-4,4.22381E-6,-1.08052E-4,-7.59081E-4,-1.41011E-3,-9.71090E-4,-5.60669E-4,-8.83177E-4,-9.85785E-4,-6.31354E-4,9.36493E-4,4.72355E-3,8.80714E-3,3.15106E-3,-2.12571E-2,-6.65541E-2,-1.21429E-1,-1.62226E-1,-1.73614E-1,-1.61991E-1,-1.44643E-1,-1.35630E-1,-1.36932E-1,-1.41106E-1,-1.47023E-1,-1.59720E-1,-1.68136E-1,-1.46267E-1,-8.37683E-2,7.04360E-3,8.18746E-2,9.15179E-2,4.14084E-2,4.27937E-3,6.44250E-3,7.76982E-3,6.00042E-3,5.76581E-3,4.50437E-3,4.92966E-3,3.79460E-3,1.62637E-3,1.46006E-3,2.19602E-3,1.70809E-3,1.21286E-3,3.24356E-4,-5.73156E-4,-1.92754E-3,-4.86527E-3,-6.12944E-3,-6.10451E-3,-6.53192E-3,-7.19662E-3,-6.95509E-3,-6.46772E-3,-8.67964E-3,-6.81568E-3,-7.05460E-3,-6.84478E-3,-7.30615E-3,-6.37492E-3,-5.99742E-3,-6.88377E-3,-7.01037E-3,-7.59438E-3,-7.56666E-3,-7.42161E-3,-7.09571E-3,-7.70993E-3,-8.17768E-3,-6.55691E-3,-4.26257E-3,-6.30227E-3,-6.47995E-3,-6.01061E-3,-6.67921E-3,-6.08013E-3,-7.40103E-3,-6.93855E-3,-7.38330E-3,-7.48334E-3,-6.60313E-3,-6.77577E-3,-6.41000E-3,-6.99408E-3,-6.53632E-3,-5.27773E-3,-6.16035E-3
1.05300E+3,NaN,NaN,NaN,NaN,NaN,NaN,NaN,NaN,NaN,NaN,NaN,NaN,NaN,NaN,NaN,NaN,NaN,NaN,NaN,NaN,NaN,NaN,NaN,NaN,-1.25368E-4,-1.13322E-4,-1.01277E-4,-7.20988E-5,-3.60571E-5,-1.53821E-8,-7.12236E-7,-7.54804E-6,-1.43838E-5,-9.60311E-5,-1.77702E-4,-1.97408E-4,1.55641E-4,5.08691E-4,6.57605E-4,2.95386E-4,-6.68323E-5,-9.39799E-5,3.26212E-4,7.46404E-4,7.90790E-4,5.52956E-4,3.15121E-4,1.43587E-4,-1.38587E-6,-1.46359E-4,-4.88651E-4,-8.63915E-4,-1.23918E-3,-9.85750E-4,-1.29233E-3,-5.04677E-4,-1.41871E-4,-2.69012E-4,1.46736E-3,6.12578E-3,1.23338E-2,1.01656E-2,-1.13760E-2,-6.03479E-2,-1.18529E-1,-1.60536E-1,-1.72685E-1,-1.59601E-1,-1.41046E-1,-1.31192E-1,-1.33777E-1,-1.39859E-1,-1.46196E-1,-1.62708E-1,-1.71601E-1,-1.46696E-1,-7.94304E-2,1.72436E-2,9.06199E-2,9.18296E-2,2.16324E-2,-1.01831E-3,9.07165E-3,6.84513E-3,8.34380E-3,5.38970E-3,6.17424E-3,4.73941E-3,4.01955E-3,3.68254E-3,3.30515E-3,2.36249E-3,1.53280E-3,1.87657E-3,5.23218E-4,1.43560E-4,-1.59621E-3,-4.36511E-3,-5.29788E-3,-6.12610E-3,-6.90862E-3,-6.89657E-3,-6.46140E-3,-7.05330E-3,-7.21639E-3,-6.24118E-3,-6.35035E-3,-7.44461E-3,-6.21183E-3,-6.50836E-3,-6.26093E-3,-6.39156E-3,-6.87821E-3,-6.90300E-3,-7.66201E-3,-6.84024E-3,-6.41858E-3,-6.84430E-3,-7.23002E-3,-5.98899E-3,-3.34438E-3,-5.90981E-3,-5.68760E-3,-6.09058E-3,-6.69004E-3,-6.51186E-3,-5.78146E-3,-6.34651E-3,-6.68756E-3,-5.94080E-3,-5.53988E-3,-6.13104E-3,-4.75450E-3,-5.95615E-3,-6.32984E-3,-6.30385E-3,-5.63979E-3
1.05643E+3,NaN,NaN,NaN,NaN,NaN,NaN,NaN,NaN,NaN,NaN,NaN,NaN,NaN,NaN,NaN,NaN,NaN,NaN,NaN,NaN,NaN,NaN,NaN,4.65600E-4,3.90576E-4,3.15552E-4,2.71375E-4,3.38393E-4,4.05411E-4,3.86721E-4,2.15681E-4,4.46408E-5,1.05222E-5,1.11755E-4,2.12988E-4,-7.51181E-6,-4.04517E-4,-8.01523E-4,-7.78873E-4,-6.43723E-4,-5.08574E-4,-1.45590E-4,2.34161E-4,5.76263E-4,4.49390E-4,3.22517E-4,2.15698E-4,1.81173E-4,1.46647E-4,-5.24744E-5,-5.44179E-4,-1.03588E-3,-1.22974E-3,-1.61699E-3,-1.92982E-3,-1.23073E-3,-9.28539E-4,-1.22548E-3,9.62231E-4,6.54838E-3,1.32606E-2,1.08574E-2,-1.31879E-2,-5.93231E-2,-1.13471E-1,-1.55886E-1,-1.70437E-1,-1.59937E-1,-1.43271E-1,-1.34598E-1,-1.36977E-1,-1.42991E-1,-1.53305E-1,-1.67664E-1,-1.70107E-1,-1.40204E-1,-6.96265E-2,1.91827E-2,8.18215E-2,7.02906E-2,1.79669E-2,1.39920E-3,8.52318E-3,8.72328E-3,7.23252E-3,6.37595E-3,5.69554E-3,4.92916E-3,3.90036E-3,3.93263E-3,3.72574E-3,3.09602E-3,2.60213E-3,2.15159E-3,1.26299E-3,6.46586E-4,-1.52720E-3,-4.02725E-3,-4.86575E-3,-6.04419E-3,-6.60161E-3,-5.73519E-3,-5.60771E-3,-6.32062E-3,-6.80066E-3,-6.91154E-3,-6.72139E-3,-6.76620E-3,-6.45429E-3,-6.15402E-3,-6.25532E-3,-6.55252E-3,-6.60821E-3,-7.06022E-3,-7.32821E-3,-5.90400E-3,-6.72757E-3,-7.64214E-3,-6.87139E-3,-5.53654E-3,-3.82754E-3,-5.69594E-3,-5.87638E-3,-5.73558E-3,-5.92509E-3,-5.01735E-3,-5.40128E-3,-5.82460E-3,-6.00164E-3,-5.74846E-3,-4.83242E-3,-5.64424E-3,-5.36207E-3,-5.93120E-3,-5.59851E-3,-5.74848E-3,-5.39074E-3
1.05987E+3,NaN,NaN,NaN,NaN,NaN,NaN,NaN,NaN,NaN,NaN,NaN,NaN,NaN,NaN,NaN,NaN,NaN,NaN,NaN,NaN,NaN,NaN,NaN,1.54066E-4,-2.63741E-5,-2.06814E-4,-1.96748E-4,-1.10638E-4,-2.45276E-5,-2.01075E-4,-4.21247E-4,-6.41150E-4,-2.27053E-4,1.87044E-4,5.11801E-4,3.02376E-4,9.29511E-5,-3.39237E-5,4.51482E-5,1.24220E-4,1.16448E-4,-6.91443E-6,-1.30277E-4,-1.39577E-4,-6.34781E-5,1.26209E-5,4.20581E-5,5.28695E-5,6.36809E-5,-2.50616E-4,-6.18910E-4,-9.86836E-4,-4.87911E-4,-9.97123E-4,-9.52238E-4,-1.46476E-3,-8.36989E-4,-1.19158E-3,6.63036E-4,5.63494E-3,1.58245E-2,1.59386E-2,-8.09896E-3,-5.71750E-2,-1.15830E-1,-1.64455E-1,-1.74900E-1,-1.65300E-1,-1.44212E-1,-1.39853E-1,-1.42701E-1,-1.48720E-1,-1.60006E-1,-1.74409E-1,-1.82445E-1,-1.49084E-1,-6.91568E-2,2.57321E-2,9.39076E-2,5.83786E-2,-2.26529E-3,2.93508E-3,1.37128E-2,4.74104E-3,7.52781E-3,5.93828E-3,6.17318E-3,4.84805E-3,4.31659E-3,4.14590E-3,3.48842E-3,2.69137E-3,2.22392E-3,1.85941E-3,8.75119E-4,8.33677E-4,-2.07363E-3,-4.48890E-3,-5.46529E-3,-5.93076E-3,-6.48630E-3,-7.14011E-3,-7.26863E-3,-7.72710E-3,-6.19119E-3,-6.19047E-3,-6.22520E-3,-6.39665E-3,-5.96371E-3,-6.18422E-3,-6.56667E-3,-6.58795E-3,-6.55106E-3,-6.99818E-3,-7.47189E-3,-7.40246E-3,-5.62843E-3,-7.27486E-3,-7.96134E-3,-5.56963E-3,-3.55750E-3,-5.91485E-3,-5.61142E-3,-6.15739E-3,-6.38503E-3,-5.36147E-3,-5.52039E-3,-5.98431E-3,-6.34398E-3,-6.29217E-3,-5.07846E-3,-6.08072E-3,-5.28878E-3,-6.27422E-3,-5.84753E-3,-5.27639E-3,-4.90760E-3
1.06330E+3,NaN,NaN,NaN,NaN,NaN,NaN,NaN,NaN,NaN,NaN,NaN,NaN,NaN,NaN,NaN,NaN,NaN,NaN,NaN,NaN,NaN,NaN,-1.22099E-4,-1.08568E-4,-9.50366E-5,-1.01222E-4,-1.83085E-4,-2.64949E-4,-2.94003E-4,-2.24782E-4,-1.55562E-4,1.40993E-5,2.87303E-4,5.60506E-4,5.83727E-4,4.63412E-4,3.43097E-4,1.40179E-4,-8.62956E-5,-3.12770E-4,-1.69818E-4,4.83652E-6,1.64063E-4,9.69882E-5,2.99132E-5,-1.56505E-5,2.13546E-5,5.83598E-5,6.94770E-5,3.24187E-5,-4.63955E-6,-2.73254E-4,-6.15355E-4,-1.00934E-3,-1.23484E-3,-1.15819E-3,-1.54861E-3,-1.65982E-3,-2.07988E-4,5.85188E-3,1.41019E-2,1.35104E-2,-7.70181E-3,-5.31245E-2,-1.12373E-1,-1.57059E-1,-1.71190E-1,-1.63058E-1,-1.48282E-1,-1.43086E-1,-1.46788E-1,-1.54027E-1,-1.64616E-1,-1.79698E-1,-1.80514E-1,-1.40452E-1,-6.07780E-2,3.19003E-2,7.50380E-2,3.95667E-2,1.93149E-3,6.62515E-3,9.91985E-3,5.70821E-3,7.30246E-3,7.34974E-3,6.40474E-3,5.19098E-3,4.86874E-3,4.35909E-3,3.96155E-3,3.73353E-3,3.23539E-3,2.77684E-3,1.89509E-3,9.95505E-4,-4.26475E-4,-3.08316E-3,-4.39741E-3,-5.10547E-3,-5.77337E-3,-5.95590E-3,-5.34307E-3,-6.30231E-3,-4.83116E-3,-5.16853E-3,-5.77064E-3,-5.86599E-3,-5.13373E-3,-5.49290E-3,-6.07130E-3,-6.24849E-3,-5.78609E-3,-6.65492E-3,-6.82078E-3,-6.38431E-3,-5.08946E-3,-6.39452E-3,-6.76023E-3,-4.75290E-3,-2.77175E-3,-5.00987E-3,-4.97762E-3,-4.95296E-3,-5.33765E-3,-4.79868E-3,-4.73792E-3,-5.32899E-3,-5.97474E-3,-5.65277E-3,-4.88820E-3,-4.80213E-3,-4.44333E-3,-5.31871E-3,-4.91033E-3,-4.63971E-3,-4.54495E-3
1.06674E+3,NaN,NaN,NaN,NaN,NaN,NaN,NaN,NaN,NaN,NaN,NaN,NaN,NaN,NaN,NaN,NaN,NaN,NaN,NaN,NaN,NaN,NaN,2.71158E-4,2.22307E-4,1.73456E-4,3.17200E-5,-1.51132E-4,-3.33984E-4,-3.92176E-4,-4.25917E-4,-4.59657E-4,-3.13107E-4,-1.62666E-4,-3.27158E-5,-5.05967E-5,-6.84775E-5,-2.96167E-5,1.66952E-4,3.63521E-4,4.46903E-4,3.65679E-4,2.84455E-4,2.60079E-4,2.82158E-4,3.04236E-4,2.28219E-4,1.08779E-4,-1.06617E-5,-2.78397E-4,-5.75220E-4,-8.72043E-4,-3.16914E-4,-3.30369E-4,-1.55417E-3,-8.82122E-4,-6.14352E-4,-1.10169E-3,-1.43755E-3,-8.09759E-4,5.27956E-3,1.49933E-2,1.90728E-2,-1.46683E-3,-4.76384E-2,-1.09636E-1,-1.50794E-1,-1.68023E-1,-1.58161E-1,-1.41885E-1,-1.37559E-1,-1.42239E-1,-1.50726E-1,-1.60852E-1,-1.81326E-1,-1.82925E-1,-1.37403E-1,-5.16792E-2,5.41862E-2,8.48881E-2,2.02883E-2,-2.12060E-3,1.23312E-2,7.15142E-3,5.56214E-3,8.75186E-3,7.00136E-3,6.20146E-3,5.68206E-3,5.51146E-3,4.41252E-3,4.59063E-3,4.20109E-3,3.04442E-3,1.84636E-3,1.89663E-3,1.21071E-3,-8.36333E-4,-3.41064E-3,-4.80732E-3,-5.00332E-3,-5.80164E-3,-5.87996E-3,-4.58857E-3,-6.12625E-3,-4.78772E-3,-5.16925E-3,-5.87878E-3,-5.67195E-3,-4.92563E-3,-5.43467E-3,-5.55830E-3,-5.74825E-3,-5.63561E-3,-6.72882E-3,-6.19112E-3,-5.68749E-3,-5.18351E-3,-5.90822E-3,-5.90562E-3,-4.39708E-3,-2.86659E-3,-4.80789E-3,-5.07471E-3,-5.10925E-3,-5.35801E-3,-4.55955E-3,-5.25311E-3,-5.53803E-3,-5.68004E-3,-5.41184E-3,-4.16659E-3,-4.42949E-3,-4.12201E-3,-4.74043E-3,-5.05543E-3,-4.59800E-3,-4.68916E-3
1.07018E+3,NaN,NaN,NaN,NaN,NaN,NaN,NaN,NaN,NaN,NaN,NaN,NaN,NaN,NaN,NaN,NaN,NaN,NaN,NaN,NaN,NaN,1.59074E-4,2.96756E-4,4.34438E-4,4.80322E-4,9.11657E-5,-2.97990E-4,-4.88587E-4,-2.51576E-4,-1.45655E-5,2.19422E-4,4.49861E-4,6.80299E-4,4.59401E-4,-5.88728E-5,-5.77147E-4,-6.06254E-4,-4.68522E-4,-3.30789E-4,-2.52222E-4,-1.81076E-4,-1.17106E-4,-2.74561E-4,-4.32015E-4,-5.28266E-4,-3.34473E-4,-1.40679E-4,-9.31674E-5,-3.60680E-4,-6.28192E-4,-8.46484E-4,-5.87405E-4,-5.87641E-4,-1.27198E-3,-1.74395E-3,-1.91885E-3,-1.92565E-3,-2.12670E-3,-1.00449E-3,5.03677E-3,1.53934E-2,1.77502E-2,-2.22908E-3,-5.04539E-2,-1.05832E-1,-1.45376E-1,-1.63091E-1,-1.57573E-1,-1.47459E-1,-1.42779E-1,-1.46479E-1,-1.54484E-1,-1.67310E-1,-1.84183E-1,-1.79964E-1,-1.31053E-1,-3.57165E-2,5.45952E-2,6.45188E-2,2.17591E-2,3.03142E-3,9.16779E-3,9.71238E-3,7.25463E-3,9.08704E-3,6.97994E-3,6.35707E-3,6.02331E-3,5.74818E-3,4.72807E-3,3.92491E-3,3.55077E-3,2.68551E-3,2.06129E-3,2.03546E-3,1.59282E-3,-1.56508E-3,-3.58637E-3,-4.70509E-3,-4.52309E-3,-5.99027E-3,-5.44146E-3,-5.17828E-3,-6.08976E-3,-4.91642E-3,-5.23862E-3,-6.25434E-3,-5.72704E-3,-5.37947E-3,-5.56731E-3,-5.09559E-3,-5.48165E-3,-5.54734E-3,-6.61785E-3,-6.05432E-3,-6.85498E-3,-5.75069E-3,-6.41242E-3,-5.90188E-3,-4.31438E-3,-2.78006E-3,-4.97019E-3,-4.21046E-3,-4.68500E-3,-5.39574E-3,-4.93611E-3,-4.80703E-3,-4.78661E-3,-5.31567E-3,-5.85608E-3,-3.69491E-3,-4.31054E-3,-3.99678E-3,-5.19728E-3,-5.05189E-3,-5.02737E-3,-4.23954E-3
1.07362E+3,NaN,NaN,NaN,NaN,NaN,NaN,NaN,NaN,NaN,NaN,NaN,NaN,NaN,NaN,NaN,NaN,NaN,NaN,NaN,NaN,NaN,-2.21141E-4,-1.21247E-4,-2.13524E-5,-1.24237E-4,-3.36306E-4,-5.48375E-4,-3.90347E-4,-1.35630E-4,1.19087E-4,1.81355E-4,2.30402E-4,2.68335E-4,1.75929E-4,8.35227E-5,4.38415E-5,1.89540E-4,3.35239E-4,4.35943E-4,4.58130E-4,4.80317E-4,3.74130E-4,1.43189E-4,-8.77521E-5,-1.91933E-4,-2.27861E-4,-2.63790E-4,-3.10021E-4,-3.58945E-4,-4.07868E-4,-8.81044E-4,4.03198E-4,-1.33011E-3,-1.13041E-3,-1.27638E-3,-1.01643E-3,-1.37215E-3,-2.64745E-3,-2.32005E-3,3.60025E-3,1.79113E-2,2.42353E-2,4.30114E-3,-4.73488E-2,-9.78473E-2,-1.45501E-1,-1.67019E-1,-1.57012E-1,-1.43582E-1,-1.40480E-1,-1.48357E-1,-1.55210E-1,-1.68836E-1,-1.90904E-1,-1.86070E-1,-1.25958E-1,-1.41400E-2,7.61515E-2,6.52418E-2,1.94085E-2,-4.00122E-3,1.97060E-2,8.99438E-3,7.74385E-3,6.96475E-3,7.26555E-3,6.23953E-3,6.45151E-3,5.73824E-3,5.29393E-3,4.95027E-3,3.88161E-3,2.21527E-3,2.59115E-3,1.70757E-3,1.97804E-3,-1.73329E-3,-2.89949E-3,-4.37787E-3,-3.39796E-3,-4.74400E-3,-4.71206E-3,-5.11801E-3,-5.63287E-3,-4.94456E-3,-4.70401E-3,-5.67068E-3,-4.11576E-3,-4.44580E-3,-5.65977E-3,-5.29557E-3,-5.57922E-3,-4.48145E-3,-5.52512E-3,-6.06619E-3,-5.94966E-3,-4.99384E-3,-5.41911E-3,-5.81995E-3,-4.31548E-3,-2.37784E-3,-4.82457E-3,-4.29265E-3,-4.35256E-3,-4.85817E-3,-4.76431E-3,-4.90167E-3,-4.93665E-3,-4.81049E-3,-5.13571E-3,-3.96267E-3,-4.00970E-3,-3.89536E-3,-4.50083E-3,-3.79549E-3,-3.88893E-3,-4.04940E-3
1.07706E+3,NaN,NaN,NaN,NaN,NaN,NaN,NaN,NaN,NaN,NaN,NaN,NaN,NaN,NaN,NaN,NaN,NaN,NaN,NaN,NaN,NaN,-2.22684E-4,-3.63576E-4,-4.74317E-4,-3.65069E-4,-2.55820E-4,-1.16068E-4,1.08993E-4,3.34055E-4,3.60028E-4,9.50205E-5,-1.69987E-4,-2.05842E-4,-5.35247E-5,9.87921E-5,2.13073E-4,3.10422E-4,4.07771E-4,3.98425E-4,3.67966E-4,3.37508E-4,2.58158E-4,1.77692E-4,1.08288E-4,1.19604E-4,1.30920E-4,1.62996E-4,2.53134E-4,3.43272E-4,-2.48874E-5,-4.59849E-4,-3.48980E-4,-7.22309E-4,-1.04467E-3,-1.54205E-3,-1.89548E-3,-1.79139E-3,-2.45150E-3,-1.41574E-3,6.15388E-3,1.83443E-2,2.32724E-2,2.67167E-3,-4.24046E-2,-9.42553E-2,-1.42788E-1,-1.64532E-1,-1.58565E-1,-1.45460E-1,-1.41161E-1,-1.47265E-1,-1.55052E-1,-1.70502E-1,-1.89998E-1,-1.77532E-1,-1.06188E-1,3.34350E-3,7.71503E-2,6.82165E-2,1.75180E-2,9.28411E-4,1.92050E-2,1.10731E-2,7.29126E-3,8.93083E-3,7.10895E-3,6.79891E-3,6.44003E-3,5.49934E-3,5.13798E-3,5.12501E-3,4.31698E-3,2.98942E-3,2.14204E-3,1.83527E-3,1.02797E-3,-1.31213E-3,-2.74188E-3,-3.36449E-3,-4.56063E-3,-3.93832E-3,-4.26522E-3,-5.03195E-3,-5.16199E-3,-4.79611E-3,-4.74665E-3,-5.64240E-3,-4.31937E-3,-5.53891E-3,-5.00130E-3,-4.95039E-3,-5.10037E-3,-4.76080E-3,-6.19589E-3,-5.97645E-3,-5.46460E-3,-4.80682E-3,-5.47918E-3,-5.02854E-3,-3.44786E-3,-1.79283E-3,-4.31595E-3,-4.31509E-3,-4.02095E-3,-4.47723E-3,-3.94225E-3,-3.72667E-3,-4.56538E-3,-4.95468E-3,-4.15007E-3,-3.66343E-3,-4.12804E-3,-3.71995E-3,-4.03816E-3,-4.13184E-3,-3.74995E-3,-3.69473E-3
1.08050E+3,NaN,NaN,NaN,NaN,NaN,NaN,NaN,NaN,NaN,NaN,NaN,NaN,NaN,NaN,NaN,NaN,NaN,NaN,NaN,NaN,6.60082E-5,-1.62117E-4,-3.90242E-4,-4.05200E-4,-2.69493E-4,-1.33785E-4,-8.49092E-6,1.12927E-4,2.34346E-4,3.39193E-4,4.41599E-4,5.39096E-4,3.02137E-4,6.51790E-5,-1.40494E-4,-1.78591E-4,-2.16688E-4,-1.76155E-4,4.76897E-5,2.71535E-4,3.57769E-4,2.71005E-4,1.84242E-4,-2.07465E-5,-3.09296E-4,-5.97844E-4,-5.38856E-4,-3.50510E-4,-1.62164E-4,-1.41725E-4,-2.49848E-4,7.40516E-4,1.92159E-5,-1.41492E-3,-1.21297E-3,-1.89510E-3,-1.33630E-3,-2.75250E-3,-2.15215E-3,5.29001E-3,1.97675E-2,2.74369E-2,5.58798E-3,-3.68006E-2,-9.59865E-2,-1.55259E-1,-1.74026E-1,-1.63695E-1,-1.48870E-1,-1.45193E-1,-1.51753E-1,-1.58711E-1,-1.79210E-1,-2.03432E-1,-1.81311E-1,-9.20684E-2,2.97612E-2,9.98133E-2,7.44314E-2,8.55250E-4,9.73886E-3,1.84298E-2,6.84564E-3,9.78899E-3,7.41224E-3,6.85551E-3,6.85879E-3,5.96600E-3,5.06050E-3,5.11279E-3,4.02957E-3,3.14808E-3,2.70780E-3,2.06610E-3,2.04888E-3,1.33013E-3,-1.80962E-3,-2.45251E-3,-3.24954E-3,-4.48809E-3,-3.74949E-3,-4.09464E-3,-4.14849E-3,-4.83536E-3,-5.07126E-3,-4.50726E-3,-4.62904E-3,-3.88345E-3,-4.54703E-3,-4.09147E-3,-4.73355E-3,-4.79606E-3,-4.71468E-3,-5.44143E-3,-5.18410E-3,-5.00593E-3,-4.69991E-3,-4.96112E-3,-4.81845E-3,-3.78345E-3,-1.99089E-3,-3.64318E-3,-4.06908E-3,-3.93009E-3,-4.00843E-3,-3.50032E-3,-3.46010E-3,-3.67654E-3,-3.83456E-3,-3.64601E-3,-2.86393E-3,-3.26229E-3,-3.26736E-3,-3.26227E-3,-3.29472E-3,-3.01131E-3,-3.12443E-3
1.08394E+3,NaN,NaN,NaN,NaN,NaN,NaN,NaN,NaN,NaN,NaN,NaN,NaN,NaN,NaN,NaN,NaN,NaN,NaN,NaN,NaN,2.10025E-4,-2.30566E-4,-6.43400E-4,-4.82845E-4,-3.22291E-4,-1.82664E-4,-1.32822E-4,-8.29801E-5,-3.92728E-5,-7.91511E-6,2.34426E-5,-5.96038E-5,-2.69226E-4,-4.78848E-4,-2.64453E-4,2.12479E-4,6.89410E-4,6.38274E-4,4.20799E-4,2.03325E-4,-1.45417E-5,-2.32450E-4,-4.40998E-4,-4.56164E-4,-4.71331E-4,-4.27778E-4,-1.32306E-4,1.63165E-4,4.69592E-4,5.76116E-4,7.16234E-5,-5.64335E-4,-8.23161E-4,-1.16869E-3,-1.70772E-3,-2.16096E-3,-2.07367E-3,-2.33505E-3,-1.58663E-3,5.10000E-3,1.89390E-2,2.55230E-2,7.81213E-3,-3.44962E-2,-9.94970E-2,-1.58283E-1,-1.79113E-1,-1.72228E-1,-1.55240E-1,-1.47634E-1,-1.52434E-1,-1.62875E-1,-1.85503E-1,-2.03081E-1,-1.69770E-1,-7.25988E-2,5.06688E-2,1.13857E-1,7.35498E-2,6.86999E-3,1.88427E-3,1.43120E-2,1.00782E-2,8.06006E-3,6.94287E-3,7.28235E-3,6.59890E-3,6.06534E-3,5.77051E-3,4.82644E-3,4.14392E-3,3.34963E-3,2.85454E-3,2.31103E-3,1.64463E-3,7.40632E-4,-1.35640E-3,-2.53298E-3,-3.85256E-3,-4.14577E-3,-4.49224E-3,-4.21184E-3,-4.57214E-3,-4.53999E-3,-4.55620E-3,-4.44492E-3,-4.63526E-3,-4.15717E-3,-4.20451E-3,-4.58061E-3,-4.66118E-3,-4.88749E-3,-4.36487E-3,-5.38361E-3,-5.33077E-3,-4.99669E-3,-3.72369E-3,-4.91128E-3,-5.23783E-3,-3.10384E-3,-1.56228E-3,-3.67548E-3,-3.66946E-3,-3.38308E-3,-3.66119E-3,-2.92622E-3,-3.09480E-3,-3.80547E-3,-3.63827E-3,-3.70338E-3,-3.02140E-3,-2.81839E-3,-2.68567E-3,-3.94794E-3,-3.67001E-3,-3.72204E-3,-3.77147E-3
1.08738E+3,NaN,NaN,NaN,NaN,NaN,NaN,NaN,NaN,NaN,NaN,NaN,NaN,NaN,NaN,NaN,NaN,NaN,NaN,NaN,-1.31504E-4,-2.18102E-4,-3.04700E-4,-2.95737E-4,-1.91765E-4,-8.77928E-5,3.27146E-5,1.62351E-4,2.91986E-4,1.85171E-4,1.44237E-5,-1.56324E-4,3.78228E-5,2.59426E-4,4.50036E-4,2.46361E-4,4.26856E-5,-3.21242E-5,3.61533E-4,7.55191E-4,9.12698E-4,6.47804E-4,3.82910E-4,2.94407E-4,3.81277E-4,4.68146E-4,4.55290E-4,3.87380E-4,3.19469E-4,3.40758E-4,4.64468E-4,6.69547E-4,2.97848E-4,4.39752E-4,-9.79843E-4,-2.08120E-3,-2.05657E-3,-1.87964E-3,-2.78840E-3,-2.41768E-3,4.97771E-3,2.01990E-2,2.68579E-2,1.27102E-2,-3.36575E-2,-1.05424E-1,-1.62155E-1,-1.87668E-1,-1.77944E-1,-1.54877E-1,-1.47631E-1,-1.49744E-1,-1.63795E-1,-1.92553E-1,-2.04306E-1,-1.59937E-1,-4.60755E-2,8.84593E-2,1.28001E-1,7.01635E-2,-3.57848E-3,-1.05340E-3,1.47881E-2,8.47960E-3,8.00972E-3,7.75475E-3,7.44234E-3,6.26816E-3,5.85686E-3,5.80287E-3,4.46168E-3,3.38295E-3,3.88630E-3,2.99519E-3,1.97839E-3,9.95560E-4,1.16681E-3,-1.21651E-3,-2.25754E-3,-3.34462E-3,-4.23075E-3,-3.78178E-3,-4.05743E-3,-4.60929E-3,-4.45069E-3,-4.00984E-3,-3.80585E-3,-4.42508E-3,-4.21619E-3,-3.88177E-3,-4.42630E-3,-4.38003E-3,-4.16894E-3,-4.54004E-3,-5.19061E-3,-4.88845E-3,-4.80330E-3,-4.68049E-3,-4.86404E-3,-4.47405E-3,-2.51055E-3,-7.81699E-4,-3.59396E-3,-3.71632E-3,-3.03036E-3,-3.17011E-3,-3.24018E-3,-3.19822E-3,-3.74779E-3,-3.56938E-3,-3.18665E-3,-2.90553E-3,-3.01658E-3,-3.24026E-3,-3.13427E-3,-3.04579E-3,-3.66014E-3,-3.36227E-3
1.09082E+3,NaN,NaN,NaN,NaN,NaN,NaN,NaN,NaN,NaN,NaN,NaN,NaN,NaN,NaN,NaN,NaN,NaN,NaN,NaN,-2.18734E-4,-8.54137E-5,4.79069E-5,1.03512E-4,1.55181E-4,2.00510E-4,1.85191E-4,1.69872E-4,1.23376E-4,-2.32106E-5,-1.69798E-4,-2.32678E-4,-1.59196E-4,-8.57143E-5,-4.87293E-7,9.54422E-5,1.91372E-4,3.96070E-4,6.55298E-4,9.14526E-4,8.06658E-4,6.12085E-4,4.17511E-4,1.06247E-4,-2.10929E-4,-4.72070E-4,-1.97235E-4,7.75995E-5,1.54664E-4,-1.08065E-4,3.72546E-4,2.79318E-4,3.43695E-4,-8.33998E-5,-1.14787E-3,-2.23129E-3,-2.06484E-3,-2.31780E-3,-3.12799E-3,-2.66934E-3,3.91424E-3,1.73410E-2,2.59555E-2,1.21033E-2,-3.67809E-2,-1.09695E-1,-1.67227E-1,-1.97388E-1,-1.85889E-1,-1.57778E-1,-1.48624E-1,-1.50563E-1,-1.68458E-1,-1.95545E-1,-1.99633E-1,-1.47332E-1,-2.08247E-2,1.07384E-1,1.31230E-1,7.41108E-2,-1.33770E-2,-4.10143E-3,1.45399E-2,6.88556E-3,7.57200E-3,7.09745E-3,7.15946E-3,5.60456E-3,4.84296E-3,4.48010E-3,4.40479E-3,3.83855E-3,2.93627E-3,2.26779E-3,1.30159E-3,7.26152E-4,5.69551E-4,-9.57490E-4,-2.50983E-3,-3.60569E-3,-4.48076E-3,-4.76590E-3,-4.23595E-3,-4.41894E-3,-4.12118E-3,-4.99719E-3,-4.76544E-3,-4.09570E-3,-4.30861E-3,-4.43856E-3,-4.77567E-3,-5.13566E-3,-4.55491E-3,-4.40724E-3,-4.78072E-3,-4.96848E-3,-4.94724E-3,-3.93560E-3,-4.70510E-3,-4.42657E-3,-2.10774E-3,-1.29463E-3,-3.82947E-3,-3.82345E-3,-3.81356E-3,-4.03890E-3,-3.51786E-3,-3.48356E-3,-3.93000E-3,-3.80055E-3,-3.16913E-3,-3.10466E-3,-3.21314E-3,-2.85494E-3,-3.51824E-3,-3.64706E-3,-3.51904E-3,-3.62687E-3
1.09426E+3,NaN,NaN,NaN,NaN,NaN,NaN,NaN,NaN,NaN,NaN,NaN,NaN,NaN,NaN,NaN,NaN,NaN,NaN,1.82370E-4,1.66298E-4,1.50227E-4,4.36269E-5,-2.00318E-4,-4.44263E-4,-4.44289E-4,-2.36646E-4,-2.90027E-5,4.69348E-5,6.17417E-5,7.65485E-5,1.22237E-4,1.74438E-4,2.26638E-4,1.11963E-4,-8.10391E-6,-1.05220E-4,-1.95656E-5,6.60885E-5,1.00732E-4,-1.41089E-5,-1.28950E-4,-1.77530E-4,-1.25583E-4,-7.36354E-5,1.03957E-4,3.88523E-4,6.73088E-4,1.60998E-4,2.87781E-4,2.90575E-5,1.36676E-4,2.20866E-4,-7.83647E-5,-1.22598E-3,-2.59427E-3,-3.02849E-3,-3.00759E-3,-3.68894E-3,-3.17370E-3,3.22229E-3,1.64336E-2,2.53246E-2,9.97113E-3,-4.32435E-2,-1.10988E-1,-1.75472E-1,-2.04990E-1,-1.90127E-1,-1.67068E-1,-1.49088E-1,-1.51972E-1,-1.73421E-1,-1.97352E-1,-1.97772E-1,-1.28381E-1,1.30592E-2,1.12197E-1,1.46591E-1,5.92783E-2,-5.78773E-3,-1.04596E-3,1.02014E-2,8.70739E-3,6.51869E-3,6.13048E-3,5.39082E-3,4.58188E-3,3.62526E-3,3.53779E-3,2.70832E-3,2.28924E-3,1.78825E-3,1.19666E-3,7.10495E-4,1.81923E-4,4.20230E-4,-1.86286E-3,-3.27087E-3,-4.21656E-3,-5.12138E-3,-5.21437E-3,-4.92821E-3,-4.92432E-3,-4.83144E-3,-4.63656E-3,-4.69179E-3,-4.77166E-3,-4.98598E-3,-5.17700E-3,-5.12314E-3,-5.40025E-3,-5.30342E-3,-5.26161E-3,-5.56249E-3,-5.74399E-3,-5.58876E-3,-4.70530E-3,-5.29361E-3,-5.04932E-3,-3.29242E-3,-1.52550E-3,-4.60803E-3,-4.55984E-3,-4.18203E-3,-3.53817E-3,-3.49147E-3,-4.23150E-3,-4.69803E-3,-4.36638E-3,-3.75550E-3,-3.56380E-3,-3.61681E-3,-3.14424E-3,-3.90274E-3,-3.85019E-3,-3.30284E-3,-3.33301E-3
1.09771E+3,NaN,NaN,NaN,NaN,NaN,NaN,NaN,NaN,NaN,NaN,NaN,NaN,NaN,NaN,NaN,NaN,NaN,NaN,-3.28779E-4,-4.23110E-4,-5.17440E-4,-4.48518E-4,-3.48030E-4,-2.47543E-4,-5.47941E-5,1.39758E-4,2.97089E-4,1.90724E-4,8.43584E-5,7.84169E-5,3.48809E-4,6.19202E-4,6.59557E-4,3.68067E-4,7.65762E-5,6.98858E-5,2.94093E-4,5.18300E-4,5.58311E-4,5.17534E-4,4.76756E-4,3.67180E-4,2.44302E-4,1.21424E-4,1.94182E-4,2.70763E-4,3.69204E-4,5.68317E-4,3.66913E-4,1.71320E-4,7.16614E-4,4.00827E-4,2.06251E-4,-1.61071E-3,-2.01384E-3,-2.86211E-3,-2.35899E-3,-3.51192E-3,-3.57033E-3,1.41082E-3,1.51322E-2,2.27224E-2,8.41206E-3,-4.37153E-2,-1.13216E-1,-1.84958E-1,-2.15111E-1,-2.01930E-1,-1.74952E-1,-1.50048E-1,-1.55204E-1,-1.76870E-1,-1.98670E-1,-1.98417E-1,-1.14804E-1,3.24801E-2,1.18717E-1,1.69395E-1,5.81076E-2,-3.77628E-3,-7.54374E-3,1.51476E-2,4.64298E-3,6.38189E-3,6.06001E-3,4.49724E-3,3.86855E-3,3.58367E-3,2.64927E-3,2.03638E-3,2.18491E-3,6.34382E-4,-6.06526E-6,-1.57561E-4,1.95324E-4,-1.72943E-4,-2.30240E-3,-3.47088E-3,-4.94268E-3,-5.70854E-3,-5.25053E-3,-5.06962E-3,-6.13263E-3,-5.62503E-3,-5.88915E-3,-4.98155E-3,-4.52230E-3,-4.80107E-3,-5.28930E-3,-5.51196E-3,-5.63208E-3,-5.85129E-3,-5.79425E-3,-5.68032E-3,-5.89654E-3,-5.95532E-3,-5.42434E-3,-5.29332E-3,-5.78550E-3,-3.26304E-3,-1.42433E-3,-4.91881E-3,-4.92247E-3,-4.24504E-3,-3.86625E-3,-3.90791E-3,-3.96862E-3,-4.64364E-3,-4.63004E-3,-4.45500E-3,-4.13869E-3,-4.26362E-3,-4.26039E-3,-4.20208E-3,-4.41033E-3,-4.66485E-3,-4.24800E-3
1.10115E+3,NaN,NaN,NaN,NaN,NaN,NaN,NaN,NaN,NaN,NaN,NaN,NaN,NaN,NaN,NaN,NaN,NaN,-2.37387E-4,-1.23179E-4,-8.97101E-6,1.05334E-4,2.19895E-4,3.34456E-4,2.40068E-4,-1.46669E-4,-5.33405E-4,-5.88524E-4,-3.82739E-4,-1.76955E-4,2.93403E-6,1.71858E-4,3.40782E-4,3.26299E-4,2.78272E-4,2.30245E-4,2.22546E-4,2.15326E-4,1.78173E-4,-5.73627E-5,-2.92898E-4,-4.13210E-4,-2.28155E-4,-4.31005E-5,1.22998E-4,2.62573E-4,4.02148E-4,1.36069E-4,-4.71927E-4,-2.60806E-4,3.81905E-4,1.83940E-4,-2.72255E-4,-8.76173E-4,-1.69717E-3,-2.55153E-3,-3.43470E-3,-3.73718E-3,-4.17412E-3,-3.81139E-3,1.50283E-3,1.20537E-2,1.90189E-2,2.14249E-3,-4.53636E-2,-1.18091E-1,-1.84807E-1,-2.18375E-1,-2.12523E-1,-1.79647E-1,-1.57604E-1,-1.62428E-1,-1.81063E-1,-2.03156E-1,-1.86948E-1,-8.94136E-2,2.51503E-2,1.36851E-1,1.55423E-1,7.32625E-2,1.09372E-4,-3.27283E-3,8.55657E-3,4.68043E-3,4.41606E-3,4.23266E-3,3.90443E-3,3.15711E-3,1.97316E-3,1.38568E-3,9.86915E-4,5.02763E-5,-4.84547E-4,-1.02951E-3,-1.06387E-3,-1.06517E-3,-1.56015E-3,-3.60255E-3,-4.79439E-3,-5.93160E-3,-6.57241E-3,-7.01818E-3,-6.45578E-3,-6.35122E-3,-5.91026E-3,-6.98825E-3,-6.34966E-3,-6.27851E-3,-6.04717E-3,-5.73893E-3,-6.29945E-3,-7.13275E-3,-6.96549E-3,-6.72077E-3,-7.04719E-3,-6.80441E-3,-6.65926E-3,-6.58223E-3,-6.43887E-3,-6.44121E-3,-3.66711E-3,-2.10371E-3,-6.34330E-3,-5.99512E-3,-5.41207E-3,-5.17569E-3,-5.24697E-3,-5.57396E-3,-5.82137E-3,-5.72755E-3,-5.65744E-3,-5.46906E-3,-5.34849E-3,-5.09208E-3,-5.26924E-3,-5.58805E-3,-5.58767E-3,-5.62798E-3
1.10459E+3,NaN,NaN,NaN,NaN,NaN,NaN,NaN,NaN,NaN,NaN,NaN,NaN,NaN,NaN,NaN,NaN,NaN,-1.20400E-4,1.49870E-4,4.20140E-4,3.15056E-4,5.31310E-5,-2.08794E-4,-2.15038E-4,-1.75507E-4,-1.35976E-4,-1.16980E-4,-9.81691E-5,-6.98273E-5,2.01839E-5,1.10195E-4,1.64459E-4,1.25290E-4,8.61203E-5,1.27246E-4,2.79447E-4,4.31648E-4,4.09752E-4,2.52412E-4,9.50727E-5,2.05828E-4,4.28606E-4,6.51385E-4,6.32950E-4,5.71330E-4,5.09709E-4,-1.92276E-4,-5.54318E-4,-1.07512E-4,6.66685E-4,-1.57049E-5,5.48738E-4,-4.77865E-4,-1.44323E-3,-2.41351E-3,-3.66473E-3,-4.25625E-3,-4.02125E-3,-4.62185E-3,-2.02803E-4,9.55820E-3,1.87429E-2,4.68964E-3,-4.03697E-2,-1.19845E-1,-1.85537E-1,-2.37512E-1,-2.26473E-1,-1.84420E-1,-1.64344E-1,-1.67221E-1,-1.83629E-1,-2.15315E-1,-1.93961E-1,-8.39353E-2,1.16155E-2,1.66594E-1,1.80776E-1,8.23582E-2,-1.64739E-2,2.42779E-4,9.49096E-3,3.96087E-3,4.84335E-3,3.79651E-3,3.04790E-3,2.44378E-3,1.65449E-3,2.21454E-3,7.96133E-4,2.48632E-4,-5.28002E-4,-8.55766E-4,-1.44108E-3,-1.14298E-3,-1.45717E-3,-3.48287E-3,-4.14472E-3,-5.53067E-3,-6.13299E-3,-5.99609E-3,-6.09125E-3,-6.52053E-3,-6.18285E-3,-6.86238E-3,-6.31626E-3,-6.08221E-3,-5.71469E-3,-5.72163E-3,-6.58837E-3,-6.81721E-3,-6.67673E-3,-6.52482E-3,-7.04170E-3,-6.74714E-3,-7.21037E-3,-6.27630E-3,-6.90962E-3,-6.85764E-3,-3.90933E-3,-2.16644E-3,-6.23812E-3,-6.19896E-3,-5.37075E-3,-5.25457E-3,-5.54808E-3,-5.78688E-3,-5.62517E-3,-5.43875E-3,-5.50803E-3,-5.64737E-3,-5.79985E-3,-5.16307E-3,-5.14070E-3,-5.43983E-3,-5.52040E-3,-5.31418E-3
1.10804E+3,NaN,NaN,NaN,NaN,NaN,NaN,NaN,NaN,NaN,NaN,NaN,NaN,NaN,NaN,NaN,NaN,NaN,-4.50012E-4,-1.49054E-4,1.06004E-4,5.93654E-5,1.27268E-5,-5.21349E-6,5.25402E-5,1.10294E-4,1.86143E-4,2.87212E-4,3.88280E-4,3.54974E-4,2.16355E-4,7.77359E-5,3.83002E-5,4.06710E-5,4.30417E-5,9.48482E-5,1.55630E-4,2.16413E-4,2.66630E-4,3.16732E-4,3.48073E-4,2.56104E-4,1.64135E-4,1.02666E-4,1.21641E-4,1.40616E-4,1.21655E-4,-1.73858E-5,-2.46933E-4,3.40315E-5,4.71092E-4,4.27144E-4,2.04836E-4,-5.61416E-4,-1.25679E-3,-2.36390E-3,-3.36092E-3,-4.03528E-3,-4.53565E-3,-4.50327E-3,-1.15104E-3,7.47897E-3,1.35879E-2,1.02873E-3,-4.48372E-2,-1.14240E-1,-1.88261E-1,-2.38880E-1,-2.28762E-1,-1.94773E-1,-1.73292E-1,-1.71299E-1,-1.89925E-1,-2.09754E-1,-1.74731E-1,-9.00912E-2,3.18813E-2,1.66193E-1,1.81590E-1,8.19999E-2,-2.41047E-3,-4.90197E-3,8.55602E-3,2.34468E-3,3.24284E-3,2.75476E-3,1.83821E-3,1.01371E-3,8.71818E-4,3.75510E-4,-5.42222E-4,-1.24542E-3,-1.66364E-3,-1.87971E-3,-1.91440E-3,-2.26113E-3,-2.65418E-3,-4.97703E-3,-5.66159E-3,-6.64420E-3,-7.22213E-3,-7.54336E-3,-7.21199E-3,-7.46539E-3,-7.52948E-3,-8.01822E-3,-7.20807E-3,-7.68888E-3,-7.30629E-3,-6.62903E-3,-7.77281E-3,-8.30269E-3,-7.32856E-3,-7.57059E-3,-7.83031E-3,-7.55604E-3,-8.17154E-3,-7.75408E-3,-7.94101E-3,-7.82446E-3,-4.64953E-3,-2.28026E-3,-6.83744E-3,-7.30480E-3,-6.77747E-3,-6.40650E-3,-6.61730E-3,-6.83071E-3,-6.41925E-3,-6.48425E-3,-6.38404E-3,-6.27829E-3,-6.35705E-3,-6.10603E-3,-6.51468E-3,-6.80171E-3,-6.90506E-3,-6.49827E-3
1.11148E+3,NaN,NaN,NaN,NaN,NaN,NaN,NaN,NaN,NaN,NaN,NaN,NaN,NaN,NaN,NaN,NaN,-2.21034E-4,-2.21595E-4,-2.22156E-4,-1.29241E-4,3.88356E-5,2.06913E-4,1.97975E-4,1.12142E-4,2.63089E-5,-3.05333E-6,-2.16600E-5,-4.02668E-5,-3.22862E-5,-2.38422E-5,-5.62072E-6,8.05926E-5,1.66806E-4,2.40044E-4,2.77946E-4,3.15848E-4,2.78639E-4,1.33985E-4,-1.06697E-5,3.77839E-5,2.41514E-4,4.45244E-4,4.71172E-4,4.19862E-4,3.68552E-4,-1.39456E-4,-4.55568E-4,-1.86724E-4,5.91001E-4,1.89030E-4,4.17371E-4,-3.09731E-4,-4.39736E-4,-9.12849E-4,-2.02117E-3,-3.56176E-3,-4.09387E-3,-4.96180E-3,-5.90946E-3,-2.46404E-3,6.13957E-3,1.46524E-2,4.69854E-3,-4.12537E-2,-1.05515E-1,-2.00113E-1,-2.43051E-1,-2.34141E-1,-2.01636E-1,-1.79017E-1,-1.72126E-1,-1.96552E-1,-2.16249E-1,-1.74004E-1,-1.02998E-1,5.01177E-2,1.98124E-1,1.82607E-1,7.21147E-2,-1.76528E-2,4.21574E-3,4.30960E-3,1.75431E-3,1.99171E-3,1.27354E-3,4.02433E-4,-2.30570E-4,-1.09123E-4,-1.01219E-3,-1.52308E-3,-2.45136E-3,-2.70016E-3,-3.28334E-3,-2.98065E-3,-3.58168E-3,-3.95566E-3,-6.03168E-3,-7.17715E-3,-8.16865E-3,-8.21305E-3,-8.36271E-3,-8.26469E-3,-8.37264E-3,-8.83819E-3,-9.14060E-3,-8.32013E-3,-7.92242E-3,-7.98100E-3,-8.14172E-3,-8.47054E-3,-8.86804E-3,-8.92756E-3,-8.40633E-3,-8.57043E-3,-8.79616E-3,-9.08003E-3,-8.19598E-3,-8.59223E-3,-8.80678E-3,-5.39677E-3,-3.51974E-3,-8.06378E-3,-8.08042E-3,-7.44749E-3,-7.51026E-3,-7.55332E-3,-7.62700E-3,-7.45326E-3,-7.71044E-3,-7.51652E-3,-7.31349E-3,-7.59726E-3,-7.36488E-3,-7.65268E-3,-7.95425E-3,-7.93615E-3,-7.71398E-3
1.11493E+3,NaN,NaN,NaN,NaN,NaN,NaN,NaN,NaN,NaN,NaN,NaN,NaN,NaN,NaN,NaN,NaN,-1.05781E-4,1.78195E-5,1.41420E-4,1.95158E-4,2.46890E-4,2.66424E-4,3.80509E-5,-1.90323E-4,-3.08366E-4,-1.08783E-4,9.07999E-5,1.86352E-4,1.26288E-4,6.62242E-5,8.84852E-6,-4.62697E-5,-1.01388E-4,-4.64094E-5,5.88747E-5,1.64159E-4,2.99403E-5,-1.53599E-4,-3.37138E-4,-1.78338E-4,-9.70995E-6,1.40897E-4,1.52753E-4,1.64609E-4,4.23553E-5,-2.68071E-4,-1.63669E-4,-1.97067E-4,2.44156E-4,-7.19233E-5,4.28905E-4,-1.33106E-5,4.46007E-5,-8.30977E-4,-2.05140E-3,-3.26298E-3,-3.88407E-3,-5.42819E-3,-6.00121E-3,-3.10076E-3,4.82517E-3,1.30627E-2,3.59980E-3,-3.57997E-2,-1.04402E-1,-1.95911E-1,-2.37085E-1,-2.37463E-1,-2.07565E-1,-1.82555E-1,-1.76831E-1,-1.98242E-1,-2.11333E-1,-1.76956E-1,-9.39958E-2,6.55319E-2,1.97563E-1,1.69470E-1,6.75149E-2,-1.92911E-2,2.94001E-3,4.92741E-3,6.13063E-4,1.50838E-3,1.92215E-4,-3.18426E-4,-8.89338E-4,-9.63539E-4,-1.63755E-3,-2.32679E-3,-2.88125E-3,-3.55513E-3,-3.52703E-3,-3.76400E-3,-4.07743E-3,-4.92899E-3,-6.62009E-3,-7.15563E-3,-8.81511E-3,-9.26693E-3,-9.17047E-3,-9.40264E-3,-8.62617E-3,-9.20205E-3,-9.55321E-3,-8.92486E-3,-8.70241E-3,-8.24637E-3,-8.57751E-3,-8.89674E-3,-8.88351E-3,-8.88098E-3,-8.67118E-3,-9.09441E-3,-9.30564E-3,-9.37700E-3,-8.58752E-3,-9.02009E-3,-9.17207E-3,-5.83161E-3,-3.87217E-3,-8.32477E-3,-8.59717E-3,-8.01017E-3,-7.82054E-3,-7.62355E-3,-8.11833E-3,-8.18749E-3,-8.10145E-3,-7.80886E-3,-7.48580E-3,-7.65106E-3,-7.55824E-3,-7.94688E-3,-8.17248E-3,-8.28863E-3,-8.30690E-3
1.11838E+3,NaN,NaN,NaN,NaN,NaN,NaN,NaN,NaN,NaN,NaN,NaN,NaN,NaN,NaN,NaN,-2.26462E-4,-1.28445E-4,-3.04280E-5,3.38191E-5,4.42374E-5,5.46558E-5,3.79781E-5,-2.88646E-6,-4.37510E-5,-5.04742E-5,-4.04742E-5,-3.04742E-5,1.91795E-5,7.78893E-5,1.36599E-4,1.28550E-4,1.17497E-4,1.03112E-4,5.86653E-5,1.42188E-5,-3.87225E-5,-1.18177E-4,-1.97632E-4,-2.05343E-4,-9.86960E-5,7.95083E-6,4.94380E-5,3.27617E-5,1.60853E-5,-1.54723E-5,-3.55414E-4,-4.42497E-4,-1.44987E-4,9.26522E-5,4.42894E-4,-1.77515E-4,-1.43861E-4,-1.31639E-4,-7.13534E-4,-1.84987E-3,-2.98949E-3,-4.44632E-3,-5.76481E-3,-6.07460E-3,-3.72987E-3,5.15605E-3,1.36566E-2,5.53931E-3,-2.82520E-2,-1.10784E-1,-1.88260E-1,-2.37416E-1,-2.40234E-1,-2.14150E-1,-1.88317E-1,-1.84135E-1,-2.05075E-1,-2.14091E-1,-1.85577E-1,-8.42458E-2,9.10466E-2,1.80345E-1,1.61573E-1,4.55291E-2,-1.01912E-2,1.95816E-3,3.44933E-3,1.34161E-3,4.69290E-4,-3.35321E-4,-9.24750E-4,-1.06759E-3,-1.58852E-3,-2.08705E-3,-2.73340E-3,-3.33063E-3,-3.49807E-3,-3.67649E-3,-4.02906E-3,-4.82136E-3,-5.37472E-3,-6.80483E-3,-7.86455E-3,-8.73669E-3,-9.53799E-3,-9.21540E-3,-9.47745E-3,-9.33145E-3,-9.72683E-3,-9.74619E-3,-8.99951E-3,-8.62594E-3,-8.41950E-3,-8.65766E-3,-8.95603E-3,-8.82974E-3,-9.29599E-3,-9.30148E-3,-9.39929E-3,-9.22911E-3,-9.35410E-3,-8.70660E-3,-9.06185E-3,-9.46676E-3,-6.02106E-3,-4.23056E-3,-8.70966E-3,-8.91712E-3,-8.42078E-3,-8.37993E-3,-8.27107E-3,-8.44858E-3,-8.45237E-3,-8.42798E-3,-8.20600E-3,-7.87979E-3,-7.92338E-3,-7.72374E-3,-8.11357E-3,-8.50851E-3,-8.55709E-3,-8.38095E-3
1.12182E+3,NaN,NaN,NaN,NaN,NaN,NaN,NaN,NaN,NaN,NaN,NaN,NaN,NaN,NaN,NaN,-1.15992E-4,-4.10842E-6,1.07775E-4,1.52187E-4,1.79158E-4,2.06130E-4,1.45727E-4,7.94963E-5,1.97318E-5,3.40163E-5,4.83007E-5,4.63335E-5,-1.22033E-5,-7.07401E-5,-1.09380E-4,-1.13560E-4,-1.17739E-4,-8.03300E-5,-2.78443E-6,7.47612E-5,5.33728E-5,-2.08804E-5,-9.51336E-5,-2.09322E-5,9.16435E-5,2.04219E-4,1.92240E-4,1.71952E-4,1.44435E-4,4.14724E-6,-4.01039E-4,5.86198E-5,1.08719E-4,2.05768E-4,7.50145E-4,3.23947E-5,3.83361E-4,2.98091E-4,-2.52763E-4,-1.45268E-3,-2.73734E-3,-4.39465E-3,-5.84334E-3,-6.02022E-3,-3.95300E-3,4.70966E-3,1.38308E-2,1.09577E-2,-2.16638E-2,-1.08781E-1,-1.79668E-1,-2.41350E-1,-2.44017E-1,-2.18683E-1,-1.91417E-1,-1.85845E-1,-2.07524E-1,-2.21644E-1,-1.89516E-1,-7.85425E-2,1.05986E-1,1.68760E-1,1.63674E-1,2.84172E-2,-2.31012E-2,6.29229E-3,2.66001E-3,1.65973E-4,-6.04455E-4,-9.93986E-4,-1.77375E-3,-1.99043E-3,-2.27969E-3,-2.79883E-3,-3.50044E-3,-4.10526E-3,-4.47644E-3,-4.39669E-3,-5.05328E-3,-5.85093E-3,-5.88080E-3,-7.40934E-3,-8.58733E-3,-9.02872E-3,-9.88866E-3,-9.89600E-3,-1.00122E-2,-9.84966E-3,-1.00874E-2,-1.02259E-2,-9.63332E-3,-9.20759E-3,-8.95782E-3,-9.15132E-3,-9.09303E-3,-9.08116E-3,-9.70302E-3,-9.79319E-3,-9.96605E-3,-1.00891E-2,-1.00926E-2,-9.32355E-3,-9.67608E-3,-1.00164E-2,-6.77341E-3,-5.17216E-3,-9.13760E-3,-9.25161E-3,-8.66662E-3,-8.61652E-3,-8.64177E-3,-8.68955E-3,-8.75413E-3,-8.95332E-3,-8.58557E-3,-8.29587E-3,-8.51781E-3,-8.46397E-3,-8.60665E-3,-8.85123E-3,-8.96018E-3,-8.64865E-3
1.12527E+3,NaN,NaN,NaN,NaN,NaN,NaN,NaN,NaN,NaN,NaN,NaN,NaN,NaN,NaN,1.53798E-6,-5.55758E-6,-1.26531E-5,-1.11064E-5,2.51314E-5,6.13691E-5,5.59571E-5,-2.94835E-5,-1.14924E-4,-1.03449E-4,1.08734E-5,1.25196E-4,1.26509E-4,6.08814E-5,-4.74597E-6,-3.00500E-5,-4.33682E-5,-5.66864E-5,-1.46443E-5,3.26252E-5,7.13163E-5,-3.30301E-5,-1.37377E-4,-1.81212E-4,1.78491E-5,2.16910E-4,2.98597E-4,1.54753E-4,1.09097E-5,1.03086E-4,-1.48793E-6,-2.23025E-4,-5.54719E-5,-3.01478E-5,1.06320E-4,8.46912E-5,5.83084E-5,2.59993E-4,1.30077E-4,-2.60361E-4,-1.24324E-3,-2.82714E-3,-4.22224E-3,-5.14406E-3,-5.80097E-3,-3.33485E-3,4.37383E-3,1.37725E-2,1.18613E-2,-2.90183E-2,-9.95998E-2,-1.77631E-1,-2.35005E-1,-2.43143E-1,-2.22025E-1,-1.97151E-1,-1.92680E-1,-2.11600E-1,-2.21186E-1,-1.79382E-1,-5.13936E-2,8.63064E-2,1.58862E-1,1.32553E-1,2.40713E-2,-1.59481E-2,1.91130E-3,1.77091E-3,-1.34740E-3,-1.42639E-3,-2.00852E-3,-2.31903E-3,-2.89996E-3,-3.29050E-3,-3.58486E-3,-4.24399E-3,-4.86608E-3,-5.12475E-3,-5.18628E-3,-5.73882E-3,-6.40625E-3,-6.34851E-3,-7.87588E-3,-9.37569E-3,-9.78147E-3,-1.03542E-2,-1.00844E-2,-1.03000E-2,-1.03127E-2,-1.05581E-2,-1.06068E-2,-1.01408E-2,-9.62615E-3,-9.54276E-3,-9.57658E-3,-9.59882E-3,-9.79760E-3,-1.02437E-2,-1.03448E-2,-1.06939E-2,-1.07497E-2,-1.05224E-2,-9.81002E-3,-1.01877E-2,-1.04705E-2,-7.61620E-3,-6.30581E-3,-9.91592E-3,-9.97314E-3,-9.33681E-3,-9.29985E-3,-9.20399E-3,-9.24794E-3,-9.38274E-3,-9.50976E-3,-9.33856E-3,-8.89491E-3,-8.97641E-3,-9.13723E-3,-9.39485E-3,-9.60940E-3,-9.56861E-3,-9.27642E-3
1.12872E+3,NaN,NaN,NaN,NaN,NaN,NaN,NaN,NaN,NaN,NaN,NaN,NaN,NaN,NaN,-4.88949E-5,7.36536E-6,6.36256E-5,4.97393E-5,-1.08967E-5,-7.15327E-5,-3.10798E-5,4.43518E-5,1.19783E-4,1.19781E-4,1.10052E-4,9.83741E-5,2.05865E-5,-5.72011E-5,-1.16251E-4,-8.47834E-5,-5.33157E-5,-1.19097E-5,5.11724E-5,1.14255E-4,1.01339E-4,-1.79569E-6,-1.04931E-4,-5.25130E-5,1.03574E-4,2.59661E-4,2.00248E-4,6.62685E-5,-6.77114E-5,7.04940E-5,-6.78586E-5,1.14147E-5,-6.86811E-6,-1.37838E-4,1.63616E-4,3.63646E-5,3.00261E-4,2.19871E-4,3.05625E-5,5.72508E-5,-8.41991E-4,-2.67913E-3,-3.97943E-3,-5.28367E-3,-6.37777E-3,-4.22206E-3,2.52181E-3,1.54284E-2,1.64913E-2,-2.55090E-2,-8.74716E-2,-1.78470E-1,-2.32296E-1,-2.45047E-1,-2.24418E-1,-1.98715E-1,-1.94030E-1,-2.18128E-1,-2.24924E-1,-1.83059E-1,-3.73166E-2,6.94642E-2,1.63346E-1,1.21435E-1,-2.55713E-3,-1.34456E-2,3.50065E-3,-1.24215E-3,-1.23089E-3,-1.86369E-3,-1.97930E-3,-2.63795E-3,-3.12941E-3,-3.50651E-3,-3.99436E-3,-4.89728E-3,-5.08581E-3,-5.20426E-3,-5.31929E-3,-6.44914E-3,-6.62704E-3,-6.29588E-3,-7.92722E-3,-9.35558E-3,-1.00444E-2,-1.05272E-2,-1.01949E-2,-1.03552E-2,-1.01732E-2,-1.06455E-2,-1.06767E-2,-1.02710E-2,-9.51665E-3,-9.37406E-3,-9.73047E-3,-9.63540E-3,-9.77670E-3,-1.01776E-2,-1.03896E-2,-1.05967E-2,-1.06325E-2,-1.05920E-2,-9.81074E-3,-1.01997E-2,-1.07142E-2,-7.97525E-3,-6.81166E-3,-9.92289E-3,-9.97233E-3,-9.39494E-3,-9.24372E-3,-9.18305E-3,-9.36101E-3,-9.44050E-3,-9.61461E-3,-9.32861E-3,-9.00459E-3,-9.22885E-3,-9.29838E-3,-9.45057E-3,-9.72336E-3,-9.69879E-3,-9.33059E-3
1.13217E+3,NaN,NaN,NaN,NaN,NaN,NaN,NaN,NaN,NaN,NaN,NaN,NaN,NaN,NaN,-1.56953E-5,-4.79718E-5,-8.02483E-5,-2.80873E-5,2.43639E-5,7.23733E-5,9.29683E-5,1.13563E-4,1.01091E-4,4.54856E-6,-9.19944E-5,-1.27269E-4,-7.97000E-5,-3.21312E-5,-3.36948E-6,1.10886E-5,2.55466E-5,1.55250E-5,-4.45369E-6,-2.44323E-5,-1.18202E-4,-2.24616E-4,-3.31030E-4,-1.74777E-4,-1.76205E-5,9.83239E-5,-4.00884E-5,-1.78501E-4,-1.81883E-4,-1.74961E-6,-1.80295E-4,-2.00624E-4,-2.14613E-4,-2.54786E-4,-5.38934E-5,-2.04974E-4,1.84732E-4,7.46932E-5,3.40094E-4,1.41728E-4,-9.29084E-4,-2.38074E-3,-3.81567E-3,-5.23917E-3,-6.12341E-3,-4.54300E-3,2.43450E-3,1.42582E-2,1.29459E-2,-1.94533E-2,-8.34222E-2,-1.69572E-1,-2.24074E-1,-2.42073E-1,-2.25098E-1,-2.01708E-1,-1.97873E-1,-2.16122E-1,-2.20073E-1,-1.67621E-1,-4.51543E-2,6.19612E-2,1.46009E-1,1.03832E-1,-3.45385E-3,-1.64986E-2,2.55990E-4,-1.84713E-3,-2.73206E-3,-2.94191E-3,-3.11447E-3,-3.86153E-3,-4.13432E-3,-4.33848E-3,-4.93714E-3,-5.68407E-3,-5.86151E-3,-5.98287E-3,-6.56073E-3,-7.36470E-3,-7.23273E-3,-7.28251E-3,-9.01737E-3,-9.85320E-3,-1.05889E-2,-1.12116E-2,-1.06082E-2,-1.06130E-2,-1.08790E-2,-1.14197E-2,-1.13677E-2,-1.07633E-2,-1.01349E-2,-1.01639E-2,-1.03989E-2,-1.00086E-2,-1.04326E-2,-1.09322E-2,-1.10661E-2,-1.12656E-2,-1.12778E-2,-1.10792E-2,-1.05284E-2,-1.09914E-2,-1.13751E-2,-9.22714E-3,-8.07715E-3,-1.05467E-2,-1.07461E-2,-1.00822E-2,-1.00075E-2,-9.95684E-3,-1.01350E-2,-1.02661E-2,-1.03694E-2,-1.01860E-2,-9.84204E-3,-9.74436E-3,-9.99675E-3,-1.01011E-2,-1.01327E-2,-1.02363E-2,-9.72584E-3
1.13562E+3,NaN,NaN,NaN,NaN,NaN,NaN,NaN,NaN,NaN,NaN,NaN,NaN,NaN,7.92000E-5,-1.29215E-7,-7.94584E-5,-9.34419E-5,-4.78505E-6,8.38718E-5,1.46605E-4,1.86520E-4,2.26436E-4,1.29862E-4,-3.25165E-5,-1.94895E-4,-1.61225E-4,-8.38095E-5,-6.39368E-6,-3.84289E-5,-7.49743E-5,-1.07813E-4,-1.08468E-4,-1.09124E-4,-1.09003E-4,-1.06506E-4,-1.04009E-4,-1.05320E-4,-1.12614E-4,-1.19908E-4,-1.39620E-4,-1.70263E-4,-2.00905E-4,-1.35116E-4,-1.45183E-4,-2.43690E-4,-1.80200E-4,-3.05733E-4,5.81779E-5,-7.53709E-6,7.73047E-5,-3.26687E-5,1.46869E-4,5.61921E-4,3.57302E-4,-6.18502E-4,-1.71656E-3,-3.38105E-3,-4.95665E-3,-5.90863E-3,-5.29082E-3,2.44403E-3,1.38562E-2,1.41404E-2,-1.22095E-2,-8.22221E-2,-1.59588E-1,-2.17339E-1,-2.36609E-1,-2.22336E-1,-2.00482E-1,-1.98920E-1,-2.13497E-1,-2.19727E-1,-1.53932E-1,-5.62894E-2,6.46438E-2,1.40490E-1,7.51142E-2,-6.62592E-3,-1.39834E-2,-2.39060E-3,-2.98964E-3,-4.05606E-3,-3.69703E-3,-4.18565E-3,-4.66926E-3,-4.93278E-3,-5.08885E-3,-6.03485E-3,-6.54778E-3,-6.58758E-3,-6.80430E-3,-7.75126E-3,-7.87739E-3,-7.78252E-3,-8.13327E-3,-9.84204E-3,-1.01312E-2,-1.08872E-2,-1.16673E-2,-1.10692E-2,-1.13967E-2,-1.15087E-2,-1.16561E-2,-1.18537E-2,-1.10798E-2,-1.05486E-2,-1.07586E-2,-1.08721E-2,-1.03309E-2,-1.09543E-2,-1.14659E-2,-1.14038E-2,-1.17640E-2,-1.18185E-2,-1.16895E-2,-1.09325E-2,-1.13050E-2,-1.18294E-2,-1.01701E-2,-9.36840E-3,-1.10947E-2,-1.11674E-2,-1.06220E-2,-1.03697E-2,-1.03158E-2,-1.06212E-2,-1.08330E-2,-1.10136E-2,-1.07542E-2,-1.04249E-2,-1.02588E-2,-1.04645E-2,-1.06244E-2,-1.06478E-2,-1.06727E-2,-1.02460E-2
1.13907E+3,NaN,NaN,NaN,NaN,NaN,NaN,NaN,NaN,NaN,NaN,NaN,NaN,NaN,1.12892E-4,7.42358E-5,3.55796E-5,-1.15759E-5,-6.11651E-5,-1.10754E-4,-3.89254E-5,4.34260E-5,1.19498E-4,1.02338E-4,8.51793E-5,4.61084E-5,-7.74369E-5,-2.00982E-4,-2.42237E-4,-1.29872E-4,-1.75062E-5,6.15092E-5,1.06046E-4,1.50582E-4,8.61910E-5,-4.09375E-5,-1.68066E-4,-1.78927E-4,-1.56494E-4,-1.34061E-4,-1.91242E-4,-2.55323E-4,-2.90150E-4,7.71427E-5,-2.64033E-5,-4.48646E-5,-3.36262E-4,-4.10692E-4,1.99117E-4,7.86936E-5,2.01170E-4,-2.86156E-4,1.94725E-4,6.07957E-4,3.39324E-4,-4.56327E-4,-1.13280E-3,-3.17602E-3,-4.48426E-3,-5.94386E-3,-6.00660E-3,8.40291E-4,1.27304E-2,2.08203E-2,-3.08873E-3,-7.47777E-2,-1.49433E-1,-2.13690E-1,-2.36023E-1,-2.24788E-1,-2.00869E-1,-1.97289E-1,-2.13963E-1,-2.25570E-1,-1.59764E-1,-6.95343E-2,6.28038E-2,1.45894E-1,6.53829E-2,-1.85850E-2,-1.55730E-2,2.05561E-3,-5.03729E-3,-3.85458E-3,-4.27860E-3,-4.88727E-3,-4.99855E-3,-5.08075E-3,-5.43906E-3,-6.71240E-3,-6.86041E-3,-6.68725E-3,-7.33021E-3,-8.35226E-3,-7.78353E-3,-7.78404E-3,-8.27704E-3,-9.97315E-3,-1.04573E-2,-1.08596E-2,-1.15506E-2,-1.11040E-2,-1.16134E-2,-1.17525E-2,-1.17180E-2,-1.19164E-2,-1.08597E-2,-1.04314E-2,-1.06666E-2,-1.07878E-2,-1.02236E-2,-1.08018E-2,-1.12081E-2,-1.15325E-2,-1.19190E-2,-1.17511E-2,-1.13459E-2,-1.07789E-2,-1.12782E-2,-1.16366E-2,-1.04700E-2,-9.96137E-3,-1.10278E-2,-1.10243E-2,-1.06706E-2,-1.05126E-2,-1.03497E-2,-1.05317E-2,-1.06190E-2,-1.08011E-2,-1.07045E-2,-1.03483E-2,-1.01434E-2,-1.03465E-2,-1.05191E-2,-1.06394E-2,-1.07233E-2,-1.01124E-2
1.14252E+3,NaN,NaN,NaN,NaN,NaN,NaN,NaN,NaN,NaN,NaN,NaN,NaN,1.54375E-4,6.34215E-5,-2.75315E-5,-9.81726E-5,-6.36068E-5,-2.90409E-5,1.57880E-5,8.40388E-5,1.52289E-4,1.48125E-4,5.45663E-5,-3.89919E-5,-1.02492E-4,-1.45139E-4,-1.87786E-4,-1.38001E-4,-5.45905E-5,2.88202E-5,3.90994E-5,3.90371E-5,3.82276E-5,-1.23131E-6,-4.06902E-5,-7.95565E-5,-1.15353E-4,-1.51150E-4,-1.92824E-4,-2.47913E-4,-3.03002E-4,-1.02176E-4,6.57460E-5,-1.46973E-4,-2.35046E-4,-4.13966E-4,-2.46067E-4,1.77380E-4,2.33637E-4,1.57165E-4,-7.00231E-5,1.29954E-4,4.98537E-4,3.55953E-4,-3.14596E-5,-8.40158E-4,-2.69837E-3,-4.39172E-3,-5.87321E-3,-5.23311E-3,5.31497E-4,1.36898E-2,2.08654E-2,-5.89733E-3,-6.64843E-2,-1.40167E-1,-2.02161E-1,-2.29474E-1,-2.22644E-1,-2.01519E-1,-1.97613E-1,-2.14867E-1,-2.13328E-1,-1.61934E-1,-6.31066E-2,6.51002E-2,1.20466E-1,5.57449E-2,-1.19196E-2,-1.29826E-2,-2.06092E-3,-5.58650E-3,-5.15361E-3,-5.54721E-3,-6.01568E-3,-6.02730E-3,-6.17802E-3,-6.93178E-3,-7.73036E-3,-7.83642E-3,-7.88903E-3,-8.51284E-3,-9.06655E-3,-8.67748E-3,-8.87646E-3,-9.13029E-3,-1.08502E-2,-1.13733E-2,-1.15291E-2,-1.20754E-2,-1.19195E-2,-1.23449E-2,-1.23819E-2,-1.21773E-2,-1.26982E-2,-1.11902E-2,-1.12039E-2,-1.13413E-2,-1.14958E-2,-1.08402E-2,-1.17738E-2,-1.19100E-2,-1.21146E-2,-1.25308E-2,-1.22278E-2,-1.20004E-2,-1.15538E-2,-1.19900E-2,-1.25350E-2,-1.17552E-2,-1.12447E-2,-1.18551E-2,-1.18007E-2,-1.14805E-2,-1.12663E-2,-1.10338E-2,-1.12727E-2,-1.14236E-2,-1.16327E-2,-1.15187E-2,-1.10592E-2,-1.08010E-2,-1.11646E-2,-1.12942E-2,-1.13349E-2,-1.14602E-2,-1.08361E-2
1.14597E+3,NaN,NaN,NaN,NaN,NaN,NaN,NaN,NaN,NaN,NaN,NaN,NaN,1.73855E-5,-4.61321E-5,-1.09650E-4,-1.30540E-4,-1.15459E-4,-1.00378E-4,-5.40784E-5,6.56328E-6,6.72050E-5,6.10439E-5,4.10117E-5,2.09795E-5,3.64889E-5,5.30629E-5,6.60811E-5,5.14014E-5,3.67217E-5,1.87325E-5,-8.84282E-6,-3.64182E-5,-6.56430E-5,-9.73474E-5,-1.29052E-4,-1.64919E-4,-2.04298E-4,-2.43678E-4,-2.78367E-4,-3.10902E-4,-3.43438E-4,-9.62056E-6,-6.91072E-5,5.62337E-5,-1.86390E-4,-5.36971E-4,-9.19019E-5,1.86051E-5,3.52664E-4,-5.09205E-5,-3.95716E-5,1.97422E-4,3.46729E-4,3.84689E-5,5.25028E-4,-8.74928E-4,-2.38529E-3,-4.14977E-3,-5.80265E-3,-5.95688E-3,-1.48798E-3,1.56910E-2,2.41811E-2,3.74042E-4,-5.42517E-2,-1.30904E-1,-1.93828E-1,-2.28886E-1,-2.19354E-1,-1.96033E-1,-1.96222E-1,-2.16649E-1,-2.16748E-1,-1.68522E-1,-6.31104E-2,7.78381E-2,1.19924E-1,4.11492E-2,-1.66010E-2,-6.73456E-3,-4.46261E-3,-6.29857E-3,-5.68285E-3,-6.30011E-3,-6.47154E-3,-6.50749E-3,-6.61728E-3,-7.73030E-3,-8.19604E-3,-8.17861E-3,-8.28662E-3,-9.47402E-3,-9.13587E-3,-9.01661E-3,-9.55654E-3,-9.44645E-3,-1.09403E-2,-1.17344E-2,-1.17248E-2,-1.19320E-2,-1.23439E-2,-1.29746E-2,-1.25115E-2,-1.22095E-2,-1.30044E-2,-1.11283E-2,-1.11115E-2,-1.15384E-2,-1.15757E-2,-1.09915E-2,-1.18722E-2,-1.20226E-2,-1.22788E-2,-1.28105E-2,-1.26555E-2,-1.20956E-2,-1.16880E-2,-1.21189E-2,-1.26455E-2,-1.24441E-2,-1.20771E-2,-1.21574E-2,-1.20340E-2,-1.15728E-2,-1.14178E-2,-1.13084E-2,-1.14517E-2,-1.15802E-2,-1.17532E-2,-1.16664E-2,-1.12766E-2,-1.11661E-2,-1.14822E-2,-1.14142E-2,-1.15185E-2,-1.15169E-2,-1.08187E-2
1.14942E+3,NaN,NaN,NaN,NaN,NaN,NaN,NaN,NaN,NaN,NaN,NaN,NaN,1.89469E-4,1.02874E-4,1.62786E-5,-1.55638E-6,-1.33316E-5,-2.32674E-5,-5.30934E-6,1.26487E-5,2.38169E-5,8.60941E-6,-6.59810E-6,-3.72915E-5,-9.70524E-5,-1.56813E-4,-1.66229E-4,-1.23335E-4,-8.04414E-5,-1.31477E-5,6.82746E-5,1.49697E-4,1.22871E-4,6.48245E-5,6.77838E-6,-5.11772E-5,-1.09125E-4,-1.66930E-4,-2.22567E-4,-2.78205E-4,-2.75536E-4,-9.82157E-5,-8.76306E-5,-2.41215E-5,-2.87006E-4,-3.89157E-4,1.83784E-4,3.86859E-4,2.87785E-4,-9.13888E-5,-1.24892E-4,9.43638E-5,1.99897E-4,2.79734E-4,8.96097E-4,-4.87596E-4,-1.90410E-3,-3.59250E-3,-5.12188E-3,-5.79247E-3,-8.90585E-4,1.47517E-2,2.36363E-2,6.95971E-3,-4.41430E-2,-1.19423E-1,-1.86051E-1,-2.26486E-1,-2.16592E-1,-1.94009E-1,-1.96590E-1,-2.13243E-1,-2.18159E-1,-1.66394E-1,-5.72900E-2,7.91699E-2,1.16547E-1,3.83650E-2,-1.65087E-2,-9.16884E-3,-4.20625E-3,-7.66060E-3,-6.43640E-3,-7.19676E-3,-7.10167E-3,-7.16696E-3,-7.46775E-3,-8.66062E-3,-8.99327E-3,-8.92263E-3,-9.13287E-3,-1.01144E-2,-9.42232E-3,-9.44659E-3,-1.02533E-2,-1.01710E-2,-1.14992E-2,-1.21337E-2,-1.19947E-2,-1.23137E-2,-1.31181E-2,-1.35553E-2,-1.28876E-2,-1.24660E-2,-1.32036E-2,-1.14224E-2,-1.16677E-2,-1.18707E-2,-1.16384E-2,-1.12429E-2,-1.21519E-2,-1.23608E-2,-1.24152E-2,-1.29455E-2,-1.27629E-2,-1.22515E-2,-1.19406E-2,-1.23365E-2,-1.28006E-2,-1.29624E-2,-1.26568E-2,-1.22786E-2,-1.21555E-2,-1.18385E-2,-1.16327E-2,-1.14704E-2,-1.17302E-2,-1.18689E-2,-1.21461E-2,-1.19453E-2,-1.14597E-2,-1.13187E-2,-1.16153E-2,-1.17171E-2,-1.16805E-2,-1.15874E-2,-1.11029E-2
1.15287E+3,NaN,NaN,NaN,NaN,NaN,NaN,NaN,NaN,NaN,NaN,NaN,7.06944E-6,-3.25943E-5,-7.22581E-5,-8.69660E-5,-4.11268E-5,4.71244E-6,4.40494E-5,7.49316E-5,1.05814E-4,9.18648E-5,4.51286E-5,-1.60762E-6,-8.27743E-5,-1.77301E-4,-2.71828E-4,-1.27008E-4,5.57109E-5,2.37307E-4,2.37495E-4,2.37683E-4,2.20212E-4,1.01899E-4,-1.64142E-5,-1.14618E-4,-1.64035E-4,-2.13451E-4,-2.90912E-4,-4.04838E-4,-5.18764E-4,-2.30911E-4,-9.74501E-5,-3.75280E-5,-4.60987E-5,-2.86681E-4,-6.78344E-5,2.62310E-4,3.93451E-4,2.25260E-4,4.25927E-5,-5.20903E-5,3.40899E-5,-9.36483E-6,6.29879E-4,6.68875E-4,-2.19604E-4,-1.53947E-3,-3.20678E-3,-4.92325E-3,-5.84831E-3,-2.14284E-5,1.36467E-2,2.43930E-2,1.17880E-2,-3.75565E-2,-1.08589E-1,-1.82179E-1,-2.20431E-1,-2.10970E-1,-1.96559E-1,-1.97618E-1,-2.16310E-1,-2.14986E-1,-1.61782E-1,-4.24952E-2,8.45996E-2,1.03050E-1,3.36268E-2,-1.20959E-2,-9.49512E-3,-6.16106E-3,-7.64093E-3,-7.51258E-3,-7.91621E-3,-7.85050E-3,-7.71029E-3,-8.46365E-3,-9.24927E-3,-9.34068E-3,-9.34462E-3,-1.00703E-2,-1.02272E-2,-9.87785E-3,-1.03244E-2,-1.05560E-2,-1.04379E-2,-1.17835E-2,-1.23107E-2,-1.24058E-2,-1.24644E-2,-1.33637E-2,-1.35394E-2,-1.29661E-2,-1.26710E-2,-1.33431E-2,-1.15901E-2,-1.17662E-2,-1.20596E-2,-1.18733E-2,-1.13699E-2,-1.22784E-2,-1.25582E-2,-1.26385E-2,-1.31245E-2,-1.29121E-2,-1.23945E-2,-1.19877E-2,-1.24473E-2,-1.29186E-2,-1.33865E-2,-1.30957E-2,-1.25332E-2,-1.24095E-2,-1.20782E-2,-1.17521E-2,-1.15653E-2,-1.19408E-2,-1.21350E-2,-1.22614E-2,-1.20401E-2,-1.17111E-2,-1.15745E-2,-1.17507E-2,-1.18730E-2,-1.19493E-2,-1.18469E-2,-1.12521E-2
1.15633E+3,NaN,NaN,NaN,NaN,NaN,NaN,NaN,NaN,NaN,NaN,NaN,3.61122E-5,-3.77242E-5,-1.11561E-4,-9.21990E-5,-2.50362E-5,4.21267E-5,5.30304E-5,5.02052E-5,4.73800E-5,4.90239E-5,5.09195E-5,4.12625E-5,-8.58435E-5,-2.12950E-4,-2.67559E-4,-8.27320E-5,1.02095E-4,2.25130E-4,2.45295E-4,2.65460E-4,1.96834E-4,4.56296E-5,-1.05575E-4,-1.86744E-4,-2.31992E-4,-2.77240E-4,-3.05549E-4,-3.29725E-4,-3.53901E-4,-1.84293E-4,9.08167E-5,-8.54649E-5,-7.97846E-5,-2.38947E-4,1.35745E-4,1.96838E-4,5.61827E-4,9.48671E-5,-1.89522E-4,-2.18046E-4,-1.88896E-4,-2.44049E-4,9.65786E-4,5.04372E-4,2.07816E-4,-1.03241E-3,-2.87759E-3,-4.70441E-3,-6.35264E-3,-2.88628E-3,1.06634E-2,2.79249E-2,1.99339E-2,-2.81091E-2,-9.93280E-2,-1.85994E-1,-2.22089E-1,-2.06669E-1,-1.97293E-1,-1.91571E-1,-2.18485E-1,-2.12658E-1,-1.63379E-1,-2.80568E-2,1.10245E-1,1.06054E-1,2.39705E-2,-2.35559E-2,-5.74263E-3,-8.80128E-3,-8.41183E-3,-9.20285E-3,-8.72096E-3,-8.78228E-3,-8.50730E-3,-9.73361E-3,-1.01101E-2,-1.01317E-2,-1.01893E-2,-1.12933E-2,-1.05831E-2,-1.03614E-2,-1.11809E-2,-1.13691E-2,-1.09712E-2,-1.24915E-2,-1.26256E-2,-1.28746E-2,-1.29856E-2,-1.36742E-2,-1.36150E-2,-1.34599E-2,-1.32116E-2,-1.33056E-2,-1.20766E-2,-1.22937E-2,-1.24282E-2,-1.22567E-2,-1.23280E-2,-1.26716E-2,-1.29165E-2,-1.28712E-2,-1.34332E-2,-1.31801E-2,-1.28437E-2,-1.24796E-2,-1.30254E-2,-1.33400E-2,-1.40043E-2,-1.37205E-2,-1.27592E-2,-1.27114E-2,-1.25904E-2,-1.23968E-2,-1.22618E-2,-1.24531E-2,-1.25870E-2,-1.27655E-2,-1.24551E-2,-1.21702E-2,-1.20137E-2,-1.20699E-2,-1.22837E-2,-1.24378E-2,-1.23042E-2,-1.17491E-2
1.15978E+3,NaN,NaN,NaN,NaN,NaN,NaN,NaN,NaN,NaN,NaN,NaN,3.51450E-6,-2.80624E-5,-5.78069E-5,-1.99568E-5,1.78933E-5,5.82053E-5,1.10601E-4,1.62997E-4,1.72114E-4,8.58438E-5,-4.26240E-7,-8.66654E-5,-1.72868E-4,-2.59070E-4,-2.07127E-4,-6.22482E-5,8.26304E-5,1.64775E-4,2.24957E-4,2.85138E-4,1.99511E-4,9.46639E-5,-1.09630E-5,-1.45364E-4,-2.79765E-4,-3.80972E-4,-3.19247E-4,-2.57523E-4,-2.06392E-4,-1.29390E-4,-2.56647E-5,-1.17255E-4,-2.22832E-4,-1.32304E-4,1.31890E-4,1.64292E-4,2.54806E-4,-9.59366E-5,-2.60804E-4,-3.48019E-4,-4.03380E-4,-1.03331E-5,7.18472E-4,6.51110E-4,2.96399E-4,-8.63112E-4,-2.63784E-3,-4.30716E-3,-5.69062E-3,-3.03992E-3,1.07134E-2,2.72823E-2,2.04439E-2,-2.18212E-2,-9.56116E-2,-1.77320E-1,-2.12262E-1,-2.06522E-1,-1.95582E-1,-1.92671E-1,-2.09990E-1,-2.03251E-1,-1.44834E-1,-1.14693E-2,1.03681E-1,9.65653E-2,2.15237E-2,-2.19098E-2,-8.70734E-3,-8.73402E-3,-1.00311E-2,-9.89516E-3,-9.49291E-3,-9.48844E-3,-9.46204E-3,-1.03658E-2,-1.06776E-2,-1.06886E-2,-1.08887E-2,-1.15966E-2,-1.10579E-2,-1.11055E-2,-1.18934E-2,-1.18827E-2,-1.16894E-2,-1.31173E-2,-1.29924E-2,-1.34434E-2,-1.34159E-2,-1.41168E-2,-1.36119E-2,-1.36320E-2,-1.34937E-2,-1.33436E-2,-1.23067E-2,-1.26886E-2,-1.27155E-2,-1.26720E-2,-1.28691E-2,-1.29999E-2,-1.30750E-2,-1.32167E-2,-1.37146E-2,-1.34351E-2,-1.30127E-2,-1.26188E-2,-1.32442E-2,-1.36918E-2,-1.45612E-2,-1.42854E-2,-1.31766E-2,-1.29712E-2,-1.29046E-2,-1.27700E-2,-1.24889E-2,-1.25652E-2,-1.27812E-2,-1.30571E-2,-1.27285E-2,-1.24275E-2,-1.23020E-2,-1.22906E-2,-1.25135E-2,-1.27016E-2,-1.25276E-2,-1.20522E-2
1.16323E+3,NaN,NaN,NaN,NaN,NaN,NaN,NaN,NaN,NaN,NaN,-1.90802E-4,-1.20305E-4,-4.98078E-5,-3.05764E-6,6.26121E-6,1.55801E-5,5.03058E-5,1.07470E-4,1.64635E-4,1.70765E-4,1.52195E-4,1.33625E-4,-6.36210E-6,-1.73595E-4,-3.40829E-4,-1.53969E-4,4.78036E-5,2.27218E-4,2.10742E-4,1.94266E-4,1.62779E-4,8.51069E-5,7.43466E-6,-7.07368E-5,-1.49695E-4,-2.28654E-4,-2.39633E-4,-1.90572E-4,-1.41512E-4,5.67679E-5,2.20946E-5,-1.44348E-4,-1.21769E-4,-2.03615E-5,7.94601E-5,9.73143E-5,3.97627E-4,2.73669E-4,-9.24332E-5,-3.27307E-4,-3.58028E-4,-2.94502E-4,3.00297E-4,6.07209E-4,6.99418E-4,4.08422E-4,-6.07968E-4,-2.11770E-3,-3.87523E-3,-6.44521E-3,-3.58184E-3,1.15602E-2,2.65196E-2,2.04986E-2,-1.89997E-2,-9.91605E-2,-1.76222E-1,-2.07126E-1,-2.07061E-1,-1.91192E-1,-1.92643E-1,-2.02090E-1,-1.97125E-1,-1.24687E-1,1.85118E-2,1.09741E-1,8.75666E-2,6.28567E-3,-1.82493E-2,-1.00626E-2,-1.02126E-2,-1.08485E-2,-1.03114E-2,-1.03542E-2,-1.01718E-2,-1.06717E-2,-1.11818E-2,-1.12787E-2,-1.12134E-2,-1.19154E-2,-1.18931E-2,-1.15164E-2,-1.20804E-2,-1.24844E-2,-1.21805E-2,-1.22485E-2,-1.34983E-2,-1.33223E-2,-1.38889E-2,-1.39937E-2,-1.42434E-2,-1.37168E-2,-1.38840E-2,-1.38079E-2,-1.33155E-2,-1.26230E-2,-1.28730E-2,-1.27679E-2,-1.28450E-2,-1.29758E-2,-1.31242E-2,-1.32293E-2,-1.33674E-2,-1.37370E-2,-1.35144E-2,-1.33279E-2,-1.27830E-2,-1.33805E-2,-1.37255E-2,-1.47400E-2,-1.44873E-2,-1.33238E-2,-1.31718E-2,-1.31244E-2,-1.28152E-2,-1.26818E-2,-1.29044E-2,-1.28803E-2,-1.30773E-2,-1.28882E-2,-1.27035E-2,-1.26076E-2,-1.25269E-2,-1.26742E-2,-1.27055E-2,-1.25615E-2,-1.22986E-2
1.16669E+3,NaN,NaN,NaN,NaN,NaN,NaN,NaN,NaN,NaN,NaN,1.47706E-4,9.40003E-5,4.02946E-5,8.12163E-6,-1.67323E-5,-4.15863E-5,-3.13531E-5,-1.67469E-5,-2.25058E-6,8.92722E-6,2.01050E-5,1.50435E-5,-6.66306E-5,-1.48305E-4,-1.79684E-4,-1.03072E-4,-2.64613E-5,7.16583E-5,1.94965E-4,3.18272E-4,2.81724E-4,1.40136E-4,-1.45135E-6,-8.20776E-5,-1.41983E-4,-2.01888E-4,-1.35113E-4,-5.25491E-5,2.58092E-5,-2.10400E-5,-1.86692E-5,-2.00934E-4,1.49494E-4,-1.30300E-4,2.08826E-4,1.66197E-4,4.99918E-4,1.98615E-4,1.51610E-6,-2.34576E-4,-3.11475E-4,-2.90942E-4,2.29841E-4,4.04524E-4,8.16210E-4,7.07128E-4,-3.86885E-4,-1.83979E-3,-3.44254E-3,-6.61064E-3,-4.67139E-3,9.71800E-3,2.60182E-2,2.44818E-2,-1.27393E-2,-9.93629E-2,-1.79134E-1,-2.11209E-1,-2.09575E-1,-1.87615E-1,-1.86986E-1,-1.96025E-1,-1.97326E-1,-1.15526E-1,4.54219E-2,1.27235E-1,8.71252E-2,-1.30901E-2,-2.24477E-2,-7.38290E-3,-1.24035E-2,-1.05545E-2,-1.10435E-2,-1.08426E-2,-1.04366E-2,-1.12775E-2,-1.15357E-2,-1.16581E-2,-1.15563E-2,-1.22713E-2,-1.19068E-2,-1.18148E-2,-1.26603E-2,-1.26115E-2,-1.22965E-2,-1.27665E-2,-1.34646E-2,-1.35236E-2,-1.38962E-2,-1.40009E-2,-1.43012E-2,-1.36610E-2,-1.40018E-2,-1.38196E-2,-1.30563E-2,-1.26539E-2,-1.31067E-2,-1.29670E-2,-1.29791E-2,-1.30863E-2,-1.31212E-2,-1.31474E-2,-1.34124E-2,-1.37589E-2,-1.36163E-2,-1.34324E-2,-1.28624E-2,-1.32724E-2,-1.35053E-2,-1.46947E-2,-1.45432E-2,-1.32645E-2,-1.29500E-2,-1.29365E-2,-1.28774E-2,-1.27791E-2,-1.28147E-2,-1.27683E-2,-1.29460E-2,-1.28229E-2,-1.26501E-2,-1.25562E-2,-1.25127E-2,-1.26588E-2,-1.28062E-2,-1.26232E-2,-1.23547E-2
1.17014E+3,NaN,NaN,NaN,NaN,NaN,NaN,NaN,NaN,NaN,NaN,7.60871E-5,7.90456E-5,7.32373E-5,-1.06586E-5,-9.45545E-5,-1.43092E-4,-8.19566E-5,-2.08208E-5,3.48613E-5,8.18919E-5,1.28923E-4,6.81058E-5,-8.85377E-5,-2.45181E-4,-1.95708E-4,-4.57963E-5,1.04115E-4,1.45565E-4,1.62432E-4,1.79299E-4,9.55225E-5,7.34262E-6,-7.55402E-5,-1.11242E-4,-1.46944E-4,-1.75274E-4,-1.80740E-4,-1.86206E-4,-1.29435E-4,-6.30051E-6,-1.07924E-4,-2.25429E-4,-9.52289E-5,-9.45404E-5,4.54540E-5,1.38248E-4,2.13396E-4,8.17502E-5,-1.32344E-4,-2.84388E-4,-1.70665E-4,-8.16059E-5,-7.94727E-5,2.92936E-4,7.85828E-4,6.81125E-4,-4.03308E-4,-1.76368E-3,-3.86259E-3,-6.03713E-3,-3.27787E-3,7.93023E-3,2.14879E-2,1.95941E-2,-2.11536E-2,-1.00531E-1,-1.75700E-1,-2.11960E-1,-2.09220E-1,-1.92687E-1,-1.87597E-1,-1.96413E-1,-1.82392E-1,-8.66892E-2,5.31380E-2,1.17445E-1,6.98937E-2,-8.28431E-3,-2.10800E-2,-9.94632E-3,-1.16559E-2,-1.11455E-2,-1.15314E-2,-1.13059E-2,-1.11593E-2,-1.15679E-2,-1.19310E-2,-1.17723E-2,-1.19134E-2,-1.23942E-2,-1.22440E-2,-1.22446E-2,-1.26526E-2,-1.27157E-2,-1.26550E-2,-1.27799E-2,-1.34729E-2,-1.36101E-2,-1.38980E-2,-1.38657E-2,-1.41874E-2,-1.35641E-2,-1.39580E-2,-1.37487E-2,-1.30157E-2,-1.27137E-2,-1.29912E-2,-1.28951E-2,-1.29313E-2,-1.30671E-2,-1.32213E-2,-1.31567E-2,-1.33779E-2,-1.35539E-2,-1.35721E-2,-1.35553E-2,-1.29857E-2,-1.32893E-2,-1.35996E-2,-1.47651E-2,-1.43963E-2,-1.32214E-2,-1.31832E-2,-1.30151E-2,-1.29052E-2,-1.28420E-2,-1.27621E-2,-1.26454E-2,-1.26985E-2,-1.26156E-2,-1.25082E-2,-1.24319E-2,-1.24761E-2,-1.26272E-2,-1.25565E-2,-1.25424E-2,-1.25221E-2
1.17360E+3,NaN,NaN,NaN,NaN,NaN,NaN,NaN,NaN,NaN,NaN,-6.79082E-5,-5.01830E-5,-1.23863E-5,4.97397E-5,1.11866E-4,1.15426E-4,7.91056E-5,4.27858E-5,2.96109E-5,2.46629E-5,1.97148E-5,-4.09936E-5,-1.09261E-4,-1.73509E-4,-7.06031E-5,3.23027E-5,1.07630E-4,4.47330E-5,-1.81634E-5,-6.22170E-5,-6.41715E-5,-6.61260E-5,-8.88806E-5,-1.36848E-4,-1.84815E-4,-1.56404E-4,-7.59852E-5,4.43406E-6,1.36118E-4,6.06835E-5,-1.75335E-6,-1.21295E-4,-1.85298E-4,2.16406E-5,1.81967E-4,2.05163E-4,1.20435E-4,-2.84602E-5,-1.79246E-4,-6.99891E-5,1.41969E-4,-1.30664E-4,-1.51768E-4,7.77744E-5,6.90637E-4,6.16940E-4,-3.11385E-4,-1.64206E-3,-4.06537E-3,-5.83992E-3,-4.12158E-3,6.11223E-3,2.00220E-2,1.90684E-2,-2.41754E-2,-1.04451E-1,-1.81500E-1,-2.13802E-1,-2.10829E-1,-1.92800E-1,-1.88611E-1,-2.00747E-1,-1.78239E-1,-6.18576E-2,7.20628E-2,1.19605E-1,5.23941E-2,-1.57640E-2,-1.74846E-2,-1.14629E-2,-1.17461E-2,-1.23927E-2,-1.20805E-2,-1.14675E-2,-1.14960E-2,-1.19298E-2,-1.22040E-2,-1.20719E-2,-1.22742E-2,-1.25244E-2,-1.23732E-2,-1.24434E-2,-1.28166E-2,-1.27445E-2,-1.28597E-2,-1.27111E-2,-1.34359E-2,-1.36886E-2,-1.39046E-2,-1.38576E-2,-1.41469E-2,-1.39268E-2,-1.40864E-2,-1.34975E-2,-1.27661E-2,-1.26832E-2,-1.29354E-2,-1.28310E-2,-1.29909E-2,-1.31485E-2,-1.30757E-2,-1.31212E-2,-1.35043E-2,-1.33116E-2,-1.35064E-2,-1.36045E-2,-1.28762E-2,-1.31990E-2,-1.34423E-2,-1.46689E-2,-1.45282E-2,-1.31641E-2,-1.28658E-2,-1.28055E-2,-1.27347E-2,-1.28355E-2,-1.27823E-2,-1.24924E-2,-1.23438E-2,-1.24325E-2,-1.24745E-2,-1.24205E-2,-1.25473E-2,-1.24751E-2,-1.23118E-2,-1.24223E-2,-1.23398E-2
1.17705E+3,NaN,NaN,NaN,NaN,NaN,NaN,NaN,NaN,NaN,NaN,-2.79990E-6,-8.89860E-5,-4.74760E-5,2.60160E-5,9.95079E-5,7.50335E-5,4.45897E-5,1.54494E-5,2.63702E-7,-1.49220E-5,-2.85215E-5,-3.67588E-5,-4.49962E-5,-5.37136E-5,-6.32446E-5,-7.27755E-5,-6.56230E-5,-4.26957E-5,-1.97683E-5,-4.19264E-5,-8.76376E-5,-1.33349E-4,-1.44632E-4,-1.47294E-4,-1.49955E-4,-3.37592E-5,8.96787E-5,1.90698E-4,6.06415E-5,3.54737E-5,9.41425E-5,-2.02144E-5,-2.93065E-4,6.09944E-5,2.74979E-4,-1.27471E-5,4.18628E-5,-2.19230E-5,-8.84348E-5,9.61227E-5,2.93101E-4,-3.60741E-4,-2.15577E-4,1.14165E-4,6.31669E-4,6.20942E-4,-5.49577E-5,-1.55676E-3,-4.25920E-3,-5.48560E-3,-4.85806E-3,3.56330E-3,1.70940E-2,1.64451E-2,-2.58400E-2,-1.08951E-1,-1.90744E-1,-2.16724E-1,-2.16683E-1,-1.93579E-1,-1.91163E-1,-2.01555E-1,-1.70809E-1,-4.17748E-2,9.05181E-2,1.25421E-1,4.43608E-2,-2.72020E-2,-1.74766E-2,-1.00026E-2,-1.33791E-2,-1.31520E-2,-1.23733E-2,-1.16291E-2,-1.15838E-2,-1.24229E-2,-1.25687E-2,-1.21745E-2,-1.24962E-2,-1.28144E-2,-1.26467E-2,-1.26321E-2,-1.29638E-2,-1.26966E-2,-1.29051E-2,-1.28544E-2,-1.35085E-2,-1.37160E-2,-1.38777E-2,-1.42110E-2,-1.38496E-2,-1.40414E-2,-1.41003E-2,-1.32704E-2,-1.26553E-2,-1.27135E-2,-1.28018E-2,-1.27177E-2,-1.28961E-2,-1.31502E-2,-1.30253E-2,-1.31459E-2,-1.35172E-2,-1.33483E-2,-1.36095E-2,-1.36541E-2,-1.29155E-2,-1.31863E-2,-1.34584E-2,-1.44959E-2,-1.41027E-2,-1.29892E-2,-1.28990E-2,-1.25839E-2,-1.25236E-2,-1.26135E-2,-1.25090E-2,-1.22329E-2,-1.20395E-2,-1.23382E-2,-1.24912E-2,-1.25896E-2,-1.26180E-2,-1.23788E-2,-1.22968E-2,-1.25373E-2,-1.23436E-2
1.18051E+3,NaN,NaN,NaN,NaN,NaN,NaN,NaN,NaN,NaN,NaN,3.98658E-5,5.22744E-5,6.72288E-5,8.21831E-5,8.03731E-5,3.68779E-5,-6.61733E-6,-1.14322E-5,3.50951E-5,8.16224E-5,6.11758E-5,-9.27541E-6,-7.97266E-5,-1.07138E-4,-1.17425E-4,-1.27713E-4,-1.67141E-4,-2.11382E-4,-2.55486E-4,-1.75107E-4,-9.47278E-5,-2.38256E-5,-9.27564E-6,5.27435E-6,3.02342E-5,8.10786E-5,1.31923E-4,1.13378E-4,-1.46692E-4,-1.75898E-4,-4.79202E-5,-3.45014E-4,-3.48167E-4,4.59478E-5,2.53587E-4,3.73499E-5,-1.35544E-5,-2.45293E-4,-2.73510E-4,8.45302E-5,-2.68419E-5,-4.31480E-4,-3.54436E-4,-2.45867E-4,2.66921E-4,5.29338E-4,-2.73008E-4,-2.17374E-3,-4.27076E-3,-5.92428E-3,-5.11328E-3,2.64523E-3,1.37328E-2,9.53748E-3,-3.36096E-2,-1.15351E-1,-1.86031E-1,-2.16331E-1,-2.16931E-1,-1.99954E-1,-1.99732E-1,-2.00381E-1,-1.47520E-1,-2.41521E-2,8.85475E-2,1.06013E-1,3.48885E-2,-2.09702E-2,-1.81380E-2,-1.17102E-2,-1.40242E-2,-1.31070E-2,-1.24852E-2,-1.18730E-2,-1.20572E-2,-1.24854E-2,-1.24727E-2,-1.23140E-2,-1.24908E-2,-1.27132E-2,-1.25242E-2,-1.27080E-2,-1.28642E-2,-1.27956E-2,-1.28095E-2,-1.26696E-2,-1.33218E-2,-1.35224E-2,-1.37773E-2,-1.38915E-2,-1.36903E-2,-1.39059E-2,-1.38542E-2,-1.27347E-2,-1.23506E-2,-1.25393E-2,-1.26314E-2,-1.25503E-2,-1.28407E-2,-1.30867E-2,-1.28236E-2,-1.29891E-2,-1.30968E-2,-1.30031E-2,-1.34772E-2,-1.34157E-2,-1.26559E-2,-1.28763E-2,-1.31314E-2,-1.42187E-2,-1.38766E-2,-1.27274E-2,-1.25372E-2,-1.22440E-2,-1.21933E-2,-1.23157E-2,-1.22013E-2,-1.20166E-2,-1.18299E-2,-1.20612E-2,-1.21420E-2,-1.23187E-2,-1.23892E-2,-1.21669E-2,-1.21083E-2,-1.23502E-2,-1.21208E-2
1.18397E+3,NaN,NaN,NaN,NaN,NaN,NaN,NaN,NaN,NaN,NaN,8.50902E-5,8.76124E-5,3.10634E-5,-2.54856E-5,-5.32957E-5,-6.40605E-5,-7.48254E-5,-4.26905E-6,9.05010E-5,1.85271E-4,1.39072E-4,7.95118E-5,1.97526E-5,-4.33370E-5,-1.06427E-4,-1.73367E-4,-2.55797E-4,-3.38226E-4,-3.47146E-4,-2.14630E-4,-8.21146E-5,-1.75405E-5,-2.51543E-5,-3.27681E-5,4.73613E-5,1.79531E-4,3.11702E-4,2.67210E-4,-9.08304E-5,-1.15184E-5,-1.54695E-4,-3.33978E-4,-1.89241E-4,2.02503E-4,-5.43043E-7,-1.33564E-4,-1.12542E-4,-2.15747E-4,5.69224E-5,4.21440E-4,-3.57166E-4,-4.69642E-4,-3.13784E-4,-1.56160E-4,3.25481E-4,5.56623E-4,-7.82613E-5,-2.00588E-3,-3.78441E-3,-5.69416E-3,-4.96924E-3,2.36743E-3,1.25971E-2,8.29573E-3,-3.93726E-2,-1.29164E-1,-1.88628E-1,-2.29892E-1,-2.23761E-1,-2.11198E-1,-2.11562E-1,-2.06665E-1,-1.35826E-1,-4.21720E-3,1.03086E-1,1.05027E-1,1.92399E-2,-2.42913E-2,-1.56063E-2,-1.41317E-2,-1.39740E-2,-1.35833E-2,-1.26756E-2,-1.21539E-2,-1.25255E-2,-1.29134E-2,-1.26087E-2,-1.23314E-2,-1.29676E-2,-1.29545E-2,-1.27032E-2,-1.29263E-2,-1.29425E-2,-1.30225E-2,-1.27494E-2,-1.25868E-2,-1.33744E-2,-1.37652E-2,-1.38141E-2,-1.40517E-2,-1.36271E-2,-1.40466E-2,-1.40292E-2,-1.25189E-2,-1.25853E-2,-1.25840E-2,-1.25683E-2,-1.25514E-2,-1.28753E-2,-1.32012E-2,-1.26561E-2,-1.30739E-2,-1.32467E-2,-1.28713E-2,-1.36262E-2,-1.34087E-2,-1.28664E-2,-1.28967E-2,-1.31030E-2,-1.43907E-2,-1.39331E-2,-1.27635E-2,-1.26124E-2,-1.22205E-2,-1.22883E-2,-1.24319E-2,-1.22091E-2,-1.18777E-2,-1.15213E-2,-1.20757E-2,-1.22363E-2,-1.23132E-2,-1.23678E-2,-1.20696E-2,-1.20443E-2,-1.22895E-2,-1.21150E-2
1.18743E+3,NaN,NaN,NaN,NaN,NaN,NaN,NaN,NaN,NaN,NaN,7.56571E-6,-2.08738E-6,-8.11062E-6,-1.41339E-5,1.35279E-5,4.24015E-5,7.22597E-5,1.10239E-4,1.48218E-4,1.65148E-4,1.19263E-4,7.33776E-5,-9.98041E-6,-1.51011E-4,-2.92042E-4,-3.54689E-4,-3.49673E-4,-3.44657E-4,-2.41748E-4,-9.26775E-5,5.63926E-5,1.71945E-5,-6.26559E-5,-1.42506E-4,2.03102E-5,1.91856E-4,3.30578E-4,1.86422E-4,1.34995E-6,2.24554E-4,-1.73530E-4,-2.60455E-4,-2.48870E-4,1.41748E-4,-6.06722E-5,-3.98693E-5,5.91332E-5,3.87589E-6,3.03786E-4,3.22947E-4,-5.42554E-4,-1.47712E-4,-3.35604E-4,-2.68503E-4,4.51540E-4,6.39624E-4,-2.53572E-4,-1.95742E-3,-3.90413E-3,-5.52719E-3,-5.23094E-3,8.97641E-4,1.10088E-2,8.30896E-3,-4.08001E-2,-1.32078E-1,-1.87627E-1,-2.41118E-1,-2.33197E-1,-2.23376E-1,-2.22273E-1,-2.10449E-1,-1.34830E-1,-6.38949E-4,1.05038E-1,1.05568E-1,1.13332E-2,-2.94482E-2,-1.41787E-2,-1.30495E-2,-1.32617E-2,-1.30075E-2,-1.19736E-2,-1.14704E-2,-1.19083E-2,-1.23508E-2,-1.17818E-2,-1.14965E-2,-1.23284E-2,-1.21021E-2,-1.18717E-2,-1.21959E-2,-1.21149E-2,-1.22074E-2,-1.17810E-2,-1.18432E-2,-1.26878E-2,-1.31863E-2,-1.34257E-2,-1.33209E-2,-1.26640E-2,-1.29056E-2,-1.31469E-2,-1.15911E-2,-1.19979E-2,-1.16859E-2,-1.19521E-2,-1.18965E-2,-1.21885E-2,-1.22548E-2,-1.18479E-2,-1.24348E-2,-1.22012E-2,-1.19911E-2,-1.29485E-2,-1.27974E-2,-1.20259E-2,-1.20929E-2,-1.23253E-2,-1.35401E-2,-1.30410E-2,-1.18931E-2,-1.17974E-2,-1.12945E-2,-1.12892E-2,-1.14734E-2,-1.12958E-2,-1.09444E-2,-1.06609E-2,-1.12021E-2,-1.13835E-2,-1.15437E-2,-1.15419E-2,-1.11493E-2,-1.11595E-2,-1.15191E-2,-1.13390E-2
1.19089E+3,NaN,NaN,NaN,NaN,NaN,NaN,NaN,NaN,NaN,1.25400E-4,1.20170E-4,9.59791E-5,7.17881E-5,3.60057E-5,-2.68791E-5,-8.97638E-5,-8.57375E-5,2.61386E-6,9.09652E-5,1.22326E-4,1.13305E-4,1.04284E-4,-2.83282E-5,-2.07084E-4,-3.85840E-4,-4.03463E-4,-3.97221E-4,-3.89124E-4,-2.48928E-4,-1.08732E-4,1.77874E-5,7.07085E-5,1.23630E-4,1.87957E-4,2.78952E-4,3.69947E-4,3.16501E-4,5.21757E-5,-5.82062E-5,-8.78340E-5,-3.86163E-4,-4.40490E-4,-8.74567E-5,-6.59954E-6,-1.89609E-4,-1.45568E-4,-1.66756E-4,-7.56318E-5,3.58925E-4,-8.33343E-6,-4.17657E-4,-2.02606E-4,-3.63135E-4,-1.87740E-4,5.01357E-4,5.69643E-4,-2.48226E-4,-1.82985E-3,-3.84825E-3,-5.33876E-3,-4.61676E-3,1.57153E-3,1.11297E-2,3.24098E-3,-5.14471E-2,-1.26567E-1,-1.95769E-1,-2.45154E-1,-2.46176E-1,-2.39375E-1,-2.35114E-1,-2.09404E-1,-1.25884E-1,1.41881E-3,9.72795E-2,8.81670E-2,1.03264E-2,-2.37622E-2,-1.53407E-2,-1.16842E-2,-1.30062E-2,-1.21776E-2,-1.12974E-2,-1.10732E-2,-1.15482E-2,-1.15347E-2,-1.11219E-2,-1.12217E-2,-1.16237E-2,-1.14997E-2,-1.14635E-2,-1.16423E-2,-1.15868E-2,-1.13858E-2,-1.10640E-2,-1.15668E-2,-1.19416E-2,-1.25385E-2,-1.27463E-2,-1.26762E-2,-1.20107E-2,-1.20933E-2,-1.25639E-2,-1.08872E-2,-1.13665E-2,-1.10750E-2,-1.12026E-2,-1.11622E-2,-1.15469E-2,-1.16793E-2,-1.11241E-2,-1.16838E-2,-1.14459E-2,-1.13365E-2,-1.25754E-2,-1.19947E-2,-1.13790E-2,-1.13488E-2,-1.14745E-2,-1.27810E-2,-1.22541E-2,-1.10467E-2,-1.09930E-2,-1.05104E-2,-1.03917E-2,-1.05543E-2,-1.04261E-2,-1.01232E-2,-9.94607E-3,-1.04687E-2,-1.06209E-2,-1.09340E-2,-1.08615E-2,-1.04541E-2,-1.03924E-2,-1.06898E-2,-1.05595E-2
1.19435E+3,NaN,NaN,NaN,NaN,NaN,NaN,NaN,NaN,NaN,5.10573E-5,6.69385E-5,8.62982E-5,1.05658E-4,7.55366E-5,1.64341E-5,-4.26684E-5,6.34466E-6,8.70179E-5,1.67691E-4,1.07607E-4,3.46745E-5,-3.95464E-5,-1.34235E-4,-2.28924E-4,-2.99757E-4,-2.76385E-4,-2.53014E-4,-2.00419E-4,-9.23225E-5,1.57737E-5,7.42338E-5,8.05705E-5,8.69073E-5,1.58002E-4,2.67026E-4,3.76050E-4,2.89056E-4,-1.58593E-4,1.08130E-4,-1.77510E-4,-2.42973E-4,-3.38741E-4,-4.61394E-5,-1.46101E-4,-1.45311E-4,-1.07212E-4,-7.28912E-5,8.66108E-5,2.11174E-4,-3.04377E-4,-2.80122E-4,-2.94358E-4,-4.11157E-4,4.34740E-5,5.95418E-4,3.50923E-4,-4.78027E-5,-1.59093E-3,-3.67048E-3,-5.39391E-3,-4.77558E-3,2.26099E-3,1.39359E-2,4.61039E-3,-5.67932E-2,-1.21152E-1,-2.09898E-1,-2.54015E-1,-2.55413E-1,-2.50238E-1,-2.44039E-1,-2.14124E-1,-1.20834E-1,1.07784E-2,1.09060E-1,7.74332E-2,-9.42670E-4,-2.36840E-2,-1.25856E-2,-1.32040E-2,-1.31230E-2,-1.22922E-2,-1.14035E-2,-1.11422E-2,-1.16924E-2,-1.13123E-2,-1.09768E-2,-1.16071E-2,-1.17047E-2,-1.13605E-2,-1.15452E-2,-1.15990E-2,-1.14167E-2,-1.11732E-2,-1.08956E-2,-1.19994E-2,-1.19752E-2,-1.24456E-2,-1.24726E-2,-1.25489E-2,-1.18309E-2,-1.20421E-2,-1.20882E-2,-1.06934E-2,-1.10401E-2,-1.08578E-2,-1.09762E-2,-1.11458E-2,-1.13501E-2,-1.13435E-2,-1.10472E-2,-1.16408E-2,-1.14523E-2,-1.14525E-2,-1.22683E-2,-1.19421E-2,-1.12750E-2,-1.12902E-2,-1.14408E-2,-1.27558E-2,-1.21150E-2,-1.08205E-2,-1.07182E-2,-1.03257E-2,-1.02649E-2,-1.03513E-2,-1.01724E-2,-9.99895E-3,-9.78415E-3,-1.04044E-2,-1.06955E-2,-1.09125E-2,-1.06852E-2,-1.01449E-2,-1.01748E-2,-1.05803E-2,-1.05124E-2
1.19781E+3,NaN,NaN,NaN,NaN,NaN,NaN,NaN,NaN,NaN,3.12164E-5,1.54217E-4,1.76276E-4,1.98336E-4,1.26338E-4,5.02689E-5,-1.87889E-5,-2.56946E-5,-3.26002E-5,-2.82173E-5,1.10985E-5,5.04142E-5,1.79012E-5,-1.28347E-4,-2.74595E-4,-3.60641E-4,-3.93290E-4,-4.25938E-4,-3.13428E-4,-1.30324E-4,5.27808E-5,1.17349E-4,1.55126E-4,1.92904E-4,2.84961E-4,3.79368E-4,4.30645E-4,1.10478E-4,-6.18197E-5,1.36758E-4,-3.23411E-4,-9.81657E-5,-1.36006E-4,-1.09754E-5,-6.74764E-5,-2.03806E-4,6.40801E-5,-3.02203E-4,1.68072E-4,2.97468E-4,-4.11788E-4,-9.11457E-5,-2.14003E-4,-6.35663E-4,1.34711E-4,6.22861E-4,3.56460E-4,3.35895E-4,-1.32992E-3,-3.44860E-3,-5.13749E-3,-4.74113E-3,2.52815E-3,1.52361E-2,5.87929E-3,-5.27216E-2,-1.17166E-1,-2.20552E-1,-2.67047E-1,-2.66870E-1,-2.62941E-1,-2.54875E-1,-2.23025E-1,-1.25401E-1,1.12951E-2,1.13810E-1,7.28383E-2,-7.48846E-3,-2.60778E-2,-9.09414E-3,-1.44409E-2,-1.24091E-2,-1.18140E-2,-1.08653E-2,-1.11933E-2,-1.14127E-2,-1.07012E-2,-1.06560E-2,-1.13009E-2,-1.11626E-2,-1.08106E-2,-1.11403E-2,-1.09937E-2,-1.09407E-2,-1.05558E-2,-1.07624E-2,-1.16985E-2,-1.14025E-2,-1.18754E-2,-1.18509E-2,-1.20098E-2,-1.15591E-2,-1.16096E-2,-1.13554E-2,-1.01331E-2,-1.04342E-2,-1.03616E-2,-1.04404E-2,-1.04171E-2,-1.06444E-2,-1.07438E-2,-1.05643E-2,-1.09557E-2,-1.05905E-2,-1.08574E-2,-1.17495E-2,-1.12066E-2,-1.07330E-2,-1.06933E-2,-1.08808E-2,-1.22302E-2,-1.15471E-2,-1.03179E-2,-1.01450E-2,-9.73564E-3,-9.72927E-3,-9.86134E-3,-9.64079E-3,-9.40210E-3,-9.24679E-3,-9.74808E-3,-9.99162E-3,-1.02616E-2,-1.00555E-2,-9.63985E-3,-9.66785E-3,-1.00346E-2,-9.92453E-3
1.20127E+3,NaN,NaN,NaN,NaN,NaN,NaN,NaN,NaN,NaN,7.17373E-5,8.30247E-5,3.43490E-5,-3.92405E-6,-1.58729E-5,-2.78217E-5,-3.04053E-5,-2.03753E-5,-1.03453E-5,3.16945E-5,9.79847E-5,1.64275E-4,6.09494E-5,-1.11047E-4,-2.83043E-4,-2.65627E-4,-2.16005E-4,-1.66382E-4,-7.91719E-5,8.13167E-6,8.13462E-5,6.82912E-5,5.52362E-5,8.25331E-5,2.11942E-4,3.41351E-4,3.45355E-4,6.86828E-5,-5.68217E-5,-5.11474E-5,-1.77993E-4,-1.32599E-4,-1.27718E-4,-1.13631E-4,-2.41049E-4,-1.51018E-4,-1.48277E-4,-5.89785E-5,2.64999E-4,3.18382E-5,-3.03245E-4,-1.62603E-4,-2.76470E-4,-2.72779E-4,7.56937E-5,2.70136E-4,4.98043E-4,2.53576E-4,-1.32455E-3,-3.54950E-3,-5.44169E-3,-4.36636E-3,4.20787E-3,1.50070E-2,9.36801E-4,-4.59127E-2,-1.26836E-1,-2.25864E-1,-2.72788E-1,-2.77663E-1,-2.74731E-1,-2.64484E-1,-2.23397E-1,-1.22694E-1,1.65922E-2,9.87833E-2,6.10706E-2,-4.91075E-3,-2.06391E-2,-1.20665E-2,-1.35129E-2,-1.24177E-2,-1.12589E-2,-1.06589E-2,-1.10151E-2,-1.09930E-2,-1.02838E-2,-1.03867E-2,-1.09539E-2,-1.07690E-2,-1.05900E-2,-1.07336E-2,-1.07289E-2,-1.04033E-2,-1.02069E-2,-1.06969E-2,-1.13238E-2,-1.11180E-2,-1.14529E-2,-1.13003E-2,-1.12911E-2,-1.12710E-2,-1.11686E-2,-1.08574E-2,-9.75342E-3,-1.00077E-2,-9.97012E-3,-9.98950E-3,-1.02278E-2,-1.02270E-2,-1.01514E-2,-1.00202E-2,-1.03622E-2,-1.02131E-2,-1.05693E-2,-1.11619E-2,-1.06216E-2,-1.03973E-2,-1.03236E-2,-1.04046E-2,-1.17807E-2,-1.10826E-2,-9.88397E-3,-9.78294E-3,-9.28422E-3,-9.21232E-3,-9.31369E-3,-9.13238E-3,-8.95908E-3,-8.75805E-3,-9.27839E-3,-9.52476E-3,-9.70533E-3,-9.49162E-3,-9.15323E-3,-9.16694E-3,-9.46975E-3,-9.40012E-3
1.20473E+3,NaN,NaN,NaN,NaN,NaN,NaN,NaN,NaN,NaN,2.36862E-5,2.08787E-5,-6.19882E-6,-2.15670E-5,-2.92862E-5,-3.70053E-5,1.68810E-5,9.15522E-5,1.66223E-4,1.60715E-4,1.45356E-4,1.25535E-4,-2.32764E-5,-1.72087E-4,-2.98331E-4,-3.19139E-4,-3.39947E-4,-2.98026E-4,-1.22289E-4,5.34485E-5,1.47883E-4,1.47645E-4,1.47407E-4,1.84511E-4,2.46008E-4,3.07505E-4,1.32004E-4,-6.98812E-5,-4.58556E-5,-2.14252E-4,-3.03753E-4,-2.18617E-4,-6.93135E-5,-1.82570E-4,-2.52727E-4,-1.64972E-4,-8.85766E-5,3.13262E-5,1.46183E-4,-2.20802E-4,-1.78823E-4,-1.98598E-4,-3.58834E-4,-6.83501E-5,6.76207E-5,2.28870E-4,7.82195E-4,5.09607E-4,-9.34091E-4,-3.31571E-3,-5.75115E-3,-4.42973E-3,6.11492E-3,1.94413E-2,5.18240E-3,-3.58369E-2,-1.34928E-1,-2.37224E-1,-2.76403E-1,-2.85959E-1,-2.84233E-1,-2.78060E-1,-2.32986E-1,-1.24639E-1,2.96228E-2,9.57492E-2,4.98293E-2,-9.09698E-3,-1.66591E-2,-1.27145E-2,-1.26057E-2,-1.15835E-2,-1.05244E-2,-1.03398E-2,-1.05473E-2,-1.01533E-2,-9.60616E-3,-1.01466E-2,-1.02779E-2,-1.01699E-2,-1.01359E-2,-1.01665E-2,-9.97714E-3,-9.79702E-3,-9.66133E-3,-1.01431E-2,-1.07111E-2,-1.06389E-2,-1.06624E-2,-1.06774E-2,-1.06334E-2,-1.06065E-2,-1.04832E-2,-1.00959E-2,-9.22285E-3,-9.41943E-3,-9.24827E-3,-9.25400E-3,-9.44911E-3,-9.53553E-3,-9.49009E-3,-9.49815E-3,-9.63361E-3,-9.57556E-3,-9.91091E-3,-1.04578E-2,-9.96848E-3,-9.80226E-3,-9.82472E-3,-9.71302E-3,-1.11099E-2,-1.03721E-2,-9.08188E-3,-9.03251E-3,-8.66985E-3,-8.61390E-3,-8.62295E-3,-8.55753E-3,-8.36992E-3,-8.13176E-3,-8.59853E-3,-8.84696E-3,-9.02267E-3,-8.71923E-3,-8.40411E-3,-8.58486E-3,-8.82378E-3,-8.71149E-3
1.20819E+3,NaN,NaN,NaN,NaN,NaN,NaN,NaN,NaN,NaN,-4.50100E-5,9.26787E-8,3.85560E-5,8.23154E-5,1.26514E-4,1.68899E-4,1.85737E-4,2.02575E-4,2.00699E-4,1.28060E-4,5.54214E-5,-3.68817E-5,-1.65384E-4,-2.93887E-4,-3.10514E-4,-2.12943E-4,-1.15371E-4,-5.61538E-5,-1.87254E-5,1.87029E-5,3.70148E-5,4.99529E-5,6.28910E-5,1.28577E-4,1.98638E-4,2.55231E-4,1.19074E-4,-4.40597E-5,2.92303E-6,-1.35005E-4,1.27947E-5,-2.01055E-4,-2.47029E-4,-2.48502E-4,-2.44104E-4,-4.97051E-5,-1.69628E-4,1.95581E-4,7.36144E-5,-3.28540E-4,6.10868E-5,-6.25683E-5,-1.90119E-4,-8.31709E-5,-1.30212E-4,-7.86407E-5,8.59097E-4,6.12900E-4,-6.03188E-4,-3.05043E-3,-5.89101E-3,-4.48469E-3,6.35784E-3,2.20088E-2,1.26215E-2,-2.91516E-2,-1.40011E-1,-2.49304E-1,-2.80330E-1,-2.94940E-1,-2.93736E-1,-2.89767E-1,-2.41768E-1,-1.25443E-1,4.06502E-2,9.73640E-2,4.37471E-2,-1.33175E-2,-1.89486E-2,-1.05078E-2,-1.25081E-2,-1.08513E-2,-9.99020E-3,-1.00543E-2,-1.00686E-2,-9.75377E-3,-9.34130E-3,-9.95937E-3,-9.70301E-3,-9.38704E-3,-9.63885E-3,-9.60157E-3,-9.33599E-3,-9.30896E-3,-9.20138E-3,-1.00211E-2,-1.00037E-2,-1.00072E-2,-1.01004E-2,-9.90132E-3,-9.94377E-3,-9.88427E-3,-9.98018E-3,-9.34462E-3,-8.59605E-3,-8.71553E-3,-8.63281E-3,-8.76851E-3,-8.92618E-3,-9.02246E-3,-8.89946E-3,-8.94813E-3,-9.17604E-3,-9.16058E-3,-9.50735E-3,-9.78239E-3,-9.39438E-3,-9.22267E-3,-9.41870E-3,-9.16566E-3,-1.04800E-2,-9.86888E-3,-8.59763E-3,-8.40705E-3,-8.02765E-3,-8.00592E-3,-8.09145E-3,-7.97986E-3,-7.89507E-3,-7.66262E-3,-7.95273E-3,-8.21372E-3,-8.43309E-3,-8.23589E-3,-7.92542E-3,-7.97961E-3,-8.28504E-3,-8.14830E-3
1.21165E+3,NaN,NaN,NaN,NaN,NaN,NaN,NaN,NaN,NaN,-2.36250E-5,-1.53533E-5,-2.16270E-7,4.88808E-5,9.79779E-5,1.04229E-4,4.11116E-5,-2.20058E-5,-3.43197E-5,-6.09671E-7,3.31003E-5,1.91502E-5,-1.85367E-5,-5.62236E-5,-9.33262E-5,-1.30292E-4,-1.67258E-4,-5.86152E-5,5.71682E-5,1.57438E-4,1.11811E-4,6.61827E-5,4.35855E-5,9.43337E-5,1.45082E-4,1.44796E-4,8.68825E-5,1.09168E-4,6.16868E-5,-6.17443E-6,4.74441E-5,-9.74006E-5,-1.62375E-4,-2.36308E-4,-1.33760E-4,-1.24256E-4,-3.57396E-5,4.46935E-5,1.18262E-5,-1.91445E-4,4.50086E-6,2.77052E-5,-2.52937E-5,-2.91599E-5,-2.50362E-4,2.23659E-4,8.65792E-4,6.41078E-4,-4.64889E-4,-3.03991E-3,-5.43902E-3,-3.38848E-3,8.25208E-3,2.24832E-2,1.64635E-2,-3.82515E-2,-1.49513E-1,-2.46141E-1,-2.83565E-1,-3.01261E-1,-3.04641E-1,-2.95951E-1,-2.40007E-1,-1.10671E-1,3.57279E-2,8.10553E-2,3.68034E-2,-1.02065E-2,-1.81167E-2,-1.06931E-2,-1.20050E-2,-1.07929E-2,-1.03978E-2,-1.02762E-2,-9.96402E-3,-9.37455E-3,-9.43169E-3,-9.82687E-3,-9.70920E-3,-9.63776E-3,-9.64888E-3,-9.51016E-3,-9.27662E-3,-9.23040E-3,-9.31523E-3,-9.85397E-3,-9.84174E-3,-9.79328E-3,-9.97686E-3,-9.90295E-3,-9.96145E-3,-9.75704E-3,-9.69356E-3,-9.24868E-3,-8.62167E-3,-8.54773E-3,-8.55083E-3,-8.68072E-3,-8.74781E-3,-8.71171E-3,-8.67889E-3,-8.89881E-3,-8.98987E-3,-8.88046E-3,-9.24266E-3,-9.47170E-3,-9.13866E-3,-9.17445E-3,-9.29525E-3,-9.03326E-3,-1.04312E-2,-9.70244E-3,-8.39068E-3,-8.16161E-3,-7.82621E-3,-7.76940E-3,-7.88706E-3,-7.77982E-3,-7.69172E-3,-7.67384E-3,-7.75374E-3,-7.93480E-3,-8.15191E-3,-7.92568E-3,-7.70239E-3,-7.88370E-3,-8.11364E-3,-8.05340E-3
1.21511E+3,NaN,NaN,NaN,NaN,NaN,NaN,NaN,NaN,NaN,9.16211E-5,-2.32211E-5,-7.15273E-5,-1.11576E-4,-1.51625E-4,-8.27322E-5,3.41110E-5,1.50954E-4,1.29545E-4,8.12578E-5,3.29707E-5,9.91052E-7,-3.06573E-5,-5.90068E-5,-6.38241E-5,-6.86413E-5,-6.50899E-5,-3.84227E-5,-1.17554E-5,1.32087E-5,3.57085E-5,5.82083E-5,6.78692E-5,6.70898E-5,6.63104E-5,9.38065E-5,2.44705E-5,-2.02233E-5,-7.18107E-5,-7.93296E-6,-5.11898E-5,-1.33642E-4,-1.29648E-4,-1.05632E-4,-1.16774E-4,-1.50629E-4,-4.22828E-5,-5.63478E-5,-9.71697E-5,-6.48020E-5,-6.02102E-5,-1.77715E-4,-1.96402E-4,-2.97090E-4,-2.89493E-4,3.25752E-4,8.19615E-4,9.58116E-4,-1.85212E-4,-2.90620E-3,-5.36442E-3,-3.53879E-3,1.05885E-2,2.90277E-2,2.42097E-2,-3.88083E-2,-1.60012E-1,-2.42132E-1,-2.89149E-1,-3.09905E-1,-3.20392E-1,-3.12484E-1,-2.51195E-1,-1.02873E-1,3.66803E-2,7.23082E-2,3.10869E-2,-1.26844E-2,-1.38771E-2,-1.06376E-2,-1.08655E-2,-1.01254E-2,-9.67556E-3,-9.57053E-3,-9.26560E-3,-8.88059E-3,-9.09320E-3,-8.90711E-3,-8.86610E-3,-8.89146E-3,-8.85399E-3,-8.55410E-3,-8.49658E-3,-8.47632E-3,-8.69503E-3,-9.17897E-3,-9.05462E-3,-9.02165E-3,-9.13673E-3,-9.03738E-3,-9.26430E-3,-8.71912E-3,-8.95009E-3,-8.42855E-3,-7.85211E-3,-7.75693E-3,-7.70790E-3,-7.83047E-3,-7.82838E-3,-7.84869E-3,-7.91455E-3,-8.10681E-3,-8.23244E-3,-8.21895E-3,-8.49100E-3,-8.65091E-3,-8.37051E-3,-8.43272E-3,-8.73728E-3,-8.32799E-3,-9.55774E-3,-8.67601E-3,-7.51911E-3,-7.41679E-3,-7.17507E-3,-7.09833E-3,-7.06024E-3,-7.06550E-3,-6.99142E-3,-6.79757E-3,-6.95753E-3,-7.15797E-3,-7.22145E-3,-7.10268E-3,-6.98459E-3,-7.10653E-3,-7.31453E-3,-7.25035E-3
1.21858E+3,NaN,NaN,NaN,NaN,NaN,NaN,NaN,NaN,NaN,1.07518E-4,-3.49802E-5,-1.00289E-5,2.81296E-5,6.60882E-5,5.39902E-5,4.18922E-5,2.88441E-5,1.02749E-5,-8.29431E-6,-2.13661E-5,-2.09587E-5,-2.05512E-5,-2.08958E-5,-2.22271E-5,-2.35584E-5,-3.26934E-5,-4.75868E-5,-6.24803E-5,-4.74839E-5,-2.07633E-5,5.95724E-6,2.82065E-5,4.97346E-5,7.16861E-5,1.98135E-4,-5.53987E-5,1.63788E-4,-8.15921E-5,1.03130E-4,-3.64253E-6,-1.73032E-4,-1.71389E-4,-1.41839E-4,-1.38702E-4,-6.61207E-5,-1.04401E-4,-5.10001E-5,-1.48107E-4,5.68740E-5,-8.07938E-5,-1.02737E-4,1.34182E-4,-2.89799E-4,-3.43137E-4,3.30428E-4,6.59455E-4,1.36045E-3,1.58569E-4,-2.46315E-3,-5.33157E-3,-5.13104E-3,1.03776E-2,3.60287E-2,3.23753E-2,-3.15987E-2,-1.69086E-1,-2.37805E-1,-2.95185E-1,-3.15720E-1,-3.29996E-1,-3.25451E-1,-2.61882E-1,-9.23424E-2,5.02023E-2,7.43370E-2,2.63657E-2,-2.05309E-2,-1.16530E-2,-9.75280E-3,-1.09299E-2,-9.85569E-3,-9.24958E-3,-9.24825E-3,-8.68159E-3,-8.49420E-3,-8.74280E-3,-8.58583E-3,-8.59775E-3,-8.37093E-3,-8.50072E-3,-7.94172E-3,-7.98135E-3,-7.96244E-3,-8.09973E-3,-8.71232E-3,-8.31880E-3,-8.41857E-3,-8.46376E-3,-8.41127E-3,-8.76372E-3,-8.35258E-3,-8.45777E-3,-8.10386E-3,-7.48789E-3,-7.18569E-3,-7.16876E-3,-7.34955E-3,-7.38035E-3,-7.32999E-3,-7.34052E-3,-7.54003E-3,-7.60969E-3,-7.71795E-3,-8.08256E-3,-8.01107E-3,-7.66727E-3,-8.00741E-3,-8.14423E-3,-7.85776E-3,-9.03002E-3,-8.22479E-3,-7.00871E-3,-6.74488E-3,-6.53546E-3,-6.54858E-3,-6.55867E-3,-6.54414E-3,-6.54275E-3,-6.47917E-3,-6.53585E-3,-6.68345E-3,-6.75115E-3,-6.56368E-3,-6.42219E-3,-6.58823E-3,-6.70541E-3,-6.61221E-3
1.22204E+3,NaN,NaN,NaN,NaN,NaN,NaN,NaN,NaN,7.65746E-5,8.06541E-5,-4.60641E-5,-7.61566E-6,3.08328E-5,4.07923E-5,-1.24607E-5,-6.57138E-5,-8.07306E-5,-4.96751E-5,-1.86196E-5,-1.91520E-5,-4.10620E-5,-6.29720E-5,-9.78625E-6,6.98885E-5,1.49563E-4,9.80926E-5,2.90932E-5,-3.79275E-5,-2.76384E-5,-1.73493E-5,-1.59244E-5,-5.84573E-5,-1.00990E-4,-8.77222E-5,-1.34354E-5,-6.74778E-5,-2.30433E-5,1.02692E-4,6.19733E-5,-4.99952E-6,-1.38046E-4,-1.03144E-4,-8.49577E-5,-6.32809E-5,-5.52426E-5,-1.20011E-4,-2.18561E-4,-8.87021E-5,2.48515E-7,6.41586E-5,1.34493E-5,-7.01431E-5,-3.44612E-4,-2.12414E-4,2.59304E-4,7.76408E-4,1.19052E-3,2.99654E-4,-1.86186E-3,-4.48125E-3,-2.94592E-3,1.36961E-2,3.59301E-2,2.77207E-2,-4.19026E-2,-1.56918E-1,-2.33884E-1,-2.95318E-1,-3.24337E-1,-3.39453E-1,-3.29400E-1,-2.49579E-1,-9.13215E-2,3.51505E-2,6.10707E-2,2.17321E-2,-1.39766E-2,-1.35705E-2,-9.76059E-3,-1.06873E-2,-9.56555E-3,-9.21677E-3,-8.98738E-3,-8.58475E-3,-8.53654E-3,-8.50119E-3,-8.32472E-3,-8.21543E-3,-8.01558E-3,-7.96068E-3,-7.72963E-3,-7.80747E-3,-7.82056E-3,-7.96872E-3,-8.30090E-3,-7.92465E-3,-8.02745E-3,-8.05776E-3,-8.21676E-3,-8.30010E-3,-7.97523E-3,-7.98222E-3,-7.63118E-3,-6.87302E-3,-6.70623E-3,-6.84629E-3,-6.97640E-3,-6.80463E-3,-6.94824E-3,-6.98287E-3,-7.20301E-3,-7.40499E-3,-7.50844E-3,-7.73113E-3,-7.60424E-3,-7.37859E-3,-7.66583E-3,-7.73328E-3,-7.40941E-3,-8.66132E-3,-7.89311E-3,-6.66057E-3,-6.45007E-3,-6.31263E-3,-6.10572E-3,-6.18872E-3,-6.27277E-3,-6.20432E-3,-6.23808E-3,-6.22315E-3,-6.30769E-3,-6.31715E-3,-6.09727E-3,-6.11059E-3,-6.38926E-3,-6.45077E-3,-6.11169E-3
1.22551E+3,NaN,NaN,NaN,NaN,NaN,NaN,NaN,NaN,-2.04529E-5,-7.18886E-5,-5.38194E-5,-3.64516E-5,-1.90839E-5,-2.39499E-5,-4.27646E-5,-6.15792E-5,-4.65223E-5,-2.06131E-5,5.29616E-6,7.35804E-5,1.46562E-4,2.11696E-4,1.02436E-4,-6.82320E-6,-9.06690E-5,-6.32370E-5,-3.58050E-5,2.29120E-6,6.21591E-5,1.22027E-4,1.08118E-4,1.15569E-5,-8.50038E-5,-7.01650E-5,8.65142E-6,1.22933E-4,8.61776E-5,7.60979E-5,5.26574E-5,-8.68540E-5,-7.64392E-5,-1.76217E-5,5.78051E-6,-5.87192E-5,2.62073E-6,-7.73907E-5,-3.17599E-5,3.41617E-5,3.48538E-5,2.54249E-5,-7.29201E-5,-1.96369E-4,-2.42253E-4,-6.10343E-5,2.22059E-4,8.66186E-4,1.21286E-3,4.50087E-4,-1.63976E-3,-5.10961E-3,-2.92819E-3,1.68069E-2,3.61122E-2,2.94025E-2,-5.04391E-2,-1.46999E-1,-2.33167E-1,-2.96176E-1,-3.29983E-1,-3.46940E-1,-3.34479E-1,-2.36856E-1,-7.90918E-2,3.23043E-2,4.97819E-2,1.47190E-2,-1.27967E-2,-1.30887E-2,-1.01743E-2,-9.77527E-3,-9.09924E-3,-9.01088E-3,-8.66384E-3,-8.41032E-3,-8.38855E-3,-8.23161E-3,-7.90923E-3,-7.62196E-3,-7.54169E-3,-7.28669E-3,-7.41570E-3,-7.51386E-3,-7.33287E-3,-7.74162E-3,-7.66577E-3,-7.35995E-3,-7.29141E-3,-7.44597E-3,-7.72775E-3,-7.71193E-3,-7.63933E-3,-7.46073E-3,-7.33470E-3,-6.52601E-3,-6.29301E-3,-6.30169E-3,-6.49068E-3,-6.06840E-3,-6.42451E-3,-6.47046E-3,-6.94890E-3,-6.91342E-3,-6.89741E-3,-7.21186E-3,-7.04623E-3,-6.79385E-3,-7.19471E-3,-7.19421E-3,-6.91573E-3,-8.01825E-3,-7.12915E-3,-6.06881E-3,-5.89191E-3,-5.70550E-3,-5.68332E-3,-5.71655E-3,-5.69886E-3,-5.58425E-3,-5.56494E-3,-5.55471E-3,-5.67276E-3,-5.71549E-3,-5.73493E-3,-5.74142E-3,-5.85001E-3,-5.90623E-3,-5.60869E-3
1.22897E+3,NaN,NaN,NaN,NaN,NaN,NaN,NaN,NaN,6.64259E-5,-2.57579E-5,-8.47013E-5,2.16420E-5,1.27985E-4,3.82476E-5,-6.95934E-5,-1.63982E-4,-4.12206E-5,8.15411E-5,1.60878E-4,6.78046E-5,-2.52692E-5,-6.72076E-5,-1.16530E-5,4.39016E-5,5.41101E-5,1.65335E-5,-2.10432E-5,-5.55462E-5,-8.82421E-5,-1.20938E-4,-1.44117E-4,-1.64494E-4,-1.84871E-4,-2.46563E-5,-1.74351E-4,3.38013E-6,-1.73034E-4,1.00487E-4,6.26099E-5,-9.43291E-5,1.02107E-4,-1.30195E-4,2.01346E-4,2.32599E-4,4.15425E-5,-3.48962E-4,1.13497E-4,1.26504E-4,5.97051E-5,5.03369E-5,1.74490E-5,-6.98992E-5,-1.29052E-4,-3.07927E-4,1.43709E-4,8.56866E-4,1.67954E-3,1.04751E-3,-1.07796E-3,-5.21175E-3,-4.40630E-3,1.81533E-2,3.80734E-2,4.14905E-2,-4.78739E-2,-1.34213E-1,-2.34790E-1,-3.02263E-1,-3.39713E-1,-3.59862E-1,-3.52170E-1,-2.40242E-1,-7.11935E-2,3.52554E-2,4.26514E-2,1.20603E-2,-1.84641E-2,-1.14805E-2,-9.29333E-3,-9.02677E-3,-9.07594E-3,-8.28606E-3,-8.09398E-3,-7.98679E-3,-7.69624E-3,-7.40641E-3,-7.42146E-3,-6.93504E-3,-6.69673E-3,-6.34496E-3,-6.74178E-3,-7.15287E-3,-6.37239E-3,-7.63966E-3,-6.87054E-3,-6.76427E-3,-6.63405E-3,-6.99060E-3,-7.02908E-3,-6.88849E-3,-6.87679E-3,-6.78497E-3,-6.74205E-3,-5.61628E-3,-5.66491E-3,-5.85466E-3,-6.02975E-3,-5.23053E-3,-5.67804E-3,-5.85063E-3,-6.25169E-3,-6.27646E-3,-6.33883E-3,-6.49120E-3,-6.32392E-3,-5.99156E-3,-6.45352E-3,-6.55328E-3,-6.33738E-3,-7.29426E-3,-6.44604E-3,-5.50846E-3,-5.28870E-3,-4.98790E-3,-4.84844E-3,-4.85317E-3,-5.07489E-3,-5.16516E-3,-5.04935E-3,-4.98999E-3,-5.07886E-3,-5.15827E-3,-5.06215E-3,-4.95771E-3,-5.10972E-3,-5.28778E-3,-5.00507E-3
1.23244E+3,NaN,NaN,NaN,NaN,NaN,NaN,NaN,NaN,7.40291E-5,-9.74834E-5,-1.83419E-4,-3.90903E-5,7.73313E-5,9.10497E-5,1.04768E-4,8.25749E-5,-4.43475E-6,-9.14444E-5,-8.55615E-5,1.34454E-5,1.12452E-4,9.08364E-5,2.02606E-6,-8.67843E-5,-6.81302E-5,-2.00593E-5,2.80117E-5,-2.13191E-5,-7.82127E-5,-1.31674E-4,-1.40093E-4,-1.48512E-4,-1.11195E-4,1.46293E-5,-5.68361E-5,9.08931E-5,-1.70282E-4,-5.32491E-5,1.46582E-4,7.17502E-5,6.30389E-5,7.46743E-5,1.08131E-4,-2.90155E-5,-8.57697E-5,-1.71127E-4,4.11031E-4,6.21786E-5,-1.25626E-5,1.81349E-5,-5.84577E-6,4.18933E-5,-4.67108E-7,-1.05053E-4,1.66172E-4,7.38797E-4,1.34987E-3,1.35150E-3,-1.04297E-3,-4.67067E-3,-2.37038E-3,1.67765E-2,3.77721E-2,3.78442E-2,-3.73327E-2,-1.26212E-1,-2.31734E-1,-3.05094E-1,-3.45624E-1,-3.65310E-1,-3.47861E-1,-2.33001E-1,-7.10847E-2,2.62234E-2,3.35387E-2,1.04301E-2,-1.81780E-2,-1.22442E-2,-8.28132E-3,-9.07373E-3,-8.65744E-3,-7.92515E-3,-7.71041E-3,-7.75454E-3,-7.35754E-3,-7.16977E-3,-7.07368E-3,-6.38883E-3,-6.16482E-3,-5.91822E-3,-6.37515E-3,-6.28646E-3,-6.04831E-3,-6.94889E-3,-6.41716E-3,-6.41092E-3,-6.04443E-3,-6.40611E-3,-6.79493E-3,-6.59533E-3,-6.28685E-3,-6.32789E-3,-6.22939E-3,-5.24327E-3,-5.09993E-3,-5.28788E-3,-5.34361E-3,-4.64207E-3,-5.21107E-3,-5.55629E-3,-5.77957E-3,-6.00561E-3,-5.84384E-3,-5.90523E-3,-5.55628E-3,-5.45655E-3,-5.85760E-3,-6.08903E-3,-5.81084E-3,-6.57307E-3,-5.80679E-3,-4.91799E-3,-4.77587E-3,-4.58065E-3,-4.27174E-3,-4.33091E-3,-4.54470E-3,-4.66088E-3,-4.52028E-3,-4.50421E-3,-4.60867E-3,-4.59970E-3,-4.54057E-3,-4.34435E-3,-4.51918E-3,-4.64125E-3,-4.23296E-3
1.23590E+3,NaN,NaN,NaN,NaN,NaN,NaN,NaN,NaN,-4.78580E-5,-5.58228E-5,5.46171E-6,1.09405E-4,1.20996E-4,4.35290E-5,-3.39378E-5,-3.83044E-5,-3.64450E-6,3.10154E-5,5.23029E-5,7.01379E-5,8.79728E-5,2.30623E-5,-4.73498E-5,-1.11584E-4,-1.05267E-4,-9.89506E-5,-1.09382E-4,-1.78045E-4,-2.46709E-4,-2.80958E-4,-2.55654E-4,-2.30350E-4,-6.58664E-5,3.69425E-5,3.66190E-5,-1.21530E-4,-2.82051E-4,-7.92952E-5,5.60673E-6,5.17061E-5,3.95743E-5,5.42645E-6,1.36320E-4,2.47391E-5,-2.93547E-4,8.85878E-5,3.55552E-4,2.70243E-5,-7.23161E-5,-1.65741E-4,-9.45609E-5,5.55130E-5,-7.54395E-5,-1.81161E-4,-1.94273E-5,6.90883E-4,1.58680E-3,1.27266E-3,-8.67998E-4,-4.57329E-3,-7.85306E-4,1.55580E-2,4.22292E-2,3.37008E-2,-2.87045E-2,-1.26350E-1,-2.33534E-1,-3.09785E-1,-3.52040E-1,-3.73941E-1,-3.41912E-1,-2.17253E-1,-6.50601E-2,1.52864E-2,2.60132E-2,4.25095E-3,-1.53607E-2,-1.15823E-2,-8.12960E-3,-9.12349E-3,-8.40052E-3,-7.71346E-3,-7.63271E-3,-7.44525E-3,-7.06517E-3,-7.07205E-3,-6.49505E-3,-5.79606E-3,-5.60613E-3,-5.88682E-3,-6.34091E-3,-5.89636E-3,-6.25873E-3,-6.52646E-3,-6.17792E-3,-6.13192E-3,-5.76109E-3,-5.96647E-3,-6.41798E-3,-6.40906E-3,-5.76338E-3,-5.77664E-3,-6.06888E-3,-4.60300E-3,-4.91482E-3,-5.29007E-3,-4.98945E-3,-3.78545E-3,-4.76055E-3,-4.97541E-3,-5.34737E-3,-5.67560E-3,-5.68469E-3,-5.55545E-3,-5.46901E-3,-5.02321E-3,-5.56181E-3,-5.60877E-3,-5.35805E-3,-6.10291E-3,-5.30439E-3,-4.53652E-3,-4.40052E-3,-4.10395E-3,-3.88067E-3,-3.97667E-3,-4.04392E-3,-4.20679E-3,-4.26459E-3,-4.30234E-3,-4.11300E-3,-4.10852E-3,-4.17435E-3,-3.96649E-3,-4.15136E-3,-4.17823E-3,-3.61975E-3
1.23937E+3,NaN,NaN,NaN,NaN,NaN,NaN,NaN,NaN,1.42245E-4,-1.83326E-4,-1.59052E-4,-2.25183E-5,-1.60360E-5,-4.17063E-5,-6.73765E-5,-2.17608E-6,6.83504E-5,1.29104E-4,8.79334E-5,4.67626E-5,1.57096E-5,1.84628E-5,2.12160E-5,1.43072E-5,-8.82889E-6,-3.19650E-5,-6.38946E-5,-1.04070E-4,-1.44246E-4,-1.46280E-4,-1.28570E-4,-1.10861E-4,3.23123E-4,3.47671E-4,1.78292E-4,-2.83747E-4,-3.16840E-4,2.41264E-4,5.26290E-4,4.64387E-4,3.10996E-4,3.80364E-4,3.43731E-4,1.66671E-4,-3.27801E-4,3.75449E-4,1.01813E-4,-2.34212E-4,-2.62694E-4,-2.52458E-5,1.99135E-4,3.86514E-4,-2.26348E-5,-4.66559E-6,-8.08934E-5,7.09408E-4,1.84370E-3,1.50436E-3,-3.99868E-4,-4.98520E-3,-1.98424E-3,1.36652E-2,5.02971E-2,4.22587E-2,-1.45254E-2,-1.22597E-1,-2.35916E-1,-3.14431E-1,-3.56631E-1,-3.85030E-1,-3.47240E-1,-2.07860E-1,-5.66484E-2,5.87272E-3,2.12034E-2,7.17996E-4,-1.52298E-2,-8.84761E-3,-8.63335E-3,-8.42485E-3,-7.62595E-3,-7.05746E-3,-7.17956E-3,-6.62975E-3,-6.15690E-3,-6.20666E-3,-5.22467E-3,-4.91350E-3,-4.77587E-3,-5.22371E-3,-5.45091E-3,-4.69328E-3,-6.08930E-3,-5.44880E-3,-5.74507E-3,-5.43723E-3,-4.76312E-3,-5.09865E-3,-5.67058E-3,-5.84788E-3,-5.12383E-3,-4.99084E-3,-5.27478E-3,-3.72346E-3,-4.12302E-3,-4.37014E-3,-4.13111E-3,-2.90623E-3,-4.10515E-3,-4.43884E-3,-4.77555E-3,-4.78968E-3,-4.81146E-3,-4.80711E-3,-4.21719E-3,-4.48991E-3,-4.45522E-3,-4.87518E-3,-4.82520E-3,-5.12407E-3,-4.44525E-3,-3.71587E-3,-3.61326E-3,-3.38235E-3,-2.93024E-3,-3.13897E-3,-3.42857E-3,-3.37634E-3,-3.35009E-3,-3.49763E-3,-3.37069E-3,-3.51886E-3,-3.60854E-3,-3.33553E-3,-3.39315E-3,-3.44863E-3,-2.84625E-3
1.24284E+3,NaN,NaN,NaN,NaN,NaN,NaN,NaN,NaN,7.10479E-5,-3.39756E-4,1.50881E-4,4.23601E-4,1.73625E-4,-7.63505E-5,-2.49145E-4,-1.70177E-4,-9.12090E-5,-2.49303E-5,2.04222E-5,6.57746E-5,7.39025E-5,4.77167E-5,2.15310E-5,-4.93207E-5,-1.42855E-4,-2.36390E-4,-2.26787E-4,-1.92368E-4,-1.57950E-4,-1.97867E-4,-2.41786E-4,-2.47337E-4,9.52338E-5,1.24257E-4,8.60567E-5,-4.24670E-4,-9.02117E-6,1.88052E-4,5.61447E-4,3.07017E-4,7.68623E-5,3.13378E-4,6.43147E-4,1.99493E-4,-4.35303E-4,8.33833E-4,-8.87030E-5,-1.72937E-4,-2.16323E-5,3.38826E-5,3.89040E-4,5.62380E-4,4.24487E-6,-1.99488E-4,-5.20084E-4,4.68817E-4,2.28319E-3,1.74284E-3,1.81359E-4,-4.06413E-3,-3.27709E-3,1.36827E-2,5.38100E-2,5.34299E-2,-5.12098E-3,-1.20741E-1,-2.41917E-1,-3.22052E-1,-3.63432E-1,-3.92483E-1,-3.49678E-1,-1.99844E-1,-5.03297E-2,8.32606E-4,1.59007E-2,3.61186E-3,-1.68178E-2,-8.20435E-3,-9.12052E-3,-7.86117E-3,-7.51247E-3,-6.94079E-3,-7.35825E-3,-6.36948E-3,-6.05414E-3,-6.19122E-3,-4.69726E-3,-4.77183E-3,-4.50037E-3,-5.56239E-3,-5.34786E-3,-4.23026E-3,-6.19392E-3,-4.89333E-3,-5.40775E-3,-4.99550E-3,-4.37422E-3,-4.57648E-3,-5.18059E-3,-5.67108E-3,-4.45651E-3,-4.56695E-3,-5.28202E-3,-3.69050E-3,-3.76133E-3,-3.79709E-3,-3.80054E-3,-2.77260E-3,-3.89365E-3,-3.98948E-3,-4.39551E-3,-4.44953E-3,-4.33366E-3,-4.30792E-3,-4.00955E-3,-3.99248E-3,-4.05500E-3,-4.20352E-3,-4.44494E-3,-4.85097E-3,-3.96355E-3,-3.27120E-3,-3.18187E-3,-3.01127E-3,-2.81691E-3,-2.76243E-3,-2.97848E-3,-3.14806E-3,-3.02251E-3,-3.19279E-3,-2.99862E-3,-3.41969E-3,-3.56543E-3,-2.90916E-3,-2.95596E-3,-2.92225E-3,-2.26852E-3
1.24631E+3,NaN,NaN,NaN,NaN,NaN,NaN,NaN,NaN,2.04563E-4,-2.16665E-4,2.60249E-5,8.03977E-5,-4.12684E-5,-1.62934E-4,-1.95398E-4,-1.46167E-4,-9.69368E-5,-3.29734E-5,3.84175E-5,1.09808E-4,4.08968E-6,-1.43801E-4,-2.91692E-4,-1.89193E-4,-7.36662E-5,1.79894E-5,-1.22081E-4,-2.62151E-4,-3.76598E-4,-4.08210E-4,-4.39821E-4,-2.41900E-4,4.57263E-5,5.72379E-5,-6.07355E-5,-3.90296E-4,9.19533E-5,5.42087E-4,7.22178E-4,3.71342E-4,2.84816E-4,5.13420E-4,5.53236E-4,1.06134E-4,-2.08642E-4,4.47836E-4,-1.52417E-4,-1.54078E-4,-1.19127E-4,2.12385E-5,4.70147E-4,4.15027E-4,-4.00210E-5,-3.94183E-4,-3.11680E-4,9.42195E-4,1.93806E-3,1.40582E-3,-3.44516E-4,-4.10841E-3,-3.02077E-3,1.88015E-2,5.48277E-2,5.71966E-2,-5.31083E-3,-1.21355E-1,-2.42194E-1,-3.22288E-1,-3.69915E-1,-3.91768E-1,-3.33125E-1,-1.87693E-1,-6.01079E-2,-1.00884E-2,8.62377E-3,5.19249E-3,-1.21080E-2,-9.46301E-3,-7.87237E-3,-7.37159E-3,-6.99410E-3,-6.51066E-3,-6.56226E-3,-5.56082E-3,-5.52078E-3,-5.22513E-3,-4.07199E-3,-3.70972E-3,-3.88406E-3,-4.88808E-3,-4.50040E-3,-4.29988E-3,-5.19848E-3,-4.53948E-3,-4.49741E-3,-4.08253E-3,-3.66008E-3,-3.84956E-3,-4.61459E-3,-4.82833E-3,-3.68476E-3,-4.00703E-3,-4.36980E-3,-3.12014E-3,-3.05870E-3,-3.36750E-3,-2.86529E-3,-1.73418E-3,-3.22677E-3,-3.68094E-3,-3.97070E-3,-4.11141E-3,-3.84910E-3,-3.65190E-3,-3.36006E-3,-3.62731E-3,-3.36603E-3,-3.39501E-3,-3.71078E-3,-3.70492E-3,-3.12297E-3,-2.76587E-3,-2.86767E-3,-2.40433E-3,-1.91261E-3,-1.90666E-3,-2.10518E-3,-2.23176E-3,-2.24084E-3,-2.47319E-3,-2.22316E-3,-2.59785E-3,-2.68848E-3,-1.91025E-3,-2.22256E-3,-2.50191E-3,-1.43549E-3
1.24978E+3,NaN,NaN,NaN,NaN,NaN,NaN,NaN,NaN,-3.96999E-5,-4.37433E-4,4.17799E-4,3.58570E-4,8.83367E-5,-1.81897E-4,-1.64987E-4,-7.92613E-5,6.46432E-6,-2.76897E-5,-6.82154E-5,-1.08541E-4,-1.46897E-4,-1.85254E-4,-2.27385E-4,-2.81787E-4,-3.36188E-4,-3.66426E-4,-3.56919E-4,-3.47413E-4,-3.72009E-4,-4.27963E-4,-4.83917E-4,-1.58947E-4,7.32557E-5,7.44959E-5,-4.07564E-4,-6.31870E-4,-1.78623E-5,6.48728E-4,5.62882E-4,9.34955E-5,1.86699E-4,5.16714E-4,5.42475E-4,-6.43921E-4,3.47347E-4,3.14171E-4,-1.35907E-4,-4.22919E-4,-2.90750E-4,3.60809E-4,7.35748E-4,4.85565E-4,-6.66759E-5,-5.66334E-4,-1.98640E-4,8.75185E-4,1.61086E-3,1.84579E-3,1.03017E-4,-4.70696E-3,-3.13852E-3,2.34757E-2,6.40717E-2,6.40121E-2,-3.43392E-3,-1.27428E-1,-2.49771E-1,-3.26861E-1,-3.80043E-1,-3.99420E-1,-3.22751E-1,-1.70819E-1,-5.93131E-2,-1.70740E-2,1.19854E-2,4.15850E-3,-1.05348E-2,-9.06200E-3,-7.00718E-3,-6.80303E-3,-6.20158E-3,-6.57640E-3,-6.01988E-3,-5.24363E-3,-5.05068E-3,-3.93612E-3,-3.36768E-3,-3.18343E-3,-4.09572E-3,-4.71495E-3,-3.47346E-3,-4.56716E-3,-4.41109E-3,-4.01603E-3,-3.77248E-3,-3.54148E-3,-2.76823E-3,-3.23899E-3,-4.10873E-3,-3.83355E-3,-3.27911E-3,-3.32349E-3,-3.36269E-3,-2.45238E-3,-2.37748E-3,-2.75062E-3,-2.27436E-3,-1.47890E-3,-2.91602E-3,-3.34690E-3,-3.34692E-3,-3.26039E-3,-3.11212E-3,-3.04059E-3,-2.92726E-3,-3.04821E-3,-2.73302E-3,-2.76369E-3,-3.15926E-3,-3.24259E-3,-2.51119E-3,-1.96664E-3,-2.05450E-3,-1.78452E-3,-1.31882E-3,-1.42664E-3,-1.60671E-3,-1.67757E-3,-1.75573E-3,-2.15824E-3,-1.72634E-3,-2.58327E-3,-2.60338E-3,-1.45783E-3,-1.68687E-3,-1.78074E-3,-7.03966E-4
1.25324E+3,NaN,NaN,NaN,NaN,NaN,NaN,NaN,NaN,8.31568E-5,-3.19228E-4,1.61694E-4,5.87008E-5,-6.01437E-5,-1.69693E-4,-1.83850E-4,-1.98007E-4,-1.80413E-4,-5.75019E-5,6.54089E-5,1.17487E-4,5.12604E-5,-1.49666E-5,-1.17451E-4,-2.53761E-4,-3.90070E-4,-4.79032E-4,-5.43626E-4,-6.08220E-4,-5.75023E-4,-5.17845E-4,-4.60668E-4,-1.16957E-5,-3.94535E-5,7.58835E-5,-7.00978E-4,-5.50571E-4,1.14266E-4,5.80479E-4,5.64136E-4,-5.45304E-5,4.51012E-4,4.44092E-4,1.49999E-4,-8.43681E-4,1.14954E-3,-1.45828E-4,4.08117E-5,-2.61263E-4,-2.68574E-4,4.13542E-4,1.10134E-3,9.04235E-6,-2.33718E-4,-8.43546E-4,-7.34720E-4,1.38264E-3,1.53297E-3,2.36566E-3,6.42486E-4,-4.84304E-3,-4.62966E-3,2.38227E-2,7.61866E-2,7.48038E-2,6.32856E-3,-1.30550E-1,-2.58687E-1,-3.29356E-1,-3.89350E-1,-4.13710E-1,-3.23386E-1,-1.57880E-1,-5.41584E-2,-2.77040E-2,2.07777E-2,5.87659E-3,-1.47715E-2,-6.51281E-3,-7.30137E-3,-6.60407E-3,-5.80802E-3,-6.71727E-3,-5.45118E-3,-4.67602E-3,-5.12748E-3,-2.90190E-3,-3.02830E-3,-2.44326E-3,-3.71627E-3,-4.27132E-3,-2.76062E-3,-5.27025E-3,-3.56167E-3,-4.06779E-3,-3.17453E-3,-2.88875E-3,-2.12277E-3,-2.46951E-3,-3.66715E-3,-3.22092E-3,-2.78746E-3,-3.19321E-3,-3.56327E-3,-1.89130E-3,-1.88136E-3,-2.54017E-3,-1.43552E-3,-1.03502E-3,-2.56458E-3,-2.80600E-3,-2.79957E-3,-2.73169E-3,-2.71711E-3,-2.81275E-3,-2.65086E-3,-2.53655E-3,-2.17677E-3,-2.34164E-3,-2.75415E-3,-2.59785E-3,-1.96293E-3,-1.73183E-3,-1.68524E-3,-1.30811E-3,-1.06501E-3,-1.00738E-3,-1.16067E-3,-1.42782E-3,-1.39099E-3,-1.79633E-3,-1.41491E-3,-2.28649E-3,-2.24587E-3,-1.35731E-3,-1.31733E-3,-1.23617E-3,2.31282E-5
1.25671E+3,NaN,NaN,NaN,NaN,NaN,NaN,NaN,1.39934E-4,7.56316E-5,-4.49510E-4,1.02348E-4,-5.72621E-5,-2.16873E-4,-2.41840E-4,-3.59049E-5,1.70030E-4,2.47735E-4,2.02826E-4,1.57917E-4,4.54914E-5,-1.02646E-4,-2.50783E-4,-2.62789E-4,-2.40101E-4,-2.17414E-4,-2.83792E-4,-3.55879E-4,-4.34370E-4,-5.83958E-4,-7.33547E-4,-5.88178E-4,2.32000E-4,-3.14412E-7,-6.05430E-5,-6.24385E-4,-4.61470E-4,4.47079E-5,8.71571E-4,3.76709E-4,5.35839E-4,5.83962E-4,6.19898E-4,-1.64641E-5,-3.72116E-4,1.01576E-3,-1.46352E-4,-2.25046E-4,-4.02876E-4,-2.66338E-4,8.73430E-4,6.42453E-4,-5.23024E-5,-1.61540E-4,-7.58299E-4,7.46682E-5,1.27818E-3,1.62858E-3,2.29793E-3,1.30903E-5,-4.37364E-3,-7.71614E-4,2.94104E-2,7.58601E-2,7.05379E-2,-7.61229E-4,-1.37241E-1,-2.62103E-1,-3.34992E-1,-3.94753E-1,-4.02727E-1,-3.02875E-1,-1.47027E-1,-5.22079E-2,-2.65283E-2,1.61191E-2,8.08121E-3,-1.28539E-2,-5.38395E-3,-7.36264E-3,-5.84863E-3,-5.74857E-3,-6.12354E-3,-4.18866E-3,-4.23980E-3,-3.94032E-3,-2.41757E-3,-2.27720E-3,-2.09664E-3,-3.32414E-3,-3.60458E-3,-2.88738E-3,-4.54653E-3,-2.93798E-3,-3.05869E-3,-2.24205E-3,-2.26920E-3,-1.37950E-3,-1.95889E-3,-2.92732E-3,-2.09163E-3,-1.95954E-3,-2.57718E-3,-2.76560E-3,-1.25781E-3,-1.68042E-3,-2.02009E-3,-9.15960E-4,-4.40013E-4,-1.60359E-3,-2.03277E-3,-2.32513E-3,-2.23024E-3,-1.94906E-3,-1.87182E-3,-1.60966E-3,-1.75361E-3,-1.42384E-3,-1.67993E-3,-1.98013E-3,-1.83623E-3,-1.29295E-3,-9.76512E-4,-1.06820E-3,-5.05245E-4,-7.94079E-6,-3.35259E-4,-3.46366E-4,-5.08600E-4,-3.18209E-4,-1.24337E-3,-7.38781E-4,-1.35440E-3,-1.29446E-3,-3.02940E-4,-5.36042E-4,-5.02367E-4,6.97064E-4
1.26019E+3,NaN,NaN,NaN,NaN,NaN,NaN,NaN,1.27881E-4,-4.56831E-5,-4.16707E-5,1.05924E-4,-3.72562E-5,-1.80437E-4,-1.78822E-4,-9.76363E-5,-1.64507E-5,4.59219E-6,9.47486E-6,1.43575E-5,5.60249E-5,1.00416E-4,1.26109E-4,-8.24298E-5,-2.90969E-4,-4.69549E-4,-5.39890E-4,-6.10231E-4,-6.20866E-4,-5.25189E-4,-4.29512E-4,-5.26270E-7,4.25248E-4,3.55752E-4,-4.68860E-4,-7.94088E-4,-1.16483E-4,7.01222E-4,9.97000E-4,4.83207E-4,2.56332E-4,4.57021E-4,6.05332E-4,2.39200E-5,6.60874E-4,8.86175E-4,1.49550E-5,-1.78938E-4,-2.25791E-4,2.92011E-4,6.62019E-4,5.26297E-4,1.26573E-4,-3.76355E-4,-5.88147E-4,2.51581E-4,9.21935E-4,1.46690E-3,2.04112E-3,-2.68932E-4,-4.12522E-3,1.85810E-3,3.80083E-2,7.61614E-2,6.88160E-2,-1.16936E-2,-1.49724E-1,-2.64738E-1,-3.41871E-1,-4.01401E-1,-3.91226E-1,-2.76715E-1,-1.26566E-1,-5.12522E-2,-2.13706E-2,1.18549E-2,5.12060E-3,-8.39933E-3,-6.36653E-3,-6.63849E-3,-5.47132E-3,-5.40567E-3,-4.67125E-3,-3.98070E-3,-4.29084E-3,-3.24537E-3,-2.11716E-3,-1.84126E-3,-2.27408E-3,-2.86022E-3,-2.24786E-3,-2.96175E-3,-2.79285E-3,-2.26650E-3,-2.57384E-3,-1.89865E-3,-1.62980E-3,-1.14290E-3,-1.38050E-3,-2.06090E-3,-1.55655E-3,-1.50879E-3,-2.31201E-3,-2.19969E-3,-9.03905E-4,-1.29257E-3,-1.03371E-3,9.63110E-5,-5.50371E-5,-1.17741E-3,-1.34630E-3,-1.56598E-3,-1.61928E-3,-1.63926E-3,-1.56959E-3,-1.10554E-3,-1.13220E-3,-8.92068E-4,-9.20405E-4,-1.63385E-3,-1.19804E-3,-8.55685E-4,-5.44626E-4,-4.40366E-4,-1.84448E-4,2.96401E-4,1.75659E-4,2.01921E-4,-1.18838E-4,-6.64313E-5,-7.04973E-4,-3.53090E-4,-8.31208E-4,-1.04932E-3,2.68992E-5,5.29833E-5,-1.65191E-4,1.39432E-3
1.26366E+3,NaN,NaN,NaN,NaN,NaN,NaN,NaN,1.62557E-4,-1.46830E-4,7.86166E-5,1.37292E-4,-6.46334E-5,-2.66559E-4,-3.17565E-4,-3.55424E-4,-3.76092E-4,-1.39880E-4,9.63321E-5,2.65530E-4,1.75772E-4,8.60130E-5,5.47903E-5,1.33026E-4,2.11261E-4,1.70540E-4,6.64704E-6,-1.57245E-4,-2.23497E-4,-2.33420E-4,-2.43343E-4,5.19992E-5,-2.29039E-5,2.74688E-4,-2.98521E-4,-7.95094E-4,6.10487E-5,7.86038E-4,2.33137E-4,5.37388E-6,6.43400E-4,5.95178E-4,2.95816E-4,-5.97055E-4,1.31290E-3,2.62604E-4,-2.19543E-4,-2.42564E-4,1.72044E-4,4.88874E-4,9.93236E-4,3.49565E-4,5.51273E-4,-5.08169E-4,-4.15890E-4,7.75426E-4,6.24379E-4,1.66209E-3,2.22939E-3,-7.25122E-5,-3.67301E-3,1.88251E-3,4.53706E-2,7.79066E-2,7.22143E-2,-1.88247E-2,-1.66888E-1,-2.70839E-1,-3.50704E-1,-4.12924E-1,-3.85291E-1,-2.51620E-1,-9.21536E-2,-4.28103E-2,-2.19054E-2,1.45640E-2,1.10979E-3,-6.61320E-3,-7.23162E-3,-6.36225E-3,-5.56249E-3,-5.19809E-3,-4.32689E-3,-3.86094E-3,-4.44800E-3,-3.10646E-3,-2.35700E-3,-1.24630E-3,-2.26360E-3,-2.80737E-3,-2.17741E-3,-4.12240E-3,-2.79246E-3,-2.80427E-3,-1.66487E-3,-1.45717E-3,-1.34573E-3,-1.29790E-3,-1.12771E-3,-2.00939E-3,-8.54478E-4,-9.77239E-4,-1.81320E-3,-1.51063E-3,-5.72818E-4,-9.27975E-4,-6.63886E-4,3.30030E-4,1.94240E-4,-9.38969E-4,-1.30394E-3,-1.30857E-3,-1.26455E-3,-1.12438E-3,-1.07383E-3,-1.00807E-3,-1.03261E-3,-4.15543E-4,-6.74968E-4,-1.13379E-3,-8.20194E-4,-1.94141E-4,6.43189E-5,-4.29266E-4,1.01363E-4,8.07427E-4,6.96299E-4,6.29565E-4,4.81395E-4,3.38011E-4,-7.80406E-5,6.64754E-5,-5.36639E-4,-3.83012E-4,2.74463E-4,2.09245E-4,2.77499E-4,1.33601E-3
1.26713E+3,NaN,NaN,NaN,NaN,NaN,NaN,NaN,-6.21440E-5,-7.77802E-6,2.43478E-4,2.20851E-4,-1.13173E-4,-3.85424E-4,-3.97575E-4,-4.09725E-4,-3.34559E-4,-8.58872E-5,1.62785E-4,2.45374E-4,1.46322E-4,4.72701E-5,-1.42707E-4,-3.88298E-4,-6.33890E-4,-5.80948E-4,-4.35453E-4,-2.89959E-4,-3.80478E-4,-4.95427E-4,-5.81067E-4,-1.12190E-4,8.61738E-5,1.03298E-4,-6.41396E-4,-5.32687E-4,-6.99304E-5,6.38040E-4,4.45842E-4,2.69099E-4,3.78193E-4,6.90856E-5,-2.69872E-4,-1.24954E-3,1.49701E-3,-4.27992E-5,-4.73038E-4,-4.00346E-4,-3.60307E-4,7.64928E-5,6.02639E-4,-1.84559E-4,3.90150E-5,-8.70335E-4,-4.87248E-4,1.06124E-3,3.84804E-4,1.81267E-3,2.04923E-3,-3.46510E-5,-3.55127E-3,6.26787E-4,4.66298E-2,7.72995E-2,7.62222E-2,-2.24380E-2,-1.80788E-1,-2.76932E-1,-3.57819E-1,-4.22181E-1,-3.82872E-1,-2.34335E-1,-5.83972E-2,-2.92814E-2,-3.46548E-2,1.80715E-2,3.41227E-3,-1.02869E-2,-6.64064E-3,-7.50318E-3,-5.51957E-3,-6.11387E-3,-4.05511E-3,-4.28128E-3,-4.55111E-3,-3.49394E-3,-1.97143E-3,-2.13882E-3,-3.22649E-3,-3.64843E-3,-2.45190E-3,-4.53265E-3,-2.31675E-3,-3.24126E-3,-2.00343E-3,-1.87906E-3,-1.73745E-3,-1.36678E-3,-1.33479E-3,-1.71027E-3,-1.42848E-3,-1.29728E-3,-1.94441E-3,-1.32388E-3,-5.03722E-4,-1.02435E-3,-1.18399E-3,1.38805E-4,1.14859E-4,-9.36303E-4,-1.03712E-3,-8.63211E-4,-1.26005E-3,-8.67130E-4,-7.76991E-4,-1.26972E-3,-1.48586E-3,-6.45146E-4,-6.01846E-4,-1.17655E-3,-7.18412E-4,-2.99261E-4,1.15082E-4,5.70943E-5,-2.24733E-5,5.25468E-4,5.67668E-4,4.44852E-4,9.61661E-5,2.28146E-4,-2.40078E-4,-2.70709E-4,-7.85419E-4,-6.66887E-4,2.44364E-4,-4.94612E-5,2.55011E-4,1.66053E-3
1.27060E+3,NaN,NaN,NaN,NaN,NaN,NaN,NaN,4.40917E-5,2.88939E-4,-1.85102E-4,-1.88070E-6,4.98702E-5,3.62415E-5,-5.36683E-5,-1.43578E-4,-8.58522E-5,6.85146E-5,2.22881E-4,2.57022E-4,2.50495E-4,2.43968E-4,5.74488E-5,-1.51296E-4,-3.58828E-4,-5.30796E-4,-7.02765E-4,-8.33045E-4,-7.67893E-4,-7.02742E-4,-4.21902E-4,2.20962E-5,-1.87521E-4,-6.23228E-4,-8.33344E-4,-1.09199E-5,6.90356E-6,-8.22436E-5,1.98707E-4,4.50089E-4,2.26460E-4,1.46097E-5,-3.95046E-4,-6.22924E-4,8.62924E-4,-1.59892E-4,-3.30686E-4,-4.22163E-4,-2.47550E-4,2.44331E-4,3.82958E-4,-1.29730E-4,-2.74137E-4,-7.55983E-4,1.45523E-4,6.59056E-4,-6.82074E-5,9.01499E-4,1.34054E-3,7.19900E-5,-2.68300E-3,8.36736E-3,4.61476E-2,7.58276E-2,6.17758E-2,-4.38969E-2,-1.88737E-1,-2.86666E-1,-3.69600E-1,-4.17172E-1,-3.57569E-1,-1.94083E-1,-3.70072E-2,-1.82222E-2,-3.34195E-2,8.70155E-3,4.21787E-3,-1.10455E-2,-6.17751E-3,-6.71111E-3,-5.57446E-3,-5.57911E-3,-4.43001E-3,-4.76954E-3,-5.07204E-3,-3.54134E-3,-2.43257E-3,-2.84308E-3,-2.93676E-3,-2.95738E-3,-3.44982E-3,-3.53536E-3,-2.45879E-3,-2.93110E-3,-2.17503E-3,-1.93829E-3,-1.12677E-3,-1.89765E-3,-9.67734E-4,-2.16043E-3,-1.66415E-3,-1.18836E-3,-1.77720E-3,-1.18060E-3,-7.42914E-4,-1.05056E-3,-8.40432E-4,-2.63768E-5,-1.84477E-4,-1.26743E-3,-1.38344E-3,-1.22304E-3,-1.90484E-3,-9.62661E-4,-3.48199E-4,-5.80063E-4,-9.89341E-4,-5.17701E-4,-1.04520E-3,-1.31579E-3,-5.48773E-4,-3.47107E-4,-1.43488E-4,-4.58703E-5,-1.12913E-4,6.71919E-4,7.10033E-4,3.49496E-4,-1.57160E-5,-1.93263E-4,-5.96073E-4,-5.29129E-4,-5.75527E-4,-4.10298E-4,-1.86576E-5,3.22945E-4,4.81931E-4,1.89430E-3
1.27407E+3,NaN,NaN,NaN,NaN,NaN,NaN,NaN,-9.00661E-5,-1.40786E-4,-1.63193E-4,-7.80118E-5,-5.72791E-5,-6.53098E-5,-8.40484E-5,-1.02787E-4,1.37630E-4,4.16232E-4,6.91648E-4,7.49446E-4,8.07244E-4,8.13686E-4,5.44979E-4,2.76271E-4,1.07366E-4,1.71169E-4,2.34972E-4,1.59044E-4,-9.25694E-5,-3.44183E-4,-2.48522E-4,7.53704E-5,2.94089E-4,2.36844E-4,-1.40983E-5,-2.02682E-4,-2.08117E-4,1.28640E-4,2.12537E-4,2.11916E-4,4.51398E-4,5.32069E-4,-7.86066E-4,9.12821E-5,6.12280E-4,4.37103E-4,8.50376E-5,-3.67157E-4,-3.66508E-4,2.17537E-4,3.38938E-4,2.75828E-4,1.44966E-4,2.01591E-4,6.70559E-4,2.89277E-4,6.01910E-4,1.77836E-3,2.49277E-3,6.99223E-4,-3.65028E-3,1.23349E-2,4.62807E-2,7.65950E-2,5.04702E-2,-7.14559E-2,-2.03782E-1,-3.02194E-1,-3.89152E-1,-4.20373E-1,-3.35895E-1,-1.42995E-1,9.63250E-4,-1.83105E-2,-2.84908E-2,7.35014E-3,-6.04988E-4,-8.55233E-3,-6.10266E-3,-5.64481E-3,-5.28024E-3,-4.91943E-3,-3.42530E-3,-4.36901E-3,-4.94261E-3,-3.52133E-3,-2.22013E-3,-2.39631E-3,-3.31091E-3,-3.32755E-3,-3.16692E-3,-2.42214E-3,-2.59302E-3,-2.04406E-3,-1.63739E-3,-1.42439E-3,-8.94012E-4,-9.09724E-4,-7.85019E-4,-1.56699E-3,-9.63123E-4,-5.75484E-4,-1.52223E-3,-7.29843E-4,-2.19280E-4,-2.70896E-4,-3.20121E-4,7.70581E-4,7.75729E-4,-2.17331E-4,-9.24748E-5,-8.44782E-4,-1.16889E-3,-1.03862E-4,6.83859E-4,3.57195E-5,-6.36637E-4,-4.08647E-4,-4.04595E-4,-1.23124E-4,2.01124E-4,8.42038E-4,1.32638E-3,9.14723E-4,7.91285E-4,1.44370E-3,1.59364E-3,1.21506E-3,5.93567E-4,5.62312E-4,5.54477E-4,1.86017E-4,2.87654E-4,2.33506E-4,7.95901E-4,9.82944E-4,1.48735E-3,1.81451E-3
1.27755E+3,NaN,NaN,NaN,NaN,NaN,NaN,NaN,-1.23162E-4,-7.65354E-5,-2.20994E-4,6.81604E-5,2.63674E-4,1.06924E-4,-5.21171E-5,-1.51413E-4,1.27585E-4,4.06584E-4,5.46000E-4,3.25151E-4,1.04302E-4,-1.89024E-5,-8.42497E-6,2.05250E-6,-1.22866E-4,-3.52041E-4,-5.81217E-4,-7.25417E-4,-8.34539E-4,-9.43661E-4,-4.90437E-4,4.06870E-4,1.19260E-4,-9.45367E-5,4.46342E-4,4.63304E-4,-3.85575E-4,-1.84378E-4,-1.87362E-4,-2.28932E-4,-1.22617E-5,-3.36144E-4,-1.01552E-3,4.18858E-4,1.08481E-4,-1.72087E-4,4.67321E-4,-5.28265E-4,-5.93908E-4,4.33429E-4,-4.07012E-4,-2.56007E-4,-2.71481E-4,2.32634E-4,3.55787E-4,-3.90399E-4,-3.49400E-5,1.25010E-3,2.26138E-3,1.17996E-4,-5.72135E-3,1.15563E-2,4.47066E-2,8.11032E-2,4.81246E-2,-9.29378E-2,-2.19888E-1,-3.15992E-1,-4.09433E-1,-4.32388E-1,-3.21350E-1,-9.05127E-2,5.04054E-2,-2.96869E-2,-2.84230E-2,1.15616E-2,-9.44349E-3,-6.92394E-3,-7.23567E-3,-5.62316E-3,-6.29186E-3,-4.66544E-3,-4.45719E-3,-5.64157E-3,-5.38093E-3,-3.62116E-3,-2.50070E-3,-3.37904E-3,-3.47292E-3,-4.20029E-3,-3.72903E-3,-2.60757E-3,-3.12278E-3,-2.24523E-3,-2.57824E-3,-2.17277E-3,-1.78773E-3,-1.25194E-3,-2.31868E-3,-2.30522E-3,-1.32491E-3,-1.10804E-3,-1.85092E-3,-9.93857E-4,-8.07001E-4,-6.94012E-4,-7.77983E-4,-7.48435E-4,9.53688E-5,-4.87032E-4,2.01685E-4,-8.69295E-4,-1.69418E-3,-9.30388E-4,-1.29706E-4,-7.06529E-4,-9.76724E-4,-7.75917E-4,-1.29814E-3,-1.26301E-3,-4.78948E-4,6.33769E-5,5.97598E-4,5.55638E-4,1.30195E-4,7.13719E-4,1.89752E-4,1.62398E-4,-2.19862E-4,-1.88410E-5,1.03233E-4,-3.97796E-4,-8.42956E-5,5.02761E-6,-1.32464E-4,1.79763E-4,1.05926E-3,1.75215E-3
1.28102E+3,NaN,NaN,NaN,NaN,NaN,NaN,NaN,-1.25490E-5,3.87229E-4,-2.51144E-4,-1.26469E-4,-2.04939E-5,-1.77374E-4,-3.34255E-4,-3.45934E-4,-1.38770E-4,6.83941E-5,2.31186E-4,3.56440E-4,4.81694E-4,4.31259E-4,2.99872E-4,1.68485E-4,1.81630E-5,-1.36108E-4,-2.90379E-4,-2.95533E-4,-2.96120E-4,-3.06775E-4,-3.25909E-4,1.71050E-4,2.97187E-4,-2.62115E-5,1.32546E-3,5.25320E-4,-1.36680E-4,-7.83947E-5,-3.82531E-5,-1.48699E-4,2.83029E-4,3.39025E-4,-3.55649E-5,3.00007E-5,5.39537E-4,2.83435E-4,2.10632E-4,-1.79150E-4,5.10630E-5,-2.23736E-4,4.55324E-4,1.65492E-4,-3.05408E-4,6.17798E-4,9.96139E-4,-2.52881E-4,5.56467E-4,9.63639E-4,2.33832E-3,3.97095E-4,-4.41375E-3,1.16536E-2,4.51370E-2,7.75987E-2,3.28324E-2,-1.17817E-1,-2.45100E-1,-3.41131E-1,-4.26772E-1,-4.31908E-1,-2.90563E-1,-4.13864E-2,9.37010E-2,-1.70158E-2,-2.61586E-2,1.00511E-2,-1.18275E-2,-6.68956E-3,-7.47789E-3,-6.39300E-3,-6.54863E-3,-5.95643E-3,-5.93399E-3,-6.50694E-3,-5.95275E-3,-4.75905E-3,-3.78245E-3,-4.74615E-3,-4.34161E-3,-4.85157E-3,-4.72112E-3,-3.62562E-3,-2.53524E-3,-2.57209E-3,-2.85255E-3,-2.32677E-3,-1.97309E-3,-1.97626E-3,-2.46527E-3,-2.60387E-3,-1.95412E-3,-1.29906E-3,-2.60875E-3,-1.49741E-3,-6.07737E-4,-4.68846E-5,-7.18004E-4,-1.20119E-3,-1.88685E-4,-1.24938E-3,-7.57800E-4,-1.63740E-3,-1.60805E-3,-1.36683E-3,-5.92927E-4,-1.61786E-4,-7.33636E-4,-5.82954E-4,-1.30795E-3,-1.48488E-3,-3.91182E-4,-3.99745E-4,4.04524E-4,-1.62303E-4,-5.74596E-4,3.00143E-4,2.58970E-4,2.78845E-4,2.79080E-4,2.28640E-4,3.66995E-4,-5.46061E-4,2.25169E-4,5.05615E-5,-1.32661E-4,-6.42144E-4,1.05353E-4,1.05648E-3
1.28450E+3,NaN,NaN,NaN,NaN,NaN,NaN,NaN,-2.42845E-4,3.22383E-4,-3.71214E-4,3.58022E-5,4.61944E-5,-1.60413E-4,-3.67021E-4,-1.83710E-4,2.01368E-4,5.86446E-4,5.90942E-4,5.01393E-4,4.11844E-4,3.74494E-4,3.40198E-4,2.67968E-4,-1.99531E-4,-6.67031E-4,-9.43154E-4,-5.80124E-4,-2.17094E-4,-1.24329E-4,-3.47703E-4,-1.91478E-4,1.62630E-4,1.15979E-4,-2.12596E-4,-4.36972E-4,-5.09882E-4,2.02753E-4,2.25244E-4,-3.93133E-4,-8.28643E-4,-1.79248E-4,6.57570E-5,2.27936E-4,-2.64421E-4,-4.88029E-5,7.55206E-5,-3.73139E-5,-5.02981E-4,-3.96482E-4,-7.71124E-5,-1.21836E-4,5.51642E-4,5.72395E-4,1.65590E-4,4.76688E-5,-5.72390E-6,1.40148E-3,2.51644E-3,-8.99506E-4,-3.30106E-3,1.25767E-2,4.97885E-2,7.52051E-2,1.29103E-2,-1.32135E-1,-2.61076E-1,-3.64324E-1,-4.37859E-1,-4.22761E-1,-2.55615E-1,-2.99670E-3,9.66131E-2,4.90864E-3,-1.82997E-2,-1.76735E-3,-1.06869E-2,-9.58063E-3,-9.28070E-3,-8.26900E-3,-7.66867E-3,-6.80089E-3,-7.25528E-3,-8.02375E-3,-6.86590E-3,-5.49003E-3,-5.27176E-3,-5.38832E-3,-6.08326E-3,-6.10580E-3,-5.08073E-3,-4.32471E-3,-4.27234E-3,-4.15030E-3,-3.96635E-3,-3.65537E-3,-3.61185E-3,-2.82522E-3,-3.40086E-3,-3.21332E-3,-2.50275E-3,-2.71163E-3,-3.07650E-3,-2.61822E-3,-1.99513E-3,-1.83645E-3,-1.29965E-3,-1.65974E-3,-7.96674E-4,-1.76162E-3,-1.20052E-3,-2.01344E-3,-2.29446E-3,-2.32851E-3,-1.18536E-3,-1.17238E-3,-1.69445E-3,-1.26742E-3,-1.44352E-3,-2.22031E-3,-1.44857E-3,-7.86538E-4,-3.43734E-4,-5.35280E-4,-1.16129E-4,-3.12299E-4,-2.71021E-4,-6.29312E-4,-8.05626E-4,-1.05516E-3,-6.47667E-4,-9.25554E-4,-2.32299E-4,-3.42961E-4,-1.85295E-4,-4.38879E-4,-7.50224E-4,-6.63937E-4
1.28797E+3,NaN,NaN,NaN,NaN,NaN,NaN,NaN,8.50107E-6,3.53537E-4,-4.68455E-4,6.82704E-5,-4.67193E-5,-2.62966E-4,-4.79212E-4,-1.33722E-4,2.62718E-4,6.24207E-4,4.35219E-4,2.46232E-4,1.08960E-4,1.75288E-4,2.41616E-4,2.90119E-4,3.04844E-4,3.19568E-4,2.19212E-4,-1.75323E-6,-2.22719E-4,-5.80105E-4,-1.01826E-4,2.02667E-5,-1.61449E-4,5.35246E-4,1.33595E-4,-9.15071E-5,-1.11124E-5,-2.90182E-4,-1.14114E-4,2.11086E-4,-2.19448E-5,-3.83774E-4,-3.55400E-4,-4.22210E-4,-3.03895E-4,-1.04209E-4,-9.44450E-5,-7.48227E-4,-5.87486E-4,1.56132E-4,-1.50916E-5,-6.34893E-5,3.14916E-4,5.26104E-4,5.41855E-4,3.76377E-4,-2.65514E-5,1.17712E-3,2.41524E-3,-1.19590E-3,-4.02183E-3,1.11472E-2,4.94428E-2,7.00811E-2,-8.92872E-3,-1.48843E-1,-2.75698E-1,-3.82577E-1,-4.53100E-1,-4.16310E-1,-2.20529E-1,4.53819E-2,9.90651E-2,1.62596E-2,-9.71721E-3,-7.87382E-3,-1.04288E-2,-1.02203E-2,-1.01793E-2,-9.62655E-3,-8.35215E-3,-7.96147E-3,-8.71469E-3,-8.80049E-3,-8.17918E-3,-6.71639E-3,-5.91734E-3,-5.80072E-3,-6.35042E-3,-5.99610E-3,-5.52195E-3,-4.57710E-3,-4.68623E-3,-4.92963E-3,-4.95765E-3,-4.69987E-3,-4.09509E-3,-3.60044E-3,-3.67908E-3,-3.48570E-3,-3.25002E-3,-2.57877E-3,-2.51492E-3,-2.68198E-3,-2.83972E-3,-1.90578E-3,-2.42503E-3,-2.58521E-3,-1.54961E-3,-1.83114E-3,-1.02853E-3,-2.17164E-3,-2.45861E-3,-2.15280E-3,-1.45949E-3,-1.61387E-3,-2.45053E-3,-1.90338E-3,-2.46110E-3,-2.19088E-3,-1.72571E-3,-1.36184E-3,-8.98223E-4,-6.36424E-4,-1.08655E-3,-1.09577E-3,-1.37206E-3,-1.44604E-3,-1.18891E-3,-1.32454E-3,-5.92143E-4,-8.80173E-4,-8.02522E-4,-5.71251E-4,-9.93719E-4,-1.17501E-3,-7.17753E-4,-1.09418E-3
1.29145E+3,NaN,NaN,NaN,NaN,NaN,NaN,-4.24628E-4,-8.01480E-5,-2.49202E-4,-4.79581E-4,-1.69190E-4,1.41729E-4,4.52648E-4,7.09633E-4,7.07747E-4,7.05860E-4,6.03729E-4,2.83888E-4,-3.59534E-5,-2.22024E-4,-2.49873E-4,-2.77723E-4,-4.06706E-4,-6.02834E-4,-7.98962E-4,-8.89191E-4,-9.42951E-4,-9.96712E-4,-2.03589E-4,-5.79997E-5,-7.35127E-4,1.84591E-4,4.83349E-4,-7.50414E-6,-4.38106E-4,-4.50098E-4,6.55512E-5,4.92322E-4,-2.57181E-4,-2.00296E-4,-6.32986E-4,-2.47341E-4,5.93093E-4,-2.01480E-4,3.26330E-4,4.63460E-4,-8.73891E-4,-1.12669E-3,1.72196E-4,-6.07670E-5,1.79853E-4,2.56099E-4,4.73167E-4,-9.31888E-5,-7.59815E-4,-4.80953E-4,9.38662E-4,1.94176E-3,-7.73705E-4,-6.05530E-3,8.92644E-3,5.14044E-2,7.54820E-2,-2.22378E-2,-1.67919E-1,-3.00712E-1,-4.08349E-1,-4.77176E-1,-4.24597E-1,-1.99501E-1,1.04359E-1,1.34961E-1,3.35037E-2,-5.35354E-3,-9.89222E-3,-1.22314E-2,-1.21131E-2,-1.08765E-2,-1.02991E-2,-9.82128E-3,-8.52256E-3,-9.69641E-3,-1.05580E-2,-8.06149E-3,-7.47153E-3,-7.20167E-3,-6.46574E-3,-8.16759E-3,-5.86934E-3,-6.17029E-3,-6.44200E-3,-5.61660E-3,-5.78166E-3,-5.27055E-3,-5.36971E-3,-5.71215E-3,-4.03312E-3,-4.04466E-3,-3.78312E-3,-3.68295E-3,-4.22171E-3,-3.61380E-3,-3.05236E-3,-2.52480E-3,-2.08120E-3,-2.51464E-3,-3.67678E-3,-1.96840E-3,-2.93845E-3,-2.85426E-3,-2.81733E-3,-3.32785E-3,-2.34454E-3,-2.53591E-3,-3.18359E-3,-3.10288E-3,-2.77553E-3,-3.73135E-3,-3.15734E-3,-2.07637E-3,-2.19848E-3,-1.52831E-3,-1.53489E-3,-2.06482E-3,-2.29655E-3,-2.21533E-3,-1.92910E-3,-1.97732E-3,-1.80439E-3,-1.09006E-3,-1.63548E-3,-1.45176E-3,-1.30175E-3,-1.63247E-3,-1.49262E-3,-1.08729E-3,-1.75217E-3
1.29492E+3,NaN,NaN,NaN,NaN,NaN,NaN,-2.65223E-4,4.57137E-4,4.86656E-4,-1.45067E-4,1.91210E-4,-8.15118E-5,-3.54234E-4,-4.69061E-4,-3.70925E-4,-2.72789E-4,-2.53486E-4,-2.93990E-4,-3.34495E-4,-2.84789E-4,-1.98499E-4,-1.12209E-4,1.55479E-5,1.50375E-4,2.85202E-4,3.52463E-4,4.19533E-4,5.68941E-4,9.94026E-4,1.49743E-5,-5.50239E-4,8.60094E-4,5.98357E-4,2.44789E-4,2.36229E-4,1.56151E-4,4.86489E-4,8.78972E-4,-1.00981E-5,-1.19340E-4,-2.05517E-4,-4.43158E-4,5.05662E-4,8.07029E-4,9.43247E-4,-4.29871E-4,-5.03185E-4,5.91046E-5,4.97424E-4,-3.33503E-4,4.41652E-4,1.13514E-3,-5.58796E-5,5.94456E-4,-1.70496E-4,-1.53665E-4,1.00225E-3,1.76160E-3,-8.93007E-4,-7.56142E-3,1.02609E-2,5.15640E-2,7.00096E-2,-3.05436E-2,-1.79430E-1,-3.19070E-1,-4.31640E-1,-4.86899E-1,-4.19504E-1,-1.83559E-1,1.19056E-1,1.65957E-1,5.35221E-2,-6.34042E-3,-1.14822E-2,-1.42452E-2,-1.16880E-2,-1.15701E-2,-1.05319E-2,-9.83440E-3,-9.65477E-3,-1.09234E-2,-1.12474E-2,-9.80460E-3,-8.37977E-3,-7.65688E-3,-6.91126E-3,-7.37397E-3,-7.07554E-3,-6.92592E-3,-6.07956E-3,-6.52597E-3,-5.99006E-3,-6.49949E-3,-6.37546E-3,-5.53962E-3,-4.95336E-3,-4.96068E-3,-4.07532E-3,-4.29600E-3,-3.46625E-3,-3.79360E-3,-3.54083E-3,-2.81892E-3,-2.89431E-3,-3.54899E-3,-4.68559E-3,-2.95703E-3,-3.36306E-3,-2.62755E-3,-3.66334E-3,-3.63464E-3,-3.09297E-3,-3.02743E-3,-3.13133E-3,-3.78722E-3,-3.20435E-3,-3.05951E-3,-3.02194E-3,-2.26393E-3,-2.26820E-3,-2.49266E-3,-2.28033E-3,-1.82168E-3,-1.45086E-3,-1.98128E-3,-2.27178E-3,-2.08782E-3,-2.10153E-3,-1.58061E-3,-2.23272E-3,-1.72401E-3,-1.61054E-3,-2.31064E-3,-2.03133E-3,-1.01697E-3,-1.94871E-3
1.29840E+3,NaN,NaN,NaN,NaN,NaN,NaN,-4.35331E-4,3.95799E-4,1.92722E-4,-4.49198E-4,3.05196E-4,1.75266E-4,4.53367E-5,2.75002E-5,6.31741E-5,9.88479E-5,2.00637E-6,-1.23976E-4,-2.49959E-4,-2.00713E-4,-1.44657E-4,-1.17673E-4,-3.37318E-4,-5.56963E-4,-6.03093E-4,-1.23940E-4,3.55213E-4,6.50083E-4,3.86708E-4,8.96117E-5,3.39800E-4,2.45200E-4,-3.43630E-5,-1.13340E-4,-6.29549E-4,-8.28224E-4,-3.06516E-4,-2.90918E-4,-2.13165E-4,-1.82244E-4,-1.17783E-4,4.64539E-4,8.45396E-4,5.32487E-4,6.76297E-4,2.89569E-4,-2.83568E-4,-1.62263E-4,-1.83793E-4,-1.43598E-4,6.66301E-4,6.78014E-4,3.84102E-4,1.11127E-4,3.08247E-5,4.02503E-5,9.16644E-4,1.67376E-3,-2.19401E-3,-5.99088E-3,1.14158E-2,5.02648E-2,5.39227E-2,-4.04411E-2,-1.88192E-1,-3.32878E-1,-4.47531E-1,-4.92489E-1,-4.06708E-1,-1.52526E-1,1.21242E-1,1.73362E-1,6.76009E-2,-1.13659E-3,-1.41778E-2,-1.52776E-2,-1.26907E-2,-1.29438E-2,-1.14231E-2,-1.11746E-2,-1.13858E-2,-1.26223E-2,-1.21931E-2,-1.06035E-2,-9.89501E-3,-8.95134E-3,-8.86318E-3,-8.55166E-3,-7.68079E-3,-7.45167E-3,-7.30704E-3,-7.74076E-3,-7.65006E-3,-7.64411E-3,-7.76800E-3,-6.83636E-3,-6.30164E-3,-6.76215E-3,-4.68797E-3,-5.72793E-3,-4.34431E-3,-4.66714E-3,-4.34177E-3,-3.55925E-3,-2.96908E-3,-3.94789E-3,-4.20719E-3,-3.28277E-3,-3.53117E-3,-3.77232E-3,-4.58868E-3,-4.44134E-3,-5.09227E-3,-4.15147E-3,-4.25698E-3,-4.51864E-3,-4.05381E-3,-4.25221E-3,-4.51729E-3,-4.01153E-3,-3.31345E-3,-2.52547E-3,-2.53503E-3,-2.95498E-3,-3.21807E-3,-3.48066E-3,-3.14425E-3,-3.44315E-3,-3.60474E-3,-2.39881E-3,-2.66459E-3,-1.71955E-3,-1.91059E-3,-2.70152E-3,-2.66186E-3,-2.73713E-3,-3.34551E-3
1.30188E+3,NaN,NaN,NaN,NaN,NaN,NaN,-2.44395E-4,8.26105E-4,6.77910E-4,-2.75524E-4,1.74691E-5,-1.04296E-4,-2.26060E-4,-3.73949E-4,-5.23932E-4,-6.37267E-4,-2.53554E-4,1.30159E-4,3.70623E-4,7.71115E-5,-2.16400E-4,-3.98549E-4,-3.77816E-4,-3.57084E-4,-1.20111E-4,3.35503E-4,7.91118E-4,4.20022E-4,1.02628E-4,7.74658E-5,4.54621E-4,1.16682E-3,6.39477E-4,-2.98880E-4,-4.27021E-4,-2.40744E-4,-4.25540E-4,-4.29263E-4,-6.85916E-5,2.78834E-4,-1.67072E-4,2.93109E-4,7.94304E-4,1.01875E-3,3.17458E-4,-2.08977E-4,6.25378E-6,2.53927E-4,4.85584E-4,8.12654E-4,7.78331E-4,2.64347E-4,5.35744E-4,5.98328E-4,-2.94554E-4,4.25799E-4,7.55983E-4,1.80418E-3,-3.95366E-3,-6.34335E-3,1.16143E-2,5.35352E-2,5.19749E-2,-4.61293E-2,-1.94450E-1,-3.50692E-1,-4.67754E-1,-5.06433E-1,-4.08869E-1,-1.27105E-1,1.43252E-1,1.71794E-1,6.61118E-2,7.09935E-4,-1.80889E-2,-1.59232E-2,-1.46892E-2,-1.42766E-2,-1.36792E-2,-1.30830E-2,-1.27015E-2,-1.30419E-2,-1.22865E-2,-1.19470E-2,-1.09115E-2,-1.00633E-2,-9.76187E-3,-8.68674E-3,-8.75821E-3,-8.32403E-3,-8.54369E-3,-8.17505E-3,-7.95574E-3,-8.07350E-3,-7.97320E-3,-7.37053E-3,-6.77564E-3,-6.64543E-3,-5.35315E-3,-6.08534E-3,-4.92919E-3,-4.93015E-3,-4.45802E-3,-3.83027E-3,-3.02452E-3,-3.66752E-3,-4.76674E-3,-4.86921E-3,-4.61376E-3,-4.93765E-3,-4.91024E-3,-5.10478E-3,-5.20433E-3,-4.31460E-3,-4.86764E-3,-4.87740E-3,-4.29098E-3,-4.84610E-3,-4.67489E-3,-4.09337E-3,-3.87937E-3,-3.50988E-3,-2.81385E-3,-3.34870E-3,-3.26417E-3,-3.65832E-3,-4.23026E-3,-3.46531E-3,-3.29591E-3,-2.70583E-3,-3.29938E-3,-2.02534E-3,-2.30896E-3,-3.28890E-3,-3.47741E-3,-2.88164E-3,-3.38942E-3
1.30536E+3,NaN,NaN,NaN,NaN,NaN,NaN,1.78738E-4,3.51709E-4,5.56896E-4,-2.52172E-4,-4.09893E-4,4.95921E-5,3.56573E-4,-6.76139E-5,-4.91800E-4,-6.61744E-4,-2.79931E-4,1.01882E-4,3.77771E-4,5.28460E-4,6.79148E-4,3.70551E-4,-2.42770E-4,-8.56091E-4,-8.50904E-4,-6.32909E-4,-4.14913E-4,8.84662E-5,7.81723E-5,-3.68264E-4,-3.54456E-5,9.01349E-4,4.66540E-4,-3.51222E-4,-5.97153E-5,-3.63300E-4,2.13706E-4,3.62042E-4,-3.15709E-5,3.55521E-4,-1.21503E-3,7.30861E-4,2.27640E-4,7.00974E-4,4.24619E-4,-7.62201E-4,-2.47128E-4,6.26066E-4,2.58995E-4,5.94747E-4,2.87767E-4,-3.72530E-4,-1.77857E-4,2.28116E-4,-7.71685E-4,2.07211E-4,1.09060E-3,1.65014E-3,-3.26241E-3,-7.21297E-3,8.02537E-3,5.79747E-2,6.20595E-2,-4.35467E-2,-1.92157E-1,-3.62955E-1,-4.77643E-1,-5.19944E-1,-4.21511E-1,-1.17942E-1,1.72007E-1,1.72075E-1,6.33446E-2,4.01181E-4,-2.52778E-2,-1.50134E-2,-1.70274E-2,-1.47742E-2,-1.35229E-2,-1.31051E-2,-1.28035E-2,-1.40328E-2,-1.34282E-2,-1.21831E-2,-1.13584E-2,-9.89030E-3,-1.03451E-2,-8.39120E-3,-9.69724E-3,-9.09235E-3,-9.74750E-3,-8.97662E-3,-8.65617E-3,-8.51797E-3,-9.25708E-3,-7.71812E-3,-7.81663E-3,-6.51706E-3,-5.25325E-3,-6.61556E-3,-6.14838E-3,-5.82278E-3,-5.08960E-3,-4.76396E-3,-4.31876E-3,-4.77965E-3,-4.38908E-3,-4.07940E-3,-4.32014E-3,-4.48727E-3,-5.32145E-3,-5.29689E-3,-5.51284E-3,-4.81449E-3,-4.61196E-3,-4.85158E-3,-5.00138E-3,-5.36369E-3,-5.43853E-3,-4.68227E-3,-4.41086E-3,-4.34655E-3,-3.53543E-3,-3.76479E-3,-4.07769E-3,-3.82322E-3,-4.30864E-3,-4.61138E-3,-4.57917E-3,-3.12484E-3,-3.87691E-3,-3.24773E-3,-3.30389E-3,-4.05066E-3,-3.40120E-3,-2.41353E-3,-3.34527E-3
1.30883E+3,NaN,NaN,NaN,NaN,NaN,NaN,2.20680E-4,1.90851E-4,-2.91250E-4,-4.47956E-4,4.89981E-4,6.04363E-4,4.72464E-4,-3.45367E-6,-4.79371E-4,-5.69121E-4,-3.55542E-4,-1.41963E-4,-7.72215E-5,-7.53815E-5,-7.35416E-5,4.07402E-5,1.75524E-4,3.10307E-4,3.74753E-4,4.38392E-4,4.79174E-4,1.87970E-4,-1.05203E-3,-5.92837E-4,2.04083E-4,3.18992E-4,6.97060E-4,-1.17333E-3,-4.45303E-4,2.28669E-4,-7.71466E-4,-5.93639E-4,-3.94356E-4,-1.60741E-4,-6.02883E-4,8.42418E-4,8.34945E-4,4.65197E-4,-1.57286E-4,5.17879E-5,1.73963E-4,-2.32187E-4,-2.77239E-4,6.54808E-4,5.07748E-4,-7.83236E-4,-2.79002E-4,-1.47852E-4,-9.13525E-4,-1.26651E-3,-4.12105E-4,1.58291E-4,-2.27219E-3,-6.57735E-3,7.01286E-3,4.93560E-2,5.74726E-2,-4.19663E-2,-1.94478E-1,-3.72526E-1,-4.91394E-1,-5.27420E-1,-4.16866E-1,-1.10331E-1,1.76247E-1,1.71164E-1,6.47619E-2,-2.12230E-3,-3.02917E-2,-1.53916E-2,-1.68502E-2,-1.46389E-2,-1.46135E-2,-1.40587E-2,-1.42994E-2,-1.45397E-2,-1.32443E-2,-1.20777E-2,-1.18749E-2,-1.08341E-2,-1.08761E-2,-9.79220E-3,-1.02786E-2,-9.64704E-3,-9.60890E-3,-8.80048E-3,-8.81656E-3,-9.16807E-3,-9.02536E-3,-8.51496E-3,-8.03474E-3,-7.73969E-3,-6.07807E-3,-6.80480E-3,-6.41937E-3,-5.83501E-3,-5.28019E-3,-4.90321E-3,-4.69586E-3,-4.71305E-3,-4.82136E-3,-4.40862E-3,-4.69642E-3,-5.18373E-3,-5.67415E-3,-5.77699E-3,-5.80532E-3,-5.86552E-3,-5.50649E-3,-4.96532E-3,-5.19246E-3,-6.34694E-3,-5.95369E-3,-5.50902E-3,-4.53763E-3,-4.21289E-3,-3.88181E-3,-4.64350E-3,-4.42380E-3,-4.49621E-3,-4.40200E-3,-4.45611E-3,-4.53038E-3,-3.01454E-3,-4.14893E-3,-3.46845E-3,-3.15886E-3,-3.99719E-3,-4.36428E-3,-4.02087E-3,-4.73868E-3
1.31231E+3,NaN,NaN,NaN,NaN,NaN,NaN,-1.27697E-4,2.97835E-5,-5.80455E-5,-2.90001E-4,1.54105E-4,4.67832E-4,4.63526E-4,2.95193E-4,1.26859E-4,1.49386E-4,2.18857E-4,2.88328E-4,3.90685E-4,4.94940E-4,5.89794E-4,5.87584E-4,5.85374E-4,5.94477E-4,6.41205E-4,6.87933E-4,5.26523E-4,4.27195E-4,6.74712E-4,4.43658E-4,3.77713E-4,5.71987E-4,5.41393E-4,-5.44928E-5,-4.30641E-5,-5.11094E-5,9.56290E-5,3.87511E-5,4.06139E-4,3.98270E-4,4.28016E-4,8.07000E-4,1.12659E-3,5.54312E-4,-1.43887E-4,-1.62879E-4,2.68290E-4,6.31586E-4,6.66273E-4,8.59549E-4,-1.47454E-4,-3.36069E-4,2.88076E-4,2.40727E-4,-5.16757E-4,-8.39730E-4,-1.76500E-5,7.93912E-4,-1.77414E-3,-4.96808E-3,1.11863E-2,5.21486E-2,5.39734E-2,-3.80223E-2,-1.96332E-1,-3.72756E-1,-4.89853E-1,-5.24164E-1,-3.96345E-1,-9.57593E-2,1.50352E-1,1.53539E-1,6.73610E-2,-3.76796E-3,-2.83299E-2,-1.64897E-2,-1.42851E-2,-1.45185E-2,-1.46440E-2,-1.43476E-2,-1.46447E-2,-1.41376E-2,-1.27032E-2,-1.16895E-2,-1.10077E-2,-1.09906E-2,-1.00696E-2,-9.11843E-3,-9.70941E-3,-9.74058E-3,-9.86441E-3,-9.31173E-3,-8.99846E-3,-8.43921E-3,-8.14089E-3,-8.24269E-3,-7.31536E-3,-7.38211E-3,-6.26485E-3,-6.62364E-3,-6.26324E-3,-5.84920E-3,-5.28466E-3,-4.82882E-3,-4.74853E-3,-5.05266E-3,-4.82426E-3,-4.76571E-3,-5.17576E-3,-4.76200E-3,-5.02231E-3,-5.29435E-3,-5.59893E-3,-5.17689E-3,-4.87709E-3,-5.30921E-3,-5.44256E-3,-5.72258E-3,-5.64818E-3,-4.87193E-3,-4.32802E-3,-5.01368E-3,-3.88704E-3,-4.31563E-3,-4.45772E-3,-4.18080E-3,-4.78075E-3,-4.59997E-3,-4.69976E-3,-3.75304E-3,-3.63177E-3,-3.26705E-3,-3.29936E-3,-3.65597E-3,-3.97617E-3,-4.02880E-3,-4.41648E-3
1.31579E+3,NaN,NaN,NaN,NaN,NaN,NaN,-1.81493E-4,1.24496E-5,-1.02805E-4,4.92196E-4,2.29408E-4,-1.86541E-4,-2.38986E-4,-2.51119E-4,-2.61713E-4,-2.38091E-4,-2.14469E-4,-1.90587E-4,-1.65573E-4,-1.40558E-4,-1.48747E-4,-2.24736E-4,-3.00724E-4,-2.91646E-4,-1.87258E-4,-8.28691E-5,1.13050E-4,-3.24428E-4,-8.00840E-4,-2.96177E-4,4.45657E-4,7.08349E-4,1.28003E-6,-3.86607E-4,4.81255E-4,2.87931E-4,-2.33716E-4,-6.00368E-4,-4.30018E-4,-5.54889E-4,-3.09395E-5,8.46345E-4,7.60170E-4,-5.68148E-4,-9.09906E-4,-4.26978E-4,-1.62437E-4,4.41234E-4,6.73985E-4,4.75026E-4,-2.00270E-4,-2.72559E-4,-1.92649E-4,-4.51987E-4,-1.00268E-3,-8.70696E-4,-4.58526E-4,5.61467E-4,-1.45815E-3,-5.87938E-3,1.01362E-2,5.22073E-2,5.02170E-2,-3.27664E-2,-1.98842E-1,-3.73893E-1,-4.94483E-1,-5.27033E-1,-3.89336E-1,-8.57203E-2,1.13385E-1,1.23496E-1,5.93372E-2,-9.09078E-3,-2.70528E-2,-1.71219E-2,-1.42638E-2,-1.50103E-2,-1.49356E-2,-1.47306E-2,-1.44981E-2,-1.39696E-2,-1.28131E-2,-1.21996E-2,-1.15751E-2,-1.10963E-2,-9.65845E-3,-1.00036E-2,-1.00858E-2,-1.01720E-2,-1.01865E-2,-8.90972E-3,-8.53280E-3,-8.78007E-3,-8.75753E-3,-8.00024E-3,-7.30063E-3,-7.21185E-3,-6.83349E-3,-6.54740E-3,-6.37775E-3,-5.99654E-3,-5.50980E-3,-5.24431E-3,-4.43031E-3,-4.43417E-3,-4.82992E-3,-4.92556E-3,-5.07376E-3,-5.32866E-3,-5.17341E-3,-5.48328E-3,-5.71889E-3,-5.17078E-3,-5.20202E-3,-5.52969E-3,-5.43919E-3,-6.05028E-3,-5.44484E-3,-5.04587E-3,-4.23234E-3,-3.82209E-3,-3.06727E-3,-3.54478E-3,-3.98355E-3,-4.21360E-3,-3.70538E-3,-4.40528E-3,-4.56681E-3,-3.48903E-3,-4.01185E-3,-4.28550E-3,-3.61705E-3,-4.51144E-3,-4.08681E-3,-3.96398E-3,-4.66551E-3
1.31927E+3,NaN,NaN,NaN,NaN,NaN,NaN,-1.32055E-4,-8.01147E-5,-2.11315E-4,9.39543E-5,2.24740E-4,2.26373E-4,2.89240E-4,3.52107E-4,3.78959E-4,3.13842E-4,2.48726E-4,1.55166E-4,2.30073E-5,-1.09152E-4,-1.05403E-4,2.08387E-6,1.09571E-4,4.26944E-5,-9.54101E-5,-2.33515E-4,1.20448E-4,-1.39419E-4,-2.78116E-4,4.72037E-4,3.95642E-5,3.88900E-4,-2.60810E-4,2.34413E-4,6.03774E-5,-6.45790E-5,2.91151E-4,3.62700E-4,-1.17042E-4,-3.15464E-4,-1.34583E-4,-2.47646E-4,1.21643E-3,1.64807E-5,-3.67013E-4,-2.79644E-5,-1.47254E-4,3.74784E-4,-3.54141E-4,-1.33662E-4,-2.18342E-4,1.96690E-4,1.28711E-4,1.66804E-4,-7.87149E-4,-9.33600E-4,-1.22180E-3,8.54038E-4,-2.76448E-4,-7.01305E-3,8.04689E-3,5.76825E-2,5.89647E-2,-1.83757E-2,-1.98210E-1,-3.75591E-1,-4.99238E-1,-5.37242E-1,-3.92063E-1,-6.50636E-2,1.03654E-1,1.14383E-1,5.14695E-2,-1.78813E-2,-2.88536E-2,-1.32188E-2,-1.35676E-2,-1.53016E-2,-1.50348E-2,-1.46730E-2,-1.39478E-2,-1.33980E-2,-1.22321E-2,-1.18435E-2,-1.08106E-2,-1.11348E-2,-9.63284E-3,-1.08369E-2,-9.73656E-3,-1.02590E-2,-9.31703E-3,-9.26407E-3,-9.15930E-3,-8.01511E-3,-8.38831E-3,-8.69452E-3,-7.22164E-3,-7.01957E-3,-7.27365E-3,-6.77336E-3,-6.58544E-3,-5.74379E-3,-5.29683E-3,-5.06699E-3,-5.10885E-3,-5.19306E-3,-4.96408E-3,-5.18487E-3,-5.44995E-3,-5.36145E-3,-5.53159E-3,-5.61345E-3,-5.35573E-3,-5.28267E-3,-5.83912E-3,-5.99823E-3,-4.70161E-3,-5.23978E-3,-5.59969E-3,-5.77809E-3,-4.82560E-3,-4.64301E-3,-3.95495E-3,-4.43795E-3,-4.51985E-3,-4.48065E-3,-4.49492E-3,-4.59394E-3,-4.85954E-3,-3.48988E-3,-3.60972E-3,-3.11846E-3,-3.46464E-3,-4.21518E-3,-3.85626E-3,-3.86822E-3,-4.13261E-3
1.32276E+3,NaN,NaN,NaN,NaN,NaN,NaN,4.16482E-4,9.59269E-5,-5.68007E-4,-5.46260E-4,2.33491E-4,3.66311E-4,1.76570E-4,-1.31717E-5,-9.72614E-5,-8.29380E-5,-6.86147E-5,-7.72541E-5,-9.76917E-5,-1.18129E-4,-2.25612E-4,-3.54389E-4,-4.83165E-4,-4.07300E-4,-3.19824E-4,-2.32954E-4,-1.78595E-4,-4.03109E-4,-6.82643E-4,-3.76754E-4,8.04904E-4,3.25692E-4,1.75151E-4,-2.79265E-4,-5.07942E-4,-5.35810E-4,-4.63921E-4,-3.22799E-4,2.51671E-4,-5.45804E-4,2.49084E-4,3.46679E-4,-1.02203E-4,-6.83483E-5,-7.66523E-4,-6.48394E-4,6.90123E-6,1.59670E-4,-4.11782E-5,-1.53127E-4,1.94782E-6,5.76073E-4,-3.43367E-5,-5.45926E-4,-7.23781E-4,-9.34369E-4,-8.48451E-4,3.74986E-4,-9.37495E-4,-6.25208E-3,6.27721E-3,5.87453E-2,6.76464E-2,-8.03037E-3,-1.89270E-1,-3.72232E-1,-4.99622E-1,-5.39943E-1,-3.93210E-1,-7.20210E-2,8.03931E-2,1.05541E-1,4.63003E-2,-1.58655E-2,-3.29742E-2,-9.28156E-3,-1.39898E-2,-1.65337E-2,-1.53592E-2,-1.50896E-2,-1.45255E-2,-1.32425E-2,-1.27261E-2,-1.24476E-2,-1.11642E-2,-1.10970E-2,-9.94261E-3,-1.09484E-2,-9.55286E-3,-1.04162E-2,-9.86824E-3,-9.04699E-3,-9.31759E-3,-9.03044E-3,-8.64619E-3,-8.24185E-3,-6.79810E-3,-7.53800E-3,-7.42382E-3,-6.92636E-3,-6.22150E-3,-5.85318E-3,-5.62985E-3,-5.37319E-3,-5.26810E-3,-4.81204E-3,-4.69792E-3,-4.90654E-3,-5.09486E-3,-5.11746E-3,-5.12981E-3,-5.31397E-3,-5.41858E-3,-5.40273E-3,-5.34545E-3,-5.39842E-3,-5.64321E-3,-5.73193E-3,-5.48269E-3,-5.55649E-3,-4.98792E-3,-4.33028E-3,-3.78925E-3,-4.30253E-3,-4.26443E-3,-4.20832E-3,-4.66874E-3,-4.94616E-3,-4.51050E-3,-4.12510E-3,-4.55393E-3,-3.97763E-3,-3.73348E-3,-4.06624E-3,-4.26843E-3,-4.71317E-3,-4.42818E-3
1.32624E+3,NaN,NaN,NaN,NaN,NaN,NaN,-3.55571E-4,3.66463E-4,-1.30757E-4,1.74140E-4,-4.48541E-5,-1.42824E-5,1.09431E-4,2.33145E-4,2.55297E-4,2.43964E-4,2.32632E-4,8.09181E-5,-8.72801E-5,-2.49972E-4,-2.72395E-4,-2.94818E-4,-2.85538E-4,-1.32444E-4,2.06497E-5,-5.86359E-5,-2.78599E-4,-2.00061E-4,-6.85399E-4,-4.02297E-4,8.85568E-5,3.79125E-4,2.16743E-4,-5.61344E-5,-2.98011E-4,-1.06121E-4,-3.53357E-4,-3.81572E-4,9.77652E-5,2.87035E-4,5.34808E-4,7.04153E-4,5.99662E-4,-2.58525E-4,-7.88104E-4,8.89845E-5,4.16536E-4,3.55409E-4,6.88087E-4,4.68866E-4,6.79854E-5,3.22667E-4,5.02392E-4,1.69744E-4,-5.62538E-4,-9.55300E-4,-8.71583E-4,4.94145E-4,-7.92295E-4,-5.55038E-3,1.15894E-2,5.71751E-2,6.75891E-2,-1.07192E-2,-1.84597E-1,-3.64545E-1,-4.89813E-1,-5.20431E-1,-3.69472E-1,-1.00169E-1,4.78066E-2,8.29967E-2,4.00462E-2,-9.33870E-3,-2.95810E-2,-1.13018E-2,-1.60509E-2,-1.66015E-2,-1.50839E-2,-1.48771E-2,-1.47480E-2,-1.37122E-2,-1.28151E-2,-1.19361E-2,-1.12459E-2,-1.11210E-2,-1.08051E-2,-1.11903E-2,-1.05097E-2,-1.01645E-2,-9.28672E-3,-9.23538E-3,-8.77447E-3,-8.60710E-3,-8.47727E-3,-7.81589E-3,-7.22906E-3,-6.52848E-3,-6.73339E-3,-6.89579E-3,-6.65281E-3,-6.06989E-3,-5.56426E-3,-5.29549E-3,-4.90643E-3,-4.23707E-3,-3.81828E-3,-4.55567E-3,-5.25943E-3,-5.10612E-3,-5.14010E-3,-5.19522E-3,-5.15401E-3,-4.66510E-3,-5.15877E-3,-5.66602E-3,-4.86369E-3,-5.32730E-3,-5.52695E-3,-5.29793E-3,-4.29426E-3,-3.98741E-3,-3.39577E-3,-3.61109E-3,-3.76147E-3,-4.21217E-3,-5.03832E-3,-4.61358E-3,-4.19578E-3,-4.04080E-3,-3.86057E-3,-4.06244E-3,-4.30428E-3,-4.09768E-3,-3.51936E-3,-3.68974E-3,-4.54012E-3
1.32972E+3,NaN,NaN,NaN,NaN,NaN,NaN,-2.31629E-5,4.66822E-4,1.44267E-4,-7.29184E-4,2.96090E-4,1.64462E-4,-6.69942E-5,-2.98451E-4,-1.71032E-4,-3.79203E-5,9.98044E-5,2.69169E-4,4.38533E-4,5.76951E-4,6.31740E-4,6.86529E-4,6.56121E-4,5.04599E-4,3.53077E-4,-7.71761E-5,-1.24175E-4,2.48167E-4,3.42188E-4,4.03338E-4,3.28284E-4,1.77058E-4,2.48196E-4,-2.37632E-5,2.90077E-4,3.29767E-4,1.06355E-4,4.71883E-4,4.44843E-4,1.06126E-4,2.42379E-4,5.89920E-4,-4.19816E-5,-4.79757E-4,-5.38362E-5,-2.39308E-4,-1.05563E-4,5.97057E-4,4.19517E-4,-6.26717E-5,4.12825E-4,4.40525E-4,-3.31419E-5,-4.87319E-4,-8.22463E-4,-1.19959E-3,-7.73183E-4,7.06976E-4,-1.47687E-3,-5.48425E-3,1.50865E-2,5.72250E-2,7.07521E-2,-1.02414E-2,-1.80447E-1,-3.58960E-1,-4.87456E-1,-5.17348E-1,-3.52273E-1,-1.20458E-1,2.42956E-2,5.91707E-2,3.71451E-2,-8.30340E-3,-2.27965E-2,-1.44038E-2,-1.63029E-2,-1.54400E-2,-1.41876E-2,-1.37948E-2,-1.31152E-2,-1.24607E-2,-1.20406E-2,-1.11225E-2,-1.00774E-2,-9.68897E-3,-9.97148E-3,-9.13510E-3,-9.15736E-3,-8.71502E-3,-8.24600E-3,-8.09923E-3,-7.69391E-3,-7.28539E-3,-6.90463E-3,-7.58851E-3,-6.38769E-3,-5.97076E-3,-6.42211E-3,-5.75742E-3,-6.61065E-3,-5.44186E-3,-4.38736E-3,-4.76474E-3,-4.70487E-3,-4.13522E-3,-4.45631E-3,-4.15884E-3,-4.45035E-3,-4.72245E-3,-4.09882E-3,-4.35280E-3,-4.63089E-3,-4.48065E-3,-5.17087E-3,-5.05170E-3,-4.29596E-3,-4.97407E-3,-4.89970E-3,-4.35206E-3,-3.66239E-3,-4.13009E-3,-3.46376E-3,-3.58822E-3,-3.48820E-3,-3.50116E-3,-4.08425E-3,-4.47975E-3,-3.93645E-3,-3.22568E-3,-3.26316E-3,-3.65779E-3,-3.63208E-3,-3.89799E-3,-3.41463E-3,-3.47136E-3,-3.58727E-3
1.33320E+3,NaN,NaN,NaN,NaN,NaN,-2.24392E-4,3.09211E-4,2.24161E-4,3.46126E-5,4.40134E-4,-3.59761E-4,-3.84534E-4,-4.09308E-4,-3.61200E-4,-4.65815E-5,2.68037E-4,4.11505E-4,2.47514E-4,8.35216E-5,1.97711E-4,5.89576E-4,9.81442E-4,7.69304E-4,2.22273E-4,-3.24757E-4,1.09368E-4,1.76867E-4,1.51301E-4,2.87311E-4,-3.10699E-4,-3.61156E-4,3.90473E-4,-2.39440E-4,-8.48408E-5,5.72377E-4,1.45138E-4,-5.26058E-5,-2.62810E-5,3.07229E-4,8.01636E-5,8.08276E-5,4.06418E-4,2.30898E-4,2.47517E-4,-2.23586E-4,-1.34230E-4,-3.87224E-5,-3.08721E-4,4.97131E-4,3.93488E-4,2.47897E-4,-1.31815E-4,-3.92644E-4,-7.33463E-4,-1.12220E-3,-1.13842E-3,-1.35000E-3,2.81332E-4,2.82082E-4,-5.56923E-3,1.64391E-2,6.05198E-2,7.95106E-2,-3.14876E-4,-1.73580E-1,-3.52447E-1,-4.83560E-1,-5.24461E-1,-3.44282E-1,-1.35234E-1,1.25309E-2,4.32906E-2,4.77977E-2,-1.21994E-2,-2.06645E-2,-1.88930E-2,-1.60838E-2,-1.44834E-2,-1.34076E-2,-1.34459E-2,-1.20112E-2,-1.16690E-2,-1.06689E-2,-1.02765E-2,-9.74420E-3,-1.02441E-2,-9.68075E-3,-8.97088E-3,-8.52279E-3,-7.93087E-3,-8.41095E-3,-7.45390E-3,-7.32732E-3,-6.56968E-3,-6.10761E-3,-7.44214E-3,-6.21745E-3,-5.87759E-3,-6.27366E-3,-5.48183E-3,-5.19489E-3,-4.55499E-3,-4.14261E-3,-4.69508E-3,-4.28545E-3,-3.63720E-3,-3.77352E-3,-3.13612E-3,-3.83602E-3,-4.52696E-3,-3.93470E-3,-4.48828E-3,-4.44116E-3,-3.84827E-3,-4.07497E-3,-4.31614E-3,-4.32226E-3,-4.08659E-3,-4.83266E-3,-4.48774E-3,-3.61631E-3,-3.31445E-3,-2.55736E-3,-2.97125E-3,-3.08144E-3,-3.36473E-3,-3.41638E-3,-4.15573E-3,-3.78923E-3,-3.25813E-3,-3.09944E-3,-3.03778E-3,-3.18573E-3,-3.37146E-3,-3.29913E-3,-3.07435E-3,-2.84747E-3
1.33669E+3,NaN,NaN,NaN,NaN,NaN,3.25703E-4,-7.69701E-5,-1.53308E-4,-4.73075E-4,-4.75101E-4,1.90100E-4,3.88248E-4,5.86396E-4,5.56463E-4,2.39931E-4,-7.66014E-5,-3.00848E-4,-4.59899E-4,-6.18950E-4,-5.97271E-4,-5.08362E-4,-4.19453E-4,-4.46664E-4,-4.90962E-4,-5.37808E-4,-7.45196E-4,-1.74371E-4,-3.12420E-4,-7.03605E-4,-1.14725E-3,-4.10439E-4,-1.41227E-4,4.71295E-4,-3.05556E-4,1.32645E-4,1.93049E-4,1.34551E-4,-7.50899E-4,5.87185E-4,-7.60484E-5,-1.65117E-4,1.38328E-4,1.01573E-4,-4.89160E-4,-6.83819E-5,-1.50850E-4,-4.81113E-4,-3.89863E-4,-7.52104E-4,1.05109E-4,1.21546E-4,-4.64289E-4,2.55801E-5,-1.33922E-3,-1.15559E-3,-1.74375E-3,-1.80639E-3,5.77678E-4,1.12681E-3,-4.94241E-3,1.39887E-2,5.87873E-2,8.62759E-2,1.46400E-2,-1.64043E-1,-3.44489E-1,-4.82804E-1,-5.36756E-1,-3.39997E-1,-1.41365E-1,1.11752E-2,3.19635E-2,6.19758E-2,-1.35734E-2,-2.76236E-2,-2.05830E-2,-1.35278E-2,-1.46491E-2,-1.31029E-2,-1.30417E-2,-1.12014E-2,-1.12654E-2,-1.06906E-2,-9.79091E-3,-1.02020E-2,-9.67908E-3,-8.99705E-3,-8.52875E-3,-8.80947E-3,-7.48387E-3,-7.81786E-3,-6.79248E-3,-6.98965E-3,-6.57150E-3,-6.96784E-3,-6.95985E-3,-6.00225E-3,-5.98833E-3,-6.46977E-3,-5.25990E-3,-5.91625E-3,-4.90425E-3,-4.12761E-3,-4.19151E-3,-3.57937E-3,-3.96150E-3,-4.08285E-3,-3.94174E-3,-3.87470E-3,-4.57346E-3,-4.30751E-3,-4.41407E-3,-4.43093E-3,-4.28559E-3,-4.96106E-3,-4.78361E-3,-4.43757E-3,-4.81458E-3,-4.78916E-3,-4.03338E-3,-3.89935E-3,-3.70195E-3,-3.17021E-3,-2.88014E-3,-3.63416E-3,-3.84657E-3,-3.84989E-3,-4.38128E-3,-3.65126E-3,-3.20617E-3,-2.58568E-3,-2.95661E-3,-3.43700E-3,-3.01820E-3,-2.83493E-3,-2.65016E-3,-2.94140E-3
1.34017E+3,NaN,NaN,NaN,NaN,NaN,-3.61750E-4,8.53310E-4,-1.26196E-5,-1.92446E-4,1.23833E-4,-2.64452E-4,-1.62000E-4,-5.95480E-5,-4.30964E-5,-6.90722E-5,-9.50479E-5,-2.59690E-4,-4.56332E-4,-6.52974E-4,-5.24648E-4,-3.81136E-4,-2.70251E-4,-4.58959E-4,-6.47667E-4,-5.04245E-4,3.34926E-4,2.32479E-4,3.99029E-4,-6.58448E-5,-8.75373E-5,2.43847E-4,4.77234E-4,3.95070E-4,3.76487E-4,3.10783E-4,5.17114E-4,9.90535E-5,2.88404E-4,3.88195E-4,-2.53571E-4,4.11339E-4,5.42023E-4,1.44999E-4,-3.14332E-4,5.68846E-5,-1.46647E-4,-9.92262E-5,2.18422E-4,9.80088E-5,1.81277E-4,8.98690E-5,-4.22692E-4,-7.96172E-4,-1.04688E-3,-9.88742E-4,-6.74499E-4,6.93782E-4,8.90101E-4,1.64206E-3,-2.00868E-3,1.38827E-2,5.65046E-2,8.11783E-2,1.50529E-2,-1.51320E-1,-3.29845E-1,-4.66879E-1,-5.05116E-1,-3.46009E-1,-1.52170E-1,-1.17589E-2,3.00304E-2,5.73926E-2,-3.76937E-3,-3.35638E-2,-1.89496E-2,-1.33741E-2,-1.39956E-2,-1.28954E-2,-1.17785E-2,-1.07507E-2,-1.08513E-2,-1.00472E-2,-9.15465E-3,-8.24111E-3,-8.84378E-3,-8.53007E-3,-8.14354E-3,-7.61386E-3,-7.65882E-3,-6.75605E-3,-5.94583E-3,-6.23233E-3,-5.75426E-3,-6.00172E-3,-5.40737E-3,-5.59240E-3,-4.75517E-3,-5.07310E-3,-4.45975E-3,-4.89535E-3,-3.77888E-3,-3.51928E-3,-4.00617E-3,-3.45764E-3,-3.00501E-3,-3.40292E-3,-2.72108E-3,-3.46673E-3,-4.07652E-3,-3.15355E-3,-3.52850E-3,-3.71445E-3,-3.67522E-3,-3.70004E-3,-3.69337E-3,-3.17132E-3,-3.79756E-3,-4.67599E-3,-4.15077E-3,-3.14154E-3,-3.13576E-3,-2.21814E-3,-2.17384E-3,-2.29190E-3,-2.63920E-3,-2.71012E-3,-3.62208E-3,-2.86132E-3,-2.13691E-3,-2.13298E-3,-2.23161E-3,-1.95242E-3,-1.88146E-3,-2.16062E-3,-2.29559E-3,-1.97853E-3
1.34365E+3,NaN,NaN,NaN,NaN,NaN,3.50044E-4,1.30289E-4,-6.59512E-5,-1.92264E-4,-4.40688E-4,-5.09129E-4,1.32331E-4,7.73792E-4,3.53565E-4,-1.92243E-4,-7.05332E-4,-3.68812E-4,-3.22920E-5,1.78015E-4,-1.86880E-4,-5.51775E-4,-7.45619E-4,-5.80612E-4,-4.15605E-4,2.49802E-5,4.74230E-4,-2.39046E-5,-8.36691E-4,-9.77953E-4,-5.17715E-4,2.29281E-4,3.98996E-4,-4.49129E-5,3.22896E-5,5.04105E-4,-5.41632E-6,-2.16962E-4,5.21504E-4,5.91419E-4,2.76290E-4,1.73297E-4,1.39502E-4,-7.52181E-5,9.22607E-5,-8.07340E-5,-1.26726E-4,-6.23838E-5,-3.90759E-4,1.73586E-4,3.80824E-4,9.40330E-5,-3.06355E-4,-7.18744E-4,-9.07726E-4,-9.58733E-4,-5.45229E-4,-3.60608E-4,3.87802E-5,-9.10894E-4,-3.98508E-3,1.18263E-2,5.40560E-2,8.09697E-2,2.21587E-2,-1.32311E-1,-3.05776E-1,-4.54443E-1,-4.80599E-1,-3.40911E-1,-1.55472E-1,-3.14300E-2,2.97254E-2,5.03036E-2,-4.37231E-3,-3.18632E-2,-1.51692E-2,-1.28351E-2,-1.32375E-2,-1.24237E-2,-1.08376E-2,-9.64243E-3,-9.05407E-3,-8.93485E-3,-8.41175E-3,-8.43118E-3,-8.75861E-3,-7.58327E-3,-7.26046E-3,-7.15888E-3,-6.66971E-3,-6.14007E-3,-5.83764E-3,-5.63274E-3,-5.60772E-3,-5.76076E-3,-5.81103E-3,-5.44497E-3,-4.52436E-3,-4.82343E-3,-3.82209E-3,-5.00604E-3,-3.20322E-3,-3.11375E-3,-3.41622E-3,-2.78677E-3,-2.25227E-3,-4.11635E-3,-3.32622E-3,-3.37249E-3,-3.45988E-3,-3.96163E-3,-3.46028E-3,-4.14826E-3,-2.82659E-3,-3.38603E-3,-3.98156E-3,-3.33534E-3,-2.72282E-3,-3.85065E-3,-4.12248E-3,-3.17769E-3,-2.64810E-3,-2.55408E-3,-2.26120E-3,-1.78947E-3,-2.02213E-3,-2.37509E-3,-3.23239E-3,-2.70521E-3,-2.48407E-3,-1.64570E-3,-2.39831E-3,-2.48892E-3,-1.89925E-3,-1.89964E-3,-2.28783E-3,-2.32537E-3
1.34714E+3,NaN,NaN,NaN,NaN,NaN,5.39994E-4,4.56216E-4,-5.63938E-4,-8.46785E-4,-2.50025E-4,3.84098E-4,3.05570E-4,2.27694E-4,1.54755E-4,8.18146E-5,3.21179E-5,4.86481E-5,6.51782E-5,1.41490E-4,3.06491E-4,4.71493E-4,4.28956E-4,2.13505E-4,-1.94660E-6,-4.75716E-4,-6.31431E-5,1.04062E-4,-2.47489E-4,-5.85213E-4,-2.14515E-4,6.49878E-4,5.70156E-4,1.38063E-4,7.40619E-5,2.08791E-4,-3.52070E-4,-4.64186E-5,9.76936E-4,6.87594E-4,1.14166E-4,7.91510E-5,-1.77625E-4,2.53784E-4,3.68633E-4,3.40701E-4,6.14718E-4,-7.06822E-5,-3.76305E-4,-1.54757E-5,2.54565E-4,7.83611E-5,-2.08848E-4,-5.90222E-4,-5.39066E-4,-1.03883E-3,-1.75534E-3,-2.34571E-3,-1.38364E-3,-2.95295E-3,-7.29813E-3,9.92167E-3,5.52602E-2,8.96106E-2,2.65148E-2,-1.29311E-1,-3.00725E-1,-4.62389E-1,-4.75570E-1,-3.40140E-1,-1.44902E-1,-3.13646E-2,3.90615E-2,5.46898E-2,-1.68097E-2,-2.46552E-2,-1.29901E-2,-1.30223E-2,-1.25444E-2,-1.14138E-2,-9.59951E-3,-9.08555E-3,-8.78086E-3,-8.88198E-3,-8.27991E-3,-8.52160E-3,-8.05622E-3,-7.31235E-3,-6.93409E-3,-6.64901E-3,-5.88443E-3,-4.89878E-3,-4.61287E-3,-4.26362E-3,-4.48273E-3,-4.61854E-3,-5.19167E-3,-5.05293E-3,-5.10375E-3,-4.80851E-3,-3.20245E-3,-4.88988E-3,-3.25271E-3,-2.09347E-3,-3.36748E-3,-2.96167E-3,-1.54792E-3,-2.56390E-3,-2.93649E-3,-2.88336E-3,-3.43614E-3,-2.68733E-3,-3.22578E-3,-3.79665E-3,-2.82598E-3,-3.03563E-3,-3.52237E-3,-3.00611E-3,-2.69385E-3,-3.26754E-3,-3.47077E-3,-2.76992E-3,-2.37444E-3,-2.04466E-3,-2.29451E-3,-1.94137E-3,-1.75951E-3,-1.95841E-3,-2.69512E-3,-2.19474E-3,-2.28720E-3,-1.58209E-3,-2.43619E-3,-1.94507E-3,-1.17859E-3,-1.44120E-3,-1.54099E-3,-1.19321E-3
1.35063E+3,NaN,NaN,NaN,NaN,NaN,2.53617E-4,5.99415E-4,-5.04855E-4,-2.97978E-4,1.54168E-4,-2.27362E-4,9.51602E-5,3.30327E-4,3.94233E-4,4.58138E-4,4.50655E-4,3.66030E-4,2.81404E-4,3.36653E-4,4.76366E-4,6.16079E-4,3.25013E-4,-9.73941E-5,-5.19801E-4,6.35075E-5,-1.90443E-4,-6.13232E-4,2.70066E-4,-5.78685E-4,-2.23088E-4,7.58816E-4,3.70896E-4,-3.33090E-4,5.03334E-4,5.96764E-4,-3.47647E-4,-2.15263E-4,7.02250E-4,6.86611E-4,1.44262E-4,1.44618E-4,-7.74641E-4,-3.53120E-4,-4.05146E-4,-9.72336E-5,1.18757E-4,-5.23249E-4,-9.09841E-4,7.03834E-4,2.07182E-4,6.22499E-4,2.03556E-4,-7.02563E-4,-1.40028E-3,-1.63988E-3,-1.31099E-3,-2.52560E-3,-2.71328E-3,-1.84868E-3,-9.28898E-3,7.72347E-3,5.64084E-2,1.06376E-1,4.62498E-2,-1.15267E-1,-2.89777E-1,-4.71924E-1,-4.83517E-1,-3.41916E-1,-1.30539E-1,-2.91723E-2,3.25835E-2,6.65977E-2,-2.93741E-2,-1.11133E-2,-1.37242E-2,-1.18399E-2,-1.18596E-2,-1.04934E-2,-8.70762E-3,-7.61474E-3,-8.56222E-3,-8.70127E-3,-7.15821E-3,-8.29573E-3,-7.34874E-3,-7.14449E-3,-6.06419E-3,-5.66187E-3,-4.34134E-3,-3.97830E-3,-4.88757E-3,-4.26717E-3,-5.64522E-3,-4.41483E-3,-4.41841E-3,-4.42079E-3,-4.10822E-3,-3.85941E-3,-2.98652E-3,-4.09176E-3,-2.02027E-3,-1.45814E-3,-2.82636E-3,-2.62169E-3,-1.36697E-3,-2.23811E-3,-2.69448E-3,-1.97894E-3,-2.87895E-3,-2.68945E-3,-2.51065E-3,-3.11146E-3,-2.57135E-3,-3.27274E-3,-3.10993E-3,-2.19808E-3,-2.70225E-3,-3.26819E-3,-3.61940E-3,-2.65256E-3,-1.67865E-3,-2.06617E-3,-1.67277E-3,-1.49056E-3,-1.87181E-3,-2.47631E-3,-2.43030E-3,-1.77434E-3,-1.92334E-3,-1.39002E-3,-1.84936E-3,-1.47837E-3,-7.55785E-4,-1.35977E-3,-1.60372E-3,-5.74139E-4
1.35411E+3,NaN,NaN,NaN,NaN,NaN,4.04359E-4,6.41261E-5,1.82325E-4,2.78749E-4,-5.85080E-4,-6.01526E-4,-1.81813E-4,5.46116E-5,1.45134E-4,2.35657E-4,3.77896E-4,5.42336E-4,7.06777E-4,4.08637E-4,2.40222E-5,-3.60593E-4,-2.79817E-4,-1.92124E-4,-1.02681E-4,1.25054E-5,1.53555E-4,-8.62197E-5,5.73733E-5,-8.01036E-4,-5.91476E-5,7.66656E-4,-1.71572E-4,-3.63022E-4,-8.71803E-5,3.41932E-4,-6.94025E-4,-4.69714E-4,7.62582E-4,-2.18942E-4,4.77012E-4,-3.89025E-4,1.64421E-6,-5.63827E-5,3.62913E-4,3.42383E-5,-2.24705E-4,-3.14932E-5,6.80122E-5,3.13962E-4,6.69559E-4,7.65704E-4,-1.99593E-4,-1.41173E-3,-1.34667E-3,-1.44908E-3,-9.41866E-4,-1.66633E-3,-2.03580E-3,-5.15318E-4,-6.11955E-3,1.02890E-2,5.82358E-2,1.07666E-1,5.19785E-2,-1.05951E-1,-2.86976E-1,-4.63648E-1,-4.79129E-1,-3.34296E-1,-1.25930E-1,-1.71650E-2,2.48213E-2,6.59485E-2,-2.05933E-2,-3.95817E-3,-1.49943E-2,-1.05272E-2,-1.08571E-2,-9.27041E-3,-8.94139E-3,-8.31055E-3,-8.98134E-3,-8.57144E-3,-7.02231E-3,-8.68963E-3,-7.17037E-3,-6.86389E-3,-5.72347E-3,-5.75194E-3,-4.37986E-3,-5.59001E-3,-4.32713E-3,-3.87284E-3,-4.57323E-3,-4.08144E-3,-4.03453E-3,-5.08699E-3,-3.04153E-3,-3.64909E-3,-2.55028E-3,-4.48370E-3,-2.62670E-3,-1.47800E-3,-2.84680E-3,-1.37580E-3,-1.92527E-3,-1.19316E-3,-2.34023E-3,-1.90906E-3,-2.37671E-3,-2.80579E-3,-3.12651E-3,-2.47725E-3,-1.31104E-3,-2.43909E-3,-2.70613E-3,-2.02918E-3,-2.63004E-3,-3.33422E-3,-2.62575E-3,-3.02313E-3,-2.28837E-3,-1.59044E-3,-1.28139E-3,-1.06430E-3,-1.55243E-3,-1.33939E-3,-2.61924E-3,-1.92516E-3,-1.91905E-3,-1.34915E-3,-1.41537E-3,-1.66378E-3,-1.05228E-3,-1.34721E-3,-1.25532E-3,-6.00009E-4
1.35760E+3,NaN,NaN,NaN,NaN,NaN,2.54952E-4,-4.86908E-4,-4.36921E-4,-2.70505E-4,-2.08624E-4,4.33047E-4,7.52858E-4,7.10132E-4,5.61534E-4,4.12936E-4,3.70194E-4,3.37055E-4,2.83352E-4,-9.43004E-5,-4.71953E-4,-7.57329E-4,-6.79407E-4,-6.01485E-4,-6.47074E-5,8.03598E-4,4.80302E-4,-4.33815E-5,-8.67269E-5,3.92701E-5,1.77730E-4,7.92047E-4,5.08977E-4,6.35069E-4,6.66701E-4,2.81496E-4,-2.05083E-4,2.95945E-4,9.63440E-4,1.13900E-3,8.03074E-4,5.19419E-4,1.95785E-4,7.35781E-4,2.67104E-4,1.56418E-4,2.21287E-4,-2.43597E-4,2.98126E-4,1.34196E-3,7.68765E-4,6.13669E-4,-2.25120E-4,-3.53389E-4,-5.34381E-4,-8.78598E-4,-2.13641E-4,2.88956E-4,1.45683E-3,7.89034E-4,-2.25321E-3,1.43261E-2,6.18926E-2,1.02867E-1,4.93345E-2,-9.82577E-2,-2.84364E-1,-4.51202E-1,-4.63991E-1,-3.14740E-1,-1.14310E-1,-7.99588E-3,2.85522E-2,5.19762E-2,2.15141E-3,-3.82430E-3,-1.45399E-2,-1.05419E-2,-1.02098E-2,-8.92175E-3,-8.61595E-3,-6.88379E-3,-6.66879E-3,-6.70736E-3,-6.60637E-3,-7.02563E-3,-6.10100E-3,-5.79041E-3,-4.84131E-3,-4.53804E-3,-3.59406E-3,-4.52565E-3,-4.07888E-3,-3.82440E-3,-3.80841E-3,-3.67449E-3,-2.86558E-3,-3.80966E-3,-2.81164E-3,-2.84626E-3,-1.96276E-3,-4.14600E-3,-1.95712E-3,-1.33287E-3,-3.25480E-3,-7.57714E-4,-8.75263E-4,-1.60784E-3,-2.15315E-3,-1.96335E-3,-1.83716E-3,-1.82441E-3,-1.90563E-3,-1.45599E-3,-1.53288E-3,-1.74897E-3,-2.02486E-3,-1.29923E-3,-2.36940E-3,-2.68922E-3,-2.28223E-3,-1.43139E-3,-7.67314E-4,-8.17082E-4,-5.88943E-4,-5.52714E-4,-3.70232E-4,-3.11913E-4,-1.34327E-3,-3.77209E-4,-1.18544E-3,-1.07138E-3,-1.55797E-3,-1.13364E-3,-2.66663E-4,-3.00711E-4,-1.14770E-3,-1.47410E-4
1.36109E+3,NaN,NaN,NaN,NaN,NaN,2.39122E-4,3.04198E-4,-8.99648E-6,9.91139E-5,-7.62756E-4,-2.94536E-4,2.70070E-4,3.80807E-4,4.86668E-4,5.49935E-4,3.33666E-4,1.17398E-4,-1.28749E-5,8.34719E-5,1.79819E-4,6.69728E-5,-3.37210E-4,-7.41392E-4,5.18476E-4,1.14276E-3,7.18518E-4,6.26553E-4,6.16243E-6,-1.55019E-4,1.12905E-3,1.01333E-3,2.99248E-4,4.79991E-4,3.86858E-4,5.06993E-4,4.85458E-4,3.71148E-4,-4.50477E-5,8.92995E-4,1.03121E-3,3.19708E-4,6.95167E-4,1.12785E-3,4.44246E-4,1.47041E-4,-5.55186E-4,-5.68250E-4,2.70541E-4,2.72318E-4,3.38915E-4,3.69041E-4,1.39105E-4,-5.49004E-4,-8.65031E-4,-1.01569E-3,-1.05000E-3,-3.61744E-4,1.42976E-3,9.24285E-4,-1.20340E-3,1.49524E-2,6.64745E-2,1.05769E-1,5.39006E-2,-8.73396E-2,-2.82459E-1,-4.41230E-1,-4.46590E-1,-2.88394E-1,-8.37614E-2,-5.41923E-3,3.28154E-2,4.83622E-2,1.65566E-2,-7.70155E-3,-1.23164E-2,-9.77799E-3,-9.28338E-3,-8.66095E-3,-7.46627E-3,-7.13972E-3,-7.34170E-3,-5.81840E-3,-6.03191E-3,-6.16328E-3,-5.70036E-3,-4.70244E-3,-3.81977E-3,-3.79548E-3,-3.50013E-3,-3.16289E-3,-2.73910E-3,-3.21711E-3,-3.46373E-3,-3.41467E-3,-2.75059E-3,-2.53371E-3,-2.19256E-3,-2.07393E-3,-2.08243E-3,-2.85589E-3,-2.17502E-3,-1.61070E-3,-1.71368E-3,-8.07299E-4,7.13058E-5,-5.21579E-4,-8.96977E-4,-9.06314E-4,-1.60077E-3,-2.15122E-3,-1.37940E-3,-1.05954E-3,-1.81027E-3,-2.61921E-3,-1.47458E-3,-1.15513E-3,-1.21613E-3,-1.96619E-3,-1.52962E-3,-1.67261E-3,-1.06896E-3,-3.90189E-4,-7.19914E-4,1.28533E-4,-2.18585E-4,-5.53895E-4,-1.70302E-3,-8.22679E-4,-5.23478E-4,-4.69160E-5,-1.01548E-3,-2.58588E-4,8.60772E-5,-8.87596E-5,-6.06675E-4,2.53625E-4
1.36457E+3,NaN,NaN,NaN,NaN,NaN,-9.48073E-5,-3.96328E-4,1.48552E-4,2.98519E-4,-3.68615E-4,3.60604E-4,7.22288E-4,6.54535E-4,5.86783E-4,6.28445E-4,8.77061E-4,1.12568E-3,1.05128E-3,6.38942E-4,2.26603E-4,-3.28273E-5,-2.03053E-4,-3.73278E-4,-1.76479E-4,5.74607E-4,-1.13534E-4,-3.93564E-4,-2.45375E-5,1.02502E-4,9.06224E-4,9.89846E-6,4.75822E-6,4.30104E-4,1.14593E-3,8.08581E-4,3.32373E-4,1.26583E-3,5.70433E-4,-3.45690E-4,2.80280E-4,3.64142E-4,6.87035E-4,7.87329E-4,1.57800E-4,4.70777E-4,3.67941E-4,8.06597E-4,6.16997E-4,4.84283E-4,2.58309E-4,7.46090E-4,2.10396E-5,-7.67036E-4,-1.05178E-3,-1.56265E-3,-2.12640E-3,-2.35509E-3,-3.13112E-4,-1.07265E-3,-3.53358E-3,1.05458E-2,6.52888E-2,1.10809E-1,5.91280E-2,-7.80364E-2,-2.82671E-1,-4.44629E-1,-4.35890E-1,-2.60989E-1,-3.16448E-2,1.77197E-3,4.12713E-2,5.98456E-2,1.40461E-2,-1.20238E-2,-1.04816E-2,-1.01300E-2,-8.58966E-3,-8.75645E-3,-6.56594E-3,-7.57513E-3,-6.29797E-3,-5.51902E-3,-6.18961E-3,-6.63317E-3,-5.79586E-3,-4.80561E-3,-4.35321E-3,-3.49995E-3,-4.85215E-3,-4.41950E-3,-3.44385E-3,-4.07278E-3,-4.10762E-3,-3.75840E-3,-2.90920E-3,-3.06854E-3,-3.07108E-3,-2.54352E-3,-2.34257E-3,-1.82775E-3,-2.33604E-3,-1.38940E-3,-1.32158E-3,-1.51278E-3,-6.76136E-4,-1.16940E-3,-2.55814E-3,-1.37798E-3,-2.04735E-3,-1.54209E-3,-1.17919E-4,-1.67936E-3,-2.45267E-3,-1.58898E-3,-2.16850E-3,-1.20584E-3,-2.33414E-3,-2.06971E-3,-2.03131E-3,-1.26499E-3,-1.21799E-3,-1.10803E-3,-1.86242E-3,-8.51234E-4,-1.07932E-3,-7.50377E-4,-1.59434E-3,2.22830E-4,-5.68746E-4,-1.04784E-3,-4.22644E-4,-1.17589E-3,-5.79392E-4,-7.07459E-4,-7.71004E-4,-6.37934E-4
1.36806E+3,NaN,NaN,NaN,NaN,NaN,2.83172E-4,5.00594E-5,-3.78639E-4,9.58671E-6,-2.58203E-4,4.17969E-4,6.55918E-4,7.47415E-4,8.38912E-4,6.33377E-4,1.92279E-4,-2.48819E-4,-6.49950E-4,-1.03400E-3,-1.41804E-3,-1.04035E-3,-5.21234E-4,-2.12113E-6,9.91415E-4,1.99828E-4,-4.78724E-4,-8.07218E-4,9.33002E-5,-3.38441E-4,6.39181E-4,9.31740E-4,9.35799E-4,2.23020E-4,4.65915E-5,1.74947E-4,-3.91877E-4,1.14871E-3,-7.07176E-4,4.71100E-4,5.38060E-4,3.68951E-4,2.86001E-4,6.24288E-4,4.09575E-4,9.81925E-4,-1.22463E-3,5.43026E-4,1.67093E-3,-2.22751E-4,5.24455E-4,-2.40575E-4,-1.67726E-3,-5.43566E-4,-1.26572E-3,-2.95813E-3,-1.81179E-3,-2.42878E-3,-2.61334E-3,-1.96433E-3,-6.48291E-3,4.51246E-3,6.16861E-2,1.15869E-1,7.08071E-2,-6.42583E-2,-2.72835E-1,-4.47958E-1,-4.25099E-1,-2.31029E-1,4.74502E-2,2.15560E-2,3.51174E-2,8.28351E-2,-9.11647E-3,-1.17410E-2,-1.18124E-2,-1.06230E-2,-9.32778E-3,-9.54132E-3,-8.02787E-3,-6.87472E-3,-6.55692E-3,-6.34098E-3,-6.33896E-3,-7.04803E-3,-5.56369E-3,-5.37938E-3,-5.56908E-3,-4.46431E-3,-5.15761E-3,-4.41430E-3,-4.07640E-3,-3.33668E-3,-3.65004E-3,-3.06911E-3,-4.89491E-3,-2.83766E-3,-2.94303E-3,-2.90046E-3,-2.04723E-3,-3.22047E-3,-2.18989E-3,-2.08127E-3,-1.81525E-3,-5.87737E-4,-1.13859E-3,-8.93780E-4,-2.61120E-3,-1.99264E-3,-1.79553E-3,-1.68130E-3,-1.57042E-3,-1.62854E-3,-2.06916E-3,-2.57336E-3,-1.02193E-3,-9.61636E-4,-1.82033E-3,-2.55647E-3,-1.84021E-3,-1.26857E-3,-1.18694E-3,-8.61723E-5,-1.07127E-3,-1.27742E-3,-1.17429E-3,-1.72897E-3,-1.64064E-3,-2.19769E-4,-9.50974E-4,-7.97333E-4,-8.92410E-5,-1.38298E-3,-1.32930E-3,-5.74174E-4,-4.72345E-4,-7.33564E-4
1.37155E+3,NaN,NaN,NaN,NaN,NaN,-6.48196E-4,-1.25648E-4,-1.20469E-4,-4.87700E-4,9.58424E-5,9.31808E-4,8.41289E-4,5.17614E-4,1.93939E-4,3.87351E-4,7.37116E-4,1.08688E-3,2.83317E-4,-6.33360E-4,-1.47018E-3,-8.95343E-4,-3.20510E-4,1.85109E-4,5.28840E-4,1.04408E-3,1.89775E-4,-4.88558E-4,5.23470E-5,4.09863E-5,6.83821E-4,9.72517E-4,1.10744E-4,1.94470E-5,1.17906E-3,-3.59046E-4,-6.02369E-4,6.15921E-4,4.47334E-4,-8.76935E-4,1.80343E-4,-2.68910E-4,2.53676E-4,9.11822E-4,7.44157E-4,-3.51938E-4,-3.94637E-4,1.90258E-4,5.45257E-4,8.54301E-5,6.77425E-4,3.67981E-4,-8.65422E-4,-1.31501E-3,-1.21293E-3,-9.72387E-4,-1.49198E-3,-2.97849E-3,-3.61139E-3,-3.32018E-3,-7.94340E-3,5.29402E-3,5.36627E-2,9.75764E-2,5.87890E-2,-7.81790E-2,-2.77904E-1,-4.23840E-1,-3.89389E-1,-1.87038E-1,6.73867E-2,5.44930E-2,4.00044E-2,7.05367E-2,-1.82219E-2,-8.05056E-3,-1.21470E-2,-1.07729E-2,-8.76546E-3,-7.28300E-3,-7.95441E-3,-8.50871E-3,-8.05237E-3,-7.18907E-3,-7.05945E-3,-6.86023E-3,-5.58892E-3,-5.50437E-3,-4.54952E-3,-5.44544E-3,-5.94850E-3,-5.03795E-3,-3.88048E-3,-5.06132E-3,-4.68986E-3,-2.98925E-3,-3.42959E-3,-4.64606E-3,-3.48611E-3,-2.85667E-3,-3.18839E-3,-3.35372E-3,-1.64921E-3,-1.97652E-3,-1.74224E-3,-1.23486E-3,-2.41954E-3,-1.34416E-3,-2.04222E-3,-1.62463E-3,-1.62124E-3,-1.73791E-3,-1.23573E-3,-1.47761E-3,-2.48230E-3,-2.05837E-3,-2.06688E-3,-2.32363E-3,-2.47622E-3,-2.70917E-3,-3.11938E-3,-2.33964E-3,-1.69707E-3,-1.68812E-3,-9.03120E-4,-4.54738E-4,-1.76639E-3,-1.87414E-3,-2.43353E-3,-2.08123E-3,-1.50952E-3,-1.16631E-3,-1.59800E-3,-2.06666E-3,-1.16996E-3,-4.03529E-4,-7.22035E-4,-7.01951E-4
1.37504E+3,NaN,NaN,NaN,NaN,NaN,7.30973E-4,-6.10652E-4,5.79385E-4,-1.63620E-4,3.72330E-4,-7.51080E-4,-4.61911E-4,-2.87409E-5,4.04429E-4,4.77478E-4,5.41759E-4,5.87309E-4,4.94305E-4,4.01301E-4,3.83939E-4,5.79705E-4,7.75470E-4,5.01776E-4,1.26320E-4,2.86206E-4,4.62325E-4,9.98657E-4,5.82357E-4,-2.71989E-4,-4.74989E-4,-1.03907E-4,2.44170E-4,2.60973E-5,-1.11119E-4,3.23700E-4,2.84145E-4,6.73753E-4,-2.41260E-4,-5.22889E-4,-2.58965E-4,9.64860E-5,6.73196E-4,1.10403E-3,6.97812E-4,2.03537E-4,-4.93464E-5,3.30982E-4,-9.95357E-6,-8.88848E-4,-1.73878E-4,-4.98580E-4,-8.41608E-4,-9.51348E-4,-5.70285E-4,1.80217E-5,-4.59450E-4,-1.63864E-3,-2.76420E-3,-4.83496E-3,-8.70933E-3,5.78279E-3,5.08845E-2,8.62717E-2,4.61526E-2,-9.29281E-2,-2.84970E-1,-4.07928E-1,-3.60242E-1,-1.27332E-1,9.57700E-2,8.58853E-2,6.29590E-2,4.52081E-2,-1.97703E-2,-7.73334E-3,-1.22032E-2,-1.08788E-2,-1.06396E-2,-9.14791E-3,-8.76627E-3,-7.90204E-3,-6.67608E-3,-6.67578E-3,-6.53073E-3,-6.51383E-3,-5.87554E-3,-5.12988E-3,-4.71156E-3,-5.25836E-3,-4.84164E-3,-4.25968E-3,-4.60745E-3,-5.63723E-3,-4.74768E-3,-3.64598E-3,-3.38548E-3,-3.68377E-3,-3.71627E-3,-2.91929E-3,-3.59044E-3,-4.52686E-3,-3.41997E-3,-2.28245E-3,-2.34112E-3,-1.93279E-3,-3.10231E-3,-2.45213E-3,-2.75414E-3,-2.57802E-3,-3.10340E-3,-2.47557E-3,-2.12228E-3,-2.94802E-3,-2.81194E-3,-3.15162E-3,-2.67330E-3,-2.10794E-3,-3.44297E-3,-2.77647E-3,-1.89787E-3,-1.51854E-3,-2.05679E-3,-1.42139E-3,-1.26567E-3,-7.58688E-4,-1.18454E-3,-1.87560E-3,-3.14410E-3,-3.53644E-3,-2.53555E-3,-1.96034E-3,-1.63832E-3,-9.31470E-4,-1.54714E-3,-1.47756E-3,-1.70546E-3,-8.70631E-4
1.37853E+3,NaN,NaN,NaN,NaN,-3.95607E-4,9.35652E-5,-5.52469E-4,5.47468E-4,-9.48303E-4,2.54994E-5,1.24259E-3,9.80962E-4,7.19337E-4,5.34448E-4,6.92292E-4,8.50136E-4,8.22889E-4,4.12614E-4,2.33853E-6,-2.13327E-4,-2.08349E-4,-2.03371E-4,3.53358E-4,7.06212E-4,9.65501E-4,4.57492E-4,-1.01424E-4,-2.60404E-4,-2.25158E-4,2.51444E-4,8.28135E-4,3.55005E-4,4.26012E-4,8.86654E-4,6.95196E-4,3.94185E-4,-2.25631E-4,-2.28872E-4,2.27635E-4,8.08020E-5,2.45738E-4,6.46061E-4,6.78888E-4,3.35007E-4,2.40912E-4,-3.19649E-4,5.68104E-4,5.63714E-4,2.96931E-4,3.52349E-4,3.63641E-4,-1.62938E-4,-1.10342E-3,-6.61964E-4,-2.11220E-4,-4.42659E-4,-3.51193E-4,6.91190E-4,-2.01327E-3,-6.25863E-3,6.42708E-3,4.83818E-2,7.82338E-2,3.09952E-2,-1.10073E-1,-2.94521E-1,-3.95221E-1,-3.34365E-1,-5.62897E-2,1.52969E-1,1.24236E-1,8.60420E-2,1.37754E-2,-1.50539E-2,-1.00688E-2,-1.27219E-2,-1.13764E-2,-1.05307E-2,-1.00509E-2,-9.58972E-3,-8.74602E-3,-8.39210E-3,-7.56581E-3,-6.70817E-3,-6.05870E-3,-6.38020E-3,-6.45656E-3,-6.90609E-3,-6.57912E-3,-6.41974E-3,-6.02788E-3,-5.48826E-3,-5.75758E-3,-4.78698E-3,-4.23894E-3,-4.02126E-3,-4.87919E-3,-3.61509E-3,-3.89067E-3,-3.97169E-3,-3.60566E-3,-3.32755E-3,-3.34771E-3,-2.99697E-3,-3.16483E-3,-3.72903E-3,-2.87030E-3,-2.37391E-3,-2.86952E-3,-3.14829E-3,-2.59956E-3,-2.61702E-3,-3.47799E-3,-3.61224E-3,-2.85077E-3,-2.43192E-3,-2.99952E-3,-3.44647E-3,-3.91467E-3,-3.58306E-3,-3.02153E-3,-2.25700E-3,-2.81942E-3,-1.93489E-3,-2.65279E-3,-3.83025E-3,-2.97261E-3,-2.92386E-3,-3.00786E-3,-1.58951E-3,-2.39185E-3,-1.38566E-3,-2.44322E-3,-1.94793E-3,-2.54635E-3,-2.09804E-3,-1.81751E-3
1.38202E+3,NaN,NaN,NaN,NaN,-1.30747E-4,-3.32471E-4,-2.09420E-4,-1.41741E-6,3.32949E-4,1.18582E-4,2.94570E-4,4.60865E-4,6.27159E-4,7.32993E-4,7.43447E-4,7.53901E-4,6.45943E-4,4.33323E-4,2.20703E-4,-1.20030E-5,-2.54438E-4,-4.96873E-4,-5.06029E-4,1.16872E-3,1.04564E-3,1.05967E-3,5.00095E-4,1.84033E-4,1.25016E-3,1.18128E-3,3.32194E-4,8.14607E-4,1.17184E-3,-1.89771E-4,-1.04254E-3,6.50447E-4,1.18681E-3,5.84430E-4,9.90758E-4,4.53984E-4,2.56364E-5,6.80742E-4,1.30174E-3,1.16422E-3,6.03305E-4,5.83217E-4,-4.33774E-4,-5.08262E-5,3.54543E-4,-2.57427E-4,-8.02665E-4,-4.73831E-4,-8.75469E-4,-1.78412E-3,-2.14526E-3,-2.06114E-5,3.71550E-4,9.61350E-4,9.75347E-5,-6.54539E-3,5.97446E-3,5.08355E-2,7.93278E-2,2.69155E-2,-1.22540E-1,-3.07524E-1,-3.98741E-1,-3.25145E-1,1.18127E-2,2.32042E-1,1.55426E-1,9.45251E-2,-9.43145E-3,-6.79203E-3,-1.21283E-2,-1.13452E-2,-1.13617E-2,-1.14451E-2,-1.21547E-2,-1.03760E-2,-8.35920E-3,-7.87967E-3,-7.61201E-3,-8.15146E-3,-6.62461E-3,-7.65431E-3,-7.06708E-3,-7.50787E-3,-6.70390E-3,-5.35660E-3,-5.30014E-3,-6.57987E-3,-6.55913E-3,-5.37057E-3,-5.12581E-3,-4.96809E-3,-4.30739E-3,-4.18372E-3,-4.55080E-3,-3.95949E-3,-4.17644E-3,-3.37366E-3,-3.97917E-3,-3.31966E-3,-2.47754E-3,-3.51800E-3,-3.83301E-3,-3.76821E-3,-3.32264E-3,-3.03556E-3,-2.69354E-3,-2.56485E-3,-3.29442E-3,-3.05070E-3,-3.41450E-3,-3.32467E-3,-3.42094E-3,-3.80865E-3,-2.04978E-3,-4.53922E-3,-3.37497E-3,-2.33584E-3,-2.57092E-3,-2.61498E-3,-1.63879E-3,-2.34874E-3,-3.68506E-3,-3.29672E-3,-3.61401E-3,-2.75591E-3,-4.01666E-3,-1.89504E-3,-2.54157E-3,-2.67265E-3,-3.56782E-3,-2.60606E-3,-1.90805E-3
1.38552E+3,NaN,NaN,NaN,NaN,-3.55978E-4,2.26144E-4,3.28834E-4,-5.64660E-4,1.16288E-4,5.35039E-4,-1.01276E-4,2.39854E-4,5.80985E-4,4.49285E-4,-9.19255E-6,-4.67670E-4,-4.20587E-4,-1.90462E-4,3.96628E-5,-1.28558E-4,-3.52626E-4,-5.68624E-4,-3.79256E-4,1.87374E-4,2.58756E-4,2.52830E-4,-4.83828E-4,-7.76192E-4,-3.75429E-4,6.03383E-4,-5.21549E-4,2.96167E-4,1.24226E-4,4.20988E-4,5.26103E-4,3.95935E-4,-7.07454E-4,-7.64921E-4,1.22928E-3,1.08427E-4,2.16630E-4,7.07261E-4,3.67486E-4,5.50218E-5,-6.68943E-4,-1.01731E-3,-9.67947E-4,7.70716E-5,-1.18866E-4,-1.61158E-5,5.82062E-5,-1.04470E-3,-6.35507E-4,-1.37829E-3,-1.42931E-3,-8.52233E-4,2.96509E-4,2.63250E-3,1.68329E-3,-4.65705E-3,4.34452E-3,4.52384E-2,7.49339E-2,1.44155E-2,-1.41505E-1,-3.26964E-1,-4.04817E-1,-3.23843E-1,5.78788E-2,3.18510E-1,2.00421E-1,9.00453E-2,-2.25097E-2,-5.77137E-3,-1.39677E-2,-1.17686E-2,-1.40521E-2,-1.22883E-2,-1.12149E-2,-1.06969E-2,-1.01111E-2,-1.01377E-2,-7.57158E-3,-8.34018E-3,-7.59365E-3,-8.26751E-3,-8.21467E-3,-7.70773E-3,-7.56166E-3,-8.16827E-3,-7.58423E-3,-8.33468E-3,-8.12473E-3,-7.50174E-3,-5.89274E-3,-7.19477E-3,-6.21828E-3,-5.67700E-3,-6.38106E-3,-6.55683E-3,-5.64978E-3,-5.28561E-3,-5.47028E-3,-4.24459E-3,-4.77841E-3,-5.36503E-3,-4.36981E-3,-4.41835E-3,-4.79846E-3,-5.43383E-3,-4.23626E-3,-4.08486E-3,-5.10424E-3,-5.26548E-3,-4.76481E-3,-4.65070E-3,-4.91971E-3,-3.90578E-3,-4.62142E-3,-5.23110E-3,-5.21058E-3,-3.45866E-3,-3.66597E-3,-4.21338E-3,-5.37999E-3,-4.84108E-3,-5.28058E-3,-5.37108E-3,-4.30434E-3,-3.74831E-3,-5.67912E-3,-3.00775E-3,-3.64019E-3,-3.30227E-3,-4.74556E-3,-4.29968E-3,-4.24512E-3
1.38901E+3,NaN,NaN,NaN,NaN,-6.24240E-4,-8.83627E-4,8.20016E-4,1.72567E-4,1.59466E-4,4.96500E-4,1.14521E-4,3.96497E-4,6.78473E-4,7.70926E-4,8.13920E-4,8.56915E-4,7.74321E-4,6.83125E-4,5.98637E-4,5.92606E-4,5.86574E-4,3.97193E-4,-1.51647E-4,2.78872E-4,5.05468E-4,2.08470E-4,-9.39744E-5,1.20431E-4,1.31487E-4,7.30845E-4,5.43409E-4,3.05181E-4,4.06845E-4,5.59908E-4,4.90179E-4,9.71135E-4,6.08626E-4,6.69941E-4,-2.35879E-4,3.29420E-4,3.45564E-4,-5.07833E-4,3.59553E-4,-4.56170E-4,4.26546E-4,3.61329E-4,5.62321E-4,3.36228E-4,4.68301E-4,-5.19511E-4,9.36968E-5,-2.34060E-4,-1.15254E-3,-7.46320E-4,-8.00707E-4,-2.04075E-3,-3.90332E-4,1.33477E-3,1.46863E-3,-2.33160E-3,1.03579E-2,4.59646E-2,6.13028E-2,-7.47098E-3,-1.64278E-1,-3.26242E-1,-3.88763E-1,-2.60985E-1,1.19143E-1,3.75288E-1,2.68734E-1,9.37897E-2,-9.75043E-3,-1.11421E-2,-1.43427E-2,-1.31907E-2,-1.41598E-2,-1.34996E-2,-1.39176E-2,-1.21847E-2,-1.06962E-2,-1.04832E-2,-1.02366E-2,-9.87682E-3,-8.45564E-3,-9.42462E-3,-9.51305E-3,-8.73113E-3,-7.65741E-3,-7.72536E-3,-7.91063E-3,-9.60882E-3,-7.34481E-3,-7.48663E-3,-7.73602E-3,-8.56266E-3,-7.32174E-3,-7.83912E-3,-6.38743E-3,-7.20103E-3,-7.26341E-3,-6.78061E-3,-6.15833E-3,-5.90787E-3,-6.28127E-3,-5.99102E-3,-5.88147E-3,-5.60619E-3,-5.31308E-3,-5.45185E-3,-4.97857E-3,-5.15504E-3,-5.55186E-3,-5.65703E-3,-5.67478E-3,-5.49477E-3,-6.29042E-3,-5.77260E-3,-5.73010E-3,-7.28115E-3,-5.57884E-3,-4.69706E-3,-4.52687E-3,-5.40126E-3,-5.66591E-3,-5.57168E-3,-6.33232E-3,-6.87189E-3,-5.84418E-3,-4.94976E-3,-5.68915E-3,-3.63176E-3,-4.32675E-3,-5.40133E-3,-4.14353E-3,-3.70624E-3,-5.11752E-3
1.39250E+3,NaN,NaN,NaN,NaN,-4.83735E-5,1.64374E-4,-1.90336E-4,2.52958E-4,1.51927E-5,1.23209E-5,-3.44465E-4,-5.26363E-4,-7.08261E-4,-2.86180E-4,1.40073E-4,4.82563E-4,2.92892E-4,1.03220E-4,2.12559E-5,2.17834E-4,4.14412E-4,5.17413E-4,6.28781E-4,7.21059E-4,7.25979E-4,1.11478E-4,-1.13851E-3,-9.12206E-4,-3.39035E-4,-2.56208E-4,1.81522E-4,6.46237E-4,6.52728E-4,1.61115E-4,-6.38300E-5,-5.61271E-4,-4.53256E-4,5.47056E-4,1.12224E-3,1.01052E-3,8.45169E-4,2.24899E-4,-5.26337E-4,-4.02204E-4,-7.89726E-6,-7.10229E-4,-1.11575E-3,-1.16076E-3,-1.24619E-3,-9.75489E-4,-4.67642E-4,-4.22156E-4,-4.69836E-4,-2.23855E-4,-1.94838E-4,-1.26500E-3,-1.15738E-3,5.97467E-4,1.04795E-3,-1.36792E-3,1.16834E-2,4.29801E-2,4.51796E-2,-3.55264E-2,-1.89156E-1,-3.39017E-1,-3.92824E-1,-2.21183E-1,1.73833E-1,4.22694E-1,3.27057E-1,1.08620E-1,-9.36664E-3,-1.24895E-2,-1.53374E-2,-1.54631E-2,-1.57191E-2,-1.53534E-2,-1.41341E-2,-1.26475E-2,-1.21164E-2,-1.19054E-2,-1.15002E-2,-1.15195E-2,-1.10216E-2,-1.12211E-2,-1.10900E-2,-1.06336E-2,-1.03114E-2,-1.02399E-2,-1.05026E-2,-1.06362E-2,-9.40996E-3,-8.72783E-3,-9.33519E-3,-8.63071E-3,-8.23907E-3,-8.65684E-3,-8.82066E-3,-8.57785E-3,-8.26844E-3,-8.61460E-3,-7.68098E-3,-6.69113E-3,-7.34419E-3,-7.00271E-3,-6.13280E-3,-6.24643E-3,-6.69029E-3,-6.70624E-3,-6.81068E-3,-7.42927E-3,-7.15390E-3,-5.95944E-3,-6.13173E-3,-6.68134E-3,-7.07213E-3,-8.20989E-3,-7.81935E-3,-7.59901E-3,-7.08513E-3,-6.94815E-3,-5.91215E-3,-7.03944E-3,-7.43395E-3,-8.17423E-3,-7.46284E-3,-7.53466E-3,-6.64796E-3,-5.96937E-3,-8.00330E-3,-5.33824E-3,-6.30146E-3,-7.76867E-3,-6.94823E-3,-6.68638E-3,-7.41841E-3
1.39600E+3,NaN,NaN,NaN,NaN,-3.70346E-4,6.46614E-5,-8.98721E-5,2.62376E-4,4.03817E-4,1.33003E-4,-5.12729E-5,1.08152E-4,2.59829E-4,3.78821E-4,4.97813E-4,6.32286E-4,7.97563E-4,9.62840E-4,9.49159E-4,7.39530E-4,5.29901E-4,-1.61628E-5,-2.62490E-4,-1.51718E-4,1.38053E-4,-2.10857E-4,-3.88312E-4,-2.09107E-4,-3.73641E-4,-3.87953E-4,-1.05321E-4,3.74453E-4,1.36933E-4,-2.09503E-4,-3.87731E-4,-1.78357E-4,-2.18659E-4,-6.74506E-4,-9.34854E-4,3.03359E-4,2.22317E-4,-2.32542E-4,-4.97956E-4,-1.09562E-3,-2.75316E-4,3.51574E-4,3.82599E-4,-3.72943E-4,-6.91210E-4,-6.07645E-4,-3.50254E-4,-3.99340E-4,-6.20679E-4,3.83687E-5,-3.90014E-4,-8.03422E-4,-1.15865E-3,3.94824E-4,1.05236E-4,-1.44659E-3,1.28123E-2,4.12823E-2,3.80024E-2,-5.14923E-2,-2.13912E-1,-3.57165E-1,-4.03074E-1,-1.91234E-1,2.35435E-1,4.76504E-1,3.68562E-1,9.76387E-2,-1.13536E-2,-1.38419E-2,-1.64215E-2,-1.71737E-2,-1.71467E-2,-1.62848E-2,-1.54129E-2,-1.46871E-2,-1.48982E-2,-1.26607E-2,-1.19563E-2,-1.24652E-2,-1.23485E-2,-1.28136E-2,-1.25003E-2,-1.23246E-2,-1.20379E-2,-1.17732E-2,-1.17338E-2,-1.14404E-2,-1.07658E-2,-1.01516E-2,-1.02481E-2,-9.31603E-3,-9.13789E-3,-9.01514E-3,-9.78304E-3,-8.08186E-3,-7.98247E-3,-8.96741E-3,-8.55278E-3,-7.89542E-3,-8.07910E-3,-8.01649E-3,-7.80871E-3,-7.93804E-3,-7.60260E-3,-7.71298E-3,-7.57763E-3,-7.78069E-3,-7.94396E-3,-7.53211E-3,-7.36794E-3,-8.20191E-3,-8.66436E-3,-7.38185E-3,-8.11408E-3,-8.34814E-3,-7.83256E-3,-7.24553E-3,-7.13834E-3,-7.98347E-3,-7.93122E-3,-7.23429E-3,-7.95714E-3,-8.31821E-3,-7.30643E-3,-6.74418E-3,-8.18011E-3,-7.45584E-3,-7.39513E-3,-7.86853E-3,-7.31760E-3,-7.76613E-3,-7.70609E-3
1.39949E+3,NaN,NaN,NaN,NaN,-4.51694E-4,-5.56595E-5,2.12936E-4,6.46949E-4,4.80477E-4,-1.08785E-4,-9.77890E-4,-1.23569E-3,-1.18677E-3,-6.55111E-4,-1.23448E-4,1.57759E-4,2.18087E-4,2.78415E-4,3.10864E-4,3.29842E-4,3.48821E-4,2.43844E-4,3.76998E-4,5.54590E-4,7.22555E-4,-4.30837E-4,-4.06624E-4,-5.51204E-4,4.46043E-5,-1.83828E-4,7.56502E-4,7.92238E-4,3.16636E-4,7.23483E-4,7.05089E-4,-1.91655E-4,2.79806E-4,-5.00803E-4,-9.28125E-4,5.49370E-4,5.83974E-4,6.52222E-4,-2.12130E-4,-2.01328E-4,-7.53186E-4,-7.80782E-4,-4.06179E-4,-4.42948E-4,-5.39777E-4,-4.71448E-4,-3.82032E-4,-1.03966E-3,-9.12122E-4,-2.02975E-4,-3.28610E-4,-6.13240E-4,-1.34758E-3,-1.21800E-4,-5.52029E-5,-2.55473E-3,1.37703E-2,4.52783E-2,4.16805E-2,-5.71346E-2,-2.23495E-1,-3.68936E-1,-4.20506E-1,-1.78467E-1,2.82657E-1,5.24978E-1,4.03352E-1,4.79693E-2,-1.01408E-2,-1.50085E-2,-1.67299E-2,-1.72997E-2,-1.77954E-2,-1.72622E-2,-1.58925E-2,-1.32148E-2,-1.42782E-2,-1.29447E-2,-1.36079E-2,-1.32766E-2,-1.33625E-2,-1.24554E-2,-1.18646E-2,-1.24738E-2,-1.25089E-2,-1.19721E-2,-1.18172E-2,-1.11100E-2,-1.05224E-2,-1.11320E-2,-1.18220E-2,-1.03033E-2,-9.87669E-3,-1.00902E-2,-1.02099E-2,-9.45844E-3,-9.29373E-3,-9.09857E-3,-8.78415E-3,-8.34014E-3,-9.30814E-3,-8.65502E-3,-8.06555E-3,-7.81978E-3,-8.17207E-3,-9.18366E-3,-8.88285E-3,-9.04529E-3,-8.87911E-3,-8.18788E-3,-8.30078E-3,-8.67951E-3,-9.79122E-3,-8.63583E-3,-8.58143E-3,-9.51856E-3,-8.61822E-3,-9.38598E-3,-8.58176E-3,-8.20421E-3,-8.14416E-3,-8.05568E-3,-8.70573E-3,-8.73071E-3,-7.86680E-3,-7.66944E-3,-8.49782E-3,-7.21035E-3,-7.52423E-3,-8.51567E-3,-7.38829E-3,-8.70843E-3,-9.07188E-3
1.40298E+3,NaN,NaN,NaN,NaN,3.04568E-4,5.27895E-4,2.40339E-4,-4.50130E-4,3.18037E-5,3.89436E-6,-2.29543E-4,3.92179E-4,5.88539E-4,4.81704E-4,3.74869E-4,2.09925E-4,2.31279E-5,-1.63670E-4,8.46654E-5,3.98276E-4,6.99209E-4,1.80688E-7,-1.67713E-5,-5.71787E-4,-7.40006E-5,-3.53132E-4,-4.29462E-4,4.56371E-4,7.56865E-4,2.47657E-4,-1.14046E-3,9.33148E-5,2.83502E-4,1.53669E-3,1.18016E-4,3.86424E-4,4.46453E-5,9.00670E-4,3.85273E-4,-3.70982E-4,-7.87945E-4,-3.08358E-4,-1.34798E-3,4.36004E-4,-1.88343E-4,7.84337E-4,2.25989E-5,3.64360E-4,-6.68545E-4,-2.33219E-5,-1.12182E-3,4.52580E-4,-2.87688E-4,-8.65156E-4,-8.88856E-4,-1.03626E-3,-1.03955E-3,-8.06231E-5,2.75328E-4,-3.77153E-3,1.16251E-2,4.30214E-2,3.99177E-2,-6.81848E-2,-2.51671E-1,-3.89990E-1,-4.41013E-1,-1.78357E-1,3.24803E-1,5.99621E-1,4.70324E-1,-4.12324E-2,-4.78901E-3,-1.87395E-2,-1.87034E-2,-1.85963E-2,-1.85259E-2,-1.71669E-2,-1.65039E-2,-1.48126E-2,-1.63597E-2,-1.33016E-2,-1.46154E-2,-1.28889E-2,-1.44808E-2,-1.32699E-2,-1.38571E-2,-1.34229E-2,-1.26114E-2,-1.33651E-2,-1.27968E-2,-1.27647E-2,-1.24278E-2,-1.29923E-2,-1.21251E-2,-1.14462E-2,-1.10872E-2,-1.10181E-2,-1.11192E-2,-1.01759E-2,-9.35874E-3,-9.72684E-3,-1.02302E-2,-9.40353E-3,-9.75638E-3,-8.97839E-3,-9.66835E-3,-9.42136E-3,-9.35877E-3,-1.01475E-2,-9.41720E-3,-9.59208E-3,-9.94642E-3,-9.44058E-3,-9.81952E-3,-1.02385E-2,-1.02925E-2,-9.64672E-3,-9.92824E-3,-9.85490E-3,-9.64189E-3,-8.94501E-3,-8.88819E-3,-9.08417E-3,-9.12867E-3,-8.83033E-3,-9.09506E-3,-9.42515E-3,-9.76608E-3,-9.19109E-3,-9.65993E-3,-8.23946E-3,-8.96285E-3,-9.48159E-3,-9.29043E-3,-9.20973E-3,-1.01499E-2
1.40648E+3,NaN,NaN,NaN,NaN,3.50094E-4,9.82763E-5,1.10706E-4,3.57756E-4,-1.44230E-4,-5.70889E-4,-6.02993E-4,-5.97731E-4,-3.18692E-4,3.86467E-5,3.95985E-4,3.65680E-4,3.01878E-4,2.49014E-4,3.57947E-4,4.66880E-4,6.04218E-4,8.98222E-4,1.02523E-3,-4.20471E-6,-2.59878E-4,-3.71915E-4,-7.04631E-4,-8.82275E-4,-2.97331E-4,-3.58629E-5,-4.32536E-4,-2.55779E-4,3.66223E-4,9.76383E-4,-1.85172E-4,-2.89101E-4,-5.48501E-4,3.37359E-4,9.22351E-4,2.07107E-4,-8.35574E-4,-1.89578E-5,-9.16313E-4,-2.12304E-4,-1.82728E-5,7.42751E-6,1.24108E-5,-1.00196E-3,-1.24695E-3,-5.30693E-4,-5.33024E-4,-5.82348E-4,-3.55235E-4,-3.71990E-4,-7.74127E-4,-3.47969E-4,-3.80733E-4,-2.67924E-4,-7.33743E-4,-2.67697E-3,1.38331E-2,4.02157E-2,2.70128E-2,-9.03978E-2,-2.65670E-1,-4.05843E-1,-4.25165E-1,-1.45043E-1,3.27295E-1,6.10035E-1,4.63710E-1,-5.12965E-2,-8.08553E-3,-1.90864E-2,-2.09144E-2,-2.14423E-2,-2.08339E-2,-1.98099E-2,-1.78751E-2,-1.68969E-2,-1.72881E-2,-1.56349E-2,-1.63147E-2,-1.63877E-2,-1.71722E-2,-1.54966E-2,-1.60108E-2,-1.55700E-2,-1.48910E-2,-1.54730E-2,-1.58693E-2,-1.44638E-2,-1.40889E-2,-1.48123E-2,-1.39172E-2,-1.23539E-2,-1.32170E-2,-1.28430E-2,-1.34082E-2,-1.23674E-2,-1.20261E-2,-1.14411E-2,-1.16878E-2,-1.19485E-2,-1.17991E-2,-1.13621E-2,-1.16941E-2,-1.13691E-2,-1.09469E-2,-1.11751E-2,-1.12628E-2,-1.22095E-2,-1.17238E-2,-1.14967E-2,-1.09072E-2,-1.12741E-2,-1.22019E-2,-1.06869E-2,-1.13736E-2,-1.14782E-2,-1.08727E-2,-1.14098E-2,-1.04084E-2,-1.06830E-2,-1.16610E-2,-1.16399E-2,-1.12955E-2,-1.14163E-2,-1.08874E-2,-1.04866E-2,-1.05840E-2,-8.96603E-3,-1.04732E-2,-1.07146E-2,-1.05519E-2,-1.12384E-2,-1.22942E-2
1.40998E+3,NaN,NaN,NaN,NaN,1.73743E-4,-3.66244E-4,-2.54636E-4,1.23251E-4,-1.06679E-4,-1.34931E-4,-3.51948E-4,-5.28873E-4,-2.74012E-4,-5.71961E-6,2.66904E-4,5.73629E-4,8.80353E-4,1.11712E-3,1.15011E-3,1.18309E-3,9.22573E-4,5.90273E-4,2.89208E-4,4.98122E-5,2.87086E-4,-4.58742E-4,-4.02169E-4,-1.84305E-4,-1.41244E-4,-5.29947E-5,-1.24785E-4,6.67817E-4,5.88463E-4,7.54337E-5,-2.76620E-4,-1.89715E-4,-6.36653E-4,-2.73732E-4,2.57874E-4,3.16892E-4,-9.67774E-5,5.08375E-5,3.22794E-4,4.27262E-4,2.13323E-4,-2.08716E-5,-5.78460E-5,-2.54938E-4,7.67160E-5,5.37712E-4,1.41016E-4,-1.89309E-4,-1.97723E-4,1.94075E-4,-3.21937E-4,-3.14323E-4,-2.02604E-4,1.38304E-4,-6.68002E-4,-7.48446E-4,1.48031E-2,3.87967E-2,1.88970E-2,-1.02376E-1,-2.79459E-1,-4.16918E-1,-4.08717E-1,-1.10033E-1,3.45781E-1,6.32350E-1,3.88361E-1,-4.22687E-2,-1.13352E-2,-1.73924E-2,-2.03534E-2,-2.04789E-2,-1.98491E-2,-1.88488E-2,-1.70290E-2,-1.58820E-2,-1.56613E-2,-1.53196E-2,-1.64989E-2,-1.59699E-2,-1.56424E-2,-1.49988E-2,-1.57715E-2,-1.52381E-2,-1.44974E-2,-1.50485E-2,-1.45262E-2,-1.39820E-2,-1.39775E-2,-1.40375E-2,-1.31600E-2,-1.24243E-2,-1.26938E-2,-1.18272E-2,-1.26069E-2,-1.11161E-2,-1.07890E-2,-1.11857E-2,-1.15151E-2,-1.09630E-2,-1.08972E-2,-1.04627E-2,-1.12712E-2,-1.12489E-2,-1.10420E-2,-1.10166E-2,-1.15536E-2,-1.14085E-2,-1.15942E-2,-1.04987E-2,-1.06191E-2,-1.10482E-2,-1.14342E-2,-1.10824E-2,-1.04754E-2,-1.14414E-2,-1.11253E-2,-1.19329E-2,-1.08890E-2,-1.04670E-2,-1.06983E-2,-1.13329E-2,-1.13082E-2,-1.18390E-2,-1.14249E-2,-1.00941E-2,-1.05993E-2,-1.02318E-2,-1.00302E-2,-1.11298E-2,-1.04990E-2,-1.12567E-2,-1.15769E-2
1.41347E+3,NaN,NaN,NaN,NaN,4.71021E-4,3.92661E-4,-2.47619E-4,-4.27645E-4,-1.80634E-4,-2.84924E-4,-2.93594E-4,-2.97971E-4,-5.11461E-4,-7.24951E-4,-6.97929E-4,-1.18674E-4,4.60581E-4,7.75396E-4,7.62067E-4,7.48738E-4,-5.47942E-5,1.33483E-4,-2.24051E-4,-5.76543E-4,-3.93897E-4,-3.80254E-4,-5.29542E-4,-1.01572E-3,-8.16538E-4,-5.59992E-4,-4.59740E-4,-4.30740E-5,5.45936E-4,-2.33525E-4,-5.16006E-4,-3.22581E-4,-4.68948E-4,-2.46434E-4,-4.02731E-4,-1.16349E-3,-9.62267E-4,-7.12490E-4,1.99641E-4,2.88145E-4,-5.87596E-4,-2.03622E-4,-3.67293E-4,-2.89997E-4,-3.58786E-5,2.33563E-4,1.78987E-4,-1.64726E-4,2.48925E-4,-2.25301E-4,-9.02365E-4,-3.61971E-5,-2.33106E-4,-2.65428E-5,-2.19469E-3,-1.12572E-3,1.50616E-2,3.94759E-2,1.40739E-2,-1.18609E-1,-2.96976E-1,-4.40536E-1,-4.14436E-1,-9.57524E-2,3.54967E-1,6.68490E-1,2.77228E-1,-3.71857E-2,-1.63368E-2,-1.84660E-2,-2.30573E-2,-2.25262E-2,-2.09256E-2,-1.98381E-2,-1.86014E-2,-1.85587E-2,-1.73675E-2,-1.73446E-2,-1.73662E-2,-1.72806E-2,-1.70631E-2,-1.73132E-2,-1.69761E-2,-1.65308E-2,-1.67192E-2,-1.65273E-2,-1.56644E-2,-1.51057E-2,-1.55133E-2,-1.57739E-2,-1.49969E-2,-1.38403E-2,-1.46215E-2,-1.39239E-2,-1.51300E-2,-1.28053E-2,-1.39398E-2,-1.26555E-2,-1.26568E-2,-1.19678E-2,-1.34861E-2,-1.24501E-2,-1.18818E-2,-1.20066E-2,-1.27238E-2,-1.27037E-2,-1.25289E-2,-1.36516E-2,-1.28971E-2,-1.14460E-2,-1.22705E-2,-1.25843E-2,-1.29095E-2,-1.30896E-2,-1.30431E-2,-1.27675E-2,-1.24612E-2,-1.26531E-2,-1.17559E-2,-1.21783E-2,-1.24634E-2,-1.32749E-2,-1.24624E-2,-1.22914E-2,-1.21846E-2,-1.15623E-2,-1.20396E-2,-1.13994E-2,-1.10063E-2,-1.17208E-2,-1.13562E-2,-1.22077E-2,-1.28054E-2
1.41697E+3,NaN,NaN,NaN,NaN,3.37222E-4,8.81524E-4,2.68412E-4,-4.32516E-4,-6.22381E-4,-3.69657E-4,-9.74680E-4,-1.06691E-3,-7.54627E-4,-4.42346E-4,-6.13256E-5,3.90502E-4,8.42330E-4,9.85970E-4,9.52801E-4,9.19633E-4,3.02018E-4,-1.95485E-4,7.90711E-5,-5.97288E-5,-4.79448E-4,-9.06490E-4,-2.59203E-4,-3.98578E-4,-3.75073E-4,5.73256E-4,-8.31779E-5,-6.59178E-4,5.39674E-4,-5.12048E-4,-9.94883E-4,-3.04798E-4,2.47345E-4,5.25280E-4,7.04403E-5,-5.59323E-4,-2.67189E-4,-1.08776E-4,5.58597E-4,1.19748E-4,-2.98237E-4,-1.09275E-4,-5.66988E-4,6.74084E-5,2.80553E-4,5.61030E-4,4.58268E-4,-1.43387E-3,-2.93654E-4,-9.54666E-4,-3.71726E-4,3.03326E-4,-6.25782E-4,9.64873E-5,-1.37493E-3,-1.66250E-3,1.47166E-2,4.21948E-2,1.96744E-2,-1.26100E-1,-3.08354E-1,-4.62972E-1,-4.35438E-1,-9.69691E-2,3.56533E-1,7.19753E-1,1.58593E-1,-3.96523E-2,-1.54542E-2,-2.04144E-2,-2.37465E-2,-2.28834E-2,-2.15787E-2,-1.97729E-2,-1.85987E-2,-1.89937E-2,-1.75400E-2,-1.78555E-2,-1.67422E-2,-1.82914E-2,-1.75471E-2,-1.76127E-2,-1.68510E-2,-1.69106E-2,-1.67522E-2,-1.68180E-2,-1.55481E-2,-1.52268E-2,-1.56974E-2,-1.53159E-2,-1.50050E-2,-1.33644E-2,-1.44979E-2,-1.42769E-2,-1.56412E-2,-1.31995E-2,-1.34249E-2,-1.34686E-2,-1.27459E-2,-1.26443E-2,-1.35981E-2,-1.37582E-2,-1.20486E-2,-1.27487E-2,-1.24874E-2,-1.25578E-2,-1.22097E-2,-1.39128E-2,-1.25346E-2,-1.26526E-2,-1.23661E-2,-1.28538E-2,-1.36005E-2,-1.40691E-2,-1.36561E-2,-1.28905E-2,-1.21671E-2,-1.32347E-2,-1.17954E-2,-1.24840E-2,-1.32537E-2,-1.34457E-2,-1.34326E-2,-1.27856E-2,-1.23341E-2,-1.15457E-2,-1.20659E-2,-1.16926E-2,-1.23092E-2,-1.24388E-2,-1.25548E-2,-1.27813E-2,-1.30034E-2
1.42047E+3,NaN,NaN,NaN,NaN,3.05908E-4,-3.36820E-6,-4.42102E-4,-6.20485E-5,-3.20229E-4,2.02432E-4,-4.06211E-4,-5.66025E-4,-6.03697E-4,-6.41370E-4,-1.50355E-4,5.89119E-4,1.32859E-3,1.20974E-3,9.06486E-4,6.03228E-4,-2.08106E-4,-8.85717E-5,-3.72351E-4,-2.46399E-4,-7.61335E-4,1.89177E-4,-2.01444E-4,-3.88592E-4,-9.20045E-4,2.84515E-4,-4.60482E-4,-1.09930E-4,2.55275E-4,-1.03236E-3,-7.87023E-4,-1.04071E-4,-5.61723E-4,4.00709E-5,1.56840E-4,-5.18457E-4,2.95050E-4,-1.07465E-3,2.18505E-4,1.56036E-4,2.81442E-5,2.06896E-4,-7.46638E-4,-1.14664E-4,1.53330E-4,4.19274E-4,4.90294E-4,-2.72083E-4,-3.64322E-4,-4.18271E-4,5.86139E-5,7.08676E-4,-6.50728E-4,8.63240E-5,-8.44663E-4,-4.09383E-3,1.37485E-2,4.43608E-2,3.03781E-2,-1.33539E-1,-3.14935E-1,-4.84693E-1,-4.61792E-1,-1.09003E-1,3.43551E-1,7.69693E-1,5.31175E-2,-6.40906E-2,-6.61228E-3,-2.50004E-2,-2.41254E-2,-2.24699E-2,-2.11265E-2,-1.93119E-2,-1.83578E-2,-1.88939E-2,-1.79347E-2,-1.85342E-2,-1.73084E-2,-1.87654E-2,-1.74833E-2,-1.76235E-2,-1.74887E-2,-1.72438E-2,-1.70094E-2,-1.72895E-2,-1.61206E-2,-1.54913E-2,-1.52122E-2,-1.64783E-2,-1.52262E-2,-1.38363E-2,-1.45846E-2,-1.47820E-2,-1.55970E-2,-1.40297E-2,-1.36886E-2,-1.40701E-2,-1.35417E-2,-1.29915E-2,-1.32878E-2,-1.38682E-2,-1.32169E-2,-1.37193E-2,-1.33246E-2,-1.26362E-2,-1.34354E-2,-1.44422E-2,-1.35889E-2,-1.32483E-2,-1.30472E-2,-1.28284E-2,-1.40392E-2,-1.32264E-2,-1.29720E-2,-1.34331E-2,-1.37747E-2,-1.32400E-2,-1.24696E-2,-1.26599E-2,-1.31384E-2,-1.38734E-2,-1.37651E-2,-1.27517E-2,-1.29220E-2,-1.22902E-2,-1.28300E-2,-1.16781E-2,-1.24314E-2,-1.26669E-2,-1.20563E-2,-1.27791E-2,-1.34750E-2
1.42396E+3,NaN,NaN,NaN,NaN,-7.38175E-5,5.90732E-4,-7.11461E-5,1.43546E-4,-3.29635E-4,-2.46693E-4,1.31771E-4,2.10921E-4,2.66468E-4,3.22014E-4,5.55513E-4,8.16424E-4,1.07375E-3,9.52337E-4,8.30925E-4,7.28307E-4,5.48911E-4,-4.18576E-4,-2.41881E-4,-4.63843E-4,-1.36321E-4,-4.52534E-4,-3.80687E-4,-4.53518E-4,4.65707E-4,-6.24774E-4,7.11423E-5,5.54787E-4,1.78049E-4,-8.79250E-4,-5.17411E-4,-3.28725E-5,4.39630E-4,2.18679E-4,-1.62132E-4,1.37100E-4,2.10156E-4,-1.99829E-4,1.05420E-3,-1.12331E-4,8.11241E-5,3.66177E-4,1.79305E-4,-1.74741E-4,4.13365E-4,3.67586E-4,2.39233E-6,-5.39896E-4,-7.09351E-5,-1.82246E-4,-1.82554E-4,-3.38129E-4,-1.57849E-4,-3.62035E-5,-3.63197E-4,-2.98785E-3,1.35240E-2,4.02204E-2,2.18581E-2,-1.34127E-1,-3.20152E-1,-4.86207E-1,-4.53012E-1,-1.14226E-1,3.35382E-1,6.57448E-1,6.92064E-2,-7.63304E-2,-5.75772E-3,-2.49612E-2,-2.26825E-2,-2.24529E-2,-2.10187E-2,-1.92657E-2,-1.86469E-2,-1.87086E-2,-1.75623E-2,-1.81018E-2,-1.68758E-2,-1.86706E-2,-1.78516E-2,-1.72199E-2,-1.71785E-2,-1.76342E-2,-1.71105E-2,-1.70723E-2,-1.63148E-2,-1.58393E-2,-1.62953E-2,-1.61959E-2,-1.57306E-2,-1.49014E-2,-1.45277E-2,-1.50011E-2,-1.54791E-2,-1.33559E-2,-1.36375E-2,-1.32470E-2,-1.44664E-2,-1.32053E-2,-1.41746E-2,-1.37798E-2,-1.27910E-2,-1.36981E-2,-1.35298E-2,-1.36719E-2,-1.34512E-2,-1.36635E-2,-1.31486E-2,-1.31504E-2,-1.31577E-2,-1.31292E-2,-1.34283E-2,-1.37884E-2,-1.34356E-2,-1.32777E-2,-1.30783E-2,-1.37247E-2,-1.30362E-2,-1.30346E-2,-1.35097E-2,-1.31039E-2,-1.30389E-2,-1.29924E-2,-1.32914E-2,-1.21152E-2,-1.30575E-2,-1.19154E-2,-1.21138E-2,-1.26141E-2,-1.27122E-2,-1.32935E-2,-1.35947E-2
1.42746E+3,NaN,NaN,NaN,NaN,4.78991E-5,3.71522E-5,-1.08245E-4,-3.90980E-5,3.91723E-4,-1.16722E-5,-6.76301E-4,-6.28255E-4,-5.51649E-4,-4.60958E-4,-1.09767E-4,2.41424E-4,5.75287E-4,8.37226E-4,1.09917E-3,9.79331E-4,1.10592E-4,-2.73040E-4,2.23537E-4,5.87130E-4,3.56527E-4,-6.24461E-4,-6.67212E-4,-4.74091E-4,-3.72778E-4,-4.55009E-4,-3.17365E-4,7.34721E-4,4.44746E-4,-4.96130E-4,3.21790E-4,3.87893E-5,3.39759E-4,9.97695E-6,-2.14907E-4,-9.64459E-5,9.72211E-5,2.10217E-4,5.58006E-4,-3.07543E-4,2.87735E-5,6.38397E-5,-8.42308E-4,-1.90897E-4,4.96811E-4,1.02579E-4,2.27051E-4,-2.52056E-4,-2.79927E-4,-1.59401E-4,-2.38561E-4,-3.54427E-4,-4.15250E-5,-5.61634E-4,-1.76207E-3,-1.88493E-3,1.34406E-2,3.98397E-2,1.05711E-2,-1.36400E-1,-3.28267E-1,-4.89024E-1,-4.38258E-1,-1.14934E-1,3.42972E-1,5.26874E-1,8.48132E-2,-6.96246E-2,-1.21592E-2,-2.32262E-2,-2.23285E-2,-2.15945E-2,-2.05217E-2,-1.83600E-2,-1.80428E-2,-1.78308E-2,-1.69935E-2,-1.75001E-2,-1.72870E-2,-1.81186E-2,-1.74333E-2,-1.72294E-2,-1.72759E-2,-1.75711E-2,-1.68005E-2,-1.60665E-2,-1.55359E-2,-1.58128E-2,-1.55857E-2,-1.59207E-2,-1.52721E-2,-1.48411E-2,-1.46775E-2,-1.50305E-2,-1.54465E-2,-1.32908E-2,-1.36803E-2,-1.37356E-2,-1.38643E-2,-1.32249E-2,-1.36746E-2,-1.39292E-2,-1.29962E-2,-1.29870E-2,-1.34694E-2,-1.31440E-2,-1.30658E-2,-1.44027E-2,-1.34391E-2,-1.33051E-2,-1.36632E-2,-1.32788E-2,-1.34448E-2,-1.33206E-2,-1.41095E-2,-1.33659E-2,-1.32564E-2,-1.33770E-2,-1.33502E-2,-1.30297E-2,-1.34742E-2,-1.33404E-2,-1.28789E-2,-1.28020E-2,-1.26909E-2,-1.23623E-2,-1.32839E-2,-1.24193E-2,-1.22503E-2,-1.33733E-2,-1.34032E-2,-1.34572E-2,-1.35792E-2
1.43096E+3,NaN,NaN,NaN,-3.74012E-5,8.54157E-5,-4.87869E-5,-9.86191E-4,-1.00892E-5,9.61517E-4,2.19866E-5,-4.43467E-4,-2.25852E-4,-8.23697E-6,1.47665E-4,1.02248E-4,5.68297E-5,1.44932E-4,4.53232E-4,7.61532E-4,3.89230E-4,-1.72098E-4,-4.91769E-4,-5.32579E-5,2.67033E-4,-4.08156E-4,-6.27289E-4,-6.48739E-4,-6.02730E-4,-6.11410E-4,-9.26958E-4,-5.19520E-4,1.45674E-4,-3.84984E-4,-6.34797E-4,-1.73674E-4,1.24706E-4,-1.91850E-4,-6.31853E-4,-5.74359E-4,-1.36283E-4,-3.23368E-5,-1.73956E-4,-2.06826E-4,-4.93302E-4,-4.15911E-4,-1.02545E-4,-3.01762E-4,-2.18431E-4,2.51817E-4,4.50603E-4,-1.79495E-4,-5.58210E-4,-3.64266E-4,-5.02498E-4,-2.51178E-4,4.98799E-5,-4.68346E-4,-1.88641E-4,-2.16995E-3,-2.39933E-3,1.31902E-2,4.36944E-2,5.08374E-3,-1.36660E-1,-3.37992E-1,-5.05482E-1,-4.41564E-1,-1.34379E-1,3.44086E-1,4.37774E-1,7.49555E-2,-5.94069E-2,-1.76321E-2,-2.14210E-2,-2.25519E-2,-2.14159E-2,-1.97166E-2,-1.84362E-2,-1.84802E-2,-1.83630E-2,-1.78609E-2,-1.74877E-2,-1.72897E-2,-1.80487E-2,-1.80100E-2,-1.74568E-2,-1.75473E-2,-1.74221E-2,-1.72344E-2,-1.66143E-2,-1.66114E-2,-1.68629E-2,-1.66523E-2,-1.62321E-2,-1.50838E-2,-1.46570E-2,-1.45365E-2,-1.53849E-2,-1.57256E-2,-1.34742E-2,-1.44159E-2,-1.44840E-2,-1.45759E-2,-1.40601E-2,-1.43022E-2,-1.40596E-2,-1.32736E-2,-1.35929E-2,-1.41478E-2,-1.36566E-2,-1.34382E-2,-1.44847E-2,-1.33518E-2,-1.33191E-2,-1.38804E-2,-1.36823E-2,-1.45239E-2,-1.35938E-2,-1.41451E-2,-1.44905E-2,-1.34679E-2,-1.41298E-2,-1.27199E-2,-1.29926E-2,-1.37041E-2,-1.35548E-2,-1.35296E-2,-1.33499E-2,-1.26630E-2,-1.28787E-2,-1.32077E-2,-1.25196E-2,-1.22689E-2,-1.29453E-2,-1.32537E-2,-1.41181E-2,-1.46950E-2
1.43446E+3,NaN,NaN,NaN,-1.31990E-4,6.50704E-4,1.58214E-4,-4.28630E-4,-3.04706E-4,3.88896E-4,-3.70367E-4,-5.62251E-4,-3.68751E-4,-1.75250E-4,-3.60727E-5,2.70061E-5,9.00849E-5,1.63214E-4,2.44259E-4,3.25305E-4,1.14661E-4,-1.24259E-4,-4.31325E-4,2.06048E-4,-3.68891E-5,-4.07991E-4,-2.58342E-4,-5.10086E-4,-3.88163E-4,-3.26314E-4,-4.95565E-4,-2.51225E-4,6.21635E-4,-5.81724E-4,-1.76068E-4,-4.51537E-4,-5.66130E-4,3.58566E-4,-1.38782E-4,-6.92298E-4,-3.00715E-4,-1.01707E-4,-2.01805E-5,-2.66538E-4,-3.46810E-4,1.17736E-4,5.10743E-4,-3.96181E-4,-1.55603E-4,6.33506E-5,3.53768E-6,-1.09950E-4,-2.22267E-4,-4.46669E-4,-8.85616E-4,-1.56671E-4,-1.15046E-5,-5.87818E-4,-1.70719E-4,-2.08782E-3,-2.64749E-3,1.20385E-2,4.77853E-2,5.70639E-3,-1.34266E-1,-3.51035E-1,-5.32088E-1,-4.53299E-1,-1.56112E-1,3.53586E-1,4.09203E-1,3.67551E-2,-4.78484E-2,-1.90623E-2,-2.00487E-2,-2.14526E-2,-2.03980E-2,-1.94152E-2,-1.88064E-2,-1.85185E-2,-1.80213E-2,-1.81188E-2,-1.71985E-2,-1.73734E-2,-1.79016E-2,-1.74169E-2,-1.74129E-2,-1.75073E-2,-1.75816E-2,-1.69880E-2,-1.61118E-2,-1.65402E-2,-1.66529E-2,-1.64469E-2,-1.58894E-2,-1.51627E-2,-1.53318E-2,-1.37456E-2,-1.59503E-2,-1.55233E-2,-1.42589E-2,-1.43497E-2,-1.45284E-2,-1.43212E-2,-1.46536E-2,-1.37031E-2,-1.42181E-2,-1.33667E-2,-1.38143E-2,-1.38841E-2,-1.40260E-2,-1.44390E-2,-1.49829E-2,-1.39568E-2,-1.31052E-2,-1.44546E-2,-1.43994E-2,-1.41576E-2,-1.37944E-2,-1.39116E-2,-1.42358E-2,-1.45629E-2,-1.44778E-2,-1.32736E-2,-1.24571E-2,-1.43035E-2,-1.39340E-2,-1.35334E-2,-1.31551E-2,-1.32987E-2,-1.23564E-2,-1.35949E-2,-1.32953E-2,-1.26543E-2,-1.30803E-2,-1.32501E-2,-1.39063E-2,-1.47843E-2
1.43796E+3,NaN,NaN,NaN,-9.19397E-6,-1.56911E-4,1.39163E-4,-2.32796E-4,6.93987E-5,1.38999E-4,1.55058E-5,-1.42523E-4,-3.07894E-5,8.09446E-5,1.67745E-4,2.37715E-4,3.07684E-4,4.18314E-4,5.43240E-4,6.68167E-4,3.22584E-4,2.22685E-5,-9.43081E-5,3.45951E-4,-6.40455E-5,8.15517E-5,-2.29201E-4,7.31362E-6,-2.48013E-4,-3.70728E-5,2.38297E-4,6.74391E-4,2.00781E-4,-9.37501E-4,3.55010E-4,1.58261E-4,2.13320E-4,5.49193E-4,1.48297E-4,-4.50663E-4,-2.39505E-7,-2.18291E-4,9.80641E-4,3.37787E-4,-6.30108E-4,4.15911E-4,4.07134E-4,4.32759E-4,4.40371E-4,5.75494E-4,4.17526E-4,7.00290E-4,4.41733E-4,6.97321E-5,9.11835E-5,4.69507E-4,-4.55086E-4,-4.45225E-4,6.34013E-5,-1.09689E-3,-3.50107E-3,9.48544E-3,5.21017E-2,1.72739E-2,-1.21318E-1,-3.55832E-1,-5.64702E-1,-4.76070E-1,-1.90767E-1,3.38556E-1,4.30133E-1,-1.00616E-2,-4.37775E-2,-1.38543E-2,-1.86542E-2,-2.12090E-2,-1.95673E-2,-1.85123E-2,-1.72728E-2,-1.74648E-2,-1.66220E-2,-1.71814E-2,-1.66168E-2,-1.64014E-2,-1.67636E-2,-1.63462E-2,-1.65176E-2,-1.64935E-2,-1.65148E-2,-1.57368E-2,-1.53151E-2,-1.60671E-2,-1.60504E-2,-1.54410E-2,-1.46394E-2,-1.41675E-2,-1.46262E-2,-1.37053E-2,-1.44589E-2,-1.49630E-2,-1.28248E-2,-1.34153E-2,-1.28972E-2,-1.40172E-2,-1.37568E-2,-1.33264E-2,-1.36976E-2,-1.28810E-2,-1.30422E-2,-1.27746E-2,-1.38437E-2,-1.35973E-2,-1.41276E-2,-1.31688E-2,-1.31187E-2,-1.36622E-2,-1.36978E-2,-1.34868E-2,-1.36173E-2,-1.34802E-2,-1.35841E-2,-1.33987E-2,-1.31936E-2,-1.28452E-2,-1.19803E-2,-1.33265E-2,-1.30013E-2,-1.33026E-2,-1.25918E-2,-1.17399E-2,-1.20819E-2,-1.26812E-2,-1.19266E-2,-1.22942E-2,-1.19890E-2,-1.23951E-2,-1.34624E-2,-1.34627E-2
1.44146E+3,NaN,NaN,NaN,-8.73586E-5,4.88202E-4,4.50056E-4,-2.32982E-5,-3.07428E-4,-7.59728E-5,-4.66469E-4,-2.33326E-4,-5.47350E-5,1.23856E-4,1.94512E-4,2.34028E-4,2.73544E-4,3.85819E-4,5.04511E-4,6.00432E-4,3.25433E-4,-2.92358E-4,-2.49779E-4,3.89415E-4,-3.60607E-4,-1.78315E-4,-4.94015E-4,4.62468E-5,-1.60222E-4,-5.82277E-4,-3.37527E-4,4.94689E-4,7.04842E-4,-8.17779E-4,-2.72061E-5,-1.97292E-4,1.82165E-4,4.34771E-4,-3.10610E-4,-3.91976E-4,2.51720E-4,-2.21016E-4,2.52145E-4,-4.38056E-5,-1.22313E-3,7.51577E-4,1.80280E-4,-1.43474E-4,1.76766E-4,3.33020E-4,3.72710E-4,2.73418E-4,-6.63520E-5,-5.80552E-4,-9.24277E-5,2.30446E-4,-1.69826E-4,-6.00342E-4,-1.79856E-4,-2.95013E-4,-3.89980E-3,9.22504E-3,5.09134E-2,2.48458E-2,-1.16222E-1,-3.61837E-1,-5.83585E-1,-4.89126E-1,-1.96784E-1,3.22570E-1,4.67861E-1,-3.31627E-2,-5.19348E-2,-8.64222E-3,-2.06260E-2,-2.04539E-2,-1.92267E-2,-1.79123E-2,-1.75170E-2,-1.76978E-2,-1.68286E-2,-1.80555E-2,-1.67819E-2,-1.63217E-2,-1.70230E-2,-1.58867E-2,-1.61917E-2,-1.64516E-2,-1.67546E-2,-1.55756E-2,-1.52585E-2,-1.61645E-2,-1.57971E-2,-1.58364E-2,-1.48129E-2,-1.40541E-2,-1.49865E-2,-1.39363E-2,-1.53404E-2,-1.50819E-2,-1.39625E-2,-1.41452E-2,-1.37055E-2,-1.33945E-2,-1.36537E-2,-1.40677E-2,-1.30980E-2,-1.32511E-2,-1.35298E-2,-1.32955E-2,-1.34809E-2,-1.41576E-2,-1.47702E-2,-1.39709E-2,-1.38716E-2,-1.40605E-2,-1.39325E-2,-1.40318E-2,-1.39079E-2,-1.38957E-2,-1.41894E-2,-1.36977E-2,-1.41793E-2,-1.28460E-2,-1.23592E-2,-1.33830E-2,-1.32750E-2,-1.36350E-2,-1.31052E-2,-1.27705E-2,-1.26113E-2,-1.30980E-2,-1.24180E-2,-1.23158E-2,-1.26223E-2,-1.30127E-2,-1.33564E-2,-1.36363E-2
1.44497E+3,NaN,NaN,NaN,1.90841E-4,3.35887E-4,2.61864E-4,-1.93278E-4,-3.35188E-5,-2.32430E-4,-4.39158E-4,-6.09582E-5,1.49959E-4,3.60876E-4,3.73057E-4,3.75611E-4,3.86675E-4,4.77290E-4,5.67905E-4,4.20673E-4,-3.32671E-4,-3.18517E-4,3.49750E-4,2.03679E-4,1.80608E-4,-1.31382E-4,-1.68591E-4,-2.18866E-4,-7.23290E-4,7.12134E-6,1.49708E-4,2.01570E-5,-4.01978E-5,-7.31456E-4,2.04317E-4,3.88107E-4,-1.70572E-4,-1.57201E-4,-1.88874E-4,-2.01190E-5,1.20856E-4,3.39459E-4,2.87542E-4,-3.84380E-4,-7.48317E-4,2.08196E-4,3.46730E-5,6.41564E-5,5.24924E-4,-1.27602E-5,-3.34425E-4,-7.69509E-4,-9.21236E-5,3.76568E-4,-3.62993E-4,-2.36329E-4,1.11471E-4,-1.97080E-4,-2.65190E-4,-8.81776E-4,-3.05710E-3,1.15605E-2,4.61289E-2,2.54254E-2,-1.16304E-1,-3.66822E-1,-5.70706E-1,-4.87015E-1,-1.85321E-1,2.78982E-1,4.09290E-1,-1.97007E-3,-5.12151E-2,-8.79265E-3,-1.97701E-2,-1.94015E-2,-1.79008E-2,-1.74810E-2,-1.67366E-2,-1.66396E-2,-1.58971E-2,-1.69403E-2,-1.59601E-2,-1.56419E-2,-1.62041E-2,-1.54126E-2,-1.57927E-2,-1.59454E-2,-1.56963E-2,-1.46100E-2,-1.47533E-2,-1.52609E-2,-1.55947E-2,-1.52792E-2,-1.45546E-2,-1.40310E-2,-1.51479E-2,-1.46813E-2,-1.48508E-2,-1.47987E-2,-1.31987E-2,-1.41796E-2,-1.32939E-2,-1.28758E-2,-1.33580E-2,-1.34630E-2,-1.34007E-2,-1.37618E-2,-1.35281E-2,-1.27763E-2,-1.27968E-2,-1.33740E-2,-1.39788E-2,-1.35846E-2,-1.32583E-2,-1.37739E-2,-1.37217E-2,-1.34238E-2,-1.36028E-2,-1.36199E-2,-1.38719E-2,-1.31633E-2,-1.36537E-2,-1.25646E-2,-1.20942E-2,-1.31562E-2,-1.29798E-2,-1.34910E-2,-1.26328E-2,-1.21143E-2,-1.24108E-2,-1.27166E-2,-1.23068E-2,-1.20698E-2,-1.26090E-2,-1.26616E-2,-1.37067E-2,-1.36543E-2
1.44847E+3,NaN,NaN,NaN,-1.80021E-4,1.62345E-4,1.63876E-5,2.04988E-5,-2.37780E-6,1.25767E-4,-8.43128E-5,-1.39508E-4,-3.45131E-5,7.40441E-5,2.06415E-4,3.38786E-4,4.37002E-4,4.44258E-4,4.51514E-4,2.21137E-4,-9.63074E-5,-4.89904E-6,3.73796E-5,-3.02890E-4,-2.25486E-4,5.05730E-5,-6.30231E-4,-6.41111E-4,-2.04714E-4,-7.42369E-5,4.12838E-5,1.67809E-4,-1.69055E-5,-3.07594E-4,1.05797E-4,-1.29213E-4,-2.02622E-6,4.07213E-4,-3.93965E-4,-5.03196E-4,-5.51395E-5,1.89703E-4,1.61864E-4,-5.17725E-4,-4.98630E-4,3.98708E-4,2.02927E-4,3.69319E-4,8.34637E-4,6.19594E-4,3.75997E-4,2.45824E-4,2.32244E-5,-4.67326E-5,2.54062E-4,-3.27874E-5,-1.82679E-4,-4.06676E-4,-4.66356E-4,-1.18973E-3,-2.91955E-3,1.39457E-2,4.85633E-2,2.86429E-2,-1.20169E-1,-3.87122E-1,-5.73261E-1,-4.94147E-1,-1.79066E-1,2.90532E-1,3.60408E-1,1.36211E-2,-4.62273E-2,-1.13582E-2,-2.00537E-2,-1.91837E-2,-1.76356E-2,-1.67472E-2,-1.64254E-2,-1.62380E-2,-1.58619E-2,-1.59474E-2,-1.52044E-2,-1.55670E-2,-1.57626E-2,-1.55721E-2,-1.55636E-2,-1.58056E-2,-1.55292E-2,-1.45177E-2,-1.48390E-2,-1.54402E-2,-1.53314E-2,-1.47769E-2,-1.39386E-2,-1.36561E-2,-1.43432E-2,-1.41122E-2,-1.48262E-2,-1.45472E-2,-1.30737E-2,-1.42420E-2,-1.37364E-2,-1.35543E-2,-1.33614E-2,-1.34081E-2,-1.31077E-2,-1.33889E-2,-1.32307E-2,-1.30830E-2,-1.31617E-2,-1.35961E-2,-1.44587E-2,-1.35584E-2,-1.32209E-2,-1.39162E-2,-1.35823E-2,-1.34819E-2,-1.33904E-2,-1.34730E-2,-1.40008E-2,-1.32613E-2,-1.32504E-2,-1.26220E-2,-1.24949E-2,-1.33104E-2,-1.32271E-2,-1.31341E-2,-1.26810E-2,-1.26760E-2,-1.23600E-2,-1.28708E-2,-1.25392E-2,-1.23541E-2,-1.22192E-2,-1.26146E-2,-1.32169E-2,-1.33346E-2
1.45197E+3,NaN,NaN,NaN,-8.68049E-5,-4.88168E-6,-1.83976E-4,-1.81540E-4,4.20788E-5,3.00631E-4,1.70576E-4,-1.07330E-4,-1.34435E-4,-1.07419E-4,4.28619E-5,1.93143E-4,2.77557E-4,2.80801E-4,2.84045E-4,-2.70302E-5,-4.99561E-4,-3.73852E-4,-9.18615E-5,-3.97591E-4,-3.81300E-4,-2.47385E-4,-3.28245E-4,-1.76807E-4,-3.24492E-4,-6.78703E-4,-3.12710E-4,3.38016E-4,-1.98231E-4,-2.24353E-4,1.25453E-4,-2.42948E-4,-2.63388E-4,-1.16866E-4,-5.10954E-4,-4.12458E-4,-2.67719E-4,2.24804E-4,1.52445E-5,-4.72592E-4,-2.57722E-4,2.61830E-5,-1.94711E-4,-5.81092E-5,1.19633E-4,2.14042E-4,-9.14332E-5,-3.06001E-4,-5.42992E-4,-4.87143E-4,-4.48104E-4,-3.22468E-4,-4.09991E-4,-7.44017E-4,-3.62747E-5,-1.54567E-3,-4.02897E-3,1.43206E-2,5.41013E-2,3.52334E-2,-1.21388E-1,-4.14725E-1,-5.87224E-1,-5.09791E-1,-1.83235E-1,3.33237E-1,3.16161E-1,1.15540E-2,-3.70251E-2,-1.47365E-2,-1.91549E-2,-1.79836E-2,-1.70403E-2,-1.60178E-2,-1.60781E-2,-1.55851E-2,-1.64412E-2,-1.58482E-2,-1.51578E-2,-1.55167E-2,-1.54584E-2,-1.55249E-2,-1.55885E-2,-1.57540E-2,-1.48788E-2,-1.44011E-2,-1.48712E-2,-1.49180E-2,-1.46132E-2,-1.41311E-2,-1.35537E-2,-1.38699E-2,-1.46191E-2,-1.44896E-2,-1.46288E-2,-1.42592E-2,-1.29866E-2,-1.38486E-2,-1.34179E-2,-1.38005E-2,-1.31500E-2,-1.33626E-2,-1.31157E-2,-1.35980E-2,-1.33233E-2,-1.27891E-2,-1.31202E-2,-1.34225E-2,-1.43282E-2,-1.35842E-2,-1.36598E-2,-1.37668E-2,-1.38899E-2,-1.34734E-2,-1.35970E-2,-1.37562E-2,-1.39159E-2,-1.32340E-2,-1.33882E-2,-1.28913E-2,-1.26024E-2,-1.30350E-2,-1.27501E-2,-1.27191E-2,-1.26477E-2,-1.24182E-2,-1.24084E-2,-1.25743E-2,-1.22678E-2,-1.24638E-2,-1.28729E-2,-1.28450E-2,-1.31780E-2,-1.36937E-2
1.45547E+3,NaN,NaN,NaN,-3.17926E-5,1.39439E-4,-2.55797E-5,-1.39753E-4,1.86573E-4,1.36257E-4,-1.71767E-4,2.03199E-4,3.67301E-4,4.59605E-4,4.73734E-4,4.87864E-4,4.41135E-4,3.57357E-4,2.73580E-4,3.40832E-4,8.72807E-5,-3.17124E-4,-3.45606E-5,4.11754E-5,7.69816E-5,8.05726E-5,-1.93742E-4,-9.14379E-6,-1.35443E-4,-5.84811E-4,-2.21955E-4,-1.33526E-5,-2.93796E-4,-7.71698E-5,2.26410E-4,-2.56066E-4,3.60302E-5,7.23389E-5,-5.52789E-6,-1.56159E-4,-1.33526E-4,5.28546E-4,6.28149E-4,-7.51907E-5,4.41911E-4,1.76313E-5,-2.87931E-4,2.23417E-4,-1.12658E-4,3.52101E-4,-4.94362E-4,-3.05355E-4,5.37402E-5,-1.65519E-5,2.03622E-4,-1.73457E-4,-3.62715E-4,-6.26750E-4,2.56825E-4,-1.07475E-3,-4.65639E-3,1.35140E-2,6.12631E-2,4.61609E-2,-1.15177E-1,-4.38784E-1,-5.99416E-1,-5.16267E-1,-1.84678E-1,3.98252E-1,2.88167E-1,-6.93366E-3,-2.71239E-2,-1.65363E-2,-1.79148E-2,-1.63320E-2,-1.56504E-2,-1.46396E-2,-1.51517E-2,-1.40401E-2,-1.52613E-2,-1.43967E-2,-1.41443E-2,-1.40109E-2,-1.41356E-2,-1.45883E-2,-1.38982E-2,-1.42366E-2,-1.37590E-2,-1.34851E-2,-1.35874E-2,-1.43512E-2,-1.41811E-2,-1.43236E-2,-1.29556E-2,-1.33958E-2,-1.38794E-2,-1.43335E-2,-1.40913E-2,-1.36321E-2,-1.29464E-2,-1.33498E-2,-1.29319E-2,-1.23733E-2,-1.24838E-2,-1.28304E-2,-1.24623E-2,-1.25252E-2,-1.24803E-2,-1.21463E-2,-1.29709E-2,-1.32734E-2,-1.28502E-2,-1.24838E-2,-1.30141E-2,-1.29091E-2,-1.31051E-2,-1.29934E-2,-1.28761E-2,-1.27230E-2,-1.31292E-2,-1.27682E-2,-1.28180E-2,-1.22967E-2,-1.17259E-2,-1.22567E-2,-1.21416E-2,-1.21588E-2,-1.20977E-2,-1.16461E-2,-1.12752E-2,-1.19918E-2,-1.15359E-2,-1.14140E-2,-1.17776E-2,-1.16960E-2,-1.24034E-2,-1.23765E-2
1.45898E+3,NaN,NaN,NaN,1.65434E-4,3.41118E-5,-2.37522E-4,-3.04236E-4,2.08786E-4,1.53684E-4,-2.91137E-4,-2.70136E-4,-2.29759E-4,-1.05404E-4,6.39602E-5,2.33325E-4,2.70066E-4,2.72379E-4,2.74692E-4,-5.36262E-4,-2.19078E-4,-9.19152E-5,-9.53708E-5,1.81364E-4,1.16369E-4,-6.65246E-4,-5.69975E-4,-7.77755E-5,-2.71509E-4,-4.28912E-4,-1.68134E-4,-1.20500E-4,-6.10053E-4,-1.63420E-4,-1.14861E-4,7.96448E-5,-3.78627E-5,-3.07319E-4,-5.56191E-4,3.86975E-4,2.01123E-6,4.83315E-4,1.57034E-4,-7.67629E-4,1.72006E-4,-3.70747E-4,-2.20288E-4,1.50127E-4,-6.01009E-4,8.17425E-5,-8.79743E-4,-4.28534E-4,3.63806E-5,-2.70074E-4,-1.70320E-4,-2.76153E-4,-6.04581E-4,-4.45010E-5,-1.11136E-4,-7.28056E-4,-5.74152E-3,9.30538E-3,6.70664E-2,6.07306E-2,-1.03166E-1,-4.68455E-1,-6.28880E-1,-5.39742E-1,-2.08255E-1,4.64306E-1,2.82027E-1,-3.80427E-2,-2.27659E-2,-1.71772E-2,-1.68109E-2,-1.59865E-2,-1.47067E-2,-1.34706E-2,-1.51031E-2,-1.35744E-2,-1.49292E-2,-1.34379E-2,-1.40274E-2,-1.33273E-2,-1.40257E-2,-1.40690E-2,-1.39458E-2,-1.40058E-2,-1.30033E-2,-1.35229E-2,-1.38467E-2,-1.36846E-2,-1.35174E-2,-1.35948E-2,-1.22972E-2,-1.31339E-2,-1.33378E-2,-1.40627E-2,-1.36805E-2,-1.36788E-2,-1.27050E-2,-1.29004E-2,-1.25503E-2,-1.26231E-2,-1.24043E-2,-1.24790E-2,-1.23493E-2,-1.26688E-2,-1.29470E-2,-1.19725E-2,-1.23690E-2,-1.30419E-2,-1.28546E-2,-1.26727E-2,-1.27597E-2,-1.26803E-2,-1.28909E-2,-1.27737E-2,-1.29907E-2,-1.28405E-2,-1.31013E-2,-1.25412E-2,-1.26285E-2,-1.17894E-2,-1.17086E-2,-1.23947E-2,-1.23503E-2,-1.17992E-2,-1.17852E-2,-1.14223E-2,-1.16770E-2,-1.19931E-2,-1.18815E-2,-1.17070E-2,-1.18530E-2,-1.18019E-2,-1.29273E-2,-1.25101E-2
1.46248E+3,NaN,NaN,NaN,-8.00941E-5,-2.11486E-5,-4.90411E-5,6.95195E-5,1.09460E-4,-1.20415E-4,-5.21835E-4,-3.09662E-4,-4.83802E-5,-3.58858E-5,-7.72491E-5,-1.18612E-4,-4.29837E-5,3.69008E-5,1.08727E-4,6.09469E-5,-3.40243E-4,-6.78428E-5,-3.85672E-5,-2.38086E-4,-1.74865E-4,-1.50058E-4,1.35086E-4,1.18332E-4,-1.67114E-4,-1.74946E-4,6.07023E-5,3.19977E-4,-7.00598E-4,1.01307E-4,-1.67006E-4,-6.78891E-5,-4.64716E-4,-6.17348E-4,-4.88097E-4,-4.14494E-4,-1.00149E-4,4.09765E-4,1.86922E-4,-6.59261E-4,1.20970E-4,-1.17916E-4,4.77776E-5,-5.83158E-5,-6.25122E-6,4.31382E-4,-3.03517E-4,-5.41816E-6,2.59033E-4,-2.88570E-4,-3.39477E-4,-3.96597E-4,-1.14547E-4,-3.12219E-4,-1.01769E-3,-4.98725E-4,-4.31508E-3,1.03059E-2,6.73446E-2,6.24986E-2,-1.09827E-1,-4.76537E-1,-6.37220E-1,-5.37734E-1,-1.85373E-1,4.44503E-1,2.76674E-1,-3.72280E-2,-2.69020E-2,-1.55024E-2,-1.66798E-2,-1.49986E-2,-1.38107E-2,-1.35352E-2,-1.39165E-2,-1.32410E-2,-1.43195E-2,-1.28150E-2,-1.31491E-2,-1.32698E-2,-1.34683E-2,-1.28543E-2,-1.37157E-2,-1.35143E-2,-1.24840E-2,-1.25149E-2,-1.30095E-2,-1.37593E-2,-1.26728E-2,-1.31916E-2,-1.16875E-2,-1.28044E-2,-1.33609E-2,-1.34571E-2,-1.35245E-2,-1.33311E-2,-1.25009E-2,-1.27512E-2,-1.23708E-2,-1.22536E-2,-1.21463E-2,-1.25668E-2,-1.23996E-2,-1.21781E-2,-1.22204E-2,-1.20929E-2,-1.24047E-2,-1.28171E-2,-1.23086E-2,-1.22717E-2,-1.24611E-2,-1.24481E-2,-1.27140E-2,-1.26131E-2,-1.23064E-2,-1.23985E-2,-1.31175E-2,-1.22286E-2,-1.20887E-2,-1.18148E-2,-1.11335E-2,-1.18266E-2,-1.19690E-2,-1.17320E-2,-1.12611E-2,-1.14195E-2,-1.13167E-2,-1.16937E-2,-1.09153E-2,-1.13429E-2,-1.15891E-2,-1.18215E-2,-1.22358E-2,-1.21273E-2
1.46599E+3,NaN,NaN,NaN,6.95409E-5,1.21706E-4,-1.12048E-4,-2.75316E-4,1.37552E-4,-1.16311E-5,3.85862E-5,-4.50333E-5,-1.65042E-4,-1.20707E-4,-7.50023E-5,-2.15853E-5,8.14199E-5,1.84425E-4,1.38229E-4,-1.28423E-5,1.14994E-4,-4.55237E-4,2.13603E-5,4.33525E-5,1.73720E-4,-4.87483E-4,-2.23263E-4,1.29970E-4,1.41220E-4,-1.26912E-4,-2.88910E-4,-3.26871E-4,-3.61873E-4,-1.24592E-4,7.56920E-5,4.00357E-5,4.43257E-4,-2.01846E-4,-1.21320E-4,1.70505E-4,2.42474E-4,4.21915E-4,4.45997E-4,-4.08259E-4,1.93203E-4,5.53464E-5,6.01279E-5,2.19943E-4,4.74604E-4,3.54726E-4,3.35662E-4,4.14512E-4,2.27983E-4,-6.36574E-5,4.45819E-5,-1.66497E-4,2.48968E-4,-7.30026E-5,-1.96874E-4,-5.24216E-4,-3.12228E-3,1.49641E-2,6.48857E-2,5.39219E-2,-1.37133E-1,-4.78529E-1,-6.29827E-1,-5.21358E-1,-1.23089E-1,3.91534E-1,2.55506E-1,-1.74084E-2,-3.03248E-2,-1.41755E-2,-1.52718E-2,-1.40893E-2,-1.25167E-2,-1.26789E-2,-1.32445E-2,-1.25746E-2,-1.28036E-2,-1.19455E-2,-1.26685E-2,-1.27735E-2,-1.30151E-2,-1.21249E-2,-1.26604E-2,-1.27716E-2,-1.19164E-2,-1.21081E-2,-1.26013E-2,-1.26257E-2,-1.26569E-2,-1.27057E-2,-1.15293E-2,-1.22971E-2,-1.19129E-2,-1.27347E-2,-1.30856E-2,-1.27654E-2,-1.21726E-2,-1.23780E-2,-1.22179E-2,-1.21986E-2,-1.19833E-2,-1.22012E-2,-1.19502E-2,-1.20056E-2,-1.21983E-2,-1.13921E-2,-1.17330E-2,-1.26848E-2,-1.25398E-2,-1.19815E-2,-1.21378E-2,-1.23187E-2,-1.23765E-2,-1.23215E-2,-1.21985E-2,-1.21204E-2,-1.30880E-2,-1.17683E-2,-1.18988E-2,-1.12676E-2,-1.08211E-2,-1.16603E-2,-1.13231E-2,-1.18501E-2,-1.10940E-2,-1.11507E-2,-1.14975E-2,-1.11677E-2,-1.05977E-2,-1.11995E-2,-1.14029E-2,-1.10059E-2,-1.19806E-2,-1.19973E-2
1.46949E+3,NaN,NaN,NaN,1.54221E-4,1.11444E-4,-8.43381E-6,-2.89667E-5,1.92900E-4,-2.60758E-4,-2.60801E-4,-1.67832E-4,-1.49646E-4,-3.24863E-5,8.46733E-5,2.17305E-4,3.85526E-4,5.53748E-4,2.83315E-4,-1.58636E-4,-1.91078E-4,-2.20709E-4,-1.91537E-4,-2.32001E-4,-3.06245E-4,-3.66863E-4,-1.42864E-4,2.80590E-5,-2.78744E-4,-2.28833E-4,1.09266E-5,-3.25248E-4,-5.77282E-4,-3.68201E-4,-2.95236E-4,-9.31133E-5,-5.70857E-6,-3.07011E-4,-4.13263E-4,-3.23171E-4,-1.98929E-5,2.29746E-4,-4.32544E-5,-1.88230E-4,-3.74809E-4,-3.24619E-4,1.93497E-4,4.09523E-4,2.44907E-4,-1.62752E-4,-2.96396E-4,1.05458E-4,-5.18931E-5,-2.93782E-4,-1.32940E-4,-5.98972E-5,1.49499E-5,-4.46523E-4,-2.46432E-4,-1.00632E-3,-3.97066E-3,1.80968E-2,6.73175E-2,5.54682E-2,-1.58823E-1,-4.85222E-1,-6.24211E-1,-5.11837E-1,-6.36377E-2,3.54948E-1,2.21321E-1,-6.95015E-3,-2.93523E-2,-1.26487E-2,-1.38564E-2,-1.28990E-2,-1.18041E-2,-1.19152E-2,-1.22694E-2,-1.21787E-2,-1.19681E-2,-1.17703E-2,-1.19697E-2,-1.21094E-2,-1.23864E-2,-1.20399E-2,-1.21233E-2,-1.19328E-2,-1.17127E-2,-1.18970E-2,-1.20340E-2,-1.20170E-2,-1.21297E-2,-1.19385E-2,-1.17602E-2,-1.20682E-2,-1.19691E-2,-1.22623E-2,-1.27037E-2,-1.25824E-2,-1.22206E-2,-1.21793E-2,-1.20467E-2,-1.19708E-2,-1.18044E-2,-1.20401E-2,-1.16385E-2,-1.16616E-2,-1.18478E-2,-1.13882E-2,-1.18567E-2,-1.23354E-2,-1.17727E-2,-1.16332E-2,-1.19471E-2,-1.20086E-2,-1.19555E-2,-1.21657E-2,-1.21408E-2,-1.22678E-2,-1.24356E-2,-1.20732E-2,-1.17936E-2,-1.16015E-2,-1.07576E-2,-1.13894E-2,-1.13156E-2,-1.13191E-2,-1.10060E-2,-1.12206E-2,-1.04741E-2,-1.11254E-2,-1.07416E-2,-1.10720E-2,-1.10353E-2,-1.12374E-2,-1.19784E-2,-1.14184E-2
1.47300E+3,NaN,NaN,NaN,-1.23366E-5,8.22954E-5,-2.43590E-4,1.68476E-4,2.52354E-4,-1.36444E-4,-7.56781E-6,1.29524E-4,1.66097E-4,2.18794E-4,2.71492E-4,3.06601E-4,3.21884E-4,3.37168E-4,1.06339E-4,-2.60934E-5,-1.83229E-4,-5.08645E-5,-1.21902E-4,-1.83891E-4,-5.01113E-5,6.55155E-5,8.47629E-5,-1.68396E-4,-1.89486E-4,-1.81345E-4,2.30657E-4,2.58481E-4,-1.92187E-4,-2.05915E-4,4.32316E-5,1.36464E-4,9.20257E-5,-2.80571E-4,-1.66183E-4,2.69364E-4,2.22335E-4,2.91286E-4,-2.55726E-4,-2.39125E-4,-1.31775E-4,-1.20786E-4,2.35539E-4,2.43159E-4,1.07589E-4,-5.38808E-5,4.83380E-5,-1.46269E-5,-2.22452E-4,-3.17641E-4,-3.40501E-4,3.08457E-5,2.27553E-5,-4.29436E-4,3.16392E-4,-5.60931E-4,-5.04078E-3,1.99745E-2,7.11482E-2,6.21308E-2,-1.77207E-1,-5.01329E-1,-6.27815E-1,-5.16418E-1,-1.43708E-2,3.41916E-1,1.90433E-1,-6.50650E-3,-2.52647E-2,-1.22337E-2,-1.26612E-2,-1.17945E-2,-1.09896E-2,-1.11397E-2,-1.10912E-2,-1.10930E-2,-1.08790E-2,-1.12498E-2,-1.11168E-2,-1.14828E-2,-1.14329E-2,-1.11681E-2,-1.13157E-2,-1.10247E-2,-1.08481E-2,-1.14760E-2,-1.17782E-2,-1.15287E-2,-1.17444E-2,-1.11267E-2,-1.12392E-2,-1.11885E-2,-1.13702E-2,-1.15309E-2,-1.26791E-2,-1.23349E-2,-1.15912E-2,-1.13416E-2,-1.17044E-2,-1.18486E-2,-1.14821E-2,-1.14105E-2,-1.10459E-2,-1.11701E-2,-1.14181E-2,-1.11631E-2,-1.14381E-2,-1.17908E-2,-1.12388E-2,-1.10086E-2,-1.14782E-2,-1.15036E-2,-1.15562E-2,-1.17724E-2,-1.16491E-2,-1.16125E-2,-1.21247E-2,-1.12549E-2,-1.09338E-2,-1.05032E-2,-1.02946E-2,-1.14759E-2,-1.11056E-2,-1.10626E-2,-1.04547E-2,-1.04907E-2,-1.03007E-2,-1.04623E-2,-1.00911E-2,-1.07553E-2,-1.08230E-2,-1.05992E-2,-1.13868E-2,-1.09642E-2
1.47651E+3,NaN,NaN,NaN,-2.16240E-4,4.64298E-5,7.00278E-5,5.13433E-4,2.35541E-4,-4.80887E-4,-3.51230E-4,-1.57365E-4,-9.10366E-5,-1.61634E-5,5.87097E-5,6.85710E-5,4.12259E-5,1.38809E-5,-2.38606E-4,-5.20605E-4,-1.03357E-4,6.18717E-5,-2.30954E-4,-1.71468E-4,-3.67073E-4,-7.09746E-4,-3.10506E-4,-2.18314E-4,-6.75368E-4,-8.94855E-5,-1.58515E-4,-4.47702E-4,-7.11671E-5,-5.04891E-5,-6.06316E-5,1.65465E-5,-7.20894E-5,-3.74591E-4,-3.09605E-4,-7.54495E-5,3.91508E-4,3.08612E-4,-1.98166E-4,-3.23576E-4,-6.31780E-4,-3.09493E-4,2.29766E-4,-3.05751E-4,-4.26299E-5,-2.33189E-4,7.23399E-5,9.76583E-5,-3.60603E-4,-3.34146E-4,-4.40077E-4,-3.53526E-4,-4.52044E-4,-3.49428E-4,-9.54541E-5,-2.72473E-4,-6.19782E-3,1.87131E-2,7.37870E-2,7.11156E-2,-1.94018E-1,-5.26209E-1,-6.31635E-1,-5.18248E-1,3.66972E-2,3.49849E-1,1.62289E-1,-1.88157E-2,-1.88297E-2,-1.17198E-2,-1.20708E-2,-1.12845E-2,-1.06099E-2,-1.08246E-2,-1.11205E-2,-1.07799E-2,-1.07557E-2,-1.09594E-2,-1.09641E-2,-1.12677E-2,-1.09488E-2,-1.13202E-2,-1.10715E-2,-1.12671E-2,-1.06875E-2,-1.13887E-2,-1.14615E-2,-1.08991E-2,-1.14999E-2,-1.04325E-2,-1.15860E-2,-1.14012E-2,-1.15646E-2,-1.20351E-2,-1.24155E-2,-1.21267E-2,-1.15548E-2,-1.13027E-2,-1.17505E-2,-1.16451E-2,-1.14022E-2,-1.19153E-2,-1.16210E-2,-1.14566E-2,-1.15261E-2,-1.12087E-2,-1.16555E-2,-1.22106E-2,-1.17490E-2,-1.14185E-2,-1.15118E-2,-1.16911E-2,-1.16748E-2,-1.17316E-2,-1.15628E-2,-1.18912E-2,-1.20023E-2,-1.12486E-2,-1.09951E-2,-1.09275E-2,-1.06993E-2,-1.10360E-2,-1.11321E-2,-1.13071E-2,-1.04347E-2,-1.05974E-2,-1.06475E-2,-1.08721E-2,-1.03264E-2,-1.06056E-2,-1.07506E-2,-1.07167E-2,-1.13807E-2,-1.12452E-2
1.48002E+3,NaN,NaN,NaN,-2.44413E-4,3.65148E-4,-1.03663E-4,1.18732E-4,-1.56564E-5,-1.91522E-4,2.71149E-4,3.07953E-4,2.37650E-4,1.36764E-4,3.58771E-5,1.19380E-4,2.48796E-4,3.78213E-4,5.73853E-4,1.12357E-4,-7.11439E-6,1.92399E-4,-6.44595E-4,3.36272E-4,-3.59411E-5,-3.29272E-5,-7.91744E-5,2.85976E-5,-7.15470E-5,-1.58034E-4,2.46503E-4,-2.13540E-4,5.67628E-5,2.19905E-4,-3.33574E-4,2.46500E-4,-3.37813E-4,-1.64902E-4,-4.01696E-4,3.25442E-4,4.83872E-4,4.15440E-4,-1.16072E-4,3.48993E-4,1.78299E-4,1.41491E-4,6.77135E-4,-1.25886E-4,4.54183E-4,-2.33520E-4,-3.80410E-4,1.01998E-4,-1.99235E-4,9.01262E-5,-9.80783E-5,-1.54180E-4,1.62590E-4,-6.15230E-4,-2.73096E-4,6.37564E-4,-6.88375E-3,1.54373E-2,7.63620E-2,8.90707E-2,-1.96010E-1,-5.52562E-1,-6.42523E-1,-5.32406E-1,6.73714E-2,3.69423E-1,1.50948E-1,-3.72114E-2,-1.08247E-2,-1.08229E-2,-1.11140E-2,-9.51337E-3,-9.15527E-3,-9.80632E-3,-9.51045E-3,-9.75016E-3,-9.39809E-3,-9.92268E-3,-9.65461E-3,-1.01707E-2,-9.70146E-3,-1.02252E-2,-1.03150E-2,-1.00754E-2,-1.00192E-2,-1.04411E-2,-1.00508E-2,-9.86906E-3,-1.06281E-2,-9.81103E-3,-1.05053E-2,-1.03195E-2,-1.07824E-2,-1.07410E-2,-1.16897E-2,-1.14070E-2,-1.10394E-2,-1.08074E-2,-1.10339E-2,-1.09202E-2,-1.07839E-2,-1.09613E-2,-1.06947E-2,-1.08364E-2,-1.07430E-2,-1.05198E-2,-1.08319E-2,-1.09951E-2,-1.09011E-2,-1.09629E-2,-1.11130E-2,-1.09584E-2,-1.09262E-2,-1.09903E-2,-1.11857E-2,-1.11390E-2,-1.11578E-2,-1.04516E-2,-1.03310E-2,-9.88435E-3,-9.55743E-3,-1.04145E-2,-1.03740E-2,-1.01896E-2,-1.01389E-2,-9.61785E-3,-9.87211E-3,-1.00948E-2,-9.83667E-3,-9.94027E-3,-1.00729E-2,-9.97110E-3,-1.07342E-2,-1.04694E-2
1.48352E+3,NaN,NaN,NaN,3.17045E-4,-8.27565E-5,1.37526E-4,-5.83296E-5,7.71177E-6,-2.61494E-4,-1.52539E-4,-4.74620E-4,-2.71651E-4,2.39889E-6,2.76449E-4,1.54856E-4,1.84985E-5,-8.60627E-5,2.38997E-5,-2.38838E-4,-4.53563E-5,5.69999E-5,-3.66361E-4,4.43280E-5,-3.07566E-4,-3.29043E-4,-1.91552E-4,7.96329E-5,-5.35516E-4,1.57998E-4,2.08448E-4,-4.31193E-4,1.07550E-4,-4.52722E-4,-4.49508E-4,-9.66846E-5,-2.70461E-4,-2.60980E-4,-1.29449E-4,-1.00036E-4,-2.85718E-4,-3.61434E-4,-4.52748E-4,-3.68997E-4,-1.78437E-4,-4.24207E-4,2.03455E-4,-1.51247E-4,-4.90923E-5,-9.87932E-5,-3.34341E-4,-3.54202E-4,-4.03274E-4,-4.97092E-4,-3.29777E-4,-3.51140E-4,-5.13117E-4,-5.14413E-4,-2.20786E-4,1.68038E-4,-4.56779E-3,1.50711E-2,7.31132E-2,7.63594E-2,-1.98602E-1,-5.50915E-1,-6.36674E-1,-5.02042E-1,5.16967E-2,3.36764E-1,1.50711E-1,-3.64917E-2,-9.02363E-3,-9.38843E-3,-9.64214E-3,-8.65166E-3,-8.10837E-3,-8.67573E-3,-8.75083E-3,-8.61926E-3,-8.68659E-3,-8.97397E-3,-8.90057E-3,-9.14918E-3,-9.09098E-3,-9.48250E-3,-9.04927E-3,-9.27680E-3,-8.59915E-3,-1.01231E-2,-9.60231E-3,-9.61899E-3,-1.00408E-2,-9.15978E-3,-9.93917E-3,-9.94471E-3,-1.03549E-2,-1.05992E-2,-1.11761E-2,-1.06291E-2,-1.03729E-2,-1.04631E-2,-1.10227E-2,-1.05266E-2,-1.02538E-2,-1.05918E-2,-1.04916E-2,-1.04407E-2,-1.04372E-2,-9.96054E-3,-1.05303E-2,-1.08685E-2,-1.05848E-2,-1.07361E-2,-1.09201E-2,-1.08586E-2,-1.07023E-2,-1.02951E-2,-1.09060E-2,-1.07798E-2,-1.08179E-2,-1.05586E-2,-1.02909E-2,-9.67438E-3,-9.34183E-3,-1.00085E-2,-1.00425E-2,-1.01397E-2,-9.37907E-3,-9.56161E-3,-9.39474E-3,-9.75214E-3,-9.64826E-3,-9.27428E-3,-9.52107E-3,-9.60827E-3,-1.04822E-2,-9.67537E-3
1.48703E+3,NaN,NaN,NaN,-1.36302E-4,-7.66451E-5,-8.83517E-5,2.80863E-4,-5.16238E-5,-4.45652E-5,3.14026E-4,5.07100E-5,3.23814E-6,-4.34547E-5,-6.52511E-5,8.53429E-5,2.35937E-4,2.98783E-4,-3.04221E-5,-5.15353E-4,-2.24525E-4,-1.01296E-4,-5.25263E-4,-8.94712E-5,-9.74488E-5,6.34340E-5,1.26713E-4,-1.55389E-4,-4.59716E-4,1.50759E-4,9.98703E-5,2.14048E-4,3.08348E-4,2.60581E-4,-1.86356E-4,8.09758E-6,-8.31135E-5,-1.12850E-4,-2.13514E-4,6.76464E-5,8.16662E-5,-1.68059E-4,-2.64253E-4,-2.79231E-4,-2.49990E-6,3.13804E-4,2.66116E-4,3.25683E-4,1.95062E-4,-2.43893E-4,-3.04641E-4,-7.59219E-5,-6.08296E-4,-6.06320E-4,-5.10619E-4,-4.97549E-4,-1.65289E-4,-3.38124E-4,-4.21591E-5,-3.38713E-4,-2.43395E-3,1.71787E-2,7.37013E-2,5.51919E-2,-2.12459E-1,-5.37479E-1,-6.23107E-1,-4.42999E-1,4.80309E-2,2.94130E-1,1.41498E-1,-2.46895E-2,-9.36242E-3,-8.45426E-3,-9.03896E-3,-8.24922E-3,-7.70879E-3,-8.35028E-3,-8.37501E-3,-8.11080E-3,-8.22696E-3,-8.40196E-3,-8.71661E-3,-9.00473E-3,-8.44033E-3,-8.91664E-3,-8.90878E-3,-9.16945E-3,-8.77585E-3,-9.45899E-3,-8.93989E-3,-9.13530E-3,-9.70672E-3,-9.33462E-3,-9.33033E-3,-9.17725E-3,-9.70691E-3,-1.02748E-2,-1.10887E-2,-1.08262E-2,-1.03195E-2,-9.97412E-3,-1.01761E-2,-1.01931E-2,-1.03644E-2,-1.05868E-2,-1.04829E-2,-1.02144E-2,-1.04108E-2,-1.02214E-2,-1.03300E-2,-1.06690E-2,-1.04903E-2,-1.03119E-2,-1.06846E-2,-1.06498E-2,-1.02187E-2,-1.03908E-2,-1.06644E-2,-1.09473E-2,-1.07688E-2,-1.03426E-2,-1.02307E-2,-9.33282E-3,-9.17446E-3,-9.84804E-3,-9.81864E-3,-1.01229E-2,-9.55680E-3,-9.49825E-3,-9.48703E-3,-9.79801E-3,-9.37587E-3,-9.46580E-3,-9.81213E-3,-9.83142E-3,-1.01299E-2,-9.83147E-3
1.49054E+3,NaN,NaN,3.31955E-5,-2.47459E-4,2.58378E-4,5.21432E-5,5.43708E-5,1.65971E-5,-1.52024E-4,3.28540E-4,-7.23347E-5,2.31801E-5,1.18695E-4,1.78124E-4,1.47972E-4,1.17820E-4,1.61400E-5,-8.84073E-5,-1.26245E-4,-1.25412E-4,-5.50349E-5,2.22276E-5,8.26588E-5,-2.06773E-5,1.72958E-4,1.86736E-4,-2.06387E-4,-1.00246E-4,1.64868E-4,1.03302E-4,-1.63623E-4,-1.57539E-4,-1.30800E-4,-1.55789E-4,9.82539E-5,-1.25766E-4,-3.65889E-4,-4.21385E-5,2.72200E-4,3.60625E-4,-3.50177E-5,-5.17279E-5,2.74645E-4,1.96402E-5,1.39454E-4,4.09531E-4,3.85431E-4,2.99296E-4,2.24634E-4,1.63871E-4,-2.81328E-4,-4.82221E-4,-4.08792E-4,-2.87658E-4,-2.92756E-4,-2.48482E-4,-8.42602E-5,2.47882E-4,-6.54255E-4,-2.87275E-3,1.80428E-2,7.73094E-2,4.25085E-2,-2.30922E-1,-5.31675E-1,-6.19487E-1,-4.04974E-1,4.52569E-2,2.57037E-1,1.23556E-1,-1.30026E-2,-9.02628E-3,-7.25115E-3,-7.88719E-3,-7.21423E-3,-6.70366E-3,-7.24963E-3,-7.50927E-3,-7.45687E-3,-7.56550E-3,-7.80495E-3,-8.14471E-3,-7.82096E-3,-7.60807E-3,-8.07845E-3,-8.45445E-3,-8.29886E-3,-8.09615E-3,-8.67274E-3,-8.67162E-3,-8.93135E-3,-8.87990E-3,-8.85715E-3,-9.09118E-3,-9.29875E-3,-9.48276E-3,-9.91249E-3,-1.03475E-2,-1.01596E-2,-9.77796E-3,-9.36158E-3,-1.01082E-2,-1.00143E-2,-9.86767E-3,-9.99998E-3,-9.74518E-3,-9.95452E-3,-9.73432E-3,-9.37913E-3,-1.03051E-2,-1.05041E-2,-9.97862E-3,-9.89567E-3,-1.02963E-2,-9.98791E-3,-1.02695E-2,-1.00823E-2,-1.02411E-2,-1.00514E-2,-1.03704E-2,-9.58321E-3,-9.71771E-3,-9.40632E-3,-8.80718E-3,-9.20683E-3,-9.42420E-3,-9.52918E-3,-9.07811E-3,-9.12269E-3,-8.90956E-3,-9.06353E-3,-9.08966E-3,-8.86184E-3,-9.11539E-3,-8.95746E-3,-9.53344E-3,-9.71580E-3
1.49405E+3,NaN,NaN,-2.21132E-4,6.46505E-5,-1.08684E-4,-8.89704E-5,5.25220E-4,2.01647E-5,-1.74558E-4,-1.71020E-4,-6.70840E-4,-3.72420E-4,-7.39988E-5,1.07041E-4,1.42812E-4,1.78583E-4,2.16728E-4,-3.04869E-4,-5.51410E-4,-4.00505E-4,-4.68910E-4,-3.59033E-4,-1.15125E-4,-1.91226E-4,-2.07569E-4,-2.11000E-4,-2.91236E-4,-2.15942E-4,5.39092E-6,-3.42453E-5,-4.22208E-4,-3.45458E-4,-1.29988E-4,-1.82943E-4,-2.03134E-4,-2.44618E-4,-3.64314E-4,-6.22831E-5,1.39736E-4,3.63852E-5,-3.85722E-5,-8.76691E-5,-7.12001E-5,-1.50375E-4,-2.26232E-5,-4.79786E-5,-2.58552E-4,-5.31739E-5,-1.57566E-4,1.36446E-6,-1.63043E-4,-5.01411E-4,-4.08347E-4,-4.66597E-4,-4.62273E-4,-4.81628E-4,-4.19990E-4,5.45766E-5,-4.33173E-4,-4.73405E-3,1.81455E-2,8.44611E-2,4.27598E-2,-2.47356E-1,-5.28307E-1,-6.22506E-1,-3.80237E-1,5.06041E-2,2.40402E-1,1.04512E-1,-5.17216E-3,-8.14533E-3,-6.38590E-3,-6.85868E-3,-6.17748E-3,-6.06032E-3,-6.42295E-3,-6.32799E-3,-6.32977E-3,-6.61047E-3,-6.92798E-3,-7.05010E-3,-7.01089E-3,-7.23458E-3,-7.48554E-3,-7.55340E-3,-7.44337E-3,-7.85158E-3,-7.58378E-3,-7.72488E-3,-7.98564E-3,-7.92536E-3,-8.09541E-3,-8.32098E-3,-8.49887E-3,-8.61854E-3,-9.42496E-3,-9.77105E-3,-9.61663E-3,-9.74065E-3,-9.18348E-3,-9.41883E-3,-9.39819E-3,-9.22740E-3,-9.46937E-3,-9.55791E-3,-9.28339E-3,-9.23328E-3,-9.04965E-3,-9.53171E-3,-9.90991E-3,-9.90150E-3,-9.74918E-3,-1.00367E-2,-9.89591E-3,-9.65835E-3,-9.90365E-3,-1.00145E-2,-1.00397E-2,-1.03593E-2,-9.24440E-3,-9.19364E-3,-9.21331E-3,-8.52922E-3,-9.19361E-3,-8.81583E-3,-9.26221E-3,-8.89199E-3,-8.82414E-3,-8.15163E-3,-8.62641E-3,-8.61363E-3,-8.70936E-3,-8.34782E-3,-8.92321E-3,-9.47753E-3,-8.99101E-3
1.49756E+3,NaN,NaN,-1.66300E-4,-7.18055E-5,5.00541E-5,6.44306E-5,3.59983E-4,2.84025E-5,-2.79104E-4,-2.32425E-4,-3.68853E-5,-1.43138E-5,8.25763E-6,6.85445E-5,1.53406E-4,2.38267E-4,2.27824E-4,-7.59891E-5,-2.96076E-4,1.05514E-5,-1.34571E-4,2.58697E-5,5.51256E-5,4.03667E-4,1.77600E-4,-2.36605E-4,-2.57141E-4,1.08607E-4,4.32377E-4,-4.63645E-5,-1.09191E-4,-5.35783E-5,-1.10301E-4,-1.26820E-4,1.46525E-5,-1.39512E-4,7.88336E-5,9.28219E-5,3.44536E-4,1.47265E-4,4.92247E-6,-4.27295E-5,2.46700E-4,-1.68742E-4,5.32934E-5,3.41139E-4,3.94210E-4,-1.97996E-4,7.86398E-5,1.48967E-4,-1.46401E-4,-4.38075E-4,-5.59686E-4,-3.36811E-4,-4.60310E-4,-3.79860E-4,-4.90926E-4,-2.23618E-4,7.18798E-4,-6.79634E-3,1.60136E-2,9.10057E-2,5.69716E-2,-2.58127E-1,-5.26339E-1,-6.28872E-1,-3.67720E-1,5.53532E-2,2.34034E-1,8.35594E-2,-2.70984E-3,-6.55056E-3,-5.35911E-3,-5.84387E-3,-5.26670E-3,-5.24028E-3,-5.44028E-3,-5.50351E-3,-5.59828E-3,-5.84737E-3,-5.68827E-3,-5.78551E-3,-5.68154E-3,-5.86816E-3,-6.01182E-3,-6.54454E-3,-6.37638E-3,-7.11112E-3,-7.17864E-3,-6.99154E-3,-7.48321E-3,-7.14024E-3,-7.32668E-3,-7.66064E-3,-7.82666E-3,-7.86680E-3,-8.77969E-3,-8.69815E-3,-8.90495E-3,-8.84991E-3,-8.54647E-3,-9.03271E-3,-8.92583E-3,-8.73925E-3,-8.80886E-3,-8.84270E-3,-8.79966E-3,-8.49829E-3,-8.74505E-3,-9.48927E-3,-9.54044E-3,-8.96171E-3,-9.15531E-3,-9.41943E-3,-9.27201E-3,-9.31885E-3,-9.01642E-3,-9.20378E-3,-8.94207E-3,-9.88555E-3,-8.82254E-3,-8.44796E-3,-8.15279E-3,-7.32642E-3,-8.41738E-3,-8.75985E-3,-8.49992E-3,-7.89815E-3,-7.77091E-3,-7.86050E-3,-7.88907E-3,-8.09792E-3,-8.35531E-3,-7.82599E-3,-8.11620E-3,-8.66067E-3,-8.40202E-3
1.50107E+3,NaN,NaN,-1.22578E-4,-1.22106E-4,2.96214E-4,1.61365E-4,-2.42590E-4,-4.71814E-5,8.98301E-5,7.63752E-5,3.67288E-4,2.13746E-4,6.02030E-5,5.42037E-5,9.40641E-5,1.33924E-4,9.45088E-5,-5.28531E-4,-1.46347E-4,-4.73592E-4,-4.26780E-4,-1.43127E-4,-2.29653E-4,-6.20839E-5,-1.10854E-4,8.60789E-5,1.64128E-5,-1.94604E-4,-1.13513E-4,-3.00342E-4,-2.11732E-4,-1.23999E-4,-6.74239E-4,-2.64170E-4,1.47222E-5,-3.10462E-4,4.26306E-5,-3.58556E-4,-5.94654E-5,-8.60990E-5,-2.72566E-4,1.05010E-5,9.79506E-5,8.41671E-5,2.58182E-4,-2.99141E-4,3.17204E-4,-3.71481E-4,-4.92866E-4,-1.49463E-4,-1.46201E-4,-6.05676E-4,-5.28603E-4,-4.52727E-4,-3.06064E-4,-4.63909E-4,4.25733E-4,-3.81431E-4,1.31798E-3,-9.38423E-3,1.22700E-2,9.52168E-2,7.62597E-2,-2.69656E-1,-5.31810E-1,-6.43406E-1,-3.65539E-1,6.74109E-2,2.49074E-1,6.83010E-2,-7.25505E-3,-5.36094E-3,-5.14502E-3,-5.32562E-3,-4.24314E-3,-4.56750E-3,-5.10263E-3,-5.08713E-3,-5.30467E-3,-5.24264E-3,-5.55387E-3,-5.52098E-3,-5.53453E-3,-5.70517E-3,-6.41669E-3,-6.41984E-3,-6.19978E-3,-6.81788E-3,-6.83390E-3,-6.95566E-3,-6.77001E-3,-7.11528E-3,-7.22517E-3,-8.02802E-3,-7.60083E-3,-7.65939E-3,-8.72255E-3,-9.44200E-3,-8.97924E-3,-8.79512E-3,-8.57477E-3,-9.05479E-3,-9.12152E-3,-8.81719E-3,-8.40353E-3,-8.79673E-3,-9.05641E-3,-8.59281E-3,-8.66697E-3,-9.43875E-3,-9.01664E-3,-9.32690E-3,-8.92808E-3,-9.61799E-3,-9.37843E-3,-9.03566E-3,-9.19647E-3,-1.00878E-2,-9.22536E-3,-9.50307E-3,-8.46141E-3,-8.66172E-3,-8.72763E-3,-7.57026E-3,-8.64243E-3,-8.26215E-3,-8.20898E-3,-8.15153E-3,-7.99170E-3,-7.56359E-3,-7.77366E-3,-8.10050E-3,-8.42126E-3,-8.12110E-3,-8.32338E-3,-8.54420E-3,-8.19521E-3
1.50459E+3,NaN,NaN,-3.11585E-5,1.20498E-4,1.18284E-4,2.78229E-4,-4.97492E-5,-2.05815E-4,-9.97801E-5,2.33119E-4,-9.44823E-5,-1.41475E-5,6.61874E-5,9.81845E-5,1.25928E-4,1.50599E-4,1.07981E-4,-2.11850E-4,1.67377E-5,-3.02182E-5,-4.43303E-5,1.59415E-4,-5.38881E-6,-1.81500E-4,1.35722E-4,-1.55515E-4,-2.75498E-4,-6.52706E-5,-3.43832E-5,-3.26148E-4,-4.03669E-4,-1.01928E-4,1.17913E-4,-1.03879E-4,9.23245E-6,5.95030E-5,-5.79161E-4,-4.54738E-6,4.30850E-5,-3.75295E-4,1.60061E-4,-2.40813E-4,7.53884E-5,-1.47144E-4,2.60253E-4,1.14604E-4,-5.55021E-5,-2.92765E-4,2.52764E-4,-4.85585E-4,6.39617E-6,-3.33903E-4,-3.38856E-4,1.58601E-4,-1.93262E-4,-9.39894E-5,2.34139E-4,-8.63956E-4,9.12645E-4,-9.08991E-3,1.23192E-2,9.29421E-2,8.16048E-2,-2.68291E-1,-5.30509E-1,-6.37457E-1,-3.61949E-1,6.26643E-2,2.46907E-1,6.34105E-2,-1.23525E-2,-4.42475E-3,-3.97291E-3,-4.10512E-3,-3.39027E-3,-3.95906E-3,-4.58460E-3,-4.61033E-3,-4.08916E-3,-5.16932E-3,-4.65257E-3,-4.60304E-3,-5.31198E-3,-5.22117E-3,-5.53570E-3,-5.70867E-3,-5.56617E-3,-6.61071E-3,-6.42799E-3,-6.84882E-3,-6.48079E-3,-6.82362E-3,-7.09905E-3,-7.59812E-3,-7.42603E-3,-7.82155E-3,-8.23540E-3,-8.58147E-3,-8.86981E-3,-8.78529E-3,-8.68522E-3,-8.74698E-3,-8.87802E-3,-8.40256E-3,-8.88427E-3,-8.75321E-3,-8.56556E-3,-8.66777E-3,-8.44293E-3,-9.03626E-3,-9.12959E-3,-8.83381E-3,-8.75084E-3,-9.43587E-3,-9.27707E-3,-9.34875E-3,-8.22867E-3,-8.57326E-3,-8.74913E-3,-9.39209E-3,-8.50971E-3,-8.55603E-3,-8.36273E-3,-7.77997E-3,-8.29095E-3,-8.21278E-3,-8.12672E-3,-7.70900E-3,-7.26739E-3,-7.45339E-3,-7.61577E-3,-7.87741E-3,-7.85777E-3,-7.91009E-3,-7.86756E-3,-8.31399E-3,-8.20500E-3
1.50810E+3,NaN,NaN,-6.32622E-5,1.17310E-4,-6.60143E-5,-3.02292E-5,6.95078E-5,-1.30036E-5,1.14144E-4,9.01394E-5,-2.95568E-5,9.74911E-5,2.15363E-4,2.18752E-4,2.22142E-4,2.01269E-4,3.40503E-5,-1.73446E-4,5.33112E-5,-2.31920E-4,-6.35056E-5,-1.48699E-4,2.04289E-4,-4.17176E-5,5.96062E-5,2.85964E-6,-1.75361E-4,-3.30494E-4,-1.42525E-5,1.15939E-5,-1.43776E-4,1.65724E-4,3.02263E-5,-1.54500E-4,7.25417E-5,9.20307E-5,4.46210E-5,-1.01671E-4,4.70756E-5,1.89866E-5,1.09333E-4,2.33439E-4,-2.16554E-4,-2.36025E-4,-1.24047E-4,1.34775E-4,2.84941E-4,2.00965E-5,-2.96072E-5,-4.91952E-4,-1.78932E-4,-5.02379E-4,-1.26586E-4,-1.74541E-4,-1.21706E-4,-1.25160E-7,3.31082E-4,2.80104E-4,-2.59479E-4,-6.12093E-3,1.82732E-2,9.23179E-2,6.34836E-2,-2.55238E-1,-5.22023E-1,-6.10624E-1,-3.51054E-1,4.10931E-2,2.12922E-1,6.91121E-2,-9.43498E-3,-4.20766E-3,-2.33600E-3,-2.79483E-3,-2.17628E-3,-2.83201E-3,-3.03277E-3,-3.05666E-3,-2.93989E-3,-3.78731E-3,-3.62900E-3,-3.79153E-3,-4.10139E-3,-4.10396E-3,-4.38049E-3,-4.37437E-3,-4.70123E-3,-5.34591E-3,-5.21350E-3,-5.34009E-3,-5.66917E-3,-6.01493E-3,-6.22387E-3,-6.45007E-3,-6.64456E-3,-7.14321E-3,-7.31158E-3,-8.02605E-3,-7.87662E-3,-8.42994E-3,-7.74000E-3,-8.14125E-3,-8.07770E-3,-7.58536E-3,-7.83913E-3,-8.31267E-3,-7.60284E-3,-8.04810E-3,-7.88943E-3,-8.54960E-3,-8.27350E-3,-8.01704E-3,-7.92337E-3,-8.69357E-3,-8.48476E-3,-8.31548E-3,-8.18731E-3,-8.47222E-3,-8.30529E-3,-8.57329E-3,-7.55329E-3,-7.67062E-3,-7.20045E-3,-7.17493E-3,-7.61177E-3,-7.54334E-3,-7.89257E-3,-7.19989E-3,-7.24270E-3,-6.97963E-3,-6.77186E-3,-6.92675E-3,-7.67163E-3,-7.17850E-3,-7.19013E-3,-7.50549E-3,-7.52472E-3
1.51161E+3,NaN,NaN,-2.08534E-4,7.87526E-5,3.68801E-4,2.61497E-4,-2.44723E-4,-1.85330E-4,1.69487E-4,1.65417E-5,-3.46814E-4,-2.27797E-4,-1.26775E-4,-8.66345E-5,-4.64936E-5,-5.54661E-5,-9.31222E-5,4.67278E-7,-6.30568E-5,-2.40525E-4,-2.56328E-4,-3.58527E-4,3.61256E-5,1.01212E-4,3.20084E-5,-7.54882E-5,-6.40040E-5,-1.70092E-4,-1.95075E-4,6.36987E-5,1.22713E-4,-2.29142E-4,-1.66392E-4,-2.88938E-5,2.73387E-5,7.09530E-5,-5.21316E-5,-1.60180E-4,-1.90431E-4,-4.30737E-5,1.11642E-5,1.28234E-4,2.00378E-4,-4.64976E-5,-1.09033E-4,2.48718E-4,3.87318E-4,4.13053E-4,-9.28165E-5,-1.02031E-4,2.23135E-4,-4.00891E-4,-6.32025E-4,-3.78397E-4,-3.82859E-4,7.03495E-7,8.61871E-5,3.42186E-4,-1.37249E-3,-5.65435E-3,2.14359E-2,9.99162E-2,4.97857E-2,-2.47056E-1,-5.20597E-1,-5.95336E-1,-3.43182E-1,3.02953E-2,1.83150E-1,6.69107E-2,-7.12075E-3,-2.74449E-3,-1.20531E-3,-1.81679E-3,-1.22270E-3,-1.88305E-3,-2.00767E-3,-2.35958E-3,-2.47075E-3,-2.64791E-3,-2.73969E-3,-3.04001E-3,-3.20921E-3,-3.52633E-3,-3.90146E-3,-3.63909E-3,-4.03706E-3,-4.65119E-3,-4.61735E-3,-4.73942E-3,-5.05562E-3,-5.29238E-3,-5.64165E-3,-5.94844E-3,-5.92064E-3,-5.96444E-3,-7.04780E-3,-7.49693E-3,-7.31052E-3,-7.65451E-3,-7.40234E-3,-7.82863E-3,-7.11582E-3,-7.25188E-3,-7.01051E-3,-7.78464E-3,-7.48957E-3,-7.04452E-3,-7.33883E-3,-7.45185E-3,-7.52631E-3,-7.55070E-3,-8.29848E-3,-8.45212E-3,-8.07393E-3,-7.80056E-3,-7.66262E-3,-7.79389E-3,-7.88771E-3,-8.17357E-3,-7.13771E-3,-7.41004E-3,-7.17407E-3,-6.36622E-3,-7.53825E-3,-7.00304E-3,-7.11137E-3,-6.66149E-3,-6.33706E-3,-5.92293E-3,-6.21779E-3,-6.48201E-3,-6.92093E-3,-6.60907E-3,-6.76676E-3,-6.87351E-3,-6.87827E-3
1.51512E+3,NaN,NaN,1.23958E-4,2.26590E-4,1.03449E-4,1.28457E-4,-9.49449E-5,-2.10483E-4,-2.81249E-4,-3.41856E-5,1.08802E-4,1.22239E-4,1.57770E-4,2.29206E-4,3.00641E-4,1.38634E-4,1.29658E-5,-7.45496E-5,-1.43933E-4,-2.15073E-4,-2.19433E-4,1.27452E-4,8.52821E-5,-1.61382E-4,-1.08600E-4,-1.46330E-4,-9.29892E-5,7.86591E-5,-4.30372E-5,-1.72132E-4,-3.37056E-4,-3.13167E-4,-1.69609E-4,-1.67380E-4,-1.87662E-4,-9.11234E-5,1.29149E-4,-2.72367E-5,-7.50008E-5,3.72575E-6,3.11247E-5,1.07510E-4,-4.86917E-5,2.58017E-6,-3.06593E-5,-1.55180E-4,7.94984E-5,1.06487E-4,2.70097E-5,7.88413E-6,-4.74628E-4,-5.78209E-4,-1.90748E-4,-1.14013E-4,-2.52859E-4,-5.01649E-5,-7.48602E-5,3.81908E-4,-1.45370E-3,-5.95222E-3,2.37042E-2,1.12810E-1,3.77157E-2,-2.46897E-1,-5.27202E-1,-5.87104E-1,-3.29452E-1,3.87731E-2,1.64085E-1,5.80199E-2,-4.78095E-3,-1.66490E-3,-4.62642E-4,-7.76317E-4,-6.13489E-4,-1.31391E-3,-1.71864E-3,-1.57828E-3,-1.79711E-3,-2.20477E-3,-2.26112E-3,-2.45348E-3,-2.80906E-3,-3.14011E-3,-3.26266E-3,-3.15740E-3,-3.74063E-3,-4.38495E-3,-4.36078E-3,-4.44181E-3,-4.56544E-3,-4.85224E-3,-5.57666E-3,-5.52455E-3,-5.70661E-3,-5.80922E-3,-6.31179E-3,-7.32560E-3,-7.18795E-3,-6.86394E-3,-6.81059E-3,-7.27430E-3,-7.00306E-3,-6.82065E-3,-6.50451E-3,-7.18076E-3,-7.58413E-3,-7.08946E-3,-7.06479E-3,-7.47281E-3,-7.81610E-3,-7.31085E-3,-7.78657E-3,-8.32467E-3,-7.51943E-3,-8.04870E-3,-6.89472E-3,-8.07427E-3,-7.42161E-3,-7.85668E-3,-6.38581E-3,-6.34643E-3,-6.95505E-3,-6.44624E-3,-6.85613E-3,-6.92842E-3,-6.78795E-3,-6.23955E-3,-6.42683E-3,-6.66457E-3,-6.16578E-3,-6.43471E-3,-6.80698E-3,-6.43359E-3,-6.41264E-3,-7.10498E-3,-6.38826E-3
1.51864E+3,NaN,NaN,-6.81355E-5,9.48360E-5,1.78740E-4,5.94494E-5,-1.21874E-4,4.48660E-6,-4.72896E-5,-1.28925E-4,-1.91006E-4,-2.06229E-4,-1.65472E-4,-7.56014E-5,1.42692E-5,1.04372E-4,-2.21351E-4,3.46040E-5,2.75510E-4,4.73567E-5,2.84478E-4,-7.51546E-5,-3.03949E-4,-1.03498E-4,-2.50167E-4,-1.19113E-4,-4.72058E-5,-1.05080E-4,-9.14017E-6,3.34405E-4,4.37293E-5,-1.96514E-4,-2.48850E-4,-1.02371E-4,-1.68845E-4,-1.23792E-4,2.17912E-5,-2.03910E-4,-2.17959E-4,-3.61758E-5,1.92311E-4,2.78237E-4,-3.76661E-5,4.15041E-6,-1.00582E-4,1.91095E-4,2.04152E-4,-1.56828E-4,-3.00925E-4,-7.15071E-5,-2.57638E-4,-4.08463E-4,-2.37015E-4,-3.96935E-4,-5.36078E-4,-3.14019E-4,8.29780E-5,2.61751E-4,-1.15682E-3,-7.31420E-3,2.30718E-2,1.31370E-1,3.83262E-2,-2.45831E-1,-5.40675E-1,-5.92321E-1,-3.24250E-1,5.16001E-2,1.53559E-1,4.51686E-2,-3.09863E-3,-2.11767E-4,7.12576E-5,1.57028E-4,-1.01115E-4,-2.98746E-4,-1.17428E-3,-1.16950E-3,-1.45350E-3,-1.57029E-3,-1.28275E-3,-1.71443E-3,-2.46517E-3,-2.78576E-3,-2.79517E-3,-2.69609E-3,-3.32120E-3,-3.89533E-3,-3.82033E-3,-3.96652E-3,-3.77477E-3,-4.75711E-3,-5.34254E-3,-5.34690E-3,-5.35198E-3,-5.24669E-3,-6.37377E-3,-7.17243E-3,-7.01338E-3,-7.32761E-3,-6.81233E-3,-7.10984E-3,-6.64479E-3,-6.71192E-3,-6.98298E-3,-7.49774E-3,-6.93260E-3,-6.87739E-3,-6.94613E-3,-7.42140E-3,-7.30932E-3,-7.14546E-3,-7.66022E-3,-7.56900E-3,-7.51826E-3,-7.97150E-3,-6.91197E-3,-7.25083E-3,-7.16324E-3,-7.90826E-3,-6.83095E-3,-6.57338E-3,-6.90362E-3,-6.37842E-3,-6.84518E-3,-6.87124E-3,-6.64879E-3,-5.89735E-3,-5.90852E-3,-5.89580E-3,-6.33640E-3,-6.12850E-3,-6.24937E-3,-6.12708E-3,-5.99154E-3,-6.69140E-3,-6.37272E-3
1.52215E+3,NaN,NaN,-2.28929E-4,1.34490E-4,1.71154E-4,1.03307E-5,3.75870E-5,8.84787E-5,8.95570E-5,-2.03705E-4,-1.82339E-4,3.66897E-6,1.09409E-4,1.77938E-4,2.46468E-4,-1.60821E-4,-6.41129E-5,-1.15604E-4,1.40868E-4,2.59522E-4,-3.24499E-4,-1.32958E-4,-4.56612E-4,-1.20634E-4,-1.83213E-4,-6.92409E-4,-3.07906E-4,-1.82290E-4,-9.11106E-5,1.67937E-4,-1.96410E-4,-2.10079E-4,-1.70435E-4,-1.71457E-4,-2.22701E-5,-1.44457E-4,-1.71133E-4,-1.55128E-4,-1.82200E-4,-2.97586E-4,-2.59528E-4,-1.28986E-4,-3.07327E-4,-4.89370E-5,-1.58591E-4,-3.16930E-4,-1.06486E-4,1.13482E-4,-1.60609E-5,-4.69684E-4,-7.83950E-4,-9.25199E-4,-5.65014E-4,-2.54197E-4,-2.53296E-4,-3.55699E-4,1.70078E-4,-2.67695E-4,1.79783E-4,-8.68217E-3,2.01544E-2,1.51890E-1,5.04507E-2,-2.42943E-1,-5.59401E-1,-6.09155E-1,-3.26127E-1,6.73178E-2,1.50652E-1,2.86005E-2,-2.32680E-3,1.47497E-3,5.34718E-4,1.14833E-3,4.43609E-4,-1.29586E-4,-2.41159E-4,-4.44731E-4,-1.10048E-3,-1.21757E-3,-8.33168E-4,-1.21531E-3,-1.62406E-3,-1.89564E-3,-1.97864E-3,-2.38707E-3,-2.71657E-3,-3.33699E-3,-3.34372E-3,-3.52395E-3,-3.94947E-3,-4.57559E-3,-4.54852E-3,-4.92541E-3,-5.16119E-3,-4.92680E-3,-6.18879E-3,-6.99611E-3,-7.15063E-3,-6.58288E-3,-6.13094E-3,-7.04020E-3,-6.81765E-3,-6.99913E-3,-6.79904E-3,-7.03578E-3,-6.78127E-3,-6.53655E-3,-7.34177E-3,-6.94898E-3,-6.76204E-3,-7.37600E-3,-7.47387E-3,-7.81824E-3,-6.90569E-3,-7.22669E-3,-7.18720E-3,-7.11909E-3,-7.64921E-3,-7.60314E-3,-6.95411E-3,-6.34785E-3,-6.17927E-3,-6.11949E-3,-5.83691E-3,-6.44678E-3,-6.49257E-3,-5.81667E-3,-5.75018E-3,-5.62588E-3,-5.66733E-3,-5.84342E-3,-5.61719E-3,-5.55673E-3,-5.79506E-3,-6.17982E-3,-6.13682E-3
1.52567E+3,NaN,NaN,-3.89146E-5,-5.32786E-5,-1.53065E-6,2.79624E-4,-1.22095E-4,-1.27004E-4,1.05868E-4,1.83710E-4,-4.06323E-5,-2.16208E-4,-1.06888E-4,5.96499E-5,2.26188E-4,2.69950E-4,-6.76859E-5,1.21752E-4,5.90271E-5,1.12587E-4,-2.15487E-4,1.38445E-4,3.51162E-4,3.24038E-5,-1.45356E-4,-2.36075E-4,-2.78349E-5,-2.85571E-4,3.10515E-4,4.62307E-4,-4.99373E-4,1.11779E-4,-2.16513E-5,-3.01173E-4,-1.20838E-4,1.79051E-4,-2.75089E-4,6.35744E-5,-1.89116E-5,1.46407E-4,1.30758E-5,3.17329E-5,8.02126E-5,3.30591E-4,-2.73618E-4,-6.35836E-4,2.63280E-4,-4.20466E-4,-1.40358E-4,-1.34868E-4,-2.40475E-4,-1.61836E-4,-6.29577E-4,-4.62956E-4,1.96967E-5,6.35755E-5,1.39384E-4,-1.05953E-3,2.34546E-3,-9.59942E-3,1.67489E-2,1.72762E-1,7.19281E-2,-2.40491E-1,-5.85730E-1,-6.34390E-1,-3.27266E-1,9.10106E-2,1.58936E-1,1.04257E-2,-1.47808E-3,3.04095E-3,1.10953E-3,2.24718E-3,1.75119E-3,7.28714E-4,5.13277E-4,1.18612E-3,8.21475E-5,1.04496E-4,3.69142E-4,-6.81453E-4,-4.84130E-4,-1.24637E-3,-1.26141E-3,-2.15517E-3,-2.29570E-3,-2.55495E-3,-2.21258E-3,-3.15756E-3,-2.84837E-3,-3.97487E-3,-3.94084E-3,-4.13070E-3,-4.26102E-3,-4.16542E-3,-4.85798E-3,-5.91213E-3,-6.37721E-3,-5.62671E-3,-6.39990E-3,-6.31155E-3,-5.63061E-3,-6.11905E-3,-5.82730E-3,-6.05150E-3,-6.47525E-3,-5.56087E-3,-6.29988E-3,-6.16357E-3,-6.61224E-3,-6.27484E-3,-6.89355E-3,-7.20673E-3,-6.52796E-3,-6.30189E-3,-6.01818E-3,-6.67372E-3,-6.68052E-3,-6.78441E-3,-6.01597E-3,-6.25847E-3,-5.56567E-3,-4.96229E-3,-5.78564E-3,-6.32879E-3,-5.48454E-3,-4.99792E-3,-4.85733E-3,-4.85284E-3,-5.50989E-3,-5.33252E-3,-5.33293E-3,-5.28571E-3,-5.32085E-3,-5.53697E-3,-5.21638E-3
1.52918E+3,NaN,NaN,-5.04109E-5,-2.33872E-4,-1.54229E-4,1.27412E-4,1.52229E-4,9.31425E-5,2.27601E-4,1.67859E-5,-2.01608E-4,-2.33299E-4,-8.94316E-5,5.78059E-5,1.16970E-4,-2.84909E-4,3.58279E-4,2.68375E-4,-2.32881E-4,3.23637E-4,1.25892E-4,-4.59560E-5,-3.65105E-5,5.17413E-4,7.25345E-5,-2.09070E-4,1.34039E-4,-2.89309E-4,4.47080E-4,1.48526E-4,-3.97803E-5,2.24182E-4,-1.46082E-4,1.32093E-4,-1.30424E-4,4.89714E-7,-9.96338E-5,1.70508E-4,1.39883E-4,3.91354E-4,1.63681E-4,1.37944E-4,-7.56389E-5,3.94707E-4,-1.71287E-4,-1.81647E-4,3.60722E-4,-5.72482E-4,-3.83352E-5,-6.85540E-5,-7.35938E-5,-1.60386E-4,2.12890E-4,1.13807E-4,-2.61660E-4,3.67058E-4,4.52133E-4,-6.20584E-4,1.76100E-3,-6.57282E-3,2.77924E-2,1.61195E-1,7.69354E-2,-2.35545E-1,-5.75458E-1,-6.25071E-1,-3.22670E-1,6.76798E-2,1.43084E-1,1.08681E-2,5.60301E-4,3.93082E-3,2.40462E-3,3.05189E-3,2.77206E-3,1.77012E-3,1.22626E-3,1.75166E-3,8.71022E-4,8.56684E-4,7.83390E-4,-9.73470E-5,7.11949E-5,-2.26176E-4,-6.22468E-4,-1.11737E-3,-1.31651E-3,-1.92162E-3,-1.83107E-3,-2.53367E-3,-2.72265E-3,-3.45427E-3,-3.26557E-3,-3.90424E-3,-3.89573E-3,-4.06722E-3,-4.70533E-3,-5.91317E-3,-6.07002E-3,-5.02989E-3,-5.41240E-3,-6.15251E-3,-5.58892E-3,-5.34041E-3,-5.64588E-3,-5.59026E-3,-5.33693E-3,-5.87612E-3,-5.94060E-3,-6.54362E-3,-6.09144E-3,-5.64143E-3,-6.36636E-3,-6.90974E-3,-5.88367E-3,-5.58766E-3,-5.82290E-3,-6.30973E-3,-6.61341E-3,-6.14748E-3,-5.82070E-3,-5.58190E-3,-5.00313E-3,-4.59210E-3,-5.39995E-3,-5.87840E-3,-5.05114E-3,-4.82020E-3,-4.98399E-3,-4.58284E-3,-4.47196E-3,-4.85874E-3,-4.95658E-3,-5.12546E-3,-4.89968E-3,-5.04903E-3,-4.86984E-3
1.53270E+3,NaN,NaN,-2.16191E-4,-5.49059E-5,1.29358E-4,1.36792E-4,4.57117E-5,-7.42231E-5,1.22170E-4,-1.24680E-4,-1.20545E-4,-5.70557E-5,-1.00332E-4,-1.43609E-4,-1.32579E-4,-9.03842E-5,-2.82447E-4,-2.27636E-4,-6.32881E-5,-1.53603E-5,6.38180E-5,2.56330E-4,-3.58405E-4,-3.07671E-4,5.76853E-5,1.79639E-5,-2.78371E-4,-2.60471E-4,-5.79573E-5,-2.35604E-4,-1.84161E-4,-2.17451E-4,-3.37934E-4,-3.02853E-4,-4.45960E-5,1.68370E-4,-2.04376E-4,-4.88257E-4,-3.14626E-4,-2.47725E-5,-2.73374E-4,-8.92693E-5,-3.35481E-4,-1.19284E-4,-4.78857E-5,-4.49196E-4,1.18843E-5,-4.42881E-5,2.77910E-4,-2.53366E-4,-5.97026E-4,-6.05818E-4,-2.58642E-4,-3.97484E-4,-3.41082E-4,-2.21521E-4,-3.60843E-5,3.01839E-4,8.77235E-4,-4.65648E-3,4.30067E-2,1.54671E-1,7.10361E-2,-2.45965E-1,-5.73504E-1,-6.08440E-1,-3.03943E-1,5.29684E-2,1.21316E-1,1.24507E-2,3.09775E-3,3.66546E-3,2.49688E-3,2.90414E-3,3.01025E-3,2.20476E-3,2.07605E-3,2.15591E-3,1.54224E-3,1.29987E-3,9.85480E-4,7.00062E-4,4.85271E-4,4.69440E-4,1.44222E-4,-7.38583E-4,-1.07601E-3,-1.41055E-3,-1.28759E-3,-1.95909E-3,-2.73267E-3,-3.18658E-3,-3.10541E-3,-2.76229E-3,-3.27488E-3,-3.83585E-3,-4.57253E-3,-5.42712E-3,-5.21963E-3,-4.83282E-3,-5.08445E-3,-6.02302E-3,-5.38274E-3,-5.50481E-3,-5.36252E-3,-5.24096E-3,-5.70868E-3,-5.62327E-3,-5.78112E-3,-5.74664E-3,-5.87619E-3,-5.50316E-3,-6.79463E-3,-6.64105E-3,-5.92867E-3,-5.64980E-3,-5.34120E-3,-6.12618E-3,-6.04856E-3,-5.58620E-3,-5.35532E-3,-5.32088E-3,-5.47691E-3,-4.76725E-3,-5.19119E-3,-5.08994E-3,-5.19934E-3,-4.66322E-3,-5.06488E-3,-4.65775E-3,-4.73285E-3,-4.77416E-3,-4.94678E-3,-4.46003E-3,-4.72899E-3,-4.59428E-3,-5.11642E-3
1.53622E+3,NaN,NaN,-9.82752E-5,2.45095E-4,6.16011E-5,1.31616E-5,-3.79802E-4,1.95815E-4,3.77452E-4,3.49208E-4,-7.97768E-5,-1.67129E-4,4.29756E-5,2.53081E-4,2.37745E-4,2.58506E-4,2.62648E-4,-2.40420E-4,6.22930E-5,5.14675E-4,1.86836E-4,2.22917E-4,3.03020E-4,4.47954E-5,3.99976E-5,-6.95395E-6,-2.58210E-4,-5.18774E-5,3.90230E-4,-1.02203E-5,-1.04486E-4,5.23443E-5,2.18855E-4,6.70713E-5,-1.13975E-4,-9.69062E-5,2.60715E-4,1.52866E-4,-2.73749E-4,-2.44390E-4,2.05263E-4,3.18049E-4,1.76134E-4,1.57038E-4,-5.59045E-5,-3.26000E-5,1.62997E-4,2.23903E-7,-8.79931E-5,-2.33603E-4,-4.93638E-4,-3.19323E-4,-9.53386E-5,8.41561E-5,6.90626E-5,3.15103E-4,-5.24501E-5,1.09144E-3,1.78802E-4,-4.33729E-3,5.71805E-2,1.57721E-1,6.66510E-2,-2.62723E-1,-5.84971E-1,-6.01772E-1,-2.87139E-1,4.50556E-2,9.82270E-2,1.45675E-2,5.09757E-3,3.94477E-3,3.90104E-3,4.43722E-3,4.06761E-3,2.98928E-3,3.23610E-3,3.11558E-3,2.11289E-3,2.30197E-3,1.90849E-3,1.13159E-3,1.27559E-3,1.14982E-3,7.84303E-4,-1.33835E-4,-8.75385E-4,-6.59768E-4,-5.60808E-4,-1.34367E-3,-1.89458E-3,-2.28831E-3,-2.54896E-3,-2.59048E-3,-3.09043E-3,-3.69251E-3,-4.07000E-3,-4.63383E-3,-5.33995E-3,-4.92679E-3,-5.02697E-3,-5.63044E-3,-4.80936E-3,-4.76889E-3,-5.11889E-3,-5.38327E-3,-5.23173E-3,-5.28306E-3,-5.09113E-3,-5.53139E-3,-5.71799E-3,-5.73277E-3,-5.86954E-3,-6.04120E-3,-5.79621E-3,-6.01824E-3,-5.11314E-3,-5.57665E-3,-5.53211E-3,-5.79662E-3,-5.15520E-3,-4.81198E-3,-5.11158E-3,-4.60290E-3,-4.72782E-3,-4.67865E-3,-4.49832E-3,-4.78301E-3,-4.20622E-3,-3.86387E-3,-4.42435E-3,-4.34595E-3,-4.47753E-3,-4.40005E-3,-4.14819E-3,-4.68598E-3,-4.63811E-3
1.53974E+3,NaN,NaN,-2.93676E-4,3.44114E-4,1.58645E-4,-1.97852E-4,1.13337E-4,9.37908E-5,-1.83037E-4,-6.12774E-4,-7.61154E-4,-6.83034E-4,-4.63705E-4,-2.44375E-4,1.12629E-4,1.92348E-4,-2.38428E-4,-3.14865E-4,-5.17209E-4,-3.18652E-4,-7.38782E-5,2.36802E-4,4.66154E-4,1.48822E-4,5.98653E-5,-2.21851E-4,-3.03261E-4,2.57875E-5,1.20189E-4,-3.82996E-4,-6.20289E-4,-1.81423E-4,-5.80365E-5,-5.49035E-5,-2.22361E-5,-6.17438E-5,-5.27410E-5,-1.73153E-4,-1.70410E-4,6.41392E-5,3.68198E-4,3.73491E-4,-2.59937E-4,-4.94323E-4,-4.81102E-4,-4.92069E-4,-5.53009E-4,-2.63388E-4,-2.81092E-4,-2.88726E-4,-3.04373E-4,-2.66088E-4,-1.94044E-4,-1.83552E-4,-3.02267E-4,1.48118E-4,-9.48863E-5,9.40147E-4,-5.14636E-4,-6.26077E-3,6.86927E-2,1.74274E-1,7.43057E-2,-2.74025E-1,-6.02436E-1,-5.98978E-1,-2.69629E-1,4.60610E-2,7.72278E-2,1.58892E-2,7.01358E-3,5.30636E-3,5.37424E-3,5.56639E-3,4.67759E-3,3.78863E-3,4.02280E-3,3.57599E-3,3.25706E-3,3.12357E-3,2.52760E-3,2.20176E-3,2.30488E-3,1.86929E-3,1.18106E-3,7.70149E-4,9.61338E-5,-1.35131E-4,-1.91370E-4,-3.53483E-4,-1.02198E-3,-2.02989E-3,-2.41665E-3,-2.29469E-3,-2.48787E-3,-2.90839E-3,-3.80645E-3,-4.31750E-3,-4.79698E-3,-3.68810E-3,-4.66599E-3,-5.29134E-3,-4.74648E-3,-5.29136E-3,-4.53365E-3,-4.65994E-3,-4.81912E-3,-4.83571E-3,-4.83055E-3,-5.48496E-3,-5.15257E-3,-4.92386E-3,-5.46915E-3,-5.59156E-3,-5.10730E-3,-5.23742E-3,-5.03205E-3,-4.71540E-3,-5.03164E-3,-5.44228E-3,-4.86380E-3,-4.29110E-3,-4.12415E-3,-3.65656E-3,-4.49092E-3,-4.02478E-3,-3.48741E-3,-3.85288E-3,-4.01353E-3,-3.38487E-3,-3.72805E-3,-3.72030E-3,-3.85056E-3,-3.92683E-3,-4.07631E-3,-4.05082E-3,-3.92273E-3
1.54325E+3,NaN,NaN,-2.34425E-5,4.81402E-4,-4.10959E-4,6.50397E-5,-5.80536E-4,3.30241E-5,3.38974E-4,1.21920E-4,-3.53053E-4,-3.34898E-4,-1.65416E-4,4.06611E-6,-3.08258E-4,1.51277E-4,2.25267E-4,3.77925E-5,3.32864E-4,8.72805E-5,-2.31897E-4,3.22775E-4,6.92517E-4,3.13306E-4,-2.02545E-4,2.28630E-5,-3.20843E-4,3.80691E-4,4.28472E-4,1.42174E-5,-2.90140E-4,-1.64322E-4,8.98806E-6,2.67320E-4,-1.07247E-5,-1.55481E-4,6.99735E-5,4.61600E-5,4.17801E-4,9.79717E-6,-2.41458E-4,2.15143E-4,2.24387E-4,2.21042E-5,-3.26122E-5,2.51935E-4,1.62378E-4,-2.20067E-4,2.25830E-4,-2.42709E-4,-9.24660E-4,-2.63863E-4,9.39490E-7,3.16926E-5,1.77770E-6,5.00911E-4,-9.48239E-6,1.12696E-3,4.64565E-5,-8.02461E-3,7.59686E-2,1.92987E-1,7.79590E-2,-2.94781E-1,-6.33142E-1,-5.99050E-1,-2.48865E-1,5.78892E-2,5.89717E-2,1.73551E-2,7.56399E-3,6.13859E-3,6.05089E-3,6.17714E-3,5.00584E-3,4.38285E-3,4.89887E-3,4.40561E-3,3.80054E-3,3.75093E-3,3.24826E-3,2.66148E-3,2.85194E-3,2.71330E-3,2.20195E-3,1.18929E-3,2.65016E-4,6.41171E-4,2.34695E-4,-2.99532E-5,-9.92719E-4,-1.12857E-3,-1.15230E-3,-1.45165E-3,-2.03493E-3,-2.26531E-3,-2.85133E-3,-4.08302E-3,-4.41966E-3,-3.68388E-3,-3.95897E-3,-4.58630E-3,-4.21304E-3,-4.22375E-3,-3.99101E-3,-3.92581E-3,-4.86636E-3,-5.09699E-3,-4.54381E-3,-4.56960E-3,-4.49275E-3,-4.74728E-3,-5.40582E-3,-5.38632E-3,-4.93206E-3,-4.39858E-3,-4.47223E-3,-4.83050E-3,-4.63444E-3,-4.84122E-3,-4.06517E-3,-2.78596E-3,-4.26008E-3,-3.54492E-3,-3.42738E-3,-3.67025E-3,-3.59975E-3,-2.83764E-3,-3.28271E-3,-3.01207E-3,-3.15335E-3,-3.17131E-3,-3.32138E-3,-3.28421E-3,-2.93983E-3,-4.11496E-3,-3.08378E-3
1.54677E+3,NaN,NaN,-1.59809E-4,-1.26826E-4,-2.06007E-4,-2.34277E-4,1.34592E-4,3.84595E-4,1.77549E-4,6.12575E-5,3.94679E-4,3.06597E-4,1.26615E-4,-5.33662E-5,-2.91551E-5,1.83253E-4,-3.23878E-4,-2.72726E-4,-5.03013E-4,1.82489E-4,4.94393E-4,-6.10001E-5,1.07821E-4,3.57123E-4,-3.18527E-4,-6.75225E-4,-7.78575E-4,5.75506E-4,7.95305E-4,-4.64195E-4,-5.39335E-4,-5.20900E-4,1.60898E-4,2.42293E-4,6.95906E-5,-1.44673E-4,-2.82423E-4,-6.02337E-4,6.61693E-4,-4.20936E-4,-5.28641E-4,-3.81625E-4,-4.03731E-4,-5.33352E-4,1.32295E-4,4.79036E-4,6.17691E-4,1.84347E-4,4.02164E-4,-7.28225E-4,-9.36801E-4,1.67845E-4,4.44646E-4,4.65941E-4,4.70412E-4,1.45531E-3,-2.41861E-4,6.69712E-4,5.54966E-4,-1.07126E-2,7.85350E-2,2.17487E-1,8.93287E-2,-3.15841E-1,-6.73310E-1,-6.06065E-1,-2.33066E-1,7.28186E-2,4.45524E-2,1.90247E-2,7.72377E-3,6.89100E-3,7.44025E-3,7.74810E-3,5.75730E-3,6.32631E-3,5.94260E-3,4.94632E-3,4.40856E-3,4.96815E-3,4.21462E-3,4.20280E-3,3.69834E-3,3.18921E-3,2.31312E-3,1.64618E-3,1.53311E-3,1.38192E-3,1.11165E-3,5.20420E-4,-7.23729E-4,-1.02118E-3,-1.41179E-3,-1.26051E-3,-1.77129E-3,-2.15849E-3,-2.41669E-3,-3.38751E-3,-3.89180E-3,-3.19687E-3,-3.63173E-3,-4.37811E-3,-3.65742E-3,-3.68855E-3,-4.21652E-3,-4.26644E-3,-4.25884E-3,-4.45736E-3,-4.26190E-3,-4.33378E-3,-4.40876E-3,-4.41756E-3,-5.57394E-3,-5.20556E-3,-4.34912E-3,-4.10197E-3,-3.81243E-3,-4.58622E-3,-4.44696E-3,-5.05000E-3,-4.31520E-3,-3.42368E-3,-2.98290E-3,-2.23247E-3,-3.15270E-3,-3.70023E-3,-4.00416E-3,-2.53600E-3,-2.96847E-3,-3.14287E-3,-2.79215E-3,-2.79854E-3,-3.76754E-3,-2.65257E-3,-2.99373E-3,-3.36992E-3,-3.38626E-3
1.55029E+3,NaN,NaN,5.71507E-4,1.36762E-5,1.41550E-4,4.26050E-5,-3.26187E-4,-5.36841E-4,4.81714E-4,-2.59550E-4,-4.15345E-4,-5.93720E-4,-7.96416E-4,-9.99111E-4,-1.00529E-6,2.33080E-4,-7.44666E-4,-1.60696E-4,4.09582E-5,5.02648E-4,-2.28613E-4,2.36165E-4,5.78986E-4,5.06879E-4,-2.53118E-4,3.18130E-4,-1.56272E-3,7.89936E-5,-3.44172E-4,5.59539E-5,6.12040E-5,-7.71493E-4,1.16871E-4,2.52954E-4,-4.84194E-4,-8.80575E-4,-9.48584E-4,3.73466E-5,9.82337E-4,-2.85500E-4,4.70645E-4,-4.05588E-4,-3.28314E-4,4.68515E-5,3.76525E-5,-2.69372E-4,-2.81809E-4,-1.17695E-4,4.20863E-4,-5.05270E-4,-3.84293E-4,7.58785E-4,3.63602E-4,3.54952E-4,3.85116E-4,6.98780E-4,1.02202E-3,-6.21162E-4,2.39605E-3,-1.27835E-2,7.35218E-2,2.47765E-1,1.11043E-1,-3.28407E-1,-7.28244E-1,-6.23580E-1,-2.25626E-1,8.84485E-2,3.23716E-2,1.84741E-2,6.72351E-3,7.56557E-3,7.45233E-3,8.12225E-3,5.93271E-3,5.13111E-3,6.87935E-3,4.47574E-3,4.90433E-3,5.54515E-3,4.44875E-3,4.62722E-3,4.51741E-3,3.77936E-3,2.66906E-3,2.10872E-3,1.71855E-3,1.27640E-3,1.60350E-3,9.10541E-4,-9.21801E-4,-5.65927E-4,-7.35971E-4,-3.71044E-4,-1.50921E-3,-1.14626E-3,-2.54349E-3,-2.99154E-3,-3.08727E-3,-2.54253E-3,-3.49221E-3,-3.74221E-3,-3.22057E-3,-3.50879E-3,-3.15217E-3,-3.38981E-3,-3.56999E-3,-3.78150E-3,-3.59721E-3,-4.09014E-3,-3.94246E-3,-3.56642E-3,-4.65224E-3,-4.65732E-3,-4.09265E-3,-3.89059E-3,-3.26728E-3,-3.18062E-3,-4.29112E-3,-3.63241E-3,-3.32808E-3,-4.18190E-3,-3.24790E-3,-1.97649E-3,-2.51541E-3,-3.51968E-3,-3.50550E-3,-2.59743E-3,-2.35264E-3,-1.90301E-3,-2.23595E-3,-2.49314E-3,-2.77409E-3,-2.52688E-3,-2.34419E-3,-2.63925E-3,-2.17353E-3
1.55381E+3,NaN,NaN,-2.36507E-4,3.31575E-4,4.90665E-4,-1.54704E-4,-3.71442E-4,1.85041E-6,3.13021E-4,-5.09254E-4,-4.41877E-4,-3.60439E-4,-2.78460E-4,-2.03912E-4,-1.71838E-4,-1.14796E-4,-1.20007E-4,-9.53095E-6,-1.91739E-5,-1.89185E-4,3.38816E-4,3.09480E-4,5.62327E-4,-3.15369E-4,-5.25112E-5,-6.11109E-4,-5.60209E-4,-3.87455E-4,-2.65014E-4,2.86264E-4,-3.48762E-4,-3.35013E-6,-1.76935E-4,-4.07257E-4,-5.13953E-4,1.98644E-4,-1.83725E-4,-3.19652E-4,7.28872E-4,-2.21426E-4,5.53372E-6,-3.30156E-5,-5.09188E-6,-5.15252E-4,-4.79904E-4,6.20497E-5,-8.12872E-5,-4.36674E-4,-4.77033E-4,-5.80945E-4,-7.71392E-4,-4.30707E-4,1.72520E-4,-1.24231E-4,2.95576E-4,6.12518E-4,1.40567E-4,-1.16275E-3,1.13233E-3,-2.33725E-3,8.38907E-2,2.39997E-1,9.51508E-2,-3.38372E-1,-7.15347E-1,-5.94549E-1,-2.20573E-1,6.48660E-2,3.14064E-2,1.90366E-2,7.94922E-3,8.10612E-3,7.97115E-3,8.64503E-3,6.39294E-3,6.25009E-3,6.75381E-3,5.36111E-3,5.40703E-3,5.58773E-3,5.26573E-3,4.66659E-3,4.84119E-3,3.79626E-3,3.31900E-3,2.71425E-3,2.50598E-3,2.43089E-3,1.57742E-3,1.54422E-3,3.89177E-4,2.28022E-4,-3.04444E-4,-1.63749E-4,-1.26559E-3,-9.33054E-4,-1.45090E-3,-2.97017E-3,-2.90536E-3,-2.14167E-3,-3.11443E-3,-3.51777E-3,-2.41272E-3,-2.43516E-3,-2.96535E-3,-2.87012E-3,-3.05747E-3,-3.37726E-3,-3.32612E-3,-2.73922E-3,-3.09799E-3,-3.86325E-3,-4.64049E-3,-3.84691E-3,-3.61898E-3,-3.67370E-3,-2.63268E-3,-3.37680E-3,-3.57051E-3,-3.53102E-3,-3.36263E-3,-2.87919E-3,-3.04208E-3,-2.37714E-3,-2.03152E-3,-3.15428E-3,-1.97365E-3,-1.93100E-3,-2.54910E-3,-2.17643E-3,-2.02903E-3,-2.47443E-3,-2.65662E-3,-2.25504E-3,-2.09137E-3,-2.29185E-3,-1.98903E-3
1.55733E+3,NaN,-3.39034E-4,-4.26993E-5,-4.93933E-5,-1.16056E-4,-1.75310E-4,2.75450E-5,7.25339E-4,3.16119E-4,3.97902E-4,-4.36638E-6,-9.49816E-5,-1.85597E-4,-5.49460E-5,3.67430E-4,1.50941E-4,3.24932E-4,6.50402E-4,9.19279E-4,1.69949E-4,9.21113E-5,4.34841E-4,5.65060E-4,-2.07742E-4,1.40417E-4,2.84308E-4,3.76993E-4,9.69795E-4,-7.72873E-5,-2.34512E-4,2.43826E-4,-2.34127E-5,4.73592E-4,2.06029E-4,1.60760E-4,6.40185E-4,3.36971E-4,4.24283E-4,4.91468E-4,6.56438E-4,5.43986E-4,1.52906E-4,-1.44148E-4,-3.84298E-4,-2.66104E-4,1.01377E-4,-3.62782E-4,-8.45494E-4,-1.88489E-4,-4.00869E-4,3.40308E-4,6.82536E-4,-2.65299E-5,2.03796E-4,9.67097E-4,1.16153E-3,-3.82373E-4,-3.28950E-5,-5.78626E-4,4.02246E-3,9.98761E-2,2.33013E-1,7.67828E-2,-3.59731E-1,-7.05547E-1,-5.71563E-1,-2.12955E-1,4.37720E-2,3.37590E-2,1.96420E-2,1.09992E-2,1.06517E-2,9.96044E-3,9.89497E-3,8.75452E-3,8.93796E-3,8.81112E-3,7.28525E-3,7.01737E-3,7.38148E-3,6.67969E-3,5.69744E-3,6.23574E-3,5.62312E-3,4.31440E-3,4.24598E-3,4.49119E-3,4.09301E-3,2.96592E-3,2.57009E-3,1.62949E-3,1.34842E-3,1.35770E-3,8.69074E-4,5.12218E-4,4.84494E-4,-6.06317E-4,-1.94299E-3,-2.12020E-3,-1.39307E-3,-2.23744E-3,-2.29475E-3,-1.74002E-3,-1.88127E-3,-2.23804E-3,-2.26103E-3,-2.34977E-3,-2.10403E-3,-2.54170E-3,-2.72896E-3,-2.59888E-3,-2.80998E-3,-3.74646E-3,-3.05045E-3,-3.02762E-3,-3.27051E-3,-1.89823E-3,-2.58613E-3,-2.56657E-3,-3.09934E-3,-1.82581E-3,-1.28380E-3,-2.17727E-3,-1.12337E-3,-1.60408E-3,-1.64635E-3,-1.44421E-3,-1.39372E-3,-1.30632E-3,-9.09072E-4,-1.38080E-3,-1.24838E-3,-6.36384E-4,-1.40640E-3,-1.22822E-3,-1.52058E-3,-9.97592E-4
1.56085E+3,NaN,-3.96664E-5,-5.52069E-5,5.25165E-5,1.08745E-4,-3.99307E-4,-7.96031E-5,4.56914E-4,3.70682E-4,-2.01650E-4,2.71021E-5,-7.23934E-5,-1.71889E-4,1.01628E-4,2.24664E-4,-1.53885E-4,3.16215E-5,2.81193E-4,2.91591E-4,-9.42430E-5,2.21667E-4,4.20096E-4,2.28512E-4,2.23426E-4,-1.12172E-5,-2.56823E-4,1.53196E-4,6.24171E-4,2.56911E-4,-1.18275E-4,-4.19871E-5,-1.36600E-4,5.24900E-4,4.38965E-4,-9.82297E-5,-4.29132E-4,-7.03528E-4,6.36433E-5,3.95457E-4,-1.48078E-4,-8.74276E-5,-1.50176E-4,-5.13565E-4,-7.26105E-4,-1.53962E-4,1.39285E-5,3.13667E-5,1.85581E-4,7.69555E-5,-3.24767E-4,-5.49789E-4,-1.69045E-4,-9.54870E-5,-4.17027E-4,1.93298E-4,1.15909E-3,-4.55112E-4,-6.73897E-5,-1.78499E-3,6.23268E-3,1.15905E-1,2.33218E-1,5.92311E-2,-3.92214E-1,-6.99250E-1,-5.48260E-1,-1.98346E-1,2.56408E-2,2.99246E-2,1.79743E-2,1.21548E-2,1.09512E-2,1.09099E-2,1.06549E-2,9.20883E-3,8.60487E-3,7.98867E-3,7.33398E-3,7.67879E-3,7.70657E-3,6.56122E-3,6.06321E-3,6.36291E-3,5.36617E-3,4.57281E-3,4.03799E-3,4.05504E-3,4.02219E-3,3.31887E-3,2.62246E-3,1.65117E-3,1.28125E-3,1.56625E-3,1.42263E-3,4.41282E-4,3.79648E-4,-9.68873E-4,-1.45602E-3,-1.71829E-3,-1.08930E-3,-1.74785E-3,-2.06076E-3,-1.84475E-3,-2.04481E-3,-1.84720E-3,-1.93858E-3,-2.43640E-3,-2.38191E-3,-2.13560E-3,-2.66580E-3,-2.50828E-3,-2.84695E-3,-3.03428E-3,-2.19205E-3,-2.24877E-3,-2.43776E-3,-1.67416E-3,-2.74953E-3,-2.20130E-3,-2.19975E-3,-1.86660E-3,-1.15814E-3,-1.93098E-3,-7.66745E-4,-1.22048E-3,-1.04296E-3,-1.27367E-3,-9.30823E-4,-5.79498E-4,-5.08958E-4,-7.85368E-4,-6.85415E-4,-6.65486E-4,-3.65287E-4,-1.27796E-3,-1.14831E-3,-8.02606E-4
1.56438E+3,NaN,1.10205E-4,3.96911E-5,5.44163E-4,1.37611E-4,-5.75347E-4,-2.91979E-4,1.07549E-4,5.21123E-4,-4.76157E-5,7.11705E-4,3.66867E-4,2.20291E-5,-1.48870E-4,-1.21331E-6,-3.23160E-4,-1.83665E-5,5.56726E-4,2.56218E-4,-3.45282E-4,-8.12965E-5,-2.77689E-5,1.66917E-4,5.09348E-4,1.30603E-4,-2.93622E-4,1.67702E-4,6.28258E-4,-2.44070E-5,-2.92961E-4,5.51947E-4,6.26681E-4,4.00275E-4,3.69915E-4,6.04392E-4,5.01479E-4,-8.05007E-5,7.16257E-4,6.82839E-4,5.41768E-5,3.85513E-4,3.85244E-4,-7.45555E-5,-8.07765E-5,6.32224E-5,-2.79204E-4,-2.42489E-4,5.53904E-4,5.87410E-4,3.08091E-6,2.01682E-4,-9.32804E-5,-3.00359E-4,2.78785E-4,1.11158E-3,5.33181E-4,-7.16643E-4,8.79091E-4,-2.18014E-3,6.18812E-3,1.33650E-1,2.38973E-1,4.50887E-2,-4.39809E-1,-7.04716E-1,-5.34238E-1,-1.81100E-1,1.71965E-2,2.81336E-2,1.69491E-2,1.27666E-2,1.06583E-2,1.08032E-2,9.77376E-3,8.90286E-3,9.45233E-3,9.12404E-3,8.34991E-3,8.05375E-3,7.70823E-3,7.16982E-3,7.11227E-3,6.55941E-3,5.53508E-3,4.99471E-3,4.70722E-3,4.72002E-3,4.25627E-3,3.68832E-3,2.29791E-3,1.26504E-3,1.39535E-3,1.65313E-3,6.37938E-4,-9.29588E-5,3.79107E-4,-6.54533E-4,-2.20913E-3,-1.62160E-3,-5.35770E-4,-1.65566E-3,-2.32824E-3,-1.37140E-3,-1.29311E-3,-2.13026E-3,-2.04044E-3,-1.84315E-3,-2.04643E-3,-2.39135E-3,-2.34885E-3,-1.63479E-3,-2.14817E-3,-2.77649E-3,-2.44911E-3,-1.70112E-3,-1.27441E-3,-2.04614E-3,-2.94222E-3,-1.61260E-3,-2.52325E-3,-1.96300E-3,-3.38766E-4,-2.73171E-3,9.81287E-5,-7.73681E-4,-1.11559E-3,-1.53642E-3,-8.29947E-4,-1.16437E-3,7.59805E-5,-9.55734E-4,-4.06596E-4,-9.20305E-4,-9.20472E-4,-1.16897E-3,-7.56115E-4,-3.65149E-4
1.56790E+3,NaN,4.69051E-4,3.22783E-4,-2.26704E-4,2.40281E-4,-5.91667E-4,-1.01191E-4,-1.31953E-4,1.47120E-4,-5.58971E-4,2.94250E-4,2.53305E-4,2.12360E-4,1.17933E-4,-1.38563E-5,-1.39319E-5,-1.46590E-4,3.06257E-4,1.14702E-3,7.70912E-4,6.35393E-4,2.56536E-4,5.59678E-4,4.67217E-4,-2.62341E-4,-6.05156E-4,3.91670E-4,-6.19673E-4,-8.53373E-4,-4.41897E-4,-2.05872E-4,2.27201E-4,2.94405E-4,4.30059E-5,-2.20146E-4,-5.55274E-4,-6.35094E-4,5.04555E-4,1.30644E-4,2.69758E-4,5.09276E-5,1.23224E-4,-1.02560E-3,-3.77256E-4,7.07479E-5,4.65923E-4,7.49547E-4,3.34363E-4,-2.21859E-4,-3.06650E-4,3.41649E-4,7.02714E-4,2.12167E-4,1.70373E-4,1.35799E-3,-2.00558E-4,-1.07662E-3,9.15605E-4,-2.08486E-3,2.24978E-3,1.46443E-1,2.46330E-1,3.70086E-2,-4.89320E-1,-7.04913E-1,-5.17355E-1,-1.60509E-1,1.42378E-2,2.55950E-2,1.78520E-2,1.41376E-2,1.28521E-2,1.32004E-2,1.14748E-2,9.82751E-3,1.00335E-2,9.74401E-3,8.88294E-3,9.38654E-3,8.56839E-3,7.48386E-3,7.57829E-3,7.29807E-3,6.56768E-3,5.74857E-3,5.69128E-3,5.39282E-3,4.42740E-3,4.53098E-3,3.94158E-3,2.60957E-3,2.14051E-3,2.56444E-3,1.13603E-3,8.47206E-4,1.38177E-3,-1.07450E-4,-9.93192E-4,-7.02432E-4,1.10769E-4,-7.51943E-4,-7.07949E-4,-6.35432E-4,-9.76263E-4,-9.13112E-4,-1.82332E-3,-2.19965E-3,-1.50160E-3,-1.54702E-3,-1.42415E-3,-9.04994E-4,-1.87004E-3,-2.94634E-3,-2.69207E-3,-2.31642E-3,-1.40500E-3,-2.67952E-4,-2.58529E-3,-1.83240E-3,-2.41576E-3,-5.93703E-4,1.89127E-4,-9.96041E-5,-1.13037E-4,1.43994E-4,-1.17936E-3,-8.63983E-5,-1.14679E-4,1.63686E-4,-4.85456E-4,-4.87016E-4,-1.12261E-3,2.41704E-4,8.12789E-5,2.26106E-5,-2.18912E-4,-2.90619E-4
1.57142E+3,NaN,6.10446E-4,5.57221E-4,8.40168E-5,-8.12331E-5,-6.82561E-4,-1.06736E-4,-1.70850E-4,1.14017E-3,1.36319E-4,3.03173E-4,4.68929E-4,6.34685E-4,3.20392E-4,3.34963E-4,-1.23699E-4,-4.08886E-4,6.57040E-4,8.23899E-4,7.85178E-4,2.05183E-4,1.24029E-3,7.45980E-4,1.38955E-3,1.34649E-4,-5.18857E-4,1.78545E-3,1.32796E-3,-4.10650E-5,-2.63501E-4,-1.37141E-4,2.61107E-4,-4.86249E-4,6.09110E-4,5.66235E-4,-3.43437E-4,-4.05381E-4,4.85141E-4,6.71652E-4,-2.38388E-4,-2.79883E-4,3.43871E-4,2.17236E-4,-1.63392E-4,1.21378E-4,1.99522E-4,-1.77575E-4,4.65445E-4,3.76879E-4,7.05441E-4,6.40320E-4,1.04542E-4,2.60331E-4,1.46657E-4,1.66828E-3,-1.73942E-4,3.62467E-4,5.91005E-4,-1.08566E-3,-3.87624E-3,1.60433E-1,2.69355E-1,4.48103E-2,-5.50295E-1,-7.17177E-1,-5.11237E-1,-1.41609E-1,2.05485E-2,2.12473E-2,2.04343E-2,1.48777E-2,1.25415E-2,1.37757E-2,1.17308E-2,1.08463E-2,1.17734E-2,1.04505E-2,9.49382E-3,1.00684E-2,1.00992E-2,9.17195E-3,9.25355E-3,8.83397E-3,7.76731E-3,6.62954E-3,6.52352E-3,6.30502E-3,5.34381E-3,5.86520E-3,4.50849E-3,3.85516E-3,2.47199E-3,3.13066E-3,1.93792E-3,1.90393E-3,2.51986E-3,1.67502E-3,3.45619E-4,1.83190E-4,1.71550E-4,-1.33918E-3,-9.36565E-4,-5.19260E-4,-8.88359E-4,-6.84657E-4,-8.94507E-4,-1.05031E-3,-9.03043E-4,-1.55182E-3,-1.50124E-3,-1.22584E-3,-1.61017E-3,-1.42382E-3,-8.46234E-4,-5.25561E-4,-7.91889E-4,2.66795E-4,-1.23903E-3,-9.41270E-4,-7.28301E-4,-1.21560E-3,6.37267E-4,2.65656E-4,9.71294E-4,1.77574E-3,-7.88281E-4,-3.88648E-4,2.66638E-4,1.62149E-4,6.85506E-4,2.84367E-4,-1.08373E-4,9.37705E-4,1.16494E-3,9.19794E-4,2.99353E-4,1.51461E-3
1.57494E+3,NaN,-1.69269E-4,-1.40891E-4,3.57789E-4,8.66409E-4,-5.68409E-4,-4.14419E-4,3.89885E-4,8.08325E-4,2.78838E-4,-2.41249E-4,-3.74030E-4,-5.06811E-4,-4.56840E-4,-1.15276E-4,-4.61787E-5,3.42088E-4,1.92291E-4,3.69112E-4,-2.22472E-4,-1.47191E-4,-9.92469E-5,1.18079E-3,2.06558E-4,9.79647E-5,-1.17356E-3,1.68764E-3,1.15826E-3,4.57986E-5,1.36822E-4,4.16154E-4,1.35461E-4,1.03745E-3,-1.75104E-4,1.70093E-5,-1.94365E-3,-1.49067E-3,1.13556E-3,-1.21078E-4,4.41101E-4,-6.62651E-5,-6.69056E-4,-1.05979E-4,-9.02590E-4,-2.10740E-4,-1.58647E-4,-2.53879E-4,3.99481E-5,7.86566E-4,-5.97350E-4,1.73823E-4,-8.63927E-5,4.75532E-4,-3.55855E-4,2.08798E-3,-6.80714E-4,8.40052E-4,4.25053E-4,1.03404E-3,-1.11227E-2,1.70625E-1,2.96428E-1,6.06842E-2,-6.16265E-1,-7.36122E-1,-5.05209E-1,-1.18711E-1,3.38032E-2,1.41416E-2,2.17285E-2,1.42676E-2,1.28910E-2,1.51619E-2,1.20944E-2,1.17638E-2,1.19593E-2,1.12958E-2,1.09033E-2,1.13084E-2,9.97659E-3,1.01374E-2,1.04221E-2,8.34578E-3,7.84246E-3,6.33386E-3,6.17357E-3,5.71859E-3,5.70936E-3,4.49105E-3,5.01195E-3,4.02343E-3,3.35969E-3,4.32194E-3,1.41031E-3,2.85197E-3,2.69704E-3,1.44461E-3,3.33991E-4,1.89738E-4,9.58879E-4,1.37232E-4,-5.51945E-4,-9.63638E-4,-6.52399E-4,-3.36592E-4,-1.19418E-3,-1.48643E-3,-6.05216E-4,-4.92646E-4,-2.75152E-4,-9.85070E-5,-9.16808E-4,-1.28712E-3,-9.88422E-4,-7.53205E-4,-1.05445E-3,-1.77455E-4,-1.32794E-3,-3.67801E-4,-2.48752E-4,6.55471E-4,1.89893E-3,-1.89018E-4,9.95301E-4,1.80047E-3,-6.96831E-4,4.55781E-4,1.54020E-3,1.47668E-3,3.37857E-4,5.64236E-4,8.46514E-4,-1.17117E-4,2.05605E-3,1.26609E-3,9.88336E-4,9.06002E-4
1.57847E+3,NaN,6.29962E-4,1.76858E-4,-3.92553E-4,8.20175E-4,2.01285E-4,-1.12829E-3,1.47695E-4,1.25003E-3,3.82429E-4,9.56175E-4,4.70855E-4,4.00271E-5,2.28916E-4,1.14503E-3,5.61184E-4,8.88260E-4,7.57280E-4,2.78026E-4,6.50843E-4,8.58675E-4,-8.20109E-5,4.76719E-4,3.78432E-4,2.06637E-5,7.24433E-4,2.93872E-3,-2.08791E-4,1.53369E-3,7.54635E-4,8.00390E-5,2.47069E-4,3.72165E-7,1.43581E-4,3.93963E-4,6.11919E-4,8.36614E-4,-1.18124E-4,-4.94965E-4,1.05422E-3,8.32627E-4,-7.67695E-4,-5.69573E-4,1.14797E-4,4.38356E-4,8.15830E-4,2.47187E-4,7.01808E-4,-1.15951E-3,-3.09345E-4,1.69013E-3,8.72024E-4,6.59005E-4,1.30288E-3,2.45270E-3,4.06877E-4,1.94462E-3,1.27941E-3,2.23850E-4,-7.34984E-4,1.69289E-1,2.81989E-1,3.16696E-2,-6.29835E-1,-7.18433E-1,-4.89698E-1,-1.18236E-1,4.19138E-2,9.13568E-3,2.46077E-2,1.53729E-2,1.47338E-2,1.60953E-2,1.27419E-2,1.30524E-2,1.36699E-2,1.23394E-2,1.23977E-2,1.21411E-2,1.16477E-2,1.11160E-2,1.16284E-2,1.00813E-2,9.92650E-3,8.17467E-3,8.38546E-3,7.67112E-3,6.56824E-3,6.33878E-3,5.13833E-3,5.20505E-3,4.52303E-3,4.76232E-3,3.69974E-3,4.28333E-3,3.10984E-3,2.83275E-3,1.61324E-3,1.26903E-3,1.28092E-3,1.21735E-4,-1.64262E-4,7.69351E-4,1.17621E-3,9.99926E-4,1.14180E-4,-7.13403E-4,2.11998E-4,2.38684E-4,-1.23701E-5,5.67352E-4,-5.22489E-4,-9.05799E-4,1.33085E-4,3.94590E-5,1.48657E-4,-1.11853E-4,6.03281E-4,3.09978E-5,-1.83057E-5,2.09450E-4,1.00752E-3,1.46594E-3,2.31446E-3,1.74583E-3,3.09514E-4,4.40019E-4,1.06545E-3,-7.48817E-4,2.44757E-3,2.84031E-3,2.10039E-3,1.80204E-3,2.32230E-3,3.90600E-3,1.94143E-3,2.23167E-3
1.58199E+3,NaN,-1.41485E-4,-5.43522E-4,5.55406E-4,2.32746E-4,-1.44250E-4,-3.52502E-4,2.67209E-4,3.77155E-4,2.75720E-4,2.29061E-4,6.43530E-4,8.12547E-4,2.88757E-5,-7.20643E-4,5.32787E-5,9.07823E-4,1.02014E-3,3.79785E-4,1.00983E-3,-2.28692E-4,5.77328E-4,-1.37721E-4,1.44342E-3,8.12197E-4,-4.36681E-5,1.27522E-3,6.14551E-4,-1.42251E-6,-2.97418E-4,6.78786E-4,8.74719E-4,9.70355E-4,8.89428E-4,-2.43277E-5,-2.74326E-4,-6.56646E-4,4.80531E-4,6.03138E-4,-2.91333E-4,3.80845E-4,-1.55760E-5,-8.11293E-4,-8.68743E-5,1.22138E-4,1.14455E-3,3.44407E-4,3.16977E-4,1.27177E-6,-2.85835E-5,-3.09502E-4,1.75767E-4,-8.29309E-5,5.29550E-4,1.72366E-3,6.31769E-4,9.90472E-4,4.32024E-4,-2.18112E-3,1.40671E-2,1.73435E-1,2.73007E-1,-1.49586E-2,-6.27778E-1,-7.03768E-1,-4.67996E-1,-1.18895E-1,3.47956E-2,9.12075E-3,2.29109E-2,1.57568E-2,1.60489E-2,1.66173E-2,1.33739E-2,1.37968E-2,1.30775E-2,1.33829E-2,1.21242E-2,1.20386E-2,1.17558E-2,1.18089E-2,1.19423E-2,9.88743E-3,9.56941E-3,8.65112E-3,9.72254E-3,8.14006E-3,7.06218E-3,6.27140E-3,5.53600E-3,5.37314E-3,5.28673E-3,5.16617E-3,3.10210E-3,4.38344E-3,3.59778E-3,2.73796E-3,1.55695E-3,1.63982E-3,2.08120E-3,1.07539E-3,7.24627E-4,2.49282E-3,1.99904E-3,1.12456E-3,1.11722E-3,5.41756E-4,1.33858E-3,1.58399E-3,6.20910E-4,-2.53345E-4,-8.98434E-4,-7.46511E-4,-2.66837E-4,8.62382E-4,1.17802E-3,1.44367E-3,2.50370E-3,1.17632E-3,4.14313E-4,9.70346E-4,1.57539E-3,2.57346E-3,1.11888E-3,3.08159E-3,8.98893E-4,2.08629E-3,1.23449E-3,1.50624E-3,2.97150E-3,2.22278E-3,1.61290E-3,2.39370E-3,3.05442E-3,2.86687E-3,2.46141E-3,2.65801E-3
1.58552E+3,NaN,3.96178E-4,4.20685E-4,-1.51031E-5,-4.48140E-4,-5.75384E-4,-1.24136E-4,1.18373E-4,-5.64896E-4,-6.00013E-4,-1.57269E-4,-1.94123E-4,3.37872E-4,2.70143E-4,-1.30623E-3,-7.78436E-4,-8.03767E-4,-5.27955E-4,2.52485E-4,4.06644E-4,2.59604E-4,6.99083E-4,-3.26745E-4,3.12144E-4,2.59784E-4,3.68231E-4,7.25783E-4,1.57375E-4,-4.57827E-4,-2.91632E-4,-2.65640E-4,-1.69919E-4,-1.00540E-4,-8.16717E-4,-1.38346E-3,-9.03703E-4,7.27016E-5,3.61255E-4,1.20310E-4,4.24228E-4,-2.45145E-4,-4.93423E-4,-4.58680E-4,-6.44895E-4,-7.46547E-4,-1.63329E-4,-2.65437E-4,-2.20436E-4,-7.26307E-4,-6.32984E-4,-3.15703E-4,-3.77780E-4,-2.87696E-4,5.14205E-4,1.55717E-3,9.40197E-4,2.37975E-4,3.86094E-4,-5.47384E-3,2.87697E-2,1.88086E-1,2.71051E-1,-7.14488E-2,-6.22806E-1,-6.78182E-1,-4.37183E-1,-1.03886E-1,3.22755E-2,9.36812E-3,2.25589E-2,1.72364E-2,1.63544E-2,1.65673E-2,1.44913E-2,1.47906E-2,1.34251E-2,1.36210E-2,1.34000E-2,1.40067E-2,1.36447E-2,1.23653E-2,1.13189E-2,1.06120E-2,9.81191E-3,9.35605E-3,9.60931E-3,9.15642E-3,7.55175E-3,6.40951E-3,6.27475E-3,5.70864E-3,5.45791E-3,4.43332E-3,3.44953E-3,4.68644E-3,3.64301E-3,3.62429E-3,2.31653E-3,1.96511E-3,2.04223E-3,7.89688E-4,1.06628E-3,1.22927E-3,-1.48862E-4,3.01863E-4,3.43170E-4,1.66129E-4,1.06847E-3,4.12670E-4,1.13281E-5,1.07471E-4,-2.67948E-4,-5.87325E-5,2.65236E-4,7.52370E-4,1.53484E-3,1.85962E-3,-5.56659E-5,1.15635E-3,1.17598E-3,5.58745E-4,1.37746E-3,9.50309E-4,1.90741E-3,2.21663E-3,1.28178E-3,9.59443E-4,1.18043E-3,1.40560E-3,3.53614E-3,1.78093E-3,1.07976E-3,1.13706E-3,2.58451E-3,1.72379E-3,2.11685E-3,1.05406E-3
1.58904E+3,NaN,-8.62008E-6,-1.78677E-4,-2.23437E-4,4.13895E-5,4.91240E-4,-6.46015E-5,7.32702E-5,3.91567E-4,-5.83695E-4,-1.21346E-3,-1.08308E-3,-8.18217E-4,-9.71829E-4,-6.97200E-4,-1.22606E-4,-1.08144E-3,-1.42964E-3,-5.70607E-5,1.24557E-4,2.31222E-5,-6.14808E-4,-8.59344E-4,-1.78259E-4,-1.77559E-3,-1.06369E-3,1.04762E-3,-8.63601E-5,-3.40456E-4,6.85579E-4,1.16777E-4,-3.06815E-4,-3.97491E-4,-6.53260E-4,-8.00455E-4,-1.17499E-3,-1.07841E-3,-5.22639E-4,-1.48911E-4,-4.05105E-4,-1.29465E-3,-1.48159E-3,-1.57223E-3,-1.14116E-3,-6.82128E-4,-2.47259E-4,4.87294E-4,-5.25295E-5,-3.10134E-4,-1.76323E-4,-9.00063E-4,-1.55725E-3,-1.63352E-3,-1.70488E-4,1.17044E-3,3.20020E-4,-6.01933E-4,1.84551E-3,-9.95392E-3,3.30233E-2,1.91350E-1,2.68373E-1,-1.32360E-1,-6.24062E-1,-6.65060E-1,-4.14303E-1,-8.91661E-2,2.52794E-2,1.13387E-2,2.17425E-2,1.73723E-2,1.68899E-2,1.54266E-2,1.36365E-2,1.40884E-2,1.45134E-2,1.48200E-2,1.37708E-2,1.38792E-2,1.34016E-2,1.25966E-2,1.24655E-2,1.06581E-2,9.72781E-3,1.00998E-2,1.03825E-2,9.23621E-3,6.67159E-3,6.04811E-3,6.04234E-3,5.70115E-3,5.44130E-3,4.10666E-3,4.83611E-3,4.88385E-3,3.38864E-3,3.68400E-3,7.04301E-4,8.99827E-4,8.78457E-4,1.14137E-3,1.49465E-3,1.55615E-3,1.24036E-3,3.04654E-4,1.42350E-5,-3.05405E-5,2.68559E-4,-6.40666E-4,-2.26517E-4,-8.53643E-5,-8.08944E-4,-1.23171E-3,4.78722E-4,7.37341E-4,3.88099E-4,1.02968E-3,-5.54427E-4,1.16260E-3,-3.98627E-4,2.57581E-4,2.00010E-3,7.99666E-4,7.87381E-4,2.08240E-3,-1.16210E-3,9.54938E-5,7.60896E-4,5.68448E-4,2.43996E-3,2.58706E-3,1.20100E-3,-2.47598E-4,3.36226E-3,2.92504E-3,2.59116E-3,2.61646E-3
1.59257E+3,NaN,-3.53388E-4,-4.59815E-6,8.54251E-4,1.17147E-3,-4.96797E-4,-8.93338E-4,-1.72418E-4,-1.11021E-4,3.17093E-4,-2.39395E-4,-7.82056E-4,-4.23638E-4,-1.01348E-3,-2.00657E-4,-2.64311E-4,-1.15053E-3,-7.69637E-4,1.49345E-4,-2.67607E-4,-5.66672E-4,1.82985E-4,1.90098E-3,1.45245E-3,-1.20119E-3,3.33311E-4,7.65406E-4,-1.30586E-4,-9.55006E-4,-1.21929E-3,7.66284E-5,-1.92261E-4,2.22617E-4,2.96787E-4,1.86414E-4,-1.13007E-3,-8.20065E-4,-7.71470E-4,-7.62803E-5,2.12375E-5,-3.42998E-4,-6.34854E-4,-9.59073E-4,-8.25072E-4,2.68359E-4,6.49696E-4,1.07444E-3,4.33478E-4,1.70713E-4,-2.62862E-4,-2.94996E-4,-1.51980E-4,-1.09759E-3,5.89039E-4,1.77266E-3,1.86665E-4,-9.12833E-5,1.97204E-3,-1.17339E-2,3.62833E-2,2.02689E-1,2.85389E-1,-1.98356E-1,-6.36664E-1,-6.59495E-1,-3.94760E-1,-6.50846E-2,1.79012E-2,1.17671E-2,1.97332E-2,1.59278E-2,1.61470E-2,1.66496E-2,1.55265E-2,1.40263E-2,1.41860E-2,1.36099E-2,1.42739E-2,1.37435E-2,1.27802E-2,1.32084E-2,1.38269E-2,1.16916E-2,1.10685E-2,1.04544E-2,9.73729E-3,9.10453E-3,8.43064E-3,7.55782E-3,6.00036E-3,5.36531E-3,5.68410E-3,5.44638E-3,4.73274E-3,5.28732E-3,5.25889E-3,3.68248E-3,2.92769E-3,3.75456E-3,2.17369E-3,1.95717E-3,2.37036E-3,3.87784E-3,2.40520E-3,1.85867E-3,1.47484E-3,1.30945E-3,1.90770E-3,1.97438E-3,2.03595E-3,1.44532E-3,1.09266E-3,7.43073E-4,1.64049E-3,1.73060E-3,8.38832E-4,3.16852E-3,1.59034E-3,2.32933E-3,7.69506E-4,1.10746E-3,2.69743E-3,1.92751E-3,2.78398E-3,4.10010E-3,1.44549E-3,3.08579E-3,3.59108E-3,3.30406E-3,3.44662E-3,3.05225E-3,3.24369E-3,3.40154E-3,2.71039E-3,2.99335E-3,2.76217E-3,3.37101E-3
1.59610E+3,NaN,-3.02798E-4,-8.12116E-4,4.55177E-4,5.78001E-4,3.86487E-4,1.39642E-4,1.10691E-3,1.49682E-3,1.22826E-4,-2.68352E-4,-1.71111E-4,1.28657E-3,1.91502E-4,1.68353E-3,2.19657E-3,2.35688E-3,7.68985E-4,4.82357E-4,1.34893E-3,1.15110E-3,7.17583E-4,2.42872E-3,4.64859E-4,-3.93678E-5,2.96098E-4,1.64451E-3,8.18310E-4,4.66995E-4,-1.36454E-3,3.41799E-4,8.07941E-4,6.90661E-4,-7.25505E-5,2.23195E-5,4.96930E-4,1.79277E-3,2.23023E-3,9.27477E-4,1.92329E-4,-6.08990E-5,-6.27635E-4,-3.47221E-4,5.09894E-4,4.16247E-4,9.27894E-4,9.62653E-4,-4.31027E-4,4.33132E-4,9.74296E-4,1.02460E-4,1.59520E-4,-3.10250E-4,2.88435E-3,1.66974E-3,5.39430E-4,-1.56375E-5,2.84058E-3,-1.42717E-2,3.31919E-2,2.12777E-1,3.08700E-1,-2.59042E-1,-6.45189E-1,-6.54035E-1,-3.76921E-1,-3.25319E-2,1.22029E-2,1.38688E-2,2.07900E-2,1.81819E-2,2.03053E-2,1.87931E-2,1.79489E-2,1.76810E-2,1.64723E-2,1.55763E-2,1.62965E-2,1.59062E-2,1.46365E-2,1.45965E-2,1.46734E-2,1.15511E-2,1.15110E-2,1.12740E-2,1.14887E-2,1.16470E-2,9.73526E-3,8.87988E-3,7.61814E-3,8.36737E-3,6.32505E-3,5.08520E-3,7.34643E-3,6.97474E-3,6.54915E-3,5.24116E-3,2.28501E-3,2.72583E-3,3.36179E-3,2.97107E-3,3.27155E-3,4.66036E-3,3.77013E-3,2.40652E-3,2.40221E-3,1.64456E-3,3.03460E-3,2.85747E-3,2.35177E-3,2.62254E-3,2.06586E-3,9.40576E-4,2.65460E-3,3.00584E-3,1.73603E-3,3.96292E-3,2.92172E-3,3.12469E-3,2.15265E-3,3.54160E-3,3.67537E-3,3.44379E-3,5.11872E-3,4.23987E-3,3.00936E-3,5.19130E-3,4.48643E-3,4.38258E-3,5.04378E-3,4.14732E-3,5.39845E-3,4.10091E-3,3.90441E-3,5.24746E-3,5.68225E-3,6.89470E-3
1.59963E+3,NaN,-2.10899E-4,-1.48514E-4,-1.50390E-4,-4.19291E-5,-3.60101E-4,5.10463E-4,9.46701E-4,1.00791E-3,3.52763E-4,2.17705E-4,4.43898E-4,-1.19822E-3,-2.37341E-3,1.51266E-4,2.72048E-4,-1.56270E-3,2.25526E-4,1.46000E-3,2.03445E-3,8.65950E-4,-1.39156E-4,3.12283E-5,-2.02053E-3,-3.29883E-3,1.18049E-4,1.58349E-3,-7.69149E-4,-2.42322E-3,-1.98937E-3,1.63217E-3,2.84418E-4,-4.22691E-4,-2.17903E-4,-4.97473E-4,-1.25018E-3,8.74204E-4,-5.15578E-4,3.34623E-4,5.26674E-5,-1.07443E-3,-6.83149E-4,-1.02638E-3,-3.27325E-4,-9.85779E-4,-6.99872E-4,4.62066E-4,3.67309E-4,-1.34846E-3,6.32587E-4,-1.48464E-3,1.31348E-4,-1.48142E-3,1.90542E-3,5.03782E-4,1.45184E-3,3.91763E-4,2.74296E-3,-1.70730E-2,2.93817E-2,2.36628E-1,3.51663E-1,-3.07098E-1,-6.60952E-1,-6.52435E-1,-3.49904E-1,1.42904E-2,8.77756E-3,1.26370E-2,2.11791E-2,1.87580E-2,2.07723E-2,1.89280E-2,1.69298E-2,1.73403E-2,1.58138E-2,1.67507E-2,1.77002E-2,1.57544E-2,1.36661E-2,1.38368E-2,1.61866E-2,1.36706E-2,1.20249E-2,1.24691E-2,1.09672E-2,9.11933E-3,9.48730E-3,9.31208E-3,6.51419E-3,7.38673E-3,7.53618E-3,5.49101E-3,6.73897E-3,5.84110E-3,5.62591E-3,4.41566E-3,2.18661E-3,3.82094E-3,3.84639E-3,3.31208E-3,3.06782E-3,4.87042E-3,3.82560E-3,2.73203E-3,3.12853E-3,3.57436E-3,3.82874E-3,2.93950E-3,3.55005E-3,3.10663E-3,1.59664E-3,1.59964E-3,1.92821E-3,3.59477E-3,4.42651E-3,2.08466E-3,3.66636E-3,2.67781E-3,2.65526E-3,2.29571E-3,4.54826E-3,3.59278E-3,4.10179E-3,5.65205E-3,2.45814E-3,4.24540E-3,3.73826E-3,3.44464E-3,5.63991E-3,5.51503E-3,2.86444E-3,3.68555E-3,4.36884E-3,4.35741E-3,5.48993E-3,5.61006E-3
1.60315E+3,NaN,-1.46379E-3,-1.06650E-3,1.99898E-3,1.05713E-3,-1.01831E-3,2.26256E-4,1.00079E-3,-2.14535E-4,9.05755E-4,5.24996E-4,-1.61063E-4,5.74725E-4,-1.50875E-3,7.02822E-4,1.33016E-3,-7.17043E-4,1.33640E-3,5.40333E-4,-2.58620E-4,-1.86716E-3,7.08857E-4,9.20857E-4,5.90632E-4,-1.95600E-3,1.69368E-3,1.96017E-3,-1.55522E-3,-7.46977E-4,-3.37700E-4,-1.32848E-3,1.28226E-3,2.20240E-4,7.14717E-4,-2.13444E-3,-2.04674E-3,8.47410E-4,-7.80931E-4,1.13600E-3,-3.16059E-4,-1.91725E-3,-7.39806E-5,2.82101E-4,2.15045E-3,4.77522E-4,-1.28216E-3,8.64170E-4,-1.16984E-4,-2.15869E-3,-9.05052E-5,-9.39105E-4,-5.75365E-4,-2.21086E-6,5.13806E-4,-8.63602E-4,-3.79616E-4,4.91052E-4,2.37869E-3,-1.65593E-2,2.18388E-2,2.29224E-1,3.66541E-1,-3.67860E-1,-6.82213E-1,-6.58997E-1,-3.38366E-1,5.71092E-2,3.40587E-3,8.18705E-3,2.05289E-2,1.57048E-2,2.19849E-2,1.71453E-2,1.69001E-2,1.72190E-2,1.66977E-2,1.44215E-2,1.59653E-2,1.70690E-2,1.50564E-2,1.35098E-2,1.53462E-2,1.32718E-2,1.04294E-2,9.80344E-3,9.58107E-3,1.05973E-2,8.41024E-3,7.76135E-3,6.18362E-3,1.15386E-2,6.59468E-3,4.41938E-3,6.78715E-3,5.92266E-3,7.54648E-3,4.89444E-3,1.45573E-3,4.34523E-3,2.92452E-3,3.04497E-3,3.85158E-3,3.86507E-3,3.12057E-3,2.72442E-3,2.69937E-3,2.78084E-3,3.02607E-3,2.17452E-3,3.17253E-3,2.44516E-3,-9.08706E-5,1.35174E-3,2.34123E-3,2.89449E-3,3.97830E-3,2.49253E-3,3.10139E-3,2.17860E-3,2.49024E-3,2.25905E-3,4.04740E-3,2.20412E-3,3.48632E-3,4.72836E-3,3.37923E-3,4.08871E-3,2.94041E-3,4.02183E-3,5.52009E-3,7.10582E-3,4.25865E-3,3.05764E-3,4.39211E-3,5.01251E-3,3.63842E-3,3.51857E-3
1.60668E+3,NaN,-8.88719E-4,-9.88555E-4,1.20206E-3,6.37327E-4,-1.44426E-3,4.15094E-4,9.15926E-5,-2.86315E-4,-2.18271E-3,1.17589E-4,1.44249E-3,9.17198E-4,-5.67595E-5,1.68028E-3,8.65284E-4,1.00193E-3,6.67124E-4,2.41175E-3,1.80574E-3,1.58500E-3,-1.40093E-3,1.80460E-3,-3.44104E-4,-1.72647E-3,8.92766E-4,1.45274E-3,2.19791E-4,-2.13060E-5,1.24052E-3,1.48248E-3,1.06613E-3,5.56289E-4,2.31549E-3,-1.35375E-3,-3.09989E-3,1.95143E-3,-1.16117E-3,3.87302E-4,-1.03794E-3,1.17164E-3,-4.23626E-4,3.99517E-4,8.49595E-4,1.11475E-3,2.27077E-3,9.99472E-4,-3.78872E-4,-8.81778E-4,-6.53446E-4,4.03940E-4,3.02913E-4,1.69735E-4,3.59205E-3,-5.99150E-5,-6.51689E-4,2.25710E-3,6.09211E-4,-1.06992E-2,3.30826E-2,2.38013E-1,2.93824E-1,-3.67460E-1,-6.61845E-1,-6.27394E-1,-3.13249E-1,5.39990E-2,1.24451E-2,8.82301E-3,2.31353E-2,2.13744E-2,2.49254E-2,2.08142E-2,1.78899E-2,1.84840E-2,1.98186E-2,1.91647E-2,1.92371E-2,1.81378E-2,1.62279E-2,1.59130E-2,1.64436E-2,1.37433E-2,1.24877E-2,1.35420E-2,1.25810E-2,1.08973E-2,1.03809E-2,1.08954E-2,8.67245E-3,1.14291E-2,9.14640E-3,6.85057E-3,8.32156E-3,7.83125E-3,7.00011E-3,8.56836E-3,5.88258E-3,5.43566E-3,6.07754E-3,3.11571E-3,5.40255E-3,8.17266E-3,5.15023E-3,2.08832E-3,3.75150E-3,5.84696E-3,4.26239E-3,2.68410E-3,2.62074E-3,4.77514E-3,4.31207E-3,2.67993E-3,6.13397E-3,4.72683E-3,5.43144E-3,4.85512E-3,4.31488E-3,5.91312E-3,3.63733E-3,1.51687E-3,4.39872E-3,3.61998E-3,8.21190E-3,4.82440E-3,3.73269E-3,4.62367E-3,3.23386E-3,5.65882E-3,8.84477E-3,7.46318E-3,8.27234E-3,6.70046E-3,6.37637E-3,5.03770E-3,6.97702E-3,8.23435E-3
1.61021E+3,NaN,-4.21446E-4,-7.61486E-4,3.38689E-4,5.41552E-4,-2.01665E-3,1.27504E-3,1.76065E-3,1.07049E-3,-5.46929E-4,9.77155E-5,6.76022E-4,1.04354E-3,1.14381E-3,1.77441E-3,9.11730E-5,9.04752E-4,2.37872E-3,8.21388E-4,1.48292E-3,9.43105E-5,1.47165E-3,4.22272E-3,2.33704E-3,-4.27297E-4,8.41892E-4,-1.88899E-3,-1.70377E-3,-4.71420E-5,1.72382E-3,3.19985E-3,1.49670E-3,-1.38911E-4,-1.00605E-3,-3.80123E-3,-1.35162E-3,6.26302E-4,-2.71666E-4,-1.53413E-4,-1.13108E-3,-8.37334E-4,-1.45481E-4,-3.25077E-4,1.77524E-3,1.09366E-3,7.87669E-4,1.89731E-3,2.79934E-3,8.17179E-4,2.32821E-5,-2.79684E-4,6.99424E-4,-4.12425E-4,3.47813E-3,1.38349E-3,1.26150E-3,1.90634E-3,-2.08642E-4,-8.16048E-3,4.47975E-2,2.48510E-1,2.27228E-1,-3.72489E-1,-6.53084E-1,-6.06707E-1,-2.80120E-1,5.22015E-2,1.90505E-2,8.49710E-3,2.44907E-2,2.23871E-2,2.39649E-2,2.06382E-2,2.17887E-2,1.93971E-2,1.93266E-2,1.90072E-2,1.86792E-2,1.77282E-2,1.83853E-2,1.71593E-2,1.70591E-2,1.82411E-2,1.55755E-2,1.44530E-2,1.31935E-2,1.11297E-2,1.03430E-2,1.15918E-2,8.99816E-3,1.09536E-2,9.97182E-3,7.89793E-3,9.80484E-3,1.15616E-2,1.10961E-2,9.60742E-3,4.65557E-3,4.56346E-3,7.55825E-3,3.93468E-3,7.31036E-3,5.68984E-3,5.97254E-3,2.88554E-3,3.96876E-3,3.67289E-3,4.87876E-3,4.03556E-3,6.09406E-3,3.27611E-3,2.12523E-3,2.12010E-3,3.57494E-3,5.68662E-3,6.00489E-3,6.33774E-3,5.49376E-3,5.01573E-3,4.10969E-3,6.05160E-3,8.48347E-3,6.73337E-3,7.22825E-3,5.62992E-3,5.03030E-3,4.81760E-3,5.85384E-3,6.53170E-3,5.79401E-3,6.93265E-3,7.29860E-3,7.15888E-3,6.28929E-3,6.33754E-3,8.20232E-3,6.32021E-3
1.61374E+3,NaN,5.56579E-4,2.16186E-3,9.16475E-4,-1.65665E-3,-1.64480E-3,-5.65329E-4,-1.11990E-3,-1.45264E-3,-3.43269E-3,-6.85310E-4,-2.46507E-4,-2.06021E-4,9.32600E-4,7.60397E-4,-3.04828E-4,-1.90312E-3,-2.13742E-3,-1.67951E-3,-6.51076E-4,-1.45544E-3,-3.74315E-4,1.92868E-3,5.64822E-4,-8.73905E-4,-9.04927E-4,-9.07223E-4,-2.25399E-3,-2.75078E-3,-1.25439E-3,-1.31457E-3,-1.41802E-3,-2.19623E-3,-3.09528E-3,-8.73556E-4,2.07278E-4,7.13672E-4,-6.64098E-4,-1.98404E-3,-3.53202E-3,-1.35121E-3,-4.27367E-4,3.94894E-4,2.99920E-4,-1.70033E-3,-8.93443E-4,-1.63515E-4,-8.21940E-4,-2.48255E-4,-5.40290E-4,-3.65373E-4,2.12262E-4,-3.36868E-4,1.98267E-3,-6.76941E-4,8.52528E-4,1.29105E-3,-2.61224E-3,-1.17534E-2,5.51862E-2,2.69158E-1,1.69482E-1,-3.79738E-1,-6.43151E-1,-5.80337E-1,-2.37192E-1,5.18929E-2,2.25176E-2,7.10120E-3,2.28354E-2,2.41637E-2,2.27965E-2,1.85154E-2,1.86956E-2,1.76281E-2,1.89856E-2,1.88924E-2,1.89539E-2,1.82795E-2,1.67645E-2,1.70456E-2,1.74529E-2,1.69398E-2,1.49854E-2,1.40796E-2,1.35928E-2,1.25357E-2,1.04244E-2,9.87458E-3,8.84330E-3,9.95319E-3,7.67803E-3,8.39274E-3,6.67387E-3,6.25258E-3,5.82371E-3,7.94216E-3,4.41993E-3,3.80133E-3,5.43611E-3,4.43417E-3,5.27114E-3,6.01340E-3,6.65502E-3,3.72514E-3,3.51201E-3,2.16908E-3,3.63066E-3,2.67928E-3,1.77299E-3,-2.46527E-4,1.37018E-3,3.86315E-3,3.63744E-3,3.29031E-3,4.55067E-3,5.34296E-3,5.30372E-3,5.53533E-3,3.79036E-3,3.89085E-3,5.15074E-3,4.01879E-3,6.12638E-3,6.22532E-3,4.53263E-3,2.64131E-3,2.94730E-3,2.36541E-3,7.63622E-3,5.82203E-3,6.60462E-3,5.21138E-3,6.89517E-3,5.22855E-3,9.64237E-3,2.77632E-3
1.61727E+3,NaN,-6.83771E-4,1.30549E-3,3.17958E-3,-4.30806E-4,-6.03412E-4,-1.66754E-3,-1.93111E-3,-2.59081E-3,-2.11709E-3,-2.04574E-3,-5.63747E-4,-2.73683E-4,-6.28359E-4,3.86235E-4,-7.23750E-4,-1.19347E-3,-1.39051E-4,7.54645E-4,1.09169E-3,2.89517E-4,1.17710E-3,8.01873E-4,-7.21189E-5,7.14429E-4,-1.91785E-4,-1.50946E-3,-1.06702E-3,-9.67808E-4,-7.41628E-4,4.11583E-4,4.54744E-4,-7.72131E-4,-3.16477E-3,-3.32327E-3,-7.76846E-4,-8.68537E-4,-1.23447E-3,-4.32635E-4,-1.25312E-3,-3.68623E-3,-3.51256E-3,-9.51076E-4,-8.48799E-4,-8.41143E-4,-2.11290E-4,5.48276E-4,5.25133E-4,-7.85438E-4,-1.14432E-3,-1.79216E-3,-3.16367E-3,-7.96127E-4,2.78574E-3,1.29733E-3,-3.59994E-5,1.71647E-3,4.21973E-4,-1.32773E-2,5.80298E-2,2.72279E-1,1.13503E-1,-3.81992E-1,-6.37614E-1,-5.57989E-1,-1.89491E-1,5.08499E-2,2.21233E-2,6.72491E-3,1.92958E-2,2.26158E-2,2.19330E-2,1.89981E-2,1.87441E-2,1.79524E-2,1.67894E-2,1.62662E-2,1.62703E-2,1.51156E-2,1.55582E-2,1.71539E-2,1.53121E-2,1.27922E-2,1.18066E-2,1.15856E-2,1.10527E-2,9.67018E-3,9.66016E-3,8.18412E-3,7.38312E-3,8.21809E-3,6.81728E-3,6.57480E-3,8.61072E-3,8.75120E-3,7.84946E-3,4.92376E-3,1.75459E-3,4.31573E-3,5.92106E-3,4.97328E-3,5.50820E-3,6.69677E-3,4.45098E-3,9.43043E-4,4.85678E-3,5.96830E-3,1.27940E-3,3.12000E-3,2.99223E-3,3.71025E-3,2.71739E-3,2.21311E-3,4.61471E-3,2.32072E-3,3.48253E-3,3.71318E-3,1.82699E-3,4.22577E-3,2.67386E-3,4.10955E-3,4.48265E-3,3.38498E-3,8.54278E-3,6.93527E-3,1.80222E-3,3.31941E-3,5.66717E-3,3.86983E-3,5.05625E-3,6.85954E-3,8.25474E-3,6.78272E-3,7.82750E-3,8.04362E-3,6.06668E-3,4.69549E-3
1.62080E+3,NaN,-2.21093E-3,-1.14219E-3,4.52301E-3,1.44000E-3,-6.36731E-4,-1.23190E-3,-2.97785E-4,-5.81124E-4,1.82389E-4,-3.80582E-4,4.52225E-4,1.83914E-3,1.63530E-4,-1.31804E-3,9.83325E-5,9.84362E-4,1.43490E-3,4.97661E-4,1.37662E-3,1.30500E-3,2.59738E-3,1.45777E-3,-1.63484E-3,-1.49022E-3,3.63860E-4,2.42944E-4,-2.11001E-3,-2.35097E-3,1.21662E-3,-1.98031E-5,-1.00297E-3,-9.97069E-4,-1.93432E-3,-2.98981E-3,-1.00278E-3,-1.28944E-3,-3.24497E-5,-1.58616E-3,-1.47831E-3,-1.84267E-3,-1.31503E-3,-5.39057E-4,-3.97350E-4,6.14231E-4,2.57304E-3,3.12565E-3,3.62719E-3,1.86382E-3,-6.41004E-4,-1.07896E-3,-2.37657E-3,1.01042E-3,2.93796E-3,9.44779E-4,-8.10664E-4,1.47853E-4,2.05457E-3,-2.01727E-2,6.22544E-2,3.08612E-1,7.56638E-2,-3.99118E-1,-6.30384E-1,-5.36394E-1,-1.33939E-1,6.69904E-2,2.71053E-2,1.05929E-2,1.98631E-2,2.54298E-2,2.26958E-2,1.90150E-2,1.92122E-2,1.96705E-2,2.08038E-2,1.97070E-2,1.86092E-2,1.73597E-2,1.63642E-2,1.65959E-2,1.46652E-2,1.24958E-2,1.23385E-2,1.30972E-2,1.55204E-2,1.26813E-2,1.19476E-2,9.12997E-3,1.13779E-2,1.02098E-2,8.27334E-3,8.50468E-3,8.25466E-3,7.79171E-3,7.05478E-3,8.22968E-3,3.44321E-3,5.69156E-3,4.90387E-3,2.29283E-3,6.31158E-3,5.72149E-3,5.30342E-3,5.07886E-3,5.18580E-3,6.57408E-3,6.34752E-3,2.74227E-3,4.85251E-3,4.17818E-3,2.75556E-3,3.00207E-3,4.67696E-3,3.27393E-3,3.57104E-3,5.97755E-3,4.11630E-3,5.45420E-3,5.50615E-3,7.47044E-3,6.62771E-3,2.45594E-3,1.12198E-2,2.67692E-3,3.06610E-3,3.25383E-3,6.58784E-3,5.43663E-3,5.97085E-3,1.12975E-2,8.36664E-3,7.99007E-3,5.57523E-3,8.21960E-3,1.00304E-2,8.07770E-3
1.62434E+3,NaN,3.09875E-3,-1.08228E-1,-5.83610E-2,2.87445E-1,-4.97195E-2,-2.30783E-2,-1.33522E-2,-7.13684E-2,-6.72517E-2,-5.30905E-2,-5.50222E-2,-9.53597E-2,-2.91907E-2,-1.20238E-1,-7.88278E-2,-1.11229E-1,-1.69039E-1,-1.40525E-1,-3.90245E-2,-1.34631E-2,-9.92988E-4,-2.74743E-2,-2.71410E-2,3.01934E-3,-1.01220E-2,-4.27344E-2,-3.64659E-2,-5.42207E-2,-8.73992E-2,2.31298E-2,-5.57055E-2,-3.28022E-2,-5.07576E-2,1.84923E-2,5.75260E-2,-1.08370E-2,3.47953E-2,-5.74440E-2,-2.99449E-2,-9.92782E-3,-7.26568E-4,-3.67627E-2,-3.42326E-2,-2.91808E-2,-7.30357E-2,9.77731E-4,-9.66614E-2,-1.78420E-2,-7.72936E-2,5.66207E-2,6.52704E-2,-1.53616E-2,-2.36326E-2,-2.76881E-3,-5.46055E-2,3.71437E-2,-6.66065E-3,8.23910E-2,1.51049E-3,-3.88771E-2,2.94910E-3,-4.05401E-2,-4.67664E-2,2.12016E-2,-9.74487E-2,-7.60725E-2,2.68877E-2,2.81840E-2,5.68662E-2,5.88493E-2,-2.03842E-2,-8.72580E-2,-1.28464E-2,-3.25408E-2,-6.40404E-2,3.51314E-2,-5.90466E-3,-6.31381E-2,-1.09379E-1,9.35093E-2,5.12549E-2,6.91975E-3,4.48863E-2,6.34302E-2,2.23793E-2,5.83391E-2,1.23218E-2,-5.58671E-2,3.21032E-2,7.93148E-2,1.05661E-1,5.52692E-2,5.53009E-3,1.82932E-1,9.24437E-2,-1.93584E-2,-1.07148E-1,6.76700E-2,5.77489E-2,1.17092E-2,-3.40809E-2,5.80576E-2,-3.69484E-2,-9.57532E-2,4.41361E-2,2.42732E-2,-5.21798E-2,8.47764E-2,4.95836E-2,2.35218E-2,3.26271E-2,-3.93208E-2,-1.12140E-2,5.54758E-2,-4.44162E-2,5.41373E-2,7.32438E-2,-1.00844E-2,-3.95244E-2,1.88242E-1,9.67507E-2,-2.24254E-2,8.06187E-3,8.10528E-2,-1.49474E-1,5.67713E-2,-6.65374E-2,4.70544E-2,5.53712E-2,8.64915E-2,-2.86897E-2,-9.21024E-3,-1.35435E-1,-7.08639E-2,-5.31785E-2,7.77274E-2
1.62787E+3,NaN,1.11193E-1,-4.28216E-3,1.20368E-3,-9.37627E-2,1.26050E-2,3.50845E-2,1.01029E-1,9.54291E-2,1.17279E-1,2.50196E-1,1.75834E-1,8.08575E-2,2.93005E-1,1.72586E-1,2.56696E-1,2.53776E-1,3.71058E-2,1.87262E-1,6.76125E-2,1.11027E-2,1.05276E-1,2.03793E-1,1.63538E-1,2.59827E-1,1.53003E-1,5.57676E-2,6.59046E-3,1.25634E-1,1.18966E-1,9.56684E-2,9.33347E-2,4.10856E-2,5.46754E-2,-4.65420E-2,8.54635E-3,2.42603E-1,-2.20652E-2,6.98420E-2,1.31732E-1,4.88977E-2,7.74970E-2,-1.00439E-3,6.19600E-2,2.20346E-2,6.28714E-2,8.37826E-2,1.61959E-1,6.29987E-3,6.34706E-3,-5.06409E-2,-2.99285E-2,5.83207E-2,3.02975E-2,2.77787E-2,2.07993E-2,-1.07809E-2,-1.27865E-1,-3.02479E-2,3.81270E-2,1.35452E-2,8.11369E-2,8.54316E-2,8.58481E-2,-1.28139E-1,-3.92144E-2,1.82327E-1,-2.30699E-2,2.53406E-2,7.68741E-2,1.31447E-1,2.13812E-1,9.60753E-2,1.86416E-1,9.89768E-2,9.24762E-2,1.32453E-1,1.33966E-1,1.75660E-2,8.97340E-2,-1.73807E-1,-1.01727E-1,-4.75341E-3,-1.58605E-1,-5.65553E-2,-5.94842E-2,3.37923E-2,3.80236E-2,3.29156E-2,3.84935E-2,-1.27780E-2,-2.16378E-1,-1.70008E-1,-5.05176E-2,-1.50308E-1,-1.33459E-1,-1.00207E-1,6.42248E-2,4.37366E-2,-2.12069E-2,-1.62455E-2,1.68895E-1,3.14034E-2,2.53845E-2,1.34113E-1,-6.41511E-2,-9.25264E-2,1.68722E-4,4.35529E-2,-1.40152E-1,-9.38921E-2,5.40776E-2,5.74742E-2,-1.10172E-1,-1.29620E-1,-1.02467E-1,8.06291E-4,-6.96174E-2,6.54647E-2,-2.04387E-2,-1.33835E-1,-3.27198E-2,-8.02443E-2,-1.10935E-1,2.47956E-2,-5.56586E-3,1.35548E-2,-9.12883E-2,-1.45664E-1,-2.03758E-1,3.67031E-2,-1.18499E-3,5.80393E-3,2.40577E-1,-1.57890E-2,8.97496E-3,-7.45830E-3
1.63140E+3,5.64924E-2,4.84599E-2,6.11884E-2,-5.23488E-2,-2.13467E-1,5.09653E-2,4.87098E-2,-3.39147E-2,-7.75214E-2,1.22152E-1,2.25015E-1,6.50078E-2,1.44607E-1,5.34298E-2,1.75523E-1,5.88681E-2,1.28151E-1,1.02318E-1,1.18357E-1,1.04089E-1,6.81300E-2,1.09313E-1,1.00258E-1,1.32560E-1,3.00178E-1,1.13351E-1,1.22310E-1,4.34467E-2,-1.73236E-2,1.18856E-2,9.02791E-2,1.11888E-1,8.44571E-2,1.65665E-1,-2.36215E-2,8.57552E-2,2.48582E-1,4.77429E-2,1.21692E-1,1.03020E-1,4.83467E-2,6.05271E-3,-1.40257E-1,1.73289E-1,6.20612E-2,6.20870E-2,1.59201E-1,1.16283E-1,1.49402E-1,-5.47762E-2,-5.99655E-2,6.84774E-2,2.96026E-2,9.92398E-2,1.11157E-1,1.50249E-1,-2.09276E-2,-2.44585E-2,1.79921E-2,5.10083E-2,3.07065E-2,1.33736E-1,2.44130E-2,4.78638E-2,1.62136E-2,-6.60429E-3,1.41858E-1,8.33157E-2,-1.35387E-2,1.15289E-1,8.64724E-3,1.29162E-1,3.00313E-2,1.94238E-1,1.37374E-1,2.50523E-1,1.26711E-1,2.18050E-2,6.82300E-2,9.90134E-2,-1.79276E-1,-7.31820E-2,-2.22572E-4,-1.52904E-1,-1.58118E-1,-7.73464E-2,-8.29918E-2,-5.85752E-2,8.45447E-2,-4.56587E-2,-9.14809E-2,-1.63117E-1,-1.29369E-1,-1.21117E-1,-8.86606E-2,-4.35250E-2,-8.68883E-2,4.68705E-2,9.17634E-2,1.75187E-2,-3.71241E-2,4.68838E-2,4.16078E-2,6.79417E-2,9.89715E-2,-2.86424E-2,-6.66632E-2,-1.55948E-1,3.23463E-2,-2.69336E-2,3.10590E-3,4.07780E-2,-3.13185E-2,-6.72370E-2,6.08629E-2,9.56834E-3,4.44821E-2,-3.09300E-2,5.06037E-2,1.52262E-1,3.61253E-2,-1.30078E-1,9.17337E-2,-6.68929E-2,-3.11558E-2,-2.30557E-3,6.58038E-2,-1.77508E-1,-3.37693E-2,-7.12941E-2,8.45334E-3,1.93681E-2,-3.74899E-2,-2.77951E-2,8.85020E-2,6.23219E-2,NaN
file info:Date: December 17, 2025
Sample: 
Solvent: 
Pump energy (uJ): 
Pump wavelength (nm): 
Cuvette length (mm): 2
Comments: Time Zero: 67.480 ps
Averaging time: 1.5 s
Number of scans: 3
Measurement time: 00:16:35
Dec 24, 2025 9:51 PM : Background subtracted. Spectra used: 7
Dec 24, 2025 9:51 PM : Chirp corrected
Dec 24, 2025 9:51 PM : Data saved.
Jan 9, 2026 5:59 PM : Data saved.
Time units: ps
Z axis title: dA